Agent,Prior,Target,Score,SMILES,SMILES_state,DASA,DASA (raw),Solubility,Solubility (raw),SA,SA (raw),step
5.4910,43.9155,75.7010,0.9345043,CN(C=CC=CC(O)=C1C(=O)NC(=O)C1=O)CCO,1,1.0000000,1.0000,0.8488452,0.8488,0.9158986,3.4444,1
9.8113,55.2823,53.2977,0.8482811,CCN1C(=O)C(=C(O)C=CC=C(C)N2CCN(C)CC2)C(=O)N(CC)C1=O,1,1.0000000,1.0000,0.5869781,0.5870,0.9495567,3.0879,1
7.8448,54.6422,46.9225,0.7934741,CC(=CC=CC(O)=C1C(=O)ON=C1C(F)(F)F)N(C)C,1,1.0000000,1.0000,0.5018807,0.5019,0.8655993,3.7866,1
6.7581,39.9453,77.0843,0.9142940,CN(C)C=CC=CC(O)=C1C(=O)NC(=S)NC1=O,1,1.0000000,1.0000,0.7778389,0.7778,0.9278829,3.3358,1
9.4085,27.3748,-27.3569,0.0001398,O=C1NC(=S)NC(=O)C1=C(O)c1ccccc1,1,0.0000000,0.0000,0.7059028,0.7059,0.9836344,2.3316,1
6.8082,42.8875,68.8233,0.8727403,O=C1NC(=O)C(=C(O)C=CC=CN2CCCCCC2)C(=O)N1,1,1.0000000,1.0000,0.6490593,0.6491,0.9483655,3.1039,1
24.3400,22.0846,-22.0666,0.0001399,CN(C)Cc1cccc(C=NO)n1,1,0.0000000,0.0000,0.7150693,0.7151,0.9723947,2.6797,1
20.7749,22.4592,-22.4431,0.0001257,O=CN(Cc1ccccc1)C1CCCC1,1,0.0000000,0.0000,0.4849186,0.4849,0.9861928,2.2192,1
33.5339,57.7086,-57.6972,0.0000897,C=C(C=CC=C(O)C=C1C(=O)C(=C(C)N(C)C)C=CC1(C)C)C1C(=O)OC(C)(C)OC1=O,1,0.0000000,0.0000,0.1837875,0.1838,0.7670751,4.2236,1
8.3150,44.4504,71.9727,0.9095554,CC(=CC=CC(O)=C1C(=O)NC(=O)NC1=O)N(C)C,1,1.0000000,1.0000,0.7621180,0.7621,0.9303701,3.3112,1
18.8576,47.2054,63.7454,0.8668038,CCN1C(=O)NC(=O)C1=C(O)C=C(C)C=CN1CCOCC1,1,1.0000000,1.0000,0.6542471,0.6542,0.9128033,3.4702,1
7.5071,39.7910,78.0780,0.9208511,CN1CCN(C=CC=CC(O)=C2C(=O)NC(=O)NC2=O)CC1,1,1.0000000,1.0000,0.7876139,0.7876,0.9419320,3.1849,1
8.1464,42.2362,66.1061,0.8464239,CCN(CC)C(C)=CC=CC(O)=C1C(=O)N(C)C(=O)N(C)C1=O,1,1.0000000,1.0000,0.5885762,0.5886,0.9377908,3.2326,1
13.0622,47.2042,65.2007,0.8781632,CC(C=CN1CCOCC1)=CC(O)=C1C(=O)N(C)C(=O)N(C)C1=O,1,1.0000000,1.0000,0.6747556,0.6748,0.9290526,3.3243,1
23.0308,19.2143,-19.1996,0.0001145,CN(C)CCCCN=c1cc[nH]c2cc(Cl)ccc12,1,0.0000000,0.0000,0.3547737,0.3548,0.9699330,2.7370,1
6.9713,52.9671,56.3070,0.8537042,CC(=CC=CC(O)=C1C(=O)ON=C1C)N1CCOCC1,1,1.0000000,1.0000,0.6203996,0.6204,0.9126104,3.4718,1
11.1684,56.7175,52.2395,0.8512267,CC(C=CN(CCO)CCO)=CC(O)=C1C(=O)ON=C1C(F)(F)F,1,1.0000000,1.0000,0.6569766,0.6570,0.8416473,3.9117,1
10.1589,48.4933,41.4725,0.7028578,CC1(C)OC(=O)C(=C(O)C=CC=CN2CCCc3ccccc32)C(=O)O1,1,1.0000000,1.0000,0.3063015,0.3063,0.9407288,3.1991,1
8.5925,47.6516,55.7876,0.8081190,CCCCN(C=CC=CC(O)=C1C(=O)NC(=S)NC1=O)CCCC,1,1.0000000,1.0000,0.5026340,0.5026,0.9330266,3.2840,1
9.9183,57.3199,59.1203,0.9096886,CC(C=CN1CCN(C)CC1)=CC(O)=C1C(=O)NNC1=O,1,1.0000000,1.0000,0.7834402,0.7834,0.9006218,3.5641,1
9.3526,47.5245,60.3688,0.8429169,CC(=CC=CC(O)=C1C(=O)ON=C1C)N(C)C,1,1.0000000,1.0000,0.6197402,0.6197,0.8662524,3.7830,1
35.8916,42.7918,-42.7866,0.0000403,C=C1C(=C)C(O)CC(O)CC1=CC=C1CCCC2(C)C1=CC=C2C(C)C=CC(C)(O)C1CCCC1,1,0.0000000,0.0000,0.0209406,0.0209,0.3601868,5.3743,1
6.6682,50.3672,53.7105,0.8131064,CC(=CC=CC(O)=C1C(=O)ON=C1C)N1CCCC1,1,1.0000000,1.0000,0.5218126,0.5218,0.9153804,3.4488,1
20.7551,53.8632,-53.8488,0.0001126,CC(C=CC=C(C)N1CCc2ccccc21)=CC(O)=C1C(=O)NC(=S)NC1=O,1,0.0000000,0.0000,0.3471764,0.3472,0.9287006,3.3278,1
7.5595,40.7101,73.2772,0.8905262,O=C1NC(=O)C(=C(O)C=CC=CN2CCCCC2)C(=O)N1,1,1.0000000,1.0000,0.6986422,0.6986,0.9449534,3.1480,1
10.5717,48.4309,50.3556,0.7717699,CN1C(=O)C(=C(O)C=CC=CN2CCCc3ccccc32)C(=O)N(C)C1=O,1,1.0000000,1.0000,0.4216018,0.4216,0.9496551,3.0866,1
6.5544,38.0237,65.6382,0.8098583,CC1(C)OC(=O)C(=C(O)C=CC=CN2CCCCC2)C(=O)O1,1,1.0000000,1.0000,0.5067663,0.5068,0.9322851,3.2917,1
24.8504,52.1481,-52.1393,0.0000691,CC(C)=CCCC(C)=CC=CC(O)=CC=CC=CC(O)=C1C(=O)ON=C1C,1,0.0000000,0.0000,0.0675832,0.0676,0.8499285,3.8704,1
18.5960,20.9847,-20.9690,0.0001220,CC(=O)N1N=C(C)OC1c1ccc(Cl)cc1,1,0.0000000,0.0000,0.4506519,0.4507,0.9521700,3.0515,1
18.7990,35.7389,-35.7223,0.0001293,CC(C=CN(C)C)=CC1CCN(C)C(=O)O1,1,0.0000000,0.0000,0.6144988,0.6145,0.8370953,3.9337,1
6.9472,44.1250,67.0688,0.8687013,CC(C=CN(C)C)=CC(O)=C1C(=O)N(C)C(=S)N(C)C1=O,1,1.0000000,1.0000,0.6541581,0.6542,0.9213758,3.3967,1
7.9331,43.4855,75.7429,0.9314712,O=C1NC(=S)NC(=O)C1=C(O)C=CC=CN(CCO)CCO,1,1.0000000,1.0000,0.8468843,0.8469,0.9059886,3.5241,1
9.4296,36.6500,74.0065,0.8645040,O=C1C(=C(O)C=CC=CN(CCO)CCO)C(=O)c2ccccc21,1,1.0000000,1.0000,0.6271539,0.6272,0.9496695,3.0864,1
10.5778,56.0936,3.9241,0.4688880,CCCCCCCCN(C=CC=CC(O)=C1C(=O)NC(=S)NC1=O)CCCCCCCC,1,1.0000000,1.0000,0.0740022,0.0740,0.9449247,3.1483,1
9.9369,38.4861,72.7052,0.8686817,CC1=NOC(=O)C1=C(O)C=CC=CN(C)C,1,1.0000000,1.0000,0.6787779,0.6788,0.8813362,3.6938,1
13.1044,59.5321,52.3629,0.8741798,CC(C=CN(CCO)CCCO)=CC(O)=C1C(=O)OC(C)(C)OC1=O,1,1.0000000,1.0000,0.6861100,0.6861,0.8934097,3.6150,1
11.8332,47.8070,55.5538,0.8075060,CC(C=CN1CCc2ccccc21)=CC(O)=C1C(=O)NC(=S)NC1=O,1,1.0000000,1.0000,0.5015436,0.5015,0.9324850,3.2896,1
9.6668,47.2431,38.8887,0.6729048,CCN(C=CC=CC(O)=C1C(=O)N(c2ccccc2)N=C1C)CC,1,1.0000000,1.0000,0.2594618,0.2595,0.9561305,2.9925,1
11.7666,46.9867,-46.9867,0.0000000,CC(C=CN1CCOCC1)=CC(O)=C1C(=O)N(C)C(=O)N(C)C1=O,2,0.0000000,1.0000,0.0000000,0.6748,0.0000000,3.3243,1
24.2074,40.6322,-40.6322,0.0000000,C1(=C2C(=O)SC(=C(C(O)=O)C)=C2)C(=O)NC(=S)NC1=O,0,0.0000000,0.0000,0.0000000,0.0000,0.0000000,0.0000,1
15.0993,38.6277,-38.6113,0.0001283,COC(C=CC=CN1CCCC1)=C1C(=O)OC(C)(C)OC1=O,1,0.0000000,0.0000,0.5586755,0.5587,0.9077854,3.5102,1
10.0753,58.7610,37.4540,0.7516797,CN1C(=O)C(=C(O)C=CC=CN2CCCc3ccccc32)C(=O)N(C)C1=S,1,1.0000000,1.0000,0.3869531,0.3870,0.9422106,3.1815,1
8.1185,50.5248,43.4813,0.7344229,CC(C=CN1CCCCCC1)=CC(O)=C1C(=O)OC(C)(C)OC1=O,1,1.0000000,1.0000,0.3616997,0.3617,0.9267364,3.3469,1
13.7818,52.9558,42.5474,0.7461190,CC1=NOC(=O)C1=C(O)C=CC=CN1CCc2ccccc21,1,1.0000000,1.0000,0.3833305,0.3833,0.9236467,3.3760,1
10.6257,50.5922,60.8856,0.8709204,CC1=NOC(=O)C1=C(O)C=CC=CN1CCOCC1,1,1.0000000,1.0000,0.6757472,0.6757,0.8957122,3.5991,1
11.8817,48.3163,28.2753,0.5983718,CC(=CC=CC(O)=C1C(=O)N(c2ccccc2)N=C1C)N1CCCCC1,1,1.0000000,1.0000,0.1706496,0.1706,0.9655001,2.8296,1
10.4523,53.9828,48.6144,0.8015409,CC(C=CN1CCN(C)CC1)=CC(O)=C1C(=O)ON=C1C(F)(F)F,1,1.0000000,1.0000,0.5113409,0.5113,0.8831518,3.6824,1
7.3524,40.0666,72.8780,0.8823795,CC(C=CN(C)C)=CC(O)=C1C(=O)N(C)C(=O)N(C)C1=O,1,1.0000000,1.0000,0.6826161,0.6826,0.9348478,3.2648,1
9.4344,48.4757,61.9307,0.8625495,O=C1NNC(=O)C1=C(O)C=CC=CN1CCc2ccccc21,1,1.0000000,1.0000,0.6331446,0.6331,0.9300140,3.3148,1
7.7708,39.7738,78.0715,0.9206666,O=C1NC(=O)C(=C(O)C=CC=CN2CCOCC2)C(=O)N1,1,1.0000000,1.0000,0.7897469,0.7897,0.9380899,3.2293,1
6.7723,48.0896,63.6428,0.8729093,O=C1ON=C(C(F)(F)F)C1=C(O)C=CC=CN(CCO)CCO,1,1.0000000,1.0000,0.7054237,0.7054,0.8588756,3.8235,1
7.9042,38.0383,77.1831,0.9001672,CCN(C=CC=CC(O)=C1C(=O)NC(=O)NC1=O)CC,1,1.0000000,1.0000,0.7344686,0.7345,0.9310852,3.3040,1
7.3246,48.6393,68.0268,0.9114537,CN1CCN(C=CC=CC(O)=C2C(=O)NC(=S)NC2=O)CC1,1,1.0000000,1.0000,0.7660862,0.7661,0.9327222,3.2872,1
11.5173,49.8546,34.3658,0.6579721,CC(=CC=CC(O)=C1C(=O)ON=C1C)N1CCCc2ccccc21,1,1.0000000,1.0000,0.2449837,0.2450,0.9321953,3.2926,1
6.0061,40.5754,-40.5754,0.0000000,CCN(C=CC=CC(O)=C1C(=O)NC(=O)NC1=O)CC,2,0.0000000,1.0000,0.0000000,0.7345,0.0000000,3.3040,1
6.5798,47.8379,60.5259,0.8465921,CN1C(=O)C(=C(O)C=CC=CN2CCSCC2)C(=O)N(C)C1=S,1,1.0000000,1.0000,0.6112597,0.6113,0.8969345,3.5905,1
5.9757,47.8442,62.1367,0.8592255,O=C1NC(=S)NC(=O)C1=C(O)C=CC=CN1CCCCCC1,1,1.0000000,1.0000,0.6189719,0.6190,0.9402537,3.2046,1
20.9527,23.2584,-23.2402,0.0001420,COC(C)=CCN(C)C,1,0.0000000,0.0000,0.7654631,0.7655,0.9532519,3.0358,1
8.2910,42.9482,40.9352,0.6553394,CC(C=CN1CCCc2ccccc21)=CC(O)=C1C(=O)OC(C)(C)OC1=O,1,1.0000000,1.0000,0.2418533,0.2419,0.9308847,3.3060,1
6.7505,40.7702,67.2171,0.8436509,CC(C=CN(C)C)=CC(O)=C1C(=O)ON=C1C,1,1.0000000,1.0000,0.6197402,0.6197,0.8694247,3.7649,1
19.2386,38.5598,-38.5465,0.0001041,CC(=CC=CC1=C(Br)C(=C(C)C)C(=O)O1)N(C)C,1,0.0000000,0.0000,0.2840965,0.2841,0.8503569,3.8682,1
14.4287,51.0849,44.1228,0.7438101,CN(C=CC=CC(O)=C1C(=O)N(c2ccccc2)N=C1C(F)(F)F)CCO,1,1.0000000,1.0000,0.3733200,0.3733,0.9411163,3.1945,1
9.0218,41.1323,79.1264,0.9395211,O=C1NC(=O)C(=C(O)C=CC=CN(CCO)CCO)C(=O)N1,1,1.0000000,1.0000,0.8626767,0.8627,0.9187340,3.4201,1
10.6266,39.3899,73.0476,0.8784179,CC(C=CN1CCN(C)CC1)=CC(O)=C1C(=O)N(C)C(=O)N(C)C1=O,1,1.0000000,1.0000,0.6732225,0.6732,0.9327272,3.2871,1
9.0233,54.6101,46.9546,0.7934741,CC(=CC=CC(O)=C1C(=O)ON=C1C(F)(F)F)N(C)C,1,1.0000000,1.0000,0.5018807,0.5019,0.8655993,3.7866,2
17.7086,46.4177,-46.4026,0.0001182,CC(C=CC=Nc1ccccc1)=CC=CC(O)=C1C(=O)NC(=O)NC1=O,1,0.0000000,0.0000,0.4053255,0.4053,0.9438587,3.1616,2
9.3604,52.2513,64.8443,0.9148093,CCN1C(=O)C(=C(O)C=CC=CN(CCO)CCO)C(=O)N(C)C1=O,1,1.0000000,1.0000,0.7836126,0.7836,0.9218638,3.3923,2
10.8759,42.5326,75.4337,0.9216119,CC(=CC=CC(O)=C1C(=O)NC(=O)NC1=O)N(C)CCO,1,1.0000000,1.0000,0.8022847,0.8023,0.9245015,3.3680,2
9.1922,43.0048,71.9694,0.8982353,CC(=CC=CC(O)=C1C(=O)NC(=S)NC1=O)N(C)C,1,1.0000000,1.0000,0.7383605,0.7384,0.9168882,3.4360,2
12.7588,51.4252,58.3210,0.8573919,CC(=CC=CC(O)=C1C(=O)NC(=O)NC1=O)N(C)CCCN=[N+]=[N-],1,1.0000000,1.0000,0.6425996,0.6426,0.8908915,3.6321,2
21.0490,43.6275,-43.6093,0.0001422,CN1C(=O)C(=C(O)C=CN(O)CCN2CCOCC2)C(=O)N(C)C1=O,1,0.0000000,0.0000,0.7776843,0.7777,0.9392158,3.2165,2
18.4435,25.4003,-25.3828,0.0001368,CCN(C(N)=NC)c1ccccc1,1,0.0000000,0.0000,0.6533225,0.6533,0.9839616,2.3183,2
11.5597,49.0544,62.4975,0.8714995,CC(=CC=CC(O)=C1C(=O)OC(C)(C)OC1=O)N(C)CCO,1,1.0000000,1.0000,0.6697994,0.6698,0.9077958,3.5101,2
5.8107,35.0839,83.7935,0.9287299,CN(C)C=CC=CC(O)=C1C(=O)NC(=O)C1=O,1,1.0000000,1.0000,0.8166165,0.8166,0.9347893,3.2654,2
6.3288,42.1833,73.0381,0.9001672,CCN(C=CC=CC(O)=C1C(=O)NC(=O)NC1=O)CC,1,1.0000000,1.0000,0.7344686,0.7345,0.9310852,3.3040,2
8.0941,46.7344,61.1577,0.8429067,CC(C=CN(C)c1ccccc1)=CC(O)=C1C(=O)NNC1=O,1,1.0000000,1.0000,0.5854298,0.5854,0.9274794,3.3397,2
25.6058,54.7112,-54.6981,0.0001021,CC(=C=CC=C(C)N=c1ccc([N+](=O)[O-])c[nH]1)N(C)CCCN=[N+]=[N-],1,0.0000000,0.0000,0.2955781,0.2956,0.7469734,4.2948,2
11.2345,50.9012,52.5381,0.8081190,CCCCN(C=CC=CC(O)=C1C(=O)NC(=S)NC1=O)CCCC,1,1.0000000,1.0000,0.5026340,0.5026,0.9330266,3.2840,2
8.8493,48.8241,40.1208,0.6948826,O=C1C(=C(O)C=CC=CN2CCOCC2)C(C(F)(F)F)=NN1c1ccccc1,1,1.0000000,1.0000,0.2924515,0.2925,0.9479020,3.1101,2
13.6484,49.1271,56.2342,0.8231357,CCCCN(CCC)C(C)=CC=CC(O)=C1C(=O)NC(=O)NC1=O,1,1.0000000,1.0000,0.5321973,0.5322,0.9412239,3.1933,2
12.8526,48.6277,58.3227,0.8355503,O=C1NC(=S)NC(=O)C1=C(O)C=CC=CN1CCc2ccccc21,1,1.0000000,1.0000,0.5602230,0.5602,0.9424360,3.1788,2
27.1729,32.1278,-32.1146,0.0001033,CC(=O)N(C)c1cccc(COc2ccc(C=CC(O)=NO)cc2)c1,1,0.0000000,0.0000,0.2456686,0.2457,0.9792128,2.4904,2
6.6675,39.9453,77.0843,0.9142940,CN(C)C=CC=CC(O)=C1C(=O)NC(=S)NC1=O,1,1.0000000,1.0000,0.7778389,0.7778,0.9278829,3.3358,2
10.3090,53.0688,45.9400,0.7735057,CC(C=CN1CCCCC1)=CC(O)=C1C(=O)ON=C1C,1,1.0000000,1.0000,0.4468368,0.4468,0.8940629,3.6105,2
8.5641,40.9446,70.3278,0.8693149,CC1(C)OC(=O)C(=C(O)C=CC=CN2CCOCC2)C(=O)O1,1,1.0000000,1.0000,0.6540733,0.6541,0.9242561,3.3703,2
16.8253,53.2800,-53.2677,0.0000960,CCCCN(CCCC)C(O)=CC=CC=CC(O)=C1C(=O)OC(C)(C)OC1=O,1,0.0000000,0.0000,0.2011313,0.2011,0.9149544,3.4524,2
7.9528,47.4100,61.9192,0.8541349,CC(C=CN(C)CCCN=[N+]=[N-])=CC(O)=C1C(=O)NC(=O)NC1=O,1,1.0000000,1.0000,0.6425996,0.6426,0.8767640,3.7218,2
6.9524,54.6422,-54.6422,0.0000000,CC(=CC=CC(O)=C1C(=O)ON=C1C(F)(F)F)N(C)C,2,0.0000000,1.0000,0.0000000,0.5019,0.0000000,3.7866,2
7.7333,45.9759,62.7360,0.8493115,CC(C=CN1CCN(C)CC1)=CC(O)=C1C(=O)ON=C1C,1,1.0000000,1.0000,0.6215260,0.6215,0.8911079,3.6306,2
7.2341,45.3973,74.8614,0.9395211,O=C1NC(=O)C(=C(O)C=CC=CN(CCO)CCO)C(=O)N1,1,1.0000000,1.0000,0.8626767,0.8627,0.9187340,3.4201,2
9.1433,40.3903,66.1356,0.8322336,CCN(C=CC=CC(O)=C1C(=O)NC(=O)NC1=O)c1ccccc1,1,1.0000000,1.0000,0.5482845,0.5483,0.9510931,3.0667,2
18.1043,23.6159,-23.5978,0.0001414,CCN1CCCC2(C1)C(=O)N(C)C(=O)N(C)C2=O,1,0.0000000,0.0000,0.7598690,0.7599,0.9437653,3.1627,2
8.3004,43.6918,68.3312,0.8751795,CN1C(=O)C(=C(O)C=CC=CN2CCCC2)C(=O)N(C)C1=O,1,1.0000000,1.0000,0.6592816,0.6593,0.9417220,3.1874,2
8.1405,45.1711,63.0557,0.8455213,CC(C=CN1CCOCC1)=CC(O)=C1C(=O)OC(C)(C)OC1=O,1,1.0000000,1.0000,0.5997601,0.5998,0.9127462,3.4707,2
11.0613,37.8472,69.9469,0.8421410,CC(=CC=CC(O)=C1C(=O)c2ccccc2C1=O)N(CCO)CCO,1,1.0000000,1.0000,0.5707916,0.5708,0.9524519,3.0474,2
17.6488,20.7651,-20.7488,0.0001274,CC1=Nc2ccccc2CC1N(C)C,1,0.0000000,0.0000,0.5263864,0.5264,0.9463104,3.1308,2
35.2439,32.9372,-32.9185,0.0001466,COCCOCCN(CCCO)S(=O)(=O)NC(C)C,1,0.0000000,0.0000,0.8388958,0.8389,0.9745814,2.6245,2
9.0564,34.5961,42.9555,0.6058719,CN(C=CC=CC(O)=C1C(=O)c2ccccc2C1=O)c1ccccc1,1,1.0000000,1.0000,0.1775391,0.1775,0.9701673,2.7318,2
11.6004,53.3441,50.7082,0.8129087,CC(=CC=CC(O)=C1C(=O)NC(=S)NC1=O)N(C)c1ccccc1,1,1.0000000,1.0000,0.5068421,0.5068,0.9469526,3.1225,2
7.2194,45.6593,68.7893,0.8941298,O=C1NC(=S)NC(=O)C1=C(O)C=CC=CN1CCCC1,1,1.0000000,1.0000,0.7178530,0.7179,0.9303361,3.3116,2
8.3803,45.5459,60.2152,0.8262586,O=C1NC(=O)C(=C(O)C=CC=CN2CCCc3ccccc32)C(=O)N1,1,1.0000000,1.0000,0.5346638,0.5347,0.9510214,3.0677,2
6.3732,34.4185,77.0952,0.8712010,CN(C)C=CC=CC(O)=C1C(=O)OC(C)(C)OC1=O,1,1.0000000,1.0000,0.6589171,0.6589,0.9244858,3.3682,2
16.4261,55.1442,52.6576,0.8422012,CCN(C=CC=CC(O)=C1C(=O)N(CC)C(=O)N(C(C)=O)C1=O)CC,1,1.0000000,1.0000,0.5867312,0.5867,0.9217635,3.3932,2
8.3136,42.6486,73.2248,0.9052612,O=C1NC(=O)C(=C(O)C=CC=CN2CCCC2)C(=O)N1,1,1.0000000,1.0000,0.7427731,0.7428,0.9406392,3.2001,2
7.7130,41.9252,65.2745,0.8374980,CC(C=CN1CCSCC1)=CC(O)=C1C(=O)N(C)C(=O)N(C)C1=O,1,1.0000000,1.0000,0.5872793,0.5873,0.8993280,3.5735,2
8.4584,43.0472,69.6947,0.8807964,CCN(C=CC(C)=CC(O)=C1C(=O)NC(=O)NC1=O)CC,1,1.0000000,1.0000,0.6878928,0.6879,0.9192895,3.4152,2
7.0326,43.2557,60.4062,0.8098583,CC1(C)OC(=O)C(=C(O)C=CC=CN2CCCCC2)C(=O)O1,1,1.0000000,1.0000,0.5067663,0.5068,0.9322851,3.2917,2
17.1512,43.4087,-43.3940,0.0001143,CC1(C)OC(=O)C(=C(O)C=CC=CC=Nc2ccccc2O)C(=O)O1,1,0.0000000,0.0000,0.3661260,0.3661,0.9293957,3.3209,2
12.6906,51.9222,61.0955,0.8829504,CN(C=CC=CC(O)=C1C(=O)NC(=O)NC1=O)CC1CCCO1,1,1.0000000,1.0000,0.7262755,0.7263,0.8701833,3.7606,2
13.9481,22.0357,-22.0171,0.0001456,CCN1CCNC(=O)C1=S,1,0.0000000,0.0000,0.8392923,0.8393,0.9477441,3.1122,2
9.2161,44.9788,57.2944,0.7990097,CC(C=CN1CCCCCC1)=CC(O)=C1C(=O)N(C)C(=O)N(C)C1=O,1,1.0000000,1.0000,0.4802999,0.4803,0.9395149,3.2131,2
9.9039,46.3973,63.8718,0.8614774,CN1C(=O)C(=C(O)C=CC=CN2CCSCC2)C(=O)N(C)C1=O,1,1.0000000,1.0000,0.6408074,0.6408,0.9119086,3.4775,2
7.5093,43.1079,76.0921,0.9312501,CN(C=CC=CC(O)=C1C(=O)NC(=O)NC1=O)CCO,1,1.0000000,1.0000,0.8336890,0.8337,0.9223033,3.3883,2
14.9756,37.8834,-37.8654,0.0001408,CC1(C)OC(=O)C(=C(O)C=CC=CC(N)=O)C(=O)O1,1,0.0000000,0.0000,0.7572287,0.7572,0.9311762,3.3031,2
7.7945,44.4299,-44.4299,0.0000000,CC(C=CN1CCSCC1)=CC(O)=C1C(=O)N(C)C(=O)N(C)C1=O,2,0.0000000,1.0000,0.0000000,0.5873,0.0000000,3.5735,2
7.3611,37.5077,73.6379,0.8683248,CCN(C=CC=CC(O)=C1C(=O)N(C)C(=O)N(C)C1=O)CC,1,1.0000000,1.0000,0.6462340,0.6462,0.9332489,3.2817,2
10.5229,52.7381,7.2796,0.4688880,CCCCCCCCN(C=CC=CC(O)=C1C(=O)NC(=S)NC1=O)CCCCCCCC,1,1.0000000,1.0000,0.0740022,0.0740,0.9449247,3.1483,2
9.9901,57.8228,53.2976,0.8681280,CCN1C(=O)C(=C(O)C=CC=CN2CCOCC2)C(=O)N(CC)C1=O,1,1.0000000,1.0000,0.6409668,0.6410,0.9415624,3.1893,2
19.3715,23.9424,-23.9285,0.0001083,CCCN(CCC)C(=O)C1CCN(c2ccccc2)CC1,1,0.0000000,0.0000,0.2866222,0.2866,0.9915282,1.8975,2
25.9362,63.9387,33.8189,0.7637306,CCC(C)C(C)CN(O)C=CC=CC(O)=C1C(=O)N(C)C(=O)N(C)C1=O,1,1.0000000,1.0000,0.4805474,0.4805,0.7767217,4.1879,2
13.1364,19.4840,-19.4674,0.0001292,O=C1CCC(c2ccc(N=C=S)cc2)=NN1,1,0.0000000,0.0000,0.5444639,0.5445,0.9648621,2.8420,2
12.6082,52.1919,61.6728,0.8895681,CCN(C=CC=CC(O)=C1C(=O)N(C)C(=O)N(CCO)C1=O)CC,1,1.0000000,1.0000,0.7052976,0.7053,0.9300487,3.3144,2
11.1364,40.9532,77.1463,0.9226528,CN(C)C=CC=CC(O)=C1C(=O)NNC1=O,1,1.0000000,1.0000,0.8275314,0.8275,0.8949926,3.6041,2
24.8024,21.2174,-21.1994,0.0001410,CC(=O)c1ccc(N2CCN(CC(N)=O)CC2)cc1,1,0.0000000,0.0000,0.7211315,0.7211,0.9929847,1.7737,2
13.5545,36.1827,-36.1673,0.0001206,CC(=C=CC=CN(C)C)C=CN1CCCC1,1,0.0000000,0.0000,0.4712022,0.4712,0.8581405,3.8275,2
14.0638,58.5639,57.3111,0.9052739,CCN1C(=O)C(=C(O)C=CC=CN(CCO)CCO)C(=O)N(CC)C1=O,1,1.0000000,1.0000,0.7530387,0.7530,0.9253271,3.3603,2
14.0248,34.4895,66.3611,0.7878947,CN(C)C=CC=CC(O)=C1C(=O)N(C)c2ccccc21,1,1.0000000,1.0000,0.4476031,0.4476,0.9640392,2.8576,2
13.4075,28.5120,-28.4949,0.0001338,CC(=CC=CC(=O)O)N1CCCCC1,1,0.0000000,0.0000,0.6090365,0.6090,0.9749224,2.6155,2
8.7566,41.1841,70.6506,0.8737089,CC(=CC=CC(O)=C1C(=O)NC(=O)NC1=O)N1CCCCC1,1,1.0000000,1.0000,0.6490593,0.6491,0.9527942,3.0425,3
16.9783,65.3652,22.2648,0.6846097,CCN(C=CC(C)=CC(O)=C1C(=O)C(=N)N(N=C2CCCCC2)C1=O)CC,1,1.0000000,1.0000,0.3030718,0.3031,0.8531121,3.8540,3
7.7637,51.7243,55.7490,0.8396355,CN1C(=O)C(=C(O)C=CC=CN2CCCCC2)C(=O)N(C)C1=S,1,1.0000000,1.0000,0.5733669,0.5734,0.9355398,3.2573,3
9.2504,46.3432,57.5280,0.8114937,CC1=NOC(=O)C1=C(O)C=CC=CN1CCCCC1,1,1.0000000,1.0000,0.5218126,0.5218,0.9077790,3.5103,3
11.0524,42.3967,76.4785,0.9287125,O=C1NC(=O)C(=C(O)C=CC=CN2CC2)C(=O)N1,1,1.0000000,1.0000,0.8161311,0.8161,0.9353830,3.2590,3
8.2104,35.5028,82.7973,0.9242190,CN(C)C=CC=CC(O)=C1C(=O)NC(=O)NC1=O,1,1.0000000,1.0000,0.7990025,0.7990,0.9401493,3.2058,3
8.7174,44.7094,62.7863,0.8398103,CN(C=CC=CC(O)=C1C(=O)NC(=S)NC1=O)c1ccccc1,1,1.0000000,1.0000,0.5670111,0.5670,0.9489673,3.0959,3
7.7843,43.2806,75.9194,0.9312501,CN(C=CC=CC(O)=C1C(=O)NC(=O)NC1=O)CCO,1,1.0000000,1.0000,0.8336890,0.8337,0.9223033,3.3883,3
12.3124,38.9607,-38.9607,0.0000000,CN(C=CC=CC(O)=C1C(=O)NC(=O)NC1=O)CCO,2,0.0000000,1.0000,0.0000000,0.8337,0.0000000,3.3883,3
23.7869,23.1407,-23.1220,0.0001461,CNC(=O)CC(C)=N,1,0.0000000,0.0000,0.8416096,0.8416,0.9575166,2.9706,3
23.1408,71.4474,-1.7465,0.5445385,CC(=CC=CC(O)=C1C(=O)ON=C1C)N(CCCN1CCCCC1)c1ccccc1,1,1.0000000,1.0000,0.1252252,0.1252,0.9420851,3.1830,3
10.4120,51.4334,47.1380,0.7700896,CC(C=CN(C)CCO)=CC(O)=C1C(=O)N(c2ccccc2)N=C1C,1,1.0000000,1.0000,0.4206627,0.4207,0.9435232,3.1657,3
9.0316,39.9560,48.5387,0.6913650,O=C1Nc2ccccc2C1=C(O)C=CC=CN1CCCCC1,1,1.0000000,1.0000,0.2836238,0.2836,0.9626756,2.8828,3
9.8688,47.1437,58.6346,0.8263928,CCCCN(C=CC=CC(O)=C1C(=O)NC(=O)NC1=O)CCCC,1,1.0000000,1.0000,0.5394506,0.5395,0.9415458,3.1895,3
7.5839,44.4635,70.7101,0.8997941,CC(=CC=CC(O)=C1C(=O)NC(=S)NC1=O)N1CCOCC1,1,1.0000000,1.0000,0.7289719,0.7290,0.9378824,3.2316,3
7.0540,45.9032,59.4271,0.8228925,CC1(C)OC(=O)C(=C(O)C=CC=CN2CCSCC2)C(=O)O1,1,1.0000000,1.0000,0.5568551,0.5569,0.8903290,3.6358,3
7.8762,37.8976,73.2480,0.8683248,CCN(C=CC=CC(O)=C1C(=O)N(C)C(=O)N(C)C1=O)CC,1,1.0000000,1.0000,0.6462340,0.6462,0.9332489,3.2817,3
7.5766,45.1096,75.1491,0.9395211,O=C1NC(=O)C(=C(O)C=CC=CN(CCO)CCO)C(=O)N1,1,1.0000000,1.0000,0.8626767,0.8627,0.9187340,3.4201,3
16.7503,32.6449,-32.6287,0.0001265,CCN1C(=O)SC(=C(O)C=C(C)C)C1=O,1,0.0000000,0.0000,0.5126344,0.5126,0.9474540,3.1160,3
9.0695,40.1248,76.3458,0.9099265,CC(C=CN(C)C)=CC(O)=C1C(=O)NC(=O)NC1=O,1,1.0000000,1.0000,0.7621180,0.7621,0.9319656,3.2950,3
4.9845,40.0666,72.8780,0.8823795,CC(C=CN(C)C)=CC(O)=C1C(=O)N(C)C(=O)N(C)C1=O,1,1.0000000,1.0000,0.6826161,0.6826,0.9348478,3.2648,3
10.0532,40.9853,57.9387,0.7728439,CC(C=CN(C)c1ccccc1)=CC(O)=C1C(=O)N(C)C(=O)N(C)C1=O,1,1.0000000,1.0000,0.4244023,0.4244,0.9476595,3.1133,3
13.8610,51.2100,-51.1940,0.0001255,CC(=CC=CC(O)=C1C(=O)N(C)C(=S)N(C)C1=O)C=C(C)N(C)C,1,0.0000000,0.0000,0.5158188,0.5158,0.9110522,3.4844,3
13.1838,41.9150,48.5854,0.7070347,CCN(C=CC=CC(O)=C1C(=O)N(c2ccccc2)C(=O)N1C)CC,1,1.0000000,1.0000,0.3111959,0.3112,0.9462602,3.1314,3
8.1682,40.2514,66.9817,0.8377579,CC1(C)OC(=O)C(=C(O)C=CC=CN2CCCC2)C(=O)O1,1,1.0000000,1.0000,0.5733810,0.5734,0.9267572,3.3467,3
12.3861,49.5821,62.0603,0.8722065,CCCN(CCO)C(C)=CC=CC(O)=C1C(=O)N(C)C(=O)N(C)C1=O,1,1.0000000,1.0000,0.6569107,0.6569,0.9323815,3.2907,3
8.8922,45.1911,64.0518,0.8534598,CCN(C=CC=CC(O)=C1C(=O)N(C)C(=S)N(C)C1=O)CC,1,1.0000000,1.0000,0.6153467,0.6153,0.9205025,3.4045,3
21.4923,22.6510,-22.6326,0.0001437,CC(=O)NCC1COC(=O)C1C,1,0.0000000,0.0000,0.8279976,0.8280,0.9113520,3.4820,3
8.2930,42.4973,70.7463,0.8847156,CCN(CC)C(C)=CC=CC(O)=C1C(=O)NC(=O)NC1=O,1,1.0000000,1.0000,0.6878928,0.6879,0.9365925,3.2459,3
24.8367,53.1675,-53.1510,0.0001284,CN1C(=O)C(=CC=CC=CC(O)=C2C(=O)NC(=S)NC2=O)N=C1c1ccccc1,1,0.0000000,0.0000,0.5469459,0.5469,0.9356925,3.2557,3
11.6917,53.8008,52.3188,0.8290594,O=C1ON=C(C(F)(F)F)C1=C(O)C=CC=CN1CCOCC1,1,1.0000000,1.0000,0.5722468,0.5722,0.8891185,3.6438,3
19.8924,65.1334,-65.1186,0.0001157,CC(C=COC=CN1CCCC1)=CC(O)=C1C(=O)ON=C1C,1,0.0000000,0.0000,0.4256560,0.4257,0.8136273,4.0399,3
20.6285,23.4247,-23.4086,0.0001257,C=CC1Oc2ccccc2C(=O)C1=C,1,0.0000000,0.0000,0.5101666,0.5102,0.9285984,3.3288,3
10.0348,42.6497,69.2886,0.8745186,CN1C(=O)NC(=O)C(=C(O)C=CC=CN2CCCCC2)C1=O,1,1.0000000,1.0000,0.6542109,0.6542,0.9474769,3.1157,3
8.7384,48.2412,40.7325,0.6951071,CC1=NN(c2ccccc2)C(=O)C1=C(O)C=CC=CN1CCCC1,1,1.0000000,1.0000,0.2895693,0.2896,0.9605371,2.9205,3
14.5589,39.8262,-39.8083,0.0001397,CN1CCN(C=CC=CC=CC(O)=C2C(=O)NC(=O)NC2=O)CC1,1,0.0000000,0.0000,0.7368455,0.7368,0.9314501,3.3003,3
10.8131,43.8105,-43.8105,0.0000000,O=C1NC(=O)C(=C(O)C=CC=CN(CCO)CCO)C(=O)N1,2,0.0000000,1.0000,0.0000000,0.8627,0.0000000,3.4201,3
11.4585,42.5421,64.3446,0.8350516,CN(C=CC=CC(O)=C1C(=O)Nc2ccccc21)CCO,1,1.0000000,1.0000,0.5551030,0.5551,0.9504903,3.0751,3
20.8012,23.9054,-23.8888,0.0001301,Nn1cc(C(=O)O)c(=O)c2cc(F)c(N3CCCCC3)cc21,1,0.0000000,0.0000,0.5511569,0.5512,0.9797272,2.4737,3
5.0243,44.3779,-44.3779,0.0000000,O=C1NC(=O)C(=C(O)C=CC=CN(CCO)CCO)C(=O)N1,2,0.0000000,1.0000,0.0000000,0.8627,0.0000000,3.4201,3
6.7520,43.4855,75.7429,0.9314712,O=C1NC(=S)NC(=O)C1=C(O)C=CC=CN(CCO)CCO,1,1.0000000,1.0000,0.8468843,0.8469,0.9059886,3.5241,3
7.2211,39.0342,72.2381,0.8693149,CC1(C)OC(=O)C(=C(O)C=CC=CN2CCOCC2)C(=O)O1,1,1.0000000,1.0000,0.6540733,0.6541,0.9242561,3.3703,3
13.3196,49.1129,47.1021,0.7516797,CN1C(=O)C(=C(O)C=CC=CN2CCCc3ccccc32)C(=O)N(C)C1=S,1,1.0000000,1.0000,0.3869531,0.3870,0.9422106,3.1815,3
7.4680,39.4363,71.9420,0.8701428,CN1CCN(C=CC=CC(O)=C2C(=O)OC(C)(C)OC2=O)CC1,1,1.0000000,1.0000,0.6534698,0.6535,0.9289870,3.3250,3
9.6970,37.8326,-37.8326,0.0000000,CC(=CC=CC(O)=C1C(=O)NC(=O)NC1=O)N1CCCCC1,2,0.0000000,1.0000,0.0000000,0.6491,0.0000000,3.0425,3
9.7839,21.1521,-21.1338,0.0001428,O=C1NNC(=O)C1=Cc1ccccc1,1,0.0000000,0.0000,0.7615342,0.7615,0.9815272,2.4119,3
12.3850,49.3546,47.0752,0.7533574,CC(=CC=CC(O)=C1C(=O)N(C)C(=S)N(C)C1=O)N(C)c1ccccc1,1,1.0000000,1.0000,0.3889782,0.3890,0.9451357,3.1457,3
9.1213,49.3505,54.0887,0.8081190,CCCCN(C=CC=CC(O)=C1C(=O)NC(=S)NC1=O)CCCC,1,1.0000000,1.0000,0.5026340,0.5026,0.9330266,3.2840,3
14.1725,24.0269,-24.0099,0.0001327,CN(C)C=CC=CC(=O)N1CCCCCC1,1,0.0000000,0.0000,0.5905491,0.5905,0.9782249,2.5213,3
21.3726,27.9979,-27.9807,0.0001349,CC1=C(C(=O)N2CCCCCC2)N(C)CCO1,1,0.0000000,0.0000,0.6261067,0.6261,0.9766682,2.5673,3
9.0662,39.0560,64.6058,0.8098583,CC1(C)OC(=O)C(=C(O)C=CC=CN2CCCCC2)C(=O)O1,1,1.0000000,1.0000,0.5067663,0.5068,0.9322851,3.2917,3
14.1306,24.0464,-24.0277,0.0001459,CN1C(=O)N(C)C(=O)C2(C1=O)C(=O)N(C)C(=O)N2C,1,0.0000000,0.0000,0.8589836,0.8590,0.9307641,3.3072,3
6.9423,47.4262,-47.4262,0.0000000,CCN(C=CC=CC(O)=C1C(=O)N(C)C(=S)N(C)C1=O)CC,2,0.0000000,1.0000,0.0000000,0.6153,0.0000000,3.4045,3
5.0133,43.9155,75.7010,0.9345043,CN(C=CC=CC(O)=C1C(=O)NC(=O)C1=O)CCO,1,1.0000000,1.0000,0.8488452,0.8488,0.9158986,3.4444,3
7.9931,42.7285,72.0507,0.8967127,CN1C(=O)C(=C(O)C=CC=CN2CCOCC2)C(=O)N(C)C1=O,1,1.0000000,1.0000,0.7196373,0.7196,0.9388744,3.2204,3
7.9247,37.6960,-37.6960,0.0000000,CN(C)C=CC=CC(O)=C1C(=O)NC(=O)NC1=O,2,0.0000000,1.0000,0.0000000,0.7990,0.0000000,3.2058,3
8.4714,49.3373,-49.3373,0.0000000,O=C1NC(=O)C(=C(O)C=CC=CN(CCO)CCO)C(=O)N1,2,0.0000000,1.0000,0.0000000,0.8627,0.0000000,3.4201,3
8.8850,43.0290,-43.0290,0.0000000,CC1(C)OC(=O)C(=C(O)C=CC=CN2CCCCC2)C(=O)O1,2,0.0000000,1.0000,0.0000000,0.5068,0.0000000,3.2917,3
7.6725,42.6799,-42.6799,0.0000000,CC1(C)OC(=O)C(=C(O)C=CC=CN2CCOCC2)C(=O)O1,2,0.0000000,1.0000,0.0000000,0.6541,0.0000000,3.3703,3
13.6407,57.4338,15.0550,0.5663192,CC(C=CN1CCCC1)=CC(O)=C1C(=O)N(c2ccccc2)N=C1C(F)(F)F,1,1.0000000,1.0000,0.1434695,0.1435,0.9435089,3.1659,3
6.5864,37.9612,-37.9612,0.0000000,CC1(C)OC(=O)C(=C(O)C=CC=CN2CCCCC2)C(=O)O1,2,0.0000000,1.0000,0.0000000,0.5068,0.0000000,3.2917,3
8.5364,44.5687,-44.5687,0.0000000,CN1C(=O)C(=C(O)C=CC=CN2CCOCC2)C(=O)N(C)C1=O,2,0.0000000,1.0000,0.0000000,0.7196,0.0000000,3.2204,3
5.5118,35.0839,83.7935,0.9287299,CN(C)C=CC=CC(O)=C1C(=O)NC(=O)C1=O,1,1.0000000,1.0000,0.8166165,0.8166,0.9347893,3.2654,3
17.5558,20.7812,-20.7702,0.0000855,CCCCN(CCCC)CC(O)c1cccc2ccccc12,1,0.0000000,0.0000,0.1266440,0.1266,0.9799382,2.4668,3
10.7147,46.1372,70.1977,0.9088660,O=C1NNC(=O)C1=C(O)C=CC=CN1CCCC1,1,1.0000000,1.0000,0.7767255,0.7767,0.9065220,3.5200,4
20.1908,42.4260,-42.4075,0.0001441,COC(O)=C1C(=O)NC(=O)C(=C(C)[N+](=O)[O-])C1=O,1,0.0000000,0.0000,0.8289783,0.8290,0.9220787,3.3903,4
8.6072,46.2863,68.7438,0.8986729,CC(C=CN(C)C)=CC(O)=C1C(=O)NC(=S)NC1=O,1,1.0000000,1.0000,0.7383605,0.7384,0.9187657,3.4198,4
29.7991,77.3983,-77.3926,0.0000443,CC1=NOC(=O)C1=C(O)C=CC1=C(C)C(=CC=C2CCCCC2=C(C)C=CN(C)Cc2ccccc2)CC1=O,1,0.0000000,0.0000,0.0148586,0.0149,0.8126392,4.0442,4
5.1635,35.0839,83.7935,0.9287299,CN(C)C=CC=CC(O)=C1C(=O)NC(=O)C1=O,1,1.0000000,1.0000,0.8166165,0.8166,0.9347893,3.2654,4
18.6529,22.3672,-22.3483,0.0001479,CC(=O)OCC1OC(O)C(O)C1O,1,0.0000000,0.0000,0.9096280,0.9096,0.9180151,3.4263,4
15.6801,41.5393,69.7615,0.8695377,CC(=CC=CC(O)=C1C(=O)N(C)C(=O)N1C)N1CCOCC1,1,1.0000000,1.0000,0.6517385,0.6517,0.9292303,3.3226,4
9.8113,45.5022,56.0624,0.7934741,CC(=CC=CC(O)=C1C(=O)ON=C1C(F)(F)F)N(C)C,1,1.0000000,1.0000,0.5018807,0.5019,0.8655993,3.7866,4
11.3133,47.6683,57.2506,0.8196793,CC(C=CN(C)c1ccccc1)=CC(O)=C1C(=O)NN(C)C1=O,1,1.0000000,1.0000,0.5310703,0.5311,0.9270909,3.3435,4
8.9374,33.8746,67.7165,0.7936801,CN(C)C=CC=CC(O)=C1C(=O)Nc2ccccc21,1,1.0000000,1.0000,0.4593756,0.4594,0.9636281,2.8653,4
8.6624,44.0631,61.6980,0.8262586,O=C1NC(=O)C(=C(O)C=CC=CN2CCCc3ccccc32)C(=O)N1,1,1.0000000,1.0000,0.5346638,0.5347,0.9510214,3.0677,4
10.3186,50.8600,62.2383,0.8835806,CCN1C(=O)C(=C(O)C=C(C)C=CN(C)CCO)C(=O)N(C)C1=O,1,1.0000000,1.0000,0.6978496,0.6978,0.9156294,3.4467,4
11.7042,48.5478,59.7727,0.8462539,CC(=CC=CC(O)=C1C(=O)OC(C)(C)OC1=O)N(C)C,1,1.0000000,1.0000,0.6012544,0.6013,0.9133409,3.4658,4
6.8352,41.2034,-41.2034,0.0000000,CC(C=CN(C)C)=CC(O)=C1C(=O)NC(=S)NC1=O,2,0.0000000,1.0000,0.0000000,0.7384,0.0000000,3.4198,4
10.6319,47.3206,58.4024,0.8259607,CCN(C=CC(C)=CC(O)=C1C(=O)N(C)C(=S)N(C)C1=O)CC,1,1.0000000,1.0000,0.5550452,0.5550,0.9078947,3.5094,4
8.6881,45.5920,66.4310,0.8751795,CN1C(=O)C(=C(O)C=CC=CN2CCCC2)C(=O)N(C)C1=O,1,1.0000000,1.0000,0.6592816,0.6593,0.9417220,3.1874,4
34.6623,40.4118,-40.4012,0.0000823,C=C(C)c1nc(OC2CCNC2)c2ccccc2c1-c1ccccc1,1,0.0000000,0.0000,0.1128511,0.1129,0.9590005,2.9464,4
11.3113,43.0250,48.6239,0.7160077,CCN(C=CC=CC(O)=C1C(=O)Nc2ccccc21)CC,1,1.0000000,1.0000,0.3225386,0.3225,0.9557761,2.9980,4
10.7775,45.2043,67.1831,0.8780261,CCCN(C=CC=CC(O)=C1C(=O)NNC1=O)CCC,1,1.0000000,1.0000,0.6926985,0.6927,0.8996592,3.5711,4
7.7778,50.4172,60.7281,0.8683226,CC(=CC=CC(O)=C1C(=O)N(C)C(=S)N(C)C1=O)N(C)C,1,1.0000000,1.0000,0.6541581,0.6542,0.9196897,3.4117,4
8.7902,34.9427,83.0817,0.9220663,CN(C=CC=CC(O)=C1C(=O)NC(=S)NC1=O)CCO,1,1.0000000,1.0000,0.8153736,0.8154,0.9086004,3.5039,4
18.5308,36.8272,-36.8096,0.0001380,COC(OC)=C1C(=O)N(C)N(CC=C(C)C)C1=O,1,0.0000000,0.0000,0.7353049,0.7353,0.8871679,3.6566,4
18.2965,23.1025,-23.0858,0.0001300,CC=CC=CC(=O)OCCN1C(=O)c2ccccc2C1=O,1,0.0000000,0.0000,0.5477764,0.5478,0.9834009,2.3410,4
17.1420,69.8016,-69.7858,0.0001235,CC1=NOC(=O)C1=C(O)C=NC=CC=CC(O)=C1C(=O)OC(C)(C)OC1=O,1,0.0000000,0.0000,0.5572929,0.5573,0.7756068,4.1921,4
7.0818,44.7070,64.7133,0.8548460,CN1C(=O)C(=C(O)C=CC=CN2CCCCC2)C(=O)N(C)C1=O,1,1.0000000,1.0000,0.6053218,0.6053,0.9452474,3.1443,4
5.3096,44.3779,75.8808,0.9395211,O=C1NC(=O)C(=C(O)C=CC=CN(CCO)CCO)C(=O)N1,1,1.0000000,1.0000,0.8626767,0.8627,0.9187340,3.4201,4
20.1097,24.3590,-24.3416,0.0001361,CCN(CC)S(=O)(=O)c1ccc(NC(=O)CN(C)C)cc1,1,0.0000000,0.0000,0.6375556,0.6376,0.9913672,1.9099,4
14.8551,53.5366,14.2422,0.5295215,CCCCN(CCC)C(C)=CC=CC(O)=C1C(=O)Nc2ccccc21,1,1.0000000,1.0000,0.1119406,0.1119,0.9583541,2.9571,4
9.2229,41.3456,74.5962,0.9057960,CC(C=CN1CCOCC1)=CC(O)=C1C(=O)NC(=O)NC1=O,1,1.0000000,1.0000,0.7527922,0.7528,0.9279349,3.3353,4
30.2333,23.5223,-23.5086,0.0001077,O=C(c1ccc(F)cc1)c1cccc(Cl)c1C(=O)O,1,0.0000000,0.0000,0.2808901,0.2809,0.9928958,1.7819,4
6.9906,47.4262,61.8166,0.8534598,CCN(C=CC=CC(O)=C1C(=O)N(C)C(=S)N(C)C1=O)CC,1,1.0000000,1.0000,0.6153467,0.6153,0.9205025,3.4045,4
13.5120,49.2383,61.6049,0.8659620,CC(=CC=CC(O)=C1C(=O)NNC1=O)N1CCCCCC1,1,1.0000000,1.0000,0.6384467,0.6384,0.9361503,3.2507,4
20.9426,28.9051,-28.8907,0.0001125,CCC(CN(C)C)=C(C)c1ccccc1,1,0.0000000,0.0000,0.3305544,0.3306,0.9818327,2.4009,4
8.9294,53.7771,45.2753,0.7738476,CCN1C(=O)C(=C(O)C=CC=C(C)N2CCCCC2)C(=O)N(CC)C1=O,1,1.0000000,1.0000,0.4243140,0.4243,0.9530771,3.0384,4
7.8109,43.1339,53.8781,0.7579058,CC1=NN(c2ccccc2)C(=O)C1=C(O)C=CC=CN(C)C,1,1.0000000,1.0000,0.3907809,0.3908,0.9639711,2.8589,4
9.6927,45.9095,65.4426,0.8699384,CCCN(C=CC=CC(O)=C1C(=O)NC(=O)NC1=O)CCC,1,1.0000000,1.0000,0.6502406,0.6502,0.9336042,3.2780,4
10.7322,42.0403,76.6005,0.9268817,O=C1NC(=O)C(=C(O)C=CC=CN2CCNCC2)C(=O)N1,1,1.0000000,1.0000,0.8175526,0.8176,0.9257278,3.3565,4
7.1763,43.3460,73.0268,0.9091620,CC(C=CN(C)C)=CC(O)=C1C(=O)NNC1=O,1,1.0000000,1.0000,0.7943523,0.7944,0.8836446,3.6793,4
17.5458,50.0507,-50.0363,0.0001126,CCN1C(=O)C(C)C1=CC=CC=CC=CC(O)=C1C(=O)OC(C)(C)OC1=O,1,0.0000000,0.0000,0.3990842,0.3991,0.7841421,4.1597,4
6.9632,45.7806,37.0655,0.6472348,CC1=NN(c2ccccc2)C(=O)C1=C(O)C=CC=CN1CCCCC1,1,1.0000000,1.0000,0.2253495,0.2253,0.9616831,2.9005,4
5.8316,39.9453,77.0843,0.9142940,CN(C)C=CC=CC(O)=C1C(=O)NC(=S)NC1=O,1,1.0000000,1.0000,0.7778389,0.7778,0.9278829,3.3358,4
10.5623,50.2929,59.8257,0.8603011,CC(=CC=CC(O)=C1C(=O)NC(=S)NC1=O)N1CCCCC1,1,1.0000000,1.0000,0.6189719,0.6190,0.9452069,3.1448,4
8.2453,46.5774,-46.5774,0.0000000,CN(C)C=CC=CC(O)=C1C(=O)NC(=S)NC1=O,2,0.0000000,1.0000,0.0000000,0.7778,0.0000000,3.3358,4
11.8357,49.3966,54.4746,0.8114937,CC1=NOC(=O)C1=C(O)C=CC=CN1CCCCC1,1,1.0000000,1.0000,0.5218126,0.5218,0.9077790,3.5103,4
10.0669,41.1069,-41.1069,0.0000000,CCN(C=CC=CC(O)=C1C(=O)Nc2ccccc21)CC,2,0.0000000,1.0000,0.0000000,0.3225,0.0000000,2.9980,4
13.9743,63.2621,10.8313,0.5788542,CC(C=CN(C)CCCN=[N+]=[N-])=CC(O)=C1C(=O)N(c2ccccc2)N=C1C,1,1.0000000,1.0000,0.1584407,0.1584,0.9182277,3.4245,4
7.1297,51.7243,55.7490,0.8396355,CN1C(=O)C(=C(O)C=CC=CN2CCCCC2)C(=O)N(C)C1=S,1,1.0000000,1.0000,0.5733669,0.5734,0.9355398,3.2573,4
8.9902,45.9178,60.4877,0.8312929,CC(=CC=CC(O)=C1C(=O)N(C)C(=O)N(C)C1=O)N1CCCCC1,1,1.0000000,1.0000,0.5455392,0.5455,0.9523048,3.0495,4
26.8944,44.0304,-44.0164,0.0001093,CC(C=CN(C)CCCN=[N+]=[N-])=CC1(C)C(=O)OC=C1C=O,1,0.0000000,0.0000,0.4538806,0.4539,0.5947160,4.7502,4
22.8231,35.7638,-35.7476,0.0001262,CN1C(=O)N(C)S(=O)(=O)N=C1C=CC=CN(C)c1ccccc1,1,0.0000000,0.0000,0.5249414,0.5249,0.9114088,3.4815,4
10.7954,39.9667,76.4563,0.9095554,CC(=CC=CC(O)=C1C(=O)NC(=O)NC1=O)N(C)C,1,1.0000000,1.0000,0.7621180,0.7621,0.9303701,3.3112,4
16.4068,23.6236,-23.6054,0.0001425,CN(C)CC1=CC(=O)OC(C)(C)OC1=O,1,0.0000000,0.0000,0.7779974,0.7780,0.9481876,3.1063,4
21.9123,53.5889,58.9780,0.8794293,CC(=C(O)C=CC(O)=C1C(=O)N(C)C(=O)N(C)C1=O)N1CCN(C)CC1,1,1.0000000,1.0000,0.6720282,0.6720,0.9392449,3.2162,4
11.4378,49.8080,31.8834,0.6382144,CC(C=CN1CCSCC1)=CC(O)=C1C(=O)N(c2ccccc2)N=C1C,1,1.0000000,1.0000,0.2201345,0.2201,0.9324680,3.2898,4
8.2481,48.1290,-48.1290,0.0000000,CC1=NOC(=O)C1=C(O)C=CC=CN1CCCCC1,2,0.0000000,1.0000,0.0000000,0.5218,0.0000000,3.5103,4
9.8763,41.2599,64.5184,0.8263928,CCCCN(C=CC=CC(O)=C1C(=O)NC(=O)NC1=O)CCCC,1,1.0000000,1.0000,0.5394506,0.5395,0.9415458,3.1895,4
7.4859,39.4363,71.9420,0.8701428,CN1CCN(C=CC=CC(O)=C2C(=O)OC(C)(C)OC2=O)CC1,1,1.0000000,1.0000,0.6534698,0.6535,0.9289870,3.3250,4
14.5451,26.3022,-26.2854,0.0001316,CC1(C)OC(=O)C(=C(O)Nc2ccccc2)C(=O)O1,1,0.0000000,0.0000,0.5732996,0.5733,0.9784416,2.5146,4
8.7397,45.1551,67.2427,0.8781082,CC(C=CN1CCCCC1)=CC(O)=C1C(=O)NNC1=O,1,1.0000000,1.0000,0.6903651,0.6904,0.9036644,3.5417,4
6.8156,40.1907,75.4879,0.9037395,CC1(C)OC(=O)C(=C(O)C=CC=CN(CCO)CCO)C(=O)O1,1,1.0000000,1.0000,0.7647152,0.7647,0.9019492,3.5544,4
11.9859,41.7649,56.0040,0.7638196,CC(=CC=CC(O)=C1C(=O)Nc2ccccc21)N1CCOCC1,1,1.0000000,1.0000,0.4018953,0.4019,0.9629993,2.8769,4
4.8264,40.0666,72.8780,0.8823795,CC(C=CN(C)C)=CC(O)=C1C(=O)N(C)C(=O)N(C)C1=O,1,1.0000000,1.0000,0.6826161,0.6826,0.9348478,3.2648,4
19.3272,26.1537,-26.1357,0.0001401,CC1CC(OC(=O)C(C)C)C(=O)O1,1,0.0000000,0.0000,0.7451864,0.7452,0.9302032,3.3129,4
18.3649,26.0994,-26.0827,0.0001303,CC(=O)N1CCC(C(=O)N(C)c2ccccc2)CC1,1,0.0000000,0.0000,0.5475207,0.5475,0.9915355,1.8969,4
13.0441,48.5658,-0.4235,0.3761114,CCCCCCCCN(CCCCCCCC)C(C)=CC=CC(O)=C1C(=O)N(C)C(=O)N(C)C1=O,1,1.0000000,1.0000,0.0341324,0.0341,0.9473895,3.1168,5
8.7307,44.5479,61.7443,0.8304085,CN1C(=O)C(=C(O)C=CC=CN2CCCCCC2)C(=O)N(C)C1=O,1,1.0000000,1.0000,0.5455392,0.5455,0.9480567,3.1080,5
10.1078,46.5259,62.2959,0.8501706,O=C1NC(=O)C(=C(O)C=CC=CN2CCc3ccccc32)C(=O)N1,1,1.0000000,1.0000,0.5915347,0.5915,0.9496189,3.0871,5
8.4987,56.0728,58.0541,0.8916164,CC(=CC=CC(O)=C1C(=O)ON=C1C)N(CCO)CCO,1,1.0000000,1.0000,0.7457688,0.7458,0.8782593,3.7127,5
9.1762,39.4503,78.6493,0.9226528,CN(C)C=CC=CC(O)=C1C(=O)NNC1=O,1,1.0000000,1.0000,0.8275314,0.8275,0.8949926,3.6041,5
17.6583,21.8952,-21.8794,0.0001235,C=C(C)C1C=CC(C)O1,1,0.0000000,0.0000,0.6575072,0.6575,0.6354699,4.6380,5
9.7525,48.8056,62.3148,0.8681280,CCN1C(=O)C(=C(O)C=CC=CN2CCOCC2)C(=O)N(CC)C1=O,1,1.0000000,1.0000,0.6409668,0.6410,0.9415624,3.1893,5
19.7140,23.6354,-23.6179,0.0001368,CNC(C(=O)NC1C(=O)N2C(C(=O)O)=C(C)COC12)c1ccccc1,1,0.0000000,0.0000,0.7194760,0.7195,0.8768063,3.7215,5
6.6339,44.0921,67.1017,0.8687013,CC(C=CN(C)C)=CC(O)=C1C(=O)N(C)C(=S)N(C)C1=O,1,1.0000000,1.0000,0.6541581,0.6542,0.9213758,3.3967,5
17.3669,39.5139,-39.5012,0.0000994,CC(=CC=C(O)c1ccc2ccccc2c1O)N(C)C,1,0.0000000,0.0000,0.2165471,0.2165,0.9678227,2.7826,5
9.8336,45.4262,66.5121,0.8745186,CN1C(=O)NC(=O)C(=C(O)C=CC=CN2CCCCC2)C1=O,1,1.0000000,1.0000,0.6542109,0.6542,0.9474769,3.1157,5
10.7095,42.9864,76.2136,0.9312501,CN(C=CC=CC(O)=C1C(=O)NC(=O)NC1=O)CCO,1,1.0000000,1.0000,0.8336890,0.8337,0.9223033,3.3883,5
8.2014,44.2257,70.5535,0.8967127,CN1C(=O)C(=C(O)C=CC=CN2CCOCC2)C(=O)N(C)C1=O,1,1.0000000,1.0000,0.7196373,0.7196,0.9388744,3.2204,5
7.6098,48.5878,53.0310,0.7938968,CCN(CC)C(C)=CC=CC(O)=C1C(=O)N(CC)C(=O)N(CC)C1=O,1,1.0000000,1.0000,0.4690246,0.4690,0.9409667,3.1963,5
10.7524,48.4821,61.0602,0.8557993,CC(C=CN(C)CCCN=[N+]=[N-])=CC(O)=C1C(=O)NNC1=O,1,1.0000000,1.0000,0.6848125,0.6848,0.8189853,4.0167,5
6.6937,54.3598,47.9648,0.7994115,CC(=CC=CC(O)=C1C(=O)ON=C1C)N1CCSCC1,1,1.0000000,1.0000,0.5078493,0.5078,0.8805497,3.6987,5
18.8455,29.1051,-29.0904,0.0001149,Cc1c(C(F)(F)F)noc1C(=O)N1CCCCCC1,1,0.0000000,0.0000,0.3572873,0.3573,0.9775056,2.5429,5
13.6027,38.4298,76.7705,0.9000024,CCN(C)C=CC=CC(O)=C1C(=O)NC(=S)NC1=O,1,1.0000000,1.0000,0.7453711,0.7454,0.9140636,3.4598,5
4.7112,40.0666,72.8780,0.8823795,CC(C=CN(C)C)=CC(O)=C1C(=O)N(C)C(=O)N(C)C1=O,1,1.0000000,1.0000,0.6826161,0.6826,0.9348478,3.2648,5
20.4552,42.5872,-42.5712,0.0001245,CC(N=C(Cc1ccccc1)C(=O)O)=C1C(=O)NN=C1C(F)(F)F,1,0.0000000,0.0000,0.4885127,0.4885,0.9412422,3.1930,5
7.3574,48.0797,68.5864,0.9114537,CN1CCN(C=CC=CC(O)=C2C(=O)NC(=S)NC2=O)CC1,1,1.0000000,1.0000,0.7660862,0.7661,0.9327222,3.2872,5
10.7243,40.6464,75.8415,0.9100614,CC(=CC=CC(O)=C1C(=O)NC(=O)NC1=O)N1CCOCC1,1,1.0000000,1.0000,0.7527922,0.7528,0.9464263,3.1293,5
7.8057,62.1606,29.0928,0.7129170,CC(=CC=CC(O)=C1C(=O)N(C)C(=S)N(C)C1=O)N1CCCc2ccccc21,1,1.0000000,1.0000,0.3208656,0.3209,0.9444436,3.1543,5
11.3625,48.5463,67.8687,0.9094922,CC(C=CN(CCO)CCO)=CC(O)=C1C(=O)N(C)C(=O)N(C)C1=O,1,1.0000000,1.0000,0.7770474,0.7770,0.9086961,3.5031,5
13.8061,48.4763,-48.4648,0.0000900,CC(C=CN1CCOCC1)=CC=CC(O)=C1C(=O)N(c2ccccc2)N=C1C(F)(F)F,1,0.0000000,0.0000,0.1573191,0.1573,0.9356843,3.2558,5
14.8770,50.6717,61.5503,0.8767343,C=CCCN(C)C=CC=CC(O)=C1C(=O)NC(=S)NC1=O,1,1.0000000,1.0000,0.6914974,0.6915,0.8959771,3.5972,5
9.3851,45.5934,59.0760,0.8177298,CC1=NN(C)C(=O)C1=C(O)C=CC=CN1CCCCC1,1,1.0000000,1.0000,0.5266299,0.5266,0.9271601,3.3428,5
17.5633,50.3149,-50.2994,0.0001219,CC(=CC=CC(O)=C(C)NC(C)C)N(C)C,1,0.0000000,0.0000,0.4696592,0.4697,0.9003272,3.5663,5
16.2042,38.3398,-38.3214,0.0001439,CN(C=CC=CC=C1C(=O)NNC1=O)CCO,1,0.0000000,0.0000,0.8598471,0.8598,0.8771681,3.7193,5
6.8884,41.3719,71.5318,0.8820606,CC(=CC=CC(O)=C1C(=O)N(C)C(=O)N(C)C1=O)N(C)C,1,1.0000000,1.0000,0.6826161,0.6826,0.9334298,3.2798,5
16.9058,49.6633,18.6157,0.5334300,O=C1Nc2ccccc2C1=C(O)C=CC=CN1CCSc2ccccc21,1,1.0000000,1.0000,0.1156079,0.1156,0.9509113,3.0693,5
5.9099,42.2362,66.1061,0.8464239,CCN(CC)C(C)=CC=CC(O)=C1C(=O)N(C)C(=O)N(C)C1=O,1,1.0000000,1.0000,0.5885762,0.5886,0.9377908,3.2326,5
17.4553,45.9766,-45.9605,0.0001258,COc1ccccc1C=CC(C)=CC(O)=C1C(=O)NC(=S)NC1=O,1,0.0000000,0.0000,0.4961664,0.4962,0.9633568,2.8703,5
21.2810,32.5287,-32.5123,0.0001278,CCOC(=O)C(OCCc1ccccc1)=C1C(=O)OC(C)(C)OC1=O,1,0.0000000,0.0000,0.5229813,0.5230,0.9679151,2.7807,5
8.4783,54.9629,60.3978,0.9012549,CN(C=CC=CC(O)=C1C(=O)N(C)C(=S)N(C)C1=O)CCO,1,1.0000000,1.0000,0.7509508,0.7510,0.9112265,3.4830,5
10.1240,53.8755,56.6429,0.8634243,CC(C=CN(C)CCO)=CC(O)=C1C(=O)ON=C1C,1,1.0000000,1.0000,0.6909690,0.6910,0.8409916,3.9149,5
8.6384,47.8300,58.2896,0.8290594,O=C1ON=C(C(F)(F)F)C1=C(O)C=CC=CN1CCOCC1,1,1.0000000,1.0000,0.5722468,0.5722,0.8891185,3.6438,5
9.3028,52.0536,31.7916,0.6550401,CCN1C(=O)C(=C(O)C=C(C)C=CN(CC)c2ccccc2)C(=O)N(CC)C1=O,1,1.0000000,1.0000,0.2387980,0.2388,0.9433832,3.1674,5
10.7118,45.6875,-45.6875,0.0000000,CC(C=CN(CCO)CCO)=CC(O)=C1C(=O)N(C)C(=O)N(C)C1=O,2,0.0000000,1.0000,0.0000000,0.7770,0.0000000,3.5031,5
18.2768,20.8528,-20.8365,0.0001270,CC1=C(C[N+](C)(C)C)CCCC1,1,0.0000000,0.0000,0.5237367,0.5237,0.9393358,3.2152,5
6.8005,44.9247,67.5028,0.8783392,O=C1NC(=S)NC(=O)C1=C(O)C=CC=CN1CCCCC1,1,1.0000000,1.0000,0.6711265,0.6711,0.9358717,3.2538,5
10.7235,50.7606,50.4155,0.7904384,CCCN(C=CC(C)=CC(O)=C1C(=O)N(C)C(=O)N(C)C1=O)CCC,1,1.0000000,1.0000,0.4690246,0.4690,0.9238704,3.3739,5
10.7724,42.8797,41.5748,0.6598009,CCN(C(C)=CC=CC(O)=C1C(=O)OC(C)(C)OC1=O)c1ccccc1,1,1.0000000,1.0000,0.2444863,0.2445,0.9454285,3.1420,5
12.3257,50.5757,64.5382,0.8993276,CCN1C(=O)C(=C(O)C=C(C)C=CN(CCO)CCO)C(=O)N(C)C1=O,1,1.0000000,1.0000,0.7460273,0.7460,0.9102268,3.4910,5
7.5218,43.1275,-43.1275,0.0000000,CN(C=CC=CC(O)=C1C(=O)NC(=O)NC1=O)CCO,2,0.0000000,1.0000,0.0000000,0.8337,0.0000000,3.3883,5
7.9659,48.3196,-48.3196,0.0000000,CN1CCN(C=CC=CC(O)=C2C(=O)NC(=S)NC2=O)CC1,2,0.0000000,1.0000,0.0000000,0.7661,0.0000000,3.2872,5
7.2082,57.9591,42.5951,0.7855798,CN1C(=O)C(=C(O)C=CC=CN2CCc3ccccc32)C(=O)N(C)C1=S,1,1.0000000,1.0000,0.4521750,0.4522,0.9406574,3.1999,5
22.5935,25.9681,-25.9531,0.0001170,CCC(C)(O)C1CCN(Cc2ccccc2)CC1,1,0.0000000,0.0000,0.3788642,0.3789,0.9804707,2.4489,5
17.3588,45.6980,-45.6833,0.0001147,CN1C(=O)C(=C(Br)C=C(Cl)C=CN2CCSCC2)C(=O)N(C)C1=O,1,0.0000000,0.0000,0.3956091,0.3956,0.8589237,3.8232,5
12.2713,53.8371,41.2955,0.7432236,CCN1C(=O)C(=C(O)C=CC=CN(C)c2ccccc2)C(=O)N(CC)C1=O,1,1.0000000,1.0000,0.3677828,0.3678,0.9549755,3.0102,5
6.8315,54.6422,46.9225,0.7934741,CC(=CC=CC(O)=C1C(=O)ON=C1C(F)(F)F)N(C)C,1,1.0000000,1.0000,0.5018807,0.5019,0.8655993,3.7866,5
6.3510,41.0782,-41.0782,0.0000000,CN(C=CC=CC(O)=C1C(=O)NC(=O)NC1=O)CCO,2,0.0000000,1.0000,0.0000000,0.8337,0.0000000,3.3883,5
11.4479,51.5589,47.6116,0.7747695,CC(C=CN(C)C)=CC(O)=C1C(=O)N(C)C(=O)N(c2ccccc2)C1=O,1,1.0000000,1.0000,0.4244023,0.4244,0.9576157,2.9690,5
16.9583,19.2527,-19.2342,0.0001444,OCC1OC(c2cccnc2)C(O)C(O)C1O,1,0.0000000,0.0000,0.8470148,0.8470,0.9056001,3.5271,5
5.7398,47.8442,62.1367,0.8592255,O=C1NC(=S)NC(=O)C1=C(O)C=CC=CN1CCCCCC1,1,1.0000000,1.0000,0.6189719,0.6190,0.9402537,3.2046,5
6.7780,41.2034,73.8267,0.8986729,CC(C=CN(C)C)=CC(O)=C1C(=O)NC(=S)NC1=O,1,1.0000000,1.0000,0.7383605,0.7384,0.9187657,3.4198,5
20.1433,22.6269,-22.6087,0.0001420,NCCCCC(N)C(=O)NNc1ccccc1,1,0.0000000,0.0000,0.7479858,0.7480,0.9797141,2.4741,5
9.8580,44.0111,62.6684,0.8334341,CC(C=CN1CCCCCC1)=CC(O)=C1C(=O)NC(=S)NC1=O,1,1.0000000,1.0000,0.5611558,0.5612,0.9305917,3.3090,5
8.9665,43.7284,64.1778,0.8430176,CCN(C=CC(C)=CC(O)=C1C(=O)N(C)C(=O)N(C)C1=O)CC,1,1.0000000,1.0000,0.5885762,0.5886,0.9220419,3.3907,5
21.4318,18.4816,-18.4641,0.0001364,Cc1cc(=O)[nH]c2ncccc12,1,0.0000000,0.0000,0.6455812,0.6456,0.9858564,2.2351,5
16.1375,35.8174,-35.8003,0.0001334,CC(C)=CC(O)=C1C(=O)ON=C1C,1,0.0000000,0.0000,0.6500751,0.6501,0.8910382,3.6311,5
8.4896,42.7769,-42.7769,0.0000000,CC(C=CN(C)C)=CC(O)=C1C(=O)N(C)C(=O)N(C)C1=O,2,0.0000000,1.0000,0.0000000,0.6826,0.0000000,3.2648,5
4.7112,40.0666,-40.0666,0.0000000,CC(C=CN(C)C)=CC(O)=C1C(=O)N(C)C(=O)N(C)C1=O,2,0.0000000,1.0000,0.0000000,0.6826,0.0000000,3.2648,5
16.3848,46.5621,62.1904,0.8496283,CN1C(=O)C(=C(O)C=C(O)C=CN2CC=CCC2)C(=O)N(C)C1=O,1,1.0000000,1.0000,0.6333514,0.6334,0.8725456,3.7469,5
6.5325,41.1841,70.6506,0.8737089,CC(=CC=CC(O)=C1C(=O)NC(=O)NC1=O)N1CCCCC1,1,1.0000000,1.0000,0.6490593,0.6491,0.9527942,3.0425,6
7.9586,50.6738,50.5957,0.7911679,CCN(C=CC(C)=CC(O)=C1C(=O)N(CC)C(=O)N(CC)C1=O)CC,1,1.0000000,1.0000,0.4690246,0.4690,0.9274564,3.3400,6
17.9412,61.0629,-61.0463,0.0001294,CC(=CC=CC(O)=CC(O)=C1C(=O)N(C)C(=S)N(C)C1=O)N1CCOCC1,1,0.0000000,0.0000,0.5764521,0.5765,0.9058461,3.5252,6
13.7024,50.3056,59.2823,0.8561552,CC(=CC=CC(O)=C1C(=O)NC(C)(C)OC1=O)N(C)C,1,1.0000000,1.0000,0.6538730,0.6539,0.8672183,3.7775,6
6.9520,57.9591,42.5951,0.7855798,CN1C(=O)C(=C(O)C=CC=CN2CCc3ccccc32)C(=O)N(C)C1=S,1,1.0000000,1.0000,0.4521750,0.4522,0.9406574,3.1999,6
8.1345,41.1110,74.7625,0.9052612,O=C1NC(=O)C(=C(O)C=CC=CN2CCCC2)C(=O)N1,1,1.0000000,1.0000,0.7427731,0.7428,0.9406392,3.2001,6
10.2126,46.8062,45.3630,0.7200715,CCCCN(CCCC)C(C)=CC=CC(O)=C1C(=O)N(C)C(=O)N(C)C1=O,1,1.0000000,1.0000,0.3327279,0.3327,0.9429110,3.1731,6
17.0519,19.7432,-19.7258,0.0001354,O=S(=O)(N1CCCCCC1)N1CCCCC1,1,0.0000000,0.0000,0.6265661,0.6266,0.9920330,1.8572,6
17.4480,51.8183,49.4666,0.7912880,CC1=NN(c2ccccc2)C(=O)C1=C(O)C=CC=CN1CCS(=O)(=O)CC1,1,1.0000000,1.0000,0.4651643,0.4652,0.9372976,3.2381,6
9.9422,50.3923,67.7072,0.9226528,CN(C)C=CC=CC(O)=C1C(=O)NNC1=O,1,1.0000000,1.0000,0.8275314,0.8275,0.8949926,3.6041,6
14.8964,24.8198,-24.8014,0.0001436,CN(C)C=CC=CC=C1C(=O)NC(=O)NC1=O,1,0.0000000,0.0000,0.8004260,0.8004,0.9474500,3.1160,6
16.9216,53.5047,-53.4879,0.0001312,COC=C(C=CC=CN(C)C)C(O)=C1C(=O)N(C)C(=S)N(C)C1=O,1,0.0000000,0.0000,0.6237976,0.6238,0.8728840,3.7449,6
38.4950,41.5294,-41.5202,0.0000719,CC(C)N1CCN(C(=O)C2C(c3ccc(CCCOc4ccccc4Br)cc3)=C(CO)C3CCC2N3)CC1,1,0.0000000,0.0000,0.0944169,0.0944,0.6722562,4.5320,6
5.8029,40.8360,74.4637,0.9007782,CN(C)C=CC=CC(O)=C1C(=O)N(C)C(=O)N(C)C1=O,1,1.0000000,1.0000,0.7286829,0.7287,0.9426464,3.1763,6
11.4853,41.6779,64.6143,0.8304085,CN1C(=O)C(=C(O)C=CC=CN2CCCCCC2)C(=O)N(C)C1=O,1,1.0000000,1.0000,0.5455392,0.5455,0.9480567,3.1080,6
16.9068,54.8194,59.2443,0.8911234,O=C1NCCOC(=O)C1=C(O)C=CC=CN1CCCC1,1,1.0000000,1.0000,0.7153616,0.7154,0.9211029,3.3991,6
4.6217,40.0666,72.8780,0.8823795,CC(C=CN(C)C)=CC(O)=C1C(=O)N(C)C(=O)N(C)C1=O,1,1.0000000,1.0000,0.6826161,0.6826,0.9348478,3.2648,6
4.6217,40.0666,-40.0666,0.0000000,CC(C=CN(C)C)=CC(O)=C1C(=O)N(C)C(=O)N(C)C1=O,2,0.0000000,1.0000,0.0000000,0.6826,0.0000000,3.2648,6
10.8101,49.1028,-49.1028,0.0000000,CN1C(=O)C(=C(O)C=CC=CN2CCc3ccccc32)C(=O)N(C)C1=S,2,0.0000000,1.0000,0.0000000,0.4522,0.0000000,3.1999,6
7.0360,45.9759,62.7360,0.8493115,CC(C=CN1CCN(C)CC1)=CC(O)=C1C(=O)ON=C1C,1,1.0000000,1.0000,0.6215260,0.6215,0.8911079,3.6306,6
14.3908,36.4353,-36.4179,0.0001361,CN1C(=O)C(=C(O)N(C)c2ccccc2)C(=O)N(C)C1=O,1,0.0000000,0.0000,0.6458591,0.6459,0.9766984,2.5664,6
20.9486,62.9814,-62.9663,0.0001182,CCN1C(=O)C(=C(O)C=C(C)C=CN=c2[nH]c(=N)c3ccccc3[nH]2)C(=O)N(CC)C1=O,1,0.0000000,0.0000,0.4370178,0.4370,0.8650689,3.7896,6
19.4356,29.6333,-29.6178,0.0001210,CC=CC=CC=CC=CC1(C)NC(=O)OC1=O,1,0.0000000,0.0000,0.5530607,0.5531,0.7175068,4.3928,6
8.6011,45.8704,62.9514,0.8501706,O=C1NC(=O)C(=C(O)C=CC=CN2CCc3ccccc32)C(=O)N1,1,1.0000000,1.0000,0.5915347,0.5915,0.9496189,3.0871,6
8.6216,56.4611,57.6803,0.8917294,CC(C=CN1CCCC1)=CC(O)=C1C(=O)NNC1=O,1,1.0000000,1.0000,0.7363049,0.7363,0.8922976,3.6226,6
9.6976,51.5338,48.2984,0.7799390,CC(=CC=CC(O)=C1C(=O)NC(=S)NC1=O)N1CCCc2ccccc21,1,1.0000000,1.0000,0.4385077,0.4385,0.9468521,3.1238,6
9.4170,41.8562,67.2329,0.8522586,CC(C=CN(C)C)=CC(O)=C1C(=O)N(C)N=C1C,1,1.0000000,1.0000,0.6221624,0.6222,0.9030575,3.5462,6
10.6800,41.7376,69.6145,0.8699384,CCCN(C=CC=CC(O)=C1C(=O)NC(=O)NC1=O)CCC,1,1.0000000,1.0000,0.6502406,0.6502,0.9336042,3.2780,6
6.1458,48.0896,63.6428,0.8729093,O=C1ON=C(C(F)(F)F)C1=C(O)C=CC=CN(CCO)CCO,1,1.0000000,1.0000,0.7054237,0.7054,0.8588756,3.8235,6
9.9457,41.6289,70.3941,0.8751795,CN1C(=O)C(=C(O)C=CC=CN2CCCC2)C(=O)N(C)C1=O,1,1.0000000,1.0000,0.6592816,0.6593,0.9417220,3.1874,6
7.7597,42.1274,69.1449,0.8693149,CC1(C)OC(=O)C(=C(O)C=CC=CN2CCOCC2)C(=O)O1,1,1.0000000,1.0000,0.6540733,0.6541,0.9242561,3.3703,6
21.1255,61.5121,47.7062,0.8532680,C=CCN(C(C)=CC=CC(O)=C1C(=O)NC(=S)NC1=O)C1CCNC1,1,1.0000000,1.0000,0.6784337,0.6784,0.8179937,4.0210,6
9.0679,44.1831,65.0598,0.8534598,CCN(C=CC=CC(O)=C1C(=O)N(C)C(=S)N(C)C1=O)CC,1,1.0000000,1.0000,0.6153467,0.6153,0.9205025,3.4045,6
6.9897,43.5273,73.2437,0.9122737,CN(C=CC=CC(O)=C1C(=O)N(C)C(=O)N(C)C1=O)CCO,1,1.0000000,1.0000,0.7736070,0.7736,0.9253395,3.3602,6
6.5456,44.7233,67.7041,0.8783392,O=C1NC(=S)NC(=O)C1=C(O)C=CC=CN1CCCCC1,1,1.0000000,1.0000,0.6711265,0.6711,0.9358717,3.2538,6
19.5523,34.8928,-34.8755,0.0001349,CCOC(=O)C(C(N)=S)=C1C(=O)Nc2ccccc21,1,0.0000000,0.0000,0.6282263,0.6282,0.9748115,2.6184,6
7.1479,43.1079,76.0921,0.9312501,CN(C=CC=CC(O)=C1C(=O)NC(=O)NC1=O)CCO,1,1.0000000,1.0000,0.8336890,0.8337,0.9223033,3.3883,6
17.1837,26.3206,-26.3022,0.0001435,CN1C(=O)NC(=O)C(N)(C(F)(F)F)C1=O,1,0.0000000,0.0000,0.8463338,0.8463,0.8820786,3.6891,6
16.1195,19.5927,-19.5746,0.0001416,CC1OCC(O)C(N)C1O,1,0.0000000,0.0000,0.9010803,0.9011,0.7730052,4.2018,6
10.4376,43.7492,69.1545,0.8820606,CC(=CC=CC(O)=C1C(=O)N(C)C(=O)N(C)C1=O)N(C)C,1,1.0000000,1.0000,0.6826161,0.6826,0.9334298,3.2798,6
10.5201,57.8014,6.5168,0.5024862,CCCN(C=CC=CC(O)=C1C(=O)N(c2ccccc2)N=C1C(F)(F)F)CCC,1,1.0000000,1.0000,0.0943603,0.0944,0.9440050,3.1598,6
10.7665,39.3835,74.7428,0.8916117,CC(=CC=CC(O)=C1C(=O)NC(=O)NC1=O)N1CCCC1,1,1.0000000,1.0000,0.6986422,0.6986,0.9498006,3.0846,6
15.7772,44.6078,-44.5932,0.0001144,CCN(C=CC(C)=CC=CC(O)=C1C(=O)OC(C)(C)OC1=O)CC,1,0.0000000,0.0000,0.3757389,0.3757,0.9033490,3.5440,6
32.7359,36.1805,-36.1660,0.0001130,CCN(CC)CC=CCN1CCC(CNC(=O)c2cccc(C(F)(F)F)c2)N1,1,0.0000000,0.0000,0.3575295,0.3575,0.9110891,3.4841,6
8.9761,44.4299,62.7698,0.8374980,CC(C=CN1CCSCC1)=CC(O)=C1C(=O)N(C)C(=O)N(C)C1=O,1,1.0000000,1.0000,0.5872793,0.5873,0.8993280,3.5735,6
13.4028,54.8148,17.9054,0.5681269,CC1=NN(c2ccccc2)C(=O)C1=C(O)C=CC=CN1Cc2ccccc2C1,1,1.0000000,1.0000,0.1432815,0.1433,0.9577287,2.9672,6
13.7203,48.9152,62.8343,0.8730431,CC(N)=CC=CC(O)=C1C(=O)ON=C1C,1,1.0000000,1.0000,0.7048333,0.7048,0.8602924,3.8159,6
15.5920,49.0281,-49.0117,0.0001285,CC(=CC(O)=C1C(=O)ON=C1C)N1CCCCC1,1,0.0000000,0.0000,0.5490746,0.5491,0.9336482,3.2775,6
28.3392,33.0648,-33.0462,0.0001452,CC=[N+]([O-])CC(=O)NCCCCN(C)C,1,0.0000000,0.0000,0.8254115,0.8254,0.9562007,2.9914,6
9.8080,44.9562,70.7225,0.9037395,CC1(C)OC(=O)C(=C(O)C=CC=CN(CCO)CCO)C(=O)O1,1,1.0000000,1.0000,0.7647152,0.7647,0.9019492,3.5544,6
18.0440,35.5118,-35.4964,0.0001198,CC(=CC=CC1(C)NC(=O)OC1(C)C)N(C)C,1,0.0000000,0.0000,0.5379857,0.5380,0.7126672,4.4082,6
7.9153,41.1233,76.7221,0.9206666,O=C1NC(=O)C(=C(O)C=CC=CN2CCOCC2)C(=O)N1,1,1.0000000,1.0000,0.7897469,0.7897,0.9380899,3.2293,6
9.3563,45.8990,57.2367,0.8057476,CC(C=CN1CCCC1)=CC(O)=C1C(=O)ON=C1C,1,1.0000000,1.0000,0.5218126,0.5218,0.8810862,3.6953,6
17.8373,59.2326,52.5419,0.8732379,CC(C=CN(CCO)CCO)=CC(O)=C1NC(C)(C)CC1=O,1,1.0000000,1.0000,0.7030539,0.7031,0.8637152,3.7971,6
30.6022,28.3324,-28.3161,0.0001268,O=C(O)c1cc2c3n1CC=CC=C3C=C2,1,0.0000000,0.0000,0.5424447,0.5424,0.8956379,3.5996,6
10.4689,22.7963,-22.7800,0.0001271,COC(=O)C1=C(C)N=C(C)NC1c1ccccc1,1,0.0000000,0.0000,0.5144350,0.5144,0.9635963,2.8659,6
9.8103,45.7052,72.5120,0.9235718,CN1C(=O)C(=C(O)C=CC=CN(CCO)CCO)C(=O)N(C)C1=O,1,1.0000000,1.0000,0.8110528,0.8111,0.9206993,3.4027,6
13.4621,17.4739,-17.4553,0.0001450,OCC1OC(Oc2ccccc2)C(O)C(O)C1O,1,0.0000000,0.0000,0.8314739,0.8315,0.9420540,3.1834,6
6.9766,42.6482,69.7893,0.8784179,CC(C=CN1CCN(C)CC1)=CC(O)=C1C(=O)N(C)C(=O)N(C)C1=O,1,1.0000000,1.0000,0.6732225,0.6732,0.9327272,3.2871,6
7.0361,41.4219,76.6026,0.9220663,CN(C=CC=CC(O)=C1C(=O)NC(=S)NC1=O)CCO,1,1.0000000,1.0000,0.8153736,0.8154,0.9086004,3.5039,6
15.7818,54.8154,61.6308,0.9097357,CC(=CC=CC(O)=C1C(=O)NNC1=O)N1CCC1,1,1.0000000,1.0000,0.7767255,0.7767,0.9101711,3.4914,6
11.2417,44.5307,-44.5140,0.0001300,CN1CCN(C=CC=CC=CC(O)=C2C(=O)OC(C)(C)OC2=O)CC1,1,0.0000000,0.0000,0.5793107,0.5793,0.9176319,3.4296,6
5.9886,47.4347,60.9652,0.8468747,CCN1C(=O)C(=C(O)C=C(C)C=CN(C)C)C(=O)N(CC)C1=O,1,1.0000000,1.0000,0.5885762,0.5886,0.9398903,3.2088,6
10.9424,48.5592,50.3648,0.7728439,CC(C=CN(C)c1ccccc1)=CC(O)=C1C(=O)N(C)C(=O)N(C)C1=O,1,1.0000000,1.0000,0.4244023,0.4244,0.9476595,3.1133,6
11.8559,57.9524,50.0301,0.8436134,CC(C=CN(C)CCCN=[N+]=[N-])=CC(O)=C1C(=O)C(=O)N(C)C1=O,1,1.0000000,1.0000,0.6195357,0.6195,0.8696067,3.7639,7
26.9508,62.4287,-62.4121,0.0001299,CCN(C(=O)C(C)=C(O)C=CC(O)=C1C(=O)NNC1=O)c1ccccc1,1,0.0000000,0.0000,0.5731607,0.5732,0.9288030,3.3268,7
7.5114,47.1116,67.3370,0.8941298,O=C1NC(=S)NC(=O)C1=C(O)C=CC=CN1CCCC1,1,1.0000000,1.0000,0.7178530,0.7179,0.9303361,3.3116,7
8.5866,49.7133,34.5071,0.6579721,CC(=CC=CC(O)=C1C(=O)ON=C1C)N1CCCc2ccccc21,1,1.0000000,1.0000,0.2449837,0.2450,0.9321953,3.2926,7
8.5711,43.6898,-43.6723,0.0001364,CC(C=C(O)C=CN(C)C)=C1C(=O)N(C)C(=O)N(C)C1=O,1,0.0000000,0.0000,0.6826161,0.6826,0.9239112,3.3735,7
7.1933,39.8227,78.0226,0.9206666,O=C1NC(=O)C(=C(O)C=CC=CN2CCOCC2)C(=O)N1,1,1.0000000,1.0000,0.7897469,0.7897,0.9380899,3.2293,7
10.0072,49.1758,44.8947,0.7349258,CC(=CC=CC(O)=C1C(=O)N(C)C(=O)N(C)C1=O)N1CCCc2ccccc21,1,1.0000000,1.0000,0.3547052,0.3547,0.9514406,3.0618,7
13.1610,50.2019,58.1403,0.8464239,CCN(CC)C(C)=CC=CC(O)=C1C(=O)N(C)C(=O)N(C)C1=O,1,1.0000000,1.0000,0.5885762,0.5886,0.9377908,3.2326,7
13.4131,19.8577,-19.8390,0.0001466,CCN1C(=O)CCC1=O,1,0.0000000,0.0000,0.8305784,0.8306,0.9877722,2.1390,7
7.4656,44.1610,62.0676,0.8299113,CCN(CC)C(C)=CC=CC(O)=C1C(=O)N(C)C(=S)N(C)C1=O,1,1.0000000,1.0000,0.5550452,0.5550,0.9262730,3.3513,7
6.7999,42.6482,69.7893,0.8784179,CC(C=CN1CCN(C)CC1)=CC(O)=C1C(=O)N(C)C(=O)N(C)C1=O,1,1.0000000,1.0000,0.6732225,0.6732,0.9327272,3.2871,7
6.9578,41.5981,70.2366,0.8737089,CC(=CC=CC(O)=C1C(=O)NC(=O)NC1=O)N1CCCCC1,1,1.0000000,1.0000,0.6490593,0.6491,0.9527942,3.0425,7
9.1941,62.1618,34.0984,0.7520329,CC(=CC=CC(O)=C1C(=O)N(C)C(=S)N(C)C1=O)N1CCc2ccccc21,1,1.0000000,1.0000,0.3869531,0.3870,0.9440712,3.1589,7
9.0584,50.6083,53.5887,0.8140390,CC(C=CN(CCO)CCO)=CC(O)=C1C(=O)N(c2ccccc2)N=C1C,1,1.0000000,1.0000,0.5136160,0.5136,0.9374403,3.2365,7
9.4025,42.6603,68.4853,0.8683248,CCN(C=CC=CC(O)=C1C(=O)N(C)C(=O)N(C)C1=O)CC,1,1.0000000,1.0000,0.6462340,0.6462,0.9332489,3.2817,7
29.3164,75.5132,21.9919,0.7617593,COC(=O)C1=C(C)N(C=C(C)C=O)CC(=C(O)C=CC=CN2CCCC2)C1=O,1,1.0000000,1.0000,0.4430859,0.4431,0.8469329,3.8855,7
9.6578,42.6601,70.2380,0.8820161,CC(=CC=CC(O)=C1C(=O)N(C)C(=O)N(C)C1=O)N1CCOCC1,1,1.0000000,1.0000,0.6747556,0.6748,0.9462931,3.1310,7
10.3730,45.3455,43.5995,0.6948826,O=C1C(=C(O)C=CC=CN2CCOCC2)C(C(F)(F)F)=NN1c1ccccc1,1,1.0000000,1.0000,0.2924515,0.2925,0.9479020,3.1101,7
7.8962,41.1110,74.7625,0.9052612,O=C1NC(=O)C(=C(O)C=CC=CN2CCCC2)C(=O)N1,1,1.0000000,1.0000,0.7427731,0.7428,0.9406392,3.2001,7
8.5736,43.5764,70.5606,0.8916950,O=C1NC(=O)C(=C(O)C=CC=CN2CCSCC2)C(=O)N1,1,1.0000000,1.0000,0.7251722,0.7252,0.9086136,3.5038,7
13.6394,39.1485,-39.1331,0.0001204,CC(C=CN1CCCc2ccccc21)=CC=C1C(=O)NC(=S)NC1=O,1,0.0000000,0.0000,0.4315275,0.4315,0.9462374,3.1317,7
7.1084,32.4555,75.9180,0.8466674,CC(C=CN(C)C)=CC(O)=C1C(=O)OC(C)(C)OC1=O,1,1.0000000,1.0000,0.6012544,0.6013,0.9152168,3.4502,7
5.9282,44.0921,67.1017,0.8687013,CC(C=CN(C)C)=CC(O)=C1C(=O)N(C)C(=S)N(C)C1=O,1,1.0000000,1.0000,0.6541581,0.6542,0.9213758,3.3967,7
13.2001,29.4259,-29.4077,0.0001422,CCN1C(=O)N=C(C)C(C(=O)OC)C1=O,1,0.0000000,0.0000,0.7855973,0.7856,0.9280026,3.3347,7
6.9269,46.4608,63.5201,0.8592255,O=C1NC(=S)NC(=O)C1=C(O)C=CC=CN1CCCCCC1,1,1.0000000,1.0000,0.6189719,0.6190,0.9402537,3.2046,7
24.5598,42.0319,-42.0248,0.0000554,CC(=CC=CC(C)=C1C(=O)N(c2ccc3ccccc3c2)c2ccccc21)N(C)C,1,0.0000000,0.0000,0.0281748,0.0282,0.9646648,2.8457,7
6.9098,40.1985,75.0229,0.9001672,CCN(C=CC=CC(O)=C1C(=O)NC(=O)NC1=O)CC,1,1.0000000,1.0000,0.7344686,0.7345,0.9310852,3.3040,7
12.0202,39.3644,73.0630,0.8783392,O=C1NC(=S)NC(=O)C1=C(O)C=CC=CN1CCCCC1,1,1.0000000,1.0000,0.6711265,0.6711,0.9358717,3.2538,7
7.9660,45.5506,71.9674,0.9181094,CC(C=CN(C)CCO)=CC(O)=C1C(=O)NC(=O)NC1=O,1,1.0000000,1.0000,0.8022847,0.8023,0.9098345,3.4941,7
9.4230,40.5039,74.2796,0.8967455,CN1CCN(C=CC=CC(O)=C2C(=O)N(C)C(=O)N(C)C2=O)CC1,1,1.0000000,1.0000,0.7176911,0.7177,0.9420753,3.1832,7
10.6597,43.4207,67.7705,0.8686817,CC1=NOC(=O)C1=C(O)C=CC=CN(C)C,1,1.0000000,1.0000,0.6787779,0.6788,0.8813362,3.6938,7
8.2106,52.6521,59.5376,0.8764821,CN(C=CC=CC(O)=C1C(=O)NC(=O)NC1=O)CCCN=[N+]=[N-],1,1.0000000,1.0000,0.6939445,0.6939,0.8911099,3.6306,7
10.4281,46.8883,45.2808,0.7200715,CCCCN(CCCC)C(C)=CC=CC(O)=C1C(=O)N(C)C(=O)N(C)C1=O,1,1.0000000,1.0000,0.3327279,0.3327,0.9429110,3.1731,7
19.0289,113.9835,-52.2255,0.4824847,CCN(C=CC(C)=CC(O)=C1C(=O)ON=C1C)C(C)=CC=CC=CC(C)=CC(O)=C1C(=O)N(C)C(=S)N(C)C1=O,1,1.0000000,1.0000,0.1051095,0.1051,0.6992957,4.4502,7
7.7779,45.7890,70.9820,0.9122737,CN(C=CC=CC(O)=C1C(=O)N(C)C(=O)N(C)C1=O)CCO,1,1.0000000,1.0000,0.7736070,0.7736,0.9253395,3.3602,7
8.5091,52.0016,59.3106,0.8696262,CC(=CC=CC(O)=C1C(=O)N(C)C(=S)N(C)C1=O)N1CCN(C)CC1,1,1.0000000,1.0000,0.6455898,0.6456,0.9402623,3.2045,7
39.9507,33.8642,-33.8509,0.0001040,CCNC(=O)c1ccc(-c2nn(CC3CN4CCC3CC4)c(=O)c3ccccc23)cc1,1,0.0000000,0.0000,0.2707473,0.2707,0.8956531,3.5995,7
25.5785,68.4273,24.6319,0.7270249,CC(C=CN1CCc2ccc(N=CN(C)C)cc21)=CC(O)=C1C(=O)N(C)C(=O)N(C)C1=O,1,1.0000000,1.0000,0.3614330,0.3614,0.8889422,3.6450,7
8.2021,49.6039,53.8353,0.8081190,CCCCN(C=CC=CC(O)=C1C(=O)NC(=S)NC1=O)CCCC,1,1.0000000,1.0000,0.5026340,0.5026,0.9330266,3.2840,7
11.3609,44.1713,54.0847,0.7676243,CC(=CC=CC(O)=C1C(=O)Nc2ccccc21)N1CCN(C)CC1,1,1.0000000,1.0000,0.4084602,0.4085,0.9643730,2.8513,7
6.9844,38.1482,77.1514,0.9007782,CN(C)C=CC=CC(O)=C1C(=O)N(C)C(=O)N(C)C1=O,1,1.0000000,1.0000,0.7286829,0.7287,0.9426464,3.1763,7
8.0676,38.2042,71.2161,0.8548460,CN1C(=O)C(=C(O)C=CC=CN2CCCCC2)C(=O)N(C)C1=O,1,1.0000000,1.0000,0.6053218,0.6053,0.9452474,3.1443,7
13.2484,68.5388,2.7616,0.5570346,CCCCCCCCN(C=CC(C)=CC(O)=C1C(=O)N(C)C(=S)N(C)C1=O)CCC,1,1.0000000,1.0000,0.1372766,0.1373,0.9280879,3.3338,7
12.4587,46.3827,-46.3656,0.0001334,CC(C=CC=CN1CCCCCC1)=C1C(=O)NNC1=O,1,0.0000000,0.0000,0.6364214,0.6364,0.9142542,3.4582,7
13.2565,57.3375,50.4231,0.8418797,CC(=CC=CC(O)=C1C(=O)NNC1=O)N(C)C1CCCCC1,1,1.0000000,1.0000,0.5880391,0.5880,0.9178311,3.4279,7
9.2392,36.8375,48.8083,0.6691077,CCN(CC)C(C)=CC=CC(O)=C1C(=O)c2ccccc2C1=O,1,1.0000000,1.0000,0.2531784,0.2532,0.9615490,2.9029,7
7.1808,45.2962,-45.2962,0.0000000,O=C1NC(=S)NC(=O)C1=C(O)C=CC=CN1CCCCC1,2,0.0000000,1.0000,0.0000000,0.6711,0.0000000,3.2538,7
6.2780,48.5687,69.6485,0.9235718,CN1C(=O)C(=C(O)C=CC=CN(CCO)CCO)C(=O)N(C)C1=O,1,1.0000000,1.0000,0.8110528,0.8111,0.9206993,3.4027,7
18.9581,26.6883,-26.6706,0.0001383,CC1=NOC1C(=O)NCc1ccccc1,1,0.0000000,0.0000,0.6902170,0.6902,0.9664015,2.8117,7
8.8661,38.2604,80.9679,0.9314712,O=C1NC(=S)NC(=O)C1=C(O)C=CC=CN(CCO)CCO,1,1.0000000,1.0000,0.8468843,0.8469,0.9059886,3.5241,7
9.2632,53.7794,59.3185,0.8835769,CC(C=CN(C)CCO)=CC(O)=C1C(=O)N(C)C(=S)N(C)C1=O,1,1.0000000,1.0000,0.7092400,0.7092,0.8979959,3.5830,7
11.0056,54.5748,53.8724,0.8472434,CCN1C(=O)C(=C(O)C=C(C)C=CN(C)CCO)C(=O)N(C(C)C)C1=O,1,1.0000000,1.0000,0.6031306,0.6031,0.9144099,3.4569,7
8.9169,52.4342,37.1275,0.6997005,CCN1C(=O)C(=C(O)C=CC=CN2CCCc3ccccc32)C(=O)N(CC)C1=O,1,1.0000000,1.0000,0.2992061,0.2992,0.9494385,3.0895,7
8.1857,48.5843,51.2479,0.7799390,CC(=CC=CC(O)=C1C(=O)NC(=S)NC1=O)N1CCCc2ccccc21,1,1.0000000,1.0000,0.4385077,0.4385,0.9468521,3.1238,7
9.9012,47.8004,64.7824,0.8795528,CC(=CC=CC(O)=C1C(=O)NC(=S)NC1=O)N1CCCC1,1,1.0000000,1.0000,0.6711265,0.6711,0.9413145,3.1922,7
8.3097,39.4503,78.6493,0.9226528,CN(C)C=CC=CC(O)=C1C(=O)NNC1=O,1,1.0000000,1.0000,0.8275314,0.8275,0.8949926,3.6041,7
10.8074,54.3417,41.0842,0.7455143,CC(C=CN(C)CCCN=[N+]=[N-])=CC(O)=C1C(=O)ON=C1C,1,1.0000000,1.0000,0.4291356,0.4291,0.8038993,4.0809,7
11.4550,25.4542,-25.4360,0.0001421,CN(C)C=CC=CC=C1C(=O)NC(=S)NC1=O,1,0.0000000,0.0000,0.7792072,0.7792,0.9360616,3.2517,7
6.8562,45.9759,62.7360,0.8493115,CC(C=CN1CCN(C)CC1)=CC(O)=C1C(=O)ON=C1C,1,1.0000000,1.0000,0.6215260,0.6215,0.8911079,3.6306,7
12.5737,54.6305,39.9059,0.7385656,CCCCCCCN(C=CC=CC(O)=C1C(=O)NC(=S)NC1=O)CCC,1,1.0000000,1.0000,0.3652102,0.3652,0.9379567,3.2308,7
8.7278,50.1115,60.1576,0.8614774,CN1C(=O)C(=C(O)C=CC=CN2CCSCC2)C(=O)N(C)C1=O,1,1.0000000,1.0000,0.6408074,0.6408,0.9119086,3.4775,7
7.6213,45.1641,60.5970,0.8262586,O=C1NC(=O)C(=C(O)C=CC=CN2CCCc3ccccc32)C(=O)N1,1,1.0000000,1.0000,0.5346638,0.5347,0.9510214,3.0677,7
25.6441,38.4809,-38.4641,0.0001310,CN(C)C1=CC(=O)C(=O)C=C1N1CCCC2(CN(C)C(=O)O2)C1,1,0.0000000,0.0000,0.7020769,0.7021,0.7530882,4.2735,7
8.3038,48.1435,60.5183,0.8489200,CC(C=CN1CCCCCC1)=CC(O)=C1C(=O)NC(=O)NC1=O,1,1.0000000,1.0000,0.5936887,0.5937,0.9396583,3.2115,7
7.2203,42.2071,70.1978,0.8781632,CC(C=CN1CCOCC1)=CC(O)=C1C(=O)N(C)C(=O)N(C)C1=O,1,1.0000000,1.0000,0.6747556,0.6748,0.9290526,3.3243,8
6.7080,54.6422,46.9225,0.7934741,CC(=CC=CC(O)=C1C(=O)ON=C1C(F)(F)F)N(C)C,1,1.0000000,1.0000,0.5018807,0.5019,0.8655993,3.7866,8
14.6062,17.0541,-17.0374,0.0001306,CC1(C)OC(=O)C(C=Nc2ccccc2)C(=O)O1,1,0.0000000,0.0000,0.5646407,0.5646,0.9670447,2.7987,8
6.5451,42.4946,71.2603,0.8887104,CN(C)C=CC=CC(O)=C1C(=O)N(C)C(=S)N(C)C1=O,1,1.0000000,1.0000,0.7028484,0.7028,0.9301632,3.3133,8
7.0968,46.2863,68.7438,0.8986729,CC(C=CN(C)C)=CC(O)=C1C(=O)NC(=S)NC1=O,1,1.0000000,1.0000,0.7383605,0.7384,0.9187657,3.4198,8
12.6248,53.9148,54.1780,0.8444751,CCN1C(=O)C(=C(O)C=C(C)C=CN2CCOCC2)C(=O)N(CC)C1=O,1,1.0000000,1.0000,0.5866305,0.5866,0.9324538,3.2900,8
13.7528,35.9281,-35.9100,0.0001413,CCOC(O)=C1C(=O)N(CC)C(=O)N(CC)C1=O,1,0.0000000,0.0000,0.7384440,0.7384,0.9745992,2.6240,8
7.9848,49.6471,53.3561,0.8047123,CC(=CC=CC(O)=C1C(=O)ON=C1C(F)(F)F)N1CCOCC1,1,1.0000000,1.0000,0.5082779,0.5083,0.9044181,3.5360,8
11.3993,52.0337,-3.8914,0.3761114,CCCCCCCCN(CCCCCCCC)C(C)=CC=CC(O)=C1C(=O)N(C)C(=O)N(C)C1=O,1,1.0000000,1.0000,0.0341324,0.0341,0.9473895,3.1168,8
7.8249,43.5579,71.2214,0.8967127,CN1C(=O)C(=C(O)C=CC=CN2CCOCC2)C(=O)N(C)C1=O,1,1.0000000,1.0000,0.7196373,0.7196,0.9388744,3.2204,8
19.9920,52.9338,17.3484,0.5490797,CCN(C=CC(C)=CC(O)=C1C(=O)N(c2ccc(C#N)cc2)N=C1C(F)(F)F)CC,1,1.0000000,1.0000,0.1309452,0.1309,0.9246158,3.3670,8
21.0785,20.2858,-20.2690,0.0001311,O=C(O)CSC(=O)C=Cc1ccccc1,1,0.0000000,0.0000,0.5618806,0.5619,0.9855753,2.2481,8
8.6949,41.7873,72.4084,0.8921543,CCN1C(=O)C(=O)C(=C(O)C=C(C)C=CN(C)C)C1=O,1,1.0000000,1.0000,0.7094905,0.7095,0.9347856,3.2654,8
9.1567,41.6197,73.1637,0.8967455,CN1CCN(C=CC=CC(O)=C2C(=O)N(C)C(=O)N(C)C2=O)CC1,1,1.0000000,1.0000,0.7176911,0.7177,0.9420753,3.1832,8
7.5015,46.5559,51.5217,0.7662313,CCN(C=CC=CC(O)=C1C(=O)ON=C1C(F)(F)F)CC,1,1.0000000,1.0000,0.4413236,0.4413,0.8721734,3.7490,8
8.5650,44.7218,61.0393,0.8262586,O=C1NC(=O)C(=C(O)C=CC=CN2CCCc3ccccc32)C(=O)N1,1,1.0000000,1.0000,0.5346638,0.5347,0.9510214,3.0677,8
13.2019,44.4125,59.0345,0.8081799,CCN1C(=O)NC(=O)C(=C(O)C=CC=CN(C)c2ccccc2)C1=O,1,1.0000000,1.0000,0.4914483,0.4914,0.9588715,2.9486,8
11.2968,45.7942,55.7482,0.7932994,CCCN(CCC)C(C)=CC=CC(O)=C1C(=O)N(C)C(=O)N(C)C1=O,1,1.0000000,1.0000,0.4690246,0.4690,0.9379965,3.2303,8
33.2551,45.6713,-45.6713,0.0000000,c1c2cccc(O)c2cc2c1c1c(cc2)=C([N+](=O)O)C(=O)NN1,0,0.0000000,0.0000,0.0000000,0.0000,0.0000000,0.0000,8
9.8447,40.6986,77.1467,0.9206666,O=C1NC(=O)C(=C(O)C=CC=CN2CCOCC2)C(=O)N1,1,1.0000000,1.0000,0.7897469,0.7897,0.9380899,3.2293,8
7.9685,55.2876,54.2548,0.8557993,CC(C=CN(C)CCCN=[N+]=[N-])=CC(O)=C1C(=O)NNC1=O,1,1.0000000,1.0000,0.6848125,0.6848,0.8189853,4.0167,8
10.4379,22.7963,-22.7800,0.0001271,COC(=O)C1=C(C)N=C(C)NC1c1ccccc1,1,0.0000000,0.0000,0.5144350,0.5144,0.9635963,2.8659,8
13.6538,45.3645,51.7658,0.7588301,CCCN(CCC)C(C)=CC=CC(O)=C1C(=O)N(C)C(=O)N(CC)C1=O,1,1.0000000,1.0000,0.4014792,0.4015,0.9380189,3.2301,8
6.5022,41.6785,49.6803,0.7137407,CC(C=CN(C)C)=CC(O)=C1C(=O)N(c2ccccc2)N=C1C,1,1.0000000,1.0000,0.3181652,0.3182,0.9587092,2.9512,8
11.2750,46.5050,52.2815,0.7717699,CN1C(=O)C(=C(O)C=CC=CN2CCCc3ccccc32)C(=O)N(C)C1=O,1,1.0000000,1.0000,0.4216018,0.4216,0.9496551,3.0866,8
9.9275,37.7732,47.8726,0.6691077,CCN(CC)C(C)=CC=CC(O)=C1C(=O)c2ccccc2C1=O,1,1.0000000,1.0000,0.2531784,0.2532,0.9615490,2.9029,8
11.0218,46.1003,63.1425,0.8534598,CCN(C=CC=CC(O)=C1C(=O)N(C)C(=S)N(C)C1=O)CC,1,1.0000000,1.0000,0.6153467,0.6153,0.9205025,3.4045,8
9.1849,47.7076,61.7837,0.8554010,CCCN(C=CC=CC(O)=C1C(=O)NC(=S)NC1=O)CCC,1,1.0000000,1.0000,0.6188629,0.6189,0.9229956,3.3820,8
6.1618,48.0896,63.6428,0.8729093,O=C1ON=C(C(F)(F)F)C1=C(O)C=CC=CN(CCO)CCO,1,1.0000000,1.0000,0.7054237,0.7054,0.8588756,3.8235,8
6.1618,48.0896,-48.0896,0.0000000,O=C1ON=C(C(F)(F)F)C1=C(O)C=CC=CN(CCO)CCO,2,0.0000000,1.0000,0.0000000,0.7054,0.0000000,3.8235,8
11.3730,32.5513,-32.5338,0.0001372,CN1C(=O)C(=C(O)C=CN2CCCCC2)C(=O)N(C)C1=O,1,0.0000000,0.0000,0.6772408,0.6772,0.9553299,3.0048,8
14.8045,47.1482,-47.1300,0.0001425,CC(=CC(O)=C1C(=O)N(C)C(=O)N(C)C1=O)N(C)CCO,1,0.0000000,0.0000,0.7862002,0.7862,0.9351079,3.2620,8
9.8032,50.5319,39.1546,0.7006758,CC(C=CN1CCc2ccccc21)=CC(O)=C1C(=O)OC(C)(C)OC1=O,1,1.0000000,1.0000,0.3063015,0.3063,0.9285234,3.3296,8
8.7807,49.9724,-49.9724,0.0000000,CCN1C(=O)C(=C(O)C=C(C)C=CN2CCOCC2)C(=O)N(CC)C1=O,2,0.0000000,1.0000,0.0000000,0.5866,0.0000000,3.2900,8
6.9277,39.2103,76.8189,0.9064781,CCN(C=CC=CC(O)=C1C(=O)NC(=O)C1=O)CC,1,1.0000000,1.0000,0.7561809,0.7562,0.9258699,3.3552,8
8.8941,24.8750,-24.8575,0.0001369,CC(=C1C(=O)NC(=S)NC1=O)c1ccccc1,1,0.0000000,0.0000,0.6585962,0.6586,0.9795676,2.4789,8
9.0986,47.6793,60.6630,0.8464239,CCN(CC)C(C)=CC=CC(O)=C1C(=O)N(C)C(=O)N(C)C1=O,1,1.0000000,1.0000,0.5885762,0.5886,0.9377908,3.2326,8
6.0596,39.9406,75.3590,0.9007782,CN(C)C=CC=CC(O)=C1C(=O)N(C)C(=O)N(C)C1=O,1,1.0000000,1.0000,0.7286829,0.7287,0.9426464,3.1763,8
19.0439,26.6211,-26.6044,0.0001302,CC(C=O)=C(C)C(=O)Nc1ccccc1,1,0.0000000,0.0000,0.5496391,0.5496,0.9859259,2.2319,8
10.4863,56.1595,43.7672,0.7806772,CCCCCCCCN(C=CC=CC(O)=C1C(=O)N(C)C(=O)N(C)C1=O)CCO,1,1.0000000,1.0000,0.4424229,0.4424,0.9405353,3.2013,8
6.8782,46.9611,62.4592,0.8548460,CN1C(=O)C(=C(O)C=CC=CN2CCCCC2)C(=O)N(C)C1=O,1,1.0000000,1.0000,0.6053218,0.6053,0.9452474,3.1443,8
8.2755,51.1163,52.7549,0.8114937,CC1=NOC(=O)C1=C(O)C=CC=CN1CCCCC1,1,1.0000000,1.0000,0.5218126,0.5218,0.9077790,3.5103,8
21.6375,26.8478,-26.8311,0.0001306,CC(C=CC(O)=NO)=CF,1,0.0000000,0.0000,0.6715698,0.6716,0.7833933,4.1625,8
9.9696,46.6318,58.9494,0.8248529,CCCN(C=CC=CC(O)=C1C(=O)N(C)C(=O)N(C)C1=O)CCC,1,1.0000000,1.0000,0.5393516,0.5394,0.9344045,3.2695,8
26.8108,33.1334,-33.1176,0.0001241,O=C(CCCNS(=O)(=O)c1ccccc1)N1CCCc2cnccc21,1,0.0000000,0.0000,0.4642786,0.4643,0.9858428,2.2358,8
4.7196,40.0666,72.8780,0.8823795,CC(C=CN(C)C)=CC(O)=C1C(=O)N(C)C(=O)N(C)C1=O,1,1.0000000,1.0000,0.6826161,0.6826,0.9348478,3.2648,8
24.4936,28.7906,-28.7817,0.0000696,CCCCCCCC=CCCNC(=O)NCCCCCCCC,1,0.0000000,0.0000,0.0613719,0.0614,0.9865433,2.2022,8
6.7492,38.1482,-38.1482,0.0000000,CN(C)C=CC=CC(O)=C1C(=O)N(C)C(=O)N(C)C1=O,2,0.0000000,1.0000,0.0000000,0.7287,0.0000000,3.1763,8
12.0700,36.9606,79.4624,0.9095554,CC(=CC=CC(O)=C1C(=O)NC(=O)NC1=O)N(C)C,1,1.0000000,1.0000,0.7621180,0.7621,0.9303701,3.3112,8
9.9483,32.6425,59.0473,0.7163264,CCN(C=CC=CC(O)=C1C(=O)c2ccccc2C1=O)CC,1,1.0000000,1.0000,0.3219833,0.3220,0.9595465,2.9373,8
20.5346,25.0939,-25.0804,0.0001061,CN1CCN(CCOc2ccc(C3CCc4ccccc4O3)cc2)CC1,1,0.0000000,0.0000,0.2706824,0.2707,0.9766170,2.5688,8
8.1976,42.3412,64.8586,0.8374980,CC(C=CN1CCSCC1)=CC(O)=C1C(=O)N(C)C(=O)N(C)C1=O,1,1.0000000,1.0000,0.5872793,0.5873,0.8993280,3.5735,8
15.6690,34.4041,-34.3876,0.0001292,CN(C)C=CC=CC=CC(=O)OCC(=O)N1CCCCCC1,1,0.0000000,0.0000,0.5400233,0.5400,0.9733145,2.6570,8
8.1813,48.1540,68.1808,0.9088660,O=C1NNC(=O)C1=C(O)C=CC=CN1CCCC1,1,1.0000000,1.0000,0.7767255,0.7767,0.9065220,3.5200,8
11.5101,50.5392,55.2678,0.8266171,CC(=CC=CC(O)=C1C(=O)NC(=O)NC1=O)N1CCc2ccccc21,1,1.0000000,1.0000,0.5346638,0.5347,0.9527556,3.0431,8
11.9020,45.9448,56.9850,0.8041394,CCN(C(C)=CC=CC(O)=C1C(=O)NC(=O)NC1=O)c1ccccc1,1,1.0000000,1.0000,0.4844288,0.4844,0.9552470,3.0061,8
10.6681,42.8940,73.5210,0.9094922,CC(C=CN(CCO)CCO)=CC(O)=C1C(=O)N(C)C(=O)N(C)C1=O,1,1.0000000,1.0000,0.7770474,0.7770,0.9086961,3.5031,8
9.3988,46.1819,64.7910,0.8669757,CC(=CC=CC(O)=C1C(=O)NC(=S)NC1=O)N1CCSCC1,1,1.0000000,1.0000,0.6525392,0.6525,0.9164342,3.4399,8
7.9673,42.9598,62.3705,0.8228925,CC1(C)OC(=O)C(=C(O)C=CC=CN2CCSCC2)C(=O)O1,1,1.0000000,1.0000,0.5568551,0.5569,0.8903290,3.6358,8
7.7594,40.5964,-40.5964,0.0000000,CN1C(=O)C(=C(O)C=CC=CN2CCCCC2)C(=O)N(C)C1=O,2,0.0000000,1.0000,0.0000000,0.6053,0.0000000,3.1443,8
7.3630,48.0774,66.8857,0.8981489,CC(=CC=CC(O)=C1C(=O)NN(C)C1=O)N(C)C,1,1.0000000,1.0000,0.7600979,0.7601,0.8851556,3.6696,8
18.8662,61.0122,-60.9958,0.0001287,CC(=CC(C)=C1C(=O)N(C)C(=S)N(C)C1=O)C(O)=C1C(=O)ON=C1C,1,0.0000000,0.0000,0.5873720,0.5874,0.8655295,3.7870,8
8.9774,52.8810,50.7911,0.8099386,O=C1NC(=S)NC(=O)C1=C(O)C=CC=CN1CCCc2ccccc21,1,1.0000000,1.0000,0.5015436,0.5015,0.9443403,3.1556,8
13.5414,40.7462,77.2201,0.9216119,CC(=CC=CC(O)=C1C(=O)NC(=O)NC1=O)N(C)CCO,1,1.0000000,1.0000,0.8022847,0.8023,0.9245015,3.3680,8
24.7203,56.5089,-56.4970,0.0000928,CCOC(=O)N1C(=O)C(CC)(CC)C1(C)C=CC(C)=CC(O)=C1C(=O)OC(C)(C)OC1=O,1,0.0000000,0.0000,0.2123481,0.2123,0.7432135,4.3077,9
9.2635,50.4115,52.8063,0.8063891,CC1=NN(c2ccccc2)C(=O)C1=C(O)C=CC=CN(C)CCO,1,1.0000000,1.0000,0.4907760,0.4908,0.9515412,3.0604,9
9.0582,44.5051,63.8683,0.8466674,CC(C=CN(C)C)=CC(O)=C1C(=O)OC(C)(C)OC1=O,1,1.0000000,1.0000,0.6012544,0.6013,0.9152168,3.4502,9
16.6448,23.9585,-23.9409,0.0001373,CC1=CC(C)(O)OC(=O)C1,1,0.0000000,0.0000,0.7852702,0.7853,0.8022321,4.0878,9
6.0648,46.9611,62.4592,0.8548460,CN1C(=O)C(=C(O)C=CC=CN2CCCCC2)C(=O)N(C)C1=O,1,1.0000000,1.0000,0.6053218,0.6053,0.9452474,3.1443,9
10.1289,53.2748,45.4198,0.7710520,CCN1C(=O)C(=C(O)C=C(C)C=CN2CCCCC2)C(=O)N(CC)C1=O,1,1.0000000,1.0000,0.4243140,0.4243,0.9386996,3.2224,9
11.3029,48.7696,53.2885,0.7973285,CCN1C(=O)C(=C(O)C=CC=C(C)N2CCSCC2)C(=O)N(CC)C1=O,1,1.0000000,1.0000,0.4798601,0.4799,0.9322644,3.2919,9
32.8291,33.0061,-32.9892,0.0001316,CCN(C)c1cccc(NC(=O)C(C)=NO)c1,1,0.0000000,0.0000,0.5734976,0.5735,0.9793129,2.4872,9
5.5608,40.1290,72.8155,0.8823795,CC(C=CN(C)C)=CC(O)=C1C(=O)N(C)C(=O)N(C)C1=O,1,1.0000000,1.0000,0.6826161,0.6826,0.9348478,3.2648,9
18.9436,45.8557,-45.8387,0.0001332,CC1CCCN(C=CC(O)=C2C(=O)N(C)C(=O)N(C)C2=O)C1,1,0.0000000,0.0000,0.6415829,0.6416,0.8996167,3.5714,9
12.8408,63.3473,26.2933,0.7003166,CC(C=CN(C)CCO)=CC(O)=C1C(=O)N(c2ccccc2)N=C1C(F)(F)F,1,1.0000000,1.0000,0.3047430,0.3047,0.9322153,3.2924,9
6.6623,54.6422,46.9225,0.7934741,CC(=CC=CC(O)=C1C(=O)ON=C1C(F)(F)F)N(C)C,1,1.0000000,1.0000,0.5018807,0.5019,0.8655993,3.7866,9
7.3529,47.6443,61.9024,0.8558338,CC(=CC=CC(O)=C1C(=O)N(C)C(=O)N(C)C1=O)N1CCCC1,1,1.0000000,1.0000,0.6053218,0.6053,0.9498433,3.0840,9
8.5324,38.1365,78.8931,0.9142940,CN(C)C=CC=CC(O)=C1C(=O)NC(=S)NC1=O,1,1.0000000,1.0000,0.7778389,0.7778,0.9278829,3.3358,9
21.0062,22.7723,-22.7544,0.0001395,CCN(CC)C1CCN(C(C)=O)CC1,1,0.0000000,0.0000,0.6973793,0.6974,0.9882478,2.1129,9
9.8706,41.5771,69.8011,0.8701428,CN1CCN(C=CC=CC(O)=C2C(=O)OC(C)(C)OC2=O)CC1,1,1.0000000,1.0000,0.6534698,0.6535,0.9289870,3.3250,9
5.1514,35.0839,83.7935,0.9287299,CN(C)C=CC=CC(O)=C1C(=O)NC(=O)C1=O,1,1.0000000,1.0000,0.8166165,0.8166,0.9347893,3.2654,9
9.8159,45.1709,71.4951,0.9114537,CN1CCN(C=CC=CC(O)=C2C(=O)NC(=S)NC2=O)CC1,1,1.0000000,1.0000,0.7660862,0.7661,0.9327222,3.2872,9
11.8149,48.0216,68.9264,0.9136561,CC(=CC=CC(O)=C1C(=O)N(C)C(=O)N(C)C1=O)N(CCO)CCO,1,1.0000000,1.0000,0.7770474,0.7770,0.9262978,3.3511,9
10.1106,54.9430,43.9810,0.7728439,CC(C=CN(C)c1ccccc1)=CC(O)=C1C(=O)N(C)C(=O)N(C)C1=O,1,1.0000000,1.0000,0.4244023,0.4244,0.9476595,3.1133,9
7.7734,49.3057,58.7872,0.8444751,CCN1C(=O)C(=C(O)C=C(C)C=CN2CCOCC2)C(=O)N(CC)C1=O,1,1.0000000,1.0000,0.5866305,0.5866,0.9324538,3.2900,9
14.0017,55.7055,53.0787,0.8498765,CCCCN(C)C(O)=CC=CC(O)=C1C(=O)N(C)C(=O)N(C)C1=O,1,1.0000000,1.0000,0.5993234,0.5993,0.9334715,3.2794,9
22.3143,61.4490,-61.4388,0.0000792,CCN(CC)C(C)=CC=CC1=CC(=C(O)C=CC=CN(C)c2ccccc2)NC1=O,1,0.0000000,0.0000,0.1071002,0.1071,0.8670102,3.7787,9
10.7718,55.9858,4.0319,0.4688880,CCCCCCCCN(C=CC=CC(O)=C1C(=O)NC(=S)NC1=O)CCCCCCCC,1,1.0000000,1.0000,0.0740022,0.0740,0.9449247,3.1483,9
15.1471,46.5566,64.2227,0.8654626,CN1C(=O)C(=C(O)C=CC=CN2CCCC(CO)C2)C(=O)N(C)C1=O,1,1.0000000,1.0000,0.6740005,0.6740,0.8750859,3.7318,9
11.4392,47.8209,58.2835,0.8289410,CN1C(=O)NC(=O)C(=C(O)C=CC=CN2CCc3ccccc32)C1=O,1,1.0000000,1.0000,0.5407630,0.5408,0.9510226,3.0677,9
7.5970,37.7738,68.1996,0.8279166,CC(C=CN1CCCCC1)=CC(O)=C1C(=O)N(C)C(=O)N(C)C1=O,1,1.0000000,1.0000,0.5455392,0.5455,0.9361656,3.2506,9
7.7550,43.7284,64.1778,0.8430176,CCN(C=CC(C)=CC(O)=C1C(=O)N(C)C(=O)N(C)C1=O)CC,1,1.0000000,1.0000,0.5885762,0.5886,0.9220419,3.3907,9
7.8895,48.1096,-48.1096,0.0000000,CN1CCN(C=CC=CC(O)=C2C(=O)NC(=S)NC2=O)CC1,2,0.0000000,1.0000,0.0000000,0.7661,0.0000000,3.2872,9
6.4674,41.0874,70.0582,0.8683248,CCN(C=CC=CC(O)=C1C(=O)N(C)C(=O)N(C)C1=O)CC,1,1.0000000,1.0000,0.6462340,0.6462,0.9332489,3.2817,9
11.8450,55.8089,-6.8706,0.3823298,CCCCN(CCCC)C(C)=CC=CC(O)=C1C(=O)N(c2ccccc2)N=C1C(F)(F)F,1,1.0000000,1.0000,0.0361674,0.0362,0.9468032,3.1244,9
8.2567,54.4876,45.1137,0.7781348,CC1=NOC(=O)C1=C(O)C=CC=CN1CCCCCC1,1,1.0000000,1.0000,0.4468368,0.4468,0.9167515,3.4372,9
28.8191,29.8772,-29.8598,0.0001359,CC(C)=NN=c1[nH]c(N)c(N)c(=O)n1Cc1ccccc1,1,0.0000000,0.0000,0.6564298,0.6564,0.9519312,3.0549,9
8.2079,47.1134,64.1809,0.8694868,CCN1C(=O)C(=C(O)C=C(C)C=CN(C)CCO)C(=O)N(CC)C1=O,1,1.0000000,1.0000,0.6569107,0.6569,0.9202311,3.4069,9
7.8109,47.8779,42.0879,0.7028578,CC1(C)OC(=O)C(=C(O)C=CC=CN2CCCc3ccccc32)C(=O)O1,1,1.0000000,1.0000,0.3063015,0.3063,0.9407288,3.1991,9
7.8554,52.6521,59.5376,0.8764821,CN(C=CC=CC(O)=C1C(=O)NC(=O)NC1=O)CCCN=[N+]=[N-],1,1.0000000,1.0000,0.6939445,0.6939,0.8911099,3.6306,9
22.0264,23.6162,-23.5994,0.0001313,CCN(CC1NC(C)(C(=O)OC)c2c1c(O)n(C)c2O)C(C)=O,1,0.0000000,0.0000,0.6986242,0.6986,0.7641510,4.2342,9
16.4722,21.8675,-21.8511,0.0001282,CC=CC=CC(=O)OCC(=O)Nc1ccccc1,1,0.0000000,0.0000,0.5186298,0.5186,0.9896392,2.0299,9
17.4907,28.8135,-28.7990,0.0001135,CCCN(C=CC=CCN(CC)CC)CCC,1,0.0000000,0.0000,0.3504167,0.3504,0.9497490,3.0853,9
8.8175,44.7094,62.7863,0.8398103,CN(C=CC=CC(O)=C1C(=O)NC(=S)NC1=O)c1ccccc1,1,1.0000000,1.0000,0.5670111,0.5670,0.9489673,3.0959,9
9.2531,52.4460,42.4811,0.7416176,CCN1C(=O)C(=C(O)C=CC=CN2CCc3ccccc32)C(=O)N(CC)C1=O,1,1.0000000,1.0000,0.3669789,0.3670,0.9488267,3.0978,9
22.3859,66.8576,-66.8476,0.0000779,CC(C=CC=C(C)N1CCSCC1)=CC(O)=C1C(=O)c2ccccc2N(C=CC=CC(=O)O)C1=O,1,0.0000000,0.0000,0.1011363,0.1011,0.8673709,3.7767,9
15.7179,39.3557,-39.3389,0.0001312,COC(C=CC=CN1CCCCC1)=C1C(=O)N(C)C(=O)N(C)C1=O,1,0.0000000,0.0000,0.5921354,0.5921,0.9304893,3.3100,9
7.1880,44.5479,61.7443,0.8304085,CN1C(=O)C(=C(O)C=CC=CN2CCCCCC2)C(=O)N(C)C1=O,1,1.0000000,1.0000,0.5455392,0.5455,0.9480567,3.1080,9
8.2874,51.8892,59.4200,0.8696031,CC(=CC=CC(O)=C1C(=O)NN(C(C)C)C1=O)N(C)C,1,1.0000000,1.0000,0.6760451,0.6760,0.8895651,3.6409,9
7.0096,48.7667,54.5793,0.8073908,CCN1C(=O)C(=C(O)C=CC=CN2CCCCC2)C(=O)N(CC)C1=O,1,1.0000000,1.0000,0.4948104,0.4948,0.9471645,3.1198,9
19.6883,49.2294,46.5374,0.7481782,CC1(C)OC(=O)C(=C(O)C=CC=CN2CCNc3ccccc32)C(=O)O1,1,1.0000000,1.0000,0.3875794,0.3876,0.9221221,3.3899,9
7.9540,47.6780,70.5391,0.9235718,CN1C(=O)C(=C(O)C=CC=CN(CCO)CCO)C(=O)N(C)C1=O,1,1.0000000,1.0000,0.8110528,0.8111,0.9206993,3.4027,9
15.6279,45.7947,-45.7779,0.0001314,CCN1C(=O)C(=C(C)C=C(C)C=CN(C)CCO)C(=O)N(CC)C1=O,1,0.0000000,0.0000,0.6006503,0.6007,0.9198708,3.4101,9
9.8698,30.3230,-30.3046,0.0001436,CC(=C1C(=O)NC(=S)NC1=O)N1CCCC1,1,0.0000000,0.0000,0.7872066,0.7872,0.9666710,2.8063,9
6.9478,46.2863,68.7438,0.8986729,CC(C=CN(C)C)=CC(O)=C1C(=O)NC(=S)NC1=O,1,1.0000000,1.0000,0.7383605,0.7384,0.9187657,3.4198,9
10.5350,53.3842,46.8458,0.7830468,CC(=CC=CC(O)=C1C(=O)N(C)C(=S)N(C)C1=O)N1CCCCCC1,1,1.0000000,1.0000,0.4447117,0.4447,0.9467040,3.1257,9
24.0395,27.9225,-27.9085,0.0001094,CCCCNC(=O)C1(N(C)C)CCN(c2ncnc3sc(C)c(C)c23)CC1,1,0.0000000,0.0000,0.3040244,0.3040,0.9665064,2.8096,9
14.1593,54.6191,34.5119,0.6963362,CCN1C(=O)C(=C(O)C=CC=C(C)N2CCCc3ccccc32)C(=O)N(C)C1=O,1,1.0000000,1.0000,0.2939492,0.2939,0.9504142,3.0762,9
6.0648,46.9611,-46.9611,0.0000000,CN1C(=O)C(=C(O)C=CC=CN2CCCCC2)C(=O)N(C)C1=O,2,0.0000000,1.0000,0.0000000,0.6053,0.0000000,3.1443,9
22.9254,22.8688,-22.8533,0.0001214,CC1=NC(=O)NC(c2cccc(O)c2)C1C(=O)OCC(C)C,1,0.0000000,0.0000,0.4560909,0.4561,0.9175925,3.4300,9
10.1098,47.4709,62.0957,0.8559888,CC(C=CN1CCCCC1)=CC(O)=C1C(=O)NC(=S)NC1=O,1,1.0000000,1.0000,0.6189719,0.6190,0.9254667,3.3590,9
19.4418,27.3430,-27.3244,0.0001452,CN1C(=O)NC(=NC(=O)C2CC2)C1=O,1,0.0000000,0.0000,0.8361939,0.8362,0.9398032,3.2098,9
6.2686,42.6482,69.7893,0.8784179,CC(C=CN1CCN(C)CC1)=CC(O)=C1C(=O)N(C)C(=O)N(C)C1=O,1,1.0000000,1.0000,0.6732225,0.6732,0.9327272,3.2871,9
8.6107,46.3776,65.1555,0.8713519,CCN1C(=O)C(=C(O)C=CC=CN(C)C)C(=O)N(CC)C1=O,1,1.0000000,1.0000,0.6462340,0.6462,0.9469898,3.1220,9
4.7722,40.0666,-40.0666,0.0000000,CC(C=CN(C)C)=CC(O)=C1C(=O)N(C)C(=O)N(C)C1=O,2,0.0000000,1.0000,0.0000000,0.6826,0.0000000,3.2648,9
8.5967,44.0889,70.0481,0.8916950,O=C1NC(=O)C(=C(O)C=CC=CN2CCSCC2)C(=O)N1,1,1.0000000,1.0000,0.7251722,0.7252,0.9086136,3.5038,9
8.1939,38.2604,80.9679,0.9314712,O=C1NC(=S)NC(=O)C1=C(O)C=CC=CN(CCO)CCO,1,1.0000000,1.0000,0.8468843,0.8469,0.9059886,3.5241,9
16.6712,50.3924,-50.3758,0.0001301,CCN1C(=O)C(=C(C=C(C)C=CN(C)C)OC)C(=O)N(CC)C1=O,1,0.0000000,0.0000,0.5744672,0.5745,0.9309942,3.3049,9
7.2681,46.2215,64.9241,0.8683248,CCN(C=CC=CC(O)=C1C(=O)N(C)C(=O)N(C)C1=O)CC,1,1.0000000,1.0000,0.6462340,0.6462,0.9332489,3.2817,10
6.6224,45.0307,64.3451,0.8544985,CC(=CC=CC(O)=C1C(=O)NC(=O)N(C)C1=O)N1CCCCC1,1,1.0000000,1.0000,0.5995510,0.5996,0.9545442,3.0167,10
10.3743,40.2073,60.9688,0.7904384,CCCN(C=CC(C)=CC(O)=C1C(=O)N(C)C(=O)N(C)C1=O)CCC,1,1.0000000,1.0000,0.4690246,0.4690,0.9238704,3.3739,10
14.8240,18.0216,-18.0056,0.0001246,CC(C)=NOC(=O)Nc1ccccc1,1,0.0000000,0.0000,0.4687618,0.4688,0.9898655,2.0153,10
16.4296,50.6901,54.1514,0.8190741,CCN1C(=O)C(=C(O)C=CC=CN(C)CCO)C(=O)N(c2ccccc2)C1=O,1,1.0000000,1.0000,0.5186329,0.5186,0.9508791,3.0697,10
18.9280,68.9318,-21.5473,0.3701909,CCCCCCCCN(C=CC=CC(O)=C1C(=O)N(CC)C(=O)N(N=O)C1=O)CCCCCCCC,1,1.0000000,1.0000,0.0331330,0.0331,0.9184917,3.4222,10
5.1605,40.1290,72.8155,0.8823795,CC(C=CN(C)C)=CC(O)=C1C(=O)N(C)C(=O)N(C)C1=O,1,1.0000000,1.0000,0.6826161,0.6826,0.9348478,3.2648,10
14.5079,46.4382,58.8343,0.8224409,CCN(CC)C(C)=CC=CC(O)=C1C(=O)N(C)C(=O)N(CC)C1=O,1,1.0000000,1.0000,0.5319681,0.5320,0.9383762,3.2261,10
7.1818,42.3471,69.3636,0.8727403,O=C1NC(=O)C(=C(O)C=CC=CN2CCCCCC2)C(=O)N1,1,1.0000000,1.0000,0.6490593,0.6491,0.9483655,3.1039,10
9.0898,51.6962,56.1972,0.8429169,CC(=CC=CC(O)=C1C(=O)ON=C1C)N(C)C,1,1.0000000,1.0000,0.6197402,0.6197,0.8662524,3.7830,10
8.3900,44.1532,70.8209,0.8982353,CC(=CC=CC(O)=C1C(=O)NC(=S)NC1=O)N(C)C,1,1.0000000,1.0000,0.7383605,0.7384,0.9168882,3.4360,10
8.4410,42.6497,69.2886,0.8745186,CN1C(=O)NC(=O)C(=C(O)C=CC=CN2CCCCC2)C1=O,1,1.0000000,1.0000,0.6542109,0.6542,0.9474769,3.1157,10
11.9335,51.5660,5.5243,0.4460174,CCCCCCCCN(C=CC(C)=CC(O)=C1C(=O)NC(=O)NC1=O)CCCCCCCC,1,1.0000000,1.0000,0.0622330,0.0622,0.9428712,3.1736,10
8.4410,42.6497,-42.6497,0.0000000,CN1C(=O)NC(=O)C(=C(O)C=CC=CN2CCCCC2)C1=O,2,0.0000000,1.0000,0.0000000,0.6542,0.0000000,3.1157,10
23.1093,26.4221,-26.4055,0.0001296,CCN(CC)c1cc(=NCCO)c2ccccc2[nH]1,1,0.0000000,0.0000,0.5531272,0.5531,0.9589279,2.9476,10
7.5297,37.7738,68.1996,0.8279166,CC(C=CN1CCCCC1)=CC(O)=C1C(=O)N(C)C(=O)N(C)C1=O,1,1.0000000,1.0000,0.5455392,0.5455,0.9361656,3.2506,10
12.6120,61.4252,35.3307,0.7559056,CCN1C(=O)C(=C(O)C=CC=C(O)Nc2ccccc2)C(=O)N(CC)C1=O,1,1.0000000,1.0000,0.3888888,0.3889,0.9588996,2.9481,10
12.9241,54.9566,47.2300,0.7983329,CC(=CC=CC(O)=C1C(=N)N(C)C(=O)N(C)C1=O)N1CCCCC1,1,1.0000000,1.0000,0.4813385,0.4813,0.9337533,3.2764,10
16.7282,17.4975,-17.4796,0.0001400,O=C1CC(=O)c2c(O)cccc2C1=O,1,0.0000000,0.0000,0.7101765,0.7102,0.9811400,2.4257,10
10.4295,44.0137,69.5562,0.8872649,CC(C=CN1CCCC1)=CC(O)=C1C(=O)NC(=O)NC1=O,1,1.0000000,1.0000,0.6986422,0.6986,0.9305038,3.3099,10
10.1369,50.2741,32.6392,0.6477604,CC(C=CN1CCOCC1)=CC(O)=C1C(=O)N(c2ccccc2)N=C1C(F)(F)F,1,1.0000000,1.0000,0.2303165,0.2303,0.9400491,3.2070,10
7.8305,45.8704,62.9514,0.8501706,O=C1NC(=O)C(=C(O)C=CC=CN2CCc3ccccc32)C(=O)N1,1,1.0000000,1.0000,0.5915347,0.5915,0.9496189,3.0871,10
10.5986,40.7032,69.4154,0.8603011,CC(=CC=CC(O)=C1C(=O)NC(=S)NC1=O)N1CCCCC1,1,1.0000000,1.0000,0.6189719,0.6190,0.9452069,3.1448,10
14.9033,54.4992,-24.4145,0.2350370,CCCCCCCCN(C=CC=CC(O)=C1C(=O)N(c2ccccc2)N=C1C)CCCCCCCC,1,1.0000000,1.0000,0.0065381,0.0065,0.9555081,3.0021,10
5.9492,48.7302,66.0533,0.8967455,CN1CCN(C=CC=CC(O)=C2C(=O)N(C)C(=O)N(C)C2=O)CC1,1,1.0000000,1.0000,0.7176911,0.7177,0.9420753,3.1832,10
9.9306,45.6796,62.3721,0.8441538,CCCN(C=CC(C)=CC(O)=C1C(=O)NC(=O)NC1=O)CCC,1,1.0000000,1.0000,0.5909939,0.5910,0.9227225,3.3845,10
7.8049,49.3146,63.2314,0.8792661,O=C1NC(=S)NC(=O)C1=C(O)C=CC=CN1CCSCC1,1,1.0000000,1.0000,0.6996633,0.6997,0.8942076,3.6095,10
6.1335,45.6593,68.7893,0.8941298,O=C1NC(=S)NC(=O)C1=C(O)C=CC=CN1CCCC1,1,1.0000000,1.0000,0.7178530,0.7179,0.9303361,3.3116,10
5.5967,46.9611,62.4592,0.8548460,CN1C(=O)C(=C(O)C=CC=CN2CCCCC2)C(=O)N(C)C1=O,1,1.0000000,1.0000,0.6053218,0.6053,0.9452474,3.1443,10
6.8371,46.4608,63.5201,0.8592255,O=C1NC(=S)NC(=O)C1=C(O)C=CC=CN1CCCCCC1,1,1.0000000,1.0000,0.6189719,0.6190,0.9402537,3.2046,10
6.3677,41.2034,73.8267,0.8986729,CC(C=CN(C)C)=CC(O)=C1C(=O)NC(=S)NC1=O,1,1.0000000,1.0000,0.7383605,0.7384,0.9187657,3.4198,10
9.7221,39.7539,68.5884,0.8464239,CCN(CC)C(C)=CC=CC(O)=C1C(=O)N(C)C(=O)N(C)C1=O,1,1.0000000,1.0000,0.5885762,0.5886,0.9377908,3.2326,10
28.7238,42.2454,-42.2276,0.0001389,CC(O)C1(C)OC(=O)N(CC(=O)NC(=O)C(C)(C)C)C1=O,1,0.0000000,0.0000,0.7694824,0.7695,0.8618454,3.8074,10
17.6119,46.7532,-46.7374,0.0001231,CC(=CC=CC(O)=CC1C(=O)NS(=O)(=O)C1=O)N(C)c1ccccc1,1,0.0000000,0.0000,0.5410107,0.5410,0.7922844,4.1279,10
7.9869,41.5572,72.1295,0.8881772,CCN(C=CC=CC(O)=C1C(=O)NC(=S)NC1=O)CC,1,1.0000000,1.0000,0.7085979,0.7086,0.9187947,3.4195,10
10.5714,50.9928,53.1379,0.8135212,CC(C=CN1CCCc2ccccc21)=CC(O)=C1C(=O)NNC1=O,1,1.0000000,1.0000,0.5194204,0.5194,0.9224154,3.3873,10
8.8667,53.4679,52.1997,0.8255285,CCN(C=CC=CC(O)=C1C(=O)N(CC)C(=O)N(CC)C1=O)CC,1,1.0000000,1.0000,0.5393516,0.5394,0.9376231,3.2345,10
6.5942,48.5878,53.0310,0.7938968,CCN(CC)C(C)=CC=CC(O)=C1C(=O)N(CC)C(=O)N(CC)C1=O,1,1.0000000,1.0000,0.4690246,0.4690,0.9409667,3.1963,10
9.8619,46.0076,59.7994,0.8266171,CC(=CC=CC(O)=C1C(=O)NC(=O)NC1=O)N1CCc2ccccc21,1,1.0000000,1.0000,0.5346638,0.5347,0.9527556,3.0431,10
10.1028,45.0983,70.3650,0.9020567,CCN(C=CC=CC(O)=C1C(=O)NNC1=O)CC,1,1.0000000,1.0000,0.7695174,0.7695,0.8882190,3.6498,10
16.0661,57.6036,31.9481,0.6996226,CCCN(C(C)=CC=CC(O)=C1C(=O)N(C)C(=O)N(C)C1=O)c1ccccc1,1,1.0000000,1.0000,0.2985518,0.2986,0.9514905,3.0611,10
18.9964,63.5616,28.3300,0.7179029,CCCCCN(C=CC(C)=CC(O)=C1C(=O)N(C)C(=O)N(C)C1=O)CCC,1,1.0000000,1.0000,0.3327279,0.3327,0.9310412,3.3044,10
13.3617,28.1959,-28.1783,0.0001378,O=C1NC(=O)C(=C(O)C=Cc2ccccc2)C(=O)N1,1,0.0000000,0.0000,0.6724395,0.6724,0.9813943,2.4167,10
13.9734,44.2426,-44.2286,0.0001097,CC(C=CN(C)C)=CC(=C1C(=O)N(c2ccccc2)N=C1C)N(C)C,1,0.0000000,0.0000,0.3106321,0.3106,0.9493406,3.0909,10
9.5373,38.1107,78.3599,0.9099265,CC(C=CN(C)C)=CC(O)=C1C(=O)NC(=O)NC1=O,1,1.0000000,1.0000,0.7621180,0.7621,0.9319656,3.2950,10
11.5370,55.0818,51.3389,0.8314120,CN1CCN(C=CC=CC(O)=C2C(=O)ON=C2C(F)(F)F)CC1,1,1.0000000,1.0000,0.5736972,0.5737,0.8970343,3.5898,10
17.4699,51.2194,54.4289,0.8253776,COCCN(C(C)=CC=CC(O)=C1C(=O)NC(=O)NC1=O)c1ccccc1,1,1.0000000,1.0000,0.5320647,0.5321,0.9523222,3.0493,10
8.9158,41.2043,70.6305,0.8737089,CC(=CC=CC(O)=C1C(=O)NC(=O)NC1=O)N1CCCCC1,1,1.0000000,1.0000,0.6490593,0.6491,0.9527942,3.0425,10
9.3128,50.5106,51.3853,0.7960615,CC(C=CN1CCCc2ccccc21)=CC(O)=C1C(=O)NC(=O)NC1=O,1,1.0000000,1.0000,0.4729165,0.4729,0.9423985,3.1793,10
25.6990,27.1542,-27.1370,0.0001341,COC1OC(n2cc(C)c(=O)[nH]c2=O)OC2CC21,1,0.0000000,0.0000,0.7728458,0.7728,0.7398016,4.3193,10
6.8924,41.2591,76.9581,0.9235718,CN1C(=O)C(=C(O)C=CC=CN(CCO)CCO)C(=O)N(C)C1=O,1,1.0000000,1.0000,0.8110528,0.8111,0.9206993,3.4027,10
10.2511,50.6518,59.0944,0.8573919,CC(=CC=CC(O)=C1C(=O)NC(=O)NC1=O)N(C)CCCN=[N+]=[N-],1,1.0000000,1.0000,0.6425996,0.6426,0.8908915,3.6321,10
7.4987,42.9444,69.0785,0.8751795,CN1C(=O)C(=C(O)C=CC=CN2CCCC2)C(=O)N(C)C1=O,1,1.0000000,1.0000,0.6592816,0.6593,0.9417220,3.1874,10
6.7875,40.3588,74.3339,0.8960366,CC(C=CN(C)CCO)=CC(O)=C1C(=O)N(C)C(=O)N(C)C1=O,1,1.0000000,1.0000,0.7343034,0.7343,0.9135188,3.4643,10
15.3787,51.4319,59.7308,0.8684588,CN1CCN(C=CC=CC(O)=C2C(=O)OC(C)(C)OC2=O)C1,1,1.0000000,1.0000,0.6679884,0.6680,0.8974784,3.5867,10
15.6133,47.3043,-47.2897,0.0001143,CCCN(CCC)C(C)=CC=CC=CC(O)=C1C(=O)N(C)C(=O)N(C)C1=O,1,0.0000000,0.0000,0.3662250,0.3662,0.9260165,3.3538,10
13.8095,48.5084,-48.4902,0.0001428,CC1=NOC(=O)C1=CC(O)=C1C(=O)NNC1=O,1,0.0000000,0.0000,0.8527191,0.8527,0.8574046,3.8314,10
7.8855,39.9295,74.8497,0.8967127,CN1C(=O)C(=C(O)C=CC=CN2CCOCC2)C(=O)N(C)C1=O,1,1.0000000,1.0000,0.7196373,0.7196,0.9388744,3.2204,10
16.6599,54.7177,29.9684,0.6616104,CC(=CC=CC(O)=C1C(=O)ON=C1C(F)(F)F)N1CCCC(C)C1,1,1.0000000,1.0000,0.2763544,0.2764,0.8256005,3.9872,10
6.5942,48.5878,-48.5878,0.0000000,CCN(CC)C(C)=CC=CC(O)=C1C(=O)N(CC)C(=O)N(CC)C1=O,2,0.0000000,1.0000,0.0000000,0.4690,0.0000000,3.1963,10
6.9309,41.6233,-41.6233,0.0000000,CN1C(=O)C(=C(O)C=CC=CN2CCCCC2)C(=O)N(C)C1=O,2,0.0000000,1.0000,0.0000000,0.6053,0.0000000,3.1443,10
15.0448,44.1747,-44.1604,0.0001121,O=C(C=CC=CC(O)=C1C(=O)ON=C1C(F)(F)F)Nc1ccccc1,1,0.0000000,0.0000,0.3338370,0.3338,0.9535383,3.0316,10
8.6593,45.6189,57.0341,0.8019773,CC(=CC=CC(O)=C1C(=O)N(C)C(=O)N(C)C1=O)N1CCCCCC1,1,1.0000000,1.0000,0.4802999,0.4803,0.9542577,3.0210,10
13.7684,49.7983,54.6625,0.8160998,CC(C=CN1CCCCCC1)=CC(O)=C1C(=O)N(C)N(C)C1=O,1,1.0000000,1.0000,0.5297081,0.5297,0.9130147,3.4685,10
10.8317,36.3112,69.4171,0.8260025,CCN(C=CC=CC(O)=C1C(=O)OC(C)(C)OC1=O)CC,1,1.0000000,1.0000,0.5514945,0.5515,0.9151081,3.4511,11
22.8772,59.7910,-59.7794,0.0000902,COC1(C)OC(=O)C(=CC=C(C)CC(O)=C2C(=O)N(c3ccccc3)N=C2C(F)(F)F)O1,1,0.0000000,0.0000,0.1780672,0.1781,0.8139585,4.0385,11
22.0578,20.6433,-20.6283,0.0001175,CC1CCN(c2nc(N3CCOCC3)c3ccccc3n2)CC1,1,0.0000000,0.0000,0.3825931,0.3826,0.9875594,2.1504,11
10.1352,51.8935,55.8276,0.8415714,O=C1NNC(=O)C1=C(O)C=CC=CN1CCCc2ccccc21,1,1.0000000,1.0000,0.5790151,0.5790,0.9335858,3.2782,11
21.8550,56.1723,50.2706,0.8315847,CCCN(C=CC=CC(O)=C1C(=O)N(C)C(=O)N(C)C1=O)N1CCCC1,1,1.0000000,1.0000,0.5678081,0.5678,0.9090032,3.5007,11
10.3982,46.5686,64.9644,0.8713519,CCN1C(=O)C(=C(O)C=CC=CN(C)C)C(=O)N(CC)C1=O,1,1.0000000,1.0000,0.6462340,0.6462,0.9469898,3.1220,11
6.5801,40.4617,68.9586,0.8548460,CN1C(=O)C(=C(O)C=CC=CN2CCCCC2)C(=O)N(C)C1=O,1,1.0000000,1.0000,0.6053218,0.6053,0.9452474,3.1443,11
7.1985,45.2962,67.1312,0.8783392,O=C1NC(=S)NC(=O)C1=C(O)C=CC=CN1CCCCC1,1,1.0000000,1.0000,0.6711265,0.6711,0.9358717,3.2538,11
12.1044,22.8459,-22.8313,0.0001141,O=C1Nc2ccccc2C1=C(O)c1ccccc1,1,0.0000000,0.0000,0.3444534,0.3445,0.9912084,1.9219,11
6.7039,41.1841,70.6506,0.8737089,CC(=CC=CC(O)=C1C(=O)NC(=O)NC1=O)N1CCCCC1,1,1.0000000,1.0000,0.6490593,0.6491,0.9527942,3.0425,11
5.6972,42.2362,66.1061,0.8464239,CCN(CC)C(C)=CC=CC(O)=C1C(=O)N(C)C(=O)N(C)C1=O,1,1.0000000,1.0000,0.5885762,0.5886,0.9377908,3.2326,11
20.0254,22.5142,-22.4957,0.0001447,CN(O)C1=CC(=O)C=CC1=O,1,0.0000000,0.0000,0.8337634,0.8338,0.9297915,3.3170,11
13.4133,53.4185,36.7773,0.7046545,CC(=CC=CC(O)=C1C(=O)OC(C)(C)N(C)C1=O)N1CCc2ccccc21,1,1.0000000,1.0000,0.3133705,0.3134,0.9251890,3.3616,11
13.5643,39.6044,-39.5863,0.0001411,O=C1NNC(=O)C1=C(O)C=CN1CCSCC1,1,0.0000000,0.0000,0.8085987,0.8086,0.8676549,3.7750,11
24.1364,52.6343,-52.6193,0.0001177,CC(C=CN1CCCCC1)=CC(O)=c1ccc(=C(C)N(C)C)o1,1,0.0000000,0.0000,0.4285388,0.4285,0.8689396,3.7677,11
10.2736,44.5288,71.7178,0.9081769,CC(C=CN1CCOCC1)=CC(O)=C1C(=O)NNC1=O,1,1.0000000,1.0000,0.7854588,0.7855,0.8915953,3.6273,11
6.4168,40.3903,66.1356,0.8322336,CCN(C=CC=CC(O)=C1C(=O)NC(=O)NC1=O)c1ccccc1,1,1.0000000,1.0000,0.5482845,0.5483,0.9510931,3.0667,11
6.5873,45.7498,68.9429,0.8960366,CC(C=CN(C)CCO)=CC(O)=C1C(=O)N(C)C(=O)N(C)C1=O,1,1.0000000,1.0000,0.7343034,0.7343,0.9135188,3.4643,11
8.5000,42.2539,72.0300,0.8928433,CCN(C=CC=CC(O)=C1C(=O)C(=O)N(C)C1=O)CC,1,1.0000000,1.0000,0.7167047,0.7167,0.9265049,3.3491,11
7.2370,47.0661,42.8997,0.7028578,CC1(C)OC(=O)C(=C(O)C=CC=CN2CCCc3ccccc32)C(=O)O1,1,1.0000000,1.0000,0.3063015,0.3063,0.9407288,3.1991,11
19.6832,54.2771,37.0388,0.7134055,CN(C=CC=CC(O)=C1C(=O)N(C)C(=O)N(C)C1=O)Cc1ccc(N=[N+]=[N-])cc1,1,1.0000000,1.0000,0.3288360,0.3288,0.9196826,3.4118,11
16.8521,66.8933,-1.8804,0.5079133,CCCCCCCCN(C=CC(C)=CC(O)=C1C(=O)NC(=S)NC1=O)CCCCCC,1,1.0000000,1.0000,0.0987008,0.0987,0.9356886,3.2557,11
12.8373,57.6503,45.8034,0.8082322,CCN1C(=O)C(=C(O)C=CC=C(C)N2CCCC2)C(=O)N(CC)C1=O,1,1.0000000,1.0000,0.4948104,0.4948,0.9513171,3.0636,11
15.3783,18.4386,-18.4205,0.0001418,CC1CC(O)C(C)C(=O)O1,1,0.0000000,0.0000,0.8048315,0.8048,0.8922340,3.6230,11
9.4059,17.9961,-17.9793,0.0001312,COC(=O)C1C(C)=NC(=O)NC1c1ccccc1,1,0.0000000,0.0000,0.5843874,0.5844,0.9444751,3.1539,11
10.6538,29.6983,-29.6796,0.0001462,C=CC(O)=C1C(=O)NC(=O)NC1=O,1,0.0000000,0.0000,0.8510431,0.8510,0.9475963,3.1141,11
21.3196,40.3906,-40.3774,0.0001035,CC(C=CN(C)CCO)=CC=CC=CC=C1Oc2ccccc2C1=O,1,0.0000000,0.0000,0.2579737,0.2580,0.9306660,3.3082,11
19.4881,63.3963,24.4872,0.6865898,CC(=CC=CC(O)=C1C(=O)NNC1=O)N(C1CCCCC1)C1CCCCC1,1,1.0000000,1.0000,0.2850948,0.2851,0.9292693,3.3222,11
12.1438,46.1742,70.2408,0.9094922,CC(C=CN(CCO)CCO)=CC(O)=C1C(=O)N(C)C(=O)N(C)C1=O,1,1.0000000,1.0000,0.7770474,0.7770,0.9086961,3.5031,11
7.5985,46.0098,65.1358,0.8683248,CCN(C=CC=CC(O)=C1C(=O)N(C)C(=O)N(C)C1=O)CC,1,1.0000000,1.0000,0.6462340,0.6462,0.9332489,3.2817,11
8.5759,45.2802,66.4834,0.8731532,CC(C=CN1CCSCC1)=CC(O)=C1C(=O)NNC1=O,1,1.0000000,1.0000,0.7188333,0.7188,0.8406712,3.9165,11
8.1087,43.4336,66.4842,0.8587325,CCN(CC)C(C)=CC=CC(O)=C1C(=O)C(=O)N(CC)C1=O,1,1.0000000,1.0000,0.6187847,0.6188,0.9383303,3.2266,11
11.4628,50.8796,59.6778,0.8637292,O=C1NC(=S)NC(=O)C1=C(O)C=CC=CN1CCCSCC1,1,1.0000000,1.0000,0.6525392,0.6525,0.9021070,3.5532,11
8.4773,47.2621,-47.2621,0.0000000,CC(C=CN(C)CCO)=CC(O)=C1C(=O)N(C)C(=O)N(C)C1=O,2,0.0000000,1.0000,0.0000000,0.7343,0.0000000,3.4643,11
14.7964,29.6217,-29.6046,0.0001334,CC(=CC=CC(C)=NO)N(C)C,1,0.0000000,0.0000,0.6500988,0.6501,0.8918524,3.6256,11
9.7627,47.2476,68.5096,0.9043528,CCN1C(=O)C(=O)C(=C(O)C=C(C)C=CN(C)CCO)C1=O,1,1.0000000,1.0000,0.7585975,0.7586,0.9132832,3.4662,11
6.2643,41.6785,49.6803,0.7137407,CC(C=CN(C)C)=CC(O)=C1C(=O)N(c2ccccc2)N=C1C,1,1.0000000,1.0000,0.3181652,0.3182,0.9587092,2.9512,11
17.5588,39.4178,-39.4026,0.0001191,C=C(C=CC=C(C)N(C)C)N1C(=O)C(=O)c2ccccc21,1,0.0000000,0.0000,0.4160738,0.4161,0.9450547,3.1467,11
9.6397,45.5920,66.4310,0.8751795,CN1C(=O)C(=C(O)C=CC=CN2CCCC2)C(=O)N(C)C1=O,1,1.0000000,1.0000,0.6592816,0.6593,0.9417220,3.1874,11
17.1350,82.9424,2.1778,0.6650023,CC(=CC=CC(O)=C1C(=O)N(C)C(=O)N(C)C1=O)NC=CC=CC=CN1CCCCCC1,1,1.0000000,1.0000,0.2685288,0.2685,0.8731083,3.7435,11
7.7442,41.2667,62.3952,0.8098583,CC1(C)OC(=O)C(=C(O)C=CC=CN2CCCCC2)C(=O)O1,1,1.0000000,1.0000,0.5067663,0.5068,0.9322851,3.2917,11
8.8671,56.4300,33.7271,0.7043520,CC(=CC=CC(O)=C1C(=O)ON=C1C)N1CCc2ccccc21,1,1.0000000,1.0000,0.3115537,0.3116,0.9299879,3.3150,11
21.4306,24.8221,-24.8066,0.0001215,COc1ccc(S(=O)(=O)N2CCCCCC2(C)C(O)=NO)cc1,1,0.0000000,0.0000,0.4428790,0.4429,0.9529444,3.0403,11
22.7780,22.9548,-22.9384,0.0001278,CCCN1CCC2(CC1)C(=O)NCc1ccccc12,1,0.0000000,0.0000,0.5268860,0.5269,0.9569944,2.9789,11
6.2643,41.6785,-41.6785,0.0000000,CC(C=CN(C)C)=CC(O)=C1C(=O)N(c2ccccc2)N=C1C,2,0.0000000,1.0000,0.0000000,0.3182,0.0000000,2.9512,11
8.4674,42.9599,72.1266,0.8991127,CC(=CC=CC(O)=C1C(=O)N(C)C(=O)N(C)C1=O)N(C)CCO,1,1.0000000,1.0000,0.7343034,0.7343,0.9267633,3.3466,11
15.8308,39.2380,-39.2191,0.0001476,O=C1NC(=O)C(=CC(O)=C2C(=O)NNC2=O)C(=O)N1,1,0.0000000,0.0000,0.9069486,0.9069,0.9139863,3.4604,11
19.5823,30.2139,-30.1975,0.0001278,CC(C=CN(C)C)=CC(=O)NCc1ccccc1,1,0.0000000,0.0000,0.5153635,0.5154,0.9842220,2.3074,11
6.0187,42.8875,68.8233,0.8727403,O=C1NC(=O)C(=C(O)C=CC=CN2CCCCCC2)C(=O)N1,1,1.0000000,1.0000,0.6490593,0.6491,0.9483655,3.1039,11
12.4186,46.9539,70.0084,0.9137682,CC(C=CN(C)CCO)=CC(O)=C1C(=O)NNC1=O,1,1.0000000,1.0000,0.8303072,0.8303,0.8559035,3.8393,11
6.6973,41.4219,76.6026,0.9220663,CN(C=CC=CC(O)=C1C(=O)NC(=S)NC1=O)CCO,1,1.0000000,1.0000,0.8153736,0.8154,0.9086004,3.5039,11
6.3760,44.7233,-44.7233,0.0000000,O=C1NC(=S)NC(=O)C1=C(O)C=CC=CN1CCCCC1,2,0.0000000,1.0000,0.0000000,0.6711,0.0000000,3.2538,11
15.0714,39.8149,-39.7969,0.0001408,CC(=CC=CC(N)=C1C(=O)NC(=S)NC1=O)N(C)C,1,0.0000000,0.0000,0.7848192,0.7848,0.8907766,3.6328,11
8.0301,41.5852,-41.5852,0.0000000,CN1C(=O)C(=C(O)C=CC=CN2CCCC2)C(=O)N(C)C1=O,2,0.0000000,1.0000,0.0000000,0.6593,0.0000000,3.1874,11
6.2055,44.2509,64.8020,0.8519758,CC(C=CN1CCCC1)=CC(O)=C1C(=O)N(C)C(=O)N(C)C1=O,1,1.0000000,1.0000,0.6053218,0.6053,0.9319894,3.2947,11
12.5246,65.7668,35.0587,0.7876995,CC(=CC=CC(O)=C1C(=O)NN=C1C(F)(F)F)N1CCCC1,1,1.0000000,1.0000,0.4681160,0.4681,0.9126205,3.4717,11
6.4382,45.9759,62.7360,0.8493115,CC(C=CN1CCN(C)CC1)=CC(O)=C1C(=O)ON=C1C,1,1.0000000,1.0000,0.6215260,0.6215,0.8911079,3.6306,11
12.8102,32.1868,-32.1728,0.0001087,CC(=CC=CC(C)=C1C(=O)c2ccccc2C1=O)N(C)C,1,0.0000000,0.0000,0.2995811,0.2996,0.9570947,2.9773,11
6.1527,39.2582,73.1467,0.8781632,CC(C=CN1CCOCC1)=CC(O)=C1C(=O)N(C)C(=O)N(C)C1=O,1,1.0000000,1.0000,0.6747556,0.6748,0.9290526,3.3243,11
7.7748,52.9429,45.8437,0.7717699,CN1C(=O)C(=C(O)C=CC=CN2CCCc3ccccc32)C(=O)N(C)C1=O,1,1.0000000,1.0000,0.4216018,0.4216,0.9496551,3.0866,11
23.6543,24.9930,-24.9746,0.0001440,CC(C)CCNC(=O)CC(=O)N(C)C,1,0.0000000,0.0000,0.7792452,0.7792,0.9874435,2.1565,11
9.2175,49.4667,22.6298,0.5632539,CC1=NN(c2ccccc2)C(=O)C1=C(O)C=CC=CN1CCc2ccccc21,1,1.0000000,1.0000,0.1385940,0.1386,0.9613121,2.9071,11
9.3062,53.8707,59.8720,0.8886148,CC(C=CN(C)CCO)=CC(O)=C1C(=O)OC(=O)N(C)C1=O,1,1.0000000,1.0000,0.7360210,0.7360,0.8796880,3.7040,11
8.3373,51.5838,40.6764,0.7207828,CCCN(CCC)C(C)=CC=CC(O)=C1C(=O)ON=C1C,1,1.0000000,1.0000,0.3472827,0.3473,0.8994124,3.5729,11
11.5530,48.0929,19.7470,0.5299991,CCCN(C=CC(C)=CC(O)=C1C(=O)N(c2ccccc2)N=C1C)CCC,1,1.0000000,1.0000,0.1134225,0.1134,0.9469270,3.1228,12
19.7500,62.0543,50.0586,0.8758817,CC(=c1[nH]c(=N)c(=C(O)C=CC=CN(C)C)c(=O)o1)N(C)C,1,1.0000000,1.0000,0.7773236,0.7773,0.7754409,4.1927,12
8.9804,46.5080,71.7092,0.9235718,CN1C(=O)C(=C(O)C=CC=CN(CCO)CCO)C(=O)N(C)C1=O,1,1.0000000,1.0000,0.8110528,0.8111,0.9206993,3.4027,12
9.4874,45.7334,62.9785,0.8493115,CC(C=CN1CCN(C)CC1)=CC(O)=C1C(=O)ON=C1C,1,1.0000000,1.0000,0.6215260,0.6215,0.8911079,3.6306,12
7.0834,39.3517,73.0858,0.8784179,CC(C=CN1CCN(C)CC1)=CC(O)=C1C(=O)N(C)C(=O)N(C)C1=O,1,1.0000000,1.0000,0.6732225,0.6732,0.9327272,3.2871,12
8.8992,44.6870,67.1318,0.8735836,CCN(C=CC=CC(O)=C1C(=O)NC(=S)N(C)C1=O)CC,1,1.0000000,1.0000,0.6643445,0.6643,0.9259911,3.3540,12
8.5089,44.4348,61.9707,0.8312929,CC(=CC=CC(O)=C1C(=O)N(C)C(=O)N(C)C1=O)N1CCCCC1,1,1.0000000,1.0000,0.5455392,0.5455,0.9523048,3.0495,12
10.7512,31.0097,-30.9933,0.0001285,S=C=NC=CC=CC=CN1CCOCC1,1,0.0000000,0.0000,0.6000172,0.6000,0.8388801,3.9252,12
9.5177,46.3701,39.7617,0.6729048,CCN(C=CC=CC(O)=C1C(=O)N(c2ccccc2)N=C1C)CC,1,1.0000000,1.0000,0.2594618,0.2595,0.9561305,2.9925,12
14.8784,55.3208,-55.3038,0.0001328,CCN(C=C(O)C=CC=CC(O)=C1C(=O)NC(=S)NC1=O)CC,1,0.0000000,0.0000,0.6409979,0.6410,0.8892076,3.6433,12
10.6695,45.5132,65.6324,0.8683248,CCN(C=CC=CC(O)=C1C(=O)N(C)C(=O)N(C)C1=O)CC,1,1.0000000,1.0000,0.6462340,0.6462,0.9332489,3.2817,12
10.7926,48.9376,52.6047,0.7932994,CCCN(CCC)C(C)=CC=CC(O)=C1C(=O)N(C)C(=O)N(C)C1=O,1,1.0000000,1.0000,0.4690246,0.4690,0.9379965,3.2303,12
20.5872,31.7460,-31.7292,0.0001312,CCN1C(=O)N(C)C(=O)C2(C(=O)N(C)CC2c2ccccc2)C1=O,1,0.0000000,0.0000,0.6466512,0.6467,0.8359327,3.9393,12
11.3537,49.1756,44.8949,0.7349258,CC(=CC=CC(O)=C1C(=O)N(C)C(=O)N(C)C1=O)N1CCCc2ccccc21,1,1.0000000,1.0000,0.3547052,0.3547,0.9514406,3.0618,12
7.1309,43.4336,66.4842,0.8587325,CCN(CC)C(C)=CC=CC(O)=C1C(=O)C(=O)N(CC)C1=O,1,1.0000000,1.0000,0.6187847,0.6188,0.9383303,3.2266,12
19.1524,34.6692,-34.6523,0.0001315,CC(C)=C1C(=O)N=C(N=c2ccn(C)[nH]2)N1C,1,0.0000000,0.0000,0.7234763,0.7235,0.7390330,4.3219,12
11.5818,33.9473,-33.9297,0.0001372,N=C(N)C=CC=CN1CCCCC1,1,0.0000000,0.0000,0.6932774,0.6933,0.9295962,3.3190,12
8.8197,45.3490,67.1970,0.8792661,O=C1NC(=S)NC(=O)C1=C(O)C=CC=CN1CCSCC1,1,1.0000000,1.0000,0.6996633,0.6997,0.8942076,3.6095,12
10.0087,46.8997,68.2076,0.8992757,CCN1C(=O)NC(=O)C(=C(O)C=CC=CN2CCOCC2)C1=O,1,1.0000000,1.0000,0.7229274,0.7229,0.9450102,3.1473,12
22.9964,54.1868,43.0491,0.7596557,Cc1cc(C)c2c(c1O)N(C=CC=CC(O)=C1C(=O)N(C)C(=O)N(C)C1=O)CC2,1,1.0000000,1.0000,0.4131843,0.4132,0.9103702,3.4899,12
4.6309,40.1290,72.8155,0.8823795,CC(C=CN(C)C)=CC(O)=C1C(=O)N(C)C(=O)N(C)C1=O,1,1.0000000,1.0000,0.6826161,0.6826,0.9348478,3.2648,12
5.4597,41.3865,72.8092,0.8921543,CCN1C(=O)C(=O)C(=C(O)C=C(C)C=CN(C)C)C1=O,1,1.0000000,1.0000,0.7094905,0.7095,0.9347856,3.2654,12
15.1910,33.2189,-33.2011,0.0001389,CC(C=C1C(=O)N(C)C(=S)N1C)=C1C(=O)N(C)C(=O)N(C)C1=O,1,0.0000000,0.0000,0.7211152,0.7211,0.9316342,3.2984,12
7.1002,46.9969,69.9654,0.9137682,CC(C=CN(C)CCO)=CC(O)=C1C(=O)NNC1=O,1,1.0000000,1.0000,0.8303072,0.8303,0.8559035,3.8393,12
5.7052,48.7302,66.0533,0.8967455,CN1CCN(C=CC=CC(O)=C2C(=O)N(C)C(=O)N(C)C2=O)CC1,1,1.0000000,1.0000,0.7176911,0.7177,0.9420753,3.1832,12
7.9127,48.2692,56.5022,0.8185268,CCN1C(=O)C(=C(O)C=C(C)C=CN(C)C)C(=O)N(C(C)C)C1=O,1,1.0000000,1.0000,0.5248021,0.5248,0.9348536,3.2647,12
7.9647,44.6560,63.7588,0.8469904,CCN(C=CC=CC(O)=C1C(=O)NNC1=O)c1ccccc1,1,1.0000000,1.0000,0.5931515,0.5932,0.9317319,3.2974,12
11.7741,38.2429,67.9815,0.8298777,CN(C=CC=CC(O)=C1C(=O)N(C)c2ccccc21)CCO,1,1.0000000,1.0000,0.5428657,0.5429,0.9511049,3.0666,12
18.5700,57.6515,33.8596,0.7149310,CCCN(CCC)C(C)=CC=CC(O)=C1C(=O)N(C)C(=O)N(C(C)C)C1=O,1,1.0000000,1.0000,0.3275559,0.3276,0.9323239,3.2913,12
5.9298,41.3719,71.5318,0.8820606,CC(=CC=CC(O)=C1C(=O)N(C)C(=O)N(C)C1=O)N(C)C,1,1.0000000,1.0000,0.6826161,0.6826,0.9334298,3.2798,12
13.5013,30.0428,-30.0260,0.0001315,CC1=NN(c2ccccc2)C(=O)C1=C(C)C(=O)O,1,0.0000000,0.0000,0.5710548,0.5711,0.9808961,2.4342,12
6.5810,38.0383,77.1831,0.9001672,CCN(C=CC=CC(O)=C1C(=O)NC(=O)NC1=O)CC,1,1.0000000,1.0000,0.7344686,0.7345,0.9310852,3.3040,12
10.1831,44.6693,64.2614,0.8510213,CN(C=CC=CC(O)=C1C(=O)ON=C1C(F)(F)F)CCO,1,1.0000000,1.0000,0.6462290,0.6462,0.8576026,3.8303,12
8.6790,43.2625,68.1158,0.8701428,CN1CCN(C=CC=CC(O)=C2C(=O)OC(C)(C)OC2=O)CC1,1,1.0000000,1.0000,0.6534698,0.6535,0.9289870,3.3250,12
8.2210,44.2499,-44.2499,0.0000000,CN1C(=O)C(=C(O)C=CC=CN(CCO)CCO)C(=O)N(C)C1=O,2,0.0000000,1.0000,0.0000000,0.8111,0.0000000,3.4027,12
8.8027,52.7704,46.2821,0.7738476,CCN1C(=O)C(=C(O)C=CC=C(C)N2CCCCC2)C(=O)N(CC)C1=O,1,1.0000000,1.0000,0.4243140,0.4243,0.9530771,3.0384,12
20.1759,43.1193,-43.1072,0.0000949,CN(C)C=CC=CC=CC1=NNC(=O)C1=CC=CC1=[N+](C)c2ccccc2C1(C)C,1,0.0000000,0.0000,0.2017680,0.2018,0.8672577,3.7773,12
5.3180,46.9611,62.4592,0.8548460,CN1C(=O)C(=C(O)C=CC=CN2CCCCC2)C(=O)N(C)C1=O,1,1.0000000,1.0000,0.6053218,0.6053,0.9452474,3.1443,12
14.3508,41.5888,-41.5731,0.0001231,CC(C=CC=CN1CCCc2ccccc21)=C1C(=O)NC(=O)NC1=O,1,0.0000000,0.0000,0.4666634,0.4667,0.9456729,3.1389,12
5.1645,35.0839,83.7935,0.9287299,CN(C)C=CC=CC(O)=C1C(=O)NC(=O)C1=O,1,1.0000000,1.0000,0.8166165,0.8166,0.9347893,3.2654,12
6.5940,39.2103,76.8189,0.9064781,CCN(C=CC=CC(O)=C1C(=O)NC(=O)C1=O)CC,1,1.0000000,1.0000,0.7561809,0.7562,0.9258699,3.3552,12
10.7955,59.1384,-1.0629,0.4537151,CCCCCCCCN(C=CC=CC(O)=C1C(=O)N(C)C(=O)N(C)C1=O)CCCCCCC,1,1.0000000,1.0000,0.0658150,0.0658,0.9473259,3.1176,12
6.6912,44.5479,61.7443,0.8304085,CN1C(=O)C(=C(O)C=CC=CN2CCCCCC2)C(=O)N(C)C1=O,1,1.0000000,1.0000,0.5455392,0.5455,0.9480567,3.1080,12
7.7466,44.8936,71.5888,0.9100188,CC(=CC=CC(O)=C1C(=O)NC(=O)NC1=O)N1CCN(C)CC1,1,1.0000000,1.0000,0.7507087,0.7507,0.9493926,3.0902,12
18.7454,44.8422,-44.8294,0.0000993,COC(C)=C(O)C=C(C)C=CN(C)c1ccccc1,1,0.0000000,0.0000,0.2201992,0.2202,0.9474223,3.1164,12
28.7173,40.2257,-40.2090,0.0001301,CN1CCN(C=CC=CC=CC=CC=CC(=O)N(C)O)CC1,1,0.0000000,0.0000,0.5860586,0.5861,0.9094586,3.4971,12
7.2192,37.7738,68.1996,0.8279166,CC(C=CN1CCCCC1)=CC(O)=C1C(=O)N(C)C(=O)N(C)C1=O,1,1.0000000,1.0000,0.5455392,0.5455,0.9361656,3.2506,12
8.6398,45.2935,71.4775,0.9122737,CN(C=CC=CC(O)=C1C(=O)N(C)C(=O)N(C)C1=O)CCO,1,1.0000000,1.0000,0.7736070,0.7736,0.9253395,3.3602,12
10.2777,47.9829,65.0220,0.8828508,O=C1NNC(=O)C1=C(O)C=CC=CN1CCCCCC1,1,1.0000000,1.0000,0.6903651,0.6904,0.9243407,3.3695,12
26.9395,39.8694,-39.8694,0.0000000,o1c2c(c(O)c(C(=CC=C(C)C=CN(C)C)C)c1O)ccc(C)c2,0,0.0000000,0.0000,0.0000000,0.0000,0.0000000,0.0000,12
31.5839,28.0383,-28.0197,0.0001456,CNC(=O)COC(=O)c1c(C)[nH]c(=O)c(C#N)c1N,1,0.0000000,0.0000,0.8182003,0.8182,0.9757929,2.5919,12
8.5385,42.5490,73.4320,0.9061014,CC(C=CN1CCN(C)CC1)=CC(O)=C1C(=O)NC(=O)NC1=O,1,1.0000000,1.0000,0.7507087,0.7507,0.9323452,3.2911,12
17.5009,58.0065,21.9169,0.6244014,CCN(C=CC=CC(O)=C1C(=O)ON=C1C(F)(F)F)C=CC(C)C,1,1.0000000,1.0000,0.2333803,0.2334,0.7929964,4.1251,12
5.8160,41.7873,-41.7873,0.0000000,CCN1C(=O)C(=O)C(=C(O)C=C(C)C=CN(C)C)C1=O,2,0.0000000,1.0000,0.0000000,0.7095,0.0000000,3.2654,12
7.1921,49.3057,58.7872,0.8444751,CCN1C(=O)C(=C(O)C=C(C)C=CN2CCOCC2)C(=O)N(CC)C1=O,1,1.0000000,1.0000,0.5866305,0.5866,0.9324538,3.2900,12
6.3585,44.4635,70.7101,0.8997941,CC(=CC=CC(O)=C1C(=O)NC(=S)NC1=O)N1CCOCC1,1,1.0000000,1.0000,0.7289719,0.7290,0.9378824,3.2316,12
7.2008,46.9374,56.9270,0.8114409,CC(C=CN(C)CCCN=[N+]=[N-])=CC(O)=C1C(=O)N(C)C(=O)N(C)C1=O,1,1.0000000,1.0000,0.5349629,0.5350,0.8808271,3.6969,12
23.8278,36.3938,-36.3760,0.0001388,C=c1[nH]c(=O)c(=CN(CCC)CCCC)c(O)c1C(=O)O,1,0.0000000,0.0000,0.7278346,0.7278,0.9201409,3.4077,12
8.5648,53.6366,57.6577,0.8694868,CCN1C(=O)C(=C(O)C=C(C)C=CN(C)CCO)C(=O)N(CC)C1=O,1,1.0000000,1.0000,0.6569107,0.6569,0.9202311,3.4069,12
8.1215,47.1190,51.8050,0.7728439,CC(C=CN(C)c1ccccc1)=CC(O)=C1C(=O)N(C)C(=O)N(C)C1=O,1,1.0000000,1.0000,0.4244023,0.4244,0.9476595,3.1133,12
9.2593,50.4385,56.5119,0.8355503,O=C1NC(=S)NC(=O)C1=C(O)C=CC=CN1CCc2ccccc21,1,1.0000000,1.0000,0.5602230,0.5602,0.9424360,3.1788,12
9.9409,36.2833,60.1704,0.7535441,CC(=CC=CC(O)=C1C(=O)c2ccccc2C1=O)N(C)C,1,1.0000000,1.0000,0.3839021,0.3839,0.9611512,2.9099,12
9.3015,52.4460,42.4811,0.7416176,CCN1C(=O)C(=C(O)C=CC=CN2CCc3ccccc32)C(=O)N(CC)C1=O,1,1.0000000,1.0000,0.3669789,0.3670,0.9488267,3.0978,12
12.6616,55.6930,28.6134,0.6586437,CC(C=CN1CCCCCC1)=CC(O)=C1C(=O)ON=C1C(F)(F)F,1,1.0000000,1.0000,0.2541974,0.2542,0.8956268,3.5997,12
