Agent,Prior,Target,Score,SMILES,SMILES_state,DASA,DASA (raw),Solubility,Solubility (raw),SA,SA (raw),step
13.7204,38.6251,-38.6108,0.0001114,CC1=NOC(=O)C1=C(O)C=CC=Cc1ccccc1,1,0.0000000,0.0000,0.3801705,0.3802,0.9573357,2.9735,1
8.4082,44.9247,65.7366,0.8645409,O=C1NC(=S)NC(=O)C1=C(O)C=CC=CN1CCCCC1,1,1.0000000,1.0000,0.6711265,0.6711,0.9358717,3.2538,1
13.2203,60.0642,-60.0532,0.0000861,CCCN(CCC)C(C)=CC=CC(C)=CC(O)=C1C(=O)N(CC)C(=O)N(CC)C1=O,1,0.0000000,0.0000,0.1794852,0.1795,0.9208994,3.4010,1
8.8657,62.4363,52.1336,0.8950770,CC(=CC=CC(O)=C1C(=O)N(C)C(=S)N(C)C1=O)N(CCO)CCO,1,1.0000000,1.0000,0.7548393,0.7548,0.9141589,3.4590,1
10.7360,49.6874,26.1377,0.5923837,CC(C=CN(C)C)=CC(O)=C1C(=O)N(c2ccccc2)N=C1C(F)(F)F,1,1.0000000,1.0000,0.2141870,0.2142,0.9490262,3.0951,1
29.0591,34.0108,-33.9963,0.0001133,CC12OC(O)C(O)C1C(=C(Br)Br)OC2=O,1,0.0000000,0.0000,0.6500440,0.6500,0.4085208,5.2411,1
14.9670,19.3258,-19.3142,0.0000909,CCN(CC)CCCN=c1c2ccccc2[nH]c2ccccc12,1,0.0000000,0.0000,0.2037961,0.2038,0.9804049,2.4511,1
8.2272,46.2066,69.2282,0.9018339,CC(C=CN(C)CCO)=CC(O)=C1C(=O)NC(=S)NC1=O,1,1.0000000,1.0000,0.7815732,0.7816,0.8947827,3.6056,1
13.6653,51.6589,48.6941,0.7840078,CC(C=CN1CCc2ccccc21)=CC(O)=C1C(=O)NC(=S)NC1=O,1,1.0000000,1.0000,0.5015436,0.5015,0.9324850,3.2896,1
9.6651,57.7010,55.4007,0.8836070,CC(C=CN1CCCC1)=CC(O)=C1C(=O)NNC1=O,1,1.0000000,1.0000,0.7363049,0.7363,0.8922976,3.6226,1
12.1128,27.2997,-27.2854,0.0001117,CC(=O)OC(C)=C1C(=O)N(c2ccccc2)N=C1C(F)(F)F,1,0.0000000,0.0000,0.3803303,0.3803,0.9703455,2.7277,1
11.1677,47.3404,65.2357,0.8795012,CN1C(=O)NC(=O)C(=C(O)C=CC=CN2CCCC2)C1=O,1,1.0000000,1.0000,0.7031503,0.7032,0.9438587,3.1616,1
9.9440,60.8208,-7.4430,0.4170141,CCN(C(C)=CC=CC(O)=C1C(=O)N(c2ccccc2)N=C1C)c1ccccc1,1,1.0000000,1.0000,0.0740311,0.0740,0.9645329,2.8483,1
12.2949,61.0030,-60.9924,0.0000830,CCN1C(=O)C(=C(O)C=C(C)C=C(C)C=CN(C)c2ccccc2)C(=O)N(CC)C1=O,1,0.0000000,0.0000,0.1597044,0.1597,0.9332536,3.2816,1
7.6320,56.3807,54.5853,0.8669220,CC(C=CN1CCCCC1)=CC(O)=C1C(=O)NNC1=O,1,1.0000000,1.0000,0.6903651,0.6904,0.9036644,3.5417,1
18.2410,56.3033,-56.2913,0.0000936,CC(C=CN(CCO)CCO)=CC(=C1C(=O)N(c2ccccc2)N=C1C)c1ccccc1,1,0.0000000,0.0000,0.2265576,0.2266,0.9500520,3.0812,1
11.8355,47.7506,19.5052,0.5254357,CCCN(C=CC(C)=CC(O)=C1C(=O)Nc2ccccc21)CCC,1,1.0000000,1.0000,0.1496332,0.1496,0.9471716,3.1197,1
9.7444,40.4875,66.6350,0.8368946,CN1C(=O)C(=C(O)C=CC=CN2CCCCC2)C(=O)N(C)C1=O,1,1.0000000,1.0000,0.6053218,0.6053,0.9452474,3.1443,1
11.3755,55.1454,26.8168,0.6403300,CCCCN(C=CC=CC(O)=C1C(=O)N(CC)C(=O)N(CC)C1=O)CCCC,1,1.0000000,1.0000,0.2716656,0.2717,0.9420185,3.1838,1
11.7016,44.4470,62.1086,0.8324655,CC(=CC=CC(O)=C1C(=O)OC(C)(C)OC1=O)N1CCOCC1,1,1.0000000,1.0000,0.5997601,0.5998,0.9342474,3.2712,1
10.5708,42.9379,-42.9244,0.0001058,CC(C=CN1CCCCC1)=CC=CC(O)=C1C(=O)OC(C)(C)OC1=O,1,0.0000000,0.0000,0.3332475,0.3332,0.9204446,3.4050,1
7.6838,51.3997,60.8474,0.8769305,CN(C)C=CC=CC(O)=C1C(=O)N(C)C(=S)N(C)C1=O,1,1.0000000,1.0000,0.7028484,0.7028,0.9301632,3.3133,1
9.9003,58.4343,51.0548,0.8553833,CC(C=CN(C)CCO)=CC(O)=C1C(=O)ON=C1C,1,1.0000000,1.0000,0.6909690,0.6910,0.8409916,3.9149,1
9.4848,42.4742,63.7111,0.8295724,CC(=CC=CC(O)=C1C(=O)OC(C)(C)OC1=O)N(C)C,1,1.0000000,1.0000,0.6012544,0.6013,0.9133409,3.4658,1
12.6727,47.6728,61.7777,0.8550827,CCCN(C=CC=CC(O)=C1C(=O)NC(=O)NC1=O)CCC,1,1.0000000,1.0000,0.6502406,0.6502,0.9336042,3.2780,1
10.0991,44.3344,68.9716,0.8852035,CN1CCN(C=CC=CC(O)=C2C(=O)N(C)C(=O)N(C)C2=O)CC1,1,1.0000000,1.0000,0.7176911,0.7177,0.9420753,3.1832,1
18.0527,67.2727,-6.7420,0.4728955,C=CC(=CC=CC(O)=C1C(=O)N(c2ccccc2)N=C1C(F)(F)F)N(CC)CC,1,1.0000000,1.0000,0.1099743,0.1100,0.9338074,3.2758,1
24.8092,47.4561,-47.4405,0.0001220,C=c1oc(=O)oc1=C(O)C=C(C)C=CN(C)c1ccccc1,1,0.0000000,0.0000,0.5197137,0.5197,0.8936505,3.6134,1
12.7600,52.9327,61.8110,0.8964357,CCN1C(=O)C(=C(O)C=CC=CN(CCO)CCO)C(=O)N(CC)C1=O,1,1.0000000,1.0000,0.7530387,0.7530,0.9253271,3.3603,1
22.7536,48.8939,7.4148,0.4399117,CCCCN(C(C)=CC=CC(O)=C1C(=O)NC(=O)c2ccccc21)c1ccccc1,1,1.0000000,1.0000,0.0869863,0.0870,0.9630067,2.8767,1
8.1347,49.9449,46.3056,0.7519567,CC1=NOC(=O)C1=C(O)C=CC=CN1CCCCCC1,1,1.0000000,1.0000,0.4468368,0.4468,0.9167515,3.4372,1
12.5649,55.5206,-26.0980,0.2298643,CCCCCCCCN(C=CC=CC(O)=C1C(=O)Nc2ccccc21)CCCCCCC,1,1.0000000,1.0000,0.0124314,0.0124,0.9601023,2.9279,1
16.7397,61.0793,34.2714,0.7449276,C=C(C)CN(C)C(C)=CC=CC(O)=C1C(=O)ON=C1C,1,1.0000000,1.0000,0.4560308,0.4560,0.8420909,3.9096,1
8.3096,44.1527,51.6394,0.7483759,CC(C=CN1CCCCC1)=CC(O)=C1C(=O)ON=C1C,1,1.0000000,1.0000,0.4468368,0.4468,0.8940629,3.6105,1
15.6019,45.2460,47.0282,0.7208923,CC(=CC=CC(O)=C1OC(=O)c2ccccc2C1=O)N(C)C,1,1.0000000,1.0000,0.3871135,0.3871,0.9442834,3.1563,1
7.8111,50.3672,50.9619,0.7916336,CC(=CC=CC(O)=C1C(=O)ON=C1C)N1CCCC1,1,1.0000000,1.0000,0.5218126,0.5218,0.9153804,3.4488,1
13.4479,55.0810,48.0178,0.8054593,CC1=NOC(=O)C1=C(O)C=CC=CN1CCSCC1,1,1.0000000,1.0000,0.5756394,0.5756,0.8442390,3.8990,1
21.7299,30.1310,-30.1133,0.0001384,C=C(C=C(C)N1CCN(C)CC1)[N+](=O)[O-],1,0.0000000,0.0000,0.7323954,0.7324,0.9485053,3.1021,1
8.6952,52.4339,51.7068,0.8135992,CC(C=CN1CCCCCC1)=CC(O)=C1C(=O)NC(=S)NC1=O,1,1.0000000,1.0000,0.5611558,0.5612,0.9305917,3.3090,1
19.4966,23.5263,-23.5099,0.0001284,CC1CCN(CCCN2CC(=O)n3cccc3C2=O)CC1,1,0.0000000,0.0000,0.5762299,0.5762,0.9748818,2.6166,1
10.0034,51.1980,20.5292,0.5603688,O=C1Nc2ccccc2C1=C(O)C=CC=CN1CCc2ccccc21,1,1.0000000,1.0000,0.1797500,0.1798,0.9634238,2.8691,1
25.3266,25.5811,-25.5670,0.0001102,COC(=O)N1c2ccccc2CC12C(=O)Nc1ccccc12,1,0.0000000,0.0000,0.3790112,0.3790,0.9090235,3.5005,1
7.2469,64.9998,10.2361,0.5877810,CCCCN(C=CC(C)=CC(O)=C1C(=O)ON=C1C)CCCC,1,1.0000000,1.0000,0.2162082,0.2162,0.8960969,3.5964,1
8.1485,50.9417,13.5437,0.5037922,CCCCN(CCCC)C(C)=CC=CC(O)=C1C(=O)ON=C1C(F)(F)F,1,1.0000000,1.0000,0.1353816,0.1354,0.9048786,3.5325,1
20.4370,22.7570,-22.7417,0.0001197,O=C(O)C=CC(=O)Nc1ccc(S(=O)(=O)N2CCc3ccccc32)cc1,1,0.0000000,0.0000,0.4637575,0.4638,0.9879563,2.1290,1
16.4084,20.6480,-20.6306,0.0001363,C=C(C)C(=O)N1CCCCC1,1,0.0000000,0.0000,0.6843103,0.6843,0.9878435,2.1352,1
8.4543,42.8875,66.8241,0.8571219,O=C1NC(=O)C(=C(O)C=CC=CN2CCCCCC2)C(=O)N1,1,1.0000000,1.0000,0.6490593,0.6491,0.9483655,3.1039,1
15.3641,38.6932,-38.6770,0.0001263,CC(=CC=C1C(=O)N(C)C(=S)NC1=S)N1CCSCC1,1,0.0000000,0.0000,0.5751656,0.5752,0.8950961,3.6034,1
8.1019,51.1125,26.0814,0.6030778,CC(C=CN1CCCC1)=CC(O)=C1C(=O)N(c2ccccc2)N=C1C,1,1.0000000,1.0000,0.2253495,0.2253,0.9538074,3.0277,1
23.0959,50.2716,44.1045,0.7373133,O=C1Nc2ccccc2C1=C(O)C(F)=CC=CN1CCOCC1,1,1.0000000,1.0000,0.4145706,0.4146,0.9427051,3.1756,1
11.9274,48.0756,66.6016,0.8959156,CCN(C=CC=CC(O)=C1C(=O)NNC1=O)CC,1,1.0000000,1.0000,0.7695174,0.7695,0.8882190,3.6498,1
24.5398,33.4866,-33.4716,0.0001171,CCN(CCCN(C)C)c1ccc2c(c1)N(C)C(=O)C(C)(C)C(=O)N2C,1,0.0000000,0.0000,0.4371753,0.4372,0.9740334,2.6388,1
14.7288,45.5022,53.4602,0.7731443,CC(=CC=CC(O)=C1C(=O)ON=C1C(F)(F)F)N(C)C,1,1.0000000,1.0000,0.5018807,0.5019,0.8655993,3.7866,1
13.6220,36.3388,-36.3229,0.0001243,CC1=NN(c2ccccc2)C(=O)C1=C(C)N1CCN(C)CC1,1,0.0000000,0.0000,0.5210703,0.5211,0.9815218,2.4121,1
20.4521,52.0393,-52.0351,0.0000329,CCN(C=CC(C)=C(O)C=CC=C(C)c1cccc2ccccc12)c1ccccc1,1,0.0000000,0.0000,0.0098130,0.0098,0.9530018,3.0395,1
36.5074,34.3083,-34.3083,0.0000000,c1n2c(cc3c2[nH]cc(-c2ccccc2)c3=O)c2c1cccc2,0,0.0000000,0.0000,0.0000000,0.0000,0.0000000,0.0000,1
29.2988,33.9009,-33.8856,0.0001195,O=C(NCCCCCCCN1CCNCC1)OCC=CCBr,1,0.0000000,0.0000,0.4645142,0.4645,0.9756013,2.5971,1
20.7141,40.5164,-40.5002,0.0001267,CC(=CC=CC(O)C=CC=C(O)CO)N(C)C,1,0.0000000,0.0000,0.6890891,0.6891,0.6651490,4.5529,1
14.4546,31.7759,-31.7636,0.0000962,CC(C=CN(C)CCO)=CC1=C(C)CCCC1(C)C,1,0.0000000,0.0000,0.2509433,0.2509,0.9188801,3.4188,1
24.9643,24.4270,-24.4138,0.0001033,CC1CC1C(=O)Nc1cccc2ccccc12,1,0.0000000,0.0000,0.2988992,0.2989,0.9830608,2.3545,1
10.2128,44.4387,-44.4234,0.0001191,CC(C=CN1CCCCCC1)=CC=CC(O)=C1C(=O)NC(=S)NC1=O,1,0.0000000,0.0000,0.4725101,0.4725,0.9287342,3.3275,1
20.5368,37.7586,-37.7436,0.0001170,CC(=CC=CC(O)=[N+](C)[O-])N(C)c1ccccc1,1,0.0000000,0.0000,0.4469811,0.4470,0.9325916,3.2885,1
8.7684,51.2559,-27.7637,0.1835330,CCCCCCCCN(CCCCCCCC)C(C)=CC=CC(O)=C1C(=O)c2ccccc2C1=O,1,1.0000000,1.0000,0.0063263,0.0063,0.9604741,2.9216,1
16.3758,19.3374,-19.3206,0.0001309,OCCN1CCCC1c1ccccc1,1,0.0000000,0.0000,0.6067863,0.6068,0.9851765,2.2662,1
22.8240,25.3825,-25.3670,0.0001204,CC1=NC(=O)NC(c2cccc(N)c2)C1C(=O)N=c1cccc[nH]1,1,0.0000000,0.0000,0.5310512,0.5311,0.8014582,4.0910,2
8.3822,40.4875,66.6350,0.8368946,CN1C(=O)C(=C(O)C=CC=CN2CCCCC2)C(=O)N(C)C1=O,1,1.0000000,1.0000,0.6053218,0.6053,0.9452474,3.1443,2
11.5167,45.2937,41.7349,0.6799113,CCN(C=CC=CC(O)=C1C(=O)Nc2ccccc21)CC,1,1.0000000,1.0000,0.3225386,0.3225,0.9557761,2.9980,2
7.4426,42.5555,71.2220,0.8888863,CC(=CC=CC(O)=C1C(=O)NC(=S)NC1=O)N1CCN(C)CC1,1,1.0000000,1.0000,0.7269101,0.7269,0.9415672,3.1892,2
12.6466,19.0290,-19.0158,0.0001037,CN(c1ccccc1)c1ccccc1,1,0.0000000,0.0000,0.3001780,0.3002,0.9955124,1.4809,2
8.0711,51.7668,22.6397,0.5813004,CC(C=CN(C)c1ccccc1)=CC(O)=C1C(=O)ON=C1C(F)(F)F,1,1.0000000,1.0000,0.2071528,0.2072,0.9111589,3.4835,2
17.5058,50.6186,-50.6046,0.0001091,CN(C)C=CC(C=CC(O)=C1C(=O)N(C)C(=S)N(C)C1=O)=Cc1ccccc1,1,0.0000000,0.0000,0.3627340,0.3627,0.9299675,3.3152,2
26.2050,66.9875,22.3142,0.6976698,CN(C=CC=CC(O)=C1C(=O)NNC1=O)C(F)(C=CC(F)(F)F)C(F)(F)F,1,1.0000000,1.0000,0.4388623,0.4389,0.6383923,4.6297,2
8.8433,50.4172,58.9395,0.8543493,CC(=CC=CC(O)=C1C(=O)N(C)C(=S)N(C)C1=O)N(C)C,1,1.0000000,1.0000,0.6541581,0.6542,0.9196897,3.4117,2
9.7102,61.1328,25.5480,0.6771933,CC(=CC=CC(O)=C1C(=O)N(C)C(=S)N(C)C1=O)N1CCCc2ccccc21,1,1.0000000,1.0000,0.3208656,0.3209,0.9444436,3.1543,2
8.5662,52.1581,66.6879,0.9284837,O=C1NC(=S)NC(=O)C1=C(O)C=CC=CN(CCO)CCO,1,1.0000000,1.0000,0.8468843,0.8469,0.9059886,3.5241,2
11.1756,37.5939,77.7662,0.9012504,CC(C=CN(C)C)=CC(O)=C1C(=O)NC(=O)NC1=O,1,1.0000000,1.0000,0.7621180,0.7621,0.9319656,3.2950,2
25.1291,66.2404,31.8612,0.7664187,CCN(C=CC=CC(O)=C1C(=O)NN=C1C=CC=CN(C)C)CC,1,1.0000000,1.0000,0.5053467,0.5053,0.8168933,4.0258,2
21.7950,57.1167,-57.1111,0.0000435,CCN(C=CC(C)=CC(O)=C1c2ccccc2C(=O)N1c1ccccc1)c1ccccc1,1,0.0000000,0.0000,0.0225722,0.0226,0.9633442,2.8705,2
11.4231,49.9534,67.2191,0.9154101,CC(=CC=CC(O)=C1C(=O)NC(=O)NC1=O)N(C)CCO,1,1.0000000,1.0000,0.8022847,0.8023,0.9245015,3.3680,2
14.5935,44.9473,42.8652,0.6860351,CCN(C=CC=CC(O)=C1C(=O)N(C)C(=S)N(c2ccccc2)C1=O)CC,1,1.0000000,1.0000,0.3324798,0.3325,0.9500118,3.0817,2
11.5263,36.6055,-36.5882,0.0001352,CC(C=CN1CCOCC1)=CC=CN(C)CCO,1,0.0000000,0.0000,0.6965883,0.6966,0.9170346,3.4348,2
8.3961,58.8443,-19.9898,0.3035505,CCCCCCCCN(CCCCCCCC)C(C)=CC=CC(O)=C1C(=O)N(C)C(=S)N(C)C1=O,1,1.0000000,1.0000,0.0289518,0.0290,0.9414151,3.1910,2
23.0426,88.5117,-26.8133,0.4820191,CCN1C(=O)C(=C(O)C=CC=C(C)NC(C)=CC=CC=C(C)N2CCCCC2)C(=O)N(CC)C1=O,1,1.0000000,1.0000,0.1206828,0.1207,0.8774204,3.7178,2
12.9619,49.8652,56.4464,0.8305600,CC(C=CN1CCCCCC1)=CC(O)=C1C(=O)NC(=O)NC1=O,1,1.0000000,1.0000,0.5936887,0.5937,0.9396583,3.2115,2
14.0081,43.6034,56.6494,0.7832249,CN(C)C=CC=CC(O)=C1C(=O)N(C)C(=O)N(c2ccccc2)C1=O,1,1.0000000,1.0000,0.4909798,0.4910,0.9628145,2.8802,2
19.4368,64.1173,22.0913,0.6735046,CC(C=CN1CC(C)(C)OC1=O)=CC(O)=C1C(=O)ON=C1C(F)(F)F,1,1.0000000,1.0000,0.3489708,0.3490,0.7923319,4.1277,2
7.8189,45.5340,51.9872,0.7618843,CN1C(=O)C(=C(O)C=CC=CN(C)c2ccccc2)C(=O)N(C)C1=S,1,1.0000000,1.0000,0.4561306,0.4561,0.9473516,3.1173,2
14.2756,53.1075,39.9956,0.7273686,CC(=CC=CC(O)=C1C(=O)ON=C1C)N(C)CCCN=[N+]=[N-],1,1.0000000,1.0000,0.4291356,0.4291,0.8263630,3.9837,2
11.5328,41.3982,67.5800,0.8513925,CN(C=CC=CC(O)=C1C(=O)NNC1=O)c1ccccc1,1,1.0000000,1.0000,0.6405151,0.6405,0.9370338,3.2410,2
7.8014,44.1250,65.2699,0.8546474,CC(C=CN(C)C)=CC(O)=C1C(=O)N(C)C(=S)N(C)C1=O,1,1.0000000,1.0000,0.6541581,0.6542,0.9213758,3.3967,2
9.2441,41.7173,-41.7173,0.0000000,CC(C=CN(C)C)=CC(O)=C1C(=O)NC(=O)NC1=O,2,0.0000000,1.0000,0.0000000,0.7621,0.0000000,3.2950,2
14.5396,54.1928,43.1983,0.7608677,O=C1ON=C(C(F)(F)F)C1=C(O)C=CC=CN1CCCC1,1,1.0000000,1.0000,0.4706469,0.4706,0.8905462,3.6344,2
8.8252,52.1450,7.6747,0.4673414,CC(C=CN1CCCCC1)=CC(O)=C1C(=O)N(c2ccccc2)N=C1C(F)(F)F,1,1.0000000,1.0000,0.1054263,0.1054,0.9449716,3.1478,2
9.6343,50.7242,45.9637,0.7553744,CC(=CC=CC(O)=C1C(=O)N(C)C(=S)N(C)C1=O)N1CCCCCC1,1,1.0000000,1.0000,0.4447117,0.4447,0.9467040,3.1257,2
22.8802,39.3614,-39.3520,0.0000730,CCCC=CCC=CCC=CC=CC(O)=C(C)N(C)C,1,0.0000000,0.0000,0.1099519,0.1100,0.9124061,3.4734,2
12.3177,48.5098,54.4261,0.8041864,CC(=CC=CC(O)=C1C(=O)NC(=O)NC1=O)N1CCc2ccccc21,1,1.0000000,1.0000,0.5346638,0.5347,0.9527556,3.0431,2
11.7483,33.5588,-33.5424,0.0001282,CC(=C1C(=O)ON=C1C(F)(F)F)N1CCCC1,1,0.0000000,0.0000,0.5858489,0.5858,0.9410401,3.1954,2
20.5943,22.2125,-22.2090,0.0000276,CCCCCCCCC=CCCCCCCCCC(=O)N(CCCC)CCCC,1,0.0000000,0.0000,0.0056720,0.0057,0.9841987,2.3084,2
21.3623,74.7542,20.0910,0.7409781,CC(=CC=CC(O)=C1C(=O)C(=C(O)C=CC=C(C)N2CCOCC2)C(C)(O)C1=O)N(C)CCO,1,1.0000000,1.0000,0.4955874,0.4956,0.7079747,4.4231,2
13.4243,56.2253,59.2424,0.9020912,CN(C)C=CC([O-])=CC(O)=C1C(=O)N(C)C(=S)N(C)C1=O,1,1.0000000,1.0000,0.7950605,0.7951,0.8696904,3.7634,2
11.9804,34.0136,-33.9980,0.0001218,CN1C(=O)C(=C(O)C=CC=Cc2ccccc2)C(=O)N(C)C1=O,1,0.0000000,0.0000,0.4928245,0.4928,0.9722098,2.6842,2
10.0847,52.3498,47.6645,0.7813616,CC1=NN(c2ccccc2)C(=O)C1=C(O)C=CC=CN(C)CCO,1,1.0000000,1.0000,0.4907760,0.4908,0.9515412,3.0604,2
21.6725,22.8321,-22.8147,0.0001363,Cc1cc(=O)[nH]c(SCC(=O)NCC(C)C)n1,1,0.0000000,0.0000,0.6874130,0.6874,0.9810831,2.4277,2
22.4896,26.1617,-26.1461,0.0001224,CC(C)=CCCN1CCN(CC(F)(F)F)CC1,1,0.0000000,0.0000,0.4967985,0.4968,0.9825733,2.3733,2
32.6107,44.4872,-44.4837,0.0000276,CCCCCCCCCCCCN(CCCCCCCC)C(C)=CC=C(C)C(=O)NC1CC1,1,0.0000000,0.0000,0.0057536,0.0058,0.9672316,2.7949,2
10.2558,61.0021,-19.6431,0.3231178,CCCCCCCCN(C=CC=CC(O)=C1C(=O)N(C)C(=O)N(CC)C1=O)CCCCCCCC,1,1.0000000,1.0000,0.0348320,0.0348,0.9455430,3.1406,2
17.5244,26.8482,-26.8314,0.0001314,C=C(C)NCC(O)c1ccccc1,1,0.0000000,0.0000,0.6170492,0.6170,0.9776412,2.5389,2
17.6855,23.7466,-23.7294,0.0001342,CC1(C)N=C(N)N(c2ccccc2)N1O,1,0.0000000,0.0000,0.6647309,0.6647,0.9567077,2.9834,2
10.7587,38.1365,77.9143,0.9066467,CN(C)C=CC=CC(O)=C1C(=O)NC(=S)NC1=O,1,1.0000000,1.0000,0.7778389,0.7778,0.9278829,3.3358,2
8.6157,44.4299,60.6164,0.8206741,CC(C=CN1CCSCC1)=CC(O)=C1C(=O)N(C)C(=O)N(C)C1=O,1,1.0000000,1.0000,0.5872793,0.5873,0.8993280,3.5735,2
17.1254,20.5618,-20.5485,0.0001039,c1ccc(-c2cnc3ccccc3n2)cc1,1,0.0000000,0.0000,0.3019558,0.3020,0.9951326,1.5341,2
8.5998,41.4219,75.9957,0.9173251,CN(C=CC=CC(O)=C1C(=O)NC(=S)NC1=O)CCO,1,1.0000000,1.0000,0.8153736,0.8154,0.9086004,3.5039,2
7.4000,54.3598,45.3180,0.7787329,CC(=CC=CC(O)=C1C(=O)ON=C1C)N1CCSCC1,1,1.0000000,1.0000,0.5078493,0.5078,0.8805497,3.6987,2
31.4567,41.5216,-41.5136,0.0000625,CC(C)=CCCC(C)=NCCCN1C(C)=CC(=CC(=O)O)c2ccccc21,1,0.0000000,0.0000,0.0677645,0.0678,0.9443499,3.1555,2
28.1247,67.2849,-31.0154,0.2833554,CCCCCCSC(C)CCCCCCCCCN(C)C=CC=CC(O)=C1C(=O)N(C)C(=O)N(C)C1=O,1,1.0000000,1.0000,0.0246524,0.0247,0.8689357,3.7677,2
15.7642,73.1952,-73.1862,0.0000707,CC(=CC=CC(O)=CC(O)=C1C(=O)N(c2ccccc2)N=C1C(F)(F)F)N1CCCC1,1,0.0000000,0.0000,0.0984834,0.0985,0.9324437,3.2901,2
9.9925,48.1300,57.9541,0.8287817,CC(C=CN1CCOCC1)=CC(O)=C1C(=O)OC(C)(C)OC1=O,1,1.0000000,1.0000,0.5997601,0.5998,0.9127462,3.4707,2
8.6306,43.4599,76.3152,0.9357431,O=C1NNC(=O)C1=C(O)C=CC=CN(CCO)CCO,1,1.0000000,1.0000,0.8837168,0.8837,0.8760409,3.7261,2
18.3145,25.0308,-25.0153,0.0001211,CN1C=CC=CC1=C1C(=O)Nc2ccccc21,1,0.0000000,0.0000,0.4852848,0.4853,0.9662749,2.8143,2
8.9209,54.4221,51.1554,0.8248247,CC(C=CN(C)CCCN=[N+]=[N-])=CC(O)=C1C(=O)NC(=S)NC1=O,1,1.0000000,1.0000,0.6116921,0.6117,0.8599362,3.8178,2
8.0711,51.7668,-51.7668,0.0000000,CC(C=CN(C)c1ccccc1)=CC(O)=C1C(=O)ON=C1C(F)(F)F,2,0.0000000,1.0000,0.0000000,0.2072,0.0000000,3.4835,2
12.9187,51.5492,12.2814,0.4986773,CC(=CC=CC(O)=C1C(=O)N(c2ccccc2)N=C1C)N1CCCCCC1,1,1.0000000,1.0000,0.1264842,0.1265,0.9660267,2.8192,2
10.5686,42.5098,63.4557,0.8278553,CCN(CC)C(C)=CC=CC(O)=C1C(=O)N(C)C(=O)N(C)C1=O,1,1.0000000,1.0000,0.5885762,0.5886,0.9377908,3.2326,2
12.8279,42.9210,12.3959,0.4321632,CCCCN(C=CC(C)=CC(O)=C1C(=O)c2ccccc2C1=O)CCCC,1,1.0000000,1.0000,0.0829107,0.0829,0.9540736,3.0237,2
7.7293,42.9291,52.8362,0.7481660,CCN(C=CC=CC(O)=C1C(=O)N(C)C(=O)N(C)C1=O)c1ccccc1,1,1.0000000,1.0000,0.4312303,0.4312,0.9500535,3.0811,2
23.0032,34.9508,-34.9403,0.0000820,CCCCCCCCCCCCNC(=O)C1CC(CCN=[N+]=[N-])C(=O)N1C,1,0.0000000,0.0000,0.1567596,0.1568,0.9043896,3.5362,2
8.8059,41.8476,68.2894,0.8604452,CN1C(=O)C(=C(O)C=CC=CN2CCCC2)C(=O)N(C)C1=O,1,1.0000000,1.0000,0.6592816,0.6593,0.9417220,3.1874,2
9.9320,53.6662,29.3631,0.6486659,CC1=NN(c2ccccc2)C(=O)C1=C(O)C=CC=CN1CCSCC1,1,1.0000000,1.0000,0.2825330,0.2825,0.9413247,3.1921,2
7.6203,61.8147,-8.0135,0.4203221,CCCCCCCCN(CCCCCCCC)C(C)=CC=CC(O)=C1C(=O)NNC1=O,1,1.0000000,1.0000,0.0769139,0.0769,0.9403679,3.2033,3
10.6366,45.1267,58.4049,0.8088403,CN1C(=O)C(=C(O)C=CC=CN2CCCCCC2)C(=O)N(C)C1=O,1,1.0000000,1.0000,0.5455392,0.5455,0.9480567,3.1080,3
15.3953,54.2984,21.3358,0.5908928,C=CCN1C(=O)C(=C(O)C=CC=C(C)N2CCCc3ccccc32)C(=O)N(CC)C1=O,1,1.0000000,1.0000,0.2132350,0.2132,0.9438832,3.1613,3
12.9738,43.3407,63.0557,0.8312221,O=C1NC(=O)C(=C(O)C=CC=CN2CCc3ccccc32)C(=O)N1,1,1.0000000,1.0000,0.5915347,0.5915,0.9496189,3.0871,3
12.6993,43.9454,17.6295,0.4810539,CCCCN(C=CC=CC(O)=C1C(=O)Nc2ccccc21)CCCC,1,1.0000000,1.0000,0.1140620,0.1141,0.9583414,2.9573,3
11.1105,47.0804,51.8821,0.7731443,CC(=CC=CC(O)=C1C(=O)ON=C1C(F)(F)F)N(C)C,1,1.0000000,1.0000,0.5018807,0.5019,0.8655993,3.7866,3
18.6811,23.8428,-23.8270,0.0001230,CC=CC=CC(=O)N1Cc2ccccc2CC1C(=O)O,1,0.0000000,0.0000,0.5120566,0.5121,0.9574030,2.9724,3
12.0460,41.9252,63.1210,0.8206741,CC(C=CN1CCSCC1)=CC(O)=C1C(=O)N(C)C(=O)N(C)C1=O,1,1.0000000,1.0000,0.5872793,0.5873,0.8993280,3.5735,3
7.8416,42.0648,61.7033,0.8106885,CCN(C=CC=CC(O)=C1C(=O)NC(=O)NC1=O)c1ccccc1,1,1.0000000,1.0000,0.5482845,0.5483,0.9510931,3.0667,3
11.8906,44.9885,31.6300,0.5985821,CC(C=CN1CCCCC1)=CC(O)=C1C(=O)c2ccccc2C1=O,1,1.0000000,1.0000,0.2196579,0.2197,0.9590530,2.9456,3
18.6601,60.5625,-60.5500,0.0000974,CCN(C=CC=CC=CC(C)=CC(O)=C1C(=O)NC(=S)NC1=O)c1ccccc1,1,0.0000000,0.0000,0.2609680,0.2610,0.9141039,3.4595,3
9.6030,39.6019,60.4918,0.7819816,CN1C(=O)C(=C(O)C=CC=CN(C)c2ccccc2)C(=O)N(C)C1=O,1,1.0000000,1.0000,0.4909798,0.4910,0.9548179,3.0126,3
21.6921,32.0430,-32.0288,0.0001111,O=C(C=CC=C(O)N1CCCC1)c1ccc(F)cc1,1,0.0000000,0.0000,0.3723427,0.3723,0.9800715,2.4623,3
9.7182,47.7076,59.7192,0.8392722,CCCN(C=CC=CC(O)=C1C(=O)NC(=S)NC1=O)CCC,1,1.0000000,1.0000,0.6188629,0.6189,0.9229956,3.3820,3
9.1055,57.6448,39.4624,0.7586501,CN1C(=O)C(=C(O)C=CC=CN2CCc3ccccc32)C(=O)N(C)C1=S,1,1.0000000,1.0000,0.4521750,0.4522,0.9406574,3.1999,3
13.3733,17.0168,-16.9984,0.0001438,C[N+]1(C)CCOCC1,1,0.0000000,0.0000,0.8347338,0.8347,0.9223855,3.3875,3
7.5923,45.7373,70.5665,0.9086238,CC(=CC=CC(O)=C1C(=O)NNC1=O)N1CCN(C)CC1,1,1.0000000,1.0000,0.7834402,0.7834,0.9268433,3.3459,3
24.3945,25.5248,-25.5082,0.0001301,CCN1CCN(C(=O)CCCNCc2ccccc2)CC1,1,0.0000000,0.0000,0.5929822,0.5930,0.9928798,1.7834,3
10.1884,47.1247,-47.1063,0.0001438,CC(=CC(O)=C1C(=O)NNC1=O)N1CCN(C)CC1,1,0.0000000,0.0000,0.8275538,0.8276,0.9370998,3.2403,3
10.3043,50.8205,41.4023,0.7204910,CN1C(=O)C(=C(O)C=CC=CN2CCCc3ccccc32)C(=O)N(C)C1=S,1,1.0000000,1.0000,0.3869531,0.3870,0.9422106,3.1815,3
8.4448,42.9482,35.7206,0.6146003,CC(C=CN1CCCc2ccccc21)=CC(O)=C1C(=O)OC(C)(C)OC1=O,1,1.0000000,1.0000,0.2418533,0.2419,0.9308847,3.3060,3
24.3320,70.1621,-70.1474,0.0001147,CC(=CC(O)=C1C(=O)NC(=O)NC1=O)C=C(O)C=C(C)N=C1OC(=O)c2ccccc21,1,0.0000000,0.0000,0.4358668,0.4359,0.8769724,3.7205,3
8.0611,56.5325,52.3907,0.8509629,CC(C=CN1CCN(C)CC1)=CC(O)=C1C(=O)N(C)C(=S)N(C)C1=O,1,1.0000000,1.0000,0.6455898,0.6456,0.9217360,3.3934,3
8.8472,49.1600,66.3871,0.9027121,CC(C=CN1CCOCC1)=CC(O)=C1C(=O)NNC1=O,1,1.0000000,1.0000,0.7854588,0.7855,0.8915953,3.6273,3
7.6231,42.8367,72.8754,0.9040006,CC(=CC=CC(O)=C1C(=O)NNC1=O)N(C)C,1,1.0000000,1.0000,0.7943523,0.7944,0.8807704,3.6973,3
8.0796,49.3588,62.4753,0.8737039,CC(C=CN(C)CCO)=CC(O)=C1C(=O)N(C)C(=S)N(C)C1=O,1,1.0000000,1.0000,0.7092400,0.7092,0.8979959,3.5830,3
11.2308,51.6248,40.8132,0.7221720,CC(=CC=CC(O)=C1C(=O)N(C)C(=S)N(C)C1=O)N(C)c1ccccc1,1,1.0000000,1.0000,0.3889782,0.3890,0.9451357,3.1457,3
9.1530,51.5898,41.9714,0.7309474,CC(C=CN1CCOCC1)=CC(O)=C1C(=O)Nc2ccccc21,1,1.0000000,1.0000,0.4018953,0.4019,0.9510529,3.0673,3
11.1907,50.5179,29.6463,0.6262829,CCN(C=CC(C)=CC(O)=C1C(=O)Nc2ccccc21)CC,1,1.0000000,1.0000,0.2533149,0.2533,0.9476305,3.1137,3
17.8104,44.8828,42.1625,0.6800418,CC(=CC=CC(O)=C1C(=O)OC(C)(C)OC1=O)N(C(C)C)C(C)C,1,1.0000000,1.0000,0.3310527,0.3311,0.9140964,3.4595,3
6.3356,36.9849,76.9423,0.8900566,CCN(C=CC=CC(O)=C1C(=O)NC(=O)NC1=O)CC,1,1.0000000,1.0000,0.7344686,0.7345,0.9310852,3.3040,3
18.6967,36.3611,-36.3444,0.0001306,CC(C)(O)C(O)C=CC=CN1CCSCC1,1,0.0000000,0.0000,0.6860576,0.6861,0.7847016,4.1575,3
6.2722,42.8025,69.4865,0.8772579,CCN(C=CC=CC(O)=C1C(=O)NC(=S)NC1=O)CC,1,1.0000000,1.0000,0.7085979,0.7086,0.9187947,3.4195,3
10.7629,48.7923,57.4660,0.8301429,CCCN(C=CC=CC(O)=C1C(=O)N(C)C(=O)N(C)C1=O)CC,1,1.0000000,1.0000,0.5961884,0.5962,0.9303179,3.3117,3
10.6292,40.3761,69.0527,0.8549124,CC(C=CN1CCCCC1)=CC(O)=C1C(=O)NC(=O)NC1=O,1,1.0000000,1.0000,0.6490593,0.6491,0.9356011,3.2567,3
10.1445,64.9306,-31.5273,0.2609629,CCCCCCCCN(C=CC(C)=CC(O)=C1C(=O)ON=C1C)CCCCCCCC,1,1.0000000,1.0000,0.0185672,0.0186,0.9262618,3.3514,3
23.1570,25.8544,-25.8439,0.0000827,CCCCCCCN(C)CCCOc1ccc(C)cc1,1,0.0000000,0.0000,0.1521948,0.1522,0.9929186,1.7798,3
8.6885,32.3147,54.7292,0.6800306,CCN(C=CC=CC(O)=C1C(=O)c2ccccc2C1=O)CC,1,1.0000000,1.0000,0.3219833,0.3220,0.9595465,2.9373,3
13.4482,47.9843,60.8047,0.8499136,CN(C=CC=CC(O)=C1C(=O)NC(=O)NC1=O)CC(C)(C)C,1,1.0000000,1.0000,0.6440549,0.6441,0.9196076,3.4124,3
7.7299,47.9880,46.4880,0.7380938,CC1=NN(c2ccccc2)C(=O)C1=C(O)C=CC=CN1CCN(C)CC1,1,1.0000000,1.0000,0.4118434,0.4118,0.9589687,2.9470,3
15.6688,52.6930,56.7889,0.8553272,CC(C=CN1CC=CCC1)=CC(O)=C1C(=O)NC(=O)NC1=O,1,1.0000000,1.0000,0.6739126,0.6739,0.8782907,3.7125,3
10.0627,46.3196,63.2366,0.8559077,CC(C=CN(C)CCO)=CC(O)=C1C(=O)OC(C)(C)OC1=O,1,1.0000000,1.0000,0.6697994,0.6698,0.8909188,3.6319,3
24.3263,24.8660,-24.8541,0.0000935,NC(=O)c1ccc(-c2ccc3c(=Nc4ccccc4)[nH]cnc3c2)cc1,1,0.0000000,0.0000,0.2217103,0.2217,0.9794502,2.4827,3
9.5214,43.2668,72.5126,0.9045265,CN(C=CC=CC(O)=C1C(=O)N(C)C(=O)N(C)C1=O)CCO,1,1.0000000,1.0000,0.7736070,0.7736,0.9253395,3.3602,3
10.0088,42.6480,-42.6292,0.0001472,O=C1NC(=O)C(=C(O)C=CN(CCO)CCO)C(=O)N1,1,0.0000000,0.0000,0.8930139,0.8930,0.9279397,3.3353,3
7.6279,57.1727,56.0690,0.8847004,CC(=CC=CC(O)=C1C(=O)ON=C1C)N(CCO)CCO,1,1.0000000,1.0000,0.7457688,0.7458,0.8782593,3.7127,3
11.5073,56.8752,-6.7160,0.3918689,CCCCCCCCN(C=CC(C)=CC(O)=C1C(=O)NC(=O)NC1=O)CCCCCCCC,1,1.0000000,1.0000,0.0622330,0.0622,0.9428712,3.1736,3
8.0370,46.9969,69.7965,0.9124480,CC(C=CN(C)CCO)=CC(O)=C1C(=O)NNC1=O,1,1.0000000,1.0000,0.8303072,0.8303,0.8559035,3.8393,3
9.8236,57.7968,51.3072,0.8523751,CCN1C(=O)C(=C(O)C=CC=CN2CCOCC2)C(=O)N(CC)C1=O,1,1.0000000,1.0000,0.6409668,0.6410,0.9415624,3.1893,3
25.2809,28.7873,-28.7715,0.0001233,C=C(CCN(C)C)CCN1CCC(C)CC1,1,0.0000000,0.0000,0.5093949,0.5094,0.9790111,2.4968,3
8.8498,50.1360,60.7975,0.8666674,CC(C=CN1CCSCC1)=CC(O)=C1C(=O)NNC1=O,1,1.0000000,1.0000,0.7188333,0.7188,0.8406712,3.9165,3
6.9131,55.1254,56.3198,0.8706657,O=C1NNC(=O)C1=C(O)C=CC=CN1CCCCCC1,1,1.0000000,1.0000,0.6903651,0.6904,0.9243407,3.3695,3
9.7439,52.5821,29.3801,0.6403300,CCCCN(C=CC=CC(O)=C1C(=O)N(CC)C(=O)N(CC)C1=O)CCCC,1,1.0000000,1.0000,0.2716656,0.2717,0.9420185,3.1838,3
12.7406,47.4709,60.0170,0.8397490,CC(C=CN1CCCCC1)=CC(O)=C1C(=O)NC(=S)NC1=O,1,1.0000000,1.0000,0.6189719,0.6190,0.9254667,3.3590,3
11.5891,24.7964,-24.7785,0.0001399,CC(C=CN(C)C)=CC(=O)O,1,0.0000000,0.0000,0.7508723,0.7509,0.9623314,2.8890,3
9.4750,44.3561,32.4160,0.5997820,CC(=CC=CC(O)=C1C(=O)c2ccccc2C1=O)N1CCCCC1,1,1.0000000,1.0000,0.2196579,0.2197,0.9691896,2.7534,3
9.2784,46.9772,53.3652,0.7839250,CC(C=CN1CCCC1)=CC(O)=C1C(=O)OC(C)(C)OC1=O,1,1.0000000,1.0000,0.5067663,0.5068,0.9152246,3.4501,3
6.9558,42.4742,63.7111,0.8295724,CC(=CC=CC(O)=C1C(=O)OC(C)(C)OC1=O)N(C)C,1,1.0000000,1.0000,0.6012544,0.6013,0.9133409,3.4658,3
8.7756,44.9897,46.2320,0.7126699,CC1(C)OC(=O)C(=C(O)C=CC=CN2CCc3ccccc32)C(=O)O1,1,1.0000000,1.0000,0.3752614,0.3753,0.9388143,3.2211,3
7.7839,41.2676,52.9042,0.7357171,CCCN(C=CC=CC(O)=C1C(=O)OC(C)(C)OC1=O)CCC,1,1.0000000,1.0000,0.4178957,0.4179,0.9191003,3.4169,3
15.6111,33.3946,-33.3804,0.0001107,C(=CC=CN1CCSCC1)C=CN1CCCCC1,1,0.0000000,0.0000,0.3831335,0.3831,0.9121214,3.4757,3
11.7714,46.7406,61.9529,0.8491677,O=C1Nc2ccccc2C1=C(O)C=CC=CN(CCO)CCO,1,1.0000000,1.0000,0.6322447,0.6322,0.9455110,3.1410,3
9.9528,57.4315,-57.4315,0.0000000,CN1C(=O)C(=C(O)C=CC=CN2CCc3ccccc32)C(=O)N(C)C1=S,2,0.0000000,1.0000,0.0000000,0.4522,0.0000000,3.1999,3
13.1751,52.3861,9.0434,0.4799172,CCCN(CCC)C(C)=CC=CC(O)=C1C(=O)N(c2ccccc2)N=C1C,1,1.0000000,1.0000,0.1134225,0.1134,0.9558717,2.9965,3
15.6807,44.9334,62.5925,0.8400462,CC1CN(C=CC=CC(O)=C2C(=O)NC(=S)NC2=O)CC(C)O1,1,1.0000000,1.0000,0.6856282,0.6856,0.7752407,4.1934,4
8.8227,45.7641,71.8998,0.9192493,CC(=CC=CC(O)=C1C(=O)NC(=S)NC1=O)N(CCO)CCO,1,1.0000000,1.0000,0.8177733,0.8178,0.9139389,3.4608,4
19.1253,52.9585,50.8800,0.8112380,CC(C)C(C=CN(C)C)=CC(O)=C1C(=O)N(C)C(=S)N(C)C1=O,1,1.0000000,1.0000,0.5666177,0.5666,0.9010953,3.5607,4
14.0796,29.3718,-29.3548,0.0001327,C[N+](C)=CC=CN1CCCCCC1,1,0.0000000,0.0000,0.6541223,0.6541,0.9275982,3.3386,4
18.5879,22.7186,-22.7013,0.0001353,CCc1ccc(N2N=CNCC2=O)cc1,1,0.0000000,0.0000,0.6781091,0.6781,0.9646165,2.8467,4
11.0054,60.0084,25.2386,0.6659925,CC(C=CN1CCc2ccccc21)=CC(O)=C1C(=O)ON=C1C,1,1.0000000,1.0000,0.3115537,0.3116,0.9110272,3.4846,4
9.2932,43.4712,39.8851,0.6512209,CC(C=CN1CCCC1)=CC(O)=C1C(=O)c2ccccc2C1=O,1,1.0000000,1.0000,0.2831301,0.2831,0.9574105,2.9723,4
9.7508,35.0839,83.0309,0.9227720,CN(C)C=CC=CC(O)=C1C(=O)NC(=O)C1=O,1,1.0000000,1.0000,0.8166165,0.8166,0.9347893,3.2654,4
9.6597,34.7665,36.7604,0.5588037,CN(C=CC=CC(O)=C1C(=O)c2ccccc2C1=O)c1ccccc1,1,1.0000000,1.0000,0.1775391,0.1775,0.9701673,2.7318,4
7.4370,54.6422,44.3203,0.7731443,CC(=CC=CC(O)=C1C(=O)ON=C1C(F)(F)F)N(C)C,1,1.0000000,1.0000,0.5018807,0.5019,0.8655993,3.7866,4
10.8542,45.1711,60.9130,0.8287817,CC(C=CN1CCOCC1)=CC(O)=C1C(=O)OC(C)(C)OC1=O,1,1.0000000,1.0000,0.5997601,0.5998,0.9127462,3.4707,4
15.3364,19.9659,-19.9472,0.0001464,O=C(O)C=CC(=O)N1CCOCC1,1,0.0000000,0.0000,0.8473043,0.8473,0.9869520,2.1819,4
14.9974,43.2950,-43.2789,0.0001256,CC1(C)OC(=O)C(=C(O)C=C=CN2CCCCC2)C(=O)O1,1,0.0000000,0.0000,0.5673256,0.5673,0.8912905,3.6294,4
29.8054,25.6834,-25.6679,0.0001208,CCC(C)NC(=O)Cc1ccc(O)c(Cl)c1,1,0.0000000,0.0000,0.4771380,0.4771,0.9839497,2.3188,4
8.9394,47.1104,33.8346,0.6323830,CCN(C=CC=CC(O)=C1C(=O)N(c2ccccc2)N=C1C)CC,1,1.0000000,1.0000,0.2594618,0.2595,0.9561305,2.9925,4
6.4091,44.1250,65.2699,0.8546474,CC(C=CN(C)C)=CC(O)=C1C(=O)N(C)C(=S)N(C)C1=O,1,1.0000000,1.0000,0.6541581,0.6542,0.9213758,3.3967,4
10.6060,43.5254,71.0522,0.8951376,O=C1NC(=O)C(=C(O)C=CC=CN2CCCC2)C(=O)N1,1,1.0000000,1.0000,0.7427731,0.7428,0.9406392,3.2001,4
10.7661,62.8219,-24.0345,0.3030269,CCCCCCCCN(C=CC(C)=CC(O)=C1C(=O)N(C)C(=S)N(C)C1=O)CCCCCCCC,1,1.0000000,1.0000,0.0289518,0.0290,0.9329203,3.2851,4
9.4721,50.5979,58.7390,0.8541945,CC(=CC=CC(O)=C1C(=O)N(C)C(=S)N(C)C1=O)N1CCN(C)CC1,1,1.0000000,1.0000,0.6455898,0.6456,0.9402623,3.2045,4
19.9915,17.8372,-17.8212,0.0001251,N=c1[nH]c(=N)c2c([nH]1)sc1ccccc12,1,0.0000000,0.0000,0.5488220,0.5488,0.9242713,3.3702,4
11.2916,45.3620,69.4284,0.8968000,CC(C=CN1CCN(C)CC1)=CC(O)=C1C(=O)NC(=O)NC1=O,1,1.0000000,1.0000,0.7507087,0.7507,0.9323452,3.2911,4
6.9759,54.3598,45.3180,0.7787329,CC(=CC=CC(O)=C1C(=O)ON=C1C)N1CCSCC1,1,1.0000000,1.0000,0.5078493,0.5078,0.8805497,3.6987,4
6.9461,55.1254,56.3198,0.8706657,O=C1NNC(=O)C1=C(O)C=CC=CN1CCCCCC1,1,1.0000000,1.0000,0.6903651,0.6904,0.9243407,3.3695,4
9.9422,44.5840,14.0852,0.4583532,CCN(C=CC(C)=CC(O)=C1C(=O)Nc2ccccc21)c1ccccc1,1,1.0000000,1.0000,0.0986114,0.0986,0.9592431,2.9424,4
20.8134,47.6268,-47.6251,0.0000136,CCCCCCCCN(C=CC(C)=CC(=O)N(CCCCCCCC)CCCCCCCC)CCCCCC,1,0.0000000,0.0000,0.0006832,0.0007,0.9655183,2.8292,4
9.5051,56.2412,46.5256,0.8028662,CC(C=CN1CCSCC1)=CC(O)=C1C(=O)N(C)C(=S)N(C)C1=O,1,1.0000000,1.0000,0.5556442,0.5556,0.8830437,3.6831,4
28.6959,33.4602,-33.4480,0.0000952,CC(=O)NCC=C(C)c1[nH]c2ccccc2c1S(=O)(=O)c1ccccc1,1,0.0000000,0.0000,0.2346580,0.2347,0.9766301,2.5684,4
30.3893,32.8828,-32.8722,0.0000824,CCCC=Cc1ccc2c(=NCC(F)(F)F)c(C#N)c[nH]c2c1,1,0.0000000,0.0000,0.1560259,0.1560,0.9343667,3.2699,4
32.1581,28.3150,-28.3021,0.0001008,CCn1c(=O)n(C(Cc2ccccc2)C(=O)N=c2cccc[nH]2)c2ccccc21,1,0.0000000,0.0000,0.2863964,0.2864,0.9317505,3.2972,4
11.4656,48.7407,54.9287,0.8099173,CCN(CC)C(C)=CC=CC(O)=C1C(=O)N(C)C(=S)N(C)C1=O,1,1.0000000,1.0000,0.5550452,0.5550,0.9262730,3.3513,4
10.3275,48.8648,47.1406,0.7500425,CC(C=CN1CCCc2ccccc21)=CC(O)=C1C(=O)NC(=S)NC1=O,1,1.0000000,1.0000,0.4385077,0.4385,0.9348476,3.2648,4
17.3023,20.1534,-20.1383,0.0001181,CN(C)C=CN=Nc1ccccc1,1,0.0000000,0.0000,0.4520862,0.4521,0.9600561,2.9287,4
14.8334,38.5330,-38.5161,0.0001314,CC(C)=CC(O)=C1C(=O)ON=C1C,1,0.0000000,0.0000,0.6500751,0.6501,0.8910382,3.6311,4
15.9725,22.4564,-22.4386,0.0001396,CCN(CC)C(C)=N,1,0.0000000,0.0000,0.7443172,0.7443,0.9676426,2.7864,4
12.2404,41.1109,24.0290,0.5089057,CCN(C=CC=CC(O)=C1C(=O)Nc2ccccc21)c1ccccc1,1,1.0000000,1.0000,0.1345403,0.1345,0.9646152,2.8467,4
7.7500,51.1125,26.0814,0.6030778,CC(C=CN1CCCC1)=CC(O)=C1C(=O)N(c2ccccc2)N=C1C,1,1.0000000,1.0000,0.2253495,0.2253,0.9538074,3.0277,4
26.0422,24.3836,-24.3684,0.0001184,Cc1ccc(NC(=O)CCCn2ccnc2)cc1,1,0.0000000,0.0000,0.4467523,0.4468,0.9925932,1.8093,4
9.2874,49.0617,4.8041,0.4208259,CC(=CC=CC(O)=C1C(=O)N(c2ccccc2)N=C1C(F)(F)F)N1CCCCCC1,1,1.0000000,1.0000,0.0764185,0.0764,0.9570639,2.9778,4
13.9434,43.8287,68.5398,0.8778788,CC(C=CN(CCO)CCO)=CC(O)=C1C(=O)OC(C)(C)OC1=O,1,1.0000000,1.0000,0.7240611,0.7241,0.8880244,3.6510,4
15.4108,28.8829,-28.8752,0.0000603,CCCCN(C=CC=Cc1nc2ccccc2s1)CCCC,1,0.0000000,0.0000,0.0599478,0.0599,0.9675530,2.7883,4
16.2723,40.7094,65.5296,0.8299918,O=C1C=CC(=O)C1=C(O)C=CC=CN1CCSCC1,1,1.0000000,1.0000,0.6081099,0.6081,0.8977775,3.5846,4
15.1526,54.0375,-54.0247,0.0000998,CC(C=CN(CCO)CCO)=CC=C(O)C=C(C)C=CN1CCCCCC1,1,0.0000000,0.0000,0.2881718,0.2882,0.8724812,3.7472,4
12.9244,25.5141,-25.4970,0.0001339,CC1(C)OC(=O)C(=C(O)C(F)(F)F)C(=O)O1,1,0.0000000,0.0000,0.6633217,0.6633,0.9484890,3.1023,4
12.3848,46.6652,-46.6474,0.0001394,CC(C=C(O)C=CN(C)C)=C1C(=O)NNC1=O,1,0.0000000,0.0000,0.7943523,0.7944,0.8564135,3.8366,4
7.1978,51.3997,60.8474,0.8769305,CN(C)C=CC=CC(O)=C1C(=O)N(C)C(=S)N(C)C1=O,1,1.0000000,1.0000,0.7028484,0.7028,0.9301632,3.3133,4
25.3472,31.7031,-31.6869,0.0001267,CCC(C=COC)=CCCN(C)C,1,0.0000000,0.0000,0.5675369,0.5675,0.9352272,3.2607,4
7.4906,48.1435,58.1682,0.8305600,CC(C=CN1CCCCCC1)=CC(O)=C1C(=O)NC(=O)NC1=O,1,1.0000000,1.0000,0.5936887,0.5937,0.9396583,3.2115,4
11.2582,38.8060,75.1213,0.8900566,CCN(C=CC=CC(O)=C1C(=O)NC(=O)NC1=O)CC,1,1.0000000,1.0000,0.7344686,0.7345,0.9310852,3.3040,4
8.1573,39.8227,77.0606,0.9131509,O=C1NC(=O)C(=C(O)C=CC=CN2CCOCC2)C(=O)N1,1,1.0000000,1.0000,0.7897469,0.7897,0.9380899,3.2293,4
8.4258,68.5733,-10.7441,0.4517906,CC(=CC=CC(O)=C1C(=O)N(c2ccccc2)N=C1C(F)(F)F)N(C)CCCN=[N+]=[N-],1,1.0000000,1.0000,0.0971290,0.0971,0.9131860,3.4670,4
25.1262,73.9824,26.2053,0.7827164,CC(C=CN1CCC(C)C(F)(F)C1)=CC(O)=C1C(=O)NNC1=O,1,1.0000000,1.0000,0.6004562,0.6005,0.6746536,4.5249,4
12.6734,36.5171,-36.5028,0.0001117,CC(C=C(O)C=CN(C)C)=C1C(=O)c2ccccc2C1=O,1,0.0000000,0.0000,0.3839021,0.3839,0.9557286,2.9987,4
12.8752,43.7052,60.6288,0.8151094,O=C1NC(=S)NC(=O)C1=C(O)C=CC=CN1CCc2ccccc21,1,1.0000000,1.0000,0.5602230,0.5602,0.9424360,3.1788,4
17.0780,58.0618,23.7669,0.6392864,CC(=O)NC(C)=CC=CC(O)=C1C(=O)N(c2ccccc2)N=C1C(F)(F)F,1,1.0000000,1.0000,0.2695348,0.2695,0.9469459,3.1226,4
18.0891,37.7550,-37.7441,0.0000849,CC(C=CN1CCCC1)=CN1CC(C)(C)c2ccccc21,1,0.0000000,0.0000,0.1705523,0.1706,0.9368942,3.2426,4
7.9573,51.4468,56.0587,0.8398872,CC(=CC=CC(O)=C1C(=O)ON=C1C)N1CCN(C)CC1,1,1.0000000,1.0000,0.6215260,0.6215,0.9196156,3.4123,4
9.0870,51.8662,51.5801,0.8081745,CCCN(C=CC(C)=CC(O)=C1C(=O)NC(=S)NC1=O)CCC,1,1.0000000,1.0000,0.5567479,0.5567,0.9109604,3.4851,4
17.1380,76.2581,-62.2455,0.1094733,CCCCCCCCCCN(C=CC(C)=CC(O)=C1C(=O)N(c2ccccc2)N=C1C(F)(F)F)CCCCCCCC,1,1.0000000,1.0000,0.0013635,0.0014,0.9347879,3.2654,4
8.0565,32.4555,73.7713,0.8298966,CC(C=CN(C)C)=CC(O)=C1C(=O)OC(C)(C)OC1=O,1,1.0000000,1.0000,0.6012544,0.6013,0.9152168,3.4502,4
12.9054,18.7377,-18.7205,0.0001346,O=C1CSC(c2ccccc2)C(=O)N1,1,0.0000000,0.0000,0.6666524,0.6667,0.9694053,2.7487,4
11.7494,30.8095,-30.7984,0.0000863,O=C1C(=C(O)C=CC=Cc2ccccc2)C(=O)c2ccccc21,1,0.0000000,0.0000,0.1741080,0.1741,0.9820094,2.3944,4
13.4981,47.6144,36.6726,0.6584918,CCN1C(=O)C(=C(O)C=CC=C(C)N2CCCc3ccccc32)C(=O)N(C)C1=O,1,1.0000000,1.0000,0.2939492,0.2939,0.9504142,3.0762,4
11.4460,52.6214,64.8841,0.9180120,CN1C(=O)C(=C(O)C=CC=CN(CCO)CCO)C(=O)N(C)C1=O,1,1.0000000,1.0000,0.8110528,0.8111,0.9206993,3.4027,4
12.5194,46.9867,63.7193,0.8648908,CC(C=CN1CCOCC1)=CC(O)=C1C(=O)N(C)C(=O)N(C)C1=O,1,1.0000000,1.0000,0.6747556,0.6748,0.9290526,3.3243,4
9.1005,52.4171,35.2729,0.6850780,CCCN(C=CC(C)=CC(O)=C1C(=O)ON=C1C)CCC,1,1.0000000,1.0000,0.3472827,0.3473,0.8738557,3.7391,5
10.3440,62.9441,11.9467,0.5850841,CCCCN(C=CC(C)=CC(O)=C1C(=O)N(CC)C(=O)N(CC)C1=O)CCCC,1,1.0000000,1.0000,0.2083690,0.2084,0.9331214,3.2830,5
21.9253,35.7519,-35.7391,0.0000999,CC1=NN(c2ccccc2)C(=O)C1=CC(O)C=Cc1ccccc1,1,0.0000000,0.0000,0.2745675,0.2746,0.9549283,3.0109,5
8.6233,41.1152,71.1319,0.8769305,CN(C)C=CC=CC(O)=C1C(=O)N(C)C(=S)N(C)C1=O,1,1.0000000,1.0000,0.7028484,0.7028,0.9301632,3.3133,5
11.4955,47.5669,66.6228,0.8921066,CCN1C(=O)C(=C(O)C=CC=CN(C)CCO)C(=O)N(C)C1=O,1,1.0000000,1.0000,0.7414200,0.7414,0.9269906,3.3445,5
11.9595,46.8488,56.7710,0.8095294,CC(=CC=CC(O)=C1C(=O)N(C)C(=O)N(C)C1=O)N1CCCCC1,1,1.0000000,1.0000,0.5455392,0.5455,0.9523048,3.0495,5
9.8191,41.8704,64.3564,0.8298966,CC(C=CN(C)C)=CC(O)=C1C(=O)OC(C)(C)OC1=O,1,1.0000000,1.0000,0.6012544,0.6013,0.9152168,3.4502,5
13.2080,51.9414,60.5035,0.8784756,CC(C=CN(CCO)CCO)=CC(O)=C1C(=O)ON=C1C,1,1.0000000,1.0000,0.7457688,0.7458,0.8462982,3.8887,5
15.5647,49.2988,14.5319,0.4986773,CC(=CC=CC(O)=C1C(=O)N(c2ccccc2)N=C1C)N1CCCCCC1,1,1.0000000,1.0000,0.1264842,0.1265,0.9660267,2.8192,5
17.0910,26.7781,-26.7600,0.0001414,CCN1C(=O)CN(C(C)=O)CC(C)(C)C1=O,1,0.0000000,0.0000,0.7682443,0.7682,0.9769573,2.5590,5
10.1069,47.6073,69.1861,0.9124480,CC(C=CN(C)CCO)=CC(O)=C1C(=O)NNC1=O,1,1.0000000,1.0000,0.8303072,0.8303,0.8559035,3.8393,5
11.4959,45.4532,65.5437,0.8671636,CCCN(C=CC=CC(O)=C1C(=O)NNC1=O)CCC,1,1.0000000,1.0000,0.6926985,0.6927,0.8996592,3.5711,5
18.1139,48.6589,63.9697,0.8799109,O=C1NNC(=O)C1=C(O)C=CC=CN1CC=CCC1,1,1.0000000,1.0000,0.7563219,0.7563,0.8328492,3.9538,5
21.0571,45.7882,-45.7717,0.0001288,CC(=CC(O)=C1C(=O)OC(C)(C)OC1=O)ON=C(C)CC(=O)O,1,0.0000000,0.0000,0.6149362,0.6149,0.8848855,3.6714,5
10.6333,56.9165,29.2979,0.6735499,O=C1ON=C(C(F)(F)F)C1=C(O)C=CC=CN1CCCCCC1,1,1.0000000,1.0000,0.3228160,0.3228,0.9083849,3.5055,5
30.7143,47.8413,-47.8413,0.0000000,c12c(O)n(CC)c(O)c1C(C(=O)OC)(C)NC2CN(C)C(C)=CC(O)=OC,0,0.0000000,0.0000,0.0000000,0.0000,0.0000000,0.0000,5
21.5150,27.3766,-27.3582,0.0001435,NC(N)=NC(N)=NCCCC(F)(F)F,1,0.0000000,0.0000,0.8134137,0.8134,0.9562637,2.9904,5
8.4430,55.4544,40.3377,0.7483759,CC(C=CN1CCCCC1)=CC(O)=C1C(=O)ON=C1C,1,1.0000000,1.0000,0.4468368,0.4468,0.8940629,3.6105,5
21.6780,22.5205,-22.5040,0.0001287,O=C(O)C1CN(C(=O)C2CC2)CC1c1ccccc1,1,0.0000000,0.0000,0.5812165,0.5812,0.9716516,2.6975,5
10.5831,45.9469,65.2869,0.8690140,CC(=CC=CC(O)=C1C(=O)N(C)C(=O)N(C)C1=O)N(C)C,1,1.0000000,1.0000,0.6826161,0.6826,0.9334298,3.2798,5
13.0868,55.7535,37.1273,0.7256315,CCN1C(=O)C(=C(O)C=C(C)C=CN(C)CCCN=[N+]=[N-])C(=O)N(CC)C1=O,1,1.0000000,1.0000,0.4086021,0.4086,0.8891671,3.6435,5
8.8208,56.4300,29.1522,0.6686107,CC(=CC=CC(O)=C1C(=O)ON=C1C)N1CCc2ccccc21,1,1.0000000,1.0000,0.3115537,0.3116,0.9299879,3.3150,5
10.9912,41.5572,70.7318,0.8772579,CCN(C=CC=CC(O)=C1C(=O)NC(=S)NC1=O)CC,1,1.0000000,1.0000,0.7085979,0.7086,0.9187947,3.4195,5
20.2533,21.7281,-21.7173,0.0000849,CCCCCCCC(=O)NN=Cc1c(O)ccc2ccccc12,1,0.0000000,0.0000,0.1652552,0.1653,0.9886786,2.0883,5
7.4401,37.9612,62.7349,0.7866877,CC1(C)OC(=O)C(=C(O)C=CC=CN2CCCCC2)C(=O)O1,1,1.0000000,1.0000,0.5067663,0.5068,0.9322851,3.2917,5
15.0018,47.5788,42.6060,0.7045686,CCN(C=CC(C)=CC(O)=C1C(=O)N(C)C(=O)N(C)C1=O)c1ccccc1,1,1.0000000,1.0000,0.3616952,0.3617,0.9429692,3.1724,5
10.8365,46.5731,59.3924,0.8278553,CCN(CC)C(C)=CC=CC(O)=C1C(=O)N(C)C(=O)N(C)C1=O,1,1.0000000,1.0000,0.5885762,0.5886,0.9377908,3.2326,5
26.3845,20.8245,-20.8085,0.0001251,FC(F)(F)c1c[nH]c(-c2cnccn2)n1,1,0.0000000,0.0000,0.5405473,0.5405,0.9507500,3.0715,5
8.4986,52.9796,45.2199,0.7671839,CCN(C=CC(C)=CC(O)=C1C(=O)ON=C1C)CC,1,1.0000000,1.0000,0.4928463,0.4928,0.8579803,3.8283,5
6.6951,42.8060,63.3793,0.8295724,CC(=CC=CC(O)=C1C(=O)OC(C)(C)OC1=O)N(C)C,1,1.0000000,1.0000,0.6012544,0.6013,0.9133409,3.4658,5
17.1826,21.5922,-21.5741,0.0001419,COCCOCCOCCN=[N+]=[N-],1,0.0000000,0.0000,0.7792539,0.7793,0.9705844,2.7223,5
14.7962,72.9086,-72.8935,0.0001180,CCN1C(=O)C(=C(O)C(C)=CC(O)=C2C(=O)ON=C2C(F)(F)F)C(=O)N(CC)C1=O,1,0.0000000,0.0000,0.4741519,0.4742,0.8814417,3.6931,5
14.2962,24.1620,-24.1429,0.0001493,CN(CCO)CCN(C)CCO,1,0.0000000,0.0000,0.9024630,0.9025,0.9806150,2.4440,5
18.5933,29.0880,-29.0711,0.0001317,CCN1C(=N)C(C(=O)OC(C)C)C(C)=NC1=O,1,0.0000000,0.0000,0.6570363,0.6570,0.8859221,3.6647,5
15.6445,24.4136,-24.3976,0.0001248,O=C(NCc1ccccc1)C1CC(C(F)(F)F)=NO1,1,0.0000000,0.0000,0.5319948,0.5320,0.9640989,2.8565,5
7.6424,42.9291,52.8362,0.7481660,CCN(C=CC=CC(O)=C1C(=O)N(C)C(=O)N(C)C1=O)c1ccccc1,1,1.0000000,1.0000,0.4312303,0.4312,0.9500535,3.0811,5
16.9477,36.6896,-36.6759,0.0001068,CCN(C=CC(C)=C(O)C(=O)Nc1ccccc1)CC,1,0.0000000,0.0000,0.3331341,0.3331,0.9669760,2.8001,5
8.0042,45.5318,64.6052,0.8604452,CN1C(=O)C(=C(O)C=CC=CN2CCCC2)C(=O)N(C)C1=O,1,1.0000000,1.0000,0.6592816,0.6593,0.9417220,3.1874,5
8.5002,40.2791,72.0808,0.8778114,O=C1NC(=O)C(=C(O)C=CC=CN2CCCCC2)C(=O)N1,1,1.0000000,1.0000,0.6986422,0.6986,0.9449534,3.1480,5
17.6880,62.2097,-29.6725,0.2541972,CCCCCCCCN(CCCCCCCC)C(C)=CC=CC(O)=C1C(=O)N(C)C(=O)C=C1C,1,1.0000000,1.0000,0.0170091,0.0170,0.9407070,3.1993,5
8.8396,51.8153,49.8945,0.7946075,CC(=CC=CC(O)=C1C(=O)N(C)C(=O)N(C)C1=O)N(C)CCCN=[N+]=[N-],1,1.0000000,1.0000,0.5349629,0.5350,0.8937892,3.6124,5
9.5698,44.7550,52.7662,0.7618843,CN1C(=O)C(=C(O)C=CC=CN(C)c2ccccc2)C(=O)N(C)C1=S,1,1.0000000,1.0000,0.4561306,0.4561,0.9473516,3.1173,5
36.3518,71.3012,-71.2960,0.0000413,CC1=CC(=C(O)C(=Cc2c[nH]c3ccccc23)C(C(O)=CN(C)C)=C(C)C)C(=O)N1c1ccccc1,1,0.0000000,0.0000,0.0199264,0.0199,0.9151395,3.4508,5
7.3503,54.6422,44.3203,0.7731443,CC(=CC=CC(O)=C1C(=O)ON=C1C(F)(F)F)N(C)C,1,1.0000000,1.0000,0.5018807,0.5019,0.8655993,3.7866,5
12.1440,51.5632,58.4286,0.8593116,CC1=NOC(=O)C1=C(O)C=CC=CN1CCOCC1,1,1.0000000,1.0000,0.6757472,0.6757,0.8957122,3.5991,5
14.0030,28.1685,-28.1521,0.0001281,C=C1C(=O)OC(C)C1CN1CCCCCC1,1,0.0000000,0.0000,0.5887992,0.5888,0.9277345,3.3373,5
23.7206,57.9608,35.6068,0.7309965,O=C1CC=COC(=O)C1=C(O)C=CC=CN1CCCCCC1,1,1.0000000,1.0000,0.4136109,0.4136,0.9047304,3.5337,5
11.6142,48.1403,54.7955,0.8041864,CC(=CC=CC(O)=C1C(=O)NC(=O)NC1=O)N1CCc2ccccc21,1,1.0000000,1.0000,0.5346638,0.5347,0.9527556,3.0431,5
15.2424,27.0654,-27.0482,0.0001345,O=C1NC(=S)NC(=O)C1=C(O)C=Cc1ccc(O)cc1,1,0.0000000,0.0000,0.6634106,0.6634,0.9728907,2.6676,5
10.4708,45.3336,59.1816,0.8165255,CC(=CC=CC(O)=C1C(=O)NC(=S)NC1=O)N1CCCCCC1,1,1.0000000,1.0000,0.5611558,0.5612,0.9482989,3.1048,5
10.1754,58.8974,15.5936,0.5819608,CC(C=CN1CCc2ccccc21)=CC(O)=C1C(=O)ON=C1C(F)(F)F,1,1.0000000,1.0000,0.2091942,0.2092,0.9010110,3.5613,5
13.0255,32.2062,-32.1882,0.0001411,COC(C=CC=CN(C)C)=C1C(=O)NC(=O)NC1=O,1,0.0000000,0.0000,0.7909445,0.7909,0.9185284,3.4219,5
10.1191,46.7146,58.4302,0.8214437,CC(C=CN(CCO)CCO)=CC(O)=C1C(=O)Nc2ccccc21,1,1.0000000,1.0000,0.5754602,0.5755,0.9364977,3.2469,5
9.7620,38.0383,75.8890,0.8900566,CCN(C=CC=CC(O)=C1C(=O)NC(=O)NC1=O)CC,1,1.0000000,1.0000,0.7344686,0.7345,0.9310852,3.3040,5
14.3526,34.9501,-34.9379,0.0000957,O=C1OC(=C(O)C=Cc2ccccc2)C(=O)N1c1ccccc1,1,0.0000000,0.0000,0.2374950,0.2375,0.9803468,2.4531,5
9.1320,48.0896,62.6005,0.8647661,O=C1ON=C(C(F)(F)F)C1=C(O)C=CC=CN(CCO)CCO,1,1.0000000,1.0000,0.7054237,0.7054,0.8588756,3.8235,5
10.0624,45.0174,66.7098,0.8728688,CN1C(=O)C(=C(O)C=CC=CN2CCOCC2)C(=O)N(C)C1=S,1,1.0000000,1.0000,0.6939978,0.6940,0.9281229,3.3335,5
10.2089,39.8192,36.9093,0.5994416,O=C1C(=C(O)C=CC=CN2CCCCCC2)C(=O)c2ccccc21,1,1.0000000,1.0000,0.2196579,0.2197,0.9663051,2.8137,5
10.5419,46.6117,-46.6117,0.0000000,CN1C(=O)C(=C(O)C=CC=CN2CCCC2)C(=O)N(C)C1=O,2,0.0000000,1.0000,0.0000000,0.6593,0.0000000,3.1874,5
20.6492,74.1872,-74.1709,0.0001274,CCN(C=CC=CC(=O)OC(C)=CC=CC(O)=C1C(=O)NNC1=O)CC,1,0.0000000,0.0000,0.6170755,0.6171,0.8312961,3.9611,5
22.2963,57.6264,30.4910,0.6884178,CC1=NC(C)(C)C(=C(O)C=CC=CN2CCCC(C)C2)C(=O)N1,1,1.0000000,1.0000,0.3791524,0.3792,0.7687746,4.2174,5
10.8508,63.3754,-18.6995,0.3490302,CC(=CC=CC(O)=C1C(=O)N(c2ccccc2)N=C1C(F)(F)F)N1CCCc2ccccc21,1,1.0000000,1.0000,0.0437237,0.0437,0.9523058,3.0495,5
10.2318,47.4700,58.0837,0.8246390,CC(C=CN(C)c1ccccc1)=CC(O)=C1C(=O)NNC1=O,1,1.0000000,1.0000,0.5854298,0.5854,0.9274794,3.3397,5
12.3433,48.3811,-24.8889,0.1835330,CCCCCCCCN(CCCCCCCC)C(C)=CC=CC(O)=C1C(=O)c2ccccc2C1=O,1,1.0000000,1.0000,0.0063263,0.0063,0.9604741,2.9216,5
16.7357,48.6433,-48.6263,0.0001329,CC=CC=CC#CC(O)=CC(O)=C1C(=O)NC(=O)NC1=O,1,0.0000000,0.0000,0.6912304,0.6912,0.8506945,3.8665,6
10.7634,47.7906,51.1718,0.7731443,CC(=CC=CC(O)=C1C(=O)ON=C1C(F)(F)F)N(C)C,1,1.0000000,1.0000,0.5018807,0.5019,0.8655993,3.7866,6
6.8564,44.7233,65.9379,0.8645409,O=C1NC(=S)NC(=O)C1=C(O)C=CC=CN1CCCCC1,1,1.0000000,1.0000,0.6711265,0.6711,0.9358717,3.2538,6
10.5087,60.9025,14.1447,0.5863062,CCCCN(CCCC)C(C)=CC=CC(O)=C1C(=O)N(CC)C(=O)N(CC)C1=O,1,1.0000000,1.0000,0.2083690,0.2084,0.9433990,3.1672,6
10.2241,52.6377,47.3295,0.7809939,CCN1C(=O)C(=C(O)C=C(C)C=CN2CCCC2)C(=O)N(CC)C1=O,1,1.0000000,1.0000,0.4948104,0.4948,0.9356905,3.2557,6
11.2304,53.0785,16.6769,0.5449638,CC(C=CN1CCCCCC1)=CC(O)=C1C(=O)Nc2ccccc21,1,1.0000000,1.0000,0.1658936,0.1659,0.9576972,2.9677,6
17.9172,51.4039,62.5867,0.8905518,C=CN(C)C=CC=CC(O)=C1C(=O)NNC1=O,1,1.0000000,1.0000,0.7929257,0.7929,0.8166834,4.0267,6
6.8410,42.5555,71.2220,0.8888863,CC(=CC=CC(O)=C1C(=O)NC(=S)NC1=O)N1CCN(C)CC1,1,1.0000000,1.0000,0.7269101,0.7269,0.9415672,3.1892,6
12.4457,54.1108,46.4840,0.7858968,CC(C=CN1CCCC1)=CC(O)=C1C(=O)ON=C1C,1,1.0000000,1.0000,0.5218126,0.5218,0.8810862,3.6953,6
17.1081,56.0767,55.3572,0.8705775,CCN1C(=O)C(=C(O)C=CC=CN(C)C)C(=O)N(CCOC)C1=O,1,1.0000000,1.0000,0.6799124,0.6799,0.9488473,3.0975,6
17.2048,16.7460,-16.7293,0.0001309,ON=C1CCc2ccccc21,1,0.0000000,0.0000,0.6062138,0.6062,0.9866776,2.1956,6
6.7525,47.8442,59.9687,0.8422884,O=C1NC(=S)NC(=O)C1=C(O)C=CC=CN1CCCCCC1,1,1.0000000,1.0000,0.6189719,0.6190,0.9402537,3.2046,6
12.4836,18.1193,-18.1028,0.0001297,CC1(C)Nc2ccccc2NC1=O,1,0.0000000,0.0000,0.5905049,0.5905,0.9834995,2.3371,6
17.7587,99.7439,7.7047,0.8394426,CCN(C=CC=CC(O)=C1C(=O)NC(=S)NC1=O)C(O)=CC=CC(O)=C1C(=O)NC(=O)NC1=O,1,1.0000000,1.0000,0.6618643,0.6619,0.8214990,4.0056,6
11.7901,57.5634,-16.4678,0.3210591,CCCCCCCCN(CCCCCCCC)C(C)=CC=CC(O)=C1C(=O)N(C)C(=O)N(C)C1=O,1,1.0000000,1.0000,0.0341324,0.0341,0.9473895,3.1168,6
9.9422,54.7977,36.8892,0.7163037,CC(C=CN1CCCC1)=CC(O)=C1C(=O)ON=C1C(F)(F)F,1,1.0000000,1.0000,0.3964898,0.3965,0.8756976,3.7282,6
16.7286,33.0829,-33.0660,0.0001319,CC(=CC(O)=C1C(=O)c2ccccc2C1=O)C(N)=O,1,0.0000000,0.0000,0.6265840,0.6266,0.9701007,2.7333,6
10.6142,39.6078,65.2012,0.8188209,CC1(C)OC(=O)C(=C(O)C=CC=CN2CCCC2)C(=O)O1,1,1.0000000,1.0000,0.5733810,0.5734,0.9267572,3.3467,6
29.5460,47.2675,-47.2513,0.0001265,CC1=C(C(=O)O)N2C(CCN1CCCN)C(=O)N1CCc3ccccc3C12,1,0.0000000,0.0000,0.5874450,0.5874,0.8713907,3.7536,6
7.3955,49.3373,70.5614,0.9367087,O=C1NC(=O)C(=C(O)C=CC=CN(CCO)CCO)C(=O)N1,1,1.0000000,1.0000,0.8626767,0.8627,0.9187340,3.4201,6
6.3376,42.4742,63.7111,0.8295724,CC(=CC=CC(O)=C1C(=O)OC(C)(C)OC1=O)N(C)C,1,1.0000000,1.0000,0.6012544,0.6013,0.9133409,3.4658,6
7.1744,47.8379,58.5651,0.8312736,CN1C(=O)C(=C(O)C=CC=CN2CCSCC2)C(=O)N(C)C1=S,1,1.0000000,1.0000,0.6112597,0.6113,0.8969345,3.5905,6
22.7620,65.9828,-65.9828,0.0000000,O=C1N(c2ccccc2)N=C(C)C1=C(C=CC=CC(=C1C(C)=NC(C)=C(C(=O)OC)C1=N)=O)O,0,0.0000000,0.0000,0.0000000,0.0000,0.0000000,0.0000,6
10.0200,48.4191,60.8958,0.8540228,CCN(C=CC(C)=CC(O)=C1C(=O)NC(=S)NC1=O)CC,1,1.0000000,1.0000,0.6591766,0.6592,0.9056525,3.5267,6
12.8667,48.4338,63.9832,0.8782571,CC1=NOC(=O)C1=C(O)C=CC=CN(C)CCO,1,1.0000000,1.0000,0.7387616,0.7388,0.8592733,3.8214,6
6.3039,50.3672,50.9619,0.7916336,CC(=CC=CC(O)=C1C(=O)ON=C1C)N1CCCC1,1,1.0000000,1.0000,0.5218126,0.5218,0.9153804,3.4488,6
7.6461,47.1735,70.3400,0.9180739,O=C1NNC(=O)C1=C(O)C=CC=CN1CCOCC1,1,1.0000000,1.0000,0.8189622,0.8190,0.9055154,3.5277,6
14.9666,30.1982,-30.1864,0.0000923,CCCCCCCCN(C)CCCCN=[N+]=[N-],1,0.0000000,0.0000,0.2132171,0.2132,0.9797319,2.4736,6
20.0340,40.9784,49.7569,0.7088695,CC(=CC=CC(O)=CC(=O)N1Cc2ccccc2C1)N(C)C,1,1.0000000,1.0000,0.3664234,0.3664,0.9517050,3.0581,6
9.3830,47.7507,56.3900,0.8135992,CC(C=CN1CCCCCC1)=CC(O)=C1C(=O)NC(=S)NC1=O,1,1.0000000,1.0000,0.5611558,0.5612,0.9305917,3.3090,6
18.8701,54.0017,-53.9833,0.0001439,CN1C(=O)NC(=O)C(=C(N)C=CC=CN(CCCN)CCCN=C(N)N)C1=O,1,0.0000000,0.0000,0.8509821,0.8510,0.8971210,3.5892,6
21.7510,25.9154,-25.8992,0.0001265,CCCCN(C)CCC1CCN(C)CC1,1,0.0000000,0.0000,0.5468441,0.5468,0.9875090,2.1531,6
8.9735,47.8496,61.7066,0.8559077,CC(C=CN(C)CCO)=CC(O)=C1C(=O)OC(C)(C)OC1=O,1,1.0000000,1.0000,0.6697994,0.6698,0.8909188,3.6319,6
7.5928,43.0152,73.8681,0.9131509,O=C1NC(=O)C(=C(O)C=CC=CN2CCOCC2)C(=O)N1,1,1.0000000,1.0000,0.7897469,0.7897,0.9380899,3.2293,6
23.6538,23.5581,-23.5416,0.0001293,COc1ccc2[nH]cc(C(=O)NCCN(C)C)c(=NCCCN(C)C)c2c1,1,0.0000000,0.0000,0.5898461,0.5898,0.9708536,2.7161,6
13.3610,46.4205,56.8390,0.8067154,CC1CCCN(C=CC=CC(O)=C2C(=O)N(C)C(=O)N(C)C2=O)C1,1,1.0000000,1.0000,0.5645356,0.5645,0.8806880,3.6978,6
9.3879,45.4352,-45.4352,0.0000000,CCN(C=CC(C)=CC(O)=C1C(=O)NC(=S)NC1=O)CC,2,0.0000000,1.0000,0.0000000,0.6592,0.0000000,3.5267,6
7.6243,41.9758,68.7302,0.8648908,CC(C=CN1CCOCC1)=CC(O)=C1C(=O)N(C)C(=O)N(C)C1=O,1,1.0000000,1.0000,0.6747556,0.6748,0.9290526,3.3243,6
10.8109,56.5496,48.4967,0.8206741,CC(C=CN1CCSCC1)=CC(O)=C1C(=O)N(C)C(=O)N(C)C1=O,1,1.0000000,1.0000,0.5872793,0.5873,0.8993280,3.5735,6
10.6488,47.7857,68.0607,0.9050496,CC(=CC=CC(O)=C1C(=O)NC(=S)NC1=O)N(C)CCO,1,1.0000000,1.0000,0.7815732,0.7816,0.9116606,3.4795,6
21.6023,23.7748,-23.7558,0.0001487,CC(=O)NC(C(C)=O)C(N)=O,1,0.0000000,0.0000,0.9041346,0.9041,0.9565012,2.9867,6
8.0516,45.4823,61.1816,0.8333121,CC(=CC=CC(O)=C1C(=O)OC(C)(C)OC1=O)N1CCN(C)CC1,1,1.0000000,1.0000,0.6002373,0.6002,0.9379405,3.2309,6
10.5023,43.9819,70.8085,0.8968000,CC(C=CN1CCN(C)CC1)=CC(O)=C1C(=O)NC(=O)NC1=O,1,1.0000000,1.0000,0.7507087,0.7507,0.9323452,3.2911,6
38.5537,57.7548,-57.7440,0.0000838,C=C(C)CN(C)C=CC(C)=C(O)C=CC(=O)Oc1ccc2[nH]c(=O)cc(C)c2c1,1,0.0000000,0.0000,0.1651200,0.1651,0.9250074,3.3633,6
7.9835,41.6168,52.3561,0.7341629,CC(C=CN1CCN(C)CC1)=CC(O)=C1C(=O)c2ccccc2C1=O,1,1.0000000,1.0000,0.4059554,0.4060,0.9562539,2.9905,6
9.6636,41.9145,50.4597,0.7216739,CC(C=CN(C)C)=CC(O)=C1C(=O)Nc2ccccc21,1,1.0000000,1.0000,0.3851835,0.3852,0.9580139,2.9626,6
22.0282,34.4693,-34.4524,0.0001322,CC(=CN(C)CCO)Cn1c(=O)cnc2ccccc21,1,0.0000000,0.0000,0.6318229,0.6318,0.9659346,2.8210,6
5.7119,42.8025,69.4865,0.8772579,CCN(C=CC=CC(O)=C1C(=O)NC(=S)NC1=O)CC,1,1.0000000,1.0000,0.7085979,0.7086,0.9187947,3.4195,6
8.9014,43.6819,71.6405,0.9009563,CC(=CC=CC(O)=C1C(=O)NC(=O)NC1=O)N(C)C,1,1.0000000,1.0000,0.7621180,0.7621,0.9303701,3.3112,6
15.1255,19.2419,-19.2249,0.0001329,CC(=O)N(C)c1ccccc1,1,0.0000000,0.0000,0.6314631,0.6315,0.9945735,1.6053,6
5.7119,42.8025,-42.8025,0.0000000,CCN(C=CC=CC(O)=C1C(=O)NC(=S)NC1=O)CC,2,0.0000000,1.0000,0.0000000,0.7086,0.0000000,3.4195,6
24.3111,56.9245,-56.9123,0.0000953,C=C(C)C1CCC2(C)CN(C=CC(C)=CC=CC(O)=C3C(=O)NC(=O)NC3=O)CC12,1,0.0000000,0.0000,0.3107794,0.3108,0.6012591,4.7324,6
12.5467,48.6970,14.1357,0.4908805,CCCCN(CCCC)C(O)=CC=CC(O)=C1C(=O)c2ccccc2C1=O,1,1.0000000,1.0000,0.1211378,0.1211,0.9591433,2.9441,6
9.7281,59.0969,44.4087,0.8086378,CC(=CC=CC(O)=C1C(=O)N(C)C(=S)N(C)C1=O)N1CCSCC1,1,1.0000000,1.0000,0.5556442,0.5556,0.9168838,3.4361,6
6.0948,44.1250,65.2699,0.8546474,CC(C=CN(C)C)=CC(O)=C1C(=O)N(C)C(=S)N(C)C1=O,1,1.0000000,1.0000,0.6541581,0.6542,0.9213758,3.3967,6
7.3975,43.2557,57.4404,0.7866877,CC1(C)OC(=O)C(=C(O)C=CC=CN2CCCCC2)C(=O)O1,1,1.0000000,1.0000,0.5067663,0.5068,0.9322851,3.2917,6
9.7268,52.3048,-52.3048,0.0000000,CC(C=CN1CCCCCC1)=CC(O)=C1C(=O)NC(=S)NC1=O,2,0.0000000,1.0000,0.0000000,0.5612,0.0000000,3.3090,6
8.5015,50.4960,61.9489,0.8784756,CC(C=CN(CCO)CCO)=CC(O)=C1C(=O)ON=C1C,1,1.0000000,1.0000,0.7457688,0.7458,0.8462982,3.8887,6
9.6686,51.9314,59.0021,0.8666674,CC(C=CN1CCSCC1)=CC(O)=C1C(=O)NNC1=O,1,1.0000000,1.0000,0.7188333,0.7188,0.8406712,3.9165,6
19.2598,19.9064,-19.8930,0.0001047,O=C(c1ccccc1)N1CCN(c2ccc(C(F)(F)F)cn2)CC1,1,0.0000000,0.0000,0.3093712,0.3094,0.9917173,1.8827,6
15.4857,24.1621,-24.1496,0.0000977,Cc1nc(-c2ccccc2)c2ccccc2n1,1,0.0000000,0.0000,0.2508603,0.2509,0.9941075,1.6593,6
12.3468,43.2945,57.9509,0.7909798,CC(=CC=CC(O)=C1C(=O)N(C)C(=S)N(C)C1=O)N1CCCCC1,1,1.0000000,1.0000,0.5114261,0.5114,0.9440568,3.1591,6
9.7874,49.5849,-49.5849,0.0000000,CC1=NOC(=O)C1=C(O)C=CC=CN(C)CCO,2,0.0000000,1.0000,0.0000000,0.7388,0.0000000,3.8214,6
12.1594,39.4427,-39.4252,0.0001373,CC(=CC=CC(C)=C1C(=O)NNC1=O)N(C)C,1,0.0000000,0.0000,0.7569039,0.7569,0.8614432,3.8096,6
12.6662,53.0704,31.6995,0.6622645,CCN1C(=O)C(=C(O)C=CC=CN2CCCc3ccccc32)C(=O)N(CC)C1=O,1,1.0000000,1.0000,0.2992061,0.2992,0.9494385,3.0895,7
8.1489,46.5575,64.2260,0.8654963,CC(=CC=CC(O)=C1C(=O)NC(=S)NC1=O)N1CCCC1,1,1.0000000,1.0000,0.6711265,0.6711,0.9413145,3.1922,7
18.1499,40.7544,-40.7435,0.0000853,CCN(C=CC(C)=CC=CN=C1CC(=O)c2ccccc2C1=O)CC,1,0.0000000,0.0000,0.1758441,0.1758,0.9116547,3.4795,7
10.6034,25.0821,-25.0656,0.0001289,CCOC(O)=C1C(=O)Nc2ccccc21,1,0.0000000,0.0000,0.5799520,0.5800,0.9848459,2.2807,7
15.2340,57.1825,-57.1686,0.0001092,CCN1C(=O)C(=C(C)C=C(O)C=CN(C)c2ccccc2)C(=O)N(C)C1=O,1,0.0000000,0.0000,0.3616952,0.3617,0.9405279,3.2014,7
12.0316,50.7871,48.2702,0.7738848,CC(C=CN1CCCCCC1)=CC(O)=C1C(=O)N(C)C(=O)N(C)C1=O,1,1.0000000,1.0000,0.4802999,0.4803,0.9395149,3.2131,7
7.6424,45.2405,63.1915,0.8471250,CN1C(=O)C(=C(O)C=CC=CN2CCSCC2)C(=O)N(C)C1=O,1,1.0000000,1.0000,0.6408074,0.6408,0.9119086,3.4775,7
8.7681,46.4000,66.0170,0.8782571,CC1=NOC(=O)C1=C(O)C=CC=CN(C)CCO,1,1.0000000,1.0000,0.7387616,0.7388,0.8592733,3.8214,7
20.3631,21.2904,-21.2769,0.0001050,O=C(NC(=S)Nc1ccccc1)Nc1ccccc1,1,0.0000000,0.0000,0.3115404,0.3115,0.9945627,1.6066,7
7.3358,44.7070,62.4156,0.8368946,CN1C(=O)C(=C(O)C=CC=CN2CCCCC2)C(=O)N(C)C1=O,1,1.0000000,1.0000,0.6053218,0.6053,0.9452474,3.1443,7
8.4731,41.2617,68.4499,0.8571219,O=C1NC(=O)C(=C(O)C=CC=CN2CCCCCC2)C(=O)N1,1,1.0000000,1.0000,0.6490593,0.6491,0.9483655,3.1039,7
15.3289,21.5231,-21.5083,0.0001155,FC(F)(F)C1=NN(c2ccccc2)CC1,1,0.0000000,0.0000,0.4184933,0.4185,0.9768053,2.5634,7
17.3989,24.5612,-24.5443,0.0001327,CC(C)N=C1NC(C)(C(=O)O)CS1,1,0.0000000,0.0000,0.7310878,0.7311,0.7637477,4.2356,7
9.0122,42.5238,73.0509,0.9029279,O=C1NC(=S)NC(=O)C1=C(O)C=CC=CN1CCOCC1,1,1.0000000,1.0000,0.7682692,0.7683,0.9279621,3.3350,7
8.0728,45.6593,67.3849,0.8831581,O=C1NC(=S)NC(=O)C1=C(O)C=CC=CN1CCCC1,1,1.0000000,1.0000,0.7178530,0.7179,0.9303361,3.3116,7
10.7168,42.3572,61.4484,0.8109810,CN1C(=O)NC(=O)C(=C(O)C=CC=CN(C)c2ccccc2)C1=O,1,1.0000000,1.0000,0.5469139,0.5469,0.9570793,2.9776,7
7.0847,56.3807,54.5853,0.8669220,CC(C=CN1CCCCC1)=CC(O)=C1C(=O)NNC1=O,1,1.0000000,1.0000,0.6903651,0.6904,0.9036644,3.5417,7
8.4181,34.4185,75.3114,0.8572650,CN(C)C=CC=CC(O)=C1C(=O)OC(C)(C)OC1=O,1,1.0000000,1.0000,0.6589171,0.6589,0.9244858,3.3682,7
8.7099,43.5496,-43.5496,0.0000000,O=C1NC(=S)NC(=O)C1=C(O)C=CC=CN1CCCC1,2,0.0000000,1.0000,0.0000000,0.7179,0.0000000,3.3116,7
17.5018,50.5582,59.1262,0.8569089,CCN1C(=O)C(=C(O)C=CC=C(C)N2CCOCC2)C(=O)NC1=S,1,1.0000000,1.0000,0.6499716,0.6500,0.9448037,3.1499,7
9.0477,47.5001,53.0947,0.7858967,O=C1NC(=S)NC(=O)C1=C(O)C=CC=CN1CCCc2ccccc21,1,1.0000000,1.0000,0.5015436,0.5015,0.9443403,3.1556,7
15.3813,49.2646,52.2968,0.7934482,CN1C(=O)C(=C(O)C=CC=CN2N=C(c3ccccc3)CC2=O)C(=O)N(C)C1=O,1,1.0000000,1.0000,0.5214458,0.5214,0.9275907,3.3387,7
11.0321,35.5840,54.2988,0.7022095,O=C1C(=C(O)C=CC=CN2CCCC2)C(=O)c2ccccc21,1,1.0000000,1.0000,0.3535903,0.3536,0.9639946,2.8584,7
6.9122,46.5559,48.3912,0.7417746,CCN(C=CC=CC(O)=C1C(=O)ON=C1C(F)(F)F)CC,1,1.0000000,1.0000,0.4413236,0.4413,0.8721734,3.7490,7
18.7308,50.3750,50.9411,0.7915322,CCN(CC)C(C)=C1OC(=O)C(=C(O)C=CC=CN(C)C)C1=O,1,1.0000000,1.0000,0.5290430,0.5290,0.8929990,3.6178,7
12.7828,49.0179,35.6674,0.6616038,CCN1C(=O)C(=C(O)C=C(C)C=CN(C)c2ccccc2)C(=O)N(CC)C1=O,1,1.0000000,1.0000,0.2985518,0.2986,0.9481017,3.1074,7
13.1780,53.6992,16.8255,0.5509736,CC(=CC=CC(O)=C1C(=O)N(c2ccccc2)N=C1C)N1CCCCC1,1,1.0000000,1.0000,0.1706496,0.1706,0.9655001,2.8296,7
10.9176,44.2907,46.9311,0.7126699,CC1(C)OC(=O)C(=C(O)C=CC=CN2CCc3ccccc32)C(=O)O1,1,1.0000000,1.0000,0.3752614,0.3753,0.9388143,3.2211,7
12.5877,59.7751,15.2720,0.5863062,CCCCN(CCCC)C(C)=CC=CC(O)=C1C(=O)N(CC)C(=O)N(CC)C1=O,1,1.0000000,1.0000,0.2083690,0.2084,0.9433990,3.1672,7
13.2643,49.6440,66.2289,0.9052567,CCN(CCO)C(C)=CC=CC(O)=C1C(=O)NC(=O)NC1=O,1,1.0000000,1.0000,0.7732425,0.7732,0.9300348,3.3146,7
13.9429,42.7341,26.2480,0.5389223,CC(=CC=CC(O)=C1C(=O)N(C)c2ccccc21)N1CCCCCC1,1,1.0000000,1.0000,0.1594944,0.1595,0.9676266,2.7867,7
13.5117,55.2276,18.7214,0.5777264,CCN(C=CC(C)=CC(O)=C1C(=O)N(c2ccccc2)N=C1C)CC,1,1.0000000,1.0000,0.1987367,0.1987,0.9485385,3.1016,7
14.8567,55.5863,51.2764,0.8348646,CC(C=CN1CCN(C)CC1)=CC(O)=C1C(=O)ON=C1C,1,1.0000000,1.0000,0.6215260,0.6215,0.8911079,3.6306,7
14.1972,19.1001,-19.0812,0.0001481,O=C(O)C1OC(O)C(O)C(O)C1O,1,0.0000000,0.0000,0.9380508,0.9381,0.8799914,3.7021,7
6.9248,55.1254,56.3198,0.8706657,O=C1NNC(=O)C1=C(O)C=CC=CN1CCCCCC1,1,1.0000000,1.0000,0.6903651,0.6904,0.9243407,3.3695,7
8.7475,36.4630,78.8594,0.9009563,CC(=CC=CC(O)=C1C(=O)NC(=O)NC1=O)N(C)C,1,1.0000000,1.0000,0.7621180,0.7621,0.9303701,3.3112,7
15.3843,34.3092,-34.2945,0.0001146,CCOC(C)=CC(O)=C1C(=O)c2ccccc2C1=O,1,0.0000000,0.0000,0.4104201,0.4104,0.9727453,2.6712,7
9.1001,42.1451,70.2147,0.8778114,O=C1NC(=O)C(=C(O)C=CC=CN2CCCCC2)C(=O)N1,1,1.0000000,1.0000,0.6986422,0.6986,0.9449534,3.1480,7
11.1023,44.0923,62.1345,0.8298966,CC(C=CN(C)C)=CC(O)=C1C(=O)OC(C)(C)OC1=O,1,1.0000000,1.0000,0.6012544,0.6013,0.9152168,3.4502,7
7.5825,48.1540,67.3279,0.9022027,O=C1NNC(=O)C1=C(O)C=CC=CN1CCCC1,1,1.0000000,1.0000,0.7767255,0.7767,0.9065220,3.5200,7
17.8993,52.6679,50.6399,0.8070929,O=CN1C(=O)OC(=O)C1=C(O)C=CC=CN1CCCCCC1,1,1.0000000,1.0000,0.5666303,0.5666,0.8771499,3.7195,7
9.7194,54.2918,8.9656,0.4941982,CCN(CC)C(C)=CC=CC(O)=C1C(=O)N(c2ccccc2)N=C1C(F)(F)F,1,1.0000000,1.0000,0.1244429,0.1244,0.9479453,3.1095,7
11.3248,50.4462,55.9502,0.8312221,O=C1NC(=O)C(=C(O)C=CC=CN2CCc3ccccc32)C(=O)N1,1,1.0000000,1.0000,0.5915347,0.5915,0.9496189,3.0871,7
14.8347,46.1172,-46.1009,0.0001280,CC(=CC=CC(O)=C1C(=O)NNC1=O)N=Cc1ccccc1,1,0.0000000,0.0000,0.5890619,0.5891,0.9224200,3.3872,7
8.7496,47.4262,59.7416,0.8372483,CCN(C=CC=CC(O)=C1C(=O)N(C)C(=S)N(C)C1=O)CC,1,1.0000000,1.0000,0.6153467,0.6153,0.9205025,3.4045,7
24.5291,45.5640,-45.5496,0.0001123,C=CCN(C)c1ccc(C(O)=C2C(=O)NN(c3ccccc3)C2=O)cc1,1,0.0000000,0.0000,0.3850174,0.3850,0.9755753,2.5979,7
16.5978,46.5665,-46.5492,0.0001354,CC(C=CC(O)=C1C(=O)NC(=O)NC1=O)=C1OC(C)(C)OC1=O,1,0.0000000,0.0000,0.7069959,0.7070,0.8999537,3.5690,7
6.4931,42.9598,60.0428,0.8047074,CC1(C)OC(=O)C(=C(O)C=CC=CN2CCSCC2)C(=O)O1,1,1.0000000,1.0000,0.5568551,0.5569,0.8903290,3.6358,7
16.6333,29.7787,-29.7640,0.0001148,CC(=CC=C1C(=O)OC(C)(C)OC1=O)N1CCN(c2ccccc2)CC1,1,0.0000000,0.0000,0.4124504,0.4125,0.9702591,2.7297,7
11.0321,44.1547,-44.1547,0.0000000,O=C1NC(=S)NC(=O)C1=C(O)C=CC=CN1CCCC1,2,0.0000000,1.0000,0.0000000,0.7179,0.0000000,3.3116,7
9.3350,38.8900,73.5513,0.8784473,CN(C=CC=CC(O)=C1C(=O)OC(C)(C)OC1=O)CCO,1,1.0000000,1.0000,0.7177074,0.7177,0.9048977,3.5324,7
10.5185,61.3533,38.2212,0.7779252,CC(C=CN1CCOCC1)=CC(O)=C1C(=O)ON=C1C(F)(F)F,1,1.0000000,1.0000,0.5082779,0.5083,0.8744732,3.7355,7
9.5213,45.5226,39.5504,0.6646327,CC(C=CN1CCc2ccccc21)=CC(O)=C1C(=O)OC(C)(C)OC1=O,1,1.0000000,1.0000,0.3063015,0.3063,0.9285234,3.3296,7
14.7198,48.7700,26.9808,0.5918034,CC(=CC=CC(O)=C1C(=O)ON=C1C(F)(F)F)Nc1ccccc1,1,1.0000000,1.0000,0.2150500,0.2151,0.9375353,3.2355,7
10.1663,43.6745,62.9691,0.8331533,CC(=CC=CC(O)=C1C(=O)NC(=O)NC1=O)N1CCCCCC1,1,1.0000000,1.0000,0.5936887,0.5937,0.9551639,3.0073,7
9.9867,41.3982,67.5800,0.8513925,CN(C=CC=CC(O)=C1C(=O)NNC1=O)c1ccccc1,1,1.0000000,1.0000,0.6405151,0.6405,0.9370338,3.2410,7
19.3634,23.1893,-23.1741,0.0001182,CCCNC(=O)N=c1cc(C)[nH]c2ccccc12,1,0.0000000,0.0000,0.4496521,0.4497,0.9748917,2.6163,7
14.4182,55.1292,52.9979,0.8447425,CN1C(=O)C(=C(O)C=CC=CN2CCCCC2)C(=O)N(O)C1=O,1,1.0000000,1.0000,0.6315361,0.6315,0.9217349,3.3934,7
7.7052,45.3973,74.5014,0.9367087,O=C1NC(=O)C(=C(O)C=CC=CN(CCO)CCO)C(=O)N1,1,1.0000000,1.0000,0.8626767,0.8627,0.9187340,3.4201,7
7.4762,45.1096,-45.1096,0.0000000,CN1C(=O)C(=C(O)C=CC=CN2CCSCC2)C(=O)N(C)C1=O,2,0.0000000,1.0000,0.0000000,0.6408,0.0000000,3.4775,7
9.0228,47.1236,70.0490,0.9154101,CC(=CC=CC(O)=C1C(=O)NC(=O)NC1=O)N(C)CCO,1,1.0000000,1.0000,0.8022847,0.8023,0.9245015,3.3680,7
13.6490,47.8201,-47.8018,0.0001426,CC(=CC=CC(O)=CN(CCO)CCO)N(CCO)CCO,1,0.0000000,0.0000,0.8389361,0.8389,0.8765845,3.7229,7
9.8330,49.5007,-49.5007,0.0000000,CC(C=CN1CCc2ccccc21)=CC(O)=C1C(=O)OC(C)(C)OC1=O,2,0.0000000,1.0000,0.0000000,0.3063,0.0000000,3.3296,7
14.9835,29.7636,-29.7458,0.0001391,CCCN1C(=O)N=C(C)C(C(=O)OC)C1=O,1,0.0000000,0.0000,0.7521322,0.7521,0.9320949,3.2937,7
14.7466,33.8097,-33.7934,0.0001274,CC(=O)Nc1cccc(N=c2c(=Nc3ccccc3)c(=O)n(C)c2=O)c1,1,0.0000000,0.0000,0.5656525,0.5657,0.9680104,2.7787,8
12.9276,55.7134,2.1974,0.4524283,O=C1C(=C(O)C=CC=CN2CNc3ccccc32)C(C(F)(F)F)=NN1c1ccccc1,1,1.0000000,1.0000,0.0964042,0.0964,0.9321120,3.2935,8
11.1475,42.3147,-42.2990,0.0001222,CC(C=CN1CCOCC1)=CC=CC(O)=C1C(=O)OC(C)(C)OC1=O,1,0.0000000,0.0000,0.5156856,0.5157,0.9122719,3.4745,8
9.4195,41.5204,65.0352,0.8324655,CC(=CC=CC(O)=C1C(=O)OC(C)(C)OC1=O)N1CCOCC1,1,1.0000000,1.0000,0.5997601,0.5998,0.9342474,3.2712,8
18.2632,32.4515,-32.4362,0.0001192,CC(C=CC=CN(C)C)=CN=C=S,1,0.0000000,0.0000,0.5132371,0.5132,0.8085479,4.0615,8
14.5741,47.0336,38.5110,0.6683171,CCCN(C=CC=CC(O)=C1C(=O)OC(=C(C)C)C1=O)CCC,1,1.0000000,1.0000,0.3168637,0.3169,0.9008070,3.5628,8
9.8901,50.7101,55.6363,0.8308313,CCN(C=CC=CC(O)=C1C(=O)N(C)C(=O)N(CC)C1=O)CC,1,1.0000000,1.0000,0.5961884,0.5962,0.9343750,3.2698,8
11.9439,46.8709,58.7533,0.8251890,CCN(C=CC(C)=CC(O)=C1C(=O)N(C)C(=O)N(C)C1=O)CC,1,1.0000000,1.0000,0.5885762,0.5886,0.9220419,3.3907,8
23.0550,36.4036,-36.3935,0.0000791,CC(=CC=CC(=O)c1ccc(Cl)c(C(F)(F)F)c1)N(C)C,1,0.0000000,0.0000,0.1352876,0.1353,0.9689939,2.7577,8
15.6185,23.4362,-23.4185,0.0001380,CON=c1c(=O)n(C)c2ccccc2n1C,1,0.0000000,0.0000,0.7164310,0.7164,0.9734744,2.6530,8
8.3260,44.1625,73.2551,0.9173251,CN(C=CC=CC(O)=C1C(=O)NC(=S)NC1=O)CCO,1,1.0000000,1.0000,0.8153736,0.8154,0.9086004,3.5039,8
17.3889,56.3865,-10.7193,0.3567743,C=CCCCCCCCCN(C=CC=CC(O)=C1C(=O)NC(=S)NC1=O)CCCCCCCC,1,1.0000000,1.0000,0.0472288,0.0472,0.9336926,3.2770,8
7.2427,51.3997,60.8474,0.8769305,CN(C)C=CC=CC(O)=C1C(=O)N(C)C(=S)N(C)C1=O,1,1.0000000,1.0000,0.7028484,0.7028,0.9301632,3.3133,8
7.7891,49.4448,62.3893,0.8737039,CC(C=CN(C)CCO)=CC(O)=C1C(=O)N(C)C(=S)N(C)C1=O,1,1.0000000,1.0000,0.7092400,0.7092,0.8979959,3.5830,8
7.3660,43.2650,71.3127,0.8951376,O=C1NC(=O)C(=C(O)C=CC=CN2CCCC2)C(=O)N1,1,1.0000000,1.0000,0.7427731,0.7428,0.9406392,3.2001,8
13.8710,56.5024,7.7181,0.5017222,CN(C=CC=CC(O)=C1C(=O)N(c2ccccc2)N=C1C(F)(F)F)CCCN=[N+]=[N-],1,1.0000000,1.0000,0.1328332,0.1328,0.9154731,3.4480,8
19.3094,44.6833,-44.6706,0.0000987,CC(=CC=Cc1c(C)oc(=O)c(C)c1C)N1CCSCC1,1,0.0000000,0.0000,0.2682937,0.2683,0.9321722,3.2929,8
8.1741,41.8704,64.3564,0.8298966,CC(C=CN(C)C)=CC(O)=C1C(=O)OC(C)(C)OC1=O,1,1.0000000,1.0000,0.6012544,0.6013,0.9152168,3.4502,8
15.6607,52.2786,-52.2623,0.0001272,CN1CCN(C=CC=CC=CC(O)=C2C(=O)OC(C)(C)OC2=O)CC1,1,0.0000000,0.0000,0.5793107,0.5793,0.9176319,3.4296,8
18.7254,22.8261,-22.8092,0.0001321,CC(=O)N1CCCC(C(=O)N=c2cccc(C)[nH]2)C1,1,0.0000000,0.0000,0.6490212,0.6490,0.9200543,3.4085,8
20.5499,55.9864,60.5319,0.9102996,CC(=CC=CC(O)=C1C(=O)NC(=O)NC1=O)N(C=O)CC(O)CO,1,1.0000000,1.0000,0.8538729,0.8539,0.8049701,4.0765,8
18.1899,53.1731,22.0711,0.5878451,CC(=CC=CC(O)=C1C(=O)OC(C)(C)OC1=O)N(C)C(C)c1ccccc1,1,1.0000000,1.0000,0.2159237,0.2159,0.8986785,3.5781,8
10.2166,46.8014,64.3945,0.8687179,CCN(C=CC(C)=CC(O)=C1C(=O)NC(=O)NC1=O)CC,1,1.0000000,1.0000,0.6878928,0.6879,0.9192895,3.4152,8
12.1192,55.3056,54.9305,0.8612196,CC(C=CN1CCSCC1)=CC(O)=C1C(=O)NC(=O)NC1=O,1,1.0000000,1.0000,0.6803639,0.6804,0.8954692,3.6008,8
10.1401,40.8221,68.9484,0.8575817,CCN(CC)C(C)=CC=CC(O)=C1C(=O)NC(=S)NC1=O,1,1.0000000,1.0000,0.6591766,0.6592,0.9256425,3.3573,8
12.8395,47.4432,66.3513,0.8890203,CC(=CC=CC(O)=C1C(=O)NC(=S)NC1=O)N(C)C,1,1.0000000,1.0000,0.7383605,0.7384,0.9168882,3.4360,8
7.6523,40.2791,72.0808,0.8778114,O=C1NC(=O)C(=C(O)C=CC=CN2CCCCC2)C(=O)N1,1,1.0000000,1.0000,0.6986422,0.6986,0.9449534,3.1480,8
14.7713,46.1008,68.1713,0.8927512,CN(C=CC=CC(O)=C1C(=O)N(C)C(=O)N(C)C1=O)CCCO,1,1.0000000,1.0000,0.7414200,0.7414,0.9305128,3.3098,8
29.4253,68.5715,-68.5544,0.0001332,CCN1C(=O)C(=C(O)C(C#N)=C2C(=O)N(C)N(CC(=O)NCCc3cccnc3)C2=O)C(=O)N(CC)C1=O,1,0.0000000,0.0000,0.6661321,0.6661,0.9173603,3.4320,8
12.9184,55.3057,41.7823,0.7585002,C=CCN(C)C=CC=CC(O)=C1C(=O)ON=C1C(F)(F)F,1,1.0000000,1.0000,0.4808180,0.4808,0.8439196,3.9006,8
14.4949,44.8130,20.2343,0.5081823,CC(C=CN1CCc2ccccc21)=CC(O)=C1C(=O)c2ccccc2C1=O,1,1.0000000,1.0000,0.1344190,0.1344,0.9589506,2.9473,8
10.4272,44.1483,58.8542,0.8047074,CC1(C)OC(=O)C(=C(O)C=CC=CN2CCSCC2)C(=O)O1,1,1.0000000,1.0000,0.5568551,0.5569,0.8903290,3.6358,8
8.0907,43.4020,70.2789,0.8881327,O=C1NNC(=O)C1=C(O)C=CC=CN1CCCCC1,1,1.0000000,1.0000,0.7363049,0.7363,0.9165536,3.4389,8
6.5510,32.4555,-32.4555,0.0000000,CC(C=CN(C)C)=CC(O)=C1C(=O)OC(C)(C)OC1=O,2,0.0000000,1.0000,0.0000000,0.6013,0.0000000,3.4502,8
9.2232,47.0485,54.3904,0.7924910,CCN(C=CC=CC(O)=C1C(=O)NC(=S)NC1=O)c1ccccc1,1,1.0000000,1.0000,0.5143817,0.5144,0.9439969,3.1599,8
9.4245,48.3797,67.3324,0.9040006,CC(=CC=CC(O)=C1C(=O)NNC1=O)N(C)C,1,1.0000000,1.0000,0.7943523,0.7944,0.8807704,3.6973,8
12.3574,42.6911,62.3056,0.8202865,CN1C(=O)C(=C(O)C=CC=CN2CCCCC2)C(=O)N(C)C1=S,1,1.0000000,1.0000,0.5733669,0.5734,0.9355398,3.2573,8
21.5983,31.3434,-31.3257,0.0001380,CCN1NOC(O)(C(F)(F)F)C1=O,1,0.0000000,0.0000,0.8317815,0.8318,0.7493314,4.2866,8
9.9573,55.6088,-2.3764,0.4158781,CC(C=CN1CCCc2ccccc21)=CC(O)=C1C(=O)N(c2ccccc2)N=C1C,1,1.0000000,1.0000,0.0738572,0.0739,0.9547393,3.0138,8
10.6101,47.6527,-47.6527,0.0000000,CC1(C)OC(=O)C(=C(O)C=CC=CN2CCSCC2)C(=O)O1,2,0.0000000,1.0000,0.0000000,0.5569,0.0000000,3.6358,8
8.3155,53.3493,38.9807,0.7213276,CC(C=CN(C)c1ccccc1)=CC(O)=C1C(=O)N(C)C(=S)N(C)C1=O,1,1.0000000,1.0000,0.3889782,0.3890,0.9393480,3.2150,8
13.3606,61.3589,41.8828,0.8065751,CC(C=CN(CCO)C(C)C)=CC(O)=C1C(=O)ON=C1C,1,1.0000000,1.0000,0.5819073,0.5819,0.8344322,3.9464,8
8.0915,50.4172,58.9395,0.8543493,CC(=CC=CC(O)=C1C(=O)N(C)C(=S)N(C)C1=O)N(C)C,1,1.0000000,1.0000,0.6541581,0.6542,0.9196897,3.4117,8
18.6850,34.3196,-34.3035,0.0001255,CCCN(CCC)N1C(=O)SC(=C(C#N)C#N)C1=O,1,0.0000000,0.0000,0.5670984,0.5671,0.8904037,3.6353,8
14.1715,58.9613,22.3566,0.6352962,O=C1ON=C(C(F)(F)F)C1=C(O)C=CC=CN1CCc2ccccc21,1,1.0000000,1.0000,0.2699086,0.2699,0.9141054,3.4595,8
21.9572,44.6319,-44.6167,0.0001190,CC(=CC=CC(C)=NCCCN(C)O)N1CCCC1,1,0.0000000,0.0000,0.4729319,0.4729,0.9253504,3.3601,8
13.0669,55.1888,28.6086,0.6546675,CCCN(C=CC=CC(O)=C1C(=O)ON=C1C(F)(F)F)CCC,1,1.0000000,1.0000,0.3013422,0.3013,0.8825803,3.6860,8
10.6018,43.7266,21.0585,0.5061343,CC(C=CN(C)c1ccccc1)=CC(O)=C1C(=O)c2ccccc2C1=O,1,1.0000000,1.0000,0.1323157,0.1323,0.9651067,2.8372,8
7.0604,40.0666,71.1994,0.8692653,CC(C=CN(C)C)=CC(O)=C1C(=O)N(C)C(=O)N(C)C1=O,1,1.0000000,1.0000,0.6826161,0.6826,0.9348478,3.2648,8
9.9915,39.3322,71.3738,0.8648908,CC(C=CN1CCOCC1)=CC(O)=C1C(=O)N(C)C(=O)N(C)C1=O,1,1.0000000,1.0000,0.6747556,0.6748,0.9290526,3.3243,8
6.8213,41.8476,68.2894,0.8604452,CN1C(=O)C(=C(O)C=CC=CN2CCCC2)C(=O)N(C)C1=O,1,1.0000000,1.0000,0.6592816,0.6593,0.9417220,3.1874,8
17.7666,46.7395,57.0661,0.8109810,CN1C(=O)NC(=O)C(=C(O)C=CC=CN(C)c2ccccc2)C1=O,1,1.0000000,1.0000,0.5469139,0.5469,0.9570793,2.9776,8
6.4337,47.8442,59.9687,0.8422884,O=C1NC(=S)NC(=O)C1=C(O)C=CC=CN1CCCCCC1,1,1.0000000,1.0000,0.6189719,0.6190,0.9402537,3.2046,8
9.1992,43.5239,66.0322,0.8559077,CC(C=CN(C)CCO)=CC(O)=C1C(=O)OC(C)(C)OC1=O,1,1.0000000,1.0000,0.6697994,0.6698,0.8909188,3.6319,8
23.2194,48.1248,-48.1144,0.0000814,CC1=CCC(=C(C)C=CC=CN2CCCCCCC2)OC1=O,1,0.0000000,0.0000,0.1528369,0.1528,0.9078859,3.5094,8
13.4325,57.4260,10.8527,0.5334274,CCN(C(C)=CC=CC(O)=C1C(=O)ON=C1C(F)(F)F)c1ccccc1,1,1.0000000,1.0000,0.1588424,0.1588,0.9235367,3.3770,8
18.6455,24.0637,-24.0480,0.0001229,CCCN(C(C)=O)C1Cc2ccccc2C1,1,0.0000000,0.0000,0.5012859,0.5013,0.9870073,2.1791,8
8.4513,51.6681,53.5438,0.8219677,CC1=NOC(=O)C1=C(O)C=CC=CN1CCCC1,1,1.0000000,1.0000,0.5912318,0.5912,0.8962132,3.5956,8
25.5884,45.6109,-45.5929,0.0001406,CN1CCc2[nH]c(C(O)=C3C(=O)NNC3=O)cc2C1,1,0.0000000,0.0000,0.7856761,0.7857,0.9118844,3.4777,8
10.6663,40.9510,73.8394,0.8968000,CC(C=CN1CCN(C)CC1)=CC(O)=C1C(=O)NC(=O)NC1=O,1,1.0000000,1.0000,0.7507087,0.7507,0.9323452,3.2911,8
10.2356,38.0164,68.1689,0.8295724,CC(=CC=CC(O)=C1C(=O)OC(C)(C)OC1=O)N(C)C,1,1.0000000,1.0000,0.6012544,0.6013,0.9133409,3.4658,8
12.6802,51.2192,64.2628,0.9022027,O=C1NNC(=O)C1=C(O)C=CC=CN1CCCC1,1,1.0000000,1.0000,0.7767255,0.7767,0.9065220,3.5200,8
8.1851,42.9482,35.7206,0.6146003,CC(C=CN1CCCc2ccccc21)=CC(O)=C1C(=O)OC(C)(C)OC1=O,1,1.0000000,1.0000,0.2418533,0.2419,0.9308847,3.3060,8
7.1883,40.5754,73.3518,0.8900566,CCN(C=CC=CC(O)=C1C(=O)NC(=O)NC1=O)CC,1,1.0000000,1.0000,0.7344686,0.7345,0.9310852,3.3040,8
9.5795,41.3456,73.4471,0.8968185,CC(C=CN1CCOCC1)=CC(O)=C1C(=O)NC(=O)NC1=O,1,1.0000000,1.0000,0.7527922,0.7528,0.9279349,3.3353,9
11.9722,17.5452,-17.5268,0.0001441,COC1=CC(=O)C(OC)=CC1=O,1,0.0000000,0.0000,0.8119064,0.8119,0.9791784,2.4915,9
6.7711,43.4599,76.3152,0.9357431,O=C1NNC(=O)C1=C(O)C=CC=CN(CCO)CCO,1,1.0000000,1.0000,0.8837168,0.8837,0.8760409,3.7261,9
17.0980,46.9505,57.7801,0.8182079,CC(=CC=CC(O)=C1C(=O)C2C(C(C)O)C(=O)N2C1C(=O)O)N(C)C,1,1.0000000,1.0000,0.7297638,0.7298,0.6052922,4.7215,9
6.8096,46.5559,48.3912,0.7417746,CCN(C=CC=CC(O)=C1C(=O)ON=C1C(F)(F)F)CC,1,1.0000000,1.0000,0.4413236,0.4413,0.8721734,3.7490,9
14.9292,57.4571,-57.4460,0.0000867,CCN(CC)C(C)=CC=CC(O)=CC(O)=C1C(=O)Nc2ccccc21,1,0.0000000,0.0000,0.1820376,0.1820,0.9335586,3.2784,9
5.6792,42.9598,60.0428,0.8047074,CC1(C)OC(=O)C(=C(O)C=CC=CN2CCSCC2)C(=O)O1,1,1.0000000,1.0000,0.5568551,0.5569,0.8903290,3.6358,9
6.7355,45.5340,51.9872,0.7618843,CN1C(=O)C(=C(O)C=CC=CN(C)c2ccccc2)C(=O)N(C)C1=S,1,1.0000000,1.0000,0.4561306,0.4561,0.9473516,3.1173,9
9.3355,51.1904,57.9136,0.8523751,CCN1C(=O)C(=C(O)C=CC=CN2CCOCC2)C(=O)N(CC)C1=O,1,1.0000000,1.0000,0.6409668,0.6410,0.9415624,3.1893,9
9.0331,48.0085,67.3515,0.9012504,CC(C=CN(C)C)=CC(O)=C1C(=O)NC(=O)NC1=O,1,1.0000000,1.0000,0.7621180,0.7621,0.9319656,3.2950,9
36.2423,33.5352,-33.5191,0.0001259,COC(=O)C1=Cc2ccc(OC)cc2OC1(C)N(O)C(C)=O,1,0.0000000,0.0000,0.5665703,0.5666,0.9053743,3.5288,9
16.1284,48.9680,62.0674,0.8674638,CCN1C(=O)NC(=O)C(=C(O)C=C(C)C=CN2CCOCC2)C1=O,1,1.0000000,1.0000,0.6779003,0.6779,0.9360077,3.2523,9
7.5863,45.5318,64.6052,0.8604452,CN1C(=O)C(=C(O)C=CC=CN2CCCC2)C(=O)N(C)C1=O,1,1.0000000,1.0000,0.6592816,0.6593,0.9417220,3.1874,9
13.8467,17.5478,-17.5293,0.0001444,CCC1(C)NC(=O)NC1=O,1,0.0000000,0.0000,0.8333467,0.8333,0.9453736,3.1427,9
10.4697,44.7218,58.1783,0.8039074,O=C1NC(=O)C(=C(O)C=CC=CN2CCCc3ccccc32)C(=O)N1,1,1.0000000,1.0000,0.5346638,0.5347,0.9510214,3.0677,9
8.2667,40.2514,64.5577,0.8188209,CC1(C)OC(=O)C(=C(O)C=CC=CN2CCCC2)C(=O)O1,1,1.0000000,1.0000,0.5733810,0.5734,0.9267572,3.3467,9
12.3325,50.8672,57.0292,0.8429412,CCN(CC)C(C)=CC=CC(O)=C1C(=O)NN(CC)C1=O,1,1.0000000,1.0000,0.6360308,0.6360,0.9002207,3.5670,9
13.0002,19.0331,-19.0145,0.0001457,CN1C(=O)C(=O)C(C)(C)C1=O,1,0.0000000,0.0000,0.8462525,0.8463,0.9670632,2.7983,9
10.4997,44.4329,74.1091,0.9261095,CN(C=CC=CC(O)=C1C(=O)NNC1=O)CCO,1,1.0000000,1.0000,0.8582633,0.8583,0.8732554,3.7427,9
21.3264,49.3990,35.0595,0.6598314,CC(=CC=CC(O)=C1C(=O)NC(=O)N1C)N(c1ccccc1)C(C)C,1,1.0000000,1.0000,0.2985156,0.2985,0.9350418,3.2627,9
18.0490,47.3712,-47.3564,0.0001155,CC(C=CN1CCCc2ccccc21)=CC(C#N)=C1C(=O)NC(=S)NC1=O,1,0.0000000,0.0000,0.4320516,0.4321,0.9239480,3.3732,9
10.2175,41.9391,-41.9391,0.0000000,CN1C(=O)C(=C(O)C=CC=CN2CCCC2)C(=O)N(C)C1=O,2,0.0000000,1.0000,0.0000000,0.6593,0.0000000,3.1874,9
7.7187,44.3724,62.7502,0.8368946,CN1C(=O)C(=C(O)C=CC=CN2CCCCC2)C(=O)N(C)C1=O,1,1.0000000,1.0000,0.6053218,0.6053,0.9452474,3.1443,9
8.3487,51.6727,51.1383,0.8032103,CCN1C(=O)C(=C(O)C=CC=CN2CCSCC2)C(=O)N(CC)C1=O,1,1.0000000,1.0000,0.5440549,0.5441,0.9182878,3.4240,9
17.7946,39.3774,-39.3626,0.0001157,CCCCCC(O)C=CC=CC(O)=C1C(=O)OC(C)(C)OC1=O,1,0.0000000,0.0000,0.4415481,0.4415,0.8990968,3.5751,9
14.9489,23.4642,-23.4454,0.0001470,CN1C(=O)NC(=O)C(C)(O)C1=O,1,0.0000000,0.0000,0.8924806,0.8925,0.9227875,3.3839,9
11.6857,48.1970,65.3092,0.8867669,CC(C=CN(C)CCO)=CC(O)=C1C(=O)N(C)C(=O)N(C)C1=O,1,1.0000000,1.0000,0.7343034,0.7343,0.9135188,3.4643,9
22.3751,42.4176,-42.4029,0.0001152,CCN(CC)C(C)=CC=CC(C)=C[S+]([O-])CCO,1,0.0000000,0.0000,0.5260540,0.5261,0.6470107,4.6053,9
15.0654,42.8619,-42.8462,0.0001224,CC(=CC=CC=CC(O)=C1C(=O)NC(=O)NC1=O)N1CCCCCC1,1,0.0000000,0.0000,0.5078823,0.5079,0.9451451,3.1456,9
6.9669,44.6825,69.8951,0.8951376,O=C1NC(=O)C(=C(O)C=CC=CN2CCCC2)C(=O)N1,1,1.0000000,1.0000,0.7427731,0.7428,0.9406392,3.2001,9
8.9768,45.7416,52.2351,0.7654433,CCCCN(C=CC(C)=CC(O)=C1C(=O)NC(=O)NC1=O)CCCC,1,1.0000000,1.0000,0.4668738,0.4669,0.9320610,3.2940,9
9.2476,45.4927,-45.4927,0.0000000,O=C1NC(=O)C(=C(O)C=CC=CN2CCCC2)C(=O)N1,2,0.0000000,1.0000,0.0000000,0.7428,0.0000000,3.2001,9
11.8463,46.5180,60.9699,0.8397490,CC(C=CN1CCCCC1)=CC(O)=C1C(=O)NC(=S)NC1=O,1,1.0000000,1.0000,0.6189719,0.6190,0.9254667,3.3590,9
17.1245,59.8120,14.1764,0.5780343,CC(C=CN1CCc2ccccc2C1)=CC(O)=C1C(=O)ON=C1C(F)(F)F,1,1.0000000,1.0000,0.2050864,0.2051,0.9002580,3.5668,9
10.7464,45.5004,-45.5004,0.0000000,CN1C(=O)C(=C(O)C=CC=CN2CCCCC2)C(=O)N(C)C1=O,2,0.0000000,1.0000,0.0000000,0.6053,0.0000000,3.1443,9
9.8524,40.5311,72.3868,0.8821707,O=C1NC(=O)C(=C(O)C=CC=CN2CCSCC2)C(=O)N1,1,1.0000000,1.0000,0.7251722,0.7252,0.9086136,3.5038,9
10.7350,43.5086,-43.4927,0.0001239,CC1=NOC1=C(C)C=CC=CN(C)C,1,0.0000000,0.0000,0.5657566,0.5658,0.8346703,3.9453,9
9.6120,48.0469,60.3851,0.8471250,CN1C(=O)C(=C(O)C=CC=CN2CCSCC2)C(=O)N(C)C1=O,1,1.0000000,1.0000,0.6408074,0.6408,0.9119086,3.4775,9
10.8001,47.9585,10.7977,0.4590334,CC(=CC=CC(O)=C1C(=O)c2ccccc2C1=O)N1CCCc2ccccc21,1,1.0000000,1.0000,0.0986381,0.0986,0.9662817,2.8141,9
8.5477,44.7550,-44.7550,0.0000000,CN1C(=O)C(=C(O)C=CC=CN(C)c2ccccc2)C(=O)N(C)C1=S,2,0.0000000,1.0000,0.0000000,0.4561,0.0000000,3.1173,9
11.6088,50.0205,32.4445,0.6442584,CCCCN(C=CC=CC(O)=C1C(=O)ON=C1C)CCCC,1,1.0000000,1.0000,0.2823374,0.2823,0.9093283,3.4981,9
23.1470,25.1196,-25.1028,0.0001318,CCCCC(=O)N(CCCOC)c1c(N)n(CC(C)C)c(=O)[nH]c1=O,1,0.0000000,0.0000,0.6214744,0.6215,0.9792734,2.4884,9
9.4470,48.6834,46.3562,0.7424964,CN1C(=O)C(=C(O)C=CC=CN2CCCc3ccccc32)C(=O)N(C)C1=O,1,1.0000000,1.0000,0.4216018,0.4216,0.9496551,3.0866,9
22.4119,46.3791,-46.3668,0.0000962,CC(C=CN(C)C)=CC(=O)C=CC=C(C)N1CCCC(C)C1,1,0.0000000,0.0000,0.2599709,0.2600,0.8615528,3.8090,9
8.7302,44.3004,-44.3004,0.0000000,O=C1NC(=O)C(=C(O)C=CC=CN2CCCc3ccccc32)C(=O)N1,2,0.0000000,1.0000,0.0000000,0.5347,0.0000000,3.0677,9
16.1401,68.0551,43.7829,0.8737346,CN(C)C=CC=CC(=O)N(C)C=CC=CC(O)=C1C(=O)NNC1=O,1,1.0000000,1.0000,0.7446101,0.7446,0.8248348,3.9906,9
17.8220,47.0034,-46.9890,0.0001123,CC(C=CN1C(C)CCCC1C)=CC=CC(O)=C1C(=O)NC(=O)NC1=O,1,0.0000000,0.0000,0.4397825,0.4398,0.7757378,4.1916,9
10.7758,39.7596,69.7684,0.8556874,CN1CCN(C=CC=CC(O)=C2C(=O)OC(C)(C)OC2=O)CC1,1,1.0000000,1.0000,0.6534698,0.6535,0.9289870,3.3250,9
24.1703,26.3182,-26.3024,0.0001235,CC(=NNC(=S)N1CCSCC1)c1ccc(S(C)(=O)=O)cc1,1,0.0000000,0.0000,0.5121938,0.5122,0.9784975,2.5129,9
12.2021,55.4719,-9.3994,0.3599410,CC1=CC(C)(C)N(C=CC=CC(O)=C2C(=O)Nc3ccccc32)c2ccccc21,1,1.0000000,1.0000,0.0482613,0.0483,0.9417063,3.1876,9
11.8673,22.3253,-22.3062,0.0001490,CN1CC(=O)N(C)C(=O)C1=O,1,0.0000000,0.0000,0.8983533,0.8984,0.9802396,2.4567,9
11.5339,60.8498,37.0858,0.7651217,O=C1C(=C(O)C=CC=CN(CCO)CCO)C(C(F)(F)F)=NN1c1ccccc1,1,1.0000000,1.0000,0.4655324,0.4655,0.9347014,3.2663,9
8.9979,43.5313,66.7048,0.8612196,CC(C=CN1CCSCC1)=CC(O)=C1C(=O)NC(=O)NC1=O,1,1.0000000,1.0000,0.6803639,0.6804,0.8954692,3.6008,9
9.7373,46.4023,59.2219,0.8251890,CCN(C=CC(C)=CC(O)=C1C(=O)N(C)C(=O)N(C)C1=O)CC,1,1.0000000,1.0000,0.5885762,0.5886,0.9220419,3.3907,9
11.6479,47.5071,58.0704,0.8248247,CC(C=CN(C)CCCN=[N+]=[N-])=CC(O)=C1C(=O)NC(=S)NC1=O,1,1.0000000,1.0000,0.6116921,0.6117,0.8599362,3.8178,9
7.9409,45.5372,54.8052,0.7839250,CC(C=CN1CCCC1)=CC(O)=C1C(=O)OC(C)(C)OC1=O,1,1.0000000,1.0000,0.5067663,0.5068,0.9152246,3.4501,9
6.9268,44.7070,-44.7070,0.0000000,CN1C(=O)C(=C(O)C=CC=CN2CCCCC2)C(=O)N(C)C1=O,2,0.0000000,1.0000,0.0000000,0.6053,0.0000000,3.1443,9
18.1450,77.4919,34.5837,0.8755904,CC(=CC=CC(O)=C1C(=O)NC(=O)NC1=O)N1NC(=O)C(=C(O)C=CN(C)C)C1=O,1,1.0000000,1.0000,0.7363356,0.7363,0.8505454,3.8672,9
11.4932,52.9580,27.1708,0.6260062,CC(C=CN1C(C)CCCC1C)=CC(O)=C1C(=O)OC(C)(C)OC1=O,1,1.0000000,1.0000,0.2910408,0.2910,0.7415124,4.3135,9
10.9157,44.1780,62.0825,0.8301598,CC(C=CN(C)C)=CC(O)=C1C(=O)ON=C1C,1,1.0000000,1.0000,0.6197402,0.6197,0.8694247,3.7649,9
18.8642,18.4761,-18.4618,0.0001112,CCCSC1=CC(=O)c2ccccc2C1=O,1,0.0000000,0.0000,0.3726600,0.3727,0.9839146,2.3202,9
8.0040,47.8779,37.4070,0.6662880,CC1(C)OC(=O)C(=C(O)C=CC=CN2CCCc3ccccc32)C(=O)O1,1,1.0000000,1.0000,0.3063015,0.3063,0.9407288,3.1991,9
10.8363,58.1900,31.6040,0.7015162,CC(C=CN1CCSCC1)=CC(O)=C1C(=O)ON=C1C(F)(F)F,1,1.0000000,1.0000,0.3855061,0.3855,0.8244099,3.9925,9
9.8709,48.6256,58.0181,0.8331533,CC(=CC=CC(O)=C1C(=O)NC(=O)NC1=O)N1CCCCCC1,1,1.0000000,1.0000,0.5936887,0.5937,0.9551639,3.0073,9
8.9608,49.5135,54.4412,0.8121465,CCN1C(=O)C(=C(O)C=CC=CN2CCCCC2)C(=O)N(C)C1=O,1,1.0000000,1.0000,0.5531688,0.5532,0.9453214,3.1434,10
7.8876,54.8286,52.0341,0.8348646,CC(C=CN1CCN(C)CC1)=CC(O)=C1C(=O)ON=C1C,1,1.0000000,1.0000,0.6215260,0.6215,0.8911079,3.6306,10
8.9618,42.2504,43.4333,0.6694041,CCN(C=CC=CC(O)=C1C(=O)OC(C)(C)OC1=O)c1ccccc1,1,1.0000000,1.0000,0.3106805,0.3107,0.9404038,3.2029,10
9.1577,41.6431,63.2486,0.8194657,CN(C=CC=CC(O)=C1C(=O)NC(=S)NC1=O)c1ccccc1,1,1.0000000,1.0000,0.5670111,0.5670,0.9489673,3.0959,10
25.4462,36.9096,-36.8931,0.0001282,CC1=NOC(=CC=CC=CC(O)=NO)N1,1,0.0000000,0.0000,0.7015084,0.7015,0.6862483,4.4902,10
7.8299,46.4170,38.3411,0.6621725,CN1CCN(C=CC=CC(O)=C2C(=O)N(c3ccccc3)N=C2C(F)(F)F)CC1,1,1.0000000,1.0000,0.2991366,0.2991,0.9491320,3.0937,10
10.1065,24.9650,-24.9496,0.0001203,CC1(C)OC(=O)C(=C(O)C=Cc2ccccc2)C(=O)O1,1,0.0000000,0.0000,0.4732079,0.4732,0.9756110,2.5969,10
16.0263,25.4599,-25.4432,0.0001305,C=C(C)CCN(C)C(C)C,1,0.0000000,0.0000,0.6050250,0.6050,0.9753271,2.6046,10
26.2443,48.0440,-48.0302,0.0001074,CC(=CC=CN(C)C)C=C(O)C(F)=C1C=C(C)C(=O)O1,1,0.0000000,0.0000,0.3697783,0.3698,0.8303525,3.9654,10
9.3244,56.5145,53.6212,0.8604349,CC(=CC=CC(O)=C1C(=O)ON=C1C)N(C)CCO,1,1.0000000,1.0000,0.6909690,0.6910,0.8673955,3.7765,10
7.5505,40.3955,64.4136,0.8188209,CC1(C)OC(=O)C(=C(O)C=CC=CN2CCCC2)C(=O)O1,1,1.0000000,1.0000,0.5733810,0.5734,0.9267572,3.3467,10
8.4050,45.6730,39.4000,0.6646327,CC(C=CN1CCc2ccccc21)=CC(O)=C1C(=O)OC(C)(C)OC1=O,1,1.0000000,1.0000,0.3063015,0.3063,0.9285234,3.3296,10
11.2493,51.7278,48.6252,0.7840078,CC(C=CN1CCc2ccccc21)=CC(O)=C1C(=O)NC(=S)NC1=O,1,1.0000000,1.0000,0.5015436,0.5015,0.9324850,3.2896,10
9.6735,41.4356,72.2454,0.8881327,O=C1NNC(=O)C1=C(O)C=CC=CN1CCCCC1,1,1.0000000,1.0000,0.7363049,0.7363,0.9165536,3.4389,10
25.2576,57.7007,36.3375,0.7346740,CC(=CC=CC(O)=C1C(=O)C(=O)C(C(=O)O)=C1C)N1CCCC(C)C1,1,1.0000000,1.0000,0.4328445,0.4328,0.8578594,3.8290,10
11.5473,44.6001,74.2458,0.9284837,O=C1NC(=S)NC(=O)C1=C(O)C=CC=CN(CCO)CCO,1,1.0000000,1.0000,0.8468843,0.8469,0.9059886,3.5241,10
11.6738,47.4278,68.5459,0.9060440,CC(=CC=CC(O)=C1C(=O)N(C)C(=O)N(C)C1=O)N(CCO)CCO,1,1.0000000,1.0000,0.7770474,0.7770,0.9262978,3.3511,10
6.7089,43.4599,76.3152,0.9357431,O=C1NNC(=O)C1=C(O)C=CC=CN(CCO)CCO,1,1.0000000,1.0000,0.8837168,0.8837,0.8760409,3.7261,10
17.1324,40.1747,-40.1613,0.0001042,CC(C=CN(C)C)=CC=C(O)C=C(C)C=CN(C)C,1,0.0000000,0.0000,0.3281554,0.3282,0.8734527,3.7415,10
10.2937,44.1697,60.7542,0.8197183,CCCCN(C=CC=CC(O)=C1C(=O)OC(C)(C)OC1=O)CCO,1,1.0000000,1.0000,0.5786360,0.5786,0.9173389,3.4322,10
11.5475,49.7830,61.4558,0.8690536,O=C1NC(=S)NC(=O)C1=C(O)C=CC=CN1CCSCC1,1,1.0000000,1.0000,0.6996633,0.6997,0.8942076,3.6095,10
11.2886,46.7257,60.7622,0.8397490,CC(C=CN1CCCCC1)=CC(O)=C1C(=O)NC(=S)NC1=O,1,1.0000000,1.0000,0.6189719,0.6190,0.9254667,3.3590,10
7.8739,46.5161,67.3229,0.8893667,CC(C=CN(C)C)=CC(O)=C1C(=O)NC(=S)NC1=O,1,1.0000000,1.0000,0.7383605,0.7384,0.9187657,3.4198,10
12.1638,45.4248,-45.4083,0.0001289,CC(C=CN1CCSCC1)=CC=CC(O)=C1C(=O)NC(=O)NC1=O,1,0.0000000,0.0000,0.6113977,0.6114,0.8972645,3.5882,10
15.9673,33.5198,-33.5115,0.0000649,CCCCN(CCCC)C(C)=CC=C(C)N1CCCCCC1,1,0.0000000,0.0000,0.0749057,0.0749,0.9665419,2.8089,10
8.8867,40.4914,71.7976,0.8772579,CCN(C=CC=CC(O)=C1C(=O)NC(=S)NC1=O)CC,1,1.0000000,1.0000,0.7085979,0.7086,0.9187947,3.4195,10
6.4543,32.4555,73.7713,0.8298966,CC(C=CN(C)C)=CC(O)=C1C(=O)OC(C)(C)OC1=O,1,1.0000000,1.0000,0.6012544,0.6013,0.9152168,3.4502,10
18.0397,32.6611,-32.6446,0.0001284,Cc1cccc(=NC(=O)CN2C(=O)C(=C(C#N)C#N)SC2=S)[nH]1,1,0.0000000,0.0000,0.6108468,0.6108,0.8815240,3.6926,10
7.6556,55.3927,55.4689,0.8661066,CN(C=CC=CC(O)=C1C(=O)NC(=O)NC1=O)CCCN=[N+]=[N-],1,1.0000000,1.0000,0.6939445,0.6939,0.8911099,3.6306,10
12.5395,50.6034,-50.5884,0.0001177,CC(=CC=CC=CC(O)=C1C(=O)NC(=O)NC1=O)N(C)c1ccccc1,1,0.0000000,0.0000,0.4522194,0.4522,0.9435567,3.1653,10
12.5660,45.0347,68.2379,0.8849422,CC(C)N1CCN(C=CC=CC(O)=C2C(=O)NC(=O)NC2=O)CC1,1,1.0000000,1.0000,0.7171792,0.7172,0.9417918,3.1865,10
6.4063,42.4742,63.7111,0.8295724,CC(=CC=CC(O)=C1C(=O)OC(C)(C)OC1=O)N(C)C,1,1.0000000,1.0000,0.6012544,0.6013,0.9133409,3.4658,10
9.2771,54.7053,60.8453,0.9027391,CC(C=CN(CCO)CCO)=CC(O)=C1C(=O)N(C)C(=O)N(C)C1=O,1,1.0000000,1.0000,0.7770474,0.7770,0.9086961,3.5031,10
11.9745,29.7023,-29.6841,0.0001422,CCN1C(=O)C(=C2C(=O)N(C)C(=O)N(C)C2=O)C(=O)N(CC)C1=O,1,0.0000000,0.0000,0.7840923,0.7841,0.9724757,2.6778,10
9.1061,58.8711,56.7987,0.9036704,CC(C=CN1CCN(C)CC1)=CC(O)=C1C(=O)NNC1=O,1,1.0000000,1.0000,0.7834402,0.7834,0.9006218,3.5641,10
6.1499,36.9849,76.9423,0.8900566,CCN(C=CC=CC(O)=C1C(=O)NC(=O)NC1=O)CC,1,1.0000000,1.0000,0.7344686,0.7345,0.9310852,3.3040,10
9.0363,49.7202,27.5947,0.6040231,CC1=NN(c2ccccc2)C(=O)C1=C(O)C=CC=CN1CCCCC1,1,1.0000000,1.0000,0.2253495,0.2253,0.9616831,2.9005,10
6.6167,41.8476,68.2894,0.8604452,CN1C(=O)C(=C(O)C=CC=CN2CCCC2)C(=O)N(C)C1=O,1,1.0000000,1.0000,0.6592816,0.6593,0.9417220,3.1874,10
7.8044,47.4262,59.7416,0.8372483,CCN(C=CC=CC(O)=C1C(=O)N(C)C(=S)N(C)C1=O)CC,1,1.0000000,1.0000,0.6153467,0.6153,0.9205025,3.4045,10
7.0015,43.2650,71.3127,0.8951376,O=C1NC(=O)C(=C(O)C=CC=CN2CCCC2)C(=O)N1,1,1.0000000,1.0000,0.7427731,0.7428,0.9406392,3.2001,10
9.4324,53.3935,-19.9779,0.2610589,CCCCCCCCN(CCCCCCCC)C(C)=CC=CC(O)=C1C(=O)OC(C)(C)OC1=O,1,1.0000000,1.0000,0.0184161,0.0184,0.9414168,3.1910,10
12.4113,33.7846,-33.7679,0.0001305,CC(C=CN1CCCCC1)=CC=C1C(=O)NC(=S)NC1=O,1,0.0000000,0.0000,0.6172787,0.6173,0.9395040,3.2132,10
27.6863,29.5114,-29.4971,0.0001118,CC(=O)N=CCn1c(Cl)cc2ccccc21,1,0.0000000,0.0000,0.3845685,0.3846,0.9570468,2.9781,10
14.3743,27.4700,-27.4519,0.0001413,CCN=c1c(=O)c(=O)c2ccccc2c1=O,1,0.0000000,0.0000,0.7682377,0.7682,0.9755857,2.5976,10
17.8510,19.0126,-18.9970,0.0001223,CC(C)CN1CCN(c2ccccc2)CC1,1,0.0000000,0.0000,0.4917965,0.4918,0.9947672,1.5815,10
17.8821,22.7365,-22.7200,0.0001283,CC(C)NC(=O)c1cn(C)c(=O)c2ccccc12,1,0.0000000,0.0000,0.5699536,0.5700,0.9912083,1.9219,10
25.7181,51.2087,-51.1931,0.0001218,CC(C=CN1CCOCC1)=CC(O)=CN1CC=CN(C)C1=O,1,0.0000000,0.0000,0.5353069,0.5353,0.8423512,3.9083,10
7.4997,45.5318,-45.5318,0.0000000,CN1C(=O)C(=C(O)C=CC=CN2CCCC2)C(=O)N(C)C1=O,2,0.0000000,1.0000,0.0000000,0.6593,0.0000000,3.1874,10
20.3309,51.2972,-51.2804,0.0001313,CN1C(=O)C(=C(O)C=CN(O)c2cccnc2)C(=O)N(C)C1=S,1,0.0000000,0.0000,0.6351988,0.6352,0.9247693,3.3655,10
8.5614,47.4605,58.7697,0.8299234,CC(C=CN1CCN(C)CC1)=CC(O)=C1C(=O)OC(C)(C)OC1=O,1,1.0000000,1.0000,0.6002373,0.6002,0.9180878,3.4257,10
8.8325,40.2325,69.2954,0.8556874,CN1CCN(C=CC=CC(O)=C2C(=O)OC(C)(C)OC2=O)CC1,1,1.0000000,1.0000,0.6534698,0.6535,0.9289870,3.3250,10
11.8298,49.7590,30.5761,0.6276180,CCN(CC)C(C)=CC=CC(O)=C1C(=O)Nc2ccccc21,1,1.0000000,1.0000,0.2533149,0.2533,0.9582843,2.9582,10
14.2706,42.1094,-42.0931,0.0001273,O=C1NC(=S)NC(=O)C1=C(O)C=C(C(F)(F)F)C(F)(F)F,1,0.0000000,0.0000,0.5816034,0.5816,0.9177486,3.4286,10
11.7371,49.2153,54.9641,0.8139021,CN1CCN(C=CC=CC(O)=C2C(=O)ON=C2C(F)(F)F)CC1,1,1.0000000,1.0000,0.5736972,0.5737,0.8970343,3.5898,10
8.2048,47.6780,69.8275,0.9180120,CN1C(=O)C(=C(O)C=CC=CN(CCO)CCO)C(=O)N(C)C1=O,1,1.0000000,1.0000,0.8110528,0.8111,0.9206993,3.4027,10
10.0946,49.3188,58.4047,0.8415902,CC(C=CN(C)CCCN=[N+]=[N-])=CC(O)=C1C(=O)NC(=O)NC1=O,1,1.0000000,1.0000,0.6425996,0.6426,0.8767640,3.7218,10
7.2122,48.7660,60.5907,0.8543493,CC(=CC=CC(O)=C1C(=O)N(C)C(=S)N(C)C1=O)N(C)C,1,1.0000000,1.0000,0.6541581,0.6542,0.9196897,3.4117,10
10.7610,43.3072,63.0892,0.8312221,O=C1NC(=O)C(=C(O)C=CC=CN2CCc3ccccc32)C(=O)N1,1,1.0000000,1.0000,0.5915347,0.5915,0.9496189,3.0871,10
33.0233,58.1761,-58.1650,0.0000872,CC1=CCC(=C(O)C=CC=CN(C)C)C(=NO)C1(C)Br,1,0.0000000,0.0000,0.2326656,0.2327,0.6261615,4.6640,10
13.2265,57.2940,36.8610,0.7355864,CC(=CC=CC(O)=C1C(=O)N(C)C(=S)N=C1C)N1CCSCC1,1,1.0000000,1.0000,0.4251745,0.4252,0.8909107,3.6319,10
7.2805,40.2102,51.1785,0.7139742,CN(C=CC=CC(O)=C1C(=O)OC(C)(C)OC1=O)c1ccccc1,1,1.0000000,1.0000,0.3757837,0.3758,0.9455656,3.1403,10
8.3075,53.2790,42.5131,0.7483759,CC(C=CN1CCCCC1)=CC(O)=C1C(=O)ON=C1C,1,1.0000000,1.0000,0.4468368,0.4468,0.8940629,3.6105,10
12.8195,49.1236,63.1235,0.8769305,CN(C)C=CC=CC(O)=C1C(=O)N(C)C(=S)N(C)C1=O,1,1.0000000,1.0000,0.7028484,0.7028,0.9301632,3.3133,10
8.6189,43.3182,49.6111,0.7260096,CC1=NN(c2ccccc2)C(=O)C1=C(O)C=CC=CN(C)C,1,1.0000000,1.0000,0.3907809,0.3908,0.9639711,2.8589,10
20.9508,25.5072,-25.4884,0.0001470,CCOC(=O)NCC1OC(O)C(O)C(O)C1O,1,0.0000000,0.0000,0.9093334,0.9093,0.8923664,3.6221,11
5.8831,44.1250,65.2699,0.8546474,CC(C=CN(C)C)=CC(O)=C1C(=O)N(C)C(=S)N(C)C1=O,1,1.0000000,1.0000,0.6541581,0.6542,0.9213758,3.3967,11
12.9903,39.1226,67.1076,0.8299234,CC(C=CN1CCN(C)CC1)=CC(O)=C1C(=O)OC(C)(C)OC1=O,1,1.0000000,1.0000,0.6002373,0.6002,0.9180878,3.4257,11
31.5432,33.7887,-33.7792,0.0000740,COc1ccc2c(c1)C1Cc3ccccc3C1(C(=O)O)N2C(=O)OCc1ccccc1,1,0.0000000,0.0000,0.1135129,0.1135,0.9264444,3.3497,11
17.8041,58.3415,-9.5536,0.3811560,CCCCCCCCCCN(C=CC=CC(O)=C1C(=O)NNC1=O)CCCCCCCC,1,1.0000000,1.0000,0.0573416,0.0573,0.9407356,3.1990,11
6.2417,40.1907,74.5823,0.8966642,CC1(C)OC(=O)C(=C(O)C=CC=CN(CCO)CCO)C(=O)O1,1,1.0000000,1.0000,0.7647152,0.7647,0.9019492,3.5544,11
12.9202,21.8003,-21.7822,0.0001414,CN(C)C=CC(=O)C=CN(C)C,1,0.0000000,0.0000,0.7849289,0.7849,0.9433715,3.1675,11
23.6722,35.0324,-35.0188,0.0001062,CC1=NC(C)=C(N=[N+]=[N-])C(c2ccccc2N)C1C(=O)O,1,0.0000000,0.0000,0.3537595,0.3538,0.8445487,3.8975,11
8.5042,54.1375,51.5847,0.8259551,CC(=CC=CC(O)=C1C(=O)NNC1=O)N(C)c1ccccc1,1,1.0000000,1.0000,0.5854298,0.5854,0.9352775,3.2602,11
7.3592,52.1581,66.6879,0.9284837,O=C1NC(=S)NC(=O)C1=C(O)C=CC=CN(CCO)CCO,1,1.0000000,1.0000,0.8468843,0.8469,0.9059886,3.5241,11
8.1163,45.8085,49.9905,0.7484294,CC1(C)OC(=O)C(=C(O)C=CC=CN2CCCCCC2)C(=O)O1,1,1.0000000,1.0000,0.4351955,0.4352,0.9366867,3.2449,11
22.1466,54.9100,58.4704,0.8857847,CCN(C=CC=CC(O)=C1C(=O)NC(=O)C1=NNC(C)=O)CC,1,1.0000000,1.0000,0.7329907,0.7330,0.9110676,3.4843,11
14.4609,46.6722,-46.6631,0.0000710,CCN(C=CC(C)=CC(O)=C1N(C)c2ccccc2C1(C)C)CC,1,0.0000000,0.0000,0.0998973,0.0999,0.9317197,3.2975,11
6.2417,40.1907,-40.1907,0.0000000,CC1(C)OC(=O)C(=C(O)C=CC=CN(CCO)CCO)C(=O)O1,2,0.0000000,1.0000,0.0000000,0.7647,0.0000000,3.5544,11
8.0862,32.3147,54.7292,0.6800306,CCN(C=CC=CC(O)=C1C(=O)c2ccccc2C1=O)CC,1,1.0000000,1.0000,0.3219833,0.3220,0.9595465,2.9373,11
12.7158,41.8081,72.3895,0.8921688,CC(C=CN(C)C)=CC(O)=C1C(=O)NN(C)C1=O,1,1.0000000,1.0000,0.7600979,0.7601,0.8878204,3.6524,11
21.0055,22.6075,-22.5898,0.0001387,Cn1c(O)c2cc[nH]c(=O)c2c1O,1,0.0000000,0.0000,0.7355247,0.7355,0.9535192,3.0319,11
10.5529,52.1017,58.5883,0.8647661,O=C1ON=C(C(F)(F)F)C1=C(O)C=CC=CN(CCO)CCO,1,1.0000000,1.0000,0.7054237,0.7054,0.8588756,3.8235,11
8.8325,63.3540,21.3313,0.6616038,CCN1C(=O)C(=C(O)C=C(C)C=CN(C)c2ccccc2)C(=O)N(CC)C1=O,1,1.0000000,1.0000,0.2985518,0.2986,0.9481017,3.1074,11
18.3371,53.7347,37.8517,0.7155184,CC1=NOC(=O)C1=C(O)C=CC=CN1CCc2ccccc21,1,1.0000000,1.0000,0.3833305,0.3833,0.9236467,3.3760,11
20.3885,31.2192,-31.2024,0.0001319,CC(=C1C(=O)Nc2ccccc2C1=O)[N+](=O)[O-],1,0.0000000,0.0000,0.6264322,0.6264,0.9701107,2.7330,11
11.1663,44.3291,58.3555,0.8022231,CC(C=CN1CCc2ccccc21)=CC(O)=C1C(=O)NC(=O)NC1=O,1,1.0000000,1.0000,0.5346638,0.5347,0.9406072,3.2005,11
13.5084,28.9480,-28.9367,0.0000888,CCN(C=CC=C1C(=O)Nc2ccccc21)c1ccccc1,1,0.0000000,0.0000,0.1907822,0.1908,0.9749925,2.6136,11
9.1848,45.5791,63.4782,0.8520099,CCN(CC)C(C)=CC=CC(O)=C1C(=O)NC(=O)N(C)C1=O,1,1.0000000,1.0000,0.6407352,0.6407,0.9400411,3.2071,11
7.5379,45.5372,54.8052,0.7839250,CC(C=CN1CCCC1)=CC(O)=C1C(=O)OC(C)(C)OC1=O,1,1.0000000,1.0000,0.5067663,0.5068,0.9152246,3.4501,11
26.0641,39.7040,-39.6873,0.0001303,C=CCOCC=CC(C)=C(C)CN(O)C=O,1,0.0000000,0.0000,0.6372837,0.6373,0.8844585,3.6741,11
10.6747,44.2610,62.2946,0.8324655,CC(=CC=CC(O)=C1C(=O)OC(C)(C)OC1=O)N1CCOCC1,1,1.0000000,1.0000,0.5997601,0.5998,0.9342474,3.2712,11
18.0626,52.9850,-52.9701,0.0001164,CC(C=CN1CCCCC1)=CC=CC=CC(O)=C1C(=O)NC(=S)NC1=O,1,0.0000000,0.0000,0.4462907,0.4463,0.9120486,3.4763,11
11.4048,46.1648,55.4995,0.7942529,CC1=NN(C=CC=CC(O)=C2C(=O)N(C)C(=O)N(C)C2=O)C(C)(C)C1,1,1.0000000,1.0000,0.5383124,0.5383,0.8820100,3.6896,11
11.1267,39.9792,66.4172,0.8312221,O=C1NC(=O)C(=C(O)C=CC=CN2CCc3ccccc32)C(=O)N1,1,1.0000000,1.0000,0.5915347,0.5915,0.9496189,3.0871,11
10.9754,48.0900,50.2000,0.7678901,CCN(C=CC(C)=CC(O)=C1C(=O)OC(C)(C)OC1=O)CC,1,1.0000000,1.0000,0.4803474,0.4803,0.9017747,3.5557,11
8.1468,40.1108,75.6686,0.9045265,CN(C=CC=CC(O)=C1C(=O)N(C)C(=O)N(C)C1=O)CCO,1,1.0000000,1.0000,0.7736070,0.7736,0.9253395,3.3602,11
7.9705,41.9998,68.1372,0.8604452,CN1C(=O)C(=C(O)C=CC=CN2CCCC2)C(=O)N(C)C1=O,1,1.0000000,1.0000,0.6592816,0.6593,0.9417220,3.1874,11
8.5960,44.1610,59.5084,0.8099173,CCN(CC)C(C)=CC=CC(O)=C1C(=O)N(C)C(=S)N(C)C1=O,1,1.0000000,1.0000,0.5550452,0.5550,0.9262730,3.3513,11
11.8232,47.3828,68.1678,0.9027391,CC(C=CN(CCO)CCO)=CC(O)=C1C(=O)N(C)C(=O)N(C)C1=O,1,1.0000000,1.0000,0.7770474,0.7770,0.9086961,3.5031,11
11.5378,41.2994,65.1421,0.8315740,O=C1NN(c2ccccc2)C(=O)C1=C(O)C=CC=CN1CCOCC1,1,1.0000000,1.0000,0.5905232,0.5905,0.9545859,3.0161,11
6.6529,47.8379,58.5651,0.8312736,CN1C(=O)C(=C(O)C=CC=CN2CCSCC2)C(=O)N(C)C1=S,1,1.0000000,1.0000,0.6112597,0.6113,0.8969345,3.5905,11
20.8629,31.3272,-31.3272,0.0000000,OC(=c1sc2c(c(O)n(C)c2=O)c1=C(O)O)C,0,0.0000000,0.0000,0.0000000,0.0000,0.0000000,0.0000,11
7.3549,42.8367,72.8754,0.9040006,CC(=CC=CC(O)=C1C(=O)NNC1=O)N(C)C,1,1.0000000,1.0000,0.7943523,0.7944,0.8807704,3.6973,11
11.2191,56.2521,25.0658,0.6352962,O=C1ON=C(C(F)(F)F)C1=C(O)C=CC=CN1CCc2ccccc21,1,1.0000000,1.0000,0.2699086,0.2699,0.9141054,3.4595,11
7.4562,42.5353,64.5872,0.8368946,CN1C(=O)C(=C(O)C=CC=CN2CCCCC2)C(=O)N(C)C1=O,1,1.0000000,1.0000,0.6053218,0.6053,0.9452474,3.1443,11
9.6468,43.7740,-43.7740,0.0000000,O=C1NC(=S)NC(=O)C1=C(O)C=CC=CN(CCO)CCO,2,0.0000000,1.0000,0.0000000,0.8469,0.0000000,3.5241,11
15.3825,42.7295,51.0545,0.7326875,CC(=CC=CC(O)=C1C(=O)Nc2ccccc21)N1CCOCC1,1,1.0000000,1.0000,0.4018953,0.4019,0.9629993,2.8769,11
9.5549,42.3110,72.8763,0.8999004,CC(=CC=CC(O)=C1C(=O)NC(=O)NC1=O)N1CCN(C)CC1,1,1.0000000,1.0000,0.7507087,0.7507,0.9493926,3.0902,11
16.0015,29.1440,-29.1273,0.0001303,CCOC(=O)C1C(=N)N(C)C(=O)N(C)C1=C(C)C,1,0.0000000,0.0000,0.6415516,0.6416,0.8714390,3.7533,11
20.2226,67.0057,-66.9975,0.0000639,CC(=CC=CC(O)=CC=CC=CC(O)=C1C(=O)ON=C1C(F)(F)F)N1CCCCCC1,1,0.0000000,0.0000,0.0763693,0.0764,0.8612407,3.8107,11
13.0810,54.7683,-54.7532,0.0001178,CCN(CC)C(C)=CC=CC=CC(O)=C1C(=O)N(C)C(=S)N(C)C1=O,1,0.0000000,0.0000,0.4623094,0.4623,0.9136592,3.4631,11
5.8831,44.1250,-44.1250,0.0000000,CC(C=CN(C)C)=CC(O)=C1C(=O)N(C)C(=S)N(C)C1=O,2,0.0000000,1.0000,0.0000000,0.6542,0.0000000,3.3967,11
9.9574,44.9326,-44.9326,0.0000000,CN1C(=O)C(=C(O)C=CC=CN2CCCC2)C(=O)N(C)C1=O,2,0.0000000,1.0000,0.0000000,0.6593,0.0000000,3.1874,11
10.0378,54.3204,-4.1612,0.3918689,CCCCCCCCN(C=CC(C)=CC(O)=C1C(=O)NC(=O)NC1=O)CCCCCCCC,1,1.0000000,1.0000,0.0622330,0.0622,0.9428712,3.1736,11
22.5491,43.4490,-43.4314,0.0001370,CC(=CC=c1c(=O)[nH]c(=O)n(C)c1=CBr)N(C)C,1,0.0000000,0.0000,0.7526502,0.7527,0.8593000,3.8212,11
12.7117,48.8710,29.7979,0.6146003,CC(C=CN1CCCc2ccccc21)=CC(O)=C1C(=O)OC(C)(C)OC1=O,1,1.0000000,1.0000,0.2418533,0.2419,0.9308847,3.3060,11
8.0288,42.1026,53.4008,0.7461207,CC(C=CN1CCCCC1)=CC(O)=C1C(=O)OC(C)(C)OC1=O,1,1.0000000,1.0000,0.4351955,0.4352,0.9216158,3.3945,11
13.0809,34.8702,-34.8572,0.0001017,CC1=NN(c2ccccc2)C(=O)C1=C(O)c1ccccc1,1,0.0000000,0.0000,0.2841325,0.2841,0.9895580,2.0350,11
13.9640,53.8358,25.1407,0.6170038,CCN(C=CC(C)=CC(O)=C1C(=O)OC(C)(C)OC1=O)c1ccccc1,1,1.0000000,1.0000,0.2444863,0.2445,0.9323211,3.2913,11
7.5696,43.6708,-43.6708,0.0000000,CC(=CC=CC(O)=C1C(=O)NC(=O)NC1=O)N1CCN(C)CC1,2,0.0000000,1.0000,0.0000000,0.7507,0.0000000,3.0902,11
10.0633,41.1323,78.7664,0.9367087,O=C1NC(=O)C(=C(O)C=CC=CN(CCO)CCO)C(=O)N1,1,1.0000000,1.0000,0.8626767,0.8627,0.9187340,3.4201,11
23.4744,51.7369,-51.7204,0.0001288,CC(C=CC=C(C)n1ccnc1)=CC(O)=C1C(=O)NNC1=O,1,0.0000000,0.0000,0.6286738,0.6287,0.8524913,3.8572,11
7.6376,59.6061,48.7074,0.8461987,CC(C=CN1CCCCCC1)=CC(O)=C1C(=O)NNC1=O,1,1.0000000,1.0000,0.6384467,0.6384,0.9125607,3.4722,11
9.7485,44.8199,58.5176,0.8073241,CC(=CC=CC(O)=C1C(=O)NC(=O)NC1=O)N(C)c1ccccc1,1,1.0000000,1.0000,0.5406118,0.5406,0.9537882,3.0280,11
11.3219,48.7472,51.4524,0.7828091,CCN1C(=O)C(=C(O)C=CC=CN2CCCCC2)C(=O)N(CC)C1=O,1,1.0000000,1.0000,0.4948104,0.4948,0.9471645,3.1198,11
14.6562,37.6103,-37.6006,0.0000756,CC(=Cc1cccc2ccccc12)N(C)CCCN=[N+]=[N-],1,0.0000000,0.0000,0.1181420,0.1181,0.9692811,2.7514,11
7.0570,47.9880,46.4880,0.7380938,CC1=NN(c2ccccc2)C(=O)C1=C(O)C=CC=CN1CCN(C)CC1,1,1.0000000,1.0000,0.4118434,0.4118,0.9589687,2.9470,11
7.3318,40.3955,64.4136,0.8188209,CC1(C)OC(=O)C(=C(O)C=CC=CN2CCCC2)C(=O)O1,1,1.0000000,1.0000,0.5733810,0.5734,0.9267572,3.3467,11
8.1969,47.5173,47.9861,0.7461207,CC(C=CN1CCCCC1)=CC(O)=C1C(=O)OC(C)(C)OC1=O,1,1.0000000,1.0000,0.4351955,0.4352,0.9216158,3.3945,12
8.8776,42.3083,61.3112,0.8095281,CN(C)C=CC=CC(O)=C1C(=O)ON=C1C(F)(F)F,1,1.0000000,1.0000,0.5707058,0.5707,0.8800269,3.7019,12
7.7642,42.1451,70.2147,0.8778114,O=C1NC(=O)C(=C(O)C=CC=CN2CCCCC2)C(=O)N1,1,1.0000000,1.0000,0.6986422,0.6986,0.9449534,3.1480,12
21.9836,30.6865,-30.6703,0.0001265,CC(=O)OCOC(C)=C1C(=O)N(C)c2ccccc21,1,0.0000000,0.0000,0.5510399,0.5510,0.9761508,2.5819,12
11.9089,42.9201,55.2923,0.7672847,CCCCN(CCCC)C(C)=CC=CC(O)=C1C(=O)NC(=O)NC1=O,1,1.0000000,1.0000,0.4668738,0.4669,0.9438924,3.1611,12
12.0228,50.5872,47.6124,0.7671839,CCN(C=CC(C)=CC(O)=C1C(=O)ON=C1C)CC,1,1.0000000,1.0000,0.4928463,0.4928,0.8579803,3.8283,12
23.2894,23.6980,-23.6802,0.0001394,CN(C(=O)NN)c1ccccc1,1,0.0000000,0.0000,0.7306094,0.7306,0.9892952,2.0514,12
7.7126,44.9128,67.3762,0.8772579,CCN(C=CC=CC(O)=C1C(=O)NC(=S)NC1=O)CC,1,1.0000000,1.0000,0.7085979,0.7086,0.9187947,3.4195,12
23.2479,25.7390,-25.7252,0.0001078,CC(c1ccc(OCc2ccccc2)cc1)N(O)C=O,1,0.0000000,0.0000,0.3403637,0.3404,0.9800491,2.4631,12
11.2844,41.5924,77.0356,0.9267814,CN(C=CC=CC(O)=C1C(=O)NC(=O)NC1=O)CCO,1,1.0000000,1.0000,0.8336890,0.8337,0.9223033,3.3883,12
13.3719,49.9632,60.2729,0.8612196,CC(C=CN1CCSCC1)=CC(O)=C1C(=O)NC(=O)NC1=O,1,1.0000000,1.0000,0.6803639,0.6804,0.8954692,3.6008,12
9.1021,49.8025,48.4874,0.7678901,CCN(C=CC(C)=CC(O)=C1C(=O)OC(C)(C)OC1=O)CC,1,1.0000000,1.0000,0.4803474,0.4803,0.9017747,3.5557,12
8.3457,47.1958,42.6916,0.7022450,CC(C=CN1CCCCCC1)=CC(O)=C1C(=O)OC(C)(C)OC1=O,1,1.0000000,1.0000,0.3616997,0.3617,0.9267364,3.3469,12
10.5864,57.4001,27.8634,0.6661210,CC(C=CN(C)c1ccccc1)=CC(O)=C1C(=O)ON=C1C,1,1.0000000,1.0000,0.3098629,0.3099,0.9206765,3.4029,12
10.4327,29.9432,-29.9261,0.0001333,O=C1NC(=S)NC(=O)C1=C(O)C=Cc1ccccc1,1,0.0000000,0.0000,0.6437346,0.6437,0.9777902,2.5344,12
6.9009,50.0762,56.1540,0.8299234,CC(C=CN1CCN(C)CC1)=CC(O)=C1C(=O)OC(C)(C)OC1=O,1,1.0000000,1.0000,0.6002373,0.6002,0.9180878,3.4257,12
8.3681,45.5226,39.5504,0.6646327,CC(C=CN1CCc2ccccc21)=CC(O)=C1C(=O)OC(C)(C)OC1=O,1,1.0000000,1.0000,0.3063015,0.3063,0.9285234,3.3296,12
7.2045,40.2102,51.1785,0.7139742,CN(C=CC=CC(O)=C1C(=O)OC(C)(C)OC1=O)c1ccccc1,1,1.0000000,1.0000,0.3757837,0.3758,0.9455656,3.1403,12
6.2117,42.4742,63.7111,0.8295724,CC(=CC=CC(O)=C1C(=O)OC(C)(C)OC1=O)N(C)C,1,1.0000000,1.0000,0.6012544,0.6013,0.9133409,3.4658,12
9.1092,39.9560,43.5359,0.6522803,O=C1Nc2ccccc2C1=C(O)C=CC=CN1CCCCC1,1,1.0000000,1.0000,0.2836238,0.2836,0.9626756,2.8828,12
10.0694,41.7802,73.0102,0.8968000,CC(C=CN1CCN(C)CC1)=CC(O)=C1C(=O)NC(=O)NC1=O,1,1.0000000,1.0000,0.7507087,0.7507,0.9323452,3.2911,12
7.7252,49.4448,62.3893,0.8737039,CC(C=CN(C)CCO)=CC(O)=C1C(=O)N(C)C(=S)N(C)C1=O,1,1.0000000,1.0000,0.7092400,0.7092,0.8979959,3.5830,12
20.7352,41.7406,25.5625,0.5258053,CCN1C(=CC=CC(O)=C2C(=O)c3ccccc3C2=O)C(=O)c2c(F)cccc21,1,1.0000000,1.0000,0.1491913,0.1492,0.9556088,3.0005,12
13.9918,19.7433,-19.7277,0.0001225,CC(C=Cc1ccccc1)=NO,1,0.0000000,0.0000,0.4971396,0.4971,0.9870734,2.1757,12
6.0780,37.9612,62.7349,0.7866877,CC1(C)OC(=O)C(=C(O)C=CC=CN2CCCCC2)C(=O)O1,1,1.0000000,1.0000,0.5067663,0.5068,0.9322851,3.2917,12
7.5145,38.2506,-38.2506,0.0000000,CC(C=CN1CCCCC1)=CC(O)=C1C(=O)OC(C)(C)OC1=O,2,0.0000000,1.0000,0.0000000,0.4352,0.0000000,3.3945,12
8.4305,49.1830,51.0166,0.7828091,CCN1C(=O)C(=C(O)C=CC=CN2CCCCC2)C(=O)N(CC)C1=O,1,1.0000000,1.0000,0.4948104,0.4948,0.9471645,3.1198,12
10.1552,50.5106,48.0940,0.7703483,CC(C=CN1CCCc2ccccc21)=CC(O)=C1C(=O)NC(=O)NC1=O,1,1.0000000,1.0000,0.4729165,0.4729,0.9423985,3.1793,12
8.0841,45.8085,49.9905,0.7484294,CC1(C)OC(=O)C(=C(O)C=CC=CN2CCCCCC2)C(=O)O1,1,1.0000000,1.0000,0.4351955,0.4352,0.9366867,3.2449,12
11.1239,43.5965,-43.5787,0.0001398,CC(O)=CC(O)=C1C(=O)N(C)C(=O)N(C)C1=O,1,0.0000000,0.0000,0.7546140,0.7546,0.9505751,3.0739,12
6.2522,40.5754,73.3518,0.8900566,CCN(C=CC=CC(O)=C1C(=O)NC(=O)NC1=O)CC,1,1.0000000,1.0000,0.7344686,0.7345,0.9310852,3.3040,12
9.3068,42.3472,68.9187,0.8692653,CC(C=CN(C)C)=CC(O)=C1C(=O)N(C)C(=O)N(C)C1=O,1,1.0000000,1.0000,0.6826161,0.6826,0.9348478,3.2648,12
9.8898,41.4071,64.2170,0.8251890,CCN(C=CC(C)=CC(O)=C1C(=O)N(C)C(=O)N(C)C1=O)CC,1,1.0000000,1.0000,0.5885762,0.5886,0.9220419,3.3907,12
30.6837,31.8783,-31.8614,0.0001321,CN(C)C=c1sc(=C(O)Cc2cccs2)c(=O)n1C,1,0.0000000,0.0000,0.6499181,0.6499,0.9155670,3.4472,12
14.6816,28.5274,-28.5085,0.0001477,N#CC(C(=O)O)=C1C(=O)NNC1=O,1,0.0000000,0.0000,0.9075916,0.9076,0.9174013,3.4316,12
6.7502,42.8875,66.8241,0.8571219,O=C1NC(=O)C(=C(O)C=CC=CN2CCCCCC2)C(=O)N1,1,1.0000000,1.0000,0.6490593,0.6491,0.9483655,3.1039,12
8.6966,53.8755,55.6136,0.8553833,CC(C=CN(C)CCO)=CC(O)=C1C(=O)ON=C1C,1,1.0000000,1.0000,0.6909690,0.6910,0.8409916,3.9149,12
9.3601,51.1540,60.5667,0.8728175,CN1CCN(C=CC=CC(O)=C2C(=O)N(C)C(=S)N(C)C2=O)CC1,1,1.0000000,1.0000,0.6921463,0.6921,0.9321842,3.2927,12
12.5861,56.8339,-6.6746,0.3918689,CCCCCCCCN(C=CC(C)=CC(O)=C1C(=O)NC(=O)NC1=O)CCCCCCCC,1,1.0000000,1.0000,0.0622330,0.0622,0.9428712,3.1736,12
9.3457,49.6471,50.5680,0.7829303,CC(=CC=CC(O)=C1C(=O)ON=C1C(F)(F)F)N1CCOCC1,1,1.0000000,1.0000,0.5082779,0.5083,0.9044181,3.5360,12
8.0271,36.9760,46.5107,0.6522392,O=C1C(=C(O)C=CC=CN2CCCCC2)C(=O)c2ccccc21,1,1.0000000,1.0000,0.2831301,0.2831,0.9652963,2.8336,12
19.3339,54.9425,37.6545,0.7234140,CN(C)C=CC=CC(O)=C1C(=O)ON=C1C=Cc1ccc(O)cc1,1,1.0000000,1.0000,0.3968615,0.3969,0.9207952,3.4019,12
8.8029,40.9566,-40.9566,0.0000000,CN(C=CC=CC(O)=C1C(=O)OC(C)(C)OC1=O)c1ccccc1,2,0.0000000,1.0000,0.0000000,0.3758,0.0000000,3.1403,12
9.3457,49.6471,-49.6471,0.0000000,CC(=CC=CC(O)=C1C(=O)ON=C1C(F)(F)F)N1CCOCC1,2,0.0000000,1.0000,0.0000000,0.5083,0.0000000,3.5360,12
8.8117,46.4922,47.4998,0.7343120,CC1=NN(c2ccccc2)C(=O)C1=C(O)C=CC=CN1CCOCC1,1,1.0000000,1.0000,0.4058445,0.4058,0.9577318,2.9672,12
8.1742,45.6970,69.0958,0.8968185,CC(C=CN1CCOCC1)=CC(O)=C1C(=O)NC(=O)NC1=O,1,1.0000000,1.0000,0.7527922,0.7528,0.9279349,3.3353,12
6.8610,37.5077,71.7097,0.8532609,CCN(C=CC=CC(O)=C1C(=O)N(C)C(=O)N(C)C1=O)CC,1,1.0000000,1.0000,0.6462340,0.6462,0.9332489,3.2817,12
12.9903,48.0353,13.2841,0.4790586,CCCN(C=CC(C)=CC(O)=C1C(=O)N(c2ccccc2)N=C1C)CCC,1,1.0000000,1.0000,0.1134225,0.1134,0.9469270,3.1228,12
16.7831,49.5892,-49.5713,0.0001395,CC1=NOC(=O)C1=C(O)C=CN(O)CCO,1,0.0000000,0.0000,0.8091570,0.8092,0.8301987,3.9661,12
13.7431,54.6862,-54.6722,0.0001093,CCN(C=CC=CC(C)=CC(O)=C1C(=O)ON=C1C)CC,1,0.0000000,0.0000,0.3834368,0.3834,0.8548330,3.8450,12
20.3851,41.6019,-41.6019,0.0000000,C1(C(N)=O)CCN(C(=O)C=C(C)C=C(C)C=CN(C)CCO)=CC1,0,0.0000000,0.0000,0.0000000,0.0000,0.0000000,0.0000,12
7.1306,46.6489,64.0123,0.8645409,O=C1NC(=S)NC(=O)C1=C(O)C=CC=CN1CCCCC1,1,1.0000000,1.0000,0.6711265,0.6711,0.9358717,3.2538,12
13.6835,34.5869,-34.5689,0.0001411,O=C1NNC(=O)C1=C(O)c1ccccc1,1,0.0000000,0.0000,0.7624637,0.7625,0.9791584,2.4921,12
6.8109,44.5718,63.8602,0.8471250,CN1C(=O)C(=C(O)C=CC=CN2CCSCC2)C(=O)N(C)C1=O,1,1.0000000,1.0000,0.6408074,0.6408,0.9119086,3.4775,12
9.9724,44.3432,44.4655,0.6938178,O=C1Nc2ccccc2C1=C(O)C=CC=CN1CCSCC1,1,1.0000000,1.0000,0.3460712,0.3461,0.9397212,3.2107,12
12.7854,39.9527,38.5403,0.6132267,CN(C=CC=CC(O)=C1C(=O)N(c2ccccc2)c2ccccc21)CCO,1,1.0000000,1.0000,0.2354411,0.2354,0.9643090,2.8525,12
6.5339,42.1833,-42.1833,0.0000000,CCN(C=CC=CC(O)=C1C(=O)NC(=O)NC1=O)CC,2,0.0000000,1.0000,0.0000000,0.7345,0.0000000,3.3040,12
21.0619,23.2332,-23.2204,0.0001000,CCC(C)C(=O)Nc1ccccc1N1CCCCC1,1,0.0000000,0.0000,0.2701258,0.2701,0.9865197,2.2034,12
9.3464,44.7650,-44.7650,0.0000000,CC(C=CN1CCOCC1)=CC(O)=C1C(=O)NC(=O)NC1=O,2,0.0000000,1.0000,0.0000000,0.7528,0.0000000,3.3353,12
12.3801,40.7435,55.1538,0.7491972,CC(=CC=CC(O)=C1C(=O)OC(C)(C)OC1=O)N1CCCCC1,1,1.0000000,1.0000,0.4351955,0.4352,0.9417424,3.1871,12
15.1338,50.3748,55.0127,0.8233397,COc1cccc2c1CCN2C=CC=CC(O)=C1C(=O)NC(=O)NC1=O,1,1.0000000,1.0000,0.5778050,0.5778,0.9411805,3.1938,12
15.3576,42.7370,-42.7207,0.0001272,CC(=CC(O)=C1C(=O)ON=C1C(F)(F)F)N(C)C,1,0.0000000,0.0000,0.5947932,0.5948,0.8764992,3.7234,12
10.4513,47.9975,11.9607,0.4684235,CC(=CC=CC(O)=C1C(=O)N(c2ccccc2)N=C1C(F)(F)F)N1CCCCC1,1,1.0000000,1.0000,0.1054263,0.1054,0.9565163,2.9865,12
19.7028,26.8134,-26.7961,0.0001352,C=C1NC(=O)N(CC)C(C)=C1C(=O)OCC,1,0.0000000,0.0000,0.6751176,0.6751,0.9670255,2.7991,12
