16:41:41 <INFO> Started REINVENT 4.7.15 (C) AstraZeneca 2017, 2023 on 2026-04-14
16:41:41 <INFO> Command line: /Users/hakeemshindy/miniconda3/envs/reinvent4/bin/reinvent -d cpu -l /Users/hakeemshindy/Downloads/REINVENT4_photochem/outputs/tl_run/tl.log /Users/hakeemshindy/Downloads/REINVENT4_photochem/outputs/tl_run/tl_config.toml
16:41:41 <INFO> Reading run configuration from /Users/hakeemshindy/Downloads/REINVENT4_photochem/outputs/tl_run/tl_config.toml using format toml
16:41:41 <INFO> User hakeemshindy on host DN0a224248.SUNet
16:41:41 <INFO> Python version 3.10.20
16:41:41 <INFO> PyTorch version 2.9.1, git 5811a8d7da873dd699ff6687092c225caffcf1bb
16:41:41 <INFO> PyTorch compiled with CUDA version None
16:41:41 <INFO> RDKit version 2026.03.1
16:41:41 <INFO> Platform macOS-26.4-arm64-arm-64bit
16:41:41 <INFO> Number of PyTorch CUDA devices 0
16:41:41 <WARN> 'use_cuda' is deprecated, use 'device' instead
16:41:41 <INFO> Using CPU arm
16:41:41 <INFO> Writing TensorBoard summary to /Users/hakeemshindy/Downloads/REINVENT4_photochem/outputs/tl_run/tb_tl
16:41:41 <INFO> Starting Transfer Learning
16:41:41 <ERRO> /Users/hakeemshindy/Downloads/REINVENT4_photochem/FS_Ro5_10M.model has invalid hash:
{ 'comments': ['10M_Random_Freedom4_Ro5', 'TL'],
  'creation_date': 1744278146.0890813,
  'date_format': 'UNIX epoch',
  'hash_id': '9fc2f092e6822351bb29bbcb0b3efd29',
  'hash_id_format': 'xxhash.xxh3_128_hex 3.4.1',
  'model_id': UUID('f9f3b04a-8da9-49f4-b63e-3ea636896e91'),
  'model_id_format': 'uuid.uuid4 3.10.16',
  'origina_data_source': '10M_Random_Freedom4_Ro5',
  'updates': [1744739484.4790347]}
16:41:41 <INFO> Number of network parameters: 7,913,771
16:41:41 <INFO> Network architecture:
RNN(
  (_embedding): Embedding(43, 256)
  (_rnn): LSTM(256, 512, num_layers=4, batch_first=True)
  (_linear): Linear(in_features=512, out_features=43, bias=True)
)
16:41:41 <INFO> Using generator Reinvent
16:41:41 <INFO> Applying filter default to input SMILES
16:41:41 <WARN> "default" filter: Ic1ccccc1N=Nc1nccs1 is invalid
16:41:41 <WARN> "default" filter: Cc1[nH]c2ccccc2c1N=Nc1n[nH]c(S)n1 is invalid
16:41:41 <WARN> "default" filter: Cc1c(N=Nc2n[nH]c(S)n2)c2ccccc2n1C is invalid
16:41:42 <WARN> "default" filter: Sc1nc(N=Nc2c(-c3ccccc3)[nH]c3ccccc23)n[nH]1 is invalid
16:41:42 <WARN> "default" filter: Cn1c(-c2ccccc2)c(N=Nc2n[nH]c(S)n2)c2ccccc21 is invalid
16:41:42 <WARN> "default" filter: Cc1noc(C)c1/N=N/c1ccc(I)cc1 is invalid
16:41:42 <WARN> "default" filter: Cc1noc(C)c1N=Nc1ccc(I)cc1 is invalid
16:41:42 <WARN> "default" filter: OCCN(CCO)c1ccc(N=Nc2ccc(I)cc2)cc1 is invalid
16:41:42 <INFO> Read 889 input SMILES from /Users/hakeemshindy/Downloads/REINVENT4_photochem/outputs/photoswitch_tl_train.smi
16:41:42 <WARN> "default" filter: O=[N+]([O-])c1ccc2nc(N=Nc3ccc(I)cc3)sc2c1 is invalid
16:41:42 <WARN> "default" filter: Ic1ccncc1/N=N/c1ccccc1 is invalid
16:41:42 <WARN> "default" filter: Ic1ccncc1N=Nc1ccccc1 is invalid
16:41:42 <INFO> Read 98 validation SMILES from /Users/hakeemshindy/Downloads/REINVENT4_photochem/outputs/photoswitch_tl_val.smi
16:42:10 <INFO> Sampled SMILES CC(C)(C)Nc1cc(N)c(N)c(C#N)cc1 failed to sanitize.
16:42:10 <INFO> Sampled SMILES Cc1cc(NN=Cc2cc3cccnc3c2)ccc1Br failed to sanitize.
16:42:10 <INFO> Sampled SMILES Cc1ccc(S(=O)(=O)Nc2cccc(C(=O)NNc3c(Cl)c(F)c(C#N)c(F)c3C#N)cc2)cc1 failed to sanitize.
16:42:10 <INFO> Sampled SMILES COc1nc2c(-c3nc[nH]n3)cccc2c(C)cc1C=O failed to sanitize.
16:42:10 <INFO> Sampled SMILES CC(C)(C)c1cc(O)cc(C=NNc2nccc(-c3ccc(C)o3)n2)cc1 failed to sanitize.
16:42:10 <INFO> Sampled SMILES C=CCC1(C(=O)OCC)CCN(C(=O)NCc2ccc(Cn3ccc(C)cc3)cc2)CC1 failed to sanitize.
16:42:10 <INFO> Sampled SMILES N#Cc1cccc2[nH]cc(=O)cc12 failed to sanitize.
16:42:10 <INFO> Sampled SMILES COc1cc2c(C=O)c(C)Nc2ccc(C#N)cc1Cl failed to sanitize.
16:42:10 <INFO> Sampled SMILES Cc1c(O)c(C)c(C=O)cc1-c1ccn(C)c(N)c1 failed to sanitize.
16:42:10 <INFO> Sampled SMILES Cc1nnc(-c2cc(NC(=O)Cn3cccc(C)c3)ccc2O)o1 failed to sanitize.
16:42:10 <INFO> Sampled SMILES CC1Cc2cc(N(C)C)cc2C2(CCN(C(=O)OCCCO)CC2)nn1 failed to sanitize.
16:42:10 <INFO> Sampled SMILES CCOC(=O)C(C)(C)CCCCCCOc1cc(=O)oc(=O)c1 failed to sanitize.
16:42:10 <INFO> Sampled SMILES COc1cc(Cl)c(C)cc(NC(=O)C(O)CCNC(=O)OC(C)(C)C)c1 failed to sanitize.
16:42:10 <INFO> Sampled SMILES CCC(C)n1c(=O)[nH]c(C)c(Nc2ccccc2N2CCCCC2)c1 failed to sanitize.
16:42:10 <INFO> Sampled SMILES CCOC(=O)c1cc(C(=O)CNc2ccccc2OCC)cc[nH]1 failed to sanitize.
16:42:40 <INFO> Sampled SMILES C=C(Cl)C(=O)NCCC(O)C(=O)N(CC(C)(C)C)CC(C)(OC)=O failed to sanitize.
16:42:40 <INFO> Sampled SMILES Cc1nc(C(=O)NC(C)(C)CC(=O)NCC(C)(C)F)c(C)n(C)c1C failed to sanitize.
16:42:40 <INFO> Sampled SMILES COc1c(Cl)cc([N+](=O)[O-])c(OC)c(OCCN(C)CC)c1 failed to sanitize.
16:42:40 <INFO> Sampled SMILES Cc1cc(C(=O)N2CCC(=O)CC2C(=O)N(C)C(C)C)ccc(C(F)(F)F)c1F failed to sanitize.
16:42:40 <INFO> Sampled SMILES Cc1c(C(=O)NC(C(=O)N(C)C2CCC(O)CC2)c2cccs2)ccc(F)cc1[N+](=O)[O-] failed to sanitize.
16:42:40 <INFO> Sampled SMILES COC(=O)c1cc(CCC(=O)NCC(CC(C)C)=NNc2ccc([N+](=O)[O-])cc2)cccc1F failed to sanitize.
16:42:40 <INFO> Sampled SMILES CCC(C(=O)NC(C)(C(=O)N1CCc2c(c(C)nn(C)c2C)C1)c1ccccc1)N1CCOCC1 failed to sanitize.
16:42:40 <INFO> Sampled SMILES COc1c(F)cc(C)c(NC(=O)NC(C#N)c2c(F)cccc2F)cc1[N+](=O)[O-] failed to sanitize.
16:42:40 <INFO> Sampled SMILES Cc1c(C(=O)NC(C)CC(=O)NC(C)c2nc(C)c[nH]2)ccc(F)c([N+](=O)[O-])c1 failed to sanitize.
16:42:40 <INFO> Sampled SMILES CCN(Cc1c(F)cccc1F)C(=O)C1CCCN(C(=O)CCc2cccc(O)cc2)C1 failed to sanitize.
16:42:40 <INFO> Sampled SMILES COC(=O)c1ccc(C)c(C=N=C=Nc2cc(Cl)c([N+](=O)[O-])cc2C)c1 failed to sanitize.
16:42:40 <INFO> Sampled SMILES O=C1NCCN(C(c(=O)CCCC(C)=O)c2ccccc2)C1c1ccc(Cl)cc1 failed to sanitize.
16:42:40 <INFO> Sampled SMILES Cc1sc2ncn(-c3ccc(NC(C)(C)C)c([N+](=O)[O-])c3)c(C)c12 failed to sanitize.
16:42:40 <INFO> Sampled SMILES Nc1c(F)c(O)c(-c2cc(N)cc(OCc3ccccc3)c2)c(O)c(C)c1[N+]=N failed to sanitize.
16:42:40 <INFO> Sampled SMILES Cc1cc(-c2cccc(C)c2N=Nc2ccc(O)c(N=O)cc2)ccc1[N+](=O)[O-] failed to sanitize.
16:42:40 <INFO> Sampled SMILES COc1c(N(C)c2ccc(C#N)c(C#N)cc2)c(C)cc(N=Nc2cc([N+](=O)[O-])ccc2)cc1 failed to sanitize.
16:42:40 <INFO> Sampled SMILES CCN(CC)c1ccc(N=Nc2ccc([N+](=Br)[O-])cc2)c(C)c1 failed to sanitize.
16:42:40 <INFO> Sampled SMILES Cc1c([N+](=O)[O-])cc(C)c(O)c(C)c1-c1cn(Cc2ccccc2)c(=O)[nH]1 failed to sanitize.
16:42:40 <INFO> Sampled SMILES O=[N+]([O-])c1cccc(N=Nc2c(N)c(O)c3c(cc2F)CCCC3)cc1 failed to sanitize.
16:42:40 <INFO> Sampled SMILES c1c(O)cc(N=Nc2c(O)ncnc2C)ccc1-n1ccnc1 failed to sanitize.
16:42:40 <INFO> Sampled SMILES Cc1oncc1C(=O)Nc1ccc(CCC(=ONC(C)(C)C)c2ccccc2)cc1 failed to sanitize.
16:42:40 <INFO> Sampled SMILES N#Cc1ccc(NN=C2CCC(=C(C#N)CC)=NO2)cc1 failed to sanitize.
16:42:40 <INFO> Sampled SMILES O=c1c(C)cc(O)cc1N=Nc1c(C)cccc1 failed to sanitize.
16:42:40 <INFO> Sampled SMILES O=C(Nc1cc(C(=O)N2CCCC2)cc(C(=O)N2CCCCC2)s1)c1ccco1 failed to sanitize.
16:42:40 <INFO> Sampled SMILES N#CCC(=O)Nc1ccc(Cl)c(NCC(=O)Nc2c(Cl)c)c(C)cc2C1 failed to sanitize.
16:42:40 <INFO> Sampled SMILES CN(c1ccc(N2CCn3c(C)nnc3C2)c1)c1c(C#N)c[n+]([O-])cc1 failed to sanitize.
16:42:40 <INFO> Sampled SMILES COC(=O)C(C)(C)c1ccc(C)c(N=Nc2c(O)cccc2[N+]([O-])(C)=O)c1 failed to sanitize.
16:42:40 <INFO> Sampled SMILES Cc1c(C(=O)NC(C)(C)CCNC(=O)c2c(C)cc([N+](=O)[O-])cc2Br)ccc(F)cc1[N+](=O)[O-] failed to sanitize.
16:42:40 <INFO> Sampled SMILES CN(C)c1ccc(N=Nc2c(C)cccc2F)c(N)cc1 failed to sanitize.
16:42:40 <INFO> Sampled SMILES FC(F)(c1c(N=Nc2c(Cl)cccc2C(F)(F)F)ccn1)c1nccs1 failed to sanitize.
16:42:40 <INFO> Sampled SMILES COc1cccc(C=CC(=O)N(OCC(=O)N2CCC(F)FCC2)C(=O)OC(C)(C)C)c1OC failed to sanitize.
16:42:40 <INFO> Sampled SMILES CC1(C)c2ccccc2-c2cc(NCC(=O)Nc3ccc([N+](=O)[O-])cc3)c(N)ccc21 failed to sanitize.
16:42:40 <INFO> Sampled SMILES C#CC(C)(CC)NC(=O)C(=O)N1CCN(C(=O)CCC(=O)Nc2occcc2)CC1 failed to sanitize.
16:42:40 <INFO> Sampled SMILES CC(=O)N(c1nc(C)c(C)c(N(C)C)c1C)(C)C failed to sanitize.
16:42:40 <INFO> Sampled SMILES COc1ccccc1N(C(C)=O)c1nc(N=Nc2cc(N=Nc(c3ccc(=O)[nH]n3)(C(C)C)s2)c2cc(N)ccc2)ccc1C#N failed to sanitize.
16:42:40 <INFO> Sampled SMILES COc1cc(-c2cnc3c(C)cc(C)cc23)c(Cl)cc1 failed to sanitize.
16:42:40 <INFO> Sampled SMILES Cc1cn(-c2cc(Sc3cccc(C(=O)NCC#N)c3)cc(N)c(N)c2C#N)cc1 failed to sanitize.
16:42:40 <INFO> Sampled SMILES Cc1cc(C(=O)N2CC(C)CC2C(=O)Nc2ccc(OC(F)F)cc2[N+](=O)[O-])cc([N+](=O)[O-])cc1 failed to sanitize.
16:42:40 <INFO> Sampled SMILES O=C(Nc1ccc(N=Nc2ccc(N(CC)ccc2)c([N+](=O)[O-])c1)c1ccccn1)c1ccco1 failed to sanitize.
16:42:40 <INFO> Sampled SMILES O=C(Nc1ccc(C(=O)N2CCCC(CCC(=O)N(CCO)C3CCCCC3)C2)c(O)c(O)c1)c1ccco1 failed to sanitize.
16:42:40 <INFO> Sampled SMILES Cc1c(N(C)N)ccc(SCC(=O)C(C#N)=C(C)N)cc1F failed to sanitize.
16:42:40 <INFO> Sampled SMILES CCN(CC)c1ccc(OCCCC#N)c(C)cc1 failed to sanitize.
16:42:40 <INFO> Sampled SMILES Cc1c(N(C)S=N)ccc(C)c(N=Nc2cc(N(CC)CC)ncc2F)c1 failed to sanitize.
16:42:40 <INFO> Sampled SMILES N#Cc1ccc(N)c(O)c1n failed to sanitize.
16:42:40 <INFO> Sampled SMILES COc1cc(Br)cc(C(=O)NC(C)C)c(NC)c1 failed to sanitize.
16:42:40 <INFO> Sampled SMILES Cc1cc(C(=O)NCC(C)C)cccc1NC(=O)NCCn1c(=O)[nH]c2ccccc21 failed to sanitize.
16:42:40 <INFO> Sampled SMILES Cc1cc(O)ccc1N(=O)C(C)NC(=O)C(C)Sc1ccc([N+](=O)[O-])cc1 failed to sanitize.
16:42:40 <INFO> Sampled SMILES Cc1c(C)c2cc(Br)ccc2c(O)c(C=N#CCC#N)cc1 failed to sanitize.
16:42:40 <INFO> Sampled SMILES NC(=O)c1ccc(C(=O)NC2CC(CC(=O)Nc3cc(OCC(O)C#O)ccc3[N+](=O)[O-])C2)cc1 failed to sanitize.
16:42:40 <INFO> Sampled SMILES Cc1cc(C(=O)NCCOc2cccnc2)cccc1CNC(=O)OC(C)(C)C failed to sanitize.
16:42:40 <INFO> Sampled SMILES Cc1nnc(C(C)=NNc2c(F)cccc2)c(C(C)=O)c(N)c1 failed to sanitize.
16:43:08 <INFO> Sampled SMILES CN(C(=O)c1c(N=Nc2c([N+]([O-])=O)cc(C)cc2C)cs1)c1ccc(N)cc1 failed to sanitize.
16:43:08 <INFO> Sampled SMILES CS(=O)(=O)c1cccc(N=Nc2c(OC)cccc2)cc1 failed to sanitize.
16:43:08 <INFO> Sampled SMILES N#Cc1c(Nc2ccccc2)c(Br)cccc1 failed to sanitize.
16:43:08 <INFO> Sampled SMILES Cc1cc(C(=O)NCC(C(=O)Nc2cccc(F)c2)C(C)C)cc([N+](=O)[O-])cc1 failed to sanitize.
16:43:08 <INFO> Sampled SMILES N(=Nc1cc(N)c(N(C)C)c(N=Nc2ccc([N+]([O-])=O)cc2C#N)cc1)c1ccccc1 failed to sanitize.
16:43:09 <INFO> Sampled SMILES COC(=O)c1ccc(NC(=O)COc2ccc3c(=O)cc(-c4cc(O)oo4)c(C)c3oc2C)cc1 failed to sanitize.
16:43:09 <INFO> Sampled SMILES Cc1c(C(=O)NC2(C(N)=O)CCN(C(=O)C(C)F)CC2)c(=O)c(C)n(C)c1C failed to sanitize.
16:43:09 <INFO> Sampled SMILES Cc1ccc(N(CC(=O)Nc2cccc(C#N)c2)c2ccc(C)cc2[N+](=O)[O-])c(C#N)cc1 failed to sanitize.
16:43:09 <INFO> Sampled SMILES Cc1ccccc1N(C(=O)CN(C)C(=O)C=Cc1cc([N+](C)(=O)[O-])ccc1Cl)C(C)C failed to sanitize.
16:43:09 <INFO> Sampled SMILES N(=C(N)CC(=O)c1cccc(N=Nc2ccc(N(CC)CC)cc2)cc1)C#CC failed to sanitize.
16:43:09 <INFO> Sampled SMILES N#Cc1c(NC(=O)CNC(=O)C(=O)N2CCCCC2)sc(C)c(C)c1C failed to sanitize.
16:43:09 <INFO> Sampled SMILES Cc1cc(C(=O)NC(C)C)cccc1NC(=O)c1ccc(C)c([N+](=O)[O-])c1 failed to sanitize.
16:43:09 <INFO> Sampled SMILES CC(=O)OC(C)(C)C(=O)NC1CCC(NC(=O)Cc2ccc3n(c2)CCN(C(=O)OC(C)(C)C)C3)C1 failed to sanitize.
16:43:09 <INFO> Sampled SMILES [O-]1(NCCNCCF)ccc(CO)cc1 failed to sanitize.
16:43:09 <INFO> Sampled SMILES Cc1c([N+](=O)[O-])cc(O)c(OC(C)C)c(N=Nc2c(F)cccc2N)c1C failed to sanitize.
16:43:09 <INFO> Sampled SMILES Cc1nc2cc(NC(=O)C=Cc3cccc(C)c3)c(C)s2o1 failed to sanitize.
16:43:09 <INFO> Sampled SMILES Cc1c(F)cccc1N=Nc1c(C)coc(=O)c1C(CC#N)=N=NS(C)(=O)=O failed to sanitize.
16:43:09 <INFO> Sampled SMILES COc1cc(C(=O)Nc2ccc(N(C)C)cc2C)cc(O)c(O)c1OC failed to sanitize.
16:43:09 <INFO> Sampled SMILES COc1cc(Br)cc(CC)c(NC(=O)N(C)C)c1 failed to sanitize.
16:43:09 <INFO> Sampled SMILES CCOc1cc(C=CC(=O)N(C)C(CC)C(=O)N2CCN(C(C)C)CC2)cc([N+](=O)[O-])cc1OC failed to sanitize.
16:43:09 <INFO> Sampled SMILES Cc1cc(N2CCN(C(=O)Nc3cccc(F)c3)CC2)n2ncc(C#N)c2s1 failed to sanitize.
16:43:09 <INFO> Sampled SMILES O=C(Nc1ccc(-c2nc(N=NN)sc3c(Br)cccc23)cc1)O failed to sanitize.
16:43:09 <INFO> Sampled SMILES COC(=O)CN1C(=O)c2ccc(-c3cccc(Cl)c3)cc2C=O1 failed to sanitize.
16:43:09 <INFO> Sampled SMILES c1(N=Nc2c(C)noc2C)cc(C)cc1N failed to sanitize.
16:43:09 <INFO> Sampled SMILES Cn1c(Cl)c(C)c(-c2noc(CCNS(=O)(=O)c3ccccc3F)n2)c(C#N)c1CCO failed to sanitize.
16:43:09 <INFO> Sampled SMILES c1(N=Nc2c(F)cc(OC(F)F)cc2)sc(C(=O)OC)c1-c1ccccc1 failed to sanitize.
16:43:09 <INFO> Sampled SMILES COC1(C(O)c2nc(N=Nc3cccc(Cl)c3)c(C)no2)(OC)CC1 failed to sanitize.
16:43:09 <INFO> Sampled SMILES COc1ccc2c(N(C)Cc3ccccc3)c(C#N)cncc2c1 failed to sanitize.
16:43:09 <INFO> Sampled SMILES Cc1c(N=Nc2ccc(C(=O)NC)cc2)ccccc1 failed to sanitize.
16:43:09 <INFO> Sampled SMILES Cc1c(N=Nc2c(F)c(F)c(C#N)c([N+](=O)[O-])c2)ccc(C#N)c(O)c1 failed to sanitize.
16:43:09 <INFO> Sampled SMILES O=C(NC(C(=O)N1Cc2ccc(N=Nc3ccc(OC)cc3)cc2c1)c1ccccc1)C(O)Cc1ccccc1 failed to sanitize.
16:43:09 <INFO> Sampled SMILES Cc1c(C(=O)NC(C)CCNC(=O)CNS(=O)(=O)c2ccc(C)c(C)c2)ccc(F)c([N+](=O)[O-])c1 failed to sanitize.
16:43:09 <INFO> Sampled SMILES Cc1c(C)c2c(O)nc(O)c(O)c2sc1NC(=O)CNCCc1cc(Cl)cc(Cl)c1 failed to sanitize.
16:43:09 <INFO> Sampled SMILES CCc1nc2cc(N(C3=NCCCC3)c3c(C)nn(C)c3C)cccc2o1 failed to sanitize.
16:43:09 <INFO> Sampled SMILES COC(=O)c1ccc(OC)cc(-c2cc3oc(=O)cc(C)c3c(C)c2C)c1 failed to sanitize.
16:43:09 <INFO> Sampled SMILES Cc1c(C(=O)N2CCC2C)cc(C)c(C)cc1[N+](=O)[O-] failed to sanitize.
16:43:09 <INFO> Sampled SMILES Cc1c(N)c[n+](c2ccccc2)c(N(C)c2nc(N3CCC3)n(C)n2)cc1 failed to sanitize.
16:43:09 <INFO> Sampled SMILES CCN(CCNC(=O)c1cc(N=Nc2ccc([N+](=O)[O-])cc2)o1)C(C)=O failed to sanitize.
16:43:09 <INFO> Sampled SMILES CCCc1nc(C)c(CNC(=O)C(C)N(C)C(=O)c2cc(N=Nc3ccc([N+](=O)[O-])cc3)o2)s1 failed to sanitize.
16:43:09 <INFO> Sampled SMILES O=c1c(C)cc(N=Nc2ccc(N(CCC#N)C(C)C)cc2)cn1 failed to sanitize.
16:43:09 <INFO> Sampled SMILES N(c1ccccc1)=Nc1(ccccc1Cl)CCO failed to sanitize.
16:43:09 <INFO> Sampled SMILES NC(=Cl)c1sc(N=Nc2ccc(N(CCC#N)C(C)C)cc2)cc1N=O failed to sanitize.
16:43:09 <INFO> Sampled SMILES Cc1cc(C(=O)N(C)C(C)C)cccc1CNCC(c1ccc(C)cc1)N(C)C failed to sanitize.
16:43:09 <INFO> Sampled SMILES N#c1cc(C#N)ccc1-c1cc(N=Nc2ccc([N+](=O)[O-])cc2)ccc1O failed to sanitize.
16:43:09 <INFO> Sampled SMILES NC(=O)c1c(N)ccc(Sc2cc(NCCCO)ccc2C(F)(F)F)cc1F failed to sanitize.
16:43:09 <INFO> Sampled SMILES O=C(Nc1ccccc1)c1c(N=[N+]=Nc2ccc([N+](=O)[O-])cc2)ccc1C(=O)O failed to sanitize.
16:43:09 <INFO> Sampled SMILES N(c1c(C)nn(-c2ccc(O)cc2)c1C=O)c1ccc(N=Nc2c(C(C)=O)oc3ccc(F)cc3c2)cn1 failed to sanitize.
16:43:09 <INFO> Sampled SMILES c1c(N(CCO)CCO)ccc(N=Nc2c(C)cccc2)cc1F failed to sanitize.
16:43:09 <INFO> Sampled SMILES O=C(CN1CCN(Cc2nc(Cl)c3c(C)c(C)sc3[nH]2)CC1)Oc1ccccc1 failed to sanitize.
16:43:09 <INFO> Sampled SMILES C=C(C)c1cc(C#N)cc(N=Nc2c(OC)c(OC)ccc2OC)cc1 failed to sanitize.
16:43:09 <INFO> Sampled SMILES Cc1cc(C(=O)NC(c2ccccc2)C(N)=O)cccc1C(N)=S failed to sanitize.
16:43:09 <INFO> Sampled SMILES c1c(N)c(N=Nc2sc(C)nc2CO)cccc1 failed to sanitize.
16:43:09 <INFO> Sampled SMILES COc1cc(NC(=O)C(C)(NC(=O)c2cc(F)cc(OC)c2)c2ccccc2)cc(S(C)(=O)=O)cc1 failed to sanitize.
16:43:09 <INFO> Sampled SMILES N#Cc1cc(N)c(N(CC#N)Cc2ccc(OC(F)F)cc2)c1 failed to sanitize.
16:43:09 <INFO> Sampled SMILES CC1=NN(c2ccc(C(=O)N3CC(C(=O)NCCN(C)C)N(C)CC3)cc2)=C(N=C)C1=O failed to sanitize.
16:43:09 <INFO> Sampled SMILES CC(NC(=O)c1cc(Br)cc(S(=O)(=O)N(C)C)cc1)C(=O)N1CCNC(=O)C1C failed to sanitize.
16:43:09 <INFO> Sampled SMILES CC(=O)n1ccc2cc(N=Nc3sc(C#N)c(C)c3C#N)c(C#N)ccc21 failed to sanitize.
16:43:09 <INFO> Sampled SMILES COc1ccc(Oc2ccccc2)c(N=Cl)c1 failed to sanitize.
16:43:09 <INFO> Sampled SMILES NC(=O)c1cccc(N(C)c2c([N+]([O-])=O)cc([N+](=O)[O-])cc2[N+]([O-])(=O)=O)c1 failed to sanitize.
16:43:09 <INFO> Sampled SMILES Cc1c(-c2ccc(C(O)c3cccc([N+](=O)[O-])c3)c(C)c2)c(C)n(C)c(C)c1C failed to sanitize.
16:43:09 <INFO> Sampled SMILES Cc1c(N=[N-])ccc(N)c(C)c1C failed to sanitize.
16:43:09 <INFO> Sampled SMILES c1c(CCCC=N=O)ccc(N=Nc2cccc3nsnc23)cc1 failed to sanitize.
16:43:09 <INFO> Sampled SMILES CN(C)c1nc(C(C)=N=O)cc(N=Nc2ccc(NCC#N)cc2)c1C#N failed to sanitize.
16:43:09 <INFO> Sampled SMILES N(=Nc1cccc(C(F)(F)F)c1)=Nc1ccc2ncsc2c1 failed to sanitize.
16:43:09 <INFO> Sampled SMILES N(=Nc1c(C)[nH]nc1C)C(C)(O)c1ccc([N+](=Br)[O-])cc1 failed to sanitize.
16:43:09 <INFO> Sampled SMILES Cc1c(C(=O)NC(CCC2CCCCC2)C(=O)N2Cc3cnc(Cl)cc3C2)ccc(F)cc1[N+](=O)[O-] failed to sanitize.
16:43:09 <INFO> Sampled SMILES N(=Nc1ccc(N(C)C)cc1)c1c(N)sc(N)nc1C failed to sanitize.
16:43:09 <INFO> Sampled SMILES CC(=O)Nc1c(C)cc(C)cc1Sc1ccc(C(=O)C=O)c(N=Nc2ccc([N+]([O-])=O)cc2)cc1 failed to sanitize.
16:43:09 <INFO> Sampled SMILES Oc1nc(N=Nc2ccc(N(CC)C(=O)C3CC3)cc2)ccc(C(F)(F)F)c1 failed to sanitize.
16:43:09 <INFO> Sampled SMILES Cc1ccc(N(CC(=O)O)c2c(C)[nH]nc2C)c(C)cc1N failed to sanitize.
16:43:09 <INFO> Sampled SMILES COc1ccc(NC(C)=O)cc1N(C)CC(C)(C)N#C(C)=O failed to sanitize.
16:43:09 <INFO> Sampled SMILES CN(C)c1ccc(N=Nc2ccc([N+](=O)[O-])cc2)c(Cl)cc1 failed to sanitize.
16:43:09 <INFO> Sampled SMILES CC(NC(=O)C1CCN(c2ncc(C(=O)OC(C)(C)C)cc2-c2ccccc1)(CO)C2)c1ccccc1 failed to sanitize.
16:43:42 <INFO> Sampled SMILES N(c1ccc(N=Nc2c(C)c(C)[nH]c(=O)c2F)c(C(F)(F)F)c1)C#O failed to sanitize.
16:43:42 <INFO> Sampled SMILES c1(N=Nc2c(O)c(NCCO)c(C(N)=O)s2)ccc(C#N)c(N=Nc2c(O)n(C#N)c(N)c(C#N)c2C#N)cc1 failed to sanitize.
16:43:42 <INFO> Sampled SMILES c1(N(CC)CC)ccc(N=Nc2c(Cl)cccc2)c1 failed to sanitize.
16:43:42 <INFO> Sampled SMILES CCC(C)N(C(=O)c1c(NC(=O)C(C)N(C)C)scs1)C1CCCC1 failed to sanitize.
16:43:42 <INFO> Sampled SMILES N#c1ccc(N=Nc2ccc(OC)cc2)cc1 failed to sanitize.
16:43:42 <INFO> Sampled SMILES Oc1c(O)cc(N=Nc2sc(C)c(C(C)=O)c2C)c(F)cc1F failed to sanitize.
16:43:42 <INFO> Sampled SMILES CC(Nc1cc(N=Nc2ccc([N+](=O)[O-])cc2)cc(C(=O)OC(C)(C)C)c1)C#O failed to sanitize.
16:43:42 <INFO> Sampled SMILES Cc1c(Cl)cccc1N(CCCC(=O)CC(=O)NCCC#N)=N failed to sanitize.
16:43:42 <INFO> Sampled SMILES COC(=O)C(CC)(CC)=NNC(=O)c1cccs1 failed to sanitize.
16:43:42 <INFO> Sampled SMILES O=c1oc2ccc(O)cc2c(N=Nc2c(Br)c(Cl)c(Cl)c(Cl)c2[N+](=O)[O-])cc1 failed to sanitize.
16:43:42 <INFO> Sampled SMILES Cc1c(C(=O)N2CCCC(CC(=O)NCc3sccc3C)C2)c(C)n(CC)c(C)c1C failed to sanitize.
16:43:42 <INFO> Sampled SMILES N#Nc1ccc(-c2ccc([N+](=O)[O-])cc2)cc1 failed to sanitize.
16:43:42 <INFO> Sampled SMILES N(C)N=Nc1csc1 failed to sanitize.
16:43:42 <INFO> Sampled SMILES Cc1c(C(=O)NC(C)CNC(=O)c2c(C)cccc2F)ccc(F)cc1[N+](=O)[O-] failed to sanitize.
16:43:42 <INFO> Sampled SMILES COc1c(N=Nc2c(O)cc(F)cc2F)c(F)nc(N(C)C)cc1 failed to sanitize.
16:43:42 <INFO> Sampled SMILES c1(N=Nc2c(C)sc(C(C)=O)c(O)c2C)ccc(C#N)cc1F failed to sanitize.
16:43:42 <INFO> Sampled SMILES Oc1c(N=Nc2sccn2)ccc(F)cc1 failed to sanitize.
16:43:42 <INFO> Sampled SMILES c1(N=Nc2ccc(OC)cc2)csc1N=Nc1ccc(OC)cc1 failed to sanitize.
16:43:42 <INFO> Sampled SMILES N(c1c(C)onc1C)=Nc1c(=O)c2scc(N)cc2[nH]1 failed to sanitize.
16:43:42 <INFO> Sampled SMILES Cc1[nH]c(C=NNc2cccc(Br)c2)c(C#N)c(C)c1N failed to sanitize.
16:43:42 <INFO> Sampled SMILES N(C(=O)C1(c2ccccc2Cl)CCC1)c1cc(N=Nc2ccc([N+](=O)[O-])cc2)s1 failed to sanitize.
16:43:42 <INFO> Sampled SMILES c1(F)c(C#N)ccc1N=Nc1ccc(Br)cc1 failed to sanitize.
16:43:42 <INFO> Sampled SMILES N(c1cc(N=Nc2cc(N)c(NCC(O)CN=Cc3ccsc3)cc2)cc1)=Nc1c(C)cccc1 failed to sanitize.
16:43:42 <INFO> Sampled SMILES CCCC(C)(C)C(=O)N(CC)C(C)(C)C(=O)NCc1cc(C)o1 failed to sanitize.
16:43:42 <INFO> Sampled SMILES N(=Nc1ccccc1)c1ncc(N=Nc2sc(CBr)c3c2CCC3)c(O)[nH]1 failed to sanitize.
16:43:42 <INFO> Sampled SMILES N(=Nc1cc(F)ccc1)=Nc1ccc(N=Nc2ccccc2)cc1 failed to sanitize.
16:43:42 <INFO> Sampled SMILES Cc1cc(C(=O)N(C)C(C)(C)C)cccc1-c1noc(-c2ccc(NS(C)(=O)=O)cc2)n1 failed to sanitize.
16:43:42 <INFO> Sampled SMILES C=C(NC(C)=O)C(=O)N(C)Cc1cccc(NC(=O)c2c(NC(=O)C(C)(C)C)ccc2Cl)s1 failed to sanitize.
16:43:42 <INFO> Sampled SMILES O=c1c(N=Nc2ccc(N(CC)CC)cc2)c(C)nn1CCOC(=O)C(F)(F)F failed to sanitize.
16:43:42 <INFO> Sampled SMILES N(c1ccc(N=Nc2ccc(F)cc2F)c(O)cc1)c1cc(C#N)ccc1 failed to sanitize.
16:43:42 <INFO> Sampled SMILES N(c1cc(N=Nc2ccc(S(=O)(=O)c3c(N)cc([N+](=O)[O-])cc3)nc(N3CCCC3)s2)cc1)F failed to sanitize.
16:43:42 <INFO> Sampled SMILES CN(c1ccc(O)cc1)c1c(N(C)N)c(C(C)(C)C)s1 failed to sanitize.
16:43:42 <INFO> Sampled SMILES N(c1c(N=NC2CCCCCC2)no1)c1ccc([N+]([O-])=O)cc1 failed to sanitize.
16:43:42 <INFO> Sampled SMILES COc1cc(N)cnc1SC(C)(OC)=O failed to sanitize.
16:43:42 <INFO> Sampled SMILES O=c1ccc(N=Nc2c(=O)[nH]c(-c3ccc(F)cc3)c2C=O)cs1 failed to sanitize.
16:43:42 <INFO> Sampled SMILES CS(=O)(=O)CC(=O)N1CCC(c2cc(NC(=O)CN=[N+]=[N-])s2)CC1 failed to sanitize.
16:43:42 <INFO> Sampled SMILES c1(N=Nc2ccc(C(F)(F)F)cc2)c(O)cc(N=Nc2ccc(O)cc2)c1O failed to sanitize.
16:43:42 <INFO> Sampled SMILES CN(C)CCn1cc(-c2scc2C)c(C)n1 failed to sanitize.
16:43:42 <INFO> Sampled SMILES Nc1c(Cl)ccc(SCCCC#N)cc1O failed to sanitize.
16:43:42 <INFO> Sampled SMILES N(=Nc1c(C)[nH]nc1C)=Nc1ccc2nc(C)c(N)n2c1 failed to sanitize.
16:43:42 <INFO> Sampled SMILES N(=Nc1c(C)cc(=O)[nH]c1=O)c1c(C)nn(C)c1C failed to sanitize.
16:43:42 <INFO> Sampled SMILES Oc1c(N=Nc2ccc(N(C)C)cc2)cc(F)c(F)cc1F failed to sanitize.
16:43:42 <INFO> Sampled SMILES c1(N=Nc2ccc(NCCC#N)cc2C)c(C)n[nH]c1=O failed to sanitize.
16:43:42 <INFO> Sampled SMILES N(=Nc1c(C)cccc1)=O failed to sanitize.
16:43:42 <INFO> Sampled SMILES CN(c1ccccc1)S(=O)(=O)c1cc(C(=O)O)cc(N=Nc2cccc([N+]([O-])=O)c2)cc1 failed to sanitize.
16:43:42 <INFO> Sampled SMILES N(c1cc(C(F)(F)F)cc(N=Nc2cccc([N+]([O-])=O)c2)nn1)C(O)CC failed to sanitize.
16:43:42 <INFO> Sampled SMILES N(c1c2ccccc2)cnn1C failed to sanitize.
16:43:42 <INFO> Sampled SMILES c1(N=Nc2cc(F)ccc2)ccc(C)c(NCCC2CCCCN2CCO)cc1 failed to sanitize.
16:43:42 <INFO> Sampled SMILES CCc1ccc(C(=O)Cc2nc3cc(N=Nc4ccccc4)sc3c2)c(C)c1 failed to sanitize.
16:43:42 <INFO> Sampled SMILES OC(c1nc(N=Nc2sc(N(CC)CCN3CCOCC3)nc(N=Nc3cc(C)on3)c2)cn(C)c1=O)C(F)(F)F failed to sanitize.
16:43:42 <INFO> Sampled SMILES Cc1cc(C)c(NCCC#N)c2c(C)c(CCC#N)c(C)cc2c1 failed to sanitize.
16:43:42 <INFO> Sampled SMILES N(=Nc1c(O)cccc1)=Nc1c(C)nn(-c2ccccc2)c1OC failed to sanitize.
16:43:42 <INFO> Sampled SMILES COc1ccnc(N(c2c(OC)ccc(NS(C)(=O)=O)c2C)(C(C)C)C(C)C)c1 failed to sanitize.
16:43:42 <INFO> Sampled SMILES N(c1c(C)n[nH]c1=O)c1ccc(N=Nc2c3c(cc4c2C(C)CCC4)CCC3)cc1 failed to sanitize.
16:43:42 <INFO> Sampled SMILES N(c1c(C#N)cnc2c(N(C)c3nc(N4CCCC4)c(O)c(C)n3)c(C)cc12)C failed to sanitize.
16:43:42 <INFO> Sampled SMILES N#Nc1c(C)nn(C)c1(C)=Nc1cc(N=Nc2cc(Cl)ccc2[N+](=O)[O-])c(C)c1 failed to sanitize.
16:43:42 <INFO> Sampled SMILES N(c1ccc(N=Nc2c(C)onc2C)c(C#N)c(C#N)c1)C#N failed to sanitize.
16:43:42 <INFO> Sampled SMILES Oc1c(C(F)(F)F)ccc(N)cc1 failed to sanitize.
16:43:42 <INFO> Sampled SMILES O=C(NCCCO)c1c(NCCCOc2c(C)cccc2)ccc1F failed to sanitize.
16:43:42 <INFO> Sampled SMILES c1ccc(N=Nc2cc(C)n[nH]c2)cc1N=Nc1ccc(CCC#N)cc1 failed to sanitize.
16:43:42 <INFO> Sampled SMILES OC(c1ccc(N=Nc2c(C#N)cc(Cl)cc2)cc1)(C)(C)[N+] failed to sanitize.
16:43:42 <INFO> Sampled SMILES Oc1c(N=Nc2c(Cl)cc(C)cc2)ccccc1 failed to sanitize.
16:43:42 <INFO> Sampled SMILES COc1cc(C=C(C#N)C(=O)OC)ccc(Br)c1OC failed to sanitize.
16:43:42 <INFO> Sampled SMILES F[N+](=O)(C(F)(F)F)c1cc(N=Nc2c(C)cc([N+]([O-])=O)cc2C)ccc1N failed to sanitize.
16:43:42 <INFO> Sampled SMILES N1ccc(O)c(N=Nc2c(C)onc2C)c1 failed to sanitize.
16:43:42 <INFO> Sampled SMILES CCN(C(=O)c1cccc(N=Nc2ccc(N(CC)CC)cc2)c1)(C)C(C)=O failed to sanitize.
16:43:42 <INFO> Sampled SMILES CN(C)c1cc(C)c(N=Nc2ccc(N=Nc3c(N=C(C)=O)cccc3c(OC)c3c(O)nc(C#N)c(C#N)c23)c(C)n1)c1ccccc1 failed to sanitize.
16:43:42 <INFO> Sampled SMILES CC(C)C(=O)Nc1ccc(C(=O)COc2cccoc2)cc1 failed to sanitize.
16:43:42 <INFO> Sampled SMILES C=C(C)C(=O)NCC(=O)Nc1ccccc1NS(=O(=O)=O)c1ccccc1 failed to sanitize.
16:43:42 <INFO> Sampled SMILES C=C(F)C(=O)N(CCC)CC(=O)N(C)C(C)c1cccc(N(C)C)cc1 failed to sanitize.
16:43:42 <INFO> Sampled SMILES O=C(NC1(C(=O)NCc2c3ccccc3s2)CCC1)c1cc(F)c(F)c(Cl)c1 failed to sanitize.
16:43:42 <INFO> Sampled SMILES Cc1ccc(NC(=O)C=CC(=O)Nc2cnc(C(=O)N3CCC(C)CCC3c3cccn3)s2)cc1 failed to sanitize.
16:43:42 <INFO> Sampled SMILES c1(N=Nc2ccccc2)oc(C)n1 failed to sanitize.
16:43:42 <INFO> Sampled SMILES COc1cc(N(C)C)ccc1NC(=O)c1ccc(N(N=Nc2ccc([N+](=O)[O-])cc2)ccc1C)C(C)=O failed to sanitize.
16:43:42 <INFO> Sampled SMILES Cc1cc(C=C(C#N)C(=O)NC(C)(C)CC(=O)N(C)CCO)c(C)n1-c1c([N+](=O)[O-])c(C)c(N=Nc2ccccc2)c(C)cc1[N+](=O)[O-] failed to sanitize.
16:43:42 <INFO> Sampled SMILES c1c(-c2c(N=Nc3ccccc3OCC)cccc2)ccc(O)cc1 failed to sanitize.
16:43:42 <INFO> Sampled SMILES Cn1cc(N=Nc2c(C)onc2C)c(C#N)c(=O)c1C=O failed to sanitize.
16:43:42 <INFO> Sampled SMILES N(c1c(F)cccc1N=Nn1c(=O)c(C=N=CCC#N)no1)=NC(N)=O failed to sanitize.
16:43:42 <INFO> Sampled SMILES Oc1c(C(=O)c2c(F)cccc2C(F)(F)F)ccc(F)cc1 failed to sanitize.
16:43:42 <INFO> Sampled SMILES COc1cc([N+](=O)[O-])cc([N+](=O)[O-])cc1N=Nc1sc(C)nc1C failed to sanitize.
16:43:42 <INFO> Sampled SMILES N(c1cc2c(N(C)C)cccc2n1)C1CCN(C(=O)OC(C)(C)C)CC1 failed to sanitize.
16:43:42 <INFO> Sampled SMILES COc1c(N)ncnc[n+]1Nc1c(C)cccc1CO failed to sanitize.
16:43:42 <INFO> Sampled SMILES Cc1ccc(N(C)C)c(N=Nc2[nH]c(=O)[nH]cn2)c1 failed to sanitize.
16:43:42 <INFO> Sampled SMILES O=[N+]([O-])c1ccc(COCc2cccc3[O-]cn(CC)c23)nc1 failed to sanitize.
16:43:42 <INFO> Sampled SMILES N(=Nc1ccc(F)cc1)=Nc1ccc(N(C)C)cc1 failed to sanitize.
16:43:42 <INFO> Sampled SMILES Cc1cc(C)c(N=Nc2Sc([O-])ccc2Br)c(C)n1 failed to sanitize.
16:43:42 <INFO> Sampled SMILES c1(N=Nc2ccnc3cc(C(F)(F)F)ccc23)sc(N2CCN(CCO)CC2)n1 failed to sanitize.
16:43:42 <INFO> Sampled SMILES Oc1c(C(F)(F)F)ccc(Sc2cccc3c2[nH]c2ccccc23)c(O)c1F failed to sanitize.
16:43:42 <INFO> Sampled SMILES N#CC(N)N=Nc1cc(C(F)(F)=O)ccc1 failed to sanitize.
16:43:42 <INFO> Sampled SMILES c1(O)nc(N=Nc2c(Cl)cc([N+]([O-])=O)cc2)cccc1 failed to sanitize.
16:43:42 <INFO> Sampled SMILES c1(Cl)c(N=Nc2c(N3CCCCC3)c(C)s2)cccc1 failed to sanitize.
16:43:42 <INFO> Sampled SMILES Cc1cc(N=O)c(C)c(C)c(C)c1C=NNc1c(C)cc(Cl)cc1 failed to sanitize.
16:43:42 <INFO> Sampled SMILES Oc1c(C)ccccc1N=Nc1c(OC)cc(C)cc1 failed to sanitize.
16:43:42 <INFO> Sampled SMILES c1cc(N=Nc2ccccc2)ccc1NCCC(F)=C(=O)OCC failed to sanitize.
16:43:42 <INFO> Sampled SMILES N(C)c1c(N=Nc2c(C(F)(F)F)cc(S(=O)(=O)O)cc2O)cc(C)c(N)cc1 failed to sanitize.
16:43:42 <INFO> Sampled SMILES N(c1c(N)cccc1)CC=N=Nc1cc(Cl)cc(Cl)c1 failed to sanitize.
16:43:42 <INFO> Sampled SMILES N(=Nc1ccc(N=O)c(-c2ccc(OC(=O)C#N)cc2C)c(C)c1)Cc1ccccc1 failed to sanitize.
16:43:42 <INFO> Sampled SMILES N(c1c(C#N)cc(N=Nc2c(O)nc(C(C)(C)C)s2)n1)C(=O)c1ccccc1 failed to sanitize.
16:43:42 <INFO> Sampled SMILES C=CCN(C(=O)C(c1ccc(OC)cc1)N(C)C(=O)Cc1c(C)c(C)nn(C)c1C)C(C)(C)C failed to sanitize.
16:43:42 <INFO> Sampled SMILES c1([N+](=O)[O-])c(N=Nc2c(OC)cccc2)sc(C(=O)OCC)c(N=Nc2c(C)noc2C)c1 failed to sanitize.
16:43:42 <INFO> Sampled SMILES c1(C)cc(C)c(N(CCC)CCO)c(N=N2CCCC2)c(C(C)C)c1 failed to sanitize.
16:43:42 <INFO> Sampled SMILES CN(C)CC(=O)Nc1ccc(N=Nc2ccc(-c3c([N+](=O)[O-])n(C)c(=O)c(C#N)c3C)c(N)cc2)cc1 failed to sanitize.
16:43:42 <INFO> Sampled SMILES N1CCCN(c2ccc(NCCC#N)ccc2C)CC1 failed to sanitize.
16:43:42 <INFO> Sampled SMILES c1(N=Nc2c(F)c(F)c(N(CC)CC)c(F)c2F)c(C#N)ccc1O failed to sanitize.
16:43:42 <INFO> Sampled SMILES Cc1cc(C(=O)NC2C=CC(C(=O)NCCc3ncnn3C)C2)ccc(C)c1OC(C)C failed to sanitize.
16:43:42 <INFO> Sampled SMILES Cc1ccc(C(C)NC(=O)C(NC(=O)CCC(=O)Nc2sc3c(c2C(N)=O)c(C)c(=O)n3C)C2CC2)cc1 failed to sanitize.
16:43:42 <INFO> Sampled SMILES Oc1c(Sc2ccc(F)c(C(O)C(F)(F)F)c2)cccnc1 failed to sanitize.
16:43:42 <INFO> Sampled SMILES N#Cc1ccc(F)c(N)c(N=Nc1cc([N+]([O-])(=O)[O-])cc([N+]([O-])=O)c1)c1 failed to sanitize.
16:43:42 <INFO> Sampled SMILES CN(c1ccccc1N=Nc1c([N+](=O)[O-])ccc([N+](=O)[O-])c1)=N failed to sanitize.
16:43:42 <INFO> Sampled SMILES c1cc(C(N)=O)ccc1OCC(=O)Nc1ccnn1 failed to sanitize.
16:43:42 <INFO> Sampled SMILES c1(N=Nc2c(C)c(N=[nH]c3c(C)[nH]c(=O)cc3F)s2)ccc(N(C)C)cc1 failed to sanitize.
16:43:42 <INFO> Sampled SMILES COc1cc(N2CCC=C(C)C2)cc([N+]([O-])=O)cc1NCC failed to sanitize.
16:43:42 <INFO> Sampled SMILES Cc1cc([N+](=O)[O-])c(N(C)C)cc1N(c1ccc(N=Nc2ccccc2)c(C(=O)OC)cc1C#N)c1nc([N+](=O)[O-])c([N+]([O-])=O)n1C failed to sanitize.
16:43:42 <INFO> Sampled SMILES Cc1c(N=Nc2sccn2)c(=O)n(-c2ccccc2)c1C failed to sanitize.
16:43:42 <INFO> Sampled SMILES c1c(N=Nc2sccc2)cccc(N=Nc2cc(O)ccc2)c1 failed to sanitize.
16:43:42 <INFO> Sampled SMILES CC(C)N(c1ccc(F)cc1)(C)c1ccccc1 failed to sanitize.
16:43:42 <INFO> Sampled SMILES CN(c1ccc(Cl)cc1)=Nc1ccc(N(CCC#N)CCO)cc1 failed to sanitize.
16:43:42 <INFO> Sampled SMILES N(c1ccc([N+]([O-])(O)=O)cc1)c1c(N=Nc2ccncn2)cccc1 failed to sanitize.
16:43:42 <INFO> Sampled SMILES N(=C#N)C(=O)N1CCOCC1C(=O)Nc1cc([N+](=O)[O-])ccc1N(C)C failed to sanitize.
16:43:42 <INFO> Sampled SMILES CC(Nc1c(N)c(C)c(C#N)c(C)c(=O)c1=O)c1cc(Cl)ccc1N=O failed to sanitize.
16:43:42 <INFO> Sampled SMILES Oc1c(N(C)C)c(N=Nc2c(O)cccc2O)cccc1[N+](=O)[O-] failed to sanitize.
16:43:42 <INFO> Sampled SMILES CN(c1ccc(C(=O)N2CCc3cc(C(=O)N4CCCC4c4nnn[nH]4)c(F)cc3C2)ccn1)[N+](=O)[O-] failed to sanitize.
16:43:42 <INFO> Sampled SMILES N1Cccc(-n2cc(CN=Nc3cc(Cl)ccc3)cc2)c(=O)n1 failed to sanitize.
16:43:42 <INFO> Sampled SMILES Oc1(C)cccc(N=Nc2c(C)n[nH]c2C)c1 failed to sanitize.
16:43:42 <INFO> Sampled SMILES Cc1cc(C)n(C(=O)CC)c(N=Nc2c(F)ccc(F)c2O)n1 failed to sanitize.
16:43:42 <INFO> Sampled SMILES Oc1cc(C)c(N=Nc2ccc(N=Nc3c(O)cccc3)c(C)c2)c(C#O)n1 failed to sanitize.
16:43:42 <INFO> Sampled SMILES Cc1cc(=O)oc2c(O)c(N=Nc3ccc(O)cc3)c(C#N)cc2c1 failed to sanitize.
16:43:42 <INFO> Sampled SMILES COC(=O)c1cc(O)ccc1-c1cc(N=Nc2ccc(N(C)C)cc2)c(OC)c1 failed to sanitize.
16:43:42 <INFO> Sampled SMILES Br[n+](c1cc(N(CC)CCC#N)ccc1)c1ccc(N=Nc2ccccc2)cc1 failed to sanitize.
16:43:42 <INFO> Sampled SMILES COc1cc(NC(=O)C(NC(=O)c2ccc(N=[N+]=[N-])cc2)C(C)OC)c(N(C)C)ccc1[N+](=O)[O-] failed to sanitize.
16:43:42 <INFO> Sampled SMILES COc1c(N(C)c2ccc(OC)cc2)ccc(C)cc1F failed to sanitize.
16:43:42 <INFO> Sampled SMILES CC(c1ccc(F)c(F)c1)N(C(=O)CNCCOC1CCCCO1)c1c(Br)cc(N=Nc2ccccc2)c1 failed to sanitize.
16:43:42 <INFO> Sampled SMILES Oc1c(N=Nc2sc(Cl)cc2)ccc(Cl)cc1 failed to sanitize.
16:43:42 <INFO> Sampled SMILES Oc1cc(C(=O)N2CCC(O)CC2)ccc(F)c1 failed to sanitize.
16:43:42 <INFO> Sampled SMILES N(c1c(C#N)c(N=Nc2ccc(C(=O)C#N)cc2)nc1C(F)(F)F)Cc1ccccn1 failed to sanitize.
16:43:42 <INFO> Sampled SMILES N(c1c(F)c(F)cc([O-]=N)c1F)c1ccc(N=[N+]=[N-])cc1 failed to sanitize.
16:43:42 <INFO> Sampled SMILES N(c1c(C)cc(N=Nc2ccc([N+](=O)[O-])cc2F)cc1)C#O failed to sanitize.
16:43:42 <INFO> Sampled SMILES N(c1c(F)c(F)c(Nc2ccc(N=Nc3ccc([N+](=O)[O-])cc3)cc2)n1)C(F)(F)F failed to sanitize.
16:43:42 <INFO> Sampled SMILES N(c1ccc(N=Nc2c(Cl)cc(N=Nc3ccc([N+](=O)[O-])cc3)cc2)cc1)C#O failed to sanitize.
16:44:13 <INFO> Sampled SMILES N(=Nc1cc(Br)ccc1)(c1c(C)sc(N)cc1CO)c1ccc(N=Nc2c[nH]c(N3CCCC3)c2)cc1 failed to sanitize.
16:44:13 <INFO> Sampled SMILES CN(c1ccccc1)n1cc(C=O)cc(N=Nc2cc([N+]([O-])=O)ccc2)c1 failed to sanitize.
16:44:13 <INFO> Sampled SMILES Cc1c(N=Nc2cc([N+]([O-])=O)ccc2)c(C)cc[nH]1 failed to sanitize.
16:44:13 <INFO> Sampled SMILES O=C(Nc1ccccc1-c1cc(O)cc([N+](=O)[O-])c1)(CO)c1ccc([N+](=O)[O-])cc1 failed to sanitize.
16:44:13 <INFO> Sampled SMILES N(c1ccccc1C=N=Nc1sc(N2CCCCC2)nc(C(C)C)(OC)c1)N failed to sanitize.
16:44:13 <INFO> Sampled SMILES c1c([N+]([O-])=O)c(N=Sc2ccccc2)cc(Nc2cccc(N3CCCC3)c2)cn1 failed to sanitize.
16:44:13 <INFO> Sampled SMILES c1(N=Nc2ccc(C(O)=O)c(OC)c2)c(C)nn1C failed to sanitize.
16:44:13 <INFO> Sampled SMILES CN(CC#N)C(=O)C(NC(=O)C1(NC(=O)OCC2c3ccccc3-c3ccccc32)c(C)s1)C1CC1 failed to sanitize.
16:44:13 <INFO> Sampled SMILES c1(N=Nc2c(F)cccc2F)scc1N=Nc1cc(NCC)ccc1C failed to sanitize.
16:44:13 <INFO> Sampled SMILES c1(N=Nc2c(C)n[nH]c2C)n2c(C)ccc2C1 failed to sanitize.
16:44:13 <INFO> Sampled SMILES Oc1nc(N=Nc2ccc(N(C)C)cc2)cccc1 failed to sanitize.
16:44:13 <INFO> Sampled SMILES OCC(N)N=Nc1c(=O)n(C)c(=O)c(C)c1C failed to sanitize.
16:44:13 <INFO> Sampled SMILES N(c1c(N))c(N)cc(N=Nc2ccccc2)c1 failed to sanitize.
16:44:13 <INFO> Sampled SMILES Cc1cc(N=Nc2ccc(N=Nc3cc(C)on3)c2OC)ccc1 failed to sanitize.
16:44:13 <INFO> Sampled SMILES c1(N=Nc2ccc3c(c2)C(O)(CC)=NN3)ccc(F)cc1 failed to sanitize.
16:44:13 <INFO> Sampled SMILES c1(N=Nc2cc(C#N)ccc2)cccc(N(CCC#N)CCO)cc1 failed to sanitize.
16:44:13 <INFO> Sampled SMILES N(=Nc1ccc(C(F)(F)F)cc1)CC(Cl)=N=Nc1cc([N+]([O-])=O)ccc1 failed to sanitize.
16:44:13 <INFO> Sampled SMILES Oc1cc([N+]([O-])=O)cc1-c1ccc(C=O)c(N=Nc2c(C)cccc2)c1 failed to sanitize.
16:44:13 <INFO> Sampled SMILES N(=Nc1c(O)cccc1)=Nc1ccc(NCCC#N)cc1C failed to sanitize.
16:44:13 <INFO> Sampled SMILES c1(N(CCCCO)CCCC#N)cc(N=Nc2ccccc2C)nc1 failed to sanitize.
16:44:13 <INFO> Sampled SMILES Oc1c(Cl)cc(Cl)c(C=N=F)cc1 failed to sanitize.
16:44:13 <INFO> Sampled SMILES c1(N=Nc2c(F)cc(N3CCNCC3)c(C)cc2)c(F)cc(F)c1F failed to sanitize.
16:44:13 <INFO> Sampled SMILES N(=Nc1cc(=O)c(C)c(N(CC=O)CCO)cc1)=CCO failed to sanitize.
16:44:13 <INFO> Sampled SMILES c1cc([N+](c2ccccc2)c2c(C)c3c(cc2#N)CCC3)ccc1 failed to sanitize.
16:44:13 <INFO> Sampled SMILES Cc1c(N=O)c(Sc2nccs2)c(C)c(C)c(C)c1N failed to sanitize.
16:44:13 <INFO> Sampled SMILES Cc1c(N=Nc2ccc(C#N)cc2)c(=O)n(-c2ccccc2)n1 failed to sanitize.
16:44:13 <INFO> Sampled SMILES N(C)c1ccc(Sc2cccc(N=Nc3c(O)c(C)c(N)c(OC)c23)cc1)C#C failed to sanitize.
16:44:13 <INFO> Sampled SMILES c1c(C)ccc(N=Nc2c(N3CCCC3)cc(C)oc2C)c1 failed to sanitize.
16:44:13 <INFO> Sampled SMILES N(c1ccccc1)(c1ccc(O)cc1)=Nc1ccccc1 failed to sanitize.
16:44:13 <INFO> Sampled SMILES CN(C)c1nc(N(C=C)CC#N)cc(C)c(NC#O)c1O failed to sanitize.
16:44:13 <INFO> Sampled SMILES c1cc(C)c(N=Nc2nc(Cl(Cl)=O)s2)c([N+](=O)[O-])c1 failed to sanitize.
16:44:13 <INFO> Sampled SMILES Cc1c(N=Nc2cc(OC)cc(OC)c2)c(C)cc(C)c(C)c1 failed to sanitize.
16:44:13 <INFO> Sampled SMILES Cc1c(N=Nc2ccc(C#N)cc2)c(=O)n(-c2ccccc2)c1N=Nc1cccc(N)c1 failed to sanitize.
16:44:13 <INFO> Sampled SMILES c1ccc(C#N)c(N=Nc2c(Br)cc(NS(=O)(=O)C)c2N=Nc2c(OC)cc(N3CCCC3)cc2)c1 failed to sanitize.
16:44:13 <INFO> Sampled SMILES C=CC(NC(=O)c1cccc(N(C)=O)c1)C(=O)N1CCN(c2nc(C)cc(=O)[nH]2)CC1 failed to sanitize.
16:44:13 <INFO> Sampled SMILES N(C)N=Nc1cSc([O-])c(C)c1N=Nc1ccc(C#N)cc1 failed to sanitize.
16:44:13 <INFO> Sampled SMILES Cn1ccc2cccc(N(CC#Cc3ccccc3)CC#N)c2c1 failed to sanitize.
16:44:13 <INFO> Sampled SMILES N(c1ccccc1)=Oc1ccccc1 failed to sanitize.
16:44:13 <INFO> Sampled SMILES COc1c(C=O)cnc(N=Nc2c(C)cc(SC)cc2C)cc1C failed to sanitize.
16:44:13 <INFO> Sampled SMILES Oc1cc(N=Nc2c3c(c(C#N)ccc3)n)cccc2cc1 failed to sanitize.
16:44:13 <INFO> Sampled SMILES Cc1cc(C)cc(N(CCCC(=O)Nc2cc(F)ccc2C)=S(N)=O)c1 failed to sanitize.
16:44:13 <INFO> Sampled SMILES N(c1ccc(N=Nc2c[nH]cc(C)c2)cc1)=O failed to sanitize.
16:44:13 <INFO> Sampled SMILES c1(F)c(Sc2cccnc2)c(C)(C)n2ccncc21 failed to sanitize.
16:44:13 <INFO> Sampled SMILES c1(N=Nc2cccnc2)ccc(N=Nc2ccc(Cl)cc2)c1 failed to sanitize.
16:44:13 <INFO> Sampled SMILES Cc1ccc2c(C)c(C=CC(=O)C3CCc4[nH]c(=O)c(C#N)cc4C3=O)c(C)o2c1 failed to sanitize.
16:44:13 <INFO> Sampled SMILES COc1cc(N=Nc2ccc(C)cc2)c(OC)cc1N=cCl[nH]c1ccncc1 failed to sanitize.
16:44:13 <INFO> Sampled SMILES c1(N=Nc2c(F)cc(NC(=O)OC(C)(C)C)cc2)scc1C(=O)C(CBr)=Cc1ccc(N)cc1 failed to sanitize.
16:44:13 <INFO> Sampled SMILES c1(N(C)CC)cccc(N=N=Nc2c(C)[nH]nc2C)c1 failed to sanitize.
16:44:13 <INFO> Sampled SMILES COc1cccc(N2CC(N(C)c3cc(N=Nc4c(C)cc(C)cc4[O-])nn3)CC2)c1 failed to sanitize.
16:44:13 <INFO> Sampled SMILES N(c1c(C)cccc1)OCc1c=nc(-c2ccco2)o1 failed to sanitize.
16:44:13 <INFO> Sampled SMILES c1c(N=Nc2ncc(OC)s2)cc(C)c(F)cc1 failed to sanitize.
16:44:13 <INFO> Sampled SMILES O=[N+]([O-])c1c(Cl)cc(C=N=c2sc(NCC)cc2C(=O)OCC)c(Cl)c1 failed to sanitize.
16:44:13 <INFO> Sampled SMILES c1(N=Nc2c(Cl)cc(NCCC#N)cc2)cc(Br)cc1C#N failed to sanitize.
16:44:13 <INFO> Sampled SMILES CN1CCN(c2cc(N)nc(N=N[n+]3c(C)c(C)c(C)c3C)c2)CC1 failed to sanitize.
16:44:13 <INFO> Sampled SMILES Br1c2c(c([O-])c(OC)c(OC)c1N=Nc1sc(NCCCOCCOCCO)c(C#N)c12)NCCO failed to sanitize.
16:44:13 <INFO> Sampled SMILES Cc1ccc(C)c(N(CCCC(=O)Cc2cc([N+](=O)[O-])cc([N+]([O-])c2)c2c(C)noc2C)=Nc1cccc(O)c1)c1 failed to sanitize.
16:44:13 <INFO> Sampled SMILES CN(c1ccc(N=Nc2c(C)cc(N=Nc3cc([N+]([O-])=O)cc3)c(C)cc2)cc1)CCO failed to sanitize.
16:44:13 <INFO> Sampled SMILES COc1ccc(NC(=O)c2cc(N=Nc3c(C)cccc3)c(C)n2)s1 failed to sanitize.
16:44:13 <INFO> Sampled SMILES N(=Nc1ccc(N)cc1)=Nc1ccc(N(C)CCC#N)cc1 failed to sanitize.
16:44:13 <INFO> Sampled SMILES CN(C)C(=O)CCc1nc(-c2ncc([N+](=O)[O-])c(C)s2)no1 failed to sanitize.
16:44:13 <INFO> Sampled SMILES O=c1c(-c2nc3ccc(F)cc3[nH]2)c(C)nn(C)c1C=O failed to sanitize.
16:44:13 <INFO> Sampled SMILES c1([N+]([O-])=O)cc(N=Nc2ccccc2)cccc1 failed to sanitize.
16:44:13 <INFO> Sampled SMILES c1c(N=Nc2c(F)cccc2F)c(C#N)cccc1Cl failed to sanitize.
16:44:13 <INFO> Sampled SMILES N(c1ncc(N(CC#N)c2c(C)c(C(=O)CBr)c(C#N)cc2[N+](=O)[O-])cn1C)C1CCCC1 failed to sanitize.
16:44:13 <INFO> Sampled SMILES O=C1Cc2ccc(N3OCCCCC3c3ccccc3)c(CO)cc2N1 failed to sanitize.
16:44:13 <INFO> Sampled SMILES c1(OC)ccc(N=Nc2n[nH]c(Nc3ccccc3)n2)c1 failed to sanitize.
16:44:13 <INFO> Sampled SMILES Oc1c(O)cc(N=Nc2ccc(F)cc2)ccc1C(S(=O)(=O)O)c1ccc(N=Nc2ccc(OCC#N)cc2)cc1 failed to sanitize.
16:44:13 <INFO> Sampled SMILES CN(C)=C1CCN(Cc2cc(C#N)ccc2N=Nc2ccccc2)C1 failed to sanitize.
16:44:13 <INFO> Sampled SMILES c1ccnc2c(N3CCOC(O)C3)c(C)nc12 failed to sanitize.
16:44:13 <INFO> Sampled SMILES Oc1c(N=Nc2c(O)ccc3ccc(=O)oc23)c(F)ccc(F)c1F failed to sanitize.
16:44:13 <INFO> Sampled SMILES O=C1Nc2c(ccc([N+](=O)[O-])c2)=NC(c2noc(CCNC(=O)Nc3ccc(N4CCCC4=O)cc3)c2C#O)OC1=O failed to sanitize.
16:44:13 <INFO> Sampled SMILES Cc1ccc(C)c(N2N=C(C)CCC2=O)c(N(C)C)c1 failed to sanitize.
16:44:13 <INFO> Sampled SMILES Oc1c(C(=O)OC)cc(N=Nc2c(Br)cc([N+](=O)[O-])cc2C#N)sc1OC failed to sanitize.
16:44:13 <INFO> Sampled SMILES N(c1cc(C)sc1)c1nc(N=o2ccc(N=[N+]=[N-])cc2)c(C)cc1=O failed to sanitize.
16:44:13 <INFO> Sampled SMILES c1(N(CC)CC)cc(N(C(c2ccccc2)C2CCC2)c2n[nH]c(=O)c2CO)cc1 failed to sanitize.
16:44:13 <INFO> Sampled SMILES Cc1cc(N=Nc2ccc([N+](=O)[O-])cc2)cc(N(C)C)cc1C failed to sanitize.
16:44:13 <INFO> Sampled SMILES Oc1cc(Sc2n[nH]c(OCC#N)c2N)c(CO)ccc1 failed to sanitize.
16:44:13 <INFO> Sampled SMILES CN(c1ccc(C#N)cc1)=NNc1c(C)cccc1Cl failed to sanitize.
16:44:13 <INFO> Sampled SMILES c1(N(C)C)ccc(-c2ccc(C3=NC(C)(C)CO3)cc2)c1 failed to sanitize.
16:44:13 <INFO> Sampled SMILES c1c(N=Nc2c(Cl)cc(Br)cc2C#N)sc(N=O)c(C#N)c1N=Nc1sc([N+]([O-])Cl)cc1 failed to sanitize.
16:44:13 <INFO> Sampled SMILES c1(F)c(N=Nc2ccc(N(CC)CC)c(OC)c2OC)ccc1 failed to sanitize.
16:44:13 <INFO> Sampled SMILES c1c(NC2CCC2)cc(O)ccc1 failed to sanitize.
16:44:13 <INFO> Sampled SMILES N(c1c(Cl)c(Nc=c2CCOCC2)cc1)=Nc1ccc([N+]([O-])=O)cc1 failed to sanitize.
16:44:13 <INFO> Sampled SMILES c1c(OC)cccc1N=Ncc1ccc(N=Nc2ccccc2)cc1 failed to sanitize.
16:44:13 <INFO> Sampled SMILES Cc1cc(C(=O)NC(C(=O)N2CCC(N=[N+]=[N-])CC2)C2CCOCC2)ccc(C)c1C failed to sanitize.
16:44:13 <INFO> Sampled SMILES CN(c1ccccc1N=Nc1c(C)cccc1)=O failed to sanitize.
16:44:13 <INFO> Sampled SMILES c1ccc(C(Nc2ccccc2)=Nc2nc(-c3cc4ccccc4n3S(=O)(=O)c3ccccc3)cc2)cc1 failed to sanitize.
16:44:13 <INFO> Sampled SMILES c1oc(-c2cc(CN3CCCCC3)ccc2Cl)c(C#N)c(OC)c1 failed to sanitize.
16:44:13 <INFO> Sampled SMILES Cc1cc(C(=O)NCCNC(N)=O)cccc1N1CCCC1 failed to sanitize.
16:44:13 <INFO> Sampled SMILES N1c2c(CC)nc(N=O)c(SC3=Nc4ccccc4CC3)cc2C1 failed to sanitize.
16:44:13 <INFO> Sampled SMILES Oc1nc(F)c(N=Nc2ccc(C#N)cc2)ccc1F failed to sanitize.
16:44:13 <INFO> Sampled SMILES c1(C=NN=Nc2ccccc2)ccc(C(O)C)c1 failed to sanitize.
16:44:13 <INFO> Sampled SMILES N(=Oc1ccccc1C=O)N1CCC(N=Nc2ccc(N(CC)CC)cc2)CC1 failed to sanitize.
16:44:13 <INFO> Sampled SMILES N(=Nc1c(OC)ccc(F)c1)=Nc1ccc(NCCC#N)cc1 failed to sanitize.
16:44:13 <INFO> Sampled SMILES CN1CCN(c2ccc(N)c(N=Nc3c(C)cccc3Cl)cc2)CC1 failed to sanitize.
16:44:13 <INFO> Sampled SMILES N(c1c(N(CC)CC)C(C)C)cc(N=Nc2c(OC)cc(OC)cc2[nH]1)C(F)(F)F failed to sanitize.
16:44:13 <INFO> Sampled SMILES c1ccc(N(CC)CC)cc(N=Nc2ccc([N+]([O-])=O)cc2OC)c1 failed to sanitize.
16:44:13 <INFO> Sampled SMILES c1c(F)c(NCCC#N)ccc(N=Nc2ccccc2C)c1 failed to sanitize.
16:44:13 <INFO> Sampled SMILES N(c1ccccc1-c1ccccc1)=N=Nc1cc(C)on1 failed to sanitize.
16:44:13 <INFO> Sampled SMILES N(c1c(C)cc(N(CC=CCC#N)ccc1F)CC)=N failed to sanitize.
16:44:13 <INFO> Sampled SMILES Fc1c(C#N)ccc(N=Nc2ccc(F)cc2)cc1 failed to sanitize.
16:44:13 <INFO> Sampled SMILES Oc1ccc(O)c(N=N=CCCOc2ccc([N+](=O)[O-])cc2)c1 failed to sanitize.
16:44:13 <INFO> Sampled SMILES Oc1c(-c2cc(O)ccc2F)ccc(F)cc1C=O failed to sanitize.
16:44:13 <INFO> Sampled SMILES N(c1c(C)nn(C)c1S(=O)(=O)CBr)=N=Nc1c(C)cccc1 failed to sanitize.
16:44:13 <INFO> Sampled SMILES Oc1c(N=Nc2ccc(C)c(C)c2)cc(C)ccc1 failed to sanitize.
16:44:13 <INFO> Sampled SMILES N(c1ccccc1)=OCCCOCCNc1ccc(Cl)cc1 failed to sanitize.
16:44:13 <INFO> Sampled SMILES c1(N(CCNC(C)=O)c2ccc(Br)cc2)ccc(CN=Nc2c(C(O)=O)cc([N+]([O-])=O)cc2O)c1 failed to sanitize.
16:44:13 <INFO> Sampled SMILES c1c(N=Nc2ccc(N(C)C)cc2)c(C)cn1 failed to sanitize.
16:44:13 <INFO> Sampled SMILES Oc1cc(-c2nc(-c3cnc4ccc(Cl)cn34)no2)cc(C(F)(F)F)cc1 failed to sanitize.
16:44:13 <INFO> Sampled SMILES c1[N+](Nc2nc3c(s2)C(O)CCC3)c(Cl)c(C(N)=O)cc1-c1ccccc1 failed to sanitize.
16:44:13 <INFO> Sampled SMILES c1cc(N=Nc2c(O)n)c(C(F)(F)F)c(OC)cc2cc1O failed to sanitize.
16:44:13 <INFO> Sampled SMILES Cc1ccc(Cl)cc1NS(=O)(=O)c1cc(N=Nc2sccn2C)ccc1N failed to sanitize.
16:44:13 <INFO> Sampled SMILES Oc1c(-c2ccccc2)c(F)cc(C)c2ccccc12 failed to sanitize.
16:44:13 <INFO> Sampled SMILES N#c1ccc(N=Nc2ccc(C(C)C)cc2)c(C)c1 failed to sanitize.
16:44:13 <INFO> Sampled SMILES COc1ccc(NC(=O)NCCC(=O)NCc2ccc(N3CCCCC3)cc2)c1C failed to sanitize.
16:44:13 <INFO> Sampled SMILES Oc1cc(Cl)c(N=Nc2c(Cl)cc(Cl)cc2)c(F)cc1 failed to sanitize.
16:44:13 <INFO> Sampled SMILES c1(C#N)cc(N=Nc2c(N)[nH]c(=O)c(=O)c(=[N+]3)c2COC2CCCCCC23)c(O)n1 failed to sanitize.
16:44:13 <INFO> Sampled SMILES c1c(N=Nc2c(C)ccc(C(F)(F)=O)c2O)c(F)ccc1F failed to sanitize.
16:44:14 <INFO> Sampled SMILES Oc1cc2c(cc1F)c1ccc(Nc)c(N=Nc3ccc([N+](=O)[O-])cc3[N+]([O-])=O)c12 failed to sanitize.
16:44:14 <INFO> Sampled SMILES c1(OC)c(O)cc(N=Nc2sc(Br)s2)cc1 failed to sanitize.
16:44:14 <INFO> Sampled SMILES O=C(c1cc([N+](=O)[O-])(O)ccc1O)N1CCN(S(=O)(=O)c2c(F)c(F)c(F)c(F)c2F)CC1 failed to sanitize.
16:44:14 <INFO> Sampled SMILES Cc1cc(C)c(N=Nc2ccc(F)cc2)c(C)cc1 failed to sanitize.
16:44:14 <INFO> Sampled SMILES CCCCNC(=O)c1c(NCCCc2nc(-c3ccccc3)no2)c(C)s1 failed to sanitize.
16:44:14 <INFO> Sampled SMILES c1(C)cc(N=Nc2n(CC)(CC)c(C)c(C)c2C)sc1 failed to sanitize.
16:44:14 <INFO> Sampled SMILES Cc1c(N=Nc2ccc(Cl)cc2)ccc([N+]([O-])=O)cc1 failed to sanitize.
16:44:14 <INFO> Sampled SMILES N(c1ccc(N=Nc2ccc(N(CC)CC)cc2)c(C(=OCC#N)[N+](=O)[O-])cc1)=O failed to sanitize.
16:44:14 <INFO> Sampled SMILES c1(N(C)C)cc(N)cc1N=Nc1c(F)cc(C(F)(F)F)cc1F failed to sanitize.
16:44:14 <INFO> Sampled SMILES N(=Nc1c(O)nc(N=Nc2[nH]c(=O)ccc2)c1C(=O)(c1ccc(C(F)(F)F)cc1)CO)c1ccc(Br)cc1 failed to sanitize.
16:44:14 <INFO> Sampled SMILES c1c(O)cc(N=Nc2ccc(NC=O)cc2)ccc1 failed to sanitize.
16:44:14 <INFO> Sampled SMILES N(c1ccc(N(CCC#N)CCC#N)cc1)=Nc1c(C)c([N+](=O)[O-])cc1[N+](=O)[O-] failed to sanitize.
16:44:14 <INFO> Sampled SMILES N(c1ccc(N(C)C)cc1)=Nc1c(C)c(C)cc1 failed to sanitize.
16:44:14 <INFO> Sampled SMILES O=[N+]([O-])c1cc(F)c(F)c(N(CCC#N)CC)cc1 failed to sanitize.
16:44:14 <INFO> Sampled SMILES c1(F)c(N=NN2cnc(N3CCCC3)c(C)c2)cc(NCC)c1 failed to sanitize.
16:44:14 <INFO> Sampled SMILES CN(c1cccc(Cl)c1)=OC failed to sanitize.
16:44:14 <INFO> Sampled SMILES Oc1ncc(N=Nc2c(C)[nH]nc2C)ccc1F failed to sanitize.
16:44:14 <INFO> Sampled SMILES Fc(NC(c1ccccc1)c1cccc([N+](=O)[O-])c1)c1ccccc1 failed to sanitize.
16:44:14 <INFO> Sampled SMILES c1c(NSCCN2CCCCCC2)ccc(Cl)cc1 failed to sanitize.
16:44:14 <INFO> Sampled SMILES CCN(c1c(N=Nc2c([N+](=O))cccc2)c[nH]c2c1CCC2)C(C)C(C)C failed to sanitize.
16:44:14 <INFO> Sampled SMILES CN(c1c(N=Nc2cc(C)c(C)cc2)cc(C)n1)CC failed to sanitize.
16:44:14 <INFO> Sampled SMILES c1cc(N=Nc2cccnc2)cccc1 failed to sanitize.
16:44:14 <INFO> Sampled SMILES C#Cc1ccc(C(=O)NCc2cc(C(=O)N(C)c3ccc(F)c(Cl)c3)cc([N+](=O)[O-])cc2)cc1 failed to sanitize.
16:44:14 <INFO> Sampled SMILES Oc1ncc(CN=Nc2ccc(N(C)C)cc2)ccc1N failed to sanitize.
16:44:14 <INFO> Sampled SMILES c1(F)cc(N=Nc2ccc(OC)cc2)cc1 failed to sanitize.
16:44:14 <INFO> Sampled SMILES O=c1c(N=Nc2sc(Br)nc2-c2ccccc2)cccc1C(=O)O failed to sanitize.
16:44:14 <INFO> Sampled SMILES c1(Nc2ccc(N=Nc3ccc(N(CC)CC)cc3)cc2)CCCc2ccccc21 failed to sanitize.
16:44:14 <INFO> Sampled SMILES N(=Nc1ccc(OC)c(N=O)cc1)c1cccc(C#N)c1 failed to sanitize.
16:44:14 <INFO> Sampled SMILES c1c([N+]([O-])=O)cc(N=Nc2c(C(F)(F)F)cccc2)ccc1 failed to sanitize.
16:44:14 <INFO> Sampled SMILES c1(N=Nc2n(C)coc2F)cc(F)cc1 failed to sanitize.
16:44:14 <INFO> Sampled SMILES CN(CC(=O)Nc1ccc(N=Nc2cc(N(C)C)cc2)cc1)C(=O)C1CCC(C#N)CC1 failed to sanitize.
16:44:14 <INFO> Sampled SMILES N(c1c(C#N)c(C)c(=O)[nH]c1=O)CCOC(C)(OC)C=O failed to sanitize.
16:44:14 <INFO> Sampled SMILES COc1ccccc1NS(=O)(=O)c1cc(N=Nc2ncnc[nH]2)c([N+](=O)[O-])cc1F failed to sanitize.
16:44:14 <INFO> Sampled SMILES c1(N(CCO)C(C)C)c2ncc(NC(=O)OC(C)(C)C)sc2c1 failed to sanitize.
16:44:14 <INFO> Sampled SMILES Oc1cc(N=Nc2ccc(NC)cc2)cccc1 failed to sanitize.
16:44:14 <INFO> Sampled SMILES Cc1nc(N)c(N)c(N(C)C)c(-n2cccn1)(C#N)N2 failed to sanitize.
16:44:14 <INFO> Sampled SMILES N(C)c1cccc(C(=O)OC)c(SCC#Cc2cccc([N+](=O)[O-])c2)c1 failed to sanitize.
16:44:14 <INFO> Sampled SMILES Oc1c(C)cc(N=Nc2ccc(O)cc2)ccc1 failed to sanitize.
16:44:14 <INFO> Sampled SMILES CN(C)c1nc2c(c(N)c(N=Nc3ccc(C(C)O)cc3)c1C)CCCC2 failed to sanitize.
16:44:14 <INFO> Sampled SMILES Oc1ccc(Cl)c(OCC)c(N=Nc2cccc([N+](=O)[O-])c2)c1 failed to sanitize.
16:44:14 <INFO> Sampled SMILES N(c1cc(C(=O)C)ccc1OCCCN1CCCCC1)=N=Nc1sc2[nH]ncc2n1 failed to sanitize.
16:44:14 <INFO> Sampled SMILES N(=Nc1c(O)cc(N)cc1)=Nc1c(F)c(F)c(C#N)c([N+](=O)[O-])c1 failed to sanitize.
16:44:14 <INFO> Sampled SMILES COc1ccc(C(=O)NC(C)C(=O)N2CCN(C(=O)c3cccn3)CC2)cc1Cl failed to sanitize.
16:44:14 <INFO> Sampled SMILES O=c1c(Cl)c(N=Nc2c(C)c(C#N)c(=O)[nH]c2=O)ccc1C(F)(F)F failed to sanitize.
16:44:14 <INFO> Sampled SMILES CN(c1c(Br)ccc(N=Nc2ccc(C#N)cc2)c1)=[N+]=[N-] failed to sanitize.
16:44:14 <INFO> Sampled SMILES c1(C)ncc(N=Nc2ccc(C(F)(F)F)cc2)c(N=Nc2c(O)n([O-])c(C(F)=O)c(=O)n2C)c1C failed to sanitize.
16:44:14 <INFO> Sampled SMILES Oc1c(Br)cc(N=Nc2c(O)n(c(C)c(=O)c(=O)n2C)c2ccc(Cl)cc2Cl)cc1O failed to sanitize.
16:44:14 <INFO> Sampled SMILES c1(N=Nc2cc(F)ccc2)c2c(cccc2)CCC1 failed to sanitize.
16:44:14 <INFO> Sampled SMILES N(C)N=Nc1csc1SCC(O)CO failed to sanitize.
16:44:14 <INFO> Sampled SMILES c1cc(N=Nc2ccc(C)cc2)ccc1-c1nc(N=O)c(N=Nc2c([N+]([O-])=O[N+]([O-])[O-][N+](=[N+])[O-])CCC2)nc1C failed to sanitize.
16:44:14 <INFO> Sampled SMILES Oc1c(-c2ccccc2)ccc(F)cc1 failed to sanitize.
16:44:14 <INFO> Sampled SMILES Oc1c(Sc2nccc(O)c2)ccc(F)cc1F failed to sanitize.
16:44:14 <INFO> Sampled SMILES Cc1cccc(N(CC(=O)N2C(C(=O)N(C)c3ccc(C)cc3)CC3CC32)=S)cc1 failed to sanitize.
16:44:14 <INFO> Sampled SMILES c1c(N=Nc2nn(C)c3sc(C#N)cc2-3)ccc(N=Nc2ccc(N(CC)CC)cc2)c1 failed to sanitize.
16:44:14 <INFO> Sampled SMILES c1Nc(CCc2csc3ccc(NBr)cc23)cnc1O failed to sanitize.
16:44:14 <INFO> Sampled SMILES c1(F)c(OC)c(O)c(N=Nc2cc(N(CC)CC)ccc2OC)c1 failed to sanitize.
16:44:14 <INFO> Sampled SMILES Oc1c(N=Nc2ccc(Cl)cc2)ccc(F)cc1C failed to sanitize.
16:44:14 <INFO> Sampled SMILES Oc1nc(N(CC#N)c2c(C)cccc2F)ccc(F)c1 failed to sanitize.
16:44:14 <INFO> Sampled SMILES c1ccc(-c2n[nH]c(C3CCN(c4cc(C(=O)OCC)cnc4)CC3)cc2)cc1 failed to sanitize.
16:44:14 <INFO> Sampled SMILES c1(C)cc(N=Nc2ccc(N(CC)CC)cc2)c(F)c(F)c1N=Nc1scc(C2OCCO2)s1 failed to sanitize.
16:44:14 <INFO> Sampled SMILES c1(N(C)CCOC)ccc(N=Nc2ccccc2)c1 failed to sanitize.
16:44:43 <INFO> Sampled SMILES c1cccc(CF)c(N=Nc2ccccc2)c1 failed to sanitize.
16:44:43 <INFO> Sampled SMILES Oc1c(N=Nc2ccccc2)ccc(O)cc1C failed to sanitize.
16:44:43 <INFO> Sampled SMILES CSC(=O)NC12CC3CC(C1)CC(C(=O)O)(C)(CCCCC(=O)CCC3)C2 failed to sanitize.
16:44:43 <INFO> Sampled SMILES c1(C)nc2nc(N=Nc3c(C#O)cc(C(F)(F)F)cc3)cccc2[nH]1 failed to sanitize.
16:44:43 <INFO> Sampled SMILES N(c1cc(N=Nc2c(C)c(C#N)c(C)n(C)c2=O)cc1C)OCOC failed to sanitize.
16:44:43 <INFO> Sampled SMILES c1c(N=Nc2sc(N3CC3)cnc2C)ccc(OC)c1 failed to sanitize.
16:44:43 <INFO> Sampled SMILES c1cc2nn(C)c(N=Nc3c(C)nn(-c4ccc(C)cc4)c3C)c2c1 failed to sanitize.
16:44:43 <INFO> Sampled SMILES Oc1nc(N=Nc2ccc(OC)c(OC)c2)cccc1 failed to sanitize.
16:44:43 <INFO> Sampled SMILES C#CCOc1ccc(NC(C)=O)c1C#N failed to sanitize.
16:44:43 <INFO> Sampled SMILES c1ccc(N=Nc2c(Br)cc([N+](=O)[O-])cc2[N+]([O-])(OC)=O)cc1 failed to sanitize.
16:44:43 <INFO> Sampled SMILES c1(N=Nc2ccc(Cl)cc2)cc2nc(C)oc2c1 failed to sanitize.
16:44:43 <INFO> Sampled SMILES N(c1ccc(S(=O)(=O)Nn2cc(SCC)ccc2)n1)=Nc1ccc(Cl)cc1 failed to sanitize.
16:44:43 <INFO> Sampled SMILES COc1ccc(NS(C)(=O)=O)c(N=Nc2c([N+](=O)[O-])cccc2)cc1 failed to sanitize.
16:44:43 <INFO> Sampled SMILES c1(N=Nc2ccc(F)cc2)cc(C)c(C#N)c(N=Nc2c(Cl)cc([N+]([O-])=O)cc2)cc1 failed to sanitize.
16:44:43 <INFO> Sampled SMILES N#CCCN(c1ccccc1)(c1ccccc1)C1CCCCC1 failed to sanitize.
16:44:43 <INFO> Sampled SMILES c1ccc(N(c2ccc(C(OCC)(CC)CCC#N)cc2)cc1)=O failed to sanitize.
16:44:43 <INFO> Sampled SMILES c1(NS(=O)(=O)c2ccccc2)c(F)ccc1F failed to sanitize.
16:44:43 <INFO> Sampled SMILES c1(c2ccccc2)c(-c2cccc(N3CCCC3)c2)ccc1F failed to sanitize.
16:44:43 <INFO> Sampled SMILES CCC(NC(N)=O)C(=O)NCCONC(=O)c1cc(N2CCCC2=O)cc(N(C)=O)c1 failed to sanitize.
16:44:43 <INFO> Sampled SMILES c1(N=Nc2ccc(N(CC)CC)cc2)sc(C)n1 failed to sanitize.
16:44:43 <INFO> Sampled SMILES c1c(O)cc(N=Nc2c(OC)cc(N(CCC#N)CCC#N)cc2)ccc1 failed to sanitize.
16:44:43 <INFO> Sampled SMILES N#Nc1cc(C)c(N=Nc2cc(C)cc(C)c2)c(C)c1 failed to sanitize.
16:44:43 <INFO> Sampled SMILES NC(=O)c1c(N=Nc2nnc(-c3ccccc3)o2)csc1N=Nc1c(OC)c(N=Nc2c([N+](=O)[O-])ccc3c([O-])noc23)cc1 failed to sanitize.
16:44:43 <INFO> Sampled SMILES c1(N=Nc2c(N3CCOCC3)cc([N+]([O-])=O)c2-c2c(OC)cccc2O)ccc2n(cccc2)c1 failed to sanitize.
16:44:43 <INFO> Sampled SMILES c1c(Nc2cccc3c2cnn3C2CCCCO2)c(C)c(C)n1 failed to sanitize.
16:44:43 <INFO> Sampled SMILES c1c([N+](=O)[O-])ccc(N=Nc2c(C)cc(N=Nc3ccccc3N3CCOCC3)c2)c1Cl failed to sanitize.
16:44:43 <INFO> Sampled SMILES c1nc(N=Nc2ccc(F)c(F)c2)ccc1N=Nc1c(C(C)C)c[nH]c1=O failed to sanitize.
16:44:43 <INFO> Sampled SMILES c1(N=Nc2ccc(Cl)cc2)cc2nc(C#N)c(C)cc2n1 failed to sanitize.
16:44:43 <INFO> Sampled SMILES c1(F)cc(N=Nc2c(C)onc2C)cc1 failed to sanitize.
16:44:43 <INFO> Sampled SMILES c1c([N+]([O-])=O)c(N=Nc2ccc(OC)cc2)ccc(O)c1OC failed to sanitize.
16:44:43 <INFO> Sampled SMILES c1(N=Nc2ccc([N+](=O)[O-])cc2)ccc(NC(N=Nc2cc(C(F)(F)F)ccc2)C(OCCO)C(O)O)c1C failed to sanitize.
16:44:43 <INFO> Sampled SMILES c1(Br)cccc2ccc(N=Nc3sc4c(n3)CCC4)cc2c1 failed to sanitize.
16:44:43 <INFO> Sampled SMILES c1(N=Nc2ccc(NC(=O)CC)cc2)ccc(CN=[N+](c2ccccc2)C(OC)=O)c1C failed to sanitize.
16:44:43 <INFO> Sampled SMILES Oc1c(N=Nc2c(C)cccc2)cc(O)c(C)c(C(O)=O)c1 failed to sanitize.
16:44:43 <INFO> Sampled SMILES c1c(C)c(-c2ccccc2)c(C)cc1N=Nc1nns1 failed to sanitize.
16:44:43 <INFO> Sampled SMILES c1c(N=Nc2cc(C)cc(C)c2)ccc(N(CCO)CCC#N)cc1 failed to sanitize.
16:44:43 <INFO> Sampled SMILES O=[N+](c1ccc(Br)cc1)(OC(F)c1cc(C(F)(F)F)ccc1[N+](=O)[O-])CCCC[N+](=O)[O-] failed to sanitize.
16:44:43 <INFO> Sampled SMILES N(c1c(C#N)c(C)c(N=Nc2ccc(OC)cc2)n(C)c1-c1nccs1)C failed to sanitize.
16:44:43 <INFO> Sampled SMILES c1c(NCCC#N)cccc(N=Nc2ccccc2)c1 failed to sanitize.
16:44:43 <INFO> Sampled SMILES Oc1c(SCCC#N)ccccc1OC failed to sanitize.
16:44:43 <INFO> Sampled SMILES Cc1cc(F)c(N=Nc2c([N+](=O)[O-])cc(Br)cc2C(F)(F)F)c([N+](=O)[O-])cc1 failed to sanitize.
16:44:43 <INFO> Sampled SMILES c1ccccc1Cl=Nc1c(C)cccc1 failed to sanitize.
16:44:43 <INFO> Sampled SMILES c1(C)cc(N=Nc2ccc(C(F)(F)F)cc2)c2c(C)c(N=N3CCOCC3)sc2n1 failed to sanitize.
16:44:43 <INFO> Sampled SMILES c1c(C(F)(F)F)cc(N=Nc2c(C#N)c(=O)c(C)n(C)c2C)s1 failed to sanitize.
16:44:43 <INFO> Sampled SMILES c1c(F)cc([N+]([O-])=O)c(OC)c1N=Nc1sc2c(S(C)(O)=O)ccc2c1Br failed to sanitize.
16:44:43 <INFO> Sampled SMILES c1cc(F)c(N=Nc2ccc(NC(=O)C)cc2)ccc1N failed to sanitize.
16:44:43 <INFO> Sampled SMILES N(c1c(C)onc1C)=Nc1c(=O)cc(Cl)cc1Cl failed to sanitize.
16:44:43 <INFO> Sampled SMILES N#Nc1cc(C)c(-c2ccc(CCN=[N+]=[N-])cc2)c1O failed to sanitize.
16:44:43 <INFO> Sampled SMILES C[N+](C)(C)CCOC(c1ccc(N=Nc2ccc([N+](=O)[O-])cc2)cc1)(C(F)(F)F)=O failed to sanitize.
16:44:43 <INFO> Sampled SMILES c1(O)nccc1N=Nc1c(C)cccc1 failed to sanitize.
16:44:43 <INFO> Sampled SMILES c1cccc2nc3sc(NCCCCCN4CCCC4)cc3c1C2 failed to sanitize.
16:44:43 <INFO> Sampled SMILES N(=Nc1ccc(N)c(N=Nc2cccc(C#N)c2)c(C)c1)(C)O failed to sanitize.
16:44:43 <INFO> Sampled SMILES Oc1c(-c2ccc3sccc3c2)c(OC)c(F)ccc1 failed to sanitize.
16:44:43 <INFO> Sampled SMILES c1(CCN(c2ncc3nc[nH]c3n2)c2ccccc2)nc(NBr)s1 failed to sanitize.
16:44:43 <INFO> Sampled SMILES c1(C#N)cc(C(F)(F)C(F)(F)Oc2ccccc2)cc1 failed to sanitize.
16:44:43 <INFO> Sampled SMILES Oc1cc(N(CC)CCC#N)cc(N=Nc2ccc(C(=O))C3CCN3C)cc2c1 failed to sanitize.
16:44:43 <INFO> Sampled SMILES N[N+](=O)(=O)c1ccc(N=Nc2ccc(Br)cc2)cc1 failed to sanitize.
16:44:43 <INFO> Sampled SMILES c1c(O)cc(N=Nc2ccc(N(CC)CC)c(F)c2)ccc1 failed to sanitize.
16:44:43 <INFO> Sampled SMILES N(C)N=Nc1c(Br)ccc1N=Nc1ccc([N+](=O)[O-])cc1 failed to sanitize.
16:44:43 <INFO> Sampled SMILES N(=Nc1ccc(F)cc1)=Nc1ccc([N+](=O)[O-])cc1 failed to sanitize.
16:44:43 <INFO> Sampled SMILES c1(Cl)cc(Br)cc1N=Nc1c(O)ncnc1C failed to sanitize.
16:44:43 <INFO> Sampled SMILES c1c(N=Nc2ccc(C)c(O)c2)c(C)onc1C failed to sanitize.
16:44:43 <INFO> Sampled SMILES N(c1c(C)cncc1)=OCCNCC(O)c1ccccn1 failed to sanitize.
16:44:43 <INFO> Sampled SMILES c1c(N=Nc2c(C)[nH]nc2C)c(C#N)c(C#N)cc(C)c1 failed to sanitize.
16:44:43 <INFO> Sampled SMILES c1(N=Nc2c(C)cccc2)ccc(C)c(NCCC#N)cc1 failed to sanitize.
16:44:43 <INFO> Sampled SMILES CN(c1ccc(C(=O)NN)cc1)=Nc1c(Br)cc(C#N)cc1Br failed to sanitize.
16:44:43 <INFO> Sampled SMILES Cc1c(N=Nc2ccc([N+](=O)[O-])cc2)c(C)c2c1nnn2C failed to sanitize.
16:44:43 <INFO> Sampled SMILES CN(C)c1ccnc(N=Nc2c([N+](=O)[O-])cc(C)cc2)cc1 failed to sanitize.
16:44:43 <INFO> Sampled SMILES c1c(N=Nc2sc(N3CC4CCCCC4)cc3CC2C)c(F)cc2[nH]ncc12 failed to sanitize.
16:44:43 <INFO> Sampled SMILES COc1ccc(N(CCCN(N=O)C)=O)cc1[N+](=O)[O-] failed to sanitize.
16:44:43 <INFO> Sampled SMILES c1(N=Nc2ccnc(Cl)c2)cc([N+]([O-])=O)cc1Br failed to sanitize.
16:44:43 <INFO> Sampled SMILES c1(C(F)(F)F)ccc(N=Nc2ccc(N(CCO)CCO)cc2)c1 failed to sanitize.
16:44:43 <INFO> Sampled SMILES c1c(F)c(Cl)cn(Cc2nn(C)c(=O)c2C)c1=NNC(=O)Cc1c(Cl)cccc1Cl failed to sanitize.
16:44:43 <INFO> Sampled SMILES c1Ncc(-c2ccccc2)cc1N=Nc1c(C#N)cccc1 failed to sanitize.
16:44:43 <INFO> Sampled SMILES c1(Cl)ccc(C#N)c1N=Nc1ccc2cc([N+](=O)[O-])ccc2c1 failed to sanitize.
16:44:43 <INFO> Sampled SMILES N(=Nc1c(OC)cc(NCCC#N)cc1)(C(F)(F)=C(F)F)CCOCCOCCC#N failed to sanitize.
16:44:43 <INFO> Sampled SMILES OC(c1cc(C=NNc2ccc(C(F)(F)F)cc2)cc1)(CCO)CO failed to sanitize.
16:44:43 <INFO> Sampled SMILES c1c2cnc(Sc3cc4c(cc3Br)OCO4)cc2cn1 failed to sanitize.
16:44:43 <INFO> Sampled SMILES CN(c1ccccc1N=Nc1sc(N(C)C)s1)=Nc1scc2nn(C)cc12 failed to sanitize.
16:44:43 <INFO> Sampled SMILES c1(F)c(F)c(N=Nc2c(Br)cc([N+](=O)[O-])cc2)cc1-c1cc(Br)ccc1 failed to sanitize.
16:44:43 <INFO> Sampled SMILES c1(N=Nc2cc(C)ccc2)[nH]c(SCC)c(C#N)cc1 failed to sanitize.
16:44:43 <INFO> Sampled SMILES c1c(N=Nc2c(C)cc(NCCBr)cc2C)sc(N=Nc2ccc(N(CCO)CCO)cc2)cc1 failed to sanitize.
16:44:43 <INFO> Sampled SMILES c1c(NCC#N)ccc(N=Nc2ccc(C#N)cc2)cc1C failed to sanitize.
16:44:43 <INFO> Sampled SMILES Cc1c(C)nnn1CC(=O)NN=C1C=C([N+](N)=O)=N=Nc1c1cc(O)ccc1 failed to sanitize.
16:44:43 <INFO> Sampled SMILES Oc1c(F)cc(F)cc(F)c1N=Nc1c(F)cccc1F failed to sanitize.
16:44:43 <INFO> Sampled SMILES CCc1c(C#N)c(N(C)CC)cc1N failed to sanitize.
16:44:43 <INFO> Sampled SMILES c1(N=Nc2ccc([N+](=O)[O-])cc2)cc(Br)c(-c2ccc(N(C)C)cc2)c1OC failed to sanitize.
16:44:43 <INFO> Sampled SMILES c1(N=Nc2cc(C)ccc2)ccc(N=Nc2c[nH]c(C)n2)c1C failed to sanitize.
16:44:43 <INFO> Sampled SMILES Cc1nc(N=Nc2c(Cl)c(C)cc(C)c2)sc(C)c1NC(=O)COCC(N)=O failed to sanitize.
16:44:43 <INFO> Sampled SMILES Cc1cc([N+](=O)[O-])cc(-c2c(N=O)c(C)cc(C)c2O)cc1C#N failed to sanitize.
16:44:43 <INFO> Sampled SMILES c1(N=Nc2ccc(N(CC)CC)cc2)c2ccccc2[nH]c1=O failed to sanitize.
16:44:43 <INFO> Sampled SMILES c12c(cNC3CCCC3)c(C)cc(O)c2c(=O)o1 failed to sanitize.
16:44:43 <INFO> Sampled SMILES c1(CCN(CC#Cc2ccccc2)CC)cccc1 failed to sanitize.
16:44:43 <INFO> Sampled SMILES c1(N=Nc2c(Cl)cccc2)ccc(Cl)c(NCCC#N)cc1 failed to sanitize.
16:44:43 <INFO> Sampled SMILES COc1c(N(CC)C(=O)C(O)C(C)C)c(C)c(C#N)c(C)c(C#N)c1 failed to sanitize.
16:44:43 <INFO> Sampled SMILES N(c1cc([N+]([O-])=O)n(C)c1)=Nc1c(F)cc(C(OC)=O)ccc1OC failed to sanitize.
16:44:43 <INFO> Sampled SMILES CC(=O)NC1CN(C(=O)c2c(N=Nc3ccc([N+](=O)[O-])cc3)c(C)s2)CC1C failed to sanitize.
16:44:43 <INFO> Sampled SMILES c1(N(CCO)CCO)cccc1-c1c(C)ccc2occc12 failed to sanitize.
16:44:43 <INFO> Sampled SMILES c1(N=Nc2ccc([N+]([O-])=O)cc2)cccc1 failed to sanitize.
16:44:43 <INFO> Sampled SMILES c1(N=Nc2c(N3CCC3)cc(N=Nc3ccc([N+]([O-])=O)cc3)s1)ccc(N=O)c1C2CC1 failed to sanitize.
16:44:43 <INFO> Sampled SMILES c1c(C)c(N=Nc2ccc(N(C)C)cc2)cc([N+](=O)[O-])cc1 failed to sanitize.
16:44:43 <INFO> Sampled SMILES C=Cc1ccc(NC(=O)C#C)c1NC(=O)c1c(F)ccc2[nH]ccc12 failed to sanitize.
16:44:43 <INFO> Sampled SMILES c1(N=Nc2ccc(NCCC#N)cc2)cccc1 failed to sanitize.
16:44:43 <INFO> Sampled SMILES c1(N#CCO)ccc(N=Nc2scc(C(OCC)=O)c2C#N)cc1 failed to sanitize.
16:44:43 <INFO> Sampled SMILES Cc1c(S(=O)(=O)N2CCC(C#N)CC2)sc(C)c(N)c1C failed to sanitize.
16:44:43 <INFO> Sampled SMILES c1cn2c(NCCC#N)scc2C1 failed to sanitize.
16:44:43 <INFO> Sampled SMILES c1(N=Nc2cc(C)ccc2)ccc(C)c(-n2ccc(O)cc2)c1 failed to sanitize.
16:44:43 <INFO> Sampled SMILES CN1CCN(c2ccc(N)c(N=Nc3cc(C)c(N)cc3)cc2)C1=O failed to sanitize.
16:44:43 <INFO> Sampled SMILES c1(F)cccc(F)c(N=Nc2ccc(N(C)C)cc2)c1 failed to sanitize.
16:44:43 <INFO> Sampled SMILES Cc1[nH]c(N=Nc2ccc([N+](=O)[O-])cc2)ccc1 failed to sanitize.
16:44:43 <INFO> Sampled SMILES N(c1c(C)nn(-c2ccccc2)c1=O)CCNCCO failed to sanitize.
16:44:43 <INFO> Sampled SMILES N(C)N=Nc1csc1-c(=O)n failed to sanitize.
16:44:43 <INFO> Sampled SMILES N(=Nc1oc(Cl)c(C)c1)=Nc1ccc(N(CC)CC)c(OC)c1 failed to sanitize.
16:44:43 <INFO> Sampled SMILES Cc1c(F)cccc1NC(=O)NCc1cc(C)o1 failed to sanitize.
16:44:43 <INFO> Sampled SMILES c1(C(N(CC)CC)S(=O)(=O)c2ccc(-c3cc([N+](=O)[O-])ccc3)cc2)cc(C)[nH]c1=O failed to sanitize.
16:44:43 <INFO> Sampled SMILES c1(C(C)C)cc(N=Nc2cc(C)ccc2)cc1 failed to sanitize.
16:44:43 <INFO> Sampled SMILES c1(C)c(C#N)c(C)c(N=Nc2c(C)c(C)ccc2C(OC)=O)c1 failed to sanitize.
16:44:43 <INFO> Sampled SMILES c1oc(-c2ccc(N=Nc3ccccc3)cc2)ccc1 failed to sanitize.
16:44:43 <INFO> Sampled SMILES c1c(C)c(N=Nc2ccc(N(C)C)cc2)cccc1 failed to sanitize.
16:44:43 <INFO> Sampled SMILES N(c1nc(-c2ccc(Cl)nc2)c2c(C#N)cc([N+]([O-])(Br)=O)cc2s1)C failed to sanitize.
16:44:43 <INFO> Sampled SMILES c1(C(F)(F)F)cc(N=Nc2sccc2)cc1 failed to sanitize.
16:44:43 <INFO> Sampled SMILES CN(C)C(=O)Cc1ccc(N=Nc2c([N+]([O-])=O)[O-])cc(NC(=O)CN)cc2C1CCCC=C failed to sanitize.
16:44:43 <INFO> Sampled SMILES c1(F)c(F)c(N=Nc2c(C)cc(N(CCO)CCO)cc2)c(Br)c1Cl failed to sanitize.
16:44:43 <INFO> Sampled SMILES c1(F)ccc(N=Nc2c(C)cccc2)c1 failed to sanitize.
16:44:44 <INFO> Sampled SMILES c1(C)cc(N=Nc2c(C)c(C#N)c(=O)[nH]c2=O)sc1 failed to sanitize.
16:44:44 <INFO> Sampled SMILES c1nc(C)c(N=Nc2nncs2)c(OC)s1 failed to sanitize.
16:44:44 <INFO> Sampled SMILES N(c1c(N=Nc2c(C)c(C)c(C(N)CO)s2)c(OC)cc1)C(COC)C#CC failed to sanitize.
16:44:44 <INFO> Sampled SMILES c1(OC)cc(Br)cc1N=Nc1c(C)cccc1 failed to sanitize.
16:44:44 <INFO> Sampled SMILES c1c(N=Nc2ccc(N(C)C)cc2)c(O)cn(C)c1 failed to sanitize.
16:44:44 <INFO> Sampled SMILES N(=N#CCSc1ccc2c(c1)CCCC2)CC#N failed to sanitize.
16:44:44 <INFO> Sampled SMILES c1(C)c(N=Nc2ccc(N(CC)CC)cc2)c(C#N)c(C#N)c(NC3CC3)cc1 failed to sanitize.
16:44:44 <INFO> Sampled SMILES c1cccc(C#c2ccc(CCNCCc3coc4ccccc34)cc2)c1 failed to sanitize.
16:44:44 <INFO> Sampled SMILES CN(c1c(C)c(N=Nc2cc(C#N)ccc2)cc(N=Nc2ccc(N)cc2)cc1)=O failed to sanitize.
16:44:44 <INFO> Sampled SMILES c1([N+]([O-])=O)cc(F)c(N=Nc2ccc(N(C)C)cc2)c1 failed to sanitize.
16:44:44 <INFO> Sampled SMILES c1cc(O)c2nc(Cl)cc(N=Nc3ccc(N4CCCC4)c(C)c3)cc2c1 failed to sanitize.
16:44:44 <INFO> Sampled SMILES N(=Nc1c(=O)oc(C)c(=O)c1N=Nc1ccc([N+](=O)[O-])cc1)c1c(C)sc(C(C)(C)C)c1 failed to sanitize.
16:44:44 <INFO> Sampled SMILES c1(N=Nc2ccc(C(C)=O)cc2)cc(F)cc1 failed to sanitize.
16:44:44 <INFO> Sampled SMILES c1(C)nc(N)nc1N=Nc1ccccc1F failed to sanitize.
16:44:44 <INFO> Sampled SMILES CN(c1ccccc1)S(=O)(=O)c1ccc(N=Nc2ccc(NC3CC3)c(N=Nc3ccc([N+](=O)[O-])cc3)cc2)cc1 failed to sanitize.
16:44:44 <INFO> Sampled SMILES c1c(N(CC=CCC#N)CC)ccc(F)c(NCCC#N)c1 failed to sanitize.
16:44:44 <INFO> Sampled SMILES CN(c1ccc(N=Nc2ccc(N(C)C)cc2)cc1)(C)C#O failed to sanitize.
16:44:44 <INFO> Sampled SMILES c1n(C)c(N=Nc2ccc(N(CCC#N)CCO)cc2)c(C)[nH]1 failed to sanitize.
16:44:44 <INFO> Sampled SMILES CN(c1ccc(F)cc1)=Nc1ccc(N)cc1 failed to sanitize.
16:44:44 <INFO> Sampled SMILES c1(N=Nc2c(N3CCCC3)ccc([N+]([O-])=O)c2)ccc(C)ccc1 failed to sanitize.
16:44:44 <INFO> Sampled SMILES Oc1ccc(O)c(N=N=Nc2ccc(N(CC)CC)cc2)c1 failed to sanitize.
16:44:44 <INFO> Sampled SMILES c1c(OC)c(N(CCCO)CCO)cc(CC(=O)=Cc2ccccc2)c1O failed to sanitize.
16:44:44 <INFO> Sampled SMILES c1c([N+]([O-])=O)c(N=Nc2c(C)onc2C)c(O)ccc1[N+]([O-])=O failed to sanitize.
16:44:44 <INFO> Sampled SMILES c1(F)(F)Fc(Br)cc(N=Nc2n[nH]c(C)n2)c1 failed to sanitize.
16:44:44 <INFO> Sampled SMILES c1cc([N+]([O-])=O)c(N=Nc2sc(N(CC)CCCl)n2)cc1 failed to sanitize.
16:44:44 <INFO> Sampled SMILES O=[N+](c1cccc(F)c1)=Nc1ccc(N(C)C)cc1 failed to sanitize.
16:44:44 <INFO> Sampled SMILES c1(N#CCC#N)ccc(N=Nc2ccc(Cl)cc2)c1 failed to sanitize.
16:44:44 <INFO> Sampled SMILES Cc1cc(N=Nc2ccc(C#N)cc2)cccc1 failed to sanitize.
16:44:44 <INFO> Sampled SMILES c1c(N=Nc2c(C)noc2C)c([N+](=O)[O-])cccc1OC failed to sanitize.
16:44:44 <INFO> Sampled SMILES CN(c1ccccc1N=Nc1ccc(OC)cc1)=O failed to sanitize.
16:44:44 <INFO> Sampled SMILES [O-]1(F)(F)Foc(COC2CCCN(C(c3ccccc3)c3ccccc3O)C2)c1 failed to sanitize.
16:44:44 <INFO> Sampled SMILES c1cc(N=Nc2(c3ccc(N4CCOCC4)c(C)c3)ccc2F)ccc1 failed to sanitize.
16:44:44 <INFO> Sampled SMILES N(=Nc1c(C)c(C#N)c(C)c(=O)[O-])c(-c2ccc(C(F)(F)F)cc2)c1 failed to sanitize.
16:44:44 <INFO> Sampled SMILES c1(N=Nc2ccccc2Cl)ccc(N(c2ccc(C(=O)=O)cc2)C#N)cn1 failed to sanitize.
16:44:44 <INFO> Sampled SMILES c1cccc(Cl)c1OCCC#c1ccccc1 failed to sanitize.
16:44:44 <INFO> Sampled SMILES N(c1ccccc1)=Oc1ccc(N=Nc2n[nH]cc2)cc1 failed to sanitize.
16:44:44 <INFO> Sampled SMILES c1cc(N=Nc2c(O)nc[nH]c2)ccc1 failed to sanitize.
16:44:44 <INFO> Sampled SMILES c1c(N2CC(F)C(NCc3cccs3)c3c([O-])ccc3)cccc2n1 failed to sanitize.
16:44:44 <INFO> Sampled SMILES N(CCO)(c1cc(C)c(N=Nc2ccccc2[N+](N(C)=O))cc1)S(=O)(=O)O failed to sanitize.
16:44:44 <INFO> Sampled SMILES Oc1c(Cl)cc(N=Nc2c(C)n(C)n(-c3ccccc3)c2)cc1F failed to sanitize.
16:44:44 <INFO> Sampled SMILES c1cc(N(CC)CC)c(N=Nc2ccccc2)ccc1C=O failed to sanitize.
16:44:44 <INFO> Sampled SMILES c1([N+]([O-])=O)ccc2c(N=Nc3c(Cl)cc([N+](=O)[O-])cc3C#N)scc12 failed to sanitize.
16:44:44 <INFO> Sampled SMILES Oc1c(-c2ccc(OC(F)F)cc2)ccc(Br)cc1 failed to sanitize.
16:44:44 <INFO> Sampled SMILES c1c(Cl)c(N=Nc2c(C)noc2C)c(N=Nc2ccc([N+](=O)[O-])cc2Br)ccc1O failed to sanitize.
16:44:44 <INFO> Sampled SMILES c1(C)c(O)cc(N=Nc2sc(-c3ccc(N4CCCC4)c(C#N)c3)n2)cc1 failed to sanitize.
16:44:44 <INFO> Sampled SMILES c1(N=Nc2sc(C)cn2)scn1 failed to sanitize.
16:44:44 <INFO> Sampled SMILES c1c(NCCCSCCC)cc[nH]n1 failed to sanitize.
16:44:44 <INFO> Sampled SMILES COc1c(N=Nc2ccc([N+](=O)[O-])cc2)ccc(S)cc1[N+](=O)[O-] failed to sanitize.
16:44:44 <INFO> Sampled SMILES c1(F)c(N=Nc2c(O)nc(-c3ccccc3)c3ccccc23)c(C)[nH]1 failed to sanitize.
16:44:44 <INFO> Sampled SMILES N(CC)(c1cc(OC)c(C=O)cc1C)=Nc1ccccc1 failed to sanitize.
16:44:44 <INFO> Sampled SMILES Oc1c(Cl)cc(-c2ccccc2)c2ccccc2c1 failed to sanitize.
16:44:44 <INFO> Sampled SMILES c1(N=Nc2ccc(NCCC#N)cc2C)c2ccccc2oc1=O failed to sanitize.
16:44:44 <INFO> Sampled SMILES c1cc(F)c(N=Nc2ccc(N(CC)CC)cc2)ccc1N failed to sanitize.
16:44:44 <INFO> Sampled SMILES CN(c1ccccc1N=Nc1ccccc1)=O failed to sanitize.
16:44:44 <INFO> Sampled SMILES N#Cc1cc(N=Nc2c(Cl)cc(C)cc2Cl)c(OCC)c1[N+](=O)[O-] failed to sanitize.
16:44:44 <INFO> Sampled SMILES CN(c1ccc(N=Nc2ccc([N+](=O)[O-])cc2C#N)cc1)(C)C failed to sanitize.
16:44:44 <INFO> Sampled SMILES c1(N=Nc2ccc(N(C)C)cc2)cnn1C failed to sanitize.
16:44:44 <INFO> Sampled SMILES N(=Nc1c(OC)cc(N(CC)CC)c(C)cc1O)c1ccc(N(CC)CC)cc1O failed to sanitize.
16:44:44 <INFO> Sampled SMILES c1ccc(-n2cncn2)c(N(=O)CCc2ccc(O)c(O)c2)c1 failed to sanitize.
16:44:44 <INFO> Sampled SMILES c1c(N=Nc2cc(F)ccc2)c(F)c(F)c(F)c(F)c1 failed to sanitize.
16:44:44 <INFO> Sampled SMILES c1([N+](=O)[O-])cc(N=Nc2c(C)onc2C)c(C)c1C failed to sanitize.
16:44:44 <INFO> Sampled SMILES c1(C#N)cc(N=Nc2c(O)n(C)c3c(c2C)CCCC3)c(C)n1 failed to sanitize.
16:44:44 <INFO> Sampled SMILES c1c(O)c(-c2noc(-c3ccc(F)c(O)c3)n2)cccc1 failed to sanitize.
16:44:44 <INFO> Sampled SMILES Cc1ccc2nc(CO)nc(N=CCC#N)cc2c1 failed to sanitize.
16:44:44 <INFO> Sampled SMILES c1(N=Nc2ccc(C(F)(F)F)cc2)ccc(NC(=N)c2ccccc2)c1N failed to sanitize.
16:44:44 <INFO> Sampled SMILES c1c(C)nnc(N=Nc2c(C)cc(N(c3ccccc3)(C)c3c(C(=O)CO)cc(N)cc23)c(F)c1)c1ccccc1 failed to sanitize.
16:44:44 <INFO> Sampled SMILES c1c(N=Nc2c(F)cc(F)cc2)c(c2ccccc2)c(N(C)(C)C)cc1[N+](=O)[O-] failed to sanitize.
16:44:44 <INFO> Sampled SMILES c1([N+]([O-])=O)ccc(O)c1Cc1noc(-c2ccc(N=Nc3ccc(N(CC)CC)cc3)cc2)n1 failed to sanitize.
16:44:44 <INFO> Sampled SMILES c1(F)c(N=Nc2ccc(N(CC)CC)cc2)c(Cl)cc1N failed to sanitize.
16:44:44 <INFO> Sampled SMILES c1c(NCCN=NS(=O)(=O)c2ccccc2)c2ccccc2cc2c(N)cccc12 failed to sanitize.
16:44:44 <INFO> Sampled SMILES c1(N=Nc2c(Cl)cccc2Cl)ccc(CN=[N+]=[N-])c1OC failed to sanitize.
16:44:44 <INFO> Sampled SMILES c1c(N#N)ccc(N=Nc2ccc(N(C)C)cc2)cc1Cl failed to sanitize.
16:44:44 <INFO> Sampled SMILES c1(F)c(F)c(N=Nc2c(F)cccc2F)cc1OC failed to sanitize.
16:44:44 <INFO> Sampled SMILES c1cc(N=Nc2c(OC)cc(S([O-])(=O)(=O)CCCBr)cc2)ccc1 failed to sanitize.
16:44:44 <INFO> Sampled SMILES c1c(Br)c([N+](=O)[O-])c(N=Nc2ccc([N+](=O)[O-])cc2)c(O)c(C#N)c1 failed to sanitize.
16:44:44 <INFO> Sampled SMILES CN(c1ccc(C(=O)NN)cc1)=Nc1c(C#N)cccc1[N+]([O-])([O-])=O failed to sanitize.
16:44:44 <INFO> Sampled SMILES c1c(OC)cc(F)c(N=Nc2c(C)c(C#N)c(N=Nc3ccc(C(F)(F)F)cc3)c2)c1 failed to sanitize.
16:44:44 <INFO> Sampled SMILES c1n(C)c(-c2ccc(N=Nc3ccccc3)cc2)c(C)n1C failed to sanitize.
16:44:44 <INFO> Sampled SMILES c1(N=Nc2ccc(C(O)=O)cc2)oc2ccc(NC(=O)CC#N)cc21 failed to sanitize.
16:44:44 <INFO> Sampled SMILES NN(c1ccc(S(N)=O)cc1)=Nc1cccc(OC)c1 failed to sanitize.
16:44:44 <INFO> Sampled SMILES c1c(C(F)(F)F)ccc2c(Cl)c(-c3ccc(N=Nc4c(O)cccc4)cc3)cc12 failed to sanitize.
16:44:44 <INFO> Sampled SMILES c1(N=Nc2ccccc2OC(F)(F)F)c(C)nn1C failed to sanitize.
16:44:44 <INFO> Sampled SMILES Oc1c(Sc2ccc(OC(F)F)c3ncccc23)c(O)nc(C)c(=O)[nH]1 failed to sanitize.
16:44:44 <INFO> Sampled SMILES Cc1c([N+](=O)[O-])cc(C)c(O)c1C=N=Nc1c(NC(C)=O)c(C)sc1C#N failed to sanitize.
16:44:44 <INFO> Sampled SMILES F(c1cc(N=Nc2ccc(N(CC)CC)cc2)c(O)c(O)c1)C failed to sanitize.
16:44:44 <INFO> Sampled SMILES CN(c1ccccc1N=Nc1ccc(Br)cc1)=O failed to sanitize.
16:44:44 <INFO> Sampled SMILES c1c(Br)ccc(F)c(Cl)c1 failed to sanitize.
16:44:44 <INFO> Sampled SMILES Cc1cc(F)c(N=Nc2ccc([N+]([O-])=O)cc2)ccc1 failed to sanitize.
16:44:44 <INFO> Sampled SMILES c1c(Cl)ccc2c1ccc2n(CCCCl)c(c1N=Nc2sc(NC)c(C=O)c2CO)c1 failed to sanitize.
16:44:44 <INFO> Sampled SMILES OC(c1ccc(N=Nc2c(Cl)cc(N=Nc3ccccc3)cc2)c1)C failed to sanitize.
16:44:44 <INFO> Sampled SMILES c1(C)c(N=Nc2ccccc2-c2ccccc2)c(C#N)c(=O)[nH]c1=O failed to sanitize.
16:44:44 <INFO> Sampled SMILES O=C1N(CCO)CCCc2c(C=NO)ccc2OC1CCCCCCCCC(C(=O)OC)C1CC1 failed to sanitize.
16:44:44 <INFO> Sampled SMILES N#Cc1cccc(CNc2cc(N=Nc3ccc([N+](=O)[O-])cc3)s2)c1 failed to sanitize.
16:44:44 <INFO> Sampled SMILES COc1c(C(=O)NCC=CCNC(=O)C2CCN2C(C)=O)cc(C)c(C)cc1 failed to sanitize.
16:44:44 <INFO> Sampled SMILES [O-](n1nnc(C)cc1)n1cc(N=Nc2c(Cl)cc(C)cc2Cl)cc1 failed to sanitize.
16:44:44 <INFO> Sampled SMILES c1(N(CC)c2ccccc2)nc(Sc2ccc(N3CCCCC3)cc2)nc1 failed to sanitize.
16:44:44 <INFO> Sampled SMILES N(c1c(C#N)c(C)[nH]c1=O)c1ccccc1 failed to sanitize.
16:44:44 <INFO> Sampled SMILES c1c(N(CCOCCO)ccc2ccccc2)ccc(NCCCO)c1 failed to sanitize.
16:44:44 <INFO> Sampled SMILES Oc1c(N(CC)CCCC#N)ccc(F)cc1C failed to sanitize.
16:44:44 <INFO> Sampled SMILES c1c(N=Nc2sc(NC3CC3)s2)scc1C#N failed to sanitize.
16:44:44 <INFO> Sampled SMILES N(=Nc1ccc(N)cc1)=Nc1ccc(N(CC)CC)cc1 failed to sanitize.
16:44:44 <INFO> Sampled SMILES c1(N=Nc2c(C)n[nH]c2C)c(C)cc(N(CC)CC)c1 failed to sanitize.
16:44:44 <INFO> Sampled SMILES c1=C(N=Nc2ccccc2O)cccc1 failed to sanitize.
16:44:44 <INFO> Sampled SMILES Cc1ccccc1CCNC(=O)C(C)Sc1nnc2c(C)cccc12 failed to sanitize.
16:44:44 <INFO> Sampled SMILES c1(Cl)c[nH]c(=N)c1N=Nc1c(C(F)(F)F)cc(Br)cc1Cl failed to sanitize.
16:44:44 <INFO> Sampled SMILES CN(C(=O)c1cc(O)cc(N=[N+]=[N-])c1)c1cccc(NC(=O)(C#N)c2ccccc2)c1 failed to sanitize.
16:44:44 <INFO> Sampled SMILES Oc1c(SCCCCCCCCCCO)ccccc1 failed to sanitize.
16:44:44 <INFO> Sampled SMILES N#Nc1ccc(C#N)cc1N=Nc1ccc(N(C)C)cc1 failed to sanitize.
16:44:44 <INFO> Sampled SMILES CN(c1ccc(N(CC)CC)cc1)=Nc1c(C#N)c(=O)[nH]c(=O)n1C failed to sanitize.
16:44:44 <INFO> Sampled SMILES O=[N+]([O-])c1c(N=Nc2ccc([N+](=O)[O-])cc2)ccc(S(=O)=O)cc1 failed to sanitize.
16:44:44 <INFO> Sampled SMILES c1(N=Nc2c(F)nc(O)cc2F)scc1SC failed to sanitize.
16:44:44 <INFO> Sampled SMILES c1(C)c(N=Nc2cc3ncsc3cc2)c2ccccc2n1 failed to sanitize.
16:44:44 <INFO> Sampled SMILES CN(c1ccccc1)S(=O)(=O)c1cc(C(=O)O)cc(N=Nc2c(F)cc(Br)cc2F)cc1 failed to sanitize.
16:44:44 <INFO> Sampled SMILES c1ccc2c(c1)sc1c(N=Nc3c(C)n(C)n(Cl)c3)ccc12 failed to sanitize.
16:44:44 <INFO> Sampled SMILES c1(F)ccc(N=Nc2c(C)onc2C)c1 failed to sanitize.
16:44:44 <INFO> Sampled SMILES Br(c1ccc(N=Nc2ccc(O)cc2)cc1)(CO)CCCC failed to sanitize.
16:44:44 <INFO> Sampled SMILES c1(F)c(N=Nc2ccc(N(C)C)cc2)cc(C)c1 failed to sanitize.
16:44:44 <INFO> Sampled SMILES c1(N=Nc2c(NC)cc(N(CCO)CCOCC)cc(C(F)(F)F)c2)sc(N)cc1 failed to sanitize.
16:44:44 <INFO> Sampled SMILES CN(Cc1nc(-c2ccccc2)n(-c2ccc(S(C)=O)cc2)n1C)=N failed to sanitize.
16:44:44 <INFO> Sampled SMILES CS(=O)(=O)c1ccc(N=Nc2nc(C)c3ccccc3o2)cc1 failed to sanitize.
16:44:44 <INFO> Sampled SMILES Cc1c(N=Nc2cccc(C#N)c2)cnc(N)[nH]1 failed to sanitize.
16:44:44 <INFO> Sampled SMILES c1([N+]([O-])=O)ccc(N=Nc2ccc(F)cc2)c1O failed to sanitize.
16:44:44 <INFO> Sampled SMILES O#C(C)c1c(N=Nc2ccccc2OC(F)F)c(O)ccc1 failed to sanitize.
16:44:44 <INFO> Sampled SMILES c1(NC(=O)CCN=[N+]=Nc2c([N+]([O-])=O)cc(N=Nc3ccc(O)cc3)cc2C(F)(F)F)cccc1 failed to sanitize.
16:44:44 <INFO> Sampled SMILES c1cc(NCCC#N)cc(N(CC)CC)c(OC)c1 failed to sanitize.
16:44:44 <INFO> Sampled SMILES c1(N=Nc2ccc(N(CCC#N)CCO)cc2)ccc2c1c(ncc2)c1[nH]c(=O)ccc1 failed to sanitize.
16:44:44 <INFO> Sampled SMILES Oc1c(N=Nc2c(C)cc([N+](=O)[O-])cc2)ccc(C(F)(F)F)cc1 failed to sanitize.
16:44:44 <INFO> Sampled SMILES c1c(N)c(NCc3ccccc3CO)ccc(Br)c1 failed to sanitize.
16:44:44 <INFO> Sampled SMILES c1ccc(N=Nn2c(C)csc2)cc1 failed to sanitize.
16:44:44 <INFO> Sampled SMILES c1c2cc(C(O)=O)ccc2c(N=Nc2ccccc2)ccc1 failed to sanitize.
16:44:44 <INFO> Sampled SMILES c1c2cc(N(c3ccc(C(O)CO)cc3)c3ccccc3)ccc2o1 failed to sanitize.
16:44:44 <INFO> Sampled SMILES N(c1cccc2nc(N=Nc3c(C)c(C(=O)O)c(N)cc3C)cc1)=NC2 failed to sanitize.
16:44:44 <INFO> Sampled SMILES N(=Nc1n(C)n)c(N=Nc2ccccc2OCC)c(Br)c1 failed to sanitize.
16:44:44 <INFO> Sampled SMILES c1([N+]([O-])=O)cc(Br)c(N=Nc2cc(C)on2)c1OC failed to sanitize.
16:44:44 <INFO> Sampled SMILES Oc1nc(N=Nc2c(C)[nH]nc2C)sc(NCCO)c1N failed to sanitize.
16:44:44 <INFO> Sampled SMILES c1(C)c(N=Nc2ccccc2[N+](=O)[O-])nc2nc(-c3ccccc3)c(-c3cc(N4CCOCC4)ccc3)cc12 failed to sanitize.
16:44:44 <INFO> Sampled SMILES c1(NC(c2ccccc2)C2CC2)c[nH]cc1=O failed to sanitize.
16:44:44 <INFO> Sampled SMILES CN(c1ccccc1N=Nc1cccnc1)=O failed to sanitize.
16:44:44 <INFO> Sampled SMILES N(=Nc1c(C)n[nH]c1C)c1sc(N=Nc2ccc(S(=O)(=O)N)cc2)n1 failed to sanitize.
16:44:44 <INFO> Sampled SMILES c1c(N=Nc2c(C)c(C#N)c(=O)[nH]c2=O)ccc(Br)c1 failed to sanitize.
16:44:44 <INFO> Sampled SMILES N(=Nc1ccc(Br)cc1)=Nc1ccc(N(C)C)cc1 failed to sanitize.
16:44:44 <INFO> Sampled SMILES c1ccccc1C=N=Nc1nns1 failed to sanitize.
16:44:44 <INFO> Sampled SMILES c1c(-c2ccccc2)sc(N=Nc2ccc(N(CC)CC)cc2)cc1 failed to sanitize.
16:44:44 <INFO> Sampled SMILES c1(N=Nc2ccc(N(CCCl)CCC#N)s2)c2ccccc2oc1=O failed to sanitize.
16:45:15 <INFO> Sampled SMILES c1cn(-c2c(N=Nc3sc(C)nn3)ccc2C)c(C#N)c(N=[nH]c2ccccc2)c1 failed to sanitize.
16:45:15 <INFO> Sampled SMILES c1([N+]([O-])=O)cc(N=Nc2c(N3CCCC3)c(OC)[nH]c2C)cccc1 failed to sanitize.
16:45:15 <INFO> Sampled SMILES c1cc(N(CC#N)CC)c(N=Nc2ccc(OCCO)cc2)ccc1 failed to sanitize.
16:45:15 <INFO> Sampled SMILES c1(N=Nc2cccc(OC)c2)c(C)cc(N=Nc2ccc([N+](=O)[O-])cc2)c1 failed to sanitize.
16:45:15 <INFO> Sampled SMILES c1(N=Nc2ccc(NC(C)=O)cc2)c(Br)ccc1 failed to sanitize.
16:45:15 <INFO> Sampled SMILES c1(N=Nc2ccccc2)c(OC)c(N=[nH]2cccn2C)c(C(OCC)=O)c1 failed to sanitize.
16:45:15 <INFO> Sampled SMILES c1(N=Nc2c(C)ccc3ncsc23)c(C)cc(NC(C)=O)c1 failed to sanitize.
16:45:15 <INFO> Sampled SMILES N(c1ccccc1)(C)c1nn(C)cc1=O failed to sanitize.
16:45:15 <INFO> Sampled SMILES c1(N=Nc2nc(OC)ccc2Cl)sc(C(OCC)=O)c(N)cc1 failed to sanitize.
16:45:15 <INFO> Sampled SMILES c1(N=Nc2cccs2)cc(C)c(N=Nc2ccccc2[N+](=O)[O-])c1 failed to sanitize.
16:45:15 <INFO> Sampled SMILES c1cc(N(CCO)CCO)ccc1NCCCNC1=Nc2c(-c3ccccc3)nsc2n1 failed to sanitize.
16:45:15 <INFO> Sampled SMILES CN(c1ccc(C#N)cc1)=Nc1c(C#N)cc(C#N)cc1C#N failed to sanitize.
16:45:15 <INFO> Sampled SMILES c1(N=Nc2c(C)noc2C)ccc(C(OCC)=O)c(NCCCl)cc1 failed to sanitize.
16:45:15 <INFO> Sampled SMILES Fc1cc(C(=O)Nc2ccc(OC)cc2)cccc1 failed to sanitize.
16:45:15 <INFO> Sampled SMILES c1cc(N(CCC#N)CC)c(O)sc1C failed to sanitize.
16:45:16 <INFO> Sampled SMILES c1cccc(C=CC=N=Nc2c(C)cc(N(CCC#N)CCCl)cc2)c1 failed to sanitize.
16:45:16 <INFO> Sampled SMILES c1[N+](N=Nc2ccc(N(CC)CC)cc2)ccc(Br)c1 failed to sanitize.
16:45:16 <INFO> Sampled SMILES c1(NC(=O)c2ccccc2N=Nc2ccc(O)cc2)c(C)oc(=O)c1C=O failed to sanitize.
16:45:16 <INFO> Sampled SMILES c1(C)ccc(SCC)c(N=Nc2c([N+]([O-])=O)cccc2)cc1 failed to sanitize.
16:45:16 <INFO> Sampled SMILES CN(c1ccc(N=Nc2c(F)c(F)cc(F)c2)cc1)(C)C failed to sanitize.
16:45:16 <INFO> Sampled SMILES c1(N=Nc2c(Br)cc([N+]([O-])=O)cc2)cc(N=Nc2cccc([N+]([O-])=O)c2)cccc1 failed to sanitize.
16:45:16 <INFO> Sampled SMILES c1c(O)ccc(N=Nc2cccnc2)cc1 failed to sanitize.
16:45:16 <INFO> Sampled SMILES c1(N=Nc2ccc(Cl)c3c2NC(C)(C)C3)cc(F)cc1 failed to sanitize.
16:45:16 <INFO> Sampled SMILES c1cc[nH](N=Nc2c(C)nn(C)c2C)cc1 failed to sanitize.
16:45:16 <INFO> Sampled SMILES c1[nH]nc(C=N=Nc2ccccc2)c1 failed to sanitize.
16:45:16 <INFO> Sampled SMILES c1(C)c(C)c(N=Nc2nc(Cl)c(C(O)=O)c(OC)c2)c(C)n1 failed to sanitize.
16:45:16 <INFO> Sampled SMILES c1(N=Nc2cccc(C)c2)c2ccc(N3CCC(OCC)(OC)CC3)ccc2n1 failed to sanitize.
16:45:16 <INFO> Sampled SMILES c1(N=Nc2c(Cl)cccc2)nncc1N=Nc1ccc([N+](=O)[O-])cc1C#N failed to sanitize.
16:45:16 <INFO> Sampled SMILES c1(N=Nc2ccc(Br)cc2)c(C)n(C)(C)c(=O)c1C failed to sanitize.
16:45:16 <INFO> Sampled SMILES CN(c1cc(N=Nc2c(C)c(C#N)c(=O)n(C(C)C)c2=O)ccc1C#N)CC failed to sanitize.
16:45:16 <INFO> Sampled SMILES c1(C#N)cc(N=Nc2c(-c3ccccc3)c(C(OCC)=O)c(NC3=OCCC3)c2)ccc1 failed to sanitize.
16:45:16 <INFO> Sampled SMILES O=[N+](c1cccc(N=Nc2c(OC)cccc2)c1)=O failed to sanitize.
16:45:16 <INFO> Sampled SMILES c1(N=Nc2c(F)c(F)cc(F)c2F)ccc(C#N)c(F)cc1 failed to sanitize.
16:45:16 <INFO> Sampled SMILES c1c(N=Nc2ccc(N(C)C)cc2)cnn1 failed to sanitize.
16:45:16 <INFO> Sampled SMILES c1nc(O)cc(N=Nc2ccc(Cl)cc2C(O)CBr)s1 failed to sanitize.
16:45:16 <INFO> Sampled SMILES c1c(O)c(C#N)c(N=Nc2c(C)cc(N(CCO)CCO)cc2)c(C)[nH]1 failed to sanitize.
16:45:16 <INFO> Sampled SMILES c1([N+]([O-])=O)ccc(N=Nc2c3c(nc4ccc(Br)cc24)CCCC3)c1 failed to sanitize.
16:45:16 <INFO> Sampled SMILES c1c(C)c(N=Nc2ccc([N+](=O)[O-])cc2)ccc(N(CC)CC)c1 failed to sanitize.
16:45:16 <INFO> Sampled SMILES c1(S(=O)(=O)c2cccnc2Cl)cccc1N=Nc1ccc(OC)cc1 failed to sanitize.
16:45:16 <INFO> Sampled SMILES c1(C)cc(OC)c(N=Nc2sc(NCC)nc2)ccc1Br failed to sanitize.
16:45:16 <INFO> Sampled SMILES N(c1c(C#N)c(C)c(N=Nc2c(C(=O)OC)cc(C(OC)=O)s2)n1)C1CCCC1 failed to sanitize.
16:45:16 <INFO> Sampled SMILES c1(C#N)cc(C(F)(F)F)cc(NCCOc2ccccc2Br)c1=O failed to sanitize.
16:45:16 <INFO> Sampled SMILES c1(N(C)CC)ccc(N=Nc2ccc([N+](=O)[O-])cc2)c1 failed to sanitize.
16:45:16 <INFO> Sampled SMILES CCN(c1c(Cl)cc(NCCC#N)c1)C(C)C failed to sanitize.
16:45:16 <INFO> Sampled SMILES c1(C)nnc(N=Nc2c(OC)cc(OC)cc2OC)c1C failed to sanitize.
16:45:16 <INFO> Sampled SMILES c1c(CNCCC#N)cc(F)cc(O)c1 failed to sanitize.
16:45:16 <INFO> Sampled SMILES c1(N=Nc2cccc(Br)c2)sc(C(N)=O)c1 failed to sanitize.
16:45:16 <INFO> Sampled SMILES c1(F)c(N=Nc2c(Cl)cccc2Br)ccc1 failed to sanitize.
16:45:16 <INFO> Sampled SMILES F(c1sc(N=Nc2ccco2)nn1)c1ccc2scnc2c1 failed to sanitize.
16:45:16 <INFO> Sampled SMILES c1ccccc1N#N=Cc1sc(-c2ccccc2)cn1 failed to sanitize.
16:45:16 <INFO> Sampled SMILES c1c2c(ccc1OC)c1nc(N=Nc3ccc(C(C)O)cc3)sc2n1 failed to sanitize.
16:45:16 <INFO> Sampled SMILES N(=Nc1[nH]c(C)nn1C)c1cncc(O)c1 failed to sanitize.
16:45:16 <INFO> Sampled SMILES CN(c1ccccc1N=Nc1sc(N(C)C)nc1C)=C1Nc2ccccc2N1 failed to sanitize.
16:45:16 <INFO> Sampled SMILES c1(C)c(OC)ccc1N=Nc1ccccc1Br failed to sanitize.
16:45:16 <INFO> Sampled SMILES N(=Nc1c([N+](=O)[O-])cc(Br)c(C)c1C)c1c(C)cc(N=Nc2c([N+]([O-])=O)[O-])cccc2[nH]1 failed to sanitize.
16:45:16 <INFO> Sampled SMILES CN(c1ccccc1N=Nc1ccc([N+]([O-])=O)cc1)=O failed to sanitize.
16:45:16 <INFO> Sampled SMILES c1c(N=Nc2c(C)n[nH]c2C)sc(N=Nc2c(Br)cc([N+](=O)[O-])cc2)cc1 failed to sanitize.
16:45:16 <INFO> Sampled SMILES c12cc(N=Nc3ccc(N(CCC#N)CCO)ccc3Cl)cccc2c(=O)o1 failed to sanitize.
16:45:16 <INFO> Sampled SMILES c1(N=Nc2c(O)cc(N=Nc3c(C)cccc3)c(C)cc2)scc1 failed to sanitize.
16:45:16 <INFO> Sampled SMILES N(c1cc(N=Nc2ccc(C)cc2)c(C)cc1)n failed to sanitize.
16:45:16 <INFO> Sampled SMILES c1c(N=Nc2c(C)c(C#N)c(=O)[nH]c2=O)sc(-c2cccs2)c1 failed to sanitize.
16:45:16 <INFO> Sampled SMILES c1(NC2CCSCC2)cccc1N failed to sanitize.
16:45:16 <INFO> Sampled SMILES c1(C(c2c(Cl)cccc2)c2ncnn2C)ccc(N=Nc2ccc([N+](=O)[O-])cc2)c1 failed to sanitize.
16:45:16 <INFO> Sampled SMILES c1cc(C)c(N=Nc2c(F)cc(N3CCCC3)c(C)c2)c(O)o1 failed to sanitize.
16:45:16 <INFO> Sampled SMILES c1(N=Nc2ccc(N3CCCCC3)cc2)ccc(NCc2ccccc2)c1 failed to sanitize.
16:45:16 <INFO> Sampled SMILES c1(N(C)C)ccc(N=Nc2cc(OC)c(N3CCCCC3)cc2)c1 failed to sanitize.
16:45:16 <INFO> Sampled SMILES c1c(N=Nc2cccc(Cl)c2)cc2c3c(c1)CCCN3CCC2 failed to sanitize.
16:45:16 <INFO> Sampled SMILES CN(C)c1nc(N2CCCC2c2n(C)cc(C(C)(C)=O)c2C)sc1N failed to sanitize.
16:45:16 <INFO> Sampled SMILES N(=Nc1c(C(O)=O)cccc1)=Oc1ccc(N=Nc2cc(N(C)CCO)sc2C)cc1 failed to sanitize.
16:45:16 <INFO> Sampled SMILES [O-][N+](c1c(N=Nc2ccc([N+](=O)[O-])cc2)c2ccccc2)c(C)n1 failed to sanitize.
16:45:16 <INFO> Sampled SMILES c1c(N=Nc2c[nH]nn2)c(C)onc1N failed to sanitize.
16:45:16 <INFO> Sampled SMILES c1(N(CCO)CCC#N)ccc(N=Nc2Cc3ccccc3c3ccccc23)cc1 failed to sanitize.
16:45:16 <INFO> Sampled SMILES c1(N=Nc2ccccc2OCCO)cc(Cl)cc1Br failed to sanitize.
16:45:16 <INFO> Sampled SMILES c1cc(N=Nc2c(=O)[nH]c(=O)cc2)ccc1N(CCO)CCO failed to sanitize.
16:45:16 <INFO> Sampled SMILES c1(N=Nc2ccc(N(CC)CC)cc2)ccc(C)c(C(=O)=O)c1NC(C#N)C failed to sanitize.
16:45:16 <INFO> Sampled SMILES c1(N=Nc2ccccc2)c(O)ccc(OCC)c(NCCOCCOCCOCCOCCOCCO)c1 failed to sanitize.
16:45:16 <INFO> Sampled SMILES c1(C)cc(CO)cc(N=Nc2c(N3CCCCC3)c([N+](=O)[O-])cc(C(C)=O)c2C#N)cc1 failed to sanitize.
16:45:16 <INFO> Sampled SMILES c1c(F)cc(N=Nc2ccccc2)ccc1 failed to sanitize.
16:45:16 <INFO> Sampled SMILES [O-][N+](c1c(Cl)cc(N=Nc2ccccc2)c1)=O failed to sanitize.
16:45:16 <INFO> Sampled SMILES c1(F)ccc(F)c1N=Nc1c(F)cc(F)cc1 failed to sanitize.
16:45:16 <INFO> Sampled SMILES Oc1c(O)cccc(F)c1N=Nc1c(Cl)cc([N+]([O-])=O)cc1Cl failed to sanitize.
16:45:16 <INFO> Sampled SMILES c1cc(N#N)cc(N=Nc2ccc(N(CC)CC)c(OC)c2)c1 failed to sanitize.
16:45:16 <INFO> Sampled SMILES c12cncc(N=Nc3ccccc3)c2c1 failed to sanitize.
16:45:16 <INFO> Sampled SMILES c1c(N=Nc2c(OC)ccc(F)c2)c([N+](=O)[O-])ccc(F)c1 failed to sanitize.
16:45:16 <INFO> Sampled SMILES c1(N#CCOCC)c(Cl)ccc1 failed to sanitize.
16:45:16 <INFO> Sampled SMILES c1Ncc(N=Nc2ccccc2)cc1 failed to sanitize.
16:45:16 <INFO> Sampled SMILES c1(C(c2c(N)ccc3ccccc23)s1)c1ccc(N=Nc2ccc([N+](=O)[O-])cc2)c(O)c1 failed to sanitize.
16:45:16 <INFO> Sampled SMILES c1([N+](=O)[O-])c(F)c(N=Nc2c(C)onc2C)cc1C failed to sanitize.
16:45:16 <INFO> Sampled SMILES c1(N=Nc2ccc(N(CC)CC)cc2)c(C)ccc[S+]1 failed to sanitize.
16:45:16 <INFO> Sampled SMILES c12c(cccc1)c(N=Nc1nc(CC)n(CC)c1=O)c(C=O)cc2Br failed to sanitize.
16:45:16 <INFO> Sampled SMILES c1(N=Nc2ccc(N(CC)CC)cc2)cccc1[N+](=O)[O-] failed to sanitize.
16:45:16 <INFO> Sampled SMILES Cc1cc(N=Nc2ccc(N(CC)CC)cc2)cc(OC)cc1OCC failed to sanitize.
16:45:16 <INFO> Sampled SMILES c1(C(F)(F)F)ccc(N=Nc2nc(C(C)C)c(=O)[nH]c2C)c1C failed to sanitize.
16:45:16 <INFO> Sampled SMILES N(=Nc1ccc(F)cc1)=Nc1ccccc1 failed to sanitize.
16:45:16 <INFO> Sampled SMILES Oc1nc(N=Nc2sc(NCCC(=O)OC)c(OC)c2)cccc1 failed to sanitize.
16:45:16 <INFO> Sampled SMILES C#C(C(C)(C)C)N(c1c([N+](=O)[O-])cc(Br)c([N+](=O)[O-])c1)C(C)C failed to sanitize.
16:45:16 <INFO> Sampled SMILES c1c(N=Nc2c(C#N)cc([N+]([O-])=O)cc2)c(C)c(NC([O-]=O)=C(C#N)CC)c1O failed to sanitize.
16:45:16 <INFO> Sampled SMILES c1(F)c(F)c(N=Nc2ccc(NCCC#N)cc2)c(Br)c1Cl failed to sanitize.
16:45:16 <INFO> Sampled SMILES c1(O)c(C(OC)=OO)ccc(N=Nc2sc(OC)cc2C(=O)=CC[N+](C))c1 failed to sanitize.
16:45:16 <INFO> Sampled SMILES Oc1c(C)cc(N=Nc2ccc([N+](=O)[O-])cc2)ccc1 failed to sanitize.
16:45:16 <INFO> Sampled SMILES c1c(N=Nc2cccc(C(F)(F)F)c2)ccc(N(C)=O)c1 failed to sanitize.
16:45:16 <INFO> Sampled SMILES c1cc([N+]([O-])=O)ccc1N=Nc1cc(C(NCCCl)C(C)C)cc1 failed to sanitize.
16:45:16 <INFO> Sampled SMILES c1(N=Nc2ccc(O)cc2)cccc(SC)cc1 failed to sanitize.
16:45:16 <INFO> Sampled SMILES c1(C)[nH]=cc(N=Nc2c(C)onc2C)c(Br)c1 failed to sanitize.
16:45:16 <INFO> Sampled SMILES c1c([N+]([O-])=O)cc(N=Nc2cccc(N3CCOCC3)c2)ccc1[N+](=O)[O-] failed to sanitize.
16:45:16 <INFO> Sampled SMILES c1(N=Nc2ccc(NCCC#N)cc2)scn1 failed to sanitize.
16:45:16 <INFO> Sampled SMILES c1cccc(N=Nc2c3c(cccc3)CCCC2)c1 failed to sanitize.
16:45:16 <INFO> Sampled SMILES c1c(O)cc(N=Nc2ccccc2)ccc1 failed to sanitize.
16:45:16 <INFO> Sampled SMILES c1(O)ccc2c(N=Nc3nncs3)cccc21 failed to sanitize.
16:45:16 <INFO> Sampled SMILES N(c1c(C#N)c(C)c(N=Nc2c(Br)cccc2[N+]([O-])=O)c(OC)cc1)C failed to sanitize.
16:45:16 <INFO> Sampled SMILES N(=N=NC1CCCCCCCCCC1)c1cc(O)ccc1 failed to sanitize.
16:45:16 <INFO> Sampled SMILES c1(F)c(NCCc2cnn(-c3ccccc3)c2)c(O)nn1 failed to sanitize.
16:45:16 <INFO> Sampled SMILES CN(c1ccccc1)=Nc1ccc(N(C)C)cc1C failed to sanitize.
16:45:16 <INFO> Sampled SMILES c1c(N=Nc2c(F)F)c(N(CCO)CCC#N)cccc2c(=O)o1 failed to sanitize.
16:45:16 <INFO> Sampled SMILES c1(N=Nc2c(F)c(F)c3c(c2F)NCCC3=O)scc1CO failed to sanitize.
16:45:16 <INFO> Sampled SMILES c1(Br)c(F)c(N=Nc2ccc(S(=O)(=O)n3c(C#N)cc(C(F)(F)F)cc3=O)c2)c(O)cc1F failed to sanitize.
16:45:16 <INFO> Sampled SMILES N(c1c(C)noc1C)=OC failed to sanitize.
16:45:16 <INFO> Sampled SMILES c1(O)cc([N+]([O-])=O)cc1N=Nc1cccc(OC)c1 failed to sanitize.
16:45:16 <INFO> Sampled SMILES c1c(N=Nc2c(O)c(N(CCC#O)CC)ccc2OC)ccc(C)c1 failed to sanitize.
16:45:16 <INFO> Sampled SMILES N(c1ccc(OC)c(N=Nc2ccc3nc(NC4CC4)s3)c2[nH]1)=O failed to sanitize.
16:45:16 <INFO> Sampled SMILES c1(N=Nc2cc(C)ccc2F)ccc(OC)c(NCCC#N)cc1 failed to sanitize.
16:45:16 <INFO> Sampled SMILES c1c(O)cc(N=Nc2ccccc2)ccc1 failed to sanitize.
16:45:16 <INFO> Sampled SMILES c1cc(N=Nc2ccc(N(C)C)cc2)cccc1CO failed to sanitize.
16:45:16 <INFO> Sampled SMILES N1c2c(C(=O)O)cccc2c(N=Nc2ccccc2)c(Cl)c1 failed to sanitize.
16:45:16 <INFO> Sampled SMILES Oc1c(N=Nc2c(C)cc(Br)cc2)ccc([N+](=O)[O-])cc1 failed to sanitize.
16:45:16 <INFO> Sampled SMILES c1(F)ccc(N=Nc2ccc(Br)cc2)c1N failed to sanitize.
16:45:16 <INFO> Sampled SMILES c1c(N=Nc2c(Cl)cc(C)cc2Br)c(OC)cc1Br failed to sanitize.
16:45:16 <INFO> Sampled SMILES N(c1c(N=Nc2scc3ccccc3c2)ccn2c(Br)cccc12)C failed to sanitize.
16:45:16 <INFO> Sampled SMILES c1ccccc1C=NNc1c(C#N)c(=O)[nH]c(=O)n1 failed to sanitize.
16:45:16 <INFO> Sampled SMILES Oc1c(O)cc(N=Nc2ccc(Cl)cc2)ccc1O failed to sanitize.
16:45:16 <INFO> Sampled SMILES [O-]1(F)(NCCC#N)(C(C)C)c2ccc(N=Nc3ccc(N(CC)CC)cc3)cc21 failed to sanitize.
16:45:16 <INFO> Sampled SMILES N(=Nc1c(C)cc(C(NCCC#N)cnCl)cc1)(C(=O)N1CCCC1)c1ccccc1 failed to sanitize.
16:45:16 <INFO> Sampled SMILES c1cc(N)c(N=Nc2c(OC)coc(C)c2)cc1 failed to sanitize.
16:45:16 <INFO> Sampled SMILES c1c2c(ccc1)c1ccc(N=Nc3c(C)cc(N(CCO)CCC#N)cc3)ccc2cccc1 failed to sanitize.
16:45:16 <INFO> Sampled SMILES c1(C#N)cc(N=Nc2sc(C(C)=O)cn2C)ccc1 failed to sanitize.
16:45:16 <INFO> Sampled SMILES c1n(CCC)c(N=Nc2ccc([N+]([O-])=O)cc2)c(C)c1(O)C(=O)C failed to sanitize.
16:45:16 <INFO> Sampled SMILES c1cccc(-c2cnc(CN=Nc3c(C(O)=O)cc(C4OCCO4)c(C(F)(F)F)c(C#N)c3)s2)c1 failed to sanitize.
16:45:16 <INFO> Sampled SMILES c1(C#N)c(C#N)c(N=Nc2c(N(C)C)cc(N=Nc3ccccc3)nn2)cc1N=Nc1ccc(CCO)cc1 failed to sanitize.
16:45:16 <INFO> Sampled SMILES c1(N=Nc2nccnc2Nc2ccccc2)cccc1 failed to sanitize.
16:45:16 <INFO> Sampled SMILES c1(N=Nc2cc(NCC)ccc2)ccc(C)c(NCCCl)cc1 failed to sanitize.
16:45:16 <INFO> Sampled SMILES F[N+](=O)(O)c1c(N=Nc2cccnc2)c(Cl)cc(C(F)(F)F)c1 failed to sanitize.
16:45:16 <INFO> Sampled SMILES c1(C)c(N=Nc2cc(F)c(F)cc2)cc(C)c(N2CCOCC2)cc1 failed to sanitize.
16:45:16 <INFO> Sampled SMILES N(c1ccc(C(=O)=NNc2ncc(C(F)(F)F)cc2)n(C)c1)CCC#N failed to sanitize.
16:45:16 <INFO> Sampled SMILES c1cc(N=Nc2c(Br)cc(Cl)cc2)ccc1N(C)S(C)([O-](=O)=O)S(C)(=O)=O failed to sanitize.
16:45:16 <INFO> Sampled SMILES c1(N=Nc2snn2C)c(O)cc(N=Nc2ccccc2)cc1 failed to sanitize.
16:45:16 <INFO> Sampled SMILES c1(C)n[nH]c2c(Sc3ccc(N4CCOCC4)cc3)cnc12 failed to sanitize.
16:45:16 <INFO> Sampled SMILES FC(F)(Oc1cc(N=Nc2c(Cl)cccc2Cl)ccc1)=NNC(C)(C)=O failed to sanitize.
16:45:16 <INFO> Sampled SMILES c1cc([N+]([O-])[O-])c(N=Nc2c(C)ooc2C)c(F)c1 failed to sanitize.
16:45:16 <INFO> Sampled SMILES c1c(N=Nc2c(N3CCCC3)cc(O)ccc2-c2ccccc2)cccc1 failed to sanitize.
16:45:16 <INFO> Sampled SMILES c1sc(N=Nc2ccc(NCCCN=[N+]=[N-])cc2)ccc1 failed to sanitize.
16:45:16 <INFO> Sampled SMILES O=[N+](c1cccc(Oc2=Cc3ccccc3)c(OC)c2C1=O)c1cc(O)c(N=Nc2ccc([N+]([O-])=O)cc2)cc1 failed to sanitize.
16:45:16 <INFO> Sampled SMILES c1ccc(-c2nnc(SCc3nc(-c4cc([N+](=O)[O-])cc(C)[nH]4)no3)o2)cc1 failed to sanitize.
16:45:16 <INFO> Sampled SMILES c1(C=O)cc([N+](=O)[O-])cc1N=Nc1c(Cl)cc([N+]([O-])=O)cc1Cl failed to sanitize.
16:45:16 <INFO> Sampled SMILES c1(N=Nc2ccc(N(C)C)cc2)ccc(N(CC)=O)cc1C failed to sanitize.
16:45:16 <INFO> Sampled SMILES c1(N=Nc2ccc(NS(=O)(=O)c3ccc(N4CCSCC4)c(C)c3)cc2)ccc(NCl)c1 failed to sanitize.
16:45:16 <INFO> Sampled SMILES c1c(N=Nc2ccc([N+](=O)[O-])cc2Cl)ccc(NCCC#N)cc1 failed to sanitize.
16:45:16 <INFO> Sampled SMILES c1(F)c(N=Nc2nn(C)c3ccccc23)cc([N+]([O-])(=O)[O-])cc1 failed to sanitize.
16:45:16 <INFO> Sampled SMILES c1c(OC)c(N=Nc2ccc(Br)cc2)c(C)cc1N=OCBr failed to sanitize.
16:45:16 <INFO> Sampled SMILES c1(N=Nc2c(CO)cc(C)cc2[nH]1)CCNC(=O)OC(C)(C)C failed to sanitize.
16:45:16 <INFO> Sampled SMILES c1(C(F)(F)F)cc(C=N=Nc2ccc(OC)cc2)cc1 failed to sanitize.
16:45:16 <INFO> Sampled SMILES N(c1ccc(N=Nc2c(C)c(C#N)c(=S)n(C)c2=O)c(F)c1)(C)C failed to sanitize.
16:45:16 <INFO> Sampled SMILES c1ccc(NC)c1N=Nc1c(C#N)cnc2c1CCCC2 failed to sanitize.
16:45:16 <INFO> Sampled SMILES c1(N=Nc2ccco2)cc(N(CCCl)CCC#N)cc1C failed to sanitize.
16:45:16 <INFO> Sampled SMILES c1ccccc1N=Nc1cn(C)c(=O)c1C=O failed to sanitize.
16:45:16 <INFO> Sampled SMILES c1(C)ccc(N=Nc2c(-c3ccccc3)c(C(OCC)=O)c(OC)c2)cc1 failed to sanitize.
16:45:16 <INFO> Sampled SMILES N(=Nc1ccc(F)cc1)=Nc1ccccc1 failed to sanitize.
16:45:16 <INFO> Sampled SMILES N(c1ccccc1)=Nc1sc(NCCCCOC(C)=O)n1 failed to sanitize.
16:45:16 <INFO> Sampled SMILES COc1c(N=Nc2ccc(OC)cc2)ccc(N(C)CC#N)cc1C failed to sanitize.
16:45:16 <INFO> Sampled SMILES c1cccc(N=Nc2c(N)cc(S(N)(=O)=O)cc2)cc1 failed to sanitize.
16:45:16 <INFO> Sampled SMILES c1(Br)cc(N=Nc2c(C)c(C(N)=O)c(NC(=O)OC(C)(C)C)c2)c(OC)cc1 failed to sanitize.
16:45:16 <INFO> Sampled SMILES c1n(-c2ccc(N(CC)CC)cc2)ccc(NCCCCBr)c1O failed to sanitize.
16:45:16 <INFO> Sampled SMILES N(c1cc(N=Nc2ccc(=O)[nH]n2)cc1)(C)C failed to sanitize.
16:45:16 <INFO> Sampled SMILES c1c(N=Nc2c(F)cccc2F)c(C)o1 failed to sanitize.
16:45:16 <INFO> Sampled SMILES c1(N=Nc2nc3sccc3n2C)c(C)n[nH]c1=O failed to sanitize.
16:45:16 <INFO> Sampled SMILES c1(C)c(N=Nc2c(C)cc([N+]([O-])=O)cc2C)c(C#N)cccc1 failed to sanitize.
16:45:16 <INFO> Sampled SMILES c1(O)ccc(C(C)=N=O)cc1 failed to sanitize.
16:45:16 <INFO> Sampled SMILES N(c1ccc(C#N)cc1)=Nc1ccc2c(c1)CCN(CCCOC(c1ccccc1)C)=O2 failed to sanitize.
16:45:16 <INFO> Sampled SMILES c12c(cc(N=Nc3n(C)coc3=O)c1)NCCC2=O failed to sanitize.
16:45:16 <INFO> Sampled SMILES c1(N=Nc2ccc(Cl)cc2Cl)cc2nc(C#N)cnc2c1 failed to sanitize.
16:45:16 <INFO> Sampled SMILES Cc1ccc(N=Nc2ccccc2)c(N)cc1 failed to sanitize.
16:45:16 <INFO> Sampled SMILES c1c(N=Nc2ccccc2)cc(F)c(F)cc1 failed to sanitize.
16:45:16 <INFO> Sampled SMILES OC(c1ccc(N=Nc2cc(N(C)C)ccc2O)cc1)(c1ccccc1)=O failed to sanitize.
16:45:16 <INFO> Sampled SMILES C=N(c1cccc(C)c1)c1c(N=Nc2ccc(OC)cc2)cccc1C failed to sanitize.
16:45:16 <INFO> Sampled SMILES c1(OC)cc(N=Nc2ccc(O)c3ccccc23)c(C#N)c1 failed to sanitize.
16:45:16 <INFO> Sampled SMILES N(=Nc1ccc(N(CC)CC)cc1)(C)c1cc(C(=O)OC)ccc1[N+](=O)[O-] failed to sanitize.
16:45:16 <INFO> Sampled SMILES c1cc(NCCO)cc(-c2c(F)cc(N=Nc3ccccc3)ccc2)c1 failed to sanitize.
16:45:16 <INFO> Sampled SMILES c1(C(F)(F)F)cc(N=Nc2c(OC)cccc2)cc1C#N failed to sanitize.
16:45:16 <INFO> Sampled SMILES c1cc(N=Nc2cc(C)on2)c(C)ccc1 failed to sanitize.
16:45:16 <INFO> Sampled SMILES c1(N=Nc2n(C)c3c(s2)CCCCC3)c(Cl)cccc1[N+](=O)[O-] failed to sanitize.
16:45:16 <INFO> Sampled SMILES F(c1ccc(N=Nc2ccc(N(CCO)CC)cc2)cc1)C failed to sanitize.
16:45:16 <INFO> Sampled SMILES c1(N=Nc2ccc(C(=O)C)cc2)c(C)no1 failed to sanitize.
16:45:16 <INFO> Sampled SMILES c12Nc(N(CCC#N)c3ccccc3)c(C(OCC)=O)cc2[nH]c1=O failed to sanitize.
16:45:16 <INFO> Sampled SMILES c1n(C)c(N=Nc2cc(C)ccc2)c(C)[nH]1 failed to sanitize.
16:45:16 <INFO> Sampled SMILES c1cc([N+](=O)[O-])c(N)cc1N=Nc1c2ccccc2cn1 failed to sanitize.
16:45:16 <INFO> Sampled SMILES c1(N=Nc2ccc(N(CC)CC)cc2)c(C)nn1C failed to sanitize.
16:45:16 <INFO> Sampled SMILES CCn1nc(C)c(N(=O)CCN=[N+]=[N-])c1C failed to sanitize.
16:45:16 <INFO> Sampled SMILES c1(N=Nc2ccc(N(CCO)CCO)cc2C(C)(C)C)scc1 failed to sanitize.
16:45:16 <INFO> Sampled SMILES c1c(C)sc(N=Nc2ccc(N(CCC#N)CCO)cc1)c1ccccc1-2 failed to sanitize.
16:45:16 <INFO> Sampled SMILES [O-](c1c(N=Nc2ccccc2)c(F)cc(F)c1)C(CO)C failed to sanitize.
16:45:16 <INFO> Sampled SMILES Oc1c(Sc2cnc(N)c(C(F)=O)c2)ccc(O)c2c1c(=O)c1[nH]c1CCC(=O)C2 failed to sanitize.
16:45:16 <INFO> Sampled SMILES N(CCO)=Nc1c(O)cc(=O)o1 failed to sanitize.
16:45:16 <INFO> Sampled SMILES c1c(N2=Nc3cc(N4CCCCC4)ccc3)ccc2n(C)c(=O)c2c1CCCC2 failed to sanitize.
16:45:16 <INFO> Sampled SMILES c1(OC)ccc2c(N=Nc3ccccc3)scc21 failed to sanitize.
16:45:16 <INFO> Sampled SMILES c1c(N=Nc2c(C)cccc2)c(O)c(C(C)C)ccc1C failed to sanitize.
16:45:16 <INFO> Sampled SMILES c1(C(F)(F)F)cc(N=Nc2c(Cl)cc(C)cc2)cc1 failed to sanitize.
16:45:16 <INFO> Sampled SMILES [O-][N+](c1ccccc1)=NNc1nc(C)nn1 failed to sanitize.
16:45:16 <INFO> Sampled SMILES Oc1c(N=Nc2c(F)cccc2F)cc(C(F)(F)F)cc(F)c1F failed to sanitize.
16:45:16 <INFO> Sampled SMILES N#Nc1ccc(-c2c(N=Nc3ccccc3)c(C)on2)cc1 failed to sanitize.
16:45:16 <INFO> Sampled SMILES c1(O)c(N=Nc2ccc(Br)cc2)c(C(F)(F)F)cccc1 failed to sanitize.
16:45:16 <INFO> Sampled SMILES C#CCN(c1cc(C(=O)OC)c(N(CCCC)CC)ccc1C#N)C1CCOCC1 failed to sanitize.
16:45:16 <INFO> Sampled SMILES C#CCN(C)c1c(NC(C)=O)cc(S(N)(=O)=O)cc2c(OC)cc(C(=O)OCC)c(=O)c2c1 failed to sanitize.
16:45:16 <INFO> Sampled SMILES CN1c2c(cccc2Sc2ccccc2S(=O)(=O)CCO)=CCN1C failed to sanitize.
16:45:16 <INFO> Sampled SMILES c1(N(CCO)CCO)ccccc(N=Nc2ccccc2O)c1 failed to sanitize.
16:45:16 <INFO> Sampled SMILES Cn1c(N=Nc2ccc(O)cc2)ccc(=O)c1C=O failed to sanitize.
16:45:16 <INFO> Sampled SMILES c1(N=Nc2ccc(C(OCC)n3cc(C(N)=O)sc3)s2)ccc(N2CCCC2)c1N failed to sanitize.
16:45:16 <INFO> Sampled SMILES c1(N=Nc2sc(C)[nH]2)c(O)cc(N=Nc2ccccc2)cc1 failed to sanitize.
16:45:16 <INFO> Sampled SMILES c1(N=Nc2ccccc2Br)ncc(N)c1C failed to sanitize.
16:45:16 <INFO> Sampled SMILES c1c(N=Nc2ccc(C)cc2)ccc(N(CCCl)CC#N)cc1 failed to sanitize.
16:45:16 <INFO> Sampled SMILES c1(N=Nc2cc(C)ccc2)c(C)cc(N(C)CCC#N)c1C(C)=O failed to sanitize.
16:45:16 <INFO> Sampled SMILES c1cc([N+]([O-])=O)c(CO)cc(N=Nc2scc(-c3ccc(Cl)cc3)n2)c1 failed to sanitize.
16:45:16 <INFO> Sampled SMILES c1(C)c(C)c(N=Nc2ccc(S(=O)(=O)c3ccccc3)c(C)c2)c(C)n1 failed to sanitize.
16:45:16 <INFO> Sampled SMILES c1(N=Nc2ccc(N(CC)CC)cc2)c(C)ccc1 failed to sanitize.
16:45:16 <INFO> Sampled SMILES c1(N=Nc2cc(C)nn2C)ccc(Br)c1 failed to sanitize.
16:45:16 <INFO> Sampled SMILES Cc1nc2cc(NC(=O)c3cc4n(n3)CCN(C(=O)C(=O)NC(C)C)C4)c(C)o2o1 failed to sanitize.
16:45:16 <INFO> Sampled SMILES c1([N+]([O-])=O)cccc2c(N=Nc3ccc([N+](=O)[O-])cc3C#N)ccc12 failed to sanitize.
16:45:16 <INFO> Sampled SMILES c1cc(-c2coc(C3=NC(c4ccc(Br)cc4)=Nc3nCl)s2)ccc1 failed to sanitize.
16:45:16 <INFO> Sampled SMILES c1ccc(C)c(N=Nc2c(N3CCCC3)cccc2C)cc1 failed to sanitize.
16:45:16 <INFO> Sampled SMILES c1c(O)cc(N=Nc2c(OC)cc(C(OC)OC)cc2OC)c(N=Nc2sc3sc(C)n(C3CC3)c3cc2=O)s1 failed to sanitize.
16:45:16 <INFO> Sampled SMILES c1ccccc1C#N=Nc1ccc(N=Nc2c(OC)cc(N(CC)CC)cc2)cc1 failed to sanitize.
16:45:16 <INFO> Sampled SMILES c1(C(CCO)CCC#N)cccc1NC(=O)c1cc(Cl)c(C)cc1 failed to sanitize.
16:45:16 <INFO> Sampled SMILES c1c2[nH]ccc2cc1 failed to sanitize.
16:45:16 <INFO> Sampled SMILES c1(N=Nc2ccc(O)cc2C)c2cc(Cl)ccc2CC1 failed to sanitize.
16:45:16 <INFO> Sampled SMILES c1(C)c(N=Nc2nccc(N#CCOCCO)c2C#N)c(C)ccc1Cl failed to sanitize.
16:45:16 <INFO> Sampled SMILES c1(N=Nc2cc(C)ccc2OC)c([N+]([O-])=O)ccc1F failed to sanitize.
16:45:16 <INFO> Sampled SMILES N(c1cccc2c([N+](=O)[O-])ccc12)OC failed to sanitize.
16:45:16 <INFO> Sampled SMILES c1(F)c(N=Nc2nncs2)ccc1C#N failed to sanitize.
16:45:16 <INFO> Sampled SMILES N1(c2ccc(N=Nc3c(C)c(C#N)c(N)n(C)c3)cc2)CCOCC1 failed to sanitize.
16:45:16 <INFO> Sampled SMILES c1(C)nnnc1CCNc1cc(C(F)(F)F)c(Br)cc1F failed to sanitize.
16:45:16 <INFO> Sampled SMILES c1c(N=Nn2nc(C)c(N(CC)CC)c(C)c2C)ccc([N+]([O-])=O)c1 failed to sanitize.
16:45:16 <INFO> Sampled SMILES c1(N=Nc2ccc(N(CC)CC)cc2)occ1C failed to sanitize.
16:45:16 <INFO> Sampled SMILES N#Cc1cc([N+]([O-])=O)c(OCC)c(C#N)cc1Br failed to sanitize.
16:45:16 <INFO> Sampled SMILES c1cccc2c(N=Nc3ccc(F)cn3)c(C)nn2c1 failed to sanitize.
16:45:16 <INFO> Sampled SMILES c1cc2nc(N=Nc3cc(Cl)ccc3N3CCCC3)sc2n1 failed to sanitize.
16:45:16 <INFO> Sampled SMILES CC(O)(c1noc(CN(CCC#N)CC#N)n1)(C)O failed to sanitize.
16:45:16 <INFO> Sampled SMILES c1c(N#CCO)ccc(N=Nc2ccc(N=Nc3ccccc3N3CCOCC3)cc2)c1 failed to sanitize.
16:45:16 <INFO> Sampled SMILES c1(-c2oc(N=Nc3ncc(Cl)cc3Br)nc2)cccn1 failed to sanitize.
16:45:16 <INFO> Sampled SMILES c1(C)C(C#N)c(N=Nc2sc(C(Cl)=O)cc2)n(CC(OCC(F)(F)F)(C(F)(F)F)C(F)(F)F)n1 failed to sanitize.
16:45:16 <INFO> Sampled SMILES N(=Nc1ccc(O)c(N=Nc2ccc([N+]([O-])=O)cc2)c1)=CCO failed to sanitize.
16:45:16 <INFO> Sampled SMILES c1(Br)Nc2c(NCC3CC4C=CC3C4)ccccc2c1 failed to sanitize.
16:45:16 <INFO> Sampled SMILES Oc1cc([N+]([O-])=O)cc1N=Nc1sc(NCCO)nc1C failed to sanitize.
16:45:16 <INFO> Sampled SMILES c1(N=Nc2sc(C)n2C)ccccc1 failed to sanitize.
16:45:16 <INFO> Sampled SMILES N#Nc1ccc(N)c(N=Nc2ccc(N(C)C)cc2)c1 failed to sanitize.
16:45:16 <INFO> Sampled SMILES c1(N=Nc2ccc(C#N)cc2)cc2c(cccc2)c1-c1ccc(N=Nc2ccc(N(C)C)cc2)cc1 failed to sanitize.
16:45:16 <INFO> Sampled SMILES c1c(C)c(N=Nc2n(C)csc2=O)ccc1 failed to sanitize.
16:45:16 <INFO> Sampled SMILES c1(Cl)ccc(N=Nc2ccccc2)n1 failed to sanitize.
16:45:16 <INFO> Sampled SMILES CC1(CNC(=O)c2cc(N=Nc3cccc([N+]([O-])c3)cc2)Cc2ccccc2)OCCO1 failed to sanitize.
16:45:16 <INFO> Sampled SMILES c1(N=Nc2ccc(C(=O)C)c(C)cc2)cccc1 failed to sanitize.
16:45:16 <INFO> Sampled SMILES [O-][N+](c1c(Cl)cccc1)(c1ccc(N=Nc2ccc(OCCO)cc2)cc1)=O failed to sanitize.
16:45:16 <INFO> Sampled SMILES c1(-c2cc(N=Nc3c(Cl)cc(Cl)cc3)cc(C(=O)OC)cc2OC)ccc(NCCCl)c1 failed to sanitize.
16:45:16 <INFO> Sampled SMILES c1cc(C)c(N=Nc2c(N3CCCC3)cc(C)[nH]c2=O)ccc1C#N failed to sanitize.
16:45:16 <INFO> Sampled SMILES c1c(N=Nc2ccc(OC)cc2)ccc(N(CCCl)=N=Nc2ccc(N)cc2)c1 failed to sanitize.
16:45:16 <INFO> Sampled SMILES c1c(N=Nc2ccc(C)cc2)cc2c3c(c1)CCCN3CCC2 failed to sanitize.
16:45:16 <INFO> Sampled SMILES c1(C)c(O)c(C=N=Nc2sc(NCCBr)nc2-c2ccc3c(c2)OCCO3)c(O)ccc1 failed to sanitize.
16:45:16 <INFO> Sampled SMILES c1(N=Nc2ccc(Br)cc2Cl)cccccc1 failed to sanitize.
16:45:16 <INFO> Sampled SMILES N#CCN(c1cc(N=Nc2c(Cl)cccc2Cl)s1)C1CCCC1 failed to sanitize.
16:45:16 <INFO> Sampled SMILES c1(C)c(Br)c(O)cc1N=Nc1c(C(C)C)c(C)c(C)cc1C failed to sanitize.
16:45:16 <INFO> Sampled SMILES c1(C#N)c(C)n(-c2ccc(S(N)(=O)=O)c(C)c2)c(=O)n(CC(O)CC=O)c1 failed to sanitize.
16:45:16 <INFO> Sampled SMILES c1(N=Nc2nn(C)n2C)c(C)nn1CC(OCC)=O failed to sanitize.
16:45:16 <INFO> Sampled SMILES c1(N=Nc2ccc(N(C)C)cc2)c(C)nn1C failed to sanitize.
16:45:16 <INFO> Sampled SMILES N(c1ccc(N=Nc2ccc(O)cc2)cc1)(C#O)CC failed to sanitize.
16:45:16 <INFO> Sampled SMILES c1(N=Nc2noc(C#N)c2)cc(Cl)cc1Cl failed to sanitize.
16:45:16 <INFO> Sampled SMILES c1([N+]([O-])=O)ccc(O)c1-c1ccc2c(c1)c1c(n2)c(N)ccc1-c1ccccc1 failed to sanitize.
16:45:16 <INFO> Sampled SMILES c1([N+]([O-])=O)ccc(N=Nc2c(Cl)cc(NCC)cc2Br)c1 failed to sanitize.
16:45:16 <INFO> Sampled SMILES c1(N(C)C)ccc2[nH]c(N=Nc3ccc(OC)cc3)cc12 failed to sanitize.
16:45:16 <INFO> Sampled SMILES C#CCOc1ccc(NC(C)=O)c1 failed to sanitize.
16:45:16 <INFO> Sampled SMILES c1cc(C(N)c2cccs2)c(C2CCCC2)c1 failed to sanitize.
16:45:16 <INFO> Sampled SMILES c1cc(N=Nc2ccc(N(CC)CC)cc2)cccc1 failed to sanitize.
16:45:16 <INFO> Sampled SMILES c1cc(N=Nc2c(C)c(C(=O))C(C)(C)C)ccc2[nH]1 failed to sanitize.
16:45:16 <INFO> Sampled SMILES c1(N=Nc2ccc(N(C)C)cc2)ccc(C)c(NCCC#N)cc1 failed to sanitize.
16:45:16 <INFO> Sampled SMILES c1(F)c(N=Nc2noc(Cc3cccs3)n2)cc(C(C)C)c1 failed to sanitize.
16:45:16 <INFO> Sampled SMILES c1(F)c(F)c([N+]([O-])=O)c(OCC)c1 failed to sanitize.
16:45:16 <INFO> Sampled SMILES c1(OC(F)=OC(F)=O)ccccc1N=Nc1ccc([N+](=O)[O-])cc1F failed to sanitize.
16:45:16 <INFO> Sampled SMILES c1(OC)cc(N=Nc2c(C)onc2C)cc1 failed to sanitize.
16:45:16 <INFO> Sampled SMILES c1(C(O)(O)CCCC(c2ccccc2)(CO)CCN2CCCC2)c(Cl)c(O)n1CCN1CCCC1 failed to sanitize.
16:45:16 <INFO> Sampled SMILES c1ccccc1nnc(N=Nc2ccc(O)cc1)c1(C)OCCO2 failed to sanitize.
16:45:16 <INFO> Sampled SMILES N(=N#CCCCCCCC)CCCN=[N+]=[N-] failed to sanitize.
16:45:16 <INFO> Sampled SMILES Fc1c(Cl)c([N+](=O)[O-])c(OC)c(N=Nc2c(Cl)cccc2)cc1Cl failed to sanitize.
16:45:16 <INFO> Sampled SMILES c1c(N=Nc2ccc(C(F)(F)F)cc2)c(C)onc1C failed to sanitize.
16:45:16 <INFO> Sampled SMILES c1(N=Nc2cc([N+]([O-])=O)ccc2)c2c(c(OC)c(OC)cc1OC)SCCO2 failed to sanitize.
16:45:16 <INFO> Sampled SMILES N(=Nc1c(C)c(C)ccc1C=N=Nc1ccc(N(CC)CC)cc1)c1cc(N=O)ccc1[N+]([O-])=O failed to sanitize.
16:45:16 <INFO> Sampled SMILES [O-][N+](c1c(Cl)c(C)c(N(CCC#N)CCC#N)cc1)=N1CCCC1 failed to sanitize.
16:45:46 <INFO> Sampled SMILES c1c(N#CC)cccc1N=Nc1c(C)cccc1 failed to sanitize.
16:45:46 <INFO> Sampled SMILES Oc1nc(N=Nc2cc(C)c(Br)cc2F)c(Cl)cc(C(=O)OCC)c1 failed to sanitize.
16:45:46 <INFO> Sampled SMILES N#CCN(c1c2ccccc2n1C)=Nc1c(N)cc(C(OC)(C)C)cc1N failed to sanitize.
16:45:46 <INFO> Sampled SMILES c1c(N=Nc2ccc(OC)cc2)c(C)c(C#N)c(N(CC)CCC#N)cc1 failed to sanitize.
16:45:46 <INFO> Sampled SMILES N(c1ccc(NCCO)nc1)c1nc2c(oc3c(C=O)c(C#N)c([N+](=O)[O-])cc3-c2ccccc1)n failed to sanitize.
16:45:46 <INFO> Sampled SMILES F(c1c(O)ccc(N=Nc2ccc(O)cc2)c1OCC(C)C)=N1CCOCC1 failed to sanitize.
16:45:46 <INFO> Sampled SMILES c1(F)c(OC)c(N=Nc2ccc(Br)cc2)c(Cl)c1 failed to sanitize.
16:45:46 <INFO> Sampled SMILES c1(N(C)CCC#N)ccc(C=N=Nc2c(OC)c(OC)ccc2OC)cc1 failed to sanitize.
16:45:46 <INFO> Sampled SMILES N[N+](=O)(c1c(F)c(F)c([N+]([O-])=O)cc1)c1c(O)cc(N=Nc2ccc([N+]([O-])=O)cc2)cc1 failed to sanitize.
16:45:46 <INFO> Sampled SMILES c1nc(N=Nc2ccc(C#N)cc2)s(C)c1 failed to sanitize.
16:45:46 <INFO> Sampled SMILES c1([N+]([O-])=O)cc(C(F)(F)F)cc1N=Nc1ccc(Cl)cc1 failed to sanitize.
16:45:46 <INFO> Sampled SMILES Oc1c(N=Nc2c(C)noc2C)sc(N)nc1C failed to sanitize.
16:45:46 <INFO> Sampled SMILES c1(F)c(N=Nc2noc(C3CC3)n2)ccc1[N+](=O)[O-] failed to sanitize.
16:45:46 <INFO> Sampled SMILES c1c(NCCC#N)cc(C(F)(F)F)cc(C(O)=O)c1 failed to sanitize.
16:45:46 <INFO> Sampled SMILES c1c(-c2c(N=Nc3c(F)cc(C(OCC)=O)cc3F)cs2)ncnc1N failed to sanitize.
16:45:46 <INFO> Sampled SMILES c1(N=Nc2cc(NCCOCCO)ccc2C#N)scc1N=Nc1c(C)c(C#N)c(CCCl)c1C failed to sanitize.
16:45:46 <INFO> Sampled SMILES OC(c1ccc(N=Nc2sc(N3CC3)c(N=Nc3c(Cl)cc([N+]([O-])=O)cc3)CC2CCO)cc1)C failed to sanitize.
16:45:46 <INFO> Sampled SMILES c1ncn(CC)n1-c1cc(SCCC#N)ccn1 failed to sanitize.
16:45:46 <INFO> Sampled SMILES c1(N=Nc2c(F)c(F)c3c(c2Br)CCC3)c2c(O)nc(CO)c(O)c2OC1 failed to sanitize.
16:45:46 <INFO> Sampled SMILES c1sc(N=Nc2ccc(N(CC)CC)c(OCCC)c2)ccc1 failed to sanitize.
16:45:46 <INFO> Sampled SMILES OCc1cc(F)c(F)cc1N=Nc1c(F)c(F)c(N(C)C)c(=O)c1F failed to sanitize.
16:45:46 <INFO> Sampled SMILES C([N+](=O)(F)=Nc1ccc(Br)cc1)C(=O)N(CCO)c1c(C#N)cc([N+]([O-])=O)cc1=O failed to sanitize.
16:45:46 <INFO> Sampled SMILES c1(N=Nc2ccc(N(CC)CC)cc2)c2ccccc2Nc2ncccc12 failed to sanitize.
16:45:46 <INFO> Sampled SMILES Oc1c(N=Nc2c(C)c(C)ccc2)ccccc1 failed to sanitize.
16:45:46 <INFO> Sampled SMILES c1(N(CCO)CCO)ccc2[nH]ccc(N3CCOCC3)c2c1 failed to sanitize.
16:45:46 <INFO> Sampled SMILES c1(N=Nc2c(C)nn(-c3ccccc3)c2O)c(C)n[nH]c1=O failed to sanitize.
16:45:46 <INFO> Sampled SMILES c1(N=Nc2c(OC)cc(N(CCO)CCCOc3ccc(C(O)COCC)cc3)cc2)c(C)n[nH]c1=O failed to sanitize.
16:45:46 <INFO> Sampled SMILES c1(F)cc(N=Nc2ccc(C#N)cc2)cc1 failed to sanitize.
16:45:46 <INFO> Sampled SMILES N(=Nc1ccccc1C(=O)O)(C#N)c1c(C#N)cc([N+]([O-])=O)cc1OC failed to sanitize.
16:45:46 <INFO> Sampled SMILES Oc1c(N=Nc2cccc(OC)c2)ccccc1 failed to sanitize.
16:45:46 <INFO> Sampled SMILES c1(N=Nc2ccc(N(C)C)cc2)ccc(-c2ccc3c(c2)CCCC3)c1O failed to sanitize.
16:45:46 <INFO> Sampled SMILES N(c1cccc(Cl)c1C)=Nc1coc(C(OC)(C(C)C)NC(=O)OC(C)(C)C)c1=O failed to sanitize.
16:45:46 <INFO> Sampled SMILES c1(N=Nc2nc3c(-c4ccccc4)c(C)oc3c2C)CCCCC1 failed to sanitize.
16:45:46 <INFO> Sampled SMILES c1c(N(CCO)CCO)cccc(NCCC#N)c1 failed to sanitize.
16:45:46 <INFO> Sampled SMILES c1(N=Nc2ccc(N=Nc3ccc(C)cc3)cc2)ccnc1 failed to sanitize.
16:45:46 <INFO> Sampled SMILES Oc1c(Cl)ccc(N=c2c[nH]nc2C)c1O failed to sanitize.
16:45:46 <INFO> Sampled SMILES N(=Nc1nn(C)c(C)c1C=N(CCC)CCNCCCc1ccccc1)c1cc[nH]c1 failed to sanitize.
16:45:46 <INFO> Sampled SMILES N(=N#CCC#N)c1c(C)nn(C#N)c1O failed to sanitize.
16:45:46 <INFO> Sampled SMILES c1(N=Nc2c(F)ccc(N=Nc3c(Cl)cccc3)c3ccccc32)ccc(N2CCOCC2)c1(c1ccc(CC#N)cc1)CCCC#N failed to sanitize.
16:45:46 <INFO> Sampled SMILES c1(N=Nc2c(Cl)cccc2Cl)c(C)cc(N(CCO)CCC#N)c1 failed to sanitize.
16:45:46 <INFO> Sampled SMILES N(c1nc(N=Nc2c(C#N)cc([N+]([O-])=O)cc2)cnc(N2CCCCC2)c1#O)CCC#N failed to sanitize.
16:45:46 <INFO> Sampled SMILES c1c(N=Nc2c(C)cccc2)c(C)cn2cc3ccccc3c2c1 failed to sanitize.
16:45:46 <INFO> Sampled SMILES c1(C(F)(F)F)ccc(N=Nc2ccc(OC)cc2)c1 failed to sanitize.
16:45:46 <INFO> Sampled SMILES c1c(O)n(-c2ccc(N=Nc3scc(-c4ccon4)c3)cc2)c(N2CCCC2)cc1 failed to sanitize.
16:45:46 <INFO> Sampled SMILES c1c(O)cc(N=Nc2ccc(NCCC#N)cc2)ccc1 failed to sanitize.
16:45:46 <INFO> Sampled SMILES N(c1c(C#N)cc(=O)n(C)c1=O)=Nc1ccccc1 failed to sanitize.
16:45:46 <INFO> Sampled SMILES c1(N(CCO)CCO)Cc2ccccc2cc1C failed to sanitize.
16:45:46 <INFO> Sampled SMILES [O-](c1c(C#N)c(C(Cl)=O)ccc1N=Nc1csc(N(C)C)c(-c2ccccc2)c1)OC failed to sanitize.
16:45:46 <INFO> Sampled SMILES c1(N=Nc2c(Cl)ccc(C)c2)cc(C)o1 failed to sanitize.
16:45:46 <INFO> Sampled SMILES c1ccc(N(CCO)CCC)ccc1 failed to sanitize.
16:45:46 <INFO> Sampled SMILES c1(N=Nc2ccc(NC(C)=O)cc2)cccc1C(=O)C#CC failed to sanitize.
16:45:46 <INFO> Sampled SMILES N(c1ccc(N=Nc2cc(F)ccc2)c1)(=O)c1ccccc1 failed to sanitize.
16:45:46 <INFO> Sampled SMILES c1c(N(CCO)CCC#N)ccc(C)c(N=Nc2cccc(C(F)(F)F)c2)c1 failed to sanitize.
16:45:46 <INFO> Sampled SMILES N1c2c(C)cc(N=Nc3ccc(C#N)cc3)ccc2C1 failed to sanitize.
16:45:46 <INFO> Sampled SMILES c12c(N(CC)SCC)ccccc2c(F)c1 failed to sanitize.
16:45:46 <INFO> Sampled SMILES c1([N+](=O)[O-])c(N=Nc2c(C)c(OC)cc(OC)c2O)c(C)onc1=O failed to sanitize.
16:45:46 <INFO> Sampled SMILES c1(O)cc(Cl)c(N=Nc2sc3ccccc3c2Br)c1Br failed to sanitize.
16:45:46 <INFO> Sampled SMILES c1(N=Nc2sc(N=Nc3ccc([N+](=O)[O-])cc3)s2)cnc2ccccc12 failed to sanitize.
16:45:46 <INFO> Sampled SMILES c1(-c2ccc(NCCC#N)cc2)cc(Br)c(O)c1O failed to sanitize.
16:45:46 <INFO> Sampled SMILES c1(N=Nc2ccc(C(C)=O)cc2)ccc(Br)c1 failed to sanitize.
16:45:46 <INFO> Sampled SMILES N(=Nc1c(OC)cc(NC(=O)C2CC2)c(C)c1)(C(=O)OCC)CCCCCC failed to sanitize.
16:45:46 <INFO> Sampled SMILES F(c1ccc(N=Nc2ccc(N(C)C)cc2)cc1)C failed to sanitize.
16:45:46 <INFO> Sampled SMILES Cc1c(C(=O)NCC=CCNC(=O)c2ccc(-c3c(C)n[nH]c3C)cc2)c(Cl)cc(C)cc1[N+](=O)[O-] failed to sanitize.
16:45:46 <INFO> Sampled SMILES c1(C#N)cc(CN=Nc2c(OC)cccc2OC(F)(F)F)cc1C failed to sanitize.
16:45:46 <INFO> Sampled SMILES c1(N=Nc2ccc(NCCC#N)cc2)c(C)[nH]n1 failed to sanitize.
16:45:46 <INFO> Sampled SMILES c1c(N=Nc2ccc(N(C)C)cc2)c(C#N)c(C#N)c(NCCCl)cc1 failed to sanitize.
16:45:46 <INFO> Sampled SMILES N(c1c(C#N)c(C)c(N=Nc2ccc(Cl)cc2)nn1)N=C1S(CC)=N=Nc2c(O)cccc21 failed to sanitize.
16:45:46 <INFO> Sampled SMILES c1sc(C(NC=O)c2ccc(N=Nc3ccc(N4CCCCC4)cc3)cc2)ccc1 failed to sanitize.
16:45:46 <INFO> Sampled SMILES O=C(Nc1c(Br)cc([N+](=O)[O-])cc1[N+](=O)[O-])c1ccccc1N=Nc1c(c(C)nn(CC)c(=O)c1O)C(=O)OCC failed to sanitize.
16:45:46 <INFO> Sampled SMILES c1(F)c(N=Nc2ccccc2)c(C)c(C#N)c(N)cc1 failed to sanitize.
16:45:46 <INFO> Sampled SMILES C(#N)c1cc(N=Nc2c(C)onc2C)c(OC)c1 failed to sanitize.
16:45:46 <INFO> Sampled SMILES N(=Nc1c(=O)[nH]nc(N=Nc2cc(CO)cc([N+](=O)[O-])cc2)c1C)c failed to sanitize.
16:45:46 <INFO> Sampled SMILES c1([N+]([O-])=O)cc(Cl)cc1N=Nc1ccc(N(CC)CC)cc1 failed to sanitize.
16:45:46 <INFO> Sampled SMILES Oc1cc(C#N)cc(C(=O)OC)c(N=Nc2c(C(F)(F)F)ccc([N+](=O)(F)F)c2)c1 failed to sanitize.
16:45:46 <INFO> Sampled SMILES c1c(N=Nc2ccccc2)ccc(-c2nc(N=Nc3ccc(C)cc3)n(C)nc2C)c1 failed to sanitize.
16:45:46 <INFO> Sampled SMILES N(c1cc(N(CCC#N)CCO)ccc1NCCC#N)Cn failed to sanitize.
16:45:46 <INFO> Sampled SMILES c1c(N=Nc2ccccc2)ccc(SC)cc1 failed to sanitize.
16:45:46 <INFO> Sampled SMILES c1c(CNCCC#N)ccccc1 failed to sanitize.
16:45:46 <INFO> Sampled SMILES c1(N(CCC#N)CCC#N)ccsc1=N failed to sanitize.
16:45:46 <INFO> Sampled SMILES c1(N=Nc2c(C)nn(C)s2)c(C)cccc1C failed to sanitize.
16:45:46 <INFO> Sampled SMILES N(=N#CCCC(=O)CC#N)c1sc(C)nn1 failed to sanitize.
16:45:46 <INFO> Sampled SMILES c1(N=Nc2ccc(N(CC)CC)cc2)nc(N(CC)CC)nc1C failed to sanitize.
16:45:46 <INFO> Sampled SMILES c1(N(CCOCCOCCO)CCOC)ccc(N=Nc2c(C)cc(=O)co2)cc1 failed to sanitize.
16:45:46 <INFO> Sampled SMILES c1c(O)cc(N=Nc2ccc(O)cc2)ccc1N1CCC2(CC1)N=NC(=O)C2 failed to sanitize.
16:45:46 <INFO> Sampled SMILES N(c1nc(N=NN2ccccc2)c(C)c(C#N)c1OC)C(F)(F)F failed to sanitize.
16:45:46 <INFO> Sampled SMILES c1(N=Nc2c(C)c(C)ccc2)ccc(O)c1OC failed to sanitize.
16:45:46 <INFO> Sampled SMILES c1(N=Nc2ccc([N+]([O-])=O)cc2C(F)(F)F)ccc(N=Nc2ccc(C(N)=O)cc2)c1 failed to sanitize.
16:45:46 <INFO> Sampled SMILES c1(Cl)ccc(Cl)c1N=Nc1c(C)n[nH]c1C failed to sanitize.
16:45:46 <INFO> Sampled SMILES c1(N=Nc2cccs2)c(OC)cc(N=Nc2c(O)cc([N+]([O-])=O)cc2O)c1 failed to sanitize.
16:45:46 <INFO> Sampled SMILES c1(N=Nc2c(F)c(F)c(N(C(C)=O)CC)c(C)c2)c(Cl)cc(Br)c1 failed to sanitize.
16:45:46 <INFO> Sampled SMILES c1([N+]([O-])=O)cc(OC)cc1N=Nc1ccccc1 failed to sanitize.
16:45:46 <INFO> Sampled SMILES c1ccc2c(ccccc2)c1N=Nc1cc(C(F)(F)F)ccc1 failed to sanitize.
16:45:46 <INFO> Sampled SMILES c1(C#N)cc([N+]([O-])=O)ccc1N=Nc1sc(-c2c(Cl)c(C(O)=O)ccc2NC)n1 failed to sanitize.
16:45:46 <INFO> Sampled SMILES CC(CC)(C#N)N(C(=O)CON=C1CCCCCC1)c1ccccC1 failed to sanitize.
16:45:46 <INFO> Sampled SMILES c1(N=Nc2c(C)c(C)ccc2)c2c(cccc2)CCC1=O failed to sanitize.
16:45:46 <INFO> Sampled SMILES [O-](=[N+]#N)c1nc(N=Nc2ccc([N+]([O-])=O)cc2)ccc1N failed to sanitize.
16:45:46 <INFO> Sampled SMILES c1c(N=Nc2cccc(NCCC#N)c2)c2ccccc2n1 failed to sanitize.
16:45:46 <INFO> Sampled SMILES c1(N=Nc2c(F)cFc(OC)c(F)c2F)cc(Cl)ccc1[N+](=O)[O-] failed to sanitize.
16:45:46 <INFO> Sampled SMILES N(c1ccc(N(c2ccccc2)(C)C)cc1)C(F)(F)F failed to sanitize.
16:45:46 <INFO> Sampled SMILES c1Ncnc(N=Nc2ccc(OC)c(OC)c2)c1 failed to sanitize.
16:45:46 <INFO> Sampled SMILES c1c(N=Nc2c(C#N)cc([N+]([O-])=O)cc2)c(C)onc1 failed to sanitize.
16:45:46 <INFO> Sampled SMILES N(c1c(C)c(C#N)c(N=Nc2cc(C(=O)OC)ccc2)no1)OC(C)(C)C failed to sanitize.
16:45:46 <INFO> Sampled SMILES c1[nH]c(N=Nc2cccnc2)cc(C)c1 failed to sanitize.
16:45:46 <INFO> Sampled SMILES c1(NCCOCCC#N)sc2c(C)cccc21 failed to sanitize.
16:45:46 <INFO> Sampled SMILES c1(N=Nc2c([N+](=O)[O-])cc(C)cc2Br)c(Cl)cc2[nH]ncc12 failed to sanitize.
16:45:46 <INFO> Sampled SMILES c1c(N(CCC#N)CCO)cc(C)c(N=Nc2c(Cl)cc([N+]([O-])=O)cc2)cc1 failed to sanitize.
16:45:46 <INFO> Sampled SMILES c1(F)c(N=Nc2ccc(Cl)cc2)ccc1N=Nc1ccc(N(CC)CC)cc1 failed to sanitize.
16:45:46 <INFO> Sampled SMILES N(=Nc1c(F)c(F)c(F)c(F)c1=O)c1ccc([N+]([O-])=O)cc1 failed to sanitize.
16:45:46 <INFO> Sampled SMILES c1(Oc2c(O)cccc2)ccc(N=Nc2cccc(O)c2)c1 failed to sanitize.
16:45:46 <INFO> Sampled SMILES Oc1c(N=Nc2ccccc2)ccc(F)cc1 failed to sanitize.
16:45:46 <INFO> Sampled SMILES [O-][N+](c1cc(N=Nc2cc(O)ccc2)cc1)=O failed to sanitize.
16:45:46 <INFO> Sampled SMILES c1(C)oc(-c2ccccc2N=Nc2c(OC)cc(OC)cc2OC)c1C(OCC)=O failed to sanitize.
16:45:46 <INFO> Sampled SMILES N(=N#CCCOC(=O)c1ccc(N=Nc2ccc(C(C)=O)cc2)cc1C)C(=O)CNC(=O)OC(C)(C)C failed to sanitize.
16:45:46 <INFO> Sampled SMILES c1cc(-c2cc(N=Nc3ccc(N4CCOCC4)cc3)cc2)ccc1 failed to sanitize.
16:45:46 <INFO> Sampled SMILES c1(N=Nc2ccc([N+](=O)[O-])cc2C(F)(F)F)c(C)oc1C=O failed to sanitize.
16:45:46 <INFO> Sampled SMILES c1(N=Nc2ccccc2)nc(-c2ccccc2)c(C)n1 failed to sanitize.
16:45:46 <INFO> Sampled SMILES N(c1ccc2c(c1)O)cc(N=Nc1ccc([N+]([O-])=O)cc1)(C(=O)O)CCC2 failed to sanitize.
16:45:46 <INFO> Sampled SMILES c1c(N=Nc2sc(NCCOS(=O)(=O)C)c(C#N)c3c(Br)cc(F)cc23)ccc(Cl)c1 failed to sanitize.
16:45:46 <INFO> Sampled SMILES c1(OC)ccc2c(N=Nc3cc(OC)c(OC)cc3)cccc21 failed to sanitize.
16:45:46 <INFO> Sampled SMILES c1(F)ccc(N(CCC#N)c2nc(C(O)CBr)s2)c1 failed to sanitize.
16:45:46 <INFO> Sampled SMILES c1(N=Nc2ccc(N(CCCl)CCCl)cc2)scc1C=O failed to sanitize.
16:45:46 <INFO> Sampled SMILES c1(N=Nc2ccc([N+]([O-])=O)cc2C(F)(F)F)c(C#N)ccc1C(F)(F)F failed to sanitize.
16:45:46 <INFO> Sampled SMILES c1cc(NC(c2ccc(NNCCCCl)cc2)ccc1N)n failed to sanitize.
16:45:46 <INFO> Sampled SMILES c1(N=Nc2ccccc2)nc(C)s1 failed to sanitize.
16:45:46 <INFO> Sampled SMILES N(=Nc1c(Cl)c)ccc1NC(=O)O failed to sanitize.
16:45:46 <INFO> Sampled SMILES c1(Cl)c(N=Nc2c(Cl)cc(N3CCOCC3)c2)ccc(Br)c1 failed to sanitize.
16:45:46 <INFO> Sampled SMILES c1(C(N)=O)c(O)c(N=Nc2c(O)n(-c3c(C)cccc3C)c(C)c2C)cc1 failed to sanitize.
16:45:46 <INFO> Sampled SMILES c1(N=Nc2cc(C)ccc2O)c(C)sc1NCCN1CCCCC1 failed to sanitize.
16:45:46 <INFO> Sampled SMILES Oc1c(-c2cc(C(=O)OCC)c(N=Nc3c([N+]([O-])=[O-])ccc3C)c(C)n(CC(C)C)c2=O)cccc1 failed to sanitize.
16:45:46 <INFO> Sampled SMILES Oc1[nH]nc(-c2cc(N=Nc3c(C)cc(S(=O)(=O)c4ccccc4)c4c(C)cc(C)cc34)cc2)c1N failed to sanitize.
16:45:46 <INFO> Sampled SMILES c1c(S(=O)(O)C)ccc(N=Nc2ccc(N(CC)CC)cc2C)cc1 failed to sanitize.
16:45:46 <INFO> Sampled SMILES N(CC)(c1ccccc1)=Nc1ccc(N(CCC#N)CCO)cc1 failed to sanitize.
16:45:46 <INFO> Sampled SMILES c1(COc2ccc(N(C)C)cc2)c(O)n(CCCCC)c1-c1ccc(N=Nc2ccc(N=Nc3ccc(N(C)O)cc3)cc2)cc1 failed to sanitize.
16:45:46 <INFO> Sampled SMILES c12ccc(NCCC#N)c(O)c2n1 failed to sanitize.
16:45:46 <INFO> Sampled SMILES c1c(N=Nc2ccc(O)cc2)c(C)onc1C failed to sanitize.
16:45:46 <INFO> Sampled SMILES c1c(N(CCO)CCO)cccc(N=Nc2c(Cl)cc([N+]([O-])=O)cc2)c1 failed to sanitize.
16:45:46 <INFO> Sampled SMILES F(Br)CCc1ccc(N=Nc2sc(C)ncc2)cc1 failed to sanitize.
16:45:46 <INFO> Sampled SMILES c1(N(C)C)cc(N)cc1N=Nc1c(C)noc1C failed to sanitize.
16:45:46 <INFO> Sampled SMILES N(C)c1cc(N=Nc2c(O)n(SCC(=O)(C(C)C)C)cc2)ccc1 failed to sanitize.
16:45:46 <INFO> Sampled SMILES c1(N=Nc2ccc(N=Nc3ccc(C)cc3)cc2)c2cccc([N+](=O)[O-])c2C1 failed to sanitize.
16:45:46 <INFO> Sampled SMILES c1(N(CC)CCCC)c(C)c(C(=O)OCC)nc1N=Nc1ccc(N(CC)CC)cc1 failed to sanitize.
16:45:46 <INFO> Sampled SMILES c1ccc(N=Nc2ccccc2)c(F)c(F)c1 failed to sanitize.
16:45:46 <INFO> Sampled SMILES c1cccc(N=Nc2c(N)c(C)c(C(F)(O)=O)cn2)c1 failed to sanitize.
16:45:46 <INFO> Sampled SMILES Oc1[nH]c(N=Nc2ccc(Cl)cc2)c(C)cc1 failed to sanitize.
16:45:46 <INFO> Sampled SMILES Cl(c1c(N=Nc2c(C#N)ccc3cccnc23)ccc(C)c1)C(C)C failed to sanitize.
16:45:46 <INFO> Sampled SMILES c1(N=Nc2ccc(N(CC)CC)cc2)c(C#N)cc([N+](=O)[O-])c1 failed to sanitize.
16:45:46 <INFO> Sampled SMILES c1c(N=Nc2ccccc2Cl)ccc([N+]([O-])=O)c(O)c1 failed to sanitize.
16:45:46 <INFO> Sampled SMILES c1(N=Nc2c(O)nc(SC)nc2NCc2ccccc2)onc1N failed to sanitize.
16:45:46 <INFO> Sampled SMILES c1cc(Br)ccc1Cl=Nc1ccc(N(CC)CC)cc1 failed to sanitize.
16:45:46 <INFO> Sampled SMILES c1cc2c(N(CC)CC)cc(N=Nc3ccc(N(CC)CC)cc3)ccc12 failed to sanitize.
16:45:46 <INFO> Sampled SMILES Oc1c(N=Nc2c(OC)ccc(F)c2)c(C(F)(F)F)cccc1 failed to sanitize.
16:45:46 <INFO> Sampled SMILES c1cccc(CC#N)cc1-c1cc(C(=O)CBr)ccc1OC failed to sanitize.
16:45:46 <INFO> Sampled SMILES COc1c(-c2ccccc2)c(C)cc(N(C)C)cc1 failed to sanitize.
16:45:46 <INFO> Sampled SMILES C(N#NNN)cc1nccc1SCCCc1ccccc1 failed to sanitize.
16:45:46 <INFO> Sampled SMILES c1(C(c2ccc(N=Nc3ccccc3)cc2)CCO)cccc1 failed to sanitize.
16:45:46 <INFO> Sampled SMILES c1(Br)ccc(N=Nc2ccccc2)c1 failed to sanitize.
16:45:46 <INFO> Sampled SMILES c1(N(CCC#N)CCC#N)ccc(C)c(N=Nc2c(O)n(CC)c(=O)c(C#N)c2C)cc1 failed to sanitize.
16:45:46 <INFO> Sampled SMILES c1cc(O)cc(N=Nc2ccc(N=Nc3ccc(C(=O)=C)cc3)cc2C)c1 failed to sanitize.
16:45:46 <INFO> Sampled SMILES c1(O)ncNc(N=Nc2ccc(C(F)(F)F)cc2)c1 failed to sanitize.
16:45:46 <INFO> Sampled SMILES c1ccc(N=Nc2c(F)c(F)c(Nc3cccc(Cl)c3Br)c2O)cc1 failed to sanitize.
16:45:46 <INFO> Sampled SMILES c1(O)nc(N=Nc2c(N3CCOCC3)c([N+](=O)[O-])ccc2[N+](=O)[O-])c(C)n1 failed to sanitize.
16:45:46 <INFO> Sampled SMILES c1c(O)cc(N=Nc2ccc(C#N)cc2)ccc1 failed to sanitize.
16:45:46 <INFO> Sampled SMILES c1(N=Nc2nc(NCCC(N)=O)sc2C)ccc(NC(=O)OC(C)(C)C)c1 failed to sanitize.
16:45:46 <INFO> Sampled SMILES c1(N=Nc2ccc(N(C)C)cc2)ccc(N(CC)CC)c1O failed to sanitize.
16:45:46 <INFO> Sampled SMILES c1c(N=Nc2c(N3CCCC3)cc(OC)cc2F)ccc(C(F)(F)F)cc1 failed to sanitize.
16:45:46 <INFO> Sampled SMILES OC(c1c(OC)cc(N=Nc2cccc(C(F)(F)F)c2)c(O)cc1)O failed to sanitize.
16:45:46 <INFO> Sampled SMILES C(c1[nH]c2ccc(N3CC(O)C3)cc1)C2 failed to sanitize.
16:45:46 <INFO> Sampled SMILES c1(N=Nc2ccc(N(CC)CC)cc2)c(Cl)ccc1 failed to sanitize.
16:45:46 <INFO> Sampled SMILES c12c(cccc1N=Nc1c(C)n[nH]c1C)=NCCC2 failed to sanitize.
16:45:46 <INFO> Sampled SMILES N(=Nc1cn(C)n=ccc1SCCNCCO)c1ccc([N+](=O)[O-])cc1C#N failed to sanitize.
16:45:46 <INFO> Sampled SMILES CN(Cc1cc(-c2ccncc2)no1)C(=O)CN(c1cccc(C(F)(F)=O)c1)C(C)(C)C failed to sanitize.
16:45:46 <INFO> Sampled SMILES c1cccc2c1oc1ccccc2#C=NNc11c(C)n[nH]c1C failed to sanitize.
16:45:46 <INFO> Sampled SMILES N(=Nc1ccc(O)c(NCC(=O)OCCC(C)(C)C)c1)(CCO)CCCCNC(=O)C(F)(F)F failed to sanitize.
16:45:46 <INFO> Sampled SMILES c1cc(N=Nc2c(C)c(C#N)c(CCCCBr)c2O)ccc1[N+](=O)[O-] failed to sanitize.
16:45:46 <INFO> Sampled SMILES c1cc(N=Nc2ccc(N(C)C)cc2)c2c3c(c1)CCCN3CCC2 failed to sanitize.
16:45:46 <INFO> Sampled SMILES N(c1cnc(NS(=O)(=O)C)c1)=Nc1c(Br)cc(C(=O)OCC)cc1 failed to sanitize.
16:45:46 <INFO> Sampled SMILES c1(C#N)ccc(N=Nc2ccc(C(F)(F)F)cc2)c1C(O)=O failed to sanitize.
16:45:46 <INFO> Sampled SMILES c1(N=Nc2ccccc2[N+]([O-])=O)c(C)no1 failed to sanitize.
16:45:46 <INFO> Sampled SMILES c1(N(CCO)CCO)ccc(N=Nc2cc(Br)ccc2Br)c1 failed to sanitize.
16:45:46 <INFO> Sampled SMILES c1(N=Nc2ccccc2Br)c(F)cc(N(C)C)c1 failed to sanitize.
16:45:46 <INFO> Sampled SMILES c1(Cl)ccccc(N=Nc2ccccc2)c1 failed to sanitize.
16:45:46 <INFO> Sampled SMILES OC(c1ccc(N=Nc2c(Cl)cc([N+]([O-])=O)cc2)cc1)Cc1cccn1 failed to sanitize.
16:45:46 <INFO> Sampled SMILES c1(F)ccc(N=Nc2ccc(NCCC#N)cc2)c1C failed to sanitize.
16:45:46 <INFO> Sampled SMILES c1(N=Nc2c(C)nn(-c3ccc(C)cc3)c2O)cnn1CC(OC)OC failed to sanitize.
16:45:46 <INFO> Sampled SMILES c1c(N=Nc2c(N3CCCC3)cccc2F)cc(N2CCCC2)c(C#N)c([N+](=O)[O-])c1 failed to sanitize.
16:45:46 <INFO> Sampled SMILES c1(N=Nc2ccc(N(CC)CC)cc2)cCccc1 failed to sanitize.
16:45:46 <INFO> Sampled SMILES c1c(N(CC)CC)ccc(N=Nc2ccc(NCCC#N)cc2)cc1 failed to sanitize.
16:45:46 <INFO> Sampled SMILES c1c(N=Nc2ccc3c(c2)CCO3)c(=O)[nH]c(=O)c1 failed to sanitize.
16:45:46 <INFO> Sampled SMILES c1(NC(=O)C(F)(F)F)sc(N=Nc2ccc(OC)cc2)c(C(Cl)=Cl)c1C failed to sanitize.
16:45:46 <INFO> Sampled SMILES Oc1c(O)cc(N=Nc2c(C)onc2C)ccc1C#N failed to sanitize.
16:45:46 <INFO> Sampled SMILES c1(N(CCC#N)CCO)cc(C)c(N=Nc2cccc(OC)c2)c1 failed to sanitize.
16:45:46 <INFO> Sampled SMILES c1c(N(CCC#N)CCO)ccc(C)c(NCCC#N)c1 failed to sanitize.
16:45:46 <INFO> Sampled SMILES c1([N+]([O-])=O)ccc(N=Nc2cc(F)ccc2)c1C failed to sanitize.
16:45:46 <INFO> Sampled SMILES c1(N=Nc2sc(NCCOOCCBr)s2)ccc(N(C)C)c1 failed to sanitize.
16:45:46 <INFO> Sampled SMILES c1cc2cc(N=Nc3c(C)nn(C)n3)ccc2ccc1 failed to sanitize.
16:45:46 <INFO> Sampled SMILES c1(N=Nc2c(Br)cc([N+](=O)[O-])cc2[N+]([O-])(C)C)c(C#N)c(Cl)cc1Cl failed to sanitize.
16:45:46 <INFO> Sampled SMILES c1(N(CC)CCC#N)cc2ncsc2c1 failed to sanitize.
16:45:46 <INFO> Sampled SMILES c1(C)cccc1N=Nc1c(C)noc1C failed to sanitize.
16:45:46 <INFO> Sampled SMILES c1[nH]c(N=Nc2ccnn2C)c(C)cc1 failed to sanitize.
16:45:46 <INFO> Sampled SMILES C(OC(c1ccc(OC)c(OC)c1)=N=Nc1ccccc1)=N failed to sanitize.
16:45:46 <INFO> Sampled SMILES c1c(NCCC#N)cc(O)cc2c(OCC)c(N=NcClcc(Cl)cc2)c1 failed to sanitize.
16:45:46 <INFO> Sampled SMILES c1c(N2=Nc3c(c4CCC4)CCC3)ccc(OC)c3cccc2c13 failed to sanitize.
16:45:46 <INFO> Sampled SMILES c1cc(C(OCC)n2ccnc(C)c2)ccc1 failed to sanitize.
16:45:46 <INFO> Sampled SMILES c1ccc(Cc2ccc(N=Nc3c(OC)cc(N(CC)CC)cc3)cc2)c1C#N failed to sanitize.
16:45:46 <INFO> Sampled SMILES N(=Nc1c(F)cccc1F)=Nc1c(OC)cc(NCC)cc1 failed to sanitize.
16:45:46 <INFO> Sampled SMILES c1c(N#Nc2ccc(N(CC)CC)cc2)ccc(NCCC#N)c1 failed to sanitize.
16:45:46 <INFO> Sampled SMILES Fc1cc([N+](=O)[O-])c(N2CCCC2)cc1N=Nc1sc(C(C)=O)ccc1 failed to sanitize.
16:45:46 <INFO> Sampled SMILES O=[N+]1(C)c2c(cccc1)N=N2C failed to sanitize.
16:45:46 <INFO> Sampled SMILES c1cccc2c1c(N=Nc1c(Cl)ccc(Cl)c1)c(C)nn2C failed to sanitize.
16:45:46 <INFO> Sampled SMILES O=[N+]([O-])c1c(N=Nc2c(N3CCCCC3)cs2)cc(C)cn1 failed to sanitize.
16:45:46 <INFO> Sampled SMILES c1(O)nc(N=Nc2c(OC)cc(C)cc2O)sc2c1CCC2 failed to sanitize.
16:45:46 <INFO> Sampled SMILES c1c(N=Nc2ccc(N)cc2)c(C)c(C#N)c(N=Nc3c(C#N)cccc3)cc1 failed to sanitize.
16:45:46 <INFO> Sampled SMILES c1(C)c(C#N)c(N)c(N=Nc2c(Cl)cc([N+]([O-])=O)cc2Cl)c1Cl failed to sanitize.
16:45:46 <INFO> Sampled SMILES c1(N=Nc2c(N3CCCCC3)cccc2)n[nH]c1C failed to sanitize.
16:45:46 <INFO> Sampled SMILES N(C(c1)cccc1)=Nc1ccc(Cl)cc1 failed to sanitize.
16:45:46 <INFO> Sampled SMILES c1([N+]([O-])=O)ccc(F)c1C=NNc1nc(-c2ccccc2)c([N+](=O)[O-])cn1 failed to sanitize.
16:45:46 <INFO> Sampled SMILES c1(N=Nc2ccc(N(C)CCO)cc2)c(C)no1 failed to sanitize.
16:45:46 <INFO> Sampled SMILES N#Cc1c(NC(=O)CCN(CCO)CCOCCO)sc(N=Nc2ccc(Cl)cc2)cc1 failed to sanitize.
16:45:46 <INFO> Sampled SMILES Oc1c(N=Nc2c(C(F)(F)F)cc(S(=O)(=O)O)ccc2OC)c(C(F)(F)F)cccc1 failed to sanitize.
16:45:46 <INFO> Sampled SMILES N(CC)(c1ccc(N=Nc2cc(C)nn(C)c2)cc1)=O failed to sanitize.
16:45:46 <INFO> Sampled SMILES c1c(NCCC#N)cnc(N=Nc2c(C)n[nH]c2C)cc1 failed to sanitize.
16:45:46 <INFO> Sampled SMILES C#C(C)(C)N(CCC#N)CC(O)CO failed to sanitize.
16:45:46 <INFO> Sampled SMILES c1(N=Nc2nc3c(N(C)OC)sc(N)c3-c2sc2sc4c(c2)CCCCC4)CCOCC1 failed to sanitize.
16:45:46 <INFO> Sampled SMILES c1c(N=Nc2c([N+](=O)[O-])cc(C(F)(F)F)cc2)sc(N=Nc2c(OC)cc(OC)cc2[nH]1)c1nnn(C)n1 failed to sanitize.
16:45:46 <INFO> Sampled SMILES c1nc2c(NCCC#N)ccccc2cc1 failed to sanitize.
16:45:46 <INFO> Sampled SMILES c1(N=Nc2c(C#N)cc([N+](=O)[O-])cc2Br)ccc(S(N)(=O)=O)c1 failed to sanitize.
16:45:46 <INFO> Sampled SMILES c1(N#N)c(N2CCN(CCC#N)CC2)c(C#N)c(-c2ccccc2)c(C#N)c1 failed to sanitize.
16:45:46 <INFO> Sampled SMILES F1(F)c2ccc(OC)c(N=Nc3c(C#N)cccc3)cc2c1 failed to sanitize.
16:45:46 <INFO> Sampled SMILES c1(N=Nc2ccc(NC(=O)CCl)cc2)ccc(N=[N+]=NNc1c(-c2ccccc2)cc(C)nc1C#N)c1 failed to sanitize.
16:45:46 <INFO> Sampled SMILES c1(OC)ccc(Br)c1N=Nc1c(C(F)(F)F)cc(C(=O)OCC)cc1C failed to sanitize.
16:45:46 <INFO> Sampled SMILES c1(N=Nc2c(N3CCCCC3)cccc2)ccc(OC)c(C#N)cc1 failed to sanitize.
16:45:46 <INFO> Sampled SMILES c1(C(C)(C)C)cc(N=Nc2c(C)cc(C)cc2)c(OC)c(N=Nc2cc(O)c(N=Nc3c([N+]([O-])=[O-])cc([N+]([O-])=O)cc3C#N)c2)c1O failed to sanitize.
16:45:46 <INFO> Sampled SMILES c1(#C)c(N=Nc2scc(SC)n2)c(OC)c(OC)c1 failed to sanitize.
16:45:46 <INFO> Sampled SMILES N(c1ccc(N=Nc2ccc([N+]([O-])=O)cc2)c(O)cc1)=Nc1sc2c([N+](=O)[O-])cccc2n1 failed to sanitize.
16:45:46 <INFO> Sampled SMILES N(=Nc1c(=O)oc(=O)n1C)c1ccccc1 failed to sanitize.
16:45:46 <INFO> Sampled SMILES C(CN(c1cc(C)ccc1)=N(CCC#N)c1ccc(-c3ccccc3)cc1)CNC failed to sanitize.
16:45:46 <INFO> Sampled SMILES c1(Nc2cc(N=Nc3c(n)ccc3CO)ccc2)CC(OC)=OCCO1 failed to sanitize.
16:45:46 <INFO> Sampled SMILES N(=C(c1ccc(C#N)cc1)=Nc1ccc(N(C)C)cc1)C(C)(C)C failed to sanitize.
16:45:46 <INFO> Sampled SMILES c1(N=Nc2c(F)c3c(c(F)c2F)Sc2nc(N)ccc3)cccc2c(O)ccc1 failed to sanitize.
16:45:46 <INFO> Sampled SMILES [N+](=O)(c1ccc(N=Nc2ccc(C(F)(F)F)cc2)cc1)(F)=O failed to sanitize.
16:45:46 <INFO> Sampled SMILES c1(OC)ccc2c(N=Nc3ccc(N4CCCC4)cc3)cccc21 failed to sanitize.
16:45:46 <INFO> Sampled SMILES c1ccc(N=Nc2c(S(=O))=O)cccc2c1 failed to sanitize.
16:45:46 <INFO> Sampled SMILES c1(N=Nc2nc3c(c(N(C)C)c(N(CC)CC)c4ccccc34)cc(N3CC3)c2C)CCOCC1 failed to sanitize.
16:45:46 <INFO> Sampled SMILES N(=Nc1ccc(Br)cc1)=Nc1ccc(O)cc1 failed to sanitize.
16:45:46 <INFO> Sampled SMILES N(c1c2ccc(O)cc2)cc(SCC)cc1 failed to sanitize.
16:45:46 <INFO> Sampled SMILES c1(N=Nc2c(CO)cc(S(=O)(=O)O)cc2N=Nc2c([N+]([O-])(=O)[O-])ccc([N+](=O)[O-])c2)c(C)n(-c2ccccc2)c1C failed to sanitize.
16:45:46 <INFO> Sampled SMILES c1(N=Nc2c(N3CCCCC3)cccc2)n[nH]c1 failed to sanitize.
16:45:46 <INFO> Sampled SMILES c1c2c(ccc1)C(c1ccc(Cl)cc1)=Nc2n(C)c1ccccc1 failed to sanitize.
16:45:46 <INFO> Sampled SMILES c1(N=Nc2ccc(NC(=O)C)cc2F)cccc1 failed to sanitize.
16:45:46 <INFO> Sampled SMILES c12c(nccc1)c(N=Nc1c(O)cc(C(O)C)cc1O)c(C(N)=O)c2C failed to sanitize.
16:45:46 <INFO> Sampled SMILES c1(C)c(NCc2nosc2Br)c(-c2ccccc2)c(C(N)=O)c(=O)n#c1 failed to sanitize.
16:45:46 <INFO> Sampled SMILES c1c(NCCCCC#N)cc(O)ccc1 failed to sanitize.
16:45:46 <INFO> Sampled SMILES c1ccc(N=Nc2ncc(N=Nc3ccc(Br)cc3)c2)cc1 failed to sanitize.
16:45:46 <INFO> Sampled SMILES N(CC)(c1ccc(O)cc1)=Nc1ccc(N(C)C)cc1 failed to sanitize.
16:45:46 <INFO> Sampled SMILES c1([N+]([O-])=O)ccc(N=Nc2c([N+](=O)[O-])cc([N+]([O-])=O)cc2Br)c1 failed to sanitize.
16:45:46 <INFO> Sampled SMILES c1c(O)c(C)c(N=Nc2c(C)cc(C)cc2C)c(O)[nH]1 failed to sanitize.
16:45:46 <INFO> Sampled SMILES c1(N=Nc2ccc(N(C)C)cc2)c(C#N)cc([N+]([O-])=C)c1 failed to sanitize.
16:45:46 <INFO> Sampled SMILES c1cc(N=Nc2ccc(N(C)C)cc2)cc[nH]1 failed to sanitize.
16:45:46 <INFO> Sampled SMILES c1(N)c(N)c(N=Nc2c(Cl)c(Cl)c3c(cnn2C)C33CCN(CCC#N)CC3)c(C(F)(F)F)o1 failed to sanitize.
16:45:46 <INFO> Sampled SMILES c1cccc(N=Nc2c([nH])cnc2)c1 failed to sanitize.
16:45:46 <INFO> Sampled SMILES Cc1c([N+](=O)[O-])cc(C)c(O)c(OCCC#N)c1O failed to sanitize.
16:45:46 <INFO> Sampled SMILES N1CCc2c(OC)c(OC)cc(S(=O)(=O)C)cc21 failed to sanitize.
16:45:46 <INFO> Sampled SMILES c1cc([N+](=O)[O-])cc(N=c2c(C)[nH]nc2C)c1 failed to sanitize.
16:45:46 <INFO> Sampled SMILES CC(NC(=O)c1c(N=Nc2ccc([N+](=O)[O-])cc2)ccc1O)C(=O)N1CCCC1 failed to sanitize.
16:45:46 <INFO> Sampled SMILES c1(N=Nc2c(N3CCCC3)c(C)oc(O)c2)ccc(C#N)cc1 failed to sanitize.
16:45:46 <INFO> Sampled SMILES c1(NBr)cccc1N=Nc1c[nH]c(C(O)=O)c1 failed to sanitize.
16:45:46 <INFO> Sampled SMILES c1c(NCCC#N)cc(F)cc(C)c1 failed to sanitize.
16:45:46 <INFO> Sampled SMILES N(c1cc(N=Nc2ccc([N+]([O-])=O)cc2C#N)ccc1O)C#OC failed to sanitize.
16:45:46 <INFO> Sampled SMILES c1cccc2[nH]cc(=O)c(N=Nc3ccccc3)c12 failed to sanitize.
16:46:15 <INFO> Sampled SMILES c1c(N)c(N(CCS(=O)(=O)O)c2c(C)c(C)c([N+](=O)[O-])cc2N)c(Cl)ccc1[N+](=O)[O-] failed to sanitize.
16:46:15 <INFO> Sampled SMILES N(=Nc1nc(C(=O)C(C)(C)C)s1)c1ccccc1 failed to sanitize.
16:46:15 <INFO> Sampled SMILES c1cc(N=Nc2sc(N3CC3)c(C(OCC)=O)c2-c2ccccc2)cc([N+](=O)[O-])cc1 failed to sanitize.
16:46:15 <INFO> Sampled SMILES O=[N+]([O-])c1cccc(N=Nc2c3ccccc3c(N=Nc3ccc(N(CC)CC)cc3)c2O)c1 failed to sanitize.
16:46:15 <INFO> Sampled SMILES c1(N=Nc2sc(C)cn2)cccc(C)c1(F)C failed to sanitize.
16:46:15 <INFO> Sampled SMILES c1(N=Nc2sc(C)cn2)cccc1C#N failed to sanitize.
16:46:15 <INFO> Sampled SMILES c1(N=Nc2cc(C)ccc2N=Nc2ccc([N+](=O)[O-])cc2)[nH]c(N)c1C failed to sanitize.
16:46:15 <INFO> Sampled SMILES O=C(NC(c1ccc(N=Nc2ccc([N+](=O)[O-])cc2)cc1)C(=O)O)=Nc1c2c(cc3c1C(C)CC3)CCC2 failed to sanitize.
16:46:15 <INFO> Sampled SMILES N(=Nc1ccc([N+]([O-])=O)cc1)c1ccc([N+]=[O-])cc1 failed to sanitize.
16:46:15 <INFO> Sampled SMILES N(=Nc1c(F)c(F)c(N=N=Nc2sc(C(=O)C)cc2)c(C#N)c([N+]([O-])=O)c1Br)=Cc1ccco1 failed to sanitize.
16:46:15 <INFO> Sampled SMILES N(c1c(CC)n[nH]c1C)=Oc1ccc(OC)cc1 failed to sanitize.
16:46:15 <INFO> Sampled SMILES F(c1cccc(N=Nc2c(C)n[nH]c2C)c1)(C(F)(F)F)C(F)(F)F failed to sanitize.
16:46:15 <INFO> Sampled SMILES c1(N=Nc2ccccc2Br)ccc(N(CC)CC)c1O failed to sanitize.
16:46:15 <INFO> Sampled SMILES c1(C#N)c(C)n(CCCOCCCCCC#N)c1C failed to sanitize.
16:46:15 <INFO> Sampled SMILES F(c1ccnc(Cl)c1)=Nc1ccc(NCCC#N)cc1 failed to sanitize.
16:46:15 <INFO> Sampled SMILES c1(N=Nc2ccccc2Cl)ccc(Oc2ccc(C#N)cc2)c1 failed to sanitize.
16:46:15 <INFO> Sampled SMILES C=C(Br)C(=O)NC1C2CN(C(=O)c3cccc(N=Nc4ccc(N(CC)CC)cc4)cc32)CC1 failed to sanitize.
16:46:15 <INFO> Sampled SMILES C(N=N=Nc1cc(C(F)(F)F)ccc1F)c1ccc(C(=O)O)cc1 failed to sanitize.
16:46:15 <INFO> Sampled SMILES C#CCOc1ccc(N(C)C)c1 failed to sanitize.
16:46:15 <INFO> Sampled SMILES c1(F)c(N=Nc2noc(C3CCCC3)c2C)c(F)cc1[N+](=O)[O-] failed to sanitize.
16:46:15 <INFO> Sampled SMILES c1([N+]([O-])=O)cc(F)c(N=Nc2ccc(C(O)C)cc2)c1 failed to sanitize.
16:46:15 <INFO> Sampled SMILES c1(N=Nc2cccc([N+]([O-])=O)c2)cccc1 failed to sanitize.
16:46:15 <INFO> Sampled SMILES c1(C(C(=C)O)cncc(N(CCO)CCO)c1)=Nc1cc(OC)ccc1 failed to sanitize.
16:46:15 <INFO> Sampled SMILES c1(N=Nc2nc(N3CC3)ccc2F)ncc(NCCO)c1N failed to sanitize.
16:46:15 <INFO> Sampled SMILES c1(N=Nc2c(Cl)ccc(Cl)c2)cc(C)c(N=Nc2c(O)n([O-])cc(C)n2)cc1 failed to sanitize.
16:46:15 <INFO> Sampled SMILES c1(N=Nc2ccc(Cl)cc2)nccc1 failed to sanitize.
16:46:15 <INFO> Sampled SMILES c1(C(c2c(C)c3ccccc3[nH])cn2)c2ccc(N=Nc3ccc(N(CC)CC)cc3)ccc2n1 failed to sanitize.
16:46:15 <INFO> Sampled SMILES c1([N+]([O-])=O)cc(N=Nc2c(N)c(C(C)=O)c(N=Nc3ccc([N+]([O-])=O)cc3)c(C)c2)sc1C(=O)#CC failed to sanitize.
16:46:15 <INFO> Sampled SMILES C(N#Nc1cc(N2CCCC2)ccc1C)C(F)F failed to sanitize.
16:46:15 <INFO> Sampled SMILES c1c(O)cc(N=Nc2ccc(OC)cc2)ccc1 failed to sanitize.
16:46:15 <INFO> Sampled SMILES N(=Nc1c(Cl)F)cc(N)cc1-c1ccc(F)cc1 failed to sanitize.
16:46:15 <INFO> Sampled SMILES c1(N=Nc2ccccc2Br)c(C#N)ccc1C(=O)CBr failed to sanitize.
16:46:15 <INFO> Sampled SMILES c1(C(F)(F)F)cccc1N=Nc1ccc(N(C)C)cc1 failed to sanitize.
16:46:15 <INFO> Sampled SMILES N(=Nc1c(C)c2cc(N)ccc2oc1N)c1ccccc1 failed to sanitize.
16:46:15 <INFO> Sampled SMILES c1(NC(=O)c2ccccc2N(CCO)S(=O)(=O)C)c(C)nn1C failed to sanitize.
16:46:15 <INFO> Sampled SMILES F1(F)Fncc(N=Nc2ccc(N(CCO)CCO)cc2C)c1 failed to sanitize.
16:46:15 <INFO> Sampled SMILES c1(N=Nc2ccc(N(CC)CC)cc2)c(F)c(F)cc1C#N failed to sanitize.
16:46:15 <INFO> Sampled SMILES c1(NS(=O)(=O)c2ccc(N(CCC#N)CCO)cc2)cccc1 failed to sanitize.
16:46:15 <INFO> Sampled SMILES c1(N(CCO)CCO)c(OC)ccc1N=Nc1ccc(N(CC)CC)cc1 failed to sanitize.
16:46:15 <INFO> Sampled SMILES CCOC(=O)c1cc(SCC(=O)N(CC)CC)s1 failed to sanitize.
16:46:15 <INFO> Sampled SMILES c1cc(N(CCC#N)CCN=Cc2ccc(N(CC)CC)cc2)[nH]cc1 failed to sanitize.
16:46:15 <INFO> Sampled SMILES c1cc(N=Nc2c3c(c(C)c(S(N)=O)c(C)c3[nH]2)CCC#N)ccc1 failed to sanitize.
16:46:15 <INFO> Sampled SMILES N#Cc1ccc(-c2cc(C(=O)O)cc(N=Nc3sc4c(n3)CCC4)c(F)c2)c1 failed to sanitize.
16:46:15 <INFO> Sampled SMILES N(=Nc1ccc(O)c(NC(CC)CC)c1)=Nc1c(C)cccc1 failed to sanitize.
16:46:15 <INFO> Sampled SMILES c1(C)c(N=Nc2ccc(F)cc2)cc2c3c(c1)CCCN3CCC2 failed to sanitize.
16:46:15 <INFO> Sampled SMILES c1ccc2c(cccc(N=Nc3ccc(NCCC#N)cc3)c2)c1N failed to sanitize.
16:46:15 <INFO> Sampled SMILES OC1C(C(N)=O)(c2ccc(N3CCN(CCC#N)CC3)cc2)CC#N1C(=O)OC(C)(C)C failed to sanitize.
16:46:15 <INFO> Sampled SMILES c1c(N=Nc2ccc(Br)cc2)c(C)cn1 failed to sanitize.
16:46:15 <INFO> Sampled SMILES N1CCC(O)=C(c2c(C)c(C#N)c(C)c(OC)c2OC)C=O1 failed to sanitize.
16:46:15 <INFO> Sampled SMILES N(=Nc1c(O)ccc2c(c1)OCCO2)c1ccc(N=Nc2ccc(O)cc2)cc1 failed to sanitize.
16:46:15 <INFO> Sampled SMILES c1cc(N=Nc2ccccc2)ccc1C(=O)=O failed to sanitize.
16:46:15 <INFO> Sampled SMILES Oc1c(-c2cc(N(CC)CC)ccc2O)sc(N=Nc2ccc([N+](=O)[O-])cc2)cc1 failed to sanitize.
16:46:15 <INFO> Sampled SMILES c1(N=Nc2c(Cl)ccc(Cl)c2)scc1C=O failed to sanitize.
16:46:15 <INFO> Sampled SMILES N(c1c2ccccc2O)c(c2ccc(NC(=O)CC)cc2)c1 failed to sanitize.
16:46:15 <INFO> Sampled SMILES c1(C)c(N=Nc2ccc(C#N)cc2)c(=O)[nH]c(=O)c1N=Nc1ccc(C(F)(F)F)cc1 failed to sanitize.
16:46:15 <INFO> Sampled SMILES c1(N=Nc2nc(N3CC3)c(N=Nc3sccn3)cn2C)ccc(C)cc1 failed to sanitize.
16:46:15 <INFO> Sampled SMILES c1cc(N=Nc2sccc2S(=O)(=O)=Nc2ccc(C)cc2)ccc1N(C)C failed to sanitize.
16:46:15 <INFO> Sampled SMILES c1(N=Nc2ccccc2Br)cn[nH]1 failed to sanitize.
16:46:15 <INFO> Sampled SMILES c1(N=Nc2ccc(C)cc2)cc(C)c(C#N)c(N3CCCC3)cc1 failed to sanitize.
16:46:15 <INFO> Sampled SMILES N(=NNCc1ccc(C#N)cc1)cc1ccc(C#N)cc1 failed to sanitize.
16:46:15 <INFO> Sampled SMILES NC(c1ccc(N=Nc2ccc(C#N)cc2)cc1)(C)(C)C failed to sanitize.
16:46:15 <INFO> Sampled SMILES c1(N=Nc2sc(C)cn2)ccc(NCCC#N)cc1=O failed to sanitize.
16:46:15 <INFO> Sampled SMILES c1=Nc2ccccc2c(=O)n1CCC(=O)Cc1c(C(=O)OCC)c(C)n(CC)c1C failed to sanitize.
16:46:15 <INFO> Sampled SMILES C(Cl)c1ccc(N=Nc2c(C)c(C#N)c(=O)n(CC)c2=O)cc1 failed to sanitize.
16:46:15 <INFO> Sampled SMILES OC(c1cc(N=Nc2ccc(Br)cc2)cc1)(F)F failed to sanitize.
16:46:15 <INFO> Sampled SMILES c1c(F)c(N=Nc2ccc(Br)cc2)ccc(NCCC)c1 failed to sanitize.
16:46:15 <INFO> Sampled SMILES c1(N=Nc2c(C#N)cc(Br)cc2Br)sc(NCCO)c1N failed to sanitize.
16:46:15 <INFO> Sampled SMILES C#Cc1cc(NC(=O)CNC(=O)C(NC(=O)C(C)=N=NNC(=O)c2ccncc2)C(C)C)ccc1F failed to sanitize.
16:46:16 <INFO> Sampled SMILES c1(N=Nc2ccc(C)cc2)nncc1N=Nc1c([N+](=O)[O-])c(Br)c([N+](=O)[O-])cn1C failed to sanitize.
16:46:16 <INFO> Sampled SMILES c1(N)c(N=Nc2ccccc2)ccc1OC failed to sanitize.
16:46:16 <INFO> Sampled SMILES c1(Cl)ccc(Cl)c1N=Nc1c(C)[nH]nc1C failed to sanitize.
16:46:16 <INFO> Sampled SMILES c1n(CC)c(N=Nc2ccc(N(CC)CC)cc2)c(C)[nH]1 failed to sanitize.
16:46:16 <INFO> Sampled SMILES FC(F)(#F)c1cc(N=Nc2ccc(C(F)(F)F)cc2)ccc1N1CCNCCOC1 failed to sanitize.
16:46:16 <INFO> Sampled SMILES Br(c1ccc(N=Nc2c(Cl)cc(N(CCO)CC(C)O)cc2)c1O)C failed to sanitize.
16:46:16 <INFO> Sampled SMILES c1(C)nnnc1C failed to sanitize.
16:46:16 <INFO> Sampled SMILES FC(F)(C)c1cc(N=Nc2nncn2)c(O)c(C(C)C)c1 failed to sanitize.
16:46:16 <INFO> Sampled SMILES C([N+](=O)(Cl)CCC)c1ccc(N(CCO)CCO)cc1 failed to sanitize.
16:46:16 <INFO> Sampled SMILES c1(N=Nc2ccc([N+](=O)[O-])cc2C(F)(F)F)c(Br)ccc1[N+](=O)[O-] failed to sanitize.
16:46:16 <INFO> Sampled SMILES c1cccc(C(C)OC)c1N=Nc1c(C)c(C#N)c(=O)n(C)c1=O failed to sanitize.
16:46:16 <INFO> Sampled SMILES c1(N=Nc2ccc(N(CC)CC)cc2C)c(C#N)cccc1#O failed to sanitize.
16:46:16 <INFO> Sampled SMILES Oc1c(N=Nc2nc(C(C)C)c(OC)cc2C#N)ccc(C#N)cc1 failed to sanitize.
16:46:16 <INFO> Sampled SMILES CCN(c1ccccc1)=Nc1ccc(N(C)C)cc1 failed to sanitize.
16:46:16 <INFO> Sampled SMILES Fc1ccccc1-c1nnc(N=Nc2sc(NCCBrBr)cc2-c2ccccc2)s1 failed to sanitize.
16:46:16 <INFO> Sampled SMILES Oc1(Cl)ccc(N=Nc2c(C)[nH]nc2C)cc1 failed to sanitize.
16:46:16 <INFO> Sampled SMILES N(=N#CCCC(=O)c1ccc(C(C)(C)C)cc1)c1ccccc1 failed to sanitize.
16:46:16 <INFO> Sampled SMILES c1(OS(=O)(=O)c2ccccc2)c(C#N)c(N=[nH]2ncsc2SC)cc1 failed to sanitize.
16:46:16 <INFO> Sampled SMILES c1cc2[nH]c(N(c=Nccc3ccco3)c2)nc1 failed to sanitize.
16:46:16 <INFO> Sampled SMILES C(C)N(c1cnc(C)cc1)=Nc1c(OC)cccc1 failed to sanitize.
16:46:16 <INFO> Sampled SMILES c1([N+]([O-])=O)cc(Br)c(N=Nc2c(Br)cc(C#N)cc2Br)c1Cl failed to sanitize.
16:46:16 <INFO> Sampled SMILES c1sc(N=Nc2ccc(N(CC)CC)cc2)cc(N([O-])C)c1 failed to sanitize.
16:46:16 <INFO> Sampled SMILES N(c1cc(-c2ccccc2)nn1)c1nc(C2CC2)ccc1F failed to sanitize.
16:46:16 <INFO> Sampled SMILES c1cc(N(CC)CC)c(N=Nc2ccc([N+]([O-])=O)cc2C(=O)C)ccc1F failed to sanitize.
16:46:16 <INFO> Sampled SMILES c1(-n2nc(C)c(N=Nc3ccsc3)c2C)ccc(C)c1 failed to sanitize.
16:46:16 <INFO> Sampled SMILES C#C(C)(C)N(C)c1cccc(NC(=O)OC)c1 failed to sanitize.
16:46:16 <INFO> Sampled SMILES Cc1c(N=Nc2ncnc3c(C)csc23)sc1C failed to sanitize.
16:46:16 <INFO> Sampled SMILES c1(N=Nc2sccn2)[nH]ccc1=O failed to sanitize.
16:46:16 <INFO> Sampled SMILES c1(C(OC)OC)ccc(N=Nc2c(C)cc(N(CCC#N)CCC)cc2)c1 failed to sanitize.
16:46:16 <INFO> Sampled SMILES c1(N=Nc2c(C)cccc2Cl)scc1C=O failed to sanitize.
16:46:16 <INFO> Sampled SMILES C(N(c1cccc(NCc2ccccc2)c1)C#O)c1ccccc1 failed to sanitize.
16:46:16 <INFO> Sampled SMILES c1(C#N)c(Cl)cc(N=Nc2ccc([N+]([O-])=O)cc2)c1N failed to sanitize.
16:46:16 <INFO> Sampled SMILES c1c(O)cc(N=Nc2c(C)[nH]nc2C)ccc1F failed to sanitize.
16:46:16 <INFO> Sampled SMILES c1(N=Nc2sc(NCCBr)c(C(=O)OCC)c2-c2ccccc2)ccc(OC)c1 failed to sanitize.
16:46:16 <INFO> Sampled SMILES c1c(CCNCCC#N)cccc(NCc2ccccc2)c1 failed to sanitize.
16:46:16 <INFO> Sampled SMILES c1c(-c2cccc(N=Nc3scc3)c(C)c2)cccc1 failed to sanitize.
16:46:16 <INFO> Sampled SMILES c1([N+]([O-])=O)cc(N=Nc2c(C)cc(N(C)C)cc2SCC#N)cccc1 failed to sanitize.
16:46:16 <INFO> Sampled SMILES F(c1cc([N+]([O-])=O)c(C(N)=O)cc1F)c1c(Br)cccc1[N+](=O)[O-] failed to sanitize.
16:46:16 <INFO> Sampled SMILES [O-]1(C#N)c2ccccc2N(c2ccccc2)=Nc1c1ccc(N=Nc1sccc1[N+](=O)[O-])cc1 failed to sanitize.
16:46:16 <INFO> Sampled SMILES c1c(-c2ccc(N=Nc3scc4c3)c(-c3c(N=Nc5cccnc5)csc4c3)cc2)[nH]cn1 failed to sanitize.
16:46:16 <INFO> Sampled SMILES cN(C)c2ccc(N=Nc3cc(C)on3)cc2 failed to sanitize.
16:46:16 <INFO> Sampled SMILES c1(C)cccc1-c1nc(N=Nc2ccccc2O)ncc1N failed to sanitize.
16:46:16 <INFO> Sampled SMILES N(CC)(c1ccccc1)=Nc1ccc(N(CC)CC)cc1 failed to sanitize.
16:46:16 <INFO> Sampled SMILES c1c(NCCC#N)cc(C)c(N=Nc2ccc(C#N)cc2)cc1 failed to sanitize.
16:46:16 <INFO> Sampled SMILES c1c2c(ccc1[N+](=O)[O-])nc(N=Nc1sc(C(CC)C)nc(C)c12)c1ccccc1 failed to sanitize.
16:46:16 <INFO> Sampled SMILES c1(N=Nc2c(N3CCCC3)cccc2F)c(C)nn2cnnc12 failed to sanitize.
16:46:16 <INFO> Sampled SMILES Br(c1ccc(Oc2ccc(OC)cc2)cc1)=Nc1nc2c([nH]([O-])cc(=O)[nH]c2=O)c(F)c1C failed to sanitize.
16:46:16 <INFO> Sampled SMILES C(F)(F)FNc1cc(S(=O)(=O)N(CCO)CCO)ccc1 failed to sanitize.
16:46:16 <INFO> Sampled SMILES N(c1sc(N=Nc2scc(-c3ccccc3)c(=O)c2)n1)C1CCCC1 failed to sanitize.
16:46:16 <INFO> Sampled SMILES N(c1ccc(-c2csc(NCC)n2)c1)=Nc1ccc([N+](C)=O)cc1 failed to sanitize.
16:46:16 <INFO> Sampled SMILES [O-][N+](c1cc(N=Nc2c([N+]([O-])=O)[O-])cc(F)cc2F)c(O)c1 failed to sanitize.
16:46:16 <INFO> Sampled SMILES c1c(NCCC#N)cccc(N=Nc2ccc(O)cc2)c1 failed to sanitize.
16:46:16 <INFO> Sampled SMILES c1(F)c(F)c(C#N)cc1N=Nc1ccccc1Br failed to sanitize.
16:46:16 <INFO> Sampled SMILES c1cccc(Cl)c(N=Nc2c(C)[nH]nc2C)c1 failed to sanitize.
16:46:16 <INFO> Sampled SMILES c1(C(F)(F)F)ccc(N=Nc2ccc(C)cc2)c1 failed to sanitize.
16:46:16 <INFO> Sampled SMILES c1c(-c2c(N=Nc3c(OC)c(OC)cc(OC)c3)ccc2O)c(C#N)ccc1[N+](=O)[O-] failed to sanitize.
16:46:16 <INFO> Sampled SMILES N(=Nc1ccccc1O)=Nc1ccccc1 failed to sanitize.
16:46:16 <INFO> Sampled SMILES c1(N2CCOCC2)c(OC)cc(N=Nc2n[nH]cc2)c1C failed to sanitize.
16:46:16 <INFO> Sampled SMILES c1(C)cc(N(CCO)CCC#N)cc(C#N)c(N=Nc2c(C)[nH]nc2C)c1 failed to sanitize.
16:46:16 <INFO> Sampled SMILES c1c(O)cc(N=Nc2ccc(N(C)C)cc2)ccc1F failed to sanitize.
16:46:16 <INFO> Sampled SMILES c1(N2CCCCC2)cc(N=Nc2ccc(N(C)C)cc2)cc1 failed to sanitize.
16:46:16 <INFO> Sampled SMILES c1c(C#N)c(N=Nc2c(C)c(C(N)=O)c(=O)[nH]c2=O)c(O)ccc1Cl failed to sanitize.
16:46:16 <INFO> Sampled SMILES c1(Cl)c(Cl)c(N=Nc2c(C#O)cc(C(O)C)cc2O)c([N+](=O)[O-])cc1Cl failed to sanitize.
16:46:16 <INFO> Sampled SMILES c1c(Cl)cc([N+]([O-])=O)c(N=Nc2ccc(N(CC)CC)c(OC)c2)cc1 failed to sanitize.
16:46:16 <INFO> Sampled SMILES c1(N=Nc2c3c(c(SC)c3)ccccs2)c(C#N)cc(C)c(N)c1C#N failed to sanitize.
16:46:16 <INFO> Sampled SMILES c1(N2CCOCC2)c(c2ccc(N=Nc3ccc(N4CCCCC4)cc3)cc2)ccc1 failed to sanitize.
16:46:16 <INFO> Sampled SMILES c1(N=Nc2cc(C)ccc2)ccc(c2ccccc2)c1 failed to sanitize.
16:46:16 <INFO> Sampled SMILES c1cc(N[n+]2ccc(-c3csc(N4CCCC4)n3)c2)ccc1 failed to sanitize.
16:46:16 <INFO> Sampled SMILES N(=Nc1c(OC)cc(NC(CC)CC)c(C)cc1)c1sc(N2CCOCC2)n1-c1ccc(C(C)C)cc1 failed to sanitize.
16:46:16 <INFO> Sampled SMILES [O-]#CC(N=Nc1c(C(F)(F)F)cc(C(F)(F)F)cc1C=O)c1ccc2c(c1)OCCO2 failed to sanitize.
16:46:16 <INFO> Sampled SMILES c1(N=Nc2ccc(NC(=O)C)cc2)c2ccccc2n1C(=O)C(C)(C)C failed to sanitize.
16:46:16 <INFO> Sampled SMILES c1(O)c(F)c(N=Nc2cc(Br)c([N+]([O-])=O)cc2O)cc1[N+](=O)[O-] failed to sanitize.
16:46:16 <INFO> Sampled SMILES c1(OC)c(N=Nc2sc3c(c2C(O)=O)CCCCC3)c(Br)cc1Br failed to sanitize.
16:46:16 <INFO> Sampled SMILES c1c([N+]([O-])=O)cc(N=Nc2c(C)cc(N(CCC#N)CCC#N)cc2)ccc1[N+](=O)[O-] failed to sanitize.
16:46:16 <INFO> Sampled SMILES c1(Cl)c(N=Nc2ccccc2N2CCCC2)ccc1F failed to sanitize.
16:46:16 <INFO> Sampled SMILES c1(N=Nc2c(OC)cc(N(CC)CC)cc2)c([N+]([O-])=O)ccc1 failed to sanitize.
16:46:16 <INFO> Sampled SMILES Br(c1ccc(N=Nc2ccc([N+]([O-])=O)cc2)cc1)C1CC1 failed to sanitize.
16:46:16 <INFO> Sampled SMILES N1c(c2ccccc2)c(-c2ccccc2O)c(N=Nc2c([N+]([O-])=[N+]=[O-])cc([N+]([O-])=O)cc2C#N)c1C failed to sanitize.
16:46:16 <INFO> Sampled SMILES N(c1cccc2c(=O)[nH]c(=O)[nH]c2c1)=Nc1ccc([N+](=O)[O-])cc1 failed to sanitize.
16:46:16 <INFO> Sampled SMILES c1(C)cncs1N=Nc1ccc(O)cc1 failed to sanitize.
16:46:16 <INFO> Sampled SMILES c1(F)c(F)c(N=Nc2ccccc2)c(C)c1N=Nc1ccc([N+](=O)[O-])cc1[N+]([O-])=O failed to sanitize.
16:46:16 <INFO> Sampled SMILES O#C(C)(C#N)c1ccc(N=Nc2[nH]c(C)nn2)cc1 failed to sanitize.
16:46:16 <INFO> Sampled SMILES c1(N=Nc2ccc(N(CC)CC)cc2C)sccc1=O failed to sanitize.
16:46:16 <INFO> Sampled SMILES c1(N=Nc2ccc(C3CC3)s2)ccc(NCC)c1 failed to sanitize.
16:46:16 <INFO> Sampled SMILES N#CCCNc1ccc(N=Nc2c(C)c(C#N)c(=O)nn2C)cc1 failed to sanitize.
16:46:16 <INFO> Sampled SMILES [O-](NC(=O)CC#N)c1ccccc1 failed to sanitize.
16:46:16 <INFO> Sampled SMILES Cl(c1ccc(N=Nc2ccc(N(CC)CC)cc2)cc1)C failed to sanitize.
16:46:16 <INFO> Sampled SMILES C#NC(=O)C(C)CCc1noc(-c2cccc(N=Nc3ccc(N(CC)CC)cc3)c2)n1 failed to sanitize.
16:46:16 <INFO> Sampled SMILES c1c(C#N)c(N=Nc2c(C)cccc2)cccc1 failed to sanitize.
16:46:16 <INFO> Sampled SMILES c1(S(=O)(=O)(O)CCCC(=O)CCCC#N)ccccc1 failed to sanitize.
16:46:16 <INFO> Sampled SMILES c1([N+](=O)[O-])ccc(NCCCC#N)c1 failed to sanitize.
16:46:16 <INFO> Sampled SMILES c1(Cl)c(N=Nc2c(C)noc2C)nc2ccsc12 failed to sanitize.
16:46:16 <INFO> Sampled SMILES FC(C(=C)(F)C(F)(F)C#N)c1nc(-c2ccc3c(c2)Cc2ccccc2-3)no1 failed to sanitize.
16:46:16 <INFO> Sampled SMILES c1(N=Nc2ccc(N(CC)CC)cc2)c(Br)ccc1[N+](=O)[O-] failed to sanitize.
16:46:16 <INFO> Sampled SMILES c1(N=Nc2c(C)noc2C)sc(NCCO)c1 failed to sanitize.
16:46:16 <INFO> Sampled SMILES N(=Nc1cc(Cl)ccc1)c1ccc(C(=O)=CCCl)c(C)c1 failed to sanitize.
16:46:16 <INFO> Sampled SMILES c1ccc2c(ccn2)c1N=Nc1ccc(O)c(O)c1 failed to sanitize.
16:46:16 <INFO> Sampled SMILES c1(C(F)(F)F)cc(N=Nc2c(C#N)cccc2O)s1 failed to sanitize.
16:46:16 <INFO> Sampled SMILES N(=Nc1ccc(Br)cc1)=Nc1ccc([N+]([O-])=O)cc1 failed to sanitize.
16:46:16 <INFO> Sampled SMILES c1c(N2=CCOc3cc(O)c(N=Nc4c(C#N)cccc4[N+]([O-])=O)cc32)ccc(N(C)C)c1 failed to sanitize.
16:46:16 <INFO> Sampled SMILES NBr(c1ccccc1N=Nc1ccc(O)c(C)c1)=C failed to sanitize.
16:46:16 <INFO> Sampled SMILES c1(N=Nc2nn(C)c(C)c2)nccc1 failed to sanitize.
16:46:16 <INFO> Sampled SMILES N1(CCN2CCOCC2)cc(C)n1 failed to sanitize.
16:46:16 <INFO> Sampled SMILES [O-][N+](c1ccc(C)c(N=Nc2c(C)cccc2)c(C)c1)C(O)C failed to sanitize.
16:46:16 <INFO> Sampled SMILES c1c2cnccc2cc1N=Nc1ccccc1 failed to sanitize.
16:46:16 <INFO> Sampled SMILES c1(C(Cl)=C(Cl)cClsc1Cl)CC=NNc1nccc(N2CCCC2)c1N=Nc1c(N)[nH]nc1-c1ccccc1 failed to sanitize.
16:46:16 <INFO> Sampled SMILES O=[N+](c1c(F)c(NCCO)c(OC)c1N1CCCCC1)c1ccccc1 failed to sanitize.
16:46:16 <INFO> Sampled SMILES c1c(N(CCO)CCO)ccc(NCCC#N)cc1 failed to sanitize.
16:46:16 <INFO> Sampled SMILES [O-](c1cc(N=Nc2c(Br)cc([N+](=O)[O-])cc2Br)c(OC)c1)c1ccccc1 failed to sanitize.
16:46:16 <INFO> Sampled SMILES O=C(NCCCO)c1c(N=Nc2ccc([N+]([O-])=O)cc2)ccc1OC failed to sanitize.
16:46:16 <INFO> Sampled SMILES CN(c1ccc(N=Nc2ccc([N+](=O)[O-])cc2Br)cc1)=O failed to sanitize.
16:46:16 <INFO> Sampled SMILES c1(N=Nc2c(C)noc2C)c(C)nn1C failed to sanitize.
16:46:16 <INFO> Sampled SMILES c1c(N=Nc2c3c(cc4ccccc43)c(N)cc2)cccc1 failed to sanitize.
16:46:16 <INFO> Sampled SMILES N(CC)(c1ccccc1)=Nc1ccc(NCCC#N)cc1 failed to sanitize.
16:46:16 <INFO> Sampled SMILES N(=Nc1c(NC2CCCCC2)c(OC)s1)c1ccccc1 failed to sanitize.
16:46:16 <INFO> Sampled SMILES O=C(c1cc(F)c([N+](=O)[O-])cc1)N1CCC(N(c2ccc(C(F)(F)F)cc2)c2c(C(=O)OC)ccc2)CC1 failed to sanitize.
16:46:16 <INFO> Sampled SMILES c1(N=Nc2c(C)cc(C(OCC)=O)cc2C)ccc(OC)c(N=Nc2ccc([N+](=O)[O-])cc2#N)c1 failed to sanitize.
16:46:16 <INFO> Sampled SMILES N(c1cc(C)c(N=Nc(=O)c2cc(O)ccc2)c(C)c1)=Nc1c(OC)cccc1OC failed to sanitize.
16:46:16 <INFO> Sampled SMILES c1c(N(CC)CC)cccc(N=Nc2ccc(N(CC)CC)cc2)c1 failed to sanitize.
16:46:16 <INFO> Sampled SMILES c1(N=Nc2cc(OC)ccc2)c(Cl)cccc1#O failed to sanitize.
16:46:16 <INFO> Sampled SMILES c1c(N=Nc2ccccc2)cc2c3c(c1)CCCN3CCC2 failed to sanitize.
16:46:16 <INFO> Sampled SMILES Oc1(C)ccc(N=Nc2ccc(O)cc2)cc1 failed to sanitize.
16:46:16 <INFO> Sampled SMILES c1cccc2n(-c3ccccc3)c(NCCc3nc4c(C)cccc4[nH]3)n12 failed to sanitize.
16:46:16 <INFO> Sampled SMILES c1(NC(=O)C(O)Cc2cccc(Br)c2)nccc1 failed to sanitize.
16:46:16 <INFO> Sampled SMILES Oc1ccc(F)c(S(=O)(=O)Nc2c(N3CCCCC3)c(C)s2)c1 failed to sanitize.
16:46:16 <INFO> Sampled SMILES c1(N=Nc2ccc(N(CCCl)CCCl)cc2)c(C#N)ccc1[N+](=O)[O-] failed to sanitize.
16:46:16 <INFO> Sampled SMILES c1c(N=Nc2ccc(N3CCCCC3)c(C)c2)c([N+]([O-])=O)cc1 failed to sanitize.
16:46:16 <INFO> Sampled SMILES c1(N=Nc2ccccc2C(Br)=O)cccc(NC(=O)OC(C)(C)C)c1=O failed to sanitize.
16:46:16 <INFO> Sampled SMILES N(=Nc1[nH]=O)c(N(Cc2ccc([N+](=O)[O-])cc2)C2CCCCC2)c(C(F)(F)F)c1 failed to sanitize.
16:46:16 <INFO> Sampled SMILES Oc1nc(N=Nc2c(C)noc2C)sc(N2CC2)c1 failed to sanitize.
16:46:16 <INFO> Sampled SMILES [O-][N+](c1cc(N=Nc2c(Br)cc([N+]([O-])=O)cc2O)cc1)=O failed to sanitize.
16:46:16 <INFO> Sampled SMILES c1c(N=Nc2ccccc2N)cc2c3c(c1)CCCN3CCC2 failed to sanitize.
16:46:16 <INFO> Sampled SMILES c1(N=Nc2cccc(C(OCC)=O)c2)c([N+]([O-])=O)ccc1 failed to sanitize.
16:46:16 <INFO> Sampled SMILES c1(N=Nc2ccc(N(CC)CC)cc2)cc(Cl)cc1[N+](=O)[O-] failed to sanitize.
16:46:16 <INFO> Sampled SMILES c1(NCC2=NCCN2)c(=O)c2ccc(N=Nc3ccc([N+](=O)[O-])cc3O)sc2c1 failed to sanitize.
16:46:16 <INFO> Sampled SMILES c1(NCc2c(N=Nc3ccc(N4CCOCC4)c(Cl)cc3)ccc2OC)ccc(N)cc1 failed to sanitize.
16:46:16 <INFO> Sampled SMILES c1c(N(C)C)ccc(N=Nc2ccc(C(C)=O)cc2)cc1 failed to sanitize.
16:46:16 <INFO> Sampled SMILES c1(C)oc(-c2ccc(N=Nc3c(C)[nH]nc3C)cc2)c1 failed to sanitize.
16:46:16 <INFO> Sampled SMILES Fc1c(N=Nc2c(C)onc2C)ccc1 failed to sanitize.
16:46:16 <INFO> Sampled SMILES c1([N+]([O-])=O)ccc(N=Nc2ccccc2)c1 failed to sanitize.
16:46:16 <INFO> Sampled SMILES c1(Cl)c([N+]([O-])=O)cc(N=Nc2ccc(O)cc2)c1C failed to sanitize.
16:46:16 <INFO> Sampled SMILES N(c1cnc(N=Nc2ccc([N+]([O-])=O)cc2C#N)c1)c1ccc([N+](=O)[O-])cc1C#N failed to sanitize.
16:46:16 <INFO> Sampled SMILES c1(C)c(C#N)c(N=Nc2ccc(C#N)cc2)cccc1 failed to sanitize.
16:46:16 <INFO> Sampled SMILES c1(N=Nc2cc(C)nn2C)noc1C failed to sanitize.
16:46:16 <INFO> Sampled SMILES c1(-c2c(N=Nc3ccc(N4CCCC4)cc3)ccc2C)ccccc1 failed to sanitize.
16:46:16 <INFO> Sampled SMILES N1(c2ccc(N=Oc3ccc(OC)cc3)cc2)CCCN1 failed to sanitize.
16:46:16 <INFO> Sampled SMILES N(c1c(C#N)c(C)c(N=Nc2c(Br)cc(C#N)cc2)cc1)C#O failed to sanitize.
16:46:16 <INFO> Sampled SMILES c1(C)c(C#N)c(=O)c(N=Nc2sc(NCCOS(=O)(=O)C)c(C#N)c2Cl)c(F)c1N failed to sanitize.
16:46:16 <INFO> Sampled SMILES c1(F)ccc(N=Nc2ccc(C)c(C)c2)c1 failed to sanitize.
16:46:16 <INFO> Sampled SMILES c1cccc2c1c(Br)ccc2c(N=Nc1ccc(N3CCOCC3)cc1)C(F)C(F)(F)F failed to sanitize.
16:46:16 <INFO> Sampled SMILES N(=Nc1ccc(N)cc1)=Nc1ccccc1 failed to sanitize.
16:46:16 <INFO> Sampled SMILES c1c(NCCC#N)cccc(NCc2ccccc2OC)c1OC failed to sanitize.
16:46:16 <INFO> Sampled SMILES c1c([N+]([O-])=O)cc(Cl)cc1N=Nc1cc(NCCOS(C)(=O)=O)s1 failed to sanitize.
16:46:16 <INFO> Sampled SMILES N(c1ccccc1)=Nc1n(C)cc(C(C)=N=Nc2cccc([N+](=O)[O-])c1)CC2C failed to sanitize.
16:46:16 <INFO> Sampled SMILES N(=Nc1nn(C)c)c1-c1cccc2nc(NCCO)ccc12 failed to sanitize.
16:46:16 <INFO> Sampled SMILES C(NC(c1cc(Cl)ccc1)=N(C)c1c(C#N)cccc1)=Nc1ccccc1 failed to sanitize.
16:46:16 <INFO> Sampled SMILES Oc1c(F)cc(F)cc1Cl=Nc1ccc(NCCC#N)cc1 failed to sanitize.
16:46:16 <INFO> Sampled SMILES C#Nc1c(F)cccc1-c1cc(N=Nc2ccc(C)cc2)n(C)n1 failed to sanitize.
16:46:16 <INFO> Sampled SMILES N1(C)CCc2c(O)ccc(O)c2c1 failed to sanitize.
16:46:16 <INFO> Sampled SMILES c1cc(N(CC)CC)c(N=Nc2ccccc2)ccc1 failed to sanitize.
16:46:16 <INFO> Sampled SMILES C1C(c2ccccc2)(c2ccc(NCCC#N)cc2)=Nc2ncnc(N(CC)CC)n12 failed to sanitize.
16:46:16 <INFO> Sampled SMILES CC(NC(=O)c1c(N=Nc2ccc([N+](=O)[O-])cc2)ccc1O)C(=O)c1ccc(N(C)C)cc1 failed to sanitize.
16:46:16 <INFO> Sampled SMILES c1(NCCO)n(CCO)c(NCCO)n1 failed to sanitize.
16:46:16 <INFO> Sampled SMILES N1c2c(C)c(N=Nc3nc[nH]c3C)cccc21 failed to sanitize.
16:46:16 <INFO> Sampled SMILES c1cccc2c1[nH]ncc2C(=O)NN=Cc1sc(C)nn1 failed to sanitize.
16:46:16 <INFO> Sampled SMILES c1(OC)ccc(N=Nc2c(O)ccc3c(C)cc(=O)ccc23)c1 failed to sanitize.
16:46:16 <INFO> Sampled SMILES c1cc([N+]=N=Nc2ccc(NCCC#N)cc2)cc1 failed to sanitize.
16:46:16 <INFO> Sampled SMILES c1(C(N)=O)c(C)c(N=Nc2ccc([N+](=O)[O-])cc2C(F)(F)F)c(O)n1 failed to sanitize.
16:46:16 <INFO> Sampled SMILES c1(N=Nc2ccccc2)ncc(N2CCC(N3CCCC3)C2)c1 failed to sanitize.
16:46:16 <INFO> Sampled SMILES N1(c2c(C)cc(N=Nc3c(Cl)cc(C)cc3)ccc2)CCOCC1 failed to sanitize.
16:46:16 <INFO> Sampled SMILES C(C(=N=NC(c1ccccc1)C(F)(F)F)C(F)(F)F)c1ccccc1 failed to sanitize.
16:46:16 <INFO> Sampled SMILES c1(O)c(N=Nc2scnn2)c(C#N)c(=O)n(C)c1=O failed to sanitize.
16:46:16 <INFO> Sampled SMILES c1(N=Nc2cccc(OC)c2)c(F)cc(O)c1N failed to sanitize.
16:46:16 <INFO> Sampled SMILES N(c1ccccn1)=Nc1ccc(O)c(N=[O-])c1 failed to sanitize.
16:46:16 <INFO> Sampled SMILES c1(N=Nc2cc(OC)ccc2)ccc(C#N)c(N)cc1 failed to sanitize.
16:46:16 <INFO> Sampled SMILES c1c(N=Nc2ccc(N(CCOCCO)CCOCCO)cc2)ccc([N+](=O)[O-])cc1 failed to sanitize.
16:46:16 <INFO> Sampled SMILES c1cc2c(c(N=Nc3nc(-c4cccc(N)c4)c(C)c(C)c3)cn1)CCC2 failed to sanitize.
16:46:16 <INFO> Sampled SMILES c1c(N)c(N=Nc2ccccc2CC#N)c(O)cc1[N+]([O-])(C)=O failed to sanitize.
16:46:16 <INFO> Sampled SMILES c1(O)c(C(OC(O)CO)=NO)c(C)c(Nc2c(Cl)cccc2)c1C failed to sanitize.
16:46:16 <INFO> Sampled SMILES N(=Nc1ccc(F)cc1)=Nc1ccc(Nc2ccc(N(C)C)cc2C)cc1 failed to sanitize.
16:46:16 <INFO> Sampled SMILES c1(C)c(N2CCC(O)(c3ccc(C(F)(F)F)cc3)CC2)c(Cl)c(C)cc1=O failed to sanitize.
16:46:16 <INFO> Sampled SMILES C(O)(CCNC(CC#O)c1ccccc1)(c1ccccc1)c1ccccc1 failed to sanitize.
16:46:16 <INFO> Sampled SMILES c1(N)c([N+](=O)=N=Nc2n[nH]cc2C)c(C)[nH]1 failed to sanitize.
16:46:16 <INFO> Sampled SMILES c1cc(N=Nc2cc3c(cc2N(C)C)n(CC)n3)ccc1[N+](=O)[O-] failed to sanitize.
16:46:16 <INFO> Sampled SMILES N1(c2c(C)cc(C)cc2)=ccc(N=Nc2sc(NCCCCCl)c(C(=O)OC)c2-c2ccccc2)cc1 failed to sanitize.
16:46:16 <INFO> Sampled SMILES c1(N=Nc2ccc(NC(C)=O)cc2)c(C#N)cc(N=Nc2cc(C(=O)OCC)cc(N3CC3)n2)c1 failed to sanitize.
16:46:16 <INFO> Sampled SMILES c1ccnc(N=Nc2c(=O)[nH]c(-c3ccc(N4CCOCC4)c(C)c3)n2)c1 failed to sanitize.
16:46:16 <INFO> Sampled SMILES c1(N=Nc2sc(C)nn2)cccc1 failed to sanitize.
16:46:16 <INFO> Sampled SMILES c1(FC(F)(F)F)cc(N=Nc2ccc(Cl)cc2)cc1 failed to sanitize.
16:46:16 <INFO> Sampled SMILES c1(C)c(C#N)c(N=Nc2c(OC)cc(N(CC)CC)cc2)ccc(C)c1 failed to sanitize.
16:46:16 <INFO> Sampled SMILES [O-][N+](c1cc(N=Nc2c(Cl)cc([N+](=O)[O-])cc2)cc1C)N failed to sanitize.
16:46:16 <INFO> Sampled SMILES c1(Cl)ccc(Cl)c1N=Nc1ccc([N+](=O)[O-])cc1 failed to sanitize.
16:46:16 <INFO> Sampled SMILES c1c(NCCC#N)ccccc1C(OC)(CCCl)C failed to sanitize.
16:46:16 <INFO> Sampled SMILES c1(N=Nc2c(F)c(F)c(Nc3c(F)cccc3F)c(F)cc2F)cc([N+]([O-])=O)c(F)c(N)c1 failed to sanitize.
16:46:16 <INFO> Sampled SMILES c1(C)nnc(Sc2cccc3nn(C)cc23)c(N(C)C)s1 failed to sanitize.
16:46:16 <INFO> Sampled SMILES N(=Nc1cnn2cccc12)c1ccc(N(CC)CC)cc1C failed to sanitize.
16:46:16 <INFO> Sampled SMILES c1(N=Nc2ccc(C(F)(F)F)cc2)ccc(NC)c1 failed to sanitize.
16:46:16 <INFO> Sampled SMILES c1c(C#N)ccc(-c2c(N3CC)cccc3C2)c(O)c1N=Nc1c(C)cccc1 failed to sanitize.
16:46:16 <INFO> Sampled SMILES c1(N=Nc2ccc(N(CC)CC)cc2)ccc(NC(=O)C#CC(C)(C)C)c1 failed to sanitize.
16:46:16 <INFO> Sampled SMILES c1(N(C)CCCCCCO)c2c(Cl)cccc2C1 failed to sanitize.
16:46:16 <INFO> Sampled SMILES C(N(N)c1ccc(N(CC)CC)cc1)c1c([N+]([O-])cccc1)c failed to sanitize.
16:46:16 <INFO> Sampled SMILES c1c([N+](=O)[O-])ccc(N=Nc2c(-c3cccc(C(O)=O)c3)c(C(=O)OCC)s2)c1Cl failed to sanitize.
16:46:16 <INFO> Sampled SMILES N(c1c(N=Nc2c(C)c(C(=O)OCC)cc([N+](=O)[O-])c2)cs1)CCO failed to sanitize.
16:46:16 <INFO> Sampled SMILES c1(N=Nc2ccc(NC3CC3)c(O)cc2)cccc1 failed to sanitize.
16:46:16 <INFO> Sampled SMILES c1c(S(=O)(=O)C)ccc(N=Nc2ccccc2)cc1 failed to sanitize.
16:46:16 <INFO> Sampled SMILES c1(Br)cc(N=Nc2c(C)c(C#N)c(NCCBr)c2)cc(Br)c1N failed to sanitize.
16:46:16 <INFO> Sampled SMILES Cc1c(F)cc(N=Nc2ccc(C)cc2)ccc1 failed to sanitize.
16:46:16 <INFO> Sampled SMILES c1(C(F)(F)F)ccc(N=Nc2ccc(NCCO)cc2)c1 failed to sanitize.
16:46:16 <INFO> Sampled SMILES C1CN2cccc(N=Nc3ccc(Br)cc3)c2C1 failed to sanitize.
16:46:16 <INFO> Sampled SMILES c1(Cl)ccc2c(N=Nc3c(C(O)=O)cc(C)cc3C(OC)=O)cccc12 failed to sanitize.
16:46:16 <INFO> Sampled SMILES CN(C(=O)c1cnc(N2CCN(C(=O)OC(C)(C)C)CC2)c1)(C(F)(F)F)C(F)(F)F failed to sanitize.
16:46:16 <INFO> Sampled SMILES c1(C#N)cc(CN=Nc2c(C)c(C#N)c(C)c(C(N)=O)c2)cc1C(F)(F)F failed to sanitize.
16:46:16 <INFO> Sampled SMILES c1([N+]([O-])=O)c(N=Nc2n[nH]cc2)cccc1#N failed to sanitize.
16:46:16 <INFO> Sampled SMILES c1[N+](N=Nc2c(F)cccc2F)ccc(N(CCO)CCO)c1 failed to sanitize.
16:46:16 <INFO> Sampled SMILES c1(N=Nc2c(C#N)cc(C(OCC)=O)ccc2C)c(OC)cccc1N failed to sanitize.
16:46:16 <INFO> Sampled SMILES c1([N+](N)=O)c(O)cc(-c2cccc(OC)c2)c1NC(=O)C(C#N)=Cc1cc(C)n(-c2cccc3c2OCCCO3)cc1 failed to sanitize.
16:46:16 <INFO> Sampled SMILES c1(N)c(N)c(N(CCC#N)c2ccc(C(F)(F)F)cc2)cc1[N+](=O)[O-] failed to sanitize.
16:46:16 <INFO> Sampled SMILES N(=Nc1cn2cc(N(C)c3ccccc3)ccc2)ccc1 failed to sanitize.
16:46:16 <INFO> Sampled SMILES F1(F)F(Cl)c2ccc(N=Nc3ccc(OC)cc3)cc2o1 failed to sanitize.
16:46:16 <INFO> Sampled SMILES c1cc2[nH]ncc2c(N=Nc2ccc(CCO)cc2)cc1 failed to sanitize.
16:46:16 <INFO> Sampled SMILES c1(O)c(O)c(C=N=Nc2sc(NCCOS(=O)(=O)C)c([N+](=O)[O-])c2)c(C)n(C)c1=O failed to sanitize.
16:46:43 <INFO> Sampled SMILES CCN(c1c(-c2cc(Cl)c(OC)cc2)c(C)c(C#N)c1)C failed to sanitize.
16:46:43 <INFO> Sampled SMILES N1(c2c(N=Nc3c(F)cccc3F)cs1)CCOCC2 failed to sanitize.
16:46:43 <INFO> Sampled SMILES O=[N+](=O)c1cc(C)c(N=Nc2c(Br)cc(Br)cc2Br)s1 failed to sanitize.
16:46:43 <INFO> Sampled SMILES c1(Cl)c(N=Nc2c(Cl)cccc2Cl)c(Cl)c(C)c1 failed to sanitize.
16:46:43 <INFO> Sampled SMILES c1(N(CCC#N)CCO)cc(C)c(N=Nc2ccccc2)n1 failed to sanitize.
16:46:43 <INFO> Sampled SMILES c1c(N(CCC#N)CCOC(C)=O)cc(C(N)=O)ccc1 failed to sanitize.
16:46:43 <INFO> Sampled SMILES C(N(CCCl)c1ccc(N=Nc2c(O)c(C(C)C)c(OC)c2)o1)c1ccccc1 failed to sanitize.
16:46:43 <INFO> Sampled SMILES c1(C(F)(F)F)cccc1N=Nc1ccc(N(C)C)cc1 failed to sanitize.
16:46:43 <INFO> Sampled SMILES C#Nc1c(F)cc(N=Nc2ccc(N(CC)CC)cc2)cc1 failed to sanitize.
16:46:43 <INFO> Sampled SMILES c1(Cln)nc(N=Nc2sc(OC)cc2)c1 failed to sanitize.
16:46:43 <INFO> Sampled SMILES c1(C(=O)COCC)cc(N=Nc2ccc([N+]([O-])=O)cc2)cc1 failed to sanitize.
16:46:43 <INFO> Sampled SMILES O=[N+](=O)c1c(C(F)(F)F)ccc(N=Nc2c(C)c(C(O)=O)c(OC)c2OC)c1O failed to sanitize.
16:46:43 <INFO> Sampled SMILES c1c(N=Nc2sc(OC)cc(Br)c2)cccc1 failed to sanitize.
16:46:43 <INFO> Sampled SMILES c1([N+]([O-])=O)cccc1N=Nc1c(OC)ccc(F)c1C=O failed to sanitize.
16:46:43 <INFO> Sampled SMILES N(=Nc1c(N))ccc(N=Nc2ccc(C)cc2)c1 failed to sanitize.
16:46:43 <INFO> Sampled SMILES c1c(N(CC)CC)ccc(N=Nc2c(Br)cc([N+]([O-])=O)cc2[N+]([O-])=O)cc1 failed to sanitize.
16:46:43 <INFO> Sampled SMILES c1(N=Nc2ccc(NCCC#N)cc2)c(O)n(CC)c(=O)c1CC#N failed to sanitize.
16:46:43 <INFO> Sampled SMILES N(=Nc1nc(C(c2ccccc2)c2csc(NCCOCCO)c2)s1)C1CCC1 failed to sanitize.
16:46:43 <INFO> Sampled SMILES c1(Cl)c(N=Nc2c(C)cccc2)c(C)s1 failed to sanitize.
16:46:43 <INFO> Sampled SMILES N(c1c(C#N)c(C#N)c(N=Nc2ccc([N+]([O-])=O)cc2)c(O)c(N=Nc2ccccc2)c1O)C(C)(C)C failed to sanitize.
16:46:43 <INFO> Sampled SMILES OC(c1ccc(N=Nc2ccc(NC)cc2)cc1)(C)(C)C failed to sanitize.
16:46:43 <INFO> Sampled SMILES c1(N=Nc2sccn2)sc[n+]1 failed to sanitize.
16:46:43 <INFO> Sampled SMILES N(=Nc1ccc(C(=O)OC)cc1)c1sc(N=Nc2sc(NCCOCCO)n(C)c2=O)cc1 failed to sanitize.
16:46:43 <INFO> Sampled SMILES F[N+](=O)(c1ccccc1)c1ccc(N=Nc2ccc(N(C)C)cc2)cc1 failed to sanitize.
16:46:43 <INFO> Sampled SMILES c1cc(N(CC)CC)c(OC)cc1N=Nc1sc(NCCC(O)C)s1 failed to sanitize.
16:46:43 <INFO> Sampled SMILES c1c(N=Nc2cc(OC)c(N=Nc3c([N+]([O-])=O)c([N+](=O)[O-])ccc3)c(C)cc2)ccc(O)c1 failed to sanitize.
16:46:43 <INFO> Sampled SMILES c1(C)n(-c2ccccc2)c(N=Nc2sc(OC)nc2)c1C failed to sanitize.
16:46:43 <INFO> Sampled SMILES FC(c1ccc(N=Nc2c(N3CCCC3)C(F)(F)F)cc(C(=O)OCCC)c(=O)c2s1)C(F)(F)F failed to sanitize.
16:46:43 <INFO> Sampled SMILES c1n[nH]c2cc(N=Nc3c(C)cc(N(CC)CC)cc3)cc12 failed to sanitize.
16:46:43 <INFO> Sampled SMILES c1(N=Nc2ccc(N(CC)CC)cc2)cc([N+](=O)[O-])cc1[N+]([O-])=O failed to sanitize.
16:46:43 <INFO> Sampled SMILES c1cc(C)c(N=Nc2n(C)cnc2C)ccc1 failed to sanitize.
16:46:43 <INFO> Sampled SMILES O=C(CN(CCO)c1ccccc1)c1sc(C(O)CCC(C)C)c1 failed to sanitize.
16:46:43 <INFO> Sampled SMILES c1(CO)(CCCCO)C=Cc2c(Nc3ccc4c(c3)CCN4CCC(=O)NCC)cccn12 failed to sanitize.
16:46:43 <INFO> Sampled SMILES C(c1c(N=Nc2ccc(N(C)C)cc2)ccc1)N=O failed to sanitize.
16:46:43 <INFO> Sampled SMILES c1(N(CCO)CCO)c(=O)c(N=Nc2ccc(OCC)cc2)ccc1 failed to sanitize.
16:46:43 <INFO> Sampled SMILES c1ccccc1N=Nc1cc(N)c(N=Nc2c(C(F)(F)F)cccc2)c1O failed to sanitize.
16:46:43 <INFO> Sampled SMILES OC(c1c(Cl)cc(N=Nc2ccc(C)c(C)c2)c1O)c1cnccn1 failed to sanitize.
16:46:43 <INFO> Sampled SMILES N(=Nc1ccccc1)c1nc(N=N[nH]c2ccc(C(C)C)cc2)cs1 failed to sanitize.
16:46:43 <INFO> Sampled SMILES [O-][N+](c1ccccc1N=Nc1c(O)c(C(=O)OC)c(NC)c1[N+](=O)[O-])OCC failed to sanitize.
16:46:43 <INFO> Sampled SMILES c1(N=Nc2cccc(S(=O)(=O)O)c2)ccc(=O)c(N=Nc2ccc(Br)cc2)c1 failed to sanitize.
16:46:43 <INFO> Sampled SMILES N(=Nc1ccc(OC)cc1)c1c=n(C)c(C(OCC#N)C=O)c1 failed to sanitize.
16:46:43 <INFO> Sampled SMILES c1cc(-c2cc(N=Nc3ccc(N4CCOCC4)cc3)cc2)ccc1 failed to sanitize.
16:46:43 <INFO> Sampled SMILES c1cccc2c1[nH]c(-c1ccccc1O)c(=O)[nH]2 failed to sanitize.
16:46:43 <INFO> Sampled SMILES c1(N=Nc2c(N3CCCCC3)cccc2)cccc1 failed to sanitize.
16:46:43 <INFO> Sampled SMILES c1(O)nccc1N=Nc1c(C)cc([N+]([O-])=O)cc1OC failed to sanitize.
16:46:43 <INFO> Sampled SMILES N(c1cccc(C(OC)(OC)=O)c1)=Nc1ccc(OC)cc1 failed to sanitize.
16:46:43 <INFO> Sampled SMILES c1(N=Nc2ccc(N(CC)CC)cc2)c([N+]([O-])=O)ccc1 failed to sanitize.
16:46:43 <INFO> Sampled SMILES c1c(Br)ccc(O)c1N=Nc1c(OC)c(OC)c(N=Nc2c(C(=O)OC)cc(C(N(CC)CC)C(C)C)ccc21)c1ccccc1 failed to sanitize.
16:46:43 <INFO> Sampled SMILES c1(OC)c(N=Nc2c(C#N)cc([N+]([O-])=O)cc2C#N)c(O)c([N+](=O)[O-])c1 failed to sanitize.
16:46:43 <INFO> Sampled SMILES N(c1ccccc1)(c1c(O)cccc1)=Nc1c(C)cccc1C failed to sanitize.
16:46:43 <INFO> Sampled SMILES c1c(O)cc(N=Nc2c(C)c(C#N)c(c3c(C)nn(C4CCCCO4)c3=O)c(F)c2)cc1 failed to sanitize.
16:46:43 <INFO> Sampled SMILES c1(N=Nc2c(O)cc(NCCOCCO)c(N=Nc3c(Cl)cc([N+]([O-])=O)cc3)c3c([N+](=O)[O-])cccc32)ccc([N+](=O)[O-])c1 failed to sanitize.
16:46:43 <INFO> Sampled SMILES c1(C#N)c(C)c(N=Nc2c(O)n(CC)c(=O)n2C)c(C)c1 failed to sanitize.
16:46:43 <INFO> Sampled SMILES c1(Br)ccc(N=Nc2ccc(N3CCOCC3)c(C)c2)c1O failed to sanitize.
16:46:43 <INFO> Sampled SMILES c1(C)cccc1N=Nc1ccc(O)cc1 failed to sanitize.
16:46:43 <INFO> Sampled SMILES Cc1c(N=Nc2c(C)nn(-c3ccc(C)cc3)c2O)c(C)onc1 failed to sanitize.
16:46:43 <INFO> Sampled SMILES c1(N(CCO)CCC#N)c(c2ccc(C=NCl)cc2)ccc1 failed to sanitize.
16:46:43 <INFO> Sampled SMILES c1(F)ccc(N=Nc2ccc(C#N)cc2)c1 failed to sanitize.
16:46:43 <INFO> Sampled SMILES c1(OC)c(N=Nc2c(O)n(C)c(=O)c(C(C)(C)C)c2)c(C(OCC)=O)cc1OCC1CC1 failed to sanitize.
16:46:43 <INFO> Sampled SMILES c1cc(O)c2c(c1N=Nc1nnc(C)s1)c(C)n2C failed to sanitize.
16:46:43 <INFO> Sampled SMILES c1ccc(N(CCO)CCO)ccc1C=NNCc1ccccc1 failed to sanitize.
16:46:43 <INFO> Sampled SMILES c1ccccc1C#N=Nc1ccc(Nc2ccccc2N2CCCC2)cc1 failed to sanitize.
16:46:43 <INFO> Sampled SMILES c1cc([N+]([O-])=O)c(N=Nc2sc(C#N)ccc2F)cc1 failed to sanitize.
16:46:43 <INFO> Sampled SMILES c1c(N)c(N=Nc2c(C#N)cc([N+]([O-])=O)cc2C#N)c(N2CCCC2)c(C)s1 failed to sanitize.
16:46:43 <INFO> Sampled SMILES c1c(-c2ccc(N=Nc3ccc(N(CCC#N)=O)cc3)cc2)c(OC)cc2ccccc12 failed to sanitize.
16:46:43 <INFO> Sampled SMILES c1c([N+]([O-])=O)c(N=Nc2ccc(N(CC)CC)c(OC)c2)cccc1 failed to sanitize.
16:46:43 <INFO> Sampled SMILES c1c(N=Nc2ccc(Br)cc2)sc1NCCBr failed to sanitize.
16:46:43 <INFO> Sampled SMILES c1cc2o(c2cccc1)OCCNCc1cccs1 failed to sanitize.
16:46:43 <INFO> Sampled SMILES F(c1ccc(N=Nc2c(Cl)cccc2)cc1)OCCO failed to sanitize.
16:46:43 <INFO> Sampled SMILES OC(c1c(Cl)cc(N=Nc2cc(Cl)ccc2Cl)c1)C failed to sanitize.
16:46:43 <INFO> Sampled SMILES N(=Nc1c(Cl)cccc1Cl)c1c(Cl)n[nH]c1=O failed to sanitize.
16:46:43 <INFO> Sampled SMILES c1(N=Nc2ccccc2Br)ccc(N(CCCl)CCCl)c1 failed to sanitize.
16:46:43 <INFO> Sampled SMILES c1cc(N=Nc2n3c(-c4ccc(F)cc4)csc3n2)c(F)cc1F failed to sanitize.
16:46:43 <INFO> Sampled SMILES c1(Nn2c(C)nnc2-c2ccc(C)cc2)ccc(N=Nc2ccc(N(CCCl)CC)cc2)c1 failed to sanitize.
16:46:43 <INFO> Sampled SMILES F(c1c(N=Nc2ccc(C#N)cc2)c([N+]([O-])=O)cc1CO)CC failed to sanitize.
16:46:43 <INFO> Sampled SMILES c1(OC)cccc(N=Nc2c3c(ccc3N)ncn2)c1 failed to sanitize.
16:46:43 <INFO> Sampled SMILES Brc1ccccc1N=Nc1c2c(n)ccc2n1C failed to sanitize.
16:46:43 <INFO> Sampled SMILES c1ccc(C(O)CO)c(N=Nc2c(OC)cc(SC)ccc2C#N)c1 failed to sanitize.
16:46:43 <INFO> Sampled SMILES N(CC)(c1ccc(N=Nc2c(C#N)cc([N+]([O-])=O)c2)cc1)(CC#N)CC failed to sanitize.
16:46:43 <INFO> Sampled SMILES N(=Nc1cnc(S(N)(=O)=O)cc1)(CC#N)CO failed to sanitize.
16:46:43 <INFO> Sampled SMILES N(=NNc1c(F)cc(Br)cc1[N+](=O)(F)C(F)(F)F)c1c(Cl)cccc1Cl failed to sanitize.
16:46:43 <INFO> Sampled SMILES c1(N=Nc2ccc(N(CCCl)CCCl)cc2)c(C)sc1N=Nc1ccccc1 failed to sanitize.
16:46:43 <INFO> Sampled SMILES c1c(N=Nc2ccc(CO)cc2)c(C)onc1 failed to sanitize.
16:46:43 <INFO> Sampled SMILES Brc1c(O)c([N+](=O)[O-]=O)ccc1N=Nc1c(OC)[nH]c(=O)n(CC)c1=O failed to sanitize.
16:46:43 <INFO> Sampled SMILES C(N(CCC#N)c1cc([N+](=O)[O-])c(N=Nc2c)c([N+](=O)[O-])cc2Br)c(O)n1 failed to sanitize.
16:46:43 <INFO> Sampled SMILES c1(N=Nc2cc(F)c(N3CCOCC3)c(F)c2)c(C)oc1N failed to sanitize.
16:46:43 <INFO> Sampled SMILES c1(Cl)cnc(N=Nc2ccc(N(CC)CC)c(OC)c2)c1 failed to sanitize.
16:46:43 <INFO> Sampled SMILES c1ccc(-c2nc(C(c3ccccc3)(C)c3cccn3)no2)cc1 failed to sanitize.
16:46:43 <INFO> Sampled SMILES O=[N+](c1cccc(O)c1)=Nc1c(C)n[nH]c1C failed to sanitize.
16:46:43 <INFO> Sampled SMILES NN(c1c(N)=O)c(Sc2cnc(N3CCCC3)s2)cn1 failed to sanitize.
16:46:43 <INFO> Sampled SMILES N(CC)(CCC#N)CCC#N=Nc1ccccc1 failed to sanitize.
16:46:43 <INFO> Sampled SMILES c1c(N(CCCO)CCC#N)cc(C)c(NCCC#N)cc1 failed to sanitize.
16:46:43 <INFO> Sampled SMILES c1(O)ncnc2c(N=Nc3nccs3)ccc21 failed to sanitize.
16:46:43 <INFO> Sampled SMILES c1c(C)c(N=Nc2cc([N+]([O-])=O)ccc2)c(Cl)ccc1 failed to sanitize.
16:46:43 <INFO> Sampled SMILES c1(C)oc(-c2ccc(N=Nc3c4c(cc5c3C(O)(C(F)(F)F)CC5)CCC4)cc2)n1 failed to sanitize.
16:46:43 <INFO> Sampled SMILES c1(N=Nc2ccccc2F)cc(Cl)cc1OC failed to sanitize.
16:46:43 <INFO> Sampled SMILES OC(c1cc(N=Nc2ccc(C(F)(F)F)cc2)ccc1)c1sc(-c2c)c(N)cc12 failed to sanitize.
16:46:43 <INFO> Sampled SMILES c1cc(N)c(Sc2c(O)c(C=O)c(-c3ccc(OC)cc3)c2O)cc1 failed to sanitize.
16:46:43 <INFO> Sampled SMILES c1(N=Nc2ccc(Oc3ccccc3)cc2)n(C)c2ccccc21 failed to sanitize.
16:46:43 <INFO> Sampled SMILES c1c(NCCC#N)cc(N=Nc2sc(CC)s2)cc1 failed to sanitize.
16:46:43 <INFO> Sampled SMILES c1(N=Nc2c(N3CCOCC3)cccc2)[nH]c(-c3ccccc3)c2c(=O)[nH]c(=O)c2c1 failed to sanitize.
16:46:43 <INFO> Sampled SMILES Fc1cc(F)ccc(N=Nc2c(C)cc(N(CCO)CCC#N)cc2)c1 failed to sanitize.
16:46:43 <INFO> Sampled SMILES c1(N=Nc2ccc3c(c2)CCCN3)c2ccccc2n1C failed to sanitize.
16:46:43 <INFO> Sampled SMILES c1c(NCc2ccccc2)n(CCO)c(N)c2ccccc12 failed to sanitize.
16:46:43 <INFO> Sampled SMILES c1(N(CCC#O)CC(OCC)=O)c2cc(C(F)(F)F)ccc2NC1=O failed to sanitize.
16:46:43 <INFO> Sampled SMILES N(=Nc1c(F)Cl)cc(N)cc1SCC(N)=O failed to sanitize.
16:46:43 <INFO> Sampled SMILES N(c1c(C#N)c(C)c(N=Nc2ccccc2OC)c(N=Nc2ccc(C(O)=O)cc2)cc1)CC failed to sanitize.
16:46:43 <INFO> Sampled SMILES c1ccc([N+](=O)[O-])ccc1N=Nc1ccc(N(CC)CCO)cc1 failed to sanitize.
16:46:43 <INFO> Sampled SMILES c1(N=Nc2ccc(N(CC)CC)cc2)[nH]c(C)c(=O)c1C#N failed to sanitize.
16:46:43 <INFO> Sampled SMILES c1(N(CCC#N)CCO)cc(Br)cc1C failed to sanitize.
16:46:43 <INFO> Sampled SMILES Fc1cccc(F)cc1N=Nc1c(C)noc1C failed to sanitize.
16:46:43 <INFO> Sampled SMILES c1(F)c(F)c(N=Nc2c(Br)cc([N+](=O)[O-])cc2[N+]([O-])(=O))c(F)c1F failed to sanitize.
16:46:43 <INFO> Sampled SMILES c1c(C(=O)c2ccccc2)c(C)c(C=N=Nc2sc3nc(C)n(C)c3c2)c1O failed to sanitize.
16:46:43 <INFO> Sampled SMILES O=[N+](c1ccc(N(CCC#N)CC)cc1)=Nc1c(OC)cccc1 failed to sanitize.
16:46:43 <INFO> Sampled SMILES c1cc(OC)ccc1N=Nc1cnn1C failed to sanitize.
16:46:43 <INFO> Sampled SMILES [O-][N+](c1cc(N=Nc2ccc(NCCO)cc2)c(F)c1)C failed to sanitize.
16:46:43 <INFO> Sampled SMILES c1(CNC(=O)OCC)c2ccc(NCCCc3ccccc3)cc21 failed to sanitize.
16:46:43 <INFO> Sampled SMILES c1cc(Cl)c(O)cc1N=Nc1cc([N+]([O-])=O)cc1Br failed to sanitize.
16:46:43 <INFO> Sampled SMILES c12nc(N=Nc3nsc4c3CCCC4)cc(C)c(=O)c2c1 failed to sanitize.
16:46:43 <INFO> Sampled SMILES c1(C)c(N=Nc2nncs2)c(Cl)nc(-c2csc(NC)c2)c1=O failed to sanitize.
16:46:43 <INFO> Sampled SMILES F(c1ccc(N=Nc2ccccc2)cc1)C failed to sanitize.
16:46:43 <INFO> Sampled SMILES c1([N+]([O-])=O)ccc(N=Nc2c(OC)cccc2Br)c1C failed to sanitize.
16:46:43 <INFO> Sampled SMILES N(CCO)c1c(sc2ccccc2)cs1 failed to sanitize.
16:46:43 <INFO> Sampled SMILES [O-][N+](c1cc([N+](=O)[O-])c(O)c(N=Nc2c(O)c(N(CCCCCCCC)C3CCCC3)cc2)c1)=O failed to sanitize.
16:46:43 <INFO> Sampled SMILES c1c([N+]([O-])=O)c(=O)c(N=Nc2ccc(Cl)cc2)c(C)(C(OCCCCO)CN2C(=O)c3ccccc3C2=O)c(C)[nH]1 failed to sanitize.
16:46:43 <INFO> Sampled SMILES c1(N=Nc2ccccc2)c(C)c(C#N)c(=O)n(C)c(O)c1SCC#N failed to sanitize.
16:46:43 <INFO> Sampled SMILES c1([N+]([O-])=O)cc(F)c(N=Nc2ccc([N+](=O)[O-])cc2)c1 failed to sanitize.
16:46:43 <INFO> Sampled SMILES c1(O)cc(N=Nc2n3c(C)cc(C)cc3)c(N3CC3)ccc2[nH]1 failed to sanitize.
16:46:43 <INFO> Sampled SMILES Cn1c(CNC(=O)c2c(N=Nc3ccccc3)c(C=O)s2)sc1=Nc1ccc(NC(N)=O)cc1 failed to sanitize.
16:46:43 <INFO> Sampled SMILES c1(C)c(CCN)c(N=Nc2c(O)n(C)c(=O)n2C)s1 failed to sanitize.
16:46:43 <INFO> Sampled SMILES c1(N=Nc2ccc(N(CC)CC)cc2)c(C(C)C)ccc1C#N failed to sanitize.
16:46:43 <INFO> Sampled SMILES OC(C)(c1ccccc1)=N=Nc1cc(O)ccc1 failed to sanitize.
16:46:43 <INFO> Sampled SMILES c1c(O)c([N+](=O)[O-]=O)c(N=Nc2ccc(NCCC#N)cc2)c(O)c1C failed to sanitize.
16:46:43 <INFO> Sampled SMILES F(c1ccc(N=Nc2c(C)cccc2)cc1)c1ccccn1 failed to sanitize.
16:46:43 <INFO> Sampled SMILES c1(N=Nc2ccccc2)cc(C)o1 failed to sanitize.
16:46:43 <INFO> Sampled SMILES c1c(N=Nc2ccc(Br)cc2)c(-c2ccccc2)c(C(=O)OC#N)c1 failed to sanitize.
16:46:43 <INFO> Sampled SMILES N(c1c(C)c)ccc1OCc1noc(CCC#N)n1 failed to sanitize.
16:46:43 <INFO> Sampled SMILES c1(N#CCOCC)ccc(N=Nc2ccc([N+](=O)[O-])cc2)c1 failed to sanitize.
16:46:43 <INFO> Sampled SMILES c1(N=Nc2c(C)[nH]nc2C)cc([N+]([O-])=O)cc1O failed to sanitize.
16:46:43 <INFO> Sampled SMILES N(=Nc1Sc(C)ccc1C)c1ccc(NCCC#N)cc1 failed to sanitize.
16:46:43 <INFO> Sampled SMILES c1(N(CC)CCO)Cc2ccccc2cc1C failed to sanitize.
16:46:43 <INFO> Sampled SMILES c1(N=Nc2cccnc2)nc2ncnn2c1 failed to sanitize.
16:46:43 <INFO> Sampled SMILES Oc1n[nH]cc1-c1c(N=Nc2ccc([N+]([O-])=O)cc2)ccc1O failed to sanitize.
16:46:43 <INFO> Sampled SMILES c1(C)C#Ncc(N=Nc2c(OC)cccc2OC)cc1 failed to sanitize.
16:46:43 <INFO> Sampled SMILES FC(F)(F)C(F)(F)C(F)(COCC#Cc1ccccc1)(C(F)(F)F)CO failed to sanitize.
16:46:43 <INFO> Sampled SMILES c1cc(-n2cnc(N=Nc3c(O)cc([N+](=O)[O-])cc3)s2)ccc1 failed to sanitize.
16:46:43 <INFO> Sampled SMILES c1c2ccccc2cc1OCCCNCCCN=[N+]=[N-] failed to sanitize.
16:46:43 <INFO> Sampled SMILES c1c2ccccc(N3CCCCC3)c2c1 failed to sanitize.
16:46:43 <INFO> Sampled SMILES C(#N)c1c(C)c(N=Nc2scc(C)n2)c(O)c(N=Nc2ccc(OC)cc2)cc1 failed to sanitize.
16:46:43 <INFO> Sampled SMILES c1ccc(OC)c(N=Nc2c(C)c(C#N)c(=N=O)[nH]c2=O)c1 failed to sanitize.
16:46:43 <INFO> Sampled SMILES c1(N=Nc2c(F)c3c(c(F)c2F)Sc2ccccc2S3)ccc(NCC#N)c1 failed to sanitize.
16:46:43 <INFO> Sampled SMILES C(N(c1ccc([N+]([O-])=O)cc1)c1c(C(=O)OC)cc(NC(C)=O)c1)(C(F)(F)F)C(F)(F)F failed to sanitize.
16:46:43 <INFO> Sampled SMILES c1cc(C#N)ccc1N=Nc1sc(NS(CC)=O)n1 failed to sanitize.
16:46:43 <INFO> Sampled SMILES c1ccc(N=Nc2c(C)n(-c3ccc(O)cc3)c3n(c2cccc3)=Nc2c1c(c1NN=[N+]CC)CCC2=O)cc1 failed to sanitize.
16:46:43 <INFO> Sampled SMILES c1cc(N=Nc2ccc([N+]([O-])=O)cc2)cc(C=Nc2c(C#N)cccc2)cc1 failed to sanitize.
16:46:43 <INFO> Sampled SMILES c1(N=Nc2cc(C)ccc2)cccc1 failed to sanitize.
16:46:43 <INFO> Sampled SMILES c1cccc(S(=O)(=O)=C(Cl)c2c(N=Nc3ccccc3)c(C)cn2)c1 failed to sanitize.
16:46:43 <INFO> Sampled SMILES c1(N=Nc2c(C)n[nH]c2C)sc(C(=O)N(CCC#N)CCC#N)c1 failed to sanitize.
16:46:43 <INFO> Sampled SMILES C(CC#N)Nc1ccc(N=Nc2n(ccc(S(C)=O)cc2)=Nc2ccccc2)cc1 failed to sanitize.
16:46:43 <INFO> Sampled SMILES CN(c1c(N=Nc2ccccc2)c(C)cn1)CC#N failed to sanitize.
16:46:43 <INFO> Sampled SMILES c12cc(N=Nc3ccc(C#N)cc3)cccc2c(=O)[nH]1 failed to sanitize.
16:46:43 <INFO> Sampled SMILES c1(N=Nc2ccc(Nc3ccccc3)cc2)ccc(OC)c1 failed to sanitize.
16:46:43 <INFO> Sampled SMILES N(=Nc1ccc(F)cc1)=Nc1ccc(NCCC#N)cc1C failed to sanitize.
16:46:43 <INFO> Sampled SMILES c1c(N(CCC#N)CCC#N)ccc(N=Nc2ccc(N3CCCC3)cc2)cc1 failed to sanitize.
16:46:43 <INFO> Sampled SMILES c1cn2cc(N=Nc3c(C)sc(N)nc3-c3ccccc3)ccc2c1 failed to sanitize.
16:46:43 <INFO> Sampled SMILES c1(F)c(N=Nc2c(C(O)=O)cc(C(OC)S(=O)(=O)=O)s2)cccc1 failed to sanitize.
16:46:43 <INFO> Sampled SMILES N(c1sc(N=Nc2c(C)c(C#N)c(=N)c(=O)[nH]c2=O)c1)c1c([N+](=O)[O-])ccc(F)c1F failed to sanitize.
16:46:43 <INFO> Sampled SMILES c1([N+]([O-])=O)ccc(O)c1-c1noc(CC2COCCN2C(=O)OC(C)(C)C)n1 failed to sanitize.
16:46:43 <INFO> Sampled SMILES c1(F)ccc(F)c(N=Nc2c(C)c(C#N)c(NCCOS(C)(=O)=O)c2)c1 failed to sanitize.
16:46:43 <INFO> Sampled SMILES N(=Oc1ccc([N+](=O)[O-])cc1)c1ccc(N=Nc2c(C)c(C#N)c(=O)n(CC)c2NC(=O)CCl)cc1 failed to sanitize.
16:46:43 <INFO> Sampled SMILES c1c(N=Nc2c([N+](=O)[O-])cc(C(F)(F)F)cc2)c(C)onc1C failed to sanitize.
16:46:43 <INFO> Sampled SMILES c1(Cl)cc([N+](=O)[O-])c(OC)cc1N=Nc1sc2c(cc1C)OCCO2 failed to sanitize.
16:46:43 <INFO> Sampled SMILES c1(N=Nc2ccccc2)c(C)c(C#N)c(=O)n(C)c(N=Nc2c(C#N)cc(N)cc2OC)c1 failed to sanitize.
16:46:43 <INFO> Sampled SMILES c1(C(F)(F)F)cccc1N=Nc1ccc(N(C)C)cc1 failed to sanitize.
16:46:43 <INFO> Sampled SMILES N(=Nc1c(C)cccc1C)=Nc1ccc(NC(C)=O)cc1C failed to sanitize.
16:46:43 <INFO> Sampled SMILES c1(N=Nc2ccc(N(CC)CC)cc2)c(F)c(F)cc1F failed to sanitize.
16:46:43 <INFO> Sampled SMILES Oc1c(N=Nc2c(C)c(C)ccc2)ccccc1 failed to sanitize.
16:46:43 <INFO> Sampled SMILES c1c2cc(N=Nc3c(C)noc3C)cccc2c1 failed to sanitize.
16:46:43 <INFO> Sampled SMILES c1c(N=Nc2ccccc2C(=O)O)ccc(n2CCCC#N2)c1 failed to sanitize.
16:46:43 <INFO> Sampled SMILES c1cccc2c(N=Nc3c(C)[nH]nc3C)c(C)nnc2c1 failed to sanitize.
16:46:43 <INFO> Sampled SMILES C(C)N(c1ccc(N=Nc2ccc(N(C)C)cc2)cc1)=O failed to sanitize.
16:46:43 <INFO> Sampled SMILES C(C(N)=O)c1ccc(N=Nc2sc(NCCOCCO)s2)cc1 failed to sanitize.
16:46:43 <INFO> Sampled SMILES Br(c1ccc(N=Nc2ccc(N(CC)CC)cc2)cc1)(C(F)(F)F)C(F)(F)F failed to sanitize.
16:46:43 <INFO> Sampled SMILES c1(Cl)cccc(N=Nc2cc(N=Nc3scc(C(Cl)=O)n3)cc2)c1 failed to sanitize.
16:46:43 <INFO> Sampled SMILES c1(C)cc(N=Nc2c(=O)[nH]c(-c3cccs3)n2)c2ccccc2n1 failed to sanitize.
16:46:43 <INFO> Sampled SMILES C([N+](=O)(F)Oc1ccc(C)s1)c1ccccc1 failed to sanitize.
16:46:43 <INFO> Sampled SMILES c1(N=Nc2ccc(N(CC)CC)cc2)c(Cl)ccc1[N+]([O-])=O failed to sanitize.
16:46:43 <INFO> Sampled SMILES N(=Nc1c(F)ccc(N=Nc2ccc(N(CC)CC)cc2)c1)=Nc1ccc([N+](=O)[O-])cc1 failed to sanitize.
16:46:43 <INFO> Sampled SMILES c1(N=Nc2cc(C)ccc2O)c(F)cc(N(CC)CC)c1 failed to sanitize.
16:46:43 <INFO> Sampled SMILES N(CC)(c1ccc(N=O)cc1)=Nc1c(F)cccc1F failed to sanitize.
16:46:43 <INFO> Sampled SMILES Oc1nc(O)cc(N=Nc2cc(O)onc2)n1 failed to sanitize.
16:46:43 <INFO> Sampled SMILES c1([N+]([O-])=O)c(N=Nc2c(N)cc(N)cc2)c(C#N)c(C#N)c(NCCOCCO)c(NC(=O)=C([N+]=[N-])C=O)c1 failed to sanitize.
16:46:43 <INFO> Sampled SMILES c1(Cl)ccccc1N=Nc1c(c(OC)cc2[nH]ncc2)cc1 failed to sanitize.
16:46:43 <INFO> Sampled SMILES c1(N=Nc2ccccc2)nc(C)nc1N(CCC#N)CCO failed to sanitize.
16:46:43 <INFO> Sampled SMILES c1c(N=Nc2ccc(Br)cc2)cc(C)c(N(CCC#N)CCO)cc1 failed to sanitize.
16:46:43 <INFO> Sampled SMILES C(#n)N(C)c1ccc(N=Nc2c(C(C#N)=Cc3ccccc3)c(C)cc2C)cc1 failed to sanitize.
16:46:43 <INFO> Sampled SMILES c1(N=Nc2c(F)c(F)c(N=Nc3c(F)c(F)cc(F)c3F)c(F)cc2)c(C)[nH]nc1=O failed to sanitize.
16:46:43 <INFO> Sampled SMILES c1(O)cccc(-c2ccc(N=Nc3ccc(N=Nc4ccc(N(C)=O)cc4)cc3)cc2)c1 failed to sanitize.
16:46:43 <INFO> Sampled SMILES c1(N=Nc2ccccc2)nccc1-c1noc(CO)n1 failed to sanitize.
16:46:43 <INFO> Sampled SMILES Oc1c(-c2nc(-c3cc(Cl)c(F)cc3)no2)ccc(F)cc1 failed to sanitize.
16:46:43 <INFO> Sampled SMILES c1[nH]nc(C)c(N=Nc2c(C#N)cc([N+]([O-])=O)cc2OC)c1 failed to sanitize.
16:46:43 <INFO> Sampled SMILES c1(C(NCC)c2cccc(Cl)c2)ccc(N(CC)CC)c1 failed to sanitize.
16:46:43 <INFO> Sampled SMILES O=C(OCc1ccc(-c2ccc(C(=O)OCCC#N)cc2)cc1)(OC)c1ccccc1 failed to sanitize.
16:46:43 <INFO> Sampled SMILES c1(N)ncnc2c(N=Nc3cc(Br)cc([N+](=O)[O-])c3)ccc21 failed to sanitize.
16:46:43 <INFO> Sampled SMILES c1(C(N)=O)c(=O)c(N=Nc2cc(O)c(Cl)cc2)c(C)n(CC)c1=O failed to sanitize.
16:46:43 <INFO> Sampled SMILES [O-](c1c(N=Nc2c(OC)cc(N(CC)CC)ccc2)nn1)c1c([N+](=O)[O-])ccc([N+]([O-])=O)cc1[N+](=O)[O-] failed to sanitize.
16:46:43 <INFO> Sampled SMILES c1(F)c(N=Nc2c(Cl)cccc2Cl)ccc1[N+](=O)[O-] failed to sanitize.
16:46:43 <INFO> Sampled SMILES c1nn(-c2ccc(N(CCO)CCC#N)cc2)c(O)[nH]1 failed to sanitize.
16:46:43 <INFO> Sampled SMILES N(=Nc1cnc(N#N=O)c(-c2c(N=Nc3ccccc3)sc(-c3ccccc3)c2)n1)CC failed to sanitize.
16:46:43 <INFO> Sampled SMILES c1(F)c(N=Nc2c(Cl)cc(C)cc2Cl)c(F)c(F)c1F failed to sanitize.
16:46:43 <INFO> Sampled SMILES c1(F)c(F)c(N=Nc2c(F)cccc2F)cc1F failed to sanitize.
16:46:43 <INFO> Sampled SMILES NC(c1c(N=Nc2ccc(C(=O)OC)cc2)ccc1O)O failed to sanitize.
16:46:43 <INFO> Sampled SMILES C1CCN(c2c(N=Nc3n[nH]c4c3CCCCC4)CC2)c(C#N)cc1Br failed to sanitize.
16:46:43 <INFO> Sampled SMILES c1c(N=Nc2cccc(C(F)(F)F)c2)ccc(S(=O)=O)cc1 failed to sanitize.
16:46:43 <INFO> Sampled SMILES c1(N=Nc2sccn2)sccc1=O failed to sanitize.
16:46:43 <INFO> Sampled SMILES c1(OC)cc(N=Nc2ccc(OC)cc2)cc1 failed to sanitize.
16:46:43 <INFO> Sampled SMILES c1(N=Nc2c(C#N)cc([N+](=O)[O-])cc2Cl)c(F)cc(Br)c1 failed to sanitize.
16:46:43 <INFO> Sampled SMILES Br(c1ccc(N=Nc2ccccc2)c1)CCC failed to sanitize.
16:46:43 <INFO> Sampled SMILES OC(c1c(Cl)cc(N=Nc2cc(C)c(N=Nc3ccc([N+]([O-])=O)cc3)cc2)c1)n failed to sanitize.
16:46:43 <INFO> Sampled SMILES N(CC)(c1ccccc1)=Nc1ccccc1 failed to sanitize.
16:46:43 <INFO> Sampled SMILES c1(F)c(OC)c(N=Nc2cc(C(F)(F)F)ccc2Cl)c(Cl)c1 failed to sanitize.
16:46:43 <INFO> Sampled SMILES c1c(N=Nc2sc(NCCOCCO)n(C)c2=O)ccc(C(F)(F)F)c1 failed to sanitize.
16:46:43 <INFO> Sampled SMILES c1ccccc1-c1cc(C(=O)O)ccc(N=Nc2scc(SC)c2)c1 failed to sanitize.
16:47:12 <INFO> Sampled SMILES N(CC)(c1ccc(N=Nc2c(C#N)cc(C#N)cc2C#N)cc1)=O failed to sanitize.
16:47:12 <INFO> Sampled SMILES c1(N=Nc2ccc(N(CCC#N)CCO)cc2C)cc(C)o1 failed to sanitize.
16:47:12 <INFO> Sampled SMILES c1cc2c(nc1)c(N=Nc1c(C#N)c(C(C)(C)C)sc1C(=O)C[N+]([O-])C)ccc2[nH] failed to sanitize.
16:47:12 <INFO> Sampled SMILES c1(F)ccc(-c2ccccc2)c1N=Nc1c(C)noc1C failed to sanitize.
16:47:12 <INFO> Sampled SMILES C1(c2ccc(N=Nc3c4c(cccc4))ccc3)CCN2CCCNC1 failed to sanitize.
16:47:12 <INFO> Sampled SMILES FC(F)(F)c1ccc(-c2nc(N=Nc3sccnn3)s2)cc1 failed to sanitize.
16:47:12 <INFO> Sampled SMILES F(c1ccccc1)=Nc1ccc(N=Nc2n(C)csc2=O)cc1 failed to sanitize.
16:47:12 <INFO> Sampled SMILES CCN(c1ccc(N=Nc2nc(CC)c(CC)n2)cc1)C(C)C failed to sanitize.
16:47:12 <INFO> Sampled SMILES c1cc(OC)c(N=Nc2ccc([N+]([O-])=O)cc2)ccc1N1CCCCC1 failed to sanitize.
16:47:12 <INFO> Sampled SMILES c1cn(-c2ccc(N=Nc3ccc(Br)cc3)cc2)c(N=Nc2c(C(C)C)C(OC)C)ccc21 failed to sanitize.
16:47:12 <INFO> Sampled SMILES c1(N=Nc2c(Cl)cccc2)noc1-c1ccccc1 failed to sanitize.
16:47:12 <INFO> Sampled SMILES c1(N=Nc2cc(C)cc(C)[nH]2)ccc(C)c(N)c1 failed to sanitize.
16:47:12 <INFO> Sampled SMILES Cl(c1ccccc1N=Nc1c(N)cc(C(OCC)=O)cc1)NC(=O)C(C)(C)C failed to sanitize.
16:47:12 <INFO> Sampled SMILES c1(N=Nc2c([N+](=O)[O-])cc(C)cc2)ccccc1C=N=Nc1ccc(O)c(C)c1 failed to sanitize.
16:47:12 <INFO> Sampled SMILES c1(C(=Oc(C)=N=Nc2ccc(OC)cc2)sc2n1CCC2)OC failed to sanitize.
16:47:12 <INFO> Sampled SMILES c1c(N=Nc2cccc(C(O)=O)c2)c(C)onc1C failed to sanitize.
16:47:12 <INFO> Sampled SMILES N(=Nc1cnn2cccc12)C(c1c(O)ccc2ccccc12)c1ccccc1 failed to sanitize.
16:47:12 <INFO> Sampled SMILES N(c1sc(N=Nc2c(C)c(C#N)c(N)cc2C#N)n1)c1ccccc1 failed to sanitize.
16:47:12 <INFO> Sampled SMILES NC(c1ccc(N=Nc2ccc(OC)cc2)cc1)(C)(C)[N+] failed to sanitize.
16:47:12 <INFO> Sampled SMILES c1cc(NCCCO)cc(C=N=O)c1 failed to sanitize.
16:47:12 <INFO> Sampled SMILES c1(C(N)=O)c(C)c(N=Nc2ccc([N+](=O)[O-])cc2)c(O)[nH]c1 failed to sanitize.
16:47:12 <INFO> Sampled SMILES c1(N=Nc2sc(N3CC3)c(N=Nc)s2)ccc(F)cc1 failed to sanitize.
16:47:12 <INFO> Sampled SMILES COc1c(NC(=O)C(C)N(C)C(=O)c2ccc(-c3ccc(C)o3)cc2)ccc(F)c(F)c1F failed to sanitize.
16:47:12 <INFO> Sampled SMILES N#Cc1cc(N=Nc2c(C)c(C#N)c(=O)[nH]c2=O)cc(Cl)c1 failed to sanitize.
16:47:12 <INFO> Sampled SMILES N(CC)(CC)c1ccc(N=Nc2c(N3CCCC3)c(C)n(CC)c2=O)cc1 failed to sanitize.
16:47:12 <INFO> Sampled SMILES N(c1c(C)noc1C)=Nc1nc(C)cc(N2CCOCC2)s1 failed to sanitize.
16:47:12 <INFO> Sampled SMILES c1ccc(N=Nc2ccc(NCCC#N)cc2)c1 failed to sanitize.
16:47:12 <INFO> Sampled SMILES c1cc(N=Nc2c(O)n)cc(C(F)(F)F)cc2s1 failed to sanitize.
16:47:12 <INFO> Sampled SMILES c1(O)ccnc1N=Nc1ccc(OC)cc1 failed to sanitize.
16:47:12 <INFO> Sampled SMILES c12ccccc2nc(N=Nc1c(C)noc1C)[nH]1 failed to sanitize.
16:47:12 <INFO> Sampled SMILES c1c(O)cc(N=Nc2ccc(NCCC#N)cc2)ccc1 failed to sanitize.
16:47:12 <INFO> Sampled SMILES [O-][N+](c1cc(N=Nc2ccc(Cl)cc2)cc1)C(O)C failed to sanitize.
16:47:12 <INFO> Sampled SMILES c1c(O)cc(N=Nc2c(O)cccc2C)c(Cl)cc1 failed to sanitize.
16:47:12 <INFO> Sampled SMILES C(c1c(F)c(F)c(F)c(F)c(F)c1F)C(=O)c1ccc(N=Nc2ccc(O)cc2)cc1 failed to sanitize.
16:47:12 <INFO> Sampled SMILES c1(N=Nc2ccc(N(CCC#N)CCO)cc2C)c(C)n[nH]c1=O failed to sanitize.
16:47:12 <INFO> Sampled SMILES N(=Nc1c(C)cc(C(OCC)=O)ccc1[N+](=O)[O-])Cc1sccc1Br failed to sanitize.
16:47:12 <INFO> Sampled SMILES c1(F)c(Sc2ccc(N=Nc3ccc(O)cc3)cc2)cc(N2CCCCC2)n1 failed to sanitize.
16:47:12 <INFO> Sampled SMILES N(=Nc1ccc(O)c(NCCC#N)c1)=Nc1c(C)cccc1 failed to sanitize.
16:47:12 <INFO> Sampled SMILES c1c(N=Nc2cccc(Br)c2)ccc1C#N failed to sanitize.
16:47:12 <INFO> Sampled SMILES C(CN(c1cc(OC)c(N=Nc2c(C(=O)OC)cc([N+]([O-])[O-])c2)cc1)CCC#N)C#N failed to sanitize.
16:47:12 <INFO> Sampled SMILES c1(N=Nc2ccc(N(CC)CC)cc2)c(C)cc(N(C)C)c1 failed to sanitize.
16:47:12 <INFO> Sampled SMILES N(c1c(C)n[nH]c1C)=Nc1c(OC)cc([N+](=O)[O-])cc1#O failed to sanitize.
16:47:12 <INFO> Sampled SMILES c1(N=Nc2ccccc2)c(c2ccccc2)c(C)[nH]1 failed to sanitize.
16:47:12 <INFO> Sampled SMILES c1c(O)cc(N=Nc2c(C)cccc2)ccc1 failed to sanitize.
16:47:12 <INFO> Sampled SMILES c1cc(-c2c(C)c(CCl)cc2C)ccc1 failed to sanitize.
16:47:12 <INFO> Sampled SMILES N(=Nc1c(OC)cc(NC(C)=O)cc1OC)=Nc1ccc([N+]([O-])=O)cc1 failed to sanitize.
16:47:12 <INFO> Sampled SMILES N1(CC(O)(C)c2ccccc2)c(C#N)c(=O)n(CCCCCCl)c1 failed to sanitize.
16:47:12 <INFO> Sampled SMILES C(c1ccc(C(F)(F)F)cc1)c1ccc(N(c2ccccc2)=Nc2nc3c(c([N+](=O)[O-])ccc3)=NC2n)c(C)c1 failed to sanitize.
16:47:12 <INFO> Sampled SMILES c1c(N=Nc2c(Cl)c(C)c(N(C)C)c(Cl)c2)ccc([N+]([O-])=O)cc1C#N failed to sanitize.
16:47:12 <INFO> Sampled SMILES c1(N=Nc2ccccc2[N+]([O-])=O)scc1 failed to sanitize.
16:47:12 <INFO> Sampled SMILES c1(F)cc(N=Nc2c(C)cc(N(CCO)CCC#N)cc2)c(C)c1 failed to sanitize.
16:47:12 <INFO> Sampled SMILES Oc1(O)ccc(N=Nc2c(C)c(Br)ccc2[N+](=O)[O-])cc1 failed to sanitize.
16:47:12 <INFO> Sampled SMILES N(CC(=O)c1ccc(N=Nc2ccc(OCC)cc2)cc1)(C)=O failed to sanitize.
16:47:12 <INFO> Sampled SMILES c1(N=Nc2sc(NCCCl)s2)sc(C(N)=O)c1 failed to sanitize.
16:47:12 <INFO> Sampled SMILES c1c(N=Nc2cc3c(cc2)N(CCC#N)CCC3)c(C)o1 failed to sanitize.
16:47:12 <INFO> Sampled SMILES N(c1sc(N=Nc2ccc(O)cc2)c(S(C)(=O)=O)c(C#N)c1OC)OC failed to sanitize.
16:47:12 <INFO> Sampled SMILES c1c(N=Nc2sc(NCCBr)c(Cl)c2(C)C)c(C#N)c([N+](=O)[O-])cc1 failed to sanitize.
16:47:12 <INFO> Sampled SMILES c1(N=Nc2ccc(N(CCO)CCO)cc2)cc(C(C)(C)C)cc1C failed to sanitize.
16:47:12 <INFO> Sampled SMILES COc1c(NC(=O)CN(C(=O)c2cc([N+](=O)[O-])c(F)c([N+](=O)[O-])c2)C2CC2)ccc(F)c(F)c1F failed to sanitize.
16:47:12 <INFO> Sampled SMILES c1cc(-n2c(N=Nc3sccn3)nc2)ccc1NCCCO failed to sanitize.
16:47:12 <INFO> Sampled SMILES c1(O)nc(O)cc1N=Nc1c(C)n(C)n1 failed to sanitize.
16:47:12 <INFO> Sampled SMILES c1c(O)c(N=Nc2ccc(Br)cc2)ccc1N(c1ccccc1)=NNC(=O)C failed to sanitize.
16:47:12 <INFO> Sampled SMILES c1(N(CC)CCCO)CCCS(=O)(=O)c2cc(OC)ccc12 failed to sanitize.
16:47:12 <INFO> Sampled SMILES CN(C)c1ccc(N=Nc2cccc(F)c2)c(N)cc1 failed to sanitize.
16:47:12 <INFO> Sampled SMILES c1(N=Nc2c(F)c(F)c3c(c2F)Nc2ccccc2S3)scc1 failed to sanitize.
16:47:12 <INFO> Sampled SMILES C(C(=O)Nc1ccc(N=Nc2ccc(N(CC)CC)cc2)cc1)C#O failed to sanitize.
16:47:12 <INFO> Sampled SMILES c1(N=Nc2ccc(OC)cc2Br)ccc(N(CC)CC)c1 failed to sanitize.
16:47:12 <INFO> Sampled SMILES C(c1c(N=Nc2c(C)c(C(=O)OCC)cnn2)cs1)c1ccc(N(C)C)cc1 failed to sanitize.
16:47:12 <INFO> Sampled SMILES N(=Nc1ccccc1C(=O)O)cc1ccc(OC)cc1 failed to sanitize.
16:47:12 <INFO> Sampled SMILES Cc1cc(N(CCC#N)CCO)cc([N+](=O)[O-])cc1C failed to sanitize.
16:47:12 <INFO> Sampled SMILES O=[N+]([O-])c1ccc2oc(S(=O)(=O)c3cc(N=Nc4ccc(N5CCOCC5)cc4)cc3)c(O)c2N1 failed to sanitize.
16:47:12 <INFO> Sampled SMILES c1(C)nnc(C)c1N=Nc1ccc(C#N)cc1 failed to sanitize.
16:47:12 <INFO> Sampled SMILES O[N+](=O)(O)c1c(F)c(F)c(N=Nc2c(Br)cc([N+]([O-])=O)cc2Br)c(F)c1F failed to sanitize.
16:47:12 <INFO> Sampled SMILES c1(N=Nc2ccc(C(C)=O)cc2)ccc(NCCC#N)c1 failed to sanitize.
16:47:12 <INFO> Sampled SMILES c1ccccc1=NNC(c1c(Cl)cccc1Cl)C(F)(F)F failed to sanitize.
16:47:12 <INFO> Sampled SMILES c1(NC(=O)CS(=O)(=O)c2ccccc2)ccc(Br)c1 failed to sanitize.
16:47:12 <INFO> Sampled SMILES O[N+](=O)(c1cc(S(N)(=O)=O)c(Br)cc1OC)c1ccccc1 failed to sanitize.
16:47:12 <INFO> Sampled SMILES c1(N=Nc2cc(C)ccc2)cccc1 failed to sanitize.
16:47:12 <INFO> Sampled SMILES c1([N+]([O-])=O)cc(C(N(C)C)c2ccccc2)cc1 failed to sanitize.
16:47:12 <INFO> Sampled SMILES c1(C(F)(F)F)cccc1N=Nc1ccc(N(C)C)cc1 failed to sanitize.
16:47:12 <INFO> Sampled SMILES c1(N=Nc2c(N3CCCC3)cccc2F)ccc(C)ccc1 failed to sanitize.
16:47:12 <INFO> Sampled SMILES c1(N(CCO)CCO)c(C#N)cc(N=Nc2c(C)cc(N(CCC#N)CCC#N)cc2)c1 failed to sanitize.
16:47:12 <INFO> Sampled SMILES c1(N=Nc2cccc(C(O)=O)c2)sc2c1CCN(C(=O)OC(C)(C)C)C2 failed to sanitize.
16:47:12 <INFO> Sampled SMILES c1cccc2c1[nH]c(-c1ccccc1)c2N=Nc1sc(NCCCl)n1 failed to sanitize.
16:47:12 <INFO> Sampled SMILES c1cccc2n(-c3ccc(N=Nc4ccc(C(F)(F)F)cc4)cc3)c(C(O)=O)n12 failed to sanitize.
16:47:12 <INFO> Sampled SMILES c1c(N=Nc2c(F)cc(C(F)(F)F)cc2)ccc(N(CCN)=O)c1 failed to sanitize.
16:47:12 <INFO> Sampled SMILES c1(N=Nc2c(Cl)cccc2)nc(SC)nc1NCCCO failed to sanitize.
16:47:12 <INFO> Sampled SMILES c1c(N=Nc2c3c(c(Nc4ccc(O)cc4)cc3)ccc2)cccc1 failed to sanitize.
16:47:12 <INFO> Sampled SMILES CC(=O)Nc1cc(NC(C)=O)cc(C(=O)OC)cc1OC failed to sanitize.
16:47:12 <INFO> Sampled SMILES N(c1sc(S(c2ccc([N+](=O)[O-])cc2)(=O)=O)cn1)=Nc1c2c(nccc2#[N+]([O-])=O)c(S(N)(=O)=O)c([N+](=O)[O-])c(Cl)c1 failed to sanitize.
16:47:12 <INFO> Sampled SMILES c1(C)[nH]ncc1N=Nc(c1cc([N+](=O)[O-])cc([N+]([O-])=O)cc1)=O failed to sanitize.
16:47:12 <INFO> Sampled SMILES c1c(N=Nc2ccc(C#N)ccc2)ccc(NCCC#N)c1 failed to sanitize.
16:47:12 <INFO> Sampled SMILES c1(CNC)c(N=Nc2cc(C#N)ccc2Cl)n(C)n1 failed to sanitize.
16:47:12 <INFO> Sampled SMILES C(C(c1ccccc1)n1c(N=Nc2ccc([N+](=O)[O-])cc2)nn1)c1ccccc1 failed to sanitize.
16:47:12 <INFO> Sampled SMILES c1(C(Cl)=C(Cl))ccc(Cl)c1Cl failed to sanitize.
16:47:12 <INFO> Sampled SMILES c1(N=Nc2ncncs2)ccc(NCCC#N)cc1 failed to sanitize.
16:47:12 <INFO> Sampled SMILES N(c1c(CC)nc(N)sc1C)=Nc1c(C)nn(C)c1C failed to sanitize.
16:47:12 <INFO> Sampled SMILES N#Cc1c(NCCCOc2cccc(C#N)c2)ccnc(Cl)c1 failed to sanitize.
16:47:12 <INFO> Sampled SMILES c1c2c(ccc1[N+](=O)[O-])nc(N=Nc1sc(NCC=O)n(C)c12)c1ccccc1 failed to sanitize.
16:47:12 <INFO> Sampled SMILES F(c1ccccc1)=Nc1ccc(N=Nc2cc(C)ccc2)cc1 failed to sanitize.
16:47:12 <INFO> Sampled SMILES c1(C)cc(N(Cc2ccc3c(c2)OCCO3)Cc2ccccc2)c2c3c(c1)CCN3CCC2 failed to sanitize.
16:47:12 <INFO> Sampled SMILES Oc1sc(N=Nc2ccccc2-c2ccccc2)c(=O)n(C)c1=O failed to sanitize.
16:47:12 <INFO> Sampled SMILES c1(-c2c(N=Nc3c([N+](=O)[O-])cc(C(OC)OC)cc3)n[nH]2)ccccc1[N+](=O)[O-] failed to sanitize.
16:47:12 <INFO> Sampled SMILES c1c(NCCC#N)ccsc1 failed to sanitize.
16:47:12 <INFO> Sampled SMILES c1(N#CCC#N)cc(N=Nc2c(F)cc([N+]([O-])=O)cc2F)ccc1 failed to sanitize.
16:47:12 <INFO> Sampled SMILES c1(F)c(F)c(N=Nc2ccccc2)cc1F failed to sanitize.
16:47:12 <INFO> Sampled SMILES c1cccc(C(O)CO)cc1N=Nc1ccc(N(CC)CC)cc1 failed to sanitize.
16:47:12 <INFO> Sampled SMILES N(CC)(c1cc(O)c(N=Nc2scc(C)n2)cc1)=O failed to sanitize.
16:47:12 <INFO> Sampled SMILES c12c(N(CCO)CCC#N)ccccc2cc1 failed to sanitize.
16:47:12 <INFO> Sampled SMILES C(CCNC(=O)c1c(Cl)ccc(Cl)c1F)C#N=N failed to sanitize.
16:47:12 <INFO> Sampled SMILES c1cc(N(CCCl)CCO)cc(C(O)C)c(O)c1N=Nc1c(C(=O)OC)cc(C(C)C)cc1OC failed to sanitize.
16:47:12 <INFO> Sampled SMILES c1(N(CC)CC)ccc(N=Nc2c(Cl)cc([N+]([O-])=O)cc2#O)cc1 failed to sanitize.
16:47:12 <INFO> Sampled SMILES N(c1ccccc1)=Oc1ccc(N=Nc2ccc(N(CC)CC)cc2)cc1 failed to sanitize.
16:47:12 <INFO> Sampled SMILES c1(N=Nc2sc(NCCBr)c(C(=O)OCC)c2-c2ccccc2)ccc(N#N)c1Cl failed to sanitize.
16:47:12 <INFO> Sampled SMILES c1(N=Nc2sc(N=Nc3ccc(OC)cc3)s2)CCCC1 failed to sanitize.
16:47:12 <INFO> Sampled SMILES CCN(c1c(C)cccc1)=Nc1nc(CC)no1 failed to sanitize.
16:47:12 <INFO> Sampled SMILES C(C)N(c1cnccn1)=O failed to sanitize.
16:47:12 <INFO> Sampled SMILES c1cc(N(CC)CC)c(N=Nc2cc(C(F)(C)=O)ccc2OC)ccc1 failed to sanitize.
16:47:12 <INFO> Sampled SMILES N(CC)(n1c(N)ccc1=O)c1ccccc1 failed to sanitize.
16:47:12 <INFO> Sampled SMILES c1c(N=Nc2sc(N3CC3)c(C(N)=O)c(=O)n2C)c(Cl)ccc1 failed to sanitize.
16:47:12 <INFO> Sampled SMILES c1cc(N=Nc2c3c(c(SC)nccc3)ccc2)ccc1 failed to sanitize.
16:47:12 <INFO> Sampled SMILES Oc1cc(N=Nc2c(C)c[nH]c(=O)c2=O)ccc1F failed to sanitize.
16:47:12 <INFO> Sampled SMILES c1(N=Nc2ccc(N(CCCl)CCCl)cc2)c(C#N)ccc1 failed to sanitize.
16:47:12 <INFO> Sampled SMILES O=[N+](c1c(N=Nc2c(C(N)=O)c([N+](=O)[O-])cc(C(C)(C)C)c(C#N)c2)cccc1)(F)F failed to sanitize.
16:47:12 <INFO> Sampled SMILES N1(CC(O)(C)c2ccccc2)c(C)c([O-])c1N=[N+]=[N-] failed to sanitize.
16:47:12 <INFO> Sampled SMILES c1c(N=Nc2cc(C)ccc2)c(C)cc(N(CCCl)Br)cc1 failed to sanitize.
16:47:12 <INFO> Sampled SMILES c1[N+](F)cc(N=Nc2ccc(Br)cc2)cc1 failed to sanitize.
16:47:12 <INFO> Sampled SMILES c1(NC(c2ccccc2)c2ccccc2)ccc(C(O)C)c1 failed to sanitize.
16:47:12 <INFO> Sampled SMILES c1ccccc1N=Nc1cc(N#N)ccc1 failed to sanitize.
16:47:12 <INFO> Sampled SMILES c1ccc2[nH]c(C)c(CCCOCCCCBr)c2C1 failed to sanitize.
16:47:12 <INFO> Sampled SMILES c1(C(N)=O)c(C)c(N=Nc2ccccc2)c(OC)c1 failed to sanitize.
16:47:12 <INFO> Sampled SMILES c1(N=Nc2cc(C)on2)cccc1C(=O)C failed to sanitize.
16:47:12 <INFO> Sampled SMILES c1(C)cc(N=Nc2c(C)c(C)c(N=Nc3ccccc3S(C)(=O)=O)c2C)c(C)o1 failed to sanitize.
16:47:12 <INFO> Sampled SMILES C(C)N(c1c(=O)[nH]cn1)c1c(C)cccc1C failed to sanitize.
16:47:12 <INFO> Sampled SMILES c1(CN(CCC#N)CCO)cc(C)c(N=Nc2ccc([N+]([O-])=O)cc2)c1CCC#N failed to sanitize.
16:47:12 <INFO> Sampled SMILES c1(N=Nc2ccc(C(F)(F)F)cc2)cccn1 failed to sanitize.
16:47:12 <INFO> Sampled SMILES Oc1c(SCCC#N)ccc(C(F)(F)F)cc1 failed to sanitize.
16:47:12 <INFO> Sampled SMILES c1(C#N)cc(Br)c(N=Nc2ccc(N(CCC#N)CCC#N)cc2)c1 failed to sanitize.
16:47:12 <INFO> Sampled SMILES c1(N=Nc2ccccc2)c(F)cc(C(OCC)=O)cc1(F)(F)F failed to sanitize.
16:47:12 <INFO> Sampled SMILES C(c1c(N=Nc2ccc(C)cc2)c(C(=O)OCC)s1)COC failed to sanitize.
16:47:12 <INFO> Sampled SMILES N(=Nc1ccc(O)c2c1ccccc2c(=O)c1ccc(OC)cc1)CCC(=O)OC(C)(C)C failed to sanitize.
16:47:12 <INFO> Sampled SMILES c1c(-c2nc(C3=NCCCC3)c3scc(-c4ccc(C(OCCO)C)cc4)s3)cccc2c(=O)o1 failed to sanitize.
16:47:12 <INFO> Sampled SMILES C1N(c2sc(N=Nc3cc(Cl)ccc3)n2CC)CCC1=O failed to sanitize.
16:47:12 <INFO> Sampled SMILES c1(N=Nc2sccc2)[nH]c(SC)cc(=O)c(N=Nc2ccc([N+](=O)[O-])cc2)c1 failed to sanitize.
16:47:12 <INFO> Sampled SMILES c1(N=Nc2c(C)[nH]nc2C)ccc(OC)c(F)cc1 failed to sanitize.
16:47:12 <INFO> Sampled SMILES CCN(c1ccc(N=Nc2c(C)cc(NS(C)(OC)=O)c2)cc1)c1c(C)ccc(C)c1 failed to sanitize.
16:47:12 <INFO> Sampled SMILES c1(N=Nc2ccc(Cl)cc2C(F)(F)F)c(O)n(CC)c(=O)c1C=O failed to sanitize.
16:47:12 <INFO> Sampled SMILES c1ccc2c(cccc(O)c2)c1N=Nc1c(C)cccc1 failed to sanitize.
16:47:12 <INFO> Sampled SMILES c1cccc2c1ccc(CN=Nc3ncc([N+]([O-])=O)n3C)cc2 failed to sanitize.
16:47:12 <INFO> Sampled SMILES CN1C(=O)Cc2ccc(-c3ccc(Cl)cc3)c2C1 failed to sanitize.
16:47:12 <INFO> Sampled SMILES c1(N=Nc2ccc(N(CC)CC)cc2)c(C#N)cc([N+](=O)[O-])c1 failed to sanitize.
16:47:12 <INFO> Sampled SMILES N(c1c(C#N)c(C)c(N=Nc2cc(C#N)ccc2OC)n(C)c1)=Nc1ccc([N+](=O)[O-])cc1[N+](=O)[O-] failed to sanitize.
16:47:12 <INFO> Sampled SMILES c1Nc(N=Nc2ccc(C#N)cc2)ccc1 failed to sanitize.
16:47:12 <INFO> Sampled SMILES c1c(OC)c(N=Nc2c(O)n(CC)c(=O)c(C#N)c2C)ccc1[N+]([O-])([O-])=O failed to sanitize.
16:47:12 <INFO> Sampled SMILES F(Br)c1ccccc1N=Nc1cc(N)ccc1 failed to sanitize.
16:47:12 <INFO> Sampled SMILES CN(c1ccccc1N=Nc1c([N+](=O)[O-])cc([N+](=O)[O-])cc1[N+](=O)[O-])=N failed to sanitize.
16:47:12 <INFO> Sampled SMILES C(OC(C)(C)C)C(C)=NNc1nc(C(C)C)c(NCC)n1 failed to sanitize.
16:47:12 <INFO> Sampled SMILES c1(N=Nc2c(C)cccc2[O-])ccc(OC)c(N=Nc2ccc(OC)cc2)cc1 failed to sanitize.
16:47:12 <INFO> Sampled SMILES c1(N=Nc2ccccc2)nc(-c2cc3ccccc3s2)nc1N failed to sanitize.
16:47:12 <INFO> Sampled SMILES c1(C)ccc(-c2ccc(N=Nc3ccc(N(C)C)cc3)cc2)c1C failed to sanitize.
16:47:12 <INFO> Sampled SMILES OS(=O)(c1c(N=Nc2ccc(Br)cc2)c2ccccc2)c(O)cc1 failed to sanitize.
16:47:12 <INFO> Sampled SMILES O=[N+]([O-])c1c(N=Nc2c(Cl)cc([N+]([O-])=O)cc2[N+]([O-])=O)sc(N=Nc2c(-c([N+]([O-])=O)cccc2)c2ccc(N)cc2)cc1 failed to sanitize.
16:47:12 <INFO> Sampled SMILES c1(OC)ccc(-c2c(F)cc(NCCO)cc2)c1 failed to sanitize.
16:47:12 <INFO> Sampled SMILES Br(c1ccc(N=Nc2c(C)cc([N+]([O-])=O)cc2)o1)c1c([N+]([O-])=O)ccc([N+]([O-])=O)c1 failed to sanitize.
16:47:12 <INFO> Sampled SMILES [O-][N+](c1n)c(N=Nc2ccc(OC)c(C)c2)c1 failed to sanitize.
16:47:12 <INFO> Sampled SMILES c1(Cn2c(c3ccccc3)c(N=Nc3ccc(N(CCO)CCO)cc3)cc2)cccc1 failed to sanitize.
16:47:12 <INFO> Sampled SMILES c1cc(N=Nc2nnc(SC)s2)ccc1N(C)=O failed to sanitize.
16:47:12 <INFO> Sampled SMILES c1(N=Nc2c(C#N)cc(C(OC)OC)ccc2C#N)ccc(Cl)cc1 failed to sanitize.
16:47:12 <INFO> Sampled SMILES N(=Nc1cc(C(=O)(C)C)c(NC(=O)c2cc(Cl)c(Cl)cc2)s1)c1ccc(O)cc1 failed to sanitize.
16:47:12 <INFO> Sampled SMILES c1(N=Nc2sc(C)cn2)scn1 failed to sanitize.
16:47:12 <INFO> Sampled SMILES c1c(N=Nc2ccccc2)cc(C)c(NCCC#N)cc1 failed to sanitize.
16:47:12 <INFO> Sampled SMILES c1(C)cc(C(F)C)c(N=Nc2cc([N+](=O)[O-])ccc2)c1O failed to sanitize.
16:47:12 <INFO> Sampled SMILES c1(C(N)=O)c(O)c(N2CCCC2)cc1C failed to sanitize.
16:47:12 <INFO> Sampled SMILES C=CCN(c1c(C#N)cccc1)=O failed to sanitize.
16:47:12 <INFO> Sampled SMILES c1(C)cc(C#N)cc(N=Nc2c(C)c(-c3ccccc3)c(OC)c2)c1 failed to sanitize.
16:47:12 <INFO> Sampled SMILES c1cccc2c1c(O)ccc(N=Nc2c(C)cccc1)c1 failed to sanitize.
16:47:12 <INFO> Sampled SMILES c1c(N=Nc2ccc(N3CCOCC3)c(C)c2)cc(C(C)O)ccc1 failed to sanitize.
16:47:12 <INFO> Sampled SMILES c1(N=Nc2cc(C)ccc2O)cccc1 failed to sanitize.
16:47:12 <INFO> Sampled SMILES c1c2c(ccc1N=Nc1c(C)cccc1)=NCC2 failed to sanitize.
16:47:12 <INFO> Sampled SMILES c1[nH]nc(C)c(N=Nc2c(C)c(C#N)c(=O)n(C)c2=O)c1 failed to sanitize.
16:47:12 <INFO> Sampled SMILES N(=Nc1c(C)[nH]nc1C)C(c=O)c(-c1ccccc1)c1ccccc1 failed to sanitize.
16:47:12 <INFO> Sampled SMILES c1(NC(c2ccccc2)c2ccccc2)nc(N=Nc2ccc(N(CC)CC)cc2)cn1 failed to sanitize.
16:47:12 <INFO> Sampled SMILES FC(F)(CCCn1ccnc1)=NNc1ccc(-n2cnnn2)cc1 failed to sanitize.
16:47:12 <INFO> Sampled SMILES c1(O)c(N=Nc2c(C#N)c(C)c(C)c(N=Nc3c(C)[nH]nc3C)c(C)n2)c(O)c(C(C)C)cc1[N+](=O)[O-] failed to sanitize.
16:47:12 <INFO> Sampled SMILES c1c(N=Nc2ccccc2OC)c(C)o1 failed to sanitize.
16:47:12 <INFO> Sampled SMILES c1(C)c(N=Nc2ccccc2N)c(C)onc1 failed to sanitize.
16:47:12 <INFO> Sampled SMILES Cc1cc(N)c(N)cc1Sc1c(C)c(C)c(N=Nc)cc1C#N failed to sanitize.
16:47:12 <INFO> Sampled SMILES [O-]1(C2CCCCC2)=Nc2ccc(N=Nc3ccc([N+](=O)[O-])cc3C#N)cc2C1 failed to sanitize.
16:47:12 <INFO> Sampled SMILES c1(C)nc(N2CCCC2)c(CN=Nc2ncc(Br)cc2[N+](=O)[O-])c1C(F)(F)F failed to sanitize.
16:47:12 <INFO> Sampled SMILES c1(N=Nc2sc(O)nc2C)c2c(ccc2N=Nc2c(N(C)S(CC)=[O-])ccc2-c2ccccc2)sc1 failed to sanitize.
16:47:12 <INFO> Sampled SMILES O[N+](=O)(O)c1cccc(N=Nc2ccc(N(CC)CC)cc2)c1 failed to sanitize.
16:47:12 <INFO> Sampled SMILES c1(C)onc(=O)c1N=Nc1c(C(F)(F)F)cccc1F failed to sanitize.
16:47:12 <INFO> Sampled SMILES c1c(N=Nc2c(O)c(C)c(S(=O)=O)cc2O)ccc(C(F)(F)F)cc1 failed to sanitize.
16:47:12 <INFO> Sampled SMILES c1(C#N)cc(Br)cc1N=Nc1ccc(NCCO)cc1 failed to sanitize.
16:47:12 <INFO> Sampled SMILES c1(N=Nc2c(C)c(C)c(N=Nc3ccc([N+]([O-])=O)cc3)cc2)c(OC)cc(N=Nc2ccc(S(C)([O-])=O)cc2)c1 failed to sanitize.
16:47:12 <INFO> Sampled SMILES N#c1cccc(N=Cc2c(F)cccc2)n1 failed to sanitize.
16:47:12 <INFO> Sampled SMILES c1cc(F)c(N=Nc2c(C)onc2C)ccc1 failed to sanitize.
16:47:12 <INFO> Sampled SMILES c1(C(c2c(C)N)ccc3c(O)cccc23)ccc(N(CC)CC)c(OC)c1 failed to sanitize.
16:47:12 <INFO> Sampled SMILES c1cccc(C2(C)=NN=Nc3ccc(NCC(O)O)cc32)c1 failed to sanitize.
16:47:12 <INFO> Sampled SMILES N(c1c(-c2ccccc2)cc(S(=O)(=O)C)c1)=Nc1cc(O)ccc1 failed to sanitize.
16:47:12 <INFO> Sampled SMILES Br(c1cc(N=Nc2ccc(N(CC)CC)cc2)cc1)C(F)CC failed to sanitize.
16:47:12 <INFO> Sampled SMILES c1(N(CCO)CCC#N)CCN(c2ccc3nnc(C#N)c3n2)CC1 failed to sanitize.
16:47:12 <INFO> Sampled SMILES N(c1cc(-c2ccccc2)cc1)=Nc1c(F)c(F)c(C(N)=O)c(F)c1F failed to sanitize.
16:47:12 <INFO> Sampled SMILES CCN(C(=O)c1c(N=Nc2ccc(C)cc2)c(C)s1)C(C)C failed to sanitize.
16:47:12 <INFO> Sampled SMILES c1c(-c2ccccc2N=Nc2c(N(C)C)cccc2)oc1O failed to sanitize.
16:47:12 <INFO> Sampled SMILES [O-][N+](c1c(C)cc(N=Nc2ccc(N=Nc3ccc(NCC)cc3)cc2)c1O)N failed to sanitize.
16:47:12 <INFO> Sampled SMILES c1(N(CCC#N)CCO)cc(C)cc1N=Nc1ccc(OC)cc1 failed to sanitize.
16:47:12 <INFO> Sampled SMILES OC(C)(C)c1nc(N=Nc2c(O)cccc2N=Nc2c(O)c(C(=O)C)c(=O)[nH]c2=O)sc1NCCBr failed to sanitize.
16:47:12 <INFO> Sampled SMILES c1(C#O)c(N=Nc2c(OC)cc(N(CC)CC)cc2)c(C(OC)=O)o1 failed to sanitize.
16:47:12 <INFO> Sampled SMILES F(c1sc(N=Nc2scc(CC)n2)cc1F)OCC failed to sanitize.
16:47:12 <INFO> Sampled SMILES c1(N=Nc2cccc(OC)c2)ccc(NCCC#N)cc1-cClc1ccccc1 failed to sanitize.
16:47:12 <INFO> Sampled SMILES c1c(N=Nc2c(C)noc2C)sc(N2CC2)cc1-c1ccccc1 failed to sanitize.
16:47:12 <INFO> Sampled SMILES N(c1ccc(N=Nc2c(C)c(C#N)c(=O)n(C)c2=O)cc1)C failed to sanitize.
16:47:12 <INFO> Sampled SMILES c1(N=Nc2n[nH]cc2)cccc1C(F)(F)F failed to sanitize.
16:47:12 <INFO> Sampled SMILES OC(c1ccccc1)c1ccc(C=N=Cc2c(O)cc(Cl)cc2)cc1 failed to sanitize.
16:47:12 <INFO> Sampled SMILES c1n(C)c(N=Nc2ccc(C(O)=O)cc2)ccc1N failed to sanitize.
16:47:12 <INFO> Sampled SMILES c1cccc(C(O)=Cc2ccc(N=Nc3n(C)c(Cc4[nH]c(-c5ccc(Cl)cc5)n4)c(C)c3)cc2)c1 failed to sanitize.
16:47:12 <INFO> Sampled SMILES c1c(O)cc(N=Nc2ccc(Br)cc2)ccc1 failed to sanitize.
16:47:12 <INFO> Sampled SMILES c1c2[nH]cnc2cc1 failed to sanitize.
16:47:12 <INFO> Sampled SMILES Oc1c(N=Nc2ccsc2)ccc(C(F)(F)F)cc1 failed to sanitize.
16:47:12 <INFO> Sampled SMILES c1(F)ccc(N=Nc2c(C)cccc2)c1-n1nc(C)c(N=Nc2c([N+]([O-])=O)cc(C(OC)=O)cc2C(F)(F)F)c1=O failed to sanitize.
16:47:12 <INFO> Sampled SMILES c1(N=Nc2ccccc2)nc(C)c(N=Nc2ccc(OC)cc2)n1 failed to sanitize.
16:47:12 <INFO> Sampled SMILES N(c1cc(C)c(N=Nc2ccc(C)cc2)c1)C1CCCC1 failed to sanitize.
16:47:12 <INFO> Sampled SMILES c1c(OC)c(N=Nc2ccccc2#C)ccc1O failed to sanitize.
16:47:13 <INFO> Sampled SMILES c1c(S(=O)(=O)C)ccc(N=Nc2ccc(C(c3ccccc3)ccc2)c2ccccc2)cc1 failed to sanitize.
16:47:13 <INFO> Sampled SMILES c1(N=Nc2c(C(O)=O)cccc2)nccn1 failed to sanitize.
16:47:13 <INFO> Sampled SMILES N(c1ccc(N=Nc2c(Cl)cc(OC)cc2)c(F)c1)=Nn failed to sanitize.
16:47:13 <INFO> Sampled SMILES c1(N=Nc2cccc(Cl)c2)sc2ncnc(Cl)c12 failed to sanitize.
16:47:13 <INFO> Sampled SMILES N(=Nc1ccc(N(CC)CC)cc1)(C#N)CC failed to sanitize.
16:47:13 <INFO> Sampled SMILES Cc1cc(=O)c(N(C)C)sc1NCCCCCO failed to sanitize.
16:47:13 <INFO> Sampled SMILES c1c(NCCC#N)cc(C)cc(NCCC#N)c1 failed to sanitize.
16:47:41 <INFO> Sampled SMILES Br(c1csc(N=Nc2c(OC)cccc2)n1)c1ccccc1 failed to sanitize.
16:47:41 <INFO> Sampled SMILES N(c1cc(C)c(N=Nc2ccc(O)cc2)cc1)C(c1ccccc1)(C)(C)n failed to sanitize.
16:47:41 <INFO> Sampled SMILES c1(NC(c2ccccc2)(C2CC2)c2ccccc2)ncnc1N failed to sanitize.
16:47:41 <INFO> Sampled SMILES c1cc(N=Nc2c(O)[nH]c(=O)c(C(=O)=CC)c2N=Nc2sc3c(c2C(=O)OC)CCCC3)ccc1 failed to sanitize.
16:47:41 <INFO> Sampled SMILES c1c(O)n(-c2ccccc2)c(N=Nc2ccc(N(CC)CC)c(OC)c2)cc1 failed to sanitize.
16:47:41 <INFO> Sampled SMILES c1nc(-c2c(C(=O)OCC)c(N=Nc3c(Br)cc([N+]([O-])=O)cc3OC)sc3c2CCC3)cs1 failed to sanitize.
16:47:41 <INFO> Sampled SMILES Br(=C)c1ccc(N(CC)c2nc3ccccc3s2)c(C)c1 failed to sanitize.
16:47:41 <INFO> Sampled SMILES N(c1ccc(N=Nc2c(C)cc([N+]([O-])=O)cc2)c(O)cc1)C failed to sanitize.
16:47:41 <INFO> Sampled SMILES c1(Cl)cc([N+](N=Nc2ccc(Cl)cc2)c2ccccc2)cn1 failed to sanitize.
16:47:41 <INFO> Sampled SMILES [O-]1(C(C)=O)CCCC1NCc1ccccc1OCCCN(C)C failed to sanitize.
16:47:41 <INFO> Sampled SMILES C(COc1ccc(C(N)=O)cc1)COc1cc([N+](=O)[O-])c(N(CC)CC)c(N2CC2)cc1 failed to sanitize.
16:47:41 <INFO> Sampled SMILES N(=Nc1ccc(C)cc1)c1c(N(C)c2ccccc2)cs1 failed to sanitize.
16:47:41 <INFO> Sampled SMILES c1cc2c(cccc2N=Nc2c(-c3ccccc3)c(N)[nH]c2c1)O failed to sanitize.
16:47:41 <INFO> Sampled SMILES Brc1c(N=Nc2ccc(N(CC)CC)cc2)ccc(C(=O)=N)c1 failed to sanitize.
16:47:41 <INFO> Sampled SMILES C(OC(C)(C)C)C(c1ccccc1)(OCC#O)c1ccccc1 failed to sanitize.
16:47:41 <INFO> Sampled SMILES c1c(-c2ccc3c(c2o)c(N=Nc2ccc([N+]([O-])=O)cc2)c(C)c3)c(C#N)cc(C#N)c1 failed to sanitize.
16:47:41 <INFO> Sampled SMILES C(Cc1ccc(N=N2ccccc2[N+](=O)[O-])cc1)C failed to sanitize.
16:47:41 <INFO> Sampled SMILES o1c[nH]c2ncc(N=Nc3c(C)cc([N+]([O-])=O)cc3O)cc12 failed to sanitize.
16:47:41 <INFO> Sampled SMILES c1c(C(O)=O)c(N=Nc2sc(NCCOS(C)(=O)=O)s2)sc1Br failed to sanitize.
16:47:41 <INFO> Sampled SMILES c1(NCCCN2CCOCC2)ccc(N=Nc2ccc(Cl)cc2N)c1 failed to sanitize.
16:47:41 <INFO> Sampled SMILES c1(Cl)ccc([N+]([O-])=N=Nc2ccc(OC)c(N=Nc3ccc(O)cc3)c2)c1 failed to sanitize.
16:47:41 <INFO> Sampled SMILES c1(C)nn(Cc2ccc(-c3ccc(C#N)cc3)cc2)c(N2CCCC2)c(N2CCOCC2)n1 failed to sanitize.
16:47:41 <INFO> Sampled SMILES c1cc2c(N=Nc3c(C)[nH]nc3C)n(C)nc2c1 failed to sanitize.
16:47:41 <INFO> Sampled SMILES N#c1ccc(N=Nc2ccc(F)cc2)cc1 failed to sanitize.
16:47:41 <INFO> Sampled SMILES c1(C)c(C)nc(N=Nc2c(C)c(C)ccc2)c1C failed to sanitize.
16:47:41 <INFO> Sampled SMILES c1(F)c(F)c(N=Nc2c(Br)c([N+]([O-])=O)nn2C)c(N)c1C#N failed to sanitize.
16:47:41 <INFO> Sampled SMILES c1c(N=Nc2ccccc2)c(-c2ccccc2)c(C(OCCl)=O)c1 failed to sanitize.
16:47:41 <INFO> Sampled SMILES c1(N(CC)CC)ccc2ncccc12 failed to sanitize.
16:47:41 <INFO> Sampled SMILES c1(N=Nc2ccccc2Br)c(C)nn1C failed to sanitize.
16:47:41 <INFO> Sampled SMILES N(=Nc1cnn2cccc12)c1c(N)cccc1Cl failed to sanitize.
16:47:41 <INFO> Sampled SMILES c1c(C(c2c(N=Nc3nc(C)nn3C)cs2)c2ccccc2)n[nH]1 failed to sanitize.
16:47:41 <INFO> Sampled SMILES c1(C(C)(C)C)ccc(N=Nc2ccccc2)c1 failed to sanitize.
16:47:41 <INFO> Sampled SMILES N(c1ccc(N=Nc2ccccc2)cc1)C#O failed to sanitize.
16:47:41 <INFO> Sampled SMILES N(CC)(c1c(N=Nc2ccc([N+](=O)[O-])cc2)c([N+]([O-])=O)cc1OC)N=O failed to sanitize.
16:47:41 <INFO> Sampled SMILES c1cc(N=Nc2n(C)csc2)ccc1C#N failed to sanitize.
16:47:41 <INFO> Sampled SMILES c1(O)c(N=Nc2ccc(Br)cc2)c(Cl)cn1 failed to sanitize.
16:47:41 <INFO> Sampled SMILES c1c2c(ccc1[N+](=O)[O-])nc(N=Nc1sc(NCCBr)c(C(=O)OCC)c2CC=O)c1C#N failed to sanitize.
16:47:41 <INFO> Sampled SMILES c1(CC#N)cc(N=Nc2c(C#N)cc([N+]([O-])=O)cc2OC)cc1 failed to sanitize.
16:47:41 <INFO> Sampled SMILES [O-][N+](c1ccc(N=Nc2ccc(Br)cc2)c1)O failed to sanitize.
16:47:41 <INFO> Sampled SMILES C(CN(c1cc(CC)c(N=Nc2ccc(N(CC)CC)cc2)cc1)C#O)C#N failed to sanitize.
16:47:41 <INFO> Sampled SMILES c1(N=Nc2c(O)cc(N)cc2)ccc(OC)c(N=Nc2cccc(OC)c2)cc1 failed to sanitize.
16:47:41 <INFO> Sampled SMILES c1(N=Nc2sc(C)cn2)sc(-c2ccccc2)c1NC(CCBr)S(=O)(=O)C failed to sanitize.
16:47:41 <INFO> Sampled SMILES c1ccccc1C=NNc1nc2c(cccc2)no1 failed to sanitize.
16:47:41 <INFO> Sampled SMILES Br(c1ccc(F)c(N=Nc2c(C)c(C(=O)OC)ccn2)c1)C failed to sanitize.
16:47:41 <INFO> Sampled SMILES CCN(c1cc(N=Nc2ccc(NCCC#N)cc2)cc1)CC failed to sanitize.
16:47:41 <INFO> Sampled SMILES c1(OC)c(N=Nc2c(C#N)cc([N+]([O-])=O)cc2C#N)c(N=Nc2c(C(C#N)C#N)cc(C(OCC)(CC))c2)ccc1O failed to sanitize.
16:47:41 <INFO> Sampled SMILES C(CN(c1ccc(N2CCCC2)cc1)=NOC)C failed to sanitize.
16:47:41 <INFO> Sampled SMILES F#Cc1cc(-c2c(F)ccc(F)c2OC(F)(F)F)c(C(F)(F)F)s1 failed to sanitize.
16:47:41 <INFO> Sampled SMILES N(c1c(C#N)c(C)c(N=Nc2c(Br)cc([N+]([O-])=O)cc2[N+](=O)[O-])c([N+](=O)[O-])cn1)OC failed to sanitize.
16:47:41 <INFO> Sampled SMILES c1(-c2cccc(N=Nc3ccc(O)cc3)c2)n[nH]c1 failed to sanitize.
16:47:41 <INFO> Sampled SMILES c1(OC)ccc(N=Nc2ccc(NCC(=O)N(CCC#N)CCO)cc2)c1 failed to sanitize.
16:47:41 <INFO> Sampled SMILES c1(C)c(NCCC#N)cc(N=Nc2ccc(OCC)cc2)c1N failed to sanitize.
16:47:41 <INFO> Sampled SMILES c1cccc2c(N=Nc3c(C)cccc3)c(C)ncc2c1 failed to sanitize.
16:47:41 <INFO> Sampled SMILES c1(Cl)c(N=Nc2ccc(N(CCO)CCO)cc2C)ccc1 failed to sanitize.
16:47:41 <INFO> Sampled SMILES N(c1sc(N=Nc2c(C)cc(C)cc2)c(=O)n(CC)c1=O)CC failed to sanitize.
16:47:41 <INFO> Sampled SMILES O1(C)c2c(c(N=Nc3c(Cl)cccc3C#N)c3ccccc32)cccc1 failed to sanitize.
16:47:41 <INFO> Sampled SMILES c1(N=Nc2ccccc2Br)ccc(N(CC)CC)c1N failed to sanitize.
16:47:41 <INFO> Sampled SMILES c1(C=N=Nc2c(F)cccc2F)ccc(C)c1 failed to sanitize.
16:47:41 <INFO> Sampled SMILES C(#N)c1cc(C(F)(F)F)ccc1N=Nc1c(C(O)C)c(C)c(N=N=Nc2s[nH]n2)cc1 failed to sanitize.
16:47:41 <INFO> Sampled SMILES COc1c(NC(=O)c2c(NC(C)=O)cccc2OC)ccc(F)c(F)c1F failed to sanitize.
16:47:41 <INFO> Sampled SMILES C(C)N(c1nc(C)c(N=Nc2ccc(C)cc2)c(C)c1)CCNC(=[N+])=O failed to sanitize.
16:47:41 <INFO> Sampled SMILES c12c(nc(N=Nc3sc4ccc(Br)cc4c3C)c3ccccc3)cnc2c(O)c1 failed to sanitize.
16:47:41 <INFO> Sampled SMILES c1c(-c2c(N=Nc3ccc([N+](=O)[O-])cc3C#N)c3c(c2)NCCC3)cccc1 failed to sanitize.
16:47:41 <INFO> Sampled SMILES C1CN2cccc(N=Nc3ccc(Br)cc3)c2N1 failed to sanitize.
16:47:41 <INFO> Sampled SMILES c1c(O)cc(N=Nc2ccc(Cl)cc2)ccc1 failed to sanitize.
16:47:41 <INFO> Sampled SMILES c1(N=Nc2ccc(NCCO)cc2)ccc(C#N)c(F)cc1 failed to sanitize.
16:47:41 <INFO> Sampled SMILES c1(C)cc(N(C=O)c2ccc(NCCC#N)cc2)cccc1 failed to sanitize.
16:47:41 <INFO> Sampled SMILES [O-][N+](c1cc(N=Nc2ccc(N(CC)CC)cc2)cc1)=O failed to sanitize.
16:47:41 <INFO> Sampled SMILES c1ccc(N(CC)CC)c(OC)cc1 failed to sanitize.
16:47:41 <INFO> Sampled SMILES c1(N=Nc2c(F)cc(C(OCC)=O)ccc2F)c(O)cccc1 failed to sanitize.
16:47:41 <INFO> Sampled SMILES Oc1c(N=Nc2nnc(C)s2)ccc(F)cc1 failed to sanitize.
16:47:41 <INFO> Sampled SMILES c1c(N=Nc2c(C)noc2C)c(OC)cccc1 failed to sanitize.
16:47:41 <INFO> Sampled SMILES c1(C(OCC)=O)cc(F)c(N=Nc2ccc(N(CC)CC)cc2)c1 failed to sanitize.
16:47:41 <INFO> Sampled SMILES c1(C)oc(-c2ccc(N=Nc3scc4c(c3)OCCO4)cc2)n1 failed to sanitize.
16:47:41 <INFO> Sampled SMILES O=C(c1c(N=Nc2ccc([N+](=O)[O-])cc2)ccc1OC)n1cccn1 failed to sanitize.
16:47:41 <INFO> Sampled SMILES c1([N+]([O-])=O)cc(N(Cc2ccc(C(N)=O)cc2)CCCOC)cc1 failed to sanitize.
16:47:41 <INFO> Sampled SMILES C(=O)(C)(C(F)(F)c1ccc(N=Nc2ccc(N(CC)CC)cc2)cc1)C failed to sanitize.
16:47:41 <INFO> Sampled SMILES c1nc(O)cc(N=Nc2ccc(N(CCCl)CCO)cc2C)s1 failed to sanitize.
16:47:41 <INFO> Sampled SMILES c1(N=Nc2ccccc2C(F)(F)F)c(C)no1 failed to sanitize.
16:47:41 <INFO> Sampled SMILES CC(NC(=O)1CCCCN1C(=O)OC(C)(C)C)c1cccc(C(F)F)c1 failed to sanitize.
16:47:41 <INFO> Sampled SMILES COc1ccc(-c2cc(C)c(N=Nc3ccc(C)cc3)c2)cc1 failed to sanitize.
16:47:41 <INFO> Sampled SMILES c1(N=Nc2ccc(Cl)cc2)ccc(OC)c(N=Nc2ccccc2O)cc1 failed to sanitize.
16:47:41 <INFO> Sampled SMILES C(N(c1ccc(N=Nc2ccc(OC)cc2)c1)CCC(N)=O)c1ccccc1 failed to sanitize.
16:47:41 <INFO> Sampled SMILES c1c(C)c([N+]([O-])=N=Nc2ccccc2)c(C)cc1SC failed to sanitize.
16:47:41 <INFO> Sampled SMILES c1(N=Nc2c(-c3ccccc3)c(C(=O)OCC)c3c(c2F)CCC3)cccc1 failed to sanitize.
16:47:41 <INFO> Sampled SMILES c12ccc(N=Nc3c(C)nn(C)c3C)c(F)cc2c1=O failed to sanitize.
16:47:41 <INFO> Sampled SMILES c1(F)c(F)c(N=Nc2c(F)c(F)cc(F)c2F)cc1F failed to sanitize.
16:47:41 <INFO> Sampled SMILES O=[N+]([O-])c1c(N=Nc2sc(N3CC3)c(C(=O)OCC)c2-c2ccccc2)n[nH]1 failed to sanitize.
16:47:41 <INFO> Sampled SMILES c1(N=Nc2ccc(Br)cc2)cc(C)c(-c2ccccc2)c1O failed to sanitize.
16:47:41 <INFO> Sampled SMILES c1(C)cc(N(CCC#N)CCO)ccc(N=Nc2ccc(C(C)=O)cc2)c1 failed to sanitize.
16:47:41 <INFO> Sampled SMILES c1(NC(=O)C#Cc2ccc(-c3ccc(Cl)cc3)cc2)scc1 failed to sanitize.
16:47:41 <INFO> Sampled SMILES c1(C)n(CCC#N)c2ccc(N=Nc3nc(C(=O)O)cs3)c2c(=O)oc(CC(N)=O)c1 failed to sanitize.
16:47:41 <INFO> Sampled SMILES C(Oc1c(F)c(F)c(F)c(F)c1F)Cn failed to sanitize.
16:47:41 <INFO> Sampled SMILES c1c(N=Nc2ccc(N(c3)ccc3)cc2)c2c[nH]nc2c1 failed to sanitize.
16:47:41 <INFO> Sampled SMILES c1(N=Nc2ccc(N(CCO)CCO)cc2)csc1NCCC#N failed to sanitize.
16:47:41 <INFO> Sampled SMILES c1(F)c(N=Nc2c(OC)cc(OC)cc2OC)c(C(OCC)=O)cc1OC failed to sanitize.
16:47:41 <INFO> Sampled SMILES c1(N=Nc2ccc(N(CC)CC)cc2)nc(N(CCC#N)CC)nc1C failed to sanitize.
16:47:41 <INFO> Sampled SMILES O=[N+]=Oc1c(C)c(C#N)c(C)cc1N=Nc1sc(C)nn1 failed to sanitize.
16:47:41 <INFO> Sampled SMILES c1c(F)cc(F)cc(N=Nc2c(C)onc2C)c1 failed to sanitize.
16:47:41 <INFO> Sampled SMILES OC1(c2ccc(Sc3ccc(N4CCOCC4)cc3)c2)CCCC1 failed to sanitize.
16:47:41 <INFO> Sampled SMILES c1c(C#N)c(N=Nc2c(-c3ccccc3)cc(C(OC)=O)cc2C)cccc1 failed to sanitize.
16:47:41 <INFO> Sampled SMILES COc1c(NC(=O)NNc2ccc(Br)cc2[N+](=O)[O-])ccc(F)cc1 failed to sanitize.
16:47:41 <INFO> Sampled SMILES c1cc(N=Nc2c(C)c(C(=O)OCC)c(C#N)c3c([O-])c2C=CCCC3)cc([N+]([O-])=O)c1 failed to sanitize.
16:47:41 <INFO> Sampled SMILES C(O)c1cc(-c2c(N=Nc3ccc([N+](=O)[O-])cc3)sc2N)ccc1 failed to sanitize.
16:47:41 <INFO> Sampled SMILES C(c1c(N=Nc2cc(Cl)ccc2Cl)sc1N)N=Nc1c(C)cccc1 failed to sanitize.
16:47:41 <INFO> Sampled SMILES Cn1c(N(CCO)C(C)c2ccccc2)c(C)n1 failed to sanitize.
16:47:41 <INFO> Sampled SMILES c1(N=Nc2c(C#N)cc([N+](=O)[O-])cc2Cl)c(C)cc(N(CCO)CCC#N)c1C failed to sanitize.
16:47:41 <INFO> Sampled SMILES c1(N=Nc2c(F)cc(F)cc2F)ccc(C)c(N=Nc2c(nC)c(NCCO)nc2C)c1 failed to sanitize.
16:47:41 <INFO> Sampled SMILES c1(C)nc(C)c(N=Nc2c(C)cc(C#N)cc2)c(C(c2ccccc2)c2cccn2)s1 failed to sanitize.
16:47:41 <INFO> Sampled SMILES C(N(c1ccc(Cl)cc1)C1CCCC1)c1cc([N+](=O)[O-])cc([N+]([O-])(=O)[O-])c1 failed to sanitize.
16:47:41 <INFO> Sampled SMILES c1(N(C)C)ccc(N=Nc2ccc(S(=O)(=O)CCC#N)cc2)c1 failed to sanitize.
16:47:41 <INFO> Sampled SMILES c1(Cl)c(C(O)CC=N=Nc2sc3c(c2C)OCCCO3)c(Br)cc1Br failed to sanitize.
16:47:41 <INFO> Sampled SMILES C1CCN(c2c(N=Nc3ccccc3)c(OC)cn2)CCO1 failed to sanitize.
16:47:41 <INFO> Sampled SMILES c1ccc2c(nnn)c(O)c2cc1 failed to sanitize.
16:47:41 <INFO> Sampled SMILES c1ccc(Br)c(N=Nc2c(=O)[nH]c(-c3ccccc3O)n2)c1O failed to sanitize.
16:47:41 <INFO> Sampled SMILES N(c1c(C))cc(C(OC)=O)c(SCC(=O)C2CCCCC2)c1 failed to sanitize.
16:47:41 <INFO> Sampled SMILES c1(C(Br)C)cc(N=Nc2sc3c(C)c(C(=O)C)c(Br)c3cn2)cn1 failed to sanitize.
16:47:41 <INFO> Sampled SMILES N#CCc1cc(-c2ccc3c(c2)N(C(=O)OC)=NC(=O)CC3)c(O)c(C#N)c1 failed to sanitize.
16:47:41 <INFO> Sampled SMILES N1(CCO)(c2ccc(OC)cc2)CCC(N2CCN(CCC#N)CC2)CC1 failed to sanitize.
16:47:41 <INFO> Sampled SMILES [O-](c1c(Br)ccc(N=Nc2cccc(OC)c2)c1)C1CCCN1 failed to sanitize.
16:47:41 <INFO> Sampled SMILES OC(c1c(Cl)cc(C(O)c2ccc(OC)cc1)c(N=Nc1sc3sccc3c)c(Cl)c2C)c1 failed to sanitize.
16:47:41 <INFO> Sampled SMILES c1(F)c(N=Nc2c(=O)n(C)cn2)cc([N+](=O)[O-])cc1C#N failed to sanitize.
16:47:41 <INFO> Sampled SMILES c1(N=Nc2nc3ccc(OC)cc3s2)c(C#N)ccc1N=Nc1c(C)cccc1 failed to sanitize.
16:47:41 <INFO> Sampled SMILES c1cccc2[nH](C(N)=O)c(N=Nc3nc(CC)n(CC4CCCO4)n3)c12 failed to sanitize.
16:47:41 <INFO> Sampled SMILES c1(N=Nc2ccc(N(C)C)cc2)c(F)ccc1F failed to sanitize.
16:47:41 <INFO> Sampled SMILES C(Oc1c(N=Nc2ccc([N+]([O-])=O)cc2)ccc1#O)c1ccc(N=Nc2ccc(N(CC)CC)cc2)cc1 failed to sanitize.
16:47:41 <INFO> Sampled SMILES c1(N=Nc2c(F)cccc2F)cc2c(ccn3CC)cc2c13 failed to sanitize.
16:47:41 <INFO> Sampled SMILES F(C)c1ccc(N=Nc2ccc(O)cc2)cc1 failed to sanitize.
16:47:41 <INFO> Sampled SMILES O=C(c1c(N=Nc2ccc(N(C)C)cc2)cc(C(=O)OCCCC)c1O)N1CCN(c2ccccn2)CC1 failed to sanitize.
16:47:41 <INFO> Sampled SMILES c1c(CCN2CCOCC2C)c(C)sc2c(C)c(N(C)C)ccc12 failed to sanitize.
16:47:41 <INFO> Sampled SMILES c1(N=Nc2c(Br)cc([N+](=O)[O-])cc2[N+]([O-])(c2ccccc2)c2ccccc2)c(C)onc1=O failed to sanitize.
16:47:41 <INFO> Sampled SMILES c1(C)n[nH]c(C)c1N=Nc1c(Cl)ccc1 failed to sanitize.
16:47:41 <INFO> Sampled SMILES c1(N=Nc2c(C)nn(C)c2C)ccc(O)c2c1ccc(N=Nc1ccc(N(C)C)cc1)cc2 failed to sanitize.
16:47:41 <INFO> Sampled SMILES C(c1cc([N+](=O)[O-])cc([N+]([O-])=O)cc1O)C#N failed to sanitize.
16:47:41 <INFO> Sampled SMILES c1(N=Nc2sc(C)cn2)ccc(O)c2c1cccn2C failed to sanitize.
16:47:41 <INFO> Sampled SMILES c1(N=Nc2ccc(Cl)cc2Br)ccc(N(CC)CC)c1 failed to sanitize.
16:47:41 <INFO> Sampled SMILES c1(N=Nc2ccccc2C(F)(F)F)c(C)n[nH]c1=O failed to sanitize.
16:47:41 <INFO> Sampled SMILES c1(CN(CCO)CCO)ccc(N=Nc2ccc(Cl)cc2)c1 failed to sanitize.
16:47:41 <INFO> Sampled SMILES c1(N=Nc2ccc(N(CC)CC)cc2)csc1NC failed to sanitize.
16:47:41 <INFO> Sampled SMILES C1Nc2c(cccc2-c2ccccc2)=NNC(=O)C1 failed to sanitize.
16:47:41 <INFO> Sampled SMILES C(N#Nc1ccc(N(CC)CC)cc1)C#CC failed to sanitize.
16:47:41 <INFO> Sampled SMILES c1(C(FN)=O)cccc1N=Nc1c(C)n[nH]c1C failed to sanitize.
16:47:41 <INFO> Sampled SMILES c1cc(N=Nc2scc(-c3ccc(Cl)cc3)c2)c2c(ccn2C(C)=O)cc1 failed to sanitize.
16:47:41 <INFO> Sampled SMILES C(C)N(c1c(N=ccccc1)c1ccc(C)cc1)CC failed to sanitize.
16:47:41 <INFO> Sampled SMILES c1(N#CCOCC)ccc(N=Nc2ccc([N+]([O-])=O)cc2)c1 failed to sanitize.
16:47:41 <INFO> Sampled SMILES O=[N+](c1ccc(N=Nc2ccc(O)c(C=Nc3c(C)cc([N+]([O-])=O)cc3)cc1)c1([N+]([O-])=O)cc([O-])c1C)n2 failed to sanitize.
16:47:41 <INFO> Sampled SMILES N(=Nc1ccc(F)cc1)=Nc1ccc(OC)cc1 failed to sanitize.
16:47:41 <INFO> Sampled SMILES c1(N=Nc2cc(Cl)ccc2)scc1 failed to sanitize.
16:47:41 <INFO> Sampled SMILES c1(C(F)(F)F)ccc(N=Nc2sc(C)nn2)c1 failed to sanitize.
16:47:41 <INFO> Sampled SMILES c1c(C)n(-c2ccc(N=Nc3ccc(NC(C)=O)cc3)cc2)c(N)[nH]1 failed to sanitize.
16:47:41 <INFO> Sampled SMILES c1cc(N=Nc2c(O)ncsc2)ccc1CNCCC#N failed to sanitize.
16:47:41 <INFO> Sampled SMILES N(=Nc1c(C#N)cc([N+]([O-])=O)cc1)c1sc(C#N)c(CCC#N)=n1 failed to sanitize.
16:47:41 <INFO> Sampled SMILES c1(O)c(N=Nc2c(-c3ccccc3)c(C(OCC)=O)c(-c3ccccc3)c2C)cc[nH]1 failed to sanitize.
16:47:41 <INFO> Sampled SMILES c1(N=Nc2ccc(N(CC)CC)cc2)c(Cl)ccc1Cl failed to sanitize.
16:47:41 <INFO> Sampled SMILES Cc1c(N=Nc2ccccc2C(F)(F)F)c(C#N)c(=O)[nH](C)c1 failed to sanitize.
16:47:41 <INFO> Sampled SMILES N(c1sc(N=Nc2c(C)cccc2)c1)=S(=O)(OC)c1ccc([N+](=O)[O-])cc1 failed to sanitize.
16:47:41 <INFO> Sampled SMILES c1ccc2c(cn)c(N=Nc3ncc[nH]3)c12 failed to sanitize.
16:47:41 <INFO> Sampled SMILES N(CC)(c1ccc(N=Nc2c(C#N)cc(C#N)cc2C#N)cc1)=O failed to sanitize.
16:47:41 <INFO> Sampled SMILES c1(N=Nc2c(N3CCOCC3)cc(C(OC)=O)c2N)ccc(C#N)cc1 failed to sanitize.
16:47:41 <INFO> Sampled SMILES FC(c1c(N=Nc2ccc(N(CC)CC)cc2)ccc1F)OC failed to sanitize.
16:47:41 <INFO> Sampled SMILES c1c(-c2nc(CC#N)ccc2OC)sc(N=Nc2c(-c3ccccc3)n(C)s2)cc1 failed to sanitize.
16:47:41 <INFO> Sampled SMILES C(CN(c1ccccc1N=Nc1c(C)cc(N(CC)CC)cc1)C#O)O failed to sanitize.
16:47:41 <INFO> Sampled SMILES c1(NC(=O)CS(=O)(=O)c2ccc(Cl)cc2)cc(O)c(C(O)C)c1S(=O)(O)Br failed to sanitize.
16:47:41 <INFO> Sampled SMILES C(N1CCN(c2cccc([N+](=O)[O-])c2)CC1)c1cc([N+]([O-])=O)cc([N+]([O-])=O)cc1O failed to sanitize.
16:47:41 <INFO> Sampled SMILES c1c(O)cc(N=Nc2c(C)[nH]nc2C)ccc1 failed to sanitize.
16:47:41 <INFO> Sampled SMILES c1c(NC(=O)C)sc1N=Nc1c(OC)cc([N+](=O)[O-])cc1[N+](=O)[O-] failed to sanitize.
16:47:41 <INFO> Sampled SMILES c1(N=Nc2ccc(N(CC)CC)cc2)cCc(C#N)cc1 failed to sanitize.
16:47:41 <INFO> Sampled SMILES c1c2c(ccc1[N+](=O)[O-])nc(N=Nc1ccn(C)c2)c1 failed to sanitize.
16:47:41 <INFO> Sampled SMILES c1cc(N(CCO)CCO)c2c(cc1Br)CCC2 failed to sanitize.
16:47:41 <INFO> Sampled SMILES Brc1c(N2CCOCC2)ccc(N(CCC#N)CC)c2c1CCC2 failed to sanitize.
16:47:41 <INFO> Sampled SMILES c1(N(CCO)CCO)ccc(N=Nc2ccc(C(O)=O)cc2)c1 failed to sanitize.
16:47:41 <INFO> Sampled SMILES CC(NSc1c(N=Nc2ccc([N+](=O)[O-])cc2)c(C)cn1)C(=O)C(C)(C)C failed to sanitize.
16:47:41 <INFO> Sampled SMILES [O-][N+](c1cc(N=Nc2ccc(C(F)(F)F)cc2)c(F)c1)=O failed to sanitize.
16:47:41 <INFO> Sampled SMILES c1c([N+]([O-])=O)cc(Cl)c(N=Nc2ccc(N=Nc3ccnn3)cc2)c1 failed to sanitize.
16:47:41 <INFO> Sampled SMILES Cc1cc([N+](=O)[O-])cc(N(CC)CC)cc1N failed to sanitize.
16:47:41 <INFO> Sampled SMILES N(c1ccc(OC)c(OC)c1)=Nc1c(C#N)cc(C)n(-c1ccc(C)cc1)c1C#N failed to sanitize.
16:47:41 <INFO> Sampled SMILES c1(N=Nc2ccc3c(c2)OCCCO3)c(C)no1 failed to sanitize.
16:47:41 <INFO> Sampled SMILES c1(N(CC)CCC#N)cc2c(cccc1)=NN2 failed to sanitize.
16:47:41 <INFO> Sampled SMILES N(=Nc1c(CC)c(-c2ccccc2)c(OC)c1)c1ccccc1 failed to sanitize.
16:47:41 <INFO> Sampled SMILES Oc1c(N=Nc2c(C)nn(C)c2C)ccc(F)cc1 failed to sanitize.
16:47:41 <INFO> Sampled SMILES OC(=O)c1c(N=Nc2c(F)cc(C(OCC)=O)cc2F)sc(N(CCO)CCC#N)cc1 failed to sanitize.
16:47:41 <INFO> Sampled SMILES c1c(N=Nc2cccc(C(O)=O)c2)sc(N2CC2)cc1-c1ccccc1 failed to sanitize.
16:47:41 <INFO> Sampled SMILES CN(c1cccc(N=Nc2ccc(C#N)cc2)c1)=Nc1c(C#N)cccc1[N+]([O-])=O failed to sanitize.
16:47:41 <INFO> Sampled SMILES c1c([N+]([O-])=O)ccc(N=Nc2c(ccccc2)N=Nc2nc[nH]n2)c1 failed to sanitize.
16:47:41 <INFO> Sampled SMILES N(=Nc1ccccc1)c1sc(N=Nc2ccc(C#N)s2)c(C)c1=O failed to sanitize.
16:47:41 <INFO> Sampled SMILES Nc1c(N)c(N)ccc1SC(F)(F)c1nnc2c(Cl)cc(C(F)(OC)C)cc12 failed to sanitize.
16:47:41 <INFO> Sampled SMILES O=C(NC12CC(F)(C1)C2)c1c(N=Nc2ccc([N+](=O)[O-])cc2)ccc1O failed to sanitize.
16:47:41 <INFO> Sampled SMILES c1cc2c(nc1)CCN(CCC#N)=NC2 failed to sanitize.
16:47:41 <INFO> Sampled SMILES c1cc(N(C)C)ccc1N=Nc1c(O)n(CC)c(=O)c=c1C failed to sanitize.
16:47:41 <INFO> Sampled SMILES O=[N+](c1ccc(N=Nc2ccc(N(CC)CCC#N)cc2C)c(C)c1)=O failed to sanitize.
16:47:41 <INFO> Sampled SMILES c1([N+](=O)[O-])c(C)c(N=Nc2cc(N)ccc2)cc1Br failed to sanitize.
16:47:41 <INFO> Sampled SMILES c1ccccc1N=Nc1c(NCCO)c(OC)cc1 failed to sanitize.
16:47:41 <INFO> Sampled SMILES CCOc1cc(NC(=O)C2(C)CCN2C(=O)CC(c2ccccc2)c2ccco2)cc(C(N)=O)cc1 failed to sanitize.
16:47:41 <INFO> Sampled SMILES c1(C#N)ccc(SCc2ccc(OC)c(Cl)c2)c1 failed to sanitize.
16:47:41 <INFO> Sampled SMILES c1(F)cc(N=Nc2ccc(Cl)cc2)cc1N=Nc1ccccc1 failed to sanitize.
16:47:41 <INFO> Sampled SMILES c1(N=NC(C)c2cc(OC)c(OC)cc2)c(F)cc(Br)c1 failed to sanitize.
16:47:41 <INFO> Sampled SMILES O=[N+](=O)c1ccc(N=Nc2ccc(O)cc2)cc1 failed to sanitize.
16:47:41 <INFO> Sampled SMILES c1([N+]([O-])=O)ccc(N=Nc2ccccc2)c1 failed to sanitize.
16:47:41 <INFO> Sampled SMILES c1(O)n(-c2ccc(S(=O)(O)C)c(N=Nc3c(C)c(C#N)c(NCC#N)cc3C)c2)c(C)n(C)c1=O failed to sanitize.
16:47:41 <INFO> Sampled SMILES c1cc2n(c(-c3ccc(N=Nc4ccc(N(CC)CC)cc4)c3)c(O)c1)CN2 failed to sanitize.
16:48:12 <INFO> Sampled SMILES C([S+](c1ccccc1)C1CCCC1)=N1CCCCC1 failed to sanitize.
16:48:12 <INFO> Sampled SMILES c1(N=Nc2c(C)cc(N(CCO)CCO)cc2OC2CCCCC2)c(C)n[nH]c1=O failed to sanitize.
16:48:12 <INFO> Sampled SMILES O=[N+](c1cccc(F)c1)=Nc1c(C)nn(C)c1=O failed to sanitize.
16:48:12 <INFO> Sampled SMILES O=[N+]([O-])c1cccc(N=Nc2c(C)n[nH]c2C)c1C(=O)(C(F)(F)F)C=O failed to sanitize.
16:48:12 <INFO> Sampled SMILES c1(Cl)c([N+]=N2CCCCC2)ccc1-c1noc(CCc2cn3ccccc3n2)n1 failed to sanitize.
16:48:12 <INFO> Sampled SMILES Oc1c(N=Nc2nnc(C)s2)ccc(F)cc1 failed to sanitize.
16:48:12 <INFO> Sampled SMILES c1(N=Nc2nc3c(ccc4c3cccc4)s2)c2ccc3ccccc3cc2n1 failed to sanitize.
16:48:12 <INFO> Sampled SMILES c1cc(N(CCc2ccccc2)CCC#N)cc(N(CC)CC)cc1 failed to sanitize.
16:48:12 <INFO> Sampled SMILES C([N+](=O)(F)c1ccc(C(OC)=O)cc1)c1cClc(C)ccc1 failed to sanitize.
16:48:12 <INFO> Sampled SMILES Fc1ccc(F)c2c1N=OCCN2CCCOC(=O)c1c(OC)c([N+](=O)[O-])c([N+](=O)[O-])cc1O failed to sanitize.
16:48:12 <INFO> Sampled SMILES C(OCCNc1c2c(cc(F)cc1[N+](=O)[O-])C2=O)CC#N failed to sanitize.
16:48:12 <INFO> Sampled SMILES c1(O)cc(O)c(N=Nc2ccc([N+]([O-])=O)cc2)c1 failed to sanitize.
16:48:12 <INFO> Sampled SMILES c1(-n2nc(C)c(N=Nc3ccc(Cl)cc3)c2)ccc(Br)c1 failed to sanitize.
16:48:12 <INFO> Sampled SMILES C#N(C)c1ccc(N=Nc2ccc(OC)cc2)cc1 failed to sanitize.
16:48:12 <INFO> Sampled SMILES C(c1c(N=Nc2ccc(N(C)C)cc2)ccc2c(=O)oc(-c3ccccc3)n12)OC failed to sanitize.
16:48:12 <INFO> Sampled SMILES N(c1ccc(N=Nc2ccc(OC)cc2)cc1)(S(=O)(=O)c1ccc(N=Nc2ccc(OCC)cc2)cc1)Cc1cccn1 failed to sanitize.
16:48:12 <INFO> Sampled SMILES c1c(C#N)c(N=Nc2ccc(OC)cc2)c(-cClCl)cc1N failed to sanitize.
16:48:12 <INFO> Sampled SMILES c1(N=Nc2cc(OC)c(N3CCCC3)cc2)c(O)no1 failed to sanitize.
16:48:12 <INFO> Sampled SMILES c1c(NC(=O)CO)cccc(N=Nc2c(C)c(C#N)c(NC(=O)C=CBr)c2)c1 failed to sanitize.
16:48:12 <INFO> Sampled SMILES c1cccc(-c2ccc(C=N=Nc3[nH]c(C(F)(F)F)cc3)cc2)c1 failed to sanitize.
16:48:12 <INFO> Sampled SMILES c1c(O)cc(N=Nc2c(C)[nH]nc2C)ccc1 failed to sanitize.
16:48:12 <INFO> Sampled SMILES OC(=O)c1c(N(C)C)cccc(N=Nc2c(F)cc(C(OCC)=O)cc2F)c1F failed to sanitize.
16:48:12 <INFO> Sampled SMILES c1(N=Nc2ccc(NCCC#N)cc2)c(C)[nH]c(=O)c1C#N failed to sanitize.
16:48:12 <INFO> Sampled SMILES c1(N=Nc2sc(NCCBr)c(C(C)C)c2)c(Cl)cc([N+]([O-])=O)c1 failed to sanitize.
16:48:12 <INFO> Sampled SMILES c1ccccc1N=Nc1cn(C)c(=O)c1c1ccc(N(CCO)CCC#N)cc1 failed to sanitize.
16:48:12 <INFO> Sampled SMILES N(c1sc(S(c2ccc(Br)cc2)c2ccc(C(O)=O)cc2)c1N=O)S(C)([O-])=O failed to sanitize.
16:48:12 <INFO> Sampled SMILES FC(F)(F)C(F)(F)C(F)(Sc1cc(N2CCCCC2)ccn1)(c1ccccc1)c1ccccc1 failed to sanitize.
16:48:12 <INFO> Sampled SMILES c1(N=Nc2ccc(NC(=O)C)cc2)c2ccccc2n1C failed to sanitize.
16:48:12 <INFO> Sampled SMILES N(=Nc1sc(NC(C)=O)s1)c1sc(CC)nc1C failed to sanitize.
16:48:12 <INFO> Sampled SMILES N(=Nc1ccc(Br)cc1)=Nc1ccc(OC)cc1 failed to sanitize.
16:48:12 <INFO> Sampled SMILES N(c1cc(C)c(N=Nc(CC)cn1)c1c(C)noc1C)c1ccccc1 failed to sanitize.
16:48:12 <INFO> Sampled SMILES N(c1ccc(N(CCC#N)CCO)cc1C)=Nc1c(C(=O)OCC)c(OC)cc(N=Nc2ccc([N+]([O-])=O)cc2)s1 failed to sanitize.
16:48:12 <INFO> Sampled SMILES N1(CC2CCN(c3ccc([N+]([O-])=O)cc3)CC2)ccc1 failed to sanitize.
16:48:12 <INFO> Sampled SMILES c1(Cl)c(N=Nc2ccc(N(CC)CC)c(OC)c2)c(OC)cc1NC(=O)CC[N+]([O-])[O-] failed to sanitize.
16:48:12 <INFO> Sampled SMILES c1c(OC)c(N(CC=O)Cc2ccc(F)c(F)c2)c(O)ccc1[N+](=O)[O-] failed to sanitize.
16:48:12 <INFO> Sampled SMILES c1(F)ccc(Br)c1N=Nc1c(F)c(F)c(N)c(F)c1F failed to sanitize.
16:48:12 <INFO> Sampled SMILES c1(N(CCO)CCO)Cc2nc(NC(=O)OC(C)(C)C)sc(=O)c2s1 failed to sanitize.
16:48:12 <INFO> Sampled SMILES c1c(N=Nc2ccc(Cl)cc2C)c(C)onc1C failed to sanitize.
16:48:12 <INFO> Sampled SMILES c1(CN(C)C)ccc(N=Nc2c(F)cc(C(OCC)=O)cc2F)c1 failed to sanitize.
16:48:12 <INFO> Sampled SMILES O(c1snnc1C)=Nc1ccc(N(C)C)cc1 failed to sanitize.
16:48:12 <INFO> Sampled SMILES c1(CC)c2ccccc2nc1N=Nc1c(C)n[nH]c1C failed to sanitize.
16:48:12 <INFO> Sampled SMILES c1cc(N=Nc2sc(-c3ccccc3)c3n(C)cc23)ccc1F failed to sanitize.
16:48:12 <INFO> Sampled SMILES O(c1n(N=Nc2c(C)cccc2)c)c(O)c(N=O)c1 failed to sanitize.
16:48:12 <INFO> Sampled SMILES c1(C#N)cc(Br)c(N=Nc2c(Br)cc([N+]([O-])=O)cc2[N+](=O)[O-])c1 failed to sanitize.
16:48:12 <INFO> Sampled SMILES c1(N=Nc2ccc(NCCOS(C)(=O)=O)s2)cccc1 failed to sanitize.
16:48:12 <INFO> Sampled SMILES COc1cc(O)cc(N=[N+](=O)[O-])c1 failed to sanitize.
16:48:12 <INFO> Sampled SMILES C(CCNC(=O)CCn1cc([N+](=O)[O-])cn1)=NNc1sc(-c2ccccc2)s1 failed to sanitize.
16:48:12 <INFO> Sampled SMILES c1cc(-c2cc(C(F)(F)F)c(N(CCC#N)CCC#N)ccc2C)c(O)nn1 failed to sanitize.
16:48:12 <INFO> Sampled SMILES N(c1sc(S(=O)=O)c2ccc(NCCC#N)cc2)cc1 failed to sanitize.
16:48:12 <INFO> Sampled SMILES c1(N)cc(N=Nc2c(C)c(Cl)ccc2)cc1 failed to sanitize.
16:48:12 <INFO> Sampled SMILES c1(N)c(N(C)=O)cc(O)c(N=Nc2c(O)n(-c3ccc(S(=O)(=O)O)cc3)nc2C)cc1 failed to sanitize.
16:48:12 <INFO> Sampled SMILES C(OC(c1cnn(Cc2c(Cl)cccc2C(F)(F)F)c1)=N=Nc1sccn1)C failed to sanitize.
16:48:12 <INFO> Sampled SMILES c1c(N=Nc2ccccc2)cc2c3c(c1)CCCN3CCC2 failed to sanitize.
16:48:12 <INFO> Sampled SMILES N(=Nc1ccc(O)c2c1ccccc2)c1sc(C(OC)OC)nn1 failed to sanitize.
16:48:12 <INFO> Sampled SMILES c1(N=Nc2nc3c(o2)cccc3)nc2ccc(N=Nc3scc(CC)n3)ccc21 failed to sanitize.
16:48:12 <INFO> Sampled SMILES N(=Nc1ccc(Br)cc1)c1cn[nH]c(=O)c1N=[N+]=[N-]=Nc1ccc(OC)cc1 failed to sanitize.
16:48:12 <INFO> Sampled SMILES c1c(OC)ccc(N=Nc2ccc(NCCC#N)cc2)cc1 failed to sanitize.
16:48:12 <INFO> Sampled SMILES c1c(Br)cc(Br)c(N=Nc2c(Br)cc([N+](=O)[O-])cc2[N+]([O-](=O)[O-])C)c1F failed to sanitize.
16:48:12 <INFO> Sampled SMILES [O-][N+](c1cc(N=Nc2ccc(N(CC)CC)cc2)cc1)=O failed to sanitize.
16:48:12 <INFO> Sampled SMILES N(=Br)Nc1ccc(N(CC)CCO)cC1 failed to sanitize.
16:48:12 <INFO> Sampled SMILES c1cc2c(cccc2O)ccc1N=Nc1nnc(C(C)C)s1 failed to sanitize.
16:48:12 <INFO> Sampled SMILES c1(N=Nc2ccc(N(CCC#N)CCO)cc2C)c(C#N)c(C#N)cc1C#N failed to sanitize.
16:48:12 <INFO> Sampled SMILES O=C(Nc1ccc(C(=O)COCc2nnc(NC)s2)c(O)c(O)c1)c1ccccc1 failed to sanitize.
16:48:12 <INFO> Sampled SMILES [O-][N+](c1cc(N=Nc2ccc(N(CC)CC)cc2)cc1)=O failed to sanitize.
16:48:12 <INFO> Sampled SMILES c1c(N=Nc2cc(C)ccc2)c(C)onc1C failed to sanitize.
16:48:12 <INFO> Sampled SMILES Cc1c(C(=O)N2CC(=O)N(c3ccc(O)cc3)C(CO)C2)c(C)onc1C failed to sanitize.
16:48:12 <INFO> Sampled SMILES c1cc([N+](=O)[O-])cc(N=Nc2cc(N=Nc3c(-c4ccccc4)noc3-c3ccccc3)cc2)cc1 failed to sanitize.
16:48:12 <INFO> Sampled SMILES O=C1CN=c2ccc(NC(=O)C(CO)NC(=O)c3c(O)ccc(Br)c3)cc2N1 failed to sanitize.
16:48:12 <INFO> Sampled SMILES c1(C(F)(F)F)ccc(N=Nc2c(C)[nH]nc2C)c1 failed to sanitize.
16:48:12 <INFO> Sampled SMILES c1ccc(-c2c[nH]ccc2N=Nc2ccc(N(C)C)cc2)cc1 failed to sanitize.
16:48:12 <INFO> Sampled SMILES c1ccc2c(c(O)ccc2N=Nc2sc3c(c1C)OCCC3)cc2 failed to sanitize.
16:48:12 <INFO> Sampled SMILES c1(Br)ccc(N=Nc2ccccc2)c1 failed to sanitize.
16:48:12 <INFO> Sampled SMILES c1cc(CO)ccc1N=Nc1sc(NC)n1 failed to sanitize.
16:48:12 <INFO> Sampled SMILES c1(Cl)cccc1N=Nc1c(Br)cccc1[N+](=O)[O-] failed to sanitize.
16:48:12 <INFO> Sampled SMILES C1CCN(c2c(N=Nc3ccccc3)cnn2)CCN1C failed to sanitize.
16:48:12 <INFO> Sampled SMILES Cc1ccc([N+](=O)[O-])c(C)c1N=Nc1cc([N+]([O-])=O)cc1 failed to sanitize.
16:48:12 <INFO> Sampled SMILES OC(C)(c1cc(Cl)ccc1N=Nc1c(N)sc(-c2ccccc2)c(=O)c1)=Nc1c(OC)cccc1 failed to sanitize.
16:48:12 <INFO> Sampled SMILES C(#[N+](N=Nc1ccc(N(CC)CC)cc1)c1ccccc1)C(OC(=O)CBr)=S failed to sanitize.
16:48:12 <INFO> Sampled SMILES N#Cc1c(NC(=O)O)cc(N=Nc2c([N+]([O-])=O)cc(-c3ccccc3)c3ccccc23)ccc1OC failed to sanitize.
16:48:12 <INFO> Sampled SMILES c1ccc([N+](=O)[O-])c(N=Nc2c(O)n(ccc3ccccc3)c2=O)c1 failed to sanitize.
16:48:12 <INFO> Sampled SMILES c1ccc2c(n)c(N=Nc3c(C)[nH]nc3C)cn12 failed to sanitize.
16:48:12 <INFO> Sampled SMILES c1(N=Nc2c(C)ccc(C)c2)cc(C)o1 failed to sanitize.
16:48:12 <INFO> Sampled SMILES C(C=NNCc1c(F)c(F)cc(F)c1F)c(=O)[nH] failed to sanitize.
16:48:12 <INFO> Sampled SMILES c1(N=Nc2c(C)noc2C)cc([N+]([O-])=O)cc1 failed to sanitize.
16:48:12 <INFO> Sampled SMILES c1(N=Nc2nc(S(C)=O)ccc2F)csc1NC failed to sanitize.
16:48:12 <INFO> Sampled SMILES c1c(N=Nc2ccc([N+]([O-])=O)cc2)ccc(N(CCC#N)C)cc1 failed to sanitize.
16:48:12 <INFO> Sampled SMILES NC(c1ccc(N=[nH]c2ccc(Cl)cc2)cc1)(NCCBr)OCCCl failed to sanitize.
16:48:12 <INFO> Sampled SMILES c1ccc(N=Nc2c(C)c3c(C)c(C)c(C#N)cc3sc2C)cc1 failed to sanitize.
16:48:12 <INFO> Sampled SMILES c1(N=Nc2ccc(N(CCC#N)CCO)cc2C)c(C#N)c(C#N)c(NC(C)=O)c1C failed to sanitize.
16:48:12 <INFO> Sampled SMILES c1(OC)cc(Sc2ccccc2CCC=O)cc1 failed to sanitize.
16:48:12 <INFO> Sampled SMILES [N-]=[N+]#NCCCC(=O)NN1CC(C(=O)NCC(C)(C)C)C1 failed to sanitize.
16:48:12 <INFO> Sampled SMILES c1(N=Nc2cc(C)ccc2)c(C)nn1C failed to sanitize.
16:48:12 <INFO> Sampled SMILES Br(c1cc(C(N)=O)ccc1F)c1ccccc1 failed to sanitize.
16:48:12 <INFO> Sampled SMILES c1(N=Nc2ccccc2Br)c(C#N)ccc1N=Nc1ccc(N(CC)CC)cc1 failed to sanitize.
16:48:12 <INFO> Sampled SMILES c1ccc2c(cccc2)(N=Nc2ccc([N+]([O-])=O)cc2)c1 failed to sanitize.
16:48:12 <INFO> Sampled SMILES c1(C)ccc(CCCNCc2cc(Cl)c(C#N)cc2F)c1 failed to sanitize.
16:48:12 <INFO> Sampled SMILES c1ccc(N=Nc2ccccc2C(F)(F)F)c(N2CC2)nc1 failed to sanitize.
16:48:12 <INFO> Sampled SMILES c1ccccc1-c1cc(C(=O)O)cc(N=Nc2sc(NCCBrSC=S)cc2N2CCOCC2)[nH]1 failed to sanitize.
16:48:12 <INFO> Sampled SMILES N(c1c(C#N)c(C)c(N=Nc2ccc(C(F)(F)F)cc2)c(N=Nc2c([N+]([O-])=[O-])cccc2)nn1)O failed to sanitize.
16:48:12 <INFO> Sampled SMILES n1c(C)c(N=Nc2ccccc2)c(-c2ccccc2)n1 failed to sanitize.
16:48:12 <INFO> Sampled SMILES N1(c2c(C)cc(N=Nc3ccccc3)ccc2)CCOCC1 failed to sanitize.
16:48:12 <INFO> Sampled SMILES c1c2c(ccc1[N+](=O)[O-])nc(N=Nc1sc(N)=n(C)c12)c1ccccc1 failed to sanitize.
16:48:12 <INFO> Sampled SMILES [O-](c1ccc(N=Nc2c(C)cc(N(CCC#N)CCN)cc2)cc1C)[N+] failed to sanitize.
16:48:12 <INFO> Sampled SMILES c1(-c2n[nH]c(N=Nc3ccc(C(F)(F)F)cc3)c2)cccc1 failed to sanitize.
16:48:12 <INFO> Sampled SMILES c1cc(N=Nc2c(C)c(C(=O)N)c(=O)[nH]c2C)cc(C(OCCCl)=O)cc1 failed to sanitize.
16:48:12 <INFO> Sampled SMILES c1(N=Nc2ccc(C#N)cc2)cc(C)o1 failed to sanitize.
16:48:12 <INFO> Sampled SMILES c1(C#N)c(N=Nc2c(OC)cc(C(OC)(C)C)cc(C(OC)(C)C)c2)c(C)n[nH]1 failed to sanitize.
16:48:12 <INFO> Sampled SMILES c1ccc(O)c2nc(Sc3ccc4c(c3)NCCCC4)sc2c1 failed to sanitize.
16:48:12 <INFO> Sampled SMILES c1(C(F)(F)F)ccc(N=Nc2c(C)onc2C)c1 failed to sanitize.
16:48:12 <INFO> Sampled SMILES c1(C)ccc(N(c2ccccc2)C(O)CC)c1N=Nc1c(-c2ccccc2)[nH]c(=O)c(C#N)c1 failed to sanitize.
16:48:12 <INFO> Sampled SMILES N(=N1CCCC1(C)C=O)c1cc(C#N)ccc1N=Nc1cc(OC)ccc1OC failed to sanitize.
16:48:12 <INFO> Sampled SMILES c1nc(N=Nc2ccccn2)s1 failed to sanitize.
16:48:12 <INFO> Sampled SMILES c1(F)cc(N=Nc2ccc(C#N)cc2)cc1 failed to sanitize.
16:48:12 <INFO> Sampled SMILES c1c(Cl)cClcc(Cl)c1N=Nc1sc(CC)n1C failed to sanitize.
16:48:12 <INFO> Sampled SMILES c1(C(OC)OC)ccc(-c2ccc(O)n3cccc23)c1 failed to sanitize.
16:48:12 <INFO> Sampled SMILES CC(C)N(c1ccc(N=Nc2c(C)cccc2)c)c([N+](=O)[O-])c1 failed to sanitize.
16:48:12 <INFO> Sampled SMILES c1(N(CCC#N)CCO)ccc(N=Nc2cccc(C(F)(F)F)c2)c1 failed to sanitize.
16:48:12 <INFO> Sampled SMILES C(O)(c1ccc(N=Nc2sc3c(ccc(Br)c3)c(C=O)c(=O)[O-])c(OC)c2C1OC)c1ccc([N+](=O)[O-])cc1 failed to sanitize.
16:48:12 <INFO> Sampled SMILES c1(N=Nc2ccc([N+]([O-])=O)cc2C(F)(F)F)ccc(S(N)(=O)=O)c1C failed to sanitize.
16:48:12 <INFO> Sampled SMILES c1(N=Nc2ccc(C#N)cc2)cccn1 failed to sanitize.
16:48:12 <INFO> Sampled SMILES c1([N+]([O-])=O)c(N=Nc2c(O)n(-c3ccc(O)cc3)c(C)c(-c3c(C)c4c(ccc3)N=N=N4)c2N)c(C)[nH]1 failed to sanitize.
16:48:12 <INFO> Sampled SMILES c1(N(C)C)cc(N)cc1N=Nc1c(C)cc(N(CCO)CCC#N)cc1 failed to sanitize.
16:48:12 <INFO> Sampled SMILES CCN1c2c(cccc2N=Nc2cc(OC)c(N(CC)CC)cc2)=CC1=O failed to sanitize.
16:48:12 <INFO> Sampled SMILES CN(c1c(C)ccc(C)c1)=Nc1c(OC)cc([N+](=O)[O-])cc1[N+](=O)[O-] failed to sanitize.
16:48:12 <INFO> Sampled SMILES c1c(Cl)cccc1N=Nc1cc(N=Nc2c(C)nn(C)c(C)c2)ccc1 failed to sanitize.
16:48:12 <INFO> Sampled SMILES c1cccc(C=O)c(O)c1N=Nc1c(C)cccc1 failed to sanitize.
16:48:12 <INFO> Sampled SMILES c1cccc2c1c(O)cc(N=Nc2cc([N+](=O)[O-])ccc1F)cc1 failed to sanitize.
16:48:12 <INFO> Sampled SMILES c1ccc2c(ccn2)c1N=Nc1c(O)cccc1 failed to sanitize.
16:48:12 <INFO> Sampled SMILES c1(C(F)(F)F)cccc1N=Nc1ccc(N(C)C)cc1 failed to sanitize.
16:48:12 <INFO> Sampled SMILES N1(c2c(C)cc(N=Nc3ccc(N4CCOCC4)c(N4CC4)cc3)cc2)CCCC1 failed to sanitize.
16:48:12 <INFO> Sampled SMILES N(c1c(Br)cccc1)N=Nc1c(C)cc(N=Nc2c(Cl)cc([N+]([O-])=O)cc2)c(C)c(C(C)=O)c1C failed to sanitize.
16:48:12 <INFO> Sampled SMILES c1(N=Nc2c(F)c(F)c(NCCO)c(F)c2F)cc([N+]([O-])=O)cc1 failed to sanitize.
16:48:12 <INFO> Sampled SMILES c1(F)c(OC)c(N=Nc2c(F)F[nH]c(=O)c(C)c2)c(F)c1 failed to sanitize.
16:48:12 <INFO> Sampled SMILES c1(N=Nc2c(F)c(F)c(NCCO)c(F)c2F)cc(C)c([N+]([O-])=O)c1 failed to sanitize.
16:48:12 <INFO> Sampled SMILES c1([N+]([O-])=O)ccc(N(CCC#N)CCC#N)c1 failed to sanitize.
16:48:12 <INFO> Sampled SMILES c1c2c(ccc1[N+](=O)[O-])nc(N=Nc1sc(N3CC3)cc1)c2OCC(F)(F)F failed to sanitize.
16:48:12 <INFO> Sampled SMILES c1c(N=Nc2c3c(c(N)ccc3)c(N)ccc2)ccc(C(F)(F)F)c1 failed to sanitize.
16:48:12 <INFO> Sampled SMILES c1c(NCCC#N)cc(C)c(N=Nc2c(O)cccc2)cc1 failed to sanitize.
16:48:12 <INFO> Sampled SMILES c1(N=Nc2ccc(NC(=O)C)s2)ccc(C)c1 failed to sanitize.
16:48:12 <INFO> Sampled SMILES O(c1cccc([N+]([O-])=O)c1)=Nc1c(OC)cccc1 failed to sanitize.
16:48:12 <INFO> Sampled SMILES c12ccc(N=Nc3ccc(Cl)cc3)cc2c(c1=O)OCCCSCCC#N failed to sanitize.
16:48:12 <INFO> Sampled SMILES CCN(C(=O)c1c(N=Nc2ccc(N(C)C)cc2)ccc1N)C(C)C failed to sanitize.
16:48:12 <INFO> Sampled SMILES c1cc2c(cccc2N=Nc2c(N)cc([N+]([O-](=O)[O-])cc2)=NO)s1 failed to sanitize.
16:48:12 <INFO> Sampled SMILES c1c(-c2ccc(N(CCO)CCO)cc2)ccc(O)c2c1cc3c(n1)-c2ccccc1CC3 failed to sanitize.
16:48:12 <INFO> Sampled SMILES c1(N(CCC#N)CCO)ccc(N=Nc2cccc(C(F)(F)F)c2)c1 failed to sanitize.
16:48:12 <INFO> Sampled SMILES C(OC)(=O)c1cc(-c2cc([N+](=O)[O-])cc([N+](=O)[O-])c2)c(OC)cc1N=Nc1c([N+]([O-])=[O-])cc([N+]([O-])=O)cc1C#N failed to sanitize.
16:48:12 <INFO> Sampled SMILES C(Oc1ccc(N=Nc2ncns2)c1)c1c(F)c(F)c(C(F)(F)F)c(F)c1F failed to sanitize.
16:48:12 <INFO> Sampled SMILES c1(O)n(-c2ccc(N=Nc3scc(-c4ccc(Cl)cc4)n3)cc2C)c2c(N)cccc21 failed to sanitize.
16:48:12 <INFO> Sampled SMILES C(C1CC(C(=O)N(C)CC2CC2)=C(c2c(Cl)c(N=Nc3ccc(C#N)cc3)c(C(C)C)s2)=O1)=N failed to sanitize.
16:48:12 <INFO> Sampled SMILES c1ccc(Oc2ccc(N=Nc3c4c(nccc4)c(O)nn3-c3ccc(F)cc3)cc2)cc1 failed to sanitize.
16:48:12 <INFO> Sampled SMILES N(c1ccc(Oc)cc1)=Nc1c(C)ccc(C(OCC)=O)c1 failed to sanitize.
16:48:12 <INFO> Sampled SMILES c1(Cl)ccccc1N=Nc1c([nH])nc(C)c1 failed to sanitize.
16:48:12 <INFO> Sampled SMILES c1c(NC(=O)C)c(O)cccc1 failed to sanitize.
16:48:12 <INFO> Sampled SMILES c1(N=Nc2sc(CC)nc2C)cccc1 failed to sanitize.
16:48:12 <INFO> Sampled SMILES c1ccccc1-c1cc(C(=O)O)cc(C)cc1OCC failed to sanitize.
16:48:12 <INFO> Sampled SMILES c1c(Cl)ccc(Cl)c1N=Nc1c(C(C)C)cc(NC([O-])=O)c1C failed to sanitize.
16:48:12 <INFO> Sampled SMILES Oc1(c2c(N=Cc3c(O)c(N=O)c(C(N(C)C)CC)c(C)c(N4CCCC4)c3)ccccc2)cccc1 failed to sanitize.
16:48:12 <INFO> Sampled SMILES N(c1cc(C(F)(F)F)ccc1)=Nc1c(N2CCCC2)c(OC)s1 failed to sanitize.
16:48:12 <INFO> Sampled SMILES c1(N(CCO)CCO)cc(OC)cc1N=Nc1ccc(C(F)(F)F)cc1 failed to sanitize.
16:48:12 <INFO> Sampled SMILES FC(F)(F)C(F)(F)C(F)(C(F)(F)C(C(c1cccccc1)c1cc(O)ccc1)c1cn[nH]c1)N1CCCC1 failed to sanitize.
16:48:12 <INFO> Sampled SMILES c1(N=Nc2c(F)c3c(c(F)c2F)S(=O)(=O)c2ccccc3)sc(NCCBr)c2CCO1 failed to sanitize.
16:48:12 <INFO> Sampled SMILES c1(N=Nc2ccccc2Br)ccc(N(CCC#N)CC)c1OC failed to sanitize.
16:48:12 <INFO> Sampled SMILES FC(F)(F)C(F)(F)C(F)(C(F)(F)C(F)(F)F)=NNc1ccc(OC)cc1 failed to sanitize.
16:48:12 <INFO> Sampled SMILES c1(N(CCC#N)CCC#N)cc(C)c(N=Nc2ccccc2)n1 failed to sanitize.
16:48:12 <INFO> Sampled SMILES c1(N(CC(=O)OCC)c2cc(NCCO)ccc2C)c[nH]c(=O)c1N failed to sanitize.
16:48:12 <INFO> Sampled SMILES c1(N)nc(N=Nc2cccc(O)c2)c(C)c1 failed to sanitize.
16:48:12 <INFO> Sampled SMILES N(c1c(C(F)(F)F)cc(N=Nc2ccc(N(CC)CC)cc2)c(C#N)c1)C#O failed to sanitize.
16:48:12 <INFO> Sampled SMILES N(=Nc1ccc(Cl)cc1)c1ccc(Nc2ccsc(N)c2)cc1 failed to sanitize.
16:48:12 <INFO> Sampled SMILES c1(N=Nc2ccc(N(CCCl)CCCl)cc2)cc(Br)c(C)c1 failed to sanitize.
16:48:12 <INFO> Sampled SMILES c1(N=Nc2c(C)noc2C)c(F)cc(N#CCO)cc1 failed to sanitize.
16:48:12 <INFO> Sampled SMILES c1cc(N(CCO)CCO)cc(C=O)cc1 failed to sanitize.
16:48:12 <INFO> Sampled SMILES c1(NCCC#N)cc(C#N)c(N=Nc2ccc(CCO)cc2)c1 failed to sanitize.
16:48:12 <INFO> Sampled SMILES c1(Cl)ccc(N=Nc2c(C)cccc2)c1O failed to sanitize.
16:48:12 <INFO> Sampled SMILES c1(N=Nc2sc(NCCBr)c(C(=O)OCC)c2-c2ccccc2)c(C)n[nH]1 failed to sanitize.
16:48:12 <INFO> Sampled SMILES c1c(N=Nc2sc(N3CC3)c(C(=O)OCC)c2-c2ccccc2)ccc1 failed to sanitize.
16:48:12 <INFO> Sampled SMILES c1c(O)cc(N=Nc2ccc(N(C)C)cc2)ccc1N failed to sanitize.
16:48:12 <INFO> Sampled SMILES c1(N=Nc2ccc(C)cn2)cccc1C(N=Nc1ccccc1)C failed to sanitize.
16:48:12 <INFO> Sampled SMILES c1ccc2c(ncn)c(N=Nc3sc(SC)nc3C)c2c1 failed to sanitize.
16:48:12 <INFO> Sampled SMILES c1c(-c2nc(NCCC)oc(C)c2)cccc1 failed to sanitize.
16:48:12 <INFO> Sampled SMILES CCN(c1cc(N=Nc2c(C)cc([N+]([O-])cc2)c2c(C)noc2C)cc1)=O failed to sanitize.
16:48:12 <INFO> Sampled SMILES c1(N=Nc2ccc(N(CCO)CCO)cc2)c2cccnc2c(O)ccc1 failed to sanitize.
16:48:12 <INFO> Sampled SMILES C(N(c1ccccc1)=Nn(c1ccc(Cl)Cl)cc1)C(O)C[N+]([O-])(C)C failed to sanitize.
16:48:12 <INFO> Sampled SMILES c1(F)ccc(OC=Nc2c(C)cccc2)c1C(Cl)=O failed to sanitize.
16:48:12 <INFO> Sampled SMILES [O-](c1c(OCC)c(N=Nc2cc(C)ccc2N2CCCCC2)cs1)C failed to sanitize.
16:48:12 <INFO> Sampled SMILES c1(Br)ccc(N=Nc2ccc(O)cc2)c1 failed to sanitize.
16:48:12 <INFO> Sampled SMILES Oc1c(-c2nc(C(=O)CN=[N+]=[N-])sc3c(c2=O)CCCC3)cccc1C(=O)OC(C)(C)C failed to sanitize.
16:48:12 <INFO> Sampled SMILES O=[N+](c1ccccc1)=Nc1ccccc1 failed to sanitize.
16:48:12 <INFO> Sampled SMILES c1(N=Nc2sc(N3CC3)c(C(N)=O)c(N3CCCC3)2)sc2ncccc12 failed to sanitize.
16:48:12 <INFO> Sampled SMILES Oc1c(N=Nc2nc(Cl)c(C)cc2O)ccc(C(F)(F)F)cc1 failed to sanitize.
16:48:12 <INFO> Sampled SMILES c1(-n2c(=O)[nH]c(C)n2C)ccc(F)c1 failed to sanitize.
16:48:12 <INFO> Sampled SMILES c1c(N=Nc2ccc(NCC#O)cc2C)ccc(C(F)(F)F)c1 failed to sanitize.
16:48:12 <INFO> Sampled SMILES C(OC)(=O)CCCCCSc1cc(N=Nc2cc(N)cc(OC)cc2)cc1 failed to sanitize.
16:48:12 <INFO> Sampled SMILES c1cc(N(CCO)CCO)cc(CCl)cCl1 failed to sanitize.
16:48:12 <INFO> Sampled SMILES Cc1ccccc1OCCNS(=O)(=O)c1c(Cl)cc(N=Nc2c(sc3c([N+](=O)[O-])cccc3)c(OC)cc2#N)cc1 failed to sanitize.
16:48:12 <INFO> Sampled SMILES c1ccc2c3c(c(C)c(N=Nc4ccc([N+](=O)[O-])cc4)c3)cccc21 failed to sanitize.
16:48:12 <INFO> Sampled SMILES O=[N+]([O-])c1c(N=Nc2c(C)n[nH]c2C)sc(N=Nc2c(=O)c(C)c(C)s2)cc1 failed to sanitize.
16:48:42 <INFO> Sampled SMILES N(c1sc(N=Nc2c(C)cc(C)cc2)n1)C(C)C failed to sanitize.
16:48:42 <INFO> Sampled SMILES O=C(c1c(N=Nc2ccccc2)c[nH]1)N1CCOCC1 failed to sanitize.
16:48:42 <INFO> Sampled SMILES C(N(CCC#N)c1ccc(N=Nc2cccc(OC)c2)c(C)c1)C#O failed to sanitize.
16:48:42 <INFO> Sampled SMILES c1c(N=Nc2ccc(C#N)cc2Cl)ccc(N(CCCl)=O)c1 failed to sanitize.
16:48:42 <INFO> Sampled SMILES c1(N=Nc2cc(OC)cc(OC)c2)scc1C failed to sanitize.
16:48:42 <INFO> Sampled SMILES C(N(CC)c1ccc(N=Nc2ccccc2)cc1)C1=Nn(C)c1 failed to sanitize.
16:48:42 <INFO> Sampled SMILES c1c(N=Nc2sc(NCCCOC)nc3c(Cl)cccc32)c(OC)cc(N(CC)CC)c1 failed to sanitize.
16:48:42 <INFO> Sampled SMILES Br1CCOc2c(N=Nc3ccc(N4CCOCC4)cc3)cccc21 failed to sanitize.
16:48:42 <INFO> Sampled SMILES c1cc(F)ccc1N=Nc1cn(C)n1 failed to sanitize.
16:48:42 <INFO> Sampled SMILES c1cc(N=Nc2sc(-c3ccccc3)c3n(C)cc23)cc([N+](=O)[O-])cc1 failed to sanitize.
16:48:42 <INFO> Sampled SMILES c1c2c(c(Sc3c(F)c(F)c(N=Nc4ccc(N(C)C)cc4)c3)c2)CCN1 failed to sanitize.
16:48:42 <INFO> Sampled SMILES c1(Cl)c(N=Nc2ccc(Br)cc2)c(O)c(C=N=Nc2c(C(O)OC(C)(CC)C)c(C#N)c(F)c2N)cc1 failed to sanitize.
16:48:42 <INFO> Sampled SMILES c1(N)cc(N=Nc2ccc(Br)cc2)cc1 failed to sanitize.
16:48:42 <INFO> Sampled SMILES O#CCCNc1cc(C)c(N=Nc2ccc(C)cc2)cc1 failed to sanitize.
16:48:42 <INFO> Sampled SMILES O#Cc1cc(F)c(N=Nc2c(Cl)cc([N+]([O-])=O)cc2)c(F)c1 failed to sanitize.
16:48:42 <INFO> Sampled SMILES c1(N(c2c(=O)c3ccc(NCC)cc3[nH]c2C)cs1)C failed to sanitize.
16:48:42 <INFO> Sampled SMILES [O-]Br(OC(c1ccccc1)(c1ccccc1)c1ccccc1)(C)O failed to sanitize.
16:48:42 <INFO> Sampled SMILES F(c1ccc(N=Nc2ccc(N(CC)CC)cc2)cc1)C failed to sanitize.
16:48:42 <INFO> Sampled SMILES c1(N=Nc2cccnc2Br)scn1 failed to sanitize.
16:48:42 <INFO> Sampled SMILES Clc1c(N=Nc2nc(N(CCO)CCC#N)sc(NC3CCCCC3)c2)cccc1 failed to sanitize.
16:48:42 <INFO> Sampled SMILES c1c2c(ccc1[N+](=O)[O-])c(N=Nc1sc(NCCBr)c(CC)c12)c1ccccc1 failed to sanitize.
16:48:42 <INFO> Sampled SMILES O#C(C)(c1ccc(N)cc1)c1c(N=Nc2ccccc2)cc(-c2ccccc2)c1 failed to sanitize.
16:48:42 <INFO> Sampled SMILES c1(F)ccc(N=Nc2cccc(Br)c2)c1C#N failed to sanitize.
16:48:42 <INFO> Sampled SMILES c1cccc2c1[nH]c(S(=O)(=O)c1c(Cl)cc(N(CCC#N)CCC#N)cc1)=O2 failed to sanitize.
16:48:42 <INFO> Sampled SMILES c1cc2c(nc1OC)c(N=Nc1sc(C)nn1)cc2 failed to sanitize.
16:48:42 <INFO> Sampled SMILES c1(O)ccc(C)c(N=Nc2c(-c3ccccc3)c(C(OCC)=O)c(OCC)c2)cc1 failed to sanitize.
16:48:42 <INFO> Sampled SMILES c1(N=Nc2ccc(N(CC)CC)cc2)c(C)n[nH]1 failed to sanitize.
16:48:42 <INFO> Sampled SMILES OC(=O)CCC(=O)=Cc1cc([N+](=O)[O-])ccc1Cl failed to sanitize.
16:48:42 <INFO> Sampled SMILES N1(CCCCCCCCCC)=Nc2ccccc2c1 failed to sanitize.
16:48:42 <INFO> Sampled SMILES c1(Cl)c(N=Nc2c(O)n(C)c(=O)n(C)c2=O)c(Cl)cc1Br failed to sanitize.
16:48:42 <INFO> Sampled SMILES c1(N=Nc2c(C)noc2O)cccn1 failed to sanitize.
16:48:42 <INFO> Sampled SMILES c1c(N=Nc2ccccc2)cc2c3c(c1)CCCN3CCC2 failed to sanitize.
16:48:42 <INFO> Sampled SMILES c1(NC(=O)CS(=O)(=O)c2ccc(Cl)cc2)ccc(OCC)c1 failed to sanitize.
16:48:42 <INFO> Sampled SMILES c1c(N=Nc2ccc3c(c2)n(C)c(=O)c(C#N)c3SCCC#N)ccc(C(F)(F)F)cc1 failed to sanitize.
16:48:42 <INFO> Sampled SMILES N(c1ccc(NC=O)c(-c2ccccc2)c(C)c1)C#N failed to sanitize.
16:48:42 <INFO> Sampled SMILES N(C(C)(c1ccccc1)c1ccc(N=Nc2ccc(N(CC)CC)cc2)c1)=N failed to sanitize.
16:48:42 <INFO> Sampled SMILES C1Nc2c(N)cccc2N=Nc1c1ccc([N+]([O-])=O)cc1 failed to sanitize.
16:48:42 <INFO> Sampled SMILES N(CC)(c1cccc2[nH]cc(=O)c2c1)=Nc1c(OC)cccc1OC failed to sanitize.
16:48:42 <INFO> Sampled SMILES c1c(N(CCC#N)CCO)ccc(N=Nc2c(Br)cc([N+]([O-])=O)cc2[N+]([O-])=O)s1 failed to sanitize.
16:48:42 <INFO> Sampled SMILES Cc1nc(N2CCN(c3cc(N=Nc4ccc([N+](=O)[O-])cc4)ccc3)CC2)cccc1[N+](=O)[O-] failed to sanitize.
16:48:42 <INFO> Sampled SMILES O=C(c1cccc(-c2nnn[nH]2)c1)=O failed to sanitize.
16:48:42 <INFO> Sampled SMILES Oc1c(-c2ccccc2)c(C)cnc2ccccc12 failed to sanitize.
16:48:42 <INFO> Sampled SMILES C1Oc2ccc(N=Nc3c(C)cccc3)ccc2C1=O failed to sanitize.
16:48:42 <INFO> Sampled SMILES N(=Nc1c(C)cc(C)n1C)c1cccn2c(-c3ccc(N=Nc4ccccc4)cc3)cc21 failed to sanitize.
16:48:42 <INFO> Sampled SMILES c1(N=Nc2sccn2)sc2c1CCN(CCC#N)C2 failed to sanitize.
16:48:42 <INFO> Sampled SMILES N(c1sc(N=Nc2c3c(cc4c2C(C)CCC4)CCC3)n1)C(C)C failed to sanitize.
16:48:42 <INFO> Sampled SMILES c1(N(CCC#N)CCO)ccc(N=Nc2ccc(Br)cc2)c1C failed to sanitize.
16:48:42 <INFO> Sampled SMILES c1(N=Nc2ccc(NC(C)=O)cc2OC)ccc(NC(=O)C)c1 failed to sanitize.
16:48:42 <INFO> Sampled SMILES Brc1ccccc1-c1nn(-c2ccccc2)c(N=Nc2c([N+]([O-])=O)cc([N+]([O-])=O)cc2OC)c(OCCO)c1 failed to sanitize.
16:48:42 <INFO> Sampled SMILES N(c1n(C)ccc)c1-c1cccc(N=Nc2ccc(N)cc2)c1 failed to sanitize.
16:48:42 <INFO> Sampled SMILES O1(c2c(N=Nc3c(C(O)=O)cc(C(OCC)CC)ccc3-c3ccccc3)cc(O)cc21)C(=O)OCC failed to sanitize.
16:48:42 <INFO> Sampled SMILES c1(-c2cc(N=Nc3ccc(N(CC)CC)cc3)ccc2F)nccc1 failed to sanitize.
16:48:42 <INFO> Sampled SMILES [N+](c1cc(N=Nc2c(C)n[nH]c2C)cc1)(F)F failed to sanitize.
16:48:42 <INFO> Sampled SMILES N(=Nc1ccccc1)c1nn(C)c(=S=Nc2ccc([N+](=O)[O-])cc2)c1C failed to sanitize.
16:48:42 <INFO> Sampled SMILES c1(Cl)c(N=Nc2c(Br)cc(Br)cc2Br)cc([N+]([O-])(=O)[O-])c1 failed to sanitize.
16:48:42 <INFO> Sampled SMILES c1cc(N2=CCCC2)ccc1NCCC#N failed to sanitize.
16:48:42 <INFO> Sampled SMILES c1(C(F)(F)F)ccc(N=Nc2c(C)cc(N(CCO)CCO)cc2)c1 failed to sanitize.
16:48:42 <INFO> Sampled SMILES c1(C)c(N=Nc2c(Br)cc(CN3CCOCC3)c(C)c2)ccccc1[N+](=O)[O-] failed to sanitize.
16:48:42 <INFO> Sampled SMILES C(#N)c1cc(N=Nc2scc(C)n2)c(OCC)c1 failed to sanitize.
16:48:43 <INFO> Sampled SMILES COc1c(C(=O)NC(Cc2cc(C)cc(C)c2)C(=O)N(CCC#N)c2ccc(O)cc2)ccc(F)c(F)c1F failed to sanitize.
16:48:43 <INFO> Sampled SMILES c1cc(C)c(N=Nc2c(C)c([N+](=O)[O-])cc([N+]([O-])=O)cc2C)cc1 failed to sanitize.
16:48:43 <INFO> Sampled SMILES c1cc2c(cccc2N=Nc2ncco2)c(C#N)cc1 failed to sanitize.
16:48:43 <INFO> Sampled SMILES c1(N(C)C)ccc(N=Nc2ccc3nc4ccc(N(CC)CC)cc4c3c2)cc1 failed to sanitize.
16:48:43 <INFO> Sampled SMILES N(CC)(c1ccc(N=Nc2ccc(OC)cc2)cc1)=Nc1ccc([N+](=O)[O-])cc1 failed to sanitize.
16:48:43 <INFO> Sampled SMILES N(c1noc(C)c1=O)=Nc1c(OC)c(C#N)c(C#N)cc1[N+](=O)[O-] failed to sanitize.
16:48:43 <INFO> Sampled SMILES Cc1n[nH]c(C)c1CC(=O)NNC(=O)Cn1c(C)nn2ccccc12 failed to sanitize.
16:48:43 <INFO> Sampled SMILES O(C)(C)c1cc(N=Nc2c(C)onc2C)ccc1 failed to sanitize.
16:48:43 <INFO> Sampled SMILES OC(c1ccc(N=Nc2ccc(N(C)C)cc2)cc1)(C)(C)O failed to sanitize.
16:48:43 <INFO> Sampled SMILES N[N+](=O)(c2ccc(N(CCO)CCO)cc1)=Nc2ccc([N+](=O)[O-])cc1 failed to sanitize.
16:48:43 <INFO> Sampled SMILES c1(N=Nc2ccc(C(OCC)=OO)ccc2)c(C)onc1C failed to sanitize.
16:48:43 <INFO> Sampled SMILES c1c(C#N)c(N=Nc2c(-c3ccccc3)c(C(OCC)=O)s2)c(Cl)ccc1 failed to sanitize.
16:48:43 <INFO> Sampled SMILES c1(N=Nc2c(F)c(F)c3c(c2F)Nc2ccccc2S3)ccc(NCCC#N)c1 failed to sanitize.
16:48:43 <INFO> Sampled SMILES c1(Br)cc(N=Nc2ccccc2)c(OC)c1 failed to sanitize.
16:48:43 <INFO> Sampled SMILES c1(C#N)cc(Br)cc1N=Nc1c(Cl)cccc1Cl failed to sanitize.
16:48:43 <INFO> Sampled SMILES c1cccc2c1[nH]c(-c1ccccc1)c2N=Nc1sc(-c2c(Br)cccc2)n1 failed to sanitize.
16:48:43 <INFO> Sampled SMILES Cc1c(N=Nc2ccc(NC(C)=O)cc2)sc1 failed to sanitize.
16:48:43 <INFO> Sampled SMILES C1N(c2sc(N=Nc3ccc([N+]([O-])=O)cc3[N+](=O)[O-])n2)CCC1 failed to sanitize.
16:48:43 <INFO> Sampled SMILES O=C(c1sc(N=Nc2c(F)cccc2F)n1)N1CCN(CCOCCO)CC1 failed to sanitize.
16:48:43 <INFO> Sampled SMILES c1c(N=Nc2ccc(Br)cc2)cc2c(c1)=NC(=O)C=C2 failed to sanitize.
16:48:43 <INFO> Sampled SMILES c1c(N(CCC#N)CCO)cc(C)c(N=Nc2ccccc2OC)cc1 failed to sanitize.
16:48:43 <INFO> Sampled SMILES c1(F)c(N=Nc2ccc(Cl)cc2)c(C)n1C failed to sanitize.
16:48:43 <INFO> Sampled SMILES c1([N+]([O-])=O)cccc(N=Nc2c(-c3ccccc3)c(C(=O)OCC)c(NCCBr)c2)c1 failed to sanitize.
16:48:43 <INFO> Sampled SMILES F(c1ccccc1)=Nc1ccc(N=Nc2cc(C)ccc2)cc1 failed to sanitize.
16:48:43 <INFO> Sampled SMILES c12cc(N=Nc3ccc(Cl)cc3)ccc2c(C)c(N=Nc1sc(CC)c(C)n1)c1c failed to sanitize.
16:48:43 <INFO> Sampled SMILES c1c(NS(=O)(=O)c2cccs2)c(Cl)c(C)c(C=N=Nc2nc3c(s2)CCCCCC3)c1 failed to sanitize.
16:48:43 <INFO> Sampled SMILES c1(N(CCC#N)CCO)cc(C(O)C)cc(c2ccccc12)c1ccccc1 failed to sanitize.
16:48:43 <INFO> Sampled SMILES c1([N+]([O-])=O)ccc(N=Nc2c(C)cccc2)c1N=Nc1ccccc1 failed to sanitize.
16:48:43 <INFO> Sampled SMILES c1(C)c(N2CCCC2)ccc(N(c2ccccc2)(C)C)c1N failed to sanitize.
16:48:43 <INFO> Sampled SMILES OC(c1cc(N=Nc2ccc([N+]([O-])=O)cc2)c(OC)c1)(C(F)(F)F)C(F)(F)F failed to sanitize.
16:48:43 <INFO> Sampled SMILES c1(N)cc(N=Nc2c(C)c(C(N)=O)cc(C(=O)OCC)c2N=Nc2ccc([N+]([O-])=O)cc2)cc1 failed to sanitize.
16:48:43 <INFO> Sampled SMILES c12c(cccc1)cc(N=Nc2c(C)onc1C)c1 failed to sanitize.
16:48:43 <INFO> Sampled SMILES N(c1ccc(N=Nc2c(C)c(C#N)c(=S)n(C)c2=O)c(C)c1)c1ccccc1 failed to sanitize.
16:48:43 <INFO> Sampled SMILES c1([N+]([O-])=O)cc(OC)c(N=Nc2nc3ccc(Br)cc3s2)c1 failed to sanitize.
16:48:43 <INFO> Sampled SMILES NN(=O)Cc1csc(N=Nc2ccc(N(CC)CC)cc2)n1 failed to sanitize.
16:48:43 <INFO> Sampled SMILES c1ccc(C#CCOc2c(N=Nc3c(C(F)(F)F)cc([N+](=O)[O-])cc3)ccc2C)cc1 failed to sanitize.
16:48:43 <INFO> Sampled SMILES c12c(cccc1N=Nc1ccccc1)=NCC2 failed to sanitize.
16:48:43 <INFO> Sampled SMILES c1c(N(CCC#N)CCC#N)cc(N=Nc2ccc([N+]([O-])=O)cc2)ccc1 failed to sanitize.
16:48:43 <INFO> Sampled SMILES c1cc(C(C)(C)C)c(N=Nc2sc3c(c2C(=O)OC)CCCN3)ccc1 failed to sanitize.
16:48:43 <INFO> Sampled SMILES [O-][N+](c1cc(N=Nc2ccc(N3CCCC3)cc2)cc1)=O failed to sanitize.
16:48:43 <INFO> Sampled SMILES c1ccc2c(ccc(O)c2N=Nc2scc3c(c2)NCCO3)c1 failed to sanitize.
16:48:43 <INFO> Sampled SMILES c1ccccc1-c1c(C(=O)OCC)c(N=Nc2sc(-c3ccccc3)c2-c2ccccc2)n(C)n1 failed to sanitize.
16:48:43 <INFO> Sampled SMILES Cc1c(C(=O)N2CCC(NC(=O)c3cc([N+](=O)[O-])c(O)cc3F)C2)ccc([N+](=O)[O-])cc1[N+](=O)[O-] failed to sanitize.
16:48:43 <INFO> Sampled SMILES c1cc(N(CCC#N)CCO)cccc1N=Nc1ccc(N(CC)CC)cc1 failed to sanitize.
16:48:43 <INFO> Sampled SMILES N#Cc1c([N+]([O-])(F)F)cc(-c2ccccc2N=Nc2c(N)cc(N)c(C(F)(F)F)cc2)c1F failed to sanitize.
16:48:43 <INFO> Sampled SMILES c12c(nccc1)c(N=Nc1nc3scc(-c4ccc([N+](=O)[O-])cc4)(C(=O)OCC)c(C=O)c3-c22[nH]c3ccccc32)cc1 failed to sanitize.
16:48:43 <INFO> Sampled SMILES N#c1cc(N=Nc2c(C)cc(N(CCO)CCC#N)cc2)ccc1 failed to sanitize.
16:48:43 <INFO> Sampled SMILES c1(C(=O)OCC)c(C)c(C=N=Nc2c(F)cc(F)cc2F)c1O failed to sanitize.
16:48:43 <INFO> Sampled SMILES F1(F)c(F)c(N2CCCC2)c(F)c1 failed to sanitize.
16:48:43 <INFO> Sampled SMILES N(=Nc1c(C(N(C)=O)sc2ccccc12)CC(O)=O)c1ccc(C#N)cc1 failed to sanitize.
16:48:43 <INFO> Sampled SMILES Cc1ccc(N=Nc2c3c(ncn3C)c(C=O)c2)cc1C failed to sanitize.
16:48:43 <INFO> Sampled SMILES N(=Nc1cccc(Br)c1)c1c(C)cc(N=Nc2c(C(=O))OC)cccc2[nH]1 failed to sanitize.
16:48:43 <INFO> Sampled SMILES c1(N=Nc2cc(OC)c(N3CCCC3)cc2)c(C)n[nH]c1=O failed to sanitize.
16:48:43 <INFO> Sampled SMILES c1(F)c(F)c(N=Nc2c(Br)cc([N+](=O)[O-])cc2[N+](=O)[O-])c(O)c1C failed to sanitize.
16:48:43 <INFO> Sampled SMILES c12c(nc(N=Nc3sc(C(Cl)C)nc3-c3ccc(C)cc3)s1)cn2CCCSc1c[nH]nc1 failed to sanitize.
16:48:43 <INFO> Sampled SMILES c1(C)cc(O)ccc1N=Nc1c(O)n(C)c(=O)=Cc1sc1sc1sc1ccc(Br)cc1 failed to sanitize.
16:48:43 <INFO> Sampled SMILES c1(C)c(N=Nc2ccccc2)c(C)nn1 failed to sanitize.
16:48:43 <INFO> Sampled SMILES c1(N=Nc2ccc(N(CC)CC)cc2)c(Br)ccc1Br failed to sanitize.
16:48:43 <INFO> Sampled SMILES c1(NC(=O)CS(=O)(=O)c2ccc(C#N)cc2)c(O)cc(C(OC)(C)C)cc1=O failed to sanitize.
16:48:43 <INFO> Sampled SMILES c1(N=Nc2cc(C#N)ccc2)c(C)[nH](NCCC#N)cc1 failed to sanitize.
16:48:43 <INFO> Sampled SMILES Oc1c(N=Nc2sc(-c3ccc(C)cc3)s2)c(C#N)cc([N+](=O)[O-])c1 failed to sanitize.
16:48:43 <INFO> Sampled SMILES c1([N+]([O-])=O)c(O)c(N=Nc2c(Sc3nnc(C)s3)c(N)cc2Cl)cccc1 failed to sanitize.
16:48:43 <INFO> Sampled SMILES c1(C)C=Cc2c(N=Nc3ccc([N+](=O)[O-])cc3C#N)cccc21 failed to sanitize.
16:48:43 <INFO> Sampled SMILES c1cc(N=Nc2n3cc(Br)ccc3)ccc2c(=O)o1 failed to sanitize.
16:48:43 <INFO> Sampled SMILES Cc1c(N=Nc2ccc(C#N)cc2[N+]([O-])([O-])=O)cccc1 failed to sanitize.
16:48:43 <INFO> Sampled SMILES O(Br(C)CCSc1ccc(N=Nc2ccc(N(CC)CC)cc2)cc1)C failed to sanitize.
16:48:43 <INFO> Sampled SMILES c1cc(N=Nc2n(C)csc2)ccc1 failed to sanitize.
16:48:43 <INFO> Sampled SMILES cN(CCC#N)Cc2c(OC)c(OC)ccc2OC failed to sanitize.
16:48:43 <INFO> Sampled SMILES N(=Nc1c(F)c2[nH]c3ccccc3sc2c2sc3c(cccc3)s=2)c([N+](=O)[O-])c1 failed to sanitize.
16:48:43 <INFO> Sampled SMILES c1c([N+](=O)[O-])ccc(N=Nc2c(-c3ccccc3)c(C)c(NCCO)c2)c1 failed to sanitize.
16:48:43 <INFO> Sampled SMILES c1(Cl)ccc(N=Nc2ccc(S(C)(=O)=O)cc2)c1 failed to sanitize.
16:48:43 <INFO> Sampled SMILES c1cc(N=Ncc(C)n2cc(C#N)ccc2)c(Cl)cc1 failed to sanitize.
16:48:43 <INFO> Sampled SMILES C(ON(c(C)c1ccccc1)c1c(C)noc(C)c1=O)c1ccccc1 failed to sanitize.
16:48:43 <INFO> Sampled SMILES c1(N=Nc2cc(C)ccc2)cccc1 failed to sanitize.
16:48:43 <INFO> Sampled SMILES c1(C)c(O)c(N=Nc2ccccc2)cccc1 failed to sanitize.
16:48:43 <INFO> Sampled SMILES C(c1c(N=Nc2cc(C)c(Cl)cc2)c2c(c(NC(=O)OCC)ccc2)n[nH]1)C(=O)CC#N failed to sanitize.
16:48:43 <INFO> Sampled SMILES C(=N(c1ccc(NC(C)=O)c2c(C)cc(C)cc12)CCC#N)(C(C)=O)c1ccccc1 failed to sanitize.
16:48:43 <INFO> Sampled SMILES N(=Nc1ccc(C)cc1)=Nc1ccc([N+](=O)[O-])cc1 failed to sanitize.
16:48:43 <INFO> Sampled SMILES c1(N=Nc2cccc(C(C)=O)c2)c(C)cc(N(CC)CC)c1O failed to sanitize.
16:48:43 <INFO> Sampled SMILES Cc1c(NC(=O)Cc2csc(NC(=O)c3ccccc3)n2)ccc([N+](=O)[O-])cc1[N+](=O)[O-] failed to sanitize.
16:48:43 <INFO> Sampled SMILES C1(c2nc3scc(-c4cncn4C)n3)nccc2NC1=O failed to sanitize.
16:48:43 <INFO> Sampled SMILES C(c1sc(N=Nc2scc(C(OC)=O)s2)nc1C)=Nc1nnc(CC)s1 failed to sanitize.
16:48:43 <INFO> Sampled SMILES c1(N=Nc2sc(C)cn2)cccc1C(Cl)=O failed to sanitize.
16:48:43 <INFO> Sampled SMILES N(=C#Nccc1ccccc1)c1ccc(N(C)C)cc1 failed to sanitize.
16:48:43 <INFO> Sampled SMILES c1(C)cc(N(c2ccc(N=Nc3ccccc3)cc2)c2c3cnn(C)c3)ncc2[nH]1 failed to sanitize.
16:48:43 <INFO> Sampled SMILES C(N(Cc1cc([N+]([O-])cccc1)C1CCCCC1)C1CC1)CO failed to sanitize.
16:48:43 <INFO> Sampled SMILES O=c1c(-c2cc3c(cc2F)NCCC3)c(C#N)c(C#N)cc1OC failed to sanitize.
16:48:43 <INFO> Sampled SMILES C1CCN(c2c(N=Nc3ccccc3)c(C#N)ccn2)ccc1 failed to sanitize.
16:48:43 <INFO> Sampled SMILES [O-](c1c(N=Nc2ccccc2)c(F)ccc1)([N+]([O-])=O)c1ccccc1 failed to sanitize.
16:48:43 <INFO> Sampled SMILES c1(O)cc(O)c(N=Nc2ccc(Br)cc2)c1 failed to sanitize.
16:48:43 <INFO> Sampled SMILES c1cccc2n(C)c(C)c(=O)c(N(CCC#N)CCO)c12 failed to sanitize.
16:48:43 <INFO> Sampled SMILES O=C(Nc1ccccc1)c1c(N=Nc2ccc(N(CC)CC)cc2)ccc1O failed to sanitize.
16:48:43 <INFO> Sampled SMILES C1CCN(c2ccc(NC(=O)CNC(CC#N)c3c(-c4ccccc4)cc(-c4ccc(O)cc4)c3)cc2)CC1 failed to sanitize.
16:48:43 <INFO> Sampled SMILES N#CCCN(c1cc(C#N)ccc1)=O failed to sanitize.
16:48:43 <INFO> Sampled SMILES c1ccc(N(CC))c(N=Nc2ccc(N=Nc3ccc(N(CC)CC)cc3)cc2)cc1 failed to sanitize.
16:48:43 <INFO> Sampled SMILES c1cccc2c1[nH]c(-c1ccccc1)c2N=Nc1sc(NCC)n1 failed to sanitize.
16:48:43 <INFO> Sampled SMILES c1c(Br)cc(Br)c(N=Nc2c([N+]([O-])=O)cc(=O)[nH]n2C)c1 failed to sanitize.
16:48:43 <INFO> Sampled SMILES c1(-c2[nH]c(N=Nc3ccccc3F)cc2)cccn1 failed to sanitize.
16:48:43 <INFO> Sampled SMILES N(c1ccc(N=Nc2c(N3CCCC3)c(OCC(C)C)c(=O)[nH]c2=O)cc1)CC failed to sanitize.
16:48:43 <INFO> Sampled SMILES c1cc(C)c2c(c1)C(N=N=Nc1sc(C)nn1)CC2 failed to sanitize.
16:48:43 <INFO> Sampled SMILES C(C#N)CNc1c(C)c(C#N)c(C#N)c(C=O)c(C)c1 failed to sanitize.
16:48:43 <INFO> Sampled SMILES c12c(O)ccc(N=Nc3nccs3)c2ccc1 failed to sanitize.
16:48:43 <INFO> Sampled SMILES c1cc(N(CC)CC)ccc1N=Nc1c(-c2ccccc2)c(C(=O)OCC)c(NCCBr)c1 failed to sanitize.
16:48:43 <INFO> Sampled SMILES c1(F)cNc(N=Nc2ccc(N(C)C)cc2)cc1 failed to sanitize.
16:48:43 <INFO> Sampled SMILES c1c(CCC#N)cccc2cccc2c1 failed to sanitize.
16:48:43 <INFO> Sampled SMILES N(=Nc1ccc(Br)cc1)=Nc1ccc(C)cc1 failed to sanitize.
16:48:43 <INFO> Sampled SMILES C(#O)c1cc(N=Nc2c(C)c(C#N)c(NCCBr)s2)cc([N+](=O)[O-])c1 failed to sanitize.
16:48:43 <INFO> Sampled SMILES c1ccccc1N=Nc1c(NNC(C)=O)ccc1O failed to sanitize.
16:48:43 <INFO> Sampled SMILES Fc1cccc(Cl)c(O)c1N=Nc1cc(C)c(N(C)C)cc1 failed to sanitize.
16:48:43 <INFO> Sampled SMILES c1cc[nH]c(-c2noc(CCNCc3cn4c(n3)nc(C)c(Cl)c3-c4ccc(-c5ccccc5)cc3)n2)c1 failed to sanitize.
16:48:43 <INFO> Sampled SMILES c1(N=Nc2c(C)cc(N(CCC#N)CCC#N)ccc2C)ccc(OC)cc1 failed to sanitize.
16:48:43 <INFO> Sampled SMILES c1c(N=Nc2c(F)c(F)c(Nc3ccccc3)c(#N[N+]([O-])[O-])c2)ccc(N(CC)CC)c1 failed to sanitize.
16:48:43 <INFO> Sampled SMILES c1cc(NCCC#NS(=O)(=O)C)ccc1N=O failed to sanitize.
16:48:43 <INFO> Sampled SMILES N(c1cc([N+]([O-])=O)cc(C#N)cc1)=Nc1ccc(OC)cc1 failed to sanitize.
16:48:43 <INFO> Sampled SMILES c1(N=Nc2c(C)n[nH]c2C)cc(F)cc1 failed to sanitize.
16:48:43 <INFO> Sampled SMILES CNc1cc(N=Nc2sc(CC)n(CCC)c2)ccc1OC failed to sanitize.
16:48:43 <INFO> Sampled SMILES C1CCN(c2c(N=Nc3cccs3)c(C)cn2)CC1 failed to sanitize.
16:48:43 <INFO> Sampled SMILES N(c1ccc(N(CC)CC)cc1)c1nc(N=Nc2ccc([N+](=O)[O-])cc2)s1 failed to sanitize.
16:48:43 <INFO> Sampled SMILES C(N#NClSCC(c1ccccc1)c1ccco1)c1ccccc1 failed to sanitize.
16:48:43 <INFO> Sampled SMILES c1c([N+](=O)[O-])ccc(N=Nc2c(-c3ccccc3)c(C(OCC)=O)s2)c1 failed to sanitize.
16:48:43 <INFO> Sampled SMILES c1ccc2c(cccc(N=Nc3ccc(N)cc3)c2)c1 failed to sanitize.
16:48:43 <INFO> Sampled SMILES c1(OC)ccc(-c2cn(CCC#O)nc2)n1 failed to sanitize.
16:48:43 <INFO> Sampled SMILES c1c(O)cc(N=Nc2ccccc2)ccc1 failed to sanitize.
16:48:43 <INFO> Sampled SMILES Cc1onc(O)c1-c1cn(C(=O)C)c1-c1ccccc1 failed to sanitize.
16:48:43 <INFO> Sampled SMILES c1(N=Nc2c(O)cc(Nc3c(C)cccc3)cc2)c(Cl)cc([N+]([O-])=O)c1-c1ccccc1 failed to sanitize.
16:48:43 <INFO> Sampled SMILES N(c1c(C)cccc1)=Oc1ccc(N(CCC#N)CCC#N)cc1 failed to sanitize.
16:48:43 <INFO> Sampled SMILES c1c(N=Nc2c(C#N)cccc2)c(C)onc1C failed to sanitize.
16:48:43 <INFO> Sampled SMILES c1(N=Nc2ccc(N(CCCl)CCCl)cc2)c2cccnc2cc1 failed to sanitize.
16:48:43 <INFO> Sampled SMILES c1(C)cc(N(CC)CC)c(-c2cccs2)c1OC failed to sanitize.
16:49:15 <INFO> Sampled SMILES F(c1c(N=Nc2ccc(Cl)cc2)cccc1)CCO failed to sanitize.
16:49:15 <INFO> Sampled SMILES C1CN(CCN=Nc2c(F)cc(C(OCC)=O)cc2F)c(O)c2ccccc21 failed to sanitize.
16:49:15 <INFO> Sampled SMILES c1(N=Nc2ccccc2[N+]([O-])=O)c(C)sc1N=Nc1ccc(N(CCCC#N)CCC#N)cc1 failed to sanitize.
16:49:15 <INFO> Sampled SMILES C(C1CCN(c2c(N=Nc3ccc([N+](=O)[O-])cc3)ccc2)=NC(C)=NN1)(C)C failed to sanitize.
16:49:15 <INFO> Sampled SMILES c1(N=Nc2nc3c(s2)CCN(CC2CCCCC2)CC3)c(OC)cc(N(C)C)c1 failed to sanitize.
16:49:15 <INFO> Sampled SMILES c1(N=Nc2c(O)nc(O)nc2O)csc1NCCC#N failed to sanitize.
16:49:15 <INFO> Sampled SMILES O(c1cccc(Cl)c1)=Nc1c(-c2ccccc2)csc1C failed to sanitize.
16:49:15 <INFO> Sampled SMILES c1(C(F)(F)F)cccc1N=Nc1c(N)cc(C(OC)(CC)CC)cc1 failed to sanitize.
16:49:15 <INFO> Sampled SMILES c1(N=Nc2c(Cl)cccc2)scc1C failed to sanitize.
16:49:15 <INFO> Sampled SMILES c1(S(=O)(=O)c2cnc(N=Nc3ccc(OC)cc3)cc2)ccc(C)c1 failed to sanitize.
16:49:15 <INFO> Sampled SMILES N(=Nc1ccc(O)c2c1cccn2)c1sc(N=Nc2c(O)c(-c3ccccc3)c(C(CC)CC)s2)n1 failed to sanitize.
16:49:15 <INFO> Sampled SMILES c1(N=Nc2sc(NCCC#N)cc2)scc1C=O failed to sanitize.
16:49:15 <INFO> Sampled SMILES c1(N=Nc2ccc(N(CC)CC)cc2)cc(Cl)cc1 failed to sanitize.
16:49:15 <INFO> Sampled SMILES c1(N(CC2=NCCOc3ccccc3)CC2)ccc(NCCC#N)c1 failed to sanitize.
16:49:15 <INFO> Sampled SMILES c1(N(CC)CCC#N)ccc(N=Nc2ccc([N+]([O-])=O)cc2)ccc1 failed to sanitize.
16:49:15 <INFO> Sampled SMILES c1cccc2n(-c3ccc(Sc4cc(=O)[nH]cc4OC)ccc3)nc12 failed to sanitize.
16:49:15 <INFO> Sampled SMILES Fc1cccc(F)c(C=N=Nc2c(F)c(F)cc(F)c2F)c1 failed to sanitize.
16:49:15 <INFO> Sampled SMILES F[N+](=O)(c1cccnc1)c1ccc(N=Nc2scc(C)n2)cc1 failed to sanitize.
16:49:15 <INFO> Sampled SMILES c1Sc2c(N=Nc3ccc(O)cc3)cccc2[nH]c1=O failed to sanitize.
16:49:15 <INFO> Sampled SMILES Fc1c(NCCC#N)cc(C(O)C)ccc1NC(=O)CCl failed to sanitize.
16:49:15 <INFO> Sampled SMILES c1ccccc1-c1c(C#O)cc(N=Nc2c([N+]([O-])=O)cc([N+]([O-])=O)cc2Br)cc1 failed to sanitize.
16:49:15 <INFO> Sampled SMILES c12c(cccc1)c(N=Nc1nc(C(OC)(OC)OC)c(C)s1)c(OC)c2-c1ccccc1 failed to sanitize.
16:49:15 <INFO> Sampled SMILES c1cc(N2=Nc3c(cc(N=Nc4ccc([N+]([O-])=O)cc4)c3C#N)CCC2)ccc1N failed to sanitize.
16:49:15 <INFO> Sampled SMILES N1(CCO)=Oc2c(C)c(N=Nc3c(C)cc(C#N)cc3Br)ccc2C1 failed to sanitize.
16:49:15 <INFO> Sampled SMILES c1cc(-c2noc(CCN=Nnc3ccccc3)n2)ccc1 failed to sanitize.
16:49:15 <INFO> Sampled SMILES N#CCCN1c2ccc(N=Nc3ccccc3C#N)ccc2C1 failed to sanitize.
16:49:15 <INFO> Sampled SMILES c1(C#N)cc(Br)c(N=Nc2c(C)cc(C)cc2C)c1 failed to sanitize.
16:49:15 <INFO> Sampled SMILES C1N=c2ccc(N=Nc3ccc(C#N)cc3)cc2CC1 failed to sanitize.
16:49:15 <INFO> Sampled SMILES c1cn(C(C)=O)c(O)c1=Nc1ccc(NCCC#N)cc1 failed to sanitize.
16:49:15 <INFO> Sampled SMILES c1(N=Nc2ccc(N(C)C)cc2)c(OC)c(OC)cc1N=Nc1c([N+](=O)[O-])cc([N+]([O-])=O)cc1Br failed to sanitize.
16:49:15 <INFO> Sampled SMILES c1c([N+](=O)[O-])ccc(N=Nc2c(-c3ccncc3)c(C)s2)c1 failed to sanitize.
16:49:15 <INFO> Sampled SMILES C(#O)CCNc1cc(OC)c(N=Nc2c([N+]([O-])=O)cc([N+]([O-])=O)cc2Br)c(C)c1 failed to sanitize.
16:49:15 <INFO> Sampled SMILES C(C)N(c1ccc(N=Nc2C(F)(F)F)cc(C)cc21)CC failed to sanitize.
16:49:15 <INFO> Sampled SMILES c1(Cl)c(Cl)ccc1N=Nc1c(C)[nH]nc1C failed to sanitize.
16:49:15 <INFO> Sampled SMILES C(#N)CCNCC#c failed to sanitize.
16:49:15 <INFO> Sampled SMILES c1c2c(ccc1[N+](=O)[O-])nc(N=Nc1sc(NCCCOC)n2)cc1 failed to sanitize.
16:49:15 <INFO> Sampled SMILES c1(N=Nc2ccccc2)nc2ccc(N=Nc3sc(C)n4ccccc34)cc21 failed to sanitize.
16:49:15 <INFO> Sampled SMILES Oc1c(O)ccc(N=Nc2ccc(C)cc2)cc1 failed to sanitize.
16:49:15 <INFO> Sampled SMILES c1(N=Nc2c(C)cc(N(CC)CC)cc2)ccc(NC(C)=O)c1 failed to sanitize.
16:49:15 <INFO> Sampled SMILES c1c(-c2nn(CCC)c3Nc2ccccc3)ccccc1 failed to sanitize.
16:49:15 <INFO> Sampled SMILES c1c(NN=c2ccccc2F)c(C)ccc1 failed to sanitize.
16:49:15 <INFO> Sampled SMILES Cl#Cc1ccc(N=Nc2sccn2)c(Cl)c1 failed to sanitize.
16:49:15 <INFO> Sampled SMILES Cl(c1c(N=Nc2c(C(F)(F)F)cc([N+](=O)[O-])cc2)sc(N(CC)CC)n1)C#CC failed to sanitize.
16:49:15 <INFO> Sampled SMILES N(=Nc1c([N+](=O)[O-])Nc2ccccc2)scc1 failed to sanitize.
16:49:15 <INFO> Sampled SMILES c1(N=Nc2c(C)nn(-c3ccc(C)cc3)c2=O)ccc(OC)cc1 failed to sanitize.
16:49:15 <INFO> Sampled SMILES Br(c1ccc(N=Nc2ccc(N(CC)CCC#N)cc2C)c(O)cc1)[O-] failed to sanitize.
16:49:15 <INFO> Sampled SMILES n1c(C)c(N=Nc2ccc(Cl)cc2C(=O)c2ccccc2)c(C)n1 failed to sanitize.
16:49:15 <INFO> Sampled SMILES c1(N=Nc2ccc(N(CCC#N)CCO)cc2C)c2ccccc2oc1=O failed to sanitize.
16:49:15 <INFO> Sampled SMILES c1(N=Nc2ccc([N+](=O)[O-])cc2C(F)(F)F)c(C)nn(C)c1=O failed to sanitize.
16:49:15 <INFO> Sampled SMILES c1(C)nn(-c2cccc(N=Nc3c(C)onc3C)c2)c1C failed to sanitize.
16:49:15 <INFO> Sampled SMILES c12c(nccc1-c1cc(C(F)(F)F)ccc2N=Nc1-c1nnnn1-c1ccccc1)CC failed to sanitize.
16:49:15 <INFO> Sampled SMILES O=C(c1cc([N+](=O)[O-])c(O)c([N+](=O)[O-])c1)=C1Nc2ccccc2Oc2ccccc21 failed to sanitize.
16:49:15 <INFO> Sampled SMILES c1(OC)c(N=Nc2c(-c3ccccc3)[nH]n(c3nnn-3)c2)ccc(C)c1 failed to sanitize.
16:49:15 <INFO> Sampled SMILES c1(N=Nc2c(C)n[nH]c2C)sc(C(OCC)=O)c1-c1ccccc1 failed to sanitize.
16:49:15 <INFO> Sampled SMILES O=C(C=CCN1CCCCC1)(OCCCO)CC failed to sanitize.
16:49:15 <INFO> Sampled SMILES N#CC(c1ccccc1)(c1ccc(O)cc1)=NNc1c(F)c(F)cc(F)c1F failed to sanitize.
16:49:15 <INFO> Sampled SMILES c1(Cl)cc(C#N)cc1N=Nc1c(OC)cc(NC(C)=O)cc1[N+](=O)[O-] failed to sanitize.
16:49:15 <INFO> Sampled SMILES C1CC(c2nc(Cc3csc(NC(=O)OCC)s3)nn2)(OC)O1 failed to sanitize.
16:49:15 <INFO> Sampled SMILES FC(c1c(N=Nc2ccc(N(CC)CC)cc2)ccc1F)OCC failed to sanitize.
16:49:15 <INFO> Sampled SMILES c1(C)c(N=Nc2c(Br)cccc2)ccc(NCCC#N)cc1 failed to sanitize.
16:49:15 <INFO> Sampled SMILES c12c(cccc1)c(N=Nc1nnc(-c3ccccc3)s1)s2 failed to sanitize.
16:49:15 <INFO> Sampled SMILES C(OC(c1ccc(N=Nc2ccc(N(CC)CC)cc2)cc1)C#O)CF failed to sanitize.
16:49:15 <INFO> Sampled SMILES C(c1ccc(N=Nc2ccccc2)cc1)#O failed to sanitize.
16:49:15 <INFO> Sampled SMILES c1c(C#N)c(N=NCCC#N)cc(N=Nc2cccc(OC)c2O)cc1N failed to sanitize.
16:49:15 <INFO> Sampled SMILES c1([N+]([O-])=O)c(N=Nc2c(O)n(-c3ccc(S(=O)(=O)O)cc3)c(C)c2)cc(OC)c(N2CCCCC2)c(C#N)c1C#N failed to sanitize.
16:49:15 <INFO> Sampled SMILES c1(N=Nc2nc3c(o2)cccc3)ncc(N=Nc2c(Br)cc([N+](=O)[O-])cc2[N+](=O)[O-])c1 failed to sanitize.
16:49:15 <INFO> Sampled SMILES c1(C#N)cc[nH](N=Nc2ccc(NCCCCl)cc2)c1 failed to sanitize.
16:49:15 <INFO> Sampled SMILES [O-][N+](=O)c1c(C)cc(N=Nc2cc(C)cc(S(=O)(N)=O)cc2OC)cc1C failed to sanitize.
16:49:15 <INFO> Sampled SMILES CN(c1ccc(N=Nc2ccc([N+](=O)[O-])cc2)cc1)=C(C#N)C#N failed to sanitize.
16:49:15 <INFO> Sampled SMILES c1cc(N=Nc2c3c(cccc3)c2[nH]c2ccccc2)ccc1 failed to sanitize.
16:49:15 <INFO> Sampled SMILES N(c1c(-c2ccccc2)cc(N2CC2)s1)=Nc1c(c(N)cccc1[O-])S(C)(=O)=O failed to sanitize.
16:49:15 <INFO> Sampled SMILES O[N+](=O)(O)c1c(N=Nc2c(O)cc(Br)cc2F)cccc1 failed to sanitize.
16:49:15 <INFO> Sampled SMILES [O-][N+](c1cc(N=Nc2ccc(O)c3c2N(CCC)CCC3)cc1)=O failed to sanitize.
16:49:15 <INFO> Sampled SMILES c1cccc(-c2cc(C=Nc3ccc(N4CCCC4)cc3)cc2)c1 failed to sanitize.
16:49:15 <INFO> Sampled SMILES FC(F)(c1nn(-c2ccccc2)c(N=Nc2ccc(N(CC)CC)cc2)c1)(F)F failed to sanitize.
16:49:15 <INFO> Sampled SMILES Br(c1ccc(N=Nc2ccc([N+]([O-])=O)cc2)c(OC)c1)(CCO)CCO failed to sanitize.
16:49:15 <INFO> Sampled SMILES c1(C)[nH]nc(C)c1N=Nc1cc([N+]([O-])=O)cc1 failed to sanitize.
16:49:15 <INFO> Sampled SMILES C(CCl)N(c1sc(C)cc1)=Nc1ccccc1 failed to sanitize.
16:49:15 <INFO> Sampled SMILES C(N(c1ccc(N=Nc2ccc(OC)cc2)c)c(C)c1)=O failed to sanitize.
16:49:15 <INFO> Sampled SMILES c1(Cl)ccc(N=Nc2cccc([N+](=O)[O-])c2)c1 failed to sanitize.
16:49:15 <INFO> Sampled SMILES c12c(nc(S(N)=O)cc2)ccc1N=Nc1c(C)c(C(N)=O)c(N)c(Cl)c1Cl failed to sanitize.
16:49:15 <INFO> Sampled SMILES c1(N2CC2)sc(N=Nc2ccc(C(C)O)cc2)c(C)c(C#N)c1N failed to sanitize.
16:49:15 <INFO> Sampled SMILES FC(c1cc(N=Nc2cc3c(cc2)N(CCC#N)CCC3)cc(C(F)(F)F)c1)(F)(F)F failed to sanitize.
16:49:15 <INFO> Sampled SMILES N(=Nc1ccccc1C(=O)O)cc1ccc(Cl)cc1 failed to sanitize.
16:49:15 <INFO> Sampled SMILES c1(N=Nc2ccc(N3CCOCC3)c(OC)c2)ccc(NC(C)=O)c1 failed to sanitize.
16:49:15 <INFO> Sampled SMILES Oc1c(O)ccc(N=Nc2ccc(NCCC#N)cc2)cc1 failed to sanitize.
16:49:15 <INFO> Sampled SMILES c1(C(O)CO)cc(N=Nc2ccc(N(CC)CC)cc2)cc1C failed to sanitize.
16:49:15 <INFO> Sampled SMILES Cc1c(C(C)=O)ccc(N=Nc2ccc(Cl)cc2)cc1C failed to sanitize.
16:49:15 <INFO> Sampled SMILES Oc1c(-c2ccccc2)c(C)c(N=Nc2c(O)n(-c3ccc(O)cc3)cs2)c2ccccc21 failed to sanitize.
16:49:15 <INFO> Sampled SMILES c1cc2c(cc1)c=c(N=Nc1ccc(N(CC)CC)cc1)c(OC)c2 failed to sanitize.
16:49:15 <INFO> Sampled SMILES N(c1cc(F)c(N=Nc2ccc(NCC)cc2)n(-c2ccccc2)n1)C failed to sanitize.
16:49:15 <INFO> Sampled SMILES c1(-c2noc(C3CCN(c4cccnc4)C3)n2)cccc1 failed to sanitize.
16:49:15 <INFO> Sampled SMILES C(O)(c1ccccc1)c1nc(CC(=N=Nc2ccc([N+](=O)[O-])cc2)c2cccs2)sc1N failed to sanitize.
16:49:15 <INFO> Sampled SMILES FC(F)(c1ccccc1)=Nc1cccc(NCCC#N)c1 failed to sanitize.
16:49:15 <INFO> Sampled SMILES c1(C)c(N=Nc2ccc(NC(=O)C)cc2)c(C)[nH]c1=O failed to sanitize.
16:49:15 <INFO> Sampled SMILES O=c1[nH]cc(N=Nc2c(-c3ccccc3)nc(-c3cccc(O)c3)c2C)c(O)c1 failed to sanitize.
16:49:15 <INFO> Sampled SMILES O#Cc1ccc(N=Nc2ccc(C(F)(F)F)cc2)cc1 failed to sanitize.
16:49:15 <INFO> Sampled SMILES c1(C(c2c([O-])cccc2N)c2sccc2-c2ccccc2)cccc1 failed to sanitize.
16:49:15 <INFO> Sampled SMILES c1(C(F)(F)F)ccc(SCC(=O)Nc2ccccc2)c1 failed to sanitize.
16:49:15 <INFO> Sampled SMILES c1c(N=Nc2ccc([N+]([O-])=O)cc2)ccc(N(CCC#N)C)cc1 failed to sanitize.
16:49:15 <INFO> Sampled SMILES C1CCN(c2c(N=Nc3ccc(N(CC)CC)cc3)nc(N)n2)CC1 failed to sanitize.
16:49:15 <INFO> Sampled SMILES Cc1cc(NCC(=O)c2c(C)c(C)c(C)c([N+](=O)(C)(C)C)c2C)cc(C)c1C failed to sanitize.
16:49:15 <INFO> Sampled SMILES Brc1cc(N=Nc2c(N3CCCC3)cc(OCC)c2OC)ccc1C failed to sanitize.
16:49:15 <INFO> Sampled SMILES N(=Nc1c(-c2c(Cl)cccc2)c(C(C)=O)c(C)c(C(C)=O)c1#O)CC[N+](C)(C)C failed to sanitize.
16:49:15 <INFO> Sampled SMILES C1CN(c2c(-c3csc(NC)n3)c(C)cc2)CCC1 failed to sanitize.
16:49:15 <INFO> Sampled SMILES c1(C(NCCO)c(N=Nc2c(C(C)(C)C)cc(C(OC)=O)cc2OC)c2ccccc2)c(O)nn1C failed to sanitize.
16:49:15 <INFO> Sampled SMILES c1(N=Nc2ccc(N(CC)CC)c(OC)c2)cc([N+]([O-])=O)cc1[N+](=O)[O-] failed to sanitize.
16:49:15 <INFO> Sampled SMILES c1(OC)cnc(n=Nc2ccc(C)cc2)c1 failed to sanitize.
16:49:15 <INFO> Sampled SMILES N(=Nc1ccc(O)c2c1cccn2)c1sc(SC)n1C failed to sanitize.
16:49:15 <INFO> Sampled SMILES c1c(C(=O)C)ccc(N=Nc2c(C)n[nH]c2C)cc1 failed to sanitize.
16:49:15 <INFO> Sampled SMILES c1(C)ccc2c(N=Nc3sccn3)cccc21 failed to sanitize.
16:49:15 <INFO> Sampled SMILES Brc1ccc2c(ccc3c(N=O)cccc3)nc2c1 failed to sanitize.
16:49:15 <INFO> Sampled SMILES F[N+](=O)(c1c(Cl)c([N+](=O)[O-])c(Br)c(Cl)c1)c1nc(-c2ccc([N+](=O)[O-])cc2)no1 failed to sanitize.
16:49:15 <INFO> Sampled SMILES c1(O)cc(O)c(O)c1N=Nc1ccc(F)cc1 failed to sanitize.
16:49:15 <INFO> Sampled SMILES c1ccc([N+](=O)[O-])c(Cl)c1Cl=Nc1ccc(Cl)cc1 failed to sanitize.
16:49:15 <INFO> Sampled SMILES N#CCc1ccc(OCC)c(N=Nc2ccc([N+]([O-])=O)cc2)cc1 failed to sanitize.
16:49:15 <INFO> Sampled SMILES c1(OC)cccc(N=Nc2[nH]c(-c3c(Cl)cccc3)nc(N)c2CN)c1 failed to sanitize.
16:49:15 <INFO> Sampled SMILES N(c1cc(C)c(N=Nc(CC)c(C)c1)CCO)CC failed to sanitize.
16:49:15 <INFO> Sampled SMILES Nc1c(Cl)cc([N+](=O)[O-])c(C=O)c(N)c1N=Nc1c(C(F)(F)F)cccc1C#N failed to sanitize.
16:49:15 <INFO> Sampled SMILES N(=Nc1cnc(N(CC)CC)c(N=Nc2c(C)cc([N+]([O-])=O)cc2O)s1)CC failed to sanitize.
16:49:15 <INFO> Sampled SMILES N(=Nc1ccc(N(CC)CC)cc1)(C#N)CC failed to sanitize.
16:49:15 <INFO> Sampled SMILES c1(F)c(F)c(N=Nc2ccc(NCCC#N)cc2)c(F)c1F failed to sanitize.
16:49:15 <INFO> Sampled SMILES c1(F)ccccc(N=Nc2ccc(N(CC)CC)cc2)c1 failed to sanitize.
16:49:15 <INFO> Sampled SMILES c1ccc(Oc2cncc(N=Nc3scc(CC)c3)n2)c1 failed to sanitize.
16:49:15 <INFO> Sampled SMILES c1cc(N=Nc2c(C)nn(C)c2C)c2c(cc1[N+](=O)[O-])OCCO2 failed to sanitize.
16:49:15 <INFO> Sampled SMILES c1(N=Nc2ccc(C(C)=O)cc2)cccc1C(=O)C#C failed to sanitize.
16:49:15 <INFO> Sampled SMILES c1(N=Nc2[nH]c3ccccc3c3ccccc32)ccc(N(C)C)cc1C failed to sanitize.
16:49:15 <INFO> Sampled SMILES c1c(N=Nc2ccc(C#N)ccc2)scc1 failed to sanitize.
16:49:15 <INFO> Sampled SMILES c1ccc(N(CC)CC)c(OC)cc1 failed to sanitize.
16:49:15 <INFO> Sampled SMILES c1(C)n(-c2cccc(N=Nc3ccc(OC)cc3)c2)c(C)n1C failed to sanitize.
16:49:15 <INFO> Sampled SMILES c1(N=Nc2cccc(C(O)=O)c2)cc2c(c1)N(CCC#N)CCC2 failed to sanitize.
16:49:15 <INFO> Sampled SMILES c1(C)ccc(Cl)cc1N=Nc1c(C)c(C#N)c(N#N=C=Nc2ccccc2)c1 failed to sanitize.
16:49:15 <INFO> Sampled SMILES c1(N=Nc2c(N3CCCCC3)cccc2)ccc(C(C)=O)c1 failed to sanitize.
16:49:15 <INFO> Sampled SMILES N(c1sc(S(c2ccc([N+](=O)[O-])cc2)(=O)=O)cn1)=N[n+] failed to sanitize.
16:49:15 <INFO> Sampled SMILES c1(N(CCC#N)CCO)cc(C)c(N=Nc2ccc([N+](=O)[O-])cc2)c1O failed to sanitize.
16:49:15 <INFO> Sampled SMILES c1(C)c(N=Nc2ccc(Br)cc2)c(C=O)c(-c2cccnc2)c1C failed to sanitize.
16:49:15 <INFO> Sampled SMILES N(=Nc1c(F)c2[nH]c3ccccc3sc2c2sc(NCCC#N)cc1N=Nc1c(Cl)cc([N+]([O-])=O)cc2)ccc1 failed to sanitize.
16:49:15 <INFO> Sampled SMILES c1cc(Br)ccc1-c1Nc(C)c(N=Nc2ccccc2)c(C)c1 failed to sanitize.
16:49:15 <INFO> Sampled SMILES N(=N#CCCC(=O)OCc1ccccc1)(C)C failed to sanitize.
16:49:15 <INFO> Sampled SMILES C(c1c(N=Nc2ccc(N(C)C)cc2)ccc2c1c(-c1n)ccc1)=NC(=O)N=N2 failed to sanitize.
16:49:15 <INFO> Sampled SMILES c1(N=Nc2c(Cl)cccc2)oc(C)c(=O)c1C failed to sanitize.
16:49:15 <INFO> Sampled SMILES c1cc(N(CC)CC)c(N=Nc2ccc([N+]([O-])=O)cc2)ccc1 failed to sanitize.
16:49:15 <INFO> Sampled SMILES FC(F)(F)c1c(N=Nc2c(N3CCCCC3)c(C)s2)ccc(F)c1 failed to sanitize.
16:49:15 <INFO> Sampled SMILES c1cc(OC)c(N=Nc2ccc(O)cc2)ccc1 failed to sanitize.
16:49:15 <INFO> Sampled SMILES C1N(c2sc(N=Nc3cc(Br)cc4[nH]ccc34)cc2)=CCCC2(C1)OCCO2 failed to sanitize.
16:49:15 <INFO> Sampled SMILES c1cccc2c(Cl)c(N=Nc3c(O)cc(N)c(OC)c3)cc12 failed to sanitize.
16:49:15 <INFO> Sampled SMILES c1(N=Nc2ccc3c(c2)CCCN3)cc(OC)cc1N=Nc1ccccc1 failed to sanitize.
16:49:15 <INFO> Sampled SMILES c1(N=Nc2c(Cl)cccc2)sc(C(=O)OCC)c(N=Nc2ccc(C)cc2)c1(F)(F)F failed to sanitize.
16:49:15 <INFO> Sampled SMILES c1cc(N(CCO)CCC#N)cc(C(O)C)c(N=Nc2cc(C(F)(F)F)cnc2N(C)C)c1 failed to sanitize.
16:49:15 <INFO> Sampled SMILES c1(C(C)(C)C)cc(C(C)(C)C)cc(N=Nc2c(O)n(-c3ccccc3)c(C)c(NC(CCO)CCBr)c2OC)c1 failed to sanitize.
16:49:15 <INFO> Sampled SMILES N#Cc1c[nH]Oc2ccc(NCCC#N)ccc12 failed to sanitize.
16:49:15 <INFO> Sampled SMILES c1(Cl)c(C(N)=N=Nc2ccc(O)c(-c3ccccc3)c2)c(O)c(N=[nH]c2ccc([N+]([O-])=O)cc2)c1O failed to sanitize.
16:49:15 <INFO> Sampled SMILES c1(N=Nc2sccn2)sccc1=O failed to sanitize.
16:49:15 <INFO> Sampled SMILES N(c1c(C)cc(N(CCN(CC)CC)CC)nc(N(CC)CC)n1)=Nc1c(Cl)cc([N+]([O-])=O)cc1C#N failed to sanitize.
16:49:15 <INFO> Sampled SMILES c1(C(F)(F)F)ccc(N=Nc2c(C)cc([N+]([O-])=O)cc2)c1C failed to sanitize.
16:49:15 <INFO> Sampled SMILES c1ccc(C(O)Cc2nc(-c3cc(O)cc(O)c3)no2)c1 failed to sanitize.
16:49:15 <INFO> Sampled SMILES c1(OC)ccc(N=Nc2ccc(C(F)(F)F)cc2)c1 failed to sanitize.
16:49:15 <INFO> Sampled SMILES c1(NC2CCOCC2)nc(C)s1 failed to sanitize.
16:49:15 <INFO> Sampled SMILES C(c1cc(N=Nc2ccc([N+](=O)[O-])cc2)c2[nH]c(=O)ccc2=O)c(OC)c1 failed to sanitize.
16:49:15 <INFO> Sampled SMILES Brc1cc(N=Nc2c(C)n[nH]c2C)nc(O)[nH]1 failed to sanitize.
16:49:15 <INFO> Sampled SMILES c1(O)n(-c2ccc(N=Nc3scc(-c4ccc(Cl)cc4)n3)cc2C)cn1 failed to sanitize.
16:49:15 <INFO> Sampled SMILES N(=Nc1c(F)c2[nH]c3ccccc3nc2c(Nc2ccccc2)n(C)n1)c1cccc([N+](=O)[O-])c1 failed to sanitize.
16:49:15 <INFO> Sampled SMILES c1c2cnccc2cc1N=Nc1ccc(Cl)cc1 failed to sanitize.
16:49:15 <INFO> Sampled SMILES N(c1nc(-c2ccccc2)c(N=Nc2c(-c3ccccc3)n(C)s2)c1C)c1ccccc1 failed to sanitize.
16:49:15 <INFO> Sampled SMILES n1c(N=Nc2c(N3CCCCC3)c(C)s2)cccc1 failed to sanitize.
16:49:15 <INFO> Sampled SMILES F1(F)(F)c2cccc(N=Nc3c(C)cccc3)c2n1 failed to sanitize.
16:49:15 <INFO> Sampled SMILES C1Nc2c(sc3ccccc22)-c2c(O)cc([N+]([O-])c3)c(=O)=c2CC21CCCCCCCClClCl failed to sanitize.
16:49:15 <INFO> Sampled SMILES c1c(N=Nc2sc(N=O)s2)ccc(C(F)(F)F)c1 failed to sanitize.
16:49:15 <INFO> Sampled SMILES Oc1ccc2[nH]c(-c3ccccc3)c(O)c2N1 failed to sanitize.
16:49:15 <INFO> Sampled SMILES C(N#N)NC(=O)c1ccc(N(C)C)cc1N=Nc1c(C#N)cc(C#N)cc1C#N failed to sanitize.
16:49:15 <INFO> Sampled SMILES c1(C(F)(F)F)ccc(N=Nc2c(C)c(C)c(NCCCO)c2)cc1 failed to sanitize.
16:49:15 <INFO> Sampled SMILES N#Cc1c(NC(=O)CCCNC(=O)c2cccs2)sc(N)nc1N failed to sanitize.
16:49:15 <INFO> Sampled SMILES c12c(c(N=Nc3nnc(C)s3)c3ccccc3)cccc2c(=O)o1 failed to sanitize.
16:49:15 <INFO> Sampled SMILES C1CCN(c2c(N=Nc3cn[nH]c3)ccc2C)CC1 failed to sanitize.
16:49:15 <INFO> Sampled SMILES c1(N=Nc2ccc(N(CC)CC)cc2)[nH]nc1C failed to sanitize.
16:49:46 <INFO> Sampled SMILES O=[N+]([O-])c1cccc(N=Nc2c(N)c(N(CC)CC)c(N=Nc3sc[nH]n2)c2cccnc23)c1 failed to sanitize.
16:49:46 <INFO> Sampled SMILES N(=Nc1c(OC)cc(NCCC#N)cc1)=Nc1c(C(C)C)c(C)c(C)c(C)c1C failed to sanitize.
16:49:46 <INFO> Sampled SMILES c1(Br)c(Br)ccc1N=Nc1n(CC)cc(SCCCN)c1C failed to sanitize.
16:49:46 <INFO> Sampled SMILES c1ccc2c(ccccc2N=Nc2c(O)n(CC)c(=O)c(C#N)c2C)c1 failed to sanitize.
16:49:46 <INFO> Sampled SMILES c1(N=Nc2c(F)c3c(c(F)c2F)Sc2ccccc2S3)ccc(N(C)C)c1C failed to sanitize.
16:49:46 <INFO> Sampled SMILES CC(C)c1nc(-c2ccc(C(=O)O)cc2C)c(O)[nH]c1 failed to sanitize.
16:49:46 <INFO> Sampled SMILES c1(Cl)c(N=Nc2c(Cl)cccc2Cl)c(Br)cc1[N+](=O)[O-] failed to sanitize.
16:49:46 <INFO> Sampled SMILES c1c([N+](=O)[O-])ccc(N=Nc2c(N3CCCC3)nc(S(C)(=O)=O)n2C)cc1 failed to sanitize.
16:49:46 <INFO> Sampled SMILES c1(C(=O)N(c2ccccc2)C(C)C)c[nH]c(=O)c1N failed to sanitize.
16:49:46 <INFO> Sampled SMILES c12c(nc(N=Nc3n[nH]cc3)c3ccccc3)cccc2c(C)c1N failed to sanitize.
16:49:46 <INFO> Sampled SMILES N(c1cccc(F)c1C)=Nc1c(C)c(C#N)c(C)c1C#N failed to sanitize.
16:49:46 <INFO> Sampled SMILES c1(Cn2c(=O)[nH]c(=O)c(N=Nc3nc4ccccc4n3-c3ccccc3)n2)c(C)n[nH]1 failed to sanitize.
16:49:46 <INFO> Sampled SMILES c1cc(C(c2ccc(N=Nc3ccc(N4CCCC4)cc3)cc2)n)ccc1 failed to sanitize.
16:49:46 <INFO> Sampled SMILES c1(C#N)c(N=Nc2c(Cl)cc([N+]([O-])=O)cc2)c(C)o1CCC#N failed to sanitize.
16:49:46 <INFO> Sampled SMILES c1ccc2c(cccc(N=Nc3c4n(ccn4)c(N)c3C)c2)c1 failed to sanitize.
16:49:46 <INFO> Sampled SMILES C(Cl)SCCC(=NNc1ccc(Br)cc1)=O failed to sanitize.
16:49:46 <INFO> Sampled SMILES [O-][N+](=O)c1c(C(OCC)=O)cc(-c2ccc(N=Nc3ccc(N=Nc4ccc(O)cc4)cc3)cc2)c1 failed to sanitize.
16:49:46 <INFO> Sampled SMILES C(#c)c(N=Nc1scc(C(NCC)CC)c1C#N)c1ccccc1 failed to sanitize.
16:49:46 <INFO> Sampled SMILES N(c1ccc([N+](=O)[O-])cc1)n failed to sanitize.
16:49:46 <INFO> Sampled SMILES FC(c1cn(Cc2ccccc2)c2n(CCCCCl)c2c1)=O failed to sanitize.
16:49:46 <INFO> Sampled SMILES c1cc2n(n1)CCN(CCCCO)(CCOCCC#N)C2 failed to sanitize.
16:49:46 <INFO> Sampled SMILES N(=Nc1ccc(F)cc1)=Nc1ccc(OC)cc1 failed to sanitize.
16:49:46 <INFO> Sampled SMILES C1OCCN(c2c(N=Nc3c(C(Cl)=O)cc([N+](=O)[O-])ccc3[N+](=O)[O-])n[nH]2)CC1 failed to sanitize.
16:49:46 <INFO> Sampled SMILES c1c(OCC)cc(N=Nc2ccc([N+]([O-])=O)cn2)ccc1 failed to sanitize.
16:49:46 <INFO> Sampled SMILES c1ccc2c(O)cccc2cc1N=Nc1ncsc1 failed to sanitize.
16:49:46 <INFO> Sampled SMILES c1(N=Nc2cc(OC)ccc2)cccc1C=O failed to sanitize.
16:49:46 <INFO> Sampled SMILES C(N#NCCN1CCOCC1)c1ccccc1 failed to sanitize.
16:49:46 <INFO> Sampled SMILES c1(N=Nc2c([N+](=O)[O-])cc(C)cc2Br)c(C#N)ccc1N=Nc1ccc(N(C)C)cc1 failed to sanitize.
16:49:46 <INFO> Sampled SMILES c1(N=Nc2sc(N3CC3)c(C(N)=O)c3ccccc23)c(C)nn1C failed to sanitize.
16:49:46 <INFO> Sampled SMILES c1(N=Nc2c(O)nc(N)c(N=Nc3ccc([N+]([O-])=O)cc3)c(C#N)c2)cccc(NC2CC2)c1 failed to sanitize.
16:49:46 <INFO> Sampled SMILES c1([N+]([O-])=O)cc(OC)c(N=Nc2c(C)cc(N(CCO)CCC#N)cc2)c1C failed to sanitize.
16:49:46 <INFO> Sampled SMILES n1cnc(N=Nc2c(C#N)c(C)c(C)c(N(CC)CC)c2)c1 failed to sanitize.
16:49:46 <INFO> Sampled SMILES OC(c1ccc(N=Nc2c(C)c(C#N)c(=O)n(C)c2C)cc1)(C)(C)C failed to sanitize.
16:49:46 <INFO> Sampled SMILES c1(N=Nc2ccccc2[N+]([O-])=O)cc([N+]([O-])=O)cc1O failed to sanitize.
16:49:46 <INFO> Sampled SMILES C1=c2ccccc2N=Nc1S(=O)(=O)NCc1ccc(C(=O)OC)cc1 failed to sanitize.
16:49:46 <INFO> Sampled SMILES c1cc[nH]c(C#N)c1 failed to sanitize.
16:49:46 <INFO> Sampled SMILES c1ccc2c(cnn)c2nn1 failed to sanitize.
16:49:46 <INFO> Sampled SMILES Cl(Br)c1c(N=Nc2cccnc2)sc(N=Nc2c(Cl)cc([N+](=O)[O-])cc2)cc1 failed to sanitize.
16:49:46 <INFO> Sampled SMILES c1c2c(ccc1[N+](=O)[O-])nc(N=Nc1sc(N)sc12)c1ccccc1 failed to sanitize.
16:49:46 <INFO> Sampled SMILES c1(Cl)c(N=Nc2ccc(C(F)(F)F)cc2)ccc1O failed to sanitize.
16:49:46 <INFO> Sampled SMILES c1(O)cc(O)ccc1N=Nc1sc(NCCOS(=O)(=O)C2CC2)n1 failed to sanitize.
16:49:46 <INFO> Sampled SMILES c1([N+](=O)[O-])cc(N=Nc2c(Br)cc(NCCOS(=O)(=O)C)c2)ccc1 failed to sanitize.
16:49:46 <INFO> Sampled SMILES c1(O)cccc(N=Nc2c(C)c(CCl)cc2)c1 failed to sanitize.
16:49:46 <INFO> Sampled SMILES Nc1c(C)[nH]cc(=O)c1C=NNc1c(C(F)(F)F)cc(C(F)(F)F)cc1C#N failed to sanitize.
16:49:46 <INFO> Sampled SMILES C(c1c(=O)n(CCCO)CC(F)(F)C(F)(F)F)ccc1 failed to sanitize.
16:49:46 <INFO> Sampled SMILES c1cc2noc(CNCC3=NCCCN3C)c(=O)c2cc1Cl failed to sanitize.
16:49:46 <INFO> Sampled SMILES N(=Nc1cnn2cccc12)c1cccc(N=Nc2ccc(OC)cc2)c1 failed to sanitize.
16:49:46 <INFO> Sampled SMILES c1c2scc(N=Nc3ccc(N4CCCC4)c(C)c3)c2cn1 failed to sanitize.
16:49:46 <INFO> Sampled SMILES N(c1cc([N+]([O-])=O)cc(C#N)cc1)=Nc1cc(C#N)ccc1 failed to sanitize.
16:49:46 <INFO> Sampled SMILES Cn1cc2c(N=Nc3nc4c(n3)CCC4)cccc2n1 failed to sanitize.
16:49:46 <INFO> Sampled SMILES n1nc(C)c(N=Nc2c(O)cc(C(O)CC)cc2)c1C failed to sanitize.
16:49:46 <INFO> Sampled SMILES c1(-c2ccc(NC(C)=O)cc2)ccc(NCCC#N)c1 failed to sanitize.
16:49:46 <INFO> Sampled SMILES [O-]#Cc1c(N=Nc2ccc(N(CC)CCO)cc2)c(Cl)ccc1[N+](=O)[O-] failed to sanitize.
16:49:46 <INFO> Sampled SMILES c1(C)c(NCCC#N)cc(N=Nc2ccc(Br)cc2)c1C failed to sanitize.
16:49:46 <INFO> Sampled SMILES c1(N=Nc2ccc(N(CCC#N)CCO)cc2C)c(OC)c(C(C)C)cc1N=Nc1ccc(S(C)(=O)=O)cc1 failed to sanitize.
16:49:46 <INFO> Sampled SMILES c1(O)n(-c2ccc(S(=O)(O)C)cc2)c(C)n(CCC(=O)C)c1 failed to sanitize.
16:49:46 <INFO> Sampled SMILES c1(N(CCO)CCC#N)ccFc(N=Nc2ccc(C(F)(F)F)cc2)c1 failed to sanitize.
16:49:46 <INFO> Sampled SMILES O=[N+](c1ccc(N=Nc2c(NCCC)c(N=N)[nH]c2cc)c(Cl)c1)c1ccccc1 failed to sanitize.
16:49:46 <INFO> Sampled SMILES c1(N(C)C)ncc(N=Nc2c(-c3ccccc3)cc(C(OC)=O)cc2OCO)c1 failed to sanitize.
16:49:46 <INFO> Sampled SMILES c1c2n[nH]cc2cc1N=Nc1c(F)c(F)cc(F)c1F failed to sanitize.
16:49:46 <INFO> Sampled SMILES N(=Nc1cc(C)c(N=Nc2ccccc2C)cc1)=O failed to sanitize.
16:49:46 <INFO> Sampled SMILES c1(O)ccc(C)c(N=Nc2c(C)n(C)n(-c3ccccc3)c2O)c1 failed to sanitize.
16:49:46 <INFO> Sampled SMILES N(=Nc1ccc(F)cc1)=Nc1ccc(NC(=O)COCC)cc1 failed to sanitize.
16:49:46 <INFO> Sampled SMILES C(c1c(=O)Nc2c(F)cc(F)cc2F)sc1N=Nc1c(Br)cc([N+]([O-])=O)cc1C#N failed to sanitize.
16:49:46 <INFO> Sampled SMILES c1(N(CCC#N)CCO)cc(O)cc1N=Nc1ccc(C#N)cc1 failed to sanitize.
16:49:46 <INFO> Sampled SMILES N(c1c(OC)cccc1)=Oc1ccc(C#N)cc1 failed to sanitize.
16:49:46 <INFO> Sampled SMILES c1(N=Nc2c(C)cc(N(CCC#N)CCC#N)ccc2C)c(O)cc(C(O)C)c1 failed to sanitize.
16:49:46 <INFO> Sampled SMILES C([S+](C)C)c1ncc(N=Nc2cc(C#N)cc3c(c2)NCCN3C)s1 failed to sanitize.
16:49:46 <INFO> Sampled SMILES c1cc2c(cccc2N=Nc2c(O)n(Cc3ccc([N+](=O)[O-])cc3)c(=O)c2C=O)cc1 failed to sanitize.
16:49:46 <INFO> Sampled SMILES c1(N=Nc2ccc(OC)c(OC)c2)cc2ncccc2c1 failed to sanitize.
16:49:46 <INFO> Sampled SMILES CCN(CC)c1nc(N2CCC(O)(O)C(F)(F)C2)cc(C(=O)=C)c1 failed to sanitize.
16:49:46 <INFO> Sampled SMILES c1cccc(N2=Nc3(c(C)c(C(OC)=O)cc3C=O)CCCCC2)c1C failed to sanitize.
16:49:46 <INFO> Sampled SMILES C(#C)(c1cc(N=Nc2ccc(Br)cc2)ccc1)CCCC#N failed to sanitize.
16:49:46 <INFO> Sampled SMILES c12c(c(N=Nc3nncs3)s1)cccc2 failed to sanitize.
16:49:46 <INFO> Sampled SMILES c1(F)cccc(Cl)c1N=Nc1c(ccccc1)c1ccc(O)cc1 failed to sanitize.
16:49:46 <INFO> Sampled SMILES c1(N=N=Nc2ccc(Br)cc2)ccccc1 failed to sanitize.
16:49:46 <INFO> Sampled SMILES n1(C)c(N=Nc2ccccc2)cncc1 failed to sanitize.
16:49:46 <INFO> Sampled SMILES c1ccccc1N=Nc1cccn1 failed to sanitize.
16:49:46 <INFO> Sampled SMILES C(CN(c1ccc(N=Nc2c(-c3ccccc3)c(C(=O)OC)cc2)cc1)CCC#N)O failed to sanitize.
16:49:46 <INFO> Sampled SMILES c1c(N(C)CC)ccc(N=Nc2ccc(C(C)=O)cc2)cc1 failed to sanitize.
16:49:46 <INFO> Sampled SMILES N(=Nc1cnc(NCCOS(=O)(=O)C)c(C)s1)c1ccc(N=Nc2ccc(N(CC)CC)cc2)cc1 failed to sanitize.
16:49:46 <INFO> Sampled SMILES c1(=O)c(N=Nc2scnn2)c(C)n[nH]1 failed to sanitize.
16:49:46 <INFO> Sampled SMILES c1cc2nc(N=Nc3c(O)n(C)c(C)cn3)sc2c1 failed to sanitize.
16:49:46 <INFO> Sampled SMILES c1(N=Nc2nc(OC)c(OC)cc2Br)c(C#N)c(C#N)cc1 failed to sanitize.
16:49:46 <INFO> Sampled SMILES c1(Cl)c(N=Nc2c(=O)[nH]c(-c3ccccc3)c3c(N)cBr3)cccc2c1 failed to sanitize.
16:49:46 <INFO> Sampled SMILES c1c(F)cc(F)cc(N=Nc2c(C)onc2C)c1 failed to sanitize.
16:49:46 <INFO> Sampled SMILES C1CCN(c2c(N=Nc3ccc(N(CC)CC)cc3)ccc2C)CC1 failed to sanitize.
16:49:46 <INFO> Sampled SMILES c1(N=Nc2c(C)nn(-c3ccc(C)cc3)c2=O)c(C)nn1C failed to sanitize.
16:49:46 <INFO> Sampled SMILES c1c(N=Nc2c(C)c(C(N(=O)C(C)C)ccc2F)c2ccccc2)cccc1 failed to sanitize.
16:49:47 <INFO> Sampled SMILES c1(N=Nc2ccc(C(C)=O)cc2)c(C)cc(N(CC)CC)c1 failed to sanitize.
16:49:47 <INFO> Sampled SMILES FS(F)(F)(F)C=N=Nc1c(Br)cc([N+](=O)[O-])cc1Br failed to sanitize.
16:49:47 <INFO> Sampled SMILES c1cc(N(CCO)CCO)cc(C(O)C)c(OCC)c1 failed to sanitize.
16:49:47 <INFO> Sampled SMILES Cc1c(NC(=O)c2cc(Cl)cc([N+](=O)[O-])c2O)ccc([N+](=O)[O-])cc1Cl failed to sanitize.
16:49:47 <INFO> Sampled SMILES c1(N=Nc2sc(NCCBr)c(C(=O)OCC)c2-c2ccccc2)c(C)n[nH]1 failed to sanitize.
16:49:47 <INFO> Sampled SMILES Oc1c(-c2ccccc2)coc2c1CCCC2 failed to sanitize.
16:49:47 <INFO> Sampled SMILES C1CCc2cccc(NCC3(N4CCCCC4)CCCC3)c2(N)C1 failed to sanitize.
16:49:47 <INFO> Sampled SMILES N(c1c(C#N)c(C)c(N=Nc2c(Br)cc([N+]([O-])=O)cc2[N+]([O-])=O)s1)CC[N+]([O-])(C)=O failed to sanitize.
16:49:47 <INFO> Sampled SMILES c1(N=Nc2ccc([N+](=O)[O-])cc2C(F)(F)F)c(C)sc1N=Nc1c(C)cccc1 failed to sanitize.
16:49:47 <INFO> Sampled SMILES C(c1c(=O)n(CCCOc2ccc(C(N)=O)cc2)c2ccc(OC)cc2)[nH]c1=O failed to sanitize.
16:49:47 <INFO> Sampled SMILES Oc1c(N=Nc2c(C)onc2C)ccc(F)cc1 failed to sanitize.
16:49:47 <INFO> Sampled SMILES c1c(N=Nc2ccc(C(O)=O)cc2)c2ccccc2c(N=Nc2c(Br)cc([N+]([O-])=O)[O-])ccc2c1 failed to sanitize.
16:49:47 <INFO> Sampled SMILES c12c(cccc1)c(N=Nc1nnc(-c3ccccc3)s1)c(C#N)c2C failed to sanitize.
16:49:47 <INFO> Sampled SMILES c1(N=Nc2c(N)cc(C(F)(F)F)cc2)c(C)no1 failed to sanitize.
16:49:47 <INFO> Sampled SMILES N(c1c(C)cccc1)=Oc1ccc(N(CCC#N)CCO)cc1 failed to sanitize.
16:49:47 <INFO> Sampled SMILES c1(N=Nc2cccc(O)c2)scc1SC failed to sanitize.
16:49:47 <INFO> Sampled SMILES c1(N=Nc2cc(C)c(N(CCO)CCO)cc2)cc(Br)cc1[N+](=O)[O-] failed to sanitize.
16:49:47 <INFO> Sampled SMILES N(=Nc1ccc(Br)cc1)=Nc1ccc(O)cc1 failed to sanitize.
16:49:47 <INFO> Sampled SMILES FC(c1cc(N=Nc2c(Br)cc([N+]([O-])=O)cc2Br)cs1)Cn failed to sanitize.
16:49:47 <INFO> Sampled SMILES N(c1cc([N+]([O-])=O)cc(C#N)cc1)=Nc1c(C)ccc(C)c1 failed to sanitize.
16:49:47 <INFO> Sampled SMILES N(=Nc1cnn2cccc12)c1ccccc1 failed to sanitize.
16:49:47 <INFO> Sampled SMILES c1(N(CCC#N)CCO)cc(C)c(N=Nc2ccc(C(=O)C)cc2)c1C(=O)OC(C)(C)C failed to sanitize.
16:49:47 <INFO> Sampled SMILES O(c1c(O)cc(N=Nc2ccc(N(C)C)cc2)c1)C failed to sanitize.
16:49:47 <INFO> Sampled SMILES c1(C(N(CCCO)CCC#N)c2ccccc2)c(OC)cc(OC)c1 failed to sanitize.
16:49:47 <INFO> Sampled SMILES O(C(F)(CC)c1ccccc1)(CC#N)CC failed to sanitize.
16:49:47 <INFO> Sampled SMILES Fc1cc(C(O)C)cc(N=Nc2c(O)cccc2)cc1 failed to sanitize.
16:49:47 <INFO> Sampled SMILES C#Cc1cccc(N(CC)C(=O)Cc2sc(NC(C)=O)n2)c1 failed to sanitize.
16:49:47 <INFO> Sampled SMILES c1(N=Nc2sc(C)cn2)c2ccccc2nc1Br failed to sanitize.
16:49:47 <INFO> Sampled SMILES c1(N=Nc2c(F)cc(C(OCC)=O)ccc2F)c(F)c(F)c(F)c(F)c1F failed to sanitize.
16:49:47 <INFO> Sampled SMILES c1(-c2noc(Cc3ccccc3)n2)cccc1N=Nc1ccc(N(C)C)cc1 failed to sanitize.
16:49:47 <INFO> Sampled SMILES c1cc2c3c(cccc3)c(N=Nc3sc4ncnc(O)c34)c(O)c2o1 failed to sanitize.
16:49:47 <INFO> Sampled SMILES c1(Cl)c(N=Nc2ccc(O)cc2)ccc1Br failed to sanitize.
16:49:47 <INFO> Sampled SMILES C(F)(F)FNc1c(N2CCSCC2)ncs1 failed to sanitize.
16:49:47 <INFO> Sampled SMILES c1(C#N)cNc(N=Nc2c(O)n(-c3ccc(S(=O)(=O)O)cc3)nc2C)cc1 failed to sanitize.
16:49:47 <INFO> Sampled SMILES c1(CC)c(N=Nc2ccccc2)cs1 failed to sanitize.
16:49:47 <INFO> Sampled SMILES c1c(N=Nc2c(C)onc2C)ccc(C(F)(F)F)cc1 failed to sanitize.
16:49:47 <INFO> Sampled SMILES Oc1c(-c2cccs2)ccc(F)cc1F failed to sanitize.
16:49:47 <INFO> Sampled SMILES c1(F)c(N=Nc2c(OC)cc(N(CC)CC)cc2)ccc1[N+](=O)[O-] failed to sanitize.
16:49:47 <INFO> Sampled SMILES C(N(c1ccccc1)(c1ccccc1)c1ccc(N(CC)CC)cc1)C failed to sanitize.
16:49:47 <INFO> Sampled SMILES c1(N=Nc2ccc(OC)cc2)scc1N=Nc1c(C)c(C#N)c(NC)n1 failed to sanitize.
16:49:47 <INFO> Sampled SMILES c1cc(NC(C)=O)ccc1N=Nc1c(O)n(-c2ccccc2)c(C(=O)OCC)c(=O)[nH]1 failed to sanitize.
16:49:47 <INFO> Sampled SMILES c1(C)c(N(CC2=Nc3c(N)cccc3)CC2)c2cccc3c2n(c1)CCN3CCC failed to sanitize.
16:49:47 <INFO> Sampled SMILES N(c1nc(N=Nc2sccc2)c2c(C)cccc2c([O-])c1O)CCCN(CC)CC failed to sanitize.
16:49:47 <INFO> Sampled SMILES O=[N+]([O-])c1cc([N+]([O-])=O)c(N=Nc2sc(NCCSSC)n(-c3ccc(OC)cc3)c2)c(Cl)c1 failed to sanitize.
16:49:47 <INFO> Sampled SMILES N(=Nc1[nH]c(C)c(C)c1C)=Nc1c(C)cccc1 failed to sanitize.
16:49:47 <INFO> Sampled SMILES c1(N=Nc2c(C)cc(N(CCC#N)CCC#N)ccc2C)ccc(OC)cc1 failed to sanitize.
16:49:47 <INFO> Sampled SMILES N(=Nc1ccc(Br)cc1)=Nc1cc(C)ccc1 failed to sanitize.
16:49:47 <INFO> Sampled SMILES c1cccc(N=Nc2ccc3oc(-c4ccccc4)nc23)c1 failed to sanitize.
16:49:47 <INFO> Sampled SMILES c1cc(N=Nc2cc(Cl)ccc2)ccc1C(=O)=Nc1ccc(N(C)C)cc1 failed to sanitize.
16:49:47 <INFO> Sampled SMILES c1c(-c2c(N=Nc3sc(CCO)Sc3C)ccc(O)c2O)cccc1 failed to sanitize.
16:49:47 <INFO> Sampled SMILES C(N(CCCl)c1ccc(N=Nc2c(C)cccc2)cc1)C(O)(C(O)CC)(CC)C#N failed to sanitize.
16:49:47 <INFO> Sampled SMILES c1(C)cc(N(CCC#N)CCO)ccc(N(c2ccccc2)C)c1 failed to sanitize.
16:49:47 <INFO> Sampled SMILES c1c2nc(N=NCCC#N)sc2cc1OC failed to sanitize.
16:49:47 <INFO> Sampled SMILES c1(Cl)ccccc1N=Nc1c([nH])n[nH]1 failed to sanitize.
16:49:47 <INFO> Sampled SMILES N(=Nc1ccc(Oc2ccccc2)cc1)=Nc1ccc([N+](=O)[O-])cc1 failed to sanitize.
16:49:47 <INFO> Sampled SMILES c1Nc2c(C)cccc2nn1C failed to sanitize.
16:49:47 <INFO> Sampled SMILES c1(N=Nc2ccccc2)nc(C)s1 failed to sanitize.
16:49:47 <INFO> Sampled SMILES c1(C)c(=O)c(N=Nc2ccc(N(C)C)cc2)c(O)n(-c2ccccc2)c1=O failed to sanitize.
16:49:47 <INFO> Sampled SMILES c1(N=Nc2nc(S(C)=O)sc2C)c(C)n[nH]c1=O failed to sanitize.
16:49:47 <INFO> Sampled SMILES FC(F)(F)c1cc(N=Nc2c(N(C)C)ccnc2snn1)c1ccccc1 failed to sanitize.
16:49:47 <INFO> Sampled SMILES N(c1c(C)cc(N(CCOC(C)C)CC)ccc1C)=O failed to sanitize.
16:49:47 <INFO> Sampled SMILES N1(CC(=O)C)c2c(cc2N=Nc2ccc(N(CC)CC)cc2)ccc1 failed to sanitize.
16:49:47 <INFO> Sampled SMILES N1(c2ccccc2)c(c=N)c(N=Nc2c(O)cccc2)cc1 failed to sanitize.
16:49:47 <INFO> Sampled SMILES N(CCC#N)(c1cc(C)c(NC(=O)C(C)(C)C)c1)CCC#N failed to sanitize.
16:49:47 <INFO> Sampled SMILES c1(N=Nc2sc(NCCBrS(C)(=O)=O)s2)c2cnn(C)c2n1 failed to sanitize.
16:49:47 <INFO> Sampled SMILES c1(N=Nc2ccccc2)cc(C)nc1N=Nc1c(C)cccc1 failed to sanitize.
16:49:47 <INFO> Sampled SMILES c1(NCCOC)ccc(N=Nc2ccc([N+](=O)[O-])cc2)c1 failed to sanitize.
16:49:47 <INFO> Sampled SMILES c1(F)c(N=Nc2oc(-c3c(Cl)cccc3)n(Cc3ccccc3)c2)c(F)c(F)c1F failed to sanitize.
16:49:47 <INFO> Sampled SMILES Oc1cc(-n2ccccc2)c(O)c(C=Nc2c(F)cc(C#N)cc2F)c1 failed to sanitize.
16:49:47 <INFO> Sampled SMILES N(c1sc(S(=O)=O)c2ccc(N3CCOCC3)cc2)nc1 failed to sanitize.
16:49:47 <INFO> Sampled SMILES c1(C)c(-c2cn(CCCCCCCl)s2)ccn1 failed to sanitize.
16:49:47 <INFO> Sampled SMILES N(c1ccc([N+]([O-])=O)cc1Cl)=Nc1c(Br)cc(NCCC#N)c1 failed to sanitize.
16:49:47 <INFO> Sampled SMILES c1(C)cccc1N=Nc1ccc(N(C)C)cc1 failed to sanitize.
16:49:47 <INFO> Sampled SMILES c12ncc(N=Nc3ccc(N(CC)CC)cc3)c(O)c(=O)2c1 failed to sanitize.
16:50:14 <INFO> Sampled SMILES c1c(-c2nc(-c3cc(OC)ccc3O)no2)ccccc1 failed to sanitize.
16:50:14 <INFO> Sampled SMILES c1c(Oc2ccccc2)ccc(N=Nc2c(OC)cccc2)cc1 failed to sanitize.
16:50:14 <INFO> Sampled SMILES c1(N=Nc2c(OC)cc(C(OCC)CC)ccc2)ccc(Cl)cc1 failed to sanitize.
16:50:14 <INFO> Sampled SMILES c1(N=Nc2c(F)cc(F)cc2F)c(C)c(N=Nc2c(OC)cccc2)cccc1 failed to sanitize.
16:50:14 <INFO> Sampled SMILES c1ccc(N(CC)CCC#N)c(N=Nc2c(Br)cc([N+]([O-])=O)cc2[N+]([O-])=O)s1 failed to sanitize.
16:50:15 <INFO> Sampled SMILES c1c(NC(=O)C)c(O)c(N=Nc2c(O)c(C(=O)OC)c(OC)c2)ccc1 failed to sanitize.
16:50:15 <INFO> Sampled SMILES Cc1cc(N(CCO)CCC#N)c(=O)[nH]c(C)c1 failed to sanitize.
16:50:15 <INFO> Sampled SMILES c1(N=Nc2ccccc2C(F)(F)F)c(C)n[nH]c1=O failed to sanitize.
16:50:15 <INFO> Sampled SMILES c1(N=Nc2c(F)c(F)c(NCCO)c(F)c2F)c(F)ccc1[N+](=O)[O-] failed to sanitize.
16:50:15 <INFO> Sampled SMILES c1c(C(F)(F)F)ccc(O#Nc2ccc(O)cc2)c1=NNCC1CC1 failed to sanitize.
16:50:15 <INFO> Sampled SMILES Br(c1ccc(CO)cc1)=Nc1ccccc1 failed to sanitize.
16:50:15 <INFO> Sampled SMILES c1(C(F)(F)F)cccc1N=Nc1c(F)cc(C(OCC)=O)cc1F failed to sanitize.
16:50:15 <INFO> Sampled SMILES C1(c2c(-c3noc(C4CC4)n3)c[nH]2)CCCCC1 failed to sanitize.
16:50:15 <INFO> Sampled SMILES c1(N=Nc2ccc(Cl)cc2)cc2[nH]cnc2c1 failed to sanitize.
16:50:15 <INFO> Sampled SMILES c1(NC(=O)CSCC)ccc(C(NCCC)c1)c1ccccc1 failed to sanitize.
16:50:15 <INFO> Sampled SMILES [O-]1(C)c2ccc(N=Nc3ccc(N(C)C)cc3)ccc2NC1C failed to sanitize.
16:50:15 <INFO> Sampled SMILES ON(CCC#N)Cc1c(-c2ccccc2)nc(N(CC)CC)n1 failed to sanitize.
16:50:15 <INFO> Sampled SMILES c1([N+]([O-])=O)cc(Br)cc1Oc1c(OC)cccc1 failed to sanitize.
16:50:15 <INFO> Sampled SMILES c1(O)cc(N=Nc2c(C)nn(C)c2C)cccc1 failed to sanitize.
16:50:15 <INFO> Sampled SMILES c1(N=Nc2cccc(N)c2)cc(C)cc1 failed to sanitize.
16:50:15 <INFO> Sampled SMILES c1(F)c(N=Nc2n[nH]cc2)c(C)o1 failed to sanitize.
16:50:15 <INFO> Sampled SMILES Fc1c(F)c(N=Nc2ccc(N(C)C)cc2)cc(N(CCC#N)CCOC)cc1 failed to sanitize.
16:50:15 <INFO> Sampled SMILES Brc1ccccc1N=Nc1cc(OC)c(N=Nc2c(C(N)=O)cccc2)c(C(C)=O)cc1 failed to sanitize.
16:50:15 <INFO> Sampled SMILES c1(N=Nc2ccc(NCCC#N)cc2)c(OC)c(OC)cc1NCCC#N failed to sanitize.
16:50:15 <INFO> Sampled SMILES C(N(CCCl)c1ccc(N=Nc2ccccc2)cc1)Cc1n(C)sc2ccccc12 failed to sanitize.
16:50:15 <INFO> Sampled SMILES c1cc(Nc2ccccc2N=Nc2ccc(N(C)C)cc2)c2c1CCC2 failed to sanitize.
16:50:15 <INFO> Sampled SMILES c1c(C(c2nc(CC)cs2)no1)N=O failed to sanitize.
16:50:15 <INFO> Sampled SMILES c1cc(N(CC)CC)c(N=Nc2sc(C#N)c(C)c2C)ccc1 failed to sanitize.
16:50:15 <INFO> Sampled SMILES Nc1c(N=Nc2c(OC)ccc(OC)c2)ccccc1 failed to sanitize.
16:50:15 <INFO> Sampled SMILES C1CCCN(c2cc(O)n(-c3ccccc3)n2)(C(C)=O)CC1 failed to sanitize.
16:50:15 <INFO> Sampled SMILES c1(N=Nc2c(F)c(F)c3c(c2F)Nc2ccccc2S3)scn1 failed to sanitize.
16:50:15 <INFO> Sampled SMILES C(Oc1cccc(C#N)cc1)=NCCC#N failed to sanitize.
16:50:15 <INFO> Sampled SMILES c1(N(CCC#N)CCO)cc(C)cc1N=Nc1sc2c(c1C)OCCC2 failed to sanitize.
16:50:15 <INFO> Sampled SMILES c1(N=Nc2c(N3CCOCC3)cccc2)c(O)ccccc1 failed to sanitize.
16:50:15 <INFO> Sampled SMILES COc1cc(NC)ccc1OCCCn1c(=O)cc(C([N+](=[N+])[O-])cn1C)C failed to sanitize.
16:50:15 <INFO> Sampled SMILES c1(Cl)ccc(Cl)c1N=Nc1ccc(NCCC#N)cc1 failed to sanitize.
16:50:15 <INFO> Sampled SMILES F(c1cc(Cl)c(N=Nc2c(C)c(C(N)=O)c(=O)n(C)c2)cc1)C failed to sanitize.
16:50:15 <INFO> Sampled SMILES n(c1ccccc1N=Nc1ccccc1)=Nc1ccccc1OC failed to sanitize.
16:50:15 <INFO> Sampled SMILES c1(N=Nc2c(Cl)cc(C)cc2[nH]c2cccnc12)c1ccc(N=Nc2ccccc2)cc1 failed to sanitize.
16:50:15 <INFO> Sampled SMILES c1(S(=O)(=O)(N)CCOCCNCCBr)CCN(CCO)CC1 failed to sanitize.
16:50:15 <INFO> Sampled SMILES c1(-c2ccc(N=Nc3ccc(N(C)C)cc3)cc2)cn[nH]1 failed to sanitize.
16:50:15 <INFO> Sampled SMILES N(c1c(C)n[nH]c1C)=Nc1c(C)n(C)n1 failed to sanitize.
16:50:15 <INFO> Sampled SMILES c1(C#N)c(C)c(N=Nc2ccc(Cl)cc2)cc1C failed to sanitize.
16:50:15 <INFO> Sampled SMILES N(c1nc(-c2ccccc2)s1)C1CCCN(CCC#N)C1 failed to sanitize.
16:50:15 <INFO> Sampled SMILES O=c1oc(-c2cccs2)n(CCCCNC(=O)OCC2c3ccccc3-c3ccccc32)n1 failed to sanitize.
16:50:15 <INFO> Sampled SMILES FC(c1c(N=Nc2ccc(Cl)cc2)c(C)c(N2CCOCC2)n1)C failed to sanitize.
16:50:15 <INFO> Sampled SMILES c1(O)cc(O)c(N=Nc2ccc(OC)cc2)c1 failed to sanitize.
16:50:15 <INFO> Sampled SMILES O(c1cccc(N=Nc2c(C)noc2C)c1)(F)F failed to sanitize.
16:50:15 <INFO> Sampled SMILES c1(Cl)c(N=Nc2c(C)c(C(Cl)=O)ccc2)c2ccc(N3CCOCC3)c(C#N)c2n(c2cccc2)c1 failed to sanitize.
16:50:15 <INFO> Sampled SMILES c1(N=Nc2ccc(OC)cc2)cc2occ(c3nnn(C)c23)cc1 failed to sanitize.
16:50:15 <INFO> Sampled SMILES c1cc(N=Nc2c(OC)cc(OC)cc2OC)c(C#N)ccc1O failed to sanitize.
16:50:15 <INFO> Sampled SMILES c1cc2c(N=Nc3c(C)cccc3)cccc2ccc1 failed to sanitize.
16:50:15 <INFO> Sampled SMILES CN(C)C(=O)c1cc(N=c2ccc(N(CC)CC)cc2)cc(C(C)C)c1 failed to sanitize.
16:50:15 <INFO> Sampled SMILES [O-](c1c(N=Nc2cc(C)c(N(C)C)c(OC)c2)cc2ccccc2)c(O)cc1 failed to sanitize.
16:50:15 <INFO> Sampled SMILES c1cc2nc(N=Nc3c(O)n(-c4cc(S(=O)(=O)N)ccc4N)ccc3[nH]2)s1 failed to sanitize.
16:50:15 <INFO> Sampled SMILES c1c(N=Nc2c3ccccc3n2C)cccc1 failed to sanitize.
16:50:15 <INFO> Sampled SMILES c1(N(C)CCOCCO)ccc(N=Nc2cccc(C#N)c2)c1C failed to sanitize.
16:50:15 <INFO> Sampled SMILES FC(F)(F)c1cc(CN=Cc2c(Br)ccc([N+]([O-])=O)c2)c(OC)c1 failed to sanitize.
16:50:15 <INFO> Sampled SMILES C(C)N(c1cc(OC)c(N=Nc2c(Cl)(cc3ccccc3)c(=O)oc2c1)CC)c1nc(C(=O)O)cs1 failed to sanitize.
16:50:15 <INFO> Sampled SMILES C1CCN(c2ccc3nc4c(cc3cc2)NC(=O)C4)CCN1C failed to sanitize.
16:50:15 <INFO> Sampled SMILES N(C(C)(C)C)C(c1c(C#N)c(C#N)c(N=Nc2ccc(Br)cc2)c1)=O failed to sanitize.
16:50:15 <INFO> Sampled SMILES c1cccc2c1c(O)ccc(N=Nc2cc(C)c3ncccc3c1)c1 failed to sanitize.
16:50:15 <INFO> Sampled SMILES n1nc(C)c(N=Nc2cc(OC)c(N(CC)CC)cc2)c1C failed to sanitize.
16:50:15 <INFO> Sampled SMILES c1(N=Nc2c(OC)cc(SC)ccc2C)cc(C(C)(C)C)cc1N=Nc1c(C)cccc1 failed to sanitize.
16:50:15 <INFO> Sampled SMILES c1c(N=Nc2c(C)nn(C)c2C)ccc(CC)cc1 failed to sanitize.
16:50:15 <INFO> Sampled SMILES C(N(C)C)c1ccc(-c2ccccc2N=[O-]Nc2c(N)cc(N)c(C#N)c2)cc1 failed to sanitize.
16:50:15 <INFO> Sampled SMILES Br(=Br)Cc1ccc(-c2noc(CCCCCn3cnnn3)n2)c([N+](=O)[O-])c1 failed to sanitize.
16:50:15 <INFO> Sampled SMILES Brc1c([N+]([O-])=O)ccc(N=Nc2c(O)ncnc2[nH]1)c1ccccc1 failed to sanitize.
16:50:15 <INFO> Sampled SMILES c1cccc2c1c(O)ccc(N=Nc2ccc(O)cc1)c1 failed to sanitize.
16:50:15 <INFO> Sampled SMILES O=[N+](c1ccc(C#O)cc1)N1CCCCC1 failed to sanitize.
16:50:15 <INFO> Sampled SMILES c1c(N=Nc2c(C#N)cc([N+]([O-])=O)cc2)sc(N2CC2)cc1C#N failed to sanitize.
16:50:15 <INFO> Sampled SMILES c1(C#N)cc(C#N)c(N=Nc2ccc(N(CCO)CCO)cc2N=Nc2ccc([N+]([O-])=O)cc2)c1C failed to sanitize.
16:50:15 <INFO> Sampled SMILES F(c1cc(N=Nc2ccc(N(CC)CCO)cc2)ccc1)C failed to sanitize.
16:50:15 <INFO> Sampled SMILES FC(c1c(N=Nc2sc(CC)nc2C)c(C)cn1)COC failed to sanitize.
16:50:15 <INFO> Sampled SMILES F[N+](=O)(O)c1ccc(N=Nc2c(Br)cc(NCCO)c(-c3ccccc3)c2)cc1 failed to sanitize.
16:50:15 <INFO> Sampled SMILES N(=Nc1ccc(C(C)=O)cc1)=Nc1c(C)cccc1 failed to sanitize.
16:50:15 <INFO> Sampled SMILES c([N+](=O)[O-])c(N=Nc1ccc(Br)cc1)c1ccccc1 failed to sanitize.
16:50:15 <INFO> Sampled SMILES c1(N=Nc2ccc(NCCC#N)cc2)c(C)n[nH]c1=O failed to sanitize.
16:50:15 <INFO> Sampled SMILES N(c1ccc(N=Nc2c(Cl)cc(S(=O)(=O)C)cc2)n1)c1ccccc1 failed to sanitize.
16:50:15 <INFO> Sampled SMILES c1c(Cl)ccc(N=Nc2c(C)c(C(N)=O)c(NC(=O)COCCOCCO)c2)c1 failed to sanitize.
16:50:15 <INFO> Sampled SMILES c1ccc2[nH]c(C(N=Nc3ccc([N+](=O)[O-])cc3)CC)[nH]c2c1 failed to sanitize.
16:50:15 <INFO> Sampled SMILES c1([N+]([O-])=O)cc(OC)c(N=Nc2c(O)[nH]c(=O)c(C(C)(C)C)s2)c1 failed to sanitize.
16:50:15 <INFO> Sampled SMILES C1Cc2cccc(N=Nc3c(N)ccc(N)c3N)c2n1 failed to sanitize.
16:50:15 <INFO> Sampled SMILES c1(N=Nc2cc(C)ccc2)cccc1 failed to sanitize.
16:50:15 <INFO> Sampled SMILES N(c1[nH]nc(N)c(-c2ccccc2)n1)C(=O)C=Cc1ccccc1 failed to sanitize.
16:50:15 <INFO> Sampled SMILES c1cc(Cl)c2c(c1)c(N=Nc1nncs1)c1c([N+](=O)[O-])cc([N+]([O-])=O)cc12 failed to sanitize.
16:50:15 <INFO> Sampled SMILES N1(c2ccc(N=Nc3ccc(N(CC)CC)cc3)cc2)=CCC1 failed to sanitize.
16:50:15 <INFO> Sampled SMILES O#CCCNc1c([N+]([O-])=O)cc(N=Nc2scs2)cc1 failed to sanitize.
16:50:15 <INFO> Sampled SMILES c1c(N=Nc2cccc(Cl)c2)ccc(N(CCCl)=N=Nc2c(O)cc([N+](=O)[O-])cc2)c1 failed to sanitize.
16:50:15 <INFO> Sampled SMILES c1(CN(CC)CC)ccc(N=Nc2ccc(N=Nc3ccc([N+](=O)[O-])cc3)cc2)c1 failed to sanitize.
16:50:15 <INFO> Sampled SMILES F[N+](=O)(c1ccccc1)c1cc(N=Nc2c(C(O)=O)cc(C)cc2)ccc1F failed to sanitize.
16:50:15 <INFO> Sampled SMILES Cc1cnc(N=Nc2ccc(OC)c(OC)c2)n1 failed to sanitize.
16:50:15 <INFO> Sampled SMILES c1(N=Nc2[nH]c3c(cccc3))csc2CCN=CC1 failed to sanitize.
16:50:15 <INFO> Sampled SMILES c1(O)c([N+](=O)=N=Nc2ccc([N+](=O)[O-])cc2)c(Cl)cc(NCC2CC2)c1 failed to sanitize.
16:50:15 <INFO> Sampled SMILES c1(Cl)cccc(N=Nc2ccc(N(CCO)S(CC)=OCOC)cc2)c1 failed to sanitize.
16:50:15 <INFO> Sampled SMILES c1c(OC)ccc(N=Nc2ccc(NCCC#N)cc2C)cc1 failed to sanitize.
16:50:15 <INFO> Sampled SMILES c1(O)n(-c2ccc(S(=O)(O)=O)cc2)c(C)n1C failed to sanitize.
16:50:15 <INFO> Sampled SMILES O=C(Nc1cccc(N=N2CCCCC2)c1)C(O)(c1ccccc1)C1CCCCC1 failed to sanitize.
16:50:15 <INFO> Sampled SMILES N(c1sc(N=Nc2scc(C(OCC)=O)n2)nc1C(=O)=O)CCCN1CCCCCC1 failed to sanitize.
16:50:15 <INFO> Sampled SMILES N#Cc1c(F)cc(F)cc1N=Nc1c(C)c(C#N)c(=O)n(C)c1=O failed to sanitize.
16:50:15 <INFO> Sampled SMILES c1cccc(N=N=S)c1 failed to sanitize.
16:50:15 <INFO> Sampled SMILES c1c(-c2[nH]c3c(c(N4CCOCC4)c(C)c3)(C)C2)cccc1 failed to sanitize.
16:50:15 <INFO> Sampled SMILES [O-](c1c(N=Nc2ccc([N+]([O-])=O)cc2)c2c(C)noc(C2)c1)C(O)CCN=[N+]=[N-] failed to sanitize.
16:50:15 <INFO> Sampled SMILES C#Cc1cc(NC(=O)C2(NC(=O)c3ccc(O)c(N=Nc4ccc([N+](=O)[O-])cc4)cc3)CCC2)ccc1C failed to sanitize.
16:50:15 <INFO> Sampled SMILES c1(C#N)c(N=Nc2c(OC)cc(N=Nc3c(Cl)cc([N+]([O-])=O)cc3)ccc2)c(OC)cc1NC failed to sanitize.
16:50:15 <INFO> Sampled SMILES c1(Cl)cccc(N=N=Cc2cnn(-c3ccc([N+](=O)[O-])cc3)c2)c1 failed to sanitize.
16:50:15 <INFO> Sampled SMILES N(=Nc1cc([N+]([O-])=O)cc([N+](=O)[O-])cc1)=Nc1ccc(C)cc1 failed to sanitize.
16:50:15 <INFO> Sampled SMILES Oc1c(C)cc(C)cc(N=Nc2c(O)n(C)c(=O)n(C)c2=O)c1 failed to sanitize.
16:50:15 <INFO> Sampled SMILES c1c(N=Nc2ccc(N(C)C)cc2)c2c(cc1F)c(N=Nc1ccc(CC)cc1)c(O)cc2o failed to sanitize.
16:50:15 <INFO> Sampled SMILES N(C(c1)cccc1)=Nc1c(C)cccc1 failed to sanitize.
16:50:15 <INFO> Sampled SMILES c[N+](C)n1-c(C)c(N=Nc2ccc([N+](=O)[O-])cc2)c(C)n1 failed to sanitize.
16:50:15 <INFO> Sampled SMILES Cc1c(N=Nc2ccc([N+](=O)[O-])cc2)c(C)o1 failed to sanitize.
16:50:15 <INFO> Sampled SMILES c1(N(c2c=O)cc(N(CCO)CCC#N)cc2)Cc2ccccc2C(=O)O1 failed to sanitize.
16:50:15 <INFO> Sampled SMILES [O-][N+](=O)c1c(-c2c(N=Oc3ccc([N+](=O)[O-])cc3)cs2)c(O)no1 failed to sanitize.
16:50:15 <INFO> Sampled SMILES N(=Nc1c(C)cc(C)cc1C)=Nc1c(C#N)cccc1OC failed to sanitize.
16:50:15 <INFO> Sampled SMILES OC(c1ccc(N=Nc2ccc(N(C)C)cc2)cc1)(C)(C)C failed to sanitize.
16:50:15 <INFO> Sampled SMILES N(c1cc(-c2ccccc2)cc1)=Nc1c(#O)cc(C(OCC)=O)cc1C failed to sanitize.
16:50:15 <INFO> Sampled SMILES c1cc(C#N)ccc1N=Nc1c(N2CCCC2)cccc1#N failed to sanitize.
16:50:15 <INFO> Sampled SMILES c1(C=Nc2ccc(N(C)C)cc2)ccc(O)c1 failed to sanitize.
16:50:15 <INFO> Sampled SMILES N1(c2c(C)cc(N=Nc3ccccc3)ccc2)CCOCC1 failed to sanitize.
16:50:15 <INFO> Sampled SMILES N(c1c([N+](=O)[O-])cc(Nc2ccc(C#N)cc2)n2(C)CCCN2C)c(O)cc1 failed to sanitize.
16:50:15 <INFO> Sampled SMILES N(=Nc1c(N)c(-c2ccccc2)c(C(=O)OC)c(N2CCCC2)s1)c1c([N+](=O)[O-])cc([N+]([O-])=O)cc1O failed to sanitize.
16:50:15 <INFO> Sampled SMILES C1OC(C(O)C(=O)OCC)=Nc2ccc(N=Nc3cc(N4CCCC4)ccc3C#N)c21 failed to sanitize.
16:50:15 <INFO> Sampled SMILES c1ccccc1N=OCCOCC failed to sanitize.
16:50:15 <INFO> Sampled SMILES c1(O)cc(O)c(Sc2cc(F)c3c(c2)C(=O)CCC3)c(N2CCCCC2)c(C(F)(F)F)n1 failed to sanitize.
16:50:15 <INFO> Sampled SMILES c1(C)c(N=Nc2ccc([N+](=O)[O-])cc2[N+](=O)[O-])c2c(cccc2)c(N=Nc2c(OC)cc([N+]([O-])=O)cc2)nc1C failed to sanitize.
16:50:15 <INFO> Sampled SMILES c1(Cl(c2ccccc2)=Nc2c(-c3cc4c(ccc4[nH])cc3)ccco2)CCOCC1 failed to sanitize.
16:50:15 <INFO> Sampled SMILES Fc1ccccc1N=Nc1cnn1C failed to sanitize.
16:50:15 <INFO> Sampled SMILES c1(F)c(N=Nc2c(O)n(-c3cc(OC)c(OC)cc3)c(C(F)(F)F)c2)c(Cl)cc1[N+](=O)[O-] failed to sanitize.
16:50:15 <INFO> Sampled SMILES c1(N=Nc2noc(C)n2)c(C)nn1C failed to sanitize.
16:50:15 <INFO> Sampled SMILES c1(-c2noc(CNC3=NCCCC3)n2)cccc1 failed to sanitize.
16:50:15 <INFO> Sampled SMILES [O-][N+](c1ccc(Cl)cc1)(C=N=Nc1sc(NC(=O)OCC)cc1)CC failed to sanitize.
16:50:15 <INFO> Sampled SMILES N(CC)(c1ccc(O)cc1)=Nc1ccc(N(CC)CC)cc1 failed to sanitize.
16:50:15 <INFO> Sampled SMILES c1(N=Nc2sccn2)scc2c(c1)CCN=C2 failed to sanitize.
16:50:15 <INFO> Sampled SMILES N(CC)(c1cc(O)c(N=Nc2scc(C)n2)cc1)=Nc1ccc([N+](=O)[O-])cc1 failed to sanitize.
16:50:15 <INFO> Sampled SMILES c1(C)sc(N=c2c(N=O3CCCC3)c(NCCC#N)c(C)cc2=O)c(OC)c1 failed to sanitize.
16:50:15 <INFO> Sampled SMILES c1(N=Nc2c(Cl)cccc2)n(CC)c(=O)n(C)c1=O failed to sanitize.
16:50:15 <INFO> Sampled SMILES c1(N)nc(N=Nc2ccc(Cl)cc2)cc1 failed to sanitize.
16:50:15 <INFO> Sampled SMILES [O-][N+](=O)c1cccc(N=Nc2cc(O)noc2)c1 failed to sanitize.
16:50:15 <INFO> Sampled SMILES C(N(CCO)c1ccc(N=Nc2ccc([N+]([O-])=O)cc2)cc1)C#O failed to sanitize.
16:50:15 <INFO> Sampled SMILES c1(C)c(N=Nc2c(C(F)(F)F)cccc2)ccc(SC)c1=O failed to sanitize.
16:50:15 <INFO> Sampled SMILES N(c1c(N=Nc2c(C(OC)=O)cccc2)C(C#N)C(C)(C)C#N)ccc(C#N)c1 failed to sanitize.
16:50:15 <INFO> Sampled SMILES c1(C#N)ccc(N=Nc2ccc(Nc3ncc(C(OCC)=O)cc3F)cc2)c1 failed to sanitize.
16:50:15 <INFO> Sampled SMILES c1c(N=Nc2ccc(N(CC)CCO)cc2)ccc(C(F)(F)F)cc1 failed to sanitize.
16:50:15 <INFO> Sampled SMILES O=C1OC(CC(=O)N2CCCCC2C(=O)O)c2cc(Cl)c(C)cc2=N1 failed to sanitize.
16:50:15 <INFO> Sampled SMILES c1(N=Nc2ccccc2)cc(C)c(N=Nc2ccc(OC)cc2)c1C failed to sanitize.
16:50:15 <INFO> Sampled SMILES c1(N=Nc2c(C#N)cc([N+](=O)[O-])cc2Cl)ccc(NC(=O)C)c1 failed to sanitize.
16:50:15 <INFO> Sampled SMILES c1(C#N)cc(C#N)c(N=Nc2ccc(NC(=O)C)cc2)c1C(=O)OCc1ccccc1 failed to sanitize.
16:50:15 <INFO> Sampled SMILES c1cc2c([nH]c1N=Nc1c(C)noc1C)OCCO2 failed to sanitize.
16:50:15 <INFO> Sampled SMILES [O-]n1c(N=Nc2c3c(cccc3)CCCC2)cccc1 failed to sanitize.
16:50:15 <INFO> Sampled SMILES c1(N=Nc2c(N3CCCCC3)cccc2S(N)([O-])=O)cccn1 failed to sanitize.
16:50:15 <INFO> Sampled SMILES c12c(cccc1)ccc(O)c2N=Nc1sc(CC)n1C failed to sanitize.
16:50:15 <INFO> Sampled SMILES C1(Cl2CCCCC2CCCCCCCl)OCCO1 failed to sanitize.
16:50:15 <INFO> Sampled SMILES [O-][N+](c1cc(N=Nc2ccccc2)c(C(F)(F)F)c1)=O failed to sanitize.
16:50:15 <INFO> Sampled SMILES O#CCCNc1c(CCl)cc(C(O)C)cc1F failed to sanitize.
16:50:15 <INFO> Sampled SMILES O=[N+]([O-])c1ccc([N+](O)c2ccc(C)cc2)c1C#N failed to sanitize.
16:50:15 <INFO> Sampled SMILES N(c1c(C#N)cc(n2cc(N=Nc3ccc(Br)cc3)n2)n1)C(O)CC failed to sanitize.
16:50:15 <INFO> Sampled SMILES N(c1c(OCC)cc(N=Nc2c(C)cccc2)c(O)c([N+](=O)[O-])c1)C failed to sanitize.
16:50:15 <INFO> Sampled SMILES Oc1c(-c2nc(N=Nc3ccc([N+]([O-])=O)cc3)sc(N3CC3)c2C(=O)OCC)cccc1 failed to sanitize.
16:50:15 <INFO> Sampled SMILES c1c([N+]([O-])=O)c(N=Nc2ccc(N(CC)CC)c(OC)c2)cccc1 failed to sanitize.
16:50:15 <INFO> Sampled SMILES O=C(OCN1CCN(CCC#N)CC1)(C(=O)OCC)c1ccccc1 failed to sanitize.
16:50:15 <INFO> Sampled SMILES c1c(N2=CCC(O)(O)CC2)ccc(N(CCC#N)CCC#N)c1OC failed to sanitize.
16:50:15 <INFO> Sampled SMILES c1([N+]([O-])=O)c(OC)c(N=Nc2c(O)n(CC)c(=O)c(C#N)c2C)cc1O failed to sanitize.
16:50:15 <INFO> Sampled SMILES c1(N(C)CCOCCO)c2ccccc2NC1=O failed to sanitize.
16:50:15 <INFO> Sampled SMILES c1(N=Nc2c(F)c3c(c2)CCC3)cc(C)cc(N(CC)CCC#N)c1 failed to sanitize.
16:50:15 <INFO> Sampled SMILES c1(N=Nc2ccc(NCC)cc2)cc([N+]([O-])=O)cc1 failed to sanitize.
16:50:15 <INFO> Sampled SMILES N(c1cc(=O)c(N=Nc2c(C#N)c(=O)n(C)c(=O)n2C)s1)c1ccccc1 failed to sanitize.
16:50:15 <INFO> Sampled SMILES N(=Nc1c(OC)cc(NCCO)c(N=Nc2c(Br)cc([N+]([O-])=O)cc2-c2ccccc2)c(c1c1CC)noc(O)c1)C failed to sanitize.
16:50:15 <INFO> Sampled SMILES c1(N=Nc2ccccc2Br)c(C)nn1C failed to sanitize.
16:50:15 <INFO> Sampled SMILES C(O)c1cc(S(N)(=O)=O)c(N2CCCCC2)c(C)cc1N=Nc1sc(C)cn1 failed to sanitize.
16:50:15 <INFO> Sampled SMILES N(CC)(c1cc(N=Nc2ccc(N3CCOCC3)c(C)c2)cc1)CCOC failed to sanitize.
16:50:15 <INFO> Sampled SMILES c1(N=Nc2c(F)c(F)c3c(c2F)Nc2ccccc2S3)c(C)nn(C)c1=O failed to sanitize.
16:50:15 <INFO> Sampled SMILES c1(NCCC#N)cc(F)c(-c2ccc3c(c2)CCCO3)c1 failed to sanitize.
16:50:15 <INFO> Sampled SMILES c1([N+]([O-])=O)cc([N+](=O)[O-])c(OCC#CCCl)c1N=Nc1ccc([N+](=O)[O-])cc1 failed to sanitize.
16:50:15 <INFO> Sampled SMILES N(CC)(c1cc(OC)c(N=Nc2c(Cl)cc([N+]([O-])=O)cc2)c(C)c1C)=C failed to sanitize.
16:50:15 <INFO> Sampled SMILES N(=Oc1ccc(N=Nc2ccc([N+]([O-])=O)cc2)cc1)c1ccccc1 failed to sanitize.
16:50:15 <INFO> Sampled SMILES c1(C(N)=O)c(O)c(N=Nc2ccc(Cl)cc2)cc1C failed to sanitize.
16:50:15 <INFO> Sampled SMILES c1(N=Nc2ccc(OC)c(OC)c2)ccc(NC)c1 failed to sanitize.
16:50:15 <INFO> Sampled SMILES F[N+](=O)(c1ccccc1)=Nc1ccc(N=Nc2ccc(N(CC)CC)cc2)cc1 failed to sanitize.
16:50:15 <INFO> Sampled SMILES C1c2c(c(N=Nc3ccc(N4CCCC4)cc3)c3c1CCC3)CCC2 failed to sanitize.
16:50:15 <INFO> Sampled SMILES c1cc(OC)c2c(c1)c(N=Nc1ccc(N(C)C)cc1)c1c(C)cc(C)cc12 failed to sanitize.
16:50:15 <INFO> Sampled SMILES c1(C)c(C#N)c(=O)n(CCCOC(C)C)c(NCCCNC(=O)OC(C)(C)C)c1(O)C(N)=O failed to sanitize.
16:50:15 <INFO> Sampled SMILES FC(F)(c1c(N=Nc2ccc(OC)cc2)ccc1O)=O failed to sanitize.
16:50:15 <INFO> Sampled SMILES N(c1c(C)cccc1)=Oc1ccc(N=Nc2c(C)[nH]nc2C)cc1 failed to sanitize.
16:50:15 <INFO> Sampled SMILES N#CCCN(Cc1ccco1)C(=O)c1c(N=Nc2ccc([N+](C)(C)C)cc2)cc(N=Nc2ccc(O)cc2)c1 failed to sanitize.
16:50:15 <INFO> Sampled SMILES C1C(=NNc2ccccc2)CCC1(N)=O failed to sanitize.
16:50:15 <INFO> Sampled SMILES c1(C)n(-c2cc(N=Nc3ccc(N(C)C)cc3)cc2)c(N=Nc2sc(CC)nn2)ccc1 failed to sanitize.
16:50:15 <INFO> Sampled SMILES c1(NCc2csc3ccc(Cl)cc23)c2cccnc2c(O)ccc1 failed to sanitize.
16:50:15 <INFO> Sampled SMILES c1(N=Nc2c(Cl)cccc2)n(CC)c(N=Nc2c(O)cccc2[N+](=O)[O-])c1N failed to sanitize.
16:50:15 <INFO> Sampled SMILES c1(OC)ccc(N=Nc2ccc(C(F)(F)F)cc2)c1 failed to sanitize.
16:50:44 <INFO> Sampled SMILES c12c(cccc1N=Nc1cccc(O)c2)ccc1 failed to sanitize.
16:50:44 <INFO> Sampled SMILES N(c1c(C)nn(C)c1C)=Oc1ccc(NCCC#N)cc1 failed to sanitize.
16:50:44 <INFO> Sampled SMILES c1(C)c(N=Nc2c(OC)cc([N+](=O)[O-])cc2)c(C)onc1=O failed to sanitize.
16:50:44 <INFO> Sampled SMILES c1(C(C)(C)C)cc(C(C)(C)C)cc(N=Nc2c(O))cc([N+](=O)[O-])cc21 failed to sanitize.
16:50:44 <INFO> Sampled SMILES c1(N=Nc2ccccc2)c(C)c(CBr)cc1N=Nc1c([N+](=O)[O-])cc([N+]([O-])=O)cc1Br failed to sanitize.
16:50:44 <INFO> Sampled SMILES N(c1ccccc1N1CCCC1)=Nc1sc(C)n1C failed to sanitize.
16:50:44 <INFO> Sampled SMILES c1(N=Nc2c(C#N)cc([N+](=O)[O-])cc2Cl)c(C)cc(N(CC)CC)c1 failed to sanitize.
16:50:44 <INFO> Sampled SMILES c1(N=Nc2cc(NCCO)ccc2)c2ccccc2oc1=O failed to sanitize.
16:50:44 <INFO> Sampled SMILES c1(N=Nc2cc(OC)c(N3CCCC3)cc2)c(C)nn1C failed to sanitize.
16:50:44 <INFO> Sampled SMILES c1cc(N=Nc2sc(NCCC#N)c2C2CCCCC2)ccc1 failed to sanitize.
16:50:44 <INFO> Sampled SMILES c1(N=Nc2ccc(N(CCCl#N)CCO)cc2C)ccc(C(F)(F)F)cc1 failed to sanitize.
16:50:44 <INFO> Sampled SMILES c1(N=Nc2c(C)cc([N+]([O-])=O)cc2)ccc(-c2ccccc2)c1 failed to sanitize.
16:50:44 <INFO> Sampled SMILES c1(N(CC)CC)ccc(N=Nc2c(Cl)cc([N+]([O-])=O)cc2#O)cc1 failed to sanitize.
16:50:44 <INFO> Sampled SMILES c1(N=Nc2c(C)cc(N(CCC#N)CCC#N)ccc2C)ccc(C#N)cc1 failed to sanitize.
16:50:44 <INFO> Sampled SMILES c1ccc2c(cnn2)c1N=Nc1c(C(F)(F)F)cccc1 failed to sanitize.
16:50:44 <INFO> Sampled SMILES Oc1c(Sc2ccc(N=Nc3ccc(N)cc3)cc2)ccc(O)c2c1CCC2 failed to sanitize.
16:50:44 <INFO> Sampled SMILES c1ccc2c3c([nH]c2ccc(-c2cc(C(F)(F)F)c(F)cc2N)c3)OCCO1 failed to sanitize.
16:50:44 <INFO> Sampled SMILES c1(N=Nc2c(Cl)cc(SC)cc2Cl)c(-c2cccnc2)c[nH]c1=O failed to sanitize.
16:50:44 <INFO> Sampled SMILES N(=Nc1ccc(C#N)cc1)c1sc(C)cc1=O failed to sanitize.
16:50:44 <INFO> Sampled SMILES c1c(NCCOCCO)scc1N=Nc1c(C(C#N)CC)c(-c2ccc([N+]([O-])cc2)o1)c1ccccc1 failed to sanitize.
16:50:44 <INFO> Sampled SMILES C1Nc2c(cccc2-c2ccccc2)=NOCC1 failed to sanitize.
16:50:44 <INFO> Sampled SMILES c1(N=Nc2cccc(C(O)=O)c2)c(C)cc(C(N)=O)c1 failed to sanitize.
16:50:44 <INFO> Sampled SMILES N(c1cc(C#N)c(NCCOCCO)c(N=Nc2c(Cl)c([N+](=O)[O-])cc([N+]([O-])=O)c2)s1)N failed to sanitize.
16:50:44 <INFO> Sampled SMILES Cc1c(N=Nc2ccc(N(C)C)cc2C)c(C)cc(N(C)C)cc1 failed to sanitize.
16:50:44 <INFO> Sampled SMILES c1c(O)cc(-c2ccccc2N=Nc2c(O)cc(C(OC)=O)cc2O=O)cc1 failed to sanitize.
16:50:44 <INFO> Sampled SMILES C1N2c3c(c=N(CCC#N)ccc3)cccc2C1=O failed to sanitize.
16:50:44 <INFO> Sampled SMILES FC(F)(C(F)(F)C(F)(F)OCC)=Nc1c(OC)cccc1OC failed to sanitize.
16:50:44 <INFO> Sampled SMILES c1(N=Nc2ccc(N(CC)CC)cc2)c(C#N)cc([N+](=O)[O-])c1 failed to sanitize.
16:50:44 <INFO> Sampled SMILES O=[N+](c1ccccc1C(F)(F)F)=Nc1nc(-c2ccccc2)c(-c2ccccc2)s1 failed to sanitize.
16:50:44 <INFO> Sampled SMILES c1c(N=Nc2c(C#N)cc([N+]([O-])=O)cc2)c(C)onc1C failed to sanitize.
16:50:44 <INFO> Sampled SMILES O(c1c(C)cc(NCCC#N)cc1C)=Nc1c(OC)cccc1 failed to sanitize.
16:50:44 <INFO> Sampled SMILES c1(C)cc(C)ccc1N=Nc1ccc(N#Nc2ccc([N+]([O-])=O)cc2)cc1 failed to sanitize.
16:50:44 <INFO> Sampled SMILES OC(c1ccc(Sc2c(O)c(N)cc(O)c2F)cc1)(Cl)(C(Cl)=O)CCOC failed to sanitize.
16:50:44 <INFO> Sampled SMILES c1c(C(OC))cc(N=Nc2c(O)nc(C)nc2C(F)(F)F)ccc1 failed to sanitize.
16:50:44 <INFO> Sampled SMILES c1c(N=Nc2sc(NCCBr)c(C(=O)OCC)c2-c2ccc(OC)cc2)ccc1 failed to sanitize.
16:50:44 <INFO> Sampled SMILES c1(F)c(N=Nc2sc(C)cn2)ccc1O failed to sanitize.
16:50:44 <INFO> Sampled SMILES FC(F)(CCc1ccccc1)=NNc1c(C)cccc1 failed to sanitize.
16:50:44 <INFO> Sampled SMILES c1(N=Nc2ccc([N+](=O)[O-])cc2)ccc2c(c1O)=CCN2C failed to sanitize.
16:50:44 <INFO> Sampled SMILES N(c1ccc(O)c2ccccc2c1)=Nc1ccc(C#N)cc1 failed to sanitize.
16:50:44 <INFO> Sampled SMILES N(=Nc1ccc(Br)cc1)=Nc1ccc(OC)cc1 failed to sanitize.
16:50:44 <INFO> Sampled SMILES c1cc(N=Nc2c(O)n)ccc2cc1OCCCBr failed to sanitize.
16:50:44 <INFO> Sampled SMILES O=[N+](c1ccc(Br)cc1)=Nc1ccc(N(CC)CC)cc1 failed to sanitize.
16:50:44 <INFO> Sampled SMILES c1(N(C)C)ccc(-c2ccc(N=Nc3ccc(NCCO)cc3)cc2)c1 failed to sanitize.
16:50:44 <INFO> Sampled SMILES c1(N=Nc2sc(NCCBr)c(C(=O)OCC)c2-c2ccccc2)c(C)n[nH]c1=O failed to sanitize.
16:50:44 <INFO> Sampled SMILES c1c(Cl)c(N=Nc2c(C)n(C)n(C3CCCCO3)c2)c(Cl)cc1 failed to sanitize.
16:50:44 <INFO> Sampled SMILES COc1c(C(=O)NC(C)CNC(=O)c2cc([N+](=O)[O-])c(O)cc2Cl)ccccc1[N+](=O)[O-] failed to sanitize.
16:50:44 <INFO> Sampled SMILES N(c1cc([N+]([O-])=O)c(N=Nc2sccn2)c1)CCC#N failed to sanitize.
16:50:44 <INFO> Sampled SMILES N(c1cc([N+](=O)[O-])ccc1)=Nc1c(N2CCCC2)c(OC)cc1C failed to sanitize.
16:50:44 <INFO> Sampled SMILES c1cc2c(cccc2O)c(N=Nc2sc(CC)nc2C)cc1 failed to sanitize.
16:50:44 <INFO> Sampled SMILES c1(F)cc(N=Nc2c(C)cccc2)cc1 failed to sanitize.
16:50:44 <INFO> Sampled SMILES c1(N=Nc2c(C#N)cc([N+](=O)[O-])cc2Cl)sc(N2CCNCC2)n1 failed to sanitize.
16:50:44 <INFO> Sampled SMILES c1c(N=Nc2c(F)cc(C(OCC)=O)cc2F)cc(C(O)C)ccc1 failed to sanitize.
16:50:44 <INFO> Sampled SMILES O[N+](=O)(O)c1c(N(CC)CC2CC2)c(Br)cc(C(=O)Br)c1 failed to sanitize.
16:50:44 <INFO> Sampled SMILES N([O-](c1)cccc1)=Nc1ccc(NCCC#N)cc1C failed to sanitize.
16:50:44 <INFO> Sampled SMILES [O-]Brc1cc(N=Nc2c(C)onc2C)ccc1O failed to sanitize.
16:50:44 <INFO> Sampled SMILES c1nn(C)cc1N=Nc1c(F)(F)c(F)c(C(F)(F)F)c(F)c1F failed to sanitize.
16:50:44 <INFO> Sampled SMILES FC(F)(F)c1c(C=Nnc2c(F)cccc2F)ccc([N+]([O-])=O)c1 failed to sanitize.
16:50:44 <INFO> Sampled SMILES c1cc2c(cc1)(O)C(N=Nc1nnc(CC)s1)CCC2 failed to sanitize.
16:50:44 <INFO> Sampled SMILES c1(N=Nc2cccc(C)c2)cc(C)c(C#N)c(NCCC#N)cc1 failed to sanitize.
16:50:44 <INFO> Sampled SMILES COc1c(NC(=O)C2CN(C(=O)C3CCCN3C(N)=O)CCN2C)ccc(F)c(F)c1F failed to sanitize.
16:50:44 <INFO> Sampled SMILES N(=Nc1ccc([N+]([O-])=O)cc1)=Nc1ccc(O)cc1 failed to sanitize.
16:50:44 <INFO> Sampled SMILES c1(N=Nc2sc(N=Nc3ccc(Cl)cc3)s2)ccc(C)cc1 failed to sanitize.
16:50:44 <INFO> Sampled SMILES N(c1sc(C)c1C)c1ccc(C=O)cc1 failed to sanitize.
16:50:44 <INFO> Sampled SMILES NC(=O)Cc1ccc(Sc2c(N=Nc3ccc([N+]([O-])=O)cc3)c(C)cn2)cc1 failed to sanitize.
16:50:44 <INFO> Sampled SMILES c1(N=Nc2ccc([N+](=O)[O-])cc2C#N)c(C(OCC)=O)c(OCC)cc1-c1ccccc1 failed to sanitize.
16:50:44 <INFO> Sampled SMILES N1(c2ccccc2)c(-c2cnc(N=Nc3ccc(N(CC)CC)cc3)cc2)nc1N failed to sanitize.
16:50:44 <INFO> Sampled SMILES N(c1[nH]c(=O)[nH]c1=O)=Nc1ccccc1 failed to sanitize.
16:50:44 <INFO> Sampled SMILES c1(FN(CC)CCC#N)ccc(N=Nc2ccc([N+]([O-])=O)cc2)cc1 failed to sanitize.
16:50:44 <INFO> Sampled SMILES C1CCCN(c2cc(OC)c(N=Nc3c([N+]([O-])=[O-])cc([N+]([O-])=O)cc3C(F)(F)F)cc(C(O)=O)c2N=Nc2ccccc2)C1 failed to sanitize.
16:50:44 <INFO> Sampled SMILES c1(N=Nc2c(C)[nH]nc2C)ccccc1#O failed to sanitize.
16:50:44 <INFO> Sampled SMILES c1(N=Nc2ccccc2)c(C)c(CN(CC#N)CCC#N)c(C)c1C failed to sanitize.
16:50:44 <INFO> Sampled SMILES O=[N+]([O-])c1c([N+](=O)[O-])c(N=Nc2c(O)n(-c3cc(S(=O)(=O)O)cc(C)c3C)cc2)cccc1 failed to sanitize.
16:50:44 <INFO> Sampled SMILES c1c(N=NC2(C)=OCCCOCC2)c(Cl)ccc1Cl failed to sanitize.
16:50:44 <INFO> Sampled SMILES C=CCN(CC(=O)N(C)CCN(C)C)C(=O)c1ccc(OC)c(N=Nc2ccccc2)cc1 failed to sanitize.
16:50:44 <INFO> Sampled SMILES c1(N=Nc2ccc(OC)cc2)cc(C)c(N=Nc2ccc(C(=O)C)cc2)c1N failed to sanitize.
16:50:44 <INFO> Sampled SMILES c1(N=Nc2ccc(OC)c(OC)c2)cc(C)cc1-c1ccccc1 failed to sanitize.
16:50:44 <INFO> Sampled SMILES c1(OC)c(N=Nc2c(C)cc(NCCC#N)cc2)c(O)c(-c2ccccc2)c1 failed to sanitize.
16:50:44 <INFO> Sampled SMILES c1(N=Nc2ccc(C(C)=O)cc2)cc2nc(C#N)oc(=O)c2c1 failed to sanitize.
16:50:44 <INFO> Sampled SMILES CN(c1c(C)ccc(C)c1)=Nc1c(OC)cc(C(N)=O)cc1OC failed to sanitize.
16:50:44 <INFO> Sampled SMILES c1(N=Nc2ccc(C=O)cc2)c(C)cc(N(CC)CC)c1 failed to sanitize.
16:50:44 <INFO> Sampled SMILES C1(c2c(N=Nc3c4c(n(C)c5c3CCC5)CCC4)s2)CCCC1 failed to sanitize.
16:50:44 <INFO> Sampled SMILES C(c1c(N=Nc2cc(Cl)ccc2Cl)ccc1C)N(C)C failed to sanitize.
16:50:44 <INFO> Sampled SMILES c1cc2c(cccc2N=Nc2c(C)c(C#N)c(NCCBr)s2)c1OC failed to sanitize.
16:50:44 <INFO> Sampled SMILES c1c(N=Nc2sc(NCCOS(=O)(=O)C)c(C#N)c2)c([N+]([O-])=O)cc1Br failed to sanitize.
16:50:44 <INFO> Sampled SMILES c1ccc2c(c(O)ccc2N=Nc2ccccn2)cc1 failed to sanitize.
16:50:44 <INFO> Sampled SMILES c1(-c2c(N=Nc3c(C(F)(F)F)cc(C(F)(F)F)cc3)nn2C)ccccc1 failed to sanitize.
16:50:44 <INFO> Sampled SMILES c1(Cl)cc(N=Nc2c(C)c(C(N)=O)c(NCC)c2O)ccc1 failed to sanitize.
16:50:44 <INFO> Sampled SMILES c1(Cl)c(N=Nc2c(C)c(C#N)c(NCCBr)s2)nnc1N failed to sanitize.
16:50:44 <INFO> Sampled SMILES c1(N=Nc2ccc(NCCC#N)cc2)c(C)n[nH]c1=O failed to sanitize.
16:50:44 <INFO> Sampled SMILES C(Cl(=O)N(CCC#N)CCC#N)C(O)(c=ccc(N=Nc2ccc(Cl)cc2)c1cccs1)C(C(OCC)=O)COC failed to sanitize.
16:50:44 <INFO> Sampled SMILES NN(c1ccc(NCCC#N)cc1)=Nc1c(C)cccc1 failed to sanitize.
16:50:44 <INFO> Sampled SMILES c1cc([N+]=Nc2ccc(N=Nc3cc(C)cc(C)c3)c2)cc1 failed to sanitize.
16:50:44 <INFO> Sampled SMILES c1cccc2c1n(C)c(N=Nc1nc3c(cccc3)n1C)n2Nc1ccc(N(C)C)cc1 failed to sanitize.
16:50:44 <INFO> Sampled SMILES c1(Br)cc([N+](=O)[O-])c(OCC)c1NCCC#N failed to sanitize.
16:50:44 <INFO> Sampled SMILES c1(C#N)c(N=Nc2c(OC)cc(N(CC)CC)cc2)c(F)cc1 failed to sanitize.
16:50:44 <INFO> Sampled SMILES N1(CCC#N)CCCc2c1ccc(N=Nc1cc(OC)ccc1)c2n failed to sanitize.
16:50:44 <INFO> Sampled SMILES c1cc(N=Nc2c(O)n)ccc2cc1OCC failed to sanitize.
16:50:44 <INFO> Sampled SMILES c1(O)c(N=Nc2nncs2)cc(CCC#N)c1 failed to sanitize.
16:50:44 <INFO> Sampled SMILES O(c1ccc(N=Nc2ccc(N(C)C)cc2)cc1)(C)C failed to sanitize.
16:50:44 <INFO> Sampled SMILES Fc1ccc(O)c(N=Nc2c(C)sc3c(c2N)CCC3)c1 failed to sanitize.
16:50:44 <INFO> Sampled SMILES c1c(O)cc(N=Nc2ccccc2)c(Cl)c(C#N)c1 failed to sanitize.
16:50:44 <INFO> Sampled SMILES N(c1nc(N=Nc2[nH]c(C(OC)(CC)C)c(C)cc2=O)cs1)C(CO)CC failed to sanitize.
16:50:44 <INFO> Sampled SMILES C(CSc1c(C)n(C)n(-c2ccccc2)c(=O)c1C#N)C(=O)Nc1ccc([N+](=O)[O-])cc1C#N failed to sanitize.
16:50:44 <INFO> Sampled SMILES c1(N(CCC#N)CCO)cc(C)c(N=Nc2ccc(C(=O)C)cc2)c1 failed to sanitize.
16:50:44 <INFO> Sampled SMILES Oc1c(N=Nc2ccc(N(CC)CC)cc2)ccc(F)cc1 failed to sanitize.
16:50:44 <INFO> Sampled SMILES c1(C)ccc([N+](c2ccccc2)c2c(C)cc(N=Nc3ccc(O)cc3)cc2)c1 failed to sanitize.
16:50:44 <INFO> Sampled SMILES c1(C(=O)N(CCC#N)c2ccc(O)cc2)c(-c2ccccc2)c(N=Nc2c([N+](=O)[O-])cc([N+]([O-])=O)cc2[N+]([O-])=O)s1 failed to sanitize.
16:50:44 <INFO> Sampled SMILES c1Nc(N=S=Nc2ccccc2)ccc1 failed to sanitize.
16:50:44 <INFO> Sampled SMILES c1c(N=Nc2c(C#N)cc(C(OC)OC)ccc2F)ccc(N2CCCC2)c1 failed to sanitize.
16:50:44 <INFO> Sampled SMILES c1(-c2c(N=Nc3c(C(F)(F)F)cc([N+](=O)[O-])cc3)sc(N3CC3)c2C(OCC)=O)cccc1 failed to sanitize.
16:50:44 <INFO> Sampled SMILES c1([N+]([O-])=O)ccc(Br)c1C=NNc1cccc(C#N)c1 failed to sanitize.
16:50:44 <INFO> Sampled SMILES N(=Nc1cc([N+]([O-])=O)cc([N+](=O)[O-])cc1)c1ccccc1 failed to sanitize.
16:50:44 <INFO> Sampled SMILES Oc1c(N=Nc2c(C)cc(C)cc2C)ccccc1 failed to sanitize.
16:50:44 <INFO> Sampled SMILES c1(N=Nc2ccc(Br)cc2)nc(N=Nc2c(C)c(C)cc(C)c2C)cn1 failed to sanitize.
16:50:44 <INFO> Sampled SMILES c1(C#N)cc([N+]([O-])=O)ccc1N=Nc1sc2c(ccccc2)c1 failed to sanitize.
16:50:44 <INFO> Sampled SMILES COc1c(Br)cc(F)cc1N=Nc1c(OC)cc(C(OCC)=O)ccc1C failed to sanitize.
16:50:44 <INFO> Sampled SMILES c1cc2c(cc1)sc(O)c2N=Nc1sc(OC)n1C failed to sanitize.
16:50:44 <INFO> Sampled SMILES [N+](=O)(c1cc(N=Nc2c(Br)cc([N+](=O)[O-])cc2[N+]([O-])=O)cc1)c1ccccc1 failed to sanitize.
16:50:44 <INFO> Sampled SMILES c1c(NCCC#N)ccnc(N=Nc2c(C)noc2C)c1 failed to sanitize.
16:50:44 <INFO> Sampled SMILES CCN(c1nc(N=Nc2ccc(C(=O)OC)cc2)sc1C)=N failed to sanitize.
16:50:44 <INFO> Sampled SMILES C1CCN(c2c(N=Nc3cccn3C)ccc2C)CC1 failed to sanitize.
16:50:44 <INFO> Sampled SMILES c1(N=Nc2c(N3CCCCC3)cccc2)cccn1 failed to sanitize.
16:50:44 <INFO> Sampled SMILES FC(c1c(N=Nc2ccc(N3CCCC3)c(OCC)c2)ccc1)(F)F failed to sanitize.
16:50:44 <INFO> Sampled SMILES c1(C(C)(C)C)cc(Cl)c(N=Nc2c(C(F)(F)F)cccc2)c1OC failed to sanitize.
16:50:44 <INFO> Sampled SMILES c1c(-c2c3c(cccc3)c(N=Nc2ccc(N(CCC#N)CCO)cc2)c2c3c(c1)CCC3)n failed to sanitize.
16:50:44 <INFO> Sampled SMILES c1(N=Nc2ccc([N+](=O)[O-])cc2C(F)(F)F)ccc(NCCC#N)c1 failed to sanitize.
16:50:44 <INFO> Sampled SMILES c1ccccc1C=ONc1c(C)cccc1 failed to sanitize.
16:50:44 <INFO> Sampled SMILES c1ccccc1N=N=Nc1cc(C)ccc1 failed to sanitize.
16:50:44 <INFO> Sampled SMILES N#Cc1cc(N=Nc2c(C)onc2C)c(OC)c1 failed to sanitize.
16:50:44 <INFO> Sampled SMILES c1(N=Nc2ccc([N+](=O)[O-])cc2C(F)(F)F)ccc(NCCC#N)c1 failed to sanitize.
16:50:44 <INFO> Sampled SMILES C(N(C)c1cc([N+](=O)[O-])cc([N+](=O)[O-])cc1O)C1c2ccccc2-c2ccccc21 failed to sanitize.
16:50:44 <INFO> Sampled SMILES c12C(C#N)c(n2C)c(N=Nc2cc(C(F)(F)F)cc(C(OC)=O)c2)cc1 failed to sanitize.
16:50:44 <INFO> Sampled SMILES c1cc(Nc2c(C)cc(NCCCNBr=S=NBr)cc2)c([N+](=O)[O-])cc1 failed to sanitize.
16:50:44 <INFO> Sampled SMILES c1(N=Nc2ccc(OC)c(OC)c2)ccc(N(CCC#N)CCO)c1 failed to sanitize.
16:50:44 <INFO> Sampled SMILES c1(C(F)(F)F)cccc1N=Nc1ccc(N(C)C)cc1 failed to sanitize.
16:50:44 <INFO> Sampled SMILES C(#N)c1c(C)c(N=Nc2sc(C)nn2)c(O)c(=N(C)C)nc1 failed to sanitize.
16:50:44 <INFO> Sampled SMILES c1([N+]([O-])=O)cc(OC)cc1-c1c(F)cccc1 failed to sanitize.
16:50:44 <INFO> Sampled SMILES C(CC#N)N(c1csc(N)c1)=Nc1ccccc1 failed to sanitize.
16:50:44 <INFO> Sampled SMILES c1cc([N+]([O-])=O)ccc1N=Nc1nc(C(C)C)c(N)c1C failed to sanitize.
16:50:44 <INFO> Sampled SMILES c1(C#N)c(=O)c(N=Nc2c(C#N)cc(C#N)cc2C(F)(F)F)c(O)n(C)c1=O failed to sanitize.
16:50:44 <INFO> Sampled SMILES [O-][N+](=O)c1c(N=Nc2ccccc2)c(O)c(=O)n(C)c1N=[N+]=OCCc1ccc(OC)cc1 failed to sanitize.
16:50:44 <INFO> Sampled SMILES O(CCCNc1ccc(N=Nc2ccc(C(O)=O)cc2)cc1)C(O)(=O)CC failed to sanitize.
16:50:44 <INFO> Sampled SMILES Cn1c(C(=O)NN=CCc2c[nH]c3ccccc23)ccc1=O failed to sanitize.
16:50:44 <INFO> Sampled SMILES N(CC)(c1cc(O)c(NNS(=O)([O-])=O)c(C(F)(F)F)c1)=Nc1c(Br)cc([N+]([O-])=O)cc1C#N failed to sanitize.
16:50:44 <INFO> Sampled SMILES FC(F)(c1c(N=Nc2c(C)n[nH]c2C)ccc1)(F)F failed to sanitize.
16:50:44 <INFO> Sampled SMILES c1(N=Nc2ccccc2)ccc(O)c1C failed to sanitize.
16:50:44 <INFO> Sampled SMILES c1(N=Nc2c(F)c(F)c3c(c2F)Nc2ccccc2S3)cccc1-c1cnn(C)c1 failed to sanitize.
16:51:12 <INFO> Sampled SMILES N(c1c(N=Nc2c(C)c(C)ccc2)c(C)cn1)=Nc failed to sanitize.
16:51:12 <INFO> Sampled SMILES F(c1nc(N=Nc2c(C(O)=OCC)sc3c(C)cccc23)c2c(C)cccc2)nc1 failed to sanitize.
16:51:12 <INFO> Sampled SMILES c12c(nccc1)c(N=Nc1ccc([N+](=O)[O-])cc1-c1nnnn1C)cc2c failed to sanitize.
16:51:12 <INFO> Sampled SMILES c1(F)c(Br)ccc2c(N=Nc3ccc(O)cc3)ccc12 failed to sanitize.
16:51:12 <INFO> Sampled SMILES c1(N=Nc2ccc(Cl)cc2)cc(-c2ccccc2)cn1 failed to sanitize.
16:51:12 <INFO> Sampled SMILES N1(CCCCCOc2cccc3nnc(C#N)c23)CCC1 failed to sanitize.
16:51:12 <INFO> Sampled SMILES c1(C(C)(C)C)cc(N=Nc2c(C)cccc2)c(Cl)c(C(C)C)c1N=[N+]=OCOC failed to sanitize.
16:51:12 <INFO> Sampled SMILES c1ccc(N=Nc2c(C)c(N(CC)CC)c(N=Nc)cc2)cc1 failed to sanitize.
16:51:12 <INFO> Sampled SMILES c1(C)c(N=Nc2ccccc2F)c(C#N)c(C)cc(N)c1C failed to sanitize.
16:51:12 <INFO> Sampled SMILES N(c1cc(C(N(C)=O)cSccc1C)c1cncs1)C(O)(C(O)CCO)CC failed to sanitize.
16:51:12 <INFO> Sampled SMILES c1c(Br)cc(Br)c(N=Nc2c(Br)cc(Br)cc2Br)c1BrBr failed to sanitize.
16:51:12 <INFO> Sampled SMILES c1(N(c2c(C)nonc2C)C)ccc(N(CCC)CC)cc1 failed to sanitize.
16:51:12 <INFO> Sampled SMILES Clc1c(N=Nc2c(C)n[nH]c2C)c(F)cccc1 failed to sanitize.
16:51:12 <INFO> Sampled SMILES CN(c1ccc(C#N)cc1)=Nc1ccccc1C#N failed to sanitize.
16:51:12 <INFO> Sampled SMILES Br(c1ccccc1)=Nc1ccc(O)cc1 failed to sanitize.
16:51:12 <INFO> Sampled SMILES c1c(Cl)ccc(N=Nc2c(C)c(C(N)=O)c(=[N+]([N+](=O)[O-])c(OC)c2OC)c1O)c1ccccc1 failed to sanitize.
16:51:12 <INFO> Sampled SMILES c1c2c(nccc1)c(N=Nc2c([N+](=O)[O-])cc(C(F)(F)F)cc1)c(CNCCCO)s1 failed to sanitize.
16:51:12 <INFO> Sampled SMILES c1(N=Nc2ccc([N+](=O)[O-])cc2C(F)(F)F)sc(N2CC2)cN1 failed to sanitize.
16:51:12 <INFO> Sampled SMILES c1cccc2c([O-])c(OCCC#CCCl)c([N+](=O)[O-])cc1=O2 failed to sanitize.
16:51:12 <INFO> Sampled SMILES c1(F)c(N=Nc2ccc(OC)cc2)ccc1O failed to sanitize.
16:51:12 <INFO> Sampled SMILES c1(C)c(N=Nc2c(C)cc(N(CCO)CCO)cc2)c(-c2ccccc2)c(C)n1 failed to sanitize.
16:51:12 <INFO> Sampled SMILES c1c(N=Nc2c(O)cc(C(O)C)cc2)c(C)onc1C failed to sanitize.
16:51:12 <INFO> Sampled SMILES Clc1ccccc1N=Nc1cn(C)n1 failed to sanitize.
16:51:12 <INFO> Sampled SMILES c1cccc2c1n(-c1ccc(N=Nc3ccc(S(=O)(=O)OCC)cc3)cc1)c(N)n2C failed to sanitize.
16:51:12 <INFO> Sampled SMILES C#CCOc1ccc(NC(C)=O)c1 failed to sanitize.
16:51:12 <INFO> Sampled SMILES O(c1cccc(C(F)(F)F)c1)=Nc1c(-c2ccccc2)[nH]nc1-c1ccccc1 failed to sanitize.
16:51:12 <INFO> Sampled SMILES c1n(C)c(N=Nc2ccc(Br)cc2)c(C)o1 failed to sanitize.
16:51:12 <INFO> Sampled SMILES N(C)S(=O)(=O)c1ccc(N=Nc2sc(C)n2C)c(C(O)=CNc2ccccc2)c1 failed to sanitize.
16:51:12 <INFO> Sampled SMILES c1(N=Nc2cccc(C(F)(F)F)c2)ccc(N(CCCCl)CC)c1N=N failed to sanitize.
16:51:12 <INFO> Sampled SMILES c1ccc2c(c(O)ccc2N=Nc2ccc(O)c3ncccc23)cc1 failed to sanitize.
16:51:12 <INFO> Sampled SMILES C(c1c(=O)c2ccccc2)c(OC)c(OCCCC#N)c1 failed to sanitize.
16:51:12 <INFO> Sampled SMILES c1cc(F)c(N=Nc2c(C)onc(C)c2)cc1 failed to sanitize.
16:51:12 <INFO> Sampled SMILES c1(OC)ccc(N=Nc2scsn2)cc1 failed to sanitize.
16:51:12 <INFO> Sampled SMILES c1(N(CCO)CCC#N)cc(C)cc1N=Nc1ccc([N+]([O-])=O)cc1 failed to sanitize.
16:51:12 <INFO> Sampled SMILES N(c1sc(N=Nc2scc(C(N)CCCl)c2)n1)=Nc1c(Cl)cc([N+]([O-])=O)cn1 failed to sanitize.
16:51:12 <INFO> Sampled SMILES c1(C)cc(N(CC)CC)ccc1N=Nc1c(C#N)cc(C#N)cc1C#Cl failed to sanitize.
16:51:12 <INFO> Sampled SMILES c1(N=Nc2c(OC)cc(N(CC)CC)cc2)c(=O)[nH]c(=O)n(C)c1=O failed to sanitize.
16:51:12 <INFO> Sampled SMILES N(=Oc1ccc(N=Nc2c(F)cc(C#N)cc2F)cc1)C(F)(F)F failed to sanitize.
16:51:12 <INFO> Sampled SMILES Cc1c(N=Nc2ccccc2[N+](=O)[O-])ccc([N+](=O)[O-])cc1 failed to sanitize.
16:51:12 <INFO> Sampled SMILES O(c1cccc(C#N)c)c1N=Nc1c(OC)cccc1OC failed to sanitize.
16:51:12 <INFO> Sampled SMILES N(=Nc1c(C)cc(C(OCC)=O)ccc1F)c1ccccc1 failed to sanitize.
16:51:12 <INFO> Sampled SMILES Br(c1ccc(N=Nc2ccc([N+]([O-])=O)cc2)c(C(O)=O)c(C(C)(C)C)c1)N failed to sanitize.
16:51:12 <INFO> Sampled SMILES c1cccc2c1sc(NN=Cc1scnc1-c1ccccc1)[N+]2 failed to sanitize.
16:51:12 <INFO> Sampled SMILES c1(N=Nc2c(C)cc(N(CCC#N)CCC#N)ccc2C)ccc(OC)cc1 failed to sanitize.
16:51:12 <INFO> Sampled SMILES FC(F)(Oc1ccc(N=Nc2ccc(N(CC)CC)cc2)cc1)(F)F failed to sanitize.
16:51:12 <INFO> Sampled SMILES N(=Nc1c(Cl)cccc1Cl)c1c(OC)c(Cl)cc([N+](=O)[O-])cc1OC failed to sanitize.
16:51:13 <INFO> Sampled SMILES c1(N=Nc2ccccc2Br)ccc(N(CC)CC)c1 failed to sanitize.
16:51:13 <INFO> Sampled SMILES c12c(nccc1)c(N=Nc1c(O)cccc1)c(C)c2 failed to sanitize.
16:51:13 <INFO> Sampled SMILES c1(N=Nc2c(Cl)cccc2)n(CC)c(OC)c1 failed to sanitize.
16:51:13 <INFO> Sampled SMILES c1(N(CCC#N)CCO)cc(C)c(N=Nc2ccc([N+]([O-])=O)cc2)c1C failed to sanitize.
16:51:13 <INFO> Sampled SMILES c1c(N=Nc2c(-n3CCOCC3)c(OC)s2)ccc(F)cc1 failed to sanitize.
16:51:13 <INFO> Sampled SMILES c1(N=Nc2c(Br)cc(Br)cc2Br)ccc(N(CC)CC)c1 failed to sanitize.
16:51:13 <INFO> Sampled SMILES N#CCCN1c2ccc(N=Nc3Cc4ccccc4o3)cc2CCC1 failed to sanitize.
16:51:13 <INFO> Sampled SMILES [O-]#CC1(NC(c2ccc(Cl)cc2)c2ccc(F)cc2)CC1 failed to sanitize.
16:51:13 <INFO> Sampled SMILES c1(C#N)c(-c2ccccc2)c(OC)c(N=Nc2sc(C)nn2)c1C failed to sanitize.
16:51:13 <INFO> Sampled SMILES c1cccc(-c2nc(CSc3cnc(N4CCOCC4)c(C)c3)s2)c1 failed to sanitize.
16:51:13 <INFO> Sampled SMILES c1(N=Nc2c(O)n(c)c(O)c2O)ccc(OC)c(N=Nc2ccc([N+]([O-])=O)cc2)cc1 failed to sanitize.
16:51:13 <INFO> Sampled SMILES c1(-c2[nH]ncc2)noc1-c1ccc(N=Nc2ccc(N(CC)CC)cc2)cc1 failed to sanitize.
16:51:13 <INFO> Sampled SMILES O#CCCNc1ccc(N=Nc2cc(F)ccc2)c(C)c1 failed to sanitize.
16:51:13 <INFO> Sampled SMILES c12cc(N=Nc3ccc(Br)cc3)ccc2c(c1=O)c1ccccc1N=NN1CCCCC1 failed to sanitize.
16:51:13 <INFO> Sampled SMILES F1(F)c(F)c(N=Nc2c(Br)cc(Br)cc2F)cc1F failed to sanitize.
16:51:13 <INFO> Sampled SMILES c1c(C)ccc(N=Nc2ccsc(NC)c2)c1 failed to sanitize.
16:51:13 <INFO> Sampled SMILES c1c(OC)c(NN=Nc2c(C(F)(F)F)cc([N+](=O)[O-])cc2Br)cc1 failed to sanitize.
16:51:13 <INFO> Sampled SMILES c1c(N=Nc2c(F)cccc2)c(C)cc(N(C)C)cc1 failed to sanitize.
16:51:13 <INFO> Sampled SMILES Cn1c(N(c2ccccc2)c2ccccc2)nc2c(c1)CCC2 failed to sanitize.
16:51:13 <INFO> Sampled SMILES N(c1c(OCCOCC)c(OC))c(OC)ccc1OC failed to sanitize.
16:51:13 <INFO> Sampled SMILES [O-][N+](c1ccc(C(OCC)=O)c(N=Nc2c(O)c([N+](=O)[O-])cc([N+]([O-])=O)c2)c(O)c1)=O failed to sanitize.
16:51:13 <INFO> Sampled SMILES CC(C)(NC(=O)c1c(N=Nc2ccc([N+](=O)[O-])cc2)ccc1O)C(=O)NCC(=O)NCCC(N)=O failed to sanitize.
16:51:13 <INFO> Sampled SMILES c1c(Br)cccc1CN=Nc1c(C)(C)cc([N+]([O-])=O)cc1C failed to sanitize.
16:51:13 <INFO> Sampled SMILES FC(F)(C(F)(F)C(F)(F)C(F)(F)C(F)(F)C(F)(F)F)(F)c1cccn1 failed to sanitize.
16:51:13 <INFO> Sampled SMILES c1(-c2c(N=Nc3c(-c4ccccc4)c(C(=O)OCC[N+](C)(C)C)s3)cccn2)cccc1 failed to sanitize.
16:51:13 <INFO> Sampled SMILES n1(CC)c(O)c(C=N=Nc2c(C(C)C)c(C(=O)OCC)c(C#N)c2N=Nc2c(c(C)cccc2)c)c(C)c1 failed to sanitize.
16:51:13 <INFO> Sampled SMILES CN(C)c1ncc(C=N=Nc2nc3ccccc3n(C)c2=O)c(O)n1 failed to sanitize.
16:51:13 <INFO> Sampled SMILES C1CN2cccc(N=Nc3ccc(C#N)cc3)c2C1 failed to sanitize.
16:51:13 <INFO> Sampled SMILES FC(F)(F)C(F)(F)C(F)(C(F)(F)C(=NNC(=O)c1c(=O)n(C)c(C)c1C)c1ccccc1)=O failed to sanitize.
16:51:13 <INFO> Sampled SMILES c1(N=Nc2c(F)c(F)c(Nc3ccccc3)c(N)c(Cl)c2Cl)c(O)no1 failed to sanitize.
16:51:13 <INFO> Sampled SMILES c1(-c2nc(N=Nc3ccc(C#N)cc3)sc3c2CCCC3)cccnc1 failed to sanitize.
16:51:13 <INFO> Sampled SMILES [O-](c1cnc(N=Nc2cc(C(F)(F)F)ccn2)cc1)c1c([N+](=O)[O-])ccc([N+](=O)[O-])c1 failed to sanitize.
16:51:13 <INFO> Sampled SMILES Cc1cc(C(=O)NC(C)(C)C)cccc1C(=O)CNC(=O)c1cccc(Br)c1 failed to sanitize.
16:51:13 <INFO> Sampled SMILES c1(N=Nc2nn(C)cc2)Oc2c(C)ccc(N)c21 failed to sanitize.
16:51:13 <INFO> Sampled SMILES N(c1cc(C)ccc1C)=Nc1c(N(CC)CC)ccc1 failed to sanitize.
16:51:13 <INFO> Sampled SMILES c1c(N=Nc2ccc(C(F)(F)F)cc2)ccc(C(F)(F)F)cc1 failed to sanitize.
16:51:13 <INFO> Sampled SMILES N(CC)(c1cc(O)c(N=Nc2c(Br)cc([N+]([O-])=O)c)c(N=Nc3ccc(C)cc3)c2c(=O)[nH]1)CC failed to sanitize.
16:51:13 <INFO> Sampled SMILES c1(C)c(=O)c(C)c(N=Nc2ccc(N(CC)CC)cc2)c(C)o1 failed to sanitize.
16:51:13 <INFO> Sampled SMILES c1(C)c(N=Nc2c(OC)cc([N+](=O)[O-])cc2)c(C)onc1=O failed to sanitize.
16:51:13 <INFO> Sampled SMILES [O-]1(N(CCC#N)CCC#N)c2ccccc2S(=O)(=O)N1c1ccc(N)cc1 failed to sanitize.
16:51:13 <INFO> Sampled SMILES Oc1c(N=Nc2c(C)c(C)ccc2)ccc(F)cc1 failed to sanitize.
16:51:13 <INFO> Sampled SMILES O(c1sc(N=O)c2c(C(F)(F)F)cccc2[nH]1)c1nc(CC)no1 failed to sanitize.
16:51:13 <INFO> Sampled SMILES c1(C(COCC)=NNC2CS(=O)(O)CCO2)c2c(ccn2C(=O)CCCl)C1=NNCCO failed to sanitize.
16:51:13 <INFO> Sampled SMILES c1cccc2c1c(O)ccc(N=Nc2c(C)cc(NCCC#N)cc1)c1 failed to sanitize.
16:51:13 <INFO> Sampled SMILES c1(N=Nc2c(OC)cc(N(CC)CC)cc2)c2c(cccc2)CCC1 failed to sanitize.
16:51:13 <INFO> Sampled SMILES C(=NNc1c(C(=O)OC)cc([N+](=O)[O-])c1)c1c(Cl)cc([N+]([O-])=O)cc1-c1ccc(N(C)C)cc1 failed to sanitize.
16:51:13 <INFO> Sampled SMILES CN(Cc1cccs1)C(=O)CC(=O)c1c(N=Nc2ccc([N+](=O)[O-])cc2)ccc1O failed to sanitize.
16:51:13 <INFO> Sampled SMILES c1cccc2c1[nH]c(Sc1cc(N3CCCC3)nc(C(F)F)n1)(OC)=O2 failed to sanitize.
16:51:13 <INFO> Sampled SMILES c1cnn(C)c1-c1c(N=Nc2ccc([N+]([O-])=O)cc2)ccc1O failed to sanitize.
16:51:13 <INFO> Sampled SMILES c1ccccc1-c1ccnc(N=c2ccc(N3CCOCC3)c(C)c2)c1 failed to sanitize.
16:51:13 <INFO> Sampled SMILES F(c1cc(N=Nc2c(Cl)cccc2Cl)cc1)C1CC2CC1C2 failed to sanitize.
16:51:13 <INFO> Sampled SMILES c1cccc2c1n(C)c(N=Nc1nc3c(-c4ccccc4)csc3n1)s2 failed to sanitize.
16:51:13 <INFO> Sampled SMILES c1(F)c(F)c(N=Nc2c(F)(F)c(F)c(F)c(F)c2F)c(F)c(F)c1 failed to sanitize.
16:51:13 <INFO> Sampled SMILES c1(C(=O)N)c(NCCOS(=O)(=O)C)sc(N=Nc2c(Br)cc([N+](=O)[O-])cc2[N+]([O-])=O)cc1 failed to sanitize.
16:51:13 <INFO> Sampled SMILES c1c(NCCOCCOCCC#N)ccc(O)cc1 failed to sanitize.
16:51:13 <INFO> Sampled SMILES c1c(N=Nc2c(F)F)c(N(CCO)CCC#N)cccc2c(=O)c1C failed to sanitize.
16:51:13 <INFO> Sampled SMILES C(Oc1c(C(O)=O)cc(C(OC)=O)ccc1Br)c1c(F)cccc1Cl failed to sanitize.
16:51:13 <INFO> Sampled SMILES c1c(OC)c(N2CCOCC2)ccc1N=Nc1ccc(Nc2n(-c3ccc([N+](=O)[O-])cc3)cn2)cc1 failed to sanitize.
16:51:13 <INFO> Sampled SMILES N(=Nc1ccc(N#Nc2c(C)ccc3c([O-])cccc23)cc1)(C)C failed to sanitize.
16:51:13 <INFO> Sampled SMILES c1(N=Nc2c(Cl)cccc2)c(C)cc(NC(CCO)CCO)c1 failed to sanitize.
16:51:13 <INFO> Sampled SMILES c1(Cl)c(N=Nc2c(-c3ccccc3)c(C(OCC)=O)c(NCCO)n2)cccc1 failed to sanitize.
16:51:13 <INFO> Sampled SMILES O(c1cc(Br)ccc1)=Nc1ccc(N(C)C)cc1 failed to sanitize.
16:51:13 <INFO> Sampled SMILES c1(C(=Cc2conc2)CCC)c(O)c(O)c2c1C=Nc1ccccc1O2 failed to sanitize.
16:51:13 <INFO> Sampled SMILES C(=Nc1cccc(C(=O)NC2CC2)c1)(C)=O failed to sanitize.
16:51:13 <INFO> Sampled SMILES c1(N=Nc2nccn2C)scc1 failed to sanitize.
16:51:13 <INFO> Sampled SMILES c1c(OCC)c(N=Nc2c([N+]([O-])=O)cc([N+]([O-])=O)cc2Br)cccc1 failed to sanitize.
16:51:13 <INFO> Sampled SMILES c1(NCCC#N)cc(C)c(N=Nc2ccc(C)cc2)c1 failed to sanitize.
16:51:13 <INFO> Sampled SMILES c1(N=Nc2c(N3CCCCC3)cccc2)c2ccccc2N=Nc12CCCCC2 failed to sanitize.
16:51:41 <INFO> Sampled SMILES c1ccc(N=Nc2c(F)Fnc(C#N)c(N3CCCC3)c2)cc1 failed to sanitize.
16:51:41 <INFO> Sampled SMILES C(N#CCNc1c(N(C)C)cccc1)C failed to sanitize.
16:51:41 <INFO> Sampled SMILES c1(N=Nc2cccc(C(O)=O)c2)c(C)cc(NBr)c1C failed to sanitize.
16:51:41 <INFO> Sampled SMILES c1(N=Nc2cc(-c3ccccc3)ccc2)ccc(Br)cc1#N failed to sanitize.
16:51:41 <INFO> Sampled SMILES n1(C(C)C)cc(N=Nc2ccc(S(=O)(=O)O)cc2C(F)(F)F)c1 failed to sanitize.
16:51:41 <INFO> Sampled SMILES Clc1c(N2CCOCC2)ccc(N(CCC#N)CCO)cc1 failed to sanitize.
16:51:41 <INFO> Sampled SMILES C(=Nc1ccc(N=Nc2ccc(N(CC)CC)cc2)cc1)C#O failed to sanitize.
16:51:41 <INFO> Sampled SMILES Oc1cc(C#N)cc(C=N=Nc2cc(N(C)C)ccc2)c1 failed to sanitize.
16:51:41 <INFO> Sampled SMILES [O-][N+](c1cc(N=Nc2ccccc2)c(C)c1)=O failed to sanitize.
16:51:41 <INFO> Sampled SMILES c1(N=Nc2c(F)c3c(c(F)c2F)Sc2ccccc2S3)sc(N)c(N)cc1 failed to sanitize.
16:51:41 <INFO> Sampled SMILES c1(C(F)(F)F)ccc(N=Nc2sc(CC)nc2C)c1 failed to sanitize.
16:51:41 <INFO> Sampled SMILES c1(N=Nc2sc(NCCBr)c(C(=O)OCC)c2-c2ccccc2)c(C)no1 failed to sanitize.
16:51:41 <INFO> Sampled SMILES Oc1c(N=Nc2c(C)cc(C)cc2C)ccc(C(F)(F)F)cc1 failed to sanitize.
16:51:41 <INFO> Sampled SMILES C#Nc1cc(C(=O)OC)cc(N=Nc2c(C)c(C)cc(C)c2)c1 failed to sanitize.
16:51:41 <INFO> Sampled SMILES Oc1cc(Br)c(N=Nc2c(C)c(C(N)=O)c(=O)c3n(c3-c3ccccc3)ns1)CC2 failed to sanitize.
16:51:41 <INFO> Sampled SMILES c1(N=Nc2c(O)nc(O)nc2O)cc(N(c2ccccc2)=Nc2c(C(C)=O)cccc2)c(C)cc1 failed to sanitize.
16:51:41 <INFO> Sampled SMILES c1(Cl)c(N=Nc2c(-c3ccccc3)c(C(=O)OCC)c(-c3ccccc3)n2)ccc(O)c1 failed to sanitize.
16:51:41 <INFO> Sampled SMILES C(OC)(=O)c1cn[nH]c(N=Nc2ccc(OC)cc2)c1 failed to sanitize.
16:51:41 <INFO> Sampled SMILES c1(C#N)cc([N+]([O-])=O)ccc1N=Nc1sc(NCCBrBr)s1 failed to sanitize.
16:51:41 <INFO> Sampled SMILES F(c1cc(C(F)(F)F)ccc1N=Nc1ccc(OC)cc1)C(OC)(CC)N[N+](=O)[O-] failed to sanitize.
16:51:41 <INFO> Sampled SMILES c1c2[nH]ccc2c(Cl)c1N=Nc1c(C(F)(F)F)cccc1 failed to sanitize.
16:51:41 <INFO> Sampled SMILES c1ccc(C(C)(O)c2c(N=Nc3ccc([N+](=O)[O-])cc3)ccc3n(C)cc23)cc1 failed to sanitize.
16:51:41 <INFO> Sampled SMILES c1(N=Nc2cccc(N)c2)c(C)sc1NCC failed to sanitize.
16:51:41 <INFO> Sampled SMILES c1c(C)cNc(N=Nc2c([nH])ccc2)ccc1 failed to sanitize.
16:51:41 <INFO> Sampled SMILES c1(C)c(N=Nc2c3c(cccc3)C=CC2)c2ccccc2n1C failed to sanitize.
16:51:41 <INFO> Sampled SMILES c1c(NCc2cn[nH]c2)ccc(O)cc1 failed to sanitize.
16:51:41 <INFO> Sampled SMILES [O-](c1[nH]nnc1C=O)c1ccc(N=Nc2ccccc2)cc1 failed to sanitize.
16:51:41 <INFO> Sampled SMILES O(c1ccc(N=Nc2ccc(N(C)C)cc2)cc1)([N+](=O)[O-])C failed to sanitize.
16:51:41 <INFO> Sampled SMILES Cc1c([N+](=O)[O-])cc(OC)c(N=Nc2c(F)c(F)c(N=Nc3ccc([N+](=O)[O-])cc3)cc2)cc1[N+](=O)[O-] failed to sanitize.
16:51:41 <INFO> Sampled SMILES c1([N+]([O-])=O)cc(OC)c(N=Nc2c(O)nc(NC(=O)C(C)(C)C)nc2C)c1 failed to sanitize.
16:51:41 <INFO> Sampled SMILES c1cc(Oc2ccccc2)c(N=Nc2sc(N=O)sc2C)cc1 failed to sanitize.
16:51:41 <INFO> Sampled SMILES C1C(C(O)(CCC)C(=O)Nc2ccc(C)c([N+]([O-])(=O)c2)c2ccco2)c(=O)[nH]c1=O failed to sanitize.
16:51:41 <INFO> Sampled SMILES c1cc(O)cc(C)c1N=NcClcc1ccccc1 failed to sanitize.
16:51:41 <INFO> Sampled SMILES C(O)(c1noc(N=nc2ccc(Cl)cc2)n1)c1ccc(N(CC)CC)cc1 failed to sanitize.
16:51:41 <INFO> Sampled SMILES N(=Nc1cc(OC)ccc1)n failed to sanitize.
16:51:41 <INFO> Sampled SMILES c1(C(F)(F)F)ccc(N=Nc2c(C)cccc2)c1 failed to sanitize.
16:51:41 <INFO> Sampled SMILES c1(N=Nc2ccc(NCCC#N)cc2)cc([N+]([O-])=O)cc1 failed to sanitize.
16:51:41 <INFO> Sampled SMILES c1(N(CCC#N)CCO)cc(C(OCCC)=O)cc1C failed to sanitize.
16:51:41 <INFO> Sampled SMILES c1nc(N=N=Sc2ccccc2)sc1 failed to sanitize.
16:51:41 <INFO> Sampled SMILES n1(-c2ccc(N=Nc3ccc(Br)cc3)c2)c2c3c(c1)CCCN3CCC2 failed to sanitize.
16:51:41 <INFO> Sampled SMILES C1C(C)(C)c(c2ccc(N=Nc3ccc(S(C)(=O)=O)cc3)c2)C(C)(C)O1 failed to sanitize.
16:51:41 <INFO> Sampled SMILES c1cc(N=Nc2scs2)ccc1N(CCO)CCC#N failed to sanitize.
16:51:41 <INFO> Sampled SMILES N(c1cccc(Cl)c1C)=Nc1c(-c2ccccc2)c(OCCO)c(NCCCOC)c1 failed to sanitize.
16:51:41 <INFO> Sampled SMILES c1(F)c(N=Nc2c(C)nn(-c3ccc(C)cc3)c2O)c(OC)c(OC)c1 failed to sanitize.
16:51:41 <INFO> Sampled SMILES c1cc2[nH]nc(C)c2c(N=Nc2ccc(OC)cc2OC)o1 failed to sanitize.
16:51:41 <INFO> Sampled SMILES c1(C(=O)OC(C)(C)C)ccc(C(F)(F)F)c1N=Nc1c(C)nn(C)c1C failed to sanitize.
16:51:41 <INFO> Sampled SMILES c1cc(N(CC)CC)c(N=Nc2c(C#N)cc([N+]([O-])=O)cc2OC)ccc1 failed to sanitize.
16:51:41 <INFO> Sampled SMILES C(N(CCCl)c1ccc(N=Nc2c(c3ccccc3)cc(c2)c2ccccc2O1)CCO)c failed to sanitize.
16:51:41 <INFO> Sampled SMILES c1(N=Nc2nc3c(o2)cccc3)nccn1 failed to sanitize.
16:51:41 <INFO> Sampled SMILES c1(-c2c(N=Nc3c(C(C)(C)C)nc(CC)c3C)c(C)[nH]c(=O)c2)ccccc1 failed to sanitize.
16:51:41 <INFO> Sampled SMILES O=[N+]([O-])c1ccc(N=Nc2c(C)c(C(N)=O)c(=O)c3c(C=O)c(C)n(CCCBr)c23)cc1 failed to sanitize.
16:51:41 <INFO> Sampled SMILES Cc1c(C(=O)N2CCCC(NC(=O)C=C3CCCCCC3)C2)ccc([N+](=O)[O-])cc1[N+](=O)[O-] failed to sanitize.
16:51:41 <INFO> Sampled SMILES c1(F)c(N=Nc2sc(C)ncc2)ccc1O failed to sanitize.
16:51:41 <INFO> Sampled SMILES O=C(c1cccc(-c2cc(C(F)(F)F)cc([N+](=O)[O-])c2)c1)=O failed to sanitize.
16:51:41 <INFO> Sampled SMILES Cc1cc([N+](=O)[O-])cc(N(C)C)c1N=Nc1c(C#O)cccc1C(C)=O failed to sanitize.
16:51:41 <INFO> Sampled SMILES F(c1c(N=Nc2c(N3CCCC3)cccc2)ccc(OC)c1)c1ccccn1 failed to sanitize.
16:51:41 <INFO> Sampled SMILES c1cccc2c1[nH]c(N=Nc1nc(SC)ncc1OC)c1ccccc12 failed to sanitize.
16:51:41 <INFO> Sampled SMILES C(c1c(=O)n(CCCOC(C)C)c(NCCCOC)c(N=Nc2ccc(C(O)=O)cc2)c1C)#O failed to sanitize.
16:51:41 <INFO> Sampled SMILES c1(N=Nc2ccc(N(CC)CC)cc2)[nH]c(=O)[nH]c1=O failed to sanitize.
16:51:41 <INFO> Sampled SMILES CN(c1ccc(N=Nc2cc(F)ccc2)c1)C failed to sanitize.
16:51:41 <INFO> Sampled SMILES c1(N=Nc2ccccc2Br)c(C#N)ccc1N(CCO)CCO failed to sanitize.
16:51:41 <INFO> Sampled SMILES c1(N=Nc2ccc([N+](=O)[O-])cc2C(F)(F)F)c(C(C)C)ccc1C#N failed to sanitize.
16:51:41 <INFO> Sampled SMILES c1(N2CC2)c(N=Nc2sc(CC)nn2)ccc(C(F)(F)F)cc1 failed to sanitize.
16:51:41 <INFO> Sampled SMILES N(c1c(C#N)c(S(C)(=O)=O)nn1)=Nc1ccccc1 failed to sanitize.
16:51:41 <INFO> Sampled SMILES c1(C(OCC)=O)cc(F)c(N=Nc2ccc([N+](=O)[O-])cc2)c1 failed to sanitize.
16:51:41 <INFO> Sampled SMILES c1(N=Nc2ccc(OC)c(OC)c2)cc(C)cc1N=Nc1c(C)noc1C failed to sanitize.
16:51:41 <INFO> Sampled SMILES c1c(OC)c(N=Nc2c(C(F)(F)F)cc([N+](=O)[O-])cc2)c(OCC)c1 failed to sanitize.
16:51:41 <INFO> Sampled SMILES Cc1c(Br)ccc(N)c1N=Nc1c(C)c(C#N)c(=O)n(C)c1(C)C failed to sanitize.
16:51:41 <INFO> Sampled SMILES c1(N=Nc2ccccc2)c(C)c2ccccc2n1 failed to sanitize.
16:51:41 <INFO> Sampled SMILES c1[n+]([O-])ccc(N=Nc2ccc(OC)cc2)c1N=Nc1cc(C(=O)O)cc(C#N)cc1 failed to sanitize.
16:51:41 <INFO> Sampled SMILES N(=Nc1nc(C(=O)OCC)c(CNCCC)c(C)s1)c1ccc([N+]([O-])=O)cc1 failed to sanitize.
16:51:41 <INFO> Sampled SMILES c1cc(OC)c(N=Nc2ccc([N+]([O-])=O)cc2)ccc1N(CCO)CCC#N failed to sanitize.
16:51:41 <INFO> Sampled SMILES c1c(N=Nc2cccc(C#N)c2)c(C)onc1C failed to sanitize.
16:51:41 <INFO> Sampled SMILES c1(N=Nc2ccc(NC(=O)C)cc2)c2ccccc2[nH]c1=O failed to sanitize.
16:51:41 <INFO> Sampled SMILES c1(NCCC#N)CCN(c2ccc(Cl)cc1)C2 failed to sanitize.
16:51:41 <INFO> Sampled SMILES c1([N+](=O)[O-])ccc(N=Nc2ccc(O)c(C=O)c(C)c2)cc1 failed to sanitize.
16:51:41 <INFO> Sampled SMILES c1ccc(N=Nc2c(C)n(S(=O)(=O)[O-])c2C)c([N+](=O)[O-])c1 failed to sanitize.
16:51:41 <INFO> Sampled SMILES C(C)Oc1c(F)cc(C(=O)C)c(C#N)cc1F failed to sanitize.
16:51:41 <INFO> Sampled SMILES O(CCc1c(Cl)cccc1Cl)c1sc(C(N)=O)c2c(N3CCSCC3)cccc2c1 failed to sanitize.
16:51:41 <INFO> Sampled SMILES C(c1ccc(N=Nc2ccccc2)cc1)C#O failed to sanitize.
16:51:41 <INFO> Sampled SMILES c1c(NCCC#N)cc(N=Nc2c(O)cccc2)ccc1 failed to sanitize.
16:51:41 <INFO> Sampled SMILES N(Cc1cc(C(=O)OC)cc(N=Nc2c(Br)cc([N+]([O-])=O)cc2)cc1)C(F)(F)F failed to sanitize.
16:51:41 <INFO> Sampled SMILES COc1c(NC(=O)c2cccn(C(F)F)c2=O)ccccc1[N+](=O)[O-] failed to sanitize.
16:51:41 <INFO> Sampled SMILES c1c(O)n(-c2ccc(N=Nc3scc(SC)c3)cc2)c2cccnc2n1 failed to sanitize.
16:51:41 <INFO> Sampled SMILES C([N+](=O)(Br)c1ccc(N=Nc2cc(C#N)cc(C#N)c2)cc1)(F)F failed to sanitize.
16:51:41 <INFO> Sampled SMILES O(c1c(C)cccc1)=Nc1ccccc1 failed to sanitize.
16:51:41 <INFO> Sampled SMILES c1cccc2c(O)cccc2Nc1 failed to sanitize.
16:51:41 <INFO> Sampled SMILES c1c2c(ccc1[N+](=O)[O-])nc(N=Nc1sc(N3CC3)cc(C(F)(F)F)c1=O)s2 failed to sanitize.
16:51:41 <INFO> Sampled SMILES O=[N+]([O-])c1ccc(C=N=Nc2c(F)c(F)cc(F)c2F)c(Cl)c1 failed to sanitize.
16:51:41 <INFO> Sampled SMILES CCN(c1cc(OC)c(OC)c1C)c1ccc(C#N)cc1 failed to sanitize.
16:51:41 <INFO> Sampled SMILES Cc1cn(-c2cc(N=Nc3c(C)cccc3)cc(C)cc2)c(C#N)n1 failed to sanitize.
16:51:41 <INFO> Sampled SMILES c1(OC)ccc(-c2cc(C(F)(F)F)ccc2F)c1N failed to sanitize.
16:51:41 <INFO> Sampled SMILES c1(N=Nc2oc(-c3ccccc3)s2)ccc(OC)cc1 failed to sanitize.
16:51:41 <INFO> Sampled SMILES N(c1c(C)cnc(N2CCCC2)c(C#N)c1)=Nc1ccccc1 failed to sanitize.
16:51:41 <INFO> Sampled SMILES N(c1c(C)csc1C=O)c1sc(N=Nc2c(Cl)cccc2)n(C)c1=O failed to sanitize.
16:51:41 <INFO> Sampled SMILES O=[N+](c1cc(F)ccc1)=Nc1ccc(N=Nc2c(C)onc2C)cc1 failed to sanitize.
16:51:41 <INFO> Sampled SMILES c1(C#N)c(N(CCCO)CCC#N)c(C)[nH]1 failed to sanitize.
16:51:41 <INFO> Sampled SMILES Oc1c(N=Nc2n[nH]cc2)ccc(C(F)(F)F)cc1 failed to sanitize.
16:51:41 <INFO> Sampled SMILES c1cccc2oc(-c3ccccc3N=Nc3[nH]c(N)cc3C)c12 failed to sanitize.
16:51:41 <INFO> Sampled SMILES N(c1c(N2CCCC2)Cc2c(cccc2)N=Nc2ccc([N+]([O-])=O)cc2n1)=Nc1c(CF)cccc1 failed to sanitize.
16:51:41 <INFO> Sampled SMILES C1C(C)(C)c(c2cc(N=Nc3c(C)cccc3)cc2)C(=O)CCC1 failed to sanitize.
16:51:41 <INFO> Sampled SMILES c1c(N=Nc2ccccc2[N+](=O)[O-])ccc(N(CCCl)=N=Nc2c(O)cc([N+]([O-])=O)cc2)c1 failed to sanitize.
16:51:41 <INFO> Sampled SMILES c1ccc(N=Nc2ncc(Nc3ccc(O)cc3)c2)cc1 failed to sanitize.
16:51:41 <INFO> Sampled SMILES N(=Nc1c(-c2ccccc2)c(C(OCC)=O)c(N3CC3)ccc1C)c1ccccc1 failed to sanitize.
16:51:41 <INFO> Sampled SMILES N(c1c(=O)n(C)c(N=Nc2c(C#N)cccc1)c1ccc(C)cc1)=OCC2=Nc1c(Cl)cccc1 failed to sanitize.
16:51:41 <INFO> Sampled SMILES Oc1c(F)cc(F)cc(N=N=Nc2c(C(C)(C)C)cc(C(C)(C)C)cc2OC)c1 failed to sanitize.
16:51:41 <INFO> Sampled SMILES c1(F)c(N=Nc2ccccc2)c(O)c(N=Nc2c(O)n(C)c(=O)n(C)c2=O)c1C failed to sanitize.
16:51:41 <INFO> Sampled SMILES O=C(C1CCN(c2ncc(C(=O)OCC)cc2)(CC)CC1)Oc1ccc(Cl)cc1 failed to sanitize.
16:51:41 <INFO> Sampled SMILES c1([N+]n2c(C)cc(C)c(N=Nc3c(F)cccc3F)c2)cccc1 failed to sanitize.
16:51:41 <INFO> Sampled SMILES c1(O)c(N=Nc2c(C)nn(-c3nc(C)c(C)c3C)c2C)c(C)nn1C failed to sanitize.
16:51:41 <INFO> Sampled SMILES Oc1c(N=Nc2c(C)n[nH]c2C)ccc(F)cc1 failed to sanitize.
16:51:41 <INFO> Sampled SMILES COc1ccc(-n2nc(C)c(N=Nc3c(OC)cc(N(CC)CC)ccc3)c2=O)cc1 failed to sanitize.
16:51:41 <INFO> Sampled SMILES FC(c1noc(C2CCN(c3ccccc3[N+](=O)[O-])CC2)n1)(OC)=O failed to sanitize.
16:51:41 <INFO> Sampled SMILES c1(N=Nc2sccn2)[nH]c(c2ccccc2)(C(=O)=Cc2c(-c3ccc(OC)cc3)noc2=O)n1C failed to sanitize.
16:51:41 <INFO> Sampled SMILES C(C#N)CN1c2c(cc(N=Nc3ccccc3)c(C(C)=O)c(C)c1)CC2 failed to sanitize.
16:51:41 <INFO> Sampled SMILES Br(C#N)c1ccc(O)c(N=Nc2ccc(OC)cc2)c1 failed to sanitize.
16:51:41 <INFO> Sampled SMILES c1c(N=Nc2c(C)onc2C)cc(C)ccc1 failed to sanitize.
16:51:41 <INFO> Sampled SMILES c1(C(c2c(OC)ccc(N=Nc3ccc([N+]([O-])=O)cc3)s2)c2ccccc2)n[nH]1 failed to sanitize.
16:51:41 <INFO> Sampled SMILES N(=Nc1ccc(F)cc1)=Nc1ccccc1 failed to sanitize.
16:51:41 <INFO> Sampled SMILES c1(O)cc(O)ccc(N=Nc2c(C)onc2C)c1 failed to sanitize.
16:51:41 <INFO> Sampled SMILES c1c(N=Nc2ccc(C(F)(F)F)cc2)c2ccccc2c(N=Nc2cc(OC)c(OC)c(OC)c2)cc1 failed to sanitize.
16:51:41 <INFO> Sampled SMILES N(c1ccc(N=Nc2c(C)c(C#N)c(=O)n(C)c2=O)cc1)(C)C failed to sanitize.
16:52:11 <INFO> Sampled SMILES COc1c(O)cc(C(=O)C)c(C)cc1N=Nc1c(C)cc([N+]([O-])=O)cc1O failed to sanitize.
16:52:11 <INFO> Sampled SMILES c1([N+]([O-])=O)cc(OC)c(N=Nc2c(C#N)cc(Cl)cc2OC)c1C failed to sanitize.
16:52:11 <INFO> Sampled SMILES c1c2[nH]ccc2c(Cl)ccc1N=Nc1ccc(NC(C)=O)cc1 failed to sanitize.
16:52:11 <INFO> Sampled SMILES c1(N=Nc2cc(OC)ccc2)c(C)cc(N(CCC#N)CCOS(=O)([O-])=O)c(N(C)C)cc1 failed to sanitize.
16:52:11 <INFO> Sampled SMILES Cn1c(CNC(=O)c2csc(C3CCN(C(=O)C(O)CO)CC3)n2)c(C(F)(F)F)nN1C(=O)OC(C) failed to sanitize.
16:52:11 <INFO> Sampled SMILES c1(CC)c2ccc(N=Nc3ccc(N(C)C)cc3)cc2[nH]nc1=O failed to sanitize.
16:52:11 <INFO> Sampled SMILES c1cc2c(cccc2[nH]=NNc2nc(CCO)c(OCCOCC)n2)c1C failed to sanitize.
16:52:11 <INFO> Sampled SMILES c1(N=Nc2sc(C)cn2)cccc1 failed to sanitize.
16:52:11 <INFO> Sampled SMILES c1cc(N(CC)CC)c(OC)cc1N=Nc1nc2c(c(N(C)C)[nH](C3CCCCC3)c2=NNC(=O)C)cc1 failed to sanitize.
16:52:11 <INFO> Sampled SMILES c1(C)n(-c2ccc(N=Nc3c(C(=O)OC)cc(NCCBr)c(C)c3)c2)c(N=Nc2[nH]c(C(=O)OCC)c(NCCBr)c2)c(C)n1 failed to sanitize.
16:52:11 <INFO> Sampled SMILES c1(C)c(C#N)c(=O)n(CC)c(N=Nc2c(C)n(C)n(-c3ccccc3)c2O)c1N failed to sanitize.
16:52:11 <INFO> Sampled SMILES O#CCNc1c(N=Nc2cc(C(F)(F)F)ccc2)c(F)ccc1F failed to sanitize.
16:52:11 <INFO> Sampled SMILES c1(N=Nc2ccc(N(CCC#N)CCO)cc2C)c(OC)c([N+]([O-])=O)c(N(CC)CC)c1 failed to sanitize.
16:52:11 <INFO> Sampled SMILES N#CC(c1ccccc1)c1c(O)c(OCC)c(N=Nc2ccc([N+]([O-])=O)cc2)c1 failed to sanitize.
16:52:11 <INFO> Sampled SMILES Cc1[nH]c2c(F)cc(F)cc2c1=Nc1ccc(N(CC)CC)cc1 failed to sanitize.
16:52:11 <INFO> Sampled SMILES c1ccc2c(ccc(O)c2N=Nc2c(C)c(C#N)c([N+](C)=O)c)cc12 failed to sanitize.
16:52:11 <INFO> Sampled SMILES c1(N=Nc2cc(C)ccc2O)ccccc1=O failed to sanitize.
16:52:11 <INFO> Sampled SMILES O=c1[nH]c2c(N3CCCCC3)csc2n1 failed to sanitize.
16:52:11 <INFO> Sampled SMILES CC(C)N(c1nc(N=Nc2ccc([N+]([O-])=O)cc2)c(C)c(C#N)c(=O)n1CC)c1c(C)cc(C)cc1C failed to sanitize.
16:52:11 <INFO> Sampled SMILES c1ccc(N)c(C=N=Nc2c(F)c(F)c(C(F)(F)F)c(F)c2F)c1 failed to sanitize.
16:52:11 <INFO> Sampled SMILES c1cccc2c1c(O)ccc(N=Nc2sccc1)c1 failed to sanitize.
16:52:11 <INFO> Sampled SMILES c1cc(N(CCC#N)CCC#N)cc(C)c1N=Nc failed to sanitize.
16:52:11 <INFO> Sampled SMILES O=[N+](=O)c1cc(N=Nc2ccc(Br)cc2)ccc1NCCCO failed to sanitize.
16:52:11 <INFO> Sampled SMILES c1(N=Nc2sc(C)cn2)cccc1 failed to sanitize.
16:52:11 <INFO> Sampled SMILES c1(O)n(CCC=Cc2ccc(N=O)cc2)cc1N=Nc1c(C#N)cc(C#N)cc1C#N failed to sanitize.
16:52:11 <INFO> Sampled SMILES N1(c2c(C)cc(N)cc2)(CCNCCC#N)CCCCCC1 failed to sanitize.
16:52:11 <INFO> Sampled SMILES Fc1c(N=Nc2c(C)noc2C)c(F)cccc1 failed to sanitize.
16:52:11 <INFO> Sampled SMILES [O-]#[O-][N+](C)c1cc(N=Nc2ccc(NCCC#N)cc2)ccc1 failed to sanitize.
16:52:11 <INFO> Sampled SMILES c1(N=Nc2ccc(C(=O)C)cc2)nc2ccc(N=Nc3ccc([N+](=O)[O-])cc3)ccc21 failed to sanitize.
16:52:11 <INFO> Sampled SMILES C(C(=O)N(c1ccc([N+](=O)[O-])cc1)C(C)C)c1sc(-c2ccc(F)cc2)cc1=O failed to sanitize.
16:52:11 <INFO> Sampled SMILES c1(Cl)c(N=Nc2ccc(O)cc2)ccc1Br failed to sanitize.
16:52:11 <INFO> Sampled SMILES c1(N#CCC#N)ccc(N=Nc2ccc(NCCC#N)cc2)cc1 failed to sanitize.
16:52:11 <INFO> Sampled SMILES c1(N=Nc2ccc(C(F)(F)F)cc2)ccc2[nH]c(c3ncccc3)c(=O)c(O)c2c1C failed to sanitize.
16:52:11 <INFO> Sampled SMILES [O-][N+](c1cc(N=Nc2ccc(Cl)cc2)cc1)[N+](=O)[O-] failed to sanitize.
16:52:11 <INFO> Sampled SMILES c1cc(F)c2c(N=Oc3cccnc3)c(C)ccc2c1 failed to sanitize.
16:52:11 <INFO> Sampled SMILES O(CCCc1c(-c2cccs2)c(N=O)[nH]c1=O)CCCC#N failed to sanitize.
16:52:11 <INFO> Sampled SMILES N(=Nc1ccccc1)c(N=Nc1c(C#N)cc(C#N)cc1C#N)c1ccccc1 failed to sanitize.
16:52:11 <INFO> Sampled SMILES c1ccc2[nH]ccc2cc1N=Nc1c(C)cccc1 failed to sanitize.
16:52:11 <INFO> Sampled SMILES FC(F)(c1c(N=Nc2ccccc2)c(C(F)(OC)=O)s1)c1ccccc1 failed to sanitize.
16:52:11 <INFO> Sampled SMILES c1cc(-c2c(N=Nc3ccc4c(c3)CCCO4)ccc2)ccc1 failed to sanitize.
16:52:11 <INFO> Sampled SMILES c1(C#N)cc(-c2ccc(O)c(N=Nc3ccc(N(C)C)cc3)c2)cc1 failed to sanitize.
16:52:11 <INFO> Sampled SMILES c1(N=Nc2cccc(C(C)=O)c2)sc2c1CCCCC2 failed to sanitize.
16:52:11 <INFO> Sampled SMILES c1(F)c(F)c(Cl)c(N=Nc2c(O)cccc2)c1F failed to sanitize.
16:52:11 <INFO> Sampled SMILES c1(N=Nc2ccc(N(CCCl)CCCl)cc2)cc(C)cc1[N+](=O)[O-] failed to sanitize.
16:52:11 <INFO> Sampled SMILES OC(c1ccc(N=Nc2c(C)c(C#N)c(=O)n(CC)c2=O)cc1)(Cl)C failed to sanitize.
16:52:11 <INFO> Sampled SMILES Cc1cc(N(CC)CC)c(N=oc2ccc(OC)cc2)cc1 failed to sanitize.
16:52:11 <INFO> Sampled SMILES c1(C)c(N=Nc2ccc(NC(=O)C)cc2)c(C)o(C)c(=O)c1C failed to sanitize.
16:52:11 <INFO> Sampled SMILES N(=Nc1c(-c2ccc([N+](=O)[O-])cc2)ccc1C)c1ccccc1 failed to sanitize.
16:52:11 <INFO> Sampled SMILES [O-](c1sc(N=Nc2ccc([N+](=O)[O-])cc2)s1)CCCNC(=O)OCC failed to sanitize.
16:52:11 <INFO> Sampled SMILES c1(OC)cc(O)c(N=Nc2ccc(N(CC)CC)cc2)c1O failed to sanitize.
16:52:11 <INFO> Sampled SMILES c1(N=Nc2cc(C)ccc2)cccc1 failed to sanitize.
16:52:11 <INFO> Sampled SMILES c1c(C(CCO)CC)c(C)c(N=Nc2ccc(N(CC)CC)cc2)c1 failed to sanitize.
16:52:11 <INFO> Sampled SMILES n1(-c2cc(N=Nc3ccc(N4CCOCC4)c(C)c3)cc2)c2c3c(c(=O)oc2c1C)CCCC3 failed to sanitize.
16:52:11 <INFO> Sampled SMILES c1c2sc(N=Nc3n4ccccc4n3)ccc2c(=O)c1CCC(N=NNC1CCCCC1)C(=O)OC failed to sanitize.
16:52:11 <INFO> Sampled SMILES c1cc2c(cc1)c(N=Nc1[nH]ncc3[nH]ncc13)c(C)[nH]2 failed to sanitize.
16:52:11 <INFO> Sampled SMILES n1c(N=Nc2c3c(cccc3)[nH]c2C)c(C)o1 failed to sanitize.
16:52:11 <INFO> Sampled SMILES Cl1(F)(C(F)(F)F)c2c(c(NCCC#N)c2)CCCCC1 failed to sanitize.
16:52:11 <INFO> Sampled SMILES C(OC)(=O)c1c(N=Nc2ccc(N(CCO)CCO)cc2)c(OC)cc1 failed to sanitize.
16:52:11 <INFO> Sampled SMILES c1ccc2c(c(O)ccc2N=Nc2ccc([N+]([O-])=O)cc2C#N)cc1 failed to sanitize.
16:52:11 <INFO> Sampled SMILES c1(Cl)c(Cl)c(N=Nc2c(C(O)C)N(CC)CCO)ccc2c1Cl failed to sanitize.
16:52:11 <INFO> Sampled SMILES c1(C(=O)N)c(N(CCO)CCO)c(C)c(N=Nc2c(Br)cc([N+]([O-])=O)cc2[N+](=O)[O-])c1C failed to sanitize.
16:52:11 <INFO> Sampled SMILES N(c1ccccc1)c1nc(N=Nc2ccc([N+]([O-])=O)cc2)c(C)n1 failed to sanitize.
16:52:11 <INFO> Sampled SMILES Oc1c(F)cc(F)cc(N=Nc2c(F)c(F)c(F)c(F)c2F)c1 failed to sanitize.
16:52:11 <INFO> Sampled SMILES N#Cc1c(NCCC#N)ccccc1 failed to sanitize.
16:52:11 <INFO> Sampled SMILES c1(N=Nc2cc(C)ccn2)cccc1 failed to sanitize.
16:52:11 <INFO> Sampled SMILES c1ccc(-c2nc3ccc(N=Nc4c([N+]([O-])=O)cc([N+]([O-])=O)cc4C(F)(F)F)cc3)c(O)c2n1 failed to sanitize.
16:52:11 <INFO> Sampled SMILES c1cc(N=Nc2sc(N3CC(O)CC3C)n2)ccc1C#N failed to sanitize.
16:52:11 <INFO> Sampled SMILES C(CN(c1ccccc1)(C(=O)CO)=NCCO)c1ccccc1 failed to sanitize.
16:52:11 <INFO> Sampled SMILES C(CCN(c1cc(C)c(Cl)cc1)=N(CCC#N)c1ccc(N(CC)CC)cc1)C#N failed to sanitize.
16:52:11 <INFO> Sampled SMILES c1(NC(C)=O)ccc(-c2nc(N=Nc3ccc([N+]([O-])=O)cc3)c(C)c(N(CC)CC)c2C(=O)OCC)c1 failed to sanitize.
16:52:11 <INFO> Sampled SMILES c1(N=Nc2c(Br)CCCSc3ccc(N4CCCC4)cc3)cccc2NC1 failed to sanitize.
16:52:11 <INFO> Sampled SMILES n1sc(C=NNc2ncnc3sccc23)c(C#N)c(OCC)c1 failed to sanitize.
16:52:11 <INFO> Sampled SMILES c1ccc2c(c(O)ccc2N=Nc2c(O)n(C)c(C)c2)cc1 failed to sanitize.
16:52:11 <INFO> Sampled SMILES FC(F)(F)C(F)(F)C(F)(C(F)(F)c1ccc(C)cc1)=Nc1c(OC)cccc1OC failed to sanitize.
16:52:11 <INFO> Sampled SMILES c1(NC(C)(C)C)cc(N(CCO)CCO)cc1 failed to sanitize.
16:52:11 <INFO> Sampled SMILES c1(N=Nc2nc[nH]c(C)c2=Nc2ccc(C)cc2)ccc(C)cc1 failed to sanitize.
16:52:11 <INFO> Sampled SMILES C1CCN(c2c(N=Nc3ccccc3)c(C)cn2)CC1 failed to sanitize.
16:52:11 <INFO> Sampled SMILES N#Cc1[nH]nccc1N=Nc1c(F)cccc1F failed to sanitize.
16:52:11 <INFO> Sampled SMILES C(Br)c1c(N=Nc2c(C)onc2C)c(OC)cc1[N+](=O)[O-] failed to sanitize.
16:52:11 <INFO> Sampled SMILES c1(Br)ccccCl1SCCNCCC#N failed to sanitize.
16:52:11 <INFO> Sampled SMILES c1(N=Nc2ccccc2)cc(C)c(C)c(N=Nc2c(O)cccc2)cc1 failed to sanitize.
16:52:11 <INFO> Sampled SMILES C(OC)c1cc(Sc2ccc(-c3nncs3)c(C)c2)c(OC)c1 failed to sanitize.
16:52:11 <INFO> Sampled SMILES N1(CC(O)(C)C)CCC(N=Nc2sc3c(c2C(=O)OCC)=NNC(=O)CC3)CCO1 failed to sanitize.
16:52:11 <INFO> Sampled SMILES C(#O)c1cc(OC)c(N=Nc2ccc([N+](=O)[O-])cc2)cc1 failed to sanitize.
16:52:11 <INFO> Sampled SMILES c1(CC#N)c(N=Nc2c(O)oc(C(C)(C)C)cc2=O)cs1 failed to sanitize.
16:52:11 <INFO> Sampled SMILES N(c1sc(N=Nc2s(CC)nc3ccccc32)cn1)=Nc1ccccc1 failed to sanitize.
16:52:11 <INFO> Sampled SMILES OCCN(c1ccccc1)=Nc1ccc([N+]([O-])=O)cc1 failed to sanitize.
16:52:11 <INFO> Sampled SMILES c1(NN=Nc2ccc([N+]([O-])=O)cc2Cl)c(C#N)cc([N+](=O)[O-])c1 failed to sanitize.
16:52:11 <INFO> Sampled SMILES c1(O)c(N2=CCCC2)ccc(N=Nc2cccc(C(OC)O)c2)c1 failed to sanitize.
16:52:11 <INFO> Sampled SMILES c1(C#N)c(-c2ccc(F)cc2)c(C)s1 failed to sanitize.
16:52:11 <INFO> Sampled SMILES O=c1c(-c2nc(N=Nc3c(-c4ccccc4)c(C(=O)OCC)c(NCCBr)s3)sc([N+](=O)[O-])c2)ccc(OC)c1 failed to sanitize.
16:52:11 <INFO> Sampled SMILES O1(c2c(F)cccc1F)c1sc(N=Nc3c(O)cc([N+]([O-])=O)cc3O)cc2C1 failed to sanitize.
16:52:11 <INFO> Sampled SMILES c1c(OC)c(O)c(N=Nc2ccc(Br)cc2)c(O)cc1 failed to sanitize.
16:52:11 <INFO> Sampled SMILES s1c([N+](=O)[O-])ccc(N=Nc2ccc(NCCC#N)cc2)c1 failed to sanitize.
16:52:11 <INFO> Sampled SMILES c1cc2c3c(cccc3c1N=Nc1c(N3CCCC3)sc(N3CC3)c1C(=O)C)=NCCBr2 failed to sanitize.
16:52:11 <INFO> Sampled SMILES C(n1cccc1)C(O)=N=Nc1c(O)n(CCC)c(C)c1C failed to sanitize.
16:52:11 <INFO> Sampled SMILES [N+](c1ccc(N=Nc2CCOCC2)c1)c1c(Cl)cccc1[N+](=O)[O-] failed to sanitize.
16:52:11 <INFO> Sampled SMILES OC(=O)c1c(N=Nc2ccc(N(CC)CC)cc2)c(C)onc1 failed to sanitize.
16:52:11 <INFO> Sampled SMILES c1(OC)ccc(-c2nc(N=Nc3ccc([N+]([O-])=O)cc3)c(C)nn2C)c1 failed to sanitize.
16:52:11 <INFO> Sampled SMILES Oc1c(-c2ccccc2)c(C)c(N=Nc2c(O)cccc2)ccc1 failed to sanitize.
16:52:11 <INFO> Sampled SMILES n1nc(C)c(N=Nc2c(O)n(-c3cc(S(=O)(O)=O)ccc3)c(C)c2-c1ccccc1)c1c failed to sanitize.
16:52:11 <INFO> Sampled SMILES Cc1c(N=Nc2ccccc2C(F(F)F)c2ccc(N(C)C)cc2)c(C)n(C)c1N failed to sanitize.
16:52:11 <INFO> Sampled SMILES Fc1c(F)cccc1N=Nc1cn(C)n1 failed to sanitize.
16:52:11 <INFO> Sampled SMILES C1(c2c(-c3n[nH]c4cc(Cl)ccc34)cs2)CCCCC1 failed to sanitize.
16:52:11 <INFO> Sampled SMILES O(CCO)C(OCCC#C(CCl)C1CC1)C(OCC)(C)C failed to sanitize.
16:52:11 <INFO> Sampled SMILES Cl(c1c(C)c(N=Nc2cc([N+]([O-])=O)ccc2)c(C)ccc1O)OCC failed to sanitize.
16:52:11 <INFO> Sampled SMILES N(=Nc1ccc(O)c2c1ccc=cc2)c1sc(NCC=O)cc1 failed to sanitize.
16:52:11 <INFO> Sampled SMILES N(CCC#N)(c1cc(C)c(N=Nc2c(Cl)cc([N+](=O)[O-])cc2)c(C)cCl1)CCO failed to sanitize.
16:52:11 <INFO> Sampled SMILES c1(N=Nc2c(C)n[nH]c2C)ccccc1=O failed to sanitize.
16:52:11 <INFO> Sampled SMILES c1(N(CCC#N)CCO)cc(N=Nc2cccc([N+](=O)[O-])c2)c(C(OC)=O)c1 failed to sanitize.
16:52:11 <INFO> Sampled SMILES o1c(C(NCC)c2ccc(OC)cc2)c(C)n(C)c1 failed to sanitize.
16:52:11 <INFO> Sampled SMILES OCc1c(N=Nc2ccccc2)c(-c2ccccc2)c(C)c1 failed to sanitize.
16:52:11 <INFO> Sampled SMILES [O-][N+](c1cc(N=Nc2cc(Cl)cc(Cl)c2)c(O)c)c1 failed to sanitize.
16:52:11 <INFO> Sampled SMILES N(=N#CCCC(=O)c1ccc(N=Nc2ccc(N(CC)CC)cc2)cc1)=O failed to sanitize.
16:52:11 <INFO> Sampled SMILES Oc1c(N=Nc2c(C)n[nH]c2C)ccc(F)cc1 failed to sanitize.
16:52:11 <INFO> Sampled SMILES n1nc(C)c(N=Nc2c(O)n(-c3cc(S(=O)(=O)[O-])ccc3N=Nc3c(O)cc(N)cc3)c2OC)c1 failed to sanitize.
16:52:11 <INFO> Sampled SMILES c1(C(=O)N(C2CCCC2)C2CCCC2)cc2c(c1O)CCN2C failed to sanitize.
16:52:11 <INFO> Sampled SMILES c1(N=Nc2ccc([N+]([O-])=O)cc2C(F)(F)F)sc(N=Nc2c(Br)cc([N+](=O)[O-])cc2C#N)c1C failed to sanitize.
16:52:11 <INFO> Sampled SMILES COc1ccc2c(c1)NC(=O)C2N(CCC#N)c1c(OCC)c(OC)c(OC)c1C failed to sanitize.
16:52:11 <INFO> Sampled SMILES c1c(N=Nc2c(N3CCCC3)cc(OC)cc2F)c([N+](=O)[O-])cccc1 failed to sanitize.
16:52:11 <INFO> Sampled SMILES [N-]=[N+](N(CCC#N)c1c(OC)cc(N=Nc2c([N+]([O-])=O)cc([N+]([O-])=O)cc2Br)c(C)c1)=O failed to sanitize.
16:52:11 <INFO> Sampled SMILES N#CCc1c(-c2ccc(Cl)cc2)c[nH]c1=O failed to sanitize.
16:52:39 <INFO> Sampled SMILES c12cc(N=Nc3nnc(C)c(=O)[nH]3)sc2c1 failed to sanitize.
16:52:39 <INFO> Sampled SMILES c1ccc2c(ccn2)c1N=Nc1c(O)cc([N+](=O)[O-])cc1 failed to sanitize.
16:52:39 <INFO> Sampled SMILES CN(c1c([N+](=O)[O-])cc(C(N)=S(=O)(=O)[O-])cc1OC)C failed to sanitize.
16:52:39 <INFO> Sampled SMILES c1cc([N+]([O-])c(O)c(N=Nc2sc3c(cccc3)n2)CC)cc1 failed to sanitize.
16:52:39 <INFO> Sampled SMILES c1c(ccc(OC)c(OC)c1N=Nc1sc(CC)nn1)c1ccccc1 failed to sanitize.
16:52:39 <INFO> Sampled SMILES c1([N+]([O-])=O)cc(N=Nc2cc([N+](=O)[O-])ccc2)c(C(F)(F)F)n(CCCCCl)c1 failed to sanitize.
16:52:39 <INFO> Sampled SMILES n1c(-c2ccccc2)c(N=Nc2sc(N(CC)CC)nc2C)c(C)n1 failed to sanitize.
16:52:39 <INFO> Sampled SMILES c1(N=Nc2c(C)cc(N(CCC#N)CCC#N)ccc2C)cccn1 failed to sanitize.
16:52:39 <INFO> Sampled SMILES COc1cc(N(CC)CC)c(OC)cc1N=Nc1c(C)n(C)n(-c2ccccc2)c1N failed to sanitize.
16:52:39 <INFO> Sampled SMILES C[N+](c1ccc(N=Nc2ccc([N+]([O-])=O)cc2)cc1)(OC)=O failed to sanitize.
16:52:39 <INFO> Sampled SMILES c1(-c2ccc(NCCC#N)cc2)ccc(C)c1 failed to sanitize.
16:52:39 <INFO> Sampled SMILES c1cccc(C(O)=Cc2c)c(C#N)c(N=Nc3c4c(cccc4)c(N)c(C(F)(F)F)c3)c2c1 failed to sanitize.
16:52:39 <INFO> Sampled SMILES c1(O)n(n(c2cccc(S(=O)=O)c3ccc(C)cc3)c2=Cl)c=Nc1NC(=O)c1cc([N+](=O)[O-])c([N+](=O)[O-])cc1 failed to sanitize.
16:52:39 <INFO> Sampled SMILES c1(C)c(N=Nc2ccccc2)nc(N(C)C)c(N=Nc1c(O)cccc1)n1C failed to sanitize.
16:52:39 <INFO> Sampled SMILES O1(C)ccc(N=Nc2ccc(N(CC)CC)cc2)cc1 failed to sanitize.
16:52:39 <INFO> Sampled SMILES c1(N=Nc2cc(C)ccc2)ccc(S(N=O)=O)c1N=Nc1c(C(C)(C)C)cc(C(OC)=O)cc1[N+](=O)[O-] failed to sanitize.
16:52:39 <INFO> Sampled SMILES N(c1cnc(N=Nc2ccc(OC)cc2)c1)CCC#N failed to sanitize.
16:52:39 <INFO> Sampled SMILES c1cc(O)c(N)c(C=N=Nc2cc(Br)ccc2Br)c1 failed to sanitize.
16:52:39 <INFO> Sampled SMILES Cl(c1ccc(N=Nc2c(F)cccc2F)c1)c1ccccc1 failed to sanitize.
16:52:39 <INFO> Sampled SMILES [N+](=O)(c1ccc(N=Nc2ccc(O)cc2)cc1)=O failed to sanitize.
16:52:39 <INFO> Sampled SMILES C1CCC(c2nc(Cc3c(C#N)cc([N+](=O)[O-])cc3Br)s2)=NN1 failed to sanitize.
16:52:39 <INFO> Sampled SMILES O=c1c(C)c(N=Nc2ccc(N(CC)CC)c(OC)c2)c(C)o1 failed to sanitize.
16:52:39 <INFO> Sampled SMILES C1CCCc2c(N=Nc3ccccc3N=S=NN)nc(NC)c(=O)c2C1 failed to sanitize.
16:52:39 <INFO> Sampled SMILES c1(N=Nc2cccc(C(O)=O)c2)cc(C)cc1[N+](=O)[O-] failed to sanitize.
16:52:40 <INFO> Sampled SMILES C(=N=Nc1nccc(C)n1)c1sc2ccc(Cl)cc2c1 failed to sanitize.
16:52:40 <INFO> Sampled SMILES O=C(C)(C(O)c1cc(C)ccc1)c1ccc(O)cc1 failed to sanitize.
16:52:40 <INFO> Sampled SMILES c1(NC(=O)C2CC3C=CC2C(=O)O3)ccc(OC)c1 failed to sanitize.
16:52:40 <INFO> Sampled SMILES C(CCC(=O)N1CCCC1c1cccc(N(C)C)cc1)NC(=O)c1cc(Br)c2[nH]cnc2c1 failed to sanitize.
16:52:40 <INFO> Sampled SMILES N(CC)(c1cn(-c2ccccc2)nn1)=Nc1ccc([N+]([O-])=O)cc1 failed to sanitize.
16:52:40 <INFO> Sampled SMILES c1(C#N)c(-c2cccs2)c(C)s1 failed to sanitize.
16:52:40 <INFO> Sampled SMILES [O-][N+](c1ccc(C)cc1)=Nc1c(OCC)c(OC)s1 failed to sanitize.
16:52:40 <INFO> Sampled SMILES FC(F)(c1ccc(N=Nc2ccc(OC)cc2)c(C)c1)(C(F)(F)F)C(F)(F)F failed to sanitize.
16:52:40 <INFO> Sampled SMILES Cc1c(C(=O)NCC(O)CC(=O)NC2CCCN(C3COC3)C2)ccccc1[N+](=O)[O-] failed to sanitize.
16:52:40 <INFO> Sampled SMILES c1(N=Nc2ccccc2[N+]([O-])=O)sc(N2CCCCC2)(C(CCC)CCCCl)cc1 failed to sanitize.
16:52:40 <INFO> Sampled SMILES O(C)(c1c(Cl)cc(N=Nc2cc(C(F)(F)F)ccc2)c1N)CCC failed to sanitize.
16:52:40 <INFO> Sampled SMILES c1cc(C)c(N=Nc2c(N3CC)CCC3)ccc2s1 failed to sanitize.
16:52:40 <INFO> Sampled SMILES N(=Nc1cc(OC)ccc1)c1c(-c2ccccc2)c(N=Nc2c(C(=O))C(C)(C)C)cccc2CC1CCC2CC2 failed to sanitize.
16:52:40 <INFO> Sampled SMILES N(CC)(c1cc(OC)c(N=Nc2c(Cl)cc([N+]([O-])=O)cc2)c(C)c1)=Nc1ccc([N+]([O-])=O)cc1 failed to sanitize.
16:52:40 <INFO> Sampled SMILES c1(C)cc(NCCO)cc1N=Nc1ccc(N(CC)CC)cc1 failed to sanitize.
16:52:40 <INFO> Sampled SMILES N(c1c(C)nn(C)c1C)=Nc1c(C#N)cc(C(OC)NS(=O)(=O)=O)cc1OC failed to sanitize.
16:52:40 <INFO> Sampled SMILES O=C(NC1c2ccccc2CC1O)c1c(N=Nc2ccc([N+](=O)[O-])cc2)ccc1O failed to sanitize.
16:52:40 <INFO> Sampled SMILES n1(C)c(N=Nc2ccccc2)c(C)n(C)c1 failed to sanitize.
16:52:40 <INFO> Sampled SMILES Cc1cc(C#N)cc(NC(=O)C2CCCCC2NC(=O)c2cc(N=Nc3cccc([N+]([O-])c3)cc2)c2ccccc2)c1 failed to sanitize.
16:52:40 <INFO> Sampled SMILES c1(N=Nc2ccc(NCCC#N)cc2)c(F)c(C#N)c(-c2ccccc2)c1 failed to sanitize.
16:52:40 <INFO> Sampled SMILES n1(CC)c(O)c(N=Nc2cc(C)cc(S(=O)(N)=O)c2OC)c(C)c2ccccc21 failed to sanitize.
16:52:40 <INFO> Sampled SMILES Oc1c(-c2ccccc2)c(C)c(N=Nc2c(O)oc(OC)c2C)ccc1 failed to sanitize.
16:52:40 <INFO> Sampled SMILES Oc1c(O)cc(N=Nc2ccc([N+](=O)[O-])cc2)ccc1C failed to sanitize.
16:52:40 <INFO> Sampled SMILES c1(-n2nc(C)c(N=Nc3c(O)cc(N)cc3F)c2)ccc(S(O)(=O)=O)c1 failed to sanitize.
16:52:40 <INFO> Sampled SMILES c1(C)nn(CC)c1-c1ccc(N=Nc2ccc(N3CCCC3)cc2)cc1 failed to sanitize.
16:52:40 <INFO> Sampled SMILES n1(CC)c(O)c(C=N=Nc2c(C)noc2C)c(C)c1C failed to sanitize.
16:52:40 <INFO> Sampled SMILES c1(C)c(N=Nc2ccc(NC(=O)c)cc2)c(C#N)c(C)cc(=O)c1C#N failed to sanitize.
16:52:40 <INFO> Sampled SMILES c1c(N=Nc2c(C#N)cc([N+]([O-])=O)cc2)ccc(C(F)(F)F)cc1 failed to sanitize.
16:52:40 <INFO> Sampled SMILES O(C(C)C)CCCn1c(=O)cc(C#N)c(N=Nc2c(-c3ccccc3)c3c(ccc3[nH])c(=O)c2C#N)c1CNCCCO failed to sanitize.
16:52:40 <INFO> Sampled SMILES N(=Nc1nc(C(=O)OCC)c(CNCCC)s1)c1sc(NCCOS(C)(=O)=O)n1 failed to sanitize.
16:52:40 <INFO> Sampled SMILES FC(c1c(N=Nc2ccc(N(C)C)cc2)cc(C)c1)OCC failed to sanitize.
16:52:40 <INFO> Sampled SMILES O=C(N(CCCO)c1ccc(O)cc1)(c1c(C)cc(C)cc1)C(OC(C)(C)C)C(O)C(F)(F)F failed to sanitize.
16:52:40 <INFO> Sampled SMILES c1([N+]([O-])=O)cccc(N=Nc2c(-c3ccccc3)c(C(Cl)=O)c(-c3ccccc3)c2-c1ccccc1)c1 failed to sanitize.
16:52:40 <INFO> Sampled SMILES c1c2ccccc2nn1 failed to sanitize.
16:52:40 <INFO> Sampled SMILES FC(F)(c1ccc(N=Nc2ccc(N(CC)CC)cc2)cc1)(C)O failed to sanitize.
16:52:40 <INFO> Sampled SMILES c1(OC)ccc(N=Nc2[nH]cc(C(F)(F)F)cc(=O)c2)c1 failed to sanitize.
16:52:40 <INFO> Sampled SMILES O=c1c(C)c(N=Nc2c(OC)cc(C(OCC)=O)ccc2N)c(O)[nH]c1[O-] failed to sanitize.
16:52:40 <INFO> Sampled SMILES c1ccc(-c2ccc3ncc(O)n3c2)n1 failed to sanitize.
16:52:40 <INFO> Sampled SMILES c1(Cl)cc(Br)cc1OCCC#CCCl failed to sanitize.
16:52:40 <INFO> Sampled SMILES [O-]1(C)N=c2c(-c3cc(C(F)(F)F)cc(N=Nc4ccc(S(N)([O-])=O)cc4)c3)cccc2NC1=O failed to sanitize.
16:52:40 <INFO> Sampled SMILES c1(C(F)(F)F)ccc(N=Nc2c(C)cc(N(CCO)CCC#N)cc2)c1 failed to sanitize.
16:52:40 <INFO> Sampled SMILES COc1c(N=Nc2c(C)cc([N+]([O-])=O)cc2C)ccc(N(C)C)cc1 failed to sanitize.
16:52:40 <INFO> Sampled SMILES C(O)CCNc1c(N=Nc2c(OC)cc(C(OCC)[N+](=O)[O-])ccc2[N+](=O)[O-])ccc([N+](=O)[O-])c1 failed to sanitize.
16:52:40 <INFO> Sampled SMILES c1(O)n(-c2ccc(-c3ccccc3N=Nc3ccc(O)cc3)c2)c2c(O)cccc2N(C)C1 failed to sanitize.
16:52:40 <INFO> Sampled SMILES OCCN(CCC#N)C(=O)COc1c(N=Nc2ccc(C(F)(F)F)cc2)c(C)c(NCC#O)c1 failed to sanitize.
16:52:40 <INFO> Sampled SMILES C1(C2CCCN(c3ccc(N=Nc4ccc(N(C)C)cc4)c3)CC2)COC1 failed to sanitize.
16:52:40 <INFO> Sampled SMILES c1(-c2ccccc2)c(N=Nc2c([N+]([O-])=O)cc([N+]([O-])=O)cc2Br)c(OC)s1 failed to sanitize.
16:52:40 <INFO> Sampled SMILES c1cc2c3c(cccc3c1N=Nc1c(N)ccc3ccccc31)C(=O)(CCC#N)CCO2 failed to sanitize.
16:52:40 <INFO> Sampled SMILES C(CN(CCO)c1cc(N=Nc2cc(C)c(N=Nc3ccc(S(N)(=O)=O)cc3)cc2)cc1)C(=O)OC failed to sanitize.
16:52:40 <INFO> Sampled SMILES [N+](=O)(c1ccc(N=Nc2ccc(N(CCO)CCO)cc2)cc1)(F)F failed to sanitize.
16:52:40 <INFO> Sampled SMILES c1(N=Nc2c(C)noc2C)ccc(C)ccc1 failed to sanitize.
16:52:40 <INFO> Sampled SMILES Oc1c(N=Nc2nnc(C)s2)ccc(C(F)(F)F)cc1 failed to sanitize.
16:52:40 <INFO> Sampled SMILES c1(F)c(O)c(N=Nc2cc([N+]([O-])=O)cc([N+](=O)[O-])c2O)c(F)c1F failed to sanitize.
16:52:40 <INFO> Sampled SMILES [O-][N+](c1cc(N=Nc2ccccc2)c(Cl)c1)#N failed to sanitize.
16:52:40 <INFO> Sampled SMILES O=C(c1c(N=Nc2ccc(N(CC)CC)cc2)ccc1O)N1CCOCC1 failed to sanitize.
16:52:40 <INFO> Sampled SMILES C1(=O)Nc2c(N(CC#N)c3ccccc3)ccccc21 failed to sanitize.
16:52:40 <INFO> Sampled SMILES N(c1c(C(C)=O)c(C#N)c(-c2ccccc2)c(-c2ccc(OC)cc2)c1C#N)C(O)C#O failed to sanitize.
16:52:40 <INFO> Sampled SMILES c1(N=Nc2ccc(C(C)=O)cc2)c(C)cc(N(CC)CC)c1 failed to sanitize.
16:52:40 <INFO> Sampled SMILES c1c([N+](=O)[O-])ccc(N=Nc2c(-c3ccccc3)c(C(OCC)=O)s2)c1 failed to sanitize.
16:52:40 <INFO> Sampled SMILES c1(N=Nc2c(-c3ccccc3)c(C(=O)OCC)c(N3CC3)s2)cccc1 failed to sanitize.
16:52:40 <INFO> Sampled SMILES c12c(c(N=Nc3nncs3)c3c(C)noc23)cccc1 failed to sanitize.
16:52:40 <INFO> Sampled SMILES [O-](c1ccc(N=Nc2ccccc2)cc1)C failed to sanitize.
16:52:40 <INFO> Sampled SMILES O=C(Nc1ccc(C(O)C(F)(F)F)cc1)c1cc(N=Nc2cccc([N+]([O-])(C)=O)c2)ccc1 failed to sanitize.
16:52:40 <INFO> Sampled SMILES c1cc2c(cccc2)c(N=Nc2sc3c(c2C(=O)OCC)=NC3CC1)c1ccccc1 failed to sanitize.
16:52:40 <INFO> Sampled SMILES C(#O)C(O)c1cc(C)c(N=Nc2ccc([N+]([O-])=O)cc2)cc1 failed to sanitize.
16:52:40 <INFO> Sampled SMILES Cc1c(O)ccc(N=Nc2ccc(OC)cc2)cc1 failed to sanitize.
16:52:40 <INFO> Sampled SMILES FC(F)(c1ccc(N=Nc2ccc(N(CC)CC)cc2)cc1)(OCC)=O failed to sanitize.
16:52:40 <INFO> Sampled SMILES s1c(N=Nc2ccc(Cl)cc2)cccc1 failed to sanitize.
16:52:40 <INFO> Sampled SMILES c1c(O(C)c2ccc(N=Nc3ccc(N(C)C)cc3)cc2)cccn1 failed to sanitize.
16:52:40 <INFO> Sampled SMILES C(#NNNCc1ccc(C#N)cc1)c1ccccc1 failed to sanitize.
16:52:40 <INFO> Sampled SMILES c1(N#CCO)ccc(N=Nc2ccc([N+](=O)[O-])cc2)c1 failed to sanitize.
16:52:40 <INFO> Sampled SMILES Cc1c(C(O)=O)ccccc1Sc1ccc(N2CCC=C(N=NCCOC)CC2)c(C#N)c1 failed to sanitize.
16:52:40 <INFO> Sampled SMILES Clc1c(N=Nc2c(C)n[nH]c2C)ccc(F)cc1 failed to sanitize.
16:52:40 <INFO> Sampled SMILES c1ccc2c(cnn2)c1N=Nc1c(C(F)(F)F)ccc(N=Nc2ccc(N(CC)CC)cc2)c1 failed to sanitize.
16:52:40 <INFO> Sampled SMILES N(c1c(Cl)cccc1)=Nc1cClcccc1 failed to sanitize.
16:52:40 <INFO> Sampled SMILES N(=Nc1c(F)c2[nH]c3ccccc3sc2c2sc3c(cccc3)sc2c1)=O failed to sanitize.
16:52:40 <INFO> Sampled SMILES c1(Cl)c(N=Nc2c(Cl)cccc2ClCl)cccc1 failed to sanitize.
16:52:40 <INFO> Sampled SMILES c1ccccc1N=Nc1ccccc1c(OC)c1ccc2c(c1)N=NC(=O)C=N2 failed to sanitize.
16:52:40 <INFO> Sampled SMILES N(c1cc([N+](=O)[O-])c(N=Nc2c(C)[nH]c(=O)c(C#N)c2C)c1)C(C)C failed to sanitize.
16:52:40 <INFO> Sampled SMILES c1cc2c(nc1)C(N=Oc1sc(C)nc1C)CC2 failed to sanitize.
16:52:40 <INFO> Sampled SMILES CN(c1ccc(N=Nc2nccs2)c1)CCC#N failed to sanitize.
16:52:40 <INFO> Sampled SMILES c1(N2CC2)sc(N=Nc2ccc(S(=O)(=O)C)cc2)c(N=Nc2ccc([N+]([O-])=O)cc2)cc1N failed to sanitize.
16:52:40 <INFO> Sampled SMILES N#CCN(c1c(C#N)ccc(Cl)c1=O)c1ccc(C(N)=O)cc1 failed to sanitize.
16:52:40 <INFO> Sampled SMILES FC(F)(F)C(F)(F)C(F)(C(F)(F)C(F)(C(F)(F)C(F)(F)F)(C)CC)=Nc1ccc([N+](=O)[O-])cc1 failed to sanitize.
16:52:40 <INFO> Sampled SMILES c1cc2c(cc1)c=c(N=Nc1[nH]ncc3c1OCCC3)c(C)cc2 failed to sanitize.
16:52:40 <INFO> Sampled SMILES c1(N=Nc2cc(C)ccc2O)ccccc1=O failed to sanitize.
16:52:40 <INFO> Sampled SMILES N(=Nc1[nH]c(C)c(C)c1C(=O)OCC)=Nc1cc(OC)ccc1 failed to sanitize.
16:52:40 <INFO> Sampled SMILES c1(N)cc(N=Nc2c(C)onc2C)cc1 failed to sanitize.
16:53:09 <INFO> Sampled SMILES c1(C(F)(F)F)cccc2c(N=Nc3ccc(N(C)C)cc3)ccc12 failed to sanitize.
16:53:09 <INFO> Sampled SMILES N#Cc1cc([N+]([O-])=O)cc(C#N)cc1N=Nc1cc(OC)c(N(CC)CC)cc1 failed to sanitize.
16:53:09 <INFO> Sampled SMILES N(c1c(N=Nc2ccccc2)c(C(N)=O)c(OCC)c1)=Nc1c(C(C)C)cc(C(Cl)=O)cc1C(C)=O failed to sanitize.
16:53:09 <INFO> Sampled SMILES c1(O)n(-c2ccc(S(=O)(O)=O)cc2)c(C)n1C failed to sanitize.
16:53:09 <INFO> Sampled SMILES [O-][N+](c1cc(N=Nc2cc(Cl)c(N)cc2N)c(O)c([N+](=O)[O-])c1)(OC)=O failed to sanitize.
16:53:09 <INFO> Sampled SMILES c1(F)cc(N=Nc2c(C)cccc2)cc1 failed to sanitize.
16:53:09 <INFO> Sampled SMILES c1[n+](c1ccc(N=Nc2c(C)cccc1)CCC2)cc(C)c1 failed to sanitize.
16:53:09 <INFO> Sampled SMILES c1(F)cNc(N=Nc2ccc(C(F)(F)F)cc2)cc1 failed to sanitize.
16:53:09 <INFO> Sampled SMILES c1(N=Nc2ccsc2)ccc(C)c(N=Nc2ccc(NCCO)cc2)cc1 failed to sanitize.
16:53:09 <INFO> Sampled SMILES C1CCCC(c2nc(-c3cc(C#N)cc([N+](=O)[O-])c3)s2)=N1 failed to sanitize.
16:53:09 <INFO> Sampled SMILES C(=NNc1ncc(C(F)(F)F)cc1F)c1sc2ccccc2s1 failed to sanitize.
16:53:09 <INFO> Sampled SMILES N#Cc1c(C)[nH]c(C)c(N=Nc2ccc(F)cc2)c1 failed to sanitize.
16:53:09 <INFO> Sampled SMILES c1(C(F)(F)F)ccc(N=Nc2c(C)cccc2)c1 failed to sanitize.
16:53:09 <INFO> Sampled SMILES c1(C(=O)N(CCO)CCO)c(C)c(N=Nc2c(C(F)(F)F)ccc([N+](=O)[O-])c2)c(C)c1C failed to sanitize.
16:53:09 <INFO> Sampled SMILES c1c2nc(N=Nc3sc4ccccc4c3C)sc2cc1O failed to sanitize.
16:53:09 <INFO> Sampled SMILES C(CO)N(CCC#N)c1ccc(N=Nc2ccc([N+](=O)[O-])cc2)ccc1C#N failed to sanitize.
16:53:09 <INFO> Sampled SMILES c1(Cl)ccc(Cl)c1N=Nc1c(Cl)cc(N(CC)CC)c(N=Nc2cccc(C#N)c2)c1C failed to sanitize.
16:53:09 <INFO> Sampled SMILES c1(N=Nc2c(C(F)(F)F)cc([N+](=O)[O-])cc2)ccc(OC)c(N=Nc2ccc([N+](=O)[O-])cc2)cc1 failed to sanitize.
16:53:09 <INFO> Sampled SMILES c1(N=Nc2cccc(C(C)=O)c2)c(C)cc(N(CC)CC)c1 failed to sanitize.
16:53:09 <INFO> Sampled SMILES c1(NC(=O)CS(C)(=O)=O)ccc(N=Sc2ccccc2)c1 failed to sanitize.
16:53:09 <INFO> Sampled SMILES OC(=O)c1cc(N=Nc2ccc(N(CC)CC)c(OC)c2)c(OC)c1 failed to sanitize.
16:53:09 <INFO> Sampled SMILES C(C)N(c1nc(NCCC#N)ccc1C)=Cc1cccs1 failed to sanitize.
16:53:09 <INFO> Sampled SMILES N#c1c(C)c(N=Nc2c(C)cccc2)c(O)c(N=Nc2cc(OC)ccc2)c1 failed to sanitize.
16:53:09 <INFO> Sampled SMILES c1(N=Nc2ccc(N(CC)CC)cc2)[nH]nc1C failed to sanitize.
16:53:09 <INFO> Sampled SMILES C1Oc2c(c(N=Nc3ccc(N4CCOCC4)c(C)c3)cc2C)cccc1F failed to sanitize.
16:53:09 <INFO> Sampled SMILES c1cc(OC(F)(F)F)ccc(N=Nc2c(C)onc2C)c1 failed to sanitize.
16:53:09 <INFO> Sampled SMILES F[N+](=O)(c1ccc(N=Nc2c(C)cc(N(CCO)CCCCl)cc2)cc1)[O-] failed to sanitize.
16:53:09 <INFO> Sampled SMILES O[N+](=O)(c1cccc(N=Nc2c(C)n[nH]c2C)c1)c1c2ccccc2cc1[N+](=O)[O-] failed to sanitize.
16:53:09 <INFO> Sampled SMILES c1(N=Nc2ccc([N+]([O-])=O)cc2C(F)(F)F)c(C)sc1NC failed to sanitize.
16:53:09 <INFO> Sampled SMILES FC(c1c(N=Nc2ccc(NCCO)cc2)ccc1F)OC failed to sanitize.
16:53:09 <INFO> Sampled SMILES c1(N=Nc2c(C)onc2C)ccc(OC)c(N)cc1 failed to sanitize.
16:53:09 <INFO> Sampled SMILES c12ccc(N=Nc3ccc(Br)cc3)cc2c1C failed to sanitize.
16:53:09 <INFO> Sampled SMILES FC(F)(C(F)(F)C(F)(F)C=N=Nc1sc2c(c1C)=NC(C)CCC2)C1CC1 failed to sanitize.
16:53:09 <INFO> Sampled SMILES c1(C)c(-c2ccc(N=Nc3ccccc3)cc2)c(C)[nH]c2c1CCC2 failed to sanitize.
16:53:09 <INFO> Sampled SMILES c1(N=Nc2sc(C)cn2)cccc1 failed to sanitize.
16:53:09 <INFO> Sampled SMILES Fc1c(C)c(N=Nc2c(Br)cc([N+](=O)[O-])cc2[N+]([O-])(Cl)=O)ccc1C(=O)O failed to sanitize.
16:53:09 <INFO> Sampled SMILES n1ncc(N=Nc3ccc([N+]([O-])=O)cc3)n1 failed to sanitize.
16:53:09 <INFO> Sampled SMILES c1(C#N)c(-c2c(C#N)c(C)c(C)c([O-])c2O)c(C)c(C)c1NC1CCCC1 failed to sanitize.
16:53:09 <INFO> Sampled SMILES c12c([nH]cc)c2c(N=Nc2sc(C)c(C)c1C)c(C)n2C failed to sanitize.
16:53:09 <INFO> Sampled SMILES N(c1c(-c2cnn(CC)c2)ncn1)C(C)C failed to sanitize.
16:53:09 <INFO> Sampled SMILES c1([N+]([O-])=O)cc(OC)c(N=Nc2c(C)cc(N(CCO)CCC#N)cc2)c1 failed to sanitize.
16:53:09 <INFO> Sampled SMILES N(=Nc1c(F)c2[nH]c3ccccc3sc2c2sc3c(cccc3)c(=O))cc2c1 failed to sanitize.
16:53:09 <INFO> Sampled SMILES N(=Nc1ccc(F)cc1)=Nc1ccc([N+](=O)[O-])cc1 failed to sanitize.
16:53:09 <INFO> Sampled SMILES c1ccnc2n(C)c(C=N=Nc3ncsc3C)cc12 failed to sanitize.
16:53:09 <INFO> Sampled SMILES n1c(N=Nc2c3ccccc3n(C)c2=O)sc(Br)c1 failed to sanitize.
16:53:09 <INFO> Sampled SMILES c1(N=Nc2ccc(N(CC)CC)cc2)c(Cl)ccc1 failed to sanitize.
16:53:09 <INFO> Sampled SMILES Oc1ccc(F)cc1N=Nc1c2c(nc(C)n1)n(C)c(=O)c2-c1ccccc1 failed to sanitize.
16:53:09 <INFO> Sampled SMILES N(=Nc1cc(OC)ccc1)c1c(Cl)ccc(N=Nc2c(C(OC)OCC)c(N=Nc3c(C)[nH]nc3C)cc2)c1O failed to sanitize.
16:53:09 <INFO> Sampled SMILES c1(OC)ccc(Br)c1N=Nc1c(Br)cc(Br)cc1Br failed to sanitize.
16:53:09 <INFO> Sampled SMILES c1(C)cccc1N=Nc1ccccc1 failed to sanitize.
16:53:09 <INFO> Sampled SMILES c1(F)ccc(Oc2ccc(N=Nc3ccc(N)cc3)cc2)c1C failed to sanitize.
16:53:09 <INFO> Sampled SMILES c1(Cl)c(N=Nc2c(-c3ccccc3)c(C(OCC)=O)c(N3CC3)s2)c2cccnc2c1 failed to sanitize.
16:53:09 <INFO> Sampled SMILES c1(N=Nc2ccc(NCCC#N)cc2)c(F)ccc1[N+](=O)[O-] failed to sanitize.
16:53:09 <INFO> Sampled SMILES [O-](c1c(N=Nc2ccccc2)nn1)c1ccccc1 failed to sanitize.
16:53:09 <INFO> Sampled SMILES c1c(O)ccc(N=Nc2ccccc2)cc1 failed to sanitize.
16:53:09 <INFO> Sampled SMILES c1cc(-n2c(N=Nc3ccc([N+](=O)[O-])cc3)c(F)c2)cccc1 failed to sanitize.
16:53:09 <INFO> Sampled SMILES C(c1ccc(N=Nc2ccccc2)cc1)=NcCl failed to sanitize.
16:53:09 <INFO> Sampled SMILES c1(-n2nc(C)c(N=Nc3c(O)n(-c4cc(Cl)ccc4)nc3C)c2O)ccc(Br)c1 failed to sanitize.
16:53:09 <INFO> Sampled SMILES F(c1c(N=Nc2c(O)cc(Br)cc2)c(N)ccc1)C(C)(C)C failed to sanitize.
16:53:09 <INFO> Sampled SMILES c1(N=Nc2sc(C)cn2)ccc(N2CCN(CCO)CC2)c1C failed to sanitize.
16:53:09 <INFO> Sampled SMILES c1(N=Nc2sc(NCCBr)s2)c(C)n[nH]c1=Nc1ccc(OC)cc1 failed to sanitize.
16:53:09 <INFO> Sampled SMILES c1cccc2c1c(O)ccc(N=Nc2sc3c(c1C(=O)OCC)=NN3)c1 failed to sanitize.
16:53:09 <INFO> Sampled SMILES N(c1ccccc1)=Oc1ccc(N=Nc2ccc(N(C)C)cc2)cc1 failed to sanitize.
16:53:09 <INFO> Sampled SMILES c1(C)ccc(-c2ccc(N=Nc3ccccc3)cc2)c1O failed to sanitize.
16:53:09 <INFO> Sampled SMILES c1nc(C(=O)OC)cs1N(CCC#N)c1ccn2c(NCCC(=O)OCC)ccc12 failed to sanitize.
16:53:09 <INFO> Sampled SMILES [O-][N+](=O)c1c(C)cc(N=Nc2cc(C)c(N(C)C)c(C)c2)c1 failed to sanitize.
16:53:09 <INFO> Sampled SMILES c1c2[nH]c(N=Nc3ccc(C#N)cc3)c3cccc1c23 failed to sanitize.
16:53:09 <INFO> Sampled SMILES c1(C#N)ccc(-c2ccccc2)c1N=Nc1ccc([N+]([O-])=O)cc1 failed to sanitize.
16:53:09 <INFO> Sampled SMILES O(c1cccc(Cl)c1)=Nc1c(C)n[nH]c1C failed to sanitize.
16:53:09 <INFO> Sampled SMILES c1cccc2c1c(O)ccc(N=Nc2ccc(O)cc1)c1 failed to sanitize.
16:53:09 <INFO> Sampled SMILES c1(-n2nc(C)c(N=Nc3c(O)n(-c4cc(Cl)ccc4)nc3C)c2O)ccc(S(N)(=O)=O)c1 failed to sanitize.
16:53:09 <INFO> Sampled SMILES c1(N=Nc2ccccc2)c(c2ccc(N=Nc3ccc(N)cc3)cc2)cn1C failed to sanitize.
16:53:09 <INFO> Sampled SMILES c1(C(F)(F)F)cccc1-c1ccc(N=Nc2ccc(N(CC)CC)cc2)cc1 failed to sanitize.
16:53:09 <INFO> Sampled SMILES [O-](Br[N+](=O))c1ccc(N=Nc2c(C)cc(Br)cc2)cc1 failed to sanitize.
16:53:09 <INFO> Sampled SMILES c1c(-c2cc(N=Nc3ccc(Br)cc3)ccc2)c(O)n[nH]c1 failed to sanitize.
16:53:09 <INFO> Sampled SMILES c1C(F)(F)c2ccccc2nc1N=Nc1c(C)cc(Cl)cc1 failed to sanitize.
16:53:09 <INFO> Sampled SMILES c1(S(=O)(=O)(O)CCCOC)ccc(C(NCCC#N)c1)CCC#N failed to sanitize.
16:53:09 <INFO> Sampled SMILES c1cc(N#Nc2c(C)cc(OC)cc2)cc(C)c1 failed to sanitize.
16:53:09 <INFO> Sampled SMILES N(c1c(N=NCc2ccccc2)c(C(=O)OCC)c(C)c1)=Cc1ccc([N+](=O)[O-])cc1 failed to sanitize.
16:53:09 <INFO> Sampled SMILES c1ccc(N=Nc2ncc(-c3ccccc3)c2)c([N+](=O)[O-])c1 failed to sanitize.
16:53:09 <INFO> Sampled SMILES c1(C#N)cc([N+](=O)[O-])c(N=Nc2ccc(N(CC)CC)cc2)c1 failed to sanitize.
16:53:09 <INFO> Sampled SMILES c1ccc(N=Nc2cccc(C(=O)O)c2)n1 failed to sanitize.
16:53:09 <INFO> Sampled SMILES s1c(N=Nc2c(C)n[nH]c2C)ccc(O)c1 failed to sanitize.
16:53:09 <INFO> Sampled SMILES c1(N=Nc2c(O)c(C(C)(C)C)cc(C(C)(C)C)c2)=Nc(=O)oc1C failed to sanitize.
16:53:09 <INFO> Sampled SMILES c1(N=Nc2cccc(C(O)=O)c2)c(C)no1 failed to sanitize.
16:53:09 <INFO> Sampled SMILES c1c(-c2c(N=Nc3sc(C)nn3)cs2)cccc1 failed to sanitize.
16:53:09 <INFO> Sampled SMILES c1cc(-c2c(N=Nc3c([N+](=O)[O-])cc([N+]([O-])=O)cc3Br)sc(N3CC3)s2)ccc1 failed to sanitize.
16:53:09 <INFO> Sampled SMILES c1(C#CCC)c(C=N=Cc2ccc(F)cc2)c(C(=O)OCC)c(N(C)C)n1 failed to sanitize.
16:53:09 <INFO> Sampled SMILES FC(F)(F)c1ccc2c(c=Sc3ccc(N=Nc4ccc(N)cc4)cc3)ncc2c1 failed to sanitize.
16:53:09 <INFO> Sampled SMILES c1(C#N)cc(C#N)c(N=Nc2ccc(N(CC)CC)c(OC)c2)c1 failed to sanitize.
16:53:09 <INFO> Sampled SMILES c1(F)c(N=Nc2n[nH]cc2)ccc[nH]1 failed to sanitize.
16:53:09 <INFO> Sampled SMILES c1(N=Nc2ccc(N(CC)CC)cc2)c(Cl)ccc1 failed to sanitize.
16:53:09 <INFO> Sampled SMILES CCOCCN(c1c(N=CCC(C)(OC)c2ccccc2)cc(C(=O)OC)c1C)C1CCCCC1C failed to sanitize.
16:53:09 <INFO> Sampled SMILES O(Br(C)c1ccc(N=Nc2ccc(N(CC)CC)cc2)cc1)(CCO)CCO failed to sanitize.
16:53:09 <INFO> Sampled SMILES C#CCCNC(=O)c1c(NC(=O)OCC)cs1 failed to sanitize.
16:53:09 <INFO> Sampled SMILES c1(N=Nc2ccccc2)nc2cc(N=Nc3ccc([N+](=O)[O-])cc3C#N)cc2C1 failed to sanitize.
16:53:09 <INFO> Sampled SMILES c1cccc2c1c(O)ccc(N=Nc2ccc(N(CC)CC)cc1)c1 failed to sanitize.
16:53:09 <INFO> Sampled SMILES c1(C)c(N=Nc2c(C)noc2C)ccc(N2CCOCC2)c1=O failed to sanitize.
16:53:09 <INFO> Sampled SMILES c1(N=Nc2c(Cl)cc(C)cc2)c(C)cc(N(CCO)CCC#N)c1 failed to sanitize.
16:53:09 <INFO> Sampled SMILES s1c(N=Nc2ccccc2Br)sc1 failed to sanitize.
16:53:09 <INFO> Sampled SMILES c1(N(CCCO)CCO)ccc(N=Nc2ccc(C(Br)=O)cc2)c1C failed to sanitize.
16:53:09 <INFO> Sampled SMILES c1(C)n=nc(N)c1N=Nc1cc(C)ccc1[N+](=O)[O-] failed to sanitize.
16:53:09 <INFO> Sampled SMILES c1C(C#N)c(=O)c(-c2ccc(N=Nc3ccc(N4CCCC4)cc3)cc2)c(OC)(C(OCC)OCCCl)c1 failed to sanitize.
16:53:09 <INFO> Sampled SMILES c1ccc([N+]([O-])c2ccc(N=Nc3ccc(N(CC)CC)cc3)cc2)c1 failed to sanitize.
16:53:09 <INFO> Sampled SMILES [O-][N+](c1cc(N=Nc2cc(C(F)(F)F)ccc2)cc1)=O failed to sanitize.
16:53:09 <INFO> Sampled SMILES c1(N=Nc2ccc(N(CC)CC)cc2)c([N+]([O-])=O)ccc1 failed to sanitize.
16:53:09 <INFO> Sampled SMILES O=[N+](c1ccc(N=Nc2c(-c3ccc([N+]([O-])=O)cc3)c(C)c(C(F)(F)F)c2)sc1)C1CCOCC1 failed to sanitize.
16:53:09 <INFO> Sampled SMILES N1(c2ccccc2)c(N(c2ccccc2)S([O-])(=O)=O)c(C)n1 failed to sanitize.
16:53:09 <INFO> Sampled SMILES c1ccc(N(CC)CC)c(O)c2c1CCC2 failed to sanitize.
16:53:09 <INFO> Sampled SMILES O#Cc1c(N=Nc2ccc([N+](=O)[O-])cc2[N+](=O)[O-])ccc(C(F)(F)F)c1 failed to sanitize.
16:53:09 <INFO> Sampled SMILES N(=Nc1ccc(C)cc1)c1c2cccnc2c(O)c1N=Nc1ccc(N(CC)CC)cc1C failed to sanitize.
16:53:09 <INFO> Sampled SMILES O=c1c(N=Nc2n[nH]cc2)ccc(OC)c1 failed to sanitize.
16:53:09 <INFO> Sampled SMILES O(c1ccc2nc(C)s2)c(O)c1 failed to sanitize.
16:53:09 <INFO> Sampled SMILES c1ccccc1-c1c(C(O)=CC)c(C#N)c(N=Nc2sc(NS(CC)=O)s2)c1Br failed to sanitize.
16:53:09 <INFO> Sampled SMILES c1(C)occ(N=Nc2nc3c(-c4ccccc4)csc3n2)c1 failed to sanitize.
16:53:09 <INFO> Sampled SMILES c1(N=Nc2c(-c3ccccc3)c(C(OCC)=O)c(N3CC3)s2)c(C)n[nH]c1=O failed to sanitize.
16:53:09 <INFO> Sampled SMILES C(OC)(=O)c1c(Sc2cccc3c2NCCC3)c(OC)c(OC)c1N=Nc1c(C(F)(F)F)cccc1 failed to sanitize.
16:53:09 <INFO> Sampled SMILES C(#Br)CC(Nc1ccc(C(N)=O)cc1)C(=O)OCC failed to sanitize.
16:53:09 <INFO> Sampled SMILES c1cc2c3c(cccc3C(=O)N(CCCCCCCCCC)C2=O)c1N=Nc1c(N)c(C(N(=C)=O)[N+]([O-])=[N+]([O-])=[N+]([O-])c(CC)c1NCC)c1ccccc1 failed to sanitize.
16:53:09 <INFO> Sampled SMILES c1(N=Nc2c(Cl)cc(S(N)(=O)=O)cc2)c2ccc(NCCC#N)cc2[nH]1 failed to sanitize.
16:53:09 <INFO> Sampled SMILES c1(C(F)(F)F)ccc(Br)c1C=NNc1c(C(F)(F)F)cccc1F failed to sanitize.
16:53:09 <INFO> Sampled SMILES C(CNc1cc(N=Nc2ccccc2)c(C)ccc1)C#N failed to sanitize.
16:53:37 <INFO> Sampled SMILES BrC(F)(OCC)c1cc(Br)cc2c(c1)CCN2C(C)=O failed to sanitize.
16:53:37 <INFO> Sampled SMILES c1ccc(N2CCCCC2)c(N=Nc2c(-c3ccccc3)c(C(O)=C(CCl)Cl)s2)c1 failed to sanitize.
16:53:37 <INFO> Sampled SMILES c1ccc2c(c(O)ccc2N=Nc2c(O)n(C)c(S(=O)(=O)O)cN2)cc1 failed to sanitize.
16:53:37 <INFO> Sampled SMILES c1cccc2c1c(O)ccc(N=Nc2ccc(N(CC)CC)cc1)c1 failed to sanitize.
16:53:37 <INFO> Sampled SMILES C1CN2ccccc2N=N=N1CCCNc1ccc(OC(F)(F)F)cc1 failed to sanitize.
16:53:37 <INFO> Sampled SMILES C(=O)(c1nc(N=Nc2nc(C(OCC)=O)c(OCC(=O)O)cCc2N)c2ccccc2)c(OC)c1 failed to sanitize.
16:53:37 <INFO> Sampled SMILES c1c2[nH]c(S(=O)(=O)N)cc(N=Nc3ccc(N4CCCC4)c(C)c3)c2c1 failed to sanitize.
16:53:37 <INFO> Sampled SMILES C(C(=O)NC(c1cc(Cl)ccn1)C(F)(F)F)N1c2c(cc3c1CCCC3)CCCCC2 failed to sanitize.
16:53:37 <INFO> Sampled SMILES Cc1c(C(=O)NC(C)(C)C)cc(-c2ccccc2)n1 failed to sanitize.
16:53:37 <INFO> Sampled SMILES c1(O)c(N=Nc2c(C)nn(C)c2)c[nH]c1=O failed to sanitize.
16:53:37 <INFO> Sampled SMILES N(=Nc1c(s)ccc1)c1ccc(N=Nc2ccc(N(CC)CCC#N)cc2)cc1 failed to sanitize.
16:53:37 <INFO> Sampled SMILES N(c1sc(N=Nc2c(C)cccc2)c1)=O failed to sanitize.
16:53:37 <INFO> Sampled SMILES c1(N=Nc2ccc(N(CCCl)CCCl)cc2)cc(OC)cc1 failed to sanitize.
16:53:37 <INFO> Sampled SMILES c1cccc2c1c(N=Nc1ccc(N(CC)CC)cc1)cccc2 failed to sanitize.
16:53:37 <INFO> Sampled SMILES N1(c2ccc(N=Nc3c(N4CCCC4)c(C)nn(-c4ccc(O)cc4)c3=O)c2)CCOCC1 failed to sanitize.
16:53:37 <INFO> Sampled SMILES c1(N=Nc2nn(C)c3cc([N+](=O)[O-])ccc23)sccc1=O failed to sanitize.
16:53:37 <INFO> Sampled SMILES F[N+](=O)(c1c(O)c(N=Nc2ccc([N+]([O-])=O)cc2)ccc1O)c1ccccc1 failed to sanitize.
16:53:37 <INFO> Sampled SMILES [O-][N+](c1cc(N=Nc2ccc([N+]([O-])=O)cc2)cc1)=Nc1ccc([N+](=O)[O-])cc1 failed to sanitize.
16:53:37 <INFO> Sampled SMILES O(c1n[nH]cc1)=Nc1ccc(N(CCC#N)CCO)cc1 failed to sanitize.
16:53:37 <INFO> Sampled SMILES Cc1nnc(N=Nc2ccc(N=Nc3c(C#N)cc(C(OC)OC)c(OC)cc3OC)c2)s1 failed to sanitize.
16:53:37 <INFO> Sampled SMILES c1(N=Nc2ccccc2Br)ccc(NCCC#N)c1 failed to sanitize.
16:53:37 <INFO> Sampled SMILES c1(C)n(-c2ccc(N=Nc3c(C(N)=O)cc([N+](=O)[O-])cc3Br)c(C)c2)c2c(O)noc2C1 failed to sanitize.
16:53:37 <INFO> Sampled SMILES FC(F)(F)C(F)(F)C(F)(C(F)(F)C(C(c1cncnc1)NCCCl)c1ccccc1)(C(F)(F)F)C(F)(F)F failed to sanitize.
16:53:37 <INFO> Sampled SMILES o1nc(C)cc2c(N=Nc3ccc(N4CCOCC4)c(C)c3)cccc12 failed to sanitize.
16:53:37 <INFO> Sampled SMILES N(=Nc1ccc(C(=O)C)cc1)=Nc1c(C)cccc1C failed to sanitize.
16:53:37 <INFO> Sampled SMILES N(=Nc1cnn2cccc12)c1ccc(N=Nc2cccc(OC)c2)cc1 failed to sanitize.
16:53:37 <INFO> Sampled SMILES c1cc(N2=CCCC2)ccc1N=Nc1c(C)noc1C failed to sanitize.
16:53:38 <INFO> Sampled SMILES C1Oc2ccc(N=Nc3c(C)c(C#N)c(SCCC#N)c3C#N)ccc2C1=O failed to sanitize.
16:53:38 <INFO> Sampled SMILES c1(N=Nc2ccc(N(CC)CC)cc2)[nH]nc1C failed to sanitize.
16:53:38 <INFO> Sampled SMILES O1(C)ccc(N=Nc2ccc(N(CC)CC)cc2)cc1 failed to sanitize.
16:53:38 <INFO> Sampled SMILES c1(o(N=Nc2nn(C)c(C)c2C=O)c2c3c(cc2)CCC3)CCCC1 failed to sanitize.
16:53:38 <INFO> Sampled SMILES [O-][N+](c1cc(N=Nc2ccc(N(CC)CCO)cc2)cc1)=O failed to sanitize.
16:53:38 <INFO> Sampled SMILES C(F)C(F)(F)C(c1c(N=Nc2ccc([N+](=O)[O-])cc2)c2c(C(=O)OC)cccc2)no1 failed to sanitize.
16:53:38 <INFO> Sampled SMILES c1(C(O)CCCCC)c(C)c(N=Nc2c([N+]([O-])=O)cccc2)cc1 failed to sanitize.
16:53:38 <INFO> Sampled SMILES c1cccc2c(O)cccc2N=Nc1 failed to sanitize.
16:53:38 <INFO> Sampled SMILES c1(N=Nc2cc(OC)c(N3CCCC3)cc2)cc(F)cc1N failed to sanitize.
16:53:38 <INFO> Sampled SMILES c1(C#N)cc([N+]([O-])=N=Nc2ccc(Br)cc2)cc1 failed to sanitize.
16:53:38 <INFO> Sampled SMILES N#CCC#Nc1c(N)ccc(N=Nc2ccc([N+]([O-])=O)cc2)c1 failed to sanitize.
16:53:38 <INFO> Sampled SMILES Clc1c(N=Nc2c(C)n[nH]c2C)ccc(C(F)(F)F)cc1 failed to sanitize.
16:53:38 <INFO> Sampled SMILES Br(c1cccc(N=Nc2ccc(N(CC)CC)cc2)c1)C failed to sanitize.
16:53:38 <INFO> Sampled SMILES c1cc(F)c(N=Nc2c(F)cccc2)ccc1 failed to sanitize.
16:53:38 <INFO> Sampled SMILES c1(-n2nc(C)c(N=Nc3c(O)n(-c4cc(Cl)ccc4)nc3C)c2O)ccc(C)c1 failed to sanitize.
16:53:38 <INFO> Sampled SMILES n1c(N=Nc2c3ccccc3nn2C)nc2ccccc21 failed to sanitize.
16:53:38 <INFO> Sampled SMILES c1(-c2nc(N=Nc3c(-c4ccccc4)c(C(=O)OCC)s3)c3c(cccc3)C(OC)C2)ccc(C)c1 failed to sanitize.
16:53:38 <INFO> Sampled SMILES [N-]=[N+](N(CCCC#N)c1ccc(Br)cc1)C=N=Nc1ccc(OC(F)(F)F)cc1 failed to sanitize.
16:53:38 <INFO> Sampled SMILES c1(C)cc(N=Nc2c(C)c)c(N)cc2c(Cl)c1N=Nc1ccc(N(CC)CC)cc1 failed to sanitize.
16:53:38 <INFO> Sampled SMILES N(c1ccc(N=Nc2c(F)c3c(c(F)c2F)Nc2ccccc2O3)cc1)(S(C)(=O)=O)=O failed to sanitize.
16:53:38 <INFO> Sampled SMILES N(=Oc1ccc(N(CCC#N)CC)cc1C)=Nc1ccccc1 failed to sanitize.
16:53:38 <INFO> Sampled SMILES c1(N=Nc2c(F)c(F)c(Nc3ccccc3)c(N)c2F)ccc(NCC#N)c1 failed to sanitize.
16:53:38 <INFO> Sampled SMILES [O-]1(F)(F)F[nH]c(N=Nc2c(N)cccc2)c1 failed to sanitize.
16:53:38 <INFO> Sampled SMILES C(OC)(=O)c1c([N+]([O-])=O)cc(C(O)CC#N)c(C)c(N=Nc2c(Cl)cc(N(CCC#N)CC)cc2)c1 failed to sanitize.
16:53:38 <INFO> Sampled SMILES c1ccc2ncc(N=Nc3nc(C(OC)C)c(NCCCN(C)C)s3)c2c1 failed to sanitize.
16:53:38 <INFO> Sampled SMILES c1(N=Nc2ccccc2)c(C)cc(C(OC)N)c1C failed to sanitize.
16:53:38 <INFO> Sampled SMILES N(=Nc1c(C)n[nH]c1C)c1c(-c2ccccc2)n(C)c(=O)n(C)c1 failed to sanitize.
16:53:38 <INFO> Sampled SMILES n1(-c2ccc(S(=O)(O)=O)cc2C=O)c(C)c(N=Nc2ccc(N(CC)CC)cc2)c1C failed to sanitize.
16:53:38 <INFO> Sampled SMILES N(=Nc1nc(C(=O)OCC)c(CNCCC)s1)c1sc(NCCCC)n1 failed to sanitize.
16:53:38 <INFO> Sampled SMILES C(O)(c1c(Cl)cc(N=Nc2sccn2)c1)(C(F)(F)F)C(F)(F)F failed to sanitize.
16:53:38 <INFO> Sampled SMILES c1(-c2nc(N=Nc3c(C(O)CC)c(F)c(C(F)(F)F)c([N+](=O)[O-])c3)sc2N2CCCC2)ccc(N(CC)CC)c1 failed to sanitize.
16:53:38 <INFO> Sampled SMILES c1(N=Nc2c(C)noc2C)cc(C)ccc1=O failed to sanitize.
16:53:38 <INFO> Sampled SMILES N(c1c(C)noc1C)=Nc1ccnn1 failed to sanitize.
16:53:38 <INFO> Sampled SMILES N(c1ccc(N(CC)CCOC(c2ccccc2)c2ccccc2)cc1)=Nn failed to sanitize.
16:53:38 <INFO> Sampled SMILES c1(N=Nc2cc(OC)c(OC)cc2)c2ccccc2oc1=O failed to sanitize.
16:53:38 <INFO> Sampled SMILES C1Oc2ccc(N=Nc3ccccc3)cc(OC)c21 failed to sanitize.
16:53:38 <INFO> Sampled SMILES c1(Cl)c(N=Nc2c(-c3ccccc3)c(C(O)=O)c(-c3ccccc3)c2C)c(O)n(CC)c1C failed to sanitize.
16:53:38 <INFO> Sampled SMILES N#Cc1c(NC(=O)CC(NC(=O)c2cc(Br)ccc2O)C(C)(C)C)ccccc1 failed to sanitize.
16:53:38 <INFO> Sampled SMILES Cc1nc(N=Nc2ccccc2)c(C)c(C=N=Nc1ncsc1C)c1 failed to sanitize.
16:53:38 <INFO> Sampled SMILES Cc1c(N=Nc2c(F)cccc2)ccc(C(F)(F)F)cc1 failed to sanitize.
16:53:38 <INFO> Sampled SMILES C(C(=O#N)c1ccc(S(=O)(=O)O)cc1)c1ccc(C(N)=O)cc1 failed to sanitize.
16:53:38 <INFO> Sampled SMILES c1cc2[nH]nc(Sc3cc(-n4cccn4)nc(C)c3)c2c1 failed to sanitize.
16:53:38 <INFO> Sampled SMILES N(c1c(C#N)c(C)c(N=Nc2c(ccccc2)c2ccccc2)=Nc2ncccn12)C(=O)c1ccc([N+](=O)[O-])cc1 failed to sanitize.
16:53:38 <INFO> Sampled SMILES c1c(Cl)c(N(CCO)CCC#N)ccc1#N failed to sanitize.
16:53:38 <INFO> Sampled SMILES c1ccc(-c2ccc(N=Nc3c(N4CCCC4)c[nH]c3=O)cc2)cc1 failed to sanitize.
16:53:38 <INFO> Sampled SMILES OC(CSc1c(N2CCCC2)c(OCC(=O)c2ccccc2)c(OC)c1OC)CO failed to sanitize.
16:53:38 <INFO> Sampled SMILES N(c1ccc(N=Nc2ccc(Cl)cc2)cc1)(C)=O failed to sanitize.
16:53:38 <INFO> Sampled SMILES C1CCCN(c2cc(OC)ccc2)=N1 failed to sanitize.
16:53:38 <INFO> Sampled SMILES c1cc(N#N)c(N=Nc2c(C)cccc2)cc1 failed to sanitize.
16:53:38 <INFO> Sampled SMILES c1c(N=Nc2ccccc2Br)ccc(N(CCCl)=CC)c1 failed to sanitize.
16:53:38 <INFO> Sampled SMILES c1c2nc(N=C3CCC3=O)scc2n1 failed to sanitize.
16:53:38 <INFO> Sampled SMILES OCC(c1ccccc1)c1nc(-c2ccc([N+](S(=O)(=O)O)cc2)c(C(O)=CO)c(C(C)(C)C)c1C)n failed to sanitize.
16:53:38 <INFO> Sampled SMILES C1(c2cc(N=Nc3c(C#N)c(C)c(C)c(NS(=O)(=O)c4ccccc4)s3)cs2)CCOCC1 failed to sanitize.
16:53:38 <INFO> Sampled SMILES Clc1cc(N=Nc2c(Br)cc(NCCO)c2)ccc1 failed to sanitize.
16:53:38 <INFO> Sampled SMILES C1C(=O)N(c2ccc(N=Nc3(C)cccc3)c2)C(=O)CO1 failed to sanitize.
16:53:38 <INFO> Sampled SMILES c1#Brcc(N=Nc2ccc(C)c(C)c2)c2ccccc21 failed to sanitize.
16:53:38 <INFO> Sampled SMILES c1(-c2ccc(N=Nc3ccc(N(C)C)cc3)cc2)cnc(N=Nc1c(C)cccc1N)c1 failed to sanitize.
16:53:38 <INFO> Sampled SMILES Cc1c(N=Nc2ccccn2)c(C#N)c(=O)[nH]c1=O failed to sanitize.
16:53:38 <INFO> Sampled SMILES c1c(NCCO)sccc1SCCC#N failed to sanitize.
16:53:38 <INFO> Sampled SMILES c1(Cl)c(N=Nc2c(-c3ccccc3)c(C(OCC)=O)c(NC3CC3)n2)ccc(OC)c1 failed to sanitize.
16:53:38 <INFO> Sampled SMILES c1ccc2c(c(O)ccc2N=Nc2c(O)n(C)c(=O)cc2C)cc1 failed to sanitize.
16:53:38 <INFO> Sampled SMILES CCN(C(=O)CNC(=O)c1cc(N=Nc2ccc(OC)cc2)c(OC)c1)C1CCS(=O)(=O)C1 failed to sanitize.
16:53:38 <INFO> Sampled SMILES C#CCCNC(=O)c1ccc(N=Nc2ccccc2C)c1 failed to sanitize.
16:53:38 <INFO> Sampled SMILES OC(c1ccc(N=Nc2cc(N3CCCC3)ccc2C)c1)(C)(C)C failed to sanitize.
16:53:38 <INFO> Sampled SMILES c1(Br)ccc(N=Nc2ccc(N3CCOCC3)c(C)c2)c1 failed to sanitize.
16:53:38 <INFO> Sampled SMILES C(Oc1ccccc1)(c1cccNc1)C(=O)Nc1ccc(N(C)C)cc1 failed to sanitize.
16:53:38 <INFO> Sampled SMILES c1c(C(O)=O)cc(N=Nc2ccc(N(CC)CC)cc2OC)ccc1 failed to sanitize.
16:53:38 <INFO> Sampled SMILES c1(N=Nc2cccs2)nc(N2CCOCC2)nc1N failed to sanitize.
16:53:38 <INFO> Sampled SMILES Fc1cc(F)c(C#O)c(N=Nc2c(F)cc(C(OCC)=O)cc2F)c1 failed to sanitize.
16:53:38 <INFO> Sampled SMILES c12c(cccc1)ccc(O)c2N=Nc1sc(Cc2ccccc2)n1 failed to sanitize.
16:53:38 <INFO> Sampled SMILES c1(N=Nc2cc(O)cc3ccccc23)scc1N=Nc1cc(Br)ccn1 failed to sanitize.
16:53:38 <INFO> Sampled SMILES [O-][N+](=O)c1cc(C(=O)C)cc(C=N=Nc2c(OC)cc([N+](=O)[O-])cc2)c1O failed to sanitize.
16:53:38 <INFO> Sampled SMILES c1(C)sc(N=c2ccc(OC)cc2)c(NCCOCCO)n1 failed to sanitize.
16:53:38 <INFO> Sampled SMILES O#Cc1c(N=Nc2ccc([N+]([O-])=O)cc2)ccc(OC)c1 failed to sanitize.
16:54:08 <INFO> Sampled SMILES N(CC1(c2ccc([N+]([O-])cc2)=O)c(C(=O)O)c(OC)c1)c1ccc([N+]([O-])=O)cc1C#N failed to sanitize.
16:54:08 <INFO> Sampled SMILES C(CCl)N(c1c(C(C)C)cc(N=NcNc2c(C(F)(F)F)cccc2)c1)C#O failed to sanitize.
16:54:08 <INFO> Sampled SMILES c1(-n2nc(C)c(N=Nc3c(O)n(-c4cc(Cl)ccc4)nc3C)c2O)ccc(N)c1 failed to sanitize.
16:54:08 <INFO> Sampled SMILES n1csc2c(N=Nc3ccc(N(CC)CC)cc3)ccc21 failed to sanitize.
16:54:08 <INFO> Sampled SMILES O(C)Cc1cc([N+](=O)[O-])cc(-c2ccc(N=Nc3ccc(N=Nc4ccc(N(C)C)cc4)cc3)c2)c1 failed to sanitize.
16:54:08 <INFO> Sampled SMILES N(=Nc1nc(C(=O)OCC)c(CNCCC)s1)c1sc(NCCCCCCC)(N=O)CCCCC1 failed to sanitize.
16:54:08 <INFO> Sampled SMILES N(c1c(-c2ccccc2)c(C(=O)OCC)c(NCC)c1O)C(C(C)C)C failed to sanitize.
16:54:08 <INFO> Sampled SMILES c1(C)cc(N=Nc2c(C)c(Cl)c(C)cc2)c(C)n(C)c1 failed to sanitize.
16:54:08 <INFO> Sampled SMILES C1CCN(c2c(N=Nc3ccccc3)c(C)cn2)CC1 failed to sanitize.
16:54:08 <INFO> Sampled SMILES c1(N#CCC#N)cc(N=Nc2c(Br)cc([N+](=O)[O-])cc2C#N)cc1 failed to sanitize.
16:54:08 <INFO> Sampled SMILES N(=Nc1c(O)cccc1)=Oc1ccc(Cl)cc1 failed to sanitize.
16:54:08 <INFO> Sampled SMILES FC(c1c(N=Nc2ccc(N)cCl)cc2)s1 failed to sanitize.
16:54:08 <INFO> Sampled SMILES c1c(N=Nc2c(N3CCCC3)cc(OC)cc2F)c([N+](=O)[O-])cccc1 failed to sanitize.
16:54:08 <INFO> Sampled SMILES O=C1OCCNc2cc(N=Nc3c(C(Cl)=O)cc(C)c(C)c3C)cc21 failed to sanitize.
16:54:08 <INFO> Sampled SMILES c1(F)c(N=Nc2ccc(OC)c(C)c2)c(F)c(F)c1F failed to sanitize.
16:54:08 <INFO> Sampled SMILES CN(c1ccc(N=Nc2cc([N+](=O)[O-])ccC2)cc1)C1CCCN1C failed to sanitize.
16:54:08 <INFO> Sampled SMILES C(#n)c1cc(Cl)ccc1N=Nc1c(O)cccc1 failed to sanitize.
16:54:08 <INFO> Sampled SMILES c1(C#N)cc([N+](=O)[O-])cc1N=Nc1c(C)c(C(N)=O)c([N+](=O)[O-])cc1C#N failed to sanitize.
16:54:08 <INFO> Sampled SMILES n1nc(-c2ccccn2)c(C)c(C=N=Nc2sc(N3CC3)c(C)c(C)c2C)c1C failed to sanitize.
16:54:08 <INFO> Sampled SMILES c1([N+]([O-])=O)cc(OC)c(N=Nc2c(Br)cccc2Br)c1 failed to sanitize.
16:54:08 <INFO> Sampled SMILES c1(C)cc(F)c(N=Nc2c(C)cc([N+]([O-])=O)cc2O)c(O)[nH]1 failed to sanitize.
16:54:08 <INFO> Sampled SMILES NC(c1ccc(N=Nc2c(C)cc(Cl)cc2)cc1)(C)=O failed to sanitize.
16:54:08 <INFO> Sampled SMILES OS(=O)(c1c(Cl)c(N=Nc2cc(C)c(N=Nc3ccc([N+]([O-])c4ccccc4)cc3)cc2)N)c1 failed to sanitize.
16:54:08 <INFO> Sampled SMILES c1(-c2ccc(N=Nc3ccc(N(C)C)cc3)cc2)ccc(C)c1 failed to sanitize.
16:54:08 <INFO> Sampled SMILES F(c1c(N=Nc2c(F)cc(C(OCC)=O)cc2F)c(F)ccc1F)C(C)(C)C failed to sanitize.
16:54:08 <INFO> Sampled SMILES Oc1c(-c2ccccc2)c(C)c(N=Nc2c(O)n(-c3ccc([N+](=O)[O-])cc3)c(C)c2)ccc1 failed to sanitize.
16:54:08 <INFO> Sampled SMILES s1c(C)c(N=Nc2ccc(NCCC#N)cc2)c(C)o1 failed to sanitize.
16:54:08 <INFO> Sampled SMILES C1CCc2c(c(OCC(=O)c3c(c4ccccc4)n(-c4ccc(C)cc4)c3C)c(O)c(N)c2N)OCCO1 failed to sanitize.
16:54:08 <INFO> Sampled SMILES C(#O)c1cc([N+]([O-])=O)ccc1N=Nc1c(C)c(C#N)c(NCCBr)s1 failed to sanitize.
16:54:08 <INFO> Sampled SMILES c1(N=Nc2ccc(Cl)cc2)cc2c3c([nH]c2c1)CCCC3 failed to sanitize.
16:54:08 <INFO> Sampled SMILES [N+](=N(c1ccc(O)cc1)c1ccc(O)cc1)=Nc1c(OC)cc(C)cc1 failed to sanitize.
16:54:08 <INFO> Sampled SMILES c1nc(C)n(-c2ccc(N=Nc3ccc(N(C)=O)cc3)cc2)c1 failed to sanitize.
16:54:08 <INFO> Sampled SMILES O[N+](c1c(N=Nc2ccc(OC)cc2)c(C)c(C#N)c1C#N)CCCC#N failed to sanitize.
16:54:08 <INFO> Sampled SMILES C(O)(c1ccccc1)c1noc(CCCN=Nc2ccc(F)cc2)c1=O failed to sanitize.
16:54:08 <INFO> Sampled SMILES c1(N=Nc2ccc(C(C)C)cc2)c(C)cc(N(CCO)CCC#N)c1 failed to sanitize.
16:54:08 <INFO> Sampled SMILES Oc1c(C)c(N=Nc2c(Cl)cc([N+]([O-])=O)cc2C#N)c(C)ccc1 failed to sanitize.
16:54:08 <INFO> Sampled SMILES o1c(C)c(N=Nc2ccc([N+](=O)[O-])cc2[N+](=O)[O-])cNc(=O)n1C failed to sanitize.
16:54:08 <INFO> Sampled SMILES C(c1c(=O)n(CCCOC(C)C)c(NCCCOC)c(N=Nc2ccc(C(O)=O)cc2)c1C)#NN failed to sanitize.
16:54:08 <INFO> Sampled SMILES C(CN(c1ccccc1)(C)c1nc(NCCC#N)ccc1C)C#N failed to sanitize.
16:54:08 <INFO> Sampled SMILES c1c(N=Nc2ccc(N(C)C)cc2)c2cccnc2c(N=Nc2[nH]c(OC)cc(S(=O)([O-])=O)c2)cc1 failed to sanitize.
16:54:08 <INFO> Sampled SMILES [nH]1cc(Br)ccc1N=Nc1ccc(N(CC)CC)cc1 failed to sanitize.
16:54:08 <INFO> Sampled SMILES c1(N=Nc2c(O)c(C(N(C)C)CC)cccc2)c(O)no1 failed to sanitize.
16:54:08 <INFO> Sampled SMILES N1(CCCC(=O)OCc2ccccc2)(C(C)=O)CCC1 failed to sanitize.
16:54:08 <INFO> Sampled SMILES [O-][N+](c1cc(N=Nc2ccccc2)cc1)=O failed to sanitize.
16:54:08 <INFO> Sampled SMILES c1ncnc2nc(N=Nc3sc([N+](C)(C)C)cc3=O)sc2c1 failed to sanitize.
16:54:08 <INFO> Sampled SMILES C1C2CN(c3ccccc3N=Nc3ccc(OC)cc3)=CCC21 failed to sanitize.
16:54:08 <INFO> Sampled SMILES Oc1c(SCCC#N)ccc(F)cc1 failed to sanitize.
16:54:08 <INFO> Sampled SMILES c1cc2c3c(cccc3C(=O)N(CCCCCCCCC)C2=O)s1 failed to sanitize.
16:54:08 <INFO> Sampled SMILES C(F)(F)FNc1ccc(N=Nc2ccc([N+](=O)[O-])cc2)cc1 failed to sanitize.
16:54:08 <INFO> Sampled SMILES c1cccc(N2=Nc3ccccc3C2)c1C#N failed to sanitize.
16:54:08 <INFO> Sampled SMILES c1cc2c(cccc2N=Nc2c(C#O)cc(C#N)cc2C(F)(F)F)cc1 failed to sanitize.
16:54:08 <INFO> Sampled SMILES O=[N+](c1ccc(O)c(N=Nc2ccc(N(CC)CC)cc2)c1)(F)F failed to sanitize.
16:54:08 <INFO> Sampled SMILES c1(CC)c(cccc1)=Nc1ccc(OC)cc1 failed to sanitize.
16:54:08 <INFO> Sampled SMILES c1(N=Nc2c(F)c(F)c3c(c2F)Nc2ccccc2S3)ccc(N2CCOCC2)c1C failed to sanitize.
16:54:08 <INFO> Sampled SMILES c1(N=Nc2ccccc2C(F)(F)F)c(C)n[nH]c1=O failed to sanitize.
16:54:08 <INFO> Sampled SMILES C(C)N(c1ccc(N=Nc2ccc(Cl)cc2)cc1)=O failed to sanitize.
16:54:08 <INFO> Sampled SMILES N(=Nc1c(F)c2[nH]c3ccccc3sc2c1sc1nc(CC#N)cs1)c1ccc([N+](=O)[O-])cc1 failed to sanitize.
16:54:08 <INFO> Sampled SMILES o1cc(-c2c(N=Nc3ccc([N+]([O-])=O)cc3)sc2N)ccc1 failed to sanitize.
16:54:08 <INFO> Sampled SMILES C(F)(F)C(F)(F)C(F)(C(F)(F)C(C(=O)CC(O)CO)C(F)(F)F)(C(F)(F)F)C(F)(F)F failed to sanitize.
16:54:08 <INFO> Sampled SMILES c1cccc2c1sc(N=Nc1nc3ccccc3s1)n2C failed to sanitize.
16:54:08 <INFO> Sampled SMILES C(F)(F)C(F)(F)C(F)(CC#Cc1cc(Cl)ccc1)=Nc1ccc(NC(N)=O)cc1 failed to sanitize.
16:54:09 <INFO> Sampled SMILES O1(c2ccc(N(CCO)CCO)cc2C)CCOCC1 failed to sanitize.
16:54:09 <INFO> Sampled SMILES c1ccc(C(O)C)c(C(F)=N=Nc2c(OC)cc(OC)cc2)c1 failed to sanitize.
16:54:09 <INFO> Sampled SMILES c1(-c2ccc(N=Nc3c(C)cc(C(O)C)cc3)cc2)cccc1 failed to sanitize.
16:54:09 <INFO> Sampled SMILES c1c2[nH]c(-c3ccc(N4CCCCC4)c(C)c3)cc2cn1 failed to sanitize.
16:54:09 <INFO> Sampled SMILES O=[N+]([O-])c1ccc(N=Nc2c(C)c(C(N)=O)c(NCC)c2)cc1 failed to sanitize.
16:54:09 <INFO> Sampled SMILES c1(N=Nc2nc3c(ccc4c3cccc4)s2)sc2c1CCN(CCCl)C2 failed to sanitize.
16:54:09 <INFO> Sampled SMILES c1cc(N=Nc2c(C)c(C(=O)C)c(C)[nH](CC)c2(C)C)c(OC)cc1 failed to sanitize.
16:54:09 <INFO> Sampled SMILES C(c1c(=NN=Cc2ccc([N+]([O-])=O)cc2)c(C)s1)C(=O)CCl failed to sanitize.
16:54:09 <INFO> Sampled SMILES c1(N=Nc2ccc(Cl)cc2)cc2c(ccn2CC)(CC1=Nc2ccccc1OC1CCCCl)C2 failed to sanitize.
16:54:09 <INFO> Sampled SMILES N(CC#N)c1cc(N=Nc2c(C)c(C#N)c(N)n(CC)c2)cc(C(OCC)=O)c1 failed to sanitize.
16:54:09 <INFO> Sampled SMILES N1(c2c(C)cc(N(CCO)CCC#N)ccc2C)CCOc2ccccc21 failed to sanitize.
16:54:09 <INFO> Sampled SMILES COc1c(NC(=O)C2CCC(NC(=O)c3ccc(-c4ccc(O)cc4)cc3)CO2)ccc(F)c(F)c1F failed to sanitize.
16:54:09 <INFO> Sampled SMILES c1(C)c(C#N)c(=O)n(CCCOC(C)C)c(NCCCOC)c(NCCCOC)c1 failed to sanitize.
16:54:09 <INFO> Sampled SMILES N(c1c(C)nn(C)c1C)=Oc1ccc(Cl)cc1 failed to sanitize.
16:54:09 <INFO> Sampled SMILES c1cn2c(C)ccc(N=Nc3nccs3)c2c(=O)n1[O-] failed to sanitize.
16:54:09 <INFO> Sampled SMILES N1(c2c(C)cc(N=Nc3c(Cl)cccc3Cl)cc(C)c2)CCO1 failed to sanitize.
16:54:09 <INFO> Sampled SMILES O=C(c1c(N=Nc2ccc([N+]([O-])=O)cc2)cc(C(OC)(CC)C[N+](=O)[O-])c1OC1CCCCC1)OC failed to sanitize.
16:54:09 <INFO> Sampled SMILES c12ccccc1nc(N=N1CCCCC1)[nH]c2=Nc1ccc(OC)cc1 failed to sanitize.
16:54:09 <INFO> Sampled SMILES N(c1cc(=O)ccc1)c1c(C#N)cc(N=Nc2c(C)c(C#N)c(N)n2C)cc1 failed to sanitize.
16:54:09 <INFO> Sampled SMILES s1ccc(N=Nc2cccnc2)cc1 failed to sanitize.
16:54:09 <INFO> Sampled SMILES N#c1ccc(C#N)cc1N=Nc1c(C)cccc1 failed to sanitize.
16:54:09 <INFO> Sampled SMILES c1([N+]([O-])=O)c(N=Nc2c(O)n(-c3ccc(O)cc3)c(C)c(C(=O)OCC)c2-c2ccccc2)c(C)s1 failed to sanitize.
16:54:09 <INFO> Sampled SMILES N(=Nc1nc(C(=O)OCC)c(CNCCC)s1)c failed to sanitize.
16:54:09 <INFO> Sampled SMILES c1ccccc1C=ONc1c(C)cccc1 failed to sanitize.
16:54:09 <INFO> Sampled SMILES C(c1ccc(N=Nc2ccc(N(C)C)cc2)cc1)C#O failed to sanitize.
16:54:09 <INFO> Sampled SMILES c1cc(N(CC)CC)c(OC)cc1N=Nc1c([N+](C)(=O)cccc([N+]([O-])=O)c1O)C(C)C failed to sanitize.
16:54:09 <INFO> Sampled SMILES c1(N=Nc2ccccc2)c(C)c(CCCl)cc1 failed to sanitize.
16:54:09 <INFO> Sampled SMILES c1c(C#N)c(N=Nc2c(-c3ccccc3)c(C(OCC)=O)c(N3CC3)s2)c(Cl)cc([N+](=O)[O-])c1 failed to sanitize.
16:54:09 <INFO> Sampled SMILES C1(c2nc(N=Nc3ccc(N4CCOCC4)c(C)c3)s2)CCCCC1 failed to sanitize.
16:54:09 <INFO> Sampled SMILES c1ncsc1N=Nc1cnn1C failed to sanitize.
16:54:09 <INFO> Sampled SMILES N(c1c(=O))cc(N=Nc2c(C#O)cc(C#N)cc2C)c(S(C)(=O)=O)c1 failed to sanitize.
16:54:09 <INFO> Sampled SMILES c1cccc2c1oc(-c1ccc(O)cc1)c(OC)c2 failed to sanitize.
16:54:09 <INFO> Sampled SMILES N(c1cc(Cl)ccc1Cl)SCC(=O)Nc1c([N+](=O)[O-])cc(C([N+](=O)(F)F)cc1[N+](=O)[O-])CCCOC failed to sanitize.
16:54:09 <INFO> Sampled SMILES N(c1cc([N+]([O-])=O)c(N=Nc2scc(C(OCC)=O)c2)n1)c1ccccc1 failed to sanitize.
16:54:09 <INFO> Sampled SMILES c12c(nccc1)c(N=Nc1c(O)cccc1)c(OC)n2 failed to sanitize.
16:54:09 <INFO> Sampled SMILES c1(-c2nc(N=Nc3ccc(Br)cc3)c3ccccc3)ccccc21 failed to sanitize.
16:54:09 <INFO> Sampled SMILES n1(-c2ccc(O)nc2)c(N=Nc2sc3c(c2C#N)CCCC3)cc1 failed to sanitize.
16:54:09 <INFO> Sampled SMILES c1(N(CCC#N)CCO)cc(C)c(N=Nc2ccc(CCC#N)cc2)c1C failed to sanitize.
16:54:10 <INFO> Best validation loss (41.316) was at epoch 12
16:54:10 <INFO> Peak main memory usage: 1582.797 MiB
16:54:10 <INFO> Finished REINVENT on 2026-04-14
