01:58:04 <INFO> Started REINVENT 4.7.15 (C) AstraZeneca 2017, 2023 on 2026-07-17
01:58:04 <INFO> Command line: /work/reinvent/__main__.py -d cuda:0 -l /work/outputs_dasa/trial_stage2/stage2.log /work/outputs_dasa/trial_stage2/stage2.toml
01:58:04 <INFO> Reading run configuration from /work/outputs_dasa/trial_stage2/stage2.toml using format toml
01:58:04 <INFO> User root on host modal
01:58:04 <INFO> Python version 3.10.18
01:58:04 <INFO> PyTorch version 2.9.1+cu128, git 5811a8d7da873dd699ff6687092c225caffcf1bb
01:58:04 <INFO> PyTorch compiled with CUDA version 12.8
01:58:04 <INFO> RDKit version 2026.03.4
01:58:04 <INFO> Platform Linux-4.19.0-gvisor-x86_64-with-glibc2.36
01:58:04 <INFO> Number of PyTorch CUDA devices 1
01:58:04 <WARN> 'use_cuda' is deprecated, use 'device' instead
01:58:05 <INFO> Using GPU device:0 Tesla T4
01:58:05 <INFO> GPU memory: 14807 MiB free, 14912 MiB total
01:58:05 <INFO> Writing TensorBoard summary to /work/outputs_dasa/trial_stage2/tb
01:58:05 <INFO> Starting 1 stage of Reinforcement Learning
01:58:05 <INFO> /work/reinvent.prior has valid hash:
{ 'comments': [],
  'creation_date': 0,
  'date_format': 'UNIX epoch',
  'hash_id': '173568c36e1fc3d95cab289c7d31ce0b',
  'hash_id_format': 'xxhash.xxh3_128_hex 3.4.1',
  'model_id': '55d68f8a81c04f5a86304ebe1723a0ea',
  'model_id_format': 'uuid.uuid4 3.10.12',
  'origina_data_source': 'ChEMBL 25',
  'updates': []}
01:58:05 <INFO> Number of network parameters: 5,805,602
01:58:05 <INFO> Network architecture:
RNN(
  (_embedding): Embedding(34, 256)
  (_rnn): LSTM(256, 512, num_layers=3, batch_first=True)
  (_linear): Linear(in_features=512, out_features=34, bias=True)
)
01:58:05 <INFO> /work/outputs_dasa/trial_stage1/stage1.chkpt has valid hash:
{ 'comments': ['TL', 'RL', 'RL'],
  'creation_date': 0,
  'date_format': 'UNIX epoch',
  'hash_id': '1a1a65b5f9a708c49210ff2bc5e0e569',
  'hash_id_format': 'xxhash.xxh3_128_hex 3.8.1',
  'model_id': '55d68f8a81c04f5a86304ebe1723a0ea',
  'model_id_format': 'uuid.uuid4 3.10.12',
  'origina_data_source': 'ChEMBL 25',
  'updates': [1784253049.5103106, 1784253476.593887, 1784253476.6608407]}
01:58:05 <INFO> Number of network parameters: 5,805,602
01:58:05 <INFO> Network architecture:
RNN(
  (_embedding): Embedding(34, 256)
  (_rnn): LSTM(256, 512, num_layers=3, batch_first=True)
  (_linear): Linear(in_features=512, out_features=34, bias=True)
)
01:58:05 <INFO> Using generator Reinvent
01:58:05 <INFO> Prior read from /work/reinvent.prior
01:58:05 <INFO> Agent read from /work/outputs_dasa/trial_stage1/stage1.chkpt
01:58:05 <INFO> Using reward strategy dap
01:58:05 <INFO> Using diversity filter IdenticalMurckoScaffold
01:58:05 <INFO> Purging diversity filter memories after each stage
01:58:05 <WARN> Inception disabled but may speed up convergence
01:58:05 <ERRO> Component reinvent_plugins.components.OpenEye.comp_rocs could not be imported: No module named 'openeye'
01:58:05 <INFO> Registered scoring component GroupCount
01:58:05 <INFO> Registered scoring component FragmentQed
01:58:05 <INFO> Registered scoring component FragmentSlogP
01:58:05 <INFO> Registered scoring component FragmentMolecularWeight
01:58:05 <INFO> Registered scoring component FragmentTPSA
01:58:05 <INFO> Registered scoring component FragmentDistanceMatrix
01:58:05 <INFO> Registered scoring component FragmentNumAtomStereoCenters
01:58:05 <INFO> Registered scoring component FragmentHBondAcceptors
01:58:05 <INFO> Registered scoring component FragmentHBondDonors
01:58:05 <INFO> Registered scoring component FragmentNumRotBond
01:58:05 <INFO> Registered scoring component FragmentCsp3
01:58:05 <INFO> Registered scoring component Fragmentnumsp
01:58:05 <INFO> Registered scoring component Fragmentnumsp2
01:58:05 <INFO> Registered scoring component Fragmentnumsp3
01:58:05 <INFO> Registered scoring component FragmentEffectiveLength
01:58:05 <INFO> Registered scoring component FragmentGraphLength
01:58:05 <INFO> Registered scoring component FragmentLengthRatio
01:58:05 <INFO> Registered scoring component FragmentNumHeavyAtoms
01:58:05 <INFO> Registered scoring component FragmentNumHeteroAtoms
01:58:05 <INFO> Registered scoring component FragmentNumRings
01:58:05 <INFO> Registered scoring component FragmentNumAromaticRings
01:58:05 <INFO> Registered scoring component FragmentNumAliphaticRings
01:58:05 <INFO> Registered scoring component FragmentSlogP
01:58:05 <INFO> Registered scoring component MatchingSubstructure
01:58:05 <INFO> Registered scoring component MolVolume
01:58:05 <INFO> Registered scoring component Qed
01:58:05 <INFO> Registered scoring component LargestRingSize
01:58:05 <INFO> Registered scoring component MolecularWeight
01:58:05 <INFO> Registered scoring component GraphLength
01:58:05 <INFO> Registered scoring component NumAtomStereoCenters
01:58:05 <INFO> Registered scoring component HBondAcceptors
01:58:05 <INFO> Registered scoring component HBondDonors
01:58:05 <INFO> Registered scoring component NumRotBond
01:58:05 <INFO> Registered scoring component Csp3
01:58:05 <INFO> Registered scoring component numsp
01:58:05 <INFO> Registered scoring component numsp2
01:58:05 <INFO> Registered scoring component numsp3
01:58:05 <INFO> Registered scoring component NumHeavyAtoms
01:58:05 <INFO> Registered scoring component NumHeteroAtoms
01:58:05 <INFO> Registered scoring component NumRings
01:58:05 <INFO> Registered scoring component NumAromaticRings
01:58:05 <INFO> Registered scoring component NumAliphaticRings
01:58:05 <INFO> Registered scoring component SlogP
01:58:05 <INFO> Registered scoring component LargestRingSize
01:58:05 <INFO> Registered scoring component PMI
01:58:05 <INFO> Registered scoring component RDKitDescriptors
01:58:05 <INFO> Registered scoring component TanimotoSimilarity
01:58:05 <INFO> Registered scoring component TanimotoDistance
01:58:05 <INFO> Registered scoring component TPSA
01:58:05 <INFO> Registered scoring component SAScore
01:58:06 <INFO> Registered scoring component ChemProp
01:58:06 <INFO> Registered scoring component CustomAlerts
01:58:06 <INFO> Registered scoring component DockStream
01:58:06 <INFO> Registered scoring component ExternalProcess
01:58:06 <INFO> Registered scoring component REST
01:58:06 <INFO> Registered scoring component Icolos
01:58:06 <INFO> Registered scoring component MMP
01:58:06 <INFO> Registered scoring component Qptuna
01:58:06 <INFO> Registered scoring component ReactionFilter
01:58:06 <INFO> Registered scoring component RingPrecedence
01:58:06 <INFO> Registered scoring component Maize
01:58:06 <INFO> Registered scoring component SynthSense
01:58:06 <INFO> Registered scoring component CAZP
01:58:06 <INFO> Registered scoring component AqueousSolubility
01:58:06 <INFO> Registered scoring component DASAScaffold
01:58:06 <INFO> Registered scoring component DASASwitchability
01:58:06 <INFO> Registered scoring component HalfLifeChemProp
01:58:06 <INFO> Registered scoring component PhotoswitchScaffold
01:58:06 <INFO> Registered scoring component VisibleAbsChemProp
01:58:06 <INFO> Registered scoring component XTBHomoLumo
01:58:06 <INFO> Registered scoring component XTBIsomerGap
01:58:06 <INFO> Registered scoring component XTBLambdaFilter
01:58:06 <INFO> Creating scoring component DASAScaffold
01:58:06 <INFO> Creating scoring component AqueousSolubility
01:58:06 <INFO> Creating scoring component XTBHomoLumo
01:58:06 <INFO> Creating scoring component DASASwitchability
01:58:06 <INFO> Writing tabular data for stage to /work/outputs_dasa/trial_stage2/stage2_1.csv
01:58:06 <INFO> Starting stage 1 <<<
01:58:06 <INFO> Current GPU memory usage: 215 MiB used, 14697 MiB free
01:58:28 <INFO> Score: 0.75 Agent NLL: 16.56 Valid: 100% Step: 1
 | Agent Prior Target Score SMILES SMILES_state Scaffold DASA DASA (raw) Solubility Solubility (raw) xTB_Gap xTB_Gap (raw) WaterSwitch WaterSwitch (raw)
 | 13.4685 69.9319 44.0992 0.8908683 NC1CCN(C=CC=CC(O)=c2c(=O)[nH][nH]c2=C2C(=O)C(=O)N(CCO)C2=O)C1 1 O=C1NC(=O)C(=c2[nH][nH]c(=O)c2=CC=CC=CN2CCCC2)C1=O 1.0000000 1.0000 0.8914853 0.8915 0.6171294 0.6171 0.8843899 0.8844
 | 10.3317 54.9732 45.4503 0.7845584 CC1=NC(=O)NC(=O)C1=C(O)C=CC=CN1CC(=O)N2CCCCN2C1=O 1 O=C1N=CC(=CC=CC=CN2CC(=O)N3CCCCN3C2=O)C(=O)N1 1.0000000 1.0000 0.6256746 0.6257 0.7144574 0.7145 0.7109806 0.7110
 | 17.7469 61.1782 28.3824 0.6996926 CCOC(=O)C1NC(=O)C(=C(O)C=CC=CN2CCOCC2=O)N=CC1=O 1 O=C1C=NC(=CC=CC=CN2CCOCC2=O)C(=O)NC1 1.0000000 1.0000 0.7630379 0.7630 0.3110592 0.3111 0.5686386 0.5686
 | 22.1742 66.8582 40.6532 0.8399326 NC1=NCCN1C=CC=CC(O)=C1C(=O)NC(=O)C(O)(C2=NCCN2)C1=O 1 O=C1NC(=O)C(C2=NCCN2)C(=O)C1=CC=CC=CN1C=NCC1 1.0000000 1.0000 0.8696757 0.8697 0.4428962 0.4429 0.8364573 0.8365
 | 12.7452 64.0211 22.2046 0.6736386 C=C1C(=O)NC(=O)C(=C(O)C=CC=CN2CCN(CCO)C(=O)C2)C1=O 1 C=C1C(=O)NC(=O)C(=CC=CC=CN2CCNC(=O)C2)C1=O 1.0000000 1.0000 0.8120649 0.8121 0.2249789 0.2250 0.5391316 0.5391
 | 12.1616 61.5381 17.6240 0.6184545 C=C1CN(CCO)CCN1C=CC=CC(O)=C1CCC(=CCO)NC1=O 1 C=C1CCC(=CC=CC=CN2CCNCC2=C)C(=O)N1 1.0000000 1.0000 0.6657757 0.6658 0.4571359 0.4571 0.3594601 0.3595
 | 17.7604 55.7502 55.2860 0.8674704 O=C1NCC(O)C(=O)C1=C(O)C=CC=CN1CCC=N1 1 O=C1CCNC(=O)C1=CC=CC=CN1CCC=N1 1.0000000 1.0000 0.7956803 0.7957 0.7709223 0.7709 0.8098911 0.8099
 | 14.1021 65.1778 32.8969 0.7662091 CN1C(=O)NC(NCCCO)C(=C(O)C=CC=CN2CC(=O)NC(=O)C2=O)C1=O 1 O=C1CN(C=CC=CC=C2CNC(=O)NC2=O)C(=O)C(=O)N1 1.0000000 1.0000 0.8513693 0.8514 0.9463383 0.9463 0.4688849 0.4689
 | 15.3304 56.8033 22.9064 0.6227326 C=C1CC(N)CN1C=CC=CC(O)=C1CC=CNC1=O 1 C=C1CCCN1C=CC=CC=C1CC=CNC1=O 1.0000000 1.0000 0.6331483 0.6331 0.2855950 0.2856 0.4557558 0.4558
 | 22.1696 94.1743 9.6422 0.8110659 O=C1CN(C=CC=CC(O)=C2NC(=O)C(=C(O)C=CC=CN3CC(=O)N4CCCC4C(=O)N3)C2=O)CCN1 1 O=C1CN(C=CC=CC=C2NC(=O)C(=CC=CC=CN3CC(=O)N4CCCC4C(=O)N3)C2=O)CCN1 1.0000000 1.0000 0.6830626 0.6831 0.7929844 0.7930 0.7161350 0.7161
01:58:54 <INFO> Score: 0.76 Agent NLL: 18.50 Valid: 100% Step: 2
 | Agent Prior Target Score SMILES SMILES_state Scaffold DASA DASA (raw) Solubility Solubility (raw) xTB_Gap xTB_Gap (raw) WaterSwitch WaterSwitch (raw)
 | 19.2434 68.0763 23.9657 0.7190779 CC=C(C)N1C(=O)NC(=O)C(=C(O)C=CC=CN2CC(CCO)OC2=O)C1O 1 O=C1NCC(=CC=CC=CN2CCOC2=O)C(=O)N1 1.0000000 1.0000 0.6334465 0.6334 0.2201254 0.2201 0.8162720 0.8163
 | 17.9388 67.6432 45.8486 0.8866551 O=C1NC(=O)C(O)C(O)C1=C(O)C=CC=CN1CC(=O)N2CC=CC=CC(=O)N2C1=O 1 O=C1CCC(=CC=CC=CN2CC(=O)N3CC=CC=CC(=O)N3C2=O)C(=O)N1 1.0000000 1.0000 0.7837539 0.7838 0.9673519 0.9674 0.8099219 0.8099
 | 15.7531 69.1035 26.4279 0.7463393 CN1C(=O)C(=C(O)C=CC=CN2CC(=O)N3CCCCN3C2=O)C(=O)N1CCOCCO 1 O=C1NNC(=O)C1=CC=CC=CN1CC(=O)N2CCCCN2C1=O 1.0000000 1.0000 0.7375324 0.7375 0.6273105 0.6273 0.5575301 0.5575
 | 9.6457 52.1313 22.4276 0.5824911 O=C1CCC(=C(O)C=CC=CN2CC(=O)N3CCCCN3C2=O)C(=O)N1 1 O=C1CCC(=CC=CC=CN2CC(=O)N3CCCCN3C2=O)C(=O)N1 1.0000000 1.0000 0.6622020 0.6622 0.0655654 0.0656 0.6107388 0.6107
 | 18.8376 57.8401 39.9363 0.7638781 COC1NCCN(C=CC=CC(O)=C2C=CC(=O)NC2=O)O1 1 O=C1C=CC(=CC=CC=CN2CCNCO2)C(=O)N1 1.0000000 1.0000 0.7678275 0.7678 0.9838435 0.9838 0.4942097 0.4942
 | 18.3930 61.7058 23.7595 0.6676978 O=C1CCNC(=O)C1=C(O)C=CC=CN1CC(=O)N2CC(O)CC(O)C2C1=O 1 O=C1CCNC(=O)C1=CC=CC=CN1CC(=O)N2CCCCC2C1=O 1.0000000 1.0000 0.8222624 0.8223 0.5151482 0.5151 0.3799487 0.3799
 | 21.1274 61.3883 56.9781 0.9247379 CC(=O)N1CN(C=CC=CC(O)=C2C(=O)NC(=O)N(C)C2=O)C(=O)N1O 1 O=C1NC(=O)C(=CC=CC=CN2CNNC2=O)C(=O)N1 1.0000000 1.0000 0.7542314 0.7542 0.9856094 0.9856 0.9539932 0.9540
 | 14.9538 63.2955 18.6745 0.6403909 C=C1N(C=CC=CC(O)=C2C(=O)CC(=O)C(=O)NC2=O)CCN1CCO 1 C=C1NCCN1C=CC=CC=C1C(=O)CC(=O)C(=O)NC1=O 1.0000000 1.0000 0.7902631 0.7903 0.0635308 0.0635 0.7452540 0.7453
 | 27.8889 70.1533 17.7104 0.6864353 CN(C)CCN=c1sc(=C(O)C=CC=CN2CCC(N)C2)c(=O)[nH]c1=CCl 1 C=c1[nH]c(=O)c(=CC=CC=CN2CCCC2)sc1=N 1.0000000 1.0000 0.7089686 0.7090 0.8148219 0.8148 0.3925590 0.3926
 | 13.0932 52.5115 27.5143 0.6252017 O=C1NC(=O)C(=C(O)C=CC=CN2CCNCC2=O)C(C(=O)O)N1 1 O=C1NCC(=CC=CC=CN2CCNCC2=O)C(=O)N1 1.0000000 1.0000 0.8311404 0.8311 0.0307850 0.0308 0.8683305 0.8683
01:58:54 <INFO> Sampled SMILES N1C(=O)C(=C(O)C=CC=CN2CC=C(OC)C(O)C=C2=O)N=CCN1CC failed to sanitize.
01:59:19 <INFO> Score: 0.72 Agent NLL: 16.30 Valid:  98% Step: 3
 | Agent Prior Target Score SMILES SMILES_state Scaffold DASA DASA (raw) Solubility Solubility (raw) xTB_Gap xTB_Gap (raw) WaterSwitch WaterSwitch (raw)
 | 25.4730 70.8661 -70.8661 0.0000000 N1C(=O)C(=C(O)C=CC=CN2CC=C(OC)C(O)C=C2=O)N=CCN1CC 0 -- 0.0000000 0.0000 0.0000000 0.0000 0.0000000 0.0000 0.0000000 0.0000
 | 13.2971 58.2969 50.4520 0.8496008 CC1CN(CCO)CCN1C=CC=CC(O)=C1C(=O)NCCC(=O)NC1=O 1 O=C1CCNC(=O)C(=CC=CC=CN2CCNCC2)C(=O)N1 1.0000000 1.0000 0.7867272 0.7867 0.9606394 0.9606 0.7010873 0.7011
 | 7.6538 70.2421 49.0157 0.9317011 O=C1CN(C=CC=CC(O)=c2c(=O)[nH]c(=O)[nH]c2=C2C(=O)C(=O)N(CCO)C2=O)C(=O)C(=O)N1 1 O=C1CN(C=CC=CC=c2c(=O)[nH]c(=O)[nH]c2=C2C(=O)NC(=O)C2=O)C(=O)C(=O)N1 1.0000000 1.0000 0.9375422 0.9375 0.6943766 0.6944 0.9478011 0.9478
 | 12.4758 54.3523 59.5302 0.8897069 O=C1CC(=O)C(=C(O)C=CC=CN2CC(=O)N3CC(O)C(O)C3C2)C(=O)N1 1 O=C1CC(=O)C(=CC=CC=CN2CC(=O)N3CCCC3C2)C(=O)N1 1.0000000 1.0000 0.8503371 0.8503 0.9936102 0.9936 0.7630608 0.7631
 | 22.3346 51.7900 48.5197 0.7836696 CN(C=CC=CC(O)=C1C(=O)NC(=O)c2c1c(O)c1ccccc1c2O)OCCO 1 C=C1C(=O)NC(=O)c2cc3ccccc3cc21 1.0000000 1.0000 0.4931338 0.4931 0.9649160 0.9649 0.7564699 0.7565
 | 13.5429 66.2713 44.7785 0.8675768 NC1CCN(C=CC=CC(O)=C2C(=O)NC(=C(O)CCl)C2=O)C1 1 C=C1NC(=O)C(=CC=CC=CN2CCCC2)C1=O 1.0000000 1.0000 0.6823133 0.6823 0.9940809 0.9941 0.8265483 0.8265
 | 10.6909 48.7540 42.7159 0.7146087 O=C1CCN(C=CC=CC(O)=C2C(=O)CCNC2=O)C1 1 O=C1CCN(C=CC=CC=C2C(=O)CCNC2=O)C1 1.0000000 1.0000 0.7514054 0.7514 0.7905374 0.7905 0.4353654 0.4354
 | 17.2278 55.5975 43.9404 0.7776401 O=C1NC2(O)C(=O)NC(=O)C2C1=C(O)C=CC=CN1CC=CC1 1 O=C1NC2C(=O)NC(=O)C2C1=CC=CC=CN1CC=CC1 1.0000000 1.0000 0.8220664 0.8221 0.2940888 0.2941 0.7843651 0.7844
 | 8.6058 51.6304 41.6184 0.7285062 O=C1CCCNC(=O)C1=C(O)C=CC=CN1CCOCC1=O 1 O=C1CCCNC(=O)C1=CC=CC=CN1CCOCC1=O 1.0000000 1.0000 0.7336282 0.7336 0.4898228 0.4898 0.5660314 0.5660
 | 13.3243 53.5682 54.1449 0.8415083 NC1C(C(=O)O)CCN1C=CC=CC(O)=C1C=CC(=O)NC1=O 1 O=C1C=CC(=CC=CC=CN2CCCC2)C(=O)N1 1.0000000 1.0000 0.7657284 0.7657 0.9998657 0.9999 0.6823983 0.6824
01:59:43 <INFO> Score: 0.72 Agent NLL: 16.23 Valid: 100% Step: 4
 | Agent Prior Target Score SMILES SMILES_state Scaffold DASA DASA (raw) Solubility Solubility (raw) xTB_Gap xTB_Gap (raw) WaterSwitch WaterSwitch (raw)
 | 13.1791 63.1015 49.1874 0.8772570 CC=C1CC(N)CN1C=CC=CC(O)=C1C(=O)NCCC(=O)NC1=O 1 C=C1CCCN1C=CC=CC=C1C(=O)NCCC(=O)NC1=O 1.0000000 1.0000 0.7255807 0.7256 0.9916342 0.9916 0.8201758 0.8202
 | 13.4658 54.5829 43.8204 0.7687758 CC1NC(=O)C(=C(O)C=CC=CN2CCC(CO)C2)C(=O)O1 1 O=C1NCOC(=O)C1=CC=CC=CN1CCCC1 1.0000000 1.0000 0.7398033 0.7398 0.9823831 0.9824 0.5195548 0.5196
 | 36.2332 75.0798 23.7473 0.7720867 NCC1CCC2NC(=O)C(=C(O)C=CC=CN3CCC(O)C(O)C3)C2(N)OO1 1 O=C1NC2CCCOOC2C1=CC=CC=CN1CCCCC1 1.0000000 1.0000 0.8019849 0.8020 0.4054944 0.4055 0.6914393 0.6914
 | 24.1839 78.4509 -19.4831 0.4606857 C=C1OC(=O)C(=O)C12C(=O)C(=C(O)C=CC=CN1CC(=O)N3CCCCN=C3C1)C(=O)N2C 1 C=C1OC(=O)C(=O)C12NC(=O)C(=CC=CC=CN1CC(=O)N3CCCCN=C3C1)C2=O 1.0000000 1.0000 0.6754334 0.6754 0.0153519 0.0154 0.4698867 0.4699
 | 10.3611 73.8304 9.7802 0.6532074 C=C1CN(CCO)CCN1C=CC=CC(O)=c1c(=O)[nH]c(=O)[nH]c1=C1C(=O)C(=O)N(CCO)C1=O 1 C=C1CNCCN1C=CC=CC=c1c(=O)[nH]c(=O)[nH]c1=C1C(=O)NC(=O)C1=O 1.0000000 1.0000 0.8889385 0.8889 0.0492928 0.0493 0.8023238 0.8023
 | 14.1347 66.8444 53.6866 0.9416484 NCCN1C(=O)CN(C=CC=CC(O)=C2C(=O)NC(=O)NC2N)C(=O)C1=O 1 O=C1CN(C=CC=CC=C2CNC(=O)NC2=O)C(=O)C(=O)N1 1.0000000 1.0000 0.8855811 0.8856 0.8106647 0.8107 0.9674709 0.9675
 | 9.4186 58.6530 59.3076 0.9215666 CC(O)C1C(=O)NC(=O)C(=C(O)C=CC=CN2CCN(CCO)CC2=O)C1=O 1 O=C1CC(=O)C(=CC=CC=CN2CCNCC2=O)C(=O)N1 1.0000000 1.0000 0.8324540 0.8325 0.9864213 0.9864 0.8754555 0.8755
 | 15.4627 57.4082 46.4775 0.8116074 CCN1NC(=O)C1=C(O)C=CC=CN1CCCOC(CO)C1 1 O=C1NNC1=CC=CC=CN1CCCOCC1 1.0000000 1.0000 0.7401284 0.7401 0.8971322 0.8971 0.6452697 0.6453
 | 19.3488 54.5741 41.5256 0.7507790 O=C1CCC(O)C1=C(O)C=CC=CN1CCNCC1CCO 1 O=C1CCCC1=CC=CC=CN1CCNCC1 1.0000000 1.0000 0.7430279 0.7430 0.3055607 0.3056 0.7407778 0.7408
 | 20.9374 69.2973 21.9031 0.7125026 CC=C1C2=C([N+](=O)[O-])CN(C=CC=CC(O)=C3C(=O)NC(=O)N=C3N)CCN12 1 C=C1C2=CCN(C=CC=CC=C3C=NC(=O)NC3=O)CCN12 1.0000000 1.0000 0.6584197 0.6584 0.1386851 0.1387 0.9141471 0.9141
02:00:10 <INFO> Score: 0.71 Agent NLL: 17.89 Valid: 100% Step: 5
 | Agent Prior Target Score SMILES SMILES_state Scaffold DASA DASA (raw) Solubility Solubility (raw) xTB_Gap xTB_Gap (raw) WaterSwitch WaterSwitch (raw)
 | 9.5904 49.0278 27.8409 0.6005365 C=C1CCC(=C(O)C=CC=CN2CCNCC2=O)C(=O)N1 1 C=C1CCC(=CC=CC=CN2CCNCC2=O)C(=O)N1 1.0000000 1.0000 0.6996766 0.6997 0.1022871 0.1023 0.5498125 0.5498
 | 17.3236 61.3465 27.9087 0.6973064 CN1C(=O)CCC(=C(O)C=CC=CN2CCN(CCO)CC(=O)O2)C1=O 1 O=C1CCC(=CC=CC=CN2CCNCC(=O)O2)C(=O)N1 1.0000000 1.0000 0.7468165 0.7468 0.1239547 0.1240 0.8066232 0.8066
 | 22.1264 78.1745 13.3991 0.7154184 CC=CC1=NON(C=CC=CC(O)=C2C(=O)NC(=O)C(CC=O)C(=O)NC2=O)C1 1 O=C1CC(=O)NC(=O)C(=CC=CC=CN2CC=NO2)C(=O)N1 1.0000000 1.0000 0.7413644 0.7414 0.4770771 0.4771 0.5335140 0.5335
 | 17.7001 57.1385 47.4911 0.8174191 COC=C1CCCN1C=CC=CC(O)=c1oc(=CCO)[nH]c1=O 1 C=C1CCCN1C=CC=CC=c1oc(=C)[nH]c1=O 1.0000000 1.0000 0.7328225 0.7328 0.9836634 0.9837 0.6433311 0.6433
 | 28.4769 73.9126 6.6028 0.6290262 C=CCN1C=CN(C=CC=CC(O)=C2C(=O)NC(OC(=O)N3CCCC3)CCOC2=O)CC1=O 1 O=C1CN(C=CC=CC=C2C(=O)NC(OC(=O)N3CCCC3)CCOC2=O)C=CN1 1.0000000 1.0000 0.5281258 0.5281 0.7556210 0.7556 0.3750508 0.3751
 | 9.6584 68.0834 56.4295 0.9727566 O=C1CN(C=CC=CC(O)=c2c(=O)[nH]c(=O)[nH]c2=C2C(=O)C(=O)N(CCO)C2=O)C(=O)CN1 1 O=C1CN(C=CC=CC=c2c(=O)[nH]c(=O)[nH]c2=C2C(=O)NC(=O)C2=O)C(=O)CN1 1.0000000 1.0000 0.9288922 0.9289 0.9958706 0.9959 0.9643040 0.9643
 | 17.3228 58.1858 44.7043 0.8038286 C=C1CN(C)CCN1C=CC=CC(O)=c1oc(=CCl)[nH]c1=O 1 C=C1CNCCN1C=CC=CC=c1oc(=C)[nH]c1=O 1.0000000 1.0000 0.6819115 0.6819 0.9733763 0.9734 0.6442068 0.6442
 | 13.1483 58.2100 42.2980 0.7852188 C=C1CC(=C(O)C=CC=CN2CC(N)C(O)C(CO)C2)C(=O)N1 1 C=C1CC(=CC=CC=CN2CCCCC2)C(=O)N1 1.0000000 1.0000 0.7827136 0.7827 0.5636536 0.5637 0.6588124 0.6588
 | 10.5747 48.4202 58.0211 0.8315731 O=C1C=CC(=C(O)C=CC=CN2CCSCC2)C(=O)N1 1 O=C1C=CC(=CC=CC=CN2CCSCC2)C(=O)N1 1.0000000 1.0000 0.6562859 0.6563 0.9697968 0.9698 0.7444556 0.7445
 | 21.7696 62.5521 44.0199 0.8325941 O=C1CN(C=CC=CC(O)=C2C(=O)NC(CC3C(=O)Nc4ccccc43)C2=O)CCN1 1 O=C1CN(C=CC=CC=C2C(=O)NC(CC3C(=O)Nc4ccccc43)C2=O)CCN1 1.0000000 1.0000 0.6221744 0.6222 0.9434295 0.9434 0.7861625 0.7862
02:00:29 <INFO> Score: 0.76 Agent NLL: 17.71 Valid: 100% Step: 6
 | Agent Prior Target Score SMILES SMILES_state Scaffold DASA DASA (raw) Solubility Solubility (raw) xTB_Gap xTB_Gap (raw) WaterSwitch WaterSwitch (raw)
 | 11.1218 50.8109 48.4008 0.7750912 CN1C(=O)C(=C(O)C=CC=CN2CCNCC2=O)C(O)C1O 1 O=C1NCCC1=CC=CC=CN1CCNCC1=O 1.0000000 1.0000 0.8470178 0.8470 0.1515419 0.1515 0.9726275 0.9726
 | 17.5481 57.4498 14.2247 0.5599570 COCC1NC(=O)C(=C(O)C=CC=CN2CC2)NC1=O 1 O=C1CNC(=O)C(=CC=CC=CN2CC2)N1 1.0000000 1.0000 0.8204257 0.8204 0.1245248 0.1245 0.3579083 0.3579
 | 19.9738 73.6200 21.4193 0.7424943 NC1CCN(C=CC=CC(O)=C2CC(O)(C=CN3CCC3)NC2=O)C1 1 O=C1NC(C=CN2CCC2)CC1=CC=CC=CN1CCCC1 1.0000000 1.0000 0.7102971 0.7103 0.3538614 0.3539 0.6985489 0.6985
 | 14.4795 60.9887 44.8204 0.8266335 CC1=CN(C=CC=CC(O)=C2C(=O)NC(=O)CC(=O)NC2=O)CC(C)O1 1 O=C1CC(=O)NC(=O)C(=CC=CC=CN2C=COCC2)C(=O)N1 1.0000000 1.0000 0.7008401 0.7008 0.8083332 0.8083 0.7436537 0.7437
 | 24.1507 82.6118 11.0480 0.7317174 C=C1C(=O)C(=C(O)C=CC=CN2CCN(CCO)CCC2=O)C(=O)N(C)C1=CN(C)CCO 1 C=C1NC(=O)C(=CC=CC=CN2CCNCCC2=O)C(=O)C1=C 1.0000000 1.0000 0.6993225 0.6993 0.6881920 0.6882 0.5242154 0.5242
 | 13.6014 48.3983 54.5616 0.8043739 O=C1NC(=O)N(CCO)CC1=C(O)C=CC=CN1CCOCC1 1 O=C1NCC(=CC=CC=CN2CCOCC2)C(=O)N1 1.0000000 1.0000 0.7719198 0.7719 0.3271172 0.3271 0.8855798 0.8856
 | 15.9916 59.0568 48.1785 0.8377759 CC=C1NCCN1C=CC=CC(O)=C1NC(=O)CNC1=O 1 C=C1NCCN1C=CC=CC=C1NC(=O)CNC1=O 1.0000000 1.0000 0.7725028 0.7725 0.9575751 0.9576 0.6787217 0.6787
 | 22.0477 70.5136 40.6304 0.8683129 NCCCC=NC1ONC(=O)C1=C(O)C=CC=CN1CC(=O)N(CCN=C(N)N)C1=O 1 O=C1CN(C=CC=CC=C2CONC2=O)C(=O)N1 1.0000000 1.0000 0.8117886 0.8118 0.5491047 0.5491 0.9090328 0.9090
 | 23.3382 63.1739 56.8435 0.9376361 O=C1NN(CCO)C=CC1=C(O)C=CC=CN1CCC(CS(=O)(=O)O)C1=O 1 O=C1NNC=CC1=CC=CC=CN1CCCC1=O 1.0000000 1.0000 0.7574091 0.7574 0.9939845 0.9940 0.9933459 0.9933
 | 11.2242 53.7366 44.1227 0.7645259 C=C1CC(=O)C(=C(O)C=CC=CN2CCN(CCO)CC2)C(=O)N1 1 C=C1CC(=O)C(=CC=CC=CN2CCNCC2)C(=O)N1 1.0000000 1.0000 0.7398866 0.7399 0.9737209 0.9737 0.5115780 0.5116
02:00:49 <INFO> Score: 0.73 Agent NLL: 15.47 Valid: 100% Step: 7
 | Agent Prior Target Score SMILES SMILES_state Scaffold DASA DASA (raw) Solubility Solubility (raw) xTB_Gap xTB_Gap (raw) WaterSwitch WaterSwitch (raw)
 | 13.6618 54.8623 45.9544 0.7876302 CN1C(=O)C(=C(O)C=CC=CN2CCC(CO)CC2)OC=C1C(=O)O 1 O=C1NC=COC1=CC=CC=CN1CCCCC1 1.0000000 1.0000 0.6492914 0.6493 0.6633881 0.6634 0.7204359 0.7204
 | 22.4257 66.8573 -54.9345 0.0931468 C=C1NCCN1C=CC=CC(O)=C1CC(C=CC[N+]2(C)CCCCC2)NC1=O 1 C=C1NCCN1C=CC=CC=C1CC(C=CC[NH+]2CCCCC2)NC1=O 1.0000000 1.0000 0.4557752 0.4558 0.0000000 0.0000 0.3624505 0.3625
 | 9.5114 50.6654 29.6594 0.6275375 CN1C(=O)NC(=O)C1=C(O)C=CC=CN1CC=CC(=O)N1 1 O=C1C=CCN(C=CC=CC=C2NC(=O)NC2=O)N1 1.0000000 1.0000 0.7672380 0.7672 0.7626963 0.7627 0.2801912 0.2802
 | 15.9785 57.5523 39.8455 0.7609200 CC1(C)NC(=O)C(=C(O)C=CC=CN2CCCC(O)C2)NN1CCO 1 O=C1NCNNC1=CC=CC=CN1CCCCC1 1.0000000 1.0000 0.7376454 0.7376 0.9922974 0.9923 0.5010635 0.5011
 | 7.4134 50.0343 63.9784 0.8907242 CN1CCN(C=CC=CC(O)=C2C(=O)CC(=O)NC2=O)C(=O)C1 1 O=C1CC(=O)C(=CC=CC=CN2CCNCC2=O)C(=O)N1 1.0000000 1.0000 0.7946424 0.7946 0.9972238 0.9972 0.8048361 0.8048
 | 26.7351 72.4125 15.9287 0.6901653 NCCCC(N)C(=O)NCC1COCCN1C=CC=CC(O)=C1COC(CN)NC1=O 1 O=C1NCOCC1=CC=CC=CN1CCOCC1 1.0000000 1.0000 0.8335491 0.8335 0.3677324 0.3677 0.4771929 0.4772
 | 23.4143 72.2305 39.1024 0.8697886 C=C1CCN1C=CC=CC(O)=C1C(=O)NC(=O)N1CCNC(=O)CCCN 1 C=C1CCN1C=CC=CC=C1NC(=O)NC1=O 1.0000000 1.0000 0.7090487 0.7090 0.9495978 0.9496 0.8240183 0.8240
 | 8.1659 53.2835 62.8311 0.9071456 O=C1C=CCN(C=CC=CC(O)=C2C(=O)CC(=O)NC2=O)N1 1 O=C1C=CCN(C=CC=CC=C2C(=O)CC(=O)NC2=O)N1 1.0000000 1.0000 0.7957442 0.7957 0.7625191 0.7625 0.9456615 0.9457
 | 14.2436 53.0749 49.6975 0.8029092 CC(C=CN1CCN(C)CC1=O)=CC(O)=C1C(=O)NC(=O)C1=O 1 O=C1NC(=O)C(=CC=CC=CN2CCNCC2=O)C1=O 1.0000000 1.0000 0.7946424 0.7946 0.3765866 0.3766 0.8169042 0.8169
 | 25.8495 75.5462 19.4346 0.7420371 CC1=C(C=O)NC(=O)C1=C(O)C=CC=CN1CCN(CCN(CCO)CCO)C(=O)C1 1 O=C1CN(C=CC=CC=C2C=CNC2=O)CCN1 1.0000000 1.0000 0.7996205 0.7996 0.7754677 0.7755 0.4752663 0.4753
02:01:12 <INFO> Score: 0.72 Agent NLL: 16.98 Valid: 100% Step: 8
 | Agent Prior Target Score SMILES SMILES_state Scaffold DASA DASA (raw) Solubility Solubility (raw) xTB_Gap xTB_Gap (raw) WaterSwitch WaterSwitch (raw)
 | 15.4576 65.8842 31.6723 0.7621602 O=C1CNC(=O)C1=C(O)C=CC=CN1C=CN(C=NO)CC1 1 O=C1CNC(=O)C1=CC=CC=CN1C=CNCC1 1.0000000 1.0000 0.7526575 0.7527 0.6843502 0.6844 0.5704645 0.5705
 | 9.7560 54.2166 55.1783 0.8546469 CC1=NC(=O)NC(=O)C1=C(O)C=CC=CN1CCN=C1N 1 O=C1N=CC(=CC=CC=CN2C=NCC2)C(=O)N1 1.0000000 1.0000 0.7447371 0.7447 0.9748371 0.9748 0.7411881 0.7412
 | 15.1259 56.3895 55.3850 0.8732381 O=C1NC(=O)C(O)C=NC1=C(O)C=CC=CN1CC=CCC1 1 O=C1CC=NC(=CC=CC=CN2CC=CCC2)C(=O)N1 1.0000000 1.0000 0.7381295 0.7381 0.8903647 0.8904 0.8301096 0.8301
 | 17.8347 60.5405 38.7187 0.7754627 CCCNC1CCN(C=CC=CC(O)=C2C(=O)CCCNC2=O)C1=O 1 O=C1CCCNC(=O)C1=CC=CC=CN1CCCC1=O 1.0000000 1.0000 0.6588766 0.6589 0.7463082 0.7463 0.6468754 0.6469
 | 17.8406 65.3571 50.9375 0.9085514 CC=C1NCCN1C=CC=CC(O)=C1NC(N)NNC1=O 1 C=C1NCCN1C=CC=CC=C1NCNNC1=O 1.0000000 1.0000 0.8223334 0.8223 0.9770064 0.9770 0.8451466 0.8451
 | 22.9527 58.6810 51.1493 0.8580488 CN1C(=O)C(=C(O)C=CC=CN2CC3CCN(CC3)C2)NC1=NC#N 1 N=C1NC(=O)C(=CC=CC=CN2CC3CCN(CC3)C2)N1 1.0000000 1.0000 0.6630401 0.6630 0.9639445 0.9639 0.8230544 0.8231
 | 13.9114 62.0177 -52.0730 0.0776929 O=C1NC(=O)C(=C(O)C=CC=CN2CC(CO)CCN2)C(=O)C1=O 1 O=C1NC(=O)C(=CC=CC=CN2CCCCN2)C(=O)C1=O 1.0000000 1.0000 0.8377272 0.8377 0.0005433 0.0005 0.0034440 0.0034
 | 29.2922 84.5801 -84.5033 0.0006005 C[N+](C)(C)CC(=CN)OCCCN=C1NC(=O)C(=C(O)C=CC=CN2CCNC(=O)C2)C(=O)O1 1 N=C1NC(=O)C(=CC=CC=CN2CCNC(=O)C2)C(=O)O1 1.0000000 1.0000 0.7421931 0.7422 0.0000000 0.0000 0.0000000 0.0000
 | 12.4821 65.3669 39.8229 0.8217948 O=C1NC(=O)C(O)NC(=O)C1=C(O)C=CC=CN1CC(=O)N(CCO)C(=O)C1=O 1 O=C1CN(C=CC=CC=C2C(=O)NCC(=O)NC2=O)C(=O)C(=O)N1 1.0000000 1.0000 0.9112669 0.9113 0.7628681 0.7629 0.6118905 0.6119
 | 6.8260 53.9637 46.8684 0.7877507 O=C1CN(C=CC=CC(O)=C2C(=O)NC(=O)C(=O)NC2=O)C(=O)C(=O)N1 1 O=C1CN(C=CC=CC=C2C(=O)NC(=O)C(=O)NC2=O)C(=O)C(=O)N1 1.0000000 1.0000 0.9024246 0.9024 0.7742027 0.7742 0.5314145 0.5314
02:01:34 <INFO> Score: 0.67 Agent NLL: 15.15 Valid: 100% Step: 9
 | Agent Prior Target Score SMILES SMILES_state Scaffold DASA DASA (raw) Solubility Solubility (raw) xTB_Gap xTB_Gap (raw) WaterSwitch WaterSwitch (raw)
 | 14.8531 62.2010 49.0999 0.8695381 O=C1C=CC(=C(O)C=CC=CN2CC(=O)N(CCO)C(=O)C2=O)C(=O)N1 1 O=C1C=CC(=CC=CC=CN2CC(=O)NC(=O)C2=O)C(=O)N1 1.0000000 1.0000 0.8411721 0.8412 0.6511717 0.6512 0.8342566 0.8343
 | 18.0493 67.3962 -2.8658 0.5041439 O=C1NCCCNC(=O)C1=C(O)C=CC=CN1CC(O)COC(CCO)C1 1 O=C1NCCCNC(=O)C1=CC=CC=CN1CCCOCC1 1.0000000 1.0000 0.7901737 0.7902 0.0064301 0.0064 0.7847788 0.7848
 | 11.2941 56.4220 46.7921 0.8063603 CN1CCC(=O)N(C=CC=CC(O)=C2C(=O)NC(=O)C(=O)NC2=O)CC1 1 O=C1NC(=O)C(=CC=CC=CN2CCNCCC2=O)C(=O)NC1=O 1.0000000 1.0000 0.8262009 0.8262 0.2881428 0.2881 0.8899562 0.8900
 | 12.0362 63.3297 20.3844 0.6540167 CC=C1C(=O)NC(=O)C(=C(O)C=CC=CN2CC(=O)NC(=O)C2=O)C(O)N1C 1 C=C1NCC(=CC=CC=CN2CC(=O)NC(=O)C2=O)C(=O)NC1=O 1.0000000 1.0000 0.8204605 0.8205 0.0767452 0.0767 0.7247277 0.7247
 | 8.9029 49.8195 50.7081 0.7853718 O=C1CC(=O)C(=C(O)C=CC=CN2CC=NCC2)C(=O)N1 1 O=C1CC(=O)C(=CC=CC=CN2CC=NCC2)C(=O)N1 1.0000000 1.0000 0.7708154 0.7708 0.8147504 0.8148 0.5808075 0.5808
 | 11.7925 46.6014 58.8914 0.8241622 CC=C1NC(=O)C(=C(O)C=CC=CN2CCOCC2)C1=O 1 C=C1NC(=O)C(=CC=CC=CN2CCOCC2)C1=O 1.0000000 1.0000 0.6913568 0.6914 0.8248926 0.8249 0.7381032 0.7381
 | 19.3157 69.9047 29.8882 0.7796320 CC1COCCN1C=C1C(=N)C(=C(O)C=CC=CN2CC=CCC2=O)C(=O)NC1=O 1 N=C1C(=CC=CC=CN2CC=CCC2=O)C(=O)NC(=O)C1=CN1CCOCC1 1.0000000 1.0000 0.5955713 0.5956 0.9720870 0.9721 0.6434840 0.6435
 | 13.2070 54.4504 47.0868 0.7932595 C=C1COC(=O)C(=C(O)C=CC=CN2CC=CCC2=O)C(=O)N1 1 C=C1COC(=O)C(=CC=CC=CN2CC=CCC2=O)C(=O)N1 1.0000000 1.0000 0.6688635 0.6689 0.5081630 0.5082 0.7975764 0.7976
 | 11.9424 50.2749 66.6971 0.9138438 CC1C(=O)NC(=O)C(=C(O)C=CC=CN2CCNC(=O)C2)C1O 1 O=C1CN(C=CC=CC=C2CCC(=O)NC2=O)CCN1 1.0000000 1.0000 0.8125756 0.8126 0.8150655 0.8151 0.9307818 0.9308
 | 14.7208 70.0748 -44.5922 0.1990826 CN1C(=O)C(=O)C(=c2c(=O)[nH]c(=O)[nH]c(=O)c2=C(O)C=CC=CN2CCC(N)CC2)C1=O 1 O=C1NC(=O)C(=c2c(=O)[nH]c(=O)[nH]c(=O)c2=CC=CC=CN2CCCCC2)C1=O 1.0000000 1.0000 0.8750125 0.8750 0.0000010 0.0000 0.8593864 0.8594
02:01:56 <INFO> Score: 0.73 Agent NLL: 17.50 Valid: 100% Step: 10
 | Agent Prior Target Score SMILES SMILES_state Scaffold DASA DASA (raw) Solubility Solubility (raw) xTB_Gap xTB_Gap (raw) WaterSwitch WaterSwitch (raw)
 | 13.7519 57.7817 38.9386 0.7556276 O=C1NC(=O)C(CCCl)C(=O)C1=C(O)C=CC=CN1CCN(CCO)CC1=O 1 O=C1CC(=O)C(=CC=CC=CN2CCNCC2=O)C(=O)N1 1.0000000 1.0000 0.7478536 0.7479 0.9491545 0.9492 0.4925214 0.4925
 | 7.9466 49.2868 -49.2868 0.0000000 CCN1C(=O)NC(=O)C1=C(O)C=CC=CN1CCNCC1=O 1 O=C1NC(=O)C(=CC=CC=CN2CCNCC2=O)N1 1.0000000 1.0000 0.7697969 0.7698 0.7779372 0.7779 0.8979797 0.8980
 | 16.3036 72.6676 22.2946 0.7418927 CC1C(=O)CCN1C=CC=CC(O)=C1C(=O)NC(=O)C1=C1C(=O)NC(=O)C(=O)N1C 1 O=C1CCN(C=CC=CC=C2C(=O)NC(=O)C2=C2NC(=O)C(=O)NC2=O)C1 1.0000000 1.0000 0.7822431 0.7822 0.2135957 0.2136 0.7830649 0.7831
 | 24.1983 70.3085 39.2113 0.8556233 CC1=NC(=O)C(NC(=O)C(=O)O)NC(=O)C1=C(O)C=CC=CN1CCNCC1 1 O=C1CNC(=O)C(=CC=CC=CN2CCNCC2)C=N1 1.0000000 1.0000 0.8110174 0.8110 0.9677747 0.9678 0.6998676 0.6999
 | 15.5673 64.5704 26.0404 0.7078961 O=C1NC(=S)C(=CO)C(=O)C1=C(O)C=CC=CN1CC1 1 C=C1C(=O)C(=CC=CC=CN2CC2)C(=O)NC1=S 1.0000000 1.0000 0.7043297 0.7043 0.1729156 0.1729 0.7827575 0.7828
 | 12.7443 54.2052 61.2570 0.9020479 O=C1C=CCN(C=CC=CC(O)=C2C(=O)NC(=O)C(Cl)C2=O)N1 1 O=C1C=CCN(C=CC=CC=C2C(=O)CC(=O)NC2=O)N1 1.0000000 1.0000 0.7592622 0.7593 0.8863742 0.8864 0.9083426 0.9083
 | 12.0801 82.1318 29.0287 0.8684414 O=C1CN(C=CC=CC(O)=C2C(=O)NC(=O)C2=C2C(=O)C(=O)N2CCO)C(=O)C(O)N1 1 O=C1CN(C=CC=CC=C2C(=O)NC(=O)C2=C2NC(=O)C2=O)C(=O)CN1 1.0000000 1.0000 0.8919344 0.8919 0.8609409 0.8609 0.7159531 0.7160
 | 12.8107 55.7884 26.9982 0.6467706 NC1=NN(C=CC=CC(O)=C2C(=O)CC(=O)NC2=O)CN1CCO 1 O=C1CC(=O)C(=CC=CC=CN2CNC=N2)C(=O)N1 1.0000000 1.0000 0.8533836 0.8534 0.6580982 0.6581 0.3027366 0.3027
 | 18.1079 69.4846 39.2070 0.8491532 CC(=O)NCCN1C(=O)CN(C=CC=CC(O)=C2C(=O)CCN(C)NC2=O)C1=O 1 O=C1CN(C=CC=CC=C2C(=O)CCNNC2=O)C(=O)N1 1.0000000 1.0000 0.7645510 0.7646 0.7874795 0.7875 0.7703416 0.7703
 | 16.4629 72.0473 6.0685 0.6102795 C=C1NCCN1C=CC=CC(O)=C1C(=O)NC(=O)C(CC=CN2CC2)C1=O 1 C=C1NCCN1C=CC=CC=C1C(=O)NC(=O)C(CC=CN2CC2)C1=O 1.0000000 1.0000 0.7029159 0.7029 0.0727613 0.0728 0.6573086 0.6573
02:01:57 <INFO> Sampled SMILES N1C(=O)C(=C(O)C=CC=CN2CCN(C)CC2=O)=C1SC failed to sanitize.
02:02:15 <INFO> Score: 0.71 Agent NLL: 14.84 Valid:  98% Step: 11
 | Agent Prior Target Score SMILES SMILES_state Scaffold DASA DASA (raw) Solubility Solubility (raw) xTB_Gap xTB_Gap (raw) WaterSwitch WaterSwitch (raw)
 | 20.9425 75.5288 9.0367 0.6606680 C=c1[nH]c(=O)c(=C(O)C=CC=CN2CCN(C(C)=CC=CN(C)C)C2=O)[nH]c1=O 1 C=c1[nH]c(=O)c(=CC=CC=CN2CCNC2=O)[nH]c1=O 1.0000000 1.0000 0.6964567 0.6965 0.2232077 0.2232 0.5682076 0.5682
 | 9.5647 52.1267 49.9664 0.7976017 C=C1NC(=O)C(=C(O)C=CC=CN2CCNCC2=O)C1=O 1 C=C1NC(=O)C(=CC=CC=CN2CCNCC2=O)C1=O 1.0000000 1.0000 0.7957215 0.7957 0.9473031 0.9473 0.5646428 0.5646
 | 18.6406 64.1698 -64.1698 0.0000000 N1C(=O)C(=C(O)C=CC=CN2CCN(C)CC2=O)=C1SC 0 -- 0.0000000 0.0000 0.0000000 0.0000 0.0000000 0.0000 0.0000000 0.0000
 | 22.0147 88.2837 -13.1609 0.5868968 CONC1NC(O)(CO)C(=O)C1=C1C(=O)NC(=O)C1=C(O)C=CC=CN1CC(=O)NC(=O)C1=O 1 O=C1CN(C=CC=CC=C2C(=O)NC(=O)C2=C2CNCC2=O)C(=O)C(=O)N1 1.0000000 1.0000 0.9092613 0.9093 0.0116319 0.0116 0.9446255 0.9446
 | 13.1653 58.7063 28.3310 0.6799790 COC1C(=O)CC(=C(O)C=CC=CN2CC(=O)NC(=O)C2=O)C(=O)NC1=O 1 O=C1CC(=O)NC(=O)C(=CC=CC=CN2CC(=O)NC(=O)C2=O)C1 1.0000000 1.0000 0.8427679 0.8428 0.9998280 0.9998 0.3093281 0.3093
 | 11.1634 49.0972 67.3959 0.9101020 CON1C(=O)NC(=O)C1=C(O)C=CC=CN1CCNCC1=O 1 O=C1NC(=O)C(=CC=CC=CN2CCNCC2=O)N1 1.0000000 1.0000 0.8000979 0.8001 0.8479839 0.8480 0.9150110 0.9150
 | 20.0558 54.4262 29.6909 0.6571648 CC(=O)NC1CCN(C=CC=CC(O)=C2C(=O)CNC2=O)C1=O 1 O=C1CNC(=O)C1=CC=CC=CN1CCCC1=O 1.0000000 1.0000 0.7979416 0.7979 0.6825520 0.6826 0.3314145 0.3314
 | 12.5233 58.4307 37.3425 0.7482282 CC=C1COCCN1C=CC=CC(O)=c1oc(=CCO)[nH]c1=O 1 C=C1COCCN1C=CC=CC=c1oc(=C)[nH]c1=O 1.0000000 1.0000 0.7526160 0.7526 0.9985125 0.9985 0.4652403 0.4652
 | 10.3773 55.0736 51.9290 0.8359580 O=C1NC(=O)N(CCO)C1=C(O)C=CC=CN1CCC(CO)C1 1 O=C1NC(=O)C(=CC=CC=CN2CCCC2)N1 1.0000000 1.0000 0.7828015 0.7828 0.8196585 0.8197 0.7071662 0.7072
 | 12.4398 58.7842 18.6985 0.6053333 O=C1CC(O)C(=C(O)C=CC=CN2CC(=O)N(CCN3CCOCC3)C2=O)C(=O)N1 1 O=C1CCC(=CC=CC=CN2CC(=O)N(CCN3CCOCC3)C2=O)C(=O)N1 1.0000000 1.0000 0.7776693 0.7777 0.3422382 0.3422 0.3317129 0.3317
02:02:35 <INFO> Score: 0.77 Agent NLL: 15.69 Valid: 100% Step: 12
 | Agent Prior Target Score SMILES SMILES_state Scaffold DASA DASA (raw) Solubility Solubility (raw) xTB_Gap xTB_Gap (raw) WaterSwitch WaterSwitch (raw)
 | 13.9387 53.9949 62.2914 0.9084870 CN1C(=O)NC(=O)C1=C(O)C=CC=CN1CCOS(=O)(=O)C1 1 O=C1NC(=O)C(=CC=CC=CN2CCOS(=O)(=O)C2)N1 1.0000000 1.0000 0.7630487 0.7630 0.8118071 0.8118 0.9580026 0.9580
 | 11.6214 50.5800 39.9086 0.7069419 O=C1NCCOCC1=C(O)C=CC=CN1CCN(CCO)CC1 1 O=C1NCCOCC1=CC=CC=CN1CCNCC1 1.0000000 1.0000 0.7803904 0.7804 0.4037202 0.4037 0.5249960 0.5250
 | 7.6078 48.2549 -48.2549 0.0000000 CN1C(=O)NC(=O)C1=C(O)C=CC=CN1CC(=O)NC(=O)C1=O 1 O=C1CN(C=CC=CC=C2NC(=O)NC2=O)C(=O)C(=O)N1 1.0000000 1.0000 0.8394020 0.8394 0.8265335 0.8265 0.4384691 0.4385
 | 9.2618 52.7237 62.2837 0.8984953 C=C1C(=O)NC(=O)C(=C(O)C=CC=CN2CCNCC2=O)C1=O 1 C=C1C(=O)NC(=O)C(=CC=CC=CN2CCNCC2=O)C1=O 1.0000000 1.0000 0.8070117 0.8070 0.8280627 0.8281 0.8783798 0.8784
 | 9.3852 72.3283 25.8368 0.7669145 O=C1NC(=O)C(=C2C(=O)C(=O)N(CCO)C2=O)C1=C(O)C=CC=CN1CCC=CC1=O 1 O=C1NC(=O)C(=C2C(=O)NC(=O)C2=CC=CC=CN2CCC=CC2=O)C1=O 1.0000000 1.0000 0.7884637 0.7885 0.4383626 0.4384 0.6648858 0.6649
 | 43.9193 96.3417 -14.3670 0.6404278 C=C1OC(CCN)CCN1C=CC=CC(O)=C1NC(CC)(CNC(=O)CC=CC)NC1=O 1 C=C1OCCCN1C=CC=CC=C1NCNC1=O 1.0000000 1.0000 0.5378240 0.5378 0.8637238 0.8637 0.3738662 0.3739
 | 25.6333 63.8758 4.9858 0.5379811 CCCCC(=O)OCC1CC(=C(O)C=CC=CN2CCNC(=O)C2=O)C(=O)NC(=O)N1 1 O=C1NCCC(=CC=CC=CN2CCNC(=O)C2=O)C(=O)N1 1.0000000 1.0000 0.6848441 0.6848 0.0154691 0.0155 0.7827004 0.7827
 | 14.8151 57.1685 54.2292 0.8702945 O=C1NC(=C[N+](=O)[O-])C(=O)C1=C(O)C=CC=CN1CCNCC1=O 1 C=C1NC(=O)C(=CC=CC=CN2CCNCC2=O)C1=O 1.0000000 1.0000 0.8011271 0.8011 0.4823638 0.4824 0.9712521 0.9713
 | 21.7886 70.2592 35.7258 0.8280081 C=C(CO)C(=O)NC1CCN(C)C(=C(O)C=CC=CN2CC2)C(=O)N1 1 O=C1NCCCNC1=CC=CC=CN1CC1 1.0000000 1.0000 0.7743097 0.7743 0.9530570 0.9531 0.6523959 0.6524
 | 13.3863 59.4382 24.8428 0.6584457 C=C1NCCN1C=CC=CC(O)=C1C(=O)CC(=CC)NC1=O 1 C=C1CC(=O)C(=CC=CC=CN2CCNC2=C)C(=O)N1 1.0000000 1.0000 0.6378592 0.6379 0.9133961 0.9134 0.3537643 0.3538
02:03:23 <INFO> Score: 0.75 Agent NLL: 15.17 Valid: 100% Step: 13
 | Agent Prior Target Score SMILES SMILES_state Scaffold DASA DASA (raw) Solubility Solubility (raw) xTB_Gap xTB_Gap (raw) WaterSwitch WaterSwitch (raw)
 | 42.1051 83.4498 -3.9529 0.6210696 CN=C1N(C)CCN1C=CC=CC(O)=C1COCC2(NC1=O)C(=O)C1C=CC2O1 1 N=C1NCCN1C=CC=CC=C1COCC2(NC1=O)C(=O)C1C=CC2O1 1.0000000 1.0000 0.6932207 0.6932 0.2282606 0.2283 0.4589688 0.4590
 | 9.8599 59.1660 46.1544 0.8228153 O=C1CN(C=CC=CC(O)=C2C(=O)NC(=O)C(O)CC2O)C(=O)C(=O)N1 1 O=C1CN(C=CC=CC=C2CCCC(=O)NC2=O)C(=O)C(=O)N1 1.0000000 1.0000 0.8834077 0.8834 0.9642688 0.9643 0.5760368 0.5760
 | 20.2051 61.5086 19.0361 0.6292555 CN1NC(=O)C(=C(O)C=CC=CN2CC=C(O)CC2)C(O)N1C 1 O=C1NNNCC1=CC=CC=CN1CC=CCC1 1.0000000 1.0000 0.7266946 0.7267 0.5489359 0.5489 0.3332013 0.3332
 | 11.8393 53.7094 32.8228 0.6760331 CC1CC(O)C(=C(O)C=CC=CN2CCN(CCO)CC2)C(=O)N1 1 O=C1NCCCC1=CC=CC=CN1CCNCC1 1.0000000 1.0000 0.7627594 0.7628 0.2674160 0.2674 0.5359891 0.5360
 | 22.1339 64.3746 16.4501 0.6314430 NCCCNCCCCNCCCNC1CCC(=C(O)C=CC=CN2CCNCC2CO)C1=O 1 O=C1CCCC1=CC=CC=CN1CCNCC1 1.0000000 1.0000 0.7219969 0.7220 0.9035668 0.9036 0.2810226 0.2810
 | 17.2798 58.4083 39.8266 0.7674599 O=C1CC(=O)C(=C(O)C=CC=CN2C=CC=CC(Br)C2)C(=O)N1 1 O=C1CC(=O)C(=CC=CC=CN2C=CC=CCC2)C(=O)N1 1.0000000 1.0000 0.5333530 0.5334 0.9365498 0.9365 0.6721681 0.6722
 | 12.9568 60.1350 50.1395 0.8615194 NC1CCN(C=CC=CC(O)=C2C(=O)NC(=O)CC(=O)NC2=O)C1=O 1 O=C1CC(=O)NC(=O)C(=CC=CC=CN2CCCC2=O)C(=O)N1 1.0000000 1.0000 0.8450227 0.8450 0.4296284 0.4296 0.9417994 0.9418
 | 14.9928 63.6043 39.2888 0.8038524 O=C1NC(=CN=CCO)CC1=C(O)C=CC=CN1CCNCC1=O 1 C=C1CC(=CC=CC=CN2CCNCC2=O)C(=O)N1 1.0000000 1.0000 0.7676746 0.7677 0.4633003 0.4633 0.7787331 0.7787
 | 12.5497 67.2540 30.7518 0.7656699 O=C1CN(C=CC=CC(O)=c2ccc(=C3NC(=O)NC3=O)[nH]c2=O)C(=O)C(=O)N1 1 O=C1CN(C=CC=CC=c2ccc(=C3NC(=O)NC3=O)[nH]c2=O)C(=O)C(=O)N1 1.0000000 1.0000 0.8835649 0.8836 0.2251347 0.2251 0.7794629 0.7795
 | 5.4606 52.9191 -52.9191 0.0000000 O=C1CN(C=CC=CC(O)=C2C(=O)NC(=O)C2O)C(=O)C(=O)N1 1 O=C1CN(C=CC=CC=C2CC(=O)NC2=O)C(=O)C(=O)N1 1.0000000 1.0000 0.8906099 0.8906 0.9927042 0.9927 0.9040176 0.9040
02:04:23 <INFO> Score: 0.77 Agent NLL: 14.36 Valid: 100% Step: 14
 | Agent Prior Target Score SMILES SMILES_state Scaffold DASA DASA (raw) Solubility Solubility (raw) xTB_Gap xTB_Gap (raw) WaterSwitch WaterSwitch (raw)
 | 12.6649 59.7106 45.8694 0.8248443 NCC1CCCN1C=CC=CC(O)=C1C(=O)NCCCNC1=O 1 O=C1NCCCNC(=O)C1=CC=CC=CN1CCCC1 1.0000000 1.0000 0.7534225 0.7534 0.4370668 0.4371 0.8805847 0.8806
 | 8.9379 58.0797 57.5685 0.9035011 O=C1C=CCN(C=CC=CC(O)=C2C(=O)CNC2=O)N1 1 O=C1C=CCN(C=CC=CC=C2C(=O)CNC2=O)N1 1.0000000 1.0000 0.8066168 0.8066 0.9560574 0.9561 0.8483547 0.8484
 | 26.0389 72.7019 -72.6177 0.0006578 COC(CCO)=c1oc(=C(O)C=CC=CN2CCOCC2NCC[N+](C)(C)C)c(=O)n1C 1 C=c1[nH]c(=O)c(=CC=CC=CN2CCOCC2)o1 1.0000000 1.0000 0.7763141 0.7763 0.0000001 0.0000 0.0000000 0.0000
 | 22.7579 77.8156 10.8199 0.6924648 CN1C(=O)C(=C(O)C=CC=CN2CC=CC(=O)N2)C(=O)NC1=NN=C1CCSCC1 1 O=C1C=CCN(C=CC=CC=C2C(=O)NC(=NN=C3CCSCC3)NC2=O)N1 1.0000000 1.0000 0.6155775 0.6156 0.6093262 0.6093 0.5012581 0.5013
 | 14.5206 51.7818 57.6080 0.8546075 CC(C=CN1CCOCC1)=CC(O)=C1CCC(=O)C(=O)NC1=O 1 O=C1CCC(=CC=CC=CN2CCOCC2)C(=O)NC1=O 1.0000000 1.0000 0.6897636 0.6898 0.9822226 0.9822 0.7827240 0.7827
 | 20.9865 62.0216 49.6938 0.8727770 CCC1NC(=O)C(=C(O)C=CC=CN2CC(CC(=O)O)NC(=O)C2=O)C1=O 1 O=C1CNC(=O)C1=CC=CC=CN1CCNC(=O)C1=O 1.0000000 1.0000 0.7861220 0.7861 0.5099163 0.5099 0.9741346 0.9741
 | 11.1596 53.5435 56.7804 0.8619054 O=C1C=CCN(C=CC=CC(O)=C2CNC(=O)NC2=O)N1 1 O=C1C=CCN(C=CC=CC=C2CNC(=O)NC2=O)N1 1.0000000 1.0000 0.7885483 0.7885 0.8851761 0.8852 0.7575632 0.7576
 | 8.7414 56.9141 60.0262 0.9135964 O=C1CC(=O)C(=C(O)C=CC=CN2CCN(CCO)C(=O)C2)C(=O)N1 1 O=C1CN(C=CC=CC=C2C(=O)CC(=O)NC2=O)CCN1 1.0000000 1.0000 0.8283243 0.8283 0.9856634 0.9857 0.8535864 0.8536
 | 15.1970 66.5933 3.4124 0.5469194 CC1CNNC(=O)C(=C(O)C=CC=CN2CC(=O)NCC2=O)C(=O)N1 1 O=C1CN(C=CC=CC=C2C(=O)NCCNNC2=O)C(=O)CN1 1.0000000 1.0000 0.8521923 0.8522 0.0064609 0.0065 0.9743777 0.9744
 | 34.1180 94.9638 -16.0676 0.6163766 CC=C(N)N=C1C(=C2CCN2CCO)NC(=O)C1=C(O)C=CC=CN1C=CN(CCF)CC1 1 N=C1C(=CC=CC=CN2C=CNCC2)C(=O)NC1=C1CCN1 1.0000000 1.0000 0.5618417 0.5618 0.6186904 0.6187 0.3603444 0.3603
02:04:57 <INFO> Score: 0.76 Agent NLL: 14.07 Valid: 100% Step: 15
 | Agent Prior Target Score SMILES SMILES_state Scaffold DASA DASA (raw) Solubility Solubility (raw) xTB_Gap xTB_Gap (raw) WaterSwitch WaterSwitch (raw)
 | 10.8734 65.2823 29.7487 0.7424294 O=C1CC(=O)C(=C(O)C=CC=CN2CCOCC2=C2C(=O)NC(=O)NC2=O)C(=O)N1 1 O=C1CC(=O)C(=CC=CC=CN2CCOCC2=C2C(=O)NC(=O)NC2=O)C(=O)N1 1.0000000 1.0000 0.7888166 0.7888 0.9964587 0.9965 0.4378314 0.4378
 | 12.3132 55.1510 45.6903 0.7878224 C=C1NCCN1C=CC=CC(O)=c1ccc(=CBr)[nH]c1=O 1 C=C1NCCN1C=CC=CC=c1ccc(=C)[nH]c1=O 1.0000000 1.0000 0.6404928 0.6405 0.7250923 0.7251 0.7045510 0.7046
 | 10.1637 52.2585 57.0957 0.8543296 O=C1CN(C=CC=CC(O)=C2C(=O)NCCCOC2=O)CCN1 1 O=C1CN(C=CC=CC=C2C(=O)NCCCOC2=O)CCN1 1.0000000 1.0000 0.7864689 0.7865 0.5672315 0.5672 0.8705918 0.8706
 | 17.9738 59.9980 46.1898 0.8295921 CC1CN(C=CC=CC(O)=C2C(=O)NC3C(CO)C(=O)N23)CCN1 1 O=C1NC2CC(=O)N2C1=CC=CC=CN1CCNCC1 1.0000000 1.0000 0.8067708 0.8068 0.4333791 0.4334 0.8556182 0.8556
 | 15.5018 57.0881 49.7473 0.8346515 CC(O)C1C(=O)C(=C(O)C=CC=CN2CCCOC2=O)C(=O)N1C 1 O=C1CNC(=O)C1=CC=CC=CN1CCCOC1=O 1.0000000 1.0000 0.6946822 0.6947 0.5567197 0.5567 0.8894604 0.8895
 | 13.9099 56.3037 58.0150 0.8931149 CN1CCN(C=CC=CC(O)=C2C(=O)NC2=O)C1 1 O=C1NC(=O)C1=CC=CC=CN1CCNC1 1.0000000 1.0000 0.8045650 0.8046 0.7495440 0.7495 0.8955555 0.8956
 | 24.5777 21.1456 -21.1454 0.0000021 N=c1[nH][nH]c(=O)c2cc[nH]c12 1 N=c1[nH][nH]c(=O)c2cc[nH]c12 0.0000000 0.0000 0.7912559 0.7913 0.0010653 0.0011 0.0000000 0.0000
 | 16.5137 60.3698 32.8594 0.7283530 CC(=O)OC=C1CN(CCO)CCN1C=CC=CC(O)=C1OCN(C)C1=O 1 C=C1CNCCN1C=CC=CC=C1OCNC1=O 1.0000000 1.0000 0.6981896 0.6982 0.7800044 0.7800 0.4930461 0.4930
 | 15.4881 59.0974 49.9334 0.8518028 O=C1NC(=O)C(C2=NCCN2)C(=O)C1=C(O)C=CC=CN1CCC(CO)CC1 1 O=C1NC(=O)C(C2=NCCN2)C(=O)C1=CC=CC=CN1CCCCC1 1.0000000 1.0000 0.7536208 0.7536 0.6451548 0.6452 0.8480194 0.8480
 | 11.8833 63.6416 33.0353 0.7552879 O=C1CN(C=CC=CC(O)=C2C(=O)CC(=O)NC2=O)CC(=O)N(CCO)C1 1 O=C1CNC(=O)CN(C=CC=CC=C2C(=O)CC(=O)NC2=O)C1 1.0000000 1.0000 0.8373049 0.8373 0.7432317 0.7432 0.4952168 0.4952
02:05:18 <INFO> Score: 0.73 Agent NLL: 15.80 Valid: 100% Step: 16
 | Agent Prior Target Score SMILES SMILES_state Scaffold DASA DASA (raw) Solubility Solubility (raw) xTB_Gap xTB_Gap (raw) WaterSwitch WaterSwitch (raw)
 | 12.4387 60.3176 19.5966 0.6243299 C=C1CNCCN1C=CC=CC(O)=c1oc(=O)c(=C)[nH]c1=O 1 C=C1CNCCN1C=CC=CC=c1oc(=O)c(=C)[nH]c1=O 1.0000000 1.0000 0.8079760 0.8080 0.2899935 0.2900 0.3806959 0.3807
 | 18.4940 67.9756 19.2226 0.6812357 O=C1CCN(C=CC=CC(O)=C2C(=O)NCCCOC2=O)C(OO)N1 1 O=C1CCN(C=CC=CC=C2C(=O)NCCCOC2=O)CN1 1.0000000 1.0000 0.7616645 0.7617 0.2211001 0.2211 0.5913370 0.5913
 | 18.7965 64.0313 35.7638 0.7796493 CC(C(=O)O)N1NC(=O)C(=C(O)C=CC=CN2CCN(CCO)C(=O)C2)C1O 1 O=C1CN(C=CC=CC=C2CNNC2=O)CCN1 1.0000000 1.0000 0.8409127 0.8409 0.5377637 0.5378 0.6203335 0.6203
 | 14.0713 62.5922 44.5680 0.8371890 O=C1CN(C=CC=CC(O)=C2C(=O)NC(=O)C(OCCO)C2O)C(=O)C(=O)N1 1 O=C1CN(C=CC=CC=C2CCC(=O)NC2=O)C(=O)C(=O)N1 1.0000000 1.0000 0.8985932 0.8986 0.9286709 0.9287 0.6115175 0.6115
 | 12.1928 53.6875 -53.5632 0.0009709 CC1=NC(=O)NC(=O)C1=C(O)C=CC=CN1CCC(CC[N+](C)(C)C)C1=O 1 O=C1N=CC(=CC=CC=CN2CCCC2=O)C(=O)N1 1.0000000 1.0000 0.5731379 0.5731 0.0000050 0.0000 0.0000000 0.0000
 | 18.2191 61.2380 38.9609 0.7828040 COC(=O)N1CCCN(C=CC=CC(O)=c2oc(=CCO)n(C)c2=O)C1 1 C=c1[nH]c(=O)c(=CC=CC=CN2CCCNC2)o1 1.0000000 1.0000 0.7607980 0.7608 0.4861898 0.4862 0.7040036 0.7040
 | 10.5643 48.8076 45.4008 0.7360030 CC1=NC(=O)NC(=O)C1=C(O)C=CC=CN1CCCC(O)C1 1 O=C1N=CC(=CC=CC=CN2CCCCC2)C(=O)N1 1.0000000 1.0000 0.6570472 0.6570 0.9761435 0.9761 0.4914208 0.4914
 | 15.2509 60.1104 43.3762 0.8084895 CN1CCC(=O)N(C=CC=CC(O)=C2CC(=O)C(CO)NC2=O)CC1 1 O=C1CNC(=O)C(=CC=CC=CN2CCNCCC2=O)C1 1.0000000 1.0000 0.7673676 0.7674 0.3698609 0.3699 0.8642393 0.8642
 | 19.6934 72.6354 45.0825 0.9196705 CC(=O)NC1(C)NC(=O)C(=C(O)C=CC=CN2CC=CC(=O)C2=O)C(=O)N1 1 O=C1C=CCN(C=CC=CC=C2C(=O)NCNC2=O)C1=O 1.0000000 1.0000 0.7916846 0.7917 0.8972341 0.8972 0.9354165 0.9354
 | 7.5330 49.1723 62.3196 0.8710303 CN1C(=O)NC(=O)C1=C(O)C=CC=CN1CCN(CCO)CC1=O 1 O=C1NC(=O)C(=CC=CC=CN2CCNCC2=O)N1 1.0000000 1.0000 0.8044293 0.8044 0.9143706 0.9144 0.7639685 0.7640
02:05:57 <INFO> Score: 0.72 Agent NLL: 14.23 Valid: 100% Step: 17
 | Agent Prior Target Score SMILES SMILES_state Scaffold DASA DASA (raw) Solubility Solubility (raw) xTB_Gap xTB_Gap (raw) WaterSwitch WaterSwitch (raw)
 | 29.1486 80.1278 -7.3994 0.5681908 CC1N=CCN1C=CC=CC(O)=c1c(=O)[nH]c2n1COC=2N(C)CCO 1 O=c1[nH]c2n(c1=CC=CC=CN1CC=NC1)COC=2 1.0000000 1.0000 0.8148918 0.8149 0.0344794 0.0345 0.6116575 0.6117
 | 13.3726 58.7681 54.8062 0.8872989 CC1(O)C(=C(O)C=CC=CN2CCN(CCO)CC2=O)C(=O)NC(=O)C1O 1 O=C1CCC(=CC=CC=CN2CCNCC2=O)C(=O)N1 1.0000000 1.0000 0.8565540 0.8566 0.5165674 0.5166 0.9610531 0.9611
 | 14.3871 54.0599 42.9607 0.7579734 CC(C=CN1CCOCC1=O)=CC(O)=C1C(=O)CNC1=O 1 O=C1CNC(=O)C1=CC=CC=CN1CCOCC1=O 1.0000000 1.0000 0.7728822 0.7729 0.3017446 0.3017 0.7462464 0.7462
 | 8.7832 47.8854 48.5129 0.7531122 O=C1CC(=O)C(=C(O)C=CC=CN2CC=CCC2)C(=O)N1 1 O=C1CC(=O)C(=CC=CC=CN2CC=CCC2)C(=O)N1 1.0000000 1.0000 0.6983026 0.6983 0.4310421 0.4310 0.6893246 0.6893
 | 16.8107 60.0901 47.4891 0.8404629 CC1(O)CC(=O)NC(=O)C1=C(O)C=CC=CN1CC=C(C(=O)O)CC1 1 O=C1CCC(=CC=CC=CN2CC=CCC2)C(=O)N1 1.0000000 1.0000 0.6967370 0.6967 0.9392923 0.9393 0.7467035 0.7467
 | 19.4628 78.7193 26.8951 0.8251118 C=C1NCCN1C=CC=CC(O)=C1CC(=C2C(=O)OC(CO)CN2CCO)NC1=O 1 C=C1NCCN1C=CC=CC=C1CC(=C2NCCOC2=O)NC1=O 1.0000000 1.0000 0.7571628 0.7572 0.9991476 0.9991 0.6441361 0.6441
 | 13.0514 58.1779 39.7537 0.7650905 CC1=CCCN1C=CC=CC(O)=C1C(=O)NN2CCCN12 1 O=C1NN2CCCN2C1=CC=CC=CN1C=CCC1 1.0000000 1.0000 0.6279793 0.6280 0.9957587 0.9958 0.5751273 0.5751
 | 7.7604 49.7067 53.8522 0.8090541 O=C1C=CC(=C(O)C=CC=CN2CCOCC2=O)C(=O)N1 1 O=C1C=CC(=CC=CC=CN2CCOCC2=O)C(=O)N1 1.0000000 1.0000 0.7650587 0.7651 0.4459473 0.4459 0.8094164 0.8094
 | 30.1119 75.7904 15.9258 0.7165325 CC1(CCN)NC(=O)C(=C(O)C=CC=CN2CC=C(F)C2O)NN1CCO 1 O=C1NCNNC1=CC=CC=CN1CC=CC1 1.0000000 1.0000 0.7782398 0.7782 0.3687339 0.3687 0.5695983 0.5696
 | 9.4573 58.6530 -58.6530 0.0000000 CC(O)C1C(=O)NC(=O)C(=C(O)C=CC=CN2CCN(CCO)CC2=O)C1=O 1 O=C1CC(=O)C(=CC=CC=CN2CCNCC2=O)C(=O)N1 1.0000000 1.0000 0.8324540 0.8325 0.9864213 0.9864 0.8754555 0.8755
02:06:22 <INFO> Score: 0.75 Agent NLL: 15.30 Valid: 100% Step: 18
 | Agent Prior Target Score SMILES SMILES_state Scaffold DASA DASA (raw) Solubility Solubility (raw) xTB_Gap xTB_Gap (raw) WaterSwitch WaterSwitch (raw)
 | 21.6928 69.3618 28.7892 0.7668047 C=CCC1CCN(C=CC=CC(O)=C2C(=O)NC(C)C(O)NC2=O)C1=O 1 O=C1NCCNC(=O)C1=CC=CC=CN1CCCC1=O 1.0000000 1.0000 0.7069289 0.7069 0.3633929 0.3634 0.7738168 0.7738
 | 12.2304 57.5388 52.9986 0.8635738 C=C1COC(=O)C(=C(O)C=CC=CN2CCC(CO)C2)C(=O)N1 1 C=C1COC(=O)C(=CC=CC=CN2CCCC2)C(=O)N1 1.0000000 1.0000 0.7175881 0.7176 0.9338025 0.9338 0.8021555 0.8022
 | 15.3528 64.9129 41.6245 0.8323227 CC=C1COCCN1C=CC=CC(O)=C1C(=O)NC(=O)NC(=O)NC1O 1 C=C1COCCN1C=CC=CC=C1CNC(=O)NC(=O)NC1=O 1.0000000 1.0000 0.7126827 0.7127 0.9922915 0.9923 0.6959415 0.6959
 | 20.8525 65.2999 7.1074 0.5656819 CCN1NC(=O)C(=C(O)C=CC=CN2CCOCC2NC(C)=O)NC1=NC 1 N=C1NNC(=O)C(=CC=CC=CN2CCOCC2)N1 1.0000000 1.0000 0.7495352 0.7495 0.2061930 0.2062 0.3280838 0.3281
 | 25.6518 72.7339 31.8133 0.8167750 CCCCC1=CC(=O)N(C=CC=CC(O)=C2OCC(O)NC2=O)CCN1 1 O=C1NCCOC1=CC=CC=CN1CCNC=CC1=O 1.0000000 1.0000 0.6625228 0.6625 0.5466449 0.5466 0.8625922 0.8626
 | 12.5535 58.1804 46.1215 0.8148589 CN1C(=O)C(=C(O)C=CC=CN2CC(O)C(O)C(O)C2)C(O)C1O 1 O=C1NCCC1=CC=CC=CN1CCCCC1 1.0000000 1.0000 0.8803891 0.8804 0.3311210 0.3311 0.8344533 0.8345
 | 11.5525 65.2231 47.6722 0.8819942 C=C1CNCCN1C=CC=CC(O)=C1C(=O)NC(=C(O)CO)C1=O 1 C=C1NC(=O)C(=CC=CC=CN2CCNCC2=C)C1=O 1.0000000 1.0000 0.7584730 0.7585 0.9846840 0.9847 0.8100382 0.8100
 | 17.1442 59.3269 44.9331 0.8145312 CN1OCCCOC(=O)C(=C(O)C=CC=CN2CCNC(=O)C2)C1=O 1 O=C1CN(C=CC=CC=C2C(=O)NOCCCOC2=O)CCN1 1.0000000 1.0000 0.7478373 0.7478 0.8172023 0.8172 0.6711732 0.6712
 | 26.3280 70.8051 5.4657 0.5958653 CCC=CCC1COCCN1C=CC=CC(O)=C1CN(C2CCCCNC2)C(=O)NC1=O 1 O=C1NC(=O)N(C2CCCCNC2)CC1=CC=CC=CN1CCOCC1 1.0000000 1.0000 0.3793296 0.3793 0.9622913 0.9623 0.3656979 0.3657
 | 16.1086 53.9970 49.8885 0.8116053 CC=c1[nH]c(=O)c(=C(O)C=CC=CN2CCN(CCO)CC2O)o1 1 C=c1[nH]c(=O)c(=CC=CC=CN2CCNCC2)o1 1.0000000 1.0000 0.8319578 0.8320 0.8683081 0.8683 0.5983570 0.5984
02:06:36 <INFO> Score: 0.69 Agent NLL: 15.50 Valid: 100% Step: 19
 | Agent Prior Target Score SMILES SMILES_state Scaffold DASA DASA (raw) Solubility Solubility (raw) xTB_Gap xTB_Gap (raw) WaterSwitch WaterSwitch (raw)
 | 11.8759 55.5517 56.7709 0.8775204 O=C1NC(=O)C(NOCCO)C1=C(O)C=CC=CN1CCOCC1 1 O=C1CC(=CC=CC=CN2CCOCC2)C(=O)N1 1.0000000 1.0000 0.8380674 0.8381 0.9202811 0.9203 0.7578158 0.7578
 | 14.6301 59.3318 37.6841 0.7579368 COCOC=C1NCCN1C=CC=CC(O)=C1C(=O)CC(=O)NC1=O 1 C=C1NCCN1C=CC=CC=C1C(=O)CC(=O)NC1=O 1.0000000 1.0000 0.7574139 0.7574 0.3768078 0.3768 0.6969737 0.6970
 | 7.7871 50.6654 -50.6654 0.0000000 CN1C(=O)NC(=O)C1=C(O)C=CC=CN1CC=CC(=O)N1 1 O=C1C=CCN(C=CC=CC=C2NC(=O)NC2=O)N1 1.0000000 1.0000 0.7672380 0.7672 0.7626963 0.7627 0.2801912 0.2802
 | 21.4808 66.2423 33.1177 0.7762500 CN=C1NC(=C(O)C=CC=CN2CC=CC(=O)N2CC=CCN)C(=O)N1C 1 N=C1NC(=O)C(=CC=CC=CN2CC=CC(=O)N2)N1 1.0000000 1.0000 0.7267807 0.7268 0.9772593 0.9773 0.5450662 0.5451
 | 13.4040 63.1441 40.8000 0.8120633 CC1C(=CN2CCOCC2)C(=O)NC(=O)C1=C(O)C=CC=CN1CC=CC(=O)N1 1 O=C1C=CCN(C=CC=CC=C2CC(=CN3CCOCC3)C(=O)NC2=O)N1 1.0000000 1.0000 0.6678415 0.6678 0.9083514 0.9084 0.6950492 0.6950
 | 9.3117 54.4799 -54.4799 0.0000000 CN1CCN(C=CC=CC(O)=C2C(=O)NC(=O)N(C)C2O)C(=O)C1 1 O=C1NCC(=CC=CC=CN2CCNCC2=O)C(=O)N1 1.0000000 1.0000 0.7919705 0.7920 0.3818292 0.3818 0.9236296 0.9236
 | 13.7212 65.0140 50.7054 0.9040575 O=C1CCNC(=O)C(=C(O)C=CC=CN2CC=CC(=NO)C2)C(=O)N1 1 N=C1C=CCN(C=CC=CC=C2C(=O)NCCC(=O)NC2=O)C1 1.0000000 1.0000 0.7439618 0.7440 0.7680709 0.7681 0.9805580 0.9806
 | 10.7395 51.0144 30.6432 0.6379501 O=C1CCN(C=CC=CC(O)=C2CC(=O)C(=O)NC2=O)C1 1 O=C1CCN(C=CC=CC=C2CC(=O)C(=O)NC2=O)C1 1.0000000 1.0000 0.7782516 0.7783 0.0515471 0.0515 0.8048934 0.8049
 | 16.9542 64.9020 26.3333 0.7127753 CN1CCOCN(C=CC=CC(O)=C2COC(CO)NC2=O)C1 1 O=C1NCOCC1=CC=CC=CN1CNCCOC1 1.0000000 1.0000 0.7804016 0.7804 0.2597104 0.2597 0.6368588 0.6369
 | 8.4217 49.1893 64.4895 0.8881159 O=C1CN(C=CC=CC(O)=C2C(=O)CC(=O)NC2=O)CCN1 1 O=C1CN(C=CC=CC=C2C(=O)CC(=O)NC2=O)CCN1 1.0000000 1.0000 0.8236697 0.8237 0.9992647 0.9993 0.7751576 0.7752
02:06:37 <INFO> Sampled SMILES O=C1NC(=O)C(=C(O)C=CC=CN2CN(C)CCO2)C(=c2ccc(N)c(O)c2=O)=C1 failed to sanitize.
02:06:48 <INFO> Score: 0.70 Agent NLL: 13.24 Valid:  98% Step: 20
 | Agent Prior Target Score SMILES SMILES_state Scaffold DASA DASA (raw) Solubility Solubility (raw) xTB_Gap xTB_Gap (raw) WaterSwitch WaterSwitch (raw)
 | 8.4004 43.5235 67.7256 0.8691337 CN1C(=O)NC(=O)C1=C(O)C=CC=CN1CCSCC1 1 O=C1NC(=O)C(=CC=CC=CN2CCSCC2)N1 1.0000000 1.0000 0.6620385 0.6620 0.9393203 0.9393 0.8688596 0.8689
 | 12.3614 59.3861 43.5117 0.8038886 O=C1NC(=CN2CCNCC2)C(=O)C1=C(O)C=CC=CN1CCNCC1=O 1 O=C1NC(=CN2CCNCC2)C(=O)C1=CC=CC=CN1CCNCC1=O 1.0000000 1.0000 0.8014746 0.8015 0.8976661 0.8977 0.5884379 0.5884
 | 7.3814 48.0357 58.0596 0.8288693 O=C1CC(=O)C(=C(O)C=CC=CN2C=CCC2)C(=O)N1 1 O=C1CC(=O)C(=CC=CC=CN2C=CCC2)C(=O)N1 1.0000000 1.0000 0.7119988 0.7120 0.8470632 0.8471 0.7287230 0.7287
 | 26.1700 76.4991 -76.4991 0.0000000 O=C1NC(=O)C(=C(O)C=CC=CN2CN(C)CCO2)C(=c2ccc(N)c(O)c2=O)=C1 0 -- 0.0000000 0.0000 0.0000000 0.0000 0.0000000 0.0000 0.0000000 0.0000
 | 16.5304 55.3980 51.6345 0.8361917 O=C1CCC(=C(O)C=CC=CN2CCC=C(CO)C2)C(=O)N1 1 O=C1CCC(=CC=CC=CN2CC=CCC2)C(=O)N1 1.0000000 1.0000 0.6764157 0.6764 0.7466926 0.7467 0.8178881 0.8179
 | 20.6215 72.3196 45.8710 0.9233642 O=C1NC(=O)C(=C(O)C=CC=CN2CCNOS2(=O)=O)C(=O)C1=CN1CCNCC1 1 O=C1NC(=O)C(=CN2CCNCC2)C(=O)C1=CC=CC=CN1CCNOS1(=O)=O 1.0000000 1.0000 0.8104351 0.8104 0.8654776 0.8655 0.9443312 0.9443
 | 6.7563 49.3626 61.9849 0.8699019 C=C1NCCN1C=CC=CC(O)=C1CCC(=O)NC1=O 1 C=C1NCCN1C=CC=CC=C1CCC(=O)NC1=O 1.0000000 1.0000 0.7133394 0.7133 0.9939217 0.9939 0.8067388 0.8067
 | 13.5345 62.0750 55.4009 0.9177806 COCC1NC(=O)C(=C(O)C=CC=CN2CC(=O)NC(=O)C2=O)C1=O 1 O=C1CN(C=CC=CC=C2C(=O)CNC2=O)C(=O)C(=O)N1 1.0000000 1.0000 0.8573084 0.8573 0.9982269 0.9982 0.8407751 0.8408
 | 23.5269 84.6261 15.8885 0.7852705 O=C1NC(=O)C(=C(O)C=CC=CN2CC2N=CN=c2cccc[nH]2)C1=CN(CCO)CCO 1 C=C1C(=O)NC(=O)C1=CC=CC=CN1CC1N=CN=c1cccc[nH]1 1.0000000 1.0000 0.7392771 0.7393 0.6397591 0.6398 0.6558860 0.6559
 | 8.1070 55.3520 58.2506 0.8875200 O=C1CC(=O)C(=C(O)C=CC=CN2CC(=O)NC(CO)C2)C(=O)N1 1 O=C1CN(C=CC=CC=C2C(=O)CC(=O)NC2=O)CCN1 1.0000000 1.0000 0.8484794 0.8485 0.9990352 0.9990 0.7564453 0.7564
02:07:02 <INFO> Score: 0.71 Agent NLL: 14.19 Valid: 100% Step: 21
 | Agent Prior Target Score SMILES SMILES_state Scaffold DASA DASA (raw) Solubility Solubility (raw) xTB_Gap xTB_Gap (raw) WaterSwitch WaterSwitch (raw)
 | 17.0668 65.0599 50.1658 0.9002006 CC1NC(=O)C(=C(O)C=CC=CN2CC=CC(=NO)C2=O)C(=O)NC1=O 1 N=C1C=CCN(C=CC=CC=C2C(=O)NCC(=O)NC2=O)C1=O 1.0000000 1.0000 0.7692852 0.7693 0.8226690 0.8227 0.9185869 0.9186
 | 8.3832 52.4699 60.7485 0.8845185 O=C1CC(O)C(=C(O)C=CC=CN2C=CCC2)C(=O)N1 1 O=C1CCC(=CC=CC=CN2C=CCC2)C(=O)N1 1.0000000 1.0000 0.7294101 0.7294 0.9202494 0.9202 0.8638580 0.8639
 | 13.1715 56.8267 57.6227 0.8941364 CC=c1[nH]c(=O)c(=C(O)C=C(O)C=CN2CCCC2)[nH]1 1 C=c1[nH]c(=O)c(=CC=CC=CN2CCCC2)[nH]1 1.0000000 1.0000 0.7318461 0.7318 0.8740366 0.8740 0.9111699 0.9112
 | 6.6319 55.1943 -55.1943 0.0000000 C=C1NCCN1C=CC=CC(O)=C1C(=O)CNC1=O 1 C=C1NCCN1C=CC=CC=C1C(=O)CNC1=O 1.0000000 1.0000 0.7827565 0.7828 0.6887577 0.6888 0.7434583 0.7435
 | 8.3883 47.8085 39.7661 0.6841765 CN1CCN(C=CC=CC(O)=C2CCC(=O)NC2=O)C(=O)C1 1 O=C1CCC(=CC=CC=CN2CCNCC2=O)C(=O)N1 1.0000000 1.0000 0.7445564 0.7446 0.1027004 0.1027 0.8136353 0.8136
 | 5.8609 50.1898 -50.1898 0.0000000 O=C1CN(C=CC=CC(O)=C2C(=O)CC(=O)NC2=O)C(=O)C(=O)N1 1 O=C1CN(C=CC=CC=C2C(=O)CC(=O)NC2=O)C(=O)C(=O)N1 1.0000000 1.0000 0.8596128 0.8596 0.8728532 0.8729 0.2928572 0.2929
 | 18.4704 63.2642 32.2055 0.7458572 COC=C1C(=O)NC(=O)C1=C(O)C=CC=CN1CC(CCO)COC1=O 1 C=C1C(=O)NC(=O)C1=CC=CC=CN1CCCOC1=O 1.0000000 1.0000 0.6894503 0.6895 0.2057840 0.2058 0.8888049 0.8888
 | 12.7304 49.1845 56.2948 0.8240572 C=c1o[nH]c(=O)c1=C(O)C=CC=CN1CCN(CCO)CC1 1 C=c1o[nH]c(=O)c1=CC=CC=CN1CCNCC1 1.0000000 1.0000 0.8303785 0.8304 0.6268335 0.6268 0.7127989 0.7128
 | 20.7008 55.5762 49.0252 0.8171987 NC1CCN(C=CC=CC(O)=C2C(=O)NC(=O)NC23COC3)C1 1 O=C1NC(=O)C(=CC=CC=CN2CCCC2)C2(COC2)N1 1.0000000 1.0000 0.7770723 0.7771 0.8574590 0.8575 0.6475969 0.6476
 | 11.7432 47.4908 64.2227 0.8727618 O=C1C=COC1=C(O)C=CC=CN1CCNCC1=O 1 O=C1C=COC1=CC=CC=CN1CCNCC1=O 1.0000000 1.0000 0.7492202 0.7492 0.8628777 0.8629 0.8290581 0.8291
02:07:17 <INFO> Score: 0.74 Agent NLL: 15.11 Valid: 100% Step: 22
 | Agent Prior Target Score SMILES SMILES_state Scaffold DASA DASA (raw) Solubility Solubility (raw) xTB_Gap xTB_Gap (raw) WaterSwitch WaterSwitch (raw)
 | 11.8424 56.5651 53.1772 0.8573616 NC1COCCN1C=CC=CC(O)=C1OC=C(CO)NC1=O 1 O=C1NC=COC1=CC=CC=CN1CCOCC1 1.0000000 1.0000 0.7961014 0.7961 0.8361146 0.8361 0.7548359 0.7548
 | 18.5573 57.1493 49.2845 0.8315142 CCCCCCN1C(=O)NC(=O)C1=C(O)C=CC=CN1CC(O)CO1 1 O=C1NC(=O)C(=CC=CC=CN2CCCO2)N1 1.0000000 1.0000 0.6008171 0.6008 0.9269647 0.9270 0.8088252 0.8088
 | 14.0112 63.1399 37.8931 0.7893200 CC(C=O)=C1NCCCN1C=CC=CC(O)=C1C(=O)CNC1=O 1 C=C1NCCCN1C=CC=CC=C1C(=O)CNC1=O 1.0000000 1.0000 0.7261557 0.7262 0.6884957 0.6885 0.6580273 0.6580
 | 17.0135 58.7851 47.0468 0.8268120 NCCCNC1CCN(C=CC=CC(O)=C2C(=O)NCCOC2=O)C1=O 1 O=C1NCCOC(=O)C1=CC=CC=CN1CCCC1=O 1.0000000 1.0000 0.8044825 0.8045 0.7767389 0.7767 0.6811728 0.6812
 | 16.6929 65.6413 41.6338 0.8380868 C=C1CC(=c2ccc(=C(O)C=CC=CN3CC(=O)NC(=O)C3)c(=O)[nH]2)OC1=O 1 C=C1CC(=c2ccc(=CC=CC=CN3CC(=O)NC(=O)C3)c(=O)[nH]2)OC1=O 1.0000000 1.0000 0.7775177 0.7775 0.6984669 0.6985 0.7612248 0.7612
 | 11.4952 60.6070 45.6213 0.8299085 O=C1CN(C=CC=CC(O)=C2C(=O)NC(=O)OC2O)C(=O)C(O)N1 1 O=C1CN(C=CC=CC=C2COC(=O)NC2=O)C(=O)CN1 1.0000000 1.0000 0.8680611 0.8681 0.3832222 0.3832 0.8492200 0.8492
 | 33.8079 89.2689 12.7343 0.7969000 C=CC(=O)NCN1CCCC(=C(O)C=CC=CN2CCNC2=CN=CO)C(=O)N1C 1 C=C1NCCN1C=CC=CC=C1CCCNNC1=O 1.0000000 1.0000 0.6218495 0.6218 0.7914852 0.7915 0.7245326 0.7245
 | 12.0138 55.1943 44.6365 0.7799280 NC1NC(=O)C(=C(O)C=CC=CN2CC(=O)NC(=O)C2=O)C(=O)NC1=O 1 O=C1CN(C=CC=CC=C2C(=O)NCC(=O)NC2=O)C(=O)C(=O)N1 1.0000000 1.0000 0.9103213 0.9103 0.8850892 0.8851 0.4854761 0.4855
 | 16.3519 51.1657 51.4761 0.8018891 CCCN1CCN(C=CC=CC(O)=C2COC(=N)NC2=O)CC1 1 N=C1NC(=O)C(=CC=CC=CN2CCNCC2)CO1 1.0000000 1.0000 0.6676611 0.6677 0.8401402 0.8401 0.6860202 0.6860
 | 18.9585 74.0137 -22.0975 0.4055953 COCCN1C(=O)C(=O)C(=c2[nH]c(=O)[nH]c(=O)c2=C(O)C=CC=CN2CC3CCCCC3N2)C1=O 1 O=C1NC(=O)C(=c2[nH]c(=O)[nH]c(=O)c2=CC=CC=CN2CC3CCCCC3N2)C1=O 1.0000000 1.0000 0.7866559 0.7867 0.0807741 0.0808 0.1463012 0.1463
02:07:33 <INFO> Score: 0.73 Agent NLL: 14.80 Valid: 100% Step: 23
 | Agent Prior Target Score SMILES SMILES_state Scaffold DASA DASA (raw) Solubility Solubility (raw) xTB_Gap xTB_Gap (raw) WaterSwitch WaterSwitch (raw)
 | 7.5486 50.4530 -50.4530 0.0000000 O=C1C=CCN(C=CC=CC(O)=C2CCC(=O)NC2=O)N1 1 O=C1C=CCN(C=CC=CC=C2CCC(=O)NC2=O)N1 1.0000000 1.0000 0.7448528 0.7449 0.9102214 0.9102 0.8742641 0.8743
 | 9.1552 56.4153 43.0332 0.7769414 O=C1CC(O)C(=C(O)C=CC=CN2CCC(CO)C2)C(=O)N1 1 O=C1CCC(=CC=CC=CN2CCCC2)C(=O)N1 1.0000000 1.0000 0.7854898 0.7855 0.5918407 0.5918 0.6224839 0.6225
 | 14.3898 57.0260 32.3019 0.6978737 CC1(C)CN1C=CC=CC(O)=C1CNC(=O)NC1=O 1 O=C1NCC(=CC=CC=CN2CC2)C(=O)N1 1.0000000 1.0000 0.7101614 0.7102 0.0992040 0.0992 0.9131257 0.9131
 | 15.1589 66.2104 16.3140 0.6447220 CN1CCCN1C=CC=CC(O)=C1C(=O)NC(=O)C(C(O)CO)C1=O 1 O=C1CC(=O)C(=CC=CC=CN2CCCN2)C(=O)N1 1.0000000 1.0000 0.8275140 0.8275 0.0547927 0.0548 0.7785378 0.7785
 | 9.9728 58.8062 46.0423 0.8191290 N=C1CNCCN1C=CC=CC(O)=C1C(=O)CNC1=O 1 N=C1CNCCN1C=CC=CC=C1C(=O)CNC1=O 1.0000000 1.0000 0.8073387 0.8073 0.9992862 0.9993 0.5989472 0.5989
 | 15.4839 48.0665 62.6425 0.8649140 O=c1[nH]c2n(c1=C(O)C=CC=CN1CCCCC1)CCN=2 1 O=c1[nH]c2n(c1=CC=CC=CN1CCCCC1)CCN=2 1.0000000 1.0000 0.7406828 0.7407 0.9991537 0.9992 0.7677103 0.7677
 | 12.6160 49.2294 45.3267 0.7387197 CN1CCN(C=CC=CC(O)=C2C(=O)NC(=O)N2Cc2ccccc2)C(=O)C1 1 O=C1NC(=O)N(Cc2ccccc2)C1=CC=CC=CN1CCNCC1=O 1.0000000 1.0000 0.5616696 0.5617 0.5076685 0.5077 0.7151805 0.7152
 | 20.2632 69.8742 14.5563 0.6596137 CN1CCN(C=CC=CC(O)=C2NC(NCCO)C(=S)NC2=O)C1 1 O=C1NC(=S)CNC1=CC=CC=CN1CCNC1 1.0000000 1.0000 0.8105311 0.8105 0.1105569 0.1106 0.6564185 0.6564
 | 15.6894 65.3395 55.0490 0.9405350 CC1(C)NCCN(C=CC=CC(O)=C2C(=O)NC(C(N)=O)C2=O)C1=O 1 O=C1CNC(=O)C1=CC=CC=CN1CCNCC1=O 1.0000000 1.0000 0.8224880 0.8225 0.9892198 0.9892 0.9452757 0.9453
 | 20.1221 63.9572 52.0703 0.9064647 C=C=NC1C(=O)NC(=O)C(=C(O)C=CC=CN2CCNC2=O)C1=O 1 O=C1CC(=O)C(=CC=CC=CN2CCNC2=O)C(=O)N1 1.0000000 1.0000 0.7888179 0.7888 0.9664275 0.9664 0.8687369 0.8687
02:08:05 <INFO> Score: 0.74 Agent NLL: 14.15 Valid: 100% Step: 24
 | Agent Prior Target Score SMILES SMILES_state Scaffold DASA DASA (raw) Solubility Solubility (raw) xTB_Gap xTB_Gap (raw) WaterSwitch WaterSwitch (raw)
 | 14.9507 57.3024 57.1233 0.8939508 CCC1=NN(C=CC=CC(O)=C2NNC(=O)NC2=O)CC1 1 O=C1NNC(=CC=CC=CN2CCC=N2)C(=O)N1 1.0000000 1.0000 0.7133467 0.7133 0.9969822 0.9970 0.8834871 0.8835
 | 18.4839 61.7823 35.1963 0.7576456 C=CC(CN)=C1NCCN1C=CC=CC(O)=C1CCC(=O)NC1=O 1 C=C1NCCN1C=CC=CC=C1CCC(=O)NC1=O 1.0000000 1.0000 0.7004891 0.7005 0.3317793 0.3318 0.7741564 0.7742
 | 16.3343 57.7777 48.6565 0.8315175 NCCCCC1NC(=O)C(=C(O)C=CC=CN2CC=CCC2)C(=O)NC1=O 1 O=C1CNC(=O)C(=CC=CC=CN2CC=CCC2)C(=O)N1 1.0000000 1.0000 0.6993211 0.6993 0.9995716 0.9996 0.7016625 0.7017
 | 19.1992 55.2752 45.1601 0.7846507 C=C1C(=O)OC(=C(O)C=CC=CN2CC=CCC2N=[N+]=[N-])C1=O 1 C=C1C(=O)OC(=CC=CC=CN2CC=CCC2)C1=O 1.0000000 1.0000 0.4751088 0.4751 0.8590238 0.8590 0.8159920 0.8160
 | 8.8796 41.7503 78.5276 0.9396714 O=C1NC(=O)C(=C(O)C=CC=CN2CCNCC2)N1 1 O=C1NC(=O)C(=CC=CC=CN2CCNCC2)N1 1.0000000 1.0000 0.8064258 0.8064 0.9954614 0.9955 0.9541388 0.9541
 | 16.7093 64.5849 31.0345 0.7470269 CN1C(=O)C(=O)C(=c2[nH]c(=O)c(=C(O)C=CC=CN3CCC(N)C3)n2C)C1=O 1 O=C1NC(=O)C(=c2[nH]c(=O)c(=CC=CC=CN3CCCC3)[nH]2)C1=O 1.0000000 1.0000 0.8612991 0.8613 0.3205816 0.3206 0.6403498 0.6403
 | 8.8381 54.4133 45.4675 0.7803191 O=C1CN(C=CC=CC(O)=C2C(=O)NC(=O)OC2=O)CC(O)N1 1 O=C1CN(C=CC=CC=C2C(=O)NC(=O)OC2=O)CCN1 1.0000000 1.0000 0.8421826 0.8422 0.9998613 0.9999 0.4924779 0.4925
 | 14.1671 54.2488 15.3713 0.5439077 CN1C(=O)C(=C(O)C=CC=CN2CCOCC2)N1CCCCN 1 O=C1NNC1=CC=CC=CN1CCOCC1 1.0000000 1.0000 0.7189740 0.7190 0.0418076 0.0418 0.5393763 0.5394
 | 10.6981 52.1113 35.4830 0.6843299 CC1=CCCN1C=CC=CC(O)=C1C(=O)NC(=O)N=C1C 1 O=C1N=CC(=CC=CC=CN2C=CCC2)C(=O)N1 1.0000000 1.0000 0.5206569 0.5207 0.2044967 0.2045 0.8224322 0.8224
 | 10.1409 52.1930 32.2137 0.6594279 CC1NC(=O)C(=C(O)C=CC=CN2CCNCC2=O)CC1=O 1 O=C1CNC(=O)C(=CC=CC=CN2CCNCC2=O)C1 1.0000000 1.0000 0.7674591 0.7675 0.0777880 0.0778 0.7794820 0.7795
02:08:36 <INFO> Score: 0.75 Agent NLL: 13.58 Valid: 100% Step: 25
 | Agent Prior Target Score SMILES SMILES_state Scaffold DASA DASA (raw) Solubility Solubility (raw) xTB_Gap xTB_Gap (raw) WaterSwitch WaterSwitch (raw)
 | 8.7658 59.9972 37.3181 0.7602759 O=C1CNC(=O)C1=C(O)C=CC=CN1CCN(CCO)C(=O)C1 1 O=C1CN(C=CC=CC=C2C(=O)CNC2=O)CCN1 1.0000000 1.0000 0.8383137 0.8383 0.8929799 0.8930 0.4722342 0.4722
 | 14.1283 58.1736 42.9428 0.7899720 N=C1C(=C(O)C=CC=CN2CCN(CCO)CC2=O)C(=O)NC(=O)N1CCO 1 N=C1NC(=O)NC(=O)C1=CC=CC=CN1CCNCC1=O 1.0000000 1.0000 0.8213897 0.8214 0.9909528 0.9910 0.5248168 0.5248
 | 21.0328 70.5218 30.6062 0.7900624 CC(=O)N=C(N)N1NC(=O)C1=C(O)C=CC=CN1CC=C(C)O1 1 O=C1NNC1=CC=CC=CN1CC=CO1 1.0000000 1.0000 0.7265452 0.7265 0.8977800 0.8978 0.5973399 0.5973
 | 12.8078 58.3468 32.6766 0.7111204 CN1C(=O)NC(=O)C(=C(O)C=CC=CN2CCNC2=CO)C1=O 1 C=C1NCCN1C=CC=CC=C1C(=O)NC(=O)NC1=O 1.0000000 1.0000 0.7532580 0.7533 0.0960123 0.0960 0.9423836 0.9424
 | 16.8322 73.7190 27.8064 0.7931672 C=C1NCCN1C=CC=CC(O)=C1C(=O)C(=NNC(N)=O)N(C)C1=O 1 C=C1NCCN1C=CC=CC=C1C(=O)NC(=N)C1=O 1.0000000 1.0000 0.7840844 0.7841 0.3455411 0.3455 0.8177989 0.8178
 | 13.4067 62.6778 55.2735 0.9214949 O=C1C=CCN(C=CC=CC(O)=C2C(=O)NNC(=O)NC2=O)C1 1 O=C1C=CCN(C=CC=CC=C2C(=O)NNC(=O)NC2=O)C1 1.0000000 1.0000 0.8002791 0.8003 0.7979561 0.7980 0.9760912 0.9761
 | 8.3251 56.9141 -56.9141 0.0000000 O=C1CC(=O)C(=C(O)C=CC=CN2CCN(CCO)C(=O)C2)C(=O)N1 1 O=C1CN(C=CC=CC=C2C(=O)CC(=O)NC2=O)CCN1 1.0000000 1.0000 0.8283243 0.8283 0.9856634 0.9857 0.8535864 0.8536
 | 12.3257 52.4383 23.4187 0.5926326 CC1NC(=O)N(C)C(=O)C1=C(O)C=CC=CN1CC1 1 O=C1NCC(=CC=CC=CN2CC2)C(=O)N1 1.0000000 1.0000 0.7147131 0.7147 0.0598971 0.0599 0.6324488 0.6324
 | 12.4317 66.1500 27.5729 0.7322099 CC1=CC(=O)C(=O)C(=C(O)C=CC=CN2CC(=O)NC(=O)C2)C(=O)N1 1 O=C1CN(C=CC=CC=C2C(=O)NC=CC(=O)C2=O)CC(=O)N1 1.0000000 1.0000 0.7958757 0.7959 0.9726201 0.9726 0.4188249 0.4188
 | 9.0304 44.2673 65.3572 0.8564416 O=C1NC(=O)C(=C(O)C=CC=CN2CCNCC2)O1 1 O=C1NC(=O)C(=CC=CC=CN2CCNCC2)O1 1.0000000 1.0000 0.7764105 0.7764 0.8989354 0.8989 0.7458272 0.7458
02:09:16 <INFO> Score: 0.72 Agent NLL: 13.70 Valid: 100% Step: 26
 | Agent Prior Target Score SMILES SMILES_state Scaffold DASA DASA (raw) Solubility Solubility (raw) xTB_Gap xTB_Gap (raw) WaterSwitch WaterSwitch (raw)
 | 6.6530 50.8140 65.1151 0.9056963 O=C1NC(=O)N(CCO)C1=C(O)C=CC=CN1CCNCC1=O 1 O=C1NC(=O)C(=CC=CC=CN2CCNCC2=O)N1 1.0000000 1.0000 0.8324173 0.8324 0.7584489 0.7584 0.9111463 0.9111
 | 16.8238 63.9049 50.1567 0.8911061 O=C1NC(=O)C(=C(O)C=CC=CN2CCO2)N=C1NCCO 1 O=C1C=NC(=CC=CC=CN2CCO2)C(=O)N1 1.0000000 1.0000 0.8445330 0.8445 0.6993044 0.6993 0.8796288 0.8796
 | 21.5434 71.8821 33.1664 0.8206913 NCC(=O)NC1COCCN1C=CC=CC(O)=C1C(=O)NC(=COCCO)C1=O 1 C=C1NC(=O)C(=CC=CC=CN2CCOCC2)C1=O 1.0000000 1.0000 0.8398186 0.8398 0.8907032 0.8907 0.6110375 0.6110
 | 14.2579 57.9728 29.5116 0.6834719 NCCCCN1CCCN(C=CC=CC(O)=C2C(=O)CCNC2=O)C1 1 O=C1CCNC(=O)C1=CC=CC=CN1CCCNC1 1.0000000 1.0000 0.6939649 0.6940 0.9725294 0.9725 0.3678879 0.3679
 | 6.4351 46.1847 -46.1847 0.0000000 O=C1NC(=O)C(=C(O)C=CC=CN2CCNCC2=O)N1 1 O=C1NC(=O)C(=CC=CC=CN2CCNCC2=O)N1 1.0000000 1.0000 0.8276392 0.8276 0.2726346 0.2726 0.9817185 0.9817
 | 13.3885 57.7503 33.0994 0.7097632 CNC1=NNC(=O)C1=C(O)C=CC=CN1CC=CC(=O)N1 1 O=C1C=CCN(C=CC=CC=C2C=NNC2=O)N1 1.0000000 1.0000 0.8008746 0.8009 0.2352946 0.2353 0.6389697 0.6390
 | 6.2598 43.9584 73.0449 0.9140884 O=C1NC(=O)N(CCO)C1=C(O)C=CC=CN1CCOCC1 1 O=C1NC(=O)C(=CC=CC=CN2CCOCC2)N1 1.0000000 1.0000 0.7836095 0.7836 0.9281560 0.9282 0.9118063 0.9118
 | 13.4828 48.3344 44.0639 0.7218618 O=C1NCCOC1=C(O)C=CC=CN1CCCNC1=O 1 O=C1NCCOC1=CC=CC=CN1CCCNC1=O 1.0000000 1.0000 0.7366390 0.7366 0.2561966 0.2562 0.6976321 0.6976
 | 10.2620 43.6260 61.6716 0.8226375 CN1C(=O)NC(=O)C1=C(O)C=CC=CN1CCCCCC1 1 O=C1NC(=O)C(=CC=CC=CN2CCCCCC2)N1 1.0000000 1.0000 0.5631758 0.5632 0.9783926 0.9784 0.8024227 0.8024
 | 13.7485 43.7604 64.7480 0.8477212 CN1C(=O)C(=C(O)C=CC=CN(CCO)CCO)C1=O 1 C=C1C(=O)NC1=O 1.0000000 1.0000 0.8441609 0.8442 0.4483543 0.4484 0.8783693 0.8784
02:10:06 <INFO> Score: 0.69 Agent NLL: 14.88 Valid: 100% Step: 27
 | Agent Prior Target Score SMILES SMILES_state Scaffold DASA DASA (raw) Solubility Solubility (raw) xTB_Gap xTB_Gap (raw) WaterSwitch WaterSwitch (raw)
 | 10.2305 52.4602 56.2822 0.8495503 O=C1CCNC(=C(O)C=CC=CN2CC=CCC2)C(=O)N1 1 O=C1CCNC(=CC=CC=CN2CC=CCC2)C(=O)N1 1.0000000 1.0000 0.6996766 0.6997 0.9163408 0.9163 0.7790562 0.7791
 | 13.5038 28.6171 -28.6167 0.0000031 CC=CC(O)=C1C(=O)N(C)c2ccccc21 1 C=C1C(=O)Nc2ccccc21 0.0000000 0.0000 0.4727202 0.4727 0.1080085 0.1080 0.0000000 0.0000
 | 12.7979 63.9702 40.2649 0.8143371 NC1CC=CCN1C=CC=CC(O)=C1OC(=O)CC(=O)NC1=O 1 O=C1CC(=O)OC(=CC=CC=CN2CC=CCC2)C(=O)N1 1.0000000 1.0000 0.7444237 0.7444 0.9791309 0.9791 0.6288308 0.6288
 | 15.6220 56.9276 45.3527 0.7990644 CN1ONC(=C(O)C=CC=CN2CCCOC2)C1=O 1 O=C1NONC1=CC=CC=CN1CCCOC1 1.0000000 1.0000 0.7423490 0.7423 0.9999271 0.9999 0.5865017 0.5865
 | 10.7913 46.0939 66.9631 0.8832584 O=C1C=CC(=C(O)C=CC=CN2CCCC2=O)C(=O)N1 1 O=C1C=CC(=CC=CC=CN2CCCC2=O)C(=O)N1 1.0000000 1.0000 0.7119988 0.7120 0.8152901 0.8153 0.9161039 0.9161
 | 10.2346 56.9821 -26.8475 0.2354262 C=C1NCCN1C=CC=CC(O)=C1C(=O)NC(=O)C(=O)C1O 1 C=C1NCCN1C=CC=CC=C1CC(=O)C(=O)NC1=O 1.0000000 1.0000 0.8285225 0.8285 0.0000053 0.0000 0.8284954 0.8285
 | 20.8216 62.3452 22.1905 0.6604348 CC1CCN(C=CC=CC(O)=C2NCNC2=O)C(C)N1C 1 O=C1NCNC1=CC=CC=CN1CCCNC1 1.0000000 1.0000 0.6828518 0.6829 0.7111961 0.7112 0.3729798 0.3730
 | 23.2925 75.8294 16.9806 0.7250779 CC1NC(=O)CN(C=CC=CC(O)=c2ncc(=C(O)C=O)[nH]c2=O)O1 1 C=c1cnc(=CC=CC=CN2CC(=O)NCO2)c(=O)[nH]1 1.0000000 1.0000 0.8378636 0.8379 0.4414052 0.4414 0.5243294 0.5243
 | 7.4816 49.0948 46.4037 0.7460821 CC1=NC(=O)NC(=O)C1=C(O)C=CC=CN1CCNCC1=O 1 O=C1N=CC(=CC=CC=CN2CCNCC2=O)C(=O)N1 1.0000000 1.0000 0.7505749 0.7506 0.9999817 1.0000 0.4614369 0.4614
 | 13.0180 52.0234 42.0017 0.7345710 CCCNC1=C(C)NC(=O)C1=C(O)C=C(C)C=CN1CCOCC1 1 O=C1NC=CC1=CC=CC=CN1CCOCC1 1.0000000 1.0000 0.5463402 0.5463 0.9989474 0.9989 0.5558250 0.5558
02:10:30 <INFO> Score: 0.66 Agent NLL: 14.55 Valid: 100% Step: 28
 | Agent Prior Target Score SMILES SMILES_state Scaffold DASA DASA (raw) Solubility Solubility (raw) xTB_Gap xTB_Gap (raw) WaterSwitch WaterSwitch (raw)
 | 45.1181 86.1172 4.5715 0.7085057 CC(C)=CC1C2OC(=C(O)C=CC=CN3CCNCC3)C(=O)NC(=O)C13C(O2)C1CCC(O)C3(C)C1(C)O 1 O=C1NC(=O)C23CC(OC1=CC=CC=CN1CCNCC1)OC2C1CCCC3C1 1.0000000 1.0000 0.4752781 0.4753 0.9786562 0.9787 0.5504420 0.5504
 | 10.9409 45.3600 26.6603 0.5626585 O=C1NCCCC1=C(O)C=CC=CN1CCOCC1 1 O=C1NCCCC1=CC=CC=CN1CCOCC1 1.0000000 1.0000 0.6781614 0.6782 0.1465573 0.1466 0.3947516 0.3948
 | 13.0755 53.0961 58.5077 0.8719044 O=C1NCC(=O)C(O)C1=C(O)C=CC=CN1CCC(O)CC1 1 O=C1CNC(=O)C(=CC=CC=CN2CCCCC2)C1 1.0000000 1.0000 0.7928739 0.7929 0.9897216 0.9897 0.7522497 0.7522
 | 11.0743 49.2372 71.1512 0.9405344 O=C1NC(=O)C(O)C1=C(O)C=CC=CN1CCCO1 1 O=C1CC(=CC=CC=CN2CCCO2)C(=O)N1 1.0000000 1.0000 0.8083605 0.8084 0.9857176 0.9857 0.9589115 0.9589
 | 18.8857 57.1021 10.0191 0.5243847 CN1C(=O)C(=C(O)C=CC=CN2CC(O)C(O)C2)C(O)C(O)C1O 1 O=C1NCCCC1=CC=CC=CN1CCCC1 1.0000000 1.0000 0.8803891 0.8804 0.0050067 0.0050 0.9077792 0.9078
 | 17.0992 72.7138 -16.6178 0.4382502 CNC1COCCN1C=CC=CC(O)=C1C(=O)NC(=O)C(=N)C(=O)C1=O 1 N=C1C(=O)NC(=O)C(=CC=CC=CN2CCOCC2)C(=O)C1=O 1.0000000 1.0000 0.8189271 0.8189 0.0021320 0.0021 0.7204117 0.7204
 | 12.4541 43.8008 53.6987 0.7617149 O=C1NCC1=C(O)C=CC=CN1CCOCC1 1 O=C1NCC1=CC=CC=CN1CCOCC1 1.0000000 1.0000 0.7688983 0.7689 0.3094182 0.3094 0.7545588 0.7546
 | 10.4139 52.8057 47.0886 0.7804245 O=C1NC(=O)C(=C(O)C=CC=CN2C=CCC2)C(=O)NC1=O 1 O=C1NC(=O)C(=CC=CC=CN2C=CCC2)C(=O)NC1=O 1.0000000 1.0000 0.7957442 0.7957 0.6139272 0.6139 0.6172952 0.6173
 | 5.7870 52.6785 -52.6785 0.0000000 O=C1CN(C=CC=CC(O)=C2C(=O)CC(=O)NC2=O)CC(=O)N1 1 O=C1CN(C=CC=CC=C2C(=O)CC(=O)NC2=O)CC(=O)N1 1.0000000 1.0000 0.8425599 0.8426 0.9236286 0.9236 0.7398581 0.7399
 | 32.1031 86.3493 3.9169 0.7052046 CN(CCO)C1=CC(=C(O)C=CC=CN2CCCNC2C=NO)C(=O)NC1N1CCNCC1 1 O=C1NC(N2CCNCC2)C=CC1=CC=CC=CN1CCCNC1 1.0000000 1.0000 0.7475653 0.7476 0.9630457 0.9630 0.3881139 0.3881
02:11:03 <INFO> Score: 0.73 Agent NLL: 13.67 Valid: 100% Step: 29
 | Agent Prior Target Score SMILES SMILES_state Scaffold DASA DASA (raw) Solubility Solubility (raw) xTB_Gap xTB_Gap (raw) WaterSwitch WaterSwitch (raw)
 | 13.9947 54.9340 41.6276 0.7543876 C=C1NC(=O)C(=C(O)C=CC=CN2CCOCC2NC(C)=O)C1=O 1 C=C1NC(=O)C(=CC=CC=CN2CCOCC2)C1=O 1.0000000 1.0000 0.7488883 0.7489 0.9999664 1.0000 0.4798156 0.4798
 | 20.3487 75.8109 25.7841 0.7937107 CONC1=NCCN1C=CC=CC(O)=C1C(=O)NC(=O)C(CN(C)CCO)C1=O 1 O=C1CC(=O)C(=CC=CC=CN2C=NCC2)C(=O)N1 1.0000000 1.0000 0.8235240 0.8235 0.8917620 0.8918 0.5536808 0.5537
 | 14.1356 50.9276 51.8636 0.8030557 C=c1cnc(=C(O)C=CC=CN2CC(C)(C)OC2=O)c(=O)[nH]1 1 C=c1cnc(=CC=CC=CN2CCOC2=O)c(=O)[nH]1 1.0000000 1.0000 0.7182413 0.7182 0.7917488 0.7917 0.6673344 0.6673
 | 18.8908 63.9188 48.7358 0.8801141 NCCC(=O)NC1CNC(=O)C(=C(O)C=CC=CN2CCOCC2)C(=O)NC1=O 1 O=C1CCNC(=O)C(=CC=CC=CN2CCOCC2)C(=O)N1 1.0000000 1.0000 0.8474876 0.8475 0.9502543 0.9503 0.7499443 0.7499
 | 15.1672 64.3697 46.8839 0.8691686 CN1CCCN(C=CC=CC(O)=C2C(=O)NC(=O)CC2O)O1 1 O=C1CCC(=CC=CC=CN2CCCNO2)C(=O)N1 1.0000000 1.0000 0.7662198 0.7662 0.9992759 0.9993 0.7609026 0.7609
 | 8.8042 55.5147 50.3886 0.8273697 C=C1NCCN1C=CC=CC(O)=C1C(=O)NC(C)C1=O 1 C=C1NCCN1C=CC=CC=C1C(=O)CNC1=O 1.0000000 1.0000 0.7439036 0.7439 0.6828077 0.6828 0.7598655 0.7599
 | 12.6839 50.5095 56.5218 0.8361824 CC(C)N1NC(=O)C(=C(O)C=CC=CN2CCNCC2)C1O 1 O=C1NNCC1=CC=CC=CN1CCNCC1 1.0000000 1.0000 0.7671899 0.7672 0.6443202 0.6443 0.7864581 0.7865
 | 9.1693 47.7663 62.4316 0.8609213 CN1CCCN(C=CC=CC(O)=C2C(=O)NC(=O)N2C)C1 1 O=C1NC(=O)C(=CC=CC=CN2CCCNC2)N1 1.0000000 1.0000 0.7088921 0.7089 0.8987979 0.8988 0.8127243 0.8127
 | 14.3550 51.7207 55.3941 0.8368341 O=C1CCN(C=CC=CC(O)=C2C(=O)NCCNC2=O)CC1 1 O=C1CCN(C=CC=CC=C2C(=O)NCCNC2=O)CC1 1.0000000 1.0000 0.7673424 0.7673 0.5318232 0.5318 0.8472337 0.8472
 | 9.6101 44.9593 64.8400 0.8578067 O=C1NC(=O)C(=C(O)C=CC=CN2CCCC(O)C2)O1 1 O=C1NC(=O)C(=CC=CC=CN2CCCCC2)O1 1.0000000 1.0000 0.7219808 0.7220 0.9413947 0.9414 0.7782707 0.7783
02:11:37 <INFO> Score: 0.73 Agent NLL: 13.03 Valid: 100% Step: 30
 | Agent Prior Target Score SMILES SMILES_state Scaffold DASA DASA (raw) Solubility Solubility (raw) xTB_Gap xTB_Gap (raw) WaterSwitch WaterSwitch (raw)
 | 15.9900 64.6511 50.1374 0.8967853 C=C1ON(C=CC=CC(O)=C2C(=O)NC(=O)N2C)CC1=NO 1 C=C1ON(C=CC=CC=C2NC(=O)NC2=O)CC1=N 1.0000000 1.0000 0.6995258 0.6995 0.7858207 0.7858 0.9907740 0.9908
 | 9.9162 48.6615 30.6943 0.6199675 C=C1CCCN1C=CC=CC(O)=C1CCCNC1=O 1 C=C1CCCN1C=CC=CC=C1CCCNC1=O 1.0000000 1.0000 0.5064981 0.5065 0.3457385 0.3457 0.4940618 0.4941
 | 9.9550 46.9305 38.0540 0.6639416 CC1=NC(=O)NC(=O)C1=C(O)C=CC=CN1CCCC1=O 1 O=C1N=CC(=CC=CC=CN2CCCC2=O)C(=O)N1 1.0000000 1.0000 0.6505826 0.6506 0.9242994 0.9243 0.3568878 0.3569
 | 17.3951 69.6775 44.6179 0.8929322 NC1=CC(=C(O)C=CC=CN2CCC(N)C2)C(=O)NCC1=O 1 O=C1C=CC(=CC=CC=CN2CCCC2)C(=O)NC1 1.0000000 1.0000 0.7914106 0.7914 0.7098124 0.7098 0.9247667 0.9248
 | 9.3302 44.4461 -44.4461 0.0000000 O=C1NC(=O)C(=C(O)C=CC=CN2CCNC2=O)O1 1 O=C1NC(=O)C(=CC=CC=CN2CCNC2=O)O1 1.0000000 1.0000 0.7674425 0.7674 0.7440795 0.7441 0.8734508 0.8735
 | 10.7052 48.9780 38.9724 0.6871122 O=C1NCC=NC1=C(O)C=CC=CN1CCC(O)CC1 1 O=C1NCC=NC1=CC=CC=CN1CCCCC1 1.0000000 1.0000 0.7297630 0.7298 0.9953612 0.9954 0.3575520 0.3576
 | 13.6116 51.3989 49.6797 0.7896764 O=C1CCC(=C(O)C=CC=CN2C=CC(O)CO2)C(=O)N1 1 O=C1CCC(=CC=CC=CN2C=CCCO2)C(=O)N1 1.0000000 1.0000 0.7245499 0.7245 0.7826525 0.7827 0.6291458 0.6291
 | 16.9234 58.2581 9.7045 0.5309577 NC1CCCN(C=CC=CC(O)=C2CC(=O)NCCCNC2=O)C1 1 O=C1CC(=CC=CC=CN2CCCCC2)C(=O)NCCCN1 1.0000000 1.0000 0.7047654 0.7048 0.1193994 0.1194 0.3405399 0.3405
 | 11.3203 61.4228 57.1517 0.9263633 O=C1CN(C=CC=CC(O)=C2C(=O)NC(=O)NC23C(=O)NC(=O)NC3=O)CC(O)N1 1 O=C1CN(C=CC=CC=C2C(=O)NC(=O)NC23C(=O)NC(=O)NC3=O)CCN1 1.0000000 1.0000 0.8842496 0.8842 0.9052812 0.9053 0.8793505 0.8794
 | 11.0063 61.5523 48.5982 0.8605511 O=C1CC(O)C(=C(O)C=CC=CN2CCOCC2=CO)C(=O)N1 1 C=C1COCCN1C=CC=CC=C1CCC(=O)NC1=O 1.0000000 1.0000 0.7388702 0.7389 0.9880282 0.9880 0.7592881 0.7593
02:11:50 <INFO> Score: 0.75 Agent NLL: 14.25 Valid: 100% Step: 31
 | Agent Prior Target Score SMILES SMILES_state Scaffold DASA DASA (raw) Solubility Solubility (raw) xTB_Gap xTB_Gap (raw) WaterSwitch WaterSwitch (raw)
 | 18.7244 71.1118 10.1856 0.6351358 CC(O)C1COC(=O)C(=C(O)C=CC=CN2CCN(CCO)C(=O)C2)C(=O)N1 1 O=C1CN(C=CC=CC=C2C(=O)NCCOC2=O)CCN1 1.0000000 1.0000 0.8201379 0.8201 0.7631093 0.7631 0.2775169 0.2775
 | 13.2299 55.7534 57.6167 0.8857037 O=C1CC(=O)C(=C(O)C=CC=CN2CC(CO)CCN2)C(=O)N1 1 O=C1CC(=O)C(=CC=CC=CN2CCCCN2)C(=O)N1 1.0000000 1.0000 0.7968498 0.7968 0.7991209 0.7991 0.8562223 0.8562
 | 11.5665 67.2645 34.6283 0.7960372 O=C1CN(CCO)CN(C=CC=CC(O)=C2C(=O)CNC2=O)O1 1 O=C1CNCN(C=CC=CC=C2C(=O)CNC2=O)O1 1.0000000 1.0000 0.8432505 0.8433 0.7899508 0.7900 0.5748872 0.5749
 | 17.9871 68.4701 48.7452 0.9157444 CC1(C)C(=O)NC(=O)C(=C(O)C=CC=CN2CCNCC2=O)NN1O 1 O=C1CNNC(=CC=CC=CN2CCNCC2=O)C(=O)N1 1.0000000 1.0000 0.7992647 0.7993 0.7956175 0.7956 0.9576484 0.9576
 | 18.6785 53.3848 36.8207 0.7047305 NC1CCN(C=CC=CC(O)=C2C(=O)NC(=O)c3cccc(O)c32)C1=O 1 O=C1NC(=O)c2ccccc2C1=CC=CC=CN1CCCC1=O 1.0000000 1.0000 0.6472321 0.6472 0.2075784 0.2076 0.7670779 0.7671
 | 12.0461 54.5595 64.5983 0.9309197 O=C1CC(O)C(=O)NC(=O)C1=C(O)C=CC=CN1CCNCC1 1 O=C1CCC(=O)C(=CC=CC=CN2CCNCC2)C(=O)N1 1.0000000 1.0000 0.8245636 0.8246 0.9950961 0.9951 0.9093085 0.9093
 | 11.2357 57.1127 56.5070 0.8876536 NC1=NC(=C(O)C=CC=CN2CC(=O)NC(O)C2)C(=O)N1 1 O=C1CN(C=CC=CC=C2N=CNC2=O)CCN1 1.0000000 1.0000 0.8748849 0.8749 0.8817779 0.8818 0.7750843 0.7751
 | 13.3443 63.8938 36.9245 0.7876428 CC1(CO)NC(=O)C(=C(O)C=CC=CN2CC(=O)NC(=O)C2)C(=O)NC1=O 1 O=C1CN(C=CC=CC=C2C(=O)NCC(=O)NC2=O)CC(=O)N1 1.0000000 1.0000 0.8726920 0.8727 0.7950293 0.7950 0.5392896 0.5393
 | 16.4942 47.9849 73.0612 0.9456731 O=C1NC(=O)C(=C(O)C=CC=CN2CC(O)C(O)C2)C(=O)N1 1 O=C1NC(=O)C(=CC=CC=CN2CCCC2)C(=O)N1 1.0000000 1.0000 0.8560882 0.8561 0.8838434 0.8838 0.9746449 0.9746
 | 9.0575 49.7822 46.0229 0.7484773 CC(O)C1NC(=O)C(=C(O)C=CC=CN2CCOCC2)C1=O 1 O=C1CNC(=O)C1=CC=CC=CN1CCOCC1 1.0000000 1.0000 0.7814188 0.7814 0.9972063 0.9972 0.4530494 0.4530
02:12:05 <INFO> Score: 0.71 Agent NLL: 14.45 Valid: 100% Step: 32
 | Agent Prior Target Score SMILES SMILES_state Scaffold DASA DASA (raw) Solubility Solubility (raw) xTB_Gap xTB_Gap (raw) WaterSwitch WaterSwitch (raw)
 | 17.1054 55.8866 56.1251 0.8750910 NC1COC(=O)C(=C(O)C=CC=CN2CCCCC2)C(=O)NC1=O 1 O=C1CCOC(=O)C(=CC=CC=CN2CCCCC2)C(=O)N1 1.0000000 1.0000 0.7399754 0.7400 0.9700115 0.9700 0.8081192 0.8081
 | 15.8235 57.9984 47.8466 0.8269143 CC(=O)NC1C(=O)C1=C(O)C=CC=CN1CCCN(C)C1 1 O=C1CC1=CC=CC=CN1CCCNC1 1.0000000 1.0000 0.7215316 0.7215 0.8446493 0.8446 0.7165295 0.7165
 | 12.7157 48.5096 37.5305 0.6721881 CC1(O)OC(=C(O)C=CC=CN2CCOCC2)C(=O)C1=O 1 O=C1COC(=CC=CC=CN2CCOCC2)C1=O 1.0000000 1.0000 0.7545953 0.7546 0.0963688 0.0964 0.7771768 0.7772
 | 22.0479 36.1269 -36.1265 0.0000033 CC(O)=C1C(=O)OC(C=C2CCCCC2)C1=O 1 C=C1C(=O)OC(C=C2CCCCC2)C1=O 0.0000000 0.0000 0.5384191 0.5384 0.1632883 0.1633 0.0000000 0.0000
 | 9.5136 56.2865 60.4365 0.9118979 CN1C(=O)NC(=O)C(=C(O)C=CC=CN2CC(=O)NC(=O)C2)C1O 1 O=C1CN(C=CC=CC=C2CNC(=O)NC2=O)CC(=O)N1 1.0000000 1.0000 0.8400850 0.8401 0.8131350 0.8131 0.9021216 0.9021
 | 18.2258 70.2963 25.6246 0.7493823 NC1CCN(C=CC=CC(O)=c2[nH]c(=CC=CN(CCO)CCO)[nH]c2=O)C1=O 1 C=c1[nH]c(=O)c(=CC=CC=CN2CCCC2=O)[nH]1 1.0000000 1.0000 0.8647791 0.8648 0.3589373 0.3589 0.6184623 0.6185
 | 17.4171 66.1894 34.4203 0.7860132 C=C1NC(=O)C(=C(O)C=CC=CN2CCOC(CN)C2)C(N)NC1=O 1 C=C1NC(=O)C(=CC=CC=CN2CCOCC2)CNC1=O 1.0000000 1.0000 0.8253142 0.8253 0.8658236 0.8658 0.5408480 0.5408
 | 19.5611 52.5566 40.4419 0.7265506 O=CC1=CCCN1C=CC=CC(O)=C1C(=O)NC(=O)C1=O 1 O=C1NC(=O)C(=CC=CC=CN2C=CCC2)C1=O 1.0000000 1.0000 0.7772050 0.7772 0.9346069 0.9346 0.4215845 0.4216
 | 29.3011 68.4707 -14.4373 0.4221358 C=CC1COCCN1C=CC=CC(O)=C1OC(CO)(C(O)CO)C(=S)NC1=O 1 O=C1NC(=S)COC1=CC=CC=CN1CCOCC1 1.0000000 1.0000 0.7622228 0.7622 0.0024119 0.0024 0.6396675 0.6397
 | 16.8035 58.2189 37.5682 0.7483370 O=C1NOCCCOC(=O)C1=C(O)C=CC=CN1CC=CC1=O 1 O=C1NOCCCOC(=O)C1=CC=CC=CN1CC=CC1=O 1.0000000 1.0000 0.7194649 0.7195 0.5595005 0.5595 0.5982680 0.5983
02:12:18 <INFO> Score: 0.81 Agent NLL: 14.09 Valid: 100% Step: 33
 | Agent Prior Target Score SMILES SMILES_state Scaffold DASA DASA (raw) Solubility Solubility (raw) xTB_Gap xTB_Gap (raw) WaterSwitch WaterSwitch (raw)
 | 13.1217 52.8533 44.1952 0.7581917 CC(=O)NC1=NC(=C(O)C=CC=CN2CCC(O)CC2)C(=O)N1 1 O=C1NC=NC1=CC=CC=CN1CCCCC1 1.0000000 1.0000 0.7482128 0.7482 0.9949589 0.9950 0.4892810 0.4893
 | 7.1436 41.7420 69.4471 0.8686651 CCN1C(=O)NC(=O)C1=C(O)C=CC=CN1CCOCC1 1 O=C1NC(=O)C(=CC=CC=CN2CCOCC2)N1 1.0000000 1.0000 0.7037407 0.7037 0.8927902 0.8928 0.8443767 0.8444
 | 12.4690 59.5724 35.4846 0.7426329 CN1CC(=O)C(=C(O)C=CC=CN2CCC(=O)NO2)C1=O 1 O=C1CCN(C=CC=CC=C2C(=O)CNC2=O)ON1 1.0000000 1.0000 0.7889744 0.7890 0.6360298 0.6360 0.5185154 0.5185
 | 19.7749 71.0329 41.2450 0.8771711 CN1C(=O)C(=C(O)C=CC=CN2CC=CCC2N)OC(=O)C1NC=O 1 O=C1CNC(=O)C(=CC=CC=CN2CC=CCC2)O1 1.0000000 1.0000 0.7763374 0.7763 0.9801591 0.9802 0.7827724 0.7828
 | 9.5897 53.9626 45.4744 0.7768520 C=C1NCCN1C=CC=CC(O)=C1C(=O)CCNC1=O 1 C=C1NCCN1C=CC=CC=C1C(=O)CCNC1=O 1.0000000 1.0000 0.7437713 0.7438 0.8017138 0.8017 0.5785022 0.5785
 | 7.3468 45.9011 68.2842 0.8920727 O=C1CC(=O)C(=C(O)C=CC=CN2CCN(CCO)CC2)C(=O)N1 1 O=C1CC(=O)C(=CC=CC=CN2CCNCC2)C(=O)N1 1.0000000 1.0000 0.8081180 0.8081 0.8666847 0.8667 0.8419704 0.8420
 | 11.2825 60.6073 56.8086 0.9173120 C=c1[nH]c(=O)c(=C(O)C=CC=CN2CC(=O)NC(CO)C2)n1C 1 C=c1[nH]c(=O)c(=CC=CC=CN2CCNC(=O)C2)[nH]1 1.0000000 1.0000 0.8730976 0.8731 0.9845838 0.9846 0.8322010 0.8322
 | 12.8622 54.5612 55.5329 0.8601098 O=C1NNNC1=C(O)C=CC=CN1C=CC=CC1 1 O=C1NNNC1=CC=CC=CN1C=CC=CC1 1.0000000 1.0000 0.7610774 0.7611 0.9399220 0.9399 0.7553328 0.7553
 | 14.4055 51.5019 50.6220 0.7978432 CN1CCCN(C=CC=CC(O)=C2C(=O)CCC2O)CC1 1 O=C1CCCC1=CC=CC=CN1CCCNCC1 1.0000000 1.0000 0.6452087 0.6452 0.6323930 0.6324 0.7697088 0.7697
 | 15.5481 57.4242 32.8564 0.7053176 O=C1NC(Br)C(=O)C1=C(O)C=CC=CN1CCNC1=CBr 1 C=C1NCCN1C=CC=CC=C1C(=O)CNC1=O 1.0000000 1.0000 0.5333756 0.5334 0.8528592 0.8529 0.5235336 0.5235
02:12:32 <INFO> Score: 0.80 Agent NLL: 14.15 Valid: 100% Step: 34
 | Agent Prior Target Score SMILES SMILES_state Scaffold DASA DASA (raw) Solubility Solubility (raw) xTB_Gap xTB_Gap (raw) WaterSwitch WaterSwitch (raw)
 | 12.4917 56.2843 59.5792 0.9051837 CC(O)C1NC(=O)C(=C(O)C=CC=CN2CCCNC2)C1=O 1 O=C1CNC(=O)C1=CC=CC=CN1CCCNC1 1.0000000 1.0000 0.7874867 0.7875 0.8123790 0.8124 0.9239415 0.9239
 | 11.5188 52.1972 57.0020 0.8531188 NCC1CCCN1C=CC=CC(O)=C1CCC(=O)NC1=O 1 O=C1CCC(=CC=CC=CN2CCCC2)C(=O)N1 1.0000000 1.0000 0.7052642 0.7053 0.9250849 0.9251 0.7826637 0.7827
 | 10.5573 53.3067 64.8589 0.9231684 CN1NNC(=C(O)C=CC=CN2CCC(=O)N2)C1=O 1 O=C1CCN(C=CC=CC=C2NNNC2=O)N1 1.0000000 1.0000 0.8373890 0.8374 0.9619543 0.9620 0.8850030 0.8850
 | 19.5402 56.5796 42.0715 0.7707113 C=CC1CCC(=O)N1C=CC=CC(O)=C1C=CC(=O)NC1=O 1 O=C1C=CC(=CC=CC=CN2CCCC2=O)C(=O)N1 1.0000000 1.0000 0.6439478 0.6439 0.4526182 0.4526 0.7775387 0.7775
 | 14.9604 63.4529 36.4199 0.7802564 CCN1CN(C=CC=CC(O)=C2C(=O)CNC2=O)C(=O)N(C)C1=O 1 O=C1NCN(C=CC=CC=C2C(=O)CNC2=O)C(=O)N1 1.0000000 1.0000 0.7109007 0.7109 0.6984151 0.6984 0.6395902 0.6396
 | 17.2774 64.6099 53.6078 0.9235757 NN1C(=O)NC(=O)C(=C(O)C=CC=CN2CCC(=O)NC(=O)C2)C1=O 1 O=C1CCN(C=CC=CC=C2C(=O)NC(=O)NC2=O)CC(=O)N1 1.0000000 1.0000 0.8418378 0.8418 0.9672574 0.9673 0.8809880 0.8810
 | 12.8818 55.6789 21.9924 0.6068070 CC1CN(C=CC=CC(O)=C2C(=O)NC(=O)CC2O)C(=O)C(=O)N1 1 O=C1CCC(=CC=CC=CN2CCNC(=O)C2=O)C(=O)N1 1.0000000 1.0000 0.8243007 0.8243 0.1467307 0.1467 0.4398312 0.4398
 | 14.3672 61.3152 51.5654 0.8818799 CC(=O)OC1CC(O)C(=C(O)C=CC=CN2CC(=O)NC(=O)C2)C(=O)N1 1 O=C1CN(C=CC=CC=C2CCCNC2=O)CC(=O)N1 1.0000000 1.0000 0.8151272 0.8151 0.9814997 0.9815 0.7680315 0.7680
 | 10.4288 52.7432 51.8797 0.8173664 NC1CCN(C=CC=CC(O)=C2C(=O)NC(=O)CC2O)CC1 1 O=C1CCC(=CC=CC=CN2CCCCC2)C(=O)N1 1.0000000 1.0000 0.7718799 0.7719 0.8192127 0.8192 0.6625529 0.6626
 | 13.8851 57.9791 37.6897 0.7474132 O=C1NCCCNC(=O)C1=C(O)C=CC=CN1CCCNC1 1 O=C1NCCCNC(=O)C1=CC=CC=CN1CCCNC1 1.0000000 1.0000 0.7682891 0.7683 0.1566491 0.1566 0.9141681 0.9142
02:12:47 <INFO> Score: 0.80 Agent NLL: 14.51 Valid: 100% Step: 35
 | Agent Prior Target Score SMILES SMILES_state Scaffold DASA DASA (raw) Solubility Solubility (raw) xTB_Gap xTB_Gap (raw) WaterSwitch WaterSwitch (raw)
 | 13.9508 52.1906 46.1163 0.7680224 O=C1NCC=CC1=C(O)C=CC=CN1CC=CCC1=O 1 O=C1NCC=CC1=CC=CC=CN1CC=CCC1=O 1.0000000 1.0000 0.6465122 0.6465 0.3230327 0.3230 0.8694345 0.8694
 | 8.9061 54.5853 39.9957 0.7389146 O=C1CN(C=CC=CC(O)=C2C(=O)NCCC2O)CC(=O)N1 1 O=C1CN(C=CC=CC=C2CCCNC2=O)CC(=O)N1 1.0000000 1.0000 0.8343743 0.8344 0.9165967 0.9166 0.4262536 0.4263
 | 15.1484 64.4283 52.8550 0.9162754 O=C1CN(C=CC=CC(O)=C2NCC(Br)NC2=O)CC(CO)N1 1 O=C1CN(C=CC=CC=C2NCCNC2=O)CCN1 1.0000000 1.0000 0.7726025 0.7726 0.9642785 0.9643 0.9157876 0.9158
 | 18.0734 55.2554 38.5385 0.7327647 C=C1CN(C=CC=CC(O)=C2CC(=O)NC2=O)C(=O)C1N 1 C=C1CC(=O)N(C=CC=CC=C2CC(=O)NC2=O)C1 1.0000000 1.0000 0.7871057 0.7871 0.1190050 0.1190 0.9308798 0.9309
 | 9.7681 50.2731 52.8815 0.8058953 CC1CCN(C=CC=CC(O)=C2C(=O)CC(=O)NC2=O)C1 1 O=C1CC(=O)C(=CC=CC=CN2CCCC2)C(=O)N1 1.0000000 1.0000 0.6891571 0.6892 0.9918656 0.9919 0.6401503 0.6402
 | 13.1756 51.3163 50.7302 0.7972381 O=C1CC(=C(O)C=CC=CN2CC(O)C(O)C(O)C2)C(=O)N1 1 O=C1CC(=CC=CC=CN2CCCCC2)C(=O)N1 1.0000000 1.0000 0.8535554 0.8536 0.7659692 0.7660 0.5792375 0.5792
 | 12.5050 48.1118 47.6365 0.7480336 O=C1NNC(CO)C1=C(O)C=CC=CN1CCCCC1 1 O=C1NNCC1=CC=CC=CN1CCCCC1 1.0000000 1.0000 0.7467896 0.7468 0.5623090 0.5623 0.5798884 0.5799
 | 11.6036 61.3177 42.1137 0.8080577 CN1C(=O)C(=C(O)C=CC=CN2CC(=O)NC(O)C2)C(=O)C1O 1 O=C1CN(C=CC=CC=C2C(=O)CNC2=O)CCN1 1.0000000 1.0000 0.8637206 0.8637 0.9666324 0.9666 0.5506366 0.5506
 | 18.8549 58.8675 48.4396 0.8383365 CC1ONC(=C(O)C=CC=CN2CCNC2)C1=O 1 O=C1CONC1=CC=CC=CN1CCNC1 1.0000000 1.0000 0.7712586 0.7713 0.6761872 0.6762 0.7760003 0.7760
 | 15.9836 59.1096 50.9884 0.8601408 O=C1NC(=O)N(C2CCNCC2)C(O)C1=C(O)C=CC=CN1CCNCC1 1 O=C1NC(=O)N(C2CCNCC2)CC1=CC=CC=CN1CCNCC1 1.0000000 1.0000 0.7553127 0.7553 0.7890068 0.7890 0.8112820 0.8113
02:12:59 <INFO> Score: 0.72 Agent NLL: 13.18 Valid: 100% Step: 36
 | Agent Prior Target Score SMILES SMILES_state Scaffold DASA DASA (raw) Solubility Solubility (raw) xTB_Gap xTB_Gap (raw) WaterSwitch WaterSwitch (raw)
 | 5.6523 56.1758 63.2941 0.9333588 O=C1CC(=O)C(=C(O)C=CC=CN2CC(=O)NC(O)C2)C(=O)N1 1 O=C1CN(C=CC=CC=C2C(=O)CC(=O)NC2=O)CCN1 1.0000000 1.0000 0.8522600 0.8523 0.9938045 0.9938 0.8953589 0.8954
 | 18.9612 58.3887 52.5738 0.8668947 O=C1NC=c2cccc(O)c2=C(O)C1=C(O)C=CC=CN1CCCC(O)C1 1 O=C1NC=c2ccccc2=CC1=CC=CC=CN1CCCCC1 1.0000000 1.0000 0.6638630 0.6639 0.9572293 0.9572 0.8534864 0.8535
 | 10.3465 48.6466 34.6548 0.6507915 CN1CC(=C(O)C=CC=CN2CC2)C(=O)NC1=O 1 O=C1NCC(=CC=CC=CN2CC2)C(=O)N1 1.0000000 1.0000 0.7579544 0.7580 0.0682815 0.0683 0.7902607 0.7903
 | 5.6523 56.1758 -56.1758 0.0000000 O=C1CC(=O)C(=C(O)C=CC=CN2CC(=O)NC(O)C2)C(=O)N1 2 O=C1CN(C=CC=CC=C2C(=O)CC(=O)NC2=O)CCN1 0.0000000 1.0000 0.0000000 0.8523 0.0000000 0.9938 0.0000000 0.8954
 | 9.9502 48.2848 53.1838 0.7927233 CN1CN(C)C(=C(O)C=CC=CN2CC2)C1=O 1 O=C1NCNC1=CC=CC=CN1CC1 1.0000000 1.0000 0.7554543 0.7555 0.4080910 0.4081 0.7885796 0.7886
 | 25.6011 77.8709 3.6762 0.6370869 O=C(NC1C=NC(=C(O)C=CC=CN2OCCCC2=O)C(=O)N1)C1=CCCNC1 1 O=C(NC1C=NC(=CC=CC=CN2OCCCC2=O)C(=O)N1)C1=CCCNC1 1.0000000 1.0000 0.7038401 0.7038 0.9059250 0.9059 0.2948868 0.2949
 | 11.3253 50.3858 55.6602 0.8284844 CC1NC(=O)C(=C(O)C=CC=CN2CCNCC2)OC1=O 1 O=C1CNC(=O)C(=CC=CC=CN2CCNCC2)O1 1.0000000 1.0000 0.7739419 0.7739 0.7884465 0.7884 0.7020836 0.7021
 | 10.8685 47.9685 42.9371 0.7102000 CC1=CCCN1C=CC=CC(O)=C1CCCNC1=O 1 O=C1NCCCC1=CC=CC=CN1C=CCC1 1.0000000 1.0000 0.5064981 0.5065 0.6449906 0.6450 0.6185772 0.6186
 | 10.6243 53.3790 61.8942 0.9005716 O=C1CNC(=O)C1=C(O)C=CC=CN1CCCC1CO 1 O=C1CNC(=O)C1=CC=CC=CN1CCCC1 1.0000000 1.0000 0.7729720 0.7730 0.9284843 0.9285 0.8759127 0.8759
 | 10.1395 43.4330 74.5233 0.9215342 O=C1NONC1=C(O)C=CC=CN1CCNCC1 1 O=C1NONC1=CC=CC=CN1CCNCC1 1.0000000 1.0000 0.8297365 0.8297 0.8129699 0.8130 0.9435025 0.9435
02:13:13 <INFO> Score: 0.66 Agent NLL: 13.35 Valid: 100% Step: 37
 | Agent Prior Target Score SMILES SMILES_state Scaffold DASA DASA (raw) Solubility Solubility (raw) xTB_Gap xTB_Gap (raw) WaterSwitch WaterSwitch (raw)
 | 13.3150 61.8311 45.5628 0.8390146 O=C1CN(C=CC=CC(O)=C2C(=O)NC(=S)C(O)C2=O)CC(=O)N1 1 O=C1CN(C=CC=CC=C2C(=O)CC(=S)NC2=O)CC(=O)N1 1.0000000 1.0000 0.8384240 0.8384 0.5037839 0.5038 0.8161740 0.8162
 | 11.0550 49.0222 56.6248 0.8253676 C=C1NC(=O)C(=C(O)C=CC=CN2CCN(C)CC2)C1=O 1 C=C1NC(=O)C(=CC=CC=CN2CCNCC2)C1=O 1.0000000 1.0000 0.7349213 0.7349 0.9997918 0.9998 0.6592321 0.6592
 | 13.9998 58.7207 36.2430 0.7419037 Cn1c(=CCO)[nH]c(=O)c1=C(O)C=CC=CN1C=CCC1 1 C=c1[nH]c(=O)c(=CC=CC=CN2C=CCC2)[nH]1 1.0000000 1.0000 0.7898343 0.7898 0.9988138 0.9988 0.4359777 0.4360
 | 14.1118 42.0193 30.7146 0.5682331 CN1C(=O)C(=C(O)C=CC=CN2CCOCC2)OC1c1ccccc1 1 O=C1NC(c2ccccc2)OC1=CC=CC=CN1CCOCC1 1.0000000 1.0000 0.4473963 0.4474 0.6096995 0.6097 0.3266551 0.3267
 | 17.3039 55.9524 43.2698 0.7751737 CC1=CC(=C(O)C=C(O)C=CN2CCNC(=O)C2)C(=O)N(C)C(=O)N1O 1 O=C1CN(C=CC=CC=C2C=CNC(=O)NC2=O)CCN1 1.0000000 1.0000 0.6783152 0.6783 0.3832266 0.3832 0.8116190 0.8116
 | 8.9197 47.6264 -47.6264 0.0000000 O=C1CCC(=C(O)C=CC=CN2CCC(=O)N2)C(=O)N1 1 O=C1CCC(=CC=CC=CN2CCC(=O)N2)C(=O)N1 1.0000000 1.0000 0.7656086 0.7656 0.7526794 0.7527 0.7623508 0.7624
 | 8.1353 46.5804 44.6441 0.7126908 O=C1CCNC(=O)C1=C(O)C=CC=CN1CCNCC1 1 O=C1CCNC(=O)C1=CC=CC=CN1CCNCC1 1.0000000 1.0000 0.7788102 0.7788 0.9988645 0.9989 0.3847271 0.3847
 | 8.0921 57.3557 53.6061 0.8668890 O=C1C=CC(=C(O)C=CC=CN2CC(=O)NC(O)C2)C(=O)N1 1 O=C1C=CC(=CC=CC=CN2CCNC(=O)C2)C(=O)N1 1.0000000 1.0000 0.8285225 0.8285 0.9975032 0.9975 0.7117144 0.7117
 | 5.7221 56.1758 -56.1758 0.0000000 O=C1CC(=O)C(=C(O)C=CC=CN2CC(=O)NC(O)C2)C(=O)N1 1 O=C1CN(C=CC=CC=C2C(=O)CC(=O)NC2=O)CCN1 1.0000000 1.0000 0.8522600 0.8523 0.9938045 0.9938 0.8953589 0.8954
 | 9.5865 49.4911 35.8034 0.6663638 O=C1NCC(=C(O)C=CC=CN2CC=CCC2)C(=O)N1 1 O=C1NCC(=CC=CC=CN2CC=CCC2)C(=O)N1 1.0000000 1.0000 0.6852613 0.6853 0.2014033 0.2014 0.6153310 0.6153
02:13:24 <INFO> Score: 0.65 Agent NLL: 11.98 Valid: 100% Step: 38
 | Agent Prior Target Score SMILES SMILES_state Scaffold DASA DASA (raw) Solubility Solubility (raw) xTB_Gap xTB_Gap (raw) WaterSwitch WaterSwitch (raw)
 | 7.4905 40.9205 -40.9205 0.0000000 O=C1CCC(=C(O)C=CC=CN2CCOCC2)C(=O)N1 1 O=C1CCC(=CC=CC=CN2CCOCC2)C(=O)N1 1.0000000 1.0000 0.7153616 0.7154 0.4325311 0.4325 0.8350998 0.8351
 | 6.9345 46.8753 -46.8753 0.0000000 O=C1CC(=O)C(=C(O)C=CC=CN2CC=CCC2)C(=O)N1 1 O=C1CC(=O)C(=CC=CC=CN2CC=CCC2)C(=O)N1 1.0000000 1.0000 0.6983026 0.6983 0.4310421 0.4310 0.6893246 0.6893
 | 9.0071 49.0452 -49.0452 0.0000000 O=C1NC(=O)C(=C(O)C=CC=CN2CCNCC2)C(O)N1 1 O=C1NCC(=CC=CC=CN2CCNCC2)C(=O)N1 1.0000000 1.0000 0.8286451 0.8286 0.6430896 0.6431 0.8986315 0.8986
 | 13.3961 63.4274 33.1929 0.7548456 C=c1cnc(=C(O)C=CC=CN2CCC=C(C)N2)c(=O)[nH]1 1 C=c1cnc(=CC=CC=CN2CCC=CN2)c(=O)[nH]1 1.0000000 1.0000 0.7383130 0.7383 0.3607729 0.3608 0.7122427 0.7122
 | 13.4893 59.1156 54.2992 0.8860532 O=C1NC(=CN(CCO)CCO)C(=O)C1=C(O)C=CC=CN1CCNC1=O 1 C=C1NC(=O)C(=CC=CC=CN2CCNC2=O)C1=O 1.0000000 1.0000 0.8241949 0.8242 0.6874511 0.6875 0.8844815 0.8845
 | 13.7566 51.1900 55.3131 0.8320561 C=C1CC(=C(O)C=CC=CN2CCNC2=O)C1=O 1 C=C1CC(=CC=CC=CN2CCNC2=O)C1=O 1.0000000 1.0000 0.6552700 0.6553 0.5653804 0.5654 0.9142649 0.9143
 | 12.5879 54.4032 63.4012 0.9203469 O=C1CCNC(=O)C(=C(O)C=CC=CN2CCC2)C(=O)N1 1 O=C1CCNC(=O)C(=CC=CC=CN2CCC2)C(=O)N1 1.0000000 1.0000 0.7791744 0.7792 0.9389295 0.9389 0.9329816 0.9330
 | 7.1789 46.3319 64.2447 0.8638798 CN1C(=O)NC(=O)C1=C(O)C=CC=CN1CCC1 1 O=C1NC(=O)C(=CC=CC=CN2CCC2)N1 1.0000000 1.0000 0.7279090 0.7279 0.9434865 0.9435 0.7914916 0.7915
 | 12.5772 51.8156 49.9201 0.7948102 O=C1NC(=O)c2ccccc2C1=C(O)C=CC=CN1CC(O)CCN1 1 O=C1NC(=O)c2ccccc2C1=CC=CC=CN1CCCCN1 1.0000000 1.0000 0.6269071 0.6269 0.5516801 0.5517 0.8172483 0.8172
 | 13.3105 51.3789 56.7372 0.8446576 O=C1NC2(CCCC2)NC1=C(O)C=CC=CN1CC(O)C1 1 O=C1NC2(CCCC2)NC1=CC=CC=CN1CCC1 1.0000000 1.0000 0.7194853 0.7195 0.7224806 0.7225 0.8179392 0.8179
02:13:39 <INFO> Score: 0.74 Agent NLL: 15.33 Valid: 100% Step: 39
 | Agent Prior Target Score SMILES SMILES_state Scaffold DASA DASA (raw) Solubility Solubility (raw) xTB_Gap xTB_Gap (raw) WaterSwitch WaterSwitch (raw)
 | 14.0835 57.2298 31.8949 0.6962868 O=C1NNCC(O)NC1=C(O)C=CC=CN1CCOCC1 1 O=C1NNCCNC1=CC=CC=CN1CCOCC1 1.0000000 1.0000 0.8403752 0.8404 0.5011836 0.5012 0.4350671 0.4351
 | 10.5956 49.5589 -49.5589 0.0000000 CN1CCN(C=CC=CC(O)=C2OC(=O)NC2=O)C1 1 O=C1NC(=O)C(=CC=CC=CN2CCNC2)O1 1.0000000 1.0000 0.7532899 0.7533 0.9881942 0.9882 0.8743998 0.8744
 | 20.7406 68.3470 23.7243 0.7193067 CC(O)C(O)N1C(=O)NC(=O)C(=C(O)C=CC=CN2CCCCO2)C1O 1 O=C1NCC(=CC=CC=CN2CCCCO2)C(=O)N1 1.0000000 1.0000 0.7625721 0.7626 0.5920420 0.5920 0.4906166 0.4906
 | 12.5201 65.0135 49.8547 0.8974076 O=C1CN(C=CC=CC(O)=C2C(=O)NC(=O)C2C(O)CO)CC(=O)N1 1 O=C1CN(C=CC=CC=C2CC(=O)NC2=O)CC(=O)N1 1.0000000 1.0000 0.8839204 0.8839 0.8551689 0.8552 0.8072557 0.8073
 | 11.8297 50.9276 63.7368 0.8958158 CC1CCN(C=CC=CC(O)=C2NNC(=O)NC2=O)CC1 1 O=C1NNC(=CC=CC=CN2CCCCC2)C(=O)N1 1.0000000 1.0000 0.6801754 0.6802 0.9854318 0.9854 0.9261100 0.9261
 | 15.3515 54.9115 49.0691 0.8123478 O=C1NC(=O)C(=C(O)C=CC=CN2CCC(O)C2)C2(CCCCO2)N1 1 O=C1NC(=O)C(=CC=CC=CN2CCCC2)C2(CCCCO2)N1 1.0000000 1.0000 0.6616223 0.6616 0.6850920 0.6851 0.7789613 0.7790
 | 11.1031 48.0057 48.4461 0.7535298 C=c1[nH]c(=C(O)C=CC=CN2CCCCC2)c(=O)n1C 1 C=c1[nH]c(=O)c(=CC=CC=CN2CCCCC2)[nH]1 1.0000000 1.0000 0.7227173 0.7227 0.9920123 0.9920 0.4923724 0.4924
 | 30.7594 67.4705 49.4548 0.9134787 CCNC=CC=CC(O)=C1C(=O)NC(=O)C(N)C1(OC)C(O)O 1 C=C1CCC(=O)NC1=O 1.0000000 1.0000 0.8678239 0.8678 0.8742630 0.8743 0.8618221 0.8618
 | 18.4172 68.5082 42.4773 0.8670741 NCCC(O)C(=O)NC1COC(=C(O)C=CC=CN2CCOCC2)C(=O)NC1=O 1 O=C1CCOC(=CC=CC=CN2CCOCC2)C(=O)N1 1.0000000 1.0000 0.8399911 0.8400 0.9990555 0.9991 0.7045107 0.7045
 | 17.2721 67.9745 37.9043 0.8271786 COC1(O)C(=O)C(=O)NC(=O)C1=C(O)C=CC=CN1CC(=O)NC(O)C1 1 O=C1CN(C=CC=CC=C2CC(=O)C(=O)NC2=O)CCN1 1.0000000 1.0000 0.8845008 0.8845 0.2449300 0.2449 0.9794519 0.9795
02:13:52 <INFO> Score: 0.71 Agent NLL: 13.24 Valid: 100% Step: 40
 | Agent Prior Target Score SMILES SMILES_state Scaffold DASA DASA (raw) Solubility Solubility (raw) xTB_Gap xTB_Gap (raw) WaterSwitch WaterSwitch (raw)
 | 10.1979 49.0085 21.2892 0.5492007 CN1C=COC(=C(O)C=CC=CN2CC=CCC2)C1=O 1 O=C1NC=COC1=CC=CC=CN1CC=CCC1 1.0000000 1.0000 0.5511099 0.5511 0.9703451 0.9703 0.2092023 0.2092
 | 7.9969 55.1943 -55.1943 0.0000000 C=C1NCCN1C=CC=CC(O)=C1C(=O)CNC1=O 1 C=C1NCCN1C=CC=CC=C1C(=O)CNC1=O 1.0000000 1.0000 0.7827565 0.7828 0.6887577 0.6888 0.7434583 0.7435
 | 7.7470 46.8162 58.3529 0.8216340 O=C1CC(O)C(=C(O)C=CC=CN2CCCC2)C(=O)N1 1 O=C1CCC(=CC=CC=CN2CCCC2)C(=O)N1 1.0000000 1.0000 0.7386423 0.7386 0.8497604 0.8498 0.6874288 0.6874
 | 7.4967 43.5980 -43.5980 0.0000000 O=C1CC(=O)C(=C(O)C=CC=CN2CCCCC2)C(=O)N1 1 O=C1CC(=O)C(=CC=CC=CN2CCCCC2)C(=O)N1 1.0000000 1.0000 0.6746712 0.6747 0.7212892 0.7213 0.8132213 0.8132
 | 9.0647 56.2036 60.9323 0.9151242 CC1NC(=O)CN(C=CC=CC(O)=C2C(=O)CC(=O)NC2=O)O1 1 O=C1CN(C=CC=CC=C2C(=O)CC(=O)NC2=O)OCN1 1.0000000 1.0000 0.7976508 0.7977 0.9421834 0.9422 0.8981206 0.8981
 | 23.7573 60.2255 4.7578 0.5076814 CC1=CN(C=CC=CC(O)=C2C(=O)NC(=O)C(C)C2(C)O)C=CN1C 1 O=C1CCC(=CC=CC=CN2C=CNC=C2)C(=O)N1 1.0000000 1.0000 0.5756946 0.5757 0.1777232 0.1777 0.2934758 0.2935
 | 15.9806 56.6194 62.9265 0.9339528 O=C1NNC(=O)C(=C(O)C=CC=CN2CC(O)CO2)C(=O)N1 1 O=C1NNC(=O)C(=CC=CC=CN2CCCO2)C(=O)N1 1.0000000 1.0000 0.8518783 0.8519 0.9640767 0.9641 0.9078656 0.9079
 | 6.7649 47.2790 63.4373 0.8649710 CN1C(=O)NC(=O)C1=C(O)C=CC=CN1CCCO1 1 O=C1NC(=O)C(=CC=CC=CN2CCCO2)N1 1.0000000 1.0000 0.7234949 0.7235 0.8225322 0.8225 0.8406619 0.8407
 | 13.8395 55.1580 33.5050 0.6926797 O=C1NCCC=CC1=C(O)C=CC=CN1CCCNC1 1 O=C1NCCC=CC1=CC=CC=CN1CCCNC1 1.0000000 1.0000 0.6609610 0.6610 0.2697923 0.2698 0.6456976 0.6457
 | 12.1731 49.6963 52.6004 0.7991925 O=C1CCCNC(=O)C1=C(O)C=CC=CN1CC=CCC1 1 O=C1CCCNC(=O)C1=CC=CC=CN1CC=CCC1 1.0000000 1.0000 0.6023278 0.6023 0.9683821 0.9684 0.6947144 0.6947
02:13:53 <INFO> Sampled SMILES N1C(=O)NC(=O)C(=C(O)C=CC=CN2CC=OOC2)C1N failed to sanitize.
02:14:06 <INFO> Score: 0.65 Agent NLL: 13.55 Valid:  98% Step: 41
 | Agent Prior Target Score SMILES SMILES_state Scaffold DASA DASA (raw) Solubility Solubility (raw) xTB_Gap xTB_Gap (raw) WaterSwitch WaterSwitch (raw)
 | 6.9406 50.7269 -50.7269 0.0000000 O=C1CNC(=O)C1=C(O)C=CC=CN1CCC(O)CC1 1 O=C1CNC(=O)C1=CC=CC=CN1CCCCC1 1.0000000 1.0000 0.7663130 0.7663 0.8605759 0.8606 0.9475716 0.9476
 | 14.6931 54.7898 57.9122 0.8804841 O=C1NCC(O)C(O)C1=C(O)C=CC=CN1CC=CS1 1 O=C1NCCCC1=CC=CC=CN1CC=CS1 1.0000000 1.0000 0.7410294 0.7410 0.6954100 0.6954 0.9337234 0.9337
 | 8.0408 51.0131 -51.0131 0.0000000 NC1CCN(C=CC=CC(O)=C2C(=O)CC(=O)NC2=O)C1 1 O=C1CC(=O)C(=CC=CC=CN2CCCC2)C(=O)N1 1.0000000 1.0000 0.7942507 0.7943 0.9550441 0.9550 0.8900175 0.8900
 | 8.5003 47.8854 -47.8854 0.0000000 O=C1CC(=O)C(=C(O)C=CC=CN2CC=CCC2)C(=O)N1 1 O=C1CC(=O)C(=CC=CC=CN2CC=CCC2)C(=O)N1 1.0000000 1.0000 0.6983026 0.6983 0.4310421 0.4310 0.6893246 0.6893
 | 10.5267 44.4575 33.5712 0.6095988 CN1CCCC(=C(O)C=CC=CN2CCNCC2)C1=O 1 O=C1NCCCC1=CC=CC=CN1CCNCC1 1.0000000 1.0000 0.6780160 0.6780 0.2213241 0.2213 0.4433105 0.4433
 | 26.5456 73.9050 33.7429 0.8409993 CSC1C(=O)N(C=CC=CC(O)=C2C(=O)NNN2C)CC(=O)N1CCCN 1 O=C1CN(C=CC=CC=C2NNNC2=O)C(=O)CN1 1.0000000 1.0000 0.7896030 0.7896 0.7873589 0.7874 0.7278870 0.7279
 | 29.1805 59.6372 35.3875 0.7423804 O=C(O)C=C1CC(=C(O)C=CC=CN(O)S(=O)(=O)O)C(=O)NC1=O 1 C=C1CC(=C)C(=O)NC1=O 1.0000000 1.0000 0.7715973 0.7716 0.2503790 0.2504 0.7470459 0.7470
 | 17.6867 58.9361 -58.9361 0.0000000 N1C(=O)NC(=O)C(=C(O)C=CC=CN2CC=OOC2)C1N 0 -- 0.0000000 0.0000 0.0000000 0.0000 0.0000000 0.0000 0.0000000 0.0000
 | 10.7973 43.7752 70.4294 0.8922231 O=C1CC(=C(O)C=CC=CN(CCO)CCO)C(=O)N1 1 C=C1CC(=O)NC1=O 1.0000000 1.0000 0.8415458 0.8415 0.5544345 0.5544 0.9662638 0.9663
 | 17.5509 60.8916 41.8708 0.8028312 O=C1NN(C(=O)OCCO)CC1=C(O)C=CC=CN1CCNC1=O 1 O=C1NNCC1=CC=CC=CN1CCNC1=O 1.0000000 1.0000 0.7886810 0.7887 0.3390780 0.3391 0.8542175 0.8542
02:14:18 <INFO> Score: 0.68 Agent NLL: 11.90 Valid: 100% Step: 42
 | Agent Prior Target Score SMILES SMILES_state Scaffold DASA DASA (raw) Solubility Solubility (raw) xTB_Gap xTB_Gap (raw) WaterSwitch WaterSwitch (raw)
 | 11.6380 53.6639 41.5813 0.7441030 CN1NC(O)C(=C(O)C=CC=CN2CCN=C2N)C1=O 1 O=C1NNCC1=CC=CC=CN1C=NCC1 1.0000000 1.0000 0.8439137 0.8439 0.4917138 0.4917 0.5465701 0.5466
 | 9.7275 51.7861 54.3330 0.8290562 O=C1NC(=O)C(=C(O)C=CC=CN2CCC2)C(O)N1 1 O=C1NCC(=CC=CC=CN2CCC2)C(=O)N1 1.0000000 1.0000 0.7951768 0.7952 0.5201738 0.5202 0.8059672 0.8060
 | 10.4123 61.8116 56.2637 0.9224632 O=C1CN(C=CC=CC(O)=C2C(=O)NC=CCOC2=O)CC(O)N1 1 O=C1CN(C=CC=CC=C2C(=O)NC=CCOC2=O)CCN1 1.0000000 1.0000 0.8136220 0.8136 0.7966513 0.7967 0.9680780 0.9681
 | 10.1331 52.3079 34.9375 0.6816048 CN1CCC(=C(O)C=CC=CN2C=CCC2)C(=O)N1 1 O=C1NNCCC1=CC=CC=CN1C=CCC1 1.0000000 1.0000 0.6409106 0.6409 0.5178535 0.5179 0.4900575 0.4901
 | 11.9240 57.8923 41.8732 0.7794183 C=C1NC(=O)C(=C(O)C=CC=CN2CC(=O)NC(C)C2)C1=O 1 C=C1NC(=O)C(=CC=CC=CN2CCNC(=O)C2)C1=O 1.0000000 1.0000 0.7595940 0.7596 0.9990164 0.9990 0.5302123 0.5302
 | 9.2070 51.5941 56.0494 0.8409650 C=c1[nH]c(=O)c(=C(O)C=CC=CN2CCNCC2)n1C 1 C=c1[nH]c(=O)c(=CC=CC=CN2CCNCC2)[nH]1 1.0000000 1.0000 0.8317787 0.8318 0.9254231 0.9254 0.6587825 0.6588
 | 14.1963 67.8782 36.9193 0.8187305 CN(C)C=CC=c1[nH]c(=O)c(=C(O)C=CC=CN2CC(=O)NC(CO)C2)n1C 1 C=c1[nH]c(=O)c(=CC=CC=CN2CCNC(=O)C2)[nH]1 1.0000000 1.0000 0.8303836 0.8304 0.7525894 0.7526 0.6511521 0.6512
 | 19.2258 63.1486 36.5718 0.7790662 CC(=O)NCCNCC1NC(=O)C(=C(O)C=CC=CN2CCOCC2)C1=O 1 O=C1CNC(=O)C1=CC=CC=CN1CCOCC1 1.0000000 1.0000 0.8079253 0.8079 0.9254867 0.9255 0.5201711 0.5202
 | 16.4492 50.8947 42.8842 0.7326477 CN1CCN(C=CC=CC(O)=C2C(=O)Nc3ccccc32)C(=O)C1 1 O=C1Nc2ccccc2C1=CC=CC=CN1CCNCC1=O 1.0000000 1.0000 0.5355641 0.5356 0.5516832 0.5517 0.6986812 0.6987
 | 10.4696 44.3636 76.1004 0.9411244 O=C1NC(=O)C(=C(O)C=CC=CN2CCNC2=O)C(=O)N1 1 O=C1NC(=O)C(=CC=CC=CN2CCNC2=O)C(=O)N1 1.0000000 1.0000 0.8102481 0.8102 0.8854204 0.8854 0.9986519 0.9987
02:14:30 <INFO> Score: 0.77 Agent NLL: 13.74 Valid: 100% Step: 43
 | Agent Prior Target Score SMILES SMILES_state Scaffold DASA DASA (raw) Solubility Solubility (raw) xTB_Gap xTB_Gap (raw) WaterSwitch WaterSwitch (raw)
 | 11.4941 47.5995 57.3452 0.8198810 O=C1NOCC1=C(O)C=CC=CN1C=CCC1 1 O=C1NOCC1=CC=CC=CN1C=CCC1 1.0000000 1.0000 0.6946270 0.6946 0.8659558 0.8660 0.7096338 0.7096
 | 19.4300 64.1922 51.4987 0.9038349 CC1(CN)CN(C=CC=CC(O)=C2C(=O)NC(O)(CO)C2=O)C(=O)O1 1 O=C1CNC(=O)C1=CC=CC=CN1CCOC1=O 1.0000000 1.0000 0.8373961 0.8374 0.5954920 0.5955 0.9863340 0.9863
 | 23.6669 72.3836 32.9857 0.8231977 CC(=O)NC1C(=O)NC(=O)C1=C(O)C=CC=CN1OC(C)=C(C)N1O 1 O=C1CC(=CC=CC=CN2NC=CO2)C(=O)N1 1.0000000 1.0000 0.7166415 0.7166 0.4599130 0.4599 0.8909363 0.8909
 | 9.5293 49.9278 66.4225 0.9089863 CN1CCN(C=CC=CC(O)=C2C(=O)NC(=O)NC2=O)C1 1 O=C1NC(=O)C(=CC=CC=CN2CCNC2)C(=O)N1 1.0000000 1.0000 0.7987869 0.7988 0.9921892 0.9922 0.8601713 0.8602
 | 8.1116 60.2554 64.6202 0.9755910 O=C1CN(C=CC=CC(O)=C2C(=O)NC(=O)C(=O)NC2=O)CC(O)N1 1 O=C1CN(C=CC=CC=C2C(=O)NC(=O)C(=O)NC2=O)CCN1 1.0000000 1.0000 0.8970665 0.8971 0.9986402 0.9986 0.9985777 0.9986
 | 8.3785 50.2291 64.8675 0.8991922 O=C1CC(=O)C(=C(O)C=CC=CN2CCNC2)C(=O)N1 1 O=C1CC(=O)C(=CC=CC=CN2CCNC2)C(=O)N1 1.0000000 1.0000 0.8132524 0.8133 0.9975067 0.9975 0.8165632 0.8166
 | 8.8869 42.5036 63.0461 0.8246071 CN1OC(=O)C(=C(O)C=CC=CN2CCCC2)C1=O 1 O=C1NOC(=O)C1=CC=CC=CN1CCCC1 1.0000000 1.0000 0.7004838 0.7005 0.9445575 0.9446 0.6959445 0.6959
 | 14.7601 59.1497 44.2655 0.8079309 N=C1C([N+](=O)[O-])C=CCN1C=CC=CC(O)=C1C(=O)CC(=O)NC1=O 1 N=C1CC=CCN1C=CC=CC=C1C(=O)CC(=O)NC1=O 1.0000000 1.0000 0.7321260 0.7321 0.6119494 0.6119 0.7394866 0.7395
 | 15.6350 59.0337 44.1126 0.8058303 O=C1NCCCOC(=O)C1=C(O)C=CC=CN1C=CCC1 1 O=C1NCCCOC(=O)C1=CC=CC=CN1C=CCC1 1.0000000 1.0000 0.6554415 0.6554 0.8935064 0.8935 0.6910509 0.6911
 | 11.9786 56.9523 62.8594 0.9360291 CC1(O)C(=O)NC(=O)C1=C(O)C=CC=CN1CC(=O)NC(=O)C1 1 O=C1CN(C=CC=CC=C2CC(=O)NC2=O)CC(=O)N1 1.0000000 1.0000 0.8522600 0.8523 0.8075776 0.8076 0.9771887 0.9772
02:14:43 <INFO> Score: 0.71 Agent NLL: 12.67 Valid: 100% Step: 44
 | Agent Prior Target Score SMILES SMILES_state Scaffold DASA DASA (raw) Solubility Solubility (raw) xTB_Gap xTB_Gap (raw) WaterSwitch WaterSwitch (raw)
 | 11.0799 57.4371 51.9635 0.8546922 CON1C(=O)NC(=O)C(=C(O)C=CC=CN2CC(=O)NC(=O)C2)C1=O 1 O=C1CN(C=CC=CC=C2C(=O)NC(=O)NC2=O)CC(=O)N1 1.0000000 1.0000 0.8307740 0.8308 0.9955903 0.9956 0.6775877 0.6776
 | 8.2135 56.8815 53.9647 0.8659855 CN1NC(=O)C(=C(O)C=CC=CN2CC(=O)NC(=O)C2)C1O 1 O=C1CN(C=CC=CC=C2CNNC2=O)CC(=O)N1 1.0000000 1.0000 0.8637457 0.8637 0.9178022 0.9178 0.7092153 0.7092
 | 11.4387 56.8340 33.6844 0.7071757 CC1=CNC(=O)C(=C(O)C=CC=CN2CC(=O)NC(=O)C2)C1(C)O 1 O=C1CN(C=CC=CC=C2CC=CNC2=O)CC(=O)N1 1.0000000 1.0000 0.7615880 0.7616 0.8556084 0.8556 0.4038885 0.4039
 | 11.2677 59.4934 46.2557 0.8261651 CN1CCCN(C=CC=CC(O)=C2OC(=O)NN(C)C2=O)CC1 1 O=C1NNC(=O)C(=CC=CC=CN2CCCNCC2)O1 1.0000000 1.0000 0.6901563 0.6902 0.5715865 0.5716 0.8550359 0.8550
 | 9.0716 59.5148 57.0045 0.9103072 CC1NC(=O)C(=C(O)C=CC=CN2CC(=O)NC(CO)C2)C1=O 1 O=C1CN(C=CC=CC=C2C(=O)CNC2=O)CCN1 1.0000000 1.0000 0.8303328 0.8303 0.9811926 0.9812 0.8431646 0.8432
 | 11.3372 52.8890 56.7373 0.8564554 COC=C1NC(=O)C(=C(O)C=CC=CN2CCNC(=O)C2)C1=O 1 C=C1NC(=O)C(=CC=CC=CN2CCNC(=O)C2)C1=O 1.0000000 1.0000 0.7858420 0.7858 0.6833803 0.6834 0.8191787 0.8192
 | 26.7591 75.7311 34.5698 0.8617257 CC(CO)=C1C(=N)C(=C(O)C=CC=CN2CCC(=O)N=C2N(C)C)C(=O)NC1=O 1 C=C1C(=N)C(=CC=CC=CN2C=NC(=O)CC2)C(=O)NC1=O 1.0000000 1.0000 0.6910696 0.6911 0.8677892 0.8678 0.8420229 0.8420
 | 15.0298 65.6888 3.8903 0.5435864 COCC1CN(C=CC=CC(O)=C2COC(C)NC2=O)CC(=O)N1 1 O=C1CN(C=CC=CC=C2COCNC2=O)CCN1 1.0000000 1.0000 0.7583478 0.7583 0.1904443 0.1904 0.2928985 0.2929
 | 10.0493 42.7227 47.6668 0.7061681 O=C1NC(=O)c2ccccc2C1=C(O)C=CC=CN1CC=CCC1 1 O=C1NC(=O)c2ccccc2C1=CC=CC=CN1CC=CCC1 1.0000000 1.0000 0.4195752 0.4196 0.9873944 0.9874 0.5956945 0.5957
 | 8.6839 47.9726 61.2131 0.8530137 C=C1CCCN1C=CC=CC(O)=C1C(=O)NC(=O)N1C 1 C=C1CCCN1C=CC=CC=C1NC(=O)NC1=O 1.0000000 1.0000 0.6106157 0.6106 0.9926285 0.9926 0.8488981 0.8489
02:14:44 <INFO> Sampled SMILES N1C(=O)C(=C(O)C=CC=CN2CC(=O)NC(=O)C2)(C)NC1=NC failed to sanitize.
02:14:57 <INFO> Score: 0.73 Agent NLL: 14.36 Valid:  95% Step: 45
 | Agent Prior Target Score SMILES SMILES_state Scaffold DASA DASA (raw) Solubility Solubility (raw) xTB_Gap xTB_Gap (raw) WaterSwitch WaterSwitch (raw)
 | 12.5199 51.2708 38.5125 0.7014316 CCC1(CC)NC(=O)C(=C(O)C=CC=CN2CCC2)N1 1 O=C1NCNC1=CC=CC=CN1CCC1 1.0000000 1.0000 0.6040754 0.6041 0.6233667 0.6234 0.5264453 0.5264
 | 15.5153 55.4963 42.9194 0.7688729 CN1C=CC(=C(O)C=CC=CN2CCCNC2)C(=O)N1C 1 O=C1NNC=CC1=CC=CC=CN1CCCNC1 1.0000000 1.0000 0.6763010 0.6763 0.9971714 0.9972 0.5528603 0.5529
 | 21.3872 51.6600 36.8544 0.6915190 CC=C1N=CC(=C(O)C=CC=CN2CCC(Cl)CC2)C1=O 1 C=C1N=CC(=CC=CC=CN2CCCCC2)C1=O 1.0000000 1.0000 0.3503419 0.3503 0.9707317 0.9707 0.6394516 0.6395
 | 11.1260 56.9570 34.7717 0.7166304 O=C1CNC(=O)C1=C(O)C=CC=CN1CN(CCO)CCC1=O 1 O=C1CNC(=O)C1=CC=CC=CN1CNCCC1=O 1.0000000 1.0000 0.8185613 0.8186 0.5515390 0.5515 0.4717826 0.4718
 | 9.6169 60.6755 33.3476 0.7345560 CN1NC(=O)C(=C(O)C=CC=CN2CC(=O)NC(CO)C2)C1O 1 O=C1CN(C=CC=CC=C2CNNC2=O)CCN1 1.0000000 1.0000 0.8690039 0.8690 0.2578766 0.2579 0.6520613 0.6521
 | 14.9337 51.4868 59.1770 0.8645608 C=CCC1CCCN1C=CC=CC(O)=C1C(=O)NCC(=O)NC1=O 1 O=C1CNC(=O)C(=CC=CC=CN2CCCC2)C(=O)N1 1.0000000 1.0000 0.6890922 0.6891 0.9959119 0.9959 0.8102968 0.8103
 | 6.4525 52.6785 -52.6785 0.0000000 O=C1CN(C=CC=CC(O)=C2C(=O)CC(=O)NC2=O)CC(=O)N1 1 O=C1CN(C=CC=CC=C2C(=O)CC(=O)NC2=O)CC(=O)N1 1.0000000 1.0000 0.8425599 0.8426 0.9236286 0.9236 0.7398581 0.7399
 | 11.3398 51.3648 62.4900 0.8894905 CN1OC(O)C(=C(O)C=CC=CN2C=CCC2)C1=O 1 O=C1NOCC1=CC=CC=CN1C=CCC1 1.0000000 1.0000 0.7087428 0.7087 0.8910257 0.8910 0.9104930 0.9105
 | 14.8332 44.0562 45.6140 0.7005479 C=C1CCC(=C(O)C=CC=CN2CCSCC2)C1=O 1 C=C1CCC(=CC=CC=CN2CCSCC2)C1=O 1.0000000 1.0000 0.4181814 0.4182 0.5926063 0.5926 0.7039501 0.7040
 | 13.8771 65.8461 31.9159 0.7637657 O=C1NCCCNNC(=O)C1=C(O)C=CC=CN1CCCOC1=O 1 O=C1NCCCNNC(=O)C1=CC=CC=CN1CCCOC1=O 1.0000000 1.0000 0.7416197 0.7416 0.3558769 0.3559 0.7423644 0.7424
02:14:57 <INFO> Sampled SMILES N1C(=O)C(=C(O)C=CC=CN2CCBr)=CN(CO)C(=O)C2CC1 failed to sanitize.
02:15:07 <INFO> Score: 0.68 Agent NLL: 13.96 Valid:  98% Step: 46
 | Agent Prior Target Score SMILES SMILES_state Scaffold DASA DASA (raw) Solubility Solubility (raw) xTB_Gap xTB_Gap (raw) WaterSwitch WaterSwitch (raw)
 | 16.4382 58.8886 23.4698 0.6434251 C=c1nc(N)[nH]c(=O)c1=C(O)C=CC=CN1CCC(=O)O1 1 C=c1nc[nH]c(=O)c1=CC=CC=CN1CCC(=O)O1 1.0000000 1.0000 0.8279196 0.8279 0.8210973 0.8211 0.2800862 0.2801
 | 9.8511 52.7321 62.2801 0.8985322 O=C1CC(=O)C(=C(O)C=CC=CN2CCCN(CCO)C2)C(=O)N1 1 O=C1CC(=O)C(=CC=CC=CN2CCCNC2)C(=O)N1 1.0000000 1.0000 0.7856292 0.7856 0.9964163 0.9964 0.8362718 0.8363
 | 15.9414 59.8804 60.8545 0.9432409 NC1CCN(C=CC=CC(O)=C2C(=O)NC(=O)C(C(=O)O)NC2=O)C1 1 O=C1CNC(=O)C(=CC=CC=CN2CCCC2)C(=O)N1 1.0000000 1.0000 0.8487621 0.8488 0.9999039 0.9999 0.9284907 0.9285
 | 9.5271 56.7287 61.6960 0.9251926 O=C1CNC(=O)C(=C(O)C=CC=CN2CC=CC(=O)O2)C(=O)N1 1 O=C1CNC(=O)C(=CC=CC=CN2CC=CC(=O)O2)C(=O)N1 1.0000000 1.0000 0.8126836 0.8127 0.9823629 0.9824 0.9046706 0.9047
 | 11.3594 55.6413 53.2873 0.8510046 C=c1c(=C(O)C=CC=CN2C=CCC2)c(=O)[nH]n1CCO 1 C=c1[nH][nH]c(=O)c1=CC=CC=CN1C=CCC1 1.0000000 1.0000 0.7900036 0.7900 0.9350825 0.9351 0.7099531 0.7100
 | 12.2127 50.9683 39.3967 0.7059771 O=C1CC(O)C(=C(O)C=CC=CN2CCCC(O)C2)C1=O 1 O=C1CCC(=CC=CC=CN2CCCCC2)C1=O 1.0000000 1.0000 0.7405705 0.7406 0.6579276 0.6579 0.4525607 0.4526
 | 15.9667 48.2027 56.1769 0.8154658 NC=CC=CC(O)=C1C(=O)NC(=O)NC1N 1 C=C1CNC(=O)NC1=O 1.0000000 1.0000 0.8570396 0.8570 0.2514033 0.2514 0.9464653 0.9465
 | 12.6268 50.5826 40.5710 0.7121381 CC1=CC(=C(O)C=CC=CN2CC=CC2)C(=O)NN1C 1 O=C1NNC=CC1=CC=CC=CN1CC=CC1 1.0000000 1.0000 0.6115442 0.6115 0.6838602 0.6839 0.5302377 0.5302
 | 10.0907 59.1603 -59.1603 0.0000000 O=C1CN(C=CC=CC(O)=C2C(=O)NN(CCO)C(=O)C2=O)CCN1 1 O=C1CN(C=CC=CC=C2C(=O)NNC(=O)C2=O)CCN1 1.0000000 1.0000 0.8722791 0.8723 0.9522984 0.9523 0.6252029 0.6252
 | 24.3353 58.2638 37.1014 0.7450411 O=C1C(C2CC2Cl)=NOC1=C(O)C=CC=CN1CCOCC1 1 O=C1C(=CC=CC=CN2CCOCC2)ON=C1C1CC1 1.0000000 1.0000 0.5666292 0.5666 0.6043598 0.6044 0.6849332 0.6849
02:15:21 <INFO> Score: 0.72 Agent NLL: 13.15 Valid: 100% Step: 47
 | Agent Prior Target Score SMILES SMILES_state Scaffold DASA DASA (raw) Solubility Solubility (raw) xTB_Gap xTB_Gap (raw) WaterSwitch WaterSwitch (raw)
 | 13.5882 49.2176 20.5762 0.5452640 CN1CC(O)CC(=C(O)C=CC=CN2CCSCC2)C1=O 1 O=C1NCCCC1=CC=CC=CN1CCSCC1 1.0000000 1.0000 0.6421263 0.6421 0.1952911 0.1953 0.3321443 0.3321
 | 12.0274 49.1216 55.4275 0.8167902 CCCNC=CC=CC(O)=C1C(=O)NC(=O)CC1O 1 C=C1CCC(=O)NC1=O 1.0000000 1.0000 0.7678298 0.7678 0.6632116 0.6632 0.7182983 0.7183
 | 11.1320 63.0528 51.3963 0.8941335 COCOC1=C(C)C(=C(O)C=CC=CN2CC(=O)NC(=O)C2)C(=O)NC1=O 1 O=C1C=CC(=CC=CC=CN2CC(=O)NC(=O)C2)C(=O)N1 1.0000000 1.0000 0.7704730 0.7705 0.9951367 0.9951 0.8350432 0.8350
 | 8.6823 47.6383 38.0689 0.6695874 CN1C(=O)C(=C(O)C=CC=CN2CC2)C(O)C1O 1 O=C1NCCC1=CC=CC=CN1CC1 1.0000000 1.0000 0.8275051 0.8275 0.1209305 0.1209 0.6573861 0.6574
 | 15.9409 70.4812 42.1338 0.8798047 CC(=O)NC1=NC(=C(O)C=CC=CN2CNN(CCO)C(=O)C2)C(=O)N1 1 O=C1CN(C=CC=CC=C2N=CNC2=O)CNN1 1.0000000 1.0000 0.8511932 0.8512 0.9966870 0.9967 0.7333697 0.7334
 | 14.7607 65.1110 55.0913 0.9390807 O=C1CN(C=CC=CC(O)=C2C(=O)NC(=O)C(OCCO)C2O)CC(=O)N1 1 O=C1CN(C=CC=CC=C2CCC(=O)NC2=O)CC(=O)N1 1.0000000 1.0000 0.8856481 0.8856 0.7871356 0.7871 0.9691878 0.9692
 | 9.5469 50.5776 -50.5776 0.0000000 CC1=NC(=O)NC(=O)C1=C(O)C=CC=CN1CC=CC1=O 1 O=C1N=CC(=CC=CC=CN2CC=CC2=O)C(=O)N1 1.0000000 1.0000 0.6760448 0.6760 0.9463518 0.9464 0.3479253 0.3479
 | 26.3709 69.7981 17.8803 0.6849874 O=C1C(=C(O)C=CC=CN2CCC=C2O)C=CC(=S)N2CCCN12 1 O=C1C(=CC=CC=CN2C=CCC2)C=CC(=S)N2CCCN12 1.0000000 1.0000 0.4611954 0.4612 0.3661737 0.3662 0.7263274 0.7263
 | 20.8609 62.1449 55.2601 0.9172266 NC1CC(N)N(C=CC=CC(O)=C2C(=O)NC(=O)C3NC(=O)NC23)C1 1 O=C1NC2C(=O)NC(=O)C(=CC=CC=CN3CCCC3)C2N1 1.0000000 1.0000 0.8562656 0.8563 0.7505032 0.7505 0.9346416 0.9346
 | 10.6179 52.2693 70.5375 0.9594279 COC1NC(=O)C(=C(O)C=CC=CN(CCO)CCO)C(=O)NC1=O 1 C=C1C(=O)NCC(=O)NC1=O 1.0000000 1.0000 0.8764349 0.8764 0.9528470 0.9528 0.9775034 0.9775
02:15:33 <INFO> Score: 0.68 Agent NLL: 13.29 Valid: 100% Step: 48
 | Agent Prior Target Score SMILES SMILES_state Scaffold DASA DASA (raw) Solubility Solubility (raw) xTB_Gap xTB_Gap (raw) WaterSwitch WaterSwitch (raw)
 | 16.3546 62.8246 26.5281 0.6980674 CC1C(=CN2CCCNCC2)C(=O)NC(=O)C1=C(O)C=CC=CN1CCCC1 1 O=C1NC(=O)C(=CN2CCCNCC2)CC1=CC=CC=CN1CCCC1 1.0000000 1.0000 0.5599116 0.5599 0.5679424 0.5679 0.5678060 0.5678
 | 16.1021 65.2453 26.4422 0.7163088 C=C1NCC(C)CN1C=CC=CC(O)=C1C(=O)NCNC1=O 1 C=C1NCCCN1C=CC=CC=C1C(=O)NCNC1=O 1.0000000 1.0000 0.7447814 0.7448 0.4900321 0.4900 0.5285763 0.5286
 | 14.8013 53.8592 52.4802 0.8307766 NC1CC(=O)NC(=O)C1=C(O)C=CC=CN1CCSCC1 1 O=C1CCC(=CC=CC=CN2CCSCC2)C(=O)N1 1.0000000 1.0000 0.7244845 0.7245 0.5850556 0.5851 0.8327958 0.8328
 | 11.2638 60.4709 38.0312 0.7695474 CN1C(=O)C(=C(O)C=CC=CN2CCN(CCO)C(=O)C2)C(O)N1C 1 O=C1CN(C=CC=CC=C2CNNC2=O)CCN1 1.0000000 1.0000 0.8254698 0.8255 0.2625730 0.2626 0.7875892 0.7876
 | 16.9474 62.2553 6.1843 0.5346849 O=C1CCCNC(=O)C(=C(O)C=CC=CN2CC(=O)NC(O)C2)C1 1 O=C1CCCNC(=O)C(=CC=CC=CN2CCNC(=O)C2)C1 1.0000000 1.0000 0.7691465 0.7691 0.0204399 0.0204 0.6329858 0.6330
 | 11.0709 50.9232 59.8425 0.8653570 CN1C(=O)NC(=O)C1=C(O)C=CC=CN1CCC(C)(N)C1 1 O=C1NC(=O)C(=CC=CC=CN2CCCC2)N1 1.0000000 1.0000 0.7241882 0.7242 0.7890500 0.7891 0.8545381 0.8545
 | 19.0698 62.3141 24.4383 0.6777531 CC(=O)NCCCNC(=O)NC=CC=CC(O)=C1COC(=O)NC1=O 1 C=C1COC(=O)NC1=O 1.0000000 1.0000 0.7509093 0.7509 0.4563426 0.4563 0.4476532 0.4477
 | 18.6796 74.5325 25.4886 0.7814151 O=c1[nH]c(=O)c(=C(O)C=CN(CCO)CCO)sc1=C(O)C=CC=CN1CCOCC1 1 C=c1sc(=CC=CC=CN2CCOCC2)c(=O)[nH]c1=O 1.0000000 1.0000 0.7975989 0.7976 0.9954833 0.9955 0.5162677 0.5163
 | 16.7056 59.3325 47.4530 0.8342616 NC1C=NC(=C(O)C=CC=CN2CCNC(=O)C2)C(=O)NC1 1 O=C1CN(C=CC=CC=C2N=CCCNC2=O)CCN1 1.0000000 1.0000 0.8310676 0.8311 0.9989376 0.9989 0.6235065 0.6235
 | 8.8017 45.3421 -45.3421 0.0000000 O=C1NCCCNC1=C(O)C=CC=CN1CCOCC1 1 O=C1NCCCNC1=CC=CC=CN1CCOCC1 1.0000000 1.0000 0.7465591 0.7466 0.4445240 0.4445 0.4907367 0.4907
02:15:33 <INFO> Sampled SMILES N1C(=O)C(=C(O)C=CC=CN2CN(NC)C(=O)N2)(O)NC1=O failed to sanitize.
02:15:46 <INFO> Score: 0.66 Agent NLL: 13.21 Valid:  98% Step: 49
 | Agent Prior Target Score SMILES SMILES_state Scaffold DASA DASA (raw) Solubility Solubility (raw) xTB_Gap xTB_Gap (raw) WaterSwitch WaterSwitch (raw)
 | 17.6929 56.8500 22.1487 0.6171773 CN1C(=O)C(=O)N2C(=C(O)C=CC=CN3CCCC3)C(=O)NC12C(=O)O 1 O=C1NC2NC(=O)C(=CC=CC=CN3CCCC3)N2C1=O 1.0000000 1.0000 0.7860473 0.7860 0.1717633 0.1718 0.4549337 0.4549
 | 11.8436 60.6600 52.4568 0.8837248 O=C1NCCOC(=O)C1=C(O)C=CC=CN1CCNC1=CO 1 C=C1NCCN1C=CC=CC=C1C(=O)NCCOC1=O 1.0000000 1.0000 0.7643109 0.7643 0.9602888 0.9603 0.8184021 0.8184
 | 6.7733 47.0589 -47.0589 0.0000000 O=C1CNC(=O)C1=C(O)C=CC=CN1CCOCC1 1 O=C1CNC(=O)C1=CC=CC=CN1CCOCC1 1.0000000 1.0000 0.7841094 0.7841 0.8466341 0.8466 0.8081235 0.8081
 | 22.8803 69.0291 33.9261 0.8043369 CC(C)CN=C1NC(=O)C(=C(O)C=CC=CN2CCCC(O)C2)C(=O)NO1 1 N=C1NC(=O)C(=CC=CC=CN2CCCCC2)C(=O)NO1 1.0000000 1.0000 0.6706857 0.6707 0.9605326 0.9605 0.6569342 0.6569
 | 9.7234 57.8869 42.0121 0.7804610 C=C1CCN1C=CC=CC(O)=C1C(=O)NCC1O 1 C=C1CCN1C=CC=CC=C1CCNC1=O 1.0000000 1.0000 0.7406351 0.7406 0.6347136 0.6347 0.6434510 0.6435
 | 7.3117 55.4118 41.9811 0.7608819 O=C1CN(C=CC=CC(O)=C2C(=O)NCC(=O)NC2=O)CC(=O)N1 1 O=C1CN(C=CC=CC=C2C(=O)NCC(=O)NC2=O)CC(=O)N1 1.0000000 1.0000 0.8759937 0.8760 0.8872490 0.8872 0.4592539 0.4593
 | 8.9387 47.1116 -47.1116 0.0000000 O=C1NCCNC1=C(O)C=CC=CN1CCC1 1 O=C1NCCNC1=CC=CC=CN1CCC1 1.0000000 1.0000 0.7756912 0.7757 0.9595883 0.9596 0.7925534 0.7926
 | 6.1747 43.9584 -43.9584 0.0000000 O=C1NC(=O)N(CCO)C1=C(O)C=CC=CN1CCOCC1 1 O=C1NC(=O)C(=CC=CC=CN2CCOCC2)N1 1.0000000 1.0000 0.7836095 0.7836 0.9281560 0.9282 0.9118063 0.9118
 | 20.9512 59.6171 39.6509 0.7755317 C=C1C(=O)C2(CC(OC)=NO2)C(=O)C1=C(O)C=CC=CN1CCOCC1 1 C=C1C(=O)C2(CC=NO2)C(=O)C1=CC=CC=CN1CCOCC1 1.0000000 1.0000 0.6174217 0.6174 0.9998834 0.9999 0.6088090 0.6088
 | 9.6464 58.5064 56.5804 0.8991159 O=C1CN(C=CC=CC(O)=C2NCNC2=O)CC(CO)N1 1 O=C1CN(C=CC=CC=C2NCNC2=O)CCN1 1.0000000 1.0000 0.8666243 0.8666 0.6428683 0.6429 0.9177174 0.9177
02:16:03 <INFO> Score: 0.69 Agent NLL: 16.11 Valid: 100% Step: 50
 | Agent Prior Target Score SMILES SMILES_state Scaffold DASA DASA (raw) Solubility Solubility (raw) xTB_Gap xTB_Gap (raw) WaterSwitch WaterSwitch (raw)
 | 15.5201 54.4349 50.3917 0.8189573 CC(=O)NC1NC(=O)NC(=O)C1=C(O)C=CC=CNOCCO 1 C=C1CNC(=O)NC1=O 1.0000000 1.0000 0.8475235 0.8475 0.2860702 0.2861 0.9224985 0.9225
 | 13.8818 60.0853 51.8035 0.8741313 CONC1=NC(=O)CCN1C=CC=CC(O)=C1CN(C)N(C)C1=O 1 O=C1CCN(C=CC=CC=C2CNNC2=O)C=N1 1.0000000 1.0000 0.7436031 0.7436 0.9343545 0.9344 0.8135300 0.8135
 | 20.5778 74.0957 24.9785 0.7740172 CC=CC1NC(=O)C(=C(O)C=CC=CN2CCC=C(C)O2)C(=O)NC1=O 1 O=C1CNC(=O)C(=CC=CC=CN2CCC=CO2)C(=O)N1 1.0000000 1.0000 0.6154074 0.6154 0.9852011 0.9852 0.6096624 0.6097
 | 7.7607 55.6319 -55.6319 0.0000000 CC1=NC(=O)NC(=O)C1=C(O)C=CC=CN1CC(=O)NC(=O)C1 1 O=C1CN(C=CC=CC=C2C=NC(=O)NC2=O)CC(=O)N1 1.0000000 1.0000 0.7764291 0.7764 0.8653115 0.8653 0.7219479 0.7219
 | 10.8798 45.2350 48.3664 0.7312606 O=C1CCCC1=C(O)C=CC=CN1C=CCC1 1 O=C1CCCC1=CC=CC=CN1C=CCC1 1.0000000 1.0000 0.4445496 0.4445 0.9889562 0.9890 0.6413751 0.6414
 | 25.2397 65.6113 41.1040 0.8337133 O=C(O)c1c2ccccc2n2c(=C(O)C=CC=CN3CCCC3=O)c(=O)[nH]c(=O)c12 1 O=C1CCCN1C=CC=CC=c1c(=O)[nH]c(=O)c2cc3ccccc3n12 1.0000000 1.0000 0.5620466 0.5620 0.9968756 0.9969 0.8348566 0.8349
 | 20.1300 59.6769 31.1999 0.7099753 CSC1=NN(C)C(=O)C1=C(O)C=CC=CN1CC=CSCC1 1 O=C1NN=CC1=CC=CC=CN1CC=CSCC1 1.0000000 1.0000 0.4252798 0.4253 0.8977304 0.8977 0.6223148 0.6223
 | 7.6672 59.8390 -59.8390 0.0000000 O=C1CN(C=CC=CC(O)=C2C(=O)NCC(=O)NC2=O)CC(=O)N1 1 O=C1CN(C=CC=CC=C2C(=O)NCC(=O)NC2=O)CC(=O)N1 1.0000000 1.0000 0.8759937 0.8760 0.8872490 0.8872 0.4592539 0.4593
 | 21.3426 66.8505 28.3379 0.7436598 Cn1c(=O)c(=C(O)C=CC=CN2CC(=O)NC(O)C2)c(=O)[nH]c(=O)c1=Cc1ccccc1 1 O=C1CN(C=CC=CC=c2c(=O)[nH]c(=O)c(=Cc3ccccc3)[nH]c2=O)CCN1 1.0000000 1.0000 0.7955945 0.7956 0.9915336 0.9915 0.4382826 0.4383
 | 7.2137 55.4118 -55.4118 0.0000000 O=C1CN(C=CC=CC(O)=C2C(=O)NCC(=O)NC2=O)CC(=O)N1 2 O=C1CN(C=CC=CC=C2C(=O)NCC(=O)NC2=O)CC(=O)N1 0.0000000 1.0000 0.0000000 0.8760 0.0000000 0.8872 0.0000000 0.4593
02:16:16 <INFO> Score: 0.67 Agent NLL: 12.68 Valid: 100% Step: 51
 | Agent Prior Target Score SMILES SMILES_state Scaffold DASA DASA (raw) Solubility Solubility (raw) xTB_Gap xTB_Gap (raw) WaterSwitch WaterSwitch (raw)
 | 20.6066 70.8566 38.2572 0.8524509 CONC1NC(=O)C(=C(O)C=CC=CN2CCC(=O)N2)C(=O)OCC1=O 1 O=C1CNC(=O)C(=CC=CC=CN2CCC(=O)N2)C(=O)OC1 1.0000000 1.0000 0.8357327 0.8357 0.6740883 0.6741 0.7739087 0.7739
 | 7.1812 51.4539 -51.4539 0.0000000 O=C1CNC(=O)C1=C(O)C=CC=CN1CCCC(O)C1 1 O=C1CNC(=O)C1=CC=CC=CN1CCCCC1 1.0000000 1.0000 0.7663130 0.7663 0.9964815 0.9965 0.7222909 0.7223
 | 12.2576 56.4301 55.6191 0.8753850 O=C1NCONC(=O)C1=C(O)C=CC=CN1CCCC1 1 O=C1NCONC(=O)C1=CC=CC=CN1CCCC1 1.0000000 1.0000 0.7599344 0.7599 0.6518320 0.6518 0.9205321 0.9205
 | 21.5627 60.0373 34.0955 0.7354130 CC1(O)NC(=O)NC(=O)C1=C(O)C=CC=CN1OCC(O)CC1=O 1 O=C1NCC(=CC=CC=CN2OCCCC2=O)C(=O)N1 1.0000000 1.0000 0.8030443 0.8030 0.1136730 0.1137 0.9443154 0.9443
 | 8.6625 59.6448 37.9157 0.7621911 CN1C(=O)NC(=O)C(=C(O)C=CC=CN2CC(=O)NC(O)C2)C1O 1 O=C1CN(C=CC=CC=C2CNC(=O)NC2=O)CCN1 1.0000000 1.0000 0.8498615 0.8499 0.1239481 0.1239 0.9885292 0.9885
 | 11.8006 55.0969 1.2335 0.4400810 CC1NC(=O)C(=C(O)C=CC=CN2CC=CCC2)N=CC1=O 1 O=C1C=NC(=CC=CC=CN2CC=CCC2)C(=O)NC1 1.0000000 1.0000 0.6369079 0.6369 0.0038061 0.0038 0.7098786 0.7099
 | 21.0894 65.2778 20.1931 0.6677416 NC(=O)OCC1CC(=C(O)C=CC=CN2CCOOC2=O)C(=O)N1 1 O=C1NCCC1=CC=CC=CN1CCOOC1=O 1.0000000 1.0000 0.7231895 0.7232 0.1991174 0.1991 0.5976521 0.5977
 | 15.3119 63.7869 42.7706 0.8324805 O=C1NC(CO)NC(=O)C1=C(O)C=CC=CN1CCS1(=O)=O 1 O=C1NCNC(=O)C1=CC=CC=CN1CCS1(=O)=O 1.0000000 1.0000 0.8610905 0.8611 0.2591284 0.2591 0.9997876 0.9998
 | 10.8027 56.7780 55.0075 0.8733243 O=C1NC(=O)C(=C(O)C=CC=CN2CC(O)C(O)C2)C(=O)NC1=O 1 O=C1NC(=O)C(=CC=CC=CN2CCCC2)C(=O)NC1=O 1.0000000 1.0000 0.8909840 0.8910 0.8481517 0.8482 0.7343234 0.7343
 | 18.3121 64.4902 40.2642 0.8183930 CC(=O)NC1CN(C=CC=CC(O)=C2C(=O)NC(=O)NC2C)CCC1(C)N 1 O=C1NCC(=CC=CC=CN2CCCCC2)C(=O)N1 1.0000000 1.0000 0.7066389 0.7066 0.5040248 0.5040 0.8529604 0.8530
02:16:30 <INFO> Score: 0.67 Agent NLL: 13.51 Valid: 100% Step: 52
 | Agent Prior Target Score SMILES SMILES_state Scaffold DASA DASA (raw) Solubility Solubility (raw) xTB_Gap xTB_Gap (raw) WaterSwitch WaterSwitch (raw)
 | 19.1410 63.6250 43.4641 0.8366342 CN1CCCNC(=C(O)C=C(O)C=CN2CCC2)C(=O)N1 1 O=C1NNCCCNC1=CC=CC=CN1CCC1 1.0000000 1.0000 0.7277195 0.7277 0.8457356 0.8457 0.7402385 0.7402
 | 7.4697 47.8516 57.5259 0.8232616 O=C1CC(=O)C(=C(O)C=CC=CN2CCC2)C(=O)N1 1 O=C1CC(=O)C(=CC=CC=CN2CCC2)C(=O)N1 1.0000000 1.0000 0.7637349 0.7637 0.9327562 0.9328 0.6517339 0.6517
 | 7.4135 58.6421 -58.6421 0.0000000 O=C1CN(C=CC=CC(O)=C2C(=O)NC(=O)C(=O)NC2=O)CC(=O)N1 1 O=C1CN(C=CC=CC=C2C(=O)NC(=O)C(=O)NC2=O)CC(=O)N1 1.0000000 1.0000 0.8898904 0.8899 0.2204171 0.2204 0.8890954 0.8891
 | 8.0993 55.2911 -55.2911 0.0000000 CN1OC(=O)C(=C(O)C=CC=CN2CC(=O)NC(O)C2)C1=O 1 O=C1CN(C=CC=CC=C2C(=O)NOC2=O)CCN1 1.0000000 1.0000 0.8419501 0.8420 0.9865947 0.9866 0.8943868 0.8944
 | 9.6800 54.0691 59.3933 0.8864245 O=C1CNC(=O)C(=C(O)C=CC=CN2CCC(=O)NC2=O)C(=O)N1 1 O=C1CNC(=O)C(=CC=CC=CN2CCC(=O)NC2=O)C(=O)N1 1.0000000 1.0000 0.8271146 0.8271 0.4969538 0.4970 0.9976958 0.9977
 | 10.1197 47.1721 54.2210 0.7921331 O=C1NC(=O)C(=C(O)C=CC=CN2CC=CCC2)CO1 1 O=C1NC(=O)C(=CC=CC=CN2CC=CCC2)CO1 1.0000000 1.0000 0.6373228 0.6373 0.5914970 0.5915 0.7774849 0.7775
 | 9.0894 56.8752 44.0403 0.7884025 O=C1CN(C=CC=CC(O)=C2C(=O)NCC2O)CC(O)N1 1 O=C1CN(C=CC=CC=C2CCNC2=O)CCN1 1.0000000 1.0000 0.8700691 0.8701 0.1756518 0.1757 0.9552442 0.9552
 | 9.5874 57.6826 16.6691 0.5808727 O=C1CC(=O)C(=C(O)C=CC=CN2CCNC2=CO)C(=O)N1 1 C=C1NCCN1C=CC=CC=C1C(=O)CC(=O)NC1=O 1.0000000 1.0000 0.7697822 0.7698 0.0216869 0.0217 0.8183198 0.8183
 | 9.5258 52.0957 54.7355 0.8346186 O=C1NC(O)NC(=O)C1=C(O)C=CC=CN(CCO)CCO 1 C=C1C(=O)NCNC1=O 1.0000000 1.0000 0.8975846 0.8976 0.7080948 0.7081 0.6705503 0.6706
 | 8.9842 47.7418 34.1443 0.6397353 O=C1NC(=O)C(=C(O)C=CC=CN2C=CCC2)C(=O)O1 1 O=C1NC(=O)C(=CC=CC=CN2C=CCC2)C(=O)O1 1.0000000 1.0000 0.6935672 0.6936 0.6714082 0.6714 0.3383099 0.3383
02:16:50 <INFO> Score: 0.69 Agent NLL: 13.06 Valid: 100% Step: 53
 | Agent Prior Target Score SMILES SMILES_state Scaffold DASA DASA (raw) Solubility Solubility (raw) xTB_Gap xTB_Gap (raw) WaterSwitch WaterSwitch (raw)
 | 18.3327 70.8444 15.8992 0.6776842 CN1CN(C=CC=CC(O)=C2C(=O)NCC(=O)NC2=O)CC1=CC=O 1 C=C1CN(C=CC=CC=C2C(=O)NCC(=O)NC2=O)CN1 1.0000000 1.0000 0.8059047 0.8059 0.9474410 0.9474 0.3226989 0.3227
 | 9.5435 48.0966 54.3381 0.8002710 O=C1NC(=O)C(=C(O)C=CC=CN2C=CC=CC2)C(=O)N1 1 O=C1NC(=O)C(=CC=CC=CN2C=CC=CC2)C(=O)N1 1.0000000 1.0000 0.7107969 0.7108 0.3655592 0.3656 0.8881918 0.8882
 | 11.3211 48.2744 51.9454 0.7829668 CC1=CCCN1C=CC=CC(O)=C1OC=CC1=O 1 O=C1C=COC1=CC=CC=CN1C=CCC1 1.0000000 1.0000 0.4887361 0.4887 0.9304635 0.9305 0.7696896 0.7697
 | 12.8751 53.1788 40.8908 0.7349182 CN1CCCCN(C=CC=CC(O)=C2C(=O)NC(=O)OC2=O)C1 1 O=C1NC(=O)C(=CC=CC=CN2CCCCNC2)C(=O)O1 1.0000000 1.0000 0.6843683 0.6844 0.5263248 0.5263 0.5978870 0.5979
 | 10.4659 48.8166 46.0018 0.7407687 O=C1NCC(O)C1=C(O)C=CC=CN1CCC(O)CC1 1 O=C1NCCC1=CC=CC=CN1CCCCC1 1.0000000 1.0000 0.7803170 0.7803 0.1412532 0.1413 0.9114361 0.9114
 | 14.9152 60.2751 47.8558 0.8447726 CN1NC(=O)C(=C(O)C=CC=CN2CCC(N)C2N)C1=O 1 O=C1NNC(=O)C1=CC=CC=CN1CCCC1 1.0000000 1.0000 0.8424746 0.8425 0.8340358 0.8340 0.6888665 0.6889
 | 18.6469 56.9837 43.7843 0.7872496 CN1CCCN(C=CC=CC(O)=c2ncc(=C(F)F)n(C)c2=O)C1 1 C=c1cnc(=CC=CC=CN2CCCNC2)c(=O)[nH]1 1.0000000 1.0000 0.6979219 0.6979 0.8268741 0.8269 0.6273134 0.6273
 | 14.7351 56.5244 37.6960 0.7360971 COC1=CCCN(C=CC=CC(O)=C2C(=O)ON(C)C2=O)O1 1 O=C1NOC(=O)C1=CC=CC=CN1CCC=CO1 1.0000000 1.0000 0.6741892 0.6742 0.9949153 0.9949 0.4787952 0.4788
 | 15.8946 57.0330 16.9174 0.5777371 CCN1CCCC(=O)N(C=CC=CC(O)=C2C(=O)NCCNC2=O)C1 1 O=C1NCCNC(=O)C1=CC=CC=CN1CNCCCC1=O 1.0000000 1.0000 0.7276505 0.7277 0.0198270 0.0198 0.8668145 0.8668
 | 10.8495 38.4724 70.6133 0.8522325 O=C1NC(=O)C(=C(O)C=CC=CN2CCOCC2)C1=O 1 O=C1NC(=O)C(=CC=CC=CN2CCOCC2)C1=O 1.0000000 1.0000 0.8077246 0.8077 0.5827057 0.5827 0.8378043 0.8378
02:17:07 <INFO> Score: 0.67 Agent NLL: 12.45 Valid: 100% Step: 54
 | Agent Prior Target Score SMILES SMILES_state Scaffold DASA DASA (raw) Solubility Solubility (raw) xTB_Gap xTB_Gap (raw) WaterSwitch WaterSwitch (raw)
 | 14.8858 63.2467 56.4909 0.9354498 NC(=O)OCC1NC(=O)NC(=O)C1=C(O)C=CC=CN1CC=CC(=O)N1 1 O=C1C=CCN(C=CC=CC=C2CNC(=O)NC2=O)N1 1.0000000 1.0000 0.7929414 0.7929 0.9745325 0.9745 0.9593228 0.9593
 | 11.4547 48.2790 39.3606 0.6846839 CN1CCC(=C(O)C=CC=CN2CC=CC2=O)C1=O 1 O=C1NCCC1=CC=CC=CN1CC=CC1=O 1.0000000 1.0000 0.6789959 0.6790 0.6904156 0.6904 0.4277720 0.4278
 | 17.9535 61.3031 43.0228 0.8150464 O=C1NC(NC(O)C(F)(F)F)C=NC1=C(O)C=CC=CN1CCOCC1 1 O=C1NCC=NC1=CC=CC=CN1CCOCC1 1.0000000 1.0000 0.7040471 0.7040 0.9976548 0.9977 0.6530124 0.6530
 | 14.8824 55.2185 63.1825 0.9250078 O=C1C=CC(=C(O)C=CC=CN2CC=CC(O)C2O)C(=O)N1 1 O=C1C=CC(=CC=CC=CN2CC=CCC2)C(=O)N1 1.0000000 1.0000 0.7785148 0.7785 0.9827460 0.9827 0.9335232 0.9335
 | 11.2204 56.2229 13.0450 0.5411552 CC1(O)C(=O)CNC(=O)C1=C(O)C=CC=CN1C=CCC1 1 O=C1CNC(=O)C(=CC=CC=CN2C=CCC2)C1 1.0000000 1.0000 0.7161421 0.7161 0.1563183 0.1563 0.3243084 0.3243
 | 15.1195 60.1753 28.9082 0.6959655 NCC1CN(C=CC=CC(O)=C2C(=O)NCCCOC2=O)C(=O)CO1 1 O=C1NCCCOC(=O)C1=CC=CC=CN1CCOCC1=O 1.0000000 1.0000 0.7909540 0.7910 0.2259326 0.2259 0.6128836 0.6129
 | 11.1311 59.9242 35.8619 0.7483291 O=C1CN(C=CC=CC(O)=C2C(=O)C(O)C2O)CC(=O)N1 1 O=C1CN(C=CC=CC=C2CCC2=O)CC(=O)N1 1.0000000 1.0000 0.8695193 0.8695 0.9508826 0.9509 0.4254080 0.4254
 | 11.6921 50.7641 65.1501 0.9055802 O=C1NC(=O)C(=C(O)C=CC=CN2CCCOCC2)C(=O)N1 1 O=C1NC(=O)C(=CC=CC=CN2CCCOCC2)C(=O)N1 1.0000000 1.0000 0.7527922 0.7528 0.9593339 0.9593 0.8992561 0.8993
 | 11.5234 57.2435 47.1479 0.8155580 O=C1NCC(O)NC(=O)C1=C(O)C=CC=CN1CCSCC1 1 O=C1NCCNC(=O)C1=CC=CC=CN1CCSCC1 1.0000000 1.0000 0.7758817 0.7759 0.6412442 0.6412 0.7180913 0.7181
 | 7.7451 44.3636 -44.3636 0.0000000 O=C1NC(=O)C(=C(O)C=CC=CN2CCNC2=O)C(=O)N1 1 O=C1NC(=O)C(=CC=CC=CN2CCNC2=O)C(=O)N1 1.0000000 1.0000 0.8102481 0.8102 0.8854204 0.8854 0.9986519 0.9987
02:17:07 <INFO> Sampled SMILES N1C(=O)C(=C(O)C=CC=CN2CCCC2)NS1(=O)(=O)O failed to sanitize.
02:17:23 <INFO> Score: 0.72 Agent NLL: 13.70 Valid:  98% Step: 55
 | Agent Prior Target Score SMILES SMILES_state Scaffold DASA DASA (raw) Solubility Solubility (raw) xTB_Gap xTB_Gap (raw) WaterSwitch WaterSwitch (raw)
 | 10.8152 56.7288 48.5934 0.8228295 O=C1CN(C=CC=CC(O)=C2C(=O)NC(=O)NC2O)CC(O)N1 1 O=C1CN(C=CC=CC=C2CNC(=O)NC2=O)CCN1 1.0000000 1.0000 0.8724790 0.8725 0.4786994 0.4787 0.7561030 0.7561
 | 11.0159 52.2473 -52.2473 0.0000000 NC1=CC(=C(O)C=CC=CN2CCNCC2)C(=O)NC1=O 1 O=C1C=CC(=CC=CC=CN2CCNCC2)C(=O)N1 1.0000000 1.0000 0.8105296 0.8105 0.8365025 0.8365 0.8776772 0.8777
 | 16.5459 55.5735 62.6945 0.9239685 O=C1NNC(=O)C(=C(O)C=CC=CN2CCCC(O)C2)C(=O)N1 1 O=C1NNC(=O)C(=CC=CC=CN2CCCCC2)C(=O)N1 1.0000000 1.0000 0.7968926 0.7969 0.9372189 0.9372 0.9302565 0.9303
 | 14.3933 60.7395 20.6463 0.6358262 O=C1CN(C=CC=CC(O)=C2NNCNC2=O)CC(=O)N1 1 O=C1CN(C=CC=CC=C2NNCNC2=O)CC(=O)N1 1.0000000 1.0000 0.8772713 0.8773 0.1558685 0.1559 0.4804324 0.4804
 | 12.4654 59.1213 42.5606 0.7943903 CN1CC(=O)C(=C(O)C=CC=CN2CCCOC2)C1=O 1 O=C1CNC(=O)C1=CC=CC=CN1CCCOC1 1.0000000 1.0000 0.7197101 0.7197 0.9592309 0.9592 0.5977577 0.5978
 | 8.1838 51.6664 63.7984 0.9020691 O=C1CN(C=CC=CC(O)=C2CCC(=O)NC2=O)CC(=O)N1 1 O=C1CN(C=CC=CC=C2CCC(=O)NC2=O)CC(=O)N1 1.0000000 1.0000 0.8025425 0.8025 0.9731090 0.9731 0.8414392 0.8414
 | 13.7568 53.3510 54.3180 0.8411640 O=C1NC(=O)C(=C(O)C=CC=CN2CCCO2)C2(CC2)N1 1 O=C1NC(=O)C(=CC=CC=CN2CCCO2)C2(CC2)N1 1.0000000 1.0000 0.6833226 0.6833 0.6230296 0.6230 0.8862622 0.8863
 | 9.0402 59.9484 42.9871 0.8041833 C=C1NC(=O)C(=C(O)C=CC=CN2CC(=O)NC(CO)C2)C1=O 1 C=C1NC(=O)C(=CC=CC=CN2CCNC(=O)C2)C1=O 1.0000000 1.0000 0.8242808 0.8243 0.9990129 0.9990 0.5542142 0.5542
 | 10.1175 56.3881 53.6421 0.8596112 O=C1CNC(=O)C(=C(O)C=CC=CN2CCC2=O)C(=O)N1 1 O=C1CNC(=O)C(=CC=CC=CN2CCC2=O)C(=O)N1 1.0000000 1.0000 0.8335161 0.8335 0.5270408 0.5270 0.8747671 0.8748
 | 11.6677 52.2926 52.3405 0.8174461 NC=CC=CC(O)=C1C(=O)NC(=O)C(CO)=C1CO 1 C=C1C=CC(=O)NC1=O 1.0000000 1.0000 0.8567763 0.8568 0.8638653 0.8639 0.6008026 0.6008
02:17:42 <INFO> Score: 0.74 Agent NLL: 14.21 Valid: 100% Step: 56
 | Agent Prior Target Score SMILES SMILES_state Scaffold DASA DASA (raw) Solubility Solubility (raw) xTB_Gap xTB_Gap (raw) WaterSwitch WaterSwitch (raw)
 | 13.4844 58.5801 52.2131 0.8655721 O=C1CNCN(C=CC=CC(O)=C2C(=O)NCCCOC2=O)C1 1 O=C1CNCN(C=CC=CC=C2C(=O)NCCCOC2=O)C1 1.0000000 1.0000 0.7864689 0.7865 0.6529106 0.6529 0.8631119 0.8631
 | 27.6181 65.2834 50.4279 0.9039944 NC=CC=CC(O)=C1C(=O)NC(=O)C2CNC(CCCCCO)=C12 1 C=C1C(=O)NC(=O)C2CNC=C12 1.0000000 1.0000 0.7183006 0.7183 0.8822511 0.8823 0.9555043 0.9555
 | 15.7316 69.2812 -24.3440 0.3510719 COC=C1CCN1C=CC=CC(O)=C1C(=O)NC(=N)C(=O)NC1=O 1 C=C1CCN1C=CC=CC=C1C(=O)NC(=N)C(=O)NC1=O 1.0000000 1.0000 0.7543923 0.7544 0.0002707 0.0003 0.7858283 0.7858
 | 10.3224 55.5288 50.4700 0.8281153 O=C1NC(=O)C(=C(O)C=CC=CN2CCC2)C(NOCCO)N1 1 O=C1NCC(=CC=CC=CN2CCC2)C(=O)N1 1.0000000 1.0000 0.8165087 0.8165 0.4784187 0.4784 0.8121904 0.8122
 | 9.9795 43.9207 54.0307 0.7652450 O=C1CCCC(=C(O)C=CC=CN2CCCC2)C(=O)N1 1 O=C1CCCC(=CC=CC=CN2CCCC2)C(=O)N1 1.0000000 1.0000 0.5866621 0.5867 0.4884119 0.4884 0.7911173 0.7911
 | 16.9493 55.6529 49.7274 0.8232840 O=C1OCCCN1C=CC=CC(O)=C1C(=O)N1CCO 1 O=C1NC1=CC=CC=CN1CCCOC1=O 1.0000000 1.0000 0.7402244 0.7402 0.4876607 0.4877 0.8509684 0.8510
 | 14.1221 58.0734 37.2415 0.7446480 CCC1NC(=O)C(=C(O)C=CC=CN2CCNC2)CO1 1 O=C1NCOCC1=CC=CC=CN1CCNC1 1.0000000 1.0000 0.7240162 0.7240 0.3765751 0.3766 0.6793274 0.6793
 | 13.1669 58.5718 54.3699 0.8823564 CN1CCCN(C=CC=CC(O)=C2C(=O)NCOC(=O)NC2=O)C1 1 O=C1NC(=O)C(=CC=CC=CN2CCCNC2)C(=O)NCO1 1.0000000 1.0000 0.7453003 0.7453 0.9680148 0.9680 0.8271693 0.8272
 | 18.2387 72.7254 8.8728 0.6374864 CC1(O)CN(C=CC=CC(O)=C2C=NCNC2=O)CC(=O)N1 1 O=C1CN(C=CC=CC=C2C=NCNC2=O)CCN1 1.0000000 1.0000 0.8080224 0.8080 0.3556005 0.3556 0.3783649 0.3784
 | 14.7822 57.3585 62.4399 0.9359252 C=c1[nH]c(=O)c(=C(O)C=CC=CN2CC(CN)OC2=O)[nH]1 1 C=c1[nH]c(=O)c(=CC=CC=CN2CCOC2=O)[nH]1 1.0000000 1.0000 0.8372541 0.8373 0.9999925 1.0000 0.9136863 0.9137
02:17:43 <INFO> Sampled SMILES N1C(=O)C(=C(O)C=CC=CN2CCOC(C)O2C)CCC1 failed to sanitize.
02:18:00 <INFO> Score: 0.66 Agent NLL: 13.55 Valid:  98% Step: 57
 | Agent Prior Target Score SMILES SMILES_state Scaffold DASA DASA (raw) Solubility Solubility (raw) xTB_Gap xTB_Gap (raw) WaterSwitch WaterSwitch (raw)
 | 9.8328 53.8287 48.5614 0.7999233 O=C1NC(CO)OCC1=C(O)C=CC=CN1CCC1 1 O=C1NCOCC1=CC=CC=CN1CCC1 1.0000000 1.0000 0.7792462 0.7792 0.3295618 0.3296 0.8606089 0.8606
 | 7.9470 44.4080 56.0351 0.7847121 CC1=NC(=O)NC(=O)C1=C(O)C=CC=CN 1 C=C1C=NC(=O)NC1=O 1.0000000 1.0000 0.7546596 0.7547 0.8322935 0.8323 0.5837546 0.5838
 | 9.7249 47.8319 49.2290 0.7582882 CN1CC(O)C(=C(O)C=CC=CN2CCNCC2)C1=O 1 O=C1NCCC1=CC=CC=CN1CCNCC1 1.0000000 1.0000 0.7953511 0.7954 0.3202396 0.3202 0.7152676 0.7153
 | 9.4208 56.9928 60.7438 0.9198171 O=C1CN(C=CC=CC(O)=C2N=CCNC2=O)CC(CO)N1 1 O=C1CN(C=CC=CC=C2N=CCNC2=O)CCN1 1.0000000 1.0000 0.8342336 0.8342 0.8703646 0.8704 0.9102041 0.9102
 | 22.5033 63.8158 -63.8158 0.0000000 N1C(=O)C(=C(O)C=CC=CN2CCOC(C)O2C)CCC1 0 -- 0.0000000 0.0000 0.0000000 0.0000 0.0000000 0.0000 0.0000000 0.0000
 | 17.3174 72.3981 46.9477 0.9323886 N=c1oc(=C2NC(=O)NC2=O)[nH]c(=O)c1=C(O)C=CC=CNC(N)=O 1 C=c1c(=O)[nH]c(=C2NC(=O)NC2=O)oc1=N 1.0000000 1.0000 0.8917094 0.8917 0.9911349 0.9911 0.8633213 0.8633
 | 14.5386 54.6167 35.8038 0.7064104 O=C1CN(C=CC=CC(O)=C2C(=O)Nc3ccccc32)CC(=O)N1 1 O=C1CN(C=CC=CC=C2C(=O)Nc3ccccc32)CC(=O)N1 1.0000000 1.0000 0.6309061 0.6309 0.9917934 0.9918 0.4384662 0.4385
 | 15.4244 59.5606 34.2599 0.7329722 O=C(O)NC=CC=CC(O)=C1C(=O)NC(=O)C(CCO)NC1=O 1 C=C1C(=O)NCC(=O)NC1=O 1.0000000 1.0000 0.8386967 0.8387 0.4279230 0.4279 0.5497997 0.5498
 | 14.6568 58.3765 47.7297 0.8289545 CCN1C(=O)CN(C=CC=CC(O)=C2CCCCNC2=O)C(=O)C1=O 1 O=C1CN(C=CC=CC=C2CCCCNC2=O)C(=O)C(=O)N1 1.0000000 1.0000 0.6971564 0.6972 0.8647856 0.8648 0.7348569 0.7349
 | 21.1413 60.5457 43.6208 0.8138006 CON=C1CC(=C(O)C=CC=CN2CCC2O)C(=O)N1C 1 N=C1CC(=CC=CC=CN2CCC2)C(=O)N1 1.0000000 1.0000 0.7051850 0.7052 0.9720611 0.9721 0.6552182 0.6552
02:18:18 <INFO> Score: 0.68 Agent NLL: 12.61 Valid: 100% Step: 58
 | Agent Prior Target Score SMILES SMILES_state Scaffold DASA DASA (raw) Solubility Solubility (raw) xTB_Gap xTB_Gap (raw) WaterSwitch WaterSwitch (raw)
 | 14.7328 56.8726 36.1981 0.7271149 CC1CC(=C(O)C=CC=CN2CCN(CCO)C(=O)C2)C(=O)N1 1 O=C1CN(C=CC=CC=C2CCNC2=O)CCN1 1.0000000 1.0000 0.7607730 0.7608 0.2402116 0.2402 0.7149015 0.7149
 | 12.7711 54.1318 51.0079 0.8214033 NC=CC=CC(O)=C1C(=O)NC(N2CC2)C1=O 1 C=C1C(=O)NC(N2CC2)C1=O 1.0000000 1.0000 0.8455877 0.8456 0.7525155 0.7525 0.6494799 0.6495
 | 16.9968 64.6848 42.6328 0.8384182 NCCCCC1NC(=O)C(=C(O)C=CC=CN2OCCCO2)C(=O)NC1=O 1 O=C1CNC(=O)C(=CC=CC=CN2OCCCO2)C(=O)N1 1.0000000 1.0000 0.7515756 0.7516 0.9936777 0.9937 0.6850673 0.6851
 | 11.9768 44.5442 55.8101 0.7840181 CC1(C)NC(=O)NC(=O)C1=C(O)C=CC=CN1CCCC(O)C1 1 O=C1NCC(=CC=CC=CN2CCCCC2)C(=O)N1 1.0000000 1.0000 0.6550956 0.6551 0.3911848 0.3912 0.8589714 0.8590
 | 8.8502 49.9696 35.9321 0.6711068 O=C1NC(=O)C(=C(O)C=CC=CN2CCCO2)C(=O)O1 1 O=C1NC(=O)C(=CC=CC=CN2CCCO2)C(=O)O1 1.0000000 1.0000 0.7434268 0.7434 0.8875339 0.8875 0.3399568 0.3400
 | 11.7091 56.2775 53.4509 0.8572536 O=C1NNCCOC(=O)C1=C(O)C=CC=CN1CCCC1 1 O=C1NNCCOC(=O)C1=CC=CC=CN1CCCC1 1.0000000 1.0000 0.7475049 0.7475 0.7206827 0.7207 0.8363334 0.8363
 | 17.1330 56.2921 26.1870 0.6443682 CC(=O)N=C1NC(=O)C(=C(O)C=CC=CN2CCOCC2)CCS1 1 N=C1NC(=O)C(=CC=CC=CN2CCOCC2)CCS1 1.0000000 1.0000 0.5874549 0.5875 0.3863077 0.3863 0.4830552 0.4831
 | 11.7592 55.9130 41.1548 0.7583422 O=C1NCCNC(=O)C1=C(O)C=CC=CN1CC=CC(O)C1O 1 O=C1NCCNC(=O)C1=CC=CC=CN1CC=CCC1 1.0000000 1.0000 0.8293645 0.8294 0.3351559 0.3352 0.6815824 0.6816
 | 8.4151 43.9576 74.1278 0.9225414 CCNC=CC=CC(O)=C1C(=O)NOC1=O 1 C=C1C(=O)NOC1=O 1.0000000 1.0000 0.8019889 0.8020 0.8969116 0.8969 0.9363107 0.9363
 | 18.7959 70.3514 31.6972 0.7972548 NC1CCN(C=CC=CC(O)=C2C(=O)NC(=O)N(C(O)C(N)CO)C2O)C1=O 1 O=C1NCC(=CC=CC=CN2CCCC2=O)C(=O)N1 1.0000000 1.0000 0.8907523 0.8908 0.3595440 0.3595 0.7450161 0.7450
02:18:37 <INFO> Score: 0.78 Agent NLL: 13.59 Valid: 100% Step: 59
 | Agent Prior Target Score SMILES SMILES_state Scaffold DASA DASA (raw) Solubility Solubility (raw) xTB_Gap xTB_Gap (raw) WaterSwitch WaterSwitch (raw)
 | 11.4566 50.7173 44.5006 0.7438898 CC1NC(=O)NC(=O)C1=C(O)C=CC=CNOCCO 1 C=C1CNC(=O)NC1=O 1.0000000 1.0000 0.8111815 0.8112 0.1142093 0.1142 0.9724451 0.9724
 | 9.5744 49.8232 71.0054 0.9439734 NC1CCN(C=CC=CC(O)=C2C(=O)NCC(=O)NC2=O)C1 1 O=C1CNC(=O)C(=CC=CC=CN2CCCC2)C(=O)N1 1.0000000 1.0000 0.8367225 0.8367 0.9973588 0.9974 0.9418545 0.9419
 | 10.1351 51.7652 66.2796 0.9222253 CN1N=C(N)C(=C(O)C=CC=CNCCO)C1=O 1 C=C1C=NNC1=O 1.0000000 1.0000 0.8462166 0.8462 0.6833780 0.6834 0.9947545 0.9948
 | 9.1393 47.1181 66.4874 0.8875425 O=C1CNC(=O)C(=C(O)C=CC=CN2CCSCC2)C(=O)N1 1 O=C1CNC(=O)C(=CC=CC=CN2CCSCC2)C(=O)N1 1.0000000 1.0000 0.7623244 0.7623 0.9362414 0.9362 0.8399687 0.8400
 | 10.6618 52.3058 52.8638 0.8216375 CN1OC(=O)C(=C(O)C=CC=CN2CCC(=O)NC2=O)C1=O 1 O=C1CCN(C=CC=CC=C2C(=O)NOC2=O)C(=O)N1 1.0000000 1.0000 0.7689396 0.7689 0.6021868 0.6022 0.7589750 0.7590
 | 20.1867 63.3505 48.6721 0.8751769 O=C1NC(O)(CNCCCO)NC(=O)C1=C(O)C=CC=CN1CCCC1 1 O=C1NCNC(=O)C1=CC=CC=CN1CCCC1 1.0000000 1.0000 0.8244610 0.8245 0.8429987 0.8430 0.7857072 0.7857
 | 13.5565 46.5183 69.8725 0.9093032 O=C(O)CNC=CC=CC(O)=C1CC(=O)NC1=O 1 C=C1CC(=O)NC1=O 1.0000000 1.0000 0.8235875 0.8236 0.6282683 0.6283 0.9989765 0.9990
 | 9.0401 47.7511 60.6766 0.8470913 O=C1NCCCOC(=O)C1=C(O)C=CC=CN1CCCC1 1 O=C1NCCCOC(=O)C1=CC=CC=CN1CCCC1 1.0000000 1.0000 0.6672660 0.6673 0.9997438 0.9997 0.7737168 0.7737
 | 14.1678 54.3058 12.3977 0.5211212 O=C1NCCCCC1=C(O)C=CC=CN1CC=CO1 1 O=C1NCCCCC1=CC=CC=CN1CC=CO1 1.0000000 1.0000 0.5768590 0.5769 0.2809722 0.2810 0.2695363 0.2695
 | 12.8299 57.5301 53.9832 0.8711979 CC(=O)NC1NC(=C(O)C=CC=CN2CCNC(=O)C2)C(=O)N1C 1 O=C1CN(C=CC=CC=C2NCNC2=O)CCN1 1.0000000 1.0000 0.8233697 0.8234 0.6442844 0.6443 0.8566313 0.8566
02:18:52 <INFO> Score: 0.67 Agent NLL: 13.34 Valid: 100% Step: 60
 | Agent Prior Target Score SMILES SMILES_state Scaffold DASA DASA (raw) Solubility Solubility (raw) xTB_Gap xTB_Gap (raw) WaterSwitch WaterSwitch (raw)
 | 13.2055 51.2153 48.9680 0.7826821 O=C1NC(=O)c2ccccc2C(O)C1=C(O)C=CC=CN(CCO)CCO 1 C=C1Cc2ccccc2C(=O)NC1=O 1.0000000 1.0000 0.7013985 0.7014 0.3281637 0.3282 0.8666488 0.8666
 | 13.2627 54.4992 44.8484 0.7761530 C=C1C(=O)CNC(=O)C1=C(O)C=CC=CNCCO 1 C=C1C(=C)C(=O)NCC1=O 1.0000000 1.0000 0.8096932 0.8097 0.9211282 0.9211 0.5137028 0.5137
 | 6.6023 46.5423 71.7849 0.9244306 O=C1CNC(=O)C(=C(O)C=CC=CN(CCO)CCO)C(=O)N1 1 C=C1C(=O)NCC(=O)NC1=O 1.0000000 1.0000 0.8831807 0.8832 0.9538568 0.9539 0.8570033 0.8570
 | 9.5090 47.0571 65.5089 0.8794216 O=C1NC(=O)N(CCO)C1=C(O)C=CC=CN1CCNCC1 1 O=C1NC(=O)C(=CC=CC=CN2CCNCC2)N1 1.0000000 1.0000 0.8122108 0.8122 0.7627685 0.7628 0.8385260 0.8385
 | 7.4809 44.4080 -44.4080 0.0000000 CC1=NC(=O)NC(=O)C1=C(O)C=CC=CN 1 C=C1C=NC(=O)NC1=O 1.0000000 1.0000 0.7546596 0.7547 0.8322935 0.8323 0.5837546 0.5838
 | 21.4267 67.4829 18.4735 0.6715348 CC1=CCN(C=CC=CC(O)=C2C(=O)NC(=O)NC2NC2=NCCS2)C1 1 O=C1NC(=O)C(=CC=CC=CN2CC=CC2)C(NC2=NCCS2)N1 1.0000000 1.0000 0.6182574 0.6183 0.7086228 0.7086 0.4256705 0.4257
 | 20.1206 59.7162 62.8021 0.9571740 CCN(O)NC=CC=CC(O)=C1C(=O)NC(=O)C(O)C1=O 1 C=C1C(=O)CC(=O)NC1=O 1.0000000 1.0000 0.8519311 0.8519 0.9580158 0.9580 0.9886128 0.9886
 | 18.1394 54.8901 17.2169 0.5633354 O=C1NN(c2ccccc2)C=CC1=C(O)C=CC=CNCCCO 1 C=C1C=CN(c2ccccc2)NC1=O 1.0000000 1.0000 0.5436432 0.5436 0.7901180 0.7901 0.2487247 0.2487
 | 18.2949 63.3519 34.6182 0.7653914 CN1NNNC(C(=O)O)C(=C(O)C=CC=CN2CCCC2)C1=O 1 O=C1NNNNCC1=CC=CC=CN1CCCC1 1.0000000 1.0000 0.7890308 0.7890 0.4106900 0.4107 0.6764238 0.6764
 | 13.8025 57.2465 33.3152 0.7075132 O=C1NC(=O)C(=C(O)C=CC=CN2CCC=C2NO)C(=O)N1 1 O=C1NC(=O)C(=CC=CC=CN2C=CCC2)C(=O)N1 1.0000000 1.0000 0.7748214 0.7748 0.0755190 0.0755 0.9923889 0.9924
02:19:10 <INFO> Score: 0.69 Agent NLL: 14.51 Valid: 100% Step: 61
 | Agent Prior Target Score SMILES SMILES_state Scaffold DASA DASA (raw) Solubility Solubility (raw) xTB_Gap xTB_Gap (raw) WaterSwitch WaterSwitch (raw)
 | 19.0769 60.0150 45.3219 0.8229447 CN1C(=S)NC(=O)C(=C(O)C=CC=CN2CCNC(=O)C2)C1O 1 O=C1CN(C=CC=CC=C2CNC(=S)NC2=O)CCN1 1.0000000 1.0000 0.8020792 0.8021 0.9931125 0.9931 0.6128280 0.6128
 | 29.7963 74.2193 2.6793 0.6007702 CN1C(=O)C(C#N)N2C(=O)CNC(=O)C(=C(O)C=CC=CN3CCCC3)C12 1 O=C1CN2C(=O)CNC(=O)C(=CC=CC=CN3CCCC3)C2N1 1.0000000 1.0000 0.7361056 0.7361 0.1235072 0.1235 0.4937998 0.4938
 | 14.8903 42.5189 39.0403 0.6371816 C=CC1(C)CC(=O)C(=C(O)C=CC=CN2CCOCC2)O1 1 O=C1CCOC1=CC=CC=CN1CCOCC1 1.0000000 1.0000 0.5399904 0.5400 0.9997324 0.9997 0.3468505 0.3469
 | 4.7364 42.6361 -42.6361 0.0000000 NC=CC=CC(O)=C1C(=O)NC(=O)OC1=O 1 C=C1C(=O)NC(=O)OC1=O 1.0000000 1.0000 0.8195980 0.8196 0.9192364 0.9192 0.9123697 0.9124
 | 28.2267 67.9575 20.3217 0.6896809 C=CC(O)C1CN(C=CC=CC(O)=C2OC(C)C(=O)NC2=O)C(=O)O1 1 O=C1COC(=CC=CC=CN2CCOC2=O)C(=O)N1 1.0000000 1.0000 0.7139307 0.7139 0.1145650 0.1146 0.8280396 0.8280
 | 12.5614 59.8246 52.9490 0.8810435 O=C1NC(=O)C(O)NC(=O)C1=C(O)C=CC=CN1CC=CC(O)C1O 1 O=C1CNC(=O)C(=CC=CC=CN2CC=CCC2)C(=O)N1 1.0000000 1.0000 0.8726575 0.8727 0.8274731 0.8275 0.7754886 0.7755
 | 9.3157 44.3815 59.7062 0.8131857 O=C1CN(C=CC=CC(O)=C2C(=O)NC(=O)C2=O)CCN1 1 O=C1CN(C=CC=CC=C2C(=O)NC(=O)C2=O)CCN1 1.0000000 1.0000 0.8519711 0.8520 0.7431899 0.7432 0.6272048 0.6272
 | 13.3087 54.7565 60.8666 0.9033056 O=C1CN(C=CC=CC(O)=C2C(=O)NC(=O)N(C(CO)CO)C2=O)CCN1 1 O=C1CN(C=CC=CC=C2C(=O)NC(=O)NC2=O)CCN1 1.0000000 1.0000 0.8638950 0.8639 0.9093926 0.9094 0.8204736 0.8205
 | 16.3317 57.2343 34.2589 0.7147901 CNCC1NNC(=O)C1=C(O)C=CC=CN 1 C=C1CNNC1=O 1.0000000 1.0000 0.8618170 0.8618 0.2864262 0.2864 0.5753226 0.5753
 | 10.5067 51.9604 36.3078 0.6895949 CN1C(=O)NCC(=C(O)C=CC=CNCCO)C1=O 1 C=C1CNC(=O)NC1=O 1.0000000 1.0000 0.8127463 0.8127 0.0653371 0.0653 0.9270514 0.9271
02:19:31 <INFO> Score: 0.67 Agent NLL: 12.17 Valid: 100% Step: 62
 | Agent Prior Target Score SMILES SMILES_state Scaffold DASA DASA (raw) Solubility Solubility (raw) xTB_Gap xTB_Gap (raw) WaterSwitch WaterSwitch (raw)
 | 8.2944 55.6865 56.0783 0.8731630 CN1C(=O)C(=O)C(=c2[nH]c(=O)[nH]c(=O)c2=C(O)C=CC=CN)C1=O 1 C=c1c(=O)[nH]c(=O)[nH]c1=C1C(=O)NC(=O)C1=O 1.0000000 1.0000 0.9049872 0.9050 0.7252723 0.7253 0.7691783 0.7692
 | 15.8972 59.4390 43.4656 0.8039418 NCC1COCCN1C=CC=CC(O)=C1C(=O)NCCCNC1=O 1 O=C1NCCCNC(=O)C1=CC=CC=CN1CCOCC1 1.0000000 1.0000 0.7969035 0.7969 0.4522246 0.4522 0.7644005 0.7644
 | 15.9472 62.2999 45.6053 0.8430094 NC(CO)C1NC(=O)C(=C(O)C=CC=CN2CC2)C1=O 1 O=C1CNC(=O)C1=CC=CC=CN1CC1 1.0000000 1.0000 0.8650892 0.8651 0.9994434 0.9994 0.6265842 0.6266
 | 10.4029 56.1941 47.4667 0.8098497 O=C1CN(C=CC=CC(O)=C2C(=O)NOC2=O)CC(CO)N1 1 O=C1CN(C=CC=CC=C2C(=O)NOC2=O)CCN1 1.0000000 1.0000 0.8620984 0.8621 0.8808520 0.8809 0.5752527 0.5753
 | 6.4044 50.5815 56.0933 0.8333972 O=C1NCNC(=O)C1=C(O)C=CC=CNCCO 1 C=C1C(=O)NCNC1=O 1.0000000 1.0000 0.8725645 0.8726 0.4216813 0.4217 0.8277676 0.8278
 | 12.7253 56.0901 35.2909 0.7139135 COC1NN(C)C(=O)C1=C(O)C=CC=CNCCN 1 C=C1CNNC1=O 1.0000000 1.0000 0.8339863 0.8340 0.2071239 0.2071 0.6631297 0.6631
 | 8.4992 53.7768 51.6750 0.8238425 O=C1NCCCOC(=O)C1=C(O)C=CC=CN1CCCO1 1 O=C1NCCCOC(=O)C1=CC=CC=CN1CCCO1 1.0000000 1.0000 0.7105966 0.7106 0.6684125 0.6684 0.7813850 0.7814
 | 7.7893 50.7066 17.6810 0.5342780 CC1NC(=O)C(=C(O)C=CC=CNCCO)CO1 1 C=C1COCNC1=O 1.0000000 1.0000 0.7994875 0.7995 0.0422390 0.0422 0.4671575 0.4672
 | 9.0316 53.2006 63.0555 0.9082505 O=C1CN(C=CC=CC(O)=C2C(=O)NC(O)NC2=O)CCN1 1 O=C1CN(C=CC=CC=C2C(=O)NCNC2=O)CCN1 1.0000000 1.0000 0.8772345 0.8772 0.8361254 0.8361 0.8526199 0.8526
 | 15.3998 56.1550 37.6744 0.7330416 CCC=C1CCCC2=C1C(=C(O)C=CC=CN)C(=O)N2 1 C=C1CCCC2=C1C(=C)C(=O)N2 1.0000000 1.0000 0.4397715 0.4398 0.8841353 0.8841 0.6798988 0.6799
02:19:49 <INFO> Score: 0.72 Agent NLL: 13.34 Valid: 100% Step: 63
 | Agent Prior Target Score SMILES SMILES_state Scaffold DASA DASA (raw) Solubility Solubility (raw) xTB_Gap xTB_Gap (raw) WaterSwitch WaterSwitch (raw)
 | 13.7753 61.7379 27.5463 0.6975328 O=C1NCC(O)NC(=O)C1=C(O)C=CC=CN1CCCOS1(=O)=O 1 O=C1NCCNC(=O)C1=CC=CC=CN1CCCOS1(=O)=O 1.0000000 1.0000 0.8239588 0.8240 0.3320063 0.3320 0.5184079 0.5184
 | 12.5237 57.5077 48.7916 0.8304634 O=C1NC(=O)C(=C(O)C=CC=CN2CCC(=NO)C2)C(O)N1 1 N=C1CCN(C=CC=CC=C2CNC(=O)NC2=O)C1 1.0000000 1.0000 0.7809211 0.7809 0.3808742 0.3809 0.9235455 0.9235
 | 7.8151 52.2390 -52.2390 0.0000000 O=C1CC(O)C(=C(O)C=CC=CNCCO)C(=O)N1 1 C=C1CCC(=O)NC1=O 1.0000000 1.0000 0.8561311 0.8561 0.4898487 0.4898 0.9877457 0.9877
 | 14.2877 52.4378 16.3875 0.5376973 CC=C1C(=O)C(=C(O)C=CC=CN2CC2)C(=O)N1C 1 C=C1NC(=O)C(=CC=CC=CN2CC2)C1=O 1.0000000 1.0000 0.6789959 0.6790 0.5154481 0.5154 0.2111521 0.2112
 | 12.4887 49.7541 66.5318 0.9084840 NC=CC=CC(O)=c1c(=O)[nH]c(=O)[nH]c1=C[N+](=O)[O-] 1 C=c1[nH]c(=O)[nH]c(=O)c1=C 1.0000000 1.0000 0.8811367 0.8811 0.7999880 0.8000 0.8647332 0.8647
 | 8.7393 48.2369 68.9425 0.9154645 O=C1CC(O)C(=C(O)C=CC=CN(CCO)CCO)C(=O)N1 1 C=C1CCC(=O)NC1=O 1.0000000 1.0000 0.8602150 0.8602 0.7509396 0.7509 0.9251943 0.9252
 | 18.8035 64.6064 51.7385 0.9089439 CCOC=c1[nH]c(=C(O)C=CC=CNCO)c(=O)[nH]c1=O 1 C=c1[nH]c(=C)c(=O)[nH]c1=O 1.0000000 1.0000 0.8689489 0.8689 0.6435657 0.6436 0.9497180 0.9497
 | 16.9476 52.5179 42.8377 0.7449657 CC1(C)CN(C=CC=CC(O)=C2CC(O)CNC2=O)C(=O)O1 1 O=C1NCCCC1=CC=CC=CN1CCOC1=O 1.0000000 1.0000 0.6607330 0.6607 0.2101170 0.2101 0.9068124 0.9068
 | 14.2477 58.7983 55.0167 0.8891801 CC1NC(=O)C(=C(O)C=CC=CNS(=O)(=O)O)N1 1 C=C1NCNC1=O 1.0000000 1.0000 0.8239794 0.8240 0.7189518 0.7190 0.8803203 0.8803
 | 11.6975 50.1597 58.3481 0.8477174 O=C1NCCNC(=O)C1=C(O)C=CC=CN1CCN(CCO)CC1 1 O=C1NCCNC(=O)C1=CC=CC=CN1CCNCC1 1.0000000 1.0000 0.8293607 0.8294 0.6065572 0.6066 0.7947179 0.7947
02:19:50 <INFO> Sampled SMILES N1C(=O)NC(=O)C(=C(O)C=CC=CN2CC=c3c2ccc(Cl)c3)C12NCC(=O)NC2=O failed to sanitize.
02:20:17 <INFO> Score: 0.69 Agent NLL: 14.56 Valid:  98% Step: 64
 | Agent Prior Target Score SMILES SMILES_state Scaffold DASA DASA (raw) Solubility Solubility (raw) xTB_Gap xTB_Gap (raw) WaterSwitch WaterSwitch (raw)
 | 30.2321 81.6531 19.7614 0.7923004 O=C1NC(=O)C(=C(O)C=CC=CN2CN(C3CCCC3)CC2CCO)C(NNO)N1 1 O=C1NCC(=CC=CC=CN2CCN(C3CCCC3)C2)C(=O)N1 1.0000000 1.0000 0.7241623 0.7242 0.9918246 0.9918 0.5823893 0.5824
 | 10.8518 48.5185 61.3298 0.8581895 O=C(O)NC=CC=CC(O)=C1C(=O)NC(=O)OC1=O 1 C=C1C(=O)NC(=O)OC1=O 1.0000000 1.0000 0.7796231 0.7796 0.4576674 0.4577 0.9643252 0.9643
 | 16.4027 57.0851 -57.0851 0.0000000 NCCNC=CC=CC(O)=C1C(=O)NC(=O)NC1C(=O)OCCO 1 C=C1CNC(=O)NC1=O 1.0000000 1.0000 0.8713079 0.8713 0.4206432 0.4206 0.9611818 0.9612
 | 11.6059 47.3310 36.0482 0.6513998 CC(=O)NC=CC=CC(O)=C1C(=O)NC(=O)N=C1C 1 C=C1C=NC(=O)NC1=O 1.0000000 1.0000 0.7183831 0.7184 0.8747002 0.8747 0.3171549 0.3172
 | 12.1274 53.2949 53.8304 0.8369160 C=CCNC=CC=CC(O)=C1C(=O)NC(CO)NC1=O 1 C=C1C(=O)NCNC1=O 1.0000000 1.0000 0.8373271 0.8373 0.7377338 0.7377 0.7021302 0.7021
 | 11.7292 48.3197 45.0630 0.7295526 O=C1NNCCC1=C(O)C=CC=CN1CCOCC1 1 O=C1NNCCC1=CC=CC=CN1CCOCC1 1.0000000 1.0000 0.7590268 0.7590 0.3177873 0.3178 0.6521117 0.6521
 | 14.1366 41.6518 40.3842 0.6409062 CC1CCN(C=CC=CC(O)=C2CCCC2=O)CC1 1 O=C1CCCC1=CC=CC=CN1CCCCC1 1.0000000 1.0000 0.3343398 0.3343 0.4615514 0.4616 0.6771855 0.6772
 | 13.7744 52.3932 25.2985 0.6069657 O=C1Nc2ccccc2C1=C(O)C=CC=CN1CCCC(=NO)C1 1 N=C1CCCN(C=CC=CC=C2C(=O)Nc3ccccc32)C1 1.0000000 1.0000 0.3616894 0.3617 0.3328309 0.3328 0.6006111 0.6006
 | 14.9088 48.1664 55.6367 0.8109619 C=c1oc(=C(O)C=CC=CN2CCCC2)c(=O)[nH]c1=O 1 C=c1oc(=CC=CC=CN2CCCC2)c(=O)[nH]c1=O 1.0000000 1.0000 0.7779975 0.7780 0.8257693 0.8258 0.6394711 0.6395
 | 10.2413 48.9317 55.0299 0.8122002 CN1NC(=O)C(=C(O)C=CC=CN2CCNC(=O)C2)C1=O 1 O=C1CN(C=CC=CC=C2C(=O)NNC2=O)CCN1 1.0000000 1.0000 0.8368450 0.8368 0.7956046 0.7956 0.6171174 0.6171
02:20:44 <INFO> Score: 0.75 Agent NLL: 13.66 Valid: 100% Step: 65
 | Agent Prior Target Score SMILES SMILES_state Scaffold DASA DASA (raw) Solubility Solubility (raw) xTB_Gap xTB_Gap (raw) WaterSwitch WaterSwitch (raw)
 | 15.4510 58.6280 57.1742 0.9047047 NC1=CC(=C(O)C=CC=CN2CNCC2=O)C(=O)NC1 1 O=C1NCC=CC1=CC=CC=CN1CNCC1=O 1.0000000 1.0000 0.8208845 0.8209 0.6433236 0.6433 0.9757487 0.9757
 | 13.7653 57.0583 61.3925 0.9253971 O=C1NC(=O)C(=C(O)C=CC=CN2CC(=NO)C2CO)C(=O)N1 1 N=C1CN(C=CC=CC=C2C(=O)NC(=O)NC2=O)C1 1.0000000 1.0000 0.8302503 0.8303 0.9965083 0.9965 0.8861767 0.8862
 | 8.4125 48.1628 64.9356 0.8835819 O=C1NC(=O)C(=C(O)C=CC=CN2CC2)C(=O)O1 1 O=C1NC(=O)C(=CC=CC=CN2CC2)C(=O)O1 1.0000000 1.0000 0.7870146 0.7870 0.8841873 0.8842 0.8253568 0.8254
 | 13.3191 46.9466 53.7853 0.7869686 CONC=CC=CC(O)=C1CC=CC1=O 1 C=C1CC=CC1=O 1.0000000 1.0000 0.6733413 0.6733 0.5386188 0.5386 0.7558738 0.7559
 | 23.5503 56.8161 53.7112 0.8634940 C#CC1C(=O)NC(=O)C(=C(O)C=CC=CN2CCCCC2)C1=NO 1 N=C1CC(=O)NC(=O)C1=CC=CC=CN1CCCCC1 1.0000000 1.0000 0.6337138 0.6337 0.9856590 0.9857 0.8625969 0.8626
 | 9.2655 43.1766 52.8108 0.7499013 O=C1NCC=NC1=C(O)C=CC=CN1CCOCC1 1 O=C1NCC=NC1=CC=CC=CN1CCOCC1 1.0000000 1.0000 0.7495425 0.7495 0.8861881 0.8862 0.4917218 0.4917
 | 12.0876 59.3412 48.3413 0.8412694 CN1CCCN(C=CC=CC(O)=c2[nH]c(=CCl)[nH]c2=O)C1 1 C=c1[nH]c(=O)c(=CC=CC=CN2CCCNC2)[nH]1 1.0000000 1.0000 0.7270824 0.7271 0.9880284 0.9880 0.7119174 0.7119
 | 16.0850 55.6970 47.5123 0.8063225 Cn1c(=CC(=O)O)[nH]c(=O)c(=C(O)C=CC=CN)c1=O 1 C=c1[nH]c(=O)c(=C)c(=O)[nH]1 1.0000000 1.0000 0.8824453 0.8824 0.9699584 0.9700 0.5372407 0.5372
 | 13.3771 48.2908 47.2088 0.7460908 CC1NC=NNC(=O)C1=C(O)C=CC=CN 1 C=C1CNC=NNC1=O 1.0000000 1.0000 0.8039374 0.8039 0.1432031 0.1432 0.9083918 0.9084
 | 13.6023 50.2504 45.5718 0.7486106 CC1CN(C=CC=CC(O)=C2C(=O)NC(=O)OC2=O)C(=O)O1 1 O=C1NC(=O)C(=CC=CC=CN2CCOC2=O)C(=O)O1 1.0000000 1.0000 0.7069162 0.7069 0.7583924 0.7584 0.5415364 0.5415
02:21:05 <INFO> Score: 0.67 Agent NLL: 13.74 Valid: 100% Step: 66
 | Agent Prior Target Score SMILES SMILES_state Scaffold DASA DASA (raw) Solubility Solubility (raw) xTB_Gap xTB_Gap (raw) WaterSwitch WaterSwitch (raw)
 | 12.3341 48.0660 29.8742 0.6089075 O=C1NCCCC1=C(O)C=CC=CN1C=CC=CC1 1 O=C1NCCCC1=CC=CC=CN1C=CC=CC1 1.0000000 1.0000 0.5441461 0.5441 0.7956606 0.7957 0.3223303 0.3223
 | 20.3861 63.3195 26.1437 0.6989313 O=C1NC(CF)NC(=O)C1=C(O)C=CC=CN1CN1 1 O=C1NCNC(=O)C1=CC=CC=CN1CN1 1.0000000 1.0000 0.8332572 0.8333 0.5918583 0.5919 0.4166778 0.4167
 | 13.8123 62.2046 28.7764 0.7107891 CN1CCCN(C=CC=CC(O)=C2C(=O)NN(C)CC2O)C1 1 O=C1NNCCC1=CC=CC=CN1CCCNC1 1.0000000 1.0000 0.7638135 0.7638 0.3856178 0.3856 0.5528096 0.5528
 | 17.8793 62.7349 46.0937 0.8502234 CNN1C(=N)C(=C(O)C=CC=CNCCO)C(=O)NC1=O 1 C=C1C(=N)NC(=O)NC1=O 1.0000000 1.0000 0.8344708 0.8345 0.8981437 0.8981 0.6896219 0.6896
 | 9.2626 53.6914 54.7319 0.8470575 O=C1CNC(=O)C(=C(O)C=CC=CN2CCC(O)CC2)C(=O)N1 1 O=C1CNC(=O)C(=CC=CC=CN2CCCCC2)C(=O)N1 1.0000000 1.0000 0.8037009 0.8037 0.8059985 0.8060 0.7294740 0.7295
 | 10.4556 50.8938 27.7291 0.6142417 CC1NC(=O)C(=C(O)C=CC=CN2CC2)C(=O)N1 1 O=C1NCNC(=O)C1=CC=CC=CN1CC1 1.0000000 1.0000 0.8014845 0.8015 0.1758298 0.1758 0.4373349 0.4373
 | 6.9149 50.8959 40.4041 0.7132816 O=C1CN(C=CC=CC(O)=C2C(=O)NCCNC2=O)CCN1 1 O=C1CN(C=CC=CC=C2C(=O)NCCNC2=O)CCN1 1.0000000 1.0000 0.8435652 0.8436 0.4760905 0.4761 0.4797703 0.4798
 | 7.3132 46.8064 53.4198 0.7830172 O=C1CCNC(=O)C1=C(O)C=CC=CN(CCO)CCO 1 C=C1C(=O)CCNC1=O 1.0000000 1.0000 0.8320387 0.8320 0.9038735 0.9039 0.5221918 0.5222
 | 12.2548 52.1182 54.7405 0.8348335 CN1CC(=C(O)C=CC=CN2CCCNC2)C(=O)NC1=O 1 O=C1NCC(=CC=CC=CN2CCCNC2)C(=O)N1 1.0000000 1.0000 0.7350480 0.7350 0.6025564 0.6026 0.8282540 0.8283
 | 6.5944 46.1747 -46.1747 0.0000000 CN1OC(=O)C(=C(O)C=CC=CNCCO)C1=O 1 C=C1C(=O)NOC1=O 1.0000000 1.0000 0.8348939 0.8349 0.9002956 0.9003 0.9276010 0.9276
02:21:22 <INFO> Score: 0.76 Agent NLL: 12.94 Valid: 100% Step: 67
 | Agent Prior Target Score SMILES SMILES_state Scaffold DASA DASA (raw) Solubility Solubility (raw) xTB_Gap xTB_Gap (raw) WaterSwitch WaterSwitch (raw)
 | 19.3624 64.5610 46.7952 0.8699702 NCCCNC1CCN(C=CC=CC(O)=C2C(=O)NCC(O)COC2=O)C1=O 1 O=C1NCCCOC(=O)C1=CC=CC=CN1CCCC1=O 1.0000000 1.0000 0.8256613 0.8257 0.9963199 0.9963 0.7224808 0.7225
 | 8.5496 50.3213 58.7001 0.8517302 O=C1CCNC(=C(O)C=CC=CN2CCCC2)C(=O)N1 1 O=C1CCNC(=CC=CC=CN2CCCC2)C(=O)N1 1.0000000 1.0000 0.7231983 0.7232 0.9089988 0.9090 0.7688916 0.7689
 | 7.6035 45.3698 72.3808 0.9199266 O=C1CN(C=CC=CC(O)=C2C(=O)NC(=O)NC2=O)CCN1 1 O=C1CN(C=CC=CC=C2C(=O)NC(=O)NC2=O)CCN1 1.0000000 1.0000 0.8371695 0.8372 0.9944890 0.9945 0.8638870 0.8639
 | 11.3363 54.7019 47.6124 0.7993299 CN1NC(=O)C(=C(O)C=CC=CNC(N)=O)C1=O 1 C=C1C(=O)NNC1=O 1.0000000 1.0000 0.8441411 0.8441 0.4084968 0.4085 0.7459220 0.7459
 | 12.8491 53.8189 55.8377 0.8566924 CN(C=CC=CC(O)=c1c(=O)[nH]oc1=C1C(=O)NC(=O)NC1=O)CCO 1 C=c1c(=O)[nH]oc1=C1C(=O)NC(=O)NC1=O 1.0000000 1.0000 0.8821840 0.8822 0.3685545 0.3686 0.9477124 0.9477
 | 10.1929 52.4674 42.7381 0.7437927 NC=CC=CC(O)=C1C(=O)NCCCCNC1=O 1 C=C1C(=O)NCCCCNC1=O 1.0000000 1.0000 0.7887831 0.7888 0.2383062 0.2383 0.7533665 0.7534
 | 15.2991 52.2719 53.1853 0.8238846 O=C1NN(CCO)C(=O)C1=C(O)C=CC=CN1CCOC1=O 1 O=C1NNC(=O)C1=CC=CC=CN1CCOC1=O 1.0000000 1.0000 0.8171156 0.8171 0.3782670 0.3783 0.8712883 0.8713
 | 14.6265 65.1682 37.8825 0.8050833 O=C1CCN(C=CC=CC(O)=c2c(=O)[nH]c(=CCl)[nH]c2=O)CN1 1 C=c1[nH]c(=O)c(=CC=CC=CN2CCC(=O)NC2)c(=O)[nH]1 1.0000000 1.0000 0.8089752 0.8090 0.9960112 0.9960 0.5648228 0.5648
 | 9.1236 48.8168 58.0654 0.8350168 C=C1NC(=O)C(=C(O)C=CC=CN(CCO)CCO)C1=O 1 C=C1NC(=O)C(=C)C1=O 1.0000000 1.0000 0.8258848 0.8259 0.9999951 1.0000 0.6281054 0.6281
 | 15.8119 53.7089 7.7648 0.4802630 CN1CCCC(=C(O)C=CC=CN2CCCNC2=N)C1=O 1 N=C1NCCCN1C=CC=CC=C1CCCNC1=O 1.0000000 1.0000 0.6327303 0.6327 0.0066763 0.0067 0.7760288 0.7760
02:21:38 <INFO> Score: 0.68 Agent NLL: 13.35 Valid: 100% Step: 68
 | Agent Prior Target Score SMILES SMILES_state Scaffold DASA DASA (raw) Solubility Solubility (raw) xTB_Gap xTB_Gap (raw) WaterSwitch WaterSwitch (raw)
 | 10.9154 58.5933 39.3575 0.7652408 O=C1NCCCNC(=O)C1=C(O)C=CC=CN1CNCC1=O 1 O=C1NCCCNC(=O)C1=CC=CC=CN1CNCC1=O 1.0000000 1.0000 0.8243866 0.8244 0.1429897 0.1430 0.9715856 0.9716
 | 9.9579 48.5878 52.1907 0.7873322 O=C1CN(C=CC=CC(O)=C2CC(O)CNC2=O)CCN1 1 O=C1CN(C=CC=CC=C2CCCNC2=O)CCN1 1.0000000 1.0000 0.8144790 0.8145 0.4524754 0.4525 0.7006889 0.7007
 | 8.5119 51.6660 54.7342 0.8312513 C=C1NC(=O)C(=C(O)C=CC=CN2C=CCC2)C1=O 1 C=C1NC(=O)C(=CC=CC=CN2C=CCC2)C1=O 1.0000000 1.0000 0.6612995 0.6613 0.8889423 0.8889 0.7637838 0.7638
 | 8.3207 42.4075 -42.4075 0.0000000 O=C1NC(=O)C(=C(O)C=CC=CN2CCCC2)C(=O)N1 1 O=C1NC(=O)C(=CC=CC=CN2CCCC2)C(=O)N1 1.0000000 1.0000 0.7427731 0.7428 0.9994412 0.9994 0.5002996 0.5003
 | 14.4189 58.4472 45.0419 0.8085084 O=C1NCNC(C(=O)O)C1=C(O)C=CC=CN1CCCOC1=O 1 O=C1NCNCC1=CC=CC=CN1CCCOC1=O 1.0000000 1.0000 0.7580902 0.7581 0.2640099 0.2640 0.9897764 0.9898
 | 19.2475 55.1781 43.1361 0.7680798 CC1CCCN(C=CC=CC(O)=C2C(=O)NNC2C(C)O)C1 1 O=C1NNCC1=CC=CC=CN1CCCCC1 1.0000000 1.0000 0.6686260 0.6686 0.5595307 0.5595 0.6901205 0.6901
 | 12.3541 52.8544 27.3161 0.6263327 C=CCNC=CC=CC(O)=C1ON(C)N(C)C1=O 1 C=C1ONNC1=O 1.0000000 1.0000 0.7275973 0.7276 0.7440273 0.7440 0.2923836 0.2924
 | 18.8623 58.9331 47.4639 0.8312264 CN(C)C1=NC(=C(O)C=CC=CN2CSCC2C(=O)O)C(=O)N1 1 O=C1NC=NC1=CC=CC=CN1CCSC1 1.0000000 1.0000 0.7081660 0.7082 0.9831232 0.9831 0.6985917 0.6986
 | 12.0560 54.8834 34.5215 0.6984755 NC(=O)NC=CC=CC(O)=C1C(=O)NC(CO)NC1=O 1 C=C1C(=O)NCNC1=O 1.0000000 1.0000 0.8803758 0.8804 0.1625330 0.1625 0.6477479 0.6477
 | 17.0481 64.1939 13.7450 0.6088975 N=C1CC=CCN1C=CC=CC(O)=C1N[SH](=O)(O)C(=O)NC1=O 1 N=C1CC=CCN1C=CC=CC=C1NS(=O)C(=O)NC1=O 1.0000000 1.0000 0.7012896 0.7013 0.3820641 0.3821 0.3508427 0.3508
02:21:54 <INFO> Score: 0.55 Agent NLL: 13.71 Valid: 100% Step: 69
 | Agent Prior Target Score SMILES SMILES_state Scaffold DASA DASA (raw) Solubility Solubility (raw) xTB_Gap xTB_Gap (raw) WaterSwitch WaterSwitch (raw)
 | 26.1747 82.2834 20.9154 0.8062402 O=C1NN(CCN2CCOCC2)C(O)C(=O)C1=C(O)C=CC=CN1CC(CO)=NO1 1 O=C1CN(CCN2CCOCC2)NC(=O)C1=CC=CC=CN1CC=NO1 1.0000000 1.0000 0.8330188 0.8330 0.9978583 0.9979 0.5548499 0.5548
 | 9.1078 54.7691 -54.7691 0.0000000 O=C1NC(=O)C(O)NC(=O)C1=C(O)C=CC=CNCCO 1 C=C1C(=O)NCC(=O)NC1=O 1.0000000 1.0000 0.9006961 0.9007 0.9999921 1.0000 0.9447482 0.9447
 | 15.7256 61.6159 60.0093 0.9501965 CON(C=CC=CC(O)=C1NNC(=O)NC1=O)COCOCO 1 C=C1NNC(=O)NC1=O 1.0000000 1.0000 0.8429544 0.8430 0.9965802 0.9966 0.9579110 0.9579
 | 13.0931 62.6432 47.2815 0.8587871 NC=CC=CC(O)=c1c(=O)[nH]c(=C2C(=O)NNC2=O)[nH]c1=O 1 C=c1c(=O)[nH]c(=C2C(=O)NNC2=O)[nH]c1=O 1.0000000 1.0000 0.9251243 0.9251 0.7825152 0.7825 0.6952704 0.6953
 | 8.1497 44.8568 75.8532 0.9430466 O=C1NC(=O)C(=C(O)C=CC=CN2CCC(O)C2)C(=O)N1 1 O=C1NC(=O)C(=CC=CC=CN2CCCC2)C(=O)N1 1.0000000 1.0000 0.8070771 0.8071 0.9955736 0.9956 0.9651297 0.9651
 | 14.9405 25.3875 -25.3874 0.0000006 CC(=O)NCC1NC(=O)OC1CO 1 O=C1NCCO1 0.0000000 0.0000 0.8925635 0.8926 0.0000000 0.0000 0.0000000 0.0000
 | 11.8527 51.6314 58.9535 0.8639447 C=c1c(=C(O)C=CC=CN2CCC(O)CC2)c(=O)[nH]c(=O)n1C 1 C=c1[nH]c(=O)[nH]c(=O)c1=CC=CC=CN1CCCCC1 1.0000000 1.0000 0.8127477 0.8127 0.6735488 0.6735 0.8270560 0.8271
 | 12.0788 47.0683 65.7441 0.8813470 O=C1CC(=C(O)C=CC=CN2C=CCC2)C(=O)N1 1 O=C1CC(=CC=CC=CN2C=CCC2)C(=O)N1 1.0000000 1.0000 0.6880750 0.6881 0.9907350 0.9907 0.8672812 0.8673
 | 12.4960 54.6196 -54.6196 0.0000000 CONC=CC=CC(O)=C1C(=O)NC(=O)C(C)NC1=O 1 C=C1C(=O)NCC(=O)NC1=O 1.0000000 1.0000 0.8268564 0.8269 0.7167070 0.7167 0.7605902 0.7606
 | 12.9340 61.8700 41.5141 0.8076887 CN1C(=O)C(=C(O)C=CC=CN2CCNC(=O)C2)NC1NC(=N)N 1 O=C1CN(C=CC=CC=C2NCNC2=O)CCN1 1.0000000 1.0000 0.8579344 0.8579 0.6011954 0.6012 0.6602783 0.6603
02:22:13 <INFO> Score: 0.64 Agent NLL: 14.01 Valid: 100% Step: 70
 | Agent Prior Target Score SMILES SMILES_state Scaffold DASA DASA (raw) Solubility Solubility (raw) xTB_Gap xTB_Gap (raw) WaterSwitch WaterSwitch (raw)
 | 9.7166 60.8406 58.8472 0.9350612 CCN1C(=O)CN(C=CC=CC(O)=C2C(=O)NCCNC2=O)C(=O)C1=O 1 O=C1CN(C=CC=CC=C2C(=O)NCCNC2=O)C(=O)C(=O)N1 1.0000000 1.0000 0.8318672 0.8319 0.9765410 0.9765 0.9234444 0.9234
 | 8.0937 52.7889 -52.7889 0.0000000 CN1CCCN(C=CC=CC(O)=C2C(=O)NCCNC2=O)C1 1 O=C1NCCNC(=O)C1=CC=CC=CN1CCCNC1 1.0000000 1.0000 0.7717467 0.7717 0.6444467 0.6444 0.8029845 0.8030
 | 18.7585 63.8674 54.8374 0.9273810 O=C1NC(=O)C(CN(CCO)CCO)C(O)NC(=O)C1=C(O)C=CC=CN(CCO)CCO 1 C=C1C(=O)NCCC(=O)NC1=O 1.0000000 1.0000 0.9177598 0.9178 0.9817600 0.9818 0.8326216 0.8326
 | 34.4040 76.0067 9.0891 0.6648105 C=C1CCN1C=CC=CC(O)=C1C(=O)NC(=O)OC2OC(OC)C13CCC23 1 C=C1CCN1C=CC=CC=C1C(=O)NC(=O)OC2OCC13CCC23 1.0000000 1.0000 0.4844839 0.4845 0.7597176 0.7597 0.4812837 0.4813
 | 23.1873 82.3612 35.2095 0.9185213 CN1C(=O)NC(=O)C(=C(O)C=CC=CN2CC(=NO)C(O)C(O)C2)C(O)NC1O 1 N=C1CCCN(C=CC=CC=C2CNCNC(=O)NC2=O)C1 1.0000000 1.0000 0.8638047 0.8638 0.8940405 0.8940 0.8736863 0.8737
 | 17.7817 55.7442 41.0628 0.7563048 COC1OC(=O)C2C(=C(O)C=CC=CN)C(=O)NC12 1 C=C1C(=O)NC2COC(=O)C12 1.0000000 1.0000 0.8116555 0.8117 0.4331819 0.4332 0.6234788 0.6235
 | 14.6492 47.0033 59.1627 0.8294222 CN(C)C=CC=CC(O)=C1C(=O)NC(=O)N(C)CC1(C)O 1 C=C1CCNC(=O)NC1=O 1.0000000 1.0000 0.7279899 0.7280 0.5774742 0.5775 0.8292761 0.8293
 | 22.5185 60.4067 28.2979 0.6930046 Cn1c(=CCl)oc(=O)c(=C(O)C=CC=CNC2CCOC2=O)c1=O 1 C=c1[nH]c(=O)c(=CC=CC=CNC2CCOC2=O)c(=O)o1 1.0000000 1.0000 0.7811680 0.7812 0.9870133 0.9870 0.3507963 0.3508
 | 8.0563 41.3806 68.2805 0.8567278 O=C1CCC(=C(O)C=CC=CN2CCCC2)C(=O)N1 1 O=C1CCC(=CC=CC=CN2CCCC2)C(=O)N1 1.0000000 1.0000 0.6467047 0.6467 0.9927495 0.9927 0.8250880 0.8251
 | 17.9645 62.8289 55.9737 0.9281456 CCN(CCO)C1NC(=O)NC(=O)C1=C(O)C=CC=CN1CCC(=O)N1 1 O=C1CCN(C=CC=CC=C2CNC(=O)NC2=O)N1 1.0000000 1.0000 0.8036409 0.8036 0.9263062 0.9263 0.9427030 0.9427
02:22:13 <INFO> Sampled SMILES O=C1NC(=O)C(=C(O)C=CC=CN2CCC(NC(=O)C(=CCO)(C)C)C2=O)C(=O)NC1 failed to sanitize.
02:22:26 <INFO> Score: 0.66 Agent NLL: 12.61 Valid:  98% Step: 71
 | Agent Prior Target Score SMILES SMILES_state Scaffold DASA DASA (raw) Solubility Solubility (raw) xTB_Gap xTB_Gap (raw) WaterSwitch WaterSwitch (raw)
 | 7.4429 49.0411 56.2125 0.8222941 O=C1CN(C=CC=CC(O)=C2C(=O)CCNC2=O)CCN1 1 O=C1CN(C=CC=CC=C2C(=O)CCNC2=O)CCN1 1.0000000 1.0000 0.8026043 0.8026 0.8074951 0.8075 0.6601813 0.6602
 | 12.5758 52.0277 43.8896 0.7493540 CN1C(=O)C(=C(O)C=CC=CN2CCC(=O)NC2=O)N=C1N 1 O=C1CCN(C=CC=CC=C2N=CNC2=O)C(=O)N1 1.0000000 1.0000 0.7832879 0.7833 0.9338837 0.9339 0.4653373 0.4653
 | 21.6739 68.3373 27.1753 0.7461919 CN1CC(=O)C(=C(O)C=CC=CN2C=CCC2)OC1(C)N 1 O=C1CNCOC1=CC=CC=CN1C=CCC1 1.0000000 1.0000 0.6482923 0.6483 0.9578695 0.9579 0.5236639 0.5237
 | 11.1834 61.8834 52.6747 0.8949845 CC1NC(=O)C(=C(O)C=CC=CN2CCN=C2N)C(=O)NC1O 1 O=C1NCCNC(=O)C1=CC=CC=CN1C=NCC1 1.0000000 1.0000 0.8410359 0.8410 0.9081113 0.9081 0.8118285 0.8118
 | 12.2760 47.2452 57.8859 0.8213367 CN1C(=O)NC(=O)C(=C(O)C=CC=CN2CCCO2)C1=O 1 O=C1NC(=O)C(=CC=CC=CN2CCCO2)C(=O)N1 1.0000000 1.0000 0.7417370 0.7417 0.9665711 0.9666 0.6521672 0.6522
 | 10.5296 55.2152 56.0739 0.8694464 O=C1NCOC(=O)C1=C(O)C=CC=CN1CCC=C1O 1 O=C1NCOC(=O)C1=CC=CC=CN1C=CCC1 1.0000000 1.0000 0.7184128 0.7184 0.9303531 0.9304 0.8211472 0.8211
 | 10.8617 42.6255 58.2704 0.7882485 CN1OCC(=C(O)C=CC=CN2CCCCC2)C1=O 1 O=C1NOCC1=CC=CC=CN1CCCCC1 1.0000000 1.0000 0.5996111 0.5996 0.7914823 0.7915 0.7176628 0.7177
 | 6.5847 41.7243 -41.7243 0.0000000 NC=CC=CC(O)=C1C(=O)NOC1=O 1 C=C1C(=O)NOC1=O 1.0000000 1.0000 0.8459268 0.8459 0.7256670 0.7257 0.9144258 0.9144
 | 6.9980 47.4344 44.1828 0.7157592 O=C1NCCNC(=O)C1=C(O)C=CC=CN1CCCC1 1 O=C1NCCNC(=O)C1=CC=CC=CN1CCCC1 1.0000000 1.0000 0.7524963 0.7525 0.7241442 0.7241 0.4518828 0.4519
 | 9.1958 48.0234 -48.0234 0.0000000 CC1=NC(=O)NC(=O)C1=C(O)C=CC=CN1CCNC(=O)C1 1 O=C1CN(C=CC=CC=C2C=NC(=O)NC2=O)CCN1 1.0000000 1.0000 0.7505749 0.7506 0.9874957 0.9875 0.1951759 0.1952
02:22:27 <INFO> Sampled SMILES N1C(=O)C(=C(O)C=CC=CN2CCC(=O)O)=C(N)C(=O)N2CC1 failed to sanitize.
02:22:39 <INFO> Score: 0.60 Agent NLL: 13.25 Valid:  98% Step: 72
 | Agent Prior Target Score SMILES SMILES_state Scaffold DASA DASA (raw) Solubility Solubility (raw) xTB_Gap xTB_Gap (raw) WaterSwitch WaterSwitch (raw)
 | 7.7550 50.3213 -50.3213 0.0000000 O=C1CCNC(=C(O)C=CC=CN2CCCC2)C(=O)N1 1 O=C1CCNC(=CC=CC=CN2CCCC2)C(=O)N1 1.0000000 1.0000 0.7231983 0.7232 0.9089988 0.9090 0.7688916 0.7689
 | 10.0256 48.1973 40.3145 0.6914986 O=C1NC(=O)S(=O)(=O)NC1=C(O)C=CC=CN1CCNCC1 1 O=C1NC(=O)S(=O)(=O)NC1=CC=CC=CN1CCNCC1 1.0000000 1.0000 0.8118374 0.8118 0.5620634 0.5621 0.4178538 0.4179
 | 10.3404 52.2669 57.6131 0.8584372 O=C1NNC(O)C1=C(O)C=CC=CN1CCCO1 1 O=C1NNCC1=CC=CC=CN1CCCO1 1.0000000 1.0000 0.8195873 0.8196 0.5610885 0.5611 0.8613568 0.8614
 | 20.7293 65.0196 15.7362 0.6309041 O=C1NC(=O)C2NC(=O)S(=O)(=O)N=C2C1=C(O)C=CC=CN1CCOCC1 1 O=C1NC(=O)C2NC(=O)S(=O)(=O)N=C2C1=CC=CC=CN1CCOCC1 1.0000000 1.0000 0.7828188 0.7828 0.7660072 0.7660 0.2805712 0.2806
 | 11.4766 49.7196 63.8529 0.8872846 CC1C(O)CCN1C=CC=CC(O)=C1C(=O)ON(C)C1=O 1 O=C1NOC(=O)C1=CC=CC=CN1CCCC1 1.0000000 1.0000 0.7377978 0.7378 0.9882536 0.9883 0.8427209 0.8427
 | 11.8750 55.2278 56.3762 0.8719063 O=C1COC(=O)C(=C(O)C=CC=CN2CCCO2)C(=O)N1 1 O=C1COC(=O)C(=CC=CC=CN2CCCO2)C(=O)N1 1.0000000 1.0000 0.7795757 0.7796 0.8728229 0.8728 0.7986280 0.7986
 | 12.2266 51.7857 40.4939 0.7209346 CN1C(=O)NC(=O)C(=C(O)C=CC=CN2CCCNC2=O)C1O 1 O=C1NCC(=CC=CC=CN2CCCNC2=O)C(=O)N1 1.0000000 1.0000 0.7560708 0.7561 0.2326815 0.2327 0.7062214 0.7062
 | 9.1681 44.8454 65.9356 0.8654763 O=C1CNC(=C(O)C=CC=CN2CCCCC2)C(=O)N1 1 O=C1CNC(=CC=CC=CN2CCCCC2)C(=O)N1 1.0000000 1.0000 0.7231983 0.7232 0.8012257 0.8012 0.8509129 0.8509
 | 14.8004 73.6014 -73.6014 0.0000000 N1C(=O)C(=C(O)C=CC=CN2CCC(=O)O)=C(N)C(=O)N2CC1 0 -- 0.0000000 0.0000 0.0000000 0.0000 0.0000000 0.0000 0.0000000 0.0000
 | 10.8074 53.6115 60.3666 0.8904539 O=C1CNC(=C(O)C=CC=CN2CCC=C2CO)C(=O)N1 1 O=C1CNC(=CC=CC=CN2C=CCC2)C(=O)N1 1.0000000 1.0000 0.7913791 0.7914 0.8118323 0.8118 0.8711646 0.8712
02:22:49 <INFO> Score: 0.68 Agent NLL: 13.79 Valid: 100% Step: 73
 | Agent Prior Target Score SMILES SMILES_state Scaffold DASA DASA (raw) Solubility Solubility (raw) xTB_Gap xTB_Gap (raw) WaterSwitch WaterSwitch (raw)
 | 24.3045 80.7323 25.0522 0.8264420 CCNC1NC(=O)C(=C(O)C=CC=CN2CCCOS2(=O)=O)C=CN1N 1 O=C1NCNC=CC1=CC=CC=CN1CCCOS1(=O)=O 1.0000000 1.0000 0.7459231 0.7459 0.9870124 0.9870 0.6579612 0.6580
 | 8.6889 42.8152 -42.8152 0.0000000 O=C1NC(=O)C(=C(O)C=CC=CN2CCOCC2)CO1 1 O=C1NC(=O)C(=CC=CC=CN2CCOCC2)CO1 1.0000000 1.0000 0.7291856 0.7292 0.4857193 0.4857 0.7780838 0.7781
 | 14.3812 55.8987 35.6237 0.7150180 Cn1c(=CN2CCCC2)[nH]c(=O)c1=C(O)C=CC=CN1CCCC1 1 O=c1[nH]c(=CN2CCCC2)[nH]c1=CC=CC=CN1CCCC1 1.0000000 1.0000 0.6920703 0.6921 0.8995637 0.8996 0.4420233 0.4420
 | 10.6383 56.0973 29.1266 0.6658115 C=C1CCN1C=CC=CC(O)=C1N=C(N)NC1=O 1 C=C1CCN1C=CC=CC=C1N=CNC1=O 1.0000000 1.0000 0.7495656 0.7496 0.9910567 0.9911 0.3156213 0.3156
 | 8.6735 48.9322 70.2018 0.9307351 O=C1NNC(=O)C(=C(O)C=CC=CN(CCO)CCO)C(=O)N1 1 C=C1C(=O)NNC(=O)NC1=O 1.0000000 1.0000 0.8786455 0.8786 0.9029332 0.9029 0.8985805 0.8986
 | 15.8214 68.4795 39.1424 0.8407962 NC1CNC(=O)C(=C(O)C=CC=CN2CC=CC(=NO)C2)C(=O)N1 1 N=C1C=CCN(C=CC=CC=C2C(=O)NCCNC2=O)C1 1.0000000 1.0000 0.7964266 0.7964 0.9985119 0.9985 0.6610197 0.6610
 | 7.4117 46.1747 -46.1747 0.0000000 CN1OC(=O)C(=C(O)C=CC=CNCCO)C1=O 1 C=C1C(=O)NOC1=O 1.0000000 1.0000 0.8348939 0.8349 0.9002956 0.9003 0.9276010 0.9276
 | 6.8663 44.6706 72.6359 0.9164573 O=C1CNC(=O)C(=C(O)C=CC=CN2CCCC2)C(=O)N1 1 O=C1CNC(=O)C(=CC=CC=CN2CCCC2)C(=O)N1 1.0000000 1.0000 0.7791744 0.7792 0.9966148 0.9966 0.8994044 0.8994
 | 7.3796 41.2976 -41.2976 0.0000000 CN1OC(=O)C(=C(O)C=CC=CN2CCOCC2)C1=O 1 O=C1NOC(=O)C1=CC=CC=CN1CCOCC1 1.0000000 1.0000 0.7568556 0.7569 0.9031396 0.9031 0.8295732 0.8296
 | 21.4221 69.4873 37.4484 0.8354349 CC=c1oc(=N)[nH]c(=O)c1=C(O)C=CC=CN1CC(O)C(F)CO1 1 C=c1oc(=N)[nH]c(=O)c1=CC=CC=CN1CCCCO1 1.0000000 1.0000 0.7858682 0.7859 0.7083466 0.7083 0.7431914 0.7432
02:23:03 <INFO> Score: 0.68 Agent NLL: 12.18 Valid: 100% Step: 74
 | Agent Prior Target Score SMILES SMILES_state Scaffold DASA DASA (raw) Solubility Solubility (raw) xTB_Gap xTB_Gap (raw) WaterSwitch WaterSwitch (raw)
 | 9.4174 55.9994 61.9732 0.9216607 O=C1NC(=O)C1=C(O)C=CC=CN1CCC=C1O 1 O=C1NC(=O)C1=CC=CC=CN1C=CCC1 1.0000000 1.0000 0.7361259 0.7361 0.9596096 0.9596 0.9703489 0.9703
 | 9.1317 49.6799 48.5030 0.7670545 CN1C(=O)C(=C(O)C=CC=CN2CCNCC2)C(O)N1C 1 O=C1NNCC1=CC=CC=CN1CCNCC1 1.0000000 1.0000 0.7994371 0.7994 0.1935069 0.1935 0.8947241 0.8947
 | 7.3398 50.8945 -50.8945 0.0000000 O=C1CN(C=CC=CC(O)=C2C(=O)NCNC2=O)CCN1 1 O=C1CN(C=CC=CC=C2C(=O)NCNC2=O)CCN1 1.0000000 1.0000 0.8525883 0.8526 0.7170957 0.7171 0.5191587 0.5192
 | 10.5250 46.2499 73.1159 0.9325452 CN1C(=O)NC(=O)C(=C(O)C=CC=CN2CCNC(=O)C2)C1=O 1 O=C1CN(C=CC=CC=C2C(=O)NC(=O)NC2=O)CCN1 1.0000000 1.0000 0.8098241 0.8098 0.9900668 0.9901 0.9288995 0.9289
 | 17.9342 61.1233 47.6579 0.8498530 CNC1=NC(=C(O)C=CC=CN2CNC(=O)NC2)C(=O)N1 1 O=C1NCN(C=CC=CC=C2N=CNC2=O)CN1 1.0000000 1.0000 0.8222279 0.8222 0.9832002 0.9832 0.6730550 0.6731
 | 13.1316 48.8818 61.4219 0.8617470 O=C1C=CC(=O)C1=C(O)C=CC=CN1CC=CC1=O 1 O=C1C=CC(=O)C1=CC=CC=CN1CC=CC1=O 1.0000000 1.0000 0.6972363 0.6972 0.9317973 0.9318 0.8144720 0.8145
 | 9.3346 47.9625 -47.9625 0.0000000 O=C1NCC(=C(O)C=CC=CN2CCCC2)C(=O)N1 1 O=C1NCC(=CC=CC=CN2CCCC2)C(=O)N1 1.0000000 1.0000 0.7100080 0.7100 0.4160948 0.4161 0.8549858 0.8550
 | 7.5545 49.8727 66.5578 0.9096132 O=C1CN(C=CC=CC(O)=C2C(=O)NCCOC2=O)CCN1 1 O=C1CN(C=CC=CC=C2C(=O)NCCOC2=O)CCN1 1.0000000 1.0000 0.8192088 0.8192 0.6946087 0.6946 0.9670369 0.9670
 | 7.7567 44.4328 68.8524 0.8850403 O=C1NC(=O)C(=C(O)C=CC=CN(CCO)CCO)C(=O)O1 1 C=C1C(=O)NC(=O)OC1=O 1.0000000 1.0000 0.8404184 0.8404 0.9206745 0.9207 0.7781957 0.7782
 | 12.1075 54.0666 62.8045 0.9130559 O=C1NC(=O)C(=C(O)C=CC=CN2C=CCC2)C(C(=O)O)N1 1 O=C1NCC(=CC=CC=CN2C=CCC2)C(=O)N1 1.0000000 1.0000 0.7269423 0.7269 0.9425645 0.9426 0.9554039 0.9554
02:23:18 <INFO> Score: 0.67 Agent NLL: 14.01 Valid: 100% Step: 75
 | Agent Prior Target Score SMILES SMILES_state Scaffold DASA DASA (raw) Solubility Solubility (raw) xTB_Gap xTB_Gap (raw) WaterSwitch WaterSwitch (raw)
 | 10.3130 53.4595 56.2559 0.8571510 NC=CC=CC(O)=C1C(=O)NC(=O)C2C(=O)NC(=O)C12 1 C=C1C(=O)NC(=O)C2C(=O)NC(=O)C12 1.0000000 1.0000 0.8611059 0.8611 0.4263394 0.4263 0.9154145 0.9154
 | 18.4486 18.6177 -18.6173 0.0000033 c1ccc2c(N3CCNCC3)cccc2c1 1 c1ccc2c(N3CCNCC3)cccc2c1 0.0000000 0.0000 0.4970694 0.4971 0.2064339 0.2064 0.0000000 0.0000
 | 9.3702 47.7211 37.0444 0.6622299 C=c1[nH]c(=O)c(=C(O)C=CC=CN2C=CCC2)o1 1 C=c1[nH]c(=O)c(=CC=CC=CN2C=CCC2)o1 1.0000000 1.0000 0.7410720 0.7411 0.7580489 0.7580 0.3456392 0.3456
 | 9.1575 40.9396 46.1511 0.6803961 O=C1NCCC1=C(O)C=CC=CN1CCOCC1 1 O=C1NCCC1=CC=CC=CN1CCOCC1 1.0000000 1.0000 0.7265561 0.7266 0.3756603 0.3757 0.5001164 0.5001
 | 21.6658 59.4733 20.5391 0.6250965 CCCCCCCCCCN1NC(=O)C(=C(O)C=CC=CN2CCC2)C(=O)N1 1 O=C1NNNC(=O)C1=CC=CC=CN1CCC1 1.0000000 1.0000 0.3630743 0.3631 0.8690259 0.8690 0.4615169 0.4615
 | 11.4348 48.7145 -48.7145 0.0000000 O=C1NC(=O)C(=C(O)C=CC=CN(CCO)CCO)C(CO)N1 1 C=C1CNC(=O)NC1=O 1.0000000 1.0000 0.8680613 0.8681 0.3788302 0.3788 0.9078962 0.9079
 | 17.7538 65.5264 20.0015 0.6681871 O=C1NC(=CN2CCCOCC2)C(=O)C1=C(O)C=CC=CN1CCCO1 1 O=C1NC(=CN2CCCOCC2)C(=O)C1=CC=CC=CN1CCCO1 1.0000000 1.0000 0.6511519 0.6512 0.9917171 0.9917 0.3549147 0.3549
 | 28.3808 63.9281 56.2285 0.9387230 CCCN1CN(C=CC=CC(O)=C2NNC(=O)NC2=O)C2CNC(=O)NC21 1 O=C1NNC(=CC=CC=CN2CNC3NC(=O)NCC32)C(=O)N1 1.0000000 1.0000 0.7785024 0.7785 0.9545001 0.9545 0.9918660 0.9919
 | 16.7260 70.3086 47.7489 0.9223243 O=C1NC(=O)C(S(=O)O)NC(=O)C1=C(O)C=CC=CN1CCOCC1 1 O=C1CNC(=O)C(=CC=CC=CN2CCOCC2)C(=O)N1 1.0000000 1.0000 0.8162134 0.8162 0.9059770 0.9060 0.9198364 0.9198
 | 15.4802 60.4139 45.8972 0.8305555 C=C1CC(=C(O)C=CC=CN2CCC2C)C(=O)NC1=O 1 C=C1CC(=CC=CC=CN2CCC2)C(=O)NC1=O 1.0000000 1.0000 0.6179465 0.6179 0.9256818 0.9257 0.7892834 0.7893
02:23:39 <INFO> Score: 0.71 Agent NLL: 14.92 Valid: 100% Step: 76
 | Agent Prior Target Score SMILES SMILES_state Scaffold DASA DASA (raw) Solubility Solubility (raw) xTB_Gap xTB_Gap (raw) WaterSwitch WaterSwitch (raw)
 | 13.4946 59.7502 43.5508 0.8070383 CN(C=CC=CC(O)=C1C(=O)NC(CO)C(=O)C1=O)OCCO 1 C=C1C(=O)NCC(=O)C1=O 1.0000000 1.0000 0.8639054 0.8639 0.2803466 0.2803 0.8720320 0.8720
 | 10.3252 49.9440 -49.9440 0.0000000 O=C1NC(O)C(=O)C1=C(O)C=CC=CN1CC1 1 O=C1CNC(=O)C1=CC=CC=CN1CC1 1.0000000 1.0000 0.8432826 0.8433 0.8812620 0.8813 0.4218749 0.4219
 | 23.8304 71.0277 31.5904 0.8017042 CCSCC1CNC(=C(O)C=CC=CN2CCCC2C(=O)O)C(=O)NC1=O 1 O=C1CCNC(=CC=CC=CN2CCCC2)C(=O)N1 1.0000000 1.0000 0.6269490 0.6269 0.6354919 0.6355 0.7979164 0.7979
 | 7.0753 51.5535 -51.5535 0.0000000 O=C1CNC(=O)C(=C(O)C=CC=CN(CCO)CCO)C(=O)N1 1 C=C1C(=O)NCC(=O)NC1=O 1.0000000 1.0000 0.8831807 0.8832 0.9538568 0.9539 0.8570033 0.8570
 | 27.7694 71.4060 14.6098 0.6719987 COCC1=C(NOC)COC(=O)C(=C(O)C=CC=CN2CCCC(O)C2)C(=O)N1 1 O=C1NC=CCOC(=O)C1=CC=CC=CN1CCCCC1 1.0000000 1.0000 0.7080047 0.7080 0.8293023 0.8293 0.3633490 0.3633
 | 13.7654 47.7972 50.8557 0.7707260 COC1=CCCN1C=CC=CC(O)=C1SC(=O)NC1=O 1 O=C1NC(=O)C(=CC=CC=CN2C=CCC2)S1 1.0000000 1.0000 0.5513657 0.5514 0.7869171 0.7869 0.7099607 0.7100
 | 9.8341 57.3170 48.2861 0.8250242 O=C1NNNNC1=C(O)C=CC=CN1CCNC1 1 O=C1NNNNC1=CC=CC=CN1CCNC1 1.0000000 1.0000 0.8783591 0.8784 0.5905425 0.5905 0.7016196 0.7016
 | 17.6234 60.7834 39.8528 0.7862202 CCOC=c1c(=C(O)C=CC=CN2CCC(O)C2)c(=O)[nH]n1CC 1 C=c1[nH][nH]c(=O)c1=CC=CC=CN1CCCC1 1.0000000 1.0000 0.7528912 0.7529 0.9606727 0.9607 0.5577592 0.5578
 | 7.4168 49.0669 52.8344 0.7961039 O=C1NCCOC(=O)C1=C(O)C=CC=CN1CCC1 1 O=C1NCCOC(=O)C1=CC=CC=CN1CCC1 1.0000000 1.0000 0.7579405 0.7579 0.5748490 0.5748 0.7018009 0.7018
 | 24.3336 72.8770 -7.2720 0.5125388 CC=C1N2CC=CC2=C2N(CCO)C(=O)NC(=O)C(=C(O)C=CC=CN3CCCC3)N12 1 C=C1N2CC=CC2=C2NC(=O)NC(=O)C(=CC=CC=CN3CCCC3)N12 1.0000000 1.0000 0.5087730 0.5088 0.0562203 0.0562 0.5119467 0.5119
02:24:00 <INFO> Score: 0.63 Agent NLL: 14.09 Valid: 100% Step: 77
 | Agent Prior Target Score SMILES SMILES_state Scaffold DASA DASA (raw) Solubility Solubility (raw) xTB_Gap xTB_Gap (raw) WaterSwitch WaterSwitch (raw)
 | 11.6265 50.4729 53.1142 0.8092742 C=c1[nH]c(=O)c(=C(O)C=CC=CN2CC2)n1C 1 C=c1[nH]c(=O)c(=CC=CC=CN2CC2)[nH]1 1.0000000 1.0000 0.8283416 0.8283 0.8663666 0.8664 0.5950147 0.5950
 | 11.9726 51.7794 -51.7794 0.0000000 O=C1NC(=O)C(=C(O)C=CC=CN2CC=CCC2)C(=O)O1 1 O=C1NC(=O)C(=CC=CC=CN2CC=CCC2)C(=O)O1 1.0000000 1.0000 0.6794638 0.6795 0.9918534 0.9919 0.3230183 0.3230
 | 6.0530 43.8656 -43.8656 0.0000000 O=C1NC(=O)C(=C(O)C=CC=CN2CCCC2)C(=O)O1 1 O=C1NC(=O)C(=CC=CC=CN2CCCC2)C(=O)O1 1.0000000 1.0000 0.7041889 0.7042 0.6443878 0.6444 0.6647466 0.6647
 | 7.3949 48.0133 58.2355 0.8300690 O=C1NC(=O)C(=C(O)C=CC=CN2CCC(O)C2)C(=O)O1 1 O=C1NC(=O)C(=CC=CC=CN2CCCC2)C(=O)O1 1.0000000 1.0000 0.7779726 0.7780 0.9513220 0.9513 0.6560158 0.6560
 | 11.4536 52.9903 64.4261 0.9173157 NC1NC(=O)NC(=O)C1=C(O)C=CC=CN1C=CCC1 1 O=C1NCC(=CC=CC=CN2C=CCC2)C(=O)N1 1.0000000 1.0000 0.7530181 0.7530 0.9357016 0.9357 0.9478081 0.9478
 | 23.0978 67.5834 47.1695 0.8965074 CC1(C(=O)O)NOC(=O)C(=C(O)C=CC=CN2CC=CCC2)C(=O)N1 1 O=C1NCNOC(=O)C1=CC=CC=CN1CC=CCC1 1.0000000 1.0000 0.7194526 0.7195 0.9527820 0.9528 0.9015611 0.9016
 | 13.2723 58.7003 33.1988 0.7179617 CN1CCON(C=CC=CC(O)=C2C(=O)NN(C)C2O)C1 1 O=C1NNCC1=CC=CC=CN1CNCCO1 1.0000000 1.0000 0.8054014 0.8054 0.2595180 0.2595 0.6375581 0.6376
 | 27.8100 65.8932 28.6025 0.7382472 CN1C2CCC1N(C=CC=CC(O)=C1N=C(N)N(CCCO)NC1=O)CC2 1 O=C1NNC=NC1=CC=CC=CN1CCC2CCC1N2 1.0000000 1.0000 0.7246223 0.7246 0.8969557 0.8970 0.4762206 0.4762
 | 23.8064 77.4296 27.0484 0.8162345 CC(C)OC(=O)NC1CCN(C=CC=CC(O)=c2cnc(=C(O)CO)[nH]c2=O)C1=O 1 C=c1ncc(=CC=CC=CN2CCCC2=O)c(=O)[nH]1 1.0000000 1.0000 0.7604085 0.7604 0.4822394 0.4822 0.8135170 0.8135
 | 12.1154 49.7906 47.8812 0.7630615 COC1=CCCN1C=CC=CC(O)=C1C(=O)NC(=O)C1=O 1 O=C1NC(=O)C(=CC=CC=CN2C=CCC2)C1=O 1.0000000 1.0000 0.7447527 0.7448 0.4182330 0.4182 0.6943805 0.6944
02:24:01 <INFO> Sampled SMILES N1C(=O)C(=C(O)C=CC=CN2CN(CCO)NN)c3ccccc3=C23C(OC)OC(CO)C13 failed to sanitize.
02:24:23 <INFO> Score: 0.62 Agent NLL: 12.49 Valid:  98% Step: 78
 | Agent Prior Target Score SMILES SMILES_state Scaffold DASA DASA (raw) Solubility Solubility (raw) xTB_Gap xTB_Gap (raw) WaterSwitch WaterSwitch (raw)
 | 9.9096 44.3340 66.3097 0.8644037 C=c1o[nH]c(=O)c1=C(O)C=CC=CN1CCOCC1 1 C=c1o[nH]c(=O)c1=CC=CC=CN1CCOCC1 1.0000000 1.0000 0.7963207 0.7963 0.8679037 0.8679 0.7650253 0.7650
 | 7.3859 51.1708 -51.1708 0.0000000 O=C1NNNNC1=C(O)C=CC=CN1CCCC1 1 O=C1NNNNC1=CC=CC=CN1CCCC1 1.0000000 1.0000 0.8140359 0.8140 0.2287545 0.2288 0.8951231 0.8951
 | 9.9363 52.9073 42.1056 0.7422881 O=C1NC(=CCl)CC1=C(O)C=CC=CN1CCC1 1 C=C1CC(=CC=CC=CN2CCC2)C(=O)N1 1.0000000 1.0000 0.5368535 0.5369 0.5080553 0.5081 0.7517505 0.7518
 | 19.1473 32.2383 -32.2379 0.0000029 NNC(=O)C=CC=CN1CC=CC1 1 C1=CCNC1 0.0000000 0.0000 0.8301870 0.8302 0.0242742 0.0243 0.0000000 0.0000
 | 13.6110 56.0023 55.0154 0.8673257 N=C1NC(=C(O)C=CC=CN2CCCC2)C(=O)NC1C(=O)O 1 N=C1CNC(=O)C(=CC=CC=CN2CCCC2)N1 1.0000000 1.0000 0.7515006 0.7515 0.5569221 0.5569 0.9544321 0.9544
 | 8.8316 51.3219 -51.3219 0.0000000 NC1C=NC(=C(O)C=CC=CN2CCOCC2)C(=O)N1 1 O=C1NCC=NC1=CC=CC=CN1CCOCC1 1.0000000 1.0000 0.7934718 0.7935 0.9824414 0.9824 0.3181341 0.3181
 | 8.9279 54.3402 54.4052 0.8495736 O=C1CCCNC(=C(O)C=CC=CN2CCCC2)C(=O)N1 1 O=C1CCCNC(=CC=CC=CN2CCCC2)C(=O)N1 1.0000000 1.0000 0.6761968 0.6762 0.9802566 0.9803 0.7793746 0.7794
 | 7.9281 43.9958 -43.9958 0.0000000 O=C1CNC(=O)C(=C(O)C=CC=CN2CCOCC2)C(=O)N1 1 O=C1CNC(=O)C(=CC=CC=CN2CCOCC2)C(=O)N1 1.0000000 1.0000 0.8192088 0.8192 0.9720839 0.9721 0.7848753 0.7849
 | 11.1095 59.6779 54.7552 0.8940088 O=C1COC(=O)C(=C(O)C=CC=CN2CCCNC2)C(=O)N1 1 O=C1COC(=O)C(=CC=CC=CN2CCCNC2)C(=O)N1 1.0000000 1.0000 0.7976775 0.7977 0.8872442 0.8872 0.8489690 0.8490
 | 14.8262 63.1577 49.7229 0.8818795 CCC1C=NC(=C(O)C=CC=CN(CCO)CCO)C(=O)NC1=O 1 C=C1N=CCC(=O)NC1=O 1.0000000 1.0000 0.7743546 0.7744 0.9791276 0.9791 0.7988893 0.7989
02:24:52 <INFO> Score: 0.70 Agent NLL: 13.67 Valid: 100% Step: 79
 | Agent Prior Target Score SMILES SMILES_state Scaffold DASA DASA (raw) Solubility Solubility (raw) xTB_Gap xTB_Gap (raw) WaterSwitch WaterSwitch (raw)
 | 9.4928 47.0505 61.8665 0.8509145 CN1OC(=O)C(=C(O)C=CC=CN2CCNC2=O)C1=O 1 O=C1NOC(=O)C1=CC=CC=CN1CCNC1=O 1.0000000 1.0000 0.7804037 0.7804 0.5371749 0.5372 0.8817228 0.8817
 | 12.1601 57.8594 49.7220 0.8404803 O=C1CCOC(=O)C(=C(O)C=CC=CN2CCCC(O)C2)C(=O)N1 1 O=C1CCOC(=O)C(=CC=CC=CN2CCCCC2)C(=O)N1 1.0000000 1.0000 0.7366840 0.7367 0.7154574 0.7155 0.7931412 0.7931
 | 14.5231 62.7016 39.1716 0.7958842 CC1=CCCN(C=CC=CC(O)=C2C(=O)CNC2=O)O1 1 O=C1CNC(=O)C1=CC=CC=CN1CCC=CO1 1.0000000 1.0000 0.6700152 0.6700 0.9981146 0.9981 0.6253343 0.6253
 | 14.9188 64.8754 37.1625 0.7971707 CC(O)C1NC(=O)C(=C(O)C=CC=CN2CCCOC2)SC1=O 1 O=C1CNC(=O)C(=CC=CC=CN2CCCOC2)S1 1.0000000 1.0000 0.6784750 0.6785 0.8016787 0.8017 0.6762157 0.6762
 | 10.8980 44.7368 41.3575 0.6726112 CN(C=CC=CC(O)=C1C(=O)NC(=O)C(=O)C1O)CCO 1 C=C1CC(=O)C(=O)NC1=O 1.0000000 1.0000 0.8665813 0.8666 0.0826799 0.0827 0.7435701 0.7436
 | 13.8574 61.5804 44.3165 0.8273194 O=C1CON(C=CC=CC(O)=C2N=CNNC2=O)N1 1 O=C1CON(C=CC=CC=C2N=CNNC2=O)N1 1.0000000 1.0000 0.8521373 0.8521 0.8904079 0.8904 0.6211106 0.6211
 | 10.1746 46.3390 32.3843 0.6150254 CC1(C)NC(=O)C(=C(O)C=CC=CN)C(=O)N1 1 C=C1C(=O)NCNC1=O 1.0000000 1.0000 0.8000349 0.8000 0.4306923 0.4307 0.3143183 0.3143
 | 20.7290 69.1496 35.5544 0.8179995 CN1ON(C=CC=CC(O)=C2C(=O)NC(=O)CC(=O)NC2=O)CCC1=O 1 O=C1CCN(C=CC=CC=C2C(=O)NC(=O)CC(=O)NC2=O)ON1 1.0000000 1.0000 0.8113837 0.8114 0.7915701 0.7916 0.6481690 0.6482
 | 13.0450 49.2510 59.5008 0.8496233 CN1C(=O)OC(=C(O)C=CC=CN2CCNC(=O)C2)C1=O 1 O=C1CN(C=CC=CC=C2OC(=O)NC2=O)CCN1 1.0000000 1.0000 0.7686058 0.7686 0.9552503 0.9553 0.7150188 0.7150
 | 23.4923 69.5547 15.2218 0.6623164 CNC1=NC2CC(C)=NN2C(=C(O)C=CC=CN2CCC(O)C2)C(=O)N1 1 O=C1NC=NC2CC=NN2C1=CC=CC=CN1CCCC1 1.0000000 1.0000 0.7127155 0.7127 0.9862433 0.9862 0.3226005 0.3226
02:25:09 <INFO> Score: 0.69 Agent NLL: 13.14 Valid:  98% Step: 80
 | Agent Prior Target Score SMILES SMILES_state Scaffold DASA DASA (raw) Solubility Solubility (raw) xTB_Gap xTB_Gap (raw) WaterSwitch WaterSwitch (raw)
 | 14.7292 66.9905 35.0704 0.7973508 O=C1NC(=O)C(=C(O)C=CC=CN2CCCOC2)CC1=CF 1 C=C1CC(=CC=CC=CN2CCCOC2)C(=O)NC1=O 1.0000000 1.0000 0.6081357 0.6081 0.8500339 0.8500 0.7186673 0.7187
 | 10.2944 56.5402 61.0797 0.9189050 Cn1ccc2c(c1=O)C(=C(O)C=CC=CN)C(=O)NC2=O 1 C=C1C(=O)NC(=O)c2cc[nH]c(=O)c21 1.0000000 1.0000 0.7366102 0.7366 0.9589221 0.9589 0.9603761 0.9604
 | 11.9675 54.4325 34.2179 0.6925810 CC1CC(=C(O)C=CC=CN2CCC(O)C2)C(=O)NO1 1 O=C1NOCCC1=CC=CC=CN1CCCC1 1.0000000 1.0000 0.7010632 0.7011 0.2106563 0.2107 0.6775323 0.6775
 | 15.2970 56.7795 28.1969 0.6638781 O=c1[nH]c(=CN2CCSCC2)[nH]c(=O)c1=C(O)C=CC=CN1CCOCC1 1 O=c1[nH]c(=CN2CCSCC2)[nH]c(=O)c1=CC=CC=CN1CCOCC1 1.0000000 1.0000 0.7617603 0.7618 0.9520833 0.9521 0.3134594 0.3135
 | 12.5293 64.8681 55.0842 0.9371276 NC1CNC(=C(O)C=CC=CN2CCC(O)C2)C(=O)NC1=O 1 O=C1CCNC(=CC=CC=CN2CCCC2)C(=O)N1 1.0000000 1.0000 0.8467619 0.8468 0.9992103 0.9992 0.9101822 0.9102
 | 7.2191 48.1628 -48.1628 0.0000000 O=C1NC(=O)C(=C(O)C=CC=CN2CC2)C(=O)O1 1 O=C1NC(=O)C(=CC=CC=CN2CC2)C(=O)O1 1.0000000 1.0000 0.7870146 0.7870 0.8841873 0.8842 0.8253568 0.8254
 | 11.8564 56.0135 33.6222 0.7002794 C=C1NNNC(=O)C1=C(O)C=CC=CN1CC1 1 C=C1NNNC(=O)C1=CC=CC=CN1CC1 1.0000000 1.0000 0.8059564 0.8060 0.7420408 0.7420 0.3950451 0.3950
 | 26.6069 72.3655 13.6944 0.6723431 CN1C(=O)C(=C(O)C=CC=CN2CCC2)NN1CC1OC(CC(=O)O)C(O)C1O 1 O=C1NN(CC2CCCO2)NC1=CC=CC=CN1CCC1 1.0000000 1.0000 0.8020030 0.8020 0.1006661 0.1007 0.7309813 0.7310
 | 15.5703 66.2960 33.2482 0.7776890 NC1NC(=O)C(=O)NC(=O)C1=C(O)C=CC=CN1CCC=C1O 1 O=C1NCC(=CC=CC=CN2C=CCC2)C(=O)NC1=O 1.0000000 1.0000 0.8084432 0.8084 0.2055183 0.2055 0.9086862 0.9087
 | 9.1851 52.4284 -52.4284 0.0000000 NC1=NCCN1C=CC=CC(O)=C1C(=O)NC(=O)OC1=O 1 O=C1NC(=O)C(=CC=CC=CN2C=NCC2)C(=O)O1 1.0000000 1.0000 0.8082465 0.8082 0.9005879 0.9006 0.8797537 0.8798
02:25:32 <INFO> Score: 0.76 Agent NLL: 14.82 Valid: 100% Step: 81
 | Agent Prior Target Score SMILES SMILES_state Scaffold DASA DASA (raw) Solubility Solubility (raw) xTB_Gap xTB_Gap (raw) WaterSwitch WaterSwitch (raw)
 | 15.5302 60.0646 44.3168 0.8154793 NC=CC=CC(O)=C1C(=O)NCCC(NCCCN)NC1=O 1 C=C1C(=O)NCCCNC1=O 1.0000000 1.0000 0.8482920 0.8483 0.2672895 0.2673 0.9321622 0.9322
 | 6.8017 42.9454 67.9003 0.8659814 O=C1NC(=O)C(=C(O)C=CC=CN2CCOCC2)C(=O)O1 1 O=C1NC(=O)C(=CC=CC=CN2CCOCC2)C(=O)O1 1.0000000 1.0000 0.7584411 0.7584 0.9319039 0.9319 0.7773843 0.7774
 | 12.5524 56.9361 36.1968 0.7276009 CC1CCN(C=CC=CC(O)=C2C(=O)NCCOC2=O)CN1 1 O=C1NCCOC(=O)C1=CC=CC=CN1CCCNC1 1.0000000 1.0000 0.7348654 0.7349 0.9487627 0.9488 0.4393390 0.4393
 | 14.3813 53.6998 53.9357 0.8409023 CC1CCN(C)CN1C=CC=CC(O)=C1C(=O)NCCNC1=O 1 O=C1NCCNC(=O)C1=CC=CC=CN1CCCNC1 1.0000000 1.0000 0.7329303 0.7329 0.9864242 0.9864 0.7070422 0.7070
 | 9.7344 56.1554 55.3666 0.8712649 CN1OC(=O)C(=C(O)C=CC=CN2CC=CC(=O)N2)C1=O 1 O=C1C=CCN(C=CC=CC=C2C(=O)NOC2=O)N1 1.0000000 1.0000 0.7816781 0.7817 0.9952392 0.9952 0.7568559 0.7569
 | 12.6868 50.8333 50.9514 0.7951929 CC1(C)NC(=C(O)C=CC=CN2CC2)C(=O)NC1=O 1 O=C1CNC(=CC=CC=CN2CC2)C(=O)N1 1.0000000 1.0000 0.7649168 0.7649 0.9999909 1.0000 0.5641382 0.5641
 | 9.0888 51.2223 53.0360 0.8145182 O=C1COC(=O)C1=C(O)C=CC=CNOCCO 1 C=C1C(=O)COC1=O 1.0000000 1.0000 0.8324492 0.8324 0.8744850 0.8745 0.6037606 0.6038
 | 13.3751 56.1404 61.3387 0.9178059 NC1=NC(=O)CCN1C=CC=CC(O)=C1C(=O)NC(O)C1=O 1 O=C1CCN(C=CC=CC=C2C(=O)CNC2=O)C=N1 1.0000000 1.0000 0.8494662 0.8495 0.8646831 0.8647 0.8935178 0.8935
 | 10.5107 53.1118 63.3491 0.9098510 CN1CC(=O)NC(=O)C1=C(O)C=CC=CN1CCC(O)C1 1 O=C1CNC(=CC=CC=CN2CCCC2)C(=O)N1 1.0000000 1.0000 0.7954644 0.7955 0.9974296 0.9974 0.8639294 0.8639
 | 9.4712 54.7850 42.5653 0.7605491 CN1C(=O)C(=C(O)C=CC=CN2CCCC2)NN1CCO 1 O=C1NNNC1=CC=CC=CN1CCCC1 1.0000000 1.0000 0.7632613 0.7633 0.9484621 0.9485 0.4959263 0.4959
02:25:51 <INFO> Score: 0.73 Agent NLL: 13.82 Valid:  98% Step: 82
 | Agent Prior Target Score SMILES SMILES_state Scaffold DASA DASA (raw) Solubility Solubility (raw) xTB_Gap xTB_Gap (raw) WaterSwitch WaterSwitch (raw)
 | 7.7595 48.8424 53.8784 0.8025065 NC1=NC(=C(O)C=CC=CN2C=CCC2)C(=O)N1 1 O=C1NC=NC1=CC=CC=CN1C=CCC1 1.0000000 1.0000 0.7495656 0.7496 0.9417738 0.9418 0.6041945 0.6042
 | 9.1169 54.8248 62.1515 0.9138773 NC=CC=CC(O)=c1c(=O)[nH]c(=CN2CCCC2)[nH]c1=O 1 C=c1c(=O)[nH]c(=CN2CCCC2)[nH]c1=O 1.0000000 1.0000 0.8318447 0.8318 0.8736352 0.8736 0.8911815 0.8912
 | 13.0615 59.8305 -59.8305 0.0000000 NC(N)=NCCCNC(=O)NC=CC=CC(O)=C1C(=O)NCC(=O)NC1=O 1 C=C1C(=O)NCC(=O)NC1=O 1.0000000 1.0000 0.8747504 0.8748 0.9951439 0.9951 0.9090102 0.9090
 | 14.9013 67.6368 51.2086 0.9284796 NCC1NCNC(=O)C(=C(O)C=CC=CN2CCC(O)C2)C1=O 1 O=C1CNCNC(=O)C1=CC=CC=CN1CCCC1 1.0000000 1.0000 0.8428677 0.8429 0.9213800 0.9214 0.9125309 0.9125
 | 9.1742 55.1351 42.5463 0.7631356 CC1NC(=O)C(=C(O)C=CC=CN2CCCO2)CO1 1 O=C1NCOCC1=CC=CC=CN1CCCO1 1.0000000 1.0000 0.6886155 0.6886 0.3843404 0.3843 0.7603782 0.7604
 | 11.5971 50.1897 63.5686 0.8887367 CN1N=NC(=C(O)C=CC=CN2CCNC(=O)C2)C1=O 1 O=C1CN(C=CC=CC=C2N=NNC2=O)CCN1 1.0000000 1.0000 0.7614038 0.7614 0.9893991 0.9894 0.8272441 0.8272
 | 15.4417 64.4713 25.3491 0.7017217 CC(=O)OC=C1CC(=C(O)C=CC=CN2CCCOC2)C(=O)N1C 1 C=C1CC(=CC=CC=CN2CCCOC2)C(=O)N1 1.0000000 1.0000 0.5497476 0.5497 0.6114829 0.6115 0.5698887 0.5699
 | 17.9365 59.1849 32.7862 0.7185244 CC1=CC(=O)N(C=CC=CC(O)=C2C(=O)NC(=O)OC2=O)CCN1 1 O=C1NC(=O)C(=CC=CC=CN2CCNC=CC2=O)C(=O)O1 1.0000000 1.0000 0.7322479 0.7322 0.9263529 0.9264 0.4260450 0.4260
 | 24.7536 59.5647 32.9137 0.7224870 CC(C)N=C1NCCCN1C=CC=CC(O)=C1OC(C)(C)OC1=O 1 N=C1NCCCN1C=CC=CC=C1OCOC1=O 1.0000000 1.0000 0.4941947 0.4942 0.7843472 0.7843 0.6204221 0.6204
 | 11.3929 56.8082 51.1442 0.8433783 O=C1CNCC(=C(O)C=CC=CN2CCCO2)C(=O)N1 1 O=C1CNCC(=CC=CC=CN2CCCO2)C(=O)N1 1.0000000 1.0000 0.7854588 0.7855 0.6341971 0.6342 0.8001088 0.8001
02:26:07 <INFO> Score: 0.73 Agent NLL: 13.93 Valid: 100% Step: 83
 | Agent Prior Target Score SMILES SMILES_state Scaffold DASA DASA (raw) Solubility Solubility (raw) xTB_Gap xTB_Gap (raw) WaterSwitch WaterSwitch (raw)
 | 9.8121 52.3615 57.8578 0.8610882 NCC1CN(C=CC=CC(O)=C2C(=O)NOC2=O)C(=O)O1 1 O=C1NOC(=O)C1=CC=CC=CN1CCOC1=O 1.0000000 1.0000 0.8159793 0.8160 0.4049367 0.4049 0.9868615 0.9869
 | 19.3675 72.2499 20.5850 0.7252726 CC1NC(=O)CCN1C=CC=CC(O)=C1C(=O)NC(=O)C(O)CC1(C)O 1 O=C1CCN(C=CC=CC=C2CCCC(=O)NC2=O)CN1 1.0000000 1.0000 0.7704398 0.7704 0.7238079 0.7238 0.4642791 0.4643
 | 10.0240 58.4375 44.5183 0.8043428 CC1=CCCN1C=CC=CC(O)=C1C(=O)NC(=O)COC1=O 1 O=C1COC(=O)C(=CC=CC=CN2C=CCC2)C(=O)N1 1.0000000 1.0000 0.6935642 0.6936 0.5958216 0.5958 0.7662675 0.7663
 | 11.3689 49.2600 42.1784 0.7143625 CN1CCOC(=O)C(=C(O)C=CC=CN2CCCCC2)C1=O 1 O=C1NCCOC(=O)C1=CC=CC=CN1CCCCC1 1.0000000 1.0000 0.6189691 0.6190 0.9243268 0.9243 0.4742847 0.4743
 | 17.0035 60.1080 18.8549 0.6168978 O=C1NC(COc2ccccc2)NC1=C(O)C=CC=CN1C=CCC1 1 O=C1NC(COc2ccccc2)NC1=CC=CC=CN1C=CCC1 1.0000000 1.0000 0.4902694 0.4903 0.8884938 0.8885 0.3494604 0.3495
 | 13.3499 61.3611 37.1066 0.7692788 CN1CNC(=O)C1=C(O)C=CC=CN1CC(=NO)C1CO 1 N=C1CN(C=CC=CC=C2NCNC2=O)C1 1.0000000 1.0000 0.8093550 0.8094 0.7378297 0.7378 0.5419320 0.5419
 | 12.3766 60.7150 50.0309 0.8652025 NC1NC(=O)C(=C(O)C=CC=CN2CC2)C(=O)NC1=O 1 O=C1CNC(=O)C(=CC=CC=CN2CC2)C(=O)N1 1.0000000 1.0000 0.8714527 0.8715 0.9899435 0.9899 0.6827091 0.6827
 | 10.7876 49.9732 -49.9732 0.0000000 O=C1CNC(=O)C(=C(O)C=CC=CN2CCOCC2)C(=O)N1 1 O=C1CNC(=O)C(=CC=CC=CN2CCOCC2)C(=O)N1 1.0000000 1.0000 0.8192088 0.8192 0.9720839 0.9721 0.7848753 0.7849
 | 23.5279 85.7696 29.4585 0.9002190 O=C1NC(CO)CCOC(=O)C1=C(O)C=CC=CN1CC(=NO)CC1NO 1 N=C1CCN(C=CC=CC=C2C(=O)NCCCOC2=O)C1 1.0000000 1.0000 0.7773690 0.7774 0.6985896 0.6986 0.9691064 0.9691
 | 15.4489 63.4483 27.4622 0.7102380 CC(C=O)=c1c(=O)[nH]c(=O)c(=C(O)C=CC=CN(C)OCCO)n1C 1 C=c1[nH]c(=C)c(=O)[nH]c1=O 1.0000000 1.0000 0.8544639 0.8545 0.6845036 0.6845 0.4087445 0.4087
02:26:25 <INFO> Score: 0.71 Agent NLL: 14.78 Valid: 100% Step: 84
 | Agent Prior Target Score SMILES SMILES_state Scaffold DASA DASA (raw) Solubility Solubility (raw) xTB_Gap xTB_Gap (raw) WaterSwitch WaterSwitch (raw)
 | 12.7108 57.5048 38.0150 0.7462483 O=C1CC(O)NC(=O)C1=C(O)C=CC=CN1CCC=C1O 1 O=C1CCNC(=O)C1=CC=CC=CN1C=CCC1 1.0000000 1.0000 0.7284940 0.7285 0.4811275 0.4811 0.6213185 0.6213
 | 12.3512 48.5037 64.9289 0.8861921 CN1C(=O)C(=C(O)C=CC=CN2CC2)N1C 1 O=C1NNC1=CC=CC=CN1CC1 1.0000000 1.0000 0.7676935 0.7677 0.9153872 0.9154 0.8383279 0.8383
 | 12.3026 56.4872 55.4098 0.8741954 CC(O)C1C(=O)NC(=O)C(=C(O)C=CC=CN2CCC(N)C2)C1=O 1 O=C1CC(=O)C(=CC=CC=CN2CCCC2)C(=O)N1 1.0000000 1.0000 0.8000743 0.8001 0.8396233 0.8396 0.8017691 0.8018
 | 10.7052 58.2565 57.9123 0.9075687 CC1=NNC(=O)C1=C(O)C=CC=CNOCCO 1 C=C1C=NNC1=O 1.0000000 1.0000 0.8097924 0.8098 0.9186605 0.9187 0.8717258 0.8717
 | 17.5112 58.5331 40.4938 0.7736477 CN=C1NC(=O)C(=C(O)C=C(C)C=CN2CCOCC2)C(C(=O)O)N1 1 N=C1NCC(=CC=CC=CN2CCOCC2)C(=O)N1 1.0000000 1.0000 0.7471774 0.7472 0.2912214 0.2912 0.8311547 0.8312
 | 14.8157 50.6790 56.7092 0.8389702 CN(C)C=CC=CC(O)=C1NC(=N)CN(C)C1=O 1 C=C1NC(=N)CNC1=O 1.0000000 1.0000 0.7523026 0.7523 0.7717919 0.7718 0.7542886 0.7543
 | 16.0763 64.9361 47.7402 0.8802833 CCN1C(=O)C(=O)C(=c2[nH][nH]c(=O)c2=C(O)C=CC=CN2CCC(O)C2)C1=O 1 O=C1NC(=O)C(=c2[nH][nH]c(=O)c2=CC=CC=CN2CCCC2)C1=O 1.0000000 1.0000 0.8456557 0.8457 0.6133286 0.6133 0.8857692 0.8858
 | 12.0418 44.3962 32.2127 0.5985075 CN1COC(=C(O)C=CC=CN2CCOCC2)C1=O 1 O=C1NCOC1=CC=CC=CN1CCOCC1 1.0000000 1.0000 0.7264696 0.7265 0.4224118 0.4224 0.3104887 0.3105
 | 8.4503 44.0060 52.5610 0.7544297 CN1NNC(=C(O)C=CC=CN2CCOCC2)C1=O 1 O=C1NNNC1=CC=CC=CN1CCOCC1 1.0000000 1.0000 0.8007770 0.8008 0.9178589 0.9179 0.4712905 0.4713
 | 15.9077 61.0352 48.2069 0.8534542 O=C1NC(CO)OC(=O)C1=C(O)C=CC=CN1CC=CC(O)N1 1 O=C1NCOC(=O)C1=CC=CC=CN1CC=CCN1 1.0000000 1.0000 0.8399363 0.8399 0.8289785 0.8290 0.7162996 0.7163
02:26:41 <INFO> Score: 0.68 Agent NLL: 13.40 Valid:  98% Step: 85
 | Agent Prior Target Score SMILES SMILES_state Scaffold DASA DASA (raw) Solubility Solubility (raw) xTB_Gap xTB_Gap (raw) WaterSwitch WaterSwitch (raw)
 | 8.9570 54.5875 23.4028 0.6092991 C=C1CCN1C=CC=CC(O)=C1CCCNC1=O 1 C=C1CCN1C=CC=CC=C1CCCNC1=O 1.0000000 1.0000 0.5777658 0.5778 0.1970120 0.1970 0.5212600 0.5213
 | 19.3595 60.8776 55.6447 0.9103301 CN(C=CC=CC(O)=C1C(=O)NC(=O)C2(C)ON=C(C(N)=O)N12)CCO 1 C=C1C(=O)NC(=O)C2ON=CN12 1.0000000 1.0000 0.8453706 0.8454 0.8252998 0.8253 0.8877314 0.8877
 | 9.5196 53.5912 48.2715 0.7958020 CN1C(=O)C(=C(O)C=CC=CN2C=CCC2)C(O)N1C 1 O=C1NNCC1=CC=CC=CN1C=CCC1 1.0000000 1.0000 0.7078857 0.7079 0.7404959 0.7405 0.6709245 0.6709
 | 12.5685 59.8993 23.7127 0.6532183 O=C1NC(NCCNCCO)=NC1=C(O)C=CC=CN1CCCO1 1 O=C1NC=NC1=CC=CC=CN1CCCO1 1.0000000 1.0000 0.8231279 0.8231 0.9988853 0.9989 0.2750446 0.2750
 | 12.9342 53.2243 -53.2243 0.0000000 N1C(=O)C(=C(O)C=CC=CN2CCSCC2)C(=O)OC 0 -- 0.0000000 0.0000 0.0000000 0.0000 0.0000000 0.0000 0.0000000 0.0000
 | 9.6767 54.4042 37.6931 0.7195102 O=C1CN(C=CC=CC(O)=C2C(=O)NC(CO)NC2=O)CCN1 1 O=C1CN(C=CC=CC=C2C(=O)NCNC2=O)CCN1 1.0000000 1.0000 0.8739635 0.8740 0.7055949 0.7056 0.4151179 0.4151
 | 12.4608 60.8515 10.0581 0.5539814 O=C1NC(=CN2CCCC2)OCC1=C(O)C=CC=CN1CC1 1 O=C1NC(=CN2CCCC2)OCC1=CC=CC=CN1CC1 1.0000000 1.0000 0.6454842 0.6455 0.1105268 0.1105 0.4320976 0.4321
 | 11.4080 39.4458 67.3988 0.8347234 CN(C)C=CC=CC(O)=C1C(=O)NC1=O 1 C=C1C(=O)NC1=O 1.0000000 1.0000 0.8035685 0.8036 0.5647701 0.5648 0.7933909 0.7934
 | 15.0003 59.5463 -59.5463 0.0000000 NC1CN(C=CC=CC(O)=C2N=CNNC2=O)C1 1 O=C1NNC=NC1=CC=CC=CN1CCC1 1.0000000 1.0000 0.8406298 0.8406 0.5583188 0.5583 0.3924831 0.3925
 | 12.0057 59.4893 12.8420 0.5650885 C=C1CCN1C=CC=CC(O)=C1C(=O)CCNC1=O 1 C=C1CCN1C=CC=CC=C1C(=O)CCNC1=O 1.0000000 1.0000 0.6737838 0.6738 0.2382222 0.2382 0.3354551 0.3355
02:26:54 <INFO> Score: 0.72 Agent NLL: 13.04 Valid: 100% Step: 86
 | Agent Prior Target Score SMILES SMILES_state Scaffold DASA DASA (raw) Solubility Solubility (raw) xTB_Gap xTB_Gap (raw) WaterSwitch WaterSwitch (raw)
 | 15.5164 59.0535 52.1953 0.8691316 O=C1NC(=O)C(O)NC(=O)C1=C(O)C=CC=CN1CCOC1CCO 1 O=C1CNC(=O)C(=CC=CC=CN2CCOC2)C(=O)N1 1.0000000 1.0000 0.8586818 0.8587 0.9968078 0.9968 0.6991337 0.6991
 | 16.6010 53.1380 40.6599 0.7327962 O=C1CCNC(=O)C1=C(O)C=CC=CN1CC(O)C(O)CO1 1 O=C1CCNC(=O)C1=CC=CC=CN1CCCCO1 1.0000000 1.0000 0.8203224 0.8203 0.8413201 0.8413 0.4334804 0.4335
 | 17.8640 54.5656 49.9570 0.8165830 CNC1=CC(=C(O)C=CC=CN(CCO)CCO)C(=O)N1C 1 C=C1C=CNC1=O 1.0000000 1.0000 0.8034144 0.8034 0.9019169 0.9019 0.6181715 0.6182
 | 6.9281 49.8727 -49.8727 0.0000000 O=C1CN(C=CC=CC(O)=C2C(=O)NCCOC2=O)CCN1 1 O=C1CN(C=CC=CC=C2C(=O)NCCOC2=O)CCN1 1.0000000 1.0000 0.8192088 0.8192 0.6946087 0.6946 0.9670369 0.9670
 | 11.7225 49.1827 63.8919 0.8833954 O=C1CNC(=O)C1=C(O)C=CC=CN1CC=CCC1 1 O=C1CNC(=O)C1=CC=CC=CN1CC=CCC1 1.0000000 1.0000 0.7095860 0.7096 0.8783996 0.8784 0.8935835 0.8936
 | 11.1892 54.2985 62.7038 0.9140805 CN1NC(=O)C(=C(O)C=CC=CN2CCCOC2=O)N1 1 O=C1NNNC1=CC=CC=CN1CCCOC1=O 1.0000000 1.0000 0.7553959 0.7554 0.8522638 0.8523 0.9676678 0.9677
 | 10.6057 45.0308 62.2917 0.8384564 CN(O)C=CC=CC(O)=C1C(=O)NCCOC1=O 1 C=C1C(=O)NCCOC1=O 1.0000000 1.0000 0.7927025 0.7927 0.6925207 0.6925 0.7537921 0.7538
 | 15.4431 76.4171 31.5998 0.8438818 O=c1[nH]c(=O)c(=C(O)CO)oc1=C(O)C=CC=CN1CC(O)CO1 1 C=c1oc(=CC=CC=CN2CCCO2)c(=O)[nH]c1=O 1.0000000 1.0000 0.8770183 0.8770 0.7954349 0.7954 0.6779804 0.6780
 | 12.0147 62.1524 28.4555 0.7078741 CC1NC(=O)C(=C(O)C=CC=CN2CC(O)C2)C(=O)NC1O 1 O=C1NCCNC(=O)C1=CC=CC=CN1CCC1 1.0000000 1.0000 0.8446127 0.8446 0.5404851 0.5405 0.4454659 0.4455
 | 10.9035 57.8927 45.2421 0.8057402 O=C1NC(NCCO)=NC1=C(O)C=CC=CN1CC=CCC1 1 O=C1NC=NC1=CC=CC=CN1CC=CCC1 1.0000000 1.0000 0.7531203 0.7531 0.9998399 0.9998 0.5967413 0.5967
02:26:54 <INFO> Sampled SMILES N1C(=O)C(=C(O)C=CC=CN2OCCO2)C(=N)N1C(N)=N1CCOCC1 failed to sanitize.
02:27:11 <INFO> Score: 0.70 Agent NLL: 13.60 Valid:  98% Step: 87
 | Agent Prior Target Score SMILES SMILES_state Scaffold DASA DASA (raw) Solubility Solubility (raw) xTB_Gap xTB_Gap (raw) WaterSwitch WaterSwitch (raw)
 | 15.3600 53.3524 38.4378 0.7171111 C=CC1(C)NC(=O)C(=C(O)C=CC=CN)C(=O)N1 1 C=C1C(=O)NCNC1=O 1.0000000 1.0000 0.7876958 0.7877 0.4373083 0.4373 0.5309333 0.5309
 | 18.0691 80.3011 24.7631 0.8208140 CN(C=CC=CC(O)=c1sc(=C(O)C=CC=CN2CC2)c(=O)[nH]c1=O)CCO 1 C=c1sc(=CC=CC=CN2CC2)c(=O)[nH]c1=O 1.0000000 1.0000 0.7396056 0.7396 0.9994438 0.9994 0.6440455 0.6440
 | 10.7253 49.2045 70.6151 0.9360905 NC=CC=CC(O)=C1C(=O)C1O 1 C=C1CC1=O 1.0000000 1.0000 0.8398233 0.8398 0.9741303 0.9741 0.9211394 0.9211
 | 11.0295 43.1566 58.1788 0.7916828 CNC=CC=CC(O)=C1CONC1=O 1 C=C1CONC1=O 1.0000000 1.0000 0.8058647 0.8059 0.3886661 0.3887 0.7617675 0.7618
 | 16.6287 66.2921 44.8129 0.8680071 O=C1NC(O)C(=O)C1=c1[nH]c(=O)[nH]c(=O)c1=C(O)C=CC=CN1CCC=N1 1 O=C1CNC(=O)C1=c1[nH]c(=O)[nH]c(=O)c1=CC=CC=CN1CCC=N1 1.0000000 1.0000 0.8884417 0.8884 0.8608596 0.8609 0.7168770 0.7169
 | 11.4837 50.3429 29.9633 0.6273921 O=C1NC(CO)C(O)C(O)C1=C(O)C=CC=CN1CCCC1 1 O=C1NCCCC1=CC=CC=CN1CCCC1 1.0000000 1.0000 0.8111643 0.8112 0.0286439 0.0286 0.9193389 0.9193
 | 7.2726 52.2585 -52.2585 0.0000000 O=C1CN(C=CC=CC(O)=C2C(=O)NCCCOC2=O)CCN1 1 O=C1CN(C=CC=CC=C2C(=O)NCCCOC2=O)CCN1 1.0000000 1.0000 0.7864689 0.7865 0.5672315 0.5672 0.8705918 0.8706
 | 7.2066 49.9605 61.6745 0.8721488 O=C1NOC(=O)C1=C(O)C=CC=CN1CCC=C1O 1 O=C1NOC(=O)C1=CC=CC=CN1C=CCC1 1.0000000 1.0000 0.7316407 0.7316 0.8183883 0.8184 0.8588358 0.8588
 | 9.9096 51.2011 28.0215 0.6189267 CN1CCN(C=CC=CC(O)=C2C(=O)NCCOC2=O)C1=O 1 O=C1NCCOC(=O)C1=CC=CC=CN1CCNC1=O 1.0000000 1.0000 0.7564450 0.7564 0.0326944 0.0327 0.8805859 0.8806
 | 17.9103 54.4525 58.1713 0.8798735 CC(=O)NN(O)C=CC=CC(O)=C1C(=O)NC(=O)C(C)=C1C 1 C=C1C=CC(=O)NC1=O 1.0000000 1.0000 0.7058017 0.7058 0.7150970 0.7151 0.9561354 0.9561
02:27:33 <INFO> Score: 0.65 Agent NLL: 13.04 Valid: 100% Step: 88
 | Agent Prior Target Score SMILES SMILES_state Scaffold DASA DASA (raw) Solubility Solubility (raw) xTB_Gap xTB_Gap (raw) WaterSwitch WaterSwitch (raw)
 | 21.5693 65.3941 41.9455 0.8385904 CC1(O)OC(=C(O)C=CC=CN2NCC(=O)NC2=O)C(=O)C1=O 1 O=C1CNN(C=CC=CC=C2OCC(=O)C2=O)C(=O)N1 1.0000000 1.0000 0.8229960 0.8230 0.3052236 0.3052 0.9970131 0.9970
 | 18.1759 64.6078 36.1928 0.7875043 O=C1NC(=O)C(=C(O)C=CC=CN2CC=CCC2)OC1=NCCO 1 N=C1OC(=CC=CC=CN2CC=CCC2)C(=O)NC1=O 1.0000000 1.0000 0.7342254 0.7342 0.5031739 0.5032 0.7283453 0.7283
 | 7.2427 42.9453 -42.9453 0.0000000 O=C1NC(=O)C(=C(O)C=CC=CN2CCOCC2)C(=O)O1 1 O=C1NC(=O)C(=CC=CC=CN2CCOCC2)C(=O)O1 1.0000000 1.0000 0.7584411 0.7584 0.9319039 0.9319 0.7773843 0.7774
 | 8.0605 43.5083 61.0218 0.8166412 C=c1[nH]c(=O)c(=C(O)C=CC=CN2CCOCC2)c(=O)o1 1 C=c1[nH]c(=O)c(=CC=CC=CN2CCOCC2)c(=O)o1 1.0000000 1.0000 0.8185130 0.8185 0.9770877 0.9771 0.5917132 0.5917
 | 9.7192 48.6739 35.7277 0.6593873 O=C1CCNC(=O)C1=C(O)C=CC=CN1CC=CCC1 1 O=C1CCNC(=O)C1=CC=CC=CN1CC=CCC1 1.0000000 1.0000 0.6592371 0.6592 0.9923643 0.9924 0.3361758 0.3362
 | 16.2193 64.6445 18.5065 0.6496175 CC1CC(=C(O)C=CC=CN2CC(=NO)CC2=O)C(=O)NO1 1 N=C1CC(=O)N(C=CC=CC=C2CCONC2=O)C1 1.0000000 1.0000 0.6824901 0.6825 0.0792720 0.0793 0.8034850 0.8035
 | 7.6854 45.9087 -45.9087 0.0000000 O=C1NCCCOC(=O)C1=C(O)C=CC=CN1CCOCC1 1 O=C1NCCCOC(=O)C1=CC=CC=CN1CCOCC1 1.0000000 1.0000 0.7275009 0.7275 0.8782172 0.8782 0.7945107 0.7945
 | 10.3089 48.4854 53.9109 0.7999708 CC(O)C1NC(=O)C(=C(O)C=CC=CN)C1=O 1 C=C1C(=O)CNC1=O 1.0000000 1.0000 0.8381767 0.8382 0.7144519 0.7145 0.6097245 0.6097
 | 14.1205 54.9338 49.0182 0.8121248 CN1OC(O)C(=C(O)C=CC=CNCCN)C1=O 1 C=C1CONC1=O 1.0000000 1.0000 0.8477528 0.8478 0.5974013 0.5974 0.6802603 0.6803
 | 9.2150 45.3720 67.6970 0.8833522 NC=CC=CC(O)=C1NNNC1=O 1 C=C1NNNC1=O 1.0000000 1.0000 0.8766969 0.8767 0.7686256 0.7686 0.8015335 0.8015
02:27:51 <INFO> Score: 0.76 Agent NLL: 13.72 Valid: 100% Step: 89
 | Agent Prior Target Score SMILES SMILES_state Scaffold DASA DASA (raw) Solubility Solubility (raw) xTB_Gap xTB_Gap (raw) WaterSwitch WaterSwitch (raw)
 | 10.9889 37.9019 49.8366 0.6854573 CN(C)C=CC=CC(O)=C1C(=O)NC(=O)C1=O 1 C=C1C(=O)NC(=O)C1=O 1.0000000 1.0000 0.8166165 0.8166 0.9857243 0.9857 0.3271613 0.3272
 | 10.8455 54.8947 59.4377 0.8932214 O=C1NC(=O)C(=C(O)C=CC=CN2CCC(O)C2)C(=O)NC1=O 1 O=C1NC(=O)C(=CC=CC=CN2CCCC2)C(=O)NC1=O 1.0000000 1.0000 0.8522600 0.8523 0.8058261 0.8058 0.8350596 0.8351
 | 22.7958 66.4842 26.5568 0.7268827 COCN1C=NC(=O)C(=C(O)C=CC=CN2CCC=C2O)C1=O 1 O=C1N=CNC(=O)C1=CC=CC=CN1C=CCC1 1.0000000 1.0000 0.6687071 0.6687 0.2621996 0.2622 0.7612516 0.7613
 | 16.2724 60.6634 54.6822 0.9011381 O=C1NC(C(=O)O)C(=O)C1=C(O)C=CC=CN1CC=CCO1 1 O=C1CNC(=O)C1=CC=CC=CN1CC=CCO1 1.0000000 1.0000 0.7702284 0.7702 0.9834489 0.9834 0.8613391 0.8613
 | 19.6531 62.3347 23.4111 0.6698884 O=C1NC=C(Br)CNC1=C(O)C=CC=CN1CCCOCC1 1 O=C1NC=CCNC1=CC=CC=CN1CCCOCC1 1.0000000 1.0000 0.5558920 0.5559 0.9477163 0.9477 0.4099786 0.4100
 | 6.5954 44.7819 -44.7819 0.0000000 CN1OC(=O)C(=C(O)C=CC=CN(CCO)CCO)C1=O 1 C=C1C(=O)NOC1=O 1.0000000 1.0000 0.8399465 0.8399 0.7615182 0.7615 0.9237663 0.9238
 | 10.9386 50.4804 42.6671 0.7277154 C=C1CCC(=O)C1=C(O)C=CC=CNOCCO 1 C=C1CCC(=O)C1=C 1.0000000 1.0000 0.6878405 0.6878 0.6116382 0.6116 0.5445891 0.5446
 | 12.9101 44.2740 67.3560 0.8721092 O=C1NC(=O)C(=C(O)C=C(O)C=CN2CCOCC2)C1=O 1 O=C1NC(=O)C(=CC=CC=CN2CCOCC2)C1=O 1.0000000 1.0000 0.8058332 0.8058 0.9591237 0.9591 0.7525577 0.7526
 | 19.0393 60.8636 28.3357 0.6968700 C=c1c(=C(O)C=CC=CN2C=COCCC2)c(=O)n(C)n1C 1 C=c1[nH][nH]c(=O)c1=CC=CC=CN1C=COCCC1 1.0000000 1.0000 0.7288076 0.7288 0.9991846 0.9992 0.3748093 0.3748
 | 16.5868 57.3999 54.4867 0.8741138 O=C1CCN(C=CC=CC(O)=c2oc(=CCO)[nH]c2=O)N1O 1 C=c1[nH]c(=O)c(=CC=CC=CN2CCC(=O)N2)o1 1.0000000 1.0000 0.8459643 0.8460 0.8663833 0.8664 0.7596903 0.7597
02:28:07 <INFO> Score: 0.69 Agent NLL: 14.24 Valid: 100% Step: 90
 | Agent Prior Target Score SMILES SMILES_state Scaffold DASA DASA (raw) Solubility Solubility (raw) xTB_Gap xTB_Gap (raw) WaterSwitch WaterSwitch (raw)
 | 13.2575 49.3458 58.7206 0.8442685 O=C1NC(=O)c2c(c(O)c3ccccc3c2O)C1=C(O)C=CC=CN(O)CCO 1 C=C1C(=O)NC(=O)c2cc3ccccc3cc21 1.0000000 1.0000 0.5156586 0.5157 0.9810660 0.9811 0.9347885 0.9348
 | 7.1968 45.5972 -45.5972 0.0000000 O=C1NOC(=O)C1=C(O)C=CC=CN1CC1 1 O=C1NOC(=O)C1=CC=CC=CN1CC1 1.0000000 1.0000 0.8168433 0.8168 0.8206357 0.8206 0.7769240 0.7769
 | 16.4683 66.5148 19.9604 0.6755872 C=C1NC(=O)CCN1C=CC=CC(O)=C1CNCC(=O)NC1=O 1 C=C1NC(=O)CCN1C=CC=CC=C1CNCC(=O)NC1=O 1.0000000 1.0000 0.7853248 0.7853 0.2256151 0.2256 0.5576668 0.5577
 | 11.2662 51.9181 62.3745 0.8929115 O=C1NC(=O)N(O)NC1=C(O)C=CC=CN1CCCC1 1 O=C1NNC(=CC=CC=CN2CCCC2)C(=O)N1 1.0000000 1.0000 0.7376929 0.7377 0.9204683 0.9205 0.8842365 0.8842
 | 11.8540 46.7862 50.0934 0.7568717 O=C1C=CC(=O)C1=C(O)C=CC=CN1CCCO1 1 O=C1C=CC(=O)C1=CC=CC=CN1CCCO1 1.0000000 1.0000 0.6787304 0.6787 0.4993501 0.4994 0.6776808 0.6777
 | 9.7198 48.7524 34.5344 0.6506785 CC1=NC(=C(O)C=CC=CN2CCSCC2)C(=O)N1 1 O=C1NC=NC1=CC=CC=CN1CCSCC1 1.0000000 1.0000 0.6319932 0.6320 0.9961229 0.9961 0.3312914 0.3313
 | 10.9661 50.9631 63.5835 0.8948954 O=C1NC(=O)C(=C(O)C=CC=CN2CCOS2(=O)=O)C(=O)O1 1 O=C1NC(=O)C(=CC=CC=CN2CCOS2(=O)=O)C(=O)O1 1.0000000 1.0000 0.7893457 0.7893 0.7573811 0.7574 0.9110415 0.9110
 | 14.1040 50.1197 42.7426 0.7254863 CN1C(=O)C(=C(O)C=CC=CN2CCCc3ccccc32)C(O)C1O 1 O=C1NCCC1=CC=CC=CN1CCCc2ccccc21 1.0000000 1.0000 0.5591023 0.5591 0.3320331 0.3320 0.7917026 0.7917
 | 13.0198 58.1092 44.0805 0.7983575 O=C1NC(C(=O)O)N2C(=O)CC2C1=C(O)C=CC=CN1CCCO1 1 O=C1NCN2C(=O)CC2C1=CC=CC=CN1CCCO1 1.0000000 1.0000 0.7645948 0.7646 0.3396411 0.3396 0.8574527 0.8575
 | 12.6346 62.8146 45.2600 0.8443330 CN1C=NC(=C(O)C=CC=CN2CCN=C2N)C(=O)N1 1 O=C1NNC=NC1=CC=CC=CN1C=NCC1 1.0000000 1.0000 0.8066144 0.8066 0.8748799 0.8749 0.6978367 0.6978
02:28:22 <INFO> Score: 0.70 Agent NLL: 12.63 Valid: 100% Step: 91
 | Agent Prior Target Score SMILES SMILES_state Scaffold DASA DASA (raw) Solubility Solubility (raw) xTB_Gap xTB_Gap (raw) WaterSwitch WaterSwitch (raw)
 | 14.3147 62.4534 49.8855 0.8776479 NCC1CN(C=CC=CC(O)=C2NNCNC2=O)O1 1 O=C1NCNNC1=CC=CC=CN1CCO1 1.0000000 1.0000 0.8651837 0.8652 0.8539164 0.8539 0.7613670 0.7614
 | 9.4667 40.9863 -40.9863 0.0000000 O=C1NCCCC1=C(O)C=CC=CN1CCOCC1 1 O=C1NCCCC1=CC=CC=CN1CCOCC1 1.0000000 1.0000 0.6781614 0.6782 0.1465573 0.1466 0.3947516 0.3948
 | 11.5885 57.4849 59.0999 0.9108185 O=C1NC(=O)N(CCO)NC1=C(O)C=CC=CN1CCC1 1 O=C1NNC(=CC=CC=CN2CCC2)C(=O)N1 1.0000000 1.0000 0.8007784 0.8008 0.9711776 0.9712 0.8713871 0.8714
 | 8.7830 47.9882 54.9090 0.8038844 O=C1CCNC(=O)C1=C(O)C=CC=CN1CCSCC1 1 O=C1CCNC(=O)C1=CC=CC=CN1CCSCC1 1.0000000 1.0000 0.6680204 0.6680 0.7453774 0.7454 0.7232609 0.7233
 | 11.5355 56.0224 44.0245 0.7816158 C=c1c(=C(O)C=CC=CN2CC=CC(O)C2)c(=O)[nH]n1C 1 C=c1[nH][nH]c(=O)c1=CC=CC=CN1CC=CCC1 1.0000000 1.0000 0.8060936 0.8061 0.9973546 0.9974 0.5122651 0.5123
 | 9.2337 52.6984 49.5692 0.7989654 O=C1NC(CO)(CO)NC1=C(O)C=CC=CN1CCC1 1 O=C1NCNC1=CC=CC=CN1CCC1 1.0000000 1.0000 0.8460787 0.8461 0.6846945 0.6847 0.6125797 0.6126
 | 10.5332 47.7115 40.9391 0.6925830 O=C1NCCC1=C(O)C=CC=CN1CC=CC(O)C1 1 O=C1NCCC1=CC=CC=CN1CC=CCC1 1.0000000 1.0000 0.7276261 0.7276 0.3621177 0.3621 0.5377649 0.5378
 | 14.5193 66.9837 14.1629 0.6339580 C=c1c(=O)[nH]c(=S)[nH]c(=O)c1=C(O)C=CC=CN1CCC=C1C 1 C=c1c(=O)[nH]c(=S)[nH]c(=O)c1=CC=CC=CN1C=CCC1 1.0000000 1.0000 0.6597094 0.6597 0.1707776 0.1708 0.5692171 0.5692
 | 17.2238 50.4878 29.2866 0.6232374 COCC1CNC(=O)C1=C(O)C=CC=CN 1 C=C1CCNC1=O 1.0000000 1.0000 0.7909377 0.7909 0.1206104 0.1206 0.5343545 0.5344
 | 7.7685 40.3484 65.0652 0.8235437 CN(C)C=CC=CC(O)=C1C(=O)NCCOC1=O 1 C=C1C(=O)NCCOC1=O 1.0000000 1.0000 0.7765556 0.7766 0.8157874 0.8158 0.6775972 0.6776
02:28:36 <INFO> Score: 0.63 Agent NLL: 12.58 Valid: 100% Step: 92
 | Agent Prior Target Score SMILES SMILES_state Scaffold DASA DASA (raw) Solubility Solubility (raw) xTB_Gap xTB_Gap (raw) WaterSwitch WaterSwitch (raw)
 | 13.8492 52.2697 42.9085 0.7435796 NC=CC=CC(O)=C1C(=O)NCC1O 1 C=C1CCNC1=O 1.0000000 1.0000 0.8511706 0.8512 0.1587919 0.1588 0.8277649 0.8278
 | 10.6977 55.2035 36.4151 0.7157706 NC1=NC(=C(O)C=CC=CN2CCC(=O)NO2)C(=O)N1 1 O=C1CCN(C=CC=CC=C2N=CNC2=O)ON1 1.0000000 1.0000 0.8360668 0.8361 0.9023804 0.9024 0.3845120 0.3845
 | 12.6346 53.3180 48.4173 0.7948067 CC1=CCCN1C=CC=CC(O)=C1NC(=N)N(C)C1=O 1 N=C1NC(=O)C(=CC=CC=CN2C=CCC2)N1 1.0000000 1.0000 0.6345029 0.6345 0.9707814 0.9708 0.6552195 0.6552
 | 19.2028 63.3767 47.2127 0.8639796 C=C1C(=N)C(=C(O)C=CC=CN2CCS(=O)(=O)C2)C(=O)NC1=O 1 C=C1C(=N)C(=CC=CC=CN2CCS(=O)(=O)C2)C(=O)NC1=O 1.0000000 1.0000 0.7457570 0.7458 0.9753967 0.9754 0.7679065 0.7679
 | 13.2363 24.7552 -24.7549 0.0000023 CC1(C)CC(=O)C(=CN2CCCCC2)C(=O)O1 1 O=C1CCOC(=O)C1=CN1CCCCC1 0.0000000 0.0000 0.6179702 0.6180 0.0040691 0.0041 0.0000000 0.0000
 | 8.6815 47.2206 -47.2206 0.0000000 C=C1NC(=O)C(=C(O)C=CC=CN2CCOCC2)C1=O 1 C=C1NC(=O)C(=CC=CC=CN2CCOCC2)C1=O 1.0000000 1.0000 0.7364665 0.7365 0.8404060 0.8404 0.8336665 0.8337
 | 11.7394 49.3976 51.7677 0.7903543 NC1=CC(=O)C(=C(O)C=CC=CN2CCCC2)C(=O)N1 1 O=C1C=CNC(=O)C1=CC=CC=CN1CCCC1 1.0000000 1.0000 0.7328428 0.7328 0.9980759 0.9981 0.5710894 0.5711
 | 11.4051 49.1478 65.6740 0.8970456 C=c1[nH]c(=O)[nH]c(=O)c1=C(O)C=CC=CN1CCC1 1 C=c1[nH]c(=O)[nH]c(=O)c1=CC=CC=CN1CCC1 1.0000000 1.0000 0.8270891 0.8271 0.7641258 0.7641 0.8838894 0.8839
 | 7.6404 47.8952 49.6899 0.7623837 O=C1NCCOC(=O)C1=C(O)C=CC=CN1CCSCC1 1 O=C1NCCOC(=O)C1=CC=CC=CN1CCSCC1 1.0000000 1.0000 0.6974137 0.6974 0.5610089 0.5610 0.6514100 0.6514
 | 9.6309 47.7371 60.1285 0.8427003 C=c1[nH]c(=O)c(=C(O)C=CC=CN2CC=CCC2)c(=O)o1 1 C=c1[nH]c(=O)c(=CC=CC=CN2CC=CCC2)c(=O)o1 1.0000000 1.0000 0.7595295 0.7595 0.9939044 0.9939 0.6914075 0.6914
02:28:49 <INFO> Score: 0.64 Agent NLL: 13.78 Valid: 100% Step: 93
 | Agent Prior Target Score SMILES SMILES_state Scaffold DASA DASA (raw) Solubility Solubility (raw) xTB_Gap xTB_Gap (raw) WaterSwitch WaterSwitch (raw)
 | 16.1833 17.8527 -17.8526 0.0000006 CCN1CCCC1=O 1 O=C1CCCN1 0.0000000 0.0000 0.8039332 0.8039 0.0000000 0.0000 0.0000000 0.0000
 | 16.7513 62.5851 35.4055 0.7655517 C=c1n(C)c(=O)c(=C(O)C=CC=CN2CCOS(=O)(=O)C2)n1C 1 C=c1[nH]c(=O)c(=CC=CC=CN2CCOS(=O)(=O)C2)[nH]1 1.0000000 1.0000 0.8143475 0.8143 0.5409016 0.5409 0.5961935 0.5962
 | 11.4211 52.6929 48.1675 0.7879717 CN1CN(C=CC=CC(O)=C2C(=O)NCCOC2=O)C(=O)C1=O 1 O=C1NCN(C=CC=CC=C2C(=O)NCCOC2=O)C1=O 1.0000000 1.0000 0.8217351 0.8217 0.3097577 0.3098 0.8045281 0.8045
 | 20.6445 55.5885 31.2471 0.6784035 COC1=C(OC)C(=O)C(O)C(=C(O)C=CC=CN2CC=CCC2)C1=O 1 O=C1C=CC(=O)C(=CC=CC=CN2CC=CCC2)C1 1.0000000 1.0000 0.6298991 0.6299 0.3062077 0.3062 0.5950632 0.5951
 | 11.1585 43.3356 49.2016 0.7229467 CCCNC1=NC(=C(O)C=CC=CN(C)C)C(=O)N1 1 C=C1N=CNC1=O 1.0000000 1.0000 0.7169664 0.7170 0.9709571 0.9710 0.4341697 0.4342
 | 13.7737 43.5148 25.7205 0.5409012 O=C1Nc2ccccc2CC1=C(O)C=CC=CN1CCOCC1 1 O=C1Nc2ccccc2CC1=CC=CC=CN1CCOCC1 1.0000000 1.0000 0.4507644 0.4508 0.1075718 0.1076 0.5271375 0.5271
 | 10.4485 50.9277 48.7805 0.7789706 O=C1CN(C=CC=CC(O)=C2C(=O)NCCOC2=O)C(=O)CN1 1 O=C1CN(C=CC=CC=C2C(=O)NCCOC2=O)C(=O)CN1 1.0000000 1.0000 0.8384873 0.8385 0.3111568 0.3112 0.7610163 0.7610
 | 9.3216 47.9470 -47.9470 0.0000000 O=C1NC(=O)C(=C(O)C=CC=CN2CCC(O)C2)C(O)N1 1 O=C1NCC(=CC=CC=CN2CCCC2)C(=O)N1 1.0000000 1.0000 0.8187036 0.8187 0.6837326 0.6837 0.8738074 0.8738
 | 12.2303 52.9918 56.0672 0.8520239 CN1NC(=O)C(=C(O)C=CC=CN2CC2)C1=N 1 N=C1NNC(=O)C1=CC=CC=CN1CC1 1.0000000 1.0000 0.7848285 0.7848 0.8912475 0.8912 0.7293639 0.7294
 | 10.6378 52.8427 60.8127 0.8879328 CN(C=CC=CC(O)=C1NC(C)(C)C(=O)NC1=O)OCCO 1 C=C1NCC(=O)NC1=O 1.0000000 1.0000 0.7885477 0.7885 0.8820988 0.8821 0.8386733 0.8387
02:29:04 <INFO> Score: 0.73 Agent NLL: 14.01 Valid: 100% Step: 94
 | Agent Prior Target Score SMILES SMILES_state Scaffold DASA DASA (raw) Solubility Solubility (raw) xTB_Gap xTB_Gap (raw) WaterSwitch WaterSwitch (raw)
 | 12.5655 47.1316 55.4538 0.8014478 CN1CC(=C(O)C=CC=CN2CCNCC2)C(=O)NC1=O 1 O=C1NCC(=CC=CC=CN2CCNCC2)C(=O)N1 1.0000000 1.0000 0.7625876 0.7626 0.3709036 0.3709 0.8421488 0.8421
 | 13.3716 63.3706 27.6928 0.7114335 CC(O)C1NC(=O)C(=C(O)C=CC=CN2CCC=C2CO)N1 1 O=C1NCNC1=CC=CC=CN1C=CCC1 1.0000000 1.0000 0.7754701 0.7755 0.9018057 0.9018 0.3986688 0.3987
 | 14.7056 67.4478 19.9753 0.6829928 O=C1NC=NNC1=C(O)C=CC=CN1CCC1=CO 1 C=C1CCN1C=CC=CC=C1NN=CNC1=O 1.0000000 1.0000 0.7300949 0.7301 0.8249990 0.8250 0.3757941 0.3758
 | 11.3945 59.0076 54.1056 0.8836974 Cn1c(=CCl)c(=O)[nH]c(=O)c1=C(O)C=CC=CN(CCO)CCO 1 C=c1[nH]c(=C)c(=O)[nH]c1=O 1.0000000 1.0000 0.8488887 0.8489 0.7690640 0.7691 0.8220546 0.8221
 | 22.1535 72.5438 41.7244 0.8927199 CONC1=C(C)NCCN1C=CC=CC(O)=C1C(=O)NN(CCO)C1O 1 O=C1NNCC1=CC=CC=CN1C=CNCC1 1.0000000 1.0000 0.8214547 0.8215 0.8060428 0.8060 0.8567259 0.8567
 | 14.9012 51.4456 39.9771 0.7142393 CN(C)C=CC=CC(O)=C1C(=O)NCC(N)NC1=O 1 C=C1C(=O)NCCNC1=O 1.0000000 1.0000 0.8414261 0.8414 0.6948539 0.6949 0.4190353 0.4190
 | 8.5152 49.5276 -49.5276 0.0000000 CN1NC(N)=NC(=C(O)C=CC=CN(CCO)CCO)C1=O 1 C=C1N=CNNC1=O 1.0000000 1.0000 0.8681645 0.8682 0.8086031 0.8086 0.9566015 0.9566
 | 10.5929 47.4111 50.5060 0.7649778 CC1OC(=O)C(=C(O)C=CC=CN)C1O 1 C=C1CCOC1=O 1.0000000 1.0000 0.7924503 0.7925 0.2927308 0.2927 0.7641176 0.7641
 | 17.5900 45.4030 36.4237 0.6392717 CN1C(=O)C(=C(O)C=C(O)C=CN2CCNCC2)c2ccccc21 1 O=C1Nc2ccccc2C1=CC=CC=CN1CCNCC1 1.0000000 1.0000 0.5286613 0.5287 0.7106724 0.7107 0.4049761 0.4050
 | 26.4043 58.9343 34.7152 0.7316372 C=C1COC(C)C12NC(=O)C(=C(O)C=CC=CN(C)OC)N2 1 C=C1NC2(COCC2=C)NC1=O 1.0000000 1.0000 0.6958681 0.6959 0.6261161 0.6261 0.5449510 0.5450
02:29:18 <INFO> Score: 0.63 Agent NLL: 12.53 Valid: 100% Step: 95
 | Agent Prior Target Score SMILES SMILES_state Scaffold DASA DASA (raw) Solubility Solubility (raw) xTB_Gap xTB_Gap (raw) WaterSwitch WaterSwitch (raw)
 | 8.7079 49.4662 -49.4662 0.0000000 CN1OC(=O)C(=C(O)C=CC=CN2CC=CC2=O)C1=O 1 O=C1NOC(=O)C1=CC=CC=CN1CC=CC1=O 1.0000000 1.0000 0.7542420 0.7542 0.7577759 0.7578 0.8735543 0.8736
 | 10.3540 57.9860 49.6829 0.8411629 CC1=CCCN1C=CC=CC(O)=C1NC(N)NC1=O 1 O=C1NCNC1=CC=CC=CN1C=CCC1 1.0000000 1.0000 0.7469991 0.7470 0.9999679 1.0000 0.6942014 0.6942
 | 10.9917 53.2613 49.4028 0.8020633 O=C1NNC(O)C1=C(O)C=CC=CN1CCC(O)C1 1 O=C1NNCC1=CC=CC=CN1CCCC1 1.0000000 1.0000 0.8448527 0.8449 0.2194350 0.2194 0.9519821 0.9520
 | 10.5314 43.6740 66.2803 0.8590176 COC1C(=O)NC(=O)C(=C(O)C=CC=CN(C)C)N1C 1 C=C1NCC(=O)NC1=O 1.0000000 1.0000 0.7767036 0.7767 0.7881627 0.7882 0.7912880 0.7913
 | 10.0865 49.7937 50.0123 0.7797345 O=C1NC2(CCCCC2)NC1=C(O)C=CC=CN1CCC1 1 O=C1NC2(CCCCC2)NC1=CC=CC=CN1CCC1 1.0000000 1.0000 0.5605975 0.5606 0.9288946 0.9289 0.6852427 0.6852
 | 7.3648 42.7203 -42.7203 0.0000000 NC1=NC(=C(O)C=CC=CN2CCOCC2)C(=O)N1 1 O=C1NC=NC1=CC=CC=CN1CCOCC1 1.0000000 1.0000 0.8043442 0.8043 0.9939546 0.9940 0.5115415 0.5115
 | 9.2671 48.5165 59.6614 0.8451392 CN(C=CC=CC(O)=C1N=C(N)N(C)C1=O)OCCO 1 C=C1N=CNC1=O 1.0000000 1.0000 0.8205548 0.8206 0.9681751 0.9682 0.6653796 0.6654
 | 13.7903 50.8330 63.9123 0.8964476 CC(O)CC1NC(=O)C(=C(O)C=CC=CN(C)CCO)C1=O 1 C=C1C(=O)CNC1=O 1.0000000 1.0000 0.8004833 0.8005 0.9902434 0.9902 0.8200761 0.8201
 | 10.0674 44.0408 50.6445 0.7397291 CN(C=CC=CC(O)=C1CN(C)N(C)C1=O)CCO 1 C=C1CNNC1=O 1.0000000 1.0000 0.7797269 0.7797 0.1959958 0.1960 0.8027329 0.8027
 | 7.2870 48.8022 65.4821 0.8928464 O=C1NNNC1=C(O)C=CC=CN(CCO)CCO 1 C=C1NNNC1=O 1.0000000 1.0000 0.8913469 0.8913 0.9690821 0.9691 0.7524044 0.7524
02:29:33 <INFO> Score: 0.70 Agent NLL: 14.12 Valid: 100% Step: 96
 | Agent Prior Target Score SMILES SMILES_state Scaffold DASA DASA (raw) Solubility Solubility (raw) xTB_Gap xTB_Gap (raw) WaterSwitch WaterSwitch (raw)
 | 10.8750 43.4173 72.1937 0.9032111 CN1NC(=O)C1=C(O)C=CC=CN 1 C=C1NNC1=O 1.0000000 1.0000 0.8334085 0.8334 0.8297857 0.8298 0.8720334 0.8720
 | 24.6282 64.1343 44.8329 0.8513063 C=C1NC(C)C(=O)NC(=O)C1=C(O)C=CC=CN1CCN(N)CC1 1 C=C1NCC(=O)NC(=O)C1=CC=CC=CN1CCNCC1 1.0000000 1.0000 0.7689792 0.7690 0.9997333 0.9997 0.7073710 0.7074
 | 11.8812 55.6658 54.8709 0.8635684 O=C1CCN(C=CC=CC(O)=C2C(=O)NOC2=O)C(O)N1 1 O=C1CCN(C=CC=CC=C2C(=O)NOC2=O)CN1 1.0000000 1.0000 0.8485961 0.8486 0.5784826 0.5785 0.8464803 0.8465
 | 16.4051 49.9072 39.6007 0.6992803 COC1C(=O)C(=C(O)C=CC=CNCCO)OC1(C)C 1 C=C1OCCC1=O 1.0000000 1.0000 0.7183215 0.7183 0.9987691 0.9988 0.3834065 0.3834
 | 10.4974 40.9908 59.1916 0.7826752 CN(O)C=CC=CC(O)=C1C(=O)N(C)C=CN1C 1 C=C1NC=CNC1=O 1.0000000 1.0000 0.6964847 0.6965 0.9864281 0.9864 0.5766065 0.5766
 | 17.7700 48.0622 61.6949 0.8574773 CN1C(=O)NC(=O)C1=C(O)C=CC=CNC(N)=O 1 C=C1NC(=O)NC1=O 1.0000000 1.0000 0.8064254 0.8064 0.4794212 0.4794 0.9213705 0.9214
 | 11.8719 59.3071 39.8655 0.7747863 CC(=O)NN(C)C=CC=CC(O)=c1[nH]c(=CBr)[nH]c1=O 1 C=c1[nH]c(=C)c(=O)[nH]1 1.0000000 1.0000 0.7465911 0.7466 0.9755168 0.9755 0.5311460 0.5311
 | 20.6955 62.9284 36.4949 0.7767449 CN(C=CC=CC(O)=C1C(=O)NCC(=O)NC1=O)Cc1cncn1C 1 O=C1CNC(=O)C(=CC=CC=CNCc2cnc[nH]2)C(=O)N1 1.0000000 1.0000 0.7596960 0.7597 0.9784818 0.9785 0.5281441 0.5281
 | 8.7858 40.7537 -40.7537 0.0000000 O=C1NOC(=O)C1=C(O)C=CC=CN1CCOCC1 1 O=C1NOC(=O)C1=CC=CC=CN1CCOCC1 1.0000000 1.0000 0.7907129 0.7907 0.8693743 0.8694 0.8691375 0.8691
 | 27.3993 55.2408 34.4554 0.7007516 CON1C(=O)NC(=O)C1=C(O)C=CC=CNc1ccc(N=[N+]=[N-])cc1 1 O=C1NC(=O)C(=CC=CC=CNc2ccccc2)N1 1.0000000 1.0000 0.3559549 0.3560 0.9942468 0.9942 0.6548959 0.6549
02:29:52 <INFO> Score: 0.73 Agent NLL: 14.81 Valid: 100% Step: 97
 | Agent Prior Target Score SMILES SMILES_state Scaffold DASA DASA (raw) Solubility Solubility (raw) xTB_Gap xTB_Gap (raw) WaterSwitch WaterSwitch (raw)
 | 12.0127 54.2148 36.4509 0.7083257 CC1=CCCN1C=CC=CC(O)=C1CNCNC1=O 1 O=C1NCNCC1=CC=CC=CN1C=CCC1 1.0000000 1.0000 0.6754718 0.6755 0.9934963 0.9935 0.4201396 0.4201
 | 23.6722 65.6536 31.9696 0.7626808 O=C1NC(Br)(Br)CCOC(=O)C1=C(O)C=CC=CN(O)CCO 1 C=C1C(=O)NCCCOC1=O 1.0000000 1.0000 0.5577391 0.5577 0.8567375 0.8567 0.6580604 0.6581
 | 10.5444 57.4924 40.9508 0.7690873 CN(C=CC=CC(O)=C1NC(NCCO)NC1=O)CCO 1 C=C1NCNC1=O 1.0000000 1.0000 0.8811563 0.8812 0.6415271 0.6415 0.5353927 0.5354
 | 16.6910 55.2914 42.8845 0.7669994 O=C1NC(=O)C(=C(O)C=CC=CN2CCCCN2)O1 1 O=C1NC(=O)C(=CC=CC=CN2CCCCN2)O1 1.0000000 1.0000 0.7191077 0.7191 0.9575208 0.9575 0.5316883 0.5317
 | 13.1791 43.9977 52.9900 0.7577163 COC1C(=C(O)C=CC=CN(C)C)C(=O)N(C)N1C 1 C=C1CNNC1=O 1.0000000 1.0000 0.7222292 0.7222 0.4883630 0.4884 0.6547116 0.6547
 | 10.7008 50.3448 61.2550 0.8718733 NC=CC=CC(O)=C1C(=O)CC1=O 1 C=C1C(=O)CC1=O 1.0000000 1.0000 0.7934466 0.7934 0.5447501 0.5448 0.9404114 0.9404
 | 23.6562 80.6225 26.9804 0.8406482 CC(=CS(C)(=O)=O)OC(=O)NN(O)C=CC=CC(O)=C1C(=O)NC(=O)CN1CCO 1 C=C1NCC(=O)NC1=O 1.0000000 1.0000 0.7649420 0.7649 0.9959632 0.9960 0.6815702 0.6816
 | 11.5273 42.5459 61.6847 0.8143019 CN(C=CC=CC(O)=C1OCOC1=O)CCO 1 C=C1OCOC1=O 1.0000000 1.0000 0.7826137 0.7826 0.6374211 0.6374 0.7113452 0.7113
 | 18.0574 55.5859 46.2764 0.7957991 O=C1NC(c2ccccc2)ONC1=C(O)C=CC=CN(CCO)CCO 1 C=C1NOC(c2ccccc2)NC1=O 1.0000000 1.0000 0.6910403 0.6910 0.9290926 0.9291 0.6274252 0.6274
 | 24.1007 65.2517 34.9620 0.7829191 CCN(CC)C1=NC(=C(O)C=CC=CN(OC)C(C)=CCO)C(=O)N1 1 C=C1N=CNC1=O 1.0000000 1.0000 0.6204133 0.6204 0.9525202 0.9525 0.6378314 0.6378
02:29:52 <INFO> Sampled SMILES N1C(=O)C(=C(C=CC=CN2CCC=C2=NO)O)C(=O)C1C(=O)NOCCO failed to sanitize.
02:30:10 <INFO> Score: 0.61 Agent NLL: 15.28 Valid:  98% Step: 98
 | Agent Prior Target Score SMILES SMILES_state Scaffold DASA DASA (raw) Solubility Solubility (raw) xTB_Gap xTB_Gap (raw) WaterSwitch WaterSwitch (raw)
 | 10.7331 52.7461 52.2356 0.8201694 CON(C)C=CC=CC(O)=C1C(=O)NC(C(C)=N)C1=O 1 C=C1C(=O)CNC1=O 1.0000000 1.0000 0.7437683 0.7438 0.8887479 0.8887 0.6684276 0.6684
 | 17.4511 59.9693 37.2948 0.7598758 CC1=C(N2CCOCC2)NC(=O)C(=C(O)C=CC=CN(C)CCO)C(C)(O)C1=O 1 C=C1CC(=O)C=C(N2CCOCC2)NC1=O 1.0000000 1.0000 0.7181711 0.7182 0.3192723 0.3193 0.7785292 0.7785
 | 26.6908 65.4137 2.9175 0.5338377 CC1C(=O)N2CCCC3(CO)NC(=O)C(=C(O)C=CC=CN)C1C23 1 C=C1C(=O)NC2CCCN3C(=O)CC1C23 1.0000000 1.0000 0.7363221 0.7363 0.1868647 0.1869 0.2837152 0.2837
 | 21.5415 82.8608 35.5041 0.9247254 CC1=NN(C=CC=CC(O)=C2C(=O)NC(=O)C(NCCO)NC2=O)C(C(=O)O)CO1 1 O=C1CNC(=O)C(=CC=CC=CN2CCOC=N2)C(=O)N1 1.0000000 1.0000 0.8518779 0.8519 0.9587047 0.9587 0.8797886 0.8798
 | 10.1184 43.9763 -43.9763 0.0000000 CN1C(=O)NC(=O)C1=C(O)C=CC=CN(CCO)CCO 1 C=C1NC(=O)NC1=O 1.0000000 1.0000 0.8286242 0.8286 0.5248836 0.5249 0.8774615 0.8775
 | 10.1749 49.4474 61.3524 0.8656231 CN(C=CC=CC(O)=C1C(=O)NC(O)OC1=O)CCO 1 C=C1C(=O)NCOC1=O 1.0000000 1.0000 0.8545001 0.8545 0.8795435 0.8795 0.7254445 0.7254
 | 12.4645 18.1640 -18.1640 0.0000006 CC1NC(=O)NC1=O 1 O=C1CNC(=O)N1 0.0000000 0.0000 0.8824403 0.8824 0.0000000 0.0000 0.0000000 0.0000
 | 11.0719 48.1882 -48.1882 0.0000000 CON(C)C=CC=CC(O)=C1C(=O)NC(CO)(CO)N1C 1 C=C1NCNC1=O 1.0000000 1.0000 0.8353280 0.8353 0.7382191 0.7382 0.6213535 0.6214
 | 11.5675 53.5147 63.0863 0.9109453 CN(O)C=CC=CC(O)=c1c(=O)[nH]c(=O)[nH]c1=C1C(=O)C(=O)N(C)C1=O 1 C=c1c(=O)[nH]c(=O)[nH]c1=C1C(=O)NC(=O)C1=O 1.0000000 1.0000 0.8851679 0.8852 0.7653061 0.7653 0.8842581 0.8843
 | 14.7457 54.0570 44.6873 0.7714396 CN1NC(=O)C(=C(O)C=CC=CN(CCO)OCCO)C1=O 1 C=C1C(=O)NNC1=O 1.0000000 1.0000 0.8632712 0.8633 0.7058185 0.7058 0.5299974 0.5300
02:30:25 <INFO> Score: 0.62 Agent NLL: 13.22 Valid: 100% Step: 99
 | Agent Prior Target Score SMILES SMILES_state Scaffold DASA DASA (raw) Solubility Solubility (raw) xTB_Gap xTB_Gap (raw) WaterSwitch WaterSwitch (raw)
 | 19.0041 54.8693 -54.8687 0.0000045 O=CC(O)=CC(O)=C1C(=O)NN(CCO)C(=O)C1=O 1 C=C1C(=O)NNC(=O)C1=O 0.0000000 0.0000 0.8942051 0.8942 0.9990869 0.9991 0.0000000 0.0000
 | 12.2216 51.2183 46.8768 0.7663687 CC(=O)N=C1NC(=O)C(=C(O)C=CC=CN(C)CCO)C1=O 1 C=C1C(=O)NC(=N)C1=O 1.0000000 1.0000 0.8026263 0.8026 0.2647169 0.2647 0.7907683 0.7908
 | 10.5280 46.4139 59.6187 0.8283801 NC=CC=CC(O)=C1NNC1=O 1 C=C1NNC1=O 1.0000000 1.0000 0.8592412 0.8592 0.7020338 0.7020 0.6777266 0.6777
 | 9.8953 44.7881 -44.7881 0.0000000 CN(C)C=CC=CC(O)=C1NC(CO)(CO)NC1=O 1 C=C1NCNC1=O 1.0000000 1.0000 0.8591352 0.8591 0.6582213 0.6582 0.7775528 0.7776
 | 7.2050 44.7929 70.7914 0.9030016 C=c1[nH]c(=O)c(=C(O)C=CC=CN(C)CCO)c(=O)o1 1 C=c1[nH]c(=O)c(=C)c(=O)o1 1.0000000 1.0000 0.8566371 0.8566 0.9983318 0.9983 0.7963849 0.7964
 | 21.5081 73.0695 29.4620 0.8010273 CON(C)C=CC=CC(O)=c1c(=O)[nH]c(=O)[nH]c1=C(O)C=C(O)C=CN1CCCC1 1 C=c1c(=O)[nH]c(=O)[nH]c1=CC=CC=CN1CCCC1 1.0000000 1.0000 0.6839203 0.6839 0.9829668 0.9830 0.6329270 0.6329
 | 11.7364 55.4875 42.4602 0.7652163 NC1CCN(C=CC=CC(O)=C2CCNNC2=O)C1 1 O=C1NNCCC1=CC=CC=CN1CCCC1 1.0000000 1.0000 0.7821908 0.7822 0.2026349 0.2026 0.8866850 0.8867
 | 11.2368 59.5094 45.8917 0.8234467 O=C1NC(=C(O)CO)C(=O)C1=C(O)C=CC=CN(O)CCO 1 C=C1NC(=O)C(=C)C1=O 1.0000000 1.0000 0.8313739 0.8314 0.9975629 0.9976 0.5967877 0.5968
 | 17.7455 58.3450 35.1638 0.7305378 COCC=c1[nH]c(=O)c(=C(O)C=CC=CN(O)Cc2ccccc2)[nH]1 1 C=c1[nH]c(=O)c(=CC=CC=CNCc2ccccc2)[nH]1 1.0000000 1.0000 0.6503270 0.6503 0.9789295 0.9789 0.4824068 0.4824
 | 20.8703 77.4329 9.7259 0.6809283 C=C1CCN1C=CC=CC(O)=C1NC(=O)C(N(C)C(=O)OC)N(C)C1=O 1 C=C1CCN1C=CC=CC=C1NC(=O)CNC1=O 1.0000000 1.0000 0.6611750 0.6612 0.6169176 0.6169 0.4468324 0.4468
02:30:44 <INFO> Score: 0.65 Agent NLL: 14.21 Valid: 100% Step: 100
 | Agent Prior Target Score SMILES SMILES_state Scaffold DASA DASA (raw) Solubility Solubility (raw) xTB_Gap xTB_Gap (raw) WaterSwitch WaterSwitch (raw)
 | 18.9184 58.9544 51.5692 0.8634653 CC(C=CN1CCOCC1)=CC(O)=C1NCN(CCO)C(=O)NC1=O 1 O=C1NCNC(=CC=CC=CN2CCOCC2)C(=O)N1 1.0000000 1.0000 0.7610046 0.7610 0.9293130 0.9293 0.7686440 0.7686
 | 18.9477 66.3817 52.6336 0.9298067 CC(N)C(=O)NN(O)C=CC=CC(O)=C1C(=O)NC(N)=NN1C 1 C=C1NN=CNC1=O 1.0000000 1.0000 0.8626027 0.8626 0.7044320 0.7044 0.9966152 0.9966
 | 14.2924 53.3115 -53.3115 0.0000000 COCON(O)C=CC=CC(O)=C1C(=O)CNC1=O 1 C=C1C(=O)CNC1=O 1.0000000 1.0000 0.8065154 0.8065 0.5669333 0.5669 0.8726830 0.8727
 | 10.5732 42.1506 58.7032 0.7879205 CCC=c1[nH]c(=O)c(=C(O)C=CC=CN(C)C)o1 1 C=c1[nH]c(=O)c(=C)o1 1.0000000 1.0000 0.7351182 0.7351 0.9865636 0.9866 0.5663217 0.5663
 | 9.8963 53.7546 55.5951 0.8542945 O=C1NC(=CN2CCOCC2)CC1=C(O)C=CC=CN(CCO)CCO 1 C=C1CC(=CN2CCOCC2)NC1=O 1.0000000 1.0000 0.7578088 0.7578 0.8875144 0.8875 0.7567287 0.7567
 | 12.3584 43.2040 54.5185 0.7634575 CON(C=CC=CC(O)=C1C(=O)NC(=O)N1C)c1ccccc1 1 O=C1NC(=O)C(=CC=CC=CNc2ccccc2)N1 1.0000000 1.0000 0.5117868 0.5118 0.6728702 0.6729 0.7710950 0.7711
 | 18.1089 60.5709 39.8489 0.7845297 C=C1C=CC(=C(O)C=CC=CN(C)NC(C)=O)C(=O)NN1C 1 C=C1C=CC(=C)C(=O)NN1 1.0000000 1.0000 0.6796104 0.6796 0.9343334 0.9343 0.6041898 0.6042
 | 18.2690 65.1339 48.4054 0.8870258 CN(C=CC=CC(O)=C1C(=O)NC(=COCCCN)C1=O)NC(=O)C(N)CO 1 C=C1NC(=O)C(=C)C1=O 1.0000000 1.0000 0.8611027 0.8611 0.9339124 0.9339 0.7658238 0.7658
 | 15.3906 62.2540 46.3196 0.8482309 C=CCON(O)C=CC=CC(O)=C1C(=O)C(=CCO)C(O)C1O 1 C=C1CCC(=C)C1=O 1.0000000 1.0000 0.7727199 0.7727 0.9220465 0.9220 0.7176888 0.7177
 | 14.4191 56.1367 53.0274 0.8528441 NC1=NNC(=O)C1=C(O)C=CC=CN1CCC(N)C1 1 O=C1NN=CC1=CC=CC=CN1CCCC1 1.0000000 1.0000 0.8235269 0.8235 0.9550603 0.9551 0.6877255 0.6877
02:31:00 <INFO> Score: 0.53 Agent NLL: 13.62 Valid:  98% Step: 101
 | Agent Prior Target Score SMILES SMILES_state Scaffold DASA DASA (raw) Solubility Solubility (raw) xTB_Gap xTB_Gap (raw) WaterSwitch WaterSwitch (raw)
 | 10.4130 56.0979 34.0966 0.7046442 C=C1NCNC(=O)C1=C(O)C=CC=CN(O)CCO 1 C=C1NCNC(=O)C1=C 1.0000000 1.0000 0.8055779 0.8056 0.6267009 0.6267 0.4299521 0.4300
 | 19.2998 63.1501 50.6505 0.8890669 CN1NCCNC(=C(O)C=CC=CN2CCOS2(=O)=O)C1=O 1 O=C1NNCCNC1=CC=CC=CN1CCOS1(=O)=O 1.0000000 1.0000 0.8064838 0.8065 0.8889999 0.8890 0.8257886 0.8258
 | 13.3621 54.2459 48.4223 0.8020950 CC1CN(C=CC=CC(O)=C2C(=O)N(C)N(C)C2O)C(=O)O1 1 O=C1NNCC1=CC=CC=CN1CCOC1=O 1.0000000 1.0000 0.7198276 0.7198 0.4479964 0.4480 0.8215097 0.8215
 | 13.4407 49.6480 27.8937 0.6057942 NC=CC=CC(O)=C1C(=O)NC(Cc2ccccc2)NC1=O 1 C=C1C(=O)NC(Cc2ccccc2)NC1=O 1.0000000 1.0000 0.6848712 0.6849 0.3806279 0.3806 0.3515222 0.3515
 | 12.1508 59.5875 35.6232 0.7438334 NCCCC=NC=C1NC(=O)C(=C(O)C=CC=CN(CCO)CCO)C1=O 1 C=C1NC(=O)C(=C)C1=O 1.0000000 1.0000 0.7938860 0.7939 0.9327531 0.9328 0.4495204 0.4495
 | 11.6888 52.3570 57.4795 0.8580975 CN(C=CC=CC(O)=C1C(=O)C(O)C1O)CCO 1 C=C1CCC1=O 1.0000000 1.0000 0.8499615 0.8500 0.7046634 0.7047 0.7684994 0.7685
 | 14.5363 60.6009 29.9910 0.7077492 C=C1CNC(=O)C(=C(O)C=CC=CN2CCC=C2C)C(=O)OC1 1 C=C1CNC(=O)C(=CC=CC=CN2C=CCC2)C(=O)OC1 1.0000000 1.0000 0.5694860 0.5695 0.3130127 0.3130 0.7343363 0.7343
 | 8.6831 46.2300 -46.2300 0.0000000 O=C1NOC(=O)C1=C(O)C=CC=CN(O)CCO 1 C=C1C(=O)NOC1=O 1.0000000 1.0000 0.8472344 0.8472 0.9279360 0.9279 0.9988740 0.9989
 | 7.8400 58.2417 -58.2417 0.0000000 CC(=O)NC1NC(=O)C(=C(O)C=CC=CN(CCO)CCO)N1 1 C=C1NCNC1=O 1.0000000 1.0000 0.8731921 0.8732 0.6688857 0.6689 0.6743436 0.6743
 | 11.7096 54.4708 53.5999 0.8443020 O=C1NC(CO)NC1=C(O)C=CC=CN1CCC(O)C1 1 O=C1NCNC1=CC=CC=CN1CCCC1 1.0000000 1.0000 0.8408922 0.8409 0.8437283 0.8437 0.6855654 0.6856
02:31:00 <INFO> Sampled SMILES N1C(=O)C(=C(O)C=CC=CN(OC)C)N(C)C1=C#N failed to sanitize.
02:31:19 <INFO> Score: 0.53 Agent NLL: 11.62 Valid:  98% Step: 102
 | Agent Prior Target Score SMILES SMILES_state Scaffold DASA DASA (raw) Solubility Solubility (raw) xTB_Gap xTB_Gap (raw) WaterSwitch WaterSwitch (raw)
 | 8.7196 48.3919 -48.3919 0.0000000 CC(O)C1NC(=O)C(=C(O)C=CC=CN(C)O)C1=O 1 C=C1C(=O)CNC1=O 1.0000000 1.0000 0.8058521 0.8059 0.8635684 0.8636 0.5646684 0.5647
 | 14.9672 52.0738 55.2499 0.8384664 COC1NC(=O)C(=C(O)C=CC=CN(C)CCO)C(O)C1=O 1 C=C1CC(=O)CNC1=O 1.0000000 1.0000 0.8417125 0.8417 0.4561679 0.4562 0.8427902 0.8428
 | 10.6749 44.3797 -44.3797 0.0000000 CCN(O)C=CC=CC(O)=C1C(=O)CC(=O)NC1=O 1 C=C1C(=O)CC(=O)NC1=O 1.0000000 1.0000 0.7674901 0.7675 0.9614441 0.9614 0.9219474 0.9219
 | 14.3336 49.0130 -49.0130 0.0000000 N1C(=O)C(=C(O)C=CC=CN(OC)C)N(C)C1=C#N 0 -- 0.0000000 0.0000 0.0000000 0.0000 0.0000000 0.0000 0.0000000 0.0000
 | 8.5246 44.2727 67.1341 0.8703654 C=c1[nH]c(=O)[nH]c(=O)c1=C(O)C=CC=CN(C)OC 1 C=c1[nH]c(=O)[nH]c(=O)c1=C 1.0000000 1.0000 0.8422676 0.8423 0.5312877 0.5313 0.9024160 0.9024
 | 7.2470 47.0716 -47.0716 0.0000000 CN(C=CC=CC(O)=C1NCNC1=O)CCO 1 C=C1NCNC1=O 1.0000000 1.0000 0.8397888 0.8398 0.5660929 0.5661 0.9486292 0.9486
 | 12.5632 68.6284 46.6740 0.9008003 CC(=O)NN(O)C=CC=CC(O)=C1N=C(N)N(CCCCCCN)NC1=O 1 C=C1N=CNNC1=O 1.0000000 1.0000 0.7685543 0.7686 0.7139542 0.7140 0.9716033 0.9716
 | 8.8577 54.4324 38.8284 0.7285998 CN(C=CC=CC(O)=C1C(=O)NNC(O)NC1=O)CCO 1 C=C1C(=O)NCNNC1=O 1.0000000 1.0000 0.8898158 0.8898 0.7391230 0.7391 0.4199105 0.4199
 | 15.7454 49.9532 -49.9532 0.0000000 CN(C=CC=CC(O)=C1CNN(C)C1=O)CCCCN 1 C=C1CNNC1=O 1.0000000 1.0000 0.7527814 0.7528 0.4479920 0.4480 0.6737900 0.6738
 | 17.8983 58.3146 -58.3146 0.0000000 CNCCNC1NC(=O)NC(=O)C1=C(O)C=CC=CN(C)NC(C)=O 1 C=C1CNC(=O)NC1=O 1.0000000 1.0000 0.8320495 0.8320 0.9891772 0.9892 0.6959301 0.6959
02:31:41 <INFO> Score: 0.50 Agent NLL: 13.33 Valid: 100% Step: 103
 | Agent Prior Target Score SMILES SMILES_state Scaffold DASA DASA (raw) Solubility Solubility (raw) xTB_Gap xTB_Gap (raw) WaterSwitch WaterSwitch (raw)
 | 13.9924 59.2355 60.5294 0.9356629 O=c1[nH]c(=CN2CCCC2)[nH]c(=O)c1=C(O)C=CC=CN(CO)OCCO 1 C=c1c(=O)[nH]c(=CN2CCCC2)[nH]c1=O 1.0000000 1.0000 0.8578259 0.8578 0.9999335 0.9999 0.8963745 0.8964
 | 7.1208 54.5049 -54.5049 0.0000000 CN(C=CC=CC(O)=c1[nH]c(=CBr)[nH]c1=O)CCO 1 C=c1[nH]c(=C)c(=O)[nH]1 1.0000000 1.0000 0.7653924 0.7654 0.8411504 0.8412 0.8571709 0.8572
 | 15.9721 22.5461 -22.5459 0.0000020 CC1(C)CNC(=O)C(=O)O1 1 O=C1NCCOC1=O 0.0000000 0.0000 0.8594868 0.8595 0.0006659 0.0007 0.0000000 0.0000
 | 17.8654 66.4453 26.1738 0.7235863 C=C1CCN1C=CC=CC(O)=C1C(=O)NC2(C)C(O)CCC12 1 C=C1CCN1C=CC=CC=C1C(=O)NC2CCCC12 1.0000000 1.0000 0.5741608 0.5742 0.5560325 0.5560 0.6340044 0.6340
 | 19.0059 50.2730 19.7888 0.5473580 CN(O)C=CC=CC(O)=C1C(=O)NC2=CC(C)(C)CCCC21C 1 C=C1C(=O)NC2=CCCCCC12 1.0000000 1.0000 0.2955984 0.2956 0.1247830 0.1248 0.7121662 0.7122
 | 18.0745 55.1901 42.7218 0.7649367 CN(C)C(=O)N(C)C=CC=CC(O)=C1C(=O)NNNC1=O 1 C=C1C(=O)NNNC1=O 1.0000000 1.0000 0.8154196 0.8154 0.6274693 0.6275 0.5618276 0.5618
 | 8.1521 44.6136 -44.6136 0.0000000 NC=CC=CC(O)=C1N=C(N)NC1=O 1 C=C1N=CNC1=O 1.0000000 1.0000 0.8567486 0.8567 0.8972262 0.8972 0.5234507 0.5235
 | 20.7396 65.8550 41.5304 0.8389483 C=C1OC12C(=O)NC(=O)C(=C(O)C=CC=CN(C)NC(C)=O)C(O)N2C 1 C=C1CNC2(OC2=C)C(=O)NC1=O 1.0000000 1.0000 0.7908615 0.7909 0.5145084 0.5145 0.8457827 0.8458
 | 20.8183 55.8165 22.4381 0.6113636 CN(C=CC=CC(O)=C1SC(=O)C(=O)NC1=O)Cc1ccc(O)c(O)c1 1 O=C1NC(=O)C(=CC=CC=CNCc2ccccc2)SC1=O 1.0000000 1.0000 0.5723523 0.5724 0.0911865 0.0912 0.7088260 0.7088
 | 18.0812 62.0911 -62.0911 0.0000000 CON(C=CC=CC(O)=C1C(=O)NC(CNO)C1=O)CO 1 C=C1C(=O)CNC1=O 1.0000000 1.0000 0.8580967 0.8581 0.4814053 0.4814 0.6840014 0.6840
02:32:11 <INFO> Score: 0.60 Agent NLL: 14.04 Valid: 100% Step: 104
 | Agent Prior Target Score SMILES SMILES_state Scaffold DASA DASA (raw) Solubility Solubility (raw) xTB_Gap xTB_Gap (raw) WaterSwitch WaterSwitch (raw)
 | 6.9433 49.4792 -49.4792 0.0000000 CN(C=CC=CC(O)=C1NNN(C)C1=O)OCCO 1 C=C1NNNC1=O 1.0000000 1.0000 0.8443310 0.8443 0.9230652 0.9231 0.4605768 0.4606
 | 7.9733 41.7470 55.0555 0.7562696 CN(C=CC=CC(O)=C1CCNC1=O)CCO 1 C=C1CCNC1=O 1.0000000 1.0000 0.7819609 0.7820 0.1463381 0.1463 0.9630210 0.9630
 | 13.2090 35.8080 -35.8075 0.0000034 CC1=NC(=C(C)N(CCO)CCO)C(=O)N1 1 C=C1N=CNC1=O 0.0000000 0.0000 0.8650586 0.8651 0.0790478 0.0790 0.0000000 0.0000
 | 14.1324 63.2343 48.0158 0.8691412 CC1=NC2=CNC(=O)C(=C(O)C=CC=CN(C)OCCO)N2N1CCO 1 C=C1C(=O)NC=C2N=CNN12 1.0000000 1.0000 0.7791186 0.7791 0.9657923 0.9658 0.7610194 0.7610
 | 17.0607 61.0605 49.4627 0.8634624 CN1CCN(C=CC=CC(O)=C2C(=O)N=C(NCCO)NC2=O)C(=O)C1 1 O=C1N=CNC(=O)C1=CC=CC=CN1CCNCC1=O 1.0000000 1.0000 0.8419207 0.8419 0.4556337 0.4556 0.9308662 0.9309
 | 14.5135 54.9678 48.5339 0.8086077 CN1CCN(C=CC=CC(O)=C2NS(=O)(=O)C(=O)NC2=O)C(=O)C1 1 O=C1NC(=O)S(=O)(=O)NC1=CC=CC=CN1CCNCC1=O 1.0000000 1.0000 0.8037735 0.8038 0.6878326 0.6878 0.6617730 0.6618
 | 10.8429 43.3024 45.9688 0.6974307 CN(C=CC=CC(O)=C1C(=O)CCN1C)CCO 1 C=C1NCCC1=O 1.0000000 1.0000 0.7450686 0.7451 0.8200200 0.8200 0.3980931 0.3981
 | 22.3621 66.8160 38.9348 0.8261785 NNC1=NC(=C(O)C=CC=CN2CCNO2)C(=O)NC1=O 1 O=C1C=NC(=CC=CC=CN2CCNO2)C(=O)N1 1.0000000 1.0000 0.8711169 0.8711 0.3580866 0.3581 0.8556999 0.8557
 | 13.7075 57.6172 32.4895 0.7039583 CC1NC(=O)C(=C(O)C=CC=CN(C)N(C)C=O)C(=O)O1 1 C=C1C(=O)NCOC1=O 1.0000000 1.0000 0.7836991 0.7837 0.6002688 0.6003 0.4446100 0.4446
 | 9.7041 50.6837 -50.6837 0.0000000 CN(C=CC=CC(O)=C1NNC(=O)NC1=O)OCCN 1 C=C1NNC(=O)NC1=O 1.0000000 1.0000 0.8471249 0.8471 0.9565560 0.9566 0.8706029 0.8706
02:32:26 <INFO> Score: 0.43 Agent NLL: 12.61 Valid: 100% Step: 105
 | Agent Prior Target Score SMILES SMILES_state Scaffold DASA DASA (raw) Solubility Solubility (raw) xTB_Gap xTB_Gap (raw) WaterSwitch WaterSwitch (raw)
 | 17.7416 60.5037 38.1483 0.7707185 C=C1CC(O)CN1C=CC=CC(O)=C1C=C(N(C)C)C(=O)NC1=O 1 C=C1CCCN1C=CC=CC=C1C=CC(=O)NC1=O 1.0000000 1.0000 0.6937177 0.6937 0.4764650 0.4765 0.7213143 0.7213
 | 12.5738 52.5324 -52.5324 0.0000000 COCC1C(=O)NC(=O)C(=C(O)C=CC=CN(C)O)N1C 1 C=C1NCC(=O)NC1=O 1.0000000 1.0000 0.7875439 0.7875 0.8891364 0.8891 0.8260061 0.8260
 | 6.3757 44.7929 -44.7929 0.0000000 C=c1[nH]c(=O)c(=C(O)C=CC=CN(C)CCO)c(=O)o1 1 C=c1[nH]c(=O)c(=C)c(=O)o1 1.0000000 1.0000 0.8566371 0.8566 0.9983318 0.9983 0.7963849 0.7964
 | 9.5384 50.9463 -50.9463 0.0000000 O=C1NC(=O)C(O)NC(=O)C1=C(O)C=CC=CN(CCO)CCO 1 C=C1C(=O)NCC(=O)NC1=O 1.0000000 1.0000 0.9033536 0.9034 0.9230416 0.9230 0.8129809 0.8130
 | 15.3361 66.0702 44.1030 0.8607278 C=C1NNC(N)NC(=O)C1=C(O)C=CC=CN(O)CCO 1 C=C1NNCNC(=O)C1=C 1.0000000 1.0000 0.8588159 0.8588 0.6223248 0.6223 0.8072178 0.8072
 | 18.8295 57.4584 -57.4584 0.0000000 CC(C)N(C=CC=CC(O)=C1C(=O)NNC1NN)CCO 1 C=C1CNNC1=O 1.0000000 1.0000 0.8452985 0.8453 0.9565691 0.9566 0.7652777 0.7653
 | 14.4399 59.5705 -59.5705 0.0000000 CC(=O)NN(C)C=CC=CC(O)=c1c(=O)n(C)c(=CC=CBr)n1C 1 C=c1[nH]c(=C)c(=O)[nH]1 1.0000000 1.0000 0.6726441 0.6726 0.9997336 0.9997 0.6512898 0.6513
 | 10.2568 51.5375 -51.5375 0.0000000 CN(C=CC=CC(O)=C1C(=O)NC(CO)C1=O)CCO 1 C=C1C(=O)CNC1=O 1.0000000 1.0000 0.8548247 0.8548 0.7919259 0.7919 0.9759260 0.9759
 | 8.0440 50.7795 -50.7795 0.0000000 CN(C=CC=CC(O)=C1NNNC1=O)OCCO 1 C=C1NNNC1=O 1.0000000 1.0000 0.8681278 0.8681 0.9616619 0.9617 0.8400448 0.8400
 | 9.0397 51.4748 38.6422 0.7040385 CC(=O)NN(C)C=CC=CC(O)=C1C(=O)NCC1O 1 C=C1CCNC1=O 1.0000000 1.0000 0.8247928 0.8248 0.0861014 0.0861 0.8866463 0.8866
02:32:43 <INFO> Score: 0.53 Agent NLL: 15.28 Valid: 100% Step: 106
 | Agent Prior Target Score SMILES SMILES_state Scaffold DASA DASA (raw) Solubility Solubility (raw) xTB_Gap xTB_Gap (raw) WaterSwitch WaterSwitch (raw)
 | 15.9874 55.7235 -55.7235 0.0000000 CCON(C=CC=CC(O)=C1C(=O)NC(OC)C1=O)CCO 1 C=C1C(=O)CNC1=O 1.0000000 1.0000 0.7951402 0.7951 0.9629015 0.9629 0.3904218 0.3904
 | 13.4085 47.4601 46.2784 0.7323318 O=C1NC(=O)C2CCCN2C1=C(O)C=CC=CN(O)c1ccccc1 1 O=C1NC(=O)C2CCCN2C1=CC=CC=CNc1ccccc1 1.0000000 1.0000 0.5204843 0.5205 0.7569402 0.7569 0.6330461 0.6330
 | 14.6812 54.2565 -54.2565 0.0000000 COCN1NC(=O)C(=C(O)C=CC=CN)C1O 1 C=C1CNNC1=O 1.0000000 1.0000 0.8516109 0.8516 0.4222691 0.4223 0.8557868 0.8558
 | 12.2724 47.3049 26.6635 0.5778776 CN(C)C=CC=CC(O)=C1C(=O)NNC2(C)C1=Nc1ccccc12 1 C=C1C(=O)NNC2C1=Nc1ccccc12 1.0000000 1.0000 0.4930211 0.4930 0.9524440 0.9524 0.2719457 0.2719
 | 13.7761 50.5248 36.7392 0.6817502 COC=C1NC(=O)C(=C(O)C=CC=CN(CCO)CCO)C1=O 1 C=C1NC(=O)C(=C)C1=O 1.0000000 1.0000 0.8169778 0.8170 0.9999749 1.0000 0.3193976 0.3194
 | 12.0473 48.4669 58.0396 0.8320822 C=C(C)N(C)C=CC=CC(O)=C1C(=O)NC(=O)N(C)C1=O 1 C=C1C(=O)NC(=O)NC1=O 1.0000000 1.0000 0.6739986 0.6740 0.9183155 0.9183 0.7463538 0.7464
 | 9.5808 57.3840 -57.3840 0.0000000 O=C1NC(=O)C(CO)NC1=C(O)C=CC=CN(O)CCO 1 C=C1NCC(=O)NC1=O 1.0000000 1.0000 0.8814575 0.8815 0.8929107 0.8929 0.4977808 0.4978
 | 21.3251 57.3477 44.2168 0.7934731 CCC1NC(=O)C(=C(O)C=CC=CN(C)C2OC(C)C(O)C(O)C2O)C(=O)N1 1 O=C1NCNC(=O)C1=CC=CC=CNC1CCCCO1 1.0000000 1.0000 0.8020382 0.8020 0.3583505 0.3584 0.7941624 0.7942
 | 18.4117 59.5070 45.6147 0.8212628 COC(=O)N(C=CC=CC(O)=C1NC2(CCNCC2)NC1=O)OC 1 C=C1NC2(CCNCC2)NC1=O 1.0000000 1.0000 0.7148767 0.7149 0.9008345 0.9008 0.6881959 0.6882
 | 8.4919 37.6558 67.2874 0.8198684 CN(C)C=CC=CC(O)=C1CON(C)C1=O 1 C=C1CONC1=O 1.0000000 1.0000 0.7330618 0.7331 0.6359726 0.6360 0.7651415 0.7651
02:32:59 <INFO> Score: 0.57 Agent NLL: 13.70 Valid:  98% Step: 107
 | Agent Prior Target Score SMILES SMILES_state Scaffold DASA DASA (raw) Solubility Solubility (raw) xTB_Gap xTB_Gap (raw) WaterSwitch WaterSwitch (raw)
 | 10.4766 47.1690 65.9244 0.8835423 CN(C)C=CC=CC(O)=C1C(=O)NC(=O)COC1=O 1 C=C1C(=O)NC(=O)COC1=O 1.0000000 1.0000 0.8014450 0.8014 0.9985306 0.9985 0.7777706 0.7778
 | 8.8657 39.8063 -39.8063 0.0000000 CN(O)C=CC=CC(O)=C1C(=O)ON(C)C1=O 1 C=C1C(=O)NOC1=O 1.0000000 1.0000 0.7826202 0.7826 0.9209594 0.9210 0.9081355 0.9081
 | 9.0233 47.4303 44.6330 0.7192443 CN(N)C=CC=CC(O)=C1C(=O)NC(=O)OC1=O 1 C=C1C(=O)NC(=O)OC1=O 1.0000000 1.0000 0.8190967 0.8191 0.6522749 0.6523 0.4482755 0.4483
 | 5.4640 39.8770 -39.8770 0.0000000 C=c1[nH]c(=O)c(=C(O)C=CC=CN(C)C)c(=O)o1 1 C=c1[nH]c(=O)c(=C)c(=O)o1 1.0000000 1.0000 0.8248967 0.8249 0.7586025 0.7586 0.8118137 0.8118
 | 16.0454 55.1921 52.6690 0.8426645 CC(=N)C1C(=N)OC(=C(O)C=CC=CN(C)C)C(=O)N1C 1 C=C1OC(=N)CNC1=O 1.0000000 1.0000 0.6492290 0.6492 0.9264812 0.9265 0.7984037 0.7984
 | 9.2762 43.6646 60.8860 0.8168018 C=C1CC(=C(O)C=CC=CN(C)CCO)C(=O)N1 1 C=C1CC(=C)C(=O)N1 1.0000000 1.0000 0.7306903 0.7307 0.4370180 0.4370 0.8717795 0.8718
 | 15.5265 64.2202 16.6254 0.6316064 CON(O)C=CC=CC(O)=c1c(=O)[nH]c(=O)[nH]c1=C1CC(=O)N(C)C(=O)C1=O 1 C=c1c(=O)[nH]c(=O)[nH]c1=C1CC(=O)NC(=O)C1=O 1.0000000 1.0000 0.8638506 0.8639 0.0269414 0.0269 0.9178472 0.9178
 | 13.0763 58.9552 60.1655 0.9306308 NC=CC=CC(O)=C1C(=O)C(C(N)=O)C1=O 1 C=C1C(=O)CC1=O 1.0000000 1.0000 0.8563579 0.8564 0.8317865 0.8318 0.9443389 0.9443
 | 15.5342 63.8428 46.1123 0.8590244 CN(C=CC=CC(O)=C1N=C(N)N(C(O)CN)NC1=O)CCO 1 C=C1N=CNNC1=O 1.0000000 1.0000 0.8923641 0.8924 0.9299292 0.9299 0.6701829 0.6702
 | 8.0017 50.2138 -50.2138 0.0000000 O=C1CNC(=C(O)C=CC=CN(CCO)CCO)C(=O)N1 1 C=C1NCC(=O)NC1=O 1.0000000 1.0000 0.8761971 0.8762 0.7882743 0.7883 0.7328133 0.7328
02:33:17 <INFO> Score: 0.64 Agent NLL: 12.97 Valid: 100% Step: 108
 | Agent Prior Target Score SMILES SMILES_state Scaffold DASA DASA (raw) Solubility Solubility (raw) xTB_Gap xTB_Gap (raw) WaterSwitch WaterSwitch (raw)
 | 8.6593 44.8570 69.6780 0.8948046 CN(C)C=CC=CC(O)=C1OC(=O)N(CCO)C1=O 1 C=C1OC(=O)NC1=O 1.0000000 1.0000 0.7599693 0.7600 0.9830288 0.9830 0.8497152 0.8497
 | 14.7484 57.0774 52.3604 0.8549834 NC1CCN(C=CC=CC(O)=C2C(=O)NCC(=O)C2O)C1 1 O=C1CNC(=O)C(=CC=CC=CN2CCCC2)C1 1.0000000 1.0000 0.8274663 0.8275 0.6055153 0.6055 0.8198747 0.8199
 | 16.6806 54.4245 55.4733 0.8585761 CN(C=CC=CC(O)=C1NC(CO)CC1=O)OCCO 1 C=C1NCCC1=O 1.0000000 1.0000 0.8167958 0.8168 0.9976181 0.9976 0.6963166 0.6963
 | 8.2808 49.0825 -49.0825 0.0000000 NC=CC=CC(O)=C1C(=O)NC1N1CCOCC1 1 C=C1C(=O)NC1N1CCOCC1 1.0000000 1.0000 0.8108712 0.8109 0.0465814 0.0466 0.7631385 0.7631
 | 13.5304 45.6740 -45.6735 0.0000041 CN1C=CC(=c2[nH]c(=O)[nH]c(=O)c2=C(O)C=CCO)C=C1 1 C=c1c(=O)[nH]c(=O)[nH]c1=C1C=CNC=C1 0.0000000 0.0000 0.8372540 0.8373 0.5053222 0.5053 0.0000000 0.0000
 | 9.9047 52.1024 34.7235 0.6783278 CC1NC(=O)C(=C(O)C=CC=CN(C)OCCO)C(=O)O1 1 C=C1C(=O)NCOC1=O 1.0000000 1.0000 0.7937737 0.7938 0.7075976 0.7076 0.3653140 0.3653
 | 21.2390 58.7637 52.2870 0.8675831 CN(C)C=CC=CC(O)=C1C(=O)NC(=O)OC(O)(CN2CCN(C)CC2)C1O 1 C=C1CC(CN2CCNCC2)OC(=O)NC1=O 1.0000000 1.0000 0.7779527 0.7780 0.8827166 0.8827 0.7832528 0.7833
 | 15.0927 54.4705 68.2987 0.9591344 NC1CC(=O)C(=C(O)C=CC=CN(CCO)CCO)C(O)C1=O 1 C=C1CC(=O)CCC1=O 1.0000000 1.0000 0.8623623 0.8624 0.9912041 0.9912 0.9739007 0.9739
 | 13.7887 56.4411 58.6323 0.8990117 CN(C=CC=CC(O)=C1NS(=O)(=O)C(=O)NC1=O)OCCO 1 C=C1NS(=O)(=O)C(=O)NC1=O 1.0000000 1.0000 0.8294787 0.8295 0.5665351 0.5665 0.9940175 0.9940
 | 11.7029 52.4726 47.3338 0.7797375 CN(C=CC=CC(O)=C1C(=O)NC(O)C(O)C1(O)CO)CCO 1 C=C1CCCNC1=O 1.0000000 1.0000 0.9006560 0.9007 0.3348505 0.3349 0.7040241 0.7040
02:33:31 <INFO> Score: 0.54 Agent NLL: 13.78 Valid:  98% Step: 109
 | Agent Prior Target Score SMILES SMILES_state Scaffold DASA DASA (raw) Solubility Solubility (raw) xTB_Gap xTB_Gap (raw) WaterSwitch WaterSwitch (raw)
 | 23.5408 60.5517 34.2097 0.7403236 CC(=O)OCC(C)ON(O)C=CC=CC(O)=C1C(=O)NC(=O)c2ccccc2C1O 1 C=C1Cc2ccccc2C(=O)NC1=O 1.0000000 1.0000 0.5409370 0.5409 0.3858454 0.3858 0.8213587 0.8214
 | 16.8858 65.5796 14.7656 0.6276964 C=C1CCN1C=CC=CC(O)=C1C(=O)NC2NC12 1 C=C1CCN1C=CC=CC=C1C(=O)NC2NC12 1.0000000 1.0000 0.7480162 0.7480 0.4894772 0.4895 0.3375376 0.3375
 | 10.8566 49.8274 -49.8274 0.0000000 CCN(O)C=CC=CC(O)=C1C(=O)NCOC1=O 1 C=C1C(=O)NCOC1=O 1.0000000 1.0000 0.7737676 0.7738 0.8412008 0.8412 0.7566501 0.7567
 | 7.1063 39.5667 -39.5667 0.0000000 CN(C)C=CC=CC(O)=C1C(=O)CCNC1=O 1 C=C1C(=O)CCNC1=O 1.0000000 1.0000 0.7534659 0.7535 0.9995420 0.9995 0.7258781 0.7259
 | 22.6096 73.0933 43.2730 0.9091115 CC(=O)NN(C)C=CC=CC(O)=c1c(=O)[nH]c(=O)[nH]c1=C1C(=O)C(C(=O)O)C1CO 1 C=c1c(=O)[nH]c(=O)[nH]c1=C1CCC1=O 1.0000000 1.0000 0.8765939 0.8766 0.9585309 0.9585 0.8130771 0.8131
 | 10.7685 47.4583 20.9070 0.5341042 CN(C)C=CC=CC(O)=C1C(=O)NC(=CN2CCCCC2)C1=O 1 C=C1C(=O)NC(=CN2CCCCC2)C1=O 1.0000000 1.0000 0.6082849 0.6083 0.9914279 0.9914 0.1754121 0.1754
 | 9.9717 52.2833 -52.2833 0.0000000 O=C1NNNC1=C(O)C=CC=CN(O)CCO 1 C=C1NNNC1=O 1.0000000 1.0000 0.8774118 0.8774 0.9781607 0.9782 0.7369053 0.7369
 | 25.7884 58.4072 -7.9159 0.3944636 CON(C)C=CC=CC(O)=C1C(=O)NC(=O)C1N=C(C[N+](=O)[O-])SC 1 C=C1CC(=O)NC1=O 1.0000000 1.0000 0.7000440 0.7000 0.0008189 0.0008 0.8132452 0.8132
 | 12.6738 49.2073 73.9552 0.9622069 CN(O)C=CC=CC(O)=c1c(=O)[nH]c2n1CC(=O)N=2 1 C=c1c(=O)[nH]c2n1CC(=O)N=2 1.0000000 1.0000 0.8564986 0.8565 0.9978589 0.9979 0.9870408 0.9870
 | 11.4120 50.6531 47.2119 0.7645701 O=C1OC(=CN2CCOCC2)C(=O)C1=C(O)C=CC=CN(CCO)CCO 1 C=C1C(=O)OC(=CN2CCOCC2)C1=O 1.0000000 1.0000 0.7766475 0.7766 0.9488650 0.9489 0.4982116 0.4982
02:33:45 <INFO> Score: 0.55 Agent NLL: 14.18 Valid: 100% Step: 110
 | Agent Prior Target Score SMILES SMILES_state Scaffold DASA DASA (raw) Solubility Solubility (raw) xTB_Gap xTB_Gap (raw) WaterSwitch WaterSwitch (raw)
 | 16.0384 52.4705 53.1565 0.8252105 C=C(C)N(C)C=CC=CC(O)=C1C(=O)NC(=O)N1CC 1 C=C1NC(=O)NC1=O 1.0000000 1.0000 0.5907387 0.5907 0.9999975 1.0000 0.7759966 0.7760
 | 15.8802 71.3811 -71.3811 0.0000000 COCC(=O)NN(C)C=CC=CC(O)=c1c(=O)[nH]c(=CN(CCO)CCO)n1C 1 C=c1[nH]c(=C)c(=O)[nH]1 1.0000000 1.0000 0.8920688 0.8921 0.7184674 0.7185 0.6682837 0.6683
 | 9.5806 46.8413 61.1871 0.8439719 CN(C)C=CC=CC(O)=C1CNCC(=O)NC1=O 1 C=C1CNCC(=O)NC1=O 1.0000000 1.0000 0.8069460 0.8069 0.4647457 0.4647 0.8831163 0.8831
 | 13.0513 61.4688 57.6679 0.9307558 CC=c1ncc(=C(O)C=CC=CN(CCO)CCO)c(=O)[nH]1 1 C=c1ncc(=C)c(=O)[nH]1 1.0000000 1.0000 0.8455723 0.8456 0.9501352 0.9501 0.9073778 0.9074
 | 15.1373 64.3261 55.8713 0.9390425 CC1=C(CO)N2C(=C(O)C=CC=CN(CCO)CCO)C(=O)NC2C(=O)N1 1 C=C1C(=O)NC2C(=O)NC=CN12 1.0000000 1.0000 0.8499386 0.8499 0.9584764 0.9585 0.9282799 0.9283
 | 14.3998 58.6910 -58.6910 0.0000000 CN(C)CC=CC=c1[nH]c(=O)c(=C(O)C=CC=CN(C)CCO)n1C 1 C=c1[nH]c(=C)c(=O)[nH]1 1.0000000 1.0000 0.7938702 0.7939 0.9363346 0.9363 0.5475990 0.5476
 | 7.6127 45.6824 -45.6824 0.0000000 CON(C)C=CC=CC(O)=C1NNN(C)C1=O 1 C=C1NNNC1=O 1.0000000 1.0000 0.8109508 0.8110 0.8239906 0.8240 0.5997700 0.5998
 | 11.6506 52.2817 50.2680 0.8011691 C=c1c(=C(O)C=CC=CN(C)CCO)c(=O)[nH]n1CCOCCO 1 C=c1[nH][nH]c(=O)c1=C 1.0000000 1.0000 0.8657776 0.8658 0.3509502 0.3510 0.7808136 0.7808
 | 13.1830 43.0538 50.1449 0.7281153 C=C1C(=O)OC2C(=O)C(=C(O)C=CC=CN(C)C)CCC12 1 C=C1CCC2C(=C)C(=O)OC2C1=O 1.0000000 1.0000 0.5635763 0.5636 0.8350080 0.8350 0.5637376 0.5637
 | 17.5647 66.7916 34.7713 0.7934600 CN1CNC(=O)C1=C(O)C=C(O)C=CN1CCC(=O)NO1 1 O=C1CCN(C=CC=CC=C2NCNC2=O)ON1 1.0000000 1.0000 0.7990629 0.7991 0.9998456 0.9998 0.5419839 0.5420
02:33:57 <INFO> Score: 0.59 Agent NLL: 13.47 Valid: 100% Step: 111
 | Agent Prior Target Score SMILES SMILES_state Scaffold DASA DASA (raw) Solubility Solubility (raw) xTB_Gap xTB_Gap (raw) WaterSwitch WaterSwitch (raw)
 | 18.5426 60.8404 29.8753 0.7087168 CN(C=CC=CC(O)=c1c(=O)[nH]c(=CN2CCCC2)[nH]c1=O)C1CCOC1 1 O=c1[nH]c(=CN2CCCC2)[nH]c(=O)c1=CC=CC=CNC1CCOC1 1.0000000 1.0000 0.7498003 0.7498 0.5685129 0.5685 0.4798535 0.4799
 | 13.7030 51.7309 39.9923 0.7165881 O=C1NCCNC(=O)C1=C(O)C=C(O)C=CN1CC1 1 O=C1NCCNC(=O)C1=CC=CC=CN1CC1 1.0000000 1.0000 0.8217330 0.8217 0.0862016 0.0862 0.9433408 0.9433
 | 18.7259 52.9966 49.4824 0.8006170 COC1=CC(=NCCO)NC(=O)C1=C(O)C=CC=CN(C)CCO 1 C=C1C=CC(=N)NC1=O 1.0000000 1.0000 0.7759829 0.7760 0.9936231 0.9936 0.5724157 0.5724
 | 16.1486 60.2524 45.7935 0.8284833 CC(=O)NN(C)C=CC=CC(O)=C1C(=O)NC2=CC(O)CC21 1 C=C1C(=O)NC2=CCCC12 1.0000000 1.0000 0.7381924 0.7382 0.4755822 0.4756 0.8792674 0.8793
 | 16.6805 53.1987 56.1028 0.8539179 NC=CC=CC(O)=C1C(=O)C2C(O)COC2C1O 1 C=C1CC2OCCC2C1=O 1.0000000 1.0000 0.8323363 0.8323 0.3496401 0.3496 0.9987281 0.9987
 | 9.5086 37.8725 41.3844 0.6191943 CN(C)C=CC=CC(O)=C1OCCN(C)C1=O 1 C=C1OCCNC1=O 1.0000000 1.0000 0.7198144 0.7198 0.6663575 0.6664 0.2955359 0.2955
 | 12.6154 46.0591 69.7546 0.9047943 CN(C=CC=CC(O)=C1OC(=O)NC1=O)OCCO 1 C=C1OC(=O)NC1=O 1.0000000 1.0000 0.7960600 0.7961 0.6975943 0.6976 0.9689367 0.9689
 | 7.8975 43.4042 61.9714 0.8232472 CN(C)C=CC=CC(O)=C1C(=O)NC(=O)C(=O)NC1=O 1 C=C1C(=O)NC(=O)C(=O)NC1=O 1.0000000 1.0000 0.8473294 0.8473 0.8417129 0.8417 0.6265258 0.6265
 | 9.8496 57.9779 53.0780 0.8676242 CN(C=CC=CC(O)=c1c(=O)[nH][nH]c1=C1C(=O)C(=O)N(C)C1=O)CCO 1 C=c1c(=O)[nH][nH]c1=C1C(=O)NC(=O)C1=O 1.0000000 1.0000 0.8855529 0.8856 0.4748906 0.4749 0.8968832 0.8969
 | 8.5983 44.0362 -44.0362 0.0000000 CN(C=CC=CC(O)=C1C(=O)N(C)CC1O)CCO 1 C=C1CCNC1=O 1.0000000 1.0000 0.8125909 0.8126 0.3282326 0.3282 0.8745367 0.8745
02:34:09 <INFO> Score: 0.62 Agent NLL: 14.13 Valid: 100% Step: 112
 | Agent Prior Target Score SMILES SMILES_state Scaffold DASA DASA (raw) Solubility Solubility (raw) xTB_Gap xTB_Gap (raw) WaterSwitch WaterSwitch (raw)
 | 13.8268 55.2367 44.0888 0.7759809 CON(C)C=CC=CC(O)=C1OCC(=O)NN(C)C1=O 1 C=C1OCC(=O)NNC1=O 1.0000000 1.0000 0.7833598 0.7834 0.2574348 0.2574 0.8487429 0.8487
 | 9.6047 41.1138 70.7837 0.8741991 CN(C)C=CC=CC(O)=C1C=NN(C)C1=O 1 C=C1C=NNC1=O 1.0000000 1.0000 0.7298404 0.7298 0.9723156 0.9723 0.8129920 0.8130
 | 13.2884 63.1886 -63.1886 0.0000000 CN(C=CC=CC(O)=C1C(=O)NC(CCO)N1C)NC(=O)CO 1 C=C1NCNC1=O 1.0000000 1.0000 0.8542424 0.8542 0.7321553 0.7322 0.8597511 0.8598
 | 21.7767 80.3992 17.5231 0.7650186 CNC1CN(C)CN1C=CC=CC(O)=C1C(=O)NC(C=CN2CC2)C1=O 1 O=C1NC(C=CN2CC2)C(=O)C1=CC=CC=CN1CCNC1 1.0000000 1.0000 0.7721795 0.7722 0.9217534 0.9218 0.5068433 0.5068
 | 12.7597 42.3517 76.9048 0.9316921 CN(C)C=CC=CC(O)=C1C(=O)NC(=O)C1CO 1 C=C1CC(=O)NC1=O 1.0000000 1.0000 0.8111331 0.8111 0.9245508 0.9246 0.9489672 0.9490
 | 13.0078 59.6991 39.3392 0.7737369 CN(C=CC=CC(O)=C1C(=O)NCC(O)C1=CO)CCO 1 C=C1CCNC(=O)C1=C 1.0000000 1.0000 0.7898622 0.7899 0.1927993 0.1928 0.9309456 0.9309
 | 22.5895 57.7903 49.3872 0.8373245 CN(C)C=CC=CC(O)=C1C(=O)NN(C)C12NC(=N)NC2=O 1 C=C1C(=O)NNC12NC(=N)NC2=O 1.0000000 1.0000 0.8321438 0.8321 0.5106152 0.5106 0.8111153 0.8111
 | 11.7661 54.4557 55.0001 0.8551230 C=c1[nH]c(=O)c(=C(O)C=CC=CN2CC=CC(=O)C2)c(=O)o1 1 C=c1[nH]c(=O)c(=CC=CC=CN2CC=CC(=O)C2)c(=O)o1 1.0000000 1.0000 0.8072192 0.8072 0.7907752 0.7908 0.7561064 0.7561
 | 10.2828 45.8473 61.9399 0.8420875 O=C1CC(O)CC1=C(O)C=CC=CN(CCO)CCO 1 C=C1CCCC1=O 1.0000000 1.0000 0.7994253 0.7994 0.7995702 0.7996 0.7201552 0.7202
 | 10.6068 55.2474 35.9752 0.7126763 C=C1NC(=O)C(=C(O)C=CC=CN(C)CCO)C(=C)O1 1 C=C1NC(=O)C(=C)C(=C)O1 1.0000000 1.0000 0.7025287 0.7025 0.3165006 0.3165 0.6395480 0.6395
02:34:23 <INFO> Score: 0.59 Agent NLL: 15.37 Valid: 100% Step: 113
 | Agent Prior Target Score SMILES SMILES_state Scaffold DASA DASA (raw) Solubility Solubility (raw) xTB_Gap xTB_Gap (raw) WaterSwitch WaterSwitch (raw)
 | 15.2513 58.0232 47.0053 0.8205350 O=C1NCC(O)=CC1=C(O)C=CC=CN1CCC=C1O 1 O=C1NCC=CC1=CC=CC=CN1C=CCC1 1.0000000 1.0000 0.6190930 0.6191 0.8883032 0.8883 0.7683345 0.7683
 | 17.3050 72.8588 33.3231 0.8295462 C=C1CCN1C=CC=CC(O)=C1NCC(N)C(O)NC1=O 1 C=C1CCN1C=CC=CC=C1NCCCNC1=O 1.0000000 1.0000 0.8006388 0.8006 0.6811099 0.6811 0.7261947 0.7262
 | 20.1298 72.9923 44.2097 0.9156405 O=C1NCCN1C=c1[nH]c(=NO)c(=C(O)C=CC=CN(O)CCO)c(=O)[nH]c1=O 1 C=c1c(=N)[nH]c(=CN2CCNC2=O)c(=O)[nH]c1=O 1.0000000 1.0000 0.8911765 0.8912 0.8279325 0.8279 0.8691624 0.8692
 | 8.1450 54.4132 -54.4132 0.0000000 C=C1CCN1C=CC=CC(O)=C1CCNC1=O 1 C=C1CCN1C=CC=CC=C1CCNC1=O 1.0000000 1.0000 0.6417952 0.6418 0.5285233 0.5285 0.3999026 0.3999
 | 15.0852 45.4819 72.9156 0.9249800 CN(O)C=CC=CC(O)=C1C(=O)NC(=O)OC1O 1 C=C1COC(=O)NC1=O 1.0000000 1.0000 0.7975970 0.7976 0.8107748 0.8108 0.9851931 0.9852
 | 27.0560 70.5580 -9.0108 0.4808371 CCN1C(=O)NN(C=CC=CC(O)=C2C(=O)NC(=O)N2CC)CC1=NO 1 N=C1CN(C=CC=CC=C2NC(=O)NC2=O)NC(=O)N1 1.0000000 1.0000 0.6870910 0.6871 0.0041968 0.0042 0.8717410 0.8717
 | 15.2370 48.5948 54.1186 0.8024483 CC1CCN(C=CC=CC(O)=C2CONC2=O)C1 1 O=C1NOCC1=CC=CC=CN1CCCC1 1.0000000 1.0000 0.6701319 0.6701 0.5740467 0.5740 0.7910104 0.7910
 | 15.3946 53.3312 53.5616 0.8350996 CN(C)C=CC=CC(O)=C1OC(O)(C2OC2(C)C)NC1=O 1 C=C1OC(C2CO2)NC1=O 1.0000000 1.0000 0.7349323 0.7349 0.5650129 0.5650 0.8494922 0.8495
 | 9.4019 38.6491 -38.6491 0.0000000 CN(C)C=CC=CC(O)=C1N=C(N)NC1=O 1 C=C1N=CNC1=O 1.0000000 1.0000 0.8129419 0.8129 0.9295268 0.9295 0.9982010 0.9982
 | 7.6256 41.7470 -41.7470 0.0000000 CN(C=CC=CC(O)=C1CCNC1=O)CCO 1 C=C1CCNC1=O 1.0000000 1.0000 0.7819609 0.7820 0.1463381 0.1463 0.9630210 0.9630
02:34:37 <INFO> Score: 0.54 Agent NLL: 14.32 Valid: 100% Step: 114
 | Agent Prior Target Score SMILES SMILES_state Scaffold DASA DASA (raw) Solubility Solubility (raw) xTB_Gap xTB_Gap (raw) WaterSwitch WaterSwitch (raw)
 | 19.9929 55.6552 25.4102 0.6333235 CC1=c2ccc(O)c(N)c2=NC(=O)C1=C(O)C=CC=CN(C)CCO 1 C=C1C=c2ccccc2=NC1=O 1.0000000 1.0000 0.7108219 0.7108 0.0409989 0.0410 0.9159593 0.9160
 | 9.5180 48.1143 59.6623 0.8420045 O=C1NCCOC(=O)C1=C(O)C=CC=CN(CCO)CCO 1 C=C1C(=O)NCCOC1=O 1.0000000 1.0000 0.8468053 0.8468 0.8129626 0.8130 0.6852073 0.6852
 | 7.1161 46.1635 64.9786 0.8682972 C=c1[nH][nH]c(=O)c1=C(O)C=CC=CN(C)C 1 C=c1[nH][nH]c(=O)c1=C 1.0000000 1.0000 0.8196092 0.8196 0.9652327 0.9652 0.7304051 0.7304
 | 8.4446 40.9620 68.8021 0.8575315 CN(C)C=CC=CC(O)=C1C(=O)N(C)N1C 1 C=C1NNC1=O 1.0000000 1.0000 0.7454024 0.7454 0.7738516 0.7739 0.8169195 0.8169
 | 13.4802 53.5047 60.8123 0.8931011 CN1CN(C=CC=CC(O)=C2C(=O)NC(=O)OC2=O)CC1=O 1 O=C1CN(C=CC=CC=C2C(=O)NC(=O)OC2=O)CN1 1.0000000 1.0000 0.7929857 0.7930 0.9450807 0.9451 0.8299268 0.8299
 | 16.4260 56.4240 59.2188 0.9034592 C=c1[nH]c(=O)c(=C(O)C=CC=CN(C)C)cc1N(O)C(C)=O 1 C=c1ccc(=C)c(=O)[nH]1 1.0000000 1.0000 0.7497239 0.7497 0.9939834 0.9940 0.8830761 0.8831
 | 8.1461 52.8174 66.1650 0.9295500 CN(C)C=CC=CC(O)=c1c(=O)[nH]c(=O)[nH]c1=C1NC(=O)NC1=O 1 C=c1c(=O)[nH]c(=O)[nH]c1=C1NC(=O)NC1=O 1.0000000 1.0000 0.8764452 0.8764 0.9570984 0.9571 0.8770379 0.8770
 | 20.0798 60.4470 55.6271 0.9068284 C=C1NNNC(=O)C1=C(O)C=CC=CN1CCC(=O)N1O 1 C=C1NNNC(=O)C1=CC=CC=CN1CCC(=O)N1 1.0000000 1.0000 0.8033588 0.8034 0.9802952 0.9803 0.8535053 0.8535
 | 8.0536 47.1428 -47.1428 0.0000000 CN(C=CC=CC(O)=C1C(=O)NCCNC1=O)CCO 1 C=C1C(=O)NCCNC1=O 1.0000000 1.0000 0.8403436 0.8403 0.5572330 0.5572 0.6971374 0.6971
 | 15.2330 53.2862 53.0889 0.8310553 CC=C1NC(=O)C(=C(O)C=CC=CN(C)C)CN1O 1 C=C1NCC(=C)C(=O)N1 1.0000000 1.0000 0.6772908 0.6773 0.7378782 0.7379 0.8038506 0.8039
02:34:37 <INFO> Sampled SMILES N1C(=O)C(=C(O)C=CC=CN(OCC=C)C)(CO)C2(C)CCC3C(CC=C4CC(=O)C=CC34C)C12 failed to sanitize.
02:34:49 <INFO> Score: 0.65 Agent NLL: 15.50 Valid:  98% Step: 115
 | Agent Prior Target Score SMILES SMILES_state Scaffold DASA DASA (raw) Solubility Solubility (raw) xTB_Gap xTB_Gap (raw) WaterSwitch WaterSwitch (raw)
 | 10.6248 46.6296 58.1144 0.8183120 O=C1NONC1=C(O)C=CC=CN1CCC1 1 O=C1NONC1=CC=CC=CN1CCC1 1.0000000 1.0000 0.7942271 0.7942 0.9299149 0.9299 0.6208357 0.6208
 | 14.0180 55.0492 -55.0492 0.0000000 C=C(CO)C1C(=O)NC(=O)C(=C(O)C=CC=CN(C)CCO)C1=O 1 C=C1C(=O)CC(=O)NC1=O 1.0000000 1.0000 0.8141299 0.8141 0.9959210 0.9959 0.8444521 0.8445
 | 8.2745 56.0483 41.3085 0.7605998 C=C1CCN1C=CC=CC(O)=C1C(=O)NC(=O)OC1=O 1 C=C1CCN1C=CC=CC=C1C(=O)NC(=O)OC1=O 1.0000000 1.0000 0.6935672 0.6936 0.3300936 0.3301 0.7917660 0.7918
 | 22.9898 66.5633 -66.5633 0.0000000 C=CCCN(C)N(O)C=CC=CC(O)=C1N=C(C)N(C)C1=O 1 C=C1N=CNC1=O 1.0000000 1.0000 0.5899579 0.5900 0.9540775 0.9541 0.4147133 0.4147
 | 12.1125 51.0475 64.9672 0.9063645 NC1COCCN1C=CC=CC(O)=C1C(=O)NOC1=O 1 O=C1NOC(=O)C1=CC=CC=CN1CCOCC1 1.0000000 1.0000 0.8274166 0.8274 0.9094325 0.9094 0.8571664 0.8572
 | 13.0091 44.0336 -44.0336 0.0000000 O=C1NCCCC1=C(O)C=CC=CN1CC=CCC1 1 O=C1NCCCC1=CC=CC=CN1CC=CCC1 1.0000000 1.0000 0.5618023 0.5618 0.1525829 0.1526 0.4657491 0.4657
 | 11.0074 50.9565 54.1680 0.8212850 CN(O)C=CC=CC(O)=C1OS(=O)C(=O)NC1=O 1 C=C1OS(=O)C(=O)NC1=O 1.0000000 1.0000 0.7648522 0.7649 0.8678706 0.8679 0.6634575 0.6635
 | 21.4666 63.4105 18.5732 0.6404972 CC(=O)NCC1COCCN1C=CC=CC(O)=C1C(=O)NCN2C(=O)CC12 1 O=C1NCN2C(=O)CC2C1=CC=CC=CN1CCOCC1 1.0000000 1.0000 0.7631216 0.7631 0.1015752 0.1016 0.6419558 0.6420
 | 10.8628 46.2909 50.4796 0.7560190 CN(C)C=CC=CC(O)=C1C(=O)NC2C1CC(O)C2O 1 C=C1C(=O)NC2CCCC12 1.0000000 1.0000 0.7904706 0.7905 0.1668262 0.1668 0.9084157 0.9084
 | 14.9982 57.8759 36.3916 0.7364649 C=CC1(O)NC(=O)C(=C(O)C=CC=CN2CCSCC2)C(=O)N1 1 O=C1NCNC(=O)C1=CC=CC=CN1CCSCC1 1.0000000 1.0000 0.7368319 0.7368 0.8130226 0.8130 0.4839756 0.4840
02:35:03 <INFO> Score: 0.65 Agent NLL: 14.91 Valid: 100% Step: 116
 | Agent Prior Target Score SMILES SMILES_state Scaffold DASA DASA (raw) Solubility Solubility (raw) xTB_Gap xTB_Gap (raw) WaterSwitch WaterSwitch (raw)
 | 15.6639 52.8173 12.4289 0.5097359 O=C1C(=C(O)C=CC=CN2CC2)C(C(F)(F)F)=NN1c1ccccc1 1 O=C1C(=CC=CC=CN2CC2)C=NN1c1ccccc1 1.0000000 1.0000 0.3154866 0.3155 0.9732324 0.9732 0.2468728 0.2469
 | 16.7252 54.6808 -54.6808 0.0000000 CC(C)N(C)C=CC=CC(O)=C1C(=O)NNN1C 1 C=C1NNNC1=O 1.0000000 1.0000 0.7388546 0.7389 0.9101160 0.9101 0.3208221 0.3208
 | 11.7368 50.8538 47.5427 0.7687222 CN(C=CC=CC(O)=C1C(=O)NC(=O)C(=O)CC1O)CCO 1 C=C1CCC(=O)C(=O)NC1=O 1.0000000 1.0000 0.8403789 0.8404 0.1811131 0.1811 0.8899884 0.8900
 | 12.9745 55.1924 44.1323 0.7759744 CC(=O)NN(C)C=CC=CC(O)=C1N=C(C)NN(C)C1=O 1 C=C1N=CNNC1=O 1.0000000 1.0000 0.7495252 0.7495 0.8543306 0.8543 0.5594812 0.5595
 | 24.9173 71.0775 -71.0775 0.0000000 C=C(O)COC(=O)NC1=NC(=C(O)C=CC=CN(O)C=O)C(=O)N1 1 C=C1N=CNC1=O 1.0000000 1.0000 0.7533853 0.7534 0.9537420 0.9537 0.6529223 0.6529
 | 21.7593 68.0294 -0.0366 0.5311934 NCC1NC(=O)C(=C(O)C=C(O)C=CN2CC(CCO)OC2=O)C1O 1 O=C1NCCC1=CC=CC=CN1CCOC1=O 1.0000000 1.0000 0.8219825 0.8220 0.0104596 0.0105 0.7572919 0.7573
 | 10.0052 50.6531 -50.6531 0.0000000 O=C1OC(=CN2CCOCC2)C(=O)C1=C(O)C=CC=CN(CCO)CCO 1 C=C1C(=O)OC(=CN2CCOCC2)C1=O 1.0000000 1.0000 0.7766475 0.7766 0.9488650 0.9489 0.4982116 0.4982
 | 14.4063 53.3345 62.0955 0.9017968 CC1=CC(=O)NC(=O)C1=C(O)C=CC=CN1CC=CC(=O)N1 1 O=C1C=CC(=CC=CC=CN2CC=CC(=O)N2)C(=O)N1 1.0000000 1.0000 0.7229475 0.7229 0.9547533 0.9548 0.9155933 0.9156
 | 7.6731 43.0101 58.3312 0.7917288 CN(C=CC=CC(O)=C1C(=O)NC(=O)C1=O)CCO 1 C=C1C(=O)NC(=O)C1=O 1.0000000 1.0000 0.8488452 0.8488 0.5680684 0.5681 0.6355853 0.6356
 | 8.7495 45.5271 41.1007 0.6767802 O=C1NOC(=O)C1=C(O)C=C(O)C=CN1CCOCC1 1 O=C1NOC(=O)C1=CC=CC=CN1CCOCC1 1.0000000 1.0000 0.7890299 0.7890 0.7988700 0.7989 0.3479462 0.3479
02:35:15 <INFO> Score: 0.62 Agent NLL: 13.87 Valid: 100% Step: 117
 | Agent Prior Target Score SMILES SMILES_state Scaffold DASA DASA (raw) Solubility Solubility (raw) xTB_Gap xTB_Gap (raw) WaterSwitch WaterSwitch (raw)
 | 15.4836 50.2894 5.8739 0.4387761 C=c1c(=O)c(=O)c(=C(O)C=CC=C(C)N(C)C)c1=O 1 C=c1c(=O)c(=C)c(=O)c1=O 1.0000000 1.0000 0.8400405 0.8400 0.1935595 0.1936 0.1308547 0.1309
 | 13.0922 53.3130 47.1682 0.7850091 COC1NC(=O)C(=C(O)C=CC=CN2CCNC(=O)C2)N1 1 O=C1CN(C=CC=CC=C2NCNC2=O)CCN1 1.0000000 1.0000 0.8355630 0.8356 0.6310194 0.6310 0.6007610 0.6008
 | 9.0711 52.0468 59.6171 0.8723744 CC1=CCCN1C=CC=CC(O)=C1C(=O)NN=C1N 1 O=C1NN=CC1=CC=CC=CN1C=CCC1 1.0000000 1.0000 0.7046414 0.7046 0.7735847 0.7736 0.9030374 0.9030
 | 23.0961 76.6810 5.3042 0.6405094 CC=C1CCN1C=CC=CC(O)=c1c(=O)[nH]n2c(C(=O)O)c(C)nc12 1 C=C1CCN1C=CC=CC=c1c(=O)[nH]n2ccnc12 1.0000000 1.0000 0.6031806 0.6032 0.2991234 0.2991 0.5107923 0.5108
 | 14.2039 58.4253 44.0174 0.8003339 CON(C)C=CC=CC(O)=C1C(=O)NC(=CN2CCCNC2=O)C1=O 1 C=C1C(=O)NC(=CN2CCCNC2=O)C1=O 1.0000000 1.0000 0.7099899 0.7100 0.8094423 0.8094 0.6599810 0.6600
 | 9.5325 42.5897 -42.5897 0.0000000 C=c1[nH]c(=O)[nH]c(=O)c1=C(O)C=CC=CN(C)O 1 C=c1[nH]c(=O)[nH]c(=O)c1=C 1.0000000 1.0000 0.8518362 0.8518 0.8741308 0.8741 0.9937037 0.9937
 | 9.9858 44.5704 67.8515 0.8782957 C=c1[nH]c(=O)c(=C(O)C=CC=CN(C)O)c(=O)o1 1 C=c1[nH]c(=O)c(=C)c(=O)o1 1.0000000 1.0000 0.8374222 0.8374 0.9638815 0.9639 0.7474296 0.7474
 | 17.9442 65.1347 43.9520 0.8522397 CC1COC2(NC(=O)C(=C(O)C=CC=CN3CCNCC3)C2=O)C(=O)O1 1 O=C1NC2(OCCOC2=O)C(=O)C1=CC=CC=CN1CCNCC1 1.0000000 1.0000 0.7760995 0.7761 0.9223184 0.9223 0.7267376 0.7267
 | 13.5045 56.2511 44.0202 0.7833693 C=C1CN(C)CCN1C=CC=CC(O)=C1C(=O)NN(C)C1O 1 C=C1CNCCN1C=CC=CC=C1CNNC1=O 1.0000000 1.0000 0.7558649 0.7559 0.6416576 0.6417 0.6390947 0.6391
 | 8.8535 42.8042 38.0925 0.6320052 CC1NC(=O)C(=C(O)C=CC=CN(C)C)CO1 1 C=C1COCNC1=O 1.0000000 1.0000 0.7152885 0.7153 0.3111448 0.3111 0.4233604 0.4234
02:35:28 <INFO> Score: 0.65 Agent NLL: 14.18 Valid: 100% Step: 118
 | Agent Prior Target Score SMILES SMILES_state Scaffold DASA DASA (raw) Solubility Solubility (raw) xTB_Gap xTB_Gap (raw) WaterSwitch WaterSwitch (raw)
 | 18.8673 74.9008 30.4822 0.8233054 CN(C=CC(O)=c1ccc(=C(O)C=C(O)C=CN2CCC2)c(=O)[nH]1)CCO 1 C=c1ccc(=CC=CC=CN2CCC2)c(=O)[nH]1 1.0000000 1.0000 0.7294243 0.7294 0.7484315 0.7484 0.7327841 0.7328
 | 9.1115 39.6429 68.3943 0.8440404 CN(C)C=CC=CC(O)=C1C(=O)NN(C)C1=O 1 C=C1C(=O)NNC1=O 1.0000000 1.0000 0.7976922 0.7977 0.9093810 0.9094 0.6927391 0.6927
 | 10.0368 40.7028 59.6630 0.7841074 CN(C)C=CC=CC(O)=C1OC(=O)C(C=O)C1=O 1 C=C1OC(=O)CC1=O 1.0000000 1.0000 0.7663763 0.7664 0.9999858 1.0000 0.5372646 0.5373
 | 15.5977 56.8015 -13.7268 0.3365213 C=C1OC(=O)C(=C(O)C=C(C)C=CN2C=CCC2)C1=O 1 C=C1OC(=O)C(=CC=CC=CN2C=CCC2)C1=O 1.0000000 1.0000 0.5411987 0.5412 0.0050816 0.0051 0.2910045 0.2910
 | 9.7505 41.4469 -41.4469 0.0000000 CC(C=CN1CCOCC1)=CC(O)=C1C(=O)NOC1=O 1 O=C1NOC(=O)C1=CC=CC=CN1CCOCC1 1.0000000 1.0000 0.7530864 0.7531 0.8784442 0.8784 0.8915538 0.8916
 | 19.8665 64.8577 17.4420 0.6429661 CC(=O)NC1CNC(=O)C(=C(O)C=CC=CN2CCNC2C(=O)O)C(=O)N1 1 O=C1NCCNC(=O)C1=CC=CC=CN1CCNC1 1.0000000 1.0000 0.8516474 0.8516 0.6374026 0.6374 0.3008048 0.3008
 | 11.4652 41.3891 56.7320 0.7665707 CN(C)C=CC=CC(O)=C1Cc2ccccc2C(=O)NC1=O 1 C=C1Cc2ccccc2C(=O)NC1=O 1.0000000 1.0000 0.5269165 0.5269 0.8146994 0.8147 0.7119236 0.7119
 | 11.5518 61.4506 56.9923 0.9253352 NC1=NC(=C(O)C=CC=CN2CCCNC2)C(=O)NN1C(CO)CO 1 O=C1NNC=NC1=CC=CC=CN1CCCNC1 1.0000000 1.0000 0.8595507 0.8596 0.8656478 0.8656 0.9100238 0.9100
 | 21.1434 68.9883 30.6419 0.7783611 CC1(C=CN2CCOCC2)NC(=O)C(=C(O)C=CC=CN)C(C(=O)O)O1 1 C=C1COC(C=CN2CCOCC2)NC1=O 1.0000000 1.0000 0.7254846 0.7255 0.8470413 0.8470 0.5811671 0.5812
 | 11.7752 45.5327 65.0060 0.8635841 CN(C)C=CC=CC(O)=C1C(=O)NOC(O)C1(C)O 1 C=C1CCONC1=O 1.0000000 1.0000 0.8036295 0.8036 0.4975373 0.4975 0.9330966 0.9331
02:35:39 <INFO> Score: 0.58 Agent NLL: 14.37 Valid:  98% Step: 119
 | Agent Prior Target Score SMILES SMILES_state Scaffold DASA DASA (raw) Solubility Solubility (raw) xTB_Gap xTB_Gap (raw) WaterSwitch WaterSwitch (raw)
 | 10.9197 37.8740 66.9618 0.8190300 COC1=CC(=C(O)C=CC=CN(C)C)C(=O)NC1=O 1 C=C1C=CC(=O)NC1=O 1.0000000 1.0000 0.7337587 0.7338 0.9949624 0.9950 0.6442351 0.6442
 | 12.4041 53.5629 48.8004 0.7997131 CC1(C)NC(=O)C(=C(O)C=CC=CN2CCC(=O)N2)C(=O)N1 1 O=C1CCN(C=CC=CC=C2C(=O)NCNC2=O)N1 1.0000000 1.0000 0.7803836 0.7804 0.8893464 0.8893 0.5919298 0.5919
 | 15.3221 59.1847 -52.7128 0.0505624 CN(C)C=CC=CC(O)=c1oc(=CC(O)=C2CC(=O)C(=O)C2=O)[nH]c1=O 1 C=c1oc(=CC=C2CC(=O)C(=O)C2=O)[nH]c1=O 1.0000000 1.0000 0.7811404 0.7811 0.0000027 0.0000 0.0062064 0.0062
 | 14.5362 57.9524 56.0032 0.8902778 CC(C)=C(C)N(O)C=CC=CC(O)=C1C(=O)NNNC1=O 1 C=C1C(=O)NNNC1=O 1.0000000 1.0000 0.7205714 0.7206 0.6946371 0.6946 0.9902200 0.9902
 | 17.5861 44.5388 55.6146 0.7824488 C=C1C(=O)N(C(C)C)C(=O)C1=C(O)C=CC=CN(C)CCO 1 C=C1C(=C)C(=O)NC1=O 1.0000000 1.0000 0.6694409 0.6694 0.8674158 0.8674 0.6227221 0.6227
 | 9.9348 54.9661 29.6741 0.6612511 CCN1C(=O)C(=O)C(=c2[nH]c(=O)[nH]c(=O)c2=C(O)C=CC=CN(C)CCO)C1=O 1 C=c1c(=O)[nH]c(=O)[nH]c1=C1C(=O)NC(=O)C1=O 1.0000000 1.0000 0.8825340 0.8825 0.1058421 0.1058 0.6312353 0.6312
 | 17.6818 57.8869 46.3021 0.8139764 CN(O)C=CC=CC(O)=c1c(=O)[nH]c(=O)c(=CC=CCBr)n1C 1 C=c1[nH]c(=C)c(=O)[nH]c1=O 1.0000000 1.0000 0.7003819 0.7004 0.7098639 0.7099 0.7415203 0.7415
 | 8.5202 52.5005 54.9528 0.8394791 CC1=CCCN1C=CC=CC(O)=C1C(=O)NCOC1=O 1 O=C1NCOC(=O)C1=CC=CC=CN1C=CCC1 1.0000000 1.0000 0.6700152 0.6700 0.9637168 0.9637 0.7585582 0.7586
 | 11.4044 52.3959 65.8022 0.9234227 O=C1CC(=O)C(O)C1=C(O)C=CC=CN(CCO)CCO 1 C=C1CC(=O)CC1=O 1.0000000 1.0000 0.8419374 0.8419 0.8696843 0.8697 0.9162339 0.9162
 | 9.7335 47.0737 55.4666 0.8010963 O=C1NCNC1=C(O)C=CC=CN1CCCC1 1 O=C1NCNC1=CC=CC=CN1CCCC1 1.0000000 1.0000 0.7472595 0.7473 0.8262824 0.8263 0.6322795 0.6323
02:35:52 <INFO> Score: 0.72 Agent NLL: 15.30 Valid: 100% Step: 120
 | Agent Prior Target Score SMILES SMILES_state Scaffold DASA DASA (raw) Solubility Solubility (raw) xTB_Gap xTB_Gap (raw) WaterSwitch WaterSwitch (raw)
 | 19.7596 52.1722 25.1927 0.6044131 C=C1CN(C=CC=CC(O)=C2CC(C)(C)CC2=O)CC(O)C1O 1 C=C1CCCN(C=CC=CC=C2CCCC2=O)C1 1.0000000 1.0000 0.5478531 0.5479 0.4722303 0.4722 0.3803611 0.3804
 | 26.5852 70.8759 44.8784 0.9043312 CC1(C)CN(C=CC=CC(O)=C2C(=O)NC(CC(=O)O)C2=O)C(O)C(O)N1O 1 O=C1CNC(=O)C1=CC=CC=CN1CCNCC1 1.0000000 1.0000 0.7879553 0.7880 0.7785640 0.7786 0.9353922 0.9354
 | 13.8724 58.7329 48.3624 0.8366824 NC1NC(=O)C(=C(O)C=C(O)C=CN2CCNC(=O)C2)C(=O)N1 1 O=C1CN(C=CC=CC=C2C(=O)NCNC2=O)CCN1 1.0000000 1.0000 0.8773544 0.8774 0.5489760 0.5490 0.7567079 0.7567
 | 11.2772 51.1743 -51.1743 0.0000000 COC=c1[nH]c(=O)c(=C(O)C=CC=CN2CCNC(=O)C2)c(=O)o1 1 C=c1[nH]c(=O)c(=CC=CC=CN2CCNC(=O)C2)c(=O)o1 1.0000000 1.0000 0.8539564 0.8540 0.9417315 0.9417 0.5263263 0.5263
 | 21.8623 66.6469 43.5773 0.8611263 O=C1NC(=O)C(=c2o[nH]c(=O)c2=C(O)C=CC=CN(CC=CCO)CCO)C(=O)N1 1 C=c1c(=O)[nH]oc1=C1C(=O)NC(=O)NC1=O 1.0000000 1.0000 0.8769546 0.8770 0.3743277 0.3743 0.9630490 0.9630
 | 24.7876 68.5765 32.4871 0.7895590 CC1(C)NC(=O)C(=C(O)C=CC=CN2CC=CC(=NO)C2=NO)N1 1 N=C1C=CCN(C=CC=CC=C2NCNC2=O)C1=N 1.0000000 1.0000 0.6636728 0.6637 0.5039814 0.5040 0.7921401 0.7921
 | 16.5476 57.0412 50.4601 0.8398541 CCN1C(=O)NC(=O)C1=C(O)C=CC=CN1CCC=C(O)C1=O 1 O=C1NC(=O)C(=CC=CC=CN2CCC=CC2=O)N1 1.0000000 1.0000 0.6508031 0.6508 0.7737278 0.7737 0.8431022 0.8431
 | 11.5778 53.7720 52.8490 0.8329764 C=C1CCN1C=CC=CC(O)=C1CCC(=O)NC1=O 1 C=C1CCN1C=CC=CC=C1CCC(=O)NC1=O 1.0000000 1.0000 0.6329940 0.6330 0.7614851 0.7615 0.8422920 0.8423
 | 12.3026 52.3707 56.6861 0.8520062 O=C1NCCOC(=O)C1=C(O)C=CC=CN1CC(O)C(O)C1 1 O=C1NCCOC(=O)C1=CC=CC=CN1CCCC1 1.0000000 1.0000 0.8398334 0.8398 0.6186149 0.6186 0.7949080 0.7949
 | 12.6422 47.9957 -47.9957 0.0000000 CN(C)C=CC=CC(O)=C1C(=O)NC(=O)C(C(=O)O)C1(C)O 1 C=C1CCC(=O)NC1=O 1.0000000 1.0000 0.7878270 0.7878 0.9858740 0.9859 0.8917088 0.8917
02:36:04 <INFO> Score: 0.61 Agent NLL: 15.16 Valid: 100% Step: 121
 | Agent Prior Target Score SMILES SMILES_state Scaffold DASA DASA (raw) Solubility Solubility (raw) xTB_Gap xTB_Gap (raw) WaterSwitch WaterSwitch (raw)
 | 18.6242 62.5453 50.9423 0.8866220 CC1(CO)NC(=O)C(=O)NC(=O)C1=C(O)C=CC=CN1CC=CCC1 1 O=C1NCC(=CC=CC=CN2CC=CCC2)C(=O)NC1=O 1.0000000 1.0000 0.7562751 0.7563 0.9414631 0.9415 0.8402942 0.8403
 | 15.9831 56.3067 54.1009 0.8625594 C=C1C(=O)CC(=O)C1=C(O)C=CC=CN1CCC(=O)NO1 1 C=C1C(=O)CC(=O)C1=CC=CC=CN1CCC(=O)NO1 1.0000000 1.0000 0.7073372 0.7073 0.7526878 0.7527 0.8756638 0.8757
 | 19.8050 47.0761 63.4788 0.8637105 CN(C)C=CC=CC(O)=C1OCC(O)(CCl)C1=O 1 C=C1OCCC1=O 1.0000000 1.0000 0.6950732 0.6951 0.9966439 0.9966 0.8021715 0.8022
 | 19.5814 63.8537 30.9126 0.7403617 CC1(C)OC(=C(O)C=CC=CN2CCCO2)C(=O)NCC(O)O1 1 O=C1NCCOCOC1=CC=CC=CN1CCCO1 1.0000000 1.0000 0.6775140 0.6775 0.2490179 0.2490 0.8177077 0.8177
 | 25.9768 65.3142 24.6263 0.7026603 C=C1NC(=O)C(=C(O)C=CC=CN)C2NCCN12 1 C=C1C(=O)NC(=C)N2CCNC12 1.0000000 1.0000 0.8036883 0.8037 0.1186017 0.1186 0.7964635 0.7965
 | 23.4254 62.0858 42.4810 0.8169281 CC1=CNC(=O)C(=C(O)C=CC=CN(O)C2(CO)CC2CO)C(=O)N1 1 O=C1NC=CNC(=O)C1=CC=CC=CNC1CC1 1.0000000 1.0000 0.7844754 0.7845 0.4425696 0.4426 0.8230816 0.8231
 | 20.9712 59.9576 28.7326 0.6928917 O=C1NN2CCCN2C1=C(O)C=CC=CN1CC=CCC1Cl 1 O=C1NN2CCCN2C1=CC=CC=CN1CC=CCC1 1.0000000 1.0000 0.5761412 0.5761 0.9212749 0.9213 0.4520671 0.4521
 | 7.1219 40.0611 -40.0611 0.0000000 CN(C)C=CC=CC(O)=C1OC=CC1=O 1 C=C1OC=CC1=O 1.0000000 1.0000 0.6722696 0.6723 0.9844784 0.9845 0.8545512 0.8546
 | 11.5165 48.6558 55.8511 0.8164604 CN(C=CC=CC(O)=C1CC(=CCl)C(=O)NC1=O)CCO 1 C=C1CC(=C)C(=O)NC1=O 1.0000000 1.0000 0.6747030 0.6747 0.7551219 0.7551 0.7528183 0.7528
 | 6.9353 38.7406 -38.7406 0.0000000 C=c1oc(=C(O)C=CC=CN(C)C)c(=O)n1C 1 C=c1[nH]c(=O)c(=C)o1 1.0000000 1.0000 0.7946756 0.7947 0.7703095 0.7703 0.7198417 0.7198
02:36:18 <INFO> Score: 0.65 Agent NLL: 13.88 Valid: 100% Step: 122
 | Agent Prior Target Score SMILES SMILES_state Scaffold DASA DASA (raw) Solubility Solubility (raw) xTB_Gap xTB_Gap (raw) WaterSwitch WaterSwitch (raw)
 | 11.4133 51.6429 40.4522 0.7194927 O=C1NC(CO)OCC1=C(O)C=CC=CN1CCSCC1 1 O=C1NCOCC1=CC=CC=CN1CCSCC1 1.0000000 1.0000 0.7219647 0.7220 0.3175556 0.3176 0.6462413 0.6462
 | 17.3865 56.0424 61.5063 0.9183491 NC1=NCCN1C=CC=CC(O)=C1C(=O)NC1N 1 O=C1NCC1=CC=CC=CN1C=NCC1 1.0000000 1.0000 0.8522266 0.8522 0.6584441 0.6584 0.9892144 0.9892
 | 22.3984 71.1377 46.5634 0.9195392 O=C1NCCNC(=O)C(=C(O)C=CC=CN2CNC(=O)C2CCO)C1=NO 1 N=C1C(=O)NCCNC(=O)C1=CC=CC=CN1CNC(=O)C1 1.0000000 1.0000 0.8418198 0.8418 0.7745012 0.7745 0.9435219 0.9435
 | 17.9300 56.1443 31.6825 0.6861467 C=CCON(C)C=CC=CC(O)=C1OCC(=S)NC1=O 1 C=C1OCC(=S)NC1=O 1.0000000 1.0000 0.6513485 0.6513 0.2674292 0.2674 0.6343721 0.6344
 | 15.9248 41.6676 54.5522 0.7517170 CN(C)C=CC=CC(O)=C1C=C(C(=O)O)OC1=O 1 C=C1C=COC1=O 1.0000000 1.0000 0.7104812 0.7105 0.9125988 0.9126 0.5104040 0.5104
 | 12.9732 44.9243 54.9515 0.7802803 CC1=CC(=C(O)C=CC=CN(C)C)C(=O)N(C)N1O 1 C=C1C=CNNC1=O 1.0000000 1.0000 0.6432517 0.6433 0.3943672 0.3944 0.8542743 0.8543
 | 10.0350 59.0198 23.4197 0.6440583 CC1=CCCN1C=CC=CC(O)=C1C(=O)NC(N2CC2)=C(C)C1=O 1 O=C1C=C(N2CC2)NC(=O)C1=CC=CC=CN1C=CCC1 1.0000000 1.0000 0.5669864 0.5670 0.6213720 0.6214 0.4144156 0.4144
 | 14.7961 49.9174 47.2866 0.7594064 NC1CCN(C=CC=CC(O)=C2C(=O)Nc3c2c(O)c2c(O)ccc(O)c2c3O)C1 1 O=C1Nc2cc3ccccc3cc2C1=CC=CC=CN1CCCC1 1.0000000 1.0000 0.4369325 0.4369 0.9352843 0.9353 0.7536782 0.7537
 | 14.2570 45.7456 -45.7456 0.0000000 CN(C)C=CC=CC(O)=C1C(=O)C(C(N)=O)N(C)C1=O 1 C=C1C(=O)CNC1=O 1.0000000 1.0000 0.8193380 0.8193 0.9882433 0.9882 0.9127482 0.9127
 | 16.1081 66.0039 37.4054 0.8078855 CC(=O)NC1NC(=O)C(=C(O)C=CC=CN2CCN=C2NN)C1N 1 O=C1NCCC1=CC=CC=CN1C=NCC1 1.0000000 1.0000 0.8656682 0.8657 0.5117261 0.5117 0.6972731 0.6973
02:36:31 <INFO> Score: 0.75 Agent NLL: 14.51 Valid: 100% Step: 123
 | Agent Prior Target Score SMILES SMILES_state Scaffold DASA DASA (raw) Solubility Solubility (raw) xTB_Gap xTB_Gap (raw) WaterSwitch WaterSwitch (raw)
 | 16.7656 74.0876 20.2073 0.7366787 C=C1CCN1C=CC=CC(O)=C1C=C(N2CCCC2)C(O)NC1=O 1 C=C1CCN1C=CC=CC=C1C=C(N2CCCC2)CNC1=O 1.0000000 1.0000 0.5922501 0.5923 0.9997664 0.9998 0.5281080 0.5281
 | 15.8339 59.2739 44.1973 0.8083686 C=c1c(C)n[nH]c(=O)c1=C(O)C=CC=CN1CCC=C1C 1 C=c1cn[nH]c(=O)c1=CC=CC=CN1C=CCC1 1.0000000 1.0000 0.6675321 0.6675 0.9880051 0.9880 0.6634269 0.6634
 | 11.8912 54.3097 27.6870 0.6405991 O=C1NCCCOC(=O)C1=C(O)C=C(O)C=CN1CCC1 1 O=C1NCCCOC(=O)C1=CC=CC=CN1CCC1 1.0000000 1.0000 0.7147237 0.7147 0.0460853 0.0461 0.9073805 0.9074
 | 16.8582 54.1271 49.0303 0.8059172 CC1CC(=C(O)C=CC=CN2CCC(=O)N2)C(=O)NN1C 1 O=C1CCN(C=CC=CC=C2CCNNC2=O)N1 1.0000000 1.0000 0.7301970 0.7302 0.4231764 0.4232 0.8437322 0.8437
 | 10.8954 56.0409 -56.0409 0.0000000 CC(O)C1NC(=O)C(=C(O)C=CC=CN2CCC(O)C2)C1=O 1 O=C1CNC(=O)C1=CC=CC=CN1CCCC1 1.0000000 1.0000 0.7992720 0.7993 0.8722601 0.8723 0.8860075 0.8860
 | 17.3188 60.2280 39.8878 0.7821546 C=CC=c1oc(=O)c(=C(O)C=CC=CNCCO)c(=O)[nH]c1=O 1 C=c1oc(=O)c(=C)c(=O)[nH]c1=O 1.0000000 1.0000 0.8633435 0.8633 0.2461407 0.2461 0.8241970 0.8242
 | 19.0215 54.4616 55.8758 0.8620114 CC1CNC(=C(O)C=CC=CN2CC2N)C(=O)N1 1 O=C1NCCNC1=CC=CC=CN1CC1 1.0000000 1.0000 0.8165267 0.8165 0.7592418 0.7592 0.7820528 0.7821
 | 15.3316 60.7460 45.7773 0.8322130 COCCCN1NC(=O)C(=C(O)C=CC=CN2CCNC2)N=C1N 1 O=C1NNC=NC1=CC=CC=CN1CCNC1 1.0000000 1.0000 0.8013173 0.8013 0.6390140 0.6390 0.7514009 0.7514
 | 9.9497 65.5818 57.3836 0.9606675 CN1C(=O)C(=O)NC(=O)C1=c1[nH]c(=O)[nH]c(=O)c1=C(O)C=CC=CN1CC1 1 O=C1NC(=O)C(=c2[nH]c(=O)[nH]c(=O)c2=CC=CC=CN2CC2)NC1=O 1.0000000 1.0000 0.9005193 0.9005 0.9751039 0.9751 0.9537188 0.9537
 | 15.3757 55.7377 33.5153 0.6972893 O=C1NC(=CN2CCNCC2)C(=O)C1=C(O)C=CC=CN(O)CCO 1 C=C1C(=O)NC(=CN2CCNCC2)C1=O 1.0000000 1.0000 0.8115526 0.8116 0.9418958 0.9419 0.3542259 0.3542
02:36:43 <INFO> Score: 0.69 Agent NLL: 15.83 Valid: 100% Step: 124
 | Agent Prior Target Score SMILES SMILES_state Scaffold DASA DASA (raw) Solubility Solubility (raw) xTB_Gap xTB_Gap (raw) WaterSwitch WaterSwitch (raw)
 | 11.8130 52.8138 48.2904 0.7898760 C=c1cc[nH]c(=O)c1=C(O)C=CC=CN1CCC=N1 1 C=c1cc[nH]c(=O)c1=CC=CC=CN1CCC=N1 1.0000000 1.0000 0.7406936 0.7407 0.8850428 0.8850 0.5914537 0.5915
 | 7.8071 44.6255 62.5799 0.8375427 COC=C1OC(=O)C(=C(O)C=CC=CN(C)CCO)C1=O 1 C=C1OC(=O)C(=C)C1=O 1.0000000 1.0000 0.7455618 0.7456 0.9997584 0.9998 0.6852123 0.6852
 | 16.3483 67.0136 46.7740 0.8889656 C=C(CC)N(O)C=CC=CC(O)=c1c(=C)c1=O 1 C=c1c(=C)c1=O 1.0000000 1.0000 0.7411822 0.7412 0.9244147 0.9244 0.8666482 0.8666
 | 17.3009 55.3457 20.2515 0.5906029 O=C1OC(=CN2C=CCC2)C(=O)C1=C(O)C=CC=CN(CCO)CCO 1 C=C1C(=O)OC(=CN2C=CCC2)C1=O 1.0000000 1.0000 0.7203359 0.7203 0.9909259 0.9909 0.2169981 0.2170
 | 13.0355 48.3783 68.0971 0.9099647 CN(C)C=CC=CC(O)=C1N=C(N)N(CCO)NC1=O 1 C=C1N=CNNC1=O 1.0000000 1.0000 0.8401885 0.8402 0.6928491 0.6928 0.9510116 0.9510
 | 18.9420 63.8240 34.2431 0.7661495 COCC1CN(C=CC=CC(O)=C2NNC(=O)NC2=O)C(=O)C1N 1 O=C1NNC(=CC=CC=CN2CCCC2=O)C(=O)N1 1.0000000 1.0000 0.8356442 0.8356 0.9990815 0.9991 0.4657918 0.4658
 | 8.1187 49.8295 -49.8295 0.0000000 CN1C(=O)NC(=O)C(=C(O)C=CC=CN2CCOCC2)N=C1N 1 O=C1NC=NC(=CC=CC=CN2CCOCC2)C(=O)N1 1.0000000 1.0000 0.7662041 0.7662 0.9111761 0.9112 0.7863087 0.7863
 | 27.6357 73.4205 28.7734 0.7983899 O=C1NC(=C2CCC(=O)C2O)OCCC1=C(O)C=CC=CN1CC=CC1 1 O=C1CCC(=C2NC(=O)C(=CC=CC=CN3CC=CC3)CCO2)C1 1.0000000 1.0000 0.5987696 0.5988 0.9662481 0.9662 0.6960216 0.6960
 | 9.9137 47.7819 34.8793 0.6457903 CN1NC(O)C(=C(O)C=CC=CN2CCOCC2)C1=O 1 O=C1NNCC1=CC=CC=CN1CCOCC1 1.0000000 1.0000 0.8015137 0.8015 0.0521487 0.0521 0.8168818 0.8169
 | 19.2362 55.6027 35.2198 0.7095509 O=C1NC2CNCCCN2C1=C(O)C=CC=CN1CCC(O)CC1 1 O=C1NC2CNCCCN2C1=CC=CC=CN1CCCCC1 1.0000000 1.0000 0.7285263 0.7285 0.8114326 0.8114 0.4307903 0.4308
02:36:43 <INFO> Sampled SMILES N1C(=O)C(=C(O)C=CC=CN2CCNC2=CO)NC1=CN1CC[N+](=O)(C)CC1 failed to sanitize.
02:36:53 <INFO> Score: 0.57 Agent NLL: 15.59 Valid:  98% Step: 125
 | Agent Prior Target Score SMILES SMILES_state Scaffold DASA DASA (raw) Solubility Solubility (raw) xTB_Gap xTB_Gap (raw) WaterSwitch WaterSwitch (raw)
 | 11.5140 52.3804 44.0425 0.7533042 COC=C1OC(=O)C(=C(O)C=CC=CN2CCC=C2OC)C1=O 1 C=C1OC(=O)C(=CC=CC=CN2C=CCC2)C1=O 1.0000000 1.0000 0.5867947 0.5868 0.8013892 0.8014 0.6229729 0.6230
 | 16.0760 53.7248 58.0580 0.8733030 CC1=CCCN(C=CC=CC(O)=C2NC(=O)NC2=O)C1 1 O=C1NC(=O)C(=CC=CC=CN2CC=CCC2)N1 1.0000000 1.0000 0.6473692 0.6474 0.9771115 0.9771 0.8847867 0.8848
 | 13.3462 47.0150 -47.0150 0.0000000 CC(O)C1NC(=O)C1=C(O)C=CC=CN 1 C=C1CNC1=O 1.0000000 1.0000 0.8273094 0.8273 0.1371511 0.1372 0.8739288 0.8739
 | 9.7824 41.5267 57.6230 0.7746066 CN(C)C=CC=CC(O)=C1COC1=O 1 C=C1COC1=O 1.0000000 1.0000 0.7368418 0.7368 0.5234888 0.5235 0.6769054 0.6769
 | 17.3118 65.1720 51.6914 0.9129950 CC(O)C1NC(=O)C(=C(O)C=CC=CN2CCC=C(O)C2=O)N1 1 O=C1NCNC1=CC=CC=CN1CCC=CC1=O 1.0000000 1.0000 0.7528988 0.7529 0.9556269 0.9556 0.9255934 0.9256
 | 27.6844 71.3136 38.2028 0.8555962 CC1=CN(C)C2(NC(=O)C(=C(O)C=C(O)C=CN3CCNC3)C2=O)C1=O 1 O=C1NC2(NC=CC2=O)C(=O)C1=CC=CC=CN1CCNC1 1.0000000 1.0000 0.7570579 0.7571 0.9694865 0.9695 0.7363892 0.7364
 | 10.1629 48.8602 -48.8602 0.0000000 CC1=CCCN1C=CC=CC(O)=C1C(=O)CC(=O)NC1=O 1 O=C1CC(=O)C(=CC=CC=CN2C=CCC2)C(=O)N1 1.0000000 1.0000 0.6631072 0.6631 0.6529699 0.6530 0.7967308 0.7967
 | 10.4180 52.1865 62.3438 0.8947684 C=C1OC(=O)C1=C(O)C=CC=CN1CCC(=O)N1 1 C=C1OC(=O)C1=CC=CC=CN1CCC(=O)N1 1.0000000 1.0000 0.7320022 0.7320 0.8852772 0.8853 0.9088335 0.9088
 | 10.2277 52.0823 65.3350 0.9173229 O=C1NNNC1=C(O)C=CC=CN1CCCC1CO 1 O=C1NNNC1=CC=CC=CN1CCCC1 1.0000000 1.0000 0.8205378 0.8205 0.8504192 0.8504 0.9211410 0.9211
 | 13.9457 58.5348 48.7787 0.8383872 NCC1=CCCN1C=CC=CC(O)=C1C(=O)NNC1O 1 O=C1NNCC1=CC=CC=CN1C=CCC1 1.0000000 1.0000 0.8171684 0.8172 0.8342473 0.8342 0.6869203 0.6869
02:37:09 <INFO> Score: 0.66 Agent NLL: 17.16 Valid: 100% Step: 126
 | Agent Prior Target Score SMILES SMILES_state Scaffold DASA DASA (raw) Solubility Solubility (raw) xTB_Gap xTB_Gap (raw) WaterSwitch WaterSwitch (raw)
 | 14.3679 56.8280 51.1708 0.8437405 O=C1CN(C=CC=CC(O)=C2C(=O)NCCNC(=O)C2=NO)CCN1 1 N=C1C(=O)NCCNC(=O)C1=CC=CC=CN1CCNC(=O)C1 1.0000000 1.0000 0.8306416 0.8306 0.6057058 0.6057 0.7817116 0.7817
 | 10.8588 57.6605 57.9848 0.9034791 O=C1CCN(C=CC=CC(O)=C2C(=O)CC(=O)C2O)N1 1 O=C1CC(=O)C(=CC=CC=CN2CCC(=O)N2)C1 1.0000000 1.0000 0.8024631 0.8025 0.9776531 0.9777 0.8444726 0.8445
 | 20.6254 53.9422 49.3287 0.8068040 CC(C=CN1CCNCC1)=CC(O)=C1C=C(CCl)NC1=O 1 O=C1NC=CC1=CC=CC=CN1CCNCC1 1.0000000 1.0000 0.6186161 0.6186 0.8287859 0.8288 0.7453503 0.7454
 | 10.0915 36.0815 -36.0815 0.0000000 C=C1OC(=O)C(=C(O)C=CC=CN(C)C)C1=O 1 C=C1OC(=O)C(=C)C1=O 1.0000000 1.0000 0.7023975 0.7024 0.9945132 0.9945 0.7146514 0.7147
 | 26.7373 58.5807 10.3507 0.5385266 C#CCCN1CCC23c4c5ccc(O)c4OC2C(=C(O)C=CC=CN(C)C)C(=O)NC3C1C5 1 C=C1C(=O)NC2C3Cc4cccc5c4C2(CCN3)C1O5 1.0000000 1.0000 0.4391015 0.4391 0.2203323 0.2203 0.4048052 0.4048
 | 20.6223 65.9342 53.2635 0.9312323 O=C1NC(O)C(C(=O)O)NC(=O)C1=C(O)C=CC=CN1CCC(CO)C1 1 O=C1NCCNC(=O)C1=CC=CC=CN1CCCC1 1.0000000 1.0000 0.8418307 0.8418 0.9045616 0.9046 0.9289408 0.9289
 | 16.9748 61.6902 22.0009 0.6538369 O=C1CCN(C=CC=CC(O)=C2C(=O)OC(CN3CCCCC3)C2=O)CN1 1 O=C1CCN(C=CC=CC=C2C(=O)OC(CN3CCCCC3)C2=O)CN1 1.0000000 1.0000 0.6622387 0.6622 0.1485949 0.1486 0.6636621 0.6637
 | 12.2689 45.9299 53.1996 0.7744494 CN(C)C=CC=CC(O)=C1C(=O)NN2CCC(O)C12 1 C=C1C(=O)NN2CCCC12 1.0000000 1.0000 0.7827352 0.7827 0.5534005 0.5534 0.6331413 0.6331
 | 18.1045 57.8489 40.0754 0.7650331 CC1=C(n2ccnc2)NC(=O)C1=C(O)C=C(O)C=CN1CCC1 1 O=C1NC(n2ccnc2)=CC1=CC=CC=CN1CCC1 1.0000000 1.0000 0.5641279 0.5641 0.9913934 0.9914 0.6241590 0.6242
 | 8.9141 46.7280 60.5373 0.8380106 CC1C(=O)C1=C(O)C=CC=CN 1 C=C1CC1=O 1.0000000 1.0000 0.7430441 0.7430 0.4831439 0.4831 0.9040188 0.9040
02:37:22 <INFO> Score: 0.71 Agent NLL: 15.34 Valid: 100% Step: 127
 | Agent Prior Target Score SMILES SMILES_state Scaffold DASA DASA (raw) Solubility Solubility (raw) xTB_Gap xTB_Gap (raw) WaterSwitch WaterSwitch (raw)
 | 10.2573 53.3411 45.9321 0.7755722 NC1CCN(C=CC=CC(O)=C2C(=O)NCCOC2=O)C1=O 1 O=C1NCCOC(=O)C1=CC=CC=CN1CCCC1=O 1.0000000 1.0000 0.8115209 0.8115 0.4243180 0.4243 0.6840943 0.6841
 | 15.8155 60.2071 60.4715 0.9428017 O=C1CC(O)NC(=O)C1=C(O)C=CC=CN1CC(O)CO1 1 O=C1CCNC(=O)C1=CC=CC=CN1CCCO1 1.0000000 1.0000 0.8303006 0.8303 0.9924964 0.9925 0.9450806 0.9451
 | 23.3447 58.6445 28.5306 0.6810559 COC1=CC(=O)C(=C(O)C=CC=CN2CCC(N)=C2C)C(=O)N1 1 O=C1C=CNC(=O)C1=CC=CC=CN1C=CCC1 1.0000000 1.0000 0.6649102 0.6649 0.3226004 0.3226 0.5677670 0.5678
 | 17.3317 47.9451 -47.9451 0.0000000 CN(O)C=CC=CC(O)=C1OC(=O)C(C)(O)C1=O 1 C=C1OC(=O)CC1=O 1.0000000 1.0000 0.7806125 0.7806 0.9970610 0.9971 0.9045397 0.9045
 | 13.6721 59.3696 49.4524 0.8501719 C=C1CCN1C=CC=CC(O)=C1C(=O)N(C)C1=O 1 C=C1CCN1C=CC=CC=C1C(=O)NC1=O 1.0000000 1.0000 0.6931768 0.6932 0.8099510 0.8100 0.8237213 0.8237
 | 15.4799 65.1253 35.3891 0.7852690 CC(O)=C1C(=O)N(C=CC=CC(O)=c2c(=O)[nH]c(=CBr)oc2=O)C1=O 1 C=C1C(=O)N(C=CC=CC=c2c(=O)[nH]c(=C)oc2=O)C1=O 1.0000000 1.0000 0.7044520 0.7045 0.7677822 0.7678 0.6350889 0.6351
 | 13.6058 58.7566 29.7347 0.6913377 CC1NC(=O)C(=C(O)C=CC=CN2CCC(N)C2)C=C1O 1 O=C1NCC=CC1=CC=CC=CN1CCCC1 1.0000000 1.0000 0.6848954 0.6849 0.4635296 0.4635 0.5098675 0.5099
 | 17.5806 59.9125 11.4764 0.5577253 CC1=CCCN1C=CC=CC(O)=C1C=CCC(=C(Cl)Cl)NC1=O 1 C=C1CC=CC(=CC=CC=CN2C=CCC2)C(=O)N1 1.0000000 1.0000 0.1712032 0.1712 0.8773633 0.8774 0.5499745 0.5500
 | 12.7654 48.1327 65.2877 0.8860972 C=c1[nH]c(=O)c(=C(O)C=CC=CNC(C)=O)c(=O)o1 1 C=c1[nH]c(=O)c(=C)c(=O)o1 1.0000000 1.0000 0.8423574 0.8424 0.6686486 0.6686 0.8793830 0.8794
 | 17.3708 67.9732 18.3466 0.6743729 C=C1NN=CCNC(=O)C1=C(O)C=CC=CN1CC=CC=C1C 1 C=C1NN=CCNC(=O)C1=CC=CC=CN1C=CC=CC1 1.0000000 1.0000 0.5512115 0.5512 0.5384955 0.5385 0.5216220 0.5216
02:37:23 <INFO> Sampled SMILES N1C(=O)C(=C(O)C=CC=CN2CC(COC(C)=O)OC=C2)FN1C(N)=N failed to sanitize.
02:37:35 <INFO> Score: 0.68 Agent NLL: 15.25 Valid:  98% Step: 128
 | Agent Prior Target Score SMILES SMILES_state Scaffold DASA DASA (raw) Solubility Solubility (raw) xTB_Gap xTB_Gap (raw) WaterSwitch WaterSwitch (raw)
 | 18.5103 71.8783 27.7686 0.7784915 CC1=CN(C=c2[nH]c(=O)c(=C(O)C=CC=CN)c(=O)n2C)CN(CCO)C1 1 C=c1c(=O)[nH]c(=CN2C=CCNC2)[nH]c1=O 1.0000000 1.0000 0.8359645 0.8360 0.8579567 0.8580 0.5203452 0.5203
 | 15.7078 59.9891 43.0319 0.8048519 O=C1NC2(O)C(O)C(O)N2C1=C(O)C=CC=CN1CCC(O)C1 1 O=C1NC2CCN2C1=CC=CC=CN1CCCC1 1.0000000 1.0000 0.8769856 0.8770 0.6869474 0.6869 0.6105211 0.6105
 | 11.9702 60.2193 24.3569 0.6607522 C=c1c(=C(O)C=CC=CN2CCC=C2CO)c(=O)[nH]n1CCO 1 C=c1[nH][nH]c(=O)c1=CC=CC=CN1C=CCC1 1.0000000 1.0000 0.8203697 0.8204 0.6219459 0.6219 0.3423465 0.3423
 | 10.6306 61.2368 -19.2128 0.3283129 O=C1CC(=C(O)C=CC=CN2CCNC2=CO)C(=O)NC1=O 1 C=C1NCCN1C=CC=CC=C1CC(=O)C(=O)NC1=O 1.0000000 1.0000 0.7697822 0.7698 0.0004854 0.0005 0.4959006 0.4959
 | 9.2757 57.2281 40.9891 0.7673215 C=c1cc[nH]c(=O)c1=C(O)C=CC=CN1CCC=C1CO 1 C=c1cc[nH]c(=O)c1=CC=CC=CN1C=CCC1 1.0000000 1.0000 0.7396593 0.7397 0.9994209 0.9994 0.5130021 0.5130
 | 11.3649 56.5650 58.3476 0.8977548 C=c1[nH]c(=O)[nH]c(=O)c1=C(O)C=CC=CN1CCC(=O)NO1 1 C=c1[nH]c(=O)[nH]c(=O)c1=CC=CC=CN1CCC(=O)NO1 1.0000000 1.0000 0.8613808 0.8614 0.6197999 0.6198 0.9298581 0.9299
 | 16.2846 60.3030 45.5222 0.8267592 CC1OC(N2NC(=O)C(=C(O)C=CC=CN3CC=CC3=O)C2O)C(O)C(O)C1O 1 O=C1NN(C2CCCCO2)CC1=CC=CC=CN1CC=CC1=O 1.0000000 1.0000 0.8382526 0.8383 0.6384192 0.6384 0.7107361 0.7107
 | 24.7523 61.9279 -61.9274 0.0000042 COC=CC(O)=C1C(=O)NC(C(=O)O)N2C(=O)C(NC(=O)C(N)CCCN=C(N)N)C12 1 C=C1C(=O)NCN2C(=O)CC12 0.0000000 0.0000 0.9005297 0.9005 0.4507482 0.4507 0.0000000 0.0000
 | 20.3174 60.4549 41.7037 0.7981137 CC1=COC(=C(O)C=CC=CN2CCN(CCO)CC2Cl)C(=O)N1 1 O=C1NC=COC1=CC=CC=CN1CCNCC1 1.0000000 1.0000 0.6386457 0.6386 0.9154297 0.9154 0.6759494 0.6759
 | 9.2153 53.1789 39.3306 0.7227309 O=C1CC(=O)C(O)C1=C(O)C=CC=CN1CC1 1 O=C1CC(=O)C(=CC=CC=CN2CC2)C1 1.0000000 1.0000 0.7879858 0.7880 0.1614377 0.1614 0.7918728 0.7919
02:37:50 <INFO> Score: 0.70 Agent NLL: 16.33 Valid: 100% Step: 129
 | Agent Prior Target Score SMILES SMILES_state Scaffold DASA DASA (raw) Solubility Solubility (raw) xTB_Gap xTB_Gap (raw) WaterSwitch WaterSwitch (raw)
 | 10.3046 53.6115 -53.6115 0.0000000 O=C1CNC(=C(O)C=CC=CN2CCC=C2CO)C(=O)N1 1 O=C1CNC(=CC=CC=CN2C=CCC2)C(=O)N1 1.0000000 1.0000 0.7913791 0.7914 0.8118323 0.8118 0.8711646 0.8712
 | 14.3421 43.7561 59.4786 0.8065215 O=C1CCNC(=O)C1=C(O)C=CC=CN1CCCCC1 1 O=C1CCNC(=O)C1=CC=CC=CN1CCCCC1 1.0000000 1.0000 0.6316771 0.6317 0.9843719 0.9844 0.6871045 0.6871
 | 11.8054 47.7355 61.1460 0.8506368 CC(=O)OC=C1OC(=O)C(=C(O)C=CC=CN(C)CCO)C1=O 1 C=C1OC(=O)C(=C)C1=O 1.0000000 1.0000 0.7340212 0.7340 0.8464400 0.8464 0.7776004 0.7776
 | 13.9548 52.1055 70.4156 0.9571963 NC=CC=CC(O)=C1C(=O)C(O)(CO)C1=O 1 C=C1C(=O)CC1=O 1.0000000 1.0000 0.8732243 0.8732 0.9254480 0.9254 0.9832230 0.9832
 | 11.0799 50.7508 64.2024 0.8980722 C=c1o[nH]c(=O)c1=C(O)C=CC=CN1CCCO1 1 C=c1o[nH]c(=O)c1=CC=CC=CN1CCCO1 1.0000000 1.0000 0.7829705 0.7830 0.9349009 0.9349 0.8571944 0.8572
 | 13.7326 52.6380 16.2947 0.5385369 O=C1NC=COCC1=C(O)C=CC=CN1CCSCC1 1 O=C1NC=COCC1=CC=CC=CN1CCSCC1 1.0000000 1.0000 0.6074921 0.6075 0.1264759 0.1265 0.3907903 0.3908
 | 10.7644 50.1767 50.4042 0.7857889 CC1CCN(C=CC=CC(O)=C2NCNC2=O)CC1 1 O=C1NCNC1=CC=CC=CN1CCCCC1 1.0000000 1.0000 0.6652282 0.6652 0.7861957 0.7862 0.6585752 0.6586
 | 20.2683 66.6386 42.6451 0.8537796 CC(=O)NC1=CC(=N)C(=C(O)C=CC=CN2CC(=O)NC(=O)C2)C(=O)N1 1 N=C1C=CNC(=O)C1=CC=CC=CN1CC(=O)NC(=O)C1 1.0000000 1.0000 0.7967105 0.7967 0.6214279 0.6214 0.8313713 0.8314
 | 12.9781 66.5707 15.5702 0.6417261 NC1=CCCN1C=CC=CC(O)=C1C(=O)CC(=O)C1O 1 O=C1CC(=O)C(=CC=CC=CN2C=CCC2)C1 1.0000000 1.0000 0.7477865 0.7478 0.2298433 0.2298 0.4829865 0.4830
 | 12.1504 60.1598 37.1235 0.7600258 O=C1CC(O)C(=C(O)C=CC=CN2CC(CO)OC2=O)C1=O 1 O=C1CCC(=CC=CC=CN2CCOC2=O)C1=O 1.0000000 1.0000 0.7853092 0.7853 0.7825350 0.7825 0.5205366 0.5205
02:38:03 <INFO> Score: 0.72 Agent NLL: 15.03 Valid: 100% Step: 130
 | Agent Prior Target Score SMILES SMILES_state Scaffold DASA DASA (raw) Solubility Solubility (raw) xTB_Gap xTB_Gap (raw) WaterSwitch WaterSwitch (raw)
 | 13.6319 64.7498 19.1070 0.6551320 NCCCC1NC(=O)C(=C(O)C=CC=CN2CCCO2)NO1 1 O=C1NCONC1=CC=CC=CN1CCCO1 1.0000000 1.0000 0.7542509 0.7543 0.9010003 0.9010 0.3082841 0.3083
 | 11.1929 58.0040 29.9035 0.6867773 O=C1CC(=O)C(O)C(=C(O)C=CC=CN2CCC(=O)N2)C(=O)N1 1 O=C1CC(=O)NC(=O)C(=CC=CC=CN2CCC(=O)N2)C1 1.0000000 1.0000 0.8340339 0.8340 0.2591984 0.2592 0.5348770 0.5349
 | 13.8271 57.3097 -3.8725 0.4174786 CC1=CN(C=CC=CC(O)=C2C(=O)C(=O)CC2O)CCN1 1 O=C1CCC(=CC=CC=CN2C=CNCC2)C1=O 1.0000000 1.0000 0.7161421 0.7161 0.0079097 0.0079 0.4136006 0.4136
 | 10.9038 43.2018 60.5486 0.8105503 CN(C)C=CC=CC(O)=C1OC(=O)C(C2=NCCN2)C1=O 1 C=C1OC(=O)C(C2=NCCN2)C1=O 1.0000000 1.0000 0.7565708 0.7566 0.9989502 0.9990 0.6069688 0.6070
 | 15.0185 55.7834 28.8803 0.6614350 CCC1=NC(O)C(=C(O)C=CC=CN2CCC=C2C)C(=O)N1 1 O=C1NC=NCC1=CC=CC=CN1C=CCC1 1.0000000 1.0000 0.5827361 0.5827 0.7842310 0.7842 0.4070274 0.4070
 | 11.0877 55.6344 54.2524 0.8584903 C=c1c(=C(O)C=CC=CN2CC=CCC2)c(=O)[nH]n1CCO 1 C=c1[nH][nH]c(=O)c1=CC=CC=CN1CC=CCC1 1.0000000 1.0000 0.7793295 0.7793 0.9830352 0.9830 0.7250246 0.7250
 | 9.5325 54.9377 -54.9377 0.0000000 C=c1[nH]c(=O)c(=C(O)C=CC=CN2CCC(=O)NO2)c(=O)o1 1 C=c1[nH]c(=O)c(=CC=CC=CN2CCC(=O)NO2)c(=O)o1 1.0000000 1.0000 0.8478963 0.8479 0.9960065 0.9960 0.5780706 0.5781
 | 19.2486 69.6165 34.2830 0.8117147 C=C1C(O)C(O)C(=NO)CN1C=CC=CC(O)=C1C(=O)NC2CCCCC12 1 C=C1CCC(=N)CN1C=CC=CC=C1C(=O)NC2CCCCC12 1.0000000 1.0000 0.6154877 0.6155 0.5718139 0.5718 0.8777107 0.8777
 | 23.5002 73.6993 38.7904 0.8788260 CC(=O)ONC(C)=c1[nH]c(=O)c(=C(O)C=CC=CN2CC(CN)OCC2=O)o1 1 C=c1[nH]c(=O)c(=CC=CC=CN2CCOCC2=O)o1 1.0000000 1.0000 0.8284282 0.8284 0.9495562 0.9496 0.7592955 0.7593
 | 11.2191 57.2377 47.7473 0.8201953 COC=C1C(=O)NC(=O)C1=C(O)C=CC=CN1CCOCC1 1 C=C1C(=O)NC(=O)C1=CC=CC=CN1CCOCC1 1.0000000 1.0000 0.7256534 0.7257 0.6571291 0.6571 0.7626142 0.7626
02:38:18 <INFO> Score: 0.72 Agent NLL: 16.62 Valid: 100% Step: 131
 | Agent Prior Target Score SMILES SMILES_state Scaffold DASA DASA (raw) Solubility Solubility (raw) xTB_Gap xTB_Gap (raw) WaterSwitch WaterSwitch (raw)
 | 20.4798 70.7280 42.8495 0.8873244 O=C1NC(=O)C(O)(CO)C(O)NC(=O)C1=C(O)C=CC=CN1CCSCC1 1 O=C1CCNC(=O)C(=CC=CC=CN2CCSCC2)C(=O)N1 1.0000000 1.0000 0.8447502 0.8448 0.8507592 0.8508 0.8054794 0.8055
 | 9.8775 56.3798 50.0930 0.8318188 C=c1[nH]c(=O)[nH]c(=O)c1=C(O)C=CC=CN1CCC1=O 1 C=c1[nH]c(=O)[nH]c(=O)c1=CC=CC=CN1CCC1=O 1.0000000 1.0000 0.8466555 0.8467 0.4271644 0.4272 0.8372280 0.8372
 | 13.6125 65.7093 25.3174 0.7111458 Cn1c(=CC=CN2CCCC2)[nH]c(=O)c1=C(O)C=CC=CN1CC(O)C1 1 O=c1[nH]c(=CC=CN2CCCC2)[nH]c1=CC=CC=CN1CCC1 1.0000000 1.0000 0.7509869 0.7510 0.2576141 0.2576 0.6524130 0.6524
 | 19.7534 56.0860 36.1479 0.7205771 C=c1[nH]n(C)c(=O)c1=C(O)C=CC=CN1CC(Br)C1=O 1 C=c1[nH][nH]c(=O)c1=CC=CC=CN1CCC1=O 1.0000000 1.0000 0.7480852 0.7481 0.7509414 0.7509 0.4579900 0.4580
 | 16.4963 63.6562 56.4830 0.9385880 O=C1CC(=O)NC(O)C(=C(O)C=CC=CN2CC(O)C2)C(=O)N1 1 O=C1CC(=O)NC(=O)C(=CC=CC=CN2CCC2)CN1 1.0000000 1.0000 0.8614626 0.8615 0.8579094 0.8579 0.9563906 0.9564
 | 15.6968 59.2989 46.8499 0.8292877 O=C1C=CCN(C=CC=CC(O)=C2C(=O)NC3OC(=O)CC23)C1 1 O=C1C=CCN(C=CC=CC=C2C(=O)NC3OC(=O)CC23)C1 1.0000000 1.0000 0.7165391 0.7165 0.5901372 0.5901 0.8319415 0.8319
 | 10.6787 64.1753 10.2372 0.5813476 C=C1CCN1C=CC=CC(O)=C1C=C(N2CC2)C(=O)NC1=O 1 C=C1CCN1C=CC=CC=C1C=C(N2CC2)C(=O)NC1=O 1.0000000 1.0000 0.6785143 0.6785 0.0669061 0.0669 0.5912245 0.5912
 | 24.2578 65.4265 33.3681 0.7718327 NC1CCN(C=CC=CC(O)=C2NCCC(=C(F)C(F)(F)F)NC2=O)C1 1 C=C1CCNC(=CC=CC=CN2CCCC2)C(=O)N1 1.0000000 1.0000 0.5254295 0.5254 0.6920510 0.6921 0.7761632 0.7762
 | 19.8024 62.5713 33.6974 0.7520998 O=C1NC(=O)C2CN(CCF)CCN2C1=C(O)C=CC=CN1C=CCC1 1 O=C1NC(=O)C2CNCCN2C1=CC=CC=CN1C=CCC1 1.0000000 1.0000 0.6690123 0.6690 0.7950785 0.7951 0.5632489 0.5632
 | 14.8722 62.8132 39.6654 0.8006142 CC(N)=c1[nH]c(=O)c(=C(O)C=CC=CN2CCC(C)CC2)n1C 1 C=c1[nH]c(=O)c(=CC=CC=CN2CCCCC2)[nH]1 1.0000000 1.0000 0.7019874 0.7020 0.9551895 0.9552 0.6262864 0.6263
02:38:19 <INFO> Sampled SMILES O=C1C(=C([N-]C)=CN(C)C)C(=O)NC1=O failed to sanitize.
02:38:32 <INFO> Score: 0.59 Agent NLL: 15.35 Valid:  98% Step: 132
 | Agent Prior Target Score SMILES SMILES_state Scaffold DASA DASA (raw) Solubility Solubility (raw) xTB_Gap xTB_Gap (raw) WaterSwitch WaterSwitch (raw)
 | 18.8475 69.4190 34.3591 0.8107670 O=C1ON(C=CC=CC(O)=C2C(=O)C(O)C2O)CC=C1CO 1 O=C1C=CCN(C=CC=CC=C2CCC2=O)O1 1.0000000 1.0000 0.8301082 0.8301 0.9820905 0.9821 0.5703171 0.5703
 | 11.5033 49.3233 44.8193 0.7354889 CC1=CC(=O)C1=C(O)C=CC=CN1CCOCC1C 1 O=C1C=CC1=CC=CC=CN1CCOCC1 1.0000000 1.0000 0.5492512 0.5493 0.7744489 0.7744 0.6116371 0.6116
 | 17.3337 63.8138 30.5128 0.7369260 CC1=NNC(=O)C(=C(O)C=CC=CN2C=CC=CCC2)C1(C)O 1 O=C1NN=CCC1=CC=CC=CN1C=CC=CCC1 1.0000000 1.0000 0.5438015 0.5438 0.8421267 0.8421 0.6011166 0.6011
 | 12.8998 64.7714 28.6161 0.7295897 C=c1[nH][nH]c(=O)c1=C(O)C=C(O)C=CN1CCN(C)C1 1 C=c1[nH][nH]c(=O)c1=CC=CC=CN1CCNC1 1.0000000 1.0000 0.8207025 0.8207 0.1391120 0.1391 0.8384736 0.8385
 | 11.9985 65.1792 33.9671 0.7745802 O=C1NC(CO)OC(=O)C1=C(O)C=CC=CN1CCNC1=CO 1 C=C1NCCN1C=CC=CC=C1C(=O)NCOC1=O 1.0000000 1.0000 0.8071889 0.8072 0.5885549 0.5886 0.6049195 0.6049
 | 15.7596 51.4351 46.3704 0.7641059 O=C1C(=C(O)C=CC=CNc2ccccc2)N1CCO 1 O=C1NC1=CC=CC=CNc1ccccc1 1.0000000 1.0000 0.5893012 0.5893 0.6398095 0.6398 0.7089592 0.7090
 | 13.1755 62.3176 41.9404 0.8145156 C=C1CCN1C=CC=CC(O)=C1C=C(C)N(CCO)C(=O)NC1=O 1 C=C1CCN1C=CC=CC=C1C=CNC(=O)NC1=O 1.0000000 1.0000 0.5960546 0.5961 0.9995780 0.9996 0.7377168 0.7377
 | 13.8478 57.3444 34.0698 0.7141732 CN1CCC(=C(O)C=CC=CN2CCC(N)C2)C(=O)NC1=O 1 O=C1NCCC(=CC=CC=CN2CCCC2)C(=O)N1 1.0000000 1.0000 0.7108133 0.7108 0.2023076 0.2023 0.7551195 0.7551
 | 17.7203 51.8523 25.4021 0.6035494 CCC1CCC(=C(O)C=CC=CN2C=CCC2)C1=O 1 O=C1CCCC1=CC=CC=CN1C=CCC1 1.0000000 1.0000 0.3185839 0.3186 0.9792585 0.9793 0.4324156 0.4324
 | 19.2220 62.4104 51.4782 0.8897548 O=C1CN(C2C(=O)C2=C(O)C=CC=CN2CCC(O)C2)CN1 1 O=C1CN(C2C(=O)C2=CC=CC=CN2CCCC2)CN1 1.0000000 1.0000 0.8078675 0.8079 0.7295375 0.7295 0.8905113 0.8905
02:38:46 <INFO> Score: 0.74 Agent NLL: 16.88 Valid: 100% Step: 133
 | Agent Prior Target Score SMILES SMILES_state Scaffold DASA DASA (raw) Solubility Solubility (raw) xTB_Gap xTB_Gap (raw) WaterSwitch WaterSwitch (raw)
 | 11.2221 55.0845 47.4791 0.8012784 CC=C1CCN1C=CC=CC(O)=C1C(=O)NC(=O)NC1=O 1 C=C1CCN1C=CC=CC=C1C(=O)NC(=O)NC1=O 1.0000000 1.0000 0.6880990 0.6881 0.6369881 0.6370 0.7421330 0.7421
 | 24.3287 58.6300 58.0368 0.9114588 CNC=CC=CC(O)=C1NN(CC(=O)NC2CCCCNC2=O)NC1=O 1 C=C1NN(CC(=O)NC2CCCCNC2=O)NC1=O 1.0000000 1.0000 0.8224644 0.8225 0.8914458 0.8914 0.8840749 0.8841
 | 14.0375 44.9382 41.8202 0.6777999 O=C1NCCC1=C(O)C=C(O)C=CN1CCCCC1 1 O=C1NCCC1=CC=CC=CN1CCCCC1 1.0000000 1.0000 0.5993379 0.5993 0.1420326 0.1420 0.8214255 0.8214
 | 23.4313 72.6695 21.6083 0.7365452 CCN1C(=NN)OC(=C(O)C=CC=CN2CCC=C2O)C(=O)N1C 1 N=C1NNC(=O)C(=CC=CC=CN2C=CCC2)O1 1.0000000 1.0000 0.6584785 0.6585 0.9879950 0.9880 0.4896195 0.4896
 | 24.2706 64.5552 47.3097 0.8739444 CC(=O)OC1C(=O)CNC(=C(O)C=CC=CN2CCC(C(=O)O)C2)C1=O 1 O=C1CNC(=CC=CC=CN2CCCC2)C(=O)C1 1.0000000 1.0000 0.7328366 0.7328 0.9440017 0.9440 0.8187242 0.8187
 | 16.3739 45.9239 -45.9239 0.0000000 CC(=O)N1C(=O)C(=C(O)C=CC=CN(C)C)C1=O 1 C=C1C(=O)NC1=O 1.0000000 1.0000 0.7589774 0.7590 0.8598846 0.8599 0.3332822 0.3333
 | 11.9132 49.6984 59.3232 0.8517309 CC1=CC(=C(O)C=CC=CN2CCC(N)C2)C(=O)NC1=O 1 O=C1C=CC(=CC=CC=CN2CCCC2)C(=O)N1 1.0000000 1.0000 0.7198030 0.7198 0.8941545 0.8942 0.7763913 0.7764
 | 13.3523 63.8021 36.2068 0.7813188 NC1CCN(C=CC=CC(O)=C2C(=O)NC(N)C(N)NC2=O)C1 1 O=C1NCCNC(=O)C1=CC=CC=CN1CCCC1 1.0000000 1.0000 0.8758998 0.8759 0.6462795 0.6463 0.5656490 0.5656
 | 18.1209 63.2399 48.2137 0.8707311 COC1ON(C=CC=CC(O)=C2NCCC(=O)NC2=O)CC1O 1 O=C1CCNC(=CC=CC=CN2CCCO2)C(=O)N1 1.0000000 1.0000 0.8109263 0.8109 0.9823390 0.9823 0.7383710 0.7384
 | 19.0936 63.6709 35.0478 0.7712402 N=C1OC(=O)NC(=O)C1=C(O)C=CC=CN1OCCC1O 1 N=C1OC(=O)NC(=O)C1=CC=CC=CN1CCCO1 1.0000000 1.0000 0.7520755 0.7521 0.9429518 0.9430 0.5267875 0.5268
02:39:00 <INFO> Score: 0.70 Agent NLL: 15.33 Valid: 100% Step: 134
 | Agent Prior Target Score SMILES SMILES_state Scaffold DASA DASA (raw) Solubility Solubility (raw) xTB_Gap xTB_Gap (raw) WaterSwitch WaterSwitch (raw)
 | 18.6418 66.6116 47.3049 0.8899732 O=C1COC(=O)C(=C(O)C=CC=CN2CCCOCC2CO)C(=O)N1 1 O=C1COC(=O)C(=CC=CC=CN2CCCOCC2)C(=O)N1 1.0000000 1.0000 0.7881558 0.7882 0.9947347 0.9947 0.8082540 0.8083
 | 8.2882 52.5005 -52.5005 0.0000000 CC1=CCCN1C=CC=CC(O)=C1C(=O)NCOC1=O 1 O=C1NCOC(=O)C1=CC=CC=CN1C=CCC1 1.0000000 1.0000 0.6700152 0.6700 0.9637168 0.9637 0.7585582 0.7586
 | 16.4735 68.6703 10.9917 0.6223599 C=C1NC(N)NC(=O)C1=C(O)C=CC=CN1CCOC(CN)C1 1 C=C1NCNC(=O)C1=CC=CC=CN1CCOCC1 1.0000000 1.0000 0.8155182 0.8155 0.2756034 0.2756 0.3812488 0.3812
 | 18.7120 27.9306 -27.9301 0.0000037 CC=C1C(=O)OC(=C(C)SC)C1=O 1 C=C1OC(=O)C(=C)C1=O 0.0000000 0.0000 0.6445378 0.6445 0.3185157 0.3185 0.0000000 0.0000
 | 8.2395 37.2094 44.1448 0.6355803 CN(C)C=CC=CC(O)=C1OC(C)(C)C(=O)C1=O 1 C=C1OCC(=O)C1=O 1.0000000 1.0000 0.6622206 0.6622 0.1617968 0.1618 0.5842308 0.5842
 | 10.2070 51.1532 57.3270 0.8475017 O=C1C(=C(O)C=CC=CN2CCOCC2)C(O)C(O)C1CO 1 O=C1CCCC1=CC=CC=CN1CCOCC1 1.0000000 1.0000 0.8144664 0.8145 0.8102246 0.8102 0.7220919 0.7221
 | 14.4354 61.3453 36.1036 0.7613192 CCC1NC(=O)C(=C(O)C=CC=CN2CCC=C2CO)N1 1 O=C1NCNC1=CC=CC=CN1C=CCC1 1.0000000 1.0000 0.6995790 0.6996 0.9364714 0.9365 0.5337648 0.5338
 | 17.7685 71.1559 31.7837 0.8042151 C=c1c(=C(O)C=CC=CN2CC(=NO)C2)c(=O)[nH]n1CCOC(C)=O 1 C=c1[nH][nH]c(=O)c1=CC=CC=CN1CC(=N)C1 1.0000000 1.0000 0.7967469 0.7967 0.4761615 0.4762 0.7507290 0.7507
 | 13.0200 50.8605 18.3358 0.5405957 O=C1OC(=C(O)C=CC=CN2CCC(O)CC2)C1=O 1 O=C1OC(=CC=CC=CN2CCCCC2)C1=O 1.0000000 1.0000 0.7441243 0.7441 0.0259998 0.0260 0.6153143 0.6153
 | 15.1143 63.4558 49.8204 0.8849705 CN(C)C=CC=c1o[nH]c(=O)c1=C(O)C=CC=CN1CC(O)C(O)C1 1 C=c1o[nH]c(=O)c1=CC=CC=CN1CCCC1 1.0000000 1.0000 0.8166297 0.8166 0.7341286 0.7341 0.8653688 0.8654
02:39:15 <INFO> Score: 0.71 Agent NLL: 15.20 Valid: 100% Step: 135
 | Agent Prior Target Score SMILES SMILES_state Scaffold DASA DASA (raw) Solubility Solubility (raw) xTB_Gap xTB_Gap (raw) WaterSwitch WaterSwitch (raw)
 | 18.2321 55.2549 28.2011 0.6519997 CN(C)C=CC=CC(O)=C1C(=O)NC(O)NC(N)C1O 1 C=C1CCNCNC1=O 1.0000000 1.0000 0.8764408 0.8764 0.0385308 0.0385 0.8838224 0.8838
 | 13.4446 56.2375 38.5716 0.7406961 C=c1cc[nH]c(=O)c1=C(O)C=CC=CN1CCC=C(C)C1 1 C=c1cc[nH]c(=O)c1=CC=CC=CN1CC=CCC1 1.0000000 1.0000 0.6326191 0.6326 0.6164760 0.6165 0.6137053 0.6137
 | 22.7711 69.2209 26.4334 0.7472994 O=C1OCC(=C(O)C=CC=CN2CCC(CO)C2)C(=O)NC(CO)O1 1 O=C1OCNC(=O)C(=CC=CC=CN2CCCC2)CO1 1.0000000 1.0000 0.7489691 0.7490 0.3831080 0.3831 0.6659645 0.6660
 | 9.8003 50.8198 52.0165 0.8034083 CC1=CCCN1C=CC=CC(O)=C1C(=O)CCC1O 1 O=C1CCCC1=CC=CC=CN1C=CCC1 1.0000000 1.0000 0.5361615 0.5362 0.9287194 0.9287 0.7838476 0.7838
 | 19.3935 85.3421 31.6389 0.9139136 C=C1NC(=O)C(=C(O)C=CC=CN2CCC(=O)N2)C(=C2CNC(=O)C2=O)O1 1 C=C1NC(=O)C(=CC=CC=CN2CCC(=O)N2)C(=C2CNC(=O)C2=O)O1 1.0000000 1.0000 0.7672814 0.7673 0.9537526 0.9538 0.9163270 0.9163
 | 18.2268 64.5494 37.9773 0.8009897 O=C1NC(CC=CO)NC1=C(O)C=CC=CN1CCOCC1 1 O=C1NCNC1=CC=CC=CN1CCOCC1 1.0000000 1.0000 0.7074395 0.7074 0.7822678 0.7823 0.6721491 0.6721
 | 25.2397 72.5806 47.4210 0.9375122 C=C1CN(C=CC=CC(O)=C2C(=O)NC(NC3OC(CO)C(O)C(O)C3N)COC2=O)CC(O)C1O 1 C=C1CCCN(C=CC=CC=C2C(=O)NC(NC3CCCCO3)COC2=O)C1 1.0000000 1.0000 0.8903900 0.8904 0.7806888 0.7807 0.9628480 0.9628
 | 13.3375 53.7365 55.1273 0.8504985 CCOC=c1c(=O)c1=C(O)C=CC=CN(C)C 1 C=c1c(=C)c1=O 1.0000000 1.0000 0.7946843 0.7947 0.8916158 0.8916 0.7181011 0.7181
 | 28.7940 80.1792 31.0341 0.8688544 CN1CN(C=c2[nH]c(=O)c(=C(O)C=CC=CN3CCC(N)CO3)c(=O)[nH]c2=O)CC1=O 1 O=C1CN(C=c2[nH]c(=O)c(=CC=CC=CN3CCCCO3)c(=O)[nH]c2=O)CN1 1.0000000 1.0000 0.8711324 0.8711 0.9727949 0.9728 0.6972285 0.6972
 | 13.1635 60.0643 42.3709 0.8002753 C=C1N=CCNC(=O)C1=C(O)C=CC=CN1CCC(=O)N1O 1 C=C1N=CCNC(=O)C1=CC=CC=CN1CCC(=O)N1 1.0000000 1.0000 0.7168075 0.7168 0.9961474 0.9961 0.6060518 0.6061
02:39:29 <INFO> Score: 0.65 Agent NLL: 15.56 Valid: 100% Step: 136
 | Agent Prior Target Score SMILES SMILES_state Scaffold DASA DASA (raw) Solubility Solubility (raw) xTB_Gap xTB_Gap (raw) WaterSwitch WaterSwitch (raw)
 | 24.3730 80.1265 23.3241 0.8082073 CN1C(=O)C(=NC=C2NC(=O)C(=C(O)C=CC=CN3CC=CC(=O)O3)C2=O)CC1O 1 O=C1C=CCN(C=CC=CC=C2C(=O)NC(=CN=C3CCNC3=O)C2=O)O1 1.0000000 1.0000 0.7329452 0.7329 0.7222858 0.7223 0.6951362 0.6951
 | 9.3545 52.3564 70.5547 0.9602431 NC1=NCCN1C=CC=CC(O)=C1C(=O)NOC1=O 1 O=C1NOC(=O)C1=CC=CC=CN1C=NCC1 1.0000000 1.0000 0.8355394 0.8355 0.9993912 0.9994 0.9980689 0.9981
 | 11.3322 51.3293 67.5864 0.9290288 C=C1OC(=O)C(=C(O)C=CC=CN2CCN=C2N)C1=O 1 C=C1OC(=O)C(=CC=CC=CN2C=NCC2)C1=O 1.0000000 1.0000 0.7594867 0.7595 0.9812413 0.9812 0.9655890 0.9656
 | 14.8455 50.0278 56.7072 0.8338672 CC1CN(C=CC=CC(O)=C2C(=O)NC(=O)NC2C)CCN1 1 O=C1NCC(=CC=CC=CN2CCNCC2)C(=O)N1 1.0000000 1.0000 0.7180990 0.7181 0.6841599 0.6842 0.8005338 0.8005
 | 12.6181 39.6275 47.4537 0.6803215 O=C1NC(=O)C(=C(O)C=CC=CN2CCCCC2)C1=O 1 O=C1NC(=O)C(=CC=CC=CN2CCCCC2)C1=O 1.0000000 1.0000 0.7219304 0.7219 0.6066154 0.6066 0.4197073 0.4197
 | 15.5442 63.4370 54.5589 0.9218428 O=C1NC(O)C(O)C(O)C1=C(O)C=CC=CN1CCN1 1 O=C1NCCCC1=CC=CC=CN1CCN1 1.0000000 1.0000 0.8858028 0.8858 0.6676478 0.6676 0.9682976 0.9683
 | 17.1886 53.1757 -53.1757 0.0000000 C=C(C)N(C)C=CC=CC(O)=C1C(=O)C1NC(C)=O 1 C=C1CC1=O 1.0000000 1.0000 0.6590591 0.6591 0.9266090 0.9266 0.5574425 0.5574
 | 16.0737 64.7117 12.7591 0.6052405 C=C1NC(=O)C(=C(O)C=CC=CN2CCNCC2)C1=C1CC(=O)NC(=O)C1=O 1 C=C1NC(=O)C(=CC=CC=CN2CCNCC2)C1=C1CC(=O)NC(=O)C1=O 1.0000000 1.0000 0.7484235 0.7484 0.0359477 0.0359 0.7943641 0.7944
 | 17.8748 59.6622 24.5551 0.6579476 O=C1NC(CCCl)C(=O)CC1=C(O)C=CC=CN1CC(O)C1 1 O=C1CNC(=O)C(=CC=CC=CN2CCC2)C1 1.0000000 1.0000 0.6970439 0.6970 0.5589402 0.5589 0.3969068 0.3969
 | 19.1383 63.8237 35.7298 0.7777611 O=C1CC(=O)NC(=O)C(=C(O)C=CC=CN2CCC(C(=O)O)CC2)C(=O)N1 1 O=C1CC(=O)NC(=O)C(=CC=CC=CN2CCCCC2)C(=O)N1 1.0000000 1.0000 0.7583595 0.7584 0.6167142 0.6167 0.6315653 0.6316
02:39:49 <INFO> Score: 0.69 Agent NLL: 16.92 Valid: 100% Step: 137
 | Agent Prior Target Score SMILES SMILES_state Scaffold DASA DASA (raw) Solubility Solubility (raw) xTB_Gap xTB_Gap (raw) WaterSwitch WaterSwitch (raw)
 | 11.8204 50.8594 33.6730 0.6604098 C=C1CCCN1C=CC=CC(O)=C1C(=O)C=C1C 1 C=C1CCCN1C=CC=CC=C1C=CC1=O 1.0000000 1.0000 0.4069033 0.4069 0.9262787 0.9263 0.4979939 0.4980
 | 11.7485 53.2252 57.3169 0.8636108 O=C1CCN(C=CC=CC(O)=C2C(=O)C=CNC2=O)C(=O)N1 1 O=C1CCN(C=CC=CC=C2C(=O)C=CNC2=O)C(=O)N1 1.0000000 1.0000 0.7503199 0.7503 0.7693778 0.7694 0.8343268 0.8343
 | 23.2472 47.3034 -47.3030 0.0000038 CCN(CC)C(C)=CC=CC(C)=CC(=O)OCC(=O)Nc1cccc(S(N)(=O)=O)c1 1 c1ccccc1 0.0000000 0.0000 0.3982484 0.3982 0.9709630 0.9710 0.0000000 0.0000
 | 12.8143 56.4670 41.9625 0.7689805 O=C1NOCNC1=C(O)C=CC=CN1CCCNC1 1 O=C1NOCNC1=CC=CC=CN1CCCNC1 1.0000000 1.0000 0.7975880 0.7976 0.5722444 0.5722 0.6019178 0.6019
 | 19.0651 59.2035 30.2158 0.6985883 CN1NC(=O)C(=C(O)C=CC=CN2CCCC2)N2C(CO)CCC12 1 O=C1NNC2CCCN2C1=CC=CC=CN1CCCC1 1.0000000 1.0000 0.6793323 0.6793 0.5220000 0.5220 0.5082281 0.5082
 | 25.8914 79.0840 20.7137 0.7796696 CC1=C(NO)C(=C(O)C=CC=CN2CCC(=NO)N(C)C2)C(=O)NC1CO 1 N=C1CCN(C=CC=CC=C2C=CCNC2=O)CN1 1.0000000 1.0000 0.7152176 0.7152 0.4066329 0.4066 0.7778908 0.7779
 | 17.9759 48.1322 57.9013 0.8283864 CSN1C(=O)C(=C(O)C=CC=CN2CCOCC2)C1=O 1 O=C1NC(=O)C1=CC=CC=CN1CCOCC1 1.0000000 1.0000 0.6902727 0.6903 0.9385634 0.9386 0.7163032 0.7163
 | 12.5722 56.1342 42.2211 0.7684005 CC1=CCCN1C=CC=CC(O)=C1C(=O)NC(C)(O)C1=O 1 O=C1CNC(=O)C1=CC=CC=CN1C=CCC1 1.0000000 1.0000 0.6832604 0.6833 0.4272234 0.4272 0.7523553 0.7524
 | 15.8220 65.4695 44.7175 0.8608363 C=C1NCNC(=O)C1=C(O)C=CC=CN1CCN(CCO)CC1N 1 C=C1NCNC(=O)C1=CC=CC=CN1CCNCC1 1.0000000 1.0000 0.8166050 0.8166 0.7745140 0.7745 0.7726129 0.7726
 | 13.5966 52.3123 50.8479 0.8059388 CC1C(=O)CCN1C=CC=CC(O)=C1C(=O)NC1=O 1 O=C1CCN(C=CC=CC=C2C(=O)NC2=O)C1 1.0000000 1.0000 0.7638595 0.7639 0.6945915 0.6946 0.6774245 0.6774
02:40:05 <INFO> Score: 0.67 Agent NLL: 15.61 Valid: 100% Step: 138
 | Agent Prior Target Score SMILES SMILES_state Scaffold DASA DASA (raw) Solubility Solubility (raw) xTB_Gap xTB_Gap (raw) WaterSwitch WaterSwitch (raw)
 | 13.3158 62.6088 29.2821 0.7178981 CC1=CCCN1C=CC=CC(O)=C1C(=O)NC(O)CCC1(C)O 1 O=C1NCCCCC1=CC=CC=CN1C=CCC1 1.0000000 1.0000 0.5982301 0.5982 0.3804929 0.3805 0.6901300 0.6901
 | 13.2089 63.8113 49.0000 0.8813381 Cn1c(=C(N)C=O)[nH]c(=O)c1=C(O)C=CC=CN1CCC(O)C1 1 C=c1[nH]c(=O)c(=CC=CC=CN2CCCC2)[nH]1 1.0000000 1.0000 0.8672867 0.8673 0.5967699 0.5968 0.8816709 0.8817
 | 12.4344 53.7941 55.4939 0.8538121 O=C1NC=CC=CC1=C(O)C=CC=CN1CC=CC1=O 1 O=C1NC=CC=CC1=CC=CC=CN1CC=CC1=O 1.0000000 1.0000 0.6331309 0.6331 0.9945514 0.9946 0.8281661 0.8282
 | 9.6354 57.3042 59.4444 0.9120982 C=c1[nH][nH]c(=O)c1=C(O)C=CC=CN1CC=CC1=O 1 C=c1[nH][nH]c(=O)c1=CC=CC=CN1CC=CC1=O 1.0000000 1.0000 0.8118668 0.8119 0.8324879 0.8325 0.9180895 0.9181
 | 10.4211 48.6250 -48.6250 0.0000000 CN(C=CC=CC(O)=C1CC1=O)CCO 1 C=C1CC1=O 1.0000000 1.0000 0.7620434 0.7620 0.4944906 0.4945 0.8520257 0.8520
 | 17.9800 67.5785 23.7547 0.7135410 NCC(O)C1NC(=O)C(=C(O)C=CC=CN2CCCC(N)C2)NC1=O 1 O=C1CNC(=O)C(=CC=CC=CN2CCCCC2)N1 1.0000000 1.0000 0.8505750 0.8506 0.3246658 0.3247 0.5510813 0.5511
 | 13.4053 55.6270 53.7622 0.8546030 CCN1NC(=O)C(=C(O)C=CC=CN2CCNC(=O)C2)N=C1C 1 O=C1CN(C=CC=CC=C2N=CNNC2=O)CCN1 1.0000000 1.0000 0.7451677 0.7452 0.8300625 0.8301 0.7867700 0.7868
 | 11.1978 48.3662 42.7104 0.7115364 CC1=CC(=C(O)C=C(O)C=CN2CCOCC2)C(=O)N1 1 O=C1NC=CC1=CC=CC=CN1CCOCC1 1.0000000 1.0000 0.6673528 0.6674 0.4456812 0.4457 0.5814529 0.5815
 | 12.5230 52.9802 29.6843 0.6458169 C=c1on(C)c(=O)c1=C(O)C=CC=CN1CC(O)C1 1 C=c1o[nH]c(=O)c1=CC=CC=CN1CCC1 1.0000000 1.0000 0.8352215 0.8352 0.6891275 0.6891 0.3008886 0.3009
 | 19.2997 48.9910 45.7744 0.7403546 COCCN(C)C=CC=CC(O)=C1C(=O)NC(=O)NC12C(=O)N(C)C(=O)N(C)C2=O 1 C=C1C(=O)NC(=O)NC12C(=O)NC(=O)NC2=O 1.0000000 1.0000 0.7631834 0.7632 0.9342789 0.9343 0.4554691 0.4555
02:40:05 <INFO> Sampled SMILES N1C(=O)C(=C(O)C=CC=CN2CC=CC(=O)O2)Brn2c(=O)ccc(=O)n12 failed to sanitize.
02:40:20 <INFO> Score: 0.71 Agent NLL: 16.74 Valid:  98% Step: 139
 | Agent Prior Target Score SMILES SMILES_state Scaffold DASA DASA (raw) Solubility Solubility (raw) xTB_Gap xTB_Gap (raw) WaterSwitch WaterSwitch (raw)
 | 14.0120 40.5082 70.3105 0.8657713 CN(O)C=CC=CC(O)=C1OC=CC1=O 1 C=C1OC=CC1=O 1.0000000 1.0000 0.6992027 0.6992 0.9973654 0.9974 0.8048465 0.8048
 | 14.1553 58.2818 27.7950 0.6724746 C=C1CCN(C=CC=CC(O)=C2CC(=CCl)NC2=O)C1 1 C=C1CCN(C=CC=CC=C2CC(=C)NC2=O)C1 1.0000000 1.0000 0.4275302 0.4275 0.7233088 0.7233 0.5596733 0.5597
 | 11.8272 52.8676 49.3485 0.7985632 CN1CC(O)C(=C(O)C=CC=CN2CCCN2)C1=O 1 O=C1NCCC1=CC=CC=CN1CCCN1 1.0000000 1.0000 0.7826206 0.7826 0.8695990 0.8696 0.5927693 0.5928
 | 11.1161 49.1588 65.4329 0.8952474 O=C1NC(=O)C(=C(O)C=CC=CN2CC=CC2=O)C(=O)O1 1 O=C1NC(=O)C(=CC=CC=CN2CC=CC2=O)C(=O)O1 1.0000000 1.0000 0.7559569 0.7560 0.7247034 0.7247 0.9580209 0.9580
 | 13.4239 46.4559 38.0891 0.6605081 CN(C)C=CC=CC(O)=c1c(=O)[nH]c(=O)n2c1=NC(=O)CC2 1 C=c1c(=O)[nH]c(=O)n2c1=NC(=O)CC2 1.0000000 1.0000 0.8367312 0.8367 0.0571942 0.0572 0.8244082 0.8244
 | 27.8707 78.3249 -78.3249 0.0000000 N1C(=O)C(=C(O)C=CC=CN2CC=CC(=O)O2)Brn2c(=O)ccc(=O)n12 0 -- 0.0000000 0.0000 0.0000000 0.0000 0.0000000 0.0000 0.0000000 0.0000
 | 13.8540 59.0076 48.2649 0.8380666 CC1NC(=O)CN(C=CC=CC(O)=C2C(=O)NC2=O)C1O 1 O=C1CN(C=CC=CC=C2C(=O)NC2=O)CCN1 1.0000000 1.0000 0.8438706 0.8439 0.2951655 0.2952 0.9887434 0.9887
 | 19.7502 63.6941 51.8291 0.9025245 C=C1CC(O)CN1C=CC=CC(O)=c1c(=O)[nH]oc1=COC(N)=O 1 C=C1CCCN1C=CC=CC=c1c(=O)[nH]oc1=C 1.0000000 1.0000 0.7855819 0.7856 0.9949582 0.9950 0.8493833 0.8494
 | 19.4517 66.7550 38.8519 0.8250542 CC1OC(CO)=CCN1C=CC=CC(O)=C1C(=O)NC1=O 1 O=C1NC(=O)C1=CC=CC=CN1CC=COC1 1.0000000 1.0000 0.7599824 0.7600 0.4007647 0.4008 0.9045699 0.9046
 | 21.1621 67.1501 34.7851 0.7963685 NCCCC(CO)N1NC(=O)C(=C(O)C=CC=CN2CCC(N)C2)N1 1 O=C1NNNC1=CC=CC=CN1CCCC1 1.0000000 1.0000 0.8329026 0.8329 0.9781672 0.9782 0.5363019 0.5363
02:40:38 <INFO> Score: 0.71 Agent NLL: 16.61 Valid: 100% Step: 140
 | Agent Prior Target Score SMILES SMILES_state Scaffold DASA DASA (raw) Solubility Solubility (raw) xTB_Gap xTB_Gap (raw) WaterSwitch WaterSwitch (raw)
 | 28.4589 70.9074 32.7134 0.8095376 CC(C)C1OC(=O)C(=O)N1C=CC=CC(O)=C1C(=O)CC=C(O)C1=O 1 O=C1C=CCC(=O)C1=CC=CC=CN1COC(=O)C1=O 1.0000000 1.0000 0.6140460 0.6140 0.9525076 0.9525 0.7195708 0.7196
 | 9.4996 48.9331 -48.9331 0.0000000 O=C1CC(O)C(=C(O)C=CC=CN2CCC2)C1=O 1 O=C1CCC(=CC=CC=CN2CCC2)C1=O 1.0000000 1.0000 0.7487330 0.7487 0.8318813 0.8319 0.3243213 0.3243
 | 22.6921 71.9241 44.2740 0.9077971 CC(O)C=c1[nH]c(=O)c(=C(O)C=CC=CN2CCCNC(=O)C2O)c(=O)[nH]1 1 C=c1[nH]c(=O)c(=CC=CC=CN2CCCNC(=O)C2)c(=O)[nH]1 1.0000000 1.0000 0.8722703 0.8723 0.9960744 0.9961 0.8005058 0.8005
 | 21.7396 57.9240 56.2431 0.8919309 O=C1NC=CC(O)C(=O)C1=C(O)C=CC=CN1CCCC(O)CC1 1 O=C1CC=CNC(=O)C1=CC=CC=CN1CCCCCC1 1.0000000 1.0000 0.7073071 0.7073 0.9955904 0.9956 0.8828392 0.8828
 | 19.5031 63.2430 43.3812 0.8330020 C=c1[nH]c(=O)c(=C(O)C=CC=CN2CCC(C)C2=CCl)c(=O)[nH]c1=O 1 C=C1CCCN1C=CC=CC=c1c(=O)[nH]c(=C)c(=O)[nH]c1=O 1.0000000 1.0000 0.6873204 0.6873 0.9628636 0.9629 0.7252275 0.7252
 | 10.8475 54.9895 46.1546 0.7901885 CC1=COC(=C(O)C=CC=CN2CCC(N)C2)C(=O)N1 1 O=C1NC=COC1=CC=CC=CN1CCCC1 1.0000000 1.0000 0.6942257 0.6942 0.9639724 0.9640 0.6021316 0.6021
 | 12.9549 61.5861 24.2300 0.6704381 CC1NC(=O)CN(C=CC=CC(O)=C2C(=O)N(C)NC2O)O1 1 O=C1CN(C=CC=CC=C2CNNC2=O)OCN1 1.0000000 1.0000 0.8234478 0.8234 0.2080916 0.2081 0.5406150 0.5406
 | 16.3880 52.5925 56.1622 0.8496464 CC1CCCN(C=CC=CC(O)=C2C(=O)NC(O)OC2=O)C1 1 O=C1NCOC(=O)C1=CC=CC=CN1CCCCC1 1.0000000 1.0000 0.7026028 0.7026 0.9999824 1.0000 0.7518816 0.7519
 | 12.6240 53.1886 53.8837 0.8365021 O=C1CC(O)C(=C(O)C=CC=CN2CC(O)C(O)C2CO)C1=O 1 O=C1CCC(=CC=CC=CN2CCCC2)C1=O 1.0000000 1.0000 0.8585589 0.8586 0.4714705 0.4715 0.8136793 0.8137
 | 12.9537 67.9956 49.3953 0.9171166 NC1=CC(=C(O)C=CC=CN2CCC(=NO)C2)C(=O)NC1N 1 N=C1CCN(C=CC=CC=C2C=CCNC2=O)C1 1.0000000 1.0000 0.7758020 0.7758 0.8192511 0.8193 0.9735055 0.9735
02:40:52 <INFO> Score: 0.68 Agent NLL: 14.77 Valid:  98% Step: 141
 | Agent Prior Target Score SMILES SMILES_state Scaffold DASA DASA (raw) Solubility Solubility (raw) xTB_Gap xTB_Gap (raw) WaterSwitch WaterSwitch (raw)
 | 10.9825 43.4070 63.0182 0.8314468 O=C1CN(C=CC=CC(O)=C2CCCC2=O)CCN1 1 O=C1CN(C=CC=CC=C2CCCC2=O)CCN1 1.0000000 1.0000 0.6856504 0.6857 0.5808695 0.5809 0.8726394 0.8726
 | 15.9210 53.7679 41.3819 0.7433575 CC1=CC(=O)C(=C(O)C=CC=CN2CC(C)(C)OC2=O)C(=O)N1 1 O=C1C=CNC(=O)C1=CC=CC=CN1CCOC1=O 1.0000000 1.0000 0.5687527 0.5688 0.5277671 0.5278 0.7131548 0.7132
 | 27.6184 87.2866 -72.0666 0.1189060 CC(=O)C1=NC(=C(O)C=CC=CN2CCN(CCO)C(=O)C2)C(=O)N[SH](C)N1 1 O=C1CN(C=CC=CC=C2N=CNSNC2=O)CCN1 1.0000000 1.0000 0.7657935 0.7658 0.0000001 0.0000 0.3425424 0.3425
 | 12.5268 50.6581 60.1799 0.8659216 C=C1CCC(=C(O)C=CC=CN2CC(O)C(O)C2)C1=O 1 C=C1CCC(=CC=CC=CN2CCCC2)C1=O 1.0000000 1.0000 0.6983202 0.6983 0.9828835 0.9829 0.8105149 0.8105
 | 26.5576 74.5255 15.1751 0.7007856 CCC(O)CC1C(NO)C(=C(O)C=CC=CN2CCC(=O)N2C)C(=O)N1C 1 O=C1CCN(C=CC=CC=C2CCNC2=O)N1 1.0000000 1.0000 0.7041629 0.7042 0.3053305 0.3053 0.6113729 0.6114
 | 11.7950 60.0794 55.0769 0.8996586 O=C1CCN(C=CC=CC(O)=C2C(=O)NC(=O)NC2n2ccnc2)N1 1 O=C1CCN(C=CC=CC=C2C(=O)NC(=O)NC2n2ccnc2)N1 1.0000000 1.0000 0.7280328 0.7280 0.8039154 0.8039 0.9637077 0.9637
 | 16.4506 63.5338 30.1347 0.7317855 C=c1cc[nH]c(=O)c1=C(O)C=CC=CN1CCC(=O)N1C(C)O 1 C=c1cc[nH]c(=O)c1=CC=CC=CN1CCC(=O)N1 1.0000000 1.0000 0.7799844 0.7800 0.5594183 0.5594 0.5221912 0.5222
 | 15.6926 59.4112 21.7732 0.6342533 CC1CN(C)CCN1C=CC=CC(O)=C1C(=O)NNC(C)(C)NC1=O 1 O=C1NCNNC(=O)C1=CC=CC=CN1CCNCC1 1.0000000 1.0000 0.7215997 0.7216 0.7784340 0.7784 0.3017910 0.3018
 | 11.5951 71.1974 46.4940 0.9194641 CCN1C(=O)CN(C=CC=CC(O)=C2C(=O)NNC(=O)COC2=O)C(=O)C1=O 1 O=C1COC(=O)C(=CC=CC=CN2CC(=O)NC(=O)C2=O)C(=O)NN1 1.0000000 1.0000 0.8452918 0.8453 0.9778098 0.9778 0.8616472 0.8616
 | 24.0691 71.3602 23.3850 0.7401965 CC12NC(=O)C(=C(O)C=CC=CN1CCCBr)C(=O)NC(=O)C2=O 1 O=C1NC(=O)C2=CC=CC=CNC(NC2=O)C1=O 1.0000000 1.0000 0.6836191 0.6836 0.3301832 0.3302 0.7301339 0.7301
02:41:07 <INFO> Score: 0.77 Agent NLL: 16.49 Valid: 100% Step: 142
 | Agent Prior Target Score SMILES SMILES_state Scaffold DASA DASA (raw) Solubility Solubility (raw) xTB_Gap xTB_Gap (raw) WaterSwitch WaterSwitch (raw)
 | 20.5820 68.6241 38.1447 0.8341310 O=C(CO)NC1NC(=O)C(=C(O)C=CC=CN2CCS(=O)(=O)C2)N1 1 O=C1NCNC1=CC=CC=CN1CCS(=O)(=O)C1 1.0000000 1.0000 0.8736824 0.8737 0.3877394 0.3877 0.8559491 0.8559
 | 11.0012 50.7587 48.0229 0.7717311 CC=c1o[nH]c(=O)c1=C(O)C=CC=CN1CCC(O)C1 1 C=c1o[nH]c(=O)c1=CC=CC=CN1CCCC1 1.0000000 1.0000 0.7803956 0.7804 0.3524274 0.3524 0.7426950 0.7427
 | 15.9361 50.7965 56.4193 0.8376236 O=C1CN(C=CC=CC(O)=C2C(=O)NC3CN2C(=O)N3)CCN1 1 O=C1CN(C=CC=CC=C2C(=O)NC3CN2C(=O)N3)CCN1 1.0000000 1.0000 0.8262920 0.8263 0.7115139 0.7115 0.7208935 0.7209
 | 12.3389 61.2658 33.4241 0.7397652 O=C1C=CCN(C=CC=CC(O)=C2C(=O)NC(O)OC2=O)N1 1 O=C1C=CCN(C=CC=CC=C2C(=O)NCOC2=O)N1 1.0000000 1.0000 0.8336963 0.8337 0.9536388 0.9536 0.4218587 0.4219
 | 13.9068 55.2975 43.7736 0.7739932 O=C1NN=CC1=C(O)C=CC=CN1CCC=C1O 1 O=C1NN=CC1=CC=CC=CN1C=CCC1 1.0000000 1.0000 0.6922181 0.6922 0.9952014 0.9952 0.5560181 0.5560
 | 17.1320 52.8023 22.0243 0.5845827 CN1CCN(C=CC=CC(O)=C2C(=O)Nc3c2c(O)c2c(O)c4ccccc4c(O)c2c3O)C1 1 O=C1Nc2cc3cc4ccccc4cc3cc2C1=CC=CC=CN1CCNC1 1.0000000 1.0000 0.2263257 0.2263 0.5231409 0.5231 0.6347064 0.6347
 | 15.8761 57.7608 46.2318 0.8124427 NC1CC(=O)C1=C(O)C=CC=CN1CC(O)C(O)C(O)C1 1 O=C1CCC1=CC=CC=CN1CCCCC1 1.0000000 1.0000 0.8474238 0.8474 0.6073095 0.6073 0.6771676 0.6772
 | 19.8131 61.0641 42.5634 0.8095901 CCN1C(=O)C(=C(O)C=CC=CN2CC=CC(=O)O2)C(=O)NC1(C)C 1 O=C1C=CCN(C=CC=CC=C2C(=O)NCNC2=O)O1 1.0000000 1.0000 0.6469697 0.6470 0.7567330 0.7567 0.7544467 0.7544
 | 19.3216 62.3623 26.8086 0.6966472 CCSC1=C(OC)C(=C(O)C=CC=CN2CCN(C)C(C)C2)C(=O)N1 1 O=C1NC=CC1=CC=CC=CN1CCNCC1 1.0000000 1.0000 0.4870543 0.4871 0.9873465 0.9873 0.5088144 0.5088
 | 14.9101 56.7042 57.8718 0.8951248 CCCN1CCCN(C=CC=CC(O)=C2C(=O)NN=C2N)C1 1 O=C1NN=CC1=CC=CC=CN1CCCNC1 1.0000000 1.0000 0.7106276 0.7106 0.9997077 0.9997 0.8890438 0.8890
02:41:24 <INFO> Score: 0.73 Agent NLL: 15.94 Valid: 100% Step: 143
 | Agent Prior Target Score SMILES SMILES_state Scaffold DASA DASA (raw) Solubility Solubility (raw) xTB_Gap xTB_Gap (raw) WaterSwitch WaterSwitch (raw)
 | 17.8486 60.9779 48.4278 0.8547317 CC1CC(=C(O)C=CC=CN2CC(=O)NCC2CO)C1=O 1 O=C1CN(C=CC=CC=C2CCC2=O)CCN1 1.0000000 1.0000 0.7448221 0.7448 0.5693854 0.5694 0.9070034 0.9070
 | 18.0058 65.6068 38.3790 0.8123892 CC(C=O)=c1o[nH]c(=O)c1=C(O)C=CC=CN1C=CC(O)=CC1 1 C=c1o[nH]c(=O)c1=CC=CC=CN1C=CC=CC1 1.0000000 1.0000 0.7044007 0.7044 0.6347509 0.6348 0.7649146 0.7649
 | 10.8574 62.9706 41.4110 0.8154809 C=C1CCN1C=CC=CC(O)=C1C(=O)N(C)NC1O 1 C=C1CCN1C=CC=CC=C1CNNC1=O 1.0000000 1.0000 0.7475498 0.7475 0.8113480 0.8113 0.6758319 0.6758
 | 14.9768 56.0321 30.3500 0.6748596 NC1CCN(C=CC=CC(O)=C2C(=O)N(c3ccccc3)N=C2C(F)(F)F)C1=O 1 O=C1CCCN1C=CC=CC=C1C=NN(c2ccccc2)C1=O 1.0000000 1.0000 0.4015118 0.4015 0.9996374 0.9996 0.5258728 0.5259
 | 26.6144 73.7079 -37.5082 0.2828101 CCCCCCCCN(CCCCCCCC)C1=COC(=C(O)C=CC=CN2CCN2C)C(=O)N1 1 O=C1NC=COC1=CC=CC=CN1CCN1 1.0000000 1.0000 0.0472039 0.0472 0.9952832 0.9953 0.1393419 0.1393
 | 13.3282 56.1714 54.4691 0.8643788 CC1N(C=CC=CC(O)=C2C(=O)CCNC2=O)CC(C)(C)N1O 1 O=C1CCNC(=O)C1=CC=CC=CN1CCNC1 1.0000000 1.0000 0.6397277 0.6397 0.8117114 0.8117 0.9243882 0.9244
 | 10.1284 51.6401 58.8172 0.8629472 O=C1C=CC1=C(O)C=CC=CN1CCC(O)C1 1 O=C1C=CC1=CC=CC=CN1CCCC1 1.0000000 1.0000 0.7032712 0.7033 0.9970881 0.9971 0.7926464 0.7926
 | 16.7541 60.6503 29.2055 0.7019980 CC(=O)OC=C1C(=C(O)C=CC=CN2CC=CC2)C(=O)NC(C)C1O 1 C=C1CCNC(=O)C1=CC=CC=CN1CC=CC1 1.0000000 1.0000 0.6315856 0.6316 0.5454018 0.5454 0.5367731 0.5368
 | 10.4926 50.1633 65.2399 0.9015876 CC1(O)OC(=C(O)C=CC=CN2CCCC2)C(=O)C1O 1 O=C1CCOC1=CC=CC=CN1CCCC1 1.0000000 1.0000 0.7175695 0.7176 0.9510530 0.9511 0.9213550 0.9214
 | 20.6345 72.4312 39.5948 0.8752029 C=NC=C1NC(=O)C(=C(O)C=C(O)C=CN2CC(CO)OC2=O)C1=O 1 C=C1NC(=O)C(=CC=CC=CN2CCOC2=O)C1=O 1.0000000 1.0000 0.7504971 0.7505 0.8833655 0.8834 0.8285192 0.8285
02:41:40 <INFO> Score: 0.73 Agent NLL: 15.35 Valid: 100% Step: 144
 | Agent Prior Target Score SMILES SMILES_state Scaffold DASA DASA (raw) Solubility Solubility (raw) xTB_Gap xTB_Gap (raw) WaterSwitch WaterSwitch (raw)
 | 16.3881 63.6800 48.6183 0.8773312 CC=CC1NC(=O)C(=C(O)C=CC=CN2CC=CC(=O)N2)C(=O)N1 1 O=C1C=CCN(C=CC=CC=C2C(=O)NCNC2=O)N1 1.0000000 1.0000 0.7474810 0.7475 0.9698130 0.9698 0.8090379 0.8090
 | 14.5023 65.7450 42.8850 0.8486721 C=C1C(=O)C(N)C(=O)C1=C(O)C=CC=CN1CC(O)C(O)C1 1 C=C1C(=O)CC(=O)C1=CC=CC=CN1CCCC1 1.0000000 1.0000 0.8216378 0.8216 0.9540601 0.9541 0.6778693 0.6779
 | 10.7251 51.9603 61.9256 0.8897332 O=C1NC(=O)C(=C(O)C=CC=CN2CCOCC2)C=C1N(CCO)CCO 1 O=C1C=CC(=CC=CC=CN2CCOCC2)C(=O)N1 1.0000000 1.0000 0.8052752 0.8053 0.8514778 0.8515 0.8423227 0.8423
 | 19.0768 65.5747 23.0944 0.6927274 C=C1NCN(C=CC=CC(O)=C2CCCN(C)NC2=O)O1 1 C=C1NCN(C=CC=CC=C2CCCNNC2=O)O1 1.0000000 1.0000 0.6812914 0.6813 0.2645085 0.2645 0.6360386 0.6360
 | 18.4004 62.1993 49.4735 0.8724440 NCCC1CC(=C(O)C=CC=CN2CCC(N)C2=O)C(=O)NC1=O 1 O=C1CCC(=CC=CC=CN2CCCC2=O)C(=O)N1 1.0000000 1.0000 0.7863637 0.7864 0.7960717 0.7961 0.8230280 0.8230
 | 10.0689 52.0139 60.3739 0.8780297 O=C1CC(=O)C(O)C1=C(O)C=CC=CN1CCC(O)CC1 1 O=C1CC(=O)C(=CC=CC=CN2CCCCC2)C1 1.0000000 1.0000 0.7405705 0.7406 0.9997214 0.9997 0.8076331 0.8076
 | 11.8248 51.7183 49.7178 0.7924693 O=C1CCC(O)C1=C(O)C=CC=CN1CCC=CC1=O 1 O=C1CCCC1=CC=CC=CN1CCC=CC1=O 1.0000000 1.0000 0.6399297 0.6399 0.4630207 0.4630 0.8508761 0.8509
 | 27.4998 72.5446 32.9766 0.8243845 O=C1NNCCC(O)C(=O)C1=C(O)C=CC=CN1CCCN(CCCO)CC1 1 O=C1CCCNNC(=O)C1=CC=CC=CN1CCCNCC1 1.0000000 1.0000 0.7709958 0.7710 0.8356938 0.8357 0.6774564 0.6775
 | 12.0380 52.1823 53.9279 0.8289863 C=C1NCNC(=O)C1=C(O)C=CC=CN1CCC1 1 C=C1NCNC(=O)C1=CC=CC=CN1CCC1 1.0000000 1.0000 0.7244414 0.7244 0.9986041 0.9986 0.6765849 0.6766
 | 22.7972 65.2165 32.8993 0.7665298 CC1CCN(C=CC=CC(O)=C2NC(N)NN=CNC2=O)CC1 1 O=C1NC=NNCNC1=CC=CC=CN1CCCCC1 1.0000000 1.0000 0.7365863 0.7366 0.6150457 0.6150 0.6152160 0.6152
02:41:57 <INFO> Score: 0.73 Agent NLL: 16.61 Valid: 100% Step: 145
 | Agent Prior Target Score SMILES SMILES_state Scaffold DASA DASA (raw) Solubility Solubility (raw) xTB_Gap xTB_Gap (raw) WaterSwitch WaterSwitch (raw)
 | 13.6063 47.2427 49.8488 0.7585269 O=C1OOCC1=C(O)C=CC=CN1CCCC1 1 O=C1OOCC1=CC=CC=CN1CCCC1 1.0000000 1.0000 0.6578487 0.6578 0.7549291 0.7549 0.5985393 0.5985
 | 12.4925 56.0298 51.9676 0.8437298 O=C1NC(=O)C(=C(O)C=CC=CN2CC(O)C(O)C(O)C2)C(O)N1 1 O=C1NCC(=CC=CC=CN2CCCCC2)C(=O)N1 1.0000000 1.0000 0.8805356 0.8805 0.3748557 0.3749 0.8957301 0.8957
 | 15.3761 59.8942 35.2983 0.7436912 C=C1CCN(C=CC=CC(O)=C2C(=O)NC=C(C)C2O)C1 1 C=C1CCN(C=CC=CC=C2CC=CNC2=O)C1 1.0000000 1.0000 0.6130653 0.6131 0.4646921 0.4647 0.7081627 0.7082
 | 15.1959 47.2338 59.2325 0.8317676 CC1(C)OC(=O)C(=C(O)C=CC=CN2CCOCC2)C1=NO 1 N=C1COC(=O)C1=CC=CC=CN1CCOCC1 1.0000000 1.0000 0.6179281 0.6179 0.9367784 0.9368 0.7896589 0.7897
 | 12.2457 58.9600 39.4506 0.7688329 COC=C1NC(=O)C(=C(O)C=CC=CN2CCN(CCO)CC2)C(=O)C1=O 1 C=C1NC(=O)C(=CC=CC=CN2CCNCC2)C(=O)C1=O 1.0000000 1.0000 0.7803108 0.7803 0.3539034 0.3539 0.7322347 0.7322
 | 12.3509 64.2326 37.2504 0.7928360 CC1C(=O)NC(=O)C(=C(O)C=CC=CN2CCC=C2O)OC1=O 1 O=C1CC(=O)OC(=CC=CC=CN2C=CCC2)C(=O)N1 1.0000000 1.0000 0.6735765 0.6736 0.6827621 0.6828 0.7089289 0.7089
 | 19.8791 63.3740 26.5626 0.7026294 C=C1N=CNC(=C(O)C=CC=CN2CCC(C)CC2)C(=O)N1C 1 C=C1N=CNC(=CC=CC=CN2CCCCC2)C(=O)N1 1.0000000 1.0000 0.5114072 0.5114 0.5274834 0.5275 0.6387015 0.6387
 | 16.4561 61.3047 19.6208 0.6322301 NC1CCN(C=CC=CC(O)=C2C(=O)NC(=S)C(=CN3CCOCC3)C2=O)C1 1 O=C1NC(=S)C(=CN2CCOCC2)C(=O)C1=CC=CC=CN1CCCC1 1.0000000 1.0000 0.6768048 0.6768 0.2332610 0.2333 0.4922270 0.4922
 | 11.5959 55.3350 52.5197 0.8426142 CN1C=CC(=C(O)C=CC=CN2CCC=C2O)C(=O)N1 1 O=C1NNC=CC1=CC=CC=CN1C=CCC1 1.0000000 1.0000 0.6299065 0.6299 0.9897159 0.9897 0.7965695 0.7966
 | 13.5710 49.8445 58.7301 0.8482391 O=C1NC(=O)C2CCCN2C1=C(O)C=CC=CN1CCC(O)C1 1 O=C1NC(=O)C2CCCN2C1=CC=CC=CN1CCCC1 1.0000000 1.0000 0.7403913 0.7404 0.7155854 0.7156 0.8149955 0.8150
02:42:09 <INFO> Score: 0.60 Agent NLL: 15.42 Valid:  98% Step: 146
 | Agent Prior Target Score SMILES SMILES_state Scaffold DASA DASA (raw) Solubility Solubility (raw) xTB_Gap xTB_Gap (raw) WaterSwitch WaterSwitch (raw)
 | 12.0199 40.5145 55.1659 0.7475038 O=C1OCOC1=C(O)C=CC=CN1CCCCC1 1 O=C1OCOC1=CC=CC=CN1CCCCC1 1.0000000 1.0000 0.5968998 0.5969 0.7013894 0.7014 0.6299186 0.6299
 | 12.3255 55.2321 52.3946 0.8408341 O=C1C=C(N2CC2)NC(=O)C1=C(O)C=CC=CN1CC(O)C1 1 O=C1C=C(N2CC2)NC(=O)C1=CC=CC=CN1CCC1 1.0000000 1.0000 0.8010652 0.8011 0.7309609 0.7310 0.7399222 0.7399
 | 7.3670 53.4181 -53.4181 0.0000000 CC1=CC(=O)C1=C(O)C=CC=CN1CCC(=O)N1 1 O=C1CCN(C=CC=CC=C2C=CC2=O)N1 1.0000000 1.0000 0.6880750 0.6881 0.9979007 0.9979 0.4599385 0.4599
 | 20.6371 63.9911 37.4290 0.7923448 CC1=C(C2CC2)NC(=O)C1=C(O)C=CC=CN1CC=CC(=O)N1C 1 O=C1C=CCN(C=CC=CC=C2C=C(C3CC3)NC2=O)N1 1.0000000 1.0000 0.5390705 0.5391 0.9221938 0.9222 0.7469524 0.7470
 | 9.1205 51.2781 61.2828 0.8793819 O=C1CC(O)C(O)C1=C(O)C=CC=CN1CCCC1 1 O=C1CCCC1=CC=CC=CN1CCCC1 1.0000000 1.0000 0.7221932 0.7222 0.8451447 0.8451 0.8810689 0.8811
 | 22.8151 62.6312 37.0611 0.7788462 CNC(=O)OC1NC(=O)C(=C(O)C=CC=CN2CCC(C)C2)OO1 1 O=C1NCOOC1=CC=CC=CN1CCCC1 1.0000000 1.0000 0.6556617 0.6557 0.5356181 0.5356 0.7461377 0.7461
 | 16.3038 55.6589 48.0210 0.8099992 O=CC1=CNC(=O)C(=C(O)C=CC=CN2CCC(O)C2)C1=O 1 O=C1C=CNC(=O)C1=CC=CC=CN1CCCC1 1.0000000 1.0000 0.7791458 0.7791 0.4045352 0.4045 0.8314053 0.8314
 | 21.7849 77.0183 19.0554 0.7505758 C=C1COC(=O)C(=C(O)C=CC=CN2CCC(O)C(=NO)C2)C(=O)NC1=O 1 C=C1COC(=O)C(=CC=CC=CN2CCCC(=N)C2)C(=O)NC1=O 1.0000000 1.0000 0.7389889 0.7390 0.5984212 0.5984 0.5775646 0.5776
 | 11.4263 53.3736 54.5208 0.8429248 CN1N=CC(=C(O)C=CC=CN2CCC(=O)N2)C1=O 1 O=C1CCN(C=CC=CC=C2C=NNC2=O)N1 1.0000000 1.0000 0.7733935 0.7734 0.9926094 0.9926 0.6830383 0.6830
 | 36.0082 88.8206 -5.0987 0.6540773 CC1=CC(=c2[nH]c(=O)c(=C(O)C=CC=CN3CC(=O)N(CCO)C(C)(C)C3=O)o2)C(=NO)C(=O)C1 1 N=C1C(=O)CC=CC1=c1[nH]c(=O)c(=CC=CC=CN2CC(=O)NCC2=O)o1 1.0000000 1.0000 0.7009851 0.7010 0.8706367 0.8706 0.3281163 0.3281
02:42:25 <INFO> Score: 0.72 Agent NLL: 15.56 Valid: 100% Step: 147
 | Agent Prior Target Score SMILES SMILES_state Scaffold DASA DASA (raw) Solubility Solubility (raw) xTB_Gap xTB_Gap (raw) WaterSwitch WaterSwitch (raw)
 | 12.1052 58.4510 39.8484 0.7679640 CC=CC=c1[nH]c(=O)c(=C(O)C=CC=CN2CCC(N)C2)n1C 1 C=c1[nH]c(=O)c(=CC=CC=CN2CCCC2)[nH]1 1.0000000 1.0000 0.7456784 0.7457 0.6941173 0.6941 0.5862386 0.5862
 | 15.9834 54.5611 57.0798 0.8721947 COC1C(=O)C(=C(O)C=CC=CN2CCNCC2)OC1(C)O 1 O=C1CCOC1=CC=CC=CN1CCNCC1 1.0000000 1.0000 0.7502449 0.7502 0.9990262 0.9990 0.7822162 0.7822
 | 11.8717 48.3008 33.8074 0.6414703 CN1NCCC(=C(O)C=CC=CN2CCCCC2)C1=O 1 O=C1NNCCC1=CC=CC=CN1CCCCC1 1.0000000 1.0000 0.5954424 0.5954 0.2087469 0.2087 0.5932441 0.5932
 | 13.3251 60.6738 49.7160 0.8624202 C=C1CCN1C=CC=CC(O)=C1C(=O)NC(=O)C(C)(C)NC1=O 1 C=C1CCN1C=CC=CC=C1C(=O)NCC(=O)NC1=O 1.0000000 1.0000 0.6879269 0.6879 0.9876843 0.9877 0.8070732 0.8071
 | 15.9105 54.8222 46.9986 0.7954751 CC1OC(=O)C(=C(O)C=CC=CN2CCNC(=O)C2)C(O)C1O 1 O=C1CN(C=CC=CC=C2CCCOC2=O)CCN1 1.0000000 1.0000 0.8100456 0.8100 0.2135991 0.2136 0.9652347 0.9652
 | 20.1354 72.1692 28.3679 0.7854463 CC(O)=C1NCNC(=O)C1=C(O)C=CC=CN1CCNC(C)C1C 1 C=C1NCNC(=O)C1=CC=CC=CN1CCNCC1 1.0000000 1.0000 0.6378200 0.6378 0.6929684 0.6930 0.7115854 0.7116
 | 14.2778 53.6434 61.4413 0.8990994 O=C1CC(=O)NC(=O)C(=C(O)C=CC=CN2CCC(O)C2)C1 1 O=C1CC(=O)NC(=O)C(=CC=CC=CN2CCCC2)C1 1.0000000 1.0000 0.7546623 0.7547 0.9806668 0.9807 0.8688924 0.8689
 | 15.2198 59.9931 27.0946 0.6803731 CC1(O)OC(=C(O)C=CC=CN2CC=CC(O)C2O)C(=O)C1=O 1 O=C1COC(=CC=CC=CN2CC=CCC2)C1=O 1.0000000 1.0000 0.7925292 0.7925 0.1022987 0.1023 0.7630602 0.7631
 | 13.4672 58.8644 61.5948 0.9410878 NC1=NC(=C(O)C=CC=CN2CCC=N2)C(=O)NN1CCO 1 O=C1NNC=NC1=CC=CC=CN1CCC=N1 1.0000000 1.0000 0.8196432 0.8196 0.9968901 0.9969 0.9468700 0.9469
 | 9.5533 43.9386 -43.9386 0.0000000 C=c1[nH]c(=O)[nH]c(=O)c1=C(O)C=CC=CN1CCOCC1 1 C=c1[nH]c(=O)[nH]c(=O)c1=CC=CC=CN1CCOCC1 1.0000000 1.0000 0.8340863 0.8341 0.4854045 0.4854 0.8866317 0.8866
02:42:39 <INFO> Score: 0.70 Agent NLL: 15.27 Valid: 100% Step: 148
 | Agent Prior Target Score SMILES SMILES_state Scaffold DASA DASA (raw) Solubility Solubility (raw) xTB_Gap xTB_Gap (raw) WaterSwitch WaterSwitch (raw)
 | 11.0542 49.7149 42.7644 0.7224950 CC1=CCCN1C=CC=CC(O)=C1OC(C)(C)OC1=O 1 O=C1OCOC1=CC=CC=CN1C=CCC1 1.0000000 1.0000 0.4343627 0.4344 0.9976844 0.9977 0.6245335 0.6245
 | 13.7523 59.9170 23.7612 0.6537353 CN1NC(=O)NC(=C(O)C=CC=CN2CCC(=O)N2)C1=O 1 O=C1CCN(C=CC=CC=C2NC(=O)NNC2=O)N1 1.0000000 1.0000 0.8103229 0.8103 0.4232177 0.4232 0.3850584 0.3851
 | 8.8174 51.2400 63.7615 0.8984486 O=C1NC(=O)C1=C(O)C=CC=CN1CCC(O)C1 1 O=C1NC(=O)C1=CC=CC=CN1CCCC1 1.0000000 1.0000 0.8129602 0.8130 0.7227656 0.7228 0.9191021 0.9191
 | 13.6987 73.8610 7.9786 0.6393715 C=C1NC(=O)C(=C(O)C=CC=CN2CC(CCO)OC2=C)C(=C)O1 1 C=C1NC(=O)C(=CC=CC=CN2CCOC2=C)C(=C)O1 1.0000000 1.0000 0.5930345 0.5930 0.4448252 0.4448 0.4431354 0.4431
 | 11.0555 60.9433 51.5715 0.8790219 CC1NC(=O)C(=C(O)C=CC=CN2CCCNC2)C(=O)NC1O 1 O=C1NCCNC(=O)C1=CC=CC=CN1CCCNC1 1.0000000 1.0000 0.8045804 0.8046 0.7354829 0.7355 0.8547854 0.8548
 | 14.3048 62.3658 23.8960 0.6739201 C=C1NC(C)NC(=O)C1=C(O)C=CC=CN1CC(C)(C)N(O)C1C 1 C=C1NCNC(=O)C1=CC=CC=CN1CCNC1 1.0000000 1.0000 0.5729337 0.5729 0.5605099 0.5605 0.4980309 0.4980
 | 17.8086 63.9906 38.7998 0.8030504 C=C1C(=O)NC(=C(O)C=CC=CN2CCCOC(CO)C2)C1=O 1 C=C1C(=O)NC(=CC=CC=CN2CCCOCC2)C1=O 1.0000000 1.0000 0.7347895 0.7348 0.6071446 0.6071 0.7246866 0.7247
 | 12.9376 39.7738 -39.7738 0.0000000 O=C1NC(=O)C(=C(O)C=CC=CN2CCOCC2)C(=O)N1 1 O=C1NC(=O)C(=CC=CC=CN2CCOCC2)C(=O)N1 1.0000000 1.0000 0.7897469 0.7897 0.8804911 0.8805 0.8839669 0.8840
 | 17.4742 62.9886 38.0206 0.7891347 CN1C(=O)C(=C(O)C=CC=CN2CCC(=O)N=C2N)CCC1N 1 O=C1CCN(C=CC=CC=C2CCCNC2=O)C=N1 1.0000000 1.0000 0.7451626 0.7452 0.4165918 0.4166 0.7785836 0.7786
 | 14.4957 61.3674 34.1298 0.7460715 CCNC1=C(C)NC(=O)C1=C(O)C=CC=CN1CCC(=NO)C1 1 N=C1CCN(C=CC=CC=C2C=CNC2=O)C1 1.0000000 1.0000 0.6250131 0.6250 0.2657907 0.2658 0.8699910 0.8700
02:42:40 <INFO> Sampled SMILES O=C1C(=C(O)C=CC=CN2CC=CC([N+]([O-])=O)C22C(O)C(=O)C(O)C=2)C1O failed to sanitize.
02:42:55 <INFO> Score: 0.64 Agent NLL: 15.22 Valid:  98% Step: 149
 | Agent Prior Target Score SMILES SMILES_state Scaffold DASA DASA (raw) Solubility Solubility (raw) xTB_Gap xTB_Gap (raw) WaterSwitch WaterSwitch (raw)
 | 8.5809 48.9200 -48.9200 0.0000000 O=C1CN(C=CC=CC(O)=C2C(=O)C(=O)CC2O)CCN1 1 O=C1CN(C=CC=CC=C2CCC(=O)C2=O)CCN1 1.0000000 1.0000 0.8137125 0.8137 0.8862497 0.8862 0.4010819 0.4011
 | 17.1426 62.0709 29.6255 0.7163785 O=C1CCN(C=CC=CC(O)=c2ccc(=CCCN3CCOCC3)[nH]c2=O)N1 1 O=C1CCN(C=CC=CC=c2ccc(=CCCN3CCOCC3)[nH]c2=O)N1 1.0000000 1.0000 0.7497460 0.7497 0.7494819 0.7495 0.4486266 0.4486
 | 10.8600 57.7896 30.5711 0.6903181 NC1=CC(=C(O)C=CC=CN2CCCC(N)C2)C(=O)NC1 1 O=C1NCC=CC1=CC=CC=CN1CCCCC1 1.0000000 1.0000 0.7395849 0.7396 0.4384856 0.4385 0.4890092 0.4890
 | 26.4323 80.4610 3.4325 0.6554186 NC1CCN(C=CC=CC(O)=C2NCCC(=CC=CN3CCC=CC3N)NC2=O)CC1 1 O=C1NC(=CC=CN2CC=CCC2)CCNC1=CC=CC=CN1CCCCC1 1.0000000 1.0000 0.5533702 0.5534 0.9917350 0.9917 0.3756995 0.3757
 | 18.8369 61.5462 46.2923 0.8424889 CC1C(O)C(O)C(O)CN1C=CC=CC(O)=C1NN(CCO)NC1=O 1 O=C1NNNC1=CC=CC=CN1CCCCC1 1.0000000 1.0000 0.8817321 0.8817 0.9051256 0.9051 0.6397507 0.6398
 | 19.0153 69.8418 26.2021 0.7503430 NC1C(O)NC(=O)CN1C=CC=CC(O)=c1c(=O)[nH]c(=O)c(=CBr)[nH]c1=O 1 C=c1[nH]c(=O)c(=CC=CC=CN2CCNC(=O)C2)c(=O)[nH]c1=O 1.0000000 1.0000 0.8723068 0.8723 0.5496121 0.5496 0.5259917 0.5260
 | 18.7448 60.1613 56.7393 0.9132863 O=C1NC(=C(O)C=CC=CN2CCC(O)CC2)C(=O)C(C(=O)O)N1 1 O=C1NCC(=O)C(=CC=CC=CN2CCCCC2)N1 1.0000000 1.0000 0.7654242 0.7654 0.8533961 0.8534 0.9548613 0.9549
 | 19.4724 66.4411 2.4228 0.5379988 CC1=C(C=CC=CN2CCCC2)NC(=O)C1=C(O)C=CC=CN1CCOC(CN)C1 1 O=C1NC(C=CC=CN2CCCC2)=CC1=CC=CC=CN1CCOCC1 1.0000000 1.0000 0.4776243 0.4776 0.7365990 0.7366 0.2409131 0.2409
 | 14.6907 71.0936 24.1795 0.7443210 C=C1NC(=O)C(=C(O)C=CC=CN2CCN(CCCO)C(=O)C2)C(=C)O1 1 C=C1NC(=O)C(=CC=CC=CN2CCNC(=O)C2)C(=C)O1 1.0000000 1.0000 0.6897063 0.6897 0.2851894 0.2852 0.7807605 0.7808
 | 13.3356 47.4327 -47.4327 0.0000000 CC1NC(=O)NC(=O)C1=C(O)C=CC=CN1CC=CCC1 1 O=C1NCC(=CC=CC=CN2CC=CCC2)C(=O)N1 1.0000000 1.0000 0.6325842 0.6326 0.5455157 0.5455 0.8072184 0.8072
02:43:13 <INFO> Score: 0.75 Agent NLL: 15.72 Valid: 100% Step: 150
 | Agent Prior Target Score SMILES SMILES_state Scaffold DASA DASA (raw) Solubility Solubility (raw) xTB_Gap xTB_Gap (raw) WaterSwitch WaterSwitch (raw)
 | 11.9063 60.5274 -12.6583 0.3739768 COC=C1NC(=O)C(=C(O)C=CC=CN2CCCO2)C(=O)C1=O 1 C=C1NC(=O)C(=CC=CC=CN2CCCO2)C(=O)C1=O 1.0000000 1.0000 0.7267832 0.7268 0.0008036 0.0008 0.6651259 0.6651
 | 16.4637 58.8891 47.3056 0.8296463 CC1C(=NO)C(=C(O)C=CC=CN2CC=CC2=O)C(=O)OC1O 1 N=C1CCOC(=O)C1=CC=CC=CN1CC=CC1=O 1.0000000 1.0000 0.6886879 0.6887 0.4312648 0.4313 0.9654237 0.9654
 | 28.2096 78.4372 29.2120 0.8410094 CN(C=CC=CC(O)=C1C(=O)NNC(=C2OC(=O)C(C)(O)C2=O)C1=CN1CCNCC1)CCO 1 C=C1C(=O)NNC(=C2OC(=O)CC2=O)C1=CN1CCNCC1 1.0000000 1.0000 0.7804394 0.7804 0.6539603 0.6540 0.7872574 0.7873
 | 18.6143 62.3569 43.5711 0.8275628 CC(=N)C1C(=O)OC(=C(O)C=CC=CN2CCN=C2N)C1=O 1 O=C1CC(=O)C(=CC=CC=CN2C=NCC2)O1 1.0000000 1.0000 0.7395200 0.7395 0.8284045 0.8284 0.7104358 0.7104
 | 14.2227 57.3490 54.4935 0.8737702 O=CC(O)=c1o[nH]c(=O)c1=C(O)C=CC=CN1CCCC1 1 C=c1o[nH]c(=O)c1=CC=CC=CN1CCCC1 1.0000000 1.0000 0.7726015 0.7726 0.7997356 0.7997 0.8368431 0.8368
 | 18.1176 60.9019 31.7554 0.7238856 C=C1OCC(=C(O)C=CC=CN2CCN(C)CC2=C)C1=O 1 C=C1OCC(=CC=CC=CN2CCNCC2=C)C1=O 1.0000000 1.0000 0.5847764 0.5848 0.8259241 0.8259 0.5398722 0.5399
 | 15.9078 52.9056 51.7834 0.8178823 O=C1NC(=O)C(=C(O)C=CC=CN2CC=C(F)C2=O)C(=O)O1 1 O=C1NC(=O)C(=CC=CC=CN2CC=CC2=O)C(=O)O1 1.0000000 1.0000 0.7196676 0.7197 0.8633776 0.8634 0.6861314 0.6861
 | 22.3324 64.9773 32.3237 0.7601641 CC1=C(C)C2CNC(=O)C(=C(O)C=CC=CN3CCC(N)C3)C2(C)CC1=O 1 O=C1C=CC2CNC(=O)C(=CC=CC=CN3CCCC3)C2C1 1.0000000 1.0000 0.4954606 0.4955 0.8958125 0.8958 0.6993975 0.6994
 | 12.3469 53.7478 50.8289 0.8170051 COC1OC(=O)C1=C(O)C=CC=CN1CCNC(=O)C1 1 O=C1CN(C=CC=CC=C2COC2=O)CCN1 1.0000000 1.0000 0.7858385 0.7858 0.4425533 0.4426 0.8222834 0.8223
 | 10.7010 57.6715 55.1904 0.8817334 O=C1CN(C=CC=CC(O)=c2c(=O)[nH]oc2=C2C(=O)NC(=O)NC2=O)CCN1 1 O=C1CN(C=CC=CC=c2c(=O)[nH]oc2=C2C(=O)NC(=O)NC2=O)CCN1 1.0000000 1.0000 0.8844659 0.8845 0.4757173 0.4757 0.9473198 0.9473
02:43:14 <INFO> Purging diversity filter memories in stage 1
02:43:14 <WARN> Maximum number of steps of 150 reached in stage 1. Terminating all stages.
02:43:14 <INFO> Peak main memory usage: 6702.297 MiB
02:43:14 <INFO> Finished REINVENT on 2026-07-17
