02:43:21 <INFO> Started REINVENT 4.7.15 (C) AstraZeneca 2017, 2023 on 2026-07-17
02:43:21 <INFO> Command line: /work/reinvent/__main__.py -d cuda:0 -l /work/outputs_dasa/trial_stage3/stage3.log /work/outputs_dasa/trial_stage3/stage3.toml
02:43:21 <INFO> Reading run configuration from /work/outputs_dasa/trial_stage3/stage3.toml using format toml
02:43:21 <INFO> User root on host modal
02:43:21 <INFO> Python version 3.10.18
02:43:21 <INFO> PyTorch version 2.9.1+cu128, git 5811a8d7da873dd699ff6687092c225caffcf1bb
02:43:21 <INFO> PyTorch compiled with CUDA version 12.8
02:43:21 <INFO> RDKit version 2026.03.4
02:43:21 <INFO> Platform Linux-4.19.0-gvisor-x86_64-with-glibc2.36
02:43:21 <INFO> Number of PyTorch CUDA devices 1
02:43:21 <WARN> 'use_cuda' is deprecated, use 'device' instead
02:43:21 <INFO> Using GPU device:0 Tesla T4
02:43:22 <INFO> GPU memory: 14807 MiB free, 14912 MiB total
02:43:22 <INFO> Writing TensorBoard summary to /work/outputs_dasa/trial_stage3/tb
02:43:22 <INFO> Starting 1 stage of Reinforcement Learning
02:43:22 <INFO> /work/reinvent.prior has valid hash:
{ 'comments': [],
  'creation_date': 0,
  'date_format': 'UNIX epoch',
  'hash_id': '173568c36e1fc3d95cab289c7d31ce0b',
  'hash_id_format': 'xxhash.xxh3_128_hex 3.4.1',
  'model_id': '55d68f8a81c04f5a86304ebe1723a0ea',
  'model_id_format': 'uuid.uuid4 3.10.12',
  'origina_data_source': 'ChEMBL 25',
  'updates': []}
02:43:22 <INFO> Number of network parameters: 5,805,602
02:43:22 <INFO> Network architecture:
RNN(
  (_embedding): Embedding(34, 256)
  (_rnn): LSTM(256, 512, num_layers=3, batch_first=True)
  (_linear): Linear(in_features=512, out_features=34, bias=True)
)
02:43:22 <INFO> /work/outputs_dasa/trial_stage2/stage2.chkpt has valid hash:
{ 'comments': ['TL', 'RL', 'RL', 'RL', 'RL'],
  'creation_date': 0,
  'date_format': 'UNIX epoch',
  'hash_id': '048e8e9a32c0681f825d2023ec065248',
  'hash_id_format': 'xxhash.xxh3_128_hex 3.8.1',
  'model_id': '55d68f8a81c04f5a86304ebe1723a0ea',
  'model_id_format': 'uuid.uuid4 3.10.12',
  'origina_data_source': 'ChEMBL 25',
  'updates': [ 1784253049.5103106,
               1784253476.593887,
               1784253476.6608407,
               1784256194.0260875,
               1784256194.0995116]}
02:43:22 <INFO> Number of network parameters: 5,805,602
02:43:22 <INFO> Network architecture:
RNN(
  (_embedding): Embedding(34, 256)
  (_rnn): LSTM(256, 512, num_layers=3, batch_first=True)
  (_linear): Linear(in_features=512, out_features=34, bias=True)
)
02:43:22 <INFO> Using generator Reinvent
02:43:22 <INFO> Prior read from /work/reinvent.prior
02:43:22 <INFO> Agent read from /work/outputs_dasa/trial_stage2/stage2.chkpt
02:43:22 <INFO> Using reward strategy dap
02:43:22 <INFO> Using diversity filter IdenticalMurckoScaffold
02:43:22 <INFO> Purging diversity filter memories after each stage
02:43:22 <WARN> Inception disabled but may speed up convergence
02:43:22 <ERRO> Component reinvent_plugins.components.OpenEye.comp_rocs could not be imported: No module named 'openeye'
02:43:22 <INFO> Registered scoring component GroupCount
02:43:22 <INFO> Registered scoring component FragmentQed
02:43:22 <INFO> Registered scoring component FragmentSlogP
02:43:22 <INFO> Registered scoring component FragmentMolecularWeight
02:43:22 <INFO> Registered scoring component FragmentTPSA
02:43:22 <INFO> Registered scoring component FragmentDistanceMatrix
02:43:22 <INFO> Registered scoring component FragmentNumAtomStereoCenters
02:43:22 <INFO> Registered scoring component FragmentHBondAcceptors
02:43:22 <INFO> Registered scoring component FragmentHBondDonors
02:43:22 <INFO> Registered scoring component FragmentNumRotBond
02:43:22 <INFO> Registered scoring component FragmentCsp3
02:43:22 <INFO> Registered scoring component Fragmentnumsp
02:43:22 <INFO> Registered scoring component Fragmentnumsp2
02:43:22 <INFO> Registered scoring component Fragmentnumsp3
02:43:22 <INFO> Registered scoring component FragmentEffectiveLength
02:43:22 <INFO> Registered scoring component FragmentGraphLength
02:43:22 <INFO> Registered scoring component FragmentLengthRatio
02:43:22 <INFO> Registered scoring component FragmentNumHeavyAtoms
02:43:22 <INFO> Registered scoring component FragmentNumHeteroAtoms
02:43:22 <INFO> Registered scoring component FragmentNumRings
02:43:22 <INFO> Registered scoring component FragmentNumAromaticRings
02:43:22 <INFO> Registered scoring component FragmentNumAliphaticRings
02:43:22 <INFO> Registered scoring component FragmentSlogP
02:43:22 <INFO> Registered scoring component MatchingSubstructure
02:43:22 <INFO> Registered scoring component MolVolume
02:43:22 <INFO> Registered scoring component Qed
02:43:22 <INFO> Registered scoring component LargestRingSize
02:43:22 <INFO> Registered scoring component MolecularWeight
02:43:22 <INFO> Registered scoring component GraphLength
02:43:22 <INFO> Registered scoring component NumAtomStereoCenters
02:43:22 <INFO> Registered scoring component HBondAcceptors
02:43:22 <INFO> Registered scoring component HBondDonors
02:43:22 <INFO> Registered scoring component NumRotBond
02:43:22 <INFO> Registered scoring component Csp3
02:43:22 <INFO> Registered scoring component numsp
02:43:22 <INFO> Registered scoring component numsp2
02:43:22 <INFO> Registered scoring component numsp3
02:43:22 <INFO> Registered scoring component NumHeavyAtoms
02:43:22 <INFO> Registered scoring component NumHeteroAtoms
02:43:22 <INFO> Registered scoring component NumRings
02:43:22 <INFO> Registered scoring component NumAromaticRings
02:43:22 <INFO> Registered scoring component NumAliphaticRings
02:43:22 <INFO> Registered scoring component SlogP
02:43:22 <INFO> Registered scoring component LargestRingSize
02:43:22 <INFO> Registered scoring component PMI
02:43:22 <INFO> Registered scoring component RDKitDescriptors
02:43:22 <INFO> Registered scoring component TanimotoSimilarity
02:43:22 <INFO> Registered scoring component TanimotoDistance
02:43:22 <INFO> Registered scoring component TPSA
02:43:22 <INFO> Registered scoring component SAScore
02:43:23 <INFO> Registered scoring component ChemProp
02:43:23 <INFO> Registered scoring component CustomAlerts
02:43:23 <INFO> Registered scoring component DockStream
02:43:23 <INFO> Registered scoring component ExternalProcess
02:43:23 <INFO> Registered scoring component REST
02:43:23 <INFO> Registered scoring component Icolos
02:43:23 <INFO> Registered scoring component MMP
02:43:23 <INFO> Registered scoring component Qptuna
02:43:23 <INFO> Registered scoring component ReactionFilter
02:43:23 <INFO> Registered scoring component RingPrecedence
02:43:23 <INFO> Registered scoring component Maize
02:43:23 <INFO> Registered scoring component SynthSense
02:43:23 <INFO> Registered scoring component CAZP
02:43:23 <INFO> Registered scoring component AqueousSolubility
02:43:23 <INFO> Registered scoring component DASAScaffold
02:43:23 <INFO> Registered scoring component DASASwitchability
02:43:23 <INFO> Registered scoring component HalfLifeChemProp
02:43:23 <INFO> Registered scoring component PhotoswitchScaffold
02:43:23 <INFO> Registered scoring component VisibleAbsChemProp
02:43:23 <INFO> Registered scoring component XTBHomoLumo
02:43:23 <INFO> Registered scoring component XTBIsomerGap
02:43:23 <INFO> Registered scoring component XTBLambdaFilter
02:43:23 <INFO> Creating scoring component DASAScaffold
02:43:23 <INFO> Creating scoring component AqueousSolubility
02:43:23 <INFO> Creating scoring component SAScore
02:43:23 <INFO> Writing tabular data for stage to /work/outputs_dasa/trial_stage3/stage3_1.csv
02:43:23 <INFO> Starting stage 1 <<<
02:43:23 <INFO> Current GPU memory usage: 215 MiB used, 14697 MiB free
02:43:25 <INFO> Score: 0.80 Agent NLL: 16.03 Valid:  99% Step: 1
 | Agent Prior Target Score SMILES SMILES_state Scaffold DASA DASA (raw) Solubility Solubility (raw) SA SA (raw)
 | 17.2529 61.3905 51.7581 0.8839734 CN1CC(=O)C(O)C(=C(O)C=CC=CN2CC(N)C2)C1=O 1 O=C1CNC(=O)C(=CC=CC=CN2CCC2)C1 1.0000000 1.0000 0.8301941 0.8302 0.7447817 4.3023
 | 12.6022 62.1339 53.4900 0.9033115 O=c1[nH]c(=CN2CCOCC2)[nH]c1=C(O)C=CC=CN1CC(O)C1 1 O=c1[nH]c(=CN2CCOCC2)[nH]c1=CC=CC=CN1CCC1 1.0000000 1.0000 0.8413118 0.8413 0.8027296 4.0857
 | 16.4110 57.8989 41.5899 0.7772558 CCC1NC(=O)C(=C(O)C=CC=CN2CC(Br)C2=O)C(=O)O1 1 O=C1NCOC(=O)C1=CC=CC=CN1CCC1=O 1.0000000 1.0000 0.6323300 0.6323 0.6015009 4.7318
 | 12.7894 48.6375 64.3138 0.8824320 COC1=CC(=O)C(=C(O)C=CC=CN2CCCC2)C(=O)NC1=O 1 O=C1C=CC(=O)C(=CC=CC=CN2CCCC2)C(=O)N1 1.0000000 1.0000 0.6871309 0.6871 0.9277135 3.3375
 | 11.8507 57.4891 56.4837 0.8904125 O=C1NCC(O)NC(=O)C1=C(O)C=CC=CN1CCC(O)CC1 1 O=C1NCCNC(=O)C1=CC=CC=CN1CCCCC1 1.0000000 1.0000 0.8152963 0.8153 0.7847018 4.1575
 | 15.7486 58.7902 40.8227 0.7782261 CC1CC(CCO)CN(C=CC=CC(O)=C2NONC2=O)O1 1 O=C1NONC1=CC=CC=CN1CCCCO1 1.0000000 1.0000 0.7269779 0.7270 0.5114684 4.9701
 | 14.7238 60.6967 46.5499 0.8378647 CC(C)=c1[nH]c(=O)[nH]c(=O)c1=C(O)C=CC=CN1CC(C)OC1=O 1 C=c1[nH]c(=O)[nH]c(=O)c1=CC=CC=CN1CCOC1=O 1.0000000 1.0000 0.7248801 0.7249 0.6998596 4.4485
 | 12.5096 57.3920 44.9514 0.7995583 NC1COC(=C(O)C=CC=CN2C=CCC2)C1=O 1 O=C1CCOC1=CC=CC=CN1C=CCC1 1.0000000 1.0000 0.7036339 0.7036 0.5958740 4.7470
 | 15.2316 62.9722 45.0305 0.8437713 CC1(O)C(O)C(=O)C(=C(O)C=CC=CN2CC(=O)NC(=O)C2)C1O 1 O=C1CN(C=CC=CC=C2CCCC2=O)CC(=O)N1 1.0000000 1.0000 0.8614166 0.8614 0.5859872 4.7737
 | 19.4181 56.0571 49.2924 0.8230427 O=C1CC2(O)C(=O)OC2C(O)C1=C(O)C=CC=CN1CCCC1 1 O=C1CC2C(=O)OC2CC1=CC=CC=CN1CCCC1 1.0000000 1.0000 0.7436969 0.7437 0.6296493 4.6543
02:43:25 <INFO> Score: 0.83 Agent NLL: 15.84 Valid: 100% Step: 2
 | Agent Prior Target Score SMILES SMILES_state Scaffold DASA DASA (raw) Solubility Solubility (raw) SA SA (raw)
 | 6.5033 53.5638 60.6051 0.8919442 C=c1[nH]c(=O)c(=C(O)C=CC=CN2CCC(=O)N2)c(=O)o1 1 C=c1[nH]c(=O)c(=CC=CC=CN2CCC(=O)N2)c(=O)o1 1.0000000 1.0000 0.8514472 0.8514 0.7502897 4.2833
 | 24.8821 83.8735 16.2119 0.7819172 CC1NC(=O)C(=COCCO)C(=C(O)C=CC=CN2CC=CCC2)C(=O)NC1O 1 C=C1C(=O)NCCNC(=O)C1=CC=CC=CN1CC=CCC1 1.0000000 1.0000 0.7058207 0.7058 0.5405575 4.8941
 | 9.7905 48.5088 71.1796 0.9350655 C=c1[nH]c(=O)[nH]c(=O)c1=C(O)C=CC=CN1CCN(CCO)CC1 1 C=c1[nH]c(=O)[nH]c(=O)c1=CC=CC=CN1CCNCC1 1.0000000 1.0000 0.8622792 0.8623 0.9010710 3.5608
 | 13.5271 55.7437 50.3399 0.8287774 C[N+](C)(C)C1CCN(C=CC=CC(O)=C2C(=O)NN=C2N)C1=O 1 O=C1NN=CC1=CC=CC=CN1CCCC1=O 1.0000000 1.0000 0.7789666 0.7790 0.6132206 4.6998
 | 17.0106 46.4251 49.0788 0.7461236 CC1(N)CCN(C=CC=CC(O)=C2C(=O)c3ccccc3C2=O)CC1 1 O=C1C(=CC=CC=CN2CCCCC2)C(=O)c2ccccc21 1.0000000 1.0000 0.3780168 0.3780 0.9392730 3.2159
 | 12.8051 64.1023 45.0622 0.8528476 NC1CCN(C=CC=CC(O)=C2C(=O)NCC2=C(O)O)C1 1 C=C1CNC(=O)C1=CC=CC=CN1CCCC1 1.0000000 1.0000 0.7296768 0.7297 0.7480029 4.2912
 | 14.4966 50.1961 55.2246 0.8235989 O=C1NC=COC1=C(O)C=C(O)C=CN1CCCCC1 1 O=C1NC=COC1=CC=CC=CN1CCCCC1 1.0000000 1.0000 0.5819302 0.5819 0.8475419 3.8825
 | 16.0869 63.9638 43.1216 0.8366045 CC1(O)CN(C=CC=CC(O)=C2C(=O)NNC2O)CCNC1=O 1 O=C1CCN(C=CC=CC=C2CNNC2=O)CCN1 1.0000000 1.0000 0.8620344 0.8620 0.5648789 4.8300
 | 17.2830 50.5429 52.2678 0.8032084 O=C1NCCN1C=CC=CC(O)=C1OC(=O)N(c2ccccc2)C1=O 1 O=C1NCCN1C=CC=CC=C1OC(=O)N(c2ccccc2)C1=O 1.0000000 1.0000 0.4939564 0.4940 0.9286507 3.3283
 | 19.9007 71.0175 26.0320 0.7581989 O=C1NC2(C(=O)C(O)=CC(O)C2=O)C(=O)C1=C(O)C=CC=CN1CCCNC1 1 O=C1NC2(C(=O)C=CCC2=O)C(=O)C1=CC=CC=CN1CCCNC1 1.0000000 1.0000 0.8001990 0.8002 0.4085560 5.2410
02:43:26 <INFO> Score: 0.80 Agent NLL: 15.16 Valid: 100% Step: 3
 | Agent Prior Target Score SMILES SMILES_state Scaffold DASA DASA (raw) Solubility Solubility (raw) SA SA (raw)
 | 18.2591 64.2710 46.5508 0.8657950 COC=C1NC(=O)C(=C(O)C=CC=CN2C=CC2)C(=O)C1=O 1 C=C1NC(=O)C(=CC=CC=CN2C=CC2)C(=O)C1=O 1.0000000 1.0000 0.7226730 0.7227 0.8061450 4.0716
 | 12.6543 48.8424 67.5525 0.9093353 CC1=NN(CCO)C(=O)C1=C(O)C=CC=CN 1 C=C1C=NNC1=O 1.0000000 1.0000 0.7965458 0.7965 0.8814306 3.6932
 | 13.9516 53.8195 61.8756 0.9038685 CN1CC(=C(O)C=CC=CN2CC(O)C2)C1=O 1 O=C1NCC1=CC=CC=CN1CCC1 1.0000000 1.0000 0.7923992 0.7924 0.8647872 3.7912
 | 22.1196 59.4259 44.4771 0.8117424 CCCCCCCNC1=CC(=C(O)C=CC=CN2CC2)C(=O)NC1=O 1 O=C1C=CC(=CC=CC=CN2CC2)C(=O)N1 1.0000000 1.0000 0.5165159 0.5165 0.9201449 3.4077
 | 13.6100 65.0049 39.8229 0.8189671 CC1C(O)CCN1C=CC=CC(O)=C1SC(=O)C(=O)NC1=O 1 O=C1NC(=O)C(=CC=CC=CN2CCCC2)SC1=O 1.0000000 1.0000 0.7220575 0.7221 0.6389003 4.6283
 | 18.9216 64.8443 36.4018 0.7909854 CC1C=CN(C=CC=CC(O)=C2C(=O)NC(CCO)C2=O)CC1 1 O=C1CNC(=O)C1=CC=CC=CN1C=CCCC1 1.0000000 1.0000 0.6480691 0.6481 0.6285822 4.6573
 | 8.3898 53.0750 50.2353 0.8071122 CC1NC(=O)C(=C(O)C=CC=CN2CCC(O)C2)CO1 1 O=C1NCOCC1=CC=CC=CN1CCCC1 1.0000000 1.0000 0.7325684 0.7326 0.5906150 4.7612
 | 13.8575 47.6752 67.9664 0.9034498 C=C1NC(=O)C(=C(O)C=CC=CN)C1=O 1 C=C1NC(=O)C(=C)C1=O 1.0000000 1.0000 0.8019646 0.8020 0.8507671 3.8661
 | 14.1552 44.5120 60.0288 0.8167256 CC1COC(=C(O)C=CC=CN2CCCC2)C(=O)N1C 1 O=C1NCCOC1=CC=CC=CN1CCCC1 1.0000000 1.0000 0.5841551 0.5842 0.8144907 4.0362
 | 13.7337 68.7798 25.8965 0.7396582 CC1NC(=O)CN(C=CC=CC(O)=C2NOC(C(O)CO)NC2=O)O1 1 O=C1CN(C=CC=CC=C2NOCNC2=O)OCN1 1.0000000 1.0000 0.8636878 0.8637 0.3359714 5.4438
02:43:27 <INFO> Score: 0.81 Agent NLL: 15.93 Valid: 100% Step: 4
 | Agent Prior Target Score SMILES SMILES_state Scaffold DASA DASA (raw) Solubility Solubility (raw) SA SA (raw)
 | 14.8928 61.2573 43.4706 0.8181865 CC1(O)C(=O)OC(=C(O)C=CC=CN2CC=CC(=O)N2)C1=O 1 O=C1C=CCN(C=CC=CC=C2OC(=O)CC2=O)N1 1.0000000 1.0000 0.7791327 0.7791 0.5808259 4.7875
 | 21.0758 68.1735 41.2539 0.8549013 O=CN1CCN(C=CC=CC(O)=C2CC(=CN3CCCNCC3)NC2=O)CC1 1 O=C1NC(=CN2CCCNCC2)CC1=CC=CC=CN1CCNCC1 1.0000000 1.0000 0.6835517 0.6836 0.8171869 4.0245
 | 18.5500 68.6552 40.0368 0.8491569 CC1=NC(=O)C(=O)N(C)C1=c1ccc(=C(O)C=CC=CN2CCC(N)C2=O)c(=O)[nH]1 1 O=C1N=CC(=c2ccc(=CC=CC=CN3CCCC3=O)c(=O)[nH]2)NC1=O 1.0000000 1.0000 0.7898238 0.7898 0.6679025 4.5448
 | 13.7298 62.9254 48.9891 0.8743326 O=C1NC=C(CO)NC(=O)C1=C(O)C=CC=CN1CCC(O)C1 1 O=C1NC=CNC(=O)C1=CC=CC=CN1CCCC1 1.0000000 1.0000 0.8148598 0.8149 0.7273487 4.3608
 | 14.3327 58.2842 54.8569 0.8839153 COC(=O)C1NC(=O)C(=C(O)C=CC=CN2CCC(=O)N2)C1=O 1 O=C1CCN(C=CC=CC=C2C(=O)CNC2=O)N1 1.0000000 1.0000 0.8248268 0.8248 0.7503940 4.2829
 | 20.4571 66.3094 38.8158 0.8212901 CC1(C)CN(C=c2[nH]c(=O)c(=C(O)C=CC=CN3CCCC(O)C3)c(=O)[nH]2)CCO1 1 O=c1[nH]c(=CN2CCOCC2)[nH]c(=O)c1=CC=CC=CN1CCCCC1 1.0000000 1.0000 0.7325793 0.7326 0.6354190 4.6381
 | 14.5205 58.4640 38.9432 0.7609936 NC1CN(C=CC=CC(O)=C2COC(CO)NC2=O)OCC1O 1 O=C1NCOCC1=CC=CC=CN1CCCCO1 1.0000000 1.0000 0.8527383 0.8527 0.3844335 5.3067
 | 12.4340 59.6830 44.8301 0.8165092 NC1C(=O)C(=C(O)C=CC=CN2CCC(=O)N2)OC1O 1 O=C1CCN(C=CC=CC=C2OCCC2=O)N1 1.0000000 1.0000 0.8421831 0.8422 0.5245038 4.9361
 | 11.6984 57.3114 53.6156 0.8666170 NC1COC(=C(O)C=CC=CN2CCC2)C1=O 1 O=C1CCOC1=CC=CC=CN1CCC1 1.0000000 1.0000 0.7585554 0.7586 0.7636415 4.2360
 | 34.9311 73.5005 6.8693 0.6278894 C=C1C2NC(=O)C(=C(O)C=CC=CN3CCCN(C(=O)OCC)C3)C(O)C1(C)CCC2=O 1 C=C1C2CCC(=O)C1NC(=O)C(=CC=CC=CN1CCCNC1)C2 1.0000000 1.0000 0.4752571 0.4753 0.3457761 5.4154
02:43:28 <INFO> Score: 0.80 Agent NLL: 15.54 Valid: 100% Step: 5
 | Agent Prior Target Score SMILES SMILES_state Scaffold DASA DASA (raw) Solubility Solubility (raw) SA SA (raw)
 | 17.4562 68.6502 39.4623 0.8446289 O=C1C(=c2[nH]c(=O)[nH]c(=O)c2=C(O)C=CC=CN2CCC(O)C2)NNC1O 1 O=C1CNNC1=c1[nH]c(=O)[nH]c(=O)c1=CC=CC=CN1CCCC1 1.0000000 1.0000 0.9117340 0.9117 0.5497372 4.8700
 | 14.9222 54.7866 58.0992 0.8819207 O=C1NNC(CO)=CC1=C(O)C=CC=CN1CCCC1 1 O=C1NNC=CC1=CC=CC=CN1CCCC1 1.0000000 1.0000 0.7375693 0.7376 0.8500423 3.8698
 | 19.3645 72.4163 25.4811 0.7648232 CC(O)=C1OC(C)(C)NC(=O)C1=C(O)C=CC=CN1CC(O)OC1=O 1 C=C1OCNC(=O)C1=CC=CC=CN1CCOC1=O 1.0000000 1.0000 0.5920297 0.5920 0.6083372 4.7132
 | 12.0880 54.1015 51.5452 0.8253653 C=C1CC(=C(O)C=CC=CN2CC(O)C(O)C(O)C2)C(=O)N1 1 C=C1CC(=CC=CC=CN2CCCCC2)C(=O)N1 1.0000000 1.0000 0.7983989 0.7984 0.5851270 4.7760
 | 23.3924 67.1751 42.1474 0.8540820 COC1COC(=O)C(=C(O)C=CC=CN2CCN(CCO)CO2)C(=O)N1 1 O=C1NCCOC(=O)C1=CC=CC=CN1CCNCO1 1.0000000 1.0000 0.7996299 0.7996 0.6742660 4.5260
 | 13.8175 65.2344 45.8551 0.8678874 C=CC1=C(N)C(=C(O)C=CC=CN2CCC(O)CC2)C(=O)N1 1 O=C1NC=CC1=CC=CC=CN1CCCCC1 1.0000000 1.0000 0.6888998 0.6889 0.8624995 3.8038
 | 20.5003 63.5272 43.5224 0.8363253 CC1(C)NNC(=O)C(=C(O)C=CC=CN2CCOC2CC(=O)O)C(=O)N1 1 O=C1NCNNC(=O)C1=CC=CC=CN1CCOC1 1.0000000 1.0000 0.7628764 0.7629 0.6531772 4.5876
 | 12.5735 54.0952 59.4600 0.8871496 O=C1NN(CCO)C(O)C1=C(O)C=CC=CN1CCC(O)CC1 1 O=C1NNCC1=CC=CC=CN1CCCCC1 1.0000000 1.0000 0.8204250 0.8204 0.7669024 4.2242
 | 8.9215 50.9415 60.8189 0.8731283 C=c1[nH]c(=O)c(=C(O)C=CC=CN2CCCO2)c(=O)o1 1 C=c1[nH]c(=O)c(=CC=CC=CN2CCCO2)c(=O)o1 1.0000000 1.0000 0.8070081 0.8070 0.7316012 4.3468
 | 6.7787 52.9937 -52.9937 0.0000000 C=c1[nH]c(=O)c(=C(O)C=CC=CN2CC(O)C2)c(=O)o1 1 C=c1[nH]c(=O)c(=CC=CC=CN2CCC2)c(=O)o1 1.0000000 1.0000 0.8597283 0.8597 0.7938668 4.1216
02:43:28 <INFO> Score: 0.80 Agent NLL: 14.58 Valid:  99% Step: 6
 | Agent Prior Target Score SMILES SMILES_state Scaffold DASA DASA (raw) Solubility Solubility (raw) SA SA (raw)
 | 19.9733 61.9124 51.2204 0.8838502 CN1CCNC(=O)C1=C(O)C=CC=CN1CCCN(C=O)C1 1 O=C1NCCNC1=CC=CC=CN1CCCNC1 1.0000000 1.0000 0.7563123 0.7563 0.8324324 3.9558
 | 18.2877 60.4006 48.0968 0.8476361 CC1OC(=O)C(=C(O)C=CC=CN2CC(=O)N(CCC[N+](C)(C)C)C(=O)C2)C1=O 1 O=C1CN(C=CC=CC=C2C(=O)COC2=O)CC(=O)N1 1.0000000 1.0000 0.6981600 0.6982 0.7686589 4.2178
 | 8.3830 42.2765 -42.2765 0.0000000 O=C1COC(=O)C1=C(O)C=CC=CN1CCCC1 1 O=C1COC(=O)C1=CC=CC=CN1CCCC1 1.0000000 1.0000 0.6907381 0.6907 0.9272677 3.3418
 | 18.4751 58.5287 46.3517 0.8193774 COC1=C(Cl)C(=O)C(=C(O)C=CC=CN2CCCCN(C)CC2)C(=O)N1 1 O=C1C=CNC(=O)C1=CC=CC=CN1CCCCNCC1 1.0000000 1.0000 0.5371579 0.5372 0.9130833 3.4679
 | 11.1659 47.7321 68.6076 0.9089038 COC1=CC(=O)C(=C(O)C=CC=CN2CCN(CCO)CC2)C(=O)N1 1 O=C1C=CNC(=O)C1=CC=CC=CN1CCNCC1 1.0000000 1.0000 0.7679195 0.7679 0.9191712 3.4163
 | 14.5918 53.8989 46.2356 0.7823009 CC1CN(C=CC=CC(O)=C2CC(O)NC2=O)CC1O 1 O=C1NCCC1=CC=CC=CN1CCCC1 1.0000000 1.0000 0.7653939 0.7654 0.4914827 5.0222
 | 12.4506 57.6211 42.4189 0.7815625 C=C1CC(=C(O)C=CC=CN2CCC(O)C2C)C(=O)NC(=O)N1 1 C=C1CC(=CC=CC=CN2CCCC2)C(=O)NC(=O)N1 1.0000000 1.0000 0.6435770 0.6436 0.6027359 4.7284
 | 13.5680 53.6171 54.4901 0.8445872 CC1=CCN(C=CC=CC(O)=C2NONC2=O)CC1 1 O=C1NONC1=CC=CC=CN1CC=CCC1 1.0000000 1.0000 0.6859404 0.6859 0.7733273 4.2006
 | 9.8768 50.7305 59.2213 0.8589983 O=C1CCN(C=CC=CC(O)=C2CC(O)CNC2=O)N1 1 O=C1CCN(C=CC=CC=C2CCCNC2=O)N1 1.0000000 1.0000 0.8032934 0.8033 0.6869398 4.4881
 | 18.0860 59.0934 44.0740 0.8059952 CC1CCNC(=C(O)C=CC=CN2CCCOS2(=O)=O)C(=O)N1 1 O=C1NCCCNC1=CC=CC=CN1CCCOS1(=O)=O 1.0000000 1.0000 0.7006997 0.7007 0.6193812 4.6828
02:43:29 <INFO> Sampled SMILES O=C1C(=C(O)C=CC=CN2NC(=O)CO2)(C)CCC1=COC(=O)C failed to sanitize.
02:43:29 <INFO> Score: 0.75 Agent NLL: 15.42 Valid:  98% Step: 7
 | Agent Prior Target Score SMILES SMILES_state Scaffold DASA DASA (raw) Solubility Solubility (raw) SA SA (raw)
 | 15.7299 58.7646 56.3881 0.8996297 O=C1CN(C=CC=CC(O)=C2C(=O)NCCOC2=O)OC(=O)N1 1 O=C1CN(C=CC=CC=C2C(=O)NCCOC2=O)OC(=O)N1 1.0000000 1.0000 0.8071271 0.8071 0.8293497 3.9701
 | 10.8162 51.8444 55.6366 0.8396951 CN1C(=O)C(=C(O)C=CC=CN2CCC(=O)N2)C(O)C1O 1 O=C1CCN(C=CC=CC=C2CCNC2=O)N1 1.0000000 1.0000 0.8378667 0.8379 0.5936096 4.7532
 | 13.1102 50.5221 59.2510 0.8576019 CN1OC(=O)C(=C(O)C=CC=CN2CCCCO2)C1=O 1 O=C1NOC(=O)C1=CC=CC=CN1CCCCO1 1.0000000 1.0000 0.6961580 0.6962 0.8101224 4.0549
 | 18.1774 58.1117 45.3818 0.8085431 CC(=O)N=C1NC(=O)C(=C(O)C=CC=CN2CC(CNC(C)=O)OC2=O)CS1 1 N=C1NC(=O)C(=CC=CC=CN2CCOC2=O)CS1 1.0000000 1.0000 0.6411844 0.6412 0.6981903 4.4536
 | 12.5405 52.5280 50.2312 0.8028068 CC1=CN(C=CC=CC(O)=C2OC=CC2=O)CCN1 1 O=C1C=COC1=CC=CC=CN1C=CNCC1 1.0000000 1.0000 0.6095331 0.6095 0.7200618 4.3845
 | 11.3709 57.3961 51.7727 0.8528810 NC1CCCN(C=CC=CC(O)=C2C(=O)NC(O)OC2=O)C1 1 O=C1NCOC(=O)C1=CC=CC=CN1CCCCC1 1.0000000 1.0000 0.8016626 0.8017 0.6682537 4.5438
 | 12.6548 54.4312 55.5954 0.8595828 CC1NC(=O)C(=C(O)C=CC=CN2CCNC(=O)C2)C(O)C1=O 1 O=C1CNC(=O)C(=CC=CC=CN2CCNC(=O)C2)C1 1.0000000 1.0000 0.8246554 0.8247 0.6675463 4.5459
 | 11.5538 55.1760 50.8613 0.8284161 CC1CCN(C=CC=CC(O)=C2OC(=O)NN(C)C2=O)CC1 1 O=C1NNC(=O)C(=CC=CC=CN2CCCCC2)O1 1.0000000 1.0000 0.5807106 0.5807 0.8707471 3.7573
 | 19.3205 58.5676 50.9203 0.8553743 O=C1CN(C=CC=CC(O)=C2CC(C3=NCCN3)NC(=O)NC2=O)CCN1 1 O=C1CN(C=CC=CC=C2CC(C3=NCCN3)NC(=O)NC2=O)CCN1 1.0000000 1.0000 0.7911211 0.7911 0.6873286 4.4869
 | 17.4431 64.1986 38.2045 0.8000247 CC1(C)NC(=O)C(=C(O)C=CC=CN2CCC(N)C2O)C(=O)NC1O 1 O=C1NCCNC(=O)C1=CC=CC=CN1CCCC1 1.0000000 1.0000 0.8184072 0.8184 0.4982771 5.0045
02:43:29 <INFO> Sampled SMILES N1C(=O)C(=C(O)C=CC=CN2CN(C)CCO2)C(C)=c2c1c1c(O)ccc(O)c1cc2 failed to sanitize.
02:43:29 <INFO> Score: 0.79 Agent NLL: 15.16 Valid:  99% Step: 8
 | Agent Prior Target Score SMILES SMILES_state Scaffold DASA DASA (raw) Solubility Solubility (raw) SA SA (raw)
 | 14.4105 57.2724 57.4103 0.8959585 C=c1cc[nH]c(=O)c1=C(O)C=CC=CN1CCC(=O)C1=O 1 C=c1cc[nH]c(=O)c1=CC=CC=CN1CCC(=O)C1=O 1.0000000 1.0000 0.7897494 0.7897 0.8368006 3.9351
 | 16.2408 63.2465 44.6021 0.8425678 CC1C(O)CCN1C=CC=CC(O)=C1C(=O)NC(=O)C(O)NC1=O 1 O=C1CNC(=O)C(=CC=CC=CN2CCCC2)C(=O)N1 1.0000000 1.0000 0.8348443 0.8348 0.6048028 4.7228
 | 14.0470 53.3526 50.2882 0.8096944 CC1=CC(=C(O)C=CC=CN2CCCCC2CO)C(=O)C(O)C1=O 1 O=C1C=CC(=CC=CC=CN2CCCCC2)C(=O)C1 1.0000000 1.0000 0.6293880 0.6294 0.7182019 4.3905
 | 11.9150 55.7724 56.9318 0.8805017 O=C1C=CNC(=O)C(=C(O)C=CC=CN2CCCC2)C1=O 1 O=C1C=CNC(=O)C(=CC=CC=CN2CCCC2)C1=O 1.0000000 1.0000 0.6983026 0.6983 0.9016013 3.5570
 | 9.6926 51.0376 62.1165 0.8840162 COCOC1=C(C)C(=O)C(=C(O)C=CC=CN)C1=O 1 C=C1C(=O)C=CC1=O 1.0000000 1.0000 0.7162933 0.7163 0.8892500 3.6430
 | 13.7826 47.8456 69.6944 0.9182812 O=C1CN(C=CC=CC(O)=C2C(=O)NC(=O)OC2=O)C(=O)CN1 1 O=C1CN(C=CC=CC=C2C(=O)NC(=O)OC2=O)C(=O)CN1 1.0000000 1.0000 0.8319603 0.8320 0.8717157 3.7517
 | 14.0221 46.1527 49.3809 0.7463560 CC1(N)CCN(C=CC=CC(O)=C2C(=O)Nc3ccccc32)CC1 1 O=C1Nc2ccccc2C1=CC=CC=CN1CCCCC1 1.0000000 1.0000 0.3800688 0.3801 0.9344128 3.2694
 | 9.2434 56.6981 52.3389 0.8518519 C=c1o[nH]c(=O)c1=C(O)C=CC=CN1CC(CO)OC1=O 1 C=c1o[nH]c(=O)c1=CC=CC=CN1CCOC1=O 1.0000000 1.0000 0.8193147 0.8193 0.6477214 4.6032
 | 25.8302 64.9142 24.0724 0.6952072 CC1(C)OC(=O)C(=C(O)C=CC=CN2CCNC(=O)C2)C2=Nc3ccccc3C2(C)O1 1 O=C1CN(C=CC=CC=C2C(=O)OCOC3C2=Nc2ccccc23)CCN1 1.0000000 1.0000 0.3541217 0.3541 0.7549130 4.2671
 | 15.2571 58.1936 49.9077 0.8445414 CC1(N)CCN(C=CC=CC(O)=C2C(=O)NC(O)C(O)C2=O)CC1 1 O=C1CCNC(=O)C1=CC=CC=CN1CCCCC1 1.0000000 1.0000 0.7966853 0.7967 0.6460466 4.6080
02:43:30 <INFO> Score: 0.81 Agent NLL: 15.00 Valid: 100% Step: 9
 | Agent Prior Target Score SMILES SMILES_state Scaffold DASA DASA (raw) Solubility Solubility (raw) SA SA (raw)
 | 30.7696 45.2569 -45.2395 0.0001358 CC1(C)OC(CN2C(=O)OC(O)C(NC(=O)CO)C2=O)NC1=O 1 O=C1COC(CN2C(=O)CCOC2=O)N1 0.0000000 0.0000 0.9040887 0.9041 0.6473199 4.6044
 | 15.1125 72.7112 33.7332 0.8315975 CN1CC(=O)C(=C(O)C=CC=CN2CC(CO)OC2=CO)C(=O)N1 1 C=C1OCCN1C=CC=CC=C1C(=O)CNNC1=O 1.0000000 1.0000 0.7762851 0.7763 0.6246113 4.6683
 | 10.2412 50.4852 57.0946 0.8404668 CC1=CCCN1C=CC=CC(O)=C1C(=O)CCNC1=O 1 O=C1CCNC(=O)C1=CC=CC=CN1C=CCC1 1.0000000 1.0000 0.6177431 0.6177 0.8590471 3.8226
 | 10.9360 52.4622 47.3540 0.7798136 COC1=CCCN1C=CC=CC(O)=C1OC(C)(C)OC1=O 1 O=C1OCOC1=CC=CC=CN1C=CCC1 1.0000000 1.0000 0.5014952 0.5015 0.8054549 4.0745
 | 11.0996 49.2354 56.9942 0.8299189 CC1(C)OC(=O)C(=C(O)C=CC=CN2CCOCC2N)O1 1 O=C1OCOC1=CC=CC=CN1CCOCC1 1.0000000 1.0000 0.6920603 0.6921 0.7108486 4.4140
 | 17.7125 65.8051 34.8180 0.7861180 O=C1NCC(O)NC1=C(O)C=CC=CN1CC(O)C(F)(F)C1 1 O=C1NCCNC1=CC=CC=CN1CCCC1 1.0000000 1.0000 0.8011422 0.8011 0.4748943 5.0655
 | 11.8111 54.7980 61.9514 0.9121047 O=c1[nH]c(=O)c(=C(O)C=CC=CN2CCOCC2)oc1=CCO 1 C=c1oc(=CC=CC=CN2CCOCC2)c(=O)[nH]c1=O 1.0000000 1.0000 0.8450754 0.8451 0.8315976 3.9597
 | 11.8343 42.5781 70.1987 0.8810689 CC=c1[nH]c(=O)c(=C(O)C=CC=CN2CCOCC2)o1 1 C=c1[nH]c(=O)c(=CC=CC=CN2CCOCC2)o1 1.0000000 1.0000 0.7613213 0.7613 0.8150044 4.0340
 | 15.5694 57.1686 45.5968 0.8028547 O=C1NCCC=CCC1=C(O)C=CC=CN1CCCO1 1 O=C1NCCC=CCC1=CC=CC=CN1CCCO1 1.0000000 1.0000 0.5609456 0.5609 0.7957384 4.1141
 | 13.6037 54.8721 65.4143 0.9397380 NC=CC=CC(O)=C1C(=O)N(CCOCCO)C1=O 1 C=C1C(=O)NC1=O 1.0000000 1.0000 0.8482231 0.8482 0.9384615 3.2251
02:43:31 <INFO> Score: 0.81 Agent NLL: 15.28 Valid: 100% Step: 10
 | Agent Prior Target Score SMILES SMILES_state Scaffold DASA DASA (raw) Solubility Solubility (raw) SA SA (raw)
 | 16.4805 50.7747 58.0235 0.8499855 COC=C1OC(=O)C(=C(O)C=CC=CN2CCC(O)C2=O)C1=O 1 C=C1OC(=O)C(=CC=CC=CN2CCCC2=O)C1=O 1.0000000 1.0000 0.7413167 0.7413 0.7236422 4.3729
 | 14.0237 58.1823 48.9236 0.8367648 CC1CN(C=CC=CC(O)=C2C(=O)NNC2O)CC(=O)N1 1 O=C1CN(C=CC=CC=C2CNNC2=O)CCN1 1.0000000 1.0000 0.8445178 0.8445 0.5794336 4.7912
 | 18.0092 64.0693 35.6397 0.7789762 O=C1NC(=O)C2(N1)NC(=O)C(=C(O)C=CC=CN1CCOS1(=O)=O)C2=O 1 O=C1NC(=O)C2(N1)NC(=O)C(=CC=CC=CN1CCOS1(=O)=O)C2=O 1.0000000 1.0000 0.8495632 0.8496 0.4259579 5.1944
 | 12.3252 53.7716 61.8458 0.9032613 O=C1NNOC(=O)C1=C(O)C=CC=CN1CCC(O)CC1 1 O=C1NNOC(=O)C1=CC=CC=CN1CCCCC1 1.0000000 1.0000 0.7984380 0.7984 0.8545290 3.8466
 | 14.2857 59.5523 50.6355 0.8608416 CN1CC(O)C(=C(O)C=CC=CN2CCOCC2CO)C1=O 1 O=C1NCCC1=CC=CC=CN1CCOCC1 1.0000000 1.0000 0.7973670 0.7974 0.6993391 4.4501
 | 9.9755 53.6544 49.2793 0.8041695 CC1CCN(C=CC=CC(O)=C2NOC(C)NC2=O)CC1 1 O=C1NCONC1=CC=CC=CN1CCCCC1 1.0000000 1.0000 0.6056998 0.6057 0.7307199 4.3497
 | 12.0501 52.3686 57.6971 0.8598881 O=C1NC(=O)S(=O)(=O)NC1=C(O)C=CC=CN1CCC(O)C1 1 O=C1NC(=O)S(=O)(=O)NC1=CC=CC=CN1CCCC1 1.0000000 1.0000 0.8013048 0.8013 0.6919883 4.4727
 | 17.0052 57.5529 56.5364 0.8913227 C=c1[nH]c(=N)c(=C(O)C=CC=CN(C)CCO)c(=O)o1 1 C=c1[nH]c(=N)c(=C)c(=O)o1 1.0000000 1.0000 0.8511466 0.8511 0.7484136 4.2898
 | 17.1893 57.7942 40.9247 0.7712416 COC=CC1=C(C)OC(=C(O)C=CC=CN2CCCO2)C(=O)N1 1 O=C1NC=COC1=CC=CC=CN1CCCO1 1.0000000 1.0000 0.5408561 0.5409 0.7022662 4.4410
 | 25.8700 75.1359 21.2406 0.7529419 CCOC=c1[nH]c(=O)c(=C(O)C=CC=CN2CC(O)(CCO)C(O)CO2)o1 1 C=c1[nH]c(=O)c(=CC=CC=CN2CCCCO2)o1 1.0000000 1.0000 0.8326616 0.8327 0.3782995 5.3236
02:43:31 <INFO> Score: 0.78 Agent NLL: 14.53 Valid: 100% Step: 11
 | Agent Prior Target Score SMILES SMILES_state Scaffold DASA DASA (raw) Solubility Solubility (raw) SA SA (raw)
 | 7.1718 46.3423 -46.3423 0.0000000 O=C1OCC1=C(O)C=CC=CN1CCCC1 1 O=C1OCC1=CC=CC=CN1CCCC1 1.0000000 1.0000 0.6603177 0.6603 0.9064667 3.5204
 | 11.3663 55.4694 58.1058 0.8873059 C=c1[nH]c(=O)[nH]c(=O)c1=C(O)C=CC=CN1CCOC(CCO)C1 1 C=c1[nH]c(=O)[nH]c(=O)c1=CC=CC=CN1CCOCC1 1.0000000 1.0000 0.8380202 0.8380 0.7481741 4.2906
 | 11.2930 51.4358 55.7573 0.8374454 CC1NC(=O)C(=C(O)C=CC=CN2CCCC2)C(O)C1O 1 O=C1NCCCC1=CC=CC=CN1CCCC1 1.0000000 1.0000 0.7418048 0.7418 0.6793126 4.5110
 | 8.4493 49.4983 64.1171 0.8876202 O=C1NONC1=C(O)C=CC=CN1CCCNC1 1 O=C1NONC1=CC=CC=CN1CCCNC1 1.0000000 1.0000 0.8084209 0.8084 0.7823286 4.1666
 | 21.1250 38.0165 -37.9996 0.0001322 C=C1OC(=O)C(=C(O)C=CCBr)C1=O 1 C=C1OC(=O)C(=C)C1=O 0.0000000 0.0000 0.6428852 0.6429 0.8685848 3.7698
 | 16.0102 52.6857 56.4399 0.8525437 CC1NC(=O)C(=C(O)C=CC=CN2CCOCC2)NC1=N 1 N=C1CNC(=O)C(=CC=CC=CN2CCOCC2)N1 1.0000000 1.0000 0.7399659 0.7400 0.7344393 4.3373
 | 13.4250 54.7632 51.1195 0.8272079 CC1(O)CC(=C(O)C=CC=CN2CC=CC2=O)C(=O)C1=O 1 O=C1CCC(=CC=CC=CN2CC=CC2=O)C1=O 1.0000000 1.0000 0.7148772 0.7149 0.6743790 4.5257
 | 12.6285 61.5153 52.7972 0.8930663 O=C1CCNC(=O)C1=C(O)C=CC=CN1CC(=NO)C1 1 N=C1CN(C=CC=CC=C2C(=O)CCNC2=O)C1 1.0000000 1.0000 0.7609205 0.7609 0.8631861 3.8000
 | 23.5996 73.9422 34.1376 0.8443736 CCN1C(=O)C(C)(O)CN(C=CC=CC(O)=C2C(=O)C=CC(=O)NC2=O)N1C 1 O=C1C=CC(=O)C(=CC=CC=CN2CCC(=O)NN2)C(=O)N1 1.0000000 1.0000 0.7516965 0.7517 0.6921409 4.4722
 | 29.5750 74.8698 30.7474 0.8251345 COC=c1ncc(=C(O)C=CC=CN2C=CCS2)c(=O)[nH]c1=O 1 C=c1ncc(=CC=CC=CN2C=CCS2)c(=O)[nH]c1=O 1.0000000 1.0000 0.7357300 0.7357 0.6446763 4.6119
02:43:32 <INFO> Score: 0.82 Agent NLL: 15.12 Valid: 100% Step: 12
 | Agent Prior Target Score SMILES SMILES_state Scaffold DASA DASA (raw) Solubility Solubility (raw) SA SA (raw)
 | 11.0285 47.9278 63.3567 0.8694095 O=C1C(=C(O)C=CC=CN2CCOCC2)C(O)CC1O 1 O=C1CCCC1=CC=CC=CN1CCOCC1 1.0000000 1.0000 0.7739892 0.7740 0.7555456 4.2649
 | 12.0799 57.0198 59.7745 0.9124556 O=C1NC(CO)(CO)OC(=O)C1=C(O)C=CC=CN1CC(O)C1 1 O=C1NCOC(=O)C1=CC=CC=CN1CCC1 1.0000000 1.0000 0.8752786 0.8753 0.7985714 4.1027
 | 13.6159 50.6033 60.4349 0.8674859 O=c1[nH]c(=CC=CCO)oc1=C(O)C=CC=CN1CCCC1 1 C=c1[nH]c(=O)c(=CC=CC=CN2CCCC2)o1 1.0000000 1.0000 0.7373357 0.7373 0.7934216 4.1234
 | 13.0565 63.2976 42.8904 0.8295944 O=c1[nH]c(=CN2CC2)oc(=O)c1=C(O)C=CC=CN1CC(O)C(O)C(O)C1 1 O=c1[nH]c(=CN2CC2)oc(=O)c1=CC=CC=CN1CCCCC1 1.0000000 1.0000 0.8956491 0.8956 0.5208000 4.9458
 | 13.2418 58.0251 46.4615 0.8163017 CC1NC(=O)CN(C=CC=CC(O)=C2OC(=O)C=CC2=O)O1 1 O=C1CN(C=CC=CC=C2OC(=O)C=CC2=O)OCN1 1.0000000 1.0000 0.7327445 0.7327 0.6191983 4.6833
 | 14.1806 45.1500 71.6541 0.9125318 NC=CC=CC(O)=C1NCCNC1=O 1 C=C1NCCNC1=O 1.0000000 1.0000 0.8414256 0.8414 0.8375732 3.9315
 | 14.7211 50.9553 56.7939 0.8417905 CC=C1CNC(=O)C(=C(O)C=C(O)C=CN2CCOCC2)O1 1 C=C1CNC(=O)C(=CC=CC=CN2CCOCC2)O1 1.0000000 1.0000 0.6486616 0.6487 0.8155210 4.0318
 | 21.5520 67.4218 44.7656 0.8764643 CN(C)C=CC=CC(O)=C1C(=O)NC(=O)NC(N2CCC2)=C2C(=O)N(C)N=C12 1 C=C1C(=O)NC(=O)NC(N2CCC2)=C2C(=O)NN=C12 1.0000000 1.0000 0.7009945 0.7010 0.8802911 3.7003
 | 8.3996 48.1323 59.8366 0.8435068 CC(O)C1C(=O)OC(=C(O)C=CC=CN2CCOCC2)C1=O 1 O=C1CC(=O)C(=CC=CC=CN2CCOCC2)O1 1.0000000 1.0000 0.7326070 0.7326 0.7107663 4.4143
 | 10.7649 57.7018 50.4763 0.8451413 C=C1CC(=C(O)C=CC=CN2CCCN(C)CC2)C(=O)NC(=O)N1 1 C=C1CC(=CC=CC=CN2CCCNCC2)C(=O)NC(=O)N1 1.0000000 1.0000 0.6138770 0.6139 0.8859425 3.6646
02:43:33 <INFO> Score: 0.79 Agent NLL: 14.52 Valid: 100% Step: 13
 | Agent Prior Target Score SMILES SMILES_state Scaffold DASA DASA (raw) Solubility Solubility (raw) SA SA (raw)
 | 13.6656 61.9494 47.5851 0.8557384 CN1CC(O)CNC(=O)C1=C(O)C=CC=CN1CCC(=O)N1 1 O=C1CCN(C=CC=CC=C2NCCCNC2=O)N1 1.0000000 1.0000 0.8179229 0.8179 0.6615725 4.5633
 | 9.8370 51.6140 -51.6140 0.0000000 CC1CCN(C=CC=CC(O)=C2C(=O)CC(=O)C2O)CC1 1 O=C1CC(=O)C(=CC=CC=CN2CCCCC2)C1 1.0000000 1.0000 0.6136188 0.6136 0.8266975 3.9822
 | 13.4402 44.0689 68.7677 0.8815360 CON(C)C=CC=CC(O)=C1OCCNC1=O 1 C=C1OCCNC1=O 1.0000000 1.0000 0.7621123 0.7621 0.8158032 4.0305
 | 14.7371 57.7346 49.7510 0.8397314 O=C1NC(C(O)CO)C(=O)C1=C(O)C=CC=CN1CC=CCC1 1 O=C1CNC(=O)C1=CC=CC=CN1CC=CCC1 1.0000000 1.0000 0.7873244 0.7873 0.6397427 4.6259
 | 11.7150 60.6359 48.3305 0.8512996 CC1(CO)NC(=O)C(=C(O)C=CC=CN2CCC(=O)N2)C(=O)O1 1 O=C1CCN(C=CC=CC=C2C(=O)NCOC2=O)N1 1.0000000 1.0000 0.8154363 0.8154 0.6496481 4.5977
 | 13.2475 61.8306 49.7665 0.8718524 O=C1NN(CCO)CCNC1=C(O)C=CC=CN1CCCC1CO 1 O=C1NNCCNC1=CC=CC=CN1CCCC1 1.0000000 1.0000 0.8051544 0.8052 0.7291308 4.3549
 | 13.2735 57.5688 61.1399 0.9274120 O=C1COC(=C(O)C=CC=CNCCO)C(=O)N1 1 C=C1OCC(=O)NC1=O 1.0000000 1.0000 0.8512997 0.8513 0.8839880 3.6771
 | 10.8134 46.6292 55.3617 0.7968036 CC1C(=O)OC(=C(O)C=CC=CN2CCOCC2C)C1=O 1 O=C1CC(=O)C(=CC=CC=CN2CCOCC2)O1 1.0000000 1.0000 0.6355192 0.6355 0.6636225 4.5574
 | 28.7944 69.9117 43.1467 0.8832689 CN1CCCNC1=CC(O)=CC(O)=C1CNNC1=O 1 O=C1NNCC1=CC=CC=C1NCCCN1 1.0000000 1.0000 0.7944273 0.7944 0.7825738 4.1657
 | 10.8145 48.6319 54.3175 0.8042926 CC1CC(O)C(=C(O)C=CC=CN2CCCC2)C1=O 1 O=C1CCCC1=CC=CC=CN1CCCC1 1.0000000 1.0000 0.5754800 0.5755 0.7775046 4.1849
02:43:33 <INFO> Score: 0.80 Agent NLL: 14.42 Valid: 100% Step: 14
 | Agent Prior Target Score SMILES SMILES_state Scaffold DASA DASA (raw) Solubility Solubility (raw) SA SA (raw)
 | 13.0701 57.6121 47.7081 0.8228141 O=C1CCC(O)C1=C(O)C=CC=CN1CCC(=NO)C1 1 N=C1CCN(C=CC=CC=C2CCCC2=O)C1 1.0000000 1.0000 0.6664651 0.6665 0.7173554 4.3933
 | 21.1635 46.3559 -46.3381 0.0001384 CCN1CC(=O)C(=C(O)C=CC=COC)C1=O 1 C=C1C(=O)CNC1=O 0.0000000 0.0000 0.7206780 0.7207 0.9203007 3.4063
 | 10.1459 51.1532 53.5991 0.8183773 CC1(C)OC(=O)C(=C(O)C=CC=CN2CCCC2CO)O1 1 O=C1OCOC1=CC=CC=CN1CCCC1 1.0000000 1.0000 0.6071587 0.6072 0.7842278 4.1593
 | 16.2672 57.9523 49.4459 0.8390482 C=CCC1NC(=O)C(=C(O)C=CC=CN2CC(O)C2)N1 1 O=C1NCNC1=CC=CC=CN1CCC1 1.0000000 1.0000 0.7726646 0.7727 0.6521024 4.5907
 | 13.7539 63.6262 43.9539 0.8404691 CC1(N)CCN(C=CC=CC(O)=C2C(=O)NC(=CN3CCOCC3)C2=O)C1=O 1 O=C1NC(=CN2CCOCC2)C(=O)C1=CC=CC=CN1CCCC1=O 1.0000000 1.0000 0.7257031 0.7257 0.7080773 4.4228
 | 9.4862 47.3198 64.7914 0.8758690 O=C1NC(=O)C(=C(O)C=CC=CN2CCOCC2)CCO1 1 O=C1NC(=O)C(=CC=CC=CN2CCOCC2)CCO1 1.0000000 1.0000 0.6832536 0.6833 0.9052031 3.5301
 | 11.7949 53.4469 57.1237 0.8638330 O=C1CC(=O)C(=C(O)C=CC=CN2CCOCC2C(=O)O)O1 1 O=C1CC(=O)C(=CC=CC=CN2CCOCC2)O1 1.0000000 1.0000 0.7451610 0.7452 0.7696707 4.2141
 | 11.7520 51.3934 55.6784 0.8364985 O=C1NS(=O)(=O)NC1=C(O)C=CC=CN1CC=CC(O)C1 1 O=C1NS(=O)(=O)NC1=CC=CC=CN1CC=CCC1 1.0000000 1.0000 0.8128876 0.8129 0.6057829 4.7201
 | 14.3761 59.3624 40.6165 0.7810857 O=C1NC(O)C(O)C1=C(O)C=CC=CN1CCC=C(O)C1O 1 O=C1NCCC1=CC=CC=CN1CC=CCC1 1.0000000 1.0000 0.8071940 0.8072 0.4581007 5.1094
 | 8.0470 43.1236 67.2089 0.8619732 CC1OC(=O)C1=C(O)C=CC=CN 1 C=C1COC1=O 1.0000000 1.0000 0.7590553 0.7591 0.7460120 4.2981
02:43:34 <INFO> Score: 0.75 Agent NLL: 14.34 Valid: 100% Step: 15
 | Agent Prior Target Score SMILES SMILES_state Scaffold DASA DASA (raw) Solubility Solubility (raw) SA SA (raw)
 | 9.7708 41.5589 69.0707 0.8642935 O=C1OCOC1=C(O)C=CC=CN1CCCC1 1 O=C1OCOC1=CC=CC=CN1CCCC1 1.0000000 1.0000 0.6578487 0.6578 0.8958308 3.5983
 | 10.1154 55.9727 50.2040 0.8295057 C=C1NC(=O)C(=C(O)C=CC=CN2CCC(N)C2)CO1 1 C=C1NC(=O)C(=CC=CC=CN2CCCC2)CO1 1.0000000 1.0000 0.7266325 0.7266 0.6690576 4.5414
 | 10.0877 46.0083 69.8313 0.9049968 O=C1CN(C=CC=CC(O)=C2NONC2=O)CCN1 1 O=C1CN(C=CC=CC=C2NONC2=O)CCN1 1.0000000 1.0000 0.8487234 0.8487 0.8005680 4.0946
 | 14.1902 52.2963 56.2795 0.8482484 CN1CNC(=O)C1=C(O)C=CC=CN1CC=CCC1 1 O=C1NCNC1=CC=CC=CN1CC=CCC1 1.0000000 1.0000 0.6806429 0.6806 0.7948654 4.1176
 | 12.8051 48.8527 55.2341 0.8131781 CCC1C(=O)OC(=C(O)C=CC=CN2CCN(C)C2=O)C1=O 1 O=C1CC(=O)C(=CC=CC=CN2CCNC2=O)O1 1.0000000 1.0000 0.6295349 0.6295 0.7310650 4.3485
 | 13.7209 53.6265 57.4998 0.8681746 O=C1NN(CCO)CC1=C(O)C=CC=CN1CCCC(O)C1 1 O=C1NNCC1=CC=CC=CN1CCCCC1 1.0000000 1.0000 0.7862168 0.7862 0.7370535 4.3286
 | 12.2820 66.6926 42.7920 0.8553486 NC1NC(=O)C(=C(O)C=CC=CN2CC(O)C2)C(=O)NC1N 1 O=C1NCCNC(=O)C1=CC=CC=CN1CCC1 1.0000000 1.0000 0.8954395 0.8954 0.5923220 4.7566
 | 14.5927 61.2608 49.2460 0.8633347 O=C1NC(O)C=C(O)C1=C(O)C=CC=CN1CC(O)C1 1 O=C1NCC=CC1=CC=CC=CN1CCC1 1.0000000 1.0000 0.8060106 0.8060 0.6987854 4.4518
 | 10.0446 54.0133 59.0902 0.8836212 NC=CC=CC(O)=C1C(=O)OC1C(O)O 1 C=C1COC1=O 1.0000000 1.0000 0.8613317 0.8613 0.7113991 4.4123
 | 16.1259 61.3897 45.6228 0.8360354 COC1(C)OC(=O)C(=C(O)C=CC=CN2CCN(C)CCC2=O)O1 1 O=C1OCOC1=CC=CC=CN1CCNCCC1=O 1.0000000 1.0000 0.6565663 0.6566 0.7809250 4.1720
02:43:35 <INFO> Sampled SMILES O=C1C(=C(O)C=CC=CN2CCNCC2)OC(=C)N(C)C1=Cl failed to sanitize.
02:43:35 <INFO> Score: 0.77 Agent NLL: 14.78 Valid:  99% Step: 16
 | Agent Prior Target Score SMILES SMILES_state Scaffold DASA DASA (raw) Solubility Solubility (raw) SA SA (raw)
 | 16.2257 59.2109 38.2705 0.7615739 O=C1C(=C(O)C=CC=CN2CCCNC2)OC(=CBr)C1O 1 C=C1CC(=O)C(=CC=CC=CN2CCCNC2)O1 1.0000000 1.0000 0.5925230 0.5925 0.5969588 4.7441
 | 21.0528 51.5274 59.3521 0.8662461 CC(=CC=CC(O)=C1CC2C(=CCO)C(=O)N2C1=O)N(CCO)CCO 1 C=C1CC2C(=C)C(=O)N2C1=O 1.0000000 1.0000 0.7761525 0.7762 0.7415782 4.3133
 | 11.7366 55.5550 -55.5550 0.0000000 CN1C(=O)NC(=O)C(=C(O)C=CC=CN2CC(O)C2)C1O 1 O=C1NCC(=CC=CC=CN2CCC2)C(=O)N1 1.0000000 1.0000 0.8215427 0.8215 0.7774472 4.1851
 | 6.7866 40.2877 -40.2877 0.0000000 C=C1CC(=O)C(=C(O)C=CC=CN(C)C)OC1=O 1 C=C1CC(=O)C(=C)OC1=O 1.0000000 1.0000 0.6486928 0.6487 0.8382050 3.9284
 | 11.0943 51.3421 64.9491 0.9085249 O=C1NC(=O)C(CO)NC1=C(O)C=CC=CN1CCOCC1 1 O=C1CNC(=CC=CC=CN2CCOCC2)C(=O)N1 1.0000000 1.0000 0.8356745 0.8357 0.8290299 3.9715
 | 13.5117 46.8124 66.0298 0.8815797 CC(=CC=CC(O)=C1C(=O)NC(=O)NC1=O)N1CCSC1 1 O=C1NC(=O)C(=CC=CC=CN2CCSC2)C(=O)N1 1.0000000 1.0000 0.6943770 0.6944 0.9123979 3.4735
 | 10.3385 57.1824 59.6956 0.9131092 C=c1[nH]c(=O)[nH]c(=O)c(=C(O)C=CC=CN2CCC(=O)N2)c1=O 1 C=c1[nH]c(=O)[nH]c(=O)c(=CC=CC=CN2CCC(=O)N2)c1=O 1.0000000 1.0000 0.8800516 0.8801 0.7957665 4.1140
 | 13.6105 52.2137 52.1810 0.8155832 CC1COCCN1C=CC=CC(O)=C1CC(C)(O)C(=O)NC1=O 1 O=C1CCC(=CC=CC=CN2CCOCC2)C(=O)N1 1.0000000 1.0000 0.7072607 0.7073 0.6436821 4.6147
 | 16.7315 50.1104 55.2777 0.8233445 CC1(C)CC(=O)C(=C(O)C=CC=CN2CCC(C(=O)O)C2)C(=O)O1 1 O=C1CCOC(=O)C1=CC=CC=CN1CCCC1 1.0000000 1.0000 0.5811922 0.5812 0.8477328 3.8815
 | 14.4325 51.0203 44.9510 0.7497761 CCC1C(=O)OC(=C(O)C=CC=CN2CCCCCO2)C1=O 1 O=C1CC(=O)C(=CC=CC=CN2CCCCCO2)O1 1.0000000 1.0000 0.4814228 0.4814 0.7172667 4.3935
02:43:35 <INFO> Score: 0.80 Agent NLL: 13.23 Valid: 100% Step: 17
 | Agent Prior Target Score SMILES SMILES_state Scaffold DASA DASA (raw) Solubility Solubility (raw) SA SA (raw)
 | 9.1178 48.4682 61.9615 0.8627322 CNC=CC=CC(O)=C1OC(C)(C)OC1=O 1 C=C1OCOC1=O 1.0000000 1.0000 0.6776783 0.6777 0.8579283 3.8286
 | 9.5276 44.9683 74.3240 0.9319709 C=c1[nH]c(=O)[nH]c(=O)c1=C(O)C=CC=CN(CCO)CCO 1 C=c1[nH]c(=O)[nH]c(=O)c1=C 1.0000000 1.0000 0.8939878 0.8940 0.8509265 3.8653
 | 21.9703 63.0902 31.9565 0.7425521 CC(=O)C1=CCN(C=CC=CC(O)=C2C(=O)CC=C2C)C(=O)O1 1 O=C1CC=CC1=CC=CC=CN1CC=COC1=O 1.0000000 1.0000 0.4233477 0.4233 0.8035567 4.0823
 | 14.7255 42.8503 60.8747 0.8103515 C=CC1(C)CNC(=O)C(=C(O)C=CC=CN(C)C)O1 1 C=C1OCCNC1=O 1.0000000 1.0000 0.6433048 0.6433 0.7019856 4.4419
 | 8.8757 51.6327 62.1296 0.8887676 NC1=NCCN1C=CC=CC(O)=C1OC(=O)NC1=O 1 O=C1NC(=O)C(=CC=CC=CN2C=NCC2)O1 1.0000000 1.0000 0.7964084 0.7964 0.8008433 4.0935
 | 17.1167 63.1724 44.4056 0.8404536 CC(C)N1NC(=O)C1=C(O)C=CC=CN1CCNC1=CO 1 C=C1NCCN1C=CC=CC=C1NNC1=O 1.0000000 1.0000 0.6934888 0.6935 0.7476709 4.2924
 | 9.3453 50.2072 63.7129 0.8900008 O=C1NOCC1=C(O)C=CC=CN1CC(O)C1 1 O=C1NOCC1=CC=CC=CN1CCC1 1.0000000 1.0000 0.8186051 0.8186 0.7793820 4.1778
 | 12.3382 59.1116 49.5626 0.8490174 O=C1NNC(=O)C(=C(O)C=CC=CN2CCC(=O)C2O)O1 1 O=C1CCN(C=CC=CC=C2OC(=O)NNC2=O)C1 1.0000000 1.0000 0.8128458 0.8128 0.6448220 4.6115
 | 14.4737 46.0252 58.2357 0.8145386 CN(O)C=CC=CC(O)=C1OC(=O)C(Cl)C1=O 1 C=C1OC(=O)CC1=O 1.0000000 1.0000 0.7050564 0.7051 0.6426290 4.6177
 | 11.5058 40.9334 63.2695 0.8140857 C=CC1OC(=O)C(=C(O)C=CC=CN(C)C)O1 1 C=C1OCOC1=O 1.0000000 1.0000 0.6626252 0.6626 0.6907055 4.4766
02:43:36 <INFO> Sampled SMILES O=C1C(=C(O)C=CC=CN)C(=O)N1CCO1CCOCC1 failed to sanitize.
02:43:36 <INFO> Score: 0.77 Agent NLL: 14.67 Valid:  99% Step: 18
 | Agent Prior Target Score SMILES SMILES_state Scaffold DASA DASA (raw) Solubility Solubility (raw) SA SA (raw)
 | 10.6953 63.9821 50.9587 0.8979754 CC(O)=c1oc(=C(O)C=CC=CN2CCNCC2)c(=O)[nH]c1=O 1 C=c1oc(=CC=CC=CN2CCNCC2)c(=O)[nH]c1=O 1.0000000 1.0000 0.8128982 0.8129 0.8159570 4.0299
 | 19.5935 63.0642 44.2502 0.8383935 CCCCC1=CN(C=CC=CC(O)=C2C(=O)NN=C2N)CCN1 1 O=C1NN=CC1=CC=CC=CN1C=CNCC1 1.0000000 1.0000 0.6526845 0.6527 0.7958611 4.1136
 | 11.1228 50.2381 62.0340 0.8771255 CN1NC(=O)C1=C(O)C=CC=CN1CC=CC1=O 1 O=C1NNC1=CC=CC=CN1CC=CC1=O 1.0000000 1.0000 0.7722197 0.7722 0.7862672 4.1515
 | 5.7740 42.5917 -42.5917 0.0000000 CC1C(=O)OC(=C(O)C=CC=CN2CCOCC2)C1=O 1 O=C1CC(=O)C(=CC=CC=CN2CCOCC2)O1 1.0000000 1.0000 0.6875140 0.6875 0.8099315 4.0557
 | 12.4430 47.1232 63.3698 0.8632266 CC=CC=c1[nH]c(=O)c(=C(O)C=CC=CN2CCN(C)CC2)o1 1 C=c1[nH]c(=O)c(=CC=CC=CN2CCNCC2)o1 1.0000000 1.0000 0.7068281 0.7068 0.8176129 4.0227
 | 19.9453 65.3402 39.0495 0.8155444 CN1CNC(=O)C(=C(O)C=CC=CN2CC=COC(O)C2O)C1=O 1 O=C1NCNC(=O)C1=CC=CC=CN1CC=COCC1 1.0000000 1.0000 0.8069274 0.8069 0.5493873 4.8709
 | 17.7831 58.3623 44.1841 0.8011438 COC1OCCCN(C=CC=CC(O)=C2C(=O)OC2O)O1 1 O=C1OCC1=CC=CC=CN1CCCOCO1 1.0000000 1.0000 0.7354657 0.7355 0.5697825 4.8170
 | 9.6429 58.1975 52.8660 0.8676836 C=c1[nH]c(=O)c(=C(O)C=CC=CN2CCOS(=O)(=O)C2)c(=O)o1 1 C=c1[nH]c(=O)c(=CC=CC=CN2CCOS(=O)(=O)C2)c(=O)o1 1.0000000 1.0000 0.8334307 0.8334 0.6856058 4.4921
 | 9.2673 54.3305 53.6721 0.8437699 NC1(CO)CCN(C=CC=CC(O)=C2NONC2=O)C1 1 O=C1NONC1=CC=CC=CN1CCCC1 1.0000000 1.0000 0.8479960 0.8480 0.5971292 4.7436
 | 6.9839 41.3484 74.4359 0.9045650 O=C1COC(=O)C1=C(O)C=CC=CN1CCOCC1 1 O=C1COC(=O)C1=CC=CC=CN1CCOCC1 1.0000000 1.0000 0.7509111 0.7509 0.9254243 3.3594
02:43:36 <INFO> Sampled SMILES N1C(=O)C(=C(O)C=CC=CN2CCOCC2)COC1=CC1=C(Cl)C(=O)C(Cl)=C1(O)CO failed to sanitize.
02:43:37 <INFO> Score: 0.79 Agent NLL: 13.67 Valid:  99% Step: 19
 | Agent Prior Target Score SMILES SMILES_state Scaffold DASA DASA (raw) Solubility Solubility (raw) SA SA (raw)
 | 8.3947 46.5317 63.5376 0.8599160 CC1C(=O)OC(=C(O)C=CC=CN2CCNCC2)C1=O 1 O=C1CC(=O)C(=CC=CC=CN2CCNCC2)O1 1.0000000 1.0000 0.7282401 0.7282 0.7762218 4.1897
 | 16.5633 52.8689 49.9630 0.8033743 O=C1CCCOC(=O)C1=C(O)C=CC=CN1C=CC=CC1 1 O=C1CCCOC(=O)C1=CC=CC=CN1C=CC=CC1 1.0000000 1.0000 0.5250906 0.5251 0.8637226 3.7971
 | 15.3022 59.6108 50.9313 0.8636100 CN1CCN(C=CC=CC(O)=C2CONC2=O)C(=O)C(N)C1 1 O=C1NOCC1=CC=CC=CN1CCNCCC1=O 1.0000000 1.0000 0.8151834 0.8152 0.6902840 4.4779
 | 9.0423 37.2094 73.5219 0.8650883 CN(C)C=CC=CC(O)=C1OC(C)(C)C(=O)C1=O 1 C=C1OCC(=O)C1=O 1.0000000 1.0000 0.6622206 0.6622 0.8921763 3.6234
 | 10.6202 58.2054 55.8200 0.8908233 CN(C)C=CC=CC(O)=C1OC(=C2NC(=O)NC2=O)C1=O 1 C=C1OC(=C2NC(=O)NC2=O)C1=O 1.0000000 1.0000 0.7569884 0.7570 0.8594440 3.8204
 | 9.4798 48.1414 65.5443 0.8881700 CC1NC(=O)C(=C(O)C=CC=CN2CCNCC2)C1=O 1 O=C1CNC(=O)C1=CC=CC=CN1CCNCC1 1.0000000 1.0000 0.7789251 0.7789 0.8201415 4.0116
 | 9.6263 50.9111 60.6367 0.8714672 O=C1NOC(=O)C1=C(O)C=CC=CN1CCOS1(=O)=O 1 O=C1NOC(=O)C1=CC=CC=CN1CCOS1(=O)=O 1.0000000 1.0000 0.8184104 0.8184 0.7136563 4.4051
 | 15.4821 63.7761 50.0132 0.8889788 C=C1C(=O)N(N)C2=C1C(=C(O)C=CC=CN)C(=O)N2 1 C=C1C(=O)NC2=C1C(=C)C(=O)N2 1.0000000 1.0000 0.8109657 0.8110 0.7844059 4.1586
 | 10.5223 52.7805 51.4195 0.8140618 C=C1CC(=C(O)C=CC=CN2CCSCC2)C(=O)NC(=O)N1 1 C=C1CC(=CC=CC=CN2CCSCC2)C(=O)NC(=O)N1 1.0000000 1.0000 0.5719645 0.5720 0.8239830 3.9945
 | 11.0625 47.7693 62.2437 0.8594768 CC1CCN(C=CC=CC(O)=C2C(=O)NCCOC2=O)CC1 1 O=C1NCCOC(=O)C1=CC=CC=CN1CCCCC1 1.0000000 1.0000 0.6301648 0.6302 0.9213794 3.3966
02:43:37 <INFO> Score: 0.74 Agent NLL: 13.64 Valid: 100% Step: 20
 | Agent Prior Target Score SMILES SMILES_state Scaffold DASA DASA (raw) Solubility Solubility (raw) SA SA (raw)
 | 15.9270 45.4463 -45.4285 0.0001393 C=c1[nH][nH]c(=O)c1=C(O)C=CN(CC)CC 1 C=c1[nH][nH]c(=O)c1=C 0.0000000 0.0000 0.8103600 0.8104 0.8194777 4.0145
 | 11.2419 49.0977 63.7314 0.8814771 O=C1NCCC(=C(O)C=CC=CN2CCC(O)CC2)C(=O)N1 1 O=C1NCCC(=CC=CC=CN2CCCCC2)C(=O)N1 1.0000000 1.0000 0.7028020 0.7028 0.8988491 3.5769
 | 13.6029 58.9343 58.1789 0.9149464 CC(O)=c1[nH]c(=O)[nH]c(=O)c(=C(O)C=CC=CN2CCOCC2)c1=O 1 C=c1[nH]c(=O)[nH]c(=O)c(=CC=CC=CN2CCOCC2)c1=O 1.0000000 1.0000 0.8238222 0.8238 0.8686836 3.7692
 | 16.5440 52.0419 54.5927 0.8330830 O=C1C(=C(O)C=CC=CN2CCCCC2CO)CCN1O 1 O=C1NCCC1=CC=CC=CN1CCCCC1 1.0000000 1.0000 0.6391356 0.6391 0.7946561 4.1185
 | 10.1212 42.5569 65.3027 0.8426533 C=C1C(=O)C(=C(O)C=CC=CN(C)C)OC1O 1 C=C1COC(=C)C1=O 1.0000000 1.0000 0.7219170 0.7219 0.7203453 4.3836
 | 16.5373 57.2487 36.1630 0.7297793 O=C1NC2(CC(O)C3OC32)C(=O)C1=C(O)C=CC=CN1CCNCC1 1 O=C1NC2(CCC3OC32)C(=O)C1=CC=CC=CN1CCNCC1 1.0000000 1.0000 0.8105245 0.8105 0.3426772 5.4243
 | 9.5636 49.8344 53.3331 0.8059963 CC1=CCCN1C=CC=CC(O)=C1OC(=O)CC1=O 1 O=C1CC(=O)C(=CC=CC=CN2C=CCC2)O1 1.0000000 1.0000 0.5743652 0.5744 0.7862724 4.1514
 | 10.3692 46.9331 64.9978 0.8744601 CN(C)C=CC=CC(O)=C1OC=C(CO)C1=O 1 C=C1OC=CC1=O 1.0000000 1.0000 0.7287451 0.7287 0.8321799 3.9569
 | 8.9774 56.2750 50.9143 0.8374161 CC1NC(=O)C(=C(O)C=CC=CN2CC(O)C2)CO1 1 O=C1NCOCC1=CC=CC=CN1CCC1 1.0000000 1.0000 0.7728277 0.7728 0.6466276 4.6064
 | 13.0268 60.8204 45.1754 0.8280923 CC1=C(C)OC(=C(O)C=CC=CN2CCC(=O)N2C)C(=O)N1 1 O=C1CCN(C=CC=CC=C2OC=CNC2=O)N1 1.0000000 1.0000 0.6275158 0.6275 0.7921023 4.1286
02:43:38 <INFO> Sampled SMILES N1C(=O)C(=C(O)C=CC=CN2CC(N)CC2)C(=C(C=O)C)=C1 failed to sanitize.
02:43:38 <INFO> Sampled SMILES O=C1C(=C(O)C=CC=CNCCO)OC(C)=c2c(O)c(OC)c(O)c(=CN(C)C)c21 failed to sanitize.
02:43:38 <INFO> Sampled SMILES O=C1C(=C(O)C=CC=CN(C)C)OC1(C)O1CCCC1 failed to sanitize.
02:43:38 <INFO> Score: 0.72 Agent NLL: 14.85 Valid:  96% Step: 21
 | Agent Prior Target Score SMILES SMILES_state Scaffold DASA DASA (raw) Solubility Solubility (raw) SA SA (raw)
 | 10.3426 56.4124 55.3830 0.8734017 CN1C(=O)C=CCN1C=CC=CC(O)=C1C(=O)NOC1=O 1 O=C1C=CCN(C=CC=CC=C2C(=O)NOC2=O)N1 1.0000000 1.0000 0.7816781 0.7817 0.7611415 4.2450
 | 9.1963 40.4737 65.3477 0.8267301 O=C1Nc2ccccc2C1=C(O)C=CC=CN1CCNCC1 1 O=C1Nc2ccccc2C1=CC=CC=CN1CCNCC1 1.0000000 1.0000 0.5359783 0.5360 0.9504976 3.0750
 | 14.3345 51.5920 51.1593 0.8027443 CN1C(=O)C(=C(O)C=CC=CN2CCC(O)C2)CCC1=S 1 O=C1NC(=S)CCC1=CC=CC=CN1CCCC1 1.0000000 1.0000 0.5998996 0.5999 0.7337195 4.3397
 | 8.4009 49.9776 64.6586 0.8955948 O=C1NCC(=O)C(O)C1=C(O)C=CC=CN1CCOCC1 1 O=C1CNC(=O)C(=CC=CC=CN2CCOCC2)C1 1.0000000 1.0000 0.8090343 0.8090 0.8115367 4.0489
 | 10.8620 45.9329 62.7119 0.8487877 CC1CC(=C(O)C=CC=CN)C(=O)C1=O 1 C=C1CCC(=O)C1=O 1.0000000 1.0000 0.7205015 0.7205 0.7443794 4.3037
 | 24.2725 67.8918 40.4948 0.8467702 CN1C(=O)CCN1C=CC=CC(O)=C1OC(CO)(CO)C(OCCO)C1=O 1 O=C1CCN(C=CC=CC=C2OCCC2=O)N1 1.0000000 1.0000 0.8275294 0.8275 0.6241302 4.6696
 | 8.6665 48.4854 64.0780 0.8794013 CC(O)C1NC(=O)C(=C(O)C=CC=CN)C1=O 1 C=C1C(=O)CNC1=O 1.0000000 1.0000 0.8381767 0.8382 0.7204157 4.3834
 | 10.0836 48.7617 65.4354 0.8921651 CN1CCCN(C=CC=CC(O)=C2C(=O)NOC2=O)C1 1 O=C1NOC(=O)C1=CC=CC=CN1CCCNC1 1.0000000 1.0000 0.7636100 0.7636 0.8559018 3.8394
 | 17.1145 55.5103 55.0033 0.8633873 CN1C(=O)C=CCN1C=CC=CC(O)=C1C(=O)C=CC1=O 1 O=C1C=CCN(C=CC=CC=C2C(=O)C=CC2=O)N1 1.0000000 1.0000 0.6923971 0.6924 0.8387598 3.9258
 | 9.2981 42.5154 66.0151 0.8478947 O=C1C=CCC1=C(O)C=CC=CN1CCOCC1 1 O=C1C=CCC1=CC=CC=CN1CCOCC1 1.0000000 1.0000 0.6153105 0.6153 0.8956180 3.5998
02:43:39 <INFO> Score: 0.73 Agent NLL: 13.61 Valid: 100% Step: 22
 | Agent Prior Target Score SMILES SMILES_state Scaffold DASA DASA (raw) Solubility Solubility (raw) SA SA (raw)
 | 15.7902 62.1757 46.3111 0.8475524 CNC1C(=O)C(=C(O)C=CC=CNOCCO)OC1O 1 C=C1OCCC1=O 1.0000000 1.0000 0.8582758 0.8583 0.5997185 4.7366
 | 13.5914 57.0529 48.5426 0.8249655 NC1CCN(C=CC=CC(O)=C2CC(O)NNC2=O)C1=O 1 O=C1NNCCC1=CC=CC=CN1CCCC1=O 1.0000000 1.0000 0.8375900 0.8376 0.5513059 4.8658
 | 10.2748 52.0429 51.8071 0.8113283 O=C1CCC(O)C1=C(O)C=CC=CN1CCCCO1 1 O=C1CCCC1=CC=CC=CN1CCCCO1 1.0000000 1.0000 0.6173329 0.6173 0.7413144 4.3142
 | 10.4067 53.3655 56.8681 0.8612003 C=c1[nH][nH]c(=O)c1=C(O)C=CC=CN1CC=CCC1 1 C=c1[nH][nH]c(=O)c1=CC=CC=CN1CC=CCC1 1.0000000 1.0000 0.7516227 0.7516 0.7520342 4.2772
 | 13.6234 60.0878 49.5072 0.8562108 CC1NC(=O)NC(=O)C(=C(O)C=CC=CN2CC=CC(=O)N2)C1=O 1 O=C1C=CCN(C=CC=CC=C2C(=O)CNC(=O)NC2=O)N1 1.0000000 1.0000 0.7653552 0.7654 0.7181304 4.3908
 | 9.3299 51.0475 60.0262 0.8677630 NC1COCCN1C=CC=CC(O)=C1C(=O)NOC1=O 1 O=C1NOC(=O)C1=CC=CC=CN1CCOCC1 1.0000000 1.0000 0.8274166 0.8274 0.6918559 4.4731
 | 14.0821 58.7161 53.4474 0.8762777 N=C1NC(=C(O)C=CC=CN2CCOCC2)C(=O)NC1CO 1 N=C1CNC(=O)C(=CC=CC=CN2CCOCC2)N1 1.0000000 1.0000 0.8098949 0.8099 0.7395730 4.3201
 | 14.9608 52.7869 54.6055 0.8390035 CC=C1NC(=O)C(=C(O)C=CC=CNC)C1CO 1 C=C1CC(=C)C(=O)N1 1.0000000 1.0000 0.7327001 0.7327 0.6948584 4.4639
 | 13.9523 41.0351 68.0210 0.8520011 CC(=O)OCC1CC(=O)C(=C(O)C=CC=CN(C)C)O1 1 C=C1OCCC1=O 1.0000000 1.0000 0.6591394 0.6591 0.8415420 3.9123
 | 9.0037 35.8154 74.4300 0.8612924 CN(C)C=CC=CC(O)=C1OC(C)(C)NC1=O 1 C=C1OCNC1=O 1.0000000 1.0000 0.6785633 0.6786 0.8505977 3.8669
02:43:39 <INFO> Score: 0.74 Agent NLL: 14.44 Valid: 100% Step: 23
 | Agent Prior Target Score SMILES SMILES_state Scaffold DASA DASA (raw) Solubility Solubility (raw) SA SA (raw)
 | 14.2700 53.1788 56.7783 0.8590398 C=C1C(=O)NC(=O)C(=C(O)C=CC=CN2CC=CCC2)C1=O 1 C=C1C(=O)NC(=O)C(=CC=CC=CN2CC=CCC2)C1=O 1.0000000 1.0000 0.6734729 0.6735 0.8489296 3.8755
 | 20.7098 52.2243 48.1196 0.7839364 CC1=CC(=C(O)C=CC=CN(O)C2OC(CO)C(O)C(O)C2O)C(=O)C1 1 O=C1CC=CC1=CC=CC=CNC1CCCCO1 1.0000000 1.0000 0.7756447 0.7756 0.4879599 5.0314
 | 9.9231 47.8328 65.1556 0.8827224 O=C1NCC(O)CC1=C(O)C=CC=CN1CCNCC1 1 O=C1NCCCC1=CC=CC=CN1CCNCC1 1.0000000 1.0000 0.7921247 0.7921 0.7832659 4.1630
 | 15.1656 50.6649 52.3922 0.8051333 O=C1NC(=O)C(=C(O)C=CC=CN2CCOC(CO)C2)SS1 1 O=C1NC(=O)C(=CC=CC=CN2CCOCC2)SS1 1.0000000 1.0000 0.6239291 0.6239 0.7087325 4.4207
 | 12.7861 54.2635 60.7721 0.8987153 O=C1NN(CCO)C(=O)C1=C(O)C=CC=CN1CCCO1 1 O=C1NNC(=O)C1=CC=CC=CN1CCCO1 1.0000000 1.0000 0.8135477 0.8135 0.8180000 4.0210
 | 9.2526 48.3026 66.5024 0.8969142 CN1CCN(C=CC=CC(O)=C2OC(=O)NC2=O)C(=O)C1 1 O=C1NC(=O)C(=CC=CC=CN2CCNCC2=O)O1 1.0000000 1.0000 0.7686058 0.7686 0.8683792 3.7709
 | 9.7264 43.2601 70.4968 0.8887259 CC(CO)=c1[nH]c(=O)c(=C(O)C=CC=CN(C)C)o1 1 C=c1[nH]c(=O)c(=C)o1 1.0000000 1.0000 0.8025314 0.8025 0.7933602 4.1236
 | 10.6021 48.3607 70.0745 0.9252751 O=C1NCCNC1=C(O)C=CC=CN1CCN(CCO)CC1 1 O=C1NCCNC1=CC=CC=CN1CCNCC1 1.0000000 1.0000 0.8194752 0.8195 0.9164203 3.4400
 | 9.3788 64.4327 51.6440 0.9068491 CN1CCCN(C=CC=CC(O)=c2oc(=CCO)c(=O)[nH]c2=O)CC1 1 C=c1oc(=CC=CC=CN2CCCNCC2)c(=O)[nH]c1=O 1.0000000 1.0000 0.8152140 0.8152 0.8474638 3.8829
 | 12.0760 57.9162 54.6511 0.8794320 CC1(C)NC(=O)C(=C(O)C=CC=CN2CCN=C2N)C(=O)O1 1 O=C1NCOC(=O)C1=CC=CC=CN1C=NCC1 1.0000000 1.0000 0.7571598 0.7572 0.8140001 4.0383
02:43:40 <INFO> Score: 0.72 Agent NLL: 13.77 Valid: 100% Step: 24
 | Agent Prior Target Score SMILES SMILES_state Scaffold DASA DASA (raw) Solubility Solubility (raw) SA SA (raw)
 | 12.4236 55.4920 53.8031 0.8538685 C=CCC1NC(=O)C(=C(O)C=CC=CN2CCCNCC2)C1=O 1 O=C1CNC(=O)C1=CC=CC=CN1CCCNCC1 1.0000000 1.0000 0.6868956 0.6869 0.8083013 4.0626
 | 10.8778 52.3899 55.7246 0.8446447 O=C1CC(O)C(=C(O)C=CC=CN2CCCCC2CO)C1=O 1 O=C1CCC(=CC=CC=CN2CCCCC2)C1=O 1.0000000 1.0000 0.7044412 0.7044 0.7492336 4.2870
 | 12.1998 56.0439 51.9292 0.8435403 CC1NC(=O)C(=C(O)C=CC=CN)C=C1N 1 C=C1C=CCNC1=O 1.0000000 1.0000 0.7825067 0.7825 0.6568388 4.5771
 | 17.5620 66.6555 46.7880 0.8862778 CN1CCN(C=CC=CC(O)=C2C(=O)NC(=O)C(N)=CC2O)C(=O)C1 1 O=C1C=CCC(=CC=CC=CN2CCNCC2=O)C(=O)N1 1.0000000 1.0000 0.8241037 0.8241 0.7596531 4.2503
 | 11.4452 53.0127 -53.0127 0.0000000 CC1C(=O)OC(=C(O)C=CC=CNC(=O)O)C1=O 1 C=C1OC(=O)CC1=O 1.0000000 1.0000 0.7118337 0.7118 0.7554976 4.2651
 | 10.8661 52.3775 -52.3775 0.0000000 CN1CCN(C=CC=CC(O)=C2OC(=O)NC2=O)C(=O)C1 1 O=C1NC(=O)C(=CC=CC=CN2CCNCC2=O)O1 1.0000000 1.0000 0.7686058 0.7686 0.8683792 3.7709
 | 9.1878 48.2308 65.8946 0.8916043 CC1(C)NC(=C(O)C=CC=CN2CCOCC2)C(=O)NC1=O 1 O=C1CNC(=CC=CC=CN2CCOCC2)C(=O)N1 1.0000000 1.0000 0.7348654 0.7349 0.8938686 3.6119
 | 7.0805 42.6003 -42.6003 0.0000000 O=C1NC(=O)C(=C(O)C=CC=CN2CCOCC2)O1 1 O=C1NC(=O)C(=CC=CC=CN2CCOCC2)O1 1.0000000 1.0000 0.7421317 0.7421 0.8902265 3.6365
 | 8.2416 52.3564 63.0514 0.9016239 NC1=NCCN1C=CC=CC(O)=C1C(=O)NOC1=O 1 O=C1NOC(=O)C1=CC=CC=CN1C=NCC1 1.0000000 1.0000 0.8355394 0.8355 0.8030573 4.0844
 | 13.9280 59.4885 51.4861 0.8669887 NC(=O)OC1CCNC(=C(O)C=CC=CN2CCOCC2)C(=O)N1 1 O=C1NCCCNC1=CC=CC=CN1CCOCC1 1.0000000 1.0000 0.7595698 0.7596 0.7637924 4.2355
02:43:40 <INFO> Score: 0.76 Agent NLL: 13.89 Valid: 100% Step: 25
 | Agent Prior Target Score SMILES SMILES_state Scaffold DASA DASA (raw) Solubility Solubility (raw) SA SA (raw)
 | 21.8774 67.5605 31.8627 0.7767439 CC1(O)CON(C=CC=CC(O)=C2C(=O)NOC(=O)C2(C)O)C1 1 O=C1CC(=CC=CC=CN2CCCO2)C(=O)NO1 1.0000000 1.0000 0.7938821 0.7939 0.4565199 5.1136
 | 12.5118 51.0964 67.1490 0.9237924 CN1CCN(C=CC=CC(O)=C2C(=O)NNC2=O)CC1 1 O=C1NNC(=O)C1=CC=CC=CN1CCNCC1 1.0000000 1.0000 0.8169676 0.8170 0.9136221 3.4635
 | 19.9942 72.1178 30.9607 0.8053011 CC(C)=C1NC(=C(O)C=CC=CN2CCOCC2CCO)C(=O)NO1 1 C=C1NC(=CC=CC=CN2CCOCC2)C(=O)NO1 1.0000000 1.0000 0.6620423 0.6620 0.6606355 4.5661
 | 13.9078 62.2363 50.7110 0.8824011 O=C1CCN(C=CC=CC(O)=C2OCC(=O)OC2=O)N1 1 O=C1CCN(C=CC=CC=C2OCC(=O)OC2=O)N1 1.0000000 1.0000 0.7910207 0.7910 0.7833790 4.1626
 | 13.6639 49.6217 51.7143 0.7916876 CN(C)C=CC=CC(O)=C1OCC(=CN2CCCCC2)C1=O 1 C=C1OCC(=CN2CCCCC2)C1=O 1.0000000 1.0000 0.4896823 0.4897 0.8831387 3.6825
 | 12.7175 56.1156 54.8124 0.8666256 COC=CC=c1[nH]c(=O)c(=C(O)C=CC=CN2CCNCC2)o1 1 C=c1[nH]c(=O)c(=CC=CC=CN2CCNCC2)o1 1.0000000 1.0000 0.7719672 0.7720 0.7477799 4.2920
 | 18.1562 60.7336 45.5442 0.8302956 C=c1[nH]c(=O)[nH]c(=O)c1=C(O)C=CC=CN1CC=CC1NO 1 C=c1[nH]c(=O)[nH]c(=O)c1=CC=CC=CN1CC=CC1 1.0000000 1.0000 0.8420338 0.8420 0.5628362 4.8354
 | 25.7553 68.2257 34.0013 0.7986488 CCC1CN(C=CC=CC(O)=C2NNC(CO)NC2=O)C(=O)N1CO 1 O=C1NCNNC1=CC=CC=CN1CCNC1=O 1.0000000 1.0000 0.8196189 0.8196 0.4938104 5.0161
 | 9.9921 48.0499 59.9415 0.8436831 CC1C(=O)OC(=C(O)C=CC=CN2CCC(O)CC2)C1=O 1 O=C1CC(=O)C(=CC=CC=CN2CCCCC2)O1 1.0000000 1.0000 0.6647404 0.6647 0.7994125 4.0993
 | 9.8652 45.0319 67.1033 0.8760566 CC1(O)C(=O)NC(=O)C1=C(O)C=CC=CN 1 C=C1CC(=O)NC1=O 1.0000000 1.0000 0.8421378 0.8421 0.7049775 4.4325
02:43:41 <INFO> Score: 0.73 Agent NLL: 13.16 Valid: 100% Step: 26
 | Agent Prior Target Score SMILES SMILES_state Scaffold DASA DASA (raw) Solubility Solubility (raw) SA SA (raw)
 | 12.0441 50.6323 64.4245 0.8988808 CN1CCN(C=CC=CC(O)=C2NNC(=O)NC2=O)C1=O 1 O=C1NNC(=CC=CC=CN2CCNC2=O)C(=O)N1 1.0000000 1.0000 0.7917188 0.7917 0.8457921 3.8913
 | 13.1425 61.1564 50.1124 0.8692876 NC1CNC(=O)C(=C(O)C=CC=CN2CCC(=O)N2)C(=O)N1 1 O=C1CCN(C=CC=CC=C2C(=O)NCCNC2=O)N1 1.0000000 1.0000 0.8635169 0.8635 0.6621580 4.5616
 | 8.0794 48.2942 68.0446 0.9088970 O=C1NCNC1=C(O)C=CC=CN1CCNCC1 1 O=C1NCNC1=CC=CC=CN1CCNCC1 1.0000000 1.0000 0.8242339 0.8242 0.8443082 3.8986
 | 16.4378 49.0625 -49.0625 0.0000000 C=CCC1(O)COC(=C(O)C=CC=CN(C)C)C1=O 1 C=C1OCCC1=O 1.0000000 1.0000 0.6719083 0.6719 0.7138189 4.4046
 | 7.4754 37.6105 -37.6105 0.0000000 CN(C)C=CC=CC(O)=C1OCCC1=O 1 C=C1OCCC1=O 1.0000000 1.0000 0.6858001 0.6858 0.8868066 3.6590
 | 15.3034 55.6582 55.1072 0.8653551 NC1CCN(C=CC=CC(O)=C2NNC(=S)NC2=O)C1 1 O=C1NC(=S)NNC1=CC=CC=CN1CCCC1 1.0000000 1.0000 0.8016256 0.8016 0.7103142 4.4157
 | 19.3933 53.3160 46.4964 0.7797844 C=C1CCCN1C=CC=CC(O)=C1C(=O)OSC1=O 1 C=C1CCCN1C=CC=CC=C1C(=O)OSC1=O 1.0000000 1.0000 0.5228046 0.5228 0.7661005 4.2271
 | 11.6702 53.8808 55.1335 0.8516745 O=C1NCOC(=O)C1=C(O)C=CC=CN1CC(O)C(O)C1 1 O=C1NCOC(=O)C1=CC=CC=CN1CCCC1 1.0000000 1.0000 0.8490162 0.8490 0.6200836 4.6809
 | 18.9274 66.8962 39.4827 0.8310856 CC1CN(C=CC=CC(O)=C2CC(C)(O)C(=O)C(=O)NC2=O)CCN1 1 O=C1CCC(=CC=CC=CN2CCNCC2)C(=O)NC1=O 1.0000000 1.0000 0.7571396 0.7571 0.6419497 4.6197
 | 7.2548 44.2947 69.3189 0.8876066 CC1NC(=O)C(=C(O)C=CC=CN)C1=O 1 C=C1C(=O)CNC1=O 1.0000000 1.0000 0.8093641 0.8094 0.7811844 4.1710
02:43:42 <INFO> Score: 0.71 Agent NLL: 13.81 Valid: 100% Step: 27
 | Agent Prior Target Score SMILES SMILES_state Scaffold DASA DASA (raw) Solubility Solubility (raw) SA SA (raw)
 | 14.1838 58.1555 51.1102 0.8536387 CC1=CC(=O)C(=C(O)C=CC=CN2CC=CC(=NO)C2=O)C(=O)N1 1 N=C1C=CCN(C=CC=CC=C2C(=O)C=CNC2=O)C1=O 1.0000000 1.0000 0.6735500 0.6736 0.8266229 3.9825
 | 10.7896 51.7992 61.6268 0.8861403 CNC=CC=CC(O)=C1C(=O)NC(CO)OC1=O 1 C=C1C(=O)NCOC1=O 1.0000000 1.0000 0.8462643 0.8463 0.7353655 4.3342
 | 14.1626 57.0892 52.6002 0.8569485 CN1CCN(C=CC=CC(O)=C2CC(O)ONC2=O)C(=O)C1 1 O=C1NOCCC1=CC=CC=CN1CCNCC1=O 1.0000000 1.0000 0.7904645 0.7905 0.6933476 4.4685
 | 13.2042 55.5900 54.8749 0.8630077 CN1CC(=O)OC(=C(O)C=CC=CN2CCC=CC2=O)C1=O 1 O=C1CNC(=O)C(=CC=CC=CN2CCC=CC2=O)O1 1.0000000 1.0000 0.6980472 0.6980 0.8290868 3.9713
 | 14.0909 43.5554 56.0489 0.7781586 NC=CC=CC(O)=C1C(=O)OC(=C(Br)Br)C1=O 1 C=C1OC(=O)C(=C)C1=O 1.0000000 1.0000 0.4995174 0.4995 0.8020942 4.0883
 | 8.6765 53.7807 60.4084 0.8921024 COC=C1NC(=O)C(=C(O)C=CC=CN2CCOCC2)C(=O)C1=O 1 C=C1NC(=O)C(=CC=CC=CN2CCOCC2)C(=O)C1=O 1.0000000 1.0000 0.7419654 0.7420 0.8856894 3.6662
 | 20.0868 58.3829 41.9672 0.7839852 CC1C(=O)C(=C(O)C=CC=CN2CCC(=O)O2)C(=O)OC1(C)C 1 O=C1CCN(C=CC=CC=C2C(=O)CCOC2=O)O1 1.0000000 1.0000 0.5832221 0.5832 0.6872146 4.4872
 | 11.7726 59.6454 58.1491 0.9202698 CN1CCN(C=CC=CC(O)=c2c(=O)[nH]c(=O)[nH]c2=COCCO)C(=O)C1 1 C=c1[nH]c(=O)[nH]c(=O)c1=CC=CC=CN1CCNCC1=O 1.0000000 1.0000 0.8717562 0.8718 0.8317056 3.9591
 | 11.9865 60.0357 57.7081 0.9198738 C=c1[nH]c(=O)[nH]c(=O)c(=C(O)C=CC=CN2CCCN(C)CC2)c1=O 1 C=c1[nH]c(=O)[nH]c(=O)c(=CC=CC=CN2CCCNCC2)c1=O 1.0000000 1.0000 0.8237624 0.8238 0.8885797 3.6474
 | 15.1730 51.8476 62.4019 0.8925743 NC1=NC(=O)CCN1C=CC=CC(O)=C1CCC(=O)NC1=O 1 O=C1CCN(C=CC=CC=C2CCC(=O)NC2=O)C=N1 1.0000000 1.0000 0.7626448 0.7626 0.8588547 3.8236
02:43:42 <INFO> Score: 0.76 Agent NLL: 15.30 Valid: 100% Step: 28
 | Agent Prior Target Score SMILES SMILES_state Scaffold DASA DASA (raw) Solubility Solubility (raw) SA SA (raw)
 | 24.0549 67.6153 -67.5983 0.0001330 N=NC=CC=CC(O)=C1C(=O)N(CCCN)C=C1C(=O)O 1 C=C1C=CNC1=O 0.0000000 0.0000 0.6937169 0.6937 0.8142833 4.0371
 | 21.3790 65.5562 28.1291 0.7319165 C[n+]1ccc(SC=C2OCC3C(=C(O)C=CC=CN)C(=O)NC(=O)N3C2C(=O)O)cc1C(=O)O 1 C=C1C(=O)NC(=O)N2CC(=CSc3cc[nH+]cc3)OCC12 1.0000000 1.0000 0.5900802 0.5901 0.5077446 4.9798
 | 8.7285 51.0975 57.2502 0.8464668 NC=CC=CC(O)=C1C(=O)C(O)C(O)C1O 1 C=C1CCCC1=O 1.0000000 1.0000 0.8773048 0.8773 0.5810065 4.7870
 | 20.5546 61.9245 44.0272 0.8277477 COC1OC(=O)C(=C(O)C=CC=CN2CC2N)C1O 1 O=C1OCCC1=CC=CC=CN1CC1 1.0000000 1.0000 0.8232529 0.8233 0.5708625 4.8141
 | 14.8638 55.8837 56.2642 0.8761555 CC1=C(OCCN(C)C)C(=O)C1=C(O)C=CC=CN 1 C=C1C=CC1=O 1.0000000 1.0000 0.6834759 0.6835 0.9060938 3.5233
 | 12.0707 49.6162 62.7901 0.8781745 NC=CC=CC(O)=C1C(=O)N2CCCC12 1 C=C1C(=O)N2CCCC12 1.0000000 1.0000 0.7379789 0.7380 0.8344237 3.9464
 | 16.4831 60.8774 48.6913 0.8560052 CC=C1NC(=O)C(=C(O)C=CC=CN2CCOCC2)C(CO)N1 1 C=C1NCC(=CC=CC=CN2CCOCC2)C(=O)N1 1.0000000 1.0000 0.7358813 0.7359 0.7520239 4.2773
 | 15.6893 62.1084 44.6945 0.8343974 NC=CC=CC(O)=C1C(=O)NC2=C1C1COC(=O)N1O2 1 C=C1C(=O)NC2=C1C1COC(=O)N1O2 1.0000000 1.0000 0.7669717 0.7670 0.6427338 4.6174
 | 16.0235 56.6619 48.4838 0.8214514 O=C1C(=C(O)C=CC=CN2CCNCC2O)CC(O)C1O 1 O=C1CCCC1=CC=CC=CN1CCNCC1 1.0000000 1.0000 0.8356992 0.8357 0.5429801 4.8877
 | 12.7701 46.8160 53.4433 0.7832756 O=C1CC(=CBr)OC1=C(O)C=CC=CN1CCNCC1 1 C=C1CC(=O)C(=CC=CC=CN2CCNCC2)O1 1.0000000 1.0000 0.5176526 0.5177 0.7899423 4.1371
02:43:43 <INFO> Score: 0.74 Agent NLL: 13.06 Valid: 100% Step: 29
 | Agent Prior Target Score SMILES SMILES_state Scaffold DASA DASA (raw) Solubility Solubility (raw) SA SA (raw)
 | 10.4972 49.5023 61.2616 0.8653432 O=C1NC(=O)C(=C(O)C=CC=CN2CCCCC2CO)C(=O)O1 1 O=C1NC(=O)C(=CC=CC=CN2CCCCC2)C(=O)O1 1.0000000 1.0000 0.7039692 0.7040 0.8300933 3.9666
 | 16.9200 56.9343 47.4410 0.8154319 CC1=CCCN(C=CC=CC(O)=C2C(=O)NC(=O)OC2O)C1 1 O=C1NC(=O)C(=CC=CC=CN2CC=CCC2)CO1 1.0000000 1.0000 0.6489109 0.6489 0.7131917 4.4066
 | 8.2802 48.1434 -48.1434 0.0000000 CC1NC(=O)C(=C(O)C=CC=CN2CCOCC2)CO1 1 O=C1NCOCC1=CC=CC=CN1CCOCC1 1.0000000 1.0000 0.7088234 0.7088 0.7442774 4.3041
 | 15.6835 58.3217 51.2484 0.8560165 CC1C(=O)NC(=O)C(=C(O)C=CC=CN2CCC(=O)O2)C1=O 1 O=C1CC(=O)C(=CC=CC=CN2CCC(=O)O2)C(=O)N1 1.0000000 1.0000 0.7582405 0.7582 0.7255323 4.3668
 | 12.2852 46.6025 -46.6025 0.0000000 CC1(CO)NC(=O)C(=C(O)C=CC=CN)CO1 1 C=C1COCNC1=O 1.0000000 1.0000 0.8127191 0.8127 0.5891584 4.7652
 | 14.1551 51.5170 61.2321 0.8808529 COC(O)=c1[nH]c(=O)c(=C(O)C=CC=CN2CCCC2)o1 1 C=c1[nH]c(=O)c(=CC=CC=CN2CCCC2)o1 1.0000000 1.0000 0.7407835 0.7408 0.8413268 3.9133
 | 11.2432 50.0005 60.0757 0.8599701 O=C1NOC(=C(O)C=CC=CN2CCCC2CO)C(=O)N1 1 O=C1NOC(=CC=CC=CN2CCCC2)C(=O)N1 1.0000000 1.0000 0.7600275 0.7600 0.7376238 4.3266
 | 21.2780 67.1463 39.8001 0.8355185 CC1(O)C(=O)NC(=O)C(=C(O)C=CC=CN2OC(=O)CC2CC(=O)O)C1=O 1 O=C1CC(=O)C(=CC=CC=CN2CCC(=O)O2)C(=O)N1 1.0000000 1.0000 0.7970229 0.7970 0.6172349 4.6887
 | 10.7074 55.2586 54.0589 0.8540436 C=C1NC(=O)C(=C(O)C=CC=CN2CCCN(C)CC2)CO1 1 C=C1NC(=O)C(=CC=CC=CN2CCCNCC2)CO1 1.0000000 1.0000 0.6476043 0.6476 0.8682495 3.7717
 | 7.4469 44.4512 73.9481 0.9249947 O=C1NOC(=O)C1=C(O)C=CC=CN(CCO)CCO 1 C=C1C(=O)NOC1=O 1.0000000 1.0000 0.8641711 0.8642 0.8587469 3.8242
02:43:44 <INFO> Score: 0.76 Agent NLL: 14.03 Valid: 100% Step: 30
 | Agent Prior Target Score SMILES SMILES_state Scaffold DASA DASA (raw) Solubility Solubility (raw) SA SA (raw)
 | 7.2745 50.9341 -50.9341 0.0000000 CN1CCN(C=CC=CC(O)=C2C(=O)NC(=O)OC2=O)C(=O)C1 1 O=C1NC(=O)C(=CC=CC=CN2CCNCC2=O)C(=O)O1 1.0000000 1.0000 0.7816154 0.7816 0.8960102 3.5970
 | 7.3965 42.4281 -42.4281 0.0000000 CC1OC(=O)C1=C(O)C=CC=CN 1 C=C1COC1=O 1.0000000 1.0000 0.7590553 0.7591 0.7460120 4.2981
 | 12.9352 52.8210 61.9253 0.8964553 C=c1[nH]c(=O)c(=C(O)C=CC=CNCCC)oc1=O 1 C=c1[nH]c(=O)c(=C)oc1=O 1.0000000 1.0000 0.8032707 0.8033 0.8218377 4.0040
 | 14.4750 50.6563 50.7932 0.7925740 CC1(C)OC2=C(O1)C(O)CC(=C(O)C=CC=CN)C2=O 1 C=C1CCC2=C(OCO2)C1=O 1.0000000 1.0000 0.6552319 0.6552 0.6255950 4.6656
 | 8.4072 43.6244 66.6595 0.8615929 CC1NN(C)C(=O)C1=C(O)C=CC=CN 1 C=C1CNNC1=O 1.0000000 1.0000 0.7892939 0.7893 0.7105298 4.4150
 | 14.6798 52.6600 59.9682 0.8799079 Cc1cn(C2NC(=O)NC(=O)C2=C(O)C=CC=CN2CCNC(=O)C2)c(=O)[nH]c1=O 1 O=C1CN(C=CC=CC=C2C(=O)NC(=O)NC2n2ccc(=O)[nH]c2=O)CCN1 1.0000000 1.0000 0.7766129 0.7766 0.7913904 4.1314
 | 20.7360 66.7039 44.6159 0.8696860 CN1CCN(C=CC=CC(O)=c2sc(=CN3CCC=C3C(=O)O)c(=O)[nH]c2=O)CC1 1 O=c1[nH]c(=O)c(=CN2C=CCC2)sc1=CC=CC=CN1CCNCC1 1.0000000 1.0000 0.7236751 0.7237 0.8201063 4.0117
 | 11.1382 52.5259 56.4989 0.8517559 C=C1NCCN1C=CC=CC(O)=C1C(=O)NCC1O 1 C=C1NCCN1C=CC=CC=C1CCNC1=O 1.0000000 1.0000 0.7960881 0.7961 0.6701473 4.5382
 | 15.0312 58.8732 48.8352 0.8414718 C=C1NC(=O)C(=C(O)C=CC=CN2CCOCC2)NC1=CC 1 C=C1NC(=O)C(=CC=CC=CN2CCOCC2)NC1=C 1.0000000 1.0000 0.6298453 0.6298 0.8435010 3.9026
 | 10.3185 57.7353 58.8472 0.9108011 Cn1c(=CN2CCNCC2)[nH]c(=O)c(=C(O)C=CC=CN)c1=O 1 C=c1c(=O)[nH]c(=CN2CCNCC2)[nH]c1=O 1.0000000 1.0000 0.8773004 0.8773 0.7903163 4.1356
02:43:44 <INFO> Score: 0.67 Agent NLL: 14.62 Valid:  99% Step: 31
 | Agent Prior Target Score SMILES SMILES_state Scaffold DASA DASA (raw) Solubility Solubility (raw) SA SA (raw)
 | 17.7798 59.5939 46.0443 0.8252978 NC=CC=CC(O)=C1C(=O)C(OCCF)OC1CO 1 C=C1COCC1=O 1.0000000 1.0000 0.7834376 0.7834 0.5983559 4.7403
 | 12.0090 56.8016 54.2558 0.8676356 COC1=C(C)C(=O)C(=C(O)C=CC=CN2CCN(C)CCC2=O)C(=O)N1 1 O=C1C=CNC(=O)C1=CC=CC=CN1CCNCCC1=O 1.0000000 1.0000 0.6665223 0.6665 0.8962712 3.5952
 | 20.6215 59.5340 54.7958 0.8932018 COC(O)=C1NC(=O)C(=C(O)C=CC=CN2CCN(C)CC2)C(=O)C1=O 1 C=C1NC(=O)C(=CC=CC=CN2CCNCC2)C(=O)C1=O 1.0000000 1.0000 0.7377943 0.7378 0.8963257 3.5948
 | 45.9562 91.9337 -27.4895 0.5034707 C=C1C2(C(C)O)OC(=O)C(CC3NC(=O)C(=C(O)C=CC=CN)C3=O)C3=C(O2)C1(C)C(C)(C)OC3=O 1 C=C1C(=O)NC(CC2C(=O)OC3OC4=C2C(=O)OCC4C3=C)C1=O 1.0000000 1.0000 0.5582676 0.5583 0.1127407 6.3440
 | 10.7008 49.1128 64.2238 0.8854418 CC1=CNC(=O)C(=C(O)C=CC=CN2CCNCC2)C1=O 1 O=C1C=CNC(=O)C1=CC=CC=CN1CCNCC1 1.0000000 1.0000 0.7308803 0.7309 0.8738897 3.7389
 | 16.6098 66.9722 44.0817 0.8676083 CN1CCCN(C=CC=CC(O)=C2C(=O)NC(=O)C(CCCN)N2C)CC1 1 O=C1CNC(=CC=CC=CN2CCCNCC2)C(=O)N1 1.0000000 1.0000 0.7104443 0.7104 0.8300868 3.9667
 | 9.9724 50.6631 63.2889 0.8902495 NC=CC=CC(O)=C1C(=O)NC2=C1OCO2 1 C=C1C(=O)NC2=C1OCO2 1.0000000 1.0000 0.7862254 0.7862 0.8190169 4.0165
 | 11.4168 51.7461 65.9847 0.9197719 C=c1[nH]c(=C(O)C=CC=CN2CCOCC2)c(=O)[nH]c1=O 1 C=c1[nH]c(=CC=CC=CN2CCOCC2)c(=O)[nH]c1=O 1.0000000 1.0000 0.8340863 0.8341 0.8749905 3.7324
 | 11.9038 56.7290 56.3678 0.8835685 C=C1CN(C)CCN1C=CC=CC(O)=C1C(=O)CNC1=O 1 C=C1CNCCN1C=CC=CC=C1C(=O)CNC1=O 1.0000000 1.0000 0.7349213 0.7349 0.8604386 3.8151
 | 13.2812 60.5065 56.8581 0.9169112 CN(O)C=CC=CC(O)=c1oc(=C2C(=O)C(=O)N(C)C2=O)c(=O)[nH]c1=O 1 C=c1oc(=C2C(=O)NC(=O)C2=O)c(=O)[nH]c1=O 1.0000000 1.0000 0.8736247 0.8736 0.8169298 4.0256
02:43:45 <INFO> Score: 0.76 Agent NLL: 14.14 Valid: 100% Step: 32
 | Agent Prior Target Score SMILES SMILES_state Scaffold DASA DASA (raw) Solubility Solubility (raw) SA SA (raw)
 | 7.2091 45.6428 69.0858 0.8963173 NC=CC=CC(O)=C1C(=O)C(=O)OC1CO 1 C=C1COC(=O)C1=O 1.0000000 1.0000 0.8425314 0.8425 0.7755972 4.1921
 | 13.0281 48.0046 64.4919 0.8788788 CONC=CC=CC(O)=C1C(=O)NC(=O)NC1C 1 C=C1CNC(=O)NC1=O 1.0000000 1.0000 0.7714987 0.7715 0.7937790 4.1220
 | 17.8354 65.9674 38.9549 0.8197060 CN1C(=O)NC2C(O)NC(=O)C(=C(O)C=CC=CNC(=O)O)C21 1 C=C1C(=O)NCC2NC(=O)NC12 1.0000000 1.0000 0.8095124 0.8095 0.5591083 4.8453
 | 15.0811 62.2900 46.4937 0.8498730 CCN(CC)CCC=NC=C1NC(=O)C(=C(O)C=CC=CN)C1=O 1 C=C1NC(=O)C(=C)C1=O 1.0000000 1.0000 0.6612615 0.6613 0.8295432 3.9692
 | 12.7269 53.0166 46.4606 0.7771657 C=C(C)C1C(=C(O)C=CC=CN)C(=O)N1SC 1 C=C1CNC1=O 1.0000000 1.0000 0.5964564 0.5965 0.6448560 4.6114
 | 13.4104 47.5796 65.0378 0.8798236 CN1NC(=O)C(=C(O)C=CC=CN2CCSCC2)C1=O 1 O=C1NNC(=O)C1=CC=CC=CN1CCSCC1 1.0000000 1.0000 0.7230114 0.7230 0.8619605 3.8068
 | 19.1338 61.5693 41.5457 0.8055858 NC1(C(=O)O)CCN(C=CC=CC(O)=C2OC(CO)C(=S)NC2=O)C1=O 1 O=C1NC(=S)COC1=CC=CC=CN1CCCC1=O 1.0000000 1.0000 0.8062210 0.8062 0.5223056 4.9418
 | 13.7196 60.0181 52.3868 0.8781633 CN1CCCN1C=CC=CC(O)=C1C(=O)NCOC1=O 1 O=C1NCOC(=O)C1=CC=CC=CN1CCCN1 1.0000000 1.0000 0.7636100 0.7636 0.8008851 4.0933
 | 11.7035 50.3487 56.3086 0.8332600 CC1CC(O)CN1C=CC=CC(O)=C1C(=O)NOC1=O 1 O=C1NOC(=O)C1=CC=CC=CN1CCCC1 1.0000000 1.0000 0.7734375 0.7734 0.6326564 4.6459
 | 15.2584 48.1911 59.7616 0.8433801 CON(C=CC=CC(O)=C1C(=O)NC(=O)N1CCO)c1ccccc1 1 O=C1NC(=O)C(=CC=CC=CNc2ccccc2)N1 1.0000000 1.0000 0.5924968 0.5925 0.9163785 3.4404
02:43:46 <INFO> Score: 0.72 Agent NLL: 13.16 Valid: 100% Step: 33
 | Agent Prior Target Score SMILES SMILES_state Scaffold DASA DASA (raw) Solubility Solubility (raw) SA SA (raw)
 | 15.7655 71.6040 43.9462 0.9027361 O=C1CNC(=C(O)C=CC=CN2CCNCC2)C(=O)NC(=O)O1 1 O=C1CNC(=CC=CC=CN2CCNCC2)C(=O)NC(=O)O1 1.0000000 1.0000 0.8021200 0.8021 0.8477508 3.8814
 | 16.5252 51.6317 60.1389 0.8732076 CN(C)C=CC=CC(O)=c1oc(=C2C(=O)NCCC2O)n(C)c1=O 1 C=c1oc(=C2CCCNC2=O)[nH]c1=O 1.0000000 1.0000 0.8286886 0.8287 0.7089635 4.4200
 | 13.3442 52.3536 54.5399 0.8351053 C=CCC1COCCN1C=CC=CC(O)=C1C(=O)NOC1=O 1 O=C1NOC(=O)C1=CC=CC=CN1CCOCC1 1.0000000 1.0000 0.7017806 0.7018 0.7175821 4.3925
 | 6.7076 48.7157 -48.7157 0.0000000 C=C1NC(=O)C(=C(O)C=CC=CN)C1=O 1 C=C1NC(=O)C(=C)C1=O 1.0000000 1.0000 0.8019646 0.8020 0.8507671 3.8661
 | 14.4608 61.4718 48.4515 0.8587758 O=C1NC(O)C(=O)C1=C(O)C=CC=CN1C=CN(CCO)CC1 1 O=C1CNC(=O)C1=CC=CC=CN1C=CNCC1 1.0000000 1.0000 0.8235415 0.8235 0.6659974 4.5504
 | 12.2665 47.7430 53.5045 0.7909965 CN(C)C=CC=CC(O)=C1C(=O)NC2(CC1O)NC(=O)NC2=O 1 C=C1CCC2(NC(=O)NC2=O)NC1=O 1.0000000 1.0000 0.8184181 0.8184 0.4750758 5.0650
 | 25.6343 83.2359 21.2216 0.8160745 CN1C(=CCO)NC(=O)C(=C(O)C=CC=CN2CCCON2)C(=O)C1O 1 C=C1NCC(=O)C(=CC=CC=CN2CCCON2)C(=O)N1 1.0000000 1.0000 0.8026573 0.8027 0.5544075 4.8577
 | 15.4999 58.4872 55.8157 0.8929912 O=C1CCNC(=O)C(=C(O)C=CC=CN2C(=O)OCC2C(=O)O)C(=O)N1 1 O=C1CCNC(=O)C(=CC=CC=CN2CCOC2=O)C(=O)N1 1.0000000 1.0000 0.7942620 0.7943 0.8195993 4.0140
 | 14.6312 55.0038 49.3128 0.8149733 CC=CC1OC(=O)C(=C(O)C=CC=CN)C1C(=O)O 1 C=C1CCOC1=O 1.0000000 1.0000 0.6934294 0.6934 0.6570516 4.5764
 | 10.3409 56.6690 -56.6690 0.0000000 CC(O)=c1[nH]c(=O)c(=C(O)C=CC=CN(C)O)o1 1 C=c1[nH]c(=O)c(=C)o1 1.0000000 1.0000 0.7833759 0.7834 0.7334852 4.3405
02:43:46 <INFO> Sampled SMILES N1C(=O)C(=C(O)C=CC=CNC)(O)OC(=O)C1C failed to sanitize.
02:43:46 <INFO> Score: 0.74 Agent NLL: 14.05 Valid:  99% Step: 34
 | Agent Prior Target Score SMILES SMILES_state Scaffold DASA DASA (raw) Solubility Solubility (raw) SA SA (raw)
 | 16.5115 56.8266 50.6678 0.8398001 COC=C1C(=O)OC(=C(O)C=CC=CN2CCC(N)C2)C1=O 1 C=C1C(=O)OC(=CC=CC=CN2CCCC2)C1=O 1.0000000 1.0000 0.7144789 0.7145 0.7190375 4.3878
 | 18.7606 57.1946 58.8440 0.9065518 CN1CCN(C=CC=CC(O)=C2CNCC(=O)NC2=O)C1 1 O=C1CNCC(=CC=CC=CN2CCNC2)C(=O)N1 1.0000000 1.0000 0.8064610 0.8065 0.8573320 3.8318
 | 8.6022 43.8656 69.5659 0.8861833 O=C1NC(=O)C(=C(O)C=CC=CN2CCCC2)C(=O)O1 1 O=C1NC(=O)C(=CC=CC=CN2CCCC2)C(=O)O1 1.0000000 1.0000 0.7041889 0.7042 0.9170054 3.4350
 | 11.7572 56.0581 46.6658 0.8025302 CC1NC(=O)C(=C(O)C=CC=CN2CCC=C2O)OC1=O 1 O=C1CNC(=O)C(=CC=CC=CN2C=CCC2)O1 1.0000000 1.0000 0.6709327 0.6709 0.6408010 4.6229
 | 15.3063 48.1532 -48.1532 0.0000000 CSC1C(=O)OC(=C(O)C=CC=CN(C)O)C1=O 1 C=C1OC(=O)CC1=O 1.0000000 1.0000 0.6918695 0.6919 0.6332441 4.6442
 | 8.7835 40.6220 69.8906 0.8633791 CN(C)C=CC=CC(O)=C1C(=O)NC=CC1O 1 C=C1CC=CNC1=O 1.0000000 1.0000 0.7605175 0.7605 0.7494030 4.2864
 | 13.6334 53.9272 54.9721 0.8507754 CN1CCC(O)C(=C(O)C=CC=CN2CC=CC2=O)C1=O 1 O=C1NCCCC1=CC=CC=CN1CC=CC1=O 1.0000000 1.0000 0.7203931 0.7204 0.7518638 4.2778
 | 17.3158 55.7402 50.7763 0.8321602 NC1C(=O)C(=C(O)C=CC=CN2CCC(=O)C2)CC1O 1 O=C1CCN(C=CC=CC=C2CCCC2=O)C1 1.0000000 1.0000 0.7823710 0.7824 0.6205458 4.6796
 | 18.7100 52.9286 57.9951 0.8665913 C[N+]1(C=C2OC(=O)C(=C(O)C=CC=CN(CCO)CCO)C2=O)CCOCC1 1 C=C1C(=O)OC(=C[NH+]2CCOCC2)C1=O 1.0000000 1.0000 0.7567094 0.7567 0.7657822 4.2283
 | 20.0196 62.8860 48.8461 0.8729069 O=C1NC(O)C(=O)NC1=C(O)C=CC=CN1CCC(O)(O)CC1 1 O=C1CNC(=O)C(=CC=CC=CN2CCCCC2)N1 1.0000000 1.0000 0.8536827 0.8537 0.6831397 4.4995
02:43:47 <INFO> Score: 0.76 Agent NLL: 15.25 Valid: 100% Step: 35
 | Agent Prior Target Score SMILES SMILES_state Scaffold DASA DASA (raw) Solubility Solubility (raw) SA SA (raw)
 | 13.7272 48.0285 58.6431 0.8333720 O=C1NC(=S)CCC1=C(O)C=CC=CN1CCC(O)CC1 1 O=C1NC(=S)CCC1=CC=CC=CN1CCCCC1 1.0000000 1.0000 0.5939018 0.5939 0.8690923 3.7668
 | 16.4157 42.5799 54.9970 0.7623197 CON(C)C=CC=CC(O)=C1C(=O)Nc2ccc(C)cc21 1 C=C1C(=O)Nc2ccccc21 1.0000000 1.0000 0.4088752 0.4089 0.9355502 3.2572
 | 15.1036 50.9050 -50.9050 0.0000000 CCCNC=CC=CC(O)=C1OC(O)CC1=O 1 C=C1OCCC1=O 1.0000000 1.0000 0.7071834 0.7072 0.7661884 4.2268
 | 13.0123 56.6034 55.0062 0.8719498 CC(O)C1CNC(=O)C(=C(O)C=CC=CN)C(=O)N1 1 C=C1C(=O)NCCNC1=O 1.0000000 1.0000 0.8482881 0.8483 0.6851918 4.4934
 | 9.4993 41.6470 -41.6470 0.0000000 CC1C(=O)OC(=C(O)C=CC=CN2CCOCC2)C1=O 1 O=C1CC(=O)C(=CC=CC=CN2CCOCC2)O1 1.0000000 1.0000 0.6875140 0.6875 0.8099315 4.0557
 | 15.2259 48.4990 -48.4990 0.0000000 CC(O)CC1(O)C(=O)OC(=C(O)C=CC=CN(C)C)C1=O 1 C=C1OC(=O)CC1=O 1.0000000 1.0000 0.7684027 0.7684 0.6705890 4.5369
 | 14.5521 51.0406 59.4147 0.8629320 CC1=C(C)C(=O)C(=C(O)C=CC=CN2CCN(O)CC2)C(=O)N1 1 O=C1C=CNC(=O)C1=CC=CC=CN1CCNCC1 1.0000000 1.0000 0.6642121 0.6642 0.8796980 3.7039
 | 11.8063 49.3869 55.2350 0.8173583 CN1OC(O)C(=C(O)C=CC=CN2CC=CCC2)C1=O 1 O=C1NOCC1=CC=CC=CN1CC=CCC1 1.0000000 1.0000 0.6949517 0.6950 0.6634174 4.5580
 | 21.9545 59.2818 35.1225 0.7375337 CC1(C)OCC2(OC(N)NC(=O)C2=C(O)C=CC=CN2CCOCC2)O1 1 O=C1NCOC2(COCO2)C1=CC=CC=CN1CCOCC1 1.0000000 1.0000 0.7025059 0.7025 0.4253083 5.1961
 | 10.9942 53.8374 59.6252 0.8864269 CN1NC(=O)CC(=C(O)C=CC=CN2CCN=C2N)C1=O 1 O=C1CC(=CC=CC=CN2C=NCC2)C(=O)NN1 1.0000000 1.0000 0.8024221 0.8024 0.7849044 4.1567
02:43:48 <INFO> Score: 0.70 Agent NLL: 13.98 Valid: 100% Step: 36
 | Agent Prior Target Score SMILES SMILES_state Scaffold DASA DASA (raw) Solubility Solubility (raw) SA SA (raw)
 | 17.0127 63.7476 51.1598 0.8977139 C=C1NNC(=O)NC(=O)C(=C(O)C=CC=CN2CCN(C)CC2)C1=O 1 C=C1NNC(=O)NC(=O)C(=CC=CC=CN2CCNCC2)C1=O 1.0000000 1.0000 0.7574473 0.7574 0.8870673 3.6573
 | 10.5795 48.4977 68.3683 0.9130157 O=C1CC(O)C(=C(O)C=CC=CNCCO)C(=O)N1 1 C=C1CCC(=O)NC1=O 1.0000000 1.0000 0.8561311 0.8561 0.8221674 4.0026
 | 20.1589 60.2105 53.2712 0.8865758 NC=CC=CC(O)=C1C(=O)CC(NC(=O)C(N)CCCN)NC1=O 1 C=C1C(=O)CCNC1=O 1.0000000 1.0000 0.8553527 0.8554 0.7274992 4.3603
 | 8.7324 45.1318 -45.1318 0.0000000 C=c1[nH]c(=O)c(=C(O)C=CC=CN(C)O)o1 1 C=c1[nH]c(=O)c(=C)o1 1.0000000 1.0000 0.8165050 0.8165 0.7242248 4.3710
 | 15.4128 54.5893 53.1913 0.8420358 CN1ONC(=C(O)C=CC=CN2OCCCO2)C1=O 1 O=C1NONC1=CC=CC=CN1OCCCO1 1.0000000 1.0000 0.7502449 0.7502 0.6857168 4.4918
 | 22.3284 60.0103 45.2363 0.8222391 CN(C=CC=CC(O)=C1CC(=C2C(=O)C(=O)c3ccccc32)NC(=O)NC1=O)CCO 1 C=C1CC(=C2C(=O)C(=O)c3ccccc32)NC(=O)NC1=O 1.0000000 1.0000 0.5499202 0.5499 0.9008084 3.5628
 | 16.0182 62.1354 50.5669 0.8804869 CNC1SC(=C(O)C=CC=CN(CCO)CCO)C(=O)NC1=O 1 C=C1SCC(=O)NC1=O 1.0000000 1.0000 0.8241517 0.8242 0.7389713 4.3221
 | 17.6901 59.9360 44.0037 0.8120288 CN1CCN1C=CC=CC(O)=C1OC(c2ccccc2)C(=O)NC1=O 1 O=C1NC(=O)C(c2ccccc2)OC1=CC=CC=CN1CCN1 1.0000000 1.0000 0.5761039 0.5761 0.8083494 4.0624
 | 9.0354 47.4111 -47.4111 0.0000000 CC1OC(=O)C(=C(O)C=CC=CN)C1O 1 C=C1CCOC1=O 1.0000000 1.0000 0.7924503 0.7925 0.6869198 4.4881
 | 22.8212 60.7373 47.4877 0.8455072 CC1(OCC(=O)O)OC(C(=O)O)C(=C(O)C=CC=CN)C1=O 1 C=C1COCC1=O 1.0000000 1.0000 0.7880260 0.7880 0.6577244 4.5745
02:43:48 <INFO> Score: 0.73 Agent NLL: 14.56 Valid: 100% Step: 37
 | Agent Prior Target Score SMILES SMILES_state Scaffold DASA DASA (raw) Solubility Solubility (raw) SA SA (raw)
 | 18.4156 28.4653 -28.4473 0.0001408 CC1CC(C)(O)C(C(=O)O)C(=O)N1 1 O=C1CCCCN1 0.0000000 0.0000 0.8488521 0.8489 0.8119881 4.0470
 | 18.9169 68.3697 46.3230 0.8960366 NC(CO)=c1[nH][nH]c(=O)c(=C(O)C=CC=CN2CCC(=O)N2)c1=O 1 C=c1[nH][nH]c(=O)c(=CC=CC=CN2CCC(=O)N2)c1=O 1.0000000 1.0000 0.9070264 0.9070 0.7089641 4.4200
 | 9.2851 42.9567 69.5224 0.8787430 O=C1NCCNC1=C(O)C=CC=CN1CCCCC1 1 O=C1NCCNC1=CC=CC=CN1CCCCC1 1.0000000 1.0000 0.6872353 0.6872 0.9113670 3.4819
 | 17.9632 67.2169 -67.1990 0.0001396 CC(O)=c1c(=C(O)C=CC=CN2CCC(=O)N2)[nH]c(=O)n(C)c1=O 1 C=c1c(=O)[nH]c(=O)[nH]c1=CC=CC=CN1CCC(=O)N1 0.0000000 0.0000 0.8307347 0.8307 0.8035544 4.0823
 | 16.3414 55.9299 31.5711 0.6836020 CC12Cc3cccc(O)c3C(O1)C(=C(O)C=CC=CN)C(=O)N2 1 C=C1C(=O)NC2Cc3ccccc3C1O2 1.0000000 1.0000 0.5425929 0.5426 0.4215072 5.2062
 | 12.6391 53.4173 -53.4173 0.0000000 O=C1C=CNC(=O)C1=C(O)C=CC=CN1CC(O)CC1C(=O)O 1 O=C1C=CNC(=O)C1=CC=CC=CN1CCCC1 1.0000000 1.0000 0.7773846 0.7774 0.7236331 4.3730
 | 21.2186 60.2843 40.5229 0.7875568 NC1CCN(C=CC=CC(O)=C2C(=O)NC(c3ccccc3)CC2O)C1 1 O=C1NC(c2ccccc2)CCC1=CC=CC=CN1CCCC1 1.0000000 1.0000 0.5519616 0.5520 0.7483300 4.2901
 | 15.5347 49.5723 54.0588 0.8096182 CC1(O)CC(=O)C(=C(O)C=CC=CN2CC=CCC2)C1=O 1 O=C1CCC(=O)C1=CC=CC=CN1CC=CCC1 1.0000000 1.0000 0.6248374 0.6248 0.7241969 4.3711
 | 12.3663 53.1092 53.1172 0.8298935 C=C1CCCN1C=CC=CC(O)=C1C(=O)NC(=O)N(C)C1O 1 C=C1CCCN1C=CC=CC=C1CNC(=O)NC1=O 1.0000000 1.0000 0.6631132 0.6631 0.7481501 4.2907
 | 11.9257 49.7531 62.6421 0.8780871 O=c1[nH]c(=CBr)oc1=C(O)C=CC=CN1CCN(CCO)CC1 1 C=c1[nH]c(=O)c(=CC=CC=CN2CCNCC2)o1 1.0000000 1.0000 0.7352866 0.7353 0.8377411 3.9306
02:43:49 <INFO> Sampled SMILES N1C(=O)C(=C(O)C=CC=CN)C2C(O)C(O)CO2C(O)C1 failed to sanitize.
02:43:49 <INFO> Score: 0.71 Agent NLL: 14.56 Valid:  99% Step: 38
 | Agent Prior Target Score SMILES SMILES_state Scaffold DASA DASA (raw) Solubility Solubility (raw) SA SA (raw)
 | 13.7533 52.1134 56.0580 0.8450888 CC1(O)NC(=O)C(=C(O)C=CC=CN2CC=CC2)C1=O 1 O=C1CNC(=O)C1=CC=CC=CN1CC=CC1 1.0000000 1.0000 0.7581036 0.7581 0.6875680 4.4862
 | 14.3401 53.9439 57.1144 0.8676433 CN1CCN(C=CC=CC(O)=C2CON(C)C(=O)N(C)C2=O)CC1 1 O=C1NOCC(=CC=CC=CN2CCNCC2)C(=O)N1 1.0000000 1.0000 0.6805720 0.6806 0.8741467 3.7374
 | 16.9245 60.1233 47.7337 0.8426328 COCCC1NC(=O)C(=C(O)C=CC=CN2CC=CCC2)NC1=O 1 O=C1CNC(=O)C(=CC=CC=CN2CC=CCC2)N1 1.0000000 1.0000 0.6897375 0.6897 0.7607826 4.2463
 | 11.5743 43.3508 72.9163 0.9083367 C=C1C(=O)NC(=O)C1=C(O)C=CC=CN 1 C=C1C(=C)C(=O)NC1=O 1.0000000 1.0000 0.8019646 0.8020 0.8702631 3.7601
 | 19.9746 63.0645 45.8228 0.8506824 CON1COC(=C(O)C=CC=CN2CCOCC2)C(=O)N(C)C1=S 1 O=C1NC(=S)NCOC1=CC=CC=CN1CCOCC1 1.0000000 1.0000 0.6571235 0.6571 0.8391641 3.9238
 | 12.6833 51.0603 57.3944 0.8473024 CNC=CC=CC(O)=C1CC(=CO)NC1=O 1 C=C1CC(=C)C(=O)N1 1.0000000 1.0000 0.7174408 0.7174 0.7427082 4.3094
 | 23.1878 72.4926 37.1840 0.8568480 CC1NC(=C(O)C=CC=CN2CCNC2=O)C(=O)N(C)N(CO)C1=O 1 O=C1CNC(=CC=CC=CN2CCNC2=O)C(=O)NN1 1.0000000 1.0000 0.7988544 0.7989 0.6842814 4.4961
 | 15.0954 55.9011 55.4501 0.8699319 O=C1NNC=C(O)C1=C(O)C=CC=CN1CCCC1 1 O=C1NNC=CC1=CC=CC=CN1CCCC1 1.0000000 1.0000 0.6907014 0.6907 0.8683395 3.7711
 | 21.5789 67.3041 43.0579 0.8622029 CN(C)NC1=CCC(=N)C(=C(O)C=CC=CN2CCNCC2)C(=O)N1 1 N=C1CC=CNC(=O)C1=CC=CC=CN1CCNCC1 1.0000000 1.0000 0.7195325 0.7195 0.7963414 4.1117
 | 11.5686 46.9937 69.2231 0.9079441 O=C1NC(=O)C(O)C1=C(O)C=CC=CN1CCNCC1 1 O=C1CC(=CC=CC=CN2CCNCC2)C(=O)N1 1.0000000 1.0000 0.8440643 0.8441 0.8169543 4.0255
02:43:50 <INFO> Score: 0.76 Agent NLL: 15.62 Valid: 100% Step: 39
 | Agent Prior Target Score SMILES SMILES_state Scaffold DASA DASA (raw) Solubility Solubility (raw) SA SA (raw)
 | 11.4910 56.5491 58.9150 0.9020632 O=C1NC(O)C(=O)C(=O)C1=C(O)C=CC=CN1CCNCC1 1 O=C1CNC(=O)C(=CC=CC=CN2CCNCC2)C1=O 1.0000000 1.0000 0.8526463 0.8526 0.7853668 4.1549
 | 9.5855 45.5731 -45.5731 0.0000000 NC=CC=CC(O)=C1CC(O)C(O)C1=O 1 C=C1CCCC1=O 1.0000000 1.0000 0.8323658 0.8324 0.6202003 4.6805
 | 20.9183 58.3436 43.8372 0.7982876 C=CCC=c1oc(=O)c(=C(O)C=CC=CN2CCSCC2)o1 1 C=c1oc(=O)c(=CC=CC=CN2CCSCC2)o1 1.0000000 1.0000 0.6031734 0.6032 0.7120966 4.4101
 | 11.4512 62.1679 49.2834 0.8707131 CN1CCCN(C=CC=CC(O)=C2OC(CO)NC(=O)NC2=O)CC1 1 O=C1NCOC(=CC=CC=CN2CCCNCC2)C(=O)N1 1.0000000 1.0000 0.7541645 0.7542 0.7843613 4.1588
 | 12.0804 52.9995 -52.9995 0.0000000 CC1=C(C)C(=O)C(=C(O)C=CC=CN2CCCNC2)C(=O)N1 1 O=C1C=CNC(=O)C1=CC=CC=CN1CCCNC1 1.0000000 1.0000 0.6500937 0.6501 0.8788787 3.7089
 | 18.7476 63.3390 37.0929 0.7846243 CC1(O)C=CNNC(=O)C1=C(O)C=CC=CN1CC=CCC1 1 O=C1NNC=CCC1=CC=CC=CN1CC=CCC1 1.0000000 1.0000 0.6591444 0.6591 0.5953916 4.7483
 | 16.7481 51.8778 53.1778 0.8207473 CC1=NN(C)C(=O)C1=C(O)C=CC=CN1CC=CC(N)C1 1 O=C1NN=CC1=CC=CC=CN1CC=CCC1 1.0000000 1.0000 0.6816230 0.6816 0.6909183 4.4760
 | 27.4468 67.5050 44.6525 0.8762300 CC1CNC(=O)C(=C(O)C=CC=CN2CCN(CCC(=O)O)C(=O)C2)C1=O 1 O=C1CN(C=CC=CC=C2C(=O)CCNC2=O)CCN1 1.0000000 1.0000 0.7377094 0.7377 0.8270535 3.9806
 | 7.2156 46.0086 69.4776 0.9022357 O=C1C=CNC(=O)C1=C(O)C=CC=CN1CCNCC1 1 O=C1C=CNC(=O)C1=CC=CC=CN1CCNCC1 1.0000000 1.0000 0.7710272 0.7710 0.8868707 3.6586
 | 15.1131 56.9683 54.1122 0.8678158 O=C1NC(=O)C(=C(O)C=CC=CN2CCOS(=O)(=O)C2)S(=O)(=O)N1 1 O=C1NC(=O)C(=CC=CC=CN2CCOS(=O)(=O)C2)S(=O)(=O)N1 1.0000000 1.0000 0.7998360 0.7998 0.7207667 4.3823
02:43:50 <INFO> Score: 0.74 Agent NLL: 13.57 Valid: 100% Step: 40
 | Agent Prior Target Score SMILES SMILES_state Scaffold DASA DASA (raw) Solubility Solubility (raw) SA SA (raw)
 | 9.9501 40.4096 -40.4096 0.0000000 NC=CC=CC(O)=C1CCNC1=O 1 C=C1CCNC1=O 1.0000000 1.0000 0.7945181 0.7945 0.8497303 3.8714
 | 16.1096 54.8974 36.3702 0.7130276 CC12NC(=O)C(=C(O)C=CC=CN)C(CCC1=O)O2 1 C=C1C(=O)NC2OC1CCC2=O 1.0000000 1.0000 0.7366931 0.7367 0.3485803 5.4073
 | 17.1808 59.0423 44.6778 0.8103135 CC1NC(=O)C(=C(O)C=CC=CN2CC(N)C2=O)CO1 1 O=C1NCOCC1=CC=CC=CN1CCC1=O 1.0000000 1.0000 0.8004188 0.8004 0.5399608 4.8956
 | 21.9925 58.6720 48.3866 0.8363950 COC(=O)C1=COC(=C(O)C=CC=CN2CCC=C(O)C2=O)C1=O 1 O=C1C=COC1=CC=CC=CN1CCC=CC1=O 1.0000000 1.0000 0.6314320 0.6314 0.8198534 4.0128
 | 14.4430 55.6645 -55.6645 0.0000000 O=C1NCC(=O)C(O)C1=C(O)C=CC=CN1CCCc2ccccc21 1 O=C1CNC(=O)C(=CC=CC=CN2CCCc3ccccc32)C1 1.0000000 1.0000 0.5714737 0.5715 0.8596660 3.8192
 | 14.6332 62.5874 48.1016 0.8647577 O=C1NCC(O)C(=O)C1=C(O)C=CC=CN1CCNCC(O)C1 1 O=C1CCNC(=O)C1=CC=CC=CN1CCCNCC1 1.0000000 1.0000 0.8532659 0.8533 0.6571363 4.5762
 | 10.6561 46.8319 63.4766 0.8617851 NC=CC=CC(O)=C1COC=CNC1=O 1 C=C1COC=CNC1=O 1.0000000 1.0000 0.7704229 0.7704 0.7321510 4.3449
 | 9.6837 55.3628 60.4453 0.9047505 O=C1CCNC(=C(O)C=CC=CN2CCC(=O)N2)C(=O)N1 1 O=C1CCNC(=CC=CC=CN2CCC(=O)N2)C(=O)N1 1.0000000 1.0000 0.8139608 0.8140 0.8408081 3.9158
 | 11.8963 57.0624 54.3645 0.8705227 CN1OC(=O)C(=C(O)C=CC=CN2C=CN(CCO)CC2)C1=O 1 O=C1NOC(=O)C1=CC=CC=CN1C=CNCC1 1.0000000 1.0000 0.7633152 0.7633 0.7723811 4.2041
 | 10.6107 51.5224 60.7123 0.8768340 CN1CCN(C=CC=CC(O)=C2SC(O)C(=O)NC2=O)CC1 1 O=C1CSC(=CC=CC=CN2CCNCC2)C(=O)N1 1.0000000 1.0000 0.7542411 0.7542 0.8076828 4.0652
02:43:51 <INFO> Sampled SMILES C1(=O)C(=C(O)C=CC=CN2CN=CNCC2)(O)C(=O)C=C1O failed to sanitize.
02:43:51 <INFO> Score: 0.75 Agent NLL: 15.19 Valid:  99% Step: 41
 | Agent Prior Target Score SMILES SMILES_state Scaffold DASA DASA (raw) Solubility Solubility (raw) SA SA (raw)
 | 25.5383 35.0038 -34.9865 0.0001349 CC1=NNN2C1C(=N)NN2c1ccccc1 1 N=C1NN(c2ccccc2)N2NN=CC12 0.0000000 0.0000 0.7277272 0.7277 0.8157766 4.0307
 | 10.2943 54.6166 61.5529 0.9075744 O=C1Cn2c([nH]c(=O)c2=C(O)C=CC=CN2CCNCC2)=N1 1 O=C1Cn2c([nH]c(=O)c2=CC=CC=CN2CCNCC2)=N1 1.0000000 1.0000 0.8604990 0.8605 0.7969021 4.1095
 | 24.1223 72.5288 34.3262 0.8348047 O=C1NCCCCNC1=C(O)C=CC=CN1CC=C(CO)C1NO 1 O=C1NCCCCNC1=CC=CC=CN1CC=CC1 1.0000000 1.0000 0.7547011 0.7547 0.6566389 4.5776
 | 32.9741 80.9748 -80.9748 0.0000000 C1(=O)C(=C(O)C=CC=CN2CN=CNCC2)(O)C(=O)C=C1O 0 -- 0.0000000 0.0000 0.0000000 0.0000 0.0000000 0.0000
 | 19.4588 60.2645 46.5123 0.8341934 NCC1(N)CCN(C=CC=CC(O)=c2sc(=CCO)[nH]c2=O)C1 1 C=c1[nH]c(=O)c(=CC=CC=CN2CCCC2)s1 1.0000000 1.0000 0.8376688 0.8377 0.5776085 4.7961
 | 13.7753 72.3191 41.4058 0.8884760 CN1CCN(C=CC=CC(O)=C2C(=O)NNC(C)(O)C(=O)NC2=O)C(=O)C1 1 O=C1CNNC(=O)C(=CC=CC=CN2CCNCC2=O)C(=O)N1 1.0000000 1.0000 0.8545158 0.8545 0.7349331 4.3357
 | 11.6894 63.8592 45.9096 0.8575690 COC=C1NC(=O)C(=C(O)C=CC=CN2CCOCC2N)C(=O)C1=O 1 C=C1NC(=O)C(=CC=CC=CN2CCOCC2)C(=O)C1=O 1.0000000 1.0000 0.7840171 0.7840 0.7023271 4.4408
 | 23.9169 70.5786 42.9373 0.8868430 CC1CN(CCN)CCN1C=CC=CC(O)=C1C(=O)C=C(NCCN)NC1=O 1 O=C1C=CNC(=O)C1=CC=CC=CN1CCNCC1 1.0000000 1.0000 0.8054272 0.8054 0.7829332 4.1643
 | 10.8239 56.0370 53.9829 0.8595302 O=C1NC(=O)C(=C(O)C=CC=CN2CCCC2CO)NO1 1 O=C1NC(=O)C(=CC=CC=CN2CCCC2)NO1 1.0000000 1.0000 0.7600275 0.7600 0.7360402 4.3320
 | 26.2785 63.9899 42.0229 0.8282250 CC1(C)CNC(=O)CN1C=CC=CC(O)=C1NCC2CCCN2C1=O 1 O=C1CN(C=CC=CC=C2NCC3CCCN3C2=O)CCN1 1.0000000 1.0000 0.6676837 0.6677 0.7357634 4.3329
02:43:52 <INFO> Score: 0.73 Agent NLL: 15.05 Valid:  99% Step: 42
 | Agent Prior Target Score SMILES SMILES_state Scaffold DASA DASA (raw) Solubility Solubility (raw) SA SA (raw)
 | 14.5895 45.2966 -45.2966 0.0000000 CC1=CC(=O)C(=C(O)C=CC=CN(C)C(C)C)C(=O)N1 1 C=C1C(=O)C=CNC1=O 1.0000000 1.0000 0.5912964 0.5913 0.9021679 3.5528
 | 18.1817 60.9997 49.4775 0.8631027 CN1CN(C=CC=CC(O)=C2C(=O)NCCNC2=O)C(C(=O)O)NS1(=O)=O 1 O=C1NCCNC(=O)C1=CC=CC=CN1CNS(=O)(=O)NC1 1.0000000 1.0000 0.8522093 0.8522 0.6528403 4.5886
 | 9.4604 45.7068 -45.7068 0.0000000 O=C1NC(O)C(O)C1=C(O)C=CC=CN1CCOCC1 1 O=C1NCCC1=CC=CC=CN1CCOCC1 1.0000000 1.0000 0.8305215 0.8305 0.7362918 4.3311
 | 15.9210 54.5502 57.1693 0.8728085 O=C1NNNCC1=C(O)C=CC=CN1CCNC1=S 1 O=C1NNNCC1=CC=CC=CN1CCNC1=S 1.0000000 1.0000 0.8200878 0.8201 0.7165183 4.3959
 | 17.5486 70.5996 34.2732 0.8193193 NC1(CO)CCN(C=CC=CC(O)=C2CC(=CN3CCOCC3)NC(=O)NC2=O)C1 1 O=C1NC(=O)C(=CC=CC=CN2CCCC2)CC(=CN2CCOCC2)N1 1.0000000 1.0000 0.7131659 0.7132 0.6496428 4.5978
 | 20.7066 68.3815 37.5650 0.8277065 C=C1CCN(C=c2[nH]c(=O)c(=C(O)C=CC=CN3CCSCC3)c(=O)[nH]2)C1 1 C=C1CCN(C=c2[nH]c(=O)c(=CC=CC=CN3CCSCC3)c(=O)[nH]2)C1 1.0000000 1.0000 0.6940762 0.6941 0.7004743 4.4466
 | 9.0474 42.8152 71.1354 0.8902388 O=C1NC(=O)C(=C(O)C=CC=CN2CCOCC2)CO1 1 O=C1NC(=O)C(=CC=CC=CN2CCOCC2)CO1 1.0000000 1.0000 0.7291856 0.7292 0.8964411 3.5940
 | 10.4253 48.2871 -48.2871 0.0000000 O=C1NC(=O)C(=C(O)C=CC=CN2CCNCC2)NO1 1 O=C1NC(=O)C(=CC=CC=CN2CCNCC2)NO1 1.0000000 1.0000 0.8016860 0.8017 0.8456235 3.8921
 | 12.1147 51.3882 60.8066 0.8765219 CN1OCC(=C(O)C=CC=CN2CCCNCC2)C1=O 1 O=C1NOCC1=CC=CC=CN1CCCNCC1 1.0000000 1.0000 0.7209848 0.7210 0.8513189 3.8632
 | 15.0916 54.9939 61.6893 0.9115871 NC(=O)NC=CC=CC(O)=C1OCCC(=O)NC1=O 1 C=C1OCCC(=O)NC1=O 1.0000000 1.0000 0.8055967 0.8056 0.8786404 3.7104
02:43:52 <INFO> Score: 0.76 Agent NLL: 15.39 Valid: 100% Step: 43
 | Agent Prior Target Score SMILES SMILES_state Scaffold DASA DASA (raw) Solubility Solubility (raw) SA SA (raw)
 | 9.0200 44.2465 -44.2465 0.0000000 COC1=CC(=O)C(=C(O)C=CC=CN2CCN(C)CC2)C(=O)N1 1 O=C1C=CNC(=O)C1=CC=CC=CN1CCNCC1 1.0000000 1.0000 0.7239750 0.7240 0.9145631 3.4556
 | 15.4131 46.9697 61.8461 0.8501232 CCC1OC(=O)C1=C(O)C=CC=CNC 1 C=C1COC1=O 1.0000000 1.0000 0.6873491 0.6873 0.7928864 4.1255
 | 19.8506 59.9227 38.9329 0.7723094 O=C1Nc2nnc(C(F)(F)F)n2NC1=C(O)C=CC=CN1CC=CCO1 1 O=C1Nc2nncn2NC1=CC=CC=CN1CC=CCO1 1.0000000 1.0000 0.5470337 0.5470 0.6967978 4.4579
 | 21.3851 73.7157 20.3711 0.7350532 COC1=CCN(C=CC=CC(O)=C2C(=O)NC3(CC(O)C3=O)C2=O)CCN1 1 O=C1NC2(CCC2=O)C(=O)C1=CC=CC=CN1CC=CNCC1 1.0000000 1.0000 0.7818225 0.7818 0.3688155 5.3500
 | 15.2707 62.3488 47.5279 0.8584113 C=C1NCCN1C=CC=CC(O)=C1NC(COC)C(=O)NC1=O 1 C=C1NCCN1C=CC=CC=C1NCC(=O)NC1=O 1.0000000 1.0000 0.7932145 0.7932 0.6954277 4.4622
 | 15.6951 54.2903 55.5002 0.8577380 COC1CN(C=CC=CC(O)=C2C(=O)NOC2=O)CCN1 1 O=C1NOC(=O)C1=CC=CC=CN1CCNCC1 1.0000000 1.0000 0.8099007 0.8099 0.6760384 4.5208
 | 20.8897 59.4994 41.0452 0.7855047 [N-]=[N+]=NCC1CN(C=CC=CC(O)=C2C(=O)C=CC2=O)CC(O)O1 1 O=C1C=CC(=O)C1=CC=CC=CN1CCOCC1 1.0000000 1.0000 0.6664055 0.6664 0.5903896 4.7618
 | 19.7988 63.2974 46.4313 0.8572553 C=c1s[nH]c(=O)c(=C(O)C=CC=CN2CCCN2)c1=O 1 C=c1s[nH]c(=O)c(=CC=CC=CN2CCCN2)c1=O 1.0000000 1.0000 0.7955692 0.7956 0.6890475 4.4817
 | 10.6449 43.7741 62.9276 0.8336071 O=C1NC(=O)C(=C(O)C=CC=CN2CCNCC2)SS1 1 O=C1NC(=O)C(=CC=CC=CN2CCNCC2)SS1 1.0000000 1.0000 0.6147011 0.6147 0.8349127 3.9441
 | 23.4525 73.5573 33.3372 0.8351133 Cc1cncc(C2=C(N)C(=C(O)C=CC=CN3CCOCC3)C(=O)N2)c1 1 O=C1NC(c2cccnc2)=CC1=CC=CC=CN1CCOCC1 1.0000000 1.0000 0.5720739 0.5721 0.9170395 3.4347
02:43:53 <INFO> Score: 0.77 Agent NLL: 14.72 Valid: 100% Step: 44
 | Agent Prior Target Score SMILES SMILES_state Scaffold DASA DASA (raw) Solubility Solubility (raw) SA SA (raw)
 | 17.5271 45.8268 57.6271 0.8082336 CC(C=CN1CCCCC1)=CC(O)=C1C(=O)CCCNC1=O 1 O=C1CCCNC(=O)C1=CC=CC=CN1CCCCC1 1.0000000 1.0000 0.5036610 0.5037 0.9312987 3.3018
 | 19.7282 56.1100 47.0580 0.8060000 O=C1NCCN(C=CC=CC(O)=C2CC(O)C(O)CC2=O)O1 1 O=C1NCCN(C=CC=CC=C2CCCCC2=O)O1 1.0000000 1.0000 0.7544068 0.7544 0.5668660 4.8247
 | 12.6528 45.1030 71.0255 0.9072537 CN(O)C=CC=CC(O)=C1C(=O)C=CC(=O)NC1=O 1 C=C1C(=O)C=CC(=O)NC1=O 1.0000000 1.0000 0.7789758 0.7790 0.8966686 3.5924
 | 13.4928 48.5644 63.9247 0.8788210 CN(C=CC=CC(O)=C1C(=O)NC(=O)C2NC(=O)NC12)CCO 1 C=C1C(=O)NC(=O)C2NC(=O)NC12 1.0000000 1.0000 0.8486271 0.8486 0.7078180 4.4236
 | 16.2824 66.3132 45.7742 0.8756831 NC1=NC(=C(O)C=CC=CN2CCNC2=CO)C(=O)NN1CCO 1 C=C1NCCN1C=CC=CC=C1N=CNNC1=O 1.0000000 1.0000 0.8283952 0.8284 0.7177484 4.3920
 | 19.7071 51.0109 -50.9942 0.0001312 O=C1C(=C(O)C=CN(O)CCO)OC(O)C1O 1 C=C1OCCC1=O 0.0000000 0.0000 0.8887843 0.8888 0.5711731 4.8133
 | 23.7168 62.0842 38.5541 0.7862369 O=C1C(=O)C(=C(O)C=CC=CN2C=CS(=O)(=O)CC2)OC1=CCl 1 C=C1OC(=CC=CC=CN2C=CS(=O)(=O)CC2)C(=O)C1=O 1.0000000 1.0000 0.5919979 0.5920 0.6831878 4.4994
 | 15.3002 59.3308 40.4044 0.7791811 CC1(O)C(=C(O)C=CC=CN2CCCN2)C(=O)NC(O)C1O 1 O=C1NCCCC1=CC=CC=CN1CCCN1 1.0000000 1.0000 0.8360631 0.8361 0.4347048 5.1711
 | 13.3799 53.5556 62.1222 0.9037323 C=c1c(=O)[nH]c(=O)c(=C(O)C=CC=CN2CCNC2=S)c(=O)n1C 1 C=c1[nH]c(=O)c(=CC=CC=CN2CCNC2=S)c(=O)[nH]c1=O 1.0000000 1.0000 0.8455426 0.8455 0.7994745 4.0990
 | 16.5542 50.0944 56.9794 0.8365143 COC1=CC(=O)C(C)C(=C(O)C=CC=CN2CCN(C)CC2)C(=O)N1 1 O=C1C=CNC(=O)C(=CC=CC=CN2CCNCC2)C1 1.0000000 1.0000 0.6442819 0.6443 0.8007503 4.0939
02:43:53 <INFO> Score: 0.80 Agent NLL: 14.81 Valid: 100% Step: 45
 | Agent Prior Target Score SMILES SMILES_state Scaffold DASA DASA (raw) Solubility Solubility (raw) SA SA (raw)
 | 13.9182 63.9306 48.9492 0.8818737 CN1CCN(C=CC=CC(O)=c2sc(=CN3CCCOCC3)c(=O)[nH]c2=O)CC1 1 O=c1[nH]c(=O)c(=CN2CCCOCC2)sc1=CC=CC=CN1CCNCC1 1.0000000 1.0000 0.7203804 0.7204 0.8742440 3.7368
 | 21.2695 67.5715 30.7198 0.7679009 CC(O)C1C(C)C(O)C(=C(O)C=CC=CN2CCCN(C)C2)C(=O)N1C 1 O=C1NCCCC1=CC=CC=CN1CCCNC1 1.0000000 1.0000 0.6565847 0.6566 0.5464277 4.8787
 | 18.0010 63.0745 54.4511 0.9181686 CN1CCN(C=CC=CC(O)=C2C(=O)NC(=O)C=C2NNC(N)=O)C(=O)C1 1 O=C1C=CC(=CC=CC=CN2CCNCC2=O)C(=O)N1 1.0000000 1.0000 0.8287521 0.8288 0.8753155 3.7305
 | 13.5921 65.9051 45.8379 0.8729918 O=C1NCCCNC(=C(O)C=CC=CN2CCNC2=O)C(=O)N1 1 O=C1NCCCNC(=CC=CC=CN2CCNC2=O)C(=O)N1 1.0000000 1.0000 0.7650611 0.7651 0.7794845 4.1774
 | 13.7520 52.8394 57.5651 0.8625353 C=C1C(=C(O)C=CC=CN2CCNC2=S)C(=O)NC(=O)NN1C 1 C=C1NNC(=O)NC(=O)C1=CC=CC=CN1CCNC1=S 1.0000000 1.0000 0.7091909 0.7092 0.8116094 4.0486
 | 19.5343 56.6144 55.5973 0.8766542 CN1CN(C)C(=C(O)C=CC=CN2CNC(=O)NC2=O)C1=O 1 O=C1NCN(C=CC=CC=C2NCNC2=O)C(=O)N1 1.0000000 1.0000 0.7586536 0.7587 0.8013582 4.0914
 | 7.4767 41.7581 -41.7581 0.0000000 O=C1NC(=O)c2ccccc2C1=C(O)C=CC=CN1CCNCC1 1 O=C1NC(=O)c2ccccc2C1=CC=CC=CN1CCNCC1 1.0000000 1.0000 0.6024110 0.6024 0.9488946 3.0969
 | 21.3448 44.3178 -44.3178 0.0000000 CC1(O)COC(=C(O)C=CC=CN(CCO)CCO)C1=O 1 C=C1OCCC1=O 1.0000000 1.0000 0.8174252 0.8174 0.7191269 4.3876
 | 14.8224 56.2372 43.0901 0.7759952 CN(C)CC1=COC2OC(=C(O)C=CC=CN3CCCC3)C(=O)NC12 1 O=C1NC2C=COC2OC1=CC=CC=CN1CCCC1 1.0000000 1.0000 0.6196989 0.6197 0.6120559 4.7030
 | 11.9200 55.4814 55.6426 0.8681559 O=C1NCCOC(=O)C1=C(O)C=CC=CN1CC=CO1 1 O=C1NCCOC(=O)C1=CC=CC=CN1CC=CO1 1.0000000 1.0000 0.7444274 0.7444 0.7869075 4.1490
02:43:54 <INFO> Sampled SMILES N1C(=O)C(=C(O)C=CC=CN2CCC=CC2)C2(OC)C1=OC(O)C2 failed to sanitize.
02:43:54 <INFO> Score: 0.73 Agent NLL: 15.47 Valid:  99% Step: 46
 | Agent Prior Target Score SMILES SMILES_state Scaffold DASA DASA (raw) Solubility Solubility (raw) SA SA (raw)
 | 15.9992 55.3930 53.1340 0.8478671 CSC1=C(C)C(=O)NC(=O)C1=C(O)C=CC=CN1CCNC1=O 1 O=C1C=CC(=CC=CC=CN2CCNC2=O)C(=O)N1 1.0000000 1.0000 0.6264981 0.6265 0.8763407 3.7243
 | 24.2177 59.0966 47.9560 0.8363480 CC12NC(=O)C(=C(O)C=CC=CN3CCNCC3)C1N2 1 O=C1NC2NC2C1=CC=CC=CN1CCNCC1 1.0000000 1.0000 0.7981159 0.7981 0.6187943 4.6844
 | 10.9943 45.4080 68.2033 0.8875889 CN1CCN(C=CC=CC(O)=C2C(=O)C(=O)CC2O)CC1 1 O=C1CCC(=CC=CC=CN2CCNCC2)C1=O 1.0000000 1.0000 0.7577720 0.7578 0.8453636 3.8934
 | 13.0365 52.4244 58.4930 0.8665428 C=C1NC(=O)C(=C(O)C=C(O)C=CN2CCCC2)C1=O 1 C=C1NC(=O)C(=CC=CC=CN2CCCC2)C1=O 1.0000000 1.0000 0.6749128 0.6749 0.8782555 3.7127
 | 7.9061 50.0793 -50.0793 0.0000000 CC1NC(=O)C(=C(O)C=CC=CN2CCNCC2)CO1 1 O=C1NCOCC1=CC=CC=CN1CCNCC1 1.0000000 1.0000 0.7466893 0.7467 0.7039436 4.4358
 | 15.3406 60.8857 42.4975 0.8076816 CONC1NC(=O)C(=C(O)C=CC=CN2CCC(C)CC2)CO1 1 O=C1NCOCC1=CC=CC=CN1CCCCC1 1.0000000 1.0000 0.6436191 0.6436 0.6919172 4.4729
 | 10.2209 48.2101 67.2206 0.9018029 O=C1NCC(=C(O)C=CC=CN2CCNC2=O)C(=O)N1 1 O=C1NCC(=CC=CC=CN2CCNC2=O)C(=O)N1 1.0000000 1.0000 0.7873784 0.7874 0.8630753 3.8006
 | 14.7758 57.0043 52.0117 0.8516872 O=C1NC2COCC=CN2C1=C(O)C=CC=CN1CCN(CCO)CC1 1 O=C1NC2COCC=CN2C1=CC=CC=CN1CCNCC1 1.0000000 1.0000 0.7471064 0.7471 0.7229657 4.3751
 | 8.4335 43.5790 75.8162 0.9327753 O=C1NC(=O)C(=C(O)C=CC=CN2CCN(CCO)CC2)C(=O)N1 1 O=C1NC(=O)C(=CC=CC=CN2CCNCC2)C(=O)N1 1.0000000 1.0000 0.8225258 0.8225 0.9438089 3.1622
 | 20.2864 61.9021 47.0112 0.8508851 O=c1[nH]c(=CC=CN2CC2)sc1=C(O)C=CC=CN1CCCNC1 1 O=c1[nH]c(=CC=CN2CC2)sc1=CC=CC=CN1CCCNC1 1.0000000 1.0000 0.7175892 0.7176 0.7558000 4.2640
02:43:55 <INFO> Score: 0.77 Agent NLL: 14.51 Valid: 100% Step: 47
 | Agent Prior Target Score SMILES SMILES_state Scaffold DASA DASA (raw) Solubility Solubility (raw) SA SA (raw)
 | 9.8421 56.8885 60.8346 0.9197118 C=c1[nH]c(=O)c(=C(O)C=CC=CN2CCNC(=O)C2)[nH]c1=O 1 C=c1[nH]c(=O)c(=CC=CC=CN2CCNC(=O)C2)[nH]c1=O 1.0000000 1.0000 0.8730714 0.8731 0.8280901 3.9758
 | 8.5241 43.1977 -43.1977 0.0000000 O=C1C=CNC(=O)C1=C(O)C=CC=CN1CCOCC1 1 O=C1C=CNC(=O)C1=CC=CC=CN1CCOCC1 1.0000000 1.0000 0.7364665 0.7365 0.9056242 3.5269
 | 19.6569 64.8033 48.0518 0.8816802 CN1CCN(C=CC=CC(O)=C2C(=O)NC(=O)NN(CCO)C2=NO)C1=N 1 N=C1NNC(=O)NC(=O)C1=CC=CC=CN1CCNC1=N 1.0000000 1.0000 0.7953669 0.7954 0.7755783 4.1922
 | 16.4849 70.5115 28.1211 0.7705672 CC1NNC(=O)C(=C(O)C=CC=CN2CCC(N)(CO)C2)C(N)N1 1 O=C1NNCNCC1=CC=CC=CN1CCCC1 1.0000000 1.0000 0.8549092 0.8549 0.4039244 5.2535
 | 8.3653 48.0962 -48.0962 0.0000000 O=C1NS(=O)ONC1=C(O)C=CC=CN1CCNCC1 1 O=C1NS(=O)ONC1=CC=CC=CN1CCNCC1 1.0000000 1.0000 0.8237299 0.8237 0.5927085 4.7556
 | 17.6614 67.7114 45.7951 0.8867693 NC(=O)C1NC(=O)C(=C(O)C=CC=CN2CCC(=O)N2)C(=O)C1=O 1 O=C1CCN(C=CC=CC=C2C(=O)NCC(=O)C2=O)N1 1.0000000 1.0000 0.8749200 0.8749 0.7086679 4.4209
 | 23.9296 71.2629 25.2889 0.7543111 CC=C1C(O)NC(=O)C(=C(O)C=CC=CN2CC=COCC2)C1O 1 C=C1CNC(=O)C(=CC=CC=CN2CC=COCC2)C1 1.0000000 1.0000 0.6913355 0.6913 0.4765247 5.0612
 | 28.2272 73.4199 33.2525 0.8333778 CN1N=C(N2CCCC2)NC(=O)NC(=O)C1=C(O)C=CC=CN1CCOC1C(=O)O 1 O=C1NC(=O)C(=CC=CC=CN2CCOC2)NN=C(N2CCCC2)N1 1.0000000 1.0000 0.7016554 0.7017 0.7115206 4.4119
 | 8.5058 47.4108 -47.4108 0.0000000 CN1CCN(C=CC=CC(O)=C2CC(=O)NC(=O)NC2=O)CC1 1 O=C1CC(=CC=CC=CN2CCNCC2)C(=O)NC(=O)N1 1.0000000 1.0000 0.7507087 0.7507 0.9184673 3.4224
 | 19.2313 64.7514 35.9025 0.7863589 CC(O)C1ONC(=O)C(=C(O)C=CC=CN2CC(O)CO2)C1=O 1 O=C1CONC(=O)C1=CC=CC=CN1CCCO1 1.0000000 1.0000 0.8214939 0.8215 0.4614050 5.1008
02:43:56 <INFO> Score: 0.73 Agent NLL: 15.46 Valid: 100% Step: 48
 | Agent Prior Target Score SMILES SMILES_state Scaffold DASA DASA (raw) Solubility Solubility (raw) SA SA (raw)
 | 27.1105 68.7045 26.1235 0.7408438 CC(=O)N1C=CC2(C1)NNC(=O)C(=C(O)C=CC=CN1CCOCC1)C2O 1 O=C1NNC2(C=CNC2)CC1=CC=CC=CN1CCOCC1 1.0000000 1.0000 0.7551051 0.7551 0.3974140 5.2712
 | 31.2950 72.3993 22.5341 0.7416677 CN(C=CC=CC(O)=C1C(=O)NC=C2CC3CCC3=CC(O)CN21)CCO 1 C=C1C(=O)NC=C2CC3CCC3=CCCN12 1.0000000 1.0000 0.6131411 0.6131 0.5126333 4.9671
 | 12.8391 56.1116 56.6542 0.8809828 O=C1NC(=O)C(CO)C(=O)C1=C(O)C=CC=CN1CC=CC1=O 1 O=C1CC(=O)C(=CC=CC=CN2CC=CC2=O)C(=O)N1 1.0000000 1.0000 0.8113448 0.8113 0.7547737 4.2676
 | 20.7636 65.4008 40.4857 0.8272387 O=C1NC(=O)C(=C(O)C=CC=CN2CCCNCC2)C(NC2CCOC2O)N1 1 O=C1NC(=O)C(=CC=CC=CN2CCCNCC2)C(NC2CCOC2)N1 1.0000000 1.0000 0.7776355 0.7776 0.6097028 4.7094
 | 16.9824 54.0392 59.3814 0.8860989 O=C1CN(C=CC=CC(O)=c2ncc(=CN3CCCC3)[nH]c2=O)CCN1 1 O=C1CN(C=CC=CC=c2ncc(=CN3CCCC3)[nH]c2=O)CCN1 1.0000000 1.0000 0.7929736 0.7930 0.7949043 4.1175
 | 11.8634 58.1413 55.9305 0.8911856 CC1=C(O)NC(=O)C(=C(O)C=CC=CN2CCNC(=O)C2)C1=O 1 O=C1CN(C=CC=CC=C2C(=O)C=CNC2=O)CCN1 1.0000000 1.0000 0.7576638 0.7577 0.8599921 3.8175
 | 10.4798 54.4485 62.6395 0.9147504 O=C1NCCNC(=O)C1=C(O)C=CC=CN1CCCNCC1 1 O=C1NCCNC(=O)C1=CC=CC=CN1CCCNCC1 1.0000000 1.0000 0.7924096 0.7924 0.9093507 3.4979
 | 10.2443 51.5229 63.4828 0.8984823 O=C1NCCCNC1=C(O)C=CC=CN1CCNC1=O 1 O=C1NCCCNC1=CC=CC=CN1CCNC1=O 1.0000000 1.0000 0.7710501 0.7711 0.8714467 3.7533
 | 10.6245 59.2585 55.2012 0.8942163 CN1CCN(C=CC=CC(O)=C2C(=O)NC(=O)C(C)(O)C2=O)C(=O)C1 1 O=C1CC(=O)C(=CC=CC=CN2CCNCC2=O)C(=O)N1 1.0000000 1.0000 0.8168181 0.8168 0.7970920 4.1087
 | 19.6985 72.4833 22.8005 0.7444045 O=C1NC2(OC3=CC(=CO)N(CCO)C=C3C2=O)C(=O)C1=C(O)C=CC=CN1CCN(CCO)CC1 1 C=C1C=C2OC3(NC(=O)C(=CC=CC=CN4CCNCC4)C3=O)C(=O)C2=CN1 1.0000000 1.0000 0.7258894 0.7259 0.4251608 5.1965
02:43:56 <INFO> Score: 0.82 Agent NLL: 16.16 Valid:  99% Step: 49
 | Agent Prior Target Score SMILES SMILES_state Scaffold DASA DASA (raw) Solubility Solubility (raw) SA SA (raw)
 | 18.1638 64.5970 47.2503 0.8738067 CN1CCN(C=CC=CC(O)=C2C(=O)N(C)OC2COCCO)C(=O)C1 1 O=C1NOCC1=CC=CC=CN1CCNCC1=O 1.0000000 1.0000 0.7802451 0.7802 0.7643062 4.2336
 | 15.5140 51.3866 58.2780 0.8567540 CN1ONC(=C(O)C=CC=CN2OCCC2=O)C1=O 1 O=C1NONC1=CC=CC=CN1OCCC1=O 1.0000000 1.0000 0.7824256 0.7824 0.7012358 4.4442
 | 31.4261 85.8109 2.1863 0.6874778 CC(C=CN1CCNC1=O)=CC1=CC(=C(O)C=CC=CN2CNC(O)C2C)C(=O)NO1 1 O=C1NOC(C=CC=CN2CCNC2=O)=CC1=CC=CC=CN1CCNC1 1.0000000 1.0000 0.6059206 0.6059 0.3780835 5.3242
 | 11.7623 59.7215 56.2730 0.9062064 O=C1CNC(=O)C(=C(O)C=CC=CN2C(=O)COCC2C(=O)O)C(=O)N1 1 O=C1CNC(=O)C(=CC=CC=CN2CCOCC2=O)C(=O)N1 1.0000000 1.0000 0.8502787 0.8503 0.8033050 4.0834
 | 14.8249 57.5962 54.6713 0.8770904 CC1(CO)NCC(=O)NC(=O)C1=C(O)C=CC=CN1CCOCC1 1 O=C1CNCC(=CC=CC=CN2CCOCC2)C(=O)N1 1.0000000 1.0000 0.7941474 0.7941 0.7601598 4.2485
 | 18.3696 51.5394 56.8481 0.8467778 O=C(O)CC1NC(=O)C(=C(O)C=CC=CN2CCNCC2)S1 1 O=C1NCSC1=CC=CC=CN1CCNCC1 1.0000000 1.0000 0.7192355 0.7192 0.7385609 4.3235
 | 26.7617 61.5830 35.4667 0.7582008 [N-]=[N+]=NCCCN1C(=O)NC(=O)C(=C(O)C=CC=CN)C1c1cc(O)cc(O)c1 1 C=C1C(=O)NC(=O)NC1c1ccccc1 1.0000000 1.0000 0.4496743 0.4497 0.8158610 4.0303
 | 11.1847 53.8158 59.9286 0.8886283 NC1NC(=O)C(=C(O)C=CC=CN2CCNCC2)N1 1 O=C1NCNC1=CC=CC=CN1CCNCC1 1.0000000 1.0000 0.8558407 0.8558 0.7340963 4.3385
 | 19.4449 68.6743 32.9087 0.7936167 CC1=NOC2(C)NC(=O)NC(=O)C(=C(O)C=CC=CN3CCC3)C2C1=O 1 O=C1NC(=O)C(=CC=CC=CN2CCC2)C2C(=O)C=NOC2N1 1.0000000 1.0000 0.6486544 0.6487 0.6367213 4.6344
 | 23.0533 75.7083 30.5495 0.8301388 CC(O)=C1C=NCCC(=C(O)C=CC=CN2CCNCC2)C(=O)N1 1 C=C1C=NCCC(=CC=CC=CN2CCNCC2)C(=O)N1 1.0000000 1.0000 0.6245390 0.6245 0.8049362 4.0766
02:43:57 <INFO> Score: 0.78 Agent NLL: 15.52 Valid: 100% Step: 50
 | Agent Prior Target Score SMILES SMILES_state Scaffold DASA DASA (raw) Solubility Solubility (raw) SA SA (raw)
 | 17.9875 59.3683 48.6155 0.8436241 CC1NC(=O)CCN1C=CC=CC(O)=C1COC(=O)NC1=O 1 O=C1CCN(C=CC=CC=C2COC(=O)NC2=O)CN1 1.0000000 1.0000 0.7249230 0.7249 0.7202369 4.3840
 | 14.3470 56.2513 53.7587 0.8594529 CC1=CNC(=O)C(=C(O)C=CC=CN2CCCO2)C(=O)N1 1 O=C1NC=CNC(=O)C1=CC=CC=CN1CCCO1 1.0000000 1.0000 0.7086453 0.7086 0.8002360 4.0959
 | 15.8626 47.2900 -47.2900 0.0000000 CC=c1oc(=C(O)C=CC=CN(C)CCO)c(=O)n1C 1 C=c1[nH]c(=O)c(=C)o1 1.0000000 1.0000 0.8008091 0.8008 0.7759752 4.1907
 | 16.2829 65.7807 53.2357 0.9298151 CN1C(=O)C(=C(O)C=CC=CN2CCN(CCO)CC2)C(=O)NNC1=C(N)N 1 C=C1NNC(=O)C(=CC=CC=CN2CCNCC2)C(=O)N1 1.0000000 1.0000 0.8585355 0.8585 0.8846180 3.6731
 | 12.1117 50.9069 54.9794 0.8272371 O=C1Nc2ccccc2C(=O)C1=C(O)C=CC=CN1CCOS1(=O)=O 1 O=C1Nc2ccccc2C(=O)C1=CC=CC=CN1CCOS1(=O)=O 1.0000000 1.0000 0.5666297 0.5666 0.8914292 3.6284
 | 22.4174 92.3472 18.4592 0.8656751 CN1CCCN(C=CC=CC(O)=c2c(=O)[nH]c(=S)[nH]c(=O)c2=C2CC(=N)C(=O)C2=O)CC1 1 N=C1CC(=c2c(=O)[nH]c(=S)[nH]c(=O)c2=CC=CC=CN2CCCNCC2)C(=O)C1=O 1.0000000 1.0000 0.7127804 0.7128 0.8191128 4.0161
 | 24.4061 73.7035 39.1641 0.8817785 CN1C(=C(O)C=CC=CN2CCNC2=O)C(=O)NC(=O)C1CNCCCCO 1 O=C1CNC(=CC=CC=CN2CCNC2=O)C(=O)N1 1.0000000 1.0000 0.7942401 0.7942 0.7772627 4.1858
 | 12.1976 50.6239 60.7167 0.8698480 CN1C(=O)C(=C(O)C=CC=CN2CCNC2=O)C(C)(O)C1=O 1 O=C1CC(=CC=CC=CN2CCNC2=O)C(=O)N1 1.0000000 1.0000 0.7758674 0.7759 0.7549482 4.2670
 | 15.4983 48.5817 -48.5817 0.0000000 CN(C)C=CC=CC(O)=c1c(=O)[nH]c2n1CC(=O)N=2 1 C=c1c(=O)[nH]c2n1CC(=O)N=2 1.0000000 1.0000 0.8452296 0.8452 0.7952363 4.1161
 | 14.6288 58.3369 54.5748 0.8821232 C=c1c(=O)[nH]c(=O)c(=C(O)C=CC=CN2CCCCC2CO)c(=O)n1C 1 C=c1[nH]c(=O)c(=CC=CC=CN2CCCCC2)c(=O)[nH]c1=O 1.0000000 1.0000 0.8092394 0.8092 0.7612554 4.2446
02:43:57 <INFO> Sampled SMILES N1C(=O)C(=C(O)C=CC=CN2CCOCC2)OC(=N)C1#C failed to sanitize.
02:43:58 <INFO> Score: 0.77 Agent NLL: 15.64 Valid:  99% Step: 51
 | Agent Prior Target Score SMILES SMILES_state Scaffold DASA DASA (raw) Solubility Solubility (raw) SA SA (raw)
 | 9.3053 53.7655 62.4443 0.9078890 O=C1CCNC(=C(O)C=CC=CN2CCNC2=O)C(=O)N1 1 O=C1CCNC(=CC=CC=CN2CCNC2=O)C(=O)N1 1.0000000 1.0000 0.7956421 0.7956 0.8767510 3.7219
 | 14.3950 53.5007 60.7255 0.8923924 C=c1cc[nH]c(=O)c1=C(O)C=CC=CN1CCCNCC1 1 C=c1cc[nH]c(=O)c1=CC=CC=CN1CCCNCC1 1.0000000 1.0000 0.7541643 0.7542 0.8697119 3.7633
 | 22.4017 54.0211 -54.0061 0.0001168 COC=CC=CC(O)=C1C(=O)NOC2C(O)OC=CC12 1 C=C1C(=O)NOC2COC=CC12 0.0000000 0.0000 0.7322904 0.7323 0.4429951 5.1492
 | 15.0825 56.5368 41.2705 0.7641191 C=C1CCCN1C=CC=CC(O)=C1CC(C)(O)CN(C)C1=O 1 C=C1CCCN1C=CC=CC=C1CCCNC1=O 1.0000000 1.0000 0.5238681 0.5239 0.7017946 4.4425
 | 8.7921 54.5466 57.2898 0.8737214 O=C1NSCCNC1=C(O)C=CC=CN1CCNCC1 1 O=C1NSCCNC1=CC=CC=CN1CCNCC1 1.0000000 1.0000 0.7488996 0.7489 0.8025244 4.0866
 | 14.4125 62.0804 47.5257 0.8562973 CC1CCNCCN1C=CC=CC(O)=C1C(=O)NCOC1=O 1 O=C1NCOC(=O)C1=CC=CC=CN1CCCNCC1 1.0000000 1.0000 0.7348654 0.7349 0.7543516 4.2691
 | 15.8928 71.2387 31.9412 0.8060931 CC1=CN(C=CC=CC(O)=C2SC(NC(=N)N)C(=O)NC2=O)CCN1 1 O=C1CSC(=CC=CC=CN2C=CNCC2)C(=O)N1 1.0000000 1.0000 0.7344505 0.7345 0.5856834 4.7745
 | 10.8348 54.3289 63.4150 0.9198744 O=C1NN(CCO)C(=O)C1=C(O)C=CC=CN1CCNC1=O 1 O=C1NNC(=O)C1=CC=CC=CN1CCNC1=O 1.0000000 1.0000 0.8419100 0.8419 0.8656477 3.7864
 | 15.2631 63.6658 49.7289 0.8858962 O=c1[nH]c(=O)c(=C(O)C=CC=CN2CCCO2)c(=O)[nH]c1=CN1CCCC1 1 O=c1[nH]c(=O)c(=CC=CC=CN2CCCO2)c(=O)[nH]c1=CN1CCCC1 1.0000000 1.0000 0.7896223 0.7896 0.7981868 4.1043
 | 14.8634 59.0910 47.3005 0.8311841 NC1CCN(C=CC=CC(O)=C2COC(O)CNC2=O)C1 1 O=C1NCCOCC1=CC=CC=CN1CCCC1 1.0000000 1.0000 0.8017453 0.8017 0.5996317 4.7369
02:43:58 <INFO> Score: 0.72 Agent NLL: 15.13 Valid:  99% Step: 52
 | Agent Prior Target Score SMILES SMILES_state Scaffold DASA DASA (raw) Solubility Solubility (raw) SA SA (raw)
 | 14.5847 60.5516 52.3319 0.8819025 CC1=CNC(=O)C(=C(O)C=CC=CN2CCN(C)CCC2=O)C(=O)N1 1 O=C1NC=CNC(=O)C1=CC=CC=CN1CCNCCC1=O 1.0000000 1.0000 0.7114764 0.7115 0.8875113 3.6544
 | 13.0006 54.5030 59.4241 0.8900553 O=C1NNC(=O)C(=C(O)C=CC=CN2CCC2)O1 1 O=C1NNC(=O)C(=CC=CC=CN2CCC2)O1 1.0000000 1.0000 0.7617824 0.7618 0.8498735 3.8707
 | 18.7674 79.6086 31.1576 0.8653613 CCN1C(=O)NC(N2CCOCC2)=CC(=O)C(=C(O)C=CC=CN2CCN(C)CC2=O)C1=O 1 O=C1NC(=O)C(=CC=CC=CN2CCNCC2=O)C(=O)C=C(N2CCOCC2)N1 1.0000000 1.0000 0.6597292 0.6597 0.8974095 3.5872
 | 14.1241 58.1885 56.3500 0.8948322 CN1CCN(C=CC=CC(O)=C2C(=O)NC(=O)C(CC(=O)O)C2=O)C(=O)C1 1 O=C1CC(=O)C(=CC=CC=CN2CCNCC2=O)C(=O)N1 1.0000000 1.0000 0.7919815 0.7920 0.8295769 3.9690
 | 17.6544 58.5443 41.3391 0.7803392 CCCC1NC(=O)C(=C(O)C=CC=CN2CCCC2)C(=O)C(C)C1=O 1 O=C1CNC(=O)C(=CC=CC=CN2CCCC2)C(=O)C1 1.0000000 1.0000 0.5174447 0.5174 0.7779536 4.1832
 | 18.0594 56.5799 56.5609 0.8839128 O=C1NCCN(C=CC=CC(O)=C2CCC(C(=O)O)NC2=O)C1=O 1 O=C1NCCN(C=CC=CC=C2CCCNC2=O)C1=O 1.0000000 1.0000 0.7958666 0.7959 0.7832696 4.1630
 | 12.4597 52.1100 -52.1100 0.0000000 O=C1NC=C(O)C(=O)C1=C(O)C=CC=CN1CCNCC1 1 O=C1C=CNC(=O)C1=CC=CC=CN1CCNCC1 1.0000000 1.0000 0.7694379 0.7694 0.8582066 3.8271
 | 7.4609 48.1603 -48.1603 0.0000000 O=C1NC(=O)C(=C(O)C=CC=CN2CCNCC2)NO1 1 O=C1NC(=O)C(=CC=CC=CN2CCNCC2)NO1 1.0000000 1.0000 0.8016860 0.8017 0.8456235 3.8921
 | 23.9465 68.3923 42.4363 0.8658486 CN1C(=O)NC(NC(=O)c2ccccc2)C(=C(O)C=CC=CN2C(=O)CNC(=O)C2=O)C1=O 1 O=C1NC(=O)C(=CC=CC=CN2C(=O)CNC(=O)C2=O)C(NC(=O)c2ccccc2)N1 1.0000000 1.0000 0.7026372 0.7026 0.8340247 3.9483
 | 14.1563 55.5582 59.3357 0.8976087 CN(C=CC=CC(O)=C1C(=O)NC(=O)C(CO)N1C)CCO 1 C=C1NCC(=O)NC1=O 1.0000000 1.0000 0.8488180 0.8488 0.7733715 4.2004
02:43:59 <INFO> Score: 0.78 Agent NLL: 15.83 Valid: 100% Step: 53
 | Agent Prior Target Score SMILES SMILES_state Scaffold DASA DASA (raw) Solubility Solubility (raw) SA SA (raw)
 | 10.9343 53.1837 53.8522 0.8362175 C=C1CC(=C(O)C=CC=CN2CCC(O)C2)C(=O)NC(=O)N1 1 C=C1CC(=CC=CC=CN2CCCC2)C(=O)NC(=O)N1 1.0000000 1.0000 0.6927691 0.6928 0.7328832 4.3425
 | 13.0505 57.4140 52.5003 0.8587055 O=C1CNNC(=O)C1=C(O)C=CC=CN1C=CC=CC1 1 O=C1CNNC(=O)C1=CC=CC=CN1C=CC=CC1 1.0000000 1.0000 0.7346843 0.7347 0.7635278 4.2364
 | 19.2336 71.8809 25.9185 0.7640583 CC1(O)C(=O)C(=C(O)C=CC=CN2CC=CC(N)C(=O)O2)C(=O)NC1O 1 O=C1CC=CCN(C=CC=CC=C2C(=O)CCNC2=O)O1 1.0000000 1.0000 0.8267034 0.8267 0.4057996 5.2484
 | 15.1401 48.3963 63.3504 0.8730210 CC=c1[nH]c(=O)[nH]c(=O)c1=C(O)C=CC=CN1CCC(C)CC1 1 C=c1[nH]c(=O)[nH]c(=O)c1=CC=CC=CN1CCCCC1 1.0000000 1.0000 0.6934841 0.6935 0.8771218 3.7196
 | 15.1519 58.1736 45.6873 0.8114132 C=C1N(C)CCN1C=CC=CC(O)=C1OC=C(C)NC1=O 1 C=C1NCCN1C=CC=CC=C1OC=CNC1=O 1.0000000 1.0000 0.6089161 0.6089 0.7539590 4.2705
 | 18.7570 63.7456 48.8172 0.8793970 CCCOC1=CC(=O)NC(=C(O)C=CC=CN2CCNCC2)C(=O)N1 1 O=C1C=CNC(=O)C(=CC=CC=CN2CCNCC2)N1 1.0000000 1.0000 0.7234903 0.7235 0.8595234 3.8200
 | 20.3612 59.5538 39.4689 0.7736146 NC1=NCCN1C=CC=CC(O)=C1CC2(CCCCC2)OC(=O)NC1=O 1 O=C1NC(=O)C(=CC=CC=CN2C=NCC2)CC2(CCCCC2)O1 1.0000000 1.0000 0.5176305 0.5176 0.7498590 4.2848
 | 17.9230 51.8433 51.6288 0.8083761 CC1=CC(=O)C(=O)C1=C(O)C=CC=CN1CC=CCC1O 1 O=C1C=CC(=CC=CC=CN2CC=CCC2)C1=O 1.0000000 1.0000 0.6110416 0.6110 0.7390802 4.3217
 | 23.6197 70.0045 32.2241 0.7986611 CC1(O)NC(=O)C(=C(O)C=CC=CN2CCC(C)(O)C(O)C2N)C(=O)N1 1 O=C1NCNC(=O)C1=CC=CC=CN1CCCCC1 1.0000000 1.0000 0.8471182 0.8471 0.4746678 5.0661
 | 9.6942 49.6606 65.3246 0.8983215 O=C1NCCC(=C(O)C=CC=CN2CCNCC2)C(=O)N1 1 O=C1NCCC(=CC=CC=CN2CCNCC2)C(=O)N1 1.0000000 1.0000 0.7589554 0.7590 0.8874708 3.6547
02:44:00 <INFO> Score: 0.75 Agent NLL: 15.42 Valid: 100% Step: 54
 | Agent Prior Target Score SMILES SMILES_state Scaffold DASA DASA (raw) Solubility Solubility (raw) SA SA (raw)
 | 17.9312 65.1329 39.7957 0.8197544 C=C1C(C)C(=O)C(=C(O)C=CC=CN2CCCNCC2)C(=O)N1C 1 C=C1CC(=O)C(=CC=CC=CN2CCCNCC2)C(=O)N1 1.0000000 1.0000 0.6024225 0.6024 0.7972422 4.1081
 | 26.4771 75.4610 25.4963 0.7887291 CC=C1OC(=C(C)CO)NC(=O)C1=C(O)C=CC=CN1CCNC(C)=CC1=O 1 C=C1NC(=O)C(=CC=CC=CN2CCNC=CC2=O)C(=C)O1 1.0000000 1.0000 0.5541796 0.5542 0.7494048 4.2864
 | 14.2320 51.0232 61.3453 0.8778785 CC1CN(C=CC=CC(O)=C2C(=O)NC(=O)C(=O)NC2=O)CC(C)O1 1 O=C1NC(=O)C(=CC=CC=CN2CCOCC2)C(=O)NC1=O 1.0000000 1.0000 0.7749723 0.7750 0.7857442 4.1535
 | 13.1969 56.2723 49.4201 0.8257213 CC1CC=CCN1C=CC=CC(O)=C1C(=O)NCCCNC1=O 1 O=C1NCCCNC(=O)C1=CC=CC=CN1CC=CCC1 1.0000000 1.0000 0.6354351 0.6354 0.7709305 4.2094
 | 11.8674 53.1890 58.4633 0.8722831 O=C1NCC(=C(O)C=CC=CN2CCCC2CO)C(=O)N1 1 O=C1NCC(=CC=CC=CN2CCCC2)C(=O)N1 1.0000000 1.0000 0.7526565 0.7527 0.7922189 4.1281
 | 17.3403 56.0632 37.1275 0.7280521 CC1=CN(C=CC=CC(O)=C2C(=O)NC(=O)OC2C)CC(C)O1 1 O=C1NC(=O)C(=CC=CC=CN2C=COCC2)CO1 1.0000000 1.0000 0.5107205 0.5107 0.5905577 4.7614
 | 24.5325 74.4931 19.8189 0.7368125 CN(C)C=CC=CC1OCCCN1C=CC=CC(O)=C1C(=O)NN2C(=O)C(O)C12 1 O=C1NN2C(=O)CC2C1=CC=CC=CN1CCCOC1 1.0000000 1.0000 0.6920902 0.6921 0.4312251 5.1804
 | 16.6934 57.0550 54.1972 0.8691581 O=C1OCC(=C(O)C=CC=CN2CCNC(O)C2)C1=O 1 O=C1OCC(=CC=CC=CN2CCNCC2)C1=O 1.0000000 1.0000 0.8194450 0.8194 0.7046787 4.4335
 | 17.3547 63.8873 42.9236 0.8344599 CC1=C(N2CC=CCC2)NC(=O)C(=C(O)C=CC=CN2CCNC2=O)C1=O 1 O=C1C=C(N2CC=CCC2)NC(=O)C1=CC=CC=CN1CCNC1=O 1.0000000 1.0000 0.6116267 0.6116 0.8435664 3.9023
 | 17.9371 64.3054 46.2585 0.8637802 C=CC1(O)NC(=O)C(=C(O)C=CC=CN2CC=CC(=O)N2)C(=O)N1 1 O=C1C=CCN(C=CC=CC=C2C(=O)NCNC2=O)N1 1.0000000 1.0000 0.8186002 0.8186 0.6873966 4.4867
02:44:00 <INFO> Score: 0.79 Agent NLL: 16.14 Valid: 100% Step: 55
 | Agent Prior Target Score SMILES SMILES_state Scaffold DASA DASA (raw) Solubility Solubility (raw) SA SA (raw)
 | 9.0186 49.0486 69.0804 0.9228824 O=C1NCCOC(=O)C1=C(O)C=CC=CN1CCN(CCO)CC1 1 O=C1NCCOC(=O)C1=CC=CC=CN1CCNCC1 1.0000000 1.0000 0.8033751 0.8034 0.9283522 3.3312
 | 13.3119 59.9609 49.4213 0.8545486 O=C1NNC(O)C(=C(O)C=CC=CN2CCC(=O)N2O)C(=O)N1 1 O=C1CCN(C=CC=CC=C2CNNC(=O)NC2=O)N1 1.0000000 1.0000 0.8433932 0.8434 0.6339549 4.6422
 | 25.2466 59.4755 33.7678 0.7284634 CC1C(O)CC2C(=O)C(=C(O)C=CC=CN3CCCC3CO)CC21O 1 O=C1C(=CC=CC=CN2CCCC2)CC2CCCC12 1.0000000 1.0000 0.6315306 0.6315 0.4588167 5.1076
 | 24.3478 59.4318 31.2478 0.7084347 CC(C)=CCCC(C)=C1COC(=C(O)C=CC=CN(C)C)C(=O)NC1=O 1 C=C1COC(=C)C(=O)NC1=O 1.0000000 1.0000 0.3397897 0.3398 0.8586320 3.8248
 | 10.8699 51.0877 64.9729 0.9067228 CN1CCCN(C=CC=CC(O)=C2C(=O)NNC2=O)C1 1 O=C1NNC(=O)C1=CC=CC=CN1CCCNC1 1.0000000 1.0000 0.7947575 0.7948 0.8731955 3.7430
 | 28.9312 72.7883 26.3658 0.7746420 CC1(C)OC(=O)CC(C2=NCCC(=C(O)C=CC=CN3CCC3)C(=O)N2)O1 1 O=C1CC(C2=NCCC(=CC=CC=CN3CCC3)C(=O)N2)OCO1 1.0000000 1.0000 0.5529572 0.5530 0.6966178 4.4585
 | 22.5212 60.0938 47.5082 0.8406404 CC1=CC(N2CCN(C)CC2)=NC(=C(O)C=CC=CN2CCNC2=S)C(=O)N1 1 O=C1NC=CC(N2CCNCC2)=NC1=CC=CC=CN1CCNC1=S 1.0000000 1.0000 0.6194100 0.6194 0.8570166 3.8334
 | 22.0842 66.5698 30.2071 0.7560700 CCC1=C(NO)N(C=CC=CC(O)=C2C(=O)NC(=S)c3ccccc32)CCN1 1 O=C1NC(=S)c2ccccc2C1=CC=CC=CN1C=CNCC1 1.0000000 1.0000 0.4272105 0.4272 0.8574131 3.8313
 | 18.4009 60.8295 46.2070 0.8362227 COC(=O)NC1NC(=O)C(=C(O)C=CC=CN2CCC(O)CC2)SC1=O 1 O=C1CNC(=O)C(=CC=CC=CN2CCCCC2)S1 1.0000000 1.0000 0.6737948 0.6738 0.7577379 4.2571
 | 19.0853 61.0435 38.7882 0.7799347 CC1OC(=O)C2=CNC(=O)C(=C(O)C=CC=CN3CCNCC3)C21C 1 O=C1NC=C2C(=O)OCC2C1=CC=CC=CN1CCNCC1 1.0000000 1.0000 0.6579935 0.6580 0.5818068 4.7849
02:44:01 <INFO> Sampled SMILES C1(=O)NC(=O)C(=C(O)C=CC=CN2CC=C(O)C(O)C2(O)C)(O)C(=O)O1 failed to sanitize.
02:44:01 <INFO> Score: 0.72 Agent NLL: 14.21 Valid:  99% Step: 56
 | Agent Prior Target Score SMILES SMILES_state Scaffold DASA DASA (raw) Solubility Solubility (raw) SA SA (raw)
 | 14.6279 62.1780 50.5338 0.8805608 CN1C(=O)CCN1C=CC=CC(O)=C1C(=O)C=C(O)NC1=O 1 O=C1CCN(C=CC=CC=C2C(=O)C=CNC2=O)N1 1.0000000 1.0000 0.7472029 0.7472 0.8315015 3.9601
 | 19.0461 59.9051 45.3768 0.8225143 CC1(O)C(=O)C(O)C(=O)C1=C(O)C=CC=CN1CCNC(CO)C1 1 O=C1CC(=O)C(=CC=CC=CN2CCNCC2)C1 1.0000000 1.0000 0.8406471 0.8406 0.5420834 4.8901
 | 11.5730 51.1954 61.2016 0.8781012 O=C1C(=C(O)C=CC=CN2CCNCC2)C(O)C1O 1 O=C1CCC1=CC=CC=CN1CCNCC1 1.0000000 1.0000 0.8349663 0.8350 0.7192575 4.3871
 | 7.7339 44.3635 73.5944 0.9215461 O=C1NC(=O)C(=C(O)C=CC=CN2CCNC2=O)C(=O)N1 1 O=C1NC(=O)C(=CC=CC=CN2CCNC2=O)C(=O)N1 1.0000000 1.0000 0.8102481 0.8102 0.9133350 3.4658
 | 9.1403 56.8885 -56.8885 0.0000000 C=c1[nH]c(=O)c(=C(O)C=CC=CN2CCNC(=O)C2)[nH]c1=O 1 C=c1[nH]c(=O)c(=CC=CC=CN2CCNC(=O)C2)[nH]c1=O 1.0000000 1.0000 0.8730714 0.8731 0.8280901 3.9758
 | 15.6353 57.7691 44.1835 0.7965048 CN(C)C=CC1NNC(=O)C1=C(O)C=CC=CN1CCSCC1 1 O=C1NNCC1=CC=CC=CN1CCSCC1 1.0000000 1.0000 0.6541672 0.6542 0.6399776 4.6252
 | 19.2856 51.7928 58.8964 0.8647588 CC(=O)NC1CC=CCN1C=CC=CC(O)=C1C(=O)NC(=O)NC1=O 1 O=C1NC(=O)C(=CC=CC=CN2CC=CCC2)C(=O)N1 1.0000000 1.0000 0.7336756 0.7337 0.7876880 4.1459
 | 8.8500 55.6444 60.4913 0.9073099 CN1CCN(C=CC=CC(O)=C2C(=O)NCOC2=O)C(=O)C1 1 O=C1NCOC(=O)C1=CC=CC=CN1CCNCC1=O 1.0000000 1.0000 0.8007629 0.8008 0.8676990 3.7748
 | 10.3369 49.7437 62.7427 0.8787998 CN1CCCN(C=CC=CC(O)=C2C(=O)ON(C)C2=O)C1 1 O=C1NOC(=O)C1=CC=CC=CN1CCCNC1 1.0000000 1.0000 0.7267088 0.7267 0.8525213 3.8570
 | 17.7814 59.0422 51.8317 0.8662019 CC(=O)C1CCC(=O)C(=C(O)C=CC=CN2CCN(C)CC2)C(=O)N1 1 O=C1CCCNC(=O)C1=CC=CC=CN1CCNCC1 1.0000000 1.0000 0.6820341 0.6820 0.8658310 3.7853
02:44:02 <INFO> Score: 0.77 Agent NLL: 15.47 Valid: 100% Step: 57
 | Agent Prior Target Score SMILES SMILES_state Scaffold DASA DASA (raw) Solubility Solubility (raw) SA SA (raw)
 | 14.6376 53.3607 57.9856 0.8698934 O=C1NN2CCCC2C(=O)C1=C(O)C=CC=CN1CCNCC1 1 O=C1NN2CCCC2C(=O)C1=CC=CC=CN1CCNCC1 1.0000000 1.0000 0.7535247 0.7535 0.7820606 4.1676
 | 14.1932 55.7110 56.9550 0.8802029 CN(C=CC=CC(O)=C1OC(=O)NN(C)C1=O)OCCO 1 C=C1OC(=O)NNC1=O 1.0000000 1.0000 0.7896324 0.7896 0.7768511 4.1874
 | 11.0432 52.8610 59.5241 0.8780084 O=C1NC(=O)C(=C(O)C=CC=CN2CCNC2=O)CCO1 1 O=C1NC(=O)C(=CC=CC=CN2CCNC2=O)CCO1 1.0000000 1.0000 0.7129943 0.7130 0.8689426 3.7677
 | 20.2752 63.9046 37.0593 0.7887808 CCNC1C(O)C2NC(=O)C(=C(O)C=CC=CN3CCCC3)OC12 1 O=C1NC2CCC2OC1=CC=CC=CN1CCCC1 1.0000000 1.0000 0.7323163 0.7323 0.5365103 4.9047
 | 21.8659 65.2706 47.9057 0.8841897 CN1C(=O)C(NC(=O)C(CO)CO)NC(=O)C1=C(O)C=CC=CN1CCCC1 1 O=C1CNC(=O)C(=CC=CC=CN2CCCC2)N1 1.0000000 1.0000 0.8192782 0.8193 0.7574836 4.2581
 | 12.6738 48.5545 59.2487 0.8422126 O=C1Nc2ccccc2C1=C(O)C=CC=CN1CCN(CCO)C1 1 O=C1Nc2ccccc2C1=CC=CC=CN1CCNC1 1.0000000 1.0000 0.5760631 0.5761 0.9423392 3.1800
 | 11.8026 47.1208 -47.1208 0.0000000 O=C1CN(C=CC=CC(O)=C2OC(=O)NC2=O)CCN1 1 O=C1CN(C=CC=CC=C2OC(=O)NC2=O)CCN1 1.0000000 1.0000 0.8008498 0.8008 0.8457087 3.8917
 | 20.7336 65.2472 43.2394 0.8475518 COC1CCC(=C(O)C=CC=CN2CCC(=O)N2N)C(=O)NC1=O 1 O=C1CCCC(=CC=CC=CN2CCC(=O)N2)C(=O)N1 1.0000000 1.0000 0.7642283 0.7642 0.6893352 4.4808
 | 15.3304 64.3036 49.4654 0.8888204 C=C1CC(=O)NC(=O)C(=C(O)C=CC=CN2CCNC2)C1=O 1 C=C1CC(=O)NC(=O)C(=CC=CC=CN2CCNC2)C1=O 1.0000000 1.0000 0.7594736 0.7595 0.8480153 3.8801
 | 15.7202 58.9434 44.9008 0.8112832 O=C1C(=C(O)C=CC=CN2CC=CC(O)C2=O)C(O)C1O 1 O=C1CCC1=CC=CC=CN1CC=CCC1=O 1.0000000 1.0000 0.8291474 0.8291 0.5201951 4.9473
02:44:02 <INFO> Score: 0.80 Agent NLL: 15.09 Valid: 100% Step: 58
 | Agent Prior Target Score SMILES SMILES_state Scaffold DASA DASA (raw) Solubility Solubility (raw) SA SA (raw)
 | 14.0096 46.4132 66.4774 0.8819573 O=C1CCC(=C(O)C=CC=CN2CCC(O)CC2)C(=O)N1 1 O=C1CCC(=CC=CC=CN2CCCCC2)C(=O)N1 1.0000000 1.0000 0.6939685 0.6940 0.9146860 3.4546
 | 13.7757 50.6946 62.4978 0.8843157 O=C1NCC(CO)OC1=C(O)C=CC=CN1CCNCC1 1 O=C1NCCOC1=CC=CC=CN1CCNCC1 1.0000000 1.0000 0.8157785 0.8158 0.7618407 4.2425
 | 23.4457 64.2088 40.6240 0.8190061 C=c1[nH]c(=O)c(=C(O)C=CC=CN2CC=CC2(O)OCC)c(=O)n1C 1 C=c1[nH]c(=O)c(=CC=CC=CN2CC=CC2)c(=O)[nH]1 1.0000000 1.0000 0.8043976 0.8044 0.5613594 4.8393
 | 22.0556 69.7214 38.0207 0.8417351 CN1CCN(CC2COCCN2C=CC=CC(O)=C2C(=O)NC(C)(N)C(=O)N2C)CC1 1 O=C1CNC(=O)C(=CC=CC=CN2CCOCC2CN2CCNCC2)N1 1.0000000 1.0000 0.7501313 0.7501 0.6848130 4.4945
 | 11.7945 44.9087 70.9083 0.9048205 CN(C)C=CC=CC(O)=C1C=C(N)C(=O)NC1=O 1 C=C1C=CC(=O)NC1=O 1.0000000 1.0000 0.7909778 0.7910 0.8704925 3.7588
 | 17.9345 59.7066 55.6395 0.9011418 CN1C(=O)CS(=O)(=O)C(=C(O)C=CC=CN2CC2)C1=O 1 O=C1CS(=O)(=O)C(=CC=CC=CN2CC2)C(=O)N1 1.0000000 1.0000 0.7875036 0.7875 0.8602569 3.8161
 | 22.6079 63.4247 44.0770 0.8398567 CN(Cc1ccc(N)cc1)C1=CC(=O)C(=C(O)C=CC=CN2CCNCC2)C(=O)N1 1 O=C1C=C(NCc2ccccc2)NC(=O)C1=CC=CC=CN1CCNCC1 1.0000000 1.0000 0.5863839 0.5864 0.9116821 3.4793
 | 11.0780 50.5320 48.1756 0.7711530 O=C1NS(=O)ONC1=C(O)C=CC=CN1CC=CCC1 1 O=C1NS(=O)ONC1=CC=CC=CN1CC=CCC1 1.0000000 1.0000 0.7304539 0.7305 0.4894171 5.0276
 | 10.2507 53.6663 -53.6663 0.0000000 O=C1CCN(C=CC=CC(O)=C2C(=O)NC(O)C2=O)N1 1 O=C1CCN(C=CC=CC=C2C(=O)CNC2=O)N1 1.0000000 1.0000 0.8527992 0.8528 0.6988348 4.4516
 | 16.5478 75.9279 33.0040 0.8510304 CCN1C(=O)NNC(O)C(=C(O)C=CC=CN2CC=CC2=O)C1=O 1 O=C1NNCC(=CC=CC=CN2CC=CC2=O)C(=O)N1 1.0000000 1.0000 0.7641834 0.7642 0.7013458 4.4439
02:44:03 <INFO> Score: 0.81 Agent NLL: 15.29 Valid: 100% Step: 59
 | Agent Prior Target Score SMILES SMILES_state Scaffold DASA DASA (raw) Solubility Solubility (raw) SA SA (raw)
 | 13.5520 57.6037 47.3209 0.8197233 C=C1C(=O)C(=C(O)C=CC=CN2CC=C(O)C(O)C2)C(=O)N1C 1 C=C1NC(=O)C(=CC=CC=CN2CC=CCC2)C1=O 1.0000000 1.0000 0.6962442 0.6962 0.6700213 4.5386
 | 11.4560 54.0689 59.3764 0.8862916 CN(C)C1=CC(=C(O)C=CC=CN2CCNC2=O)C(=O)NC1=O 1 O=C1C=CC(=CC=CC=CN2CCNC2=O)C(=O)N1 1.0000000 1.0000 0.7495469 0.7495 0.8512621 3.8635
 | 8.4336 45.9011 72.7152 0.9266896 O=C1CC(=O)C(=C(O)C=CC=CN2CCN(CCO)CC2)C(=O)N1 1 O=C1CC(=O)C(=CC=CC=CN2CCNCC2)C(=O)N1 1.0000000 1.0000 0.8081180 0.8081 0.9378951 3.2315
 | 17.6314 61.8855 42.2105 0.8132503 CN(C)C=CC=CC(O)=C1C(=O)NC(=O)NC(O)(C=CN2CCOCC2)C1(C)O 1 C=C1CC(C=CN2CCOCC2)NC(=O)NC1=O 1.0000000 1.0000 0.7296604 0.7297 0.6126280 4.7014
 | 14.1248 56.7320 57.7941 0.8947346 COC=c1[nH]c(=S)[nH]c(=O)c1=C(O)C=CC=CN1CCN(CCO)CC1 1 C=c1[nH]c(=S)[nH]c(=O)c1=CC=CC=CN1CCNCC1 1.0000000 1.0000 0.7657712 0.7658 0.8633702 3.7990
 | 23.7634 59.1033 47.6683 0.8341534 CC1CC=C(C(=O)O)CN1C=CC=CC(O)=C1C(=O)NN=C1N 1 O=C1NN=CC1=CC=CC=CN1CC=CCC1 1.0000000 1.0000 0.7184329 0.7184 0.6943356 4.4655
 | 18.4689 52.3068 54.1288 0.8315287 C=C1CC(=C(O)C=CC=CN(O)C(C)C)C(=O)NC1=O 1 C=C1CC(=C)C(=O)NC1=O 1.0000000 1.0000 0.6219632 0.6220 0.8146419 4.0356
 | 14.1415 57.5380 55.8714 0.8860103 O=C1NC(=O)C(O)(CO)NC1=C(O)C=CC=CN1CCCC1 1 O=C1CNC(=CC=CC=CN2CCCC2)C(=O)N1 1.0000000 1.0000 0.8310293 0.8310 0.7511095 4.2805
 | 9.7541 46.5900 68.6141 0.9000321 O=C1C=C(N2CC2)NC(=O)C1=C(O)C=CC=CN1CCOCC1 1 O=C1C=C(N2CC2)NC(=O)C1=CC=CC=CN1CCOCC1 1.0000000 1.0000 0.7454284 0.7454 0.9141058 3.4595
 | 12.5666 67.8623 37.9397 0.8265784 CC(O)=C1NNC(=O)C(=C(O)C=CC=CN2CC=CCC2)N1 1 C=C1NNC(=O)C(=CC=CC=CN2CC=CCC2)N1 1.0000000 1.0000 0.6553155 0.6553 0.7461952 4.2975
02:44:04 <INFO> Score: 0.80 Agent NLL: 16.19 Valid: 100% Step: 60
 | Agent Prior Target Score SMILES SMILES_state Scaffold DASA DASA (raw) Solubility Solubility (raw) SA SA (raw)
 | 17.8464 67.9369 36.7289 0.8177015 CC1CNC(=O)CC(=C(O)C=CC=CN2CCN(C)CC2=O)C(=O)NN1 1 O=C1CC(=CC=CC=CN2CCNCC2=O)C(=O)NNCCN1 1.0000000 1.0000 0.7732812 0.7733 0.5846462 4.7773
 | 23.7478 68.7714 44.3054 0.8834128 CCCN1CN(C=CC=CC(O)=C2C(=O)NN=C(N)NC2=O)C(=O)CN1CC 1 O=C1NC=NNC(=O)C1=CC=CC=CN1CNNCC1=O 1.0000000 1.0000 0.7810842 0.7811 0.7991902 4.1002
 | 14.0183 66.9091 35.4256 0.7994896 CC1CNC(=O)C(=C(O)C=CC=CN2CCC(N)(CO)C2)C(=O)NC(=O)N1 1 O=C1NCCNC(=O)C(=CC=CC=CN2CCCC2)C(=O)N1 1.0000000 1.0000 0.8064398 0.8064 0.5057402 4.9850
 | 13.9984 64.5329 37.9983 0.8010250 C=C1NNNC(=O)C1=C(O)C=CC=CN1CC=C(O)C(O)C1 1 C=C1NNNC(=O)C1=CC=CC=CN1CC=CCC1 1.0000000 1.0000 0.7767412 0.7767 0.5333128 4.9131
 | 27.3138 73.3191 31.3036 0.8173655 CC1CNC(=O)C(=C(O)C=CC=CNC2CN(C)C(CO)CO2)C(=O)N1 1 O=C1NCCNC(=O)C1=CC=CC=CNC1CNCCO1 1.0000000 1.0000 0.8119067 0.8119 0.5504795 4.8680
 | 29.4400 71.4811 -71.4633 0.0001389 O=C(O)CC1(O)C(=O)NC(=C(O)C=CC=CN2CCCNCC2)N(CCO)C1=O 1 O=C1CC(=O)NC(=CC=CC=CN2CCCNCC2)N1 0.0000000 0.0000 0.8286436 0.8286 0.7887550 4.1418
 | 13.0338 59.9589 51.4781 0.8706015 CC1CN(CCO)CCN1C=CC=CC(O)=C1NNNNC1=O 1 O=C1NNNNC1=CC=CC=CN1CCNCC1 1.0000000 1.0000 0.8492123 0.8492 0.6798638 4.5094
 | 22.5830 65.8394 39.6182 0.8238875 CN1CCCC([N+](=O)[O-])N(C=CC=CC(O)=C2C(=O)CCCNC2=O)C1 1 O=C1CCCNC(=O)C1=CC=CC=CN1CCCCNC1 1.0000000 1.0000 0.6320263 0.6320 0.7687109 4.2176
 | 15.5978 59.2724 48.8341 0.8445820 C=CN1CCN(C=CC=CC(O)=C2C(=O)NC(=O)NC2N(C)C)CC1 1 O=C1NCC(=CC=CC=CN2CCNCC2)C(=O)N1 1.0000000 1.0000 0.7072333 0.7072 0.7454532 4.3000
 | 16.0243 68.7009 48.9207 0.9189187 O=C1CN(C=CC=CC(O)=c2oc(=C3NC(=O)NC3=O)c(=O)[nH]c2=O)CCN1 1 O=C1CN(C=CC=CC=c2oc(=C3NC(=O)NC3=O)c(=O)[nH]c2=O)CCN1 1.0000000 1.0000 0.8910870 0.8911 0.8051184 4.0759
02:44:04 <INFO> Score: 0.76 Agent NLL: 15.75 Valid: 100% Step: 61
 | Agent Prior Target Score SMILES SMILES_state Scaffold DASA DASA (raw) Solubility Solubility (raw) SA SA (raw)
 | 20.1639 57.1008 36.2746 0.7294953 COC1C(O)C=CCN1C=CC=CC(O)=C1CC(C)NN(C)C1=O 1 O=C1NNCCC1=CC=CC=CN1CC=CCC1 1.0000000 1.0000 0.6642201 0.6642 0.4344302 5.1718
 | 18.3874 62.8591 51.0411 0.8898449 NS(=O)(=O)N1CCN(C=CC=CC(O)=C2CCNC(=O)NC2=O)N1 1 O=C1NCCC(=CC=CC=CN2CCNN2)C(=O)N1 1.0000000 1.0000 0.8335657 0.8336 0.7620656 4.2417
 | 8.0840 46.3048 -46.3048 0.0000000 O=C1NC(=O)S(=O)(=O)NC1=C(O)C=CC=CN1CCOCC1 1 O=C1NC(=O)S(=O)(=O)NC1=CC=CC=CN1CCOCC1 1.0000000 1.0000 0.7839933 0.7840 0.8523020 3.8582
 | 11.4273 58.0158 56.6866 0.8961124 CN1CN(C=CC=CC(O)=C2C(=O)NCCNC2=O)CN(C)C1=O 1 O=C1NCN(C=CC=CC=C2C(=O)NCCNC2=O)CN1 1.0000000 1.0000 0.7801810 0.7802 0.8497438 3.8713
 | 21.3081 62.0149 47.1641 0.8529612 Nc1cccc(N2NC(=O)NC(=O)C(=C(O)C=CC=CN3CCC3)C2=O)c1 1 O=C1NC(=O)C(=CC=CC=CN2CCC2)C(=O)N(c2ccccc2)N1 1.0000000 1.0000 0.6074801 0.6075 0.9325338 3.2891
 | 13.3699 61.7553 55.5463 0.9164182 CN1CC(=O)NC(=O)C1=C(O)C=CC=CN1CCN(CCO)C1 1 O=C1CNC(=CC=CC=CN2CCNC2)C(=O)N1 1.0000000 1.0000 0.8221244 0.8221 0.8767354 3.7220
 | 13.0448 51.0423 59.9982 0.8675035 CN(C=CC=CC(O)=C1C(=O)NC(=O)NC2NC(=O)NC12)CCO 1 C=C1C(=O)NC(=O)NC2NC(=O)NC12 1.0000000 1.0000 0.8335930 0.8336 0.6848484 4.4944
 | 16.3599 67.1050 48.2551 0.9012513 CN1CCN(C=CC=CC(O)=C2C(=O)NC=C2NCO)C(=O)C1 1 O=C1NC=CC1=CC=CC=CN1CCNCC1=O 1.0000000 1.0000 0.8129807 0.8130 0.8284312 3.9743
 | 14.1552 53.2243 50.9171 0.8136046 O=C1NC(=CCl)CNC1=C(O)C=CC=CN1CCCC1 1 C=C1CNC(=CC=CC=CN2CCCC2)C(=O)N1 1.0000000 1.0000 0.5823446 0.5823 0.8044893 4.0785
 | 24.2998 61.8585 38.3092 0.7825605 C=CC1CC(=N)NC(=O)C1=C(O)C=CC=CN1CCCNC1=O 1 N=C1CCC(=CC=CC=CN2CCCNC2=O)C(=O)N1 1.0000000 1.0000 0.5932353 0.5932 0.6681945 4.5440
02:44:05 <INFO> Score: 0.79 Agent NLL: 15.98 Valid: 100% Step: 62
 | Agent Prior Target Score SMILES SMILES_state Scaffold DASA DASA (raw) Solubility Solubility (raw) SA SA (raw)
 | 18.8119 71.5151 41.0544 0.8794489 C=C1NC(=O)C(=C(O)C=CC=CN2CC(=O)N(C)C(=O)C2=O)C(=O)C(O)N1C 1 C=C1NCC(=O)C(=CC=CC=CN2CC(=O)NC(=O)C2=O)C(=O)N1 1.0000000 1.0000 0.8231875 0.8232 0.7363529 4.3309
 | 17.0450 67.8249 43.9822 0.8734927 CNC1NC(=O)C(=C(O)C=CC=CN2CCN(CCO)CC2)C(=O)C(C)(O)C1=O 1 O=C1CNC(=O)C(=CC=CC=CN2CCNCC2)C(=O)C1 1.0000000 1.0000 0.8346084 0.8346 0.7038978 4.4359
 | 16.6997 58.7329 47.0100 0.8261166 CCC1CNC(=O)C(=C(O)C=CC=CN2CCSC2)C(=O)N1 1 O=C1NCCNC(=O)C1=CC=CC=CN1CCSC1 1.0000000 1.0000 0.6658150 0.6658 0.7303808 4.3508
 | 17.8156 64.8630 46.7955 0.8723317 CC1NC(=C(O)C=CC=CN2CCN(C)CC(=O)N2)C(=O)NC1=O 1 O=C1CNC(=CC=CC=CN2CCNCC(=O)N2)C(=O)N1 1.0000000 1.0000 0.8175294 0.8175 0.7175610 4.3926
 | 12.9322 67.1715 43.9359 0.8680269 CC1=C(N2CCCC2)NC(=O)NC(=O)C(=C(O)C=CC=CN2CCN(CCO)CC2)C1=O 1 O=C1NC(=O)C(=CC=CC=CN2CCNCC2)C(=O)C=C(N2CCCC2)N1 1.0000000 1.0000 0.6558746 0.6559 0.9154916 3.4479
 | 17.6127 66.1486 48.2943 0.8940854 O=C1NN(CCO)C(=O)C1=C(O)C=CC=CN1CNC(=CO)C1=O 1 C=C1NCN(C=CC=CC=C2C(=O)NNC2=O)C1=O 1.0000000 1.0000 0.8404433 0.8404 0.7698067 4.2136
 | 15.2132 75.1593 30.3818 0.8245398 CN(C)C=CC=C(O)N1C=CC(=O)C(=C(O)C=CC=CN2CCN(C)CC2)C(=O)N1 1 O=C1C=CNNC(=O)C1=CC=CC=CN1CCNCC1 1.0000000 1.0000 0.6007724 0.6008 0.8196659 4.0137
 | 20.3664 64.6847 38.1003 0.8030075 C=C1NC(=O)C(=C(O)C=CC=CN2CC=C(O)C(O)C2NC(C)=O)C1=O 1 C=C1NC(=O)C(=CC=CC=CN2CC=CCC2)C1=O 1.0000000 1.0000 0.7464357 0.7464 0.5652381 4.8290
 | 17.1406 55.3688 60.4115 0.9045333 N=C1C(=O)NC(=O)C(=C(O)C=CC=CN2CCCC2=O)C1=O 1 N=C1C(=O)NC(=O)C(=CC=CC=CN2CCCC2=O)C1=O 1.0000000 1.0000 0.7717766 0.7718 0.8953509 3.6016
 | 17.5728 62.6016 44.8087 0.8391431 CC1(O)C(=O)NC(=O)C(=C(O)C=CC=CN2CCC=C(O)C2)C1=O 1 O=C1CC(=O)C(=CC=CC=CN2CC=CCC2)C(=O)N1 1.0000000 1.0000 0.7319050 0.7319 0.6962509 4.4596
02:44:05 <INFO> Sampled SMILES N1C(=O)C(=C(O)C=CC=CN2CCN(C)CCC2)[S+](=O)(=O)C1 failed to sanitize.
02:44:05 <INFO> Score: 0.80 Agent NLL: 14.61 Valid:  99% Step: 63
 | Agent Prior Target Score SMILES SMILES_state Scaffold DASA DASA (raw) Solubility Solubility (raw) SA SA (raw)
 | 13.9775 40.6887 -40.6887 0.0000000 O=C1CCOC1=C(O)C=CC=CN1CCCC1 1 O=C1CCOC1=CC=CC=CN1CCCC1 1.0000000 1.0000 0.5980659 0.5981 0.9018433 3.5552
 | 17.5447 61.4847 54.9650 0.9097634 NC(=O)C1C(=O)NC(=O)C(=C(O)C=CC=CN2CN(CCO)CCC2=O)C1=O 1 O=C1CC(=O)C(=CC=CC=CN2CNCCC2=O)C(=O)N1 1.0000000 1.0000 0.8608858 0.8609 0.8045718 4.0781
 | 15.6237 61.1321 50.4195 0.8714974 N=C1CNC(=O)C(=C(O)C=CC=CN2CC=CCC2=O)C(=O)N1 1 N=C1CNC(=O)C(=CC=CC=CN2CC=CCC2=O)C(=O)N1 1.0000000 1.0000 0.7527321 0.7527 0.7891311 4.1403
 | 20.1360 53.9748 47.9097 0.7959729 CC(C)OC(O)=C1OC(=O)C(=C(O)C=CC=CN2CCCC2)C1=O 1 C=C1OC(=O)C(=CC=CC=CN2CCCC2)C1=O 1.0000000 1.0000 0.4942195 0.4942 0.8934473 3.6147
 | 22.2048 33.4129 -33.3982 0.0001145 CCC=CC(O)=C1Cc2ccccc2C1=O 1 C=C1Cc2ccccc2C1=O 0.0000000 0.0000 0.3567739 0.3568 0.9648007 2.8431
 | 11.6570 53.3170 60.0271 0.8855006 CC=c1[nH]c(=O)c(=C(O)C=CC=CN2CCCC2)c(=O)n1C 1 C=c1[nH]c(=O)c(=CC=CC=CN2CCCC2)c(=O)[nH]1 1.0000000 1.0000 0.7529547 0.7530 0.8434716 3.9028
 | 15.3123 66.1058 46.4370 0.8792406 O=C1C=NN(CO)C(=C(O)C=CC=CN2CCNC2=S)C(=O)N1 1 O=C1C=NNC(=CC=CC=CN2CCNC2=S)C(=O)N1 1.0000000 1.0000 0.8121745 0.8122 0.7476068 4.2926
 | 10.3928 56.5786 60.4562 0.9143348 NC1NNC(=O)C(=C(O)C=CC=CN2CCN(CCO)CC2)C(=O)N1 1 O=C1NCNNC(=O)C1=CC=CC=CN1CCNCC1 1.0000000 1.0000 0.8827230 0.8827 0.7973568 4.1076
 | 15.2133 64.4701 46.7749 0.8691016 CN1NCNC(=O)C(=C(O)C=CC=CN2C(=O)OCC2C(=O)O)C1=O 1 O=C1NCNNC(=O)C1=CC=CC=CN1CCOC1=O 1.0000000 1.0000 0.8088903 0.8089 0.7155316 4.3991
 | 12.2416 58.3404 57.4249 0.9044161 CN1CCN(C=CC=CC(O)=c2c(=O)[nH]c(=O)c(=CF)n2C)CC1 1 C=c1[nH]c(=CC=CC=CN2CCNCC2)c(=O)[nH]c1=O 1.0000000 1.0000 0.7982655 0.7983 0.8593500 3.8210
02:44:06 <INFO> Sampled SMILES N1C(=O)C(=C(O)C=CC=CN2CCOC(C)=C2(O)CO)NC(=O)C1NC(=O)C failed to sanitize.
02:44:06 <INFO> Score: 0.79 Agent NLL: 15.71 Valid:  99% Step: 64
 | Agent Prior Target Score SMILES SMILES_state Scaffold DASA DASA (raw) Solubility Solubility (raw) SA SA (raw)
 | 9.1507 51.5194 65.5716 0.9147736 CN1CCN(C=CC=CC(O)=C2C(=O)NN(C)C2=O)C(=O)C1 1 O=C1NNC(=O)C1=CC=CC=CN1CCNCC1=O 1.0000000 1.0000 0.8093360 0.8093 0.8866712 3.6599
 | 9.4367 48.6205 60.5740 0.8530823 O=C1NCCCNC1=C(O)C=CC=CN1CC=CCC1 1 O=C1NCCCNC1=CC=CC=CN1CC=CCC1 1.0000000 1.0000 0.6609610 0.6610 0.8432397 3.9039
 | 38.3470 85.6560 2.7481 0.6906569 CON=C1C(C2CCSC2=N)CCN1C=CC=CC(O)=C1C(=O)NC(=O)NN1C 1 N=C1SCCC1C1CCN(C=CC=CC=C2NNC(=O)NC2=O)C1=N 1.0000000 1.0000 0.5320136 0.5320 0.4506035 5.1291
 | 13.2463 58.4724 52.4520 0.8665969 O=C1CC(=C(O)C=CC=CN2CCC(O)C2)C(=O)NC(=S)N1 1 O=C1CC(=CC=CC=CN2CCCC2)C(=O)NC(=S)N1 1.0000000 1.0000 0.7499231 0.7499 0.7741264 4.1976
 | 18.6835 55.4546 43.0709 0.7697303 CN1CCN(C=CC=CC(O)=C2SSSCCNC2=O)CC1 1 O=C1NCCSSSC1=CC=CC=CN1CCNCC1 1.0000000 1.0000 0.4649676 0.4650 0.8350547 3.9434
 | 10.7785 53.2797 60.8875 0.8919313 O=C1NC(=O)S(=O)(=O)NC1=C(O)C=CC=CN1CCC1 1 O=C1NC(=O)S(=O)(=O)NC1=CC=CC=CN1CCC1 1.0000000 1.0000 0.7767729 0.7768 0.8376044 3.9313
 | 18.5464 77.0505 20.5426 0.7624459 C=C1ONC(=O)NC(=O)C1=C(O)C=CC=CN1CCN(C(C)=CC=CCN(C)C)C1=O 1 C=C1ONC(=O)NC(=O)C1=CC=CC=CN1CCNC1=O 1.0000000 1.0000 0.4914806 0.4915 0.7507065 4.2819
 | 14.9404 70.2161 33.7112 0.8119316 CC1(O)C(=C(O)C=CC=CN2CCOS(=O)(=O)C2)C(=O)NN1CCO 1 O=C1NNCC1=CC=CC=CN1CCOS(=O)(=O)C1 1.0000000 1.0000 0.8190430 0.8190 0.5296800 4.9226
 | 16.3752 58.7780 51.5036 0.8615749 CCNC1CSC(=C(O)C=CC=CN2CCNCC2)C(=O)NC1=O 1 O=C1CCSC(=CC=CC=CN2CCNCC2)C(=O)N1 1.0000000 1.0000 0.7254822 0.7255 0.7861016 4.1521
 | 22.8275 73.3793 34.5609 0.8432830 CN1C(N)NC(=O)C1N1NC(=O)C(=C(O)C=CC=CN2CCN(CCO)C2=O)C1=O 1 O=C1NN(C2NCNC2=O)C(=O)C1=CC=CC=CN1CCNC1=O 1.0000000 1.0000 0.8742810 0.8743 0.5742576 4.8051
02:44:07 <INFO> Score: 0.77 Agent NLL: 15.79 Valid: 100% Step: 65
 | Agent Prior Target Score SMILES SMILES_state Scaffold DASA DASA (raw) Solubility Solubility (raw) SA SA (raw)
 | 17.2656 60.6540 49.5959 0.8613271 C=C1NC(=O)CC(=C(O)C=CC=CN2CCNC2=N)C(=O)N1 1 C=C1NC(=O)CC(=CC=CC=CN2CCNC2=N)C(=O)N1 1.0000000 1.0000 0.7659588 0.7660 0.7356302 4.3333
 | 18.3597 58.9627 42.9527 0.7962134 CCN1CC(=C(O)C=CC=CN2CC=C(O)C(O)C2)C(=O)N1C 1 O=C1NNCC1=CC=CC=CN1CC=CCC1 1.0000000 1.0000 0.6872818 0.6873 0.6022297 4.7298
 | 14.1631 63.3301 50.1847 0.8868348 Cn1c(=CF)c(=O)[nH]c(=O)c1=C(O)C=CC=CN1CCC(=O)N1 1 C=c1[nH]c(=CC=CC=CN2CCC(=O)N2)c(=O)[nH]c1=O 1.0000000 1.0000 0.8351925 0.8352 0.7495412 4.2859
 | 18.0314 81.4542 32.2478 0.8882972 CCN1C(=O)NC(=O)CNC(=O)C(=C(O)C=CC=CN2CCC(=O)N2)C1=O 1 O=C1CNC(=O)C(=CC=CC=CN2CCC(=O)N2)C(=O)NC(=O)N1 1.0000000 1.0000 0.7944752 0.7945 0.8013983 4.0912
 | 10.4808 44.2534 -44.2534 0.0000000 CN1C(=O)NC(=O)C1=C(O)C=CC=CN1CCNC1=O 1 O=C1NC(=O)C(=CC=CC=CN2CCNC2=O)N1 1.0000000 1.0000 0.7656809 0.7657 0.8715907 3.7524
 | 18.0484 63.4473 35.1678 0.7704303 CN1NC(O)C(O)C(=C(O)C=CC=CN2CCC(O)N2)C1=O 1 O=C1NNCCC1=CC=CC=CN1CCCN1 1.0000000 1.0000 0.8651531 0.8652 0.3978950 5.2699
 | 10.0302 47.0939 57.1723 0.8145795 O=C1Nc2ccccc2NC1=C(O)C=CC=CN1CCNC1=O 1 O=C1Nc2ccccc2NC1=CC=CC=CN1CCNC1=O 1.0000000 1.0000 0.5218565 0.5219 0.9222726 3.3886
 | 21.9288 59.5450 18.9481 0.6132275 O=C1NC2SCC(=CO)N2C1=C(O)C=CC=CN1CC=C(c2ccccc2)CC1 1 C=C1CSC2NC(=O)C(=CC=CC=CN3CC=C(c4ccccc4)CC3)N12 1.0000000 1.0000 0.2403477 0.2403 0.7095827 4.4180
 | 14.1500 56.7625 46.3106 0.8052584 O=C1NCCC(O)C1=C(O)C=CC=CN1CCNc2ccccc21 1 O=C1NCCCC1=CC=CC=CN1CCNc2ccccc21 1.0000000 1.0000 0.5432628 0.5433 0.8373677 3.9324
 | 10.5141 54.6209 62.1920 0.9126005 O=C1NCNC(=O)C(=C(O)C=CC=CN2CCC2)C(=O)N1 1 O=C1NCNC(=O)C(=CC=CC=CN2CCC2)C(=O)N1 1.0000000 1.0000 0.7956421 0.7956 0.8960200 3.5969
02:44:08 <INFO> Score: 0.81 Agent NLL: 15.19 Valid: 100% Step: 66
 | Agent Prior Target Score SMILES SMILES_state Scaffold DASA DASA (raw) Solubility Solubility (raw) SA SA (raw)
 | 10.8189 49.7883 60.2757 0.8598754 CC1=COC(=C(O)C=CC=CN2CCN(C)CC2)C(=O)N1 1 O=C1NC=COC1=CC=CC=CN1CCNCC1 1.0000000 1.0000 0.6622737 0.6623 0.8697295 3.7632
 | 19.2131 66.8988 43.8062 0.8648828 C=c1c(N=NC)c(CO)c(=C(O)C=CC=CN2CCN(C)CC2)c(=O)n1C 1 C=c1ccc(=CC=CC=CN2CCNCC2)c(=O)[nH]1 1.0000000 1.0000 0.7013700 0.7014 0.8319246 3.9581
 | 14.6507 47.9845 62.9845 0.8669451 CC(=CC=CC(O)=C1C(=O)OC(C)(C)OC1=O)N1CCNCC1 1 O=C1OCOC(=O)C1=CC=CC=CN1CCNCC1 1.0000000 1.0000 0.6484799 0.6485 0.9231854 3.3802
 | 9.3733 52.7926 60.8871 0.8881222 CC1=NNC(=O)NC(=O)C1=C(O)C=CC=CN1CCN(C)CC1 1 O=C1NN=CC(=CC=CC=CN2CCNCC2)C(=O)N1 1.0000000 1.0000 0.7141774 0.7142 0.9099512 3.4932
 | 15.0060 51.1176 59.6174 0.8651172 CC1C(=O)CC(=O)C1=C(O)C=CC=CN1CCNC(=O)C1=O 1 O=C1CC(=O)C(=CC=CC=CN2CCNC(=O)C2=O)C1 1.0000000 1.0000 0.7510507 0.7511 0.7672057 4.2231
 | 14.0790 62.7821 45.8817 0.8489364 CN1C=C(N)C(=C(O)C=CC=CN2CCC(N)(CO)C2)C1=O 1 O=C1NC=CC1=CC=CC=CN1CCCC1 1.0000000 1.0000 0.7903475 0.7903 0.6666439 4.5485
 | 24.2157 59.3981 47.2605 0.8332705 CCOC=C1CCC(=C(O)C=CC=CN2CCN(C)CC2)C(=O)NC1=O 1 C=C1CCC(=CC=CC=CN2CCNCC2)C(=O)NC1=O 1.0000000 1.0000 0.5818693 0.5819 0.8902473 3.6364
 | 16.5889 57.7383 48.9567 0.8335543 COC1C(=O)NCN1C=CC=CC(O)=C1CC(=O)NN(C)C1=O 1 O=C1CN(C=CC=CC=C2CC(=O)NNC2=O)CN1 1.0000000 1.0000 0.8076527 0.8077 0.6015239 4.7317
 | 9.0786 51.9312 62.2036 0.8916779 O=C1NOC(=O)C(=C(O)C=CC=CN2CCNC2=S)C(=O)N1 1 O=C1NOC(=O)C(=CC=CC=CN2CCNC2=S)C(=O)N1 1.0000000 1.0000 0.7851299 0.7851 0.8259312 3.9857
 | 22.1010 68.0179 45.1700 0.8842803 CN1N=CC(=C(O)C=CC=CN2CCC(=O)N2O)C(=O)NC(=O)C1=O 1 O=C1CCN(C=CC=CC=C2C=NNC(=O)C(=O)NC2=O)N1 1.0000000 1.0000 0.8055063 0.8055 0.7733840 4.2003
02:44:08 <INFO> Score: 0.79 Agent NLL: 14.95 Valid: 100% Step: 67
 | Agent Prior Target Score SMILES SMILES_state Scaffold DASA DASA (raw) Solubility Solubility (raw) SA SA (raw)
 | 10.6114 55.4928 60.2177 0.9039889 NC1=NNNC(=O)C1=C(O)C=CC=CN1CCNC1=O 1 O=C1NNN=CC1=CC=CC=CN1CCNC1=O 1.0000000 1.0000 0.8440779 0.8441 0.8020952 4.0883
 | 10.3545 46.6682 66.7827 0.8863355 CN1NC(=O)C(=C(O)C=CC=CN2CCOCC2)C1O 1 O=C1NNCC1=CC=CC=CN1CCOCC1 1.0000000 1.0000 0.8015137 0.8015 0.7856319 4.1539
 | 13.2370 55.5857 60.2530 0.9049895 O=C1CC(=C(O)C=CC=CN2CCC(=O)C2=O)C(=O)NC(=O)N1 1 O=C1CC(=CC=CC=CN2CCC(=O)C2=O)C(=O)NC(=O)N1 1.0000000 1.0000 0.7835032 0.7835 0.8811584 3.6949
 | 13.1560 57.6505 55.1122 0.8809583 O=C1NC(=S)NC(=O)C(O)C1=C(O)C=CC=CN1CCCC1 1 O=C1CC(=CC=CC=CN2CCCC2)C(=O)NC(=S)N1 1.0000000 1.0000 0.7499231 0.7499 0.8294542 3.9696
 | 16.1763 57.0457 49.9250 0.8357085 C=C1CCCN1C=CC=CC(O)=C1CNCCN(C)C1=O 1 C=C1CCCN1C=CC=CC=C1CNCCNC1=O 1.0000000 1.0000 0.6104842 0.6105 0.8507871 3.8660
 | 14.4377 55.8425 47.5910 0.8080741 CC1=C(C)OC(=C(O)C=CC=CN2CCCC2)C(=O)NC(=O)N1 1 O=C1NC=COC(=CC=CC=CN2CCCC2)C(=O)N1 1.0000000 1.0000 0.5226222 0.5226 0.8901631 3.6369
 | 16.7782 71.7097 35.4163 0.8369215 CN1CCN(C=CC=CC(O)=C2CC=C(N3CCOCC3)OC(O)NC2=O)CC1 1 O=C1NCOC(N2CCOCC2)=CCC1=CC=CC=CN1CCNCC1 1.0000000 1.0000 0.6789634 0.6790 0.7534602 4.2722
 | 13.8206 60.7259 48.8917 0.8563877 COC=C1NCC(O)NC(=O)C1=C(O)C=CC=CN1CCN(C)CC1 1 C=C1NCCNC(=O)C1=CC=CC=CN1CCNCC1 1.0000000 1.0000 0.7551963 0.7552 0.7303716 4.3508
 | 8.1606 48.4910 67.5541 0.9066025 O=C1NCCNC1=C(O)C=CC=CN1CCNC1=O 1 O=C1NCCNC1=CC=CC=CN1CCNC1=O 1.0000000 1.0000 0.8064258 0.8064 0.8575782 3.8305
 | 11.8587 50.6012 59.4164 0.8595121 O=C1NCCC(=C(O)C=CC=CN2CCCC2CO)C(=O)N1 1 O=C1NCCC(=CC=CC=CN2CCCC2)C(=O)N1 1.0000000 1.0000 0.7102214 0.7102 0.7983365 4.1037
02:44:09 <INFO> Score: 0.79 Agent NLL: 16.02 Valid: 100% Step: 68
 | Agent Prior Target Score SMILES SMILES_state Scaffold DASA DASA (raw) Solubility Solubility (raw) SA SA (raw)
 | 20.5151 73.1016 35.5850 0.8491141 C=C1COCCN1C=CC=CC(O)=C1C(=O)NC(=O)C(O)OC1=C1C(=O)NC(=O)NC1=O 1 C=C1COCCN1C=CC=CC=C1C(=O)NC(=O)COC1=C1C(=O)NC(=O)NC1=O 1.0000000 1.0000 0.7772768 0.7773 0.6807169 4.5068
 | 15.7331 65.3810 49.6544 0.8987146 O=C1NNC(=O)N(CCO)C(=O)C1=C(O)C=CC=CN1CCSCC1 1 O=C1NNC(=O)C(=CC=CC=CN2CCSCC2)C(=O)N1 1.0000000 1.0000 0.7612360 0.7612 0.8859075 3.6648
 | 12.1503 48.9133 63.8506 0.8809680 CC1=NC(=O)NC(=O)C1=C(O)C=CC=CN1CCNC1=O 1 O=C1N=CC(=CC=CC=CN2CCNC2=O)C(=O)N1 1.0000000 1.0000 0.7101516 0.7102 0.8855465 3.6671
 | 16.5778 58.2444 44.6295 0.8037025 CN1C(=O)C(=C(O)C=CC=CN2CCOS2(=O)=O)OC1O 1 O=C1NCOC1=CC=CC=CN1CCOS1(=O)=O 1.0000000 1.0000 0.8010636 0.8011 0.5211947 4.9447
 | 27.1227 82.2455 24.2441 0.8319497 C=C(C)COC(=O)NNC1CC(=O)NC(=O)C(=C(O)C=CC=CN2CCNC2=S)C(=O)N1 1 O=C1CCNC(=O)C(=CC=CC=CN2CCNC2=S)C(=O)N1 1.0000000 1.0000 0.7206613 0.7207 0.6841168 4.4966
 | 15.0315 53.4296 54.5169 0.8433325 O=C1NC(CO)NNC1=C(O)C=CC=CN1Cc2ccccc2C1 1 O=C1NCNNC1=CC=CC=CN1Cc2ccccc2C1 1.0000000 1.0000 0.6895263 0.6895 0.7637200 4.2357
 | 15.7181 55.4477 49.5637 0.8204015 CC=c1[nH]c(=O)c(=C(O)C=CC=CN2C=CCCC2)n1C 1 C=c1[nH]c(=O)c(=CC=CC=CN2C=CCCC2)[nH]1 1.0000000 1.0000 0.6676671 0.6677 0.7070320 4.4261
 | 18.5132 68.6114 33.7774 0.7999129 CCC(C)N1NC(=O)C(=C(O)C=CC=CN2CC=C(C)N2)C1=O 1 O=C1NNC(=O)C1=CC=CC=CN1CC=CN1 1.0000000 1.0000 0.6379000 0.6379 0.6715468 4.5341
 | 24.7271 68.3394 37.2771 0.8251289 CSCC1NC(=O)C(=C(O)C=CC=CN2CCC=C2CN(C)C)C(=O)NC1=O 1 O=C1CNC(=O)C(=CC=CC=CN2C=CCC2)C(=O)N1 1.0000000 1.0000 0.6648376 0.6648 0.7280023 4.3586
 | 18.1096 61.0328 43.1608 0.8140125 CC1CN(C=CC=CC(O)=C2C(=O)NC(=CN3CCCCC3)C2=O)CCN1 1 O=C1NC(=CN2CCCCC2)C(=O)C1=CC=CC=CN1CCNCC1 1.0000000 1.0000 0.5988636 0.5989 0.7795736 4.1771
02:44:09 <INFO> Sampled SMILES N1C(=O)C(=C(O)C=CC=CN2CCN(CCO)CC2)c2c(O)c(N)c(=C)c(O)c21 failed to sanitize.
02:44:10 <INFO> Score: 0.73 Agent NLL: 15.38 Valid:  99% Step: 69
 | Agent Prior Target Score SMILES SMILES_state Scaffold DASA DASA (raw) Solubility Solubility (raw) SA SA (raw)
 | 21.6771 75.4431 20.2670 0.7477350 CC1=CCN(C=CC=CC(O)=C2OC=C(C(C)=CN3CCN(C)CC3)NC2=O)C1 1 O=C1NC(C=CN2CCNCC2)=COC1=CC=CC=CN1CC=CC1 1.0000000 1.0000 0.4539524 0.4540 0.7609005 4.2459
 | 12.0524 63.8344 49.4381 0.8849408 CN1CN(C=CC=CC(O)=C2NCCC(=O)NC2=O)CN(C)C1=O 1 O=C1CCNC(=CC=CC=CN2CNC(=O)NC2)C(=O)N1 1.0000000 1.0000 0.7555217 0.7555 0.8378060 3.9303
 | 15.8878 60.6977 54.0872 0.8967575 COC=C1NCC(=O)NC(=O)C1=C(O)C=CC=CN1CCNCC1 1 C=C1NCC(=O)NC(=O)C1=CC=CC=CN1CCNCC1 1.0000000 1.0000 0.7751240 0.7751 0.8589932 3.8229
 | 15.1264 56.8904 -56.8904 0.0000000 COC(=O)C1NC(=O)C(=C(O)C=CC=CN2CCC(=O)N2)C1=O 1 O=C1CCN(C=CC=CC=C2C(=O)CNC2=O)N1 1.0000000 1.0000 0.8248268 0.8248 0.7503940 4.2829
 | 14.2388 51.4767 58.8224 0.8617115 C=C1CNN(C=CC=CC(O)=C2NCCNC2=O)C1 1 C=C1CNN(C=CC=CC=C2NCCNC2=O)C1 1.0000000 1.0000 0.7837116 0.7837 0.7170218 4.3943
 | 8.5497 44.6148 73.6110 0.9236394 C=c1[nH]c(=O)[nH]c(=O)c1=C(O)C=CC=CN1CCN(C)CC1 1 C=c1[nH]c(=O)[nH]c(=O)c1=CC=CC=CN1CCNCC1 1.0000000 1.0000 0.8327444 0.8327 0.8922697 3.6228
 | 10.0647 51.9946 64.7432 0.9120144 CN1CCN(C=CC=CC(O)=C2NCCNC2=O)C(=O)C1 1 O=C1NCCNC1=CC=CC=CN1CCNCC1=O 1.0000000 1.0000 0.8064610 0.8065 0.8792391 3.7067
 | 12.1506 56.0363 56.6883 0.8806612 O=C1NCCNC(=O)C1=C(O)C=CC=CN1CC=CCO1 1 O=C1NCCNC(=O)C1=CC=CC=CN1CC=CCO1 1.0000000 1.0000 0.7660445 0.7660 0.8074070 4.0663
 | 9.5923 46.2323 66.6340 0.8817679 CN1CCC(=C(O)C=CC=CN2CCNC2=O)C1=O 1 O=C1NCCC1=CC=CC=CN1CCNC1=O 1.0000000 1.0000 0.7145623 0.7146 0.8823481 3.6874
 | 11.8917 59.0278 53.8562 0.8819063 O=C1NN(CCO)C(=O)C1=C(O)C=CC=CN1CC=C(O)CC1 1 O=C1NNC(=O)C1=CC=CC=CN1CC=CCC1 1.0000000 1.0000 0.7631662 0.7632 0.8158896 4.0302
02:44:10 <INFO> Sampled SMILES CN1C(=O)C(=C(C=C(C=CN2CC(=O)NCC2)=O)O)C(=O)N1C failed to sanitize.
02:44:10 <INFO> Score: 0.77 Agent NLL: 15.70 Valid:  99% Step: 70
 | Agent Prior Target Score SMILES SMILES_state Scaffold DASA DASA (raw) Solubility Solubility (raw) SA SA (raw)
 | 12.5901 68.1636 41.0261 0.8530449 O=C1NCC(O)NC(=O)C1=C(O)C=CC=CN1C=CN(CCO)CC1 1 O=C1NCCNC(=O)C1=CC=CC=CN1C=CNCC1 1.0000000 1.0000 0.8337025 0.8337 0.6380703 4.6306
 | 32.5033 87.0608 15.3983 0.8004618 C=C1CCCN1C=CC=CC(O)=C1NCC(NCCCCN=CCNCCNCCCCCN)C(=O)NC1=O 1 C=C1CCCN1C=CC=CC=C1NCCC(=O)NC1=O 1.0000000 1.0000 0.6304543 0.6305 0.6830400 4.4998
 | 12.7537 58.4367 -58.4367 0.0000000 CC1NC(=O)C(=C(O)C=CC=CN2CCN2C)C(=O)NC1=O 1 O=C1CNC(=O)C(=CC=CC=CN2CCN2)C(=O)N1 1.0000000 1.0000 0.8064576 0.8065 0.7576304 4.2575
 | 10.1656 51.4694 64.0372 0.9023954 O=C1CC(=C(O)C=CC=CN2CCNC2=O)C(=O)NC(=O)N1 1 O=C1CC(=CC=CC=CN2CCNC2=O)C(=O)NC(=O)N1 1.0000000 1.0000 0.7760496 0.7760 0.8806423 3.6981
 | 23.1841 62.3047 50.5053 0.8813286 C=C(C)C(=O)N1NNC(=O)C(=C(O)C=CC=CN2CCOCC2)N1 1 O=C1NNNNC1=CC=CC=CN1CCOCC1 1.0000000 1.0000 0.7667495 0.7667 0.8090864 4.0593
 | 19.1678 73.9445 25.1127 0.7738850 CC1OC(CO)NC(=O)C(=C(O)C=CC=CN2CC=COC2=O)C1=O 1 O=C1COCNC(=O)C1=CC=CC=CN1CC=COC1=O 1.0000000 1.0000 0.7063048 0.7063 0.5171903 4.9552
 | 9.3722 54.8246 -54.8246 0.0000000 O=C1CCNC(=C(O)C=CC=CN2CCN(CCO)CC2)C(=O)N1 1 O=C1CCNC(=CC=CC=CN2CCNCC2)C(=O)N1 1.0000000 1.0000 0.8088871 0.8089 0.9221086 3.3901
 | 23.4121 55.6116 -55.6116 0.0000000 CN1C(=O)C(=C(C=C(C=CN2CC(=O)NCC2)=O)O)C(=O)N1C 0 -- 0.0000000 0.0000 0.0000000 0.0000 0.0000000 0.0000
 | 19.0578 60.6701 44.0810 0.8183676 CC(C)(C)N1NC2C(=O)NC(=O)C(=C(O)C=CC=CN3CCOCC3)C21 1 O=C1NC(=O)C2NNC2C1=CC=CC=CN1CCOCC1 1.0000000 1.0000 0.6938029 0.6938 0.6681901 4.5440
 | 16.1068 57.8201 47.4133 0.8221358 C=C1C(=O)CC(=O)C1=C(O)C=CC=CN1CCC=C(O)C1=O 1 C=C1C(=O)CC(=O)C1=CC=CC=CN1CCC=CC1=O 1.0000000 1.0000 0.5890080 0.5890 0.8291203 3.9711
02:44:11 <INFO> Score: 0.76 Agent NLL: 15.22 Valid: 100% Step: 71
 | Agent Prior Target Score SMILES SMILES_state Scaffold DASA DASA (raw) Solubility Solubility (raw) SA SA (raw)
 | 11.8866 58.1174 57.0157 0.8994768 CC1=NCCN1C=CC=CC(O)=C1C(=O)NN(CCO)C1=O 1 O=C1NNC(=O)C1=CC=CC=CN1C=NCC1 1.0000000 1.0000 0.8011449 0.8011 0.8361892 3.9381
 | 7.9739 52.0011 65.4479 0.9175701 O=C1NCCNC(=O)C1=C(O)C=CC=CN1CCNC1=O 1 O=C1NCCNC(=O)C1=CC=CC=CN1CCNC1=O 1.0000000 1.0000 0.8175526 0.8176 0.8872911 3.6558
 | 14.5733 61.2472 46.4800 0.8416192 C=C1CCCN1C=CC=CC(O)=C1C(=O)NC(=CN2CCNCC2)C1=O 1 C=C1CCCN1C=CC=CC=C1C(=O)NC(=CN2CCNCC2)C1=O 1.0000000 1.0000 0.6391917 0.6392 0.8293318 3.9701
 | 17.6224 57.6273 50.9529 0.8482828 CN(CCO)C1NC(=O)NC(=O)C1=C(O)C=CC=CN(O)C1CCCC1 1 O=C1NCC(=CC=CC=CNC2CCCC2)C(=O)N1 1.0000000 1.0000 0.6876945 0.6877 0.7852285 4.1555
 | 11.9398 60.8009 54.1552 0.8980941 CC1=C(N)C(=C(O)C=CC=CN2CCN(C=O)CC2)C(=O)N1 1 O=C1NC=CC1=CC=CC=CN1CCNCC1 1.0000000 1.0000 0.7611699 0.7612 0.8834333 3.6806
 | 17.3920 58.4056 48.2202 0.8330140 CN1CCCN(C=CC=CC(O)=C2CC(=O)C(Cl)C(=O)NC2=O)CC1 1 O=C1CC(=O)NC(=O)C(=CC=CC=CN2CCCNCC2)C1 1.0000000 1.0000 0.6423241 0.6423 0.7896501 4.1383
 | 18.1782 71.6447 38.2800 0.8587869 CN(C=CC=c1[nH]c(=O)c(=C(O)C=CC=CN2CCCN(C)C2=O)n1C)CCO 1 C=c1[nH]c(=O)c(=CC=CC=CN2CCCNC2=O)[nH]1 1.0000000 1.0000 0.7433283 0.7433 0.7531856 4.2732
 | 12.2377 48.9561 64.5770 0.8869771 CN1CCCN(C=CC=CC(O)=C2NS(=O)(=O)NC2=O)C1=O 1 O=C1NS(=O)(=O)NC1=CC=CC=CN1CCCNC1=O 1.0000000 1.0000 0.7693756 0.7694 0.8276867 3.9777
 | 15.3833 58.2568 50.1327 0.8467929 O=C1CC(O)NNC(=O)C1=C(O)C=CC=CN1CCSCC1 1 O=C1CCNNC(=O)C1=CC=CC=CN1CCSCC1 1.0000000 1.0000 0.7506287 0.7506 0.7017044 4.4427
 | 16.8986 58.4306 47.1826 0.8251033 CC(O)C1CN(C=CC=CC(O)=C2C(=O)NN=C2N)C(=O)O1 1 O=C1NN=CC1=CC=CC=CN1CCOC1=O 1.0000000 1.0000 0.7934759 0.7935 0.5887007 4.7664
02:44:12 <INFO> Score: 0.75 Agent NLL: 15.61 Valid: 100% Step: 72
 | Agent Prior Target Score SMILES SMILES_state Scaffold DASA DASA (raw) Solubility Solubility (raw) SA SA (raw)
 | 11.2781 53.1293 61.0590 0.8920959 CCN1C(=O)C(=C(O)C=CC=CN2CCN(C)CC2=O)C(=O)N1C 1 O=C1NNC(=O)C1=CC=CC=CN1CCNCC1=O 1.0000000 1.0000 0.7480128 0.7480 0.8770767 3.7199
 | 7.9432 49.2605 -49.2605 0.0000000 O=C1NCCC(=C(O)C=CC=CN2CCN(CCO)CC2)C(=O)N1 1 O=C1NCCC(=CC=CC=CN2CCNCC2)C(=O)N1 1.0000000 1.0000 0.7663238 0.7663 0.9176620 3.4294
 | 9.7948 51.3426 63.2483 0.8952412 O=C1NN=CNC1=C(O)C=CC=CN1CCOCC1 1 O=C1NN=CNC1=CC=CC=CN1CCOCC1 1.0000000 1.0000 0.7896499 0.7896 0.8341166 3.9479
 | 8.6136 41.5103 73.7425 0.9004130 CN1NC(=O)NC(=O)C1=C(O)C=CC=CN1CCOCC1 1 O=C1NNC(=CC=CC=CN2CCOCC2)C(=O)N1 1.0000000 1.0000 0.7695686 0.7696 0.8813705 3.6936
 | 27.5024 68.8024 32.8143 0.7938801 O=C(O)CCC1NC(=O)NC(=O)C(=C(O)C=CC=CN2CCC3CCCC(=O)C32)C1=O 1 O=C1NCC(=O)C(=CC=CC=CN2CCC3CCCC(=O)C32)C(=O)N1 1.0000000 1.0000 0.5956398 0.5956 0.7063017 4.4284
 | 24.0520 69.4257 31.9336 0.7918695 CNC1CN1C=CC=CC(O)=C1C(=O)NNC(C)(OC)C1=O 1 O=C1CNNC(=O)C1=CC=CC=CN1CC1 1.0000000 1.0000 0.8109474 0.8109 0.4825631 5.0455
 | 12.5679 50.1656 66.4514 0.9110702 CN1C(=O)C(=C(O)C=CC=CN2CCN(CCO)CC2)N1C 1 O=C1NNC1=CC=CC=CN1CCNCC1 1.0000000 1.0000 0.7805079 0.7805 0.9104686 3.4891
 | 17.1496 63.8987 45.9246 0.8579942 CC1=C([N+](=O)[O-])C=CCN1C=CC=CC(O)=C1C(=O)NC(=O)C(CO)NC1=O 1 O=C1CNC(=O)C(=CC=CC=CN2C=CC=CC2)C(=O)N1 1.0000000 1.0000 0.7548223 0.7548 0.7365812 4.3301
 | 18.6143 50.9870 60.1228 0.8680448 O=C1C(=C(O)C=CC=CN2CCNCC2=O)CCC1O 1 O=C1CCCC1=CC=CC=CN1CCNCC1=O 1.0000000 1.0000 0.7663130 0.7663 0.7596079 4.2505
 | 16.3594 52.5262 55.5802 0.8445811 C=C1CC(O)N(C)C(=O)C1=C(O)C=CC=CN1CCN(C)CC1 1 C=C1CCNC(=O)C1=CC=CC=CN1CCNCC1 1.0000000 1.0000 0.6657370 0.6657 0.8015499 4.0906
02:44:12 <INFO> Score: 0.80 Agent NLL: 16.49 Valid: 100% Step: 73
 | Agent Prior Target Score SMILES SMILES_state Scaffold DASA DASA (raw) Solubility Solubility (raw) SA SA (raw)
 | 21.3232 77.1717 19.2130 0.7530054 C=C1CC(O)=CCN1C=CC=CC(O)=C1C(=O)NC(=O)NC(=O)OC1(C)O 1 C=C1CC=CCN1C=CC=CC=C1COC(=O)NC(=O)NC1=O 1.0000000 1.0000 0.5843378 0.5843 0.5788357 4.7928
 | 10.6393 55.0321 -55.0321 0.0000000 CC1NC(=O)C(=C(O)C=CC=CN2CCN(C)CC2=O)CO1 1 O=C1NCOCC1=CC=CC=CN1CCNCC1=O 1.0000000 1.0000 0.7387529 0.7388 0.7087433 4.4207
 | 8.2998 51.4010 67.2437 0.9269114 O=C1NNC(=O)C(=C(O)C=CC=CN2CC2)C(=O)N1 1 O=C1NNC(=O)C(=CC=CC=CN2CC2)C(=O)N1 1.0000000 1.0000 0.8373266 0.8373 0.8996772 3.5710
 | 16.3014 62.4787 49.9610 0.8784346 C=C(C)CC=c1[nH]c(=O)c(=C(O)C=CC=CN2CCOCC2)[nH]c1=O 1 C=c1[nH]c(=O)c(=CC=CC=CN2CCOCC2)[nH]c1=O 1.0000000 1.0000 0.7283334 0.7283 0.8487569 3.8763
 | 16.0261 65.9640 47.3569 0.8853192 CN=C1C(=O)NNC(=O)C1=C(O)C=CC=CN1CCNC1=S 1 N=C1C(=O)NNC(=O)C1=CC=CC=CN1CCNC1=S 1.0000000 1.0000 0.7913035 0.7913 0.7939767 4.1212
 | 31.0899 70.6577 31.1016 0.7949944 CC1=C(N2CCCCC2)C(=O)C(=C(O)C=CC=CN2CCCNC(=O)C2CC(=O)O)C(=O)N1C 1 O=C1CN(C=CC=CC=C2C(=O)NC=C(N3CCCCC3)C2=O)CCCN1 1.0000000 1.0000 0.5280149 0.5280 0.8210201 4.0077
 | 11.4332 53.2123 59.5130 0.8806658 C=c1o[nH]c(=O)c1=C(O)C=CC=CN1CCN=C1N 1 C=c1o[nH]c(=O)c1=CC=CC=CN1C=NCC1 1.0000000 1.0000 0.8393391 0.8393 0.7235720 4.3732
 | 12.6678 57.7405 52.5093 0.8613264 O=C1NCC(CCO)NC(=O)C1=C(O)C=CC=CN1CCSCC1 1 O=C1NCCNC(=O)C1=CC=CC=CN1CCSCC1 1.0000000 1.0000 0.7395668 0.7396 0.7672406 4.2230
 | 11.6373 58.2853 50.3116 0.8484136 CC1CNC(=O)C(=C(O)C=CC=CN2CCC=CC2=O)C(=O)N1 1 O=C1NCCNC(=O)C1=CC=CC=CN1CCC=CC1=O 1.0000000 1.0000 0.7189758 0.7190 0.7448949 4.3019
 | 15.2618 73.3240 39.6663 0.8827364 CC(O)=C1CNC(=C(O)C=CC=CN2CCNCC2)C(=O)NC1=O 1 C=C1CNC(=CC=CC=CN2CCNCC2)C(=O)NC1=O 1.0000000 1.0000 0.7461905 0.7462 0.8415322 3.9123
02:44:13 <INFO> Sampled SMILES O=C1C(=C(O)C=CC=CN2CC=C(CC)(O)C(O)C2)CC1 failed to sanitize.
02:44:13 <INFO> Score: 0.81 Agent NLL: 16.04 Valid:  99% Step: 74
 | Agent Prior Target Score SMILES SMILES_state Scaffold DASA DASA (raw) Solubility Solubility (raw) SA SA (raw)
 | 11.5580 65.6593 46.2172 0.8740349 CC1=CCCN(C=CC=CC(O)=C2C(=O)NCCNC2=O)N1 1 O=C1NCCNC(=O)C1=CC=CC=CN1CCC=CN1 1.0000000 1.0000 0.7331292 0.7331 0.8245257 3.9920
 | 10.8861 66.1529 49.4455 0.9031122 COC1=C(N)C(=C(O)C=CC=CN2CCN(C)CC2=O)C(=O)N1 1 O=C1NC=CC1=CC=CC=CN1CCNCC1=O 1.0000000 1.0000 0.7811373 0.7811 0.8766825 3.7223
 | 10.7359 55.4790 59.8490 0.9010004 C=c1[nH]c(=O)c(=C(O)C=CC=CN2CC(O)C2)n1C 1 C=c1[nH]c(=O)c(=CC=CC=CN2CCC2)[nH]1 1.0000000 1.0000 0.8497777 0.8498 0.7846547 4.1577
 | 11.3030 52.6836 62.4300 0.8993253 NC1=NC(=O)NC(=O)C1=C(O)C=CC=CN1CCCNC1 1 O=C1N=CC(=CC=CC=CN2CCCNC2)C(=O)N1 1.0000000 1.0000 0.7797793 0.7798 0.8631467 3.8003
 | 22.5414 80.7262 17.3503 0.7662225 C=C1C(=O)C(=C(O)C=CC=CN2CC=C(C)C(O)C2O)C(=O)NC1NS(C)(=O)=O 1 C=C1CNC(=O)C(=CC=CC=CN2CC=CCC2)C1=O 1.0000000 1.0000 0.7629931 0.7630 0.4521328 5.1251
 | 18.1387 73.1000 41.7249 0.8970695 CC1=C(N)N(C)C(=c2oc(=C(O)C=CC=CN(C)CCO)c(=O)[nH]c2=O)C1=O 1 C=c1oc(=C2NC=CC2=O)c(=O)[nH]c1=O 1.0000000 1.0000 0.8381338 0.8381 0.7832376 4.1631
 | 15.9815 68.3358 47.1936 0.9025734 CN1C(=C(O)C=CC=CN2CCN(CCO)CC2)C(=O)NC(=O)C1(N)CO 1 O=C1CNC(=CC=CC=CN2CCNCC2)C(=O)N1 1.0000000 1.0000 0.8662114 0.8662 0.7724635 4.2038
 | 20.8325 61.1503 33.8548 0.7422275 CC=C(C)CCC1C(=O)NC(=O)C(=C(O)C=CC=CN2CCOCC2C)C1=O 1 O=C1CC(=O)C(=CC=CC=CN2CCOCC2)C(=O)N1 1.0000000 1.0000 0.4752340 0.4752 0.6981786 4.4537
 | 12.9730 64.1485 45.2640 0.8547856 CC=c1c(=O)[nH]c(=O)c(=C(O)C=CC=CN2CC=CCO2)n1C 1 C=c1[nH]c(=CC=CC=CN2CC=CCO2)c(=O)[nH]c1=O 1.0000000 1.0000 0.7659944 0.7660 0.7124093 4.4091
 | 19.4698 60.8204 46.9398 0.8418766 CC(C)(C)OC(=O)NC1=NC(O)C(=C(O)C=CC=CN2CCNC2=O)C(=O)N1 1 O=C1NC=NCC1=CC=CC=CN1CCNC1=O 1.0000000 1.0000 0.6702523 0.6703 0.7844359 4.1585
02:44:14 <INFO> Score: 0.76 Agent NLL: 15.18 Valid: 100% Step: 75
 | Agent Prior Target Score SMILES SMILES_state Scaffold DASA DASA (raw) Solubility Solubility (raw) SA SA (raw)
 | 10.0285 50.9896 64.4862 0.9021548 CN1CCN(C=CC=CC(O)=C2C(=O)NC(=O)NN2C)C(=O)C1 1 O=C1NNC(=CC=CC=CN2CCNCC2=O)C(=O)N1 1.0000000 1.0000 0.7915950 0.7916 0.8589678 3.8230
 | 9.3258 60.3264 52.7730 0.8835888 NC1CNC(=O)C(=C(O)C=CC=CN2CCNC2=O)C(=O)N1 1 O=C1NCCNC(=O)C1=CC=CC=CN1CCNC1=O 1.0000000 1.0000 0.8493893 0.8494 0.7233073 4.3740
 | 9.9302 50.1942 62.3857 0.8795304 CN1NC(=O)NC(=O)C(=C(O)C=CC=CN2CCSCC2)C1=O 1 O=C1NNC(=O)C(=CC=CC=CN2CCSCC2)C(=O)N1 1.0000000 1.0000 0.7179047 0.7179 0.8681076 3.7725
 | 15.8504 51.2149 46.7781 0.7655703 O=C1NC(=CN2CCCCC2)CCC1=C(O)C=CC=CN1CCOCC1 1 O=C1NC(=CN2CCCCC2)CCC1=CC=CC=CN1CCOCC1 1.0000000 1.0000 0.4406488 0.4406 0.8706150 3.7581
 | 26.3099 73.2110 43.4174 0.9111598 NC(=O)N1NC(=C(O)C=CC=CN2CCN(CCO)CC2)C(=O)NC1=C1C(=O)NC(=S)NC1=O 1 O=C1NC(=C2C(=O)NC(=S)NC2=O)NNC1=CC=CC=CN1CCNCC1 1.0000000 1.0000 0.8307445 0.8307 0.8451548 3.8944
 | 13.2870 54.4806 56.3169 0.8656048 C=C1ONC(=O)NC(=O)C1=C(O)C=CC=CN1CCCC1=O 1 C=C1ONC(=O)NC(=O)C1=CC=CC=CN1CCCC1=O 1.0000000 1.0000 0.6834789 0.6835 0.8611373 3.8113
 | 14.3910 58.1572 59.0662 0.9158073 NCCN1C(=O)CN(C=CC=CC(O)=C2C(=O)NC(=O)N=C2N)C1=O 1 O=C1CN(C=CC=CC=C2C=NC(=O)NC2=O)C(=O)N1 1.0000000 1.0000 0.8244571 0.8245 0.8713158 3.7540
 | 18.2890 19.0355 -19.0168 0.0001461 CN1CCCC1C(=O)O 1 C1CCNC1 0.0000000 0.0000 0.8289232 0.8289 0.9755582 2.5983
 | 17.9931 59.5223 54.0816 0.8875307 O=C1C=c2ccccc2=NC(=C(O)C=CC=CN2CCNC2=O)C(=O)N1 1 O=C1C=c2ccccc2=NC(=CC=CC=CN2CCNC2=O)C(=O)N1 1.0000000 1.0000 0.7306430 0.7306 0.8829255 3.6838
 | 24.4353 58.0301 41.1043 0.7744880 CN(C)C=CC=CC(O)=C1C(=O)NC(=O)NC2C1(C)CCC2(O)C(O)CO 1 C=C1C(=O)NC(=O)NC2CCCC12 1.0000000 1.0000 0.7504930 0.7505 0.4824426 5.0458
02:44:14 <INFO> Score: 0.74 Agent NLL: 16.01 Valid: 100% Step: 76
 | Agent Prior Target Score SMILES SMILES_state Scaffold DASA DASA (raw) Solubility Solubility (raw) SA SA (raw)
 | 11.1895 57.7229 52.6488 0.8622789 C=C1CCCN1C=CC=CC(O)=C1C(=O)NNN=C1N 1 C=C1CCCN1C=CC=CC=C1C=NNNC1=O 1.0000000 1.0000 0.7395406 0.7395 0.7708434 4.2097
 | 15.7708 54.7117 49.7031 0.8157408 N=C1NC(=O)C(=C(O)C=CC=CN2CCC(=O)C2O)S1 1 N=C1NC(=O)C(=CC=CC=CN2CCC(=O)C2)S1 1.0000000 1.0000 0.7401385 0.7401 0.6100194 4.7085
 | 23.5577 69.3546 34.1759 0.8088320 COCCN1C(=O)NC(N2CCOCC2)C(=C(O)C=CC=CN2CCCSCC2)C1=O 1 O=C1NC(=O)C(=CC=CC=CN2CCCSCC2)C(N2CCOCC2)N1 1.0000000 1.0000 0.5652785 0.5653 0.8133734 4.0410
 | 18.6518 72.3991 38.6422 0.8675106 CNC(C)C(=O)NC1NC(=O)C(=C(O)C=CC=CN2CCCN(C)C2)C(=O)NC1=O 1 O=C1CNC(=O)C(=CC=CC=CN2CCCNC2)C(=O)N1 1.0000000 1.0000 0.8143788 0.8144 0.7043077 4.4346
 | 23.7260 64.9555 34.3339 0.7756983 CC1(C)CCN(C=CC=CC(O)=C2C(=O)NC(=O)N2C2OC(CO)C(O)C(O)C2O)O1 1 O=C1NC(=O)N(C2CCCCO2)C1=CC=CC=CN1CCCO1 1.0000000 1.0000 0.7762121 0.7762 0.4663731 5.0878
 | 9.8611 64.4355 44.2283 0.8489357 O=C1CCCNC(=C(O)C=CC=CN2CC=C(O)CC2)C(=O)N1 1 O=C1CCCNC(=CC=CC=CN2CC=CCC2)C(=O)N1 1.0000000 1.0000 0.6506789 0.6507 0.8418486 3.9108
 | 19.0025 63.0324 46.2528 0.8537903 CCN(CCO)C1NC(=O)NC(=O)C1=C(O)C=CC=CN1CCC(O)C1=O 1 O=C1NCC(=CC=CC=CN2CCCC2=O)C(=O)N1 1.0000000 1.0000 0.8038950 0.8039 0.6690152 4.5416
 | 14.1604 59.1670 54.5826 0.8886691 NC1NNC(=O)C(=C(O)C=CC=CN2CCNC(=O)C2)C(=O)N1 1 O=C1CN(C=CC=CC=C2C(=O)NCNNC2=O)CCN1 1.0000000 1.0000 0.8932028 0.8932 0.6975387 4.4557
 | 12.0051 54.0933 60.4019 0.8944939 NC1=NCN(C=CC=CC(O)=C2C(=O)NC(=O)N=C2N)CN1 1 O=C1N=CC(=CC=CC=CN2CN=CNC2)C(=O)N1 1.0000000 1.0000 0.8406801 0.8407 0.7710245 4.2091
 | 17.3540 60.8094 45.2658 0.8287124 COC=C1NC(=O)NC(=O)C(=C(O)C=CC=CN2CCCCC2)C1O 1 C=C1CC(=CC=CC=CN2CCCCC2)C(=O)NC(=O)N1 1.0000000 1.0000 0.6319334 0.6319 0.7879351 4.1450
02:44:15 <INFO> Score: 0.79 Agent NLL: 15.71 Valid: 100% Step: 77
 | Agent Prior Target Score SMILES SMILES_state Scaffold DASA DASA (raw) Solubility Solubility (raw) SA SA (raw)
 | 13.2533 64.9199 40.1776 0.8210740 CC1=C(N2CC2)NC(=O)C(=C(O)C=CC=CN2C=CC(O)=CC2)C1=O 1 O=C1C=C(N2CC2)NC(=O)C1=CC=CC=CN1C=CC=CC1 1.0000000 1.0000 0.5992748 0.5993 0.8077080 4.0651
 | 12.0274 64.8870 52.9131 0.9203136 O=C1NC(=O)C(=c2[nH]c(=O)[nH]c(=O)c2=C(O)C=CC=CN2CCCNC2)N1 1 O=C1NC(=O)C(=c2[nH]c(=O)[nH]c(=O)c2=CC=CC=CN2CCCNC2)N1 1.0000000 1.0000 0.8738725 0.8739 0.8294551 3.9696
 | 11.5948 64.3122 53.2579 0.9185163 CN1CCN(C=CC=CC(O)=c2c(=O)[nH]c(=O)[nH]c(=CN3CCNCC3)c2=O)C(=O)C1 1 O=C1CNCCN1C=CC=CC=c1c(=O)[nH]c(=O)[nH]c(=CN2CCNCC2)c1=O 1.0000000 1.0000 0.8727275 0.8727 0.8239681 3.9945
 | 13.1185 50.7913 64.4355 0.9002099 CCN1CCN(C=CC=CC(O)=C2C(=O)NCCN(C)C2=O)CC1 1 O=C1NCCNC(=O)C1=CC=CC=CN1CCNCC1 1.0000000 1.0000 0.7309357 0.7309 0.9366751 3.2450
 | 13.1607 54.4685 48.0129 0.8006360 O=C1NC(=O)c2ccccc2C1=C(O)C=CC=CN1CC=C(O)C1 1 O=C1NC(=O)c2ccccc2C1=CC=CC=CN1CC=CC1 1.0000000 1.0000 0.4948902 0.4949 0.9141488 3.4591
 | 9.0117 50.3077 67.9666 0.9240180 CN1NC(=O)NC(=O)C(=C(O)C=CC=CN2CCN(CCO)CC2)C1=O 1 O=C1NNC(=O)C(=CC=CC=CN2CCNCC2)C(=O)N1 1.0000000 1.0000 0.8154890 0.8155 0.9165499 3.4389
 | 19.7559 52.1258 58.6665 0.8655651 COC(=O)N1CCN(C=CC=CC(O)=C2C(=O)SN(C)C2=O)C(=O)C1 1 O=C1NSC(=O)C1=CC=CC=CN1CCNCC1=O 1.0000000 1.0000 0.6713094 0.6713 0.8797346 3.7037
 | 18.5919 65.5561 46.9789 0.8791803 CC1NC(=O)NC(=O)C1=C(O)C=CC=CN1CC(=O)N(CCO)CC(=O)N1C 1 O=C1CN(C=CC=CC=C2CNC(=O)NC2=O)NC(=O)CN1 1.0000000 1.0000 0.8046134 0.8046 0.7558276 4.2639
 | 18.4715 59.2354 51.6669 0.8664246 C=C1NCCN1C=CC=CC(O)=C1C(=O)NN(CN2CCCCC2)C1=O 1 C=C1NCCN1C=CC=CC=C1C(=O)NN(CN2CCCCC2)C1=O 1.0000000 1.0000 0.6801988 0.6802 0.8695735 3.7641
 | 10.2985 49.8797 67.2837 0.9153391 CN1CCNC(=O)C1=C(O)C=CC=CN1CCN(CCO)CC1 1 O=C1NCCNC1=CC=CC=CN1CCNCC1 1.0000000 1.0000 0.7897032 0.7897 0.9155621 3.4473
02:44:16 <INFO> Score: 0.80 Agent NLL: 16.34 Valid: 100% Step: 78
 | Agent Prior Target Score SMILES SMILES_state Scaffold DASA DASA (raw) Solubility Solubility (raw) SA SA (raw)
 | 15.7399 59.9634 50.9622 0.8666062 CC1=NCN(C=CC=CC(O)=C2CC(=O)NNC2=O)C(=O)N1 1 O=C1CC(=CC=CC=CN2CN=CNC2=O)C(=O)NN1 1.0000000 1.0000 0.7643373 0.7643 0.7566751 4.2609
 | 8.6024 43.6815 -43.6815 0.0000000 CN1CCN(C=CC=CC(O)=C2C(=O)NN(C)C2=O)CC1 1 O=C1NNC(=O)C1=CC=CC=CN1CCNCC1 1.0000000 1.0000 0.7867451 0.7867 0.9142591 3.4582
 | 9.9502 57.5574 61.0692 0.9267697 O=C1NN(CCO)C(=O)C1=C(O)C=CC=CN1CC(O)C1 1 O=C1NNC(=O)C1=CC=CC=CN1CCC1 1.0000000 1.0000 0.8655359 0.8655 0.8640515 3.7953
 | 11.3069 51.1484 63.5471 0.8960585 NC1=NCCN1C=CC=CC(O)=C1CCC(=O)NC1=O 1 O=C1CCC(=CC=CC=CN2C=NCC2)C(=O)N1 1.0000000 1.0000 0.7741692 0.7742 0.8574517 3.8311
 | 10.6928 52.9363 63.9546 0.9132103 O=C1NCNC(=O)C(=C(O)C=CC=CN2CCNC2=O)C(=O)N1 1 O=C1NCNC(=O)C(=CC=CC=CN2CCNC2=O)C(=O)N1 1.0000000 1.0000 0.8213141 0.8213 0.8649403 3.7903
 | 17.1789 57.4430 43.2209 0.7864369 CC1=NC2(NC(=O)NC(=O)C2=C(O)C=CC=CN2CCCNC2)C(=O)N1 1 O=C1NC(=O)C(=CC=CC=CN2CCCNC2)C2(N=CNC2=O)N1 1.0000000 1.0000 0.7729158 0.7729 0.4966264 5.0088
 | 15.1559 54.1797 57.0151 0.8687092 CN1CC(=O)C(=C(O)C=CC=CN2CCSCC2)C(=O)NC1=O 1 O=C1NCC(=O)C(=CC=CC=CN2CCSCC2)C(=O)N1 1.0000000 1.0000 0.6707192 0.6707 0.8941774 3.6097
 | 25.5139 60.6763 51.1822 0.8738942 C=c1[nH]c(=O)c(=C(O)C=CC=CN(C)CCO)c(=O)n1C=C(C)C 1 C=c1[nH]c(=O)c(=C)c(=O)[nH]1 1.0000000 1.0000 0.7717318 0.7717 0.7747607 4.1952
 | 16.3271 56.1492 56.1596 0.8774124 O=C1NC(CO)C(=O)C1=C(O)C=CC=CN1CCCC1CO 1 O=C1CNC(=O)C1=CC=CC=CN1CCCC1 1.0000000 1.0000 0.8053342 0.8053 0.7486597 4.2890
 | 17.0152 64.8999 40.4328 0.8229117 O=C1NCC(O)NNC(=O)C1=C(O)C=CC=CN1CC=CCO1 1 O=C1NCCNNC(=O)C1=CC=CC=CN1CC=CCO1 1.0000000 1.0000 0.8245638 0.8246 0.5559229 4.8537
02:44:16 <INFO> Sampled SMILES N1C(=O)C(=C(O)C=CC=CN2CC=O2)N1N=C1C(=O)NC(=O)C1 failed to sanitize.
02:44:16 <INFO> Score: 0.79 Agent NLL: 15.51 Valid:  99% Step: 79
 | Agent Prior Target Score SMILES SMILES_state Scaffold DASA DASA (raw) Solubility Solubility (raw) SA SA (raw)
 | 14.3907 48.3989 61.9568 0.8621540 CN(O)C=CC=CC(O)=C1OCONC1=O 1 C=C1OCONC1=O 1.0000000 1.0000 0.7851271 0.7851 0.7170154 4.3944
 | 20.7433 60.7077 38.2380 0.7730134 CC(=O)OCC1=C(C)NC(=O)C1=C(O)C=CC=CN1C=C(C)CC1 1 O=C1NC=CC1=CC=CC=CN1C=CCC1 1.0000000 1.0000 0.4653027 0.4653 0.8493816 3.8732
 | 10.3097 55.7110 57.5665 0.8849808 O=C1NC(=O)C(=C(O)C=CC=CN2CC2)C(O)C(O)N1 1 O=C1NCCC(=CC=CC=CN2CC2)C(=O)N1 1.0000000 1.0000 0.8477253 0.8477 0.7298203 4.3527
 | 15.1850 69.2621 31.9854 0.7909957 CN1C(=O)C=CCN1C=CC=CC(O)=C1N[SH](=O)(O)NC1=O 1 O=C1C=CCN(C=CC=CC=C2NS(=O)NC2=O)N1 1.0000000 1.0000 0.7988083 0.7988 0.4891030 5.0284
 | 14.4088 65.7564 47.5930 0.8855420 O=C1NNC(=O)C(=C(O)C=CC=CN2C(=O)CCNC2C(=O)O)C(=O)N1 1 O=C1NNC(=O)C(=CC=CC=CN2CNCCC2=O)C(=O)N1 1.0000000 1.0000 0.8493408 0.8493 0.7300964 4.3517
 | 12.1767 76.6401 40.4951 0.9151184 CN1CCN(C=CC=CC(O)=c2c(=O)[nH]c(=O)c(=C(O)CO)n2C)C(=O)C1 1 C=c1[nH]c(=CC=CC=CN2CCNCC2=O)c(=O)[nH]c1=O 1.0000000 1.0000 0.8659223 0.8659 0.8188983 4.0170
 | 26.9511 76.8949 -76.8949 0.0000000 N1C(=O)C(=C(O)C=CC=CN2CC=O2)N1N=C1C(=O)NC(=O)C1 0 -- 0.0000000 0.0000 0.0000000 0.0000 0.0000000 0.0000
 | 11.7879 67.8766 33.3523 0.7908511 C=c1c(=O)[nH]c(=O)c(=C(O)C=CC=CN2CC(C)OC(C)O2)n1C 1 C=c1[nH]c(=CC=CC=CN2CCOCO2)c(=O)[nH]c1=O 1.0000000 1.0000 0.7689264 0.7689 0.5116065 4.9698
 | 10.2742 56.7232 55.3004 0.8751842 Cn1c(=CC=CN2CCOCC2)[nH]c(=O)c1=C(O)C=CC=CN1CCOCC1 1 O=c1[nH]c(=CC=CN2CCOCC2)[nH]c1=CC=CC=CN1CCOCC1 1.0000000 1.0000 0.7398382 0.7398 0.8200750 4.0119
 | 15.0675 63.3730 38.5217 0.7960521 CC1=CNC(=O)C(=C(O)C=CC=CN2CC(C)OC(O)C2O)C(=O)N1 1 O=C1NC=CNC(=O)C1=CC=CC=CN1CCOCC1 1.0000000 1.0000 0.7697904 0.7698 0.5251790 4.9343
02:44:17 <INFO> Score: 0.83 Agent NLL: 16.11 Valid: 100% Step: 80
 | Agent Prior Target Score SMILES SMILES_state Scaffold DASA DASA (raw) Solubility Solubility (raw) SA SA (raw)
 | 18.5140 67.9396 42.9884 0.8666247 C=C1C=CNC(=O)C(=C(O)C=CC=CN2CCOCC2)NC1=O 1 C=C1C=CNC(=O)C(=CC=CC=CN2CCOCC2)NC1=O 1.0000000 1.0000 0.7030501 0.7031 0.8365790 3.9362
 | 15.9698 65.2509 50.5239 0.9044906 CCCN1CC(=O)N(C=CC=CC(O)=C2C(=O)NNC(=O)NC2=O)C1 1 O=C1NNC(=O)C(=CC=CC=CN2CNCC2=O)C(=O)N1 1.0000000 1.0000 0.7898761 0.7899 0.8706154 3.7581
 | 13.9294 76.1792 28.4194 0.8171765 O=c1[nH]c(=O)c(=C(O)CO)sc1=C(O)C=CC=CN1CC=C(O)C(O)C1 1 C=c1sc(=CC=CC=CN2CC=CCC2)c(=O)[nH]c1=O 1.0000000 1.0000 0.8068411 0.8068 0.5540909 4.8585
 | 17.4245 63.1275 36.1949 0.7759560 C=C1NC(=O)NC(=O)C(=C(O)C=CC=CN2CC=C(O)C(O)C2)S1 1 C=C1NC(=O)NC(=O)C(=CC=CC=CN2CC=CCC2)S1 1.0000000 1.0000 0.6282990 0.6283 0.6018887 4.7307
 | 12.0156 50.9258 61.7826 0.8805351 CN1C(=O)C(=C(O)C=CC=CN2CCNC2=O)C(=O)NC1(C)C 1 O=C1NCNC(=O)C1=CC=CC=CN1CCNC1=O 1.0000000 1.0000 0.7230956 0.7231 0.8647710 3.7913
 | 17.9995 55.7746 63.2550 0.9299192 O=C1NCC(CO)(CO)NC(=O)C1=C(O)C=CC=CNCCO 1 C=C1C(=O)NCCNC1=O 1.0000000 1.0000 0.9020093 0.9020 0.8340973 3.9480
 | 13.8070 47.6663 68.1095 0.9044983 CC1C(=O)NC(=O)C(=C(O)C=CC=CN(CCO)CCO)C1=O 1 C=C1C(=O)CC(=O)NC1=O 1.0000000 1.0000 0.8304146 0.8304 0.8198959 4.0126
 | 11.1248 50.2974 64.2778 0.8951185 CN1CCCN(C=CC=CC(O)=C2C(=O)NC(=O)N(C)C2=O)C1 1 O=C1NC(=O)C(=CC=CC=CN2CCCNC2)C(=O)N1 1.0000000 1.0000 0.7269394 0.7269 0.9206625 3.4031
 | 19.8489 56.2358 63.7640 0.9374983 NS(=O)(=O)N1CCN(C=CC=CC(O)=C2C(=O)NC(=O)N(CCO)C2=O)CC1 1 O=C1NC(=O)C(=CC=CC=CN2CCNCC2)C(=O)N1 1.0000000 1.0000 0.8459121 0.8459 0.9321501 3.2931
 | 12.0177 56.4215 55.2853 0.8727099 CN1C=CC(=O)C(=C(O)C=CC=CN2CCNC2=S)C(=O)N1 1 O=C1C=CNNC(=O)C1=CC=CC=CN1CCNC1=S 1.0000000 1.0000 0.7313210 0.7313 0.8217204 4.0046
02:44:18 <INFO> Score: 0.80 Agent NLL: 16.13 Valid: 100% Step: 81
 | Agent Prior Target Score SMILES SMILES_state Scaffold DASA DASA (raw) Solubility Solubility (raw) SA SA (raw)
 | 12.7773 58.3092 53.4037 0.8727574 CC(=O)C1NC(=O)C(=C(O)C=CC=CN2CCN=C2N)C1=O 1 O=C1CNC(=O)C1=CC=CC=CN1C=NCC1 1.0000000 1.0000 0.8158569 0.8159 0.7208022 4.3821
 | 9.5732 46.0735 68.7333 0.8969283 CN1NC(=O)C(=C(O)C=CC=CN2CCCC2)C1=O 1 O=C1NNC(=O)C1=CC=CC=CN1CCCC1 1.0000000 1.0000 0.7404276 0.7404 0.9082457 3.5066
 | 11.4455 48.3163 62.6790 0.8671514 O=C1NC=CC(=C(O)C=CC=CN2CCCC2=O)C(=O)N1 1 O=C1NC=CC(=CC=CC=CN2CCCC2=O)C(=O)N1 1.0000000 1.0000 0.6880990 0.6881 0.8606322 3.8140
 | 10.8800 61.9479 55.7087 0.9191927 O=CN1CCN(C=CC=CC(O)=C2C(=O)NNC(=O)NC2=O)C(=O)C1 1 O=C1NNC(=O)C(=CC=CC=CN2CCNCC2=O)C(=O)N1 1.0000000 1.0000 0.8536457 0.8536 0.8487394 3.8764
 | 15.0812 59.0136 57.9282 0.9136085 CN(C)C=CC=CC(O)=C1C(=O)NC(=O)C(NCCO)NC1=O 1 C=C1C(=O)NCC(=O)NC1=O 1.0000000 1.0000 0.8712613 0.8713 0.8072620 4.0669
 | 11.5127 49.5724 69.8785 0.9332101 O=C1NNC(=O)C(=C(O)C=CC=CN2CCN(CCO)CC2)C(=O)N1 1 O=C1NNC(=O)C(=CC=CC=CN2CCNCC2)C(=O)N1 1.0000000 1.0000 0.8420635 0.8421 0.9193900 3.4143
 | 11.3081 62.1005 54.5777 0.9115479 C=c1[nH]c(=O)n(CC)c(=O)c1=C(O)C=CC=CN1CCNC1=O 1 C=c1[nH]c(=O)[nH]c(=O)c1=CC=CC=CN1CCNC1=O 1.0000000 1.0000 0.8162477 0.8162 0.8647440 3.7914
 | 11.9636 59.1387 54.4395 0.8873291 O=C1NCCNC(=O)C1=C(O)C=CC=CN1CC=C(O)C1 1 O=C1NCCNC(=O)C1=CC=CC=CN1CC=CC1 1.0000000 1.0000 0.7694379 0.7694 0.8289869 3.9717
 | 9.1334 59.0541 42.5587 0.7938495 O=C1N[SH](=O)(O)NC1=C(O)C=CC=CN1CC=CCC1 1 O=C1NS(=O)NC1=CC=CC=CN1CC=CCC1 1.0000000 1.0000 0.7447145 0.7447 0.5401479 4.8952
 | 12.0558 63.1019 50.9233 0.8908219 O=C1CCNC(=C(O)C=CC=CN2CC=CC2=O)C(=O)NN1 1 O=C1CCNC(=CC=CC=CN2CC=CC2=O)C(=O)NN1 1.0000000 1.0000 0.7965725 0.7966 0.8084468 4.0620
02:44:18 <INFO> Sampled SMILES N1C(=O)C(=C(O)C=CC=CN2CCO(COC)NC2=C)C(=O)NCC1 failed to sanitize.
02:44:18 <INFO> Score: 0.77 Agent NLL: 15.66 Valid:  99% Step: 82
 | Agent Prior Target Score SMILES SMILES_state Scaffold DASA DASA (raw) Solubility Solubility (raw) SA SA (raw)
 | 11.5789 53.4663 50.2200 0.8100489 C=C1CCCN1C=CC=CC(O)=C1CCNN(C)C1=O 1 C=C1CCCN1C=CC=CC=C1CCNNC1=O 1.0000000 1.0000 0.5798868 0.5799 0.7938443 4.1217
 | 16.9562 54.2563 47.6138 0.7958602 O=C1NC(=O)C(=C(O)C=CC=CN2CCCC(O)C2)C2(N1)NC(=O)NC2=O 1 O=C1NC(=O)C(=CC=CC=CN2CCCCC2)C2(N1)NC(=O)NC2=O 1.0000000 1.0000 0.7956741 0.7957 0.5042340 4.9890
 | 13.1056 54.9012 55.3738 0.8615237 CN1NC(=O)C(=C(O)C=CC=CN2CSCC2C(=O)O)C1=O 1 O=C1NNC(=O)C1=CC=CC=CN1CCSC1 1.0000000 1.0000 0.7574910 0.7575 0.7462243 4.2974
 | 12.5942 54.9376 61.5756 0.9102593 CN1NC(=O)NC(=O)C(=C(O)C=CC=CN2CCN(CCO)CC2)C1=N 1 N=C1NNC(=O)NC(=O)C1=CC=CC=CN1CCNCC1 1.0000000 1.0000 0.7879131 0.7879 0.8968492 3.5911
 | 20.4085 60.8255 43.8633 0.8178810 O=C1NN(C2CCCNC2=O)C(=O)C1=C(O)C=CC=CN1CCc2ccccc2C1 1 O=C1NN(C2CCCNC2=O)C(=O)C1=CC=CC=CN1CCc2ccccc2C1 1.0000000 1.0000 0.5655935 0.5656 0.8517129 3.8612
 | 11.1730 47.8749 69.2832 0.9152981 CN1C(=O)NC(=O)C(=C(O)C=CC=CN2CCN(C=O)CC2)C1=O 1 O=C1NC(=O)C(=CC=CC=CN2CCNCC2)C(=O)N1 1.0000000 1.0000 0.7858853 0.7859 0.9207290 3.4025
 | 26.1490 59.6645 41.1793 0.7878416 CC1COCCN1C=CC=CC(O)=C1CC(=C(O)C(=O)O)OC1=O 1 C=C1CC(=CC=CC=CN2CCOCC2)C(=O)O1 1.0000000 1.0000 0.6016928 0.6017 0.6757621 4.5216
 | 9.8095 53.7834 61.1540 0.8979481 O=C1NCC(O)NC(=O)C1=C(O)C=CC=CN1CCOCC1 1 O=C1NCCNC(=O)C1=CC=CC=CN1CCOCC1 1.0000000 1.0000 0.8301266 0.8301 0.7955767 4.1148
 | 9.7538 60.3264 -60.3264 0.0000000 NC1CNC(=O)C(=C(O)C=CC=CN2CCNC2=O)C(=O)N1 1 O=C1NCCNC(=O)C1=CC=CC=CN1CCNC1=O 1.0000000 1.0000 0.8493893 0.8494 0.7233073 4.3740
 | 16.0531 66.4588 42.8268 0.8537941 O=C1CCNC(=C(O)C=CC=CN2CC=CC(C(=O)O)C2=O)C(=O)NN1 1 O=C1CCNC(=CC=CC=CN2CC=CCC2=O)C(=O)NN1 1.0000000 1.0000 0.7876725 0.7877 0.6855963 4.4921
02:44:19 <INFO> Sampled SMILES N1C(=O)C(=C(O)C=CC=CN2CCN(C=O)CC2)(C)NO1 failed to sanitize.
02:44:19 <INFO> Score: 0.74 Agent NLL: 16.05 Valid:  99% Step: 83
 | Agent Prior Target Score SMILES SMILES_state Scaffold DASA DASA (raw) Solubility Solubility (raw) SA SA (raw)
 | 13.9084 53.3314 58.8850 0.8766912 O=C1NC(=O)C(=C(O)C=CC=CN2CC=CC=C2O)C(=O)N1 1 O=C1NC(=O)C(=CC=CC=CN2C=CC=CC2)C(=O)N1 1.0000000 1.0000 0.7100673 0.7101 0.8677539 3.7745
 | 18.5651 51.5807 60.6041 0.8764434 O=C1C=CC(=O)C1=C(O)C=CC=CN1CC(O)C(O)C(O)C1 1 O=C1C=CC(=O)C1=CC=CC=CN1CCCCC1 1.0000000 1.0000 0.8191223 0.8191 0.7301664 4.3515
 | 11.3867 52.3956 67.7340 0.9385125 O=C1CNC(=O)C(=C(O)C=CC=CN2CCN(CCO)CC2=O)C(=O)N1 1 O=C1CNC(=O)C(=CC=CC=CN2CCNCC2=O)C(=O)N1 1.0000000 1.0000 0.8641800 0.8642 0.9126899 3.4711
 | 14.9604 49.2366 58.9840 0.8454731 CC1NC(=O)NC(=O)C(=C(O)C=CC=CN(C)O)O1 1 C=C1OCNC(=O)NC1=O 1.0000000 1.0000 0.7464811 0.7465 0.7017729 4.4425
 | 9.1545 49.2806 63.0731 0.8777628 O=C1NC(=O)C(=C(O)C=CC=CN2C=CC=CC2)C(=O)N1 1 O=C1NC(=O)C(=CC=CC=CN2C=CC=CC2)C(=O)N1 1.0000000 1.0000 0.7107969 0.7108 0.8711433 3.7550
 | 7.6810 45.1897 -45.1897 0.0000000 C=c1[nH]c(=O)[nH]c(=O)c1=C(O)C=CC=CN1CCCC1 1 C=c1[nH]c(=O)[nH]c(=O)c1=CC=CC=CN1CCCC1 1.0000000 1.0000 0.7964287 0.7964 0.8839861 3.6771
 | 24.1545 68.7515 36.4929 0.8222214 O=CN1CCN(C=CC=CC(O)=C2OC(=O)N(CC#CCN3CCCCC3)NC2=O)C1=O 1 O=C1NN(CC#CCN2CCCCC2)C(=O)OC1=CC=CC=CN1CCNC1=O 1.0000000 1.0000 0.6128277 0.6128 0.7909458 4.1332
 | 13.0964 58.3109 51.9575 0.8614721 NC1NC(=O)NC(=O)C1=C(O)C=CC=CN1C(=O)OCC1C(=O)O 1 O=C1NCC(=CC=CC=CN2CCOC2=O)C(=O)N1 1.0000000 1.0000 0.8123825 0.8124 0.6859627 4.4910
 | 20.5688 66.2863 39.2649 0.8246192 CC(=O)OC=CCN1NC(=O)C(=C(O)C=CC=CN2CCN(C)CC2C)C1=O 1 O=C1NNC(=O)C1=CC=CC=CN1CCNCC1 1.0000000 1.0000 0.6752184 0.6752 0.7127404 4.4080
 | 10.6109 51.9002 61.5864 0.8866143 O=C1CN(C=CC=CC(O)=C2N=CCCNC2=O)CCN1 1 O=C1CN(C=CC=CC=C2N=CCCNC2=O)CCN1 1.0000000 1.0000 0.7717752 0.7718 0.8231838 3.9980
02:44:20 <INFO> Score: 0.77 Agent NLL: 15.75 Valid: 100% Step: 84
 | Agent Prior Target Score SMILES SMILES_state Scaffold DASA DASA (raw) Solubility Solubility (raw) SA SA (raw)
 | 20.3680 56.3396 35.2877 0.7158387 O=C1Nc2ccccc2CC1=C(O)C=CC=CN1CN=C(Cl)C1 1 O=C1Nc2ccccc2CC1=CC=CC=CN1CC=NC1 1.0000000 1.0000 0.3471287 0.3471 0.8742487 3.7368
 | 16.4564 59.5820 53.2508 0.8815064 CC1(C)NC(C)(C)C(=c2[nH]c(=O)[nH]c(=O)c2=C(O)C=CC=CN2CCNC(=O)C2)C1=O 1 O=C1CN(C=CC=CC=c2c(=O)[nH]c(=O)[nH]c2=C2CNCC2=O)CCN1 1.0000000 1.0000 0.7872827 0.7873 0.7844949 4.1583
 | 15.1853 60.2911 47.8866 0.8451382 C=c1[nH]c(=O)[nH]c(=O)c1=C(O)C=CC=CN1CCNC(CCN)O1 1 C=c1[nH]c(=O)[nH]c(=O)c1=CC=CC=CN1CCNCO1 1.0000000 1.0000 0.8664001 0.8664 0.5859144 4.7739
 | 17.2391 59.1706 53.5050 0.8802779 CC1NC(=O)C(=C(O)C=CC=CN2CCC(=O)N(CCO)C2)C1=O 1 O=C1CCN(C=CC=CC=C2C(=O)CNC2=O)CN1 1.0000000 1.0000 0.7857374 0.7857 0.7817542 4.1688
 | 10.2154 57.5649 59.6835 0.9160034 NCCOC=c1[nH]c(=O)[nH]c(=O)c1=C(O)C=CC=CN1CCC1 1 C=c1[nH]c(=O)[nH]c(=O)c1=CC=CC=CN1CCC1 1.0000000 1.0000 0.8538811 0.8539 0.8361629 3.9382
 | 9.1801 59.8122 50.6688 0.8631329 O=C1NN=CNC1=C(O)C=CC=CN1CC=CC1=O 1 O=C1NN=CNC1=CC=CC=CN1CC=CC1=O 1.0000000 1.0000 0.7874154 0.7874 0.7179289 4.3914
 | 10.8808 57.6190 -57.6190 0.0000000 O=C1NN=NC1=C(O)C=CC=CN1CC=C(O)CC1 1 O=C1NN=NC1=CC=CC=CN1CC=CCC1 1.0000000 1.0000 0.6382903 0.6383 0.7096324 4.4179
 | 8.4949 56.6583 -56.6583 0.0000000 O=C1CN(C=CC=CC(O)=C2C(=O)NNC(=O)NC2=O)CCN1 1 O=C1CN(C=CC=CC=C2C(=O)NNC(=O)NC2=O)CCN1 1.0000000 1.0000 0.8554017 0.8554 0.8743109 3.7364
 | 16.5147 69.0739 38.9531 0.8439605 CC1NC(=O)C(=C(O)C=CC=CN2CCN=C2N)C(=O)N=C1N1CCCC1 1 O=C1N=C(N2CCCC2)CNC(=O)C1=CC=CC=CN1C=NCC1 1.0000000 1.0000 0.7014584 0.7015 0.7504997 4.2826
 | 16.4051 66.6620 46.8193 0.8865731 O=C1C=C(CO)C(=O)NC(=O)C1=C(O)C=CC=CN1CC=C(O)C1 1 O=C1C=CC(=O)C(=CC=CC=CN2CC=CC2)C(=O)N1 1.0000000 1.0000 0.7575115 0.7575 0.8416550 3.9117
02:44:20 <INFO> Score: 0.78 Agent NLL: 15.74 Valid: 100% Step: 85
 | Agent Prior Target Score SMILES SMILES_state Scaffold DASA DASA (raw) Solubility Solubility (raw) SA SA (raw)
 | 15.7822 59.6131 56.7481 0.9090723 NC1=NN(CO)C(=C(O)C=CC=CN2CCNCC2)C(=O)N1 1 O=C1NC=NNC1=CC=CC=CN1CCNCC1 1.0000000 1.0000 0.8580372 0.8580 0.8052042 4.0755
 | 19.4166 67.7999 41.1502 0.8511728 CCC(N)=C1ONC(=O)NC(=O)C1=C(O)C=CC=CN1CCC(O)CC1 1 C=C1ONC(=O)NC(=O)C1=CC=CC=CN1CCCCC1 1.0000000 1.0000 0.6578985 0.6579 0.8400089 3.9197
 | 12.1788 56.5031 -56.5031 0.0000000 CN1CCCN(C=CC=CC(O)=C2NCCCCNC2=O)C1 1 O=C1NCCCCNC1=CC=CC=CN1CCCNC1 1.0000000 1.0000 0.6682421 0.6682 0.8886017 3.6473
 | 11.4229 51.0873 60.6863 0.8732316 CC1(O)NC(=O)NC(=O)C1=C(O)C=CC=CN1CCC1 1 O=C1NCC(=CC=CC=CN2CCC2)C(=O)N1 1.0000000 1.0000 0.7581739 0.7582 0.7888983 4.1412
 | 12.1658 49.6812 -49.6812 0.0000000 CC(C)N1C(=O)NC(=O)C1=C(O)C=CC=CN1CCNC(=O)C1 1 O=C1CN(C=CC=CC=C2NC(=O)NC2=O)CCN1 1.0000000 1.0000 0.7303786 0.7304 0.8778366 3.7153
 | 19.1375 72.7037 43.6617 0.9091046 C=c1c(=C(O)C=C(O)C=CN2CCNC(=O)C2)c(=O)n(C)c(=O)c(=N)n1C 1 C=c1[nH]c(=N)c(=O)[nH]c(=O)c1=CC=CC=CN1CCNC(=O)C1 1.0000000 1.0000 0.8703056 0.8703 0.7917209 4.1301
 | 14.0725 60.2891 53.4785 0.8888094 O=C1NCC(CO)NC(=O)C1=C(O)C=CC=CN1CCCNC1 1 O=C1NCCNC(=O)C1=CC=CC=CN1CCCNC1 1.0000000 1.0000 0.8309321 0.8309 0.7612332 4.2447
 | 18.0258 53.8887 57.2736 0.8684559 CCCN1CCCN(C=CC=CC(O)=C2C(=O)NC(O)C2=O)C1 1 O=C1CNC(=O)C1=CC=CC=CN1CCCNC1 1.0000000 1.0000 0.7333249 0.7333 0.8023890 4.0871
 | 12.5194 62.3377 52.2908 0.8955349 CN1C(=O)CCN1C=CC=CC(O)=C1C(=O)NNC(=S)NC1=O 1 O=C1CCN(C=CC=CC=C2C(=O)NNC(=S)NC2=O)N1 1.0000000 1.0000 0.8015585 0.8016 0.8203974 4.0104
 | 17.7883 59.6985 46.3842 0.8287711 C=c1[nH]c(=O)c(=C(O)C=CC=CN2C=C(C)CNC2)o1 1 C=c1[nH]c(=O)c(=CC=CC=CN2C=CCNC2)o1 1.0000000 1.0000 0.7599539 0.7600 0.6316559 4.6487
02:44:21 <INFO> Score: 0.78 Agent NLL: 15.44 Valid: 100% Step: 86
 | Agent Prior Target Score SMILES SMILES_state Scaffold DASA DASA (raw) Solubility Solubility (raw) SA SA (raw)
 | 15.2330 57.6988 47.1458 0.8190988 O=C1NC(=O)C(=C(O)C=CC=CN2CC2)C(N=CC2CCCN2)N1 1 O=C1NC(=O)C(=CC=CC=CN2CC2)C(N=CC2CCCN2)N1 1.0000000 1.0000 0.7338680 0.7339 0.6270049 4.6616
 | 8.8579 46.9650 63.2032 0.8606887 O=C1NC(=O)C(=C(O)C=CC=CN2CCSCC2)C(O)N1 1 O=C1NCC(=CC=CC=CN2CCSCC2)C(=O)N1 1.0000000 1.0000 0.7408570 0.7409 0.7632598 4.2374
 | 23.4121 58.4205 46.0895 0.8164842 NC=CC=CC(O)=C1CCC(=CN2CCCCC2C(N)=O)NC1=O 1 C=C1CCC(=CN2CCCCC2)NC1=O 1.0000000 1.0000 0.6573647 0.6574 0.7060134 4.4293
 | 19.0481 77.6427 33.8157 0.8707688 CCOC(=O)NCCN1CCN(C)C(=C(O)C=CC=CN2CCCNC2)C(=O)N1 1 O=C1NNCCNC1=CC=CC=CN1CCCNC1 1.0000000 1.0000 0.7006324 0.7006 0.8570454 3.8333
 | 15.4612 55.6143 53.2329 0.8503686 COC1=CC(=C(O)C=CC=CN2CCCOC2=O)C(=O)NC(=O)N1 1 O=C1NC=CC(=CC=CC=CN2CCCOC2=O)C(=O)N1 1.0000000 1.0000 0.6427672 0.6428 0.8603711 3.8154
 | 29.8520 69.8174 33.3910 0.8063160 CC(O)CNC1=CNC(=O)C(=C(O)C=CC=CN2CNC(=O)C2)C1(C)O 1 O=C1CN(C=CC=CC=C2CC=CNC2=O)CN1 1.0000000 1.0000 0.8064346 0.8064 0.5241301 4.9371
 | 15.1606 64.1103 48.1792 0.8772622 NC1=NCCN1C=CC=CC(O)=c1c(=O)[nH]oc1=C1SC(=O)NC1=O 1 O=C1NC(=O)C(=c2o[nH]c(=O)c2=CC=CC=CN2C=NCC2)S1 1.0000000 1.0000 0.8068303 0.8068 0.7464572 4.2966
 | 18.5330 58.4475 53.2666 0.8727667 COC(=O)CC1OC(=O)CN1C=CC=CC(O)=C1C(=O)NN(C)C1=O 1 O=C1CN(C=CC=CC=C2C(=O)NNC2=O)CO1 1.0000000 1.0000 0.7972185 0.7972 0.7411044 4.3149
 | 17.2969 61.3170 46.6994 0.8438784 CC1=CN(C=CC=CC(O)=C2C(=O)NC(=O)N(C)N2C)CCN1 1 O=C1NNC(=CC=CC=CN2C=CNCC2)C(=O)N1 1.0000000 1.0000 0.6881897 0.6882 0.7675837 4.2217
 | 15.4382 54.0056 61.0949 0.8992226 O=C1NC(=O)N(CN2CCCC2)C(=O)C1=C(O)C=CC=CN1CC1 1 O=C1NC(=O)N(CN2CCCC2)C(=O)C1=CC=CC=CN1CC1 1.0000000 1.0000 0.7212385 0.7212 0.9474310 3.1163
02:44:22 <INFO> Score: 0.80 Agent NLL: 16.46 Valid: 100% Step: 87
 | Agent Prior Target Score SMILES SMILES_state Scaffold DASA DASA (raw) Solubility Solubility (raw) SA SA (raw)
 | 18.2992 61.5545 42.9433 0.8163895 C=C1C=CC(=C(O)C=CC=CN2CCCNCC2)C(=O)N(C)O1 1 C=C1C=CC(=CC=CC=CN2CCCNCC2)C(=O)NO1 1.0000000 1.0000 0.5778693 0.5779 0.8237085 3.9957
 | 7.3412 51.9586 65.1471 0.9148887 NC1=NCCN1C=CC=CC(O)=C1C(=O)NNC1=O 1 O=C1NNC(=O)C1=CC=CC=CN1C=NCC1 1.0000000 1.0000 0.8584372 0.8584 0.8266022 3.9826
 | 11.8209 50.0260 64.6794 0.8961362 CN1OCC(=C(O)C=CC=CN2CCNC(=O)C2=O)C1=O 1 O=C1NCCN(C=CC=CC=C2CONC2=O)C1=O 1.0000000 1.0000 0.8114758 0.8115 0.8106627 4.0526
 | 12.3974 60.7376 45.8435 0.8326645 CONC1=C(C)N(C)C(=O)C1=C(O)C=CC=CN1CCN=C1C 1 O=C1NC=CC1=CC=CC=CN1C=NCC1 1.0000000 1.0000 0.6151760 0.6152 0.8301851 3.9662
 | 11.1525 57.4150 56.0414 0.8863779 Cc1cn(C2NC(=O)NC(=O)C2=C(O)C=CC=CN2CCN(CCO)CC2=O)c(=O)[nH]c1=O 1 O=C1NC(=O)C(=CC=CC=CN2CCNCC2=O)C(n2ccc(=O)[nH]c2=O)N1 1.0000000 1.0000 0.7829615 0.7830 0.8081852 4.0631
 | 12.8371 53.0508 65.5087 0.9262457 O=C1NC(O)NC(=O)C1=C(O)C=CC=CN1CC1 1 O=C1NCNC(=O)C1=CC=CC=CN1CC1 1.0000000 1.0000 0.8616684 0.8617 0.8666463 3.7807
 | 18.5852 57.2142 48.7711 0.8280105 CC1COC(CO)CN1C=CC=CC(O)=C1C(=O)N(C)C(=O)C1O 1 O=C1CC(=CC=CC=CN2CCOCC2)C(=O)N1 1.0000000 1.0000 0.7861793 0.7862 0.6041219 4.7247
 | 11.1099 59.3788 49.4151 0.8499526 C=c1o[nH]c(=O)c1=C(O)C=CC=CN1CCOS(=O)(=O)C1 1 C=c1o[nH]c(=O)c1=CC=CC=CN1CCOS(=O)(=O)C1 1.0000000 1.0000 0.8137173 0.8137 0.6469781 4.6054
 | 14.8110 54.5238 55.7492 0.8615079 O=C1NC(=C(O)C=CC=CN2CCSCC2)C(=O)C1O 1 O=C1CC(=O)C(=CC=CC=CN2CCSCC2)N1 1.0000000 1.0000 0.7615794 0.7616 0.7413628 4.3140
 | 19.8280 64.5819 47.3801 0.8747034 C=C1NNC(=O)NC(=O)C1=C(O)C=CC=CN1CCC(C(=O)O)CC1 1 C=C1NNC(=O)NC(=O)C1=CC=CC=CN1CCCCC1 1.0000000 1.0000 0.6841003 0.6841 0.8988177 3.5771
02:44:23 <INFO> Score: 0.80 Agent NLL: 16.46 Valid: 100% Step: 88
 | Agent Prior Target Score SMILES SMILES_state Scaffold DASA DASA (raw) Solubility Solubility (raw) SA SA (raw)
 | 10.5110 57.3113 54.7529 0.8755018 CN1NC(=O)C(=C(O)C=CC=CN2CCC(N)(CO)C2)C1=O 1 O=C1NNC(=O)C1=CC=CC=CN1CCCC1 1.0000000 1.0000 0.8360655 0.8361 0.7092367 4.4191
 | 12.3129 45.8357 -45.8357 0.0000000 O=C1CN(C=CC=CC(O)=C2C(=O)NC(=O)OC2=O)CCN1 1 O=C1CN(C=CC=CC=C2C(=O)NC(=O)OC2=O)CCN1 1.0000000 1.0000 0.8120224 0.8120 0.8807613 3.6973
 | 13.5075 63.6798 49.7947 0.8865194 CN1CN(C=CC=CC(O)=c2c(=O)[nH]c(=CN3CCOCC3)n(C)c2=O)N=C1N 1 O=c1[nH]c(=CN2CCOCC2)[nH]c(=O)c1=CC=CC=CN1CNC=N1 1.0000000 1.0000 0.8516905 0.8517 0.7310590 4.3486
 | 16.1526 54.7998 51.2039 0.8281542 CC(=O)NC1CCC(=C(O)C=CC=CN2CCNC2=S)C(=O)N1 1 O=C1NCCCC1=CC=CC=CN1CCNC1=S 1.0000000 1.0000 0.7009614 0.7010 0.6937997 4.4672
 | 13.7150 57.6324 -57.6324 0.0000000 CC(O)C1NC(=O)C(=C(O)C=CC=CN2OCCC2=O)C1=O 1 O=C1CNC(=O)C1=CC=CC=CN1OCCC1=O 1.0000000 1.0000 0.7929066 0.7929 0.6309141 4.6507
 | 9.1676 51.9932 59.0926 0.8678578 C=c1o[nH]c(=O)c1=C(O)C=CC=CN1CC=CC1=O 1 C=c1o[nH]c(=O)c1=CC=CC=CN1CC=CC1=O 1.0000000 1.0000 0.7943285 0.7943 0.7269155 4.3622
 | 18.7835 63.5094 38.4185 0.7963121 CCCCOC(=O)NC1NC(=O)NC(=O)C1=C(O)C=CC=CN1CCC(C)NC1 1 O=C1NCC(=CC=CC=CN2CCCNC2)C(=O)N1 1.0000000 1.0000 0.5950996 0.5951 0.7162131 4.3969
 | 26.7925 67.4414 27.1288 0.7388299 CC1=C(c2c(C)c(C)cc(C)c2O)C(=C(O)C=CC=CN2CCN(C=O)CC2)C(=O)NC1=O 1 O=C1C=C(c2ccccc2)C(=CC=CC=CN2CCNCC2)C(=O)N1 1.0000000 1.0000 0.3803214 0.3803 0.8947588 3.6057
 | 33.0028 93.0536 -14.5495 0.6133130 CC1=CN(C=CC=CC(O)=C2C(=O)NC(O)C3(NC2=O)C(O)CN2C(=O)C=CC23)CCCO1 1 O=C1NCC2(CCN3C(=O)C=CC32)NC(=O)C1=CC=CC=CN1C=COCCC1 1.0000000 1.0000 0.7293051 0.7293 0.1874019 5.9557
 | 24.9485 80.9068 28.4444 0.8543058 Cn1c(=O)c(=CC=NN2CCOCC2=O)sc(=C(O)C=CC=CN2CCOS(=O)(=O)C2)c1=O 1 O=C1COCCN1N=CC=c1sc(=CC=CC=CN2CCOS(=O)(=O)C2)c(=O)[nH]c1=O 1.0000000 1.0000 0.7791560 0.7792 0.6963486 4.4593
02:44:23 <INFO> Score: 0.82 Agent NLL: 16.23 Valid: 100% Step: 89
 | Agent Prior Target Score SMILES SMILES_state Scaffold DASA DASA (raw) Solubility Solubility (raw) SA SA (raw)
 | 14.0235 52.8044 57.4633 0.8614667 CN1C(=O)C(=C(O)C=CC=CN2CC(O)C(O)C2)C(=O)N1C 1 O=C1NNC(=O)C1=CC=CC=CN1CCCC1 1.0000000 1.0000 0.8309006 0.8309 0.6676407 4.5456
 | 16.5322 66.9820 39.2595 0.8300116 NC1NC(=O)C(=C(O)C=CC=CN2C(=O)COCC2C(=O)O)C(=O)NC1N 1 O=C1NCCNC(=O)C1=CC=CC=CN1CCOCC1=O 1.0000000 1.0000 0.8863674 0.8864 0.5284657 4.9257
 | 19.9308 70.4906 43.7702 0.8926625 CCNC=CC=CC(O)=C1NCC(=O)OC(=O)NC1=O 1 C=C1NCC(=O)OC(=O)NC1=O 1.0000000 1.0000 0.7860518 0.7861 0.8286006 3.9735
 | 9.4044 52.6894 55.3967 0.8444228 CN1CCCNC(=O)C1=C(O)C=CC=CN1CCSCC1 1 O=C1NCCCNC1=CC=CC=CN1CCSCC1 1.0000000 1.0000 0.6217986 0.6218 0.8693051 3.7656
 | 18.4358 53.4430 56.4829 0.8587960 COC1NC(=O)NC(=O)C1=C(O)C=CC=CN1CCC(NC(C)=O)C1=O 1 O=C1NCC(=CC=CC=CN2CCCC2=O)C(=O)N1 1.0000000 1.0000 0.7691969 0.7692 0.7229246 4.3753
 | 9.3994 55.7017 63.4364 0.9307660 O=C1NCCN(C=CC=CC(O)=C2C(=O)NN(CCO)C2=O)C1=O 1 O=C1NCCN(C=CC=CC=C2C(=O)NNC2=O)C1=O 1.0000000 1.0000 0.8799934 0.8800 0.8624917 3.8039
 | 22.8906 88.8626 23.4336 0.8773139 N=C1CC(=c2c(=O)[nH]c(=O)c(=C(O)C=CC=CN3CNC(=O)N3)[nH]c2=O)C(=O)N1 1 N=C1CC(=c2c(=O)[nH]c(=O)c(=CC=CC=CN3CNC(=O)N3)[nH]c2=O)C(=O)N1 1.0000000 1.0000 0.8910641 0.8911 0.6627661 4.5599
 | 30.6940 83.6039 23.5464 0.8371115 CC1CN(CO)CCN1C=CC=CC(O)=c1c(=O)[nH]c(=O)[nH]c1=C1C(N2CCCC2)=CC(=O)C1=NO 1 N=C1C(=O)C=C(N2CCCC2)C1=c1[nH]c(=O)[nH]c(=O)c1=CC=CC=CN1CCNCC1 1.0000000 1.0000 0.7457391 0.7457 0.6738846 4.5272
 | 16.7943 57.0099 58.0679 0.8990456 O=C1NC(=O)C(=C(O)C=CC=CN2C=NNCC2)C(=O)N1 1 O=C1NC(=O)C(=CC=CC=CN2C=NNCC2)C(=O)N1 1.0000000 1.0000 0.8214920 0.8215 0.8097654 4.0564
 | 21.2250 53.2194 51.7342 0.8199507 CC(NC1=NC(=O)C(=C(O)C=CC=CN2CCNC2=O)C(=O)N1)c1ccccc1 1 O=C1N=C(NCc2ccccc2)NC(=O)C1=CC=CC=CN1CCNC1=O 1.0000000 1.0000 0.5634144 0.5634 0.8647987 3.7911
02:44:24 <INFO> Sampled SMILES CN1C(=O)C(=C(O)C=CC=CN2CC=CC=C2=O)OC=C1OC failed to sanitize.
02:44:24 <INFO> Score: 0.79 Agent NLL: 16.75 Valid:  98% Step: 90
 | Agent Prior Target Score SMILES SMILES_state Scaffold DASA DASA (raw) Solubility Solubility (raw) SA SA (raw)
 | 15.9911 58.4006 45.9896 0.8155487 CCCN1C=CC(=O)N(C=CC=CC(O)=C2OC(O)NC2=O)C1 1 O=C1NCOC1=CC=CC=CN1CNC=CC1=O 1.0000000 1.0000 0.7322992 0.7323 0.6172533 4.6887
 | 13.3943 56.8693 59.1464 0.9063726 NC1=CC(=C(O)C=CC=CN2CCN(C=O)CC2)C(=O)NC1=O 1 O=C1C=CC(=CC=CC=CN2CCNCC2)C(=O)N1 1.0000000 1.0000 0.8088189 0.8088 0.8536246 3.8513
 | 18.4456 55.0957 56.9947 0.8757064 COCON1NC(=C(O)C=CC=CN(C)OC)C(=O)NC1=O 1 C=C1NNC(=O)NC1=O 1.0000000 1.0000 0.7787612 0.7788 0.7730731 4.2015
 | 7.7336 48.4922 69.6805 0.9232245 O=C1NN(CCO)C(=O)C1=C(O)C=CC=CN1CCOCC1 1 O=C1NNC(=O)C1=CC=CC=CN1CCOCC1 1.0000000 1.0000 0.8242156 0.8242 0.9016580 3.5565
 | 11.3598 62.6559 50.1486 0.8812852 N=C1NNC(=O)C(=C(O)C=CC=CN2CCC=CC2=O)C(=O)N1 1 N=C1NNC(=O)C(=CC=CC=CN2CCC=CC2=O)C(=O)N1 1.0000000 1.0000 0.7903122 0.7903 0.7800649 4.1752
 | 17.9731 71.0455 30.8211 0.7958328 CN1NC(=O)C(=C(O)C=CC=CN2CCC(N)(CO)C2)C(C)(O)N1 1 O=C1NNNCC1=CC=CC=CN1CCCC1 1.0000000 1.0000 0.8371554 0.8372 0.4743342 5.0669
 | 17.3309 56.8392 54.0383 0.8662304 NC1CN1C=CC=CC(O)=C1C(=O)NC(=O)CS1(=O)=O 1 O=C1CS(=O)(=O)C(=CC=CC=CN2CC2)C(=O)N1 1.0000000 1.0000 0.8495345 0.8495 0.6653394 4.5523
 | 24.5635 66.6995 32.6074 0.7758350 CCCCC1C(=O)NC(N)CN1C=CC=CC(O)=C1NNC(CO)N(C)C1=O 1 O=C1CN(C=CC=CC=C2NNCNC2=O)CCN1 1.0000000 1.0000 0.7927468 0.7927 0.4550614 5.1174
 | 10.0295 51.5120 66.3686 0.9209426 O=CN1CCN(C=CC=CC(O)=C2C(=O)NCCNC2=O)CC1 1 O=C1NCCNC(=O)C1=CC=CC=CN1CCNCC1 1.0000000 1.0000 0.8228710 0.8229 0.8940848 3.6104
 | 30.2451 117.7787 -19.1709 0.7703732 CN=C1N=C(C)N(N)NC(=O)C1=C(O)C=CC=CN1N=C(C)C(=C(O)C=CC=CN2CCNCC2)C1=O 1 N=C1N=CNNC(=O)C1=CC=CC=CN1N=CC(=CC=CC=CN2CCNCC2)C1=O 1.0000000 1.0000 0.5764376 0.5764 0.6475035 4.6039
02:44:25 <INFO> Score: 0.76 Agent NLL: 15.13 Valid: 100% Step: 91
 | Agent Prior Target Score SMILES SMILES_state Scaffold DASA DASA (raw) Solubility Solubility (raw) SA SA (raw)
 | 12.6976 54.9685 46.1674 0.7901241 COc1c(C)c(O)c2c(c1O)C(=C(O)C=CC=CN1CCOS(=O)(=O)C1)C(=O)N2 1 O=C1Nc2ccccc2C1=CC=CC=CN1CCOS(=O)(=O)C1 1.0000000 1.0000 0.5258880 0.5259 0.8039860 4.0806
 | 13.2513 53.5263 55.0732 0.8484334 O=C1NC(=O)C(O)CC1=C(O)C=CC=CN1CCC=CC1=O 1 O=C1CCC(=CC=CC=CN2CCC=CC2=O)C(=O)N1 1.0000000 1.0000 0.7464013 0.7464 0.7122421 4.4096
 | 39.0946 84.0065 -0.9592 0.6488070 NC(O)C12C(=O)NC(=O)C(=C(O)C=CC=CN3CCCN3)C1C(C=NC1CC(=O)OC1O)C2=O 1 O=C1CC(N=CC2C(=O)C3C(=O)NC(=O)C(=CC=CC=CN4CCCN4)C23)CO1 1.0000000 1.0000 0.8277566 0.8278 0.2038929 5.8874
 | 20.8148 79.4134 28.2414 0.8410531 O=C1NCC(=C=CN2CC2)NC(=O)C1=C(O)C=CC=CN1CCOOCC1 1 O=C1NCC(=C=CN2CC2)NC(=O)C1=CC=CC=CN1CCOOCC1 1.0000000 1.0000 0.7354200 0.7354 0.6989014 4.4514
 | 14.1147 53.2915 59.8700 0.8840746 CCN1C(=O)NC(=O)C(=C(O)C=CC=CN2CC=NCC2)C1=O 1 O=C1NC(=O)C(=CC=CC=CN2CC=NCC2)C(=O)N1 1.0000000 1.0000 0.7203694 0.7204 0.8834605 3.6804
 | 13.4944 56.6048 47.1296 0.8104245 COC1NC(=O)C(=C(O)C=CC=CN2OCCC2=O)C1O 1 O=C1NCCC1=CC=CC=CN1OCCC1=O 1.0000000 1.0000 0.7990074 0.7990 0.5414169 4.8918
 | 12.6961 63.4795 39.2793 0.8028029 O=C1NC(=O)C(=C(O)C=CC=CN2CCC(O)C2)C(C=CN2CCCC2)N1 1 O=C1NC(=O)C(=CC=CC=CN2CCCC2)C(C=CN2CCCC2)N1 1.0000000 1.0000 0.6509339 0.6509 0.6654468 4.5520
 | 14.2370 54.3743 59.3694 0.8886220 CCOC=c1c(=O)[nH]c(=O)c(=C(O)C=CC=CN2CCCC2)n1C 1 C=c1[nH]c(=CC=CC=CN2CCCC2)c(=O)[nH]c1=O 1.0000000 1.0000 0.7509041 0.7509 0.8588363 3.8237
 | 11.2937 62.4849 40.0469 0.8010299 C=c1[nH]c(=O)c(=C(O)C=CC=CN2CC=C(C)C(O)C2O)c(=O)[nH]1 1 C=c1[nH]c(=O)c(=CC=CC=CN2CC=CCC2)c(=O)[nH]1 1.0000000 1.0000 0.8357131 0.8357 0.4884905 5.0300
 | 8.4264 52.3280 64.8027 0.9150833 COC=c1[nH]c(=O)[nH]c(=O)c1=C(O)C=CC=CN1CC1 1 C=c1[nH]c(=O)[nH]c(=O)c1=CC=CC=CN1CC1 1.0000000 1.0000 0.8479194 0.8479 0.8396711 3.9214
02:44:25 <INFO> Score: 0.78 Agent NLL: 15.84 Valid: 100% Step: 92
 | Agent Prior Target Score SMILES SMILES_state Scaffold DASA DASA (raw) Solubility Solubility (raw) SA SA (raw)
 | 14.2833 66.0446 47.0071 0.8832160 O=C1NNN(CCO)C(=O)C1=C(O)C=CC=CN1CC=C(O)CC1 1 O=C1NNNC(=O)C1=CC=CC=CN1CC=CCC1 1.0000000 1.0000 0.7887394 0.7887 0.7891525 4.1402
 | 15.8044 63.9987 41.8677 0.8270808 C=c1[nH][nH][nH]c(=O)c(=C(O)C=CC=CN2CC=CCC2)[nH]1 1 C=c1[nH][nH][nH]c(=O)c(=CC=CC=CN2CC=CCC2)[nH]1 1.0000000 1.0000 0.7433384 0.7433 0.6430983 4.6164
 | 10.4554 59.5595 44.5401 0.8132783 C=c1[nH]c(=O)[nH]c(=O)c1=C(O)C=CC=CN1CC(C)OC(O)C1O 1 C=c1[nH]c(=O)[nH]c(=O)c1=CC=CC=CN1CCOCC1 1.0000000 1.0000 0.8630951 0.8631 0.5008806 4.9977
 | 12.3842 54.5612 57.1081 0.8724169 C=c1[nH]c(=O)c(=C(O)C=CC=CN2CCC(O)C2=O)c(=O)[nH]1 1 C=c1[nH]c(=O)c(=CC=CC=CN2CCCC2=O)c(=O)[nH]1 1.0000000 1.0000 0.8653513 0.8654 0.6705176 4.5371
 | 26.4939 93.6019 17.2116 0.8657304 C=c1c(=C(O)C=CC=CN2CN=C(N)N(CCCC)N2C)c(=O)n(C)c(=O)c(=N)n1C 1 C=c1[nH]c(=N)c(=O)[nH]c(=O)c1=CC=CC=CN1CN=CNN1 1.0000000 1.0000 0.8004809 0.8005 0.7128302 4.4077
 | 11.3165 61.0367 47.2003 0.8456013 C=C1CCCN1C=CC=CC(O)=C1C(=O)NNC(N)NC1=O 1 C=C1CCCN1C=CC=CC=C1C(=O)NCNNC1=O 1.0000000 1.0000 0.7889497 0.7889 0.6571077 4.5763
 | 21.3414 61.7679 36.0829 0.7644595 COC1=C(Br)C(O)C(=C(O)C=CC=CN2CCC(O)CO2)C(=O)N1 1 O=C1NC=CCC1=CC=CC=CN1CCCCO1 1.0000000 1.0000 0.6392801 0.6393 0.5536807 4.8596
 | 11.9238 57.1168 57.9171 0.8987020 Cn1c(=C2C(=O)NC(=O)NC2=O)[nH]c(=O)c1=C(O)C=CC=CN1CC=CC1 1 O=C1NC(=O)C(=c2[nH]c(=O)c(=CC=CC=CN3CC=CC3)[nH]2)C(=O)N1 1.0000000 1.0000 0.8368097 0.8368 0.7907405 4.1340
 | 10.5347 59.7918 54.6851 0.8943509 O=C1NCCNC(=O)C1=C(O)C=CC=CN1CCOS(=O)(=O)C1 1 O=C1NCCNC(=O)C1=CC=CC=CN1CCOS(=O)(=O)C1 1.0000000 1.0000 0.8133598 0.8134 0.8016673 4.0901
 | 13.6600 62.7949 47.2604 0.8598067 O=C1CC(=C(O)C=CC=CN2CC=C(C(=O)O)CC2)C(=O)NC(=S)N1 1 O=C1CC(=CC=CC=CN2CC=CCC2)C(=O)NC(=S)N1 1.0000000 1.0000 0.6746980 0.6747 0.8502607 3.8687
02:44:26 <INFO> Score: 0.81 Agent NLL: 15.72 Valid: 100% Step: 93
 | Agent Prior Target Score SMILES SMILES_state Scaffold DASA DASA (raw) Solubility Solubility (raw) SA SA (raw)
 | 15.5423 61.5094 45.3559 0.8348856 CC1=NCCN1C=CC=CC(O)=C1C=CC(O)C(=O)NC1=O 1 O=C1CC=CC(=CC=CC=CN2C=NCC2)C(=O)N1 1.0000000 1.0000 0.7381295 0.7381 0.6746432 4.5249
 | 14.3385 63.3988 36.9018 0.7835981 Cn1c(=CC=CN2CCSCC2)[nH]c(=O)c1=C(O)C=CC=CN1CC=CCC1 1 O=c1[nH]c(=CC=CN2CCSCC2)[nH]c1=CC=CC=CN1CC=CCC1 1.0000000 1.0000 0.5842379 0.5842 0.6843597 4.4959
 | 9.9682 62.9813 52.9075 0.9053814 O=C1NNC(=O)C(=C(O)C=CC=CN2CCC(=O)N2O)C(=O)N1 1 O=C1CCN(C=CC=CC=C2C(=O)NNC(=O)NC2=O)N1 1.0000000 1.0000 0.8332413 0.8332 0.8199128 4.0126
 | 12.1355 62.2699 47.7382 0.8594384 CN1CCCNC(=O)C1=C(O)C=CC=CN1CCC(N)(CO)C1 1 O=C1NCCCNC1=CC=CC=CN1CCCC1 1.0000000 1.0000 0.7709445 0.7709 0.7232264 4.3743
 | 17.4076 53.5195 59.0056 0.8791017 NS(=O)(=O)N1CCN(C=CC=CC(O)=c2oc(=CBr)[nH]c2=O)CC1 1 C=c1[nH]c(=O)c(=CC=CC=CN2CCNCC2)o1 1.0000000 1.0000 0.7619517 0.7620 0.8065872 4.0698
 | 16.4459 65.1994 41.2535 0.8316633 CONC1NC(=O)C(=C(O)C=CC=CN2CC(O)C2)CO1 1 O=C1NCOCC1=CC=CC=CN1CCC1 1.0000000 1.0000 0.8271646 0.8272 0.5789877 4.7924
 | 24.8867 81.2256 14.5744 0.7484374 CC(=O)OC(C)OC(=O)NC(C)C(=O)NC1CNC(=O)C(=C(O)C=CC=CN2CCC=C(O)C2O)C(=O)N1 1 O=C1NCCNC(=O)C1=CC=CC=CN1CC=CCC1 1.0000000 1.0000 0.6994149 0.6994 0.4547485 5.1182
 | 20.3883 68.4017 42.0182 0.8626558 O=C1NC(NCCNCCO)NC1=C(O)C=CC=CN1C(=O)COCC1C(=O)O 1 O=C1NCNC1=CC=CC=CN1CCOCC1=O 1.0000000 1.0000 0.8868944 0.8869 0.6209710 4.6784
 | 7.8697 52.4532 59.9398 0.8780696 C=C1CCCN1C=CC=CC(O)=c1c(=C)[nH]c(=O)[nH]c1=O 1 C=C1CCCN1C=CC=CC=c1c(=C)[nH]c(=O)[nH]c1=O 1.0000000 1.0000 0.7540049 0.7540 0.8127792 4.0436
 | 13.4554 55.3114 59.4579 0.8966348 C=C1CN(C=O)CCN1C=CC=CC(O)=C1C(=O)NC(=O)NC1=O 1 C=C1CNCCN1C=CC=CC=C1C(=O)NC(=O)NC1=O 1.0000000 1.0000 0.7753889 0.7754 0.8581476 3.8274
02:44:27 <INFO> Score: 0.82 Agent NLL: 16.11 Valid: 100% Step: 94
 | Agent Prior Target Score SMILES SMILES_state Scaffold DASA DASA (raw) Solubility Solubility (raw) SA SA (raw)
 | 10.1878 54.1439 55.4041 0.8558440 O=C1NC(=O)C(=C(O)C=CC=CN2CCSCC2)SC1=O 1 O=C1NC(=O)C(=CC=CC=CN2CCSCC2)SC1=O 1.0000000 1.0000 0.6667853 0.6668 0.8458127 3.8912
 | 10.7983 46.2976 71.0461 0.9167473 O=C1NCNC(=O)C1=C(O)C=CC=CN1CCOCC1 1 O=C1NCNC(=O)C1=CC=CC=CN1CCOCC1 1.0000000 1.0000 0.8085314 0.8085 0.8958024 3.5985
 | 19.7826 69.6899 33.4864 0.8060650 C=C1C(=O)NC(=O)C(=C(O)C=CC=CN2CCC(C(=O)O)C2=O)C(C)(O)C1O 1 C=C1CCC(=CC=CC=CN2CCCC2=O)C(=O)NC1=O 1.0000000 1.0000 0.7646863 0.7647 0.5579231 4.8484
 | 18.8697 69.2496 43.1953 0.8784761 CN1CCCNC(=C(O)C=CC=CN2CCC(=O)N2CO)C(=O)N1 1 O=C1CCN(C=CC=CC=C2NCCCNNC2=O)N1 1.0000000 1.0000 0.7952013 0.7952 0.7639998 4.2347
 | 9.7941 54.3260 63.6867 0.9219741 O=C1NN(CCO)C(=O)C1=C(O)C=CC=CN1CCOCC1=O 1 O=C1NNC(=O)C1=CC=CC=CN1CCOCC1=O 1.0000000 1.0000 0.8432505 0.8433 0.8723098 3.7482
 | 11.7626 49.4815 -49.4815 0.0000000 C=C1COCCN1C=CC=CC(O)=C1C(=O)NC(=O)NC1=O 1 C=C1COCCN1C=CC=CC=C1C(=O)NC(=O)NC1=O 1.0000000 1.0000 0.7444827 0.7445 0.8815502 3.6924
 | 12.9683 54.4587 59.6447 0.8914323 O=C1NOCC1=C(O)C=CC=CN1CCCN(CCO)C1 1 O=C1NOCC1=CC=CC=CN1CCCNC1 1.0000000 1.0000 0.7790426 0.7790 0.8327176 3.9544
 | 10.5277 48.4075 66.4178 0.8970727 CN1C(=O)C(=C(O)C=CC=CN2CCC2)C(=O)N1C 1 O=C1NNC(=O)C1=CC=CC=CN1CCC1 1.0000000 1.0000 0.7444848 0.7445 0.9029195 3.5472
 | 15.0097 59.3758 52.7611 0.8760699 CC1(C)NNC(=O)C(=C(O)C=CC=CN2CCC2=O)N1 1 O=C1NNCNC1=CC=CC=CN1CCC1=O 1.0000000 1.0000 0.7667403 0.7667 0.7890143 4.1408
 | 16.8416 60.0983 54.1454 0.8925290 CC1=CNC(=O)C(=C(O)C=CC=CN2CCCN(CCO)CC2)C(=O)N1 1 O=C1NC=CNC(=O)C1=CC=CC=CN1CCCNCC1 1.0000000 1.0000 0.7285768 0.7286 0.9070755 3.5157
02:44:27 <INFO> Score: 0.78 Agent NLL: 16.73 Valid: 100% Step: 95
 | Agent Prior Target Score SMILES SMILES_state Scaffold DASA DASA (raw) Solubility Solubility (raw) SA SA (raw)
 | 20.9710 63.9029 44.7520 0.8488660 CC1C(=O)NC(=O)C(=C(O)C=CC=CN2CCN(CCSCCCN)C2=O)C(=O)N1C 1 O=C1CNC(=O)C(=CC=CC=CN2CCNC2=O)C(=O)N1 1.0000000 1.0000 0.6772305 0.6772 0.8021224 4.0882
 | 15.5857 67.0789 38.4602 0.8245242 CC1=CCN(C=CC=CC(O)=c2ncc(=CN3CCCNC3=O)[nH]c2=O)CC1 1 O=C1NCCCN1C=c1cnc(=CC=CC=CN2CC=CCC2)c(=O)[nH]1 1.0000000 1.0000 0.6586173 0.6586 0.7339974 4.3388
 | 15.2972 48.8221 67.3205 0.9073642 CN(C)C=CC=CC(O)=C1C(=O)NC(=O)NC1NCCCNCCO 1 C=C1CNC(=O)NC1=O 1.0000000 1.0000 0.8238012 0.8238 0.8388724 3.9252
 | 17.9172 59.2125 50.4436 0.8566880 O=C1NC(N2CCOCC2)=CC=NC1=C(O)C=CC=CN1CCNC1=S 1 O=C1NC(N2CCOCC2)=CC=NC1=CC=CC=CN1CCNC1=S 1.0000000 1.0000 0.6764283 0.6764 0.8348131 3.9446
 | 14.8494 67.8941 30.5182 0.7688461 Cn1c(=CC=CN2CCCC2)[nH]c(=O)c1=C(O)C=CC=CN1C=CSCC1 1 O=c1[nH]c(=CC=CN2CCCC2)[nH]c1=CC=CC=CN1C=CSCC1 1.0000000 1.0000 0.5603202 0.5603 0.6643579 4.5552
 | 19.4873 48.7622 34.6342 0.6515337 CN1CN(C=CC=CC(O)=C2C(=O)Nc3ccccc32)C(c2ccccc2)C1=O 1 O=C1Nc2ccccc2C1=CC=CC=CN1CNC(=O)C1c1ccccc1 1.0000000 1.0000 0.2429145 0.2429 0.9036302 3.5419
 | 14.0877 54.5117 54.2212 0.8494758 COC1NC(=O)C(=C(O)C=CC=CN2CCOCC2)C(O)C1O 1 O=C1NCCCC1=CC=CC=CN1CCOCC1 1.0000000 1.0000 0.8114370 0.8114 0.6476324 4.6035
 | 15.6797 44.5859 65.2536 0.8581206 C=C1CCC(=C(O)C=CC=CN2CCN(CCO)CC2)C1=O 1 C=C1CCC(=CC=CC=CN2CCNCC2)C1=O 1.0000000 1.0000 0.6323927 0.6324 0.9114203 3.4814
 | 10.7826 54.6599 -54.6599 0.0000000 CN1NC(O)C(=C(O)C=CC=CN2C=CC=CC2)C1=O 1 O=C1NNCC1=CC=CC=CN1C=CC=CC1 1.0000000 1.0000 0.7253495 0.7253 0.6183931 4.6855
 | 10.3101 62.0285 39.5823 0.7938342 NC1NC(=O)C(=C(O)C=CC=CN2CCOS(=O)(=O)C2)SC1=O 1 O=C1CNC(=O)C(=CC=CC=CN2CCOS(=O)(=O)C2)S1 1.0000000 1.0000 0.7780746 0.7781 0.5124360 4.9676
02:44:28 <INFO> Score: 0.79 Agent NLL: 15.01 Valid: 100% Step: 96
 | Agent Prior Target Score SMILES SMILES_state Scaffold DASA DASA (raw) Solubility Solubility (raw) SA SA (raw)
 | 13.4768 51.1175 61.6934 0.8813349 CN1C(=O)N(C=CC=CC(O)=C2C(=O)NC(=O)NC2=O)CCC1O 1 O=C1NC(=O)C(=CC=CC=CN2CCCNC2=O)C(=O)N1 1.0000000 1.0000 0.7808404 0.7808 0.7916210 4.1305
 | 13.2506 60.4073 54.9869 0.9015171 O=C1NC(=O)C(NCCO)NC1=C(O)C=CC=CN1CC1 1 O=C1CNC(=CC=CC=CN2CC2)C(=O)N1 1.0000000 1.0000 0.8757783 0.8758 0.7586085 4.2541
 | 9.5038 47.9438 66.2878 0.8924345 C=c1o[nH]c(=O)c1=C(O)C=CC=CN1CCC(O)CC1 1 C=c1o[nH]c(=O)c1=CC=CC=CN1CCCCC1 1.0000000 1.0000 0.7803956 0.7804 0.8349161 3.9441
 | 9.6335 55.3647 58.3037 0.8880350 CN1CN(C=CC=CC(O)=C2C(=O)N(C)N=C2N)N=C1N 1 O=C1NN=CC1=CC=CC=CN1CNC=N1 1.0000000 1.0000 0.8235632 0.8236 0.7666023 4.2253
 | 11.8060 58.8352 53.5317 0.8778658 CN1NC(=O)C(=C(O)C=CC=CN2CC=CC(=NO)C2=O)C1=O 1 N=C1C=CCN(C=CC=CC=C2C(=O)NNC2=O)C1=O 1.0000000 1.0000 0.7720188 0.7720 0.7893049 4.1396
 | 16.1024 64.7707 39.1817 0.8121286 CN1CC=CNC(=O)C1=C(O)C=CC=CN1C=NC=CC1 1 O=C1NC=CCNC1=CC=CC=CN1C=NC=CC1 1.0000000 1.0000 0.6462421 0.6462 0.7046117 4.4337
 | 15.0702 56.8553 54.7652 0.8720352 C=c1o[nH]c(=O)c1=C(O)C=CC=CN1CCOCC1C(N)=O 1 C=c1o[nH]c(=O)c1=CC=CC=CN1CCOCC1 1.0000000 1.0000 0.8477000 0.8477 0.6860443 4.4908
 | 21.2085 63.5639 51.3479 0.8977482 O=C1CN(C=CC=CC(O)=c2cc(O)c(=CN3CCOCC3)[nH]c2=O)CCN1 1 O=C1CN(C=CC=CC=c2ccc(=CN3CCOCC3)[nH]c2=O)CCN1 1.0000000 1.0000 0.8039329 0.8039 0.8260100 3.9853
 | 14.3905 73.2362 33.9489 0.8373839 CCN1C(=O)NC(=O)C(=C(O)C=CC=CN2CCOS(=O)(=O)C2)N=C1C 1 O=C1NC=NC(=CC=CC=CN2CCOS(=O)(=O)C2)C(=O)N1 1.0000000 1.0000 0.6657030 0.6657 0.7732979 4.2007
 | 14.6277 59.5747 47.3508 0.8353559 COC1NC(=O)C(=C(O)C=CC=CN2CC(=O)N(C)C2)C1O 1 O=C1CN(C=CC=CC=C2CCNC2=O)CN1 1.0000000 1.0000 0.8186156 0.8186 0.5972614 4.7433
02:44:28 <INFO> Sampled SMILES O=C1NC(=O)C(=C(O)C=CC=CN2CC=NC2)(OC(=O)C(Cl)(Cl)Cl)C2=C1CCC(=O)C2 failed to sanitize.
02:44:29 <INFO> Score: 0.78 Agent NLL: 17.41 Valid:  99% Step: 97
 | Agent Prior Target Score SMILES SMILES_state Scaffold DASA DASA (raw) Solubility Solubility (raw) SA SA (raw)
 | 11.8498 53.5151 61.1843 0.8960890 C=c1[nH]c(=O)[nH]c(=O)c1=C(O)C=CC=CN1CCSCC1=O 1 C=c1[nH]c(=O)[nH]c(=O)c1=CC=CC=CN1CCSCC1=O 1.0000000 1.0000 0.8042190 0.8042 0.8192673 4.0154
 | 15.2850 66.0083 49.7804 0.9045994 O=C1CN(C=c2[nH]c(=O)c(=C(O)C=CC=CN3CC3)c(=O)[nH]2)CCCN1 1 O=C1CN(C=c2[nH]c(=O)c(=CC=CC=CN3CC3)c(=O)[nH]2)CCCN1 1.0000000 1.0000 0.8536964 0.8537 0.7935098 4.1230
 | 21.1665 65.1968 43.1619 0.8465523 O=C1NC(=C2C(=O)NC(=S)NC2=O)c2ccccc2NC1=C(O)C=CC=CN1CCN(CCO)CC1 1 O=C1NC(=C2C(=O)NC(=S)NC2=O)c2ccccc2NC1=CC=CC=CN1CCNCC1 1.0000000 1.0000 0.6082232 0.6082 0.9021325 3.5531
 | 26.3965 77.1559 15.3135 0.7224166 CC1=CC2=C=CC(=O)NC(=O)C(=C(O)C=CC=CN3CCOS(=O)(=O)C3)C21 1 O=C1C=C=C2C=CC2C(=CC=CC=CN2CCOS(=O)(=O)C2)C(=O)N1 1.0000000 1.0000 0.6180653 0.6181 0.4546396 5.1185
 | 22.1269 72.2892 38.0286 0.8618578 C=C1CNN(C=CC=CC(O)=C2NN=C(NC(=S)NNC(C)=O)NC2=O)C1 1 C=C1CNN(C=CC=CC=C2NN=CNC2=O)C1 1.0000000 1.0000 0.7860176 0.7860 0.7150079 4.4008
 | 14.5299 65.1222 52.3519 0.9177661 CCN1C(=O)CN(C=CC=CC(O)=C2C(=O)NC(=O)COC2=O)CC1=O 1 O=C1CN(C=CC=CC=C2C(=O)NC(=O)COC2=O)CC(=O)N1 1.0000000 1.0000 0.8065457 0.8065 0.9026508 3.5492
 | 11.7613 49.2742 68.2173 0.9179025 CCN1NC(=O)C(=C(O)C=CC=CN2CCN(CCO)CC2)C1=O 1 O=C1NNC(=O)C1=CC=CC=CN1CCNCC1 1.0000000 1.0000 0.7960524 0.7961 0.9175200 3.4306
 | 9.1413 47.3459 69.9818 0.9166231 C=c1[nH]c(=O)c(=C(O)C=CC=CN2CCOCC2)c(=O)[nH]1 1 C=c1[nH]c(=O)c(=CC=CC=CN2CCOCC2)c(=O)[nH]1 1.0000000 1.0000 0.8340863 0.8341 0.8624785 3.8039
 | 12.2015 43.1924 66.7391 0.8588399 CC1=NC(=O)N(C)C(=O)C1=C(O)C=CC=CN1CCOCC1 1 O=C1N=CC(=CC=CC=CN2CCOCC2)C(=O)N1 1.0000000 1.0000 0.6331696 0.6332 0.9132868 3.4662
 | 15.3983 57.1177 53.7150 0.8658805 CC1CC(O)CCN1C=CC=CC(O)=C1C(=O)NCC(=O)NC1=O 1 O=C1CNC(=O)C(=CC=CC=CN2CCCCC2)C(=O)N1 1.0000000 1.0000 0.7692595 0.7693 0.7482315 4.2904
02:44:29 <INFO> Score: 0.82 Agent NLL: 16.11 Valid: 100% Step: 98
 | Agent Prior Target Score SMILES SMILES_state Scaffold DASA DASA (raw) Solubility Solubility (raw) SA SA (raw)
 | 18.7955 69.3446 34.0854 0.8080469 CN1CN(C=CC=CC(O)=C2C(=O)NCC(=N)CC2O)N=C1N 1 N=C1CCC(=CC=CC=CN2CNC=N2)C(=O)NC1 1.0000000 1.0000 0.7975499 0.7975 0.5359498 4.9062
 | 13.9083 53.4848 58.2370 0.8728268 O=C(O)C=c1[nH]c(=O)c(=C(O)C=CC=CN2CCOCC2C(=O)O)s1 1 C=c1[nH]c(=O)c(=CC=CC=CN2CCOCC2)s1 1.0000000 1.0000 0.7917186 0.7917 0.7475030 4.2930
 | 21.4798 57.2348 50.1142 0.8386638 CCN(C=CC=CC(O)=C1C(=O)NN(O)C(C)=CN1CCO)CC 1 C=C1NC=CNNC1=O 1.0000000 1.0000 0.6613879 0.6614 0.7843712 4.1588
 | 14.5417 58.8757 51.2469 0.8603333 O=C1NNC(=O)C1=C(O)C=CC=CN1CN(CCO)C=CC1O 1 O=C1NNC(=O)C1=CC=CC=CN1CC=CNC1 1.0000000 1.0000 0.8521840 0.8522 0.6441102 4.6135
 | 13.7196 54.8259 51.2321 0.8285788 CC1CN(C=CC=CC(O)=C2CC(=O)NC(=O)NC2=O)C(C)CN1 1 O=C1CC(=CC=CC=CN2CCNCC2)C(=O)NC(=O)N1 1.0000000 1.0000 0.7057500 0.7058 0.6896376 4.4799
 | 16.1861 54.3384 54.0152 0.8465131 C=C1CCN(C)CN1C=CC=CC(O)=C1C(=O)N=C(C)NC1=O 1 C=C1CCNCN1C=CC=CC=C1C(=O)N=CNC1=O 1.0000000 1.0000 0.6473456 0.6473 0.8369472 3.9344
 | 21.7536 59.4968 45.5810 0.8209202 CCOC(=O)N1C=CN(C=CC=CC(O)=C2NC(C)C(=O)NC2=O)C1 1 O=C1CNC(=CC=CC=CN2C=CNC2)C(=O)N1 1.0000000 1.0000 0.6709403 0.6709 0.7047634 4.4332
 | 26.8838 72.9735 32.4452 0.8235836 CN(C)C1=C(C2=CC(=C(O)C=CC=CN3CC(O)C(O)C3=O)C(=O)N2C)C(=O)NC1=O 1 O=C1C=C(C2=CC(=CC=CC=CN3CCCC3=O)C(=O)N2)C(=O)N1 1.0000000 1.0000 0.8040968 0.8041 0.5749131 4.8033
 | 16.1712 56.0328 58.1507 0.8920585 O=C1N=CCCNC(=O)C1=C(O)C=CC=CN1CC1 1 O=C1N=CCCNC(=O)C1=CC=CC=CN1CC1 1.0000000 1.0000 0.7555168 0.7555 0.8664809 3.7817
 | 12.9410 53.7937 -53.7937 0.0000000 COc1c(C)c(O)c2c(c1O)C(=C(O)C=CC=CN1CC=C(O)C(O)C1)C(=O)N2 1 O=C1Nc2ccccc2C1=CC=CC=CN1CC=CCC1 1.0000000 1.0000 0.4820869 0.4821 0.7065157 4.4277
02:44:30 <INFO> Score: 0.77 Agent NLL: 15.49 Valid: 100% Step: 99
 | Agent Prior Target Score SMILES SMILES_state Scaffold DASA DASA (raw) Solubility Solubility (raw) SA SA (raw)
 | 9.9831 55.8612 58.9713 0.8971288 O=C1NCCNC(=O)C1=C(O)C=CC=CN1C(=O)COCC1C(=O)O 1 O=C1NCCNC(=O)C1=CC=CC=CN1CCOCC1=O 1.0000000 1.0000 0.8324523 0.8325 0.7898762 4.1374
 | 22.6071 70.0285 42.2088 0.8768540 CN1CC=CC(=NCCCO)NC(=O)C1=C(O)C=CC=CN(CCO)CCO 1 C=C1NCC=CC(=N)NC1=O 1.0000000 1.0000 0.7772202 0.7772 0.7791868 4.1786
 | 13.3164 60.7032 54.4949 0.8999858 C=c1c(=O)[nH]c(=O)c(=C(O)C=CC=CN2CCC(=O)N2O)c(=O)n1C 1 C=c1[nH]c(=O)c(=CC=CC=CN2CCC(=O)N2)c(=O)[nH]c1=O 1.0000000 1.0000 0.8634108 0.8634 0.7661763 4.2268
 | 15.3809 63.9100 53.9447 0.9207398 CN1C(=O)C(=c2[nH]c(=O)[nH]c(=O)c2=C(O)C=CC=CN2CC(=O)NC(=O)C2)C(=O)N(C)C1=S 1 O=C1CN(C=CC=CC=c2c(=O)[nH]c(=O)[nH]c2=C2C(=O)NC(=S)NC2=O)CC(=O)N1 1.0000000 1.0000 0.8713420 0.8713 0.8339666 3.9486
 | 16.5402 64.9722 39.7559 0.8181877 CC1=NNN(C)C(=O)C1=C(O)C=CC=CN1CCC(NS(C)(=O)=O)O1 1 O=C1NNN=CC1=CC=CC=CN1CCCO1 1.0000000 1.0000 0.7413797 0.7414 0.6165007 4.6907
 | 18.5394 66.1119 40.8592 0.8357121 CC1(C)C=CN(C=CC=CC(O)=C2NNC(=O)NC2=O)CCN1C=O 1 O=C1NNC(=CC=CC=CN2C=CCNCC2)C(=O)N1 1.0000000 1.0000 0.7101410 0.7101 0.7096179 4.4179
 | 16.1953 58.9168 54.1622 0.8834297 CN1C(=O)C(=C(O)C=CC=CN2CCNC(=O)C2=O)NC1N 1 O=C1NCCN(C=CC=CC=C2NCNC2=O)C1=O 1.0000000 1.0000 0.8657551 0.8658 0.7063963 4.4281
 | 16.9839 66.4431 -66.4431 0.0000000 CC1CN(C=CC=CC(O)=C2C(=O)NCCNC2=O)CC(O)O1 1 O=C1NCCNC(=O)C1=CC=CC=CN1CCOCC1 1.0000000 1.0000 0.7989919 0.7990 0.6826999 4.5009
 | 10.6392 60.6696 45.3300 0.8281221 CC(=O)OC=c1o[nH]c(=O)c1=C(O)C=CC=CN1C=CC=CC1 1 C=c1o[nH]c(=O)c1=CC=CC=CN1C=CC=CC1 1.0000000 1.0000 0.7003715 0.7004 0.6943879 4.4654
 | 17.5418 56.9275 45.8336 0.8028213 CC(=O)NC1NC(=O)C(=C(O)C=CC=CN2CCNC(=O)C2)C2OC(C)(C)OC12 1 O=C1CN(C=CC=CC=C2C(=O)NCC3OCOC23)CCN1 1.0000000 1.0000 0.7345123 0.7345 0.5757058 4.8012
02:44:31 <INFO> Score: 0.77 Agent NLL: 16.43 Valid: 100% Step: 100
 | Agent Prior Target Score SMILES SMILES_state Scaffold DASA DASA (raw) Solubility Solubility (raw) SA SA (raw)
 | 12.7599 58.9507 47.4323 0.8311169 C=C1CCCN1C=CC=CC(O)=C1C(=O)NC(=O)NC(=O)C1(C)O 1 C=C1CCCN1C=CC=CC=C1CC(=O)NC(=O)NC1=O 1.0000000 1.0000 0.6805661 0.6806 0.7296870 4.3531
 | 12.4002 52.6177 60.4779 0.8835593 CC1CN1C1=CC(=O)C(=C(O)C=CC=CN(CCO)CCO)C(=O)N1 1 C=C1C(=O)C=C(N2CC2)NC1=O 1.0000000 1.0000 0.7991212 0.7991 0.7781347 4.1826
 | 26.3563 69.6400 27.8978 0.7620140 CC1(C)NC(=O)C(C=C2CCC(=C(O)C=CC=CN3CCN(CCO)CC3=O)C(=O)N2)S1 1 O=C1NC(=CC2SCNC2=O)CCC1=CC=CC=CN1CCNCC1=O 1.0000000 1.0000 0.5908784 0.5909 0.6004083 4.7348
 | 12.9356 60.2590 46.0045 0.8301840 CN1CCCN(C=CC=CC(O)=C2C(=O)NC(=O)C(=CN3CCSCC3)C2=O)C1=O 1 O=C1NC(=O)C(=CN2CCSCC2)C(=O)C1=CC=CC=CN1CCCNC1=O 1.0000000 1.0000 0.5958651 0.5959 0.8518338 3.8606
 | 12.1187 49.7371 59.9140 0.8566499 CN1C(=O)C(=C(O)C=CC=CN2CCSCC2)C(O)C1=O 1 O=C1CC(=CC=CC=CN2CCSCC2)C(=O)N1 1.0000000 1.0000 0.7250158 0.7250 0.7679927 4.2202
 | 15.3358 46.6559 66.2088 0.8817562 O=C1NC(=O)C(=C(O)C=CC=CN2CCCCC2CCO)C1=O 1 O=C1NC(=O)C(=CC=CC=CN2CCCCC2)C1=O 1.0000000 1.0000 0.7281680 0.7282 0.8625530 3.8035
 | 13.8290 56.0170 57.7629 0.8889053 CN(C=CC=CC(O)=C1C(=O)NC(=O)ON1C)CCO 1 C=C1NOC(=O)NC1=O 1.0000000 1.0000 0.7880514 0.7881 0.8115729 4.0487
 | 41.4934 83.0306 5.8343 0.6942572 CCCN1CCN(C=CC=CC(O)=C2COC(NOCC)NC2=O)C2CCCCN(C)C21 1 O=C1NCOCC1=CC=CC=CN1CCNC2NCCCCC21 1.0000000 1.0000 0.5152332 0.5152 0.4786093 5.0558
 | 18.5674 68.0081 47.4183 0.9017685 O=C1CNC(CO)C(=C(O)C=CC=CN2CC(O)C2)C(=O)N1 1 O=C1CNCC(=CC=CC=CN2CCC2)C(=O)N1 1.0000000 1.0000 0.8666417 0.8666 0.7691159 4.2161
 | 12.7239 60.2177 51.4932 0.8727413 CN1C(=O)C(=C(O)C=CC=CN2C=CC=CC2)C(=O)N1C(CO)CO 1 O=C1NNC(=O)C1=CC=CC=CN1C=CC=CC1 1.0000000 1.0000 0.7576422 0.7576 0.7877026 4.1459
02:44:31 <INFO> Score: 0.79 Agent NLL: 16.83 Valid: 100% Step: 101
 | Agent Prior Target Score SMILES SMILES_state Scaffold DASA DASA (raw) Solubility Solubility (raw) SA SA (raw)
 | 19.6941 65.0633 49.5937 0.8957575 CN1NC(=O)C(=C(O)C=CC=CN2CN(CCCN)CC([N+](=O)[O-])=C2N)C1=O 1 O=C1NNC(=O)C1=CC=CC=CN1C=CCNC1 1.0000000 1.0000 0.8111673 0.8112 0.8095943 4.0571
 | 13.7960 55.1670 60.3603 0.9025570 CC(C(=O)O)N1C(=O)NC(=O)C(=C(O)C=CC=CN2CC2)C1=O 1 O=C1NC(=O)C(=CC=CC=CN2CC2)C(=O)N1 1.0000000 1.0000 0.7738716 0.7739 0.8842820 3.6752
 | 21.7961 62.4905 45.9823 0.8474438 CCOC(=O)N1CCN(C=CC=CC(O)=C2C=C(Cl)C(=O)NNC2=O)CC1 1 O=C1C=CC(=CC=CC=CN2CCNCC2)C(=O)NN1 1.0000000 1.0000 0.6086132 0.6086 0.9054326 3.5283
 | 17.2101 64.7002 39.4457 0.8136396 CC1=CCN(C=CC=CC(O)=C2C(=O)NC(=O)OC2CO)C(=O)C1O 1 O=C1NC(=O)C(=CC=CC=CN2CC=CCC2=O)CO1 1.0000000 1.0000 0.7549838 0.7550 0.5892364 4.7650
 | 18.9262 71.2196 24.8946 0.7508918 CC=CC=C(C)N1CCN(C=CC=CC(O)=C2C(=O)NC(=O)NC2NCC)C1=O 1 O=C1NCC(=CC=CC=CN2CCNC2=O)C(=O)N1 1.0000000 1.0000 0.5183428 0.5183 0.6605178 4.5664
 | 20.1376 60.4721 35.8600 0.7525947 CC1COCCN1C=CC=CC(O)=C1CC=C2CCCN2NC1=O 1 O=C1NN2CCCC2=CCC1=CC=CC=CN1CCOCC1 1.0000000 1.0000 0.5178682 0.5179 0.6675653 4.5458
 | 22.1475 76.6822 24.4352 0.7899794 O=C1CC(=C(O)C=CC=CN2CC(O)C2)C(=O)NC(=CC2C=CCCC2=O)N1 1 O=C1CC(=CC=CC=CN2CCC2)C(=O)NC(=CC2C=CCCC2=O)N1 1.0000000 1.0000 0.6536026 0.6536 0.6188848 4.6842
 | 20.3678 53.9876 54.2196 0.8453688 CC1(C)C(=O)OC(=C(O)C=CC=CN2CCCNC2)C1=O 1 O=C1CC(=O)C(=CC=CC=CN2CCCNC2)O1 1.0000000 1.0000 0.6451163 0.6451 0.8356578 3.9406
 | 15.8039 63.2814 49.2174 0.8788965 CC(=O)OCCN1NC(=O)C(=C(O)C=CC=CN2CCCCN(C)C2)C1=O 1 O=C1NNC(=O)C1=CC=CC=CN1CCCCNC1 1.0000000 1.0000 0.6985807 0.6986 0.8942905 3.6090
 | 18.3149 81.4074 33.6137 0.8986024 CCn1c(=O)[nH]c(=C2NC(=O)NC2=O)c(=C(O)C=CC=CN2CC2N)c1=O 1 O=C1NC(=O)C(=c2[nH]c(=O)[nH]c(=O)c2=CC=CC=CN2CC2)N1 1.0000000 1.0000 0.8849353 0.8849 0.7390776 4.3217
02:44:32 <INFO> Score: 0.79 Agent NLL: 16.45 Valid: 100% Step: 102
 | Agent Prior Target Score SMILES SMILES_state Scaffold DASA DASA (raw) Solubility Solubility (raw) SA SA (raw)
 | 13.7759 61.5821 50.9776 0.8793727 CN1CNC(=C(O)C=CC=CN2CCC(=O)N2O)C(=O)NC1=O 1 O=C1CCN(C=CC=CC=C2NCNC(=O)NC2=O)N1 1.0000000 1.0000 0.7832499 0.7832 0.7813508 4.1704
 | 11.4511 49.8139 65.4508 0.9005051 CN1NC(=O)C(=C(O)C=CC=CN2CCOCC2)C(=O)N(C)C1=O 1 O=C1NNC(=O)C(=CC=CC=CN2CCOCC2)C(=O)N1 1.0000000 1.0000 0.7489381 0.7489 0.9109760 3.4850
 | 18.4841 72.1674 33.8288 0.8280957 CC1(O)C(=O)C(=c2[nH]c(=O)[nH]c(=O)c2=C(O)C=CC=CN2CCCNC2)OC1CO 1 O=C1CCOC1=c1[nH]c(=O)[nH]c(=O)c1=CC=CC=CN1CCCNC1 1.0000000 1.0000 0.8652738 0.8653 0.5387087 4.8989
 | 15.4612 55.1981 51.5771 0.8341812 CN1CC(O)C(=C(O)C=CC=CN2CC=CC(O)(C(=O)O)C2=O)C1=O 1 O=C1NCCC1=CC=CC=CN1CC=CCC1=O 1.0000000 1.0000 0.8044220 0.8044 0.6063354 4.7186
 | 11.8602 70.6599 41.4822 0.8761095 CN1C(=O)CCN1C=CC=CC(O)=c1c(=O)[nH]c(=CN2CCNC2=O)[nH]c1=O 1 O=C1CCN(C=CC=CC=c2c(=O)[nH]c(=CN3CCNC3=O)[nH]c2=O)N1 1.0000000 1.0000 0.8421092 0.8421 0.7051853 4.4319
 | 26.7957 69.3819 39.6552 0.8518519 CN1C(=O)CCN1C=CC=CC(O)=C1C(=O)NC(C(=O)N2CCOCC2)C1C(=O)O 1 O=C1CCN(C=CC=CC=C2CC(C(=O)N3CCOCC3)NC2=O)N1 1.0000000 1.0000 0.7617353 0.7617 0.7069103 4.4265
 | 10.8526 55.4211 60.2885 0.9039811 NC1=NCCN1C=CC=CC(O)=C1CC(=O)NC(=O)NC1=O 1 O=C1CC(=CC=CC=CN2C=NCC2)C(=O)NC(=O)N1 1.0000000 1.0000 0.8030867 0.8031 0.8514406 3.8626
 | 19.4271 75.6169 28.7574 0.8154239 O=CN1CCN(C=CC=CC(O)=C2NCC(O)CCC(=O)NC2=O)C1=O 1 O=C1CCCCNC(=CC=CC=CN2CCNC2=O)C(=O)N1 1.0000000 1.0000 0.7837143 0.7837 0.5686185 4.8201
 | 12.8500 50.6032 64.1927 0.8968429 C=c1[nH]c(=O)[nH]c(=O)c1=C(O)C=C(O)C=CN1CCCCC1 1 C=c1[nH]c(=O)[nH]c(=O)c1=CC=CC=CN1CCCCC1 1.0000000 1.0000 0.7608339 0.7608 0.8787410 3.7098
 | 12.8727 56.1042 47.9498 0.8129218 O=C1NOCOC1=C(O)C=CC=CN1C=CC=CC1 1 O=C1NOCOC1=CC=CC=CN1C=CC=CC1 1.0000000 1.0000 0.6646076 0.6646 0.6841108 4.4966
02:44:33 <INFO> Score: 0.82 Agent NLL: 16.79 Valid: 100% Step: 103
 | Agent Prior Target Score SMILES SMILES_state Scaffold DASA DASA (raw) Solubility Solubility (raw) SA SA (raw)
 | 20.1705 63.5900 38.7146 0.7992549 O=C1NC(=CN2CCNCC2)CC1=C(O)C=CC=CN1CCC(O)N1 1 O=C1NC(=CN2CCNCC2)CC1=CC=CC=CN1CCCN1 1.0000000 1.0000 0.7555279 0.7555 0.5462327 4.8792
 | 9.5542 59.0246 53.5736 0.8796730 O=C1NN(CCO)C(=O)C1=C(O)C=CC=CN1CC=CO1 1 O=C1NNC(=O)C1=CC=CC=CN1CC=CO1 1.0000000 1.0000 0.8069006 0.8069 0.7550318 4.2667
 | 17.5141 61.8209 49.3170 0.8682647 CN1C(=N)C(=C(O)C=CC=CN2CCOS(=O)(=O)C2)C(=O)NC1=O 1 N=C1NC(=O)NC(=O)C1=CC=CC=CN1CCOS(=O)(=O)C1 1.0000000 1.0000 0.7437549 0.7438 0.7881759 4.1440
 | 21.9805 78.9641 36.0123 0.8982529 O=C1CNCCN1C=c1sc(=C(O)C=CC=CN2CC(=O)N(CCO)C2)c(=O)[nH]c1=O 1 O=C1CN(C=CC=CC=c2sc(=CN3CCNCC3=O)c(=O)[nH]c2=O)CN1 1.0000000 1.0000 0.8655675 0.8656 0.7577276 4.2572
 | 32.0707 95.2968 7.7123 0.8047586 COC(O)NC1=NC(=O)C(O)C(=C(O)C=CC=CN2CCOC(OC)C2)C(=O)NC1=O 1 O=C1CC(=CC=CC=CN2CCOCC2)C(=O)NC(=O)C=N1 1.0000000 1.0000 0.8402349 0.8402 0.4948969 5.0133
 | 18.1376 54.1364 56.0655 0.8609527 CN1C(=O)C(=C(O)C=CC=CN2CC2)N=CC1O 1 O=C1NCC=NC1=CC=CC=CN1CC1 1.0000000 1.0000 0.7857303 0.7857 0.7121718 4.4098
 | 10.4922 52.8371 -52.8371 0.0000000 NC1=NC(=O)NC(=O)C1=C(O)C=CC=CN1CCN=C1N 1 O=C1N=CC(=CC=CC=CN2C=NCC2)C(=O)N1 1.0000000 1.0000 0.8206786 0.8207 0.8385461 3.9268
 | 21.2285 62.3742 54.6135 0.9139665 O=C(O)CN1CN(C=CC=CC(O)=C2C(=O)NCC(=O)NC2=O)C1=S 1 O=C1CNC(=O)C(=CC=CC=CN2CNC2=S)C(=O)N1 1.0000000 1.0000 0.8211221 0.8211 0.8681961 3.7720
 | 22.4798 64.3678 51.7577 0.9072304 Cn1c(=CCO)c(O)nc(=C(O)C=CC=CN2CCN(C=O)CC2)c1=O 1 C=c1cnc(=CC=CC=CN2CCNCC2)c(=O)[nH]1 1.0000000 1.0000 0.8527169 0.8527 0.8043555 4.0790
 | 11.1730 64.1528 45.8703 0.8595557 CC1NC(=O)CN(C=CC=CC(O)=C2C(=O)NN(CCO)C2=O)O1 1 O=C1CN(C=CC=CC=C2C(=O)NNC2=O)OCN1 1.0000000 1.0000 0.8436231 0.8436 0.6494902 4.5982
02:44:33 <INFO> Score: 0.82 Agent NLL: 15.90 Valid: 100% Step: 104
 | Agent Prior Target Score SMILES SMILES_state Scaffold DASA DASA (raw) Solubility Solubility (raw) SA SA (raw)
 | 11.0673 55.0807 52.5415 0.8407982 O=C1C=C(N2CCOCC2)NC(=O)C1=C(O)C=CC=CN1C=CC=CC1 1 O=C1C=C(N2CCOCC2)NC(=O)C1=CC=CC=CN1C=CC=CC1 1.0000000 1.0000 0.6184145 0.6184 0.8593498 3.8210
 | 21.7279 68.8118 30.0574 0.7724159 CCN1C(=O)C(=C(O)C=CC=CN2CCC=C(C)O2)C(O)NC1=S 1 O=C1NC(=S)NCC1=CC=CC=CN1CCC=CO1 1.0000000 1.0000 0.5824134 0.5824 0.6466920 4.6062
 | 24.4902 96.3109 4.0821 0.7843199 Cn1c(=O)c(=C(O)C=CC=CN2CCCN(O)CC2)c(=O)[nH]c(=O)c1=C(O)C=CC=CN1CCc2ccccc2C1 1 O=c1[nH]c(=O)c(=CC=CC=CN2CCCNCC2)c(=O)[nH]c1=CC=CC=CN1CCc2ccccc2C1 1.0000000 1.0000 0.5231770 0.5232 0.7843198 4.1590
 | 12.7520 69.4300 46.6201 0.9066415 Cn1c(=C(O)O)c(=O)[nH]c(=O)c1=C(O)C=CC=CN1CCC(O)CC1 1 C=c1[nH]c(=CC=CC=CN2CCCCC2)c(=O)[nH]c1=O 1.0000000 1.0000 0.8096273 0.8096 0.8536648 3.8511
 | 12.5620 61.5367 49.9104 0.8706802 CN1C(=O)C(=C(O)C=CC=CN2CCN=C2CCl)C(=O)N1CCO 1 O=C1NNC(=O)C1=CC=CC=CN1C=NCC1 1.0000000 1.0000 0.7367739 0.7368 0.8065018 4.0701
 | 11.2139 57.8723 53.8169 0.8725719 CN(O)C=CC=CC(O)=C1OC(=O)NC(=S)NC1=O 1 C=C1OC(=O)NC(=S)NC1=O 1.0000000 1.0000 0.7409931 0.7410 0.8083288 4.0625
 | 11.1768 58.4151 57.7952 0.9078925 NC1=NCN(C=CC=CC(O)=C2C(=O)NCCNC2=O)C(=O)N1 1 O=C1NCCNC(=O)C1=CC=CC=CN1CN=CNC1=O 1.0000000 1.0000 0.8436490 0.8436 0.8172417 4.0243
 | 15.5132 64.6657 50.5188 0.8998791 O=c1[nH]c(=O)c(=C(O)C=CC=CN2CCOCC2)sc1=CN1CCNCC1 1 O=c1[nH]c(=O)c(=CN2CCNCC2)sc1=CC=CC=CN1CCOCC1 1.0000000 1.0000 0.7891166 0.7891 0.8531080 3.8540
 | 21.0459 61.8607 -61.8441 0.0001296 CC(=O)NCCn1ccccc(O)c(C(=O)O)c(=O)n1-c1ccccc1 1 O=c1cccccc[nH]n1-c1ccccc1 0.0000000 0.0000 0.5535693 0.5536 0.9565637 2.9857
 | 16.3002 60.6906 43.6722 0.8153346 O=C1NC(=O)C(=C(O)C=CC=CN2CC(O)C2)C(NC2CCCCCCC2)N1 1 O=C1NC(=O)C(=CC=CC=CN2CCC2)C(NC2CCCCCCC2)N1 1.0000000 1.0000 0.5675877 0.5676 0.8370880 3.9338
02:44:34 <INFO> Score: 0.83 Agent NLL: 16.56 Valid: 100% Step: 105
 | Agent Prior Target Score SMILES SMILES_state Scaffold DASA DASA (raw) Solubility Solubility (raw) SA SA (raw)
 | 15.0837 54.2177 49.7669 0.8123801 C=C1CNCN1C=CC=CC(O)=C1C(=O)NNC1O 1 C=C1CNCN1C=CC=CC=C1CNNC1=O 1.0000000 1.0000 0.8292102 0.8292 0.5231081 4.9397
 | 12.1599 58.4501 53.6824 0.8760352 O=C1NCCNC(=O)C1=C(O)C=CC=CN1CCC=C(O)C1 1 O=C1NCCNC(=O)C1=CC=CC=CN1CC=CCC1 1.0000000 1.0000 0.7296839 0.7297 0.8371992 3.9332
 | 14.7686 62.9420 50.4012 0.8854945 NC1(CO)CCN(C=CC=CC(O)=C2C(=O)NNC(=O)NC2=O)C1 1 O=C1NNC(=O)C(=CC=CC=CN2CCCC2)C(=O)N1 1.0000000 1.0000 0.8546398 0.8546 0.7245041 4.3701
 | 10.1202 59.6295 54.2413 0.8896160 NC1=CNC(=O)C1=C(O)C=CC=CN1CCN=C1N 1 O=C1NC=CC1=CC=CC=CN1C=NCC1 1.0000000 1.0000 0.8170437 0.8170 0.7797520 4.1764
 | 12.6505 59.3837 50.5264 0.8586724 CC1NC(=O)C(=C(O)C=CC=CN2CCOCC2=O)C(=O)NC1O 1 O=C1NCCNC(=O)C1=CC=CC=CN1CCOCC1=O 1.0000000 1.0000 0.8198896 0.8199 0.6692203 4.5410
 | 12.8328 53.8347 59.4957 0.8853937 CN1C(=O)C(=C(O)C=CC=CN2CCC(O)CC2)C(=O)N1CCCCO 1 O=C1NNC(=O)C1=CC=CC=CN1CCCCC1 1.0000000 1.0000 0.7132875 0.7133 0.8996124 3.5714
 | 14.2229 50.9244 64.1684 0.8991627 O=C1NC(=O)C(=C(O)C=CC=CN2CCOC(CCO)C2)C(=O)N1 1 O=C1NC(=O)C(=CC=CC=CN2CCOCC2)C(=O)N1 1.0000000 1.0000 0.7926993 0.7927 0.8456499 3.8920
 | 23.5553 62.3131 41.6110 0.8119070 NS(=O)(=O)N1C=CN(C=CC=CC(O)=C2C(=O)OC(CO)C2O)CC1 1 O=C1OCCC1=CC=CC=CN1C=CNCC1 1.0000000 1.0000 0.8256568 0.8257 0.5245260 4.9360
 | 10.6526 49.0735 49.7809 0.7722997 O=C1Nc2ccccc2OCC1=C(O)C=CC=CN1CCC1 1 O=C1Nc2ccccc2OCC1=CC=CC=CN1CCC1 1.0000000 1.0000 0.4251762 0.4252 0.9427964 3.1745
 | 19.9416 65.9772 46.0901 0.8755253 NCC(=O)NC1CNC(=O)C(=C(O)C=CC=CN2CCSCC2=O)C(=O)N1 1 O=C1NCCNC(=O)C1=CC=CC=CN1CCSCC1=O 1.0000000 1.0000 0.8332455 0.8332 0.7121985 4.4097
02:44:35 <INFO> Score: 0.76 Agent NLL: 16.04 Valid: 100% Step: 106
 | Agent Prior Target Score SMILES SMILES_state Scaffold DASA DASA (raw) Solubility Solubility (raw) SA SA (raw)
 | 16.4863 55.2219 55.1433 0.8622283 O=C1NC(O)(CO)C(O)C1=C(O)C=CC=CN1CCOCC1=O 1 O=C1NCCC1=CC=CC=CN1CCOCC1=O 1.0000000 1.0000 0.8707356 0.8707 0.6335050 4.6435
 | 21.8778 73.9082 34.5296 0.8471706 NC(CO)C(O)OCCN1NC(=O)C(=C(O)C=CC=CN2CCCNC2)C1=O 1 O=C1NNC(=O)C1=CC=CC=CN1CCCNC1 1.0000000 1.0000 0.8741323 0.8741 0.5855784 4.7748
 | 17.7654 58.0743 47.5699 0.8253458 C=c1[nH]c(=O)[nH]c(=O)c1=C(O)C=CC=CN1CCC2CCCCC21 1 C=c1[nH]c(=O)[nH]c(=O)c1=CC=CC=CN1CCC2CCCCC21 1.0000000 1.0000 0.6728860 0.6729 0.7183583 4.3900
 | 27.9490 80.7811 10.9693 0.7167997 CC(O)N1NC(=O)C(=C(O)C=CC=CN2CCSCC2SCO)C1O 1 O=C1NNCC1=CC=CC=CN1CCSCC1 1.0000000 1.0000 0.7208710 0.7209 0.3657985 5.3585
 | 23.7489 65.6463 29.9137 0.7465624 O=C1CNC2(N1)NC(=O)NC(=O)C2=C(O)C=CC=CN1CC=CC=CC1 1 O=C1CNC2(N1)NC(=O)NC(=O)C2=CC=CC=CN1CC=CC=CC1 1.0000000 1.0000 0.7533158 0.7533 0.4116283 5.2327
 | 12.0413 47.9492 69.5237 0.9177566 CN(C=CC=CC(O)=C1C(=O)N=C(N2CCOCC2)NC1=O)CCO 1 C=C1C(=O)N=C(N2CCOCC2)NC1=O 1.0000000 1.0000 0.7966532 0.7967 0.9160779 3.4429
 | 14.9460 54.9209 55.6273 0.8636580 O=C1N=C(N2CCSCC2)NC(=O)C1=C(O)C=CC=CN1CCNC1=S 1 O=C1N=C(N2CCSCC2)NC(=O)C1=CC=CC=CN1CCNC1=S 1.0000000 1.0000 0.6791514 0.6792 0.8595590 3.8198
 | 25.7042 68.5249 30.5298 0.7738645 N#CC1C(=N)C2(NC(=O)NC2=O)C(=O)NC(=O)C1=C(O)C=CC=CN1CCCCC1 1 N=C1CC(=CC=CC=CN2CCCCC2)C(=O)NC(=O)C12NC(=O)NC2=O 1.0000000 1.0000 0.6963711 0.6964 0.5259978 4.9322
 | 29.5676 75.7927 26.9425 0.8026186 CCN1CN(C=CC=CC(O)=C2C(=O)NC(=O)C(C)C(NO)C2O)CCC1=O 1 O=C1CCN(C=CC=CC=C2CCCC(=O)NC2=O)CN1 1.0000000 1.0000 0.7521904 0.7522 0.5589147 4.8458
 | 15.7948 54.4055 61.0051 0.9016452 O=C1NC(=O)C(=C(O)C=CC=CN2CCN(CCO)CC2)C(N2CCNCC2)N1 1 O=C1NC(=O)C(=CC=CC=CN2CCNCC2)C(N2CCNCC2)N1 1.0000000 1.0000 0.8066822 0.8067 0.8377354 3.9307
02:44:35 <INFO> Score: 0.78 Agent NLL: 17.72 Valid: 100% Step: 107
 | Agent Prior Target Score SMILES SMILES_state Scaffold DASA DASA (raw) Solubility Solubility (raw) SA SA (raw)
 | 17.3249 53.1755 37.9031 0.7115514 CC(C=CN1CCCCC1)=CC(O)=C1Nc2ccccc2C(=O)NC1=O 1 O=C1NC(=O)c2ccccc2NC1=CC=CC=CN1CCCCC1 1.0000000 1.0000 0.3187953 0.3188 0.9441743 3.1577
 | 8.4389 51.8991 64.0226 0.9056382 C=c1[nH]c(=O)c(=C(O)C=CC=CN2CCNC(=O)C2)n1C 1 C=c1[nH]c(=O)c(=CC=CC=CN2CCNC(=O)C2)[nH]1 1.0000000 1.0000 0.8505998 0.8506 0.8008287 4.0935
 | 11.8377 50.6411 64.4038 0.8987884 CC1=CNC(=O)C(=C(O)C=CC=CN(C)CCO)C(=O)N1 1 C=C1C(=O)NC=CNC1=O 1.0000000 1.0000 0.7793767 0.7794 0.8615180 3.8092
 | 17.8944 65.0101 42.9407 0.8433659 O=C1NCN(C=CC=CC(O)=C2C(=O)NC(=O)C(=O)C(O)C2O)C(=S)N1 1 O=C1NCN(C=CC=CC=C2CCC(=O)C(=O)NC2=O)C(=S)N1 1.0000000 1.0000 0.8508752 0.8509 0.5935103 4.7534
 | 19.1889 60.9352 50.9610 0.8741887 COC(=O)NC1=NNC(=O)C1=C(O)C=CC=CN1CCOCC1C(=O)O 1 O=C1NN=CC1=CC=CC=CN1CCOCC1 1.0000000 1.0000 0.7584873 0.7585 0.7921433 4.1284
 | 22.0136 69.1108 34.2788 0.8077312 N=C1C(C(=O)O)C=CCN1C=CC=CC(O)=C1C(=O)NCC(O)NC1=O 1 N=C1CC=CCN1C=CC=CC=C1C(=O)NCCNC1=O 1.0000000 1.0000 0.7930742 0.7931 0.5386965 4.8990
 | 16.3501 61.3995 46.6051 0.8437857 NC1C(=O)N(C=CC=CC(O)=c2sc(=C3C(=O)NC(=O)NC3=O)[nH]c2=O)CC1CO 1 O=C1NC(=O)C(=c2[nH]c(=O)c(=CC=CC=CN3CCCC3=O)s2)C(=O)N1 1.0000000 1.0000 0.8783288 0.8783 0.5725145 4.8097
 | 31.0815 75.7846 29.1339 0.8196765 CCN1CN(C=CC=CC(O)=C2C(=O)NCCCNC2C(=O)O)CC1NO 1 O=C1NCCCNCC1=CC=CC=CN1CCNC1 1.0000000 1.0000 0.7711302 0.7711 0.5925774 4.7559
 | 36.1708 79.5595 29.0235 0.8483043 C=CC1CCN(C)CN1C=CC=CC(O)=C1C(=O)NN(CCCNCCCNCC(=O)O)C1=O 1 O=C1NNC(=O)C1=CC=CC=CN1CCCNC1 1.0000000 1.0000 0.7190771 0.7191 0.7443660 4.3037
 | 9.7497 55.9470 -55.9470 0.0000000 C=c1[nH]c(=O)c(=C(O)C=CC=CN2CCCNC2)n1C 1 C=c1[nH]c(=O)c(=CC=CC=CN2CCCNC2)[nH]1 1.0000000 1.0000 0.8114470 0.8114 0.7851699 4.1557
02:44:36 <INFO> Score: 0.77 Agent NLL: 18.23 Valid: 100% Step: 108
 | Agent Prior Target Score SMILES SMILES_state Scaffold DASA DASA (raw) Solubility Solubility (raw) SA SA (raw)
 | 11.7165 57.0966 52.7563 0.8582260 Cn1c(=CC=CN2CCOCC2)[nH]c(=O)c1=C(O)C=CC=CN1CCCC1 1 O=c1[nH]c(=CC=CN2CCOCC2)[nH]c1=CC=CC=CN1CCCC1 1.0000000 1.0000 0.6894870 0.6895 0.8220451 4.0031
 | 19.9005 61.6103 45.5873 0.8374812 CCCN1CN(C=CC=CC(O)=C2C=NC(=O)NC2=O)OC(N)=N1 1 O=C1N=CC(=CC=CC=CN2CNN=CO2)C(=O)N1 1.0000000 1.0000 0.7181925 0.7182 0.7063276 4.4283
 | 14.4883 57.9977 54.7594 0.8809151 C=C1CN(C=CC=CC(O)=C2C(=O)NC(=O)C(O)NC2=O)C1 1 C=C1CN(C=CC=CC=C2C(=O)NCC(=O)NC2=O)C1 1.0000000 1.0000 0.8285225 0.8285 0.7357966 4.3328
 | 24.1283 73.9390 30.6445 0.8170587 O=c1[nH]c(=C(O)C=CN2CCOC(CO)C2)sc1=C(O)C=CC=CN1CCCNCC1 1 O=c1[nH]c(=CC=CN2CCOCC2)sc1=CC=CC=CN1CCCNCC1 1.0000000 1.0000 0.7103080 0.7103 0.6452494 4.6103
 | 28.5201 87.0403 15.5800 0.8017211 COCCN=C1C(=O)C(=C(O)C=CC=CN2CCOCC2)NC(=O)C1=C(O)C=CC=CN(C)O 1 C=C1C(=N)C(=O)C(=CC=CC=CN2CCOCC2)NC1=O 1.0000000 1.0000 0.5665771 0.5666 0.7816044 4.1694
 | 22.9222 67.2549 20.1172 0.6825940 COC1=CC2(C=CC1=O)ON(C=CC=CC(O)=C1C(=O)NC(=O)C(C)NC1=O)CC2C 1 O=C1C=CC2(C=C1)CCN(C=CC=CC=C1C(=O)NCC(=O)NC1=O)O2 1.0000000 1.0000 0.6423438 0.6423 0.3421066 5.4260
 | 12.0940 60.0710 52.6362 0.8805251 CC1=CCN(C=CC=CC(O)=C2C(=O)NN(CCO)C2=O)C(=O)C1 1 O=C1NNC(=O)C1=CC=CC=CN1CC=CCC1=O 1.0000000 1.0000 0.7530503 0.7531 0.8236192 3.9961
 | 18.3965 67.7430 35.1092 0.8035330 C=C1NC(=O)C(=C(O)C=CC=CN2CNC(=O)C2C)CCO1 1 C=C1NC(=O)C(=CC=CC=CN2CNC(=O)C2)CCO1 1.0000000 1.0000 0.6950535 0.6951 0.6174387 4.6882
 | 18.8599 62.4960 42.1516 0.8175597 CCCOC=NC1NC(=O)NC(=O)C1=C(O)C=CC=CN1CCCC1=O 1 O=C1NCC(=CC=CC=CN2CCCC2=O)C(=O)N1 1.0000000 1.0000 0.6384512 0.6385 0.7352389 4.3346
 | 16.7705 53.2546 62.5646 0.9048376 COC=c1[nH]c(=O)[nH]c(=O)c1=C(O)C=CC=CN(C)OCCCO 1 C=c1[nH]c(=O)[nH]c(=O)c1=C 1.0000000 1.0000 0.8448859 0.8449 0.8043387 4.0791
02:44:36 <INFO> Sampled SMILES N1C(=O)C(=C(O)C=CC=CN2CCC(O)CC2)C(=O)N1C1ON=C(OC)(O)C1=O failed to sanitize.
02:44:37 <INFO> Score: 0.77 Agent NLL: 15.90 Valid:  99% Step: 109
 | Agent Prior Target Score SMILES SMILES_state Scaffold DASA DASA (raw) Solubility Solubility (raw) SA SA (raw)
 | 13.5868 60.0195 49.4066 0.8548909 C=C1C(=O)NC(=O)C(=C(O)C=CC=CN2CCC(=O)N2C)C1O 1 C=C1CC(=CC=CC=CN2CCC(=O)N2)C(=O)NC1=O 1.0000000 1.0000 0.7769373 0.7769 0.7007479 4.4457
 | 20.8783 69.2950 33.9264 0.8064167 CC1CN(C=CC=CC(O)=C2C(=O)NC(N)COC2=O)CC(O)O1 1 O=C1NCCOC(=O)C1=CC=CC=CN1CCOCC1 1.0000000 1.0000 0.8077001 0.8077 0.5234194 4.9389
 | 30.3288 80.3318 27.6536 0.8436358 COC(=O)CCN1N=C(C)C(=C(O)C=CC=CN2CCC(C(=O)O)C(=O)N2)C(=O)NC1=O 1 O=C1CCCN(C=CC=CC=C2C=NNC(=O)NC2=O)N1 1.0000000 1.0000 0.6964733 0.6965 0.7557283 4.2643
 | 16.4152 67.9217 49.0178 0.9135896 CN1C(=O)NC(=O)CN1C=CC=CC(O)=C1C(=O)NNC(=O)NC1=O 1 O=C1CN(C=CC=CC=C2C(=O)NNC(=O)NC2=O)NC(=O)N1 1.0000000 1.0000 0.8429834 0.8430 0.8397924 3.9208
 | 14.6659 55.4723 53.5825 0.8519900 C=C1NCCN1C=CC=CC(O)=C1CCNN(C)C1=O 1 C=C1NCCN1C=CC=CC=C1CCNNC1=O 1.0000000 1.0000 0.7190411 0.7190 0.7580895 4.2559
 | 18.7577 60.8306 47.0958 0.8431747 CC=C1CCCN1C=CC=CC(O)=c1oc(=CC=O)c(=O)n(C)c1=O 1 C=C1CCCN1C=CC=CC=c1oc(=C)c(=O)[nH]c1=O 1.0000000 1.0000 0.7073478 0.7073 0.7401065 4.3183
 | 13.8855 59.2465 53.2210 0.8786522 CC1NC(=O)C(=C(O)C=CC=CN2CCOCC2CO)C(=O)NC1=O 1 O=C1CNC(=O)C(=CC=CC=CN2CCOCC2)C(=O)N1 1.0000000 1.0000 0.8155178 0.8155 0.7418419 4.3124
 | 14.5815 69.7988 36.3653 0.8294074 C=C1NC(=O)C(=C(O)C=CC=CN2C=CN(CCO)CC2)C(=C)N1C 1 C=C1NC(=C)C(=CC=CC=CN2C=CNCC2)C(=O)N1 1.0000000 1.0000 0.6483206 0.6483 0.7667917 4.2246
 | 19.2187 58.5927 52.5642 0.8684132 CC(O)=C1C(=O)C(=C(O)C=CC=CN(CCO)CCO)C(=O)NC1(C)C 1 C=C1CNC(=O)C(=C)C1=O 1.0000000 1.0000 0.6993169 0.6993 0.8492628 3.8738
 | 15.0956 52.8101 59.3055 0.8759030 CN(O)C=CC=CC(O)=C1C(=O)NN(CCOCCN=[N+]=[N-])C1=O 1 C=C1C(=O)NNC1=O 1.0000000 1.0000 0.7396706 0.7397 0.8231317 3.9983
02:44:37 <INFO> Sampled SMILES O=C1NC(=O)C(=C(O)C=CC=CN2CCC=C)(O)N(CO)C(=O)NC2N1 failed to sanitize.
02:44:37 <INFO> Score: 0.76 Agent NLL: 16.03 Valid:  99% Step: 110
 | Agent Prior Target Score SMILES SMILES_state Scaffold DASA DASA (raw) Solubility Solubility (raw) SA SA (raw)
 | 28.9224 74.5979 -74.5979 0.0000000 O=C1NC(=O)C(=C(O)C=CC=CN2CCC=C)(O)N(CO)C(=O)NC2N1 0 -- 0.0000000 0.0000 0.0000000 0.0000 0.0000000 0.0000
 | 12.2413 60.2472 56.1483 0.9093404 CN1CCCN(C=CC=CC(O)=c2c(=O)[nH]c(=C3C(=O)NC(=O)NC3=O)n(C)c2=O)C1=O 1 O=C1NC(=O)C(=c2[nH]c(=O)c(=CC=CC=CN3CCCNC3=O)c(=O)[nH]2)C(=O)N1 1.0000000 1.0000 0.8389103 0.8389 0.8283096 3.9748
 | 16.8058 69.3477 44.4431 0.8889906 Cn1c(=C(O)CO)oc(=C(O)C=CC=CN2CNC(=O)C2)c1=O 1 C=c1[nH]c(=O)c(=CC=CC=CN2CNC(=O)C2)o1 1.0000000 1.0000 0.8668797 0.8669 0.7241317 4.3713
 | 22.3185 60.9957 38.6639 0.7785912 CC1(O)NNC(=O)C1=C(O)C=CC=CN1CCC=CC1O 1 O=C1NNCC1=CC=CC=CN1CC=CCC1 1.0000000 1.0000 0.7740139 0.7740 0.4753367 5.0643
 | 15.9602 66.7500 28.2556 0.7422313 CC=CC=C(C)N1CCN(C=CC=CC(O)=C2C(=O)NN=C2C)C1=O 1 O=C1NN=CC1=CC=CC=CN1CCNC1=O 1.0000000 1.0000 0.4335283 0.4335 0.7795498 4.1772
 | 18.2774 56.2412 50.9048 0.8370783 COC1=NC(=O)C(=C(O)C=CC=CN2CC=C(C)CC2=O)C(=O)N1C 1 O=C1N=CNC(=O)C1=CC=CC=CN1CC=CCC1=O 1.0000000 1.0000 0.6264366 0.6264 0.8305485 3.9645
 | 21.4028 68.5426 35.9133 0.8160615 CC(O)=C1NNC(=O)C(=C(O)C=CC=CN2CCc3ccccc3C2)C(=O)N1 1 C=C1NNC(=O)C(=CC=CC=CN2CCc3ccccc3C2)C(=O)N1 1.0000000 1.0000 0.5373494 0.5373 0.8972799 3.5881
 | 20.9854 68.4111 36.5898 0.8203190 CC1=CCN(C=CC=CC(O)=C2NC(=O)NN(C)C2=O)C=C1 1 O=C1NNC(=O)C(=CC=CC=CN2C=CC=CC2)N1 1.0000000 1.0000 0.6314302 0.6314 0.7556787 4.2644
 | 10.0093 52.4424 -52.4424 0.0000000 O=C1NC(O)C(O)C1=C(O)C=CC=CN1CCCN1 1 O=C1NCCC1=CC=CC=CN1CCCN1 1.0000000 1.0000 0.8448527 0.8449 0.5425712 4.8888
 | 13.9506 64.4163 47.7371 0.8761986 O=C1CN(C=CC=CC(O)=C2C(=O)NN(C3CCONC3=O)C2=O)CC(=O)N1 1 O=C1CN(C=CC=CC=C2C(=O)NN(C3CCONC3=O)C2=O)CC(=O)N1 1.0000000 1.0000 0.8591014 0.8591 0.6887752 4.4825
02:44:38 <INFO> Sampled SMILES O=C1NC(=O)C(=C(O)C=CC=CN2CC(C)(C)C[N+](=C)(N)C2)C(=O)NC1 failed to sanitize.
02:44:38 <INFO> Sampled SMILES N1C(=O)C(=C(O)C=CC=CN2CN(C)C(=O)C2)n2c1CCCCC2 failed to sanitize.
02:44:38 <INFO> Score: 0.79 Agent NLL: 18.20 Valid:  98% Step: 111
 | Agent Prior Target Score SMILES SMILES_state Scaffold DASA DASA (raw) Solubility Solubility (raw) SA SA (raw)
 | 12.5057 52.8031 54.0820 0.8350399 O=C1NC=C(CO)C(O)C1=C(O)C=CC=CN1CCSCC1 1 O=C1NC=CCC1=CC=CC=CN1CCSCC1 1.0000000 1.0000 0.7220704 0.7221 0.6932262 4.4689
 | 17.1920 56.4415 54.3275 0.8653835 O=C1NC(=O)C(C=CCO)NC(=O)C1=C(O)C=CC=CN1CCCCC1 1 O=C1CNC(=O)C(=CC=CC=CN2CCCCC2)C(=O)N1 1.0000000 1.0000 0.7237762 0.7238 0.8030657 4.0844
 | 15.4880 59.4489 45.3170 0.8184836 C=C1NC(=O)C(=C(O)C=CC=CN2CC(=O)NC(C)C2)CO1 1 C=C1NC(=O)C(=CC=CC=CN2CCNC(=O)C2)CO1 1.0000000 1.0000 0.7259659 0.7260 0.6332024 4.6443
 | 17.3280 53.9837 48.6179 0.8015744 O=C1OCCC(O)C1=C(O)C=CC=CN1C=CC=CC1 1 O=C1OCCCC1=CC=CC=CN1C=CC=CC1 1.0000000 1.0000 0.6177064 0.6177 0.7040858 4.4353
 | 14.2659 64.5285 50.1855 0.8962033 C=C1CN(CCO)CCN1C=CC=CC(O)=C1C(=O)NC(=O)NN(C)C1=O 1 C=C1CNCCN1C=CC=CC=C1C(=O)NNC(=O)NC1=O 1.0000000 1.0000 0.7756329 0.7756 0.8560910 3.8384
 | 11.5478 48.0394 68.0354 0.9068340 CN1C(=O)NC(=O)C1=C(O)C=CC=CN1CC(O)C1 1 O=C1NC(=O)C(=CC=CC=CN2CCC2)N1 1.0000000 1.0000 0.7984033 0.7984 0.8688602 3.7682
 | 19.6960 72.1180 35.6784 0.8421601 CC(O)=C1C(=O)N(C)C(=C(O)C=CC=CN2CCCC2)C(=O)NC(=O)C1N 1 C=C1CC(=O)NC(=O)C(=CC=CC=CN2CCCC2)NC1=O 1.0000000 1.0000 0.6851181 0.6851 0.7651366 4.2306
 | 17.8882 77.5182 30.4764 0.8437081 CC1=C(O)C(=C(O)C=CC=CN2CCN(C=O)C2=O)C(=O)NC(=NN2CCN(C)CC2)C1=O 1 O=C1C=CC(=CC=CC=CN2CCNC2=O)C(=O)NC1=NN1CCNCC1 1.0000000 1.0000 0.6692401 0.6692 0.7930655 4.1248
 | 27.1316 88.4810 -88.4810 0.0000000 O=C1NC(=O)C(=C(O)C=CC=CN2CC(C)(C)C[N+](=C)(N)C2)C(=O)NC1 0 -- 0.0000000 0.0000 0.0000000 0.0000 0.0000000 0.0000
 | 20.5889 62.0459 -62.0459 0.0000000 N1C(=O)C(=C(O)C=CC=CN2CN(C)C(=O)C2)n2c1CCCCC2 0 -- 0.0000000 0.0000 0.0000000 0.0000 0.0000000 0.0000
02:44:38 <INFO> Sampled SMILES N1C(=O)C(=C(O)C=CC=CN2CCO(C)C(=O)C2=O)SC1=C(O)Cn1ccnc1 failed to sanitize.
02:44:39 <INFO> Score: 0.74 Agent NLL: 17.12 Valid:  99% Step: 112
 | Agent Prior Target Score SMILES SMILES_state Scaffold DASA DASA (raw) Solubility Solubility (raw) SA SA (raw)
 | 18.5770 53.1730 45.8560 0.7736644 C=C1CNN(C=CC=CC(O)=C2C(=O)Nc3ccc(NC(C)=O)cc32)C1 1 C=C1CNN(C=CC=CC=C2C(=O)Nc3ccccc32)C1 1.0000000 1.0000 0.4465227 0.4465 0.8955888 3.6000
 | 16.2047 60.7273 38.5678 0.7757429 NC1=NCN(C=CC=CC(O)=C2C(=O)NC(N)C(O)C2O)CN1 1 O=C1NCCCC1=CC=CC=CN1CN=CNC1 1.0000000 1.0000 0.8982165 0.8982 0.3915233 5.2872
 | 15.8757 63.9916 32.8247 0.7563776 C=C(C)N1C=CN(C=CC=CC(O)=C2C(=O)N(C)C(O)C2O)CC1 1 O=C1NCCC1=CC=CC=CN1C=CNCC1 1.0000000 1.0000 0.6837717 0.6838 0.4884374 5.0301
 | 24.9024 63.4562 42.4359 0.8272824 CN1CCN(C2=CCC(=C(O)C=CC=CN3CC(O)CC3C(=O)O)C2=O)CC1 1 O=C1C(=CC=CC=CN2CCCC2)CC=C1N1CCNCC1 1.0000000 1.0000 0.6646292 0.6646 0.7362927 4.3311
 | 16.8968 60.9812 46.1017 0.8365853 CN1C(O)CCN1C=CC=CC(O)=C1C(=O)NC(=O)C1CO 1 O=C1CC(=CC=CC=CN2CCCN2)C(=O)N1 1.0000000 1.0000 0.8220966 0.8221 0.5979097 4.7415
 | 14.5802 55.6954 58.2380 0.8901050 O=C1NC(=O)N(CCOCCO)C(=O)C1=C(O)C=CC=CN1CC=CCC1 1 O=C1NC(=O)C(=CC=CC=CN2CC=CCC2)C(=O)N1 1.0000000 1.0000 0.7204813 0.7205 0.9088787 3.5017
 | 31.6976 80.4870 28.9356 0.8548641 CC1CN1C=CC=CC(O)=C1N=C(CN2CCNCC2=O)N(CCCCO)NC1=O 1 O=C1NNC(CN2CCNCC2=O)=NC1=CC=CC=CN1CC1 1.0000000 1.0000 0.7572654 0.7573 0.7225534 4.3765
 | 11.7370 47.4237 64.9057 0.8775738 CN1NC(=O)C(=C(O)C=C(O)C=CN2CCCCC2)C1=O 1 O=C1NNC(=O)C1=CC=CC=CN1CCCCC1 1.0000000 1.0000 0.6950502 0.6951 0.8940706 3.6105
 | 16.9656 60.2349 57.3312 0.9184852 C=c1[nH]c(=O)[nH]c(=O)c1=C(O)C=CC=CN1CC(=O)N(CCCCN)C1=O 1 C=c1[nH]c(=O)[nH]c(=O)c1=CC=CC=CN1CC(=O)NC1=O 1.0000000 1.0000 0.8343702 0.8344 0.8695060 3.7645
 | 16.7022 79.9498 21.1391 0.7897568 CN(C)C=CC=CC(O)=C1C(CO)NC(=O)C(=C(O)C=CC=CN2CCOCC2)N1C 1 C=C1CNC(=O)C(=CC=CC=CN2CCOCC2)N1 1.0000000 1.0000 0.5999900 0.6000 0.6850138 4.4939
02:44:39 <INFO> Score: 0.81 Agent NLL: 16.83 Valid: 100% Step: 113
 | Agent Prior Target Score SMILES SMILES_state Scaffold DASA DASA (raw) Solubility Solubility (raw) SA SA (raw)
 | 12.0485 50.4809 67.7416 0.9236127 O=C1CC(=C(O)C=CC=CN(CCO)CCO)C(=O)NC(=O)N1 1 C=C1CC(=O)NC(=O)NC1=O 1.0000000 1.0000 0.8358171 0.8358 0.8882273 3.6497
 | 25.4305 68.2893 32.1961 0.7850422 COC(=O)C=c1[nH]c(=O)c(=C(O)C=CC=CN2CC=CC(C(=O)O)C2NO)n1C 1 C=c1[nH]c(=O)c(=CC=CC=CN2CC=CCC2)[nH]1 1.0000000 1.0000 0.8110267 0.8110 0.4652736 5.0906
 | 18.9727 56.0924 44.1646 0.7832578 O=C1Nc2sccc2C(O)C1=C(O)C=CC=CN1CCOCC1 1 O=C1Nc2sccc2CC1=CC=CC=CN1CCOCC1 1.0000000 1.0000 0.5054012 0.5054 0.8128985 4.0431
 | 11.1164 50.5885 60.5363 0.8681622 CN1NC(=O)C(=C(O)C=CC=CN2C=CCC2)C1=O 1 O=C1NNC(=O)C1=CC=CC=CN1C=CCC1 1.0000000 1.0000 0.7309914 0.7310 0.8043202 4.0792
 | 15.0509 65.3019 46.1128 0.8704278 O=C1NCC(CO)NC(=O)C1=C(O)C=CC=CN1CC(CO)OC1=O 1 O=C1NCCNC(=O)C1=CC=CC=CN1CCOC1=O 1.0000000 1.0000 0.8442455 0.8442 0.6840931 4.4967
 | 21.1747 55.1040 44.6395 0.7792460 O=C1OC=CC1=C(O)C=CC=CN1CCOC(CCl)C1 1 O=C1OC=CC1=CC=CC=CN1CCOCC1 1.0000000 1.0000 0.5668755 0.5669 0.6931832 4.4690
 | 24.3662 68.6600 38.4987 0.8371778 NC1CCN(C=CC=CC(O)=c2c(=O)[nH]c(=C[N+](=O)[O-])n(C(CCC(=O)O)C(=O)O)c2=O)C1=O 1 C=c1[nH]c(=O)c(=CC=CC=CN2CCCC2=O)c(=O)[nH]1 1.0000000 1.0000 0.8410694 0.8411 0.5834938 4.7804
 | 14.0114 52.5692 60.6363 0.8844180 O=C1NNC(=O)C1=C(O)C=CC=CN1CCC(=O)C1O 1 O=C1CCN(C=CC=CC=C2C(=O)NNC2=O)C1 1.0000000 1.0000 0.8527992 0.8528 0.7226793 4.3761
 | 12.4391 48.1671 64.7319 0.8820235 CN1NC(=O)C(=C(O)C=CC=CN2CCCC(O)C2)C1=O 1 O=C1NNC(=O)C1=CC=CC=CN1CCCCC1 1.0000000 1.0000 0.7713575 0.7714 0.8059533 4.0724
 | 16.7894 59.2423 50.3005 0.8558031 CCCC=CC1NC(=O)C(=C(O)C=CC=CN2CCNC(=O)C2)C(=O)NC1=O 1 O=C1CN(C=CC=CC=C2C(=O)NCC(=O)NC2=O)CCN1 1.0000000 1.0000 0.7320885 0.7321 0.7559513 4.2635
02:44:40 <INFO> Score: 0.81 Agent NLL: 16.53 Valid: 100% Step: 114
 | Agent Prior Target Score SMILES SMILES_state Scaffold DASA DASA (raw) Solubility Solubility (raw) SA SA (raw)
 | 12.2214 53.3881 61.1732 0.8950104 CON1C(=O)CCN1C=CC=CC(O)=C1C(=O)NC(=O)N(C)C1=O 1 O=C1CCN(C=CC=CC=C2C(=O)NC(=O)NC2=O)N1 1.0000000 1.0000 0.7682627 0.7683 0.8611253 3.8113
 | 18.3405 68.0781 47.2124 0.9007068 O=CNC1CN(CCO)CCN(C=CC=CC(O)=C2C(=O)NN(CCO)C2=O)C1=O 1 O=C1NNC(=O)C1=CC=CC=CN1CCNCCC1=O 1.0000000 1.0000 0.8910860 0.8911 0.7401962 4.3179
 | 21.7671 58.0765 52.8568 0.8666661 CN1OC(=O)N(C=CC=CC(O)=C2C(=O)NC=C2N2CCOCC2)CC1=O 1 O=C1CN(C=CC=CC=C2C(=O)NC=C2N2CCOCC2)C(=O)ON1 1.0000000 1.0000 0.7096123 0.7096 0.8274698 3.9787
 | 16.6235 55.5328 51.0720 0.8328502 CC1CN(C=CC=CC(O)=c2sc(=C3C(=O)NC(=O)NC3=O)[nH]c2=O)C(=O)C1O 1 O=C1NC(=O)C(=c2[nH]c(=O)c(=CC=CC=CN3CCCC3=O)s2)C(=O)N1 1.0000000 1.0000 0.8285691 0.8286 0.5812815 4.7863
 | 11.9248 53.3665 -53.3665 0.0000000 CN1NC(=O)C(=C(O)C=CC=CN2CCOCC2)C(=O)NC1=O 1 O=C1NNC(=O)C(=CC=CC=CN2CCOCC2)C(=O)N1 1.0000000 1.0000 0.7824790 0.7825 0.9084059 3.5054
 | 17.6133 55.1134 56.0451 0.8684258 O=C1NC(=O)C(=C(O)C=CC=CN2CC2)C2(N1)C(=O)CCC2=O 1 O=C1NC(=O)C(=CC=CC=CN2CC2)C2(N1)C(=O)CCC2=O 1.0000000 1.0000 0.7659052 0.7659 0.7614955 4.2437
 | 11.4725 58.7564 58.3972 0.9152621 CN(C=CC=CC(O)=c1c(=O)[nH]c(=O)c(=CN2CCCC2)[nH]c1=O)CCO 1 C=c1c(=O)[nH]c(=O)c(=CN2CCCC2)[nH]c1=O 1.0000000 1.0000 0.8418295 0.8418 0.8476608 3.8819
 | 11.6681 50.1744 55.8211 0.8280901 NC1(CO)CCN(C=CC=CC(O)=C2C(=O)Nc3ccccc32)C1 1 O=C1Nc2ccccc2C1=CC=CC=CN1CCCC1 1.0000000 1.0000 0.5890511 0.5891 0.8545594 3.8464
 | 13.0284 54.9101 61.8189 0.9119453 O=C1NC(=O)C(=C(O)C=CC=CN2CCS(=O)(=O)NC2)C(=O)N1 1 O=C1NC(=O)C(=CC=CC=CN2CCS(=O)(=O)NC2)C(=O)N1 1.0000000 1.0000 0.8315511 0.8316 0.8472315 3.8840
 | 10.9726 62.4206 -62.4206 0.0000000 CONC1=NCCN1C=CC=CC(O)=C1C(=O)NN(C)C1=O 1 O=C1NNC(=O)C1=CC=CC=CN1C=NCC1 1.0000000 1.0000 0.8118003 0.8118 0.8115594 4.0488
02:44:41 <INFO> Score: 0.81 Agent NLL: 16.71 Valid: 100% Step: 115
 | Agent Prior Target Score SMILES SMILES_state Scaffold DASA DASA (raw) Solubility Solubility (raw) SA SA (raw)
 | 20.9226 64.6418 43.9377 0.8482768 COC1=CCN(C=CC=CC(O)=C2NC(C)(C)NNC2=O)CC1=O 1 O=C1C=CCN(C=CC=CC=C2NCNNC2=O)C1 1.0000000 1.0000 0.7221738 0.7222 0.7404366 4.3171
 | 12.8071 49.4160 61.4458 0.8661075 COC1=C(C)C(=O)NC(=O)C1=C(O)C=CC=CN1CCCC1=O 1 O=C1C=CC(=CC=CC=CN2CCCC2=O)C(=O)N1 1.0000000 1.0000 0.6519678 0.6520 0.9135457 3.4641
 | 16.1347 59.7730 43.6960 0.8083519 NC1=NCN(C=CC=CC(O)=C2N=CC(O)NC2=O)CC1 1 O=C1NCC=NC1=CC=CC=CN1CCC=NC1 1.0000000 1.0000 0.8041319 0.8041 0.5315317 4.9177
 | 12.3730 61.1115 53.5174 0.8955385 O=C1NC(=O)C(CO)NC(=O)C1=C(O)C=CC=CN1CCOCC1CO 1 O=C1CNC(=O)C(=CC=CC=CN2CCOCC2)C(=O)N1 1.0000000 1.0000 0.8666490 0.8666 0.7470370 4.2946
 | 11.4451 45.7372 54.3848 0.7822034 C=C1CNN(C=CC=CC(O)=C2C(=O)Nc3ccccc32)C1 1 C=C1CNN(C=CC=CC=C2C(=O)Nc3ccccc32)C1 1.0000000 1.0000 0.4675038 0.4675 0.8875659 3.6540
 | 19.2024 75.5802 30.3619 0.8276725 CC(O)NC1CNC(=O)C(=C(O)C=CC=CN2CC(=O)C(=O)N(C)C2)C(=O)N1 1 O=C1CN(C=CC=CC=C2C(=O)NCCNC2=O)CNC1=O 1.0000000 1.0000 0.8559586 0.8560 0.5445811 4.8835
 | 23.2935 65.0506 34.0476 0.7742047 CCCOC(=O)C1C(=N)OC2OC(=C(O)C=CC=CN(C)CCO)C(=O)NC21 1 C=C1OC2OC(=N)CC2NC1=O 1.0000000 1.0000 0.7120719 0.7121 0.5130572 4.9660
 | 13.9114 69.7864 33.3513 0.8057635 CC(O)=C1NC(=C(O)C=CC=CN2CCC=C2O)C(=O)NN1C 1 C=C1NNC(=O)C(=CC=CC=CN2C=CCC2)N1 1.0000000 1.0000 0.6232880 0.6233 0.7119434 4.4105
 | 16.0520 65.0853 49.7391 0.8970659 NC1=NCN(C=CC=CC(O)=C2C(=O)NC(O)NC2=O)CN1 1 O=C1NCNC(=O)C1=CC=CC=CN1CN=CNC1 1.0000000 1.0000 0.8894784 0.8895 0.7292891 4.3544
 | 18.5097 54.7147 52.0416 0.8340334 CC1=NC(N)N(C)C(=O)C1=C(O)C=CC=CN1CCNC1=S 1 O=C1NCN=CC1=CC=CC=CN1CCNC1=S 1.0000000 1.0000 0.7210429 0.7210 0.6909030 4.4760
02:44:41 <INFO> Score: 0.75 Agent NLL: 15.45 Valid: 100% Step: 116
 | Agent Prior Target Score SMILES SMILES_state Scaffold DASA DASA (raw) Solubility Solubility (raw) SA SA (raw)
 | 25.4156 63.9291 51.7576 0.9038020 CN1C(=O)C(=C(O)C=CC=CN2CC(=O)N(CCN3CCOCC3)C2=O)C(=O)N(N)C1=O 1 O=C1NC(=O)C(=CC=CC=CN2CC(=O)N(CCN3CCOCC3)C2=O)C(=O)N1 1.0000000 1.0000 0.7674109 0.7674 0.8984095 3.5801
 | 10.6792 53.2844 51.3014 0.8170766 O=C1NC(O)C(O)C(O)C1=C(O)C=CC=CN1CCNC1=S 1 O=C1NCCCC1=CC=CC=CN1CCNC1=S 1.0000000 1.0000 0.8496203 0.8496 0.5205156 4.9465
 | 18.8585 72.4399 39.3881 0.8736564 CC(=O)OC=C1CN(CCO)CCN1C=CC=CC(O)=c1c(=O)[nH]c(=CN2CCOCC2)n(C)c1=O 1 C=C1CNCCN1C=CC=CC=c1c(=O)[nH]c(=CN2CCOCC2)[nH]c1=O 1.0000000 1.0000 0.7836215 0.7836 0.7598068 4.2498
 | 14.9026 61.7896 -61.7896 0.0000000 CC1(O)COCCN1C=CC=CC(O)=C1C(=O)NNC(=O)NC1=O 1 O=C1NNC(=O)C(=CC=CC=CN2CCOCC2)C(=O)N1 1.0000000 1.0000 0.8134627 0.8135 0.7210118 4.3815
 | 10.4734 58.6889 54.5181 0.8844298 N=C1C(=C(O)C=CC=CN2CN=C(N)NC2)C(=O)NN1CCO 1 N=C1NNC(=O)C1=CC=CC=CN1CN=CNC1 1.0000000 1.0000 0.8580522 0.8581 0.7174139 4.3931
 | 10.9804 57.8848 -57.8848 0.0000000 CC=c1c(=O)[nH]c(=O)c(=C(O)C=CC=CN2CCSCC2)n1C 1 C=c1[nH]c(=CC=CC=CN2CCSCC2)c(=O)[nH]c1=O 1.0000000 1.0000 0.7359010 0.7359 0.8098022 4.0562
 | 17.3626 50.1590 60.1867 0.8620757 CC1CC(=O)N(C=CC=CC(O)=C2C(=O)OC2=O)C1 1 O=C1OC(=O)C1=CC=CC=CN1CCCC1=O 1.0000000 1.0000 0.7084443 0.7084 0.8108190 4.0519
 | 11.3560 62.0022 50.7176 0.8806236 O=C1NN(CCO)C(=O)C1=C(O)C=CC=CN1CCC=C(O)C1 1 O=C1NNC(=O)C1=CC=CC=CN1CC=CCC1 1.0000000 1.0000 0.7631662 0.7632 0.8109168 4.0515
 | 18.6864 78.7375 30.9777 0.8571505 Cn1c(=CC(O)=C2C(=O)NNC2=O)oc(=C(O)C=CC=CN2CCSCC2)c1=O 1 O=C1NNC(=O)C1=CC=c1[nH]c(=O)c(=CC=CC=CN2CCSCC2)o1 1.0000000 1.0000 0.7748058 0.7748 0.7108998 4.4139
 | 9.6585 50.1460 -50.1460 0.0000000 O=CN1CCN(C=CC=CC(O)=C2C(=O)NC(=O)NC2=O)C1=O 1 O=C1NC(=O)C(=CC=CC=CN2CCNC2=O)C(=O)N1 1.0000000 1.0000 0.8085251 0.8085 0.8760731 3.7259
02:44:42 <INFO> Sampled SMILES CN1C(=O)C(=C(C=C(C=NNC(NN)=N)=N)=N)C(=O)C1=CN1CCOCC1 failed to sanitize.
02:44:42 <INFO> Score: 0.74 Agent NLL: 16.56 Valid:  99% Step: 117
 | Agent Prior Target Score SMILES SMILES_state Scaffold DASA DASA (raw) Solubility Solubility (raw) SA SA (raw)
 | 12.7721 56.3268 54.8873 0.8688601 CN1CCC(CO)NC(=O)C1=C(O)C=CC=CN1CCC1 1 O=C1NCCCNC1=CC=CC=CN1CCC1 1.0000000 1.0000 0.7380097 0.7380 0.7978384 4.1057
 | 15.0474 67.5841 38.6158 0.8296870 O=C1NC(CO)N(CCO)C1=C(O)C=CC=CN1CC=CCO1 1 O=C1NCNC1=CC=CC=CN1CC=CCO1 1.0000000 1.0000 0.8036577 0.8037 0.5934099 4.7537
 | 12.2127 70.6306 45.5766 0.9078687 C=c1c(=O)[nH]c(=O)c(=C(O)C=CC=CN2CCCN(C)C2)[nH]c1=O 1 C=c1c(=O)[nH]c(=O)c(=CC=CC=CN2CCCNC2)[nH]c1=O 1.0000000 1.0000 0.8328751 0.8329 0.8298527 3.9677
 | 20.0541 58.4377 50.1519 0.8483563 CN(C=CC=CC(O)=C1C(=O)NC(=O)C2C(N)C(=O)N(C)C12)CCO 1 C=C1C(=O)NC(=O)C2CC(=O)NC12 1.0000000 1.0000 0.8485538 0.8486 0.6103988 4.7075
 | 10.2563 56.6675 49.4987 0.8294237 O=C1NCC(=O)C(O)C1=C(O)C=CC=CN1C=CC=CC1 1 O=C1CNC(=O)C(=CC=CC=CN2C=CC=CC2)C1 1.0000000 1.0000 0.7368387 0.7368 0.6576793 4.5746
 | 13.0800 47.5714 -47.5714 0.0000000 CC1CN(C=CC=CC(O)=C2C(=O)NN(C)C2=O)CC(C)O1 1 O=C1NNC(=O)C1=CC=CC=CN1CCOCC1 1.0000000 1.0000 0.7094441 0.7094 0.7250602 4.3683
 | 15.4852 57.5975 61.0438 0.9268858 CN1CNC(=O)C(=C(O)C=CC=CN2CCN(S(N)(=O)=O)CC2)C1=O 1 O=C1NCNC(=O)C1=CC=CC=CN1CCNCC1 1.0000000 1.0000 0.8323880 0.8324 0.9059811 3.5241
 | 21.8429 66.2277 39.7191 0.8277093 CC(C)=c1[nH]c(=O)c(=C(O)C=CC=CN2C=CN(C)N2)[nH]1 1 C=c1[nH]c(=O)c(=CC=CC=CN2C=CNN2)[nH]1 1.0000000 1.0000 0.7602206 0.7602 0.6279995 4.6589
 | 15.5648 65.4340 43.2263 0.8489088 O=C1NNC(=O)C(=C(O)C=CC=CN2CCCC2SCCO)C(=O)N1 1 O=C1NNC(=O)C(=CC=CC=CN2CCCC2)C(=O)N1 1.0000000 1.0000 0.7388140 0.7388 0.7227271 4.3759
 | 14.7176 60.8270 -60.8270 0.0000000 CN1C(=O)C(=C(O)C=CC=CN2CCC(O)C2)C(=O)N1CCOCCO 1 O=C1NNC(=O)C1=CC=CC=CN1CCCC1 1.0000000 1.0000 0.8039652 0.8040 0.7877112 4.1458
02:44:43 <INFO> Score: 0.79 Agent NLL: 16.58 Valid: 100% Step: 118
 | Agent Prior Target Score SMILES SMILES_state Scaffold DASA DASA (raw) Solubility Solubility (raw) SA SA (raw)
 | 11.2390 60.1924 57.8697 0.9223597 O=C(O)CN1NC(=O)C(=C(O)C=CC=CN2CNC(=O)C2)C1=O 1 O=C1CN(C=CC=CC=C2C(=O)NNC2=O)CN1 1.0000000 1.0000 0.8626163 0.8626 0.8503547 3.8682
 | 16.7269 62.7174 42.8798 0.8249784 CC1=CC2=C(C)NC(=O)C(=C(O)C=CC=CN(C)CCO)C2(O)C1=O 1 C=C1C(=O)NC=C2C=CC(=O)C12 1.0000000 1.0000 0.6991496 0.6991 0.6848173 4.4945
 | 22.7029 67.8478 33.2197 0.7895902 CCCCN1CN(C=CC=CC(O)=C2N=CC(N3CCOCC3)NC2=O)C(=O)C=N1 1 O=C1NC(N2CCOCC2)C=NC1=CC=CC=CN1CNN=CC1=O 1.0000000 1.0000 0.6528666 0.6529 0.6184407 4.6854
 | 13.6502 65.2227 42.5617 0.8420657 O=C1NC(=O)C(=C(O)C=CC=CN2CCCC2=O)C(C=CN2CC2)N1 1 O=C1NC(=O)C(=CC=CC=CN2CCCC2=O)C(C=CN2CC2)N1 1.0000000 1.0000 0.6941001 0.6941 0.7529162 4.2741
 | 15.4449 60.8673 53.0909 0.8902987 CC=c1[nH]c(=O)c(=C(O)C=CC=CN2CCNOC2=O)c(=O)[nH]c1=O 1 C=c1[nH]c(=O)c(=CC=CC=CN2CCNOC2=O)c(=O)[nH]c1=O 1.0000000 1.0000 0.8386569 0.8387 0.7581391 4.2557
 | 16.5691 60.2778 52.5271 0.8812880 CN1CC(=O)C(=C(O)C=CC=CN2C(=O)CCC2CN)C1=O 1 O=C1CNC(=O)C1=CC=CC=CN1CCCC1=O 1.0000000 1.0000 0.7682372 0.7682 0.8070502 4.0678
 | 20.7407 56.9802 56.0269 0.8828675 NN1CCCC(=O)NC(=O)C1=C(O)C=CC=CN1CCCC1 1 O=C1CCCNC(=CC=CC=CN2CCCC2)C(=O)N1 1.0000000 1.0000 0.7053591 0.7054 0.9008842 3.5622
 | 9.9293 57.7942 52.3801 0.8607367 O=c1[nH]c(=CN2CCCC2)[nH]c(=O)c1=C(O)C=CC=CN1CCSCC1 1 O=c1[nH]c(=CN2CCCC2)[nH]c(=O)c1=CC=CC=CN1CCSCC1 1.0000000 1.0000 0.7154086 0.7154 0.7961415 4.1125
 | 9.6792 49.1932 55.7235 0.8196611 O=C1NOCC1=C(O)C=CC=CN1C=CC=CC1 1 O=C1NOCC1=CC=CC=CN1C=CC=CC1 1.0000000 1.0000 0.6679144 0.6679 0.7040430 4.4354
 | 11.5569 57.6135 43.4508 0.7895648 CN1CC(O)C(O)C(=C(O)C=CC=CN2CC=CO2)C1=O 1 O=C1NCCCC1=CC=CC=CN1CC=CO1 1.0000000 1.0000 0.7711180 0.7711 0.5063885 4.9834
02:44:43 <INFO> Score: 0.76 Agent NLL: 16.01 Valid: 100% Step: 119
 | Agent Prior Target Score SMILES SMILES_state Scaffold DASA DASA (raw) Solubility Solubility (raw) SA SA (raw)
 | 10.3287 43.1141 70.1479 0.8848594 O=C1NC(=O)c2ccccc2C1=C(O)C=CC=CN(CCO)CCO 1 C=C1C(=O)NC(=O)c2ccccc21 1.0000000 1.0000 0.6838520 0.6839 0.9438815 3.1613
 | 15.5386 63.9328 46.1356 0.8599089 CC=C(C)N1NC(=O)C(=C(O)C=CC=CN2CCNC(=O)C2)N1 1 O=C1CN(C=CC=CC=C2NNNC2=O)CCN1 1.0000000 1.0000 0.7459538 0.7460 0.7541296 4.2699
 | 24.6693 76.7185 28.5103 0.8220998 CC1=CC(CCCO)N(C=CC=CC(O)=C2NCCCN(CCO)NC2=O)C1=O 1 O=C1NNCCCNC1=CC=CC=CN1CC=CC1=O 1.0000000 1.0000 0.7120881 0.7121 0.6601499 4.5675
 | 9.9971 60.5779 49.8531 0.8627420 C=C1CCCN1C=CC=CC(O)=c1c(=O)[nH]c(=CN2CCOCC2)[nH]c1=O 1 C=C1CCCN1C=CC=CC=c1c(=O)[nH]c(=CN2CCOCC2)[nH]c1=O 1.0000000 1.0000 0.7346477 0.7346 0.7787625 4.1802
 | 15.8918 51.4860 51.3137 0.8031232 CN1C=CC(=O)C1=C(O)C=CC=CN1CC=CCO1 1 O=C1C=CNC1=CC=CC=CN1CC=CCO1 1.0000000 1.0000 0.6158972 0.6159 0.7123201 4.4094
 | 12.7711 53.1002 -53.1002 0.0000000 CC1=CC(=O)NC(=O)C1=C(O)C=CC=CN1C=CC=CC1 1 O=C1C=CC(=CC=CC=CN2C=CC=CC2)C(=O)N1 1.0000000 1.0000 0.5719133 0.5719 0.8348737 3.9443
 | 26.3654 70.6860 29.4337 0.7821856 C=CC1CC(C)C(=O)NC(=O)C(=C(O)C=CC=CN2CCC(O)C2)C1=O 1 O=C1CCCC(=O)C(=CC=CC=CN2CCCC2)C(=O)N1 1.0000000 1.0000 0.6294198 0.6294 0.6211163 4.6780
 | 20.8343 67.6690 46.7614 0.8939871 O=c1[nH]c(=O)c(=C(O)C=CC=CN(O)CCO)c(=O)[nH]c1=CN1CCCCO1 1 C=c1c(=O)[nH]c(=O)c(=CN2CCCCO2)[nH]c1=O 1.0000000 1.0000 0.8492761 0.8493 0.7598584 4.2496
 | 19.2971 57.8527 45.9018 0.8105816 CC1OC(OC2C(=O)NN(C)C(=O)C2=C(O)C=CC=CN(C)C)C(O)C(O)C1O 1 C=C1C(=O)NNC(=O)C1OC1CCCCO1 1.0000000 1.0000 0.8205008 0.8205 0.5248698 4.9351
 | 17.0190 70.9228 37.3029 0.8455138 Cn1c(=CC=CN2CCSCC2)[nH]c(=O)c(=C(O)C=CC=CN2CCNC2)c1=O 1 O=c1[nH]c(=CC=CN2CCSCC2)[nH]c(=O)c1=CC=CC=CN1CCNC1 1.0000000 1.0000 0.7465106 0.7465 0.7018815 4.4422
02:44:44 <INFO> Score: 0.82 Agent NLL: 17.58 Valid: 100% Step: 120
 | Agent Prior Target Score SMILES SMILES_state Scaffold DASA DASA (raw) Solubility Solubility (raw) SA SA (raw)
 | 24.3727 61.5832 43.0002 0.8170578 CC=CC(=O)C1=C(C)C(=C(O)C=CC=CN2CCC(O)C2=O)C(=O)N1 1 O=C1NC=CC1=CC=CC=CN1CCCC1=O 1.0000000 1.0000 0.6468215 0.6468 0.7219719 4.3784
 | 17.7117 65.6747 43.3992 0.8521400 CC(=C(O)O)N1CCC(=C(O)C=CC=CN2CCNC(=O)C2)C(=O)N1 1 O=C1CN(C=CC=CC=C2CCNNC2=O)CCN1 1.0000000 1.0000 0.6988630 0.6989 0.7850107 4.1563
 | 22.5794 87.8008 13.4620 0.7911152 C=C1CNN(C=CC=CC(O)=C2C(=O)NOC(=C(O)C=CC=CN(C)CCO)N(C)C2=O)C1 1 C=C1CNN(C=CC=CC=C2C(=O)NOC(=C)NC2=O)C1 1.0000000 1.0000 0.6366407 0.6366 0.6425894 4.6179
 | 11.4087 56.4172 52.5531 0.8513306 O=C1CN(C=CC=CC(O)=C2C(=O)NC=CC2O)CN1 1 O=C1CN(C=CC=CC=C2CC=CNC2=O)CN1 1.0000000 1.0000 0.8184253 0.8184 0.6469010 4.6056
 | 17.1287 55.6796 55.8004 0.8709374 CS(=O)(=O)NC=CC=CC(O)=C1C(=O)NC(=O)c2c(O)cccc21 1 C=C1C(=O)NC(=O)c2ccccc21 1.0000000 1.0000 0.6581851 0.6582 0.9245439 3.3677
 | 16.5623 62.1944 52.3766 0.8950860 COCCC1NC(=O)C(=C(O)C=CC=CN2CCCNC2)C(=O)N1 1 O=C1NCNC(=O)C1=CC=CC=CN1CCCNC1 1.0000000 1.0000 0.7714836 0.7715 0.8571167 3.8329
 | 19.1162 64.0869 44.0381 0.8447263 CN1C(=O)CCN1C=CC=CC(O)=C1CC(C)(C)NC(=O)NC1=O 1 O=C1CCN(C=CC=CC=C2CCNC(=O)NC2=O)N1 1.0000000 1.0000 0.6442842 0.6443 0.8342848 3.9471
 | 11.0769 62.2101 52.9316 0.8995444 CN(C=CC=CC(O)=c1c(=O)[nH]c(=CN2CCNC2=O)[nH]c1=O)CCO 1 C=c1c(=O)[nH]c(=CN2CCNC2=O)[nH]c1=O 1.0000000 1.0000 0.8704099 0.8704 0.7572274 4.2590
 | 19.1780 57.8613 44.1999 0.7973530 O=C1NC(=NC2CCC2)SC1=C(O)C=CC=CN1CC(CO)OCC1=O 1 O=C1NC(=NC2CCC2)SC1=CC=CC=CN1CCOCC1=O 1.0000000 1.0000 0.6408043 0.6408 0.6589649 4.5709
 | 12.8270 59.7516 51.4577 0.8688230 CC1COCCN1C=CC=CC(O)=c1c(=O)[nH]c(=CN2CCN(CCO)CC2)[nH]c1=O 1 O=c1[nH]c(=CN2CCNCC2)[nH]c(=O)c1=CC=CC=CN1CCOCC1 1.0000000 1.0000 0.8184023 0.8184 0.7046141 4.4337
02:44:45 <INFO> Score: 0.76 Agent NLL: 17.15 Valid:  99% Step: 121
 | Agent Prior Target Score SMILES SMILES_state Scaffold DASA DASA (raw) Solubility Solubility (raw) SA SA (raw)
 | 24.1495 74.2278 38.1889 0.8782556 CCNC(=O)OCC(O)=C1NC(=O)C(=C(O)C=CC=CN2CCN=C2N)C1=O 1 C=C1NC(=O)C(=CC=CC=CN2C=NCC2)C1=O 1.0000000 1.0000 0.7365957 0.7366 0.8366289 3.9360
 | 15.3496 65.3269 44.8963 0.8611180 NC1CCN(C=CC=CC(O)=C2C(=O)NN(CCO)C(O)C2=O)C1 1 O=C1CNNC(=O)C1=CC=CC=CN1CCCC1 1.0000000 1.0000 0.8594496 0.8594 0.6400278 4.6251
 | 12.1235 58.2290 54.5409 0.8810154 O=CN1CCN(C=CC=CC(O)=C2C(=O)NC(=O)C(=O)C2O)C1=O 1 O=C1CC(=CC=CC=CN2CCNC2=O)C(=O)NC1=O 1.0000000 1.0000 0.8447884 0.8448 0.7191728 4.3874
 | 35.5429 85.1004 14.6814 0.7795451 CC1=NNC(N)NC(=O)C1=C(O)C=CC=CN1CCNC(NC2CCNC2)C1=O 1 O=C1NCNN=CC1=CC=CC=CN1CCNC(NC2CCNC2)C1=O 1.0000000 1.0000 0.8379821 0.8380 0.4343617 5.1720
 | 14.0322 60.8236 50.1041 0.8666221 CCN1C(=O)CCN1C=CC=CC(O)=C1SC(=O)C(=O)NC1=O 1 O=C1CCN(C=CC=CC=C2SC(=O)C(=O)NC2=O)N1 1.0000000 1.0000 0.7192486 0.7192 0.8140106 4.0383
 | 9.1067 54.8325 -54.8325 0.0000000 C=C1CCCN1C=CC=CC(O)=C1C(=O)NCCNC1=O 1 C=C1CCCN1C=CC=CC=C1C(=O)NCCNC1=O 1.0000000 1.0000 0.6996766 0.6997 0.8683536 3.7711
 | 24.9107 72.1891 36.6075 0.8499735 C=C1NC(=O)C(=C(O)C=CC=CN(CCO)CCO)C(=CN2CCCC2)C1=N 1 C=C1NC(=O)C(=C)C(=CN2CCCC2)C1=N 1.0000000 1.0000 0.6596355 0.6596 0.8324111 3.9559
 | 20.4417 73.9073 43.1843 0.9147781 COCCNC1=NC(=O)C(=C(O)C=CC=CN2CCN=C2NOCCO)C(=O)NC1=O 1 O=C1C=NC(=O)C(=CC=CC=CN2C=NCC2)C(=O)N1 1.0000000 1.0000 0.8456637 0.8457 0.8411800 3.9140
 | 9.2108 44.5160 74.9019 0.9329525 CN1C(=O)NC(=O)C(=C(O)C=CC=CN(CCO)CCO)C1=O 1 C=C1C(=O)NC(=O)NC1=O 1.0000000 1.0000 0.8384479 0.8384 0.9230786 3.3812
 | 15.0417 63.6288 51.9671 0.9030936 O=C1CN(C=CC=CC(O)=C2C(=O)NSC(=O)NC2=O)CC(=O)N1 1 O=C1CN(C=CC=CC=C2C(=O)NSC(=O)NC2=O)CC(=O)N1 1.0000000 1.0000 0.8016709 0.8017 0.8497327 3.8714
02:44:45 <INFO> Score: 0.73 Agent NLL: 15.73 Valid: 100% Step: 122
 | Agent Prior Target Score SMILES SMILES_state Scaffold DASA DASA (raw) Solubility Solubility (raw) SA SA (raw)
 | 11.9679 56.1198 -56.1198 0.0000000 C=C1NCCN1C=CC=CC(O)=C1C(=O)NN(CCO)C1=O 1 C=C1NCCN1C=CC=CC=C1C(=O)NNC1=O 1.0000000 1.0000 0.8232424 0.8232 0.8179905 4.0210
 | 16.2676 57.1549 53.6587 0.8657310 CN1CCN(C)N(C=CC=CC(O)=C2C(=O)NC(=O)NC2O)C1 1 O=C1NCC(=CC=CC=CN2CNCCN2)C(=O)N1 1.0000000 1.0000 0.8037704 0.8038 0.7093329 4.4188
 | 15.2506 53.2170 59.3512 0.8794388 O=c1[nH]c(=CN2CCOCC2)sc1=C(O)C=CC=CN1CCC1 1 O=c1[nH]c(=CN2CCOCC2)sc1=CC=CC=CN1CCC1 1.0000000 1.0000 0.7241358 0.7241 0.8587753 3.8240
 | 16.3850 57.9262 45.4290 0.8074624 O=C1NC(=CN2CCCCC2)C(=O)C1=C(O)C=CC=CN1CC=CCC1=O 1 O=C1NC(=CN2CCCCC2)C(=O)C1=CC=CC=CN1CC=CCC1=O 1.0000000 1.0000 0.5419010 0.5419 0.8495905 3.8721
 | 11.2153 56.3886 -56.3886 0.0000000 CN1CCN(C=CC=CC(O)=C2C(=O)NN(CCO)C2=O)C1=O 1 O=C1NNC(=O)C1=CC=CC=CN1CCNC1=O 1.0000000 1.0000 0.8150084 0.8150 0.8634493 3.7986
 | 21.5454 67.9821 43.6196 0.8718887 CNC1CN(CCO)CCN1C=CC=CC(O)=C1C(=O)NC(=O)C(=O)N(C)C1O 1 O=C1NCC(=CC=CC=CN2CCNCC2)C(=O)NC1=O 1.0000000 1.0000 0.8635428 0.8635 0.6704952 4.5372
 | 14.9921 64.5270 50.8093 0.9010651 O=C1CCN(C=CC=CC(O)=C2C(=O)NNCC(=O)NC2=O)ON1 1 O=C1CCN(C=CC=CC=C2C(=O)NNCC(=O)NC2=O)ON1 1.0000000 1.0000 0.8650740 0.8651 0.7682667 4.2192
 | 11.3987 46.6694 67.0488 0.8884237 O=C1NCOCC1=C(O)C=CC=CN1CCOCC1 1 O=C1NCOCC1=CC=CC=CN1CCOCC1 1.0000000 1.0000 0.7520362 0.7520 0.8564816 3.8363
 | 20.0861 70.1401 37.4956 0.8409035 C=C1CNN(C=CC=CC(O)=C2C(=O)NC(NC(C)=O)=NC(O)C2=O)C1 1 C=C1CNN(C=CC=CC=C2C(=O)CN=CNC2=O)C1 1.0000000 1.0000 0.8017742 0.8018 0.6296096 4.6544
 | 16.8968 62.1136 49.8491 0.8747082 CON(C=CC=CC(O)=c1c(=O)[nH]c(=CN2CCCCCC2)[nH]c1=O)CO 1 C=c1c(=O)[nH]c(=CN2CCCCCC2)[nH]c1=O 1.0000000 1.0000 0.7633055 0.7633 0.7881109 4.1443
02:44:46 <INFO> Sampled SMILES O=C1NC(=O)C(=C(O)C=CC=CN2CCN(CCO)C=C2=O)C(=O)NC1CO failed to sanitize.
02:44:46 <INFO> Sampled SMILES N1C(=O)C(=C(O)C=CC=CN2CCN(S(=O)(=O)N)CC2=O)C(=O)N=c2c1cccc2 failed to sanitize.
02:44:46 <INFO> Score: 0.74 Agent NLL: 16.92 Valid:  98% Step: 123
 | Agent Prior Target Score SMILES SMILES_state Scaffold DASA DASA (raw) Solubility Solubility (raw) SA SA (raw)
 | 16.1432 58.6735 50.5485 0.8532967 CC1=C(NO)C(=C(O)C=CC=CN2CC=CC2)C(=O)N1 1 O=C1NC=CC1=CC=CC=CN1CC=CC1 1.0000000 1.0000 0.6811582 0.6812 0.8141842 4.0375
 | 13.8496 59.5932 55.6730 0.9005172 CN1CCC(=O)N(C=CC=CC(O)=C2C(=O)NNC(=S)NC2=O)C1 1 O=C1NNC(=S)NC(=O)C1=CC=CC=CN1CNCCC1=O 1.0000000 1.0000 0.7904913 0.7905 0.8538665 3.8500
 | 12.4852 47.7131 -47.7131 0.0000000 O=C1NC(=O)C(=C(O)C=CC=CN2C=CC=CC2)C(=O)N1 1 O=C1NC(=O)C(=CC=CC=CN2C=CC=CC2)C(=O)N1 1.0000000 1.0000 0.7107969 0.7108 0.8711433 3.7550
 | 17.9011 60.8891 53.1314 0.8907857 CN1CC(=O)n2[nH]c(=O)c(=C(O)C=CC=CN3CCCC3)c2=N1 1 O=C1CNN=c2c(=CC=CC=CN3CCCC3)c(=O)[nH]n21 1.0000000 1.0000 0.7886761 0.7887 0.8180299 4.0208
 | 22.4786 65.9468 37.3463 0.8069775 COCC1(O)C=C(O)C(=C(O)C=CC=CN2CCSCC2)C(=O)N1 1 O=C1NCC=CC1=CC=CC=CN1CCSCC1 1.0000000 1.0000 0.6585971 0.6586 0.6706164 4.5368
 | 20.9120 72.4326 32.6965 0.8213210 CC1CN(C=CC=CC(O)=C2C(=O)NNC(=C(O)O)NC2=O)C(=O)CS1 1 C=C1NNC(=O)C(=CC=CC=CN2CCSCC2=O)C(=O)N1 1.0000000 1.0000 0.7117536 0.7118 0.6578982 4.5740
 | 21.1343 64.6201 43.4444 0.8442543 COC(=O)N1CCCCN(C=CC=CC(O)=C2CNCCCNC2=O)C1 1 O=C1NCCCNCC1=CC=CC=CN1CCCCNC1 1.0000000 1.0000 0.6066386 0.6066 0.8946882 3.6062
 | 23.3033 62.8545 34.2407 0.7585561 CN(O)C=CC=CC(O)=C1NC(O)N(C2OC(CO)C(N)C2O)NC1=O 1 C=C1NCN(C2CCCO2)NC1=O 1.0000000 1.0000 0.9019840 0.9020 0.3545764 5.3902
 | 12.2433 51.7003 61.1865 0.8819279 CC1=NNC(=O)C1=C(O)C=CC=CN1CCN(C)C1 1 O=C1NN=CC1=CC=CC=CN1CCNC1 1.0000000 1.0000 0.7313712 0.7314 0.8587239 3.8243
 | 18.2360 59.1720 38.6396 0.7641533 C=CC1Nc2ccccc2N(C)C(=O)C1=C(O)C=CC=CN1CC(O)C1 1 O=C1Nc2ccccc2NCC1=CC=CC=CN1CCC1 1.0000000 1.0000 0.4642784 0.4643 0.8113793 4.0495
02:44:47 <INFO> Score: 0.80 Agent NLL: 16.81 Valid: 100% Step: 124
 | Agent Prior Target Score SMILES SMILES_state Scaffold DASA DASA (raw) Solubility Solubility (raw) SA SA (raw)
 | 9.8707 66.2957 43.4988 0.8577693 O=c1[nH]c(=CN2CCNCC2)[nH]c(=O)c1=C(O)C=CC=CN1CC=CO1 1 O=c1[nH]c(=CN2CCNCC2)[nH]c(=O)c1=CC=CC=CN1CC=CO1 1.0000000 1.0000 0.8258912 0.8259 0.6604635 4.5666
 | 9.8033 49.1592 60.0324 0.8530589 O=C1NC(CO)OCC1=C(O)C=CC=CN1CCCC1 1 O=C1NCOCC1=CC=CC=CN1CCCC1 1.0000000 1.0000 0.7394998 0.7395 0.7368622 4.3292
 | 22.2454 60.4989 48.1694 0.8489709 CCCN1CN(C=CC=CC(O)=C2CCC(=O)C2=O)CCN1CCO 1 O=C1CCC(=CC=CC=CN2CCNNC2)C1=O 1.0000000 1.0000 0.6602617 0.6603 0.8273523 3.9792
 | 18.2417 66.7701 38.4295 0.8218716 O=C1NCCC=CC(O)C1=C(O)C=CC=CN1OCCC1=O 1 O=C1NCCC=CCC1=CC=CC=CN1OCCC1=O 1.0000000 1.0000 0.7111837 0.7112 0.6603872 4.5668
 | 9.9945 46.0661 -46.0661 0.0000000 O=C1NC(=O)C(=C(O)C=CC=CN2CCOCC2)NO1 1 O=C1NC(=O)C(=CC=CC=CN2CCOCC2)NO1 1.0000000 1.0000 0.7715293 0.7715 0.8702140 3.7604
 | 11.2284 56.7335 55.1242 0.8738889 C=C1CNN(C=CC=CC(O)=C2C(=O)CNC2=O)C1 1 C=C1CNN(C=CC=CC=C2C(=O)CNC2=O)C1 1.0000000 1.0000 0.7827565 0.7828 0.7616652 4.2431
 | 16.6534 50.5788 42.6104 0.7280406 CN(C)C=CC=CC(O)=C1C(=O)NN(C)C2(C)c3ccccc3CC12 1 C=C1C(=O)NNC2c3ccccc3CC12 1.0000000 1.0000 0.4195161 0.4195 0.7477477 4.2921
 | 12.2441 54.3228 65.0910 0.9329205 O=C1NNC(=O)C(=C(O)C=CC=CN2CCN(CCO)CC2=O)C(=O)N1 1 O=C1NNC(=O)C(=CC=CC=CN2CCNCC2=O)C(=O)N1 1.0000000 1.0000 0.8591004 0.8591 0.8963854 3.5944
 | 20.9313 80.1247 25.7529 0.8271686 C=C1CC(=O)NC(=O)C1=C(O)C=CC=CN1CCCNS(=O)(=O)CCC1 1 C=C1CC(=O)NC(=O)C1=CC=CC=CN1CCCNS(=O)(=O)CCC1 1.0000000 1.0000 0.6552952 0.6553 0.7484633 4.2896
 | 13.1721 52.3525 -52.3525 0.0000000 CN1NC(=O)C(=C(O)C=CC=CN2CCOCC2CO)C1=O 1 O=C1NNC(=O)C1=CC=CC=CN1CCOCC1 1.0000000 1.0000 0.8185203 0.8185 0.7731677 4.2011
02:44:47 <INFO> Score: 0.79 Agent NLL: 17.02 Valid: 100% Step: 125
 | Agent Prior Target Score SMILES SMILES_state Scaffold DASA DASA (raw) Solubility Solubility (raw) SA SA (raw)
 | 23.0707 67.2441 49.1049 0.9089767 CC(C(=O)O)=c1c(=C(O)C=CC=CN2CC(=O)N(C)C2)c(=O)[nH]c(=O)n1C 1 C=c1[nH]c(=O)[nH]c(=O)c1=CC=CC=CN1CNC(=O)C1 1.0000000 1.0000 0.8396332 0.8396 0.8260647 3.9851
 | 11.8894 55.7291 55.7578 0.8709915 O=C1CCN(C=CC=CC(O)=C2C(=O)NCC(=O)C2O)N1 1 O=C1CNC(=O)C(=CC=CC=CN2CCC(=O)N2)C1 1.0000000 1.0000 0.8437861 0.8438 0.6864038 4.4897
 | 23.8117 69.2886 42.6883 0.8748195 CCC=c1o[nH]c(=O)c(=C(O)C=CC=CN2CCCN(CCCN)C2)c1=O 1 C=c1o[nH]c(=O)c(=CC=CC=CN2CCCNC2)c1=O 1.0000000 1.0000 0.7468890 0.7469 0.8093758 4.0580
 | 15.4055 58.1966 55.3939 0.8874252 Cn1c(=CN2CCOCC2)sc(=C(O)C=CC=CN2CNC(=O)C2)c1=O 1 O=C1CN(C=CC=CC=c2sc(=CN3CCOCC3)[nH]c2=O)CN1 1.0000000 1.0000 0.7912619 0.7913 0.8019903 4.0888
 | 18.8909 61.6445 48.5491 0.8608879 CN=C1N=COC(=C(O)C=CC=CN2CCNC(=O)C2)C1=O 1 N=C1N=COC(=CC=CC=CN2CCNC(=O)C2)C1=O 1.0000000 1.0000 0.7580279 0.7580 0.7432820 4.3075
 | 12.6703 62.7083 49.1559 0.8739391 O=c1[nH]c(=CN2CCOCC2)[nH]c(=O)c1=C(O)C=CC=CN1CCN(CCO)CC1O 1 O=c1[nH]c(=CN2CCOCC2)[nH]c(=O)c1=CC=CC=CN1CCNCC1 1.0000000 1.0000 0.8716734 0.8717 0.6695706 4.5399
 | 13.3514 60.6445 50.1428 0.8655257 CC1(O)NC(=O)C(=C(O)C=CC=CN2CCC=C2O)C(=O)N1 1 O=C1NCNC(=O)C1=CC=CC=CN1C=CCC1 1.0000000 1.0000 0.7582048 0.7582 0.7600323 4.2490
 | 11.9692 53.4097 57.6570 0.8677082 CN1C(=O)C(=C(O)C=CC=CN2CCCNCC2)C(O)C1O 1 O=C1NCCC1=CC=CC=CN1CCCNCC1 1.0000000 1.0000 0.7968387 0.7968 0.7236443 4.3729
 | 27.6049 87.1818 9.4701 0.7550932 CC(=CC=CCO)N1CCN(C=CC=CC(O)=C2C=CC(C(N)=O)NC2=O)O1 1 O=C1NCC=CC1=CC=CC=CN1CCNO1 1.0000000 1.0000 0.6960075 0.6960 0.4747507 5.0658
 | 18.6907 57.2133 49.4662 0.8334336 CN1C=CNC(=O)C(=C(O)C=CC=CN2CSCC2C(=O)O)C1=O 1 O=C1NC=CNC(=O)C1=CC=CC=CN1CCSC1 1.0000000 1.0000 0.6941525 0.6942 0.7209619 4.3816
02:44:48 <INFO> Sampled SMILES CN1C(=O)C(=C(O)C=CC=CN2CC=CCC=C2O)N2C(=O)C(=O)C(C)O21 failed to sanitize.
02:44:48 <INFO> Score: 0.76 Agent NLL: 17.68 Valid:  99% Step: 126
 | Agent Prior Target Score SMILES SMILES_state Scaffold DASA DASA (raw) Solubility Solubility (raw) SA SA (raw)
 | 11.4528 66.9513 50.6161 0.9184954 O=C1NCN(C=CC=CC(O)=c2c(=O)[nH]c(=O)c(=CN3CCNCC3)[nH]c2=O)C1=O 1 O=C1NCN(C=CC=CC=c2c(=O)[nH]c(=O)c(=CN3CCNCC3)[nH]c2=O)C1=O 1.0000000 1.0000 0.9103989 0.9104 0.7831507 4.1635
 | 17.4781 72.2760 33.4287 0.8258176 O=C1NCCCNC(=O)C1=C(O)C=CC=CN1CNOC(C[N+](=O)[O-])O1 1 O=C1NCCCNC(=O)C1=CC=CC=CN1CNOCO1 1.0000000 1.0000 0.8046534 0.8047 0.5810090 4.7870
 | 26.3852 71.5468 18.2949 0.7018883 CNC=CC=CC(O)=C1NC2(C(=O)NC1=O)C(O)C(O)C(O)C2(C)O 1 C=C1NC2(CCCC2)C(=O)NC1=O 1.0000000 1.0000 0.8967321 0.8967 0.2577094 5.6892
 | 16.0929 56.3350 45.5402 0.7959004 N=c1[nH]cnc2c1ncn2C1NC(=O)C(=C(O)C=CC=CN2CCNC2=O)C1O 1 N=c1[nH]cnc2c1ncn2C1CC(=CC=CC=CN2CCNC2=O)C(=O)N1 1.0000000 1.0000 0.7351295 0.7351 0.5545876 4.8572
 | 11.3893 51.4844 64.5750 0.9067141 O=C1NC(=O)C(=C(O)C=CC=CN2CC=CCC2)C(=O)NC1=O 1 O=C1NC(=O)C(=CC=CC=CN2CC=CCC2)C(=O)NC1=O 1.0000000 1.0000 0.7844676 0.7845 0.8869221 3.6582
 | 35.8341 78.8992 23.2912 0.7983631 CC1(O)C=CC=CCN(C=CC=CC(O)=C2C(=O)N=CC(=O)NC2=O)N1N1CCOCC1 1 O=C1C=NC(=O)C(=CC=CC=CN2CC=CC=CCN2N2CCOCC2)C(=O)N1 1.0000000 1.0000 0.6834511 0.6835 0.6131872 4.6999
 | 12.8999 57.1795 55.0707 0.8769548 COC1NC(=O)C(=C(O)C=CC=CN2CNC(=O)C2=O)C(=O)N1C 1 O=C1NCN(C=CC=CC=C2C(=O)NCNC2=O)C1=O 1.0000000 1.0000 0.8466737 0.8467 0.7034690 4.4372
 | 17.7831 66.4324 43.9492 0.8623567 CN1C(=O)N(CCO)C(C)(C)NC(=O)C1=C(O)C=CC=CN1CCC1 1 O=C1NCNC(=O)C(=CC=CC=CN2CCC2)N1 1.0000000 1.0000 0.6694362 0.6694 0.8690287 3.7672
 | 14.5388 54.3418 56.1894 0.8635248 O=c1[nH]c(=CN2CCCCCC2)cnc1=C(O)C=CC=CN1CC1 1 O=c1[nH]c(=CN2CCCCCC2)cnc1=CC=CC=CN1CC1 1.0000000 1.0000 0.6848744 0.6849 0.8503958 3.8680
 | 19.0440 59.3286 41.6315 0.7887505 O=C1NN=C(C(F)(F)C(F)(F)F)C1=C(O)C=CC=CN1CCC(O)CC1 1 O=C1NN=CC1=CC=CC=CN1CCCCC1 1.0000000 1.0000 0.4897058 0.4897 0.8694092 3.7650
02:44:48 <INFO> Sampled SMILES O=C1NC(=O)C(=C(O)C=CC=CN2CN(C)CC2)NC=N1C failed to sanitize.
02:44:48 <INFO> Sampled SMILES O=C1NC(=O)C(=C(O)C=CC=CN(C)C)(C)C(=O)C1(C)C=CC=CN1CCSCC1 failed to sanitize.
02:44:49 <INFO> Score: 0.78 Agent NLL: 16.28 Valid:  98% Step: 127
 | Agent Prior Target Score SMILES SMILES_state Scaffold DASA DASA (raw) Solubility Solubility (raw) SA SA (raw)
 | 18.4268 60.5394 54.3890 0.8978781 CC1=NOC(=O)C1=c1oc(=O)[nH]c(=O)c1=C(O)C=CC=CN(C)CCO 1 C=c1c(=O)[nH]c(=O)oc1=C1C=NOC1=O 1.0000000 1.0000 0.8366533 0.8367 0.7878769 4.1452
 | 23.3772 70.8875 39.0014 0.8585066 CN1C(=O)C(=C(O)C=CC=CN2CN(CCCCN)CCO2)C(=O)OC1CO 1 O=C1NCOC(=O)C1=CC=CC=CN1CNCCO1 1.0000000 1.0000 0.7669635 0.7670 0.7244255 4.3704
 | 19.5555 68.0285 24.8206 0.7253832 CC1(O)C(=CCl)NNC(=O)C1=C(O)C=CC=CN1C=CCC1 1 C=C1CC(=CC=CC=CN2C=CCC2)C(=O)NN1 1.0000000 1.0000 0.5838929 0.5839 0.4952033 5.0125
 | 17.6453 61.8043 55.3535 0.9152954 CN(C)C=c1c(=C(O)C=CC=CN2CN(CCO)CCC2=O)c(=O)[nH]c(=O)n1C 1 C=c1[nH]c(=O)[nH]c(=O)c1=CC=CC=CN1CNCCC1=O 1.0000000 1.0000 0.8471269 0.8471 0.8414322 3.9128
 | 11.9336 49.0453 62.6696 0.8727726 CC1(C)NC(=O)C(=C(O)C=CC=CN2CCNC(=O)C2)C1O 1 O=C1CN(C=CC=CC=C2CCNC2=O)CCN1 1.0000000 1.0000 0.7809908 0.7810 0.7596431 4.2504
 | 20.6718 58.0573 49.1147 0.8372810 CCCN1CCC(=O)N(C=CC=CC(O)=C2CCOC(=O)NC2=O)C1 1 O=C1NC(=O)C(=CC=CC=CN2CNCCC2=O)CCO1 1.0000000 1.0000 0.5962937 0.5963 0.8820779 3.6891
 | 21.4116 67.5424 28.2054 0.7480290 C=C1CN(S(C)(=O)=O)CCN1C=CC=CC(O)=C1C(=O)N(C)C2(CC1O)NC(=O)NC2=O 1 C=C1CNCCN1C=CC=CC=C1CCC2(NC(=O)NC2=O)NC1=O 1.0000000 1.0000 0.7434230 0.7434 0.4216715 5.2058
 | 15.1590 58.8113 46.5527 0.8231558 COC1NC(=O)C(=C(O)C=CC=CN2CC(CO)OCC2=O)C1O 1 O=C1NCCC1=CC=CC=CN1CCOCC1=O 1.0000000 1.0000 0.8368589 0.8369 0.5468168 4.8776
 | 9.1837 50.0590 61.8198 0.8740533 O=C1NC(=O)C(=C(O)C=CC=CN2CCCC2)SC1=O 1 O=C1NC(=O)C(=CC=CC=CN2CCCC2)SC1=O 1.0000000 1.0000 0.6851372 0.6851 0.8943886 3.6083
 | 24.4422 68.8364 40.9512 0.8577154 COC(=O)N1CCN(C=CC=CC(O)=C2N=C(N3CCOCC3)OC(=O)NC2=O)CC1 1 O=C1NC(=O)C(=CC=CC=CN2CCNCC2)N=C(N2CCOCC2)O1 1.0000000 1.0000 0.6436981 0.6437 0.8904773 3.6348
02:44:49 <INFO> Score: 0.74 Agent NLL: 15.78 Valid: 100% Step: 128
 | Agent Prior Target Score SMILES SMILES_state Scaffold DASA DASA (raw) Solubility Solubility (raw) SA SA (raw)
 | 14.8769 62.3573 51.4375 0.8890222 O=C1C=C(N2CCC2)C(=O)NC(=O)C1=C(O)C=CC=CN1CCCNC1 1 O=C1C=C(N2CCC2)C(=O)NC(=O)C1=CC=CC=CN1CCCNC1 1.0000000 1.0000 0.7271677 0.7272 0.8942757 3.6091
 | 13.2555 54.1086 62.1213 0.9080458 CCOC=c1[nH]c(=O)c(=C(O)C=CC=CN(CCO)CCO)c(=O)[nH]1 1 C=c1[nH]c(=O)c(=C)c(=O)[nH]1 1.0000000 1.0000 0.8713805 0.8714 0.7866892 4.1498
 | 12.0938 63.6527 45.1941 0.8503654 CC1=CCN(C=CC=CC(O)=C2C(=O)NC(O)NC2=O)CC1O 1 O=C1NCNC(=O)C1=CC=CC=CN1CC=CCC1 1.0000000 1.0000 0.8089506 0.8090 0.6528854 4.5885
 | 15.3256 59.1376 53.8582 0.8827795 CC1(O)NC(=O)C(=C(O)C=CC=CN2CCCNS2(=O)=O)C(=O)N1 1 O=C1NCNC(=O)C1=CC=CC=CN1CCCNS1(=O)=O 1.0000000 1.0000 0.8289511 0.8290 0.7418989 4.3122
 | 13.0790 51.0823 48.5915 0.7787017 CN1CCCNC(=O)C1=C(O)C=CC=CN1CCc2ccccc2C1 1 O=C1NCCCNC1=CC=CC=CN1CCc2ccccc2C1 1.0000000 1.0000 0.4437949 0.4438 0.9271284 3.3431
 | 11.0831 61.9323 50.5902 0.8790815 O=C1NCC(O)NC(=O)C1=C(O)C=CC=CN1CCNC1 1 O=C1NCCNC(=O)C1=CC=CC=CN1CCNC1 1.0000000 1.0000 0.8618522 0.8619 0.6956695 4.4614
 | 14.1612 67.6878 37.1300 0.8188890 CC1=NNC(C)(C)NC(=O)C1=C(O)C=CC=CN1CN=CN1 1 O=C1NCNN=CC1=CC=CC=CN1CN=CN1 1.0000000 1.0000 0.7092985 0.7093 0.6524547 4.5897
 | 19.0240 62.6307 48.9487 0.8717136 N=C1C(=O)C(N)C(=O)NC(=O)C1=C(O)C=CC=CN1CCC(=O)N1 1 N=C1C(=O)CC(=O)NC(=O)C1=CC=CC=CN1CCC(=O)N1 1.0000000 1.0000 0.8492998 0.8493 0.6834344 4.4987
 | 10.6026 54.1625 64.6743 0.9284127 NC1NC(=O)C(=C(O)C=CC=CN2CCNC(=O)C2)C(=O)N1 1 O=C1CN(C=CC=CC=C2C(=O)NCNC2=O)CCN1 1.0000000 1.0000 0.8790796 0.8791 0.8544344 3.8471
 | 24.4379 83.2249 26.4835 0.8570963 O=C1NC(NCCF)=NN(CCO)C1=C(O)C=CC=CN1CN=CN1 1 O=C1NC=NNC1=CC=CC=CN1CN=CN1 1.0000000 1.0000 0.8224220 0.8224 0.6616231 4.5632
02:44:50 <INFO> Score: 0.83 Agent NLL: 15.86 Valid: 100% Step: 129
 | Agent Prior Target Score SMILES SMILES_state Scaffold DASA DASA (raw) Solubility Solubility (raw) SA SA (raw)
 | 20.3749 67.0701 35.9281 0.8046731 NC1CCN(C=CC=CC(O)=C2OC3OC(=O)C3CNC2=O)C1 1 O=C1NCC2C(=O)OC2OC1=CC=CC=CN1CCCC1 1.0000000 1.0000 0.7768336 0.7768 0.5435110 4.8863
 | 16.6008 67.6818 37.9235 0.8250412 COC=C1NCC(O)CNC(=O)C1=C(O)C=CC=CN1CCC(N)C1 1 C=C1NCCCNC(=O)C1=CC=CC=CN1CCCC1 1.0000000 1.0000 0.7676208 0.7676 0.6123809 4.7021
 | 16.1157 63.9516 43.7745 0.8416097 O=C1C=C(N2CCC(CO)CC2)NC(=O)C1=C(O)C=CC=CN1CC=CO1 1 O=C1C=C(N2CCCCC2)NC(=O)C1=CC=CC=CN1CC=CO1 1.0000000 1.0000 0.6395552 0.6396 0.8287269 3.9729
 | 26.5262 59.5349 51.6036 0.8682697 CON(C)C=CC=CC(O)=C1C(=O)N(C)C(CN2CCN(CCO)CC2)N1C(C)=O 1 C=C1NC(CN2CCNCC2)NC1=O 1.0000000 1.0000 0.7396897 0.7397 0.7933962 4.1235
 | 14.0684 62.6012 53.5783 0.9076522 CN(C)C=c1c(=O)[nH]c(=O)c(=C(O)C=CC=CN2CCC2)n1C 1 C=c1[nH]c(=CC=CC=CN2CCC2)c(=O)[nH]c1=O 1.0000000 1.0000 0.8110318 0.8110 0.8558868 3.8394
 | 13.3742 60.2858 50.4174 0.8648681 O=C1CCN(C=CC=CC(O)=C2C(=O)NC(=O)C(O)C2O)N1 1 O=C1CCC(=CC=CC=CN2CCC(=O)N2)C(=O)N1 1.0000000 1.0000 0.8696873 0.8697 0.6426194 4.6178
 | 19.9400 64.4596 40.0440 0.8164345 NCC1CCNC(=O)N1C=CC=CC(O)=C1C(=O)NC(O)C1O 1 O=C1NCCC1=CC=CC=CN1CCCNC1=O 1.0000000 1.0000 0.8464939 0.8465 0.5211000 4.9450
 | 13.1450 51.4882 59.7800 0.8692826 COC1=CC(=N)C(=C(O)C=CC=CN2CCOCC2)C(=O)N1 1 N=C1C=CNC(=O)C1=CC=CC=CN1CCOCC1 1.0000000 1.0000 0.6848781 0.6849 0.8744604 3.7356
 | 12.0801 51.1879 -51.1879 0.0000000 CN(C=CC=CC(O)=C1C(=O)CCCN(C)C1=O)CCO 1 C=C1C(=O)CCCNC1=O 1.0000000 1.0000 0.7210548 0.7211 0.9264367 3.3498
 | 20.6878 65.6944 34.7049 0.7843691 NC1(CO)CCN(C=CC=CC(O)=C2CCC(=CC=CCO)NC2=O)C(=O)C1 1 C=C1CCC(=CC=CC=CN2CCCCC2=O)C(=O)N1 1.0000000 1.0000 0.6696384 0.6696 0.5834152 4.7806
02:44:50 <INFO> Sampled SMILES N1C(=O)C(=C(O)C=CC=CN2CC=OC2=O)C(=O)NC1=CC failed to sanitize.
02:44:51 <INFO> Score: 0.76 Agent NLL: 16.06 Valid:  99% Step: 130
 | Agent Prior Target Score SMILES SMILES_state Scaffold DASA DASA (raw) Solubility Solubility (raw) SA SA (raw)
 | 18.2787 60.8388 -60.8388 0.0000000 N1C(=O)C(=C(O)C=CC=CN2CC=OC2=O)C(=O)NC1=CC 0 -- 0.0000000 0.0000 0.0000000 0.0000 0.0000000 0.0000
 | 10.9878 61.4656 52.5233 0.8905379 CN1C=C(N)C(=C(O)C=CC=CN2CNC(=O)C2)C1=O 1 O=C1CN(C=CC=CC=C2C=CNC2=O)CN1 1.0000000 1.0000 0.8021879 0.8022 0.8005873 4.0945
 | 18.1192 59.3100 49.3685 0.8490504 C=c1[nH]c(=O)c(=C(O)C=CC=CN2CCNC(CC)=C2O)o1 1 C=c1[nH]c(=O)c(=CC=CC=CN2C=CNCC2)o1 1.0000000 1.0000 0.7271706 0.7272 0.7371519 4.3282
 | 19.0028 64.4426 53.1776 0.9189081 NC1=NC(=O)CCN1C=CC=CC(O)=C1C(=O)NC(=O)N(COCCO)C1=O 1 O=C1CCN(C=CC=CC=C2C(=O)NC(=O)NC2=O)C=N1 1.0000000 1.0000 0.8251874 0.8252 0.8828351 3.6844
 | 16.6056 62.3460 51.6016 0.8902154 C=CCNC1NC(=O)C(=C(O)C=CC=CN2CCCNC2)C(=O)N1 1 O=C1NCNC(=O)C1=CC=CC=CN1CCCNC1 1.0000000 1.0000 0.7942310 0.7942 0.8089900 4.0597
 | 14.8038 46.5009 53.9786 0.7849966 O=C1C=CCC1=C(O)C=CC=CN1CCSCC1 1 O=C1C=CCC1=CC=CC=CN1CCSCC1 1.0000000 1.0000 0.4947426 0.4947 0.8417623 3.9112
 | 12.2282 63.0019 42.6235 0.8251991 CN1NC(=O)OC(=C(O)C=CC=CN2CC=COC2=O)C1=O 1 O=C1NNC(=O)C(=CC=CC=CN2CC=COC2=O)O1 1.0000000 1.0000 0.6692057 0.6692 0.7225622 4.3764
 | 19.1005 76.1733 32.1351 0.8461598 CC1=NCN(C=CC=CC(O)=C2C(=N)C(O)C(=O)C(=O)NC2=O)C(=O)N1 1 N=C1CC(=O)C(=O)NC(=O)C1=CC=CC=CN1CN=CNC1=O 1.0000000 1.0000 0.7941539 0.7942 0.6537542 4.5860
 | 13.3534 57.5504 55.3980 0.8824099 CCCCN1CCN(C=CC=CC(O)=C2C(=O)NN=C2N)C1 1 O=C1NN=CC1=CC=CC=CN1CCNC1 1.0000000 1.0000 0.7179018 0.7179 0.8801113 3.7014
 | 25.3910 73.3573 27.8266 0.7904992 CNC1NC(=O)C(=C(O)C=CC=CN2CCCN(CCC[N+](C)(C)C)C2)C=C1O 1 O=C1NCC=CC1=CC=CC=CN1CCCNC1 1.0000000 1.0000 0.6206032 0.6206 0.6604034 4.5667
02:44:51 <INFO> Score: 0.80 Agent NLL: 17.85 Valid: 100% Step: 131
 | Agent Prior Target Score SMILES SMILES_state Scaffold DASA DASA (raw) Solubility Solubility (raw) SA SA (raw)
 | 22.1966 70.3270 41.9961 0.8775242 CN(C=CC=CC(O)=c1c(=O)[nH]c(=O)[nH]c1=CN1C=CC=CC1)CCO 1 C=c1c(=O)[nH]c(=O)[nH]c1=CN1C=CC=CC1 1.0000000 1.0000 0.8003168 0.8003 0.7546993 4.2679
 | 13.0265 47.4182 67.2747 0.8960381 CN1C(=O)C(=C(O)C=CC=CN2CCOCC2)C(=O)C1O 1 O=C1CNC(=O)C1=CC=CC=CN1CCOCC1 1.0000000 1.0000 0.7895693 0.7896 0.8373421 3.9326
 | 13.0073 52.8932 63.7496 0.9112716 COC=c1oc(=O)c(=C(O)C=CC=CN(CCO)CCO)c(=O)n1C 1 C=c1[nH]c(=O)c(=C)c(=O)o1 1.0000000 1.0000 0.8714903 0.8715 0.7983732 4.1035
 | 25.7390 71.3792 27.3624 0.7714191 CCNC=CC=CC(O)=C1C(=O)C(=CC=CN(C)CCO)C(C)=CC1O 1 C=C1C=CCC(=C)C1=O 1.0000000 1.0000 0.5727291 0.5727 0.6562672 4.5787
 | 26.1630 58.4535 21.9260 0.6279645 C=C1C(O)C(O)CC(C)C12ONC(=O)C(=C(O)C=CC=CN1CCCCC1)O2 1 C=C1CCCCC12ONC(=O)C(=CC=CC=CN1CCCCC1)O2 1.0000000 1.0000 0.5513259 0.5513 0.2894925 5.5849
 | 18.9686 73.5103 40.7338 0.8925317 CN1CN(C=CC=CC(O)=C2C(=O)CNNC2=O)OC(=O)C1=O 1 O=C1CNNC(=O)C1=CC=CC=CN1CNC(=O)C(=O)O1 1.0000000 1.0000 0.8504077 0.8504 0.7534712 4.2722
 | 11.4425 56.9292 55.6725 0.8797006 CN1CN(C)C(=C(O)C=CC=CN2CCC2)C(=O)NC1=O 1 O=C1NCNC(=CC=CC=CN2CCC2)C(=O)N1 1.0000000 1.0000 0.7088921 0.7089 0.8820848 3.6891
 | 21.6093 63.0725 46.9252 0.8593575 CC(C)NC1=NC(=O)C(=C(O)C=CC=CN2CCSCC2)C(=O)NN1CCO 1 O=C1N=CNNC(=O)C1=CC=CC=CN1CCSCC1 1.0000000 1.0000 0.6893501 0.6894 0.8268038 3.9817
 | 20.5231 65.8609 44.8699 0.8650848 CN1CCN(C=c2[nH]c(=O)c(=C(O)C=CC=CN3CCCC(N)C3)c(=O)n2O)CC1 1 O=c1[nH]c(=CN2CCNCC2)[nH]c(=O)c1=CC=CC=CN1CCCCC1 1.0000000 1.0000 0.8114864 0.8115 0.6990514 4.4510
 | 13.9946 51.2815 62.1982 0.8865598 O=C1NC(C(=O)O)C1=C(O)C=CC=CN1CCCC1=O 1 O=C1NCC1=CC=CC=CN1CCCC1=O 1.0000000 1.0000 0.7692648 0.7693 0.8261952 3.9845
02:44:52 <INFO> Score: 0.82 Agent NLL: 15.79 Valid: 100% Step: 132
 | Agent Prior Target Score SMILES SMILES_state Scaffold DASA DASA (raw) Solubility Solubility (raw) SA SA (raw)
 | 18.9380 67.7256 38.7032 0.8314746 C=CC1ONN1C=CC=CC(O)=C1C(=O)NNC(=O)NC1=O 1 O=C1NNC(=O)C(=CC=CC=CN2CON2)C(=O)N1 1.0000000 1.0000 0.8232863 0.8233 0.5817074 4.7852
 | 14.8586 67.4799 48.1015 0.9029796 CN1C(=O)C(=N)NC(=O)C(=C(O)C=CC=CN2CCCNC2)C1=O 1 N=C1NC(=O)C(=CC=CC=CN2CCCNC2)C(=O)NC1=O 1.0000000 1.0000 0.7891401 0.7891 0.8654907 3.7872
 | 20.8285 63.5247 39.9673 0.8085314 CCCN1C=CCN(C=CC=CC(O)=C2CCN(O)CCNC2=O)C1 1 O=C1NCCNCCC1=CC=CC=CN1CC=CNC1 1.0000000 1.0000 0.5783026 0.5783 0.7902067 4.1361
 | 25.3722 71.5338 30.2821 0.7954373 CC1=C(C)N(C=CC=CC(O)=C2C(=O)C(=N)NC2N)CN1 1 N=C1NCC(=CC=CC=CN2C=CNC2)C1=O 1.0000000 1.0000 0.7274084 0.7274 0.5602877 4.8421
 | 15.1577 60.9030 48.9181 0.8579779 CN1CCC(N)N(C=CC=CC(O)=C2C(=O)NC(=O)C(O)NC2=O)C1 1 O=C1CNC(=O)C(=CC=CC=CN2CCCNC2)C(=O)N1 1.0000000 1.0000 0.8574490 0.8574 0.6320475 4.6476
 | 12.1708 60.6553 53.1000 0.8887132 CC1NC(=O)C(=C(O)C=CC=CN2CCCNC2)C(=O)NC1=O 1 O=C1CNC(=O)C(=CC=CC=CN2CCCNC2)C(=O)N1 1.0000000 1.0000 0.7924376 0.7924 0.8054541 4.0745
 | 18.6007 74.6736 27.6338 0.7992767 NC1CCCCN1C=c1[nH]c(=O)c(=C(O)C=CC=CN2CC=CC2CO)c(=O)[nH]c1=O 1 O=c1[nH]c(=O)c(=CC=CC=CN2CC=CC2)c(=O)[nH]c1=CN1CCCCC1 1.0000000 1.0000 0.8105724 0.8106 0.5020857 4.9946
 | 12.1040 67.2143 41.5726 0.8498970 CN1CCON(C=CC=CC(O)=C2C(=O)NCC(N)NC2=O)C1 1 O=C1NCCNC(=O)C1=CC=CC=CN1CNCCO1 1.0000000 1.0000 0.8354852 0.8355 0.6266311 4.6627
 | 14.2439 54.7289 57.9068 0.8799664 COC1=C(C)C(=O)N(C)C(=O)C1=C(O)C=CC=CN1CNCC1=O 1 O=C1C=CC(=CC=CC=CN2CNCC2=O)C(=O)N1 1.0000000 1.0000 0.7249046 0.7249 0.8598460 3.8183
 | 19.4673 61.5682 48.9648 0.8635393 CCN1C(=O)C(=C(O)C=CC=CN2CCOCC2C(=O)O)C(=O)NC1O 1 O=C1NCNC(=O)C1=CC=CC=CN1CCOCC1 1.0000000 1.0000 0.8011575 0.8012 0.7045689 4.4338
02:44:53 <INFO> Score: 0.77 Agent NLL: 15.38 Valid: 100% Step: 133
 | Agent Prior Target Score SMILES SMILES_state Scaffold DASA DASA (raw) Solubility Solubility (raw) SA SA (raw)
 | 13.8338 56.6744 56.4927 0.8841180 CC1=CC(=O)NC(=O)C(=C(O)C=CC=CN2CCCNC2)C1=O 1 O=C1C=CC(=O)C(=CC=CC=CN2CCCNC2)C(=O)N1 1.0000000 1.0000 0.7188397 0.7188 0.8858995 3.6649
 | 24.4884 84.1383 16.0154 0.7824510 CN(C=CC=CC1=C([N+](=O)[O-])C=CCN(C=CC=CC(O)=C2COCC(=O)NC2=O)O1)CCO 1 O=C1COCC(=CC=CC=CN2CC=CC=CO2)C(=O)N1 1.0000000 1.0000 0.6001656 0.6002 0.6585590 4.5721
 | 11.9970 69.1439 45.4343 0.8951423 O=c1[nH]c(=CN2CCCNCC2)[nH]c(=O)c1=C(O)C=CC=CN1CCNC1 1 O=c1[nH]c(=CN2CCCNCC2)[nH]c(=O)c1=CC=CC=CN1CCNC1 1.0000000 1.0000 0.8458422 0.8458 0.7677140 4.2212
 | 14.2638 51.9702 61.2182 0.8842841 CN(C=CC=CC(O)=C1CCC(O)C(=O)NC1=O)CCO 1 C=C1CCCC(=O)NC1=O 1.0000000 1.0000 0.7989709 0.7990 0.7809953 4.1717
 | 12.2448 59.8670 53.6690 0.8870000 O=C1NNC(=O)C(=C(O)C=CC=CN2CNCCC2=O)O1 1 O=C1NNC(=O)C(=CC=CC=CN2CNCCC2=O)O1 1.0000000 1.0000 0.8017182 0.8017 0.7878674 4.1452
 | 16.5028 63.0225 37.8758 0.7882680 O=C1N=NC(=C(O)C=CC=CN2CC=Cc3ccccc32)C(=O)NC1=O 1 O=C1N=NC(=CC=CC=CN2CC=Cc3ccccc32)C(=O)NC1=O 1.0000000 1.0000 0.4866024 0.4866 0.8738186 3.7394
 | 14.5166 55.0140 60.0706 0.8990984 CN1C(=O)NC(=O)C(=C(O)C=CC=CN2CCNC2=O)N=C1N 1 O=C1NC=NC(=CC=CC=CN2CCNC2=O)C(=O)N1 1.0000000 1.0000 0.7881550 0.7882 0.8512484 3.8636
 | 13.9776 59.4909 40.6317 0.7822079 COC1C(O)C(=C(O)C=CC=CN2CN=C(C)N(C)C2=O)C(=O)N1C 1 O=C1NCCC1=CC=CC=CN1CN=CNC1=O 1.0000000 1.0000 0.6922207 0.6922 0.5541914 4.8582
 | 21.3076 62.5402 45.4162 0.8434094 COC1=C(C)C(=O)C(=C(O)C=CC=CN2CNCCC2CO)C(=O)N1 1 O=C1C=CNC(=O)C1=CC=CC=CN1CCCNC1 1.0000000 1.0000 0.7308327 0.7308 0.7124919 4.4088
 | 13.0194 56.7807 60.5747 0.9168389 C=c1[nH]c(=O)c(=C(O)C=CC=CN2CCN(CCO)C2)c(=O)n1C 1 C=c1[nH]c(=O)c(=CC=CC=CN2CCNC2)c(=O)[nH]1 1.0000000 1.0000 0.8637833 0.8638 0.8278371 3.9770
02:44:53 <INFO> Score: 0.79 Agent NLL: 15.40 Valid: 100% Step: 134
 | Agent Prior Target Score SMILES SMILES_state Scaffold DASA DASA (raw) Solubility Solubility (raw) SA SA (raw)
 | 16.8729 71.3819 43.6895 0.8989954 O=C1NC(=O)C(O)NC(=O)C1=C(O)C=CC=CN1CCN=C1NCCCO 1 O=C1CNC(=O)C(=CC=CC=CN2C=NCC2)C(=O)N1 1.0000000 1.0000 0.8702175 0.8702 0.7554886 4.2651
 | 17.1844 52.4189 53.6191 0.8284221 CCN1CCCCN(C=CC=CC(O)=C2C(=O)N(C)C(=O)N2C)C1 1 O=C1NC(=O)C(=CC=CC=CN2CCCCNC2)N1 1.0000000 1.0000 0.5617919 0.5618 0.9060799 3.5234
 | 14.1944 60.8067 43.2888 0.8132459 CN1C(=O)C(=C(O)C=CC=CN2CNCC2CN)C(O)C1O 1 O=C1NCCC1=CC=CC=CN1CCNC1 1.0000000 1.0000 0.8634771 0.8635 0.5005310 4.9986
 | 13.5504 56.3348 53.1938 0.8556918 O=C1CN(C=CC=CC(O)=C2C(=O)NC=CCC2CO)CCN1 1 O=C1CN(C=CC=CC=C2CCC=CNC2=O)CCN1 1.0000000 1.0000 0.7529735 0.7530 0.7304616 4.3505
 | 10.5630 55.7631 62.0607 0.9204980 O=C1NC(CO)NC(=O)C1=C(O)C=CC=CN1CCOCC1=O 1 O=C1NCNC(=O)C1=CC=CC=CN1CCOCC1=O 1.0000000 1.0000 0.8535122 0.8535 0.8539733 3.8495
 | 10.6229 46.1013 70.9259 0.9142753 O=C1CN(C=CC=CC(O)=C2C(=O)NOC2=O)CCN1 1 O=C1CN(C=CC=CC=C2C(=O)NOC2=O)CCN1 1.0000000 1.0000 0.8388535 0.8389 0.8474224 3.8831
 | 15.2654 60.9372 44.0293 0.8200507 O=C1NC(=CN2CCNCC2)CC=CC1=C(O)C=CC=CN1CCC(O)CC1 1 O=C1NC(=CN2CCNCC2)CC=CC1=CC=CC=CN1CCCCC1 1.0000000 1.0000 0.5928177 0.5928 0.8140021 4.0383
 | 19.0314 70.6329 35.2962 0.8275710 O=C1C=CCC2(NC(=O)C(=C(O)C=CC=CN3CCN(CCO)CC3=O)C2=O)C1=O 1 O=C1C=CCC2(NC(=O)C(=CC=CC=CN3CCNCC3=O)C2=O)C1=O 1.0000000 1.0000 0.7956780 0.7957 0.5941517 4.7517
 | 15.5788 62.9733 46.9432 0.8587229 CCCC(O)CC1NC(=O)C(=C(O)C=CC=CN2CCNC2)C(=O)N1 1 O=C1NCNC(=O)C1=CC=CC=CN1CCNC1 1.0000000 1.0000 0.7602006 0.7602 0.7329410 4.3423
 | 8.5703 51.6359 64.9456 0.9107931 CN(C)C=CC=CC(O)=c1c(=O)[nH]c(=O)c(=CN2CCCC2)[nH]c1=O 1 C=c1c(=O)[nH]c(=O)c(=CN2CCCC2)[nH]c1=O 1.0000000 1.0000 0.8094272 0.8094 0.8704612 3.7590
02:44:54 <INFO> Score: 0.80 Agent NLL: 16.29 Valid: 100% Step: 135
 | Agent Prior Target Score SMILES SMILES_state Scaffold DASA DASA (raw) Solubility Solubility (raw) SA SA (raw)
 | 16.6117 59.4600 47.9775 0.8393557 C=C1CN(C=CC=CC(O)=C2C(=O)NC(=O)C(=O)C(C)(C)C2O)C1 1 C=C1CN(C=CC=CC=C2CCC(=O)C(=O)NC2=O)C1 1.0000000 1.0000 0.7031682 0.7032 0.7313113 4.3477
 | 12.3709 57.6980 60.2784 0.9216911 CN(C=CC=CC(O)=c1c(=O)[nH]c(=O)c(=CN2CCNC(=O)C2)[nH]c1=O)CCO 1 C=c1c(=O)[nH]c(=O)c(=CN2CCNC(=O)C2)[nH]c1=O 1.0000000 1.0000 0.9026720 0.9027 0.8028283 4.0853
 | 19.7494 49.7318 62.5559 0.8772477 CN(C=CC=CC(O)=C1C(=O)OC(=O)C1C=O)CCO 1 C=C1CC(=O)OC1=O 1.0000000 1.0000 0.8070726 0.8071 0.7461365 4.2977
 | 12.9198 57.6898 52.9604 0.8644546 O=C1NCCCCNC(=O)C1=C(O)C=CC=CN1CCNC1=S 1 O=C1NCCCCNC(=O)C1=CC=CC=CN1CCNC1=S 1.0000000 1.0000 0.7230106 0.7230 0.8004675 4.0950
 | 10.6644 46.0191 64.5157 0.8635530 O=C1NCCCC1=C(O)C=CC=CN1CCNC1=S 1 O=C1NCCCC1=CC=CC=CN1CCNC1=S 1.0000000 1.0000 0.6825439 0.6825 0.8539983 3.8494
 | 20.2134 79.1257 32.8077 0.8744801 O=C1NC(=O)C(=C2COCCN2C=CC=CC(O)=C2C(=O)N=C(N3CCOCC3)C(=O)NC2=O)O1 1 O=C1NC(=O)C(=C2COCCN2C=CC=CC=C2C(=O)N=C(N3CCOCC3)C(=O)NC2=O)O1 1.0000000 1.0000 0.7313705 0.7314 0.8286759 3.9732
 | 11.8789 56.0462 56.6585 0.8805060 CON(C)C=CC=CC(O)=c1c(=O)[nH]c(=CN2CCCC2)[nH]c1=O 1 C=c1c(=O)[nH]c(=CN2CCCC2)[nH]c1=O 1.0000000 1.0000 0.7890461 0.7890 0.7786689 4.1805
 | 24.9856 91.1423 12.7390 0.8115729 Cn1c(=O)c(=C(O)C=CC=CN2CC2)c(=O)[nH]c(=O)c1=C(O)C=CC=CN1CCC(F)C1 1 O=c1[nH]c(=O)c(=CC=CC=CN2CC2)c(=O)[nH]c1=CC=CC=CN1CCCC1 1.0000000 1.0000 0.7155847 0.7156 0.6217022 4.6764
 | 15.2828 52.1319 55.2757 0.8391218 CSC1=NCN(C=CC=CC(O)=C2C(=O)NC(=O)NC2=O)S1 1 O=C1NC(=O)C(=CC=CC=CN2CN=CS2)C(=O)N1 1.0000000 1.0000 0.6481595 0.6482 0.8054651 4.0744
 | 31.9364 98.6555 7.0330 0.8256918 NC(O)=C1N=C([O-])N(C=c2[nH]c(=O)c(=C(O)C=CC=CN3CCNC3)c(=O)[nH]2)CCS1 1 C=C1N=CN(C=c2[nH]c(=O)c(=CC=CC=CN3CCNC3)c(=O)[nH]2)CCS1 1.0000000 1.0000 0.8556652 0.8557 0.5393503 4.8972
02:44:55 <INFO> Score: 0.79 Agent NLL: 16.44 Valid: 100% Step: 136
 | Agent Prior Target Score SMILES SMILES_state Scaffold DASA DASA (raw) Solubility Solubility (raw) SA SA (raw)
 | 18.6240 55.9285 55.6889 0.8720102 O=C(O)CCN1C=NC(=C(O)C=CC=CN2CCCC2)C(=O)N1 1 O=C1NNC=NC1=CC=CC=CN1CCCC1 1.0000000 1.0000 0.6957710 0.6958 0.8694229 3.7650
 | 17.0204 49.1738 64.7610 0.8901160 CCN(C=CC=CC(O)=C1C(=O)N(C)C(=O)C1O)CCO 1 C=C1CC(=O)NC1=O 1.0000000 1.0000 0.8081931 0.8082 0.7918767 4.1295
 | 22.3664 58.4816 55.4649 0.8902069 CSCCOCCCNC1=NC(=O)C(=C(O)C=CC=CN(C)CCO)C(=O)N1 1 C=C1C(=O)N=CNC1=O 1.0000000 1.0000 0.7300380 0.7300 0.8950503 3.6037
 | 18.6108 68.0412 36.1451 0.8139559 CN1CC(=C(O)C=CC=CN2CC=COC2=O)C(=O)NC(CO)C1 1 O=C1NCCNCC1=CC=CC=CN1CC=COC1=O 1.0000000 1.0000 0.7168001 0.7168 0.6281248 4.6585
 | 13.0370 59.9357 56.9536 0.9131976 CC(=O)NC1NC(=O)C(=C(O)C=CC=CN2CCNC2)C(=O)N1 1 O=C1NCNC(=O)C1=CC=CC=CN1CCNC1 1.0000000 1.0000 0.8491563 0.8492 0.8309731 3.9626
 | 8.8521 62.5940 52.3882 0.8982983 O=c1[nH]c(=CN2CCNCC2)[nH]c(=O)c1=C(O)C=CC=CN1CCNC1 1 O=c1[nH]c(=CN2CCNCC2)[nH]c(=O)c1=CC=CC=CN1CCNC1 1.0000000 1.0000 0.8705422 0.8705 0.7526944 4.2749
 | 14.1714 52.8881 55.1651 0.8441653 CN(O)C=CC=CC(O)=C1C(=O)NC(O)C(C)(O)C1=O 1 C=C1C(=O)CCNC1=O 1.0000000 1.0000 0.8324293 0.8324 0.6117566 4.7038
 | 23.6355 62.3909 45.4969 0.8428736 O=C1NC(=O)C(=C(O)C=CC=CN2CCCC2C(=O)O)C(=O)C(N2CCCC2)N1 1 O=C1NC(=O)C(=CC=CC=CN2CCCC2)C(=O)C(N2CCCC2)N1 1.0000000 1.0000 0.6756303 0.6756 0.7808206 4.1724
 | 30.8892 78.2302 19.2423 0.7615040 C=CCNC1NC(=O)C(=C(O)C=CC=CN2CCC(C(=O)O)C2C=CN2CCNCC2)C(=O)NC1=O 1 O=C1CNC(=O)C(=CC=CC=CN2CCCC2C=CN2CCNCC2)C(=O)N1 1.0000000 1.0000 0.7414719 0.7415 0.4559420 5.1151
 | 14.3290 67.5146 38.0310 0.8245754 C=C1CC(O)C(=C(O)C=CC=CN2CCC(=O)NO2)C(=O)NC1=O 1 C=C1CCC(=CC=CC=CN2CCC(=O)NO2)C(=O)NC1=O 1.0000000 1.0000 0.7682757 0.7683 0.6103051 4.7078
02:44:55 <INFO> Sampled SMILES O=C1NC(=O)C(=C(O)C=CC=CN2CN(C)CCC2)c2ccccc21=CN(C)C(C)C failed to sanitize.
02:44:55 <INFO> Score: 0.80 Agent NLL: 16.22 Valid:  99% Step: 137
 | Agent Prior Target Score SMILES SMILES_state Scaffold DASA DASA (raw) Solubility Solubility (raw) SA SA (raw)
 | 18.6503 49.1124 46.0749 0.7436508 CC(C)N1CCCN(C=CC=CC(O)=C2C(=O)NC(=O)c3ccccc32)CC1 1 O=C1NC(=O)c2ccccc2C1=CC=CC=CN1CCCNCC1 1.0000000 1.0000 0.3685168 0.3685 0.9549956 3.0099
 | 12.3999 57.4412 56.9647 0.8937959 O=C1NC(=O)C(=C(O)C=CC=CN2CCNC2)C=C1N1CCOCC1 1 O=C1NC(=O)C(N2CCOCC2)=CC1=CC=CC=CN1CCNC1 1.0000000 1.0000 0.7605994 0.7606 0.8665906 3.7811
 | 15.8043 49.1399 60.0315 0.8529021 COCCCN1C(=O)NC(=O)C(=C(O)C=CC=CN2CCCCC2)C1=O 1 O=C1NC(=O)C(=CC=CC=CN2CCCCC2)C(=O)N1 1.0000000 1.0000 0.5964562 0.5965 0.9529765 3.0398
 | 18.0163 50.9074 58.2942 0.8531377 COC(OC)=C1C(=O)NC(=O)C(=C(O)C=CC=CN2CCCCC2)C1=O 1 C=C1C(=O)NC(=O)C(=CC=CC=CN2CCCCC2)C1=O 1.0000000 1.0000 0.6257108 0.6257 0.9008076 3.5628
 | 9.0735 54.8950 -54.8950 0.0000000 NC1=NCCN1C=CC=CC(O)=C1C(=O)NCCNC1=O 1 O=C1NCCNC(=O)C1=CC=CC=CN1C=NCC1 1.0000000 1.0000 0.8405297 0.8405 0.8584191 3.8260
 | 9.7401 44.4597 64.1177 0.8482611 O=C1NC(=O)C(=C(O)C=CC=CN2CC=CC2=O)S1 1 O=C1NC(=O)C(=CC=CC=CN2CC=CC2=O)S1 1.0000000 1.0000 0.6577697 0.6578 0.8282006 3.9753
 | 10.9981 57.8873 -57.8873 0.0000000 NC1=C(O)C(=O)NC(=O)C1=C(O)C=CC=CN1CCOCC1 1 O=C1C=CC(=CC=CC=CN2CCOCC2)C(=O)N1 1.0000000 1.0000 0.7799221 0.7799 0.9114128 3.4815
 | 17.3855 65.6717 -65.6717 0.0000000 CC1CN(C=CC=CC(O)=C2C(=O)NC(=O)C(C(C)C)NC2=O)CC(O)O1 1 O=C1CNC(=O)C(=CC=CC=CN2CCOCC2)C(=O)N1 1.0000000 1.0000 0.7308600 0.7309 0.6571782 4.5761
 | 14.2649 60.5591 49.4962 0.8598070 CC1=CC(O)C(=C(O)C=CC=CN2CCC(=O)N2)C(=O)NC1=O 1 O=C1C=CCC(=CC=CC=CN2CCC(=O)N2)C(=O)N1 1.0000000 1.0000 0.7735834 0.7736 0.7215653 4.3797
 | 9.6495 52.5557 65.1434 0.9195238 NC1NC(=O)C(=C(O)C=CC=CN2CCCC2=O)C(=O)N1 1 O=C1NCNC(=O)C1=CC=CC=CN1CCCC1=O 1.0000000 1.0000 0.8269858 0.8270 0.8830124 3.6833
02:44:56 <INFO> Score: 0.77 Agent NLL: 15.82 Valid: 100% Step: 138
 | Agent Prior Target Score SMILES SMILES_state Scaffold DASA DASA (raw) Solubility Solubility (raw) SA SA (raw)
 | 14.7521 52.1511 57.0213 0.8529097 O=C1NCCC(O)C1=C(O)C=CC=CN1CCCC1CO 1 O=C1NCCCC1=CC=CC=CN1CCCC1 1.0000000 1.0000 0.7486882 0.7487 0.7254905 4.3669
 | 14.8281 65.9889 51.2670 0.9160623 NCCCCN1CN(C=CC=CC(O)=C2C(=O)NC(CO)NC2=O)CC1=O 1 O=C1CN(C=CC=CC=C2C(=O)NCNC2=O)CN1 1.0000000 1.0000 0.8479054 0.8479 0.8434673 3.9028
 | 15.4183 51.3338 57.3078 0.8487623 CON(C)C=CC=CC(O)=C1C(=O)NC(=S)C(=O)C1O 1 C=C1CC(=O)C(=S)NC1=O 1.0000000 1.0000 0.7805596 0.7806 0.6761052 4.5206
 | 12.3580 55.0254 54.6124 0.8565458 O=C1NC(=O)C(O)C(=O)C1=C(O)C=CC=CN1C=CC=CC1 1 O=C1CC(=O)C(=CC=CC=CN2C=CC=CC2)C(=O)N1 1.0000000 1.0000 0.7648043 0.7648 0.7199329 4.3850
 | 13.6759 53.2102 44.5645 0.7638651 CC1CCCN1C=CC=CC(O)=C1OC=CN(C)C1=O 1 O=C1NC=COC1=CC=CC=CN1CCCC1 1.0000000 1.0000 0.5152047 0.5152 0.7149807 4.4009
 | 11.3621 50.2897 66.3870 0.9115363 O=C1NNNC(=O)C1=C(O)C=CC=CN1CCCC1=O 1 O=C1NNNC(=O)C1=CC=CC=CN1CCCC1=O 1.0000000 1.0000 0.8241856 0.8242 0.8547139 3.8456
 | 16.1984 63.5756 50.3678 0.8901825 O=C1CCCCN1C=c1cnc(=C(O)C=CC=CN2CC2)c(=O)[nH]c1=O 1 O=C1CCCCN1C=c1cnc(=CC=CC=CN2CC2)c(=O)[nH]c1=O 1.0000000 1.0000 0.7803233 0.7803 0.8261950 3.9845
 | 16.7211 50.5831 61.3165 0.8742149 O=C1NC(=O)C2C(O)CCN2C1=C(O)C=CC=CN1CC1 1 O=C1NC(=O)C2CCCN2C1=CC=CC=CN1CC1 1.0000000 1.0000 0.8124173 0.8124 0.7295609 4.3535
 | 22.6731 61.3303 40.8388 0.7981961 CC(O)=C1C(=O)CCC(=C(O)C=CC=CN2CCCNC2=O)C1=O 1 C=C1C(=O)CCC(=CC=CC=CN2CCCNC2=O)C1=O 1.0000000 1.0000 0.5108588 0.5109 0.8687588 3.7688
 | 11.2630 49.4653 67.6517 0.9149765 O=C1NC(=O)N(CCO)C(=O)C1=C(O)C=CC=CN1CCNC1=S 1 O=C1NC(=O)C(=CC=CC=CN2CCNC2=S)C(=O)N1 1.0000000 1.0000 0.7959751 0.7960 0.9054042 3.5285
02:44:57 <INFO> Score: 0.75 Agent NLL: 15.74 Valid: 100% Step: 139
 | Agent Prior Target Score SMILES SMILES_state Scaffold DASA DASA (raw) Solubility Solubility (raw) SA SA (raw)
 | 20.6314 66.4215 50.6334 0.9144913 O=CN1CCC(=O)N(C=CC=CC(O)=C2C(=O)NN(CCO)NC2=O)CC1 1 O=C1NNNC(=O)C1=CC=CC=CN1CCNCCC1=O 1.0000000 1.0000 0.8549046 0.8549 0.8291882 3.9708
 | 16.2784 65.3187 44.3283 0.8566173 CN1C(=O)C(=C(O)C=CC=CN2CCCNC2)C(=O)C(O)C1N 1 O=C1CCNC(=O)C1=CC=CC=CN1CCCNC1 1.0000000 1.0000 0.8206519 0.8207 0.6617804 4.5627
 | 24.5730 66.9597 35.5851 0.8011310 CC1(O)C(=O)NC(=O)C(=C(O)C=CC=CN2C=CC2)C(O)C1N 1 O=C1CCCC(=CC=CC=CN2C=CC2)C(=O)N1 1.0000000 1.0000 0.8220711 0.8221 0.4984982 5.0039
 | 11.4329 54.2059 60.6989 0.8976939 CC=c1[nH]c(=O)c(=C(O)C=CC=CN2CCNC(=O)C2)c(=O)[nH]1 1 C=c1[nH]c(=O)c(=CC=CC=CN2CCNC(=O)C2)c(=O)[nH]1 1.0000000 1.0000 0.8488415 0.8488 0.7736543 4.1993
 | 12.3009 54.3571 61.1289 0.9022343 NC1(CO)CCN(C=CC=CC(O)=C2C(=O)NCCOC2=O)CC1 1 O=C1NCCOC(=O)C1=CC=CC=CN1CCCCC1 1.0000000 1.0000 0.7856087 0.7856 0.8671490 3.7779
 | 20.4148 63.5397 46.8219 0.8622003 CCN1C(=O)C(N)=NC(=C(O)C=C(O)C=CN2CCCCC2)C1=O 1 O=C1C=NC(=CC=CC=CN2CCCCC2)C(=O)N1 1.0000000 1.0000 0.6533485 0.6533 0.8940885 3.6103
 | 19.9806 70.8191 36.1348 0.8355770 Cn1c(=CN2CCCC2)[nH]c(=O)c(=C(O)C=CC=CN2CCOCC2C2OCCO2)c1=O 1 O=c1[nH]c(=CN2CCCC2)[nH]c(=O)c1=CC=CC=CN1CCOCC1C1OCCO1 1.0000000 1.0000 0.7497699 0.7498 0.6643999 4.5551
 | 26.2177 71.1972 37.0237 0.8454754 COCOCC1(O)C(O)C(=C(O)C=CC=CN2CN(CCO)CC2=O)C(=O)N1C 1 O=C1NCCC1=CC=CC=CN1CNCC1=O 1.0000000 1.0000 0.8450724 0.8451 0.6047158 4.7230
 | 17.7582 75.7141 29.6672 0.8232909 CN1C(=O)CCN1C=CC=CC(O)=C1OC(C)(C)OC(=O)C(N)NC1=O 1 O=C1CCN(C=CC=CC=C2OCOC(=O)CNC2=O)N1 1.0000000 1.0000 0.7393363 0.7393 0.6349120 4.6395
 | 10.9809 41.7053 71.0660 0.8810255 COC1=C(C)C(=O)NC(=O)C1=C(O)C=CC=CN(C)C 1 C=C1C=CC(=O)NC1=O 1.0000000 1.0000 0.6867702 0.6868 0.9220998 3.3901
02:44:57 <INFO> Sampled SMILES N1C(=O)C(=C(O)C=CC=CN2CCC=CC2)N2(CCO)C(N)=NC(C)(C)N21 failed to sanitize.
02:44:57 <INFO> Score: 0.79 Agent NLL: 16.86 Valid:  99% Step: 140
 | Agent Prior Target Score SMILES SMILES_state Scaffold DASA DASA (raw) Solubility Solubility (raw) SA SA (raw)
 | 14.5248 58.5409 57.7003 0.9081350 CNC1=NC(=O)C(=C(O)C=CC=CN2CNCCC2=O)C(=O)N1 1 O=C1N=CNC(=O)C1=CC=CC=CN1CNCCC1=O 1.0000000 1.0000 0.8181218 0.8181 0.8488875 3.8757
 | 18.0411 62.6900 53.5669 0.9082571 CN(O)CCCN1C(=O)NC(=O)C(=C(O)C=CC=CN2CC2)C1=O 1 O=C1NC(=O)C(=CC=CC=CN2CC2)C(=O)N1 1.0000000 1.0000 0.7602893 0.7603 0.9274753 3.3398
 | 14.4212 51.5439 49.5029 0.7894287 O=C1Nc2ccccc2C1=C(O)C=CC=CN1CCC(C(=O)O)O1 1 O=C1Nc2ccccc2C1=CC=CC=CN1CCCO1 1.0000000 1.0000 0.4973448 0.4973 0.8564957 3.8362
 | 10.8454 56.1368 59.8120 0.9058503 CN1C(=O)C(=C(O)C=CC=CN2CNC(=O)C2)C(=O)N1C 1 O=C1CN(C=CC=CC=C2C(=O)NNC2=O)CN1 1.0000000 1.0000 0.8197345 0.8197 0.8379715 3.9295
 | 15.8413 55.0175 59.2227 0.8925016 O=C1CCCN1C=CC=CC(O)=c1c(=O)[nH]c2n1CCNC=2 1 O=C1CCCN1C=CC=CC=c1c(=O)[nH]c2n1CCNC=2 1.0000000 1.0000 0.8126706 0.8127 0.7955369 4.1149
 | 8.6867 61.8935 -61.8935 0.0000000 O=C1C=CCCN1C=CC=CC(O)=c1c(=O)[nH]c(=CN2CCCCC2)[nH]c1=O 1 O=C1C=CCCN1C=CC=CC=c1c(=O)[nH]c(=CN2CCCCC2)[nH]c1=O 1.0000000 1.0000 0.7006908 0.7007 0.7900310 4.1368
 | 14.1440 60.1769 49.3730 0.8558590 COC1(O)C(=C(O)C=CC=CN2CCNC2)C(=O)NC(=O)N1C 1 O=C1NCC(=CC=CC=CN2CCNC2)C(=O)N1 1.0000000 1.0000 0.8013560 0.8014 0.6784203 4.5137
 | 22.7736 92.0156 7.0978 0.7743236 CC(=CC=CCN(C)CCO)N1CCN(C=CC=CC(O)=C2C(=O)NC(=O)CCCC2O)O1 1 O=C1CCCCC(=CC=CC=CN2CCNO2)C(=O)N1 1.0000000 1.0000 0.6013930 0.6014 0.6287593 4.6568
 | 14.3859 41.9800 72.0424 0.8908000 CC=C1C(=O)NC(=O)C(=C(O)C=CC=CN(C)C)C1=O 1 C=C1C(=O)NC(=O)C(=C)C1=O 1.0000000 1.0000 0.7199510 0.7200 0.9126692 3.4713
 | 13.4250 64.8478 45.9271 0.8654288 O=C1NNC(=S)NC(=O)C1=C(O)C=CC=CN1CC=COC1=O 1 O=C1NNC(=S)NC(=O)C1=CC=CC=CN1CC=COC1=O 1.0000000 1.0000 0.7402072 0.7402 0.7818935 4.1683
02:44:58 <INFO> Score: 0.81 Agent NLL: 16.94 Valid: 100% Step: 141
 | Agent Prior Target Score SMILES SMILES_state Scaffold DASA DASA (raw) Solubility Solubility (raw) SA SA (raw)
 | 15.6299 55.1219 55.4477 0.8638250 CCC1CC(=O)NC(=O)C(=C(O)C=CC=CN2CCCC2=O)C(=O)N1 1 O=C1CCNC(=O)C(=CC=CC=CN2CCCC2=O)C(=O)N1 1.0000000 1.0000 0.6930325 0.6930 0.8396221 3.9216
 | 12.0528 52.3865 60.3963 0.8811152 O=C1NC(CO)OC(=O)C1=C(O)C=CC=CN1CCCC1=O 1 O=C1NCOC(=O)C1=CC=CC=CN1CCCC1=O 1.0000000 1.0000 0.7928001 0.7928 0.7764990 4.1887
 | 17.2418 68.3696 37.9945 0.8309694 CC(=O)NC1CCC(O)C(=C(O)C=CC=CN2CCN=C2N)C(=O)N1 1 O=C1NCCCCC1=CC=CC=CN1C=NCC1 1.0000000 1.0000 0.7846161 0.7846 0.6147074 4.6957
 | 25.0861 69.3909 37.3105 0.8336051 O=C1NNC(NCOCCO)=NC1=C(O)C=CC=CN1CC=Cc2ccccc21 1 O=C1NNC=NC1=CC=CC=CN1CC=Cc2ccccc21 1.0000000 1.0000 0.6157454 0.6157 0.8332056 3.9521
 | 13.4406 60.5079 46.1618 0.8333570 CN1C(=O)C(=C(O)C=CC=CN2C=CC=CC2)NN1O 1 O=C1NNNC1=CC=CC=CN1C=CC=CC1 1.0000000 1.0000 0.7020028 0.7020 0.7110235 4.4135
 | 15.7904 50.1983 62.8591 0.8832613 CN(C)C=CC=CC(O)=C1CONNC1=O 1 C=C1CONNC1=O 1.0000000 1.0000 0.8002303 0.8002 0.7757411 4.1915
 | 16.6805 61.5242 41.9143 0.8081136 CC1OC(=O)C(=O)NC(=O)C1=C(O)C=CC=CN1CCc2ccccc2C1 1 O=C1NC(=O)C(=CC=CC=CN2CCc3ccccc3C2)COC1=O 1.0000000 1.0000 0.5363285 0.5363 0.8631121 3.8004
 | 22.6662 56.7510 46.2749 0.8048897 O=C1C(=C(O)C=CC=CN2CCCCC2=O)OC2OCC12 1 O=C1C(=CC=CC=CN2CCCCC2=O)OC2OCC12 1.0000000 1.0000 0.6249868 0.6250 0.7063953 4.4281
 | 20.0601 68.6649 36.3649 0.8205451 CC(C)=NN1C=NCN1C=CC=CC(O)=C1NCCCNC1=O 1 O=C1NCCCNC1=CC=CC=CN1CN=CN1 1.0000000 1.0000 0.6744359 0.6744 0.6990393 4.4510
 | 36.1422 88.9686 0.2887 0.6973225 CN1CCON(C=CC=CC(O)=c2c(=O)ccc(=C3OC(=O)C34CN(C)CCC4O)[nH]c2=O)C1 1 O=C1OC(=c2ccc(=O)c(=CC=CC=CN3CNCCO3)c(=O)[nH]2)C12CCCNC2 1.0000000 1.0000 0.7693234 0.7693 0.3013636 5.5477
02:44:59 <INFO> Score: 0.80 Agent NLL: 16.75 Valid: 100% Step: 142
 | Agent Prior Target Score SMILES SMILES_state Scaffold DASA DASA (raw) Solubility Solubility (raw) SA SA (raw)
 | 16.3569 61.5131 46.5391 0.8441579 CC1(C)COCC(=C(O)C=CC=CN2CCNC2=S)C(=O)NC1=O 1 O=C1CCOCC(=CC=CC=CN2CCNC2=S)C(=O)N1 1.0000000 1.0000 0.6516976 0.6517 0.8205861 4.0096
 | 20.2629 66.3428 45.9225 0.8770724 O=C1CCN(C=CC=CC(O)=c2c(=O)[nH]c3n2CCC=3O)C1 1 O=C1CCN(C=CC=CC=c2c(=O)[nH]c3n2CCC=3)C1 1.0000000 1.0000 0.7879990 0.7880 0.7672167 4.2231
 | 20.5817 65.2299 41.2628 0.8319736 CCCCN1CCON(C=CC=CC(O)=C2C(=O)NC(C(C)=O)C2=O)C1 1 O=C1CNC(=O)C1=CC=CC=CN1CNCCO1 1.0000000 1.0000 0.6667802 0.6668 0.7510709 4.2806
 | 12.4226 60.8544 49.2325 0.8600543 O=C1CC(O)C(=C(O)C=CC=CN2CCC=C(O)C2=O)C(=O)N1 1 O=C1CCC(=CC=CC=CN2CCC=CC2=O)C(=O)N1 1.0000000 1.0000 0.7447256 0.7447 0.7561592 4.2627
 | 13.4829 66.3403 46.7701 0.8836750 CN=C1CCNC(=O)C(=C(O)C=CC=CN2CCNC2)C(=O)N1 1 N=C1CCNC(=O)C(=CC=CC=CN2CCNC2)C(=O)N1 1.0000000 1.0000 0.7855041 0.7855 0.7947869 4.1179
 | 12.1305 58.2789 53.1971 0.8709062 CN(C)C=CC=CC(O)=C1C(=O)NNC(=CN2CCCCC2)NC1=O 1 C=C1C(=O)NNC(=CN2CCCCC2)NC1=O 1.0000000 1.0000 0.6900004 0.6900 0.8734956 3.7413
 | 15.2721 51.9929 55.2416 0.8377699 CN1ONC(=C(O)C=CC=CN2CCCCCO2)C1=O 1 O=C1NONC1=CC=CC=CN1CCCCCO1 1.0000000 1.0000 0.6617791 0.6618 0.7803118 4.1743
 | 21.3218 71.9841 38.4233 0.8625574 N=C1NC(=O)C(=C(O)C=CC=CN2CN(CCO)CCCC2=O)C(O)CC1=O 1 N=C1NC(=O)C(=CC=CC=CN2CNCCCC2=O)CCC1=O 1.0000000 1.0000 0.7684885 0.7685 0.7371312 4.3283
 | 17.3375 52.9224 53.0664 0.8280371 O=C1OCCCN1C=CC=CC(O)=c1sc(=CCl)[nH]c1=O 1 C=c1[nH]c(=O)c(=CC=CC=CN2CCCOC2=O)s1 1.0000000 1.0000 0.6235981 0.6236 0.7978539 4.1056
 | 18.4017 77.9428 30.6802 0.8486171 CC1=CCCN(C=CC=CC(O)=c2c(=O)[nH]c(=C(C)O)n(C)c2=O)N1 1 C=c1[nH]c(=O)c(=CC=CC=CN2CCC=CN2)c(=O)[nH]1 1.0000000 1.0000 0.7338373 0.7338 0.7275617 4.3601
02:44:59 <INFO> Score: 0.79 Agent NLL: 15.87 Valid: 100% Step: 143
 | Agent Prior Target Score SMILES SMILES_state Scaffold DASA DASA (raw) Solubility Solubility (raw) SA SA (raw)
 | 26.8244 73.9611 36.3748 0.8619994 O=CCC(CCO)N1C(=O)NC(=O)C(=C(O)C=CC=CN2CNC(=O)N2)C1=O 1 O=C1NC(=O)C(=CC=CC=CN2CNC(=O)N2)C(=O)N1 1.0000000 1.0000 0.8127775 0.8128 0.6873268 4.4869
 | 11.7273 61.8425 50.0736 0.8743446 O=C1NCCCNC1=C(O)C=CC=CN1CN=CN1 1 O=C1NCCCNC1=CC=CC=CN1CN=CN1 1.0000000 1.0000 0.7956859 0.7957 0.7484745 4.2896
 | 10.0732 62.9813 -62.9813 0.0000000 O=C1NNC(=O)C(=C(O)C=CC=CN2CCC(=O)N2O)C(=O)N1 1 O=C1CCN(C=CC=CC=C2C(=O)NNC(=O)NC2=O)N1 1.0000000 1.0000 0.8332413 0.8332 0.8199128 4.0126
 | 20.0197 70.9049 36.3775 0.8381440 CCN1C(=O)CN(C=CC=CC(O)=C2C(=O)NC(=O)N(C)N=C2C)N=C1C 1 O=C1CN(C=CC=CC=C2C=NNC(=O)NC2=O)N=CN1 1.0000000 1.0000 0.6257975 0.6258 0.8360220 3.9389
 | 13.2188 44.0632 74.0238 0.9225547 CNC=CC=CC(O)=C1C(=O)NC(=O)N(C)C1=O 1 C=C1C(=O)NC(=O)NC1=O 1.0000000 1.0000 0.7990025 0.7990 0.9330589 3.2837
 | 15.2318 61.3114 37.0638 0.7685569 CCCN1CN(C=CC=CC(O)=C2C(=O)NC(C)CC2O)C=N1 1 O=C1NCCCC1=CC=CC=CN1C=NNC1 1.0000000 1.0000 0.6583145 0.6583 0.5466624 4.8781
 | 9.0742 60.7017 -60.7017 0.0000000 O=C1CN(C=CC=CC(O)=C2C(=O)NCC(=O)NC2=O)CN1 1 O=C1CN(C=CC=CC=C2C(=O)NCC(=O)NC2=O)CN1 1.0000000 1.0000 0.8688719 0.8689 0.8723411 3.7480
 | 14.7924 69.3919 32.4246 0.7954415 CC1CN(C=CC=CC(O)=c2c(=O)[nH]c(=CN3CCCCCC3)[nH]c2=O)CC(O)O1 1 O=c1[nH]c(=CN2CCCCCC2)[nH]c(=O)c1=CC=CC=CN1CCOCC1 1.0000000 1.0000 0.7060276 0.7060 0.5807225 4.7878
 | 20.3450 70.2746 37.7749 0.8441370 O=C1CNC(=C(O)C=CC=CN2CCC(C(=O)O)C2=O)C(=O)NCCN1 1 O=C1CNC(=CC=CC=CN2CCCC2=O)C(=O)NCCN1 1.0000000 1.0000 0.8158080 0.8158 0.6266553 4.6626
 | 12.3950 55.8681 56.4813 0.8777297 CC(C)C1=NNC(=O)C1=C(O)C=CC=CN1CCNC(=O)C1 1 O=C1CN(C=CC=CC=C2C=NNC2=O)CCN1 1.0000000 1.0000 0.7222679 0.7223 0.8544317 3.8471
02:45:00 <INFO> Sampled SMILES N1C(=O)C(=C(O)C=CC=CN2CC(CC(=O)O)C2)c2ccccc2=C1C failed to sanitize.
02:45:00 <INFO> Score: 0.79 Agent NLL: 16.71 Valid:  99% Step: 144
 | Agent Prior Target Score SMILES SMILES_state Scaffold DASA DASA (raw) Solubility Solubility (raw) SA SA (raw)
 | 31.8006 86.9407 18.8750 0.8266853 COC=c1c(=O)[nH]c(=O)c(=C(O)C=CC=CN2CNC(=O)C2c2ccnc3ccccc23)[nH]c1=O 1 C=c1c(=O)[nH]c(=O)c(=CC=CC=CN2CNC(=O)C2c2ccnc3ccccc23)[nH]c1=O 1.0000000 1.0000 0.6645951 0.6646 0.7341087 4.3384
 | 28.0555 87.1205 22.8425 0.8590865 CC1(C(N)=NCCO)NNC(=O)C(=C(O)C=CC=CN2CCNC2)C(=O)NC1=O 1 O=C1CNNC(=O)C(=CC=CC=CN2CCNC2)C(=O)N1 1.0000000 1.0000 0.8794899 0.8795 0.6164218 4.6910
 | 17.6855 67.1490 42.1685 0.8540428 O=C1NCC(OCCCO)NC(=O)C1=C(O)C=CC=CN1CCC=CC1=O 1 O=C1NCCNC(=O)C1=CC=CC=CN1CCC=CC1=O 1.0000000 1.0000 0.7594228 0.7594 0.7171899 4.3938
 | 15.4457 44.5109 72.2919 0.9125218 CN(C)C=CC=CC(O)=C1C(=O)N(C)C(=O)C1(CO)CO 1 C=C1CC(=O)NC1=O 1.0000000 1.0000 0.8112175 0.8112 0.8750984 3.7318
 | 11.5154 65.6411 50.8520 0.9101025 O=C1CN(C=CC=CC(O)=c2c(=O)[nH]c(=CN3CCNCC3)[nH]c2=O)CC(=O)N1 1 O=C1CN(C=CC=CC=c2c(=O)[nH]c(=CN3CCNCC3)[nH]c2=O)CC(=O)N1 1.0000000 1.0000 0.8921422 0.8921 0.7720730 4.2052
 | 17.4935 68.0291 41.8317 0.8582873 C=c1oc(=O)c(=C(O)C=CC=CN2CCC(C)(O)C2=O)c(=O)[nH]c1=O 1 C=c1oc(=O)c(=CC=CC=CN2CCCC2=O)c(=O)[nH]c1=O 1.0000000 1.0000 0.8438201 0.8438 0.6452936 4.6102
 | 14.1581 66.1086 -66.1086 0.0000000 CNCN1NC(=O)C(=C(O)C=CC=CN2CNC(=O)C2)C1=O 1 O=C1CN(C=CC=CC=C2C(=O)NNC2=O)CN1 1.0000000 1.0000 0.8649954 0.8650 0.7989556 4.1012
 | 12.1898 56.4499 57.4034 0.8894790 NC1CCN(C=CC=CC(O)=C2C(=O)NCCCNC2=O)C1 1 O=C1NCCCNC(=O)C1=CC=CC=CN1CCCC1 1.0000000 1.0000 0.7837985 0.7838 0.8190767 4.0163
 | 15.1343 49.5992 62.5644 0.8762780 CC1=NC(=S)NC(=O)C1=C(O)C=CC=CN1CCNCC1 1 O=C1NC(=S)N=CC1=CC=CC=CN1CCNCC1 1.0000000 1.0000 0.6947474 0.6947 0.8890039 3.6446
 | 18.2888 61.3963 52.6281 0.8908157 O=C1NN=CC=NC1=C(O)C=CC=CN1CCCN(CCO)CC1 1 O=C1NN=CC=NC1=CC=CC=CN1CCCNCC1 1.0000000 1.0000 0.7453177 0.7453 0.8755869 3.7289
02:45:01 <INFO> Score: 0.82 Agent NLL: 16.36 Valid: 100% Step: 145
 | Agent Prior Target Score SMILES SMILES_state Scaffold DASA DASA (raw) Solubility Solubility (raw) SA SA (raw)
 | 13.5957 61.3512 54.6216 0.9060369 CN1CCC(=O)N(C=CC=CC(O)=C2C(=O)NC(NOCCO)NC2=O)C1 1 O=C1NCNC(=O)C1=CC=CC=CN1CNCCC1=O 1.0000000 1.0000 0.8538953 0.8539 0.7985961 4.1026
 | 11.6900 57.5822 54.9939 0.8795005 CC(O)C1NC(=O)C(=C(O)C=CC=CN2CCNC(=O)C2)NC1=O 1 O=C1CN(C=CC=CC=C2NC(=O)CNC2=O)CCN1 1.0000000 1.0000 0.8491781 0.8492 0.7095665 4.4181
 | 12.3604 59.4953 54.3499 0.8894163 O=c1[nH]c(=CN2CCOCC2)oc(=O)c1=C(O)C=CC=CN1CCCNC1 1 O=c1[nH]c(=CN2CCOCC2)oc(=O)c1=CC=CC=CN1CCCNC1 1.0000000 1.0000 0.8062125 0.8062 0.7915930 4.1306
 | 12.1226 44.3126 66.5693 0.8662648 CN(C)C=CC=CC(O)=C1CCCN(C)NC1=O 1 C=C1CCCNNC1=O 1.0000000 1.0000 0.6788921 0.6789 0.8709071 3.7564
 | 20.2109 66.0363 39.9115 0.8277167 CN(C)CC1ONC(=O)C(=C(O)C=CC=CN2CCCCO2)C1=O 1 O=C1CONC(=O)C1=CC=CC=CN1CCCCO1 1.0000000 1.0000 0.7054970 0.7055 0.6869246 4.4881
 | 17.9493 50.9323 63.7183 0.8957083 COCON1NC(=O)C(=C(O)C=CC=CN2CCOCC2)N1 1 O=C1NNNC1=CC=CC=CN1CCOCC1 1.0000000 1.0000 0.7988169 0.7988 0.8244477 3.9924
 | 15.5027 56.1078 56.1522 0.8770312 O=C1CCNC(=O)C1=C(O)C=CC=CN1CNCC(O)C1 1 O=C1CCNC(=O)C1=CC=CC=CN1CCCNC1 1.0000000 1.0000 0.8144790 0.8145 0.7372375 4.3279
 | 20.4330 77.4121 23.0953 0.7852144 CC1C(=O)NC(=C(O)C=CC=CN2CN=CN2)C(=O)NC1O 1 O=C1CCNC(=O)C(=CC=CC=CN2CN=CN2)N1 1.0000000 1.0000 0.8273802 0.8274 0.4546788 5.1184
 | 13.6232 55.0523 55.8922 0.8667538 O=C1NC(=O)C(=c2[nH]c(=O)c(=C(O)C=CC=CN3CCNC3C(=O)O)s2)C(=O)N1 1 O=C1NC(=O)C(=c2[nH]c(=O)c(=CC=CC=CN3CCNC3)s2)C(=O)N1 1.0000000 1.0000 0.8601142 0.8601 0.6571959 4.5760
 | 22.9968 63.9604 47.0575 0.8673267 COC1C(=O)N(CO)C(=O)NC(=O)C1=C(O)C=CC=CN1CCNC1=S 1 O=C1CC(=CC=CC=CN2CCNC2=S)C(=O)NC(=O)N1 1.0000000 1.0000 0.7794768 0.7795 0.7416579 4.3130
02:45:01 <INFO> Score: 0.82 Agent NLL: 16.61 Valid: 100% Step: 146
 | Agent Prior Target Score SMILES SMILES_state Scaffold DASA DASA (raw) Solubility Solubility (raw) SA SA (raw)
 | 13.8435 58.1071 51.8784 0.8592616 O=C1NC(=O)C(O)C1=C(O)C=CC=CN1CN=CNC1=O 1 O=C1CC(=CC=CC=CN2CN=CNC2=O)C(=O)N1 1.0000000 1.0000 0.8316922 0.8317 0.6597381 4.5687
 | 17.1624 69.2570 44.5064 0.8887764 C=C1NNNC(=O)C1=C(O)C=CC=CN1CC(=O)N(CC)C(=O)C1 1 C=C1NNNC(=O)C1=CC=CC=CN1CC(=O)NC(=O)C1 1.0000000 1.0000 0.7956266 0.7956 0.8018208 4.0895
 | 20.0942 57.7812 47.8992 0.8256288 CC1NNC(=O)NC(=O)C1=C(O)C=CC=CN1CCCC1=N 1 N=C1CCCN1C=CC=CC=C1CNNC(=O)NC1=O 1.0000000 1.0000 0.6931651 0.6932 0.6942122 4.4659
 | 21.6728 63.0014 44.3633 0.8387872 C=C1NC(=O)C(=C(O)C=CC=CN(C)CCO)CC(COC)N1 1 C=C1NCCC(=C)C(=O)N1 1.0000000 1.0000 0.7355792 0.7356 0.6908475 4.4762
 | 18.8020 72.8689 40.7814 0.8878926 CN1C(=COCCO)NC(=O)NC(=O)C1=C(O)C=CC=CN1CC(O)C1 1 C=C1NC(=O)NC(=O)C(=CC=CC=CN2CCC2)N1 1.0000000 1.0000 0.7970474 0.7970 0.7967700 4.1100
 | 14.0438 53.9866 61.4083 0.9015223 O=C1NC(=O)C(=C(O)C=CC=CN2CCCC2=O)C(=O)NC1=S 1 O=C1NC(=O)C(=CC=CC=CN2CCCC2=O)C(=O)NC1=S 1.0000000 1.0000 0.7617884 0.7618 0.8968091 3.5914
 | 17.0078 52.8513 63.0165 0.9052170 CC(=O)OC=c1[nH]c(=O)c(=C(O)C=CC=CN(C)CCO)c(=O)n1C 1 C=c1[nH]c(=O)c(=C)c(=O)[nH]1 1.0000000 1.0000 0.8493517 0.8494 0.8006750 4.0942
 | 11.4650 60.8682 51.2438 0.8758745 CN1CCCN(C=CC=CC(O)=C2C(=O)NNC(O)C2=O)C1 1 O=C1CNNC(=O)C1=CC=CC=CN1CCCNC1 1.0000000 1.0000 0.8179229 0.8179 0.7294594 4.3538
 | 13.3526 60.5746 54.0490 0.8954973 O=C1NNC(=CN2CCOCC2)NC(=O)C1=C(O)C=CC=CN1CCOCC1 1 O=C1NNC(=CN2CCOCC2)NC(=O)C1=CC=CC=CN1CCOCC1 1.0000000 1.0000 0.7683203 0.7683 0.8630166 3.8010
 | 16.0749 61.4645 54.3374 0.9047024 N=C1NC(=O)C(=C(O)C=CC=CN2CCC(=O)C(=O)C2)C(=O)N1 1 N=C1NC(=O)C(=CC=CC=CN2CCC(=O)C(=O)C2)C(=O)N1 1.0000000 1.0000 0.8178957 0.8179 0.8357698 3.9400
02:45:02 <INFO> Score: 0.81 Agent NLL: 16.40 Valid: 100% Step: 147
 | Agent Prior Target Score SMILES SMILES_state Scaffold DASA DASA (raw) Solubility Solubility (raw) SA SA (raw)
 | 11.9284 54.7340 55.0536 0.8577158 CC1CCCCN1C=CC=CC(O)=C1C(=O)NNC(=O)NC1=O 1 O=C1NNC(=O)C(=CC=CC=CN2CCCCC2)C(=O)N1 1.0000000 1.0000 0.6881779 0.6882 0.8218669 4.0039
 | 18.0931 61.9874 47.5913 0.8560839 NC1C(=O)NCN1C=CC=CC(O)=C1CCC(=O)NNC1=O 1 O=C1CN(C=CC=CC=C2CCC(=O)NNC2=O)CN1 1.0000000 1.0000 0.8463403 0.8463 0.6360843 4.6362
 | 16.3241 66.2437 46.1841 0.8783418 CCCN1CC(=O)N(C=CC=CC(O)=C2C(=O)NCC(CN)NC2=O)C1 1 O=C1NCCNC(=O)C1=CC=CC=CN1CNCC1=O 1.0000000 1.0000 0.8068098 0.8068 0.7503461 4.2831
 | 31.1997 73.6065 35.2042 0.8500832 NC(O)Cn1c(=C2CC2)[nH]c(=O)c(=C(O)C=CC=CN2CCNC2)c1=O 1 O=c1[nH]c(=C2CC2)[nH]c(=O)c1=CC=CC=CN1CCNC1 1.0000000 1.0000 0.8724186 0.8724 0.5954814 4.7481
 | 10.9438 53.1719 62.8682 0.9065634 C=c1oc(=O)c(=C(O)C=CC=CN2CCCC2)c(=O)[nH]c1=O 1 C=c1oc(=O)c(=CC=CC=CN2CCCC2)c(=O)[nH]c1=O 1.0000000 1.0000 0.8019695 0.8020 0.8631433 3.8003
 | 26.0865 70.3207 30.5106 0.7877446 CCCCC1CCN(C=CC=CC(O)=C2C(=O)NNC(CCC)C(=O)NC2=O)C1=O 1 O=C1CNNC(=O)C(=CC=CC=CN2CCCC2=O)C(=O)N1 1.0000000 1.0000 0.5775440 0.5775 0.7094419 4.4185
 | 13.3444 56.5522 51.2713 0.8423707 CN1OC(=O)C(=C(O)C=CC=CN2CC=COC2)C1=O 1 O=C1NOC(=O)C1=CC=CC=CN1CC=COC1 1.0000000 1.0000 0.7185938 0.7186 0.7233251 4.3740
 | 33.4456 89.6906 6.7579 0.7535039 O=C1NC(CNC2CC2CO)OC(O)(N2CCOCC2)C1=C(O)C=CC=CN1CCCNC1 1 O=C1NC(CNC2CC2)OC(N2CCOCC2)C1=CC=CC=CN1CCCNC1 1.0000000 1.0000 0.7844664 0.7845 0.4076336 5.2435
 | 9.7393 54.8097 62.7279 0.9182625 CN(C=CC=CC(O)=C1C(=O)NNC(=S)NC1=O)CCO 1 C=C1C(=O)NNC(=S)NC1=O 1.0000000 1.0000 0.8361279 0.8361 0.8664301 3.7820
 | 16.1647 64.9447 48.7005 0.8878528 O=C1CC(=C(O)C=CC=CN2CCNC(=O)C2)C(=O)NC(=O)CCN1 1 O=C1CC(=CC=CC=CN2CCNC(=O)C2)C(=O)NC(=O)CCN1 1.0000000 1.0000 0.8032449 0.8032 0.7892497 4.1398
02:45:03 <INFO> Sampled SMILES N1C(=O)C(=C(O)C=CC=CN2CCOCC2=O)C(=c2c(O)c(O)c(=C)c(=C)c2O)N1C failed to sanitize.
02:45:03 <INFO> Score: 0.74 Agent NLL: 16.31 Valid:  98% Step: 148
 | Agent Prior Target Score SMILES SMILES_state Scaffold DASA DASA (raw) Solubility Solubility (raw) SA SA (raw)
 | 11.4088 57.6664 48.2884 0.8277718 C=C1OCC(=C(O)C=CC=CN2CC=CC2=O)C(=O)N1C 1 C=C1NC(=O)C(=CC=CC=CN2CC=CC2=O)CO1 1.0000000 1.0000 0.6484778 0.6485 0.7602397 4.2482
 | 23.5949 66.4181 44.8039 0.8689220 CN(C=O)C=CC=CC(O)=C1C(=O)NNC(N)=C1C(N)O 1 C=C1C=CNNC1=O 1.0000000 1.0000 0.8820535 0.8821 0.6443553 4.6128
 | 13.4841 63.2965 49.9290 0.8845737 CN1NC(=O)C(=C(O)C=CC=CN2CN=CN2)C(=O)C1=O 1 O=C1NNC(=O)C(=CC=CC=CN2CN=CN2)C1=O 1.0000000 1.0000 0.8404443 0.8404 0.7359904 4.3321
 | 10.6232 56.0832 57.9083 0.8905583 CC1=NN(C)C(=O)NC(=O)C1=C(O)C=CC=CN1CCNC(=O)C1 1 O=C1CN(C=CC=CC=C2C=NNC(=O)NC2=O)CCN1 1.0000000 1.0000 0.7431496 0.7431 0.8775873 3.7168
 | 20.2322 62.4549 42.6023 0.8207594 CC1OC(O)C(=O)NC(=O)C1=C(O)C=CC=CN(O)C(C)C 1 C=C1COCC(=O)NC1=O 1.0000000 1.0000 0.7249322 0.7249 0.6417263 4.6203
 | 36.4279 85.7741 10.6749 0.7535085 CN=NC1=CC(=C(O)C=CC=CN2CC=NNC(C(=O)O)O2)C(=O)NC(N2CCOCC2)=N1 1 O=C1NC(N2CCOCC2)=NC=CC1=CC=CC=CN1CC=NNCO1 1.0000000 1.0000 0.6686911 0.6687 0.4937415 5.0163
 | 14.7255 56.6563 46.1228 0.8029616 CC=C1CCCCN1C=CC=CC(O)=C1C(=O)NCC(=O)C1O 1 C=C1CCCCN1C=CC=CC=C1CC(=O)CNC1=O 1.0000000 1.0000 0.6162731 0.6163 0.7111977 4.4129
 | 22.2207 72.1432 34.6867 0.8346084 COC1=COC(=C(O)C=CC=CNc2cccnc2)C(=O)NC1=O 1 O=C1C=COC(=CC=CC=CNc2cccnc2)C(=O)N1 1.0000000 1.0000 0.5809884 0.5810 0.8978972 3.5837
 | 11.4173 51.5877 60.1753 0.8731481 O=C1CC(O)C(=C(O)C=CC=CN2CCCC2=O)C1=O 1 O=C1CCC(=CC=CC=CN2CCCC2=O)C1=O 1.0000000 1.0000 0.7374735 0.7375 0.8152175 4.0331
 | 13.4841 48.8224 63.0698 0.8741578 O=C1NCCOC(=O)C1=C(O)C=CC=CN1CCSC1 1 O=C1NCCOC(=O)C1=CC=CC=CN1CCSC1 1.0000000 1.0000 0.7110908 0.7111 0.8557900 3.8399
02:45:03 <INFO> Score: 0.79 Agent NLL: 15.12 Valid: 100% Step: 149
 | Agent Prior Target Score SMILES SMILES_state Scaffold DASA DASA (raw) Solubility Solubility (raw) SA SA (raw)
 | 12.1547 50.1447 62.1209 0.8770744 O=C1CCNC(=O)C1=C(O)C=CC=CN1CCCC1CO 1 O=C1CCNC(=O)C1=CC=CC=CN1CCCC1 1.0000000 1.0000 0.7327919 0.7328 0.8370980 3.9337
 | 11.2835 61.6609 49.2127 0.8661996 O=C1NCN(C=CC=CC(O)=C2C(=O)NCC(O)NC2=O)C(=O)N1 1 O=C1NCN(C=CC=CC=C2C(=O)NCCNC2=O)C(=O)N1 1.0000000 1.0000 0.8500319 0.8500 0.6647729 4.5540
 | 19.9873 72.8884 30.3568 0.8066028 NC1=NCN(C=CC=CC(O)=C2CC(=O)C(C3=NCCO3)NC2=O)C(=O)N1 1 O=C1NC(C2=NCCO2)C(=O)CC1=CC=CC=CN1CN=CNC1=O 1.0000000 1.0000 0.7811734 0.7812 0.5453483 4.8815
 | 13.0522 63.4394 48.1937 0.8721335 O=C1NC=C(O)NC(=O)C1=C(O)C=CC=CN1OCCC1=O 1 O=C1NC=CNC(=O)C1=CC=CC=CN1OCCC1=O 1.0000000 1.0000 0.7764588 0.7765 0.7626169 4.2397
 | 14.6996 46.4436 69.3524 0.9046566 O=C1CCN(C=CC=CC(O)=C2C(=O)NC(=S)NC2=O)C1 1 O=C1CCN(C=CC=CC=C2C(=O)NC(=S)NC2=O)C1 1.0000000 1.0000 0.7736623 0.7737 0.8932438 3.6161
 | 14.2364 60.2390 56.4529 0.9116558 CN(C=CC=CC(O)=c1c(=O)[nH]c(=O)oc1=CN(C)CCO)CCO 1 C=c1oc(=O)[nH]c(=O)c1=C 1.0000000 1.0000 0.8760906 0.8761 0.7947506 4.1181
 | 18.9439 57.5608 31.2060 0.6934908 C=C(C)C1OC(=O)NC(=O)C1=C(O)C=CC=CN1CCCCC1C 1 O=C1NC(=O)C(=CC=CC=CN2CCCCC2)CO1 1.0000000 1.0000 0.3721424 0.3721 0.7039146 4.4358
 | 12.3421 48.6201 -48.6201 0.0000000 O=C1NC(=O)C(=C(O)C=CC=CN2CCCC2CCO)C(=O)N1 1 O=C1NC(=O)C(=CC=CC=CN2CCCC2)C(=O)N1 1.0000000 1.0000 0.7478808 0.7479 0.8591812 3.8219
 | 16.8727 62.3153 55.7873 0.9226767 Cn1c(=O)c(=C(O)C=CC=CN2CC2)c(=O)[nH]c(=O)c1=CO 1 C=c1[nH]c(=O)c(=CC=CC=CN2CC2)c(=O)[nH]c1=O 1.0000000 1.0000 0.8639041 0.8639 0.8500599 3.8697
 | 9.4280 50.6772 64.2449 0.8978288 O=C1NOC(=O)C1=C(O)C=CC=CN1CCCNC1 1 O=C1NOC(=O)C1=CC=CC=CN1CCCNC1 1.0000000 1.0000 0.7967116 0.7967 0.8353173 3.9422
02:45:04 <INFO> Sampled SMILES N1C(=O)C(=C(O)C=CC=CN2CCN(CCO)(O)CC2)OC1(C)C failed to sanitize.
02:45:04 <INFO> Score: 0.79 Agent NLL: 16.01 Valid:  99% Step: 150
 | Agent Prior Target Score SMILES SMILES_state Scaffold DASA DASA (raw) Solubility Solubility (raw) SA SA (raw)
 | 16.3744 49.6622 55.7717 0.8237023 CC1C(=O)CC(O)C(=C(O)C=CC=CN2CCCC2=O)C1=O 1 O=C1CCC(=CC=CC=CN2CCCC2=O)C(=O)C1 1.0000000 1.0000 0.6576946 0.6577 0.7321600 4.3449
 | 10.1217 56.5609 49.9231 0.8319064 CN1C(=O)C(=C(O)C=CC=CN2CC=COC2=O)C(O)C1=O 1 O=C1CC(=CC=CC=CN2CC=COC2=O)C(=O)N1 1.0000000 1.0000 0.7346831 0.7347 0.6683328 4.5436
 | 11.6446 53.9859 62.7659 0.9121231 O=C1CC(=O)C(=C(O)C=CC=CN2CNCCC2=O)C(=O)N1 1 O=C1CC(=O)C(=CC=CC=CN2CNCCC2=O)C(=O)N1 1.0000000 1.0000 0.8025425 0.8025 0.8848361 3.6717
 | 12.9228 50.7984 54.1192 0.8196689 CN1C(=C(O)C=CC=CN2CCNC2)C(=O)Nc2ccccc21 1 O=C1Nc2ccccc2NC1=CC=CC=CN1CCNC1 1.0000000 1.0000 0.5406378 0.5406 0.9073896 3.5133
 | 19.1225 79.7260 32.3557 0.8756376 O=C1NC(=CC=CN(CCO)CCO)COC(=O)C1=C(O)C=CC=CN1CCC1=O 1 C=C1COC(=O)C(=CC=CC=CN2CCC2=O)C(=O)N1 1.0000000 1.0000 0.7582207 0.7582 0.7980089 4.1050
 | 21.2753 77.0942 35.0096 0.8758110 CN=C1NCCCN1C=CC=CC(O)=c1c(=O)[nH]c(=CN(CCO)CCCN)[nH]c1=O 1 C=c1[nH]c(=O)c(=CC=CC=CN2CCCNC2=N)c(=O)[nH]1 1.0000000 1.0000 0.8562959 0.8563 0.6902000 4.4782
 | 11.2287 64.1052 51.0957 0.9000071 O=C1CCCN1C=CC=CC(O)=c1c(=O)[nH]c(=O)c(=CN2CCCNC2=O)[nH]c1=O 1 O=C1CCCN1C=CC=CC=c1c(=O)[nH]c(=O)c(=CN2CCCNC2=O)[nH]c1=O 1.0000000 1.0000 0.8099931 0.8100 0.8272855 3.9795
 | 14.4033 46.3723 46.0448 0.7220083 CC1(C)NC(=O)NC(=O)C1=C(O)C=CC=CN1CCCc2ccccc21 1 O=C1NCC(=CC=CC=CN2CCCc3ccccc32)C(=O)N1 1.0000000 1.0000 0.3416731 0.3417 0.9237285 3.3752
 | 14.8208 49.8161 65.2766 0.8991620 COC1=NNC(=O)C(=C(O)C=CC=CN(C)O)C(=O)N1 1 C=C1C(=O)NC=NNC1=O 1.0000000 1.0000 0.8100824 0.8101 0.8239186 3.9947
 | 20.5150 70.9641 35.2121 0.8295013 CC(O)C1=C(NCCO)NC(=O)C1=C(O)C=CC=CN1CC=CCO1 1 O=C1NC=CC1=CC=CC=CN1CC=CCO1 1.0000000 1.0000 0.7516423 0.7516 0.6424189 4.6183
02:45:05 <INFO> Score: 0.75 Agent NLL: 16.45 Valid: 100% Step: 151
 | Agent Prior Target Score SMILES SMILES_state Scaffold DASA DASA (raw) Solubility Solubility (raw) SA SA (raw)
 | 10.8290 64.8330 48.0840 0.8821638 O=C1NC(=CN2CCNCC2)COC(=O)C1=C(O)C=CC=CN1CCNC1 1 O=C1NC(=CN2CCNCC2)COC(=O)C1=CC=CC=CN1CCNC1 1.0000000 1.0000 0.7738444 0.7738 0.8033828 4.0830
 | 11.8136 67.6337 46.1720 0.8891073 C=c1oc(=O)c(=C(O)C=CC=CN2CCS(=O)(=O)NC2)c(=O)[nH]c1=O 1 C=c1oc(=O)c(=CC=CC=CN2CCS(=O)(=O)NC2)c(=O)[nH]c1=O 1.0000000 1.0000 0.8718539 0.8719 0.7195735 4.3861
 | 15.9984 71.7147 42.6845 0.8937436 CN(C=CC=CC(O)=C1SC(=O)C(NC(=O)CN)C(=O)NC1=O)CCO 1 C=C1SC(=O)CC(=O)NC1=O 1.0000000 1.0000 0.8486027 0.8486 0.7597120 4.2501
 | 8.2334 46.4712 68.1504 0.8954814 CN1ONC(=C(O)C=CC=CN2CCNC(=O)C2)C1=O 1 O=C1CN(C=CC=CC=C2NONC2=O)CCN1 1.0000000 1.0000 0.8225401 0.8225 0.7951500 4.1165
 | 15.9357 60.9767 48.7222 0.8570227 CCCN1C=CC(=O)N(C=CC=CC(O)=C2C(=O)C=C(OC)C(=O)NC2=O)C1 1 O=C1C=CC(=O)C(=CC=CC=CN2CNC=CC2=O)C(=O)N1 1.0000000 1.0000 0.6592187 0.6592 0.8624470 3.8041
 | 11.2088 48.4887 -48.4887 0.0000000 CN(C)C=CC=CC(O)=C1C(=O)NCC(O)NC1=O 1 C=C1C(=O)NCCNC1=O 1.0000000 1.0000 0.8391014 0.8391 0.7783641 4.1817
 | 13.8642 48.9485 69.5038 0.9254085 C=c1[nH]c(=O)c(=C(O)C=CC=CN(CCO)CCO)c(=O)[nH]1 1 C=c1[nH]c(=O)c(=C)c(=O)[nH]1 1.0000000 1.0000 0.8939878 0.8940 0.8260431 3.9852
 | 13.1890 48.1686 65.7387 0.8899004 CC=c1[nH]c(=O)c(=C(O)C=CC=CN2CCOCC2)n1C 1 C=c1[nH]c(=O)c(=CC=CC=CN2CCOCC2)[nH]1 1.0000000 1.0000 0.7723671 0.7724 0.8353058 3.9422
 | 17.8353 57.1901 50.7782 0.8435019 NC1CN(C=CC=CC(O)=C2CC(O)CC2=O)C1=O 1 O=C1CCCC1=CC=CC=CN1CCC1=O 1.0000000 1.0000 0.7937282 0.7937 0.6455879 4.6093
 | 14.4594 53.6824 63.0147 0.9116957 CN(C)C=CC=CC(O)=C1C(=O)NC(=O)CC(CO)NC1=O 1 C=C1C(=O)NCCC(=O)NC1=O 1.0000000 1.0000 0.8250430 0.8250 0.8542750 3.8479
02:45:05 <INFO> Score: 0.79 Agent NLL: 16.42 Valid: 100% Step: 152
 | Agent Prior Target Score SMILES SMILES_state Scaffold DASA DASA (raw) Solubility Solubility (raw) SA SA (raw)
 | 16.6452 57.2486 56.5202 0.8888189 O=C1CC(O)CC(=C(O)C=CC=CN2CCNC(=O)C2=O)C(=O)N1 1 O=C1CCCC(=CC=CC=CN2CCNC(=O)C2=O)C(=O)N1 1.0000000 1.0000 0.8242093 0.8242 0.7687248 4.2175
 | 19.1865 57.1688 51.9266 0.8523083 COCOC1=CC(=O)C(=C(O)C=CC=CN2CCCC2CO)C1=O 1 O=C1C=CC(=O)C1=CC=CC=CN1CCCC1 1.0000000 1.0000 0.6717491 0.6717 0.8238683 3.9950
 | 15.9460 63.9232 34.9655 0.7725674 C=CC1OC(=N)NC(=O)C1=C(O)C=CC=CN1CN(C)C(N)=N1 1 N=C1NC(=O)C(=CC=CC=CN2CNC=N2)CO1 1.0000000 1.0000 0.7539131 0.7539 0.4748400 5.0656
 | 13.2525 59.5069 49.4919 0.8515530 O=C1Cn2c([nH]c(=O)c2=C(O)C=CC=CN2C=CC=CC2)=N1 1 O=C1Cn2c([nH]c(=O)c2=CC=CC=CN2C=CC=CC2)=N1 1.0000000 1.0000 0.7775080 0.7775 0.6887209 4.4827
 | 16.9737 59.7015 48.3357 0.8440405 CC1NC(=O)C(=C(O)C=CC=CN2CC(CO)OCCC2=O)C(=O)O1 1 O=C1NCOC(=O)C1=CC=CC=CN1CCOCCC1=O 1.0000000 1.0000 0.7644138 0.7644 0.6772228 4.5173
 | 13.7788 54.9347 48.4028 0.8073237 CN1C(=O)C(=C(O)C=CC=CN2CCCC2=O)C(=O)C1=CN1CCCCC1 1 O=C1NC(=CN2CCCCC2)C(=O)C1=CC=CC=CN1CCCC1=O 1.0000000 1.0000 0.5172119 0.5172 0.8978385 3.5841
 | 11.0073 63.7548 57.0291 0.9436243 O=C1NC(=O)C(=C(O)C=CC=CN2CCNC(=O)C2=O)C(=O)NC1=O 1 O=C1NC(=O)C(=CC=CC=CN2CCNC(=O)C2=O)C(=O)NC1=O 1.0000000 1.0000 0.8898904 0.8899 0.9014727 3.5579
 | 18.8879 59.0764 45.3438 0.8157826 COC1CCC(=C(O)C=CC=CN2CCOCC2=O)C(=O)NC1=S 1 O=C1NC(=S)CCCC1=CC=CC=CN1CCOCC1=O 1.0000000 1.0000 0.6363285 0.6363 0.7314674 4.3472
 | 11.2783 59.2996 52.7395 0.8753055 O=C1C=CCOC(=O)C(=C(O)C=CC=CN2CCOCC2=O)C(=O)N1 1 O=C1C=CCOC(=O)C(=CC=CC=CN2CCOCC2=O)C(=O)N1 1.0000000 1.0000 0.7611477 0.7611 0.7930635 4.1248
 | 10.2400 49.9776 -49.9776 0.0000000 O=C1NCC(=O)C(O)C1=C(O)C=CC=CN1CCOCC1 1 O=C1CNC(=O)C(=CC=CC=CN2CCOCC2)C1 1.0000000 1.0000 0.8090343 0.8090 0.8115367 4.0489
02:45:06 <INFO> Score: 0.81 Agent NLL: 16.40 Valid: 100% Step: 153
 | Agent Prior Target Score SMILES SMILES_state Scaffold DASA DASA (raw) Solubility Solubility (raw) SA SA (raw)
 | 29.8386 75.2070 39.8395 0.8988008 CC(=O)NON1NNC(=O)C(=C(O)C=CC=CN(C)CO)C1=O 1 C=C1C(=O)NNNC1=O 1.0000000 1.0000 0.8699768 0.8700 0.7550527 4.2666
 | 20.9398 60.6783 50.1145 0.8655691 CN=C1C(=C(O)C=CC=CN2CC2)C(=O)N(C)C1O 1 N=C1CNC(=O)C1=CC=CC=CN1CC1 1.0000000 1.0000 0.7740944 0.7741 0.7415059 4.3135
 | 11.2717 54.5157 62.0723 0.9108437 CN1CC(=O)C(=C(O)C=CC=CN2CCNC(=O)C2)C(=O)N1 1 O=C1CN(C=CC=CC=C2C(=O)CNNC2=O)CCN1 1.0000000 1.0000 0.8271373 0.8271 0.8483424 3.8784
 | 20.1859 62.7627 36.6330 0.7765293 CCCCCCCCN1CCC(=O)N(C=CC=CC(O)=C2C(=O)NC(=O)NC2C=O)C1 1 O=C1NCC(=CC=CC=CN2CNCCC2=O)C(=O)N1 1.0000000 1.0000 0.4888053 0.4888 0.8160185 4.0296
 | 12.5864 55.6244 57.5548 0.8842120 CN1CNNC(=O)C1=C(O)C=CC=CN1CCCC1=O 1 O=C1NNCNC1=CC=CC=CN1CCCC1=O 1.0000000 1.0000 0.7702045 0.7702 0.8158488 4.0303
 | 12.6948 50.2365 60.8178 0.8676121 CN1CC(=O)CC(=C(O)C=CC=CN2CCNC2=S)C1=O 1 O=C1CNC(=O)C(=CC=CC=CN2CCNC2=S)C1 1.0000000 1.0000 0.7086333 0.7086 0.8326485 3.9548
 | 18.3777 66.7153 36.0666 0.8029832 CC(C)C1NCCON(C)C(=O)C1=C(O)C=CC=CN1CN(C)CCC1=O 1 O=C1NOCCNCC1=CC=CC=CN1CNCCC1=O 1.0000000 1.0000 0.6139263 0.6139 0.7145417 4.4023
 | 11.0898 54.8362 57.7204 0.8793486 CN1OC(=O)C(=C(O)C=CC=CN2CCC(=O)N2C)C1=O 1 O=C1CCN(C=CC=CC=C2C(=O)NOC2=O)N1 1.0000000 1.0000 0.7677663 0.7678 0.8002059 4.0961
 | 20.9612 65.4735 36.5178 0.7968067 O=C1CN(C=CC=CC(O)=C2OC(CO)C(NC3=CCCC3)C2=O)CCN1 1 O=C1CN(C=CC=CC=C2OCC(NC3=CCCC3)C2=O)CCN1 1.0000000 1.0000 0.7047032 0.7047 0.5862396 4.7730
 | 11.6165 51.0235 61.1771 0.8765667 O=C1NCCC(O)C1=C(O)C=CC=CN1CCNC1=O 1 O=C1NCCCC1=CC=CC=CN1CCNC1=O 1.0000000 1.0000 0.7838702 0.7839 0.7702007 4.2121
02:45:07 <INFO> Score: 0.80 Agent NLL: 14.84 Valid: 100% Step: 154
 | Agent Prior Target Score SMILES SMILES_state Scaffold DASA DASA (raw) Solubility Solubility (raw) SA SA (raw)
 | 18.1450 57.3889 48.8973 0.8303607 O=C1NC(=O)C(=C(O)C=CC=CN2CCC(O)(C(F)(F)F)CC2)C(O)N1 1 O=C1NCC(=CC=CC=CN2CCCCC2)C(=O)N1 1.0000000 1.0000 0.6649059 0.6649 0.7474951 4.2930
 | 11.5008 57.0118 59.3259 0.9088883 CN1C(=O)NC(=O)C(=C(O)C=CC=CN2CN=C(N)NC2=O)C1=O 1 O=C1NC(=O)C(=CC=CC=CN2CN=CNC2=O)C(=O)N1 1.0000000 1.0000 0.8100600 0.8101 0.8620324 3.8064
 | 20.3723 71.6826 -71.6826 0.0000000 O=C1NC(=O)C(SCCO)NC(=O)C1=C(O)C=CC=CN1CCC(O)C1CO 1 O=C1CNC(=O)C(=CC=CC=CN2CCCC2)C(=O)N1 1.0000000 1.0000 0.8333702 0.8334 0.5510626 4.8665
 | 15.9559 67.5040 35.7410 0.8066016 C=C1COC(=O)C(=C(O)C=CC=CN2CCc3ccccc3C2)C(=O)NC1=O 1 C=C1COC(=O)C(=CC=CC=CN2CCc3ccccc3C2)C(=O)NC1=O 1.0000000 1.0000 0.5076190 0.5076 0.9147928 3.4537
 | 13.5891 67.9953 41.1944 0.8530445 O=C1NCCN1C=c1[nH]c(=O)c(=C(O)C=CC=CN2CCOOC2=O)c(=O)o1 1 O=C1NCCN1C=c1[nH]c(=O)c(=CC=CC=CN2CCOOC2=O)c(=O)o1 1.0000000 1.0000 0.8081499 0.8081 0.6623548 4.5611
 | 24.2158 69.9173 30.8074 0.7869117 CN(C)C=CC1=CC(O)C(=C(O)C=CC=CN2CC2N)C(=O)N1C 1 O=C1NC=CCC1=CC=CC=CN1CC1 1.0000000 1.0000 0.7258372 0.7258 0.5368861 4.9037
 | 11.4750 50.3331 -50.3331 0.0000000 O=C1NC(=O)N(CCO)C1=C(O)C=CC=CN1CCC1 1 O=C1NC(=O)C(=CC=CC=CN2CCC2)N1 1.0000000 1.0000 0.7750795 0.7751 0.9100227 3.4926
 | 22.1147 66.9728 42.5678 0.8557862 CC(=O)N1CCN(C=CC=CC(O)=C2SC(=NO)CC(=O)NC2=O)CC1 1 N=C1CC(=O)NC(=O)C(=CC=CC=CN2CCNCC2)S1 1.0000000 1.0000 0.6494042 0.6494 0.8728027 3.7453
 | 20.0459 68.3464 33.6060 0.7965027 O=C1NC(O)(C=CN2CCCCCC2)OC(=O)C1=C(O)C=CC=CN1CCC(O)CC1 1 O=C1NC(C=CN2CCCCCC2)OC(=O)C1=CC=CC=CN1CCCCC1 1.0000000 1.0000 0.5775635 0.5776 0.7431335 4.3080
 | 11.2334 64.1073 46.2604 0.8622481 CN1CCC(=O)N(C=CC=CC(O)=C2C(=O)NC(=CN3CCOCC3)COC2=O)C1 1 O=C1NC(=CN2CCOCC2)COC(=O)C1=CC=CC=CN1CNCCC1=O 1.0000000 1.0000 0.6925069 0.6925 0.8339627 3.9486
02:45:07 <INFO> Sampled SMILES O=C1NC(=O)C(=C(O)C=CC=CN2C(CO)CCC2)CC[n+]2c1ccc2 failed to sanitize.
02:45:07 <INFO> Score: 0.80 Agent NLL: 15.70 Valid:  99% Step: 155
 | Agent Prior Target Score SMILES SMILES_state Scaffold DASA DASA (raw) Solubility Solubility (raw) SA SA (raw)
 | 10.4411 51.2023 60.0584 0.8692244 O=C1CN(C=CC=CC(O)=c2c(=O)[nH]c(=CBr)oc2=O)CCN1 1 C=c1[nH]c(=O)c(=CC=CC=CN2CCNC(=O)C2)c(=O)o1 1.0000000 1.0000 0.7769183 0.7769 0.7514560 4.2792
 | 16.1695 55.2744 47.0676 0.7995471 CC1COCCN1C=CC=CC(O)=C1CC=C(C=O)NC1=O 1 O=C1NC=CCC1=CC=CC=CN1CCOCC1 1.0000000 1.0000 0.6485029 0.6485 0.6571290 4.5762
 | 17.6168 60.7007 39.4994 0.7828132 CCN(C=CC=CC(O)=C1OCC(=CN2CCCC2=O)N(C)C1=O)CC 1 C=C1OCC(=CN2CCCC2=O)NC1=O 1.0000000 1.0000 0.5022034 0.5022 0.8171630 4.0246
 | 9.8131 52.4420 52.0292 0.8161812 O=C1NOS(=O)NC1=C(O)C=CC=CN1CCNC1=O 1 O=C1NOS(=O)NC1=CC=CC=CN1CCNC1=O 1.0000000 1.0000 0.8166636 0.8167 0.5433151 4.8868
 | 23.1763 73.1733 29.5164 0.8022636 C=C1NC(=O)C(=C(O)C=CC=CN2CCN=C2N=N)C(N)NC1=O 1 C=C1NC(=O)C(=CC=CC=CN2C=NCC2)CNC1=O 1.0000000 1.0000 0.7625919 0.7626 0.5487583 4.8725
 | 11.0340 67.2968 38.4574 0.8262048 CN1CCC(CO)NC(=O)C1=C(O)C=CC=CN1CN=CN1 1 O=C1NCCCNC1=CC=CC=CN1CN=CN1 1.0000000 1.0000 0.7958509 0.7959 0.5898889 4.7632
 | 15.9646 55.4568 48.2174 0.8099547 CC1C(=O)CC(=C(O)C=CC=CN2OCCC2=O)C(=O)N1C 1 O=C1CNC(=O)C(=CC=CC=CN2OCCC2=O)C1 1.0000000 1.0000 0.6752122 0.6752 0.6610082 4.5650
 | 14.1415 59.0707 52.2462 0.8696631 CC1=NC(=O)NNC(=O)C1=C(O)C=CC=CN1CCN(C=O)C1=O 1 O=C1N=CC(=CC=CC=CN2CCNC2=O)C(=O)NN1 1.0000000 1.0000 0.7409825 0.7410 0.7970853 4.1087
 | 15.7692 58.5790 47.9750 0.8324531 C=C1CCCN1C=CC=CC(O)=C1C(=O)N(CCO)N=C1C 1 C=C1CCCN1C=CC=CC=C1C=NNC1=O 1.0000000 1.0000 0.5964789 0.5965 0.8605914 3.8142
 | 16.0277 61.3817 54.9415 0.9087751 N=C1NC(=O)CC(=C(O)C=CC=CN2CCN(CCO)CC2=O)C(=O)N1 1 N=C1NC(=O)CC(=CC=CC=CN2CCNCC2=O)C(=O)N1 1.0000000 1.0000 0.8233148 0.8233 0.8449633 3.8954
02:45:08 <INFO> Score: 0.79 Agent NLL: 16.05 Valid: 100% Step: 156
 | Agent Prior Target Score SMILES SMILES_state Scaffold DASA DASA (raw) Solubility Solubility (raw) SA SA (raw)
 | 17.8435 75.3134 34.1795 0.8554131 N=C(N)NCCCC[SH]1(=O)NC(=C(O)C=CC=CN2CCOCC2=O)C(=O)NC1=O 1 O=C1NC(=O)S(=O)NC1=CC=CC=CN1CCOCC1=O 1.0000000 1.0000 0.7872451 0.7872 0.6915234 4.4741
 | 15.1343 62.8126 51.6305 0.8940869 O=CC=C1COC(=O)C(=C(O)C=CC=CN2CCNC(=O)C2)C(=O)N1 1 C=C1COC(=O)C(=CC=CC=CN2CCNC(=O)C2)C(=O)N1 1.0000000 1.0000 0.7973398 0.7973 0.8200167 4.0121
 | 19.3774 69.5162 39.5671 0.8522138 O=C1NCC(C(=O)O)C(=O)NC(=O)C1=C(O)C=CC=CN1CCCC1(O)CO 1 O=C1CCNC(=O)C(=CC=CC=CN2CCCC2)C(=O)N1 1.0000000 1.0000 0.8317733 0.8318 0.6372327 4.6330
 | 16.5525 61.0240 50.4831 0.8711488 COCCN1C(=O)C1=C(O)C=CC=CN1CCOS(=O)(=O)C1=O 1 O=C1NC1=CC=CC=CN1CCOS(=O)(=O)C1=O 1.0000000 1.0000 0.7384371 0.7384 0.8061420 4.0716
 | 17.4437 54.9713 48.9334 0.8117556 CN1CCC(=O)N(C=CC=CC(O)=C2C(=O)NC(=O)NC2Cc2ccccc2)C1 1 O=C1NC(=O)C(=CC=CC=CN2CNCCC2=O)C(Cc2ccccc2)N1 1.0000000 1.0000 0.5414911 0.5415 0.8695142 3.7644
 | 13.5669 58.4288 52.5644 0.8671344 O=C1CC(=C(O)C=CC=CN2CCOOC2=O)C(=O)NN1 1 O=C1CC(=CC=CC=CN2CCOOC2=O)C(=O)NN1 1.0000000 1.0000 0.7719628 0.7720 0.7496306 4.2856
 | 10.6739 57.5566 55.5940 0.8839890 CN1CCON(C=CC=CC(O)=C2C(=O)CCNC2=O)C1 1 O=C1CCNC(=O)C1=CC=CC=CN1CNCCO1 1.0000000 1.0000 0.7512895 0.7513 0.8396688 3.9214
 | 11.2569 49.4767 64.0463 0.8868985 O=C1NCC(=C(O)C=CC=CN2CCNC2=S)C(=O)N1 1 O=C1NCC(=CC=CC=CN2CCNC2=S)C(=O)N1 1.0000000 1.0000 0.7656007 0.7656 0.8322768 3.9565
 | 26.2244 71.5242 34.6722 0.8296590 CN(C=CC=CC(O)=C1C(=O)N(C)CCCNC1=CN1CCCC(O)C1)CCO 1 C=C1C(=O)NCCCNC1=CN1CCCCC1 1.0000000 1.0000 0.6551885 0.6552 0.7581217 4.2558
 | 7.4743 57.5234 -57.5234 0.0000000 COC=c1oc(=O)c(=C(O)C=CC=CN2CCCC2=O)c(=O)[nH]c1=O 1 C=c1oc(=O)c(=CC=CC=CN2CCCC2=O)c(=O)[nH]c1=O 1.0000000 1.0000 0.8156823 0.8157 0.8243557 3.9928
02:45:09 <INFO> Sampled SMILES O=C1NC(=O)C(=C(O)C=CC=CN(CCO)C)(C=CC=CN(C)C)[N+](=O)[O-]1 failed to sanitize.
02:45:09 <INFO> Score: 0.76 Agent NLL: 17.03 Valid:  99% Step: 157
 | Agent Prior Target Score SMILES SMILES_state Scaffold DASA DASA (raw) Solubility Solubility (raw) SA SA (raw)
 | 18.1123 59.7809 40.3104 0.7819634 O=C1NC(=O)N(O)c2ccccc2CC1=C(O)C=CC=CN1CCC1 1 O=C1NC(=O)C(=CC=CC=CN2CCC2)Cc2ccccc2N1 1.0000000 1.0000 0.4535566 0.4536 0.9192323 3.4157
 | 12.2266 59.8501 55.7507 0.9031312 CN1CCON(C=CC=CC(O)=C2C(=O)NC(=O)COC2=O)C1 1 O=C1COC(=O)C(=CC=CC=CN2CNCCO2)C(=O)N1 1.0000000 1.0000 0.7957411 0.7957 0.8574868 3.8309
 | 27.1857 65.0977 35.8929 0.7889893 NCCCCCC1C(=O)NC(CO)CN1C=CC=CC(O)=C1C(=O)Nc2ccccc21 1 O=C1CN(C=CC=CC=C2C(=O)Nc3ccccc32)CCN1 1.0000000 1.0000 0.5254194 0.5254 0.8000023 4.0969
 | 16.6068 66.1967 37.9131 0.8133584 O=C1NC(=O)C(O)CCSC1=C(O)C=CC=CN1CCC=CC1=O 1 O=C1CCCSC(=CC=CC=CN2CCC=CC2=O)C(=O)N1 1.0000000 1.0000 0.6527269 0.6527 0.7006587 4.4460
 | 22.7423 42.7469 -42.7287 0.0001425 CC(O)C(O)C1CNC(=O)NC(=O)C1=O 1 O=C1NCCC(=O)C(=O)N1 0.0000000 0.0000 0.9098241 0.9098 0.7866421 4.1500
 | 14.9038 56.8412 54.9852 0.8736441 O=C1NC(=O)C2C(=O)NC(=O)C2C1=C(O)C=CC=CN1CCCC1=O 1 O=C1NC(=O)C2C(=O)NC(=O)C2C1=CC=CC=CN1CCCC1=O 1.0000000 1.0000 0.7934759 0.7935 0.7484530 4.2897
 | 19.0427 49.2115 50.4595 0.7786791 CN(C)C=CC=CC(O)=C1C(=O)NC([n+]2cccc3ccccc32)C1O 1 C=C1CC([n+]2cccc3ccccc32)NC1=O 1.0000000 1.0000 0.5361592 0.5362 0.7388449 4.3225
 | 11.3955 54.1597 59.5120 0.8880603 CN1C(=O)NC(C(=O)O)C(=C(O)C=CC=CN2CCNC(=O)C2)C1=O 1 O=C1CN(C=CC=CC=C2CNC(=O)NC2=O)CCN1 1.0000000 1.0000 0.8032019 0.8032 0.7900757 4.1366
 | 27.8392 77.2150 28.5903 0.8266038 O=C1NC(=O)C(=C(O)C=CC=CN2SCCC2=O)SCC1=C1OC(=O)C(=O)C1=O 1 O=C1NC(=O)C(=C2OC(=O)C(=O)C2=O)CSC1=CC=CC=CN1SCCC1=O 1.0000000 1.0000 0.6534496 0.6534 0.7488495 4.2883
 | 12.7890 60.5579 52.7707 0.8853793 N=C1NNC(=O)C(=C(O)C=CC=CN2CCNC(=O)C2)CO1 1 N=C1NNC(=O)C(=CC=CC=CN2CCNC(=O)C2)CO1 1.0000000 1.0000 0.8243064 0.8243 0.7562003 4.2626
02:45:09 <INFO> Score: 0.79 Agent NLL: 14.76 Valid: 100% Step: 158
 | Agent Prior Target Score SMILES SMILES_state Scaffold DASA DASA (raw) Solubility Solubility (raw) SA SA (raw)
 | 18.4402 60.7556 34.9570 0.7477552 CN1C(=O)C(=C(O)C=CC=CN2CC=CO2)C(O)C1OCc1ccccc1 1 O=C1NC(OCc2ccccc2)CC1=CC=CC=CN1CC=CO1 1.0000000 1.0000 0.4941433 0.4941 0.6873313 4.4869
 | 20.1062 60.9875 37.9108 0.7726431 CN1NC(=O)C(=C(O)C=CC=CN2CCCC2=O)OC12CCCNC2 1 O=C1NNC2(CCCNC2)OC1=CC=CC=CN1CCCC1=O 1.0000000 1.0000 0.6764796 0.6765 0.5410109 4.8929
 | 12.5663 61.1963 44.9712 0.8294337 CN1NC(=O)OC(=C(O)C=CC=CN2CCC=C2O)C1=O 1 O=C1NNC(=O)C(=CC=CC=CN2C=CCC2)O1 1.0000000 1.0000 0.6648112 0.6648 0.7441237 4.3046
 | 20.9805 75.8183 32.6992 0.8477931 O=C1NC(=O)C(=CC=C2COC(=O)C(=C(O)C=CC=CN3CC=CO3)C(=O)N2)C(=O)N1 1 O=C1NC(=O)C(=CC=C2COC(=O)C(=CC=CC=CN3CC=CO3)C(=O)N2)C(=O)N1 1.0000000 1.0000 0.7140428 0.7140 0.7487698 4.2886
 | 10.3907 61.8332 57.5196 0.9324440 O=C1NC(=O)C(=C(O)C=CC=CN2CCCC2=O)C(=O)NC(=O)C1=O 1 O=C1NC(=O)C(=CC=CC=CN2CCCC2=O)C(=O)NC(=O)C1=O 1.0000000 1.0000 0.8326806 0.8327 0.9286274 3.3285
 | 9.2436 50.8032 65.2685 0.9068099 O=C1CN(C=CC=CC(O)=C2C(=O)NC(=O)C(=O)C2O)CCN1 1 O=C1CN(C=CC=CC=C2CC(=O)C(=O)NC2=O)CCN1 1.0000000 1.0000 0.8688358 0.8688 0.7849518 4.1565
 | 11.6878 49.7926 62.9119 0.8805041 CN1C(=O)CCC(=C(O)C=CC=CN2CCC(=O)N2)C1=O 1 O=C1CCC(=CC=CC=CN2CCC(=O)N2)C(=O)N1 1.0000000 1.0000 0.7288861 0.7289 0.8564069 3.8367
 | 13.2576 67.4298 43.4394 0.8661653 O=C1CCN(C=CC=CC(O)=C2C(=O)NC(=O)NC(O)NC2=O)ON1 1 O=C1CCN(C=CC=CC=C2C(=O)NCNC(=O)NC2=O)ON1 1.0000000 1.0000 0.8599503 0.8600 0.6554735 4.5810
 | 17.1052 60.6420 43.0301 0.8099386 CN(C=CC=CC(O)=C1CC2CC(=O)OC2(C)C(=O)NC1=O)CCO 1 C=C1CC2CC(=O)OC2C(=O)NC1=O 1.0000000 1.0000 0.7218188 0.7218 0.6100774 4.7084
 | 13.8561 56.3793 56.4944 0.8818262 C=C1NC(=O)C(=C(O)C=CC=CN2CN=C(N)NC2)C1=O 1 C=C1NC(=O)C(=CC=CC=CN2CN=CNC2)C1=O 1.0000000 1.0000 0.8145951 0.8146 0.7541861 4.2697
02:45:10 <INFO> Score: 0.71 Agent NLL: 15.81 Valid: 100% Step: 159
 | Agent Prior Target Score SMILES SMILES_state Scaffold DASA DASA (raw) Solubility Solubility (raw) SA SA (raw)
 | 11.5581 55.8454 -55.8454 0.0000000 CN1OCC(=C(O)C=CC=CN2CC=COC2=O)C1=O 1 O=C1NOCC1=CC=CC=CN1CC=COC1=O 1.0000000 1.0000 0.6543556 0.6544 0.7042218 4.4349
 | 14.2706 55.4837 55.8007 0.8694093 O=C1NOC(=O)C1=C(O)C=CC=CN1CCCOC(CCO)C1 1 O=C1NOC(=O)C1=CC=CC=CN1CCCOCC1 1.0000000 1.0000 0.7576274 0.7576 0.7751667 4.1937
 | 11.2652 52.9844 64.5053 0.9178886 NC1=NC(=C(O)C=CC=CN2CCNC(=O)C2)C(=O)NC1=O 1 O=C1C=NC(=CC=CC=CN2CCNC(=O)C2)C(=O)N1 1.0000000 1.0000 0.8579720 0.8580 0.8385907 3.9266
 | 20.2083 61.2064 53.3338 0.8948457 CN1C(=O)C(=C2NC(=O)C(=C(O)C=CC=CN3CNCC3=O)C2=O)N(C)C1=O 1 O=C1NC(=O)C(=C2NC(=O)C(=CC=CC=CN3CNCC3=O)C2=O)N1 1.0000000 1.0000 0.7901623 0.7902 0.8319221 3.9581
 | 20.5666 65.6431 48.7293 0.8935339 COCC1=NC(=O)NC(=O)C1=C(O)C=CC=CN1CNCC(=O)C1=O 1 O=C1N=CC(=CC=CC=CN2CNCC(=O)C2=O)C(=O)N1 1.0000000 1.0000 0.7961456 0.7961 0.8193613 4.0150
 | 12.6941 47.0742 -47.0742 0.0000000 O=C1CCC(=O)C(=C(O)C=CC=CN2CCOCC2)C(=O)N1 1 O=C1CCC(=O)C(=CC=CC=CN2CCOCC2)C(=O)N1 1.0000000 1.0000 0.7336282 0.7336 0.9392229 3.2165
 | 17.8102 57.2371 54.7283 0.8747299 NCCN1C(=O)NC(=O)C(=C(O)C=CC=CN2CCCCC2CC(=O)O)C1=O 1 O=C1NC(=O)C(=CC=CC=CN2CCCCC2)C(=O)N1 1.0000000 1.0000 0.7009764 0.7010 0.8730249 3.7440
 | 23.4067 67.3462 44.6538 0.8750000 O=C1C=C(CO)C(=CCO)CC(=C(O)C=CC=CN2CC2)C(=O)N1 1 C=C1C=CC(=O)NC(=O)C(=CC=CC=CN2CC2)C1 1.0000000 1.0000 0.7416206 0.7416 0.8169882 4.0254
 | 11.7017 44.3690 -44.3690 0.0000000 CN(C)C=CC=CC(O)=C1OC(CO)C(=O)NC1=O 1 C=C1OCC(=O)NC1=O 1.0000000 1.0000 0.8194831 0.8195 0.7942502 4.1201
 | 11.9190 52.1260 60.4430 0.8794455 CN1CN(C)C(=C(O)C=CC=CN2CCC2)C(=O)N1 1 O=C1NNCNC1=CC=CC=CN1CCC1 1.0000000 1.0000 0.7456552 0.7457 0.8291475 3.9710
02:45:11 <INFO> Score: 0.80 Agent NLL: 15.16 Valid: 100% Step: 160
 | Agent Prior Target Score SMILES SMILES_state Scaffold DASA DASA (raw) Solubility Solubility (raw) SA SA (raw)
 | 10.8165 57.9515 55.8349 0.8889564 CC(=O)NC1NC(=O)C(=C(O)C=CC=CN2CCC2)NC1=O 1 O=C1CNC(=O)C(=CC=CC=CN2CCC2)N1 1.0000000 1.0000 0.8095396 0.8095 0.7859814 4.1526
 | 12.9981 44.3906 67.0260 0.8704426 CC1CC(=C(O)C=CC=CN(CCO)CCO)C(=O)O1 1 C=C1CCOC1=O 1.0000000 1.0000 0.7530422 0.7530 0.7847393 4.1574
 | 31.3168 81.5686 18.1083 0.7787257 CN1CCN(C=CC=CC(O)=C2C(=O)NC(=C3SC(=N)NC3N)N(C)C2CO)C(=O)C1 1 N=C1NCC(=C2NCC(=CC=CC=CN3CCNCC3=O)C(=O)N2)S1 1.0000000 1.0000 0.7504818 0.7505 0.4936360 5.0166
 | 12.4566 64.2276 45.1630 0.8546140 O=C1CCN(C=CC=CC(O)=C2CCCNNC2=O)ON1 1 O=C1CCN(C=CC=CC=C2CCCNNC2=O)ON1 1.0000000 1.0000 0.7616044 0.7616 0.7167351 4.3953
 | 23.8994 56.6712 52.9201 0.8561823 COC(=O)NC=CC=CC(O)=C1C(=O)NC(C)(OC)OC1=O 1 C=C1C(=O)NCOC1=O 1.0000000 1.0000 0.7358646 0.7359 0.7526979 4.2749
 | 18.8093 63.1919 42.3784 0.8247675 O=C1NC(=O)C2(C(=O)NC(=O)C(=C(O)C=CC=CN3CC=CCC3=O)C2=O)C1=O 1 O=C1NC(=O)C2(C(=O)NC(=O)C(=CC=CC=CN3CC=CCC3=O)C2=O)C1=O 1.0000000 1.0000 0.8194906 0.8195 0.5653791 4.8287
 | 9.7499 56.1242 52.1898 0.8462032 O=C1NC(=O)C(O)C1=C(O)C=CC=CN1CC=COC1=O 1 O=C1CC(=CC=CC=CN2CC=COC2=O)C(=O)N1 1.0000000 1.0000 0.7703340 0.7703 0.6782326 4.5142
 | 16.0297 64.3066 52.2581 0.9106618 O=C1CNC(=O)C(=C(O)C=CC=CN2CC=NCC2=O)C(=O)N1 1 O=C1CNC(=O)C(=CC=CC=CN2CC=NCC2=O)C(=O)N1 1.0000000 1.0000 0.8370990 0.8371 0.8355410 3.9411
 | 8.7833 48.1019 68.2109 0.9086935 CN1NC(N)=NC(=C(O)C=CC=CN2CCNC(=O)C2)C1=O 1 O=C1CN(C=CC=CC=C2N=CNNC2=O)CCN1 1.0000000 1.0000 0.8434158 0.8434 0.8205464 4.0098
 | 13.3022 48.1016 66.2651 0.8934896 O=C1CN(C=CC=CC(O)=C2NCCCC2=O)CCN1 1 O=C1CN(C=CC=CC=C2NCCCC2=O)CCN1 1.0000000 1.0000 0.7524963 0.7525 0.8765380 3.7231
02:45:11 <INFO> Score: 0.83 Agent NLL: 16.05 Valid: 100% Step: 161
 | Agent Prior Target Score SMILES SMILES_state Scaffold DASA DASA (raw) Solubility Solubility (raw) SA SA (raw)
 | 17.7016 62.5333 52.8298 0.9012740 CN1C(=O)CN(C=CC=CC(O)=C2NCCNC(=O)NC2=O)C1=O 1 O=C1CN(C=CC=CC=C2NCCNC(=O)NC2=O)C(=O)N1 1.0000000 1.0000 0.7921658 0.7922 0.8547111 3.8456
 | 14.4361 63.2070 45.8620 0.8521011 CC1(O)C(=O)C(=O)NC(=O)C(=C(O)C=CC=CN2CCC(=O)N2)C1O 1 O=C1CCN(C=CC=CC=C2CCC(=O)C(=O)NC2=O)N1 1.0000000 1.0000 0.8524015 0.8524 0.6184289 4.6854
 | 13.3209 66.4862 29.9271 0.7532295 CC(O)C1NC(=O)C(=C(O)C=CC=CN2CC=COC2=O)SC1=O 1 O=C1CNC(=O)C(=CC=CC=CN2CC=COC2=O)S1 1.0000000 1.0000 0.6414320 0.6414 0.5182198 4.9525
 | 16.4916 60.1244 41.9901 0.7977696 CC1NC(=O)CN(C=CC=CC(O)=C2C(=O)N(C)C(O)C2O)C1O 1 O=C1CN(C=CC=CC=C2CCNC2=O)CCN1 1.0000000 1.0000 0.8473383 0.8473 0.4722993 5.0723
 | 14.6406 71.1770 40.6731 0.8738296 CCCCN1CCC(=O)N(C=CC=CC(O)=c2oc(=C(O)CO)[nH]c2=O)C1 1 C=c1[nH]c(=O)c(=CC=CC=CN2CNCCC2=O)o1 1.0000000 1.0000 0.7414386 0.7414 0.8126476 4.0441
 | 15.8903 48.4758 62.3425 0.8657678 O=C1CC(=O)C(=C(O)C=CC=CN2CCNC2=S)O1 1 O=C1CC(=O)C(=CC=CC=CN2CCNC2=S)O1 1.0000000 1.0000 0.7234732 0.7235 0.8049690 4.0765
 | 19.2707 58.7393 45.9831 0.8181431 CN1C(=O)C(=C(O)C=CC=CN2CNCC2CN)Cc2ccccc21 1 O=C1Nc2ccccc2CC1=CC=CC=CN1CCNC1 1.0000000 1.0000 0.5913493 0.5913 0.8084815 4.0618
 | 18.4799 67.3984 43.8737 0.8693132 O=C1CC(CO)(NCCO)NC(=O)C1=C(O)C=CC=CN1CCNC1 1 O=C1CCNC(=O)C1=CC=CC=CN1CCNC1 1.0000000 1.0000 0.8645261 0.8645 0.6613125 4.5641
 | 9.8973 42.3563 56.1424 0.7695211 CN1C(=O)C(=C(O)C=CC=CN2CCCC2=O)c2ccccc21 1 O=C1Nc2ccccc2C1=CC=CC=CN1CCCC1=O 1.0000000 1.0000 0.4154667 0.4155 0.9547347 3.0138
 | 21.0036 62.2627 39.8004 0.7973673 O=CCCC1CC(=O)C(=C(O)C=CC=CN2CC=CC=N2)C(=O)N1 1 O=C1CCNC(=O)C1=CC=CC=CN1CC=CC=N1 1.0000000 1.0000 0.6490513 0.6491 0.6489788 4.5997
02:45:12 <INFO> Sampled SMILES N1C(=O)C(=C(O)C=CC=CN2CCCO2)(C)OC1=O failed to sanitize.
02:45:12 <INFO> Sampled SMILES O=C1C(=C(O)C=CC=CN2CC(=O)NCC2)CC=C2(C)C(O)(C)CCC12 failed to sanitize.
02:45:12 <INFO> Score: 0.76 Agent NLL: 15.42 Valid:  98% Step: 162
 | Agent Prior Target Score SMILES SMILES_state Scaffold DASA DASA (raw) Solubility Solubility (raw) SA SA (raw)
 | 10.0885 48.1641 65.4638 0.8877181 CC1=CC(=O)NC(=O)C1=C(O)C=CC=CN1CCOCC1=O 1 O=C1C=CC(=CC=CC=CN2CCOCC2=O)C(=O)N1 1.0000000 1.0000 0.7246714 0.7247 0.8924541 3.6215
 | 13.7931 62.8225 45.4002 0.8454895 NC1CNC(=O)C(=C(O)C=CC=CN2CCC(=O)C2O)C(=O)N1 1 O=C1CCN(C=CC=CC=C2C(=O)NCCNC2=O)C1 1.0000000 1.0000 0.8634944 0.8635 0.5893090 4.7648
 | 11.3185 46.3248 68.0720 0.8937245 O=C1CN(C=CC=CC(O)=C2C(=O)NSC2=O)CCN1 1 O=C1CN(C=CC=CC=C2C(=O)NSC2=O)CCN1 1.0000000 1.0000 0.7859130 0.7859 0.8329254 3.9535
 | 13.4370 61.8202 51.4273 0.8847458 CN1CCC(=O)N(C=CC=CC(O)=C2NCCCNNC2=O)C1 1 O=C1NNCCCNC1=CC=CC=CN1CNCCC1=O 1.0000000 1.0000 0.7727984 0.7728 0.8146260 4.0356
 | 9.4393 51.3209 -51.3209 0.0000000 CN1C(=O)C(=O)NC(=O)C(=C(O)C=CC=CN2CCNC(=O)C2)C1=O 1 O=C1CN(C=CC=CC=C2C(=O)NC(=O)C(=O)NC2=O)CCN1 1.0000000 1.0000 0.8538885 0.8539 0.9121858 3.4752
 | 11.5648 56.2028 60.1511 0.9090153 O=C1C=CC(=O)C(=C(O)C=CC=CN2CCN(CCO)C2=O)C(=O)N1 1 O=C1C=CC(=O)C(=CC=CC=CN2CCNC2=O)C(=O)N1 1.0000000 1.0000 0.7824595 0.7825 0.8991760 3.5746
 | 19.9520 64.3460 42.3675 0.8336991 CC1NC(=O)C(=C(O)C=CC=CN2CCC(O)N=C2N)C1=O 1 O=C1CNC(=O)C1=CC=CC=CN1C=NCCC1 1.0000000 1.0000 0.7999461 0.7999 0.6089286 4.7115
 | 15.6650 66.9659 43.4494 0.8626195 Cn1c(=CN2CCNCC2)[nH]c(=O)c(=C(O)C=CC=CN2C=NC=NC2)c1=O 1 O=c1[nH]c(=CN2CCNCC2)[nH]c(=O)c1=CC=CC=CN1C=NC=NC1 1.0000000 1.0000 0.8361949 0.8362 0.6663032 4.5495
 | 8.9588 58.0734 55.4220 0.8866827 O=C1CCCNC(=C(O)C=CC=CN2CCCC2=O)C(=O)N1 1 O=C1CCCNC(=CC=CC=CN2CCCC2=O)C(=O)N1 1.0000000 1.0000 0.7114061 0.7114 0.9079991 3.5086
 | 15.5375 57.8790 47.1929 0.8208739 O=C1NC(n2ccccc2=O)C(O)C1=C(O)C=CC=CN1CCCCC1=O 1 O=C1NC(n2ccccc2=O)CC1=CC=CC=CN1CCCCC1=O 1.0000000 1.0000 0.6273888 0.6274 0.7636896 4.2358
02:45:12 <INFO> Sampled SMILES CN1C(=O)C(=C(O)C=CC=CN(CCO)C)(CO)ON1C failed to sanitize.
02:45:13 <INFO> Score: 0.79 Agent NLL: 15.42 Valid:  99% Step: 163
 | Agent Prior Target Score SMILES SMILES_state Scaffold DASA DASA (raw) Solubility Solubility (raw) SA SA (raw)
 | 20.3115 55.3578 44.2568 0.7782389 COC1=C(C)C(=O)C(=C(O)C=CC=CN2CC=CC(Cl)C2=O)C(=O)N1 1 O=C1C=CNC(=O)C1=CC=CC=CN1CC=CCC1=O 1.0000000 1.0000 0.5741966 0.5742 0.6788934 4.5123
 | 12.8256 54.7172 57.3032 0.8751588 O=C1NC(=O)C(=C(O)C=CC=CN2CCCCC2)C(=O)NC(=S)N1 1 O=C1NC(=O)C(=CC=CC=CN2CCCCC2)C(=O)NC(=S)N1 1.0000000 1.0000 0.6681508 0.6682 0.9266493 3.3477
 | 19.5879 70.1216 34.3046 0.8158292 NC1CC(=O)N(C=CC=CC(O)=c2oc(=CCO)c(=S)[nH]c2=O)C1 1 C=c1oc(=CC=CC=CN2CCCC2=O)c(=O)[nH]c1=S 1.0000000 1.0000 0.7955797 0.7956 0.5596240 4.8439
 | 15.8701 39.5764 -39.5583 0.0001416 COC(=O)C1=C(C)N(C)C(=N)C(C(=O)OC)C1=O 1 N=C1CC(=O)C=CN1 0.0000000 0.0000 0.7965862 0.7966 0.8986634 3.5783
 | 19.7830 68.5622 31.0780 0.7784385 NCC1ONC(=O)C(=C(O)C=CC=CN2CC(=S)NC2=O)C(O)C1O 1 O=C1NOCCCC1=CC=CC=CN1CC(=S)NC1=O 1.0000000 1.0000 0.8276084 0.8276 0.4382806 5.1617
 | 13.3886 61.3257 36.8392 0.7669129 O=C1NC(=CN2CCOCC2)CCCC1=C(O)C=CC=CN1CCC=CC1=O 1 O=C1NC(=CN2CCOCC2)CCCC1=CC=CC=CN1CCC=CC1=O 1.0000000 1.0000 0.4695263 0.4695 0.8127210 4.0438
 | 20.0758 61.7010 40.2326 0.7963562 CC1NC(=O)C(=C(O)C=CC=CN(O)C=CN(C)C)C(O)C1=O 1 C=C1CC(=O)CNC1=O 1.0000000 1.0000 0.7497309 0.7497 0.5429559 4.8878
 | 12.3756 54.4465 52.0206 0.8317744 COC1=C(C)NC(=O)C1=C(O)C=CC=CN1CCC=CC1=O 1 O=C1NC=CC1=CC=CC=CN1CCC=CC1=O 1.0000000 1.0000 0.5927680 0.5928 0.8640954 3.7950
 | 13.0864 58.8481 48.8174 0.8411370 CN1CCC(=O)N(C=CC=CC(O)=C2SCCCC(=O)NC2=O)C1 1 O=C1CCCSC(=CC=CC=CN2CNCCC2=O)C(=O)N1 1.0000000 1.0000 0.6144414 0.6144 0.8674884 3.7760
 | 11.4205 43.8295 45.1899 0.6954637 O=C1Nc2ccccc2C1=C(O)C=CC=CN1C=CC=CC1 1 O=C1Nc2ccccc2C1=CC=CC=CN1C=CC=CC1 1.0000000 1.0000 0.3017583 0.3018 0.9161400 3.4424
02:45:13 <INFO> Score: 0.79 Agent NLL: 15.63 Valid: 100% Step: 164
 | Agent Prior Target Score SMILES SMILES_state Scaffold DASA DASA (raw) Solubility Solubility (raw) SA SA (raw)
 | 14.5735 63.8809 34.8873 0.7716264 CN(C=C1CCCC(=C(O)C=CC=CN2CCC=C2O)C(=O)N1)CCO 1 C=C1CCCC(=CC=CC=CN2C=CCC2)C(=O)N1 1.0000000 1.0000 0.5140930 0.5141 0.7479278 4.2915
 | 29.6957 82.4567 29.9876 0.8784713 NN1CN(C=CC=CC(O)=C2C(=O)NOC2=O)C(=O)C1=CN1CCCNC(=O)C1 1 O=C1CN(C=C2NCN(C=CC=CC=C3C(=O)NOC3=O)C2=O)CCCN1 1.0000000 1.0000 0.8225156 0.8225 0.7336398 4.3400
 | 32.1176 70.9628 16.9824 0.6870720 C[n+]1ccc(SC=C2CCCCN3C(=C(O)C=CC=CN4CCC(O)C4)C(=O)NC23O)cc1 1 O=C1NC2C(=CSc3cc[nH+]cc3)CCCCN2C1=CC=CC=CN1CCCC1 1.0000000 1.0000 0.4633224 0.4633 0.5204147 4.9468
 | 11.9927 60.1072 49.5732 0.8568779 O=C1NC(=O)C(O)CCOC(=O)C1=C(O)C=CC=CN1CCCC1=O 1 O=C1CCCOC(=O)C(=CC=CC=CN2CCCC2=O)C(=O)N1 1.0000000 1.0000 0.7628187 0.7628 0.7233590 4.3738
 | 8.7754 48.2621 62.5970 0.8660873 CN1C(=O)C(=C(O)C=CC=CN2CCNC(=O)C2)C(O)C1O 1 O=C1CN(C=CC=CC=C2CCNC2=O)CCN1 1.0000000 1.0000 0.8470178 0.8470 0.6672492 4.5467
 | 13.3734 52.3349 50.2904 0.8017598 O=C1C(=C(O)C=CC=CN2CCOS(=O)(=O)C2=O)C(=O)c2ccccc21 1 O=C1C(=CC=CC=CN2CCOS(=O)(=O)C2=O)C(=O)c2ccccc21 1.0000000 1.0000 0.5039135 0.5039 0.8998265 3.5699
 | 12.9991 51.5182 60.9939 0.8790007 O=C1NC(=O)C(=C(O)C=CC=CN2CCC2)C(O)O1 1 O=C1NC(=O)C(=CC=CC=CN2CCC2)CO1 1.0000000 1.0000 0.7636111 0.7636 0.8040963 4.0801
 | 9.9132 57.0118 54.5426 0.8715187 O=C1NC(=O)C(=C(O)C=CC=CN2CCCC2=O)C(=O)OCCO1 1 O=C1NC(=O)C(=CC=CC=CN2CCCC2=O)C(=O)OCCO1 1.0000000 1.0000 0.7049339 0.7049 0.8538551 3.8501
 | 15.6262 68.5825 40.2315 0.8501096 O=C1CCN(C=CC=CC(O)=C2C(=O)NC(NC3=NCCN3)COC2=O)N1 1 O=C1CCN(C=CC=CC=C2C(=O)NC(NC3=NCCN3)COC2=O)N1 1.0000000 1.0000 0.8342607 0.8343 0.6283946 4.6578
 | 13.8714 60.3403 43.7822 0.8134569 CC1NC(=O)C(=C(O)C=CC=CN2CC(=O)NC(=O)O2)SC1=O 1 O=C1CN(C=CC=CC=C2SC(=O)CNC2=O)OC(=O)N1 1.0000000 1.0000 0.7207679 0.7208 0.6223726 4.6745
02:45:14 <INFO> Score: 0.77 Agent NLL: 15.19 Valid: 100% Step: 165
 | Agent Prior Target Score SMILES SMILES_state Scaffold DASA DASA (raw) Solubility Solubility (raw) SA SA (raw)
 | 12.8084 70.1898 43.3992 0.8874145 C=C1COC(=O)C(=C(O)C=CC=CN(C)CCO)C(=O)NC(=O)C1=O 1 C=C1COC(=O)C(=C)C(=O)NC(=O)C1=O 1.0000000 1.0000 0.7979437 0.7979 0.7938979 4.1215
 | 19.6977 59.4828 48.2603 0.8417431 CC(=O)C1C(=O)NC(=O)C(=C(O)C=CC=CN2CCCC2=O)C(C)(O)C1=O 1 O=C1CC(=O)NC(=O)C(=CC=CC=CN2CCCC2=O)C1 1.0000000 1.0000 0.7354381 0.7354 0.7012918 4.4440
 | 15.0592 64.4427 45.0485 0.8553997 C=C1COCCN1C=CC=CC(O)=C1C(=O)NC(=O)C(OC)NC1=O 1 C=C1COCCN1C=CC=CC=C1C(=O)NCC(=O)NC1=O 1.0000000 1.0000 0.7690224 0.7690 0.7111865 4.4130
 | 9.7826 49.1659 65.0651 0.8924293 O=C1NC(=O)C(=C(O)C=CC=CN2CCOCC2=O)CO1 1 O=C1NC(=O)C(=CC=CC=CN2CCOCC2=O)CO1 1.0000000 1.0000 0.7584411 0.7584 0.8639804 3.7956
 | 11.7626 52.8225 61.4937 0.8930954 CN1NC(=O)C(=C(O)C=CC=CN2CCNC(=O)C2)OC1=O 1 O=C1CN(C=CC=CC=C2OC(=O)NNC2=O)CCN1 1.0000000 1.0000 0.7938205 0.7938 0.8205484 4.0098
 | 12.5892 54.7821 60.2967 0.8990531 Cn1c(=C[N+](=O)[O-])[nH]c(=O)c(=C(O)C=CC=CN2CCCC2=O)c1=O 1 C=c1[nH]c(=O)c(=CC=CC=CN2CCCC2=O)c(=O)[nH]1 1.0000000 1.0000 0.8174349 0.8174 0.8146191 4.0357
 | 9.2972 57.3711 58.9934 0.9090978 O=C1CCC(=O)C(=C(O)C=CC=CN2CCNC2)C(=O)N1 1 O=C1CCC(=O)C(=CC=CC=CN2CCNC2)C(=O)N1 1.0000000 1.0000 0.7791744 0.7792 0.9040718 3.5386
 | 9.4132 53.2843 60.7596 0.8909676 O=C1NOCCOC(=O)C1=C(O)C=CC=CN1CCCC1=O 1 O=C1NOCCOC(=O)C1=CC=CC=CN1CCCC1=O 1.0000000 1.0000 0.7412846 0.7413 0.8819382 3.6900
 | 14.8271 50.1307 60.6002 0.8650853 CCN1C(=O)C(=C(O)C=CC=CN2CCC2)NC1=S 1 O=C1NC(=S)NC1=CC=CC=CN1CCC1 1.0000000 1.0000 0.6576662 0.6577 0.8995824 3.5717
 | 13.7433 70.0152 45.5567 0.9029057 O=C1COCCN1C=CC=CC(O)=c1sc(=O)c(=COCCO)c(=O)[nH]c1=O 1 C=c1c(=O)[nH]c(=O)c(=CC=CC=CN2CCOCC2=O)sc1=O 1.0000000 1.0000 0.8469546 0.8470 0.7948146 4.1178
02:45:15 <INFO> Score: 0.77 Agent NLL: 15.91 Valid: 100% Step: 166
 | Agent Prior Target Score SMILES SMILES_state Scaffold DASA DASA (raw) Solubility Solubility (raw) SA SA (raw)
 | 25.2767 59.8602 54.4983 0.8934260 CC1=CC(=O)CC(=C(O)C=CC=CN(CCO)CC(=O)O)C(=O)NC1=O 1 C=C1CC(=O)C=CC(=O)NC1=O 1.0000000 1.0000 0.7545183 0.7545 0.8734585 3.7415
 | 15.4684 52.5086 -52.5086 0.0000000 O=C1CCCOC(=O)C1=C(O)C=CC=CN1C=CC=CC1 1 O=C1CCCOC(=O)C1=CC=CC=CN1C=CC=CC1 1.0000000 1.0000 0.5250906 0.5251 0.8637226 3.7971
 | 12.3257 56.8250 56.2370 0.8832964 O=C1CN(C=CC=CC(O)=C2CCC(=O)OC(=O)NC2=O)CCN1 1 O=C1CN(C=CC=CC=C2CCC(=O)OC(=O)NC2=O)CCN1 1.0000000 1.0000 0.7406111 0.7406 0.8514102 3.8628
 | 12.5083 54.3840 56.2833 0.8645879 NC1NC(=O)C(=C(O)C=CC=CN2CCCC2=O)C1O 1 O=C1NCCC1=CC=CC=CN1CCCC1=O 1.0000000 1.0000 0.8170635 0.8171 0.6916581 4.4737
 | 13.0871 49.5363 64.1967 0.8885391 CN1C=CC(=O)NC(=O)C(=C(O)C=CC=CN2CCCC2=O)C1=O 1 O=C1C=CNC(=O)C(=CC=CC=CN2CCCC2=O)C(=O)N1 1.0000000 1.0000 0.7236919 0.7237 0.8973813 3.5874
 | 13.2677 65.2224 49.7427 0.8981644 O=C1CC(=O)OC(=C(O)C=CC=CN2CCCNCC2)C(=O)N1 1 O=C1CC(=O)OC(=CC=CC=CN2CCCNCC2)C(=O)N1 1.0000000 1.0000 0.7620979 0.7621 0.8824328 3.6869
 | 18.7899 72.2494 39.3988 0.8722515 CC1=NNC(=O)NC(=O)C1=C(O)C=CC=CN1CN(C)C(=O)N(CO)C1=O 1 O=C1NN=CC(=CC=CC=CN2CNC(=O)NC2=O)C(=O)N1 1.0000000 1.0000 0.7256906 0.7257 0.8275487 3.9783
 | 13.7669 57.7046 55.3860 0.8835198 O=C1C=CNC(=O)C(=C(O)C=CC=CN2CC(O)C2)C1 1 O=C1C=CNC(=O)C(=CC=CC=CN2CCC2)C1 1.0000000 1.0000 0.7581036 0.7581 0.8287702 3.9727
 | 17.5081 63.0794 38.5003 0.7935919 C=C1CCC(=C(O)C=CC=CN2CC(F)(F)CC2=O)C(=O)NC1=O 1 C=C1CCC(=CC=CC=CN2CCCC2=O)C(=O)NC1=O 1.0000000 1.0000 0.5507909 0.5508 0.7746832 4.1955
 | 22.7587 75.2665 36.5966 0.8739303 COC(=O)C1NC(=O)C(=C(O)C=CC=CN2CCN2C)C(=O)NCC1=O 1 O=C1CNC(=O)C(=CC=CC=CN2CCN2)C(=O)NC1 1.0000000 1.0000 0.8277023 0.8277 0.7124485 4.4089
02:45:15 <INFO> Score: 0.77 Agent NLL: 17.22 Valid: 100% Step: 167
 | Agent Prior Target Score SMILES SMILES_state Scaffold DASA DASA (raw) Solubility Solubility (raw) SA SA (raw)
 | 15.0222 57.9946 50.1254 0.8446874 COC1=CC(=O)NC(=O)C1=C(O)C=CC=CN1CC(C)OC(O)C1=O 1 O=C1C=CC(=CC=CC=CN2CCOCC2=O)C(=O)N1 1.0000000 1.0000 0.7567726 0.7568 0.6876460 4.4859
 | 15.0985 61.7063 53.5308 0.9002897 CN1CCCN(C=c2[nH]c(=O)c(=C(O)C=CC=CN3CC(=O)NCC3=O)c(=O)o2)CC1 1 O=C1CN(C=CC=CC=c2c(=O)[nH]c(=CN3CCCNCC3)oc2=O)C(=O)CN1 1.0000000 1.0000 0.8340985 0.8341 0.7997325 4.0980
 | 15.1382 61.0052 49.7426 0.8652171 O=C1CN(C=CC=CC(O)=C2C(=O)NCC(O)COC2=O)CC=N1 1 O=C1CN(C=CC=CC=C2C(=O)NCCCOC2=O)CC=N1 1.0000000 1.0000 0.8130230 0.8130 0.6979143 4.4545
 | 11.3725 62.1767 -62.1767 0.0000000 O=C1NCN(C=CC=CC(O)=c2c(=O)[nH]c(=CN3CCOCC3)[nH]c2=O)C(=O)N1 1 O=C1NCN(C=CC=CC=c2c(=O)[nH]c(=CN3CCOCC3)[nH]c2=O)C(=O)N1 1.0000000 1.0000 0.8385924 0.8386 0.7536081 4.2717
 | 12.7872 50.5832 51.8680 0.8004004 O=C1C=CCC1=C(O)C=CC=CN1CCC=CC1=O 1 O=C1C=CCC1=CC=CC=CN1CCC=CC1=O 1.0000000 1.0000 0.5413742 0.5414 0.8197730 4.0132
 | 33.5755 88.6842 4.2676 0.7261856 CCCC=C1NCCCOC(=O)C(=C(O)C=CC=CN2C(=O)C(C)(O)NC(=O)C2CC(=O)O)C(=O)N1 1 C=C1NCCCOC(=O)C(=CC=CC=CN2CC(=O)NCC2=O)C(=O)N1 1.0000000 1.0000 0.6642692 0.6643 0.4261742 5.1938
 | 15.3281 58.8494 47.6320 0.8318854 O=C1CN(C=CC=CC(O)=C2OC(CO)NC2=O)CC(CO)N1 1 O=C1CN(C=CC=CC=C2OCNC2=O)CCN1 1.0000000 1.0000 0.8674298 0.8674 0.5475018 4.8758
 | 16.8119 58.4211 47.9002 0.8306350 CC1OCCN(C=CC=CC(O)=C2C(=O)NNNC2=O)O1 1 O=C1NNNC(=O)C1=CC=CC=CN1CCOCO1 1.0000000 1.0000 0.8150906 0.8151 0.5862405 4.7730
 | 15.0528 74.9621 37.5011 0.8786194 CN(C=c1[nH]c(=O)c(=C(O)C=CC=CN2CCC(=O)NO2)c(=O)n1C)CCO 1 C=c1[nH]c(=O)c(=CC=CC=CN2CCC(=O)NO2)c(=O)[nH]1 1.0000000 1.0000 0.8736356 0.8736 0.6829154 4.5002
 | 17.9871 69.8625 37.0058 0.8349085 CN1C(=O)C(=C(O)C=CC=CN2CCOOC2=O)C(=O)NC1=[N+]1CCCCC1 1 O=C1NC(=[N+]2CCCCC2)NC(=O)C1=CC=CC=CN1CCOOC1=O 1.0000000 1.0000 0.6564600 0.6565 0.7766644 4.1881
02:45:16 <INFO> Sampled SMILES N1C(=O)C(=C(O)C=CC=CN2CCC(C(O)=O)O2)C(C)=N1OC failed to sanitize.
02:45:16 <INFO> Score: 0.76 Agent NLL: 15.83 Valid:  99% Step: 168
 | Agent Prior Target Score SMILES SMILES_state Scaffold DASA DASA (raw) Solubility Solubility (raw) SA SA (raw)
 | 29.9654 67.9001 25.0923 0.7265027 O=C1NC(=O)C2=c3ccccc3=CC(C(=O)N2)C1=C(O)C=CC=CN1CCCc2ccccc21 1 O=C1NC(=O)C2=c3ccccc3=CC(C(=O)N2)C1=CC=CC=CN1CCCc2ccccc21 1.0000000 1.0000 0.4847653 0.4848 0.6231011 4.6725
 | 21.6885 64.1040 42.9284 0.8361911 CC1CC(=O)NC(=O)C(=C(O)C=CC=CN2CCC(C(=O)O)C(N)C2=O)C1=O 1 O=C1CCC(=O)C(=CC=CC=CN2CCCCC2=O)C(=O)N1 1.0000000 1.0000 0.7471360 0.7471 0.6692736 4.5408
 | 11.8864 62.9698 48.7422 0.8727503 COC1NC(=O)C(=C(O)C=CC=CN2CCOOC2=O)C(=O)N1 1 O=C1NCNC(=O)C1=CC=CC=CN1CCOOC1=O 1.0000000 1.0000 0.7861851 0.7862 0.7535435 4.2719
 | 21.4360 66.8982 42.6729 0.8560243 CN(C)C=CC=CC(O)=C1C(=O)NC(=O)C(N(CCO)CCO)OC(=O)C1(C)O 1 C=C1CC(=O)OCC(=O)NC1=O 1.0000000 1.0000 0.8455122 0.8455 0.6366455 4.6346
 | 12.6516 51.8149 55.0157 0.8346144 O=C1Nc2ccccc2CC1=C(O)C=CC=CN1CNCC1=O 1 O=C1Nc2ccccc2CC1=CC=CC=CN1CNCC1=O 1.0000000 1.0000 0.5826193 0.5826 0.8949090 3.6047
 | 21.5271 83.5020 21.8670 0.8231953 O=C1CCN(C=CC=CC(O)=c2c(=O)[nH]c(=O)c(=CN3CNC(=O)C3O)oc2=O)N1 1 O=C1CN(C=c2oc(=O)c(=CC=CC=CN3CCC(=O)N3)c(=O)[nH]c2=O)CN1 1.0000000 1.0000 0.9130696 0.9131 0.4926148 5.0192
 | 12.1491 64.6953 46.8103 0.8711372 O=C1CCN(C=CC=CC(O)=C2C(=O)NNCCCOC2=O)C1=O 1 O=C1CCN(C=CC=CC=C2C(=O)NNCCCOC2=O)C1=O 1.0000000 1.0000 0.7863377 0.7863 0.7475370 4.2928
 | 7.4188 49.6038 64.5773 0.8920393 O=C1CCC(=O)C(=C(O)C=CC=CN2CCCC2=O)C(=O)N1 1 O=C1CCC(=O)C(=CC=CC=CN2CCCC2=O)C(=O)N1 1.0000000 1.0000 0.7101657 0.7102 0.9332138 3.2821
 | 19.4311 67.2439 36.9562 0.8140637 C=C(C)C1CC(=O)C(=C(O)C=CC=CN2CN(C)CCN2)C(=O)N1 1 O=C1CCNC(=O)C1=CC=CC=CN1CNCCN1 1.0000000 1.0000 0.6873379 0.6873 0.6609384 4.5652
 | 18.0763 57.0514 62.4023 0.9332319 O=C1NCN(CCO)C(=O)C1=C(O)C=CC=CN1CCN(CCO)CC1=O 1 O=C1NCNC(=O)C1=CC=CC=CN1CCNCC1=O 1.0000000 1.0000 0.8601807 0.8602 0.8962902 3.5951
02:45:17 <INFO> Score: 0.79 Agent NLL: 17.10 Valid: 100% Step: 169
 | Agent Prior Target Score SMILES SMILES_state Scaffold DASA DASA (raw) Solubility Solubility (raw) SA SA (raw)
 | 14.1579 56.1272 59.1398 0.9005234 O=C1CCN(C=CC=CC(O)=C2C(=O)CC2=O)C1=O 1 O=C1CCN(C=CC=CC=C2C(=O)CC2=O)C1=O 1.0000000 1.0000 0.7626679 0.7627 0.8914079 3.6286
 | 23.0966 59.3596 24.6998 0.6567141 O=C1C(=C(O)C=CC=CN(O)CCO)OC(O)C2OCC3CC132 1 C=C1OCC2OCC3CC32C1=O 1.0000000 1.0000 0.7642910 0.7643 0.2360860 5.7650
 | 9.5984 53.6618 63.4542 0.9149683 O=C1CC(=O)C(=C(O)C=CC=CN2CCC2=O)C(=O)N1 1 O=C1CC(=O)C(=CC=CC=CN2CCC2=O)C(=O)N1 1.0000000 1.0000 0.7897413 0.7897 0.9139525 3.4607
 | 14.3993 60.2439 48.6029 0.8503653 CN1N=C(C(=O)O)C(=C(O)C=CC=CN2CC=COC2=O)C1=O 1 O=C1NN=CC1=CC=CC=CN1CC=COC1=O 1.0000000 1.0000 0.6838730 0.6839 0.7986799 4.1023
 | 16.5371 68.5059 44.0001 0.8789528 CN1CC(=O)C(=C(O)C=CC=CN2CC(=S)NCC2=O)C(=O)N1 1 O=C1CNNC(=O)C1=CC=CC=CN1CC(=S)NCC1=O 1.0000000 1.0000 0.7899358 0.7899 0.7718718 4.2060
 | 25.2141 71.3232 26.1902 0.7618235 CC(CCO)CN1NC(=O)C(=C(O)C=CC=CN2CC=CCO2)CO1 1 O=C1NNOCC1=CC=CC=CN1CC=CCO1 1.0000000 1.0000 0.6615531 0.6616 0.5237339 4.9381
 | 16.3374 71.8653 38.9068 0.8654065 O=C1NNCCCNC1=C(O)C=CC=CN1CCOOCC1 1 O=C1NNCCCNC1=CC=CC=CN1CCOOCC1 1.0000000 1.0000 0.7696316 0.7696 0.7460797 4.2979
 | 15.1808 67.3567 44.4296 0.8733307 Cn1c(=O)c(=C(O)C=CC=CN2CCCC2=O)c(=O)[nH]c(=O)c1=CN1CCCC1CO 1 O=C1CCCN1C=CC=CC=c1c(=O)[nH]c(=O)c(=CN2CCCC2)[nH]c1=O 1.0000000 1.0000 0.8048664 0.8049 0.7346527 4.3366
 | 13.6083 53.9080 53.4043 0.8383769 C=C1CN(C=CC=CC(O)=C2CC(O)CNC2=O)C1 1 C=C1CN(C=CC=CC=C2CCCNC2=O)C1 1.0000000 1.0000 0.7276261 0.7276 0.6984820 4.4527
 | 16.4979 65.1998 45.4813 0.8646962 COCOC1C(=O)NC(=O)C(=C(O)C=CC=CN2CCC(=O)C2=O)C1O 1 O=C1CCC(=CC=CC=CN2CCC(=O)C2=O)C(=O)N1 1.0000000 1.0000 0.8217287 0.8217 0.6873102 4.4869
02:45:17 <INFO> Score: 0.79 Agent NLL: 15.90 Valid:  99% Step: 170
 | Agent Prior Target Score SMILES SMILES_state Scaffold DASA DASA (raw) Solubility Solubility (raw) SA SA (raw)
 | 17.5373 59.5565 45.3153 0.8193107 COC=c1on(C)c(=O)c1=C(O)C=CC=CN1CCC1O 1 C=c1o[nH]c(=O)c1=CC=CC=CN1CCC1 1.0000000 1.0000 0.8074589 0.8075 0.5596800 4.8437
 | 19.9281 64.8030 37.5295 0.7994726 O=C1CCC2NC(=O)C(=C(O)C=CC=CN3CNCC3=O)C(O)C2C1=O 1 O=C1CCC2NC(=O)C(=CC=CC=CN3CNCC3=O)CC2C1=O 1.0000000 1.0000 0.8072438 0.8072 0.5050909 4.9867
 | 15.5562 61.6881 44.4734 0.8293869 NC1NC(=O)C(=C(O)C=CC=CN2CCC(C(=O)O)CC2=O)SC1=O 1 O=C1CNC(=O)C(=CC=CC=CN2CCCCC2=O)S1 1.0000000 1.0000 0.7298972 0.7299 0.6650680 4.5531
 | 10.2388 44.0792 66.8346 0.8665142 CN(C=CC=CC(O)=C1CC=CC1=O)CCO 1 C=C1CC=CC1=O 1.0000000 1.0000 0.6890683 0.6891 0.8565311 3.8360
 | 30.9729 74.7587 32.9519 0.8414890 CC1=C(NC(=O)C(N)CO)NC(=O)C(=C(O)C=CC=CN2CCNC2=S)C(=O)SC1 1 O=C1NC=CCSC(=O)C1=CC=CC=CN1CCNC1=S 1.0000000 1.0000 0.7387844 0.7388 0.6965982 4.4586
 | 28.8512 79.6624 22.1666 0.7955395 O=C1CCCN(C=CC=CC(O)=C2NS(=O)ONC2=O)C(CN2CCCCC2)=N1 1 O=C1CCCN(C=CC=CC=C2NS(=O)ONC2=O)C(CN2CCCCC2)=N1 1.0000000 1.0000 0.6324967 0.6325 0.6629938 4.5592
 | 16.3805 61.5538 44.1629 0.8259115 C=CCONC1ONC(=O)C1=C(O)C=CC=CN1CCCC1=O 1 O=C1NOCC1=CC=CC=CN1CCCC1=O 1.0000000 1.0000 0.7197504 0.7198 0.6645113 4.5548
 | 12.8136 60.1581 48.9383 0.8523155 COC=c1[nH]c(=O)c(=C(O)C=CC=CN2CCOOC2=O)c(=O)o1 1 C=c1[nH]c(=O)c(=CC=CC=CN2CCOOC2=O)c(=O)o1 1.0000000 1.0000 0.7991850 0.7992 0.6688750 4.5420
 | 10.2983 61.8120 52.0889 0.8898506 O=C1COCCN1C=CC=CC(O)=c1c(=O)[nH]c(=O)c(=CN2CCCCCC2)[nH]c1=O 1 O=C1COCCN1C=CC=CC=c1c(=O)[nH]c(=O)c(=CN2CCCCCC2)[nH]c1=O 1.0000000 1.0000 0.7562798 0.7563 0.8564711 3.8363
 | 22.5932 60.8580 42.6727 0.8088330 CCCNCC1CCN(C=CC=CC(O)=C2C(=O)NC(O)C2O)O1 1 O=C1NCCC1=CC=CC=CN1CCCO1 1.0000000 1.0000 0.7795733 0.7796 0.5530684 4.8612
02:45:18 <INFO> Score: 0.77 Agent NLL: 16.04 Valid: 100% Step: 171
 | Agent Prior Target Score SMILES SMILES_state Scaffold DASA DASA (raw) Solubility Solubility (raw) SA SA (raw)
 | 11.7276 54.2107 55.9961 0.8609902 CN1CCC(=O)N(C=CC=CC(O)=C2C(=O)N(C)N(C)C2O)C1 1 O=C1NNCC1=CC=CC=CN1CNCCC1=O 1.0000000 1.0000 0.7675059 0.7675 0.7326463 4.3433
 | 16.8012 58.4078 51.7793 0.8608370 CC1=CC(=O)NC(=O)C(=C(O)C=CC=CN(C)CCO)C(C)(O)C1=O 1 C=C1CC(=O)C=CC(=O)NC1=O 1.0000000 1.0000 0.7567422 0.7567 0.7446125 4.3029
 | 15.6358 55.2812 53.6716 0.8511938 O=C1NCC(=O)C(O)C1=C(O)C=CC=CN1CCCCO1 1 O=C1CNC(=O)C(=CC=CC=CN2CCCCO2)C1 1.0000000 1.0000 0.7612976 0.7613 0.7051057 4.4321
 | 19.5710 68.4175 39.1857 0.8406499 CN1N=CC=NC(=C(O)C=CC=CN2CCC=C(N)C2=O)C1=O 1 O=C1NN=CC=NC1=CC=CC=CN1CCC=CC1=O 1.0000000 1.0000 0.7084255 0.7084 0.7295089 4.3537
 | 10.9359 51.7613 56.0302 0.8421209 CC1NC(=O)C(=C(O)C=CC=CN2CN(C)CCC2=O)C1O 1 O=C1NCCC1=CC=CC=CN1CNCCC1=O 1.0000000 1.0000 0.7594009 0.7594 0.6760945 4.5206
 | 11.1445 54.8883 58.3676 0.8848119 O=C1CN(C=CC=CC(O)=C2C=C(O)CNC2=O)CCN1 1 O=C1CN(C=CC=CC=C2C=CCNC2=O)CCN1 1.0000000 1.0000 0.7694379 0.7694 0.8191545 4.0159
 | 13.5595 54.0655 54.4738 0.8479632 NC1=NCCN1C=CC=CC(O)=C1CC(O)CC1=O 1 O=C1CCCC1=CC=CC=CN1C=NCC1 1.0000000 1.0000 0.7605133 0.7605 0.6947929 4.4641
 | 16.5943 61.9149 44.8242 0.8338987 N=C1CCC(=C(O)C=CC=CN2CC=CC2)C(=O)NC1=O 1 N=C1CCC(=CC=CC=CN2CC=CC2)C(=O)NC1=O 1.0000000 1.0000 0.6525413 0.6525 0.7782986 4.1819
 | 22.3389 94.5441 4.6982 0.7753308 CC1CC(=O)N(C=CC=CC(O)=c2cnc(=C(O)C=CC=CN3CCCC3=O)c(=O)[nH]c2=O)C1 1 O=C1CCCN1C=CC=CC=c1cnc(=CC=CC=CN2CCCC2=O)c(=O)[nH]c1=O 1.0000000 1.0000 0.6318537 0.6319 0.5958072 4.7472
 | 22.1204 70.7805 27.2576 0.7659224 CC=C1CCCC(=C(O)C=CC=CN(O)CCO)C(=O)NC(=O)O1 1 C=C1CCCC(=C)C(=O)NC(=O)O1 1.0000000 1.0000 0.5437648 0.5438 0.6777705 4.5156
02:45:18 <INFO> Sampled SMILES O=C1NC(=O)C(=C(O)C=CC=CN2CN=CN2)(O)C(=O)NCC1 failed to sanitize.
02:45:19 <INFO> Score: 0.79 Agent NLL: 17.40 Valid:  99% Step: 172
 | Agent Prior Target Score SMILES SMILES_state Scaffold DASA DASA (raw) Solubility Solubility (raw) SA SA (raw)
 | 11.8689 62.2993 46.5812 0.8506284 CN1CCON(C=CC=CC(O)=C2C(=O)NCC(=O)C2O)C1 1 O=C1CNC(=O)C(=CC=CC=CN2CNCCO2)C1 1.0000000 1.0000 0.8125997 0.8126 0.6502128 4.5961
 | 17.1074 59.8471 52.2228 0.8755456 O=C1CN(C=CC=CC(O)=C2C(=O)NC(=O)C(C3=NCCO3)C2=O)CCN1 1 O=C1CN(C=CC=CC=C2C(=O)NC(=O)C(C3=NCCO3)C2=O)CCN1 1.0000000 1.0000 0.8115968 0.8116 0.7351272 4.3350
 | 22.8778 65.4631 30.6486 0.7508720 CCOC(=O)ON1NC(=O)C(=C(O)C=CC=CN2CCC=CC2=O)C(C)=C1C 1 O=C1NNC=CC1=CC=CC=CN1CCC=CC1=O 1.0000000 1.0000 0.4362143 0.4362 0.8123384 4.0455
 | 16.8540 47.4339 69.3716 0.9125431 O=C1NC(=O)C(=C(O)C=CC=CN2CCS(=O)(=O)C2)C(=O)N1 1 O=C1NC(=O)C(=CC=CC=CN2CCS(=O)(=O)C2)C(=O)N1 1.0000000 1.0000 0.8110892 0.8111 0.8753502 3.7303
 | 10.2974 53.2479 59.4197 0.8802157 CN1C(=O)C(=C(O)C=CC=CN2CC(=O)NCC2=O)C(O)N1C 1 O=C1CN(C=CC=CC=C2CNNC2=O)C(=O)CN1 1.0000000 1.0000 0.8398787 0.8399 0.7214634 4.3800
 | 14.5507 55.9043 57.6305 0.8869909 COC1=C(C)NN(C)C(=O)C1=C(O)C=CC=CN1CC(=O)NCC1=O 1 O=C1CN(C=CC=CC=C2C=CNNC2=O)C(=O)CN1 1.0000000 1.0000 0.7535985 0.7536 0.8485793 3.8772
 | 23.0867 74.0339 35.6766 0.8571132 O=C(CO)NC1CCC(=C(O)C=CC=CN2CCN=C2NCO)C(=O)N1 1 O=C1NCCCC1=CC=CC=CN1C=NCC1 1.0000000 1.0000 0.8363344 0.8363 0.6484917 4.6010
 | 18.1267 68.7981 31.4628 0.7832883 CCCN1CC=CN(C=CC=CC(O)=C2CCCNN(C)C2=O)C1 1 O=C1NNCCCC1=CC=CC=CN1C=CCNC1 1.0000000 1.0000 0.5142528 0.5143 0.7962675 4.1120
 | 23.7447 72.3483 36.5024 0.8503962 COC=CCN1NC(=O)C(=C(O)C=CC=CN2CNCC2=O)CCC1=O 1 O=C1CCC(=CC=CC=CN2CNCC2=O)C(=O)NN1 1.0000000 1.0000 0.7282091 0.7282 0.7408022 4.3159
 | 17.1810 61.2039 -61.2039 0.0000000 O=C1NCC(CCO)NC(=O)C1=C(O)C=CC=CN1CCOC(CO)C1 1 O=C1NCCNC(=O)C1=CC=CC=CN1CCOCC1 1.0000000 1.0000 0.8278595 0.8279 0.7067906 4.4268
02:45:19 <INFO> Score: 0.77 Agent NLL: 15.05 Valid: 100% Step: 173
 | Agent Prior Target Score SMILES SMILES_state Scaffold DASA DASA (raw) Solubility Solubility (raw) SA SA (raw)
 | 26.7158 67.7853 46.6875 0.8943192 CN1CC(=O)NC(=O)C(=C(O)C=CC=CN2CS(=O)(=O)N=C2N)C1 1 O=C1CNCC(=CC=CC=CN2C=NS(=O)(=O)C2)C(=O)N1 1.0000000 1.0000 0.8275568 0.8276 0.7850755 4.1561
 | 12.7754 57.8100 53.9732 0.8733067 O=C1CN(C=CC=CC(O)=C2C(=O)NC(=O)C(=O)C2O)C(O)CN1 1 O=C1CN(C=CC=CC=C2CC(=O)C(=O)NC2=O)CCN1 1.0000000 1.0000 0.8909840 0.8910 0.6502146 4.5961
 | 18.6876 50.7051 55.8447 0.8324206 CN(C=CC=CC(O)=C1C(=O)CC(O)CNC1=O)Cc1ccccc1 1 O=C1CCCNC(=O)C1=CC=CC=CNCc1ccccc1 1.0000000 1.0000 0.5775231 0.5775 0.8944514 3.6078
 | 13.3549 63.2791 46.4341 0.8571338 O=C1CN(C=CC=CC(O)=C2CCC(=CN3CCNC3=O)NC2=O)C(=O)CN1 1 O=C1CN(C=CC=CC=C2CCC(=CN3CCNC3=O)NC2=O)C(=O)CN1 1.0000000 1.0000 0.7331508 0.7332 0.7595779 4.2506
 | 9.0172 53.5976 62.8189 0.9095041 C=C1NC(=O)C(=C(O)C=CC=CN2CC(=O)NCC2=O)C1=O 1 C=C1NC(=O)C(=CC=CC=CN2CC(=O)NCC2=O)C1=O 1.0000000 1.0000 0.8174957 0.8175 0.8550609 3.8438
 | 10.6526 52.2228 65.0090 0.9158733 CN(O)C=CC=CC(O)=c1c(=O)[nH]c(=O)c(=CN2CCOCC2)[nH]c1=O 1 C=c1c(=O)[nH]c(=O)c(=CN2CCOCC2)[nH]c1=O 1.0000000 1.0000 0.8552230 0.8552 0.8340909 3.9480
 | 17.6866 50.5142 34.6319 0.6652040 CCN(C=CC=CC(O)=C1CCC2=C(C)C(=O)CC2C1=O)CC 1 C=C1CCC2=CC(=O)CC2C1=O 1.0000000 1.0000 0.2971203 0.2971 0.7742683 4.1971
 | 13.0665 41.4713 67.8447 0.8540310 CC1ONC(=O)C1=C(O)C=CC=CN(C)C 1 C=C1CONC1=O 1.0000000 1.0000 0.7286537 0.7287 0.7536398 4.2716
 | 17.1258 57.4132 56.0873 0.8867228 CON=C1OC(=O)C(=C(O)C=CC=CN2CCNC2=O)C1=O 1 N=C1OC(=O)C(=CC=CC=CN2CCNC2=O)C1=O 1.0000000 1.0000 0.7580054 0.7580 0.8415934 3.9120
 | 16.8805 62.7498 45.7576 0.8477141 COC1=CC(=O)NNC(=O)C1=C(O)C=CC=CN1CC=CO1 1 O=C1C=CC(=CC=CC=CN2CC=CO2)C(=O)NN1 1.0000000 1.0000 0.7320094 0.7320 0.7264864 4.3636
02:45:20 <INFO> Score: 0.79 Agent NLL: 16.63 Valid: 100% Step: 174
 | Agent Prior Target Score SMILES SMILES_state Scaffold DASA DASA (raw) Solubility Solubility (raw) SA SA (raw)
 | 14.6439 60.5758 52.0291 0.8797255 O=C1CC(O)NC(=O)C(=C(O)C=CC=CN2CCC2)N1 1 O=C1CCNC(=O)C(=CC=CC=CN2CCC2)N1 1.0000000 1.0000 0.8032934 0.8033 0.7592924 4.2516
 | 20.0930 53.6405 57.4047 0.8675402 O=C1NOCC1=C(O)C=CC=CN1CCCC1(CO)CO 1 O=C1NOCC1=CC=CC=CN1CCCC1 1.0000000 1.0000 0.7882131 0.7882 0.7325615 4.3436
 | 21.3996 62.8127 43.6062 0.8313975 COC1=C(C)CC(=C(O)C=CC=CN2CCNCCC2=O)C1=O 1 O=C1C=CCC1=CC=CC=CN1CCNCCC1=O 1.0000000 1.0000 0.5917290 0.5917 0.8642697 3.7940
 | 10.3039 53.1099 57.3949 0.8633189 O=C1CN(C=CC=CC(O)=C2COC(CO)NC2=O)C(=O)CN1 1 O=C1CN(C=CC=CC=C2COCNC2=O)C(=O)CN1 1.0000000 1.0000 0.8535122 0.8535 0.6523304 4.5900
 | 10.1500 63.5156 55.7710 0.9319262 O=C1NNC(=O)C(=C(O)C=CC=CN2CC(=O)N(CCO)CC2=O)C(=O)N1 1 O=C1CN(C=CC=CC=C2C(=O)NNC(=O)NC2=O)C(=O)CN1 1.0000000 1.0000 0.8745444 0.8745 0.8735025 3.7412
 | 11.3768 58.4580 49.9205 0.8467074 C=C1CNN(C=CC=CC(O)=C2C(=O)NC(=C)COC2=O)C1 1 C=C1CNN(C=CC=CC=C2C(=O)NC(=C)COC2=O)C1 1.0000000 1.0000 0.7165893 0.7166 0.7415760 4.3133
 | 25.0801 63.6575 34.0695 0.7634926 O=C1OC(OCCO)=NC(c2ccccc2)C1=C(O)C=CC=CN1CCCC1=O 1 O=C1OC=NC(c2ccccc2)C1=CC=CC=CN1CCCC1=O 1.0000000 1.0000 0.4550689 0.4551 0.8281093 3.9757
 | 13.6873 51.8998 63.3623 0.9004845 CC(=O)C1C(=O)NC(=O)C(=C(O)C=CC=CN2CC2)C1=O 1 O=C1CC(=O)C(=CC=CC=CN2CC2)C(=O)N1 1.0000000 1.0000 0.7946309 0.7946 0.8484021 3.8781
 | 14.3348 47.8559 -47.8559 0.0000000 CC1CNC(=O)C1=C(O)C=CC=CN(C)CCO 1 C=C1CCNC1=O 1.0000000 1.0000 0.7534345 0.7534 0.7829783 4.1641
 | 16.1348 67.2066 43.4407 0.8644318 O=C1NC=C(O)NC(=O)C1=C(O)C=CC=CN1CC(C(=O)O)OCC1=O 1 O=C1NC=CNC(=O)C1=CC=CC=CN1CCOCC1=O 1.0000000 1.0000 0.8038913 0.8039 0.7047457 4.4332
02:45:21 <INFO> Score: 0.79 Agent NLL: 17.03 Valid: 100% Step: 175
 | Agent Prior Target Score SMILES SMILES_state Scaffold DASA DASA (raw) Solubility Solubility (raw) SA SA (raw)
 | 15.7059 63.9177 47.0927 0.8672691 CC=C1NNC(=O)C(=C(O)C=CC=CN2CCNC(=O)C2)O1 1 C=C1NNC(=O)C(=CC=CC=CN2CCNC(=O)C2)O1 1.0000000 1.0000 0.7673929 0.7674 0.7554835 4.2651
 | 18.3563 52.2590 54.4333 0.8335339 CC(=O)OCC1OC(N(C)C=CC=CC(O)=C2C(=O)C=CC2=O)C(O)C(O)C1O 1 O=C1C=CC(=O)C1=CC=CC=CNC1CCCCO1 1.0000000 1.0000 0.7841093 0.7841 0.6231977 4.6722
 | 17.8642 74.1167 40.6533 0.8966405 N=C1NC(=O)C(=c2cc(CO)c(=C(O)C=CC=CN3CCC3)c(=O)[nH]2)C1=O 1 N=C1NC(=O)C(=c2ccc(=CC=CC=CN3CCC3)c(=O)[nH]2)C1=O 1.0000000 1.0000 0.8242969 0.8243 0.7974377 4.1073
 | 33.3724 86.7387 3.0818 0.7017234 CCCC1CN(C=CC=CC(O)=C2NC(=O)C(CO)NC2=O)CC2(O1)C(=O)NC(=O)CC2N 1 O=C1CCC2(CN(C=CC=CC=C3NC(=O)CNC3=O)CCO2)C(=O)N1 1.0000000 1.0000 0.8039546 0.8040 0.2935075 5.5722
 | 17.6729 66.7156 32.5140 0.7752306 CC1(O)NN(C=CC=CC(O)=C2C(=O)NC(O)C2O)O1 1 O=C1NCCC1=CC=CC=CN1NCO1 1.0000000 1.0000 0.8749841 0.8750 0.4029115 5.2562
 | 22.5580 58.2728 32.2651 0.7073272 CCC1=CCC(=C(O)C=CC=CN2CC=NC(C)C2)C(=O)N1 1 O=C1NC=CCC1=CC=CC=CN1CC=NCC1 1.0000000 1.0000 0.4751843 0.4752 0.5703889 4.8154
 | 15.9188 66.7661 35.2740 0.7971876 N=C1C(=CN2CCCCC2)C(=O)NC(=O)C1=C(O)C=CC=CN1CC=CCC1=O 1 N=C1C(=CC=CC=CN2CC=CCC2=O)C(=O)NC(=O)C1=CN1CCCCC1 1.0000000 1.0000 0.5197089 0.5197 0.8465297 3.8876
 | 14.8530 54.8699 -54.8699 0.0000000 C=c1[nH]c(=O)c(=C(O)C=CC=CN(O)C=CCO)o1 1 C=c1[nH]c(=O)c(=C)o1 1.0000000 1.0000 0.8159221 0.8159 0.6471686 4.6048
 | 14.6968 52.1950 57.0480 0.8534608 CC1=NC(=O)NC(=O)C1=C(O)C=CC=CN1CC=NCC1 1 O=C1N=CC(=CC=CC=CN2CC=NCC2)C(=O)N1 1.0000000 1.0000 0.6765497 0.6765 0.8215071 4.0055
 | 19.2698 67.7178 31.5684 0.7756735 COC=C1CCCC(=C(O)C=CC=CN2CCCCO2)C(=O)NC1=O 1 C=C1CCCC(=CC=CC=CN2CCCCO2)C(=O)NC1=O 1.0000000 1.0000 0.4766141 0.4766 0.8372428 3.9330
02:45:21 <INFO> Sampled SMILES O=C1C(=C(O)C=CC=CN(CC)CC)C(=O)C2CCN(C)C(CO)C2=O1 failed to sanitize.
02:45:21 <INFO> Score: 0.76 Agent NLL: 16.45 Valid:  99% Step: 176
 | Agent Prior Target Score SMILES SMILES_state Scaffold DASA DASA (raw) Solubility Solubility (raw) SA SA (raw)
 | 14.4722 67.0455 41.9840 0.8517934 N=C1C(=CN2CCSCC2)NC(=O)C1=C(O)C=CC=CN1CC(=O)NCC1=O 1 N=C1C(=CN2CCSCC2)NC(=O)C1=CC=CC=CN1CC(=O)NCC1=O 1.0000000 1.0000 0.7009406 0.7009 0.7808838 4.1721
 | 22.2660 64.6780 41.5397 0.8298260 CCON(C=CC=CC(O)=C1C(=O)NC(=O)N(C)C(CO)COC1=O)CO 1 C=C1C(=O)NC(=O)NCCOC1=O 1.0000000 1.0000 0.7870796 0.7871 0.6088681 4.7117
 | 18.6115 60.7442 45.3150 0.8285873 CCn1c(=COC)cnc(=C(O)C=CC=CN2CCC=C2O)c1=O 1 C=c1cnc(=CC=CC=CN2C=CCC2)c(=O)[nH]1 1.0000000 1.0000 0.6856094 0.6856 0.7140501 4.4038
 | 16.6743 51.6380 58.0755 0.8571366 O=C1OCCC1=C(O)C=CC=CN1CC(O)C(O)C(O)C1 1 O=C1OCCC1=CC=CC=CN1CCCCC1 1.0000000 1.0000 0.8102414 0.8102 0.6737098 4.5277
 | 20.5690 55.3858 51.2491 0.8330848 CONC=CC=CC(O)=C1C(=O)C(=COC(C)=O)OC1O 1 C=C1COC(=C)C1=O 1.0000000 1.0000 0.7426882 0.7427 0.6636313 4.5573
 | 18.0615 59.0658 42.4940 0.7934353 CSC1C(=O)CCN1C=CC=CC(O)=C1CCC(=O)CNC1=O 1 O=C1CCC(=CC=CC=CN2CCC(=O)C2)C(=O)NC1 1.0000000 1.0000 0.6116114 0.6116 0.6826180 4.5011
 | 9.4994 51.3978 64.4276 0.9048859 C=C1NC(=O)C(=C(O)C=CC=CN2CCNC(=O)C2)C1=O 1 C=C1NC(=O)C(=CC=CC=CN2CCNC(=O)C2)C1=O 1.0000000 1.0000 0.7957215 0.7957 0.8645314 3.7926
 | 16.3972 55.0496 62.2790 0.9166296 COC1=NNC(=O)C(=C(O)C=CC=CN(CCO)CCO)C(=O)N1C 1 C=C1C(=O)NC=NNC1=O 1.0000000 1.0000 0.8346403 0.8346 0.8618171 3.8076
 | 16.6439 56.8458 53.9516 0.8656048 COC1=C(C)NC(=O)C1=C(O)C=CC=CN1CCN(CCCO)C1=O 1 O=C1NC=CC1=CC=CC=CN1CCNC1=O 1.0000000 1.0000 0.6601577 0.6602 0.8977708 3.5846
 | 25.6977 52.9739 -52.9567 0.0001339 C=CCN(O)C=CC(O)=C1C(=O)NC(=S)NC1O 1 C=C1CNC(=S)NC1=O 0.0000000 0.0000 0.8121935 0.8122 0.6925370 4.4710
02:45:22 <INFO> Sampled SMILES O=C1C(=C(O)C=CC=CN(CCO)C)C(=O)C(=ON)C1=CN1CCOCC1 failed to sanitize.
02:45:22 <INFO> Score: 0.81 Agent NLL: 17.07 Valid:  99% Step: 177
 | Agent Prior Target Score SMILES SMILES_state Scaffold DASA DASA (raw) Solubility Solubility (raw) SA SA (raw)
 | 11.1308 61.4223 51.2864 0.8805362 O=C1NCCOC(=O)C(=C(O)C=CC=CN2CCCC2=O)C(=O)N1 1 O=C1NCCOC(=O)C(=CC=CC=CN2CCCC2=O)C(=O)N1 1.0000000 1.0000 0.7406111 0.7406 0.8402917 3.9183
 | 13.5334 49.0122 65.2698 0.8928281 COC1=CC(=C(O)C=CC=CN(C)CCO)C(=O)NN1 1 C=C1C=CNNC1=O 1.0000000 1.0000 0.7919190 0.7919 0.8218793 4.0039
 | 14.5907 49.3680 67.0218 0.9092958 CN1NC(=O)C(=C(O)C=C(O)C=CN2CC2)C1=O 1 O=C1NNC(=O)C1=CC=CC=CN1CC1 1.0000000 1.0000 0.8135832 0.8136 0.8591704 3.8219
 | 19.2812 43.6838 -43.6656 0.0001421 O=C(O)C=NC=CC=CC(O)=C1C(=O)NC(=O)NC1=O 1 C=C1C(=O)NC(=O)NC1=O 0.0000000 0.0000 0.8154280 0.8154 0.8865730 3.6605
 | 18.9591 56.4224 48.2973 0.8181226 CC1=NN(c2ccccc2)C(=O)C1=C(O)C=CC=CN1CC(N)C1 1 O=C1C(=CC=CC=CN2CCC2)C=NN1c1ccccc1 1.0000000 1.0000 0.5191728 0.5192 0.9450681 3.1465
 | 17.8604 62.2409 40.5041 0.8026954 CC(C)C1ONC(=O)C1=C(O)C=CC=CN1CNC(=O)N1 1 O=C1NCN(C=CC=CC=C2CONC2=O)N1 1.0000000 1.0000 0.7290969 0.7291 0.5804583 4.7885
 | 13.9996 53.3295 50.2061 0.8088715 CC1NC(=O)C(=C(O)C=CC=CN2C(=O)CCC2C(=O)O)SC1=O 1 O=C1CNC(=O)C(=CC=CC=CN2CCCC2=O)S1 1.0000000 1.0000 0.6664412 0.6664 0.6676977 4.5454
 | 22.9003 56.1007 42.4492 0.7699209 CON(C)C=CC=CC(O)=C1C(=O)C2(OC2=O)C1CO 1 C=C1CC2(OC2=O)C1=O 1.0000000 1.0000 0.7902896 0.7903 0.4423135 5.1510
 | 15.0530 55.7911 55.2667 0.8676398 O=C1NC(=O)C(=C(O)C=CC=CN2C(=O)COCC2C(=O)O)C(=O)S1 1 O=C1NC(=O)C(=CC=CC=CN2CCOCC2=O)C(=O)S1 1.0000000 1.0000 0.7395849 0.7396 0.7911159 4.1325
 | 15.4540 62.0216 54.1163 0.9073274 CC1(O)NC(=O)C(=C(O)C=CC=CN2CCC2=O)C(=O)N1 1 O=C1NCNC(=O)C1=CC=CC=CN1CCC1=O 1.0000000 1.0000 0.8245168 0.8245 0.8378561 3.9301
02:45:23 <INFO> Score: 0.78 Agent NLL: 16.64 Valid: 100% Step: 178
 | Agent Prior Target Score SMILES SMILES_state Scaffold DASA DASA (raw) Solubility Solubility (raw) SA SA (raw)
 | 11.9320 55.5182 53.3558 0.8505783 COC1NC(=O)C(=C(O)C=CC=CN2CCC(=O)NC2=O)C1O 1 O=C1CCN(C=CC=CC=C2CCNC2=O)C(=O)N1 1.0000000 1.0000 0.7975829 0.7976 0.6647665 4.5540
 | 11.8426 59.3286 58.0026 0.9166502 NC1=NCN(C=CC=CC(O)=C2C(=O)NC(=O)C2=O)C(=O)N1 1 O=C1NC(=O)C(=CC=CC=CN2CN=CNC2=O)C1=O 1.0000000 1.0000 0.8520577 0.8521 0.8407997 3.9159
 | 19.1981 71.9442 35.8014 0.8417625 COC(=O)N=C1CCC(=C(O)C=CC=CN2CCN(C=O)C2=O)C(=O)NC1=O 1 N=C1CCC(=CC=CC=CN2CCNC2=O)C(=O)NC1=O 1.0000000 1.0000 0.6639524 0.6640 0.7929246 4.1253
 | 12.7723 58.8055 58.6451 0.9175830 CC1=NNC(=O)C(=O)NC(=O)C1=C(O)C=CC=CN(C)CCO 1 C=C1C=NNC(=O)C(=O)NC1=O 1.0000000 1.0000 0.8245064 0.8245 0.8783705 3.7120
 | 11.3165 59.6714 54.1691 0.8893789 CC1CC(=O)NC(=O)C(=C(O)C=CC=CN2CC(=O)NCC2=O)C1=O 1 O=C1CN(C=CC=CC=C2C(=O)CCC(=O)NC2=O)C(=O)CN1 1.0000000 1.0000 0.7895013 0.7895 0.8115985 4.0486
 | 14.9813 58.0481 50.4022 0.8472680 CC1=CC(O)C(=C(O)C=CC=CN2CCOCC2)C(=O)NO1 1 O=C1NOC=CCC1=CC=CC=CN1CCOCC1 1.0000000 1.0000 0.7046414 0.7046 0.7587969 4.2534
 | 19.8207 66.8125 41.2588 0.8443067 CC(O)C1=NNC(=O)C(=C(O)C=CC=CN2CC(=O)NCC2O)C(=O)N1 1 O=C1CN(C=CC=CC=C2C(=O)NC=NNC2=O)CCN1 1.0000000 1.0000 0.8690304 0.8690 0.5813786 4.7860
 | 13.5297 54.0240 41.2799 0.7445617 CN(C=CC=CC(O)=C1C(=O)C(=O)C2C(=N)C(=O)C(O)(C1=O)C2=O)CCO 1 C=C1C(=O)C(=O)C2C(=N)C(=O)C(C1=O)C2=O 1.0000000 1.0000 0.8460713 0.8461 0.3540745 5.3916
 | 10.4739 49.6320 61.7712 0.8703375 O=C1NC(=O)C(=C(O)C=CC=CN2CC=CC2=O)CO1 1 O=C1NC(=O)C(=CC=CC=CN2CC=CC2=O)CO1 1.0000000 1.0000 0.7261056 0.7261 0.8193861 4.0149
 | 15.5911 65.5091 49.0574 0.8950506 COC1COC(=O)C(=C(O)C=CC=CN2CC(O)C2)C(=O)NC1=O 1 O=C1CCOC(=O)C(=CC=CC=CN2CCC2)C(=O)N1 1.0000000 1.0000 0.8205723 0.8206 0.7958289 4.1138
02:45:23 <INFO> Score: 0.84 Agent NLL: 16.35 Valid: 100% Step: 179
 | Agent Prior Target Score SMILES SMILES_state Scaffold DASA DASA (raw) Solubility Solubility (raw) SA SA (raw)
 | 26.7339 62.7477 44.9818 0.8416365 CC(O)CNC1=NC(C(=O)O)C(=C(O)C=CC=CN2CCCCC2)C(=O)N1 1 O=C1NC=NCC1=CC=CC=CN1CCCCC1 1.0000000 1.0000 0.7008603 0.7009 0.7426178 4.3097
 | 18.0464 76.1768 35.2007 0.8701371 NCC(O)=c1sc(=C(O)C=CC=CN2CCC=CC2=O)c(=O)[nH]c1=O 1 C=c1sc(=CC=CC=CN2CCC=CC2=O)c(=O)[nH]c1=O 1.0000000 1.0000 0.7771915 0.7772 0.7544573 4.2687
 | 21.8372 62.5428 38.9039 0.7925527 CN(C=CC=CC(O)=C1C(=O)NC(N)OC1CN=[N+]=[N-])CCO 1 C=C1COCNC1=O 1.0000000 1.0000 0.7762565 0.7763 0.5104015 4.9729
 | 21.4981 65.2990 38.7726 0.8130588 CC1(N)CCN(C=CC=CC(O)=C2C(=O)NC(=S)OC2=O)O1 1 O=C1NC(=S)OC(=O)C1=CC=CC=CN1CCCO1 1.0000000 1.0000 0.7262356 0.7262 0.6154873 4.6935
 | 14.3924 58.2963 56.1551 0.8941516 CN(C)C=C1C(=O)C(=O)NC(=O)C1=C(O)C=CC=CN1CCC(=O)NC1=O 1 C=C1C(=O)C(=O)NC(=O)C1=CC=CC=CN1CCC(=O)NC1=O 1.0000000 1.0000 0.7511376 0.7511 0.8811774 3.6948
 | 10.9049 54.8588 61.5733 0.9096255 O=C1CN(C=CC=CC(O)=C2C(=O)C=C(O)NC2=O)C(=O)CN1 1 O=C1CN(C=CC=CC=C2C(=O)C=CNC2=O)C(=O)CN1 1.0000000 1.0000 0.8154440 0.8154 0.8581241 3.8275
 | 10.7178 49.6468 64.4985 0.8917604 CN1CCC(=O)N(C=CC=CC(O)=C2C(=O)N(C)N(C)C2=O)C1 1 O=C1NNC(=O)C1=CC=CC=CN1CNCCC1=O 1.0000000 1.0000 0.7534784 0.7535 0.8680754 3.7727
 | 10.8213 58.8924 55.6986 0.8952423 COC1CC(=O)C(=C(O)C=CC=CN2CC(=O)NCC2=O)C(=O)NC1=O 1 O=C1CN(C=CC=CC=C2C(=O)CCC(=O)NC2=O)C(=O)CN1 1.0000000 1.0000 0.8243152 0.8243 0.7922067 4.1282
 | 19.5275 65.2006 -65.1837 0.0001320 CC=CC=Cc1c(C=CC(O)=C2C(=O)NC(=S)NC2=O)oc(=N)[nH]c1=O 1 N=c1[nH]c(=O)cc(C=CC=C2C(=O)NC(=S)NC2=O)o1 0.0000000 0.0000 0.6565494 0.6565 0.8433167 3.9035
 | 11.4111 53.6794 61.3761 0.8988712 CN(C=CC=CC(O)=C1C(=O)NC(=CN2CCOCC2)C1=O)CCO 1 C=C1C(=O)NC(=CN2CCOCC2)C1=O 1.0000000 1.0000 0.7679195 0.7679 0.8773047 3.7185
02:45:24 <INFO> Score: 0.75 Agent NLL: 16.37 Valid:  99% Step: 180
 | Agent Prior Target Score SMILES SMILES_state Scaffold DASA DASA (raw) Solubility Solubility (raw) SA SA (raw)
 | 18.1757 65.2493 42.3047 0.8402656 CCCCN1CCN(C=CC=CC(O)=C2COC(=CCO)NC2=O)C1 1 C=C1NC(=O)C(=CC=CC=CN2CCNC2)CO1 1.0000000 1.0000 0.6354425 0.6354 0.8295798 3.9690
 | 12.0898 63.9710 50.3540 0.8931637 CN1C(=O)CN(C=CC=CC(O)=C2C(=O)NC(=O)C(O)COC2=O)C1=O 1 O=C1CCOC(=O)C(=CC=CC=CN2CC(=O)NC2=O)C(=O)N1 1.0000000 1.0000 0.8251012 0.8251 0.7836133 4.1617
 | 17.4811 58.8828 51.9604 0.8659627 O=C1C=C(CO)COC(=O)C1=C(O)C=CC=CN1CCCCC1=O 1 O=C1C=CCOC(=O)C1=CC=CC=CN1CCCCC1=O 1.0000000 1.0000 0.6559454 0.6559 0.9062653 3.5220
 | 19.8274 45.9408 60.3978 0.8307703 CC(C=CN1CCN(c2ccccc2)CC1)=CC(O)=C1C(=O)NC(=O)NC1=O 1 O=C1NC(=O)C(=CC=CC=CN2CCN(c3ccccc3)CC2)C(=O)N1 1.0000000 1.0000 0.5426433 0.5426 0.9558786 2.9964
 | 13.4111 51.2643 -51.2643 0.0000000 CC(O)C1OC(=O)C1=C(O)C=CC=CN(CCO)CCO 1 C=C1COC1=O 1.0000000 1.0000 0.8232787 0.8233 0.7176407 4.3923
 | 16.9637 59.5347 56.5145 0.9066339 CNCCN1NC(=O)C(=C(O)C=CC=CN2CN(C)CCC2=O)C1=O 1 O=C1NNC(=O)C1=CC=CC=CN1CNCCC1=O 1.0000000 1.0000 0.8068672 0.8069 0.8571398 3.8328
 | 14.9073 55.5712 52.9174 0.8475666 O=C1NC(O)(CO)C1=C(O)C=CC=CN1CCC(C(=O)O)C1=O 1 O=C1NCC1=CC=CC=CN1CCCC1=O 1.0000000 1.0000 0.8417358 0.8417 0.6139306 4.6978
 | 23.4115 60.9240 -60.9082 0.0001240 CC(C=CN1CCOCC1)=CC(O)=C1CC(=CN2CCOCC2)NC1=N 1 N=C1NC(=CN2CCOCC2)CC1=CC=CC=CN1CCOCC1 0.0000000 0.0000 0.5416759 0.5417 0.8167627 4.0264
 | 11.4148 60.4121 52.0126 0.8783181 O=C1NCCCOC(=O)C1=C(O)C=CC=CN1CN=CNC1=O 1 O=C1NCCCOC(=O)C1=CC=CC=CN1CN=CNC1=O 1.0000000 1.0000 0.7453059 0.7453 0.8251563 3.9892
 | 18.1461 63.3875 44.2838 0.8411821 CC1=NCN(C=CC=CC(O)=C2C(=O)NC(=CN3CCN(C)CC3)C2=O)C(=O)N1C 1 O=C1NC(=CN2CCNCC2)C(=O)C1=CC=CC=CN1CN=CNC1=O 1.0000000 1.0000 0.6465072 0.6465 0.8163006 4.0284
02:45:25 <INFO> Score: 0.76 Agent NLL: 16.79 Valid: 100% Step: 181
 | Agent Prior Target Score SMILES SMILES_state Scaffold DASA DASA (raw) Solubility Solubility (raw) SA SA (raw)
 | 26.2748 85.3638 21.3152 0.8334299 CN(C=C1CCCC(=C(O)C=CC=CN2CCCO2)C(=O)NC1=O)CNCCO 1 C=C1CCCC(=CC=CC=CN2CCCO2)C(=O)NC1=O 1.0000000 1.0000 0.6571958 0.6572 0.7698684 4.2133
 | 17.1185 61.1996 52.3292 0.8869435 O=CCC1NC(=O)C(=C(O)C=CC=CN2CNCC2=O)C(=O)NC1=O 1 O=C1CNC(=O)C(=CC=CC=CN2CNCC2=O)C(=O)N1 1.0000000 1.0000 0.8615717 0.8616 0.7224591 4.3768
 | 11.2189 56.1585 49.2251 0.8233094 COC1NC(=O)C(=C(O)C=CC=CN2CNC(=O)NC2=O)C1O 1 O=C1NCN(C=CC=CC=C2CCNC2=O)C(=O)N1 1.0000000 1.0000 0.8126450 0.8126 0.5668705 4.8247
 | 31.6872 67.8459 20.2517 0.6882631 CSC1CC(O)C(C)N(C=CC=CC(O)=C2CC(=N)CNC2=O)C1 1 N=C1CNC(=O)C(=CC=CC=CN2CCCCC2)C1 1.0000000 1.0000 0.5662552 0.5663 0.4120541 5.2316
 | 17.6265 66.2439 34.0329 0.7834126 CC1=NNC(=O)C1=C(O)C=CC=CN1CC(CC(=O)O)C(C)O1 1 O=C1NN=CC1=CC=CC=CN1CCCO1 1.0000000 1.0000 0.6539258 0.6539 0.5972088 4.7434
 | 16.5915 61.1820 55.3417 0.9103415 NC(=O)NN=C1NC(=O)C(=C(O)C=CC=CN2CC(O)C2)N1 1 N=C1NC(=O)C(=CC=CC=CN2CCC2)N1 1.0000000 1.0000 0.8666649 0.8667 0.8002706 4.0958
 | 11.8293 46.2576 -46.2576 0.0000000 CN1OC(=O)C(=C(O)C=CC=CN2CCNC2=S)C1=O 1 O=C1NOC(=O)C1=CC=CC=CN1CCNC1=S 1.0000000 1.0000 0.7581332 0.7581 0.8071464 4.0674
 | 10.9117 46.9018 -46.9018 0.0000000 O=C1NOC(=O)C1=C(O)C=CC=CN1CCC1 1 O=C1NOC(=O)C1=CC=CC=CN1CCC1 1.0000000 1.0000 0.7818551 0.7819 0.8802649 3.7004
 | 12.6271 49.9012 63.8245 0.8884818 CN1C(=O)CN(C=CC=CC(O)=C2C(=O)NC(=S)OC2=O)C1=O 1 O=C1CN(C=CC=CC=C2C(=O)NC(=S)OC2=O)C(=O)N1 1.0000000 1.0000 0.7509533 0.7510 0.8581998 3.8271
 | 14.0147 54.5961 46.6501 0.7909859 CC1OC(=O)NC(=O)C1=C(O)C=CC=CN1CCC=C1O 1 O=C1NC(=O)C(=CC=CC=CN2C=CCC2)CO1 1.0000000 1.0000 0.5970556 0.5971 0.6935712 4.4679
02:45:26 <INFO> Score: 0.79 Agent NLL: 16.53 Valid: 100% Step: 182
 | Agent Prior Target Score SMILES SMILES_state Scaffold DASA DASA (raw) Solubility Solubility (raw) SA SA (raw)
 | 18.6764 72.7129 35.5989 0.8461865 N=C1C(=O)CCC(=C(O)C=CC=CN2CCC(N)(CO)C2)C(=O)NC1=O 1 N=C1C(=O)CCC(=CC=CC=CN2CCCC2)C(=O)NC1=O 1.0000000 1.0000 0.7725901 0.7726 0.6758006 4.5215
 | 20.2790 68.3682 33.7823 0.7980510 O=C1CCCC(Br)CN1C=CC=CC(O)=c1c(=O)[nH]c(=CN2CCOCC2)[nH]c1=O 1 O=C1CCCCCN1C=CC=CC=c1c(=O)[nH]c(=CN2CCOCC2)[nH]c1=O 1.0000000 1.0000 0.6431296 0.6431 0.6585222 4.5722
 | 14.9851 54.8484 57.6063 0.8785520 CN1C(=O)C(=C(O)C=CC=CN2C=CCC2)C(=O)NN=C1N 1 O=C1NC=NNC(=O)C1=CC=CC=CN1C=CCC1 1.0000000 1.0000 0.7592602 0.7593 0.8078945 4.0643
 | 17.0474 68.2554 38.4225 0.8334212 O=C1CN(C=CC=CC(O)=C2CCC(=CN3CCCC3C(=O)O)C(=O)NC2=O)C(=O)CN1 1 O=C1CN(C=CC=CC=C2CCC(=CN3CCCC3)C(=O)NC2=O)C(=O)CN1 1.0000000 1.0000 0.6927561 0.6928 0.7226611 4.3761
 | 12.3795 71.6538 39.6933 0.8698991 C=C1COC(=O)C(=C(O)C=CC=CN2C(=O)COCC2C(=O)O)C(=O)NC1=O 1 C=C1COC(=O)C(=CC=CC=CN2CCOCC2=O)C(=O)NC1=O 1.0000000 1.0000 0.7776785 0.7777 0.7530245 4.2738
 | 16.7211 52.8148 47.7917 0.7859878 C=CC1(C)CC(=O)C(=C(O)C=CC=CN2CCC(=O)NC2=O)O1 1 O=C1CCN(C=CC=CC=C2OCCC2=O)C(=O)N1 1.0000000 1.0000 0.5764043 0.5764 0.7044883 4.4341
 | 19.1695 67.2972 37.9855 0.8225214 CCN1C(=O)N(C)C(=O)C(=C(O)C=CC=CN2CC=COC2=O)C(=O)N1C 1 O=C1NNC(=O)C(=CC=CC=CN2CC=COC2=O)C(=O)N1 1.0000000 1.0000 0.6032886 0.6033 0.8072128 4.0671
 | 14.2433 64.1814 48.0667 0.8769382 O=C1CCOC(=O)C(=C(O)C=CC=CN2CN=CC=N2)C(=O)N1 1 O=C1CCOC(=O)C(=CC=CC=CN2CN=CC=N2)C(=O)N1 1.0000000 1.0000 0.7583918 0.7584 0.8027816 4.0855
 | 12.4452 49.7882 62.1450 0.8744780 CC=C1C(=O)OC(=C(O)C=CC=CN2CCNC(=O)C2)C1=O 1 C=C1C(=O)OC(=CC=CC=CN2CCNC(=O)C2)C1=O 1.0000000 1.0000 0.7246714 0.7247 0.8378688 3.9300
 | 21.5502 73.1073 35.6839 0.8499309 CNC=NC1=NNC(=O)C1=C(O)C=CC=CN1CCN=C1NOC 1 O=C1NN=CC1=CC=CC=CN1C=NCC1 1.0000000 1.0000 0.7908324 0.7908 0.6694373 4.5403
02:45:26 <INFO> Score: 0.84 Agent NLL: 16.56 Valid: 100% Step: 183
 | Agent Prior Target Score SMILES SMILES_state Scaffold DASA DASA (raw) Solubility Solubility (raw) SA SA (raw)
 | 12.6669 54.8272 60.9461 0.9044788 NC1CC(=O)N(C=CC=CC(O)=C2C(=O)NC(=O)NC2=O)C1 1 O=C1NC(=O)C(=CC=CC=CN2CCCC2=O)C(=O)N1 1.0000000 1.0000 0.8301013 0.8301 0.8201927 4.0113
 | 18.5960 69.2356 39.7768 0.8516597 CON=C1C(=O)CCC(=C(O)C=CC=CN2CCC2=O)C(=O)N1C 1 N=C1NC(=O)C(=CC=CC=CN2CCC2=O)CCC1=O 1.0000000 1.0000 0.6603849 0.6604 0.8382257 3.9283
 | 16.1170 63.8477 53.5595 0.9172441 CN1C(=O)CNC(=C(O)C=CC=CN2CC(=O)NCC2=O)C(=O)NC1=O 1 O=C1CN(C=CC=CC=C2NCC(=O)NC(=O)NC2=O)C(=O)CN1 1.0000000 1.0000 0.8393061 0.8393 0.8584841 3.8256
 | 27.4304 79.6265 28.1863 0.8422872 CC1(C)CNCC(=C(O)C=CC=CN2CCOCC2=O)C(=O)NC(=O)C1=NNC(N)=O 1 N=C1CCNCC(=CC=CC=CN2CCOCC2=O)C(=O)NC1=O 1.0000000 1.0000 0.7439638 0.7440 0.6935387 4.4680
 | 14.0799 60.4690 53.9870 0.8941873 O=C1NC(=C(O)O)C(=O)C1=C(O)C=CC=CN1CCN(CCO)C1=O 1 C=C1NC(=O)C(=CC=CC=CN2CCNC2=O)C1=O 1.0000000 1.0000 0.7658287 0.7658 0.8610766 3.8116
 | 17.7076 69.6626 44.0878 0.8886755 NC1=NCN(C=CC=CC(O)=C2C(=O)NC(=CN3CCNCC3)C2=O)CCN1 1 O=C1NC(=CN2CCNCC2)C(=O)C1=CC=CC=CN1CCNC=NC1 1.0000000 1.0000 0.8088725 0.8089 0.7857156 4.1536
 | 11.6962 52.8076 61.2327 0.8909398 O=C1NOC(=O)C1=C(O)C=CC=CN1CNC1=O 1 O=C1NOC(=O)C1=CC=CC=CN1CNC1=O 1.0000000 1.0000 0.8218808 0.8219 0.7790987 4.1789
 | 13.7860 54.6858 54.9678 0.8566691 CC1NC(=O)CN(C=CC=CC(O)=C2CONC2=O)C1=O 1 O=C1CN(C=CC=CC=C2CONC2=O)C(=O)CN1 1.0000000 1.0000 0.8086007 0.8086 0.6738048 4.5274
 | 20.9116 70.0309 34.0659 0.8132560 CC1(C)CN(C=CC=CC(O)=C2C(=O)NC(=O)CC(O)NC2=O)C(O)C(O)O1 1 O=C1CCNC(=O)C(=CC=CC=CN2CCOCC2)C(=O)N1 1.0000000 1.0000 0.8203977 0.8204 0.5322618 4.9158
 | 15.8676 70.8536 44.7996 0.9035402 O=C1CN(C=CC=CC(O)=C2C(=O)NC(=NC(=O)C(=O)O)COC2=O)C(=O)CN1 1 N=C1COC(=O)C(=CC=CC=CN2CC(=O)NCC2=O)C(=O)N1 1.0000000 1.0000 0.8473886 0.8474 0.7966732 4.1104
02:45:27 <INFO> Score: 0.80 Agent NLL: 16.69 Valid: 100% Step: 184
 | Agent Prior Target Score SMILES SMILES_state Scaffold DASA DASA (raw) Solubility Solubility (raw) SA SA (raw)
 | 10.2022 55.6324 -55.6324 0.0000000 CN1C(=O)OC(=C(O)C=CC=CN2CC(=O)NCC2=O)C(=O)N1C 1 O=C1CN(C=CC=CC=C2OC(=O)NNC2=O)C(=O)CN1 1.0000000 1.0000 0.7855868 0.7856 0.8228736 3.9994
 | 16.1644 53.3721 59.5333 0.8820740 CC1=C(CC(=O)O)N(C)C(=O)C1=C(O)C=CC=CN1CC(=O)NCC1=O 1 O=C1CN(C=CC=CC=C2C=CNC2=O)C(=O)CN1 1.0000000 1.0000 0.7235218 0.7235 0.8705208 3.7586
 | 24.1329 61.0192 -61.0030 0.0001268 CN1C(=O)C(=C(O)C=CC=Cn2sc(=O)[nH]c2=O)C(O)C1N1CCOCC1 1 O=C1NC(N2CCOCC2)CC1=CC=CC=Cn1sc(=O)[nH]c1=O 0.0000000 0.0000 0.7613776 0.7614 0.5962492 4.7460
 | 19.1083 64.9049 42.6036 0.8399096 CN1C(=O)NC2(C(=O)NC(=O)C(=C(O)C=CC=CN3CCC(=O)N3)C2=O)C1=O 1 O=C1CCN(C=CC=CC=C2C(=O)NC(=O)C3(NC(=O)NC3=O)C2=O)N1 1.0000000 1.0000 0.8434684 0.8435 0.5895140 4.7642
 | 13.5835 46.1170 56.7161 0.8033834 CNC=CC=CC(O)=C1CC(C)=C(C)C1=O 1 C=C1CC=CC1=O 1.0000000 1.0000 0.5315680 0.5316 0.8511486 3.8641
 | 16.7498 52.3613 -52.3613 0.0000000 CCNC1C(=O)C(=C(O)C=CC=CN(C)CCO)OC1CO 1 C=C1OCCC1=O 1.0000000 1.0000 0.8016614 0.8017 0.6741403 4.5264
 | 18.2384 63.0858 36.2618 0.7761537 CC(O)C1ON(C)C(=O)C1=C(O)C=CC=CN1C=CC(=O)CC1 1 O=C1C=CN(C=CC=CC=C2CONC2=O)CC1 1.0000000 1.0000 0.6769624 0.6770 0.5509383 4.8668
 | 8.5382 52.2886 65.5917 0.9209401 O=C1C=CC(=O)C(=C(O)C=CC=CN2CC(=O)NCC2=O)C(=O)N1 1 O=C1C=CC(=O)C(=CC=CC=CN2CC(=O)NCC2=O)C(=O)N1 1.0000000 1.0000 0.8272765 0.8273 0.8883641 3.6488
 | 19.8381 53.7240 56.6638 0.8624045 C=C1OC(O)C(=C(O)C=CC=CN(C)CCO)C(=O)C1=O 1 C=C1COC(=C)C(=O)C1=O 1.0000000 1.0000 0.7857696 0.7858 0.7171863 4.3938
 | 11.7904 61.5265 46.5035 0.8439848 CC(O)C1ONC(=O)C(=C(O)C=CC=CN2CC(=O)NCC2=O)C1=O 1 O=C1CN(C=CC=CC=C2C(=O)CONC2=O)C(=O)CN1 1.0000000 1.0000 0.8441956 0.8442 0.6009989 4.7332
02:45:28 <INFO> Score: 0.78 Agent NLL: 17.14 Valid: 100% Step: 185
 | Agent Prior Target Score SMILES SMILES_state Scaffold DASA DASA (raw) Solubility Solubility (raw) SA SA (raw)
 | 10.0480 51.6722 -51.6722 0.0000000 O=C1CCC(=O)C(=C(O)C=CC=CN2CCCC2=O)C(=O)N1 1 O=C1CCC(=O)C(=CC=CC=CN2CCCC2=O)C(=O)N1 1.0000000 1.0000 0.7101657 0.7102 0.9332138 3.2821
 | 15.8270 57.6972 52.5635 0.8614113 O=C1NC(=O)C(CCl)C(=O)C1=C(O)C=CC=CN1CCC1 1 O=C1CC(=O)C(=CC=CC=CN2CCC2)C(=O)N1 1.0000000 1.0000 0.6986760 0.6987 0.8217758 4.0043
 | 10.8557 58.5830 49.8556 0.8471761 C=C1C(=O)C(=C(O)C=CC=CN2CCOOC2=O)C(=O)N1C 1 C=C1NC(=O)C(=CC=CC=CN2CCOOC2=O)C1=O 1.0000000 1.0000 0.6796978 0.6797 0.7919734 4.1291
 | 14.5400 59.6260 43.8077 0.8080763 CC1CC(O)C(O)C(=C(O)C=CC=CN2CC2N)C(=O)N1 1 O=C1NCCCCC1=CC=CC=CN1CC1 1.0000000 1.0000 0.8183092 0.8183 0.5197554 4.9485
 | 11.5824 54.4492 57.3440 0.8733844 O=C1CN(C=CC=CC(O)=C2CC(=O)C(O)C2=O)C(=O)CN1 1 O=C1CC(=O)C(=CC=CC=CN2CC(=O)NCC2=O)C1 1.0000000 1.0000 0.8336956 0.8337 0.7044559 4.4342
 | 14.0996 71.8741 41.1869 0.8832890 CON=C1OC(=O)C(=C(O)C=CC=CN2CCC(=O)NO2)C(=O)NC1=O 1 N=C1OC(=O)C(=CC=CC=CN2CCC(=O)NO2)C(=O)NC1=O 1.0000000 1.0000 0.8086346 0.8086 0.7661770 4.2268
 | 13.1284 57.6456 52.4383 0.8600305 CC1=NOC(=O)C1=C(O)C=CC=CN1CCC(=O)CC1=O 1 O=C1CCN(C=CC=CC=C2C=NOC2=O)C(=O)C1 1.0000000 1.0000 0.6723557 0.6724 0.8547506 3.8454
 | 10.0424 50.4433 61.1688 0.8719691 N=C1NC(=O)C(=C(O)C=CC=CN2CCC2)CO1 1 N=C1NC(=O)C(=CC=CC=CN2CCC2)CO1 1.0000000 1.0000 0.7331773 0.7332 0.8163075 4.0284
 | 25.3132 67.6778 38.1243 0.8265792 O=C1NC2NC(=O)C(=C(O)C=CC=CN3CNC(=O)C(=O)N3CCO)C2N1 1 O=C1NC2NC(=O)C(=CC=CC=CN3CNC(=O)C(=O)N3)C2N1 1.0000000 1.0000 0.8862982 0.8863 0.5193963 4.9494
 | 16.7018 56.9733 59.7684 0.9120445 O=C1CN(C=CC=CC(O)=C2C(=O)CCNC2=O)CNC1=O 1 O=C1CN(C=CC=CC=C2C(=O)CCNC2=O)CNC1=O 1.0000000 1.0000 0.8236697 0.8237 0.8573609 3.8316
02:45:28 <INFO> Sampled SMILES O=C1C(=C(O)C=CC=CN2CC(=O)NCC2=O)CC=2C(=O)C(O)(C)C(=O)C2(CN)O1 failed to sanitize.
02:45:28 <INFO> Score: 0.78 Agent NLL: 17.32 Valid:  99% Step: 186
 | Agent Prior Target Score SMILES SMILES_state Scaffold DASA DASA (raw) Solubility Solubility (raw) SA SA (raw)
 | 16.5319 51.0741 31.7720 0.6472348 CC1=NN(c2ccccc2)C(=O)C1=C(O)C=CC=CN1CCCCC1 1 O=C1C(=CC=CC=CN2CCCCC2)C=NN1c1ccccc1 1.0000000 1.0000 0.2253495 0.2253 0.9616831 2.9005
 | 13.5982 60.4110 48.0717 0.8475215 CCCCN1CCC(=O)N(C=CC=CC(O)=C2CCC(=O)C(=O)NC2=O)C1 1 O=C1CCC(=CC=CC=CN2CNCCC2=O)C(=O)NC1=O 1.0000000 1.0000 0.6149939 0.6150 0.8945159 3.6074
 | 25.4926 60.5647 50.0811 0.8644202 CC(=O)NC=CC=CC(O)=C1C=CC(=CCO)N(C)C(=O)NC1=O 1 C=C1C=CC(=C)C(=O)NC(=O)N1 1.0000000 1.0000 0.6860198 0.6860 0.8523946 3.8577
 | 25.2004 73.9831 27.4791 0.7926731 CN1CC(O)OC(O)CN(C=CC=CC(O)=C2C(=O)CC2O)C1 1 O=C1CCC1=CC=CC=CN1CCOCCNC1 1.0000000 1.0000 0.8031274 0.8031 0.4902912 5.0253
 | 27.3462 59.0590 52.4658 0.8712872 CC(=O)C=COC1=CC(=O)C(=O)C(=C(O)C=CC=CN(C)CCO)C1=O 1 C=C1C(=O)C=CC(=O)C1=O 1.0000000 1.0000 0.7056989 0.7057 0.8517933 3.8608
 | 14.3033 49.3500 -49.3325 0.0001369 O=C1NCCOC(=O)C1=C(O)C=CC=Cn1ccccc1=O 1 O=C1NCCOC(=O)C1=CC=CC=Cn1ccccc1=O 0.0000000 0.0000 0.7007500 0.7008 0.9096456 3.4956
 | 15.6088 69.1785 45.6311 0.8969502 O=C1NC(=O)C(=C(O)C=CC=CN2C=NOCC2)C(=O)C1=O 1 O=C1NC(=O)C(=CC=CC=CN2C=NOCC2)C(=O)C1=O 1.0000000 1.0000 0.8223727 0.8224 0.8008379 4.0935
 | 17.5643 63.4720 44.8242 0.8460639 COCC1=NNC(=O)C1=C(O)C=CC=CN1CN=CC=N1 1 O=C1NN=CC1=CC=CC=CN1CN=CC=N1 1.0000000 1.0000 0.7488265 0.7488 0.7011902 4.4443
 | 19.0626 55.9513 55.0572 0.8672538 CN1NC(=O)C(=C(O)C=CC=CN2C(=O)NC2CC(=O)O)C1=O 1 O=C1NNC(=O)C1=CC=CC=CN1CNC1=O 1.0000000 1.0000 0.8091474 0.8091 0.7088933 4.4202
 | 27.5739 50.7217 -50.7042 0.0001374 CN(C)c1ccc(C=CC(O)=C2C(=O)NC(=S)NC2(O)O)cc1 1 O=C1NC(=S)NCC1=CC=Cc1ccccc1 0.0000000 0.0000 0.6901740 0.6902 0.9395641 3.2126
02:45:29 <INFO> Score: 0.80 Agent NLL: 16.90 Valid: 100% Step: 187
 | Agent Prior Target Score SMILES SMILES_state Scaffold DASA DASA (raw) Solubility Solubility (raw) SA SA (raw)
 | 9.0402 52.2380 -52.2380 0.0000000 O=C1CN(C=CC=CC(O)=C2C(=O)CCNC2=O)C(=O)CN1 1 O=C1CN(C=CC=CC=C2C(=O)CCNC2=O)C(=O)CN1 1.0000000 1.0000 0.8236697 0.8237 0.8866615 3.6599
 | 16.3949 48.9515 63.0606 0.8750945 COC(=O)C1=COC(=O)C1=C(O)C=CC=CN1CC(=O)N(C)C1=O 1 O=C1CN(C=CC=CC=C2C=COC2=O)C(=O)N1 1.0000000 1.0000 0.7072819 0.7073 0.8652066 3.7888
 | 16.6889 59.6244 53.7560 0.8857847 O=C1NC(=O)C(O)C(=O)C1=C(O)C=CC=CN1CCC(C(=O)O)CC1=O 1 O=C1CC(=O)C(=CC=CC=CN2CCCCC2=O)C(=O)N1 1.0000000 1.0000 0.8047923 0.8048 0.7797542 4.1764
 | 12.2846 49.3995 -49.3995 0.0000000 CN1CC(=C(O)C=CC=CN2CCCC2=O)C(=O)NC1=O 1 O=C1NCC(=CC=CC=CN2CCCC2=O)C(=O)N1 1.0000000 1.0000 0.7031503 0.7032 0.8982690 3.5811
 | 8.9422 50.0289 -50.0289 0.0000000 C=c1[nH]c(=O)[nH]c(=O)c1=C(O)C=CC=CN1CC(=O)NCC1=O 1 C=c1[nH]c(=O)[nH]c(=O)c1=CC=CC=CN1CC(=O)NCC1=O 1.0000000 1.0000 0.8877890 0.8878 0.8300381 3.9669
 | 14.1305 66.2291 45.2106 0.8706228 O=c1[nH]c(=CN(CCO)CCO)[nH]c(=O)c1=C(O)C=CC=CN1C=CC=CC1 1 C=c1[nH]c(=O)c(=CC=CC=CN2C=CC=CC2)c(=O)[nH]1 1.0000000 1.0000 0.8337949 0.8338 0.6950485 4.4633
 | 12.2701 61.2945 -61.2945 0.0000000 CN1CCN(C=CC=CC(O)=C2C(=O)NNC(O)C2=O)C(=O)C1 1 O=C1CNNC(=O)C1=CC=CC=CN1CCNCC1=O 1.0000000 1.0000 0.8552367 0.8552 0.7498642 4.2848
 | 20.1646 61.0808 43.7772 0.8192036 C=CC1NC(=N)N(C)C(=O)C1=C(O)C=CC=CN1CN(C)C(=O)C1=O 1 N=C1NCC(=CC=CC=CN2CNC(=O)C2=O)C(=O)N1 1.0000000 1.0000 0.7558542 0.7559 0.6055083 4.7209
 | 11.2914 52.5245 60.5927 0.8837283 O=C1CCN(C=CC=CC(O)=C2C(=O)NC(=O)CC2O)C1 1 O=C1CCN(C=CC=CC=C2CCC(=O)NC2=O)C1 1.0000000 1.0000 0.7914178 0.7914 0.7878653 4.1452
 | 21.4405 62.6532 48.6619 0.8696490 CC=C1C(=O)CNC(=O)C1=C(O)C=CC=CN1CCC(=O)NC1=O 1 C=C1C(=O)CNC(=O)C1=CC=CC=CN1CCC(=O)NC1=O 1.0000000 1.0000 0.6947933 0.6948 0.8610293 3.8119
02:45:30 <INFO> Score: 0.83 Agent NLL: 17.03 Valid: 100% Step: 188
 | Agent Prior Target Score SMILES SMILES_state Scaffold DASA DASA (raw) Solubility Solubility (raw) SA SA (raw)
 | 14.5176 57.5135 50.7717 0.8459778 CC1CN(C=CC=CC(O)=C2C(=O)CCC(=O)C2=O)C(=O)C(O)O1 1 O=C1CCC(=O)C(=CC=CC=CN2CCOCC2=O)C1=O 1.0000000 1.0000 0.7357802 0.7358 0.7158302 4.3982
 | 13.7462 61.6962 50.4271 0.8759630 O=C1C=COC(=C(O)C=CC=CN2CCC2)C(=O)N1 1 O=C1C=COC(=CC=CC=CN2CCC2)C(=O)N1 1.0000000 1.0000 0.7187609 0.7188 0.8521948 3.8587
 | 15.2983 61.3081 48.9398 0.8613121 C=C1CN(C=CC=CC(O)=C2C(=O)NCC(C)C(=O)NC2=O)C1 1 C=C1CN(C=CC=CC=C2C(=O)NCCC(=O)NC2=O)C1 1.0000000 1.0000 0.7308556 0.7309 0.7781734 4.1824
 | 17.4856 63.1470 39.5987 0.8027008 CC1(C)OC(=NO)NC(=O)C1=C(O)C=CC=CN1CCC=CC1=O 1 N=C1NC(=O)C(=CC=CC=CN2CCC=CC2=O)CO1 1.0000000 1.0000 0.6042180 0.6042 0.7272658 4.3611
 | 23.7941 62.7794 29.8523 0.7236849 C=C1CN(C=CC=CC(O)=C2CC3(CO)OC=CC3(O)C2=O)C1 1 C=C1CN(C=CC=CC=C2CC3OC=CC3C2=O)C1 1.0000000 1.0000 0.6879189 0.6879 0.4027758 5.2566
 | 14.3073 47.9392 59.9369 0.8427820 C=C1CNC(=O)C(=C(O)C=CC=CN(C)C)SC1=O 1 C=C1CNC(=O)C(=C)SC1=O 1.0000000 1.0000 0.6419259 0.6419 0.8298930 3.9676
 | 29.3409 88.0075 22.7481 0.8652782 O=C1CN(C=CC=CC(=O)N2C(=O)C(=O)NC(=O)C(=C(O)C=CC=CN3CCSCC3=O)C2=O)CCN1 1 O=C1CN(C=CC=CC(=O)N2C(=O)C(=O)NC(=O)C(=CC=CC=CN3CCSCC3=O)C2=O)CCN1 1.0000000 1.0000 0.7321625 0.7322 0.7916356 4.1304
 | 17.7350 60.4035 57.9172 0.9243802 C=c1oc(=O)c(=C(O)C=CC=C(C)N(CCO)CCO)c(=O)[nH]c1=O 1 C=c1oc(=O)c(=C)c(=O)[nH]c1=O 1.0000000 1.0000 0.8760673 0.8761 0.8424183 3.9080
 | 24.1241 66.1882 33.9418 0.7822655 C=CCC1(O)CNC(=O)C(=C(O)C=CC=CN2CC(C)OC(N)=N2)C1=O 1 O=C1CCNC(=O)C1=CC=CC=CN1CCOC=N1 1.0000000 1.0000 0.7404654 0.7405 0.5113072 4.9705
 | 25.9305 57.5136 40.2751 0.7639743 CC(C)=CCC12C(=O)C(=C(O)C=CC=CN3CCN(C)CC3)C1N(C)C2=O 1 O=C1NC2C(=CC=CC=CN3CCNCC3)C(=O)C12 1.0000000 1.0000 0.5216976 0.5217 0.7047386 4.4333
02:45:30 <INFO> Score: 0.79 Agent NLL: 16.78 Valid: 100% Step: 189
 | Agent Prior Target Score SMILES SMILES_state Scaffold DASA DASA (raw) Solubility Solubility (raw) SA SA (raw)
 | 24.4463 78.9469 15.4401 0.7373979 O=C1CN(C=CC=CC(O)=C2CC(=CN3CCCCCC3)C(N3CCSCC3)C(=O)NC2=O)CCN1 1 O=C1CN(C=CC=CC=C2CC(=CN3CCCCCC3)C(N3CCSCC3)C(=O)NC2=O)CCN1 1.0000000 1.0000 0.4623803 0.4624 0.7020190 4.4418
 | 26.1735 67.9170 -17.5790 0.3932659 CC12CC(=C(O)C=CC=CN3OCCCC3=O)C(=O)C1=CCC1C2=CC=C2CC(=O)CCC21C 1 O=C1CCC2C(=CC=C3C4CC(=CC=CC=CN5OCCCC5=O)C(=O)C4=CCC32)C1 1.0000000 1.0000 0.0797479 0.0797 0.4126853 5.2299
 | 27.2855 86.7086 21.8449 0.8480740 NC(C=O)=C1OCCCN(CCO)NC(=O)C1=C(O)C=CC=CN1CC(=O)NCC1=O 1 C=C1OCCCNNC(=O)C1=CC=CC=CN1CC(=O)NCC1=O 1.0000000 1.0000 0.8258341 0.8258 0.6297243 4.6541
 | 16.9470 65.7335 44.0870 0.8579725 CN(CCO)C1=CC(=C(O)C=CC=CN2CCSCC2=O)C(=O)NC1 1 O=C1NCC=CC1=CC=CC=CN1CCSCC1=O 1.0000000 1.0000 0.6998121 0.6998 0.8065113 4.0701
 | 23.8704 68.3984 44.4912 0.8819498 CC#CC1=CC(=O)NC(=O)C1=C(O)C=CC=CN1CC(=O)N(O)C(=O)C1=O 1 O=C1C=CC(=CC=CC=CN2CC(=O)NC(=O)C2=O)C(=O)N1 1.0000000 1.0000 0.7758098 0.7758 0.8001252 4.0964
 | 16.6101 66.2744 41.3020 0.8404406 CCCCCCC1COC(=O)C(=C(O)C=CC=CN2CC(=O)NCC2=O)C(=O)NC1=O 1 O=C1CN(C=CC=CC=C2C(=O)NC(=O)CCOC2=O)C(=O)CN1 1.0000000 1.0000 0.6442617 0.6443 0.8166852 4.0267
 | 12.2401 44.8255 61.8673 0.8335376 O=C1CN(C=CC=CC(O)=C2CCCCCC2=O)CCN1 1 O=C1CN(C=CC=CC=C2CCCCCC2=O)CCN1 1.0000000 1.0000 0.5708962 0.5709 0.9120469 3.4764
 | 25.3097 73.1466 29.0786 0.7986341 O=C1NC(O)(CBr)C(=O)C1=C(O)C=CC=CN1CCOOCC1=O 1 O=C1CNC(=O)C1=CC=CC=CN1CCOOCC1=O 1.0000000 1.0000 0.7345804 0.7346 0.5631367 4.8346
 | 22.1085 73.7290 31.9670 0.8257503 CC1=NC=CCN1C=CC=CC(O)=C1C(=O)NC(O)OC(=O)C1=O 1 O=C1NCOC(=O)C(=O)C1=CC=CC=CN1C=NC=CC1 1.0000000 1.0000 0.7599636 0.7600 0.6220330 4.6755
 | 10.9001 50.5357 67.0493 0.9186328 O=C1CCN(C=CC=CC(O)=C2C(=O)NC(=O)NC2=O)C(=O)N1 1 O=C1CCN(C=CC=CC=C2C(=O)NC(=O)NC2=O)C(=O)N1 1.0000000 1.0000 0.7993519 0.7994 0.9160320 3.4433
02:45:31 <INFO> Score: 0.77 Agent NLL: 17.11 Valid: 100% Step: 190
 | Agent Prior Target Score SMILES SMILES_state Scaffold DASA DASA (raw) Solubility Solubility (raw) SA SA (raw)
 | 19.7811 46.0397 45.6793 0.7165550 O=C1Nc2ccc(O)cc2C1=C(O)C=CC=CN1CCCCC1 1 O=C1Nc2ccccc2C1=CC=CC=CN1CCCCC1 1.0000000 1.0000 0.3243972 0.3244 0.9522601 3.0502
 | 13.1271 50.8774 51.5336 0.8000858 O=C1NC(CO)OC1=C(O)C=CC=CN1C=CCC1 1 O=C1NCOC1=CC=CC=CN1C=CCC1 1.0000000 1.0000 0.7430808 0.7431 0.5596678 4.8438
 | 14.9831 65.3600 43.6031 0.8512738 NC1CN(C=CC=CC(O)=C2NC(=O)C(N)NC2=O)C1=O 1 O=C1CNC(=O)C(=CC=CC=CN2CCC2=O)N1 1.0000000 1.0000 0.8950596 0.8951 0.5808563 4.7874
 | 18.2009 59.7523 48.9489 0.8492287 CC(=O)OC1CC(O)C(=C(O)C=CC=CN2CCNCC2=O)C(=O)N1 1 O=C1NCCCC1=CC=CC=CN1CCNCC1=O 1.0000000 1.0000 0.7940272 0.7940 0.6638976 4.5566
 | 17.2704 50.6683 59.5636 0.8611864 CC(=O)OC1=C(CO)CC(=C(O)C=CC=CN(C)C)C1=O 1 C=C1CC=CC1=O 1.0000000 1.0000 0.6616361 0.6616 0.8763249 3.7244
 | 41.7914 75.1578 6.0479 0.6344194 CC1OC2C(=C(O)C=CC=CN(C)C)C(=O)NCONC=CNC2C(O)C1O 1 C=C1C(=O)NCONC=CNC2CCCOC12 1.0000000 1.0000 0.7654648 0.7655 0.2038313 5.8876
 | 25.1462 77.8408 30.9937 0.8502694 C=CCN1CCC(=O)C(=C(O)C=CC=CN2CC=C(CO)N2)C(=O)N1 1 O=C1CCNNC(=O)C1=CC=CC=CN1CC=CN1 1.0000000 1.0000 0.7402369 0.7402 0.7259264 4.3655
 | 16.5421 68.7367 39.4162 0.8449445 O=C1NC(=O)C(=C(O)C=CC=CN2CC(O)C2)CSC1=CF 1 C=C1SCC(=CC=CC=CN2CCC2)C(=O)NC1=O 1.0000000 1.0000 0.6712783 0.6713 0.7950514 4.1169
 | 16.8273 61.8559 52.7539 0.8953892 N=C(N)N=C1NC(=O)C(=C(O)C=CC=CN2CCOCC2=O)C(=O)O1 1 N=C1NC(=O)C(=CC=CC=CN2CCOCC2=O)C(=O)O1 1.0000000 1.0000 0.8150264 0.8150 0.8036072 4.0821
 | 14.9665 59.0927 56.2593 0.9011879 N=C1C(=O)NC(=O)C(=C(O)C=CC=CN2CNC(=O)NC2=O)C1=O 1 N=C1C(=O)NC(=O)C(=CC=CC=CN2CNC(=O)NC2=O)C1=O 1.0000000 1.0000 0.8147361 0.8147 0.8260456 3.9851
02:45:32 <INFO> Score: 0.79 Agent NLL: 16.77 Valid: 100% Step: 191
 | Agent Prior Target Score SMILES SMILES_state Scaffold DASA DASA (raw) Solubility Solubility (raw) SA SA (raw)
 | 13.5876 66.7238 50.0031 0.9119286 O=C1CCN(C=CC=CC(O)=C2C(=O)NN(CCO)CCOC2=O)C1=O 1 O=C1CCN(C=CC=CC=C2C(=O)NNCCOC2=O)C1=O 1.0000000 1.0000 0.8235997 0.8236 0.8569905 3.8336
 | 19.6045 56.4831 48.6191 0.8211103 CN(C=CC=CC(O)=C1C(=O)OC2(C)C(=O)OC2(C)C1=O)CCO 1 C=C1C(=O)OC2C(=O)OC2C1=O 1.0000000 1.0000 0.7442422 0.7442 0.6229155 4.6730
 | 16.0329 68.3901 42.2470 0.8643522 C=C1CN(C=CC=CC(O)=C2NCOC(=O)NC2=O)C1=O 1 C=C1CN(C=CC=CC=C2NCOC(=O)NC2=O)C1=O 1.0000000 1.0000 0.7569884 0.7570 0.7571711 4.2592
 | 14.8498 72.4664 35.3414 0.8422482 CN1C(=O)CN(C=CC=CC(O)=c2c(=O)[nH]c(=CN3CCOCC3O)n(C)c2=O)C1=O 1 O=C1CN(C=CC=CC=c2c(=O)[nH]c(=CN3CCOCC3)[nH]c2=O)C(=O)N1 1.0000000 1.0000 0.8489543 0.8490 0.5918168 4.7580
 | 21.5142 72.5421 36.9840 0.8556729 CC1=C(NON=CCCCO)C(=C(O)C=CC=CN2CCC(=O)C2=O)C(=O)N1 1 O=C1CCN(C=CC=CC=C2C=CNC2=O)C1=O 1.0000000 1.0000 0.7109401 0.7109 0.7825158 4.1659
 | 17.4359 61.0178 47.9080 0.8509826 CC1(C)CN(C=CC=CC(O)=C2C(=O)OC(=O)C2O)C(=O)CO1 1 O=C1CC(=CC=CC=CN2CCOCC2=O)C(=O)O1 1.0000000 1.0000 0.7427136 0.7427 0.7255731 4.3666
 | 10.8301 49.6177 -49.6177 0.0000000 O=C1CC(O)C(O)CC1=C(O)C=CC=CN1CCCC1=O 1 O=C1CCCCC1=CC=CC=CN1CCCC1=O 1.0000000 1.0000 0.7106724 0.7107 0.7324862 4.3438
 | 12.5387 56.0052 60.3321 0.9088852 N=C1NC(=C(O)C=CC=CN2CC2)C(=O)NC1=O 1 N=C1NC(=CC=CC=CN2CC2)C(=O)NC1=O 1.0000000 1.0000 0.8278917 0.8279 0.8397878 3.9208
 | 15.0213 56.5538 59.3912 0.9058204 CN1C(=O)CNC(=O)C1=C(O)C=CC=CN1CCNC1 1 O=C1CNC(=O)C(=CC=CC=CN2CCNC2)N1 1.0000000 1.0000 0.8169676 0.8170 0.8412616 3.9136
 | 13.4965 59.3647 57.0225 0.9092749 CN1CC(=O)C(=C(O)C=CC=CN2CNCC2=O)C(=O)NC1=O 1 O=C1NCC(=O)C(=CC=CC=CN2CNCC2=O)C(=O)N1 1.0000000 1.0000 0.8098241 0.8098 0.8638752 3.7962
02:45:32 <INFO> Score: 0.83 Agent NLL: 17.04 Valid: 100% Step: 192
 | Agent Prior Target Score SMILES SMILES_state Scaffold DASA DASA (raw) Solubility Solubility (raw) SA SA (raw)
 | 15.3485 71.3334 39.7037 0.8674777 CN1NC(=N)NC(=O)C(=C(O)C=CC=CN2CN=CN2)C1=O 1 N=C1NNC(=O)C(=CC=CC=CN2CN=CN2)C(=O)N1 1.0000000 1.0000 0.8357212 0.8357 0.6826705 4.5009
 | 16.1680 70.2897 35.4064 0.8257503 CONC(C)=C1COC(=O)C(=C(O)C=CC=CN2CC=CC=N2)C(=O)N1 1 C=C1COC(=O)C(=CC=CC=CN2CC=CC=N2)C(=O)N1 1.0000000 1.0000 0.6584519 0.6585 0.7388154 4.3226
 | 16.5678 60.1800 47.4516 0.8408721 CC(C)=C1NC(=O)C(=C(O)C=CC=CN2CCC(C(=O)O)C2=O)C(=O)C1=O 1 C=C1NC(=O)C(=CC=CC=CN2CCCC2=O)C(=O)C1=O 1.0000000 1.0000 0.6796458 0.6796 0.7675852 4.2217
 | 24.6607 82.3962 22.4619 0.8192043 CC1=NCOC=CCN1C=CC=CC(O)=C1C(=O)NN(C)CCOC1=O 1 O=C1NNCCOC(=O)C1=CC=CC=CN1C=NCOC=CC1 1.0000000 1.0000 0.6578688 0.6579 0.7152870 4.3999
 | 18.3895 58.6627 57.0110 0.9037012 O=C(O)CC1CN(C=CC=CC(O)=C2C(=O)NC(=O)C2=O)CCN1 1 O=C1NC(=O)C(=CC=CC=CN2CCNCC2)C1=O 1.0000000 1.0000 0.8231961 0.8232 0.8254684 3.9878
 | 12.4415 52.4633 55.6515 0.8446472 CN1C=CC(=C(O)C=CC=CN2CC(N)CC2=O)C1=O 1 O=C1NC=CC1=CC=CC=CN1CCCC1=O 1.0000000 1.0000 0.7370769 0.7371 0.7096123 4.4179
 | 12.3172 58.2356 52.1240 0.8621844 COC1COC(=O)C(=C(O)C=CC=CN2CC(=O)N(C)C2=O)C(=O)N1 1 O=C1CN(C=CC=CC=C2C(=O)NCCOC2=O)C(=O)N1 1.0000000 1.0000 0.7713822 0.7714 0.7324823 4.3438
 | 14.4198 52.3270 53.2767 0.8250294 CN1OCCC(=C(O)C=CC=CN2CCC=CC2=O)C1=O 1 O=C1NOCCC1=CC=CC=CN1CCC=CC1=O 1.0000000 1.0000 0.6208084 0.6208 0.7899916 4.1369
 | 14.8403 58.8340 46.1276 0.8200122 O=C1NC(=O)c2ccccc2CCC1=C(O)C=CC=CN1CCN(CCO)C1=O 1 O=C1NC(=O)c2ccccc2CCC1=CC=CC=CN1CCNC1=O 1.0000000 1.0000 0.5335895 0.5336 0.9234142 3.3781
 | 14.0989 63.0317 42.3849 0.8235673 C=C1CCN1C=CC=CC(O)=C1C(=O)NNCC1O 1 C=C1CCN1C=CC=CC=C1CCNNC1=O 1.0000000 1.0000 0.7712550 0.7713 0.6043640 4.7240
02:45:33 <INFO> Score: 0.82 Agent NLL: 16.71 Valid: 100% Step: 193
 | Agent Prior Target Score SMILES SMILES_state Scaffold DASA DASA (raw) Solubility Solubility (raw) SA SA (raw)
 | 14.7988 45.1098 62.4192 0.8400696 CC1CCCCN1C=CC=CC(O)=C1C(=O)NC(=S)NC1=O 1 O=C1NC(=S)NC(=O)C1=CC=CC=CN1CCCCC1 1.0000000 1.0000 0.6191551 0.6192 0.8549976 3.8441
 | 14.0200 60.7121 46.7254 0.8393551 O=C1CC(O)CC(=C(O)C=CC=CN2CCC2O)C(=O)N1 1 O=C1CCCC(=CC=CC=CN2CCC2)C(=O)N1 1.0000000 1.0000 0.7806235 0.7806 0.6451225 4.6107
 | 15.5336 56.8530 48.8849 0.8260770 CCC1CN(C=CC=CC(O)=C2COCOC2=O)C(=O)CO1 1 O=C1OCOCC1=CC=CC=CN1CCOCC1=O 1.0000000 1.0000 0.6617436 0.6617 0.7356286 4.3333
 | 11.1499 51.2253 65.7447 0.9138283 CN1C(=O)CN(C=CC=CC(O)=C2C(=O)C(=O)C(=O)C2=O)C1=O 1 O=C1CN(C=CC=CC=C2C(=O)C(=O)C(=O)C2=O)C(=O)N1 1.0000000 1.0000 0.8082977 0.8083 0.8841904 3.6758
 | 10.8738 54.9693 52.5406 0.8399211 C=C1CCC(=C(O)C=CC=CN2CCCC2=O)C(=O)NC1=O 1 C=C1CCC(=CC=CC=CN2CCCC2=O)C(=O)NC1=O 1.0000000 1.0000 0.6081233 0.6081 0.8729950 3.7442
 | 26.5354 75.8792 35.3367 0.8688748 CC(=O)CC1OC(=O)C(=O)N1C=CC=CC(O)=C1CN(CCO)C(=O)CNC1=O 1 O=C1CNC(=O)C(=CC=CC=CN2COC(=O)C2=O)CN1 1.0000000 1.0000 0.8145951 0.8146 0.7087450 4.4207
 | 26.5734 74.9038 35.8650 0.8653815 CONC1=C(O)OC(CO)CN1C=CC=CC(O)=C1C(=O)NCC(=O)N(C)C1=O 1 O=C1CNC(=O)C(=CC=CC=CN2C=COCC2)C(=O)N1 1.0000000 1.0000 0.8066791 0.8067 0.7050681 4.4322
 | 9.9330 52.7280 66.3745 0.9304888 CN1C(=O)CN(C=CC=CC(O)=C2C(=O)NC(=O)C(=O)NC2=O)C1=O 1 O=C1CN(C=CC=CC=C2C(=O)NC(=O)C(=O)NC2=O)C(=O)N1 1.0000000 1.0000 0.8478995 0.8479 0.9006862 3.5637
 | 19.1450 69.9457 40.5092 0.8629295 CC1(O)C(=O)C(=O)NC(=O)C1=C(O)C=CC=CN1CCC(=O)N=C1N1CCOCC1 1 O=C1CCN(C=CC=CC=C2CC(=O)C(=O)NC2=O)C(N2CCOCC2)=N1 1.0000000 1.0000 0.7657447 0.7657 0.7416443 4.3130
 | 24.3953 70.1200 27.7645 0.7647231 CSC1C(=O)C(=C(O)C=CC=CN2CCOOCC2)C=C1CO 1 O=C1CC=CC1=CC=CC=CN1CCOOCC1 1.0000000 1.0000 0.6109175 0.6109 0.5855159 4.7750
02:45:33 <INFO> Sampled SMILES O=C1C(=C(O)C=CC=CN2CCC(=O)N=C2OC)OCC(CO)([N+](=O)[O-])=C1 failed to sanitize.
02:45:33 <INFO> Sampled SMILES CN1C(=O)C(=C(O)C=CC=CN2CCN=C2N(C)C)C(O)C1O1CCCCC1=O failed to sanitize.
02:45:33 <INFO> Sampled SMILES C1(=O)C(=C(O)C=CC=CN2CC(C)C(C)(C)O2)=C(O)CC1 failed to sanitize.
02:45:34 <INFO> Score: 0.75 Agent NLL: 17.05 Valid:  96% Step: 194
 | Agent Prior Target Score SMILES SMILES_state Scaffold DASA DASA (raw) Solubility Solubility (raw) SA SA (raw)
 | 14.3723 55.8677 54.7924 0.8645322 O=C1CCCC(=C(O)C=CC=CN2CC=NCC2=O)C(=O)N1 1 O=C1CCCC(=CC=CC=CN2CC=NCC2=O)C(=O)N1 1.0000000 1.0000 0.7007285 0.7007 0.8314215 3.9605
 | 11.2933 56.9386 48.8662 0.8266000 O=C1CCCC(=C(O)C=CC=CN2CCOOC2=O)C1=O 1 O=C1CCCC(=CC=CC=CN2CCOOC2=O)C1=O 1.0000000 1.0000 0.6032951 0.6033 0.8241476 3.9937
 | 12.2529 52.9704 -52.9704 0.0000000 O=C1NC(=O)C(=C(O)C=CC=CN2CCOS(=O)(=O)C2=O)S1 1 O=C1NC(=O)C(=CC=CC=CN2CCOS(=O)(=O)C2=O)S1 1.0000000 1.0000 0.6714907 0.6715 0.7646322 4.2324
 | 15.2060 56.6906 57.1656 0.8895019 NC=CC=CC(O)=c1c(=O)[nH][nH]c1=CN1CCCCC1 1 C=c1c(=O)[nH][nH]c1=CN1CCCCC1 1.0000000 1.0000 0.7780802 0.7781 0.8263952 3.9836
 | 10.1825 56.6281 57.3941 0.8907982 O=C1NC(=O)C(=C(O)C=CC=CN2CNCC2=O)C(O)C1=O 1 O=C1CC(=CC=CC=CN2CNCC2=O)C(=O)NC1=O 1.0000000 1.0000 0.8767146 0.8767 0.7205154 4.3831
 | 18.0828 80.6314 20.8627 0.7929224 CC(C=CN(C)C)=C1OC(O)C(=O)NC(=O)C1=C(O)C=CC=CN1CC1N 1 C=C1OCC(=O)NC(=O)C1=CC=CC=CN1CC1 1.0000000 1.0000 0.7321056 0.7321 0.5486311 4.8729
 | 13.9433 51.2571 48.4956 0.7793179 O=C1CCCC(=C(O)C=CC=CN2CCCCCC2=O)C1=O 1 O=C1CCCC(=CC=CC=CN2CCCCCC2=O)C1=O 1.0000000 1.0000 0.4444137 0.4444 0.9286596 3.3282
 | 18.7984 67.4599 39.3677 0.8345908 CC(=O)OC=C1COCOC(=O)C1=C(O)C=CC=CN1CN(C)CCC1=O 1 C=C1COCOC(=O)C1=CC=CC=CN1CNCCC1=O 1.0000000 1.0000 0.6181891 0.6182 0.8333808 3.9513
 | 14.6340 51.5210 64.2113 0.9041584 O=C1CCNC(=O)C1=C(O)C=CC=CN1CCNC1=O 1 O=C1CCNC(=O)C1=CC=CC=CN1CCNC1=O 1.0000000 1.0000 0.7700622 0.7701 0.8961815 3.5958
 | 16.8069 61.2947 45.9819 0.8380979 C=C1C(=O)NC(=O)C(=C(O)C=CC=CN2CN(CCCC)CCCC2=O)C1=O 1 C=C1C(=O)NC(=O)C(=CC=CC=CN2CNCCCC2=O)C1=O 1.0000000 1.0000 0.5872413 0.5872 0.9021071 3.5532
02:45:34 <INFO> Score: 0.82 Agent NLL: 17.60 Valid: 100% Step: 195
 | Agent Prior Target Score SMILES SMILES_state Scaffold DASA DASA (raw) Solubility Solubility (raw) SA SA (raw)
 | 15.2261 55.8496 54.0741 0.8587792 O=C1NC(=O)C(=C(O)C=CC=CN2CC(CCO)OCC2=O)CO1 1 O=C1NC(=O)C(=CC=CC=CN2CCOCC2=O)CO1 1.0000000 1.0000 0.7624029 0.7624 0.7306023 4.3501
 | 17.3489 48.7841 64.6388 0.8861163 O=C1C=C(Cl)C(=C(O)C=CC=CN2CCNCC2=O)C(=O)N1 1 O=C1C=CC(=CC=CC=CN2CCNCC2=O)C(=O)N1 1.0000000 1.0000 0.7321600 0.7322 0.8748504 3.7332
 | 18.5756 72.0608 38.2634 0.8619083 CN(C)C1=CC(=C(O)C=CC=CN2CC(=NO)CCC2=O)C(=O)NC(=O)C1=O 1 N=C1CCC(=O)N(C=CC=CC=C2C=CC(=O)C(=O)NC2=O)C1 1.0000000 1.0000 0.7014678 0.7015 0.8198365 4.0129
 | 25.6907 67.0861 41.9705 0.8520045 CCN1C(=O)C=C(C(=O)O)C(O)C(=C(O)C=CC=CN2CN(C)CCC2=O)C1=O 1 O=C1C=CCC(=CC=CC=CN2CNCCC2=O)C(=O)N1 1.0000000 1.0000 0.7165273 0.7165 0.7613366 4.2443
 | 22.5930 80.2888 31.6169 0.8742634 CC1=NCN(C=CC=CC(O)=C2C(=O)NN(CCO)C(=NCCO)C2=O)C(=O)N1 1 N=C1NNC(=O)C(=CC=CC=CN2CN=CNC2=O)C1=O 1.0000000 1.0000 0.8116594 0.8117 0.7305484 4.3502
 | 23.0898 74.5073 26.4980 0.7891044 COC1NC(=O)C(=C(O)C=CC=CN2C=CN(CCO)CC2)C1(O)OCCO 1 O=C1NCCC1=CC=CC=CN1C=CNCC1 1.0000000 1.0000 0.8179253 0.8179 0.4706612 5.0765
 | 11.3029 52.6011 -52.6011 0.0000000 CC1=CC(=O)NC(=O)C1=C(O)C=CC=CN1CCC(=O)C1=O 1 O=C1C=CC(=CC=CC=CN2CCC(=O)C2=O)C(=O)N1 1.0000000 1.0000 0.7308744 0.7309 0.8876337 3.6536
 | 22.1109 65.8289 34.6193 0.7847515 CC1C(=O)NC(=O)C(=C(O)C=CC=CN2CC=CC(C(=O)O)O2)C(=N)C1=O 1 N=C1C(=O)CC(=O)NC(=O)C1=CC=CC=CN1CC=CCO1 1.0000000 1.0000 0.7096063 0.7096 0.5453234 4.8816
 | 14.7237 57.6841 50.1385 0.8423635 CN1CC(O)C(=C(O)C=CC=CN2CNC(=O)N2C)C1=O 1 O=C1NCN(C=CC=CC=C2CCNC2=O)N1 1.0000000 1.0000 0.7915410 0.7915 0.6440656 4.6137
 | 10.7084 54.6694 57.2566 0.8744222 O=C1NCC(O)CC1=C(O)C=CC=CN1CCC1=O 1 O=C1NCCCC1=CC=CC=CN1CCC1=O 1.0000000 1.0000 0.7781899 0.7782 0.7689999 4.2165
02:45:35 <INFO> Sampled SMILES O=C1C(=C(O)C=CC=CN2CC(O)C2)=C(O)C(=O)C(OC)=C1 failed to sanitize.
02:45:35 <INFO> Score: 0.79 Agent NLL: 16.27 Valid:  99% Step: 196
 | Agent Prior Target Score SMILES SMILES_state Scaffold DASA DASA (raw) Solubility Solubility (raw) SA SA (raw)
 | 11.0770 49.0620 64.9587 0.8907872 COC1=CC(=C(O)C=CC=CN2CCNC(=O)C2)C(=O)N1 1 O=C1CN(C=CC=CC=C2C=CNC2=O)CCN1 1.0000000 1.0000 0.7727382 0.7727 0.8383238 3.9279
 | 14.8303 47.6819 66.4450 0.8916163 CC(O)=C1C(=O)NC(=O)C(=C(O)C=CC=CN(C)C)C1=O 1 C=C1C(=O)NC(=O)C(=C)C1=O 1.0000000 1.0000 0.7192481 0.7192 0.9172616 3.4328
 | 15.5287 55.8936 57.0702 0.8825290 CCN1C(=O)NCC(=C(O)C=CC=CN2CCNC2=O)C1=O 1 O=C1NCC(=CC=CC=CN2CCNC2=O)C(=O)N1 1.0000000 1.0000 0.7188823 0.7189 0.8791692 3.7072
 | 18.0239 60.7284 40.2313 0.7887476 COC(=N)C1NC(=O)C(=C(O)C=CC=CN2CCC=CC2=O)CC1=O 1 O=C1CNC(=O)C(=CC=CC=CN2CCC=CC2=O)C1 1.0000000 1.0000 0.6659008 0.6659 0.6012406 4.7325
 | 12.9305 57.6164 51.5101 0.8525509 COC1C(O)C(=C(O)C=CC=CN2CN(CCO)CCC2=O)C(=O)N1C 1 O=C1NCCC1=CC=CC=CN1CNCCC1=O 1.0000000 1.0000 0.7914910 0.7915 0.6774702 4.5165
 | 15.9344 65.1657 49.0391 0.8922255 O=C1NN(C2CCC2)C(=O)C(=O)C1=C(O)C=CC=CN1CCNC1 1 O=C1NN(C2CCC2)C(=O)C(=O)C1=CC=CC=CN1CCNC1 1.0000000 1.0000 0.7607354 0.7607 0.8600289 3.8173
 | 14.0921 59.2016 52.9261 0.8759980 O=C1SCC(O)C1=C(O)C=CC=CN1CCN(CCO)CC1=O 1 O=C1SCCC1=CC=CC=CN1CCNCC1=O 1.0000000 1.0000 0.7687176 0.7687 0.7863083 4.1513
 | 21.2882 54.2958 52.9727 0.8380352 CC1=CC2=C(C1=O)C(=O)C2=C(O)C=CC=CN(C)C 1 C=C1C(=O)C2=C1C=CC2=O 1.0000000 1.0000 0.5933631 0.5934 0.8906702 3.6335
 | 12.4579 60.3217 50.8403 0.8684530 CC1OCC(=O)NC(=O)C1=C(O)C=CC=CN1CNCC1=O 1 O=C1COCC(=CC=CC=CN2CNCC2=O)C(=O)N1 1.0000000 1.0000 0.7977812 0.7978 0.7252271 4.3677
 | 14.7129 59.5895 43.6004 0.8061710 COC1=CCC(O)CC(=C(O)C=CC=CN2CCC(=O)CC2=O)C1=O 1 O=C1CCN(C=CC=CC=C2CCCC=CC2=O)C(=O)C1 1.0000000 1.0000 0.6032488 0.6032 0.7419906 4.3119
02:45:36 <INFO> Score: 0.80 Agent NLL: 16.37 Valid: 100% Step: 197
 | Agent Prior Target Score SMILES SMILES_state Scaffold DASA DASA (raw) Solubility Solubility (raw) SA SA (raw)
 | 10.6299 58.8843 52.7360 0.8720332 C=C1C(=O)NC(=O)C(=C(O)C=CC=CN2CCC=CC2=O)C1=O 1 C=C1C(=O)NC(=O)C(=CC=CC=CN2CCC=CC2=O)C1=O 1.0000000 1.0000 0.7083379 0.7083 0.8510402 3.8647
 | 11.5835 54.9582 -54.9582 0.0000000 O=C1NC(=O)C(=C(O)C=CC=CN2CCCC2=O)C(=O)C1=O 1 O=C1NC(=O)C(=CC=CC=CN2CCCC2=O)C(=O)C1=O 1.0000000 1.0000 0.8017395 0.8017 0.9203824 3.4056
 | 21.0815 67.6142 35.7608 0.8076177 CC1=CN(C=CC=CC(O)=C2CC(=O)CC(=O)NC2=O)CC(=NO)C1 1 N=C1CC=CN(C=CC=CC=C2CC(=O)CC(=O)NC2=O)C1 1.0000000 1.0000 0.5968894 0.5969 0.7571673 4.2592
 | 17.4343 68.3922 43.1095 0.8711064 CC1=C(N2CCSCC2)NC(=O)C(=C(O)C=CC=CN2CC(=O)N(CCO)CC2=O)C1=O 1 O=C1CN(C=CC=CC=C2C(=O)C=C(N3CCSCC3)NC2=O)C(=O)CN1 1.0000000 1.0000 0.7022390 0.7022 0.8560855 3.8384
 | 22.2388 53.2280 57.9798 0.8688105 CN1SC(=O)C=CC(=C(O)C=CC=CN(CCO)CCO)C1=O 1 C=C1C=CC(=O)SNC1=O 1.0000000 1.0000 0.7266977 0.7267 0.8125700 4.0445
 | 12.6630 50.2272 -50.2272 0.0000000 CN1CCN(C=CC=CC(O)=C2C(=O)NC(=S)NC2=O)C(=O)C1 1 O=C1NC(=S)NC(=O)C1=CC=CC=CN1CCNCC1=O 1.0000000 1.0000 0.7899358 0.7899 0.9106931 3.4873
 | 16.2118 60.1137 56.7694 0.9131495 O=C1CCNC(=O)C1=C(O)C=C(O)C=CN1CCNC(=O)C1=O 1 O=C1CCNC(=O)C1=CC=CC=CN1CCNC(=O)C1=O 1.0000000 1.0000 0.8216188 0.8216 0.8643137 3.7938
 | 12.6960 53.8977 60.3765 0.8927672 COC1C(=O)NC(=O)C1=C(O)C=CC=CN1CC(O)C1 1 O=C1CC(=CC=CC=CN2CCC2)C(=O)N1 1.0000000 1.0000 0.8252881 0.8253 0.7819408 4.1681
 | 24.5767 72.0759 32.7621 0.8190462 O=C1NC2C(=O)C(=C(O)C=CC=CN3CCCC3=O)OCC2N(CCO)N1 1 O=C1NNC2COC(=CC=CC=CN3CCCC3=O)C(=O)C2N1 1.0000000 1.0000 0.7679552 0.7680 0.5935978 4.7532
 | 22.8679 64.2180 43.5501 0.8419386 CC1CNC(=O)C(=C(O)C=CC=CN2C=CN(C)C(=O)C2)C(=O)N1 1 O=C1CN(C=CC=CC=C2C(=O)NCCNC2=O)C=CN1 1.0000000 1.0000 0.7521436 0.7521 0.6833084 4.4990
02:45:36 <INFO> Score: 0.79 Agent NLL: 16.92 Valid:  99% Step: 198
 | Agent Prior Target Score SMILES SMILES_state Scaffold DASA DASA (raw) Solubility Solubility (raw) SA SA (raw)
 | 12.1931 54.4453 -54.4453 0.0000000 O=C1CN(C=CC=CC(O)=C2C(=O)NC(=O)NC2C(=O)O)CCN1 1 O=C1CN(C=CC=CC=C2CNC(=O)NC2=O)CCN1 1.0000000 1.0000 0.8311404 0.8311 0.8009551 4.0930
 | 27.4486 83.0612 19.7722 0.8033861 CCN1C(=O)CN(C=CC=CC(O)=C2OC3C=CCC(CO)=C3NC2=O)CC1=O 1 O=C1CN(C=CC=CC=C2OC3C=CCC=C3NC2=O)CC(=O)N1 1.0000000 1.0000 0.6787162 0.6787 0.6348284 4.6398
 | 20.8369 65.6645 41.9293 0.8405763 CN1C(=N)NC(=O)C1=C(O)C=CC=CN1CC=CN=C1CO 1 N=C1NC(=O)C(=CC=CC=CN2C=NC=CC2)N1 1.0000000 1.0000 0.7557215 0.7557 0.6748232 4.5244
 | 23.9377 79.6976 23.9887 0.8100493 CN(C=CC1C(=C(O)C=CC=CN2C(=O)NC(=O)C2=O)C(=O)OC1(C)C)CCO 1 O=C1NC(=O)N(C=CC=CC=C2CCOC2=O)C1=O 1.0000000 1.0000 0.6827137 0.6827 0.6526221 4.5892
 | 17.7723 67.6777 34.7503 0.8002186 CN1C(=O)CN(C=CC=CC(O)=C2CCC(=CN3CCCC3CO)NC2=O)CC1=O 1 O=C1CN(C=CC=CC=C2CCC(=CN3CCCC3)NC2=O)CC(=O)N1 1.0000000 1.0000 0.6550540 0.6551 0.6515441 4.5923
 | 13.8194 56.7649 54.8676 0.8721284 COC1OC(=O)C(=O)C1=C(O)C=CC=CN1CCC(=O)NC1=O 1 O=C1CCN(C=CC=CC=C2COC(=O)C2=O)C(=O)N1 1.0000000 1.0000 0.7536340 0.7536 0.7903969 4.1353
 | 11.3805 55.1037 58.4624 0.8872357 CN1C(=O)C(=C(O)C=CC=CN2CNCC2=O)N1C 1 O=C1NNC1=CC=CC=CN1CNCC1=O 1.0000000 1.0000 0.8087687 0.8088 0.7805031 4.1736
 | 10.3658 61.6928 52.1856 0.8896745 O=C1CCN(C=CC=CC(O)=C2C(=O)NC(=CN3CCNCC3)C2=O)C(=O)N1 1 O=C1CCN(C=CC=CC=C2C(=O)NC(=CN3CCNCC3)C2=O)C(=O)N1 1.0000000 1.0000 0.7587936 0.7588 0.8523589 3.8579
 | 16.4868 67.4785 47.1705 0.8956955 NCCCCCN1C(=O)CN(C=CC=CC(O)=C2C=NC(=O)C(=O)NC2=O)C1=O 1 O=C1CN(C=CC=CC=C2C=NC(=O)C(=O)NC2=O)C(=O)N1 1.0000000 1.0000 0.7575934 0.7576 0.8785171 3.7111
 | 13.9706 55.9257 45.6416 0.7934948 CC1(O)OC(=C(O)C=CC=CN2C=CC=CC2)C(=O)C1=O 1 O=C1COC(=CC=CC=CN2C=CC=CC2)C1=O 1.0000000 1.0000 0.6629640 0.6630 0.6198651 4.6815
02:45:37 <INFO> Score: 0.78 Agent NLL: 16.39 Valid: 100% Step: 199
 | Agent Prior Target Score SMILES SMILES_state Scaffold DASA DASA (raw) Solubility Solubility (raw) SA SA (raw)
 | 15.5904 59.3411 44.1524 0.8085436 CC1CNC(=O)C1=C(O)C=CC=CN1CC=CC(=NO)C1=O 1 N=C1C=CCN(C=CC=CC=C2CCNC2=O)C1=O 1.0000000 1.0000 0.6762695 0.6763 0.6549541 4.5825
 | 21.6109 63.3104 39.5224 0.8033812 CN1C=CC(=C(O)C=CC=CN(C)N2CCCC2)C(=O)C=N1 1 O=C1C=NNC=CC1=CC=CC=CNN1CCCC1 1.0000000 1.0000 0.5710949 0.5711 0.7809460 4.1719
 | 21.9622 22.8489 -22.8308 0.0001414 O=C(NCCO)N1CCN(C2CCCCC2)CC1 1 C1CCC(N2CCNCC2)CC1 0.0000000 0.0000 0.7306590 0.7307 0.9890832 2.0643
 | 12.3493 47.0135 67.5473 0.8950060 O=C1CN(C=CC=CC(O)=C2C(=O)NC2O)C(=O)CN1 1 O=C1CN(C=CC=CC=C2CNC2=O)C(=O)CN1 1.0000000 1.0000 0.8695032 0.8695 0.7422388 4.3110
 | 12.8834 54.6081 63.9018 0.9258582 O=C1NC(=O)C(CO)NC(=O)C1=C(O)C=CC=CN1CC1 1 O=C1CNC(=O)C(=CC=CC=CN2CC2)C(=O)N1 1.0000000 1.0000 0.8660577 0.8661 0.8598655 3.8182
 | 16.3235 61.6498 53.2173 0.8973992 O=C1NCCCSC1=C(O)C=CC=CN1CC(=O)N(CCO)C(=O)C1=O 1 O=C1CN(C=CC=CC=C2SCCCNC2=O)C(=O)C(=O)N1 1.0000000 1.0000 0.7686801 0.7687 0.8702520 3.7602
 | 13.9969 52.5055 52.9203 0.8236390 CC1C(=C(O)C=CC=CN2CC(O)CC2=O)C(=O)N(C)N1C 1 O=C1NNCC1=CC=CC=CN1CCCC1=O 1.0000000 1.0000 0.7359908 0.7360 0.6395113 4.6266
 | 11.3583 52.8365 54.8982 0.8416773 N=C1NC(=O)C(=C(O)C=CC=CN2CCC=CC2=O)CO1 1 N=C1NC(=O)C(=CC=CC=CN2CCC=CC2=O)CO1 1.0000000 1.0000 0.6983602 0.6984 0.7459610 4.2983
 | 16.4758 55.2754 53.3952 0.8489893 C=C1C(=O)CC(=O)C1=C(O)C=CC=CN1CC(=O)N(CC)C1=O 1 C=C1C(=O)CC(=O)C1=CC=CC=CN1CC(=O)NC1=O 1.0000000 1.0000 0.6332573 0.6333 0.8699477 3.7619
 | 23.0971 33.4210 -33.4028 0.0001426 CCC(C)C(N)C(=O)N1CC(CO)=C1C(=O)O 1 C1=CNC1 0.0000000 0.0000 0.8321513 0.8322 0.8769458 3.7207
02:45:38 <INFO> Score: 0.78 Agent NLL: 16.79 Valid:  99% Step: 200
 | Agent Prior Target Score SMILES SMILES_state Scaffold DASA DASA (raw) Solubility Solubility (raw) SA SA (raw)
 | 18.3782 65.3345 46.5232 0.8738885 CC1(C(=O)O)NC(=O)C(=C(O)C=CC=CN2CC(CO)OC2=O)C(=O)N1 1 O=C1NCNC(=O)C1=CC=CC=CN1CCOC1=O 1.0000000 1.0000 0.8121911 0.8122 0.7286608 4.3565
 | 14.7079 60.4357 51.7169 0.8761920 CN1C(=O)CN(C=CC=CC(O)=C2CC(=O)C(O)N(C)C2=O)C(=O)C1=O 1 O=C1CNC(=O)C(=CC=CC=CN2CC(=O)NC(=O)C2=O)C1 1.0000000 1.0000 0.8191864 0.8192 0.7292187 4.3546
 | 22.3696 54.2853 45.6327 0.7806095 C=C1C(=O)OC(=C(O)C=CC=CN2C=CC=CC2(OC)OC)C1=O 1 C=C1C(=O)OC(=CC=CC=CN2C=CC=CC2)C1=O 1.0000000 1.0000 0.5560339 0.5560 0.7146618 4.4019
 | 16.3736 61.5341 36.4484 0.7654883 C=C1CN(C=CC=CC(O)=C2C(=O)N3C2COC(=COC(C)=O)C3C(=O)O)C1 1 C=C1CN(C=CC=CC=C2C(=O)N3CC(=C)OCC23)C1 1.0000000 1.0000 0.6319314 0.6319 0.5645964 4.8307
 | 12.8056 60.6708 54.5040 0.8998031 O=c1[nH]c(=CN2CCOCC2)[nH]c(=O)c1=C(O)C=CC=CN1CCNC1 1 O=c1[nH]c(=CN2CCOCC2)[nH]c(=O)c1=CC=CC=CN1CCNC1 1.0000000 1.0000 0.8498772 0.8499 0.7801749 4.1748
 | 23.2220 71.3612 43.1911 0.8949399 NCCCCN1CN(C=CC=CC(O)=C2C(=O)NC(C(N)=O)C2=O)CC1=O 1 O=C1CN(C=CC=CC=C2C(=O)CNC2=O)CN1 1.0000000 1.0000 0.8494785 0.8495 0.7630472 4.2382
 | 11.4342 55.1374 61.6336 0.9122738 N=C1NC(=O)C(=C(O)C=CC=CN2CCN(CCO)C2=O)C(=O)N1 1 N=C1NC(=O)C(=CC=CC=CN2CCNC2=O)C(=O)N1 1.0000000 1.0000 0.8268309 0.8268 0.8543304 3.8476
 | 13.0241 61.3780 51.8204 0.8843626 COC=C1NC(=O)C(=C(O)C=CC=CN2CC(=O)N(C)C2)C1=O 1 C=C1NC(=O)C(=CC=CC=CN2CNC(=O)C2)C1=O 1.0000000 1.0000 0.7646800 0.7647 0.8235158 3.9966
 | 13.3835 53.3175 61.8092 0.8994280 O=C1CN(C=CC=CC(O)=C2C(=O)C(=O)CC=C2CO)C(=O)CN1 1 O=C1CN(C=CC=CC=C2C=CCC(=O)C2=O)C(=O)CN1 1.0000000 1.0000 0.7913111 0.7913 0.8484812 3.8777
 | 11.2892 52.9429 -52.9429 0.0000000 C=c1c(=O)c(=O)c(=C(O)C=CC=CN2CCOCC2=O)c1=O 1 C=c1c(=O)c(=O)c(=CC=CC=CN2CCOCC2=O)c1=O 1.0000000 1.0000 0.8755221 0.8755 0.8410551 3.9146
02:45:38 <INFO> Sampled SMILES O=C1C(=C(O)C=CC=CN2CC=NC(O)C2=O)n2c(=O)cccc2=N1 failed to sanitize.
02:45:38 <INFO> Sampled SMILES O=C1C(=C(C=CC=2N(CCCC)CCCN)OC2=O)C(=O)OCC1=C failed to sanitize.
02:45:38 <INFO> Score: 0.79 Agent NLL: 17.05 Valid:  98% Step: 201
 | Agent Prior Target Score SMILES SMILES_state Scaffold DASA DASA (raw) Solubility Solubility (raw) SA SA (raw)
 | 13.3542 65.2148 50.6516 0.9052059 O=C1NC(=O)C(=C(O)C=CC=CN2CCC(C(=O)O)C2=O)C(=O)C(=O)C1=O 1 O=C1NC(=O)C(=CC=CC=CN2CCCC2=O)C(=O)C(=O)C1=O 1.0000000 1.0000 0.8336596 0.8337 0.8187521 4.0177
 | 19.9451 46.7360 65.2461 0.8748596 COC1=CC(=C(O)C=CC=CN(C)C)C(=O)N(C)N1 1 C=C1C=CNNC1=O 1.0000000 1.0000 0.7070423 0.7070 0.8645827 3.7923
 | 11.5173 66.6723 46.6570 0.8853849 CN1C(=O)CN(C=CC=CC(O)=C2C(=O)NC(=O)C(=O)CCOC2=O)C1=O 1 O=C1CN(C=CC=CC=C2C(=O)NC(=O)C(=O)CCOC2=O)C(=O)N1 1.0000000 1.0000 0.7814104 0.7814 0.8063059 4.0709
 | 13.1241 55.0792 59.1270 0.8922363 O=C1C=C(CO)C(=C(O)C=CC=CN2CC=CC2=O)C(=O)N1 1 O=C1C=CC(=CC=CC=CN2CC=CC2=O)C(=O)N1 1.0000000 1.0000 0.7714227 0.7714 0.8457940 3.8913
 | 14.3463 58.0213 51.3202 0.8542310 C=C1CCC(=C(O)C=CC=CN2CC(=O)N(C)C2=O)C(=O)NC1=O 1 C=C1CCC(=CC=CC=CN2CC(=O)NC2=O)C(=O)NC1=O 1.0000000 1.0000 0.6667046 0.6667 0.8392594 3.9233
 | 16.0059 64.1649 50.6086 0.8966677 CN1OC(=O)C(=C(O)C=CC=CN2CCNC2)C(=O)NC1=O 1 O=C1NOC(=O)C(=CC=CC=CN2CCNC2)C(=O)N1 1.0000000 1.0000 0.7938205 0.7938 0.8344218 3.9464
 | 28.1926 68.0960 38.8277 0.8353412 CCC1CN(CC(O)CN)CN1C=CC=CC(O)=C1C(=O)NC(=O)C1CO 1 O=C1CC(=CC=CC=CN2CCNC2)C(=O)N1 1.0000000 1.0000 0.8180618 0.8181 0.5977026 4.7421
 | 11.7480 66.2452 42.6020 0.8503688 O=C1CCCOC(=O)C(=C(O)C=CC=CN2C(=O)COCC2C(=O)O)C(=O)N1 1 O=C1CCCOC(=O)C(=CC=CC=CN2CCOCC2=O)C(=O)N1 1.0000000 1.0000 0.7610061 0.7610 0.7025625 4.4401
 | 19.0750 75.4820 35.7934 0.8693392 CN1C(=O)CN(C=CC=CC(O)=c2c(=O)[nH]c(=O)c(=CN3CCOCC3CO)c(=O)[nH]c2=O)C1=O 1 O=C1CN(C=CC=CC=c2c(=O)[nH]c(=O)c(=CN3CCOCC3)c(=O)[nH]c2=O)C(=O)N1 1.0000000 1.0000 0.8834806 0.8835 0.6444043 4.6127
 | 12.5168 53.4441 62.4515 0.9054344 C=C1CCN(C=CC=CC(O)=C2C(=O)NC(=O)C(=O)NC2=O)C1 1 C=C1CCN(C=CC=CC=C2C(=O)NC(=O)C(=O)NC2=O)C1 1.0000000 1.0000 0.7844676 0.7845 0.8816768 3.6916
02:45:39 <INFO> Score: 0.73 Agent NLL: 16.76 Valid: 100% Step: 202
 | Agent Prior Target Score SMILES SMILES_state Scaffold DASA DASA (raw) Solubility Solubility (raw) SA SA (raw)
 | 16.5914 62.0738 45.9325 0.8437996 CN1C(=O)CN(C=CC=CC(O)=C2CC(O)C(=O)C(=N)C2=O)C1=O 1 N=C1C(=O)CCC(=CC=CC=CN2CC(=O)NC2=O)C1=O 1.0000000 1.0000 0.7562262 0.7562 0.6852089 4.4933
 | 26.0351 60.0540 18.6524 0.6148935 C=CCC(=C(C)C)N(O)C=CC=CC(O)=C1C(=O)N(c2ccccc2)C1=O 1 C=C1C(=O)N(c2ccccc2)C1=O 1.0000000 1.0000 0.1965732 0.1966 0.9135461 3.4641
 | 21.5301 68.8111 33.4911 0.7992363 CC1(N)CCN(C=CC=CC(O)=C2CCC(=O)C(NCCCO)C2=O)C(=O)C1 1 O=C1CCC(=CC=CC=CN2CCCCC2=O)C(=O)C1 1.0000000 1.0000 0.6798394 0.6798 0.6199380 4.6813
 | 12.9281 52.2541 54.4043 0.8332688 O=C1NC(=S)OCC1=C(O)C=CC=CN1CCC=CC1=O 1 O=C1NC(=S)OCC1=CC=CC=CN1CCC=CC1=O 1.0000000 1.0000 0.6507277 0.6507 0.7784279 4.1814
 | 19.4107 51.2882 60.6606 0.8746001 CC1CN(C=CC=CC(O)=C2C(=O)NC(=S)NC2=O)CCN1C 1 O=C1NC(=S)NC(=O)C1=CC=CC=CN1CCNCC1 1.0000000 1.0000 0.7270396 0.7270 0.8350843 3.9433
 | 21.2724 73.2663 39.2661 0.8791593 O=C1NC(=O)C(=C2CCCC(=C(O)C=CC=CN3CNCC3=O)C2=O)C1=O 1 O=C1NC(=O)C(=C2CCCC(=CC=CC=CN3CNCC3=O)C2=O)C1=O 1.0000000 1.0000 0.7421868 0.7422 0.8326606 3.9547
 | 8.2202 54.1129 -54.1129 0.0000000 C=C1NC(=O)C(=C(O)C=CC=CN2CC(=O)N(C)C2=O)C1=O 1 C=C1NC(=O)C(=CC=CC=CN2CC(=O)NC2=O)C1=O 1.0000000 1.0000 0.7540216 0.7540 0.8604407 3.8151
 | 16.1140 62.2964 37.9298 0.7830174 COC1=CCCCN1C=CC=CC(O)=C1CC(=O)C(N2CCOCC2)C1=O 1 O=C1CC(=CC=CC=CN2C=CCCC2)C(=O)C1N1CCOCC1 1.0000000 1.0000 0.5444962 0.5445 0.7424141 4.3104
 | 11.5811 52.6323 59.2178 0.8738294 CCCCN1CC(=O)N(C=CC=CC(O)=C2COC2=O)CC1=O 1 O=C1CN(C=CC=CC=C2COC2=O)C(=O)CN1 1.0000000 1.0000 0.6835251 0.6835 0.8959557 3.5974
 | 15.4644 63.2482 40.7794 0.8127158 C=C1CC(=O)N(C=CC=CC(O)=C2C(=O)C(CO)NC2C(=O)O)C1 1 C=C1CC(=O)N(C=CC=CC=C2CNCC2=O)C1 1.0000000 1.0000 0.7722679 0.7723 0.5707171 4.8145
02:45:40 <INFO> Score: 0.78 Agent NLL: 16.75 Valid: 100% Step: 203
 | Agent Prior Target Score SMILES SMILES_state Scaffold DASA DASA (raw) Solubility Solubility (raw) SA SA (raw)
 | 10.4741 58.8386 52.7285 0.8716176 NC1=NC(=O)CCN1C=CC=CC(O)=C1CC(=O)CC1=O 1 O=C1CC(=O)C(=CC=CC=CN2C=NC(=O)CC2)C1 1.0000000 1.0000 0.7333550 0.7334 0.8146893 4.0354
 | 15.2335 49.6708 63.3144 0.8826974 CCN(C=CC=CC(O)=C1C(=O)C(=O)C(=O)C(=O)C1O)CC 1 C=C1CC(=O)C(=O)C(=O)C1=O 1.0000000 1.0000 0.7735447 0.7735 0.8057998 4.0730
 | 19.2058 65.6074 37.6342 0.8065752 COC1=C(SC)N(C)C(=O)C1=C(O)C=CC=CN1CC(CCO)C1=O 1 O=C1NC=CC1=CC=CC=CN1CCC1=O 1.0000000 1.0000 0.6073703 0.6074 0.7375038 4.3270
 | 10.7868 55.5227 55.5355 0.8676423 O=C1CCN(C=CC=CC(O)=C2C(=O)C(=O)CC2O)C(=O)C1 1 O=C1CCN(C=CC=CC=C2CCC(=O)C2=O)C(=O)C1 1.0000000 1.0000 0.7536524 0.7537 0.7734383 4.2001
 | 15.5981 67.2937 44.7543 0.8753750 CN1C(=O)CN(C=CC=CC(O)=C2NC(O)CC(=O)NC2=O)C1=O 1 O=C1CCNC(=CC=CC=CN2CC(=O)NC2=O)C(=O)N1 1.0000000 1.0000 0.8207856 0.8208 0.7246692 4.3696
 | 17.4880 54.8076 41.2394 0.7503668 COC1=CC(=C(O)C=CC=CN2C=CC=CCC2)C(=O)N1C 1 O=C1NC=CC1=CC=CC=CN1C=CC=CCC1 1.0000000 1.0000 0.4511647 0.4512 0.7779416 4.1833
 | 32.4823 90.4730 -16.7011 0.5763428 O=C1NC(=CN2CCCC(=CC(=O)N3CCCCC3)C2=O)CCCC1=C(O)C=CC=CN1CCC=C(O)C1 1 O=C1NC(=CN2CCCC(=CC(=O)N3CCCCC3)C2=O)CCCC1=CC=CC=CN1CC=CCC1 1.0000000 1.0000 0.1806876 0.1807 0.7700976 4.2125
 | 10.9221 57.8847 60.0255 0.9211737 NC1=NC(=O)CCN1C=CC=CC(O)=C1C(=O)NC1=O 1 O=C1CCN(C=CC=CC=C2C(=O)NC2=O)C=N1 1.0000000 1.0000 0.8301550 0.8302 0.8856117 3.6667
 | 11.5971 64.3146 52.6034 0.9134215 O=C1NC(=O)C(=C2C(=O)NC(=O)C(=C(O)C=CC=CN3CCCC3=O)C2=O)C(=O)N1 1 O=C1NC(=O)C(=C2C(=O)NC(=O)C(=CC=CC=CN3CCCC3=O)C2=O)C(=O)N1 1.0000000 1.0000 0.7936807 0.7937 0.9020783 3.5535
 | 9.6388 52.1292 66.2907 0.9251559 CN1C(=O)CN(C=CC=CC(O)=C2C(=O)NC(=O)NC2=O)CC1=O 1 O=C1CN(C=CC=CC=C2C(=O)NC(=O)NC2=O)CC(=O)N1 1.0000000 1.0000 0.8298021 0.8298 0.9022633 3.5521
02:45:40 <INFO> Score: 0.82 Agent NLL: 15.65 Valid: 100% Step: 204
 | Agent Prior Target Score SMILES SMILES_state Scaffold DASA DASA (raw) Solubility Solubility (raw) SA SA (raw)
 | 19.1725 61.9286 50.4763 0.8781636 CCOC(=O)C1=NCN(C=CC=CC(O)=C2C(=O)NC(=O)CC2O)C1=O 1 O=C1CCC(=CC=CC=CN2CN=CC2=O)C(=O)N1 1.0000000 1.0000 0.7926267 0.7926 0.7658337 4.2281
 | 13.9848 61.1684 53.3447 0.8946328 O=C1CN(C=CC=CC(O)=C2C(=O)NC(=O)C(=O)C2O)C(=O)NN1 1 O=C1CN(C=CC=CC=C2CC(=O)C(=O)NC2=O)C(=O)NN1 1.0000000 1.0000 0.8789524 0.8790 0.7313914 4.3475
 | 14.5697 62.2376 41.2639 0.8086056 NC1CC(=O)N(C=CC=CC(O)=C2SC(=O)C(N)NC2=O)C1 1 O=C1CNC(=O)C(=CC=CC=CN2CCCC2=O)S1 1.0000000 1.0000 0.8043116 0.8043 0.5320899 4.9163
 | 16.9305 52.7007 59.3045 0.8750408 NC1([N+](=O)[O-])C=CCN(C=CC=CC(O)=C2C(=O)NC(=O)NC2=O)C1=O 1 O=C1NC(=O)C(=CC=CC=CN2CC=CCC2=O)C(=O)N1 1.0000000 1.0000 0.8181695 0.8182 0.7262849 4.3643
 | 11.2266 55.7532 55.4822 0.8690263 CN1C(=O)CN(C=CC=CC(O)=C2CC(O)CC(=O)NC2=O)C1=O 1 O=C1CCCC(=CC=CC=CN2CC(=O)NC2=O)C(=O)N1 1.0000000 1.0000 0.7640349 0.7640 0.7659535 4.2276
 | 21.0054 67.1523 37.3001 0.8160344 O=C1CN(C=CC=CC(O)=C2CC(=O)C(S)C2=O)C(=O)NN1 1 O=C1CC(=O)C(=CC=CC=CN2CC(=O)NNC2=O)C1 1.0000000 1.0000 0.7567993 0.7568 0.5948380 4.7498
 | 16.1257 60.4701 42.6791 0.8058532 CC=C1NC(=O)C(=C(O)C=CC=CN2CCC=C(O)C2O)C1=O 1 C=C1NC(=O)C(=CC=CC=CN2CC=CCC2)C1=O 1.0000000 1.0000 0.6579307 0.6579 0.6675115 4.5460
 | 20.2485 59.3036 46.5511 0.8269894 O=C1C=CCN(C=CC=CC(O)=C2C(=O)NC3CNC(=O)C23)C1=O 1 O=C1C=CCN(C=CC=CC=C2C(=O)NC3CNC(=O)C23)C1=O 1.0000000 1.0000 0.8001421 0.8001 0.5884359 4.7671
 | 26.4345 67.4485 48.7364 0.9076941 Cn1c2c(c(=O)[nH]c1=O)C(=C(O)C=CC=CN1CNCC1=O)C(=O)NC(=O)C2 1 O=C1Cc2[nH]c(=O)[nH]c(=O)c2C(=CC=CC=CN2CNCC2=O)C(=O)N1 1.0000000 1.0000 0.8173012 0.8173 0.8481787 3.8793
 | 14.6020 65.8096 45.8587 0.8724087 O=C1CCN(C=CC=CC(O)=C2CC(=O)C(=O)C(=NO)C2=O)C(=O)C1 1 N=C1C(=O)C(=O)CC(=CC=CC=CN2CCC(=O)CC2=O)C1=O 1.0000000 1.0000 0.7229660 0.7230 0.8319218 3.9581
02:45:41 <INFO> Score: 0.80 Agent NLL: 16.04 Valid: 100% Step: 205
 | Agent Prior Target Score SMILES SMILES_state Scaffold DASA DASA (raw) Solubility Solubility (raw) SA SA (raw)
 | 21.7994 66.4175 31.6781 0.7663723 CC1(O)C([N+](=O)[O-])C=CCN1C=CC=CC(O)=C1C(=O)NC(=C(O)O)C1=O 1 C=C1NC(=O)C(=CC=CC=CN2CC=CCC2)C1=O 1.0000000 1.0000 0.7007911 0.7008 0.5011190 4.9971
 | 19.8902 55.1196 53.3946 0.8477676 COC1COCCN1C=CC=CC(O)=C1CN(C)C1=O 1 O=C1NCC1=CC=CC=CN1CCOCC1 1.0000000 1.0000 0.7204982 0.7205 0.7406330 4.3165
 | 13.4818 60.5090 47.8006 0.8461686 CN1C(=O)CN(C=CC=CC(O)=C2OC(O)C(O)C2=O)CC1=O 1 O=C1CN(C=CC=CC=C2OCCC2=O)CC(=O)N1 1.0000000 1.0000 0.8420090 0.8420 0.6094512 4.7101
 | 14.9724 57.2284 48.1276 0.8230934 C=C1CNN(C=CC=CC(O)=C2C(=O)CC(O)C2=O)C1 1 C=C1CNN(C=CC=CC=C2C(=O)CCC2=O)C1 1.0000000 1.0000 0.7581036 0.7581 0.6154771 4.6936
 | 12.9036 58.3865 53.7748 0.8762597 COC1=C(C)C(=O)C(=C(O)C=CC=CN2CCC2=O)C(=O)N1 1 O=C1C=CNC(=O)C1=CC=CC=CN1CCC1=O 1.0000000 1.0000 0.7010363 0.7010 0.8793655 3.7060
 | 14.7212 53.2975 55.8623 0.8528109 CN1CCC(=O)N(C=CC=CC(O)=C2OC(CO)N(C)C2=O)C1 1 O=C1NCOC1=CC=CC=CN1CNCCC1=O 1.0000000 1.0000 0.7644531 0.7645 0.7072299 4.4254
 | 26.1136 71.6397 27.6464 0.7756729 CN1C(=N)N(C)C2(C(=O)N(C)C(=O)N2C)C(=C(O)C=CC=CN2CCC(C(=O)O)CC2)C1=O 1 N=C1NC(=O)C(=CC=CC=CN2CCCCC2)C2(N1)NC(=O)NC2=O 1.0000000 1.0000 0.6273521 0.6274 0.6020557 4.7303
 | 10.9575 59.2656 57.1919 0.9098238 CN1C(=O)CN(C=CC=CC(O)=C2C(=O)CNC2=O)C1=O 1 O=C1CN(C=CC=CC=C2C(=O)CNC2=O)C(=O)N1 1.0000000 1.0000 0.7979535 0.7980 0.8815513 3.6924
 | 22.2972 69.4167 35.3410 0.8184196 CN1CN(C2C(=C(O)C=CC=CN3CCCC3=O)C(=O)N2C)C(=O)OC1=O 1 O=C1NCN(C2NC(=O)C2=CC=CC=CN2CCCC2=O)C(=O)O1 1.0000000 1.0000 0.6417848 0.6418 0.7338917 4.3391
 | 21.7133 63.2686 50.7846 0.8910401 O=C1NC(=O)C(NCCN2CCOCC2)NC(=O)C1=C(O)C=CC=CN1CCS(=O)(=O)CC1=O 1 O=C1NC(=O)C(NCCN2CCOCC2)NC(=O)C1=CC=CC=CN1CCS(=O)(=O)CC1=O 1.0000000 1.0000 0.8417093 0.8417 0.7574849 4.2580
02:45:42 <INFO> Score: 0.84 Agent NLL: 16.46 Valid: 100% Step: 206
 | Agent Prior Target Score SMILES SMILES_state Scaffold DASA DASA (raw) Solubility Solubility (raw) SA SA (raw)
 | 15.3972 59.1537 53.4739 0.8799028 CCN(CCO)C1=CC(=C(O)C=CC=CN2CCCC2=O)C(=O)NC1=O 1 O=C1C=CC(=CC=CC=CN2CCCC2=O)C(=O)N1 1.0000000 1.0000 0.7133342 0.7133 0.8763431 3.7243
 | 15.2822 60.7754 48.5482 0.8540906 C=c1on(C)c(=O)c1=C(O)C=CC=CN1CC(=O)N(CC)N=C1C 1 C=c1o[nH]c(=O)c1=CC=CC=CN1C=NNC(=O)C1 1.0000000 1.0000 0.7521253 0.7521 0.7257187 4.3661
 | 23.5893 67.0367 47.0126 0.8910096 CCCN1CC(=O)N(C=CC=CC(O)=C2C(=O)NCCOC2=O)C1 1 O=C1NCCOC(=O)C1=CC=CC=CN1CNCC1=O 1.0000000 1.0000 0.7407867 0.7408 0.8828242 3.6844
 | 15.2532 66.4818 41.7362 0.8454525 NC1CCN(C=CC=CC(O)=C2C(=O)NC(=O)NCCCOC2=O)C1 1 O=C1NCCCOC(=O)C(=CC=CC=CN2CCCC2)C(=O)N1 1.0000000 1.0000 0.7457189 0.7457 0.7025617 4.4401
 | 18.9615 58.6775 56.3255 0.8984610 COC1=NC(=C(O)C=CC=CN2CC(=O)N(C)C(=O)C2=O)C(=O)N1C 1 O=C1CN(C=CC=CC=C2N=CNC2=O)C(=O)C(=O)N1 1.0000000 1.0000 0.7856763 0.7857 0.8519309 3.8601
 | 19.6930 71.4741 41.0742 0.8792840 O=C1C=C(NC2CCOC2)NC(=O)C1=C(O)C=CC=CN1CC(=O)N(CCO)CC1=O 1 O=C1CN(C=CC=CC=C2C(=O)C=C(NC3CCOC3)NC2=O)C(=O)CN1 1.0000000 1.0000 0.8037969 0.8038 0.7571237 4.2593
 | 17.0410 64.6293 43.7426 0.8466557 O=C1NC(N2CCCCC2)C(=O)CC1=C(O)C=CC=CN1CC(=O)N(CCO)C1=O 1 O=C1CN(C=CC=CC=C2CC(=O)C(N3CCCCC3)NC2=O)C(=O)N1 1.0000000 1.0000 0.6922728 0.6923 0.7727448 4.2027
 | 21.8004 68.0543 29.4057 0.7614067 COC1C(=O)C(=C(O)C=CC=CN2CNOCC2=O)CC=C1C 1 O=C1CC=CCC1=CC=CC=CN1CNOCC1=O 1.0000000 1.0000 0.6444840 0.6445 0.5391821 4.8977
 | 17.3321 68.2173 44.7137 0.8822742 O=C1CC(=O)C(=O)C(=C(O)C=CC=CN2CCOCC2=CCCO)C(=O)N1 1 C=C1COCCN1C=CC=CC=C1C(=O)NC(=O)CC(=O)C1=O 1.0000000 1.0000 0.7442565 0.7443 0.8423020 3.9085
 | 13.2060 64.1323 49.0520 0.8842527 CN1C(=O)NC(O)C(=O)C(=C(O)C=CC=CN2CC(=O)N(C)C2=O)C1=O 1 O=C1CN(C=CC=CC=C2C(=O)CNC(=O)NC2=O)C(=O)N1 1.0000000 1.0000 0.7951684 0.7952 0.7853623 4.1550
02:45:42 <INFO> Sampled SMILES N1C(=O)C(=C(O)C=CC=CN2CC(=O)N(CCOC)C2=O)C(=O)N(C)C1=C#N failed to sanitize.
02:45:42 <INFO> Score: 0.76 Agent NLL: 16.64 Valid:  99% Step: 207
 | Agent Prior Target Score SMILES SMILES_state Scaffold DASA DASA (raw) Solubility Solubility (raw) SA SA (raw)
 | 18.4261 59.5099 40.5431 0.7816640 CC1(O)C(=O)CC2(C)C(=O)CC(=C(O)C=CC=CN(CCO)CCO)C(=O)C12 1 C=C1CC(=O)C2CC(=O)CC2C1=O 1.0000000 1.0000 0.7163466 0.7163 0.5303184 4.9209
 | 20.9743 61.9586 39.9503 0.7961636 CC=c1oc(=C(O)C=CC=CN2CC(O)C(O)C(CO)C2)c(=O)[nH]c1=O 1 C=c1oc(=CC=CC=CN2CCCCC2)c(=O)[nH]c1=O 1.0000000 1.0000 0.8583740 0.8584 0.4611030 5.1016
 | 28.4079 71.3088 38.4564 0.8575403 CS(=O)(=O)ON1C=NCN(C=CC=CC(O)=C2OCCNC2=O)C1 1 O=C1NCCOC1=CC=CC=CN1CN=CNC1 1.0000000 1.0000 0.7725022 0.7725 0.7148080 4.4014
 | 16.7208 61.4524 48.3291 0.8576672 CN1CCCN(C=CC=CC(O)=c2c(=O)[nH]c(=CN3CCCCC3)n(C)c2=O)C1=O 1 O=C1NCCCN1C=CC=CC=c1c(=O)[nH]c(=CN2CCCCC2)[nH]c1=O 1.0000000 1.0000 0.6808503 0.6809 0.8322947 3.9564
 | 17.0941 68.0760 51.0393 0.9305885 O=C1CN(C=CC=CC(O)=C2C(=O)CC(=O)C(=O)C(=O)NC2=O)C(=O)CN1 1 O=C1CN(C=CC=CC=C2C(=O)CC(=O)C(=O)C(=O)NC2=O)C(=O)CN1 1.0000000 1.0000 0.8587292 0.8587 0.8874721 3.6547
 | 9.0629 46.4922 -46.4922 0.0000000 O=C1NC(=O)C(=C(O)C=CC=CN2CCOCC2=O)C1=O 1 O=C1NC(=O)C(=CC=CC=CN2CCOCC2=O)C1=O 1.0000000 1.0000 0.8285233 0.8285 0.9111691 3.4834
 | 15.5777 51.6937 58.8386 0.8635338 CC1=COC(=C(O)C=CC=CN2CCNCC2=O)C1=O 1 O=C1C=COC1=CC=CC=CN1CCNCC1=O 1.0000000 1.0000 0.7052051 0.7052 0.8210974 4.0073
 | 14.4372 59.4151 52.9192 0.8776112 C=C1C(=O)OCC(=C(O)C=CC=CN2CC(=O)N(CCCO)C2=O)C1=O 1 C=C1C(=O)OCC(=CC=CC=CN2CC(=O)NC2=O)C1=O 1.0000000 1.0000 0.7178744 0.7179 0.8602229 3.8162
 | 16.6917 67.1423 37.6320 0.8185494 COC=C1CC(=C(O)C=CC=CN2CC(CO)OCC2=O)C(=O)NN1 1 C=C1CC(=CC=CC=CN2CCOCC2=O)C(=O)NN1 1.0000000 1.0000 0.7644985 0.7645 0.5953012 4.7486
 | 10.8746 53.2243 58.0362 0.8692220 O=C1CCCC(=C(O)C=CC=CN2CCC(=O)C2=O)C1=O 1 O=C1CCCC(=CC=CC=CN2CCC(=O)C2=O)C1=O 1.0000000 1.0000 0.6731297 0.6731 0.8925457 3.6209
02:45:43 <INFO> Sampled SMILES CN1C(=O)C(=C(O)C=CC=CN2CCC(=O)N=[N-]2)C(=O)O1 failed to sanitize.
02:45:43 <INFO> Score: 0.80 Agent NLL: 16.73 Valid:  99% Step: 208
 | Agent Prior Target Score SMILES SMILES_state Scaffold DASA DASA (raw) Solubility Solubility (raw) SA SA (raw)
 | 11.0083 47.8620 66.4200 0.8928278 O=C1CCNC(=O)C1=C(O)C=CC=CN1CCCC1=O 1 O=C1CCNC(=O)C1=CC=CC=CN1CCCC1=O 1.0000000 1.0000 0.7219304 0.7219 0.9183962 3.4230
 | 12.5857 56.5947 53.1650 0.8574977 COC=C1C(=O)OC(=C(O)C=CC=CN2CCC(=O)CC2=O)C1=O 1 C=C1C(=O)OC(=CC=CC=CN2CCC(=O)CC2=O)C1=O 1.0000000 1.0000 0.6808556 0.6809 0.8315961 3.9597
 | 10.4926 67.9902 44.9333 0.8822146 CN1C(=O)CN(C=CC=CC(O)=C2C(=O)NC(=CN3CCCCC3=O)C2=O)C(=O)C1=O 1 O=C1CN(C=CC=CC=C2C(=O)NC(=CN3CCCCC3=O)C2=O)C(=O)C(=O)N1 1.0000000 1.0000 0.7315947 0.7316 0.8595815 3.8197
 | 23.8647 65.5063 37.4040 0.8039864 CN1C(=O)CN(C=CC=CC(O)=C2CC(=O)N3CC(O)CC(O)C3NC2=O)C1=O 1 O=C1CN(C=CC=CC=C2CC(=O)N3CCCCC3NC2=O)C(=O)N1 1.0000000 1.0000 0.7868296 0.7868 0.5333197 4.9130
 | 8.4657 49.5898 64.3427 0.8900973 O=C1CC(=O)C(=C(O)C=CC=CN2CCCC2=O)C1=O 1 O=C1CC(=O)C(=CC=CC=CN2CCCC2=O)C1=O 1.0000000 1.0000 0.7206504 0.7207 0.9085898 3.5039
 | 13.5918 65.5424 45.6412 0.8686226 C=C1C(=O)NC(=O)C(=C(O)C=CC=CN2CC(=O)N(C)C(C)C2=O)C1=O 1 C=C1C(=O)NC(=O)C(=CC=CC=CN2CC(=O)NCC2=O)C1=O 1.0000000 1.0000 0.7642387 0.7642 0.7642155 4.2339
 | 10.1434 49.4356 -49.4356 0.0000000 O=C1NCC(O)CC1=C(O)C=CC=CN(CCO)CCO 1 C=C1CCCNC1=O 1.0000000 1.0000 0.8426176 0.8426 0.7679802 4.2203
 | 13.5107 58.0706 57.8548 0.9056674 C=C1NC(=O)C(=C(O)C=CC=CN2CCN(CCO)CCC2=O)C1=O 1 C=C1NC(=O)C(=CC=CC=CN2CCNCCC2=O)C1=O 1.0000000 1.0000 0.7665393 0.7665 0.9074597 3.5128
 | 11.6128 48.8365 57.0188 0.8269946 O=C1CCCCCC1=C(O)C=CC=CN1CC(O)C1 1 O=C1CCCCCC1=CC=CC=CN1CCC1 1.0000000 1.0000 0.5540197 0.5540 0.9147050 3.4545
 | 10.6265 58.0443 51.3177 0.8543905 O=C1CCCCOC(=O)C(=C(O)C=CC=CN2CCCC2=O)C(=O)N1 1 O=C1CCCCOC(=O)C(=CC=CC=CN2CCCC2=O)C(=O)N1 1.0000000 1.0000 0.6436880 0.6437 0.8760853 3.7259
02:45:44 <INFO> Score: 0.80 Agent NLL: 15.38 Valid: 100% Step: 209
 | Agent Prior Target Score SMILES SMILES_state Scaffold DASA DASA (raw) Solubility Solubility (raw) SA SA (raw)
 | 30.7217 74.4745 29.9429 0.8157608 C=C1CC(SC(=O)OC)=C(OC)N(C=CC=CC(O)=C2C(=O)NC(=O)C(=O)NC2=O)C1 1 C=C1CC=CN(C=CC=CC=C2C(=O)NC(=O)C(=O)NC2=O)C1 1.0000000 1.0000 0.5949619 0.5950 0.7928241 4.1257
 | 7.4682 53.0724 -53.0724 0.0000000 CN1C(=O)CN(C=CC=CC(O)=C2C(=O)NC(=O)NC2=O)CC1=O 1 O=C1CN(C=CC=CC=C2C(=O)NC(=O)NC2=O)CC(=O)N1 1.0000000 1.0000 0.8298021 0.8298 0.9022633 3.5521
 | 18.4489 71.6180 41.9870 0.8875392 Cn1c(=COCCN)[nH]c(=O)c(=C(O)C=CC=CN2CC(=NO)C2)c1=O 1 C=c1[nH]c(=O)c(=CC=CC=CN2CC(=N)C2)c(=O)[nH]1 1.0000000 1.0000 0.8620540 0.8621 0.7240130 4.3717
 | 13.4310 63.0066 50.7825 0.8889777 O=C1C(=O)C(=C(O)C=CC=CN2CN=CNC2=O)C1=O 1 O=C1C(=O)C(=CC=CC=CN2CN=CNC2=O)C1=O 1.0000000 1.0000 0.7981797 0.7982 0.7995042 4.0989
 | 21.6052 66.9632 41.2499 0.8454151 CCON=C1CN(C=CC=CC(O)=C2C(=O)NC(C)(OC)NC2=O)C(=O)N1 1 N=C1CN(C=CC=CC=C2C(=O)NCNC2=O)C(=O)N1 1.0000000 1.0000 0.7373432 0.7373 0.7120172 4.4103
 | 7.9475 57.9014 61.4600 0.9325115 C=c1c(=O)c(=O)c(=C(O)C=CC=CN2CC(=O)N(C)C(=O)C2=O)c1=O 1 C=c1c(=O)c(=O)c(=CC=CC=CN2CC(=O)NC(=O)C2=O)c1=O 1.0000000 1.0000 0.9016627 0.9017 0.8442960 3.8987
 | 13.6625 45.4025 68.0839 0.8866123 O=C1CCC(=C(O)C=CC=CN2CCNCC2)C1=O 1 O=C1CCC(=CC=CC=CN2CCNCC2)C1=O 1.0000000 1.0000 0.7199094 0.7199 0.8948461 3.6051
 | 22.4896 58.3990 44.1822 0.8014158 CCC1CN(C=CC=CC(O)=C2CC(C(=O)O)NC2=O)C(=O)NO1 1 O=C1NCCC1=CC=CC=CN1CCONC1=O 1.0000000 1.0000 0.6946293 0.6946 0.6110820 4.7056
 | 21.4775 60.8671 49.9850 0.8660324 O=C1NC(=O)C(=C(O)C=CC=CN2CCc3[nH]c(=O)ccc32)C(=O)O1 1 O=C1NC(=O)C(=CC=CC=CN2CCc3[nH]c(=O)ccc32)C(=O)O1 1.0000000 1.0000 0.6691648 0.6692 0.8851232 3.6698
 | 12.6377 62.0500 -62.0500 0.0000000 CC(=O)NC1NC(=O)C(=C(O)C=CC=CN2CC(=O)N(C)C2=O)SC1=O 1 O=C1CN(C=CC=CC=C2SC(=O)CNC2=O)C(=O)N1 1.0000000 1.0000 0.7403589 0.7404 0.6885000 4.4833
02:45:44 <INFO> Score: 0.78 Agent NLL: 16.26 Valid: 100% Step: 210
 | Agent Prior Target Score SMILES SMILES_state Scaffold DASA DASA (raw) Solubility Solubility (raw) SA SA (raw)
 | 7.9150 56.0166 61.4133 0.9174214 CN1C(=O)CN(C=CC=CC(O)=C2C(=O)CC(=O)C2=O)C(=O)C1=O 1 O=C1CN(C=CC=CC=C2C(=O)CC(=O)C2=O)C(=O)C(=O)N1 1.0000000 1.0000 0.8152538 0.8153 0.8896884 3.6401
 | 20.7773 64.2311 33.2873 0.7618619 O=C1NC(SC2=NCCN2)C1=C(O)C=CC=CN1CC=COC1=O 1 O=C1NC(SC2=NCCN2)C1=CC=CC=CN1CC=COC1=O 1.0000000 1.0000 0.6389913 0.6390 0.5461178 4.8795
 | 18.9632 62.6253 48.5472 0.8685351 CC(C)=c1[nH]c(=O)[nH]c(=O)c1=C(O)C=CC=CN1CN=CN1 1 C=c1[nH]c(=O)[nH]c(=O)c1=CC=CC=CN1CN=CN1 1.0000000 1.0000 0.8138767 0.8139 0.7083318 4.4220
 | 11.7162 55.7017 54.8495 0.8636811 CC1=CC(=O)NC(=O)C(=C(O)C=CC=CN2CCOCC2=O)C1 1 O=C1C=CCC(=CC=CC=CN2CCOCC2=O)C(=O)N1 1.0000000 1.0000 0.6795236 0.6795 0.8590904 3.8224
 | 18.3832 57.0572 48.8789 0.8276257 CC1CNC(=O)C1=C(O)C=CC=CN1CCN=C1N(C)C 1 O=C1NCCC1=CC=CC=CN1C=NCC1 1.0000000 1.0000 0.6850029 0.6850 0.7113311 4.4125
 | 13.4216 55.9054 51.4484 0.8387015 O=CN1CCCC(=C(O)C=CC=CN2CCCCC2=O)C1=O 1 O=C1NCCCC1=CC=CC=CN1CCCCC1=O 1.0000000 1.0000 0.5919709 0.5920 0.8961707 3.5959
 | 10.1428 49.5851 61.3487 0.8666705 CC1=CC(=O)NC(=O)C1=C(O)C=CC=CN1CC=CC1=O 1 O=C1C=CC(=CC=CC=CN2CC=CC2=O)C(=O)N1 1.0000000 1.0000 0.6876752 0.6877 0.8592644 3.8214
 | 20.6198 59.6723 52.4157 0.8756870 CC=C1CC(=O)NC(=O)C1=C(O)C=CC=CN1CNCC1=O 1 C=C1CC(=O)NC(=O)C1=CC=CC=CN1CNCC1=O 1.0000000 1.0000 0.7320063 0.7320 0.8326217 3.9549
 | 9.3433 47.4283 62.1011 0.8556978 CC1(C)OC(=O)C(=C(O)C=CC=CN2CCCC2=O)C(=O)O1 1 O=C1OCOC(=O)C1=CC=CC=CN1CCCC1=O 1.0000000 1.0000 0.6232897 0.6233 0.9164693 3.4396
 | 14.1034 54.8293 49.7258 0.8168368 C=C1CNN(C=CC=CC(O)=C2CC=CC(=O)C2=O)C1 1 C=C1CNN(C=CC=CC=C2CC=CC(=O)C2=O)C1 1.0000000 1.0000 0.6465122 0.6465 0.7215662 4.3797
02:45:45 <INFO> Sampled SMILES C1(=O)C(=C(O)C=CC=CN2CC(CC(=O)O)C=C2(O)C)CN1C(O)C failed to sanitize.
02:45:45 <INFO> Score: 0.76 Agent NLL: 15.24 Valid:  99% Step: 211
 | Agent Prior Target Score SMILES SMILES_state Scaffold DASA DASA (raw) Solubility Solubility (raw) SA SA (raw)
 | 11.1798 45.2295 41.9983 0.6814669 C=C1CCCN1C=CC=CC(O)=C1CCCCC1=O 1 C=C1CCCN1C=CC=CC=C1CCCCC1=O 1.0000000 1.0000 0.2889098 0.2889 0.8862437 3.6626
 | 16.8634 66.4780 41.8482 0.8462986 NC1(CO)CCN(C=CC=CC(O)=C2C(=O)CC(=O)NC2C(=O)O)C1 1 O=C1CC(=O)C(=CC=CC=CN2CCCC2)CN1 1.0000000 1.0000 0.8165102 0.8165 0.6327692 4.6455
 | 12.7407 56.6424 60.4650 0.9149015 O=C1CCN(C=CC=CC(O)=C2C(=O)NCNC2=O)C1=O 1 O=C1CCN(C=CC=CC=C2C(=O)NCNC2=O)C1=O 1.0000000 1.0000 0.8335161 0.8335 0.8563975 3.8367
 | 11.5597 61.1652 51.4053 0.8794567 O=C1C=CC(=O)C(=C(O)C=CC=CN2CCOS(=O)(=O)C2=O)C(=O)N1 1 O=C1C=CC(=O)C(=CC=CC=CN2CCOS(=O)(=O)C2=O)C(=O)N1 1.0000000 1.0000 0.7516657 0.7517 0.8212419 4.0067
 | 12.4047 61.8738 43.5247 0.8234259 O=C1NC(=CN2CCSCC2)C(=O)C1=C(O)C=CC=CN1CC(O)CC1=O 1 O=C1NC(=CN2CCSCC2)C(=O)C1=CC=CC=CN1CCCC1=O 1.0000000 1.0000 0.6943340 0.6943 0.6850792 4.4937
 | 12.5829 54.8694 59.1020 0.8904016 CN1CCC(=O)N(C=CC=CC(O)=C2CC(=O)C(=O)C(=O)C2=O)C1 1 O=C1CC(=CC=CC=CN2CNCCC2=O)C(=O)C(=O)C1=O 1.0000000 1.0000 0.7579687 0.7580 0.8564053 3.8367
 | 24.5169 74.2911 31.1074 0.8234263 CCCN1CC(=O)N(C=CC=CC(O)=C2OCC(n3ccccc3=O)C(=O)NC2=O)C1 1 O=C1NC(=O)C(n2ccccc2=O)COC1=CC=CC=CN1CNCC1=O 1.0000000 1.0000 0.6332013 0.6332 0.7651980 4.2304
 | 17.4491 57.0177 42.2610 0.7756146 CCC=C1CCC(=C(O)C=CC=CN2CCOCC2=O)C(=O)N1C 1 C=C1CCC(=CC=CC=CN2CCOCC2=O)C(=O)N1 1.0000000 1.0000 0.4842194 0.4842 0.8212258 4.0068
 | 17.0279 55.7416 63.2464 0.9295934 NCCNC=CC=CC(O)=C1C(=O)NC(=O)CCOC1=O 1 C=C1C(=O)NC(=O)CCOC1=O 1.0000000 1.0000 0.8350134 0.8350 0.9136894 3.4629
 | 13.6499 64.7072 50.3601 0.8989631 O=C1C(=O)C(O)C(=O)C1=C(O)C=CC=CN1CC(=O)N(CCCO)CCC1=O 1 O=C1CN(C=CC=CC=C2C(=O)CC(=O)C2=O)C(=O)CCN1 1.0000000 1.0000 0.8237420 0.8237 0.8068008 4.0689
02:45:46 <INFO> Score: 0.77 Agent NLL: 15.73 Valid: 100% Step: 212
 | Agent Prior Target Score SMILES SMILES_state Scaffold DASA DASA (raw) Solubility Solubility (raw) SA SA (raw)
 | 17.2735 62.0053 43.6891 0.8257370 CN1C(=O)C=CCN1C=CC=CC(O)=C1C(=O)CC1CO 1 O=C1C=CCN(C=CC=CC=C2CCC2=O)N1 1.0000000 1.0000 0.7090930 0.7091 0.6759139 4.5212
 | 11.0312 47.2542 -47.2542 0.0000000 O=C1CCC(=C(O)C=CC=CN2CCNC2=O)C(=O)N1 1 O=C1CCC(=CC=CC=CN2CCNC2=O)C(=O)N1 1.0000000 1.0000 0.7427731 0.7428 0.8878950 3.6519
 | 13.8267 51.5478 58.1110 0.8567094 O=C1CCC(=O)C(=C(O)C=CC=CN2CCCCC2=O)C1=O 1 O=C1CCC(=O)C(=CC=CC=CN2CCCCC2=O)C1=O 1.0000000 1.0000 0.6196957 0.6197 0.9274417 3.3401
 | 16.8813 61.0167 54.1939 0.9000822 NC1CN(CCO)CCN(C=CC=CC(O)=C2C(=O)C=CC2=O)C1=O 1 O=C1C=CC(=O)C1=CC=CC=CN1CCNCCC1=O 1.0000000 1.0000 0.8045461 0.8045 0.8343036 3.9470
 | 10.6972 51.6799 65.1277 0.9125594 O=C1OC(=O)C1=C(O)C=CC=CN1CCOCC1=O 1 O=C1OC(=O)C1=CC=CC=CN1CCOCC1=O 1.0000000 1.0000 0.7898020 0.7898 0.9038056 3.5406
 | 12.4075 64.4482 52.4323 0.9131291 CN1C(=O)CN(C=CC=CC(O)=C2C(=O)NC(=O)C(CO)NC2=O)CC1=O 1 O=C1CN(C=CC=CC=C2C(=O)NCC(=O)NC2=O)CC(=O)N1 1.0000000 1.0000 0.8747874 0.8748 0.8015897 4.0904
 | 14.1411 54.5996 56.8259 0.8705119 C=C1C(=O)OCC(=C(O)C=CC=CN2CCNC2)C1=O 1 C=C1C(=O)OCC(=CC=CC=CN2CCNC2)C1=O 1.0000000 1.0000 0.7364665 0.7365 0.8062509 4.0712
 | 13.2130 54.1892 57.6578 0.8738049 CN1C(=O)C(=C(O)C=CC=CN2CCOCC2=O)C(O)N1C 1 O=C1NNCC1=CC=CC=CN1CCOCC1=O 1.0000000 1.0000 0.7936356 0.7936 0.7488509 4.2883
 | 12.8942 61.0227 47.6044 0.8486497 CN1CC(=O)CC(=C(O)C=CC=CN2CCC(N)(CO)CC2=O)C1=O 1 O=C1CNC(=O)C(=CC=CC=CN2CCCCC2=O)C1 1.0000000 1.0000 0.7580470 0.7580 0.6998809 4.4484
 | 11.5917 50.5092 63.2182 0.8884954 O=C1C(=O)C(=O)C(=C(O)C=CC=CN2CCSCC2)C1=O 1 O=C1C(=O)C(=O)C(=CC=CC=CN2CCSCC2)C1=O 1.0000000 1.0000 0.7328723 0.7329 0.8837263 3.6787
02:45:46 <INFO> Score: 0.84 Agent NLL: 15.44 Valid: 100% Step: 213
 | Agent Prior Target Score SMILES SMILES_state Scaffold DASA DASA (raw) Solubility Solubility (raw) SA SA (raw)
 | 13.0138 63.5724 52.9895 0.9106398 O=C1CN(C=CC=CC(O)=C2C(=O)NC(=O)C2=O)CN=CN1 1 O=C1CN(C=CC=CC=C2C(=O)NC(=O)C2=O)CN=CN1 1.0000000 1.0000 0.8463973 0.8464 0.8244545 3.9923
 | 24.4906 60.5675 51.5079 0.8755894 CC1=CC(=O)C(=C(O)C=CC=CN2CC(CN)OC2=O)C(=O)NC1=O 1 O=C1C=CC(=O)C(=CC=CC=CN2CCOC2=O)C(=O)N1 1.0000000 1.0000 0.7438365 0.7438 0.8163739 4.0281
 | 17.4570 56.8724 50.9706 0.8425231 CN1C=CC(=C(O)C=CC=CN2CCCOC(O)C2=O)C1=O 1 O=C1NC=CC1=CC=CC=CN1CCCOCC1=O 1.0000000 1.0000 0.7154001 0.7154 0.7277542 4.3595
 | 18.8970 57.3328 53.9452 0.8693596 CC=c1[nH]c(=O)[nH]c(=O)c1=C(O)C=CC=CN1CCC1CO 1 C=c1[nH]c(=O)[nH]c(=O)c1=CC=CC=CN1CCC1 1.0000000 1.0000 0.8261689 0.8262 0.6984817 4.4527
 | 23.6503 58.1791 44.2619 0.8003210 C=CCCN1CC(O)C(=O)N(C=CC=CC(O)=C2CCC(=O)CC2=O)C1 1 O=C1CCC(=CC=CC=CN2CNCCC2=O)C(=O)C1 1.0000000 1.0000 0.6190230 0.6190 0.6976883 4.4552
 | 14.3213 55.4579 50.1739 0.8252486 C=C1CCCN1C=CC=CC(O)=C1C(=O)CC(=N)NC1=O 1 C=C1CCCN1C=CC=CC=C1C(=O)CC(=N)NC1=O 1.0000000 1.0000 0.6113700 0.6114 0.8055474 4.0741
 | 18.9515 66.0699 38.3421 0.8157183 CCC1NC(=O)C(=C(O)C=CC=CN2CCC(=O)C2)C(=O)C(O)N1O 1 O=C1CCN(C=CC=CC=C2C(=O)CNCNC2=O)C1 1.0000000 1.0000 0.7585118 0.7585 0.5922621 4.7568
 | 11.5756 64.4531 42.6868 0.8370302 O=C1NC(=CN2CCOCC2)C(=O)C1=C(O)C=CC=CN1CC(CCO)CCC1=O 1 O=C1NC(=CN2CCOCC2)C(=O)C1=CC=CC=CN1CCCCC1=O 1.0000000 1.0000 0.6636625 0.6637 0.7747758 4.1952
 | 16.1639 50.7056 55.9018 0.8328704 O=C1CN(C=CC=CC(O)=C2C(=O)NC(=O)C3CCCCC23)CCN1 1 O=C1CN(C=CC=CC=C2C(=O)NC(=O)C3CCCCC23)CCN1 1.0000000 1.0000 0.6556286 0.6556 0.7699027 4.2132
 | 16.8916 56.9535 52.3103 0.8536234 C=C1CN(C=CC=CC(O)=C2C(=O)C(=O)C(C)(O)C2=O)C1 1 C=C1CN(C=CC=CC=C2C(=O)CC(=O)C2=O)C1 1.0000000 1.0000 0.7445241 0.7445 0.7329324 4.3423
02:45:47 <INFO> Score: 0.79 Agent NLL: 15.61 Valid: 100% Step: 214
 | Agent Prior Target Score SMILES SMILES_state Scaffold DASA DASA (raw) Solubility Solubility (raw) SA SA (raw)
 | 11.2484 48.2959 -48.2959 0.0000000 C=C1CCCN1C=CC=CC(O)=C1CC=CC1=O 1 C=C1CCCN1C=CC=CC=C1CC=CC1=O 1.0000000 1.0000 0.4069033 0.4069 0.8202764 4.0110
 | 17.5530 64.4583 45.1601 0.8563935 NCCC1CN(C=CC=CC(O)=C2C(=O)C(=O)C(O)C2=O)C(=O)O1 1 O=C1CC(=O)C(=CC=CC=CN2CCOC2=O)C1=O 1.0000000 1.0000 0.8059709 0.8060 0.6755303 4.5223
 | 19.9603 65.1954 42.6398 0.8424626 C=C1CN(C=CC=CC(O)=C2NN(C)C(=O)NC2=O)C(=O)C1N 1 C=C1CC(=O)N(C=CC=CC=C2NNC(=O)NC2=O)C1 1.0000000 1.0000 0.7959516 0.7960 0.6401011 4.6249
 | 8.9368 56.1522 59.2146 0.9013035 CN1C(=O)CN(C=CC=CC(O)=C2C(=O)N(C)C(=O)C2O)C(=O)C1=O 1 O=C1CN(C=CC=CC=C2CC(=O)NC2=O)C(=O)C(=O)N1 1.0000000 1.0000 0.8477265 0.8477 0.7880459 4.1445
 | 12.8676 45.9380 63.7000 0.8565473 CN1OCC(=C(O)C=CC=CN2CCNC2=S)C1=O 1 O=C1NOCC1=CC=CC=CN1CCNC1=S 1.0000000 1.0000 0.7288998 0.7289 0.7627010 4.2394
 | 10.0555 48.1767 -48.1767 0.0000000 O=C1CCN(C=CC=CC(O)=C2C(=O)NC(=O)C2=O)C(=O)N1 1 O=C1CCN(C=CC=CC=C2C(=O)NC(=O)C2=O)C(=O)N1 1.0000000 1.0000 0.8166198 0.8166 0.9110583 3.4843
 | 11.0892 55.8191 50.4392 0.8301429 CC1=CC(=O)C(=O)C(=C(O)C=CC=CN2CCC(=O)CC2=O)C1 1 O=C1CCN(C=CC=CC=C2CC=CC(=O)C2=O)C(=O)C1 1.0000000 1.0000 0.5907016 0.5907 0.8605979 3.8142
 | 16.1222 56.8246 44.8254 0.7941408 COC1=C(C)CC(=C(O)C=CC=CN2CC=CC2=O)C1=O 1 O=C1C=CCC1=CC=CC=CN1CC=CC1=O 1.0000000 1.0000 0.5323328 0.5323 0.8093747 4.0580
 | 12.9689 48.9379 54.2475 0.8061359 CC1=CC(=O)C(=C(O)C=CC=CN2CCNC2=S)C1 1 O=C1C=CCC1=CC=CC=CN1CCNC1=S 1.0000000 1.0000 0.5600928 0.5601 0.8109660 4.0513
 | 10.3193 48.8213 65.3808 0.8922035 O=C1CC(=O)C(=C(O)C=CC=CN2CCC(O)CC2)C1=O 1 O=C1CC(=O)C(=CC=CC=CN2CCCCC2)C1=O 1.0000000 1.0000 0.7244158 0.7244 0.9119331 3.4773
02:45:47 <INFO> Sampled SMILES O=C1NC(=O)C(=C(O)C=CC=CN2CN(CCCC)CCC2=OO)CC(O)C1 failed to sanitize.
02:45:48 <INFO> Score: 0.79 Agent NLL: 16.62 Valid:  99% Step: 215
 | Agent Prior Target Score SMILES SMILES_state Scaffold DASA DASA (raw) Solubility Solubility (raw) SA SA (raw)
 | 20.6027 63.7113 47.7628 0.8708908 CCN(C)C=c1[nH]c(=O)c(=C(O)C=CC=CN2CCC(=O)NC2=O)c(=O)s1 1 C=c1[nH]c(=O)c(=CC=CC=CN2CCC(=O)NC2=O)c(=O)s1 1.0000000 1.0000 0.7514653 0.7515 0.7884184 4.1431
 | 19.1084 67.8301 38.5717 0.8312638 CON1C(=O)CC2(C(=O)NC(=O)C(=C(O)C=CC=CN3CCOCC3=O)C2=O)C1=O 1 O=C1CC2(C(=O)N1)C(=O)NC(=O)C(=CC=CC=CN1CCOCC1=O)C2=O 1.0000000 1.0000 0.8044062 0.8044 0.5974929 4.7427
 | 9.7433 51.1023 53.7467 0.8191331 C=C1CC(=O)N(C=CC=CC(O)=C2CC(=O)CC2=O)C1 1 C=C1CC(=O)N(C=CC=CC=C2CC(=O)CC2=O)C1 1.0000000 1.0000 0.6156651 0.6157 0.7742394 4.1972
 | 24.2827 70.9046 24.8380 0.7479893 CCCC1CC(=O)SC(=C(O)C=CC=CN2CC(CC(=O)O)C(O)C2=O)C(=O)N1 1 O=C1CCNC(=O)C(=CC=CC=CN2CCCC2=O)S1 1.0000000 1.0000 0.5968900 0.5969 0.5486399 4.8729
 | 18.7826 55.3974 44.1815 0.7779603 CC(=O)C1OCCN1C=CC=CC(O)=C1CCCCC1=O 1 O=C1CCCCC1=CC=CC=CN1CCOC1 1.0000000 1.0000 0.5140704 0.5141 0.7740947 4.1977
 | 16.2529 72.1878 39.3046 0.8710340 C=C1COC(=O)C(=C(O)C=CC=CN2C=CN(CCO)CC2)C(=O)NC1=O 1 C=C1COC(=O)C(=CC=CC=CN2C=CNCC2)C(=O)NC1=O 1.0000000 1.0000 0.7408508 0.7409 0.8025470 4.0865
 | 15.0376 58.5963 48.5465 0.8370530 CC=C1OC(O)C(=C(O)C=CC=CN2CC(=O)N(C)C(=O)C2)C1=O 1 C=C1OCC(=CC=CC=CN2CC(=O)NC(=O)C2)C1=O 1.0000000 1.0000 0.7320646 0.7321 0.6888158 4.4824
 | 12.8913 70.1745 41.0803 0.8691778 CN1C(=O)CN(C=CC=CC(O)=C2CC(=O)CC(CO)C(=O)NC2=O)CC1=O 1 O=C1CCC(=O)NC(=O)C(=CC=CC=CN2CC(=O)NC(=O)C2)C1 1.0000000 1.0000 0.7883281 0.7883 0.7382574 4.3245
 | 10.9142 56.5037 55.8953 0.8781176 CN1C(=O)CN(C=CC=CC(O)=C2CCC(=O)C(O)C2=O)C(=O)C1=O 1 O=C1CCC(=CC=CC=CN2CC(=O)NC(=O)C2=O)C(=O)C1 1.0000000 1.0000 0.7947306 0.7947 0.7632333 4.2375
 | 18.6068 60.5216 46.9628 0.8397222 O=C1NC(=O)C(CO)CCC1=C(O)C=C(O)C=CN1CCC(O)C1 1 O=C1CCCC(=CC=CC=CN2CCCC2)C(=O)N1 1.0000000 1.0000 0.7462924 0.7463 0.6821483 4.5025
02:45:48 <INFO> Score: 0.78 Agent NLL: 15.77 Valid: 100% Step: 216
 | Agent Prior Target Score SMILES SMILES_state Scaffold DASA DASA (raw) Solubility Solubility (raw) SA SA (raw)
 | 11.4251 49.9144 64.2213 0.8916853 O=C1CCN(C=CC=CC(O)=C2C(=O)NC(=O)C2O)CC1 1 O=C1CCN(C=CC=CC=C2CC(=O)NC2=O)CC1 1.0000000 1.0000 0.7914178 0.7914 0.8180915 4.0206
 | 20.2570 55.3782 52.4539 0.8424389 CC1=CC(=O)OC(=C(O)C=CC=CN2CCC(O)C2=O)C1=O 1 O=C1C=CC(=O)C(=CC=CC=CN2CCCC2=O)O1 1.0000000 1.0000 0.7099453 0.7099 0.7341613 4.3382
 | 10.0494 60.2893 -60.2893 0.0000000 O=C1CCN(C=CC=CC(O)=C2C(=O)NC(=CN3CCOCC3)C2=O)C(=O)C1 1 O=C1CCN(C=CC=CC=C2C(=O)NC(=CN3CCOCC3)C2=O)C(=O)C1 1.0000000 1.0000 0.7070965 0.7071 0.8633436 3.7992
 | 13.0409 55.1873 56.6226 0.8735150 C=C1C(=O)C(=C(O)C=CC=CN2CNC(=O)NC2=O)C(=O)N1C 1 C=C1NC(=O)C(=CC=CC=CN2CNC(=O)NC2=O)C1=O 1.0000000 1.0000 0.7329336 0.7329 0.8227311 4.0001
 | 12.0744 56.0929 51.7840 0.8427884 C=C1C(=O)NC(=O)C(=C(O)C=CC=CN2CCC(C)CC2=O)C1=O 1 C=C1C(=O)NC(=O)C(=CC=CC=CN2CCCCC2=O)C1=O 1.0000000 1.0000 0.6520899 0.6521 0.8144211 4.0365
 | 27.0068 71.0364 16.9977 0.6877657 CC1=CN(C=CC=CC(O)=C2OC3C=CC(O)CC3=CC2=O)CC(=O)O1 1 O=C1CN(C=CC=CC=C2OC3C=CCCC3=CC2=O)C=CO1 1.0000000 1.0000 0.5327697 0.5328 0.4419802 5.1519
 | 28.3319 66.2835 46.7698 0.8832287 NC(=O)C=c1ccc(=C(O)C=C(O)C=CN2CCSCC2)c(=O)[nH]c1=O 1 C=c1ccc(=CC=CC=CN2CCSCC2)c(=O)[nH]c1=O 1.0000000 1.0000 0.7843897 0.7844 0.7944545 4.1193
 | 15.9262 68.1920 44.2086 0.8781301 COC=c1c(=O)[nH]c(=S)[nH]c(=O)c1=C(O)C=CC=CN1CCCC1=O 1 C=c1c(=O)[nH]c(=S)[nH]c(=O)c1=CC=CC=CN1CCCC1=O 1.0000000 1.0000 0.7318261 0.7318 0.8426706 3.9067
 | 20.4570 63.6827 30.6162 0.7367100 COC1C(=O)C(=C(O)C=CC=CN2CC(C)OC2=O)OC=C1O 1 O=C1CC=COC1=CC=CC=CN1CCOC1=O 1.0000000 1.0000 0.5756764 0.5757 0.5375658 4.9019
 | 11.5214 53.8100 60.3783 0.8920964 C=C1NC(=O)C(=C(O)C=CC=CN2CCC(=O)NC2=O)C1=O 1 C=C1NC(=O)C(=CC=CC=CN2CCC(=O)NC2=O)C1=O 1.0000000 1.0000 0.7503199 0.7503 0.8738438 3.7392
02:45:49 <INFO> Sampled SMILES N1C(=O)C(=C(O)C=CC=CN2CCCC=C2=O)C(C(O)=O)=COC1=O failed to sanitize.
02:45:49 <INFO> Score: 0.82 Agent NLL: 15.18 Valid:  99% Step: 217
 | Agent Prior Target Score SMILES SMILES_state Scaffold DASA DASA (raw) Solubility Solubility (raw) SA SA (raw)
 | 9.7616 51.1470 62.8158 0.8903337 CN1CC(=O)N(C=CC=CC(O)=C2CCCC(=O)NC2=O)CC1=O 1 O=C1CN(C=CC=CC=C2CCCC(=O)NC2=O)C(=O)CN1 1.0000000 1.0000 0.7323216 0.7323 0.8922358 3.6230
 | 21.1272 67.8751 44.5312 0.8781744 O=C1CC(=C2NC(=O)C(=C(O)C=CC=CN3CCOCC3=O)CO2)NN1 1 O=C1CC(=C2NC(=O)C(=CC=CC=CN3CCOCC3=O)CO2)NN1 1.0000000 1.0000 0.7810179 0.7810 0.7795536 4.1772
 | 30.0833 81.9039 12.7023 0.7391106 CN1C(=O)CN(C=CC=CC(O)=C2C(=O)NC(=O)N(C)C23C(=O)C(=O)N2CC=CC23)CC1=O 1 O=C1CN(C=CC=CC=C2C(=O)NC(=O)NC23C(=O)C(=O)N2CC=CC23)CC(=O)N1 1.0000000 1.0000 0.7638651 0.7639 0.3881143 5.2966
 | 13.2632 61.4131 48.4486 0.8582948 O=C1CC(=C(O)C=CC=CN2CCOCC2=O)C(=O)C1=CN1CCOCC1 1 O=C1CC(=CC=CC=CN2CCOCC2=O)C(=O)C1=CN1CCOCC1 1.0000000 1.0000 0.6685468 0.6685 0.8533260 3.8529
 | 16.1955 62.1197 48.0263 0.8605159 O=C1NC(O)C(=O)C(=O)C1=C(O)C=CC=CN1CCCNS1(=O)=O 1 O=C1CNC(=O)C(=CC=CC=CN2CCCNS2(=O)=O)C1=O 1.0000000 1.0000 0.8468423 0.8468 0.6495675 4.5980
 | 17.7762 58.7906 57.1927 0.9061190 O=C1CCN(C=CC=CC(O)=C2C(=O)NC(=S)NC2=O)S(=O)(=O)N1 1 O=C1CCN(C=CC=CC=C2C(=O)NC(=S)NC2=O)S(=O)(=O)N1 1.0000000 1.0000 0.8128994 0.8129 0.8474884 3.8828
 | 15.3790 45.1524 63.0600 0.8454096 O=C1OCOC1=C(O)C=CC=CN1CCSCC1 1 O=C1OCOC1=CC=CC=CN1CCSCC1 1.0000000 1.0000 0.6411933 0.6412 0.8419674 3.9102
 | 14.9491 52.9641 61.5963 0.8950025 O=C1NCC(O)C(=O)C1=C(O)C=CC=CN1CCC1 1 O=C1CCNC(=O)C1=CC=CC=CN1CCC1 1.0000000 1.0000 0.8022974 0.8023 0.8174465 4.0234
 | 22.2605 68.2143 35.9287 0.8136173 O=C1CC(=O)C(O)CC(=O)C1=C(O)C=CC=CN1C=CC=CC1 1 O=C1CCC(=O)C(=CC=CC=CN2C=CC=CC2)C(=O)C1 1.0000000 1.0000 0.6412099 0.6412 0.7167448 4.3952
 | 11.8936 57.0245 52.5532 0.8560763 NC1(CO)CCN(C=CC=CC(O)=C2COC2=O)C1=O 1 O=C1OCC1=CC=CC=CN1CCCC1=O 1.0000000 1.0000 0.8174447 0.8174 0.6631356 4.5588
02:45:50 <INFO> Score: 0.72 Agent NLL: 15.20 Valid: 100% Step: 218
 | Agent Prior Target Score SMILES SMILES_state Scaffold DASA DASA (raw) Solubility Solubility (raw) SA SA (raw)
 | 19.1225 66.1767 45.8907 0.8755262 CN1C(=O)CN(C=CC=CC(O)=C2C=CN(CN3CCCC3)C2=O)C(=O)C1=O 1 O=C1CN(C=CC=CC=C2C=CN(CN3CCCC3)C2=O)C(=O)C(=O)N1 1.0000000 1.0000 0.7010920 0.7011 0.8761942 3.7252
 | 29.9507 59.6164 39.6802 0.7757548 COCCOCCOC1CC(=O)C2=CCC(=C(O)C=CC=CN(C)C)C(=O)C2C1=O 1 C=C1CC=C2C(=O)CCC(=O)C2C1=O 1.0000000 1.0000 0.5706437 0.5706 0.6748459 4.5243
 | 10.9818 47.2246 62.4139 0.8565514 CN(C=CC=CC(O)=C1CC(O)C(O)CC1=O)CCO 1 C=C1CCCCC1=O 1.0000000 1.0000 0.7870418 0.7870 0.6956118 4.4616
 | 12.7091 63.1517 54.1981 0.9167949 O=C1CC(=O)C(=O)C(=C(O)C=CC=CN2CCNCCC2=O)C(=O)N1 1 O=C1CC(=O)C(=O)C(=CC=CC=CN2CCNCCC2=O)C(=O)N1 1.0000000 1.0000 0.8024801 0.8025 0.9041116 3.5383
 | 15.6846 70.5729 32.5043 0.8052907 C=C1C=CC(=O)N(C=CC=CC(O)=C2C(=O)NC(=CN3CCCCC3=O)C2=O)C1 1 C=C1C=CC(=O)N(C=CC=CC=C2C(=O)NC(=CN3CCCCC3=O)C2=O)C1 1.0000000 1.0000 0.5603416 0.5603 0.8069710 4.0681
 | 19.0516 62.2392 48.3813 0.8642232 O=C1CN(C=CC=CC(O)=C2C(=O)NC(C(=O)O)NC2C(=O)O)C(=O)CN1 1 O=C1CN(C=CC=CC=C2CNCNC2=O)C(=O)CN1 1.0000000 1.0000 0.8737770 0.8738 0.6370127 4.6336
 | 14.4607 66.1166 50.7905 0.9133366 O=C1NC(=O)C(O)COC(=O)C1=C(O)C=CC=CN1CCN(CCO)CC1=O 1 O=C1CCOC(=O)C(=CC=CC=CN2CCNCC2=O)C(=O)N1 1.0000000 1.0000 0.8600160 0.8600 0.8189208 4.0169
 | 9.4358 57.5992 53.5812 0.8685972 CC1=CC(=C(O)C=CC=CN2CC(=O)N(C)C(=O)C2)C(=O)O1 1 O=C1CN(C=CC=CC=C2C=COC2=O)CC(=O)N1 1.0000000 1.0000 0.6980472 0.6980 0.8518744 3.8604
 | 13.1870 56.1387 47.9827 0.8134483 O=C1CCCCC(=C(O)C=CC=CN2CC=CC(O)C2O)C(=O)N1 1 O=C1CCCCC(=CC=CC=CN2CC=CCC2)C(=O)N1 1.0000000 1.0000 0.6759274 0.6759 0.6722113 4.5321
 | 13.5356 56.6377 59.5800 0.9079507 CN1C(=O)CN(C=CC=CC(O)=C2C(=O)NC(=S)N(C)C2=O)CC1=O 1 O=C1CN(C=CC=CC=C2C(=O)NC(=S)NC2=O)CC(=O)N1 1.0000000 1.0000 0.7814227 0.7814 0.8961865 3.5958
02:45:50 <INFO> Sampled SMILES O=C1C(=C(O)C=CC=CN2CCCCC2)CCn21c1ccccc1c2COC(N)=O failed to sanitize.
02:45:50 <INFO> Score: 0.76 Agent NLL: 15.51 Valid:  99% Step: 219
 | Agent Prior Target Score SMILES SMILES_state Scaffold DASA DASA (raw) Solubility Solubility (raw) SA SA (raw)
 | 15.2036 48.9564 52.8848 0.7956345 CC1=CC(=C(O)C=CC=CN2CCCC(C(=O)O)C2)C(=O)O1 1 O=C1OC=CC1=CC=CC=CN1CCCCC1 1.0000000 1.0000 0.5253235 0.5253 0.8288673 3.9723
 | 23.5947 60.0211 35.2735 0.7444892 O=C1OC(=C(O)C=CC=CN2CCOCC2CO)C(=O)C12CCCCO2 1 O=C1OC(=CC=CC=CN2CCOCC2)C(=O)C12CCCCO2 1.0000000 1.0000 0.6659618 0.6660 0.4717004 5.0738
 | 12.4013 44.6319 61.1757 0.8266221 CN1C(=O)CN(C=CC=CC(O)=C2CCCCC2=O)C1=O 1 O=C1CN(C=CC=CC=C2CCCCC2=O)C(=O)N1 1.0000000 1.0000 0.5607795 0.5608 0.8997856 3.5702
 | 27.1675 74.0287 29.5338 0.8090818 C=C1CC(=C(O)C=C(O)C=CN2CCCC(=N)C2)C(=O)NC1=O 1 C=C1CC(=CC=CC=CN2CCCC(=N)C2)C(=O)NC1=O 1.0000000 1.0000 0.5986113 0.5986 0.7603163 4.2480
 | 11.7771 54.4436 59.7889 0.8924412 C=c1c(=O)c(=O)c(=C(O)C=CC=CN2C(=O)CCC2C(=O)O)c1=O 1 C=c1c(=O)c(=O)c(=CC=CC=CN2CCCC2=O)c1=O 1.0000000 1.0000 0.8589443 0.8589 0.7441772 4.3044
 | 14.8356 63.5423 46.7675 0.8617953 CN1C(=O)CN(C=CC=CC(O)=C2C=CN(C)N(C)N(C)C2=O)CC1=O 1 O=C1CN(C=CC=CC=C2C=CNNNC2=O)CC(=O)N1 1.0000000 1.0000 0.7247084 0.7247 0.7879550 4.1449
 | 22.0298 58.3445 35.0695 0.7297970 C=NC1CCCCN1C=CC=CC(O)=C1CC=CNC1=O 1 O=C1NC=CCC1=CC=CC=CN1CCCCC1 1.0000000 1.0000 0.4913570 0.4914 0.6248448 4.6677
 | 14.1716 50.3380 65.6642 0.9062671 CN1C(=O)NC(=O)C(=C(O)C=CC=CN2CCCNCC2)C1=O 1 O=C1NC(=O)C(=CC=CC=CN2CCCNCC2)C(=O)N1 1.0000000 1.0000 0.7507087 0.7507 0.9330615 3.2836
 | 21.1202 68.3779 48.0973 0.9099626 O=C1CN(C=CC=CC(O)=C2C(=O)NC(=O)NC(=O)C(O)(CO)C2=O)CCN1 1 O=C1CN(C=CC=CC=C2C(=O)CC(=O)NC(=O)NC2=O)CCN1 1.0000000 1.0000 0.8827247 0.8827 0.7814631 4.1699
 | 9.0786 49.4737 60.4059 0.8584341 O=C1C=CCC1=C(O)C=CC=CN1CCOCC1=O 1 O=C1C=CCC1=CC=CC=CN1CCOCC1=O 1.0000000 1.0000 0.6642473 0.6642 0.8605447 3.8145
02:45:51 <INFO> Score: 0.76 Agent NLL: 14.51 Valid: 100% Step: 220
 | Agent Prior Target Score SMILES SMILES_state Scaffold DASA DASA (raw) Solubility Solubility (raw) SA SA (raw)
 | 10.6940 56.4183 55.6113 0.8752312 CN1CCN(C=C2NC(=O)C(=C(O)C=CC=CN3CCCC3=O)C2=O)CC1 1 O=C1NC(=CN2CCNCC2)C(=O)C1=CC=CC=CN1CCCC1=O 1.0000000 1.0000 0.6885682 0.6886 0.8940862 3.6104
 | 18.1068 63.5694 41.0437 0.8172899 CN1C=NCN(C=CC=CC(O)=C2C(=O)CC2C(=O)O)C1=O 1 O=C1CCC1=CC=CC=CN1CN=CNC1=O 1.0000000 1.0000 0.6792053 0.6792 0.6816767 4.5039
 | 13.0161 65.2581 45.7347 0.8671316 CN1C(=O)CN(C=CC=CC(O)=C2C(=O)NOCC2C(=O)O)CC1=O 1 O=C1CN(C=CC=CC=C2CCONC2=O)CC(=O)N1 1.0000000 1.0000 0.8028652 0.8029 0.7151314 4.4004
 | 14.1843 52.8021 63.3197 0.9072018 CN1CN(C=CC=CC(O)=C2C(=O)CC2=O)C(=O)C1=O 1 O=C1CC(=O)C1=CC=CC=CN1CNC(=O)C1=O 1.0000000 1.0000 0.7930098 0.7930 0.8774496 3.7176
 | 7.9536 45.6240 64.5775 0.8609493 O=C1CCC(=C(O)C=CC=CN2CCCC2=O)C1=O 1 O=C1CCC(=CC=CC=CN2CCCC2=O)C1=O 1.0000000 1.0000 0.6447881 0.6448 0.9028288 3.5479
 | 20.3943 61.5034 48.1424 0.8566080 CCNC1=NC(=O)CC(=C(O)C=CC=CN2CCN(CC)C2=O)C(=O)N1 1 O=C1CC(=CC=CC=CN2CCNC2=O)C(=O)NC=N1 1.0000000 1.0000 0.6716010 0.6716 0.8416883 3.9115
 | 13.7615 44.2361 41.5766 0.6704117 O=C1C(=C(O)C=CC=CN2CCCCCC2)C(=O)c2c(O)cccc21 1 O=C1C(=CC=CC=CN2CCCCCC2)C(=O)c2ccccc21 1.0000000 1.0000 0.2562281 0.2562 0.9556143 3.0004
 | 12.4516 51.8803 58.8239 0.8648764 C=C1C(=O)OC(=C(O)C=CC=CN2CCCNC2)C1=O 1 C=C1C(=O)OC(=CC=CC=CN2CCCNC2)C1=O 1.0000000 1.0000 0.7052051 0.7052 0.8264728 3.9832
 | 14.1307 69.2348 41.5369 0.8654039 CC(O)C1C(=O)NC(=O)C(=C(O)C=CC=CN2CC(=O)N(C)C(=O)C2)C1=O 1 O=C1CN(C=CC=CC=C2C(=O)CC(=O)NC2=O)CC(=O)N1 1.0000000 1.0000 0.8204207 0.8204 0.6909956 4.4757
 | 12.6284 49.0141 54.0039 0.8048279 O=C1N=CCC1=C(O)C=C(O)C=CN1CCCCC1 1 O=C1N=CCC1=CC=CC=CN1CCCCC1 1.0000000 1.0000 0.5292177 0.5292 0.8621673 3.8056
02:45:52 <INFO> Score: 0.70 Agent NLL: 14.62 Valid: 100% Step: 221
 | Agent Prior Target Score SMILES SMILES_state Scaffold DASA DASA (raw) Solubility Solubility (raw) SA SA (raw)
 | 6.4250 57.9284 -57.9284 0.0000000 C=C1C(=O)NC(=O)C(=C(O)C=CC=CN2CC(=O)N(C)C(=O)C2)C1=O 1 C=C1C(=O)NC(=O)C(=CC=CC=CN2CC(=O)NC(=O)C2)C1=O 1.0000000 1.0000 0.7989181 0.7989 0.8643894 3.7934
 | 14.5829 55.4875 55.9065 0.8702660 CN1C(=O)NC(=O)C(=C(O)C=CC=CN2CCCC=CC2=O)C1=O 1 O=C1NC(=O)C(=CC=CC=CN2CCCC=CC2=O)C(=O)N1 1.0000000 1.0000 0.6667046 0.6667 0.9074407 3.5129
 | 7.8118 56.7522 -56.7522 0.0000000 CN1C(=O)CN(C=CC=CC(O)=C2C(=O)C(=O)C(=O)C2=O)CC1=O 1 O=C1CN(C=CC=CC=C2C(=O)C(=O)C(=O)C2=O)CC(=O)N1 1.0000000 1.0000 0.8350483 0.8350 0.8786919 3.7101
 | 12.4309 49.8734 58.2302 0.8445594 C=C1CC(=C(O)C=CC=CN2CCC(=O)C2)C(=O)C1=O 1 C=C1CC(=CC=CC=CN2CCC(=O)C2)C(=O)C1=O 1.0000000 1.0000 0.6574939 0.6575 0.8135359 4.0403
 | 29.2404 71.3664 41.4851 0.8816519 O=C1NN(CCOCCOCCOCCO)C(=O)C1=C(O)C=CC=CN1CC2(CC2=O)C1 1 O=C1NNC(=O)C1=CC=CC=CN1CC2(CC2=O)C1 1.0000000 1.0000 0.7985298 0.7985 0.7717893 4.2063
 | 18.8248 59.6664 50.9777 0.8644072 CC=CCC1NC(=O)C(=C(O)C=CC=CN2CCN(CCO)CC2=O)C1=O 1 O=C1CNC(=O)C1=CC=CC=CN1CCNCC1=O 1.0000000 1.0000 0.7292205 0.7292 0.7921119 4.1286
 | 16.6773 63.8775 40.4086 0.8147348 CC1C(=O)NC(=O)C(=C(O)C=CC=CN2CC(Cl)CC2=O)C(=O)C1=O 1 O=C1CC(=O)C(=O)C(=CC=CC=CN2CCCC2=O)C(=O)N1 1.0000000 1.0000 0.6970314 0.6970 0.6521769 4.5905
 | 12.2240 55.0117 56.9292 0.8745379 CN1C(=O)CN(C=CC=CC(O)=C2C(=O)C(=O)CCC2O)CC1=O 1 O=C1CN(C=CC=CC=C2CCCC(=O)C2=O)CC(=O)N1 1.0000000 1.0000 0.7716257 0.7716 0.7772886 4.1857
 | 17.1074 58.3581 41.1838 0.7776713 O=C1NC(=S)C(O)CC1=C(O)C=CC=CN1CCC=C1O 1 O=C1NC(=S)CCC1=CC=CC=CN1C=CCC1 1.0000000 1.0000 0.6390444 0.6390 0.5952595 4.7487
 | 13.8157 53.8408 60.0439 0.8897240 NN1CCCC(=C(O)C=CC=CN2CC2)C1=O 1 O=C1NCCCC1=CC=CC=CN1CC1 1.0000000 1.0000 0.7400560 0.7401 0.8785263 3.7111
02:45:52 <INFO> Sampled SMILES N1C(=O)C(=C(O)C=CC=CN2NNC=CC2)C(=O)CBr1C failed to sanitize.
02:45:52 <INFO> Score: 0.72 Agent NLL: 15.43 Valid:  99% Step: 222
 | Agent Prior Target Score SMILES SMILES_state Scaffold DASA DASA (raw) Solubility Solubility (raw) SA SA (raw)
 | 11.9832 50.1643 64.4940 0.8957686 CN1C(=O)CC(=C(O)C=CC=CN2CCC(=O)C2=O)C1=O 1 O=C1CC(=CC=CC=CN2CCC(=O)C2=O)C(=O)N1 1.0000000 1.0000 0.7560290 0.7560 0.8810008 3.6959
 | 20.6658 72.3398 41.1381 0.8865464 CN1C(=O)CN(C=CC=CC(O)=C2C(=N)N(CO)C(=S)N(C)C2=O)CC1=O 1 N=C1NC(=S)NC(=O)C1=CC=CC=CN1CC(=O)NC(=O)C1 1.0000000 1.0000 0.7619692 0.7620 0.8356439 3.9406
 | 13.2071 52.9845 -52.9845 0.0000000 O=C1NC(=O)N(CCO)C(=O)C1=C(O)C=CC=CN1CCCC1=O 1 O=C1NC(=O)C(=CC=CC=CN2CCCC2=O)C(=O)N1 1.0000000 1.0000 0.7774128 0.7774 0.9362437 3.2497
 | 15.3698 61.5367 50.8840 0.8782869 O=C1C(=O)C(CO)C(=O)C1=C(O)C=CC=CN1CNCCC1=O 1 O=C1CC(=O)C(=CC=CC=CN2CNCCC2=O)C1=O 1.0000000 1.0000 0.8176767 0.8177 0.7382014 4.3247
 | 9.0394 48.7785 -48.7785 0.0000000 COC1=CC(=C(O)C=CC=CN2CCCC2=O)C(=O)NC1=O 1 O=C1C=CC(=CC=CC=CN2CCCC2=O)C(=O)N1 1.0000000 1.0000 0.7010363 0.7010 0.8922081 3.6232
 | 16.5136 57.7954 50.8806 0.8490307 C=C1C(=O)N(C(C)C)C(=O)C1=C(O)C=CC=CN1CC(=O)N(C)C1=O 1 C=C1C(=O)NC(=O)C1=CC=CC=CN1CC(=O)NC1=O 1.0000000 1.0000 0.6291748 0.6292 0.8769050 3.7209
 | 21.9049 34.9805 -34.9625 0.0001412 CC(=CC=CC(=O)O)N1CCCNCC1 1 C1CNCCNC1 0.0000000 0.0000 0.7426879 0.7427 0.9632728 2.8719
 | 11.7591 62.7351 47.8010 0.8635634 CC=C1C(=O)C(=C(O)C=CC=CN2CC(=O)N(C)C(=O)C2)C(=O)N1CC 1 C=C1NC(=O)C(=CC=CC=CN2CC(=O)NC(=O)C2)C1=O 1.0000000 1.0000 0.6778216 0.6778 0.8611866 3.8110
 | 11.5380 43.7120 -43.7120 0.0000000 C=C1C(=O)C(=C(O)C=CC=CN(CC)CC)CC1O 1 C=C1CCC(=C)C1=O 1.0000000 1.0000 0.5650783 0.5651 0.7363096 4.3311
 | 17.8650 50.2582 60.0628 0.8618822 CC1CC(=O)C(=C(O)C=C(O)C=CN2CCNC(=O)C2)C(=O)O1 1 O=C1CN(C=CC=CC=C2C(=O)CCOC2=O)CCN1 1.0000000 1.0000 0.7322287 0.7322 0.7785832 4.1809
02:45:53 <INFO> Score: 0.73 Agent NLL: 15.80 Valid: 100% Step: 223
 | Agent Prior Target Score SMILES SMILES_state Scaffold DASA DASA (raw) Solubility Solubility (raw) SA SA (raw)
 | 9.4438 50.8245 64.9885 0.9047889 O=C1CCN(C=CC=CC(O)=C2C(=O)C(=O)C(=O)C2=O)CC1 1 O=C1CCN(C=CC=CC=C2C(=O)C(=O)C(=O)C2=O)CC1 1.0000000 1.0000 0.7654306 0.7654 0.9053395 3.5290
 | 12.8770 45.6140 63.7822 0.8546573 O=C1CCC(=O)C1=C(O)C=CC=CN1CCCC(O)C1 1 O=C1CCC(=O)C1=CC=CC=CN1CCCCC1 1.0000000 1.0000 0.6528524 0.6529 0.8624787 3.8039
 | 16.9367 61.7644 50.1854 0.8746083 CCOC=c1[nH]c(=O)[nH]c(=O)c1=C(O)C=CC=CN1CCC(=O)N=C1C 1 C=c1[nH]c(=O)[nH]c(=O)c1=CC=CC=CN1C=NC(=O)CC1 1.0000000 1.0000 0.7675807 0.7676 0.7824709 4.1661
 | 25.6425 66.7236 35.1122 0.7955916 CCC12CCC1(CO)C(=O)C(=C(O)C=CC=CN1CC(=O)N(C)CC1=O)C2=O 1 O=C1CN(C=CC=CC=C2C(=O)C3CCC3C2=O)C(=O)CN1 1.0000000 1.0000 0.6656335 0.6656 0.6237587 4.6707
 | 11.4789 53.2664 52.4423 0.8258497 O=C1NCCCC1=C(O)C=CC=CN1CC=COCC1 1 O=C1NCCCC1=CC=CC=CN1CC=COCC1 1.0000000 1.0000 0.6089415 0.6089 0.8118833 4.0474
 | 17.8264 75.4372 32.2404 0.8412314 [N-]=[N+]=NCC1=CCN(C=CC=CC(O)=C2C(=O)NC(=O)CC(=O)C2=O)C(=O)C1 1 O=C1CC(=O)C(=O)C(=CC=CC=CN2CC=CCC2=O)C(=O)N1 1.0000000 1.0000 0.6649084 0.6649 0.7894613 4.1390
 | 20.9388 48.0534 41.6213 0.7005835 CCCN1CCCN1C=CC=CC(O)=C1C(=O)c2ccccc2C1=O 1 O=C1C(=CC=CC=CN2CCCN2)C(=O)c2ccccc21 1.0000000 1.0000 0.3051667 0.3052 0.9321529 3.2931
 | 12.1563 62.3053 54.1056 0.9094599 CN1CC(=O)N(C=CC=CC(O)=C2C(=O)COC(=O)NC2=O)CC1=O 1 O=C1CN(C=CC=CC=C2C(=O)COC(=O)NC2=O)C(=O)CN1 1.0000000 1.0000 0.7931103 0.7931 0.8865241 3.6608
 | 22.1680 61.0895 41.4333 0.8009596 CCCOC1=CCC(=C(O)C=CC=CN2CCC(N)(C(=O)O)CC2)C1=O 1 O=C1C=CCC1=CC=CC=CN1CCCCC1 1.0000000 1.0000 0.5222116 0.5222 0.8585170 3.8254
 | 10.4256 61.0103 54.3602 0.9013315 CN1CC(=O)N(C=CC=CC(O)=C2C(=O)CC(O)C(=O)NC2=O)CC1=O 1 O=C1CN(C=CC=CC=C2C(=O)CCC(=O)NC2=O)C(=O)CN1 1.0000000 1.0000 0.8359242 0.8359 0.8015209 4.0907
02:45:53 <INFO> Sampled SMILES O=C1C(=C(O)C=CC=CN2Cc3c4c(cccc4C2=O)[nH]c2n(C)c(=O)n(C)c(=O)c32)C(C)=CC1=O failed to sanitize.
02:45:54 <INFO> Score: 0.79 Agent NLL: 14.51 Valid:  99% Step: 224
 | Agent Prior Target Score SMILES SMILES_state Scaffold DASA DASA (raw) Solubility Solubility (raw) SA SA (raw)
 | 12.8747 56.1964 59.1942 0.9014885 CN1CCN(C=CC=CC(O)=C2CC(=O)C(=O)NC2=O)C1 1 O=C1CC(=CC=CC=CN2CCNC2)C(=O)NC1=O 1.0000000 1.0000 0.7825388 0.7825 0.8682120 3.7719
 | 17.1451 54.8855 54.3551 0.8534427 CN1CC(=O)NC(=O)C(=C(O)C=CC=CN2CCCCCC2)C1 1 O=C1CNCC(=CC=CC=CN2CCCCCC2)C(=O)N1 1.0000000 1.0000 0.6138067 0.6138 0.9231971 3.3801
 | 10.2777 55.8143 55.4874 0.8695441 CN1C(=O)CN(C=CC=CC(O)=C2CSC(=O)NC2=O)CC1=O 1 O=C1CN(C=CC=CC=C2CSC(=O)NC2=O)CC(=O)N1 1.0000000 1.0000 0.7167952 0.7168 0.8289927 3.9717
 | 13.8568 72.8353 44.7994 0.9190206 CN1C(=O)CCN(C=CC=CC(O)=C2C(=O)NNC(=O)C2=O)CC1=O 1 O=C1CCN(C=CC=CC=C2C(=O)NNC(=O)C2=O)CC(=O)N1 1.0000000 1.0000 0.8359459 0.8359 0.8696656 3.7636
 | 11.4170 60.7314 48.1321 0.8504963 C=c1c(=O)c(=O)c(=C(O)C=CC=CN2CC(C)OC(O)C2=O)c1=O 1 C=c1c(=O)c(=O)c(=CC=CC=CN2CCOCC2=O)c1=O 1.0000000 1.0000 0.8765354 0.8765 0.5933362 4.7539
 | 15.7559 57.2479 55.2648 0.8790054 CN1CCON(C=CC=CC(O)=C2C(=O)CC(=O)C2=O)C1 1 O=C1CC(=O)C(=CC=CC=CN2CNCCO2)C1=O 1.0000000 1.0000 0.7502333 0.7502 0.8213512 4.0062
 | 9.8157 52.8114 62.6899 0.9023543 O=C1CCC(=C(O)C=CC=CN2CCN(CCO)CC2=O)C1=O 1 O=C1CCC(=CC=CC=CN2CCNCC2=O)C1=O 1.0000000 1.0000 0.7596586 0.7597 0.9033198 3.5442
 | 10.6432 54.5866 59.4318 0.8907687 O=C1CCC(=O)C(=C(O)C=CC=CN2CC=CC2=O)C(=O)N1 1 O=C1CCC(=O)C(=CC=CC=CN2CC=CC2=O)C(=O)N1 1.0000000 1.0000 0.7308744 0.7309 0.8961930 3.5957
 | 16.3553 60.8647 35.6015 0.7536422 CN1CCCC(=C(O)C=CC=CN2CC=CC(F)C2)C(=O)N1 1 O=C1NNCCCC1=CC=CC=CN1CC=CCC1 1.0000000 1.0000 0.5586178 0.5586 0.6131350 4.7000
 | 20.6930 74.2559 37.0470 0.8695538 NC(=O)C1CC(=NO)CN1C=CC=CC(O)=C1COC(=O)C(=O)NC1=O 1 N=C1CCN(C=CC=CC=C2COC(=O)C(=O)NC2=O)C1 1.0000000 1.0000 0.8237563 0.8238 0.7015953 4.4431
02:45:54 <INFO> Score: 0.76 Agent NLL: 14.79 Valid: 100% Step: 225
 | Agent Prior Target Score SMILES SMILES_state Scaffold DASA DASA (raw) Solubility Solubility (raw) SA SA (raw)
 | 24.1295 69.4645 27.5646 0.7580392 CCOC(O)=C1C(=O)C(=O)CC(=C(O)C=CC=CN2CCCC=C2OC)C1=O 1 C=C1C(=O)C(=O)CC(=CC=CC=CN2C=CCCC2)C1=O 1.0000000 1.0000 0.4457059 0.4457 0.8238479 3.9951
 | 12.8748 49.5252 67.3890 0.9133925 O=C1OCC1=C(O)C=CC=CN1CCN(CCO)CC1 1 O=C1OCC1=CC=CC=CN1CCNCC1 1.0000000 1.0000 0.7774631 0.7775 0.9245821 3.3673
 | 14.7603 62.4997 48.8665 0.8700488 CCN1C(=O)CC(=O)C(=C(O)C=CC=CN2CCC(C(=O)O)C2=O)C1=O 1 O=C1CC(=O)C(=CC=CC=CN2CCCC2=O)C(=O)N1 1.0000000 1.0000 0.7144286 0.7144 0.8343197 3.9469
 | 10.4962 44.6134 -44.6134 0.0000000 CN1CCC(=C(O)C=C(O)C=CN2CCCCC2)C1=O 1 O=C1NCCC1=CC=CC=CN1CCCCC1 1.0000000 1.0000 0.5400946 0.5401 0.9142678 3.4581
 | 8.8543 53.6935 60.3831 0.8912235 O=C1CC(=C(O)C=CC=CN2CCCC2=O)C(=O)C(=O)C1=O 1 O=C1CC(=CC=CC=CN2CCCC2=O)C(=O)C(=O)C1=O 1.0000000 1.0000 0.7385674 0.7386 0.8869020 3.6584
 | 13.3575 49.9146 57.8888 0.8422138 C=C1CC(=C(O)C=CC=CN2CCN(CC)CC2)C(=O)C1=O 1 C=C1CC(=CC=CC=CN2CCNCC2)C(=O)C1=O 1.0000000 1.0000 0.6006061 0.6006 0.8963265 3.5948
 | 13.2779 53.2220 59.2397 0.8786070 CN1C(=O)C(=C(O)C=CC=CN2CCC(=O)CC2)C(=O)C1O 1 O=C1CCN(C=CC=CC=C2C(=O)CNC2=O)CC1 1.0000000 1.0000 0.7582949 0.7583 0.8093417 4.0582
 | 15.8946 55.2104 49.2752 0.8162934 C=C1C(=O)OCC(=C(O)C=CC=CN2CCOC(C)(C)C2)C1=O 1 C=C1C(=O)OCC(=CC=CC=CN2CCOCC2)C1=O 1.0000000 1.0000 0.5733253 0.5733 0.8311380 3.9618
 | 17.1132 52.9792 -52.9792 0.0000000 CN1CC(O)C(=C(O)C=CC=CNC(N)=O)C1=O 1 C=C1CCNC1=O 1.0000000 1.0000 0.8249523 0.8250 0.7839254 4.1605
 | 12.8013 51.3009 61.8759 0.8841935 O=C1CCOC(=O)C1=C(O)C=CC=CN1CCCNC1 1 O=C1CCOC(=O)C1=CC=CC=CN1CCCNC1 1.0000000 1.0000 0.7153616 0.7154 0.8913903 3.6287
02:45:55 <INFO> Score: 0.72 Agent NLL: 14.76 Valid:  99% Step: 226
 | Agent Prior Target Score SMILES SMILES_state Scaffold DASA DASA (raw) Solubility Solubility (raw) SA SA (raw)
 | 10.9287 58.0924 55.1500 0.8847063 CN1CC(=O)N(C=CC=CC(O)=C2C(=O)CC(C)(C)C(=O)NC2=O)CC1=O 1 O=C1CN(C=CC=CC=C2C(=O)CCC(=O)NC2=O)C(=O)CN1 1.0000000 1.0000 0.7179023 0.7179 0.8897705 3.6395
 | 14.7236 57.9485 54.7291 0.8802936 O=C1CCC(CO)C(=C(O)C=CC=CN2CCOCC2=O)C(=O)N1 1 O=C1CCCC(=CC=CC=CN2CCOCC2=O)C(=O)N1 1.0000000 1.0000 0.7547125 0.7547 0.8205364 4.0098
 | 12.3412 58.0386 51.2937 0.8541585 O=C1CC(=C(O)C=CC=CN2CC=CC=N2)C(=O)C(=O)C1=O 1 O=C1CC(=CC=CC=CN2CC=CC=N2)C(=O)C(=O)C1=O 1.0000000 1.0000 0.7208953 0.7209 0.7638622 4.2352
 | 12.8751 54.1761 56.2874 0.8629955 C=C1CC(=O)C(=C(O)C=CC=CN2CCN(CCO)CC2=O)C1 1 C=C1CC(=O)C(=CC=CC=CN2CCNCC2=O)C1 1.0000000 1.0000 0.6745593 0.6746 0.8637968 3.7967
 | 22.2772 55.5798 50.8305 0.8313310 NS(=O)(=O)OCC1CCN(C=CC=CC(O)=C2SC(=O)CC2=O)C1 1 O=C1CC(=O)C(=CC=CC=CN2CCCC2)S1 1.0000000 1.0000 0.6733901 0.6734 0.7398279 4.3192
 | 18.2091 50.8323 60.0199 0.8660335 O=C1N=CC=CC1=C(O)C=CC=CN1CCNC1=O 1 O=C1N=CC=CC1=CC=CC=CN1CCNC1=O 1.0000000 1.0000 0.6869570 0.6870 0.8576897 3.8299
 | 21.1884 34.7056 -34.6885 0.0001337 CC(C)=CC(=O)C1C(=O)OC(=C(C)O)C1=O 1 C=C1OC(=O)CC1=O 0.0000000 0.0000 0.7043479 0.7043 0.8185191 4.0187
 | 17.1640 69.5990 35.9044 0.8242454 CN1C(=O)CN(C=CC=CC(O)=C2CC(=O)C(=O)C(=CN3CC=CCC3)C2=O)CC1=O 1 O=C1CN(C=CC=CC=C2CC(=O)C(=O)C(=CN3CC=CCC3)C2=O)CC(=O)N1 1.0000000 1.0000 0.6357420 0.6357 0.7647164 4.2321
 | 7.5333 54.1638 64.7603 0.9290950 CN1CC(=O)N(C=CC=CC(O)=C2C(=O)NC2=O)CC1=O 1 O=C1CN(C=CC=CC=C2C(=O)NC2=O)C(=O)CN1 1.0000000 1.0000 0.8361669 0.8362 0.9101249 3.4918
 | 13.5956 63.3582 52.3090 0.9036498 CN1CC(=O)N(C=CC=CC(O)=C2C(=O)NC(=O)C(C(=O)O)C2=O)CC1=O 1 O=C1CN(C=CC=CC=C2C(=O)CC(=O)NC2=O)C(=O)CN1 1.0000000 1.0000 0.8368937 0.8369 0.8090889 4.0593
02:45:56 <INFO> Score: 0.75 Agent NLL: 14.75 Valid: 100% Step: 227
 | Agent Prior Target Score SMILES SMILES_state Scaffold DASA DASA (raw) Solubility Solubility (raw) SA SA (raw)
 | 13.3744 68.3163 48.6386 0.9137101 C=C1C(=O)NC(=O)C1=C(O)C=CC=CN1CCC(=O)NC(=O)C1=O 1 C=C1C(=O)NC(=O)C1=CC=CC=CN1CCC(=O)NC(=O)C1=O 1.0000000 1.0000 0.8067576 0.8068 0.8857350 3.6659
 | 23.7153 68.6400 40.1717 0.8500911 N=C1CCNC(=O)C(=C(O)C=C(O)C=CN2CCC(N)C2)C(=O)N1 1 N=C1CCNC(=O)C(=CC=CC=CN2CCCC2)C(=O)N1 1.0000000 1.0000 0.7752509 0.7753 0.6861581 4.4904
 | 11.0953 53.3070 59.5813 0.8819397 O=C1CN(C=CC=CC(O)=C2C(=O)CC(=O)C2O)CCN1 1 O=C1CC(=O)C(=CC=CC=CN2CCNC(=O)C2)C1 1.0000000 1.0000 0.8137125 0.8137 0.7555758 4.2648
 | 12.7960 54.9944 48.9934 0.8124044 CC1CN(C=CC=CC(O)=C2CCC(=O)C2=O)CC(O)O1 1 O=C1CCC(=CC=CC=CN2CCOCC2)C1=O 1.0000000 1.0000 0.6856948 0.6857 0.6571833 4.5761
 | 13.7885 53.7660 60.6104 0.8935657 O=C1CC(=O)C(=C(O)C=CC=CN2CCCCN2)C(=O)N1 1 O=C1CC(=O)C(=CC=CC=CN2CCCCN2)C(=O)N1 1.0000000 1.0000 0.7533467 0.7533 0.8756639 3.7284
 | 14.5588 52.9957 51.6831 0.8178030 CCCN1CCN(C=CC=CC(O)=C2CCCN(C)C2=O)C1 1 O=C1NCCCC1=CC=CC=CN1CCNC1 1.0000000 1.0000 0.5355867 0.5356 0.9089268 3.5013
 | 13.9790 48.7789 60.6389 0.8548268 O=C1CC(O)C(=O)C1=C(O)C=CC=CN1CCCCC1 1 O=C1CCC(=O)C1=CC=CC=CN1CCCCC1 1.0000000 1.0000 0.6528524 0.6529 0.8631973 3.8000
 | 9.4850 43.4979 -43.4979 0.0000000 O=C1CCCC1=C(O)C=CC=CN1CCCC1=O 1 O=C1CCCC1=CC=CC=CN1CCCC1=O 1.0000000 1.0000 0.5387946 0.5388 0.9182826 3.4240
 | 9.7114 43.5980 -43.5980 0.0000000 O=C1CC(=O)C(=C(O)C=CC=CN2CCCCC2)C(=O)N1 1 O=C1CC(=O)C(=CC=CC=CN2CCCCC2)C(=O)N1 1.0000000 1.0000 0.6746712 0.6747 0.9383230 3.2267
 | 13.0815 50.0993 65.6812 0.9045353 N=C1NC(=O)C(=C(O)C=CC=CN2CCOCC2=O)C1=O 1 N=C1NC(=O)C(=CC=CC=CN2CCOCC2=O)C1=O 1.0000000 1.0000 0.8017180 0.8017 0.8553841 3.8421
02:45:56 <INFO> Score: 0.74 Agent NLL: 15.13 Valid: 100% Step: 228
 | Agent Prior Target Score SMILES SMILES_state Scaffold DASA DASA (raw) Solubility Solubility (raw) SA SA (raw)
 | 15.0475 59.3742 52.0714 0.8706688 CC1=CC(=C(O)C=CC=CN2CCCNC(=O)C2=O)C(=O)N1C 1 O=C1NCCCN(C=CC=CC=C2C=CNC2=O)C1=O 1.0000000 1.0000 0.6922441 0.6922 0.8691033 3.7668
 | 33.2536 86.2375 21.5390 0.8420045 CCOC(=O)NCCCN(C=O)C=C1NC(=O)C(=C(O)C=CC=CN2CC=CC(=O)O2)C1=O 1 C=C1NC(=O)C(=CC=CC=CN2CC=CC(=O)O2)C1=O 1.0000000 1.0000 0.6659448 0.6659 0.7910329 4.1328
 | 16.4103 55.0818 34.0979 0.6967165 CN1CCCN(C=CC=CC(O)=C2CCCC(Br)C2=O)C1 1 O=C1CCCCC1=CC=CC=CN1CCCNC1 1.0000000 1.0000 0.3491949 0.3492 0.7747366 4.1953
 | 17.2655 63.7843 38.6479 0.8002513 C=C1NC(=O)C(=C(O)C=CC=CN2CC=NC(=O)C2O)CO1 1 C=C1NC(=O)C(=CC=CC=CN2CC=NC(=O)C2)CO1 1.0000000 1.0000 0.7718499 0.7718 0.5351942 4.9081
 | 13.7214 49.5485 62.2870 0.8737150 NC1CCCN(C=CC=CC(O)=C2C(=O)NOC2=O)C1 1 O=C1NOC(=O)C1=CC=CC=CN1CCCCC1 1.0000000 1.0000 0.7763769 0.7764 0.7685393 4.2182
 | 9.1306 57.6992 -57.6992 0.0000000 CC1NC(=O)C(=C(O)C=CC=CN2CC(=O)N(C)C(=O)C2)C1=O 1 O=C1CN(C=CC=CC=C2C(=O)CNC2=O)CC(=O)N1 1.0000000 1.0000 0.7947465 0.7947 0.7773033 4.1857
 | 18.8492 55.7910 52.8709 0.8489209 CN(C)CN1C(=O)C(=C(O)C=CC=CN2CCCCCC2)C1=O 1 O=C1NC(=O)C1=CC=CC=CN1CCCCCC1 1.0000000 1.0000 0.5923811 0.5924 0.9421520 3.1823
 | 22.0277 78.3102 23.3123 0.7939258 CN1NCC(O)CNC(=C(O)C=CC=CN2CN=CN(O)C2)C1=O 1 O=C1NNCCCNC1=CC=CC=CN1CN=CNC1 1.0000000 1.0000 0.8179733 0.8180 0.4828239 5.0448
 | 13.1657 56.2427 59.2126 0.9019945 C=c1c(=O)c(=C(O)C=CC=CN2CN(CCC)CCC2=O)c1=O 1 C=c1c(=O)c(=CC=CC=CN2CNCCC2=O)c1=O 1.0000000 1.0000 0.7919608 0.7920 0.8578512 3.8290
 | 17.9085 70.7272 40.9829 0.8727354 CN1CC(=O)N(C=CC=CC(O)=C2C=C(N3CCOCC3)C=CC(=O)NC2=O)CC1=O 1 O=C1C=CC(N2CCOCC2)=CC(=CC=CC=CN2CC(=O)NCC2=O)C(=O)N1 1.0000000 1.0000 0.7045947 0.7046 0.8593689 3.8209
02:45:57 <INFO> Score: 0.76 Agent NLL: 14.93 Valid: 100% Step: 229
 | Agent Prior Target Score SMILES SMILES_state Scaffold DASA DASA (raw) Solubility Solubility (raw) SA SA (raw)
 | 13.1717 49.9104 63.0392 0.8824186 O=C1NNC(=O)C1=C(O)C=C(O)C=CN1CCSCC1 1 O=C1NNC(=O)C1=CC=CC=CN1CCSCC1 1.0000000 1.0000 0.7587208 0.7587 0.8236356 3.9960
 | 16.3476 56.5874 61.2734 0.9207873 NS(=O)(=O)N1CCN(C=CC=CC(O)=C2C(=O)CC(=O)C2=O)CC1 1 O=C1CC(=O)C(=CC=CC=CN2CCNCC2)C1=O 1.0000000 1.0000 0.8085695 0.8086 0.9124483 3.4731
 | 16.9343 57.5748 35.9522 0.7306796 CC1CCCCN1C=CC=CC(O)=C1CC(=O)C(=CO)C1=O 1 C=C1C(=O)CC(=CC=CC=CN2CCCCC2)C1=O 1.0000000 1.0000 0.4217586 0.4218 0.7543566 4.2691
 | 19.3429 57.7383 42.7170 0.7848068 CN1CCCC(=C(O)C=CC=CN2CCN=C2N=[N+]=[N-])C1=O 1 O=C1NCCCC1=CC=CC=CN1C=NCC1 1.0000000 1.0000 0.5235575 0.5236 0.7856811 4.1537
 | 9.0487 61.0019 48.3092 0.8539926 CC1CN(C=CC=CC(O)=C2C(=O)CC2=O)CC(=O)N1C 1 O=C1CN(C=CC=CC=C2C(=O)CC2=O)CCN1 1.0000000 1.0000 0.7129862 0.7130 0.7734103 4.2002
 | 9.6402 57.7108 59.9088 0.9189027 C=c1[nH]c(=O)[nH]c(=O)c1=C(O)C=CC=CN1CC(=O)N(C)C(=O)C1 1 C=c1[nH]c(=O)[nH]c(=O)c1=CC=CC=CN1CC(=O)NC(=O)C1 1.0000000 1.0000 0.8679577 0.8680 0.8308713 3.9630
 | 9.1434 51.2542 63.7136 0.8981863 CN1CC(=O)N(C=CC=CC(O)=C2COC(=O)NC2=O)CC1=O 1 O=C1CN(C=CC=CC=C2COC(=O)NC2=O)C(=O)CN1 1.0000000 1.0000 0.7816154 0.7816 0.8561448 3.8381
 | 13.0694 59.4501 55.0315 0.8943874 NC1=NC(=O)CCN1C=CC=CC(O)=C1C(=O)NC(=O)C(O)C1=O 1 O=C1CCN(C=CC=CC=C2C(=O)CC(=O)NC2=O)C=N1 1.0000000 1.0000 0.8575547 0.8576 0.7524779 4.2757
 | 22.4902 69.6318 34.4826 0.8133939 NC1(C=CN2CCOCC2)C(=O)CC(=C(O)C=CC=CN2CCCC2=O)C1=O 1 O=C1CC(=CC=CC=CN2CCCC2=O)C(=O)C1C=CN1CCOCC1 1.0000000 1.0000 0.6582909 0.6583 0.6936851 4.4675
 | 17.6446 67.4375 41.0198 0.8473226 O=C1CC(=C(O)C=CC=CN2CCCC2=COCCO)C(=O)C1=O 1 C=C1CCCN1C=CC=CC=C1CC(=O)C(=O)C1=O 1.0000000 1.0000 0.6713213 0.6713 0.8044304 4.0787
02:45:57 <INFO> Sampled SMILES O=C1C(=C(O)C=CC=CN2CC=C(C)CC2O)CCC=[N+]1(C)C failed to sanitize.
02:45:58 <INFO> Score: 0.76 Agent NLL: 14.44 Valid:  99% Step: 230
 | Agent Prior Target Score SMILES SMILES_state Scaffold DASA DASA (raw) Solubility Solubility (raw) SA SA (raw)
 | 19.0074 64.5302 40.5005 0.8205526 COC=C1CCCCN1C=CC=CC(O)=C1CN(CCO)C(=N)NC1=O 1 C=C1CCCCN1C=CC=CC=C1CNC(=N)NC1=O 1.0000000 1.0000 0.6207083 0.6207 0.7722929 4.2044
 | 11.4381 41.1238 42.3834 0.6524003 O=C1C(=C(O)C=CC=CN2CCCCC2)Cc2ccccc21 1 O=C1C(=CC=CC=CN2CCCCC2)Cc2ccccc21 1.0000000 1.0000 0.2335322 0.2335 0.9526718 3.0443
 | 13.1695 58.2917 50.3597 0.8488395 CC1C(=O)NC(=O)C(=C(O)C=CC=CN2CN=CNC2=O)C1=O 1 O=C1CC(=O)C(=CC=CC=CN2CN=CNC2=O)C(=O)N1 1.0000000 1.0000 0.7618531 0.7619 0.6963410 4.4593
 | 15.0496 60.4215 51.7869 0.8766277 C=c1oc(=O)[nH]c(=O)c1=C(O)C=CC=CN1CCCOC(CO)C1 1 C=c1oc(=O)[nH]c(=O)c1=CC=CC=CN1CCCOCC1 1.0000000 1.0000 0.8169569 0.8170 0.7331366 4.3417
 | 18.1745 69.6554 42.1838 0.8737440 O=CN1CCCCC(=C(O)C=CC=CN2CCC(=O)NCC2=O)C(=O)N1 1 O=C1CCN(C=CC=CC=C2CCCCNNC2=O)C(=O)CN1 1.0000000 1.0000 0.7280661 0.7281 0.8302497 3.9659
 | 16.7546 59.1601 53.4889 0.8800703 O=C1CNC(=O)C(=C(O)C=CC=CN2CCCCC2=O)CO1 1 O=C1CNC(=O)C(=CC=CC=CN2CCCCC2=O)CO1 1.0000000 1.0000 0.7035889 0.7036 0.8916411 3.6270
 | 9.9357 56.1864 48.5581 0.8183160 CC1CN(C=CC=CC(O)=C2CCCC(=O)C2=O)CC(=O)N1C 1 O=C1CN(C=CC=CC=C2CCCC(=O)C2=O)CCN1 1.0000000 1.0000 0.6121714 0.6122 0.7762844 4.1895
 | 11.4321 61.5494 48.9520 0.8632920 CN1CC(O)N(C=CC=CC(O)=C2C(=O)C(=O)C(O)C2=O)CC1=O 1 O=C1CN(C=CC=CC=C2C(=O)CC(=O)C2=O)CCN1 1.0000000 1.0000 0.8546172 0.8546 0.6512332 4.5932
 | 12.8467 54.6665 58.3428 0.8828853 O=C1CCN(C=CC=CC(O)=C2C(=O)NCC(O)C2=O)CC1 1 O=C1CCN(C=CC=CC=C2C(=O)CCNC2=O)CC1 1.0000000 1.0000 0.7799900 0.7800 0.7985298 4.1029
 | 14.1390 53.6588 50.2170 0.8115295 C=C1CCOCCN1C=CC=CC(O)=C1CCCNC1=O 1 C=C1CCOCCN1C=CC=CC=C1CCCNC1=O 1.0000000 1.0000 0.5449640 0.5450 0.8618598 3.8073
02:45:58 <INFO> Score: 0.78 Agent NLL: 15.86 Valid: 100% Step: 231
 | Agent Prior Target Score SMILES SMILES_state Scaffold DASA DASA (raw) Solubility Solubility (raw) SA SA (raw)
 | 10.6064 45.4959 47.3849 0.7256308 O=C1C=CCC1=C(O)C=CC=CN1CCCCCC1 1 O=C1C=CCC1=CC=CC=CN1CCCCCC1 1.0000000 1.0000 0.3496130 0.3496 0.9177003 3.4290
 | 13.8327 57.7127 53.1944 0.8664613 O=C1CCN(C=CC=CC(O)=C2CC(=O)C(O)NC2=O)C1=O 1 O=C1CNC(=O)C(=CC=CC=CN2CCC(=O)C2=O)C1 1.0000000 1.0000 0.8135512 0.8136 0.7015922 4.4431
 | 17.4249 51.8090 61.0715 0.8818789 N=C1N=CC(=C(O)C=CC=CN2CCNCC2)C1=O 1 N=C1N=CC(=CC=CC=CN2CCNCC2)C1=O 1.0000000 1.0000 0.7477004 0.7477 0.8360733 3.9386
 | 20.3434 64.2910 41.1425 0.8236997 C=c1oc(=O)c(=C(O)C=CC=CN2CC(C)C(=O)C2O)c(=O)[nH]c1=O 1 C=c1oc(=O)c(=CC=CC=CN2CCC(=O)C2)c(=O)[nH]c1=O 1.0000000 1.0000 0.8511269 0.8511 0.5373240 4.9026
 | 12.9884 49.9746 65.3587 0.9010418 CN1CCC(=C(O)C=CC=CN2CNC(=O)C2=O)C1=O 1 O=C1NCN(C=CC=CC=C2CCNC2=O)C1=O 1.0000000 1.0000 0.7938865 0.7939 0.8515667 3.8620
 | 15.4536 57.2265 50.7035 0.8432030 CC1(O)C(=O)C(=O)C(=C(O)C=CC=CN2CC(O)C(O)C2)C1=O 1 O=C1CC(=O)C(=CC=CC=CN2CCCC2)C1=O 1.0000000 1.0000 0.8439414 0.8439 0.5988805 4.7389
 | 20.6129 51.7783 53.8094 0.8249045 C=C1C(=O)CC(=O)C1=C(O)C=CC=CN1CCOCC1CC(=O)OC 1 C=C1C(=O)CC(=O)C1=CC=CC=CN1CCOCC1 1.0000000 1.0000 0.6206499 0.6206 0.7897315 4.1379
 | 10.2263 55.4292 60.0404 0.9021063 CN1CC(=O)N(C=CC=CC(O)=C2CCC(=O)NNC2=O)CC1=O 1 O=C1CN(C=CC=CC=C2CCC(=O)NNC2=O)C(=O)CN1 1.0000000 1.0000 0.7952629 0.7953 0.8540232 3.8492
 | 19.5595 57.7466 47.6940 0.8237550 O=C1CC(O)C2OC(=O)C(=C(O)C=CC=CN3CCCC3=O)C2C1=O 1 O=C1CCC2OC(=O)C(=CC=CC=CN3CCCC3=O)C2C1=O 1.0000000 1.0000 0.7275524 0.7276 0.6488060 4.6001
 | 13.3980 49.9488 64.6002 0.8949137 CC(C=CN1CCOCC1)=CC(O)=C1C(=O)NC(=S)NC1=O 1 O=C1NC(=S)NC(=O)C1=CC=CC=CN1CCOCC1 1.0000000 1.0000 0.7289719 0.7290 0.9167014 3.4376
02:45:59 <INFO> Score: 0.78 Agent NLL: 15.11 Valid: 100% Step: 232
 | Agent Prior Target Score SMILES SMILES_state Scaffold DASA DASA (raw) Solubility Solubility (raw) SA SA (raw)
 | 14.4077 55.1407 54.3348 0.8552777 COC1OC(=C(O)C=CC=CN2CCCNCC2)C1=O 1 O=C1COC1=CC=CC=CN1CCCNCC1 1.0000000 1.0000 0.7160961 0.7161 0.7742558 4.1971
 | 33.2819 77.8587 19.3814 0.7596875 CC=CCC1C=C(CO)CN(C=CC=CC(O)=C2C(=O)C(=O)C(O)C2=O)N1 1 O=C1CC(=O)C(=CC=CC=CN2CC=CCN2)C1=O 1.0000000 1.0000 0.7237809 0.7238 0.4646634 5.0922
 | 10.6650 51.8203 52.4717 0.8147816 O=C1CCN(C=CC=CC(O)=C2C(=O)Nc3ccccc32)C(=O)N1 1 O=C1CCN(C=CC=CC=C2C(=O)Nc3ccccc32)C(=O)N1 1.0000000 1.0000 0.5129670 0.5130 0.9424662 3.1785
 | 10.2307 63.3439 48.7550 0.8757727 CN1CC(=O)N(C=CC=CC(O)=C2C(=O)NC(=O)CCCCOC2=O)CC1=O 1 O=C1CN(C=CC=CC=C2C(=O)NC(=O)CCCCOC2=O)C(=O)CN1 1.0000000 1.0000 0.7279554 0.7280 0.8385290 3.9269
 | 24.2913 57.8188 40.9862 0.7719134 CC1(C)CC(=O)CC(=C(O)C=CC=CN2CC=CCC2C(N)=O)C1=O 1 O=C1CCC(=O)C(=CC=CC=CN2CC=CCC2)C1 1.0000000 1.0000 0.5249305 0.5249 0.7305769 4.3502
 | 14.1667 58.2581 49.3258 0.8404993 CC1CN(C)C(=O)CN1C=CC=CC(O)=C1C(=O)NC(=O)N(C)C1O 1 O=C1CN(C=CC=CC=C2CNC(=O)NC2=O)CCN1 1.0000000 1.0000 0.7563307 0.7563 0.6739115 4.5271
 | 21.6639 57.2344 39.4064 0.7550063 CC(C)CC1CN(C)C(=O)N(C=CC=CC(O)=C2CCNC2=O)C1 1 O=C1NCCC1=CC=CC=CN1CCCNC1=O 1.0000000 1.0000 0.4676653 0.4677 0.7646632 4.2323
 | 8.7191 52.6395 60.5675 0.8844300 CN1CC(=O)N(C=CC=CC(O)=C2CC(=O)CC2=O)CC1=O 1 O=C1CC(=O)C(=CC=CC=CN2CC(=O)NCC2=O)C1 1.0000000 1.0000 0.7434949 0.7435 0.8520263 3.8596
 | 11.8283 58.9357 53.9936 0.8822601 O=C1C=CCN(C=CC=CC(O)=C2CC(=O)C(=O)C2=O)C1=O 1 O=C1C=CCN(C=CC=CC=C2CC(=O)C(=O)C2=O)C1=O 1.0000000 1.0000 0.7574804 0.7575 0.8246320 3.9915
 | 16.1542 55.5791 34.6012 0.7045337 CN1CC(=O)N(C=CC=CC(O)=C2OC3CCC(O3)C2=O)CC1=O 1 O=C1CN(C=CC=CC=C2OC3CCC(O3)C2=O)C(=O)CN1 1.0000000 1.0000 0.7122799 0.7123 0.3451489 5.4172
02:46:00 <INFO> Score: 0.79 Agent NLL: 15.08 Valid: 100% Step: 233
 | Agent Prior Target Score SMILES SMILES_state Scaffold DASA DASA (raw) Solubility Solubility (raw) SA SA (raw)
 | 9.8915 52.0685 -52.0685 0.0000000 CN1C(=O)C(=O)NC(=O)C(=C(O)C=CC=CN2CCOCC2=O)C1=O 1 O=C1NC(=O)C(=CC=CC=CN2CCOCC2=O)C(=O)NC1=O 1.0000000 1.0000 0.8310979 0.8311 0.9168399 3.4364
 | 15.4884 67.9292 38.3697 0.8304605 CSC1=NC(=O)N(C=CC=CC(O)=C2C(=O)NC(=O)NC(O)C2=O)C1 1 O=C1NCC(=O)C(=CC=CC=CN2CC=NC2=O)C(=O)N1 1.0000000 1.0000 0.7256816 0.7257 0.6733555 4.5287
 | 18.7559 60.5901 50.3632 0.8668228 COCCOC1CC(=C(O)C=CC=CN2CCC2)C(=O)NC1=O 1 O=C1CCC(=CC=CC=CN2CCC2)C(=O)N1 1.0000000 1.0000 0.7129785 0.7130 0.8234092 3.9970
 | 11.2967 42.8359 73.4393 0.9083999 O=C1OCCC1=C(O)C=CC=CN(CCO)CCO 1 C=C1CCOC1=O 1.0000000 1.0000 0.7918948 0.7919 0.8838179 3.6782
 | 9.4058 48.1641 -48.1641 0.0000000 CC1=CC(=O)NC(=O)C1=C(O)C=CC=CN1CCOCC1=O 1 O=C1C=CC(=CC=CC=CN2CCOCC2=O)C(=O)N1 1.0000000 1.0000 0.7246714 0.7247 0.8924541 3.6215
 | 19.7826 63.9141 39.1214 0.8049646 CCC1=CC=CCN1C=CC=CC(O)=C1C(=O)CC(=O)N(C)C1=O 1 O=C1CC(=O)C(=CC=CC=CN2C=CC=CC2)C(=O)N1 1.0000000 1.0000 0.5291604 0.5292 0.8628946 3.8016
 | 21.2920 66.8898 34.7368 0.7939582 CN1N=CC(=C(O)C=CC=CN2CC=CC=N2)C(=O)N(C)C1=S 1 O=C1NC(=S)NN=CC1=CC=CC=CN1CC=CC=N1 1.0000000 1.0000 0.5970048 0.5970 0.7046554 4.4335
 | 12.1237 56.9023 56.5970 0.8867132 CN1CCN(C=CC=CC(O)=C2CC(=O)CN(C)C2=O)CC1=O 1 O=C1CNC(=O)C(=CC=CC=CN2CCNC(=O)C2)C1 1.0000000 1.0000 0.7355883 0.7356 0.8724241 3.7476
 | 14.7049 51.2822 49.9546 0.7909121 CC1CN(C=CC=CC(O)=C2CCCNC2=O)C(=O)CS1 1 O=C1NCCCC1=CC=CC=CN1CCSCC1=O 1.0000000 1.0000 0.5705099 0.5705 0.7321882 4.3448
 | 11.2852 42.4943 63.7004 0.8296465 O=C1CCCCC1=C(O)C=CC=CN1CCS(=O)(=O)CC1 1 O=C1CCCCC1=CC=CC=CN1CCS(=O)(=O)CC1 1.0000000 1.0000 0.5684154 0.5684 0.8989840 3.5760
02:46:00 <INFO> Score: 0.79 Agent NLL: 14.93 Valid:  99% Step: 234
 | Agent Prior Target Score SMILES SMILES_state Scaffold DASA DASA (raw) Solubility Solubility (raw) SA SA (raw)
 | 20.0208 55.6988 54.1476 0.8581747 O=C1C=CC=NC1=C(O)C=C(O)C=CN1CCS(=O)(=O)CC1 1 O=C1C=CC=NC1=CC=CC=CN1CCS(=O)(=O)CC1 1.0000000 1.0000 0.6817048 0.6817 0.8331102 3.9526
 | 16.7174 44.2139 66.8710 0.8678512 CC1CC(=C(O)C=CC=CN(C)CCO)C(=O)NC1=O 1 C=C1CCC(=O)NC1=O 1.0000000 1.0000 0.7425596 0.7426 0.7881204 4.1442
 | 9.2874 53.5592 53.6150 0.8372989 CC1CN(C)C(=O)CN1C=CC=CC(O)=C1CCCNC1=O 1 O=C1CN(C=CC=CC=C2CCCNC2=O)CCN1 1.0000000 1.0000 0.6668983 0.6669 0.7713060 4.2080
 | 15.2326 57.4113 56.5570 0.8903770 CN1C(=O)CC(=C(O)C=CC=CN2CCC(=O)N2)C1=O 1 O=C1CC(=CC=CC=CN2CCC(=O)N2)C(=O)N1 1.0000000 1.0000 0.7692122 0.7692 0.8413083 3.9134
 | 10.2789 60.1639 53.2666 0.8861757 CC1C(=O)N(C=CC=CC(O)=C2C(=O)CC(=O)NC2=O)CC(=O)N1C 1 O=C1CN(C=CC=CC=C2C(=O)CC(=O)NC2=O)C(=O)CN1 1.0000000 1.0000 0.7832523 0.7833 0.8070517 4.0678
 | 21.7087 71.7048 34.1686 0.8271357 COC(=O)CC1NC(=O)C(=C(O)C=CC=CN2CC(=O)N(C)CC2O)CN1C 1 O=C1CN(C=CC=CC=C2CNCNC2=O)CCN1 1.0000000 1.0000 0.7846299 0.7846 0.6028714 4.7281
 | 13.9196 50.7984 50.8768 0.7943378 O=C1CCCC(=O)C1=C(O)C=CC=CN1CCCCC(CO)C1 1 O=C1CCCC(=O)C1=CC=CC=CN1CCCCCC1 1.0000000 1.0000 0.4911273 0.4911 0.8924608 3.6215
 | 19.4299 69.5577 -69.5577 0.0000000 N1C(=O)C(=C(O)C=CC=CN2CC(C)CCC2)C(=O)OCCCCO 0 -- 0.0000000 0.0000 0.0000000 0.0000 0.0000000 0.0000
 | 9.9181 53.5050 62.4569 0.9059526 CN1CCN(C=CC=CC(O)=C2C(=O)CCNC2=O)CC1=O 1 O=C1CN(C=CC=CC=C2C(=O)CCNC2=O)CCN1 1.0000000 1.0000 0.7708155 0.7708 0.9026150 3.5495
 | 21.7026 66.6058 38.6242 0.8221093 O=C1CC(O)NC(=O)C(=C(O)C=CC=CN2CC(O)CO2)N1 1 O=C1CCNC(=O)C(=CC=CC=CN2CCCO2)N1 1.0000000 1.0000 0.8492872 0.8493 0.5343658 4.9103
02:46:01 <INFO> Score: 0.79 Agent NLL: 14.40 Valid: 100% Step: 235
 | Agent Prior Target Score SMILES SMILES_state Scaffold DASA DASA (raw) Solubility Solubility (raw) SA SA (raw)
 | 11.3924 57.3829 53.0534 0.8627838 CN1CC(=O)C(=C(O)C=CC=CN2CC=CO2)C1=O 1 O=C1CNC(=O)C1=CC=CC=CN1CC=CO1 1.0000000 1.0000 0.7231772 0.7232 0.7937698 4.1220
 | 13.6192 58.2895 40.2761 0.7700441 CC(=O)NC1CCCC(=C(O)C=CC=CN2CCOC(C)(C)C2)C1=O 1 O=C1CCCCC1=CC=CC=CN1CCOCC1 1.0000000 1.0000 0.4790039 0.4790 0.8071585 4.0674
 | 11.6554 48.4137 59.9158 0.8463243 O=C1C(=C(O)C=CC=CN2CCCC2=O)CCC1O 1 O=C1CCCC1=CC=CC=CN1CCCC1=O 1.0000000 1.0000 0.6675105 0.6675 0.8059442 4.0724
 | 16.6506 60.0664 56.0542 0.9071925 O=C1NCCN(C=CC=CC(O)=C2C(=O)CNC2=O)CN1 1 O=C1NCCN(C=CC=CC=C2C(=O)CNC2=O)CN1 1.0000000 1.0000 0.8175526 0.8176 0.8458996 3.8907
 | 16.8017 59.1095 54.3198 0.8861662 NC1CN(C=CC=CC(O)=C2CCCN(C=O)C2=O)C1 1 O=C1NCCCC1=CC=CC=CN1CCC1 1.0000000 1.0000 0.7529566 0.7530 0.8461355 3.8895
 | 14.8524 65.5284 41.5729 0.8367286 N=C1C(=O)CCCC(=C(O)C=CC=CN2CCCNCC2)C1=O 1 N=C1C(=O)CCCC(=CC=CC=CN2CCCNCC2)C1=O 1.0000000 1.0000 0.5944978 0.5945 0.8828261 3.6844
 | 12.5941 53.2395 53.6228 0.8348616 NC1C=CCN(C=CC=CC(O)=C2CC(=O)C(=O)CC2=O)C1=O 1 O=C1CC(=O)C(=CC=CC=CN2CC=CCC2=O)CC1=O 1.0000000 1.0000 0.7359120 0.7359 0.6770018 4.5179
 | 17.0775 53.2825 54.9861 0.8458484 O=C(O)CC1CNN(C=CC=CC(O)=C2CCNC2=O)C1 1 O=C1NCCC1=CC=CC=CN1CCCN1 1.0000000 1.0000 0.7487367 0.7487 0.7005414 4.4464
 | 10.6600 55.7075 55.1588 0.8661433 CN1CC(O)CN(C=CC=CC(O)=C2CCCC(=O)NC2=O)CC1=O 1 O=C1CN(C=CC=CC=C2CCCC(=O)NC2=O)CCCN1 1.0000000 1.0000 0.7344356 0.7344 0.7920133 4.1290
 | 12.5812 66.4530 44.2397 0.8647868 O=C1NC(=O)C(=C(O)C=CC=CN2CCCNC2)CCC1=CCO 1 C=C1CCC(=CC=CC=CN2CCCNC2)C(=O)NC1=O 1.0000000 1.0000 0.6990125 0.6990 0.8349032 3.9442
02:46:02 <INFO> Score: 0.79 Agent NLL: 15.84 Valid:  99% Step: 236
 | Agent Prior Target Score SMILES SMILES_state Scaffold DASA DASA (raw) Solubility Solubility (raw) SA SA (raw)
 | 13.0869 52.2614 55.9350 0.8452844 CC1=NN(C)C(=O)C1=C(O)C=CC=CN1CCCC(N)C1 1 O=C1NN=CC1=CC=CC=CN1CCCCC1 1.0000000 1.0000 0.6566650 0.6567 0.8177099 4.0222
 | 10.2703 55.8211 54.8884 0.8649179 CN1CC(O)CN(C=CC=CC(O)=C2CCC(=O)N(C)C2=O)CC1=O 1 O=C1CN(C=CC=CC=C2CCC(=O)NC2=O)CCCN1 1.0000000 1.0000 0.7381521 0.7382 0.7825632 4.1657
 | 15.7593 65.0111 46.7254 0.8729417 C=C1C(=O)NC(=O)C(=C(O)C=CC=CN2CCC(C(=O)OC)C2=O)C(=O)C1=O 1 C=C1C(=O)NC(=O)C(=CC=CC=CN2CCCC2=O)C(=O)C1=O 1.0000000 1.0000 0.7592517 0.7593 0.7864571 4.1507
 | 9.3485 48.4607 55.3629 0.8111222 NC1CCN(C=CC=CC(O)=C2CCCCC2=O)C1 1 O=C1CCCCC1=CC=CC=CN1CCCC1 1.0000000 1.0000 0.5597890 0.5598 0.8327855 3.9541
 | 14.9580 50.3186 56.4719 0.8343012 COC1C(=O)C(=C(O)C=CC=CN2CCCCCC2)C1=O 1 O=C1CC(=O)C1=CC=CC=CN1CCCCCC1 1.0000000 1.0000 0.5666990 0.5667 0.9237047 3.3754
 | 13.2413 55.1725 54.5244 0.8570065 CN1CC(=O)N(C=CC=CC(O)=C2C(=O)NC2S)CC1=O 1 O=C1CN(C=CC=CC=C2CNC2=O)C(=O)CN1 1.0000000 1.0000 0.7807838 0.7808 0.7038763 4.4360
 | 11.3092 49.0411 68.0363 0.9146677 O=C1CN(C=CC=CC(O)=C2C(=O)CCNC2=O)CCN1 1 O=C1CN(C=CC=CC=C2C(=O)CCNC2=O)CCN1 1.0000000 1.0000 0.8026043 0.8026 0.8951676 3.6029
 | 12.8349 58.5021 51.3122 0.8579243 O=C1CC(=C(O)C=CC=CN2CCCCC2)C(=O)C(=NCCO)C1=O 1 N=C1C(=O)C(=O)CC(=CC=CC=CN2CCCCC2)C1=O 1.0000000 1.0000 0.6569460 0.6569 0.8698614 3.7624
 | 22.5079 61.6806 36.1492 0.7642948 NC1(CO)CCN(C=CC=CC(O)=C2CCC3C(CC(O)C3O)C2=O)CC1 1 O=C1C(=CC=CC=CN2CCCCC2)CCC2CCCC12 1.0000000 1.0000 0.6756011 0.6756 0.5176873 4.9539
 | 12.0353 59.4787 56.6377 0.9071593 CN1CC(=O)N(C=CC=CC(O)=C2C(=O)CONC2=O)CC1=O 1 O=C1CN(C=CC=CC=C2C(=O)CONC2=O)C(=O)CN1 1.0000000 1.0000 0.8217351 0.8217 0.8406065 3.9168
02:46:02 <INFO> Score: 0.77 Agent NLL: 14.53 Valid: 100% Step: 237
 | Agent Prior Target Score SMILES SMILES_state Scaffold DASA DASA (raw) Solubility Solubility (raw) SA SA (raw)
 | 13.3899 55.0430 54.1460 0.8530389 CCCC1CN(C=CC(O)=CC(O)=C2C(=O)NC(=O)C2=O)C(=O)O1 1 O=C1NC(=O)C(=CC=CC=CN2CCOC2=O)C1=O 1.0000000 1.0000 0.6931809 0.6932 0.7962569 4.1120
 | 20.2490 64.3678 36.4950 0.7879907 O=C1NNC(C=CN2CCCCC2)=CC1=C(O)C=CC=CN1CCC(O)C1 1 O=C1NNC(C=CN2CCCCC2)=CC1=CC=CC=CN1CCCC1 1.0000000 1.0000 0.5761551 0.5762 0.7124287 4.4090
 | 14.9297 54.8039 54.8806 0.8569100 CC1(O)C(=O)CC(=C(O)C=CC=CN2CCC2)C(=O)C1=O 1 O=C1CC(=O)C(=O)C(=CC=CC=CN2CCC2)C1 1.0000000 1.0000 0.7244158 0.7244 0.7697371 4.2138
 | 18.7888 69.0431 43.9388 0.8826713 CCOC1OC(=O)C(=C(O)C=CC=CN2CCNC(=O)CC2)C(=O)NC1=O 1 O=C1CCN(C=CC=CC=C2C(=O)NC(=O)COC2=O)CCN1 1.0000000 1.0000 0.7711090 0.7711 0.8087549 4.0607
 | 12.7510 57.2311 50.3979 0.8408522 CC1CN(C)C(=O)CN1C=CC=CC(O)=C1CNN(C)C1=O 1 O=C1CN(C=CC=CC=C2CNNC2=O)CCN1 1.0000000 1.0000 0.7494849 0.7495 0.6825072 4.5014
 | 18.1689 58.5421 51.0063 0.8558462 COC1=CC(=O)C(=C(O)C=CC=CN2CC=C(C(C)=O)CC2)C(=O)NC1=O 1 O=C1C=CC(=O)C(=CC=CC=CN2CC=CCC2)C(=O)N1 1.0000000 1.0000 0.6432187 0.6432 0.8831443 3.6824
 | 14.4130 56.0587 56.6029 0.8801688 O=C1NN(CCCCO)C(=O)C(=O)C1=C(O)C=CC=CN1CCCCC1 1 O=C1NNC(=O)C(=CC=CC=CN2CCCCC2)C1=O 1.0000000 1.0000 0.6919228 0.6919 0.9101396 3.4917
 | 10.8093 47.1328 -47.1328 0.0000000 O=C1CN(C=CC=CC(O)=C2OC=CC2=O)CCN1 1 O=C1CN(C=CC=CC=C2OC=CC2=O)CCN1 1.0000000 1.0000 0.7492202 0.7492 0.8173010 4.0240
 | 16.4605 49.1260 49.9042 0.7736740 COC1OC(=C(O)C=CC=CN2CCCC(C)C2)C1=O 1 O=C1COC1=CC=CC=CN1CCCCC1 1.0000000 1.0000 0.5424657 0.5425 0.7090825 4.4196
 | 13.2392 61.2843 41.2373 0.8009504 O=C1NCCCC1=C(O)C=CC=CN1CCCNS1=O 1 O=C1NCCCC1=CC=CC=CN1CCCNS1=O 1.0000000 1.0000 0.7007805 0.7008 0.6031777 4.7272
02:46:03 <INFO> Score: 0.81 Agent NLL: 14.82 Valid: 100% Step: 238
 | Agent Prior Target Score SMILES SMILES_state Scaffold DASA DASA (raw) Solubility Solubility (raw) SA SA (raw)
 | 15.8326 73.0469 29.8766 0.8040895 CN1CC(=O)N(C=CC=CC(O)=C2C(=O)NC(=O)C3(C(=O)C(=O)C(N)C3=O)C2=O)CC1=O 1 O=C1CN(C=CC=CC=C2C(=O)NC(=O)C3(C(=O)CC(=O)C3=O)C2=O)C(=O)CN1 1.0000000 1.0000 0.8800575 0.8801 0.4665145 5.0874
 | 15.8569 52.7083 43.7628 0.7536809 C=C1C(=O)OCC(=C(O)C=C(O)C=CN2CCCCCCC2)C1=O 1 C=C1C(=O)OCC(=CC=CC=CN2CCCCCCC2)C1=O 1.0000000 1.0000 0.4076411 0.4076 0.8950636 3.6036
 | 19.2557 65.1936 41.9239 0.8368556 CN1C=CC(=C(O)C=CC=CN2CCCNC(=CCO)C2)C1=O 1 C=C1CN(C=CC=CC=C2C=CNC2=O)CCCN1 1.0000000 1.0000 0.6571070 0.6571 0.7833736 4.1626
 | 11.2499 49.1633 46.3239 0.7459932 O=C1CCC(=C(O)C=CC=CN2C=CCCC2)C(=O)C1 1 O=C1CCC(=CC=CC=CN2C=CCCC2)C(=O)C1 1.0000000 1.0000 0.4270267 0.4270 0.8108501 4.0518
 | 12.4456 60.5437 -60.5437 0.0000000 CC1C(=O)N(C=CC=CC(O)=C2C(=O)NC(=O)C2=O)CC(=O)N1C 1 O=C1CN(C=CC=CC=C2C(=O)NC(=O)C2=O)C(=O)CN1 1.0000000 1.0000 0.8160789 0.8161 0.8139968 4.0383
 | 10.1749 48.5156 58.1734 0.8335073 C=C1C(=O)OC(=C(O)C=CC=CN2CCCC(CO)C2)C1=O 1 C=C1C(=O)OC(=CC=CC=CN2CCCCC2)C1=O 1.0000000 1.0000 0.6455078 0.6455 0.7869332 4.1489
 | 25.9140 75.8144 27.9844 0.8109279 O=C(O)C1CCN(C=CC=CC(O)=C2C(=O)C(O)C(=O)C3OC3(O)C2=O)C1 1 O=C1CC(=O)C2OC2C(=O)C1=CC=CC=CN1CCCC1 1.0000000 1.0000 0.8162754 0.8163 0.5290800 4.9241
 | 16.3765 55.3752 56.5165 0.8741538 O=C1CC(=O)C(=C(O)C=CC=CN2C(=O)OCC2C(=O)O)C1=O 1 O=C1CC(=O)C(=CC=CC=CN2CCOC2=O)C1=O 1.0000000 1.0000 0.7561211 0.7561 0.7949858 4.1171
 | 13.6087 60.6568 51.2396 0.8741912 O=C1CC(=O)C(=C(O)C=C(O)C=CN2CC(=O)NNC2=O)C1 1 O=C1CC(=O)C(=CC=CC=CN2CC(=O)NNC2=O)C1 1.0000000 1.0000 0.7687947 0.7688 0.7794256 4.1777
 | 11.3581 52.6634 -52.6634 0.0000000 CN1C(=O)OCC(=C(O)C=CC=CN2CCC2)C1=O 1 O=C1NC(=O)C(=CC=CC=CN2CCC2)CO1 1.0000000 1.0000 0.6703549 0.6704 0.8948749 3.6049
02:46:03 <INFO> Sampled SMILES O=C1C(=C(O)C=CC=CN2CC(C)CCCC2N)OC(C)=O1 failed to sanitize.
02:46:04 <INFO> Score: 0.71 Agent NLL: 16.15 Valid:  99% Step: 239
 | Agent Prior Target Score SMILES SMILES_state Scaffold DASA DASA (raw) Solubility Solubility (raw) SA SA (raw)
 | 13.8829 46.6594 -46.6594 0.0000000 CN(C)C=CC=CC(O)=C1C(=O)NNC1=O 1 C=C1C(=O)NNC1=O 1.0000000 1.0000 0.8275314 0.8275 0.8949926 3.6041
 | 11.4703 62.4603 52.0388 0.8945244 O=C1CCC(=O)C(=C(O)C=CC=CN2CN=CN2)C(=O)N1 1 O=C1CCC(=O)C(=CC=CC=CN2CN=CN2)C(=O)N1 1.0000000 1.0000 0.7837788 0.7838 0.8387934 3.9256
 | 9.1871 49.8186 -49.8186 0.0000000 CN1CC(=O)N(C=CC=CC(O)=C2CCCCCC2=O)CC1=O 1 O=C1CN(C=CC=CC=C2CCCCCC2=O)C(=O)CN1 1.0000000 1.0000 0.5686815 0.5687 0.9093766 3.4977
 | 14.6444 57.8996 43.2692 0.7903812 O=C1CCCC(=C(O)C=CC=CN2CC(S)CC2=O)C1=O 1 O=C1CCCC(=CC=CC=CN2CCCC2=O)C1=O 1.0000000 1.0000 0.5740673 0.5741 0.7247002 4.3695
 | 11.3360 50.2671 60.2650 0.8635313 O=C1NCCC1=C(O)C=CC=CN1CCCCC1=O 1 O=C1NCCC1=CC=CC=CN1CCCCC1=O 1.0000000 1.0000 0.6467047 0.6467 0.9110051 3.4848
 | 22.5197 65.6949 40.5533 0.8300641 CCN(C=C1NC(=O)C(=C(O)C=CC=CN2CCN(CCO)C(C)C2)C1=O)CC 1 C=C1NC(=O)C(=CC=CC=CN2CCNCC2)C1=O 1.0000000 1.0000 0.6526690 0.6527 0.7631981 4.2376
 | 10.1134 51.3978 -51.3978 0.0000000 C=C1NC(=O)C(=C(O)C=CC=CN2CCNC(=O)C2)C1=O 1 C=C1NC(=O)C(=CC=CC=CN2CCNC(=O)C2)C1=O 1.0000000 1.0000 0.7957215 0.7957 0.8645314 3.7926
 | 20.0840 70.7933 32.4681 0.8067296 COC1NC(=O)C(=C(O)C=CC=CN2CC(=O)N(C)CC(N)C2=O)C(N)N1 1 O=C1CN(C=CC=CC=C2CNCNC2=O)C(=O)CCN1 1.0000000 1.0000 0.8682182 0.8682 0.4807320 5.0502
 | 17.6957 55.0650 51.3678 0.8315061 CC1OC(=C(O)C=CC=CN2CCCNCC2)C(=O)CC1=O 1 O=C1COC(=CC=CC=CN2CCCNCC2)C(=O)C1 1.0000000 1.0000 0.6528595 0.6529 0.7685131 4.2183
 | 18.0194 56.9365 45.6404 0.8013820 C=C1COC(=C(O)C=CC=CN2CC=CC(N)C2=O)C1=O 1 C=C1COC(=CC=CC=CN2CC=CCC2=O)C1=O 1.0000000 1.0000 0.7019834 0.7020 0.6033010 4.7269
02:46:04 <INFO> Score: 0.73 Agent NLL: 14.70 Valid: 100% Step: 240
 | Agent Prior Target Score SMILES SMILES_state Scaffold DASA DASA (raw) Solubility Solubility (raw) SA SA (raw)
 | 28.5846 78.2408 33.0926 0.8697924 CC(=O)NC1(C(=O)NC2=CC(=C(O)C=CC=CN3CC(=O)N(C)CC3=O)C(=O)NN2)CCCC1 1 O=C1CN(C=CC=CC=C2C=C(NC(=O)C3CCCC3)NNC2=O)C(=O)CN1 1.0000000 1.0000 0.7184533 0.7185 0.8276893 3.9777
 | 6.7915 43.6450 -43.6450 0.0000000 O=C1CCCC(=C(O)C=CC=CN2CCCCC2)C1=O 1 O=C1CCCC(=CC=CC=CN2CCCCC2)C1=O 1.0000000 1.0000 0.4475675 0.4476 0.9319948 3.2947
 | 22.2655 49.7917 59.1389 0.8510202 COCC1COC(=O)C(=C(O)C=CC=CN(C)OC)C1=O 1 C=C1C(=O)CCOC1=O 1.0000000 1.0000 0.7136839 0.7137 0.7612731 4.2445
 | 8.1866 56.4007 58.3786 0.8967140 C=C1NC(=O)C(=C(O)C=CC=CN2CCN(C)C(=O)C2)C1=O 1 C=C1NC(=O)C(=CC=CC=CN2CCNC(=O)C2)C1=O 1.0000000 1.0000 0.7630553 0.7631 0.8751436 3.7315
 | 10.7471 52.2060 42.7035 0.7414807 CN1CCCC(=C(O)C=CC=CN2C=CC=CCC2)C1=O 1 O=C1NCCCC1=CC=CC=CN1C=CC=CCC1 1.0000000 1.0000 0.4023352 0.4023 0.8490117 3.8750
 | 11.6039 55.0784 55.2915 0.8622650 O=C1CCC(=C(O)C=CC=CN2CC=CCC2=O)C(=O)NC1=O 1 O=C1CCC(=CC=CC=CN2CC=CCC2=O)C(=O)NC1=O 1.0000000 1.0000 0.6864409 0.6864 0.8428833 3.9057
 | 20.4299 66.8855 35.1293 0.7969906 CC1(CO)CC(=C(O)C=CC=CN2CN=CNC2=S)C(=O)NC1=O 1 O=C1CCC(=CC=CC=CN2CN=CNC2=S)C(=O)N1 1.0000000 1.0000 0.7203072 0.7203 0.5715868 4.8122
 | 25.7485 64.7604 31.1698 0.7494551 CC12OC(=O)C1(C)C(=O)C(=C(O)C=CC=CN1CCOS(=O)(=O)C1=O)C2=O 1 O=C1C(=CC=CC=CN2CCOS(=O)(=O)C2=O)C(=O)C2C(=O)OC12 1.0000000 1.0000 0.6759187 0.6759 0.4764948 5.0613
 | 10.3968 48.5878 61.6771 0.8614445 C=C1C(=O)CCC(=C(O)C=CC=CN2CCNC(=O)C2)C1=O 1 C=C1C(=O)CCC(=CC=CC=CN2CCNC(=O)C2)C1=O 1.0000000 1.0000 0.6843272 0.6843 0.8426325 3.9069
 | 24.6960 59.2088 53.7490 0.8824833 CNCCCCN1C(=O)NC(=O)C(=C(O)C=CC=CN2CN(C)CC2C(=O)O)C1=O 1 O=C1NC(=O)C(=CC=CC=CN2CCNC2)C(=O)N1 1.0000000 1.0000 0.7461069 0.7461 0.8406323 3.9167
02:46:05 <INFO> Score: 0.74 Agent NLL: 14.96 Valid: 100% Step: 241
 | Agent Prior Target Score SMILES SMILES_state Scaffold DASA DASA (raw) Solubility Solubility (raw) SA SA (raw)
 | 19.4652 63.8727 43.5384 0.8391499 CCN1NC(=O)C(=C(O)C=CC=CN2CCC(N)(CO)CC2=O)C1=N 1 N=C1NNC(=O)C1=CC=CC=CN1CCCCC1=O 1.0000000 1.0000 0.7711639 0.7712 0.6539584 4.5854
 | 9.4322 55.2117 58.8529 0.8911295 NC1=NC(=O)CCN1C=CC=CC(O)=C1CCNC1=O 1 O=C1CCN(C=CC=CC=C2CCNC2=O)C=N1 1.0000000 1.0000 0.7741692 0.7742 0.8378155 3.9303
 | 19.8809 64.0944 48.4733 0.8794352 O=C1CC(=C(O)C=CC=CN2CC(=O)N(O)C2)C1=O 1 O=C1CN(C=CC=CC=C2CC(=O)C2=O)CN1 1.0000000 1.0000 0.7840147 0.7840 0.7806691 4.1729
 | 25.1654 72.0195 31.0216 0.8050089 CCC1(C)CN(C=CC=CC(O)=C2C(=O)NNNC2=O)C(=N)CO1 1 N=C1COCCN1C=CC=CC=C1C(=O)NNNC1=O 1.0000000 1.0000 0.7368709 0.7369 0.5800872 4.7895
 | 10.5011 56.1890 -56.1890 0.0000000 O=C1CCN(C=CC=CC(O)=C2C(=O)CNC2=O)C(=O)N1 1 O=C1CCN(C=CC=CC=C2C(=O)CNC2=O)C(=O)N1 1.0000000 1.0000 0.7947950 0.7948 0.8933238 3.6156
 | 22.6529 67.8046 28.2997 0.7508144 O=C1C(C=CC=CN2CCNC2=O)=NOC1=C(O)C=C(O)C=CN1CCCCC1 1 O=C1C(=CC=CC=CN2CCCCC2)ON=C1C=CC=CN1CCNC1=O 1.0000000 1.0000 0.4566905 0.4567 0.7685825 4.2181
 | 8.0237 47.6069 66.8041 0.8938355 O=C1CN(C=CC=CC(O)=C2CCCC(=O)NC2=O)CCN1 1 O=C1CN(C=CC=CC=C2CCCC(=O)NC2=O)CCN1 1.0000000 1.0000 0.7407372 0.7407 0.8947152 3.6060
 | 16.8003 57.0129 55.7830 0.8812177 COCCN1CCN(C=CC=CC(O)=C2CC(=O)CC2=O)C(=O)C1 1 O=C1CC(=O)C(=CC=CC=CN2CCNCC2=O)C1 1.0000000 1.0000 0.7029186 0.7029 0.8975600 3.5861
 | 15.1063 62.2048 50.8112 0.8829369 O=C1CC(=C2C(=O)NC(=O)C(=C(O)C=CC=CN3CCCCC3)C2=O)C(=O)N1 1 O=C1CC(=C2C(=O)NC(=O)C(=CC=CC=CN3CCCCC3)C2=O)C(=O)N1 1.0000000 1.0000 0.7016825 0.7017 0.9068509 3.5175
 | 8.9146 48.6928 64.1849 0.8818567 O=C1CCC(=C(O)C=CC=CN2CCOCC2=O)C1=O 1 O=C1CCC(=CC=CC=CN2CCOCC2=O)C1=O 1.0000000 1.0000 0.7140465 0.7140 0.8834864 3.6803
02:46:06 <INFO> Score: 0.73 Agent NLL: 15.07 Valid: 100% Step: 242
 | Agent Prior Target Score SMILES SMILES_state Scaffold DASA DASA (raw) Solubility Solubility (raw) SA SA (raw)
 | 13.4804 57.3556 52.6889 0.8597230 CC1=CC(=O)NC(=O)C(=C(O)C=CC=CN2CCCC2=O)O1 1 O=C1C=COC(=CC=CC=CN2CCCC2=O)C(=O)N1 1.0000000 1.0000 0.6589207 0.6589 0.8743919 3.7360
 | 19.9724 64.8428 40.6599 0.8242397 COC1=C(Cl)C(=C(O)C=CC=CN2CC(=O)N(C)CC2C)C(=O)NC1=O 1 O=C1C=CC(=CC=CC=CN2CCNC(=O)C2)C(=O)N1 1.0000000 1.0000 0.6343646 0.6344 0.7666869 4.2250
 | 12.9091 72.0937 38.6318 0.8650428 O=C1NC(=O)C(=C(O)C=CC=CN2CCOOCC2)C(=O)C(O)N1 1 O=C1NCC(=O)C(=CC=CC=CN2CCOOCC2)C(=O)N1 1.0000000 1.0000 0.8081044 0.8081 0.7024201 4.4405
 | 12.0527 56.6544 49.0979 0.8261895 O=C1CCCC(=C(O)C=CC=CN2CCC(=NO)C2)C1=O 1 N=C1CCN(C=CC=CC=C2CCCC(=O)C2=O)C1 1.0000000 1.0000 0.5855419 0.5855 0.8524423 3.8574
 | 10.0093 47.1051 -47.1051 0.0000000 O=C1CCN(C=CC=CC(O)=C2CCCCC2=O)C(=O)C1 1 O=C1CCN(C=CC=CC=C2CCCCC2=O)C(=O)C1 1.0000000 1.0000 0.5170497 0.5170 0.9031707 3.5454
 | 17.6504 54.6365 51.3988 0.8284012 NC1CCN(C=CC=CC(O)=C2CCCCCNC2=O)C1 1 O=C1NCCCCCC1=CC=CC=CN1CCCC1 1.0000000 1.0000 0.6024348 0.6024 0.8331420 3.9524
 | 14.1867 60.1599 51.5377 0.8726373 COC1NC(=O)C(=C(O)C=CC=CN2CC(=O)N(C)C2=O)C(=O)C1=O 1 O=C1CN(C=CC=CC=C2C(=O)NCC(=O)C2=O)C(=O)N1 1.0000000 1.0000 0.7995464 0.7995 0.7380561 4.3252
 | 12.5727 72.5394 35.3665 0.8430151 CC(O)=C1CCC(=C(O)C=CC=CN2CCN(C)C(=O)C2)C(=O)NC1=O 1 C=C1CCC(=CC=CC=CN2CCNC(=O)C2)C(=O)NC1=O 1.0000000 1.0000 0.6288405 0.6288 0.8516474 3.8616
 | 13.8768 56.8891 54.6755 0.8715980 N=C1C(=O)C(=O)C(=C(O)C=CC=CN2CCCC2C(=O)O)C1=O 1 N=C1C(=O)C(=O)C(=CC=CC=CN2CCCC2)C1=O 1.0000000 1.0000 0.7366760 0.7367 0.8102077 4.0545
 | 11.7068 58.9786 45.4853 0.8161240 CC1=CN(C=CC=CC(O)=C2C(=O)N(C)C2=O)CC(C)(C)O1 1 O=C1NC(=O)C1=CC=CC=CN1C=COCC1 1.0000000 1.0000 0.5602100 0.5602 0.8537976 3.8504
02:46:06 <INFO> Sampled SMILES O=C1C(=C(O)C=CC=CN2CCN(C)CCC2)C(=O)C(=O)c1O1CCOCCC1 failed to sanitize.
02:46:06 <INFO> Score: 0.73 Agent NLL: 16.58 Valid:  99% Step: 243
 | Agent Prior Target Score SMILES SMILES_state Scaffold DASA DASA (raw) Solubility Solubility (raw) SA SA (raw)
 | 12.9191 58.7858 41.9941 0.7873434 O=C1C(=CN2CCOCC2)CCCC1=C(O)C=CC=CN1CCCNCC1 1 O=C1C(=CC=CC=CN2CCCNCC2)CCCC1=CN1CCOCC1 1.0000000 1.0000 0.4774066 0.4774 0.8896587 3.6403
 | 9.7736 50.4508 56.6809 0.8369664 CN1CCN(C=CC=CC(O)=C2C(=O)C(=O)c3ccccc3C2=O)CC1=O 1 O=C1CN(C=CC=CC=C2C(=O)C(=O)c3ccccc3C2=O)CCN1 1.0000000 1.0000 0.5640433 0.5640 0.9414535 3.1906
 | 12.1251 17.4048 -17.3869 0.0001402 CN1C(=O)c2ccccc2C1=O 1 O=C1NC(=O)c2ccccc21 0.0000000 0.0000 0.7065478 0.7065 0.9944529 1.6197
 | 15.9307 58.8441 37.5914 0.7534021 C=C1CC(=C(O)C=CC=CN2C=C(C)OCCC2)C(=O)N1 1 C=C1CC(=CC=CC=CN2C=COCCC2)C(=O)N1 1.0000000 1.0000 0.4719897 0.4720 0.7495379 4.2859
 | 11.7781 53.3925 50.0341 0.8080204 O=C1C(=C(O)C=CC=CN2C=CCCC2)CCCN1CCO 1 O=C1NCCCC1=CC=CC=CN1C=CCCC1 1.0000000 1.0000 0.5382843 0.5383 0.8589340 3.8232
 | 16.7802 31.8238 -31.8059 0.0001397 C=C1C=C(C)C(=CC=C2C(=O)NC(=O)NC2=O)C1=O 1 C=C1C=CC(=CC=C2C(=O)NC(=O)NC2=O)C1=O 0.0000000 0.0000 0.7445769 0.7446 0.9194527 3.4138
 | 17.8886 61.2143 48.7156 0.8588271 CCN1CCN(C=CC=CC(O)=C2CCCC(=O)NC2=O)C(O)C1=O 1 O=C1CN(C=CC=CC=C2CCCC(=O)NC2=O)CCN1 1.0000000 1.0000 0.7136830 0.7137 0.7910385 4.1328
 | 25.0322 66.2867 29.8460 0.7510368 CC1(O)CC(=O)ON(C=CC=CC(O)=C2CC(O)CC=CC2=O)C1 1 O=C1CCCN(C=CC=CC=C2CCCC=CC2=O)O1 1.0000000 1.0000 0.6322000 0.6322 0.5208968 4.9455
 | 11.2554 54.2177 59.9837 0.8921982 O=C1CN(C=CC=CC(O)=C2CCCNC2=O)C(=O)NN1 1 O=C1CN(C=CC=CC=C2CCCNC2=O)C(=O)NN1 1.0000000 1.0000 0.7715295 0.7715 0.8455018 3.8927
 | 13.5636 54.0306 -54.0306 0.0000000 O=C1CNC(=O)C1=C(O)C=CC=CN1CC=CC1=O 1 O=C1CNC(=O)C1=CC=CC=CN1CC=CC1=O 1.0000000 1.0000 0.7817942 0.7818 0.8544350 3.8471
02:46:07 <INFO> Score: 0.70 Agent NLL: 14.61 Valid: 100% Step: 244
 | Agent Prior Target Score SMILES SMILES_state Scaffold DASA DASA (raw) Solubility Solubility (raw) SA SA (raw)
 | 21.5471 69.1775 39.0932 0.8458650 CC1CNC(=O)C(=C(O)C=CC=CN2CC(C(=O)O)C(CO)C2=O)C(=O)NC1=O 1 O=C1CCNC(=O)C(=CC=CC=CN2CCCC2=O)C(=O)N1 1.0000000 1.0000 0.8073004 0.8073 0.6400625 4.6250
 | 23.9580 55.0213 53.0685 0.8444518 O=C1C(=C(O)C=CC=CN(CCO)CCO)C=CCC1CCCO 1 C=C1C=CCCC1=O 1.0000000 1.0000 0.6831873 0.6832 0.7765453 4.1885
 | 18.8031 65.9875 42.9648 0.8511899 CN1C(=O)C(=C(O)C=CC=CN2CCCNC2)C=CN(CCCN)C1=O 1 O=C1NC=CC(=CC=CC=CN2CCCNC2)C(=O)N1 1.0000000 1.0000 0.6558417 0.6558 0.8432422 3.9039
 | 19.6160 64.4382 45.0672 0.8555110 CN1CCCN(C=CC=CC(O)=C2C=CN(CN)C2=O)C1=O 1 O=C1NC=CC1=CC=CC=CN1CCCNC1=O 1.0000000 1.0000 0.6795902 0.6796 0.8253745 3.9882
 | 14.6664 56.3776 48.9911 0.8231927 CC1CCN(C=CC=CC(O)=C2NCCCCNC2=O)C1 1 O=C1NCCCCNC1=CC=CC=CN1CCCC1 1.0000000 1.0000 0.5926202 0.5926 0.8275124 3.9785
 | 20.6199 63.3781 20.5659 0.6558123 CCOC=C1CCCC(=O)NC(=O)C1=C(O)C=CC=CN1CCCCC1C 1 C=C1CCCC(=O)NC(=O)C1=CC=CC=CN1CCCCC1 1.0000000 1.0000 0.2686255 0.2686 0.8231853 3.9980
 | 25.1915 68.9823 9.3887 0.6122730 CC12CC(O)CC(=O)C(=C(O)C=CC=CN1CCCl)CC(=O)C2=O 1 O=C1CC2=CC=CC=CNC(CCCC2=O)C1=O 1.0000000 1.0000 0.5686510 0.5687 0.2508157 5.7129
 | 20.6485 71.4350 31.4820 0.8040387 O=C1NCCCCC(=C(O)C=CC=CN2CNCC(O)C2)C(=O)N1 1 O=C1NCCCCC(=CC=CC=CN2CCCNC2)C(=O)N1 1.0000000 1.0000 0.7216326 0.7216 0.5918122 4.7580
 | 13.0856 55.5167 39.5531 0.7427330 CC1CCCCN1C=CC=CC(O)=C1CCCN(C)C(=O)NC1=O 1 O=C1NCCCC(=CC=CC=CN2CCCCC2)C(=O)N1 1.0000000 1.0000 0.4072313 0.4072 0.8427294 3.9064
 | 7.2691 42.0509 -42.0509 0.0000000 CN1CCCC(=C(O)C=CC=CN2CCCCC2)C1=O 1 O=C1NCCCC1=CC=CC=CN1CCCCC1 1.0000000 1.0000 0.4590587 0.4591 0.9341365 3.2724
02:46:08 <INFO> Score: 0.77 Agent NLL: 14.77 Valid: 100% Step: 245
 | Agent Prior Target Score SMILES SMILES_state Scaffold DASA DASA (raw) Solubility Solubility (raw) SA SA (raw)
 | 13.2843 55.1768 49.9987 0.8216840 CN1CCCCN(C=CC=CC(O)=C2CCCNC2=O)C1=O 1 O=C1NCCCC1=CC=CC=CN1CCCCNC1=O 1.0000000 1.0000 0.5472759 0.5473 0.9034681 3.5431
 | 13.4212 51.7207 65.3512 0.9146246 CN1C(=O)C(=O)NC(=O)C(=C(O)C=CC=CN2CCCS2(=O)=O)C1=O 1 O=C1NC(=O)C(=CC=CC=CN2CCCS2(=O)=O)C(=O)NC1=O 1.0000000 1.0000 0.8098931 0.8099 0.8853335 3.6685
 | 9.6159 50.1299 64.7272 0.8973215 O=C1CC(=C(O)C=CC=CN2CCCC2=O)C(=O)NC1=O 1 O=C1CC(=CC=CC=CN2CCCC2=O)C(=O)NC1=O 1.0000000 1.0000 0.7522964 0.7523 0.8927196 3.6197
 | 8.5571 51.5502 -51.5502 0.0000000 CN1CCCC(=C(O)C=CC=CN2CCC=CC2=O)C1=O 1 O=C1NCCCC1=CC=CC=CN1CCC=CC1=O 1.0000000 1.0000 0.5616492 0.5616 0.8723392 3.7481
 | 10.6674 57.0856 60.3572 0.9175216 NC1(CO)CCN(C=CC=CC(O)=C2C(=O)NC2=O)CC1 1 O=C1NC(=O)C1=CC=CC=CN1CCCCC1 1.0000000 1.0000 0.8124831 0.8125 0.8937401 3.6127
 | 15.4180 65.4495 49.5828 0.8986896 O=C1CN(C=CC(O)=CC(O)=C2NC(=O)CC2=O)C(=O)NN1 1 O=C1CN(C=CC=CC=C2NC(=O)CC2=O)C(=O)NN1 1.0000000 1.0000 0.8254699 0.8255 0.8037468 4.0815
 | 8.6833 41.2692 64.3170 0.8248922 C=C1C(=O)OC(=C(O)C=CC=CN2CCCCC2)C1=O 1 C=C1C(=O)OC(=CC=CC=CN2CCCCC2)C1=O 1.0000000 1.0000 0.5584264 0.5584 0.8964151 3.5942
 | 21.9698 63.3370 42.0098 0.8230216 CC1=CCCN(C=CC=CC(O)=C2C(=O)N(C)C(O)N(O)C2=O)C1 1 O=C1NCNC(=O)C1=CC=CC=CN1CC=CCC1 1.0000000 1.0000 0.6891401 0.6891 0.6898557 4.4792
 | 12.8632 47.5409 52.2996 0.7800039 CC1CC(C)N(C=CC=CC(O)=C2CCC(=O)NC2=O)C1 1 O=C1CCC(=CC=CC=CN2CCCC2)C(=O)N1 1.0000000 1.0000 0.5418721 0.5419 0.7347342 4.3363
 | 17.1933 67.8174 37.7664 0.8248738 CC(O)=C1CC(=C(O)C=CC=CN2CCOCC2=O)C(=O)NC(=O)O1 1 C=C1CC(=CC=CC=CN2CCOCC2=O)C(=O)NC(=O)O1 1.0000000 1.0000 0.6091165 0.6091 0.8075827 4.0656
02:46:08 <INFO> Score: 0.78 Agent NLL: 15.76 Valid: 100% Step: 246
 | Agent Prior Target Score SMILES SMILES_state Scaffold DASA DASA (raw) Solubility Solubility (raw) SA SA (raw)
 | 10.5112 51.2085 45.1603 0.7528811 O=C1CCCC(=C(O)C=CC=CN2CC=CCCC2)C1=O 1 O=C1CCCC(=CC=CC=CN2CC=CCCC2)C1=O 1.0000000 1.0000 0.4112143 0.4112 0.8817980 3.6909
 | 12.1517 49.9495 56.9550 0.8351912 CC1CC(=O)N(C=CC=CC(O)=C2CCNC2=O)C1 1 O=C1NCCC1=CC=CC=CN1CCCC1=O 1.0000000 1.0000 0.6634694 0.6635 0.7679195 4.2205
 | 9.3538 43.8424 57.2853 0.7900607 CC1CN(C=CC=CC(O)=C2CCOC2=O)CC(C)O1 1 O=C1OCCC1=CC=CC=CN1CCOCC1 1.0000000 1.0000 0.5657422 0.5657 0.7362610 4.3312
 | 31.9501 75.1564 29.2190 0.8154329 C=c1[nH]c(=O)c(=C(O)C=CC=CN2CN(CCCCCCC)CCC2=O)c(=O)n1C(C)CN 1 C=c1[nH]c(=O)c(=CC=CC=CN2CNCCC2=O)c(=O)[nH]1 1.0000000 1.0000 0.6272551 0.6273 0.7428437 4.3089
 | 16.6543 61.8734 52.0659 0.8901511 N=[N+]([O-])N1CCN(C=CC=CC(O)=C2C(=O)NCC(=O)C2=O)CC1 1 O=C1CNC(=O)C(=CC=CC=CN2CCNCC2)C1=O 1.0000000 1.0000 0.7945519 0.7946 0.8083529 4.0624
 | 13.2073 58.3599 57.3753 0.9041810 COC1NC(=O)C(=C(O)C=CC=CN2CCC(=O)NC2=O)C(=O)N1 1 O=C1CCN(C=CC=CC=C2C(=O)NCNC2=O)C(=O)N1 1.0000000 1.0000 0.8081258 0.8081 0.8458586 3.8909
 | 18.6664 59.4608 47.0753 0.8323127 [N-]=[N+]=NC1=CC(=O)CC(=C(O)C=CC=CN2CCNC(=O)C2)C1=O 1 O=C1C=CC(=O)C(=CC=CC=CN2CCNC(=O)C2)C1 1.0000000 1.0000 0.6473214 0.6473 0.7795779 4.1771
 | 16.5535 25.4632 -25.4449 0.0001433 CC1(O)C(=O)CCC(=O)CC1=O 1 O=C1CCC(=O)CC(=O)C1 0.0000000 0.0000 0.8361222 0.8361 0.8903760 3.6355
 | 12.0796 51.8003 60.1959 0.8749701 CN1C=CC(=C(O)C=CC=CN2CCC(=O)C2=O)C1=O 1 O=C1CCN(C=CC=CC=C2C=CNC2=O)C1=O 1.0000000 1.0000 0.7164313 0.7164 0.8514558 3.8625
 | 16.2502 55.0062 49.6674 0.8177622 C=C1CCCN(C=CC=CC(O)=C2CC(=O)N(C)C2=O)C1 1 C=C1CCCN(C=CC=CC=C2CC(=O)NC2=O)C1 1.0000000 1.0000 0.5616492 0.5616 0.8583717 3.8262
02:46:09 <INFO> Score: 0.72 Agent NLL: 14.71 Valid: 100% Step: 247
 | Agent Prior Target Score SMILES SMILES_state Scaffold DASA DASA (raw) Solubility Solubility (raw) SA SA (raw)
 | 11.2388 50.1920 63.0257 0.8845132 C=C1OC(=O)C(=C(O)C=CC=CN2CCN(C)C(=O)C2)C1=O 1 C=C1OC(=O)C(=CC=CC=CN2CCNC(=O)C2)C1=O 1.0000000 1.0000 0.7287129 0.7287 0.8731530 3.7433
 | 13.0306 53.8964 45.2550 0.7746206 O=C1OC=CC1=C(O)C=CC=CN1C=CC=CC1 1 O=C1OC=CC1=CC=CC=CN1C=CC=CC1 1.0000000 1.0000 0.5282510 0.5283 0.7358097 4.3327
 | 13.5092 65.0536 42.8538 0.8430262 CN1CCN(C=CC=CC(O)=C2CCn3cccc3C(=O)NC2=O)CC1=O 1 O=C1CN(C=CC=CC=C2CCn3cccc3C(=O)NC2=O)CCN1 1.0000000 1.0000 0.6162457 0.6162 0.8726252 3.7464
 | 18.6657 55.1619 53.2012 0.8465864 CC1C(=O)C(=O)C(=C(O)C=CC=CN2CCN(C=O)C2=O)C1=O 1 O=C1CC(=O)C(=CC=CC=CN2CCNC2=O)C1=O 1.0000000 1.0000 0.7397978 0.7398 0.7133188 4.4062
 | 17.9280 75.5471 32.5794 0.8447380 CC(=O)N1CCCC(=C(O)C=CC=CN2CN=CNC(=O)C2)C(=O)N1C 1 O=C1CN(C=CC=CC=C2CCCNNC2=O)CN=CN1 1.0000000 1.0000 0.6868043 0.6868 0.7727392 4.2027
 | 22.2459 69.9480 32.9107 0.8035834 O=C1NC(=O)N2CCCCC1=C(O)C=CC=CN2CCNCCCO 1 O=C1NC(=O)N2CCCCC1=CC=CC=CN2 1.0000000 1.0000 0.6723006 0.6723 0.6427674 4.6173
 | 11.3559 50.1809 61.6832 0.8739382 CC1=CC(=O)NC(=O)C1=C(O)C=CC=CN1CN(C)CCC1=O 1 O=C1C=CC(=CC=CC=CN2CNCCC2=O)C(=O)N1 1.0000000 1.0000 0.6922441 0.6922 0.8828926 3.6840
 | 15.8618 62.7565 49.9037 0.8801583 CON=C1C(=O)C(=O)C(=C(O)C=CC=CN2CCCNS2(=O)=O)C1=O 1 N=C1C(=O)C(=O)C(=CC=CC=CN2CCCNS2(=O)=O)C1=O 1.0000000 1.0000 0.7789504 0.7790 0.7894844 4.1389
 | 21.5377 57.3312 51.4387 0.8497653 CCCN1CN(C=CC=CC(O)=C2C(=O)C(=O)C(=O)C2=O)C(=O)N1CCC 1 O=C1C(=O)C(=O)C(=CC=CC=CN2CNNC2=O)C1=O 1.0000000 1.0000 0.6521325 0.6521 0.8430488 3.9049
 | 11.3433 53.4378 52.2978 0.8260591 CC1=CC(=C(O)C=CC=CN2CCC=CC2=O)C(=O)N1 1 O=C1NC=CC1=CC=CC=CN1CCC=CC1=O 1.0000000 1.0000 0.6030921 0.6031 0.8222169 4.0024
02:46:10 <INFO> Score: 0.69 Agent NLL: 15.41 Valid: 100% Step: 248
 | Agent Prior Target Score SMILES SMILES_state Scaffold DASA DASA (raw) Solubility Solubility (raw) SA SA (raw)
 | 9.4171 56.2255 -56.2255 0.0000000 CC1C(=O)C(=O)C(=C(O)C=CC=CN2CCN(C)C(=O)C2)C1=O 1 O=C1CN(C=CC=CC=C2C(=O)CC(=O)C2=O)CCN1 1.0000000 1.0000 0.7421787 0.7422 0.7963885 4.1115
 | 17.1221 53.9959 48.6475 0.8019014 O=C1C=CCN(C=CC=CC(O)=C2CCCCC2=O)C(=O)N1 1 O=C1C=CCN(C=CC=CC=C2CCCCC2=O)C(=O)N1 1.0000000 1.0000 0.5210003 0.5210 0.8651721 3.7890
 | 14.4837 61.5452 36.9846 0.7697637 CC1=C(C)C(=O)N(C=CC=CC(O)=C2COC2=O)CC(C)(C)O1 1 O=C1OCC1=CC=CC=CN1CCOC=CC1=O 1.0000000 1.0000 0.4727667 0.4728 0.8187003 4.0179
 | 9.0740 46.6588 53.5223 0.7826645 O=C1CCCC(=C(O)C=CC=CN2CCCCCC2)C(=O)N1 1 O=C1CCCC(=CC=CC=CN2CCCCCC2)C(=O)N1 1.0000000 1.0000 0.4474543 0.4475 0.9378198 3.2323
 | 13.6543 59.2587 51.0925 0.8621183 CN1CCN(C)N(C=CC=CC(O)=C2CCCNC2=O)C1 1 O=C1NCCCC1=CC=CC=CN1CNCCN1 1.0000000 1.0000 0.6872815 0.6873 0.8410452 3.9147
 | 13.6388 51.9038 -51.9038 0.0000000 NCN1CCCC(=C(O)C=CC=CN2CCCCC2)C1=O 1 O=C1NCCCC1=CC=CC=CN1CCCCC1 1.0000000 1.0000 0.5692793 0.5693 0.9066975 3.5186
 | 16.4917 58.6178 52.0826 0.8648465 NC1CCCN(C=CC=CC(O)=C2C(=O)NC2C(=O)O)C1 1 O=C1NCC1=CC=CC=CN1CCCCC1 1.0000000 1.0000 0.7746448 0.7746 0.7382795 4.3244
 | 10.5745 53.7399 56.7799 0.8634363 COC1=CC(=C(O)C=CC=CN2CCCCC2=O)C(=O)NC1=O 1 O=C1C=CC(=CC=CC=CN2CCCCC2=O)C(=O)N1 1.0000000 1.0000 0.6519678 0.6520 0.9017702 3.5557
 | 16.5768 56.2023 56.9375 0.8839048 CNN1CCN(C=CC=CC(O)=C2CCC(=O)NC2=O)C1=O 1 O=C1CCC(=CC=CC=CN2CCNC2=O)C(=O)N1 1.0000000 1.0000 0.7431326 0.7431 0.8504006 3.8680
 | 11.7826 48.4380 -48.4380 0.0000000 O=C1NC(=O)C(=C(O)C=CC=CN2CC=CC2=O)C(=O)N1 1 O=C1NC(=O)C(=CC=CC=CN2CC=CC2=O)C(=O)N1 1.0000000 1.0000 0.7876669 0.7877 0.8913630 3.6289
02:46:10 <INFO> Sampled SMILES O=C1C(=C(O)C=CC=CN2CCCNCC2)n2c(=O)cccc2=NC1CNC(=O)C failed to sanitize.
02:46:10 <INFO> Score: 0.75 Agent NLL: 15.52 Valid:  99% Step: 249
 | Agent Prior Target Score SMILES SMILES_state Scaffold DASA DASA (raw) Solubility Solubility (raw) SA SA (raw)
 | 11.4932 59.4307 47.6091 0.8362486 CN1CCCC(=C(O)C=CC=CN2CC(O)CC2=O)C(=O)N1C 1 O=C1NNCCCC1=CC=CC=CN1CCCC1=O 1.0000000 1.0000 0.6923365 0.6923 0.7335470 4.3403
 | 13.6443 49.1901 59.0513 0.8456353 COC1NC(=O)C1=C(O)C=CC=CN1CCCC(O)C1 1 O=C1NCC1=CC=CC=CN1CCCCC1 1.0000000 1.0000 0.7396355 0.7396 0.7101462 4.4162
 | 17.9296 59.2020 46.9863 0.8295960 O=C1CCC(=C(O)C=CC=CN2CCc3ncccc3C2)C(=O)NC1=O 1 O=C1CCC(=CC=CC=CN2CCc3ncccc3C2)C(=O)NC1=O 1.0000000 1.0000 0.5688242 0.5688 0.8979793 3.5831
 | 15.3421 56.0322 49.1010 0.8213531 CN1CC(=C(O)C=CC=CN2CC=CC(O)C2O)C(=O)NC1=O 1 O=C1NCC(=CC=CC=CN2CC=CCC2)C(=O)N1 1.0000000 1.0000 0.7700291 0.7700 0.5987109 4.7394
 | 13.0490 60.8802 54.7242 0.9031595 CCN1NC(=O)C(=C(O)C=CC=CN2CCNC2)C(=O)C1=O 1 O=C1NNC(=O)C(=CC=CC=CN2CCNC2)C1=O 1.0000000 1.0000 0.8123985 0.8124 0.8365420 3.9364
 | 15.7093 60.5794 56.2501 0.9127298 CCCN1CCN(C=CC=CC(O)=C2C(=O)NC(=O)C(=O)N(C)C2=O)CC1=O 1 O=C1CN(C=CC=CC=C2C(=O)NC(=O)C(=O)NC2=O)CCN1 1.0000000 1.0000 0.7770001 0.7770 0.9224271 3.3872
 | 20.9077 62.6445 49.8042 0.8785049 O=C1NC(=O)C(O)(O)C1=C(O)C=CC=CN1CCCC=C1O 1 O=C1CC(=CC=CC=CN2C=CCCC2)C(=O)N1 1.0000000 1.0000 0.7711443 0.7711 0.7927985 4.1258
 | 14.2656 56.9552 54.9146 0.8739833 CN1CCCN(C=CC=CC(O)=C2C(=O)CC(=O)CC2=O)CC1=O 1 O=C1CC(=O)C(=CC=CC=CN2CCCNC(=O)C2)C(=O)C1 1.0000000 1.0000 0.6869600 0.6870 0.8912418 3.6297
 | 14.8558 50.1615 56.7855 0.8355237 COCCN1CCN(C=CC=CC(O)=C2CCCCC2=O)C(=O)C1 1 O=C1CCCCC1=CC=CC=CN1CCNCC1=O 1.0000000 1.0000 0.5666319 0.5666 0.9295347 3.3196
 | 14.3338 58.3784 52.4172 0.8655911 CC1(C)CN(C=CC=CC(O)=C2C(=O)CC(=O)C(=O)C2=O)CCO1 1 O=C1CC(=O)C(=CC=CC=CN2CCOCC2)C(=O)C1=O 1.0000000 1.0000 0.6744932 0.6745 0.8748642 3.7332
02:46:11 <INFO> Score: 0.69 Agent NLL: 15.78 Valid: 100% Step: 250
 | Agent Prior Target Score SMILES SMILES_state Scaffold DASA DASA (raw) Solubility Solubility (raw) SA SA (raw)
 | 16.3498 51.1474 56.9533 0.8445364 O=C1CCC(=C(O)C=CC=CN2CCCCC2O)C(=O)N1 1 O=C1CCC(=CC=CC=CN2CCCCC2)C(=O)N1 1.0000000 1.0000 0.6585272 0.6585 0.8119116 4.0473
 | 11.9050 55.1561 59.3568 0.8946317 CN1CCCN(C=CC=CC(O)=C2CC(=O)C(=O)NC2=O)CC1 1 O=C1CC(=CC=CC=CN2CCCNCC2)C(=O)NC1=O 1.0000000 1.0000 0.7317178 0.7317 0.9113677 3.4818
 | 14.2069 50.4754 53.7117 0.8139615 CC1=COC(=C(O)C=CC=CN2CCCC(O)C2)C(=O)C1=O 1 O=C1C=COC(=CC=CC=CN2CCCCC2)C1=O 1.0000000 1.0000 0.6214519 0.6215 0.7454993 4.2999
 | 15.2328 57.6860 26.7820 0.6599065 CC1=CCCN(C=CC=CC(O)=C2CC(=O)C(C(C)C)C2=O)C1 1 O=C1CC(=O)C(=CC=CC=CN2CC=CCC2)C1 1.0000000 1.0000 0.3162572 0.3163 0.6946684 4.4645
 | 19.0113 62.0574 30.7886 0.7253590 COC(=O)N=C1CCC(=C(O)C=CC=CN2C=CC=CC2)C(=O)N1C 1 N=C1CCC(=CC=CC=CN2C=CC=CC2)C(=O)N1 1.0000000 1.0000 0.4067103 0.4067 0.7641531 4.2342
 | 12.1142 52.9723 54.2960 0.8380339 O=C1NCCCCC1=C(O)C=CC=CN1CCC(CO)C1 1 O=C1NCCCCC1=CC=CC=CN1CCCC1 1.0000000 1.0000 0.6230147 0.6230 0.8400415 3.9196
 | 23.2461 70.2690 11.8766 0.6417626 CN1CCCN(C=CC=CC(O)=C2CCC3(C)CCCCC3N(C)C2=O)CC1=O 1 O=C1CN(C=CC=CC=C2CCC3CCCCC3NC2=O)CCCN1 1.0000000 1.0000 0.2854845 0.2855 0.6986725 4.4521
 | 13.0604 42.9974 60.8052 0.8109579 O=C1CCCC1=C(O)C=CC=CN1CCCC(O)C1 1 O=C1CCCC1=CC=CC=CN1CCCCC1 1.0000000 1.0000 0.5540197 0.5540 0.8424861 3.9076
 | 13.9832 48.8056 57.0583 0.8270615 CCC1CCCCN1C=CC=CC(O)=C1C(=O)C(=O)N(C)C1=O 1 O=C1NC(=O)C(=CC=CC=CN2CCCCC2)C1=O 1.0000000 1.0000 0.5765446 0.5765 0.8722870 3.7484
 | 12.0720 53.2178 59.9164 0.8838611 O=C1NC(=O)C(O)CCC1=C(O)C=CC=CN1CC1 1 O=C1CCCC(=CC=CC=CN2CC2)C(=O)N1 1.0000000 1.0000 0.7781899 0.7782 0.8044708 4.0786
02:46:12 <INFO> Score: 0.73 Agent NLL: 15.15 Valid: 100% Step: 251
 | Agent Prior Target Score SMILES SMILES_state Scaffold DASA DASA (raw) Solubility Solubility (raw) SA SA (raw)
 | 19.3968 62.1023 46.8957 0.8515470 CC1=C(N2CCOCC2)C(=O)N(C)C(=O)C1=C(O)C=CC=CN1CCOCCC1=O 1 O=C1NC(=O)C(N2CCOCC2)=CC1=CC=CC=CN1CCOCCC1=O 1.0000000 1.0000 0.6135246 0.6135 0.9151197 3.4510
 | 21.8919 61.1516 32.7299 0.7334496 CC1=CN(C=CC=CC(O)=C2C(=O)SN(C)C2=O)CCC1(C)N 1 O=C1NSC(=O)C1=CC=CC=CN1C=CCCC1 1.0000000 1.0000 0.5376602 0.5377 0.5727245 4.8091
 | 11.6022 50.9414 56.7479 0.8413233 C=C1CNN(C=CC=CC(O)=C2CCC(=O)N(C)C2=O)C1 1 C=C1CNN(C=CC=CC=C2CCC(=O)NC2=O)C1 1.0000000 1.0000 0.6697898 0.6698 0.7829212 4.1643
 | 10.2677 49.4296 55.9478 0.8232604 C=C1C(=O)OC(=C(O)C=CC=CN2CCOC(C)(C)C2)C1=O 1 C=C1C(=O)OC(=CC=CC=CN2CCOCC2)C1=O 1.0000000 1.0000 0.5889412 0.5889 0.8340078 3.9484
 | 9.2114 52.3416 60.8444 0.8842656 O=C1CCC(=C(O)C=CC=CN2CCCNC2)C(=O)N1 1 O=C1CCC(=CC=CC=CN2CCCNC2)C(=O)N1 1.0000000 1.0000 0.7231983 0.7232 0.8801135 3.7013
 | 9.1226 53.9276 59.6460 0.8872935 O=C1CCN(C=CC=CC(O)=C2CCC(=O)C(=O)NC2=O)C1 1 O=C1CCN(C=CC=CC=C2CCC(=O)C(=O)NC2=O)C1 1.0000000 1.0000 0.7396564 0.7397 0.8690539 3.7671
 | 12.0778 52.5987 58.5266 0.8681665 COC=C1C(=O)CC(=C(O)C=CC=CN2CCNC(=O)C2)C1=O 1 C=C1C(=O)CC(=CC=CC=CN2CCNC(=O)C2)C1=O 1.0000000 1.0000 0.7187118 0.7187 0.8208558 4.0084
 | 14.5354 56.3421 57.4270 0.8888207 CN1C(=O)C(=O)NC(=O)C1=C(O)C=CC=CN1CC(C)(C)C1=O 1 O=C1NC(=O)C(=CC=CC=CN2CCC2=O)NC1=O 1.0000000 1.0000 0.7561321 0.7561 0.8525153 3.8571
 | 10.9168 57.9129 49.7173 0.8408613 O=C1NNCCCC1=C(O)C=CC=CN1CCCC(O)C1 1 O=C1NNCCCC1=CC=CC=CN1CCCCC1 1.0000000 1.0000 0.6953540 0.6954 0.7467842 4.2954
 | 19.0654 62.7670 36.8330 0.7781254 CC1=C(CN2CCCCC2)C(=O)NC(=O)C(=C(O)C=CC=CN2CCC(O)CC2)C1 1 O=C1NC(=O)C(CN2CCCCC2)=CCC1=CC=CC=CN1CCCCC1 1.0000000 1.0000 0.4501175 0.4501 0.9086932 3.5031
02:46:12 <INFO> Score: 0.77 Agent NLL: 16.20 Valid: 100% Step: 252
 | Agent Prior Target Score SMILES SMILES_state Scaffold DASA DASA (raw) Solubility Solubility (raw) SA SA (raw)
 | 13.2906 51.6698 47.8896 0.7778082 O=C1NC(=S)CCC1=C(O)C=CC=CN1CC=CC=N1 1 O=C1NC(=S)CCC1=CC=CC=CN1CC=CC=N1 1.0000000 1.0000 0.5531244 0.5531 0.7083979 4.4218
 | 20.1614 65.5445 36.1246 0.7942900 O=C1NC(CO)C(O)OC1=C(O)C=CC=CN1CC=NC1=O 1 O=C1NCCOC1=CC=CC=CN1CC=NC1=O 1.0000000 1.0000 0.8129140 0.8129 0.4873698 5.0329
 | 16.8692 56.5844 55.9968 0.8795404 O=C1NC(=S)NC1=C(O)C=CC=CN1CCNC(C(=O)O)C1 1 O=C1NC(=S)NC1=CC=CC=CN1CCNCC1 1.0000000 1.0000 0.8023950 0.8024 0.7596411 4.2504
 | 17.2588 62.6907 52.5520 0.9003335 CCN1CCCN1C=CC=CC(O)=C1C(=O)NCC(=O)NC1=O 1 O=C1CNC(=O)C(=CC=CC=CN2CCCN2)C(=O)N1 1.0000000 1.0000 0.7785565 0.7786 0.8688526 3.7682
 | 19.4993 71.8127 33.0213 0.8190156 CN1CCCN(C=CC=CC(O)=C2CCCC(=O)C(=NCCCO)C2=O)C1 1 N=C1C(=O)CCCC(=CC=CC=CN2CCCNC2)C1=O 1.0000000 1.0000 0.5624912 0.5625 0.8623592 3.8046
 | 31.5841 82.1823 10.2822 0.7223784 C=CC1(C)OC(=O)NC(=O)C(=C(O)C=CC=CN2CC=[N+](CC)CC2=C)C1=O 1 C=C1C[NH+]=CCN1C=CC=CC=C1C(=O)COC(=O)NC1=O 1.0000000 1.0000 0.5501613 0.5502 0.5226656 4.9409
 | 16.0878 60.8776 57.2680 0.9230128 CN1CC(=O)NC(=O)C(=C(O)C=CC=CN2CC(C(=O)O)C2)C1=O 1 O=C1CNC(=O)C(=CC=CC=CN2CCC2)C(=O)N1 1.0000000 1.0000 0.8078732 0.8079 0.9227000 3.3847
 | 8.7344 51.0444 62.0157 0.8832816 CN1CCN(C=CC=CC(O)=C2CCCC(=O)NC2=O)C(=O)C1 1 O=C1CCCC(=CC=CC=CN2CCNCC2=O)C(=O)N1 1.0000000 1.0000 0.7020675 0.7021 0.9077411 3.5106
 | 19.6630 71.9810 42.1673 0.8917837 CCN1CCN(C=CC=CC(O)=C2C(=O)NC(=CNC)C2=O)CC1=O 1 C=C1NC(=O)C(=CC=CC=CN2CCNC(=O)C2)C1=O 1.0000000 1.0000 0.7536156 0.7536 0.8679807 3.7732
 | 31.7005 77.2377 10.0931 0.6822714 C=C1COC(=O)C2C(=O)NC(=O)C(=C(O)C=CC=CN3CC(Br)=NO3)CC12 1 C=C1COC(=O)C2C(=O)NC(=O)C(=CC=CC=CN3CC=NO3)CC12 1.0000000 1.0000 0.5382080 0.5382 0.4221630 5.2045
02:46:13 <INFO> Sampled SMILES O=C1C(=C(C=CC=CN2CCC(C(O)=O)CC2)=C)OC(=O)C1=C failed to sanitize.
02:46:13 <INFO> Score: 0.73 Agent NLL: 14.78 Valid:  99% Step: 253
 | Agent Prior Target Score SMILES SMILES_state Scaffold DASA DASA (raw) Solubility Solubility (raw) SA SA (raw)
 | 14.6703 51.9781 60.4150 0.8780710 O=C1NC(=O)C(O)C1=C(O)C=CC=CN1C(=O)CCC1C(=O)O 1 O=C1CC(=CC=CC=CN2CCCC2=O)C(=O)N1 1.0000000 1.0000 0.8175321 0.8175 0.7375963 4.3267
 | 13.5376 53.2163 50.9893 0.8141064 O=C1NCCCCC1=C(O)C=CC=CN1CCCCC1=O 1 O=C1NCCCCC1=CC=CC=CN1CCCCC1=O 1.0000000 1.0000 0.5197695 0.5198 0.9244596 3.3684
 | 13.2375 55.1827 60.5861 0.9044439 N=C1CC(=O)NC(=O)C1=C(O)C=CC=CN1CCNC(=O)C1 1 N=C1CC(=O)NC(=O)C1=CC=CC=CN1CCNC(=O)C1 1.0000000 1.0000 0.7964765 0.7965 0.8617777 3.8078
 | 9.2994 62.3959 -62.3959 0.0000000 O=C1CC(=O)C(=O)C(=C(O)C=CC=CN2CCCNC2)C(=O)N1 1 O=C1CC(=O)C(=O)C(=CC=CC=CN2CCCNC2)C(=O)N1 1.0000000 1.0000 0.7915052 0.7915 0.8894262 3.6418
 | 10.5181 59.4210 54.1052 0.8869236 O=CN1CCCN(C=CC=CC(O)=C2CCC(=O)C(=O)NC2=O)CC1 1 O=C1CCC(=CC=CC=CN2CCCNCC2)C(=O)NC1=O 1.0000000 1.0000 0.7265840 0.7266 0.8862967 3.6623
 | 18.4156 57.3388 55.9220 0.8848505 CC1NC(=O)C(=C(O)C=CC=CN2CCC(=O)CC2)C(=O)NC1=O 1 O=C1CCN(C=CC=CC=C2C(=O)NCC(=O)NC2=O)CC1 1.0000000 1.0000 0.7554994 0.7555 0.8374767 3.9319
 | 11.0686 53.3171 64.6445 0.9215746 O=C1CNC(=O)C(=C(O)C=CC=CN2CCNCC2)C1=O 1 O=C1CNC(=O)C(=CC=CC=CN2CCNCC2)C1=O 1.0000000 1.0000 0.8238946 0.8239 0.8953277 3.6018
 | 14.3158 63.8972 48.4882 0.8780112 O=C1NC(=O)C(=O)C(=C(O)C=CC=CN2CCCCC2CCO)C(=O)N1 1 O=C1NC(=O)C(=O)C(=CC=CC=CN2CCCCC2)C(=O)N1 1.0000000 1.0000 0.7227017 0.7227 0.8549669 3.8443
 | 7.8936 52.4668 59.6677 0.8760506 O=C1CCCC(=C(O)C=CC=CN2CCC(=O)NC2=O)C(=O)N1 1 O=C1CCCC(=CC=CC=CN2CCC(=O)NC2=O)C(=O)N1 1.0000000 1.0000 0.6867059 0.6867 0.9005289 3.5648
 | 11.6242 57.5555 53.2943 0.8660145 CCCCN1CCC(=O)N(C=CC=CC(O)=C2CC(=O)C(=O)NC2=O)C1 1 O=C1CC(=CC=CC=CN2CNCCC2=O)C(=O)NC1=O 1.0000000 1.0000 0.6660339 0.6660 0.8900413 3.6377
02:46:14 <INFO> Score: 0.72 Agent NLL: 15.21 Valid: 100% Step: 254
 | Agent Prior Target Score SMILES SMILES_state Scaffold DASA DASA (raw) Solubility Solubility (raw) SA SA (raw)
 | 11.7856 50.3156 51.6970 0.7969729 CC1CN(C=CC=CC(O)=C2CC2=O)CC(C)O1 1 O=C1CC1=CC=CC=CN1CCOCC1 1.0000000 1.0000 0.5827402 0.5827 0.7370431 4.3286
 | 10.8082 60.7965 48.2470 0.8519025 CC1CC(=O)N(C=CC=CC(O)=C2C(=O)NC(=O)NC(O)C2=O)C1 1 O=C1NCC(=O)C(=CC=CC=CN2CCCC2=O)C(=O)N1 1.0000000 1.0000 0.7708726 0.7709 0.6970412 4.4572
 | 17.8241 53.0511 55.5318 0.8483036 C=c1c(=C(O)C=CC=CN2CCC(C)C2)c(=O)[nH]n1C 1 C=c1[nH][nH]c(=O)c1=CC=CC=CN1CCCC1 1.0000000 1.0000 0.7347744 0.7348 0.7253218 4.3674
 | 14.1830 58.9934 57.8203 0.9126075 COCCN1NC(=O)C(=C(O)C=CC=CN2CCC(=O)C2=O)C1=O 1 O=C1CCN(C=CC=CC=C2C(=O)NNC2=O)C1=O 1.0000000 1.0000 0.8082824 0.8083 0.8792598 3.7066
 | 13.4970 49.9860 63.8391 0.8892584 O=C1C(=O)C(O)C(=O)C1=C(O)C=CC=CN1CCC(C(=O)O)CC1 1 O=C1CC(=O)C(=CC=CC=CN2CCCCC2)C1=O 1.0000000 1.0000 0.7572878 0.7573 0.8527159 3.8560
 | 16.2147 55.3509 52.4837 0.8424577 COC(=O)CC1CC(=O)C(=C(O)C=CC=CN2CCCCC2)C(=O)NC1=O 1 O=C1CCC(=O)C(=CC=CC=CN2CCCCC2)C(=O)N1 1.0000000 1.0000 0.6081964 0.6082 0.8839942 3.6770
 | 11.0808 53.8505 56.3007 0.8605566 CN1CCCN(C=CC=CC(O)=C2CCNN(C)C2=O)C1 1 O=C1NNCCC1=CC=CC=CN1CCCNC1 1.0000000 1.0000 0.6872815 0.6873 0.8346649 3.9453
 | 21.9676 73.3244 24.5610 0.7647294 COC=C1OC(O)C(=O)C1=C(O)C=CC=CN1CCCC(C)(N)C1 1 C=C1OCC(=O)C1=CC=CC=CN1CCCCC1 1.0000000 1.0000 0.6367132 0.6367 0.5571858 4.8503
 | 10.4125 60.2470 55.2024 0.9019478 O=C1CCN(C=CC=CC(O)=C2C(=O)NC(=O)CC(=O)C2=O)CC1 1 O=C1CCN(C=CC=CC=C2C(=O)NC(=O)CC(=O)C2=O)CC1 1.0000000 1.0000 0.7544241 0.7544 0.9091244 3.4997
 | 9.4965 58.0329 58.8657 0.9132702 O=C1CCC(=C(O)C=CC=CN2CCN(CCO)CC2=O)C(=O)NC1=O 1 O=C1CCC(=CC=CC=CN2CCNCC2=O)C(=O)NC1=O 1.0000000 1.0000 0.7970322 0.7970 0.8969041 3.5907
02:46:14 <INFO> Score: 0.73 Agent NLL: 15.13 Valid: 100% Step: 255
 | Agent Prior Target Score SMILES SMILES_state Scaffold DASA DASA (raw) Solubility Solubility (raw) SA SA (raw)
 | 11.6463 54.1880 61.6529 0.9050068 O=C1NC(=O)C(O)NC(=O)C1=C(O)C=CC=CN1CCOCC1=O 1 O=C1CNC(=O)C(=CC=CC=CN2CCOCC2=O)C(=O)N1 1.0000000 1.0000 0.8648857 0.8649 0.7826853 4.1653
 | 12.5238 48.5366 61.5670 0.8601846 O=C1OCCC1=C(O)C=CC=CN1CCCN1 1 O=C1OCCC1=CC=CC=CN1CCCN1 1.0000000 1.0000 0.7062559 0.7063 0.8063630 4.0707
 | 11.1006 46.3502 64.0159 0.8622354 CN1CCC(=C(O)C=CC=CN2CCC(O)C2)C1=O 1 O=C1NCCC1=CC=CC=CN1CCCC1 1.0000000 1.0000 0.7099313 0.7099 0.8094108 4.0579
 | 11.3030 62.5428 42.9076 0.8238317 CC1CN(C=CC=CC(O)=C2CCC(=O)C(=O)NC2=O)CC(N)O1 1 O=C1CCC(=CC=CC=CN2CCOCC2)C(=O)NC1=O 1.0000000 1.0000 0.7400998 0.7401 0.6358773 4.6368
 | 20.9902 65.6416 33.6680 0.7758562 C=C1C(=C(O)C=CC=CN2CCNC(=S)C2)C(=O)NOC1C 1 C=C1CONC(=O)C1=CC=CC=CN1CCNC(=S)C1 1.0000000 1.0000 0.6377289 0.6377 0.5909054 4.7605
 | 14.8960 55.0136 56.9287 0.8745490 C=C1C(=O)OC(=C(O)C=CC=CN2CCN(CCCCN)CC2)C1=O 1 C=C1C(=O)OC(=CC=CC=CN2CCNCC2)C1=O 1.0000000 1.0000 0.6750256 0.6750 0.9126600 3.4714
 | 9.9672 60.1412 48.3005 0.8472012 O=C1NCCCCC1=C(O)C=CC=CN1CCNC=NC1 1 O=C1NCCCCC1=CC=CC=CN1CCNC=NC1 1.0000000 1.0000 0.6652673 0.6653 0.8127334 4.0438
 | 7.8923 49.2670 -49.2670 0.0000000 O=C1CCC(=C(O)C=CC=CN2CCC(=O)NC2=O)C(=O)N1 1 O=C1CCC(=CC=CC=CN2CCC(=O)NC2=O)C(=O)N1 1.0000000 1.0000 0.7309702 0.7310 0.8943485 3.6086
 | 10.9759 57.3534 52.5215 0.8583977 C=C1C(=O)C(=C(O)C=CC=CN2CCC(N)C2)C(=O)N1C 1 C=C1NC(=O)C(=CC=CC=CN2CCCC2)C1=O 1.0000000 1.0000 0.7240063 0.7240 0.7758916 4.1910
 | 18.5138 59.9942 42.6622 0.8020030 CC1CCC(=C(O)C=CC=CN2CCCC2NS(C)(=O)=O)C(=O)NC1=O 1 O=C1CCCC(=CC=CC=CN2CCCC2)C(=O)N1 1.0000000 1.0000 0.6281322 0.6281 0.6916364 4.4738
02:46:15 <INFO> Score: 0.74 Agent NLL: 16.04 Valid: 100% Step: 256
 | Agent Prior Target Score SMILES SMILES_state Scaffold DASA DASA (raw) Solubility Solubility (raw) SA SA (raw)
 | 18.0623 87.2129 28.5372 0.9042981 CN1CCCN(C=CC=CC(O)=C2C(=O)NNN(O)C(=O)C2=O)CC1=O 1 O=C1CN(C=CC=CC=C2C(=O)NNNC(=O)C2=O)CCCN1 1.0000000 1.0000 0.8224692 0.8225 0.8286388 3.9733
 | 18.7551 64.9599 50.6207 0.9029734 CC1(C)CN1C=CC=CC(O)=C1C(=O)N(CCN)C1=O 1 O=C1NC(=O)C1=CC=CC=CN1CC1 1.0000000 1.0000 0.7597551 0.7598 0.9057878 3.5256
 | 10.0102 50.2501 -50.2501 0.0000000 O=C1CCC(=C(O)C=CC=CN2C=CC=CC2)C(=O)C1=O 1 O=C1CCC(=CC=CC=CN2C=CC=CC2)C(=O)C1=O 1.0000000 1.0000 0.5852453 0.5852 0.8179441 4.0212
 | 21.6512 74.2179 33.8950 0.8446323 CN1CN(C=CC=CC(O)=C2CCCNC(=O)NC2=O)C(=N)O1 1 N=C1ONCN1C=CC=CC=C1CCCNC(=O)NC1=O 1.0000000 1.0000 0.6924873 0.6925 0.7647334 4.2321
 | 14.5904 59.4650 53.3696 0.8815204 O=C1NC(=O)C(=C(O)C=C(O)C=CN2CCCCC2)COC1=O 1 O=C1NC(=O)C(=CC=CC=CN2CCCCC2)COC1=O 1.0000000 1.0000 0.7026128 0.7026 0.8993248 3.5735
 | 10.4751 57.3006 -57.3006 0.0000000 O=C1CC(=C(O)C=CC=CN2CCCNC(=O)C2=O)C(=O)NC1=O 1 O=C1CC(=CC=CC=CN2CCCNC(=O)C2=O)C(=O)NC1=O 1.0000000 1.0000 0.8131271 0.8131 0.8717458 3.7515
 | 23.9646 73.1474 32.0389 0.8217681 CN(CCO)C1C(=O)C(=O)CC(=C(O)C=CC=CN2CCC=NCC2)C1=O 1 O=C1CC(=O)C(=CC=CC=CN2CCC=NCC2)CC1=O 1.0000000 1.0000 0.7210528 0.7211 0.6492121 4.5990
 | 17.0505 65.4570 39.0491 0.8164534 CC1C(=O)NC=NCN1C=CC=CC(O)=C1C(=O)NC(=O)c2ccccc21 1 O=C1CN(C=CC=CC=C2C(=O)NC(=O)c3ccccc32)CN=CN1 1.0000000 1.0000 0.5849745 0.5850 0.8119842 4.0470
 | 20.0635 68.2791 39.0742 0.8386981 O=C1NC(=O)C(=C(O)C=CC=CN2CCCC2=O)OCC1=CN1CCCC1 1 O=C1NC(=O)C(=CC=CC=CN2CCCC2=O)OCC1=CN1CCCC1 1.0000000 1.0000 0.6077470 0.6077 0.8683133 3.7713
 | 24.2457 64.5990 47.1949 0.8733901 CC1NC(=O)C1=C(O)C=CC=CN1CCN(S(C)(=O)=O)C(=O)C1 1 O=C1CN(C=CC=CC=C2CNC2=O)CCN1 1.0000000 1.0000 0.7718886 0.7719 0.7726970 4.2029
02:46:16 <INFO> Score: 0.72 Agent NLL: 16.23 Valid: 100% Step: 257
 | Agent Prior Target Score SMILES SMILES_state Scaffold DASA DASA (raw) Solubility Solubility (raw) SA SA (raw)
 | 29.9477 82.3446 15.5270 0.7646218 CC1=C2C(=O)C=CC(=O)N2C12C(=O)CC(=C(O)C=CC=CN1CCCNCC1)C(=O)NC2=O 1 O=C1C=CC(=O)N2C1=CC21C(=O)CC(=CC=CC=CN2CCCNCC2)C(=O)NC1=O 1.0000000 1.0000 0.6645421 0.6645 0.5289919 4.9244
 | 13.9579 56.2310 55.7127 0.8745603 C=c1[nH][nH]c(=O)c1=C(O)C=CC=CN1CCCC1C(=O)O 1 C=c1[nH][nH]c(=O)c1=CC=CC=CN1CCCC1 1.0000000 1.0000 0.7915341 0.7915 0.7539689 4.2705
 | 11.5050 59.6043 57.3704 0.9138650 CN1CCCCN(C=CC=CC(O)=C2C(=O)NC(=O)C(=O)NC2=O)C1 1 O=C1NC(=O)C(=CC=CC=CN2CCCCNC2)C(=O)NC1=O 1.0000000 1.0000 0.7839762 0.7840 0.9173626 3.4320
 | 10.6508 46.5690 -46.5690 0.0000000 O=C1C=CCC1=C(O)C=CC=CN1CCCC1=O 1 O=C1C=CCC1=CC=CC=CN1CCCC1=O 1.0000000 1.0000 0.5751662 0.5752 0.8822709 3.6879
 | 15.7052 55.7429 55.1144 0.8660732 CN1C(=O)C(=C(O)C=CC=CN2CC(CC(=O)O)CN2)C(=O)N(C)C1=O 1 O=C1NC(=O)C(=CC=CC=CN2CCCN2)C(=O)N1 1.0000000 1.0000 0.7387445 0.7387 0.7862057 4.1517
 | 14.1723 68.8991 38.6652 0.8403463 CN1C=NCN(C=CC=CC(O)=C2C(=O)NCCCCC(=O)NC2=O)C1=O 1 O=C1CCCCNC(=O)C(=CC=CC=CN2CN=CNC2=O)C(=O)N1 1.0000000 1.0000 0.6885752 0.6886 0.7536733 4.2715
 | 16.7011 60.1348 47.9968 0.8447782 CC1=NOC(=O)C1=C(O)C=CC=CN1CC(O)CCC1=O 1 O=C1ON=CC1=CC=CC=CN1CCCCC1=O 1.0000000 1.0000 0.6918079 0.6918 0.7661903 4.2268
 | 9.8508 46.4832 64.8008 0.8694062 CN1C(=O)CCC(=C(O)C=CC=CN2CCC(=O)C2)C1=O 1 O=C1CCN(C=CC=CC=C2CCC(=O)NC2=O)C1 1.0000000 1.0000 0.6795644 0.6796 0.8831992 3.6821
 | 23.0230 70.0318 23.6804 0.7321264 CC1=CCC(c2ccccc2)N(C=CC=CC(O)=C2C(=O)N(CCOCCOCCO)C2=O)C1 1 O=C1NC(=O)C1=CC=CC=CN1CC=CCC1c1ccccc1 1.0000000 1.0000 0.3786385 0.3786 0.8657486 3.7858
 | 10.1876 42.9889 -42.9889 0.0000000 O=C1NCCC1=C(O)C=CC=CN1CCCCC1 1 O=C1NCCC1=CC=CC=CN1CCCCC1 1.0000000 1.0000 0.5944608 0.5945 0.9213719 3.3967
02:46:16 <INFO> Score: 0.75 Agent NLL: 16.27 Valid: 100% Step: 258
 | Agent Prior Target Score SMILES SMILES_state Scaffold DASA DASA (raw) Solubility Solubility (raw) SA SA (raw)
 | 11.4987 44.6134 -44.6134 0.0000000 CN1CCC(=C(O)C=C(O)C=CN2CCCCC2)C1=O 1 O=C1NCCC1=CC=CC=CN1CCCCC1 1.0000000 1.0000 0.5400946 0.5401 0.9142678 3.4581
 | 12.7237 61.2406 50.6324 0.8740077 O=C1CN(C=CC=CC(O)=C2CC(O)CC(=O)NC2=O)CN1 1 O=C1CN(C=CC=CC=C2CCCC(=O)NC2=O)CN1 1.0000000 1.0000 0.8143060 0.8143 0.7268066 4.3626
 | 14.8479 58.6869 48.4608 0.8370916 COC1(C)CC(=C(O)C=CC=CN2CCN(C)C2)C(=O)NC1=O 1 O=C1CCC(=CC=CC=CN2CCNC2)C(=O)N1 1.0000000 1.0000 0.7031225 0.7031 0.7231182 4.3746
 | 12.5696 58.8279 48.9741 0.8422035 O=C1CCCCC(=C(O)C=CC=CN2CC(O)CC2C(=O)O)C(=O)N1 1 O=C1CCCCC(=CC=CC=CN2CCCC2)C(=O)N1 1.0000000 1.0000 0.6749908 0.6750 0.7791018 4.1789
 | 23.3077 61.5012 38.9837 0.7850380 CN1C(=O)C(=C(O)C=CC=CN2CC(CN)C=CC2=O)CCC1O 1 O=C1NCCCC1=CC=CC=CN1CCC=CC1=O 1.0000000 1.0000 0.7047315 0.7047 0.5506967 4.8674
 | 13.8448 64.0245 51.4680 0.9022848 CNC1CCN(C=CC=CC(O)=C2C(=O)NC(=O)CC(=O)C2=O)CC1 1 O=C1CC(=O)C(=O)C(=CC=CC=CN2CCCCC2)C(=O)N1 1.0000000 1.0000 0.7500962 0.7501 0.9168599 3.4363
 | 14.5362 55.1443 47.6463 0.8030509 CC1(C)CN(C=CC=CC(O)=C2CCCC2=O)C(=O)C(O)O1 1 O=C1CCCC1=CC=CC=CN1CCOCC1=O 1.0000000 1.0000 0.5928048 0.5928 0.7454641 4.3000
 | 12.4832 52.6388 48.8721 0.7930538 C=C1C(=C(O)C=CC=CN2CC(Br)C2=O)C(=O)N1C 1 C=C1NC(=O)C1=CC=CC=CN1CCC1=O 1.0000000 1.0000 0.5944403 0.5944 0.7049226 4.4327
 | 27.8138 79.5870 24.1166 0.8101849 COCCC1NC(=O)C(=C(O)C=CC=CN2CCN(C(C)=CCN(CCO)CCO)C2=O)O1 1 O=C1NCOC1=CC=CC=CN1CCNC1=O 1.0000000 1.0000 0.6911616 0.6912 0.6435139 4.6152
 | 20.9643 71.3983 23.8675 0.7442641 CN1SC(=O)C=CC(=C(O)C=CC=CN2CC=COCCC2)C1=O 1 O=C1C=CC(=CC=CC=CN2CC=COCCC2)C(=O)NS1 1.0000000 1.0000 0.4611342 0.4611 0.7322525 4.3446
02:46:17 <INFO> Sampled SMILES O=C1NC(=O)C(=C(O)C=CC=CN2CN(CCC)CC2)CO2C1OCC2O failed to sanitize.
02:46:17 <INFO> Score: 0.73 Agent NLL: 16.81 Valid:  99% Step: 259
 | Agent Prior Target Score SMILES SMILES_state Scaffold DASA DASA (raw) Solubility Solubility (raw) SA SA (raw)
 | 16.3042 65.1525 27.9205 0.7271326 CC1CCCN(C=CC=CC(O)=C2C=C(N3CCCCCC3)C(O)C(=O)NC2=O)C1 1 O=C1CC(N2CCCCCC2)=CC(=CC=CC=CN2CCCCC2)C(=O)N1 1.0000000 1.0000 0.4136775 0.4137 0.7564545 4.2617
 | 8.0586 54.2811 -54.2811 0.0000000 O=C1CCCC(=C(O)C=CC=CN2CCCNC2)C(=O)N1 1 O=C1CCCC(=CC=CC=CN2CCCNC2)C(=O)N1 1.0000000 1.0000 0.6761968 0.6762 0.8889995 3.6446
 | 12.9882 56.5931 53.3375 0.8588325 CCCN1CN(C=CC=CC(O)=C2CC(=O)C(=O)NC2=O)C=N1 1 O=C1CC(=CC=CC=CN2C=NNC2)C(=O)NC1=O 1.0000000 1.0000 0.7225581 0.7226 0.7794142 4.1777
 | 13.9042 47.3075 61.3612 0.8489748 CN1C(=O)OCC(=C(O)C=CC=CN2CCCC2)C1=O 1 O=C1NC(=O)C(=CC=CC=CN2CCCC2)CO1 1.0000000 1.0000 0.6141641 0.6142 0.9024369 3.5508
 | 9.4367 46.1764 58.0182 0.8140206 CC1CN(C=CC=CC(O)=C2CCC(=O)NC2=O)CC(C)O1 1 O=C1CCC(=CC=CC=CN2CCOCC2)C(=O)N1 1.0000000 1.0000 0.6136415 0.6136 0.7571310 4.2593
 | 27.9582 86.0701 18.1666 0.8143489 CCC(=O)C(O)NC1C(=O)N(C)C(=O)C1=C(O)C=CC=CN1CC(=O)N(C)C(CN)C1 1 O=C1CN(C=CC=CC=C2CC(=O)NC2=O)CCN1 1.0000000 1.0000 0.8214742 0.8215 0.5344309 4.9101
 | 20.7043 59.9026 41.7151 0.7938881 CC1C(=O)C(=C(O)C=CC=CN2CCCC2=O)CC(=O)C1N1CCOCC1 1 O=C1CC(N2CCOCC2)C(=O)CC1=CC=CC=CN1CCCC1=O 1.0000000 1.0000 0.5767035 0.5767 0.7342532 4.3379
 | 30.2187 77.6597 20.9904 0.7707041 CN1CCC(N=C2N(C)CCCN2C=CC=CC(O)=C2ON=CC2=O)CC1=O 1 O=C1CC(N=C2NCCCN2C=CC=CC=C2ON=CC2=O)CCN1 1.0000000 1.0000 0.6053261 0.6053 0.6117034 4.7039
 | 9.9912 49.2904 56.7028 0.8280715 O=C1NCCCCC1=C(O)C=CC=CN1CCCC(O)C1 1 O=C1NCCCCC1=CC=CC=CN1CCCCC1 1.0000000 1.0000 0.5974071 0.5974 0.8401572 3.9190
 | 12.7703 52.0803 59.4428 0.8712740 CN1C(=O)CCC(=C(O)C=CC=CN2CCNC(C(=O)O)C2)C1=O 1 O=C1CCC(=CC=CC=CN2CCNCC2)C(=O)N1 1.0000000 1.0000 0.7373952 0.7374 0.8079966 4.0638
02:46:18 <INFO> Score: 0.77 Agent NLL: 16.24 Valid: 100% Step: 260
 | Agent Prior Target Score SMILES SMILES_state Scaffold DASA DASA (raw) Solubility Solubility (raw) SA SA (raw)
 | 16.2091 63.2273 47.7539 0.8670409 O=C1CC(=O)CC(=C(O)C=CC=CN2CCNCC2)C(=O)NC(=O)C1 1 O=C1CC(=O)CC(=CC=CC=CN2CCNCC2)C(=O)NC(=O)C1 1.0000000 1.0000 0.7428591 0.7429 0.7846544 4.1577
 | 19.5150 83.7680 22.5046 0.8302545 CC1(C)C=CN(C=CC=CC(O)=C2CC(=O)OC(=O)C(=O)NC2=O)C1 1 O=C1CC(=CC=CC=CN2C=CCC2)C(=O)NC(=O)C(=O)O1 1.0000000 1.0000 0.6472500 0.6472 0.7716152 4.2069
 | 19.4088 59.9781 46.7631 0.8339158 CC(O)C1NCCN(C=CC=CC(O)=C2C(=O)NC(=O)C2(C)C)C1=O 1 O=C1CC(=CC=CC=CN2CCNCC2=O)C(=O)N1 1.0000000 1.0000 0.7491113 0.7491 0.6595652 4.5692
 | 13.0413 62.0209 38.5447 0.7856680 CC1CN(C=CC=CC(O)=C2C=C(N3CCOCC3)C(=O)NC2=O)OC(C)O1 1 O=C1NC(=O)C(N2CCOCC2)=CC1=CC=CC=CN1CCOCO1 1.0000000 1.0000 0.6315903 0.6316 0.6302047 4.6527
 | 15.2892 71.2953 43.8571 0.8996276 O=C1NC(=O)C(=C(O)C=CC=CN2CCCNCC2)C(=O)C(=O)C1=CN1CCNCC1 1 O=C1NC(=O)C(=CN2CCNCC2)C(=O)C(=O)C1=CC=CC=CN1CCCNCC1 1.0000000 1.0000 0.7666983 0.7667 0.8820928 3.6890
 | 11.6559 56.2004 55.7002 0.8742238 CN(C)C1=CC(=C(O)C=CC=CN2CCCNC2=O)C(=O)NC1=O 1 O=C1C=CC(=CC=CC=CN2CCCNC2=O)C(=O)N1 1.0000000 1.0000 0.7078021 0.7078 0.8608369 3.8129
 | 14.5098 48.9119 57.0416 0.8277622 O=C(O)C1=COC(=C(O)C=C(O)C=CN2CCCCC2)C1=O 1 O=C1C=COC1=CC=CC=CN1CCCCC1 1.0000000 1.0000 0.5757892 0.5758 0.8767733 3.7217
 | 21.7335 80.2434 27.0155 0.8379604 CN1CC(O)CC(=O)N(C=CC=CC(O)=C2C=NC(=N)C(=O)NC2=O)C1 1 N=C1N=CC(=CC=CC=CN2CNCCCC2=O)C(=O)NC1=O 1.0000000 1.0000 0.7824175 0.7824 0.6388699 4.6284
 | 26.9307 81.4825 22.4102 0.8116617 O=C1NC(=O)C(=C(O)C=CC=CN2CCCCC2=O)C(=O)C1=CC1=CN2CCCN=C2O1 1 O=C1NC(=O)C(=CC2=CN3CCCN=C3O2)C(=O)C1=CC=CC=CN1CCCCC1=O 1.0000000 1.0000 0.5727807 0.5728 0.8124362 4.0450
 | 21.8499 57.5854 49.7872 0.8388490 CCOC(=O)N1CCCN(C=CC=CC(O)=C2NC(=NC)N(C)C2=O)C1 1 N=C1NC(=O)C(=CC=CC=CN2CCCNC2)N1 1.0000000 1.0000 0.6265392 0.6265 0.8377879 3.9304
02:46:18 <INFO> Score: 0.79 Agent NLL: 17.00 Valid: 100% Step: 261
 | Agent Prior Target Score SMILES SMILES_state Scaffold DASA DASA (raw) Solubility Solubility (raw) SA SA (raw)
 | 17.9783 59.1994 56.1826 0.9014222 O=C1CN(C=CC=CC(O)=C2C(=O)CCC(=O)C2=O)C(=O)NN1 1 O=C1CN(C=CC=CC=C2C(=O)CCC(=O)C2=O)C(=O)NN1 1.0000000 1.0000 0.7835032 0.7835 0.8666620 3.7807
 | 13.1905 64.8359 50.5082 0.9011258 O=C1NC(=O)C(CO)C(=O)C(=O)C1=C(O)C=CC=CN1CCCNCC1 1 O=C1CC(=O)C(=O)C(=CC=CC=CN2CCCNCC2)C(=O)N1 1.0000000 1.0000 0.8179887 0.8180 0.8218681 4.0039
 | 18.7558 60.3617 49.5674 0.8588216 COC(O)=c1oc(=C(O)C=CC=CN2CCC(CO)C2)c(=O)n1C 1 C=c1[nH]c(=O)c(=CC=CC=CN2CCCC2)o1 1.0000000 1.0000 0.7781239 0.7781 0.7130728 4.4070
 | 15.7763 59.2345 52.5617 0.8734077 O=CN1CCCN(C=CC=CC(O)=C2CCC(=O)CNC2=O)CC1 1 O=C1CCC(=CC=CC=CN2CCCNCC2)C(=O)NC1 1.0000000 1.0000 0.6958419 0.6958 0.8751829 3.7313
 | 15.5553 60.3621 49.6189 0.8592269 NC1C(=O)C(=C(O)C=CC=CN2CCCNC(=O)C2=O)OC1CO 1 O=C1CCOC1=CC=CC=CN1CCCNC(=O)C1=O 1.0000000 1.0000 0.8377664 0.8378 0.6538913 4.5856
 | 13.6192 54.4289 49.9180 0.8152103 C=C1CC(=C(O)C=CC=CN2CN(C)CCCC2=O)C(=O)N1C 1 C=C1CC(=CC=CC=CN2CNCCCC2=O)C(=O)N1 1.0000000 1.0000 0.5622489 0.5622 0.8460932 3.8898
 | 15.3556 58.6146 45.0286 0.8097126 C=C1C(O)CCN1C=CC=CC(O)=C1CC(O)CC(=O)NC1=O 1 C=C1CCCN1C=CC=CC=C1CCCC(=O)NC1=O 1.0000000 1.0000 0.7207251 0.7207 0.6104726 4.7073
 | 11.8886 53.9223 52.8935 0.8344984 CN1CC(=O)CCC(=C(O)C=CC=CN2CCCC(O)C2)C1=O 1 O=C1CCC(=CC=CC=CN2CCCCC2)C(=O)NC1 1.0000000 1.0000 0.6341778 0.6342 0.8078559 4.0644
 | 13.1654 70.4898 42.3814 0.8818065 N=C1C(=O)CC(=C(O)C=CC=CN2CCCNC2)C(=O)NC1=O 1 N=C1C(=O)CC(=CC=CC=CN2CCCNC2)C(=O)NC1=O 1.0000000 1.0000 0.7606777 0.7607 0.8187044 4.0179
 | 22.9652 60.0552 47.9875 0.8440842 CN1C(=O)CC(=C(O)C=CC=CN2C=CN(C(C)(C)C(N)=O)CC2)C1=O 1 O=C1CC(=CC=CC=CN2C=CNCC2)C(=O)N1 1.0000000 1.0000 0.6749771 0.6750 0.7864541 4.1507
02:46:19 <INFO> Score: 0.77 Agent NLL: 16.08 Valid:  99% Step: 262
 | Agent Prior Target Score SMILES SMILES_state Scaffold DASA DASA (raw) Solubility Solubility (raw) SA SA (raw)
 | 25.5632 59.0655 -59.0482 0.0001357 O=C1NC(=O)C(=C(O)C=CC=CN=C2CN(c3ccccc3)C(=O)C(=O)N2)C(=O)N1 1 O=C1NC(=O)C(=CC=CC=CN=C2CN(c3ccccc3)C(=O)C(=O)N2)C(=O)N1 0.0000000 0.0000 0.6850000 0.6850 0.8995680 3.5718
 | 16.3554 49.9492 59.0394 0.8514739 CC1C=CC(=O)C1=C(O)C=CC=CN1CCN(CCO)CC1 1 O=C1C=CCC1=CC=CC=CN1CCNCC1 1.0000000 1.0000 0.6491755 0.6492 0.8548406 3.8449
 | 10.9735 56.7799 59.4125 0.9077535 O=C1CC(=C(O)C=CC=CN2CCN(CCO)CC2=O)C(=O)O1 1 O=C1CC(=CC=CC=CN2CCNCC2=O)C(=O)O1 1.0000000 1.0000 0.7910325 0.7910 0.8823321 3.6875
 | 14.0549 50.6120 47.6199 0.7674363 CC1=CCC(=O)C(=C(O)C=CC=CN2CCCNC2=O)C1 1 O=C1CC=CCC1=CC=CC=CN1CCCNC1=O 1.0000000 1.0000 0.4538799 0.4539 0.8488848 3.8757
 | 15.9816 61.5103 50.0469 0.8715406 CN1CCCN(C=CC=CC(O)=C2C(=O)COC(=O)N(C)C2=O)C1 1 O=C1NC(=O)C(=CC=CC=CN2CCCNC2)C(=O)CO1 1.0000000 1.0000 0.6747556 0.6748 0.8999786 3.5688
 | 7.4385 56.6629 55.6038 0.8770832 CN1CCCN(C=CC=CC(O)=C2CCC(=O)C(=O)NC2=O)C1 1 O=C1CCC(=CC=CC=CN2CCCNC2)C(=O)NC1=O 1.0000000 1.0000 0.7020675 0.7021 0.8812858 3.6941
 | 20.8747 61.0991 47.1186 0.8454506 CN1C(=N)CC(=C(O)C=CC=CN2CN(CCO)C(=O)O2)C1=O 1 N=C1CC(=CC=CC=CN2CNC(=O)O2)C(=O)N1 1.0000000 1.0000 0.7271667 0.7272 0.7241188 4.3714
 | 12.9191 55.3818 62.0148 0.9171612 O=C1CCN(C=CC=CC(O)=C2C(=O)NNC(=O)NC2=O)C(=O)N1 1 O=C1CCN(C=CC=CC=C2C(=O)NNC(=O)NC2=O)C(=O)N1 1.0000000 1.0000 0.8209721 0.8210 0.8812065 3.6946
 | 9.0531 58.8410 51.5184 0.8621828 CN1CCN(C)N(C=CC=CC(O)=C2CCCC(=O)NC2=O)C1 1 O=C1CCCC(=CC=CC=CN2CNCCN2)C(=O)N1 1.0000000 1.0000 0.6754479 0.6754 0.8590277 3.8227
 | 9.8585 51.6507 64.1574 0.9047507 CN1C(=O)C(=O)NC(=O)C(=C(O)C=CC=CN2CCCC(O)C2)C1=O 1 O=C1NC(=O)C(=CC=CC=CN2CCCCC2)C(=O)NC1=O 1.0000000 1.0000 0.7955208 0.7955 0.8642503 3.7941
02:46:20 <INFO> Score: 0.78 Agent NLL: 16.22 Valid: 100% Step: 263
 | Agent Prior Target Score SMILES SMILES_state Scaffold DASA DASA (raw) Solubility Solubility (raw) SA SA (raw)
 | 12.4913 60.2840 48.6491 0.8510397 CC1CCN(C=CC=CC(O)=C2CCC(=O)C(=O)C(=O)NC2=O)CC1 1 O=C1CCC(=CC=CC=CN2CCCCC2)C(=O)NC(=O)C1=O 1.0000000 1.0000 0.6118381 0.6118 0.9158524 3.4448
 | 16.6778 65.6103 40.0211 0.8252450 COC1C(=O)CC(=C(O)C=CC=CN2C(=O)CCNC2C(=O)O)C(=O)NC1=O 1 O=C1CC(=O)NC(=O)C(=CC=CC=CN2CNCCC2=O)C1 1.0000000 1.0000 0.7968578 0.7969 0.5861263 4.7733
 | 17.4989 64.2550 45.6945 0.8589803 N=C1CC(=O)C(=C(O)C=CC=CN2CCCCCC2=O)C(=O)NC1=O 1 N=C1CC(=O)C(=CC=CC=CN2CCCCCC2=O)C(=O)NC1=O 1.0000000 1.0000 0.6412573 0.6413 0.9000996 3.5679
 | 14.8637 60.4351 43.5138 0.8121009 CC1(C)CN(C=CC=CC(O)=C2CC(O)C(=O)NC2=O)CC(O)O1 1 O=C1CCC(=CC=CC=CN2CCOCC2)C(=O)N1 1.0000000 1.0000 0.7514054 0.7514 0.5879125 4.7685
 | 13.2727 48.2562 60.2807 0.8479449 O=C1CC(=C(O)C=CC=CN2CCCCCC2)C(=O)C(=O)C1=O 1 O=C1CC(=CC=CC=CN2CCCCCC2)C(=O)C(=O)C1=O 1.0000000 1.0000 0.6044210 0.6044 0.9152436 3.4500
 | 17.9868 66.9297 46.8574 0.8889622 CN1CCN(C=C2CC(=C(O)C=CC=CN3CC(=O)NC(=O)C3)C(=O)NC2=O)CC1 1 O=C1CN(C=CC=CC=C2CC(=CN3CCNCC3)C(=O)NC2=O)CC(=O)N1 1.0000000 1.0000 0.7580686 0.7581 0.8504711 3.8676
 | 12.7264 41.5287 48.7767 0.7055108 CC1CN(C=CC=CC(O)=C2CCCCC2=O)CC(C)O1 1 O=C1CCCCC1=CC=CC=CN1CCOCC1 1.0000000 1.0000 0.3599788 0.3600 0.7873777 4.1471
 | 22.5837 66.0629 35.3915 0.7926127 CC(=O)N=C1CC(O)=CC(=C(O)C=CC=CN2CCC(=O)CC2)C1=O 1 N=C1CC=CC(=CC=CC=CN2CCC(=O)CC2)C1=O 1.0000000 1.0000 0.5184049 0.5184 0.8288069 3.9725
 | 12.7744 57.7820 53.9013 0.8725259 O=C1NC(=O)C(=C(O)C=CC=CN2CCCNC2=O)CC1=CCO 1 C=C1CC(=CC=CC=CN2CCCNC2=O)C(=O)NC1=O 1.0000000 1.0000 0.7188683 0.7189 0.8380883 3.9290
 | 12.4075 46.6639 70.7003 0.9169083 O=C1OC(=O)C1=C(O)C=CC=CN1CC1 1 O=C1OC(=O)C1=CC=CC=CN1CC1 1.0000000 1.0000 0.7911110 0.7911 0.9202034 3.4072
02:46:20 <INFO> Sampled SMILES N1C(=O)C(=C(O)C=CC=CN2CC=CCC2)c2c1c(O)c(=COC(=O)C)cc2 failed to sanitize.
02:46:20 <INFO> Score: 0.73 Agent NLL: 17.22 Valid:  99% Step: 264
 | Agent Prior Target Score SMILES SMILES_state Scaffold DASA DASA (raw) Solubility Solubility (raw) SA SA (raw)
 | 14.9941 63.7909 44.1833 0.8435486 O=C1C=CNC(=O)C(=C(O)C=CC=CN2CN=CNC2=O)C1 1 O=C1C=CNC(=O)C(=CC=CC=CN2CN=CNC2=O)C1 1.0000000 1.0000 0.7128428 0.7128 0.7346323 4.3367
 | 35.7102 99.5510 -7.3306 0.7204718 CC(O)C1OC(NC2OC(CO)C(O)C(O)C2N)C(=O)NC(=O)C1=C(O)C=CC=CN1CCN(C)CC(=O)C1=O 1 O=C1CNCCN(C=CC=CC=C2COC(NC3CCCCO3)C(=O)NC2=O)C1=O 1.0000000 1.0000 0.8921244 0.8921 0.2893882 5.5852
 | 17.6947 70.1980 34.2999 0.8163894 CNC1CCC(=C(O)C=CC=CN2CCC(=NO)N2)C(=O)NC1=O 1 N=C1CCN(C=CC=CC=C2CCCC(=O)NC2=O)N1 1.0000000 1.0000 0.7463496 0.7463 0.6059518 4.7197
 | 11.6033 54.2719 53.9907 0.8458016 CN1CCCN(C=CC=CC(O)=C2CCCC(=O)NC2=O)C1=N 1 N=C1NCCCN1C=CC=CC=C1CCCC(=O)NC1=O 1.0000000 1.0000 0.6220927 0.6221 0.8747856 3.7336
 | 20.8680 69.0390 36.4543 0.8241659 CC(O)CC1C(=O)NC(=O)C(=C(O)C=CC=CN2CCOC(C)(C)C2=O)C(=O)C1=O 1 O=C1CC(=O)C(=O)C(=CC=CC=CN2CCOCC2=O)C(=O)N1 1.0000000 1.0000 0.7108699 0.7109 0.6685185 4.5430
 | 19.3719 63.8328 48.5824 0.8782435 CC=c1oc(=C(O)C=CC=CN2CC(=O)N(CCOC)C2)c(=O)n1C 1 C=c1[nH]c(=O)c(=CC=CC=CN2CNC(=O)C2)o1 1.0000000 1.0000 0.7809360 0.7809 0.7799096 4.1758
 | 17.7685 56.4986 42.9340 0.7768170 O=C1C=CC(=C(O)C=CC=CN2CC(Br)C2=NO)C(=O)N1 1 N=C1CCN1C=CC=CC=C1C=CC(=O)NC1=O 1.0000000 1.0000 0.6304403 0.6304 0.6022350 4.7298
 | 22.1847 67.6168 34.1143 0.7947742 CC(O)C1OC(=NO)NC(=O)C1=C(O)C=CC=CN1CCC(C(=O)O)C1 1 N=C1NC(=O)C(=CC=CC=CN2CCCC2)CO1 1.0000000 1.0000 0.7299532 0.7300 0.5559936 4.8535
 | 13.5609 57.8823 55.6088 0.8866487 CCN1C(=O)C(=C(O)C=CC=CN2CCCNC2=O)C(=O)NC(=O)C1O 1 O=C1CNC(=O)C(=CC=CC=CN2CCCNC2=O)C(=O)N1 1.0000000 1.0000 0.7837143 0.7837 0.8082902 4.0626
 | 14.8902 53.0696 58.7831 0.8738492 CN1C(=O)CC(=C(O)C=CC=CN2CNC(=O)NC2=N)C1=O 1 N=C1NC(=O)NCN1C=CC=CC=C1CC(=O)NC1=O 1.0000000 1.0000 0.7684696 0.7685 0.7785406 4.1810
02:46:21 <INFO> Score: 0.81 Agent NLL: 15.69 Valid: 100% Step: 265
 | Agent Prior Target Score SMILES SMILES_state Scaffold DASA DASA (raw) Solubility Solubility (raw) SA SA (raw)
 | 20.4930 69.7414 40.3342 0.8599656 CCCC(=O)NC1CCCN(C=CC=CC(O)=C2C(=O)NC(=O)NC(O)C2=O)C1=O 1 O=C1NCC(=O)C(=CC=CC=CN2CCCCC2=O)C(=O)N1 1.0000000 1.0000 0.7327338 0.7327 0.7706994 4.2103
 | 12.9832 62.2510 54.0541 0.9086335 CC(C)N1C(=O)C(=O)NC(=O)C(=C(O)C=CC=CN2CCN(C)C(=O)C2)C1=O 1 O=C1CN(C=CC=CC=C2C(=O)NC(=O)C(=O)NC2=O)CCN1 1.0000000 1.0000 0.7703510 0.7704 0.9145477 3.4558
 | 13.8987 59.7886 47.1102 0.8351471 COC=C1CC(=C(O)C=CC=CN2CCC(C(=O)O)C2)C(=O)NC1=O 1 C=C1CC(=CC=CC=CN2CCCC2)C(=O)NC1=O 1.0000000 1.0000 0.6602502 0.6603 0.7722436 4.2046
 | 10.8442 49.9388 65.8980 0.9049747 CN1C(=O)C(=C(O)C=CC=CN2CCNC2)C(=O)N(C)C1=O 1 O=C1NC(=O)C(=CC=CC=CN2CCNC2)C(=O)N1 1.0000000 1.0000 0.7665533 0.7666 0.9045285 3.5352
 | 21.4322 60.6925 50.1069 0.8656199 CC1NC(=O)NC(=O)C1=C(O)C=CC=CN1CCN(CN)C1=O 1 O=C1NCC(=CC=CC=CN2CCNC2=O)C(=O)N1 1.0000000 1.0000 0.7660611 0.7661 0.7510318 4.2807
 | 14.9731 66.5064 34.3241 0.7877384 O=C1CC(N2CCOCC2)=CC(=C(O)C=CC=CN2CCC(O)(C(F)(F)F)CC2)C(=O)N1 1 O=C1CC(N2CCOCC2)=CC(=CC=CC=CN2CCCCC2)C(=O)N1 1.0000000 1.0000 0.4974108 0.4974 0.8486845 3.8767
 | 18.2711 54.4223 59.7176 0.8917181 CN1C(=O)C(=O)C(=C(O)C=CC=CN2CCCC(N)C2)C(=O)C1=O 1 O=C1NC(=O)C(=O)C(=CC=CC=CN2CCCCC2)C1=O 1.0000000 1.0000 0.7745920 0.7746 0.8395920 3.9217
 | 14.8741 59.0937 52.2916 0.8701972 NCCC1CCC(=C(O)C=CC=CN2CCNCC2=O)C(=O)NC1=O 1 O=C1CCCC(=CC=CC=CN2CCNCC2=O)C(=O)N1 1.0000000 1.0000 0.7590223 0.7590 0.7764058 4.1891
 | 16.1798 59.0387 50.9049 0.8589339 C=C1C(=O)OCC(=C(O)C=CC=CN2CC(=O)NC(C(=O)O)C2)C1=O 1 C=C1C(=O)OCC(=CC=CC=CN2CCNC(=O)C2)C1=O 1.0000000 1.0000 0.7713587 0.7714 0.7209800 4.3816
 | 13.2487 53.7722 50.4985 0.8146147 CCOC(=O)N1CCN(C=CC=CC(O)=C2CCCCC(=O)NC2=O)CC1 1 O=C1CCCCC(=CC=CC=CN2CCNCC2)C(=O)N1 1.0000000 1.0000 0.5129103 0.5129 0.9417807 3.1867
02:46:22 <INFO> Score: 0.77 Agent NLL: 17.46 Valid: 100% Step: 266
 | Agent Prior Target Score SMILES SMILES_state Scaffold DASA DASA (raw) Solubility Solubility (raw) SA SA (raw)
 | 13.1720 69.5527 40.4255 0.8592042 C=C1CCC(=C(O)C=CC=CN2CCCNC2)C(=O)NC(=O)C1=O 1 C=C1CCC(=CC=CC=CN2CCCNC2)C(=O)NC(=O)C1=O 1.0000000 1.0000 0.6736488 0.6736 0.8493460 3.8733
 | 15.2051 58.9421 49.1925 0.8448016 CN1C(=O)CC(=O)C(=C(O)C=CC=CN2CC=CC(N)CC2)C1=O 1 O=C1CC(=O)C(=CC=CC=CN2CC=CCCC2)C(=O)N1 1.0000000 1.0000 0.6983463 0.6983 0.7576782 4.2574
 | 9.8726 46.4832 -46.4832 0.0000000 CN1C(=O)CCC(=C(O)C=CC=CN2CCC(=O)C2)C1=O 1 O=C1CCN(C=CC=CC=C2CCC(=O)NC2=O)C1 1.0000000 1.0000 0.6795644 0.6796 0.8831992 3.6821
 | 19.8674 72.8861 29.0525 0.7963954 CCCCC1(C)CC(=O)C(=C(O)C=CC=CN2CN(C)C2)C(=O)NC1=O 1 O=C1CCC(=O)C(=CC=CC=CN2CNC2)C(=O)N1 1.0000000 1.0000 0.5417796 0.5418 0.8019615 4.0889
 | 27.8302 37.4543 -37.4376 0.0001305 CC(C)C1CCN(C=C2C(=O)CC(=NCCO)CC2=O)CC1 1 N=C1CC(=O)C(=CN2CCCCC2)C(=O)C1 0.0000000 0.0000 0.5977701 0.5978 0.8977172 3.5850
 | 11.2632 54.3299 55.0123 0.8542357 CN1CC(O)CN(C=CC=CC(O)=C2CCCC(=O)NC2=O)C1 1 O=C1CCCC(=CC=CC=CN2CCCNC2)C(=O)N1 1.0000000 1.0000 0.7187704 0.7188 0.7668638 4.2243
 | 20.3555 75.0697 30.9023 0.8279061 COCC1C=CC(=C(O)C=CC=CN2CCC(=NNC(N)=O)C2)C(=O)NC1=O 1 N=C1CCN(C=CC=CC=C2C=CCC(=O)NC2=O)C1 1.0000000 1.0000 0.7091596 0.7092 0.6833257 4.4990
 | 8.8565 55.4929 62.7622 0.9238680 CN1C(=O)C(=O)NC(=O)C(=C(O)C=CC=CN2CCCNCC2)C1=O 1 O=C1NC(=O)C(=CC=CC=CN2CCCNCC2)C(=O)NC1=O 1.0000000 1.0000 0.8061995 0.8062 0.9286041 3.3288
 | 10.3830 49.9969 52.6025 0.8015581 CC1CCC(=O)N(C=CC=CC(O)=C2CCCC(=O)NC2=O)C1 1 O=C1CCCC(=CC=CC=CN2CCCCC2=O)C(=O)N1 1.0000000 1.0000 0.5341966 0.5342 0.8380805 3.9290
 | 15.5168 70.1852 34.8053 0.8202382 CN1C(=O)C(=C(O)C=CC=CN2CN=CNC(=O)C2)C1(C)O 1 O=C1CN(C=CC=CC=C2CNC2=O)CN=CN1 1.0000000 1.0000 0.7886448 0.7886 0.5784826 4.7938
02:46:22 <INFO> Score: 0.74 Agent NLL: 17.21 Valid: 100% Step: 267
 | Agent Prior Target Score SMILES SMILES_state Scaffold DASA DASA (raw) Solubility Solubility (raw) SA SA (raw)
 | 16.2423 58.6658 50.9347 0.8562541 CCCN1CC(O)C(=O)N(C=CC=CC(O)=C2CCC(=O)NC2=O)C1 1 O=C1CCC(=CC=CC=CN2CNCCC2=O)C(=O)N1 1.0000000 1.0000 0.7211042 0.7211 0.7714956 4.2073
 | 10.8411 60.3525 51.5143 0.8739590 O=C1CCC(=C(O)C=CC=CN2C=CN(CCO)CC2)C(=O)NC1=O 1 O=C1CCC(=CC=CC=CN2C=CNCC2)C(=O)NC1=O 1.0000000 1.0000 0.7404492 0.7404 0.8144570 4.0364
 | 10.2146 50.2381 -50.2381 0.0000000 CN1C(=O)C(=O)NC(=O)C(=C(O)C=CC=CN2CCCCCC2)C1=O 1 O=C1NC(=O)C(=CC=CC=CN2CCCCCC2)C(=O)NC1=O 1.0000000 1.0000 0.6895152 0.6895 0.9458113 3.1372
 | 21.7688 67.3338 39.4709 0.8344123 CC1ON(C=CC=CC(O)=C2C(=O)NCCN2C)CCN1S(C)(=O)=O 1 O=C1NCCNC1=CC=CC=CN1CCNCO1 1.0000000 1.0000 0.7327455 0.7327 0.6789772 4.5120
 | 21.5188 72.5954 33.3131 0.8274102 CN(C=O)C1=CC(=C(O)C=CC=CN2CCC=CC2=O)C(=O)NC(=O)CC1 1 O=C1CCC=CC(=CC=CC=CN2CCC=CC2=O)C(=O)N1 1.0000000 1.0000 0.6210224 0.6210 0.7992799 4.0998
 | 18.3818 58.7629 44.4383 0.8062595 CC(C)CCN1CCCN(C=CC=CC(O)=C2C=CNNC2=O)C1 1 O=C1NNC=CC1=CC=CC=CN1CCCNC1 1.0000000 1.0000 0.5359384 0.5359 0.8555717 3.8411
 | 11.4418 61.3632 52.2237 0.8873975 O=C1NNCCCC1=C(O)C=CC=CN1CCCN(CCO)CC1 1 O=C1NNCCCC1=CC=CC=CN1CCCNCC1 1.0000000 1.0000 0.7212070 0.7212 0.8962405 3.5954
 | 15.2249 65.9068 39.2650 0.8216550 CC=C1OCCC(=O)NC(=O)C1=C(O)C=CC=CN1CCC(C(=O)O)CC1 1 C=C1OCCC(=O)NC(=O)C1=CC=CC=CN1CCCCC1 1.0000000 1.0000 0.5433308 0.5433 0.9112104 3.4831
 | 18.3478 56.6379 50.7024 0.8385963 O=C1C(=C(O)C=CC=CN2CCC=CC2=O)CCn2c1cc(=O)[nH]c2=O 1 O=C1C(=CC=CC=CN2CCC=CC2=O)CCn2c1cc(=O)[nH]c2=O 1.0000000 1.0000 0.6246001 0.6246 0.8398466 3.9205
 | 22.2614 70.4766 37.3946 0.8427433 CCCCCC1CNC(=O)C(=C(O)C=CC=CN2CNCC(=O)C2)C(=O)NC1=O 1 O=C1CNCN(C=CC=CC=C2C(=O)NCCC(=O)NC2=O)C1 1.0000000 1.0000 0.6892963 0.6893 0.7617865 4.2427
02:46:23 <INFO> Score: 0.80 Agent NLL: 17.00 Valid: 100% Step: 268
 | Agent Prior Target Score SMILES SMILES_state Scaffold DASA DASA (raw) Solubility Solubility (raw) SA SA (raw)
 | 14.9286 51.2496 59.8286 0.8677987 O=C1CCN(C=CC=CC(O)=C2CCC2=O)C(=O)N1 1 O=C1CCN(C=CC=CC=C2CCC2=O)C(=O)N1 1.0000000 1.0000 0.6728059 0.6728 0.8869352 3.6582
 | 16.4701 69.0073 43.9309 0.8823295 CN1CCN(CCCO)N(C=CC=CC(O)=C2CCC(=O)C(=O)NC2=O)C1 1 O=C1CCC(=CC=CC=CN2CNCCN2)C(=O)NC1=O 1.0000000 1.0000 0.7479924 0.7480 0.8374765 3.9319
 | 31.1204 70.5955 34.5800 0.8216834 C=C1CC(=C(O)C=CC=CN2CCCNC2=O)C(=O)C1NNC(=O)C(=O)NCCCC 1 C=C1CC(=O)C(=CC=CC=CN2CCCNC2=O)C1 1.0000000 1.0000 0.6355283 0.6355 0.7550873 4.2665
 | 22.5555 68.5887 39.7815 0.8466423 CCN1CC(=O)N(CC)C(=O)N(C=CC=CC(O)=C2C=NN(C)C2=O)C1 1 O=C1CNCN(C=CC=CC=C2C=NNC2=O)C(=O)N1 1.0000000 1.0000 0.6468363 0.6468 0.8382752 3.9281
 | 17.9507 64.9292 47.7811 0.8805497 COCC1=COC(=C(O)C=C(O)C=CN2CCNCC2)C(=O)NC1=O 1 O=C1C=COC(=CC=CC=CN2CCNCC2)C(=O)N1 1.0000000 1.0000 0.7482206 0.7482 0.8301007 3.9666
 | 12.8443 61.8270 51.1069 0.8822957 CN1CN(C=CC=CC(O)=C2C(=O)NC(=O)CC(=O)C2O)CC1=O 1 O=C1CC(=O)NC(=O)C(=CC=CC=CN2CNC(=O)C2)C1 1.0000000 1.0000 0.8269311 0.8269 0.7423630 4.3106
 | 19.0787 65.5796 36.8697 0.8003850 NC1C=CCN(C=CC=CC(O)=C2C(=O)NC(O)C2=O)CC1N 1 O=C1CNC(=O)C1=CC=CC=CN1CC=CCCC1 1.0000000 1.0000 0.8436134 0.8436 0.4813750 5.0486
 | 8.1931 56.2524 -56.2524 0.0000000 O=C1CCC(=C(O)C=CC=CN2CCCNCC2)C(=O)NC1=O 1 O=C1CCC(=CC=CC=CN2CCCNCC2)C(=O)NC1=O 1.0000000 1.0000 0.7277973 0.7278 0.8995315 3.5720
 | 15.5578 51.6160 58.3966 0.8594738 O=C1NCC(=C(O)C=CC=CN2CCCCCC2)C1=O 1 O=C1NCC(=CC=CC=CN2CCCCCC2)C1=O 1.0000000 1.0000 0.6316771 0.6317 0.9187195 3.4202
 | 15.4762 54.8501 52.7238 0.8404212 CN1NC(=O)C(=C(O)C=CC=CN2CC(O)CC2=O)C1O 1 O=C1NNCC1=CC=CC=CN1CCCC1=O 1.0000000 1.0000 0.8378667 0.8379 0.5957686 4.7473
02:46:23 <INFO> Sampled SMILES O=C1NC(=O)C(=C(O)C=CC=CN2CN=CNC2=O)C=C(=O)C1O failed to sanitize.
02:46:24 <INFO> Score: 0.77 Agent NLL: 17.26 Valid:  99% Step: 269
 | Agent Prior Target Score SMILES SMILES_state Scaffold DASA DASA (raw) Solubility Solubility (raw) SA SA (raw)
 | 18.0352 77.5328 -77.5328 0.0000000 O=C1NC(=O)C(=C(O)C=CC=CN2CN=CNC2=O)C=C(=O)C1O 0 -- 0.0000000 0.0000 0.0000000 0.0000 0.0000000 0.0000
 | 19.4041 63.6065 47.7187 0.8697282 C=c1c(=O)[nH]c(=O)c(=C(O)C=CC=CN2CC=C(C)CC2=O)n1C 1 C=c1[nH]c(=CC=CC=CN2CC=CCC2=O)c(=O)[nH]c1=O 1.0000000 1.0000 0.7601073 0.7601 0.7733231 4.2006
 | 9.4598 51.2874 55.1247 0.8313443 CC1CN(C=CC=CC(O)=C2CC(=O)C(=O)NC2=O)CC(C)O1 1 O=C1CC(=CC=CC=CN2CCOCC2)C(=O)NC1=O 1.0000000 1.0000 0.6900607 0.6901 0.7184808 4.3896
 | 11.8166 57.7876 57.4044 0.8999375 O=C1CC(O)C(=O)NC(=O)C1=C(O)C=CC=CN1CCOCC1=O 1 O=C1CCC(=O)C(=CC=CC=CN2CCOCC2=O)C(=O)N1 1.0000000 1.0000 0.8190817 0.8191 0.8160170 4.0296
 | 18.7056 65.4033 49.2885 0.8960296 N=C1NC(=O)C(=C(O)C=CC=CN2CCC(=O)NC2=O)C(=O)O1 1 N=C1NC(=O)C(=CC=CC=CN2CCC(=O)NC2=O)C(=O)O1 1.0000000 1.0000 0.7834284 0.7834 0.8451909 3.8943
 | 12.4378 64.3940 41.4094 0.8265890 O=C1CC(=C(O)C=CC=CN2CCC(C(F)(F)F)CC2)C(=O)NC(=O)C1=O 1 O=C1CC(=CC=CC=CN2CCCCC2)C(=O)NC(=O)C1=O 1.0000000 1.0000 0.5647787 0.5648 0.8919953 3.6246
 | 18.8488 55.5491 54.4485 0.8593562 O=C1OCC(=CCCO)OC1=C(O)C=CC=CN1CC1 1 C=C1COC(=O)C(=CC=CC=CN2CC2)O1 1.0000000 1.0000 0.6960662 0.6961 0.8172350 4.0243
 | 14.1647 66.5889 39.2036 0.8265042 NC1C=CCN(C=CC=CC(O)=C2OC(=O)NC(=S)NC2=O)C1=O 1 O=C1NC(=S)NC(=O)C(=CC=CC=CN2CC=CCC2=O)O1 1.0000000 1.0000 0.7443426 0.7443 0.6401798 4.6247
 | 9.8172 64.3653 55.3452 0.9352376 O=C1NC(=O)C(=O)C(=C(O)C=CC=CN2CCN(CCO)CC2=O)C(=O)N1 1 O=C1NC(=O)C(=O)C(=CC=CC=CN2CCNCC2=O)C(=O)N1 1.0000000 1.0000 0.8497687 0.8498 0.9177226 3.4289
 | 22.2951 72.2926 -72.2926 0.0000000 COC=CCN1CC(=O)C(=C(O)C=CC=CN2CCN(C=O)CC2)C(=O)NC1=O 1 O=C1NCC(=O)C(=CC=CC=CN2CCNCC2)C(=O)N1 1.0000000 1.0000 0.7183897 0.7184 0.8645672 3.7924
02:46:24 <INFO> Score: 0.76 Agent NLL: 16.95 Valid: 100% Step: 270
 | Agent Prior Target Score SMILES SMILES_state Scaffold DASA DASA (raw) Solubility Solubility (raw) SA SA (raw)
 | 25.6728 69.2378 35.4166 0.8176124 CC1(C)OC(=O)C(=C(O)C=CC=CN2CCCNC2)CC1NCCCNCCCN 1 O=C1OCCCC1=CC=CC=CN1CCCNC1 1.0000000 1.0000 0.6238133 0.6238 0.7561952 4.2626
 | 37.4134 92.6409 0.7465 0.7295889 C=C1OCN(CN2CCOCC2)C(=O)NC(=O)C1=C(O)C=CC=CN1C(OC)N=C(C)C1C=CCO 1 C=C1OCN(CN2CCOCC2)C(=O)NC(=O)C1=CC=CC=CN1CC=NC1 1.0000000 1.0000 0.5702495 0.5702 0.5219762 4.9427
 | 13.9376 52.8841 59.8220 0.8805163 O=C1NOC(=O)C1=C(O)C=CC=CN1CCC(C(=O)O)CC1=O 1 O=C1NOC(=O)C1=CC=CC=CN1CCCCC1=O 1.0000000 1.0000 0.7633005 0.7633 0.8103310 4.0540
 | 15.6265 72.0807 39.4225 0.8711191 CC1(N)CCN(C=CC=CC(O)=C2C(=O)NC(=O)NC(=O)C2=O)C(=O)N1 1 O=C1NC(=O)C(=O)C(=CC=CC=CN2CCCNC2=O)C(=O)N1 1.0000000 1.0000 0.7917844 0.7918 0.7413056 4.3142
 | 16.0725 78.0270 30.0153 0.8440801 CN1C=NCN(C=CC=CC(O)=C2CC=C(O)C(=O)C(=O)NC2=O)C1 1 O=C1C=CCC(=CC=CC=CN2CN=CNC2)C(=O)NC1=O 1.0000000 1.0000 0.7134454 0.7134 0.7358315 4.3327
 | 11.9524 56.4971 -56.4971 0.0000000 NC1CCN(C=CC=CC(O)=C2CCC(=O)NNC2=O)C1 1 O=C1CCC(=CC=CC=CN2CCCC2)C(=O)NN1 1.0000000 1.0000 0.7709335 0.7709 0.7550481 4.2667
 | 13.8234 54.4697 54.7010 0.8528959 CC1(O)CC(=C(O)C=CC=CN2CCCNC2=O)C(=O)NC1=O 1 O=C1CCC(=CC=CC=CN2CCCNC2=O)C(=O)N1 1.0000000 1.0000 0.7336405 0.7336 0.7433330 4.3073
 | 14.4324 52.0163 57.5867 0.8562732 O=C1CC(=C(O)C=CC=CN2CCC(C(=O)O)C2=O)C(=O)O1 1 O=C1CC(=CC=CC=CN2CCCC2=O)C(=O)O1 1.0000000 1.0000 0.7344925 0.7345 0.7547221 4.2678
 | 9.3067 58.8410 -58.8410 0.0000000 CN1CCN(C)N(C=CC=CC(O)=C2CCCC(=O)NC2=O)C1 1 O=C1CCCC(=CC=CC=CN2CNCCN2)C(=O)N1 1.0000000 1.0000 0.6754479 0.6754 0.8590277 3.8227
 | 15.8536 57.6529 48.9853 0.8331113 CN1CCON(C=CC=CC(O)=C2CC(CO)NC2=O)C1 1 O=C1NCCC1=CC=CC=CN1CNCCO1 1.0000000 1.0000 0.7725737 0.7726 0.6330308 4.6448
02:46:25 <INFO> Score: 0.79 Agent NLL: 16.83 Valid: 100% Step: 271
 | Agent Prior Target Score SMILES SMILES_state Scaffold DASA DASA (raw) Solubility Solubility (raw) SA SA (raw)
 | 10.8957 55.2193 57.6408 0.8817196 O=C1CC(N2CCOCC2)=CC(=C(O)C=CC=CN2CC2)C(=O)N1 1 O=C1CC(N2CCOCC2)=CC(=CC=CC=CN2CC2)C(=O)N1 1.0000000 1.0000 0.7031121 0.7031 0.8994120 3.5729
 | 15.8268 55.5446 45.3519 0.7882539 CC1CCCCN1C=CC=CC(O)=C1C(=O)NC(=S)C(=N)C1=O 1 N=C1C(=O)C(=CC=CC=CN2CCCCC2)C(=O)NC1=S 1.0000000 1.0000 0.5463197 0.5463 0.7604338 4.2475
 | 27.6347 85.1059 22.2794 0.8389476 CCN1C(=O)C(=N)C(=O)C(=C(O)C=CC=CN2CCCC2=NCOC)C1=O 1 N=C1C(=O)NC(=O)C(=CC=CC=CN2CCCC2=N)C1=O 1.0000000 1.0000 0.6395036 0.6395 0.8178520 4.0216
 | 15.9298 57.9739 42.8488 0.7876770 O=C1CC(N2CCCCC2)=CC(=C(O)C=CC=CN2CCCC2C(=O)O)C(=O)N1 1 O=C1CC(N2CCCCC2)=CC(=CC=CC=CN2CCCC2)C(=O)N1 1.0000000 1.0000 0.5067661 0.5068 0.8296468 3.9687
 | 16.5901 59.0004 48.5833 0.8404979 C=C1CC(=O)C(=C(O)C=CC=CN2CCC(O)C(O)C2)C(=O)N1 1 C=C1CC(=O)C(=CC=CC=CN2CCCCC2)C(=O)N1 1.0000000 1.0000 0.7486687 0.7487 0.6821915 4.5024
 | 14.9537 71.0318 40.6692 0.8726637 CN1CC(O)N(C=CC=CC(O)=C2C(=O)NC(=O)C(CO)C(=O)C2=O)CC1=O 1 O=C1CN(C=CC=CC=C2C(=O)NC(=O)CC(=O)C2=O)CCN1 1.0000000 1.0000 0.8655069 0.8655 0.6711698 4.5352
 | 16.5113 55.6159 41.6996 0.7602775 CC=C1CCCC(=C(O)C=CC=CN2CC=CC2=O)C(=O)N1 1 C=C1CCCC(=CC=CC=CN2CC=CC2=O)C(=O)N1 1.0000000 1.0000 0.4667161 0.4667 0.7892595 4.1398
 | 18.9999 58.9890 45.3843 0.8154167 CC(=O)NC1CCCCCN1C=CC=CC(O)=C1CN(C)C(=O)NC1=O 1 O=C1NCC(=CC=CC=CN2CCCCCC2)C(=O)N1 1.0000000 1.0000 0.5834274 0.5834 0.8102332 4.0544
 | 13.2541 58.4310 52.4001 0.8658678 O=C1NC(=O)C(=C(O)C=CC=CN2CCC(CO)C2)SC1=O 1 O=C1NC(=O)C(=CC=CC=CN2CCCC2)SC1=O 1.0000000 1.0000 0.7407715 0.7408 0.7828447 4.1646
 | 17.9009 71.6488 32.3615 0.8125808 NC1CNCN(C=CC=CC(O)=C2CC(=O)C(=O)C(O)NC2=O)C1 1 O=C1CNC(=O)C(=CC=CC=CN2CCCNC2)CC1=O 1.0000000 1.0000 0.8549730 0.8550 0.5047737 4.9876
02:46:26 <INFO> Score: 0.83 Agent NLL: 18.14 Valid: 100% Step: 272
 | Agent Prior Target Score SMILES SMILES_state Scaffold DASA DASA (raw) Solubility Solubility (raw) SA SA (raw)
 | 23.6017 63.1936 20.7075 0.6554776 CC=CC=C1CC(=C(O)C=CC=CN2CC(C(=O)O)CC(C)C2=O)C(=O)O1 1 C=C1CC(=CC=CC=CN2CCCCC2=O)C(=O)O1 1.0000000 1.0000 0.3731364 0.3731 0.5537351 4.8594
 | 23.1348 73.9434 22.8677 0.7563363 CCCCC1(N)CCN(C=CC=CC(O)=C2CC(=CN3CCOCC3)C(=O)N(C)C2=O)C1=O 1 O=C1NC(=O)C(=CN2CCOCC2)CC1=CC=CC=CN1CCCC1=O 1.0000000 1.0000 0.5113251 0.5113 0.6920959 4.4724
 | 32.5896 70.8944 31.9457 0.8034382 CCOc1cc(=CSC)oc(=C(O)C=CC=CN2C(=O)COCC2C(=O)O)c1=O 1 C=c1ccc(=O)c(=CC=CC=CN2CCOCC2=O)o1 1.0000000 1.0000 0.6642554 0.6643 0.6516259 4.5921
 | 16.7862 62.0966 51.0217 0.8837366 O=C1NCCNC1=C(O)C=CC=CN1CN=CNCC1=O 1 O=C1NCCNC1=CC=CC=CN1CN=CNCC1=O 1.0000000 1.0000 0.8284366 0.8284 0.7458385 4.2987
 | 9.6289 58.5313 50.0231 0.8480817 NC1C=CCN(C=CC=CC(O)=C2CC(=O)CC(=O)NC2=O)C1=O 1 O=C1CC(=O)NC(=O)C(=CC=CC=CN2CC=CCC2=O)C1 1.0000000 1.0000 0.7637308 0.7637 0.6916875 4.4736
 | 9.8571 48.9123 62.9252 0.8737303 CN1C=CC(=C(O)C=CC=CN2CNCC2=O)C1=O 1 O=C1NC=CC1=CC=CC=CN1CNCC1=O 1.0000000 1.0000 0.7601420 0.7601 0.7883360 4.1434
 | 19.1967 64.0164 47.7745 0.8733663 CCN1CCC(=O)N(C=CC=CC(O)=C2C(=O)C=CC(=O)N(C)C2=O)CC1 1 O=C1C=CC(=O)C(=CC=CC=CN2CCNCCC2=O)C(=O)N1 1.0000000 1.0000 0.6635789 0.6636 0.9263049 3.3510
 | 12.8607 56.1686 57.1883 0.8856010 C=C1NC(=O)C1=C(O)C=CC=CN1CNCCC1=O 1 C=C1NC(=O)C1=CC=CC=CN1CNCCC1=O 1.0000000 1.0000 0.7563219 0.7563 0.8393672 3.9228
 | 17.6890 66.5711 40.5888 0.8371869 CC1=CN(C=CC=CC(O)=C2C=C(NCCO)NC2=O)CCCO1 1 O=C1NC=CC1=CC=CC=CN1C=COCCC1 1.0000000 1.0000 0.6630699 0.6631 0.7762169 4.1898
 | 21.0713 65.8927 48.5485 0.8940717 CN1CN(C=CC=CC(O)=C2C(=O)NC(=O)C(C(=O)N3CCOCC3)C2=O)CC1=O 1 O=C1CN(C=CC=CC=C2C(=O)NC(=O)C(C(=O)N3CCOCC3)C2=O)CN1 1.0000000 1.0000 0.8024605 0.8025 0.8136835 4.0397
02:46:26 <INFO> Score: 0.82 Agent NLL: 17.48 Valid: 100% Step: 273
 | Agent Prior Target Score SMILES SMILES_state Scaffold DASA DASA (raw) Solubility Solubility (raw) SA SA (raw)
 | 12.6443 65.5960 50.2023 0.9046741 NC(=O)NN=C1CCN(C=CC=CC(O)=C2CC(=O)C(=O)NC2=O)C1=O 1 N=C1CCN(C=CC=CC=C2CC(=O)C(=O)NC2=O)C1=O 1.0000000 1.0000 0.8088047 0.8088 0.8469440 3.8855
 | 15.6505 60.7844 54.9665 0.9043035 CCN=C1NC(=O)C(=C(O)C=CC=CN2CCN(CCO)CC2=O)C(=O)N1C 1 N=C1NC(=O)C(=CC=CC=CN2CCNCC2=O)C(=O)N1 1.0000000 1.0000 0.7892426 0.7892 0.8706970 3.7576
 | 20.7442 79.3426 28.9285 0.8458680 C=C1CN(C)C(=O)CN(C=CC=CC(O)=C2OCOC(=S)NC2=O)C1=O 1 C=C1CNC(=O)CN(C=CC=CC=C2OCOC(=S)NC2=O)C1=O 1.0000000 1.0000 0.6921921 0.6922 0.7698373 4.2135
 | 14.2264 53.9707 54.2229 0.8452626 N=C1NC(=O)C(=C(O)C=CC=CN2CCC(C(=O)O)C2)CO1 1 N=C1NC(=O)C(=CC=CC=CN2CCCC2)CO1 1.0000000 1.0000 0.7276492 0.7276 0.7228671 4.3754
 | 11.6597 58.7180 60.1953 0.9290099 O=C1CNC(=O)C(=C(O)C=CC=CN2CCCN(CCO)CC2)C(=O)N1 1 O=C1CNC(=O)C(=CC=CC=CN2CCCNCC2)C(=O)N1 1.0000000 1.0000 0.8189814 0.8190 0.9327312 3.2871
 | 17.1635 55.7455 49.8307 0.8248143 C=C1CC(C)NC(=O)C1=C(O)C=CC=CN1CCOCC1=O 1 C=C1CCNC(=O)C1=CC=CC=CN1CCOCC1=O 1.0000000 1.0000 0.6408297 0.6408 0.7596349 4.2504
 | 18.3171 57.8333 34.0399 0.7177598 CCCC=C1C(=O)NC(=C(O)C=CC=CN2CCCC(C)C2)C1=O 1 C=C1C(=O)NC(=CC=CC=CN2CCCCC2)C1=O 1.0000000 1.0000 0.3741963 0.3742 0.8079656 4.0640
 | 10.2300 45.7552 57.6314 0.8077084 CC1CCCN(C=CC=CC(O)=C2COC(=O)NC2=O)C1 1 O=C1NC(=O)C(=CC=CC=CN2CCCCC2)CO1 1.0000000 1.0000 0.5648506 0.5649 0.8093735 4.0581
 | 12.1977 51.8575 65.7684 0.9189522 CC=c1c(=O)c(=O)c(=C(O)C=CC=CN2CC2)c1=O 1 C=c1c(=O)c(=O)c(=CC=CC=CN2CC2)c1=O 1.0000000 1.0000 0.8538019 0.8538 0.8476212 3.8821
 | 9.0625 54.6381 -54.6381 0.0000000 O=C1CCCCC(=C(O)C=CC=CN2CCCNCC2)C(=O)N1 1 O=C1CCCCC(=CC=CC=CN2CCCNCC2)C(=O)N1 1.0000000 1.0000 0.6081709 0.6082 0.9211867 3.3984
02:46:27 <INFO> Score: 0.73 Agent NLL: 18.19 Valid: 100% Step: 274
 | Agent Prior Target Score SMILES SMILES_state Scaffold DASA DASA (raw) Solubility Solubility (raw) SA SA (raw)
 | 35.0702 75.6934 0.9298 0.5986188 C=CC=CC1CC(=O)C(=C(O)C=CC=CN2CCCCC23C=CCO3)C(=O)NC1=O 1 O=C1CCC(=O)C(=CC=CC=CN2CCCCC23C=CCO3)C(=O)N1 1.0000000 1.0000 0.3883572 0.3884 0.3605403 5.3733
 | 24.0916 70.8778 36.6203 0.8398287 CC(=O)C1CC(=O)NC(=O)C(=C(O)C=CC=CN2C(=O)C=CC2C(=O)O)C1=O 1 O=C1CCC(=O)C(=CC=CC=CN2CC=CC2=O)C(=O)N1 1.0000000 1.0000 0.7445013 0.7445 0.6844827 4.4955
 | 14.7777 60.6523 49.6661 0.8618627 CC1(O)C(=O)C(=O)NC(=O)C1=C(O)C=CC=CN1CCC(C(N)=O)C1=O 1 O=C1CC(=CC=CC=CN2CCCC2=O)C(=O)NC1=O 1.0000000 1.0000 0.8396158 0.8396 0.6606073 4.5661
 | 24.2247 77.8378 33.1523 0.8671105 CN1CCCN(C=CC=CC(O)=C2C(=O)N=CC(NCCCNCCNCCCN)C(=O)NC2=O)C1=O 1 O=C1CC=NC(=O)C(=CC=CC=CN2CCCNC2=O)C(=O)N1 1.0000000 1.0000 0.7771952 0.7772 0.7434926 4.3067
 | 22.8494 73.9929 33.7236 0.8415353 CCN1CNC(=C(O)C=CC=CN2CNCC(=O)C2N)C(=O)N(C)C1=O 1 O=C1CNCN(C=CC=CC=C2NCNC(=O)NC2=O)C1 1.0000000 1.0000 0.7904822 0.7905 0.6424412 4.6183
 | 11.2971 49.3028 65.4769 0.8967167 CN1CCN(C=CC=CC(O)=C2CC(=O)N(C)C2=O)C(=O)C1 1 O=C1CC(=CC=CC=CN2CCNCC2=O)C(=O)N1 1.0000000 1.0000 0.7483251 0.7483 0.8958675 3.5980
 | 23.4114 71.7655 21.1225 0.7256876 CC1(O)C(=C(O)C=CC=CN2CN=CNC2(N)O)C(=O)NC1O 1 O=C1NCCC1=CC=CC=CN1CN=CNC1 1.0000000 1.0000 0.8829874 0.8830 0.3019975 5.5458
 | 26.4869 71.3958 36.4917 0.8428707 CNCNC1NC(=O)C1=C(O)C=CC=CN1CC(CC(N)=O)CCC1=O 1 O=C1NCC1=CC=CC=CN1CCCCC1=O 1.0000000 1.0000 0.8034158 0.8034 0.6342603 4.6414
 | 11.6800 50.9522 54.7790 0.8260253 O=C1NC(=O)C(=C(O)C=CC=CN2C=CC=CC2)CO1 1 O=C1NC(=O)C(=CC=CC=CN2C=CC=CC2)CO1 1.0000000 1.0000 0.6236490 0.6236 0.7896668 4.1382
 | 19.8812 64.3311 41.8132 0.8292529 CN1C(=O)OC(=O)C(=C(O)C=CC=CN2CC(C(=O)O)N(C)CC2(C)O)C1=O 1 O=C1NC(=O)C(=CC=CC=CN2CCNCC2)C(=O)O1 1.0000000 1.0000 0.7420628 0.7421 0.6515633 4.5923
02:46:28 <INFO> Score: 0.80 Agent NLL: 18.08 Valid: 100% Step: 275
 | Agent Prior Target Score SMILES SMILES_state Scaffold DASA DASA (raw) Solubility Solubility (raw) SA SA (raw)
 | 21.8218 63.3034 45.0157 0.8462428 CCN1C(=C(O)C=CC=CN2CN(C)C(C(=O)O)C2=O)C(=O)N1C 1 O=C1NNC1=CC=CC=CN1CNCC1=O 1.0000000 1.0000 0.7655015 0.7655 0.6835080 4.4984
 | 20.3192 70.7290 37.6769 0.8469212 CS(=O)(=O)NC1=CCC(=C(O)C=CC=CN2CC(O)C(O)C(O)C2)C(=O)NC1=O 1 O=C1C=CCC(=CC=CC=CN2CCCCC2)C(=O)N1 1.0000000 1.0000 0.8340814 0.8341 0.6187147 4.6846
 | 11.9593 59.5675 50.8099 0.8623236 CC1CC(=O)N(C=CC=CC(O)=C2CC(=O)C(=O)C(=O)NC2=O)C1 1 O=C1CC(=CC=CC=CN2CCCC2=O)C(=O)NC(=O)C1=O 1.0000000 1.0000 0.7388890 0.7389 0.7718272 4.2061
 | 13.1307 63.5298 45.3447 0.8505820 O=C1CC(=C(O)C=CC=CN2CCCNCC2)C(=O)C1=CO 1 C=C1C(=O)CC(=CC=CC=CN2CCCNCC2)C1=O 1.0000000 1.0000 0.6457273 0.6457 0.8565426 3.8360
 | 16.1739 59.7829 53.7969 0.8873420 C=C1N(C=CC=CC(O)=C2C(=O)CC(=O)C2=O)CCN1CCO 1 C=C1NCCN1C=CC=CC=C1C(=O)CC(=O)C1=O 1.0000000 1.0000 0.7514752 0.7515 0.8528738 3.8552
 | 12.6705 61.4166 53.4618 0.8974880 CN1CCCN(C=CC=CC(O)=C2C(=O)NC(=O)N(C)C(=O)C2=O)C1 1 O=C1NC(=O)C(=O)C(=CC=CC=CN2CCCNC2)C(=O)N1 1.0000000 1.0000 0.7420252 0.7420 0.9082764 3.5064
 | 17.1043 74.8286 34.3234 0.8527502 O=C1CCCCC(=C(O)C=CC=CN2CCN(CCO)C=C(O)C2=O)C(=O)N1 1 O=C1CCCCC(=CC=CC=CN2CCNC=CC2=O)C(=O)N1 1.0000000 1.0000 0.6510477 0.6510 0.8572674 3.8321
 | 23.5099 77.9182 32.5432 0.8629796 C=C1CNCN1C=CC=CC(O)=C1CON(C)C(=O)C(=O)NC1=O 1 C=C1CNCN1C=CC=CC=C1CONC(=O)C(=O)NC1=O 1.0000000 1.0000 0.7833490 0.7833 0.7218646 4.3787
 | 18.7167 63.1040 44.0444 0.8370971 CN1C=CC(=C(O)C=CC=CN2CCC(=O)C=CC2=O)C(=O)N1C 1 O=C1C=CC(=O)N(C=CC=CC=C2C=CNNC2=O)CC1 1.0000000 1.0000 0.6371332 0.6371 0.8139211 4.0387
 | 16.1848 54.8017 59.4455 0.8925566 CCN1CCC(=O)N(C=CC=CC(O)=C2C(=O)NC(=O)N(C)C2=O)CC1 1 O=C1NC(=O)C(=CC=CC=CN2CCNCCC2=O)C(=O)N1 1.0000000 1.0000 0.7084456 0.7084 0.9382151 3.2279
02:46:28 <INFO> Score: 0.77 Agent NLL: 18.55 Valid:  99% Step: 276
 | Agent Prior Target Score SMILES SMILES_state Scaffold DASA DASA (raw) Solubility Solubility (raw) SA SA (raw)
 | 10.5956 45.8975 69.8206 0.9040477 CN1C(=O)CC(=C(O)C=CC=CN2CCNCC2=O)C1=O 1 O=C1CC(=CC=CC=CN2CCNCC2=O)C(=O)N1 1.0000000 1.0000 0.7825388 0.7825 0.8786108 3.7106
 | 10.0437 63.4594 54.8140 0.9240103 O=C1NC(=O)C(=O)C(=C(O)C=CC=CN2CCCN(CCO)CC2)C(=O)N1 1 O=C1NC(=O)C(=O)C(=CC=CC=CN2CCCNCC2)C(=O)N1 1.0000000 1.0000 0.8012107 0.8012 0.9361523 3.2507
 | 16.5081 62.4165 50.6213 0.8831077 O=C1NC(=O)C(=C(O)C=CC=CN2CC([N+](=O)[O-])CO2)C(=O)NC1=O 1 O=C1NC(=O)C(=CC=CC=CN2CCCO2)C(=O)NC1=O 1.0000000 1.0000 0.8512099 0.8512 0.7198027 4.3854
 | 19.6534 68.6351 41.6883 0.8619015 CC1(C)OC(=O)C(=C2CC(=C(O)C=CC=CN3CCCNC(=O)C3=O)C(=O)NC2=O)C(=O)O1 1 O=C1NCCCN(C=CC=CC=C2CC(=C3C(=O)OCOC3=O)C(=O)NC2=O)C1=O 1.0000000 1.0000 0.6902363 0.6902 0.8358432 3.9397
 | 18.3876 81.6059 32.8599 0.8942643 NC(=O)C1CCCN1C=CC=CC(O)=C1C(=O)NC(=O)C(=NN(CCO)CCO)C(=O)C1=O 1 N=C1C(=O)NC(=O)C(=CC=CC=CN2CCCC2)C(=O)C1=O 1.0000000 1.0000 0.8629235 0.8629 0.7464315 4.2967
 | 12.0173 61.3579 54.5102 0.9052193 O=C1CC(=O)C(=C(O)C=CC=CN2CCCN2)C(=O)NC1=O 1 O=C1CC(=O)C(=CC=CC=CN2CCCN2)C(=O)NC1=O 1.0000000 1.0000 0.8025425 0.8025 0.8570466 3.8333
 | 13.2734 56.9473 50.5027 0.8394529 CC1C(=O)N(C)CN1C=CC=CC(O)=C1CCCC(=O)NC1=O 1 O=C1CN(C=CC=CC=C2CCCC(=O)NC2=O)CN1 1.0000000 1.0000 0.6694950 0.6695 0.7760465 4.1904
 | 8.6104 51.1222 66.9783 0.9226599 CN1C(=O)C(=O)NC(=O)C(=C(O)C=CC=CN2CCC(=O)C2)C1=O 1 O=C1CCN(C=CC=CC=C2C(=O)NC(=O)C(=O)NC2=O)C1 1.0000000 1.0000 0.8159841 0.8160 0.9102421 3.4909
 | 18.4617 70.1689 46.5531 0.9118907 C=c1oc(=C(O)C=CC=CN2CCN(CCCCN)C2)c(=O)[nH]c(=O)c1=O 1 C=c1oc(=CC=CC=CN2CCNC2)c(=O)[nH]c(=O)c1=O 1.0000000 1.0000 0.8349995 0.8350 0.8428226 3.9060
 | 29.9663 73.4024 32.4128 0.8266806 CCN1C(=O)C(C)(C)OC1=C1NC(=O)C(=C(O)C=CC=CN2CCNCCC2=O)CC1=O 1 O=C1COC(=C2NC(=O)C(=CC=CC=CN3CCNCCC3=O)CC2=O)N1 1.0000000 1.0000 0.6041419 0.6041 0.8230984 3.9984
02:46:29 <INFO> Sampled SMILES CN1C(=O)C(=C(O)C=CC=CN2CNCC=C2=O)C=C1 failed to sanitize.
02:46:29 <INFO> Score: 0.81 Agent NLL: 18.48 Valid:  99% Step: 277
 | Agent Prior Target Score SMILES SMILES_state Scaffold DASA DASA (raw) Solubility Solubility (raw) SA SA (raw)
 | 10.1453 65.4414 50.9659 0.9094318 O=C1CC(=O)NC(=O)C(=C(O)C=CC=CN2CN=CNC2=O)C(=O)N1 1 O=C1CC(=O)NC(=O)C(=CC=CC=CN2CN=CNC2=O)C(=O)N1 1.0000000 1.0000 0.8208794 0.8209 0.8505492 3.8672
 | 28.2714 64.3959 48.9621 0.8856100 CCCN(C=CC=CC(O)=C1C=C(C(C)=O)C(=O)C(=O)NC1=O)CCO 1 C=C1C=CC(=O)C(=O)NC1=O 1.0000000 1.0000 0.7227320 0.7227 0.8864326 3.6614
 | 21.6668 74.3812 33.9556 0.8463808 CN1C(=O)C(=C(O)C=CC=CN2CNC(=O)NC2)C(=O)NC(=O)C(N)C1N 1 O=C1CCNC(=O)C(=CC=CC=CN2CNC(=O)NC2)C(=O)N1 1.0000000 1.0000 0.8775207 0.8775 0.5805874 4.7882
 | 13.1915 58.8396 54.4672 0.8852089 NC1CC(=O)NC(=O)C(=C(O)C=CC=CN2CC2)CC1=O 1 O=C1CCC(=O)NC(=O)C(=CC=CC=CN2CC2)C1 1.0000000 1.0000 0.7942507 0.7943 0.7900291 4.1368
 | 13.7550 54.9259 57.9699 0.8819981 O=C1CCN(C=CC=CC(O)=C2C(=O)NC(=S)OC2=O)C(=O)C1 1 O=C1CCN(C=CC=CC=C2C(=O)NC(=S)OC2=O)C(=O)C1 1.0000000 1.0000 0.7285072 0.7285 0.8630649 3.8007
 | 19.6867 68.8145 47.9225 0.9120078 CN1CCN(C=c2[nH]c(=O)c(=C(O)C=CC=CN3CCC(=O)N(C)CC3)c(=O)[nH]c2=O)CC1 1 O=C1CCN(C=CC=CC=c2c(=O)[nH]c(=O)c(=CN3CCNCC3)[nH]c2=O)CCN1 1.0000000 1.0000 0.8233066 0.8233 0.8576695 3.8300
 | 22.4934 68.1654 31.4876 0.7785390 O=C1NC(=Cc2ccccc2)CN(C=CC=CC(O)=C2CONC2=O)O1 1 O=C1NC(=Cc2ccccc2)CN(C=CC=CC=C2CONC2=O)O1 1.0000000 1.0000 0.4997539 0.4998 0.8032861 4.0834
 | 10.1263 58.8759 56.3594 0.9002761 O=C1CC(=O)NC(=O)C(=C(O)C=CC=CN2CCCNC(=O)C2=O)C1 1 O=C1CC(=O)NC(=O)C(=CC=CC=CN2CCCNC(=O)C2=O)C1 1.0000000 1.0000 0.7799269 0.7799 0.8667891 3.7799
 | 17.1103 66.0916 29.9457 0.7502916 CN1C(=N)C(=O)CCC(=C(O)C=CC=CN2CC(CN=[N+]=[N-])OC2=O)C1=O 1 N=C1NC(=O)C(=CC=CC=CN2CCOC2=O)CCC1=O 1.0000000 1.0000 0.5309623 0.5310 0.6395728 4.6264
 | 15.3258 50.3122 67.8510 0.9231499 O=C1NC(=O)C(=C(O)C=CC=CN2CCC2)C1=O 1 O=C1NC(=O)C(=CC=CC=CN2CCC2)C1=O 1.0000000 1.0000 0.8004908 0.8005 0.9335032 3.2790
02:46:30 <INFO> Score: 0.78 Agent NLL: 17.17 Valid: 100% Step: 278
 | Agent Prior Target Score SMILES SMILES_state Scaffold DASA DASA (raw) Solubility Solubility (raw) SA SA (raw)
 | 14.1234 61.6268 51.0391 0.8802026 CN1C(=O)CN(C=CC=CC(O)=C2NC(=O)C(N)NC2=O)CC1=O 1 O=C1CN(C=CC=CC=C2NC(=O)CNC2=O)CC(=O)N1 1.0000000 1.0000 0.8730271 0.8730 0.6886742 4.4828
 | 11.8277 60.1922 50.0805 0.8615061 CC1CN(C=CC=CC(O)=C2C(=O)NC(=O)C(=O)OC2=O)CC(C)O1 1 O=C1NC(=O)C(=CC=CC=CN2CCOCC2)C(=O)OC1=O 1.0000000 1.0000 0.7435061 0.7435 0.7630334 4.2382
 | 24.2947 85.1281 20.2741 0.8234544 CC(=O)NCC1OC(=O)C(=C(O)C=CC=CN2CCN(C(C)=CC=NO)C2=O)C(=O)NC1=O 1 O=C1COC(=O)C(=CC=CC=CN2CCNC2=O)C(=O)N1 1.0000000 1.0000 0.6977035 0.6977 0.6812102 4.5053
 | 12.5191 51.9014 -51.9014 0.0000000 O=C1NC(=O)C(O)C1=C(O)C=CC=CN1C=CC=CC1 1 O=C1CC(=CC=CC=CN2C=CC=CC2)C(=O)N1 1.0000000 1.0000 0.7495703 0.7496 0.7008479 4.4454
 | 22.5552 70.0805 31.4307 0.7930564 CC1(O)NC(=O)C(=C(O)C=CC=CN2CCC=C2OCCN)C(O)C1O 1 O=C1NCCCC1=CC=CC=CN1C=CCC1 1.0000000 1.0000 0.8046646 0.8047 0.4901617 5.0256
 | 15.7941 55.3714 36.3784 0.7167953 C=C1CCCN1C=CC=CC(O)=C1CC=CC(=N)C1=O 1 C=C1CCCN1C=CC=CC=C1CC=CC(=N)C1=O 1.0000000 1.0000 0.3881901 0.3882 0.7687874 4.2173
 | 17.2785 63.0893 49.2450 0.8776118 NCC1NC(=O)C(=C(O)C=CC=CN2CNC(=O)C2=O)C(=O)O1 1 O=C1NCN(C=CC=CC=C2C(=O)NCOC2=O)C1=O 1.0000000 1.0000 0.8792776 0.8793 0.6744025 4.5256
 | 25.9748 56.8377 -56.8195 0.0001416 CN1CCN(C=CC(C=O)=C2C(=N)C(=O)C2=O)C(=O)C1 1 N=C1C(=O)C(=O)C1=CC=CN1CCNCC1=O 0.0000000 0.0000 0.8379790 0.8380 0.8439624 3.9004
 | 15.5037 62.1934 48.4308 0.8642515 CC1(C)COCC(=C(O)C=CC=CN2CCOCC2=O)C(=O)NC1=O 1 O=C1CCOCC(=CC=CC=CN2CCOCC2=O)C(=O)N1 1.0000000 1.0000 0.6837020 0.6837 0.8551621 3.8433
 | 15.6713 61.2126 49.4419 0.8644884 C=C1CC(=C(O)C=CC=CN2CNCC(=O)C2)C(=O)NC1=O 1 C=C1CC(=CC=CC=CN2CNCC(=O)C2)C(=O)NC1=O 1.0000000 1.0000 0.7594736 0.7595 0.7546983 4.2679
02:46:30 <INFO> Score: 0.82 Agent NLL: 17.40 Valid: 100% Step: 279
 | Agent Prior Target Score SMILES SMILES_state Scaffold DASA DASA (raw) Solubility Solubility (raw) SA SA (raw)
 | 17.9672 78.3166 14.6009 0.7259181 NC1CNCN(C=CC=CC(O)=C2CC(O)NC=CC(=O)NC2=O)C1=O 1 O=C1C=CNCCC(=CC=CC=CN2CNCCC2=O)C(=O)N1 1.0000000 1.0000 0.8408084 0.8408 0.3206946 5.4890
 | 13.4599 57.3306 53.1021 0.8627560 O=C1CCN(C=CC=CC(O)=C2CCC(O)C(=O)NC2=O)N1 1 O=C1CCCC(=CC=CC=CN2CCC(=O)N2)C(=O)N1 1.0000000 1.0000 0.7923046 0.7923 0.7113100 4.4126
 | 11.8360 67.0087 45.7509 0.8809340 O=C1C=CC(=O)C(=O)C(=C(O)C=CC=CN2CCCC(O)C2)C(=O)N1 1 O=C1C=CC(=O)C(=O)C(=CC=CC=CN2CCCCC2)C(=O)N1 1.0000000 1.0000 0.7482831 0.7483 0.8315399 3.9599
 | 13.5508 45.6270 -45.6270 0.0000000 O=C1C=CC(=O)C1=C(O)C=CC=CN1CCCC(C(=O)O)C1 1 O=C1C=CC(=O)C1=CC=CC=CN1CCCCC1 1.0000000 1.0000 0.6284420 0.6284 0.8753902 3.7300
 | 18.7904 67.6816 45.3235 0.8828526 O=C1CCCNC(=O)C(=C(O)C=CC=CN2CC(=O)N(O)C2)C(=O)N1 1 O=C1CN(C=CC=CC=C2C(=O)NCCCC(=O)NC2=O)CN1 1.0000000 1.0000 0.7983875 0.7984 0.7763793 4.1892
 | 16.6284 63.6304 43.7073 0.8385755 C=C1NC(=O)C(=C(O)C=CC=CN2C=CONC2)C1=O 1 C=C1NC(=O)C(=CC=CC=CN2C=CONC2)C1=O 1.0000000 1.0000 0.7427475 0.7427 0.6821310 4.5026
 | 20.5189 64.9701 48.0957 0.8833268 CC1NC(=O)C(=C(O)C=CC=CN2CCNC(=O)C2C(=O)O)C(=O)NC1=O 1 O=C1CN(C=CC=CC=C2C(=O)NCC(=O)NC2=O)CCN1 1.0000000 1.0000 0.8458420 0.8458 0.7260439 4.3651
 | 19.1948 63.7343 52.0938 0.9049075 CC=c1[nH]c(=O)c(=C(O)C=CC=CN2CCCCNCC2)c(=O)[nH]c1=O 1 C=c1[nH]c(=O)c(=CC=CC=CN2CCCCNCC2)c(=O)[nH]c1=O 1.0000000 1.0000 0.7899901 0.7900 0.8721509 3.7492
 | 20.8527 68.0168 36.3115 0.8150651 O=C1NC(=CC=CN(CCO)CCO)SCC1=C(O)C=CC=CN1CCCN1 1 C=C1NC(=O)C(=CC=CC=CN2CCCN2)CS1 1.0000000 1.0000 0.6734284 0.6734 0.6808603 4.5064
 | 29.4604 73.9403 29.6509 0.8093056 O=C1NOCC1=C(O)C=CC=CN1C(=O)N(C(O)=CN2CCOCC2)CC1C(=O)O 1 O=C1NOCC1=CC=CC=CN1CCN(C=CN2CCOCC2)C1=O 1.0000000 1.0000 0.7072713 0.7073 0.6231169 4.6725
02:46:31 <INFO> Score: 0.78 Agent NLL: 17.33 Valid: 100% Step: 280
 | Agent Prior Target Score SMILES SMILES_state Scaffold DASA DASA (raw) Solubility Solubility (raw) SA SA (raw)
 | 17.2725 62.6683 37.1559 0.7798765 O=C1NC(O)CC(O)C1=C(O)C=CC=CN1CC=CCN1 1 O=C1NCCCC1=CC=CC=CN1CC=CCN1 1.0000000 1.0000 0.7978774 0.7979 0.4615142 5.1005
 | 8.6795 55.2763 -55.2763 0.0000000 O=C1CCC(=C(O)C=CC=CN2CCCNC2=O)C(=O)NC1=O 1 O=C1CCC(=CC=CC=CN2CCCNC2=O)C(=O)NC1=O 1.0000000 1.0000 0.7177802 0.7178 0.8838285 3.6781
 | 14.8468 70.9743 41.4752 0.8785122 CCn1c(=O)c(=C(O)C=CC=CN2CCCNCC2)c(=O)[nH]c(=O)c1=CN1CCCCC1 1 O=c1[nH]c(=O)c(=CC=CC=CN2CCCNCC2)c(=O)[nH]c1=CN1CCCCC1 1.0000000 1.0000 0.7157804 0.7158 0.8669719 3.7789
 | 21.8374 70.4070 42.3301 0.8807587 O=C1NC(=O)C(O)(CO)C(=O)C1=C(O)C=CC=CN1CCCOC(C(=O)O)C1 1 O=C1CC(=O)C(=CC=CC=CN2CCCOCC2)C(=O)N1 1.0000000 1.0000 0.8380408 0.8380 0.7252387 4.3677
 | 19.2461 62.0067 43.1365 0.8214308 N=C1C=CC=CCN1C=CC=CC(O)=C1C(=O)NC1CO 1 N=C1C=CC=CCN1C=CC=CC=C1CNC1=O 1.0000000 1.0000 0.7046018 0.7046 0.6662937 4.5495
 | 19.6890 61.7570 44.3527 0.8289820 CN1C(=O)C(=C(O)C=CC=CN2CCCC(C)(C)C2)NC(=O)C1N 1 O=C1CNC(=O)C(=CC=CC=CN2CCCCC2)N1 1.0000000 1.0000 0.6579576 0.6580 0.7517127 4.2784
 | 10.5922 59.7013 57.8148 0.9180949 O=C1CCN(C=CC=CC(O)=C2C(=O)NC(=O)C(=O)OC2=O)C1 1 O=C1CCN(C=CC=CC=C2C(=O)NC(=O)C(=O)OC2=O)C1 1.0000000 1.0000 0.8182072 0.8182 0.8885704 3.6475
 | 24.9980 67.5829 46.1599 0.8886156 C=C1C(=O)NC(=O)C(=C(O)C=CC=CN2CCN(Cc3cn(C)nn3)CC2)C1=O 1 C=C1C(=O)NC(=O)C(=CC=CC=CN2CCN(Cc3c[nH]nn3)CC2)C1=O 1.0000000 1.0000 0.7190607 0.7191 0.9046487 3.5343
 | 16.4539 58.0153 54.4436 0.8785855 CN1C(=O)C(=N)C(=C(O)C=CC=CN2CCC(C(=O)O)CC2)C1=O 1 N=C1C(=O)NC(=O)C1=CC=CC=CN1CCCCC1 1.0000000 1.0000 0.6798906 0.6799 0.9224993 3.3865
 | 14.0275 65.9179 40.5080 0.8314523 C=C1CCC(=C(O)C=CC=CN2CN=CNC2=O)C(=O)NC1=O 1 C=C1CCC(=CC=CC=CN2CN=CNC2=O)C(=O)NC1=O 1.0000000 1.0000 0.6659932 0.6660 0.7501587 4.2838
02:46:32 <INFO> Score: 0.78 Agent NLL: 17.21 Valid: 100% Step: 281
 | Agent Prior Target Score SMILES SMILES_state Scaffold DASA DASA (raw) Solubility Solubility (raw) SA SA (raw)
 | 13.8829 47.1675 -47.1675 0.0000000 CC1CN(C=CC=CC(O)=C2C(=O)NNC2(C)C)CC(C)O1 1 O=C1NNCC1=CC=CC=CN1CCOCC1 1.0000000 1.0000 0.6157158 0.6157 0.6327040 4.6457
 | 22.4614 71.7456 34.9703 0.8337177 CC(O)=C1C(=O)N2C(=O)C(=C(O)C=CC=CN3CCCN(CCO)C(=O)C3)CC12 1 C=C1C(=O)N2C(=O)C(=CC=CC=CN3CCCNC(=O)C3)CC12 1.0000000 1.0000 0.6656185 0.6656 0.7592932 4.2516
 | 12.1363 57.3711 -57.3711 0.0000000 O=C1CCC(=O)C(=C(O)C=CC=CN2CCNC2)C(=O)N1 1 O=C1CCC(=O)C(=CC=CC=CN2CCNC2)C(=O)N1 1.0000000 1.0000 0.7791744 0.7792 0.9040718 3.5386
 | 19.9713 55.5507 56.7611 0.8774365 CN1C(=O)NC(=O)C(=C(O)C=CC=CN2CC(CN)NC2=N)C1=O 1 N=C1NCCN1C=CC=CC=C1C(=O)NC(=O)NC1=O 1.0000000 1.0000 0.8236466 0.8236 0.7288141 4.3560
 | 16.7326 68.8356 47.6233 0.9098352 NC1NCCCN(C=CC=CC(O)=C2C(=O)NC(=O)C(=O)NC2=O)C1=O 1 O=C1NC(=O)C(=CC=CC=CN2CCCNCC2=O)C(=O)NC1=O 1.0000000 1.0000 0.8778310 0.8778 0.7862315 4.1516
 | 19.0570 70.9530 42.6027 0.8871536 CC(=O)ON=C1CCN(C=CC=CC(O)=C2CC(=O)C(=O)C(=O)NC2=O)C1=O 1 N=C1CCN(C=CC=CC=C2CC(=O)C(=O)C(=O)NC2=O)C1=O 1.0000000 1.0000 0.7611658 0.7612 0.8391120 3.9241
 | 15.9037 47.3483 -47.3483 0.0000000 O=C1NCCCC1=C(O)C=C(O)C=CN1CCCC1 1 O=C1NCCCC1=CC=CC=CN1CCCC1 1.0000000 1.0000 0.5993379 0.5993 0.9042311 3.5374
 | 16.8101 58.9480 46.8408 0.8264753 CCN1C(=O)CCC(=C(O)C=CC=CN2CC(C(=O)O)CCC2=O)C1=O 1 O=C1CCC(=CC=CC=CN2CCCCC2=O)C(=O)N1 1.0000000 1.0000 0.5945992 0.5946 0.8381009 3.9289
 | 17.0687 62.1520 47.5840 0.8573125 O=C1NOC(=O)C1=C(O)C=CC=CN1CC(O)CCCN1 1 O=C1NOC(=O)C1=CC=CC=CN1CCCCCN1 1.0000000 1.0000 0.7984380 0.7984 0.6862699 4.4901
 | 15.1358 62.7583 50.1273 0.8819188 CN1C(=O)C(=C(O)C=CC=CN2CNC(=O)C2=O)NC(=O)C1N 1 O=C1CNC(=O)C(=CC=CC=CN2CNC(=O)C2=O)N1 1.0000000 1.0000 0.8807055 0.8807 0.6870737 4.4877
02:46:32 <INFO> Score: 0.78 Agent NLL: 17.19 Valid: 100% Step: 282
 | Agent Prior Target Score SMILES SMILES_state Scaffold DASA DASA (raw) Solubility Solubility (raw) SA SA (raw)
 | 23.2233 69.4964 41.1613 0.8645127 CCC=CN1CCN(C=CC=CC(O)=C2C(=O)NCCC(=O)NC2=O)C1 1 O=C1CCNC(=O)C(=CC=CC=CN2CCNC2)C(=O)N1 1.0000000 1.0000 0.6824187 0.6824 0.8581808 3.8272
 | 29.5146 85.8203 25.1467 0.8669301 CN(C=C1C(=O)C(=O)NC(=O)C1=C(O)C=CC=CN1CCC=C(N)CC1=O)CN 1 C=C1C(=O)C(=O)NC(=O)C1=CC=CC=CN1CCC=CCC1=O 1.0000000 1.0000 0.7540567 0.7541 0.7702796 4.2118
 | 10.3716 59.9230 53.6243 0.8870887 C=c1[nH]c(=O)[nH]c(=O)c1=C(O)C=CC=CN1CN=CNC1=O 1 C=c1[nH]c(=O)[nH]c(=O)c1=CC=CC=CN1CN=CNC1=O 1.0000000 1.0000 0.8458781 0.8459 0.7390815 4.3217
 | 12.3016 57.4678 58.7185 0.9077051 CN1C(=N)NC(=O)C(=C(O)C=CC=CN2CN(CCO)CCC2=O)C1=O 1 N=C1NC(=O)C(=CC=CC=CN2CNCCC2=O)C(=O)N1 1.0000000 1.0000 0.8054991 0.8055 0.8631574 3.8002
 | 14.7389 63.0252 45.8532 0.8506125 O=C1CC(=C(O)C=CC=CN2CCCNC2=O)C(=O)C(=CO)C1=O 1 C=C1C(=O)C(=O)CC(=CC=CC=CN2CCCNC2=O)C1=O 1.0000000 1.0000 0.6579317 0.6579 0.8376383 3.9311
 | 12.7965 53.0221 53.2955 0.8306061 O=C1NC=CCC1=C(O)C=CC=CN1CCC(C(=O)O)C1=O 1 O=C1NC=CCC1=CC=CC=CN1CCCC1=O 1.0000000 1.0000 0.6858904 0.6859 0.7210310 4.3814
 | 11.8389 64.4832 -64.4832 0.0000000 O=C1CCC(=C(O)C=CC=CN2C=CC=CC2)C(=O)NC(=O)C1=O 1 O=C1CCC(=CC=CC=CN2C=CC=CC2)C(=O)NC(=O)C1=O 1.0000000 1.0000 0.6616345 0.6616 0.8395063 3.9222
 | 23.6544 66.0715 38.9815 0.8207261 CC1ON(C=CC=CC(O)=C2C(=O)CC(=O)N(C)C2=O)CC=C1C=O 1 O=C1CC(=O)C(=CC=CC=CN2CC=CCO2)C(=O)N1 1.0000000 1.0000 0.6795858 0.6796 0.6933292 4.4686
 | 20.3828 74.4362 38.0834 0.8790588 CCNC1=NC(O)N(C=CC=CC(O)=C2C(=O)NC(=O)NC(=O)C2=O)C1 1 O=C1NC(=O)C(=O)C(=CC=CC=CN2CC=NC2)C(=O)N1 1.0000000 1.0000 0.8273842 0.8274 0.7305109 4.3504
 | 9.3534 47.0260 -47.0260 0.0000000 CN1C=CC(=C(O)C=CC=CN2CCCNC2=O)C1=O 1 O=C1NC=CC1=CC=CC=CN1CCCNC1=O 1.0000000 1.0000 0.6528786 0.6529 0.8617463 3.8079
02:46:33 <INFO> Score: 0.76 Agent NLL: 17.29 Valid: 100% Step: 283
 | Agent Prior Target Score SMILES SMILES_state Scaffold DASA DASA (raw) Solubility Solubility (raw) SA SA (raw)
 | 18.2582 61.1803 37.8718 0.7738450 CC(O)C1OC(=O)NC(=O)C1=C(O)C=CC=CN1CC=CC=N1 1 O=C1NC(=O)C(=CC=CC=CN2CC=CC=N2)CO1 1.0000000 1.0000 0.6843337 0.6843 0.5370630 4.9032
 | 32.0046 88.9083 13.6408 0.8011650 COCC(O)C1CC(O)(C(=O)O)C(=O)C(=C(O)C=CC=CN2CNCC(=O)C2)C(=O)NC1=O 1 O=C1CNCN(C=CC=CC=C2C(=O)CCCC(=O)NC2=O)C1 1.0000000 1.0000 0.8460609 0.8461 0.4816709 5.0478
 | 9.5756 64.9541 53.3660 0.9243755 O=C1NC(=O)C(=O)C(=C(O)C=CC=CN2CCN(CCO)C2=O)C(=O)N1 1 O=C1NC(=O)C(=O)C(=CC=CC=CN2CCNC2=O)C(=O)N1 1.0000000 1.0000 0.8252215 0.8252 0.9050627 3.5311
 | 11.6104 54.9694 56.9886 0.8746719 O=C1CNC(=O)C(=C(O)C=CC=CN2CC=NC(=O)C2)C1 1 O=C1CNC(=O)C(=CC=CC=CN2CC=NC(=O)C2)C1 1.0000000 1.0000 0.7708154 0.7708 0.7787701 4.1802
 | 23.3810 58.9150 46.9163 0.8268070 O=C1OC2(CCOCC2)NC1=C(O)C=CC=CN1CCC(O)CC1 1 O=C1OC2(CCOCC2)NC1=CC=CC=CN1CCCCC1 1.0000000 1.0000 0.6448627 0.6449 0.7616174 4.2433
 | 20.0621 70.5353 39.1032 0.8565509 COCCN=C1COCCN1C=CC=CC(O)=C1CC(=N)C(=O)NC1=O 1 N=C1CC(=CC=CC=CN2CCOCC2=N)C(=O)NC1=O 1.0000000 1.0000 0.7080814 0.7081 0.7897025 4.1381
 | 22.0981 75.1609 32.3626 0.8400273 CCOC(=O)C1CC(C)=CC(=O)N1C=CC=CC(O)=C1COC(=O)C(=O)NC1=O 1 O=C1NC(=O)C(=CC=CC=CN2CCC=CC2=O)COC1=O 1.0000000 1.0000 0.6817464 0.6817 0.7615260 4.2436
 | 25.4704 75.6042 20.3258 0.7494532 CCCCN1CC(=N)CN(C=CC=CC(O)=C2C(=O)N(C)C(=O)NC2Cl)C1 1 N=C1CNCN(C=CC=CC=C2CNC(=O)NC2=O)C1 1.0000000 1.0000 0.4941995 0.4942 0.6938157 4.4671
 | 18.3378 52.5395 49.3048 0.7956585 O=C1CC(=O)C(=C(O)C=CC=CN2CCC(F)C2)C1 1 O=C1CC(=O)C(=CC=CC=CN2CCCC2)C1 1.0000000 1.0000 0.5869755 0.5870 0.7256185 4.3665
 | 23.4323 69.1233 40.2137 0.8541955 CN1C(=N)C(CN)NC(=O)C(=C(O)C=CC=CN2CCC(N)C2)C1=O 1 N=C1CNC(=O)C(=CC=CC=CN2CCCC2)C(=O)N1 1.0000000 1.0000 0.8129109 0.8129 0.6614377 4.5637
02:46:34 <INFO> Score: 0.81 Agent NLL: 16.83 Valid: 100% Step: 284
 | Agent Prior Target Score SMILES SMILES_state Scaffold DASA DASA (raw) Solubility Solubility (raw) SA SA (raw)
 | 12.8918 61.7275 48.0287 0.8574704 CN1C(=O)C(=C(O)C=CC=CN2CNCCC2=O)CC=C1CO 1 O=C1NC=CCC1=CC=CC=CN1CNCCC1=O 1.0000000 1.0000 0.7168147 0.7168 0.7816856 4.1691
 | 13.4719 48.9170 -48.9170 0.0000000 CC1=CCCN(C=CC=CC(O)=C2C(=O)NC(=O)N(C)C2=O)C1 1 O=C1NC(=O)C(=CC=CC=CN2CC=CCC2)C(=O)N1 1.0000000 1.0000 0.6272496 0.6272 0.8992588 3.5740
 | 14.0744 66.1668 43.6706 0.8581048 O=C1NC=NCN1C=CC=CC(O)=c1c(=O)[nH]c(=CN2CCCCC2)[nH]c1=O 1 O=C1NC=NCN1C=CC=CC=c1c(=O)[nH]c(=CN2CCCCC2)[nH]c1=O 1.0000000 1.0000 0.7582722 0.7583 0.7329581 4.3423
 | 15.5002 83.5270 19.8198 0.8073974 COC1NC(=O)CC(=C(O)C=CC=CN2CN=CNC2=N)C(=O)NC1=O 1 N=C1NC=NCN1C=CC=CC=C1CC(=O)NCC(=O)NC1=O 1.0000000 1.0000 0.8027611 0.8028 0.5299847 4.9218
 | 21.9148 83.3087 28.4751 0.8733111 C=c1c(=O)[nH]c(=O)c(=C(O)C=CC=CN2CCCN(CCO)CC2)c(=O)n1C1CCCN(CC)C1=O 1 C=c1c(=O)[nH]c(=O)c(=CC=CC=CN2CCCNCC2)c(=O)n1C1CCCNC1=O 1.0000000 1.0000 0.7607495 0.7607 0.7859950 4.1525
 | 24.5123 72.2648 39.4192 0.8725311 CNC1NCCCN(C=CC=CC(O)=C2C(=O)CN(C)C(=O)NC2=O)C1=O 1 O=C1NCC(=O)C(=CC=CC=CN2CCCNCC2=O)C(=O)N1 1.0000000 1.0000 0.7836400 0.7836 0.7556835 4.2644
 | 18.4627 68.5931 41.8373 0.8627373 CN1CCCN(C=CC=CC(O)=C2C(=O)C(O)N(CCO)N(C)C2=O)C1=O 1 O=C1CNNC(=O)C1=CC=CC=CN1CCCNC1=O 1.0000000 1.0000 0.7744289 0.7744 0.7309914 4.3488
 | 9.1383 57.5788 59.5112 0.9147652 O=C1CC(=C(O)C=CC=CN2CNC(=O)C2=O)C(=O)NC1=O 1 O=C1CC(=CC=CC=CN2CNC(=O)C2=O)C(=O)NC1=O 1.0000000 1.0000 0.8516266 0.8516 0.8340681 3.9481
 | 14.2541 57.9078 50.9490 0.8504437 CCN1C=CC(=O)N(C=CC=CC(O)=C2CC(=O)NN(C)C2=O)C1 1 O=C1CC(=CC=CC=CN2CNC=CC2=O)C(=O)NN1 1.0000000 1.0000 0.7068023 0.7068 0.7679870 4.2202
 | 15.4114 58.6365 50.3570 0.8515113 CC=C1COCCN1C=CC=CC(O)=C1CN(C)CC(=O)NC1=O 1 C=C1COCCN1C=CC=CC=C1CNCC(=O)NC1=O 1.0000000 1.0000 0.6712731 0.6713 0.8213357 4.0063
02:46:34 <INFO> Sampled SMILES O=C1NC(=O)C(=C(O)C=CC=CN2CN(CCCC)[N+](=N)(CCO)O2)C(=O)NC1(C)C failed to sanitize.
02:46:34 <INFO> Score: 0.79 Agent NLL: 17.12 Valid:  99% Step: 285
 | Agent Prior Target Score SMILES SMILES_state Scaffold DASA DASA (raw) Solubility Solubility (raw) SA SA (raw)
 | 29.1292 71.8993 13.6830 0.6686116 CSC1C(CO)C2OC(=C(O)C=CC=CN3CC=CC(N)CC3)C(=O)N2C1C(=O)O 1 O=C1C(=CC=CC=CN2CC=CCCC2)OC2CCCN12 1.0000000 1.0000 0.6444845 0.6445 0.3123745 5.5140
 | 20.1350 59.0879 48.6520 0.8417180 N=C(N)C1CC(=C(O)C=CC=CN2CCN=C2N)C(=O)N1 1 O=C1NCCC1=CC=CC=CN1C=NCC1 1.0000000 1.0000 0.8133676 0.8134 0.6213776 4.6773
 | 17.5151 60.1803 47.6107 0.8421173 C=C1C(=O)C(=O)CC(=C(O)C=CC=CN2CC(C(=O)O)OCC2=O)C1=O 1 C=C1C(=O)C(=O)CC(=CC=CC=CN2CCOCC2=O)C1=O 1.0000000 1.0000 0.7321862 0.7322 0.7063485 4.4282
 | 16.2115 62.3242 40.3743 0.8023317 O=C1C(N2CCCCC2)=COC1=C(O)C=C(O)C=CN1CCCNCC1 1 O=C1C(=CC=CC=CN2CCCNCC2)OC=C1N1CCCCC1 1.0000000 1.0000 0.5141343 0.5141 0.8810383 3.6956
 | 18.6756 56.2501 59.0849 0.9010543 O=C(O)CCN1CCN(C=CC=CC(O)=C2C(=O)CCC(=O)NC2=O)CC1 1 O=C1CCC(=O)C(=CC=CC=CN2CCNCC2)C(=O)N1 1.0000000 1.0000 0.7263414 0.7263 0.9475126 3.1152
 | 15.6221 42.1405 74.2798 0.9095337 O=C1CC(=C(O)C=CC=CN(CCO)CCO)C(=O)O1 1 C=C1CC(=O)OC1=O 1.0000000 1.0000 0.8158765 0.8159 0.8572147 3.8324
 | 14.8516 59.9331 48.4695 0.8468953 C=C1N=CCN1C=CC=CC(O)=C1C(=O)NC(=O)C(=O)C1O 1 C=C1N=CCN1C=CC=CC=C1CC(=O)C(=O)NC1=O 1.0000000 1.0000 0.8005834 0.8006 0.6498259 4.5972
 | 8.2521 58.9253 61.5518 0.9412271 O=C1NC(=O)C(=C(O)C=CC=CN2CNC(=O)C2=O)C(=O)NC1=O 1 O=C1NC(=O)C(=CC=CC=CN2CNC(=O)C2=O)C(=O)NC1=O 1.0000000 1.0000 0.8967278 0.8967 0.8837386 3.6787
 | 25.0682 73.6076 41.4267 0.8987059 NC(=O)CC1=NNC(=O)C(=C(O)C=CC=CN2CCS(=O)(=O)NC2)C(=O)N1 1 O=C1NC=NNC(=O)C1=CC=CC=CN1CCS(=O)(=O)NC1 1.0000000 1.0000 0.8619100 0.8619 0.7632021 4.2376
 | 20.1516 63.6479 37.7795 0.7924021 CC(=O)C1(O)C=CN(C=CC=CC(O)=C2C(=O)NCCCC(=O)NC2=O)CC1 1 O=C1CCCNC(=O)C(=CC=CC=CN2C=CCCC2)C(=O)N1 1.0000000 1.0000 0.7033223 0.7033 0.5740985 4.8055
02:46:35 <INFO> Score: 0.82 Agent NLL: 17.58 Valid: 100% Step: 286
 | Agent Prior Target Score SMILES SMILES_state Scaffold DASA DASA (raw) Solubility Solubility (raw) SA SA (raw)
 | 16.5228 56.2216 49.5267 0.8261585 N=C1CNC(=O)C(=C(O)C=CC=CN2CC=CCC2=O)C1 1 N=C1CNC(=O)C(=CC=CC=CN2CC=CCC2=O)C1 1.0000000 1.0000 0.6525413 0.6525 0.7484047 4.2898
 | 17.0927 61.7473 51.3226 0.8833583 N=C1NC(=O)C(=C(O)C=CC=CN2CCC=C(CO)C2)C(=O)N1 1 N=C1NC(=O)C(=CC=CC=CN2CC=CCC2)C(=O)N1 1.0000000 1.0000 0.7734762 0.7735 0.8084229 4.0621
 | 10.5788 55.7736 60.6890 0.9098638 COC1=CC(=C(O)C=CC=CN2CCN(CCO)CC2=O)C(=O)NC1=O 1 O=C1C=CC(=CC=CC=CN2CCNCC2=O)C(=O)N1 1.0000000 1.0000 0.7917183 0.7917 0.8900534 3.6376
 | 19.3109 57.1815 26.9300 0.6571218 CCCCCCCCCCN1CCCN(C=CC=CC(O)=C2C(=O)NC(=O)OC2O)C1 1 O=C1NC(=O)C(=CC=CC=CN2CCCNC2)CO1 1.0000000 1.0000 0.2638372 0.2638 0.8482215 3.8791
 | 24.7185 74.0474 37.5228 0.8716424 CN1C(=O)C(=C(O)C=CC=CN2COCCN(CCO)C2)CC(=O)C=C1CO 1 O=C1C=CNC(=O)C(=CC=CC=CN2CNCCOC2)C1 1.0000000 1.0000 0.7348819 0.7349 0.8127558 4.0437
 | 16.1950 62.7243 48.1648 0.8663218 CC1=CC(O)C(=C(O)C=CC=CN2CCNC2)C(=O)NC1=O 1 O=C1C=CCC(=CC=CC=CN2CCNC2)C(=O)N1 1.0000000 1.0000 0.7734465 0.7734 0.7449660 4.3017
 | 27.5607 80.7490 29.2442 0.8593216 NCCN1NC(=C(O)C=CC=CN2CNC(=O)NC2=O)C(=O)NC(=O)C1NCCO 1 O=C1CNNC(=CC=CC=CN2CNC(=O)NC2=O)C(=O)N1 1.0000000 1.0000 0.8919973 0.8920 0.6067612 4.7175
 | 28.2191 97.6925 16.4573 0.8917957 CC(C=CN1CCCNCC1)=c1c(=O)[nH]c(=O)c(=C(O)C=CC=CN2CNC(=O)C2=O)c(=O)n1N 1 O=C1NCN(C=CC=CC=c2c(=O)[nH]c(=O)c(=CC=CN3CCCNCC3)[nH]c2=O)C1=O 1.0000000 1.0000 0.8696012 0.8696 0.7310220 4.3487
 | 15.0982 51.8593 53.6242 0.8240898 NC1=NCCN1C=CC=CC(O)=C1Cc2ccccc2NC1=O 1 O=C1Nc2ccccc2CC1=CC=CC=CN1C=NCC1 1.0000000 1.0000 0.5531102 0.5531 0.9030654 3.5461
 | 16.2996 65.3035 45.9965 0.8695307 CN=C1N(C)CCCN1C=CC=CC(O)=C1C(=O)NC(=O)C(=O)N=C1C 1 N=C1NCCCN1C=CC=CC=C1C=NC(=O)C(=O)NC1=O 1.0000000 1.0000 0.7025967 0.7026 0.8490815 3.8747
02:46:36 <INFO> Score: 0.77 Agent NLL: 16.68 Valid: 100% Step: 287
 | Agent Prior Target Score SMILES SMILES_state Scaffold DASA DASA (raw) Solubility Solubility (raw) SA SA (raw)
 | 21.6937 69.8107 37.1521 0.8356471 NC(=O)C1CCN(C=CC=CC(O)=C2C(=O)CC(O)C(=O)NC2=O)CC1F 1 O=C1CCC(=O)C(=CC=CC=CN2CCCCC2)C(=O)N1 1.0000000 1.0000 0.7809371 0.7809 0.6329318 4.6451
 | 9.8179 56.0884 58.5588 0.8956811 O=C1CCN(C=CC=CC(O)=C2CC(=O)C(=O)NC2=O)C(=O)C1 1 O=C1CCN(C=CC=CC=C2CC(=O)C(=O)NC2=O)C(=O)C1 1.0000000 1.0000 0.7666305 0.7666 0.8660464 3.7841
 | 13.8798 54.5508 -54.5508 0.0000000 CN1CCCN(C=CC=CC(O)=C2C(=O)NC(=O)C(C)(C)NC2=O)C1 1 O=C1CNC(=O)C(=CC=CC=CN2CCCNC2)C(=O)N1 1.0000000 1.0000 0.7204021 0.7204 0.8848459 3.6716
 | 15.4360 63.5838 41.1536 0.8182606 CN1C=CCN1C=CC=CC(O)=C1CCCCC(=O)NC1=O 1 O=C1CCCCC(=CC=CC=CN2CC=CN2)C(=O)N1 1.0000000 1.0000 0.5715549 0.5716 0.8427047 3.9066
 | 27.6289 73.9268 29.6590 0.8092634 CNN=CC=c1oc(=C(O)C=CC=CN2CC(C)(CO)C(=O)NC2=O)c(=O)n1C 1 C=c1[nH]c(=O)c(=CC=CC=CN2CCC(=O)NC2=O)o1 1.0000000 1.0000 0.8133591 0.8134 0.5267915 4.9301
 | 12.3761 61.4252 53.3986 0.8970611 N=C1CC(=O)NC(=O)C1=C(O)C=CC=CN1CNCC(=O)C1=O 1 N=C1CC(=O)NC(=O)C1=CC=CC=CN1CNCC(=O)C1=O 1.0000000 1.0000 0.8178957 0.8179 0.8065199 4.0700
 | 17.9832 64.2426 48.4691 0.8805599 CN1ON(CCO)C=CC(=C(O)C=CC=CN2CCNC(=O)C2=O)C1=O 1 O=C1NCCN(C=CC=CC=C2C=CNONC2=O)C1=O 1.0000000 1.0000 0.8000702 0.8001 0.7660087 4.2274
 | 13.1038 57.9949 53.8600 0.8738665 CC1(O)C(=O)CC(=C(O)C=CC=CN2CC2)C(=O)NC1=O 1 O=C1CC(=O)NC(=O)C(=CC=CC=CN2CC2)C1 1.0000000 1.0000 0.7914178 0.7914 0.7515925 4.2788
 | 19.8521 63.9617 46.9969 0.8668641 CC1(C)CC(CCO)CN1C=CC=CC(O)=C1C(=O)NC(=O)C(=O)NC1=O 1 O=C1NC(=O)C(=CC=CC=CN2CCCC2)C(=O)NC1=O 1.0000000 1.0000 0.7436443 0.7436 0.7829896 4.1641
 | 17.9831 66.9551 25.8617 0.7251312 C=C1CN(CCCC)CN1C=CC=CC(O)=C1CCCC(OC)C(=O)NC1=O 1 C=C1CNCN1C=CC=CC=C1CCCCC(=O)NC1=O 1.0000000 1.0000 0.4162196 0.4162 0.7422712 4.3109
02:46:36 <INFO> Score: 0.82 Agent NLL: 16.68 Valid: 100% Step: 288
 | Agent Prior Target Score SMILES SMILES_state Scaffold DASA DASA (raw) Solubility Solubility (raw) SA SA (raw)
 | 15.2808 57.1366 50.6150 0.8418099 N=C1NNC(=O)C(=C(O)C=CC=CN2CC(CO)CCC2=O)O1 1 N=C1NNC(=O)C(=CC=CC=CN2CCCCC2=O)O1 1.0000000 1.0000 0.7731765 0.7732 0.6606396 4.5660
 | 13.9828 53.8982 58.7456 0.8800294 O=C1NNC(O)C1=C(O)C=CC=CN1CC(O)C1 1 O=C1NNCC1=CC=CC=CN1CCC1 1.0000000 1.0000 0.8705802 0.8706 0.6904268 4.4775
 | 13.0987 65.1732 52.7267 0.9210928 CN1CCN(C=c2[nH]c(=O)c(=C(O)C=CC=CN3CCCN(CCO)CC3)c(=O)[nH]c2=O)CC1 1 O=c1[nH]c(=O)c(=CC=CC=CN2CCCNCC2)c(=O)[nH]c1=CN1CCNCC1 1.0000000 1.0000 0.8354718 0.8355 0.8785291 3.7111
 | 11.1403 61.2420 34.3276 0.7466375 CCCCN1CCCN(C=CC=CC(O)=C2CCCCC(=O)NC2=O)C1 1 O=C1CCCCC(=CC=CC=CN2CCCNC2)C(=O)N1 1.0000000 1.0000 0.3851779 0.3852 0.9210165 3.3999
 | 16.8759 76.2951 23.1980 0.7772898 CC(O)C1NC(=O)C(=C(O)C=CC=CN2CCN(O)C=NC2)CC1=O 1 O=C1CNC(=O)C(=CC=CC=CN2CCNC=NC2)C1 1.0000000 1.0000 0.7509170 0.7509 0.4894837 5.0274
 | 13.0841 74.7985 38.9941 0.8890050 CC1=CC(=C(O)C=CC=CN2CNC(=O)C2=O)C(=O)NC(=O)C(=N)C1=O 1 N=C1C(=O)C=CC(=CC=CC=CN2CNC(=O)C2=O)C(=O)NC1=O 1.0000000 1.0000 0.7895153 0.7895 0.8101493 4.0548
 | 12.7507 62.3648 50.9616 0.8853625 C=C1C(=O)NC(=O)C1=C(O)C=CC=CN1CNCCCC1=O 1 C=C1C(=O)NC(=O)C1=CC=CC=CN1CNCCCC1=O 1.0000000 1.0000 0.7320063 0.7320 0.8719486 3.7503
 | 13.9084 64.6081 44.7693 0.8545115 CN1CC(N2CCOCC2)=CC(=C(O)C=CC=CN2CCN(C=O)C2=O)C1=O 1 O=C1NCC(N2CCOCC2)=CC1=CC=CC=CN1CCNC1=O 1.0000000 1.0000 0.6692377 0.6692 0.8366019 3.9361
 | 27.3168 76.1610 22.9584 0.7743702 CCCC(=O)NCC1CN(C=CC=CC(O)=C2CCC(=O)OC(=O)NC2=O)C=CN1C 1 O=C1CCC(=CC=CC=CN2C=CNCC2)C(=O)NC(=O)O1 1.0000000 1.0000 0.5483773 0.5484 0.7025690 4.4400
 | 17.4955 54.6453 58.8093 0.8863647 CC1NCCN(C=CC=CC(O)=C2C(=O)NC(=S)NC2=O)C1=O 1 O=C1NC(=S)NC(=O)C1=CC=CC=CN1CCNCC1=O 1.0000000 1.0000 0.7868813 0.7869 0.8033064 4.0834
02:46:37 <INFO> Score: 0.80 Agent NLL: 17.93 Valid: 100% Step: 289
 | Agent Prior Target Score SMILES SMILES_state Scaffold DASA DASA (raw) Solubility Solubility (raw) SA SA (raw)
 | 22.1683 57.0488 38.0312 0.7428127 CC1=C([N-])N(C)C(=C(O)C=CC=CN2CCCCC2)C1=O 1 O=C1C=CNC1=CC=CC=CN1CCCCC1 1.0000000 1.0000 0.4018340 0.4018 0.8567168 3.8350
 | 11.8502 55.8570 52.6110 0.8474060 CC1C(=O)NC(=O)C(=C(O)C=CC=CN2CNCC2=O)C1O 1 O=C1CCC(=CC=CC=CN2CNCC2=O)C(=O)N1 1.0000000 1.0000 0.8228515 0.8229 0.6303744 4.6522
 | 25.7889 65.6350 44.4871 0.8603293 CCNC(=O)CC1CC(O)C(=O)C(=C(O)C=CC=CN2CCN(CCO)CC2=O)O1 1 O=C1CCCOC1=CC=CC=CN1CCNCC1=O 1.0000000 1.0000 0.7664343 0.7664 0.7315127 4.3471
 | 10.5332 54.4029 54.3485 0.8496199 CN1CCC(=O)N(C=CC=CC(O)=C2CCCCC(=O)NC2=O)C1 1 O=C1CCCCC(=CC=CC=CN2CNCCC2=O)C(=O)N1 1.0000000 1.0000 0.6179230 0.6179 0.8987157 3.5779
 | 9.7284 54.0874 55.1134 0.8531313 O=C1NCCCCC1=C(O)C=CC=CN1CCCNC1 1 O=C1NCCCCC1=CC=CC=CN1CCCNC1 1.0000000 1.0000 0.6336065 0.6336 0.8873259 3.6556
 | 14.8018 59.1215 59.2965 0.9251406 CN1CCN(C=CC=CC(O)=C2C(=O)NNC(=O)C2=O)C(=O)C1 1 O=C1NNC(=O)C(=CC=CC=CN2CCNCC2=O)C1=O 1.0000000 1.0000 0.8456979 0.8457 0.8818896 3.6903
 | 13.5917 58.3259 46.7361 0.8207972 CC=C1CNCN1C=CC=CC(O)=C1C=C(C)C(=O)NC1=O 1 C=C1CNCN1C=CC=CC=C1C=CC(=O)NC1=O 1.0000000 1.0000 0.6378592 0.6379 0.7483776 4.2899
 | 19.3345 86.5245 18.7563 0.8225067 O=C1CC(C=CN2CCCNCC2)C(=O)NC(=O)C1=C(O)C=CC=CN1CNC1=O 1 O=C1CC(C=CN2CCCNCC2)C(=O)NC(=O)C1=CC=CC=CN1CNC1=O 1.0000000 1.0000 0.6978866 0.6979 0.6777099 4.5158
 | 20.9834 57.2526 39.0778 0.7525815 CCC1=CC(=C(O)C=CC=CN2CCCC2NC(C)=O)C(=O)N(C)O1 1 O=C1NOC=CC1=CC=CC=CN1CCCC1 1.0000000 1.0000 0.5039677 0.5040 0.6896707 4.4798
 | 22.8951 70.6881 35.5562 0.8300332 O=C1CCC(=O)NC(=O)C(=C(O)C=CC=CN2CCC2(O)CCCO)C1 1 O=C1CCC(=O)NC(=O)C(=CC=CC=CN2CCC2)C1 1.0000000 1.0000 0.6961791 0.6962 0.7062134 4.4286
02:46:38 <INFO> Score: 0.82 Agent NLL: 16.21 Valid: 100% Step: 290
 | Agent Prior Target Score SMILES SMILES_state Scaffold DASA DASA (raw) Solubility Solubility (raw) SA SA (raw)
 | 15.1110 68.5393 44.9364 0.8865291 C=C1C(=O)NC(=O)C(=C(O)C=CC=CN2CNC(=O)CN2CC)C1=O 1 C=C1C(=O)NC(=O)C(=CC=CC=CN2CNC(=O)CN2)C1=O 1.0000000 1.0000 0.7835097 0.7835 0.8080854 4.0635
 | 13.1822 56.6714 56.3668 0.8831108 CCCN1C=CN(C=CC=CC(O)=C2C(=O)NC(=O)C(=O)C2=O)C1 1 O=C1NC(=O)C(=CC=CC=CN2C=CNC2)C(=O)C1=O 1.0000000 1.0000 0.7381983 0.7382 0.8539966 3.8494
 | 13.7389 61.0737 47.8938 0.8513087 O=C1NCN(C=CC=CC(O)=C2C=C(O)C(O)NC2=O)C1=O 1 O=C1NCN(C=CC=CC=C2C=CCNC2=O)C1=O 1.0000000 1.0000 0.8362178 0.8362 0.6303511 4.6523
 | 12.5314 57.0342 56.2680 0.8851732 O=C1NC(CO)C1=C(O)C=CC=CN1CNCCC1=O 1 O=C1NCC1=CC=CC=CN1CNCCC1=O 1.0000000 1.0000 0.8303226 0.8303 0.7488976 4.2881
 | 9.0818 59.1570 60.8194 0.9373163 O=C1CC(=O)NC(=O)C(=C(O)C=CC=CN2CCN(CCO)CC2=O)C(=O)N1 1 O=C1CC(=O)NC(=O)C(=CC=CC=CN2CCNCC2=O)C(=O)N1 1.0000000 1.0000 0.8552194 0.8552 0.9192397 3.4157
 | 15.8474 59.8961 56.4086 0.9086307 C=c1[nH]c(=O)[nH]c(=O)c1=C(O)C=CC=CN1CCN(CCO)CC(O)C1 1 C=c1[nH]c(=O)[nH]c(=O)c1=CC=CC=CN1CCCNCC1 1.0000000 1.0000 0.8787861 0.8788 0.7808494 4.1723
 | 16.5704 66.7152 44.6509 0.8700477 CN1C(=O)C(=C(O)C=CC=CN2CN=CC=N2)C(=O)NC(=O)C1=NO 1 N=C1NC(=O)C(=CC=CC=CN2CN=CC=N2)C(=O)NC1=O 1.0000000 1.0000 0.7886774 0.7887 0.7409718 4.3153
 | 12.0431 56.0742 51.7066 0.8420376 CCCN1C=CC(=O)N(C=CC=CC(O)=C2CC(=O)NN(C)C2=O)C1 1 O=C1CC(=CC=CC=CN2CNC=CC2=O)C(=O)NN1 1.0000000 1.0000 0.6681054 0.6681 0.7880944 4.1443
 | 16.3139 65.0230 46.5643 0.8717762 O=C1CCCN=CC(=C(O)C=CC=CN2CCN(CCO)CC2=O)C(=O)N1 1 O=C1CCCN=CC(=CC=CC=CN2CCNCC2=O)C(=O)N1 1.0000000 1.0000 0.7545604 0.7546 0.7878947 4.1451
 | 13.5405 58.0120 55.1702 0.8842366 CN1C(=O)C(=C(O)C=CC=CN2CCNC2)C=C1OCCO 1 O=C1NC=CC1=CC=CC=CN1CCNC1 1.0000000 1.0000 0.7659146 0.7659 0.8214313 4.0059
02:46:38 <INFO> Score: 0.81 Agent NLL: 16.79 Valid: 100% Step: 291
 | Agent Prior Target Score SMILES SMILES_state Scaffold DASA DASA (raw) Solubility Solubility (raw) SA SA (raw)
 | 14.0721 54.7759 -54.7759 0.0000000 CN1COC(=O)C(=C(O)C=CC=CN2CNCC2=O)C1=O 1 O=C1NCOC(=O)C1=CC=CC=CN1CNCC1=O 1.0000000 1.0000 0.8114758 0.8115 0.8247736 3.9909
 | 10.7318 55.2357 63.4804 0.9274698 O=C1NC(=O)C(=C(O)C=CC=CN2CNCC2=O)C(=O)C1=O 1 O=C1NC(=O)C(=CC=CC=CN2CNCC2=O)C(=O)C1=O 1.0000000 1.0000 0.8683205 0.8683 0.8634617 3.7985
 | 11.3704 52.9490 60.0471 0.8827819 O=C1NC(=O)C(=C(O)C=CC=CN2C=CC=CC2)C1=O 1 O=C1NC(=O)C(=CC=CC=CN2C=CC=CC2)C1=O 1.0000000 1.0000 0.7334749 0.7335 0.8592551 3.8215
 | 20.3199 68.4247 36.6217 0.8206752 NC(=O)C1CCN(C=CC=CC(O)=C2C(=O)NC(=O)C(n3cccc3)C2O)C1=O 1 O=C1NC(=O)C(n2cccc2)CC1=CC=CC=CN1CCCC1=O 1.0000000 1.0000 0.7429955 0.7430 0.6227821 4.6734
 | 24.7462 53.7019 42.4683 0.7513295 O=C1C=CC(=C(O)C=CC=CN2CC=CC(c3ccccc3)C2=O)C(=O)C1=O 1 O=C1C=CC(=CC=CC=CN2CC=CC(c3ccccc3)C2=O)C(=O)C1=O 1.0000000 1.0000 0.4304422 0.4304 0.8275420 3.9783
 | 8.4724 53.6675 64.9261 0.9265123 O=C1NC(=O)C(=C(O)C=CC=CN2CCCNC2=O)C(=O)NC1=O 1 O=C1NC(=O)C(=CC=CC=CN2CCCNC2=O)C(=O)NC1=O 1.0000000 1.0000 0.8271146 0.8271 0.9113732 3.4818
 | 14.4394 57.9093 50.2996 0.8453820 C=C1COCCN1C=CC=CC(O)=C1CSC(=O)C(=O)NC1=O 1 C=C1COCCN1C=CC=CC=C1CSC(=O)C(=O)NC1=O 1.0000000 1.0000 0.6750263 0.6750 0.7914758 4.1311
 | 16.9960 69.8620 37.7565 0.8407690 COCCN1CCN(C=CC=CC(O)=C2C=C(C)C(=O)C(C)C(=O)NC2=O)C(=O)C1 1 O=C1C=CC(=CC=CC=CN2CCNCC2=O)C(=O)NC(=O)C1 1.0000000 1.0000 0.6540476 0.6540 0.8033612 4.0831
 | 7.1809 63.6571 55.7857 0.9331469 O=C1NC(=O)C(=O)C(=C(O)C=CC=CN2CNC(=O)C2=O)C(=O)N1 1 O=C1NC(=O)C(=O)C(=CC=CC=CN2CNC(=O)C2=O)C(=O)N1 1.0000000 1.0000 0.8707304 0.8707 0.8829370 3.6837
 | 17.7804 63.1005 40.0117 0.8055637 C=C1CC(=C(O)C=CC=CN2CN=C=CC2=O)C(=O)NC1=O 1 C=C1CC(=CC=CC=CN2CN=C=CC2=O)C(=O)NC1=O 1.0000000 1.0000 0.7136240 0.7136 0.6045835 4.7234
02:46:39 <INFO> Score: 0.82 Agent NLL: 18.43 Valid: 100% Step: 292
 | Agent Prior Target Score SMILES SMILES_state Scaffold DASA DASA (raw) Solubility Solubility (raw) SA SA (raw)
 | 23.6280 82.1120 17.1976 0.7758559 O=C1NC(=O)C(=C(O)C=CC=CN2CCCNS2=O)C=C1NC1CNCCOC1 1 O=C1NC(=O)C(NC2CNCCOC2)=CC1=CC=CC=CN1CCCNS1=O 1.0000000 1.0000 0.7697153 0.7697 0.4715028 5.0743
 | 31.2958 75.2118 27.0072 0.7985861 CCNC1C(=O)NC(=O)C(=C(O)C=CC=CN2CCN(C=C(C)C=NO)C2)C(=O)N1CC 1 O=C1CNC(=O)C(=CC=CC=CN2CCNC2)C(=O)N1 1.0000000 1.0000 0.6681032 0.6681 0.6308688 4.6509
 | 14.2619 74.8204 43.2670 0.9225581 O=C1CN(C=CC=CC(O)=C2C(=O)NC(=O)NC(=O)C2=O)CCN(CCCO)C1 1 O=C1CNCCN(C=CC=CC=C2C(=O)NC(=O)NC(=O)C2=O)C1 1.0000000 1.0000 0.8172197 0.8172 0.9081697 3.5072
 | 24.6619 64.2765 34.2014 0.7693583 CCC1(C(=O)OC)C(=C(O)C=CC=CN2CCCC(N)C2)C(=O)NC(=O)C1C 1 O=C1CCC(=CC=CC=CN2CCCCC2)C(=O)N1 1.0000000 1.0000 0.5964649 0.5965 0.6180710 4.6864
 | 12.5693 53.4715 60.2796 0.8886804 COC1=CC(=C(O)C=CC=CN2CCC(=O)N2)C(=O)NC1=O 1 O=C1C=CC(=CC=CC=CN2CCC(=O)N2)C(=O)N1 1.0000000 1.0000 0.7731594 0.7732 0.8294854 3.9694
 | 26.2467 75.5254 29.0822 0.8172467 Cn1oc(=CCC2(C)NC(=O)NC2=O)c(=C(O)C=CC=CN2CCNC(=O)NC2)c1=O 1 O=C1NCCN(C=CC=CC=c2c(=O)[nH]oc2=CCC2NC(=O)NC2=O)CN1 1.0000000 1.0000 0.8040818 0.8041 0.5565743 4.8519
 | 17.9788 69.1728 45.6330 0.8969198 CC=C1NNC(=C(O)C=CC=CN2CCN(CCO)CC2=O)C(=O)N1 1 C=C1NNC(=CC=CC=CN2CCNCC2=O)C(=O)N1 1.0000000 1.0000 0.8029047 0.8029 0.8240782 3.9940
 | 21.1110 74.0367 30.9890 0.8205134 O=C1CC(=O)C(O)C(=O)C(=O)NC(=O)C1=C(O)C=CC=CN1CCc2ccccc2C1 1 O=C1CC(=O)C(=O)NC(=O)C(=CC=CC=CN2CCc3ccccc3C2)C(=O)C1 1.0000000 1.0000 0.6453238 0.6453 0.7369306 4.3290
 | 13.6303 65.5266 47.6641 0.8843022 CC1(O)C(=O)CC(=C(O)C=CC=CN2CCN(CCO)CC2=O)C(=O)NC1=O 1 O=C1CC(=O)NC(=O)C(=CC=CC=CN2CCNCC2=O)C1 1.0000000 1.0000 0.8185925 0.8186 0.7586505 4.2539
 | 18.8077 70.9268 40.7692 0.8726257 CN1CN(C=CC=CC(O)=C2C=C(CO)C(N)C(=O)NC2=O)C(=O)C1=O 1 O=C1CC=CC(=CC=CC=CN2CNC(=O)C2=O)C(=O)N1 1.0000000 1.0000 0.8478843 0.8479 0.6878184 4.4854
02:46:40 <INFO> Score: 0.79 Agent NLL: 17.62 Valid: 100% Step: 293
 | Agent Prior Target Score SMILES SMILES_state Scaffold DASA DASA (raw) Solubility Solubility (raw) SA SA (raw)
 | 25.5658 38.6900 -38.6725 0.0001367 COC(C=CN1CCOCC1=O)=CC=CN(C)C 1 O=C1COCCN1 0.0000000 0.0000 0.7159317 0.7159 0.8799894 3.7021
 | 17.9277 64.6264 47.4213 0.8753728 CN1CN(C=CC=CC(O)=C2C(=O)NC(=O)C=CC2=NN)CNC1=O 1 N=C1C=CC(=O)NC(=O)C1=CC=CC=CN1CNC(=O)NC1 1.0000000 1.0000 0.7774778 0.7775 0.7733663 4.2004
 | 15.0117 55.7924 -55.7924 0.0000000 O=C1NC(O)C(=O)C1=C(O)C=CC=CN1CCCCC1C(=O)O 1 O=C1CNC(=O)C1=CC=CC=CN1CCCCC1 1.0000000 1.0000 0.7599253 0.7599 0.7756807 4.1918
 | 17.5046 53.0570 60.5875 0.8878480 CC=c1o[nH]c(=O)c1=C(O)C=CC=CN1CCC(C(N)=O)CC1 1 C=c1o[nH]c(=O)c1=CC=CC=CN1CCCCC1 1.0000000 1.0000 0.7540914 0.7541 0.8513603 3.8630
 | 24.5078 81.2486 30.4337 0.8725182 NCCNCCNC1NC(=O)C(=C(O)C=CC=CN2CCNCC2CN)C(=O)C1=O 1 O=C1CNC(=O)C(=CC=CC=CN2CCNCC2)C1=O 1.0000000 1.0000 0.9013238 0.9013 0.6388456 4.6284
 | 16.4734 58.9213 49.7026 0.8486241 O=C1NCCCC1=C(O)C=CC=CN1CCC1O 1 O=C1NCCCC1=CC=CC=CN1CCC1 1.0000000 1.0000 0.7188802 0.7189 0.7457905 4.2989
 | 16.3209 65.5141 47.4198 0.8822962 CCN1C(=O)NCN(C=CC=CC(O)=C2C(=O)N(CCCCO)C2=O)C1=O 1 O=C1NCN(C=CC=CC=C2C(=O)NC2=O)C(=O)N1 1.0000000 1.0000 0.7010749 0.7011 0.9050303 3.5314
 | 14.4314 64.1691 48.7479 0.8821645 O=C1CN(C=CC=CC(O)=C2C(=O)NC=CC(=O)C2=O)CC=N1 1 O=C1CN(C=CC=CC=C2C(=O)NC=CC(=O)C2=O)CC=N1 1.0000000 1.0000 0.7765162 0.7765 0.8000693 4.0966
 | 23.4290 74.3695 27.5477 0.7962283 CCC1=C(N2CCSCC2)C(=O)NC(=O)C(=C(O)C=CC=CN2CCC2)O1 1 O=C1NC(=O)C(N2CCSCC2)=COC1=CC=CC=CN1CCC1 1.0000000 1.0000 0.5083635 0.5084 0.8648657 3.7907
 | 14.5327 61.1323 43.4349 0.8169314 CC1CCN(CCO)CN1C=CC=CC(O)=C1CCCCC(=O)NC1=O 1 O=C1CCCCC(=CC=CC=CN2CCCNC2)C(=O)N1 1.0000000 1.0000 0.5854117 0.5854 0.8132530 4.0415
02:46:40 <INFO> Sampled SMILES O=C1NC(=O)C(=C(O)C=CC=CN23CCC(=CC=CC(=C)C)CC2CC(=O)NN3)OCC1 failed to sanitize.
02:46:40 <INFO> Score: 0.80 Agent NLL: 16.74 Valid:  99% Step: 294
 | Agent Prior Target Score SMILES SMILES_state Scaffold DASA DASA (raw) Solubility Solubility (raw) SA SA (raw)
 | 19.6962 74.7018 31.5099 0.8297786 C=C1C(=O)NC(=O)C(=C(O)C=CC=CN2CCC(C(=O)O)C2)CC(=O)C1O 1 C=C1CC(=O)CC(=CC=CC=CN2CCCC2)C(=O)NC1=O 1.0000000 1.0000 0.7249248 0.7249 0.6718770 4.5331
 | 15.9770 62.5377 50.5696 0.8836503 CCN1C(=O)C(=C(O)C=CC=CN2CCCNC2=O)C(=O)C(N)C1=O 1 O=C1CC(=O)C(=CC=CC=CN2CCCNC2=O)C(=O)N1 1.0000000 1.0000 0.7618431 0.7618 0.8244021 3.9926
 | 18.3242 63.0155 48.7939 0.8735111 C=C1CN(CCO)CCN1C=CC=CC(O)=C1C(=O)NCC(O)COC1=O 1 C=C1CNCCN1C=CC=CC=C1C(=O)NCCCOC1=O 1.0000000 1.0000 0.7863605 0.7864 0.7561038 4.2629
 | 13.2814 51.8127 65.5866 0.9171824 CN1CCN(C=CC=CC(O)=C2C(=O)C(=O)N(C)C2=O)CC1=O 1 O=C1CN(C=CC=CC=C2C(=O)NC(=O)C2=O)CCN1 1.0000000 1.0000 0.7977417 0.7977 0.9121774 3.4753
 | 12.8566 52.7323 59.5625 0.8773034 N=C1NC(=O)C(=C(O)C=CC=CN2CC(O)CC2=O)C(=O)N1 1 N=C1NC(=O)C(=CC=CC=CN2CCCC2=O)C(=O)N1 1.0000000 1.0000 0.8384607 0.8385 0.7129352 4.4074
 | 22.2988 65.6465 45.1080 0.8652693 CN1C(=O)C(=C(O)C=CC=CN2CCOS(=O)(=O)C2)C(=O)C1=COCCO 1 C=C1NC(=O)C(=CC=CC=CN2CCOS(=O)(=O)C2)C1=O 1.0000000 1.0000 0.7553989 0.7554 0.7624719 4.2402
 | 13.7435 62.7474 51.7842 0.8947781 CCCN1CN(C=CC=CC(O)=C2C(=O)NC(=O)NC(=O)C2=O)C1=O 1 O=C1NC(=O)C(=O)C(=CC=CC=CN2CNC2=O)C(=O)N1 1.0000000 1.0000 0.7434500 0.7435 0.8947514 3.6058
 | 7.5608 60.5791 57.9690 0.9261573 O=C1NNC(=O)C(=C(O)C=CC=CN2CNC(=O)C2=O)C1=O 1 O=C1NNC(=O)C(=CC=CC=CN2CNC(=O)C2=O)C1=O 1.0000000 1.0000 0.8906881 0.8907 0.8325403 3.9553
 | 11.5186 55.8492 56.3088 0.8762346 O=C1CCCC(=O)C(=C(O)C=CC=CN2CCCNC2=O)C(=O)N1 1 O=C1CCCC(=O)C(=CC=CC=CN2CCCNC2=O)C(=O)N1 1.0000000 1.0000 0.6725617 0.6726 0.9241173 3.3716
 | 18.2357 72.9261 40.5819 0.8867815 CN1NC(=O)C(=O)C(=C(O)C=CC=CN2CCC=CC2=O)C(=O)N1 1 O=C1NNNC(=O)C(=CC=CC=CN2CCC=CC2=O)C1=O 1.0000000 1.0000 0.7884110 0.7884 0.8030206 4.0845
02:46:41 <INFO> Score: 0.82 Agent NLL: 17.82 Valid: 100% Step: 295
 | Agent Prior Target Score SMILES SMILES_state Scaffold DASA DASA (raw) Solubility Solubility (raw) SA SA (raw)
 | 22.5595 65.4533 46.6671 0.8759402 C=CCN1CC(O)(C(=O)O)N(C=CC=CC(O)=C2C(=O)NC(=O)N(C)C2=O)CC1=O 1 O=C1CN(C=CC=CC=C2C(=O)NC(=O)NC2=O)CCN1 1.0000000 1.0000 0.7902676 0.7903 0.7604378 4.2475
 | 24.5471 92.5849 19.4042 0.8749141 NCCCC(=O)C(O)NN1NC(=O)C(=C(O)C=CC=CN2CCCCN(CCO)C2)C(=O)C1=O 1 O=C1NNC(=O)C(=CC=CC=CN2CCCCNC2)C1=O 1.0000000 1.0000 0.8384046 0.8384 0.7048721 4.4328
 | 20.5865 85.3742 14.4513 0.7798871 CC(=CC=CCN)N1CCN(C=CC=CC(O)=C2CCOC(=N)NC2=O)C1=O 1 N=C1NC(=O)C(=CC=CC=CN2CCNC2=O)CCO1 1.0000000 1.0000 0.5677425 0.5677 0.6943071 4.4656
 | 11.2949 60.9440 55.4259 0.9091396 C=c1oc(=O)[nH]c(=O)c1=C(O)C=CC=CN1CNC(=O)C1=O 1 C=c1oc(=O)[nH]c(=O)c1=CC=CC=CN1CNC(=O)C1=O 1.0000000 1.0000 0.8833732 0.8834 0.7778134 4.1838
 | 14.8790 63.0309 48.4220 0.8707254 CCN1CN(C=CC=CC(O)=C2CC(=O)CC(=O)NC2=O)C(=O)CN1 1 O=C1CC(=O)NC(=O)C(=CC=CC=CN2CNNCC2=O)C1 1.0000000 1.0000 0.7667552 0.7668 0.7689763 4.2166
 | 23.6646 63.5929 39.8214 0.8079237 CN1CCCC(=C(O)C=CC=CN2CC(C(O)C(O)O)ON2)C1=O 1 O=C1NCCCC1=CC=CC=CN1CCON1 1.0000000 1.0000 0.8157443 0.8157 0.5213034 4.9445
 | 24.1139 81.7570 24.7044 0.8317291 CCN1C(=O)C(=C(O)C=CC=CN2CNCC(N)C(=NC)C2=O)C(=O)C(N)C1=O 1 N=C1CCNCN(C=CC=CC=C2C(=O)CC(=O)NC2=O)C1=O 1.0000000 1.0000 0.8310828 0.8311 0.5759051 4.8007
 | 13.4954 57.6166 55.3298 0.8823941 CCN1CN(C=CC=CC(O)=C2CC(=O)C(=O)NC2=O)C1=O 1 O=C1CC(=CC=CC=CN2CNC2=O)C(=O)NC1=O 1.0000000 1.0000 0.7420394 0.7420 0.8458058 3.8912
 | 22.9227 73.8580 23.3261 0.7592513 [N-]=[N+]=NC1=CCC(=C(O)C=CC=CN2CCC=CC(O)(C(=O)O)C2=O)C(=O)NC1=O 1 O=C1C=CCC(=CC=CC=CN2CCC=CCC2=O)C(=O)N1 1.0000000 1.0000 0.6240880 0.6241 0.5537635 4.8594
 | 23.7413 71.9302 37.6562 0.8561441 CC(C)CN1NC(=O)C(=C(O)C=CC=CN2CC(=O)N(CC(O)CO)C2)N1 1 O=C1CN(C=CC=CC=C2NNNC2=O)CN1 1.0000000 1.0000 0.8185981 0.8186 0.6622349 4.5614
02:46:42 <INFO> Score: 0.78 Agent NLL: 17.21 Valid:  99% Step: 296
 | Agent Prior Target Score SMILES SMILES_state Scaffold DASA DASA (raw) Solubility Solubility (raw) SA SA (raw)
 | 21.6626 62.4514 45.5885 0.8440618 CN1C(=O)C(=C(O)C=CC=CN2CN(Cc3ccccc3)CC2=N)C(=O)N1CCO 1 N=C1CN(Cc2ccccc2)CN1C=CC=CC=C1C(=O)NNC1=O 1.0000000 1.0000 0.6135797 0.6136 0.8817117 3.6914
 | 15.1067 57.1461 51.4316 0.8482640 CN1CCCN(C=CC=CC(O)=C2OCC(=O)CC2=O)C1=O 1 O=C1COC(=CC=CC=CN2CCCNC2=O)C(=O)C1 1.0000000 1.0000 0.6449144 0.6449 0.8480625 3.8799
 | 12.9315 54.3827 55.1356 0.8556113 C=C1CC(=C(O)C=CC=CN2CCN(CCO)C2=O)C(=O)N1C 1 C=C1CC(=CC=CC=CN2CCNC2=O)C(=O)N1 1.0000000 1.0000 0.6687170 0.6687 0.8419194 3.9104
 | 13.3834 64.5102 43.9004 0.8469573 CN1C=CC(=C(O)C=CC=CN2CCS(=O)(=O)NC2)C(=O)N(C)N1 1 O=C1NNNC=CC1=CC=CC=CN1CCS(=O)(=O)NC1 1.0000000 1.0000 0.7626085 0.7626 0.6890590 4.4816
 | 11.6995 59.4796 44.3943 0.8115144 CN1CN(C=CC=CC(O)=C2COC(CO)NC2=O)N=C1N 1 O=C1NCOCC1=CC=CC=CN1CNC=N1 1.0000000 1.0000 0.8355186 0.8355 0.5160559 4.9581
 | 16.5263 69.7673 44.8538 0.8954774 CN1C(=O)NC(=O)C(=C(O)C=CC=CN2CC(C(=O)O)=CC(=O)O2)C1=O 1 O=C1NC(=O)C(=CC=CC=CN2CC=CC(=O)O2)C(=O)N1 1.0000000 1.0000 0.7669966 0.7670 0.8647234 3.7915
 | 28.2921 86.7103 13.7250 0.7846507 NCC1COCCN1C=CC=c1sc(=C(O)C=CC=CN2C=NCCC2)c(=O)[nH]c1=O 1 O=c1[nH]c(=O)c(=CC=CN2CCOCC2)sc1=CC=CC=CN1C=NCCC1 1.0000000 1.0000 0.7203937 0.7204 0.5352503 4.9080
 | 24.6671 70.0774 38.4505 0.8478742 CC1C(=O)NCN(C=CC=CC(O)=C2C(=O)NC(=O)C(Cl)=C2C(O)O)C1=O 1 O=C1C=CC(=CC=CC=CN2CNC(=O)CC2=O)C(=O)N1 1.0000000 1.0000 0.7779783 0.7780 0.6758200 4.5214
 | 15.9466 49.8535 -49.8535 0.0000000 O=C1CN(C=CC=CC(O)=C2CC(O)CC2=O)CCN1 1 O=C1CN(C=CC=CC=C2CCCC2=O)CCN1 1.0000000 1.0000 0.7663130 0.7663 0.7555779 4.2648
 | 15.8520 63.5483 44.1900 0.8417054 C=C1C(=O)CC(=C(O)C=CC=CN2CCS(=O)(=O)NC2)C(=O)N1C 1 C=C1NC(=O)C(=CC=CC=CN2CCS(=O)(=O)NC2)CC1=O 1.0000000 1.0000 0.7176244 0.7176 0.7220974 4.3779
02:46:42 <INFO> Score: 0.79 Agent NLL: 17.23 Valid: 100% Step: 297
 | Agent Prior Target Score SMILES SMILES_state Scaffold DASA DASA (raw) Solubility Solubility (raw) SA SA (raw)
 | 24.4634 69.2844 37.1802 0.8317551 NCCCC1CCN(C=CC=CC(O)=C2OC(=O)C(N)NC2=O)C(=O)C1 1 O=C1CNC(=O)C(=CC=CC=CN2CCCCC2=O)O1 1.0000000 1.0000 0.7510892 0.7511 0.6503559 4.5957
 | 14.7721 58.6286 55.4649 0.8913557 O=C1CC(=S)NC(=O)C1=C(O)C=CC=CN1CCN(CCO)CCC1=O 1 O=C1CC(=S)NC(=O)C1=CC=CC=CN1CCNCCC1=O 1.0000000 1.0000 0.7298742 0.7299 0.9001539 3.5675
 | 15.2991 55.4360 51.5402 0.8357518 CN1NC(=O)CC(=C(O)C=CC=CN2CC(O)C(O)C2=O)C1=O 1 O=C1CC(=CC=CC=CN2CCCC2=O)C(=O)NN1 1.0000000 1.0000 0.8466369 0.8466 0.5747621 4.8037
 | 15.7857 52.8155 61.8002 0.8954352 CN(C)C=C1C(=O)N(C)C(=O)C1=C(O)C=CC=CN1CCNCC1=O 1 C=C1C(=O)NC(=O)C1=CC=CC=CN1CCNCC1=O 1.0000000 1.0000 0.7501921 0.7502 0.8878436 3.6522
 | 16.1298 76.0037 41.8247 0.9205345 O=C1NC(=O)N(COCCO)C(=O)C(=O)C1=C(O)C=CC=CN1CCC(=O)N(CCO)C1 1 O=C1CCN(C=CC=CC=C2C(=O)NC(=O)NC(=O)C2=O)CN1 1.0000000 1.0000 0.8324523 0.8325 0.8801104 3.7014
 | 8.6478 57.3165 -57.3165 0.0000000 C=C1C(=O)NC(=O)C(=C(O)C=CC=CN2CCN(CCO)CC2=O)C1=O 1 C=C1C(=O)NC(=O)C(=CC=CC=CN2CCNCC2=O)C1=O 1.0000000 1.0000 0.8120649 0.8121 0.8968735 3.5910
 | 11.9691 46.0776 63.6886 0.8575488 CN1C=CC(=C(O)C=CC=CN2CCC2)C1=O 1 O=C1NC=CC1=CC=CC=CN1CCC1 1.0000000 1.0000 0.6479342 0.6479 0.8827752 3.6848
 | 17.6732 68.8797 48.2802 0.9153119 NCCCCN1CN(C=CC=CC(O)=C2C(=O)NC(=NN=C(N)N)NC2=O)CC1=O 1 N=C1NC(=O)C(=CC=CC=CN2CNC(=O)C2)C(=O)N1 1.0000000 1.0000 0.8666497 0.8666 0.8188002 4.0175
 | 21.2139 69.6449 36.2213 0.8270795 CN1CN(C=CC=CC(O)=C2C(=O)NNCNC2C(N)=O)CNC1=O 1 O=C1NCN(C=CC=CC=C2CNCNNC2=O)CN1 1.0000000 1.0000 0.8653117 0.8653 0.5359094 4.9063
 | 11.8452 53.3364 65.1388 0.9255879 CN1CCN(C=CC=CC(O)=C2C(=O)NC(=O)C(=O)NC2=O)C1=O 1 O=C1NC(=O)C(=CC=CC=CN2CCNC2=O)C(=O)NC1=O 1.0000000 1.0000 0.8298021 0.8298 0.9040341 3.5389
02:46:43 <INFO> Score: 0.78 Agent NLL: 17.14 Valid: 100% Step: 298
 | Agent Prior Target Score SMILES SMILES_state Scaffold DASA DASA (raw) Solubility Solubility (raw) SA SA (raw)
 | 24.3424 79.0810 18.2302 0.7602441 C=C1CNC(=O)C(=C(O)C=CC=CN2CNC(=O)S2)C(=O)NC(=O)C1O 1 C=C1CNC(=O)C(=CC=CC=CN2CNC(=O)S2)C(=O)NC(=O)C1 1.0000000 1.0000 0.7611423 0.7611 0.4387770 5.1603
 | 15.3950 67.4505 41.6886 0.8526495 CN1C=NCN(C=CC=CC(O)=C2C(=O)NCONC2=O)C1=O 1 O=C1NCONC(=O)C1=CC=CC=CN1CN=CNC1=O 1.0000000 1.0000 0.7869356 0.7869 0.6825104 4.5014
 | 17.7937 62.5806 50.9459 0.8869263 O=CN1CCN(C=CC=CC(O)=C2C(=O)NC(=O)CC2O)C(=O)C(=O)C1 1 O=C1CCC(=CC=CC=CN2CCNCC(=O)C2=O)C(=O)N1 1.0000000 1.0000 0.8413674 0.8414 0.7432671 4.3075
 | 19.0067 69.7797 37.7800 0.8403099 O=C1NC(CO)CCC(CO)C1=C(O)C=CC=CN1CN(CCO)C1=O 1 O=C1NCCCCC1=CC=CC=CN1CNC1=O 1.0000000 1.0000 0.7794428 0.7794 0.6493886 4.5985
 | 9.5271 66.5698 49.7019 0.9083724 CON1NC(=O)C(=C(O)C=CC=CN2CNC(=O)C2=O)C(=O)C1=O 1 O=C1NNC(=O)C(=CC=CC=CN2CNC(=O)C2=O)C1=O 1.0000000 1.0000 0.8713857 0.8714 0.7878727 4.1452
 | 10.1829 55.4301 62.6053 0.9221510 O=C1C=CC(=O)C(=C(O)C=CC=CN2CCN(CCO)CC2=O)C(=O)N1 1 O=C1C=CC(=O)C(=CC=CC=CN2CCNCC2=O)C(=O)N1 1.0000000 1.0000 0.8120649 0.8121 0.9133974 3.4653
 | 15.1569 53.6356 56.2863 0.8587651 CC1(C)C(=O)NCN1C=CC=CC(O)=C1CCCC(=O)NC1=O 1 O=C1CN(C=CC=CC=C2CCCC(=O)NC2=O)CN1 1.0000000 1.0000 0.6647150 0.6647 0.8612115 3.8109
 | 26.9168 83.1017 28.5144 0.8720008 C=c1ccc(=C(O)C=CC=CN2CN(C)CCC(N(CCO)CCO)C2=O)c(=O)[nH]c1=O 1 C=c1ccc(=CC=CC=CN2CNCCCC2=O)c(=O)[nH]c1=O 1.0000000 1.0000 0.8329448 0.8329 0.7005377 4.4464
 | 15.0566 67.2376 48.0865 0.9009691 NCC1CC(=O)NC(=O)C(=C(O)C=CC=CN2CNC(=O)C2=O)C(=O)N1 1 O=C1CCNC(=O)C(=CC=CC=CN2CNC(=O)C2=O)C(=O)N1 1.0000000 1.0000 0.8821863 0.8822 0.7500827 4.2840
 | 20.6752 66.4513 42.7746 0.8533274 CN(C)C1C(=O)CC(=C(O)C=CC=CN2CCNC(=O)CC2=O)C1=O 1 O=C1CC(=O)C(=CC=CC=CN2CCNC(=O)CC2=O)C1 1.0000000 1.0000 0.7536773 0.7537 0.7212126 4.3808
02:46:44 <INFO> Score: 0.80 Agent NLL: 17.35 Valid: 100% Step: 299
 | Agent Prior Target Score SMILES SMILES_state Scaffold DASA DASA (raw) Solubility Solubility (raw) SA SA (raw)
 | 16.7889 65.9424 48.3745 0.8931009 CN1CCCN(C=CC=CC(O)=C2C(=O)NNCOC2=O)CC1=O 1 O=C1CN(C=CC=CC=C2C(=O)NNCOC2=O)CCCN1 1.0000000 1.0000 0.7903246 0.7903 0.8249270 3.9902
 | 17.1149 75.8914 38.7835 0.8958976 C=C1NCN(C=CC=CC(O)=C2C(=O)NC(=O)C=CC(=O)C2=O)C1=O 1 C=C1NCN(C=CC=CC=C2C(=O)NC(=O)C=CC(=O)C2=O)C1=O 1.0000000 1.0000 0.7890898 0.7891 0.8374008 3.9323
 | 20.9650 72.2036 32.8284 0.8205625 C=C1CC(=O)OC(=O)NC(=O)C1=C(O)C=CC=CN1CCC1N 1 C=C1CC(=O)OC(=O)NC(=O)C1=CC=CC=CN1CCC1 1.0000000 1.0000 0.6903297 0.6903 0.6798311 4.5095
 | 22.6388 70.9292 38.7861 0.8571502 CCCN1CCN(C=CC=CC(O)=C2C=C(N3CCN(C)CC3)C(=O)C2=O)CC1=O 1 O=C1CN(C=CC=CC=C2C=C(N3CCNCC3)C(=O)C2=O)CCN1 1.0000000 1.0000 0.6335321 0.6335 0.9051421 3.5305
 | 21.1474 71.5186 36.3946 0.8430721 O=C1CCNN(C=CC=CC(O)=C2CCCC(=O)NC2=O)C(C(=O)O)C1 1 O=C1CCNN(C=CC=CC=C2CCCC(=O)NC2=O)CC1 1.0000000 1.0000 0.6916720 0.6917 0.7598913 4.2495
 | 12.6172 59.1108 58.4427 0.9183864 O=C1COC(=O)C(=C(O)C=CC=CN2CNCCC2=O)C(=O)N1 1 O=C1COC(=O)C(=CC=CC=CN2CNCCC2=O)C(=O)N1 1.0000000 1.0000 0.8189344 0.8189 0.8888080 3.6459
 | 19.7869 79.4188 32.3742 0.8733829 CN1CC=CCN1C=CC=CC(O)=C1C(=O)CC=C(NCCO)C(=O)NC1=O 1 O=C1C=CCC(=O)C(=CC=CC=CN2CC=CCN2)C(=O)N1 1.0000000 1.0000 0.7420329 0.7420 0.8101246 4.0549
 | 11.5142 65.5736 52.6418 0.9235582 O=C1NC(=O)N(CCO)C(=O)C(=O)C1=C(O)C=CC=CN1CCC1 1 O=C1NC(=O)C(=O)C(=CC=CC=CN2CCC2)C(=O)N1 1.0000000 1.0000 0.8006069 0.8006 0.9350755 3.2623
 | 14.3693 75.0053 37.6696 0.8802721 CN1CN(C=CC=CC(O)=C2C(=O)NNC(=O)C2=O)C(=O)C1N 1 O=C1NNC(=O)C(=CC=CC=CN2CNCC2=O)C1=O 1.0000000 1.0000 0.8807055 0.8807 0.6817017 4.5039
 | 9.0586 53.3153 59.6079 0.8822125 COC1=CC(=C(O)C=CC=CN2CNC(=O)C2=O)C(=O)N1C 1 O=C1NCN(C=CC=CC=C2C=CNC2=O)C1=O 1.0000000 1.0000 0.7765926 0.7766 0.8001578 4.0963
02:46:44 <INFO> Score: 0.81 Agent NLL: 18.36 Valid: 100% Step: 300
 | Agent Prior Target Score SMILES SMILES_state Scaffold DASA DASA (raw) Solubility Solubility (raw) SA SA (raw)
 | 16.9188 64.5852 40.9750 0.8246886 C=C1CCN(C)CN1C=CC=CC(O)=c1c(=O)[nH]c(=O)oc1=CC=CC 1 C=C1CCNCN1C=CC=CC=c1c(=O)[nH]c(=O)oc1=C 1.0000000 1.0000 0.6565999 0.6566 0.7373218 4.3277
 | 17.4534 69.7503 39.4117 0.8528279 CC(O)=C1C(=O)N(C)C(=O)C1=C(O)C=CC=CN1CCOS(=O)(=O)C1 1 C=C1C(=O)NC(=O)C1=CC=CC=CN1CCOS(=O)(=O)C1 1.0000000 1.0000 0.6787573 0.6788 0.8157562 4.0307
 | 19.7316 64.1245 49.8492 0.8904190 C=c1[nH]c(=O)c(=C(O)C=CC=CN2CCN(CCCC)C2)c(=O)n1NC(C)=O 1 C=c1[nH]c(=O)c(=CC=CC=CN2CCNC2)c(=O)[nH]1 1.0000000 1.0000 0.7691265 0.7691 0.8415873 3.9120
 | 20.4633 75.0530 25.0672 0.7821890 O=C1NC(=CO)CC1=C(O)C=CC=CN1CC=CCN=C1O 1 C=C1CC(=CC=CC=CN2C=NCC=CC2)C(=O)N1 1.0000000 1.0000 0.5961794 0.5962 0.6629133 4.5594
 | 11.3093 55.2587 59.9310 0.8999189 CN1CN(C=CC=CC(O)=C2C(=O)NNC(=O)NC2=O)CNC1=O 1 O=C1NCN(C=CC=CC=C2C(=O)NNC(=O)NC2=O)CN1 1.0000000 1.0000 0.8244323 0.8244 0.8095956 4.0571
 | 29.4354 64.6990 -64.6830 0.0001255 CCN1C(=S)C(=C(O)C=CC=CN2CCCN(CCO)CC2)OC1OC 1 S=C1NCOC1=CC=CC=CN1CCCNCC1 0.0000000 0.0000 0.5858166 0.5858 0.7813035 4.1705
 | 10.1134 65.1526 52.1935 0.9167666 CN1CCC(=O)N(C=CC=CC(O)=C2C(=O)NC(=O)NC(=O)C2=O)CC1 1 O=C1NC(=O)C(=O)C(=CC=CC=CN2CCNCCC2=O)C(=O)N1 1.0000000 1.0000 0.7875956 0.7876 0.9245342 3.3677
 | 15.5360 57.6313 55.9094 0.8870372 O=C1NN(CCO)C(O)C1=C(O)C=CC=CN1CCNCC1=O 1 O=C1NNCC1=CC=CC=CN1CCNCC1=O 1.0000000 1.0000 0.8735227 0.8735 0.7109296 4.4138
 | 14.5324 53.7563 55.8542 0.8563322 CCC1C(=O)C(=O)NC(=O)C1=C(O)C=CC=CN1CCCNC1=O 1 O=C1CC(=CC=CC=CN2CCCNC2=O)C(=O)NC1=O 1.0000000 1.0000 0.6937054 0.6937 0.8085137 4.0617
 | 11.4123 58.4650 58.1730 0.9112345 CN1CCC(=O)N(C=CC=CC(O)=C2C(=O)NNC(=O)NC2=O)C1 1 O=C1NNC(=O)C(=CC=CC=CN2CNCCC2=O)C(=O)N1 1.0000000 1.0000 0.8102884 0.8103 0.8711224 3.7551
02:46:45 <INFO> Sampled SMILES O=C1NC(=O)C(=C(O)C=CC=CN2CN(CCO)CCCC2)N2(C)C1=CC(=O)C2O failed to sanitize.
02:46:45 <INFO> Score: 0.81 Agent NLL: 17.37 Valid:  99% Step: 301
 | Agent Prior Target Score SMILES SMILES_state Scaffold DASA DASA (raw) Solubility Solubility (raw) SA SA (raw)
 | 23.0466 80.7412 26.9899 0.8416498 CC1=CC(=C(O)C=CC=CN2CCCCN(CCO)C(=O)C2)C(=O)NC(=O)N1CN(C)C 1 O=C1CN(C=CC=CC=C2C=CNC(=O)NC2=O)CCCCN1 1.0000000 1.0000 0.6112136 0.6112 0.8752263 3.7310
 | 19.6594 71.7283 39.5312 0.8692145 O=C1CC(=O)C(=C(O)C=CC=CN2C=CCNC(C(=O)O)C2)C(=O)NC1=O 1 O=C1CC(=O)C(=CC=CC=CN2C=CCNCC2)C(=O)NC1=O 1.0000000 1.0000 0.7889221 0.7889 0.7377213 4.3263
 | 12.9741 66.1487 -66.1487 0.0000000 CC1C(=O)CC(=C(O)C=CC=CN2CN(C)C=CC2=O)C(=O)NC1=O 1 O=C1CC(=O)NC(=O)C(=CC=CC=CN2CNC=CC2=O)C1 1.0000000 1.0000 0.6927891 0.6928 0.6755229 4.5223
 | 10.9661 51.9943 65.3043 0.9163955 O=C1NC(=O)C(=C(O)C=CC=CN2CCCNC2=O)C1=O 1 O=C1NC(=O)C(=CC=CC=CN2CCCNC2=O)C1=O 1.0000000 1.0000 0.7947950 0.7948 0.9129400 3.4691
 | 17.8878 74.5762 32.1870 0.8340875 CCN1C(=O)OCC(=C(O)C=CC=CN2CN(C)C(NC)C2=O)C1=O 1 O=C1NC(=O)C(=CC=CC=CN2CNCC2=O)CO1 1.0000000 1.0000 0.7231982 0.7232 0.6886207 4.4830
 | 15.3336 75.0073 42.6774 0.9194114 O=C1NC(=O)C(=C(O)C=CC=CN2CCCNS(=O)(=O)CC2)C(=O)NC1=O 1 O=C1NC(=O)C(=CC=CC=CN2CCCNS(=O)(=O)CC2)C(=O)NC1=O 1.0000000 1.0000 0.8366712 0.8367 0.8703134 3.7598
 | 22.0929 61.0575 51.5969 0.8801124 C=CC(=O)N1CN(C=CC=CC(O)=C2C(=O)NNC(=O)NC2=O)C(=O)C1(C)C 1 O=C1NNC(=O)C(=CC=CC=CN2CNCC2=O)C(=O)N1 1.0000000 1.0000 0.7520266 0.7520 0.8233422 3.9973
 | 19.0590 62.2617 45.4689 0.8416461 CN1CCC(=O)N(C=CC=CC(O)=C2C(=O)NC(=O)C2(O)N2CCCCCC2)C1 1 O=C1NC(=O)C(N2CCCCCC2)C1=CC=CC=CN1CNCCC1=O 1.0000000 1.0000 0.6709516 0.6710 0.7825543 4.1658
 | 18.2093 64.2604 52.9077 0.9153760 N=C1C(=O)NCN1C=CC=CC(O)=C1C(=O)NC(=O)N(CC=O)C1=O 1 N=C1C(=O)NCN1C=CC=CC=C1C(=O)NC(=O)NC1=O 1.0000000 1.0000 0.8353946 0.8354 0.8559492 3.8391
 | 11.1159 48.2666 62.8534 0.8681248 CC1=NN(C)C(=O)C1=C(O)C=CC=CN1CN(C)CCC1=O 1 O=C1NN=CC1=CC=CC=CN1CNCCC1=O 1.0000000 1.0000 0.6780210 0.6780 0.8801430 3.7012
02:46:46 <INFO> Score: 0.80 Agent NLL: 17.71 Valid: 100% Step: 302
 | Agent Prior Target Score SMILES SMILES_state Scaffold DASA DASA (raw) Solubility Solubility (raw) SA SA (raw)
 | 12.0963 67.3036 43.3886 0.8647834 CCCN1C=CC(=O)N(C=CC=CC(O)=C2C=NC(=O)C(=O)NC2=O)C1 1 O=C1N=CC(=CC=CC=CN2CNC=CC2=O)C(=O)NC1=O 1.0000000 1.0000 0.7173667 0.7174 0.8093222 4.0583
 | 16.8558 74.7097 32.2543 0.8356569 CN1CC(N)N(C=CC=CC(O)=C2C=NC(=O)NC(=S)NC2=O)CC1=O 1 O=C1CN(C=CC=CC=C2C=NC(=O)NC(=S)NC2=O)CCN1 1.0000000 1.0000 0.7670819 0.7671 0.6467069 4.6061
 | 21.2979 81.0369 33.8770 0.8977646 N=C1C(=O)NCN1C=CC=CC(O)=C1C(=O)NC(=CNC(=O)OCCO)C1=O 1 C=C1NC(=O)C(=CC=CC=CN2CNC(=O)C2=N)C1=O 1.0000000 1.0000 0.8185391 0.8185 0.8084162 4.0621
 | 15.4812 67.8782 46.4987 0.8935694 O=C1NC(=O)C(=C(O)C=CC=CN2CCN(S(=O)(=O)NCCO)C2=O)C(=O)C(O)N1 1 O=C1NCC(=O)C(=CC=CC=CN2CCNC2=O)C(=O)N1 1.0000000 1.0000 0.8658768 0.8659 0.7409544 4.3154
 | 14.4088 62.9226 51.6206 0.8948690 O=C1NC(=CN2CCNCC2)C(=O)C1=C(O)C=CC=CN1CCN(CCO)C1=O 1 O=C1NC(=CN2CCNCC2)C(=O)C1=CC=CC=CN1CCNC1=O 1.0000000 1.0000 0.7768530 0.7769 0.8491476 3.8744
 | 16.6199 62.1260 54.5768 0.9117410 CN1C(=O)NNC(=O)C(=C(O)C=CC=CN2CCCNC(=O)C2)C1=O 1 O=C1CN(C=CC=CC=C2C(=O)NNC(=O)NC2=O)CCCN1 1.0000000 1.0000 0.7995360 0.7995 0.8872675 3.6560
 | 14.6362 70.2709 30.9530 0.7908117 CCN1C(=O)OCC(=C(O)C=CC=CN2CCCNS2=O)C1=O 1 O=C1NC(=O)C(=CC=CC=CN2CCCNS2=O)CO1 1.0000000 1.0000 0.6685054 0.6685 0.6050359 4.7222
 | 25.0301 60.9083 45.4576 0.8309834 CC(C)C1CN(C)C(=O)C(=C(O)C=CC=CN2CC=CC2=O)C(=O)N1 1 O=C1NCCNC(=O)C1=CC=CC=CN1CC=CC1=O 1.0000000 1.0000 0.6518065 0.6518 0.7679720 4.2203
 | 22.3764 87.6792 17.8164 0.8241844 CN(C=CCC1(O)NC(=O)C(=C(O)C=CC=CN2CNC(=O)C2=N)C(=O)N(C)C1=O)CCO 1 N=C1C(=O)NCN1C=CC=CC=C1C(=O)NCC(=O)NC1=O 1.0000000 1.0000 0.8269470 0.8269 0.5576082 4.8492
 | 12.2497 74.5214 39.7265 0.8925617 CONC(C)=c1c(C)cc(=C(O)C=CC=CN2CNC(=O)C2=O)c(=O)[nH]c1=O 1 C=c1ccc(=CC=CC=CN2CNC(=O)C2=O)c(=O)[nH]c1=O 1.0000000 1.0000 0.8275476 0.8275 0.7786263 4.1807
02:46:46 <INFO> Sampled SMILES O=C1C(=C(O)C=CC=CN2CCCC(=C)C2=O)C=C(=O)C1=O failed to sanitize.
02:46:46 <INFO> Score: 0.77 Agent NLL: 18.13 Valid:  99% Step: 303
 | Agent Prior Target Score SMILES SMILES_state Scaffold DASA DASA (raw) Solubility Solubility (raw) SA SA (raw)
 | 16.4927 67.7902 44.6118 0.8781408 CC(C)N1C(=O)NC(=O)C(=C(O)C=CC=CN2CCOCCC2=O)C(=O)C1=O 1 O=C1NC(=O)C(=O)C(=CC=CC=CN2CCOCCC2=O)C(=O)N1 1.0000000 1.0000 0.6839134 0.6839 0.9140463 3.4599
 | 18.7558 66.3204 51.1565 0.9177883 CC(=O)N1CCN(C=CC=CC(O)=C2C(=O)NCCC(=O)NC2=O)C(=O)C(=O)C1 1 O=C1CCNC(=O)C(=CC=CC=CN2CCNCC(=O)C2=O)C(=O)N1 1.0000000 1.0000 0.8050170 0.8050 0.9047997 3.5331
 | 17.7246 63.8312 41.7977 0.8252261 CCC=C1CCN1C=CC=CC(O)=C1CC(=O)C(=O)NC1=O 1 C=C1CCN1C=CC=CC=C1CC(=O)C(=O)NC1=O 1.0000000 1.0000 0.6157868 0.6158 0.7985277 4.1029
 | 13.1794 66.5162 44.6211 0.8682604 O=C1NC(=O)C(=C(O)C=CC=CN2CC(C(=O)O)NCC2=O)CC=C1CO 1 O=C1C=CCC(=CC=CC=CN2CCNCC2=O)C(=O)N1 1.0000000 1.0000 0.8070431 0.8070 0.7145851 4.4021
 | 11.5632 54.6603 57.7884 0.8785052 CN1CCC(=O)N(C=CC=CC(O)=C2C(=O)NC=CN(C)C2=O)C1 1 O=C1NC=CNC(=O)C1=CC=CC=CN1CNCCC1=O 1.0000000 1.0000 0.7286806 0.7287 0.8485582 3.8773
 | 18.0948 65.9221 49.9684 0.9053939 CN1CCN(C=CC=CC(O)=c2c(=O)[nH]c(=O)c(=CN3CCCCC3)[nH]c2=O)C(=O)C1=O 1 O=C1NCCN(C=CC=CC=c2c(=O)[nH]c(=O)c(=CN3CCCCC3)[nH]c2=O)C1=O 1.0000000 1.0000 0.8097344 0.8097 0.8486072 3.8771
 | 12.6660 62.1090 49.5074 0.8720031 C=C1C(=O)OCC(=C(O)C=CC=CN2CCN(CCO)CC(N)C2=O)C1=O 1 C=C1C(=O)OCC(=CC=CC=CN2CCNCCC2=O)C1=O 1.0000000 1.0000 0.7883532 0.7884 0.7483603 4.2900
 | 17.7182 79.8462 36.4575 0.9086224 C[N+](C)=C1C(=O)NCN1C=CC=CC(O)=C1C(=O)NC(=O)NC(=O)C1=O 1 [N+]=C1C(=O)NCN1C=CC=CC=C1C(=O)NC(=O)NC(=O)C1=O 1.0000000 1.0000 0.8510548 0.8511 0.8114492 4.0493
 | 18.9675 57.3653 42.4268 0.7796256 C=C1C=CN(C=CC=CC(O)=C2CCC(=O)C(=O)C2=O)CC1 1 C=C1C=CN(C=CC=CC=C2CCC(=O)C(=O)C2=O)CC1 1.0000000 1.0000 0.5191742 0.5192 0.7718730 4.2059
 | 12.3444 56.2802 49.6997 0.8279685 CCN1C(=O)CCC(=C(O)C=CC=CN2CNC(=O)N(CC)C2=O)C1=O 1 O=C1CCC(=CC=CC=CN2CNC(=O)NC2=O)C(=O)N1 1.0000000 1.0000 0.5824986 0.5825 0.8655741 3.7868
02:46:47 <INFO> Score: 0.86 Agent NLL: 18.82 Valid: 100% Step: 304
 | Agent Prior Target Score SMILES SMILES_state Scaffold DASA DASA (raw) Solubility Solubility (raw) SA SA (raw)
 | 20.5462 49.3826 32.7353 0.6415460 C=CC1(C)OC(=O)C(=C(O)C=CC=CN2C=CC=CC=C2)O1 1 O=C1OCOC1=CC=CC=CN1C=CC=CC=C1 1.0000000 1.0000 0.3473934 0.3474 0.5512786 4.8659
 | 14.5794 59.9619 57.3606 0.9165820 C=c1c(=O)[nH][nH]c(=O)c1=C(O)C=CC=CN1CCNCC1=O 1 C=c1c(=O)[nH][nH]c(=O)c1=CC=CC=CN1CCNCC1=O 1.0000000 1.0000 0.8730714 0.8731 0.8163188 4.0283
 | 22.8504 71.6972 38.9616 0.8645217 NC1=NNCCN1C=CC=CC(O)=C1NC(=O)C(NCCCO)NC1=O 1 O=C1CNC(=O)C(=CC=CC=CN2C=NNCC2)N1 1.0000000 1.0000 0.8846445 0.8846 0.6285449 4.6574
 | 11.1411 58.0367 57.5943 0.9033667 N=C1C(=O)C(=O)NC(=O)C1=C(O)C=CC=CN1CCCNC1=O 1 N=C1C(=O)C(=O)NC(=O)C1=CC=CC=CN1CCCNC1=O 1.0000000 1.0000 0.7770237 0.7770 0.8832995 3.6814
 | 15.5375 77.9498 35.0196 0.8825733 COC1C(=O)NC=NCN1C=CC=CC(O)=C1C(=O)NC(=O)C(=O)N(C)C1=O 1 O=C1CN(C=CC=CC=C2C(=O)NC(=O)C(=O)NC2=O)CN=CN1 1.0000000 1.0000 0.8400740 0.8401 0.7294109 4.3540
 | 35.6997 82.5075 12.3296 0.7409145 CONC1(C)C(=O)CC(=C(O)C=CC=CN2CN(CCCn3cccc3)C2=O)C(=O)N1C 1 O=C1CNC(=O)C(=CC=CC=CN2CN(CCCn3cccc3)C2=O)C1 1.0000000 1.0000 0.5041764 0.5042 0.6455457 4.6094
 | 17.3102 65.5796 49.1127 0.8960336 CCN1C(=O)C(=O)NC(=O)C(=C(O)C=CC=CN2CCCC2N)C1=O 1 O=C1NC(=O)C(=CC=CC=CN2CCCC2)C(=O)NC1=O 1.0000000 1.0000 0.7819829 0.7820 0.8470818 3.8848
 | 13.9367 61.2630 56.7045 0.9216210 CN1C(=O)C(=C(O)C=CC=CN2CNC(=O)C2)C(=O)N(CCO)C1=O 1 O=C1CN(C=CC=CC=C2C(=O)NC(=O)NC2=O)CN1 1.0000000 1.0000 0.8249550 0.8250 0.8941361 3.6100
 | 19.1202 73.6259 36.0371 0.8567423 CN1CN(C=CC=CC(O)=C2C(=O)NOC(CN)C(=O)NC2=O)CNC1=O 1 O=C1CONC(=O)C(=CC=CC=CN2CNC(=O)NC2)C(=O)N1 1.0000000 1.0000 0.8520467 0.8520 0.6330162 4.6448
 | 16.9731 52.3319 57.4044 0.8573144 CC1C(=O)C(=O)NC(=O)C1=C(O)C=CC=CN1CC(O)CC1=O 1 O=C1CC(=CC=CC=CN2CCCC2=O)C(=O)NC1=O 1.0000000 1.0000 0.7897690 0.7898 0.6953260 4.4625
02:46:48 <INFO> Score: 0.86 Agent NLL: 18.58 Valid: 100% Step: 305
 | Agent Prior Target Score SMILES SMILES_state Scaffold DASA DASA (raw) Solubility Solubility (raw) SA SA (raw)
 | 20.7359 68.3837 40.1756 0.8481198 CCCN1CCN(C=CC=CC(O)=C2CC(=O)NC(=O)NC2=O)C(=O)N1C(C)=O 1 O=C1CC(=CC=CC=CN2CCNNC2=O)C(=O)NC(=O)N1 1.0000000 1.0000 0.6486880 0.6487 0.8415449 3.9122
 | 12.3198 49.8471 60.4251 0.8615014 CC1=NN(C)C(=O)C1=C(O)C=CC=CN1CC(O)CC1=O 1 O=C1NN=CC1=CC=CC=CN1CCCC1=O 1.0000000 1.0000 0.7351807 0.7352 0.7733966 4.2003
 | 16.2700 60.0777 58.1978 0.9240275 O=CN1CCN(C=CC=CC(O)=C2NC(=O)CN(CCO)C2=O)CC1 1 O=C1CNC(=O)C(=CC=CC=CN2CCNCC2)N1 1.0000000 1.0000 0.8372058 0.8372 0.8881328 3.6503
 | 20.2440 62.9369 37.1250 0.7817332 CN1C(=O)C(N2CCCCCC2)=CC(=C(O)C=CC=CN2CC=NC=N2)C1=O 1 O=C1NC(=O)C(N2CCCCCC2)=CC1=CC=CC=CN1CC=NC=N1 1.0000000 1.0000 0.4953955 0.4954 0.8258545 3.9860
 | 11.8223 66.4115 42.1258 0.8479479 CN1CN(C=CC=CC(O)=C2COC(CO)C(=O)NC2=O)N=C1N 1 O=C1COCC(=CC=CC=CN2CNC=N2)C(=O)N1 1.0000000 1.0000 0.8443824 0.8444 0.6127784 4.7010
 | 29.2130 77.6837 20.2986 0.7654867 CN1CCN(C2=CC(=C(O)C=CC=CN3CCCC(O)C3=O)C(=O)C2N2CCSC2)CC1 1 O=C1C(=CC=CC=CN2CCCCC2=O)C=C(N2CCNCC2)C1N1CCSC1 1.0000000 1.0000 0.5666009 0.5666 0.6435844 4.6150
 | 11.6593 54.9500 56.2979 0.8691235 CN1C(=O)NCN(C=CC=CC(O)=C2CC(=O)CNC2=O)C1=O 1 O=C1CNC(=O)C(=CC=CC=CN2CNC(=O)NC2=O)C1 1.0000000 1.0000 0.7414452 0.7414 0.7944148 4.1194
 | 22.1945 75.2394 28.7275 0.8122415 C=CC1N(C)CN1C=CC=CC(O)=C1COCCC(=O)NC1=O 1 O=C1CCOCC(=CC=CC=CN2CNC2)C(=O)N1 1.0000000 1.0000 0.6931694 0.6932 0.6481423 4.6020
 | 18.3164 73.0590 37.4949 0.8637026 C=C1C(=O)C(=C(O)C=CC=CN2CC(=O)NN(CCO)C2)C(=O)NC(=O)C1O 1 C=C1CC(=O)NC(=O)C(=CC=CC=CN2CNNC(=O)C2)C1=O 1.0000000 1.0000 0.8592994 0.8593 0.6482707 4.6017
 | 24.2630 73.0990 31.4731 0.8169698 NCC(O)C1NNNC(=O)C1=C(O)C=CC=CN1CCNC(=O)C(=O)N1 1 O=C1NCCN(C=CC=CC=C2CNNNC2=O)NC1=O 1.0000000 1.0000 0.9232607 0.9233 0.4708430 5.0761
02:46:48 <INFO> Score: 0.85 Agent NLL: 17.81 Valid: 100% Step: 306
 | Agent Prior Target Score SMILES SMILES_state Scaffold DASA DASA (raw) Solubility Solubility (raw) SA SA (raw)
 | 14.5208 57.7171 56.2980 0.8907429 O=C1CC(=C(O)C=CC=CN2CC=CC(=O)C2=O)C(=O)NCCN1 1 O=C1CC(=CC=CC=CN2CC=CC(=O)C2=O)C(=O)NCCN1 1.0000000 1.0000 0.7728164 0.7728 0.8380469 3.9292
 | 23.2048 73.0688 42.3469 0.9016851 COC(=O)N1CC(=O)N(C=CC=CC(O)=C2C(=O)NC(=N)N(COCCO)C2=O)C1 1 N=C1NC(=O)C(=CC=CC=CN2CNCC2=O)C(=O)N1 1.0000000 1.0000 0.8001419 0.8001 0.8461164 3.8896
 | 13.6537 63.3481 -63.3481 0.0000000 C=C1C(=N)C(=C(O)C=CC=CN2CNC(=O)NC2=O)C(=O)NC1=O 1 C=C1C(=N)C(=CC=CC=CN2CNC(=O)NC2=O)C(=O)NC1=O 1.0000000 1.0000 0.7494637 0.7495 0.7974122 4.1074
 | 14.1176 70.6543 44.2085 0.8973651 CON1C(=O)NC(=O)C(=C(O)C=CC=CN2CCN(S(C)(=O)=O)C2=O)C(=O)C1=O 1 O=C1NC(=O)C(=O)C(=CC=CC=CN2CCNC2=O)C(=O)N1 1.0000000 1.0000 0.7724210 0.7724 0.8650588 3.7896
 | 24.1210 87.2875 14.2629 0.7933623 CC(C)(C)OC(=O)N1CC=CCN1C=CC=CC(O)=C1C(=O)NC(=O)C(N)NC(O)C1=O 1 O=C1CNCC(=O)C(=CC=CC=CN2CC=CCN2)C(=O)N1 1.0000000 1.0000 0.7042821 0.7043 0.5760825 4.8002
 | 14.0027 62.7524 48.9173 0.8724191 CCCCN1CCC(=O)N(C=CC=CC(O)=C2C(=O)NC(=O)N(C)NC2=O)C1 1 O=C1NNC(=O)C(=CC=CC=CN2CNCCC2=O)C(=O)N1 1.0000000 1.0000 0.6818542 0.6819 0.8925155 3.6211
 | 20.8062 76.8440 37.3547 0.8921770 O=C1NC(=O)C(=O)C(=C(O)C=CC=CN2CCN(CCO)C(=O)C2NC2=NCCN2)C(=O)N1 1 O=C1NC(=O)C(=O)C(=CC=CC=CN2CCNC(=O)C2NC2=NCCN2)C(=O)N1 1.0000000 1.0000 0.8696737 0.8697 0.7322625 4.3446
 | 25.6793 76.0876 28.6958 0.8186200 CC=c1c(=O)[nH]c(=S)[nH]c(=O)c1=C(O)C=C(C)C=CN1C=CN(C)CC1 1 C=c1c(=O)[nH]c(=S)[nH]c(=O)c1=CC=CC=CN1C=CNCC1 1.0000000 1.0000 0.6408501 0.6409 0.7359328 4.3323
 | 13.7437 66.3030 50.1399 0.9097100 O=C1NCCN(C=CC=CC(O)=C2C(=O)NC(=O)C(C(=O)O)C(=O)C2=O)C1=O 1 O=C1CC(=O)C(=O)C(=CC=CC=CN2CCNC(=O)C2=O)C(=O)N1 1.0000000 1.0000 0.8683220 0.8683 0.7961144 4.1126
 | 25.8397 76.7104 18.4031 0.7430745 C=C1OC2(C(=O)C(=O)C(=C(O)C=CC=CN3CCC(=O)C3)C2=O)C(=O)C(=O)C1O 1 C=C1CC(=O)C(=O)C2(O1)C(=O)C(=O)C(=CC=CC=CN1CCC(=O)C1)C2=O 1.0000000 1.0000 0.7845593 0.7846 0.3844014 5.3068
02:46:49 <INFO> Score: 0.82 Agent NLL: 18.63 Valid: 100% Step: 307
 | Agent Prior Target Score SMILES SMILES_state Scaffold DASA DASA (raw) Solubility Solubility (raw) SA SA (raw)
 | 10.9254 63.8153 54.3249 0.9229706 O=C1CCN(C=CC=CC(O)=C2C(=O)NNC(=O)C2=O)C1=O 1 O=C1CCN(C=CC=CC=C2C(=O)NNC(=O)C2=O)C1=O 1.0000000 1.0000 0.8516266 0.8516 0.8659445 3.7847
 | 42.4941 83.0108 -82.9973 0.0001054 CCC1(C)CC(=O)NC(=O)C1=C(O)C=CC=Cn1c(CCCC(=O)O)cc(=O)[nH]c1=NC(C)(C)C 1 N=c1[nH]c(=O)ccn1C=CC=CC=C1CCC(=O)NC1=O 0.0000000 0.0000 0.3536774 0.3537 0.6886767 4.4828
 | 13.6116 65.5981 45.4336 0.8674351 C=C1C(=O)NC(=O)C(=C(O)C=CC=CN2CN(C)C2=C)C1=O 1 C=C1C(=O)NC(=O)C(=CC=CC=CN2CNC2=C)C1=O 1.0000000 1.0000 0.7270304 0.7270 0.8067378 4.0691
 | 19.1938 58.7933 51.4870 0.8615645 CC(=O)N=C1NC(=O)C(=C(O)C=CC=CN2CCN(CCCN)CC2=O)CS1 1 N=C1NC(=O)C(=CC=CC=CN2CCNCC2=O)CS1 1.0000000 1.0000 0.6916732 0.6917 0.8323913 3.9560
 | 13.4577 63.2550 47.7757 0.8674267 CN=C1CC(=O)C(=C(O)C=CC=CN2CCCN(C)C2=O)C(=O)NC1=O 1 N=C1CC(=O)C(=CC=CC=CN2CCCNC2=O)C(=O)NC1=O 1.0000000 1.0000 0.6866197 0.6866 0.8640090 3.7955
 | 20.9622 64.3449 48.6931 0.8831095 O=C1CNC(=O)C(=C(O)C=CC=CN2CCN(CO)C2=S)CC1=O 1 O=C1CNC(=O)C(=CC=CC=CN2CCNC2=S)CC1=O 1.0000000 1.0000 0.7733648 0.7734 0.8076065 4.0655
 | 18.9087 73.1390 40.3075 0.8863003 NCC(=O)NC1CCC(=C(O)C=CC=CN2CCN(CN)C2=O)C(=O)NC1=O 1 O=C1CCCC(=CC=CC=CN2CCNC2=O)C(=O)N1 1.0000000 1.0000 0.8232128 0.8232 0.7607207 4.2465
 | 14.6829 64.4610 48.9039 0.8856637 NC1=CC(=O)C(=C(O)C=CC=CN2CNC(=O)C(O)C2)C(=O)NC1=O 1 O=C1C=CC(=O)C(=CC=CC=CN2CCC(=O)NC2)C(=O)N1 1.0000000 1.0000 0.8660303 0.8660 0.7136569 4.4051
 | 13.6827 62.3803 50.6912 0.8833711 CN1NC(=N)OC(=C(O)C=CC=CN2CN(CCO)CCC2=O)C1=O 1 N=C1NNC(=O)C(=CC=CC=CN2CNCCC2=O)O1 1.0000000 1.0000 0.7894960 0.7895 0.7888266 4.1415
 | 16.0332 71.0088 39.2526 0.8614179 CC(C)=C1C(=O)NCN(C=CC=CC(O)=C2CCC(=O)C(=O)NC2=O)C1=O 1 C=C1C(=O)NCN(C=CC=CC=C2CCC(=O)C(=O)NC2=O)C1=O 1.0000000 1.0000 0.6933097 0.6933 0.8294410 3.9696
02:46:50 <INFO> Score: 0.82 Agent NLL: 18.06 Valid: 100% Step: 308
 | Agent Prior Target Score SMILES SMILES_state Scaffold DASA DASA (raw) Solubility Solubility (raw) SA SA (raw)
 | 16.1827 69.7308 45.6557 0.9014572 CCN1CN(C=CC=CC(O)=C2C(=O)C(=O)N(CCO)N(C)C2=O)CC1=O 1 O=C1CN(C=CC=CC=C2C(=O)NNC(=O)C2=O)CN1 1.0000000 1.0000 0.8096177 0.8096 0.8333617 3.9514
 | 26.5163 85.0427 16.3016 0.7917522 N=C1NC2(CCO1)CC(=O)NC(=C(O)C=CC=CN1CCNC(=O)C1=O)C(=O)NC2=O 1 N=C1NC2(CCO1)CC(=O)NC(=CC=CC=CN1CCNC(=O)C1=O)C(=O)NC2=O 1.0000000 1.0000 0.8275521 0.8276 0.4706745 5.0765
 | 14.6065 61.5639 51.3873 0.8824312 C=c1[nH]c(=O)c(=C(O)C=CC=CN2CNC(=O)CN2)c(=O)o1 1 C=c1[nH]c(=O)c(=CC=CC=CN2CNC(=O)CN2)c(=O)o1 1.0000000 1.0000 0.8838642 0.8839 0.6857991 4.4915
 | 24.7903 74.1022 37.4945 0.8718490 CCOC(=O)CCCN1CC(=O)N(C(C)=O)N(C=CC=CC(O)=C2CC(=O)C(=O)NC2=O)C1 1 O=C1CNCN(C=CC=CC=C2CC(=O)C(=O)NC2=O)N1 1.0000000 1.0000 0.7032034 0.7032 0.8577412 3.8296
 | 18.7901 67.6782 44.7008 0.8779611 CN1C(=O)C(=O)C(=C(O)C=CC=CN2CNOC(CO)C2=O)C1=O 1 O=C1NC(=O)C(=CC=CC=CN2CNOCC2=O)C1=O 1.0000000 1.0000 0.8554790 0.8555 0.6981439 4.4538
 | 14.8600 62.8813 53.1839 0.9067594 O=C1CC(=O)NC(=C(O)C=CC=CN2CCCNC2=O)C(=O)N1 1 O=C1CC(=O)NC(=CC=CC=CN2CCCNC2=O)C(=O)N1 1.0000000 1.0000 0.7843618 0.7844 0.8872520 3.6561
 | 23.1332 79.3280 22.6737 0.7968886 CN1C(=O)C(=N)C(=O)CCC(=C(O)C=CC=CN2CC(CC(=O)O)OOC2=O)C1=O 1 N=C1C(=O)CCC(=CC=CC=CN2CCOOC2=O)C(=O)NC1=O 1.0000000 1.0000 0.6434460 0.6434 0.6541171 4.5849
 | 19.3076 69.4163 39.6492 0.8520741 CC(=O)NC1CC(=O)C(=C(O)C=CC=CN2CN(CCO)C(CO)C2=O)C(=O)N1 1 O=C1CCNC(=O)C1=CC=CC=CN1CNCC1=O 1.0000000 1.0000 0.8487939 0.8488 0.6215016 4.6769
 | 13.2621 59.7880 56.5166 0.9086296 O=C1CN(C=CC=CC(O)=C2CC(=O)NC(=O)NC2=O)CN1 1 O=C1CN(C=CC=CC=C2CC(=O)NC(=O)NC2=O)CN1 1.0000000 1.0000 0.8173636 0.8174 0.8517783 3.8609
 | 18.1114 67.2420 41.5183 0.8496899 CCOC(=O)N1CC(N)C(=O)N(C=CC=CC(O)=C2CC(=O)NC(=S)NC2=O)C1 1 O=C1CC(=CC=CC=CN2CNCCC2=O)C(=O)NC(=S)N1 1.0000000 1.0000 0.7255059 0.7255 0.7415233 4.3134
02:46:50 <INFO> Score: 0.84 Agent NLL: 18.99 Valid:  99% Step: 309
 | Agent Prior Target Score SMILES SMILES_state Scaffold DASA DASA (raw) Solubility Solubility (raw) SA SA (raw)
 | 22.5602 75.2829 27.9423 0.8064466 O=C1C(=O)C(=C(O)C=CC=CN2CCNC(O)CC2)C=C1N1CCCCCC1 1 O=C1C(=O)C(N2CCCCCC2)=CC1=CC=CC=CN1CCCNCC1 1.0000000 1.0000 0.5641543 0.5642 0.8052673 4.0752
 | 33.7185 104.2296 3.7087 0.8432678 CCN(CC)Cn1c(=O)c(=C(O)C=CC=CN2CCCN(C)C(=O)C2)c(=O)n(C)c1=CN1CCCNS(=O)(=O)CC1 1 O=C1CN(C=CC=CC=c2c(=O)[nH]c(=CN3CCCNS(=O)(=O)CC3)[nH]c2=O)CCCN1 1.0000000 1.0000 0.7167696 0.7168 0.7287854 4.3561
 | 13.9004 43.5884 72.6642 0.9082236 O=C1C=CC(=O)C1=C(O)C=CC=CN1CCN(CCO)CC1 1 O=C1C=CC(=O)C1=CC=CC=CN1CCNCC1 1.0000000 1.0000 0.7506796 0.7507 0.9415952 3.1889
 | 26.0891 79.6651 21.3655 0.7893014 C=CN1C(=O)N(C=CC=CC(O)=C2C(=O)N(C)C2(O)NC(C)=O)CC1CCO 1 O=C1NCC1=CC=CC=CN1CCNC1=O 1.0000000 1.0000 0.7399585 0.7400 0.5313383 4.9182
 | 21.6637 75.2941 31.5337 0.8345919 CCON=C1C(=O)N(CCCCN)CN1C=CC=CC(O)=C1CC(=O)C=C(OC)NC1=O 1 N=C1C(=O)NCN1C=CC=CC=C1CC(=O)C=CNC1=O 1.0000000 1.0000 0.6475163 0.6475 0.7882984 4.1436
 | 28.2843 85.3199 21.1062 0.8314542 CC(=O)NN1CN(C=CC=CC(O)=C2NC(=O)C(NC(O)CN(CCO)CCO)NC2=O)CC1=O 1 O=C1CN(C=CC=CC=C2NC(=O)CNC2=O)CN1 1.0000000 1.0000 0.9193744 0.9194 0.5094834 4.9753
 | 20.3955 67.6318 40.8113 0.8472112 CN1C(=O)CCOC(=O)C(=C(O)C=CC=CN2CC(F)CC2=O)C1=O 1 O=C1CCOC(=O)C(=CC=CC=CN2CCCC2=O)C(=O)N1 1.0000000 1.0000 0.6872839 0.6873 0.7816310 4.1693
 | 21.0976 55.2419 56.9950 0.8768510 CN(C=CC=CC(O)=C1CC(=O)C(O)C(=O)C1=O)CCO 1 C=C1CC(=O)CC(=O)C1=O 1.0000000 1.0000 0.8200775 0.8201 0.7305711 4.3502
 | 20.0035 69.3802 41.3347 0.8649597 CN1C(=N)C(=O)NC(=O)C(=C(O)C=CC=CN2CCNC(C(=N)O)C2)C1=O 1 N=C1NC(=O)C(=CC=CC=CN2CCNCC2)C(=O)NC1=O 1.0000000 1.0000 0.7982389 0.7982 0.7125629 4.4086
 | 13.1770 61.4853 47.9100 0.8546503 CN1CC(N2CCOCC2)=CC(=C(O)C=CC=CN2CCCNCC2)C1=O 1 O=C1NCC(N2CCOCC2)=CC1=CC=CC=CN1CCCNCC1 1.0000000 1.0000 0.6330573 0.6331 0.8949113 3.6047
02:46:51 <INFO> Score: 0.83 Agent NLL: 17.34 Valid: 100% Step: 310
 | Agent Prior Target Score SMILES SMILES_state Scaffold DASA DASA (raw) Solubility Solubility (raw) SA SA (raw)
 | 18.5334 65.1164 41.9685 0.8366004 CCC(C)N1C(=O)C(=O)C(=C(O)C=CC=CN2CCN=C2N(C)C)C1=O 1 O=C1NC(=O)C(=CC=CC=CN2C=NCC2)C1=O 1.0000000 1.0000 0.6527935 0.6528 0.7885785 4.1425
 | 18.3247 64.6714 39.9679 0.8174945 CN1CCCCC(=C(O)C=CC=CN2CC=CCN=C2N)C1=O 1 O=C1NCCCCC1=CC=CC=CN1C=NCC=CC1 1.0000000 1.0000 0.5707571 0.5708 0.8408040 3.9159
 | 15.7608 63.1698 50.3753 0.8870710 CC=C1C(=O)NC(=O)C(=C(O)C=CC=CN2CCN(CCCO)CCC2=O)C1=O 1 C=C1C(=O)NC(=O)C(=CC=CC=CN2CCNCCC2=O)C1=O 1.0000000 1.0000 0.7088319 0.7088 0.9136360 3.4633
 | 32.0807 89.7346 9.5662 0.7757878 NC1=CC(=C(O)C=CC=CN2CCN(CCOC(O)=CN=C3CC=NN3)O2)C(=O)NC1=O 1 O=C1C=CC(=CC=CC=CN2CCN(CCOC=CN=C3CC=NN3)O2)C(=O)N1 1.0000000 1.0000 0.7239986 0.7240 0.5072652 4.9811
 | 25.8538 70.3456 36.1531 0.8320209 CN1C(=O)N(C=CC=CC(O)=C2C(=O)NC(=O)C2NC(=O)NC(C)(C)C)CC1C(=O)O 1 O=C1CC(=CC=CC=CN2CCNC2=O)C(=O)N1 1.0000000 1.0000 0.6899118 0.6899 0.7211264 4.3811
 | 13.3163 43.5300 68.4533 0.8748696 CN1CCN(C=CC(O)=CC(O)=C2OC=NC2=O)CC1 1 O=C1N=COC1=CC=CC=CN1CCNCC1 1.0000000 1.0000 0.7230830 0.7231 0.8416589 3.9117
 | 13.4102 63.8825 47.1208 0.8672128 C=C1C(=O)C(=C(O)C=CC=CN2CNC(=O)C(=O)C2O)C(=O)N1C 1 C=C1NC(=O)C(=CC=CC=CN2CNC(=O)C(=O)C2)C1=O 1.0000000 1.0000 0.8209467 0.8209 0.6965462 4.4587
 | 13.7170 68.2968 50.8416 0.9307682 NCCCN1CN(C=CC=CC(O)=C2C(=O)NNC(=O)C2=O)C(=O)C1=O 1 O=C1NNC(=O)C(=CC=CC=CN2CNC(=O)C2=O)C1=O 1.0000000 1.0000 0.8782214 0.8782 0.8645887 3.7923
 | 16.4683 68.1410 46.8418 0.8983035 O=C(O)CCC=c1ncc(=C(O)C=CC=CN2CCC2)c(=O)[nH]c1=O 1 C=c1ncc(=CC=CC=CN2CCC2)c(=O)[nH]c1=O 1.0000000 1.0000 0.7805951 0.7806 0.8579578 3.8284
 | 18.1730 61.0851 51.3874 0.8786916 O=C1C(=O)N(N2CCOCC2)C(=O)C1=C(O)C=CC=CN1CCC(C(=O)O)C1=O 1 O=C1C(=O)N(N2CCOCC2)C(=O)C1=CC=CC=CN1CCCC1=O 1.0000000 1.0000 0.7727624 0.7728 0.7915129 4.1309
02:46:52 <INFO> Score: 0.84 Agent NLL: 19.07 Valid: 100% Step: 311
 | Agent Prior Target Score SMILES SMILES_state Scaffold DASA DASA (raw) Solubility Solubility (raw) SA SA (raw)
 | 21.3865 68.6169 35.6294 0.8144239 CN1C(=O)C(=C(O)C=CC=CN2CN(CCN)OCC2=O)CC(=O)C1(C)O 1 O=C1CNC(=O)C(=CC=CC=CN2CNOCC2=O)C1 1.0000000 1.0000 0.7874472 0.7874 0.5624791 4.8363
 | 16.2973 64.8359 51.9640 0.9124990 C=C1NC(=O)C(=C(O)C=CC=CN2CCN(CCO)C(=O)C2=O)C(=O)NO1 1 C=C1NC(=O)C(=CC=CC=CN2CCNC(=O)C2=O)C(=O)NO1 1.0000000 1.0000 0.8372946 0.8373 0.8424073 3.9080
 | 17.7261 64.1402 41.1743 0.8227702 COC1C=NC(=C(O)C=CC=CN2CNC(=O)C(=O)C2)C(=O)N1 1 O=C1CN(C=CC=CC=C2N=CCNC2=O)CNC1=O 1.0000000 1.0000 0.8188491 0.8188 0.5601770 4.8424
 | 15.2799 57.9006 55.7084 0.8875705 CCN1C(=O)NC(=O)C1=C(O)C=CC=CN1CNCCC1=O 1 O=C1NC(=O)C(=CC=CC=CN2CNCCC2=O)N1 1.0000000 1.0000 0.7431326 0.7431 0.8653114 3.7882
 | 13.2284 59.6579 56.1314 0.9046038 CON=C1C(=O)NCN1C=CC=CC(O)=C1C(=O)NC(=O)N(C)C1=O 1 N=C1C(=O)NCN1C=CC=CC=C1C(=O)NC(=O)NC1=O 1.0000000 1.0000 0.8043713 0.8044 0.8522704 3.8583
 | 18.9688 83.2956 29.3307 0.8798931 N=C1CN(C=CC=CC(O)=C2CC(=O)N(O)CC(=O)NC2=O)CN(CCO)C1 1 N=C1CNCN(C=CC=CC=C2CC(=O)NCC(=O)NC2=O)C1 1.0000000 1.0000 0.7975667 0.7976 0.7664524 4.2258
 | 15.7606 72.2306 36.8227 0.8519786 C=C1CCN(CCO)CN(C=CC=CC(O)=C2C=C(N3CCOCC3)C(=O)N(C)C2=O)C1=O 1 C=C1CCNCN(C=CC=CC=C2C=C(N3CCOCC3)C(=O)NC2=O)C1=O 1.0000000 1.0000 0.6540661 0.6541 0.8492870 3.8736
 | 12.8618 59.9034 55.4901 0.9015114 C=C1C(=O)C(=C(O)C=CC=CN2CCN(CCOCCO)CC2=O)C(=O)N1C 1 C=C1NC(=O)C(=CC=CC=CN2CCNCC2=O)C1=O 1.0000000 1.0000 0.7609860 0.7610 0.8978984 3.5837
 | 18.6072 65.5301 31.3030 0.7565086 C=C1CN(CCCC)CN1C=CC=CC(O)=C1CCC(C)(O)C(=O)NC1=O 1 C=C1CNCN1C=CC=CC=C1CCCC(=O)NC1=O 1.0000000 1.0000 0.5176796 0.5177 0.6825666 4.5013
 | 19.7129 60.6169 40.2483 0.7880094 C=CC1(O)NNC(=O)C1=C(O)C=CC=CN1CCCN1 1 O=C1NNCC1=CC=CC=CN1CCCN1 1.0000000 1.0000 0.8033794 0.8034 0.4781092 5.0571
02:46:52 <INFO> Score: 0.79 Agent NLL: 18.11 Valid: 100% Step: 312
 | Agent Prior Target Score SMILES SMILES_state Scaffold DASA DASA (raw) Solubility Solubility (raw) SA SA (raw)
 | 13.2518 54.8660 57.2616 0.8759972 CC=c1[nH]c(=O)c(=C(O)C=CC=CN2CCCN(C)C2=O)c(=O)n1C 1 C=c1[nH]c(=O)c(=CC=CC=CN2CCCNC2=O)c(=O)[nH]1 1.0000000 1.0000 0.7518954 0.7519 0.8074627 4.0661
 | 11.9272 72.0664 -72.0664 0.0000000 CC=c1c(=O)[nH]c(=O)c(=C(O)C=CC=CN2CC(=O)N(C)C2)[nH]c1=O 1 C=c1c(=O)[nH]c(=O)c(=CC=CC=CN2CNC(=O)C2)[nH]c1=O 1.0000000 1.0000 0.8512065 0.8512 0.8018816 4.0892
 | 34.4081 80.0359 21.1929 0.7908495 CONC(C)C(=O)NC1CCC(=C(O)C=CC=CN2CCN=C2NN(CCO)CCO)C(=O)N1C 1 O=C1NCCCC1=CC=CC=CN1C=NCC1 1.0000000 1.0000 0.7907080 0.7907 0.4947376 5.0137
 | 16.4049 50.5484 62.6289 0.8841977 O=C1NCCCCCC1=C(O)C=CC=CN(CCO)CCO 1 C=C1CCCCCNC1=O 1.0000000 1.0000 0.7028978 0.7029 0.9104096 3.4895
 | 8.5554 64.5612 -64.5612 0.0000000 O=C1NC(=O)C(=C(O)C=CC=CN2CCN(CCO)C2=O)C(=O)C(O)N1 1 O=C1NCC(=O)C(=CC=CC=CN2CCNC2=O)C(=O)N1 1.0000000 1.0000 0.8356948 0.8357 0.7857828 4.1533
 | 18.2390 79.0159 29.4018 0.8470133 CC1OC(=O)C(=C(O)C=CC=CN2CCN(CCO)C2=O)C(=O)N(C)C(=O)O1 1 O=C1NC(=O)C(=CC=CC=CN2CCNC2=O)C(=O)OCO1 1.0000000 1.0000 0.6953700 0.6954 0.7699809 4.2129
 | 19.2106 52.8309 27.0097 0.6237549 CSC1=NCN(C=CC=CC(O)=C2Cc3ccccc3NC2=O)S1 1 O=C1Nc2ccccc2CC1=CC=CC=CN1CN=CS1 1.0000000 1.0000 0.2226495 0.2226 0.8354349 3.9416
 | 14.2809 64.0941 43.6329 0.8416166 CN1CC(O)CN(C=CC=CC(O)=C2CC=C(CO)NC2=O)CC1=O 1 O=C1CN(C=CC=CC=C2CC=CNC2=O)CCCN1 1.0000000 1.0000 0.7731961 0.7732 0.6599824 4.5680
 | 20.9463 71.8950 39.6957 0.8718028 N=C(N)N=C1C=C(C(=O)O)N(C=CC=CC(O)=C2C(=O)CNNC2=O)C1 1 N=C1C=CN(C=CC=CC=C2C(=O)CNNC2=O)C1 1.0000000 1.0000 0.8123841 0.8124 0.7211788 4.3809
 | 15.1426 71.1709 36.2968 0.8395915 C=C1C(=O)C(=C(O)C=CC=CN2CC(=O)N(CC)N=C2C)C(=O)N(CC)C1=O 1 C=C1C(=O)NC(=O)C(=CC=CC=CN2C=NNC(=O)C2)C1=O 1.0000000 1.0000 0.6292433 0.6292 0.8365722 3.9362
02:46:53 <INFO> Score: 0.80 Agent NLL: 19.81 Valid:  99% Step: 313
 | Agent Prior Target Score SMILES SMILES_state Scaffold DASA DASA (raw) Solubility Solubility (raw) SA SA (raw)
 | 11.6446 56.9421 61.9318 0.9287024 COCCN1CCN(C=CC=CC(O)=C2C(=O)NC(=O)C(=O)N(C)C2=O)C(=O)C1 1 O=C1NC(=O)C(=CC=CC=CN2CCNCC2=O)C(=O)NC1=O 1.0000000 1.0000 0.8213871 0.8214 0.9281627 3.3331
 | 9.7893 64.0089 52.1174 0.9072368 CC1=CC(=C(O)C=CC=CN2CCN(CCO)CC2=O)C(=O)NC(=O)C1=O 1 O=C1C=CC(=CC=CC=CN2CCNCC2=O)C(=O)NC1=O 1.0000000 1.0000 0.7788087 0.7788 0.8968294 3.5913
 | 20.3496 78.8257 35.2301 0.8910611 CN1CCN=C1NNC1=CC(=O)C(=C(O)C=CC=CN2CCCN(C=O)CC2)C(=O)NC1=O 1 O=C1C=C(NNC2=NCCN2)C(=O)NC(=O)C1=CC=CC=CN1CCCNCC1 1.0000000 1.0000 0.7764965 0.7765 0.8345342 3.9459
 | 25.3071 85.4584 25.5537 0.8672822 CCNCNC1=NC(=O)C(=O)C(=C(O)C=CC=CN2CC(O)CN(C)C2)C(=O)N1 1 O=C1N=CNC(=O)C(=CC=CC=CN2CCCNC2)C1=O 1.0000000 1.0000 0.8285806 0.8286 0.6890840 4.4816
 | 11.7414 69.7259 46.2637 0.9061684 CN1NC(=O)C(=O)C(=C(O)C=CC=CN2CCCN(CCO)C2=O)C1=O 1 O=C1NNC(=O)C(=CC=CC=CN2CCCNC2=O)C1=O 1.0000000 1.0000 0.7932289 0.7932 0.8729697 3.7444
 | 19.8698 64.6708 38.4231 0.8054212 N=C1CC(CO)CN1C=CC=CC(O)=C1CC(=O)CC1=O 1 N=C1CCCN1C=CC=CC=C1CC(=O)CC1=O 1.0000000 1.0000 0.6694031 0.6694 0.6523365 4.5900
 | 10.9415 70.4258 46.3749 0.9125058 CN(C)C1=CC(=C(O)C=CC=CN2CCN(CCO)C(=O)C2=O)C(=O)NC(=O)C1=O 1 O=C1C=CC(=CC=CC=CN2CCNC(=O)C2=O)C(=O)NC1=O 1.0000000 1.0000 0.8203844 0.8204 0.8633142 3.7993
 | 12.1010 57.4853 59.7420 0.9158383 CN1NNC(=O)C(=C(O)C=CC=CN2CNC(=O)C2=O)C1=O 1 O=C1NCN(C=CC=CC=C2C(=O)NNNC2=O)C1=O 1.0000000 1.0000 0.8789445 0.8789 0.8070216 4.0679
 | 17.3533 82.8738 33.1273 0.9062580 CCON=C1C(=O)C(=C(O)C=CC=CN2CCN(CCO)CC(=O)C2=O)C(=O)N(C)C1=O 1 N=C1C(=O)NC(=O)C(=CC=CC=CN2CCNCC(=O)C2=O)C1=O 1.0000000 1.0000 0.7889809 0.7890 0.8789780 3.7083
 | 26.5745 77.0774 23.7554 0.7877555 NCC1CC(N)CN(C=CC=CC(O)=C2C=C(Cl)C(=O)CC(=O)NC2=O)O1 1 O=C1C=CC(=CC=CC=CN2CCCCO2)C(=O)NC(=O)C1 1.0000000 1.0000 0.7030976 0.7031 0.5603062 4.8421
02:46:54 <INFO> Sampled SMILES O=C1NC(=O)C(=C(O)C=CC=CN(CCO)C)(O)CCC1=O failed to sanitize.
02:46:54 <INFO> Score: 0.77 Agent NLL: 18.26 Valid:  98% Step: 314
 | Agent Prior Target Score SMILES SMILES_state Scaffold DASA DASA (raw) Solubility Solubility (raw) SA SA (raw)
 | 19.3185 65.3135 44.4056 0.8571808 C=C1NC(=O)C1=C(O)C=CC=CN1CN(CCC)CN(C)CC1=O 1 C=C1NC(=O)C1=CC=CC=CN1CNCNCC1=O 1.0000000 1.0000 0.6656301 0.6656 0.8531486 3.8538
 | 16.5732 65.0279 48.2005 0.8845965 C=c1oc(=O)c(=C(O)C=CC=CN2CNC(=O)CN2)c(=O)n1C 1 C=c1[nH]c(=O)c(=CC=CC=CN2CNC(=O)CN2)c(=O)o1 1.0000000 1.0000 0.8783097 0.8783 0.6981564 4.4537
 | 18.4108 60.1398 43.1346 0.8068313 COC(=O)C1C=CN(C=CC=CC(O)=C2C=C(N)C(=O)N(C)C2=O)CC1 1 O=C1C=CC(=CC=CC=CN2C=CCCC2)C(=O)N1 1.0000000 1.0000 0.6575540 0.6576 0.6713822 4.5346
 | 14.2616 59.5872 53.4919 0.8834297 NC1CC(=O)NC(=O)C(=C(O)C=CC=CN2CCNC(=O)C2=O)C1O 1 O=C1CCCC(=CC=CC=CN2CCNC(=O)C2=O)C(=O)N1 1.0000000 1.0000 0.8708180 0.8708 0.7014707 4.4435
 | 12.5571 61.0051 56.1102 0.9149636 COCCN1C(=O)NC(=O)C(=C(O)C=CC=CN2CNC(=O)C2=N)C1=O 1 N=C1C(=O)NCN1C=CC=CC=C1C(=O)NC(=O)NC1=O 1.0000000 1.0000 0.8064676 0.8065 0.8912342 3.6298
 | 19.9823 77.8370 36.7799 0.8954440 O=C1NC(=O)C(=C(O)C=CC=CN2CN(CCO)CCC2=O)C(=O)C(=O)C1=NCl 1 N=C1C(=O)NC(=O)C(=CC=CC=CN2CNCCC2=O)C(=O)C1=O 1.0000000 1.0000 0.7768803 0.7769 0.8514056 3.8628
 | 13.1890 53.6729 62.0306 0.9039334 CN1NC(=O)C1=C(O)C=CC=CN1CCN(CCO)C1=O 1 O=C1NNC1=CC=CC=CN1CCNC1=O 1.0000000 1.0000 0.8039035 0.8039 0.8502143 3.8689
 | 13.8010 58.1060 58.4901 0.9109071 CCN1NNC(=O)C(=C(O)C=CC=CN2CC2)C1=O 1 O=C1NNNC(=O)C1=CC=CC=CN1CC1 1.0000000 1.0000 0.8116824 0.8117 0.8680161 3.7730
 | 14.6418 53.6117 60.1414 0.8886962 CC1(C)CC(=O)C(=C(O)C=CC=CN2CCNCC2=O)C(=O)NC1=O 1 O=C1CCC(=O)C(=CC=CC=CN2CCNCC2=O)C(=O)N1 1.0000000 1.0000 0.7269760 0.7270 0.8931817 3.6166
 | 12.3864 61.9374 49.7965 0.8729212 O=C1CC(=C(O)C=CC=CN2CCS(=O)(=O)NC2)C(=O)NNN1 1 O=C1CC(=CC=CC=CN2CCS(=O)(=O)NC2)C(=O)NNN1 1.0000000 1.0000 0.8475020 0.8475 0.6891699 4.4813
02:46:54 <INFO> Score: 0.84 Agent NLL: 17.78 Valid: 100% Step: 315
 | Agent Prior Target Score SMILES SMILES_state Scaffold DASA DASA (raw) Solubility Solubility (raw) SA SA (raw)
 | 22.6364 60.8803 50.4953 0.8701212 C=c1o[nH]c(=O)c1=C(O)C=CC=CN1CN(CCC(O)CO)CCC1=O 1 C=c1o[nH]c(=O)c1=CC=CC=CN1CNCCC1=O 1.0000000 1.0000 0.8340077 0.8340 0.6931558 4.4691
 | 25.6986 73.5412 31.7714 0.8227549 CC(=N)C1CC(=N)C(=C(O)C=CC=CN2CCNC(=O)CC2)C(=O)N1 1 N=C1CCNC(=O)C1=CC=CC=CN1CCNC(=O)CC1 1.0000000 1.0000 0.6754638 0.6755 0.7056893 4.4303
 | 11.7887 57.8175 57.1466 0.8981570 NC1C(=O)NC(=C(O)C=CC=CN2CCNC(=O)C2=O)C1=O 1 O=C1CC(=O)C(=CC=CC=CN2CCNC(=O)C2=O)N1 1.0000000 1.0000 0.8785664 0.8786 0.7439609 4.3051
 | 16.8383 66.9422 44.9452 0.8741208 Cc1cc(=C(O)C=CC=CN2CCC(=O)N2)c(=O)[nH]c(=O)c1=C1SC(=O)NC1=O 1 O=C1CCN(C=CC=CC=c2ccc(=C3SC(=O)NC3=O)c(=O)[nH]c2=O)N1 1.0000000 1.0000 0.7590077 0.7590 0.7912335 4.1320
 | 22.1108 61.2621 44.1585 0.8235990 C=C1C(=O)C(=O)CC(=C(O)C=CC=CN2CCNC(C=O)C2)C1=O 1 C=C1C(=O)C(=O)CC(=CC=CC=CN2CCNCC2)C1=O 1.0000000 1.0000 0.7405622 0.7406 0.6346476 4.6403
 | 19.2545 67.1195 41.4358 0.8480886 C=C1CCC(=C(O)C=CC=CN2CN(CCO)CCC(=N)C2=O)C(=O)NC1=O 1 C=C1CCC(=CC=CC=CN2CNCCC(=N)C2=O)C(=O)NC1=O 1.0000000 1.0000 0.6769823 0.6770 0.7993930 4.0994
 | 13.2498 68.5644 49.2360 0.9203158 N=C1C(=C(O)C=CC=CN2CCN(CCO)C(=O)C2=O)C(=O)NN1NC(N)=O 1 N=C1NNC(=O)C1=CC=CC=CN1CCNC(=O)C1=O 1.0000000 1.0000 0.8714785 0.8715 0.8321983 3.9569
 | 13.2594 54.7981 52.6984 0.8398171 CN1C(=O)C(=O)C(=C(O)C=CC=CN2CC(CN=[N+]=[N-])OC2=O)C1=O 1 O=C1NC(=O)C(=CC=CC=CN2CCOC2=O)C1=O 1.0000000 1.0000 0.6884279 0.6884 0.7518752 4.2778
 | 17.1084 71.2996 40.7510 0.8753953 O=C1COC(=O)C(=C(O)C=CC=CN2CC(O)OC(CO)C2)C(=O)N1 1 O=C1COC(=O)C(=CC=CC=CN2CCOCC2)C(=O)N1 1.0000000 1.0000 0.8492380 0.8492 0.6957006 4.4613
 | 13.1928 58.8298 56.3280 0.8996703 N=C1CC(=C(O)C=CC=CN2CC2)C(=O)NC(=O)C1=O 1 N=C1CC(=CC=CC=CN2CC2)C(=O)NC(=O)C1=O 1.0000000 1.0000 0.7831493 0.7831 0.8600759 3.8170
02:46:55 <INFO> Score: 0.77 Agent NLL: 19.16 Valid: 100% Step: 316
 | Agent Prior Target Score SMILES SMILES_state Scaffold DASA DASA (raw) Solubility Solubility (raw) SA SA (raw)
 | 7.8511 61.7874 57.9037 0.9350866 O=C1NC(=O)C(=O)C(=C(O)C=CC=CN2CCNC(=O)C2=O)C(=O)N1 1 O=C1NC(=O)C(=O)C(=CC=CC=CN2CCNC(=O)C2=O)C(=O)N1 1.0000000 1.0000 0.8625555 0.8626 0.9008102 3.5628
 | 20.4251 76.0730 31.1720 0.8378519 CC=C1NCN1C=CC=CC(O)=c1cc(C)c(=COC(C)=O)c(=O)[nH]c1=O 1 C=C1NCN1C=CC=CC=c1ccc(=C)c(=O)[nH]c1=O 1.0000000 1.0000 0.7067897 0.7068 0.7213635 4.3803
 | 9.0890 47.7107 -47.7107 0.0000000 C=C1C(=O)OCC(=C(O)C=C(O)C=CN2CCNCC2)C1=O 1 C=C1C(=O)OCC(=CC=CC=CN2CCNCC2)C1=O 1.0000000 1.0000 0.7223118 0.7223 0.8376401 3.9311
 | 12.5042 58.7132 50.5964 0.8539810 NC1NC(=O)C(=C(O)C=CC=CN2CCCNCC2)SC1=O 1 O=C1CNC(=O)C(=CC=CC=CN2CCCNCC2)S1 1.0000000 1.0000 0.7538137 0.7538 0.7233784 4.3738
 | 22.5403 77.1233 35.5977 0.8806329 CCCN1CN(C)N(C=CC=CC(O)=C2C(=O)NC(=O)C(=C(O)NOCCO)C2=O)C1 1 C=C1C(=O)NC(=O)C(=CC=CC=CN2CNCN2)C1=O 1.0000000 1.0000 0.7671388 0.7671 0.8059160 4.0725
 | 24.4906 73.6405 33.3707 0.8360251 CN(C)C=C1C(=O)CNC(C(=O)O)N1C=CC=CC(O)=C1CC(=O)C(=O)NC1=O 1 C=C1C(=O)CNCN1C=CC=CC=C1CC(=O)C(=O)NC1=O 1.0000000 1.0000 0.7876118 0.7876 0.6276920 4.6597
 | 20.5209 69.3830 41.2665 0.8644489 O=CN1CCN(C=CC=CC(O)=C2Cn3c(cccc3=O)NNC2=O)C(=O)C1 1 O=C1NNc2cccc(=O)n2CC1=CC=CC=CN1CCNCC1=O 1.0000000 1.0000 0.7256530 0.7257 0.7969486 4.1093
 | 25.0751 71.1640 30.0319 0.7905930 CC1CC(O)CC(=C(O)C=CC=CN2CCN(C=O)C(CC(=O)O)C2=O)C(=O)N1 1 O=C1NCCCCC1=CC=CC=CN1CCNCC1=O 1.0000000 1.0000 0.7287660 0.7288 0.5448749 4.8828
 | 15.9618 53.4932 61.3224 0.8969973 CC1=CC(=C(O)C=CC=CN2CCN(S(N)(=O)=O)CC2=O)C(=O)N(C)C1=O 1 O=C1C=CC(=CC=CC=CN2CCNCC2=O)C(=O)N1 1.0000000 1.0000 0.7595803 0.7596 0.8811188 3.6951
 | 19.7642 70.4926 39.7843 0.8615381 CN=C1CC(=O)C(=C(O)C=CC=CN2CN(CCO)N=C2O)C(=O)N1C 1 N=C1CC(=O)C(=CC=CC=CN2C=NNC2)C(=O)N1 1.0000000 1.0000 0.7474810 0.7475 0.7582854 4.2552
02:46:56 <INFO> Score: 0.79 Agent NLL: 18.66 Valid: 100% Step: 317
 | Agent Prior Target Score SMILES SMILES_state Scaffold DASA DASA (raw) Solubility Solubility (raw) SA SA (raw)
 | 12.9058 74.1408 41.3240 0.9020689 N=C1CCN(N)CN1C=CC=CC(O)=C1C(=O)NC(=O)NC(=O)C1=O 1 N=C1CCNCN1C=CC=CC=C1C(=O)NC(=O)NC(=O)C1=O 1.0000000 1.0000 0.8173428 0.8173 0.8262695 3.9841
 | 14.3377 61.2096 49.4025 0.8641573 C=C1COC(=O)C(=C(O)C=CC=CN2CCCN(C=O)C2=O)C(=O)N1 1 C=C1COC(=O)C(=CC=CC=CN2CCCNC2=O)C(=O)N1 1.0000000 1.0000 0.7012878 0.7013 0.8291138 3.9711
 | 11.0196 65.1000 53.6460 0.9277036 COCCN1CCN(C=CC=CC(O)=C2C(=O)NNC(=O)C2=O)C(=O)C1 1 O=C1NNC(=O)C(=CC=CC=CN2CCNCC2=O)C1=O 1.0000000 1.0000 0.8387407 0.8387 0.9010847 3.5607
 | 20.2141 79.4234 28.7258 0.8449156 CN1CN(C=CC=CC(O)=C2CC(=O)C(=O)NC(=S)NC2=O)OC(=O)C1(C)C 1 O=C1CNCN(C=CC=CC=C2CC(=O)C(=O)NC(=S)NC2=O)O1 1.0000000 1.0000 0.6950389 0.6950 0.7624391 4.2404
 | 13.9499 65.1268 32.7682 0.7648039 CN1C=CC(=O)C1=C(O)C=CC=CN1CCCNS1=O 1 O=C1C=CNC1=CC=CC=CN1CCCNS1=O 1.0000000 1.0000 0.6950602 0.6951 0.5017457 4.9955
 | 20.7146 74.2058 32.4060 0.8329048 CCCN1CCN(C=CC=CC(O)=C2C(=O)NC(=O)C(OC)C(O)C2=O)OC1 1 O=C1CCC(=O)C(=CC=CC=CN2CCNCO2)C(=O)N1 1.0000000 1.0000 0.7581712 0.7582 0.6468147 4.6058
 | 13.4031 52.4722 62.2201 0.8960340 CN1C(=O)C(=C(O)C=CC=CN2CCCNCC2)C(=O)NC1=S 1 O=C1NC(=S)NC(=O)C1=CC=CC=CN1CCCNCC1 1.0000000 1.0000 0.7269101 0.7269 0.9246684 3.3665
 | 20.5339 63.8912 50.4088 0.8929691 O=C1NCNC(=O)C1=C(O)C=CC=CN1CCNC(=O)C(O)C1=O 1 O=C1CC(=O)N(C=CC=CC=C2C(=O)NCNC2=O)CCN1 1.0000000 1.0000 0.8839361 0.8839 0.7207889 4.3822
 | 22.9868 63.4612 25.7087 0.6966395 COC(=O)N1CCCC(=C(O)C=CC=CN2CN(c3ccccc3)C2=O)C(=O)N1C 1 O=C1NNCCCC1=CC=CC=CN1CN(c2ccccc2)C1=O 1.0000000 1.0000 0.3079904 0.3080 0.9003044 3.5664
 | 21.0854 65.2028 42.0912 0.8382339 COC(=O)C=C1NC(=O)C(=C(O)C=CC=CN2CC(=O)N(C)CC2(C)C)CC1=O 1 C=C1NC(=O)C(=CC=CC=CN2CCNC(=O)C2)CC1=O 1.0000000 1.0000 0.6392005 0.6392 0.8153977 4.0323
02:46:57 <INFO> Score: 0.78 Agent NLL: 18.55 Valid: 100% Step: 318
 | Agent Prior Target Score SMILES SMILES_state Scaffold DASA DASA (raw) Solubility Solubility (raw) SA SA (raw)
 | 14.2628 69.2204 48.3774 0.9187328 O=C1CCC(=O)C(=C(O)C=CC=CN2CC(=O)C(=O)N(CCO)C2)C(=O)N1 1 O=C1CCC(=O)C(=CC=CC=CN2CNC(=O)C(=O)C2)C(=O)N1 1.0000000 1.0000 0.8178635 0.8179 0.8916160 3.6272
 | 10.9693 57.9958 55.5804 0.8873142 CN1CC(=O)CC(=C(O)C=CC=CN2CCN(CCOCCO)C2=O)C1=O 1 O=C1CNC(=O)C(=CC=CC=CN2CCNC2=O)C1 1.0000000 1.0000 0.7331650 0.7332 0.8783816 3.7120
 | 30.7817 92.7339 -9.4672 0.6505211 CC(=O)OC=C1NC(=O)C(=C(O)C=CC=CN2C=NOC(C)(CC(=O)O)C2)SC1=C(C)O 1 C=C1NC(=O)C(=CC=CC=CN2C=NOCC2)SC1=C 1.0000000 1.0000 0.3934107 0.3934 0.5033643 4.9912
 | 14.8270 61.4601 47.6255 0.8522312 CCCN1CNC(=N)N(C=CC=CC(O)=C2C=C(N3CCOCC3)C(=O)NC2=O)C1 1 N=C1NCNCN1C=CC=CC=C1C=C(N2CCOCC2)C(=O)NC1=O 1.0000000 1.0000 0.6780933 0.6781 0.8143178 4.0370
 | 15.4001 87.3552 28.5916 0.9058349 C=C1N(C=CC=CC(O)=C2C(=O)NC(=O)C(=O)NC(=O)C2=O)CN1CC 1 C=C1NCN1C=CC=CC=C1C(=O)NC(=O)C(=O)NC(=O)C1=O 1.0000000 1.0000 0.8055703 0.8056 0.8556217 3.8408
 | 21.9057 78.7688 29.1016 0.8427380 CC=C1NC(=O)C(=C(O)C=CC=CN2CN(CC)CC(=NN)C2=O)C1=N 1 C=C1NC(=O)C(=CC=CC=CN2CNCC(=N)C2=O)C1=N 1.0000000 1.0000 0.6917006 0.6917 0.7585899 4.2541
 | 21.8396 61.7935 50.6707 0.8786267 CC1CN(CC(=O)O)C(=O)C(=C(O)C=CC=CN2CCN(C)CC2=O)C(=O)O1 1 O=C1NCCOC(=O)C1=CC=CC=CN1CCNCC1=O 1.0000000 1.0000 0.7440565 0.7441 0.8280401 3.9761
 | 12.4085 73.5418 43.6187 0.9153162 CN1C(=O)C(=C(O)C=CC=CN2CCNC(=O)C2=O)C(=O)C(=O)N1OCCO 1 O=C1NNC(=O)C(=CC=CC=CN2CCNC(=O)C2=O)C1=O 1.0000000 1.0000 0.8666991 0.8667 0.8187604 4.0176
 | 18.7041 81.2636 31.5163 0.8810932 C=c1c(=O)[nH]c(=O)c(=C(O)C=CC=CN2CC(C(=O)O)=CC(C)=N2)[nH]c1=O 1 C=c1c(=O)[nH]c(=O)c(=CC=CC=CN2CC=CC=N2)[nH]c1=O 1.0000000 1.0000 0.8128781 0.8129 0.7534617 4.2722
 | 15.3266 76.2561 36.0742 0.8775803 CC1=CC(=C(O)C=CC=CN2CCCNCC2)C(=O)NC(=O)C(=NCCO)C1=O 1 N=C1C(=O)C=CC(=CC=CC=CN2CCCNCC2)C(=O)NC1=O 1.0000000 1.0000 0.7171700 0.7172 0.8611094 3.8114
02:46:57 <INFO> Score: 0.81 Agent NLL: 19.78 Valid: 100% Step: 319
 | Agent Prior Target Score SMILES SMILES_state Scaffold DASA DASA (raw) Solubility Solubility (raw) SA SA (raw)
 | 19.8285 61.1189 54.6904 0.9047600 CN(C)N1C(=N)C(=C(O)C=CC=CN2CCN(CCO)CC2=O)C(=O)NC1=O 1 N=C1NC(=O)NC(=O)C1=CC=CC=CN1CCNCC1=O 1.0000000 1.0000 0.7859211 0.7859 0.8769717 3.7205
 | 31.2276 85.7447 21.7650 0.8399195 CN1CC(C)(NC(=O)C=O)NC(=O)C(=C(O)C=CC=CN2CC(=O)NN(CCCO)C2)C1=O 1 O=C1CN(C=CC=CC=C2C(=O)NCCNC2=O)CNN1 1.0000000 1.0000 0.8466155 0.8466 0.5869144 4.7712
 | 14.5608 57.1296 55.3301 0.8785915 CN1C=CNC(=O)C(=C(O)C=CC=CN2CCN(CCO)C2=S)C1=O 1 O=C1NC=CNC(=O)C1=CC=CC=CN1CCNC1=S 1.0000000 1.0000 0.7392629 0.7393 0.8343469 3.9468
 | 19.8458 65.1191 51.0779 0.9077890 NCC(=O)NC1COC(=C(O)C=CC=CN2CCN(CCO)C(=O)C2=O)C1=O 1 O=C1CCOC1=CC=CC=CN1CCNC(=O)C1=O 1.0000000 1.0000 0.8715042 0.8715 0.7856213 4.1540
 | 18.1209 56.5880 -56.5880 0.0000000 NCC1CN(C=CC=CC(O)=C2C(=O)NC(=O)NC2C(=O)O)CCO1 1 O=C1NCC(=CC=CC=CN2CCOCC2)C(=O)N1 1.0000000 1.0000 0.8151037 0.8151 0.7336175 4.3401
 | 18.7963 67.7898 45.7835 0.8872917 CCCN1CN(C=CC=CC(O)=C2C(=O)NN2CCN)C(=O)CC1=O 1 O=C1CC(=O)N(C=CC=CC=C2NNC2=O)CN1 1.0000000 1.0000 0.7819930 0.7820 0.8128969 4.0431
 | 17.1640 19.8097 -19.7915 0.0001417 CN1c2ccccc2C(N)=NS1(=O)=O 1 O=S1(=O)N=Cc2ccccc2N1 0.0000000 0.0000 0.7512096 0.7512 0.9654676 2.8302
 | 17.2640 66.8648 40.0132 0.8349847 C=C1C(=O)C(=C(O)C=CC=CN2CC(CN)NS2(=O)=O)C(=O)N1C 1 C=C1NC(=O)C(=CC=CC=CN2CCNS2(=O)=O)C1=O 1.0000000 1.0000 0.8029852 0.8030 0.6100996 4.7083
 | 18.7795 70.8923 35.5609 0.8316657 C=CC1(C)NC(=O)C(=C(O)C=CC=CN2CC(=O)N(CCCCN)C2)C1=O 1 O=C1CN(C=CC=CC=C2C(=O)CNC2=O)CN1 1.0000000 1.0000 0.7110282 0.7110 0.6942579 4.4658
 | 13.3298 59.9578 55.5126 0.9021125 CN1C(=O)NNC(=O)C(=C(O)C=CC=CN2CCC(=O)CC2=O)C1=O 1 O=C1CCN(C=CC=CC=C2C(=O)NNC(=O)NC2=O)C(=O)C1 1.0000000 1.0000 0.7759008 0.7759 0.8796856 3.7040
02:46:58 <INFO> Score: 0.86 Agent NLL: 18.21 Valid: 100% Step: 320
 | Agent Prior Target Score SMILES SMILES_state Scaffold DASA DASA (raw) Solubility Solubility (raw) SA SA (raw)
 | 15.4674 55.4255 51.9190 0.8386293 O=C1CCC(=C(O)C=CC=CN2CC(O)C(O)C(CO)C2)C(=O)NC1=O 1 O=C1CCC(=CC=CC=CN2CCCCC2)C(=O)NC1=O 1.0000000 1.0000 0.8190520 0.8191 0.6067649 4.7174
 | 17.5758 59.2046 52.1754 0.8701563 CC1=C(C)C(=C(O)C=CC=CN2CCC(=O)N(CCO)C2)C(=O)N1 1 O=C1CCN(C=CC=CC=C2C=CNC2=O)CN1 1.0000000 1.0000 0.6785488 0.6785 0.8879966 3.6512
 | 14.0759 52.7518 57.1530 0.8586311 CC1=CC(=C(O)C=CC=CN2CCN(C=O)C2=O)C(=O)C1=O 1 O=C1C=CC(=CC=CC=CN2CCNC2=O)C1=O 1.0000000 1.0000 0.6848001 0.6848 0.8304457 3.9650
 | 15.6825 65.2722 49.2776 0.8949205 N=C1NNC(=O)C(=C(O)C=CC=CN2CCNC(=O)C2=O)O1 1 N=C1NNC(=O)C(=CC=CC=CN2CCNC(=O)C2=O)O1 1.0000000 1.0000 0.8521603 0.8522 0.7600972 4.2487
 | 15.1971 63.7375 55.2487 0.9295796 NN1C(=O)NC(=O)C(=C(O)C=CC=CN2CCN(CCOCCO)CC(=O)C2=O)C1=O 1 O=C1NC(=O)C(=CC=CC=CN2CCNCC(=O)C2=O)C(=O)N1 1.0000000 1.0000 0.8563963 0.8564 0.8863271 3.6621
 | 33.8912 79.2907 27.1898 0.8318791 CCOC(=O)CC=CC(F)=c1ccc(=C(O)C=CC=CN2CCN(C=O)CC2=O)c(=O)o1 1 C=c1ccc(=CC=CC=CN2CCNCC2=O)c(=O)o1 1.0000000 1.0000 0.6499404 0.6499 0.7741135 4.1976
 | 19.4093 64.3661 48.5005 0.8817701 COCN1C(=O)C(=C(O)C=CC=CN2CCN(CC(=O)O)C2=S)C(=O)NC(=O)C1O 1 O=C1CNC(=O)C(=CC=CC=CN2CCNC2=S)C(=O)N1 1.0000000 1.0000 0.8104701 0.8105 0.7585919 4.2541
 | 13.3989 57.3391 54.1942 0.8713545 O=CN1CCCN(C=CC=CC(O)=C2CC(=O)CNC2=O)C1=O 1 O=C1CNC(=O)C(=CC=CC=CN2CCCNC2=O)C1 1.0000000 1.0000 0.7291228 0.7291 0.8193276 4.0152
 | 14.8991 63.0936 51.1844 0.8927965 O=C1CC(=C(O)C=CC=CN2CCN(S(=O)(=O)O)C2=O)C(=O)NC(=O)N1 1 O=C1CC(=CC=CC=CN2CCNC2=O)C(=O)NC(=O)N1 1.0000000 1.0000 0.7658777 0.7659 0.8553999 3.8420
 | 18.4438 69.4207 43.1372 0.8793587 CN1C(=O)NNNC(=C(O)C=CC=CN2CN(CCCN)CC2=N)C1=O 1 N=C1CNCN1C=CC=CC=C1NNNC(=O)NC1=O 1.0000000 1.0000 0.8084226 0.8084 0.7521965 4.2767
02:46:59 <INFO> Score: 0.82 Agent NLL: 18.32 Valid: 100% Step: 321
 | Agent Prior Target Score SMILES SMILES_state Scaffold DASA DASA (raw) Solubility Solubility (raw) SA SA (raw)
 | 24.7984 52.5776 38.7141 0.7132160 CC1=C(C)C(=O)CN(C=CC=CC(O)=C2C(=O)N(C)c3cccc(O)c32)C1 1 O=C1C=CCN(C=CC=CC=C2C(=O)Nc3ccccc32)C1 1.0000000 1.0000 0.3367835 0.3368 0.8927044 3.6198
 | 18.4352 60.9930 57.5602 0.9261966 CN1CC(=O)N(C=CC=CC(O)=C2C(=O)C(=O)N(N)C2=O)CC1=O 1 O=C1CN(C=CC=CC=C2C(=O)NC(=O)C2=O)C(=O)CN1 1.0000000 1.0000 0.8585784 0.8586 0.8701968 3.7605
 | 22.4085 85.2280 24.0876 0.8540281 CCCCN1C=CN(C=CC=CC(O)=c2c(=O)oc(=CN3CCNC(=O)C3=O)n(C)c2=O)CC1 1 O=C1NCCN(C=c2[nH]c(=O)c(=CC=CC=CN3C=CNCC3)c(=O)o2)C1=O 1.0000000 1.0000 0.7521923 0.7522 0.7254183 4.3671
 | 17.9097 66.0122 40.0693 0.8287610 N=C1CNC(C(=O)O)N1C=CC=CC(O)=C1C(=O)NC(=O)C1O 1 N=C1CNCN1C=CC=CC=C1CC(=O)NC1=O 1.0000000 1.0000 0.8595116 0.8595 0.5448802 4.8827
 | 10.0009 55.4595 60.4605 0.9056249 CN1C(=N)NC(=O)C(=C(O)C=CC=CN2CCN(CCO)C2=O)C1=O 1 N=C1NC(=O)C(=CC=CC=CN2CCNC2=O)C(=O)N1 1.0000000 1.0000 0.7982752 0.7983 0.8641716 3.7946
 | 18.4085 57.5079 47.6770 0.8217569 O=C1NNCCC1=C(O)C=CC=CN1CCC(C(=O)O)CC1O 1 O=C1NNCCC1=CC=CC=CN1CCCCC1 1.0000000 1.0000 0.7452623 0.7453 0.6239518 4.6701
 | 33.1626 83.8525 21.9774 0.8267955 NCCCC(=O)NC1NCCN(C=CC=CC(O)=C2C(=O)NNC([N+](=O)[O-])COC2=O)C1=O 1 O=C1NNCCOC(=O)C1=CC=CC=CN1CCNCC1=O 1.0000000 1.0000 0.8558335 0.8558 0.5422567 4.8896
 | 11.4851 70.6792 44.0435 0.8962709 CN1C(=O)C(=N)C(=O)C(=C(O)C=CC=CN2CNC(=O)C2=N)C1=O 1 N=C1C(=O)NC(=O)C(=CC=CC=CN2CNC(=O)C2=N)C1=O 1.0000000 1.0000 0.8148587 0.8149 0.8071352 4.0675
 | 12.2952 57.7823 58.7363 0.9103014 O=C1NC(=O)C(=C(O)C=CC=CN2CCCNS2(=O)=O)C1=O 1 O=C1NC(=O)C(=CC=CC=CN2CCCNS2(=O)=O)C1=O 1.0000000 1.0000 0.8279555 0.8280 0.8452195 3.8941
 | 14.4545 60.4961 51.7468 0.8768979 CON=C1CC(=C(O)C=CC=CN2CCNCC2=O)C(=O)NN1 1 N=C1CC(=CC=CC=CN2CCNCC2=O)C(=O)NN1 1.0000000 1.0000 0.7980256 0.7980 0.7550327 4.2667
02:46:59 <INFO> Sampled SMILES O=C1NC(=O)C(=C(O)C=CC=CN2C(CNC)OC2)C2OC(=O)C(=C(C=CC(=CN3CCOCC3)C)O)=C(O)C12 failed to sanitize.
02:46:59 <INFO> Score: 0.82 Agent NLL: 19.69 Valid:  99% Step: 322
 | Agent Prior Target Score SMILES SMILES_state Scaffold DASA DASA (raw) Solubility Solubility (raw) SA SA (raw)
 | 19.8140 68.5625 39.1497 0.8415017 C=C1CN(CCOC)CCN1C=CC=CC(O)=C1CC(=O)C(O)NNC1=O 1 C=C1CNCCN1C=CC=CC=C1CC(=O)CNNC1=O 1.0000000 1.0000 0.7568956 0.7569 0.6766869 4.5189
 | 52.5144 111.3045 -111.3045 0.0000000 O=C1NC(=O)C(=C(O)C=CC=CN2C(CNC)OC2)C2OC(=O)C(=C(C=CC(=CN3CCOCC3)C)O)=C(O)C12 0 -- 0.0000000 0.0000 0.0000000 0.0000 0.0000000 0.0000
 | 25.3381 67.2288 38.2921 0.8243823 C=C1CCCCCN1C=CC=CC(O)=C1C(=O)N=C(CN(C)C)C(=O)NC1=O 1 C=C1CCCCCN1C=CC=CC=C1C(=O)N=CC(=O)NC1=O 1.0000000 1.0000 0.5669146 0.5669 0.8780498 3.7140
 | 27.4233 71.1907 33.4931 0.8178416 CC(=CC=C1SC(=O)C(=C(O)C=CC=CN2CN2)C1=O)C(=O)O 1 C=C1SC(=O)C(=CC=CC=CN2CN2)C1=O 1.0000000 1.0000 0.6100688 0.6101 0.7775997 4.1846
 | 23.6130 80.7847 31.1175 0.8742363 C=C1CCN(CCO)CN1C=CC=CC(O)=C1C(=O)NN(C)N(CC(=O)O)C(=O)N(C)C1=O 1 C=C1CCNCN1C=CC=CC=C1C(=O)NNNC(=O)NC1=O 1.0000000 1.0000 0.7326126 0.7326 0.8260225 3.9853
 | 15.4340 71.3800 37.7954 0.8529328 CCCN1CC(=N)N(C=CC=CC(O)=C2C=C(N)NNC2=O)C1 1 N=C1CNCN1C=CC=CC=C1C=CNNC1=O 1.0000000 1.0000 0.7349783 0.7350 0.7418445 4.3124
 | 11.7558 55.4131 61.6902 0.9148703 O=CN1CCN(C=CC=CC(O)=C2C(=O)NC(=O)C2=O)C1=O 1 O=C1NC(=O)C(=CC=CC=CN2CCNC2=O)C1=O 1.0000000 1.0000 0.8252458 0.8252 0.8665826 3.7811
 | 10.6161 52.9374 59.5809 0.8790490 N=C1C(=O)NCN1C=CC=CC(O)=C1CCCNC1=O 1 N=C1C(=O)NCN1C=CC=CC=C1CCCNC1=O 1.0000000 1.0000 0.7583065 0.7583 0.8110379 4.0510
 | 15.3627 62.8244 45.5852 0.8469497 NC1CCCN(C=CC=CC(O)=C2CC(O)C(=O)NNC2=O)C1 1 O=C1CCC(=CC=CC=CN2CCCCC2)C(=O)NN1 1.0000000 1.0000 0.7963636 0.7964 0.6541363 4.5849
 | 11.4951 56.7178 58.2201 0.8979526 O=C1CNC(=O)C(=C(O)C=CC=CN2CCN(CCOCCO)C2=O)C1 1 O=C1CNC(=O)C(=CC=CC=CN2CCNC2=O)C1 1.0000000 1.0000 0.7684791 0.7685 0.8727820 3.7455
02:47:00 <INFO> Score: 0.83 Agent NLL: 18.38 Valid: 100% Step: 323
 | Agent Prior Target Score SMILES SMILES_state Scaffold DASA DASA (raw) Solubility Solubility (raw) SA SA (raw)
 | 22.4239 59.1841 38.0224 0.7594254 C=CC=C1OC(=C(O)C=CC=CN2CCCCC2C(=O)O)C1=O 1 C=C1OC(=CC=CC=CN2CCCCC2)C1=O 1.0000000 1.0000 0.4755180 0.4755 0.7681345 4.2197
 | 18.2298 84.2832 28.4062 0.8803856 CN(C)C1=CC(=C(O)C=CC=CN2CN(CCO)C(=O)C(=O)NC2=O)C(=O)NC(=O)CC1 1 O=C1CCC=CC(=CC=CC=CN2CNC(=O)C(=O)NC2=O)C(=O)N1 1.0000000 1.0000 0.7454750 0.7455 0.8331182 3.9526
 | 23.7571 70.4696 29.0608 0.7775811 C=C(C)OCCN1CCN(C=CC=CC(O)=C2CC(O)N(C)NC2=O)C(=C)C1 1 C=C1CNCCN1C=CC=CC=C1CCNNC1=O 1.0000000 1.0000 0.6040051 0.6040 0.6366244 4.6347
 | 18.6937 63.6658 44.7560 0.8470449 CC(O)C1C(=O)C(=C(O)C=CC=CN2CN(C)C(=O)CC2=O)C(=O)N1C 1 O=C1CC(=O)N(C=CC=CC=C2C(=O)CNC2=O)CN1 1.0000000 1.0000 0.7707360 0.7707 0.6806444 4.5070
 | 11.4308 65.8759 52.9898 0.9286376 C=c1[nH]c(=O)c(=C(O)C=CC=CN2CCN(CCO)C(=O)C2=O)n1CCO 1 C=c1[nH]c(=O)c(=CC=CC=CN2CCNC(=O)C2=O)[nH]1 1.0000000 1.0000 0.8919781 0.8920 0.8404838 3.9174
 | 16.3107 57.2169 53.4807 0.8648246 C=C1C(=O)NCCN1C=CC=CC(O)=C1CCNN(C)C1=O 1 C=C1C(=O)NCCN1C=CC=CC=C1CCNNC1=O 1.0000000 1.0000 0.7370552 0.7371 0.7836061 4.1617
 | 15.0602 51.0357 62.1310 0.8841145 CN1CCC(=O)N(C=CC=CC(O)=C2C(=O)C=C(N3CC3)C2=O)C1 1 O=C1C=C(N2CC2)C(=O)C1=CC=CC=CN1CNCCC1=O 1.0000000 1.0000 0.7137538 0.7138 0.8934651 3.6146
 | 17.4670 64.5064 48.5275 0.8830779 CN1NC(=O)C1=C(O)C=CC=CN1CN(CCCN)CN1O 1 O=C1NNC1=CC=CC=CN1CNCN1 1.0000000 1.0000 0.8160966 0.8161 0.7570175 4.2597
 | 14.4403 57.3746 48.4920 0.8270831 C=C1CN(C=CC=CC(O)=C2CCON(C)C2=O)CN(C)C1=O 1 C=C1CN(C=CC=CC=C2CCONC2=O)CNC1=O 1.0000000 1.0000 0.6558719 0.6559 0.7473491 4.2935
 | 17.9851 61.4037 49.5203 0.8665940 CCCN1CCCN(C=CC=CC(O)=C2C(=O)NN(C)C2=O)C1=O 1 O=C1NNC(=O)C1=CC=CC=CN1CCCNC1=O 1.0000000 1.0000 0.6645731 0.6646 0.8949000 3.6047
02:47:00 <INFO> Sampled SMILES CN1C(=O)C(=C(O)C=CC=CN2CCCNCC2=O)=C(N2CCCC2)C1N1CCC1 failed to sanitize.
02:47:01 <INFO> Score: 0.82 Agent NLL: 18.63 Valid:  99% Step: 324
 | Agent Prior Target Score SMILES SMILES_state Scaffold DASA DASA (raw) Solubility Solubility (raw) SA SA (raw)
 | 29.0799 74.7437 31.0291 0.8263502 CC=C1C(=O)N(C=CC=CC(O)=C2C(=O)NC(=O)C2NOC)CC1=NO 1 C=C1C(=N)CN(C=CC=CC=C2CC(=O)NC2=O)C1=O 1.0000000 1.0000 0.7527481 0.7527 0.6311169 4.6502
 | 24.3402 60.1931 36.1154 0.7524102 CC1COC(C)(C)CN1C=CC=CC(O)=C1OC(N)(CO)CC1=O 1 O=C1CCOC1=CC=CC=CN1CCOCC1 1.0000000 1.0000 0.6484884 0.6485 0.5091282 4.9762
 | 16.9203 62.1060 51.5448 0.8878970 NCCCCN1CN(C=CC=CC(O)=c2sc(=CCCC(=O)O)[nH]c2=O)C(=O)C1=O 1 C=c1[nH]c(=O)c(=CC=CC=CN2CNC(=O)C2=O)s1 1.0000000 1.0000 0.7604529 0.7605 0.8430164 3.9050
 | 12.1559 56.6566 59.2333 0.9053900 CN1CN(C=CC=CC(O)=C2C(=O)NCCNC2=O)N=C1N 1 O=C1NCCNC(=O)C1=CC=CC=CN1CNC=N1 1.0000000 1.0000 0.8434158 0.8434 0.8080902 4.0635
 | 31.2076 80.4783 25.4371 0.8274643 CN1C(=O)C(=C(O)C=CC=CN2CCNCC2=O)C(=O)N(COCCO)C(O)C1(O)C(O)CO 1 O=C1NCCNC(=O)C1=CC=CC=CN1CCNCC1=O 1.0000000 1.0000 0.9070403 0.9070 0.5074522 4.9806
 | 10.9701 58.4331 58.7819 0.9157425 COC1=CC(=C(O)C=CC=CN2CCNC(=O)C2=O)C(=O)NC(=O)C1=O 1 O=C1C=CC(=CC=CC=CN2CCNC(=O)C2=O)C(=O)NC1=O 1.0000000 1.0000 0.8182089 0.8182 0.8790450 3.7079
 | 17.7393 56.2577 51.4350 0.8413490 O=C1C=NC(=C(O)C=CC=CN2CN(c3ccccc3)NC2=O)C(=O)N1 1 O=C1C=NC(=CC=CC=CN2CN(c3ccccc3)NC2=O)C(=O)N1 1.0000000 1.0000 0.6174066 0.6174 0.8634048 3.7988
 | 28.4019 80.1984 -80.1984 0.0000000 CN1C(=O)C(=C(O)C=CC=CN2CCCNCC2=O)=C(N2CCCC2)C1N1CCC1 0 -- 0.0000000 0.0000 0.0000000 0.0000 0.0000000 0.0000
 | 15.1427 59.1624 51.1862 0.8620989 CN1NCCC(=C(O)C=CC=CN2CN(CCO)CC(N)C2=O)C1=O 1 O=C1NNCCC1=CC=CC=CN1CNCCC1=O 1.0000000 1.0000 0.8251851 0.8252 0.6752711 4.5231
 | 18.4686 89.8807 23.9734 0.8894851 CON=C1C(=O)NC(=O)C(=C(O)C=CC=CN2CCN(CCOCCO)C2=N)CC(=O)C1=O 1 N=C1C(=O)NC(=O)C(=CC=CC=CN2CCNC2=N)CC(=O)C1=O 1.0000000 1.0000 0.7875241 0.7875 0.8144526 4.0364
02:47:01 <INFO> Sampled SMILES O=C1NC(=O)C(=C(O)C=CC=CN2CN(CCC)CN2(C)C)C(=O)C1=C failed to sanitize.
02:47:01 <INFO> Score: 0.82 Agent NLL: 18.80 Valid:  99% Step: 325
 | Agent Prior Target Score SMILES SMILES_state Scaffold DASA DASA (raw) Solubility Solubility (raw) SA SA (raw)
 | 13.3501 60.7302 54.1111 0.8971975 CCN1C(=N)NC(=O)C(=C(O)C=CC=CN2CCNCCC2=O)C1=O 1 N=C1NC(=O)C(=CC=CC=CN2CCNCCC2=O)C(=O)N1 1.0000000 1.0000 0.7599739 0.7600 0.8813969 3.6934
 | 19.4890 69.6629 48.5841 0.9238044 O=C(O)CN1NC(=O)N(C=CC=CC(O)=C2C(=O)NC(=O)NC(=O)C2=O)CC1=O 1 O=C1CN(C=CC=CC=C2C(=O)NC(=O)NC(=O)C2=O)C(=O)NN1 1.0000000 1.0000 0.8499041 0.8499 0.8713492 3.7538
 | 27.6087 72.2995 33.6264 0.8275456 CCN1C=CC(=O)N(C=CC=CC(O)=C2OC(CN)CN(CN)C2=O)C1 1 O=C1NCCOC1=CC=CC=CN1CNC=CC1=O 1.0000000 1.0000 0.7662414 0.7662 0.6215663 4.6768
 | 15.7591 53.8017 57.6840 0.8709818 C=C1OC(=O)C1=C(O)C=CC=CN1CCC(=O)NC1=O 1 C=C1OC(=O)C1=CC=CC=CN1CCC(=O)NC1=O 1.0000000 1.0000 0.6935672 0.6936 0.8684240 3.7707
 | 20.7009 66.4159 42.7186 0.8526136 CN(C)CC1=CC(=C(O)C=CC=CN2CCN(S(C)(=O)=O)C2=O)C(=O)NC1=N 1 N=C1C=CC(=CC=CC=CN2CCNC2=O)C(=O)N1 1.0000000 1.0000 0.6873387 0.6873 0.8027022 4.0859
 | 14.4835 55.9296 61.6410 0.9185202 CC=c1[nH][nH]c(=O)c(=C(O)C=CC=CN2CCN(CCO)CC2)c1=O 1 C=c1[nH][nH]c(=O)c(=CC=CC=CN2CCNCC2)c1=O 1.0000000 1.0000 0.8363889 0.8364 0.8671271 3.7780
 | 15.9463 65.4251 47.5292 0.8824557 CCN1C(=O)C(=C(O)C=CC=CN2CC(=O)N(CCCN)C2)N(C)C1=O 1 O=C1CN(C=CC=CC=C2NC(=O)NC2=O)CN1 1.0000000 1.0000 0.7250572 0.7251 0.8698882 3.7623
 | 15.3411 58.9044 56.8359 0.9042207 C=CN1CCN(C=CC=CC(O)=C2C(=O)NC(=O)C2=O)CC1 1 O=C1NC(=O)C(=CC=CC=CN2CCNCC2)C1=O 1.0000000 1.0000 0.7698173 0.7698 0.8967834 3.5916
 | 24.1437 70.3645 35.6283 0.8280683 CC1=NNC(C2C(=O)NCN2C=CC=CC(O)=C2C(=O)NC(=O)NC2=O)C1 1 O=C1NC(=O)C(=CC=CC=CN2CNC(=O)C2C2CC=NN2)C(=O)N1 1.0000000 1.0000 0.8018886 0.8019 0.5901210 4.7626
 | 17.9058 68.1617 36.0587 0.8142214 CCN1C(=O)NC(=O)C1=C(O)C=CC=CN1CC(C(=O)O)OC(C)(C)O1 1 O=C1NC(=O)C(=CC=CC=CN2CCOCO2)N1 1.0000000 1.0000 0.6463925 0.6464 0.7120706 4.4101
02:47:02 <INFO> Score: 0.83 Agent NLL: 18.27 Valid: 100% Step: 326
 | Agent Prior Target Score SMILES SMILES_state Scaffold DASA DASA (raw) Solubility Solubility (raw) SA SA (raw)
 | 9.7721 51.7066 63.7389 0.9019179 CC1=CC(=C(O)C=CC=CN2CCNC(=O)C2=O)C(=O)NC1=O 1 O=C1C=CC(=CC=CC=CN2CCNC(=O)C2=O)C(=O)N1 1.0000000 1.0000 0.7844676 0.7845 0.8673839 3.7766
 | 31.2226 79.9811 19.1129 0.7741723 C=C1NC(=O)C(=C(O)C=CC=CN2CCN(S(=O)(=O)N(C)C)CC2=N)CCC1=C1CCC(=O)N1C 1 C=C1NC(=O)C(=CC=CC=CN2CCNCC2=N)CCC1=C1CCC(=O)N1 1.0000000 1.0000 0.5059964 0.5060 0.7729318 4.2020
 | 19.4346 67.2718 43.7425 0.8672993 CCCCN1CN(C=CC=CC(O)=C2C(=O)NN=C(SC)NC2=O)C(=O)C1=O 1 O=C1NCN(C=CC=CC=C2C(=O)NC=NNC2=O)C1=O 1.0000000 1.0000 0.6874183 0.6874 0.8622723 3.8051
 | 26.4176 83.6176 17.1420 0.7871848 CC(C)(C)OC(=O)N1C(=O)N(C=CC=CC(O)=C2C(=O)NC(=O)C(N3CCOCC3)=CC(=O)C2=O)CCC1C(=O)O 1 O=C1C=C(N2CCOCC2)C(=O)NC(=O)C(=CC=CC=CN2CCCNC2=O)C1=O 1.0000000 1.0000 0.5311828 0.5312 0.7820407 4.1677
 | 15.9148 75.6728 36.5683 0.8768837 C=C1C(=O)NC(=O)C(=C(O)C=CC=CN2CCCN(C)C(=O)C2)COC1=O 1 C=C1C(=O)NC(=O)C(=CC=CC=CN2CCCNC(=O)C2)COC1=O 1.0000000 1.0000 0.7196934 0.7197 0.8546323 3.8460
 | 17.4071 58.9709 52.3688 0.8698412 C=c1oc(=C(O)C=CC=CN2CCCC(C(=O)O)C2)c(=O)[nH]c1=O 1 C=c1oc(=CC=CC=CN2CCCCC2)c(=O)[nH]c1=O 1.0000000 1.0000 0.7727217 0.7727 0.7586129 4.2540
 | 13.6669 68.1468 46.0274 0.8919863 CN1CC(=O)C(=C(O)C=CC=CN2CN=CNC(=O)C2)C1=O 1 O=C1CN(C=CC=CC=C2C(=O)CNC2=O)CN=CN1 1.0000000 1.0000 0.7990329 0.7990 0.8098912 4.0559
 | 14.2040 61.0212 54.5403 0.9028245 N=C1NC(=O)C(=C(O)C=CC=CN2CNC(=O)C2)C1=O 1 N=C1NC(=O)C(=CC=CC=CN2CNC(=O)C2)C1=O 1.0000000 1.0000 0.8378775 0.8379 0.8048545 4.0770
 | 16.1599 66.2687 49.4794 0.9042822 CN1C(=O)C(=C(O)C=CC=CN2CCN(CCO)CCC2=O)C=C1N(CCO)CCO 1 O=C1NC=CC1=CC=CC=CN1CCNCCC1=O 1.0000000 1.0000 0.7860153 0.7860 0.8749023 3.7329
 | 16.4004 59.7096 54.7013 0.8938355 O=C1CC(=O)C(=C(O)C=CC=CN2C(=O)C(=O)OC2C(=O)O)C(=O)N1 1 O=C1CC(=O)C(=CC=CC=CN2COC(=O)C2=O)C(=O)N1 1.0000000 1.0000 0.8408912 0.8409 0.7684121 4.2187
02:47:03 <INFO> Sampled SMILES N1C(=O)C(=C(O)C=CC=CN2CCN(C)CC2=O)C(=O)C1CC=F failed to sanitize.
02:47:03 <INFO> Sampled SMILES N1C(=O)C(=C(O)C=CC=CN2CC(=O)N(C)CC2=O)C(=O)C1(C(=O)O)=C failed to sanitize.
02:47:03 <INFO> Score: 0.78 Agent NLL: 18.10 Valid:  98% Step: 327
 | Agent Prior Target Score SMILES SMILES_state Scaffold DASA DASA (raw) Solubility Solubility (raw) SA SA (raw)
 | 16.2135 61.1190 49.5510 0.8646095 CCN1CN(C=CC=CC(O)=C2C(=O)NC(=O)C(=C(C)C)C2=O)CC1=O 1 C=C1C(=O)NC(=O)C(=CC=CC=CN2CNC(=O)C2)C1=O 1.0000000 1.0000 0.6733885 0.6734 0.8724192 3.7476
 | 23.4298 71.8896 31.2562 0.8058265 C=C1CCCC(=O)NC(=O)C1=C(O)C=CC=CN1CN(C)C(N)=NC1OC 1 C=C1CCCC(=O)NC(=O)C1=CC=CC=CN1CN=CNC1 1.0000000 1.0000 0.6473386 0.6473 0.6805450 4.5073
 | 23.8819 71.3343 35.4604 0.8343331 CC=C1CNCC(=C(O)C=CC=CN2CN(CCO)C(N)=N2)C(=O)N(C)O1 1 C=C1CNCC(=CC=CC=CN2CNC=N2)C(=O)NO1 1.0000000 1.0000 0.7495278 0.7495 0.6605117 4.5664
 | 14.6746 54.5407 63.0905 0.9189941 C=c1c(=O)c(=C(O)C=CC=CN2CN(C)C(=O)C2=O)c1=O 1 C=c1c(=O)c(=CC=CC=CN2CNC(=O)C2=O)c1=O 1.0000000 1.0000 0.8818519 0.8819 0.8155277 4.0317
 | 30.2079 84.1776 3.8658 0.6878393 C=C1C(=O)OCC(=C(O)C=CC=CN2CC(=C(C)O)OC(=O)C(OC)C(C)O2)C1=O 1 C=C1CN(C=CC=CC=C2COC(=O)C(=C)C2=O)OCCC(=O)O1 1.0000000 1.0000 0.5223240 0.5223 0.4528115 5.1233
 | 20.0296 67.4279 41.9981 0.8548904 CC(=O)NN1NC(=O)C1=C(O)C=CC=CN1CN(CCCN)CC1C 1 O=C1NNC1=CC=CC=CN1CCNC1 1.0000000 1.0000 0.7829836 0.7830 0.6942574 4.4658
 | 10.6897 57.2236 61.3963 0.9267181 O=C1NC(=O)C(=C(O)C=CC=CN2CCN(CCOCCO)C2=O)C(=O)C1=O 1 O=C1NC(=O)C(=CC=CC=CN2CCNC2=O)C(=O)C1=O 1.0000000 1.0000 0.8336632 0.8337 0.9036317 3.5419
 | 16.1055 81.9834 33.5932 0.9029420 CN1CCCN(C=CC=CC(O)=C2N=C(N)N(CCO)C(=O)NC2=O)CC1=O 1 O=C1CN(C=CC=CC=C2N=CNC(=O)NC2=O)CCCN1 1.0000000 1.0000 0.7899507 0.7900 0.8642738 3.7940
 | 15.4606 65.6851 53.4104 0.9304333 NN1C(=O)C(=O)NC(=O)C(=C(O)C=CC=CN2CNCCC2=O)C1=O 1 O=C1NC(=O)C(=CC=CC=CN2CNCCC2=O)C(=O)NC1=O 1.0000000 1.0000 0.8725225 0.8725 0.8700538 3.7613
 | 21.3023 70.8221 32.7673 0.8092919 CC1(C)OCN(C=CC=CC(O)=C2C=C(N3CCOCC3)CC(=O)NC2=O)C(=O)N1O 1 O=C1CC(N2CCOCC2)=CC(=CC=CC=CN2COCNC2=O)C(=O)N1 1.0000000 1.0000 0.5756348 0.5756 0.7977474 4.1060
02:47:03 <INFO> Score: 0.86 Agent NLL: 18.89 Valid: 100% Step: 328
 | Agent Prior Target Score SMILES SMILES_state Scaffold DASA DASA (raw) Solubility Solubility (raw) SA SA (raw)
 | 15.1396 66.9451 43.2461 0.8608683 CN1C(=O)C(=C(O)C=CC=CN2CNC(=O)C(=O)C2=O)C=C1N1CCSCC1 1 O=C1NCN(C=CC=CC=C2C=C(N3CCSCC3)NC2=O)C(=O)C1=O 1.0000000 1.0000 0.7124335 0.7124 0.8006469 4.0943
 | 16.7115 62.7086 48.6309 0.8698399 CC(C)=C1N(C=CC=CC(O)=C2C(=O)NC(=N)NC2=O)CN1CCO 1 C=C1NCN1C=CC=CC=C1C(=O)NC(=N)NC1=O 1.0000000 1.0000 0.7472109 0.7472 0.7897933 4.1377
 | 18.9548 62.1946 52.3957 0.8952365 CN1CN(C=CC=CC(O)=C2C(=O)NNC(=O)C2=O)C(C)(C)C1=O 1 O=C1CN(C=CC=CC=C2C(=O)NNC(=O)C2=O)CN1 1.0000000 1.0000 0.7953658 0.7954 0.8269101 3.9812
 | 14.1221 60.5330 52.2606 0.8812001 NC1CN1C=CC=CC(O)=C1CCC(=O)NC(=O)NC1=O 1 O=C1CCC(=CC=CC=CN2CC2)C(=O)NC(=O)N1 1.0000000 1.0000 0.7870457 0.7870 0.7836336 4.1616
 | 12.3127 62.2670 48.2168 0.8631545 C=C1CNCCN1C=CC=CC(O)=C1C=C(C)C(=O)C(=O)NC1=O 1 C=C1CNCCN1C=CC=CC=C1C=CC(=O)C(=O)NC1=O 1.0000000 1.0000 0.6958765 0.6959 0.8327857 3.9541
 | 22.6775 76.7427 28.3919 0.8213641 CC(=O)C1(O)C(=C(O)C=CC=CN2CCCS(=O)(=O)NC2)C(=O)NN1O 1 O=C1NNCC1=CC=CC=CN1CCCS(=O)(=O)NC1 1.0000000 1.0000 0.8099255 0.8099 0.5635285 4.8336
 | 43.2289 78.6054 2.4542 0.6332782 CCCC=C1C=CCCN1C=CC=CC(O)=C1C(=O)NC(=CC=NN=CO)C1O 1 C=C1CC(=CC=CC=CN2CCC=CC2=C)C(=O)N1 1.0000000 1.0000 0.3845575 0.3846 0.4621081 5.0989
 | 21.5406 75.8941 31.4412 0.8385569 CN=C1CNC(=O)C(=C(O)C=CC=CN2CC(=O)N(CCCCCCCN)C2)C(=O)C1 1 N=C1CNC(=O)C(=CC=CC=CN2CNC(=O)C2)C(=O)C1 1.0000000 1.0000 0.6186988 0.6187 0.8493007 3.8736
 | 10.7770 59.3781 59.5131 0.9288380 O=C1NNC(=O)C(=C(O)C=CC=CN2CC2)C1=O 1 O=C1NNC(=O)C(=CC=CC=CN2CC2)C1=O 1.0000000 1.0000 0.8522082 0.8522 0.8885730 3.6474
 | 28.8444 80.0526 25.4197 0.8240025 CCC1N=C(C)N(C=CC=CC(O)=C2C(=O)C=CC(=O)NC2=O)CCN1CC(=O)O 1 O=C1C=CC(=O)C(=CC=CC=CN2C=NCNCC2)C(=O)N1 1.0000000 1.0000 0.6511051 0.6511 0.7421960 4.3112
02:47:04 <INFO> Score: 0.80 Agent NLL: 17.83 Valid: 100% Step: 329
 | Agent Prior Target Score SMILES SMILES_state Scaffold DASA DASA (raw) Solubility Solubility (raw) SA SA (raw)
 | 12.7259 61.3913 55.4103 0.9125124 CN1C(=N)C(=O)C(=C(O)C=CC=CN2CCN(CCO)C(=O)C2)C1=O 1 N=C1NC(=O)C(=CC=CC=CN2CCNC(=O)C2)C1=O 1.0000000 1.0000 0.8050290 0.8050 0.8831390 3.6825
 | 15.9653 66.2693 43.5640 0.8580732 N=C1C(=O)NCN1C=CC=CC(O)=C1C(=O)NNC(CO)COC1=O 1 N=C1C(=O)NCN1C=CC=CC=C1C(=O)NNCCOC1=O 1.0000000 1.0000 0.8654409 0.8654 0.6253415 4.6663
 | 18.1432 61.8032 43.8147 0.8251397 O=CN1CCCN(C=CC=CC(O)=C2Cn3c(cccc3=O)NC2=O)C1=O 1 O=C1Nc2cccc(=O)n2CC1=CC=CC=CN1CCCNC1=O 1.0000000 1.0000 0.6043810 0.6044 0.8162861 4.0284
 | 8.1165 47.1361 -47.1361 0.0000000 O=C1NC(=O)C(=C(O)C=CC=CN2CCNCC2)C1=O 1 O=C1NC(=O)C(=CC=CC=CN2CCNCC2)C1=O 1.0000000 1.0000 0.8337322 0.8337 0.9208262 3.4016
 | 25.6024 80.2482 10.0234 0.7052469 C=C1OC(=O)N(CCC)CN1C=CC=CC(O)=C1C(=O)CC(CC=CN(C)C)NC1=O 1 C=C1OC(=O)NCN1C=CC=CC=C1C(=O)CCNC1=O 1.0000000 1.0000 0.4304771 0.4305 0.6342975 4.6413
 | 19.0392 69.0128 41.4736 0.8631752 C=C1c2cccn2NCN1C=CC=CC(O)=C1C(=O)NC(=O)C(=O)N(C)C1=O 1 C=C1c2cccn2NCN1C=CC=CC=C1C(=O)NC(=O)C(=O)NC1=O 1.0000000 1.0000 0.6978912 0.6979 0.8299853 3.9671
 | 20.0985 69.0994 42.6739 0.8732291 CC(=O)CCN1CCN(C=CC=CC(O)=C2C=C(O)C(=O)C(=O)NC2=O)C1=O 1 O=C1C=CC(=CC=CC=CN2CCNC2=O)C(=O)NC1=O 1.0000000 1.0000 0.6939847 0.6940 0.8772402 3.7189
 | 18.5230 56.1519 60.2486 0.9093789 O=C(O)CC(C(=O)O)N1C(=O)C(=O)C(=C(O)C=CC=CN2CCNCC2)C1=O 1 O=C1NC(=O)C(=CC=CC=CN2CCNCC2)C1=O 1.0000000 1.0000 0.8148106 0.8148 0.8579469 3.8285
 | 36.8638 97.5277 -0.9260 0.7547014 CC1C(=O)ON=C1C(=O)C(O)CC(C)N1C(=O)C(=C(O)C=CC=CN2CNC(=O)C2=N)C1=O 1 N=C1C(=O)NCN1C=CC=CC=C1C(=O)N(CCCC(=O)C2=NOC(=O)C2)C1=O 1.0000000 1.0000 0.7671061 0.7671 0.4215307 5.2062
 | 12.8094 67.4271 44.9265 0.8777625 CCN1CN(C=CC=CC(O)=C2C(=O)NNCN(C)C2=O)C(=O)NC1=O 1 O=C1NCN(C=CC=CC=C2C(=O)NCNNC2=O)C(=O)N1 1.0000000 1.0000 0.7675742 0.7676 0.7943995 4.1195
02:47:05 <INFO> Sampled SMILES N1C(=O)C(=C(O)C=CC=CN2CN(CCC)C(=O)NC2=N)C=C(=O)C1O failed to sanitize.
02:47:05 <INFO> Sampled SMILES N1C(=O)C(=C(O)C=CC=CN2CCN(C)CCC2)n2c1N=C(C(F)(F)F)C(C)N2 failed to sanitize.
02:47:05 <INFO> Score: 0.79 Agent NLL: 17.53 Valid:  98% Step: 330
 | Agent Prior Target Score SMILES SMILES_state Scaffold DASA DASA (raw) Solubility Solubility (raw) SA SA (raw)
 | 17.3275 68.2534 42.2826 0.8635632 CC(=O)NCCCCN1CCC(=O)N(C=CC=CC(O)=C2C=C(N(C)C)C(=O)NC2=O)C1 1 O=C1C=CC(=CC=CC=CN2CNCCC2=O)C(=O)N1 1.0000000 1.0000 0.6650540 0.6651 0.8810630 3.6955
 | 12.0727 52.5630 47.2911 0.7801104 CCN1CN(C=CC=CC(O)=C2C(=O)Nc3ccccc32)C(=N)NC1=O 1 N=C1NC(=O)NCN1C=CC=CC=C1C(=O)Nc2ccccc21 1.0000000 1.0000 0.4600455 0.4600 0.8947351 3.6059
 | 15.9468 77.3708 36.1153 0.8866102 NCCN1CN(C=CC=CC(O)=C2NC(=O)C(NC(=O)CO)NC2=O)CC1=O 1 O=C1CN(C=CC=CC=C2NC(=O)CNC2=O)CN1 1.0000000 1.0000 0.9088750 0.9089 0.6765072 4.5194
 | 18.7111 59.4450 43.9830 0.8080317 COC1OC(=C(O)C=CC=CN2CN(C)C(=O)C(N)C2=O)C(=O)N1C 1 O=C1CC(=O)N(C=CC=CC=C2OCNC2=O)CN1 1.0000000 1.0000 0.8085120 0.8085 0.5272001 4.9291
 | 22.3970 69.9464 27.6184 0.7622244 COC1C(=O)CC(=C(O)C=CC=CN2C(=O)SCC2C(=O)NC(C)(C)C)C(=O)NC1=O 1 O=C1CC(=O)NC(=O)C(=CC=CC=CN2CCSC2=O)C1 1.0000000 1.0000 0.5724867 0.5725 0.6243520 4.6690
 | 14.0333 69.9086 40.5343 0.8628353 CC(=O)NNC1NC(=O)C(=C(O)C=CC=CN2CNC(=O)C2=N)C(=O)N1C 1 N=C1C(=O)NCN1C=CC=CC=C1C(=O)NCNC1=O 1.0000000 1.0000 0.8596651 0.8597 0.6452113 4.6104
 | 21.4481 74.6687 -74.6687 0.0000000 N1C(=O)C(=C(O)C=CC=CN2CN(CCC)C(=O)NC2=N)C=C(=O)C1O 0 -- 0.0000000 0.0000 0.0000000 0.0000 0.0000000 0.0000
 | 19.2205 65.6907 41.7934 0.8397194 NC1CCCN(C=CC=CC(O)=C2NCC(=NCCO)NC2=O)C1 1 N=C1CNC(=CC=CC=CN2CCCCC2)C(=O)N1 1.0000000 1.0000 0.7911085 0.7911 0.6360340 4.6364
 | 11.1157 54.2385 62.2421 0.9100046 O=C1NC(=O)C(=C(O)C=CC=CN2CCNC(=O)C2=O)C(O)C1=O 1 O=C1CC(=CC=CC=CN2CCNC(=O)C2=O)C(=O)NC1=O 1.0000000 1.0000 0.8834450 0.8834 0.7808501 4.1723
 | 15.8303 64.0246 44.0801 0.8445676 CN1C(=O)C(N2CCCCC2)=CC(=C(O)C=CC=CN2CNC(N)=NC2=O)C1=O 1 O=C1NC(=O)C(N2CCCCC2)=CC1=CC=CC=CN1CNC=NC1=O 1.0000000 1.0000 0.6445539 0.6446 0.8332079 3.9521
02:47:06 <INFO> Score: 0.80 Agent NLL: 18.00 Valid: 100% Step: 331
 | Agent Prior Target Score SMILES SMILES_state Scaffold DASA DASA (raw) Solubility Solubility (raw) SA SA (raw)
 | 11.0381 61.0497 -61.0497 0.0000000 CN1CN(C=CC=CC(O)=C2C(=O)NN(CCO)C2=O)CC1=O 1 O=C1CN(C=CC=CC=C2C(=O)NNC2=O)CN1 1.0000000 1.0000 0.8503278 0.8503 0.8407457 3.9161
 | 14.9943 71.4514 39.6493 0.8679746 N=C1C(=O)NCN1C=CC=CC(O)=C1C(=O)NC(=O)NC(O)N(O)C1=O 1 N=C1C(=O)NCN1C=CC=CC=C1C(=O)NCNC(=O)NC1=O 1.0000000 1.0000 0.8634488 0.8634 0.6580298 4.5736
 | 26.4163 81.2141 35.2255 0.9096837 O=C1CN(C=CC=CC(O)=C2C(=O)CN(CCCCNCCS(=O)(=O)O)C2=O)CNC1=O 1 O=C1CN(C=CC=CC=C2C(=O)CNC2=O)CNC1=O 1.0000000 1.0000 0.8036572 0.8037 0.8734836 3.7413
 | 24.8343 83.8193 29.8246 0.8878433 CC(=O)N=C1NC(=O)C(=C(O)C=CC=CN2CN(S(N)(=O)=O)C(=O)C2=N)C(=O)O1 1 N=C1NC(=O)C(=CC=CC=CN2CNC(=O)C2=N)C(=O)O1 1.0000000 1.0000 0.8311831 0.8312 0.7574894 4.2580
 | 18.1756 58.0361 53.6122 0.8722524 NCCCN1CN(C=CC=CC(O)=C2C(=O)NC(=O)NC2O)N=C1N 1 O=C1NCC(=CC=CC=CN2CNC=N2)C(=O)N1 1.0000000 1.0000 0.8558359 0.8558 0.6789355 4.5121
 | 20.8463 74.3349 41.1000 0.9018346 CNCC(O)N1CC(=O)C(=C(O)C=CC=CN2CCN(CCO)C(=O)C2=O)C(=O)NC1=O 1 O=C1NCC(=O)C(=CC=CC=CN2CCNC(=O)C2=O)C(=O)N1 1.0000000 1.0000 0.8665389 0.8665 0.7694623 4.2148
 | 11.2151 48.2209 63.7918 0.8750996 CN1CCN(C=CC=CC(O)=C2OC(C)(O)C(=O)C2=O)CC1 1 O=C1COC(=CC=CC=CN2CCNCC2)C1=O 1.0000000 1.0000 0.7526179 0.7526 0.8030674 4.0843
 | 11.2328 52.1226 57.8527 0.8591822 C=C1C(=O)OCC(=C(O)C=CC=CN2CN(C)CCC2=O)C1=O 1 C=C1C(=O)OCC(=CC=CC=CN2CNCCC2=O)C1=O 1.0000000 1.0000 0.6840998 0.6841 0.8337095 3.9498
 | 21.8924 27.7082 -27.6899 0.0001434 COC(=O)NN1C(=O)CC(C)NC1=O 1 O=C1CCNC(=O)N1 0.0000000 0.0000 0.8281206 0.8281 0.9022893 3.5519
 | 14.9615 61.6388 53.5562 0.8999611 CCN1CN(C=CC=CC(O)=C2C(=O)N=C(C)NNC2=O)C(=O)C1=O 1 O=C1N=CNNC(=O)C1=CC=CC=CN1CNC(=O)C1=O 1.0000000 1.0000 0.7947731 0.7948 0.8461509 3.8895
02:47:06 <INFO> Sampled SMILES N1C(=O)C(=C(O)C=CC=CN2CNCCN2(CN)O)C(=O)N(C)C1(C(=O)O)C failed to sanitize.
02:47:06 <INFO> Score: 0.79 Agent NLL: 18.45 Valid:  99% Step: 332
 | Agent Prior Target Score SMILES SMILES_state Scaffold DASA DASA (raw) Solubility Solubility (raw) SA SA (raw)
 | 45.6429 88.1870 -3.7763 0.6594585 CC1=C2OC34C(=O)C(=C(O)C=CC=CN5CCN(CCO)CCC5=O)C(=O)C3C4OC2(C)C(=O)C1=O 1 O=C1C=C2OC34C(=O)C(=CC=CC=CN5CCNCCC5=O)C(=O)C3C4OC2C1=O 1.0000000 1.0000 0.6672590 0.6673 0.2827705 5.6063
 | 12.9409 67.5140 45.9203 0.8862058 CCON1NC(=O)C(=C(O)C=CC=CN2CN(C)CCC2=O)C(=O)C1=O 1 O=C1NNC(=O)C(=CC=CC=CN2CNCCC2=O)C1=O 1.0000000 1.0000 0.7715277 0.7715 0.8219085 4.0037
 | 16.4177 60.6395 41.6568 0.7991896 C=CC=CC1NC(=O)C(=C(O)C=CC=CN2CCCNCC2)O1 1 O=C1NCOC1=CC=CC=CN1CCCNCC1 1.0000000 1.0000 0.6303411 0.6303 0.6786386 4.5130
 | 24.5528 75.6869 20.7905 0.7537296 C=CC1(C)CN(CC)CN(C=CC=CC(O)=C2C=C(CO)COC(=O)NC2=O)C1=O 1 O=C1NC(=O)C(=CC=CC=CN2CNCCC2=O)C=CCO1 1.0000000 1.0000 0.5607539 0.5608 0.6106306 4.7069
 | 18.6584 58.1395 56.3723 0.8946236 CCN1CCN(C=CC=CC(O)=C2C(=O)NN(C(C)=O)C2=O)C1 1 O=C1NNC(=O)C1=CC=CC=CN1CCNC1 1.0000000 1.0000 0.7568147 0.7568 0.8751895 3.7312
 | 24.3850 60.2435 36.3140 0.7543551 CC(O)C1C(=O)N2C(=O)C(=C(O)C=CC=CN3CC(=NO)CC(O)C3)CC12 1 N=C1CCCN(C=CC=CC=C2CC3CC(=O)N3C2=O)C1 1.0000000 1.0000 0.7165593 0.7166 0.4565789 5.1134
 | 25.5268 75.9955 12.9513 0.6948971 CCCCN1CC(=O)N(C=CC=CC(O)=C2C=C(N(C)C3CCCCC3)C(=N)NC2=O)C1 1 N=C1NC(=O)C(=CC=CC=CN2CNCC2=O)C=C1NC1CCCCC1 1.0000000 1.0000 0.3240941 0.3241 0.8380324 3.9293
 | 26.5657 64.1673 27.2278 0.7140240 CN1C=C(C(=O)O)C(=C(O)C=CC=CN2CN(c3cccc4ccccc34)CC2=O)C1=O 1 O=C1NC=CC1=CC=CC=CN1CN(c2cccc3ccccc23)CC1=O 1.0000000 1.0000 0.3309394 0.3309 0.9160002 3.4436
 | 13.8933 59.3314 53.4398 0.8810248 O=C1CCN(C=CC=CC(O)=C2CC(=O)C(=O)C(=O)C2=O)ON1 1 O=C1CCN(C=CC=CC=C2CC(=O)C(=O)C(=O)C2=O)ON1 1.0000000 1.0000 0.7967415 0.7967 0.7715592 4.2071
 | 22.8370 70.0194 30.7158 0.7869940 O=CN1CCN(C=CC=CC(O)=C2CCCCNC2=O)C(=O)C1C1CCCCN1 1 O=C1NCCCCC1=CC=CC=CN1CCNC(C2CCCCN2)C1=O 1.0000000 1.0000 0.6067986 0.6068 0.6659269 4.5506
02:47:07 <INFO> Score: 0.79 Agent NLL: 17.62 Valid: 100% Step: 333
 | Agent Prior Target Score SMILES SMILES_state Scaffold DASA DASA (raw) Solubility Solubility (raw) SA SA (raw)
 | 17.4922 64.0078 40.5906 0.8171754 CC1C(=N)OC(=C(O)C=CC=CN2CCN(CCO)N(C)CC2=O)C1=O 1 N=C1CC(=O)C(=CC=CC=CN2CCNNCC2=O)O1 1.0000000 1.0000 0.7234920 0.7235 0.6315440 4.6490
 | 15.6849 76.7496 25.3430 0.7975985 CCN1CC(=N)C(=O)N(C=CC=CC(O)=C2C=C(N(C)C)C(N)NC2=O)C1 1 N=C1CNCN(C=CC=CC=C2C=CCNC2=O)C1=O 1.0000000 1.0000 0.7287158 0.7287 0.5654892 4.8284
 | 14.9323 57.8584 52.4492 0.8617780 CCCN1CCNN(C=CC=CC(O)=C2COC(=O)NC2=O)C1 1 O=C1NC(=O)C(=CC=CC=CN2CNCCN2)CO1 1.0000000 1.0000 0.7007855 0.7008 0.8202732 4.0110
 | 17.1857 58.8458 53.2545 0.8757839 CC(=O)NC1=CC(=C(O)C=CC=CN2CCCNC2=O)C(=O)N(C)C1=O 1 O=C1C=CC(=CC=CC=CN2CCCNC2=O)C(=O)N1 1.0000000 1.0000 0.6951915 0.6952 0.8862209 3.6628
 | 12.9694 55.3722 60.0865 0.9020217 CN1C(=O)CC(=C(O)C=CC=CN2CN(CCCCN)C(=O)C2=O)C1=O 1 O=C1CC(=CC=CC=CN2CNC(=O)C2=O)C(=O)N1 1.0000000 1.0000 0.7693430 0.7693 0.8883157 3.6491
 | 16.9072 56.5075 56.5204 0.8830305 COC(=O)N1CCC(=O)N(C=CC=CC(O)=C2C(=O)NC(=O)OC2=O)C1 1 O=C1NC(=O)C(=CC=CC=CN2CNCCC2=O)C(=O)O1 1.0000000 1.0000 0.7162662 0.7163 0.8851333 3.6698
 | 12.5709 59.2202 52.5793 0.8734337 CC1NC(=O)C(=C(O)C=CC=CN2CC(=O)N(C)C2)NC1=O 1 O=C1CN(C=CC=CC=C2NC(=O)CNC2=O)CN1 1.0000000 1.0000 0.8064576 0.8065 0.7332767 4.3412
 | 15.3320 53.3068 61.3947 0.8961060 COC1=CC(=O)C(=C(O)C=CC=CN2CCN(C=O)CC2=O)C1=O 1 O=C1C=CC(=O)C1=CC=CC=CN1CCNCC1=O 1.0000000 1.0000 0.7583810 0.7584 0.8791127 3.7075
 | 20.0162 67.8987 42.2322 0.8603975 CC1CC(=O)NN1C=CC=CC(O)=C1C(=O)NNNC(=O)C1=O 1 O=C1CCN(C=CC=CC=C2C(=O)NNNC(=O)C2=O)N1 1.0000000 1.0000 0.8525429 0.8525 0.6439866 4.6139
 | 12.5184 68.7677 44.8146 0.8873612 O=C1CC(N2CCOCC2)=CC(=C(O)C=CC=CN2CC(=O)N(CCO)C2)C(=O)N1 1 O=C1CN(C=CC=CC=C2C=C(N3CCOCC3)CC(=O)NC2=O)CN1 1.0000000 1.0000 0.7545446 0.7545 0.8487894 3.8762
02:47:08 <INFO> Score: 0.81 Agent NLL: 18.25 Valid: 100% Step: 334
 | Agent Prior Target Score SMILES SMILES_state Scaffold DASA DASA (raw) Solubility Solubility (raw) SA SA (raw)
 | 17.4297 69.3978 44.8081 0.8922334 O=C1NCN(C=CC=CC(O)=c2c(=O)[nH]c(=O)c(=CN3CCCCCC3)oc2=O)C1=O 1 O=C1NCN(C=CC=CC=c2c(=O)[nH]c(=O)c(=CN3CCCCCC3)oc2=O)C1=O 1.0000000 1.0000 0.8006176 0.8006 0.8089086 4.0600
 | 21.9659 60.8628 47.9075 0.8497675 CNC1C(=O)N2C(=C(O)C=CC=CN3CCC(=O)NC3=O)C(=O)NC12 1 O=C1CCN(C=CC=CC=C2C(=O)NC3CC(=O)N23)C(=O)N1 1.0000000 1.0000 0.8217633 0.8218 0.6387994 4.6286
 | 16.6327 69.6848 37.9545 0.8409319 C=C1CC(=O)NCN1C=CC=CC(O)=C1C(=O)NC(=O)C(C)C1=O 1 C=C1CC(=O)NCN1C=CC=CC=C1C(=O)CC(=O)NC1=O 1.0000000 1.0000 0.7315056 0.7315 0.7029661 4.4388
 | 16.6289 59.1480 -59.1480 0.0000000 COC=c1c(=C(O)C=CC=CN2CCCC(N)C2)c(=O)n(C)c(=O)n1C 1 C=c1[nH]c(=O)[nH]c(=O)c1=CC=CC=CN1CCCCC1 1.0000000 1.0000 0.7990529 0.7991 0.7604793 4.2474
 | 19.8306 62.6200 41.4876 0.8133408 CC1CC(=O)N(C=CC=CC(O)=C2CC(=O)NNC2=O)C(C(=O)O)N1 1 O=C1CC(=CC=CC=CN2CNCCC2=O)C(=O)NN1 1.0000000 1.0000 0.7965402 0.7965 0.5516906 4.8648
 | 16.1432 73.2081 40.9778 0.8920776 CC1=C(OCCO)C(=O)NC(=O)C(=C(O)C=CC=CN2CCS(=O)(=O)NC2)C1=O 1 O=C1C=CC(=O)C(=CC=CC=CN2CCS(=O)(=O)NC2)C(=O)N1 1.0000000 1.0000 0.7930394 0.7930 0.8175933 4.0228
 | 15.3630 69.3946 38.1218 0.8399725 NC1C(=O)N(C=CC=CC(O)=C2C=C(N3CCOCC3)CC(=O)NC2=O)CC1CO 1 O=C1CC(N2CCOCC2)=CC(=CC=CC=CN2CCCC2=O)C(=O)N1 1.0000000 1.0000 0.7696686 0.7697 0.6581861 4.5732
 | 20.7511 73.8634 32.1271 0.8280504 CC(=O)ON1CCC(=C(O)C=CC=CN2CNC(=O)C(=N)C2N)C1=O 1 N=C1CN(C=CC=CC=C2CCNC2=O)CNC1=O 1.0000000 1.0000 0.7819000 0.7819 0.6082147 4.7135
 | 15.5313 64.1792 46.9153 0.8679261 CN1CCC(=O)N(C=CC=CC(O)=C2C(=O)NCNC2C(=O)O)C1 1 O=C1NCNCC1=CC=CC=CN1CNCCC1=O 1.0000000 1.0000 0.7997358 0.7997 0.7212597 4.3807
 | 15.3940 65.4702 43.2640 0.8494855 C=C1CCN(CC)CN1C=CC=CC(O)=c1ccc(=C)c(=O)[nH]c1=O 1 C=C1CCNCN1C=CC=CC=c1ccc(=C)c(=O)[nH]c1=O 1.0000000 1.0000 0.6777770 0.6778 0.8038055 4.0813
02:47:08 <INFO> Score: 0.79 Agent NLL: 16.89 Valid: 100% Step: 335
 | Agent Prior Target Score SMILES SMILES_state Scaffold DASA DASA (raw) Solubility Solubility (raw) SA SA (raw)
 | 13.9876 62.5869 43.9702 0.8324774 C=C1C(=O)N(C)C(=O)C1=C(O)C=CC=CN1CN(CC)C(=O)NC1=C 1 C=C1C(=O)NC(=O)C1=CC=CC=CN1CNC(=O)NC1=C 1.0000000 1.0000 0.6185468 0.6185 0.8239809 3.9945
 | 12.9081 50.9435 63.2652 0.8922549 CN1C(=O)C=CC(=C(O)C=CC=CN2CNC(=O)C2)C1=O 1 O=C1C=CC(=CC=CC=CN2CNC(=O)C2)C(=O)N1 1.0000000 1.0000 0.7750200 0.7750 0.8411589 3.9141
 | 19.0504 75.7304 34.1147 0.8581645 CCN1CN(C=CC=CC(O)=C2C(=O)N(C)N2NC)CNC1=O 1 O=C1NCN(C=CC=CC=C2NNC2=O)CN1 1.0000000 1.0000 0.7602776 0.7603 0.7308525 4.3492
 | 23.4297 64.8974 37.1629 0.7973458 CCCN1CC=CC(=O)N(C=CC=CC(O)=C2OC(C)(C)C(=NN)C2=O)C1 1 N=C1COC(=CC=CC=CN2CNCC=CC2=O)C1=O 1.0000000 1.0000 0.5582932 0.5583 0.7774659 4.1851
 | 16.5974 61.3586 54.7659 0.9072231 CCN1CCC(=O)N(C=CC=CC(O)=C2N=C(NCCNCCO)NC2=O)C1 1 O=C1NC=NC1=CC=CC=CN1CNCCC1=O 1.0000000 1.0000 0.8059121 0.8059 0.8607043 3.8136
 | 10.2202 64.3937 47.5723 0.8747343 CCN1CN(C=CC=CC(O)=C2C(=O)N(C)N(CCO)C2=O)C(=N)NC1=O 1 N=C1NC(=O)NCN1C=CC=CC=C1C(=O)NNC1=O 1.0000000 1.0000 0.7741214 0.7741 0.7750128 4.1943
 | 16.8824 73.0066 39.9009 0.8820899 N=C1C(=C(O)C=CC=CN2CCS(=O)(=O)NC2)C(=O)NN1CCC(=O)O 1 N=C1NNC(=O)C1=CC=CC=CN1CCS(=O)(=O)NC1 1.0000000 1.0000 0.7998345 0.7998 0.7718872 4.2059
 | 9.2556 59.7658 51.8285 0.8718307 CCN1CCC(=O)N(C=CC=CC(O)=C2NC(=O)C(N)NC2=O)C1 1 O=C1CNC(=O)C(=CC=CC=CN2CNCCC2=O)N1 1.0000000 1.0000 0.8157902 0.8158 0.7176634 4.3923
 | 20.6183 72.5538 28.8750 0.7924126 CCN1CN(C=CC=CC(O)=C2CCC(=NO)ONC2=O)C(OC)=N1 1 N=C1CCC(=CC=CC=CN2C=NNC2)C(=O)NO1 1.0000000 1.0000 0.6338985 0.6339 0.6503874 4.5956
 | 15.3488 61.7883 47.7779 0.8559857 O=C1NNOC(=O)C1=C(O)C=CC=CN1CC(O)CC1C(=O)O 1 O=C1NNOC(=O)C1=CC=CC=CN1CCCC1 1.0000000 1.0000 0.8428606 0.8429 0.6389287 4.6282
02:47:09 <INFO> Score: 0.80 Agent NLL: 17.49 Valid: 100% Step: 336
 | Agent Prior Target Score SMILES SMILES_state Scaffold DASA DASA (raw) Solubility Solubility (raw) SA SA (raw)
 | 14.3982 61.2817 49.2126 0.8632366 CCN1C(=O)NCN(C=CC=CC(O)=C2C(=O)C=C(N3CCN(C)CC3)NC2=O)C1=O 1 O=C1NCN(C=CC=CC=C2C(=O)C=C(N3CCNCC3)NC2=O)C(=O)N1 1.0000000 1.0000 0.6708793 0.6709 0.8705068 3.7587
 | 20.5334 67.1583 40.5757 0.8416716 CCN1CNC(=C(O)C=CC=CN2CC(N)CC(N)C2=O)C(=O)NC1=O 1 O=C1NCNC(=CC=CC=CN2CCCCC2=O)C(=O)N1 1.0000000 1.0000 0.8014165 0.8014 0.6323671 4.6467
 | 11.5449 59.8266 51.8850 0.8727471 C=C1C(=O)NC(=O)C(=C(O)C=CC=CN2CNC(=O)N(CC)C2=O)C1=O 1 C=C1C(=O)NC(=O)C(=CC=CC=CN2CNC(=O)NC2=O)C1=O 1.0000000 1.0000 0.7145752 0.7146 0.8450332 3.8950
 | 16.2771 63.5434 50.9790 0.8947063 O=C1CCN(C=CC=CC(O)=C2C=C(N3CC3)C(=O)NC2=O)CN1 1 O=C1CCN(C=CC=CC=C2C=C(N3CC3)C(=O)NC2=O)CN1 1.0000000 1.0000 0.7779009 0.7779 0.8471277 3.8846
 | 27.5392 41.6341 -41.6155 0.0001454 CCn1cc(C(=O)O)c(=O)[n+]([O-])c(C)c1=O 1 O=c1c[nH+]c(=O)cc[nH]1 0.0000000 0.0000 0.8349316 0.8349 0.9476085 3.1139
 | 21.7614 63.5449 -63.5449 0.0000000 O=C1NC(C(=O)O)C(O)C1=C(O)C=CC=CN1CCN(CCO)C(=O)C1 1 O=C1CN(C=CC=CC=C2CCNC2=O)CCN1 1.0000000 1.0000 0.8595801 0.8596 0.7224981 4.3766
 | 14.8110 56.0076 57.3030 0.8852387 CCN1CN(C=CC=CC(O)=C2C(=O)NC(=O)NC2=O)C(=S)NC1=O 1 O=C1NC(=O)C(=CC=CC=CN2CNC(=O)NC2=S)C(=O)N1 1.0000000 1.0000 0.7312516 0.7313 0.8725162 3.7470
 | 25.5973 75.6067 28.1250 0.8104035 CCN1CCN(C=CC=CC(O)=C2C(=O)NNC2(C)C=CNOC(C)=O)C(=O)C1=O 1 O=C1NCCN(C=CC=CC=C2CNNC2=O)C1=O 1.0000000 1.0000 0.7383784 0.7384 0.5951285 4.7491
 | 28.3599 79.7293 30.0011 0.8572688 CC(N)C(=O)NNC1C(=O)NNC(=O)C1=C(O)C=CC=CN1CN(C)CCCC1=O 1 O=C1CC(=CC=CC=CN2CNCCCC2=O)C(=O)NN1 1.0000000 1.0000 0.8367241 0.8367 0.6486237 4.6007
 | 10.8970 63.7044 52.2011 0.9055117 N=C1C(=O)NCN1C=CC=CC(O)=C1C(=O)N=C(N)NNC1=O 1 N=C1C(=O)NCN1C=CC=CC=C1C(=O)N=CNNC1=O 1.0000000 1.0000 0.8774620 0.8775 0.7710474 4.2090
02:47:10 <INFO> Score: 0.79 Agent NLL: 17.60 Valid: 100% Step: 337
 | Agent Prior Target Score SMILES SMILES_state Scaffold DASA DASA (raw) Solubility Solubility (raw) SA SA (raw)
 | 28.7715 70.9907 34.6654 0.8254383 CCC1(C)NC(=O)C(=C(O)C=CC=CN2CN(CCN)CCN2C(C)=O)C(=O)O1 1 O=C1NCOC(=O)C1=CC=CC=CN1CNCCN1 1.0000000 1.0000 0.7052907 0.7053 0.6792562 4.5112
 | 19.8405 70.0563 34.6233 0.8178094 CCN1CN(C=CC=CC(O)=C2CCCC(=O)NC2=O)C(=CO)NC1=O 1 C=C1NC(=O)NCN1C=CC=CC=C1CCCC(=O)NC1=O 1.0000000 1.0000 0.5871762 0.5872 0.8139856 4.0384
 | 18.8588 55.9993 56.9198 0.8821806 CC1=NC(=N)C(=O)C1=C(O)C=CC=CN1CCN(CC(=O)O)CC1 1 N=C1N=CC(=CC=CC=CN2CCNCC2)C1=O 1.0000000 1.0000 0.6968061 0.6968 0.9111865 3.4833
 | 18.3723 64.4740 33.6799 0.7668269 C=CC1C(=O)N(C)CN1C=CC=CC(O)=C1CCC(=N)N(C)C1=O 1 N=C1CCC(=CC=CC=CN2CNC(=O)C2)C(=O)N1 1.0000000 1.0000 0.6075123 0.6075 0.5962973 4.7459
 | 24.5359 69.7510 25.2243 0.7419943 CCN1CN(C=CC=CC(O)=C2OC3C(O)C(O)C(CO)OC(O)C3C2=O)C(C)C1=O 1 O=C1CN(C=CC=CC=C2OC3CCCOCC3C2=O)CN1 1.0000000 1.0000 0.7924914 0.7925 0.3774756 5.3259
 | 21.8986 63.4533 48.3638 0.8735714 CC1(C(N)=O)CCC(=C(O)C=CC=CN2CCN(CCO)C(=O)C2=O)C(=O)N1 1 O=C1NCCN(C=CC=CC=C2CCCNC2=O)C1=O 1.0000000 1.0000 0.8065141 0.8065 0.7337008 4.3398
 | 12.1933 59.2798 54.7819 0.8911069 CN1CCN(C)N(C=CC=CC(O)=C2C(=O)C=CC(=O)NC2=O)C1 1 O=C1C=CC(=O)C(=CC=CC=CN2CNCCN2)C(=O)N1 1.0000000 1.0000 0.7555961 0.7556 0.8624971 3.8038
 | 13.9896 67.2277 47.2441 0.8943111 CCN1CN(C=CC=CC(O)=C2C(=O)NC(=N)C(=O)C2=O)CC1=O 1 N=C1NC(=O)C(=CC=CC=CN2CNC(=O)C2)C(=O)C1=O 1.0000000 1.0000 0.7947187 0.7947 0.8241307 3.9938
 | 10.9743 52.5960 64.4632 0.9145244 O=C1NOCC1=C(O)C=CC=CN1CCN(CCO)C(=O)C1=O 1 O=C1NCCN(C=CC=CC=C2CONC2=O)C1=O 1.0000000 1.0000 0.8432505 0.8433 0.8430868 3.9047
 | 16.9039 66.1605 46.0747 0.8768377 CCN1C(=N)N(C=CC=CC(O)=C2C(=O)NCCC(=O)C2=O)CNC1=O 1 N=C1NC(=O)NCN1C=CC=CC=C1C(=O)NCCC(=O)C1=O 1.0000000 1.0000 0.7385022 0.7385 0.8283972 3.9744
02:47:10 <INFO> Score: 0.82 Agent NLL: 17.44 Valid: 100% Step: 338
 | Agent Prior Target Score SMILES SMILES_state Scaffold DASA DASA (raw) Solubility Solubility (raw) SA SA (raw)
 | 12.6852 58.1146 57.1629 0.9006053 O=C1CN(C=CC=CC(O)=C2CC(=O)NC(=S)NC2=O)CCN1 1 O=C1CN(C=CC=CC=C2CC(=O)NC(=S)NC2=O)CCN1 1.0000000 1.0000 0.7867751 0.7868 0.8590615 3.8225
 | 15.5389 63.9695 45.0117 0.8514153 O=C1CN(C=CC=CC(O)=C2CC=C(C=CCO)NC2=O)CN1 1 O=C1CN(C=CC=CC=C2CC=CNC2=O)CN1 1.0000000 1.0000 0.7402088 0.7402 0.7300774 4.3518
 | 16.7356 57.9559 53.0526 0.8672539 CC=C1N(C=CC=CC(O)=C2C(=O)NC(=O)NC2=O)CN1CC 1 C=C1NCN1C=CC=CC=C1C(=O)NC(=O)NC1=O 1.0000000 1.0000 0.6899198 0.6899 0.8583335 3.8264
 | 20.7594 69.8239 34.0760 0.8117185 CC1=CC(=C(O)C=CC=CN2CNC(=O)C(NOCc3ccccc3)C2=O)C(=O)C1=O 1 O=C1C=CC(=CC=CC=CN2CNC(=O)C(NOCc3ccccc3)C2=O)C1=O 1.0000000 1.0000 0.5903262 0.5903 0.7837770 4.1611
 | 15.1140 60.2712 50.9012 0.8685341 CC(=O)N1CC(=C(O)C=CC=CN2CNC(=O)N(C)C2=O)C(=O)NC1=O 1 O=C1NCC(=CC=CC=CN2CNC(=O)NC2=O)C(=O)N1 1.0000000 1.0000 0.7109989 0.7110 0.8330331 3.9530
 | 16.6829 66.9655 43.0306 0.8593438 CCN1C(=O)C(=O)CC(=C(O)C=CC=CN2CN(C(=O)OC)CCC2=O)C1=O 1 O=C1CC(=CC=CC=CN2CNCCC2=O)C(=O)NC1=O 1.0000000 1.0000 0.6569275 0.6569 0.8759521 3.7267
 | 14.1138 54.2705 48.1410 0.8000898 CN1CN(C=CC=CC(O)=C2C(=O)c3ccccc32)CNC1=O 1 O=C1NCN(C=CC=CC=C2C(=O)c3ccccc32)CN1 1.0000000 1.0000 0.4971055 0.4971 0.9066601 3.5189
 | 28.2469 94.6773 7.7830 0.8004712 C=CN1C(=N)C(C(=O)O)C(=O)C1=C1C(=O)C(=C(O)C=CC=CN2CN(C)CCC2=O)C(=O)N(C)C1=O 1 N=C1CC(=O)C(=C2C(=O)NC(=O)C(=CC=CC=CN3CNCCC3=O)C2=O)N1 1.0000000 1.0000 0.6678064 0.6678 0.6374868 4.6323
 | 19.6530 60.2104 56.7989 0.9141355 CC(=O)N1CCN(C=CC=CC(O)=C2C(=O)NNC(=O)NC2=O)C1 1 O=C1NNC(=O)C(=CC=CC=CN2CCNC2)C(=O)N1 1.0000000 1.0000 0.8102884 0.8103 0.8828298 3.6844
 | 17.6714 54.1028 57.1494 0.8691578 C=C1C(=O)OC(=C(O)C=CC=CN2CCN(CC(O)=NO)CC2)C1=O 1 C=C1C(=O)OC(=CC=CC=CN2CCNCC2)C1=O 1.0000000 1.0000 0.6957076 0.6957 0.8576343 3.8302
02:47:11 <INFO> Score: 0.78 Agent NLL: 16.53 Valid: 100% Step: 339
 | Agent Prior Target Score SMILES SMILES_state Scaffold DASA DASA (raw) Solubility Solubility (raw) SA SA (raw)
 | 21.7070 76.0994 26.4957 0.8015241 CCN(CC)CN1C(=O)C(=C(O)C=CC=CN2CN=CNC2=O)C(=O)NC1(O)CC 1 O=C1NCNC(=O)C1=CC=CC=CN1CN=CNC1=O 1.0000000 1.0000 0.6920187 0.6920 0.6141979 4.6971
 | 13.5635 59.2762 51.0937 0.8622648 CCN1C(=N)N(C=CC=CC(O)=C2C(=O)C=CNC2=O)CNC1=O 1 N=C1NC(=O)NCN1C=CC=CC=C1C(=O)C=CNC1=O 1.0000000 1.0000 0.7141795 0.7142 0.8037516 4.0815
 | 8.2078 58.5514 -58.5514 0.0000000 CN1C(=O)C(=C(O)C=CC=CN2CNC(=O)C2=N)C(=O)N1C 1 N=C1C(=O)NCN1C=CC=CC=C1C(=O)NNC1=O 1.0000000 1.0000 0.8139076 0.8139 0.7987942 4.1018
 | 11.5822 55.1919 58.1839 0.8857484 CCN1CN(C=CC=CC(O)=C2C(=O)NCCN2C)CC1=O 1 O=C1CN(C=CC=CC=C2NCCNC2=O)CN1 1.0000000 1.0000 0.7563123 0.7563 0.8399669 3.9199
 | 30.6676 84.4123 20.5214 0.8197941 CC(C)(C)N1C(=C(N)O)NC(=O)C(=C(O)C=CC=CN2CCC(=O)CC2=O)C(=O)C1O 1 C=C1NCC(=O)C(=CC=CC=CN2CCC(=O)CC2=O)C(=O)N1 1.0000000 1.0000 0.6740836 0.6741 0.6967928 4.4580
 | 22.2925 39.7033 -39.6848 0.0001450 CC(=O)OC=CC=CS(=O)(=O)N(CCO)CCO 1  0.0000000 0.0000 0.8486446 0.8486 0.9179511 3.4269
 | 20.4689 64.3541 43.0989 0.8394768 CN(C)C1=CC(=C(O)C=CC=CN2CCCNCC2)C(=O)N(C)C(=O)N1C 1 O=C1NC=CC(=CC=CC=CN2CCCNCC2)C(=O)N1 1.0000000 1.0000 0.6073376 0.6073 0.8724096 3.7476
 | 12.9565 53.6758 56.6643 0.8620320 COC1=CC(=C(O)C=CC=CN2CC(=O)N(C)C2)C(=O)N1C 1 O=C1CN(C=CC=CC=C2C=CNC2=O)CN1 1.0000000 1.0000 0.7111556 0.7112 0.8069388 4.0683
 | 8.2381 54.7416 -54.7416 0.0000000 CCN1CN(C=CC=CC(O)=C2CCCNC2=O)C(=N)NC1=O 1 N=C1NC(=O)NCN1C=CC=CC=C1CCCNC1=O 1.0000000 1.0000 0.6565043 0.6565 0.8065437 4.0699
 | 13.0678 67.8443 45.1092 0.8824493 O=C(O)CN1NC(=O)C(=C(O)C=CC=CN2CNC(=O)C2)C(=O)C1O 1 O=C1CN(C=CC=CC=C2C(=O)CNNC2=O)CN1 1.0000000 1.0000 0.8783366 0.8783 0.6910410 4.4756
02:47:12 <INFO> Sampled SMILES O=C1C(=C(O)C=CC=CN2CN(CCC)C(=O)C(=Cl)N2)C(=O)CC(=O)C1OC failed to sanitize.
02:47:12 <INFO> Score: 0.81 Agent NLL: 17.93 Valid:  99% Step: 340
 | Agent Prior Target Score SMILES SMILES_state Scaffold DASA DASA (raw) Solubility Solubility (raw) SA SA (raw)
 | 19.6519 57.2720 59.0943 0.9091120 O=C1NC(=O)C(=C(O)C=CC=CN2CN(CCO)CC2=S)C1=O 1 O=C1NC(=O)C(=CC=CC=CN2CNCC2=S)C1=O 1.0000000 1.0000 0.8134164 0.8134 0.8586528 3.8247
 | 8.7431 55.5825 58.2040 0.8889570 CN1CN(C=CC=CC(O)=C2C(=O)NC(=N)NC2=O)N=C1N 1 N=C1NC(=O)C(=CC=CC=CN2CNC=N2)C(=O)N1 1.0000000 1.0000 0.8473238 0.8473 0.7441148 4.3046
 | 17.9408 65.2004 41.8504 0.8363338 C=C1NC(=O)C(=C(O)C=CC=CN2CN(C)CCN2C(=C)C)C1=O 1 C=C1NC(=O)C(=CC=CC=CN2CNCCN2)C1=O 1.0000000 1.0000 0.6465182 0.6465 0.7967050 4.1102
 | 22.2535 69.7801 38.6319 0.8469690 CNCC(=O)N1CSN(C=CC=CC(O)=C2C(=O)NC(O)C2=O)C1 1 O=C1CNC(=O)C1=CC=CC=CN1CNCS1 1.0000000 1.0000 0.8144376 0.8144 0.6368164 4.6342
 | 21.3080 74.4519 28.9560 0.8078735 CONC1NC(=O)C(=C(O)C=CC=CN2CN(C(C)C)C(=O)O2)NC1=O 1 O=C1CNC(=O)C(=CC=CC=CN2CNC(=O)O2)N1 1.0000000 1.0000 0.7622181 0.7622 0.5653885 4.8286
 | 10.9889 64.9442 53.3799 0.9244069 COCCN1C(=O)C(=C(O)C=CC=CN2CNC(=O)C(=O)C2)C1=O 1 O=C1CN(C=CC=CC=C2C(=O)NC2=O)CNC1=O 1.0000000 1.0000 0.8289223 0.8289 0.9003445 3.5661
 | 26.8220 79.1871 16.0328 0.7439050 CCN1C=C(O)N(C=CC=CC(O)=C2CC(CO)NC(C)(C)OC2=O)C1 1 O=C1OCNCCC1=CC=CC=CN1C=CNC1 1.0000000 1.0000 0.5812378 0.5812 0.5535398 4.8600
 | 16.0576 62.6364 43.6682 0.8305045 C=C1CNC(N)=NCN1C=CC=CC(O)=C1C=CN(C)C1=O 1 C=C1CNC=NCN1C=CC=CC=C1C=CNC1=O 1.0000000 1.0000 0.7078458 0.7078 0.6939210 4.4668
 | 9.9335 59.3313 42.9800 0.7993069 C=C1CC(=C(O)C=CC=CN2CN(CC)CCC2=N)C(=O)N1 1 C=C1CC(=CC=CC=CN2CNCCC2=N)C(=O)N1 1.0000000 1.0000 0.5656022 0.5656 0.7733635 4.2004
 | 18.3013 58.0073 53.6037 0.8719611 CC1=C(C(N)=O)NC(=O)C(=C(O)C=CC=CN2CCCN(C)C2)O1 1 O=C1NC=COC1=CC=CC=CN1CCCNC1 1.0000000 1.0000 0.7151640 0.7152 0.8410097 3.9149
02:47:12 <INFO> Sampled SMILES CN1C(=O)C(=C(O)C=CC=CN2CN3CCC(N(C)C(=C)C)O)=C(C)SC3C2=C(C(O)=O)NCC1 failed to sanitize.
02:47:13 <INFO> Score: 0.80 Agent NLL: 16.70 Valid:  99% Step: 341
 | Agent Prior Target Score SMILES SMILES_state Scaffold DASA DASA (raw) Solubility Solubility (raw) SA SA (raw)
 | 14.8727 58.5100 49.7912 0.8461036 CCN1CN(C=CC=CC(O)=C2C(=O)NC(=N)OC2=O)C(=O)N1CC 1 N=C1NC(=O)C(=CC=CC=CN2CNNC2=O)C(=O)O1 1.0000000 1.0000 0.6995754 0.6996 0.7609873 4.2456
 | 20.7651 64.4221 48.3565 0.8810834 CCN1CNC(=O)C1=C(O)C=CC=CN1CN(C)C1 1 O=C1NCNC1=CC=CC=CN1CNC1 1.0000000 1.0000 0.7525298 0.7525 0.8265002 3.9831
 | 21.6941 62.6064 43.9061 0.8321290 CN1CCCN(C=CC=CC(O)=C2C(=O)NCN(C3CCCO3)C2=O)C1=O 1 O=C1NCN(C2CCCO2)C(=O)C1=CC=CC=CN1CCCNC1=O 1.0000000 1.0000 0.6487999 0.6488 0.7767262 4.1879
 | 18.0329 68.7129 41.3991 0.8602502 CCN1C(=O)C(=C(O)C=CC=CN2CNC2=O)C(=O)NC1CN 1 O=C1NCNC(=O)C1=CC=CC=CN1CNC1=O 1.0000000 1.0000 0.8147881 0.8148 0.6794704 4.5105
 | 9.0708 60.4010 52.1406 0.8792313 N=C1C(=O)NCN1C=CC=CC(O)=C1CC(=O)NNNC1=O 1 N=C1C(=O)NCN1C=CC=CC=C1CC(=O)NNNC1=O 1.0000000 1.0000 0.8565658 0.8566 0.7013266 4.4439
 | 16.7554 74.9642 34.3016 0.8536391 CN1CCCN(C=CC=CC(O)=C2C=C(N)C(N)N(C)C2=O)CC1=O 1 O=C1CN(C=CC=CC=C2C=CCNC2=O)CCCN1 1.0000000 1.0000 0.7508495 0.7508 0.7255857 4.3666
 | 22.9207 71.4246 31.4575 0.8037661 CCCCN1CCC(=O)N(C=CC=CC(O)=C2NC(=O)C(C)(CCCN)C2=O)C1 1 O=C1CC(=O)C(=CC=CC=CN2CNCCC2=O)N1 1.0000000 1.0000 0.5705225 0.5705 0.7834611 4.1623
 | 15.9054 53.1585 48.0711 0.7908558 CN1CN(C=CC=CC(O)=C2OC(c3ccccc3)N(C)C2=O)CC1=O 1 O=C1CN(C=CC=CC=C2OC(c3ccccc3)NC2=O)CN1 1.0000000 1.0000 0.5241092 0.5241 0.8104060 4.0537
 | 10.4783 59.7948 57.5634 0.9168611 C=c1c(=C(O)C=CC=CN2CNC(=O)C2)c(=O)[nH]c(=O)n1C 1 C=c1[nH]c(=O)[nH]c(=O)c1=CC=CC=CN1CNC(=O)C1 1.0000000 1.0000 0.8744802 0.8745 0.8157837 4.0306
 | 21.7952 60.8763 45.9768 0.8347898 NC1(O)CCN(C=CC=CC(O)=C2CC(=O)CC2=O)CC1=O 1 O=C1CC(=O)C(=CC=CC=CN2CCCC(=O)C2)C1 1.0000000 1.0000 0.7708358 0.7708 0.6401323 4.6248
02:47:13 <INFO> Score: 0.79 Agent NLL: 17.09 Valid: 100% Step: 342
 | Agent Prior Target Score SMILES SMILES_state Scaffold DASA DASA (raw) Solubility Solubility (raw) SA SA (raw)
 | 13.0301 54.2611 54.9672 0.8533467 CCN1CN(C=CC=CC(O)=C2C(=O)NC(=S)N2C)C(=O)NC1=O 1 O=C1NCN(C=CC=CC=C2NC(=S)NC2=O)C(=O)N1 1.0000000 1.0000 0.6750025 0.6750 0.8233050 3.9975
 | 18.2327 66.1157 -66.1157 0.0000000 CCCCN1CCN(C=CC=CC(O)=C2C(=O)NN(CCOCCO)C2=O)C1=O 1 O=C1NNC(=O)C1=CC=CC=CN1CCNC1=O 1.0000000 1.0000 0.7151016 0.7151 0.8911335 3.6304
 | 12.3951 50.0840 63.5261 0.8875792 CC1C(=O)C1=C(O)C=CC=CN1CCN(CCO)CC1 1 O=C1CC1=CC=CC=CN1CCNCC1 1.0000000 1.0000 0.7242106 0.7242 0.8925489 3.6209
 | 17.6010 54.2109 57.2436 0.8707380 CC=C1ONNC(=O)C1=C(O)C=CC=CN1CCNCC1 1 C=C1ONNC(=O)C1=CC=CC=CN1CCNCC1 1.0000000 1.0000 0.7399553 0.7400 0.8025663 4.0864
 | 10.9370 60.2125 44.1718 0.8155027 COC1C(O)C(=C(O)C=CC=CN2CNC(=O)C2=N)C(=O)N1C 1 N=C1C(=O)NCN1C=CC=CC=C1CCNC1=O 1.0000000 1.0000 0.8127546 0.8128 0.5445471 4.8836
 | 8.2969 68.6687 49.1872 0.9207492 O=C1CN(C=CC=CC(O)=C2C(=O)NNC(=O)C2=O)CNC1=O 1 O=C1CN(C=CC=CC=C2C(=O)NNC(=O)C2=O)CNC1=O 1.0000000 1.0000 0.8835279 0.8835 0.8202180 4.0112
 | 18.4075 68.8127 44.6875 0.8867199 CC(=O)N1C(=O)C(=C(O)C=CC=CN2CN(C)C(=O)C2N)C1=O 1 O=C1CN(C=CC=CC=C2C(=O)NC2=O)CN1 1.0000000 1.0000 0.8222423 0.8222 0.7633141 4.2372
 | 13.7500 54.8694 -54.8694 0.0000000 CN1CCC(=O)N(C=CC=CC(O)=C2CC(=O)C(=O)C(=O)C2=O)C1 1 O=C1CC(=CC=CC=CN2CNCCC2=O)C(=O)C(=O)C1=O 1.0000000 1.0000 0.7579687 0.7580 0.8564053 3.8367
 | 14.9416 56.3974 48.7257 0.8212737 C=C1CCN(C)CN1C=CC=CC(O)=C1C(=O)C(=O)CC1O 1 C=C1CCNCN1C=CC=CC=C1CCC(=O)C1=O 1.0000000 1.0000 0.6738310 0.6738 0.7024059 4.4406
 | 19.3879 63.5705 44.3621 0.8432238 O=C1NC(=O)N(CCO)C=CC1=C(O)C=CC=CN1CC(O)C(O)C(O)C1 1 O=C1NC=CC(=CC=CC=CN2CCCCC2)C(=O)N1 1.0000000 1.0000 0.8278108 0.8278 0.6129749 4.7004
02:47:14 <INFO> Score: 0.80 Agent NLL: 16.76 Valid: 100% Step: 343
 | Agent Prior Target Score SMILES SMILES_state Scaffold DASA DASA (raw) Solubility Solubility (raw) SA SA (raw)
 | 15.1345 66.7253 47.8476 0.8951005 CN1CN(C=CC=CC(O)=C2C(=O)ONN(C)C2=O)CC1=O 1 O=C1CN(C=CC=CC=C2C(=O)NNOC2=O)CN1 1.0000000 1.0000 0.8149912 0.8150 0.8025611 4.0864
 | 17.1049 74.5083 25.5927 0.7820389 CN1CN(C=CC=CC(O)=C2C(=O)NC(N)C(=N)NC2C(=O)O)N=C1N 1 N=C1CNC(=O)C(=CC=CC=CN2CNC=N2)CN1 1.0000000 1.0000 0.8612110 0.8612 0.4260177 5.1942
 | 16.3726 60.7996 44.3478 0.8214635 CN1CN(C=CC=CC(O)=C2C(=O)N(C)C(=O)C2C=N)N=C1N 1 O=C1CC(=CC=CC=CN2CNC=N2)C(=O)N1 1.0000000 1.0000 0.7809276 0.7809 0.5890305 4.7655
 | 10.3017 58.8740 55.4021 0.8927817 CCN1CN(C=CC=CC(O)=C2C(=O)CC(=O)N(C)C2=O)CC1=O 1 O=C1CN(C=CC=CC=C2C(=O)CC(=O)NC2=O)CN1 1.0000000 1.0000 0.7432959 0.7433 0.8866169 3.6602
 | 18.5929 62.9951 52.7237 0.9040532 O=C1CON(C=CC=CC(O)=C2C(=O)N=C(N3CCOCC3)NC2=O)CN1 1 O=C1CON(C=CC=CC=C2C(=O)N=C(N3CCOCC3)NC2=O)CN1 1.0000000 1.0000 0.8059752 0.8060 0.8480643 3.8798
 | 18.0700 66.5596 44.8729 0.8705666 COC1=CC(=C(O)C=CC=CN2CC(=NO)C2=O)C(=O)NN1 1 N=C1CN(C=CC=CC=C2C=CNNC2=O)C1=O 1.0000000 1.0000 0.7816974 0.7817 0.7507962 4.2815
 | 17.1140 72.7793 31.8544 0.8174512 CCN1CN(C=CC=CC(O)=C2C=C(N(CC)C(C)=O)C(N)NC2=O)CC1=O 1 O=C1CN(C=CC=CC=C2C=CCNC2=O)CN1 1.0000000 1.0000 0.7021262 0.7021 0.6556039 4.5806
 | 14.9994 65.1957 35.6464 0.7878289 CCN1CC(N)C(=O)N(C=CC=CC(O)=C2C=C(C)SC(=O)NC2=O)C1 1 O=C1NC(=O)C(=CC=CC=CN2CNCCC2=O)C=CS1 1.0000000 1.0000 0.5926244 0.5926 0.6881428 4.4844
 | 17.9818 63.5992 48.1906 0.8733582 CN1CN(C=CC=CC(O)=C2C(=O)NN(CCO)C2C(=O)O)CCC1=O 1 O=C1CCN(C=CC=CC=C2CNNC2=O)CN1 1.0000000 1.0000 0.8154849 0.8155 0.7232841 4.3741
 | 18.3902 68.1840 38.8242 0.8360020 CCN1CC(=NC)C(=O)N(C=CC=CC(O)=C2N=CCCNC2=O)C1 1 N=C1CNCN(C=CC=CC=C2N=CCCNC2=O)C1=O 1.0000000 1.0000 0.6782216 0.6782 0.7509736 4.2809
02:47:15 <INFO> Score: 0.81 Agent NLL: 15.33 Valid: 100% Step: 344
 | Agent Prior Target Score SMILES SMILES_state Scaffold DASA DASA (raw) Solubility Solubility (raw) SA SA (raw)
 | 18.0392 64.3913 49.7869 0.8920170 CC(C)CN1C(=O)C(=C(O)C=CC=CN2CCCNC(=O)C2=O)C1=O 1 O=C1NCCCN(C=CC=CC=C2C(=O)NC2=O)C1=O 1.0000000 1.0000 0.7171279 0.7171 0.9222554 3.3887
 | 21.6511 86.9783 24.8103 0.8733484 CN1CCN(C=CC=CC(=O)N2CCN(C(O)=CC=CC(O)=C3C(=O)NC(=O)NC3=O)CC2)C1 1 O=C1NC(=O)C(=CC=CC=CN2CCN(C(=O)C=CC=CN3CCNC3)CC2)C(=O)N1 1.0000000 1.0000 0.6926786 0.6927 0.8797303 3.7037
 | 12.4350 64.9062 53.3123 0.9235813 O=C1CN(CCO)C(=O)C(=C(O)C=CC=CN2CNC(=O)C(=O)C2)N1 1 O=C1CNC(=O)C(=CC=CC=CN2CNC(=O)C(=O)C2)N1 1.0000000 1.0000 0.8722791 0.8723 0.8437408 3.9015
 | 13.3544 58.0884 58.6863 0.9123021 CN1C(=O)C(=O)C(=C(O)C=CC=CN2CNCC(=O)C2)C1=O 1 O=C1CNCN(C=CC=CC=C2C(=O)NC(=O)C2=O)C1 1.0000000 1.0000 0.8264308 0.8264 0.8549380 3.8444
 | 20.3553 72.4572 32.3125 0.8185136 CN1CN(C=CC=CC(O)=C2C(=O)NNC(CO)N(O)C2=O)C(=O)NC1(C)C 1 O=C1NCNNC(=O)C1=CC=CC=CN1CNCNC1=O 1.0000000 1.0000 0.7912842 0.7913 0.5710970 4.8135
 | 18.1329 70.7459 35.5300 0.8302807 CCN1CN(C=CC=CC(O)=C2C=C(O)C(O)C(=O)N(C)C2=O)CCC1=O 1 O=C1CCN(C=CC=CC=C2C=CCC(=O)NC2=O)CN1 1.0000000 1.0000 0.6933826 0.6934 0.7105215 4.4151
 | 18.4779 19.9261 -19.9084 0.0001383 CC(=O)Nn1c(C)nc2ccccc2c1=O 1 O=c1[nH]cnc2ccccc12 0.0000000 0.0000 0.6759862 0.6760 0.9884483 2.1015
 | 18.4806 69.9515 41.2746 0.8689536 CC(=O)NCC1=CC(=C(O)C=CC=CN2CC(=O)N(C)C2)C(=O)NC(=O)O1 1 O=C1CN(C=CC=CC=C2C=COC(=O)NC2=O)CN1 1.0000000 1.0000 0.7260819 0.7261 0.8139598 4.0385
 | 16.5309 65.3334 48.5482 0.8897001 CN1NC(=O)C(=C(O)C=CC=CN2CNC(=O)C(=O)N2)CCC1=O 1 O=C1CCC(=CC=CC=CN2CNC(=O)C(=O)N2)C(=O)NN1 1.0000000 1.0000 0.8271604 0.8272 0.7686267 4.2179
 | 10.8002 63.9429 54.6064 0.9261662 COCCN1C(=O)C(=O)C(=C(O)C=CC=CN2CNC(=O)C(=O)C2)C1=O 1 O=C1CN(C=CC=CC=C2C(=O)NC(=O)C2=O)CNC1=O 1.0000000 1.0000 0.8380893 0.8381 0.8956640 3.5994
02:47:16 <INFO> Score: 0.79 Agent NLL: 16.06 Valid: 100% Step: 345
 | Agent Prior Target Score SMILES SMILES_state Scaffold DASA DASA (raw) Solubility Solubility (raw) SA SA (raw)
 | 14.2895 62.6249 50.9026 0.8869339 CCN1CC(=O)CN(C=CC=CC(O)=C2NNNC2=O)C1 1 O=C1CNCN(C=CC=CC=C2NNNC2=O)C1 1.0000000 1.0000 0.8234219 0.8234 0.7627749 4.2391
 | 10.6279 64.2480 47.2222 0.8708604 CCN1CN(C=CC=CC(O)=C2C=C(N)C(=O)NC2=O)C(=O)N1 1 O=C1C=CC(=CC=CC=CN2CNNC2=O)C(=O)N1 1.0000000 1.0000 0.7789566 0.7790 0.7550365 4.2667
 | 12.1347 58.2086 56.1659 0.8935511 CCN1C(=O)C(=O)C(=C(O)C=CC=CN2CNC(=O)N(C)C2)C1=O 1 O=C1NCN(C=CC=CC=C2C(=O)NC(=O)C2=O)CN1 1.0000000 1.0000 0.7615079 0.7615 0.8643551 3.7936
 | 23.9241 63.6444 39.9217 0.8091102 CCC1C(O)N(C)CN1C=CC=CC(O)=C1C(=O)NC(CO)(CO)NC1=O 1 O=C1NCNC(=O)C1=CC=CC=CN1CCNC1 1.0000000 1.0000 0.8449844 0.8450 0.5028215 4.9926
 | 16.2935 67.5115 36.0461 0.8090436 CN1CCC(=N)CN(C=CC=CC(O)=C2C=CN(C)N(C)C2=O)C1 1 N=C1CCNCN(C=CC=CC=C2C=CNNC2=O)C1 1.0000000 1.0000 0.6069623 0.6070 0.7476323 4.2925
 | 17.2282 54.3729 -54.3729 0.0000000 O=C1NC(=O)C(=C(O)C=CC=CN2CC(C(=O)O)NCC2=O)C(=O)N1 1 O=C1NC(=O)C(=CC=CC=CN2CCNCC2=O)C(=O)N1 1.0000000 1.0000 0.8491789 0.8492 0.8180665 4.0207
 | 10.4036 61.6001 52.3188 0.8899918 CCN1CN(C=CC=CC(O)=C2C(=O)NNNC2=O)C(=O)NC1=O 1 O=C1NCN(C=CC=CC=C2C(=O)NNNC2=O)C(=O)N1 1.0000000 1.0000 0.8098202 0.8098 0.7895049 4.1388
 | 21.3427 72.2167 36.2088 0.8470745 CC(=O)NNC1=NC(C(=O)O)C(=C(O)C=CC=CN2CNC(=O)N(C)C2)C(=O)N1 1 O=C1NCN(C=CC=CC=C2CN=CNC2=O)CN1 1.0000000 1.0000 0.8076834 0.8077 0.6435487 4.6151
 | 12.8009 57.5770 56.5379 0.8915230 CCN1C(=O)CCC(=C(O)C=CC=CN2CNC(=O)C2=O)C1=O 1 O=C1CCC(=CC=CC=CN2CNC(=O)C2=O)C(=O)N1 1.0000000 1.0000 0.7521663 0.7522 0.8689205 3.7678
 | 11.4266 60.2035 57.5495 0.9199453 CN1NC(=O)C(=C(O)C=CC=CN2CNC(=O)C(=O)C2=O)C1=O 1 O=C1NCN(C=CC=CC=C2C(=O)NNC2=O)C(=O)C1=O 1.0000000 1.0000 0.8706380 0.8706 0.8317548 3.9589
02:47:16 <INFO> Sampled SMILES N1C(=O)C(=C(O)C=CC=CN2CN(C)C(N(C)C)C2=O)C=C(=O)C1NCCC failed to sanitize.
02:47:16 <INFO> Score: 0.79 Agent NLL: 17.27 Valid:  99% Step: 346
 | Agent Prior Target Score SMILES SMILES_state Scaffold DASA DASA (raw) Solubility Solubility (raw) SA SA (raw)
 | 15.5489 73.0382 37.9057 0.8667495 CCN1CN(C=CC=CC(O)=C2CC(=O)C(NCCNCCN)C2=O)CC1=O 1 O=C1CC(=O)C(=CC=CC=CN2CNC(=O)C2)C1 1.0000000 1.0000 0.8098904 0.8099 0.7063851 4.4281
 | 14.7582 71.6949 40.1967 0.8741532 CCN1CC(=O)N(C)N(C=CC=CC(O)=C2C(=O)CC(O)C(=O)NC2=O)C1 1 O=C1CCC(=O)C(=CC=CC=CN2CNCC(=O)N2)C(=O)N1 1.0000000 1.0000 0.7942718 0.7943 0.7493845 4.2865
 | 23.8213 64.1844 42.8689 0.8363539 CCCN1CC(=N)N(C=CC=CC(O)=c2oc(=C(OC)OC)[nH]c2=O)C1 1 C=c1[nH]c(=O)c(=CC=CC=CN2CNCC2=N)o1 1.0000000 1.0000 0.7220937 0.7221 0.6977921 4.4549
 | 9.0038 64.1119 55.1974 0.9321037 O=C1CN(C=CC=CC(O)=C2C(=O)N(CCO)C2=O)CNC1=O 1 O=C1CN(C=CC=CC=C2C(=O)NC2=O)CNC1=O 1.0000000 1.0000 0.8643717 0.8644 0.8865619 3.6606
 | 18.1018 64.0388 40.4823 0.8165714 C=C1CN(C=CC=CC(O)=C2C(=O)NC2=CCCC)CNC1=O 1 C=C1CN(C=CC=CC=C2C(=C)NC2=O)CNC1=O 1.0000000 1.0000 0.5958649 0.5959 0.7946906 4.1183
 | 9.7874 58.2561 -58.2561 0.0000000 O=C1CN(C=CC=CC(O)=C2C(=O)CC(=O)NC2=O)CN1 1 O=C1CN(C=CC=CC=C2C(=O)CC(=O)NC2=O)CN1 1.0000000 1.0000 0.8335161 0.8335 0.8775426 3.7171
 | 13.8078 69.3372 48.6002 0.9213865 N=C1C(=O)NCN1C=CC=CC(O)=C1C(=O)C(=O)N(CCCOCCO)C1=O 1 N=C1C(=O)NCN1C=CC=CC=C1C(=O)NC(=O)C1=O 1.0000000 1.0000 0.8308090 0.8308 0.8856343 3.6666
 | 14.9328 87.6720 17.7822 0.8238616 CCN1CC(=N)CN(C=CC=CC(O)=C2C=C(N3CC3)CCC(=O)NC2=O)C1 1 N=C1CNCN(C=CC=CC=C2C=C(N3CC3)CCC(=O)NC2=O)C1 1.0000000 1.0000 0.6047014 0.6047 0.8104735 4.0534
 | 12.8687 64.4074 50.2700 0.8959168 CCN1CN(C=CC=CC(O)=C2C(=O)NC(O)NC2=O)C(=O)NC1=O 1 O=C1NCN(C=CC=CC=C2C(=O)NCNC2=O)C(=O)N1 1.0000000 1.0000 0.8100107 0.8100 0.8115877 4.0487
 | 16.1736 68.1354 43.7123 0.8738103 COC1=CC(=C(O)C=CC=CN2CN(CCCN)CN2)C(=O)NN1 1 O=C1NNC=CC1=CC=CC=CN1CNCN1 1.0000000 1.0000 0.8019610 0.8020 0.7395511 4.3201
02:47:17 <INFO> Sampled SMILES O=C1C(=C(O)C=CC=CN2CN=CN(CCO)C=2)C(=O)C(N)C1=O failed to sanitize.
02:47:17 <INFO> Score: 0.78 Agent NLL: 17.09 Valid:  99% Step: 347
 | Agent Prior Target Score SMILES SMILES_state Scaffold DASA DASA (raw) Solubility Solubility (raw) SA SA (raw)
 | 14.2707 58.1846 50.4354 0.8485938 CCN1CC(=C(O)C=CC=CN2CNC(=O)N(CC)C2=O)C1=O 1 O=C1NCN(C=CC=CC=C2CNC2=O)C(=O)N1 1.0000000 1.0000 0.6487085 0.6487 0.8434899 3.9027
 | 11.0386 69.1283 44.2809 0.8860092 CCN1CCC(=O)N(C=CC=CC(O)=C2C=C(N(C)CCO)C(=O)C(=O)NC2=O)C1 1 O=C1C=CC(=CC=CC=CN2CNCCC2=O)C(=O)NC1=O 1.0000000 1.0000 0.7479761 0.7480 0.8522664 3.8584
 | 30.2068 57.8806 -57.8665 0.0001105 N=CC1OC(=C(N)C=CC=CN=CN)C(=O)C1O 1 C=C1OCCC1=O 0.0000000 0.0000 0.8421200 0.8421 0.2959898 5.5645
 | 17.5150 64.9159 36.1694 0.7897286 CCN1CCON(C=CC=CC(O)=C2CC=CC(=N)C2=O)C1 1 N=C1C=CCC(=CC=CC=CN2CNCCO2)C1=O 1.0000000 1.0000 0.5536175 0.5536 0.7543195 4.2692
 | 23.6850 42.0577 -42.0394 0.0001434 CCOC1=CC(=C(N)C(=O)O)C(=O)C(O)C1=O 1 C=C1C=CC(=O)CC1=O 0.0000000 0.0000 0.8656327 0.8656 0.8575701 3.8305
 | 22.0205 76.4605 22.5203 0.7732874 CON=C1C(=O)N(C)CN1C=CC=CC(O)=C1C(=O)NNC12C(=O)C(=O)N(C)C2=O 1 N=C1C(=O)NCN1C=CC=CC=C1C(=O)NNC12C(=O)NC(=O)C2=O 1.0000000 1.0000 0.8471374 0.8471 0.4144644 5.2251
 | 10.3482 60.2107 -60.2107 0.0000000 C=C1CC(=C(O)C=CC=CN2CNC(=O)C2=N)C(=O)NC1=O 1 C=C1CC(=CC=CC=CN2CNC(=O)C2=N)C(=O)NC1=O 1.0000000 1.0000 0.7649960 0.7650 0.7468805 4.2951
 | 16.6198 60.4314 48.9059 0.8541971 CCCN1CNN(C=CC=CC(O)=C2NS(=O)(=O)CNC2=O)C1 1 O=C1NCS(=O)(=O)NC1=CC=CC=CN1CNCN1 1.0000000 1.0000 0.7915395 0.7915 0.6829311 4.5002
 | 16.4577 65.3996 41.0788 0.8318625 CC1=NN(C=CC=CC(O)=C2C(=O)NNC2NCCO)CN1 1 O=C1NNCC1=CC=CC=CN1CNC=N1 1.0000000 1.0000 0.8549332 0.8549 0.5570549 4.8507
 | 16.5298 48.3644 -48.3461 0.0001429 CC1=CC(=C(O)C=CCN2CCN(CCO)CC2)C(=O)NC1=O 1 O=C1C=CC(=CC=CCN2CCNCC2)C(=O)N1 0.0000000 0.0000 0.7855870 0.7856 0.9474760 3.1157
02:47:17 <INFO> Sampled SMILES O=C1C(=C(C=CC=CN2Cn3c(=O)cccc3=O)OC(CO)C2)C(=O)NC(=O)C1 failed to sanitize.
02:47:17 <INFO> Sampled SMILES N1C(=O)C(=C(O)C=CC=CN2CN(CC)CC(=C(C=CC=CN3CCNCCC3)=C)C2=O)C=C(N)O1 failed to sanitize.
02:47:18 <INFO> Score: 0.76 Agent NLL: 15.84 Valid:  98% Step: 348
 | Agent Prior Target Score SMILES SMILES_state Scaffold DASA DASA (raw) Solubility Solubility (raw) SA SA (raw)
 | 9.2985 67.4799 -67.4799 0.0000000 CN1NC(=O)C(=O)C(=C(O)C=CC=CN2CNC(=O)C(=O)C2)C1=O 1 O=C1CN(C=CC=CC=C2C(=O)NNC(=O)C2=O)CNC1=O 1.0000000 1.0000 0.8624590 0.8625 0.8126117 4.0443
 | 15.4193 64.7342 48.8041 0.8870174 CCN1CN(C=CC=CC(O)=C2C(=O)N(C)N2CC(=O)OC)CC1=O 1 O=C1CN(C=CC=CC=C2NNC2=O)CN1 1.0000000 1.0000 0.7566745 0.7567 0.8445475 3.8975
 | 17.1297 59.8668 54.3954 0.8926735 N=C1C(=O)C(=C(O)C=CC=CN2CNCC2=O)C1=O 1 N=C1C(=O)C(=CC=CC=CN2CNCC2=O)C1=O 1.0000000 1.0000 0.8170288 0.8170 0.7910870 4.1326
 | 8.5166 55.9279 56.5422 0.8786722 CC1=NNC(=O)C1=C(O)C=CC=CN1CNC(=O)C1=N 1 N=C1C(=O)NCN1C=CC=CC=C1C=NNC1=O 1.0000000 1.0000 0.7886483 0.7886 0.7723479 4.2042
 | 9.1304 59.3313 -59.3313 0.0000000 C=C1CC(=C(O)C=CC=CN2CN(CC)CCC2=N)C(=O)N1 1 C=C1CC(=CC=CC=CN2CNCCC2=N)C(=O)N1 1.0000000 1.0000 0.5656022 0.5656 0.7733635 4.2004
 | 15.9579 68.1662 47.7317 0.9054518 COCOCCN1C(=O)C(=C(O)C=CC=CN2CCS(=O)(=O)NC2)C1=O 1 O=C1NC(=O)C1=CC=CC=CN1CCS(=O)(=O)NC1 1.0000000 1.0000 0.7991823 0.7992 0.8623019 3.8049
 | 18.7717 71.4296 34.3030 0.8260358 CCN1CC(=C(C)C=O)C(=O)N(C=CC=CC(O)=C2C(=O)NC(N)C2=O)C1 1 C=C1CNCN(C=CC=CC=C2C(=O)CNC2=O)C1=O 1.0000000 1.0000 0.7575748 0.7576 0.6252946 4.6664
 | 14.5080 65.9399 47.2162 0.8840320 CCN1CC(=O)C(=O)N(C=CC=CC(O)=C2C=C(O)C(=O)NC2=O)C1 1 O=C1C=CC(=CC=CC=CN2CNCC(=O)C2=O)C(=O)N1 1.0000000 1.0000 0.7560459 0.7560 0.8335041 3.9507
 | 11.1356 60.6444 50.0171 0.8645431 CCN1CC(=N)C(=O)N(C=CC=CC(O)=C2CCC(=O)NC2=O)C1 1 N=C1CNCN(C=CC=CC=C2CCC(=O)NC2=O)C1=O 1.0000000 1.0000 0.7024355 0.7024 0.8290412 3.9715
 | 12.0774 52.9897 56.9839 0.8591688 C=CCN1NC(=O)C1=C(O)C=CC=CN1CN(CC)CCC1=O 1 O=C1NNC1=CC=CC=CN1CNCCC1=O 1.0000000 1.0000 0.6874773 0.6875 0.8287425 3.9728
02:47:18 <INFO> Score: 0.82 Agent NLL: 16.12 Valid: 100% Step: 349
 | Agent Prior Target Score SMILES SMILES_state Scaffold DASA DASA (raw) Solubility Solubility (raw) SA SA (raw)
 | 12.0383 60.9075 47.7939 0.8492294 NCCCN1CCC(=O)N(C=CC=CC(O)=C2C=C(N3CCOCC3)CC2=O)C1 1 O=C1CC(N2CCOCC2)=CC1=CC=CC=CN1CNCCC1=O 1.0000000 1.0000 0.6312950 0.6313 0.8742310 3.7369
 | 11.8942 72.9823 42.6180 0.9031276 CCCN1CN(C=CC=CC(O)=C2C=C(N)C(=O)C(=O)NC2=O)C(=O)C1=O 1 O=C1C=CC(=CC=CC=CN2CNC(=O)C2=O)C(=O)NC1=O 1.0000000 1.0000 0.7927590 0.7928 0.8613443 3.8101
 | 9.5986 62.7690 -62.7690 0.0000000 CCN1CN(C=CC=CC(O)=C2C=C(N3CC3)C(=O)NC2=O)C(=O)N1 1 O=C1NC(=O)C(N2CC2)=CC1=CC=CC=CN1CNNC1=O 1.0000000 1.0000 0.7426834 0.7427 0.7902209 4.1360
 | 28.3226 78.9337 26.6352 0.8247570 CC(C(=O)O)N1CC(=CO)N(C=CC=CC(O)=C2C(=O)NNN2CCO)C1 1 C=C1CNCN1C=CC=CC=C1NNNC1=O 1.0000000 1.0000 0.7921289 0.7921 0.5888629 4.7660
 | 15.3344 68.8042 39.4442 0.8456903 CCN1CN(C=CC=CC(O)=C2NC(N)NCNC2=O)CC1=O 1 O=C1CN(C=CC=CC=C2NCNCNC2=O)CN1 1.0000000 1.0000 0.8455874 0.8456 0.6049193 4.7225
 | 21.4982 60.6058 52.6386 0.8847218 O=C1CCN(C=CC=CC(O)=C2C(=O)NC(=O)C2(O)CCO)C(=O)N1 1 O=C1CC(=CC=CC=CN2CCC(=O)NC2=O)C(=O)N1 1.0000000 1.0000 0.8295370 0.8295 0.7481443 4.2907
 | 9.9635 62.3354 47.1931 0.8556916 CCN1CN(C=CC=CC(O)=C2C=C(N)C(=O)NC2=O)C=N1 1 O=C1C=CC(=CC=CC=CN2C=NNC2)C(=O)N1 1.0000000 1.0000 0.7660750 0.7661 0.7154957 4.3992
 | 27.9338 88.9681 8.9948 0.7653357 O=C1NCN(C=CC=CC(O)=C2C(=O)NNC(O)C2C(=O)O)CC1=C=CN1CCNCC1 1 O=C1NCN(C=CC=CC=C2CCNNC2=O)CC1=C=CN1CCNCC1 1.0000000 1.0000 0.8188357 0.8188 0.4133731 5.2280
 | 16.6550 75.1673 36.6885 0.8738734 CCN1CCON(C=CC=CC(O)=C2NC(=O)C(N)C(=O)NC2=O)C1 1 O=C1CC(=O)NC(=CC=CC=CN2CNCCO2)C(=O)N1 1.0000000 1.0000 0.8309928 0.8310 0.7088709 4.4203
 | 10.8408 55.3104 55.0048 0.8618376 COC1=CC(=C(O)C=CC=CN2CNCCC2=O)C(=O)N1C 1 O=C1NC=CC1=CC=CC=CN1CNCCC1=O 1.0000000 1.0000 0.7067963 0.7068 0.8121454 4.0463
02:47:19 <INFO> Sampled SMILES C1(=O)C(=C(O)C=CC=CN2CN(NC(O)C(=NO)C)=C(N3CCOCC3)C2)C(=O)OC(C)(C)O1 failed to sanitize.
02:47:19 <INFO> Score: 0.79 Agent NLL: 16.86 Valid:  99% Step: 350
 | Agent Prior Target Score SMILES SMILES_state Scaffold DASA DASA (raw) Solubility Solubility (raw) SA SA (raw)
 | 7.0973 67.1406 -67.1406 0.0000000 CCN1CN(C=CC=CC(O)=C2C(=O)NNC(=O)C2=O)CC1=O 1 O=C1CN(C=CC=CC=C2C(=O)NNC(=O)C2=O)CN1 1.0000000 1.0000 0.8324578 0.8325 0.8438842 3.9007
 | 10.4329 60.2013 54.1049 0.8930168 O=C1CC(=O)C(=C(O)C=CC=CN2CNC(=O)C(=O)C2=O)C1 1 O=C1CC(=O)C(=CC=CC=CN2CNC(=O)C(=O)C2=O)C1 1.0000000 1.0000 0.8017395 0.8017 0.8105326 4.0531
 | 16.9182 64.8239 48.1718 0.8827786 NC1C(=O)C(=O)C(=O)C(=C(O)C=CC=CN2CNC(=O)C(=O)C2)C1=O 1 O=C1CN(C=CC=CC=C2C(=O)CC(=O)C(=O)C2=O)CNC1=O 1.0000000 1.0000 0.8772484 0.8772 0.6931551 4.4691
 | 21.3941 60.8944 46.6366 0.8400859 CN1CCCN(C=CC=CC(O)=C2C(=O)NCC(Cl)NC2=O)C1 1 O=C1NCCNC(=O)C1=CC=CC=CN1CCCNC1 1.0000000 1.0000 0.7039903 0.7040 0.7329588 4.3422
 | 10.2847 54.2657 60.9836 0.9003851 COC1=CC(=O)C(=C(O)C=CC=CN2CNC(=O)C2)C(=O)N1 1 O=C1CN(C=CC=CC=C2C(=O)C=CNC2=O)CN1 1.0000000 1.0000 0.7970744 0.7971 0.8448902 3.8958
 | 11.5311 64.6436 48.4214 0.8833199 CCCN1CN(C=CC=CC(O)=C2C=C(N)CNC2=O)C(=O)C1=O 1 O=C1NCN(C=CC=CC=C2C=CCNC2=O)C1=O 1.0000000 1.0000 0.7562433 0.7562 0.8304276 3.9651
 | 10.8096 67.4712 46.2391 0.8883619 N=C1CNC(=O)C(=C(O)C=CC=CN2CNC(=O)C2=N)C(=O)N1 1 N=C1CNC(=O)C(=CC=CC=CN2CNC(=O)C2=N)C(=O)N1 1.0000000 1.0000 0.8422161 0.8422 0.7474281 4.2932
 | 17.4311 65.1749 47.3536 0.8791294 CN1CCN(C=C2C(=O)CC(=C(O)C=CC=CN3CNC(=O)C3=O)C2=O)CC1 1 O=C1CC(=CC=CC=CN2CNC(=O)C2=O)C(=O)C1=CN1CCNCC1 1.0000000 1.0000 0.7448097 0.7448 0.8290244 3.9716
 | 12.5125 61.6447 50.0236 0.8724085 CCN1CC(=N)N(C=CC=CC(O)=C2CC(=O)C(=O)NC2=O)C1 1 N=C1CNCN1C=CC=CC=C1CC(=O)C(=O)NC1=O 1.0000000 1.0000 0.7447911 0.7448 0.8027534 4.0856
 | 17.4737 69.1016 41.0786 0.8607825 CCN1CNN(C=CC=CC(O)=C2C(=O)N(C)CCN2C)CNC1=O 1 O=C1NCNN(C=CC=CC=C2NCCNC2=O)CN1 1.0000000 1.0000 0.7278535 0.7279 0.7800090 4.1755
02:47:20 <INFO> Score: 0.78 Agent NLL: 15.57 Valid: 100% Step: 351
 | Agent Prior Target Score SMILES SMILES_state Scaffold DASA DASA (raw) Solubility Solubility (raw) SA SA (raw)
 | 15.0030 72.4909 31.7086 0.8140580 CCN1CCCN(C=CC=CC(O)=C2C=C(N3CCOCC3)CC(CO)NC2=O)C1 1 O=C1NCCC(N2CCOCC2)=CC1=CC=CC=CN1CCCNC1 1.0000000 1.0000 0.6057875 0.6058 0.7690738 4.2163
 | 9.3849 57.7440 54.2799 0.8751874 CCN1CCC(=O)N(C=CC=CC(O)=C2C(=O)NC(=N)N(CC)C2=O)C1 1 N=C1NC(=O)C(=CC=CC=CN2CNCCC2=O)C(=O)N1 1.0000000 1.0000 0.7028559 0.7029 0.8721371 3.7492
 | 9.0344 57.2167 53.4675 0.8647204 CCN1CCC(=O)N(C=CC=CC(O)=C2C=C(OC)NNC2=O)C1 1 O=C1NNC=CC1=CC=CC=CN1CNCCC1=O 1.0000000 1.0000 0.7035072 0.7035 0.8282391 3.9752
 | 12.6901 52.8467 60.3612 0.8844366 CCN1CC(=O)N(C=CC=CC(O)=C2C=CC(=O)NC2=O)C1 1 O=C1C=CC(=CC=CC=CN2CNCC2=O)C(=O)N1 1.0000000 1.0000 0.7430551 0.7431 0.8526582 3.8563
 | 15.5619 61.4589 48.9181 0.8623205 C=C1CN(CCC)CN1C=CC=CC(O)=C1C(=O)NC(=O)C(=O)N1C 1 C=C1CNCN1C=CC=CC=C1NC(=O)C(=O)NC1=O 1.0000000 1.0000 0.7006562 0.7007 0.8226265 4.0005
 | 14.8034 68.5735 39.1412 0.8415208 C=C1CCN(CC)CN1C=CC=CC(O)=C1C=C(N(C)CCO)C(=O)NC1=O 1 C=C1CCNCN1C=CC=CC=C1C=CC(=O)NC1=O 1.0000000 1.0000 0.6484483 0.6484 0.8147455 4.0351
 | 24.1036 78.1209 21.4259 0.7777099 C=C(C)CN1CC(O)C(=O)N(C=CC=CC(O)=C2C=C(N3CCOCC3)C(C)(C)NC2=O)C1 1 O=C1NCC(N2CCOCC2)=CC1=CC=CC=CN1CNCCC1=O 1.0000000 1.0000 0.5668238 0.5668 0.6875377 4.4863
 | 19.6925 68.6738 42.0914 0.8653533 CONC1=CC(=C(O)C=CC=CN2CN(C)CCC2=O)C(=O)N(C)N1 1 O=C1NNC=CC1=CC=CC=CN1CNCCC1=O 1.0000000 1.0000 0.7387898 0.7388 0.7834072 4.1625
 | 21.4645 68.7068 37.0542 0.8262578 CCN1CCC(=C(O)NC(C)=O)N(C=CC=CC(O)=C2COC(=O)NC2=O)C1 1 C=C1CCNCN1C=CC=CC=C1COC(=O)NC1=O 1.0000000 1.0000 0.6140524 0.6141 0.8054507 4.0745
 | 11.0985 61.8040 50.4399 0.8769057 CCN1CN(C=CC=CC(O)=C2C(=O)NC(=O)C(=N)C2=O)C(=O)N1C 1 N=C1C(=O)NC(=O)C(=CC=CC=CN2CNNC2=O)C1=O 1.0000000 1.0000 0.7547076 0.7547 0.8073608 4.0665
02:47:20 <INFO> Score: 0.80 Agent NLL: 17.48 Valid: 100% Step: 352
 | Agent Prior Target Score SMILES SMILES_state Scaffold DASA DASA (raw) Solubility Solubility (raw) SA SA (raw)
 | 11.7310 51.1428 63.7137 0.8973167 O=C1CC(=C(O)C=CC=CN2CCNCC2)C1=O 1 O=C1CC(=CC=CC=CN2CCNCC2)C1=O 1.0000000 1.0000 0.7626132 0.7626 0.8782274 3.7129
 | 31.6535 82.7260 32.4983 0.9001896 CC(=O)NN1C(=O)CN(CO)C(=O)C(=C(O)C=CC=CN2CNC(N)=NC2=O)C1=O 1 O=C1CNC(=O)C(=CC=CC=CN2CNC=NC2=O)C(=O)N1 1.0000000 1.0000 0.8575459 0.8575 0.7732038 4.2010
 | 18.8109 55.6375 56.6331 0.8771141 NCC1CCN(C=CC=CC(O)=C2C(=O)CC(=O)C2=O)C1 1 O=C1CC(=O)C(=CC=CC=CN2CCCC2)C1=O 1.0000000 1.0000 0.7469584 0.7470 0.8182387 4.0199
 | 8.8647 61.4674 57.3969 0.9286273 N=C1C(=O)NCN1C=CC=CC(O)=C1C(=O)NC(=O)C(=O)NC1=O 1 N=C1C(=O)NCN1C=CC=CC=C1C(=O)NC(=O)C(=O)NC1=O 1.0000000 1.0000 0.8792129 0.8792 0.8551084 3.8435
 | 19.1728 77.3030 27.5659 0.8192884 N=C1C(=O)NC(=O)C(=C(O)C=CC=CN2CNCC(N)C2)C=CN1O 1 N=C1NC=CC(=CC=CC=CN2CCCNC2)C(=O)NC1=O 1.0000000 1.0000 0.8005004 0.8005 0.5654584 4.8284
 | 19.3247 64.3189 45.5680 0.8584916 CC1(N)NCN(C=CC=CC(O)=C2CC(=O)C(=O)NC2=O)C1=O 1 O=C1CC(=CC=CC=CN2CNCC2=O)C(=O)NC1=O 1.0000000 1.0000 0.8363774 0.8364 0.6528428 4.5886
 | 12.2833 53.7302 60.0915 0.8892320 CN1CN(C=CC=CC(O)=C2C(=O)NN(C)C2=O)CNC1=O 1 O=C1NCN(C=CC=CC=C2C(=O)NNC2=O)CN1 1.0000000 1.0000 0.8026288 0.8026 0.7951437 4.1165
 | 26.6232 70.0503 34.1163 0.8138019 CNC1(O)C(=O)NC(=O)C1=C(O)C=CC=CN1CNCC1=C(C)N 1 C=C1CNCN1C=CC=CC=C1CC(=O)NC1=O 1.0000000 1.0000 0.8374924 0.8375 0.5207168 4.9460
 | 19.1763 64.0762 44.1877 0.8458118 CCCN1CC(C)C(=O)N(C=CC=CC(O)=C2C(=O)NC(=O)C(O)C2=O)C1 1 O=C1CC(=O)C(=CC=CC=CN2CNCCC2=O)C(=O)N1 1.0000000 1.0000 0.7472388 0.7472 0.7020992 4.4415
 | 15.7158 72.1691 40.3081 0.8787283 CC(=O)N=C1C(=O)NCN(C=CC=CC(O)=C2C=C(N)CC(=O)NC2=O)C1=O 1 N=C1C(=O)NCN(C=CC=CC=C2C=CCC(=O)NC2=O)C1=O 1.0000000 1.0000 0.7921495 0.7921 0.7684592 4.2185
02:47:21 <INFO> Sampled SMILES O=C1N(C)C(=O)C(=C(O)C=CC=CN2CNC(=O)C2#N)C(=O)N(C)C(=S)N1 failed to sanitize.
02:47:21 <INFO> Score: 0.82 Agent NLL: 16.84 Valid:  99% Step: 353
 | Agent Prior Target Score SMILES SMILES_state Scaffold DASA DASA (raw) Solubility Solubility (raw) SA SA (raw)
 | 10.1991 52.8174 58.0909 0.8664714 CCN1CC(=O)N(C=CC=CC(O)=C2COC(=N)NC2=O)C1 1 N=C1NC(=O)C(=CC=CC=CN2CNCC2=O)CO1 1.0000000 1.0000 0.7515319 0.7515 0.7716686 4.2067
 | 12.1198 60.9371 50.8492 0.8733305 CN(C)C1=CC(=C(O)C=CC=CN2CNCCC2=O)C(=O)N(C)C1=O 1 O=C1C=CC(=CC=CC=CN2CNCCC2=O)C(=O)N1 1.0000000 1.0000 0.7228882 0.7229 0.8357277 3.9402
 | 16.5984 53.2982 53.8070 0.8367590 CCN1CN(C=CC=CC(O)=C2CCCC(=O)NC2=O)C(=O)N1C 1 O=C1CCCC(=CC=CC=CN2CNNC2=O)C(=O)N1 1.0000000 1.0000 0.6193668 0.6194 0.8405899 3.9169
 | 48.0044 100.6884 -6.5178 0.7357077 C=C1CN(CCNC)CC2(O)OC(=O)CN(C=CC=CC(O)=C3C(=O)NC(=NC(C)=C(C)C)C3=O)CN12 1 C=C1CNCC2OC(=O)CN(C=CC=CC=C3C(=O)NC(=N)C3=O)CN12 1.0000000 1.0000 0.6219408 0.6219 0.4871508 5.0335
 | 11.3059 68.9447 46.0895 0.8987048 CCN1CN(C=CC=CC(O)=C2NCN(CCO)C(=O)NC2=O)CC1=O 1 O=C1CN(C=CC=CC=C2NCNC(=O)NC2=O)CN1 1.0000000 1.0000 0.8003417 0.8003 0.8341827 3.9476
 | 10.3156 57.5980 53.4096 0.8672466 CCN1CC(=N)N(C=CC=CC(O)=C2CC(=O)NNC2=O)C1 1 N=C1CNCN1C=CC=CC=C1CC(=O)NNC1=O 1.0000000 1.0000 0.7583036 0.7583 0.7662796 4.2265
 | 14.2712 61.4276 51.3435 0.8810246 C=C1C(=C(O)C=CC=CN2CN(CCO)NCC2=O)C(=O)N1C 1 C=C1NC(=O)C1=CC=CC=CN1CNNCC1=O 1.0000000 1.0000 0.7939173 0.7939 0.7748532 4.1949
 | 14.6915 59.5696 55.9475 0.9024771 O=C1CN(C=CC=CC(O)=C2CCC(=O)C(=O)NC2=O)CN1 1 O=C1CN(C=CC=CC=C2CCC(=O)C(=O)NC2=O)CN1 1.0000000 1.0000 0.8025425 0.8025 0.8461948 3.8893
 | 8.8528 50.4930 60.7097 0.8687714 CN1C=CC(=C(O)C=CC=CN2CC(=O)N(C)C2)C1=O 1 O=C1CN(C=CC=CC=C2C=CNC2=O)CN1 1.0000000 1.0000 0.7220757 0.7221 0.8186604 4.0181
 | 13.5091 58.5177 52.7809 0.8695204 C=C1CC(=O)NCN1C=CC=CC(O)=C1C(=O)NOC1=O 1 C=C1CC(=O)NCN1C=CC=CC=C1C(=O)NOC1=O 1.0000000 1.0000 0.7783019 0.7783 0.7509263 4.2811
02:47:22 <INFO> Score: 0.78 Agent NLL: 16.67 Valid: 100% Step: 354
 | Agent Prior Target Score SMILES SMILES_state Scaffold DASA DASA (raw) Solubility Solubility (raw) SA SA (raw)
 | 14.4555 59.9037 53.5684 0.8865003 CCN1CCN(C=CC=CC(O)=C2C(=O)NN2C)C1 1 O=C1NNC1=CC=CC=CN1CCNC1 1.0000000 1.0000 0.7525298 0.7525 0.8480526 3.8799
 | 31.6477 80.1847 11.0932 0.7131082 CC=C1CN(CC)CN(C=CC=CC(O)=C2CC(=O)C(O)(CCCCl)OC2=O)C1=O 1 C=C1CNCN(C=CC=CC=C2CC(=O)COC2=O)C1=O 1.0000000 1.0000 0.4507135 0.4507 0.6288863 4.6564
 | 11.9749 56.4657 42.6998 0.7747308 CCN1CN(C=CC=CC(O)=C2C(=O)Nc3ccccc32)C(O)=N1 1 O=C1Nc2ccccc2C1=CC=CC=CN1C=NNC1 1.0000000 1.0000 0.4484446 0.4484 0.8961546 3.5960
 | 20.3089 62.3900 44.9778 0.8388106 CC(=O)C1NC(=O)C(=C(O)C=CC=CN2CNC(=O)C2O)C1=O 1 O=C1CN(C=CC=CC=C2C(=O)CNC2=O)CN1 1.0000000 1.0000 0.8573674 0.8574 0.5748945 4.8034
 | 28.3342 74.9954 14.3550 0.6980502 NC1CCC(OC2=CCC(=C(O)C=CC=CN3C=CNN3)C(=O)N2)CC1N 1 O=C1NC(OC2CCCCC2)=CCC1=CC=CC=CN1C=CNN1 1.0000000 1.0000 0.6973286 0.6973 0.3405643 5.4305
 | 19.0937 53.2101 57.4705 0.8646918 CN1CCC(=C(O)C=CC=CN2CCCN2)C1=O 1 O=C1NCCC1=CC=CC=CN1CCCN1 1.0000000 1.0000 0.7060622 0.7061 0.8245292 3.9920
 | 23.4406 73.6378 29.3243 0.8043919 CCN1CN(C=CC=CC(O)=C2C(=O)NCC(=N)C2OC)C(=O)CN1 1 N=C1CNC(=O)C(=CC=CC=CN2CNNCC2=O)C1 1.0000000 1.0000 0.7615060 0.7615 0.5558482 4.8539
 | 15.1242 69.1506 36.4812 0.8252488 CCN1CN(C=CC=CC(O)=C2C(=O)NC3(N)N(C)C(=O)C(=O)N23)C(=O)N1 1 O=C1NC2NC(=O)C(=CC=CC=CN3CNNC3=O)N2C1=O 1.0000000 1.0000 0.8394949 0.8395 0.5505985 4.8677
 | 13.4616 44.9962 65.8347 0.8658670 N=C1CC(=O)C(=C(O)C=CC=CN2CCNCC2)O1 1 N=C1CC(=O)C(=CC=CC=CN2CCNCC2)O1 1.0000000 1.0000 0.7199685 0.7200 0.8100630 4.0551
 | 10.2885 54.3116 54.0264 0.8463908 CCN1CN(C=CC=CC(O)=C2C(=O)NC(=O)N2CC)C=N1 1 O=C1NC(=O)C(=CC=CC=CN2C=NNC2)N1 1.0000000 1.0000 0.6825795 0.6826 0.7848996 4.1567
02:47:22 <INFO> Score: 0.80 Agent NLL: 16.54 Valid: 100% Step: 355
 | Agent Prior Target Score SMILES SMILES_state Scaffold DASA DASA (raw) Solubility Solubility (raw) SA SA (raw)
 | 13.1926 64.1109 48.0000 0.8758661 CCN1CC(=O)ON(C=CC=CC(O)=C2NCCCNC2=O)C1 1 O=C1CNCN(C=CC=CC=C2NCCCNC2=O)O1 1.0000000 1.0000 0.7474216 0.7474 0.8127551 4.0437
 | 14.3182 58.8536 50.9442 0.8577953 CCN1CC(N)C(=O)N(C=CC=CC(O)=C2C=CC2=O)C1 1 O=C1C=CC1=CC=CC=CN1CNCCC1=O 1.0000000 1.0000 0.7311865 0.7312 0.7645001 4.2329
 | 21.6459 58.2494 46.3191 0.8169414 CN1C(Cc2ccccc2)C(=O)NCN1C=CC=CC(O)=C1COC1=O 1 O=C1OCC1=CC=CC=CN1CNC(=O)C(Cc2ccccc2)N1 1.0000000 1.0000 0.5895073 0.5895 0.8065195 4.0700
 | 9.8084 56.6020 44.0388 0.7862559 C=C1CC(=C(O)C=CC=CN2C=NN(CC)C2)C(=O)N1C 1 C=C1CC(=CC=CC=CN2C=NNC2)C(=O)N1 1.0000000 1.0000 0.5868532 0.5869 0.6904513 4.4774
 | 15.6517 58.8813 53.8060 0.8803697 CN1C(=O)C(=C(O)C=CC=CN2CN(C)C(C)(C)C2=O)C(=O)N1CCO 1 O=C1NNC(=O)C1=CC=CC=CN1CNCC1=O 1.0000000 1.0000 0.7570455 0.7570 0.8177998 4.0219
 | 14.3604 65.4508 46.6265 0.8756039 CN1C(=O)C(=C(O)C=CC=CN2CNC(=O)C(=O)C2)C1N1CCOCC1 1 O=C1CN(C=CC=CC=C2C(=O)NC2N2CCOCC2)CNC1=O 1.0000000 1.0000 0.7946884 0.7947 0.7541470 4.2698
 | 18.8811 63.2854 34.4204 0.7633270 COC=C1CSC2OC(=C(O)C=CC=CN3CCN(S(C)(=O)=O)CC3)C(=O)N2C1C(=O)O 1 C=C1CSC2OC(=CC=CC=CN3CCNCC3)C(=O)N2C1 1.0000000 1.0000 0.6181750 0.6182 0.5728632 4.8088
 | 15.0385 65.4574 47.1395 0.8796629 CCN1CC(=O)C(=O)N(C=CC=CC(O)=C2C(=O)C(=O)C(C)=C2CO)C1 1 O=C1C=CC(=CC=CC=CN2CNCC(=O)C2=O)C1=O 1.0000000 1.0000 0.7264598 0.7265 0.8563957 3.8367
 | 17.8620 60.6461 48.3027 0.8511627 CCCN1CNC(=O)N(C=CC=CC(O)=c2oc(=C(C)C=O)n(C)c2=O)C1 1 C=c1[nH]c(=O)c(=CC=CC=CN2CNCNC2=O)o1 1.0000000 1.0000 0.7299333 0.7299 0.7415034 4.3135
 | 24.4071 63.2604 52.6617 0.9056409 COC(=O)C=c1[nH]c(=O)c(=C(O)C=CC=CN2CCCCN(CCO)C2)c(=O)n1C 1 C=c1[nH]c(=O)c(=CC=CC=CN2CCCCNC2)c(=O)[nH]1 1.0000000 1.0000 0.8111702 0.8112 0.8477755 3.8813
02:47:23 <INFO> Score: 0.81 Agent NLL: 16.59 Valid: 100% Step: 356
 | Agent Prior Target Score SMILES SMILES_state Scaffold DASA DASA (raw) Solubility Solubility (raw) SA SA (raw)
 | 23.6897 83.5100 27.0280 0.8635782 N=C1C(=O)NCN1C=CC=CC(O)=c1c(=O)[nH]c(=O)[nH]c1=C=CN1CNC(=O)C1 1 N=C1C(=O)NCN1C=CC=CC=c1c(=O)[nH]c(=O)[nH]c1=C=CN1CNC(=O)C1 1.0000000 1.0000 0.8914683 0.8915 0.6199261 4.6813
 | 14.4007 59.6157 49.7680 0.8545602 CCN1CCC(=O)N(C=CC=CC(O)=C2C(=O)N(C)CC2NO)C1 1 O=C1NCCC1=CC=CC=CN1CNCCC1=O 1.0000000 1.0000 0.7282241 0.7282 0.7561382 4.2628
 | 22.1282 76.0194 25.6788 0.7945171 CCN1CCC(=COC)C(=O)N(C=CC=CC(O)=C2C(=O)NC(OC)C(O)C2=O)C1 1 C=C1CCNCN(C=CC=CC=C2C(=O)CCNC2=O)C1=O 1.0000000 1.0000 0.6970518 0.6971 0.5868344 4.7714
 | 16.8097 76.3313 27.0864 0.8079503 CCN1CC(=N)C(=O)N(C=CC=CC(O)=C2CC=NC(=CN3CCNCC3)C2=O)C1 1 N=C1CNCN(C=CC=CC=C2CC=NC(=CN3CCNCC3)C2=O)C1=O 1.0000000 1.0000 0.6176623 0.6177 0.7279713 4.3588
 | 15.0466 67.0576 46.7794 0.8893513 CCCN1C=NNN(C=CC=CC(O)=C2C(=O)NC(=O)C2=O)C1 1 O=C1NC(=O)C(=CC=CC=CN2CNC=NN2)C1=O 1.0000000 1.0000 0.7895738 0.7896 0.8114032 4.0494
 | 22.1199 69.3528 27.4182 0.7560236 CCOC(=O)N1C=CN(C=CC=CC(O)=C2CC(=O)NC(=CN3CCCCC3)NC2=O)C1 1 O=C1CC(=CC=CC=CN2C=CNC2)C(=O)NC(=CN2CCCCC2)N1 1.0000000 1.0000 0.4560747 0.4561 0.7925110 4.1270
 | 15.1620 55.3112 57.2525 0.8794044 COC1=CC(=C(O)C=CC=CN2CCN(S(C)(=O)=O)CC2=O)C(=O)N1C 1 O=C1NC=CC1=CC=CC=CN1CCNCC1=O 1.0000000 1.0000 0.7174885 0.7175 0.8681892 3.7720
 | 14.2009 62.5488 50.8678 0.8860673 CN1CCN(C2=CC(=C(O)C=CC=CN3CN(C)C(N)=N3)C(=O)NC2=O)CC1 1 O=C1NC(=O)C(N2CCNCC2)=CC1=CC=CC=CN1CNC=N1 1.0000000 1.0000 0.7702996 0.7703 0.8229407 3.9991
 | 13.5884 72.0249 39.3303 0.8699623 CCN1CC(=O)CN(C=CC=CC(O)=C2CC(=O)CNNC2=O)C1 1 O=C1CNNC(=O)C(=CC=CC=CN2CNCC(=O)C2)C1 1.0000000 1.0000 0.7667126 0.7667 0.7662010 4.2267
 | 18.2818 64.1795 44.5304 0.8492962 CCN1CC=CN(C=CC=CC(O)=C2C(=O)NC(=O)CC(O)C2=O)C1 1 O=C1CCC(=O)C(=CC=CC=CN2C=CCNC2)C(=O)N1 1.0000000 1.0000 0.7333629 0.7334 0.7305769 4.3502
02:47:24 <INFO> Score: 0.83 Agent NLL: 16.15 Valid: 100% Step: 357
 | Agent Prior Target Score SMILES SMILES_state Scaffold DASA DASA (raw) Solubility Solubility (raw) SA SA (raw)
 | 12.1656 60.0637 44.7937 0.8191986 CCN1CN(C=CC=CC(O)=C2OC(=O)C(=COC)C2=O)C=N1 1 C=C1C(=O)OC(=CC=CC=CN2C=NNC2)C1=O 1.0000000 1.0000 0.6639235 0.6639 0.7074456 4.4248
 | 24.0767 74.5098 37.9489 0.8785841 CCN1CCN(C=CC=CC(O)=c2[nH]c(=CNC(=O)C(N)CO)[nH]c2=O)C1 1 C=c1[nH]c(=O)c(=CC=CC=CN2CCNC2)[nH]1 1.0000000 1.0000 0.8828079 0.8828 0.6742959 4.5260
 | 11.2465 56.8231 44.5272 0.7917990 CCN1CCC(=O)N(C=CC=CC(O)=C2OC(=N)C(C)C2=O)C1 1 N=C1CC(=O)C(=CC=CC=CN2CNCCC2=O)O1 1.0000000 1.0000 0.5952162 0.5952 0.6991544 4.4507
 | 15.4165 67.9242 34.0008 0.7962894 C=C1CCCN(CCCN)CN1C=CC=CC(O)=C1CCC(N)NC1=O 1 C=C1CCCNCN1C=CC=CC=C1CCCNC1=O 1.0000000 1.0000 0.6123342 0.6123 0.6920090 4.4726
 | 17.5915 61.4735 47.4520 0.8509801 C=C1CN(C)C(=O)C(=C(O)C=CC=CN2CCN(CCO)CC2N)O1 1 C=C1CNC(=O)C(=CC=CC=CN2CCNCC2)O1 1.0000000 1.0000 0.7561472 0.7561 0.7101236 4.4163
 | 11.9620 56.7348 49.8433 0.8326415 CCN1CCC(=O)N(C=CC=CC(O)=C2CC(=O)C(C(C)=O)NC2=O)C1 1 O=C1CNC(=O)C(=CC=CC=CN2CNCCC2=O)C1 1.0000000 1.0000 0.6910895 0.6911 0.7219094 4.3786
 | 18.7862 73.4133 40.9284 0.8932945 CCCN1CN(C=CC=CC(O)=C2C(=O)NN(CCCCO)C2=O)C(=O)NC(=O)C1=O 1 O=C1NCN(C=CC=CC=C2C(=O)NNC2=O)C(=O)NC1=O 1.0000000 1.0000 0.7617337 0.7617 0.8630060 3.8010
 | 16.8830 55.2431 46.1565 0.7921843 CCN1CC(C)N(C=CC=CC(O)=C2C(=O)NC=CC2O)C1 1 O=C1NC=CCC1=CC=CC=CN1CCNC1 1.0000000 1.0000 0.6830317 0.6830 0.5939380 4.7523
 | 14.4542 59.7999 53.5420 0.8854830 C=CCN1CCN(C=CC=CC(O)=C2C(=O)N(CCCCO)C2=O)CC1 1 O=C1NC(=O)C1=CC=CC=CN1CCNCC1 1.0000000 1.0000 0.6852666 0.6853 0.9443339 3.1557
 | 14.7878 63.5105 50.4297 0.8901576 CCN1CN(C=CC=CC(O)=C2C(=O)NC(=O)N(C)C2=O)CNC1=O 1 O=C1NCN(C=CC=CC=C2C(=O)NC(=O)NC2=O)CN1 1.0000000 1.0000 0.7410151 0.7410 0.8789589 3.7084
02:47:24 <INFO> Score: 0.80 Agent NLL: 16.77 Valid: 100% Step: 358
 | Agent Prior Target Score SMILES SMILES_state Scaffold DASA DASA (raw) Solubility Solubility (raw) SA SA (raw)
 | 27.7640 73.4285 40.0915 0.8868749 CC(CN(C)CC(=O)O)N1C(=O)C(=C(O)C=CC=CN2CCN(C)CC2=O)C1=O 1 O=C1NC(=O)C1=CC=CC=CN1CCNCC1=O 1.0000000 1.0000 0.7627515 0.7628 0.8359152 3.9394
 | 12.4167 61.1312 40.1087 0.7909372 CCCN1CN(C=CC=CC(O)=C2CC(=O)C(O)C2=O)C(=O)N1CC 1 O=C1CC(=O)C(=CC=CC=CN2CNNC2=O)C1 1.0000000 1.0000 0.6399529 0.6400 0.6379974 4.6308
 | 12.5413 58.3038 50.9845 0.8538148 C=C1CN(CC)CN1C=CC=CC(O)=C1CC(=O)NNC1=O 1 C=C1CNCN1C=CC=CC=C1CC(=O)NNC1=O 1.0000000 1.0000 0.7146648 0.7147 0.7705567 4.2108
 | 12.7842 59.2535 49.8557 0.8524159 CCN1CCC(=O)N(C=CC=CC(O)=C2C(=O)NC(C)N(O)C2=O)C1 1 O=C1NCNC(=O)C1=CC=CC=CN1CNCCC1=O 1.0000000 1.0000 0.7216134 0.7216 0.7564340 4.2618
 | 36.3597 84.5330 23.0098 0.8401780 COC(=O)C1(N)NC(=O)C(=C(O)C=CC=CN2CN(CCCN=CCNC(C)=O)CC2=O)O1 1 O=C1NCOC1=CC=CC=CN1CNCC1=O 1.0000000 1.0000 0.8033534 0.8034 0.6258519 4.6649
 | 11.7450 61.8968 53.6436 0.9026593 CCN1C(=O)NCN(C=CC=CC(O)=C2C(=O)N(CCO)C2=O)C1=O 1 O=C1NCN(C=CC=CC=C2C(=O)NC2=O)C(=O)N1 1.0000000 1.0000 0.7681028 0.7681 0.8926827 3.6200
 | 15.6426 63.1063 47.8977 0.8672189 CCCN1CN(C)N(C=CC=CC(O)=C2C(=O)C=C(OC)C(=O)NC2=O)C1 1 O=C1C=CC(=O)C(=CC=CC=CN2CNCN2)C(=O)N1 1.0000000 1.0000 0.6891178 0.6891 0.8593865 3.8208
 | 11.5150 68.5203 -68.5203 0.0000000 CCN1CN(C=CC=CC(O)=C2C(=O)NNC(=O)C2=O)C(=N)NC1=O 1 N=C1NC(=O)NCN1C=CC=CC=C1C(=O)NNC(=O)C1=O 1.0000000 1.0000 0.8103271 0.8103 0.7852241 4.1555
 | 25.7338 64.3953 35.1591 0.7777688 O=C1NC(=O)C2CCCC(CO)N2C1=C(O)C=CC=CN1CN(Cc2ccccc2)CCC1=O 1 O=C1NC(=O)C2CCCCN2C1=CC=CC=CN1CN(Cc2ccccc2)CCC1=O 1.0000000 1.0000 0.5058406 0.5058 0.7884168 4.1431
 | 14.8808 51.4077 59.9548 0.8700197 CCCCN1CCCN(C=CC=CC(O)=C2C(=O)NC(=O)NC2=O)C1 1 O=C1NC(=O)C(=CC=CC=CN2CCCNC2)C(=O)N1 1.0000000 1.0000 0.6527850 0.6528 0.9296041 3.3189
02:47:25 <INFO> Score: 0.81 Agent NLL: 16.24 Valid: 100% Step: 359
 | Agent Prior Target Score SMILES SMILES_state Scaffold DASA DASA (raw) Solubility Solubility (raw) SA SA (raw)
 | 13.9463 68.3796 37.1016 0.8240722 CCN1CC(=N)C(=O)N(C=CC=CC(O)=C2C(=O)NC(=N)C2O)C1 1 N=C1CC(=CC=CC=CN2CNCC(=N)C2=O)C(=O)N1 1.0000000 1.0000 0.7778280 0.7778 0.5997826 4.7365
 | 38.1641 84.5596 13.2122 0.7638420 CONC(C(=O)N=C1NC(=O)C(=C(O)C=CC=CN2CNC(=O)C2)C1(O)C=NO)c1ccccc1 1 O=C(Cc1ccccc1)N=C1CC(=CC=CC=CN2CNC(=O)C2)C(=O)N1 1.0000000 1.0000 0.6959219 0.6959 0.4983589 5.0043
 | 18.1859 62.2397 39.0089 0.7910046 CCCCCC1CN(CCO)CN(C=CC=CC(O)=C2C=C(OC)NC2=O)N1 1 O=C1NC=CC1=CC=CC=CN1CNCCN1 1.0000000 1.0000 0.5939006 0.5939 0.6980643 4.4540
 | 19.1615 66.3452 41.2835 0.8408489 C=CC1(O)C(=O)CC(=C(O)C=CC=CN2CCN(CCCN)C2)C1=O 1 O=C1CC(=O)C(=CC=CC=CN2CCNC2)C1 1.0000000 1.0000 0.7309135 0.7309 0.7033578 4.4376
 | 11.5852 60.0871 42.9331 0.8048456 CCN1CC(=C(C)C)C(=O)N(C=CC=CC(O)=C2CCC(=O)NC2=O)C1 1 C=C1CNCN(C=CC=CC=C2CCC(=O)NC2=O)C1=O 1.0000000 1.0000 0.5387125 0.5387 0.8440428 3.9000
 | 10.2529 58.3643 57.6200 0.9061277 CN1CN(C=CC=CC(O)=C2NC(=O)CN(C)C2=O)CC1=O 1 O=C1CN(C=CC=CC=C2NC(=O)CNC2=O)CN1 1.0000000 1.0000 0.8093360 0.8093 0.8520026 3.8597
 | 16.5417 59.9902 41.2848 0.7912111 C=C1C(=C(O)C=CC=CN2CNCCC2=O)C(=O)N1c1ccccc1 1 C=C1C(=CC=CC=CN2CNCCC2=O)C(=O)N1c1ccccc1 1.0000000 1.0000 0.4714104 0.4714 0.9220381 3.3907
 | 18.0766 67.6209 40.0499 0.8411781 C=CCCN1CCCCN(C=CC=CC(O)=C2NC(=O)C(N)C2=O)C1 1 O=C1CC(=O)C(=CC=CC=CN2CCCCNC2)N1 1.0000000 1.0000 0.6761145 0.6761 0.7735800 4.1996
 | 14.8117 67.9060 39.6789 0.8405068 CCCN1CC(=CO)N(C=CC=CC(O)=C2CC(=O)C(=O)NC2=O)C1 1 C=C1CNCN1C=CC=CC=C1CC(=O)C(=O)NC1=O 1.0000000 1.0000 0.6592763 0.6593 0.7946798 4.1184
 | 15.6213 54.1690 50.6470 0.8188750 CCN1CN(C=CC=CC(O)=C2CCN(C)C2=O)C(=N)N1CC 1 N=C1NNCN1C=CC=CC=C1CCNC1=O 1.0000000 1.0000 0.6094866 0.6095 0.7826311 4.1655
02:47:26 <INFO> Score: 0.82 Agent NLL: 17.25 Valid: 100% Step: 360
 | Agent Prior Target Score SMILES SMILES_state Scaffold DASA DASA (raw) Solubility Solubility (raw) SA SA (raw)
 | 24.2419 68.5705 34.4040 0.8044887 CC(O)C1NCCN(C=CC=CC(O)=C2C(=O)NCC(N)C2N)C1=O 1 O=C1NCCCC1=CC=CC=CN1CCNCC1=O 1.0000000 1.0000 0.8625804 0.8626 0.4788772 5.0551
 | 20.2017 70.8164 22.6824 0.7304592 CC1=NN(C=CC=CC(O)=C2C(=O)C(=O)C(OC3CC(N)C(O)C(C)O3)C2=O)CN1 1 O=C1C(=O)C(OC2CCCCO2)C(=O)C1=CC=CC=CN1CNC=N1 1.0000000 1.0000 0.7625571 0.7626 0.3701488 5.3463
 | 10.7698 61.9314 46.9104 0.8503263 CCN1CC(=O)C(=O)N(C=CC=CC(O)=C2C(=O)NC(O)C2O)C1 1 O=C1CNCN(C=CC=CC=C2CCNC2=O)C1=O 1.0000000 1.0000 0.8427478 0.8427 0.6214733 4.6770
 | 24.7873 67.1352 44.7781 0.8743225 C=C1CN(NC(C)=O)CN1C=CC=CC(O)=C1C(=O)NC(=NC(N)=O)NC1=O 1 C=C1CNCN1C=CC=CC=C1C(=O)NC(=N)NC1=O 1.0000000 1.0000 0.7955609 0.7956 0.7485363 4.2894
 | 21.6148 67.9368 34.0139 0.7964898 C=C1C(=O)NCN(C=CC=CC(O)=C2C(=O)NC(=NC)SC2=O)C1O 1 C=C1CN(C=CC=CC=C2C(=O)NC(=N)SC2=O)CNC1=O 1.0000000 1.0000 0.7487442 0.7487 0.5441978 4.8845
 | 14.3187 71.6148 35.5250 0.8370304 CCN1CN(C=CC=CC(O)=C2OC(=O)C(=C(O)CO)C2=O)C=N1 1 C=C1C(=O)OC(=CC=CC=CN2C=NNC2)C1=O 1.0000000 1.0000 0.7210044 0.7210 0.7014353 4.4436
 | 27.6149 72.5547 38.4683 0.8673676 NCCCN1CC(=CC=CCO)N(C=CC=CC(O)=C2C(=O)N=CC(=O)NC2=O)C1 1 C=C1CNCN1C=CC=CC=C1C(=O)N=CC(=O)NC1=O 1.0000000 1.0000 0.7523292 0.7523 0.7740411 4.1979
 | 12.0243 52.9769 56.2362 0.8532271 CN1CCC(=O)N(C=CC=CC(O)=C2CC=CC(=O)C2=O)C1 1 O=C1C=CCC(=CC=CC=CN2CNCCC2=O)C1=O 1.0000000 1.0000 0.6536359 0.6536 0.8552015 3.8430
 | 10.8364 48.6103 66.7631 0.9013553 CN1CCN(C=CC=CC(O)=C2C(=O)C(=O)C(N)C2=O)CC1 1 O=C1CC(=O)C(=CC=CC=CN2CCNCC2)C1=O 1.0000000 1.0000 0.8087591 0.8088 0.8340274 3.9483
 | 16.3679 67.0905 48.9814 0.9068121 C=c1c(=O)c(=O)c(=C(O)C=CC=CN2CN(CC)CC(=O)N(C)C2=O)c1=O 1 C=c1c(=O)c(=O)c(=CC=CC=CN2CNCC(=O)NC2=O)c1=O 1.0000000 1.0000 0.8346092 0.8346 0.8237453 3.9955
02:47:26 <INFO> Sampled SMILES CN1C(=O)C(=C(O)C=CC=CN2CN(S(=NC)(=O)=O)CC2=O)C=C(N(C)C)C1=O failed to sanitize.
02:47:26 <INFO> Score: 0.81 Agent NLL: 16.60 Valid:  99% Step: 361
 | Agent Prior Target Score SMILES SMILES_state Scaffold DASA DASA (raw) Solubility Solubility (raw) SA SA (raw)
 | 20.2693 74.3126 38.5210 0.8815126 CCN1C(=O)C(=O)CC(=C(O)C=CC=CN2CCN(CCCCNC(=N)N)C2)C1=O 1 O=C1CC(=CC=CC=CN2CCNC2)C(=O)NC1=O 1.0000000 1.0000 0.7127465 0.7127 0.8839704 3.6772
 | 15.5510 55.8751 56.1708 0.8753588 CN1CC(N)C(=O)N(C=CC=CC(O)=C2C(=O)NCNC2=O)C1 1 O=C1NCNC(=O)C1=CC=CC=CN1CNCCC1=O 1.0000000 1.0000 0.8573414 0.8573 0.6876971 4.4858
 | 12.1851 65.7015 44.7550 0.8629416 C=C1CN(CCO)CN(C=CC=CC(O)=C2C(=C)N(C)C2=O)C1=O 1 C=C1CNCN(C=CC=CC=C2C(=C)NC2=O)C1=O 1.0000000 1.0000 0.7054347 0.7054 0.8184151 4.0192
 | 11.2360 61.0088 46.4700 0.8396783 CCN1CC(=N)C(=O)N(C=CC=CC(O)=C2CC(=O)CC2=O)C1 1 N=C1CNCN(C=CC=CC=C2CC(=O)CC2=O)C1=O 1.0000000 1.0000 0.6658587 0.6659 0.7820163 4.1678
 | 23.1165 30.4841 -30.4657 0.0001440 NCCCCN(CCO)C1CC(CO)C(O)C(O)C1O 1 C1CCCCC1 0.0000000 0.0000 0.9147521 0.9148 0.8151373 4.0334
 | 19.3752 71.6325 -71.6325 0.0000000 CN1C(=O)C(=C(O)C=CC=CN2CN(S(=NC)(=O)=O)CC2=O)C=C(N(C)C)C1=O 0 -- 0.0000000 0.0000 0.0000000 0.0000 0.0000000 0.0000
 | 15.7832 72.2674 42.1717 0.8940551 C=C1CN(C(C)=O)CN(C=CC=CC(O)=C2C(=O)NNC(=O)C2=O)C1=O 1 C=C1CNCN(C=CC=CC=C2C(=O)NNC(=O)C2=O)C1=O 1.0000000 1.0000 0.7993446 0.7993 0.8174272 4.0235
 | 11.1719 60.3227 52.3222 0.8800382 CN1NC(=O)CC(=C(O)C=CC=CN2CN(CCCN)CN2)C1=O 1 O=C1CC(=CC=CC=CN2CNCN2)C(=O)NN1 1.0000000 1.0000 0.8102622 0.8103 0.7525854 4.2753
 | 18.0503 59.7622 50.4885 0.8613337 O=C1CN(C=CC=CC(O)=C2CCCNC2=O)C(C(=O)O)NN1 1 O=C1CN(C=CC=CC=C2CCCNC2=O)CNN1 1.0000000 1.0000 0.8075286 0.8075 0.6904473 4.4774
 | 12.8755 59.7466 49.3013 0.8519361 CCN1CN(C=CC=CC(O)=C2NN=C(C)NC2=O)C(=O)N1 1 O=C1NC=NNC1=CC=CC=CN1CNNC1=O 1.0000000 1.0000 0.7494004 0.7494 0.7211952 4.3809
02:47:27 <INFO> Score: 0.81 Agent NLL: 16.02 Valid: 100% Step: 362
 | Agent Prior Target Score SMILES SMILES_state Scaffold DASA DASA (raw) Solubility Solubility (raw) SA SA (raw)
 | 10.7421 65.7677 39.6921 0.8239045 C=C1CC(=C(O)C=CC=CN2CN(CC)CC(=C)C2=O)C(=O)NC1=O 1 C=C1CC(=CC=CC=CN2CNCC(=C)C2=O)C(=O)NC1=O 1.0000000 1.0000 0.6248326 0.6248 0.7794107 4.1777
 | 10.8870 59.4025 47.5514 0.8355778 CCN1CN(C=CC=CC(O)=C2C=C(C)C(=O)NC2=O)C=N1 1 O=C1C=CC(=CC=CC=CN2C=NNC2)C(=O)N1 1.0000000 1.0000 0.6696014 0.6696 0.7609660 4.2456
 | 17.2939 56.2452 48.5648 0.8188283 C=C1C(=C(O)C=CC=CN2CNCC2=O)C(=O)N1c1ccccc1 1 C=C1C(=CC=CC=CN2CNCC2=O)C(=O)N1c1ccccc1 1.0000000 1.0000 0.5358135 0.5358 0.9132581 3.4665
 | 15.1099 62.1372 52.8207 0.8981087 CC(=O)N=C1C(=O)NCN(C=CC=CC(O)=C2NNC(=O)NC2=O)C1=O 1 N=C1C(=O)NCN(C=CC=CC=C2NNC(=O)NC2=O)C1=O 1.0000000 1.0000 0.8402942 0.8403 0.7846279 4.1578
 | 10.7511 55.4738 55.8048 0.8693647 CCN1CN(C=CC=CC(O)=C2C(=O)CN(C)C2=O)C(=O)N1C 1 O=C1CNC(=O)C1=CC=CC=CN1CNNC1=O 1.0000000 1.0000 0.7086481 0.7086 0.8397146 3.9211
 | 11.7173 61.5780 47.6354 0.8532294 C=C1CN(CC)CN(C=CC=CC(O)=C2C(=O)NCN2C)C1=O 1 C=C1CNCN(C=CC=CC=C2NCNC2=O)C1=O 1.0000000 1.0000 0.7054148 0.7054 0.7804462 4.1738
 | 16.1998 74.9062 36.1279 0.8674538 CCCN1CN(C=CC=CC(O)=C2C=C(N)NN(C)C2=O)C(=O)CN1CCO 1 O=C1NNC=CC1=CC=CC=CN1CNNCC1=O 1.0000000 1.0000 0.7684356 0.7684 0.7549284 4.2671
 | 11.5808 54.9040 51.3210 0.8298829 CCN1CCC(=O)N(C=CC=CC(O)=C2OC(C)NC2=O)C1 1 O=C1NCOC1=CC=CC=CN1CNCCC1=O 1.0000000 1.0000 0.6842379 0.6842 0.7204804 4.3832
 | 15.6946 63.7532 50.9094 0.8958014 CCN1CN(C=CC=CC(O)=C2C(=O)N=C(OC)C(=O)NC2=O)CC1=O 1 O=C1C=NC(=O)C(=CC=CC=CN2CNC(=O)C2)C(=O)N1 1.0000000 1.0000 0.7775153 0.7775 0.8519980 3.8597
 | 18.1034 66.8057 48.4457 0.9004015 CCCCN1CC(=O)NN(C=CC=CC(O)=C2C(=O)N=C(N)NC2=O)C1 1 O=C1CNCN(C=CC=CC=C2C(=O)N=CNC2=O)N1 1.0000000 1.0000 0.7887409 0.7887 0.8556791 3.8405
02:47:28 <INFO> Score: 0.82 Agent NLL: 16.95 Valid: 100% Step: 363
 | Agent Prior Target Score SMILES SMILES_state Scaffold DASA DASA (raw) Solubility Solubility (raw) SA SA (raw)
 | 14.2786 69.4384 44.2924 0.8885212 CCN1C(=O)CC(=O)C(=C(O)C=CC=CN2CC(=O)N(CCCCN)C2)C1=O 1 O=C1CN(C=CC=CC=C2C(=O)CC(=O)NC2=O)CN1 1.0000000 1.0000 0.7247287 0.7247 0.8957651 3.5987
 | 20.6654 75.1643 36.5811 0.8730108 C=c1c(=O)c(=C(O)C=CC=CN2CN(c3ccccc3)NC=C2C(=O)O)c1=O 1 C=c1c(=O)c(=CC=CC=CN2C=CNN(c3ccccc3)C2)c1=O 1.0000000 1.0000 0.7135637 0.7136 0.8475455 3.8825
 | 19.0389 63.6277 36.8667 0.7851123 CCCN1CON(C=CC=CC(O)=C2CN(C(C)C)C(=O)N(C)C2=O)C1 1 O=C1NCC(=CC=CC=CN2CNCO2)C(=O)N1 1.0000000 1.0000 0.5111431 0.5111 0.8099580 4.0556
 | 19.6185 70.0048 39.7709 0.8576227 CCN1CC(=O)N(C=O)N(C=CC=CC(O)=C2C(=O)NC2C(N)=O)C1 1 O=C1CNCN(C=CC=CC=C2CNC2=O)N1 1.0000000 1.0000 0.8484248 0.8484 0.6390110 4.6280
 | 16.2820 61.7458 50.6967 0.8784569 C=c1c(=O)c(=C(O)C=CC=CN2CN(CCC)CC2C(=O)O)c1=O 1 C=c1c(=O)c(=CC=CC=CN2CCNC2)c1=O 1.0000000 1.0000 0.8183002 0.8183 0.7381265 4.3249
 | 11.8607 55.1979 58.1209 0.8853031 CCN1CC(=O)N(C=CC=CC(O)=C2C(=O)NN2C(C)=O)C1 1 O=C1NNC1=CC=CC=CN1CNCC1=O 1.0000000 1.0000 0.7689632 0.7690 0.8216742 4.0048
 | 13.4761 60.2023 44.2514 0.8160445 CCN1C=CN(C=CC=CC(O)=C2C(=O)C(=O)CC2O)C1 1 O=C1CCC(=CC=CC=CN2C=CNC2)C1=O 1.0000000 1.0000 0.6954648 0.6955 0.6583670 4.5726
 | 13.7344 54.9421 57.4366 0.8779587 CCN1CCON(C=CC=CC(O)=C2C(=O)NC(=O)OC2=O)C1 1 O=C1NC(=O)C(=CC=CC=CN2CNCCO2)C(=O)O1 1.0000000 1.0000 0.7308361 0.7308 0.8433485 3.9034
 | 15.2207 60.9333 43.0849 0.8126421 CC1=CC(=C(O)C=CC=CN2CN=CN(C)C2=O)C(=O)NN1C 1 O=C1NNC=CC1=CC=CC=CN1CN=CNC1=O 1.0000000 1.0000 0.6412429 0.6412 0.7130995 4.4069
 | 12.9741 62.3445 45.9564 0.8461012 C=C1CN(CC)CN1C=CC=CC(O)=C1NCN(CCO)N(C)C1=O 1 C=C1CNCN1C=CC=CC=C1NCNNC1=O 1.0000000 1.0000 0.7295952 0.7296 0.7235613 4.3732
02:47:28 <INFO> Score: 0.85 Agent NLL: 17.22 Valid: 100% Step: 364
 | Agent Prior Target Score SMILES SMILES_state Scaffold DASA DASA (raw) Solubility Solubility (raw) SA SA (raw)
 | 21.7066 68.1085 42.4142 0.8634587 O=C1NC=CC(CO)C1=C(O)C=CC=CN1CCN(CCO)C1 1 O=C1NC=CCC1=CC=CC=CN1CCNC1 1.0000000 1.0000 0.7837535 0.7838 0.7231014 4.3747
 | 12.1332 57.0238 47.2410 0.8145691 CCN1CN(C=CC=CC(O)=C2C=CN(C)N(C)C2=O)C(=O)N1C 1 O=C1NNC=CC1=CC=CC=CN1CNNC1=O 1.0000000 1.0000 0.6194271 0.6194 0.7507737 4.2816
 | 16.9998 68.4369 46.5816 0.8985826 O=C(O)C=CN1CCN(C=CC=CC(O)=C2NCN(CCO)C2=O)CC1 1 O=C1NCNC1=CC=CC=CN1CCNCC1 1.0000000 1.0000 0.7821059 0.7821 0.8570873 3.8331
 | 23.9236 83.7983 13.5185 0.7602876 CC(O)NN=C1C(=O)CCC(=C(O)C=CC=CN2CNC(C)CC2=O)C(=O)N1C 1 N=C1NC(=O)C(=CC=CC=CN2CNCCC2=O)CCC1=O 1.0000000 1.0000 0.6877850 0.6878 0.4956374 5.0114
 | 13.6419 52.9808 54.4304 0.8391497 C=C1CN(CC)CN1C=CC=CC(O)=C1CN(C)C(=O)NC1=O 1 C=C1CNCN1C=CC=CC=C1CNC(=O)NC1=O 1.0000000 1.0000 0.6420438 0.6420 0.8147945 4.0349
 | 11.4444 61.3395 55.8271 0.9153640 CCCN1CN(C=CC=CC(O)=C2C(=O)NC(O)NC2=O)C(=O)C1=O 1 O=C1NCN(C=CC=CC=C2C(=O)NCNC2=O)C1=O 1.0000000 1.0000 0.8383517 0.8384 0.8522806 3.8583
 | 21.5841 78.1552 31.1503 0.8539491 CCCN1CN(C=CC=CC(O)=C2NC(=O)CN(C)NC2=O)CCN1CC 1 O=C1CNNC(=O)C(=CC=CC=CN2CCNNC2)N1 1.0000000 1.0000 0.7112920 0.7113 0.7754555 4.1926
 | 18.7479 66.7754 40.9180 0.8413544 C[N+](C)(C)CCCCN1CN(C=CC=CC(O)=C2CC(N)NC2=O)C(=O)C1=O 1 O=C1NCN(C=CC=CC=C2CCNC2=O)C1=O 1.0000000 1.0000 0.7445532 0.7446 0.6896627 4.4798
 | 27.9463 70.9607 23.1112 0.7349365 CCC=C(CO)N1C=CN(C=CC=CC(O)=C2C(=O)N(C(C)C)C(=O)N2C)C1 1 O=C1NC(=O)C(=CC=CC=CN2C=CNC2)N1 1.0000000 1.0000 0.4389375 0.4389 0.7368280 4.3293
 | 17.7044 76.4902 35.8862 0.8779407 CCN1CC(=O)N(C)N(C=CC=CC(O)=C2C(=O)CN(OC)C(=O)NC2=O)C1 1 O=C1CNCN(C=CC=CC=C2C(=O)CNC(=O)NC2=O)N1 1.0000000 1.0000 0.7426963 0.7427 0.8271426 3.9802
02:47:29 <INFO> Score: 0.83 Agent NLL: 16.99 Valid: 100% Step: 365
 | Agent Prior Target Score SMILES SMILES_state Scaffold DASA DASA (raw) Solubility Solubility (raw) SA SA (raw)
 | 24.4891 57.9411 50.4057 0.8464599 O=C1CC(CO)(CO)CC1=C(O)C=CC=CN1C(=O)CCNC1C(=O)O 1 O=C1CCCC1=CC=CC=CN1CNCCC1=O 1.0000000 1.0000 0.7734456 0.7734 0.6758201 4.5214
 | 27.6345 76.8101 26.2102 0.8048455 CC(=O)OCOC1C(N=C(N)N)=CC(=C(O)C=CC=CN2CCN(C(C)C)C2)C(=O)N1C 1 O=C1NCC=CC1=CC=CC=CN1CCNC1 1.0000000 1.0000 0.6579332 0.6579 0.6640097 4.5562
 | 34.8430 80.6805 12.7694 0.7300771 CC(O)=C1C(=O)N(C=CC=CC(O)=C2C(=O)NNC(C)=C(C)C2=O)CN1Cc1ccccc1 1 C=C1C(=O)N(C=CC=CC=C2C(=O)C=CNNC2=O)CN1Cc1ccccc1 1.0000000 1.0000 0.3734198 0.3734 0.8699854 3.7617
 | 17.7528 67.4768 43.9653 0.8706410 CCCCCCCN1CN(C=CC=CC(O)=C2C(=O)NN2CCO)C(=O)C1=O 1 O=C1NCN(C=CC=CC=C2NNC2=O)C1=O 1.0000000 1.0000 0.6831973 0.6832 0.8828136 3.6845
 | 21.5006 70.6999 37.6046 0.8461285 CCN1CC(COC)N(C)N(C=CC=CC(O)=C2C(=O)NNNC2=O)C1 1 O=C1NNNC(=O)C1=CC=CC=CN1CNCCN1 1.0000000 1.0000 0.8027486 0.8027 0.6452633 4.6103
 | 10.0486 56.3837 59.3627 0.9042685 CN1CN(C=CC=CC(O)=C2NNC(=O)NC2=O)CC1=O 1 O=C1CN(C=CC=CC=C2NNC(=O)NC2=O)CN1 1.0000000 1.0000 0.8308872 0.8309 0.8184622 4.0190
 | 12.2411 50.1194 68.1658 0.9241039 C=c1c(=O)c1=C(O)C=CC=CN1CCNCC1 1 C=c1c(=O)c1=CC=CC=CN1CCNCC1 1.0000000 1.0000 0.8471076 0.8471 0.8759938 3.7264
 | 16.6546 73.2355 38.4020 0.8721681 O=C1CN(C=CC=CC(O)=c2c(=O)[nH]c(=CN3CCNCC3)oc2=O)CN=CN1 1 O=C1CN(C=CC=CC=c2c(=O)[nH]c(=CN3CCNCC3)oc2=O)CN=CN1 1.0000000 1.0000 0.8613093 0.8613 0.6734880 4.5284
 | 12.8189 57.9119 57.3740 0.9006711 C=C1CN(S(N)(=O)=O)CN1C=CC=CC(O)=C1C(=O)NC(=O)N(C)C1=O 1 C=C1CNCN1C=CC=CC=C1C(=O)NC(=O)NC1=O 1.0000000 1.0000 0.7876634 0.7877 0.8581621 3.8273
 | 12.2932 58.2680 50.9163 0.8530030 CCCN1CCC(=O)N(C=CC=CC(O)=C2C(=O)NC(OC)C2=O)C1 1 O=C1CNC(=O)C1=CC=CC=CN1CNCCC1=O 1.0000000 1.0000 0.7058613 0.7059 0.7789851 4.1793
02:47:30 <INFO> Score: 0.81 Agent NLL: 16.15 Valid: 100% Step: 366
 | Agent Prior Target Score SMILES SMILES_state Scaffold DASA DASA (raw) Solubility Solubility (raw) SA SA (raw)
 | 16.0495 55.0215 42.2487 0.7599237 C=C1CC(=C(O)C=CC=CN2CN3CCC2CC3)C(=O)C1=O 1 C=C1CC(=CC=CC=CN2CN3CCC2CC3)C(=O)C1=O 1.0000000 1.0000 0.5813728 0.5814 0.6051852 4.7218
 | 19.8581 69.3105 39.1411 0.8472779 CN1C=CC(=C(O)C=CC=CN2CN(CC(=N)N)C2=O)C(=O)NN1C 1 O=C1NNNC=CC1=CC=CC=CN1CNC1=O 1.0000000 1.0000 0.7496067 0.7496 0.7045447 4.4339
 | 11.7274 55.6589 48.5456 0.8140973 C=CN1CCN(C=CC=CC(O)=C2OC(C)(C)OC2=O)CC1 1 O=C1OCOC1=CC=CC=CN1CCNCC1 1.0000000 1.0000 0.5582649 0.5583 0.8484616 3.8778
 | 11.4099 55.8561 60.7425 0.9109267 CCN1CC(=O)N(C=CC=CC(O)=C2C(=O)NC(CO)NC2=O)C1 1 O=C1NCNC(=O)C1=CC=CC=CN1CNCC1=O 1.0000000 1.0000 0.8387292 0.8387 0.8346114 3.9455
 | 12.5352 57.8977 59.4606 0.9168619 O=C1CCNC(=O)C1=C(O)C=CC=CN1CN(CCO)CC1=O 1 O=C1CCNC(=O)C1=CC=CC=CN1CNCC1=O 1.0000000 1.0000 0.8185613 0.8186 0.8831105 3.6826
 | 21.1809 61.4263 48.0936 0.8556244 CCCC=C1CN(S(N)(=O)=O)CCN1C=CC=CC(O)=C1C(=O)CN(C)C1=O 1 C=C1CNCCN1C=CC=CC=C1C(=O)CNC1=O 1.0000000 1.0000 0.6640565 0.6641 0.8490695 3.8748
 | 16.2778 63.6634 50.4775 0.8917263 C=C1CN(CCCN)CN1C=CC=CC(O)=C1C(=O)NC(O)(CO)NC1=O 1 C=C1CNCN1C=CC=CC=C1C(=O)NCNC1=O 1.0000000 1.0000 0.8469341 0.8469 0.7543156 4.2692
 | 18.7457 63.3595 48.2871 0.8722393 CC1(C)C(=O)OC(=C(O)C=CC=CN2CN(CCCCN)C(=O)C2=O)C1=O 1 O=C1CC(=O)C(=CC=CC=CN2CNC(=O)C2=O)O1 1.0000000 1.0000 0.7020883 0.7021 0.8609931 3.8121
 | 18.0424 59.1769 30.7035 0.7021912 CCCN1C=NN(C=CC=CC(O)=C2CC(=C(C)C)C2=O)C1 1 C=C1CC(=CC=CC=CN2CNC=N2)C1=O 1.0000000 1.0000 0.3686467 0.3686 0.7502052 4.2836
 | 10.9076 59.9204 51.9237 0.8737824 CCN1CC(=O)C(=O)N(C=CC=CC(O)=C2C(=O)N(C)N=C2C)C1 1 O=C1CNCN(C=CC=CC=C2C=NNC2=O)C1=O 1.0000000 1.0000 0.7059226 0.7059 0.8617580 3.8079
02:47:30 <INFO> Score: 0.79 Agent NLL: 16.75 Valid: 100% Step: 367
 | Agent Prior Target Score SMILES SMILES_state Scaffold DASA DASA (raw) Solubility Solubility (raw) SA SA (raw)
 | 14.9632 55.8501 49.8287 0.8256156 CCCN1CCC(=O)N(C=CC=CC(O)=C2C(=O)CC(C)(C)NC2=O)C1 1 O=C1CCNC(=O)C1=CC=CC=CN1CNCCC1=O 1.0000000 1.0000 0.5612755 0.5613 0.8942436 3.6093
 | 17.4432 75.7582 30.4586 0.8298189 C=C1CN(CC)CN1C=CC=CC(O)=C1C(=O)NC(CN)CC(=O)C1=O 1 C=C1CNCN1C=CC=CC=C1C(=O)NCCC(=O)C1=O 1.0000000 1.0000 0.7310157 0.7310 0.6653006 4.5525
 | 9.1331 50.4930 -50.4930 0.0000000 CN1C=CC(=C(O)C=CC=CN2CC(=O)N(C)C2)C1=O 1 O=C1CN(C=CC=CC=C2C=CNC2=O)CN1 1.0000000 1.0000 0.7220757 0.7221 0.8186604 4.0181
 | 16.8150 61.9737 52.1351 0.8914744 CCOC(=O)C=c1oc(=C(O)C=CC=CN2CN(CCCN)CCC2=O)c(=O)n1C 1 C=c1[nH]c(=O)c(=CC=CC=CN2CNCCC2=O)o1 1.0000000 1.0000 0.7767573 0.7768 0.8358241 3.9398
 | 19.9787 69.2984 32.0352 0.7916685 C=C1C(=C(O)C=CC=CN2CN(CC)CC(C)N2)C(=O)NC1CO 1 C=C1CNC(=O)C1=CC=CC=CN1CNCCN1 1.0000000 1.0000 0.7122468 0.7122 0.5632815 4.8342
 | 22.8232 67.1332 35.2381 0.7997760 CN1CN(C=CC=CC(O)=C2CC(=O)C(COC(=O)c3ccccc3)N(C)C2=O)CC1=O 1 O=C1CN(C=CC=CC=C2CC(=O)C(COC(=O)c3ccccc3)NC2=O)CN1 1.0000000 1.0000 0.5399940 0.5400 0.8195972 4.0140
 | 14.7033 66.7200 46.2090 0.8822578 CCOC(=O)N1CN(C=CC=CC(O)=C2C=C(N)C(=O)NC2=O)CC1=O 1 O=C1C=CC(=CC=CC=CN2CNC(=O)C2)C(=O)N1 1.0000000 1.0000 0.7484708 0.7485 0.8365490 3.9363
 | 14.9986 62.8831 44.8094 0.8413479 C=C1CN(C(=O)OCC)CN1C=CC=CC(O)=C1C=CC(=O)C(=O)NC1=O 1 C=C1CNCN1C=CC=CC=C1C=CC(=O)C(=O)NC1=O 1.0000000 1.0000 0.6294534 0.6295 0.8436090 3.9021
 | 11.8718 57.8747 62.0120 0.9366144 O=C1NCN(C=CC=CC(O)=C2C(=O)NC(=O)N(CCO)C2=O)C1=O 1 O=C1NC(=O)C(=CC=CC=CN2CNC(=O)C2=O)C(=O)N1 1.0000000 1.0000 0.8668832 0.8669 0.9015770 3.5571
 | 10.3239 63.4344 49.7463 0.8842237 CCN1CC(=O)NN(C=CC=CC(O)=C2C(=O)NC(=O)C(O)C2=O)C1 1 O=C1CC(=O)C(=CC=CC=CN2CNCC(=O)N2)C(=O)N1 1.0000000 1.0000 0.8510921 0.8511 0.7237509 4.3726
02:47:31 <INFO> Score: 0.77 Agent NLL: 15.78 Valid: 100% Step: 368
 | Agent Prior Target Score SMILES SMILES_state Scaffold DASA DASA (raw) Solubility Solubility (raw) SA SA (raw)
 | 14.6035 60.2585 50.8642 0.8681456 O=C1CCC(O)=CC1=C(O)C=CC=CN1CCN(CCO)CC1=O 1 O=C1CCC=CC1=CC=CC=CN1CCNCC1=O 1.0000000 1.0000 0.6745555 0.6746 0.8856611 3.6664
 | 34.2181 89.2841 16.6037 0.8272486 CCN1CC(=NC(C)=O)ON(C=CC=CC(O)=C2C(=O)CONC(=O)N2CCO)C1 1 N=C1CNCN(C=CC=CC=C2NC(=O)NOCC2=O)O1 1.0000000 1.0000 0.7060449 0.7060 0.6846564 4.4950
 | 15.1112 57.6153 51.9823 0.8562315 C=C1C(=O)OC(=C(O)C=CC=CN2CN(CCCN)CC2C(=O)O)C1=O 1 C=C1C(=O)OC(=CC=CC=CN2CCNC2)C1=O 1.0000000 1.0000 0.7494095 0.7494 0.7365801 4.3301
 | 25.8898 79.6798 32.9436 0.8798700 C=c1[nH]c(=O)c(=C(O)C=CC=CN2CN(C(C)=O)CC2=COC(C)=O)c(=O)[nH]c(=O)c1=O 1 C=C1CNCN1C=CC=CC=c1c(=O)[nH]c(=C)c(=O)c(=O)[nH]c1=O 1.0000000 1.0000 0.8202953 0.8203 0.7409579 4.3154
 | 16.3728 65.2337 37.4268 0.8020347 CC(=O)NC1C(=O)C(=C(O)C=CC=CN2CNC(=O)C(C)C2=O)OC1CO 1 O=C1CC(=O)N(C=CC=CC=C2OCCC2=O)CN1 1.0000000 1.0000 0.7981681 0.7982 0.5189172 4.9507
 | 10.0833 57.9021 50.7831 0.8491032 C=C1CN(CC)CN(C=CC=CC(O)=C2CCC(=O)NC2=O)C1=O 1 C=C1CNCN(C=CC=CC=C2CCC(=O)NC2=O)C1=O 1.0000000 1.0000 0.6514515 0.6515 0.8413479 3.9132
 | 17.1656 57.7374 53.8562 0.8718251 CCN1C(=O)N(C=CC=CC(O)=C2C(=O)NC(=O)N2C)CN1CC(=O)O 1 O=C1NC(=O)C(=CC=CC=CN2CNNC2=O)N1 1.0000000 1.0000 0.7300003 0.7300 0.8200036 4.0122
 | 16.6486 63.5024 50.0321 0.8869885 CS(=O)(=O)N1CC(=N)N(C=CC=CC(O)=C2CC(=O)C(=O)NC2=O)C1 1 N=C1CNCN1C=CC=CC=C1CC(=O)C(=O)NC1=O 1.0000000 1.0000 0.7885624 0.7886 0.8036227 4.0821
 | 19.9664 65.9219 46.1740 0.8757490 NC(=O)C1CN(CCO)CN(C=CC=CC(O)=C2C(=O)C=CNC2=O)N1 1 O=C1C=CNC(=O)C1=CC=CC=CN1CNCCN1 1.0000000 1.0000 0.8586336 0.8586 0.6877413 4.4856
 | 12.7420 55.9872 61.7875 0.9201152 CN1NC(=O)C(=C(O)C=CC=CN2CN(CCO)CC2=O)C1=O 1 O=C1NNC(=O)C1=CC=CC=CN1CNCC1=O 1.0000000 1.0000 0.8503278 0.8503 0.8563151 3.8372
02:47:32 <INFO> Score: 0.84 Agent NLL: 17.02 Valid: 100% Step: 369
 | Agent Prior Target Score SMILES SMILES_state Scaffold DASA DASA (raw) Solubility Solubility (raw) SA SA (raw)
 | 22.4939 68.7475 37.6394 0.8311472 CN1CCCN(C=CC=CC(O)=C2C(=O)CC3C(=O)NC(CO)C3C2=O)CC1 1 O=C1CC2C(=O)NCC2C(=O)C1=CC=CC=CN1CCCNCC1 1.0000000 1.0000 0.7186638 0.7187 0.6836226 4.4981
 | 26.3634 81.0930 24.2017 0.8226146 C=CCON1CC(=O)N(C)N(C=CC=CC(O)=C2C(=O)OC(=O)C2O)C1 1 O=C1CNCN(C=CC=CC=C2CC(=O)OC2=O)N1 1.0000000 1.0000 0.7779703 0.7780 0.5952088 4.7488
 | 8.1857 48.2179 64.4956 0.8805746 C=C1CN(CC)CN1C=CC=CC(O)=C1C(=O)NC(=O)NC1=O 1 C=C1CNCN1C=CC=CC=C1C(=O)NC(=O)NC1=O 1.0000000 1.0000 0.7212260 0.7212 0.8676255 3.7752
 | 18.3134 56.4329 54.1982 0.8643054 NC(=O)C1=NN(c2ccccc2)CN1C=CC=CC(O)=C1CC(=O)NC1=O 1 O=C1CC(=CC=CC=CN2C=NN(c3ccccc3)C2)C(=O)N1 1.0000000 1.0000 0.6612368 0.6612 0.8903772 3.6355
 | 19.4214 50.6581 54.9028 0.8246948 CC1(C)C(=O)CC(=O)C1=C(O)C=CC=CN1CCCC1C(N)=O 1 O=C1CC(=O)C(=CC=CC=CN2CCCC2)C1 1.0000000 1.0000 0.6159973 0.6160 0.7960442 4.1129
 | 19.4814 65.6360 39.6467 0.8225213 CCN(CC)S(=O)(=O)N1CCC(=N)N(C=CC=CC(O)=C2CCCNC2=O)C1 1 N=C1CCNCN1C=CC=CC=C1CCCNC1=O 1.0000000 1.0000 0.5800681 0.5801 0.8461419 3.8895
 | 10.2342 55.2700 43.0778 0.7683425 C=C1CC(=C(O)C=CC=CN2CN(CCCC)CCC2=O)C(=O)N1C 1 C=C1CC(=CC=CC=CN2CNCCC2=O)C(=O)N1 1.0000000 1.0000 0.4474939 0.4475 0.8677324 3.7746
 | 21.0419 69.8346 44.0882 0.8900220 CON1CNC(=O)C(=C(O)C=CC=CN2CCC(=O)N(CCO)C2)N1 1 O=C1CCN(C=CC=CC=C2NNCNC2=O)CN1 1.0000000 1.0000 0.8236300 0.8236 0.7737570 4.1990
 | 19.3322 69.2352 48.2510 0.9178609 NCCCCN1CCN(C=CC=CC(O)=C2C(=O)NN=C(N)NC2=O)C1 1 O=C1NC=NNC(=O)C1=CC=CC=CN1CCNC1 1.0000000 1.0000 0.8300394 0.8300 0.8724577 3.7474
 | 18.4544 64.8515 41.7058 0.8324791 CN1CN(C=CC=CC(O)=C2OC(C)(O)C(=O)C(O)C2=O)C(=O)C1=O 1 O=C1COC(=CC=CC=CN2CNC(=O)C2=O)C(=O)C1 1.0000000 1.0000 0.8320944 0.8321 0.5772459 4.7971
02:47:32 <INFO> Score: 0.78 Agent NLL: 16.95 Valid: 100% Step: 370
 | Agent Prior Target Score SMILES SMILES_state Scaffold DASA DASA (raw) Solubility Solubility (raw) SA SA (raw)
 | 12.5584 55.4693 50.4630 0.8275962 CCCN1C=CN(C=CC=CC(O)=C2CN(C)C(=O)NC2=O)C1 1 O=C1NCC(=CC=CC=CN2C=CNC2)C(=O)N1 1.0000000 1.0000 0.6090985 0.6091 0.8188655 4.0172
 | 12.7635 59.2144 51.3989 0.8641664 C=C1CN(CCCO)CN1C=CC=CC(O)=C1C=CC(=O)NC1=O 1 C=C1CNCN1C=CC=CC=C1C=CC(=O)NC1=O 1.0000000 1.0000 0.7085435 0.7085 0.8189722 4.0167
 | 17.0885 63.8233 35.1235 0.7730216 C=C1CN(CC(C)C)CN1C=CC=CC(O)=C1C(=O)NC(=NC(C)C)C1=O 1 C=C1CNCN1C=CC=CC=C1C(=O)NC(=N)C1=O 1.0000000 1.0000 0.4947680 0.4948 0.7890834 4.1405
 | 27.2388 74.3617 32.8222 0.8373745 CC(=O)NC(CCCN=C(N)N)C(=O)N=C1C(=O)NCN(C=CC=CC(O)=C2CC(O)C(=O)NC2=O)C1=O 1 N=C1C(=O)NCN(C=CC=CC=C2CCC(=O)NC2=O)C1=O 1.0000000 1.0000 0.8564049 0.8564 0.5715418 4.8123
 | 18.8892 64.0187 -64.0187 0.0000000 C=CCN1CCC(=O)N(C=CC=CC(O)=C2C(=O)NN2CCOC(C)=O)C1 1 O=C1NNC1=CC=CC=CN1CNCCC1=O 1.0000000 1.0000 0.7043035 0.7043 0.8473630 3.8834
 | 11.3074 54.5536 51.2063 0.8262499 CCN1CCC(=O)N(C=CC=CC(O)=C2CC(=O)C(OC)C2=O)C1 1 O=C1CC(=O)C(=CC=CC=CN2CNCCC2=O)C1 1.0000000 1.0000 0.6617447 0.6617 0.7362740 4.3312
 | 22.6401 76.1583 32.7966 0.8512098 CNCCN1CC(=O)N(C=CC=CC(O)=C2CC(=COC)N(C)C2=O)C1 1 C=C1CC(=CC=CC=CN2CNCC2=O)C(=O)N1 1.0000000 1.0000 0.6953662 0.6954 0.7861354 4.1520
 | 17.3792 75.6402 35.4896 0.8682017 COC=C1CN(CCCO)CN(C=CC=CC(O)=C2C(=O)NC(=O)C2N)C1=O 1 C=C1CNCN(C=CC=CC=C2CC(=O)NC2=O)C1=O 1.0000000 1.0000 0.8015442 0.8015 0.7202674 4.3839
 | 11.9004 60.9284 49.7183 0.8644271 CCN1CC(=O)N(C=CC=CC(O)=C2C(=O)NC(=O)C(N)C2O)C1 1 O=C1CCC(=CC=CC=CN2CNCC2=O)C(=O)N1 1.0000000 1.0000 0.8449925 0.8450 0.6637976 4.5568
 | 12.0934 66.8758 -66.8758 0.0000000 CCN1CN(C=CC=CC(O)=C2C=C(N)CNC2=O)C(=N)NC1=O 1 N=C1NC(=O)NCN1C=CC=CC=C1C=CCNC1=O 1.0000000 1.0000 0.7334616 0.7335 0.7244596 4.3703
02:47:33 <INFO> Score: 0.78 Agent NLL: 17.73 Valid: 100% Step: 371
 | Agent Prior Target Score SMILES SMILES_state Scaffold DASA DASA (raw) Solubility Solubility (raw) SA SA (raw)
 | 13.7784 77.3226 23.5633 0.7881712 CC=C1CN(CC)CN(C=CC=CC(O)=C2C=NC(=O)NC2=O)O1 1 C=C1CNCN(C=CC=CC=C2C=NC(=O)NC2=O)O1 1.0000000 1.0000 0.5770275 0.5770 0.7118206 4.4109
 | 25.1896 78.0864 28.3717 0.8317040 CN1C(=O)C(=C(O)C=CC=CN2CCN(CCO)N2C)C(=O)C1C=NCCO 1 O=C1CNC(=O)C1=CC=CC=CN1CCNN1 1.0000000 1.0000 0.8163681 0.8164 0.5883092 4.7674
 | 15.1456 60.4378 55.4250 0.9051783 O=C1CCN(C=CC=CC(O)=C2C(=O)CCC(=O)NC2=O)CN1 1 O=C1CCN(C=CC=CC=C2C(=O)CCC(=O)NC2=O)CN1 1.0000000 1.0000 0.7675589 0.7676 0.9039600 3.5395
 | 15.4573 61.3157 52.0746 0.8858618 O=C1CCC(=C(O)C=CC=CN2CN(CC(O)CN(CCO)CCO)C2=O)C(=O)N1 1 O=C1CCC(=CC=CC=CN2CNC2=O)C(=O)N1 1.0000000 1.0000 0.8207003 0.8207 0.7619309 4.2422
 | 20.6450 70.8953 37.8341 0.8494480 CCN1CC(=O)N(C)C=CN(C=CC=CC(O)=C2C(=O)NC(=O)N2C)C1 1 O=C1CNCN(C=CC=CC=C2NC(=O)NC2=O)C=CN1 1.0000000 1.0000 0.6737515 0.6738 0.8094219 4.0578
 | 14.9103 65.8519 43.0697 0.8509498 O=C1CC(=C(O)C=CC=CN2CNC(=O)C(=O)C2)C(=O)C(CO)C1 1 O=C1CCC(=O)C(=CC=CC=CN2CNC(=O)C(=O)C2)C1 1.0000000 1.0000 0.7847645 0.7848 0.6790619 4.5118
 | 12.9389 63.3470 49.9617 0.8852244 CCCN1CN(C=CC=CC(O)=C2NC(=O)CNC2=O)CCS1(=O)=O 1 O=C1CNC(=O)C(=CC=CC=CN2CCS(=O)(=O)NC2)N1 1.0000000 1.0000 0.7674548 0.7675 0.8233051 3.9975
 | 29.9051 71.5489 27.9933 0.7776739 CC1=C=CC(=C(O)C=CC=CN2NCCCC2CC(N)=O)C(=O)N1 1 O=C1NC=C=CC1=CC=CC=CN1CCCCN1 1.0000000 1.0000 0.6682407 0.6682 0.5641960 4.8318
 | 16.6826 68.5735 48.7473 0.9165691 CC(=O)N1CC(=O)NCN1C=CC=CC(O)=C1C(=O)NC1=O 1 O=C1CNN(C=CC=CC=C2C(=O)NC2=O)CN1 1.0000000 1.0000 0.8365489 0.8365 0.8592197 3.8217
 | 13.5159 53.5626 53.6462 0.8375689 CCN1C(=O)NCN(C=CC=CC(O)=C2CC(=O)CC2=O)C1=O 1 O=C1CC(=O)C(=CC=CC=CN2CNC(=O)NC2=O)C1 1.0000000 1.0000 0.6339739 0.6340 0.8207308 4.0090
02:47:34 <INFO> Score: 0.75 Agent NLL: 16.75 Valid:  99% Step: 372
 | Agent Prior Target Score SMILES SMILES_state Scaffold DASA DASA (raw) Solubility Solubility (raw) SA SA (raw)
 | 22.0964 66.7139 32.9703 0.7787829 CC(O)C1CC(=O)C(=C(O)C=CC=CN2CCN(CCCN)C2)CS1 1 O=C1CCSCC1=CC=CC=CN1CCNC1 1.0000000 1.0000 0.6195299 0.6195 0.6215473 4.6768
 | 22.7569 75.3769 31.6853 0.8364233 CCCCN1C(=N)N(C=CC=CC(O)=C2C(=O)NC(=O)N(C)C2=O)CN(CCCCO)C1=O 1 N=C1NC(=O)NCN1C=CC=CC=C1C(=O)NC(=O)NC1=O 1.0000000 1.0000 0.5909123 0.5909 0.8878957 3.6519
 | 41.9964 87.2496 11.0682 0.7681081 C[N+](C)(C)CCCCN1CN(C=CC=CC(O)=C2C(=O)CCNC3CCNC(=O)N23)NC1=O 1 O=C1NCN(C=CC=CC=C2C(=O)CCNC3CCNC(=O)N23)N1 1.0000000 1.0000 0.6022591 0.6023 0.6067836 4.7174
 | 10.8749 57.4025 56.1407 0.8870556 CC1=NNC(=O)C1=C(O)C=CC=CN1CN(CCCN)CCC1=O 1 O=C1NN=CC1=CC=CC=CN1CNCCC1=O 1.0000000 1.0000 0.7362126 0.7362 0.8729504 3.7445
 | 9.1832 57.6717 50.8234 0.8476183 C=C1C(=O)NC(=O)C1=C(O)C=CC=CN1CN(CCC)C=N1 1 C=C1C(=O)NC(=O)C1=CC=CC=CN1CNC=N1 1.0000000 1.0000 0.6771402 0.6771 0.7973097 4.1078
 | 15.1674 54.1157 -54.1157 0.0000000 NCCN1CCN(C=CC=CC(O)=C2C(=O)NC(=O)NC2=O)C1 1 O=C1NC(=O)C(=CC=CC=CN2CCNC2)C(=O)N1 1.0000000 1.0000 0.8347917 0.8348 0.9103119 3.4903
 | 14.1609 59.9295 50.5166 0.8628605 N=C1CC(=C(O)C=CC=CN2C(=O)CCC2C(N)=O)C(=O)NC1=O 1 N=C1CC(=CC=CC=CN2CCCC2=O)C(=O)NC1=O 1.0000000 1.0000 0.7830443 0.7830 0.7217833 4.3790
 | 34.2744 92.0364 -92.0364 0.0000000 O=C1NC(=O)C(=C(O)C=CC=CN2CN(CCOC)CC(=C(N)C)C2=O)CC 0 -- 0.0000000 0.0000 0.0000000 0.0000 0.0000000 0.0000
 | 24.7552 69.2488 39.6621 0.8508669 CCCCN1CCC(NC(CCCN)C(=O)OC)C(=O)N(C=CC=CC(O)=C2C(=O)NC(=O)C2=O)C1 1 O=C1NC(=O)C(=CC=CC=CN2CNCCCC2=O)C1=O 1.0000000 1.0000 0.7082544 0.7083 0.7677002 4.2213
 | 19.9989 65.6551 45.1792 0.8658934 CN1CN(C=CC=CC(O)=C2C(=O)CONC2=O)C(CC(=O)O)C1=O 1 O=C1CN(C=CC=CC=C2C(=O)CONC2=O)CN1 1.0000000 1.0000 0.8001417 0.8001 0.7137570 4.4048
02:47:34 <INFO> Score: 0.76 Agent NLL: 15.56 Valid: 100% Step: 373
 | Agent Prior Target Score SMILES SMILES_state Scaffold DASA DASA (raw) Solubility Solubility (raw) SA SA (raw)
 | 18.6614 74.2914 27.9576 0.7988209 CCCN1C=NN(C=CC=CC(O)=C2CC(=CN3CCCN(C)CC3)C(=O)NC2=O)C1 1 O=C1NC(=O)C(=CN2CCCNCC2)CC1=CC=CC=CN1CNC=N1 1.0000000 1.0000 0.5527864 0.5528 0.7929006 4.1254
 | 19.7759 65.8776 40.9048 0.8342378 CC1C(=O)N(CCN)CN1C=CC=CC(O)=C1CC(CO)NC1=O 1 O=C1CN(C=CC=CC=C2CCNC2=O)CN1 1.0000000 1.0000 0.8071385 0.8071 0.6040595 4.7248
 | 14.7314 63.1752 43.4980 0.8333838 CNCCCCN1CN(C=CC=CC(O)=C2CC(O)C(O)C2=O)C1=O 1 O=C1CCCC1=CC=CC=CN1CNC1=O 1.0000000 1.0000 0.7348749 0.7349 0.6731209 4.5294
 | 10.5670 52.9749 57.6276 0.8640823 C=C1CN(CC)CN1C=CC=CC(O)=C1C(=O)NC(=N)NC1=O 1 C=C1CNCN1C=CC=CC=C1C(=O)NC(=N)NC1=O 1.0000000 1.0000 0.7373213 0.7373 0.7804468 4.1738
 | 13.9145 60.8815 52.6223 0.8867482 NCCCN1CCCN(C=CC=CC(O)=C2CCNC2=O)CC1 1 O=C1NCCC1=CC=CC=CN1CCCNCC1 1.0000000 1.0000 0.6982692 0.6983 0.9288248 3.3266
 | 10.9907 51.0882 66.1148 0.9156488 CCN1CC(=O)N(C=CC=CC(O)=C2C(=O)NC2=O)C1 1 O=C1NC(=O)C1=CC=CC=CN1CNCC1=O 1.0000000 1.0000 0.8001140 0.8001 0.9025668 3.5498
 | 18.3685 61.6703 32.2915 0.7340767 CCCN1CON(C=CC=CC(O)=C2C(=O)CC(c3ccccc3)NC2=O)C1 1 O=C1CC(c2ccccc2)NC(=O)C1=CC=CC=CN1CNCO1 1.0000000 1.0000 0.4016621 0.4017 0.8156070 4.0314
 | 12.1305 62.2897 52.9163 0.9000469 NCCCN1CN(C=CC=CC(O)=C2C(=O)NC(=O)NC2O)C(=O)C1=O 1 O=C1NCC(=CC=CC=CN2CNC(=O)C2=O)C(=O)N1 1.0000000 1.0000 0.8578910 0.8579 0.7723159 4.2043
 | 10.7731 59.2780 55.7314 0.8985112 COC1=CC(=C(O)C=CC=CN2CNC(=O)C(=O)C2)C(=O)NC1=O 1 O=C1C=CC(=CC=CC=CN2CNC(=O)C(=O)C2)C(=O)N1 1.0000000 1.0000 0.8081712 0.8082 0.8237487 3.9955
 | 22.8287 61.3539 49.6294 0.8670576 CCN1C(=O)C1=C(O)C=CC=CN1CN(CC(C)C)C(=O)C1=O 1 O=C1NCN(C=CC=CC=C2NC2=O)C1=O 1.0000000 1.0000 0.6764742 0.6765 0.8780111 3.7142
02:47:35 <INFO> Score: 0.83 Agent NLL: 16.79 Valid: 100% Step: 374
 | Agent Prior Target Score SMILES SMILES_state Scaffold DASA DASA (raw) Solubility Solubility (raw) SA SA (raw)
 | 15.5076 60.3350 52.3029 0.8799836 O=C1NC(O)C1=C(O)C=CC=CN1CN(CCCO)C1=O 1 O=C1NCC1=CC=CC=CN1CNC1=O 1.0000000 1.0000 0.8180238 0.8180 0.7438309 4.3056
 | 20.4314 73.0426 39.4934 0.8791878 C=C1C(=C(O)C=CC=CN2CN(CCO)C(=O)C2=O)C(=O)N(CC)C(=O)C1O 1 C=C1CC(=O)NC(=O)C1=CC=CC=CN1CNC(=O)C1=O 1.0000000 1.0000 0.8003713 0.8004 0.7606644 4.2467
 | 17.9594 55.8403 50.4557 0.8304380 C=C1CC(=O)C(=C(O)C=CC=CN2CN(CCO)NC2=O)C1 1 C=C1CC(=O)C(=CC=CC=CN2CNNC2=O)C1 1.0000000 1.0000 0.6781217 0.6781 0.7303334 4.3510
 | 20.8566 63.3713 48.3235 0.8726154 C=CCN1CCN(C=CC=CC(O)=C2C(=O)NC(=O)C(N3CCOCC3)=C2OC)C(=O)C1 1 O=C1NC(=O)C(N2CCOCC2)=CC1=CC=CC=CN1CCNCC1=O 1.0000000 1.0000 0.6793320 0.6793 0.8973413 3.5877
 | 14.3172 66.4854 39.1535 0.8253039 C=CN1CCN(C=CC=CC(O)=C2CCC(=O)C(N)C2=O)CC1 1 O=C1CCC(=CC=CC=CN2CCNCC2)C(=O)C1 1.0000000 1.0000 0.6712165 0.6712 0.7203494 4.3836
 | 8.9353 52.3229 55.2164 0.8401509 CCN1CC(=N)N(C=CC=CC(O)=C2CCCNC2=O)C1 1 N=C1CNCN1C=CC=CC=C1CCCNC1=O 1.0000000 1.0000 0.6403378 0.6403 0.8215039 4.0055
 | 13.4868 72.0749 37.9514 0.8595807 NCCCN1CN(C=CC=CC(O)=C2CC(=CO)NC2=O)CC1=O 1 C=C1CC(=CC=CC=CN2CNC(=O)C2)C(=O)N1 1.0000000 1.0000 0.7336169 0.7336 0.7681407 4.2197
 | 21.4816 62.5697 45.9990 0.8481929 O=C1CC(=C(O)C=CC=CN2CC(C(=O)O)CSCC2=O)C(=O)NC1=O 1 O=C1CC(=CC=CC=CN2CCCSCC2=O)C(=O)NC1=O 1.0000000 1.0000 0.7258631 0.7259 0.7356172 4.3334
 | 26.0502 75.7703 31.3136 0.8365929 CCC(CC)NC(=O)C1CN(CCCN)CN1C=CC=CC(O)=C1C(=O)C(=N)N(C)C1=O 1 N=C1NC(=O)C(=CC=CC=CN2CCNC2)C1=O 1.0000000 1.0000 0.6625186 0.6625 0.7746792 4.1955
 | 10.1640 59.5992 41.7801 0.7920255 C=C1CC(=C(O)C=CC=CN2CN(CC)C2=C)C(=O)N1 1 C=C1CC(=CC=CC=CN2CNC2=C)C(=O)N1 1.0000000 1.0000 0.5709254 0.5709 0.7358837 4.3325
02:47:36 <INFO> Score: 0.76 Agent NLL: 17.01 Valid: 100% Step: 375
 | Agent Prior Target Score SMILES SMILES_state Scaffold DASA DASA (raw) Solubility Solubility (raw) SA SA (raw)
 | 14.5506 49.1638 -49.1638 0.0000000 O=C1NC=CC1=C(O)C=CC=CN1CCN(CCCO)CC1 1 O=C1NC=CC1=CC=CC=CN1CCNCC1 1.0000000 1.0000 0.7298601 0.7299 0.9130376 3.4683
 | 14.9982 56.1818 50.8363 0.8360783 CCCN1CCON(C=CC=CC(O)=C2C=CNC2=O)C1 1 O=C1NC=CC1=CC=CC=CN1CNCCO1 1.0000000 1.0000 0.6379040 0.6379 0.8085946 4.0613
 | 14.4241 58.5712 53.3323 0.8742465 CCN1CN(C=CC=CC(O)=C2NC=CNC2=O)CC1=O 1 O=C1CN(C=CC=CC=C2NC=CNC2=O)CN1 1.0000000 1.0000 0.7566723 0.7567 0.7946447 4.1185
 | 23.4049 68.7118 38.2858 0.8359187 NC1OC=CCN(C=CC=CC(O)=C2CCC(=O)C(=O)NC2=O)C1=O 1 O=C1CCC(=CC=CC=CN2CC=COCC2=O)C(=O)NC1=O 1.0000000 1.0000 0.7582930 0.7583 0.6565753 4.5778
 | 18.9220 69.8082 44.0910 0.8898375 NC(=O)C1NNC(=O)C(=C(O)C=CC=CN2CCN(CCO)CC2=O)CC1=O 1 O=C1CNNC(=O)C(=CC=CC=CN2CCNCC2=O)C1 1.0000000 1.0000 0.8708592 0.8709 0.7230486 4.3749
 | 30.7541 78.9025 0.8745 0.6232578 CCC(C(=O)NC(C)=O)N1C=CC=CC(O)=C2CC[N+]1(C)C(=O)NC2=O 1 O=C1NC(=O)[NH+]2CCC1=CC=CC=CN2 1.0000000 1.0000 0.6555197 0.6555 0.2278776 5.7950
 | 18.9253 66.6575 42.0517 0.8492904 CCN1CCC(=NO)N(C=CC=CC(O)=C2CCC(=O)C(=O)NC2=O)C1 1 N=C1CCNCN1C=CC=CC=C1CCC(=O)C(=O)NC1=O 1.0000000 1.0000 0.6622188 0.6622 0.8257231 3.9866
 | 32.0445 90.5451 11.8094 0.7996443 CCCOCC1C(=O)N(C=CC=CC(O)=C2CC(O)C(=O)NC2=O)C(=O)C(=O)C1[O-] 1 O=C1CCC(=CC=CC=CN2C(=O)CCC(=O)C2=O)C(=O)N1 1.0000000 1.0000 0.8365095 0.8365 0.4843974 5.0407
 | 16.7411 65.8505 42.5099 0.8465662 COC1C(=O)C(=O)NCN1C=CC=CC(O)=C1C(=O)CC(=S)NC1=O 1 O=C1CN(C=CC=CC=C2C(=O)CC(=S)NC2=O)CNC1=O 1.0000000 1.0000 0.7757642 0.7758 0.6737521 4.5276
 | 12.2101 51.6745 47.9320 0.7781760 CCCCN1C=CN(C=CC=CC(O)=C2C(=O)NC(=O)N=C2C)C1 1 O=C1N=CC(=CC=CC=CN2C=CNC2)C(=O)N1 1.0000000 1.0000 0.4753796 0.4754 0.8512913 3.8634
02:47:36 <INFO> Score: 0.81 Agent NLL: 16.20 Valid: 100% Step: 376
 | Agent Prior Target Score SMILES SMILES_state Scaffold DASA DASA (raw) Solubility Solubility (raw) SA SA (raw)
 | 17.2874 64.4498 38.6578 0.8055280 CCN1CCC(=N)N(C=CC=CC(O)=C2C(=O)NC(=O)C2N2CCSCC2)C1 1 N=C1CCNCN1C=CC=CC=C1C(=O)NC(=O)C1N1CCSCC1 1.0000000 1.0000 0.6123212 0.6123 0.7263794 4.3640
 | 11.5665 63.9760 49.5406 0.8868483 CCN1CC(=O)C(=O)N(C=CC=CC(O)=C2C=CC(=O)NC2=O)C1 1 O=C1C=CC(=CC=CC=CN2CNCC(=O)C2=O)C(=O)N1 1.0000000 1.0000 0.7580330 0.7580 0.8420572 3.9097
 | 14.0830 58.1243 40.8686 0.7733826 CCN1CN(C=CC=CC(O)=C2OC(=N)C(C)C2=O)C(=O)NC1=O 1 N=C1CC(=O)C(=CC=CC=CN2CNC(=O)NC2=O)O1 1.0000000 1.0000 0.5951083 0.5951 0.6334921 4.6435
 | 17.2991 62.1635 48.6458 0.8656978 CCCN1CN(C=CC=CC(O)=C2C(=O)N(CC)C2=O)C(=N)N1 1 N=C1NNCN1C=CC=CC=C1C(=O)NC1=O 1.0000000 1.0000 0.7049856 0.7050 0.8300843 3.9667
 | 17.7321 69.9625 35.3793 0.8229826 C=C1CS(=O)(=O)N(CCC)CN1C=CC=CC(O)=C1CC(=O)CNC1=O 1 C=C1CS(=O)(=O)NCN1C=CC=CC=C1CC(=O)CNC1=O 1.0000000 1.0000 0.6424076 0.6424 0.7503572 4.2831
 | 15.7219 63.9479 34.7438 0.7710290 CCCCCN1CN(C)N(C=CC=CC(O)=C2C(=O)NC(=O)OC2C)C1 1 O=C1NC(=O)C(=CC=CC=CN2CNCN2)CO1 1.0000000 1.0000 0.5115106 0.5115 0.7500175 4.2843
 | 19.2472 64.6984 47.1686 0.8739609 CCN1CC(=O)N(C=CC=CC(O)=C2C(=O)NOC2C(=O)NCCCCN)C1 1 O=C1NOCC1=CC=CC=CN1CNCC1=O 1.0000000 1.0000 0.7873403 0.7873 0.7566088 4.2612
 | 16.5627 60.2740 54.1658 0.8940610 C=C1CC(C(N)=O)N(C=CC=CC(O)=C2C(=O)NC2=O)C1=O 1 C=C1CCN(C=CC=CC=C2C(=O)NC2=O)C1=O 1.0000000 1.0000 0.8157030 0.8157 0.7978176 4.1058
 | 9.3509 54.6266 61.5952 0.9079830 CCN1CC(=O)N(C=CC=CC(O)=C2C(=O)C(=O)N(C)C2=O)C1 1 O=C1NC(=O)C(=CC=CC=CN2CNCC2=O)C1=O 1.0000000 1.0000 0.7809925 0.7810 0.8969127 3.5907
 | 17.7022 54.9282 47.8393 0.8028713 CCCCN1CCC(=O)N(C=CC=CC(O)=C2OC(C)(C)OC2=O)CC1=O 1 O=C1CN(C=CC=CC=C2OCOC2=O)C(=O)CCN1 1.0000000 1.0000 0.5083401 0.5083 0.8956284 3.5997
02:47:37 <INFO> Score: 0.76 Agent NLL: 16.28 Valid: 100% Step: 377
 | Agent Prior Target Score SMILES SMILES_state Scaffold DASA DASA (raw) Solubility Solubility (raw) SA SA (raw)
 | 28.9417 72.7302 40.0364 0.8809890 O=C(O)CC1NC(=O)C(=C(O)C=CC=CN2CCCNC(=O)CN2)C1=O 1 O=C1CNN(C=CC=CC=C2C(=O)CNC2=O)CCCN1 1.0000000 1.0000 0.8133341 0.8133 0.7525812 4.2753
 | 13.9970 57.2896 49.5380 0.8345908 CC=c1[nH]c(=O)c(=C(O)C=CC=CN2CN(CCC)C=N2)c(=O)o1 1 C=c1[nH]c(=O)c(=CC=CC=CN2CNC=N2)c(=O)o1 1.0000000 1.0000 0.7430450 0.7430 0.6682992 4.5437
 | 11.1076 47.8635 -47.8635 0.0000000 CN1CCCC(=C(O)C=CC=CN2CCN(CCO)CC2)C1=O 1 O=C1NCCCC1=CC=CC=CN1CCNCC1 1.0000000 1.0000 0.6914760 0.6915 0.9348649 3.2646
 | 15.5291 56.3669 52.5287 0.8507465 CN1CCCN(C=CC=CC(O)=C2CC(O)CC(=O)NC2=O)C1=O 1 O=C1CCCC(=CC=CC=CN2CCCNC2=O)C(=O)N1 1.0000000 1.0000 0.6947886 0.6948 0.7851226 4.1559
 | 14.4792 63.6235 52.0495 0.9036951 C=C1NC(=O)C(=C(O)C=CC=CN2CN(S(N)(=O)=O)CCC2=O)C1=O 1 C=C1NC(=O)C(=CC=CC=CN2CNCCC2=O)C1=O 1.0000000 1.0000 0.8025309 0.8025 0.8510166 3.8648
 | 13.9044 56.6660 55.8110 0.8787265 CN1NC(=O)CC(=C(O)C=CC=CN2CN(S(C)(=O)=O)C2=O)C1=O 1 O=C1CC(=CC=CC=CN2CNC2=O)C(=O)NN1 1.0000000 1.0000 0.7675666 0.7676 0.7980798 4.1047
 | 14.9997 56.8971 47.9343 0.8189959 CCCN1CN(C=CC=CC(O)=C2OCN(C)C2=O)C(=O)N(CC)C1 1 O=C1NCOC1=CC=CC=CN1CNCNC1=O 1.0000000 1.0000 0.5745798 0.5746 0.8405485 3.9171
 | 12.4516 55.1976 56.4265 0.8720634 NCCCN1CCC(=O)N(C=CC=CC(O)=C2CCC(=O)OC2=O)C1 1 O=C1CCC(=CC=CC=CN2CNCCC2=O)C(=O)O1 1.0000000 1.0000 0.6940246 0.6940 0.8722723 3.7484
 | 27.7746 76.9077 21.5535 0.7692278 C=C1CN(CCCC)CN(C=CC=CC(O)=C2C(=O)N(C)NC(=O)N(C)C2=O)S1 1 C=C1CNCN(C=CC=CC=C2C(=O)NNC(=O)NC2=O)S1 1.0000000 1.0000 0.4830617 0.4831 0.7954773 4.1152
 | 10.4529 57.6684 54.8543 0.8790836 CCN1CN(C=CC=CC(O)=C2C=C(OC)C(=O)NC2=O)CC1=O 1 O=C1C=CC(=CC=CC=CN2CNC(=O)C2)C(=O)N1 1.0000000 1.0000 0.7321755 0.7322 0.8460353 3.8900
02:47:38 <INFO> Score: 0.75 Agent NLL: 15.42 Valid: 100% Step: 378
 | Agent Prior Target Score SMILES SMILES_state Scaffold DASA DASA (raw) Solubility Solubility (raw) SA SA (raw)
 | 20.9690 64.5286 48.5418 0.8833625 CCN1CC(=O)N(C=CC=CC(O)=C2C(=O)NC(C)(CCCCN=C(N)N)NC2=O)C1 1 O=C1NCNC(=O)C1=CC=CC=CN1CNCC1=O 1.0000000 1.0000 0.7534239 0.7534 0.8343272 3.9469
 | 14.5896 65.0888 42.6478 0.8416924 CCN1CN(C=CC=CC(O)=C2C(=O)NCC(O)C2=O)C(O)=N1 1 O=C1CCNC(=O)C1=CC=CC=CN1C=NNC1 1.0000000 1.0000 0.7930338 0.7930 0.6404632 4.6239
 | 18.5103 58.3144 44.7067 0.8048520 CC(=O)C1NC(=O)C(=C(O)C=CC=CN2CC(O)C(O)C2=O)CC1=O 1 O=C1CNC(=O)C(=CC=CC=CN2CCCC2=O)C1 1.0000000 1.0000 0.8300644 0.8301 0.5024272 4.9937
 | 11.8923 63.3112 49.4067 0.8806090 CC(=O)NCCCCN1CN(C=CC=CC(O)=C2C(=O)CN(C)C2=O)C1=O 1 O=C1CNC(=O)C1=CC=CC=CN1CNC1=O 1.0000000 1.0000 0.6946805 0.6947 0.9077097 3.5108
 | 14.3149 54.4085 58.3056 0.8805792 O=C1C(=O)C(O)CC1=C(O)C=CC=CN1CC1 1 O=C1CCC(=CC=CC=CN2CC2)C1=O 1.0000000 1.0000 0.7879858 0.7880 0.7801990 4.1747
 | 25.8036 59.5479 39.2125 0.7715654 C=c1c(=C(O)C=CC=CN2C=CN(CCC)CC2)c(=O)[nH]c2ccccc12 1 C=c1c(=CC=CC=CN2C=CNCC2)c(=O)[nH]c2ccccc12 1.0000000 1.0000 0.4555331 0.4555 0.8644537 3.7930
 | 14.6105 54.5394 46.8022 0.7917315 CCN1CC(C)C(=O)N(C=CC=CC(O)=C2CCC(=O)C(O)C2=O)C1 1 O=C1CCC(=CC=CC=CN2CNCCC2=O)C(=O)C1 1.0000000 1.0000 0.6455762 0.6456 0.6340016 4.6421
 | 15.7784 60.1162 56.5930 0.9117903 O=C1CCC(=O)C(=C(O)C=CC=CN2CCNC(=O)C2=O)NN1 1 O=C1CCC(=O)C(=CC=CC=CN2CCNC(=O)C2=O)NN1 1.0000000 1.0000 0.8240907 0.8241 0.8558328 3.8397
 | 13.1164 64.5973 49.9176 0.8946481 C=c1[nH][nH]c(=O)c1=C(O)C=CC=CN1CN(CCCN)C1=O 1 C=c1[nH][nH]c(=O)c1=CC=CC=CN1CNC1=O 1.0000000 1.0000 0.8275183 0.8275 0.7863327 4.1512
 | 11.0712 60.3059 51.2879 0.8718267 C=C1NC(=O)C1=C(O)C=CC=CN1CN(CCCCN)C1=O 1 C=C1NC(=O)C1=CC=CC=CN1CNC1=O 1.0000000 1.0000 0.6970598 0.6971 0.8667277 3.7803
02:47:38 <INFO> Score: 0.78 Agent NLL: 17.77 Valid: 100% Step: 379
 | Agent Prior Target Score SMILES SMILES_state Scaffold DASA DASA (raw) Solubility Solubility (raw) SA SA (raw)
 | 14.7554 62.0605 52.2441 0.8930052 O=C1CNC(=O)C(=C(O)C=CC=CN2CNC(=O)CC2=O)C1 1 O=C1CNC(=O)C(=CC=CC=CN2CNC(=O)CC2=O)C1 1.0000000 1.0000 0.8025425 0.8025 0.8095154 4.0575
 | 12.5149 58.8592 53.3975 0.8770060 C=C1C(=O)OCC(=C(O)C=CC=CN2CCCN(CCO)CC2)C1=O 1 C=C1C(=O)OCC(=CC=CC=CN2CCCNCC2)C1=O 1.0000000 1.0000 0.6891715 0.6892 0.9007784 3.5630
 | 15.7996 56.0330 43.1072 0.7745325 CCCN1CCC(=O)N(C=CC=CC(O)=C2C(=O)NN2C2CCCCC2)C1 1 O=C1NN(C2CCCCC2)C1=CC=CC=CN1CNCCC1=O 1.0000000 1.0000 0.4495392 0.4495 0.8925762 3.6207
 | 18.7068 68.0406 41.9453 0.8592648 NCCCN1CCCN(C=CC=CC(O)=C2OCC(N)C2=O)C1=O 1 O=C1CCOC1=CC=CC=CN1CCCNC1=O 1.0000000 1.0000 0.7330160 0.7330 0.7677104 4.2212
 | 18.4981 58.8133 47.8075 0.8329751 C=C1CCN(CCC(=O)O)CN1C=CC=CC(O)=C1C=CNC1=O 1 C=C1CCNCN1C=CC=CC=C1C=CNC1=O 1.0000000 1.0000 0.6124319 0.6124 0.8359596 3.9391
 | 20.5668 68.6437 47.2409 0.9053487 NCCCC1NC(=O)C(=C(O)C=CC=CN2CN(CCCO)CCN2)C(=O)N1 1 O=C1NCNC(=O)C1=CC=CC=CN1CNCCN1 1.0000000 1.0000 0.8257707 0.8258 0.8286961 3.9731
 | 12.6159 64.5194 49.1403 0.8879663 O=C1CC(O)C(=O)C1=C(O)C=CC=CN1CNC(=O)C(=O)C1=O 1 O=C1CCC(=O)C1=CC=CC=CN1CNC(=O)C(=O)C1=O 1.0000000 1.0000 0.8516524 0.8517 0.7361231 4.3317
 | 18.0500 64.6544 50.1421 0.8968474 NCCCN1CCN(C=CC=CC(O)=C2C(=O)CC(O)C2=O)C(=O)C1 1 O=C1CCC(=O)C1=CC=CC=CN1CCNCC1=O 1.0000000 1.0000 0.7953489 0.7953 0.8331990 3.9522
 | 14.9799 54.2444 49.8929 0.8135731 CCC1CN(CC)CN1C=CC=CC(O)=C1C(=O)C=CNC1=O 1 O=C1C=CNC(=O)C1=CC=CC=CN1CCNC1 1.0000000 1.0000 0.6161679 0.6162 0.7516692 4.2785
 | 20.8217 70.1250 36.5601 0.8334767 C=CCN1CN(C)N(C=CC=CC(O)=C2CCOC(=O)NC2=O)C1 1 O=C1NC(=O)C(=CC=CC=CN2CNCN2)CCO1 1.0000000 1.0000 0.6456122 0.6456 0.7866589 4.1499
02:47:39 <INFO> Score: 0.77 Agent NLL: 16.50 Valid: 100% Step: 380
 | Agent Prior Target Score SMILES SMILES_state Scaffold DASA DASA (raw) Solubility Solubility (raw) SA SA (raw)
 | 15.3995 53.2634 62.7982 0.9067311 CC1(O)C(=O)C(=C(O)C=CC=CN2CCN(C=O)CC2)C1=O 1 O=C1CC(=O)C1=CC=CC=CN1CCNCC1 1.0000000 1.0000 0.7897559 0.7898 0.8798696 3.7029
 | 16.0524 61.6142 36.9350 0.7699151 CCCCN1COC(=O)N(C=CC=CC(O)=C2CSC(=N)NC2=O)C1 1 N=C1NC(=O)C(=CC=CC=CN2CNCOC2=O)CS1 1.0000000 1.0000 0.4964804 0.4965 0.7726405 4.2031
 | 15.3204 59.1825 50.3375 0.8556249 CCCN1C=NN(C=CC=CC(O)=C2C(=O)NN(OC)C2=O)C1 1 O=C1NNC(=O)C1=CC=CC=CN1CNC=N1 1.0000000 1.0000 0.7428669 0.7429 0.7421592 4.3113
 | 11.5138 60.9933 48.2514 0.8534742 COC=C1CC(=C(O)C=CC=CN2CN(CCCCN)C(=O)C2=O)C(=O)N1C 1 C=C1CC(=CC=CC=CN2CNC(=O)C2=O)C(=O)N1 1.0000000 1.0000 0.6786431 0.6786 0.8185213 4.0187
 | 12.1888 61.9576 50.8912 0.8816311 CC1(C)NC(=O)C(=C(O)C=CC=CN2CN(CCCN)CN2)C(=O)N1 1 O=C1NCNC(=O)C1=CC=CC=CN1CNCN1 1.0000000 1.0000 0.7965299 0.7965 0.7740383 4.1979
 | 8.9249 49.0073 58.6738 0.8412583 CCN1CC(=O)N(C=CC=CC(O)=C2CC=CC2=O)C1 1 O=C1C=CCC1=CC=CC=CN1CNCC1=O 1.0000000 1.0000 0.6312952 0.6313 0.8402808 3.9184
 | 11.8471 53.4538 57.1947 0.8644417 CCN1CC(=O)N(C=CC=CC(O)=C2C(=O)NC(=O)C2C)C1 1 O=C1CC(=CC=CC=CN2CNCC2=O)C(=O)N1 1.0000000 1.0000 0.7351614 0.7352 0.7845683 4.1580
 | 8.9885 53.7409 -53.7409 0.0000000 CCCN1C=NN(C=CC=CC(O)=C2COC(=O)NC2=O)C1 1 O=C1NC(=O)C(=CC=CC=CN2CNC=N2)CO1 1.0000000 1.0000 0.6686672 0.6687 0.7688712 4.2170
 | 11.0983 58.4731 51.5050 0.8592038 C=C1CN(CCCN)CN1C=CC=CC(O)=C1COC(=O)NC1=O 1 C=C1CNCN1C=CC=CC=C1COC(=O)NC1=O 1.0000000 1.0000 0.7046166 0.7046 0.8047490 4.0774
 | 13.6407 54.5341 54.4306 0.8512865 CCN1CN(C=CC=CC(O)=C2C(=O)N(C)CC2C)C(=O)C1=O 1 O=C1NCN(C=CC=CC=C2CCNC2=O)C1=O 1.0000000 1.0000 0.6953912 0.6954 0.7863992 4.1509
02:47:39 <INFO> Sampled SMILES O=C1C(=C(O)C=CC=CN2CN(CCCC)CC2)C12C(=O)C(=O)=C(O)C2=O failed to sanitize.
02:47:39 <INFO> Sampled SMILES O=C1NC(=O)C(=C(O)C=CC=CN2CN(CCCC)CCC2=O)C=N1OC failed to sanitize.
02:47:40 <INFO> Score: 0.75 Agent NLL: 16.20 Valid:  98% Step: 381
 | Agent Prior Target Score SMILES SMILES_state Scaffold DASA DASA (raw) Solubility Solubility (raw) SA SA (raw)
 | 9.4723 56.8885 51.4813 0.8466390 O=C1NCN(C=CC=CC(O)=C2CC(O)C(O)C2=O)C1=O 1 O=C1CCCC1=CC=CC=CN1CNC(=O)C1=O 1.0000000 1.0000 0.8528982 0.8529 0.6015284 4.7317
 | 8.9196 49.0073 -49.0073 0.0000000 CCN1CC(=O)N(C=CC=CC(O)=C2CC=CC2=O)C1 1 O=C1C=CCC1=CC=CC=CN1CNCC1=O 1.0000000 1.0000 0.6312952 0.6313 0.8402808 3.9184
 | 15.8967 56.9743 53.4759 0.8628917 CN1CN(C=CC=CC(O)=C2C(=O)CC(=N)NC2=O)CNC1=O 1 N=C1CC(=O)C(=CC=CC=CN2CNC(=O)NC2)C(=O)N1 1.0000000 1.0000 0.7563115 0.7563 0.7526199 4.2752
 | 24.2329 64.1136 39.0405 0.8058912 CCN(C=C1CC(=O)C(=C(O)C=CC=CN2CCN(CC)C(=O)C2)C1=O)CC 1 C=C1CC(=O)C(=CC=CC=CN2CCNC(=O)C2)C1=O 1.0000000 1.0000 0.5365611 0.5366 0.8527424 3.8559
 | 11.8389 61.7966 51.7807 0.8873226 O=C1NNC(=C(O)C=CC=CN2CNCCN2)C(=O)N1 1 O=C1NNC(=CC=CC=CN2CNCCN2)C(=O)N1 1.0000000 1.0000 0.8565787 0.8566 0.7288226 4.3559
 | 16.3324 61.6589 50.2911 0.8746091 CN1CN(C=CC=CC(O)=C2CCNC2=O)OCC1=O 1 O=C1CON(C=CC=CC=C2CCNC2=O)CN1 1.0000000 1.0000 0.7636100 0.7636 0.7873590 4.1472
 | 12.8394 60.2905 55.0694 0.9012490 C=c1[nH]c(=O)c(=C(O)C=CC=CN2CN(S(C)(=O)=O)CC2=O)n1C 1 C=c1[nH]c(=O)c(=CC=CC=CN2CNCC2=O)[nH]1 1.0000000 1.0000 0.8450503 0.8451 0.7908407 4.1336
 | 20.6112 61.9487 50.5979 0.8792703 [N-]=[N+]=NCCN1CC(=O)N(C=CC=CC(O)=C2C(=O)NC(=S)NC2=O)C1 1 O=C1NC(=S)NC(=O)C1=CC=CC=CN1CNCC1=O 1.0000000 1.0000 0.7385688 0.7386 0.8380020 3.9294
 | 19.6106 64.9339 36.1621 0.7898130 CC1C(=O)OC(=C(O)C=CC=CN2CN(CCCCN)CC2=CO)C1=O 1 C=C1CNCN1C=CC=CC=C1OC(=O)CC1=O 1.0000000 1.0000 0.6163968 0.6164 0.6633909 4.5580
 | 12.7896 57.1665 55.0499 0.8766907 CCN1CN(C=CC=CC(O)=C2C(=O)C(=O)C(OC)C2=O)C(=O)C1=O 1 O=C1CC(=O)C(=CC=CC=CN2CNC(=O)C2=O)C1=O 1.0000000 1.0000 0.7903834 0.7904 0.7630441 4.2382
02:47:40 <INFO> Score: 0.76 Agent NLL: 16.56 Valid: 100% Step: 382
 | Agent Prior Target Score SMILES SMILES_state Scaffold DASA DASA (raw) Solubility Solubility (raw) SA SA (raw)
 | 22.0953 67.9582 43.9003 0.8738942 CCCNC1OC(=O)C(=C(O)C=CC=CN2CC(=O)N(CCO)C2)C1=O 1 O=C1CN(C=CC=CC=C2C(=O)COC2=O)CN1 1.0000000 1.0000 0.7886394 0.7886 0.7548717 4.2673
 | 11.4082 55.3869 43.5774 0.7731586 CCCN1C=CN(C=CC=CC(O)=C2CC=NC2=O)C1 1 O=C1N=CCC1=CC=CC=CN1C=CNC1 1.0000000 1.0000 0.5222466 0.5222 0.7400779 4.3183
 | 21.5928 70.8423 33.5017 0.8151872 CC1=CC(=C(O)C=CC=CN2CCN(C=O)CC2)C(=O)C1=CN1CCCNS1(=O)=O 1 O=C1C(=CC=CC=CN2CCNCC2)C=CC1=CN1CCCNS1(=O)=O 1.0000000 1.0000 0.6209474 0.6209 0.7509572 4.2810
 | 10.1067 55.0196 62.5225 0.9182979 NCCCN1CCN(C=CC=CC(O)=C2NCC(=O)NC2=O)C1 1 O=C1CNC(=CC=CC=CN2CCNC2)C(=O)N1 1.0000000 1.0000 0.8275419 0.8275 0.8773708 3.7181
 | 20.1695 75.4389 27.9669 0.8078583 CC1=CN(C=CC=CC(O)=C2CC(=O)C(=CN3CCCNC3=O)NC2=O)CN(CCO)C1 1 O=C1CC(=CC=CC=CN2C=CCNC2)C(=O)NC1=CN1CCCNC1=O 1.0000000 1.0000 0.6135085 0.6135 0.7335390 4.3403
 | 14.7325 69.5375 34.1433 0.8100066 CCCN1CN(C=CC=CC(O)=C2C=C(N)C(N)NC2=O)C(N)=N1 1 O=C1NCC=CC1=CC=CC=CN1C=NNC1 1.0000000 1.0000 0.7935532 0.7936 0.5447041 4.8832
 | 28.5707 79.8480 15.9198 0.7481859 CCC(=N)NCCCCC1C(=O)NCN(C=CC=CC(O)=C2OC(C)(C(=O)O)NC2=O)C1=O 1 O=C1CC(=O)N(C=CC=CC=C2OCNC2=O)CN1 1.0000000 1.0000 0.6528071 0.6528 0.4932853 5.0175
 | 14.9365 64.1196 52.0118 0.9072766 O=C1NC(=O)C(=C(O)C=CC=CN2CCN(CCO)C2=O)C(=O)C(O)C1=O 1 O=C1CC(=O)C(=CC=CC=CN2CCNC2=O)C(=O)NC1=O 1.0000000 1.0000 0.8584523 0.8585 0.7980818 4.1047
 | 12.6462 57.0594 51.2478 0.8461506 CCCN1CC(=O)N(C=CC=CC(O)=C2CC(=O)C(O)C2=O)C1 1 O=C1CC(=O)C(=CC=CC=CN2CNCC2=O)C1 1.0000000 1.0000 0.7321910 0.7322 0.7206609 4.3826
 | 11.3423 57.2243 43.0137 0.7831093 CCCN1C=NN(C=CC=CC(O)=C2CC(=O)C(C)(O)C2=O)C1 1 O=C1CC(=O)C(=CC=CC=CN2CNC=N2)C1 1.0000000 1.0000 0.6565287 0.6565 0.5934028 4.7537
02:47:41 <INFO> Score: 0.75 Agent NLL: 16.62 Valid: 100% Step: 383
 | Agent Prior Target Score SMILES SMILES_state Scaffold DASA DASA (raw) Solubility Solubility (raw) SA SA (raw)
 | 8.8697 57.5788 -57.5788 0.0000000 O=C1CC(=C(O)C=CC=CN2CNC(=O)C2=O)C(=O)NC1=O 1 O=C1CC(=CC=CC=CN2CNC(=O)C2=O)C(=O)NC1=O 1.0000000 1.0000 0.8516266 0.8516 0.8340681 3.9481
 | 8.5568 54.6009 -54.6009 0.0000000 CCCN1C=NN(C=CC=CC(O)=C2CCCCNC2=O)C1 1 O=C1NCCCCC1=CC=CC=CN1CNC=N1 1.0000000 1.0000 0.5376292 0.5376 0.8238473 3.9951
 | 14.6568 57.0891 58.1011 0.8999232 CN1CN(C=CC=CC(O)=C2C(=O)NC(=O)N2CCO)N=C1N 1 O=C1NC(=O)C(=CC=CC=CN2CNC=N2)N1 1.0000000 1.0000 0.8322590 0.8323 0.8004839 4.0949
 | 17.5118 69.1759 18.0569 0.6815061 CCCN1C=NN(C=CC=CC(O)=C2CC(=O)C(C)(N=[N+]=[N-])N(C)C2=O)C1 1 O=C1CNC(=O)C(=CC=CC=CN2CNC=N2)C1 1.0000000 1.0000 0.4738463 0.4738 0.4895625 5.0272
 | 13.0150 55.2555 50.8964 0.8293114 CCCN1C=CC(=O)N(C=CC=CC(O)=C2C(=O)N(C)CC2O)C1 1 O=C1NCCC1=CC=CC=CN1CNC=CC1=O 1.0000000 1.0000 0.6833431 0.6833 0.7195278 4.3863
 | 10.1919 58.3728 54.6694 0.8831427 CCCN1C=NN(C=CC=CC(O)=C2C(=O)NC2=O)C1 1 O=C1NC(=O)C1=CC=CC=CN1CNC=N1 1.0000000 1.0000 0.7470322 0.7470 0.8420203 3.9099
 | 15.6808 62.5220 -62.5220 0.0000000 CN1CC(=O)NC(=C(O)C=CC=CN2CC(=O)N(CCCCN)C2)C1=O 1 O=C1CN(C=CC=CC=C2NC(=O)CNC2=O)CN1 1.0000000 1.0000 0.7939509 0.7940 0.8712571 3.7544
 | 11.7019 58.3479 54.4908 0.8815517 CN1C=NCN(C=CC=CC(O)=C2C(=O)CC(=O)NC2=O)C1=O 1 O=C1CC(=O)C(=CC=CC=CN2CN=CNC2=O)C(=O)N1 1.0000000 1.0000 0.7546924 0.7547 0.8254992 3.9876
 | 18.8450 66.1668 43.1411 0.8539680 CCCN1CNC(=O)N(C=CC=CC(O)=C2C(=O)NC(=O)C(=O)NC2C)C1 1 O=C1NCC(=CC=CC=CN2CNCNC2=O)C(=O)NC1=O 1.0000000 1.0000 0.7412792 0.7413 0.7380341 4.3253
 | 11.1280 55.4425 49.4892 0.8197790 C=C1CC(=C(O)C=CC=CN2CN(CC)C2=O)C(=O)C1=O 1 C=C1CC(=CC=CC=CN2CNC2=O)C(=O)C1=O 1.0000000 1.0000 0.6005062 0.6005 0.8003972 4.0953
02:47:41 <INFO> Sampled SMILES N1C(=O)C(=C(C=CC=CN2CCNC(=O)Cc2c2c(O)n(C)c(C(=O)O)c2)O)SCC1 failed to sanitize.
02:47:42 <INFO> Score: 0.81 Agent NLL: 16.20 Valid:  99% Step: 384
 | Agent Prior Target Score SMILES SMILES_state Scaffold DASA DASA (raw) Solubility Solubility (raw) SA SA (raw)
 | 17.3090 73.0009 42.7748 0.9044973 CCON1NC(=O)C(=C(O)C=CC=CN2CN(CCO)CC2=O)C(=O)C1=O 1 O=C1NNC(=O)C(=CC=CC=CN2CNCC2=O)C1=O 1.0000000 1.0000 0.8377546 0.8378 0.8112794 4.0500
 | 11.5767 59.8679 59.0188 0.9288029 O=C1CN(CCO)CCN1C=CC=CC(O)=C1C(=O)N1CCO 1 O=C1NC1=CC=CC=CN1CCNCC1=O 1.0000000 1.0000 0.8430144 0.8430 0.9000714 3.5681
 | 17.1127 57.6740 50.9918 0.8489515 CC1(C)CC(=C(O)C=CC=CN2CN(S(C)(=O)=O)NC2=O)C(=O)N1 1 O=C1NCCC1=CC=CC=CN1CNNC1=O 1.0000000 1.0000 0.6959453 0.6959 0.7766370 4.1882
 | 11.2215 58.2624 52.7476 0.8672658 O=C1CC(=C(O)C=CC=CN2CCCNCC2)C(=O)C1O 1 O=C1CC(=O)C(=CC=CC=CN2CCCNCC2)C1 1.0000000 1.0000 0.7540732 0.7541 0.7715127 4.2073
 | 10.6014 59.1310 56.8121 0.9058051 CN1C(=O)C(N)=CC(=C(O)C=CC=CN2CNC(=O)C2=O)C1=O 1 O=C1C=CC(=CC=CC=CN2CNC(=O)C2=O)C(=O)N1 1.0000000 1.0000 0.8331907 0.8332 0.8215852 4.0052
 | 7.9406 51.4728 57.6613 0.8526107 CCN1CC(=O)N(C=CC=CC(O)=C2C=C(OC)N(C)C2=O)C1 1 O=C1NC=CC1=CC=CC=CN1CNCC1=O 1.0000000 1.0000 0.6712198 0.6712 0.8258775 3.9859
 | 17.3963 62.9161 49.5734 0.8788241 Cn1c(=CCO)oc(=C(O)C=CC=CN2CN(N)CC2=O)c1=O 1 C=c1[nH]c(=O)c(=CC=CC=CN2CNCC2=O)o1 1.0000000 1.0000 0.8804445 0.8804 0.6772451 4.5172
 | 23.1480 65.1401 45.3132 0.8629168 CC(=CC=CC(O)=C1NCCC(NC2=NCCN2)NC1=O)N(CCO)CCO 1 C=C1NCCC(NC2=NCCN2)NC1=O 1.0000000 1.0000 0.8287860 0.8288 0.6744325 4.5256
 | 10.2541 56.8921 47.1446 0.8127862 C=C1C(=C(O)C=CC=CN2CN(CCC)C=N2)C(=O)N1C 1 C=C1NC(=O)C1=CC=CC=CN1CNC=N1 1.0000000 1.0000 0.5943247 0.5943 0.7817574 4.1688
 | 9.2735 64.8207 45.9698 0.8655508 O=C1NCN(C=CC=CC(O)=C2CC(=O)C(O)C2=O)C(=O)C1=O 1 O=C1CC(=O)C(=CC=CC=CN2CNC(=O)C(=O)C2=O)C1 1.0000000 1.0000 0.8516524 0.8517 0.6611711 4.5645
02:47:42 <INFO> Score: 0.77 Agent NLL: 15.61 Valid: 100% Step: 385
 | Agent Prior Target Score SMILES SMILES_state Scaffold DASA DASA (raw) Solubility Solubility (raw) SA SA (raw)
 | 13.6278 64.0000 43.2893 0.8381982 O=C1NCN(C=CC=CC(O)=C2CC3C(O)C(=O)N3C2=O)C(=O)C1=O 1 O=C1NCN(C=CC=CC=C2CC3CC(=O)N3C2=O)C(=O)C1=O 1.0000000 1.0000 0.8585687 0.8586 0.5721714 4.8106
 | 12.5841 60.7402 57.2893 0.9221051 C=c1oc(=C(O)C=CC=CN2CCN(CCO)CC2=O)c(=O)[nH]c1=O 1 C=c1oc(=CC=CC=CN2CCNCC2=O)c(=O)[nH]c1=O 1.0000000 1.0000 0.8657731 0.8658 0.8456542 3.8920
 | 12.6813 65.9736 43.0573 0.8518040 O=CN1CCN(C=CC=CC(O)=C2CC(=O)C(=CN3CCNCC3)C2=O)C1=O 1 O=C1CC(=CC=CC=CN2CCNC2=O)C(=O)C1=CN1CCNCC1 1.0000000 1.0000 0.7020524 0.7021 0.7794409 4.1776
 | 13.3816 61.0449 50.3844 0.8705416 C=C1C(=O)C(=C(O)C=CC=CN2CCCN(C)C(=O)C2)C(=O)N1C 1 C=C1NC(=O)C(=CC=CC=CN2CCCNC(=O)C2)C1=O 1.0000000 1.0000 0.6826993 0.6827 0.8831626 3.6823
 | 14.2443 55.3015 55.0543 0.8621549 CC1NC(=O)NC(=O)C1=C(O)C=CC=CN1CC=NC(=O)C1=O 1 O=C1NCC(=CC=CC=CN2CC=NC(=O)C2=O)C(=O)N1 1.0000000 1.0000 0.7765408 0.7765 0.7265426 4.3634
 | 19.3548 65.8777 45.8087 0.8725500 CCN1C(=O)NC(=O)C1=C(O)C=CC=CN1CN(CCCN)CN(C)C1=O 1 O=C1NC(=O)C(=CC=CC=CN2CNCNC2=O)N1 1.0000000 1.0000 0.7026105 0.7026 0.8615130 3.8092
 | 12.2499 57.5301 57.7967 0.9009911 O=C1NC(=O)C(=C(O)C=CC=CN2C(=O)CNC2C(=O)O)C(=O)N1 1 O=C1NC(=O)C(=CC=CC=CN2CNCC2=O)C(=O)N1 1.0000000 1.0000 0.8579585 0.8580 0.7756512 4.1919
 | 10.0789 59.2252 -59.2252 0.0000000 CCCCN1CC(=O)N(C=CC=CC(O)=C2CC(=O)C(=O)NC2=O)C1 1 O=C1CC(=CC=CC=CN2CNCC2=O)C(=O)NC1=O 1.0000000 1.0000 0.7121769 0.7122 0.8761137 3.7257
 | 19.9960 72.4948 35.7410 0.8455921 CNC1=CC(=C(O)C=CC=CN2CN(CCO)CC(=O)C2O)C(=O)N1C 1 O=C1CNCN(C=CC=CC=C2C=CNC2=O)C1 1.0000000 1.0000 0.8121783 0.8122 0.6345913 4.6404
 | 14.8171 55.9622 53.3910 0.8543225 CC1C(=O)OCC(=C(O)C=CC=CN2CCN(C)CC2=O)C1=O 1 O=C1CC(=O)C(=CC=CC=CN2CCNCC2=O)CO1 1.0000000 1.0000 0.7071142 0.7071 0.7823917 4.1664
02:47:43 <INFO> Score: 0.77 Agent NLL: 16.84 Valid: 100% Step: 386
 | Agent Prior Target Score SMILES SMILES_state Scaffold DASA DASA (raw) Solubility Solubility (raw) SA SA (raw)
 | 10.6141 52.7549 63.0911 0.9050468 CCN1CC(=O)N(C=CC=CC(O)=C2C(=O)NCNC2=O)C1 1 O=C1NCNC(=O)C1=CC=CC=CN1CNCC1=O 1.0000000 1.0000 0.8123985 0.8124 0.8439086 3.9006
 | 12.4017 58.5234 40.1272 0.7707073 CCCN1CN(C=CC=CC(O)=C2CC(=O)C(C)(O)C2=O)C(=O)N1CC 1 O=C1CC(=O)C(=CC=CC=CN2CNNC2=O)C1 1.0000000 1.0000 0.5844980 0.5845 0.6379641 4.6309
 | 14.1350 55.9530 54.4503 0.8625256 O=C1CCN(C=CC=CC(O)=C2CC(=O)C(=S)NC2=O)N1 1 O=C1CCN(C=CC=CC=C2CC(=O)C(=S)NC2=O)N1 1.0000000 1.0000 0.7477419 0.7477 0.7616236 4.2433
 | 19.5068 54.7280 50.8110 0.8245235 O=C1N=COC1=C(O)C=CC=CN1CCCC1=NO 1 N=C1CCCN1C=CC=CC=C1OC=NC1=O 1.0000000 1.0000 0.6584984 0.6585 0.7341540 4.3383
 | 17.9706 60.5631 50.3151 0.8662361 CCCN1CON(C=CC=CC(O)=C2C(=O)N=C(NCC)NC2=O)C1 1 O=C1N=CNC(=O)C1=CC=CC=CN1CNCO1 1.0000000 1.0000 0.7126211 0.7126 0.8215653 4.0053
 | 26.3329 73.4420 -73.4420 0.0000000 CCN(CC)CC1=C(OC)C(=C(O)C=CC=CN2CCN(CCCN)CC2=O)C(=O)N1C 1 O=C1NC=CC1=CC=CC=CN1CCNCC1=O 1.0000000 1.0000 0.6152895 0.6153 0.8941162 3.6102
 | 10.2953 60.8373 48.9578 0.8577740 CC1OC(=O)NC(=O)C1=C(O)C=CC=CN1CNC(=O)C(=O)C1 1 O=C1NC(=O)C(=CC=CC=CN2CNC(=O)C(=O)C2)CO1 1.0000000 1.0000 0.7784343 0.7784 0.7090874 4.4196
 | 13.2830 60.6317 51.7070 0.8776464 NCCCN1CCC(=O)N(C=CC=CC(O)=C2C(=O)CC2O)C1 1 O=C1CCC1=CC=CC=CN1CNCCC1=O 1.0000000 1.0000 0.7577864 0.7578 0.8062802 4.0710
 | 14.7405 61.4625 53.4187 0.8975090 O=C1NC(=S)N=CC1=C(O)C=CC=CN1CN(CCO)C(=O)C1=O 1 O=C1NCN(C=CC=CC=C2C=NC(=S)NC2=O)C1=O 1.0000000 1.0000 0.8068985 0.8069 0.8214483 4.0058
 | 18.0169 65.4655 44.0001 0.8552000 CCCN1CCC(NC(C)=O)C(=O)N(C=CC=CC(O)=C2CNC(=O)NC2=O)C1 1 O=C1NCC(=CC=CC=CN2CNCCCC2=O)C(=O)N1 1.0000000 1.0000 0.6942285 0.6942 0.8033069 4.0834
02:47:44 <INFO> Score: 0.77 Agent NLL: 17.07 Valid: 100% Step: 387
 | Agent Prior Target Score SMILES SMILES_state Scaffold DASA DASA (raw) Solubility Solubility (raw) SA SA (raw)
 | 13.3166 56.8711 50.7829 0.8410475 NC1C=CCC(=C(O)C=CC=CN2CCN(C=O)CC2)C1=O 1 O=C1CC=CCC1=CC=CC=CN1CCNCC1 1.0000000 1.0000 0.7179671 0.7180 0.7193179 4.3869
 | 16.1630 61.9225 44.9102 0.8346305 CC1(O)OC(=C(O)C=CC=CN2CC(CC(=O)O)C2=O)C(=O)C1=O 1 O=C1COC(=CC=CC=CN2CCC2=O)C1=O 1.0000000 1.0000 0.7709298 0.7709 0.6395259 4.6265
 | 10.3421 53.9362 63.5274 0.9176838 CN1C(=O)C(=O)C(=C(O)C=CC=CN2CCN(CCCN)C2)C1=O 1 O=C1NC(=O)C(=CC=CC=CN2CCNC2)C1=O 1.0000000 1.0000 0.7979971 0.7980 0.9139222 3.4610
 | 24.1922 62.2358 46.0312 0.8458360 COC(=O)N1CCN(C=CC=CC(O)=C2CSC(=NC(C)=O)NC2=O)C(=O)C1=O 1 N=C1NC(=O)C(=CC=CC=CN2CCNC(=O)C2=O)CS1 1.0000000 1.0000 0.6617807 0.6618 0.8123536 4.0454
 | 16.1916 62.0254 53.6272 0.9035360 CN1CN(C=CC=CC(O)=C2C(=O)NC(=O)OC2=O)CC(=O)C1=O 1 O=C1NC(=O)C(=CC=CC=CN2CNC(=O)C(=O)C2)C(=O)O1 1.0000000 1.0000 0.8040879 0.8041 0.8484117 3.8781
 | 19.1629 67.8721 28.5099 0.7529839 CCCCN1CCC(=O)N(C=CC=CC(O)=C2CC=C(O)C(=N)C2=O)C1 1 N=C1C=CCC(=CC=CC=CN2CNCCC2=O)C1=O 1.0000000 1.0000 0.4290120 0.4290 0.8385647 3.9267
 | 16.3386 60.1977 55.9670 0.9075362 CCCN1CN(C=CC=CC(O)=C2C(=O)CNC2=O)C(=O)C1=O 1 O=C1CNC(=O)C1=CC=CC=CN1CNC(=O)C1=O 1.0000000 1.0000 0.7842120 0.7842 0.8906530 3.6336
 | 9.6529 61.4331 49.9424 0.8701212 CCN1CN(C=CC=CC(O)=C2CC(=COC)C(=O)NC2=O)C(=O)C1=O 1 C=C1CC(=CC=CC=CN2CNC(=O)C2=O)C(=O)NC1=O 1.0000000 1.0000 0.7197630 0.7198 0.8271942 3.9799
 | 17.3749 62.0101 37.7217 0.7791540 CCC(C)C1NC(=O)CCN1C=CC=CC(O)=C1COC(=O)NC1=O 1 O=C1CCN(C=CC=CC=C2COC(=O)NC2=O)CN1 1.0000000 1.0000 0.6078681 0.6079 0.6371574 4.6332
 | 18.1347 65.0649 46.7797 0.8737859 CCOC1C(=O)NC(=O)C(=C(O)C=CC=CN2CC(N)C2=O)C1=O 1 O=C1CC(=O)C(=CC=CC=CN2CCC2=O)C(=O)N1 1.0000000 1.0000 0.8330388 0.8330 0.7064850 4.4278
02:47:44 <INFO> Sampled SMILES O=C1NC(=O)C(=C(O)C=CC=CN2CN(CC)CC(C)C2=O)C(O)C1[n+]1ccc2c(=O)cc[nH]c12 failed to sanitize.
02:47:44 <INFO> Score: 0.81 Agent NLL: 15.95 Valid:  99% Step: 388
 | Agent Prior Target Score SMILES SMILES_state Scaffold DASA DASA (raw) Solubility Solubility (raw) SA SA (raw)
 | 12.0015 49.8915 63.5437 0.8862124 O=C1OCCC1=C(O)C=CC=CN1CCN(CCO)C1=O 1 O=C1OCCC1=CC=CC=CN1CCNC1=O 1.0000000 1.0000 0.7272176 0.7272 0.8823919 3.6872
 | 11.8024 50.3438 66.1235 0.9099006 O=C1OCC(=C(O)C=CC=CN2CCNCC2=O)C1=O 1 O=C1OCC(=CC=CC=CN2CCNCC2=O)C1=O 1.0000000 1.0000 0.8077246 0.8077 0.8690778 3.7669
 | 9.9791 56.7362 53.0286 0.8575380 CCCN1C=CN(C=CC=CC(O)=C2NNC(=O)NC2=O)C1 1 O=C1NNC(=CC=CC=CN2C=CNC2)C(=O)N1 1.0000000 1.0000 0.7124396 0.7124 0.7877101 4.1458
 | 11.0041 58.5713 58.2946 0.9130144 O=C1NN(CCO)C1=C(O)C=CC=CN1CCN(CCO)C1=O 1 O=C1NNC1=CC=CC=CN1CCNC1=O 1.0000000 1.0000 0.8372136 0.8372 0.8445055 3.8977
 | 16.2335 54.9855 62.3807 0.9169237 O=C1NC(=O)C(O)C1=C(O)C=CC=CN1CCN(CCOCCO)CC1=O 1 O=C1CC(=CC=CC=CN2CCNCC2=O)C(=O)N1 1.0000000 1.0000 0.8586172 0.8586 0.8341419 3.9477
 | 15.1203 58.1605 52.1022 0.8614274 C=C1C(=O)NC(=O)C1=C(O)C=CC=CN1CC=CCN1 1 C=C1C(=O)NC(=O)C1=CC=CC=CN1CC=CCN1 1.0000000 1.0000 0.7346843 0.7347 0.7737443 4.1990
 | 14.9645 57.5894 55.9692 0.8871768 CCN1C(=O)NC(=O)C(=C(O)C=CC=CN2CN2C)C1=O 1 O=C1NC(=O)C(=CC=CC=CN2CN2)C(=O)N1 1.0000000 1.0000 0.7594091 0.7594 0.8415343 3.9123
 | 10.9931 59.7805 58.1462 0.9213026 CCN1C(=O)C(=C(O)C=CC=CN2CNC(=O)C2=O)C1=O 1 O=C1NCN(C=CC=CC=C2C(=O)NC2=O)C1=O 1.0000000 1.0000 0.8219392 0.8219 0.8967721 3.5917
 | 11.5558 67.1093 49.8121 0.9134487 C=c1oc(=C(O)C=CC=CN2CN(CCCCN)C(=O)C2=O)c(=O)[nH]c1=O 1 C=c1oc(=CC=CC=CN2CNC(=O)C2=O)c(=O)[nH]c1=O 1.0000000 1.0000 0.8530983 0.8531 0.8273221 3.9793
 | 8.5465 55.8684 -55.8684 0.0000000 O=C1NCCN(C=CC=CC(O)=C2CC(=O)C(O)C2=O)C1=O 1 O=C1CC(=O)C(=CC=CC=CN2CCNC(=O)C2=O)C1 1.0000000 1.0000 0.8336956 0.8337 0.7173523 4.3933
02:47:45 <INFO> Score: 0.75 Agent NLL: 15.89 Valid: 100% Step: 389
 | Agent Prior Target Score SMILES SMILES_state Scaffold DASA DASA (raw) Solubility Solubility (raw) SA SA (raw)
 | 17.5915 59.7095 48.7389 0.8472533 CC1(C)CON(C=CC=CC(O)=C2NCCCNC2=O)CN1 1 O=C1NCCCNC1=CC=CC=CN1CNCCO1 1.0000000 1.0000 0.7062649 0.7063 0.7566494 4.2610
 | 19.4558 64.8660 48.8170 0.8881482 COC1=CC(=O)C(=C(O)C=CC=CN2CN(CCCN)CC(N)C2=O)C(=O)NC1=O 1 O=C1C=CC(=O)C(=CC=CC=CN2CNCCC2=O)C(=O)N1 1.0000000 1.0000 0.8141538 0.8142 0.7776624 4.1843
 | 17.0940 69.7019 46.3994 0.9070420 COCCN1C(=O)C(=C(O)C=CC=CN2CN(CCCCO)CN2)C1=O 1 O=C1NC(=O)C1=CC=CC=CN1CNCN1 1.0000000 1.0000 0.7818677 0.7819 0.8918157 3.6258
 | 23.0897 25.4898 -25.4714 0.0001438 CC(=O)N=C1NC(=O)C(CO)(CO)O1 1 N=C1NC(=O)CO1 0.0000000 0.0000 0.9140496 0.9140 0.8123710 4.0453
 | 15.5184 57.7562 53.9374 0.8726062 CC1(C)OC(=O)C(=C(O)C=CC=CN2CCN(S(=O)(=O)O)CC2=O)O1 1 O=C1OCOC1=CC=CC=CN1CCNCC1=O 1.0000000 1.0000 0.7039729 0.7040 0.8597451 3.8188
 | 15.8087 62.8706 48.3382 0.8688188 CN1C(=O)C(=C(O)C=CC=CN2CCS(=O)(=O)NC2)C(=O)C(O)C1=O 1 O=C1CC(=O)C(=CC=CC=CN2CCS(=O)(=O)NC2)C(=O)N1 1.0000000 1.0000 0.8401009 0.8401 0.6828178 4.5005
 | 16.0830 54.6249 63.6642 0.9241331 NC1(C(=O)O)CN(C=CC=CC(O)=C2C(=O)CC(=O)NC2=O)C1 1 O=C1CC(=O)C(=CC=CC=CN2CCC2)C(=O)N1 1.0000000 1.0000 0.8395067 0.8395 0.8856375 3.6665
 | 10.7469 60.9920 -60.9920 0.0000000 CCN1CC(=O)N(C=CC=CC(O)=C2C(=O)NNC(=O)C2=O)C1 1 O=C1NNC(=O)C(=CC=CC=CN2CNCC2=O)C1=O 1.0000000 1.0000 0.8324578 0.8325 0.8535646 3.8516
 | 10.9597 57.5195 52.7840 0.8617461 CCN1CC(=O)N(C=CC=CC(O)=C2CC=C(CO)NC2=O)C1 1 O=C1NC=CCC1=CC=CC=CN1CNCC1=O 1.0000000 1.0000 0.7241237 0.7241 0.7885293 4.1426
 | 15.4261 56.7983 56.8157 0.8876097 CN1CCC(=C(O)C=CC=CN2CC2)C(=O)NC1=O 1 O=C1NCCC(=CC=CC=CN2CC2)C(=O)N1 1.0000000 1.0000 0.7145623 0.7146 0.9071611 3.5151
02:47:46 <INFO> Score: 0.77 Agent NLL: 16.06 Valid: 100% Step: 390
 | Agent Prior Target Score SMILES SMILES_state Scaffold DASA DASA (raw) Solubility Solubility (raw) SA SA (raw)
 | 15.8310 64.2317 49.1452 0.8857569 N=C1CC(=O)C1=C(O)C=CC=CN1CNC(=O)C1=O 1 N=C1CC(=O)C1=CC=CC=CN1CNC(=O)C1=O 1.0000000 1.0000 0.7944813 0.7945 0.7918096 4.1298
 | 14.2511 66.5810 49.0229 0.9031558 CN1C(=O)NC(=O)C(=C(O)C=CC=CN2CN(CCO)S(=O)(=O)NC2=N)C1=O 1 N=C1NS(=O)(=O)NCN1C=CC=CC=C1C(=O)NC(=O)NC1=O 1.0000000 1.0000 0.8329476 0.8329 0.8118245 4.0477
 | 14.6023 69.7305 47.2303 0.9137568 O=C1CCCNC(=C(O)C=CC=CN2CNC(=O)C(=O)C2=O)C(=O)N1 1 O=C1CCCNC(=CC=CC=CN2CNC(=O)C(=O)C2=O)C(=O)N1 1.0000000 1.0000 0.8333445 0.8333 0.8521168 3.8591
 | 14.0027 65.5768 49.3446 0.8978237 C=c1[nH]c(=S)[nH]c(=O)c1=C(O)C=CC=CN1CN(CCCN)C(=O)C1=O 1 C=c1[nH]c(=S)[nH]c(=O)c1=CC=CC=CN1CNC(=O)C1=O 1.0000000 1.0000 0.8071350 0.8071 0.8223695 4.0017
 | 14.7489 59.4614 -59.4614 0.0000000 CONC1=CN(C)C(=O)C1=C(O)C=CC=CN1CCN(CCO)CC1=O 1 O=C1NC=CC1=CC=CC=CN1CCNCC1=O 1.0000000 1.0000 0.7789594 0.7790 0.8610900 3.8115
 | 11.4089 56.5941 57.3078 0.8898584 CC1C(=O)C(=O)C(=C(O)C=CC=CN2CCN(CCO)CC2=O)C1=O 1 O=C1CC(=O)C(=CC=CC=CN2CCNCC2=O)C1=O 1.0000000 1.0000 0.7830530 0.7831 0.8214828 4.0056
 | 11.7691 62.1732 43.2200 0.8233839 NC1CNCCC(=C(O)C=CC=CN2CC2N)C(=O)N1 1 O=C1NCCNCCC1=CC=CC=CN1CC1 1.0000000 1.0000 0.8401710 0.8402 0.5448649 4.8828
 | 25.1933 66.1895 36.7656 0.8043368 C=C1C(=O)C(=C(O)C=CC=CN2CC(C)(CC(N)=O)CC2=O)C(=O)C1O 1 C=C1CC(=O)C(=CC=CC=CN2CCCC2=O)C1=O 1.0000000 1.0000 0.7238968 0.7239 0.5905101 4.7615
 | 12.3695 51.5893 -51.5893 0.0000000 NC1CC(=O)N(C=CC=CC(O)=C2C(=O)NC(=O)NC2=O)C1 1 O=C1NC(=O)C(=CC=CC=CN2CCCC2=O)C(=O)N1 1.0000000 1.0000 0.8301013 0.8301 0.8201927 4.0113
 | 20.4791 67.0482 45.0382 0.8756747 C=C1CN(C(=O)OCO)CCN1C=CC=CC(O)=C1C(=O)CN(C)C1=O 1 C=C1CNCCN1C=CC=CC=C1C(=O)CNC1=O 1.0000000 1.0000 0.7080500 0.7081 0.8664892 3.7816
02:47:46 <INFO> Score: 0.78 Agent NLL: 16.32 Valid: 100% Step: 391
 | Agent Prior Target Score SMILES SMILES_state Scaffold DASA DASA (raw) Solubility Solubility (raw) SA SA (raw)
 | 16.9193 50.3881 57.5484 0.8432539 CC(C)N1CC(=O)N(C=CC=CC(O)=C2CCCC(=O)C2=O)CC1=O 1 O=C1CN(C=CC=CC=C2CCCC(=O)C2=O)C(=O)CN1 1.0000000 1.0000 0.6090715 0.6091 0.8859786 3.6643
 | 16.2064 59.8193 50.6218 0.8628210 CC1C(=O)N(C)C(=O)C1=C(O)C=CC=CN1CCN(C=O)CC1=O 1 O=C1CC(=CC=CC=CN2CCNCC2=O)C(=O)N1 1.0000000 1.0000 0.7543251 0.7543 0.7547389 4.2677
 | 12.8928 62.4464 51.7774 0.8923736 C=C1C(=O)NC(=O)C1=C(O)C=CC=CN1CCN(CCCN)C1=O 1 C=C1C(=O)NC(=O)C1=CC=CC=CN1CCNC1=O 1.0000000 1.0000 0.7407515 0.7408 0.8885648 3.6475
 | 18.4469 69.5016 40.7227 0.8611274 CC1(C)OC(=O)C(=O)N(C=CC=CC(O)=C2CC(=O)C(O)C(=O)NC2=O)C1=O 1 O=C1CC(=O)NC(=O)C(=CC=CC=CN2C(=O)COC(=O)C2=O)C1 1.0000000 1.0000 0.7970753 0.7971 0.7006222 4.4461
 | 24.3504 82.2126 26.3695 0.8482981 CC1C(=O)CN(C=CC=CC(O)=C2NCN(CCCO)C(=O)NC2=O)CNC1=O 1 O=C1CC(=O)NCN(C=CC=CC=C2NCNC(=O)NC2=O)C1 1.0000000 1.0000 0.7838259 0.7838 0.6711817 4.5352
 | 18.0901 69.1161 42.6923 0.8735027 CS(=O)(=O)N1CON(C=CC=CC(O)=c2c(=O)[nH]c(=CN3CCNCC3)oc2=O)C1 1 O=c1[nH]c(=CN2CCNCC2)oc(=O)c1=CC=CC=CN1CNCO1 1.0000000 1.0000 0.8479002 0.8479 0.6907107 4.4766
 | 12.8392 52.2039 -52.2039 0.0000000 CCN1CC(=S)N(C=CC=CC(O)=C2CCCNC2=O)C1 1 O=C1NCCCC1=CC=CC=CN1CNCC1=S 1.0000000 1.0000 0.5843584 0.5844 0.8288459 3.9724
 | 11.1837 45.5952 67.9008 0.8866879 CN1CCN(C=CC=CC(O)=C2CC2=O)CC1 1 O=C1CC1=CC=CC=CN1CCNCC1 1.0000000 1.0000 0.7010400 0.7010 0.9241574 3.3713
 | 10.5254 47.8334 -47.8334 0.0000000 O=C1OC(=O)C1=C(O)C=CC=CN1CCN(CCO)CC1 1 O=C1OC(=O)C1=CC=CC=CN1CCNCC1 1.0000000 1.0000 0.8019994 0.8020 0.9408116 3.1981
 | 26.1815 78.3513 30.4188 0.8497663 CCN1C(=O)C(=C(O)C=CC=CN2CN(CCCN)C(=O)C2=S)CC(=O)N(C)C1=O 1 O=C1CC(=CC=CC=CN2CNC(=O)C2=S)C(=O)NC(=O)N1 1.0000000 1.0000 0.6475612 0.6476 0.8501998 3.8690
02:47:47 <INFO> Score: 0.76 Agent NLL: 16.81 Valid: 100% Step: 392
 | Agent Prior Target Score SMILES SMILES_state Scaffold DASA DASA (raw) Solubility Solubility (raw) SA SA (raw)
 | 11.3347 54.7838 55.9376 0.8650109 COC1C(=O)CC(=C(O)C=CC=CN2CCNC(=O)C2=O)C1=O 1 O=C1CC(=O)C(=CC=CC=CN2CCNC(=O)C2=O)C1 1.0000000 1.0000 0.7921629 0.7922 0.7193053 4.3870
 | 24.0761 63.3292 37.2035 0.7854121 CCC(C)C1C(=O)N(CO)C(=O)N1C=CC=CC(O)=C1CCCC(=O)NC1=O 1 O=C1CCCC(=CC=CC=CN2CC(=O)NC2=O)C(=O)N1 1.0000000 1.0000 0.5852374 0.5852 0.6896224 4.4799
 | 25.2975 70.3571 35.3697 0.8259905 CCOC(=O)C(C)N1C(=O)NC(=O)C1=C(O)C=CC=CN1CNC(=O)C(C)NC1=O 1 O=C1CNC(=O)N(C=CC=CC=C2NC(=O)NC2=O)CN1 1.0000000 1.0000 0.7074102 0.7074 0.6787185 4.5128
 | 14.7126 57.4735 52.6000 0.8599491 CC1(C)OC(=O)C(=C(O)C=CC=CN2CN(CCO)NC2=O)O1 1 O=C1OCOC1=CC=CC=CN1CNNC1=O 1.0000000 1.0000 0.7250690 0.7251 0.7804237 4.1739
 | 24.3902 55.3393 58.1157 0.8863670 CS(=O)(=O)NN1C(=O)CN(C=CC=CC(O)=C2CCOC2=O)C1=O 1 O=C1CN(C=CC=CC=C2CCOC2=O)C(=O)N1 1.0000000 1.0000 0.7647228 0.7647 0.8313276 3.9609
 | 11.2263 57.5002 57.7035 0.9000289 C=c1[nH]c(=O)c(=C(O)C=CC=CN2CNC(=O)C2=O)n1C 1 C=c1[nH]c(=O)c(=CC=CC=CN2CNC(=O)C2=O)[nH]1 1.0000000 1.0000 0.8748900 0.8749 0.7542806 4.2694
 | 17.9182 62.0351 47.1989 0.8533911 C=C1CN(CCCN)CCN1C=CC=CC(O)=C1CSCC(=O)NC1=O 1 C=C1CNCCN1C=CC=CC=C1CSCC(=O)NC1=O 1.0000000 1.0000 0.6572148 0.6572 0.8503022 3.8685
 | 15.7119 51.0168 61.0351 0.8754053 CCN1CCC(=O)N(C=CC=CC(O)=C2C(=O)NC(=S)C2=O)C1 1 O=C1NC(=S)C(=O)C1=CC=CC=CN1CNCCC1=O 1.0000000 1.0000 0.7038440 0.7038 0.8715794 3.7525
 | 16.3249 63.9805 43.9735 0.8433906 C=C1CC(=C(O)C=CC=CN2CC(=O)N(CCCCC)C(=O)C2=O)C(=O)N1 1 C=C1CC(=CC=CC=CN2CC(=O)NC(=O)C2=O)C(=O)N1 1.0000000 1.0000 0.6104089 0.6104 0.8842516 3.6754
 | 25.4211 72.0642 31.4960 0.8090640 O=C1NC(Br)NCN(C=CC=CC(O)=C2CCOC2=O)C1=O 1 O=C1NCNCN(C=CC=CC=C2CCOC2=O)C1=O 1.0000000 1.0000 0.7048532 0.7049 0.6248990 4.6675
02:47:48 <INFO> Score: 0.78 Agent NLL: 16.48 Valid: 100% Step: 393
 | Agent Prior Target Score SMILES SMILES_state Scaffold DASA DASA (raw) Solubility Solubility (raw) SA SA (raw)
 | 13.4995 51.4592 61.8295 0.8850674 CN1CCCN(C=CC=CC(O)=C2C(=O)C=NC2=O)CC1 1 O=C1C=NC(=O)C1=CC=CC=CN1CCCNCC1 1.0000000 1.0000 0.7032491 0.7032 0.9136286 3.4634
 | 13.8644 51.0134 67.6665 0.9271870 O=C(O)CN1CC(=O)N(C=CC=CC(O)=C2C(=O)CC(=O)NC2=O)CC1=O 1 O=C1CN(C=CC=CC=C2C(=O)CC(=O)NC2=O)C(=O)CN1 1.0000000 1.0000 0.8346448 0.8346 0.9042755 3.5371
 | 14.3258 61.7094 51.3702 0.8834343 CC1C(=O)C1=C(O)C=CC=CN1CN(CCCO)C(=O)C1=O 1 O=C1CC1=CC=CC=CN1CNC(=O)C1=O 1.0000000 1.0000 0.7631712 0.7632 0.8218367 4.0040
 | 17.8840 75.7884 34.9330 0.8650109 O=CN1CCNN(C=CC=CC(O)=C2C(=O)NC(O)C2=O)CC1 1 O=C1CNC(=O)C1=CC=CC=CN1CCNCCN1 1.0000000 1.0000 0.8601912 0.8602 0.6515934 4.5922
 | 18.1727 55.8070 52.7266 0.8479183 CCN1C(=O)C1=C(O)C=CC=CN1CC(N)C(O)C1 1 O=C1NC1=CC=CC=CN1CCCC1 1.0000000 1.0000 0.8039914 0.8040 0.6498083 4.5973
 | 21.5531 65.3161 42.7942 0.8446116 CC1CCN(C)C(=O)CN1C=CC=CC(O)=C1CN=C(N)NC1=O 1 O=C1CN(C=CC=CC=C2CN=CNC2=O)CCCN1 1.0000000 1.0000 0.7425177 0.7425 0.7032526 4.4379
 | 11.1961 57.3346 58.2246 0.9028063 O=C1CCN(C=CC=CC(O)=C2C(=O)N2CCO)C(=O)C1 1 O=C1CCN(C=CC=CC=C2NC2=O)C(=O)C1 1.0000000 1.0000 0.7834310 0.7834 0.8723614 3.7479
 | 15.6216 55.3084 58.0957 0.8859702 CC1(C)C(=O)NCN(C=CC=CC(O)=C2CC(=O)NC2=O)C1=O 1 O=C1CC(=O)N(C=CC=CC=C2CC(=O)NC2=O)CN1 1.0000000 1.0000 0.7525213 0.7525 0.8459364 3.8905
 | 18.0354 56.1527 54.5370 0.8647631 O=C1C=NOC1=C(O)C=CC=CN1CCN(CCCCCO)CC1 1 O=C1C=NOC1=CC=CC=CN1CCNCC1 1.0000000 1.0000 0.6568006 0.6568 0.8995965 3.5716
 | 11.0503 57.8413 56.7875 0.8955373 O=C1C(=C(O)C=CC=CN2CCN(CCO)CC2=O)OC1O 1 O=C1COC1=CC=CC=CN1CCNCC1=O 1.0000000 1.0000 0.8343020 0.8343 0.7819221 4.1682
02:47:48 <INFO> Sampled SMILES O=C1C(=C(O)C=CC=CN2CC[N+](=CCC(=O)N)=CC2)C(=O)C(=O)C1=C failed to sanitize.
02:47:48 <INFO> Score: 0.75 Agent NLL: 17.46 Valid:  99% Step: 394
 | Agent Prior Target Score SMILES SMILES_state Scaffold DASA DASA (raw) Solubility Solubility (raw) SA SA (raw)
 | 29.2295 86.1077 23.6543 0.8575151 N=C1C(=O)NC(=O)C(=C(O)C=CC=CN2C(=O)C(=O)C(CO)=C2OC=CF)C1=O 1 N=C1C(=O)NC(=O)C(=CC=CC=CN2C=CC(=O)C2=O)C1=O 1.0000000 1.0000 0.7659074 0.7659 0.7221109 4.3779
 | 19.8917 64.4343 41.9091 0.8308080 CN1C(=O)C(=C(O)C=CC=CN2CCNCCCO2)CC1N 1 O=C1NCCC1=CC=CC=CN1CCNCCCO1 1.0000000 1.0000 0.7292617 0.7293 0.6705680 4.5370
 | 13.5255 63.4861 54.2952 0.9201670 O=C1NNC1=C(O)C=CC=CN1CN(CCCCO)C(=O)C1=O 1 O=C1NCN(C=CC=CC=C2NNC2=O)C1=O 1.0000000 1.0000 0.8400796 0.8401 0.8690715 3.7670
 | 14.1688 52.1563 40.4489 0.7234775 C=C1CC(=C(O)C=CC=CN2CCSS2)C(=O)N1 1 C=C1CC(=CC=CC=CN2CCSS2)C(=O)N1 1.0000000 1.0000 0.4710435 0.4710 0.6337414 4.6428
 | 14.3110 61.9356 43.3659 0.8226679 C=C1C(=N)C(=C(O)C=CC=CN2CCCN(C)C2=O)C(=O)N1C 1 C=C1NC(=O)C(=CC=CC=CN2CCCNC2=O)C1=N 1.0000000 1.0000 0.5793643 0.5794 0.8480100 3.8801
 | 15.8664 63.0536 43.8353 0.8350697 COC1=CC(=C(O)C=CC=CN2CC(=O)N(C)CC(C)C2=O)C(=O)N1 1 O=C1CN(C=CC=CC=C2C=CNC2=O)C(=O)CCN1 1.0000000 1.0000 0.6938738 0.6939 0.7272753 4.3610
 | 17.6438 57.8510 52.3166 0.8606845 COC1C(=O)C(=O)C(=C(O)C=CC=CN2CCC2)C(O)C1=O 1 O=C1CC(=O)C(=O)C(=CC=CC=CN2CCC2)C1 1.0000000 1.0000 0.7805167 0.7805 0.7169455 4.3946
 | 21.0656 71.0744 42.9115 0.8905149 CC(C)N1CN(C=CC=CC(O)=c2oc(=CCCO)c(=O)[nH]c2=O)C(=O)C1=O 1 C=c1oc(=CC=CC=CN2CNC(=O)C2=O)c(=O)[nH]c1=O 1.0000000 1.0000 0.8176546 0.8177 0.7823644 4.1665
 | 14.2639 62.4913 49.5945 0.8756706 CN1C(=O)CC(=C(O)C=CC=CN2CN(CCCCN)C2=O)C1=O 1 O=C1CC(=CC=CC=CN2CNC2=O)C(=O)N1 1.0000000 1.0000 0.7010584 0.7011 0.8768520 3.7213
 | 16.2601 56.2116 59.7371 0.9058490 O=C1CCN(C=CC=CC(O)=C2C(=O)C(O)C2=O)N1 1 O=C1CCN(C=CC=CC=C2C(=O)CC2=O)N1 1.0000000 1.0000 0.8337824 0.8338 0.8210528 4.0075
02:47:49 <INFO> Score: 0.80 Agent NLL: 15.75 Valid: 100% Step: 395
 | Agent Prior Target Score SMILES SMILES_state Scaffold DASA DASA (raw) Solubility Solubility (raw) SA SA (raw)
 | 17.8138 64.1287 51.5742 0.9039289 CN1C(=O)C(=O)CC(=O)C1=C(O)C=CC=CN1CCN(CCO)C1 1 O=C1CC(=O)C(=CC=CC=CN2CCNC2)NC1=O 1.0000000 1.0000 0.7888492 0.7888 0.8697032 3.7633
 | 12.8821 59.2242 53.2934 0.8790432 O=C1C=CCC(=C(O)C=CC=CN2CNC(=O)C(=O)C2)C1=O 1 O=C1C=CCC(=CC=CC=CN2CNC(=O)C(=O)C2)C1=O 1.0000000 1.0000 0.7584804 0.7585 0.8107925 4.0520
 | 10.7206 50.9766 64.2279 0.9000349 CN1C(=O)CCC(=C(O)C=CC=CN2CNC(=O)C2=O)C1=O 1 O=C1CCC(=CC=CC=CN2CNC(=O)C2=O)C(=O)N1 1.0000000 1.0000 0.7826987 0.7827 0.8621361 3.8058
 | 25.2144 71.0963 38.3939 0.8553922 CN1OC2C(=O)NC(=O)C(=C(O)C=CC=CN3CCN(CCCN)C3)C21 1 O=C1NC(=O)C2ONC2C1=CC=CC=CN1CCNC1 1.0000000 1.0000 0.7999693 0.8000 0.6782758 4.5141
 | 17.4051 61.5076 45.2385 0.8339537 CN1C(=O)C(=C(O)C=CC=CN2CC(CC(=O)O)OCC2=O)OC1CO 1 O=C1NCOC1=CC=CC=CN1CCOCC1=O 1.0000000 1.0000 0.7790968 0.7791 0.6293417 4.6551
 | 11.4980 59.0463 40.3954 0.7768877 CCCN1C=NN(C=CC=CC(O)=C2CC(=O)C(OC)C2=O)C1 1 O=C1CC(=O)C(=CC=CC=CN2CNC=N2)C1 1.0000000 1.0000 0.6344822 0.6345 0.5978626 4.7417
 | 18.1503 60.5147 34.5161 0.7424281 CC[N+]1(C)CCN(C=CC=CC(O)=C2CC(=O)C(N)C2=O)C1=O 1 O=C1CC(=O)C(=CC=CC=CN2CC[NH2+]C2=O)C1 1.0000000 1.0000 0.6932794 0.6933 0.4442819 5.1458
 | 10.6566 55.9055 62.2847 0.9233607 O=C1CCC(=C(O)C=CC=CN2CC(=O)N(CCO)C(=O)C2=O)C(=O)N1 1 O=C1CN(C=CC=CC=C2CCC(=O)NC2=O)C(=O)C(=O)N1 1.0000000 1.0000 0.8279361 0.8279 0.8973538 3.5876
 | 12.9524 60.4001 47.4897 0.8428893 C=C1CC(=C(O)C=CC=CN2CC(CC(=O)O)NCC2=O)C(=O)NC1=O 1 C=C1CC(=CC=CC=CN2CCNCC2=O)C(=O)NC1=O 1.0000000 1.0000 0.7471741 0.7472 0.6920384 4.4725
 | 17.0672 52.0488 54.9138 0.8356447 CN1CCN(C=CC=CC(O)=C2OC(C)(C)OC2=O)C(O)C1 1 O=C1OCOC1=CC=CC=CN1CCNCC1 1.0000000 1.0000 0.6870299 0.6870 0.7381087 4.3250
02:47:49 <INFO> Sampled SMILES O=C1C(=C(O)C=CC=CN2CCN(C=CC(O)=OC)CC2)OC(=N)C1C failed to sanitize.
02:47:50 <INFO> Score: 0.77 Agent NLL: 16.07 Valid:  99% Step: 396
 | Agent Prior Target Score SMILES SMILES_state Scaffold DASA DASA (raw) Solubility Solubility (raw) SA SA (raw)
 | 11.4333 52.1751 65.2433 0.9173314 O=C1NC(=O)C(=C(O)C=CC=CN2CC=NC(=O)C2=O)C(=O)N1 1 O=C1NC(=O)C(=CC=CC=CN2CC=NC(=O)C2=O)C(=O)N1 1.0000000 1.0000 0.8305205 0.8305 0.8697410 3.7631
 | 16.7292 57.4022 43.4677 0.7880458 O=C1CCCC(=C(O)C=CC=CN2CCCC=CC2=O)C1=O 1 O=C1CCCC(=CC=CC=CN2CCCC=CC2=O)C1=O 1.0000000 1.0000 0.4826480 0.4826 0.8813727 3.6935
 | 17.0695 61.3957 50.6125 0.8750643 CC(C)CN1C(=O)C1=C(O)C=CC=CN1CCN(C=O)CC1=O 1 O=C1NC1=CC=CC=CN1CCNCC1=O 1.0000000 1.0000 0.7102532 0.7103 0.8607399 3.8134
 | 10.1199 58.1960 54.2195 0.8782461 O=C1C(=C(O)C=CC=CN2CCN(CCO)C(=O)C2=O)CC(O)C1O 1 O=C1CCCC1=CC=CC=CN1CCNC(=O)C1=O 1.0000000 1.0000 0.8479444 0.8479 0.7065573 4.4276
 | 17.2044 50.2872 65.7168 0.9062809 CN1CCNC(=O)C1=C(O)C=CC=CN1CC(O)C1 1 O=C1NCCNC1=CC=CC=CN1CCC1 1.0000000 1.0000 0.8062613 0.8063 0.8565110 3.8361
 | 17.0166 58.2427 54.3138 0.8793478 Nc1ccc(S(=O)(=O)NC2CN2C=CC=CC(O)=C2C(=O)NC(=O)NC2=O)cc1 1 O=C1NC(=O)C(=CC=CC=CN2CC2NS(=O)(=O)c2ccccc2)C(=O)N1 1.0000000 1.0000 0.7212107 0.7212 0.8625817 3.8034
 | 14.7204 60.7352 54.7399 0.9021492 O=C1CCN(C=CC=CC(O)=C2C(=O)CC(=O)C(=O)C2=O)C(=O)N1 1 O=C1CCN(C=CC=CC=C2C(=O)CC(=O)C(=O)C2=O)C(=O)N1 1.0000000 1.0000 0.7709297 0.7709 0.8866482 3.6600
 | 15.5766 60.4744 48.3852 0.8504661 C=C1NC(=O)C(=C(O)C=CC=CN2CCNC(C(=O)O)C2=O)CC1=O 1 C=C1NC(=O)C(=CC=CC=CN2CCNCC2=O)CC1=O 1.0000000 1.0000 0.7774815 0.7775 0.6850643 4.4937
 | 13.7048 58.0947 52.0225 0.8602900 CNC1C(=O)CC(=C(O)C=CC=CN2CN(C)C(=O)C2=O)C1=O 1 O=C1CC(=O)C(=CC=CC=CN2CNC(=O)C2=O)C1 1.0000000 1.0000 0.8010210 0.8010 0.6936426 4.4676
 | 17.8490 61.4290 -61.4290 0.0000000 C=CCN1CC(=O)N(C=CC=CC(O)=C2NN(C)C2=O)C1 1 O=C1NNC1=CC=CC=CN1CNCC1=O 1.0000000 1.0000 0.7671356 0.7671 0.8037807 4.0814
02:47:50 <INFO> Score: 0.78 Agent NLL: 17.63 Valid:  99% Step: 397
 | Agent Prior Target Score SMILES SMILES_state Scaffold DASA DASA (raw) Solubility Solubility (raw) SA SA (raw)
 | 28.8323 74.7633 10.1928 0.6637196 COC(=O)NCCCCN1CN(C=CC=CC(O)=C2CC=C(O)C3(OC(C)(C)OC3=O)C2=O)C1=O 1 O=C1NCN1C=CC=CC=C1CC=CC2(OCOC2=O)C1=O 1.0000000 1.0000 0.4222350 0.4222 0.5031185 4.9919
 | 23.5096 72.0485 31.9525 0.8125078 N=C1NC(=O)C(=C(O)C=CC=CN2CC(C(O)C(=O)O)NO2)C(=O)N1 1 N=C1NC(=O)C(=CC=CC=CN2CCNO2)C(=O)N1 1.0000000 1.0000 0.8762749 0.8763 0.4898998 5.0263
 | 22.1128 69.7743 41.0752 0.8660113 N=C(N)NN=C=c1[nH]c(=O)c(=C(O)C=CC=CN2CNC(=O)C(=O)C2=O)s1 1 C=c1[nH]c(=O)c(=CC=CC=CN2CNC(=O)C(=O)C2=O)s1 1.0000000 1.0000 0.8973158 0.8973 0.6223929 4.6745
 | 19.1404 58.0433 32.5785 0.7079831 CN1C2CCC1C(=C(O)C=CC=CN1CNC1=O)C2=O 1 O=C1C(=CC=CC=CN2CNC2=O)C2CCC1N2 1.0000000 1.0000 0.6926483 0.6926 0.3643181 5.3626
 | 10.0530 57.2819 60.4043 0.9194231 O=C1NC(=O)C(=C(O)C=CC=CN2CNC(=O)C(=O)C2=O)N1 1 O=C1NC(=O)C(=CC=CC=CN2CNC(=O)C(=O)C2=O)N1 1.0000000 1.0000 0.8633338 0.8633 0.8382051 3.9284
 | 24.5956 67.4338 44.2824 0.8727827 O=C1CC(C(=O)O)CC(=C(O)C=CC=CN2CCN(O)C(=O)C2=O)C(=O)N1 1 O=C1CCCC(=CC=CC=CN2CCNC(=O)C2=O)C(=O)N1 1.0000000 1.0000 0.7771466 0.7771 0.7641914 4.2340
 | 22.0181 72.8747 35.8183 0.8491640 O=C1CC(N2CCOCC2)=CC(=C(O)C=CC=CN2CN(CCO)CC(CO)O2)C(=O)N1 1 O=C1CC(N2CCOCC2)=CC(=CC=CC=CN2CNCCO2)C(=O)N1 1.0000000 1.0000 0.7569784 0.7570 0.7028527 4.4392
 | 18.6735 52.4721 60.3698 0.8815771 CN1CC(=O)N(C=CC=CC(O)=C2C(=O)NNC2N)CC1=O 1 O=C1CN(C=CC=CC=C2CNNC2=O)C(=O)CN1 1.0000000 1.0000 0.8657551 0.8658 0.7001953 4.4474
 | 20.8583 71.3118 38.4787 0.8577378 CC(=O)N1CC(=C(O)C=CC=CN2CNC(=O)C(=O)C2(C)O)C(=O)NC1=O 1 O=C1NCC(=CC=CC=CN2CNC(=O)C(=O)C2)C(=O)N1 1.0000000 1.0000 0.7992639 0.7993 0.6868485 4.4883
 | 15.7898 60.3971 49.8060 0.8609616 CC1CC(=O)C(=C(O)C=CC=CN2CCN(C=O)CC2=O)C(=O)N1C 1 O=C1CCNC(=O)C1=CC=CC=CN1CCNCC1=O 1.0000000 1.0000 0.7305676 0.7306 0.7772118 4.1860
02:47:51 <INFO> Sampled SMILES O=C1NC(=O)C(=C(O)C=CC=CN2CCNC(=O)CCl2)C(S(=O)O)CO1 failed to sanitize.
02:47:51 <INFO> Score: 0.77 Agent NLL: 17.56 Valid:  99% Step: 398
 | Agent Prior Target Score SMILES SMILES_state Scaffold DASA DASA (raw) Solubility Solubility (raw) SA SA (raw)
 | 24.1162 70.5941 33.6631 0.8145098 COC(=O)C1(CO)CN1C=CC=CC(O)=C1NCC(O)NC1=O 1 O=C1NCCNC1=CC=CC=CN1CC1 1.0000000 1.0000 0.8674298 0.8674 0.5010526 4.9973
 | 20.1521 56.9123 44.7058 0.7938916 O=C(O)CCC1CN(C=CC=CC(O)=C2C=CCCC2=O)C(=O)CO1 1 O=C1CCC=CC1=CC=CC=CN1CCOCC1=O 1.0000000 1.0000 0.5467013 0.5467 0.7828833 4.1645
 | 15.6104 55.2721 59.0336 0.8930128 C=C1CNC(=O)C(=C(O)C=CC=CN2CCN(CCN)CC2)O1 1 C=C1CNC(=O)C(=CC=CC=CN2CCNCC2)O1 1.0000000 1.0000 0.7499828 0.7500 0.8780934 3.7137
 | 16.0255 59.5051 42.3625 0.7958412 CC1OC(=C(O)C=CC=CN2CCCN(C)C2=O)C(=O)C1=NO 1 N=C1COC(=CC=CC=CN2CCCNC2=O)C1=O 1.0000000 1.0000 0.6042752 0.6043 0.7014379 4.4436
 | 14.3514 62.2554 49.9099 0.8762913 CN1CCC(=O)N(C=CC=CC(O)=C2C(=O)OC(=CO)C2=O)CC1=O 1 C=C1OC(=O)C(=CC=CC=CN2CC(=O)NCCC2=O)C1=O 1.0000000 1.0000 0.7147356 0.7147 0.8593088 3.8212
 | 19.6730 71.6622 34.4522 0.8290182 CCCCN1CCC(=O)N(C=CC=CC(O)=C2CC(O)C(=N)NC2=O)CC1=O 1 N=C1CCC(=CC=CC=CN2CC(=O)NCCC2=O)C(=O)N1 1.0000000 1.0000 0.6628756 0.6629 0.7451620 4.3010
 | 19.5270 61.8382 52.1550 0.8905720 O=CN1CN(C=CC=CC(O)=C2OC(CO)(CO)NC2=O)C(=O)C1=O 1 O=C1NCN(C=CC=CC=C2OCNC2=O)C1=O 1.0000000 1.0000 0.8879186 0.8879 0.7088627 4.4203
 | 17.1163 57.6991 54.5083 0.8766208 CC1(C)CC(=O)C(=C(O)C=CC=CN2CC(=O)N(CCCO)C2=O)C(=O)N1 1 O=C1CN(C=CC=CC=C2C(=O)CCNC2=O)C(=O)N1 1.0000000 1.0000 0.6911768 0.6912 0.8959885 3.5972
 | 21.5743 74.0287 32.2358 0.8301915 CC(=O)NC1C(N(CCO)CCO)=CC(=C(O)C=CC=CN2CCCN(C=O)C2=O)C(=O)N1C 1 O=C1NCC=CC1=CC=CC=CN1CCCNC1=O 1.0000000 1.0000 0.7411067 0.7411 0.6556799 4.5804
 | 21.8646 63.4755 46.0538 0.8556975 CC1=C(CO)CC(=C(O)C=CC=CN2C(=O)C=CC(=O)C2=O)C1=O 1 O=C1C=CC(=O)N(C=CC=CC=C2CC=CC2=O)C1=O 1.0000000 1.0000 0.6865061 0.6865 0.8161532 4.0290
02:47:52 <INFO> Score: 0.79 Agent NLL: 16.83 Valid: 100% Step: 399
 | Agent Prior Target Score SMILES SMILES_state Scaffold DASA DASA (raw) Solubility Solubility (raw) SA SA (raw)
 | 13.7294 65.1994 49.0770 0.8927847 O=C1CCN(C=CC=CC(O)=C2C(=O)CC2=O)S(=O)(=O)N1 1 O=C1CCN(C=CC=CC=C2C(=O)CC2=O)S(=O)(=O)N1 1.0000000 1.0000 0.7842992 0.7843 0.8313007 3.9610
 | 17.4268 61.0799 52.5212 0.8875086 O=C1C=C(C(O)O)C(=C(O)C=CC=CN2CCCNCC2)C(=O)C1 1 O=C1C=CC(=CC=CC=CN2CCCNCC2)C(=O)C1 1.0000000 1.0000 0.7430058 0.7430 0.8652351 3.7887
 | 12.2741 53.5386 59.3473 0.8819210 O=C1CCC(=C(O)C=CC=CN2CNC(=O)C2=O)C(=O)C1 1 O=C1CCC(=CC=CC=CN2CNC(=O)C2=O)C(=O)C1 1.0000000 1.0000 0.7522964 0.7523 0.8301144 3.9665
 | 22.6396 64.2307 52.0730 0.9086225 CN1C(=O)C(=O)NC(=O)C(=C(O)C=CC=CN2CCCN(O)C2=O)C1=O 1 O=C1NC(=O)C(=CC=CC=CN2CCCNC2=O)C(=O)NC1=O 1.0000000 1.0000 0.7824898 0.7825 0.8975037 3.5865
 | 29.4971 85.8319 22.1291 0.8434448 CN1CCC(O)OC(=O)C(=C(O)C=CC=CN2CC(=O)N(CCCCCN)CC2=N)C1=O 1 N=C1CNC(=O)CN1C=CC=CC=C1C(=O)NCCCOC1=O 1.0000000 1.0000 0.7004017 0.7004 0.7499310 4.2846
 | 11.5771 55.8125 53.7899 0.8562687 CN1CCCC(=C(O)C=CC=CN2CCCNS2(=O)=O)C1=O 1 O=C1NCCCC1=CC=CC=CN1CCCNS1(=O)=O 1.0000000 1.0000 0.6786553 0.6787 0.8298188 3.9679
 | 14.7769 54.5033 -54.5033 0.0000000 CC(C)N1C(=O)NC(=O)C(=C(O)C=CC=CN2CCN(C)CC2=O)C1=O 1 O=C1NC(=O)C(=CC=CC=CN2CCNCC2=O)C(=O)N1 1.0000000 1.0000 0.7085799 0.7086 0.9224293 3.3871
 | 11.9326 55.5352 55.0096 0.8636311 C=c1[nH][nH]c(=O)c1=C(O)C=CC=CN1CCCC(N)C1 1 C=c1[nH][nH]c(=O)c1=CC=CC=CN1CCCCC1 1.0000000 1.0000 0.8014457 0.8014 0.7045792 4.4338
 | 10.2333 54.3847 60.4621 0.8972411 CN1C(=O)NC(=O)C(=C(O)C=CC=CN2CC(C(=O)O)OCC2=O)C1=O 1 O=C1NC(=O)C(=CC=CC=CN2CCOCC2=O)C(=O)N1 1.0000000 1.0000 0.7973099 0.7973 0.8322732 3.9565
 | 12.1184 55.0014 55.1213 0.8603338 O=C(O)CC1CN(C=CC=CC(O)=C2COC(=O)NC2=O)C(=O)CO1 1 O=C1NC(=O)C(=CC=CC=CN2CCOCC2=O)CO1 1.0000000 1.0000 0.7463126 0.7463 0.7552599 4.2659
02:47:52 <INFO> Score: 0.78 Agent NLL: 17.09 Valid: 100% Step: 400
 | Agent Prior Target Score SMILES SMILES_state Scaffold DASA DASA (raw) Solubility Solubility (raw) SA SA (raw)
 | 11.1411 57.9171 57.8432 0.9043772 CN1CC(=O)N(C=CC=CC(O)=C2CC(=O)NNNC2=O)CC1=O 1 O=C1CN(C=CC=CC=C2CC(=O)NNNC2=O)C(=O)CN1 1.0000000 1.0000 0.8459183 0.8459 0.8014460 4.0910
 | 17.2807 58.8402 52.0534 0.8663557 COC1=CC(=O)C(=C(O)C=CC=CN2CC(=CC(=O)O)OCC2=O)C1=O 1 C=C1CN(C=CC=CC=C2C(=O)C=CC2=O)C(=O)CO1 1.0000000 1.0000 0.6955129 0.6955 0.8463653 3.8884
 | 23.3608 61.7300 51.6073 0.8854476 N#CC1C(=O)C(O)(O)C(=O)C(=O)C1=C(O)C=CC=CN1CC1 1 O=C1CC(=O)C(=O)C(=CC=CC=CN2CC2)C1 1.0000000 1.0000 0.8349621 0.8350 0.7448760 4.3020
 | 12.3694 62.0744 54.0850 0.9074949 O=C1NC(=O)C(=C(O)C=CC=CN2CN(CCO)CC2=O)C=C1N1CC1 1 O=C1NC(=O)C(N2CC2)=CC1=CC=CC=CN1CNCC1=O 1.0000000 1.0000 0.8166967 0.8167 0.8481502 3.8794
 | 28.3056 68.8779 28.1599 0.7581073 CCC1CN(C=CC=CC(O)=C2C(=O)OC(=O)N(C)C2=O)C2CC(=O)C=C2O1 1 O=C1C=C2OCCN(C=CC=CC=C3C(=O)NC(=O)OC3=O)C2C1 1.0000000 1.0000 0.5697907 0.5698 0.6137769 4.6982
 | 19.1410 60.5575 -60.5575 0.0000000 CN1C(=O)NC(=O)C(=C(O)C=CC=CN2CCC(C(=N)N)C2=O)C1=O 1 O=C1NC(=O)C(=CC=CC=CN2CCCC2=O)C(=O)N1 1.0000000 1.0000 0.7771379 0.7771 0.7955323 4.1150
 | 25.2256 75.0388 30.3961 0.8237107 C[N+](C)(C)CC1CN(C=CC=CC(O)=C2C(=O)CC(OC(N)=O)C(=O)NC2=O)C(=O)O1 1 O=C1CCC(=O)C(=CC=CC=CN2CCOC2=O)C(=O)N1 1.0000000 1.0000 0.7229909 0.7230 0.6535733 4.5865
 | 13.0117 53.1072 62.3349 0.9018915 O=C1OCC1=C(O)C=CC=CN1CN(CCO)CCC1=O 1 O=C1OCC1=CC=CC=CN1CNCCC1=O 1.0000000 1.0000 0.7780871 0.7781 0.8758187 3.7275
 | 19.1758 46.7240 57.7329 0.8160692 CCN(C=CC=CC(O)=C1C(=O)C(C)C(=O)N1C)CC 1 C=C1NC(=O)CC1=O 1.0000000 1.0000 0.5925903 0.5926 0.7978991 4.1054
 | 24.9912 78.2284 29.3329 0.8403225 CC=C1CNCN(C=CC=CC(O)=C2C=C(N)CNNC2=O)C1=O 1 C=C1CNCN(C=CC=CC=C2C=CCNNC2=O)C1=O 1.0000000 1.0000 0.7577770 0.7578 0.6717744 4.5334
02:47:53 <INFO> Purging diversity filter memories in stage 1
02:47:53 <WARN> Maximum number of steps of 400 reached in stage 1. Terminating all stages.
02:47:53 <INFO> Peak main memory usage: 7184.805 MiB
02:47:53 <INFO> Finished REINVENT on 2026-07-17
