Agent,Prior,Target,Score,SMILES,SMILES_state,Scaffold,DASA,DASA (raw),Solubility,Solubility (raw),SA,SA (raw),step
19.6443,21.6270,-21.6143,0.0000994,OC(COc1ccccc1)CN1CCN(CC(O)COC(c2ccccc2)c2ccccc2)CC1,1,c1ccc(OCCCN2CCN(CCCOC(c3ccccc3)c3ccccc3)CC2)cc1,0.0000000,0.0000,0.2696562,0.2697,0.9577338,2.9671,1
17.6120,17.6294,-17.6126,0.0001310,CCc1c(C)[nH]c(N2CCCCC2)nc1=O,1,O=c1cc[nH]c(N2CCCCC2)n1,0.0000000,0.0000,0.6078054,0.6078,0.9847437,2.2852,1
31.1421,31.5213,-31.5043,0.0001328,O=C1C=C2CCCC(F)(F)C2C(=O)C1=O,1,O=C1C=C2CCCCC2C(=O)C1=O,0.0000000,0.0000,0.6951076,0.6951,0.8377937,3.9304,1
26.8721,27.1427,-27.1256,0.0001336,COC(=O)c1n[nH]c(=O)c(O)c1-c1ccccc1,1,O=c1cc(-c2ccccc2)cn[nH]1,0.0000000,0.0000,0.6455071,0.6455,0.9848522,2.2805,1
21.6950,23.1999,-23.1839,0.0001248,COCCNC(=O)C1CCCN(Cc2cccc(OC)c2)CC1,1,c1ccc(CN2CCCCCC2)cc1,0.0000000,0.0000,0.5253148,0.5253,0.9858768,2.2342,1
36.4737,37.2089,-37.1932,0.0001230,CCCc1nnnn1CC1=C(C)CC(C)(C2CC2)OC1=O,1,O=C1OC(C2CC2)CC=C1Cn1cnnn1,0.0000000,0.0000,0.5336050,0.5336,0.8912411,3.6297,1
21.6399,22.3262,-22.3131,0.0001030,Cc1ccc(NC(=O)CSc2nnc(CCNC(=O)OC(C)(C)C)o2)cc1,1,O=C(CSc1nnco1)Nc1ccccc1,0.0000000,0.0000,0.2956763,0.2957,0.9865021,2.2043,1
21.4216,22.2130,-22.1981,0.0001169,NC(=O)c1ccc(-c2cc(=NCCc3ccccc3)[nH]cn2)cc1,1,c1ccc(CCN=c2cc(-c3ccccc3)nc[nH]2)cc1,0.0000000,0.0000,0.4341530,0.4342,0.9764655,2.5731,1
18.8672,19.2092,-19.1945,0.0001148,COc1ccc(NC(=O)OCCN2C(=O)c3ccccc3C2=O)cc1,1,O=C(Nc1ccccc1)OCCN1C(=O)c2ccccc2C1=O,0.0000000,0.0000,0.4072541,0.4073,0.9920232,1.8580,1
23.8280,24.2174,-24.2039,0.0001051,CS(=O)(=O)Nc1ccc(Cl)c(-c2cn3ccccc3n2)c1,1,c1ccc(-c2cn3ccccc3n2)cc1,0.0000000,0.0000,0.3142367,0.3142,0.9854319,2.2547,1
23.5442,24.1255,-24.1128,0.0000992,CCOC(=O)c1ccc(NC(=O)C(C)OC(=O)C=Cc2ccccc2)cc1,1,O=C(COC(=O)C=Cc1ccccc1)Nc1ccccc1,0.0000000,0.0000,0.2642632,0.2643,0.9843774,2.3009,1
21.9445,23.0639,-23.0472,0.0001308,CNc1cc2[nH]cc(C(=O)O)c(=O)c2cc1F,1,O=c1cc[nH]c2ccccc12,0.0000000,0.0000,0.6067170,0.6067,0.9834965,2.3372,1
26.3711,27.1871,-27.1713,0.0001239,COc1cccc(NC(=O)CN(C)S(=O)(=O)N2CC(C)CC(C)C2)c1,1,O=C(CNS(=O)(=O)N1CCCCC1)Nc1ccccc1,0.0000000,0.0000,0.5228231,0.5228,0.9591362,2.9442,1
21.5244,25.1235,-25.1075,0.0001248,C=C(C)c1cc(C=C2C(=O)N(C)C(=O)N(C)C2=O)ccc1O,1,O=C1NC(=O)C(=Cc2ccccc2)C(=O)N1,0.0000000,0.0000,0.5295665,0.5296,0.9737462,2.6461,1
26.1918,26.3415,-26.3250,0.0001292,CCOc1ccc(-c2nn(C)c(=NC)o2)cc1,1,N=c1[nH]nc(-c2ccccc2)o1,0.0000000,0.0000,0.5864341,0.5864,0.9748941,2.6162,1
40.7188,44.3593,-44.3437,0.0001222,CC(C)CC(NC(=O)OC(C)(C)C)C(=O)N1CCCC1C(=O)N=C(O)C(C)CNCCN,1,C1CCNC1,0.0000000,0.0000,0.5380450,0.5380,0.8489596,3.8753,1
19.9054,21.3153,-21.3020,0.0001037,Cc1ccc(NC(=O)CSCC(=O)Nc2ccccc2)cc1,1,O=C(CSCC(=O)Nc1ccccc1)Nc1ccccc1,0.0000000,0.0000,0.3002394,0.3002,0.9947164,1.5878,1
38.8814,37.1854,-37.1763,0.0000713,CCCOc1ccc2c(O)n(Cc3ccc(OC)c4cc(OC)ccc34)c(=O)cc2c1,1,O=c1cc2ccccc2cn1Cc1cccc2ccccc12,0.0000000,0.0000,0.0985008,0.0985,0.9799819,2.4653,1
20.7244,22.5331,-22.5167,0.0001281,CCNCC1=Cc2ccccc2OC1,1,C1=Cc2ccccc2OC1,0.0000000,0.0000,0.5705351,0.5705,0.9814931,2.4132,1
34.1322,33.3266,-33.3106,0.0001245,O=C(CS(=O)(=O)N1CCN(C(=O)C2CCCCC2)CC1)NCc1ccc(F)cc1,1,O=C(CS(=O)(=O)N1CCN(C(=O)C2CCCCC2)CC1)NCc1ccccc1,0.0000000,0.0000,0.5212541,0.5213,0.9863482,2.2117,1
28.2028,29.6812,-29.6672,0.0001092,COc1cccc(S(=O)(=O)N(C)C2CCN(CCOc3ccccc3)C2)c1C,1,O=S(=O)(NC1CCN(CCOc2ccccc2)C1)c1ccccc1,0.0000000,0.0000,0.3548995,0.3549,0.9725227,2.6766,1
30.3237,31.8864,-31.8752,0.0000876,CCN(CC)Cc1ccc(OCCCCCN2CC(C(=O)O)CC(F)(F)C2)cc1,1,c1ccc(OCCCCCN2CCCCC2)cc1,0.0000000,0.0000,0.1846942,0.1847,0.9581770,2.9600,1
21.5559,21.5499,-21.5348,0.0001181,Cc1ccc(S(=O)(=O)N=c2cnc3ccccc3[nH]2)cc1,1,O=S(=O)(N=c1cnc2ccccc2[nH]1)c1ccccc1,0.0000000,0.0000,0.4474558,0.4475,0.9791545,2.4922,1
18.2975,18.9080,-18.8903,0.0001379,CCn1cnc2c1C(=O)C=CC2=O,1,O=C1C=CC(=O)c2[nH]cnc21,0.0000000,0.0000,0.7200919,0.7201,0.9605787,2.9198,1
28.4948,28.0944,-28.0865,0.0000616,CCCCCC(O)CCCCCCC1CCC(=O)N1CCCc1ccc(C(=O)O)cc1,1,O=C1CCCN1CCCc1ccccc1,0.0000000,0.0000,0.0646679,0.0647,0.9494702,3.0891,1
22.6560,23.3912,-23.3773,0.0001080,CC(C)(C)n1cc(C(O)NCC2CCCCC2)cc1O,1,c1cc(CNCC2CCCCC2)c[nH]1,0.0000000,0.0000,0.3575330,0.3575,0.9059719,3.5242,1
20.5455,20.7089,-20.6970,0.0000935,FC(F)(F)c1cccc(NCc2ccco2)c1,1,c1ccc(NCc2ccco2)cc1,0.0000000,0.0000,0.2202719,0.2203,0.9914535,1.9033,1
39.0821,40.4971,-40.4824,0.0001153,COC(=O)c1c(Br)cc2c(c1O)C1OC(OC(CO)C(O)C1O)N2C,1,c1ccc2c(c1)NC1OCCCC2O1,0.0000000,0.0000,0.6530931,0.6531,0.4454486,5.1427,1
27.4253,27.2764,-27.2610,0.0001200,O=C1NCCc2c1ncn2Cc1ccc(O)c2ccccc12,1,O=C1NCCc2c1ncn2Cc1cccc2ccccc12,0.0000000,0.0000,0.4700322,0.4700,0.9760817,2.5839,1
25.8125,26.6245,-26.6090,0.0001218,O=C(CN1C(=O)COc2ccc(S(=O)(=O)N3CCCC3)cc21)NCc1ccsc1,1,O=C(CN1C(=O)COc2ccc(S(=O)(=O)N3CCCC3)cc21)NCc1ccsc1,0.0000000,0.0000,0.4895391,0.4895,0.9812367,2.4223,1
35.7301,38.9314,-38.9142,0.0001339,C=CCN1CCN(C(=O)C2CN(S(C)(=O)=O)CC2C(=O)NCc2cccc(O)c2)CC1,1,O=C(NCc1ccccc1)C1CNCC1C(=O)N1CCNCC1,0.0000000,0.0000,0.6744881,0.6745,0.9238412,3.3742,1
27.0500,26.8317,-26.8222,0.0000744,O=C(Nc1cccc(N=c2nc(-c3cccnc3)cc[nH]2)c1)c1ccnc(C(F)(F)F)c1,1,O=C(Nc1cccc(N=c2nc(-c3cccnc3)cc[nH]2)c1)c1ccncc1,0.0000000,0.0000,0.1130848,0.1131,0.9593717,2.9403,1
21.3027,22.5753,-22.5595,0.0001237,NC(CCc1ccccc1)C(=O)C(O)Cc1ccccc1,1,O=C(CCCc1ccccc1)CCc1ccccc1,0.0000000,0.0000,0.5164638,0.5165,0.9718332,2.6932,1
22.7782,24.8511,-24.8354,0.0001226,CN1N=C(c2cccc([N+](=O)[O-])c2)c2cc(O)c(O)cc2CC1=O,1,O=C1Cc2ccccc2C(c2ccccc2)=NN1,0.0000000,0.0000,0.5021881,0.5022,0.9735739,2.6505,1
25.4176,27.9671,-27.9536,0.0001054,CN1C(=O)CCC2(C)C(Cc3ccccc3)CCC12,1,O=C1CCC2C(Cc3ccccc3)CCC2N1,0.0000000,0.0000,0.3273722,0.3274,0.9284295,3.3305,1
27.0704,26.1229,-26.1099,0.0001015,Cc1csc(N2CCC3(CN(CC(C)C)CC3C)C2)n1,1,c1csc(N2CCC3(CCNC3)C2)n1,0.0000000,0.0000,0.3203043,0.3203,0.7926943,4.1263,1
26.1282,29.4469,-29.4284,0.0001447,CC1(O)CC(=O)N(NC2=c3ccccc3=NC2=O)C1=O,1,O=C1N=c2ccccc2=C1NN1C(=O)CCC1=O,0.0000000,0.0000,0.8657558,0.8658,0.8969783,3.5902,1
44.4879,44.5682,-44.5626,0.0000433,Cc1ccccc1C=CC=CC(=O)C=Cc1ccc(C=Cc2coc3ccccc3c2=O)nc1,1,O=C(C=CC=Cc1ccccc1)C=Cc1ccc(C=Cc2coc3ccccc3c2=O)nc1,0.0000000,0.0000,0.0223360,0.0223,0.9585888,2.9532,1
22.4923,23.1445,-23.1296,0.0001164,CCCCc1ccc(COCC(O)CNC(C)C)cc1,1,c1ccccc1,0.0000000,0.0000,0.4272502,0.4273,0.9818603,2.3999,1
17.1565,18.9986,-18.9821,0.0001294,NN(C=S)CC1CN(c2ccc(N3CCOCC3)c(F)c2)C(=O)O1,1,O=C1OCCN1c1ccc(N2CCOCC2)cc1,0.0000000,0.0000,0.6054937,0.6055,0.9293100,3.3218,1
26.9733,31.1939,-31.1826,0.0000881,CC(=CC=CC=CC(=O)O)CC1=C(C)CC(=O)CC1(C)C,1,O=C1CC=CCC1,0.0000000,0.0000,0.1945923,0.1946,0.9042422,3.5373,1
33.2326,36.1097,-36.0957,0.0001089,C=CCn1c(COc2cccc(C)c2)nnc1SC(=CN(C)C)C(=O)O,1,c1ccc(OCc2nnc[nH]2)cc1,0.0000000,0.0000,0.3539150,0.3539,0.9638683,2.8608,1
30.7483,31.6270,-31.6140,0.0001012,CC(SC(=S)N1CCOCC1)C(=S)N1CCN(C(=O)OCc2ccccc2)CC1,1,O=C(OCc1ccccc1)N1CCN(C(=S)CSC(=S)N2CCOCC2)CC1,0.0000000,0.0000,0.2862845,0.2863,0.9503977,3.0764,1
23.8776,23.1399,-23.1299,0.0000784,c1ccc(-c2nc(-c3cc4ccccc4o3)c[nH]2)cc1,1,c1ccc(-c2nc(-c3cc4ccccc4o3)c[nH]2)cc1,0.0000000,0.0000,0.1307042,0.1307,0.9829174,2.3601,1
20.7276,23.4988,-23.4867,0.0000950,CC1(C)OC2=C(C(=O)c3ccccc3C2=O)C1Nc1ccccc1[N+](=O)[O-],1,O=C1C2=C(C(=O)c3ccccc31)C(Nc1ccccc1)CO2,0.0000000,0.0000,0.2372446,0.2372,0.9486488,3.1002,1
27.9636,28.6956,-28.6789,0.0001310,CN1CCC2c3ccccc3N(C(N)=O)C21,1,c1ccc2c(c1)NC1NCCC21,0.0000000,0.0000,0.6325076,0.6325,0.9194581,3.4137,1
33.6097,32.8846,-32.8757,0.0000702,CC(C)N(C(=O)c1ccc2c(c1)[nH]c(=O)c(=O)n2Cc1ccc(-c2ccccc2)cc1)C(C)C,1,O=c1[nH]c2ccccc2n(Cc2ccc(-c3ccccc3)cc2)c1=O,0.0000000,0.0000,0.0936140,0.0936,0.9830834,2.3536,1
24.3471,25.8034,-25.7873,0.0001258,C=C(OC)C(=O)N1CCCc2ccccc21,1,c1ccc2c(c1)CCCN2,0.0000000,0.0000,0.5403271,0.5403,0.9811832,2.4242,1
19.0186,20.2869,-20.2698,0.0001335,CC1CN=C(N)N1CCc1cccs1,1,C1=NCCN1CCc1cccs1,0.0000000,0.0000,0.6646677,0.6647,0.9330747,3.2835,1
25.4222,25.7770,-25.7602,0.0001314,O=C(C1CCCO1)N(CCO)Cc1cc2cc3c(cc2[nH]c1=O)OCO3,1,O=C(NCc1cc2cc3c(cc2[nH]c1=O)OCO3)C1CCCO1,0.0000000,0.0000,0.6266875,0.6267,0.9506679,3.0727,1
33.7122,34.9498,-34.9351,0.0001151,CCC(C)(O)C(=O)N1CCC(C(=O)NC(CC(=O)O)c2ccc(Cl)cc2)CC1,1,O=C(NCc1ccccc1)C1CCNCC1,0.0000000,0.0000,0.4216244,0.4216,0.9500087,3.0818,1
25.4709,25.6498,-25.6357,0.0001095,COCC1CSn2ccnc2CN(Cc2ccc(F)cc2)C1,1,c1ccc(CN2CCCSn3ccnc3C2)cc1,0.0000000,0.0000,0.3702554,0.3703,0.9170708,3.4345,1
27.5960,25.2942,-25.2834,0.0000846,O=C1OC(C(=O)NCCCCN=c2c3ccccc3[nH]c3ccccc23)Cc2ccccc21,1,O=C1OC(C(=O)NCCCCN=c2c3ccccc3[nH]c3ccccc23)Cc2ccccc21,0.0000000,0.0000,0.1672269,0.1672,0.9486916,3.0996,1
19.2527,20.2398,-20.2261,0.0001069,COc1ccc(N2C(=O)C(=Nc3ccccc3)C(Cl)C2=O)cc1,1,O=C1CC(=Nc2ccccc2)C(=O)N1c1ccccc1,0.0000000,0.0000,0.3347320,0.3347,0.9640287,2.8578,1
43.6345,45.4074,-45.3908,0.0001296,CC(C)CC(=NCCCC(N)C(=O)O)NC(=O)C12OC(=O)C(C)C1O2,1,O=C1CC2OC2O1,0.0000000,0.0000,0.7507052,0.7507,0.6451275,4.6106,1
21.3549,24.4437,-24.4283,0.0001199,O=C(CNS(=O)(=O)c1ccccc1)NCCN1C(=O)SC(=Cc2ccccc2)C1=O,1,O=C(CNS(=O)(=O)c1ccccc1)NCCN1C(=O)SC(=Cc2ccccc2)C1=O,0.0000000,0.0000,0.4662181,0.4662,0.9864594,2.2063,1
19.6734,19.5147,-19.4992,0.0001212,CCCCCOc1ccc(CN)cc1,1,c1ccccc1,0.0000000,0.0000,0.4791520,0.4792,0.9951547,1.5311,1
20.7819,21.6317,-21.6138,0.0001397,O=C1c2ccccc2C(=O)N1CCNCCN1CCOCC1,1,O=C1c2ccccc2C(=O)N1CCNCCN1CCOCC1,0.0000000,0.0000,0.7353617,0.7354,0.9893222,2.0497,1
28.0148,30.6326,-30.6250,0.0000595,CC(NC(=O)Nc1cccc(C2(C)N=C(N)COC(C)(C)C2(F)F)c1)c1ccc(Cl)cc1,1,O=C(NCc1ccccc1)Nc1cccc(C2CCOCC=N2)c1,0.0000000,0.0000,0.0603581,0.0604,0.8949857,3.6041,1
28.3242,29.3234,-29.3126,0.0000849,CCC(=O)N(c1ccccc1)C1(CCO)CCN(Cc2ccc(C)cc2)CC1,1,c1ccc(CN2CCC(Nc3ccccc3)CC2)cc1,0.0000000,0.0000,0.1658787,0.1659,0.9797406,2.4733,1
29.5134,29.1629,-29.1567,0.0000485,COc1ccc2c(-c3cc(Cl)c(O)cc3O)c(-c3ccc4c(c3)OCO4)sc2c1,1,c1ccc(-c2c(-c3ccc4c(c3)OCO4)sc3ccccc23)cc1,0.0000000,0.0000,0.0309821,0.0310,0.9756370,2.5962,1
21.8139,23.9305,-23.9172,0.0001038,Cc1ccc(C=CC(=O)NN=C2CCCCC2)cc1,1,O=C(C=Cc1ccccc1)NN=C1CCCCC1,0.0000000,0.0000,0.3028601,0.3029,0.9839731,2.3178,1
29.4847,30.9500,-30.9361,0.0001079,CN=C(O)CCCCCOc1ccc2cc[nH]c(=N)c2c1,1,N=c1[nH]ccc2ccccc12,0.0000000,0.0000,0.3454845,0.3455,0.9593327,2.9409,1
28.4832,30.7267,-30.7172,0.0000748,C=C(CN)c1cccc(C=CC=CCCC=C(C)C)c1,1,c1ccccc1,0.0000000,0.0000,0.1148311,0.1148,0.9581194,2.9609,1
35.9713,36.7229,-36.7096,0.0001043,Cc1cccc2[nH]c(-c3cc(=NCCC4(O)CCCC4)[nH]o3)nc12,1,c1ccc2[nH]c(-c3cc(=NCCC4CCCC4)[nH]o3)nc2c1,0.0000000,0.0000,0.3210083,0.3210,0.9130917,3.4678,1
28.6685,31.5033,-31.4921,0.0000869,CC=C(OC)C(C)=C1N(C)c2ccccc2C1(C)C,1,C=C1Cc2ccccc2N1,0.0000000,0.0000,0.1809632,0.1810,0.9557148,2.9989,1
20.6308,21.4084,-21.3908,0.0001379,[O-][N+](O)=Cc1ccccc1,1,c1ccccc1,0.0000000,0.0000,0.7125088,0.7125,0.9776332,2.5391,1
28.4147,27.4124,-27.4014,0.0000854,CCCCCCCCCCN1Cc2cc3c(cc2C1O)OCO3,1,c1c2c(cc3c1OCO3)CNC2,0.0000000,0.0000,0.1714128,0.1714,0.9575181,2.9706,1
27.5880,29.8543,-29.8418,0.0000977,NCc1cccc(C=C2CCC(=Cc3ccc(N)cc3)C2=O)c1,1,O=C1C(=Cc2ccccc2)CCC1=Cc1ccccc1,0.0000000,0.0000,0.2526181,0.2526,0.9821310,2.3899,1
25.6439,24.7061,-24.6960,0.0000791,COc1ccccc1-c1c(-c2ccccc2)nc(C(F)(F)F)n1CCC(O)CC(O)CC(=O)O,1,c1ccc(-c2nc[nH]c2-c2ccccc2)cc1,0.0000000,0.0000,0.1384827,0.1385,0.9275314,3.3392,1
24.9646,26.9175,-26.9026,0.0001158,CCCC1CCCC(C=CC2C(C)C(O)CC(O)C2O)O1,1,C(=CC1CCCCO1)C1CCCCC1,0.0000000,0.0000,0.5460634,0.5461,0.6221087,4.6753,1
24.4722,23.9797,-23.9678,0.0000929,Cc1sc(-c2csc(=N)[nH]2)c2ccccc12,1,N=c1[nH]c(-c2scc3ccccc23)cs1,0.0000000,0.0000,0.2233820,0.2234,0.9356244,3.2564,1
28.1864,28.0912,-28.0753,0.0001248,CC(C)N=c1cc(N2CCc3c(c(C(=O)NN4CCCCC4)nn3C)C2)[nH]cn1,1,N=c1cc(N2CCc3[nH]nc(C(=O)NN4CCCCC4)c3C2)[nH]cn1,0.0000000,0.0000,0.5496925,0.5497,0.9103055,3.4904,1
22.3167,24.2967,-24.2845,0.0000958,CN1CCCN(CCCOc2ccc(C(O)C3CCCCC3)cc2)CC1,1,c1cc(OCCCN2CCCNCC2)ccc1CC1CCCCC1,0.0000000,0.0000,0.2392919,0.2393,0.9759145,2.5885,1
21.7313,22.2565,-22.2411,0.0001203,O=C(NCC1(O)CCOCC1)c1cccc(Cl)c1Cl,1,O=C(NCC1CCOCC1)c1ccccc1,0.0000000,0.0000,0.4720368,0.4720,0.9836780,2.3299,1
31.4830,31.8961,-31.8850,0.0000867,C=CCc1cc(Cl)c2oc(=O)c(-c3ccc(O)cc3)c(O)c2c1O,1,O=c1oc2ccccc2cc1-c1ccccc1,0.0000000,0.0000,0.1778769,0.1779,0.9675696,2.7879,1
31.8612,32.5033,-32.4901,0.0001034,CCCCCC(=NC(=O)CCC(=O)OCC)C(=O)C(=O)NC(C)c1ccccc1,1,c1ccccc1,0.0000000,0.0000,0.3050402,0.3050,0.9500070,3.0818,1
19.2359,21.5008,-21.4842,0.0001296,CN(C)C(=O)CN1CCC(C(=O)c2ccccc2)CC1,1,O=C(c1ccccc1)C1CCNCC1,0.0000000,0.0000,0.5865204,0.5865,0.9923167,1.8333,1
30.9540,32.1448,-32.1274,0.0001361,COCc1nc(C2CCNC2)c2c(=O)[nH]ccn12,1,O=c1[nH]ccn2cnc(C3CCNC3)c12,0.0000000,0.0000,0.7292386,0.7292,0.8771423,3.7195,1
25.8142,25.6902,-25.6739,0.0001279,Cc1ccccc1C(=O)Nc1c(C)[nH][nH]c1=N,1,N=c1[nH][nH]cc1NC(=O)c1ccccc1,0.0000000,0.0000,0.5702647,0.5703,0.9723943,2.6797,1
26.7187,26.9784,-26.9629,0.0001216,CCCNNC(=O)Cc1cccc2ccccc12,1,c1ccc2ccccc2c1,0.0000000,0.0000,0.4846698,0.4847,0.9910302,1.9350,1
18.7287,19.9996,-19.9887,0.0000853,O=C(NCCC1=CCCCC1)Nc1ccc(Cl)cc1,1,O=C(NCCC1=CCCCC1)Nc1ccccc1,0.0000000,0.0000,0.1672044,0.1672,0.9905264,1.9710,1
21.5729,22.1783,-22.1622,0.0001258,CN(c1ncnc2[nH]ccc12)C1CCC(CCS(N)(=O)=O)CC1,1,c1nc(NC2CCCCC2)c2cc[nH]c2n1,0.0000000,0.0000,0.5455031,0.5455,0.9649794,2.8397,1
22.4623,25.8883,-25.8766,0.0000918,CN1C(=O)NC(=O)C(=Cc2ccc(OCCC3CCCCC3)c(Cl)c2)C1=O,1,O=C1NC(=O)C(=Cc2ccc(OCCC3CCCCC3)cc2)C(=O)N1,0.0000000,0.0000,0.2097068,0.2097,0.9812399,2.4222,1
17.8439,18.9050,-18.8922,0.0001005,COc1ccccc1C(=O)C=Cc1ccccc1,1,O=C(C=Cc1ccccc1)c1ccccc1,0.0000000,0.0000,0.2728713,0.2729,0.9945555,1.6075,1
18.7040,24.8139,-24.7960,0.0001391,C=C1C(=NO)C(=NO)CN1C,1,C=C1NCC(=N)C1=N,0.0000000,0.0000,0.8138267,0.8138,0.8124436,4.0450,1
36.1685,35.3591,-35.3448,0.0001117,CN=C1N=C(c2cccs2)CC(c2ccc(S(=O)(=O)O)cc2)N1,1,N=C1N=C(c2cccs2)CC(c2ccccc2)N1,0.0000000,0.0000,0.3938974,0.3939,0.9111587,3.4835,1
33.2033,33.3725,-33.3577,0.0001157,O=c1ccc2ccc3c4c(c(O)c(O)c3c2o1)OS(=O)(=O)C=C4,1,O=c1ccc2ccc3c4c(ccc3c2o1)OS(=O)(=O)C=C4,0.0000000,0.0000,0.4382850,0.4383,0.9098139,3.4943,1
25.7445,28.5076,-28.4915,0.0001257,O=C1NC(=O)C2(NC(=O)c3cccc4c(Br)ccc2c34)C(=O)N1,1,O=C1NC(=O)C2(NC(=O)c3cccc4cccc2c34)C(=O)N1,0.0000000,0.0000,0.5557152,0.5557,0.9285673,3.3291,1
24.4719,24.7691,-24.7624,0.0000524,O=C(C=Cc1ccccc1)c1oc2ccccc2c1-c1ccccc1,1,O=C(C=Cc1ccccc1)c1oc2ccccc2c1-c1ccccc1,0.0000000,0.0000,0.0389012,0.0389,0.9897338,2.0238,1
36.9741,37.2571,-37.2406,0.0001287,CC1CC(=O)C(C(C)C(=O)NC2CCSCC2)OC1=O,1,O=C(CC1OC(=O)CCC1=O)NC1CCSCC1,0.0000000,0.0000,0.6484794,0.6485,0.8036438,4.0820,1
28.8610,29.7275,-29.7150,0.0000977,O=C(CCCn1c(O)c2c(c1O)C1CC2C2CC12)N=c1cccc[nH]1,1,O=C(CCCn1cc2c(c1)C1CC2C2CC12)N=c1cccc[nH]1,0.0000000,0.0000,0.4321856,0.4322,0.3832945,5.3098,1
28.5788,28.7601,-28.7467,0.0001045,COc1ccc(OC)c(C=C(C#N)c2cccc(NS(C)(=O)=O)c2)c1,1,C(=Cc1ccccc1)c1ccccc1,0.0000000,0.0000,0.3086603,0.3087,0.9861824,2.2197,1
31.7286,34.0336,-34.0215,0.0000948,NCC1c2[nH]c3ccccc3c2N(CC2CC2)C2C=CC=CC12,1,C1=CC2Cc3[nH]c4ccccc4c3N(CC3CC3)C2C=C1,0.0000000,0.0000,0.2597586,0.2598,0.8008417,4.0935,1
29.6101,28.5838,-28.5711,0.0000990,CC(=O)OCCn1c(O)c(O)c(C(=O)c2ccc([N+](=O)[O-])cc2)c1-c1ccc([N+](=O)[O-])cc1,1,O=C(c1ccccc1)c1cc[nH]c1-c1ccccc1,0.0000000,0.0000,0.2645451,0.2645,0.9707099,2.7194,1
25.3819,24.1249,-24.1090,0.0001245,CC1COCCN1c1ncnc2[nH]cc(-c3cn[nH]c3)c12,1,c1nc(N2CCOCC2)c2c(-c3cn[nH]c3)c[nH]c2n1,0.0000000,0.0000,0.5442442,0.5442,0.9145303,3.4559,1
20.2794,20.8638,-20.8515,0.0000956,CC(=NNC(=O)c1ccc(Br)cc1)c1ccccc1,1,O=C(NN=Cc1ccccc1)c1ccccc1,0.0000000,0.0000,0.2353369,0.2353,0.9939038,1.6816,1
23.8245,24.4534,-24.4361,0.0001351,N=c1[nH]c2c([N+](=O)[O-])cc(C(N)=O)cc2s1,1,N=c1[nH]c2ccccc2s1,0.0000000,0.0000,0.6815746,0.6816,0.9489300,3.0964,1
30.9716,33.0623,-33.0470,0.0001192,Cc1nn(Cc2ccc(C(=O)NC(C)(C)C#N)cc2)c(C)c1CC(=O)O,1,c1ccc(Cn2cccn2)cc1,0.0000000,0.0000,0.4596614,0.4597,0.9819852,2.3953,1
43.1341,42.0303,-42.0166,0.0001074,CC(C)C(N)C(=O)OC1C(O)c2c(c(CN3CCCCC3)c(=O)n3ccccc23)OC1(C)C,1,O=c1c(CN2CCCCC2)c2c(c3ccccn13)CCCO2,0.0000000,0.0000,0.3702386,0.3702,0.8258877,3.9859,1
24.6535,26.6945,-26.6776,0.0001321,ON=C(C=Cc1ccc[nH]1)NC1CC1,1,N=C(C=Cc1ccc[nH]1)NC1CC1,0.0000000,0.0000,0.6458625,0.6459,0.9260184,3.3538,1
22.8779,22.4950,-22.4818,0.0001033,COc1ccc(C2=NNC(c3ccccc3F)C2)cc1OC,1,c1ccc(C2=NNC(c3ccccc3)C2)cc1,0.0000000,0.0000,0.3005616,0.3006,0.9718106,2.6938,1
19.3606,20.7438,-20.7265,0.0001354,CSc1c(C=O)c(C)nn1C,1,c1cn[nH]c1,0.0000000,0.0000,0.6815096,0.6815,0.9614502,2.9046,1
22.3295,27.1802,-27.1666,0.0001056,CC=C(C)C=C1SC(=NN=Cc2cccs2)NC1=O,1,C=C1SC(=NN=Cc2cccs2)NC1=O,0.0000000,0.0000,0.3381222,0.3381,0.8874893,3.6545,1
33.6553,35.1966,-35.1823,0.0001114,CC(OC(=O)C=Cc1ccc(O)c(O)c1)C(=O)OCc1ccc2c(c1)OCCO2,1,O=C(C=Cc1ccccc1)OCC(=O)OCc1ccc2c(c1)OCCO2,0.0000000,0.0000,0.3790838,0.3791,0.9634790,2.8680,1
20.0204,21.5542,-21.5393,0.0001165,CC(C)c1ccc(NC(=O)OCCN2CCOCC2)cc1,1,O=C(Nc1ccccc1)OCCN1CCOCC1,0.0000000,0.0000,0.4267674,0.4268,0.9912956,1.9153,1
32.0469,31.4609,-31.4443,0.0001302,CNC(=O)c1cn2c(cc3sc(C)cc32)c(=O)n(C)c1=O,1,O=c1ccn2c(cc3sccc32)c(=O)[nH]1,0.0000000,0.0000,0.6039088,0.6039,0.9662966,2.8138,1
57.1407,57.5418,-57.5326,0.0000721,COC(=O)CCC(C)C1(C)C2C(=O)C3C4C(=O)C(=O)C(C(C)C=O)C4(C)CCC3(C)C2(C)CC1(C)O,1,O=C1CC2CCC3C4CCCC4C(=O)C3C2C1=O,0.0000000,0.0000,0.2076275,0.2076,0.2801835,5.6147,1
35.7069,35.6769,-35.6611,0.0001229,CCOC(=O)c1c(-c2c(O)oc(C)cc2=O)c(CCO)c(=O)n2c1SCC2C(=O)OC,1,O=c1ccocc1-c1cc2n(c(=O)c1)CCS2,0.0000000,0.0000,0.5388282,0.5388,0.8713849,3.7536,1
23.8096,24.6012,-24.5845,0.0001302,CC(C)(O)C1(Cc2ccccc2)CC(=O)O1,1,O=C1CC(Cc2ccccc2)O1,0.0000000,0.0000,0.6088487,0.6088,0.9541098,3.0232,1
23.9086,25.2410,-25.2267,0.0001118,O=C(c1ccccc1)C(CN1CCOCC1)c1ccc2c(c1)OCO2,1,O=C(c1ccccc1)C(CN1CCOCC1)c1ccc2c(c1)OCO2,0.0000000,0.0000,0.3805479,0.3805,0.9746706,2.6221,1
17.5413,18.2370,-18.2243,0.0000988,Nc1ccc(N=Nc2ccccc2)cc1,1,c1ccc(N=Nc2ccccc2)cc1,0.0000000,0.0000,0.2598350,0.2598,0.9900516,2.0031,1
34.5655,34.5465,-34.5329,0.0001067,O=C(O)c1cn(Cc2ccnnc2-c2ccccc2)c2ncnc(N3CCCC3)c2c1=O,1,O=c1ccn(Cc2ccnnc2-c2ccccc2)c2ncnc(N3CCCC3)c12,0.0000000,0.0000,0.3318539,0.3319,0.9705585,2.7229,1
23.9797,25.0762,-25.0598,0.0001284,CN=c1[nH]ccc(=Nc2c(C)n(C)n(-c3ccccc3)c2=O)[nH]1,1,N=c1[nH]ccc(=Nc2c[nH]n(-c3ccccc3)c2=O)[nH]1,0.0000000,0.0000,0.5934359,0.5934,0.9259099,3.3548,1
32.5085,34.8036,-34.7868,0.0001313,CN1CCCC1=NCC(=O)NC1CCN(C2CCC(C(=O)N3CCOCC3)C2)C1,1,O=C(CN=C1CCCN1)NC1CCN(C2CCC(C(=O)N3CCOCC3)C2)C1,0.0000000,0.0000,0.6676210,0.6676,0.8472481,3.8840,1
21.2440,23.6923,-23.6809,0.0000893,Cc1ccc(C=CC(=O)Nc2ccc(C=CC(O)=NO)cc2)cc1,1,O=C(C=Cc1ccccc1)Nc1ccccc1,0.0000000,0.0000,0.1927446,0.1927,0.9835674,2.3344,1
30.8088,31.4570,-31.4437,0.0001040,CN(C)CCc1ccc(-c2csc(=NC(=O)C(N)c3ccccc3)[nH]2)cc1,1,O=C(Cc1ccccc1)N=c1[nH]c(-c2ccccc2)cs1,0.0000000,0.0000,0.3133380,0.3133,0.9367462,3.2442,1
20.7644,21.0656,-21.0580,0.0000590,O=C(CCCCCCC(O)=NO)Nc1ccc(-c2nc3ccccc3s2)cc1,1,c1ccc(-c2nc3ccccc3s2)cc1,0.0000000,0.0000,0.0556501,0.0557,0.9839140,2.3202,1
31.9502,32.5367,-32.5236,0.0001026,CCN(CC)CCCC(C)NC(=O)c1cc2c([nH]c3ccccc32)c(=O)[nH]1,1,O=c1[nH]ccc2c1[nH]c1ccccc12,0.0000000,0.0000,0.2968979,0.2969,0.9589967,2.9465,1
23.4821,25.0683,-25.0592,0.0000716,CCCCCCC(O)C=CCCCCCCCCCCO,1,,0.0000000,0.0000,0.1002368,0.1002,0.9716977,2.6964,1
21.5009,23.8882,-23.8759,0.0000956,CC(=O)c1cccc(C(C)=CC=CC(C)=CC(=O)O)c1,1,c1ccccc1,0.0000000,0.0000,0.2372733,0.2373,0.9775184,2.5426,1
34.1707,33.8969,-33.8929,0.0000314,CCOC1CCC2(C)C(CCC3(C)C2C(=O)CC2=C4CC(C)(C(=O)NCCN5CCOCC5)CCC4(C)CCC23C)C1(C)C,1,O=C(NCCN1CCOCC1)C1CCC2CCC3C(=C2C1)CC(=O)C1C2CCCCC2CCC31,0.0000000,0.0000,0.0126985,0.0127,0.4719861,5.0731,1
28.7756,28.5173,-28.5063,0.0000854,Cc1csc2nc(=O)c3cc(F)c(N4CCN(Cc5ccccc5)CC4)c(F)c3n12,1,O=c1nc2sccn2c2cc(N3CCN(Cc4ccccc4)CC3)ccc12,0.0000000,0.0000,0.1693649,0.1694,0.9750506,2.6120,1
21.1330,21.7236,-21.7099,0.0001072,Cc1ccc(S(=O)(=O)N2CCCCC2C(=O)NCCc2ccccc2)cc1,1,O=C(NCCc1ccccc1)C1CCCCN1S(=O)(=O)c1ccccc1,0.0000000,0.0000,0.3336547,0.3337,0.9843026,2.3041,1
25.0672,26.7713,-26.7540,0.0001349,CN(CC(=O)N1CCCC1C#N)C(=O)C(O)c1ccccc1,1,O=C(Cc1ccccc1)NCC(=O)N1CCCC1,0.0000000,0.0000,0.6785741,0.6786,0.9486140,3.1006,1
24.3490,24.6339,-24.6166,0.0001347,CCOC(=O)N1CCN(C(=O)CNS(=O)(=O)c2ccc(NC(C)=O)cc2)CC1,1,O=C(CNS(=O)(=O)c1ccccc1)N1CCNCC1,0.0000000,0.0000,0.6606224,0.6606,0.9886786,2.0883,1
18.0557,21.4847,-21.4683,0.0001280,C=CC1=NCCN1Cc1ccccc1,1,C1=NCCN1Cc1ccccc1,0.0000000,0.0000,0.5702753,0.5703,0.9773128,2.5486,1
28.2663,28.7803,-28.7694,0.0000851,Cc1ccc(NC(=O)C2CCCN(C(=O)c3ccc(C)cc3C)C2)cc1,1,O=C(Nc1ccccc1)C1CCCN(C(=O)c2ccccc2)C1,0.0000000,0.0000,0.1669829,0.1670,0.9852727,2.2618,1
30.7447,31.2431,-31.2286,0.0001137,COCCCN(CC(=O)NCc1ccc(F)cc1)C(=O)COc1ccc(C(C)=O)cc1,1,O=C(CNC(=O)COc1ccccc1)NCc1ccccc1,0.0000000,0.0000,0.3968936,0.3969,0.9883298,2.1083,2
14.7944,15.6668,-15.6492,0.0001382,NC1=NCC(Cc2ccccc2)C(N)=N1,1,C1=NC=NCC1Cc1ccccc1,0.0000000,0.0000,0.7367040,0.7367,0.9334420,3.2797,2
24.6750,23.7192,-23.7022,0.0001326,CS(=O)(=O)N1CCC(C(=O)Nc2cccc(S(=O)(=O)N3CCOCC3)c2)CC1,1,O=C(Nc1cccc(S(=O)(=O)N2CCOCC2)c1)C1CCNCC1,0.0000000,0.0000,0.6296176,0.6296,0.9873495,2.1615,2
41.6264,41.8614,-41.8434,0.0001405,CN(CC(=O)NC(CC(=O)O)C(=O)NC(CC(=O)O)C(=O)O)c1nc2ccccc2[nH]1,1,c1ccc2[nH]cnc2c1,0.0000000,0.0000,0.7711492,0.7711,0.9378386,3.2321,2
23.4409,23.1597,-23.1441,0.0001218,COc1ccccc1Oc1ncnc2[nH]ncc12,1,c1ccc(Oc2ncnc3[nH]ncc23)cc1,0.0000000,0.0000,0.4888243,0.4888,0.9852865,2.2612,2
25.8589,29.0720,-29.0583,0.0001074,CC1(C)C(=O)N2CCc3ccc(N4CCOCC4)cc3C2N(C2CCCC2)C1=O,1,O=C1CC(=O)N(C2CCCC2)C2c3cc(N4CCOCC4)ccc3CCN12,0.0000000,0.0000,0.3465677,0.3466,0.9294039,3.3209,2
35.5755,35.0389,-35.0246,0.0001110,CCCc1cc(CN(C)CCNC(=O)c2cccs2)ccn1,1,O=C(NCCNCc1ccncc1)c1cccs1,0.0000000,0.0000,0.3703381,0.3703,0.9854465,2.2540,2
26.3442,24.9366,-24.9291,0.0000581,Cc1onc(-c2ccccc2)c1C(=O)Nc1sc2c(c1C#N)CCCCCC2,1,O=C(Nc1cc2c(s1)CCCCCC2)c1conc1-c1ccccc1,0.0000000,0.0000,0.0532263,0.0532,0.9831324,2.3517,2
31.4949,32.8146,-32.7982,0.0001277,CCN1CC2CCc3ccccc3CC2C1NC(=O)NCCO,1,c1ccc2c(c1)CCC1CNCC1C2,0.0000000,0.0000,0.5969016,0.5969,0.8917671,3.6262,2
18.9649,20.8460,-20.8339,0.0000944,COC(=O)C1=C(C)N=C2CC(C)(C)CC(=O)C2C1c1ccc([N+](=O)[O-])cc1,1,O=C1CCCC2=NC=CC(c3ccccc3)C12,0.0000000,0.0000,0.2360849,0.2361,0.9252902,3.3606,2
26.2461,27.8442,-27.8279,0.0001277,CC(=O)NC1COC2CCN(Cc3ccc(F)cc3)CC12,1,c1ccc(CN2CCC3OCCC3C2)cc1,0.0000000,0.0000,0.5822326,0.5822,0.9288584,3.3263,2
40.8362,43.9615,-43.9474,0.0001095,CC1(C)C(OC(=O)C(N)Cc2ccccc2)OC2(O)C(=O)c3ccccc3C(=O)C21C,1,O=C(CCc1ccccc1)OC1CC2C(=O)c3ccccc3C(=O)C2O1,0.0000000,0.0000,0.3960529,0.3961,0.8156593,4.0312,2
31.9470,32.7617,-32.7458,0.0001249,Cc1ccccc1CNC(=O)CN(C)C(=O)CC(F)(F)F,1,c1ccccc1,0.0000000,0.0000,0.5266213,0.5266,0.9880988,2.1212,2
27.4138,29.1027,-29.0899,0.0001001,CCC=C1c2cc(O)c(Cl)cc2C(=O)N2CCCC12,1,C=C1c2ccccc2C(=O)N2CCCC12,0.0000000,0.0000,0.2810936,0.2811,0.9276782,3.3378,2
27.3276,27.6408,-27.6241,0.0001299,Cn1cccc1CNC(=O)Cc1ccccc1O,1,O=C(Cc1ccccc1)NCc1ccc[nH]1,0.0000000,0.0000,0.5917750,0.5918,0.9887714,2.0828,2
41.6743,41.9597,-41.9440,0.0001222,CC(CSc1n[nH]c(-c2ccccc2)n1)NCC(O)COCC(=O)NC(=O)C(C)(C)C,1,c1ccc(-c2ncn[nH]2)cc1,0.0000000,0.0000,0.5162318,0.5162,0.9096609,3.4955,2
34.8753,37.7097,-37.6945,0.0001185,BrC(=C1CN=CNC1)c1cn(Cc2ccccc2)nn1,1,C1=NCC(=Cc2cn(Cc3ccccc3)nn2)CN1,0.0000000,0.0000,0.4631244,0.4631,0.9365756,3.2461,2
27.8930,27.1284,-27.1211,0.0000571,O=c1oc2ccc(CCl)cc2cc1C(c1ccccc1)N1CCN(Cc2ccccc2)CC1,1,O=c1oc2ccccc2cc1C(c1ccccc1)N1CCN(Cc2ccccc2)CC1,0.0000000,0.0000,0.0507886,0.0508,0.9677247,2.7847,2
24.7347,47.0928,54.2168,0.7914810,CC(=O)OC1(C)CC(=O)C(=C(C)C=O)C(=O)C1=C(O)C=CC=CN(C)CCO,1,C=C1CCC(=O)C(=C)C1=O,1.0000000,1.0000,0.6104005,0.6104,0.6950029,4.4635,2
32.3468,33.0843,-33.0723,0.0000937,Cc1[nH]nc2ccc(C(=O)NC3CC(C(=O)NC4CCC4)N(C4CCC(C(O)C(C)C)CC4)C3)cc12,1,O=C(NC1CC(C(=O)NC2CCC2)N(C2CCCCC2)C1)c1ccc2n[nH]cc2c1,0.0000000,0.0000,0.2408649,0.2409,0.8604208,3.8152,2
34.3422,32.1223,-32.1091,0.0001024,COCCn1c(SCC(=O)Nc2cccc(S(=O)(=O)N=C3CCCN3)c2)nc2cc([N+](=O)[O-])ccc21,1,O=C(CSc1nc2ccccc2[nH]1)Nc1cccc(S(=O)(=O)N=C2CCCN2)c1,0.0000000,0.0000,0.2953317,0.2953,0.9565384,2.9861,2
25.2853,25.7713,-25.7585,0.0000993,N#CC1C(SCC(=O)NCc2ccccc2)=NC(=O)CC1c1cccc([N+](=O)[O-])c1,1,O=C1CC(c2ccccc2)CC(SCC(=O)NCc2ccccc2)=N1,0.0000000,0.0000,0.2735475,0.2735,0.9329299,3.2850,2
20.2892,20.4539,-20.4416,0.0000966,O=C(c1ccc(Br)cc1)N1CCN(C2CCCCC2)CC1,1,O=C(c1ccccc1)N1CCN(C2CCCCC2)CC1,0.0000000,0.0000,0.2429262,0.2429,0.9922384,1.8400,2
23.9555,25.5156,-25.5017,0.0001083,COc1ccc(CCC(O)C=CC2COC(=O)N2CCSCCCC(=O)O)cc1,1,O=C1NC(C=CCCCc2ccccc2)CO1,0.0000000,0.0000,0.3593114,0.3593,0.9105158,3.4887,2
22.5920,22.9525,-22.9458,0.0000529,CCc1nc2ccccc2n1C1CC2CCC(C1)N2C1CCCCCCC1,1,c1ccc2c(c1)ncn2C1CC2CCC(C1)N2C1CCCCCCC1,0.0000000,0.0000,0.0434404,0.0434,0.8521062,3.8592,2
24.8544,26.3368,-26.3235,0.0001046,CCCOc1ccc(C2NC(=O)N=C(C)C2C(=O)OCCN(CC)CC)cc1,1,O=C1N=CCC(c2ccccc2)N1,0.0000000,0.0000,0.3205476,0.3205,0.9261427,3.3526,2
24.0863,23.6206,-23.6075,0.0001020,Cn1cc(C(=O)CC(=O)c2ccccc2O)c2ccccc21,1,O=C(CC(=O)c1c[nH]c2ccccc12)c1ccccc1,0.0000000,0.0000,0.2869806,0.2870,0.9884217,2.1031,2
23.1886,23.2542,-23.2405,0.0001065,Cc1nc2cc(O)c(Br)cc2s1,1,c1ccc2scnc2c1,0.0000000,0.0000,0.3286060,0.3286,0.9780304,2.5272,2
30.1645,28.1794,-28.1702,0.0000717,COc1ccc(-n2nc(CC(C)(C)C(O)=NO)c(C)c2-c2ccccc2)cc1,1,c1ccc(-c2ccnn2-c2ccccc2)cc1,0.0000000,0.0000,0.1006017,0.1006,0.9728644,2.6682,2
24.2844,27.8088,-27.7967,0.0000942,O=C(C1CCN(Cc2cccnc2)CC1)N1CCC(N2C(=O)OCc3ccccc32)CC1,1,O=C(C1CCN(Cc2cccnc2)CC1)N1CCC(N2C(=O)OCc3ccccc32)CC1,0.0000000,0.0000,0.2266625,0.2267,0.9805146,2.4474,2
26.4241,25.8340,-25.8208,0.0001034,Cc1cc(-c2cccc(C#N)c2)c(C)o1,1,c1ccc(-c2ccoc2)cc1,0.0000000,0.0000,0.2988057,0.2988,0.9867997,2.1895,2
27.5737,26.3890,-26.3783,0.0000837,CON=C(c1ccccc1)c1csc(-c2ccc(OC)cc2)n1,1,N=C(c1ccccc1)c1csc(-c2ccccc2)n1,0.0000000,0.0000,0.1582785,0.1583,0.9874092,2.1583,2
38.2704,37.9544,-37.9397,0.0001147,CN(C)C(N)=NCC(C)(C)CN=Cc1ccc(Br)cc1O,1,c1ccccc1,0.0000000,0.0000,0.4223349,0.4223,0.9280870,3.3338,2
26.7116,27.6054,-27.5985,0.0000534,CC1CC(N2CCCCC2C)CCN1c1ccc(N=c2nc3c(c[nH]2)c2ccncc2n3C2CCCC2)nn1,1,c1cc2c3c[nH]c(=Nc4ccc(N5CCC(N6CCCCC6)CC5)nn4)nc3n(C3CCCC3)c2cn1,0.0000000,0.0000,0.0504934,0.0505,0.6918663,4.4731,2
23.3420,24.4495,-24.4340,0.0001217,CC(C)CC1C(=O)CON1c1ccccc1,1,O=C1CON(c2ccccc2)C1,0.0000000,0.0000,0.4983760,0.4984,0.9476171,3.1138,2
29.2646,28.2322,-28.2195,0.0000994,Cc1ccc(OC2CCN(C(=O)CCc3ccc(O)c(O)c3)CC2)cc1,1,O=C(CCc1ccccc1)N1CCC(Oc2ccccc2)CC1,0.0000000,0.0000,0.2649130,0.2649,0.9886858,2.0878,2
43.2065,47.5680,-47.5592,0.0000689,CCCC(=O)N1CCC(C(=O)N(C2CCC(=C(C)OC)CC2)C2CCCCC2C)C1,1,C=C1CCC(N(C(=O)C2CCNC2)C2CCCCC2)CC1,0.0000000,0.0000,0.0966397,0.0966,0.8439530,3.9004,2
25.2663,26.2916,-26.2784,0.0001029,Cc1ccc(CN2CCC(CCN=c3cc(C)nc(N4CCOCC4)[nH]3)CC2)cc1,1,c1ccc(CN2CCC(CCN=c3ccnc(N4CCOCC4)[nH]3)CC2)cc1,0.0000000,0.0000,0.2988579,0.2989,0.9617503,2.8993,2
22.0314,22.0955,-22.0794,0.0001255,c1cncc(CN2CCCC2CN2CCCC2)c1,1,c1cncc(CN2CCCC2CN2CCCC2)c1,0.0000000,0.0000,0.5366214,0.5366,0.9793174,2.4870,2
19.5980,19.8957,-19.8786,0.0001334,Cc1nc(=O)c2nnn(-c3ccccc3)c2[nH]1,1,O=c1nc[nH]c2c1nnn2-c1ccccc1,0.0000000,0.0000,0.6445046,0.6445,0.9787260,2.5058,2
26.7094,27.4942,-27.4794,0.0001163,CCCN1CCc2c(ccc3oc(CO)cc23)C1,1,c1cc2c3c(ccc2o1)CNCC3,0.0000000,0.0000,0.4264587,0.4265,0.9798234,2.4705,2
18.8987,26.0586,-26.0412,0.0001358,CN1C(=O)CSC1=CC=C(C#N)C#N,1,C=C1NC(=O)CS1,0.0000000,0.0000,0.7146726,0.7147,0.8982756,3.5810,2
22.6870,22.6863,-22.6711,0.0001189,COc1cc(C(=O)NNC(=O)c2cc3ccccc3oc2=O)cc(OC)c1OC,1,O=C(NNC(=O)c1cc2ccccc2oc1=O)c1ccccc1,0.0000000,0.0000,0.4545493,0.4545,0.9878749,2.1335,2
19.5406,20.3608,-20.3457,0.0001180,O=C(N=c1cccc[nH]1)N=c1cccc(C(F)(F)F)[nH]1,1,O=C(N=c1cccc[nH]1)N=c1cccc[nH]1,0.0000000,0.0000,0.4826340,0.4826,0.8540117,3.8493,2
41.6374,40.7287,-40.7190,0.0000764,O=C(C#Cc1cccc2oc(-c3ncccn3)cc12)Nc1cccc(OCCN=c2cccc[nH]2)c1,1,O=C(C#Cc1cccc2oc(-c3ncccn3)cc12)Nc1cccc(OCCN=c2cccc[nH]2)c1,0.0000000,0.0000,0.1244989,0.1245,0.9321991,3.2926,2
40.0356,38.4257,-38.4181,0.0000593,CC=C(C)C(=O)Oc1cc(C)ccc1C1CC(c2cccs2)=NN1C(=O)c1ccncc1,1,O=C(c1ccncc1)N1N=C(c2cccs2)CC1c1ccccc1,0.0000000,0.0000,0.0581465,0.0581,0.9377682,3.2329,2
41.8471,38.6880,-38.6819,0.0000477,O=C(NC(C(=O)NC(Cc1ccc2nc(-c3c(Cl)cccc3Cl)oc2c1)C(=O)O)C1CCCCC1)c1ccco1,1,O=C(NC(C(=O)NCCc1ccc2nc(-c3ccccc3)oc2c1)C1CCCCC1)c1ccco1,0.0000000,0.0000,0.0306830,0.0307,0.9144497,3.4566,2
22.0154,24.8498,-24.8333,0.0001290,CC1(C(N)=O)CCC(=Cc2ccccc2)C(=O)O1,1,O=C1OCCCC1=Cc1ccccc1,0.0000000,0.0000,0.5916731,0.5917,0.9534186,3.0334,2
29.3439,30.9467,-30.9336,0.0001022,OC1(CC#CCN2CCCC2)CC2CC1Cc1ccccc12,1,C(#CCN1CCCC1)CC1CC2CC1Cc1ccccc12,0.0000000,0.0000,0.3622292,0.3622,0.6613557,4.5640,2
29.1939,29.5931,-29.5857,0.0000578,COc1ccc(-c2ccc(NC(=O)c3ccc(F)c(C(F)(F)F)c3)cc2)cc1C(=O)O,1,O=C(Nc1ccc(-c2ccccc2)cc1)c1ccccc1,0.0000000,0.0000,0.0520208,0.0520,0.9893823,2.0460,2
22.3948,23.5297,-23.5122,0.0001364,COc1ccc(CCNC(=O)C(C)NC(C)=O)cc1OC,1,c1ccccc1,0.0000000,0.0000,0.6862129,0.6862,0.9859464,2.2309,2
25.4910,26.3967,-26.3819,0.0001162,Cn1cc2c(n1)[nH]c(=NC(=O)CCNC1CCCCC1)n1nc(-c3ccco3)nc21,1,O=C(CCNC1CCCCC1)N=c1[nH]c2n[nH]cc2c2nc(-c3ccco3)nn12,0.0000000,0.0000,0.4399231,0.4399,0.9238742,3.3739,2
29.9680,30.9403,-30.9280,0.0000955,O=C1C(Cl)C(c2cccc(O)c2)N1N=Nc1ccc([N+](=O)[O-])cc1,1,O=C1CC(c2ccccc2)N1N=Nc1ccccc1,0.0000000,0.0000,0.2501650,0.2502,0.8894816,3.6414,2
24.9652,24.6758,-24.6593,0.0001291,N=c1ncc(-c2nc(N3CCOCC3)nc3c2OC2CCCN32)c[nH]1,1,N=c1ncc(-c2nc(N3CCOCC3)nc3c2OC2CCCN32)c[nH]1,0.0000000,0.0000,0.6328552,0.6329,0.8499112,3.8705,2
18.4590,20.9819,-20.9645,0.0001353,O=C(O)C=Cc1ccc(S(=O)(=O)N2CCOCC2)cc1,1,O=S(=O)(c1ccccc1)N1CCOCC1,0.0000000,0.0000,0.6681976,0.6682,0.9904916,1.9734,2
30.7730,30.7892,-30.7770,0.0000948,Cc1cc2cc3ccccc3nc2n1C(=O)c1ccccn1,1,O=C(c1ccccn1)n1ccc2cc3ccccc3nc21,0.0000000,0.0000,0.2306966,0.2307,0.9818109,2.4017,2
27.3746,26.7098,-26.6964,0.0001051,CS(=O)(=O)c1ccc(OC(=O)N2CCCc3ccccc32)cc1,1,O=C(Oc1ccccc1)N1CCCc2ccccc21,0.0000000,0.0000,0.3132841,0.3133,0.9899249,2.0115,2
19.9573,18.4929,-18.4858,0.0000550,O=C(Nc1cccc(CN2CCC(C(=O)NC3CCCCC3)CC2)c1)c1cccc(C(F)(F)F)c1,1,O=C(Nc1cccc(CN2CCC(C(=O)NC3CCCCC3)CC2)c1)c1ccccc1,0.0000000,0.0000,0.0448821,0.0449,0.9868341,2.1878,2
37.9433,39.0553,-39.0393,0.0001250,O=C(CN=c1nc(-c2nc(=O)o[nH]2)cc[nH]1)NCCN=c1cc[nH]c2cc(Cl)ccc12,1,O=C(CN=c1nc(-c2nc(=O)o[nH]2)cc[nH]1)NCCN=c1cc[nH]c2ccccc12,0.0000000,0.0000,0.5703475,0.5703,0.8634694,3.7985,2
22.6386,29.6826,-29.6653,0.0001352,[N-]=[N+]=NC1C(=O)OC(CO)(CO)C(O)C1O,1,O=C1CCCCO1,0.0000000,0.0000,0.9106413,0.9106,0.5740093,4.8057,2
28.8683,28.8462,-28.8324,0.0001082,CC(C)NC(=O)c1oc(CCC(=O)O)cc1-c1ccccc1,1,c1ccc(-c2ccoc2)cc1,0.0000000,0.0000,0.3430842,0.3431,0.9852377,2.2634,2
30.6583,30.2487,-30.2423,0.0000498,COc1cc2c(Oc3ccc(N=Cc4c(O)[nH]c(=O)n(-c5ccc(F)cc5)c4=O)cc3F)ccnc2cc1OCc1ccccn1,1,O=c1[nH]cc(C=Nc2ccc(Oc3ccnc4cc(OCc5ccccn5)ccc34)cc2)c(=O)n1-c1ccccc1,0.0000000,0.0000,0.0342142,0.0342,0.9470553,3.1212,2
25.4865,25.9478,-25.9332,0.0001145,NC(=O)c1ccc(C(=O)N2CCCC(N3CCN(c4ccccc4)CC3)C2)s1,1,O=C(c1cccs1)N1CCCC(N2CCN(c3ccccc3)CC2)C1,0.0000000,0.0000,0.4092369,0.4092,0.9715267,2.7005,2
40.1834,42.2018,-42.1870,0.0001152,CCC(=NC(=O)C1CN(C(=O)OC(C)C)CC1C(=O)Nc1cccc(OC)c1)C(=O)O,1,O=C(Nc1ccccc1)C1CCNC1,0.0000000,0.0000,0.4347688,0.4348,0.9015058,3.5577,2
24.4527,25.9539,-25.9376,0.0001273,Cc1cccc(=NC(=O)c2ccc(N3CCN(C)CC3)cc2NCCO)[nH]1,1,O=C(N=c1cccc[nH]1)c1ccc(N2CCNCC2)cc1,0.0000000,0.0000,0.5656907,0.5657,0.9612497,2.9082,2
34.4801,32.8023,-32.7910,0.0000883,CC(C)C1=NN(CN2C(=O)CNC2c2ccccc2)C(c2ccccc2)C1C,1,O=C1CNC(c2ccccc2)N1CN1N=CCC1c1ccccc1,0.0000000,0.0000,0.2061623,0.2062,0.8267807,3.9818,2
18.0795,20.6518,-20.6339,0.0001396,CCN(C)C=C(C#N)C#N,1,,0.0000000,0.0000,0.7774925,0.7775,0.8965268,3.5934,2
26.3775,28.9235,-28.9065,0.0001331,CC1CC2C(=O)OC(C)(C)C2C(O)C1O,1,O=C1OCC2CCCCC12,0.0000000,0.0000,0.7638957,0.7639,0.7182025,4.3905,2
19.7277,22.8834,-22.8672,0.0001268,O=C1c2ccc(O)cc2C(=O)c2c1ccc(O)c2O,1,O=C1c2ccccc2C(=O)c2ccccc21,0.0000000,0.0000,0.5516281,0.5516,0.9857569,2.2398,2
40.3781,41.5364,-41.5210,0.0001208,COC1C(C)C(C=CC(O)CCc2ccccc2)=[N+]1[O-],1,C(=CC1=[NH+]CC1)CCCc1ccccc1,0.0000000,0.0000,0.5383262,0.5383,0.7961598,4.1124,2
20.0048,19.8098,-19.7977,0.0000944,O=C(N=c1[nH]c2ccc(Cl)cc2s1)c1ccccc1,1,O=C(N=c1[nH]c2ccccc2s1)c1ccccc1,0.0000000,0.0000,0.2277854,0.2278,0.9824401,2.3783,2
24.2299,23.7276,-23.7141,0.0001058,Cc1cccc(NC(=O)c2cc(=O)[nH]c3ccccc23)c1,1,O=C(Nc1ccccc1)c1cc(=O)[nH]c2ccccc12,0.0000000,0.0000,0.3185906,0.3186,0.9932294,1.7504,2
23.6357,27.3786,-27.3620,0.0001296,CC1CC(=O)C(C(=O)c2ccccc2F)C(=O)O1,1,O=C1CCOC(=O)C1C(=O)c1ccccc1,0.0000000,0.0000,0.6036892,0.6037,0.9453644,3.1428,2
21.9293,22.3319,-22.3188,0.0001022,CN(Cc1ccccc1)c1nc(=O)c2ccccc2s1,1,O=c1nc(NCc2ccccc2)sc2ccccc12,0.0000000,0.0000,0.2877201,0.2877,0.9907861,1.9527,2
18.8796,17.4428,-17.4337,0.0000714,CC(C)c1ccc(-n2ncc(Cl)c(Oc3ccccc3)c2=O)cc1,1,O=c1c(Oc2ccccc2)ccnn1-c1ccccc1,0.0000000,0.0000,0.0983458,0.0983,0.9892071,2.0568,2
17.3280,17.7584,-17.7486,0.0000762,CC1(C)CC(CCNCc2ccccc2)(c2ccccc2)CCO1,1,c1ccc(CNCCC2(c3ccccc3)CCOCC2)cc1,0.0000000,0.0000,0.1208047,0.1208,0.9710535,2.7115,2
28.6648,30.4202,-30.4083,0.0000930,CN1CCN(CC=Cc2ccc(NC(=O)c3cccc(C(F)(F)F)n3)cc2)CC1,1,O=C(Nc1ccc(C=CCN2CCNCC2)cc1)c1ccccn1,0.0000000,0.0000,0.2182438,0.2182,0.9828595,2.3623,2
38.5906,36.4515,-36.4387,0.0000999,COc1c(O)c(C(C)CO)cc2c1C(c1cc(F)ccc1F)CC(=O)O2,1,O=C1CC(c2ccccc2)c2ccccc2O1,0.0000000,0.0000,0.2846986,0.2847,0.8964002,3.5943,2
21.1012,21.5696,-21.5528,0.0001308,OCC(O)CN=c1[nH]c(-c2ccncc2)nc2ccccc12,1,N=c1[nH]c(-c2ccncc2)nc2ccccc12,0.0000000,0.0000,0.6238227,0.6238,0.9331933,3.2823,2
30.8170,31.6459,-31.6319,0.0001098,COc1ccc(C2C3C=CCC3CN2C(=O)CN2CCCC2)cc1,1,O=C(CN1CCCC1)N1CC2CC=CC2C1c1ccccc1,0.0000000,0.0000,0.3732230,0.3732,0.9163204,3.4409,2
24.7351,25.9242,-25.9059,0.0001429,Cc1cn(C2OC(CO)C(O)C2(C)C(N)=O)c(=O)[nH]c1=O,1,O=c1ccn(C2CCCO2)c(=O)[nH]1,0.0000000,0.0000,0.8768972,0.8769,0.8196672,4.0137,2
23.3941,27.2753,-27.2570,0.0001432,C=C1CCN(CC(C)=O)C1=O,1,C=C1CCNC1=O,0.0000000,0.0000,0.8082236,0.8082,0.9567556,2.9827,2
19.6304,19.9124,-19.8965,0.0001238,O=c1c2ccc(O)c(O)c2oc2ccc(O)c(O)c12,1,O=c1c2ccccc2oc2ccccc12,0.0000000,0.0000,0.5153834,0.5154,0.9778529,2.5326,2
25.4967,27.7708,-27.7546,0.0001269,CC(=O)N1N=C(c2ccccc2)OC1C(=O)Nc1ccccc1C(N)=O,1,O=C(Nc1ccccc1)C1NN=C(c2ccccc2)O1,0.0000000,0.0000,0.5611282,0.5611,0.9606171,2.9191,2
32.9538,32.1108,-32.0997,0.0000872,CN(CC=Cc1ccccc1)CCCOc1ccc2sc(S(N)(=O)=O)cc2c1,1,C(=Cc1ccccc1)CNCCCOc1ccc2sccc2c1,0.0000000,0.0000,0.1798390,0.1798,0.9785102,2.5125,2
31.3203,30.8330,-30.8168,0.0001268,COC(=O)C(Cc1ccc([N+](=O)[O-])cc1)NC(=O)NCc1cccn1C,1,O=C(NCCc1ccccc1)NCc1ccc[nH]1,0.0000000,0.0000,0.5557700,0.5558,0.9708977,2.7151,2
21.3743,20.8971,-20.8852,0.0000932,CC[n+]1c(C=Cc2ccc(C=NNC3=NCCCN3)cc2)ccc2ccccc21,1,C(=Cc1ccc2ccccc2[nH+]1)c1ccc(C=NNC2=NCCCN2)cc1,0.0000000,0.0000,0.2226268,0.2226,0.9588925,2.9482,2
27.9987,28.8241,-28.8090,0.0001173,CN1CCCCC1C(=O)c1cc2ccccc2c(=O)o1,1,O=C(c1cc2ccccc2c(=O)o1)C1CCCCN1,0.0000000,0.0000,0.4417991,0.4418,0.9670433,2.7987,2
33.8363,35.2677,-35.2614,0.0000489,COc1cccc(N2C(=O)NC(=O)C(=Cc3ccc(-c4cccc(C=C5Sc6ccccc6N(C)C5=O)c4)o3)C2=O)c1,1,O=C1Nc2ccccc2SC1=Cc1cccc(-c2ccc(C=C3C(=O)NC(=O)N(c4ccccc4)C3=O)o2)c1,0.0000000,0.0000,0.0320037,0.0320,0.9664100,2.8116,2
25.0865,26.0067,-25.9982,0.0000664,Cc1cccc(C(=O)N=c2[nH]oc(-c3ccccc3)c2-c2ccccc2)c1,1,O=C(N=c1[nH]oc(-c2ccccc2)c1-c1ccccc1)c1ccccc1,0.0000000,0.0000,0.0794897,0.0795,0.9781901,2.5223,2
17.8411,21.8431,-21.8261,0.0001327,O=C1NC(=O)C(=Cc2cc([N+](=O)[O-])ccc2Cl)C(=O)N1,1,O=C1NC(=O)C(=Cc2ccccc2)C(=O)N1,0.0000000,0.0000,0.6342007,0.6342,0.9811490,2.4254,2
25.2463,26.7634,-26.7489,0.0001132,Cc1ccc(C2COCCN2C(=O)COCc2ccccc2)o1,1,O=C(COCc1ccccc1)N1CCOCC1c1ccco1,0.0000000,0.0000,0.3965095,0.3965,0.9680912,2.7770,2
41.8125,41.3914,-41.3814,0.0000786,CC(C)CN(C)C(C)N1CCN(CCC(=O)N2CCC(c3ccccc3)CC2)C(C(C)C)C1,1,O=C(CCN1CCNCC1)N1CCC(c2ccccc2)CC1,0.0000000,0.0000,0.1374612,0.1375,0.9077240,3.5107,2
25.7402,29.6389,-29.6224,0.0001283,COCCCN1CC(C)N(C2CCCCC2N)CC1C,1,C1CCC(N2CCNCC2)CC1,0.0000000,0.0000,0.6106247,0.6106,0.8788477,3.7091,2
30.5440,29.5570,-29.5415,0.0001210,N=c1nc(-c2cccs2)cc(Cc2cncnc2)[nH]1,1,N=c1nc(-c2cccs2)cc(Cc2cncnc2)[nH]1,0.0000000,0.0000,0.4872787,0.4873,0.9568693,2.9809,2
25.8083,25.9384,-25.9281,0.0000805,CCCCSSCCNCCCCCCNCc1ccccc1N,1,c1ccccc1,0.0000000,0.0000,0.1416238,0.1416,0.9798331,2.4702,2
22.5584,23.7790,-23.7618,0.0001347,CN1CCN(CC(=O)N2CCN(CCc3ccc([N+](=O)[O-])cc3)CC2)CC1,1,O=C(CN1CCNCC1)N1CCN(CCc2ccccc2)CC1,0.0000000,0.0000,0.6598166,0.6598,0.9890381,2.0670,2
22.4417,21.9700,-21.9558,0.0001107,CN(C)c1ccc(C=C2SC(N=c3cc[nH]cc3)=NC2=O)cc1,1,O=C1N=C(N=c2cc[nH]cc2)SC1=Cc1ccccc1,0.0000000,0.0000,0.3771665,0.3772,0.9373092,3.2380,2
23.1240,22.9147,-22.9062,0.0000664,CC1(C)C(C(=O)c2cn(CCc3ccccn3)c3ccccc23)C1(C)C,1,O=C(c1cn(CCc2ccccn2)c2ccccc12)C1CC1,0.0000000,0.0000,0.0793914,0.0794,0.9798563,2.4695,2
36.2724,37.0969,-37.0797,0.0001342,CCNC1CC(N)C(C(=O)CC(=O)O)CC1=NC,1,N=C1CCCCC1,0.0000000,0.0000,0.8074352,0.8074,0.6816894,4.5039,2
18.6561,18.3731,-18.3596,0.0001050,O=C1N=C(Cc2ccc(OCc3ccc(Cl)cc3)cc2)C(=O)N1,1,O=C1N=C(Cc2ccc(OCc3ccccc3)cc2)C(=O)N1,0.0000000,0.0000,0.3137451,0.3137,0.9840552,2.3144,2
21.0008,24.0626,-24.0471,0.0001213,C=CCN1C(=O)C(=Cc2cc(Cl)c(O)c(OC)c2)C(=O)N(C)C1=O,1,O=C1NC(=O)C(=Cc2ccccc2)C(=O)N1,0.0000000,0.0000,0.4851831,0.4852,0.9753678,2.6035,2
28.3975,32.7140,-32.6974,0.0001297,COC=C(C(N)=O)C1(O)C=C(OC2OC(CO)C(O)C(O)C2O)CC(NC(C)=O)C1O,1,C1=C(OC2CCCCO2)CCCC1,0.0000000,0.0000,0.9194321,0.9194,0.4534106,5.1218,2
16.4801,18.2555,-18.2378,0.0001383,CC(=O)NC1=NS(=O)(=O)c2ccccc2N1,1,O=S1(=O)N=CNc2ccccc21,0.0000000,0.0000,0.7198129,0.7198,0.9751461,2.6095,2
40.9924,41.4796,-41.4674,0.0000952,CCCNC(=O)c1cc(C(=O)N2CCOCC2)cc2cc3n(c12)C(CCC)CC3,1,O=C(c1ccc2c(c1)cc1n2CCC1)N1CCOCC1,0.0000000,0.0000,0.2400214,0.2400,0.9361138,3.2511,2
23.6261,23.0002,-22.9845,0.0001228,O=c1[nH]c2ccncc2n1C1CCCCC1,1,O=c1[nH]c2ccncc2n1C1CCCCC1,0.0000000,0.0000,0.5017966,0.5018,0.9839424,2.3191,2
29.6787,29.2427,-29.2302,0.0000974,COc1ccccc1NC(=O)ON=C(C)c1ccccc1[N+](=O)[O-],1,O=C(Nc1ccccc1)ON=Cc1ccccc1,0.0000000,0.0000,0.2494209,0.2494,0.9870450,2.1771,2
43.7634,44.0526,-44.0399,0.0000992,CC12CC3OC(=O)C(OC4OC(CO)C(O)C(O)C4O)C3CC1C(=O)CC1C2CCC2(C)C(c3ccc(=O)oc3)C(O)CC12O,1,O=C1CC2C(CCC3C(c4ccc(=O)oc4)CCC32)C2CC3OC(=O)C(OC4CCCCO4)C3CC12,0.0000000,0.0000,0.5524382,0.5524,0.2711043,5.6443,2
27.0736,28.8010,-28.7928,0.0000641,CCCCCC=CCC=CCC=CCC1OC1CC=CCC(=O)O,1,C1CO1,0.0000000,0.0000,0.0772504,0.0773,0.8523953,3.8577,2
21.2818,23.1334,-23.1170,0.0001279,N#CC(=Cc1cccc(O)c1)C(=O)N=C1NCCS1,1,O=C(C=Cc1ccccc1)N=C1NCCS1,0.0000000,0.0000,0.5898328,0.5898,0.9183398,3.4235,2
19.1904,21.0698,-21.0521,0.0001383,CC1(C)CC1C(=O)N=C(CC(=O)O)C(=O)O,1,C1CC1,0.0000000,0.0000,0.7623682,0.7624,0.8811316,3.6950,2
29.8615,30.4847,-30.4747,0.0000784,CCN(CC)c1ccc(C(=O)Nc2cc(N=c3cccc[nH]3)ccc2OC)c(OC)c1,1,O=C(Nc1cccc(N=c2cccc[nH]2)c1)c1ccccc1,0.0000000,0.0000,0.1316578,0.1317,0.9685042,2.7682,2
36.6749,39.4251,-39.4122,0.0001004,C=C(C(OC(C)=O)C(O)C1OC2(C)CCCC(C)(C)C2C1=O)C1OC1(C)C,1,C=C(CCC1OC2CCCCC2C1=O)C1CO1,0.0000000,0.0000,0.4139346,0.4139,0.4789998,5.0548,2
30.5549,29.5123,-29.5037,0.0000675,Cc1ccc(C(=O)N=c2cc[nH]c(N(C)C3CCN(Cc4ccccc4)CC3)c2)c(Cl)c1,1,O=C(N=c1cc[nH]c(NC2CCN(Cc3ccccc3)CC2)c1)c1ccccc1,0.0000000,0.0000,0.0842782,0.0843,0.9664814,2.8101,2
22.5497,22.0024,-21.9900,0.0000971,O=C(Nc1ccc([N+](=O)[O-])cc1)N1CCCc2ccccc21,1,O=C(Nc1ccccc1)N1CCCc2ccccc21,0.0000000,0.0000,0.2466906,0.2467,0.9914297,1.9051,2
22.0311,24.7476,-24.7293,0.0001436,COC(=O)C=COCC1OCC(O)C(O)C1O,1,C1CCOCC1,0.0000000,0.0000,0.8908137,0.8908,0.8177628,4.0220,2
20.9667,22.6042,-22.5905,0.0001070,CN(C)CCNc1cc(N2CCN(C)CC2)c2noc3c2c1C(=O)c1ccccc1-3,1,O=C1c2ccccc2-c2onc3c(N4CCNCC4)ccc1c23,0.0000000,0.0000,0.3334821,0.3335,0.9726515,2.6735,2
34.2647,35.4930,-35.4930,0.0000000,c1(=O)ccc(=O)n(CCc2cc3c(=N)[nH]cnn3cc2=O)n1C,0,,0.0000000,0.0000,0.0000000,0.0000,0.0000000,0.0000,2
24.5210,26.7331,-26.7172,0.0001245,CC(C)N(C)C(=O)Oc1ccccc1C(=O)O,1,c1ccccc1,0.0000000,0.0000,0.5205087,0.5205,0.9893885,2.0456,2
26.2942,25.4725,-25.4629,0.0000757,O=C(Nc1ccc(S(=O)(=O)N2CCc3ccccc32)cc1)c1ccc(Cl)s1,1,O=C(Nc1ccc(S(=O)(=O)N2CCc3ccccc32)cc1)c1cccs1,0.0000000,0.0000,0.1170766,0.1171,0.9885855,2.0937,2
19.6342,20.3150,-20.2998,0.0001187,O=C(c1cccc(Cl)c1)N1CCSCC1,1,O=C(c1ccccc1)N1CCSCC1,0.0000000,0.0000,0.4504055,0.4504,0.9912493,1.9188,2
27.2788,28.0265,-28.0096,0.0001322,CN(C)CC#CCCC1(O)CCCCC1CO,1,C1CCCCC1,0.0000000,0.0000,0.6878425,0.6878,0.8318108,3.9587,2
21.7781,24.2224,-24.2042,0.0001420,CN1CCOC(C)(CN2CCOCC2)C1,1,C1COC(CN2CCOCC2)CN1,0.0000000,0.0000,0.7973735,0.7974,0.9352996,3.2599,2
24.1015,27.5836,-27.5695,0.0001100,CC(C)N1C(=O)N=C(Cc2ccc(-c3cccc(C(N)=O)c3)cc2)C1=O,1,O=C1N=C(Cc2ccc(-c3ccccc3)cc2)C(=O)N1,0.0000000,0.0000,0.3613831,0.3614,0.9770656,2.5558,2
33.2105,36.3842,-36.3675,0.0001298,Cn1c(=N)c2c[nH]c(=N)nc2n(C2CC(N)C(COS(C)(=O)=O)C2)c1=O,1,N=c1nc2c(c[nH]1)c(=N)[nH]c(=O)n2C1CCCC1,0.0000000,0.0000,0.7974470,0.7974,0.5855147,4.7750,2
21.4917,22.1819,-22.1694,0.0000970,COc1ccccc1CN1CCC(CC#N)(n2cc(C(N)=O)c(=Nc3ccc(F)cc3)[nH]2)CC1,1,c1ccc(CN2CCC(n3ccc(=Nc4ccccc4)[nH]3)CC2)cc1,0.0000000,0.0000,0.2540879,0.2541,0.9397283,3.2107,2
33.2192,31.9235,-31.9138,0.0000761,CC(C)=CCOc1cc(NC(=O)c2cc(-c3ccccc3O)on2)ccc1C#N,1,O=C(Nc1ccccc1)c1cc(-c2ccccc2)on1,0.0000000,0.0000,0.1198376,0.1198,0.9771152,2.5544,2
29.6748,33.3367,-33.3242,0.0000977,CC(C)(C)C=C1SC(c2ccccc2S(=O)(=O)N2CCCC2)=NC1=O,1,C=C1SC(c2ccccc2S(=O)(=O)N2CCCC2)=NC1=O,0.0000000,0.0000,0.2552219,0.2552,0.9652724,2.8340,2
19.7163,21.0053,-20.9885,0.0001310,ON=C(O)c1ccc(CN=c2nccc[nH]2)cc1,1,c1ccc(CN=c2nccc[nH]2)cc1,0.0000000,0.0000,0.6252271,0.6252,0.9384917,3.2248,3
21.7910,24.6347,-24.6206,0.0001099,CC=Cc1ccc(OC)c(OCCN2CCCC2)c1,1,c1ccc(OCCN2CCCC2)cc1,0.0000000,0.0000,0.3582481,0.3582,0.9904608,1.9755,3
21.0904,26.2745,-26.2569,0.0001377,Cc1ccccc1N1C(=O)C(=O)C(C(N)=S)C1=O,1,O=C1CC(=O)N(c2ccccc2)C1=O,0.0000000,0.0000,0.7180556,0.7181,0.9573233,2.9737,3
25.6609,29.2676,-29.2561,0.0000901,CC(C)C1=CC(=Nc2ccccc2)C(=O)N(c2ccccc2)C1=O,1,O=C1C=CC(=Nc2ccccc2)C(=O)N1c1ccccc1,0.0000000,0.0000,0.1985680,0.1986,0.9789174,2.4998,3
19.7308,20.3694,-20.3545,0.0001164,O=C(C=Cc1cccnc1)c1cccc(O)c1,1,O=C(C=Cc1cccnc1)c1ccccc1,0.0000000,0.0000,0.4253843,0.4254,0.9899823,2.0077,3
22.1308,23.0719,-23.0546,0.0001351,Cn1c(=O)c2c(ncn2CC(=O)NCCC2=CCCCC2)n(C)c1=O,1,O=C(Cn1cnc2[nH]c(=O)[nH]c(=O)c21)NCCC1=CCCCC1,0.0000000,0.0000,0.6702009,0.6702,0.9766804,2.5670,3
21.3141,20.9181,-20.9081,0.0000781,Cc1ccc(NC(=O)CSc2ccccc2)c(Br)c1,1,O=C(CSc1ccccc1)Nc1ccccc1,0.0000000,0.0000,0.1283467,0.1283,0.9936436,1.7090,3
39.7039,38.5642,-38.5553,0.0000691,O=C1CSC(c2nc(-c3cccc([N+](=O)[O-])c3)c[nH]2)=NC1=Cc1ccc(Cl)cc1,1,O=C1CSC(c2nc(-c3ccccc3)c[nH]2)=NC1=Cc1ccccc1,0.0000000,0.0000,0.0911376,0.0911,0.9509047,3.0694,3
21.6957,23.6223,-23.6127,0.0000751,CCCN1CCC(=C2c3ccc(F)cc3CCc3cccnc32)CC1,1,c1ccc2c(c1)CCc1cccnc1C2=C1CCNCC1,0.0000000,0.0000,0.1152415,0.1152,0.9790600,2.4953,3
22.1311,25.3695,-25.3512,0.0001431,C=CCNC(=S)N1CCOCC1CO,1,C1COCCN1,0.0000000,0.0000,0.8220302,0.8220,0.9240099,3.3726,3
25.9387,25.2731,-25.2596,0.0001058,CCOC(=O)Cc1c(C)nc2c(C)cccc2c1C,1,c1ccc2ncccc2c1,0.0000000,0.0000,0.3202273,0.3202,0.9886017,2.0927,3
41.8034,43.9904,-43.9781,0.0000963,CCOC(=O)c1c(SC)nc2ccc(C(=O)CN3CCCC3C)cc2c1O,1,O=C(CN1CCCC1)c1ccc2ncccc2c1,0.0000000,0.0000,0.2457552,0.2458,0.9549101,3.0112,3
20.5758,21.6074,-21.5938,0.0001066,CC=CC=CC(=O)c1ccc(Cl)cc1O,1,c1ccccc1,0.0000000,0.0000,0.3285996,0.3286,0.9794886,2.4815,3
22.7155,23.2721,-23.2571,0.0001169,Cn1nc(C(=O)NC2CC2)c2c1-c1[nH]c(=Nc3ccccc3)ncc1CC2,1,O=C(NC1CC1)c1n[nH]c2c1CCc1cnc(=Nc3ccccc3)[nH]c1-2,0.0000000,0.0000,0.4414176,0.4414,0.9514205,3.0621,3
32.4094,36.2289,-36.2171,0.0000921,CCOC(=O)N1CCN(C2=Nc3ccccc3N=C3CC(C)(C)C(C(C)=O)C(=O)C32)CC1,1,O=C1CCCC2=Nc3ccccc3N=C(N3CCNCC3)C12,0.0000000,0.0000,0.2312825,0.2313,0.8400944,3.9193,3
22.3985,23.0526,-23.0360,0.0001293,Cc1cc(N2CCN(C)CC2)n2nc(C(F)(F)F)nc2n1,1,c1cc(N2CCNCC2)n2ncnc2n1,0.0000000,0.0000,0.5890219,0.5890,0.9746225,2.6234,3
40.7174,39.0516,-39.0423,0.0000727,Cc1cc(-c2ncc(Cl)cc2C)ncc1C(=O)N=c1cc(C(F)(F)F)cc[nH]1,1,O=C(N=c1cccc[nH]1)c1ccc(-c2ccccn2)nc1,0.0000000,0.0000,0.1069325,0.1069,0.9408163,3.1980,3
20.1652,19.5485,-19.5323,0.0001270,O=c1[nH]c2c(ccc3ccccc32)oc1=O,1,O=c1[nH]c2c(ccc3ccccc32)oc1=O,0.0000000,0.0000,0.5548377,0.5548,0.9845043,2.2955,3
24.4674,25.0321,-25.0148,0.0001348,COc1cc(C)ccc1OC(=O)C(C)O,1,c1ccccc1,0.0000000,0.0000,0.6627272,0.6627,0.9840428,2.3149,3
22.5103,22.5281,-22.5120,0.0001260,CCN(CC)C1CCc2[nH]c(=N)nc(Cl)c2C1,1,N=c1ncc2c([nH]1)CCCC2,0.0000000,0.0000,0.5788148,0.5788,0.8760464,3.7261,3
30.1150,33.9654,-33.9502,0.0001194,CCOc1ccc2ccc(OC)c(C=C3C(=O)NN=C3C(=O)O)c2c1,1,O=C1NN=CC1=Cc1cccc2ccccc12,0.0000000,0.0000,0.4647815,0.4648,0.9715663,2.6995,3
26.7886,27.1952,-27.1796,0.0001222,O=C(NCCCN1CCOCC1)c1cnn2c1ccc1ccccc12,1,O=C(NCCCN1CCOCC1)c1cnn2c1ccc1ccccc12,0.0000000,0.0000,0.4932286,0.4932,0.9852514,2.2628,3
25.8722,25.2435,-25.2354,0.0000628,CCCCCCCCCCCCCCCC(=O)NC(C)C(=O)CCl,1,,0.0000000,0.0000,0.0673040,0.0673,0.9743031,2.6318,3
27.4114,27.2882,-27.2743,0.0001089,COC(=O)C1CCN(Cc2c(O)ccc3c(OC)cccc23)CC1,1,c1ccc2c(CN3CCCCC3)cccc2c1,0.0000000,0.0000,0.3485653,0.3486,0.9884521,2.1013,3
21.4975,22.2980,-22.2806,0.0001361,CC(=O)Cc1c(O)oc(C)c1O,1,c1ccoc1,0.0000000,0.0000,0.6991043,0.6991,0.9427431,3.1752,3
21.2235,22.5805,-22.5645,0.0001253,COc1ccc(C(=O)CCC(=O)N2CCC(C(=O)O)CC2)cc1,1,O=C(CCC(=O)N1CCCCC1)c1ccccc1,0.0000000,0.0000,0.5301015,0.5301,0.9922248,1.8412,3
31.6578,41.5395,-41.5344,0.0000401,CC(C=CC1=C(C)CCCC1(C)C)=CC=CC(O)=CC=CC(O)C(C)C(=O)NCc1ccc(C)o1,1,O=C(CCC=CC=CC=CC=CC=CC1=CCCCC1)NCc1ccco1,0.0000000,0.0000,0.0201440,0.0201,0.7614082,4.2441,3
57.5174,63.0584,-63.0494,0.0000703,CC1=CCC2C(C)(CC3C(=O)C(O)=CC4C(=O)OCC432)C1=CC1=CC(=O)c2cc[nH]c2C1=O,1,O=C1C=C(C=C2C=CCC3C2CC2C(=O)C=CC4C(=O)OCC423)C(=O)c2[nH]ccc21,0.0000000,0.0000,0.2225702,0.2226,0.2177319,5.8332,3
17.9690,18.8645,-18.8494,0.0001182,CN1CCN(c2nc3ccsc3n3cccc23)CC1,1,c1cc2c(N3CCNCC3)nc3ccsc3n2c1,0.0000000,0.0000,0.4484387,0.4484,0.9776191,2.5396,3
25.9397,26.0078,-25.9954,0.0000965,c1ccc2c(Oc3ccc(OC4CCNCC4)nn3)cccc2c1,1,c1ccc2c(Oc3ccc(OC4CCNCC4)nn3)cccc2c1,0.0000000,0.0000,0.2433960,0.2434,0.9834417,2.3394,3
26.2182,28.7042,-28.6874,0.0001313,Cc1cccc(CN2CCN(C(=O)NC3CCOCC3O)CC2)c1,1,O=C(NC1CCOCC1)N1CCN(Cc2ccccc2)CC1,0.0000000,0.0000,0.6211071,0.6211,0.9596381,2.9358,3
27.6408,27.8400,-27.8228,0.0001351,CC(=O)NCCN1CCN(c2ncc3c(n2)CC(C)CC3=O)CC1,1,O=C1CCCc2nc(N3CCNCC3)ncc21,0.0000000,0.0000,0.6768483,0.6768,0.9597976,2.9331,3
17.5751,19.4938,-19.4754,0.0001436,CC1OC(OC2C(CO)OC(O)C(O)C2O)C(O)C(O)C1O,1,C1CCC(OC2CCCOC2)OC1,0.0000000,0.0000,0.9416573,0.9417,0.7418486,4.3123,3
42.3022,45.6600,-45.6494,0.0000828,COC(=O)C12OC(C)=C(C=Nc3ccc(OC)cc3)C1N(C)C(C(=O)c1ccccc1)(C(C)C)C2=O,1,O=C(c1ccccc1)C1NC2C(C=Nc3ccccc3)=COC2C1=O,0.0000000,0.0000,0.1788297,0.1788,0.7526041,4.2752,3
15.5800,16.7465,-16.7333,0.0001036,COc1ccc(N=Cc2ccccc2)cc1,1,C(=Nc1ccccc1)c1ccccc1,0.0000000,0.0000,0.2994953,0.2995,0.9938445,1.6879,3
27.6111,28.4452,-28.4284,0.0001314,CCN(Cc1cncc(C(=O)O)c1)C1CC1,1,c1cncc(CNC2CC2)c1,0.0000000,0.0000,0.6130565,0.6131,0.9861287,2.2223,3
22.7862,23.4965,-23.4838,0.0000985,Cc1ccc(S(=O)(=O)Nc2cccc(N=c3cccc[nH]3)c2)cc1,1,O=S(=O)(Nc1cccc(N=c2cccc[nH]2)c1)c1ccccc1,0.0000000,0.0000,0.2596782,0.2597,0.9768618,2.5617,3
40.3919,40.9524,-40.9354,0.0001330,CCC(CC)C(=O)NC(Cc1c[nH]cn1)C(=O)NC(C(=O)NC(CCCCN)C(=O)NC(CCC(N)=O)C(=O)O)C(C)C,1,c1c[nH]cn1,0.0000000,0.0000,0.7057329,0.7057,0.8218496,4.0040,3
21.4140,24.3259,-24.3109,0.0001179,CCN1CC(C)(C)OC(=O)C1CC(=O)NC1CCCC(C)C1C,1,O=C(CC1NCCOC1=O)NC1CCCCC1,0.0000000,0.0000,0.4785258,0.4785,0.8603992,3.8153,3
19.5265,19.5618,-19.5489,0.0001004,Cc1ccc(-n2c(O)cc(N3CCC(C)CC3)c2O)cc1,1,c1ccc(-n2ccc(N3CCCCC3)c2)cc1,0.0000000,0.0000,0.2745229,0.2745,0.9794958,2.4813,3
27.4450,28.8547,-28.8375,0.0001347,C=CCC12CC(O)CN1CC(=O)N2,1,O=C1CN2CCCC2N1,0.0000000,0.0000,0.8503903,0.8504,0.6343832,4.6410,3
27.2058,27.7908,-27.7740,0.0001308,CN1CCN(Cc2ccc(C(=O)N=c3cc[nH]c(N4CC(O)C(O)C4)c3)cc2)CC1,1,O=C(N=c1cc[nH]c(N2CCCC2)c1)c1ccc(CN2CCNCC2)cc1,0.0000000,0.0000,0.6441731,0.6442,0.8845776,3.6733,3
34.7582,43.2499,-43.2338,0.0001252,CC1=NN(C(=O)OCCN(C)CCO)C(c2cccc(CN(C)C)c2O)C1,1,C1=NNC(c2ccccc2)C1,0.0000000,0.0000,0.5528830,0.5529,0.9188863,3.4187,3
15.1938,50.9032,26.9169,0.6079693,CCN(C=CC=CC(O)=C1C(=O)N(c2ccccc2F)N=C1C)CC,1,C=C1C=NN(c2ccccc2)C1=O,1.0000000,1.0000,0.2319223,0.2319,0.9463011,3.1309,3
20.0780,23.5501,-23.5359,0.0001113,Cc1c(NC2=NC(=O)N(c3ccccc3)C2=O)c(=O)n(-c2ccccc2)n1C,1,O=C1N=C(Nc2c[nH]n(-c3ccccc3)c2=O)C(=O)N1c1ccccc1,0.0000000,0.0000,0.3746588,0.3747,0.9758655,2.5899,3
20.8918,23.6991,-23.6818,0.0001352,N#Cc1ccc(C2SCC(=O)N2NC(N)=O)cc1,1,O=C1CSC(c2ccccc2)N1,0.0000000,0.0000,0.6839629,0.6840,0.9473915,3.1168,3
19.9446,21.1631,-21.1455,0.0001373,CCOc1ccc(C=C2C(=O)NC(=O)NC2=O)cc1O,1,O=C1NC(=O)C(=Cc2ccccc2)C(=O)N1,0.0000000,0.0000,0.7007965,0.7008,0.9832299,2.3478,3
19.9899,21.0648,-21.0538,0.0000856,CCCC[n+]1ccn(C(c2ccccc2)c2ccccc2)c1,1,c1ccc(C(c2ccccc2)n2cc[nH+]c2)cc1,0.0000000,0.0000,0.1701669,0.1702,0.9812742,2.4210,3
26.3396,26.2947,-26.2832,0.0000901,Cc1ccc(OCC(=O)N(C2CCS(=O)(=O)C2)C(C(=O)NC2CCCCC2)c2ccccc2)cc1,1,O=C(NC1CCCCC1)C(c1ccccc1)N(C(=O)COc1ccccc1)C1CCS(=O)(=O)C1,0.0000000,0.0000,0.2023538,0.2024,0.9484093,3.1034,3
29.5680,28.9633,-28.9543,0.0000705,CCCCCn1ccc2ccc(-c3ccoc3)cc21,1,c1cc2ccc(-c3ccoc3)cc2[nH]1,0.0000000,0.0000,0.0946593,0.0947,0.9849586,2.2758,3
26.1593,26.3418,-26.3322,0.0000746,Cc1nc2ccc(N=c3cc[nH]c(=Nc4ccc5ncsc5c4)[nH]3)cc2s1,1,c1cc(=Nc2ccc3ncsc3c2)[nH]c(=Nc2ccc3ncsc3c2)[nH]1,0.0000000,0.0000,0.1177251,0.1177,0.9084555,3.5050,3
29.4674,30.1348,-30.1203,0.0001137,C=C(C)C1OC1CCC(=O)CC=C(C)C,1,C1CO1,0.0000000,0.0000,0.4387154,0.4387,0.8281659,3.9755,3
19.6677,20.3697,-20.3540,0.0001223,Cc1nn(-c2ccccc2)c2c1ccc(=O)n2C,1,O=c1ccc2cnn(-c3ccccc3)c2[nH]1,0.0000000,0.0000,0.4937296,0.4937,0.9874098,2.1583,3
36.8845,38.8463,-38.8307,0.0001217,CCC(C)(O)C(=O)NC1CCC2CCC(N(C)C)C3CCCN(C1=O)C23,1,O=C1CCCC2CCCC3CCCN1C23,0.0000000,0.0000,0.5828828,0.5829,0.7226154,4.3763,3
30.1908,28.8655,-28.8504,0.0001180,COCCc1sc(CN2CC(n3cccn3)C2)cc1C,1,c1csc(CN2CC(n3cccn3)C2)c1,0.0000000,0.0000,0.4499998,0.4500,0.9644914,2.8491,3
21.3770,22.4591,-22.4431,0.0001245,CCN1CCn2c(cc3ccccc32)C1=O,1,O=C1NCCn2c1cc1ccccc12,0.0000000,0.0000,0.5211267,0.5211,0.9865388,2.2025,3
18.2479,18.7150,-18.7010,0.0001098,CN1Cc2ccccc2C(c2ccc(O)cc2)C1,1,c1ccc(C2CNCc3ccccc32)cc1,0.0000000,0.0000,0.3592318,0.3592,0.9794731,2.4820,3
28.2991,30.1887,-30.1726,0.0001261,CC1CNC(=O)C(CC(=O)NCCOc2ccccc2)N1S(=O)(=O)c1ccccc1,1,O=C(CC1C(=O)NCCN1S(=O)(=O)c1ccccc1)NCCOc1ccccc1,0.0000000,0.0000,0.5546790,0.5547,0.9491075,3.0940,3
24.3817,23.9404,-23.9263,0.0001101,Cn1c2cc(Cl)ccc2c(=O)c2c(O)cc(O)cc21,1,O=c1c2ccccc2[nH]c2ccccc12,0.0000000,0.0000,0.3621124,0.3621,0.9826141,2.3717,3
20.9421,22.1630,-22.1486,0.0001124,Cc1csc2nc(CN(C)Cc3ccccc3)cc(=O)n12,1,O=c1cc(CNCc2ccccc2)nc2sccn12,0.0000000,0.0000,0.3841511,0.3842,0.9853963,2.2563,3
22.7340,24.7758,-24.7582,0.0001382,C=CCN1C(=O)SC(=CC(=O)N(C)C)C1=O,1,C=C1SC(=O)NC1=O,0.0000000,0.0000,0.7219771,0.7220,0.9658911,2.8219,3
13.2097,43.1581,66.2170,0.8544928,O=C1NC(=O)C(=C(O)C=CC=CNc2ccccc2)C1=O,1,O=C1NC(=O)C(=CC=CC=CNc2ccccc2)C1=O,1.0000000,1.0000,0.6367935,0.6368,0.9648760,2.8417,3
28.6477,29.5861,-29.5686,0.0001373,CC(C)(C(O)=NO)N1CCCOC1=O,1,O=C1NCCCO1,0.0000000,0.0000,0.7289334,0.7289,0.9173200,3.4323,3
19.1436,18.6846,-18.6752,0.0000733,Cn1c(=O)c(-c2c(Cl)cccc2Cl)cc2c[nH]c(=Nc3ccc(N4CCOCC4)cc3)nc21,1,O=c1[nH]c2nc(=Nc3ccc(N4CCOCC4)cc3)[nH]cc2cc1-c1ccccc1,0.0000000,0.0000,0.1084763,0.1085,0.9537662,3.0283,3
20.1954,20.0911,-20.0750,0.0001258,O=C(c1ccccc1)c1c(O)[nH]c(=O)n(-c2ccccc2)c1=O,1,O=C(c1ccccc1)c1c[nH]c(=O)n(-c2ccccc2)c1=O,0.0000000,0.0000,0.5375526,0.5376,0.9879209,2.1310,3
32.6203,31.7693,-31.7625,0.0000530,CCN1CCN(c2cccc3[nH]c(-c4ccc5sc6ccccc6c5c4)nc23)CC1,1,c1cc(N2CCNCC2)c2nc(-c3ccc4sc5ccccc5c4c3)[nH]c2c1,0.0000000,0.0000,0.0404447,0.0404,0.9819351,2.3971,3
23.4918,26.1425,-26.1244,0.0001418,C=C(C)CNC(=O)CN1C(=O)C(=O)N(CCCC)C1=O,1,O=C1NC(=O)C(=O)N1,0.0000000,0.0000,0.7721522,0.7722,0.9820231,2.3939,3
21.3253,22.4040,-22.3877,0.0001269,COC(=O)C1Cc2c([nH]c3ccccc23)CN1C(C)=O,1,c1ccc2c3c([nH]c2c1)CNCC3,0.0000000,0.0000,0.5590789,0.5591,0.9673175,2.7931,3
21.8729,22.7163,-22.7010,0.0001198,Cn1cc(Br)c(C(=O)N2CCN(c3ccc(O)cc3)CC2)n1,1,O=C(c1cc[nH]n1)N1CCN(c2ccccc2)CC1,0.0000000,0.0000,0.4652016,0.4652,0.9864401,2.2073,3
30.0867,33.3400,-33.3234,0.0001300,C=CC(=O)N=c1cc(N2CCN(C3CCN(C)CC3)C(C)C2)nc[nH]1,1,N=c1cc(N2CCN(C3CCNCC3)CC2)nc[nH]1,0.0000000,0.0000,0.6481944,0.6482,0.8475265,3.8826,3
22.5607,22.7571,-22.7423,0.0001155,COC(=O)C1=C(C(=O)OC)C2N(C)c3ccc(OC)cc3C23CCCC3=N1,1,C1=CC2Nc3ccccc3C23CCCC3=N1,0.0000000,0.0000,0.4739115,0.4739,0.7858226,4.1532,3
25.8111,26.5185,-26.5023,0.0001272,Cc1cccc(S(=O)(=O)c2ncn3c2N(C)C(=O)CC3)c1,1,O=C1CCn2cnc(S(=O)(=O)c3ccccc3)c2N1,0.0000000,0.0000,0.5632458,0.5632,0.9649571,2.8401,3
19.5107,20.4480,-20.4313,0.0001300,Cc1ccc(N=Cc2c(O)n(C)c(=O)n(C)c2=O)c(C)c1,1,O=c1[nH]cc(C=Nc2ccccc2)c(=O)[nH]1,0.0000000,0.0000,0.5990721,0.5991,0.9728222,2.6693,3
27.4107,27.0766,-27.0631,0.0001058,N#CCC1(n2cc(C(N)=O)c(=Nc3ccccc3)[nH]2)CCN(C(=O)c2ccc3c(c2)OCCO3)CC1,1,O=C(c1ccc2c(c1)OCCO2)N1CCC(n2ccc(=Nc3ccccc3)[nH]2)CC1,0.0000000,0.0000,0.3307558,0.3308,0.9328293,3.2861,3
21.0665,21.9570,-21.9424,0.0001142,O=C(CCCNS(=O)(=O)c1ccc(Br)cc1)N1CCCCC1,1,O=C(CCCNS(=O)(=O)c1ccccc1)N1CCCCC1,0.0000000,0.0000,0.4018235,0.4018,0.9912190,1.9211,3
31.3354,40.1594,-40.1495,0.0000773,CC(C(=O)N=c1cccc[nH]1)N1C(=O)C(=C(Br)c2ccccc2)c2ccccc21,1,O=C(CN1C(=O)C(=Cc2ccccc2)c2ccccc21)N=c1cccc[nH]1,0.0000000,0.0000,0.1313041,0.1313,0.9027048,3.5488,3
30.3334,29.6715,-29.6560,0.0001208,Cn1ncc2c(C=NO)cc(Br)cc21,1,c1ccc2[nH]ncc2c1,0.0000000,0.0000,0.4831548,0.4832,0.9643587,2.8516,3
27.9930,28.3557,-28.3459,0.0000771,CCc1nccn1Cc1ccc(-c2nc3ccccc3n2CC)cc1,1,c1ccc2[nH]c(-c3ccc(Cn4ccnc4)cc3)nc2c1,0.0000000,0.0000,0.1236574,0.1237,0.9880280,2.1251,3
20.3222,20.5453,-20.5353,0.0000785,Nc1ccccc1NC(=O)CCc1ccc(-c2ccccc2)cc1,1,O=C(CCc1ccc(-c2ccccc2)cc1)Nc1ccccc1,0.0000000,0.0000,0.1304096,0.1304,0.9945630,1.6066,3
20.7659,21.8533,-21.8444,0.0000697,c1ccc(N2CCN(CCCCc3cccc4ccccc34)CC2)cc1,1,c1ccc(N2CCN(CCCCc3cccc4ccccc34)CC2)cc1,0.0000000,0.0000,0.0910815,0.0911,0.9929270,1.7790,3
30.1395,31.6035,-31.5886,0.0001168,Cc1cc(C(=O)NCc2nc(CN(CCO)C(C)C)cs2)c(C)o1,1,O=C(NCc1nccs1)c1ccoc1,0.0000000,0.0000,0.4336687,0.4337,0.9752304,2.6072,3
31.4660,31.8865,-31.8743,0.0000953,NC(=O)c1ccc(CN(CCCN2CCOCC2)C(=O)c2ccc(Cl)cc2Cl)cc1,1,O=C(c1ccccc1)N(CCCN1CCOCC1)Cc1ccccc1,0.0000000,0.0000,0.2342523,0.2343,0.9872114,2.1686,3
41.1409,41.2798,-41.2712,0.0000677,CC(Cc1ccccc1)NC(=O)C(NC(CC1CCCCC1)C(=O)CC(O)C(Cc1ccccc1)NC(=O)OC(C)(C)C)C(=O)O,1,O=C(CNC(CC1CCCCC1)C(=O)CCCCc1ccccc1)NCCc1ccccc1,0.0000000,0.0000,0.0947613,0.0948,0.7969168,4.1094,3
32.5418,33.9890,-33.9712,0.0001390,CCCCC1NC(=O)N1NO,1,O=C1NCN1,0.0000000,0.0000,0.8121555,0.8122,0.8111421,4.0506,3
23.1078,36.1033,-36.1007,0.0000199,CC(C=CC=C(C)C=CC=C(C)C=CC1=C(C)CCCC1(C)C)=CC=CC=CC(C)=C1CCOC1=O,1,O=C1OCCC1=CC=CC=CC=CC=CC=CC=CC=CC=CC1=CCCCC1,0.0000000,0.0000,0.0023275,0.0023,0.8429228,3.9055,3
15.5272,36.5031,75.5219,0.8751959,CCCCN(C)C=CC=CC(O)=C1C(=O)NC(=O)NC1=O,1,C=C1C(=O)NC(=O)NC1=O,1.0000000,1.0000,0.6952576,0.6953,0.9382044,3.2280,3
25.2629,25.6850,-25.6691,0.0001238,CCn1[nH]ccc1=NC(=O)N1Cc2ccccc2C1,1,O=C(N=c1cc[nH][nH]1)N1Cc2ccccc2C1,0.0000000,0.0000,0.5254452,0.5254,0.9457026,3.1385,3
8.1638,43.0167,49.5004,0.7227903,CC1(C)OC(=O)C(=C(O)C=CC=CNc2ccccc2)C(=O)O1,1,O=C1OCOC(=O)C1=CC=CC=CNc1ccccc1,1.0000000,1.0000,0.3872023,0.3872,0.9570252,2.9784,3
23.2657,24.5254,-24.5096,0.0001231,COc1ccc2c(c1)C(=CC(C)=O)C=N2,1,C=C1C=Nc2ccccc21,0.0000000,0.0000,0.5077059,0.5077,0.9750479,2.6121,3
26.7982,27.1527,-27.1368,0.0001243,CN(C)C(=O)Cn1c(=O)nc(-c2ccco2)c2ccccc21,1,O=c1nc(-c2ccco2)c2ccccc2[nH]1,0.0000000,0.0000,0.5194909,0.5195,0.9840716,2.3137,3
32.1953,31.9634,-31.9459,0.0001371,CCOC(=O)c1cnn(-c2nc(=NC)[nH]c(=NC)[nH]2)c1CC,1,N=c1nc(-n2cccn2)[nH]c(=N)[nH]1,0.0000000,0.0000,0.7392607,0.7393,0.8877953,3.6525,3
22.7274,33.3824,-33.3727,0.0000755,C=CC(C)=CC=CC(C)=CC=CC(C)=CC1(C)CC(O)CC(=O)O1,1,O=C1CCCCO1,0.0000000,0.0000,0.1443995,0.1444,0.6776546,4.5160,3
28.9008,27.7532,-27.7395,0.0001071,CCCCNC(=S)NC1CC2c3[nH]c4ccccc4c3CCN2C(=O)C1C(C)O,1,O=C1CCCC2c3[nH]c4ccccc4c3CCN12,0.0000000,0.0000,0.3613156,0.3613,0.8533315,3.8528,3
23.6046,27.5771,-27.5590,0.0001417,CC(=O)NC1CN(CC(=O)NCCN2CCOCC2)CC1C(C)C,1,O=C(CN1CCCC1)NCCN1CCOCC1,0.0000000,0.0000,0.7896330,0.7896,0.9412045,3.1935,3
23.8317,22.8667,-22.8569,0.0000770,CCN1CCN(CCCCC(=O)N2CCN(C(c3ccccc3)c3ccc(Cl)cc3)CC2)CC1,1,O=C(CCCCN1CCNCC1)N1CCN(C(c2ccccc2)c2ccccc2)CC1,0.0000000,0.0000,0.1241107,0.1241,0.9742768,2.6325,3
18.9573,18.7353,-18.7226,0.0000993,Fc1ccc(OC(c2ccccc2)C2CCNC2)cc1,1,c1ccc(OC(c2ccccc2)C2CCNC2)cc1,0.0000000,0.0000,0.2676507,0.2677,0.9692861,2.7513,3
44.2176,42.3820,-42.3793,0.0000208,O=C1CC(c2cccc(-c3ccccn3)c2)=Nc2ccc(-c3ccc4nc(OC5CCCC5)cc(C(F)(F)F)c4c3)cc2N1,1,O=C1CC(c2cccc(-c3ccccn3)c2)=Nc2ccc(-c3ccc4nc(OC5CCCC5)ccc4c3)cc2N1,0.0000000,0.0000,0.0024746,0.0025,0.9537798,3.0281,3
22.4635,23.1780,-23.1650,0.0001020,COc1ccc(-c2cnc3c(N4CCN(C)CC4)snc3c2)cc1OC,1,c1ccc(-c2cnc3c(N4CCNCC4)snc3c2)cc1,0.0000000,0.0000,0.2881936,0.2882,0.9773987,2.5461,3
39.2311,52.9210,-52.9077,0.0001043,CC=CC=CC(=O)NCCN1CCN(C(=O)C=CC=CC(C)=C2OC(C)(C)C(=O)C2(C)C)OC1CO,1,O=C1COC(=CC=CC=CC(=O)N2CCNCO2)C1,0.0000000,0.0000,0.3868312,0.3868,0.6589850,4.5708,3
22.6487,22.5121,-22.4946,0.0001365,N=c1nc(N2CCNCC2)cc(-c2ccncc2)[nH]1,1,N=c1nc(N2CCNCC2)cc(-c2ccncc2)[nH]1,0.0000000,0.0000,0.6953537,0.6954,0.9657231,2.8252,3
21.4464,22.9349,-22.9225,0.0000967,O=C1C(=Cc2cccc(O)c2O)SC(=S)N1c1ccccc1,1,O=C1C(=Cc2ccccc2)SC(=S)N1c1ccccc1,0.0000000,0.0000,0.2442582,0.2443,0.9860436,2.2263,3
29.5647,29.1571,-29.1404,0.0001304,O=c1cccc(N=c2nc[nH]c(-c3ccncc3)n2)[nH]1,1,O=c1cccc(N=c2nc[nH]c(-c3ccncc3)n2)[nH]1,0.0000000,0.0000,0.6241256,0.6241,0.9203958,3.4054,3
29.8895,31.2216,-31.2086,0.0001017,CNC(=O)OC(c1cccc(O)c1)c1c(O)c(O)c2ccccc2c1O,1,c1ccc(Cc2ccc3ccccc3c2)cc1,0.0000000,0.0000,0.2910376,0.2910,0.9472140,3.1191,3
30.5564,29.1496,-29.1373,0.0000962,N#Cc1cc(F)cc(C(O)(CC2COC(=N)N2)c2ccc(C(F)(F)F)cc2)c1,1,N=C1NC(CC(c2ccccc2)c2ccccc2)CO1,0.0000000,0.0000,0.2657371,0.2657,0.8277639,3.9773,3
27.9446,30.1404,-30.1273,0.0001019,O=C(C=CCN1CCCCC1)NC1CCc2ccc(Cl)cc2C1,1,O=C(C=CCN1CCCCC1)NC1CCc2ccccc2C1,0.0000000,0.0000,0.2894889,0.2895,0.9655962,2.8277,3
27.4903,29.4599,-29.4467,0.0001033,CN1CCN(C(=O)C(CCCc2ccccc2)NC(=O)CC2CCCCC2)CC1,1,O=C(CC1CCCCC1)NC(CCCc1ccccc1)C(=O)N1CCNCC1,0.0000000,0.0000,0.2994698,0.2995,0.9767590,2.5647,3
23.2383,25.9851,-25.9701,0.0001170,COC(=O)C1=CC=CC(C=O)C1c1ccc(C)cc1,1,C1=CCC(c2ccccc2)C=C1,0.0000000,0.0000,0.4554019,0.4554,0.9036188,3.5420,3
34.3805,34.4771,-34.4690,0.0000634,COC(=O)c1cccc(NN=C(C)COc2ccc(C=CC(=O)c3ccccc3)cc2)c1,1,O=C(C=Cc1ccc(OCC=NNc2ccccc2)cc1)c1ccccc1,0.0000000,0.0000,0.0688363,0.0688,0.9848777,2.2794,3
19.8564,20.6233,-20.6043,0.0001481,COCCNC(=O)c1c(O)[nH]c(=O)[nH]c1=O,1,O=c1cc[nH]c(=O)[nH]1,0.0000000,0.0000,0.8818750,0.8819,0.9786161,2.5092,3
28.5292,28.4734,-28.4558,0.0001373,NCCNCCNC(=O)c1cccc2c(O)cc(O)cc12,1,c1ccc2ccccc2c1,0.0000000,0.0000,0.7002769,0.7003,0.9851850,2.2658,3
20.2156,21.5350,-21.5176,0.0001359,O=C(O)c1ccc(S(=O)(=O)NCC2CCCO2)cc1,1,O=S(=O)(NCC1CCCO1)c1ccccc1,0.0000000,0.0000,0.6794786,0.6795,0.9835742,2.3341,3
26.5077,28.2909,-28.2796,0.0000884,COc1ccc(-c2nccn2C2CCc3ccccc3C2=O)cc1,1,O=C1c2ccccc2CCC1n1ccnc1-c1ccccc1,0.0000000,0.0000,0.1884108,0.1884,0.9715322,2.7003,3
39.4984,47.0132,-46.9966,0.0001298,COC(CC1C(CO)OC(CC(=O)O)C(O)C1O)=C1C(=O)N=C(NC#N)N1C,1,O=C1N=CNC1=CCC1CCCOC1,0.0000000,0.0000,0.8568527,0.8569,0.5157897,4.9588,3
26.5882,26.9138,-26.9060,0.0000604,CCN(CC)c1ccc(C=CC(=O)c2ccc(OCC(=O)Nc3ccccc3)cc2)cc1,1,O=C(COc1ccc(C(=O)C=Cc2ccccc2)cc1)Nc1ccccc1,0.0000000,0.0000,0.0595332,0.0595,0.9892759,2.0526,3
19.4030,21.5966,-21.5795,0.0001333,CC1CCCN1C=S,1,C1CCNC1,0.0000000,0.0000,0.7173173,0.7173,0.8081173,4.0633,3
44.4715,44.8759,-44.8612,0.0001148,CNC(=O)c1ccc(N=c2[nH]c3ncccc3c(C3CCC(=O)NC3=O)c2F)c(OC)c1,1,O=C1CCC(c2cc(=Nc3ccccc3)[nH]c3ncccc23)C(=O)N1,0.0000000,0.0000,0.4331689,0.4332,0.8911716,3.6302,3
27.0107,27.6424,-27.6279,0.0001139,CN1CCN(C2C3CCC(C3)C2C(=O)OCc2ccccc2)CC1,1,O=C(OCc1ccccc1)C1C2CCC(C2)C1N1CCNCC1,0.0000000,0.0000,0.4486028,0.4486,0.8056453,4.0737,3
28.0249,27.8972,-27.8809,0.0001277,N=c1[nH]cnc2c1ncn2C1OC(CNC(=O)CCCCNC(=O)OCc2ccccc2)C(O)C1O,1,N=c1[nH]cnc2c1ncn2C1CCC(CNC(=O)CCCCNC(=O)OCc2ccccc2)O1,0.0000000,0.0000,0.6217423,0.6217,0.8289773,3.9718,3
28.6540,29.5627,-29.5491,0.0001066,N#Cc1ccccc1-c1ccc(OC=CC(=O)O)cc1,1,c1ccc(-c2ccccc2)cc1,0.0000000,0.0000,0.3277387,0.3277,0.9856997,2.2424,3
20.2692,22.6495,-22.6332,0.0001271,Cc1ccccc1N=C1NC(C(=O)O)CS1,1,c1ccc(N=C2NCCS2)cc1,0.0000000,0.0000,0.5783834,0.5784,0.9190198,3.4176,3
43.2884,44.1156,-44.1093,0.0000492,CC(c1ccc(C(=O)NCCC(=O)O)cc1)N1C(=O)N(c2cc(C(F)(F)F)nc(C(F)(F)F)n2)C(CC#N)(CCc2ccccc2)C1=O,1,O=C1C(CCc2ccccc2)N(c2ccncn2)C(=O)N1Cc1ccccc1,0.0000000,0.0000,0.0364505,0.0365,0.7929263,4.1253,3
23.9594,23.5039,-23.4915,0.0000969,O=C(O)CSc1nc(Cc2ccccc2)nc2ccc(F)cc12,1,c1ccc(Cc2ncc3ccccc3n2)cc1,0.0000000,0.0000,0.2458496,0.2458,0.9880027,2.1265,3
29.6779,33.6607,-33.6434,0.0001351,COc1cc2c(cc1Br)=NC(=O)C=2C(O)NC(C)C,1,O=C1C=c2ccccc2=N1,0.0000000,0.0000,0.7105489,0.7105,0.8833349,3.6812,3
35.3085,36.9920,-36.9810,0.0000854,O=C(Nc1ccccc1)C(Cl)=C=CS(=O)(=O)c1nc2ccccc2s1,1,O=C(C=C=CS(=O)(=O)c1nc2ccccc2s1)Nc1ccccc1,0.0000000,0.0000,0.1709475,0.1709,0.9632302,2.8726,3
22.5749,23.1908,-23.1744,0.0001283,O=C(OC1CCCCC1)On1c(O)ccc1O,1,O=C(OC1CCCCC1)On1cccc1,0.0000000,0.0000,0.5782833,0.5783,0.9639339,2.8596,3
30.6303,30.7424,-30.7301,0.0000963,CC(NC(=O)C=CC=Cc1ccco1)c1ccc2c(c1)CCO2,1,O=C(C=CC=Cc1ccco1)NCc1ccc2c(c1)CCO2,0.0000000,0.0000,0.2461203,0.2461,0.9552705,3.0057,3
31.3092,33.4330,-33.4178,0.0001186,O=C(O)CNC(O)C(=O)C(Cc1ccccc1)NC(=O)C(Cc1ccc(O)cc1)NC(=O)OCc1ccccc1,1,O=C(NC(Cc1ccccc1)C(=O)NCCc1ccccc1)OCc1ccccc1,0.0000000,0.0000,0.4688639,0.4689,0.9198562,3.4102,3
20.8693,21.7825,-21.7659,0.0001291,N=CN=c1[nH]ccc2ccccc12,1,N=c1[nH]ccc2ccccc12,0.0000000,0.0000,0.5965652,0.5966,0.9423453,3.1799,3
21.3648,21.6461,-21.6308,0.0001193,CCCCC(=O)Nc1cccc([N+](=O)[O-])c1,1,c1ccccc1,0.0000000,0.0000,0.4573496,0.4573,0.9942671,1.6413,4
23.7073,27.3522,-27.3368,0.0001210,CN1C(=O)C(NC(=O)C(O)=NO)c2ccccc2-c2ccccc21,1,O=C1Cc2ccccc2-c2ccccc2N1,0.0000000,0.0000,0.4881992,0.4882,0.9527608,3.0430,4
26.0062,26.2310,-26.2194,0.0000906,CC(C)(C)c1ccc(C#Cc2ccc(CO)s2)cc1,1,C(#Cc1cccs1)c1ccccc1,0.0000000,0.0000,0.2015445,0.2015,0.9812292,2.4226,4
37.2295,39.3273,-39.3178,0.0000737,COC(=O)NC(C(=O)N1CC(c2ccccc2)CC1C(=O)NC(Cc1ccccc1)C(=O)C(=O)N1CC(F)CCC1C(=O)NC(C)(C)C)C(C)(C)C,1,O=C(NC(Cc1ccccc1)C(=O)C(=O)N1CCCCC1)C1CC(c2ccccc2)CN1,0.0000000,0.0000,0.1331191,0.1331,0.6857329,4.4917,4
25.2202,24.6865,-24.6749,0.0000905,C=CCOc1ccccc1C(=O)Nc1ccc(CC)cc1,1,O=C(Nc1ccccc1)c1ccccc1,0.0000000,0.0000,0.1992565,0.1993,0.9936599,1.7073,4
30.2916,31.2884,-31.2708,0.0001374,NC(=O)COC(=O)Cn1c(=O)c2ccccc2[s+]1[O-],1,O=c1[nH][sH+]c2ccccc12,0.0000000,0.0000,0.7541917,0.7542,0.8683161,3.7713,4
26.7183,26.5425,-26.5330,0.0000747,CCCN(CCC)C(=O)C1CNCC(C(c2ccccc2)c2ccccc2)C1,1,c1ccc(C(c2ccccc2)C2CCCNC2)cc1,0.0000000,0.0000,0.1154815,0.1155,0.9452317,3.1445,4
16.7829,17.2568,-17.2412,0.0001216,O=C1C(=Cc2cccnc2)Oc2cc(O)cc(O)c21,1,O=C1C(=Cc2cccnc2)Oc2ccccc21,0.0000000,0.0000,0.4883956,0.4884,0.9773753,2.5468,4
32.5919,33.7940,-33.7775,0.0001288,O=c1ccn(CCCCC2CCCC(F)O2)c(=O)[nH]1,1,O=c1ccn(CCCCC2CCCCO2)c(=O)[nH]1,0.0000000,0.0000,0.6083381,0.6083,0.9015781,3.5571,4
30.6950,31.9719,-31.9556,0.0001271,CN(C)C1CCN(c2cc(N3CCCC3)nc(C#CC(C)(C)O)n2)C1,1,c1nc(N2CCCC2)cc(N2CCCC2)n1,0.0000000,0.0000,0.5740041,0.5740,0.9286644,3.3282,4
16.4957,18.8975,-18.8818,0.0001226,CC1(C)CC(=O)c2ccccc2O1,1,O=C1CCOc2ccccc21,0.0000000,0.0000,0.4974869,0.4975,0.9885681,2.0947,4
19.5728,19.0948,-19.0804,0.0001128,N=c1c2c([nH]c3cc(Cl)ccc13)CCCC2O,1,N=c1c2c([nH]c3ccccc13)CCCC2,0.0000000,0.0000,0.4022481,0.4022,0.9258319,3.3555,4
31.3690,30.2614,-30.2494,0.0000941,Cc1cccc2nc(CCc3nc(-c4ccccc4)ccc3O)nn12,1,c1ccc(-c2cccc(CCc3nc4ccccn4n3)n2)cc1,0.0000000,0.0000,0.2261595,0.2262,0.9799584,2.4661,4
13.2738,17.0070,-16.9942,0.0000999,CN1CCN(C2=Nc3ccccc3C(=CC#N)c3ccccc32)CC1,1,C=C1c2ccccc2N=C(N2CCNCC2)c2ccccc21,0.0000000,0.0000,0.2709042,0.2709,0.9782025,2.5220,4
35.0637,34.7955,-34.7864,0.0000709,Cc1sc2c(c1-c1noc(C(=O)NCCN3CCC(Cc4ccccc4)CC3)n1)CCCC2,1,O=C(NCCN1CCC(Cc2ccccc2)CC1)c1nc(-c2csc3c2CCCC3)no1,0.0000000,0.0000,0.0969894,0.0970,0.9734559,2.6535,4
24.1358,23.9610,-23.9493,0.0000910,CC(=O)Oc1ccc2c(c1)CCc1c-2[nH]c2ccccc12,1,c1ccc2c(c1)CCc1c-2[nH]c2ccccc12,0.0000000,0.0000,0.2038324,0.2038,0.9872012,2.1691,4
21.7465,23.9154,-23.8996,0.0001233,COc1ccc(CCn2cc(C(O)NCCCN3CCN(C)CC3)cc2O)cc1OC,1,c1ccc(CCn2ccc(CNCCCN3CCNCC3)c2)cc1,0.0000000,0.0000,0.5207947,0.5208,0.9393380,3.2151,4
31.3833,31.8087,-31.7931,0.0001217,Cc1cc(C=NNC(O)c2c(C)nn(C)c2C)cc(C)c1O,1,C(=NNCc1cn[nH]c1)c1ccccc1,0.0000000,0.0000,0.5080462,0.5080,0.9172182,3.4332,4
26.2072,26.8906,-26.8785,0.0000944,Cc1ccc(C(=O)NCC(C)C)cc1N=NN1CCCCC1,1,c1ccc(N=NN2CCCCC2)cc1,0.0000000,0.0000,0.2284770,0.2285,0.9761297,2.5825,4
25.1377,24.9752,-24.9601,0.0001177,NC1CC(NC(=O)c2cc(=NC(=O)c3ccccc3F)n(-c3ccccc3)[nH]2)C1,1,O=C(N=c1cc(C(=O)NC2CCC2)[nH]n1-c1ccccc1)c1ccccc1,0.0000000,0.0000,0.4462730,0.4463,0.9654092,2.8314,4
18.4714,17.4318,-17.4169,0.0001162,CCc1[nH]c(=N)[nH]c(=N)c1-c1cccc(Br)c1,1,N=c1[nH]cc(-c2ccccc2)c(=N)[nH]1,0.0000000,0.0000,0.4369313,0.4369,0.9379941,3.2303,4
24.2893,27.4352,-27.4269,0.0000652,Oc1ccccc1CNCCCCCCN1CCN(CCCN=c2c3c([nH]c4ccccc24)CCCC3)CC1,1,c1ccc(CNCCCCCCN2CCN(CCCN=c3c4c([nH]c5ccccc35)CCCC4)CC2)cc1,0.0000000,0.0000,0.0759164,0.0759,0.9634993,2.8677,4
21.0181,26.0194,-26.0077,0.0000913,C=CCSSC(CCO)=C(C)N(O)Cc1ccccc1,1,c1ccccc1,0.0000000,0.0000,0.2118070,0.2118,0.9395340,3.2129,4
21.9570,21.5708,-21.5560,0.0001163,Cc1c(C(=O)N2CCCC2)nnn1-c1ccc(Cl)cc1,1,O=C(c1cn(-c2ccccc2)nn1)N1CCCC1,0.0000000,0.0000,0.4247022,0.4247,0.9903569,1.9826,4
33.2196,30.9754,-30.9664,0.0000699,O=C1CCCN1CCCOc1cccc(-c2cccc(N=c3nc(C(F)(F)F)cc[nH]3)c2)c1,1,O=C1CCCN1CCCOc1cccc(-c2cccc(N=c3nccc[nH]3)c2)c1,0.0000000,0.0000,0.0936276,0.0936,0.9601279,2.9275,4
25.3424,24.0395,-24.0302,0.0000727,COc1cc(NC(=O)c2ccccc2C(F)(F)F)cc(C(=O)Nc2cccnc2)c1,1,O=C(Nc1cccc(C(=O)Nc2cccnc2)c1)c1ccccc1,0.0000000,0.0000,0.1038870,0.1039,0.9887217,2.0858,4
15.9592,16.5716,-16.5610,0.0000823,CC1=CC(C)(C)Nc2ccc3ccccc3c21,1,C1=Cc2c(ccc3ccccc23)NC1,0.0000000,0.0000,0.1511552,0.1512,0.9838337,2.3235,4
20.1288,20.5084,-20.4918,0.0001294,Cc1ccc(S(=O)(=O)N(CC(=O)O)CC(C)C)cc1,1,c1ccccc1,0.0000000,0.0000,0.5849828,0.5850,0.9909077,1.9440,4
32.3563,31.8907,-31.8755,0.0001188,Cc1c[nH]c(=Nc2nc(-c3ccccn3)nc3c2nnn3C)s1,1,c1ccc(-c2nc(N=c3[nH]ccs3)c3nn[nH]c3n2)nc1,0.0000000,0.0000,0.4754526,0.4755,0.9068666,3.5173,4
10.8647,41.5203,70.3046,0.8736324,CCN(C=CC=CC(O)=C1C(=O)NC(=O)N(C)C1=O)CC,1,C=C1C(=O)NC(=O)NC1=O,1.0000000,1.0000,0.6927414,0.6927,0.9353545,3.2593,4
20.2184,20.4828,-20.4676,0.0001192,COc1ccc(N2CCN(C(=O)Cn3cc4c(n3)CCCC4)CC2)cc1,1,O=C(Cn1cc2c(n1)CCCC2)N1CCN(c2ccccc2)CC1,0.0000000,0.0000,0.4578197,0.4578,0.9852314,2.2637,4
45.9603,45.0915,-45.0779,0.0001067,COCCCC1C=CC(=O)C2C3C(CO)CC12OC(=O)C3C,1,O=C1CC2CCC3(CC=CC(=O)C23)O1,0.0000000,0.0000,0.6358194,0.6358,0.3110766,5.5180,4
24.3806,24.0058,-23.9966,0.0000725,Cc1cccc(-c2ccc(Oc3ccc(S(=O)(=O)C4(C(O)=NO)CCOCC4)cc3)cc2)n1,1,O=S(=O)(c1ccc(Oc2ccc(-c3ccccn3)cc2)cc1)C1CCOCC1,0.0000000,0.0000,0.1041816,0.1042,0.9691728,2.7538,4
16.7687,17.2230,-17.2165,0.0000513,CCCCCCCCCCCCCCNc1ccc(C(=O)O)cc1,1,c1ccccc1,0.0000000,0.0000,0.0363717,0.0364,0.9925196,1.8158,4
22.9806,27.1873,-27.1686,0.0001457,COC(=O)N1CC(=O)CNC1=O,1,O=C1CNC(=O)NC1,0.0000000,0.0000,0.8509180,0.8509,0.9581813,2.9599,4
15.0100,24.6981,-24.6808,0.0001351,COC(C(=O)O)=C1C(=O)c2ccccc2C1=O,1,C=C1C(=O)c2ccccc2C1=O,0.0000000,0.0000,0.6700410,0.6700,0.9773582,2.5473,4
25.7374,31.7879,-31.7722,0.0001231,CN1C(=O)C2(C(=O)Nc3ccccc32)C12C(=O)c1ccccc1C2=O,1,O=C1c2ccccc2C(=O)C12NC(=O)C21C(=O)Nc2ccccc21,0.0000000,0.0000,0.5562368,0.5562,0.8295639,3.9691,4
19.7086,29.6276,-29.6137,0.0001091,CN(C=CC=CC1=CC(=O)C(C)(C)OC1=O)c1ccccc1,1,O=C1C=C(C=CC=CNc2ccccc2)C(=O)OC1,0.0000000,0.0000,0.3616591,0.3617,0.9370948,3.2404,4
29.1346,31.7141,-31.7006,0.0001054,C=CC1(C)C(=C)CCC(N)C1C(=C)C,1,C=C1CCCCC1,0.0000000,0.0000,0.4221283,0.4221,0.5966454,4.7450,4
20.1081,20.8730,-20.8595,0.0001055,Cc1ccc[n+](C2=Cc3ccccc3CC2)c1,1,C1=C([n+]2ccccc2)CCc2ccccc21,0.0000000,0.0000,0.3228402,0.3228,0.9571914,2.9758,4
25.1521,25.0828,-25.0740,0.0000685,CCCCC1CN(C2CCN(Cc3ccccc3)CC2)CC1NC(=O)CNC(=O)c1cccc(C(F)(F)F)c1,1,O=C(CNC(=O)c1ccccc1)NC1CCN(C2CCN(Cc3ccccc3)CC2)C1,0.0000000,0.0000,0.0896388,0.0896,0.9347212,3.2661,4
31.2757,31.9288,-31.9166,0.0000952,CC(O)c1ccc2c(c1)C=C1C(C)(CCCC1(C)C(=O)O)O2,1,C1=C2CCCCC2Oc2ccccc21,0.0000000,0.0000,0.2628535,0.2629,0.8012494,4.0918,4
26.9883,27.9099,-27.8989,0.0000863,C=C(C)C1CCC2(CC1)Cc1ccccc1CO2,1,c1ccc2c(c1)COC1(CCCCC1)C2,0.0000000,0.0000,0.1784134,0.1784,0.9433360,3.1680,4
24.3510,25.3259,-25.3161,0.0000762,CN1C(=O)C(=Cc2ccc(N(C)C)cc2)N=C1SCc1ccccc1Cl,1,O=C1NC(SCc2ccccc2)=NC1=Cc1ccccc1,0.0000000,0.0000,0.1198831,0.1199,0.9804559,2.4494,4
30.0284,28.7454,-28.7370,0.0000661,O=C(NC(=S)N1CCN(c2cccc(C(F)(F)F)c2)CC1)c1cc(Cl)ccc1Cl,1,O=C(NC(=S)N1CCN(c2ccccc2)CC1)c1ccccc1,0.0000000,0.0000,0.0780968,0.0781,0.9859823,2.2292,4
22.3131,23.1214,-23.1061,0.0001192,O=C(NCc1cccnc1)C1CCCN1Cc1ccccc1,1,O=C(NCc1cccnc1)C1CCCN1Cc1ccccc1,0.0000000,0.0000,0.4587450,0.4587,0.9851245,2.2685,4
41.0432,43.8823,-43.8770,0.0000417,CC1(C(=O)O)CCC2(C)CCC3(C)C(=CC(=O)C4C5(C)CCC(OC(=O)CC(CO)OC=O)C(C)(C)C5CCC43C)C2C1,1,O=C1C=C2C3CCCCC3CCC2C2CCC3CCCCC3C12,0.0000000,0.0000,0.0320046,0.0320,0.4166270,5.2193,4
37.4042,55.2961,-55.2898,0.0000491,CC(=CC=CC1=C(C=CC(O)=CC=CC=C2C=C3Sc4ccccc4N3C(=O)NC2=O)C(=O)OC1(C)C)CC(=O)O,1,O=C1NC(=O)N2C(=CC1=CC=CC=CC=CC1=CCOC1=O)Sc1ccccc12,0.0000000,0.0000,0.0364243,0.0364,0.7847379,4.1574,4
38.0390,38.6138,-38.5985,0.0001191,CNc1ccc(-c2cc(=O)c3nc(OCCNCCN)cc(C)c3o2)cc1,1,O=c1cc(-c2ccccc2)oc2cccnc12,0.0000000,0.0000,0.4616970,0.4617,0.9698442,2.7390,4
38.8466,37.0967,-37.0903,0.0000498,Cc1ccc(NS(=O)(=O)c2ccc(Oc3ccc(-c4nc5cc(C(=N)N)ccc5n4CCN(C)C)cc3)cc2)cc1C,1,O=S(=O)(Nc1ccccc1)c1ccc(Oc2ccc(-c3nc4ccccc4[nH]3)cc2)cc1,0.0000000,0.0000,0.0336760,0.0337,0.9760568,2.5846,4
24.8798,25.8303,-25.8148,0.0001212,CC(=O)N1Cc2ccccc2CC1C(=O)NCc1cccc(C)n1,1,O=C(NCc1ccccn1)C1Cc2ccccc2CN1,0.0000000,0.0000,0.4850163,0.4850,0.9728497,2.6686,4
11.5401,33.7164,64.2729,0.7655417,CN(C)C=CC=CC(O)=C1C(=O)c2ccccc2C1=O,1,C=C1C(=O)c2ccccc2C1=O,1.0000000,1.0000,0.4573009,0.4573,0.9671258,2.7971,4
20.6038,22.5829,-22.5713,0.0000911,O=C(O)CN1C(=O)SC(=Cc2cn(-c3ccccc3)nc2-c2ccccc2)C1=O,1,O=C1NC(=O)C(=Cc2cn(-c3ccccc3)nc2-c2ccccc2)S1,0.0000000,0.0000,0.2041341,0.2041,0.9862897,2.2146,4
27.2871,28.1686,-28.1530,0.0001220,CCOC1COC2(CCN(C(=O)c3ccc(O)cc3O)CC2)C1,1,O=C(c1ccccc1)N1CCC2(CCCO2)CC1,0.0000000,0.0000,0.5178254,0.5178,0.9003592,3.5660,4
32.1838,32.3994,-32.3928,0.0000511,CCCCCCCCCC(=O)NCCCCC(N=c1c2ccccc2[nH]c2ccccc12)C(=O)O,1,N=c1c2ccccc2[nH]c2ccccc12,0.0000000,0.0000,0.0368450,0.0368,0.9481725,3.1065,4
28.1656,30.8214,-30.8085,0.0001007,CN1C(=O)NC(C(F)(F)F)=CC1c1cc2ccccc2[nH]1,1,O=C1NC=CC(c2cc3ccccc3[nH]2)N1,0.0000000,0.0000,0.2898478,0.2898,0.9051285,3.5306,4
24.0352,24.8507,-24.8338,0.0001319,C1=C(c2nccnc2N2CCC2)CCOC1,1,C1=C(c2nccnc2N2CCC2)CCOC1,0.0000000,0.0000,0.6285000,0.6285,0.9652632,2.8342,4
19.3683,20.7048,-20.6882,0.0001299,Cc1cc(=O)oc2nc(N(C)C)ccc12,1,O=c1ccc2cccnc2o1,0.0000000,0.0000,0.5963048,0.5963,0.9769086,2.5604,4
17.2736,19.4949,-19.4765,0.0001437,CN1C(=O)C(C)(C)C(=O)NC1=S,1,O=C1CC(=O)NC(=S)N1,0.0000000,0.0000,0.8116568,0.8117,0.9656198,2.8273,4
25.7329,25.9412,-25.9271,0.0001096,Cc1ccc(NC(=O)C2CCN(S(=O)(=O)c3ccccc3F)CC2)cc1S(=O)(=O)N1CCOCC1,1,O=C(Nc1cccc(S(=O)(=O)N2CCOCC2)c1)C1CCN(S(=O)(=O)c2ccccc2)CC1,0.0000000,0.0000,0.3567197,0.3567,0.9838842,2.3215,4
18.4886,18.3679,-18.3543,0.0001065,Oc1ccc(-c2nnc(-c3ccccc3)o2)cc1,1,c1ccc(-c2nnc(-c3ccccc3)o2)cc1,0.0000000,0.0000,0.3248128,0.3248,0.9936044,1.7130,4
15.2665,45.0064,-44.9901,0.0001275,CC1=NN(c2ccccc2)C(=O)C1=C(N)C=CC=CN(C)CCO,1,C=C1C=NN(c2ccccc2)C1=O,0.0000000,0.0000,0.5755985,0.5756,0.9415652,3.1892,4
18.3103,19.7286,-19.7110,0.0001375,CC(=O)C1OC(n2cnc3c(=N)[nH]cnc32)C(O)C1O,1,N=c1[nH]cnc2c1ncn2C1CCCO1,0.0000000,0.0000,0.8297587,0.8298,0.7372541,4.3279,4
18.0065,20.8066,-20.7905,0.0001259,CC=Cc1ccc(OCC(=O)NCCCN2CCOCC2)c(OC)c1,1,O=C(COc1ccccc1)NCCCN1CCOCC1,0.0000000,0.0000,0.5389658,0.5390,0.9876865,2.1436,4
36.2059,36.2801,-36.2687,0.0000888,NC(=O)c1cc2c(c(-c3ccccc3Cl)nn2CCC(=O)O)c2c1CCCC2,1,c1ccc(-c2n[nH]c3ccc4c(c23)CCCC4)cc1,0.0000000,0.0000,0.1904797,0.1905,0.9752765,2.6060,4
25.5398,28.8798,-28.8691,0.0000837,CC=CC1=C(C)C2=C(C)C(=O)C=CC2(C)C=C1C,1,O=C1C=CC2C=CC=CC2=C1,0.0000000,0.0000,0.1864929,0.1865,0.7417974,4.3125,4
32.2178,33.1281,-33.1141,0.0001093,CC12SC=CN1C(=O)c1cc3c2cc1N(CCO)C3,1,O=C1c2cc3c(cc2NC3)C2SC=CN12,0.0000000,0.0000,0.5463034,0.5463,0.4586744,5.1079,4
24.5022,25.7220,-25.7059,0.0001257,N=c1n(CCS(=O)(=O)c2ccccc2)c2ccccc2n1CC(=O)O,1,N=c1[nH]c2ccccc2n1CCS(=O)(=O)c1ccccc1,0.0000000,0.0000,0.5373139,0.5373,0.9838341,2.3235,4
23.2120,25.7865,-25.7705,0.0001247,CCN(CC)CCCn1c(C)nn(-c2ccccc2)c1=O,1,O=c1[nH]cnn1-c1ccccc1,0.0000000,0.0000,0.5236304,0.5236,0.9867076,2.1941,4
28.1414,26.8334,-26.8242,0.0000719,CC(C)(C)OC(=O)N1CCC(n2ncc3c(=Nc4ccc(OC(F)(F)F)cc4)[nH]cnc32)CC1,1,c1ccc(N=c2[nH]cnc3c2cnn3C2CCNCC2)cc1,0.0000000,0.0000,0.1026079,0.1026,0.9489428,3.0962,4
21.3469,22.1419,-22.1290,0.0001011,CC1CC2C3CCC4=CC(=O)CCC4(C)C3CCC2(C)C1(O)C(=O)CO,1,O=C1C=C2CCC3C4CCCC4CCC3C2CC1,0.0000000,0.0000,0.3282402,0.3282,0.7431838,4.3078,4
30.8851,30.8803,-30.8803,0.0000000,N1C(=O)CC(c2c([N+](=O)[O-])cccc2)N=c2ssc(=C)c12,0,,0.0000000,0.0000,0.0000000,0.0000,0.0000000,0.0000,4
18.8201,19.3847,-19.3675,0.0001340,O=C1COc2ccccc2N1CCCN1CCOCC1,1,O=C1COc2ccccc2N1CCCN1CCOCC1,0.0000000,0.0000,0.6492297,0.6492,0.9887516,2.0840,4
25.9257,27.2803,-27.2672,0.0001024,CC(=O)OC1CCC2C(=CC(O)C3C(C)(C)C(=O)CCC23C)C1,1,O=C1CCC2C(CC=C3CCCCC32)C1,0.0000000,0.0000,0.3482143,0.3482,0.7178342,4.3917,4
21.0687,23.4935,-23.4773,0.0001265,CCC(C)=NNC(=O)c1cccc([N+](=O)[O-])c1,1,c1ccccc1,0.0000000,0.0000,0.5467494,0.5467,0.9881719,2.1171,4
21.9475,24.3410,-24.3255,0.0001214,CC(C)N=c1[nH]c(=Nc2ccccc2)[nH]c(=Nc2ccccc2C(N)=O)[nH]1,1,N=c1[nH]c(=Nc2ccccc2)[nH]c(=Nc2ccccc2)[nH]1,0.0000000,0.0000,0.5052551,0.5053,0.9141563,3.4590,4
20.5526,26.0777,-26.0600,0.0001381,CN1C(=O)C(=O)C(C=NCc2ccccc2)C1=O,1,O=C1NC(=O)C(C=NCc2ccccc2)C1=O,0.0000000,0.0000,0.7288829,0.7289,0.9471648,3.1197,4
20.9667,30.6784,-30.6599,0.0001446,CN1C(=O)C(=O)N(CC=CC(O)=NO)C1=O,1,O=C1NC(=O)C(=O)N1,0.0000000,0.0000,0.8418326,0.8418,0.9355937,3.2568,4
31.3486,32.3500,-32.3339,0.0001258,CN(CCCc1cc(-c2ccc(NS(C)(=O)=O)cc2)no1)S(C)(=O)=O,1,c1ccc(-c2ccon2)cc1,0.0000000,0.0000,0.5396436,0.5396,0.9808799,2.4348,4
17.9270,20.1045,-20.0861,0.0001437,O=C(C=Cc1ccc(O)c(O)c1)OC1C(O)C(O)C(O)C(O)C1O,1,O=C(C=Cc1ccccc1)OC1CCCCC1,0.0000000,0.0000,0.8474045,0.8474,0.8956556,3.5995,4
30.9990,31.1988,-31.1853,0.0001057,CCCn1c(=S)[nH]c2cc3cc(C)c(O)cc3nc2c1=O,1,O=c1[nH]c(=S)[nH]c2cc3ccccc3nc12,0.0000000,0.0000,0.3215131,0.3215,0.9726415,2.6737,4
24.9567,25.3194,-25.3078,0.0000900,CCN(CC)CCCNC(=O)C1CCC(CNS(=O)(=O)c2c(C)c(C)cc(C)c2C)CC1,1,O=S(=O)(NCC1CCCCC1)c1ccccc1,0.0000000,0.0000,0.1979099,0.1979,0.9781159,2.5246,4
33.8569,33.7930,-33.7808,0.0000958,CN(C)C(=O)Cc1scc(NC(=O)c2ccc3ccccc3c2)c1C(=O)O,1,O=C(Nc1ccsc1)c1ccc2ccccc2c1,0.0000000,0.0000,0.2379416,0.2379,0.9824765,2.3769,4
30.4740,28.8496,-28.8424,0.0000562,O=c1c(-c2cccc(-c3ccncc3)c2)c[nH]c2c(Cl)ccc(Cl)c12,1,O=c1c(-c2cccc(-c3ccncc3)c2)c[nH]c2ccccc12,0.0000000,0.0000,0.0481509,0.0482,0.9833964,2.3412,4
35.8479,45.1178,-45.1045,0.0001039,C#CC=CCC(O)C=CC=CC=CC=CC(O)=CC1CO1,1,C1CO1,0.0000000,0.0000,0.4164645,0.4165,0.5672224,4.8238,4
39.3602,41.2419,-41.2276,0.0001120,Cc1nn(C)c(C)c1S(=O)(=O)N1CCC(NC(=O)OC2CC3CCC2C3)C(C(=O)O)C1,1,O=C(NC1CCN(S(=O)(=O)c2cn[nH]c2)CC1)OC1CC2CCC1C2,0.0000000,0.0000,0.5052575,0.5053,0.5987673,4.7392,4
32.1144,30.2046,-30.1944,0.0000797,CCCSc1ccc(C(C)(O)c2ccc(Cl)cc2)cn1,1,c1ccc(Cc2cccnc2)cc1,0.0000000,0.0000,0.1381343,0.1381,0.9687119,2.7638,4
58.6646,67.2114,-67.2070,0.0000342,CC(C)=CCCC(C)=CC=C1C(=O)C(=CC=CN(C)C)CC2(C)C(C=Cc3c(C(C)(C)O)nc(C)[nH]c3=O)=CCC12,1,C=C1CC2C(C=Cc3cnc[nH]c3=O)=CCC2C(=C)C1=O,0.0000000,0.0000,0.0157928,0.0158,0.5073960,4.9807,4
42.9522,46.4810,-46.4663,0.0001152,CC1C=CC(=NN=Cc2c(O)ccc3ccccc23)C(=O)N1CCOS(C)(=O)=O,1,O=C1NCC=CC1=NN=Cc1cccc2ccccc12,0.0000000,0.0000,0.4421064,0.4421,0.8751713,3.7313,4
18.4234,45.3225,52.7173,0.7659364,CC(C)CC1(C)OC(=O)C(=C(O)C=CC=CN(C)C)C1=O,1,C=C1C(=O)COC1=O,1.0000000,1.0000,0.5033089,0.5033,0.8199761,4.0123,4
30.1309,32.2194,-32.2087,0.0000834,CC1=CCC(C)=Nc2c1[nH]c1c(C)cccc21,1,C1=Cc2[nH]c3ccccc3c2N=CC1,0.0000000,0.0000,0.1606715,0.1607,0.9475658,3.1145,4
17.3895,17.6974,-17.6855,0.0000926,CCCCCCCCCCCCn1cc[n+](C)c1,1,c1c[nH+]c[nH]1,0.0000000,0.0000,0.2153110,0.2153,0.9815229,2.4121,4
30.1813,31.0444,-31.0276,0.0001310,NS(=O)(=O)OCC1OCC(n2cnc3c(-c4ccco4)ncnc32)O1,1,c1coc(-c2ncnc3c2ncn3C2COCO2)c1,0.0000000,0.0000,0.6596030,0.6596,0.8534175,3.8524,4
28.2911,29.7962,-29.7836,0.0000979,C=CCC1(CC(=C)C)CCC(C)(CCC(=O)O)OO1,1,C1CCOOC1,0.0000000,0.0000,0.3016407,0.3016,0.7290621,4.3552,4
38.2882,38.1324,-38.1159,0.0001286,COC(=O)c1cncc(-n2nc(COC(C)=O)c3c2CCN(C(C)=O)C3)c1,1,c1cncc(-n2ncc3c2CCNC3)c1,0.0000000,0.0000,0.5802744,0.5803,0.9709859,2.7131,4
24.7271,25.4951,-25.4822,0.0001007,CCN(CC)C(=S)C=Cc1ccc(C)cc1,1,c1ccccc1,0.0000000,0.0000,0.2760155,0.2760,0.9850084,2.2736,4
19.1584,22.2479,-22.2321,0.0001239,CC(=O)N1C(=O)C(Cc2ccc(Cl)cc2)=NC1=S,1,O=C1NC(=S)N=C1Cc1ccccc1,0.0000000,0.0000,0.5189898,0.5190,0.9700102,2.7353,4
27.4499,28.5323,-28.5180,0.0001117,COC(=O)c1cc2occc2n1CC(=O)N=Cc1ccc(OC)cc1,1,O=C(Cn1ccc2occc21)N=Cc1ccccc1,0.0000000,0.0000,0.3803956,0.3804,0.9716924,2.6966,4
20.5146,25.7733,-25.7570,0.0001275,COc1cccc2c(=O)c(C=C3C(=O)N(C)C(=O)N(C)C3=O)coc12,1,O=C1NC(=O)C(=Cc2coc3ccccc3c2=O)C(=O)N1,0.0000000,0.0000,0.5644004,0.5644,0.9743872,2.6296,4
36.5884,35.4298,-35.4163,0.0001058,CC(=O)N1CCC(Oc2ccc(C(=O)N(Cc3ccccn3)Cc3nc(=O)c4c([nH]3)CCOC4)cc2)CC1,1,O=C(c1ccc(OC2CCNCC2)cc1)N(Cc1ccccn1)Cc1nc(=O)c2c([nH]1)CCOC2,0.0000000,0.0000,0.3243559,0.3244,0.9623524,2.8886,4
22.6265,22.4669,-22.4525,0.0001125,CS(=O)(=O)c1ccc(OC2c3ccccc3CC2N2CCOCC2)cc1,1,c1ccc(OC2c3ccccc3CC2N2CCOCC2)cc1,0.0000000,0.0000,0.3923187,0.3923,0.9550115,3.0096,4
31.9341,31.8118,-31.7985,0.0001036,CC(C)CNC(=O)c1cc2ncc3c(n2c1)C1CCC3C1,1,c1cc2ncc3c(n2c1)C1CCC3C1,0.0000000,0.0000,0.3430707,0.3431,0.7822322,4.1670,4
19.5123,19.5919,-19.5748,0.0001338,O=C1N=C(C=Cc2ccc3c(c2)OCO3)C(=O)N1,1,O=C1N=C(C=Cc2ccc3c(c2)OCO3)C(=O)N1,0.0000000,0.0000,0.6557966,0.6558,0.9652873,2.8337,4
26.2652,25.9113,-25.8946,0.0001307,O=C(O)C(=S)Cc1nc2ccccc2[nH]1,1,c1ccc2[nH]cnc2c1,0.0000000,0.0000,0.6061310,0.6061,0.9790530,2.4955,4
30.8868,34.2243,-34.2082,0.0001256,O=C(O)CC=CC=CC=CC=CC=C(CCC(=O)NCCC(=O)O)C(=O)O,1,,0.0000000,0.0000,0.5503531,0.5504,0.9413206,3.1921,4
20.5872,21.4034,-21.3897,0.0001073,O=C(NCC#Cc1ccccc1)c1cccn(Cc2cccc(F)c2)c1=O,1,O=C(NCC#Cc1ccccc1)c1cccn(Cc2ccccc2)c1=O,0.0000000,0.0000,0.3338069,0.3338,0.9857185,2.2415,4
36.6675,36.3719,-36.3620,0.0000773,CC(C)(C)c1ccc(CC(=O)O)cc1NC(=O)C1CC(c2ccccc2Cl)=NO1,1,O=C(Nc1ccccc1)C1CC(c2ccccc2)=NO1,0.0000000,0.0000,0.1270297,0.1270,0.9600047,2.9296,4
21.5026,22.7164,-22.7044,0.0000938,c1ccc2c(c1)Nc1c(cccc1N1CCOCC1)S2,1,c1ccc2c(c1)Nc1c(cccc1N1CCOCC1)S2,0.0000000,0.0000,0.2233966,0.2234,0.9825519,2.3741,4
27.7598,28.0849,-28.0685,0.0001284,Cc1cc(=NCCNC(=S)NC(=O)c2ccccc2)nc(C)[nH]1,1,O=C(NC(=S)NCCN=c1cc[nH]cn1)c1ccccc1,0.0000000,0.0000,0.5795930,0.5796,0.9630662,2.8757,4
31.3052,32.8837,-32.8738,0.0000774,Cc1ccc(C(=O)Nc2cccc(Cl)c2CN2CCN(C)CC2)cc1N=c1[nH]cnc2cnc(N(C)CCCN(C)C)nc12,1,O=C(Nc1ccccc1CN1CCNCC1)c1cccc(N=c2[nH]cnc3cncnc23)c1,0.0000000,0.0000,0.1298234,0.1298,0.9285424,3.3294,4
18.2306,18.7645,-18.7482,0.0001277,NCCCc1c[nH]c2ccccc12,1,c1ccc2[nH]ccc2c1,0.0000000,0.0000,0.5613037,0.5613,0.9924466,1.8222,4
40.7294,38.5365,-38.5226,0.0001087,COc1ccc(C(O)NC(C2CC2)C2Cc3ccccc3CN2)cc1OC,1,c1ccc(CNC(C2CC2)C2Cc3ccccc3CN2)cc1,0.0000000,0.0000,0.3684377,0.3684,0.8895559,3.6410,4
21.1913,22.6543,-22.6403,0.0001094,O=C(c1ccc(OCCCN2CCN(C(=O)C3CCC3)CC2)cc1)C1CC1,1,O=C(c1ccc(OCCCN2CCN(C(=O)C3CCC3)CC2)cc1)C1CC1,0.0000000,0.0000,0.3534196,0.3534,0.9896372,2.0300,4
22.5699,24.0514,-24.0380,0.0001046,O=C(COC(=O)C=CC=Cc1ccc2c(c1)OCO2)Nc1ccccc1,1,O=C(COC(=O)C=CC=Cc1ccc2c(c1)OCO2)Nc1ccccc1,0.0000000,0.0000,0.3090714,0.3091,0.9864942,2.2046,4
20.0699,20.7349,-20.7219,0.0001013,CC(=O)c1c(O)c(O)n(CCCN(C)C)c1-c1ccc(Cl)cc1,1,c1ccc(-c2ccc[nH]2)cc1,0.0000000,0.0000,0.2825918,0.2826,0.9771912,2.5522,4
9.4425,40.0843,69.6456,0.8572650,CN(C)C=CC=CC(O)=C1C(=O)OC(C)(C)OC1=O,1,C=C1C(=O)OCOC1=O,1.0000000,1.0000,0.6589171,0.6589,0.9244858,3.3682,4
23.0747,23.2709,-23.2544,0.0001287,O=C(NN1CCCCCC1)NS(=O)(=O)c1cccc([N+](=O)[O-])c1,1,O=C(NN1CCCCCC1)NS(=O)(=O)c1ccccc1,0.0000000,0.0000,0.5769100,0.5769,0.9836788,2.3298,4
28.9564,27.8569,-27.8461,0.0000841,CC(C)C(=O)NCC(COC(=O)C(C)(C)C)Cc1ccc(C(F)(F)F)cc1,1,c1ccccc1,0.0000000,0.0000,0.1630417,0.1630,0.9650227,2.8389,4
32.1103,32.6002,-32.5881,0.0000952,CC(=O)C1CCC2C3CCC4CC(C(=O)NN)=CC4(C)C3CCC12C,1,C1=CC2C(C1)CCC1C3CCCC3CCC21,0.0000000,0.0000,0.2863241,0.2863,0.6905921,4.4770,4
24.1908,23.6338,-23.6219,0.0000931,c1ccc(CN2CCN(c3nnnc4c3sc3ccccc34)CC2)cc1,1,c1ccc(CN2CCN(c3nnnc4c3sc3ccccc34)CC2)cc1,0.0000000,0.0000,0.2188017,0.2188,0.9841516,2.3104,4
30.3276,28.6950,-28.6832,0.0000922,CN(C1CCCCC1)C(C(=O)NC1CC1)c1ccc(Cl)cc1,1,O=C(NC1CC1)C(NC1CCCCC1)c1ccccc1,0.0000000,0.0000,0.2134249,0.2134,0.9765759,2.5699,4
10.2087,35.3992,51.6447,0.6800306,CCN(C=CC=CC(O)=C1C(=O)c2ccccc2C1=O)CC,1,C=C1C(=O)c2ccccc2C1=O,1.0000000,1.0000,0.3219833,0.3220,0.9595465,2.9373,4
38.7198,37.3712,-37.3547,0.0001285,O=C(NCCN1CCN(S(=O)(=O)c2ccc(Cl)cc2)CC1)C(=O)NC(O)Cc1ccccc1,1,O=C(NCCc1ccccc1)C(=O)NCCN1CCN(S(=O)(=O)c2ccccc2)CC1,0.0000000,0.0000,0.5800841,0.5801,0.9679335,2.7803,4
16.5021,17.8796,-17.8619,0.0001378,CN1CCN(S(=O)(=O)c2ccccc2)CC1,1,O=S(=O)(c1ccccc1)N1CCNCC1,0.0000000,0.0000,0.7046833,0.7047,0.9945534,1.6077,4
46.1969,47.7570,-47.7500,0.0000551,COc1c(OCc2ccccc2)ccc2[nH]cc(C=CC(=O)C(C(Cl)=C(F)Cl)[N+](=O)[O-])c12,1,c1ccc(COc2ccc3[nH]ccc3c2)cc1,0.0000000,0.0000,0.0478702,0.0479,0.8953666,3.6015,4
27.0069,28.8774,-28.8590,0.0001441,COC(=O)C(C=O)NC(=O)C(C)NC(=O)CC(C)C,1,,0.0000000,0.0000,0.8357691,0.8358,0.9333252,3.2809,4
28.3010,30.3415,-30.3245,0.0001334,COc1ccc(N2CCN(C(=O)CN(C)C(=O)C(C)N(C)C)CC2)cc1,1,c1ccc(N2CCNCC2)cc1,0.0000000,0.0000,0.6472935,0.6473,0.9737914,2.6450,4
26.5675,27.3379,-27.3202,0.0001379,CN(C)C12CNCCCC1CNC2,1,C1CNCC2CNCC2C1,0.0000000,0.0000,0.8187662,0.8188,0.7654231,4.2296,4
27.4387,27.6189,-27.6042,0.0001147,OCC1OC(n2cc(Cc3ccc4c(c3)OCCO4)c3cccc(Cl)c32)C(O)C(O)C1O,1,c1ccc2c(c1)c(Cc1ccc3c(c1)OCCO3)cn2C1CCCCO1,0.0000000,0.0000,0.4413949,0.4414,0.8576438,3.8301,5
14.0737,18.8813,-18.8655,0.0001235,O=C1NC(=O)N(Cc2ccco2)C(=O)C1=Cc1ccccc1,1,O=C1NC(=O)N(Cc2ccco2)C(=O)C1=Cc1ccccc1,0.0000000,0.0000,0.5093584,0.5094,0.9873225,2.1629,5
35.8531,34.0836,-34.0780,0.0000437,CC(C)CC1C(=O)N(C(C)C(=O)O)c2c(Br)cc(Br)cc2C(=O)N1Cc1ccc(Br)cc1F,1,O=C1CN(Cc2ccccc2)C(=O)c2ccccc2N1,0.0000000,0.0000,0.0239877,0.0240,0.8814794,3.6929,5
21.9618,23.6583,-23.6446,0.0001072,CCN1CCC(COC(=O)c2cccc(Cl)c2)CC1,1,O=C(OCC1CCNCC1)c1ccccc1,0.0000000,0.0000,0.3321815,0.3322,0.9917698,1.8785,5
37.1760,39.9456,-39.9336,0.0000936,CC(C)(C)C(=O)N1CCCCN(C(=S)NC(=O)C=Cc2ccc(F)cc2)C1=S,1,O=C(C=Cc1ccccc1)NC(=S)N1CCCCNC1=S,0.0000000,0.0000,0.2239286,0.2239,0.9683755,2.7710,5
27.1838,27.6101,-27.6034,0.0000526,O=C(C=CC=Cc1cccnc1)C=Cc1cn(Cc2ccccc2)c2ccccc12,1,O=C(C=CC=Cc1cccnc1)C=Cc1cn(Cc2ccccc2)c2ccccc12,0.0000000,0.0000,0.0394550,0.0395,0.9781007,2.5251,5
48.5401,50.5282,-50.5169,0.0000885,COCCN1C(=O)c2ccc(C(C)(C)C(=O)N=c3[nH]nc(CCCCc4n[nH]c(=NC(=O)C5(c6cccs6)COC5)s4)s3)cc2C1=O,1,O=C(Cc1ccc2c(c1)C(=O)NC2=O)N=c1[nH]nc(CCCCc2n[nH]c(=NC(=O)C3(c4cccs4)COC3)s2)s1,0.0000000,0.0000,0.2127120,0.2127,0.7901543,4.1363,5
51.5370,51.5918,-51.5823,0.0000735,CC=C1C2=C(C(=O)OC)C(c3ccccc3)C(C#N)(C(=O)OC)C1C1c3ccccc3CCN1C(OC)C2O,1,C=C1C2=CC(c3ccccc3)CC1C1c3ccccc3CCN1CC2,0.0000000,0.0000,0.1934234,0.1934,0.3508741,5.4008,5
36.7926,39.3147,-39.3008,0.0001089,C=C(C)c1cc(C(=O)N2CC(O)CC2C(=O)N2CCN(C(=O)OC(C)(C)C)CC2)cs1,1,O=C(C1CCCN1C(=O)c1ccsc1)N1CCNCC1,0.0000000,0.0000,0.3654964,0.3655,0.9096928,3.4952,5
17.1977,47.7238,63.0003,0.8650323,CN(C=CC=CC(O)=C1C(=O)NC(=O)N(C2CCCC2)C1=O)CCO,1,C=C1C(=O)NC(=O)N(C2CCCC2)C1=O,1.0000000,1.0000,0.6710328,0.6710,0.9388975,3.2202,5
17.5635,20.7731,-20.7544,0.0001459,CC(=O)N1CC(O)C(O)C(O)C1O,1,C1CCNCC1,0.0000000,0.0000,0.9263376,0.9263,0.8295091,3.9693,5
29.7417,32.9322,-32.9180,0.0001110,O=C(Nc1cccc2c1C(=O)OCC2)NC1CC2C=CC1C2,1,O=C(Nc1cccc2c1C(=O)OCC2)NC1CC2C=CC1C2,0.0000000,0.0000,0.4377936,0.4378,0.7327862,4.3428,5
24.1988,27.1034,-27.0893,0.0001105,CN(C)CCCOc1ccc2c(N3CCN(C)CC3)cccc2c1,1,c1ccc2c(N3CCNCC3)cccc2c1,0.0000000,0.0000,0.3642562,0.3643,0.9896677,2.0281,5
21.6757,25.8753,-25.8601,0.0001185,CC(C)=C1C(=O)CC(=O)c2ccccc21,1,C=C1C(=O)CC(=O)c2ccccc21,0.0000000,0.0000,0.4518440,0.4518,0.9795578,2.4792,5
37.6013,36.9887,-36.9810,0.0000606,CN1CCC(Cl)=CC1CC12CCCCC1C=Cc1ccccc12,1,C1=CC(CC23CCCCC2C=Cc2ccccc23)NCC1,0.0000000,0.0000,0.0703013,0.0703,0.7519249,4.2776,5
24.9277,26.6573,-26.6406,0.0001298,Cc1cc(C(=O)OCCCN2CCN(C)CC2)c(C)o1,1,O=C(OCCCN1CCNCC1)c1ccoc1,0.0000000,0.0000,0.5912934,0.5913,0.9878609,2.1342,5
23.3080,24.1275,-24.1138,0.0001074,C1=CC2CC1CC2CN=c1cccc[nH]1,1,C1=CC2CC1CC2CN=c1cccc[nH]1,0.0000000,0.0000,0.5495761,0.5496,0.4139160,5.2266,5
34.2913,40.0754,-40.0576,0.0001392,C=CCOC(=O)NCCCCN(C)C1=NCNC(=O)C1,1,O=C1CC=NCN1,0.0000000,0.0000,0.7539921,0.7540,0.9310963,3.3039,5
28.2933,30.7839,-30.7683,0.0001225,CC1(C)C(=O)Nc2cccnc2N1C(=O)COC(=O)COc1ccc(C#N)cc1,1,O=C1CN(C(=O)COC(=O)COc2ccccc2)c2ncccc2N1,0.0000000,0.0000,0.5009681,0.5010,0.9744986,2.6267,5
18.4845,19.4228,-19.4103,0.0000977,CCN=C1SC(=Cc2ccc(Cl)cc2)C(=O)N1CC,1,N=C1NC(=O)C(=Cc2ccccc2)S1,0.0000000,0.0000,0.2526966,0.2527,0.9833928,2.3414,5
22.3114,22.8553,-22.8401,0.0001191,COc1ccc(NC(=O)CN2CCN(C(=O)c3ccc(OC)cc3)CC2)cc1,1,O=C(CN1CCN(C(=O)c2ccccc2)CC1)Nc1ccccc1,0.0000000,0.0000,0.4547747,0.4548,0.9937068,1.7024,5
24.2100,26.4596,-26.4497,0.0000777,Cc1ccccc1NC(=O)N1CCN(CCCCCCNC(=O)C=Cc2ccc(C#N)cc2)CC1,1,O=C(C=Cc1ccccc1)NCCCCCCN1CCN(C(=O)Nc2ccccc2)CC1,0.0000000,0.0000,0.1268172,0.1268,0.9838728,2.3219,5
30.7292,29.7686,-29.7559,0.0000995,CCOC(=O)CCNC(=O)N1CCC2C(CO)Nc3ccc(-c4ccccc4)cc3C21,1,c1ccc(-c2ccc3c(c2)C2NCCC2CN3)cc1,0.0000000,0.0000,0.2782104,0.2782,0.9138154,3.4619,5
21.0185,24.6654,-24.6473,0.0001412,CCNC(=O)C1=CC(=O)CCC1,1,O=C1C=CCCC1,0.0000000,0.0000,0.7648470,0.7648,0.9798803,2.4687,5
22.2927,21.5477,-21.5330,0.0001147,CC1C(N)CN1c1cc2c(cc1F)c(=O)c(C(=O)O)cn2-c1ccc(O)cc1,1,O=c1ccn(-c2ccccc2)c2cc(N3CCC3)ccc12,0.0000000,0.0000,0.4258359,0.4258,0.9134160,3.4652,5
23.9160,23.2738,-23.2612,0.0000981,COc1ccc(CCNC(=O)c2c[nH]c3ccc(Br)cc3c2=O)cc1,1,O=C(NCCc1ccccc1)c1c[nH]c2ccccc2c1=O,0.0000000,0.0000,0.2547066,0.2547,0.9903914,1.9803,5
15.9871,17.4897,-17.4721,0.0001372,CC1(O)C(O)C(CO)OC1n1cnc2c(=N)[nH]cnc21,1,N=c1[nH]cnc2c1ncn2C1CCCO1,0.0000000,0.0000,0.8399299,0.8399,0.7136866,4.4050,5
29.2397,35.1813,-35.1628,0.0001442,CNCCOC(=O)C1C(=O)OC(C)(C)C(=O)N1C,1,O=C1COC(=O)CN1,0.0000000,0.0000,0.8531026,0.8531,0.9025587,3.5499,5
15.5622,16.9360,-16.9180,0.0001410,N=c1[nH]cnc2c1ncn2C1OC(CO)C(O)C1O,1,N=c1[nH]cnc2c1ncn2C1CCCO1,0.0000000,0.0000,0.8646757,0.8647,0.7841947,4.1595,5
17.3771,19.3376,-19.3219,0.0001233,CC(C)N1CCN(C(=O)Nc2ccccc2)CC1,1,O=C(Nc1ccccc1)N1CCNCC1,0.0000000,0.0000,0.5048538,0.5049,0.9939889,1.6724,5
41.2622,39.2238,-39.2218,0.0000151,Nc1ccc2oc(=Nc3ccc(OCc4cccc(F)c4)c(Cl)c3)c3cc(-c4cccc(-c5ccc(C(=O)O)cc5)c4)ccc3c2c1,1,c1ccc(COc2ccc(N=c3oc4ccccc4c4ccc(-c5cccc(-c6ccccc6)c5)cc34)cc2)cc1,0.0000000,0.0000,0.0009451,0.0009,0.9651396,2.8366,5
30.6707,32.1314,-32.1136,0.0001394,CC(CCn1cnc2c(=N)[nH]cnc21)NC(=O)CN(C)C,1,N=c1[nH]cnc2[nH]cnc12,0.0000000,0.0000,0.7701051,0.7701,0.9038591,3.5402,5
26.8931,26.4807,-26.4647,0.0001255,CCCC(CO)NC(CC)c1ccccn1,1,c1ccncc1,0.0000000,0.0000,0.5473529,0.5474,0.9477182,3.1125,5
8.3641,41.6289,68.5081,0.8604452,CN1C(=O)C(=C(O)C=CC=CN2CCCC2)C(=O)N(C)C1=O,1,O=C1NC(=O)C(=CC=CC=CN2CCCC2)C(=O)N1,1.0000000,1.0000,0.6592816,0.6593,0.9417220,3.1874,5
19.6615,25.3892,-25.3728,0.0001282,CC(=Cc1ccco1)C=C1C(=O)N(C)C(=O)N(C)C1=O,1,O=C1NC(=O)C(=CC=Cc2ccco2)C(=O)N1,0.0000000,0.0000,0.5768514,0.5769,0.9634580,2.8684,5
9.7051,44.7070,62.4156,0.8368946,CN1C(=O)C(=C(O)C=CC=CN2CCCCC2)C(=O)N(C)C1=O,1,O=C1NC(=O)C(=CC=CC=CN2CCCCC2)C(=O)N1,1.0000000,1.0000,0.6053218,0.6053,0.9452474,3.1443,5
26.3420,27.3911,-27.3772,0.0001083,O=CC(CNC(=O)c1ccccc1)NC(=O)C(Cc1ccccc1)NC(=O)OCc1ccccc1,1,O=C(NC(Cc1ccccc1)C(=O)NCCNC(=O)c1ccccc1)OCc1ccccc1,0.0000000,0.0000,0.3484603,0.3485,0.9611719,2.9095,5
26.0427,25.5167,-25.5041,0.0000986,OCC1CN(Cc2ccncc2)CC(n2cnc3c(=NCc4cccc5ccccc45)[nH]cnc32)O1,1,c1ccc2c(CN=c3[nH]cnc4c3ncn4C3CN(Cc4ccncc4)CCO3)cccc2c1,0.0000000,0.0000,0.2817307,0.2817,0.8508261,3.8658,5
42.3031,41.3289,-41.3149,0.0001095,COc1cccc(C2(OC)OC(=O)C3=CC4(C)CCCCN4C32)c1,1,O=C1OC(c2ccccc2)C2C1=CC1CCCCN12,0.0000000,0.0000,0.4077280,0.4077,0.7729321,4.2020,5
26.1964,26.7469,-26.7358,0.0000867,CC1CCN(c2nc(=O)c3ccc(OCc4ccccc4)cc3o2)CC1,1,O=c1nc(N2CCCCC2)oc2cc(OCc3ccccc3)ccc12,0.0000000,0.0000,0.1761324,0.1761,0.9863201,2.2131,5
20.1459,20.2454,-20.2348,0.0000829,CN1CCc2cc(Br)ccc2C1Cc1ccccc1,1,c1ccc(CC2NCCc3ccccc32)cc1,0.0000000,0.0000,0.1548662,0.1549,0.9800093,2.4644,5
23.4813,23.6125,-23.6023,0.0000801,Cc1ccc(N=c2ncc3nc[nH]c(=Nc4ccc(C(F)(F)F)cc4)c3[nH]2)cc1,1,c1ccc(N=c2ncc3nc[nH]c(=Nc4ccccc4)c3[nH]2)cc1,0.0000000,0.0000,0.1436131,0.1436,0.9320129,3.2945,5
19.8617,19.7432,-19.7292,0.0001097,Cc1ccc(C(=S)N2CCCCC2)cc1,1,S=C(c1ccccc1)N1CCCCC1,0.0000000,0.0000,0.3553098,0.3553,0.9925905,1.8095,5
43.8877,45.4702,-45.4579,0.0000957,CC(C)(O)c1nc(CN2CCC(C)(C)c3c(N4CCC4)cccc32)c[nH]1,1,c1cc(N2CCC2)c2c(c1)N(Cc1c[nH]cn1)CCC2,0.0000000,0.0000,0.2442690,0.2443,0.9366710,3.2450,5
39.0485,39.4250,-39.4074,0.0001375,CC1(C)CN(CC(F)F)CCN1S(=O)(=O)N1CCC(C(N)=O)CC1,1,O=S(=O)(N1CCCCC1)N1CCNCC1,0.0000000,0.0000,0.7150973,0.7151,0.9588863,2.9483,5
18.5807,19.4804,-19.4679,0.0000979,Clc1ccc2c(=NCCNCc3ccccc3)cc[nH]c2c1,1,c1ccc(CNCCN=c2cc[nH]c3ccccc23)cc1,0.0000000,0.0000,0.2548372,0.2548,0.9786606,2.5078,5
22.5044,24.8958,-24.8822,0.0001063,O=C1CC(=NC2CCCC2)CC(=O)c2ccccc21,1,O=C1CC(=NC2CCCC2)CC(=O)c2ccccc21,0.0000000,0.0000,0.3292777,0.3293,0.9649770,2.8398,5
18.6182,18.7345,-18.7233,0.0000874,Oc1ccc2ccccc2c1Cc1ccccc1,1,c1ccc(Cc2cccc3ccccc23)cc1,0.0000000,0.0000,0.1795993,0.1796,0.9945512,1.6080,5
32.6499,32.4316,-32.4154,0.0001267,COC(=O)NC(COc1cccc(C(C)(C)C)c1)C(=O)NCC#N,1,c1ccccc1,0.0000000,0.0000,0.5560590,0.5561,0.9677028,2.7851,5
18.9117,19.1407,-19.1272,0.0001056,O=C(Nc1ccc(C2CNCCO2)cc1)c1ccc(Br)o1,1,O=C(Nc1ccc(C2CNCCO2)cc1)c1ccco1,0.0000000,0.0000,0.3215156,0.3215,0.9701098,2.7331,5
31.9144,33.9653,-33.9568,0.0000667,COC(=O)C1=C(C)N=C(C)N(c2ccc3ccccc3c2)C1c1cccc(O)c1,1,C1=CC(c2ccccc2)N(c2ccc3ccccc3c2)C=N1,0.0000000,0.0000,0.0812469,0.0812,0.9644242,2.8503,5
22.8995,23.2997,-23.2853,0.0001122,COc1cccc(O)c1CNCC1CCCCC1,1,c1ccc(CNCC2CCCCC2)cc1,0.0000000,0.0000,0.3816334,0.3816,0.9895458,2.0358,5
24.4676,34.7010,-34.6882,0.0001006,CC=CC=CC(=O)NN=C(C)CC(O)=Cc1ccccc1,1,c1ccccc1,0.0000000,0.0000,0.2804815,0.2805,0.9543051,3.0203,5
22.3907,23.3087,-23.2945,0.0001110,O=C1NC(=O)N(c2ccc(C(=O)O)cc2)C(=O)C1=Cc1c[nH]c2ccccc12,1,O=C1NC(=O)N(c2ccccc2)C(=O)C1=Cc1c[nH]c2ccccc12,0.0000000,0.0000,0.3697541,0.3698,0.9849961,2.2742,5
9.4687,46.3432,52.7514,0.7741760,CN1CCN(C=CC=CC(O)=C2C(=O)c3ccccc3C2=O)CC1,1,O=C1C(=CC=CC=CN2CCNCC2)C(=O)c2ccccc21,1.0000000,1.0000,0.4741724,0.4742,0.9627645,2.8812,5
39.8756,39.5119,-39.4973,0.0001143,CN1CCN(C(=O)Nc2ccc(F)cc2)C(C(=O)NCC(=O)N2CC(=O)Nc3ccc(Cl)cc32)C1,1,O=C1CN(C(=O)CNC(=O)C2CNCCN2C(=O)Nc2ccccc2)c2ccccc2N1,0.0000000,0.0000,0.4122015,0.4122,0.9504881,3.0751,5
28.7723,30.1799,-30.1646,0.0001202,CCOC(=O)C=Cc1ccc(C)c(S(=O)(=O)NC(=O)N=c2cc(C)o[nH]2)c1,1,O=C(N=c1cco[nH]1)NS(=O)(=O)c1ccccc1,0.0000000,0.0000,0.4821293,0.4821,0.9399306,3.2083,5
22.5915,23.4516,-23.4365,0.0001186,COC(=O)c1ccc[nH]c1=NCCSCc1ccc(CN(C)C)o1,1,c1ccc(=NCCSCc2ccco2)[nH]c1,0.0000000,0.0000,0.4621150,0.4621,0.9460569,3.1340,5
22.9598,23.1789,-23.1604,0.0001440,CCCNCCCCNCCNCCNCCCNCC,1,,0.0000000,0.0000,0.8072847,0.8073,0.9848255,2.2816,5
25.3047,24.1115,-24.0969,0.0001134,COCCOCc1noc2c(F)c3c(cc12)CC1(C(=O)NC(=O)NC1=O)C1C(C)OC(C)CN31,1,O=C1NC(=O)C2(Cc3cc4cnoc4cc3N3CCOCC32)C(=O)N1,0.0000000,0.0000,0.5220962,0.5221,0.6045847,4.7234,5
37.7486,37.0569,-37.0491,0.0000609,CCNCc1cccc(N=c2[nH]cc(-c3cnc(C)nc3C)c3cc(Cl)ccc23)c1,1,c1ccc(N=c2[nH]cc(-c3cncnc3)c3ccccc23)cc1,0.0000000,0.0000,0.0622231,0.0622,0.9555081,3.0021,5
19.5044,22.2300,-22.2149,0.0001179,O=C(NCCN=C1CC(=O)c2ccccc2C1=O)c1ccccc1,1,O=C(NCCN=C1CC(=O)c2ccccc2C1=O)c1ccccc1,0.0000000,0.0000,0.4443292,0.4443,0.9834314,2.3398,5
27.2789,29.6166,-29.6013,0.0001192,CCCCCCNC(=O)C1(C)CC(C)(C)NC(C)=N1,1,C1=NCCCN1,0.0000000,0.0000,0.4800848,0.4801,0.9076319,3.5114,5
21.6956,23.9416,-23.9245,0.0001337,COc1ccc(S(=O)(=O)N2CCN(C(C)C(O)=NO)CC2)cc1,1,O=S(=O)(c1ccccc1)N1CCNCC1,0.0000000,0.0000,0.6525092,0.6525,0.9691092,2.7552,5
31.8715,30.3698,-30.3576,0.0000959,Cc1cccc(N2CCN(S(=O)(=O)c3ccc(C)c(C(=O)NCCCn4ccnc4)c3)CC2C)c1,1,O=C(NCCCn1ccnc1)c1cccc(S(=O)(=O)N2CCN(c3ccccc3)CC2)c1,0.0000000,0.0000,0.2423938,0.2424,0.9583393,2.9573,5
26.0210,26.7173,-26.7102,0.0000558,CC12CCC(=O)C=C1C=CC1C2CCC2(C)C(=Cc3ccccc3)C(=O)CC12,1,O=C1C=C2C=CC3C(CCC4C(=Cc5ccccc5)C(=O)CC43)C2CC1,0.0000000,0.0000,0.0547272,0.0547,0.7565017,4.2615,5
21.5249,22.0229,-22.0101,0.0001003,CN1CCCN(c2nc(-c3ccccc3)cc(C(F)(F)F)n2)CC1,1,c1ccc(-c2ccnc(N3CCCNCC3)n2)cc1,0.0000000,0.0000,0.2725207,0.2725,0.9872569,2.1663,5
24.8614,24.8640,-24.8494,0.0001140,CC(=O)OCCn1cncc1-c1ccc(Cl)cc1,1,c1ccc(-c2cnc[nH]2)cc1,0.0000000,0.0000,0.4007614,0.4008,0.9872249,2.1679,5
21.7948,22.5943,-22.5784,0.0001249,COc1ccc(NC(=O)N2CC3CNCC(C3)C2)cc1,1,O=C(Nc1ccccc1)N1CC2CNCC(C2)C1,0.0000000,0.0000,0.5574043,0.5574,0.8938680,3.6119,5
24.4763,26.1309,-26.1142,0.0001305,CN1CCN(C2CCN(S(=O)(=O)c3ccccc3[N+](=O)[O-])CC2)CC1,1,O=S(=O)(c1ccccc1)N1CCC(N2CCNCC2)CC1,0.0000000,0.0000,0.6011977,0.6012,0.9860809,2.2245,5
34.6487,33.2379,-33.2216,0.0001268,CC(=O)N1CSCC1C(=O)NC(CCC(F)(F)C(F)(F)F)C(=O)O,1,C1CSCN1,0.0000000,0.0000,0.5794393,0.5794,0.9033456,3.5441,5
23.8785,24.9137,-24.9003,0.0001047,CN=c1cc(-c2ccccc2)[nH]c2cc3c(cc12)OCO3,1,N=c1cc(-c2ccccc2)[nH]c2cc3c(cc12)OCO3,0.0000000,0.0000,0.3122896,0.3123,0.9747149,2.6210,5
23.9484,23.7971,-23.7833,0.0001081,COc1ccc(CCC(=O)NCc2ccccc2F)cc1OC,1,O=C(CCc1ccccc1)NCc1ccccc1,0.0000000,0.0000,0.3405446,0.3405,0.9937021,1.7029,5
43.9774,45.9788,-45.9631,0.0001226,COC1C(C)C(O)OC(Oc2nc(=N)c3ccn(C4OC(CO)C(O)C4O)c3n2C)C1O,1,N=c1nc(OC2CCCCO2)[nH]c2c1ccn2C1CCCO1,0.0000000,0.0000,0.8130910,0.8131,0.4179004,5.2159,5
17.5679,18.5193,-18.5037,0.0001218,C=CCN=c1[nH]c(-c2ccncc2)cs1,1,N=c1[nH]c(-c2ccncc2)cs1,0.0000000,0.0000,0.5031500,0.5031,0.9363025,3.2491,5
23.1017,22.9368,-22.9206,0.0001266,N=c1[nH]cnc2c1ncn2C1CCC(CO)S1,1,N=c1[nH]cnc2c1ncn2C1CCCS1,0.0000000,0.0000,0.6836182,0.6836,0.6703112,4.5377,5
21.6256,21.7138,-21.6982,0.0001220,Cc1ccc(=NC(=O)Cc2ccccc2F)[nH]c1,1,O=C(Cc1ccccc1)N=c1cccc[nH]1,0.0000000,0.0000,0.4969788,0.4970,0.9653484,2.8326,5
43.7637,46.2099,-46.2048,0.0000406,C=C1CCC(OC(C)=O)C2(C)C1CC(OC(=O)C=CC=CC=CC=CCCCCC)C(O)C2OC(=O)c1ccccc1O,1,C=C1CCCC2C(OC(=O)c3ccccc3)CCCC12,0.0000000,0.0000,0.0249310,0.0249,0.5620792,4.8374,5
28.1833,30.2630,-30.2471,0.0001243,CC1CCC(C)N(C(=O)CC(C)[N+](C)(C)C)C1,1,C1CCNCC1,0.0000000,0.0000,0.5626993,0.5627,0.8578541,3.8290,5
19.1886,20.1024,-20.0869,0.0001214,CCCCNC(=O)C(C#N)=Cc1ccc(OC)cc1,1,c1ccccc1,0.0000000,0.0000,0.4819833,0.4820,0.9908401,1.9488,5
25.8283,25.2190,-25.2063,0.0000991,NCCn1c(-c2c(F)cccc2Cl)nc2ccccc21,1,c1ccc(-c2nc3ccccc3[nH]2)cc1,0.0000000,0.0000,0.2625140,0.2625,0.9880559,2.1236,5
34.3379,33.3482,-33.3326,0.0001217,COc1ccc2c(C(=O)CCNCCN(C)C)c(O)ccc2c1,1,c1ccc2ccccc2c1,0.0000000,0.0000,0.4879757,0.4880,0.9847978,2.2828,5
28.9208,29.6289,-29.6153,0.0001061,CC(C)CN1CCCC(N2CCCc3ccccc3C2=O)C1,1,O=C1c2ccccc2CCCN1C1CCCNC1,0.0000000,0.0000,0.3254486,0.3254,0.9753697,2.6035,5
66.0081,66.0432,-66.0341,0.0000709,CC(=O)OC1CN2c3ccccc3C3C(O)CC4C=CC5(C)CC2(C4C3CO)C5C1O,1,C1=CC2CCC3CC2C24CC1C2CCCN4c1ccccc13,0.0000000,0.0000,0.4503238,0.4503,0.0663528,6.7225,5
31.0015,36.4910,-36.4782,0.0000998,COc1ccccc1C1CC(=O)N(C2C=CC=CC=C2)N=C1C,1,O=C1CC(c2ccccc2)C=NN1C1C=CC=CC=C1,0.0000000,0.0000,0.2828989,0.2829,0.9034942,3.5429,5
36.4004,38.9756,-38.9586,0.0001329,C=CCN=c1nc(OCCN2CCOCC2)cc(N2CC(N)CC(NC(=O)OC)C2)[nH]1,1,N=c1nc(OCCN2CCOCC2)cc(N2CCCCC2)[nH]1,0.0000000,0.0000,0.7234767,0.7235,0.7846016,4.1579,5
19.9534,22.5752,-22.5571,0.0001418,CCOC(=O)N1CCN(C(=O)Cn2cnc([N+](=O)[O-])n2)CC1,1,O=C(Cn1cncn1)N1CCNCC1,0.0000000,0.0000,0.7733829,0.7734,0.9806033,2.4444,5
28.7332,31.7413,-31.7325,0.0000687,CN1CCC(Oc2ccc(C=CC(=O)O)cc2)C(c2ccccc2)(c2ccccc2)C1,1,c1ccc(OC2CCNCC2(c2ccccc2)c2ccccc2)cc1,0.0000000,0.0000,0.0891884,0.0892,0.9567975,2.9820,5
25.8215,26.5581,-26.5430,0.0001184,O=C(NCC(=O)N(CC1CC1)C1CCCCC1)c1ccco1,1,O=C(NCC(=O)N(CC1CC1)C1CCCCC1)c1ccco1,0.0000000,0.0000,0.4488760,0.4489,0.9849998,2.2740,5
42.2688,43.7108,-43.6939,0.0001320,COCCC(N)C(=O)NC(Cc1c[nH]cn1)C(O)NC(=O)C(Cc1ccccc1)NC(=O)C(=O)NCc1ccc(CN)cc1,1,O=C(NCc1ccccc1)C(=O)NC(Cc1ccccc1)C(=O)NCCCc1c[nH]cn1,0.0000000,0.0000,0.6996371,0.6996,0.8038883,4.0810,5
30.8432,30.8698,-30.8558,0.0001092,Cc1cc(C)n(-c2cc(=NC(=O)C3=C(Cl)CCCC3)[nH]cn2)n1,1,O=C(N=c1cc(-n2cccn2)nc[nH]1)C1=CCCCC1,0.0000000,0.0000,0.3674932,0.3675,0.9149516,3.4524,5
29.4454,30.3296,-30.3139,0.0001228,Cc1cc2c(c(=O)n1CC(=O)O)CC(NC1CCCCC1)CC2,1,O=c1[nH]ccc2c1CC(NC1CCCCC1)CC2,0.0000000,0.0000,0.5101527,0.5102,0.9533695,3.0341,5
17.3878,20.1721,-20.1576,0.0001130,CCN1C(=O)C(=Cc2ccccc2Cl)C(=O)N(CC)C1=S,1,O=C1NC(=S)NC(=O)C1=Cc1ccccc1,0.0000000,0.0000,0.3907608,0.3908,0.9823987,2.3799,5
23.8226,23.3238,-23.3083,0.0001210,Cc1cccc(N(C)C)c1Cc1c[nH]cn1,1,c1ccc(Cc2c[nH]cn2)cc1,0.0000000,0.0000,0.4843342,0.4843,0.9683763,2.7710,5
20.1391,22.9518,-22.9352,0.0001300,CC1=Cc2cc(C)c(O)c(O)c2C(=O)C1=O,1,O=C1C=Cc2ccccc2C1=O,0.0000000,0.0000,0.6020500,0.6021,0.9652766,2.8340,5
32.5489,36.2300,-36.2158,0.0001109,CN1CCOC(CN=c2nc(-c3ccc(N=C(N)c4ccccc4)cc3)cc[nH]2)C1,1,C(=Nc1ccc(-c2cc[nH]c(=NCC3CNCCO3)n2)cc1)c1ccccc1,0.0000000,0.0000,0.3878580,0.3879,0.9030692,3.5461,5
20.9700,21.2664,-21.2503,0.0001253,Cc1ccc(C)n1-c1cc2[nH]c(=O)c(=O)[nH]c2cc1[N+](=O)[O-],1,O=c1[nH]c2ccc(-n3cccc3)cc2[nH]c1=O,0.0000000,0.0000,0.5361663,0.5362,0.9733022,2.6573,5
31.5026,30.8028,-30.7914,0.0000887,CCCOC1C=C2c3ccc(OC)c4c3C23CCCC1(O)C3O4,1,C1=C2c3cccc4c3C23CCCC(C1)C3O4,0.0000000,0.0000,0.3880547,0.3881,0.2794306,5.6171,5
18.5814,21.7917,-21.7736,0.0001415,CCN1CC(C)CC1=O,1,O=C1CCCN1,0.0000000,0.0000,0.7754800,0.7755,0.9656608,2.8264,5
16.7433,29.3260,-29.3093,0.0001307,CC(NC(=O)C=Cc1ccccc1)=C1C(=O)N(C)C(=O)N(C)C1=O,1,O=C(C=Cc1ccccc1)NC=C1C(=O)NC(=O)NC1=O,0.0000000,0.0000,0.6076257,0.6076,0.9761602,2.5817,5
27.1324,26.7957,-26.7822,0.0001055,O=C(Cn1sc2ccccc2c1=O)NNC(=O)Nc1ccc(Br)cc1,1,O=C(Cn1sc2ccccc2c1=O)NNC(=O)Nc1ccccc1,0.0000000,0.0000,0.3185473,0.3185,0.9818050,2.4019,5
29.8737,28.4657,-28.4564,0.0000731,Cc1ccc2sc(=Nc3nc(-c4ccccc4)ns3)[nH]c2c1C,1,c1ccc(-c2nsc(N=c3[nH]c4ccccc4s3)n2)cc1,0.0000000,0.0000,0.1077117,0.1077,0.9543595,3.0195,5
28.9642,29.3973,-29.3847,0.0000985,CC(C)(C)OC(=O)NCCC(NS(=O)(=O)c1ccc(-c2ccccc2)cc1)C(O)=NO,1,c1ccc(-c2ccccc2)cc1,0.0000000,0.0000,0.2624179,0.2624,0.9610995,2.9108,5
12.7611,46.4622,69.6699,0.9072819,CN1C(=O)C(=O)C(=C(O)C=CC=CN2CCOCC2)C1=O,1,O=C1NC(=O)C(=CC=CC=CN2CCOCC2)C1=O,1.0000000,1.0000,0.7763272,0.7763,0.9344764,3.2687,5
19.6924,20.6120,-20.5967,0.0001196,CN1CCN(CC2C3CCC(C3)C2(C)C)CC1,1,C1CN(CC2CC3CCC2C3)CCN1,0.0000000,0.0000,0.5287867,0.5288,0.7800949,4.1751,5
41.1597,42.9268,-42.9138,0.0001015,CC(CCCCN1CCN(CCCCCN)CC1)N=c1nc2c(c[nH]1)Cc1ccccc1-2,1,c1ccc2c(c1)Cc1c[nH]c(=NCCCCCN3CCNCC3)nc1-2,0.0000000,0.0000,0.2951200,0.2951,0.9130254,3.4684,5
39.7470,41.0575,-41.0402,0.0001351,CC(NC(=O)C(C)NC(=O)C1CCCCN1C(O)=CCl)C(=O)O,1,C1CCNCC1,0.0000000,0.0000,0.6989913,0.6990,0.9082133,3.5069,5
21.1568,21.1096,-21.0941,0.0001216,CCCc1nc(-c2ccccc2O)no1,1,c1ccc(-c2ncon2)cc1,0.0000000,0.0000,0.4847972,0.4848,0.9892060,2.0568,5
28.0081,27.8861,-27.8744,0.0000911,COC(=O)c1c(C)nc2cc(C)nc(OC)c2c1-c1ccc(OC)c(OC)c1,1,c1ccc(-c2ccnc3ccncc23)cc1,0.0000000,0.0000,0.2047762,0.2048,0.9812184,2.4230,5
22.2968,22.4551,-22.4454,0.0000759,c1cncc(-c2csc(=Nc3cccc4ccccc34)[nH]2)c1,1,c1cncc(-c2csc(=Nc3cccc4ccccc34)[nH]2)c1,0.0000000,0.0000,0.1190577,0.1191,0.9736052,2.6497,5
33.8115,36.7539,-36.7371,0.0001315,CCCN1C(CC)CCN(C(N)=O)C1C,1,C1CNCNC1,0.0000000,0.0000,0.6546855,0.6547,0.8837216,3.6788,5
35.1916,35.6761,-35.6629,0.0001032,C=CCCCCCCN1Cc2ccc(C(=O)N(C)C)cc2C1=O,1,O=C1NCc2ccccc21,0.0000000,0.0000,0.2975925,0.2976,0.9832639,2.3465,5
21.3391,20.7729,-20.7623,0.0000834,O=C1c2ccccc2NC(c2ccc(O)cc2)N1Cc1ccccc1,1,O=C1c2ccccc2NC(c2ccccc2)N1Cc1ccccc1,0.0000000,0.0000,0.1576217,0.1576,0.9801087,2.4611,5
29.6849,30.2770,-30.2629,0.0001096,NC(=O)C1(N2CCC3(CC2)OCc2ccccc23)CCC(F)(F)C1,1,c1ccc2c(c1)COC21CCN(C2CCCC2)CC1,0.0000000,0.0000,0.4051712,0.4052,0.7854742,4.1545,5
30.4056,28.3391,-28.3265,0.0000979,N#Cc1ccc(N=c2nc(C(F)(F)F)c(C(=O)Nc3ccc(N4CCOCC4)cc3)c[nH]2)cn1,1,O=C(Nc1ccc(N2CCOCC2)cc1)c1cnc(=Nc2cccnc2)[nH]c1,0.0000000,0.0000,0.2590321,0.2590,0.9499838,3.0821,5
29.0675,28.3984,-28.3821,0.0001277,NS(=O)(=O)c1c[nH]c(=NCc2ccc(CN=c3cccc[nH]3)cc2)o1,1,c1ccc(=NCc2ccc(CN=c3[nH]cco3)cc2)[nH]c1,0.0000000,0.0000,0.5977489,0.5977,0.8887728,3.6461,5
28.5153,29.5943,-29.5785,0.0001234,CCc1nnc(C2CCN(C(=O)CNC(=O)c3ccc(OC)cc3)CC2)o1,1,O=C(NCC(=O)N1CCC(c2nnco2)CC1)c1ccccc1,0.0000000,0.0000,0.5078316,0.5078,0.9858850,2.2338,5
27.1181,41.9690,39.8010,0.6388282,CCN1C=CC=CC1=CC=CC(O)=C1C(=O)N(C)C(=O)c2ccccc21,1,O=C1NC(=O)c2ccccc2C1=CC=CC=C1C=CC=CN1,1.0000000,1.0000,0.2701663,0.2702,0.9395324,3.2129,5
17.3633,17.2188,-17.2001,0.0001460,CC(=O)c1c(O)[nH]c(=O)[nH]c1=O,1,O=c1cc[nH]c(=O)[nH]1,0.0000000,0.0000,0.8483371,0.8483,0.9730461,2.6637,5
14.7705,15.2048,-15.1894,0.0001200,Oc1cccc2ccccc12,1,c1ccc2ccccc2c1,0.0000000,0.0000,0.4643137,0.4643,0.9958686,1.4268,5
27.9343,26.8294,-26.8180,0.0000890,Fc1ccc(-c2c[nH]c3ncnc(N4CCN(C5CCCC5)CC4)c23)cc1,1,c1ccc(-c2c[nH]c3ncnc(N4CCN(C5CCCC5)CC4)c23)cc1,0.0000000,0.0000,0.1910696,0.1911,0.9811794,2.4243,5
10.4897,34.6841,73.8075,0.8475906,O=C1C(=C(O)C=CC=CN(CCO)CCO)C(=O)c2ccccc21,1,C=C1C(=O)c2ccccc2C1=O,1.0000000,1.0000,0.6271539,0.6272,0.9496695,3.0864,5
20.3886,22.8189,-22.8027,0.0001262,O=C1NC2(NC1c1ccccc1)C(=O)Nc1ccccc12,1,O=C1NC2(NC1c1ccccc1)C(=O)Nc1ccccc12,0.0000000,0.0000,0.5864845,0.5865,0.8622487,3.8052,5
39.2165,39.5542,-39.5487,0.0000423,CC(C)Oc1ccnc2c(OCc3c(Cl)ccc(N(C)C(=O)Cc4ccc(S(=O)(=O)N5CCOCC5)s4)c3Cl)cccc12,1,O=C(Cc1ccc(S(=O)(=O)N2CCOCC2)s1)Nc1cccc(COc2cccc3cccnc23)c1,0.0000000,0.0000,0.0207821,0.0208,0.9556510,2.9999,5
17.7325,20.7021,-20.6911,0.0000862,O=C(N=C(C=CCc1ccccc1)C(=O)N1CCCCC1)c1ccccc1,1,O=C(N=C(C=CCc1ccccc1)C(=O)N1CCCCC1)c1ccccc1,0.0000000,0.0000,0.1737285,0.1737,0.9798915,2.4683,5
29.5836,31.8455,-31.8314,0.0001102,CCCCCC(=O)NCC(C)(O)c1c[nH]c2ccccc12,1,c1ccc2[nH]ccc2c1,0.0000000,0.0000,0.3655124,0.3655,0.9690873,2.7557,5
29.6309,30.0164,-30.0010,0.0001205,CC(C)CNS(=O)(=O)N(C)Cc1cc2ccccc2o1,1,c1ccc2occc2c1,0.0000000,0.0000,0.4737918,0.4738,0.9819039,2.3983,5
25.8826,25.9632,-25.9541,0.0000704,CC(NCc1ccccc1)c1cccc(CN2CCN(c3ccccc3)CC2)c1,1,c1ccc(CNCc2cccc(CN3CCN(c4ccccc4)CC3)c2)cc1,0.0000000,0.0000,0.0945856,0.0946,0.9849215,2.2774,5
25.6967,26.3015,-26.2876,0.0001088,O=C1CN(Cc2ccn3[nH]cnc(=Nc4cccc(-c5ccccc5)c4)c23)CCN1,1,O=C1CN(Cc2ccn3[nH]cnc(=Nc4cccc(-c5ccccc5)c4)c23)CCN1,0.0000000,0.0000,0.3560522,0.3561,0.9482432,3.1056,6
20.8346,20.5818,-20.5681,0.0001068,O=C1CCc2cc(S(=O)(=O)N3CCN(c4cccc(Cl)c4)CC3)ccc2N1,1,O=C1CCc2cc(S(=O)(=O)N3CCN(c4ccccc4)CC3)ccc2N1,0.0000000,0.0000,0.3292849,0.3293,0.9869158,2.1837,6
36.2715,35.6922,-35.6828,0.0000738,CC(=N)Oc1ccc(C(NCC(C)C)C2CCCCC2)cc1,1,c1ccc(CC2CCCCC2)cc1,0.0000000,0.0000,0.1103054,0.1103,0.9582807,2.9583,6
34.1890,32.7239,-32.7164,0.0000590,Cc1cc(-c2c(C(=O)Nc3cccc(Cl)c3)c(C)nc3ccccc23)no1,1,O=C(Nc1ccccc1)c1cnc2ccccc2c1-c1ccon1,0.0000000,0.0000,0.0556216,0.0556,0.9850304,2.2726,6
18.2487,17.9521,-17.9383,0.0001079,COc1cc(C2c3cc4c(cc3CC3COC(=O)C32)OCO4)cc(OC)c1O,1,O=C1OCC2Cc3cc4c(cc3C(c3ccccc3)C12)OCO4,0.0000000,0.0000,0.3599925,0.3600,0.8930885,3.6172,6
23.5148,29.1644,-29.1470,0.0001363,COCCN1C(=O)CN(C)C(=O)C1CC(=O)Nc1ccc(F)cc1,1,O=C(CC1NC(=O)CNC1=O)Nc1ccccc1,0.0000000,0.0000,0.6906846,0.6907,0.9707056,2.7195,6
31.0844,33.2165,-33.2067,0.0000767,CCC1(CCCCO)C(C)=NN(c2ccccc2)C1Oc1ccc(C(=O)O)cc1,1,C1=NN(c2ccccc2)C(Oc2ccccc2)C1,0.0000000,0.0000,0.1274843,0.1275,0.9115064,3.4807,6
29.9522,31.0120,-30.9940,0.0001405,CC(=O)NCC(=O)OC1C(=O)N2C1SC(C)(C)C2C(=O)O,1,O=C1CC2SCCN12,0.0000000,0.0000,0.8074874,0.8075,0.8673389,3.7768,6
30.9138,32.7754,-32.7598,0.0001212,COc1ccccc1C1c2ccn(C)c2CCN1C(=O)CN1CCN(C)CC1,1,O=C(CN1CCNCC1)N1CCc2[nH]ccc2C1c1ccccc1,0.0000000,0.0000,0.4892510,0.4893,0.9590530,2.9456,6
39.6493,40.3036,-40.2933,0.0000808,CC=Cc1cccc2c1OCC1NC(=O)C(C(O)(c3ccccc3)c3ccccc3)OC21,1,O=C1NC2COc3ccccc3C2OC1C(c1ccccc1)c1ccccc1,0.0000000,0.0000,0.1581320,0.1581,0.8239824,3.9945,6
26.7796,25.2922,-25.2864,0.0000453,CC(C)(C)CC1NC(C(=O)NC2CCCC2)C(c2cccc(Cl)c2)C12C(=O)Nc1cc(Cl)c(F)cc12,1,O=C(NC1CCCC1)C1NCC2(C(=O)Nc3ccccc32)C1c1ccccc1,0.0000000,0.0000,0.0304235,0.0304,0.7038589,4.4360,6
25.3907,27.2085,-27.1946,0.0001084,CN1C(=O)C2(CC2CN2CCN(c3ccccc3)CC2)c2ccccc21,1,O=C1Nc2ccccc2C12CC2CN1CCN(c2ccccc2)CC1,0.0000000,0.0000,0.3601454,0.3601,0.9139338,3.4609,6
30.6299,32.4212,-32.4088,0.0000966,COc1cc2c(cc1OC)C(Cc1ccccc1)N(CC(=O)NCCCCCN)C(C)C2,1,c1ccc(CC2NCCc3ccccc32)cc1,0.0000000,0.0000,0.2502346,0.2502,0.9422165,3.1815,6
26.6099,31.1025,-31.0860,0.0001289,CN1CCN(CC2=C3CC(O)CC=C3OC(=N)C2C#N)CC1,1,N=C1CC(CN2CCNCC2)=C2CCCC=C2O1,0.0000000,0.0000,0.6836851,0.6837,0.7362031,4.3314,6
25.8382,24.6512,-24.6379,0.0001044,O=c1cc(-c2ccc(F)c(F)c2)[nH]n1-c1ccc2[nH]cnc2c1,1,O=c1cc(-c2ccccc2)[nH]n1-c1ccc2[nH]cnc2c1,0.0000000,0.0000,0.3099233,0.3099,0.9723113,2.6817,6
19.0524,20.5828,-20.5667,0.0001256,OC1CCN(CCCC(O)c2ccc(F)cc2)CC1,1,c1ccc(CCCCN2CCCCC2)cc1,0.0000000,0.0000,0.5373259,0.5373,0.9803007,2.4546,6
23.3447,22.6167,-22.5991,0.0001372,CN=C(NC#N)NCc1ccsc1,1,c1ccsc1,0.0000000,0.0000,0.7096713,0.7097,0.9571081,2.9771,6
17.4399,22.6836,-22.6673,0.0001278,C=CCN1CC(=Cc2ccc(OC)cc2)C(=O)NC1=O,1,O=C1NCC(=Cc2ccccc2)C(=O)N1,0.0000000,0.0000,0.5682267,0.5682,0.9753913,2.6029,6
17.6990,17.8496,-17.8328,0.0001312,O=C(Cc1nc(=O)cc(N2CCOCC2)[nH]1)Nc1ccc(F)cc1,1,O=C(Cc1nc(=O)cc(N2CCOCC2)[nH]1)Nc1ccccc1,0.0000000,0.0000,0.6121953,0.6122,0.9824313,2.3787,6
26.1090,25.0431,-25.0303,0.0001002,Cn1cc(-c2cc(NS(=O)(=O)CCO)ccc2Oc2ccccc2)c2cc[nH]c2c1=O,1,O=c1[nH]cc(-c2ccccc2Oc2ccccc2)c2cc[nH]c12,0.0000000,0.0000,0.2740528,0.2741,0.9715959,2.6988,6
25.5742,25.4710,-25.4542,0.0001313,Nc1c(SCC(=O)O)nc(-c2ccccc2)[nH]c1=O,1,O=c1ccnc(-c2ccccc2)[nH]1,0.0000000,0.0000,0.6127553,0.6128,0.9835396,2.3355,6
24.6279,24.0967,-24.0821,0.0001141,CC(C)NC(=O)N1CCCC2(CCN(Cc3nccs3)C2)C1,1,c1csc(CN2CCC3(CCCNC3)C2)n1,0.0000000,0.0000,0.4225623,0.4226,0.9027879,3.5482,6
50.1796,48.4482,-48.4407,0.0000583,Cc1oncc1C(=O)N1CC2C=C(c3ccc(OCC4CCC[N+](C)(C)C4)cc3)c3ccccc3OCC2C1,1,O=C(c1cnoc1)N1CC2C=C(c3ccc(OCC4CCC[NH2+]C4)cc3)c3ccccc3OCC2C1,0.0000000,0.0000,0.0617187,0.0617,0.7710949,4.2088,6
20.2899,26.0567,-26.0403,0.0001282,CC1(C)CC(=O)C(C=NCCCN2CCCCC2)C(=O)C1=O,1,O=C1CCC(=O)C(C=NCCCN2CCCCC2)C1=O,0.0000000,0.0000,0.5945441,0.5945,0.9144158,3.4569,6
21.3458,23.8632,-23.8492,0.0001094,CC(N=c1nc(N2C(=O)OC(=O)C2C(C)C)cc[nH]1)c1ccccc1,1,O=C1CN(c2cc[nH]c(=NCc3ccccc3)n2)C(=O)O1,0.0000000,0.0000,0.3945377,0.3945,0.8171767,4.0246,6
29.0753,28.9791,-28.9661,0.0001012,CNC(=O)C(Cc1c[nH]c2ccccc12)NC(=O)C(CCCN=C(N)N)NC(=O)CCc1ccc(-c2ccccc2)cc1,1,O=C(CCc1ccc(-c2ccccc2)cc1)NCC(=O)NCCc1c[nH]c2ccccc12,0.0000000,0.0000,0.2892825,0.2893,0.9353770,3.2591,6
14.1403,40.0637,-40.0499,0.0001078,O=C1C(=C(O)C=CC=CN=c2cccc[nH]2)C(=O)c2ccccc21,1,O=C1C(=CC=CC=CN=c2cccc[nH]2)C(=O)c2ccccc21,0.0000000,0.0000,0.3532412,0.3532,0.9174845,3.4309,6
27.3708,29.5012,-29.4827,0.0001450,CCCC(C(N)=O)N(CCOC)S(C)(=O)=O,1,,0.0000000,0.0000,0.8422276,0.8422,0.9510466,3.0674,6
38.6009,39.7696,-39.7533,0.0001276,Cc1c(O)c(=O)n2c(C(=O)O)c(F)c(F)c(C)c2c1C(=O)O,1,O=c1cccc2ccccn12,0.0000000,0.0000,0.5744686,0.5745,0.9467540,3.1251,6
18.9022,20.2757,-20.2596,0.0001265,CCOC(=O)c1ncn2c1CN(C)C(=O)c1ccccc1-2,1,O=C1NCc2cncn2-c2ccccc21,0.0000000,0.0000,0.5483232,0.5483,0.9816987,2.4058,6
32.1266,34.7118,-34.6962,0.0001217,CCN1CCCc2ccc(C(O)CC=NO)cc21,1,c1ccc2c(c1)CCCN2,0.0000000,0.0000,0.5027163,0.5027,0.9354697,3.2581,6
33.9249,36.5890,-36.5768,0.0000957,CC1=C(C=NO)CC2(C)CC3CCC3C1N2C,1,C1=CC2NC(C1)CC1CCC12,0.0000000,0.0000,0.4633940,0.4634,0.3050491,5.5364,6
26.5661,27.1321,-27.1180,0.0001097,Cn1cc(-c2cc(C(=O)N=c3cc(C(N)=O)[nH]n3-c3ccccc3)c(F)cc2F)cn1,1,O=C(N=c1cc[nH]n1-c1ccccc1)c1cccc(-c2cn[nH]c2)c1,0.0000000,0.0000,0.3636562,0.3637,0.9537946,3.0279,6
21.4019,21.9359,-21.9213,0.0001140,COc1cc(C=C2C(=O)NN(c3cccc(C)c3)C2=O)cc(OC)c1OC,1,O=C1NN(c2ccccc2)C(=O)C1=Cc1ccccc1,0.0000000,0.0000,0.4011670,0.4012,0.9849201,2.2775,6
26.3299,24.6638,-24.6490,0.0001158,COc1ccccc1NC(=O)NNC(=S)NCCc1ccccc1,1,O=C(NNC(=S)NCCc1ccccc1)Nc1ccccc1,0.0000000,0.0000,0.4187044,0.4187,0.9916135,1.8909,6
22.7631,22.8395,-22.8234,0.0001258,Cn1c(=O)c2c(ccn2CC(=O)Nc2cccc(Cl)c2)n(C)c1=O,1,O=C(Cn1ccc2[nH]c(=O)[nH]c(=O)c21)Nc1ccccc1,0.0000000,0.0000,0.5381088,0.5381,0.9854007,2.2561,6
28.5635,28.6127,-28.6017,0.0000857,Cc1nc2ccccc2c(CN2CCCC2)c1C(=O)NCc1ccccc1,1,O=C(NCc1ccccc1)c1cnc2ccccc2c1CN1CCCC1,0.0000000,0.0000,0.1698270,0.1698,0.9892408,2.0547,6
8.5350,42.3017,70.1396,0.8784473,CN(C=CC=CC(O)=C1C(=O)OC(C)(C)OC1=O)CCO,1,C=C1C(=O)OCOC1=O,1.0000000,1.0000,0.7177074,0.7177,0.9048977,3.5324,6
19.8909,28.9489,-28.9315,0.0001364,CC=CCSC=C1C(=O)NC(=O)N(C)C1=O,1,C=C1C(=O)NC(=O)NC1=O,0.0000000,0.0000,0.7173517,0.7174,0.9132710,3.4663,6
31.7377,31.0857,-31.0706,0.0001176,C=C(Cc1c[nH]c2ccccc12)C(=O)Nc1ccc(=O)[nH]c1O,1,C=C(Cc1c[nH]c2ccccc12)C(=O)Nc1ccc(=O)[nH]c1,0.0000000,0.0000,0.4437322,0.4437,0.9708095,2.7172,6
27.2959,29.3809,-29.3653,0.0001224,C=CCSC1=NC(C)N(C(=O)OCC)C(C)N1,1,C1=NCNCN1,0.0000000,0.0000,0.5675981,0.5676,0.7790590,4.1791,6
36.3282,35.7563,-35.7436,0.0000995,CC(=O)N1CCC(N(Cc2ccc(C#N)nc2)C(=O)c2cnc3ccccc3c2)CC1,1,O=C(c1cnc2ccccc2c1)N(Cc1cccnc1)C1CCNCC1,0.0000000,0.0000,0.2672293,0.2672,0.9784265,2.5151,6
20.9160,22.6903,-22.6717,0.0001448,O=C(c1ccc(=O)[nH]c1)N1CCN(CCO)CC1,1,O=C(c1ccc(=O)[nH]c1)N1CCNCC1,0.0000000,0.0000,0.8190998,0.8191,0.9885513,2.0956,6
25.4184,26.7264,-26.7107,0.0001232,CCN1CCCC2(CCCN(C(=O)c3snnc3C)C2)C1=O,1,O=C(c1cnns1)N1CCCC2(CCCNC2=O)C1,0.0000000,0.0000,0.5372301,0.5372,0.8883382,3.6490,6
35.9764,35.6839,-35.6750,0.0000694,CC1CCN(Cc2sc(-c3ncccc3Cl)nc2C2CC2)CC1,1,c1ccc(-c2nc(C3CC3)c(CN3CCCCC3)s2)nc1,0.0000000,0.0000,0.0908550,0.0909,0.9741070,2.6369,6
19.6194,20.0125,-19.9962,0.0001272,CC(=O)c1ccc(OCC(O)CNC(C)(C)C)cc1,1,c1ccccc1,0.0000000,0.0000,0.5578984,0.5579,0.9824150,2.3793,6
28.7923,30.3786,-30.3597,0.0001475,CC(=O)C(NC(=O)C(C)N)C(=O)NC(CCC(=O)O)C(=O)O,1,,0.0000000,0.0000,0.8976556,0.8977,0.9285932,3.3289,6
26.2933,28.7105,-28.6942,0.0001272,C=CCN1CCN(C(=O)C2OC3OC(C)(C)OC3C3OC(C)(C)OC23)CC1,1,O=C(C1OC2OCOC2C2OCOC12)N1CCNCC1,0.0000000,0.0000,0.6328926,0.6329,0.7861671,4.1518,6
26.9173,27.2414,-27.2253,0.0001262,COC(=O)c1[nH]c2ccc(OC)cc2c1NC(=O)CN1CCN(C(=O)N(C)C)CC1,1,O=C(CN1CCNCC1)Nc1c[nH]c2ccccc12,0.0000000,0.0000,0.5445861,0.5446,0.9824001,2.3798,6
27.8410,30.0645,-30.0479,0.0001295,C=CCN(Cc1ccon1)CC1CC1,1,c1cc(CNCC2CC2)no1,0.0000000,0.0000,0.5953979,0.5954,0.9638309,2.8615,6
25.1536,26.2836,-26.2711,0.0000974,Cc1ccc(C(=O)N2CCN3C(=O)c4ccccc4C23C(F)(F)F)cc1,1,O=C(c1ccccc1)N1CCN2C(=O)c3ccccc3C12,0.0000000,0.0000,0.2564118,0.2564,0.9445403,3.1531,6
10.8196,33.7628,76.0238,0.8577077,CN(C)C=CC=CC(O)=C1C(=O)OC(C)(C)C1=O,1,C=C1C(=O)COC1=O,1.0000000,1.0000,0.6622206,0.6622,0.9189180,3.4185,6
27.2196,26.1621,-26.1560,0.0000477,O=C(C=Cc1ccc(O)c(O)c1)Nc1cccc(C=Cc2ccc3ccc(Cl)cc3n2)c1,1,O=C(C=Cc1ccccc1)Nc1cccc(C=Cc2ccc3ccccc3n2)c1,0.0000000,0.0000,0.0294819,0.0295,0.9798847,2.4685,6
29.2003,31.4886,-31.4732,0.0001202,CC(C)=CC(=O)NCC(O)c1cnc2ccccc2c1,1,c1ccc2ncccc2c1,0.0000000,0.0000,0.4736964,0.4737,0.9695868,2.7447,6
41.0879,41.6798,-41.6667,0.0001022,CC(N)CC1C(O)CC2C3C(O)CC4CC(=O)N(C)CCC4(C)C3CCC12C,1,O=C1CC2CCC3C4CCCC4CCC3C2CCN1,0.0000000,0.0000,0.4125376,0.4125,0.5291206,4.9240,6
37.2923,35.2681,-35.2637,0.0000342,O=C(NC(=S)N(CCCCSc1ccc(Cl)cc1)CCOc1ccccc1Cl)c1c(F)cccc1F,1,O=C(NC(=S)N(CCCCSc1ccccc1)CCOc1ccccc1)c1ccccc1,0.0000000,0.0000,0.0108555,0.0109,0.9771812,2.5525,6
20.0909,21.4091,-21.3931,0.0001250,CN(C)CCCN(C)C1CCc2c(O)cccc2C1,1,c1ccc2c(c1)CCCC2,0.0000000,0.0000,0.5350575,0.5351,0.9642851,2.8530,6
19.3978,19.5187,-19.5055,0.0001029,Nc1ccc(S(=O)(=O)Nc2cccc3ccccc23)cc1,1,O=S(=O)(Nc1cccc2ccccc12)c1ccccc1,0.0000000,0.0000,0.2930206,0.2930,0.9935736,1.7161,6
35.0417,35.7075,-35.6925,0.0001169,C[S+]([O-])CC(=O)N(Cc1cccs1)c1ccc(O)cc1,1,c1ccc(NCc2cccs2)cc1,0.0000000,0.0000,0.4487017,0.4487,0.9245913,3.3672,6
29.6496,32.0654,-32.0526,0.0000997,CCOCCOC(=O)c1c(C)nc(C)c(C(=O)OC)c1CSc1ccccn1,1,c1ccc(SCc2ccncc2)nc1,0.0000000,0.0000,0.2702108,0.2702,0.9739993,2.6396,6
28.1643,28.3086,-28.2947,0.0001088,O=C(O)CNC(=O)NC1CC2CCC(C1)N2Cc1ccc2ccccc2c1,1,c1ccc2cc(CN3C4CCCC3CC4)ccc2c1,0.0000000,0.0000,0.3709306,0.3709,0.8848092,3.6719,6
23.8901,24.1711,-24.1564,0.0001149,Cc1ccc(S(=O)(=O)N2CCCC2C(=O)NN=Cc2cccs2)cc1,1,O=C(NN=Cc1cccs1)C1CCCN1S(=O)(=O)c1ccccc1,0.0000000,0.0000,0.4137864,0.4138,0.9699174,2.7374,6
36.5656,37.3398,-37.3268,0.0001015,NCCCCC(NC(=O)C(CCC(N)=O)NCc1ccccc1)C(=O)NC(C=CS(=O)(=O)c1ccccc1)Cc1ccccc1,1,O=C(CNCc1ccccc1)NCC(=O)NC(C=CS(=O)(=O)c1ccccc1)Cc1ccccc1,0.0000000,0.0000,0.3005875,0.3006,0.8872114,3.6564,6
23.4585,25.2470,-25.2328,0.0001109,COc1ccc(C=CC(=O)OCC(=O)N2CCOc3ccccc32)cc1OC,1,O=C(C=Cc1ccccc1)OCC(=O)N1CCOc2ccccc21,0.0000000,0.0000,0.3688442,0.3688,0.9866349,2.1977,6
32.3482,31.9556,-31.9476,0.0000630,CC(C)(Cc1nc2ccc(OCc3nc4ccccc4[nH]3)cc2n1Cc1ccc(C#N)cc1)C(=O)O,1,c1ccc(Cn2cnc3ccc(OCc4nc5ccccc5[nH]4)cc32)cc1,0.0000000,0.0000,0.0682616,0.0683,0.9733614,2.6559,6
39.1598,39.3999,-39.3918,0.0000630,NC1CCCN(c2nc3cc(Cl)cc(-c4nccc5ccccc45)c3s2)C1,1,c1ccc2c(-c3cccc4nc(N5CCCCC5)sc34)nccc2c1,0.0000000,0.0000,0.0689501,0.0690,0.9562788,2.9902,6
21.3831,21.1569,-21.1396,0.0001357,Cn1c(=O)c2c([nH]c(=NCCN3CCOCC3)n2Cc2ccccc2)n(C)c1=O,1,O=c1[nH]c(=O)c2c([nH]1)[nH]c(=NCCN1CCOCC1)n2Cc1ccccc1,0.0000000,0.0000,0.6850741,0.6851,0.9617752,2.8989,6
20.7645,20.8583,-20.8460,0.0000955,CC(C)(C)c1nnc2n1N=C(c1ccc(Cl)cc1)CS2,1,c1ccc(C2=Nn3cnnc3SC2)cc1,0.0000000,0.0000,0.2371142,0.2371,0.9728656,2.6682,6
34.4462,35.2178,-35.2089,0.0000700,O=C1N(c2ccc(O)cc2)c2ccccc2C1(O)N=c1[nH]c(-c2ccc(Cl)cc2)cs1,1,O=C1C(N=c2[nH]c(-c3ccccc3)cs2)c2ccccc2N1c1ccccc1,0.0000000,0.0000,0.0965152,0.0965,0.9175912,3.4300,6
12.5041,43.9323,-43.9230,0.0000727,CC1=NN(c2ccccc2)C(=O)C1=C(O)C=CC=Cc1ccc(C)cc1,1,O=C1C(=CC=CC=Cc2ccccc2)C=NN1c1ccccc1,0.0000000,0.0000,0.1042849,0.1043,0.9778831,2.5317,6
18.7154,21.9214,-21.9098,0.0000913,O=C(C=CC=Cc1ccccc1)N1CCCCCCC1,1,O=C(C=CC=Cc1ccccc1)N1CCCCCCC1,0.0000000,0.0000,0.2057788,0.2058,0.9890878,2.0640,6
22.6295,24.2109,-24.1984,0.0000971,CCCCn1c2c(c3cccc(C)c31)CN(C)CC2,1,c1ccc2c3c([nH]c2c1)CCNC3,0.0000000,0.0000,0.2476946,0.2477,0.9826773,2.3693,6
14.9246,41.6197,71.6863,0.8852035,CN1CCN(C=CC=CC(O)=C2C(=O)N(C)C(=O)N(C)C2=O)CC1,1,O=C1NC(=O)C(=CC=CC=CN2CCNCC2)C(=O)N1,1.0000000,1.0000,0.7176911,0.7177,0.9420753,3.1832,6
33.4922,31.1252,-31.1191,0.0000478,CCCCC1Cc2ccccc2C1c1cc2ccccc2s1,1,c1ccc2c(c1)CCC2c1cc2ccccc2s1,0.0000000,0.0000,0.0302136,0.0302,0.9463731,3.1300,6
29.1351,30.7617,-30.7448,0.0001316,CCC(=O)Oc1ccc(CNCC2CN(C)CCO2)cc1,1,c1ccc(CNCC2CNCCO2)cc1,0.0000000,0.0000,0.6212133,0.6212,0.9718056,2.6939,6
24.6007,23.2927,-23.2796,0.0001025,COc1cccc(-c2nnnn2-c2ccc(Br)cc2)c1,1,c1ccc(-c2nnnn2-c2ccccc2)cc1,0.0000000,0.0000,0.2902094,0.2902,0.9907215,1.9573,6
24.3891,30.6285,-30.6143,0.0001113,C=C1C(=O)N(CCN=c2cc[nH]c3cc(Cl)ccc23)C(C)=C1C(=O)OC,1,C=C1C=CN(CCN=c2cc[nH]c3ccccc23)C1=O,0.0000000,0.0000,0.3841071,0.3841,0.9351779,3.2612,6
14.5493,36.9816,-36.9640,0.0001376,CCN1C(=O)NC(=O)C(=C(O)C=C(C)C)C1=O,1,C=C1C(=O)NC(=O)NC1=O,0.0000000,0.0000,0.7140140,0.7140,0.9633842,2.8698,6
22.6051,25.1424,-25.1264,0.0001251,CCNC(=O)C1OC(n2cnc3c(=N)[nH]c(C#CC4CCCCC4)nc32)C(O)C1O,1,N=c1[nH]c(C#CC2CCCCC2)nc2c1ncn2C1CCCO1,0.0000000,0.0000,0.6532221,0.6532,0.6827232,4.5008,6
31.1574,31.5569,-31.5423,0.0001145,CNCCCNC(=O)c1c[nH]c(=N)c(-c2ccccc2C(F)(F)F)c1,1,N=c1[nH]cccc1-c1ccccc1,0.0000000,0.0000,0.4095823,0.4096,0.9701576,2.7320,6
22.7082,20.6208,-20.6100,0.0000846,CCCCCCCCCSC(=S)n1ccnc1,1,c1c[nH]cn1,0.0000000,0.0000,0.1647370,0.1647,0.9746866,2.6217,6
19.3126,20.4712,-20.4533,0.0001398,CC(C)(C)NC(=O)N1CCOCC1,1,C1COCCN1,0.0000000,0.0000,0.7376155,0.7376,0.9894127,2.0441,6
17.0784,18.4834,-18.4704,0.0001018,O=C(CCc1ccccc1)NC1CCN(Cc2ccccc2)CC1,1,O=C(CCc1ccccc1)NC1CCN(Cc2ccccc2)CC1,0.0000000,0.0000,0.2839645,0.2840,0.9941896,1.6501,6
22.0201,23.3755,-23.3575,0.0001402,CCCCCOC(=O)NCC(=O)OC,1,,0.0000000,0.0000,0.7428315,0.7428,0.9917131,1.8830,6
32.3920,36.6879,-36.6777,0.0000798,C=C(CCC(C)=CC=C(C)C)C1C=C(C)C(O)C1,1,C1=CCCC1,0.0000000,0.0000,0.1647395,0.1647,0.7181246,4.3908,6
21.2927,21.5076,-21.4951,0.0000979,COc1c(N2CCC(C)CC2)c(F)cc2c(=O)c(C(=O)O)cn(C3CC3)c12,1,O=c1ccn(C2CC2)c2cc(N3CCCCC3)ccc12,0.0000000,0.0000,0.2552314,0.2552,0.9782938,2.5192,6
22.8838,22.8517,-22.8397,0.0000933,Cc1cc(OCCCN2CCOC2=O)nn1-c1ccc(Cl)c(Cl)c1,1,O=C1OCCN1CCCOc1ccn(-c2ccccc2)n1,0.0000000,0.0000,0.2205432,0.2205,0.9775626,2.5412,6
26.3588,27.4223,-27.4061,0.0001269,Cc1ccc2nc(C[n+]3ccccc3)n(C)c2n1,1,c1cc[n+](Cc2nc3cccnc3[nH]2)cc1,0.0000000,0.0000,0.5577407,0.5577,0.9700582,2.7342,6
24.7082,25.0289,-25.0217,0.0000564,O=C(NCCCN1CCN(C(c2ccccc2)c2ccc(F)cc2)CC1)c1ccc2ccccc2c1,1,O=C(NCCCN1CCN(C(c2ccccc2)c2ccccc2)CC1)c1ccc2ccccc2c1,0.0000000,0.0000,0.0486509,0.0487,0.9770843,2.5553,6
25.6944,25.5175,-25.5036,0.0001086,Cc1ccccc1OCCNCCCCN1C(=O)c2ccccc2C1=O,1,O=C1c2ccccc2C(=O)N1CCCCNCCOc1ccccc1,0.0000000,0.0000,0.3456593,0.3457,0.9905904,1.9665,6
29.7734,39.5056,-39.4909,0.0001144,COC(=O)C(Br)=CN1C(=O)C(=C2SC(=O)NC2=O)Oc2ccccc21,1,O=C1NC(=O)C(=C2Oc3ccccc3NC2=O)S1,0.0000000,0.0000,0.4241040,0.4241,0.9108185,3.4863,6
38.0491,39.6204,-39.6028,0.0001381,CC(C)(C)C(CO)N1CCN(S(=O)(=O)N2CC=CC2)CC1=O,1,O=C1CN(S(=O)(=O)N2CC=CC2)CCN1,0.0000000,0.0000,0.7665665,0.7666,0.8663185,3.7826,6
38.4133,39.2927,-39.2793,0.0001047,CC12OC(c3ccccc3C1=O)C21NS(=O)(=O)CO1,1,O=C1c2ccccc2C2OC1C21NS(=O)(=O)CO1,0.0000000,0.0000,0.6931083,0.6931,0.2418426,5.7443,6
34.1870,35.6024,-35.5919,0.0000824,Cc1ccc(CNCCCN2OC3c4ccccc4CCC3C(C)C2=O)cc1,1,O=C1CC2CCc3ccccc3C2ON1CCCNCc1ccccc1,0.0000000,0.0000,0.1596790,0.1597,0.8984138,3.5800,6
19.0406,20.7959,-20.7826,0.0001041,CC(N=c1nc(N=c2cc(C3CC3)[nH][nH]2)cc[nH]1)c1ccccc1,1,c1ccc(CN=c2nc(N=c3cc(C4CC4)[nH][nH]3)cc[nH]2)cc1,0.0000000,0.0000,0.3502224,0.3502,0.7741928,4.1973,6
23.7500,26.0049,-25.9912,0.0001070,Cc1ccc(-n2cc(C(=O)O)c(=O)c3cc([N+](=O)[O-])c(N4CCN(C)CC4)cc32)cc1,1,O=c1ccn(-c2ccccc2)c2cc(N3CCNCC3)ccc12,0.0000000,0.0000,0.3322406,0.3322,0.9807352,2.4398,6
32.2817,33.9174,-33.9174,0.0000000,C1N(C)CCc2n(C3CCN(C)CC3)nc(=O)c21,0,,0.0000000,0.0000,0.0000000,0.0000,0.0000000,0.0000,6
27.0141,27.1869,-27.1710,0.0001249,NCCCN=c1[nH]nc(-c2ccccc2Br)o1,1,N=c1[nH]nc(-c2ccccc2)o1,0.0000000,0.0000,0.5384673,0.5385,0.9476265,3.1137,6
19.1847,20.8840,-20.8675,0.0001293,C=CCn1c(C)c(C)c(C)cc1=O,1,O=c1cccc[nH]1,0.0000000,0.0000,0.5857193,0.5857,0.9814635,2.4142,6
19.6715,20.2080,-20.1915,0.0001291,CCN1CCN(c2cc(C)cc(C)n2)CC1,1,c1ccc(N2CCNCC2)nc1,0.0000000,0.0000,0.5809162,0.5809,0.9902766,1.9881,6
14.4804,19.7463,-19.7394,0.0000536,CC(C=CC1=C(C)CCCC1(C)C)=CC=CC=CC(C)=CC(=O)O,1,C1=CCCCC1,0.0000000,0.0000,0.0428164,0.0428,0.9368705,3.2428,6
38.2658,43.5529,-43.5529,0.0000000,c1cc(C)ccc1SC(=CC(C=C(C=CC1(O)C(C)=CC(=O)C(C)=C1)=O)C)=O,0,,0.0000000,0.0000,0.0000000,0.0000,0.0000000,0.0000,6
30.6158,33.1314,-33.1314,0.0000000,c1c(=N)nc2c(CCCO)nccc2c1N,0,,0.0000000,0.0000,0.0000000,0.0000,0.0000000,0.0000,6
58.3787,56.2220,-56.2095,0.0000974,Cn1cc(C(=O)c2ccoc2)c2c1CC(NC(=O)c1cccc3cn(CCCO)c(O)c13)CCO2,1,O=C(c1ccoc1)c1c[nH]c2c1OCCC(NC(=O)c1cccc3c[nH]cc13)C2,0.0000000,0.0000,0.2696069,0.2696,0.8648793,3.7906,6
21.6356,24.4388,-24.4220,0.0001317,CC1(C)CC(=O)c2c(O)cc(OC3OC(COC4OC(CO)C(O)C(O)C4O)C(O)C(O)C3O)cc2O1,1,O=C1CCOc2cc(OC3CCCC(COC4CCCCO4)O3)ccc21,0.0000000,0.0000,0.8067556,0.8068,0.6173002,4.6885,6
49.9788,48.9371,-48.9321,0.0000392,CC(=O)c1cn(C2CCC(C)CC2)c2ncc(-c3noc4ccccc34)c(C(F)(F)F)c12,1,c1ccc2c(-c3cnc4c(ccn4C4CCCCC4)c3)noc2c1,0.0000000,0.0000,0.0165213,0.0165,0.9592631,2.9421,6
27.5570,29.4416,-29.4247,0.0001318,O=C(N=c1cc2c(c[nH]1)COC2)N1CCCC1,1,O=C(N=c1cc2c(c[nH]1)COC2)N1CCCC1,0.0000000,0.0000,0.6420362,0.6420,0.9254518,3.3591,6
22.6398,24.5594,-24.5459,0.0001052,CC12C=CC(=O)CC1=CC(O)C1C2CCC2(C)C(=O)CCC12,1,O=C1C=CC2C(=CCC3C2CCC2C(=O)CCC23)C1,0.0000000,0.0000,0.3862950,0.3863,0.6889679,4.4819,6
31.2009,29.3563,-29.3473,0.0000700,O=C(Nc1ccc2oc(-c3cnn(Cc4ccc(F)cc4)c3)nc2c1)c1ccco1,1,O=C(Nc1ccc2oc(-c3cnn(Cc4ccccc4)c3)nc2c1)c1ccco1,0.0000000,0.0000,0.0930137,0.0930,0.9837987,2.3250,6
33.0833,33.2128,-33.2018,0.0000861,OCCCCC1c2cccc(O)c2CCN1CC=Cc1ccccc1,1,C(=Cc1ccccc1)CN1CCc2ccccc2C1,0.0000000,0.0000,0.1754806,0.1755,0.9603020,2.9245,6
33.9921,36.8743,-36.8581,0.0001261,O=C(NCCc1ccccn1)C1CC2C=CSC(=O)C2O1,1,O=C(NCCc1ccccn1)C1CC2C=CSC(=O)C2O1,0.0000000,0.0000,0.6112906,0.6113,0.8006800,4.0941,6
20.5081,21.4393,-21.4234,0.0001236,CC(N=c1nccc[nH]1)c1ccccc1,1,c1ccc(CN=c2nccc[nH]2)cc1,0.0000000,0.0000,0.5260748,0.5261,0.9340105,3.2737,6
30.1638,29.0478,-29.0386,0.0000716,N#Cc1cc(-c2cc3ccccc3[nH]2)nc2c1[nH]c1ccccc12,1,c1ccc2[nH]c(-c3ccc4[nH]c5ccccc5c4n3)cc2c1,0.0000000,0.0000,0.0996581,0.0997,0.9790807,2.4946,6
27.3794,27.7536,-27.7381,0.0001211,CC(=O)Nc1ccc(S(=O)(=O)N=c2[nH]c(=NCCO)[nH]c3sc(C)c(C)c23)cc1,1,N=c1[nH]c(=NS(=O)(=O)c2ccccc2)c2ccsc2[nH]1,0.0000000,0.0000,0.4990087,0.4990,0.9240755,3.3720,6
23.9487,25.4848,-25.4701,0.0001152,COc1cccc(C2C(OC)C(=O)N2CCc2ccccc2)c1O,1,O=C1CC(c2ccccc2)N1CCc1ccccc1,0.0000000,0.0000,0.4202394,0.4202,0.9585436,2.9540,6
26.8744,30.3717,-30.3584,0.0001040,Cc1cc(C=C2Oc3ccc(NC=O)cc3C2=O)cc(C)c1O,1,O=C1C(=Cc2ccccc2)Oc2ccccc21,0.0000000,0.0000,0.3062804,0.3063,0.9747609,2.6198,6
15.1660,27.5620,-27.5449,0.0001332,CC=CC(OC(C)=O)=C1C(=O)OC(C)(C)OC1=O,1,C=C1C(=O)OCOC1=O,0.0000000,0.0000,0.6662645,0.6663,0.9150636,3.4515,6
25.1291,24.3325,-24.3158,0.0001305,CC(C)C(N)CSCCc1c[nH]cn1,1,c1c[nH]cn1,0.0000000,0.0000,0.6394219,0.6394,0.8832968,3.6815,6
23.4370,23.7728,-23.7579,0.0001163,CCN(CC)CCNc1c(O)cc2c(c1O)C(=O)c1c(O)cccc1C2=O,1,O=C1c2ccccc2C(=O)c2ccccc21,0.0000000,0.0000,0.4289471,0.4289,0.9712666,2.7066,6
32.5399,34.0729,-34.0598,0.0001024,O=C(CCC(=O)N1CCN(c2scnc2-c2nc3ccccc3[nH]2)CC1)NCc1cccnc1,1,O=C(CCC(=O)N1CCN(c2scnc2-c2nc3ccccc3[nH]2)CC1)NCc1cccnc1,0.0000000,0.0000,0.2931312,0.2931,0.9720877,2.6871,6
22.2470,23.4408,-23.4307,0.0000791,Cc1cc(C)cc(CSCCNC(=S)Nc2ccccc2)c1,1,S=C(NCCSCc1ccccc1)Nc1ccccc1,0.0000000,0.0000,0.1338175,0.1338,0.9895095,2.0381,6
20.4363,20.3306,-20.3158,0.0001161,COc1ccc2c(c1)C(=O)N(CC1(C#Cc3ccc(-c4cc[nH]n4)cc3)NC(=O)NC1=O)C2,1,O=C1NC(=O)C(C#Cc2ccc(-c3cc[nH]n3)cc2)(CN2Cc3ccccc3C2=O)N1,0.0000000,0.0000,0.4470731,0.4471,0.8940588,3.6105,6
28.3076,28.0420,-28.0253,0.0001300,COCCC(=O)N1CC2CC(C1)N(c1cccnc1)C2,1,c1cncc(N2CC3CNCC2C3)c1,0.0000000,0.0000,0.6476492,0.6476,0.8464485,3.8880,6
16.9439,18.1319,-18.1151,0.0001318,NCC1OC(OC2C(N)CC(N)C(OC3OC(CN)C(O)C(O)C3N)C2O)C(N)C(O)C1O,1,C1CCC(OC2CCCC(OC3CCCCO3)C2)OC1,0.0000000,0.0000,0.9709175,0.9709,0.4489310,5.1335,6
33.9661,35.9245,-35.9121,0.0000971,CCCCN1C(=O)NC(c2ccccc2)C([S+]([O-])CCC)=C1C(C)=O,1,O=C1NC=CC(c2ccccc2)N1,0.0000000,0.0000,0.2718982,0.2719,0.8374757,3.9319,6
24.0155,26.1764,-26.1575,0.0001469,CC(=O)N(C)CCOC1OC(CO)C(O)C(O)C1O,1,C1CCOCC1,0.0000000,0.0000,0.9153658,0.9154,0.8794982,3.7051,6
41.0953,43.4916,-43.4808,0.0000846,C=CCn1c(=O)c2c3c4cc(c(n3c1=O)-c1ccccc1CNC4=O)C1=C2CCCC1,1,O=C1NCc2ccccc2-c2c3cc1c1c(c(=O)[nH]c(=O)n21)C1=C3CCCC1,0.0000000,0.0000,0.2316963,0.2317,0.5379770,4.9008,6
24.2008,24.6428,-24.6333,0.0000745,O=c1c2ccccc2nc(C=Cc2ccc3c(c2)OCO3)n1Cc1ccc(F)cc1,1,O=c1c2ccccc2nc(C=Cc2ccc3c(c2)OCO3)n1Cc1ccccc1,0.0000000,0.0000,0.1119177,0.1119,0.9851667,2.2666,6
11.6690,45.1576,71.4221,0.9107784,CN1C(=O)NC(=O)C(=C(O)C=CC=CN2CCNCC2)C1=O,1,O=C1NC(=O)C(=CC=CC=CN2CCNCC2)C(=O)N1,1.0000000,1.0000,0.7876139,0.7876,0.9297550,3.3174,7
25.2632,26.6213,-26.6041,0.0001348,CC(C)CCNC(=O)N1CCCC1C(=O)N1CCOCC1,1,O=C(C1CCCN1)N1CCOCC1,0.0000000,0.0000,0.6672218,0.6672,0.9741105,2.6368,7
28.5762,28.4903,-28.4805,0.0000760,COc1ccc(-c2cn(C3CCN(C(=O)OC(C)(C)C)CC3)c3ncnc(C)c23)cn1,1,c1cncc(-c2cn(C3CCNCC3)c3ncncc23)c1,0.0000000,0.0000,0.1195099,0.1195,0.9732735,2.6581,7
16.1625,21.2001,-21.1818,0.0001435,CC1(C)NC(=O)N(CCCC(=O)O)C1=O,1,O=C1CNC(=O)N1,0.0000000,0.0000,0.7994460,0.7994,0.9862612,2.2159,7
26.8441,31.6234,-31.6075,0.0001245,Cc1sc(=NC=C2C(=O)NC(=N)N2c2ccccc2)[nH]c1O,1,N=C1NC(=O)C(=CN=c2[nH]ccs2)N1c1ccccc1,0.0000000,0.0000,0.5564239,0.5564,0.8796686,3.7041,7
21.0154,21.3014,-21.2836,0.0001393,O=C(NS(=O)(=O)CCCOCn1ccc(=O)[nH]c1=O)c1ccccc1,1,O=C(NS(=O)(=O)CCCOCn1ccc(=O)[nH]c1=O)c1ccccc1,0.0000000,0.0000,0.7324168,0.7324,0.9808685,2.4352,7
48.0724,48.6771,-48.6657,0.0000889,CN(C)C12CCC(CNCc3ccc4sc5ccccc5c(=O)c4n3)CN(CC1)C2,1,O=c1c2ccccc2sc2ccc(CNCC3CCC4CCN(C4)C3)nc12,0.0000000,0.0000,0.2484111,0.2484,0.6163656,4.6911,7
22.5156,23.0376,-23.0219,0.0001222,N=c1nc(N2CCOCC2)nc(SCCCN2CCN(c3ccc(F)cc3)CC2)[nH]1,1,N=c1nc(N2CCOCC2)nc(SCCCN2CCN(c3ccccc3)CC2)[nH]1,0.0000000,0.0000,0.4981455,0.4981,0.9692597,2.7519,7
20.2961,22.5288,-22.5120,0.0001311,CCOC(=O)C(=Cc1ccc(O)c(O)c1)OC,1,c1ccccc1,0.0000000,0.0000,0.6104991,0.6105,0.9822382,2.3859,7
23.1729,26.4821,-26.4634,0.0001459,COCCN(C)CCOCCn1ccc(=O)[nH]c1=O,1,O=c1cc[nH]c(=O)[nH]1,0.0000000,0.0000,0.8426932,0.8427,0.9793459,2.4861,7
19.5995,32.7724,-32.7546,0.0001388,CC(C)NC(=O)C=CC=CN1CCN(C)CC1,1,C1CNCCN1,0.0000000,0.0000,0.7319805,0.7320,0.9661720,2.8163,7
36.7945,37.5610,-37.5492,0.0000923,Cc1nc2ccc(NC(=O)C(CC(C)C)=NC(=O)CCCCC(O)=NO)cc2n1C,1,c1ccc2[nH]cnc2c1,0.0000000,0.0000,0.2183772,0.2184,0.9424129,3.1791,7
20.5804,22.2885,-22.2772,0.0000883,CN(C)CCN=c1cc(-c2ccccc2)[nH]c2cc(Cl)ccc12,1,N=c1cc(-c2ccccc2)[nH]c2ccccc12,0.0000000,0.0000,0.1872854,0.1873,0.9786475,2.5082,7
37.3735,38.4006,-38.3849,0.0001223,COc1ccc(NC(=O)NC(C(=O)N2CCN(C)CC2)c2cc(C#N)n(C)c2)cc1,1,O=C(Nc1ccccc1)NC(C(=O)N1CCNCC1)c1cc[nH]c1,0.0000000,0.0000,0.5049937,0.5050,0.9510452,3.0674,7
22.9045,23.3682,-23.3512,0.0001329,CCOCCCCOc1ccc(S(N)(=O)=O)cc1,1,c1ccccc1,0.0000000,0.0000,0.6326208,0.6326,0.9928080,1.7900,7
20.9396,21.4449,-21.4301,0.0001158,CCN(CC)CCCn1cnc2c([nH]c3ccccc32)c1=O,1,O=c1[nH]cnc2c1[nH]c1ccccc12,0.0000000,0.0000,0.4206528,0.4207,0.9846725,2.2883,7
20.9638,21.9166,-21.9038,0.0001003,CCOC(=O)C1=CCN(S(=O)(=O)c2ccc(C)cc2)C1c1cccc(OC)c1,1,O=S(=O)(c1ccccc1)N1CC=CC1c1ccccc1,0.0000000,0.0000,0.2756691,0.2757,0.9682049,2.7746,7
25.0531,35.3025,-35.3025,0.0000000,c1nccc(C=CC=CC(=C2C(=O)N(CCC)c3ccccc32)=O)c1,0,,0.0000000,0.0000,0.0000000,0.0000,0.0000000,0.0000,7
19.9291,20.3657,-20.3473,0.0001431,COC(=O)CNC(=O)c1cccnc1,1,c1ccncc1,0.0000000,0.0000,0.7893765,0.7894,0.9933085,1.7427,7
19.8078,20.2164,-20.2042,0.0000953,Cc1ccc(NC(=S)NCC2CCCCC2)cc1,1,S=C(NCC1CCCCC1)Nc1ccccc1,0.0000000,0.0000,0.2333422,0.2333,0.9928073,1.7900,7
23.7834,23.9218,-23.9081,0.0001067,Cn1c2ccccc2c(=O)n2cc(-c3cccs3)nc12,1,O=c1c2ccccc2[nH]c2nc(-c3cccs3)cn12,0.0000000,0.0000,0.3296548,0.3297,0.9807925,2.4378,7
23.9050,25.6959,-25.6803,0.0001219,Cc1nc2c(C)cccc2[nH]c1=NC1CC1,1,c1ccc2[nH]c(=NC3CC3)cnc2c1,0.0000000,0.0000,0.4974243,0.4974,0.9607288,2.9172,7
27.0746,38.8841,-38.8717,0.0000966,CC=CC=c1oc(=CC=CC(=O)CC=C(C)CCC=C(C)C)oc1=O,1,C=c1oc(=C)c(=O)o1,0.0000000,0.0000,0.2724376,0.2724,0.8106640,4.0526,7
25.0235,29.6893,-29.6807,0.0000677,CC(C=CC1=C(C)CC(=O)OC1=O)=CC=CC(C)=CC=C1C(=O)C=C(c2ccccc2)OC1=O,1,O=C1CC=C(C=CC=CC=CC=CC=C2C(=O)C=C(c3ccccc3)OC2=O)C(=O)O1,0.0000000,0.0000,0.0886351,0.0886,0.8972490,3.5883,7
32.1028,33.1594,-33.1465,0.0001004,CC(C)C(=O)N1c2ccc(C(=O)O)cc2C(=O)N(C)c2ccccc21,1,O=C1Nc2ccccc2Nc2ccccc21,0.0000000,0.0000,0.2740014,0.2740,0.9833888,2.3415,7
21.2867,25.3904,-25.3826,0.0000610,CC1OC(=O)C2(O)CC(F)(F)C(C)C(C=Cc3ccc(-c4ccccc4Cl)cn3)C12,1,O=C1OCC2C(C=Cc3ccc(-c4ccccc4)cn3)CCCC12,0.0000000,0.0000,0.0752569,0.0753,0.6926800,4.4706,7
14.4102,40.4569,51.3972,0.7176105,CN(C)C=CC=CC(O)=C1C(=O)OC(C)(C)N(c2ccccc2)C1=O,1,C=C1C(=O)OCN(c2ccccc2)C1=O,1.0000000,1.0000,0.3826888,0.3827,0.9406674,3.1998,7
28.4819,26.5407,-26.5292,0.0000896,COCC1CCCCN1C(=O)c1ccc(NC(=O)c2cccc(C)c2)cc1,1,O=C(Nc1ccc(C(=O)N2CCCCC2)cc1)c1ccccc1,0.0000000,0.0000,0.1950464,0.1950,0.9831229,2.3520,7
40.3932,41.0254,-41.0122,0.0001028,CCOc1cc(Nc2ccc3[nH]c(=N)sc3c2)cc(OCC)c1NCC(N)=O,1,N=c1[nH]c2ccc(Nc3ccccc3)cc2s1,0.0000000,0.0000,0.2985890,0.2986,0.9602892,2.9248,7
23.1197,24.8324,-24.8189,0.0001057,NC1CCC(CN2C(=O)c3cc(Cl)c(Cl)cc3C2=O)CC1,1,O=C1c2ccccc2C(=O)N1CC1CCCCC1,0.0000000,0.0000,0.3198268,0.3198,0.9832082,2.3487,7
27.7799,35.8423,-35.8250,0.0001353,COc1ccc(N2C(=O)C(C)(NC(=O)CO)C(=O)N3C(=O)CCC=C32)cc1,1,O=C1CCC=C2N1C(=O)CC(=O)N2c1ccccc1,0.0000000,0.0000,0.7008274,0.7008,0.9091978,3.4992,7
25.6192,26.6520,-26.6353,0.0001307,Cc1cc(C)c2[nH]c(=NC(=O)CN)sc2c1,1,N=c1[nH]c2ccccc2s1,0.0000000,0.0000,0.6221576,0.6222,0.9368896,3.2426,7
17.5127,19.5765,-19.5627,0.0001075,OC1CCN(CCOc2ccc(Cc3ccccc3)cc2)CC1,1,c1ccc(Cc2ccc(OCCN3CCCCC3)cc2)cc1,0.0000000,0.0000,0.3345758,0.3346,0.9928735,1.7840,7
37.9732,56.9937,-56.9884,0.0000407,CC1=CC(C)(C)C(=O)C1=C(O)C=CC=CC=C1C=C2CC(CCCCC(=O)O)OC=C2C(=O)C1=C(C)C,1,C=C1C(=O)C2=COCCC2=CC1=CC=CC=CC=C1C=CCC1=O,0.0000000,0.0000,0.0229367,0.0229,0.6580026,4.5737,7
17.5774,19.2862,-19.2763,0.0000769,O=C1C(=Cc2ccccc2)CCC1=Cc1ccccc1F,1,O=C1C(=Cc2ccccc2)CCC1=Cc1ccccc1,0.0000000,0.0000,0.1228987,0.1229,0.9874979,2.1537,7
33.5221,34.9026,-34.8891,0.0001050,CC(CS(C)(=O)=O)NC(=O)N=c1[nH]c(-c2ccccc2)c(C(C)C)s1,1,N=c1[nH]c(-c2ccccc2)cs1,0.0000000,0.0000,0.3289110,0.3289,0.9025431,3.5500,7
30.7952,30.2878,-30.2754,0.0000973,Cc1cccc(OCC(=O)N(Cc2ccccc2Cl)CC2COCCO2)c1,1,O=C(COc1ccccc1)N(Cc1ccccc1)CC1COCCO1,0.0000000,0.0000,0.2508960,0.2509,0.9714275,2.7028,7
32.0480,33.0958,-33.0868,0.0000701,CC1CCCC(Oc2ccc(C(=O)N3C=CC=CC=C3)cc2)C1C,1,O=C(c1ccc(OC2CCCCC2)cc1)N1C=CC=CC=C1,0.0000000,0.0000,0.1008483,0.1008,0.8575411,3.8307,7
18.1035,18.4243,-18.4113,0.0001016,Cc1cc(Cl)cc(Cl)c1C,1,c1ccccc1,0.0000000,0.0000,0.2822642,0.2823,0.9922808,1.8364,7
22.6241,23.8543,-23.8446,0.0000759,CC(=O)Nc1ccc(NC(=O)C=Cc2c(Cl)cccc2Cl)cc1,1,O=C(C=Cc1ccccc1)Nc1ccccc1,0.0000000,0.0000,0.1180005,0.1180,0.9912248,1.9206,7
28.3069,29.3895,-29.3826,0.0000537,COc1ccc(NS(=O)(=O)c2c(Cl)cc(C(F)(F)F)cc2Cl)cc1N1CCN(CC(F)(F)F)CC1,1,O=S(=O)(Nc1cccc(N2CCNCC2)c1)c1ccccc1,0.0000000,0.0000,0.0420693,0.0421,0.9748210,2.6182,7
21.5749,23.4240,-23.4100,0.0001092,CCCCCN1C(=O)C(=CC(=O)OCC)c2ccccc21,1,C=C1C(=O)Nc2ccccc21,0.0000000,0.0000,0.3523443,0.3523,0.9866364,2.1977,7
33.9199,34.4185,-34.4086,0.0000771,N#CC(=C1CCCCC1)c1ccc(-c2ccc3[nH]cnc(=NCCN4CCOCC4)c3c2)o1,1,C(=C1CCCCC1)c1ccc(-c2ccc3[nH]cnc(=NCCN4CCOCC4)c3c2)o1,0.0000000,0.0000,0.1281630,0.1282,0.9292889,3.3220,7
26.0039,26.0401,-26.0401,0.0000000,c1(=O)c(OC2C(O)C(O)C(O)C(CO)O2)c(OC2C(O)C(O)C(O)C(CO)O2)c(-c2ccc(O)cc2)oc1O,0,,0.0000000,0.0000,0.0000000,0.0000,0.0000000,0.0000,7
26.1363,29.6311,-29.6182,0.0001005,CCCCC(C(=O)O)n1cc(C=CC(=O)O)c2ccccc21,1,c1ccc2[nH]ccc2c1,0.0000000,0.0000,0.2785228,0.2785,0.9637693,2.8627,7
20.1074,19.5388,-19.5241,0.0001151,COC(=O)c1ccc(OC(=O)c2ccccc2)cc1,1,O=C(Oc1ccccc1)c1ccccc1,0.0000000,0.0000,0.4103398,0.4103,0.9958597,1.4283,7
23.9099,27.0607,-27.0492,0.0000900,C=Cc1ccc(-c2cccc(C=CC(=O)O)c2)cc1,1,c1ccc(-c2ccccc2)cc1,0.0000000,0.0000,0.1963827,0.1964,0.9903870,1.9806,7
20.6183,21.3580,-21.3425,0.0001211,COc1ccc(C(O)CNC(=O)NC2CCCCC2)cc1,1,O=C(NCCc1ccccc1)NC1CCCCC1,0.0000000,0.0000,0.4814915,0.4815,0.9838027,2.3248,7
36.6430,35.3755,-35.3643,0.0000872,Nc1[nH]c2cc(N=c3[nH]cc(Cl)c4c3nnn4C3CCCC3)cccc1-2,1,c1cc(N=c2[nH]ccc3c2nnn3C2CCCC2)cc2[nH]cc-2c1,0.0000000,0.0000,0.1875558,0.1876,0.9090981,3.4999,7
23.5203,22.5431,-22.5303,0.0001006,O=C(CCNC(=O)OCc1ccccc1)NC12CC3CC(CC(C3)C1)C2,1,O=C(CCNC(=O)OCc1ccccc1)NC12CC3CC(CC(C3)C1)C2,0.0000000,0.0000,0.2849990,0.2850,0.9264356,3.3498,7
7.9421,36.2511,-36.2511,0.0000000,CCN(C=CC=CC(O)=C1C(=O)c2ccccc2C1=O)CC,1,C=C1C(=O)c2ccccc2C1=O,1.0000000,1.0000,0.3219833,0.3220,0.9595465,2.9373,7
36.1576,38.3682,-38.3562,0.0000937,CC(=Cc1ccc([N+](=O)[O-])o1)C=C(C)Cn1c(O)cc(C)c1O,1,C(C=Cc1ccco1)=CCn1cccc1,0.0000000,0.0000,0.2304265,0.2304,0.9268680,3.3456,7
29.0409,26.4652,-26.4598,0.0000425,O=C(CCN1c2ccccc2Sc2ccccc21)Nc1ccc(SC(F)F)cc1,1,O=C(CCN1c2ccccc2Sc2ccccc21)Nc1ccccc1,0.0000000,0.0000,0.0207292,0.0207,0.9850133,2.2734,7
24.0490,24.8114,-24.7985,0.0001010,O=CN(O)CC(Cc1ccc(OCc2ccccc2)cc1)C(=O)NC1c2ccccc2CC1O,1,O=C(CCc1ccc(OCc2ccccc2)cc1)NC1CCc2ccccc21,0.0000000,0.0000,0.2898530,0.2899,0.9202163,3.4070,7
26.6750,27.1342,-27.1176,0.0001291,O=C(Cn1c(=O)c2cccn2c2ccccc21)NCCCn1cncn1,1,O=C(Cn1c(=O)c2cccn2c2ccccc21)NCCCn1cncn1,0.0000000,0.0000,0.5840885,0.5841,0.9806029,2.4444,7
23.6883,31.2160,-31.1982,0.0001390,C=C(C=CN1CCC(O)C1=O)C(=O)O,1,O=C1CCCN1,0.0000000,0.0000,0.8323307,0.8323,0.7761437,4.1900,7
28.1027,27.1254,-27.1153,0.0000787,CC1CCCCC1Nc1ccc(C(=O)Nc2ccccc2N)cc1,1,O=C(Nc1ccccc1)c1ccc(NC2CCCCC2)cc1,0.0000000,0.0000,0.1328423,0.1328,0.9759557,2.5874,7
34.4585,35.0696,-35.0584,0.0000880,Cc1csc(-c2cc(C)cn3c(C)c(CCC(=O)O)nc23)c1,1,c1csc(-c2cccn3ccnc23)c1,0.0000000,0.0000,0.1865884,0.1866,0.9647211,2.8447,7
26.7477,27.5548,-27.5433,0.0000899,Cc1nn(C2CCN(Cc3ccc(O)cc3)CC2)c2ccccc12,1,c1ccc(CN2CCC(n3ncc4ccccc43)CC2)cc1,0.0000000,0.0000,0.1959236,0.1959,0.9885316,2.0968,7
35.4564,36.8930,-36.8859,0.0000553,COC1C(OC(=O)NCc2ccccc2)COC(OCC23CC4C(C)CCC4C4(C=O)CC2C=C(C(C)C)C43C(=O)O)C1O,1,O=C(NCc1ccccc1)OC1CCC(OCC23CC4CCCC4C4CC2C=CC43)OC1,0.0000000,0.0000,0.1405868,0.1406,0.1384544,6.1910,7
14.5851,19.9269,-19.9078,0.0001495,COCCN(CCO)CCO,1,,0.0000000,0.0000,0.9036727,0.9037,0.9858934,2.2334,7
30.1609,30.1504,-30.1455,0.0000380,Cc1cccc(C)c1N1CC(CN2CCC(F)(F)CC2)(C(=O)Nc2cc(C3CCOCC3)cc(C(F)(F)F)c2)C(C)C1=O,1,O=C1CC(CN2CCCCC2)(C(=O)Nc2cccc(C3CCOCC3)c2)CN1c1ccccc1,0.0000000,0.0000,0.0167512,0.0168,0.7977080,4.1062,7
27.3556,27.5199,-27.5020,0.0001401,NS(=O)(=O)CCN=c1[nH]c(C(F)(F)F)no1,1,N=c1[nH]cno1,0.0000000,0.0000,0.8103143,0.8103,0.8498155,3.8710,7
20.1605,28.6991,-28.6831,0.0001250,COc1ccc(C(=O)C=CC=CN(C)C)c(O)c1,1,c1ccccc1,0.0000000,0.0000,0.5310488,0.5310,0.9773070,2.5488,7
17.2705,22.2258,-22.2097,0.0001259,CN1C=CC=CC1=C1SC(=S)N(CCCC(=O)O)C1=O,1,O=C1NC(=S)SC1=C1C=CC=CN1,0.0000000,0.0000,0.5494567,0.5495,0.9553273,3.0048,7
19.0745,19.3595,-19.3453,0.0001116,COc1ccc(C(=O)NC(=S)Nc2ccccc2)cc1,1,O=C(NC(=S)Nc1ccccc1)c1ccccc1,0.0000000,0.0000,0.3734309,0.3734,0.9952980,1.5115,7
23.5974,24.3221,-24.3089,0.0001036,CC1C(=O)c2ccccc2N1S(=O)(=O)c1ccccc1Cl,1,O=C1CN(S(=O)(=O)c2ccccc2)c2ccccc21,0.0000000,0.0000,0.3031667,0.3032,0.9706509,2.7208,7
39.5588,45.6963,-45.6823,0.0001098,CC=C1C(=O)CC2CC3C(=O)OC(=CCC(=O)O)C=C3C(C)(C)C2(O)C1=O,1,C=C1C=C2CC3C(=O)C(=C)C(=O)CC3CC2C(=O)O1,0.0000000,0.0000,0.5193824,0.5194,0.5130179,4.9661,7
18.4146,20.1042,-20.0907,0.0001059,O=C1CC(c2ccc3c(c2)OCO3)Oc2ccccc21,1,O=C1CC(c2ccc3c(c2)OCO3)Oc2ccccc21,0.0000000,0.0000,0.3230122,0.3230,0.9753844,2.6031,7
20.3446,19.7601,-19.7466,0.0001053,O=C1C(c2ccccc2Cl)=[N+]([O-])c2ccccc21,1,O=C1C(c2ccccc2)=[NH+]c2ccccc21,0.0000000,0.0000,0.3170170,0.3170,0.9775787,2.5408,7
22.3747,24.6409,-24.6326,0.0000649,O=C1NC(=O)C(=Cc2c(-c3ccccc3)n(-c3ccccc3)c3ccc(Br)cc23)C(=O)N1,1,O=C1NC(=O)C(=Cc2c(-c3ccccc3)n(-c3ccccc3)c3ccccc23)C(=O)N1,0.0000000,0.0000,0.0741709,0.0742,0.9790030,2.4971,7
50.8441,52.6684,-52.6522,0.0001265,CCCN(C=O)C(C)=CC(OCCN1CC(=O)N(C)CC1=O)C(C)(C)C,1,O=C1CNC(=O)CN1,0.0000000,0.0000,0.6063423,0.6063,0.8233575,3.9973,7
24.7694,25.0427,-25.0249,0.0001393,CCCc1[nH]c(=O)c(C)c[n+]1C,1,O=c1cc[nH+]c[nH]1,0.0000000,0.0000,0.7575726,0.7576,0.9264940,3.3492,7
32.0191,30.6160,-30.5995,0.0001286,CS(=O)(=O)NCCCCn1nc(-c2ccnc(Cl)c2)ccc1=O,1,O=c1ccc(-c2ccncc2)n[nH]1,0.0000000,0.0000,0.5766173,0.5766,0.9810978,2.4272,7
26.2187,26.8114,-26.7987,0.0000991,O=C(O)C(O)(Cc1ccc(OCCCOc2ccccc2)cc1)C(F)(F)F,1,c1ccc(OCCCOc2ccccc2)cc1,0.0000000,0.0000,0.2649620,0.2650,0.9729463,2.6662,7
19.1743,19.7669,-19.7511,0.0001233,CCOC(=O)COc1ccc(S(=O)(=O)N2CCC(C)CC2)cc1,1,O=S(=O)(c1ccccc1)N1CCCCC1,0.0000000,0.0000,0.5048938,0.5049,0.9914696,1.9020,7
22.9944,27.2855,-27.2673,0.0001418,CSC(C)C(=O)NC1CCN(CCO)CC1,1,C1CCNCC1,0.0000000,0.0000,0.7772477,0.7772,0.9727060,2.6721,7
22.4494,24.3079,-24.2929,0.0001176,CC(C)C(C(O)=NO)N1C(=O)c2c(F)c(F)c(F)c(F)c2C1=O,1,O=C1NC(=O)c2ccccc21,0.0000000,0.0000,0.4645091,0.4645,0.8946372,3.6066,7
22.7707,39.0133,-38.9955,0.0001394,CCCC(=O)OCN1C(=O)C(=C(OC)OC)C(=O)N(C)C1=O,1,C=C1C(=O)NC(=O)NC1=O,0.0000000,0.0000,0.7490627,0.7491,0.9493613,3.0906,7
23.2450,22.1914,-22.1785,0.0001011,Fc1ccc(-c2nc3ccccc3nc2N2CCOCC2)cc1,1,c1ccc(-c2nc3ccccc3nc2N2CCOCC2)cc1,0.0000000,0.0000,0.2789518,0.2790,0.9902675,1.9887,7
22.8063,22.9510,-22.9434,0.0000592,C[N+]1(Cc2ccc(NC(=O)C=Cc3ccc(C(F)(F)F)cc3)cc2)CCCCC1,1,O=C(C=Cc1ccccc1)Nc1ccc(C[NH+]2CCCCC2)cc1,0.0000000,0.0000,0.0564807,0.0565,0.9778548,2.5325,7
25.2063,26.7623,-26.7449,0.0001359,CCOC(=O)C1=CSC(=CC(=O)OC)N1C,1,C=C1NC=CS1,0.0000000,0.0000,0.6954681,0.6955,0.9464743,3.1287,7
31.7525,33.5595,-33.5419,0.0001375,CCOCC(C)(CC)OCCN(C)CC(=O)O,1,,0.0000000,0.0000,0.7263974,0.7264,0.9299895,3.3150,7
22.9861,23.2445,-23.2316,0.0001004,O=C(C1CCCN(CCc2ccccc2)C1)N1CCN(c2ccccc2)CC1,1,O=C(C1CCCN(CCc2ccccc2)C1)N1CCN(c2ccccc2)CC1,0.0000000,0.0000,0.2743246,0.2743,0.9838091,2.3245,7
30.2371,31.9017,-31.8910,0.0000836,COc1ccccc1C1CC(=O)OC(c2ccc(Br)cc2)N1C(C)=O,1,O=C1CC(c2ccccc2)NC(c2ccccc2)O1,0.0000000,0.0000,0.1625657,0.1626,0.9392053,3.2167,7
47.2010,48.5445,-48.5285,0.0001252,NC1=NC(C(=O)O)N(C(=O)C(=O)NCc2ccccc2)N1Cc1cc2ccccc2cn1,1,O=C(NCc1ccccc1)C(=O)N1CN=CN1Cc1cc2ccccc2cn1,0.0000000,0.0000,0.5530108,0.5530,0.9170704,3.4345,7
22.0288,23.7446,-23.7291,0.0001207,C=Cn1cnc2c(=NCC)[nH]c(=NC3CCCCC3)[nH]c21,1,N=c1[nH]c(=NC2CCCCC2)[nH]c2[nH]cnc12,0.0000000,0.0000,0.5216214,0.5216,0.8394471,3.9224,7
28.9721,33.2934,-33.2770,0.0001285,CC(NC(=O)CN1C(=O)NC(O)(c2ccc3c(c2)OCCO3)C1=O)C1CCCC1,1,O=C(CN1C(=O)NC(c2ccc3c(c2)OCCO3)C1=O)NCC1CCCC1,0.0000000,0.0000,0.6007602,0.6008,0.9093267,3.4981,7
36.2388,36.0681,-36.0534,0.0001146,CSc1cncc2nc(COC(=O)CNC(=O)c3c(F)cccc3Cl)cc(=O)n12,1,O=C(CNC(=O)c1ccccc1)OCc1cc(=O)n2ccncc2n1,0.0000000,0.0000,0.4120538,0.4121,0.9636248,2.8653,7
19.8852,21.1573,-21.1416,0.0001225,COc1ccc(C=CC(=O)N2CCCC2)c(OC)c1,1,O=C(C=Cc1ccccc1)N1CCCC1,0.0000000,0.0000,0.4960225,0.4960,0.9912190,1.9211,7
30.3331,29.4875,-29.4875,0.0000000,c1c2c(c(O)n3c1CCC3)cc(C#N)cc2,0,,0.0000000,0.0000,0.0000000,0.0000,0.0000000,0.0000,7
18.0704,21.5057,-21.4871,0.0001447,CC1CCN(CC(O)CO)CC1,1,C1CCNCC1,0.0000000,0.0000,0.8234312,0.8234,0.9786519,2.5081,7
30.3240,28.0846,-28.0777,0.0000536,CN(C)CCOc1cnc(-c2ccc(NC(=O)Nc3ccc(C4CCCCC4)cc3)cc2)nc1N1CCOCC1,1,O=C(Nc1ccc(-c2nccc(N3CCOCC3)n2)cc1)Nc1ccc(C2CCCCC2)cc1,0.0000000,0.0000,0.0418718,0.0419,0.9748381,2.6177,7
29.2903,30.7166,-30.7018,0.0001153,CC(=O)OC1CC=C2OC(C)(C)OC3=CC(=O)OC1C23C,1,O=C1C=C2OCOC3=CCCC(O1)C32,0.0000000,0.0000,0.5570024,0.5570,0.5884478,4.7671,7
23.5669,24.8620,-24.8464,0.0001221,Cc1c(Br)c([N+](=O)[O-])nn1CC(=O)NN=Cc1ccc(O)cc1,1,O=C(Cn1cccn1)NN=Cc1ccccc1,0.0000000,0.0000,0.4944774,0.4945,0.9775044,2.5430,7
18.6213,20.5374,-20.5198,0.0001371,OC1OC(O)C(CS)C(O)C1O,1,C1CCOCC1,0.0000000,0.0000,0.9071389,0.9071,0.6210016,4.6783,7
35.7860,38.7477,-38.7402,0.0000588,C=C1C2CC(O)(CC)C3CC4(C)CCCC(C)(C(=O)O)C4CCC3(C2)C1O,1,C=C1CC23CCC4CCCCC4CC2CCC1C3,0.0000000,0.0000,0.1668106,0.1668,0.1417744,6.1730,7
22.7068,40.5089,-40.5036,0.0000415,CC1=CCCC(C)(C)C1=CC=CC=CC=CC(O)=CC=C1C(=O)c2ccccc2C1=O,1,O=C1C(=CC=CC=CC=CC=CC=C2C=CCCC2)C(=O)c2ccccc21,0.0000000,0.0000,0.0202814,0.0203,0.9034568,3.5432,7
30.8685,30.1307,-30.1156,0.0001183,COC1C(=O)CCc2nc(N3CCCCC3)nc(Cl)c21,1,O=C1CCc2nc(N3CCCCC3)ncc2C1,0.0000000,0.0000,0.4628434,0.4628,0.9304714,3.3102,7
10.4569,43.6895,72.0899,0.9045265,CN(C=CC=CC(O)=C1C(=O)N(C)C(=O)N(C)C1=O)CCO,1,C=C1C(=O)NC(=O)NC1=O,1.0000000,1.0000,0.7736070,0.7736,0.9253395,3.3602,7
8.9197,39.9295,73.4053,0.8854287,CN1C(=O)C(=C(O)C=CC=CN2CCOCC2)C(=O)N(C)C1=O,1,O=C1NC(=O)C(=CC=CC=CN2CCOCC2)C(=O)N1,1.0000000,1.0000,0.7196373,0.7196,0.9388744,3.2204,7
25.0053,26.0746,-26.0624,0.0000949,CN(CC(=O)Nc1ccccc1C(F)(F)F)C(=O)c1cc(S(=O)(=O)N(C)C)ccc1N1CCCC1,1,O=C(CNC(=O)c1ccccc1N1CCCC1)Nc1ccccc1,0.0000000,0.0000,0.2318722,0.2319,0.9816409,2.4078,7
21.6591,23.5289,-23.5127,0.0001272,NC(=S)NN=C1CCCC1C(O)c1ccccc1,1,N=C1CCCC1Cc1ccccc1,0.0000000,0.0000,0.5786713,0.5787,0.9204321,3.4051,7
22.0695,21.3234,-21.3134,0.0000782,O=C(O)CCCOc1ccc(OCCCCCc2ccccc2)cc1,1,c1ccc(CCCCCOc2ccccc2)cc1,0.0000000,0.0000,0.1285582,0.1286,0.9937471,1.6982,7
29.7365,34.2684,-34.2549,0.0001052,CC(C)=CCN1C(=O)C(=CC=C2CCN(C)C2=O)c2ccccc21,1,O=C1NCCC1=CC=C1C(=O)Nc2ccccc21,0.0000000,0.0000,0.3195867,0.3196,0.9608368,2.9153,7
30.1740,30.1460,-30.1341,0.0000934,COc1cccc(F)c1-c1ccc(C2C3CN(C(=O)C4CCC(O)CC4)CC2N3)cc1,1,O=C(C1CCCCC1)N1CC2NC(C1)C2c1ccc(-c2ccccc2)cc1,0.0000000,0.0000,0.2466446,0.2466,0.8101792,4.0546,7
26.1444,26.6193,-26.6081,0.0000876,CC(=O)N1CCCC(Cc2ccccc2)(Cc2ccccc2)C1,1,c1ccc(CC2(Cc3ccccc3)CCCNC2)cc1,0.0000000,0.0000,0.1814576,0.1815,0.9882788,2.1111,7
27.8730,29.6249,-29.6112,0.0001067,Cn1c(=NC(=O)c2cc(O)n(-c3ccccc3)c2)n(C)c2ccccc21,1,O=C(N=c1[nH]c2ccccc2[nH]1)c1ccn(-c2ccccc2)c1,0.0000000,0.0000,0.3322219,0.3322,0.9670486,2.7986,7
19.1350,20.6810,-20.6683,0.0000988,[O-][S+](C=Cc1ccccc1)Cc1ccccc1,1,C(=Cc1ccccc1)[SH+]Cc1ccccc1,0.0000000,0.0000,0.2667452,0.2667,0.9458038,3.1373,7
18.2049,19.5666,-19.5561,0.0000822,c1ccc(OCCCCCCN2CCN(c3ccccc3)CC2)cc1,1,c1ccc(OCCCCCCN2CCN(c3ccccc3)CC2)cc1,0.0000000,0.0000,0.1493876,0.1494,0.9938146,1.6911,7
30.3690,36.0714,-36.0537,0.0001383,CN1C(=O)NC(=O)C2C(NC(=O)OC(C)(C)C)C2C1=O,1,O=C1NC(=O)C2CC2C(=O)N1,0.0000000,0.0000,0.7638150,0.7638,0.8805930,3.6984,7
25.5079,26.4877,-26.4763,0.0000890,CCOC(=O)c1c(-c2ccccc2)c2c(C)cccc2oc1=O,1,O=c1cc(-c2ccccc2)c2ccccc2o1,0.0000000,0.0000,0.1902352,0.1902,0.9880163,2.1257,7
18.7744,32.6758,-32.6672,0.0000674,CC(C=CC(O)=CC=CC(=O)C=CC1=C(C)CCCC1(C)C)=CC(=O)O,1,C1=CCCCC1,0.0000000,0.0000,0.0864771,0.0865,0.9116069,3.4799,7
40.2038,39.4837,-39.4701,0.0001060,COC(=O)c1c(OC)nn(-c2cc(Cl)cc(Cl)c2)c(=O)c1C=CC#N,1,O=c1cccnn1-c1ccccc1,0.0000000,0.0000,0.3271153,0.3271,0.9578232,2.9657,7
25.8527,25.8553,-25.8413,0.0001091,CNC1CC(n2cnc3c(=NCc4cccc(Br)c4)[nH]cnc32)C1,1,c1ccc(CN=c2[nH]cnc3c2ncn3C2CCC2)cc1,0.0000000,0.0000,0.3607243,0.3607,0.9417480,3.1871,7
22.8570,23.4213,-23.4057,0.0001217,CC(=O)N1CCc2c(sc(NC(=O)C3COc4ccccc4O3)c2C(N)=O)C1,1,O=C(Nc1cc2c(s1)CNCC2)C1COc2ccccc2O1,0.0000000,0.0000,0.4951326,0.4951,0.9590940,2.9449,7
39.9555,42.3390,-42.3301,0.0000690,CC1=C2CC3C(=CC(=O)C(=O)C2(C)CCC1)OC(=O)C3(C)Sc1ccccc1,1,O=C1C=C2OC(=O)C(Sc3ccccc3)C2CC2=CCCCC2C1=O,0.0000000,0.0000,0.1080996,0.1081,0.6977979,4.4549,7
36.7371,34.4979,-34.4879,0.0000781,O=C(O)c1cn(CCCCOc2ccc(-c3ccon3)cc2)c2ccc(F)cc2c1=O,1,O=c1ccn(CCCCOc2ccc(-c3ccon3)cc2)c2ccccc12,0.0000000,0.0000,0.1293442,0.1293,0.9808101,2.4372,7
41.2081,41.9228,-41.9066,0.0001266,CN1CCN(S(C)(=O)=O)C(C(=O)N=c2sc3cc(F)ccc3n2C)C1C(O)=NO,1,O=C(N=c1[nH]c2ccccc2s1)C1CNCCN1,0.0000000,0.0000,0.6134560,0.6135,0.8104057,4.0537,7
26.7630,26.0350,-26.0180,0.0001327,NC(=O)CN(CC1CCCO1)C(=O)C1(c2ccccc2)CC1,1,O=C(NCC1CCCO1)C1(c2ccccc2)CC1,0.0000000,0.0000,0.6396544,0.6397,0.9643805,2.8512,7
20.1045,22.9029,-22.8967,0.0000481,COc1cc(C=C2C(=O)N(c3ccccc3)N=C2c2ccccc2)ccc1OCc1ccccc1,1,O=C1C(=Cc2ccc(OCc3ccccc3)cc2)C(c2ccccc2)=NN1c1ccccc1,0.0000000,0.0000,0.0300240,0.0300,0.9865943,2.1997,7
30.3773,31.3058,-31.2910,0.0001158,CN(C(=O)CC1CCCC1)C1c2ccccc2CC1N,1,O=C(CC1CCCC1)NC1CCc2ccccc21,0.0000000,0.0000,0.4318456,0.4318,0.9387897,3.2214,7
28.3563,28.8841,-28.8721,0.0000943,O=C(O)C1CCN(C(=O)CC2CCC3(CC2)CCN(c2cccnc2)CC3)CC1,1,O=C(CC1CCC2(CC1)CCN(c1cccnc1)CC2)N1CCCCC1,0.0000000,0.0000,0.2312791,0.2313,0.9545654,3.0164,7
22.7516,22.2619,-22.2486,0.0001038,COc1ccc(-c2onc(C)c2C)cc1S(=O)(=O)N1CCCCC1,1,O=S(=O)(c1cccc(-c2ccno2)c1)N1CCCCC1,0.0000000,0.0000,0.3029369,0.3029,0.9855781,2.2480,7
23.9917,23.3976,-23.3867,0.0000853,CCn1cc(C(=O)O)c(=O)c2cc(F)c(N3CCN(c4nc5ccccc5s4)CC3)cc21,1,O=c1cc[nH]c2cc(N3CCN(c4nc5ccccc5s4)CC3)ccc12,0.0000000,0.0000,0.1685540,0.1686,0.9799861,2.4652,7
32.2443,34.0067,-33.9924,0.0001113,CC1(C)Oc2cc3c(cc2C(OC2OC=CC(O)C2O)C1=CC#N)OCO3,1,C=C1COc2cc3c(cc2C1OC1CCC=CO1)OCO3,0.0000000,0.0000,0.5039022,0.5039,0.5812797,4.7863,7
52.4929,52.3689,-52.3689,0.0000000,c1ccc2n3c4c5c(c6c-7c(c(=O)n6c5)C3)c4ccc12,0,,0.0000000,0.0000,0.0000000,0.0000,0.0000000,0.0000,7
47.0226,48.1097,-48.0993,0.0000813,CNCC1CN(c2nc(F)c(F)c(Oc3ccc(NCc4ccccc4)cc3)c2F)CC(O)C1n1cncn1,1,c1ccc(CNc2ccc(Oc3ccnc(N4CCC(n5cncn5)CC4)c3)cc2)cc1,0.0000000,0.0000,0.1627843,0.1628,0.8085585,4.0615,7
25.4292,26.1671,-26.1497,0.0001363,Cc1cn2c3c(nc2cn1)CNCC3,1,c1cn2c3c(nc2cn1)CNCC3,0.0000000,0.0000,0.6982147,0.6982,0.9518920,3.0554,8
22.9405,23.4528,-23.4414,0.0000893,CCN1C(NCc2ccccc2OC)=NC(c2ccc(F)cc2)C(C(=O)OC)=C1C,1,C1=CC(c2ccccc2)N=C(NCc2ccccc2)N1,0.0000000,0.0000,0.1956879,0.1957,0.9583365,2.9574,8
26.7535,30.7211,-30.7022,0.0001479,CN(C)CCNC(=O)C#CCN(C)CCO,1,,0.0000000,0.0000,0.8898860,0.8899,0.9585244,2.9543,8
27.5417,28.4481,-28.4359,0.0000955,c1ccc(N2CCN(c3c4c(nc5ccccc35)NCC4)CC2)cc1,1,c1ccc(N2CCN(c3c4c(nc5ccccc35)NCC4)CC2)cc1,0.0000000,0.0000,0.2355537,0.2356,0.9846348,2.2899,8
16.1434,19.1902,-19.1717,0.0001445,CCOC(=O)CCN(C)C,1,,0.0000000,0.0000,0.8136239,0.8136,0.9924120,1.8252,8
29.8278,31.5940,-31.5794,0.0001138,CC(C)n1cnc2c(Cl)c(N3CCCC3)ncc2c1=O,1,O=c1[nH]cnc2cc(N3CCCC3)ncc12,0.0000000,0.0000,0.4019193,0.4019,0.9730117,2.6646,8
26.5585,26.0335,-26.0182,0.0001195,COc1cc2c(cc1OC)CN(Cc1cc(C)cc[n+]1[O-])CC2,1,c1ccc(CN2CCc3ccccc3C2)[nH+]c1,0.0000000,0.0000,0.4648614,0.4649,0.9745932,2.6242,8
26.3225,25.5042,-25.4890,0.0001186,COc1ccc(C(=O)N2CCc3cc(O)ccc32)c(O)c1,1,O=C(c1ccccc1)N1CCc2ccccc21,0.0000000,0.0000,0.4504087,0.4504,0.9891099,2.0627,8
23.9724,24.7671,-24.7566,0.0000822,COc1ccc2c(c1)C(NC(=O)Nc1ccccc1F)CC(C)(C)O2,1,O=C(Nc1ccccc1)NC1CCOc2ccccc21,0.0000000,0.0000,0.1510390,0.1510,0.9739203,2.6417,8
21.4646,21.1546,-21.1372,0.0001363,CC(=O)Oc1ccc([N+](=O)[O-])cc1N,1,c1ccccc1,0.0000000,0.0000,0.6834651,0.6835,0.9893916,2.0454,8
23.8456,25.1355,-25.1191,0.0001281,O=C(SCC(=S)NC1CC1)N1CCCC1,1,O=C(SCC(=S)NC1CC1)N1CCCC1,0.0000000,0.0000,0.5765263,0.5765,0.9616852,2.9005,8
26.0068,28.1153,-28.0976,0.0001382,COc1ccc(CNC(=O)C2(N(C)C)CCN(CC(N)=O)CC2)cc1,1,O=C(NCc1ccccc1)C1CCNCC1,0.0000000,0.0000,0.7153604,0.7154,0.9820164,2.3941,8
25.4451,27.7763,-27.7666,0.0000759,COc1cccc(CN2C(=O)C(=Cc3ccc(F)cc3)C(=O)N(Cc3ccccc3)C2=O)c1,1,O=C1C(=Cc2ccccc2)C(=O)N(Cc2ccccc2)C(=O)N1Cc1ccccc1,0.0000000,0.0000,0.1180390,0.1180,0.9868916,2.1849,8
14.7014,18.0146,-17.9984,0.0001270,CC1(C)N=C(N)N=C(N)N1OCCCOc1cccc(Cl)c1,1,C1=NC=NCN1OCCCOc1ccccc1,0.0000000,0.0000,0.5603257,0.5603,0.9675961,2.7874,8
25.8522,27.4308,-27.4256,0.0000403,CC(C)=CC=C(OCC=C(C)CCC=C(C)C)c1c(O)c(O)c2ccccc2c1O,1,c1ccc2ccccc2c1,0.0000000,0.0000,0.0182061,0.0182,0.9369360,3.2421,8
13.7278,16.9036,-16.8869,0.0001299,CC1(C)OC(=O)C(Cc2ccccc2)C(=O)O1,1,O=C1OCOC(=O)C1Cc1ccccc1,0.0000000,0.0000,0.5938776,0.5939,0.9827608,2.3661,8
23.3498,25.2667,-25.2500,0.0001307,O=C1CCc2cc3c(cc2N1)S(=O)(=O)C=C3,1,O=C1CCc2cc3c(cc2N1)S(=O)(=O)C=C3,0.0000000,0.0000,0.6196254,0.6196,0.9420477,3.1835,8
21.5972,24.9422,-24.9270,0.0001186,CCC1(CC)N=C(C(C#N)C#N)C(C#N)=C1C,1,C1=CCN=C1,0.0000000,0.0000,0.5086641,0.5087,0.8002712,4.0958,8
20.9533,25.7499,-25.7351,0.0001156,CC(C)=CCC=C1N=C(c2ccco2)OC1=O,1,C=C1N=C(c2ccco2)OC1=O,0.0000000,0.0000,0.4270393,0.4270,0.9510087,3.0679,8
27.7035,28.9490,-28.9339,0.0001186,Cc1nc2ncnn2c2c1CN(CCC(C)(C)C)C(=O)N2C,1,O=C1NCc2cnc3ncnn3c2N1,0.0000000,0.0000,0.4622174,0.4622,0.9469770,3.1222,8
27.7567,25.8863,-25.8735,0.0001006,COc1ccc(S(=O)(=O)N2CCCN(C(=O)c3ccc(Br)cc3)CC2)cc1,1,O=C(c1ccccc1)N1CCCN(S(=O)(=O)c2ccccc2)CC1,0.0000000,0.0000,0.2743050,0.2743,0.9921983,1.8434,8
41.0650,45.5526,-45.5464,0.0000481,CC(C)=CC=CC1=CCC2(C)C(CC(O)C3C2CC(O)C2(C)C(C(C)CCCN(C)C)CCC32)C1O,1,C1=CCC2C(C1)CCC1C3CCCC3CCC21,0.0000000,0.0000,0.0493983,0.0494,0.4150246,5.2236,8
21.9760,22.4456,-22.4309,0.0001151,C=CCOC(=O)C1C(C)=NC(=S)NC1c1ccccc1F,1,S=C1N=CCC(c2ccccc2)N1,0.0000000,0.0000,0.4330481,0.4330,0.9033449,3.5441,8
20.9459,20.5555,-20.5390,0.0001290,Cn1cccc1C(=O)N1CCN(S(=O)(=O)c2ccccc2)CC1,1,O=C(c1ccc[nH]1)N1CCN(S(=O)(=O)c2ccccc2)CC1,0.0000000,0.0000,0.5791453,0.5791,0.9902276,1.9914,8
44.2498,44.0983,-44.0800,0.0001427,CC(C)NCCCNc1c(NC(CO)C(CC(=O)O)NC(=O)CCC(=O)O)c(=O)c1=O,1,O=c1ccc1=O,0.0000000,0.0000,0.8295476,0.8295,0.8954124,3.6012,8
26.5973,25.5488,-25.5402,0.0000673,CC(C)(C)OC(=O)N1C2CCCC1CC(NC(=O)c1cccc3ccccc13)C2,1,O=C(NC1CC2CCCC(C1)N2)c1cccc2ccccc12,0.0000000,0.0000,0.0874864,0.0875,0.8899705,3.6382,8
20.7874,24.8571,-24.8475,0.0000753,O=C1NC(=Cc2ccc(Oc3ccccc3)cc2)C(=O)N1Cc1ccccc1,1,O=C1NC(=Cc2ccc(Oc3ccccc3)cc2)C(=O)N1Cc1ccccc1,0.0000000,0.0000,0.1153897,0.1154,0.9902168,1.9921,8
24.2377,30.7302,-30.7128,0.0001356,CN(C=CC=NC(C)(C)C)CCO,1,,0.0000000,0.0000,0.7183359,0.7183,0.8818954,3.6903,8
26.9042,28.0961,-28.0781,0.0001409,Cc1ccc(S(N)(=O)=O)cc1C(=O)NC(C)C(=O)O,1,c1ccccc1,0.0000000,0.0000,0.7572998,0.7573,0.9828961,2.3609,8
19.1179,22.3236,-22.3106,0.0001013,CN1CCN(C(=O)C(C2CCCCC2)C2CCCCC2)CC1,1,O=C(C(C1CCCCC1)C1CCCCC1)N1CCNCC1,0.0000000,0.0000,0.2818815,0.2819,0.9816861,2.4062,8
26.5826,28.7339,-28.7193,0.0001144,CCOC(=O)NC1CCN(CCC(=O)c2cccc(C)c2)CC1,1,O=C(CCN1CCCCC1)c1ccccc1,0.0000000,0.0000,0.4043783,0.4044,0.9898956,2.0134,8
28.7897,30.0687,-30.0516,0.0001335,C=C(C)CSc1n[nH]c2nc(=N)cc(N)n12,1,N=c1ccn2cn[nH]c2n1,0.0000000,0.0000,0.6836478,0.6836,0.8860772,3.6637,8
16.0215,17.2050,-17.1902,0.0001157,CN(C)N=Nc1ccccc1Cl,1,c1ccccc1,0.0000000,0.0000,0.4203811,0.4204,0.9787449,2.5052,8
25.4945,28.8034,-28.7871,0.0001278,CC(c1ccccc1)N1CCN(CC(=O)N(C)CCC#N)CC1,1,c1ccc(CN2CCNCC2)cc1,0.0000000,0.0000,0.5674341,0.5674,0.9755132,2.5995,8
34.6150,37.5722,-37.5557,0.0001292,CN(C(=O)C(Cc1ccccc1)NC(=O)CCC1CCNCC1)C1COC1,1,O=C(CCC1CCNCC1)NC(Cc1ccccc1)C(=O)NC1COC1,0.0000000,0.0000,0.5915079,0.5915,0.9615648,2.9026,8
14.0477,45.7018,39.4412,0.6651795,CCCN(C=CC=CC(O)=C1C(=O)NC(=O)N(c2ccccc2)C1=O)CCC,1,C=C1C(=O)NC(=O)N(c2ccccc2)C1=O,1.0000000,1.0000,0.3013805,0.3014,0.9593504,2.9406,8
30.8923,30.3843,-30.3803,0.0000317,Oc1c(N=Nc2cccc(Cl)c2)c2ccccc2n1Cc1ccc2ccccc2c1,1,c1ccc(N=Nc2cn(Cc3ccc4ccccc4c3)c3ccccc23)cc1,0.0000000,0.0000,0.0086693,0.0087,0.9798277,2.4704,8
23.0745,22.5524,-22.5397,0.0000991,Cc1ccc(-n2nccn2)c(C(=O)N2CCC2c2noc(-c3ccc(C)o3)n2)c1,1,O=C(c1ccccc1-n1nccn1)N1CCC1c1noc(-c2ccco2)n1,0.0000000,0.0000,0.2720290,0.2720,0.9287543,3.3273,8
31.4457,30.8094,-30.7953,0.0001098,N=C(N=C(N)N=c1[nH]c(=O)cc(C(F)(F)F)s1)Nc1ccc(Cl)cc1,1,N=C(N=CN=c1[nH]c(=O)ccs1)Nc1ccccc1,0.0000000,0.0000,0.3740370,0.3740,0.9135788,3.4638,8
24.3633,29.7117,-29.6940,0.0001388,OCC#CCN=CN1CCCCO1,1,C1CCONC1,0.0000000,0.0000,0.8153117,0.8153,0.7982249,4.1041,8
25.5562,27.4968,-27.4812,0.0001219,CC(C=Cc1cccs1)=NN(C)C(N)=S,1,c1ccsc1,0.0000000,0.0000,0.5064697,0.5065,0.9320779,3.2938,8
23.0760,22.8957,-22.8837,0.0000937,CC1CCN(C(=O)c2ccc(NC(=O)Cc3ccc([N+](=O)[O-])cc3)cc2)CC1,1,O=C(Cc1ccccc1)Nc1ccc(C(=O)N2CCCCC2)cc1,0.0000000,0.0000,0.2217567,0.2218,0.9912998,1.9150,8
21.6701,21.2655,-21.2497,0.0001235,CCc1cc(NC2=NCCN2)ccc1Cl,1,c1ccc(NC2=NCCN2)cc1,0.0000000,0.0000,0.5107931,0.5108,0.9812628,2.4214,8
28.1743,27.9053,-27.8903,0.0001168,Cc1ccc(N2CCC(c3nnc4cnc5[nH]ccc5n34)CC2)nn1,1,c1cnnc(N2CCC(c3nnc4cnc5[nH]ccc5n34)CC2)c1,0.0000000,0.0000,0.4372334,0.4372,0.9613847,2.9058,8
24.5465,23.5730,-23.5608,0.0000956,Cc1ccc(C)c(N(CC(=O)NC2CCCC2)S(=O)(=O)c2ccccc2)c1,1,O=C(CN(c1ccccc1)S(=O)(=O)c1ccccc1)NC1CCCC1,0.0000000,0.0000,0.2356417,0.2356,0.9891490,2.0603,8
43.3040,41.0227,-41.0101,0.0000989,CCC(C)(N)C(=O)OC1(C(O)CN2CCC3(CC2)CN(c2ccccc2OC)CC3C)CC1,1,c1ccc(N2CCC3(CCN(CCC4CC4)CC3)C2)cc1,0.0000000,0.0000,0.3373882,0.3374,0.6309131,4.6507,8
22.3364,21.9765,-21.9648,0.0000915,Oc1ccccc1-c1nnc2n1N=C(c1ccccc1Cl)CS2,1,c1ccc(C2=Nn3c(nnc3-c3ccccc3)SC2)cc1,0.0000000,0.0000,0.2084408,0.2084,0.9767473,2.5650,8
27.9589,33.5215,-33.5091,0.0000968,C=C1NC(O)C(=C)CC1=CC=C1CCCC2(C)C(O)CCC12,1,C=C1CNC(=C)C(=CC=C2CCCC3CCCC23)C1,0.0000000,0.0000,0.3329793,0.3330,0.5782371,4.7944,8
25.8881,29.5761,-29.5618,0.0001120,C=C(C)CC1CCN(C(=O)CC(C)C)CC1,1,C1CCNCC1,0.0000000,0.0000,0.3802980,0.3803,0.9844936,2.2959,8
20.4804,23.4469,-23.4297,0.0001343,N#CC(c1ccccc1)N1C(=O)C=CC1=O,1,O=C1C=CC(=O)N1Cc1ccccc1,0.0000000,0.0000,0.6687315,0.6687,0.9527500,3.0431,8
22.7058,23.4156,-23.4028,0.0001003,CCCCCNC(=O)c1oc2ccccc2c1C,1,c1ccc2occc2c1,0.0000000,0.0000,0.2717505,0.2718,0.9923856,1.8274,8
34.6816,38.4752,-38.4752,0.0000000,COc1ccc(NC(N2CC=C(c3cc4c(-c5cccc(N6C(=O)c7c(F)cc(C8CC8)cc7OCC6)c5)nccn43)CC2)=O)cc1,0,,0.0000000,0.0000,0.0000000,0.0000,0.0000000,0.0000,8
33.2062,32.5928,-32.5841,0.0000676,O=C(c1cccs1)N1CCC2(CC1)C(=O)N(C1CCCC1)C(=O)N2Cc1ccccc1Cl,1,O=C(c1cccs1)N1CCC2(CC1)C(=O)N(C1CCCC1)C(=O)N2Cc1ccccc1,0.0000000,0.0000,0.0853174,0.0853,0.9536418,3.0301,8
26.5204,26.2449,-26.2278,0.0001340,NC(N)=Nc1ccc(NCN2C(=O)c3cccnc3C2=O)cc1,1,O=C1c2cccnc2C(=O)N1CNc1ccccc1,0.0000000,0.0000,0.6541727,0.6542,0.9778075,2.5339,8
20.6135,30.6144,-30.5959,0.0001446,CC(C)=C1C(=O)NC(=O)C1=C(C#N)C(N)=O,1,C=C1C(=C)C(=O)NC1=O,0.0000000,0.0000,0.8365178,0.8365,0.9466101,3.1269,8
17.9481,18.9865,-18.9695,0.0001334,N=c1[nH]c(=NCCc2ccccc2)[nH]c2c1ncn2C1OC(CO)C(O)C1O,1,N=c1[nH]c(=NCCc2ccccc2)[nH]c2c1ncn2C1CCCO1,0.0000000,0.0000,0.7473683,0.7474,0.7560884,4.2630,8
27.0055,28.4703,-28.4523,0.0001400,CN(C)c1ccc(S(=O)(=O)N(C)CCNS(C)(=O)=O)cc1,1,c1ccccc1,0.0000000,0.0000,0.7424210,0.7424,0.9864473,2.2069,8
17.0532,17.1169,-17.1009,0.0001250,CCC1OC(=O)c2ccccc21,1,O=C1OCc2ccccc21,0.0000000,0.0000,0.5310192,0.5310,0.9762156,2.5801,8
23.4033,25.1575,-25.1401,0.0001359,CN1CCN(c2ncnc3c[nH]c(=NCCN4CCOCC4)cc23)CC1,1,c1nc(N2CCNCC2)c2cc(=NCCN3CCOCC3)[nH]cc2n1,0.0000000,0.0000,0.6947296,0.6947,0.9484479,3.1028,8
24.8019,27.0177,-26.9991,0.0001452,CC(C)C(N)CN1C(=O)CNC1=O,1,O=C1CNC(=O)N1,0.0000000,0.0000,0.8503841,0.8504,0.9397964,3.2099,8
27.3981,30.1530,-30.1438,0.0000720,CCCCCC=CCC=CCC=CC=CCC1OC1(C)CO,1,C1CO1,0.0000000,0.0000,0.1131001,0.1131,0.8058832,4.0727,8
24.9427,24.5137,-24.4999,0.0001074,COCCN=c1[nH]c(=Nc2cccc(C)c2C)[nH]c2ccccc12,1,N=c1[nH]c(=Nc2ccccc2)[nH]c2ccccc12,0.0000000,0.0000,0.3433393,0.3433,0.9464781,3.1286,8
34.5184,38.1696,-38.1696,0.0000000,O=C1CC(CCC)(CCC)OC(=O)C1Sc1nn2c(n1)c(C(O)=O)cn2,0,,0.0000000,0.0000,0.0000000,0.0000,0.0000000,0.0000,8
24.1079,25.6230,-25.6095,0.0001053,N=C(N)NCCCC1NC(CNC(=O)c2cc3ccccc3s2)CCN(Cc2ccccc2)C1=O,1,O=C(NCC1CCN(Cc2ccccc2)C(=O)CN1)c1cc2ccccc2s1,0.0000000,0.0000,0.3290873,0.3291,0.9168868,3.4360,8
33.5746,35.6610,-35.6463,0.0001147,c1ccc(=Nc2ccc3c(n2)C(NCC2CCOC2)CC3)[nH]c1,1,c1ccc(=Nc2ccc3c(n2)C(NCC2CCOC2)CC3)[nH]c1,0.0000000,0.0000,0.4598963,0.4599,0.8012654,4.0917,8
32.9201,34.0136,-33.9981,0.0001212,CC(=NNC(N)=O)c1ccc(N2CCC(F)(F)C2)c(C)c1,1,c1ccc(N2CCCC2)cc1,0.0000000,0.0000,0.4846243,0.4846,0.9741132,2.6367,8
23.7131,24.8658,-24.8561,0.0000760,COc1cc2c(cc1OC)C(c1ccccc1)N(CCCCNS(=O)(=O)c1ccccc1)CC2,1,O=S(=O)(NCCCCN1CCc2ccccc2C1c1ccccc1)c1ccccc1,0.0000000,0.0000,0.1197935,0.1198,0.9719714,2.6899,8
23.4850,25.0474,-25.0317,0.0001227,CN(C)CCCN=c1nc2nc(-c3ccccc3)cnc2c[nH]1,1,N=c1nc2nc(-c3ccccc3)cnc2c[nH]1,0.0000000,0.0000,0.5087808,0.5088,0.9547652,3.0134,8
10.3343,44.5687,-44.5687,0.0000000,CN1C(=O)C(=C(O)C=CC=CN2CCOCC2)C(=O)N(C)C1=O,1,O=C1NC(=O)C(=CC=CC=CN2CCOCC2)C(=O)N1,1.0000000,1.0000,0.7196373,0.7196,0.9388744,3.2204,8
25.8372,32.2506,-32.2336,0.0001329,CC(C)=C1C=Cn2c(=O)n(C(C)C)c(=O)n2C1=O,1,C=C1C=Cn2c(=O)[nH]c(=O)n2C1=O,0.0000000,0.0000,0.6769441,0.6769,0.8813337,3.6938,8
16.9226,17.4231,-17.4094,0.0001071,O=C(C=Cc1ccccc1)Nc1ccc2c(c1)OCCO2,1,O=C(C=Cc1ccccc1)Nc1ccc2c(c1)OCCO2,0.0000000,0.0000,0.3310395,0.3310,0.9918725,1.8703,8
8.7461,40.2791,72.0808,0.8778114,O=C1NC(=O)C(=C(O)C=CC=CN2CCCCC2)C(=O)N1,1,O=C1NC(=O)C(=CC=CC=CN2CCCCC2)C(=O)N1,1.0000000,1.0000,0.6986422,0.6986,0.9449534,3.1480,8
27.2983,29.0390,-29.0218,0.0001346,CCn1sc(=NC(=O)c2ccco2)n(C)c1=O,1,O=C(N=c1[nH]c(=O)[nH]s1)c1ccco1,0.0000000,0.0000,0.6792999,0.6793,0.9348946,3.2643,8
24.7769,32.4222,-32.4083,0.0001086,C=C1C(O)C(O)C(CC=CCCCC(=O)O)C1CCC=CCCC(=O)O,1,C=C1CCCC1,0.0000000,0.0000,0.4084717,0.4085,0.7382592,4.3245,8
28.8454,29.4979,-29.4905,0.0000578,CCCCC1(CCCC(=O)O)CC(CCc2ccccc2)C(=O)N(c2ccccc2)C1=O,1,O=C1CCC(CCc2ccccc2)C(=O)N1c1ccccc1,0.0000000,0.0000,0.0540568,0.0541,0.9303355,3.3116,8
18.9457,21.3667,-21.3540,0.0000993,COc1cccc(N2C(=N)C(=S)N(c3ccccc3)C2=O)c1,1,N=C1C(=S)N(c2ccccc2)C(=O)N1c1ccccc1,0.0000000,0.0000,0.2649453,0.2649,0.9839903,2.3171,8
55.8332,57.0942,-57.0779,0.0001273,CCC(=O)C(NC(=O)C(NC(=O)C1CC(C)CN1Cc1ccccc1)C(O)C1CN(CC)C(=O)O1)C(N)O,1,O=C1NCC(CCNC(=O)C2CCCN2Cc2ccccc2)O1,0.0000000,0.0000,0.6979455,0.6979,0.6662346,4.5497,8
31.8178,31.6828,-31.6743,0.0000662,COc1ccc(-n2c(-c3ccc(F)cc3)c(C)c3ccc(N4CCN(C)CC4)nc32)cc1,1,c1ccc(-c2cc3ccc(N4CCNCC4)nc3n2-c2ccccc2)cc1,0.0000000,0.0000,0.0786548,0.0787,0.9827152,2.3679,8
28.3700,27.5035,-27.4923,0.0000878,c1ccc(C2(COCc3cnsc3)CCCC2)cc1,1,c1ccc(C2(COCc3cnsc3)CCCC2)cc1,0.0000000,0.0000,0.1844855,0.1845,0.9697272,2.7416,8
39.4144,40.0938,-40.0801,0.0001073,CC(C)(CN1CCCC1)NC(=O)c1cc2cc(S(=O)(=O)N=c3cc[nH]cn3)ccc2s1,1,O=C(NCCN1CCCC1)c1cc2cc(S(=O)(=O)N=c3cc[nH]cn3)ccc2s1,0.0000000,0.0000,0.3444546,0.3445,0.9359512,3.2529,8
29.9352,32.7735,-32.7567,0.0001309,COC1CC(=O)C=CC1(O)NC(=O)C=Cc1ccc2c(c1)OCO2,1,O=C1C=CC(NC(=O)C=Cc2ccc3c(c2)OCO3)CC1,0.0000000,0.0000,0.6504361,0.6504,0.8739917,3.7383,8
20.8996,21.7366,-21.7186,0.0001411,C1COC2CCCN2C1,1,C1COC2CCCN2C1,0.0000000,0.0000,0.7734771,0.7735,0.9564935,2.9868,8
18.0114,23.2456,-23.2303,0.0001191,C=C(Br)C(=O)Nc1ccc(C=C2C(=O)N(C)C(=O)N(C)C2=O)cc1,1,O=C1NC(=O)C(=Cc2ccccc2)C(=O)N1,0.0000000,0.0000,0.4594573,0.4595,0.9767954,2.5637,8
25.5066,25.7917,-25.7796,0.0000944,CCN(CC)CCOc1ccc2c(c1)c(C#N)cn2-c1ccc(C(=O)O)c(O)c1,1,c1ccc(-n2ccc3ccccc32)cc1,0.0000000,0.0000,0.2283303,0.2283,0.9773878,2.5464,8
37.8910,38.6061,-38.5958,0.0000801,COCC1C(NC(=O)c2ccc3[nH]nc(-c4ccc5ccsc5c4)c3c2)C=CCN1C,1,O=C(NC1C=CCNC1)c1ccc2[nH]nc(-c3ccc4ccsc4c3)c2c1,0.0000000,0.0000,0.1500862,0.1501,0.8606400,3.8140,8
25.8093,28.1209,-28.1027,0.0001419,CN(C(N)=O)C1CCCCC1N,1,C1CCCCC1,0.0000000,0.0000,0.7995033,0.7995,0.9286761,3.3281,8
26.1769,27.8897,-27.8820,0.0000600,CCCCCCCCCC(=O)Oc1c(OC)cc(OC)c2c1C(=O)c1ccccc1C2=O,1,O=C1c2ccccc2C(=O)c2ccccc21,0.0000000,0.0000,0.0584312,0.0584,0.9824935,2.3763,8
16.8514,20.3242,-20.3155,0.0000679,CNC(=O)C=C(C)C=CC=C(C)C=CC1=C(C)CCCC1(C)C,1,C1=CCCCC1,0.0000000,0.0000,0.0871412,0.0871,0.9393111,3.2154,8
56.8243,58.1724,-58.1612,0.0000875,CC(=O)OCC1(COC(C)=O)OCC(OC(=O)C2=C(C=O)COC3(O2)C(=Nc2cccc(C)c2)SCC3O)C(OC(C)=O)C1OC(C)=O,1,O=C(OC1CCCOC1)C1=CCOC2(CCSC2=Nc2ccccc2)O1,0.0000000,0.0000,0.4159063,0.4159,0.2303886,5.7857,8
13.9268,18.9866,-18.9710,0.0001220,COc1ccc(C2CC(C)=NN2C(C)=O)cc1,1,C1=NNC(c2ccccc2)C1,0.0000000,0.0000,0.4941518,0.4942,0.9740844,2.6374,8
27.6148,26.3056,-26.2968,0.0000691,O=C(NCC1CCN(CCc2ccc(Cl)cc2)CC1)NC12CC3CC(CC(C3)C1)C2,1,O=C(NCC1CCN(CCc2ccccc2)CC1)NC12CC3CC(CC(C3)C1)C2,0.0000000,0.0000,0.0935183,0.0935,0.9083350,3.5059,8
24.1228,25.9488,-25.9349,0.0001087,CC(=O)NCC1CN(c2ccc(-c3ccc(CC#N)cc3)cc2)C(=O)O1,1,O=C1OCCN1c1ccc(-c2ccccc2)cc1,0.0000000,0.0000,0.3496509,0.3497,0.9724315,2.6788,8
43.3842,42.7847,-42.7785,0.0000481,CCCCCCCCCCCCCCNC(C)CNC(=O)C(Cc1ccoc1)NC(=O)c1ccccc1,1,O=C(NCCc1ccoc1)c1ccccc1,0.0000000,0.0000,0.0309800,0.0310,0.9409643,3.1963,8
34.1176,34.9666,-34.9504,0.0001267,Cn1c(C(C)(C)C)nc(C(=O)N2CCCC(n3ccncc3=O)C2)c(O)c1=O,1,O=C(c1cc(=O)[nH]cn1)N1CCCC(n2ccncc2=O)C1,0.0000000,0.0000,0.5714819,0.5715,0.9225252,3.3863,8
24.6172,22.3695,-22.3602,0.0000721,COc1cc(OC)cc(N(CC2CC2)c2ccc3ncc(-c4cnn(CCN(C)C)c4)nc3c2)c1,1,c1ccc(N(CC2CC2)c2ccc3ncc(-c4cn[nH]c4)nc3c2)cc1,0.0000000,0.0000,0.1026059,0.1026,0.9644739,2.8494,8
35.4113,34.6701,-34.6606,0.0000743,Cc1nc(-c2ccccc2)c(-c2cn(-c3ccccc3C(=O)NCC3CC3)nn2)s1,1,O=C(NCC1CC1)c1ccccc1-n1cc(-c2scnc2-c2ccccc2)nn1,0.0000000,0.0000,0.1113294,0.1113,0.9797329,2.4735,8
26.3018,26.7821,-26.7650,0.0001336,Cc1ccc2cc(C)n(CC(O)CNCCO)c2c1,1,c1ccc2[nH]ccc2c1,0.0000000,0.0000,0.6523152,0.6523,0.9669896,2.7998,8
27.1179,30.1103,-30.0985,0.0000919,CN1C(=O)N(c2ccccc2OC2CCN(C(=O)OC(C)(C)C)CC2)C(=O)C1(C)C,1,O=C1CNC(=O)N1c1ccccc1OC1CCNCC1,0.0000000,0.0000,0.2111627,0.2112,0.9757596,2.5928,8
59.5618,62.1746,-62.1663,0.0000645,COC(=O)C1C(=O)C=C(C)C12C=CC1=C(CC3C2C(C)(O)C(C)OC3(C)C)N1c1ccccc1,1,O=C1C=CC2(C=CC3=C(CC4COCCC42)N3c2ccccc2)C1,0.0000000,0.0000,0.1359664,0.1360,0.3298953,5.4616,8
24.0937,47.6933,-47.6764,0.0001318,CN1C(=O)C(=C([N-]N=Cc2ccc3c(c2)OCO3)C(=O)O)C(=O)N(C)C1=O,1,O=C1NC(=O)C(=C[N-]N=Cc2ccc3c(c2)OCO3)C(=O)N1,0.0000000,0.0000,0.6471027,0.6471,0.9127193,3.4709,8
16.0853,16.7165,-16.6990,0.0001368,COc1ccc(NC2=NCCN2)cc1,1,c1ccc(NC2=NCCN2)cc1,0.0000000,0.0000,0.6906686,0.6907,0.9884384,2.1021,8
17.7610,18.7178,-18.7021,0.0001230,CN1CCCC2Cc3cc(O)ccc3CC21,1,c1ccc2c(c1)CC1CCCNC1C2,0.0000000,0.0000,0.5141616,0.5142,0.9493080,3.0913,8
28.3385,28.3307,-28.3170,0.0001071,Cn1cnc2ccc(-c3cccc(OCC(O)CN4CCCCC4CO)c3)cc21,1,c1cc(OCCCN2CCCCC2)cc(-c2ccc3nc[nH]c3c2)c1,0.0000000,0.0000,0.3404880,0.3405,0.9449844,3.1476,8
30.3046,28.8321,-28.8219,0.0000797,O=S(=O)(N=c1[nH]ccs1)c1ccc(N=c2[nH]c3c(Br)cccc3s2)cc1,1,O=S(=O)(N=c1[nH]ccs1)c1ccc(N=c2[nH]c3ccccc3s2)cc1,0.0000000,0.0000,0.1439252,0.1439,0.9046990,3.5339,8
21.7839,23.2437,-23.2297,0.0001098,Cn1nc(-c2ccccc2)c2c1C(=O)CCCC2,1,O=C1CCCCc2c(-c3ccccc3)n[nH]c21,0.0000000,0.0000,0.3578908,0.3579,0.9875247,2.1523,8
28.4388,29.0340,-29.0261,0.0000611,COc1ccc(-c2cncc3ccccc23)cc1Nc1ccccc1C(=O)O,1,c1ccc(Nc2cccc(-c3cncc4ccccc34)c2)cc1,0.0000000,0.0000,0.0615224,0.0615,0.9890243,2.0678,8
31.4153,30.7545,-30.7368,0.0001386,CN1c2ccc(CCNS(=O)(=O)N(C)C)cc2CS1(=O)=O,1,O=S1(=O)Cc2ccccc2N1,0.0000000,0.0000,0.7307181,0.7307,0.9608107,2.9158,8
31.3189,32.3305,-32.3147,0.0001239,CC1CCN(C(=O)C(CCNC(=O)c2ccc(Cl)cc2)NS(C)(=O)=O)CC1,1,O=C(NCCCC(=O)N1CCCCC1)c1ccccc1,0.0000000,0.0000,0.5178267,0.5178,0.9741200,2.6365,8
26.0624,28.2668,-28.2556,0.0000872,CC1=NC(=O)NC(c2ccc(C)cc2)C1C(=O)N(C(C)C)C1CCCC1,1,O=C1N=CC(C(=O)NC2CCCC2)C(c2ccccc2)N1,0.0000000,0.0000,0.1876385,0.1876,0.9130589,3.4681,8
24.1997,23.2842,-23.2682,0.0001254,Cc1cc(C)c(Cc2[nH]c(=O)[nH]c2O)c(C)c1,1,O=c1[nH]cc(Cc2ccccc2)[nH]1,0.0000000,0.0000,0.5370442,0.5370,0.9723253,2.6814,8
17.4771,19.6853,-19.6668,0.0001442,N=C1NC(CN2CCOCC2)CO1,1,N=C1NC(CN2CCOCC2)CO1,0.0000000,0.0000,0.8601805,0.8602,0.8882651,3.6495,8
35.6289,36.6451,-36.6285,0.0001296,CC(C)(c1nc(=O)c2cccc(O)c2[nH]1)N1CCN(C(=O)CC#N)CC1,1,O=c1nc(CN2CCNCC2)[nH]c2ccccc12,0.0000000,0.0000,0.5976033,0.5976,0.9609557,2.9133,8
33.4476,33.5668,-33.5509,0.0001244,O=C(O)C1=Cc2ccc(C(CCO)C(=O)O)cc2CCC1,1,C1=Cc2ccccc2CCC1,0.0000000,0.0000,0.5321026,0.5321,0.9507054,3.0721,8
45.7471,52.4298,-52.4148,0.0001172,C=CC(CN1CCCCC(N=C=COC)C1=O)N1CCN(C(=O)C2(NS(C)(=O)=O)CCCCC2)CC1,1,O=C1CCCCCN1CCN1CCN(C(=O)C2CCCCC2)CC1,0.0000000,0.0000,0.5291877,0.5292,0.7013619,4.4438,8
36.0140,37.5522,-37.5446,0.0000598,CC1=CC(C)(C)OC(Nc2ccccc2)=C1C=Nc1ccc(C2=NNC(=O)CC2C)cc1,1,O=C1CCC(c2ccc(N=CC3=C(Nc4ccccc4)OCC=C3)cc2)=NN1,0.0000000,0.0000,0.0616329,0.0616,0.8842753,3.6753,8
19.5691,20.3436,-20.3297,0.0001091,OC(COc1ccccc1)CN1CCN(c2cccc(Cl)c2)CC1,1,c1ccc(OCCCN2CCN(c3ccccc3)CC2)cc1,0.0000000,0.0000,0.3511180,0.3511,0.9850211,2.2731,8
21.6862,22.5716,-22.5617,0.0000780,Cc1csc(=NC(=O)c2cc(-c3ccccc3)nc3ccccc23)[nH]1,1,O=C(N=c1[nH]ccs1)c1cc(-c2ccccc2)nc2ccccc12,0.0000000,0.0000,0.1289591,0.1290,0.9755516,2.5985,8
28.6287,28.8532,-28.8372,0.0001243,O=C(Cc1ccc(OCCN2CCCCC2)cc1)NCCS,1,c1ccc(OCCN2CCCCC2)cc1,0.0000000,0.0000,0.5182873,0.5183,0.9897010,2.0259,8
17.5663,17.5520,-17.5363,0.0001229,CCSc1nnc(-c2ccncc2)o1,1,c1cc(-c2nnco2)ccn1,0.0000000,0.0000,0.5027937,0.5028,0.9853748,2.2573,8
26.8218,40.4809,-40.4647,0.0001260,COc1ccc2c(c(C(C#N)=C3C(=O)N(C)C(=O)N(C)C3=O)cn2C)c1O,1,O=C1NC(=O)C(=Cc2c[nH]c3ccccc23)C(=O)N1,0.0000000,0.0000,0.5524498,0.5524,0.9512056,3.0651,8
26.0890,25.6923,-25.6819,0.0000812,O=C(O)c1ccc(C=CC(=O)c2cccc(-c3cccnc3)c2)cc1,1,O=C(C=Cc1ccccc1)c1cccc(-c2cccnc2)c1,0.0000000,0.0000,0.1442631,0.1443,0.9908776,1.9461,8
29.2130,36.5710,-36.5575,0.0001049,C=C1C(=O)OC2(O)C3C(=O)C(=C)C12C(O)CC3(C)C,1,C=C1C(=O)OC2C3CCCC12C(=C)C3=O,0.0000000,0.0000,0.7309774,0.7310,0.2225153,5.8150,8
22.4069,23.3742,-23.3592,0.0001170,CN1CCN(CC(=O)Nc2ccccc2C(=O)Nc2ccc(F)cc2)CC1,1,O=C(CN1CCNCC1)Nc1ccccc1C(=O)Nc1ccccc1,0.0000000,0.0000,0.4319426,0.4319,0.9929620,1.7758,8
12.9164,39.1101,60.1083,0.7751434,CCCCN(C)C=CC=CC(O)=C1C(=O)OC(C)(C)OC1=O,1,C=C1C(=O)OCOC1=O,1.0000000,1.0000,0.4872680,0.4873,0.9239788,3.3729,8
25.7550,24.1146,-24.1013,0.0001039,CCOc1ccc(NC(=S)NC(=O)c2ccc(OC)cc2)c([N+](=O)[O-])c1,1,O=C(NC(=S)Nc1ccccc1)c1ccccc1,0.0000000,0.0000,0.3028612,0.3029,0.9905630,1.9684,8
31.2486,31.0046,-30.9887,0.0001246,COc1cc[nH]c(=NC(=NNC(=O)c2ccccc2)C(C)C)n1,1,O=C(NN=CN=c1nccc[nH]1)c1ccccc1,0.0000000,0.0000,0.5328157,0.5328,0.9530076,3.0394,8
22.4801,24.1380,-24.1278,0.0000793,CN(C)CC1CCC2C3CCc4cc(O)ccc4C3CCC12C,1,c1ccc2c(c1)CCC1C2CCC2CCCC21,0.0000000,0.0000,0.1456638,0.1457,0.8644451,3.7931,8
23.5757,24.7282,-24.7126,0.0001222,COc1ccc(C=CC(=O)N=c2[nH]c(C(=O)O)cs2)cc1OC,1,O=C(C=Cc1ccccc1)N=c1[nH]ccs1,0.0000000,0.0000,0.5006115,0.5006,0.9615716,2.9025,8
15.5158,28.2273,-28.2099,0.0001359,O=C(O)C(O)=C1C(=O)c2ccccc2C1=O,1,C=C1C(=O)c2ccccc2C1=O,0.0000000,0.0000,0.6797705,0.6798,0.9835684,2.3343,9
23.3375,23.3570,-23.3444,0.0000980,COC(=O)c1cc2c(c(C)c1C)CCCC2(C)C,1,c1ccc2c(c1)CCCC2,0.0000000,0.0000,0.2550958,0.2551,0.9800810,2.4620,9
23.2127,22.6161,-22.6074,0.0000675,Cc1ccc(-c2ccc(CCC(=O)O)n2-c2ccc(C)cc2C)cc1,1,c1ccc(-c2cccn2-c2ccccc2)cc1,0.0000000,0.0000,0.0830894,0.0831,0.9878688,2.1338,9
19.4607,20.1735,-20.1611,0.0000968,CCOC(=O)C1=C(c2ccccc2)OC(=N)C(C#N)C1c1ccco1,1,N=C1CC(c2ccco2)C=C(c2ccccc2)O1,0.0000000,0.0000,0.2584468,0.2584,0.9005516,3.5646,9
24.7780,24.0081,-23.9931,0.0001174,CCN(C(=O)COC(=O)c1cc(Cl)c(N)cc1OC)c1c(N)n(Cc2ccccc2)c(=O)[nH]c1=O,1,O=C(COC(=O)c1ccccc1)Nc1cn(Cc2ccccc2)c(=O)[nH]c1=O,0.0000000,0.0000,0.4402648,0.4403,0.9773517,2.5475,9
28.5598,43.6332,-43.6211,0.0000946,CCC=C(O)C=CC(C=NO)=Cc1ccccc1,1,c1ccccc1,0.0000000,0.0000,0.2371497,0.2371,0.9246978,3.3662,9
33.1467,32.4857,-32.4719,0.0001084,COc1c2ccoc2c(OC)c2oc(=NN=C(C)C)c(C(=O)NCCN3CCOCC3)cc12,1,N=c1oc2cc3occc3cc2cc1C(=O)NCCN1CCOCC1,0.0000000,0.0000,0.3537284,0.3537,0.9405092,3.2016,9
24.2351,26.0711,-26.0549,0.0001264,COC(=O)c1cc2ccccc2n1CC(=O)NCC1CCCO1,1,O=C(Cn1ccc2ccccc21)NCC1CCCO1,0.0000000,0.0000,0.5490390,0.5490,0.9749102,2.6158,9
21.3382,22.4998,-22.4832,0.0001298,CN(C)S(=O)(=O)c1cccc(C(=O)NCc2ccncc2)c1,1,O=C(NCc1ccncc1)c1ccccc1,0.0000000,0.0000,0.5895665,0.5896,0.9919881,1.8608,9
30.0164,39.1553,-39.1370,0.0001428,CCN1C(=O)C(=O)C(=O)N(CCCCN2CCN(CCCO)CC2)C1=S,1,O=C1NC(=S)N(CCCCN2CCNCC2)C(=O)C1=O,0.0000000,0.0000,0.7903578,0.7904,0.9783126,2.5186,9
19.2367,21.8881,-21.8699,0.0001415,COCCNC(=O)C1C(C)=NC(=O)NC1C,1,O=C1N=CCCN1,0.0000000,0.0000,0.8090479,0.8090,0.8972845,3.5881,9
25.9852,27.6716,-27.6594,0.0000956,O=C(COc1ccccc1)Nc1ccc(N2C(=O)c3ccc([N+](=O)[O-])cc3C2=O)cc1,1,O=C(COc1ccccc1)Nc1ccc(N2C(=O)c3ccccc3C2=O)cc1,0.0000000,0.0000,0.2361318,0.2361,0.9897488,2.0229,9
11.3568,15.9804,-15.9630,0.0001353,O=C1NC(=O)C(=CC=Cc2ccccc2)C(=O)N1,1,O=C1NC(=O)C(=CC=Cc2ccccc2)C(=O)N1,0.0000000,0.0000,0.6706983,0.6707,0.9832438,2.3473,9
25.6061,45.0064,-44.9960,0.0000812,CCN(C=CC(C=COC)=C1C(=O)N(c2ccccc2Cl)N=C1C)CC,1,C=C1C=NN(c2ccccc2)C1=O,0.0000000,0.0000,0.1501394,0.1501,0.9267690,3.3466,9
24.6516,24.7204,-24.7071,0.0001039,Cc1cc(N=c2cc(C3CCCCC3)[nH][nH]2)[nH]c(=NC2CCC(O)CC2)n1,1,c1cc(N=c2cc(C3CCCCC3)[nH][nH]2)[nH]c(=NC2CCCCC2)n1,0.0000000,0.0000,0.3332129,0.3332,0.8363034,3.9375,9
33.4937,35.1263,-35.1079,0.0001437,CC(O)(CC(=O)CC(CN(O)C=O)C(=O)O)C(=O)O,1,,0.0000000,0.0000,0.8773754,0.8774,0.8445710,3.8973,9
22.2522,28.2712,-28.2544,0.0001314,CCN1C=CC(=CBr)C(=O)NC1=O,1,C=C1C=CNC(=O)NC1=O,0.0000000,0.0000,0.6497988,0.6498,0.8920447,3.6243,9
25.1502,25.0933,-25.0857,0.0000593,Cc1ccc2nc(C)c(C(=O)NCc3ccccc3)c(-c3ccccc3)c2c1,1,O=C(NCc1ccccc1)c1cnc2ccccc2c1-c1ccccc1,0.0000000,0.0000,0.0562820,0.0563,0.9912098,1.9218,9
39.6730,39.0931,-39.0842,0.0000695,Cc1nc(C(F)F)sc1C(=O)N1CCc2n[nH]c(N=c3nc[nH]c4cc(N=S5(=O)CCC5)cc(C)c34)c2C1,1,O=C(c1cncs1)N1CCc2n[nH]c(N=c3nc[nH]c4cc(N=S5(=O)CCC5)ccc34)c2C1,0.0000000,0.0000,0.1040288,0.1040,0.7774921,4.1850,9
42.5592,43.5916,-43.5799,0.0000917,CCN(CC)C(=Cc1ccccc1)C1OC(=O)CC(Nc2ccccc2)C1=O,1,O=C1CC(Nc2ccccc2)C(=O)C(C=Cc2ccccc2)O1,0.0000000,0.0000,0.2192598,0.2193,0.9045866,3.5347,9
19.2787,42.1620,-42.1436,0.0001441,CN1C(=O)C(=O)C(=C(O)C=S)C1=O,1,C=C1C(=O)NC(=O)C1=O,0.0000000,0.0000,0.8419755,0.8420,0.9197789,3.4109,9
32.9431,34.0109,-33.9936,0.0001346,CCC(=CC(O)CCCCC(=O)O)[N+](=O)[O-],1,,0.0000000,0.0000,0.6835896,0.6836,0.9266143,3.3481,9
32.0755,32.1091,-32.0978,0.0000886,Cc1cc2c(SCC(=O)N(C)CC(=O)Nc3cccc(C)c3C)ncnc2s1,1,O=C(CSc1ncnc2sccc12)NCC(=O)Nc1ccccc1,0.0000000,0.0000,0.1888333,0.1888,0.9804500,2.4496,9
19.0488,19.4126,-19.3969,0.0001226,Cc1cc2ccc[n+](C)c2cc1C,1,c1ccc2[nH+]cccc2c1,0.0000000,0.0000,0.5002682,0.5003,0.9803737,2.4522,9
25.2599,26.1272,-26.1111,0.0001255,CC1(C(=O)O)CCN(Cc2ccc(C#N)cc2F)C1,1,c1ccc(CN2CCCC2)cc1,0.0000000,0.0000,0.5412684,0.5413,0.9666166,2.8074,9
16.3816,33.3691,-33.3523,0.0001317,CN1C(=O)C(=C(O)C=Cc2ccc(O)c(O)c2)C(=O)N(C)C1=O,1,O=C1NC(=O)C(=CC=Cc2ccccc2)C(=O)N1,0.0000000,0.0000,0.6233510,0.6234,0.9704261,2.7259,9
31.8185,31.7781,-31.7609,0.0001347,CCOCCCNC(=O)C1CCN(C(=O)CN2CCC3(CC2)OCCO3)CC1,1,O=C(CN1CCC2(CC1)OCCO2)N1CCCCC1,0.0000000,0.0000,0.6715028,0.6715,0.9607771,2.9164,9
26.4625,25.7802,-25.7690,0.0000879,COCCN1CCc2c(oc3ccccc23)C1c1ccccc1,1,c1ccc(C2NCCc3c2oc2ccccc32)cc1,0.0000000,0.0000,0.1855973,0.1856,0.9670343,2.7989,9
24.5529,24.8353,-24.8207,0.0001141,COc1cccc(CNCc2cc3c(cc2[N+](=O)[O-])OCO3)c1OC,1,c1ccc(CNCc2ccc3c(c2)OCO3)cc1,0.0000000,0.0000,0.4024542,0.4025,0.9848072,2.2824,9
26.4848,29.4086,-29.3977,0.0000850,CCCC=CC=CC=CC=C(COC(=O)C=Cc1ccc(O)c(O)c1)C(=O)OC,1,c1ccccc1,0.0000000,0.0000,0.1700310,0.1700,0.9463957,3.1297,9
23.6031,23.1988,-23.1849,0.0001084,O=C1C(Cc2ccc(Cl)s2)=NC(=S)N1CN1CCCCC1,1,O=C1C(Cc2cccs2)=NC(=S)N1CN1CCCCC1,0.0000000,0.0000,0.3507619,0.3508,0.9567140,2.9833,9
23.6873,24.5706,-24.5568,0.0001076,COc1ccc(C=C2CCC(CCCN3CCN(C)CC3)C2=O)cc1,1,O=C1C(=Cc2ccccc2)CCC1CCCN1CCNCC1,0.0000000,0.0000,0.3405050,0.3405,0.9668089,2.8035,9
9.1262,39.7664,76.0754,0.9050138,CN(C)C=CC=CC(O)=C1C(=O)NC(=O)N(C)C1=O,1,C=C1C(=O)NC(=O)NC1=O,1.0000000,1.0000,0.7658286,0.7658,0.9445162,3.1534,9
34.0863,35.4596,-35.4436,0.0001244,CCCC1=NCC(c2ccc(OCC(=O)O)c(OC)c2)=NN1C(C)=O,1,C1=NCC(c2ccccc2)=NN1,0.0000000,0.0000,0.5278324,0.5278,0.9640721,2.8570,9
19.3579,22.8316,-22.8191,0.0000971,O=C(NCCCn1ccnc1)C(C=CCc1ccccc1)=NC(=O)c1ccccc1,1,O=C(NCCCn1ccnc1)C(C=CCc1ccccc1)=NC(=O)c1ccccc1,0.0000000,0.0000,0.2494803,0.2495,0.9725821,2.6752,9
18.9074,24.7531,-24.7383,0.0001156,CCCC=CC=C1C(=O)N2C1SCC(=COC(C)=O)C2C(=O)O,1,C=C1CSC2C(=C)C(=O)N2C1,0.0000000,0.0000,0.5167541,0.5168,0.6790879,4.5117,9
28.4380,33.9402,-33.9253,0.0001160,CC(O)C=CC1C(C)C=CC2=CC(O)CC(C)(O)C21O,1,C1=CC2=CCCCC2CC1,0.0000000,0.0000,0.6794203,0.6794,0.4280698,5.1887,9
17.8943,38.1047,-38.0891,0.0001218,O=C1NC(=O)C(=C(O)C=CC=Cc2ccccc2OC(F)F)C(=O)N1,1,O=C1NC(=O)C(=CC=CC=Cc2ccccc2)C(=O)N1,0.0000000,0.0000,0.4949935,0.4950,0.9625273,2.8855,9
13.2364,40.2721,62.5164,0.8030350,O=C1C(=C(O)C=CC=CN2CCNCC2)C(=O)c2ccccc21,1,O=C1C(=CC=CC=CN2CCNCC2)C(=O)c2ccccc21,1.0000000,1.0000,0.5318703,0.5319,0.9543239,3.0200,9
33.7393,35.2183,-35.2008,0.0001371,N=c1[nH]cnc2c1ncn2C1OC(C(=O)NCC(O)C(O)CCCCN)C(O)C1O,1,N=c1[nH]cnc2c1ncn2C1CCCO1,0.0000000,0.0000,0.8827168,0.8827,0.6513093,4.5930,9
22.9070,23.3408,-23.3261,0.0001147,COC(=O)c1ccccc1-n1c(C)nc2ccccc2c1=O,1,O=c1c2ccccc2ncn1-c1ccccc1,0.0000000,0.0000,0.4066538,0.4067,0.9916325,1.8894,9
19.5462,19.0115,-19.0018,0.0000759,O=C1NC(=O)C(=Cc2ccc(C=CC(=O)c3ccc(Cl)cc3)cc2)S1,1,O=C1NC(=O)C(=Cc2ccc(C=CC(=O)c3ccccc3)cc2)S1,0.0000000,0.0000,0.1184169,0.1184,0.9855964,2.2472,9
17.9380,18.3384,-18.3240,0.0001124,COc1cc(CN2CCN(Cc3ccccc3)CC2)cc(OC)c1O,1,c1ccc(CN2CCN(Cc3ccccc3)CC2)cc1,0.0000000,0.0000,0.3829544,0.3830,0.9923127,1.8337,9
29.1840,31.6645,-31.6497,0.0001157,COC(=O)N1CCc2ccc(N3CC(C)COC3=O)cc2CC1,1,O=C1OCCCN1c1ccc2c(c1)CCNCC2,0.0000000,0.0000,0.4252045,0.4252,0.9609548,2.9133,9
27.6261,26.4209,-26.4053,0.0001216,CCc1ccc2[nH]c(Cc3nc(O)c[nH]3)nc2c1,1,c1ccc2[nH]c(Cc3ncc[nH]3)nc2c1,0.0000000,0.0000,0.4946776,0.4947,0.9581671,2.9601,9
18.7997,21.0636,-21.0481,0.0001208,O=C(NCCCN1CCCCC1)C1CCN(S(=O)(=O)c2ccccc2)CC1,1,O=C(NCCCN1CCCCC1)C1CCN(S(=O)(=O)c2ccccc2)CC1,0.0000000,0.0000,0.4749693,0.4750,0.9908434,1.9486,9
28.8987,28.4011,-28.3963,0.0000380,O=C(c1c[nH]c2ccc(-c3cc(Cl)c(O)c(Cl)c3)cc2c1=Nc1ccc(CNCC(F)(F)F)nc1)C1CC1,1,O=C(c1c[nH]c2ccc(-c3ccccc3)cc2c1=Nc1cccnc1)C1CC1,0.0000000,0.0000,0.0152703,0.0153,0.9418527,3.1858,9
29.6915,29.0309,-29.0218,0.0000716,CC(=O)Nc1cc(C(F)(F)F)ccc1N1CCC(C(=O)c2ccccc2)CC1,1,O=C(c1ccccc1)C1CCN(c2ccccc2)CC1,0.0000000,0.0000,0.0991468,0.0991,0.9888552,2.0779,9
23.9999,23.8457,-23.8333,0.0000963,CC(C)(C)OC(=O)n1c(=N)[nH]c2cc(Cl)c(Cl)cc21,1,N=c1[nH]c2ccccc2[nH]1,0.0000000,0.0000,0.2452748,0.2453,0.9606976,2.9177,9
20.9179,23.7122,-23.6954,0.0001314,CCCC(C)=NNC(=O)CNC(=O)Cc1ccccc1,1,c1ccccc1,0.0000000,0.0000,0.6127028,0.6127,0.9898790,2.0145,9
21.1240,21.5081,-21.4936,0.0001133,CCN(CC)c1ccc(C=NNC(=O)c2ccc(O)cc2)c(O)c1,1,O=C(NN=Cc1ccccc1)c1ccccc1,0.0000000,0.0000,0.3936124,0.3936,0.9852501,2.2629,9
52.0756,55.5732,-55.5663,0.0000545,CC12CCC3(C)C(CCC3(C)C(=O)O)C1=CCC1=CC3CC34CC(O)CC(O)(OC4=O)C12,1,O=C1OC2CCCC13CC3C=C1CC=C3C4CCCC4CCC3C12,0.0000000,0.0000,0.2115800,0.2116,0.0624845,6.7643,9
19.0262,19.5213,-19.5070,0.0001113,O=C1c2ccccc2-c2c1c1ccccc1c(=O)n2CCN1CCOCC1,1,O=C1c2ccccc2-c2c1c1ccccc1c(=O)n2CCN1CCOCC1,0.0000000,0.0000,0.3728315,0.3728,0.9858944,2.2333,9
29.1572,29.0274,-29.0121,0.0001197,O=C(O)c1cc(-c2cn3cccnc3n2)cc(S(=O)(=O)N2CCCC2)c1,1,O=S(=O)(c1cccc(-c2cn3cccnc3n2)c1)N1CCCC1,0.0000000,0.0000,0.4650331,0.4650,0.9799209,2.4673,9
22.9794,26.6292,-26.6134,0.0001229,N#CC(C#N)=C1C=CN(CCO)C=CN1c1ccccc1,1,C=C1C=CNC=CN1c1ccccc1,0.0000000,0.0000,0.5189115,0.5189,0.9301795,3.3131,9
23.9544,29.8449,-29.8371,0.0000613,CCCCCC=CCC=CC=CC=CC=CC(=O)N1C(=O)c2ccccc2C1=O,1,O=C1NC(=O)c2ccccc21,0.0000000,0.0000,0.0634030,0.0634,0.9541553,3.0225,9
40.1801,53.3947,-53.3781,0.0001297,Cn1cc(C=C2C(=O)C(C(=O)NS(=O)(=O)C3CC3)=NN(c3ccc(Cl)cc3)C2=O)c(=O)n(C)c1=O,1,O=C(NS(=O)(=O)C1CC1)C1=NN(c2ccccc2)C(=O)C(=Cc2c[nH]c(=O)[nH]c2=O)C1=O,0.0000000,0.0000,0.6033359,0.6033,0.9466505,3.1264,9
19.8358,20.5088,-20.4931,0.0001231,COc1ccccc1C(=O)OCCN1CCCCC1,1,O=C(OCCN1CCCCC1)c1ccccc1,0.0000000,0.0000,0.5019794,0.5020,0.9937228,1.7007,9
19.6757,23.3567,-23.3377,0.0001480,COCCNC(=O)C(=O)NCCCN1CCN(C)CC1,1,C1CNCCN1,0.0000000,0.0000,0.8743811,0.8744,0.9892931,2.0515,9
18.4832,20.2517,-20.2358,0.0001239,CCc1n[nH]c(=NC(=O)c2ccc(S(=O)(=O)N3CCCC3)cc2)s1,1,O=C(N=c1[nH]ncs1)c1ccc(S(=O)(=O)N2CCCC2)cc1,0.0000000,0.0000,0.5194471,0.5194,0.9695377,2.7458,9
21.5583,22.2354,-22.2217,0.0001072,NC(=S)N=Nc1c(O)[nH]c2cc(Cl)c(F)cc12,1,c1ccc2[nH]ccc2c1,0.0000000,0.0000,0.3459733,0.3460,0.9237959,3.3746,9
23.4387,22.9927,-22.9848,0.0000624,CSc1cccc(N=c2[nH]c(-c3ccc(C)c(C)c3)cs2)c1,1,c1ccc(N=c2[nH]c(-c3ccccc3)cs2)cc1,0.0000000,0.0000,0.0663642,0.0664,0.9662604,2.8146,9
26.6048,28.0720,-28.0544,0.0001376,C=CCOC(=O)CNC(=O)c1cccc(C(=O)O)c1,1,c1ccccc1,0.0000000,0.0000,0.7022163,0.7022,0.9910414,1.9342,9
30.3724,29.5135,-29.4995,0.0001096,O=c1c(C=NC2CC2)c(O)cc2n1Cc1cc3ccccc3nc1-2,1,O=c1c(C=NC2CC2)ccc2n1Cc1cc3ccccc3nc1-2,0.0000000,0.0000,0.3619418,0.3619,0.9582263,2.9592,9
35.4459,37.0098,-37.0017,0.0000626,CCC(=O)Nc1cccc(-c2csc(C3(C(F)(F)F)Oc4ccccc4C(=O)N3C)n2)c1,1,O=C1NC(c2nc(-c3ccccc3)cs2)Oc2ccccc21,0.0000000,0.0000,0.0685714,0.0686,0.9299431,3.3155,9
37.6818,36.5612,-36.5484,0.0001001,O=C(N=C1NCCOC1F)c1cc(C23CC4CC(CC(C4)C2)C3)[nH]n1,1,O=C(N=C1COCCN1)c1cc(C23CC4CC(CC(C4)C2)C3)[nH]n1,0.0000000,0.0000,0.4360097,0.4360,0.4297123,5.1844,9
25.6167,28.5528,-28.5394,0.0001046,CC1(C)C(=O)Nc2cc3c(cc21)OCCN(Cc1ccc(C(=O)O)cc1)C3,1,O=C1Cc2cc3c(cc2N1)CN(Cc1ccccc1)CCO3,0.0000000,0.0000,0.3103887,0.3104,0.9796494,2.4763,9
24.7522,27.3460,-27.3294,0.0001303,CC1C=CC(=O)N1CCNC(=O)Nc1ccccc1,1,O=C(NCCN1CC=CC1=O)Nc1ccccc1,0.0000000,0.0000,0.6056000,0.6056,0.9651842,2.8357,9
8.9325,44.5160,74.3564,0.9286901,CN1C(=O)NC(=O)C(=C(O)C=CC=CN(CCO)CCO)C1=O,1,C=C1C(=O)NC(=O)NC1=O,1.0000000,1.0000,0.8384479,0.8384,0.9230786,3.3812,9
20.6877,21.1936,-21.1799,0.0001066,O=c1c2ccccc2sn1-c1ccc(S(=O)(=O)N2CCCC2)cc1,1,O=c1c2ccccc2sn1-c1ccc(S(=O)(=O)N2CCCC2)cc1,0.0000000,0.0000,0.3277704,0.3278,0.9853333,2.2591,9
13.6565,35.5494,-35.5346,0.0001156,Cc1ccc(C=CC=CC(O)=C2C(=O)N(C)C(=O)N(C)C2=O)s1,1,O=C1NC(=O)C(=CC=CC=Cc2cccs2)C(=O)N1,0.0000000,0.0000,0.4266288,0.4266,0.9501086,3.0804,9
31.2118,35.5412,-35.5246,0.0001294,CN(C)CC1CN(C)C(=O)N(C(=O)CCc2cccc(O)c2)C1,1,O=C(CCc1ccccc1)N1CCCNC1=O,0.0000000,0.0000,0.5990480,0.5990,0.9489925,3.0956,9
15.3127,16.2653,-16.2484,0.0001322,CN(N=O)c1ccccc1,1,c1ccccc1,0.0000000,0.0000,0.6247627,0.6248,0.9866516,2.1969,9
28.6106,29.3789,-29.3621,0.0001312,CC(=O)NC(Cc1c[nH]c2cc(C)c(O)cc12)C(=O)O,1,c1ccc2[nH]ccc2c1,0.0000000,0.0000,0.6160394,0.6160,0.9714618,2.7020,9
19.5318,22.0307,-22.0125,0.0001417,O=C(O)CCN1C(=O)NC2(CCCC2)C1=O,1,O=C1NC(=O)C2(CCCC2)N1,0.0000000,0.0000,0.7753974,0.7754,0.9716768,2.6969,9
20.0693,21.1721,-21.1564,0.0001227,CCCCCc1ccc(C(=O)NCCCO)cc1,1,c1ccccc1,0.0000000,0.0000,0.4976137,0.4976,0.9945395,1.6094,9
25.1208,24.0560,-24.0416,0.0001124,CCC1CCCCN1CCNC(=O)CN1C(=O)COc2ccc(S(=O)(=O)N3CCC(C)CC3)cc21,1,O=C(CN1C(=O)COc2ccc(S(=O)(=O)N3CCCCC3)cc21)NCCN1CCCCC1,0.0000000,0.0000,0.3922581,0.3923,0.9515059,3.0609,9
31.4043,31.0706,-31.0546,0.0001255,CN(C)C(=O)c1ccc2[nH]c(=NC(=O)Cc3sc(=O)[nH]c3O)sc2c1,1,O=C(Cc1c[nH]c(=O)s1)N=c1[nH]c2ccccc2s1,0.0000000,0.0000,0.5499613,0.5500,0.9379632,3.2307,9
24.0749,24.3255,-24.3069,0.0001450,CCC(CC)C(=O)NC(CC(N)=O)C(=O)O,1,,0.0000000,0.0000,0.8290225,0.8290,0.9780344,2.5271,9
26.5678,38.8112,-38.8008,0.0000810,O=CC(Nc1ccccc1)=C1C(=O)N(c2ccccc2)C(=O)N=C1c1ccccc1,1,O=C1N=C(c2ccccc2)C(=CNc2ccccc2)C(=O)N1c1ccccc1,0.0000000,0.0000,0.1444752,0.1445,0.9755897,2.5975,9
30.7490,31.2035,-31.1863,0.0001343,CNCc1cc(N2CCC(CN)(CO)CC2)ccc1F,1,c1ccc(N2CCCCC2)cc1,0.0000000,0.0000,0.6588440,0.6588,0.9762096,2.5803,9
50.7750,56.9781,-56.9625,0.0001218,C=CC(=O)OC1(CO)c2ccccc2C(OC(=O)C=CC2CCOC2=O)C(O)C(O)C1O,1,O=C(C=CC1CCOC1=O)OC1CCCCc2ccccc21,0.0000000,0.0000,0.7047108,0.7047,0.5199262,4.9480,9
37.7155,38.5026,-38.4990,0.0000285,CCCCC(=CCCc1c[nH]c2cccc(O)c12)CCC=C(C)CCC=C(C)C,1,c1ccc2[nH]ccc2c1,0.0000000,0.0000,0.0063495,0.0063,0.9536618,3.0298,9
21.4387,23.4971,-23.4858,0.0000881,COc1ccc(OC)c(C=CC=CC(=O)c2ccccc2)c1,1,O=C(C=CC=Cc1ccccc1)c1ccccc1,0.0000000,0.0000,0.1844675,0.1845,0.9893549,2.0477,9
28.1631,29.8651,-29.8491,0.0001244,Cc1cccc(CC=CC2C=CC(O)C2O)c1,1,C1=CC(C=CCc2ccccc2)CC1,0.0000000,0.0000,0.5592847,0.5593,0.8711092,3.7552,9
14.4239,38.7676,66.7038,0.8239950,CN(C=CC=CC(O)=C1C(=O)Oc2ccccc2C1=O)CCO,1,C=C1C(=O)Oc2ccccc2C1=O,1.0000000,1.0000,0.5777085,0.5777,0.9453961,3.1424,9
20.4827,23.1898,-23.1715,0.0001429,CN(C)CCOCCCCC(=O)O,1,,0.0000000,0.0000,0.7873377,0.7873,0.9908645,1.9471,9
20.3994,21.7930,-21.7828,0.0000799,COc1ccc(C(=O)C=Cc2ccccc2Br)c(OC)c1OC,1,O=C(C=Cc1ccccc1)c1ccccc1,0.0000000,0.0000,0.1379944,0.1380,0.9878381,2.1355,9
31.4754,31.0939,-31.0789,0.0001171,CC(=O)Oc1ccc(OC(C)=O)c2c1CC1CC=C2O1,1,C1=C2OC(C1)Cc1ccccc12,0.0000000,0.0000,0.4926612,0.4927,0.7902210,4.1360,9
24.9701,24.1029,-24.0954,0.0000585,Cc1noc(C)c1-c1ccc2[nH]cnc(=Nc3ccc(Cl)c(Cl)c3)c2c1,1,c1ccc(N=c2nc[nH]c3ccc(-c4cnoc4)cc23)cc1,0.0000000,0.0000,0.0549879,0.0550,0.9630694,2.8756,9
20.0139,22.9457,-22.9279,0.0001394,CCOC(=O)N1C(=O)C(C)=C(C)C1=O,1,O=C1C=CC(=O)N1,0.0000000,0.0000,0.7354170,0.7354,0.9781125,2.5247,9
9.5846,39.4154,50.4674,0.7022095,O=C1C(=C(O)C=CC=CN2CCCC2)C(=O)c2ccccc21,1,O=C1C(=CC=CC=CN2CCCC2)C(=O)c2ccccc21,1.0000000,1.0000,0.3535903,0.3536,0.9639946,2.8584,9
21.3815,22.6462,-22.6344,0.0000923,O=C1CCC=C(c2cccc3ccccc23)C1,1,O=C1CCC=C(c2cccc3ccccc23)C1,0.0000000,0.0000,0.2127496,0.2127,0.9852434,2.2632,9
22.6671,23.0559,-23.0387,0.0001346,CCCCn1cc[n+](CC#N)c1C,1,c1c[nH+]c[nH]1,0.0000000,0.0000,0.6793208,0.6793,0.9345607,3.2678,9
25.9479,25.6910,-25.6768,0.0001108,C#CC1(C(=O)NCc2ccccc2)OC(=O)N(C(C)c2ccc(F)cc2)C1=O,1,O=C(NCc1ccccc1)C1OC(=O)N(Cc2ccccc2)C1=O,0.0000000,0.0000,0.3842091,0.3842,0.9117786,3.4785,9
17.8795,23.6080,-23.5933,0.0001148,CC=CC1=NC(=O)NC(c2ccccc2)C1C(=O)OCC,1,O=C1N=CCC(c2ccccc2)N1,0.0000000,0.0000,0.4312841,0.4313,0.8999607,3.5689,9
31.5096,35.2559,-35.2457,0.0000801,CCNc1cc(C=CC(=O)C=CC=Cc2nccs2)cs1,1,O=C(C=CC=Cc1nccs1)C=Cc1ccsc1,0.0000000,0.0000,0.1454452,0.1454,0.9091812,3.4993,9
27.2336,25.7940,-25.7840,0.0000782,COc1ccc(C(=O)COC(=O)c2cc(-c3cccnc3)nc3ccccc23)cc1,1,O=C(COC(=O)c1cc(-c2cccnc2)nc2ccccc12)c1ccccc1,0.0000000,0.0000,0.1291271,0.1291,0.9900454,2.0036,9
29.1388,28.0643,-28.0533,0.0000860,CCc1nc2ccc(C(=O)Nc3ccc(F)cc3F)cn2c1N(C)C1CC1,1,O=C(Nc1ccccc1)c1ccc2ncc(NC3CC3)n2c1,0.0000000,0.0000,0.1728245,0.1728,0.9771608,2.5531,9
33.9271,34.3978,-34.3920,0.0000452,Cc1ccccc1-c1nc(COc2ccc3cc4c(cc3n2)OC(C)(C)CC4)cs1,1,c1ccc(-c2nc(COc3ccc4cc5c(cc4n3)OCCC5)cs2)cc1,0.0000000,0.0000,0.0251876,0.0252,0.9736537,2.6485,9
48.0736,48.2301,-48.2214,0.0000683,CCCOc1cc2c(CC3(C)C(=O)Nc4c(C)cc(C)cc43)cn(O)c2cc1F,1,O=C1Nc2ccccc2C1Cc1c[nH]c2ccccc12,0.0000000,0.0000,0.0900264,0.0900,0.9104238,3.4894,9
20.7424,20.9183,-20.9044,0.0001086,CCOC(=O)c1[nH]c(C)c(C(=O)Nc2ccccc2)c1C,1,O=C(Nc1ccccc1)c1cc[nH]c1,0.0000000,0.0000,0.3451493,0.3451,0.9920600,1.8549,9
22.9874,25.1151,-25.1061,0.0000706,CC1CN(C(C)CO)C(=O)c2cccc(NC(=O)C3CCCCC3)c2OC1CN(C)CCc1ccccc1,1,O=C1NCCC(CNCCc2ccccc2)Oc2c(NC(=O)C3CCCCC3)cccc21,0.0000000,0.0000,0.0991994,0.0992,0.9136980,3.4628,9
23.8160,22.5856,-22.5684,0.0001342,Cc1ccc(S(=O)(=O)N=c2nc[nH][nH]2)cc1C,1,O=S(=O)(N=c1nc[nH][nH]1)c1ccccc1,0.0000000,0.0000,0.6709533,0.6710,0.9426877,3.1758,9
25.7853,28.0520,-28.0338,0.0001422,NC(=O)c1cn(C2(CO)CCOC2)cn1,1,c1cn(C2CCOC2)cn1,0.0000000,0.0000,0.8420415,0.8420,0.8570231,3.8334,9
19.9294,21.0047,-20.9911,0.0001069,COc1ccc(C=CC(=O)c2ccc3c(c2)OCCO3)cc1O,1,O=C(C=Cc1ccccc1)c1ccc2c(c1)OCCO2,0.0000000,0.0000,0.3302164,0.3302,0.9876989,2.1430,9
25.4587,25.8300,-25.8203,0.0000763,CC(C)C(CN1CCN(c2ccccc2)CC1)NC(=O)c1cc2ccccc2s1,1,O=C(NCCN1CCN(c2ccccc2)CC1)c1cc2ccccc2s1,0.0000000,0.0000,0.1209921,0.1210,0.9746405,2.6229,9
36.1084,37.7172,-37.7172,0.0000000,CC(C)N(CCC(CC(C)C)C(C(=O)N1C(C(=O)NC(C)(C)C)C(C)(C)SC1)N)=O,0,,0.0000000,0.0000,0.0000000,0.0000,0.0000000,0.0000,9
22.3005,22.7200,-22.7030,0.0001327,CS(=O)(=O)N1CCC(c2nc3c(C(N)=O)cccc3[nH]2)CC1,1,c1ccc2[nH]c(C3CCNCC3)nc2c1,0.0000000,0.0000,0.6326626,0.6327,0.9821903,2.3877,9
27.4620,26.3628,-26.3485,0.0001115,N=c1ncc(-c2cc3c(-c4cccc(N5CCOCC5)c4)[nH]nc3cn2)c[nH]1,1,N=c1ncc(-c2cc3c(-c4cccc(N5CCOCC5)c4)[nH]nc3cn2)c[nH]1,0.0000000,0.0000,0.3834299,0.3834,0.9499439,3.0826,9
11.4417,31.7581,72.2751,0.8127596,CN(C=CC=CC(O)=C1C(=O)c2ccccc2C1=O)CCO,1,C=C1C(=O)c2ccccc2C1=O,1.0000000,1.0000,0.5512517,0.5513,0.9548577,3.0120,9
32.4991,30.1126,-30.1034,0.0000721,O=C(NC1CCN(Cc2ccc(F)c(F)c2)C1)c1ccc(-c2ccc([N+](=O)[O-])cc2)s1,1,O=C(NC1CCN(Cc2ccccc2)C1)c1ccc(-c2ccccc2)s1,0.0000000,0.0000,0.1022937,0.1023,0.9696565,2.7432,9
46.9845,49.2328,-49.2173,0.0001211,[N-]=[N+]=Nc1cccc(COC2OC3(C(=O)O)C(OC(CC(=O)O)(C(=O)O)C3O)C(O)C(O)C2O)c1,1,c1ccc(COC2CCCC3OCCC3O2)cc1,0.0000000,0.0000,0.7546656,0.7547,0.4469981,5.1386,9
26.4769,28.1606,-28.1477,0.0001006,CC=C1N=C(C)C(C(=O)OCCC)C(c2ccncc2)C1C(=O)OCC,1,C=C1CC(c2ccncc2)CC=N1,0.0000000,0.0000,0.2992310,0.2992,0.8502035,3.8690,9
19.7566,19.9157,-19.9053,0.0000809,CCCNC(=NO)c1ccc(C)nc1Oc1cccc(C(C)C)c1,1,c1ccc(Oc2ccccn2)cc1,0.0000000,0.0000,0.1441326,0.1441,0.9773368,2.5479,9
28.7420,36.6313,-36.6133,0.0001406,N#CC1CC(N2CCN(CCN3C(=O)CCC3=O)CC2)OC1=O,1,O=C1CCC(N2CCN(CCN3C(=O)CCC3=O)CC2)O1,0.0000000,0.0000,0.8061500,0.8061,0.8713202,3.7540,9
33.0750,34.7150,-34.6998,0.0001187,CCOC(=O)C1CCCN(C(=O)N=c2[nH]c3c(s2)CC(N2CCOCC2)CC3)C1,1,O=C(N=c1[nH]c2c(s1)CC(N1CCOCC1)CC2)N1CCCCC1,0.0000000,0.0000,0.4952480,0.4952,0.8424702,3.9077,9
28.8464,31.0874,-31.0734,0.0001096,CC(O)(CN1CCN(c2ccc(N=Cc3ccccc3O)cc2)OC1=O)Cn1cncn1,1,O=C1ON(c2ccc(N=Cc3ccccc3)cc2)CCN1CCCn1cncn1,0.0000000,0.0000,0.3831166,0.3831,0.8678743,3.7738,9
20.1900,19.9649,-19.9483,0.0001293,CCCOC(=O)c1ccc(O)c(OC)c1,1,c1ccccc1,0.0000000,0.0000,0.5815630,0.5816,0.9938409,1.6883,9
19.9808,25.7407,-25.7287,0.0000936,CC=CC=Cc1cc(-c2ccccc2)oc(=O)c1,1,O=c1cccc(-c2ccccc2)o1,0.0000000,0.0000,0.2225271,0.2225,0.9801988,2.4581,9
25.3497,24.8801,-24.8710,0.0000708,Oc1cc(Oc2ncc(Cl)cc2Cl)ccc1CN1CCCCC1,1,c1ccc(Oc2ccc(CN3CCCCC3)cc2)nc1,0.0000000,0.0000,0.0958271,0.0958,0.9862807,2.2150,9
33.7545,32.4051,-32.3960,0.0000714,Cc1ccc(NC(=O)CCCc2nnc3c4ccccc4c(C)cn23)c(C)c1,1,O=C(CCCc1nnc2c3ccccc3ccn12)Nc1ccccc1,0.0000000,0.0000,0.0984643,0.0985,0.9849588,2.2758,9
22.2707,23.8197,-23.8029,0.0001318,CC(=NN=C(N)N)c1ccc(C(=O)N=c2[nH]ccs2)cc1,1,O=C(N=c1[nH]ccs1)c1ccccc1,0.0000000,0.0000,0.6360172,0.6360,0.9413469,3.1918,9
17.9445,19.7825,-19.7650,0.0001367,OCCN(CCO)Cc1ccccc1Cl,1,c1ccccc1,0.0000000,0.0000,0.6894154,0.6894,0.9904994,1.9728,9
32.2420,35.5182,-35.5036,0.0001138,CC(C)NC(=O)N1CC(C)C(c2ccccc2)(C(C)O)OC1=O,1,O=C1NCCC(c2ccccc2)O1,0.0000000,0.0000,0.4340244,0.4340,0.8511276,3.8642,9
21.4565,21.8226,-21.8130,0.0000754,Cc1ccc(C(=NO)N2CCc3ccccc32)c(Oc2cccc(F)c2)n1,1,N=C(c1cccnc1Oc1ccccc1)N1CCc2ccccc21,0.0000000,0.0000,0.1161350,0.1161,0.9796314,2.4768,9
18.3252,23.7119,-23.6936,0.0001432,O=C(O)C=CC=CC(=O)NC1CC1,1,C1CC1,0.0000000,0.0000,0.7972164,0.7972,0.9792058,2.4906,9
34.4802,34.3918,-34.3751,0.0001303,COC(=O)C(CCCN=C(N)N)NC(=O)C(Cc1c[nH]cn1)NC(=O)C(Cc1ccccc1)NC(=O)C(CC(C)C)NC(C)=O,1,O=C(CCc1ccccc1)NCCc1c[nH]cn1,0.0000000,0.0000,0.6593019,0.6593,0.8327427,3.9543,9
39.0773,39.3019,-39.2881,0.0001072,Cc1c(CCC(=O)NCCc2ccccc2)c(=O)oc2sc(CCC(N)=O)cc12,1,O=C(CCc1cc2ccsc2oc1=O)NCCc1ccccc1,0.0000000,0.0000,0.3359384,0.3359,0.9738147,2.6444,10
25.2692,32.0930,-32.0772,0.0001233,CNC(C)C(=O)NC1C(=O)N(CC(=O)O)c2ccccc2N(CC(=O)N(c2ccccc2)C(C)C)C1=O,1,O=C(CN1C(=O)CC(=O)Nc2ccccc21)Nc1ccccc1,0.0000000,0.0000,0.5275273,0.5275,0.9202314,3.4069,10
20.7209,23.4630,-23.4504,0.0000983,O=C(CCCN1C(=O)SC(=Cc2ccccc2)C1=O)NC1CCCC1,1,O=C(CCCN1C(=O)SC(=Cc2ccccc2)C1=O)NC1CCCC1,0.0000000,0.0000,0.2568129,0.2568,0.9881868,2.1163,10
25.3893,25.0280,-25.0118,0.0001273,O=C(COC(=O)c1cccc(S(=O)(=O)N2CCOCC2)c1)Nc1ccc2[nH]c(=O)[nH]c2c1,1,O=C(COC(=O)c1cccc(S(=O)(=O)N2CCOCC2)c1)Nc1ccc2[nH]c(=O)[nH]c2c1,0.0000000,0.0000,0.5585059,0.5585,0.9838274,2.3238,10
25.1343,24.3178,-24.3047,0.0001028,CCOC(=O)c1c(S(=O)(=O)N2CCC(C(=O)N3CCc4ccccc4C3)CC2)c(C)n(C)c1C,1,O=C(C1CCN(S(=O)(=O)c2cc[nH]c2)CC1)N1CCc2ccccc2C1,0.0000000,0.0000,0.2952238,0.2952,0.9773948,2.5462,10
34.8162,36.2591,-36.2418,0.0001352,CC(C)(NC(=O)Cn1cc2c(c1O)C(O)CCC2)C(=O)O,1,c1[nH]cc2c1CCCC2,0.0000000,0.0000,0.6991299,0.6991,0.9129547,3.4689,10
27.5271,28.7886,-28.7696,0.0001487,CC(=O)NCCCCC(NC(=O)C(N)CN)C(=O)O,1,,0.0000000,0.0000,0.9014814,0.9015,0.9613801,2.9059,10
27.8275,27.1867,-27.1712,0.0001207,CCOc1ccc2[nH]c(=NC(=O)Cc3nc(C)no3)sc2c1,1,O=C(Cc1ncno1)N=c1[nH]c2ccccc2s1,0.0000000,0.0000,0.4832400,0.4832,0.9584630,2.9553,10
24.2280,23.0178,-23.0037,0.0001106,CCC(=O)N(Cc1ccccc1)c1cccc(-c2nn[nH]n2)c1,1,c1ccc(CNc2cccc(-c3nn[nH]n3)c2)cc1,0.0000000,0.0000,0.3659692,0.3660,0.9870585,2.1765,10
38.1855,37.3870,-37.3837,0.0000254,O=C(O)CCc1ccc2cc(-c3cc4c(-c5ccccc5)cc(-c5ccccc5)cc4[nH]3)ccc2c1,1,c1ccc(-c2cc(-c3ccccc3)c3cc(-c4ccc5ccccc5c4)[nH]c3c2)cc1,0.0000000,0.0000,0.0044120,0.0044,0.9846696,2.2884,10
28.1443,32.6547,-32.6382,0.0001293,C=CC1C(CCC=CCCC(=O)O)C(O)C(O)C(O)C1OC1OC(CN)C(O)C(O)C1O,1,C1CCC(OC2CCCCO2)CC1,0.0000000,0.0000,0.8392919,0.8393,0.5229404,4.9402,10
20.4760,19.9860,-19.9724,0.0001065,O=C(Nc1ccccc1)c1ccc(F)c(F)c1,1,O=C(Nc1ccccc1)c1ccccc1,0.0000000,0.0000,0.3243265,0.3243,0.9962202,1.3687,10
37.7783,37.1596,-37.1516,0.0000629,COCc1cc(C(F)(F)F)nc2c(-c3ccc4oc(N5CCOCC5)cc(=O)c4c3)cccc12,1,O=c1cc(N2CCOCC2)oc2ccc(-c3cccc4cccnc34)cc12,0.0000000,0.0000,0.0679837,0.0680,0.9657581,2.8245,10
23.0455,41.8500,-41.8317,0.0001426,CC(=O)OCOC(CN(C)C)=C1C(=O)N(C)C(=O)N(C)C1=O,1,C=C1C(=O)NC(=O)NC1=O,0.0000000,0.0000,0.8021596,0.8022,0.9494047,3.0900,10
22.0869,24.5118,-24.4934,0.0001440,CCN1CCC2(CC1)C(=O)NC(=O)NC2=O,1,O=C1NC(=O)C2(CCNCC2)C(=O)N1,0.0000000,0.0000,0.8234474,0.8234,0.9523165,3.0494,10
34.0400,34.0243,-34.0118,0.0000979,COc1ccc2c(=O)c3cc4c(cc3ncc2c1OCCCC[N+](C)(C)C)OCO4,1,O=c1c2ccccc2cnc2cc3c(cc12)OCO3,0.0000000,0.0000,0.2559335,0.2559,0.9691626,2.7540,10
24.5547,34.1770,-34.1584,0.0001449,CN(C=CC=CC(=O)N[N+](=O)[O-])CCO,1,,0.0000000,0.0000,0.8634560,0.8635,0.9067191,3.5185,10
20.5512,21.1537,-21.1370,0.0001301,Cc1cc2nc(CCO)[nH]c2cc1C,1,c1ccc2[nH]cnc2c1,0.0000000,0.0000,0.5961317,0.5961,0.9854991,2.2516,10
24.2861,28.8802,-28.8634,0.0001312,CC1=CC=COC1C=CC(=O)O,1,C1=CCOC=C1,0.0000000,0.0000,0.6938916,0.6939,0.7897881,4.1377,10
26.2869,25.9641,-25.9560,0.0000636,CN(C)CCOc1ccc(N=c2c(C#N)c[nH]c3sc(-c4ccc(F)cc4)cc23)cc1,1,c1ccc(N=c2cc[nH]c3sc(-c4ccccc4)cc23)cc1,0.0000000,0.0000,0.0707133,0.0707,0.9599770,2.9301,10
35.2947,35.6130,-35.6043,0.0000682,COc1ccc(C(=O)NC2CN(C)CCCC2NC(=O)c2ccc3[nH]nc(-c4cncc(F)c4)c3c2)cc1C(F)(F)F,1,O=C(NC1CCCNCC1NC(=O)c1ccccc1)c1ccc2[nH]nc(-c3cccnc3)c2c1,0.0000000,0.0000,0.0908885,0.0909,0.8940274,3.6108,10
51.8114,50.4017,-50.3898,0.0000930,CNC(=O)C12CC3(ON)Nc4ccccc4C1(NC1CCCCC1)c1ccccc1CN32,1,c1ccc2c(c1)CN1C3CC1C2(NC1CCCCC1)c1ccccc1N3,0.0000000,0.0000,0.3537423,0.3537,0.4218795,5.2052,10
21.3505,21.7662,-21.7502,0.0001248,CCN1CCCC1CNC(=O)c1ccccc1C,1,O=C(NCC1CCCN1)c1ccccc1,0.0000000,0.0000,0.5254446,0.5254,0.9846978,2.2872,10
25.0835,27.7966,-27.7804,0.0001268,CC1CC(=O)c2sc(=NC(=O)C(C)N3CCOCC3)[nH]c2C1,1,O=C(CN1CCOCC1)N=c1[nH]c2c(s1)C(=O)CCC2,0.0000000,0.0000,0.6208639,0.6209,0.8002270,4.0960,10
24.0176,22.4449,-22.4322,0.0000991,COc1ccc(NC(=O)C(NC(=O)c2ccco2)c2ccccc2)cc1,1,O=C(NC(C(=O)Nc1ccccc1)c1ccccc1)c1ccco1,0.0000000,0.0000,0.2632924,0.2633,0.9843379,2.3026,10
30.7668,33.1346,-33.1161,0.0001452,CNC(=O)C(NC(=O)C(=O)NC(=O)C1CCN1)C(C)(C)C,1,C1CNC1,0.0000000,0.0000,0.8613295,0.8613,0.9184214,3.4228,10
15.1612,18.8339,-18.8181,0.0001239,CC=CC=CC(=O)NCc1ccccc1,1,c1ccccc1,0.0000000,0.0000,0.5127655,0.5128,0.9895015,2.0386,10
24.8632,25.5911,-25.5779,0.0001028,CC(=O)N1CCCN(c2c(NC(=O)c3nc(-c4c(F)cccc4F)sc3N)cnn2C)CC1,1,O=C(Nc1cn[nH]c1N1CCCNCC1)c1csc(-c2ccccc2)n1,0.0000000,0.0000,0.2977394,0.2977,0.9651897,2.8356,10
24.0449,24.5629,-24.5481,0.0001161,Cc1cc(C)c(CNC(=O)c2cccc(C)c2C)c(=O)[nH]1,1,O=C(NCc1ccc[nH]c1=O)c1ccccc1,0.0000000,0.0000,0.4223614,0.4224,0.9885828,2.0938,10
23.7790,23.8488,-23.8394,0.0000739,NCCCCOc1cccc(N=c2c3ccccc3[nH]c3ccccc23)c1,1,c1ccc(N=c2c3ccccc3[nH]c3ccccc23)cc1,0.0000000,0.0000,0.1095921,0.1096,0.9820980,2.3911,10
28.9295,29.6886,-29.6725,0.0001261,COc1cccc(OCC(=O)NCCc2cc(=O)n3ccsc3n2)c1,1,O=C(COc1ccccc1)NCCc1cc(=O)n2ccsc2n1,0.0000000,0.0000,0.5426251,0.5426,0.9857873,2.2383,10
27.2972,28.0602,-28.0422,0.0001406,COC(=O)COc1[nH]c(=NC(C)=O)nc(C)c1C#N,1,N=c1nccc[nH]1,0.0000000,0.0000,0.7829844,0.7830,0.9188155,3.4194,10
26.6818,25.0827,-25.0738,0.0000691,COCCCn1c(O)c2[nH]nc(-c3ccc(O)c(OC)c3)c2c1-c1ccc(Cl)cc1,1,c1ccc(-c2n[nH]c3c[nH]c(-c4ccccc4)c23)cc1,0.0000000,0.0000,0.0899175,0.0899,0.9704098,2.7263,10
24.5701,26.8778,-26.8622,0.0001216,C=CCSc1cc2c(cc1C)C(=O)C(=O)N2,1,O=C1Nc2ccccc2C1=O,0.0000000,0.0000,0.4915950,0.4916,0.9689127,2.7594,10
31.7476,31.7377,-31.7222,0.0001211,Cc1ccnn1CC(=O)Nc1ccc(CNC(C)C)cc1,1,O=C(Cn1cccn1)Nc1ccccc1,0.0000000,0.0000,0.4788263,0.4788,0.9902488,1.9900,10
19.2653,21.6253,-21.6142,0.0000871,O=C1C(=NCc2ccccc2Cl)C(Cl)C(=O)c2ccccc21,1,O=C1CC(=NCc2ccccc2)C(=O)c2ccccc21,0.0000000,0.0000,0.1820567,0.1821,0.9545662,3.0164,10
21.5493,25.9625,-25.9439,0.0001452,CCC1(O)CCN(C(=O)CO)CC1,1,C1CCNCC1,0.0000000,0.0000,0.8314879,0.8315,0.9776685,2.5381,10
27.1897,28.3390,-28.3308,0.0000645,O=C(O)COCC1CCC(CNC(=O)N(Cc2ccc(F)cc2)c2nc3ccccc3s2)CC1,1,O=C(NCC1CCCCC1)N(Cc1ccccc1)c1nc2ccccc2s1,0.0000000,0.0000,0.0728426,0.0728,0.9770404,2.5566,10
18.3900,19.1580,-19.1413,0.0001307,CC(=O)NCC1CN(c2ccc(N3CCOCC3)c(F)c2)C(=O)O1,1,O=C1OCCN1c1ccc(N2CCOCC2)cc1,0.0000000,0.0000,0.6099382,0.6099,0.9689256,2.7592,10
21.0823,22.7094,-22.6919,0.0001368,CN1CN(CCCN2CCOCC2)CSC1=S,1,S=C1NCN(CCCN2CCOCC2)CS1,0.0000000,0.0000,0.7006441,0.7006,0.9654229,2.8311,10
30.0597,29.8031,-29.7964,0.0000521,O=C(O)CCCCn1c(=O)n(C2CC3CCCC(C2)N3C2CC3CCCCC(C3)C2)c(=O)c2ccccc21,1,O=c1[nH]c2ccccc2c(=O)n1C1CC2CCCC(C1)N2C1CC2CCCCC(C2)C1,0.0000000,0.0000,0.0547353,0.0547,0.5265655,4.9307,10
20.2603,20.7304,-20.7143,0.0001262,C=CCn1c(=O)oc2ccc(C)cc21,1,O=c1[nH]c2ccccc2o1,0.0000000,0.0000,0.5433097,0.5433,0.9848852,2.2790,10
22.8790,24.2579,-24.2450,0.0001013,CN1C(=O)SC(=Cc2cc(Cl)cc(Cl)c2O)C1=O,1,O=C1NC(=O)C(=Cc2ccccc2)S1,0.0000000,0.0000,0.2824631,0.2825,0.9791173,2.4934,10
43.8135,48.8362,-48.8208,0.0001203,COc1c(C(=O)NN(C)CCOCCO)cc2c(c1-c1cnc[nH]1)OC(C)(C)C=C2,1,C1=Cc2cccc(-c3cnc[nH]3)c2OC1,0.0000000,0.0000,0.4923873,0.4924,0.9123350,3.4740,10
23.0911,24.5094,-24.4955,0.0001080,O=C(O)C(=O)Cc1nc2ccccc2n1Cc1ccc(Cl)cc1,1,c1ccc(Cn2cnc3ccccc32)cc1,0.0000000,0.0000,0.3400890,0.3401,0.9888752,2.0767,10
27.4305,27.6871,-27.6783,0.0000686,CCCCCCCCCCCCCCCCCC(C)(O)C(O)C(=O)O,1,,0.0000000,0.0000,0.0892312,0.0892,0.9497300,3.0856,10
32.8628,32.8975,-32.8871,0.0000811,CC1CCN(CCCN=c2[nH]cnc3c2nc(-c2ccccc2)n3CCCCn2ccnc2)CC1,1,c1ccc(-c2nc3c(=NCCCN4CCCCC4)[nH]cnc3n2CCCCn2ccnc2)cc1,0.0000000,0.0000,0.1472213,0.1472,0.9505930,3.0737,10
30.4593,30.3028,-30.2931,0.0000762,COc1ccc(-n2cnc(COC(=O)CCCCCCCCCCCN)c2)cc1,1,c1ccc(-n2ccnc2)cc1,0.0000000,0.0000,0.1195943,0.1196,0.9835193,2.3363,10
31.0533,33.4539,-33.4350,0.0001483,CC(=O)NCCCCCNC(=O)C(CC(=O)O)NC(=O)CNC(=O)C(N)CCCN=C(N)N,1,,0.0000000,0.0000,0.9081350,0.9081,0.9365033,3.2469,10
18.4709,20.4973,-20.4835,0.0001078,c1ccc(NC(=NC2CCCCC2)N2CCOCC2)cc1,1,c1ccc(NC(=NC2CCCCC2)N2CCOCC2)cc1,0.0000000,0.0000,0.3385460,0.3385,0.9855222,2.2506,10
24.2662,24.5605,-24.5458,0.0001150,CN(C)CCC1(C)SC(=O)C1c1ccccc1,1,O=C1SCC1c1ccccc1,0.0000000,0.0000,0.4306259,0.4306,0.9090567,3.5003,10
25.1574,28.8887,-28.8730,0.0001223,Cn1c2ccccc2c2ccnc(C=C3C(=O)NC(=S)NC3=O)c21,1,O=C1NC(=S)NC(=O)C1=Cc1nccc2c1[nH]c1ccccc12,0.0000000,0.0000,0.5008923,0.5009,0.9665011,2.8097,10
25.5064,24.6364,-24.6231,0.0001040,CCCC(=O)c1nc(-c2ccc(Cl)cc2)no1,1,c1ccc(-c2ncon2)cc1,0.0000000,0.0000,0.3038173,0.3038,0.9879325,2.1303,10
24.6699,24.6324,-24.6218,0.0000830,C[n+]1cccc(Nc2ccc3c(ccn3-c3ccccc3)c2)c1,1,c1ccc(-n2ccc3cc(Nc4ccc[nH+]c4)ccc32)cc1,0.0000000,0.0000,0.1552856,0.1553,0.9813458,2.4184,10
25.9620,27.6157,-27.5992,0.0001287,CN(CCO)Cc1ccccc1C1CCCN1C,1,c1ccc(C2CCCN2)cc1,0.0000000,0.0000,0.5811750,0.5812,0.9709964,2.7129,10
30.8433,31.6106,-31.5953,0.0001195,CN1C(=O)c2ccccc2C12CCN(S(=O)(=O)c1ccc(C(=N)N)cc1)CC2,1,O=C1NC2(CCN(S(=O)(=O)c3ccccc3)CC2)c2ccccc21,0.0000000,0.0000,0.4695072,0.4695,0.9577499,2.9669,10
22.9796,23.3856,-23.3718,0.0001076,Cc1ccccc1-n1c(SCC(N)=O)nc2c([nH]c3ccccc32)c1=O,1,O=c1c2[nH]c3ccccc3c2ncn1-c1ccccc1,0.0000000,0.0000,0.3367905,0.3368,0.9853287,2.2593,10
26.5254,26.9713,-26.9664,0.0000385,CC(CCCCCC(O)=NO)C1CCC2C3CCC4CC(O)CCC4(C)C3CCC12C,1,C1CCC2C(C1)CCC1C3CCCC3CCC21,0.0000000,0.0000,0.0188766,0.0189,0.6919955,4.4727,10
24.5454,24.8951,-24.8824,0.0000994,Cc1ccc(Oc2nc3ccccc3[nH]c2=N)cc1C,1,N=c1[nH]c2ccccc2nc1Oc1ccccc1,0.0000000,0.0000,0.2664082,0.2664,0.9823071,2.3833,10
10.7179,42.0391,72.5385,0.8951376,O=C1NC(=O)C(=C(O)C=CC=CN2CCCC2)C(=O)N1,1,O=C1NC(=O)C(=CC=CC=CN2CCCC2)C(=O)N1,1.0000000,1.0000,0.7427731,0.7428,0.9406392,3.2001,10
40.9210,42.1499,-42.1445,0.0000426,C=C(C)C1CCC2(C)C(CC(O)C3C4C(O)(CC)CCC(=C)C4(C)CCC32C)C1(C)C(=O)O,1,C=C1CCCC2C1CCC1C3CCCCC3CCC21,0.0000000,0.0000,0.0361168,0.0361,0.3803712,5.3179,10
32.8684,31.3033,-31.2899,0.0001046,Cc1cc2c[nH]c(=Nc3cnccn3)nc2n(Cc2cccc(Cl)c2)c1=O,1,O=c1ccc2c[nH]c(=Nc3cnccn3)nc2n1Cc1ccccc1,0.0000000,0.0000,0.3168886,0.3169,0.9437686,3.1627,10
30.2054,31.9959,-31.9813,0.0001146,COC(=O)C1C(O)CCCN1C(=O)c1ccccc1Cc1ccccc1,1,O=C(c1ccccc1Cc1ccccc1)N1CCCCC1,0.0000000,0.0000,0.4125055,0.4125,0.9642245,2.8541,10
31.5833,35.6064,-35.5900,0.0001286,CCC=CCCCC(O)=CC1NCC(O)C1O,1,C1CCNC1,0.0000000,0.0000,0.6992418,0.6992,0.7002186,4.4474,10
20.1067,20.6662,-20.6528,0.0001043,O=C(c1ccc2c(c1)C(O)(C(F)(F)F)c1ccccc1-2)N1CCOCC1,1,O=C(c1ccc2c(c1)Cc1ccccc1-2)N1CCOCC1,0.0000000,0.0000,0.3104595,0.3105,0.9674114,2.7912,10
47.1730,46.3755,-46.3624,0.0001026,Cc1c(-c2ccc(C(=O)NCCO)nc2)c(=O)n(C(C)c2ccccc2)c(=O)n1Cc1ccc2c(c1)OCCO2,1,O=c1c(-c2cccnc2)cn(Cc2ccc3c(c2)OCCO3)c(=O)n1Cc1ccccc1,0.0000000,0.0000,0.3005959,0.3006,0.9391971,3.2168,10
26.2109,27.0737,-27.0597,0.0001088,C=Cc1c(-c2ccccc2)nc2ccc(-c3nn[nH]n3)cn12,1,c1ccc(-c2cn3cc(-c4nn[nH]n4)ccc3n2)cc1,0.0000000,0.0000,0.3508519,0.3509,0.9734842,2.6528,10
25.1056,24.3353,-24.3200,0.0001196,CCCCCC(=O)Cn1cnc2ccccc2c1=O,1,O=c1[nH]cnc2ccccc12,0.0000000,0.0000,0.4613115,0.4613,0.9905575,1.9688,10
9.8247,44.2772,64.9402,0.8532609,CCN(C=CC=CC(O)=C1C(=O)N(C)C(=O)N(C)C1=O)CC,1,C=C1C(=O)NC(=O)NC1=O,1.0000000,1.0000,0.6462340,0.6462,0.9332489,3.2817,10
27.3086,29.8957,-29.8782,0.0001366,CC(C=CC(CCCN)CC(=O)O)C(=O)O,1,,0.0000000,0.0000,0.7381636,0.7382,0.8758646,3.7272,10
28.9496,31.1027,-31.0910,0.0000913,Cc1c(C)n(CC(=O)N2CCN(CCC(C)(C)C)CC2)c2ccccc12,1,O=C(Cn1ccc2ccccc21)N1CCNCC1,0.0000000,0.0000,0.2056625,0.2057,0.9860086,2.2280,10
30.9759,31.4140,-31.4039,0.0000785,CCc1c(-c2ccc(OCc3ccccc3)cc2)c(C)nn1C,1,c1ccc(COc2ccc(-c3cn[nH]c3)cc2)cc1,0.0000000,0.0000,0.1302302,0.1302,0.9905787,1.9673,10
22.8037,24.9245,-24.9097,0.0001156,O=C(CCCCC(=O)NN=Cc1ccccc1O)NN=Cc1ccccc1,1,O=C(CCCCC(=O)NN=Cc1ccccc1)NN=Cc1ccccc1,0.0000000,0.0000,0.4181643,0.4182,0.9865081,2.2040,10
18.8876,22.0055,-21.9916,0.0001082,O=C(COc1ccc(C=CC(O)=NO)cc1)Nc1ccccc1,1,O=C(COc1ccccc1)Nc1ccccc1,0.0000000,0.0000,0.3423532,0.3424,0.9880564,2.1235,10
20.9942,39.7552,-39.7384,0.0001312,COC(=O)COc1ccc(C=CC=CC(O)=C2C(=O)NC(=O)NC2=O)cc1,1,O=C1NC(=O)C(=CC=CC=Cc2ccccc2)C(=O)N1,0.0000000,0.0000,0.6169147,0.6169,0.9703329,2.7280,10
23.1190,24.0611,-24.0464,0.0001148,O=c1c(-c2ccccc2O)coc2cc(OCCO)ccc12,1,O=c1c(-c2ccccc2)coc2ccccc12,0.0000000,0.0000,0.4089254,0.4089,0.9868379,2.1876,10
22.1066,27.7483,-27.7363,0.0000943,CN1C(=O)C(=Cc2ccc(-c3cccc([N+](=O)[O-])c3)o2)C(=O)N(Cc2ccco2)C1=O,1,O=C1NC(=O)N(Cc2ccco2)C(=O)C1=Cc1ccc(-c2ccccc2)o1,0.0000000,0.0000,0.2280824,0.2281,0.9745649,2.6249,10
27.3136,28.6285,-28.6170,0.0000898,O=C(NCCCN1CCCCC1)C1CCN(C2CCN(C(=O)C=Cc3cc(F)cc(F)c3)CC2)CC1,1,O=C(NCCCN1CCCCC1)C1CCN(C2CCN(C(=O)C=Cc3ccccc3)CC2)CC1,0.0000000,0.0000,0.1970575,0.1971,0.9766952,2.5665,10
26.0348,26.0093,-26.0012,0.0000632,CN1CC=C(c2c[nH]c3ccc(NC(=O)CCCCCCC(=O)C(F)(F)F)cc23)CC1,1,C1=C(c2c[nH]c3ccccc23)CCNC1,0.0000000,0.0000,0.0688563,0.0689,0.9718444,2.6930,10
12.2033,38.5678,29.3524,0.5306263,CCCCCCN(C)C=CC=CC(O)=C1C(=O)c2ccccc2C1=O,1,C=C1C(=O)c2ccccc2C1=O,1.0000000,1.0000,0.1525822,0.1526,0.9638497,2.8612,10
22.9629,24.1159,-24.1001,0.0001233,CCOC(=O)NC1=NCC(c2ccccc2)N1CC,1,C1=NCC(c2ccccc2)N1,0.0000000,0.0000,0.5162964,0.5163,0.9562116,2.9912,10
39.2406,40.3783,-40.3714,0.0000537,O=C(CCCCCC1CC=C2CCCCC2C1)Nc1ccc2[nH]cnc2c1,1,O=C(CCCCCC1CC=C2CCCCC2C1)Nc1ccc2[nH]cnc2c1,0.0000000,0.0000,0.0435228,0.0435,0.9199671,3.4092,10
21.7650,21.9866,-21.9743,0.0000962,CC1CCCCC1NC(=O)c1cc2ccccc2o1,1,O=C(NC1CCCCC1)c1cc2ccccc2o1,0.0000000,0.0000,0.2425294,0.2425,0.9731814,2.6604,10
49.1663,50.8217,-50.8217,0.0000000,OC1C(O)C(COC2OCC(O)(CO)C(O)C2O)OC(OC2CCC3(C)C4C(C5(O)CC(O)C6(OC5)C4CC3)C(=O)CC2=O)C1,0,,0.0000000,0.0000,0.0000000,0.0000,0.0000000,0.0000,10
28.9834,32.0291,-32.0120,0.0001336,CCOC(=O)C12CCCC(=O)N1CC=CC2OC,1,O=C1CCCC2CC=CCN12,0.0000000,0.0000,0.7088358,0.7088,0.8361212,3.9384,10
22.0589,24.3792,-24.3628,0.0001281,COc1cc(N=NN(C)C)cc(OC)c1O,1,c1ccccc1,0.0000000,0.0000,0.5729982,0.5730,0.9740062,2.6395,10
20.7476,22.0119,-21.9944,0.0001368,N=C1NC(=O)C(C(F)(F)F)O1,1,N=C1NC(=O)CO1,0.0000000,0.0000,0.8140862,0.8141,0.7431651,4.3079,10
23.7892,21.6018,-21.5915,0.0000805,Oc1c(C(N=c2[nH]ccs2)c2ccc(F)cc2)ccc2cccnc12,1,c1ccc(C(N=c2[nH]ccs2)c2ccc3cccnc3c2)cc1,0.0000000,0.0000,0.1477864,0.1478,0.9090362,3.5004,10
20.4698,21.7697,-21.7525,0.0001346,CC=CC1=CC(=O)SC1=O,1,O=C1C=CC(=O)S1,0.0000000,0.0000,0.7176897,0.7177,0.8496857,3.8716,10
24.3430,27.0889,-27.0704,0.0001445,O=C1CCNCC(C(O)C(O)C(O)CO)O1,1,O=C1CCNCCO1,0.0000000,0.0000,0.9335022,0.9335,0.7798564,4.1760,10
25.5030,25.2817,-25.2669,0.0001150,O=C(NCCCC(=O)OCCCCO[N+](=O)[O-])NC12CC3CC(CC(C3)C1)C2,1,C1C2CC3CC1CC(C2)C3,0.0000000,0.0000,0.4432536,0.4433,0.8639967,3.7956,10
26.0489,30.1157,-30.0996,0.0001260,CCCCN(CCCC)CCCN=c1[nH]c(=NCCCN(C)C)[nH]c(=NCCCN2CCN(C)CC2)[nH]1,1,N=c1[nH]c(=N)[nH]c(=NCCCN2CCNCC2)[nH]1,0.0000000,0.0000,0.5774557,0.5775,0.8805710,3.6985,10
27.6774,27.4108,-27.3934,0.0001358,NC(=O)CN1CCN(C(=O)c2cc(-c3cccs3)n[nH]2)CC1,1,O=C(c1cc(-c2cccs2)n[nH]1)N1CCNCC1,0.0000000,0.0000,0.6785575,0.6786,0.9833397,2.3435,10
17.7759,18.0395,-18.0213,0.0001420,Cc1cn(C2CC(O)C(CO)C2)c(=O)[nH]c1=O,1,O=c1ccn(C2CCCC2)c(=O)[nH]1,0.0000000,0.0000,0.8165619,0.8166,0.8977426,3.5848,10
25.3025,28.0238,-28.0078,0.0001252,O=C(COC(=O)C=Cc1cc(=O)c2ccccc2o1)NCC1CCCO1,1,O=C(COC(=O)C=Cc1cc(=O)c2ccccc2o1)NCC1CCCO1,0.0000000,0.0000,0.5376541,0.5377,0.9644233,2.8503,10
21.6887,23.5480,-23.5372,0.0000842,Cc1cc(=O)oc2cc(OCCCCN3CCN(CCc4ccccc4)CC3)ccc12,1,O=c1ccc2ccc(OCCCCN3CCN(CCc4ccccc4)CC3)cc2o1,0.0000000,0.0000,0.1612371,0.1612,0.9878570,2.1344,10
25.1441,24.6194,-24.6042,0.0001190,CCCCCn1c(=O)c(C(=O)NCCC)c(O)c2cccnc21,1,O=c1ccc2cccnc2[nH]1,0.0000000,0.0000,0.4559106,0.4559,0.9859821,2.2292,10
29.3645,34.0627,-34.0540,0.0000679,COc1ccc(C(=O)C(=CC=CC(=O)O)Sc2ccc(Br)cc2)cc1,1,C=C(Sc1ccccc1)C(=O)c1ccccc1,0.0000000,0.0000,0.0850531,0.0851,0.9773381,2.5479,10
28.2288,34.5559,-34.5415,0.0001126,Cc1cccc(=NC=C2C(=O)N(C)c3c2oc(=O)c2ccccc32)[nH]1,1,O=C1Nc2c(oc(=O)c3ccccc23)C1=CN=c1cccc[nH]1,0.0000000,0.0000,0.4012628,0.4013,0.9197952,3.4108,10
38.9025,38.8813,-38.8680,0.0001040,CC(C)(C)OC(=O)NCC(NC(=O)OCc1ccc([N+](=O)[O-])cc1)C(=O)NCc1ccc(C(O)=NO)cc1,1,O=C(CNC(=O)OCc1ccccc1)NCc1ccccc1,0.0000000,0.0000,0.3113294,0.3113,0.9486795,3.0998,10
24.3701,25.2305,-25.2159,0.0001141,O=C(CC1CCCCC1)OCCC#CCN1CCCC1,1,O=C(CC1CCCCC1)OCCC#CCN1CCCC1,0.0000000,0.0000,0.4029246,0.4029,0.9800002,2.4647,10
26.0938,27.0678,-27.0538,0.0001091,CN(c1ccc(CN(CCCc2ccccc2)CC(O)=NO)cc1)S(C)(=O)=O,1,c1ccc(CCCNCc2ccccc2)cc1,0.0000000,0.0000,0.3530838,0.3531,0.9789117,2.4999,10
31.9934,35.8205,-35.8048,0.0001230,C=CCN1C(=O)C2(CC2=O)C2(NC1=S)C(=O)Nc1ccccc12,1,O=C1CC12C(=O)NC(=S)NC21C(=O)Nc2ccccc21,0.0000000,0.0000,0.6445686,0.6446,0.6387626,4.6287,10
29.8345,28.9719,-28.9607,0.0000876,CC(C)C(=O)N=c1ccc(-c2cc(C#N)cc(N=c3nc(C(F)(F)F)cc[nH]3)c2)c[nH]1,1,N=c1ccc(-c2cccc(N=c3nccc[nH]3)c2)c[nH]1,0.0000000,0.0000,0.1952021,0.1952,0.8723773,3.7478,10
23.4103,24.4112,-24.4047,0.0000509,CN1CN(c2ccccc2)C2(CCN(CCC(CN(C)S(=O)(=O)c3ccccc3)c3ccc(Cl)c(Cl)c3)CC2)C1=O,1,O=C1NCN(c2ccccc2)C12CCN(CCC(CNS(=O)(=O)c1ccccc1)c1ccccc1)CC2,0.0000000,0.0000,0.0380906,0.0381,0.8790511,3.7079,10
26.4133,26.1685,-26.1577,0.0000840,Cc1ccc(S(=O)(=O)N2CCC(C)CC2)cc1NC(=O)CCC(=O)c1cccs1,1,O=C(CCC(=O)c1cccs1)Nc1cccc(S(=O)(=O)N2CCCCC2)c1,0.0000000,0.0000,0.1603401,0.1603,0.9861930,2.2192,10
21.1750,25.4185,-25.4034,0.0001177,CC=CC=CC=CC1(O)C(O)CC(=O)C1CCC,1,O=C1CCCC1,0.0000000,0.0000,0.5650103,0.5650,0.6402279,4.6245,10
17.9132,20.3841,-20.3673,0.0001316,COc1cccc(C(=O)NC2CCN(C)CC2)c1,1,O=C(NC1CCNCC1)c1ccccc1,0.0000000,0.0000,0.6139337,0.6139,0.9937396,1.6990,10
37.0160,37.3764,-37.3600,0.0001281,CC(CC(=O)O)(NC(=O)OC1(Cc2ccccc2)CCCC1)C(=O)NC1C(O)OC(CO)C(O)C1O,1,O=C(CNC(=O)OC1(Cc2ccccc2)CCCC1)NC1CCCOC1,0.0000000,0.0000,0.6832034,0.6832,0.7140346,4.4039,10
20.4000,20.3235,-20.3076,0.0001245,Cc1ccc(-c2nc(C)cc(=O)[nH]2)cc1,1,O=c1ccnc(-c2ccccc2)[nH]1,0.0000000,0.0000,0.5206502,0.5207,0.9885527,2.0956,10
21.3381,22.1698,-22.1628,0.0000551,CCCCCCCCCCCCCCCCCCCC(=O)C(=O)NC,1,,0.0000000,0.0000,0.0452765,0.0453,0.9890043,2.0690,10
31.5270,35.4348,-35.4179,0.0001320,COC(=O)C(CCO)=NC(=O)CCC=C1C=CN(C)C=C1,1,C=C1C=CNC=C1,0.0000000,0.0000,0.6723892,0.6724,0.8599278,3.8178,10
29.5830,28.1319,-28.1152,0.0001309,COc1ccc(OC)c(C=Cc2cn3c(=O)[nH]c(=O)[nH]c3n2)c1,1,O=c1[nH]c(=O)n2cc(C=Cc3ccccc3)nc2[nH]1,0.0000000,0.0000,0.6150147,0.6150,0.9617241,2.8998,10
20.3376,21.0142,-21.0006,0.0001062,CC(C)C(=O)Nc1ccc2c(c1)nc(CN1CCCCC1)n2C,1,c1ccc2[nH]c(CN3CCCCC3)nc2c1,0.0000000,0.0000,0.3233463,0.3233,0.9887094,2.0865,10
26.5263,25.7929,-25.7777,0.0001180,COc1nc2[nH]c(=N)[nH]c(=N)c2cc1Cc1ccc(Cl)cc1,1,N=c1[nH]c(=N)c2cc(Cc3ccccc3)cnc2[nH]1,0.0000000,0.0000,0.4545016,0.4545,0.9483712,3.1039,10
19.3184,20.5364,-20.5223,0.0001099,Cc1nn(Cc2ccccc2)c(Cl)c1C=CC(=O)O,1,c1ccc(Cn2cccn2)cc1,0.0000000,0.0000,0.3584042,0.3584,0.9892821,2.0522,10
24.9343,27.0926,-27.0844,0.0000639,O=C(NCc1ccccc1)C1CCN(Cc2cn(-c3ccccc3)nc2-c2ccccc2)CC1,1,O=C(NCc1ccccc1)C1CCN(Cc2cn(-c3ccccc3)nc2-c2ccccc2)CC1,0.0000000,0.0000,0.0703972,0.0704,0.9890581,2.0658,10
28.8364,27.5247,-27.5156,0.0000715,O=C(Nc1ccccc1N1CCCCC1)C1CCN(C(=O)Nc2cccc(F)c2)CC1,1,O=C(Nc1ccccc1N1CCCCC1)C1CCN(C(=O)Nc2ccccc2)CC1,0.0000000,0.0000,0.0985399,0.0985,0.9893533,2.0478,10
22.4467,23.4422,-23.4322,0.0000788,COc1cc(-c2ccccc2)nc2ccc(C)c(C)c12,1,c1ccc(-c2ccc3ccccc3n2)cc1,0.0000000,0.0000,0.1320607,0.1321,0.9919655,1.8627,10
19.1309,19.4464,-19.4331,0.0001038,CC1(C)OC(=O)N(C2CN3CCC2CC3)C1c1ccccc1,1,O=C1OCC(c2ccccc2)N1C1CN2CCC1CC2,0.0000000,0.0000,0.3435557,0.3436,0.7908117,4.1337,10
20.1325,19.4966,-19.4838,0.0000998,CC(=O)NC(C)c1ccc(OC2CCN(c3ncnc(OC(C)C)c3F)C2)cc1,1,c1ccc(OC2CCN(c3ccncn3)C2)cc1,0.0000000,0.0000,0.2782225,0.2782,0.9305173,3.3097,10
27.2876,27.3311,-27.3162,0.0001163,COc1ccc(C=NN=c2c(F)c(F)[nH]c(F)c2F)c(O)c1OC,1,C(=NN=c1cc[nH]cc1)c1ccccc1,0.0000000,0.0000,0.4422538,0.4423,0.9192049,3.4160,10
19.8486,21.4634,-21.4481,0.0001198,COc1cc(C2CC(C)=NN2C(C)=O)cc(OC)c1OC,1,C1=NNC(c2ccccc2)C1,0.0000000,0.0000,0.4711229,0.4711,0.9654056,2.8314,10
24.4026,39.0010,-38.9890,0.0000937,CC(C=CC=CC=CC(C)CC(C)C)=C1C(=O)OC(=O)N(C)C1=O,1,C=C1C(=O)NC(=O)OC1=O,0.0000000,0.0000,0.2452877,0.2453,0.8334935,3.9508,10
28.9758,29.8675,-29.8531,0.0001129,CCN(CCO)CCNc1ccc(OC)c2oc3ccccc3c(=O)c12,1,O=c1c2ccccc2oc2ccccc12,0.0000000,0.0000,0.3905327,0.3905,0.9807758,2.4384,10
21.6923,21.7984,-21.7818,0.0001299,CC(=O)NC(Cc1ccccc1)C(=O)NCc1ccncc1,1,O=C(CCc1ccccc1)NCc1ccncc1,0.0000000,0.0000,0.5922835,0.5923,0.9863358,2.2123,10
18.5168,19.3046,-19.2901,0.0001135,c1nc2c(ncn2C2CCCC2)c(=NC2CCCC2)[nH]1,1,c1nc2c(ncn2C2CCCC2)c(=NC2CCCC2)[nH]1,0.0000000,0.0000,0.4036630,0.4037,0.9499612,3.0824,10
25.7484,26.8304,-26.8167,0.0001075,CCCCCCCN1CCN(C(=O)CCCCn2c(=O)[nH]c3ccccc3c2=O)CC1,1,O=C(CCCCn1c(=O)[nH]c2ccccc2c1=O)N1CCNCC1,0.0000000,0.0000,0.3355399,0.3355,0.9862121,2.2183,10
19.8187,26.3348,-26.3227,0.0000945,CCCCCC(O)C=CC1CCC(=O)C(=O)C1CC=CCCCC(=O)O,1,O=C1CCCCC1=O,0.0000000,0.0000,0.2480978,0.2481,0.8496944,3.8716,11
26.5759,28.9554,-28.9384,0.0001327,COCCn1c(C(=O)OC)cc(=Cc2sc(=O)[nH]c2O)c1=C(C)C,1,C=c1[nH]ccc1=Cc1c[nH]c(=O)s1,0.0000000,0.0000,0.6640656,0.6641,0.9028351,3.5479,11
36.9627,53.3273,-53.3144,0.0001002,COCCOc1cc(=O)n2c(c1C(C)=O)C(=C(O)C=CC=CC=NC(C)C)CC2,1,C=C1CCn2c1cccc2=O,0.0000000,0.0000,0.2881355,0.2881,0.8902435,3.6364,11
28.3509,28.7978,-28.7833,0.0001126,CCOCCCNC(=O)C(=O)N(C1CC1)C(C(=O)NC1CCCC1)c1ccc(C)cc1,1,O=C(NC1CCCC1)C(NC1CC1)c1ccccc1,0.0000000,0.0000,0.3923077,0.3923,0.9609358,2.9136,11
18.4082,22.0293,-22.0141,0.0001190,COc1ccc(-c2nnc3n2N=C(C)CS3)cc1OC,1,C1=Nn2c(nnc2-c2ccccc2)SC1,0.0000000,0.0000,0.4584393,0.4584,0.9750964,2.6108,11
23.9913,24.5757,-24.5649,0.0000842,O=C(CSc1nc2ccccc2[nH]1)NCc1cccc2ccccc12,1,O=C(CSc1nc2ccccc2[nH]1)NCc1cccc2ccccc12,0.0000000,0.0000,0.1612206,0.1612,0.9906643,1.9613,11
31.9760,31.7914,-31.7817,0.0000759,Cc1ccc[nH]c1=NC(=O)NCc1ccccc1Sc1ccc2[nH]c(=N)sc2c1,1,N=c1[nH]c2ccc(Sc3ccccc3CNC(=O)N=c3cccc[nH]3)cc2s1,0.0000000,0.0000,0.1223950,0.1224,0.9286239,3.3286,11
20.5356,22.8085,-22.7915,0.0001331,CC(C)N1CCN(CCCCn2c(O)c3n(c2=O)CCC3)CC1,1,O=c1n(CCCCN2CCNCC2)cc2n1CCC2,0.0000000,0.0000,0.6412595,0.6413,0.9756474,2.5959,11
31.1224,30.4325,-30.4227,0.0000770,COc1cc(Cl)cc2[nH]c3cc4ccccc4nc3c12,1,c1ccc2nc3c(cc2c1)[nH]c1ccccc13,0.0000000,0.0000,0.1233865,0.1234,0.9856866,2.2430,11
31.0176,31.8467,-31.8357,0.0000859,COC(=O)C1=CC(Cc2ccccc2)CC(OCc2ccc(C(C)=O)cc2)O1,1,C1=CC(Cc2ccccc2)CC(OCc2ccccc2)O1,0.0000000,0.0000,0.1760360,0.1760,0.9397131,3.2108,11
15.8699,16.0742,-16.0578,0.0001281,c1ccc(Cn2ccnc2)cc1,1,c1ccc(Cn2ccnc2)cc1,0.0000000,0.0000,0.5654989,0.5655,0.9940385,1.6669,11
34.4627,39.2991,-39.2819,0.0001349,CCCN1CCCC1C1(O)CN(C)C(=O)C1F,1,O=C1CC(C2CCCN2)CN1,0.0000000,0.0000,0.7581205,0.7581,0.7821997,4.1671,11
22.8337,21.5990,-21.5910,0.0000627,CC(=O)c1cccc(-n2c(O)c3c(c2O)C2c4ccccc4C3c3ccccc32)c1,1,c1ccc(-n2cc3c(c2)C2c4ccccc4C3c3ccccc32)cc1,0.0000000,0.0000,0.0689067,0.0689,0.9269000,3.3453,11
28.9699,33.4088,-33.3924,0.0001280,CC(C)=CCN1CCC(S(=O)(=O)C(C)(C)C(O)=NO)C1,1,C1CCNC1,0.0000000,0.0000,0.6116050,0.6116,0.8636972,3.7972,11
19.0032,19.8664,-19.8515,0.0001167,COc1cc(C=CC2=CC(=O)C(C)(C)O2)ccc1O,1,O=C1C=C(C=Cc2ccccc2)OC1,0.0000000,0.0000,0.4337340,0.4337,0.9714379,2.7026,11
21.9565,23.7486,-23.7355,0.0001027,O=C1C(=Cc2c[nH]c3ccc(O)cc23)Oc2ccc(O)cc21,1,O=C1C(=Cc2c[nH]c3ccccc23)Oc2ccccc21,0.0000000,0.0000,0.2939986,0.2940,0.9773913,2.5463,11
16.0309,17.8376,-17.8228,0.0001159,Cc1cc(C)c2c(c1O)C(=O)C(C)(C)C2,1,O=C1CCc2ccccc21,0.0000000,0.0000,0.4252548,0.4253,0.9677028,2.7851,11
15.6034,40.8351,-40.8183,0.0001309,CCN(C=CC=CC(OC)=C1C(=O)N(C)C(=O)N(C)C1=O)CC,1,C=C1C(=O)NC(=O)NC1=O,0.0000000,0.0000,0.6335904,0.6336,0.9152220,3.4501,11
19.3341,20.2646,-20.2484,0.0001265,O=C(NCC1CCCO1)c1cc(Cl)ccc1O,1,O=C(NCC1CCCO1)c1ccccc1,0.0000000,0.0000,0.5485088,0.5485,0.9828498,2.3627,11
15.0637,17.6900,-17.6731,0.0001327,O=C1C=CC(=O)C1=Cc1ccc(O)cc1,1,O=C1C=CC(=O)C1=Cc1ccccc1,0.0000000,0.0000,0.6317794,0.6318,0.9865060,2.2041,11
43.4017,41.5670,-41.5546,0.0000968,CCn1nnnc1SCC(=O)OC1CC2CCCN3CCCC4C(C1C2)C43,1,O=C(CSc1nnn[nH]1)OC1CC2CCCN3CCCC4C(C1C2)C43,0.0000000,0.0000,0.4437444,0.4437,0.3486780,5.4071,11
26.1357,27.1735,-27.1613,0.0000954,Cc1nc(=NCc2csc3ccccc23)c2cc[nH]c2[nH]1,1,c1ccc2c(CN=c3nc[nH]c4[nH]ccc34)csc2c1,0.0000000,0.0000,0.2417317,0.2417,0.9353958,3.2589,11
31.9094,34.1842,-34.1686,0.0001221,C=CC(=O)NCC(C)(C)N=c1[nH]cncc1-c1ccccc1,1,N=c1[nH]cncc1-c1ccccc1,0.0000000,0.0000,0.5038860,0.5039,0.9480966,3.1075,11
31.4500,33.6097,-33.5922,0.0001367,NC1CNC(=O)C2CSCC2C1=O,1,O=C1CCNC(=O)C2CSCC12,0.0000000,0.0000,0.8562290,0.8562,0.6781112,4.5146,11
38.4530,42.2697,-42.2553,0.0001120,O=C(O)COCC=CN1CCN(C(=O)c2c[nH]c(=Nc3ccc4[nH]ncc4c3)c(Cl)c2)CC1,1,O=C(c1ccc(=Nc2ccc3[nH]ncc3c2)[nH]c1)N1CCNCC1,0.0000000,0.0000,0.3949947,0.3950,0.9200632,3.4084,11
21.9301,26.0039,-25.9875,0.0001279,COCCN1CCN(CCC(=O)C=Cc2ccccc2)CC1,1,O=C(C=Cc1ccccc1)CCN1CCNCC1,0.0000000,0.0000,0.5642780,0.5643,0.9891701,2.0590,11
23.7606,22.6214,-22.6055,0.0001244,COc1ccc(NC(=O)CCc2c(C)nc3ncnn3c2C)cn1,1,O=C(CCc1cnc2ncnn2c1)Nc1cccnc1,0.0000000,0.0000,0.5224801,0.5225,0.9816365,2.4080,11
22.0807,22.1456,-22.1293,0.0001277,O=C(O)c1ccn2c(c1)nc(=O)c1ccccc12,1,O=c1nc2ccccn2c2ccccc12,0.0000000,0.0000,0.5624660,0.5625,0.9867949,2.1898,11
12.1203,38.0729,-38.0729,0.0000000,CN(C)C=CC=CC(O)=C1C(=O)OC(C)(C)OC1=O,1,C=C1C(=O)OCOC1=O,1.0000000,1.0000,0.6589171,0.6589,0.9244858,3.3682,11
27.2283,28.8565,-28.8432,0.0001044,C=C(Cl)C=C1SC(=NN(C)C)N(c2ccccc2)C1=O,1,C=C1SC(=N)N(c2ccccc2)C1=O,0.0000000,0.0000,0.3135136,0.3135,0.9544510,3.0181,11
39.5488,42.5548,-42.5548,0.0000000,c1ccc2[nH]c3c4c(c5c(c(O)n(CCCN6CCOCC6)c5=O)c3cc2O)C(=O)NC1=O,0,,0.0000000,0.0000,0.0000000,0.0000,0.0000000,0.0000,11
24.0584,23.9965,-23.9842,0.0000956,Cc1c2c3ccccc3[nH]c2c2ccccc2[n+]1C,1,c1ccc2c(c1)[nH]c1c3ccccc3[nH+]cc21,0.0000000,0.0000,0.2373819,0.2374,0.9779497,2.5296,11
23.9552,25.4307,-25.4129,0.0001388,CC(C)CC(N)CC(=O)N1CCCC1C(=O)O,1,C1CCNC1,0.0000000,0.0000,0.7359071,0.7359,0.9579555,2.9635,11
22.4556,22.0400,-22.0328,0.0000565,COc1ccc(NC(=O)Nc2ccc(-c3nc4ccccc4s3)cc2)cc1,1,O=C(Nc1ccccc1)Nc1ccc(-c2nc3ccccc3s2)cc1,0.0000000,0.0000,0.0485126,0.0485,0.9927499,1.7953,11
17.4492,19.8107,-19.7926,0.0001416,CN(C)c1ccc(N=C(N)N=C(N)N)cc1,1,c1ccccc1,0.0000000,0.0000,0.7718318,0.7718,0.9773970,2.5461,11
37.0109,35.9851,-35.9755,0.0000748,CCC1CCCCN1Cc1cc2[nH]c(-c3ccc[nH]c3=O)nc2cc1Br,1,O=c1[nH]cccc1-c1nc2ccc(CN3CCCCC3)cc2[nH]1,0.0000000,0.0000,0.1158533,0.1159,0.9435877,3.1649,11
31.1854,34.5989,-34.5824,0.0001285,CN1CCCC1C(=O)NCN1C(=O)SC(=Cc2ccncc2)C1=O,1,O=C(NCN1C(=O)SC(=Cc2ccncc2)C1=O)C1CCCN1,0.0000000,0.0000,0.5850466,0.5850,0.9538143,3.0276,11
26.9557,26.6581,-26.6470,0.0000867,COc1ccc(Cn2nc(-c3ccccc3)nc2-c2ccc[nH]2)cc1,1,c1ccc(Cn2nc(-c3ccccc3)nc2-c2ccc[nH]2)cc1,0.0000000,0.0000,0.1765755,0.1766,0.9852151,2.2644,11
28.2875,27.8486,-27.8318,0.0001314,CC(CO)N=c1[nH]c(-c2cccc(C(N)=O)c2)cc2ncn(C)c(=O)c12,1,N=c1[nH]c(-c2ccccc2)cc2nc[nH]c(=O)c12,0.0000000,0.0000,0.6453886,0.6454,0.9041084,3.5383,11
27.6660,27.8480,-27.8330,0.0001171,CCn1cc(C(=O)O)c(=O)c2c3sc(CN4CCN(C)CC4)nc3ccc21,1,O=c1cc[nH]c2ccc3nc(CN4CCNCC4)sc3c12,0.0000000,0.0000,0.4371806,0.4372,0.9742898,2.6321,11
30.4059,31.8599,-31.8445,0.0001206,CN1CCN(c2ncc(C(=O)NC3C4CC5(O)CC3CC(CC(N)=O)(C4)C5)cn2)CC1,1,O=C(NC1C2CC3CC(C2)CC1C3)c1cnc(N2CCNCC2)nc1,0.0000000,0.0000,0.6494441,0.6494,0.5685753,4.8202,11
19.4395,23.8507,-23.8337,0.0001323,COc1cc(C=C2C(=O)N(C)C(=O)N2C)ccc1O,1,O=C1NC(=O)C(=Cc2ccccc2)N1,0.0000000,0.0000,0.6279771,0.6280,0.9811617,2.4250,11
23.2209,24.6054,-24.5935,0.0000934,CN1CCN(C2c3ccc(O)cc3OC(c3ccccc3)(c3ccccc3)C2O)CC1,1,c1ccc(C2(c3ccccc3)CC(N3CCNCC3)c3ccccc3O2)cc1,0.0000000,0.0000,0.2279755,0.2280,0.9264378,3.3498,11
26.7216,28.6382,-28.6193,0.0001476,O=C(O)C(C(=O)N1CCCC1C(=O)O)C(O)O,1,C1CCNC1,0.0000000,0.0000,0.8949978,0.8950,0.9361697,3.2505,11
21.2585,21.9499,-21.9335,0.0001279,O=[N+]([O-])C=CC1CCCCC1,1,C1CCCCC1,0.0000000,0.0000,0.5722970,0.5723,0.9670984,2.7976,11
29.8719,29.3176,-29.3040,0.0001065,O=C1CC(N2CCCCC2=O)=Nc2cc(OC(F)(F)F)ccc2N1,1,O=C1CC(N2CCCCC2=O)=Nc2ccccc2N1,0.0000000,0.0000,0.3306417,0.3306,0.9630875,2.8753,11
25.7828,26.4274,-26.4095,0.0001401,CC1C(O)C(O)C(CO)OC1n1cc(C#CCN(C)C)c(=O)[nH]c1=O,1,O=c1ccn(C2CCCCO2)c(=O)[nH]1,0.0000000,0.0000,0.8498178,0.8498,0.7792900,4.1782,11
35.4002,34.2540,-34.2417,0.0000962,CC1Cc2ncccc2CN1C(=O)Nc1ccc(NS(=O)(=O)c2cccnc2)cc1,1,O=C(Nc1ccc(NS(=O)(=O)c2cccnc2)cc1)N1CCc2ncccc2C1,0.0000000,0.0000,0.2444799,0.2445,0.9611164,2.9105,11
22.7778,22.6910,-22.6834,0.0000591,CSc1ccc(Cn2c3ccccc3c3ccccc32)cc1,1,c1ccc(Cn2c3ccccc3c3ccccc32)cc1,0.0000000,0.0000,0.0557391,0.0557,0.9928102,1.7898,11
31.9717,32.6138,-32.5980,0.0001231,CCC#CCCC(=O)CCCCNS(=O)(=O)C(F)(F)F,1,,0.0000000,0.0000,0.5115160,0.5115,0.9612449,2.9082,11
41.0316,41.5513,-41.5400,0.0000883,CC(=O)c1cc2cc(C)c(CN3CCN(C(=O)c4cccc(F)c4)CC3)c(C)c2oc1=O,1,O=C(c1ccccc1)N1CCN(Cc2ccc3ccc(=O)oc3c2)CC1,0.0000000,0.0000,0.1870772,0.1871,0.9791567,2.4922,11
45.0323,47.2135,-47.2018,0.0000913,CC(C)(C)c1nncn(CC=Cc2cccc(C(=O)Nc3ccccc3C(=O)O)c2)c1=O,1,O=C(Nc1ccccc1)c1cccc(C=CCn2cnncc2=O)c1,0.0000000,0.0000,0.2067468,0.2067,0.9762146,2.5801,11
23.9685,25.5755,-25.5586,0.0001318,N#CCC1Nc2ccccc2C1=O,1,O=C1CNc2ccccc21,0.0000000,0.0000,0.6345114,0.6345,0.9461343,3.1330,11
24.9766,25.8222,-25.8076,0.0001141,CC(=O)c1ccc(NC2CCCN(Cc3noc(C)n3)C2)cc1,1,c1ccc(NC2CCCN(Cc3ncon3)C2)cc1,0.0000000,0.0000,0.4048206,0.4048,0.9727076,2.6721,11
15.9911,46.8199,64.5200,0.8698427,CCN1C(=O)C(=C(O)C=CC=CN2CCN(C)CC2)C(=O)N(C)C1=O,1,O=C1NC(=O)C(=CC=CC=CN2CCNCC2)C(=O)N1,1.0000000,1.0000,0.6809672,0.6810,0.9420911,3.1830,11
36.4983,41.2633,-41.2473,0.0001246,C=CCC(O)(CNCCCN(C)CC1CCCCC1)Cn1cncn1,1,c1ncn(CCCNCCCNCC2CCCCC2)n1,0.0000000,0.0000,0.5444164,0.5444,0.9189017,3.4186,11
18.8764,18.4886,-18.4761,0.0000977,O=C(Nc1ccc(Cl)cc1)c1cccs1,1,O=C(Nc1ccccc1)c1cccs1,0.0000000,0.0000,0.2510423,0.2510,0.9952304,1.5208,11
18.2884,16.8736,-16.8557,0.0001399,N#Cc1c[nH]c(=S)[nH]c1=O,1,O=c1cc[nH]c(=S)[nH]1,0.0000000,0.0000,0.7581966,0.7582,0.9475148,3.1152,11
25.8163,23.0252,-23.0169,0.0000648,O=C(Nn1c(-c2ccc(Cl)cc2)nc2ccccc2c1=O)c1ccccc1Br,1,O=C(Nn1c(-c2ccccc2)nc2ccccc2c1=O)c1ccccc1,0.0000000,0.0000,0.0734449,0.0734,0.9882563,2.1124,11
21.8442,21.7060,-21.6910,0.0001179,NS(=O)(=O)Oc1ccc(Sc2ccccc2)cc1,1,c1ccc(Sc2ccccc2)cc1,0.0000000,0.0000,0.4424910,0.4425,0.9902366,1.9908,11
27.2472,35.8877,-35.8717,0.0001248,NC(=O)C(=O)C=C(O)C=CC=CC=CC=CC=CC(O)CCCC(=O)O,1,,0.0000000,0.0000,0.5817640,0.5818,0.8248287,3.9906,11
19.3337,20.4641,-20.4486,0.0001216,O=C1C(=Cc2cccnc2)Oc2c1ccc(O)c2O,1,O=C1C(=Cc2cccnc2)Oc2ccccc21,0.0000000,0.0000,0.4883956,0.4884,0.9787638,2.5046,11
28.5816,29.0032,-28.9854,0.0001389,CC(C)CC(N)C(=O)NC(CCCN=C(N)N)C(=O)NC(CCCN=C(N)N)C(=O)c1nccs1,1,c1cscn1,0.0000000,0.0000,0.7835017,0.7835,0.8601796,3.8165,11
20.5850,21.4243,-21.4076,0.0001308,CC(C)NC(=O)COc1ncnc2ccccc12,1,c1ccc2ncncc2c1,0.0000000,0.0000,0.6029674,0.6030,0.9905724,1.9678,11
37.9073,38.4624,-38.4472,0.0001193,N#Cc1c(C(N)=O)c(C(O)c2cccnc2)n2c1[nH]c1ccccc12,1,c1cncc(Cc2ccc3[nH]c4ccccc4n23)c1,0.0000000,0.0000,0.4758748,0.4759,0.9279285,3.3354,11
24.1331,24.1512,-24.1478,0.0000265,O=C(Nc1ccc(C(=O)N2Cc3ccccc3Cc3ccccc32)c(Cl)c1)c1ccccc1-c1ccccc1,1,O=C(Nc1ccc(C(=O)N2Cc3ccccc3Cc3ccccc32)cc1)c1ccccc1-c1ccccc1,0.0000000,0.0000,0.0050093,0.0050,0.9845458,2.2937,11
27.9721,29.3551,-29.3404,0.0001150,CCN(CC)C(C)CN1C=Cc2ccccc2CC1=O,1,O=C1Cc2ccccc2C=CN1,0.0000000,0.0000,0.4237817,0.4238,0.9370487,3.2409,11
17.1228,19.2718,-19.2545,0.0001349,CN(C)Cc1ccc(C(=O)O)cc1,1,c1ccccc1,0.0000000,0.0000,0.6606222,0.6606,0.9953550,1.5035,11
23.3746,31.4324,-31.4278,0.0000358,CC(C=CC1=C(C)CCCC1(C)C)=CC=CC(O)=CC=Nc1c(C)n(C)n(-c2ccccc2)c1=O,1,O=c1c(N=CC=CC=CC=CC=CC2=CCCCC2)c[nH]n1-c1ccccc1,0.0000000,0.0000,0.0129574,0.0130,0.9139536,3.4607,11
35.1806,35.6931,-35.6751,0.0001404,COC(=O)C(CC(C)C)NC(=O)Cn1cc(CS(C)(=O)=O)c(=O)nc1O,1,O=c1cc[nH]cn1,0.0000000,0.0000,0.7712993,0.7713,0.9364573,3.2474,11
33.1881,35.9063,-35.8896,0.0001306,CCCCCC(C)C=NC1OC(CS(=O)(=O)O)C(O)C(O)C1O,1,C1CCOCC1,0.0000000,0.0000,0.7564727,0.7565,0.6625993,4.5603,11
27.6864,29.5679,-29.5501,0.0001392,CCN(CC)CC(O)CN1C(=O)CN(S(=O)(=O)CC)CC1(C)C,1,O=C1CNCCN1,0.0000000,0.0000,0.7595816,0.7596,0.9168302,3.4365,11
24.1635,25.7288,-25.7247,0.0000323,CC1(C)CCC2(CO)CCC3(C)C4=C(CCC3(C)C2C1)C1(C)CCC(O)C(C)(C)C1CC4,1,C1CCC2C3=C(CCC2C1)C1CCC2CCCCC2C1CC3,0.0000000,0.0000,0.0122779,0.0123,0.5833406,4.7808,11
25.3429,24.4014,-24.3881,0.0001040,CN(C)C(CNC(=O)Nc1ccc2nsnc2c1)c1ccccc1,1,O=C(NCCc1ccccc1)Nc1ccc2nsnc2c1,0.0000000,0.0000,0.3068073,0.3068,0.9731017,2.6624,11
31.3712,31.3504,-31.3348,0.0001222,Cc1cc(C(C)C)cc2sc(=NC(=O)CC3NCCNC3=O)[nH]c12,1,O=C(CC1NCCNC1=O)N=c1[nH]c2ccccc2s1,0.0000000,0.0000,0.5327659,0.5328,0.8639337,3.7959,11
20.9213,20.2117,-20.1984,0.0001036,COC(=O)c1ccc(NC(=S)Nc2ccccc2)cc1,1,S=C(Nc1ccccc1)Nc1ccccc1,0.0000000,0.0000,0.2989416,0.2989,0.9951637,1.5299,11
20.3127,23.5643,-23.5477,0.0001294,CC=CC=CC(=O)NCc1ccc(O)c(O)c1,1,c1ccccc1,0.0000000,0.0000,0.5870536,0.5871,0.9812468,2.4219,11
10.2945,34.6802,-34.6802,0.0000000,O=C1C(=C(O)C=CC=CN2CCCC2)C(=O)c2ccccc21,1,O=C1C(=CC=CC=CN2CCCC2)C(=O)c2ccccc21,1.0000000,1.0000,0.3535903,0.3536,0.9639946,2.8584,11
30.9721,31.5777,-31.5604,0.0001350,COC(=O)c1ccc(COC(=O)C(N)CCSC)nc1,1,c1ccncc1,0.0000000,0.0000,0.6715042,0.6715,0.9702389,2.7302,11
29.9075,28.1390,-28.1288,0.0000795,CCN(CC)Cc1cc(-c2nc(-c3cc(F)ccc3OC)no2)ccc1OC,1,c1ccc(-c2noc(-c3ccccc3)n2)cc1,0.0000000,0.0000,0.1357067,0.1357,0.9851030,2.2694,11
22.6881,22.6864,-22.6741,0.0000964,CC(C)(C)NCC1CC1c1ccc(Cl)cc1,1,c1ccc(C2CC2)cc1,0.0000000,0.0000,0.2454317,0.2454,0.9626442,2.8833,11
17.9502,18.5240,-18.5070,0.0001331,CCCC(=O)N=c1[nH]ccs1,1,N=c1[nH]ccs1,0.0000000,0.0000,0.6768888,0.6769,0.8899481,3.6383,11
21.8025,21.8533,-21.8392,0.0001100,O=c1c2c3c(sc2ncn1N=Cc1ccc(O)c(O)c1)CCCC3,1,O=c1c2c3c(sc2ncn1N=Cc1ccccc1)CCCC3,0.0000000,0.0000,0.3630471,0.3630,0.9735475,2.6512,11
22.4077,21.5417,-21.5288,0.0001008,COC(=O)Cn1c(SCCOc2ccccc2)nc2ccccc21,1,c1ccc(OCCSc2nc3ccccc3[nH]2)cc1,0.0000000,0.0000,0.2758693,0.2759,0.9906534,1.9621,11
18.8454,25.5430,-25.5266,0.0001282,O=C1C(=C(Cl)C(=O)N2CCOCC2)C(=O)c2ccccc21,1,O=C1C(=CC(=O)N2CCOCC2)C(=O)c2ccccc21,0.0000000,0.0000,0.5730679,0.5731,0.9780012,2.5281,11
27.1205,27.0939,-27.0816,0.0000963,CCOC(=O)N1C2CCC1CC(OC(=O)Nc1cccc(F)c1)C2,1,O=C(Nc1ccccc1)OC1CC2CCC(C1)N2,0.0000000,0.0000,0.2574763,0.2575,0.8801191,3.7013,11
39.8046,39.6489,-39.6385,0.0000812,Cc1ccc2c(c1)c(CCN(C)C)cc1c(=O)c3cc(C(=O)O)ccc3oc12,1,O=c1c2ccccc2oc2c1ccc1ccccc12,0.0000000,0.0000,0.1453411,0.1453,0.9815855,2.4098,11
24.2898,23.6266,-23.6175,0.0000712,CN(Cc1ccccc1)c1ncnc2ccc(-c3ccc4c(c3)OCCO4)cc12,1,c1ccc(CNc2ncnc3ccc(-c4ccc5c(c4)OCCO5)cc23)cc1,0.0000000,0.0000,0.0975103,0.0975,0.9854664,2.2531,11
35.2306,35.8051,-35.7868,0.0001428,CC(=O)N(C)CC(=O)N(C)C(CCCNC(=N)N)C(=O)N1CCCC1C(=O)O,1,C1CCNC1,0.0000000,0.0000,0.8242421,0.8242,0.9115157,3.4807,11
27.2461,27.8718,-27.8575,0.0001118,N=c1nc(-c2ccco2)[nH]c2c1CN(c1ccccc1)C2,1,N=c1nc(-c2ccco2)[nH]c2c1CN(c1ccccc1)C2,0.0000000,0.0000,0.3814839,0.3815,0.9677252,2.7847,11
25.8290,27.5997,-27.5903,0.0000737,CCCCCCCCCCCCCCCC(=O)N=C(COC)C(=O)O,1,,0.0000000,0.0000,0.1089234,0.1089,0.9769209,2.5600,11
33.7075,32.6141,-32.6037,0.0000810,CCOc1cc(C(=O)Nc2ccc3n[nH]c(-c4nc5ccccc5[nH]4)c3c2)ccc1OCCN,1,O=C(Nc1ccc2n[nH]c(-c3nc4ccccc4[nH]3)c2c1)c1ccccc1,0.0000000,0.0000,0.1446501,0.1447,0.9766793,2.5670,11
13.5384,18.0092,-17.9956,0.0001064,COc1ccc(C=C2C(=O)c3ccccc3C2=O)cc1,1,O=C1C(=Cc2ccccc2)C(=O)c2ccccc21,0.0000000,0.0000,0.3247087,0.3247,0.9924185,1.8246,11
24.0752,25.4422,-25.4240,0.0001420,CN(CCO)C(=O)c1cscn1,1,c1cscn1,0.0000000,0.0000,0.7786058,0.7786,0.9761252,2.5827,11
25.2600,26.9853,-26.9726,0.0000993,CC1(C)N=C(N)NC(Nc2ccc(CSc3ccccc3)cc2)=N1,1,C1=NCN=C(Nc2ccc(CSc3ccccc3)cc2)N1,0.0000000,0.0000,0.2664330,0.2664,0.9763836,2.5754,11
48.7735,67.4803,-67.4737,0.0000512,C=C1CCC2C(C)(C)CC(CC34C=C(C(C)(C)O)C(=O)C3(C)C(=O)C(=C(C)O)C(=O)O4)C(C)(C)C(=O)C12C,1,C=C1C(=O)OC2(CC3CCC4CCC(=C)C4C(=O)C3)C=CC(=O)C2C1=O,0.0000000,0.0000,0.0703913,0.0704,0.3086933,5.5252,11
18.1457,19.1365,-19.1268,0.0000756,O=C(C=Cc1ccc2ccccc2c1)c1ccccc1,1,O=C(C=Cc1ccc2ccccc2c1)c1ccccc1,0.0000000,0.0000,0.1165101,0.1165,0.9941545,1.6541,11
24.5413,25.5658,-25.5506,0.0001190,CCc1ccc(C=NN=C(N)CN2C(=O)c3ccccc3C2=O)cc1,1,O=C1c2ccccc2C(=O)N1CC=NN=Cc1ccccc1,0.0000000,0.0000,0.4571460,0.4571,0.9805905,2.4448,11
29.6974,28.0102,-27.9986,0.0000906,Cc1ccc(NCc2nnc(SCCOc3ccc([N+](=O)[O-])cc3)n2C)cc1,1,c1ccc(NCc2nnc(SCCOc3ccccc3)[nH]2)cc1,0.0000000,0.0000,0.2009827,0.2010,0.9862442,2.2168,11
31.2321,32.4514,-32.4415,0.0000772,Clc1ccc2c(=NCCn3cc(CN=c4cc[nH]nc4)c4ccccc43)cc[nH]c2c1,1,c1ccc2c(=NCCn3cc(CN=c4cc[nH]nc4)c4ccccc43)cc[nH]c2c1,0.0000000,0.0000,0.1303348,0.1303,0.9082119,3.5069,11
20.5615,20.7951,-20.7775,0.0001374,Cn1c(=O)[nH]c2cc3c(cc21)OCO3,1,O=c1[nH]c2cc3c(cc2[nH]1)OCO3,0.0000000,0.0000,0.7036420,0.7036,0.9813688,2.4176,11
24.0343,24.3365,-24.3221,0.0001122,CCc1c(C(=O)NCC(O)CN2CCN(c3ccccc3OC)CC2)csc1C,1,O=C(NCCCN1CCN(c2ccccc2)CC1)c1ccsc1,0.0000000,0.0000,0.3865977,0.3866,0.9654001,2.8316,11
22.5386,22.4003,-22.3861,0.0001110,Cc1ccc(=NC(=O)CCCOc2ccccc2C)[nH]c1,1,O=C(CCCOc1ccccc1)N=c1cccc[nH]1,0.0000000,0.0000,0.3728351,0.3728,0.9704273,2.7259,11
15.6744,23.2541,-23.2417,0.0000966,CC(C=CC1=C(C)CC(=O)CC1(C)C)=CC=CC(=O)O,1,O=C1CC=CCC1,0.0000000,0.0000,0.2522378,0.2522,0.9295972,3.3189,11
28.8401,27.5567,-27.5501,0.0000517,COc1cc(Cl)c(N=c2c(C#N)c[nH]c3cc(-c4ccc(S(C)(=O)=O)cc4)ccc23)c(Cl)c1,1,c1ccc(N=c2cc[nH]c3cc(-c4ccccc4)ccc23)cc1,0.0000000,0.0000,0.0378360,0.0378,0.9635814,2.8662,11
21.6336,22.8369,-22.8199,0.0001334,NC(=O)COC(=O)C=Cc1ccccc1Cl,1,c1ccccc1,0.0000000,0.0000,0.6408978,0.6409,0.9903395,1.9838,11
24.6437,24.2966,-24.2871,0.0000740,Cc1cccc(NCC(=O)c2cc(C)n(Cc3ccccc3)c2C)c1,1,O=C(CNc1ccccc1)c1ccn(Cc2ccccc2)c1,0.0000000,0.0000,0.1091027,0.1091,0.9905678,1.9681,11
30.0925,30.4374,-30.4215,0.0001240,C=CCCSC(=O)C1C(=O)N2C1SC(C)(C)C2C(=O)O,1,O=C1CC2SCCN12,0.0000000,0.0000,0.6012716,0.6013,0.7532339,4.2730,11
20.5937,21.9056,-21.8879,0.0001382,Cc1ccc(CNC2C=CC(O)C(O)C2O)cc1,1,C1=CC(NCc2ccccc2)CCC1,0.0000000,0.0000,0.7531174,0.7531,0.8992642,3.5739,11
22.2100,24.3948,-24.3773,0.0001373,CN(C)CCN=Cc1c(O)[nH]c(=O)n(Nc2ccccc2)c1=O,1,O=c1cc[nH]c(=O)n1Nc1ccccc1,0.0000000,0.0000,0.7140561,0.7141,0.9521974,3.0511,11
28.4184,26.3682,-26.3507,0.0001365,CCOC(=O)Cn1nnc2nc3c(cc2c1=O)C(=O)CCC3,1,O=C1CCCc2nc3nn[nH]c(=O)c3cc21,0.0000000,0.0000,0.6932238,0.6932,0.9718703,2.6923,11
19.0329,21.2770,-21.2585,0.0001447,OCC=CC1OC(CO)C(O)C(O)C1O,1,C1CCOCC1,0.0000000,0.0000,0.9235069,0.9235,0.7998805,4.0974,11
16.8081,18.7169,-18.7041,0.0001002,COc1cc(C=CC(=O)C=Cc2cc(OC)c(O)c(OC)c2)ccc1O,1,O=C(C=Cc1ccccc1)C=Cc1ccccc1,0.0000000,0.0000,0.2724482,0.2724,0.9828286,2.3635,11
28.6895,27.9990,-27.9832,0.0001231,NC(CC(=O)N1CCC(C(N)C(=O)N2CCCCC2)CC1)Cc1ccccc1F,1,O=C(CCCc1ccccc1)N1CCC(CC(=O)N2CCCCC2)CC1,0.0000000,0.0000,0.5162578,0.5163,0.9459774,3.1350,11
8.3241,44.5160,-44.5160,0.0000000,CN1C(=O)NC(=O)C(=C(O)C=CC=CN(CCO)CCO)C1=O,1,C=C1C(=O)NC(=O)NC1=O,1.0000000,1.0000,0.8384479,0.8384,0.9230786,3.3812,11
26.0323,24.5189,-24.5096,0.0000722,O=C(OC1CC2CCC(C1)N2CCc1ccccc1)c1ccc(Cl)cc1,1,O=C(OC1CC2CCC(C1)N2CCc1ccccc1)c1ccccc1,0.0000000,0.0000,0.1064979,0.1065,0.9116166,3.4798,11
35.3047,33.8103,-33.8026,0.0000604,Cc1noc(C)c1CC(=O)NC1CCC(N2CCc3cc(F)ccc3C2c2ccc(F)cc2)CC1,1,O=C(Cc1cnoc1)NC1CCC(N2CCc3ccccc3C2c2ccccc2)CC1,0.0000000,0.0000,0.0608097,0.0608,0.9498181,3.0844,11
24.3697,24.5485,-24.5323,0.0001268,O=c1[nH]c(N2CCOCC2)nc(NC2CCCNC2)c1-c1ccc(O)cc1,1,O=c1[nH]c(N2CCOCC2)nc(NC2CCCNC2)c1-c1ccccc1,0.0000000,0.0000,0.5646298,0.5646,0.9456363,3.1394,11
25.2475,26.7628,-26.7443,0.0001449,CC(=O)NC(CS)C(=O)NCC(=O)OC(C)C,1,,0.0000000,0.0000,0.8299069,0.8299,0.9721664,2.6852,11
25.0447,30.6966,-30.6804,0.0001262,C=CCOC1CC(=O)OC(=O)c2ccccc21,1,O=C1CCc2ccccc2C(=O)O1,0.0000000,0.0000,0.5555966,0.5556,0.9473870,3.1168,11
26.5640,26.3621,-26.3524,0.0000761,CCCCCCCCOc1ccc2ccc(C(=N)N)cc2c1,1,c1ccc2ccccc2c1,0.0000000,0.0000,0.1188626,0.1189,0.9906379,1.9632,11
46.0871,43.7673,-43.7594,0.0000617,CCc1ccc(-c2nn(CCOC)cc2CN(CC(=O)Nc2cccc(C(F)F)c2)C2CC2)cc1,1,O=C(CN(Cc1c[nH]nc1-c1ccccc1)C1CC1)Nc1ccccc1,0.0000000,0.0000,0.0638961,0.0639,0.9747245,2.6207,11
17.9668,19.0036,-18.9935,0.0000790,CCCCCCN1CCC2(C)c3cc(O)ccc3CC1C2C,1,c1ccc2c(c1)CC1CC2CCN1,0.0000000,0.0000,0.1491427,0.1491,0.8091596,4.0590,11
29.9955,34.9330,-34.9188,0.0001110,CCOC(=O)c1c(C)nc(CC(=O)OCC(=O)C(C)(C)C)c(C(=O)OCC)c1C,1,c1ccncc1,0.0000000,0.0000,0.3723415,0.3723,0.9755979,2.5972,11
39.8863,42.4345,-42.4192,0.0001199,C=C(C(=O)NC1CC(C(=O)OC)N(C(=O)c2ccccc2)C1)C1C=COC=C1,1,C=C(C(=O)NC1CCN(C(=O)c2ccccc2)C1)C1C=COC=C1,0.0000000,0.0000,0.5079696,0.5080,0.8481745,3.8793,11
27.8567,27.2618,-27.2516,0.0000796,CN1CCC(O)(Cc2ccc(OCc3cccc(-c4ccccc4)n3)cc2)CC1,1,c1ccc(-c2cccc(COc3ccc(CC4CCNCC4)cc3)n2)cc1,0.0000000,0.0000,0.1365545,0.1366,0.9853595,2.2579,11
27.9129,26.6804,-26.6643,0.0001258,COC(=O)c1cc(-n2nc(C)cc2C)nc(=S)[nH]1,1,S=c1nc(-n2cccn2)cc[nH]1,0.0000000,0.0000,0.5439222,0.5439,0.9690012,2.7575,11
23.6495,47.7432,-47.7287,0.0001131,CC1CC(C=CC=CC=CC(O)=C2C(=O)OC(C)(C)OC2=O)=NO1,1,O=C1OCOC(=O)C1=CC=CC=CC=CC1=NOCC1,0.0000000,0.0000,0.4527322,0.4527,0.7650577,4.2309,11
32.4614,33.3552,-33.3426,0.0000979,COc1cc(O)cc(C2CC(=O)NC23CCN(CCCOc2ccccc2)CC3)c1,1,O=C1CC(c2ccccc2)C2(CCN(CCCOc3ccccc3)CC2)N1,0.0000000,0.0000,0.2678603,0.2679,0.8948504,3.6051,12
25.4598,34.0428,-34.0327,0.0000786,CC1=C(C=CC=C2Nc3sc4c(c3C2(C)C)CCCC4)C(=O)N(CCCC(=O)O)C1=O,1,O=C1C=C(C=CC=C2Cc3c(sc4c3CCCC4)N2)C(=O)N1,0.0000000,0.0000,0.1378929,0.1379,0.9053294,3.5291,12
33.4492,33.8847,-33.8786,0.0000479,COC(=O)C1(C)CCC2(C)CCC3(C(=O)O)C4=C(CCC3(C)C2C1)C1(C)CC(O)C(O)C(C)(C)C1CC4,1,C1CCC2C3=C(CCC2C1)C1CCC2CCCCC2C1CC3,0.0000000,0.0000,0.0463987,0.0464,0.4539052,5.1205,12
22.9084,29.6208,-29.6112,0.0000749,CC(C)(C)OC(=O)N1CCC(Oc2ccc3c(c2)C(=O)C(=Cc2ccncc2)O3)CC1,1,O=C1C(=Cc2ccncc2)Oc2ccc(OC3CCNCC3)cc21,0.0000000,0.0000,0.1143104,0.1143,0.9757010,2.5944,12
25.3197,25.7508,-25.7338,0.0001330,CC(=O)c1cc(N=CC2NCCN2)c(C)cc1O,1,C(=Nc1ccccc1)C1NCCN1,0.0000000,0.0000,0.6606386,0.6606,0.9213547,3.3969,12
23.4206,23.4454,-23.4300,0.0001207,CC(=O)c1c(O)oc(=O)c(C=Nc2ccc(N(C)C)cc2)c1O,1,O=c1occcc1C=Nc1ccccc1,0.0000000,0.0000,0.4828948,0.4829,0.9590455,2.9457,12
35.6703,35.9967,-35.9831,0.0001057,NC(=NN=c1[nH]c2ccsc2c(=O)n1-c1ccccc1)c1cnc2ccccc2n1,1,O=c1c2sccc2[nH]c(=NN=Cc2cnc3ccccc3n2)n1-c1ccccc1,0.0000000,0.0000,0.3252209,0.3252,0.9565489,2.9859,12
30.6237,33.1127,-33.0997,0.0001012,CCCN=C(CCc1ccccc1)C1=NNC(C)(C)C1,1,N=C(CCc1ccccc1)C1=NNCC1,0.0000000,0.0000,0.2857317,0.2857,0.9539843,3.0250,12
22.8759,23.5711,-23.5563,0.0001159,O=C(CSc1nc(=O)c2ccccc2[nH]1)Nc1cccc(O)c1,1,O=C(CSc1nc(=O)c2ccccc2[nH]1)Nc1ccccc1,0.0000000,0.0000,0.4196271,0.4196,0.9899070,2.0126,12
15.8209,18.6974,-18.6849,0.0000974,O=C1NC(=Nc2ccccc2)SC1=Cc1ccccc1,1,O=C1NC(=Nc2ccccc2)SC1=Cc1ccccc1,0.0000000,0.0000,0.2512389,0.2512,0.9786450,2.5083,12
51.6376,56.6760,-56.6698,0.0000486,C=CC(C)=CC=CC(C)C1C(=O)CC(C)=C(C)N1Cc1cn(-c2c(C)cccc2Cl)nn1,1,O=C1CC=CN(Cc2cn(-c3ccccc3)nn2)C1,0.0000000,0.0000,0.0364578,0.0365,0.7410132,4.3152,12
24.6496,26.8864,-26.8780,0.0000659,O=C1c2ccccc2C(=CC(=O)c2cccc3ccccc23)c2cc[nH]c21,1,O=C1c2ccccc2C(=CC(=O)c2cccc3ccccc23)c2cc[nH]c21,0.0000000,0.0000,0.0778065,0.0778,0.9781700,2.5230,12
25.7562,28.2104,-28.1985,0.0000928,COC1C(C)=NC(C)(c2cc(NC(=O)c3ccc(C(F)F)cn3)ccc2F)N=C1N,1,O=C(Nc1cccc(C2N=CCC=N2)c1)c1ccccn1,0.0000000,0.0000,0.2375105,0.2375,0.8340371,3.9482,12
25.7198,23.6586,-23.6488,0.0000773,COC(=O)C(Cc1ccc(OC)c(OC)c1)C(C)Cc1ccc(Cl)cc1,1,c1ccc(CCCCc2ccccc2)cc1,0.0000000,0.0000,0.1261103,0.1261,0.9673535,2.7924,12
27.4182,26.6796,-26.6685,0.0000860,COc1ccccc1OCCNCc1cccc(-c2c(C)noc2C)c1,1,c1ccc(OCCNCc2cccc(-c3cnoc3)c2)cc1,0.0000000,0.0000,0.1716610,0.1717,0.9889251,2.0738,12
13.9464,39.2191,73.7070,0.8822352,CN(C)C=CC=CC(O)=C1C(=O)CCN(C)C1=O,1,C=C1C(=O)CCNC1=O,1.0000000,1.0000,0.7132416,0.7132,0.9357373,3.2552,12
42.8965,40.5176,-40.5128,0.0000374,CCc1ccccc1N1C(=O)N(c2cc(Cl)cc(Cl)c2)C(=O)C12CCN(C1CCc3c(cccc3C(=O)O)C1)CC2,1,O=C1N(c2ccccc2)C(=O)C2(CCN(C3CCc4ccccc4C3)CC2)N1c1ccccc1,0.0000000,0.0000,0.0154281,0.0154,0.8518534,3.8605,12
25.0310,23.6246,-23.6177,0.0000533,O=C(O)c1ccccc1Nc1ccc(CCCc2ccccc2Cl)cc1,1,c1ccc(CCCc2ccc(Nc3ccccc3)cc2)cc1,0.0000000,0.0000,0.0407675,0.0408,0.9925786,1.8106,12
24.8845,26.5885,-26.5779,0.0000831,CC=C1CCC(CN2CCOCC2)C(c2ccc3ccccc3c2)C1=O,1,C=C1CCC(CN2CCOCC2)C(c2ccc3ccccc3c2)C1=O,0.0000000,0.0000,0.1611610,0.1612,0.9227437,3.3843,12
31.6241,33.0555,-33.0443,0.0000875,O=C(CCN1CCCCC1)Nc1cc2c(c(C(=O)NCCc3ccccc3)c1)CCC2,1,O=C(CCN1CCCCC1)Nc1cc2c(c(C(=O)NCCc3ccccc3)c1)CCC2,0.0000000,0.0000,0.1812099,0.1812,0.9868455,2.1872,12
20.9639,20.1822,-20.1775,0.0000366,CCCCCCC(C)(C)c1cc(O)c2c(c1)OC(C)(C)C1=C2CC(C)CC1,1,c1ccc2c(c1)OCC1=C2CCCC1,0.0000000,0.0000,0.0137675,0.0138,0.9191790,3.4162,12
18.2636,20.3618,-20.3454,0.0001284,C=CCN1CCN(c2ccc([N+](=O)[O-])cc2)CC1,1,c1ccc(N2CCNCC2)cc1,0.0000000,0.0000,0.5708790,0.5709,0.9905544,1.9690,12
27.7156,28.7025,-28.6890,0.0001058,O=C(O)c1cccc(CNC(=O)c2c(O)c3cccnc3n(-c3ccccc3)c2=O)c1,1,O=C(NCc1ccccc1)c1cc2cccnc2n(-c2ccccc2)c1=O,0.0000000,0.0000,0.3206153,0.3206,0.9863381,2.2122,12
26.3187,29.2372,-29.2213,0.0001247,C=C1CC(CC2(O)CC(O)CC(C)(C)C2)OC1=O,1,C=C1CC(CC2CCCCC2)OC1=O,0.0000000,0.0000,0.6264482,0.6264,0.7226603,4.3761,12
21.8948,22.7338,-22.7186,0.0001182,CCCC1=NCc2ccccc2O1,1,C1=NCc2ccccc2O1,0.0000000,0.0000,0.4504114,0.4504,0.9704074,2.7263,12
33.0418,31.0637,-31.0574,0.0000491,O=C(C1CCCCC1)N1CCN(C(=O)c2ccc(Br)cc2)C(c2ccccc2Br)C1,1,O=C(C1CCCCC1)N1CCN(C(=O)c2ccccc2)C(c2ccccc2)C1,0.0000000,0.0000,0.0323014,0.0323,0.9708762,2.7156,12
77.7015,79.0224,-79.0145,0.0000621,CC1=CC2=C3C(=O)C4OCOC4(CC4CCC(C(C)CN5CCOCC5)C4(C)C)C4(OC34)C2C(COC(N)=O)=CO1,1,O=C1C2=C3C=COC=CC3C3(OC23)C2(CC3CCC(CCN4CCOCC4)C3)OCOC12,0.0000000,0.0000,0.2495473,0.2495,0.0930388,6.4834,12
21.0390,23.2020,-23.1859,0.0001258,CC(=O)N1CCN(C(=O)CSc2ccc(-c3ccco3)nn2)CC1,1,O=C(CSc1ccc(-c2ccco2)nn1)N1CCNCC1,0.0000000,0.0000,0.5390582,0.5391,0.9828368,2.3632,12
28.5827,28.7329,-28.7191,0.0001079,Cc1ccc(NCC2CCCCC2C(=O)N2CCOCC2)cc1,1,O=C(C1CCCCC1CNc1ccccc1)N1CCOCC1,0.0000000,0.0000,0.3439004,0.3439,0.9654635,2.8303,12
22.3927,21.6975,-21.6909,0.0000510,CCCCOC(=O)C1(C)CCCC2(C)c3ccc(C(C)C)cc3CCC12,1,c1ccc2c(c1)CCC1CCCCC21,0.0000000,0.0000,0.0374884,0.0375,0.9097238,3.4950,12
35.2447,36.0597,-36.0473,0.0000962,COc1ccc(-c2c[nH]c3c(N(C)C4CCC(C(N)=O)CC4)ncnc23)c(C)c1,1,c1ccc(-c2c[nH]c3c(NC4CCCCC4)ncnc23)cc1,0.0000000,0.0000,0.2435786,0.2436,0.9685971,2.7662,12
24.5526,24.9804,-24.9712,0.0000715,Cc1ccccc1C(=O)N1CCN=C1SCc1cccc(C(F)(F)F)c1,1,O=C(c1ccccc1)N1CCN=C1SCc1ccccc1,0.0000000,0.0000,0.0989721,0.0990,0.9827917,2.3649,12
20.7599,25.2738,-25.2555,0.0001430,O=C1NC2(CCCCC2)C(=O)N1CC(O)CO,1,O=C1NC(=O)C2(CCCCC2)N1,0.0000000,0.0000,0.8171628,0.8172,0.9295837,3.3191,12
17.8890,21.6413,-21.6243,0.0001332,Cc1ccc(C)c(OCCOCCN2CCN(CCO)CC2)c1,1,c1ccc(OCCOCCN2CCNCC2)cc1,0.0000000,0.0000,0.6380910,0.6381,0.9892044,2.0569,12
22.7246,24.9566,-24.9387,0.0001402,CC(=O)N1CCC(NC(=O)c2cn(C)cn2)CC1,1,O=C(NC1CCNCC1)c1c[nH]cn1,0.0000000,0.0000,0.7454758,0.7455,0.9839338,2.3194,12
24.5308,24.8685,-24.8566,0.0000930,Cc1cccc(OCc2ccc(C(=O)N3CC(C)OC(C)C3)o2)c1C,1,O=C(c1ccc(COc2ccccc2)o1)N1CCOCC1,0.0000000,0.0000,0.2212549,0.2213,0.9576882,2.9679,12
18.2348,20.7220,-20.7080,0.0001099,C=CCOC(=O)C1C(C)=NC(=O)NC1c1ccccc1Cl,1,O=C1N=CCC(c2ccccc2)N1,0.0000000,0.0000,0.3746919,0.3747,0.9167184,3.4375,12
36.1422,36.8174,-36.8143,0.0000237,O=C(NCCCCCCCCN=c1c2c([nH]c3ccccc13)CCCC2)c1c(NCc2ccc3ccccc3n2)sc2c1CCC2,1,O=C(NCCCCCCCCN=c1c2c([nH]c3ccccc13)CCCC2)c1c(NCc2ccc3ccccc3n2)sc2c1CCC2,0.0000000,0.0000,0.0036854,0.0037,0.9435773,3.1650,12
33.7567,30.6491,-30.6400,0.0000712,CCc1ccc(CN2C(=O)c3cc(-c4ccc(OC)cc4)sc3C2=O)cc1,1,O=C1c2cc(-c3ccccc3)sc2C(=O)N1Cc1ccccc1,0.0000000,0.0000,0.0976490,0.0976,0.9865288,2.2029,12
27.0693,27.6088,-27.5917,0.0001336,CN(CCC#N)C(=O)C1CCN(S(=O)(=O)c2cccnc2)CC1,1,O=S(=O)(c1cccnc1)N1CCCCC1,0.0000000,0.0000,0.6458766,0.6459,0.9837171,2.3283,12
21.8871,23.5940,-23.5827,0.0000887,Cc1cc[nH]c(=NC(=S)N2CC=C(c3c[nH]c4ccccc34)CC2)c1,1,S=C(N=c1cccc[nH]1)N1CC=C(c2c[nH]c3ccccc23)CC1,0.0000000,0.0000,0.1938296,0.1938,0.9409770,3.1962,12
22.2694,21.3300,-21.3143,0.0001228,O=C(Cc1cccs1)NNC(=S)NCc1ccccc1,1,O=C(Cc1cccs1)NNC(=S)NCc1ccccc1,0.0000000,0.0000,0.5000064,0.5000,0.9903422,1.9836,12
24.7451,24.3076,-24.2938,0.0001073,COc1ccc(-c2nnc(COc3ccccc3)o2)cc1O,1,c1ccc(OCc2nnc(-c3ccccc3)o2)cc1,0.0000000,0.0000,0.3335699,0.3336,0.9908480,1.9483,12
26.1797,27.0588,-27.0416,0.0001349,O=C(C1CCCN1S(=O)(=O)c1ccccc1F)N1CCNCC1,1,O=C(C1CCCN1S(=O)(=O)c1ccccc1)N1CCNCC1,0.0000000,0.0000,0.6688820,0.6689,0.9731329,2.6616,12
39.3075,39.2373,-39.2226,0.0001156,Cc1cc(C(=O)NC(CC(C)C)C(=O)NC(Cc2c[nH]cn2)C(=O)C(=O)NCCCCCCCC(O)=NO)no1,1,O=C(CNC(=O)c1ccon1)NCCc1c[nH]cn1,0.0000000,0.0000,0.4550318,0.4550,0.8471885,3.8843,12
24.3654,24.3807,-24.3638,0.0001322,Nc1cccc(S(=O)(=O)NN=Cc2ccco2)c1,1,O=S(=O)(NN=Cc1ccco1)c1ccccc1,0.0000000,0.0000,0.6258288,0.6258,0.9835024,2.3370,12
26.2247,26.6262,-26.6163,0.0000770,COc1cccc(-n2c(O)c3ccccc3c(C=NCc3cccs3)c2=O)c1,1,O=c1c(C=NCc2cccs2)c2ccccc2cn1-c1ccccc1,0.0000000,0.0000,0.1243583,0.1244,0.9713756,2.7040,12
23.2023,22.5777,-22.5640,0.0001065,O=c1c2cc(Cl)ccc2oc2ccc(O)c(O)c12,1,O=c1c2ccccc2oc2ccccc12,0.0000000,0.0000,0.3269167,0.3269,0.9859157,2.2323,12
26.9108,27.5276,-27.5120,0.0001221,COc1ccccc1CNCC(=O)Nc1ccc(C=O)cc1,1,O=C(CNCc1ccccc1)Nc1ccccc1,0.0000000,0.0000,0.4905841,0.4906,0.9924031,1.8259,12
19.8415,20.4503,-20.4341,0.0001260,CC(C)n1c(=N)n(C)c2ccccc21,1,N=c1[nH]c2ccccc2[nH]1,0.0000000,0.0000,0.5432816,0.5433,0.9804861,2.4484,12
27.3805,27.3458,-27.3330,0.0000999,CCCCCCC1C(=O)N(Cc2ccccc2)C(SC)=NS1(=O)=O,1,O=C1CS(=O)(=O)N=CN1Cc1ccccc1,0.0000000,0.0000,0.2788028,0.2788,0.9283791,3.3310,12
21.5231,23.1124,-23.1008,0.0000902,C=CC1(C)CCC2CC1CC2=C,1,C=C1CC2CCCC1C2,0.0000000,0.0000,0.3347631,0.3348,0.3953329,5.2768,12
23.9095,24.4545,-24.4375,0.0001327,Cc1cccc(=NC(=O)CSc2nnc(CN3CCOCC3)n2C)[nH]1,1,O=C(CSc1nnc(CN2CCOCC2)[nH]1)N=c1cccc[nH]1,0.0000000,0.0000,0.6445123,0.6445,0.9533308,3.0347,12
16.2169,19.9205,-19.9042,0.0001279,CC1OC(=O)C1=Cc1ccccc1,1,O=C1OCC1=Cc1ccccc1,0.0000000,0.0000,0.5722344,0.5722,0.9661673,2.8164,12
22.5248,23.4124,-23.3996,0.0001002,c1ccc(OCCCCCOc2cccc(-c3nn[nH]n3)c2)cc1,1,c1ccc(OCCCCCOc2cccc(-c3nn[nH]n3)c2)cc1,0.0000000,0.0000,0.2714647,0.2715,0.9903779,1.9812,12
21.9124,24.5194,-24.5080,0.0000897,CCCCCCCC=CC1CC(C[N+](C)(C)C)CC1=O,1,O=C1CCCC1,0.0000000,0.0000,0.2138047,0.2138,0.8418973,3.9105,12
11.2953,40.3387,-40.3387,0.0000000,O=C1NC(=O)C(=C(O)C=CC=CN2CCCCC2)C(=O)N1,1,O=C1NC(=O)C(=CC=CC=CN2CCCCC2)C(=O)N1,1.0000000,1.0000,0.6986422,0.6986,0.9449534,3.1480,12
24.2801,25.3037,-25.2855,0.0001423,O=c1cc(CN2CCC(N3CCOCC3)CC2)[nH]c(=O)[nH]1,1,O=c1cc(CN2CCC(N3CCOCC3)CC2)[nH]c(=O)[nH]1,0.0000000,0.0000,0.7823377,0.7823,0.9790502,2.4956,12
21.3793,23.0450,-23.0268,0.0001416,CC(=O)N=c1[nH]c(=O)n(-c2ccccc2)c(=O)[nH]1,1,N=c1[nH]c(=O)n(-c2ccccc2)c(=O)[nH]1,0.0000000,0.0000,0.7747257,0.7747,0.9707733,2.7180,12
32.6081,29.8702,-29.8606,0.0000750,O=C(CSc1ccc(NC(=O)c2cccnc2)cc1)OCC(=O)c1ccc(Cl)cc1,1,O=C(CSc1ccc(NC(=O)c2cccnc2)cc1)OCC(=O)c1ccccc1,0.0000000,0.0000,0.1138584,0.1139,0.9894087,2.0444,12
32.4257,32.6119,-32.5975,0.0001128,Cc1cc(C(=O)NS(=O)(=O)NC2CCCC2)c(C)n1C1CCCC1,1,O=C(NS(=O)(=O)NC1CCCC1)c1ccn(C2CCCC2)c1,0.0000000,0.0000,0.3893910,0.3894,0.9786116,2.5094,12
26.9232,25.6110,-25.5964,0.0001142,COc1ccc(C(C)=O)cc1OCC(O)CN1CCN(c2ccccc2OC)CC1,1,c1ccc(OCCCN2CCN(c3ccccc3)CC2)cc1,0.0000000,0.0000,0.4043631,0.4044,0.9787846,2.5039,12
32.1378,32.7663,-32.7536,0.0000988,CS(=O)(=O)Nc1ccccc1C(=O)NCCCN1CCC2(C=Cc3ccccc32)CC1,1,O=C(NCCCN1CCC2(C=Cc3ccccc32)CC1)c1ccccc1,0.0000000,0.0000,0.2652699,0.2653,0.9586885,2.9516,12
21.6603,22.3240,-22.3098,0.0001110,O=C(NCCN1CCC2(CC1)C(=O)NCN2c1ccccc1)c1ccccc1Cl,1,O=C(NCCN1CCC2(CC1)C(=O)NCN2c1ccccc1)c1ccccc1,0.0000000,0.0000,0.3736077,0.3736,0.9686034,2.7661,12
15.8566,48.6527,61.6942,0.8620856,CN(O)C=CC=CC(O)=C1C(=O)OC(C)(C)OC1=O,1,C=C1C(=O)OCOC1=O,1.0000000,1.0000,0.6837237,0.6837,0.8924796,3.6213,12
25.0104,25.2604,-25.2422,0.0001423,CCCn1c(=O)c2[nH]c(N(C)C)nc2n(COCCO)c1=O,1,O=c1[nH]c(=O)c2[nH]cnc2[nH]1,0.0000000,0.0000,0.7910398,0.7910,0.9610515,2.9116,12
38.3577,37.4990,-37.4862,0.0001004,CC12C(CCC1N(CO)CCO)OC(=O)C13CC(CCC12)C3,1,O=C1OC2CCCC2C2CCC3CC12C3,0.0000000,0.0000,0.6515613,0.6516,0.2160115,5.8397,12
23.8001,24.4712,-24.4601,0.0000865,CC1=NC(=O)NC(c2ccc(Oc3ccccc3)cc2)C1C(=O)N=c1cccc[nH]1,1,O=C1N=CC(C(=O)N=c2cccc[nH]2)C(c2ccc(Oc3ccccc3)cc2)N1,0.0000000,0.0000,0.1873994,0.1874,0.8763500,3.7243,12
24.0945,25.7879,-25.7743,0.0001063,O=C(CCCCC1SCC2NC(=O)NC21)NCCCC1CCCCC1,1,O=C(CCCCC1SCC2NC(=O)NC21)NCCCC1CCCCC1,0.0000000,0.0000,0.3416421,0.3416,0.9026421,3.5493,12
23.2719,23.3094,-23.2951,0.0001115,Cc1ccccc1NS(=O)(=O)c1ccc(C)c(C(=O)O)c1,1,O=S(=O)(Nc1ccccc1)c1ccccc1,0.0000000,0.0000,0.3737357,0.3737,0.9934108,1.7326,12
10.2903,34.6802,-34.6802,0.0000000,O=C1C(=C(O)C=CC=CN2CCCC2)C(=O)c2ccccc21,1,O=C1C(=CC=CC=CN2CCCC2)C(=O)c2ccccc21,1.0000000,1.0000,0.3535903,0.3536,0.9639946,2.8584,12
17.1371,35.5512,-35.5343,0.0001320,O=C1NC(=O)C(=C(O)C=Cc2ccoc2)O1,1,O=C1NC(=O)C(=CC=Cc2ccoc2)O1,0.0000000,0.0000,0.6504132,0.6504,0.9113842,3.4817,12
19.0181,18.3775,-18.3607,0.0001317,Nc1cccc(Cn2ccnc2)c1,1,c1ccc(Cn2ccnc2)cc1,0.0000000,0.0000,0.6169579,0.6170,0.9896756,2.0276,12
29.5978,29.4563,-29.4404,0.0001244,Cc1nc2nc(CCc3nc(N4CCCC4)n(C)n3)nn2c(C)c1C,1,c1cnc2nc(CCc3n[nH]c(N4CCCC4)n3)nn2c1,0.0000000,0.0000,0.5291642,0.5292,0.9600780,2.9284,12
32.5804,36.2778,-36.2629,0.0001166,COc1ccccc1NC(=O)CNC(=O)CN(C)CC(=O)NCc1cccc2ccccc12,1,O=C(CNCC(=O)NCc1cccc2ccccc12)NCC(=O)Nc1ccccc1,0.0000000,0.0000,0.4280371,0.4280,0.9886740,2.0885,12
20.6974,22.0973,-22.0837,0.0001057,CC1Cc2ccccc2N1C(=O)COC(=O)CCc1ccccc1,1,O=C(CCc1ccccc1)OCC(=O)N1CCc2ccccc21,0.0000000,0.0000,0.3197380,0.3197,0.9828891,2.3612,12
25.6748,25.5345,-25.5221,0.0000971,O=C(NCc1ccccc1)NC(Cc1ccccc1)C(=O)N1CCCCCC1,1,O=C(NCc1ccccc1)NC(Cc1ccccc1)C(=O)N1CCCCCC1,0.0000000,0.0000,0.2475151,0.2475,0.9849884,2.2745,12
24.3835,25.1660,-25.1492,0.0001313,Cc1ccc(O)cc1C(O)CNC(C)C,1,c1ccccc1,0.0000000,0.0000,0.6156104,0.6156,0.9751681,2.6089,12
18.1116,33.1908,-33.1769,0.0001086,CN(C)C=CC=CC=CC=CC=CN1CCCC1,1,C1CCNC1,0.0000000,0.0000,0.3611363,0.3611,0.9146640,3.4548,12
31.6999,33.5717,-33.5563,0.0001201,C=CCn1cc(C(=O)O)c(=O)c2c(N(C)CCOC)ccc(C)c21,1,O=c1cc[nH]c2ccccc12,0.0000000,0.0000,0.4731042,0.4731,0.9690971,2.7554,12
30.8693,37.6145,-37.6001,0.0001123,CN1C(=O)S(=O)OC1=CC(=O)c1ccc2ccccc2c1,1,O=C(C=C1NC(=O)S(=O)O1)c1ccc2ccccc2c1,0.0000000,0.0000,0.4010149,0.4010,0.9084140,3.5053,12
12.1030,46.7665,67.8250,0.8952460,CCCN1C(=O)NC(=O)C(=C(O)C=CC=CN(C)CCO)C1=O,1,C=C1C(=O)NC(=O)NC1=O,1.0000000,1.0000,0.7445368,0.7445,0.9373391,3.2377,12
21.1763,22.7291,-22.7179,0.0000871,COc1ccc(C=CC(=O)NCCCN=c2cc[nH]c3cc(Cl)ccc23)cc1,1,O=C(C=Cc1ccccc1)NCCCN=c1cc[nH]c2ccccc12,0.0000000,0.0000,0.1797644,0.1798,0.9742350,2.6335,12
20.4906,22.8917,-22.8757,0.0001244,CC(=O)N1CCN(C(=O)NC23CC4CC(CC(C4)C2)C3)CC1,1,O=C(NC12CC3CC(CC(C3)C1)C2)N1CCNCC1,0.0000000,0.0000,0.5456904,0.5457,0.9075626,3.5120,12
19.7140,19.3262,-19.3123,0.0001080,COc1ccc(-c2cn3cc(C)nc(C)c3n2)cc1,1,c1ccc(-c2cn3ccncc3n2)cc1,0.0000000,0.0000,0.3407967,0.3408,0.9859688,2.2298,12
21.8064,27.8770,-27.8605,0.0001286,C=C1C(=O)OC(C2COC(=O)C2=C)CC1C,1,C=C1CCC(C2COC(=O)C2=C)OC1=O,0.0000000,0.0000,0.6802049,0.6802,0.7360146,4.3320,12
26.6750,29.3279,-29.3107,0.0001349,CCNC(N)=NCCCNCCCNCCCNC(=O)Nc1ccccc1,1,c1ccccc1,0.0000000,0.0000,0.6653139,0.6653,0.9822680,2.3848,12
26.8265,26.2459,-26.2340,0.0000932,Cc1n[nH]c(-c2ccc([N+](=O)[O-])cc2)c1C=NNc1ccccc1,1,C(=NNc1ccccc1)c1cn[nH]c1-c1ccccc1,0.0000000,0.0000,0.2195395,0.2195,0.9814171,2.4159,12
23.9179,25.1619,-25.1456,0.0001272,CN(C)C(=O)N1CCC(C(=O)Nc2cccc(S(=O)(=O)N3CCOCC3)c2)CC1,1,O=C(Nc1cccc(S(=O)(=O)N2CCOCC2)c1)C1CCNCC1,0.0000000,0.0000,0.5568633,0.5569,0.9862478,2.2166,12
27.3108,29.3382,-29.3250,0.0001030,Cc1cc2n(C3CCCCC3)c(=O)c3ccc(C(=O)O)cc3n2n1,1,O=c1c2ccccc2n2nccc2n1C1CCCCC1,0.0000000,0.0000,0.2969092,0.2969,0.9784821,2.5134,12
26.1421,26.7768,-26.7710,0.0000453,COc1ccc(CCN2CCC(N=c3nc4ccccc4c(Oc4c(C)cc(C=CC#N)cc4C)[nH]3)CC2)cc1OC,1,c1ccc(CCN2CCC(N=c3nc4ccccc4c(Oc4ccccc4)[nH]3)CC2)cc1,0.0000000,0.0000,0.0259810,0.0260,0.9293580,3.3213,12
22.0009,21.7486,-21.7368,0.0000922,S=C(NCc1ccc2c(c1)OCO2)Nc1ccccc1Br,1,S=C(NCc1ccc2c(c1)OCO2)Nc1ccccc1,0.0000000,0.0000,0.2112050,0.2112,0.9900078,2.0060,12
32.9490,31.4399,-31.4272,0.0000993,CSC(=S)NN=Cc1cn(-c2ccc(C(=O)O)cc2)nc1-c1cccnc1,1,c1ccc(-n2ccc(-c3cccnc3)n2)cc1,0.0000000,0.0000,0.2664284,0.2664,0.9762555,2.5790,12
22.7571,24.2433,-24.2306,0.0000997,N#CCCN1CCN(C2=Nc3ccccc3Nc3ccccc32)CC1,1,c1ccc2c(c1)N=C(N1CCNCC1)c1ccccc1N2,0.0000000,0.0000,0.2686269,0.2686,0.9816456,2.4077,12
22.8936,25.9737,-25.9592,0.0001126,COc1ccccc1C=C1C(=O)N(C)C(=O)N(CC(=O)Nc2ccc(C)cc2)C1=O,1,O=C(CN1C(=O)NC(=O)C(=Cc2ccccc2)C1=O)Nc1ccccc1,0.0000000,0.0000,0.3854240,0.3854,0.9866796,2.1955,12
31.1124,29.6809,-29.6686,0.0000962,N#Cc1c(-c2ccc(Cl)cc2)cc(C#N)n2c(=N)cccc12,1,N=c1cccc2cc(-c3ccccc3)ccn12,0.0000000,0.0000,0.2440247,0.2440,0.9610701,2.9113,12
27.9845,31.1749,-31.1603,0.0001141,CN1C(=O)C(NC(=O)C=Cc2cccnc2)N=C(C2CC2)c2ccccc21,1,O=C(C=Cc1cccnc1)NC1N=C(C2CC2)c2ccccc2NC1=O,0.0000000,0.0000,0.4098062,0.4098,0.9521037,3.0524,12
9.5857,48.4722,35.5634,0.6565285,CC1=NN(c2ccccc2)C(=O)C1=C(O)C=CC=CN1CCCC1,1,O=C1C(=CC=CC=CN2CCCC2)C=NN1c1ccccc1,1.0000000,1.0000,0.2895693,0.2896,0.9605371,2.9205,12
37.0373,37.0426,-37.0336,0.0000700,O=C(COc1cccc(Cl)c1)NC(Cc1ccccc1)C(O)CNC1CC2(CCCO2)Cc2c(C(=O)O)cccc21,1,O=C(COc1ccccc1)NC(CCNC1CC2(CCCO2)Cc2ccccc21)Cc1ccccc1,0.0000000,0.0000,0.1095956,0.1096,0.7360573,4.3319,12
23.4679,24.0282,-24.0174,0.0000842,CCCCCCCc1cc(C(=O)O)c2ccccc2n1,1,c1ccc2ncccc2c1,0.0000000,0.0000,0.1611718,0.1612,0.9916285,1.8897,12
26.8314,26.4144,-26.4044,0.0000781,O=C(NC(Cc1ccccc1)C(=O)Nc1cccc2ccccc12)C1Cc2ccccc2CN1,1,O=C(NC(Cc1ccccc1)C(=O)Nc1cccc2ccccc12)C1Cc2ccccc2CN1,0.0000000,0.0000,0.1307652,0.1308,0.9622661,2.8902,12
26.4947,32.8011,-32.7871,0.0001093,CN1CCN(C=c2sc(=CC=Cc3sc4ccccc4[n+]3C)[nH]c2=S)CC1,1,S=c1[nH]c(=CC=Cc2[nH+]c3ccccc3s2)sc1=CN1CCNCC1,0.0000000,0.0000,0.3752785,0.3753,0.8868442,3.6587,12
48.3149,49.9491,-49.9343,0.0001158,CC(C)NC(=O)C1OC2CCC(CN)(CCN3CCCCC3)C1(C(=O)O)O2,1,C1CCN(CCC2CCC3OCC2O3)CC1,0.0000000,0.0000,0.6659597,0.6660,0.4398113,5.1576,12
35.5301,35.6919,-35.6732,0.0001467,CC(C)C(NC(=O)C(N)CC(=O)O)C(=O)NC(CO)C(=O)NC(CCCN=C(N)N)C(N)O,1,,0.0000000,0.0000,0.9457324,0.9457,0.8238123,3.9952,12
33.9393,35.6069,-35.5890,0.0001400,COCN1CCC(O)c2c(nnn2C)C1,1,C1CNCc2nn[nH]c2C1,0.0000000,0.0000,0.8016214,0.8016,0.8598709,3.8181,12
27.4638,28.7164,-28.6996,0.0001314,CC(=O)Nc1c(C)ccc(C(=O)OCC(=O)O)c1C,1,c1ccccc1,0.0000000,0.0000,0.6129100,0.6129,0.9889305,2.0734,12
37.7648,39.0337,-39.0228,0.0000851,CCC1CC(CC=O)C(C(C)C)=CC2=C1C(=O)CCC2,1,O=C1CCCC2=C1CCCC=C2,0.0000000,0.0000,0.1919443,0.1919,0.7686678,4.2177,12
19.1862,21.5443,-21.5294,0.0001170,CC(C)C1=Nc2ccccc2NC(=O)C1,1,O=C1CC=Nc2ccccc2N1,0.0000000,0.0000,0.4358196,0.4358,0.9767276,2.5656,12
25.6987,26.8035,-26.7877,0.0001231,COCCN1CC23CCC(O2)C(C(N)=O)=C3C1=O,1,O=C1NCC23CCC(C=C12)O3,0.0000000,0.0000,0.8413225,0.8413,0.4033895,5.2549,12
21.4380,22.0996,-22.0858,0.0001077,C#Cc1ccc(C(=O)Nc2ccc(F)c(C3(C)N=C(N)OCC3(F)F)c2)nc1,1,O=C(Nc1cccc(C2CCOC=N2)c1)c1ccccn1,0.0000000,0.0000,0.3526710,0.3527,0.9131767,3.4671,12
21.8040,23.8628,-23.8504,0.0000969,CCCCNCc1ccc(NC2CCCC2)cc1,1,c1ccc(NC2CCCC2)cc1,0.0000000,0.0000,0.2451132,0.2451,0.9930230,1.7701,12
19.5521,21.6214,-21.6053,0.0001263,CC1CN(C(=O)CNC(=O)c2ccccc2Cl)CC(C)O1,1,O=C(NCC(=O)N1CCOCC1)c1ccccc1,0.0000000,0.0000,0.5490764,0.5491,0.9715562,2.6998,12
18.1013,22.3664,-22.3554,0.0000861,O=C1NC(c2ccccc2)SC1=CC=Cc1ccccc1,1,O=C1NC(c2ccccc2)SC1=CC=Cc1ccccc1,0.0000000,0.0000,0.1752359,0.1752,0.9591108,2.9446,12
16.0142,16.0593,-16.0415,0.0001392,Oc1ccc(O)c(O)c1,1,c1ccccc1,0.0000000,0.0000,0.7272019,0.7272,0.9922019,1.8431,12
20.8549,21.1005,-21.0846,0.0001240,O=c1[nH]c(O)c(C=c2cnn3c(NC4CC4)cc(=Nc4ccc(F)cc4)nc23)[nH]1,1,O=c1[nH]cc(C=c2cnn3c(NC4CC4)cc(=Nc4ccccc4)nc23)[nH]1,0.0000000,0.0000,0.5464376,0.5464,0.8898057,3.6393,12
32.9484,33.8586,-33.8442,0.0001130,Cc1cc(C=NN=C(N)N2CCOCC2)c2c(Cl)ccc(C)c2n1,1,C(=NN=CN1CCOCC1)c1ccnc2ccccc12,0.0000000,0.0000,0.3968393,0.3968,0.9589618,2.9471,12
23.2375,23.2199,-23.2049,0.0001172,CCOC(=O)Cc1cc(Cl)c(N)c(Cl)c1,1,c1ccccc1,0.0000000,0.0000,0.4341187,0.4341,0.9894724,2.0404,12
21.9436,22.1500,-22.1375,0.0000980,CCCN(CCC)Cc1cc(=O)oc2cc(C)ccc12,1,O=c1ccc2ccccc2o1,0.0000000,0.0000,0.2546649,0.2547,0.9871267,2.1730,12
29.0635,30.0906,-30.0790,0.0000904,CC1=Nc2n[nH]c(CC(C)C)c2C(c2cccnc2OC(C)C)C1C(=O)O,1,C1=Nc2n[nH]cc2C(c2cccnc2)C1,0.0000000,0.0000,0.2199719,0.2200,0.8314277,3.9604,12
24.4073,26.0685,-26.0585,0.0000779,COC(=O)C1=C(C)N=C2CC(C)(C)CC(=O)C2C1c1ccc(OC)c(OC)c1Cl,1,O=C1CCCC2=NC=CC(c3ccccc3)C12,0.0000000,0.0000,0.1337296,0.1337,0.9084031,3.5054,12
16.0487,36.5115,5.8774,0.3311634,CCCCN(C)C=CC=CC(O)=C1C(=O)CC2C1(C)CCC1C(C)(C)C(O)CCC21C,1,C=C1C(=O)CC2C1CCC1CCCCC12,1.0000000,1.0000,0.0472553,0.0473,0.6308607,4.6509,12
25.4946,26.1772,-26.1595,0.0001377,COc1ccc2c(=O)c(C(=O)NCC=O)c[nH]c2c1,1,O=c1cc[nH]c2ccccc12,0.0000000,0.0000,0.7072732,0.7073,0.9848426,2.2809,12
24.3141,25.0491,-25.0367,0.0000964,OC1CCN(C2CCC(c3c[nH]c4ccccc34)CC2)CC1,1,c1ccc2c(C3CCC(N4CCCCC4)CC3)c[nH]c2c1,0.0000000,0.0000,0.2424884,0.2425,0.9854969,2.2517,12
24.4190,31.6914,-31.6744,0.0001326,CN1C(=O)C(=C2CCCCC2)C(=O)N(N=O)C1=O,1,O=C1NC(=O)C(=C2CCCCC2)C(=O)N1,0.0000000,0.0000,0.6456239,0.6456,0.9471982,3.1193,12
20.7441,20.5161,-20.5036,0.0000983,Cc1ccc2cc3[n+](cc2c1)CCc1cc2c(cc1-3)OCO2,1,c1ccc2c[n+]3c(cc2c1)-c1cc2c(cc1CC3)OCO2,0.0000000,0.0000,0.2592442,0.2592,0.9684873,2.7686,12
30.2766,30.1086,-30.0947,0.0001083,NC(=O)c1n[nH]c(=NC2CCCCC2N)[nH]c1=Nc1cccc2c1ncc(=O)n2-c1cccc(Cl)c1,1,O=c1cnc2c(N=c3cn[nH]c(=NC4CCCCC4)[nH]3)cccc2n1-c1ccccc1,0.0000000,0.0000,0.4033492,0.4033,0.7430879,4.3081,12
27.9365,27.2461,-27.2387,0.0000577,O=C(Nc1ccccc1)c1oc2ccccc2c1NC(=O)C(c1ccccc1)N1CCCC1,1,O=C(Nc1ccccc1)c1oc2ccccc2c1NC(=O)C(c1ccccc1)N1CCCC1,0.0000000,0.0000,0.0522122,0.0522,0.9751561,2.6092,12
25.5284,26.5670,-26.5502,0.0001310,O=C(O)c1ccc(N2CCCC3(OCCO3)C2=O)cc1,1,O=C1N(c2ccccc2)CCCC12OCCO2,0.0000000,0.0000,0.6196196,0.6196,0.9552360,3.0062,12
26.0297,28.5782,-28.5603,0.0001400,CNC1C(=O)C(C)(O)C(=O)C=C1C,1,O=C1C=CCC(=O)C1,0.0000000,0.0000,0.8465790,0.8466,0.7836450,4.1616,13
28.0014,28.1659,-28.1511,0.0001155,O=c1c2ccc(Cl)cc2[nH]c(=S)n1CCC1OCCO1,1,O=c1c2ccccc2[nH]c(=S)n1CCC1OCCO1,0.0000000,0.0000,0.4196545,0.4197,0.9748836,2.6165,13
35.9271,35.6359,-35.6239,0.0000944,COc1cc2c3c(c1OC)N(C)C(C)(C)C3C=CC2C,1,C1=CC2CNc3cccc(c32)C1,0.0000000,0.0000,0.2522883,0.2523,0.8222482,4.0022,13
23.9245,25.0092,-24.9932,0.0001250,CCCCCCCNC(=S)NCC1CCNCC1,1,C1CCNCC1,0.0000000,0.0000,0.5281862,0.5282,0.9856347,2.2454,13
19.7810,20.0999,-20.0832,0.0001301,O=C(O)c1cc2ncccc2cc1O,1,c1ccc2ncccc2c1,0.0000000,0.0000,0.5932836,0.5933,0.9907969,1.9519,13
27.9086,25.5961,-25.5880,0.0000630,CCOc1ccc(-n2c(O)c(O)c(C(=O)c3ccco3)c2-c2cccc(OCC)c2)cc1,1,O=C(c1ccco1)c1ccn(-c2ccccc2)c1-c1ccccc1,0.0000000,0.0000,0.0680218,0.0680,0.9751981,2.6081,13
27.7178,27.6483,-27.6317,0.0001299,CCCNCC(=O)N=c1c2c([nH]n1-c1ccc(F)cc1)CS(=O)(=O)C2,1,N=c1c2c([nH]n1-c1ccccc1)CS(=O)(=O)C2,0.0000000,0.0000,0.6127885,0.6128,0.9305260,3.3096,13
22.5311,22.5405,-22.5240,0.0001290,O=C1CCC2(CCNCC2)CN1c1cccnc1,1,O=C1CCC2(CCNCC2)CN1c1cccnc1,0.0000000,0.0000,0.5933597,0.5934,0.9489084,3.0967,13
19.5083,21.2681,-21.2527,0.0001202,CN1CCN(C(=O)c2cc3ccccc3s2)CC1,1,O=C(c1cc2ccccc2s1)N1CCNCC1,0.0000000,0.0000,0.4686968,0.4687,0.9912191,1.9211,13
23.8315,25.5124,-25.4951,0.0001353,CCCCN(C)CCN=c1[nH]cnc2c1ncn2C1OC(CO)C(O)C1O,1,N=c1[nH]cnc2c1ncn2C1CCCO1,0.0000000,0.0000,0.7823583,0.7824,0.7501143,4.2839,13
18.3145,47.6456,22.7083,0.5496397,O=C1CCCC1=C(O)C=CC=CN1C(=O)SC(=Cc2ccc(O)cc2)C1=O,1,O=C1CCCC1=CC=CC=CN1C(=O)SC(=Cc2ccccc2)C1=O,1.0000000,1.0000,0.1733930,0.1734,0.9270527,3.3439,13
18.5769,19.3811,-19.3649,0.0001266,COc1ccccc1C=NNC(=O)c1ccncc1,1,O=C(NN=Cc1ccccc1)c1ccncc1,0.0000000,0.0000,0.5470027,0.5470,0.9918808,1.8696,13
30.6847,31.7261,-31.7119,0.0001105,Cc1cc2c(c(O)c1C(=O)O)C1(C)CCC(O)C(C)(C)C1O2,1,c1ccc2c(c1)OC1CCCCC21,0.0000000,0.0000,0.4080836,0.4081,0.8095147,4.0575,13
19.3531,19.3699,-19.3526,0.0001346,Cc1nc2ccccc2c(=O)n1-n1cnnc1,1,O=c1c2ccccc2ncn1-n1cnnc1,0.0000000,0.0000,0.6643985,0.6644,0.9746138,2.6236,13
36.3094,37.4951,-37.4951,0.0000000,c1ncc(CNC2CN(CCN=c3c4c(cccc4)n[nH]c3C)CC2)nc1,0,,0.0000000,0.0000,0.0000000,0.0000,0.0000000,0.0000,13
11.1713,35.9260,78.8470,0.8966642,CC1(C)OC(=O)C(=C(O)C=CC=CN(CCO)CCO)C(=O)O1,1,C=C1C(=O)OCOC1=O,1.0000000,1.0000,0.7647152,0.7647,0.9019492,3.5544,13
16.2705,44.9988,13.8332,0.4596247,O=C1C(=C(O)C=CC=CN2CCCC2c2ccccc2)C(=O)c2ccccc21,1,O=C1C(=CC=CC=CN2CCCC2c2ccccc2)C(=O)c2ccccc21,1.0000000,1.0000,0.1010441,0.1010,0.9326605,3.2878,13
40.3533,42.2664,-42.2540,0.0000969,CC1(C)CCCC2(C)OCC3=CC(=O)C=CC34OC(=O)C124,1,O=C1C=CC23OC(=O)C24CCCCC4OCC3=C1,0.0000000,0.0000,0.4759170,0.4759,0.3102773,5.5204,13
29.0010,30.9464,-30.9369,0.0000742,O=C(N=Nc1c(O)[nH]c2ccccc12)c1ccc(OCCCCCCO)cc1,1,O=C(N=Nc1c[nH]c2ccccc12)c1ccccc1,0.0000000,0.0000,0.1113883,0.1114,0.9747923,2.6189,13
30.6076,29.8003,-29.7832,0.0001338,CN(CC(O)c1ccc(O)c(C(N)=O)c1)S(=O)(=O)C1CCCC1,1,O=S(=O)(NCCc1ccccc1)C1CCCC1,0.0000000,0.0000,0.6617683,0.6618,0.9510438,3.0674,13
14.1165,22.0232,-22.0042,0.0001482,COC(=O)C=C1C(=O)NC(=O)NC1=O,1,C=C1C(=O)NC(=O)NC1=O,0.0000000,0.0000,0.8864135,0.8864,0.9727004,2.6723,13
10.7232,47.7012,70.2617,0.9215852,CN(C=CC=CC(O)=C1C(=O)C(=O)N(C)C1=O)CCO,1,C=C1C(=O)NC(=O)C1=O,1.0000000,1.0000,0.8224476,0.8224,0.9170057,3.4350,13
27.2291,26.9697,-26.9662,0.0000267,CCCCCCCCC=CCCCCCCCC(=O)Oc1ccc(C(F)(F)F)cc1OC,1,c1ccccc1,0.0000000,0.0000,0.0051654,0.0052,0.9824736,2.3771,13
25.9037,27.5970,-27.5837,0.0001038,CCCNC(=O)Cn1cc(C(=O)c2ccc(C)cc2)c(=O)c2cc(OC)ccc21,1,O=C(c1ccccc1)c1c[nH]c2ccccc2c1=O,0.0000000,0.0000,0.3022935,0.3023,0.9882544,2.1125,13
28.7246,28.1893,-28.1753,0.0001098,Cc1cc(=NCC(C)(C)N)c2oc3ccccc3c2[nH]1,1,N=c1cc[nH]c2c1oc1ccccc12,0.0000000,0.0000,0.3673919,0.3674,0.9424065,3.1792,13
27.7666,31.9222,-31.9086,0.0001062,CC1=NC(C)=C(C(=O)Nc2ccccc2)C(=O)C1NC(=O)C1CCCCC1,1,O=C(Nc1ccccc1)C1=CN=CC(NC(=O)C2CCCCC2)C1=O,0.0000000,0.0000,0.3295602,0.3296,0.9565506,2.9859,13
20.1649,20.3785,-20.3623,0.0001266,CC1COc2c(N3CCNCC3)c(F)cc3c(=O)c(C(=O)O)cn1c23,1,O=c1ccn2c3c(c(N4CCNCC4)ccc13)OCC2,0.0000000,0.0000,0.5643282,0.5643,0.9404887,3.2019,13
31.2783,31.1305,-31.1163,0.0001103,CCn1c(-c2ccc(OC)nc2)c2cccc(C)c2nc1=O,1,O=c1nc2ccccc2c(-c2cccnc2)[nH]1,0.0000000,0.0000,0.3637427,0.3637,0.9808307,2.4365,13
16.5369,18.8272,-18.8134,0.0001074,Clc1ccc(N=NC=CN2CCOCC2)cc1,1,C(=CN1CCOCC1)N=Nc1ccccc1,0.0000000,0.0000,0.3401269,0.3401,0.9598493,2.9322,13
26.2903,27.9721,-27.9559,0.0001263,C=CCOc1cccc(Cc2c[nH]c(=N)[nH]2)c1,1,N=c1[nH]cc(Cc2ccccc2)[nH]1,0.0000000,0.0000,0.5538994,0.5539,0.9593100,2.9413,13
34.5407,36.1207,-36.1113,0.0000731,CC(C)CCCC(C)(O)C1CCC2C3CCC(C)C4(O)C=CC34C(O)C(O)C21C,1,C1=CC23CCC4CCCC4C2CCCC13,0.0000000,0.0000,0.2295290,0.2295,0.2532839,5.7043,13
21.0097,20.8675,-20.8564,0.0000865,O=C1c2ccccc2NC(c2ccoc2)N1c1ccccc1,1,O=C1c2ccccc2NC(c2ccoc2)N1c1ccccc1,0.0000000,0.0000,0.1767890,0.1768,0.9706870,2.7200,13
19.1276,19.8392,-19.8298,0.0000734,CC1(C)CCCC2(C)CCc3ccccc3C12,1,c1ccc2c(c1)CCC1CCCCC21,0.0000000,0.0000,0.1101613,0.1102,0.9328758,3.2856,13
18.4745,22.4354,-22.4198,0.0001217,O=C1C=CC(=C2C(=O)Nc3ccccc32)CC1,1,O=C1C=CC(=C2C(=O)Nc3ccccc32)CC1,0.0000000,0.0000,0.4932472,0.4932,0.9675625,2.7881,13
32.8064,36.2130,-36.2023,0.0000835,COc1ccc(C2CC(=O)N(C)CC2C=C(C(F)(F)F)C(F)(F)F)cc1O,1,O=C1CC(c2ccccc2)CCN1,0.0000000,0.0000,0.1716314,0.1716,0.8486882,3.8767,13
22.4347,24.5213,-24.5032,0.0001413,CS(=O)(=O)NCC1CCCN(C(=O)Cn2cccn2)C1,1,O=C(Cn1cccn1)N1CCCCC1,0.0000000,0.0000,0.7728851,0.7729,0.9656942,2.8258,13
28.0408,30.2322,-30.2188,0.0001048,C=C(C)C(=O)Nc1ccccc1C(=O)Nc1ccc(C(O)=NO)cc1,1,O=C(Nc1ccccc1)c1ccccc1,0.0000000,0.0000,0.3116912,0.3117,0.9856296,2.2456,13
25.7520,25.4671,-25.4518,0.0001197,O=C(COc1ccc2ccc(=O)oc2c1)NCC1CCC(C(=O)O)CC1,1,O=C(COc1ccc2ccc(=O)oc2c1)NCC1CCCCC1,0.0000000,0.0000,0.4635366,0.4635,0.9852939,2.2609,13
38.6839,38.0822,-38.0720,0.0000797,CCc1c(C(=O)NCC23CC4CC(C2)C(=O)C(C4)C3)[nH]c2cccc(F)c12,1,O=C(NCC12CC3CC(C1)C(=O)C(C3)C2)c1cc2ccccc2[nH]1,0.0000000,0.0000,0.1821223,0.1821,0.5966153,4.7450,13
26.1588,24.1165,-24.1111,0.0000421,O=C(NCCc1ccc(CN2CCCCC2)cc1)c1ccc(-c2cc(Cl)cc(Cl)c2)cc1,1,O=C(NCCc1ccc(CN2CCCCC2)cc1)c1ccc(-c2ccccc2)cc1,0.0000000,0.0000,0.0200994,0.0201,0.9901688,1.9953,13
21.3002,21.8890,-21.8718,0.0001346,N=c1[nH]c2ccc(OCCO)cc2s1,1,N=c1[nH]c2ccccc2s1,0.0000000,0.0000,0.6654934,0.6655,0.9705943,2.7221,13
23.6258,25.8767,-25.8589,0.0001392,CC(=O)N1CCN(C(=O)ON=C(C)C)CC1,1,C1CNCCN1,0.0000000,0.0000,0.7311499,0.7311,0.9810926,2.4274,13
34.6877,35.1635,-35.1478,0.0001227,O=C(c1cccc(Cl)c1)N1CCC2CN(CCO[N+](=O)[O-])CCOC2C1,1,O=C(c1ccccc1)N1CCC2CNCCOC2C1,0.0000000,0.0000,0.5155372,0.5155,0.9328763,3.2856,13
51.8589,54.3541,-54.3441,0.0000782,CC1=CCC2C(CC(=O)N2C)C1(C)OC(=O)OCn1nc(-c2cn(Cc3ccccc3)nn2)c2ccccc2c1=O,1,O=C1CC2C(CC=CC2OC(=O)OCn2nc(-c3cn(Cc4ccccc4)nn3)c3ccccc3c2=O)N1,0.0000000,0.0000,0.1499615,0.1500,0.7607275,4.2465,13
21.6050,42.1208,-42.1062,0.0001137,CC(C=CC(O)=C1C(=O)NC(=O)NC1=O)=Cc1cc(C)n(C2CC2)c1C,1,O=C1NC(=O)C(=CC=CC=Cc2ccn(C3CC3)c2)C(=O)N1,0.0000000,0.0000,0.4067589,0.4068,0.9487825,3.0984,13
31.9965,29.6615,-29.6506,0.0000854,COc1ccc(N2CCN(C(C(=O)Nc3ccccc3OC)c3ccc(O)cc3)CC2)cc1,1,O=C(Nc1ccccc1)C(c1ccccc1)N1CCN(c2ccccc2)CC1,0.0000000,0.0000,0.1689823,0.1690,0.9782252,2.5213,13
17.4224,32.5517,-32.5341,0.0001374,O=C1NC(=O)C(=C(O)C=Cc2ccc(O)c(O)c2)C(=O)N1,1,O=C1NC(=O)C(=CC=Cc2ccccc2)C(=O)N1,0.0000000,0.0000,0.7068451,0.7068,0.9714454,2.7024,13
17.2866,20.5591,-20.5405,0.0001454,NC(N)=NN=CO,1,,0.0000000,0.0000,0.9085205,0.9085,0.8442959,3.8987,13
34.3881,35.0222,-35.0146,0.0000596,COc1cccc(-c2c(C)c(-c3ccc(C=CC(O)=NO)cc3)n3c2CCC3)c1,1,c1ccc(-c2cc(-c3ccccc3)n3c2CCC3)cc1,0.0000000,0.0000,0.0578437,0.0578,0.9670299,2.7990,13
32.2125,39.2235,-39.2112,0.0000964,COc1cc2c(cc1O)NC(=O)C(=C(C)OC(C)=O)c1cc(OC)c(OC)c(OC)c1-2,1,C=C1C(=O)Nc2ccccc2-c2ccccc21,0.0000000,0.0000,0.2462270,0.2462,0.9586064,2.9529,13
19.8442,23.2432,-23.2282,0.0001176,N=C1NC(CF)(CF)C2CC2O1,1,N=C1NCC2CC2O1,0.0000000,0.0000,0.7763046,0.7763,0.3648087,5.3613,13
28.2403,35.5167,-35.5052,0.0000898,CCCCCCCCCC=C1C(=O)C(=CC=CN(C)O)CC1O,1,C=C1CCC(=C)C1=O,0.0000000,0.0000,0.2116905,0.2117,0.8587604,3.8241,13
24.2319,25.5944,-25.5789,0.0001213,O=C(O)CCN1Cc2cc([N+](=O)[O-])cc3cccc(c23)C1=O,1,O=C1NCc2cccc3cccc1c23,0.0000000,0.0000,0.4836640,0.4837,0.9813319,2.4189,13
31.7697,37.6244,-37.6165,0.0000618,CC(C)=CCC=C(C)C=CC(O)N(C)C(C)c1ccc2ccccc2n1,1,c1ccc2ncccc2c1,0.0000000,0.0000,0.0698115,0.0698,0.8435153,3.9026,13
31.4819,34.7005,-34.6906,0.0000776,CC12CCC3C4CCC(OCCO)CC4=CCC3C1CC(=CCl)C2=O,1,C=C1CC2C(CCC3C4CCCCC4=CCC23)C1=O,0.0000000,0.0000,0.1634588,0.1635,0.6273780,4.6606,13
26.9901,25.1129,-25.1036,0.0000728,O=C(Nc1ccc(OC(F)(F)F)cc1)N1CCN(S(=O)(=O)c2cc(Cl)cc(Cl)c2)CC1,1,O=C(Nc1ccccc1)N1CCN(S(=O)(=O)c2ccccc2)CC1,0.0000000,0.0000,0.1044892,0.1045,0.9852111,2.2646,13
30.3558,49.0688,-49.0530,0.0001232,COC(C=C=CN(C)C)=C1C(=O)COC(CCN(C)C)=C1C,1,C=C1C=COCC1=O,0.0000000,0.0000,0.5665561,0.5666,0.8088397,4.0603,13
28.8854,28.6831,-28.6730,0.0000787,CC1CN(C(=O)c2ccccc2Cl)CCN1c1nsc2ccccc12,1,O=C(c1ccccc1)N1CCN(c2nsc3ccccc23)CC1,0.0000000,0.0000,0.1332496,0.1332,0.9696642,2.7430,13
10.0300,40.6666,68.7885,0.8551187,CC1(C)OC(=O)C(=C(O)C=CC=CN2CCOCC2)C(=O)O1,1,O=C1OCOC(=O)C1=CC=CC=CN1CCOCC1,1.0000000,1.0000,0.6540733,0.6541,0.9242561,3.3703,13
40.6362,40.2314,-40.2193,0.0000952,O=C(NC(CC1CCCCC1)C(=O)NC(O)c1oc(C(=O)O)c(O)c1O)OC(C(F)(F)F)C(F)(F)F,1,O=C(CCC1CCCCC1)NCc1ccco1,0.0000000,0.0000,0.2644004,0.2644,0.7925956,4.1266,13
19.1130,20.1775,-20.1622,0.0001195,S=C(NCc1ccccc1)NC1CCCC1,1,S=C(NCc1ccccc1)NC1CCCC1,0.0000000,0.0000,0.4596077,0.4596,0.9936047,1.7130,13
22.2564,23.7675,-23.7555,0.0000938,[N-]=[N+]=NCCCN=c1cc[nH]c2cc(C(F)(F)F)ccc12,1,N=c1cc[nH]c2ccccc12,0.0000000,0.0000,0.2291357,0.2291,0.9393119,3.2154,13
8.4923,37.8326,-37.8326,0.0000000,CN1CCN(C=CC=CC(O)=C2C(=O)c3ccccc3C2=O)CC1,1,O=C1C(=CC=CC=CN2CCNCC2)C(=O)c2ccccc21,1.0000000,1.0000,0.4741724,0.4742,0.9627645,2.8812,13
31.0968,30.6939,-30.6793,0.0001145,CC1(O)CCC2C(CO)CC3C(CCC(O)C3(C)C)C21,1,C1CCC2C(C1)CCC1CCCC12,0.0000000,0.0000,0.5094376,0.5094,0.6619979,4.5621,13
32.3431,31.9316,-31.9190,0.0000990,NC(=O)c1cccc(S(=O)(=O)NCCCN2CCC(c3noc4cc(Cl)ccc34)CC2)c1,1,O=S(=O)(NCCCN1CCC(c2noc3ccccc23)CC1)c1ccccc1,0.0000000,0.0000,0.2638127,0.2638,0.9793821,2.4849,13
29.0424,29.9172,-29.9044,0.0001002,CCCCN1CCN(C(=O)c2cnc3c(-c4ccccc4)cnn3c2C)CC1,1,O=C(c1cnc2c(-c3ccccc3)cnn2c1)N1CCNCC1,0.0000000,0.0000,0.2724336,0.2724,0.9859114,2.2325,13
31.1749,30.6174,-30.6019,0.0001214,COc1c(NC(C)=O)cnc2ccc(N(C)C)cc12,1,c1ccc2ncccc2c1,0.0000000,0.0000,0.4848220,0.4848,0.9842650,2.3056,13
14.5896,16.6151,-16.5975,0.0001374,O=CNc1ccccc1,1,c1ccccc1,0.0000000,0.0000,0.6983405,0.6983,0.9938837,1.6837,13
22.7013,22.2209,-22.2061,0.0001152,CCCC(=O)Nc1sc(C(=O)OCC)c(C)c1C(=O)OC,1,c1ccsc1,0.0000000,0.0000,0.4124012,0.4124,0.9890482,2.0664,13
34.8033,35.9106,-35.8986,0.0000941,CC1CCN(C(=O)C(CC2CCCCC2)N=c2[nH]c3ccccc3[nH]2)C1,1,O=C(C(CC1CCCCC1)N=c1[nH]c2ccccc2[nH]1)N1CCCC1,0.0000000,0.0000,0.2381814,0.2382,0.8972204,3.5885,13
15.6962,16.2413,-16.2244,0.0001316,CN(C)C(=O)Oc1ccccc1,1,c1ccccc1,0.0000000,0.0000,0.6137282,0.6137,0.9945560,1.6074,13
13.0318,22.1615,-22.1429,0.0001451,CC(C)=C1C(=O)NC(=O)NC1=O,1,C=C1C(=O)NC(=O)NC1=O,0.0000000,0.0000,0.8335768,0.8336,0.9711676,2.7089,13
28.9609,29.1314,-29.1216,0.0000767,O=c1nc(-c2ccccc2)c2ccccc2n1Cc1nnc2ccc(-c3ccccc3)nn12,1,O=c1nc(-c2ccccc2)c2ccccc2n1Cc1nnc2ccc(-c3ccccc3)nn12,0.0000000,0.0000,0.1222739,0.1223,0.9822845,2.3842,13
21.3595,21.8692,-21.8533,0.0001244,O=C(CN1C(=O)NC2(CCCCC2)C1=O)Nc1ccccc1[N+](=O)[O-],1,O=C(CN1C(=O)NC2(CCCCC2)C1=O)Nc1ccccc1,0.0000000,0.0000,0.5241846,0.5242,0.9737520,2.6460,13
29.7419,28.7048,-28.6925,0.0000958,COc1ccccc1CNC(=O)c1cc2c(=O)n3cccc(OC)c3nc2n(Cc2ccccc2)c1=N,1,N=c1c(C(=O)NCc2ccccc2)cc2c(=O)n3ccccc3nc2n1Cc1ccccc1,0.0000000,0.0000,0.2387464,0.2387,0.9777073,2.5369,13
31.3872,29.1116,-29.1010,0.0000834,CCc1cc(-c2nsc(-c3ccc(OC)c(C(C)(C)C)c3)n2)cc(C)c1OCC(O)CNC(=O)CO,1,c1ccc(-c2nsc(-c3ccccc3)n2)cc1,0.0000000,0.0000,0.1627916,0.1628,0.9237540,3.3750,13
22.4038,22.2440,-22.2266,0.0001362,CS(=O)(=O)N1CCN(CC2COc3ccccc3O2)CC1,1,c1ccc2c(c1)OCC(CN1CCNCC1)O2,0.0000000,0.0000,0.6885594,0.6886,0.9743903,2.6295,13
30.7761,31.3362,-31.3234,0.0000999,CCc1cc(=NC(C)c2ccc3c(c2)OCO3)n2ccccc2n1,1,c1ccn2c(=NCc3ccc4c(c3)OCO4)ccnc2c1,0.0000000,0.0000,0.2777056,0.2777,0.9372295,3.2389,13
21.5425,21.7626,-21.7510,0.0000905,CCCc1nc(Cl)c(CO)n1Cc1ccc(-c2ccccc2-n2cnnn2)cc1,1,c1ccc(-n2cnnn2)c(-c2ccc(Cn3ccnc3)cc2)c1,0.0000000,0.0000,0.2016243,0.2016,0.9781168,2.5246,13
21.3624,21.0468,-21.0314,0.0001203,FC(F)(F)c1ccc(NCCN2CCOCC2)cc1,1,c1ccc(NCCN2CCOCC2)cc1,0.0000000,0.0000,0.4695732,0.4696,0.9911052,1.9295,13
18.1265,19.3029,-19.2862,0.0001309,O=C(Nc1ccccc1N1CCOCC1)C1=COCCO1,1,O=C(Nc1ccccc1N1CCOCC1)C1=COCCO1,0.0000000,0.0000,0.6081103,0.6081,0.9835734,2.3341,13
25.6801,33.4884,-33.4727,0.0001229,CC1=NN(OCCOc2ccc(F)cc2)C(C)(C)NC1=N,1,N=C1C=NN(OCCOc2ccccc2)CN1,0.0000000,0.0000,0.5160223,0.5160,0.9398420,3.2094,13
20.6460,24.3789,-24.3627,0.0001271,O=C1C=C(Cc2ccccc2)CCC1=O,1,O=C1C=C(Cc2ccccc2)CCC1=O,0.0000000,0.0000,0.5557944,0.5558,0.9839738,2.3178,13
28.0701,30.6252,-30.6114,0.0001078,O=C(Nc1ccc2[nH]c(=O)oc(=O)c2c1)c1ccccc1C(F)(F)F,1,O=C(Nc1ccc2[nH]c(=O)oc(=O)c2c1)c1ccccc1,0.0000000,0.0000,0.3389360,0.3389,0.9851006,2.2695,13
26.7177,27.0686,-27.0514,0.0001342,CCN1CCN(C(=O)C2NCc3ccccc32)CC1,1,O=C(C1NCc2ccccc21)N1CCNCC1,0.0000000,0.0000,0.6596357,0.6596,0.9710881,2.7107,13
27.4895,26.7972,-26.7830,0.0001108,O=C1CCCN1c1ccc(C2CCCCO2)cc1,1,O=C1CCCN1c1ccc(C2CCCCO2)cc1,0.0000000,0.0000,0.3691271,0.3691,0.9781860,2.5225,13
17.4812,19.8767,-19.8592,0.0001368,O=C(C=Cc1ccccc1)N1CCN(CCO)CC1,1,O=C(C=Cc1ccccc1)N1CCNCC1,0.0000000,0.0000,0.6901878,0.6902,0.9916050,1.8915,13
23.2403,23.7402,-23.7239,0.0001272,CCn1cnc2c(=NCc3ccccc3)[nH]c(=NC)[nH]c21,1,N=c1[nH]c(=NCc2ccccc2)c2nc[nH]c2[nH]1,0.0000000,0.0000,0.5768736,0.5769,0.9262566,3.3515,13
27.0611,30.0238,-30.0063,0.0001367,NC(N)=NN=C1C(=O)c2[nH]nnc2C(=O)C1Cl,1,N=C1CC(=O)c2nn[nH]c2C1=O,0.0000000,0.0000,0.8472940,0.8473,0.6887596,4.4825,13
30.3795,33.1092,-33.0982,0.0000855,CC1=CC(C)(C)N(C2=CC(C)(C)Nc3ccccc32)C(=O)C1,1,O=C1CC=CCN1C1=CCNc2ccccc21,0.0000000,0.0000,0.1735044,0.1735,0.9402837,3.2043,13
25.4525,25.7456,-25.7304,0.0001185,CCC(CO)Oc1ccccc1Br,1,c1ccccc1,0.0000000,0.0000,0.4521142,0.4521,0.9772485,2.5505,13
21.2646,23.0470,-23.0321,0.0001167,CCn1cc(CCCC(=O)NCCOC)c2ccccc21,1,c1ccc2[nH]ccc2c1,0.0000000,0.0000,0.4286402,0.4286,0.9895305,2.0367,13
15.7397,26.1092,-26.0938,0.0001206,CC1=C(C=CC=CN(C)C)C(=O)C(C)(C)CC1=O,1,O=C1C=CC(=O)CC1,0.0000000,0.0000,0.4954128,0.4954,0.9157506,3.4457,13
25.1112,25.4898,-25.4841,0.0000442,CCCCCCCCCCCCOC(=O)c1cccc2ccccc12,1,c1ccc2ccccc2c1,0.0000000,0.0000,0.0232583,0.0233,0.9925317,1.8147,13
11.0921,39.5507,-39.5507,0.0000000,CC1(C)OC(=O)C(=C(O)C=CC=CNc2ccccc2)C(=O)O1,1,O=C1OCOC(=O)C1=CC=CC=CNc1ccccc1,1.0000000,1.0000,0.3872023,0.3872,0.9570252,2.9784,13
26.0325,27.4721,-27.4563,0.0001238,COc1ccc(CN=c2[nH]c(=NCCO)[nH]c3c(OC)cccc23)cc1OC,1,N=c1[nH]c(=NCc2ccccc2)c2ccccc2[nH]1,0.0000000,0.0000,0.5250193,0.5250,0.9460251,3.1344,13
26.3695,28.9568,-28.9447,0.0000949,CC(=O)N1CCN(C(=O)CCN2C(=O)C(NC(=O)Nc3ccccc3)C(=O)N(c3ccccc3)c3ccccc32)CC1,1,O=C(Nc1ccccc1)NC1C(=O)N(CCC(=O)N2CCNCC2)c2ccccc2N(c2ccccc2)C1=O,0.0000000,0.0000,0.2353076,0.2353,0.9547118,3.0142,13
27.3090,29.8507,-29.8389,0.0000923,CC1(C)COC(CCN2CCN(C(=O)C=Cc3ccc(C(F)(F)F)cc3)CC2)OC1,1,O=C(C=Cc1ccccc1)N1CCN(CCC2OCCCO2)CC1,0.0000000,0.0000,0.2144693,0.2145,0.9705995,2.7220,13
24.2900,24.5004,-24.4911,0.0000728,CC(C)c1cccc(C=CCN(C)Cc2ccc3c(c2)CCO3)c1,1,C(=Cc1ccccc1)CNCc1ccc2c(c1)CCO2,0.0000000,0.0000,0.1046645,0.1047,0.9827315,2.3672,13
36.2503,40.2817,-40.2689,0.0000999,C=CCN1C(=O)CCC1N=c1cc2c(c[nH]1)cc(O)n2-c1cc(F)cc(F)c1,1,O=C1CCC(N=c2cc3c(ccn3-c3ccccc3)c[nH]2)N1,0.0000000,0.0000,0.3056557,0.3057,0.7909420,4.1332,13
20.2832,21.2131,-21.1968,0.0001274,NC(=O)c1ccccc1OC1CCCC1,1,c1ccc(OC2CCCC2)cc1,0.0000000,0.0000,0.5566262,0.5566,0.9928399,1.7871,13
26.1468,27.7765,-27.7591,0.0001359,COCC(=O)N=c1[nH]cnc2cc([N+](=O)[O-])ccc12,1,N=c1[nH]cnc2ccccc12,0.0000000,0.0000,0.6911725,0.6912,0.9564199,2.9880,13
24.2970,25.9252,-25.9076,0.0001378,C=C(C)C(O)CSc1nc(=O)cc(N)[nH]1,1,O=c1cc[nH]cn1,0.0000000,0.0000,0.7469758,0.7470,0.8960252,3.5969,13
25.5859,25.5333,-25.5218,0.0000903,Oc1cc2ccccc2n1C1CC2CCC(C1)N2C1CCOCC1,1,c1ccc2c(c1)ccn2C1CC2CCC(C1)N2C1CCOCC1,0.0000000,0.0000,0.2268652,0.2269,0.7836128,4.1617,13
24.3013,25.4536,-25.4362,0.0001360,CC(=O)SCC(O)CNC(=O)OC(C)(C)C,1,,0.0000000,0.0000,0.6913606,0.6914,0.9593100,2.9413,13
25.0772,27.9353,-27.9233,0.0000933,O=[N+]([O-])c1ncn(CCCN2CCN(CCCOc3ccc(-c4nc5ccccc5o4)cc3)CC2)n1,1,c1ccc2oc(-c3ccc(OCCCN4CCN(CCCn5cncn5)CC4)cc3)nc2c1,0.0000000,0.0000,0.2211664,0.2212,0.9754519,2.6012,13
25.1208,26.0671,-26.0530,0.0001102,O=C(CCNC(=O)COc1ccccc1)NCC1(N2CCCCC2)CCCCC1,1,O=C(CCNC(=O)COc1ccccc1)NCC1(N2CCCCC2)CCCCC1,0.0000000,0.0000,0.3620360,0.3620,0.9844056,2.2997,13
21.9475,23.8880,-23.8751,0.0001002,C#CCN(C(=O)c1ccccc1)C1CCN(Cc2ccccc2)CC1,1,O=C(NC1CCN(Cc2ccccc2)CC1)c1ccccc1,0.0000000,0.0000,0.2715286,0.2715,0.9893141,2.0502,13
29.1840,29.8523,-29.8393,0.0001017,COCC(O)Cn1cc(C2CCCCC2)c2ccc(C(=O)O)cc21,1,c1ccc2c(C3CCCCC3)c[nH]c2c1,0.0000000,0.0000,0.2875939,0.2876,0.9665865,2.8080,13
60.2940,61.8315,-61.8167,0.0001156,COCCOc1cccc(C(Cc2nnnn2C)NC(=O)C2=NOC3(C=C2)CC=CC3)c1,1,O=C(NC(Cc1nnn[nH]1)c1ccccc1)C1=NOC2(C=C1)CC=CC2,0.0000000,0.0000,0.5025826,0.5026,0.7132515,4.4064,13
17.7786,21.0931,-21.0759,0.0001343,COc1cc(C=C2C(=O)NC(=O)N(C)C2=O)cc(OC)c1OC,1,O=C1NC(=O)C(=Cc2ccccc2)C(=O)N1,0.0000000,0.0000,0.6549636,0.6550,0.9853947,2.2563,13
21.7631,24.2107,-24.1934,0.0001354,O=C1CCCCC1=[N+]1CCCC1,1,O=C1CCCCC1=[N+]1CCCC1,0.0000000,0.0000,0.6930983,0.6931,0.9327297,3.2871,13
31.3940,32.7453,-32.7332,0.0000944,C=CCN1CCCC(C(=O)N2c3ccccc3CC2c2ccccn2)C1,1,O=C(C1CCCNC1)N1c2ccccc2CC1c1ccccn1,0.0000000,0.0000,0.2346320,0.2346,0.9357606,3.2550,13
20.9292,22.5499,-22.5333,0.0001301,COc1cc(C=C2SC(=O)N(CC(=O)O)C2=O)ccc1OCC(=O)O,1,O=C1NC(=O)C(=Cc2ccccc2)S1,0.0000000,0.0000,0.5948634,0.5949,0.9867639,2.1913,13
17.3435,21.1565,-21.1415,0.0001172,COc1ccc(C2NC(=O)N=C(C)C2C(=O)N=c2cccc[nH]2)cc1,1,O=C1N=CC(C(=O)N=c2cccc[nH]2)C(c2ccccc2)N1,0.0000000,0.0000,0.4744979,0.4745,0.8492018,3.8741,13
22.9990,24.3490,-24.3314,0.0001377,CCCCNC(=O)C1(C(=O)NC)CCCC1,1,C1CCCC1,0.0000000,0.0000,0.7075328,0.7075,0.9811669,2.4248,13
25.5226,26.5288,-26.5128,0.0001248,CCc1nc(C2CCN(CCOC(C)C)CC2)no1,1,c1nc(C2CCNCC2)no1,0.0000000,0.0000,0.5269316,0.5269,0.9808962,2.4342,13
20.4623,25.8501,-25.8356,0.0001132,CC1=C(C(=O)OC(C)C)C(c2ccccc2)N(C)CN1C,1,C1=CC(c2ccccc2)NCN1,0.0000000,0.0000,0.3998448,0.3998,0.9535699,3.0312,13
41.1508,39.8773,-39.8773,0.0000000,O=C(Nc1ccc2c(c1)OCO2)c1cc(C)c2c(c1)nc(=O)c(C(C)(C)C)n2CC1CCCCC1,0,,0.0000000,0.0000,0.0000000,0.0000,0.0000000,0.0000,13
22.0506,26.5792,-26.5702,0.0000702,CC(C)=CC=CC(=O)Nc1ccc(-c2nc3ccccc3o2)cc1,1,c1ccc(-c2nc3ccccc3o2)cc1,0.0000000,0.0000,0.0937543,0.0938,0.9860654,2.2253,13
21.5066,23.8819,-23.8697,0.0000954,CCCCCCCCN1CCC(OC(C)=O)C(C)(C)C1,1,C1CCNCC1,0.0000000,0.0000,0.2378042,0.2378,0.9659760,2.8202,13
26.1669,30.7809,-30.7715,0.0000734,CC(C=CC1=C(C)C(=O)CCC1(C)C)=CC=CC(C)=CC(=O)N=c1[nH]ncs1,1,O=C1C=C(C=CC=CC=CC=CC(=O)N=c2[nH]ncs2)CCC1,0.0000000,0.0000,0.1182365,0.1182,0.8272417,3.9797,13
33.6441,35.3807,-35.3680,0.0000990,CCC=C1CCC2=C(C1=O)C(O)C1C(C)(CO)CCCC21C,1,C=C1CCC2=C(CC3CCCCC23)C1=O,0.0000000,0.0000,0.3403493,0.3403,0.6254796,4.6659,13
35.9332,35.0289,-35.0190,0.0000773,CCOc1ncc(F)cc1C(=O)N1CCC(N2CC(CC#N)(n3cc(-c4ccnc5ncccc45)cn3)C2)C(C)C1,1,O=C(c1cccnc1)N1CCC(N2CC(n3cc(-c4ccnc5ncccc45)cn3)C2)CC1,0.0000000,0.0000,0.1403501,0.1404,0.8037261,4.0816,13
25.5266,23.8621,-23.8475,0.0001141,Cc1cc(C)c(NC(=O)CSc2nc3nc(C)cc(=O)n3[nH]2)c(C)c1,1,O=C(CSc1nc2nccc(=O)n2[nH]1)Nc1ccccc1,0.0000000,0.0000,0.4043768,0.4044,0.9759043,2.5888,13
22.3536,22.5682,-22.5550,0.0001031,c1ccc(C2C(N3CCCCC3)C3CCN2CC3)cc1,1,c1ccc(C2C(N3CCCCC3)C3CCN2CC3)cc1,0.0000000,0.0000,0.3148083,0.3148,0.8850812,3.6701,13
23.8519,23.0462,-23.0322,0.0001091,O=C(CSc1nnc(-c2ccco2)n1CC1CCCO1)N1CCCCC1,1,O=C(CSc1nnc(-c2ccco2)n1CC1CCCO1)N1CCCCC1,0.0000000,0.0000,0.3548731,0.3549,0.9661656,2.8165,13
37.3162,43.6592,-43.6551,0.0000324,CC1(C)OC(=O)C(Sc2ccccc2)=C1C=CC=CCC=CCCC=CCCc1ccc[nH]1,1,O=C1OCC(C=CC=CCC=CCCC=CCCc2ccc[nH]2)=C1Sc1ccccc1,0.0000000,0.0000,0.0096418,0.0096,0.9094135,3.4975,13
11.8194,41.1665,-41.1665,0.0000000,O=C1C(=C(O)C=CC=CN(CCO)CCO)C(=O)c2ccccc21,1,C=C1C(=O)c2ccccc2C1=O,1.0000000,1.0000,0.6271539,0.6272,0.9496695,3.0864,14
56.6989,59.1806,-59.1683,0.0000962,CC1CC(O)CC2OC(=O)C3C(C(=O)C4=C(C(N)CC5CC(O)CCC53C)C4CO)C12,1,O=C1OC2CCCCC2C2C(=O)C3=C(CCC4CCCCC4C12)C3,0.0000000,0.0000,0.5550358,0.5550,0.2279934,5.7945,14
24.2834,25.6120,-25.5956,0.0001281,CCCC(=O)NN=C(C)c1ccc(C)cn1,1,c1ccncc1,0.0000000,0.0000,0.5680469,0.5680,0.9861601,2.2208,14
22.2545,22.5367,-22.5210,0.0001232,O=C(NNC(=O)c1ccc2c(c1)OCO2)Nc1ccccc1,1,O=C(NNC(=O)c1ccc2c(c1)OCO2)Nc1ccccc1,0.0000000,0.0000,0.5040063,0.5040,0.9921014,1.8515,14
27.7855,26.8646,-26.8498,0.0001155,Cc1ccc(N2CCC3(CCN(C(=O)c4cccnc4)C3)CC2)nn1,1,O=C(c1cccnc1)N1CCC2(CCN(c3cccnn3)CC2)C1,0.0000000,0.0000,0.4228094,0.4228,0.9598169,2.9328,14
9.9814,20.4021,-20.3836,0.0001448,CN(C)C=C1C(=O)N(C)C(=O)N(C)C1=O,1,C=C1C(=O)NC(=O)NC1=O,0.0000000,0.0000,0.8291853,0.8292,0.9692717,2.7516,14
20.7150,22.1059,-22.0893,0.0001294,Cc1noc(C)c1C(=O)NCCN1CCC(C)CC1,1,O=C(NCCN1CCCCC1)c1cnoc1,0.0000000,0.0000,0.5849155,0.5849,0.9877684,2.1392,14
15.2999,19.3130,-19.2962,0.0001316,O=C(C=Cc1ccccc1)OCCN1CCOCC1,1,O=C(C=Cc1ccccc1)OCCN1CCOCC1,0.0000000,0.0000,0.6142746,0.6143,0.9911350,1.9273,14
20.2764,21.4841,-21.4701,0.0001090,CCC1CCCCN1C(=O)NC1CCCCC1,1,O=C(NC1CCCCC1)N1CCCCC1,0.0000000,0.0000,0.3512942,0.3513,0.9802605,2.4560,14
25.0180,25.2923,-25.2783,0.0001096,Cc1nc(C(=O)NCC(O)CN2CCCCC2)c(C)n1-c1ccccc1Cl,1,O=C(NCCCN1CCCCC1)c1cn(-c2ccccc2)cn1,0.0000000,0.0000,0.3608463,0.3608,0.9648803,2.8416,14
21.0879,20.8523,-20.8391,0.0001031,O=C(CC(=O)NN=Cc1c(Cl)cccc1Cl)NCCc1ccccc1,1,O=C(CC(=O)NN=Cc1ccccc1)NCCc1ccccc1,0.0000000,0.0000,0.2958830,0.2959,0.9886814,2.0881,14
29.4492,31.4790,-31.4693,0.0000756,C=C1CC(C(=O)NC2C3(C)CCC(C3)C2(C)C)N(C(=O)OCc2ccccc2)C1,1,C=C1CC(C(=O)NC2CC3CCC2C3)N(C(=O)OCc2ccccc2)C1,0.0000000,0.0000,0.1459017,0.1459,0.6667922,4.5481,14
40.2883,38.8139,-38.8012,0.0000996,Cc1cn2c(-c3ccc(C(=O)N4CCC[S+]([O-])C4)cc3)cnc2c(=NCC(F)(F)F)[nH]1,1,N=c1[nH]ccn2c(-c3ccc(C(=O)N4CCC[SH+]C4)cc3)cnc12,0.0000000,0.0000,0.3130554,0.3131,0.7463521,4.2969,14
16.2392,17.6352,-17.6260,0.0000721,CCCCCC=CCC=CCC=CCC=CCCCC(=O)NCCO,1,,0.0000000,0.0000,0.1024944,0.1025,0.9664872,2.8100,14
21.6702,24.0897,-24.0726,0.0001338,Cc1cc(=NC(=O)COc2ccc(C=C3C(=O)NC(=O)NC3=O)cc2)[nH]o1,1,O=C(COc1ccc(C=C2C(=O)NC(=O)NC2=O)cc1)N=c1cco[nH]1,0.0000000,0.0000,0.6635868,0.6636,0.9442892,3.1563,14
21.3592,23.2804,-23.2658,0.0001143,COc1cccc(CN2C(=O)NC3(CCOc4ccccc43)C2=O)c1,1,O=C1NC2(CCOc3ccccc32)C(=O)N1Cc1ccccc1,0.0000000,0.0000,0.4125563,0.4126,0.9505001,3.0750,14
35.6419,34.0725,-34.0679,0.0000355,Oc1ccc2ccccc2c1C=NCCCCCCCCCCNc1ccc(F)c(F)c1,1,C(=NCCCCCCCCCCNc1ccccc1)c1cccc2ccccc12,0.0000000,0.0000,0.0121219,0.0121,0.9795948,2.4780,14
29.5713,32.6476,-32.6349,0.0000990,Cc1c(C(O)OC(C)C)c(-c2ccccc2)nc(=O)n1C(C)(C)C,1,O=c1nc(-c2ccccc2)cc[nH]1,0.0000000,0.0000,0.2721812,0.2722,0.9262789,3.3513,14
19.3527,23.5164,-23.5013,0.0001174,Cc1csc(=NC=C2C(=O)N(C)c3ccccc32)[nH]1,1,O=C1Nc2ccccc2C1=CN=c1[nH]ccs1,0.0000000,0.0000,0.4529853,0.4530,0.9281684,3.3330,14
20.6093,22.3459,-22.3347,0.0000871,O=C(OCCN1C(=O)c2ccccc2C1=O)c1ccccc1N=c1cc[nH]c(C(F)(F)F)c1,1,O=C(OCCN1C(=O)c2ccccc2C1=O)c1ccccc1N=c1cc[nH]cc1,0.0000000,0.0000,0.1813900,0.1814,0.9619601,2.8956,14
23.5834,22.7984,-22.7815,0.0001319,Fc1cccc(Cl)c1C=NN=c1nn[nH][nH]1,1,C(=NN=c1nn[nH][nH]1)c1ccccc1,0.0000000,0.0000,0.6548237,0.6548,0.8963737,3.5945,14
21.8587,20.6063,-20.5970,0.0000725,COc1ccc(-c2ccc(-c3ccc4c(c3)COC4=O)s2)cc1,1,O=C1OCc2cc(-c3ccc(-c4ccccc4)s3)ccc21,0.0000000,0.0000,0.1031065,0.1031,0.9870710,2.1758,14
15.2358,17.1165,-17.1027,0.0001079,O=C(C=CC=Cc1ccccc1)N1CCCCC1,1,O=C(C=CC=Cc1ccccc1)N1CCCCC1,0.0000000,0.0000,0.3394044,0.3394,0.9891720,2.0589,14
40.7285,41.7219,-41.7113,0.0000825,COc1cc(C=CC(=O)CC(=O)C=Cc2nc(CN)cn2Cc2cc3c(cc2Br)OCO3)ccc1O,1,O=C(C=Cc1ccccc1)CC(=O)C=Cc1nccn1Cc1ccc2c(c1)OCO2,0.0000000,0.0000,0.1556379,0.1556,0.9429504,3.1726,14
10.6020,40.3783,61.2544,0.7940056,O=C1C(=O)c2ccccc2C(=O)C1=C(O)C=CC=CN1CCOCC1,1,O=C1C(=O)c2ccccc2C(=O)C1=CC=CC=CN1CCOCC1,1.0000000,1.0000,0.5134535,0.5135,0.9565257,2.9863,14
21.7755,22.8942,-22.8767,0.0001363,c1cn2c(n1)CCN(CC1CC1)CC2,1,c1cn2c(n1)CCN(CC1CC1)CC2,0.0000000,0.0000,0.6874251,0.6874,0.9790950,2.4941,14
23.9018,24.0300,-24.0169,0.0001019,Cc1ccc2c(=O)cc(C(=O)c3ccccc3)oc2c1,1,O=C(c1ccccc1)c1cc(=O)c2ccccc2o1,0.0000000,0.0000,0.2851165,0.2851,0.9916734,1.8861,14
41.5748,41.2644,-41.2565,0.0000614,Cc1c(C(O)C(F)(F)F)c(NCC2CCOCC2)c2ccsc2c1Cl,1,c1cc(NCC2CCOCC2)c2ccsc2c1,0.0000000,0.0000,0.0663117,0.0663,0.8907691,3.6329,14
20.3157,31.1721,-31.1538,0.0001427,C#CCN1C(=O)C(=O)CC(=C(C#N)C#N)C1=O,1,C=C1CC(=O)C(=O)NC1=O,0.0000000,0.0000,0.8320475,0.8320,0.8913959,3.6287,14
28.7251,29.2457,-29.2305,0.0001184,O=C1COc2c(CCNCCS(=O)(=O)NC3CCCc4ccccc43)ccc(O)c2N1,1,O=C1COc2c(CCNCCS(=O)(=O)NC3CCCc4ccccc43)cccc2N1,0.0000000,0.0000,0.4629136,0.4629,0.9357580,3.2550,14
21.5118,24.7555,-24.7416,0.0001090,C=CCCCCCCCCC(=O)C1C(=O)OC(C)(C)OC1=O,1,O=C1CC(=O)OCO1,0.0000000,0.0000,0.3540408,0.3540,0.9686895,2.7643,14
23.7592,27.3108,-27.2975,0.0001037,O=C(C=CC=Cc1ccccn1)C=Cc1ccc(C=NO)o1,1,O=C(C=CC=Cc1ccccn1)C=Cc1ccco1,0.0000000,0.0000,0.3078289,0.3078,0.9505760,3.0739,14
28.2635,28.7045,-28.6967,0.0000607,COc1cc(C(C)N=c2nc(N3C(=O)OCC3C(C)C)cc[nH]2)ncc1Oc1ccnc2ccc(F)cc12,1,O=C1OCCN1c1cc[nH]c(=NCc2ccc(Oc3ccnc4ccccc34)cn2)n1,0.0000000,0.0000,0.0699139,0.0699,0.7618678,4.2424,14
21.5290,26.1800,-26.1674,0.0000984,C=CCN=C1SC(=Cc2ccccc2O)C(=O)N1CCCC,1,N=C1NC(=O)C(=Cc2ccccc2)S1,0.0000000,0.0000,0.2593580,0.2594,0.9739102,2.6419,14
31.9260,32.7090,-32.6951,0.0001084,CC(C)Cc1cccc(N(CCO)CC(C)C)c1,1,c1ccccc1,0.0000000,0.0000,0.3440778,0.3441,0.9874309,2.1572,14
19.1078,19.1134,-19.0984,0.0001168,CCn1cc(C(=O)O)c(=O)c2cc(F)c(N3CCCC3)cc21,1,O=c1cc[nH]c2cc(N3CCCC3)ccc12,0.0000000,0.0000,0.4310880,0.4311,0.9857864,2.2384,14
24.9245,27.2681,-27.2511,0.0001329,Cc1ccc2ncn(CCN3CCC(C(N)=O)CC3)c(=O)c2c1,1,O=c1c2ccccc2ncn1CCN1CCCCC1,0.0000000,0.0000,0.6340438,0.6340,0.9876835,2.1438,14
25.3478,26.4967,-26.4793,0.0001362,Cc1nc(=O)c(CN2CCN(CC(C)C)CC2)c[nH]1,1,O=c1nc[nH]cc1CN1CCNCC1,0.0000000,0.0000,0.6858077,0.6858,0.9780340,2.5271,14
17.8410,18.8069,-18.7884,0.0001445,O=C(NCCO)c1cccnc1,1,c1ccncc1,0.0000000,0.0000,0.8128034,0.8128,0.9934282,1.7308,14
22.1870,23.8826,-23.8669,0.0001225,CN1CCC(Oc2ccc3cc[nH]c(=N)c3c2)CC1,1,N=c1[nH]ccc2ccc(OC3CCNCC3)cc12,0.0000000,0.0000,0.5012718,0.5013,0.9709504,2.7139,14
19.2062,22.5187,-22.5034,0.0001202,CCc1ccc(N2C(=O)OC(C)(C)C2=O)cc1,1,O=C1COC(=O)N1c1ccccc1,0.0000000,0.0000,0.4692480,0.4692,0.9862674,2.2156,14
22.0633,23.6255,-23.6115,0.0001092,COc1ccc(C=CC(=O)NCCCCCCCC(=O)O)cc1,1,c1ccccc1,0.0000000,0.0000,0.3507567,0.3508,0.9914805,1.9012,14
23.1306,22.9469,-22.9327,0.0001108,CC1CCC(C(=O)NC(C)c2ccncc2)CC1,1,O=C(NCc1ccncc1)C1CCCCC1,0.0000000,0.0000,0.3690785,0.3691,0.9810339,2.4294,14
38.7674,42.8922,-42.8766,0.0001219,CC(C)OC(=O)N1C(C)CC(CN=c2cc(C(=O)O)[nH]c(=O)[nH]2)CC1C,1,O=c1[nH]ccc(=NCC2CCNCC2)[nH]1,0.0000000,0.0000,0.5660531,0.5661,0.7640139,4.2347,14
18.1937,18.0118,-17.9964,0.0001209,[N-]=[N+]=NCCc1ccc(F)cc1,1,c1ccccc1,0.0000000,0.0000,0.4782158,0.4782,0.9861380,2.2218,14
24.8027,26.4023,-26.3887,0.0001058,COc1ccc(C(=O)NC2CCCC2)cc1OCCN1CCCCC1,1,O=C(NC1CCCC1)c1cccc(OCCN2CCCCC2)c1,0.0000000,0.0000,0.3195701,0.3196,0.9914903,1.9004,14
33.0238,33.8467,-33.8376,0.0000706,CCCc1c(OCCCOc2ccc3c(=O)c(C(=O)O)c(C)oc3c2)ccc2ccc(=O)oc12,1,O=c1ccc2ccc(OCCCOc3ccc4c(=O)ccoc4c3)cc2o1,0.0000000,0.0000,0.0960042,0.0960,0.9727495,2.6711,14
32.3142,32.2573,-32.2444,0.0001011,COC(=O)C1=C(C)N=C(C)C(C(=O)OCCCS(C)(=O)=O)C1c1ccc(F)cc1Cl,1,C1=CC(c2ccccc2)CC=N1,0.0000000,0.0000,0.2891992,0.2892,0.9282317,3.3324,14
24.2720,31.4318,-31.4153,0.0001288,CCNC(=CN1CCN(C)CC1)c1ccccc1,1,C(=CN1CCNCC1)c1ccccc1,0.0000000,0.0000,0.5808554,0.5809,0.9783103,2.5187,14
22.3570,24.8345,-24.8265,0.0000625,OC(COc1cccc2[nH]c3ccccc3c12)CN1CCC2(C=Cc3ccccc32)CC1,1,C1=CC2(CCN(CCCOc3cccc4[nH]c5ccccc5c34)CC2)c2ccccc21,0.0000000,0.0000,0.0694396,0.0694,0.9047552,3.5335,14
27.5686,27.8951,-27.8855,0.0000750,Cc1ccc(CN2CCN(C)CC2)cc1-c1cccc(N=c2nc(C(F)(F)F)cc[nH]2)c1,1,c1cnc(=Nc2cccc(-c3cccc(CN4CCNCC4)c3)c2)[nH]c1,0.0000000,0.0000,0.1156997,0.1157,0.9622585,2.8903,14
28.1792,27.3731,-27.3613,0.0000918,O=C(N=c1[nH]c2ccc(Br)cc2s1)C(=O)NCCc1ccc(Cl)cc1,1,O=C(N=c1[nH]c2ccccc2s1)C(=O)NCCc1ccccc1,0.0000000,0.0000,0.2115141,0.2115,0.9698785,2.7382,14
20.3517,23.6875,-23.6693,0.0001421,CC(C)(NCC(=O)N1CC(F)CC1C#N)C(N)=O,1,C1CCNC1,0.0000000,0.0000,0.8328715,0.8329,0.8716437,3.7521,14
33.1743,33.7526,-33.7463,0.0000493,CC1(C(=O)O)CCCC2(C)C1CC=C1C3(C)CC(O)C(c4ccoc4)C1(C)C32,1,C1=C2C3CCC(c4ccoc4)C2C3C2CCCCC2C1,0.0000000,0.0000,0.0852261,0.0852,0.1824115,5.9772,14
28.7594,29.8213,-29.8098,0.0000893,O=C(NCCCN1CCN(CCCNC(=O)c2ccc3ccccc3c2)CC1)Oc1ccccc1,1,O=C(NCCCN1CCN(CCCNC(=O)c2ccc3ccccc3c2)CC1)Oc1ccccc1,0.0000000,0.0000,0.1920996,0.1921,0.9875868,2.1490,14
22.6544,21.9097,-21.8945,0.0001189,Cc1c(F)c(N2CCNCC2)c(F)c2c1c(=O)c(C(=O)O)cn2C1CC1,1,O=c1ccn(C2CC2)c2cc(N3CCNCC3)ccc12,0.0000000,0.0000,0.4597977,0.4598,0.9678088,2.7829,14
25.0963,28.6372,-28.6262,0.0000855,CC(C=CBr)C=CC=CBr,1,,0.0000000,0.0000,0.2270044,0.2270,0.5874792,4.7697,14
22.5499,22.7500,-22.7406,0.0000741,O=C(O)c1c(=O)c2cc(F)c(N3CCCCC3)cc2n2c1sc1ccccc12,1,O=c1cc2sc3ccccc3n2c2cc(N3CCCCC3)ccc12,0.0000000,0.0000,0.1104693,0.1105,0.9769679,2.5587,14
22.0391,22.0681,-22.0520,0.0001258,COc1cc(CN2CCNC(=O)C2CC(=O)NC2CCN(C(C)C)CC2)cc(OC)c1,1,O=C(CC1C(=O)NCCN1Cc1ccccc1)NC1CCNCC1,0.0000000,0.0000,0.5462671,0.5463,0.9598628,2.9320,14
16.2726,18.0867,-18.0713,0.0001202,CCCCCCCCCCN,1,,0.0000000,0.0000,0.4673315,0.4673,0.9944329,1.6221,14
27.6539,31.3015,-31.2922,0.0000727,C=CCCNC(=O)C=CC=Cc1cn(-c2ccccc2)nc1-c1ccccc1,1,c1ccc(-c2ccn(-c3ccccc3)n2)cc1,0.0000000,0.0000,0.1041738,0.1042,0.9801871,2.4585,14
8.5861,29.8376,-29.8376,0.0000000,CN(C)C=CC=CC(O)=C1C(=O)c2ccccc2C1=O,1,C=C1C(=O)c2ccccc2C1=O,1.0000000,1.0000,0.4573009,0.4573,0.9671258,2.7971,14
18.2869,27.7956,-27.7777,0.0001400,O=C1NC(=O)C(=C(O)Cc2ccccc2)C1=O,1,O=C1NC(=O)C(=CCc2ccccc2)C1=O,0.0000000,0.0000,0.7435860,0.7436,0.9838606,2.3224,14
20.2364,20.6291,-20.6124,0.0001299,c1ccc(C2=NOC3CC23)cc1,1,c1ccc(C2=NOC3CC23)cc1,0.0000000,0.0000,0.6092414,0.6092,0.9417248,3.1873,14
27.5482,30.7750,-30.7622,0.0000996,O=C(O)CCCCC(O)C=CC=CC=CC(O)CCc1ccccc1,1,c1ccccc1,0.0000000,0.0000,0.2755640,0.2756,0.9319664,3.2950,14
20.0997,19.8677,-19.8620,0.0000444,CCCCCCCCCCCCCCOc1ccc(Cc2sc(=O)[nH]c2O)cc1,1,O=c1[nH]cc(Cc2ccccc2)s1,0.0000000,0.0000,0.0237269,0.0237,0.9836975,2.3291,14
20.2993,22.7322,-22.7199,0.0000960,Cc1cc2ccccc2n1CCCN1CCCCC1,1,c1ccc2c(c1)ccn2CCCN1CCCCC1,0.0000000,0.0000,0.2386500,0.2387,0.9913133,1.9140,14
21.7760,26.2825,-26.2654,0.0001334,CCNC(=O)C1OC(n2cnc3c(=NCC4OC(CO)C(O)C4O)[nH]cnc32)C(O)C1O,1,c1nc2c(ncn2C2CCCO2)c(=NCC2CCCO2)[nH]1,0.0000000,0.0000,0.8964851,0.8965,0.5495481,4.8705,14
39.4299,39.2959,-39.2812,0.0001146,COc1cc(C(F)=NO)ccc1C(=O)NCC1CNc2ccccc2O1,1,O=C(NCC1CNc2ccccc2O1)c1ccccc1,0.0000000,0.0000,0.4173747,0.4174,0.9416460,3.1883,14
17.3150,18.2992,-18.2849,0.0001117,C=CCSc1nnc(-c2ccccc2)o1,1,c1ccc(-c2nnco2)cc1,0.0000000,0.0000,0.3765079,0.3765,0.9874877,2.1542,14
21.3325,24.3859,-24.3711,0.0001163,Cc1ccc2nc(C)c(C=CC(O)=NO)nc2c1,1,c1ccc2nccnc2c1,0.0000000,0.0000,0.4317770,0.4318,0.9622574,2.8903,14
43.0185,47.9659,-47.9484,0.0001367,CCOC(=O)C1=C(C(=O)OC)C(=O)C(C)=C(COC(=O)N2CCOCC2)C1(O)C(=O)OC,1,O=C1C=CCC(COC(=O)N2CCOCC2)=C1,0.0000000,0.0000,0.7243648,0.7244,0.9070019,3.5163,14
40.1550,39.8811,-39.8697,0.0000889,CCCN(CCCCCCCCN(C)CCCCN(C)C(C)=O)CC1CCOC1,1,C1CCOC1,0.0000000,0.0000,0.1939975,0.1940,0.9491090,3.0940,14
28.0142,30.8437,-30.8263,0.0001363,COCCN1C(=O)CCN(CCC2CC2)C1=S,1,O=C1CCN(CCC2CC2)C(=S)N1,0.0000000,0.0000,0.6899485,0.6899,0.9719711,2.6899,14
29.9862,29.4027,-29.3883,0.0001119,COc1ccc(COC(=O)C(C)(NC(C)=O)c2ccccc2)cc1,1,O=C(Cc1ccccc1)OCc1ccccc1,0.0000000,0.0000,0.3803068,0.3803,0.9797646,2.4725,14
24.3118,25.4335,-25.4161,0.0001361,N=c1[nH]c(=O)c2c(F)cn(C3CC(O)C(O)C3O)c2[nH]1,1,N=c1[nH]c(=O)c2ccn(C3CCCC3)c2[nH]1,0.0000000,0.0000,0.8294169,0.8294,0.6990772,4.4509,14
30.7653,29.8253,-29.8110,0.0001118,CC(NC(=O)c1cncc(-c2cnc(N3CCNCC3)nc2)c1)c1ccccc1,1,O=C(NCc1ccccc1)c1cncc(-c2cnc(N3CCNCC3)nc2)c1,0.0000000,0.0000,0.3818722,0.3819,0.9685367,2.7675,14
36.9177,36.5528,-36.5409,0.0000932,CC1=Nc2nnnn2C(c2ccc(Br)cc2)C1C(=O)N=c1cc[nH]c2occc12,1,O=C(N=c1cc[nH]c2occc12)C1C=Nc2nnnn2C1c1ccccc1,0.0000000,0.0000,0.2568197,0.2568,0.7474651,4.2931,14
22.8618,22.8970,-22.8872,0.0000766,CC(C)(C)c1csc(=NCCCN=c2cc[nH]c3cc(Cl)ccc23)[nH]1,1,c1ccc2c(=NCCCN=c3[nH]ccs3)cc[nH]c2c1,0.0000000,0.0000,0.1283432,0.1283,0.8949914,3.6041,14
17.6886,17.3655,-17.3478,0.0001387,O=C(Cc1ccccc1)NC1CCOC1=O,1,O=C(Cc1ccccc1)NC1CCOC1=O,0.0000000,0.0000,0.7228914,0.7229,0.9836642,2.3304,14
37.4993,38.3014,-38.2897,0.0000918,CC(=O)N=c1[nH][nH]c(-c2ccccc2)c1N(C)C(=O)C1CCCc2ccccc21,1,N=c1[nH][nH]c(-c2ccccc2)c1NC(=O)C1CCCc2ccccc21,0.0000000,0.0000,0.2178695,0.2179,0.9164969,3.4394,14
30.5714,31.8235,-31.8135,0.0000784,CN(C)CC(O)CN1CCC2CCC3C(CCC4(C)C(c5cccnc5)=CCC34)C2C1,1,C1=C(c2cccnc2)C2CCC3C4CNCCC4CCC3C2C1,0.0000000,0.0000,0.1536752,0.1537,0.7375886,4.3268,14
44.1235,45.7824,-45.7780,0.0000346,C=CC(C)(C)C12CCC3(CC=C(C)C)C(=O)C(C(=O)c4ccccc4)(CC(C)(CCO)C(C(=C)C)(C3=O)C1=O)C2=O,1,O=C1C2CCC3(C(=O)c4ccccc4)C(=O)C1CCC(C2=O)C3=O,0.0000000,0.0000,0.0365456,0.0365,0.1250357,6.2674,14
29.5971,30.3065,-30.2935,0.0001019,COc1cc2c(c(OC)c1)C1C=Nc3ccsc3C(=O)N1C2,1,O=C1c2sccc2N=CC2c3ccccc3CN12,0.0000000,0.0000,0.3021567,0.3022,0.8944485,3.6079,14
20.8638,24.3606,-24.3437,0.0001318,COC(=O)C1=C(OC(C)=O)CC2CCC1N2,1,C1=CC2CCC(C1)N2,0.0000000,0.0000,0.7552339,0.7552,0.6970536,4.4571,14
20.2628,22.2401,-22.2226,0.0001371,O=C(N=c1cccc[nH]1)C1CCOC1=O,1,O=C(N=c1cccc[nH]1)C1CCOC1=O,0.0000000,0.0000,0.7696653,0.7697,0.8296676,3.9686,14
20.6658,24.0782,-24.0617,0.0001286,CC(C=O)=CC=CC(C)C,1,,0.0000000,0.0000,0.5915912,0.5916,0.9392499,3.2161,14
28.0847,28.3798,-28.3642,0.0001218,CN(CC(=O)Nc1ccc(C(F)(F)F)cc1)C(=O)Cn1ccnc1,1,O=C(Cn1ccnc1)NCC(=O)Nc1ccccc1,0.0000000,0.0000,0.4888879,0.4889,0.9859942,2.2287,14
26.6093,25.5063,-25.4949,0.0000893,O=[N+]([O-])c1cc(Nc2cccc(C(F)(F)F)c2)c2nonc2c1,1,c1ccc(Nc2cccc3nonc23)cc1,0.0000000,0.0000,0.1931138,0.1931,0.9788644,2.5014,14
20.0744,20.6140,-20.6036,0.0000811,COCCCNC(=O)CC1CC2(C(=O)OC)CCCC=C2N(Cc2ccc(Cl)cc2Cl)C1=O,1,O=C1CCC2CCCC=C2N1Cc1ccccc1,0.0000000,0.0000,0.1517061,0.1517,0.9017426,3.5559,14
26.0017,28.3292,-28.3162,0.0001016,CCCCn1c(=O)n(Cc2ccc(C)cc2)c(=O)c2ccccc21,1,O=c1[nH]c2ccccc2c(=O)n1Cc1ccccc1,0.0000000,0.0000,0.2822148,0.2822,0.9921955,1.8436,14
9.9802,38.9665,-38.9665,0.0000000,CN(C=CC=CC(O)=C1C(=O)c2ccccc2C1=O)CCO,1,C=C1C(=O)c2ccccc2C1=O,1.0000000,1.0000,0.5512517,0.5513,0.9548577,3.0120,14
25.4004,23.4628,-23.4474,0.0001203,Cc1cc(C)cc(NC(=O)CSc2nc(=N)c(C#N)c[nH]2)c1,1,N=c1cc[nH]c(SCC(=O)Nc2ccccc2)n1,0.0000000,0.0000,0.4774876,0.4775,0.9619124,2.8965,14
33.2964,34.0235,-34.0235,0.0000000,N1(CCNc2cc3[nH]cc4c3c(c3c(c4)cccc3)c2C)CCCC1,0,,0.0000000,0.0000,0.0000000,0.0000,0.0000000,0.0000,14
21.2467,22.7973,-22.7835,0.0001081,CN(C)CCOc1ccc(Cn2c(-c3ccccc3)c[nH]c2=N)cc1,1,N=c1[nH]cc(-c2ccccc2)n1Cc1ccccc1,0.0000000,0.0000,0.3429922,0.3430,0.9795749,2.4787,14
23.4733,30.5999,-30.5904,0.0000745,CNC(=O)C=C(C)C=CC=C(C)C=CC1=C(C)C(n2ccccc2=O)CCC1,1,O=c1ccccn1C1C=CCCC1,0.0000000,0.0000,0.1209495,0.1209,0.8584948,3.8256,14
21.1508,22.4124,-22.3985,0.0001090,COC(=O)C(Cc1ccc(N(C)C)cc1)=NC(=O)c1cc(OC)c(OC)c(OC)c1,1,O=C(N=CCc1ccccc1)c1ccccc1,0.0000000,0.0000,0.3515096,0.3515,0.9781941,2.5222,14
34.3456,36.6064,-36.5974,0.0000704,O=C(O)C=CC1C2CC(CC=CCCCC(=O)O)C(CC=CCCC(=O)O)C1C2,1,C1CC2CC(C1)C2,0.0000000,0.0000,0.1495619,0.1496,0.4407536,5.1551,14
28.6425,29.7119,-29.6992,0.0000990,O=C(Cn1nc(-c2ccccc2Cl)cc1-c1ccccc1F)N1CCN(CCO)CC1,1,O=C(Cn1nc(-c2ccccc2)cc1-c1ccccc1)N1CCNCC1,0.0000000,0.0000,0.2628694,0.2629,0.9828075,2.3643,14
27.4349,29.5950,-29.5845,0.0000815,C=CCOc1ncccc1N=c1[nH]cnc2ccc(-c3ccc(O)c(OC)c3)cc12,1,c1ccc(-c2ccc3nc[nH]c(=Nc4cccnc4)c3c2)cc1,0.0000000,0.0000,0.1489685,0.1490,0.9550115,3.0096,14
20.7463,22.2098,-22.2018,0.0000619,Cc1ccc(N=c2cc(-c3ccccc3)c(-c3ccccc3)n[nH]2)cc1,1,c1ccc(N=c2cc(-c3ccccc3)c(-c3ccccc3)n[nH]2)cc1,0.0000000,0.0000,0.0643053,0.0643,0.9820182,2.3941,14
13.0384,37.7516,56.6035,0.7371494,O=C1C(=O)c2ccccc2C(=O)C1=C(O)C=CC=CN1CCCC1,1,O=C1C(=O)c2ccccc2C(=O)C1=CC=CC=CN1CCCC1,1.0000000,1.0000,0.4101659,0.4102,0.9593724,2.9403,14
15.0548,19.4442,-19.4259,0.0001428,COC1=C(OC)C(=O)C(OC)=C(OC)C1=O,1,O=C1C=CC(=O)C=C1,0.0000000,0.0000,0.7939530,0.7940,0.9737477,2.6461,14
37.2671,36.4104,-36.4038,0.0000517,Cc1nc2c(-c3ccc(CC(=O)O)cc3)ccnc2cc1Cc1cccc(C(F)(F)F)c1,1,c1ccc(Cc2cnc3c(-c4ccccc4)ccnc3c2)cc1,0.0000000,0.0000,0.0374587,0.0375,0.9802746,2.4555,14
22.3157,22.9924,-22.9802,0.0000951,CCCN1C(=O)SC(=Cc2cc(Br)c(O)c(OC)c2)C1=O,1,O=C1NC(=O)C(=Cc2ccccc2)S1,0.0000000,0.0000,0.2331701,0.2332,0.9841385,2.3109,14
19.0882,22.6502,-22.6333,0.0001320,CN1CCN(CC(O)Cn2ccc3ccccc32)CC1,1,c1ccc2c(c1)ccn2CCCN1CCNCC1,0.0000000,0.0000,0.6255295,0.6255,0.9766024,2.5692,14
47.5012,48.4784,-48.4653,0.0001023,C=CCC(NCC1CCn2c(c(CC(=O)O)c3c2CCc2ccccc2-3)C1)C(=O)O,1,c1ccc2c(c1)CCc1c-2cc2n1CCCC2,0.0000000,0.0000,0.3128754,0.3129,0.8630773,3.8006,14
22.0569,22.8422,-22.8248,0.0001363,COC1C(C)OC(Oc2ccc(C=O)cc2)C(O)C1O,1,c1ccc(OC2CCCCO2)cc1,0.0000000,0.0000,0.7199813,0.7200,0.9027759,3.5483,14
23.1600,25.0987,-25.0900,0.0000677,CCCCCCCCCCCCCCCCC(=O)NCCC(=O)OC,1,,0.0000000,0.0000,0.0834975,0.0835,0.9908872,1.9454,14
21.3397,22.9111,-22.8938,0.0001353,C=C1C(O)C(CO)OC1n1cc(CC)c(=N)[nH]c1=O,1,C=C1CCOC1n1ccc(=N)[nH]c1=O,0.0000000,0.0000,0.8174109,0.8174,0.6963060,4.4595,14
33.8011,32.5114,-32.5013,0.0000790,COc1ccc(-c2csc3nc(=N)[nH]c(-c4ccc5c(c4)OCCO5)c23)cc1,1,N=c1nc2scc(-c3ccccc3)c2c(-c2ccc3c(c2)OCCO3)[nH]1,0.0000000,0.0000,0.1344399,0.1344,0.9701032,2.7332,14
29.5709,30.2407,-30.2407,0.0000000,Fc1ccc(-c2n(C(C)=O)c(O)c3c2c(O)n(-c2ccccc2)c3O)cc1,0,,0.0000000,0.0000,0.0000000,0.0000,0.0000000,0.0000,14
24.6963,25.0049,-24.9882,0.0001312,CC1(c2cccc(O)c2)COCCC1N,1,c1ccc(C2CCCOC2)cc1,0.0000000,0.0000,0.6372178,0.6372,0.9155899,3.4470,14
34.8641,37.0805,-37.0666,0.0001083,CN1CCN(CCC(=O)NC2c3cc4ccccc4cc3C3CCCN32)CC1,1,O=C(CCN1CCNCC1)NC1c2cc3ccccc3cc2C2CCCN21,0.0000000,0.0000,0.3556088,0.3556,0.9287858,3.3270,14
19.7876,21.3242,-21.3074,0.0001313,S=C(NC1CCCC1)N1CCCC1,1,S=C(NC1CCCC1)N1CCCC1,0.0000000,0.0000,0.6103778,0.6104,0.9898168,2.0185,14
21.1880,22.0080,-21.9936,0.0001124,Cc1ccc(NC(=O)NC2CCN(C)CC2)cc1Cl,1,O=C(Nc1ccccc1)NC1CCNCC1,0.0000000,0.0000,0.3825573,0.3826,0.9917565,1.8796,14
23.5004,25.1015,-25.0871,0.0001126,CCN(CC)CCON=CC=CCc1ccccc1,1,c1ccccc1,0.0000000,0.0000,0.3891623,0.3892,0.9725084,2.6770,14
28.4268,28.1190,-28.1032,0.0001234,CS(=O)(=O)c1ccc(CC(=O)Nc2ccc(N3CCNCC3)cc2)cc1,1,O=C(Cc1ccccc1)Nc1ccc(N2CCNCC2)cc1,0.0000000,0.0000,0.5068754,0.5069,0.9905737,1.9677,14
24.3549,26.9274,-26.9098,0.0001381,COC(=O)CNC(=O)C1CC(OC)CN1C(=O)OC(C)(C)C,1,C1CCNC1,0.0000000,0.0000,0.7262419,0.7262,0.9535635,3.0313,14
23.3670,23.7880,-23.7787,0.0000726,CCCCCCCCCCCCC(=O)NCCCCCCCN,1,,0.0000000,0.0000,0.1033078,0.1033,0.9912034,1.9222,14
21.2883,21.2904,-21.2739,0.0001287,O=C(O)c1ccc2occc2c1O,1,c1ccc2occc2c1,0.0000000,0.0000,0.5762970,0.5763,0.9872018,2.1691,14
19.0306,23.0185,-23.0013,0.0001343,O=C1C=C(O)C(=O)C(c2ccc(O)c(O)c2)=C1O,1,O=C1C=CC(=O)C(c2ccccc2)=C1,0.0000000,0.0000,0.6620714,0.6621,0.9695812,2.7448,14
31.1418,32.5257,-32.5160,0.0000754,CCN(CC)CCCn1c(O)c(C2=C(c3coc4cc(OC)ccc34)C(=O)NC2=O)c2ccccc21,1,O=C1NC(=O)C(c2coc3ccccc23)=C1c1c[nH]c2ccccc12,0.0000000,0.0000,0.1174649,0.1175,0.9630491,2.8760,14
39.8370,39.1753,-39.1644,0.0000849,C#CCCCc1ccc(-c2nc(N3CCC3)sc2C)cc1,1,c1ccc(-c2csc(N3CCC3)n2)cc1,0.0000000,0.0000,0.1659748,0.1660,0.9828905,2.3611,14
20.7560,22.7380,-22.7245,0.0001054,Cc1ccccc1COc1ccccc1C=C1C(=O)N(C)C(=O)N(C)C1=O,1,O=C1NC(=O)C(=Cc2ccccc2OCc2ccccc2)C(=O)N1,0.0000000,0.0000,0.3171674,0.3172,0.9856841,2.2431,14
37.1041,36.8190,-36.8097,0.0000729,Cc1c(NC(=O)C(C)C)ccc(-c2nc(CNC3CCCCCC3)no2)c1C,1,c1ccc(-c2nc(CNC3CCCCCC3)no2)cc1,0.0000000,0.0000,0.1053007,0.1053,0.9805049,2.4477,14
19.6216,19.8922,-19.8764,0.0001231,NCc1csc(=NC(=O)c2ccc(Cl)cc2)[nH]1,1,O=C(N=c1[nH]ccs1)c1ccccc1,0.0000000,0.0000,0.5112919,0.5113,0.9627036,2.8823,14
20.9226,24.0289,-24.0114,0.0001364,CC(=O)N1CCCC(O)(C(=O)NC2CCCCC2)C1,1,O=C(NC1CCCCC1)C1CCCNC1,0.0000000,0.0000,0.6987286,0.6987,0.9569381,2.9798,14
19.2055,20.1499,-20.1364,0.0001061,CCCCCCCCCCCCS(=O)(=O)NCCCNCCCNCCCCNCCCN,1,,0.0000000,0.0000,0.3244204,0.3244,0.9767814,2.5641,15
24.0241,23.8580,-23.8423,0.0001219,C[n+]1ccc(N)c2ccc(Br)cc21,1,c1ccc2[nH+]cccc2c1,0.0000000,0.0000,0.4957916,0.4958,0.9656233,2.8272,15
24.3074,24.9137,-24.8976,0.0001258,CN1CCN(c2cnc3ccccc3c2C=NO)CC1,1,c1ccc2ncc(N3CCNCC3)cc2c1,0.0000000,0.0000,0.5403325,0.5403,0.9804155,2.4508,15
20.3575,22.0869,-22.0732,0.0001072,COc1cc2c(cc1O)C(C)=C(CN1CCCC1)CC2,1,C1=C(CN2CCCC2)CCc2ccccc21,0.0000000,0.0000,0.3341142,0.3341,0.9811621,2.4249,15
18.9682,19.4022,-19.3843,0.0001394,CC(=O)Nc1ccccc1C(N)=O,1,c1ccccc1,0.0000000,0.0000,0.7286076,0.7286,0.9953837,1.4995,15
22.3666,23.2767,-23.2585,0.0001418,CCCC#CC(O)C(=O)O,1,,0.0000000,0.0000,0.8230507,0.8231,0.8794693,3.7053,15
18.8112,37.7868,-37.7732,0.0001060,CC=CCC=CC=CC=CC(O)=C1C(=O)OC(C)(C)OC1=O,1,C=C1C(=O)OCOC1=O,0.0000000,0.0000,0.3382663,0.3383,0.9045912,3.5347,15
41.2892,50.1479,-50.1418,0.0000475,COC(=O)C(O)CC=C(C)C=CC=CC=CC=CC=CC(C)CC=CC(O)C(O)C=CCCC=CC=CCC(=O)O,1,,0.0000000,0.0000,0.0456129,0.0456,0.4473050,5.1378,15
32.9338,33.1545,-33.1423,0.0000954,CNC(=O)c1cccc(COc2cc(OC)cc3oc(-c4cn5nc(OC)nc(C)c5n4)cc23)n1,1,c1ccc(COc2cccc3oc(-c4cn5ncncc5n4)cc23)nc1,0.0000000,0.0000,0.2395633,0.2396,0.9533251,3.0348,15
11.0121,44.3779,75.5208,0.9367087,O=C1NC(=O)C(=C(O)C=CC=CN(CCO)CCO)C(=O)N1,1,C=C1C(=O)NC(=O)NC1=O,1.0000000,1.0000,0.8626767,0.8627,0.9187340,3.4201,15
37.3354,36.8145,-36.8027,0.0000922,CN1CCC(N(C(=O)c2c[nH]c(=N)o2)c2ccc(Oc3ccccc3)cc2)CC1,1,N=c1[nH]cc(C(=O)N(c2ccc(Oc3ccccc3)cc2)C2CCNCC2)o1,0.0000000,0.0000,0.2140297,0.2140,0.9667984,2.8037,15
34.3678,39.1351,-39.1211,0.0001092,CC1(C)OC2(CC(=O)C3OC(O)CC(O)C3O)OC1C2=O,1,O=C(CC12OCC(O1)C2=O)C1CCCCO1,0.0000000,0.0000,0.8605024,0.8605,0.2064738,5.8770,15
49.0367,48.8243,-48.8163,0.0000626,CCCCC(C)N1C(=C=NC2CCCCCCN2)CCOc2ccccc21,1,C(=NC1CCCCCCN1)=C1CCOc2ccccc2N1,0.0000000,0.0000,0.0735928,0.0736,0.8216259,4.0050,15
18.3908,18.2453,-18.2312,0.0001105,c1cc(N=c2[nH]c(-c3ccncc3)cs2)ccn1,1,c1cc(N=c2[nH]c(-c3ccncc3)cs2)ccn1,0.0000000,0.0000,0.3710343,0.3710,0.9574632,2.9715,15
18.0897,23.2215,-23.2052,0.0001275,CCN1C(=O)C(=Cc2ccccc2)N(C)C1=O,1,O=C1NC(=O)C(=Cc2ccccc2)N1,0.0000000,0.0000,0.5607223,0.5607,0.9850117,2.2735,15
27.4708,27.2805,-27.2627,0.0001393,N=c1nc[nH]c2[nH]cc(CCCC(N)=O)c12,1,N=c1nc[nH]c2[nH]ccc12,0.0000000,0.0000,0.7560349,0.7560,0.9298790,3.3161,15
24.3601,24.9380,-24.9219,0.0001258,CCN(CC)C(=O)Cn1cc(C(=O)C(=O)N2CCC(C(N)=O)CC2)c2ccccc21,1,O=C(C(=O)N1CCCCC1)c1c[nH]c2ccccc12,0.0000000,0.0000,0.5399833,0.5400,0.9806663,2.4422,15
30.3475,29.5498,-29.5343,0.0001209,CC(=N)C1CS(=O)(=O)c2ccc(N)cc2C1(O)C(F)(F)F,1,O=S1(=O)CCCc2ccccc21,0.0000000,0.0000,0.5554409,0.5554,0.7590649,4.2524,15
35.0797,35.2009,-35.1849,0.0001252,CC1CN(CC2CCN(C)CC2)CC(OC2C(N)C(O)C(O)C(N)C2OC2OC(CN)CCC2N)O1,1,C1CCC(OC2CCCCC2OC2CN(CC3CCNCC3)CCO2)OC1,0.0000000,0.0000,0.8218229,0.8218,0.4593287,5.1062,15
21.1766,20.1350,-20.1257,0.0000730,Brc1ccc(CSc2ncnc3ccccc23)cc1,1,c1ccc(CSc2ncnc3ccccc23)cc1,0.0000000,0.0000,0.1049880,0.1050,0.9917143,1.8829,15
20.7587,20.9602,-20.9464,0.0001072,COc1ccc(CCC(=O)Nc2ccc(N3CCN(C)CC3)cc2)cc1,1,O=C(CCc1ccccc1)Nc1ccc(N2CCNCC2)cc1,0.0000000,0.0000,0.3314722,0.3315,0.9932011,1.7531,15
34.5232,34.1904,-34.1782,0.0000958,COc1ccccc1C=NNC(=O)C(=O)Nc1cc(C(F)(F)F)nc2ccccc12,1,O=C(NN=Cc1ccccc1)C(=O)Nc1ccnc2ccccc12,0.0000000,0.0000,0.2383097,0.2383,0.9832361,2.3476,15
29.5993,30.5381,-30.5235,0.0001134,CCOC(=O)C1CCN(C(C)CC(=O)N(C)Cc2ccc(OC)cc2)CC1,1,O=C(CCN1CCCCC1)NCc1ccccc1,0.0000000,0.0000,0.3969123,0.3969,0.9750996,2.6107,15
22.2557,25.0444,-25.0274,0.0001334,CCCCN=c1nc(N2CCN(C)CC2)[nH]c(=NCCCC)[nH]1,1,N=c1nc(N2CCNCC2)[nH]c(=N)[nH]1,0.0000000,0.0000,0.6686135,0.6686,0.9183641,3.4233,15
33.4387,35.0130,-35.0019,0.0000866,CC(=O)Nc1cccc(OCCCCCN2CCN(c3ccc4c(c3)CCC(=O)N4C)CC2)c1,1,O=C1CCc2cc(N3CCN(CCCCCOc4ccccc4)CC3)ccc2N1,0.0000000,0.0000,0.1758973,0.1759,0.9833130,2.3445,15
27.9214,28.2848,-28.2751,0.0000761,COCCNC(=S)NN=C(C)c1ccc(NC(=O)c2ccc(-c3ccccc3)cc2)cc1,1,O=C(Nc1ccccc1)c1ccc(-c2ccccc2)cc1,0.0000000,0.0000,0.1191244,0.1191,0.9887611,2.0835,15
24.9349,27.5920,-27.5787,0.0001034,CC(C)c1ccc2sc(=NC(=O)CCN3CCCC3)[nH]c2c1,1,O=C(CCN1CCCC1)N=c1[nH]c2ccccc2s1,0.0000000,0.0000,0.3026393,0.3026,0.9665107,2.8095,15
27.0884,35.5334,-35.5181,0.0001202,CCOC(=O)C=Cc1cc(NC(C)=O)ccc1OCCCN1CCN(C)CC1,1,c1ccc(OCCCN2CCNCC2)cc1,0.0000000,0.0000,0.4698548,0.4699,0.9854553,2.2536,15
20.0854,39.7806,-39.7733,0.0000569,CCCCN(C=CC=CC(O)=C1C=Cc2ccccc21)CCCC,1,C=C1C=Cc2ccccc21,0.0000000,0.0000,0.0508960,0.0509,0.9457926,3.1374,15
33.3433,33.3961,-33.3824,0.0001072,CC(C)OCCNC(=O)c1cccc(N=c2cncc(-c3ccncc3)[nH]2)c1,1,c1ccc(N=c2cncc(-c3ccncc3)[nH]2)cc1,0.0000000,0.0000,0.3373107,0.3373,0.9647002,2.8451,15
31.1617,31.4580,-31.4419,0.0001256,CN(C(=O)COc1cccc(Cl)c1C(=O)O)C1CC1,1,O=C(COc1ccccc1)NC1CC1,0.0000000,0.0000,0.5347419,0.5347,0.9884546,2.1012,15
35.2660,40.1977,-40.1911,0.0000512,CCCCCCCCC(CC=CCCCCC(=O)N1CC(=O)Nc2ccccc2C1)CCO,1,O=C1CNCc2ccccc2N1,0.0000000,0.0000,0.0373161,0.0373,0.9419813,3.1843,15
20.6563,21.3463,-21.3311,0.0001186,Cn1c(=NN=Cc2ccc3c(c2)OCO3)[nH]c2ccccc21,1,C(=NN=c1[nH]c2ccccc2[nH]1)c1ccc2c(c1)OCO2,0.0000000,0.0000,0.4560469,0.4560,0.9658673,2.8224,15
31.3535,31.0739,-31.0582,0.0001229,CC(=O)Nc1ccc(C=c2sc3nc4c(C)nn(C)c4n3c2=O)cc1,1,O=c1c(=Cc2ccccc2)sc2nc3cn[nH]c3n12,0.0000000,0.0000,0.5058883,0.5059,0.9714929,2.7013,15
33.9152,38.0317,-38.0156,0.0001262,COc1ccc2c(c1)CCC(=O)N2Cc1cnc2n1CCN(C=O)CC2,1,O=C1CCc2ccccc2N1Cc1cnc2n1CCNCC2,0.0000000,0.0000,0.5521114,0.5521,0.9606921,2.9178,15
23.8404,24.1753,-24.1632,0.0000945,COc1ccc(-c2ccnc(OCC(O)CN3CCc4ccccc4C3)c2)cc1,1,c1ccc(-c2ccnc(OCCCN3CCc4ccccc4C3)c2)cc1,0.0000000,0.0000,0.2301809,0.2302,0.9732968,2.6575,15
23.9762,22.3876,-22.3768,0.0000843,O=S(=O)(Nc1cc(C(F)(F)F)ccc1N1CCOCC1)c1ccc(Cl)cc1,1,O=S(=O)(Nc1ccccc1N1CCOCC1)c1ccccc1,0.0000000,0.0000,0.1617177,0.1617,0.9883800,2.1054,15
10.3578,41.5203,-41.5203,0.0000000,CCN(C=CC=CC(O)=C1C(=O)NC(=O)N(C)C1=O)CC,1,C=C1C(=O)NC(=O)NC1=O,1.0000000,1.0000,0.6927414,0.6927,0.9353545,3.2593,15
28.8583,29.6549,-29.6419,0.0001020,O=C(O)CCCCCC(=O)N1CCN(CCN=c2c3c([nH]c4ccccc24)CCCC3)CC1,1,c1ccc2c(=NCCN3CCNCC3)c3c([nH]c2c1)CCCC3,0.0000000,0.0000,0.2901380,0.2901,0.9693307,2.7503,15
26.4788,27.5249,-27.5111,0.0001079,CC1CN(C(C)CO)C(=O)c2cccc(NC(=O)c3ccccc3)c2OC1CN1CCOCC1,1,O=C(Nc1cccc2c1OC(CN1CCOCC1)CCNC2=O)c1ccccc1,0.0000000,0.0000,0.3526048,0.3526,0.9231820,3.3803,15
15.3766,17.8296,-17.8160,0.0001061,CC1(C)CC(=O)c2cc(Br)ccc2O1,1,O=C1CCOc2ccccc21,0.0000000,0.0000,0.3232100,0.3232,0.9843321,2.3028,15
24.7239,24.6482,-24.6371,0.0000867,COc1cc(C)c(C)cc1NC(=O)Cc1ccc(Cl)cc1,1,O=C(Cc1ccccc1)Nc1ccccc1,0.0000000,0.0000,0.1751751,0.1752,0.9939947,1.6717,15
17.8594,19.2223,-19.2130,0.0000730,CCCCCCCCCCCCC1CCNCC1,1,C1CCNCC1,0.0000000,0.0000,0.1051047,0.1051,0.9901202,1.9986,15
22.3746,24.6822,-24.6651,0.0001330,O=C1NCCN1CCOCCOc1ccc(F)cc1F,1,O=C1NCCN1CCOCCOc1ccccc1,0.0000000,0.0000,0.6363867,0.6364,0.9850330,2.2725,15
18.3535,20.6580,-20.6415,0.0001288,COc1cc(N)c(Cl)cc1C(=O)OCCN1CCC(N)CC1,1,O=C(OCCN1CCCCC1)c1ccccc1,0.0000000,0.0000,0.5780233,0.5780,0.9847153,2.2864,15
21.2574,23.4043,-23.3870,0.0001350,OCCCN=CCOc1ccccc1,1,c1ccccc1,0.0000000,0.0000,0.6665326,0.6665,0.9835331,2.3357,15
25.8887,25.3056,-25.2903,0.0001194,COc1ccc(C(=O)N2CCC3(CC2)CCN(S(C)(=O)=O)CC3)cc1OC,1,O=C(c1ccccc1)N1CCC2(CCNCC2)CC1,0.0000000,0.0000,0.4642864,0.4643,0.9713225,2.7053,15
26.4807,24.4044,-24.3911,0.0001040,CC(C)Oc1ccc(C(=O)OCC(=O)Nc2ccc(N3CCOCC3)cc2)cc1,1,O=C(COC(=O)c1ccccc1)Nc1ccc(N2CCOCC2)cc1,0.0000000,0.0000,0.3030029,0.3030,0.9909488,1.9410,15
25.4794,26.4242,-26.4109,0.0001038,CCOC(=O)C(C#N)C=Nc1ccc(Oc2cccnc2)cc1,1,c1ccc(Oc2cccnc2)cc1,0.0000000,0.0000,0.3083517,0.3084,0.9543319,3.0199,15
35.3081,38.7549,-38.7389,0.0001247,O=C1NCC(=O)N(CC(=O)N2CCN(C(=O)c3ccccc3-c3ccccc3)CC2CN2CCCC2)C1=O,1,O=C1NCC(=O)N(CC(=O)N2CCN(C(=O)c3ccccc3-c3ccccc3)CC2CN2CCCC2)C1=O,0.0000000,0.0000,0.5365431,0.5365,0.9490817,3.0944,15
21.8668,24.8568,-24.8398,0.0001332,CCN(CC)CCn1cc(C(=O)NC(C)C)c(O)c1O,1,c1cc[nH]c1,0.0000000,0.0000,0.6434052,0.6434,0.9734601,2.6534,15
51.2188,49.3571,-49.3517,0.0000416,COc1cccc(CN2C(CCCCc3ccccc3Sc3ccc(Cl)cc3Cl)C(O)CS2(=O)=O)c1,1,O=S1(=O)CCC(CCCCc2ccccc2Sc2ccccc2)N1Cc1ccccc1,0.0000000,0.0000,0.0206407,0.0206,0.8957787,3.5986,15
23.2207,25.4617,-25.4495,0.0000956,CC1(c2ccccc2)CCC(=O)N(CCCN2CCN(c3ccccc3F)CC2)C1=O,1,O=C1CCC(c2ccccc2)C(=O)N1CCCN1CCN(c2ccccc2)CC1,0.0000000,0.0000,0.2388566,0.2389,0.9673772,2.7919,15
30.1854,29.4997,-29.4834,0.0001278,CCCNC(=O)C(C)N(CC)Cc1nc(=O)c2ccccc2[nH]1,1,O=c1nc[nH]c2ccccc12,0.0000000,0.0000,0.5689332,0.5689,0.9708346,2.7166,15
25.8203,31.6646,-31.6493,0.0001198,N=C1C(=O)Nc2ccccc2C12OC(c1ccccc1)=NC2=O,1,N=C1C(=O)Nc2ccccc2C12OC(c1ccccc1)=NC2=O,0.0000000,0.0000,0.4974273,0.4974,0.8763103,3.7245,15
24.0005,25.9662,-25.9581,0.0000636,COc1cc(C=CC(=O)OCCCCCCCCOC(=O)C=Cc2ccc(O)c(OC)c2)ccc1O,1,O=C(C=Cc1ccccc1)OCCCCCCCCOC(=O)C=Cc1ccccc1,0.0000000,0.0000,0.0698459,0.0698,0.9785128,2.5124,15
26.9444,27.2496,-27.2409,0.0000676,COc1ccc(Cn2c(C)cc(C(=O)COC(=O)COc3ccc(Cl)c(C)c3)c2C)cc1,1,O=C(COc1ccccc1)OCC(=O)c1ccn(Cc2ccccc2)c1,0.0000000,0.0000,0.0835034,0.0835,0.9869943,2.1797,15
16.4684,19.1315,-19.1150,0.0001294,O=C(O)CN1C(=O)c2cccc3cccc(c23)C1=O,1,O=C1NC(=O)c2cccc3cccc1c23,0.0000000,0.0000,0.5844232,0.5844,0.9914743,1.9017,15
14.6594,17.5474,-17.5295,0.0001398,C=CC(=O)N1CCCCC1,1,C1CCNCC1,0.0000000,0.0000,0.7382146,0.7382,0.9890758,2.0647,15
21.7485,25.2481,-25.2304,0.0001386,C[N+]1(C)CC(=O)C=NC1=O,1,O=C1C=NC(=O)[NH2+]C1,0.0000000,0.0000,0.8382485,0.8382,0.7545135,4.2685,15
42.7902,46.3944,-46.3911,0.0000259,COC(=O)C1(C)CCC2(C)CCC3(C)C(=C2C1)CC(O)C1=CCC2C(C)(C)C(OC(=O)C=Cc4cccc(O)c4O)C(=NO)CC2(C)C13,1,N=C1CC2C(CC=C3CCC4=C5CCCCC5CCC4C32)CC1OC(=O)C=Cc1ccccc1,0.0000000,0.0000,0.0096546,0.0097,0.2801732,5.6147,15
26.6383,28.9959,-28.9925,0.0000273,CC1(C)CCC2(CC2)C2C3CC2C(C)(C1O)C1(C)CCC2C(C)(C)C(=O)CCC2(C)C1CO3,1,O=C1CCC2C(CCC3C2COC2CC4C3CCCCC3(CC3)C24)C1,0.0000000,0.0000,0.0238780,0.0239,0.0748577,6.6380,15
32.4551,33.9189,-33.9049,0.0001093,CC(=O)NC(Cc1ccc(OCc2ccccc2)cc1)C(=O)C(O)NC(C=O)Cc1ccccc1,1,O=C(CCc1ccc(OCc2ccccc2)cc1)CNCCc1ccccc1,0.0000000,0.0000,0.3657869,0.3658,0.9249531,3.3638,15
27.2720,27.1646,-27.1522,0.0000968,COc1ccc(C2CN(C)CC2NC(=O)c2sccc2Br)cc1,1,O=C(NC1CNCC1c1ccccc1)c1cccs1,0.0000000,0.0000,0.2507076,0.2507,0.9502525,3.0784,15
9.4831,42.7102,62.2148,0.8197268,CCCCN(C)C=CC=CC(O)=C1C(=O)NC(=O)N(C2CC2)C1=O,1,C=C1C(=O)NC(=O)N(C2CC2)C1=O,1.0000000,1.0000,0.5695105,0.5695,0.9432674,3.1688,15
39.7256,39.2972,-39.2867,0.0000817,CC(C)Oc1ccc(NC(=O)c2cnc(N3CCC4(CC3)CC4)nc2)c(N2CCC(=O)CC2)c1,1,O=C1CCN(c2ccccc2NC(=O)c2cnc(N3CCC4(CC3)CC4)nc2)CC1,0.0000000,0.0000,0.1513350,0.1513,0.9408306,3.1979,15
20.9192,24.0195,-24.0080,0.0000897,CCC=C1N=C(C)C(C(=O)OCC)C(c2cccc([N+](=O)[O-])c2)C1C(=O)OCC,1,C=C1CC(c2ccccc2)CC=N1,0.0000000,0.0000,0.2106355,0.2106,0.8618287,3.8075,15
27.0181,26.5196,-26.5106,0.0000699,CCOC(=O)c1c[nH]c2ccc(Cl)cc2c1=Nc1cccc(C)c1C,1,c1ccc(N=c2cc[nH]c3ccccc23)cc1,0.0000000,0.0000,0.0929878,0.0930,0.9770835,2.5553,15
16.2773,19.5134,-19.4961,0.0001350,O=C(O)C=CC1CCCC1,1,C1CCCC1,0.0000000,0.0000,0.6669062,0.6669,0.9808927,2.4344,15
36.2438,39.3763,-39.3635,0.0001005,CCCCC(=O)NCC1CCN(C)C2(CCN(C(=O)c3ccccc3)CC2)C1,1,O=C(c1ccccc1)N1CCC2(CCCCN2)CC1,0.0000000,0.0000,0.2845142,0.2845,0.9239689,3.3730,15
38.5234,38.5168,-38.4999,0.0001321,CN(C)CCNC(=O)NCCCCCCCC(=O)N(C)CC(=O)N1CCCC1C#N,1,C1CCNC1,0.0000000,0.0000,0.6357111,0.6357,0.9544483,3.0181,15
10.2491,35.6414,81.7458,0.9170873,CN(C)C=CC=CC(O)=C1C(=O)NC(=O)NC1=O,1,C=C1C(=O)NC(=O)NC1=O,1.0000000,1.0000,0.7990025,0.7990,0.9401493,3.2058,15
12.5914,17.9450,-17.9289,0.0001256,O=C(O)C=CC=Cc1ccccc1,1,c1ccccc1,0.0000000,0.0000,0.5346784,0.5347,0.9899608,2.0091,15
8.6648,48.2005,46.2755,0.7380938,CC1=NN(c2ccccc2)C(=O)C1=C(O)C=CC=CN1CCN(C)CC1,1,O=C1C(=CC=CC=CN2CCNCC2)C=NN1c1ccccc1,1.0000000,1.0000,0.4118434,0.4118,0.9589687,2.9470,15
34.2453,33.1492,-33.1378,0.0000897,O=C(N=c1[nH]c2ccc(C(=O)c3ccccc3)cc2n1CCO)Nc1ccc(F)cc1F,1,O=C(N=c1[nH]c2ccc(C(=O)c3ccccc3)cc2[nH]1)Nc1ccccc1,0.0000000,0.0000,0.1968751,0.1969,0.9691645,2.7540,15
29.4993,28.5051,-28.4938,0.0000884,COc1ccc(N2CC(C)NC(C)C2)cc1NS(=O)(=O)c1cc(N2CCN(C)CC2)cc(C(F)(F)F)c1,1,O=S(=O)(Nc1cccc(N2CCNCC2)c1)c1cccc(N2CCNCC2)c1,0.0000000,0.0000,0.1947766,0.1948,0.9147253,3.4543,15
22.2356,24.6754,-24.6580,0.0001360,CNC(=O)N=NC(=O)c1ccncc1,1,c1ccncc1,0.0000000,0.0000,0.6881973,0.6882,0.9659655,2.8204,15
27.5620,29.3336,-29.3209,0.0000991,O=C(CC12CC3CC(CC(C3)C1)C2)NCC(=O)N1CCN(CCn2sc3ccccc3c2=O)CC1,1,O=C(CC12CC3CC(CC(C3)C1)C2)NCC(=O)N1CCN(CCn2sc3ccccc3c2=O)CC1,0.0000000,0.0000,0.2884688,0.2885,0.8386284,3.9264,15
42.6219,47.6407,-47.6407,0.0000000,c12cc(O)c(=C(C)C)c(O)c1c(O)c(=C(C=CC=C(C)C)OC(C=C(C)C)=O)cc2O,0,,0.0000000,0.0000,0.0000000,0.0000,0.0000000,0.0000,15
21.0236,25.2205,-25.2025,0.0001410,CC(C)C(=O)NC1CN(C)C(=O)C1C,1,O=C1CCCN1,0.0000000,0.0000,0.7924933,0.7925,0.9117303,3.4789,15
18.9076,19.6467,-19.6427,0.0000317,CCCCCCCCCCCCCCCC[n+]1cccc(-c2ccccc2)c1,1,c1ccc(-c2ccc[nH+]c2)cc1,0.0000000,0.0000,0.0086388,0.0086,0.9860868,2.2243,15
26.4196,28.0405,-28.0287,0.0000921,CC12C=CCCC1=CC(O)C1C2CCC2(C)C(=O)CCC12,1,O=C1CCC2C1CCC1C3C=CCCC3=CCC12,0.0000000,0.0000,0.2580999,0.2581,0.6927450,4.4704,15
23.1225,23.8239,-23.8058,0.0001411,NC(N)=NCCCC(N)C(=O)N1Cc2ccccc2CC1C(=O)O,1,c1ccc2c(c1)CCNC2,0.0000000,0.0000,0.7774602,0.7775,0.9472268,3.1189,15
23.1540,28.9122,-28.8975,0.0001146,O=C1C=CC(=C2C(=O)CC(c3ccccc3)CC2=O)C=C1,1,O=C1C=CC(=C2C(=O)CC(c3ccccc3)CC2=O)C=C1,0.0000000,0.0000,0.4088398,0.4088,0.9785939,2.5099,15
26.9398,52.5142,28.2648,0.6310861,CC=CC1CN(c2cccc(OC)c2)C(=O)C1=C(O)C=CC=CN(C)CCCO,1,C=C1CCN(c2ccccc2)C1=O,1.0000000,1.0000,0.2750699,0.2751,0.8539640,3.8495,15
29.0180,30.3584,-30.3436,0.0001159,CN1CCN(c2ncccc2COc2nc(=Nc3cnn(C)c3)[nH]cc2C2CC2)CC1,1,c1cnc(N2CCNCC2)c(COc2nc(=Nc3cn[nH]c3)[nH]cc2C2CC2)c1,0.0000000,0.0000,0.4359638,0.4360,0.9297316,3.3176,15
23.8609,25.9795,-25.9648,0.0001144,CC(N=c1nc(N2CCC(N3CCCC3)C2=O)cc[nH]1)c1ccccc1,1,O=C1C(N2CCCC2)CCN1c1cc[nH]c(=NCc2ccccc2)n1,0.0000000,0.0000,0.4348212,0.4348,0.8709432,3.7562,15
26.0339,28.8477,-28.8327,0.0001170,CCCCCN1CCCC1C1=CCCN(C)C1,1,C1=C(C2CCCN2)CNCC1,0.0000000,0.0000,0.4423830,0.4424,0.9493018,3.0914,15
18.2947,18.7887,-18.7724,0.0001275,Cc1c(CCO)sc[n+]1CC(=O)c1ccccc1,1,O=C(C[n+]1ccsc1)c1ccccc1,0.0000000,0.0000,0.5638934,0.5639,0.9751350,2.6098,15
21.6655,21.3747,-21.3673,0.0000575,Cc1ccccc1-n1c(C=Cc2ccc(Cl)cc2)nc2ccccc2c1=O,1,O=c1c2ccccc2nc(C=Cc2ccccc2)n1-c1ccccc1,0.0000000,0.0000,0.0512043,0.0512,0.9893308,2.0492,15
21.7257,21.3185,-21.3052,0.0001040,O=C(COC(=O)CCC(=O)c1cccs1)NCc1ccccc1Cl,1,O=C(COC(=O)CCC(=O)c1cccs1)NCc1ccccc1,0.0000000,0.0000,0.3035866,0.3036,0.9897755,2.0212,15
31.4227,31.4050,-31.3896,0.0001206,CC(C)(C)OC(=O)NC(Cc1ccc(O)cc1)C(=O)NC1CCC(=O)C1,1,O=C1CCC(NC(=O)CCc2ccccc2)C1,0.0000000,0.0000,0.4830083,0.4830,0.9564837,2.9870,15
21.4809,26.2854,-26.2693,0.0001264,CN1Cc2c(N=C=S)cccc2C1=O,1,O=C1NCc2ccccc21,0.0000000,0.0000,0.5556008,0.5556,0.9557033,2.9991,15
20.9984,21.8836,-21.8668,0.0001307,Cc1ccc(C=NNC(=O)C(=O)NC2CCCCC2)o1,1,O=C(NN=Cc1ccco1)C(=O)NC1CCCCC1,0.0000000,0.0000,0.6042078,0.6042,0.9848514,2.2805,15
23.0865,21.8287,-21.8250,0.0000289,Cc1nn(-c2ccccc2)c(Sc2ccc(Cl)cc2)c1C=NOCc1ccc(Cl)cc1Cl,1,C(=NOCc1ccccc1)c1cnn(-c2ccccc2)c1Sc1ccccc1,0.0000000,0.0000,0.0065603,0.0066,0.9762045,2.5804,15
17.5445,19.4480,-19.4322,0.0001233,CC(=Cc1ccccc1)C(O)=NO,1,c1ccccc1,0.0000000,0.0000,0.5097370,0.5097,0.9783233,2.5183,15
15.8613,33.5229,-33.5060,0.0001321,CN1C(=O)NC(=O)C(=C(O)C=Cc2ccc3c(c2)OCO3)C1=O,1,O=C1NC(=O)C(=CC=Cc2ccc3c(c2)OCO3)C(=O)N1,0.0000000,0.0000,0.6274340,0.6274,0.9738941,2.6423,15
19.4050,19.7882,-19.7807,0.0000587,CCCCCCCCCCCCCCCCC(=O)NC1CC1,1,C1CC1,0.0000000,0.0000,0.0545116,0.0545,0.9921246,1.8496,15
20.5957,24.0494,-24.0366,0.0001000,C=CC1(C)C=C2C(=O)c3ccccc3C(=O)C2=CC1,1,O=C1C2=CCCC=C2C(=O)c2ccccc21,0.0000000,0.0000,0.2843293,0.2843,0.9033934,3.5437,15
24.2382,25.1534,-25.1353,0.0001415,O=C(O)c1ccc(CNCOCCO)cc1,1,c1ccccc1,0.0000000,0.0000,0.7654943,0.7655,0.9884261,2.1028,15
29.3868,31.7617,-31.7449,0.0001309,COC=NC(=O)C(=Cc1cccc(O)c1)OC,1,c1ccccc1,0.0000000,0.0000,0.6213390,0.6213,0.9456303,3.1395,15
28.0896,27.9324,-27.9180,0.0001123,CC(=O)c1cc(C#N)cc(Oc2ccc(C(=N)N)cc2)c1,1,c1ccc(Oc2ccccc2)cc1,0.0000000,0.0000,0.3831551,0.3832,0.9875931,2.1486,15
24.1167,23.9636,-23.9549,0.0000674,O=C1CCCc2c1[nH]c1ccccc1c2=Nc1ccc(C(F)(F)F)cc1,1,O=C1CCCc2c1[nH]c1ccccc1c2=Nc1ccccc1,0.0000000,0.0000,0.0835860,0.0836,0.9719981,2.6893,15
30.0219,29.2102,-29.1940,0.0001265,CC(NC(=O)OC(C)(C)C)C(=O)Oc1cncc(C#N)c1,1,c1ccncc1,0.0000000,0.0000,0.5543502,0.5544,0.9626456,2.8833,15
18.7993,18.1208,-18.1061,0.0001147,CC(C)(C)c1ccc(S(=O)(=O)N2CCCC2)cc1,1,O=S(=O)(c1ccccc1)N1CCCC1,0.0000000,0.0000,0.4059017,0.4059,0.9935161,1.7220,15
24.2065,49.7462,58.0783,0.8423787,CC1=[N+]([O-])C(=[N+]2CCCC2)C(=O)C1=C(O)C=CC=CN(C)CCO,1,C=C1C=[NH+]C(=[N+]2CCCC2)C1=O,1.0000000,1.0000,0.6990628,0.6991,0.7603446,4.2479,15
22.6874,26.0525,-26.0441,0.0000655,CCN1CCC(=C2c3cc(OC)ccc3C=Cc3sccc32)CC1,1,C1=Cc2sccc2C(=C2CCNCC2)c2ccccc21,0.0000000,0.0000,0.0772433,0.0772,0.9616289,2.9015,15
33.3037,32.5768,-32.5625,0.0001115,CCCOc1ccccc1S(=O)(=O)NC(CC1CCCCC1)C(=O)NC,1,O=S(=O)(NCCC1CCCCC1)c1ccccc1,0.0000000,0.0000,0.3775016,0.3775,0.9719407,2.6907,15
17.5252,21.2879,-21.2717,0.0001272,O=C1SC(=Cc2ccc(F)cc2)C(=O)N1CCO,1,O=C1NC(=O)C(=Cc2ccccc2)S1,0.0000000,0.0000,0.5561715,0.5562,0.9889246,2.0738,15
24.7733,30.1920,-30.1735,0.0001451,CN1CCN(CCCOC(=O)NCCCN)CC1,1,C1CNCCN1,0.0000000,0.0000,0.8248583,0.8249,0.9887227,2.0857,15
28.6769,36.7829,-36.7684,0.0001136,O=C1NCCN(Cc2ccccc2)C1C=CC=CC=CC=CN1CCOCC1,1,O=C1NCCN(Cc2ccccc2)C1C=CC=CC=CC=CN1CCOCC1,0.0000000,0.0000,0.4219312,0.4219,0.8828996,3.6840,15
25.9377,41.6320,-41.6168,0.0001190,COC(C=CC=CN(CCO)CCO)=C1C(=O)c2cccc(Br)c2C(O)C1=O,1,C=C1C(=O)Cc2ccccc2C1=O,0.0000000,0.0000,0.5155190,0.5155,0.7944442,4.1193,15
35.4503,36.9734,-36.9586,0.0001157,COc1cc(C)c(N=c2nc(OC(C)CO)c(C(F)(F)F)c[nH]2)cc1OCCO,1,c1ccc(N=c2nccc[nH]2)cc1,0.0000000,0.0000,0.4462193,0.4462,0.8812757,3.6941,15
18.1920,19.4155,-19.3990,0.0001293,CN1CCN(c2nc3ccccc3nc2N2CCOCC2)CC1,1,c1ccc2nc(N3CCOCC3)c(N3CCNCC3)nc2c1,0.0000000,0.0000,0.5849489,0.5849,0.9869019,2.1844,15
39.2819,37.6786,-37.6786,0.0000000,c1cccc2c1c(Nc1ccc(C)c(N=c3nc(-c4cc(OC)c(OC)cc4)nc4c3[nH]cn4)c1)ccc2,0,,0.0000000,0.0000,0.0000000,0.0000,0.0000000,0.0000,15
15.8194,41.1743,-41.1570,0.0001354,CN(C=CC=CC(O)=C1C=CC(=O)O1)CCO,1,C=C1C=CC(=O)O1,0.0000000,0.0000,0.7356202,0.7356,0.8401045,3.9193,15
9.4319,42.3999,-42.3999,0.0000000,CN(C=CC=CC(O)=C1C(=O)c2ccccc2C1=O)CCO,1,C=C1C(=O)c2ccccc2C1=O,1.0000000,1.0000,0.5512517,0.5513,0.9548577,3.0120,15
22.7821,28.3197,-28.3030,0.0001307,O=C(O)CN1CCCC(=NC(=O)C=Cc2ccccc2)C1=O,1,O=C(C=Cc1ccccc1)N=C1CCCNC1=O,0.0000000,0.0000,0.6068350,0.6068,0.9756228,2.5966,15
46.4753,50.7184,-50.7093,0.0000714,CC1CN2c3ncccc3N(C)C(N(C(=O)CCCCN3CCCC3)C(=O)CCC3CCCC3)C2C(C)O1,1,O=C(CCCCN1CCCC1)N(C(=O)CCC1CCCC1)C1Nc2cccnc2N2CCOCC12,0.0000000,0.0000,0.1154615,0.1155,0.7475674,4.2927,15
28.3147,26.8113,-26.7989,0.0000971,Cc1ccc(N=c2ccc(C(=O)c3cccc(O)c3)c[nH]2)cc1,1,O=C(c1ccccc1)c1ccc(=Nc2ccccc2)[nH]c1,0.0000000,0.0000,0.2490126,0.2490,0.9750051,2.6133,15
31.2292,31.4534,-31.4446,0.0000692,CC(C)(C)C1CCc2sc(=NC(=O)CN3CCN(c4cccc5ccccc45)CC3)[nH]c2C1,1,O=C(CN1CCN(c2cccc3ccccc23)CC1)N=c1[nH]c2c(s1)CCCC2,0.0000000,0.0000,0.0931420,0.0931,0.9190596,3.4172,15
16.0882,17.2081,-17.1925,0.0001213,CC(C)=CCCC(C)=CC=O,1,,0.0000000,0.0000,0.4891677,0.4892,0.9630617,2.8757,15
23.4335,25.0230,-25.0065,0.0001288,CNS(=O)(=O)c1cccc(C(=O)N2CCN(S(=O)(=O)c3ccccc3)CC2)c1,1,O=C(c1ccccc1)N1CCN(S(=O)(=O)c2ccccc2)CC1,0.0000000,0.0000,0.5758426,0.5758,0.9905351,1.9704,15
15.8692,38.9656,-38.9517,0.0001087,COc1cc(C=CC=CC(O)=C2C(=O)OC(C)(C)OC2=O)cc(OC)c1,1,O=C1OCOC(=O)C1=CC=CC=Cc1ccccc1,0.0000000,0.0000,0.3524333,0.3524,0.9594684,2.9386,15
18.9395,18.8944,-18.8778,0.0001297,N#CC(=Cc1ccccc1)C(=O)NC1CC1,1,O=C(C=Cc1ccccc1)NC1CC1,0.0000000,0.0000,0.5887565,0.5888,0.9906475,1.9625,15
16.3349,29.8378,-29.8204,0.0001358,CC(C)=C1OC(=O)C(=C(C)O)C1=O,1,C=C1OC(=O)C(=C)C1=O,0.0000000,0.0000,0.6983730,0.6984,0.9359219,3.2532,15
27.9505,29.0384,-29.0294,0.0000707,CN(C)CC=CC(=O)N(c1ccccc1)C1CCN(C(=O)N(C)C2CCCCCCC2)CC1,1,O=C(NC1CCCCCCC1)N1CCC(Nc2ccccc2)CC1,0.0000000,0.0000,0.0964291,0.0964,0.9695091,2.7464,15
19.3505,22.0628,-22.0463,0.0001290,COC(=O)C1=C(c2ccccc2)C2OCC1O2,1,C1=C(c2ccccc2)C2OCC1O2,0.0000000,0.0000,0.6344911,0.6345,0.8444366,3.8980,15
25.9954,33.8274,-33.8136,0.0001078,CC=CC=CC=CC(C)(O)C(=O)OC1=CC(=O)c2ccccc2C1=O,1,O=C1C=CC(=O)c2ccccc21,0.0000000,0.0000,0.3623353,0.3623,0.8779894,3.7144,16
16.2806,17.4147,-17.4026,0.0000942,Clc1ccc(OCCCCN2CCCCC2)cc1,1,c1ccc(OCCCCN2CCCCC2)cc1,0.0000000,0.0000,0.2251208,0.2251,0.9945903,1.6033,16
40.8361,41.4549,-41.4450,0.0000777,N=c1nc(-c2cccc(OCCCCCCCCC(=O)O)c2)c2sc(N3CCNCC3)cc2[nH]1,1,N=c1nc(-c2ccccc2)c2sc(N3CCNCC3)cc2[nH]1,0.0000000,0.0000,0.1296219,0.1296,0.9486438,3.1002,16
29.3278,29.2680,-29.2533,0.0001150,CC(=O)N1CCC(N(C)Cc2cc(-c3ccc(F)cc3)on2)C1,1,c1ccc(-c2cc(CNC3CCNC3)no2)cc1,0.0000000,0.0000,0.4161269,0.4161,0.9681363,2.7760,16
24.5023,24.7591,-24.7429,0.0001266,Cc1c2n(c3ccc(O)cc13)CCCNC2=O,1,O=C1NCCCn2c1cc1ccccc12,0.0000000,0.0000,0.5520814,0.5521,0.9770121,2.5574,16
28.3825,30.1953,-30.1804,0.0001166,NC(=O)c1cccc2c(=NCCCCCCNC(=O)C3CCCC3)[nH]cnc12,1,O=C(NCCCCCCN=c1[nH]cnc2ccccc12)C1CCCC1,0.0000000,0.0000,0.4333189,0.4333,0.9674755,2.7899,16
14.8835,18.2877,-18.2714,0.0001271,COc1ccc(C=C2SC(=O)N(CC(=O)O)C2=O)cc1,1,O=C1NC(=O)C(=Cc2ccccc2)S1,0.0000000,0.0000,0.5533310,0.5533,0.9903960,1.9800,16
22.0619,21.3405,-21.3236,0.0001317,Nc1ccc(OCCn2cccn2)cc1,1,c1ccc(OCCn2cccn2)cc1,0.0000000,0.0000,0.6164822,0.6165,0.9909668,1.9397,16
28.0476,28.9636,-28.9464,0.0001341,N=C(N)NC(=O)Cn1cc(-c2ccc3cnccc3c2)nn1,1,c1cc2cc(-c3c[nH]nn3)ccc2cn1,0.0000000,0.0000,0.6573058,0.6573,0.9734721,2.6531,16
23.5960,23.2573,-23.2436,0.0001076,COc1cccc(-c2nn(-c3ccc(O)cc3)cc2C(=O)O)c1,1,c1ccc(-c2ccn(-c3ccccc3)n2)cc1,0.0000000,0.0000,0.3359348,0.3359,0.9903548,1.9828,16
17.5548,21.1537,-21.1373,0.0001281,COc1cc2c(cc1C)C(=O)C=CC2=O,1,O=C1C=CC(=O)c2ccccc21,0.0000000,0.0000,0.5693038,0.5693,0.9853968,2.2563,16
45.4030,43.1912,-43.1796,0.0000900,CCCN(CC1CC1)C(=O)c1cccc2c(=O)n(CC3CC3)c(C)cc12,1,O=C(NCC1CC1)c1cccc2c(=O)n(CC3CC3)ccc12,0.0000000,0.0000,0.1974490,0.1974,0.9816338,2.4081,16
28.8955,32.5854,-32.5782,0.0000558,CCOc1ccc(C(=O)C=C(C)C=CC=C(C)c2ccc(OC)cc2)cc1,1,O=C(C=CC=CC=Cc1ccccc1)c1ccccc1,0.0000000,0.0000,0.0470419,0.0470,0.9827067,2.3682,16
19.2386,18.7892,-18.7717,0.0001366,O=C(Nc1cccnc1)N1CCOCC1,1,O=C(Nc1cccnc1)N1CCOCC1,0.0000000,0.0000,0.6870395,0.6870,0.9918389,1.8730,16
39.3544,40.8502,-40.8449,0.0000409,CC(=O)OCC1(C)C(OC(=O)C=C(C)C(C)C)CC(OC(C)=O)=C2C3(C)CC(c4ccoc4)OC(=O)C3CCC21C,1,O=C1OC(c2ccoc2)CC2C3=CCCCC3CCC12,0.0000000,0.0000,0.0302616,0.0303,0.4173341,5.2174,16
27.1814,27.8929,-27.8738,0.0001496,CC(=O)NCCCC(N)C(=O)NN,1,,0.0000000,0.0000,0.9132351,0.9132,0.9714260,2.7028,16
28.7416,30.1986,-30.1864,0.0000959,CCCCC1Oc2c(CCN)cccc2N(Cc2ccccc2)C1=O,1,O=C1COc2ccccc2N1Cc1ccccc1,0.0000000,0.0000,0.2412742,0.2413,0.9669297,2.8011,16
17.6981,20.8323,-20.8140,0.0001428,CN1CCC(C2=NCCN2)CC1,1,C1CNC(C2CCNCC2)=N1,0.0000000,0.0000,0.7971001,0.7971,0.9642379,2.8539,16
19.4777,20.1524,-20.1331,0.0001507,NC(=O)NN=C(N)N,1,,0.0000000,0.0000,0.9322936,0.9323,0.9726871,2.6726,16
25.0531,24.4653,-24.4491,0.0001270,COc1ccc(Oc2ccc(S(=O)(=O)NCC(O)=NO)cn2)cc1,1,c1ccc(Oc2ccccn2)cc1,0.0000000,0.0000,0.5554239,0.5554,0.9799418,2.4666,16
32.5729,34.3210,-34.3042,0.0001311,C=CCCC1C(=O)N(C(=O)SC)C1CO,1,O=C1CCN1,0.0000000,0.0000,0.6934991,0.6935,0.7876312,4.1462,16
29.0160,25.6216,-25.6075,0.0001107,O=[N+]([O-])c1ncn(CC(O)CN2CCC(C(O)(c3ccccc3)c3ccc(F)cc3)CC2)n1,1,c1ccc(C(c2ccccc2)C2CCN(CCCn3cncn3)CC2)cc1,0.0000000,0.0000,0.3824685,0.3825,0.9153602,3.4490,16
17.0036,16.9216,-16.9068,0.0001152,O=c1[nH]c(-c2ccccc2)nc2ccccc12,1,O=c1[nH]c(-c2ccccc2)nc2ccccc12,0.0000000,0.0000,0.4120884,0.4121,0.9933049,1.7430,16
22.8846,24.2679,-24.2519,0.0001251,NC(N)=NN=C1CCCCc2ccc(S(=O)(=O)N3CCCCC3)cc21,1,N=C1CCCCc2ccc(S(=O)(=O)N3CCCCC3)cc21,0.0000000,0.0000,0.5322757,0.5323,0.9763629,2.5760,16
24.6073,27.3107,-27.2936,0.0001329,O=C(COC(=O)c1cc(Cl)ccc1O)NCC(=O)N1CCCC1,1,O=C(COC(=O)c1ccccc1)NCC(=O)N1CCCC1,0.0000000,0.0000,0.6337893,0.6338,0.9902741,1.9883,16
27.1658,26.1886,-26.1779,0.0000842,COc1ccccc1-c1nc(C(=O)NCCCN(C)C)cc2c1[nH]c1ccccc12,1,c1ccc(-c2nccc3c2[nH]c2ccccc23)cc1,0.0000000,0.0000,0.1614574,0.1615,0.9839621,2.3183,16
23.1888,23.9877,-23.9848,0.0000225,C=C(C)C1CCC2(C)CCC3(C)C(CCC4C5(C)CCC(OC(C)=O)C(C)(C)C5CCC43C)C12,1,C1CCC2C(C1)CCC1C2CCC2C3CCCC3CCC21,0.0000000,0.0000,0.0040200,0.0040,0.6161690,4.6917,16
20.7077,21.4377,-21.4205,0.0001344,CN=C(C[N+](=O)[O-])Nc1ccccc1,1,c1ccccc1,0.0000000,0.0000,0.6588780,0.6589,0.9793167,2.4870,16
21.9597,25.1826,-25.1670,0.0001216,COc1ccc(C(=O)N2CCCC2CCCCN)cc1,1,O=C(c1ccccc1)N1CCCC1,0.0000000,0.0000,0.4866962,0.4867,0.9838924,2.3211,16
30.1963,30.8632,-30.8524,0.0000839,O=C(N=c1[nH]ccs1)c1cc(-c2ccccc2)n(C(=O)c2ccccc2)c1,1,O=C(N=c1[nH]ccs1)c1cc(-c2ccccc2)n(C(=O)c2ccccc2)c1,0.0000000,0.0000,0.1618881,0.1619,0.9600599,2.9287,16
41.5486,41.2282,-41.2214,0.0000531,CC(C)n1cc(-c2ccc(F)cc2)nc1-c1nnnn1-c1ccccc1Oc1ccccc1,1,c1ccc(Oc2ccccc2-n2nnnc2-c2nc(-c3ccccc3)c[nH]2)cc1,0.0000000,0.0000,0.0408000,0.0408,0.9774511,2.5445,16
28.1346,28.4939,-28.4871,0.0000528,Cc1cc2c(n1Cc1ccc3oc(-c4ccccc4)cc(=O)c3c1)CC(C)(C)CC2=O,1,O=C1CCCc2c1ccn2Cc1ccc2oc(-c3ccccc3)cc(=O)c2c1,0.0000000,0.0000,0.0399660,0.0400,0.9772967,2.5491,16
20.3204,21.7734,-21.7576,0.0001235,CN1CCN(Cc2ccc(NC(=O)C3CCC3)cc2)CC1,1,O=C(Nc1ccc(CN2CCNCC2)cc1)C1CCC1,0.0000000,0.0000,0.5070929,0.5071,0.9936412,1.7092,16
26.1995,25.7775,-25.7685,0.0000703,CCCNCc1ccc(-c2ccc(CNC3CCN(CCN4CCCCC4)CC3)cc2)cc1,1,c1ccc(-c2ccc(CNC3CCN(CCN4CCCCC4)CC3)cc2)cc1,0.0000000,0.0000,0.0939593,0.0940,0.9871114,2.1738,16
18.5867,19.7369,-19.7196,0.0001352,CCN(C=Nc1ccn(C2CC(O)C(CO)O2)c(=O)n1)CC,1,O=c1ncccn1C1CCCO1,0.0000000,0.0000,0.7558170,0.7558,0.7949721,4.1172,16
19.8675,39.5095,-39.4939,0.0001213,CC(=O)C=CC(C)=CC=CC(O)=C1C(=O)OC(C)(C)OC1=O,1,C=C1C(=O)OCOC1=O,0.0000000,0.0000,0.5003046,0.5003,0.9270196,3.3442,16
9.0556,42.7102,-42.7102,0.0000000,CCCCN(C)C=CC=CC(O)=C1C(=O)NC(=O)N(C2CC2)C1=O,1,C=C1C(=O)NC(=O)N(C2CC2)C1=O,1.0000000,1.0000,0.5695105,0.5695,0.9432674,3.1688,16
30.8740,29.5731,-29.5634,0.0000759,CC(C)CC(C(=O)NCC1CCCC1)N1C(=O)C(N2C(=O)c3ccccc3C2=O)C1C=Cc1ccccc1,1,O=C(CN1C(=O)C(N2C(=O)c3ccccc3C2=O)C1C=Cc1ccccc1)NCC1CCCC1,0.0000000,0.0000,0.1256251,0.1256,0.8863647,3.6619,16
22.6366,21.7790,-21.7671,0.0000930,Cc1ccc(Oc2nc(C)ccc2C(=NO)NCC2CCCO2)c(C)c1,1,N=C(NCC1CCCO1)c1cccnc1Oc1ccccc1,0.0000000,0.0000,0.2226719,0.2227,0.9490730,3.0945,16
20.6638,20.8441,-20.8300,0.0001100,COc1cc2oc(=O)ccc2c2ccccc12,1,O=c1ccc2c(ccc3ccccc32)o1,0.0000000,0.0000,0.3585427,0.3585,0.9921243,1.8496,16
7.9096,39.4272,74.4675,0.8898024,CN(C)C=CC=CC(O)=C1C(=O)N(C)C(=O)N(C)C1=O,1,C=C1C(=O)NC(=O)NC1=O,1.0000000,1.0000,0.7286829,0.7287,0.9426464,3.1763,16
9.0156,48.4722,-48.4722,0.0000000,CC1=NN(c2ccccc2)C(=O)C1=C(O)C=CC=CN1CCCC1,1,O=C1C(=CC=CC=CN2CCCC2)C=NN1c1ccccc1,1.0000000,1.0000,0.2895693,0.2896,0.9605371,2.9205,16
38.2905,36.3922,-36.3804,0.0000925,CN(C(=O)CSc1nncn1C)C(C(=O)Nc1ccc(Cl)c(Cl)c1)c1cccnc1,1,O=C(CSc1nnc[nH]1)NC(C(=O)Nc1ccccc1)c1cccnc1,0.0000000,0.0000,0.2172574,0.2173,0.9603322,2.9240,16
15.8088,18.3076,-18.2915,0.0001265,ON=C(O)C=Cc1ccc(F)cc1,1,c1ccccc1,0.0000000,0.0000,0.5485522,0.5486,0.9809613,2.4320,16
26.9875,26.7515,-26.7364,0.0001179,CC(=O)N=C1NC2(CCOC(C)(C)C2)CS1,1,N=C1NC2(CCOCC2)CS1,0.0000000,0.0000,0.6195220,0.6195,0.5476935,4.8753,16
22.0854,24.7959,-24.7797,0.0001263,CCOC(=O)C1C(C)=NC(=S)NC1c1cc(O)c(O)c(O)c1,1,S=C1N=CCC(c2ccccc2)N1,0.0000000,0.0000,0.5814422,0.5814,0.8802376,3.7006,16
21.1230,25.0559,-25.0396,0.0001274,CC1(C)OC(=O)C(C(=O)OCC=Cc2ccccc2)C(=O)O1,1,O=C(OCC=Cc1ccccc1)C1C(=O)OCOC1=O,0.0000000,0.0000,0.5639404,0.5639,0.9731533,2.6611,16
30.2686,36.0507,-36.0383,0.0000969,CCN(C)CC1Oc2c(NC(=O)C3=CC=CC=CC3)cccc2C(=O)N(C(C)CO)CC1C,1,O=C(Nc1cccc2c1OCCCNC2=O)C1=CC=CC=CC1,0.0000000,0.0000,0.2699859,0.2700,0.8378286,3.9302,16
25.0069,25.4097,-25.3964,0.0001043,O=C(CCc1c(O)c2ccccc2oc1=O)N1CCN(c2ccc(F)cc2)CC1,1,O=C(CCc1cc2ccccc2oc1=O)N1CCN(c2ccccc2)CC1,0.0000000,0.0000,0.3069319,0.3069,0.9860401,2.2265,16
20.5825,21.9165,-21.9053,0.0000873,Cc1cc(=O)oc2cc(OCCCCN3CCCCC3C)ccc12,1,O=c1ccc2ccc(OCCCCN3CCCCC3)cc2o1,0.0000000,0.0000,0.1809478,0.1809,0.9748591,2.6172,16
28.4594,28.9365,-28.9296,0.0000536,CCOC(=O)c1c(N=CC2=CC(C)(C)c3ccccc32)sc2c1CCCC2,1,C(=Nc1cc2c(s1)CCCC2)C1=CCc2ccccc21,0.0000000,0.0000,0.0423955,0.0424,0.9584491,2.9555,16
39.6357,38.9948,-38.9801,0.0001142,CC#CC(=O)Nc1cc2c(=Nc3cc(O)cc(NC(C)=O)c3)[nH]cnc2cc1OCCNC(C)=O,1,c1ccc(N=c2[nH]cnc3ccccc23)cc1,0.0000000,0.0000,0.4180131,0.4180,0.9241496,3.3713,16
27.3262,30.3114,-30.2964,0.0001177,CC(C)=CCOC(=O)C12CC(C(=O)O1)C2(C)C,1,O=C1OC2CC1C2,0.0000000,0.0000,0.6065732,0.6066,0.5635625,4.8335,16
20.7036,24.7335,-24.7152,0.0001428,CCOC(=O)C=CC(=O)N1CCCC1=O,1,O=C1CCCN1,0.0000000,0.0000,0.7897198,0.7897,0.9813301,2.4190,16
35.6154,38.5306,-38.5131,0.0001365,CC(=O)N1C(C(=O)NC(C)C)CC2C1CCN2C(=O)NCCN1CCN(C)CC1,1,O=C(NCCN1CCNCC1)N1CCC2NCCC21,0.0000000,0.0000,0.7313700,0.7314,0.8856608,3.6664,16
18.9625,18.8611,-18.8473,0.0001076,CN(C)c1ccc(C=C2CCCCC2=O)cc1,1,O=C1CCCCC1=Cc1ccccc1,0.0000000,0.0000,0.3370552,0.3371,0.9875843,2.1491,16
13.0621,35.3688,77.0045,0.8779171,CC1OC(=O)C(=C(O)C=CC=CN(C)CCO)C1=O,1,C=C1C(=O)COC1=O,1.0000000,1.0000,0.7647319,0.7647,0.8072162,4.0671,16
46.5280,49.3915,-49.3814,0.0000791,CC1CC2CC3C(=O)C(=CN(C)C)C(=O)N2C3C1OC(=O)NCCc1ccc(Cl)cc1Cl,1,C=C1C(=O)C2CC3CCC(OC(=O)NCCc4ccccc4)C2N3C1=O,0.0000000,0.0000,0.2420159,0.2420,0.3490967,5.4059,16
27.6104,27.9670,-27.9501,0.0001315,Cc1cc2c(N3CCCC3)ncnc2n(C)c1=O,1,O=c1ccc2c(N3CCCC3)ncnc2[nH]1,0.0000000,0.0000,0.6156088,0.6156,0.9831606,2.3506,16
9.1371,49.8136,-49.8136,0.0000000,CN(C=CC=CC(O)=C1C(=O)N(C)C(=O)N(C)C1=O)CCO,1,C=C1C(=O)NC(=O)NC1=O,1.0000000,1.0000,0.7736070,0.7736,0.9253395,3.3602,16
36.7635,34.5975,-34.5820,0.0001208,Nc1ccc(C(=O)NC(C(=O)O)C2(N)CCCC2)cc1NC(=O)C(N)CCc1ccccc1,1,O=C(CCCc1ccccc1)Nc1cccc(C(=O)NCC2CCCC2)c1,0.0000000,0.0000,0.4953614,0.4954,0.9223734,3.3877,16
26.2728,27.1573,-27.1459,0.0000893,O=C(O)c1ccc(C2CCC(c3ccccc3)OC2)cc1,1,c1ccc(C2CCC(c3ccccc3)OC2)cc1,0.0000000,0.0000,0.1943036,0.1943,0.9725713,2.6754,16
34.7703,34.5215,-34.5162,0.0000417,Cc1cccc2c(C=C3CCC4(O)C5Cc6ccc(O)c7c6C4(CCN5CC4CCC4)C3O7)cccc12,1,C(=C1CCC2C3Cc4cccc5c4C2(CCN3CC2CCC2)C1O5)c1cccc2ccccc12,0.0000000,0.0000,0.0327284,0.0327,0.4029225,5.2562,16
24.1386,23.2145,-23.2056,0.0000692,CCCNC(=O)Oc1ccc(Br)cc1C(=O)Nc1ccc(Cl)cc1,1,O=C(Nc1ccccc1)c1ccccc1,0.0000000,0.0000,0.0893524,0.0894,0.9914813,1.9011,16
15.3851,17.0964,-17.0791,0.0001354,CC1CN(c2ccccc2)NC1=O,1,O=C1CCN(c2ccccc2)N1,0.0000000,0.0000,0.6794335,0.6794,0.9659660,2.8204,16
25.4862,28.0806,-28.0632,0.0001354,CCC1CC(CN)=CO1,1,C1=COCC1,0.0000000,0.0000,0.7673625,0.7674,0.7793598,4.1779,16
30.5324,39.0799,-39.0720,0.0000621,Cc1ccc(CN2C(=O)C(=CC=CC=C3N(C)c4ccccc4C3(C)C)N(C)C2=O)s1,1,O=C1NC(=CC=CC=C2Cc3ccccc3N2)C(=O)N1Cc1cccs1,0.0000000,0.0000,0.0663136,0.0663,0.9474856,3.1156,16
18.3642,20.0321,-20.0139,0.0001421,O=C(CN1CCOCC1)N=c1[nH]nc2n1CCS2,1,O=C(CN1CCOCC1)N=c1[nH]nc2n1CCS2,0.0000000,0.0000,0.8097324,0.8097,0.9140216,3.4601,16
24.3863,24.3298,-24.3181,0.0000917,CCc1ccc(-c2cc(-c3ccccc3)nc(=NC(C)=O)[nH]2)cc1,1,N=c1nc(-c2ccccc2)cc(-c2ccccc2)[nH]1,0.0000000,0.0000,0.2093898,0.2094,0.9805812,2.4451,16
18.0271,21.1209,-21.1022,0.0001460,CC(=O)N1CCN(CC(=O)N2CCOCC2)CC1,1,O=C(CN1CCNCC1)N1CCOCC1,0.0000000,0.0000,0.8389519,0.8390,0.9911547,1.9259,16
22.9434,23.7711,-23.7561,0.0001174,NC(=O)N1CCC(C(=O)NCc2ccc(Cl)cc2Cl)CC1,1,O=C(NCc1ccccc1)C1CCNCC1,0.0000000,0.0000,0.4364503,0.4365,0.9904534,1.9760,16
42.6386,42.8731,-42.8635,0.0000750,CC1OC(OC2CC3C4CCC(c5ccc(=O)oc5)C4(C)CCC3C3(C)CC(=O)CCC23)C(O)C1O,1,O=C1CCC2C(OC3CCCO3)CC3C4CCC(c5ccc(=O)oc5)C4CCC3C2C1,0.0000000,0.0000,0.1659351,0.1659,0.5129179,4.9663,16
38.0772,46.3828,-46.3722,0.0000830,CCCCCC(O)C=CC1C(=CCO)CCCC1C=CC1C(O)CC(O)C1C=CC(O)C=CC(=O)O,1,C=C1CCCC(C=CC2CCCC2)C1,0.0000000,0.0000,0.2784582,0.2785,0.3526158,5.3958,16
21.9875,23.0355,-23.0186,0.0001324,CC(C(=O)NCCCNCCCCNCCCN)c1ccccc1,1,c1ccccc1,0.0000000,0.0000,0.6318863,0.6319,0.9751623,2.6091,16
26.0522,25.7572,-25.7425,0.0001149,Cn1c(NC2CCN(CC3=CCC4CC3C4(C)C)CC2)cc(=O)n(C)c1=O,1,O=c1cc(NC2CCN(CC3=CCC4CC3C4)CC2)[nH]c(=O)[nH]1,0.0000000,0.0000,0.4849623,0.4850,0.7351317,4.3350,16
25.6735,24.3628,-24.3462,0.0001302,O=C(Cc1ccco1)c1n[nH]c(=S)[nH]1,1,O=C(Cc1ccco1)c1n[nH]c(=S)[nH]1,0.0000000,0.0000,0.6135194,0.6135,0.9382298,3.2277,16
24.5280,23.5662,-23.5579,0.0000650,O=C(c1cccc(CN2CCN(c3ccc(Cl)cc3)CC2)c1)N1CCCCCCC1,1,O=C(c1cccc(CN2CCN(c3ccccc3)CC2)c1)N1CCCCCCC1,0.0000000,0.0000,0.0738915,0.0739,0.9911534,1.9260,16
25.5992,28.3809,-28.3624,0.0001443,O=C(O)CN(CCN(CC(=O)O)CC(=O)NN=Cc1ccccc1)CC(=O)O,1,c1ccccc1,0.0000000,0.0000,0.8145000,0.8145,0.9810433,2.4291,16
35.4273,36.4993,-36.4896,0.0000761,CC1=C(C)C(=O)OC(C(C)C2CCC3C4C=C5C(O)C(=O)CCC5C4(O)CCC23C)C1,1,O=C1CCC2C(=CC3C2CCC2C(CC4CC=CC(=O)O4)CCC32)C1,0.0000000,0.0000,0.2009767,0.2010,0.3944917,5.2791,16
36.6821,36.0894,-36.0798,0.0000753,CC1N2CC(=O)C3CCN(CC31C)C2c1ccc(Oc2ccccc2)cc1,1,O=C1CN2CC3CN(CCC13)C2c1ccc(Oc2ccccc2)cc1,0.0000000,0.0000,0.1651859,0.1652,0.5251374,4.9344,16
23.9699,24.6314,-24.6132,0.0001420,CNCC(O)CNC(=O)c1ccc(F)cc1,1,c1ccccc1,0.0000000,0.0000,0.7756547,0.7757,0.9842080,2.3080,16
28.3117,28.6455,-28.6382,0.0000573,Oc1ccccc1C=Nc1ccc(OCCCNc2ccc(Cl)cc2)cc1,1,C(=Nc1ccc(OCCCNc2ccccc2)cc1)c1ccccc1,0.0000000,0.0000,0.0508965,0.0509,0.9878376,2.1355,16
33.2452,34.0001,-33.9827,0.0001358,N=C(N)c1ccc(C(=O)NCCCC(NC(=O)CNC(=O)c2cccc(C(=N)N)c2)C(=O)O)cc1,1,O=C(CNC(=O)c1ccccc1)NCCCCNC(=O)c1ccccc1,0.0000000,0.0000,0.6846341,0.6846,0.9677840,2.7834,16
51.6723,50.8206,-50.8134,0.0000562,CCC1(C)OC(C)c2cc3cc(C(=O)OC)c1cc3c1c2-c2cc3c(c(=O)n2C1)COC(=O)C3(O)CC,1,O=C1Cc2cc3n(c(=O)c2CO1)Cc1c-3c2cc3ccc(cc13)COC2,0.0000000,0.0000,0.1194010,0.1194,0.2005726,5.9008,16
24.4020,23.8432,-23.8324,0.0000842,COC(=O)c1[nH]c2ccccc2c1NC(=O)C12CC3CC(CC(C3)C1)C2,1,O=C(Nc1c[nH]c2ccccc12)C12CC3CC(CC(C3)C1)C2,0.0000000,0.0000,0.1697482,0.1697,0.9005858,3.5644,16
35.0991,41.4513,-41.4432,0.0000630,C=C(C=CC=CC=CC=CC=CC=CC=CCC(O)CC=CCC(=O)O)C=CC(=O)OC,1,,0.0000000,0.0000,0.0799186,0.0799,0.7358402,4.3326,16
37.4516,37.2077,-37.1942,0.0001057,CCC(O)Nc1c(C(=O)OC)c(=O)n(Cc2ccccc2)c2ccccc12,1,O=c1ccc2ccccc2n1Cc1ccccc1,0.0000000,0.0000,0.3227671,0.3228,0.9660792,2.8182,16
35.9938,35.5326,-35.5190,0.0001058,CCOCC(=O)NCCNc1c2ccccc2c(OC)c2occc12,1,c1ccc2cc3occc3cc2c1,0.0000000,0.0000,0.3220703,0.3221,0.9782116,2.5217,16
21.0598,21.8737,-21.8594,0.0001112,CCCc1c(O)ccc2c(=O)cc(CC)oc12,1,O=c1ccoc2ccccc12,0.0000000,0.0000,0.3726522,0.3727,0.9802011,2.4580,16
21.4437,24.9044,-24.8947,0.0000761,COc1ccc(OC)c(C=C2C=C(C=CC3CC(O)CC(=O)O3)C(C)(C)CC2)c1,1,O=C1CCCC(C=CC2=CC(=Cc3ccccc3)CCC2)O1,0.0000000,0.0000,0.1311381,0.1311,0.8354414,3.9416,16
10.0614,47.4823,51.0159,0.7695170,CN(C=CC=CC(O)=C1C(=O)OC(C)(C)N(c2ccccc2)C1=O)CCO,1,C=C1C(=O)OCN(c2ccccc2)C1=O,1.0000000,1.0000,0.4766069,0.4766,0.9244110,3.3689,16
35.8562,39.8111,-39.7999,0.0000877,CCn1cc(C)sc1=NC(=O)C1CC2CC(C2)C1C(=O)N=CCCCN1CCCC1,1,O=C(N=c1[nH]ccs1)C1CC2CC(C2)C1C(=O)N=CCCCN1CCCC1,0.0000000,0.0000,0.2520352,0.2520,0.5591242,4.8452,16
19.1549,21.4564,-21.4377,0.0001461,C=CCNC(=O)C=CC(=O)O,1,,0.0000000,0.0000,0.8464554,0.8465,0.9793117,2.4872,16
25.8625,23.6343,-23.6243,0.0000780,CCCCCc1ccc(C(=O)NCc2ccc(OC(C)(C)C(=O)O)cc2)cc1,1,O=C(NCc1ccccc1)c1ccccc1,0.0000000,0.0000,0.1281601,0.1282,0.9909388,1.9417,16
47.5170,45.8606,-45.8606,0.0000000,c1cc(-c2c(-c3ccccc3)nc(C(C#N)=C3[N-]C(=O)NC3=C(C#N)C(c4ccccc4)C([N+]([O-])=O)C3c3ccc(O)c(OC)c3)[nH]2)ccc1OC,0,,0.0000000,0.0000,0.0000000,0.0000,0.0000000,0.0000,16
16.9943,55.0004,56.5991,0.8718710,CN(C=CC=CC(O)=C1C(=O)NC(=O)N(C2OC(CO)C(N)C(O)C2O)C1=O)CCO,1,C=C1C(=O)NC(=O)N(C2CCCCO2)C1=O,1.0000000,1.0000,0.8892927,0.8893,0.5977864,4.7419,16
34.1896,35.6646,-35.6522,0.0000965,CN(Cc1cc2ccccc2n1S(C)(=O)=O)C(=O)OC1CCN(Cc2ccccc2)C1,1,O=C(NCc1cc2ccccc2[nH]1)OC1CCN(Cc2ccccc2)C1,0.0000000,0.0000,0.2471052,0.2471,0.9559168,2.9958,16
8.4202,38.6157,-38.6157,0.0000000,CN(C=CC=CC(O)=C1C(=O)OC(C)(C)OC1=O)CCO,1,C=C1C(=O)OCOC1=O,1.0000000,1.0000,0.7177074,0.7177,0.9048977,3.5324,16
39.0608,42.7807,-42.7647,0.0001250,CC(C)=CC(O)C1Cc2cccc(O)c2C(=O)C1=CN(CCO)CCO,1,C=C1CCc2ccccc2C1=O,0.0000000,0.0000,0.6040123,0.6040,0.7794940,4.1774,16
20.0152,23.5224,-23.5072,0.0001187,Cn1c(=NC2CCCCC2)oc(=O)c2ccccc21,1,O=c1oc(=NC2CCCCC2)[nH]c2ccccc12,0.0000000,0.0000,0.4562284,0.4562,0.9705958,2.7221,16
19.7858,21.4846,-21.4689,0.0001227,Cc1sc2c(N3CCN(C)CC3)ncnc2c1C,1,c1nc(N2CCNCC2)c2sccc2n1,0.0000000,0.0000,0.5014344,0.5014,0.9791599,2.4921,16
23.1822,23.7303,-23.7133,0.0001324,O=C(Nc1cccc(CN2CCNCC2)c1)C1CC1,1,O=C(Nc1cccc(CN2CCNCC2)c1)C1CC1,0.0000000,0.0000,0.6248686,0.6249,0.9920336,1.8571,16
25.6182,26.5469,-26.5312,0.0001228,COc1ccc2[nH]c(=NN=Cc3ccc([N+](=O)[O-])cc3)[nH]c(=O)c2c1,1,O=c1[nH]c(=NN=Cc2ccccc2)[nH]c2ccccc12,0.0000000,0.0000,0.5051127,0.5051,0.9693485,2.7500,16
20.9957,24.3631,-24.3454,0.0001379,CC12CCCC(O)C1C(=O)OC2=O,1,O=C1OC(=O)C2CCCCC12,0.0000000,0.0000,0.7881687,0.7882,0.8188264,4.0174,16
35.9721,35.6567,-35.6523,0.0000338,CCOc1ccc(C(C)C2=C(CCN(C)C)Cc3cc(-c4ccccc4)ccc32)cc1Cl,1,C1=C(Cc2ccccc2)c2ccc(-c3ccccc3)cc2C1,0.0000000,0.0000,0.0106212,0.0106,0.9549291,3.0109,16
23.3884,24.9718,-24.9546,0.0001346,C=C1CC2(CCN(S(=O)(=O)C3CC3)CC2)OC1=O,1,C=C1CC2(CCN(S(=O)(=O)C3CC3)CC2)OC1=O,0.0000000,0.0000,0.6959187,0.6959,0.8984902,3.5795,16
25.0187,25.6053,-25.5948,0.0000821,C=CCn1c2c(c3ccccc31)NC(=O)CC2c1ccccc1,1,O=C1CC(c2ccccc2)c2[nH]c3ccccc3c2N1,0.0000000,0.0000,0.1522497,0.1522,0.9583685,2.9568,16
37.7154,37.4716,-37.4589,0.0000998,CC(C)n1ccc2ncc(C(=O)N3CC(COc4ccccc4)NC3=O)cc21,1,O=C1NC(COc2ccccc2)CN1C(=O)c1cnc2cc[nH]c2c1,0.0000000,0.0000,0.2767387,0.2767,0.9394289,3.2141,16
15.6449,17.1432,-17.1290,0.0001112,CCCN1CC=C(c2ccccc2)CC1,1,C1=C(c2ccccc2)CCNC1,0.0000000,0.0000,0.3708577,0.3709,0.9910102,1.9365,16
26.5777,27.3137,-27.2959,0.0001387,COC(=O)c1c(OCC(=O)O)cccc1C(=O)O,1,c1ccccc1,0.0000000,0.0000,0.7194010,0.7194,0.9908864,1.9455,16
24.2918,23.5119,-23.5025,0.0000733,Nc1c(-c2ccc(Br)cc2)c(O)cn1C1CCCCC1,1,c1ccc(-c2ccn(C3CCCCC3)c2)cc1,0.0000000,0.0000,0.1068938,0.1069,0.9790082,2.4969,16
21.1142,22.2923,-22.2745,0.0001388,Cc1cc(C(=O)NCC2CC2)nn1C,1,O=C(NCC1CC1)c1cc[nH]n1,0.0000000,0.0000,0.7221603,0.7222,0.9873485,2.1615,16
30.5952,29.5537,-29.5444,0.0000724,Cc1sc2nc3ccccc3nc2c1C(=O)NCC(C)c1ccccc1,1,O=C(NCCc1ccccc1)c1csc2nc3ccccc3nc12,0.0000000,0.0000,0.1036249,0.1036,0.9700692,2.7340,16
31.5975,33.5032,-33.4910,0.0000950,CON=C1CCC2C3CCC4=CC(=O)CCC4(C)C3CCC12CN,1,N=C1CCC2C1CCC1C3CCC(=O)C=C3CCC21,0.0000000,0.0000,0.2787451,0.2787,0.7125320,4.4087,16
18.6956,20.6956,-20.6794,0.0001263,COC(=O)C1=C(C)N(C)C(=O)NC1c1cccc([N+](=O)[O-])c1,1,O=C1NC=CC(c2ccccc2)N1,0.0000000,0.0000,0.5499285,0.5499,0.9693490,2.7499,16
22.2897,24.3055,-24.2904,0.0001177,CCN1CCC2(CC1)CC(=O)N(CCN1CCN(c3ccccc3OC)CC1)C(=O)C2,1,O=C1CC2(CCNCC2)CC(=O)N1CCN1CCN(c2ccccc2)CC1,0.0000000,0.0000,0.4475219,0.4475,0.9604520,2.9220,16
27.2060,27.9938,-27.9770,0.0001314,N=c1ccc(=Nc2ccc(F)c(N)c2)[nH][nH]1,1,N=c1ccc(=Nc2ccccc2)[nH][nH]1,0.0000000,0.0000,0.6656142,0.6656,0.8551722,3.8432,16
35.5828,38.1537,-38.1377,0.0001248,NCCCCC(NC(=O)C1CCCC1C(=O)N=c1cccc[nH]1)C(=O)NCCN1CCCCC1,1,O=C(CNC(=O)C1CCCC1C(=O)N=c1cccc[nH]1)NCCN1CCCCC1,0.0000000,0.0000,0.5760744,0.5761,0.8391745,3.9238,16
9.6648,44.9326,-44.9326,0.0000000,CN1C(=O)C(=C(O)C=CC=CN2CCCC2)C(=O)N(C)C1=O,1,O=C1NC(=O)C(=CC=CC=CN2CCCC2)C(=O)N1,1.0000000,1.0000,0.6592816,0.6593,0.9417220,3.1874,16
34.3691,35.9245,-35.9082,0.0001271,CC(=O)NCCCCCCNC(=O)N=C(N)n1cc2ccccc2n1,1,c1ccc2n[nH]cc2c1,0.0000000,0.0000,0.5620304,0.5620,0.9672558,2.7944,16
33.5697,33.7917,-33.7849,0.0000527,CCCCCCCCCCCC1C(=NO)CC(c2cccc(OC)c2)N1C,1,N=C1CNC(c2ccccc2)C1,0.0000000,0.0000,0.0408759,0.0409,0.9289148,3.3257,16
22.1661,25.7587,-25.7409,0.0001393,COc1ccc(OCC(=O)NCC(O)CN2C(=O)NC(C)(C)C2=O)cc1,1,O=C(COc1ccccc1)NCCCN1C(=O)CNC1=O,0.0000000,0.0000,0.7370114,0.7370,0.9720823,2.6873,16
48.9964,49.2780,-49.2684,0.0000752,C=C1CCC(O)C(C)(CO)C1CCC=C(O)CCC1OC(C)(C2OC2OC)C1(C)C,1,C=C1CCCCC1CCC=CCCC1CC(C2CO2)O1,0.0000000,0.0000,0.2106622,0.2107,0.3420709,5.4261,16
23.8003,25.0660,-25.0498,0.0001266,CC(C)=CC(=O)OCC(=O)NC(=O)N(C)c1ccccc1,1,c1ccccc1,0.0000000,0.0000,0.5494513,0.5495,0.9855290,2.2502,16
8.2629,40.7840,76.7215,0.9180120,CN1C(=O)C(=C(O)C=CC=CN(CCO)CCO)C(=O)N(C)C1=O,1,C=C1C(=O)NC(=O)NC1=O,1.0000000,1.0000,0.8110528,0.8111,0.9206993,3.4027,16
22.3300,21.9975,-21.9881,0.0000739,CCCCc1ccc(N=c2[nH]c3ccccc3s2)cc1,1,c1ccc(N=c2[nH]c3ccccc3s2)cc1,0.0000000,0.0000,0.1092238,0.1092,0.9817364,2.4044,16
25.5770,25.8432,-25.8312,0.0000937,NC(CNc1ccc2ccccc2c1)Cc1ccccc1,1,c1ccc(CCCNc2ccc3ccccc3c2)cc1,0.0000000,0.0000,0.2226031,0.2226,0.9864051,2.2090,16
23.9590,23.6332,-23.6161,0.0001335,CS(=O)(=O)NCCOc1ccc2c(c1)Cn1cc(O)nc1N2,1,c1ccc2c(c1)Cn1ccnc1N2,0.0000000,0.0000,0.6564566,0.6565,0.9503764,3.0767,16
35.3193,34.6931,-34.6813,0.0000924,CC(C)(C)OCCCN(CC(O)C(Cc1ccccc1)NC(=O)OC1COC2OCCC12)S(=O)(=O)c1ccc(C(=O)O)cc1,1,O=C(NC(CCNS(=O)(=O)c1ccccc1)Cc1ccccc1)OC1COC2OCCC12,0.0000000,0.0000,0.2432425,0.2432,0.7843965,4.1587,17
21.9171,21.7463,-21.7289,0.0001361,CCc1cc(OC)c2[nH]c(=O)c(=O)[nH]c2c1,1,O=c1[nH]c2ccccc2[nH]c1=O,0.0000000,0.0000,0.6821912,0.6822,0.9832519,2.3470,17
27.0662,27.3844,-27.3699,0.0001139,OCCN1CCN(c2ncnc3[nH]cc(-c4cnc5ccccc5c4)c23)CC1,1,c1ccc2ncc(-c3c[nH]c4ncnc(N5CCNCC5)c34)cc2c1,0.0000000,0.0000,0.4009015,0.4009,0.9782493,2.5205,17
26.8539,28.6806,-28.6669,0.0001076,CN(C)C1(C)C(=O)c2cc3c(cc2C1=O)C(C)(C)CCC3,1,O=C1CC(=O)c2cc3c(cc21)CCCC3,0.0000000,0.0000,0.3538598,0.3539,0.9052556,3.5297,17
19.3672,19.7831,-19.7661,0.0001327,CN(C)CCCNCc1cccs1,1,c1ccsc1,0.0000000,0.0000,0.6309360,0.6309,0.9897503,2.0228,17
8.5442,34.5728,-34.5728,0.0000000,O=C1C(=C(O)C=CC=CN(CCO)CCO)C(=O)c2ccccc21,1,C=C1C(=O)c2ccccc2C1=O,1.0000000,1.0000,0.6271539,0.6272,0.9496695,3.0864,17
7.4552,44.1307,73.2622,0.9171323,CN(C=CC=CC(O)=C1C(=O)NC(=O)N(C)C1=O)CCO,1,C=C1C(=O)NC(=O)NC1=O,1.0000000,1.0000,0.8053864,0.8054,0.9273860,3.3406,17
8.8890,29.8376,-29.8376,0.0000000,CN(C)C=CC=CC(O)=C1C(=O)c2ccccc2C1=O,1,C=C1C(=O)c2ccccc2C1=O,1.0000000,1.0000,0.4573009,0.4573,0.9671258,2.7971,17
26.9242,32.2514,-32.2355,0.0001240,C=CCN1CCN(CC2ON=C3c4ccccc4C(O)CC32)CC1,1,c1ccc2c(c1)CCC1C2=NOC1CN1CCNCC1,0.0000000,0.0000,0.5554626,0.5555,0.8652794,3.7884,17
26.7142,26.0245,-26.0138,0.0000837,Cc1ccc(-c2c[nH]c(=NCc3ccc(Cl)s3)n2C)cc1,1,c1ccc(-c2c[nH]c(=NCc3cccs3)[nH]2)cc1,0.0000000,0.0000,0.1613645,0.1614,0.9537567,3.0284,17
44.1199,49.5840,-49.5771,0.0000539,CCCCCC=CCC(O)C=CC=CCC=CC=CC=CC=C(C)N(C=NC)S(C)(=O)=O,1,,0.0000000,0.0000,0.0512899,0.0513,0.7027441,4.4395,17
28.2119,28.6059,-28.5924,0.0001055,CCOC(=O)CN(Cc1ccccc1)S(=O)(=O)c1cccc2cnccc12,1,O=S(=O)(NCc1ccccc1)c1cccc2cnccc12,0.0000000,0.0000,0.3170234,0.3170,0.9873686,2.1605,17
26.3904,27.7089,-27.6983,0.0000831,O=C(Nc1cccc(Br)c1)NC1CCC(CN2CCCC2)CC1,1,O=C(Nc1ccccc1)NC1CCC(CN2CCCC2)CC1,0.0000000,0.0000,0.1547935,0.1548,0.9894623,2.0410,17
18.9981,21.4596,-21.4437,0.0001243,O=C(OCC(=O)N1CCCC1)c1ccccc1Cl,1,O=C(OCC(=O)N1CCCC1)c1ccccc1,0.0000000,0.0000,0.5174931,0.5175,0.9941084,1.6592,17
25.4664,33.2805,-33.2704,0.0000785,CCCCCCCC=CC=CC=CC=CC=CC=CC(=O)OCC(=O)NC(=O)NC,1,,0.0000000,0.0000,0.1337953,0.1338,0.9509390,3.0689,17
26.7820,26.8470,-26.8362,0.0000845,CCN(CC)C(=O)C(=O)c1cn(CC2CCCCC2)c2ccccc12,1,c1ccc2c(c1)ccn2CC1CCCCC1,0.0000000,0.0000,0.1633812,0.1634,0.9833078,2.3447,17
43.0031,43.1667,-43.1616,0.0000401,Cc1nc(=NC(C)c2ccc(OCC3CCC(C)CC3)cc2)cc(-c2c[nH]c3ccccc23)[nH]1,1,c1ccc2c(-c3cc(=NCc4ccc(OCC5CCCCC5)cc4)nc[nH]3)c[nH]c2c1,0.0000000,0.0000,0.0181343,0.0181,0.9210165,3.3999,17
27.6818,27.4820,-27.4714,0.0000831,CC(C)C(NC(=O)Cn1c(-c2ccccc2)nc2ccc(OC3CCN(C)CC3)cc2c1=O)C(=O)C(F)(F)F,1,O=c1[nH]c(-c2ccccc2)nc2ccc(OC3CCNCC3)cc12,0.0000000,0.0000,0.1587107,0.1587,0.9460914,3.1336,17
25.1747,25.5426,-25.5306,0.0000941,COc1cccc2c1CCCC2=NOC(=O)NC1CCCCC1,1,O=C(NC1CCCCC1)ON=C1CCCc2ccccc21,0.0000000,0.0000,0.2258700,0.2259,0.9808735,2.4350,17
19.7941,20.9041,-20.8906,0.0001051,Cc1ccccc1CNC(=O)C=Cc1ccccc1,1,O=C(C=Cc1ccccc1)NCc1ccccc1,0.0000000,0.0000,0.3123960,0.3124,0.9940333,1.6675,17
27.0476,28.7351,-28.7171,0.0001400,Cc1cn(C2CC(O)C(CNCC(=O)NCc3cccnc3)O2)c(=O)[nH]c1=O,1,O=C(CNCC1CCC(n2ccc(=O)[nH]c2=O)O1)NCc1cccnc1,0.0000000,0.0000,0.7768702,0.7769,0.9101640,3.4915,17
32.5728,32.4943,-32.4849,0.0000734,COc1cc2c(Oc3ccccc3F)nc3oc(C(=O)O)cc3c2cc1OC,1,c1ccc(Oc2nc3occc3c3ccccc23)cc1,0.0000000,0.0000,0.1072456,0.1072,0.9780640,2.5262,17
20.0999,20.4356,-20.4174,0.0001421,CN(C)c1ccc(CN2CC(O)C(O)C(O)C2CO)cc1,1,c1ccc(CN2CCCCC2)cc1,0.0000000,0.0000,0.8098899,0.8099,0.9160667,3.4430,17
28.2842,38.5351,-38.5191,0.0001256,O=C1OC(c2ccccc2)=NC1=CCNCCCN1CCCCC1=O,1,O=C1OC(c2ccccc2)=NC1=CCNCCCN1CCCCC1=O,0.0000000,0.0000,0.5400347,0.5400,0.9746624,2.6224,17
23.1816,24.3022,-24.2861,0.0001263,O=C(O)CCNC(=O)COc1ccc2c3c(c(=O)oc2c1)CCCC3,1,O=c1oc2ccccc2c2c1CCCC2,0.0000000,0.0000,0.5454821,0.5455,0.9857221,2.2414,17
11.5763,47.8016,53.2539,0.7894956,CCCCCCCCN1C(=O)NC(=O)C(=C(O)C=CC=CN(C)CCO)C1=O,1,C=C1C(=O)NC(=O)NC1=O,1.0000000,1.0000,0.5069687,0.5070,0.9492246,3.0924,17
24.4875,25.2715,-25.2583,0.0001035,COc1nccnc1C1CN(c2cc(-c3c[nH]c(=N)c(OC(F)F)c3)nc(C3CC3)n2)C1,1,N=c1ccc(-c2cc(N3CC(c4cnccn4)C3)nc(C3CC3)n2)c[nH]1,0.0000000,0.0000,0.3117422,0.3117,0.9221581,3.3896,17
33.2838,45.8082,-45.8005,0.0000601,O=C(O)C=CC=CC=CC=CC=CC(O)C=CC=Cc1ccc(-c2ccccc2O)o1,1,c1ccc(-c2ccco2)cc1,0.0000000,0.0000,0.0637447,0.0637,0.8519132,3.8602,17
19.1865,19.4461,-19.4329,0.0001030,C=CCN(CC=C)Cc1coc(-c2ccccc2)n1,1,c1ccc(-c2ncco2)cc1,0.0000000,0.0000,0.2970156,0.2970,0.9797231,2.4738,17
55.4355,56.4055,-56.3962,0.0000726,C=C(c1ccccc1F)N(N=Nc1cccc2[nH]c(O)cc12)C(=O)C1CCCN1C(C)=O,1,C=C(c1ccccc1)N(N=Nc1cccc2[nH]ccc12)C(=O)C1CCCN1,0.0000000,0.0000,0.1102622,0.1103,0.8807303,3.6975,17
19.7472,20.5688,-20.5516,0.0001343,COc1cc(C=NNC(=O)C[n+]2ccccc2)ccc1O,1,O=C(C[n+]1ccccc1)NN=Cc1ccccc1,0.0000000,0.0000,0.6570641,0.6571,0.9814480,2.4148,17
28.2912,38.3602,-38.3449,0.0001199,CC12C(=CC(=O)CC(O)C1O)C(=O)C(=O)C1=C2CCC2=C1CCC(=O)C2,1,O=C1C=C2C(=O)C(=O)C3=C(CCC4=C3CCC(=O)C4)C2CCC1,0.0000000,0.0000,0.6091399,0.6091,0.6163479,4.6912,17
8.4045,39.5085,66.9416,0.8316418,CCCCN(C)C=CC=CC(O)=C1C(=O)N(C)C(=O)N(C)C1=O,1,C=C1C(=O)NC(=O)NC1=O,1.0000000,1.0000,0.5961884,0.5962,0.9391704,3.2171,17
32.3872,34.0270,-34.0106,0.0001277,O=C(O)C1CC(F)(C(=O)N2CCN(c3nc4c(s3)CCCC4)CC2)CN1,1,O=C(C1CCNC1)N1CCN(c2nc3c(s2)CCCC3)CC1,0.0000000,0.0000,0.6043055,0.6043,0.8722040,3.7488,17
17.2387,17.1919,-17.1773,0.0001137,N=C(N)c1ccc(-c2cc(-c3ccc(C(=N)N)cc3)on2)cc1,1,c1ccc(-c2cc(-c3ccccc3)on2)cc1,0.0000000,0.0000,0.3974752,0.3975,0.9866682,2.1961,17
33.3230,31.4159,-31.4061,0.0000771,COc1nc(=NC2CCCc3ccccc32)cc(-c2ccc(OC)c(C)c2)[nH]1,1,c1ccc(-c2cc(=NC3CCCc4ccccc43)nc[nH]2)cc1,0.0000000,0.0000,0.1288078,0.1288,0.9212942,3.3974,17
22.4111,21.9198,-21.9068,0.0001017,Cn1nccc1-c1cccc(Oc2ccc(S(=O)(=O)N=c3[nH]cns3)cc2C#N)c1,1,O=S(=O)(N=c1[nH]cns1)c1ccc(Oc2cccc(-c3ccn[nH]3)c2)cc1,0.0000000,0.0000,0.2925277,0.2925,0.9372149,3.2390,17
21.0431,21.4824,-21.4689,0.0001048,Oc1ccc(C=Cc2ccsc2)cc1O,1,C(=Cc1ccsc1)c1ccccc1,0.0000000,0.0000,0.3113626,0.3114,0.9844003,2.2999,17
39.5135,40.4204,-40.4036,0.0001311,C=CCn1nnc2c(=O)n(N=CC=Cc3ccccc3)c(CCO)nc2c1=O,1,O=c1[nH]nnc2c(=O)n(N=CC=Cc3ccccc3)cnc12,0.0000000,0.0000,0.6259646,0.6260,0.9405426,3.2012,17
24.6384,26.4236,-26.4082,0.0001203,O=C(O)C(=O)CCCCCCCCCN=C=S,1,,0.0000000,0.0000,0.4745999,0.4746,0.9729444,2.6663,17
19.0004,19.6394,-19.6231,0.0001272,c1ccc2c(C3=NCCCN3)c[nH]c2c1,1,c1ccc2c(C3=NCCCN3)c[nH]c2c1,0.0000000,0.0000,0.5591596,0.5592,0.9793003,2.4876,17
29.7972,30.6621,-30.6501,0.0000941,CC(=O)Nc1ccc(CC(C)(C)NC(=O)Oc2ccccc2)cc1,1,O=C(NCCc1ccccc1)Oc1ccccc1,0.0000000,0.0000,0.2249192,0.2249,0.9901094,1.9993,17
31.1240,32.4864,-32.4730,0.0001046,CC(=O)N1CCC(c2nc(-c3ccc(N4CCC(O)CC4)cc3F)c3c(=N)[nH]ccn23)CC1,1,N=c1[nH]ccn2c(C3CCNCC3)nc(-c3ccc(N4CCCCC4)cc3)c12,0.0000000,0.0000,0.3167586,0.3168,0.9449778,3.1477,17
21.7262,27.5586,-27.5494,0.0000717,C=C1C(=CC=C2CCCC3(C)C(C(=O)CC4OC(=O)C(=C)C4C)CCC23)CC(O)CC1O,1,C=C1CC(CC(=O)C2CCC3C(=CC=C4CCCCC4=C)CCCC23)OC1=O,0.0000000,0.0000,0.1490367,0.1490,0.4886853,5.0295,17
19.6236,21.3454,-21.3294,0.0001249,COc1ccc2c(c1)CCCC2NCCN(C)C,1,c1ccc2c(c1)CCCC2,0.0000000,0.0000,0.5289275,0.5289,0.9779179,2.5306,17
43.1452,43.9777,-43.9628,0.0001168,COC(=O)NC1(C)COC(C=Cc2occ(C)c2C)C1O,1,C(=CC1CCCO1)c1ccco1,0.0000000,0.0000,0.5539003,0.5539,0.6353285,4.6384,17
31.3414,30.1448,-30.1362,0.0000671,COc1cc(C#N)cc(C(=O)N=c2ccc(-c3cc(C)cc(=Nc4cc(C(F)(F)F)ccn4)[nH]3)c[nH]2)c1,1,O=C(N=c1ccc(-c2cccc(=Nc3ccccn3)[nH]2)c[nH]1)c1ccccc1,0.0000000,0.0000,0.0867005,0.0867,0.8862547,3.6626,17
22.5029,30.2011,-30.1846,0.0001292,CCOC(=O)C1OC(=N)C(C(=O)O)C1c1ccccc1,1,N=C1CC(c2ccccc2)CO1,0.0000000,0.0000,0.6169668,0.6170,0.8941368,3.6100,17
21.2344,24.9460,-24.9298,0.0001260,C=CC1C(C(=O)OCC)=C(C)OC(=N)C1C#N,1,N=C1CCC=CO1,0.0000000,0.0000,0.6183496,0.6183,0.7810937,4.1713,17
42.0930,40.1975,-40.1834,0.0001104,CCOCc1c(C)c(C#N)c2[nH]cc(C(=O)OC(C)(C)C)c(=O)c2c1CO,1,O=c1cc[nH]c2ccccc12,0.0000000,0.0000,0.3721373,0.3721,0.9492956,3.0915,17
30.9058,29.6947,-29.6827,0.0000932,CCn1c(=O)c2ncccc2c2ccc(C(=O)NCc3cc(OC)ccc3OC)cc21,1,O=C(NCc1ccccc1)c1ccc2c(c1)[nH]c(=O)c1ncccc12,0.0000000,0.0000,0.2192714,0.2193,0.9860899,2.2241,17
39.6156,39.8635,-39.8474,0.0001254,COc1cc2c(COC(N)=O)c3n(c2cc1OC)OCC(CN1CCN(C)CC1)C3,1,c1ccc2c(c1)cc1n2OCC(CN2CCNCC2)C1,0.0000000,0.0000,0.5625720,0.5626,0.8967359,3.5919,17
34.3736,42.3732,-42.3571,0.0001252,CCN(CC)CCCN(C)CCCN1C(=O)C(=Cc2ccccn2)N=C(O)C1=O,1,O=C1C=NC(=Cc2ccccn2)C(=O)N1,0.0000000,0.0000,0.5391285,0.5391,0.9603668,2.9234,17
22.1768,23.1807,-23.1640,0.0001306,COc1cc2c(cc1OC)C(CCNC(C)=O)=NCC2,1,C1=NCCc2ccccc21,0.0000000,0.0000,0.6049157,0.6049,0.9801466,2.4598,17
27.6993,30.1226,-30.1059,0.0001299,CC(=O)N(C)c1ccc2c(OCC(=O)N(C)C)cccn12,1,c1ccn2cccc2c1,0.0000000,0.0000,0.5995175,0.5995,0.9673679,2.7921,17
23.2882,23.7141,-23.6984,0.0001225,CN(Cc1cccc(Cl)c1)C(=O)CC=c1cnc2c(c1)CCC(=O)N=2,1,O=C1CCc2cc(=CCC(=O)NCc3ccccc3)cnc2=N1,0.0000000,0.0000,0.5134038,0.5134,0.9325065,3.2894,17
24.3780,23.9465,-23.9298,0.0001310,Cc1cc(=NC(=O)CCCNS(=O)(=O)c2ccccc2)[nH]o1,1,O=C(CCCNS(=O)(=O)c1ccccc1)N=c1cco[nH]1,0.0000000,0.0000,0.6163251,0.6163,0.9616279,2.9015,17
26.4544,30.3752,-30.3606,0.0001141,COc1ccc(N2CCC(CN3C(=O)OCC3CF)CC2)cc1,1,O=C1OCCN1CC1CCN(c2ccccc2)CC1,0.0000000,0.0000,0.4084094,0.4084,0.9593870,2.9400,17
15.9060,47.7490,62.7780,0.8634924,CC1(C)OC(=O)C(=C(O)C=CC=CN2CCNC2=O)C(=O)O1,1,O=C1OCOC(=O)C1=CC=CC=CN1CCNC1=O,1.0000000,1.0000,0.6857699,0.6858,0.8954577,3.6009,17
28.0747,28.7140,-28.6970,0.0001326,CNC(=O)C1CN(C(C)=O)CC1C(=O)NCc1cccc(Cl)c1,1,O=C(NCc1ccccc1)C1CCNC1,0.0000000,0.0000,0.6427320,0.6427,0.9553237,3.0049,17
20.8566,22.1332,-22.1175,0.0001226,CCOc1[nH]c(=NC(=O)c2ccccc2C)cc(N)c1C#N,1,O=C(N=c1cccc[nH]1)c1ccccc1,0.0000000,0.0000,0.5089073,0.5089,0.9514465,3.0618,17
29.2423,29.5563,-29.5402,0.0001254,O=C(NC1CCCC(O)C1)c1ccc(=O)c2ccccc2n1,1,O=C(NC1CCCCC1)c1ccc(=O)c2ccccc2n1,0.0000000,0.0000,0.5416626,0.5417,0.9597245,2.9343,17
29.8151,32.5913,-32.5757,0.0001217,CCN(C)CCCN=c1cc(-n2cccn2)nc(-c2ccncc2)[nH]1,1,N=c1cc(-n2cccn2)nc(-c2ccncc2)[nH]1,0.0000000,0.0000,0.5008676,0.5009,0.9413105,3.1922,17
17.3817,35.6430,-35.6325,0.0000816,CCCCCCCCN(C)C=CC=CC(C)=C1C(=O)OC(C)(C)C1=O,1,C=C1C(=O)COC1=O,0.0000000,0.0000,0.1514491,0.1514,0.9323707,3.2908,17
31.1580,33.0593,-33.0466,0.0000987,Cc1ncsc1COc1c(O)ccc(C=CC(=O)O)c1Cl,1,c1ccc(OCc2cncs2)cc1,0.0000000,0.0000,0.2629552,0.2630,0.9659831,2.8201,17
24.6461,24.9810,-24.9668,0.0001112,CC(=O)c1ccc(OC(C)C(=O)NN=Cc2cccs2)cc1,1,O=C(COc1ccccc1)NN=Cc1cccs1,0.0000000,0.0000,0.3738070,0.3738,0.9763893,2.5752,17
30.0686,30.5782,-30.5653,0.0001014,CCCCC(=O)NCCc1c(C)c(Cc2ccccc2)c(C)[nH]c1=O,1,O=c1ccc(Cc2ccccc2)c[nH]1,0.0000000,0.0000,0.2816130,0.2816,0.9855683,2.2484,17
29.9141,31.5935,-31.5935,0.0000000,C1CC(N=c2nc3c(cc(Oc4cc(F)ccc4)c(C(=O)NC)c3)[nH]c2)CCN1,0,,0.0000000,0.0000,0.0000000,0.0000,0.0000000,0.0000,17
22.6215,22.0782,-22.0671,0.0000867,Cc1ccc(CN2CCc3c([nH]c4ccccc34)C2)s1,1,c1csc(CN2CCc3c([nH]c4ccccc34)C2)c1,0.0000000,0.0000,0.1765269,0.1765,0.9851215,2.2686,17
14.7101,17.7726,-17.7548,0.0001388,CN1C(=O)C(=O)N(Cc2ccccc2)C1=O,1,O=C1NC(=O)N(Cc2ccccc2)C1=O,0.0000000,0.0000,0.7212761,0.7213,0.9922708,1.8373,17
39.6952,37.6952,-37.6871,0.0000630,O=C(c1cc2n[nH]cc2cc1Cl)N1CCN(C(=O)C2(Nc3ccc(Cl)cc3)CCCCC2)CC1,1,O=C(c1ccc2c[nH]nc2c1)N1CCN(C(=O)C2(Nc3ccccc3)CCCCC2)CC1,0.0000000,0.0000,0.0684980,0.0685,0.9628981,2.8787,17
18.7440,30.5203,-30.5025,0.0001396,CCC(C)N1C(=O)C(=NC(C)=O)C(=O)N(C)C1=O,1,N=C1C(=O)NC(=O)NC1=O,0.0000000,0.0000,0.7624434,0.7624,0.9279287,3.3354,17
13.4429,23.7022,-23.6839,0.0001425,CN(C)C=CC=CC(=O)O,1,,0.0000000,0.0000,0.7943690,0.7944,0.9605136,2.9209,17
34.8055,37.4673,-37.4569,0.0000806,CCN(CC)CCC=NC(=O)Cc1c(C)ccc(NS(=O)(=O)c2ccc(OCCN3CCCC3)cc2)c1OC,1,O=S(=O)(Nc1ccccc1)c1ccc(OCCN2CCCC2)cc1,0.0000000,0.0000,0.1443468,0.1443,0.9557745,2.9980,17
25.2553,24.7732,-24.7624,0.0000847,COc1ccc(-c2csc(=NC(O)c3cc(O)n(-c4ccccc4OC)c3)[nH]2)cc1,1,c1ccc(-c2csc(=NCc3ccn(-c4ccccc4)c3)[nH]2)cc1,0.0000000,0.0000,0.1732051,0.1732,0.8977064,3.5851,17
20.8840,22.2546,-22.2371,0.0001373,O=C(c1cc(F)cc(F)c1)N1CC(O)C1,1,O=C(c1ccccc1)N1CCC1,0.0000000,0.0000,0.6991267,0.6991,0.9896585,2.0286,17
17.4773,21.1002,-21.0833,0.0001318,CN1CCN(C2=C(Cl)C(=O)N(c3cccc(O)c3)C2=O)CC1,1,O=C1C=C(N2CCNCC2)C(=O)N1c1ccccc1,0.0000000,0.0000,0.6207625,0.6208,0.9833040,2.3449,17
20.7390,22.2832,-22.2692,0.0001090,COc1cccc(Nc2ccccc2)c1O,1,c1ccc(Nc2ccccc2)cc1,0.0000000,0.0000,0.3487427,0.3487,0.9941124,1.6588,17
26.8361,26.3172,-26.3080,0.0000718,Cc1cc(=O)oc2cc(OCC(=O)N3CCN(c4ccc(C(F)(F)F)cc4)CC3)c(Cl)cc12,1,O=C(COc1ccc2ccc(=O)oc2c1)N1CCN(c2ccccc2)CC1,0.0000000,0.0000,0.1003045,0.1003,0.9821375,2.3897,17
28.2452,27.0960,-27.0802,0.0001236,COc1ccc(-c2[nH]c(=O)oc2CCNC(=O)C(C)C)cc1OC,1,O=c1[nH]c(-c2ccccc2)co1,0.0000000,0.0000,0.5125161,0.5125,0.9783977,2.5160,17
25.3101,52.8473,26.8707,0.6227969,CC1C(=O)C(=C(O)C=CC=CN2CCC(Br)CC2)C(=O)OC1(C)C,1,O=C1CCOC(=O)C1=CC=CC=CN1CCCCC1,1.0000000,1.0000,0.2818012,0.2818,0.7636926,4.2358,17
23.4775,27.1967,-27.1799,0.0001318,CC(=NOCCCN1CCOCC1)c1cccc(C(=N)N)c1,1,C(=NOCCCN1CCOCC1)c1ccccc1,0.0000000,0.0000,0.6199698,0.6200,0.9818472,2.4004,17
23.5358,25.3418,-25.3247,0.0001334,CN1CN(C)C2(CCN(C(=O)c3ccnc(N(C)C)c3)CC2)C1=O,1,O=C(c1ccncc1)N1CCC2(CC1)NCNC2=O,0.0000000,0.0000,0.6626508,0.6627,0.9334570,3.2795,17
26.0184,24.6075,-24.5932,0.0001116,CCCCn1c(N)c(N(CCC(C)C)C(=O)c2ccc3c(=O)n4c(nc3c2)CCC4)c(=O)[nH]c1=O,1,O=C(Nc1c[nH]c(=O)[nH]c1=O)c1ccc2c(=O)n3c(nc2c1)CCC3,0.0000000,0.0000,0.3800057,0.3800,0.9680427,2.7780,17
17.6289,18.9185,-18.9027,0.0001235,COc1ccc2nc(N3CCN(C)CC3)sc2c1,1,c1ccc2sc(N3CCNCC3)nc2c1,0.0000000,0.0000,0.5086233,0.5086,0.9907507,1.9552,17
19.2731,19.1762,-19.1608,0.0001202,c1cn(C23CC4CC(CC(C4)C2)C3)nn1,1,c1cn(C23CC4CC(CC(C4)C2)C3)nn1,0.0000000,0.0000,0.5338459,0.5338,0.7879625,4.1449,17
27.7369,27.1715,-27.1606,0.0000847,CCOc1cccc2c1CCCC2CCN1CCCCC1,1,c1ccc2c(c1)CCCC2CCN1CCCCC1,0.0000000,0.0000,0.1653687,0.1654,0.9756514,2.5958,17
40.1688,42.1800,-42.1701,0.0000772,O=C(N=Nc1c(O)[nH]c2cccc(NN3CCCCCC3)c2c1=O)c1ccccc1,1,O=C(N=Nc1c[nH]c2cccc(NN3CCCCCC3)c2c1=O)c1ccccc1,0.0000000,0.0000,0.1266446,0.1266,0.9567788,2.9823,17
27.3723,33.2026,-33.1974,0.0000405,O=C1NC(=O)N(c2ccccc2)C(=O)C1=Cc1cn(CCCCCN=c2c3c([nH]c4ccccc24)CCCC3)c2ccccc12,1,O=C1NC(=O)N(c2ccccc2)C(=O)C1=Cc1cn(CCCCCN=c2c3c([nH]c4ccccc24)CCCC3)c2ccccc12,0.0000000,0.0000,0.0183638,0.0184,0.9497278,3.0856,17
22.9043,27.2477,-27.2303,0.0001363,CCN1NC(=O)N(C)C(C)C(C(=O)OC)=C1C,1,O=C1NCC=CNN1,0.0000000,0.0000,0.7260866,0.7261,0.8911359,3.6304,17
27.5000,28.7647,-28.7466,0.0001408,CCC(NC(N)=O)C(=O)NCCc1ccco1,1,c1ccoc1,0.0000000,0.0000,0.7606653,0.7607,0.9742419,2.6334,17
32.5681,33.7743,-33.7558,0.0001443,CCOC(=O)C(CC(C)C)NC(=O)CNCC(NC(C)=O)C(=O)O,1,,0.0000000,0.0000,0.8277580,0.8278,0.9552833,3.0055,17
9.7352,36.2511,-36.2511,0.0000000,CCN(C=CC=CC(O)=C1C(=O)c2ccccc2C1=O)CC,1,C=C1C(=O)c2ccccc2C1=O,1.0000000,1.0000,0.3219833,0.3220,0.9595465,2.9373,17
22.0189,24.9860,-24.9705,0.0001209,CCOC(=O)CCCC=CCC1C(=O)CC(SC)C1O,1,O=C1CCCC1,0.0000000,0.0000,0.5218164,0.5218,0.8444206,3.8981,17
8.4447,41.7799,-41.7799,0.0000000,CN1C(=O)NC(=O)C(=C(O)C=CC=CN(CCO)CCO)C1=O,1,C=C1C(=O)NC(=O)NC1=O,1.0000000,1.0000,0.8384479,0.8384,0.9230786,3.3812,17
18.7755,19.5680,-19.5527,0.0001196,Cn1c(O)c(N=N)c2ccccc21,1,c1ccc2[nH]ccc2c1,0.0000000,0.0000,0.4676442,0.4676,0.9686979,2.7641,17
33.3468,32.7699,-32.7635,0.0000504,O=C(O)C(CCCCCCC(O)=NO)=NC(=O)C1C(C(=O)Nc2ccc(Br)cc2)C2CCC1C21CC1,1,O=C(Nc1ccccc1)C1CC2CCC1C21CC1,0.0000000,0.0000,0.0635296,0.0635,0.3408160,5.4297,17
26.3663,28.9232,-28.9082,0.0001175,COc1ccc(CN2CCN(c3nccs3)CC(C(=O)N(C)C)C2)cc1,1,c1ccc(CN2CCCN(c3nccs3)CC2)cc1,0.0000000,0.0000,0.4431313,0.4431,0.9704438,2.7255,17
24.6800,25.0445,-25.0317,0.0001005,NC1CCc2[nH]c(=NC(=O)C34CC5CC(CC(C5)C3)C4)sc2C1,1,O=C(N=c1[nH]c2c(s1)CCCC2)C12CC3CC(CC(C3)C1)C2,0.0000000,0.0000,0.4063847,0.4064,0.4967929,5.0084,17
25.6803,24.0228,-24.0116,0.0000873,Cc1ccc(-c2noc(-c3nnn(-c4ccccc4)c3C)n2)c(C)c1,1,c1ccc(-c2noc(-c3cn(-c4ccccc4)nn3)n2)cc1,0.0000000,0.0000,0.1797963,0.1798,0.9858063,2.2375,17
11.7567,41.5600,-41.5600,0.0000000,CC1(C)OC(=O)C(=C(O)C=CC=CN(CCO)CCO)C(=O)O1,1,C=C1C(=O)OCOC1=O,1.0000000,1.0000,0.7647152,0.7647,0.9019492,3.5544,17
30.8013,31.2786,-31.2624,0.0001272,CCn1c(=O)oc2c(C(=O)N=c3cco[nH]3)cccc21,1,O=C(N=c1cco[nH]1)c1cccc2[nH]c(=O)oc12,0.0000000,0.0000,0.5847247,0.5847,0.9038408,3.5403,17
21.3093,21.6790,-21.6610,0.0001408,NC(=O)c1ccc2c(=O)[nH]cnc2c1,1,O=c1[nH]cnc2ccccc12,0.0000000,0.0000,0.7553218,0.7553,0.9857365,2.2407,17
22.7218,23.4956,-23.4826,0.0001019,O=[N+]([O-])c1cccc2ccc(=Nc3ccccc3)[nH]c12,1,c1ccc(N=c2ccc3ccccc3[nH]2)cc1,0.0000000,0.0000,0.2883612,0.2884,0.9736043,2.6497,17
39.7032,47.7511,-47.7511,0.0000000,C(F)(F)N1CCN(CCCNC(CN2C(=O)C(=Cc3ccc(C)o3)N=C2N)C)=CC1,0,,0.0000000,0.0000,0.0000000,0.0000,0.0000000,0.0000,17
24.7037,26.0748,-26.0586,0.0001263,CCC(C)C(NC(=O)CCC(=O)Nc1ccccc1)C(=O)O,1,c1ccccc1,0.0000000,0.0000,0.5472604,0.5473,0.9798468,2.4698,17
18.7592,18.6772,-18.6626,0.0001144,CCOC(=O)C1C(C)=NC(=O)NC1c1c[nH]c2ccccc12,1,O=C1N=CCC(c2c[nH]c3ccccc23)N1,0.0000000,0.0000,0.4197243,0.4197,0.9252840,3.3607,17
27.0845,35.8567,-35.8443,0.0000972,CC(C=CC#CC=CC1=CC(=O)OC1C)=CC=CC(C)=CC(=O)O,1,O=C1C=CCO1,0.0000000,0.0000,0.2882813,0.2883,0.7595781,4.2506,17
20.1470,21.1792,-21.1641,0.0001182,Cc1ccc[nH]c1=NC(=O)C=Cc1ccccc1,1,O=C(C=Cc1ccccc1)N=c1cccc[nH]1,0.0000000,0.0000,0.4496568,0.4497,0.9726628,2.6732,17
24.8114,24.8066,-24.7913,0.0001193,CN(CC(=O)Nc1ccccc1Br)S(=O)(=O)c1ccc2c(c1)c(=O)n(C)c(=O)n2C,1,O=C(CNS(=O)(=O)c1ccc2[nH]c(=O)[nH]c(=O)c2c1)Nc1ccccc1,0.0000000,0.0000,0.4595787,0.4596,0.9838344,2.3235,17
18.4609,34.3859,-34.3684,0.0001364,COC=CC(Br)=C1C(=O)NC(=O)N(C)C1=O,1,C=C1C(=O)NC(=O)NC1=O,0.0000000,0.0000,0.7126938,0.7127,0.9217564,3.3932,17
28.5236,28.0074,-27.9909,0.0001288,Cc1ccc(CNC2CCN(S(=O)(=O)C3CC3)C2)cc1,1,O=S(=O)(C1CC1)N1CCC(NCc2ccccc2)C1,0.0000000,0.0000,0.5821637,0.5822,0.9747121,2.6211,17
27.8185,27.9455,-27.9314,0.0001098,Cc1nn2c(C(=O)NN=Cc3c[nH]c4ccccc34)c(C)nc2s1,1,O=C(NN=Cc1c[nH]c2ccccc12)c1cnc2scnn12,0.0000000,0.0000,0.3618675,0.3619,0.9690104,2.7573,17
18.3321,18.8119,-18.7960,0.0001240,CN(C)CCN1C(=O)c2cccc3c([N+](=O)[O-])ccc(c23)C1=O,1,O=C1NC(=O)c2cccc3cccc1c23,0.0000000,0.0000,0.5153225,0.5153,0.9856105,2.2465,17
20.9653,21.3440,-21.3311,0.0001006,COc1ccc(C=CC(=O)OCC(=O)NC23CC4CC(CC(C4)C2)C3)cc1,1,O=C(COC(=O)C=Cc1ccccc1)NC12CC3CC(CC(C3)C1)C2,0.0000000,0.0000,0.2874521,0.2875,0.9157423,3.4458,17
20.6248,20.7171,-20.7035,0.0001061,CCOc1ccc(C(=O)N=c2[nH]c3c(s2)CCCC3)cc1,1,O=C(N=c1[nH]c2c(s1)CCCC2)c1ccccc1,0.0000000,0.0000,0.3254118,0.3254,0.9725156,2.6768,17
31.3163,29.1804,-29.1626,0.0001396,N=c1nc(N2CCN(C(=O)CC(NS(N)(=O)=O)c3ccccc3)CC2)[nH][nH]1,1,N=c1nc(N2CCN(C(=O)CCc3ccccc3)CC2)[nH][nH]1,0.0000000,0.0000,0.7687381,0.7687,0.9131867,3.4670,17
34.3262,31.6891,-31.6811,0.0000623,CN(C)c1c(-c2ccc(Cl)cc2)c(C(F)(F)F)nn1Cc1ccc(C#N)cc1,1,c1ccc(Cn2cc(-c3ccccc3)cn2)cc1,0.0000000,0.0000,0.0658231,0.0658,0.9770722,2.5557,17
8.5619,38.0071,-38.0071,0.0000000,CN(C=CC=CC(O)=C1C(=O)NC(=O)N(C)C1=O)CCO,2,C=C1C(=O)NC(=O)NC1=O,0.0000000,1.0000,0.0000000,0.8054,0.0000000,3.3406,17
46.5759,44.8823,-44.8698,0.0000979,CC(C)C(CCNC(=O)C1CCCN1CC1CCN(CCC2CCCCC2)CC1)N1C(=O)CCN=C1N,1,O=C(NCCCN1C=NCCC1=O)C1CCCN1CC1CCN(CCC2CCCCC2)CC1,0.0000000,0.0000,0.2745772,0.2746,0.8580802,3.8278,17
28.3506,29.7150,-29.7049,0.0000789,Cc1ccc(C2=NN(C(=O)c3ccc4ccccc4c3O)CC2C)cc1,1,O=C(c1ccc2ccccc2c1)N1CCC(c2ccccc2)=N1,0.0000000,0.0000,0.1348444,0.1348,0.9634160,2.8692,17
20.6897,20.4742,-20.4569,0.0001352,Nn1c(SCC(=O)NC2CCCC2)nnc1C1CC1,1,O=C(CSc1nnc(C2CC2)[nH]1)NC1CCCC1,0.0000000,0.0000,0.6686033,0.6686,0.9842291,2.3071,17
21.8177,22.0168,-22.0002,0.0001296,CCOC(=O)C1CCN(S(=O)(=O)c2n[nH]c(=NC(=O)CC(C)C)s2)CC1,1,N=c1[nH]nc(S(=O)(=O)N2CCCCC2)s1,0.0000000,0.0000,0.6033618,0.6034,0.9449329,3.1482,17
30.1843,33.3197,-33.3057,0.0001096,CNCCCN1C(=O)C(=CC=Cc2ccco2)C(=O)N(Cc2ccccc2)C1=O,1,O=C1NC(=O)N(Cc2ccccc2)C(=O)C1=CC=Cc1ccco1,0.0000000,0.0000,0.3580064,0.3580,0.9752981,2.6054,17
23.4693,24.2247,-24.2105,0.0001112,Cc1cc(O)c(C)c2c(=N)c3c([nH]c12)CCCC3,1,N=c1c2c([nH]c3ccccc13)CCCC2,0.0000000,0.0000,0.3791174,0.3791,0.9536519,3.0300,17
21.5394,26.3742,-26.3576,0.0001294,CC(C)CC(C(=O)O)N1C(=O)C(=O)N(CCc2ccccc2)C1=O,1,O=C1NC(=O)N(CCc2ccccc2)C1=O,0.0000000,0.0000,0.5911908,0.5912,0.9707371,2.7188,17
13.7004,18.6612,-18.6429,0.0001426,CN1CCN(C=C(C#N)C#N)CC1,1,C1CNCCN1,0.0000000,0.0000,0.8040374,0.8040,0.9446475,3.1518,17
28.0553,28.3186,-28.3079,0.0000837,O=c1ccc2c(-c3ccc(C(O)=NO)s3)c3ccc(O)cc3oc-2c1,1,O=c1ccc2c(-c3cccs3)c3ccccc3oc-2c1,0.0000000,0.0000,0.1610255,0.1610,0.9573944,2.9726,17
27.8295,32.6249,-32.6084,0.0001290,CCCc1cnc2c(c1C)C(=O)CC(=O)C2O,1,O=C1CC(=O)c2cccnc2C1,0.0000000,0.0000,0.6138876,0.6139,0.8939827,3.6111,18
30.7660,32.5674,-32.5492,0.0001424,CC(N)C(=O)NC(CCCN=C(N)N)CC(=O)NC(CN)Cc1ccccc1,1,c1ccccc1,0.0000000,0.0000,0.8129203,0.8129,0.9182833,3.4240,18
22.3534,23.7960,-23.7855,0.0000816,COc1cc(-c2ccccc2)ccc1-n1c(=O)ccc2cc(S(=O)(=O)N=c3cco[nH]3)ccc21,1,O=c1ccc2cc(S(=O)(=O)N=c3cco[nH]3)ccc2n1-c1ccc(-c2ccccc2)cc1,0.0000000,0.0000,0.1498841,0.1499,0.9548152,3.0126,18
25.8517,24.6904,-24.6800,0.0000814,CN(N=Cc1ccsc1)c1nc(-c2ccccc2)cs1,1,C(=NNc1nc(-c2ccccc2)cs1)c1ccsc1,0.0000000,0.0000,0.1469013,0.1469,0.9768107,2.5632,18
16.3738,19.4872,-19.4723,0.0001160,Cc1coc2c1C(=O)C(=O)c1ccccc1-2,1,O=C1C(=O)c2ccoc2-c2ccccc21,0.0000000,0.0000,0.4233452,0.4233,0.9823167,2.3830,18
23.2283,21.9242,-21.9111,0.0001030,Cc1cc(O)c2c(C)c(CC(=O)NCc3ccc(F)cc3)c(=O)oc2c1,1,O=C(Cc1cc2ccccc2oc1=O)NCc1ccccc1,0.0000000,0.0000,0.2954223,0.2954,0.9859248,2.2319,18
20.3194,20.9387,-20.9221,0.0001299,CC(C)(Cl)Cn1cnc2c(=N)[nH]cnc21,1,N=c1[nH]cnc2[nH]cnc12,0.0000000,0.0000,0.6309630,0.6310,0.8845247,3.6737,18
31.3115,31.5499,-31.5330,0.0001317,O=C(O)CC1CCC(Cn2c(=O)[nH]c3ccc(F)cc3c2=O)O1,1,O=c1[nH]c2ccccc2c(=O)n1CC1CCCO1,0.0000000,0.0000,0.6333422,0.6333,0.9434809,3.1662,18
29.7452,58.4642,7.0636,0.5119356,CC(C)=CC=CC=CC1(O)C(=O)C(=C(O)C=CC=CN2CCOCC2)C=CC1(C)C,1,O=C1CCC=CC1=CC=CC=CN1CCOCC1,1.0000000,1.0000,0.1663626,0.1664,0.6863304,4.4899,18
19.8344,22.2767,-22.2612,0.0001209,CN(C)c1cccc2c(S(=O)(=O)NC(CCCN=C(N)N)C(=O)N3CCCCC3)cccc12,1,O=C(CNS(=O)(=O)c1cccc2ccccc12)N1CCCCC1,0.0000000,0.0000,0.4856713,0.4857,0.9577144,2.9674,18
18.4013,21.9681,-21.9588,0.0000733,CCN1C(=O)C(=C2SC(=Nc3ccccc3)N(c3ccccc3)C2=O)SC1=S,1,O=C1NC(=S)SC1=C1SC(=Nc2ccccc2)N(c2ccccc2)C1=O,0.0000000,0.0000,0.1069844,0.1070,0.9765409,2.5709,18
32.6060,30.3944,-30.3802,0.0001109,O=C(Oc1ccc2c(CN3CCOCC3)cc(=O)oc2c1)C1CCCC1,1,O=C(Oc1ccc2c(CN3CCOCC3)cc(=O)oc2c1)C1CCCC1,0.0000000,0.0000,0.3693014,0.3693,0.9847955,2.2829,18
23.6235,24.4746,-24.4595,0.0001178,O=C(Cn1c(=O)c2cccn2c2ccccc21)NC1CCCC1,1,O=C(Cn1c(=O)c2cccn2c2ccccc21)NC1CCCC1,0.0000000,0.0000,0.4414721,0.4415,0.9871541,2.1716,18
33.0591,35.6395,-35.6235,0.0001252,CCOC1C(C)N(C(=O)N2CCN(CC)CC2)CC1(C)C,1,O=C(N1CCCC1)N1CCNCC1,0.0000000,0.0000,0.5594780,0.5595,0.8992094,3.5743,18
25.1056,26.5482,-26.5302,0.0001409,NC(CCCNC(=O)OCc1ccccc1)C(=O)NCCO,1,c1ccccc1,0.0000000,0.0000,0.7584459,0.7584,0.9815055,2.4127,18
25.4042,31.3433,-31.3285,0.0001158,COC(=O)C12C(=O)N(C)C(=O)C(N3CCCCC3)(CC1c1ccccc1)CN2C,1,O=C1NC(=O)C2(N3CCCCC3)CNC1C(c1ccccc1)C2,0.0000000,0.0000,0.5460754,0.5461,0.6238523,4.6704,18
50.1230,50.8985,-50.8899,0.0000674,CC(=O)OC1C(C)C23C(=O)C4(O)C(CC(C)=CC25COC15O)OC3C(C)C4O,1,O=C1C2CCC3OC2CC=CC24COC2CCC134,0.0000000,0.0000,0.6988998,0.6989,0.0235168,7.4274,18
30.4029,32.1921,-32.1748,0.0001358,CC(CC1OC(Cc2ccccc2)C(O)C(O)C1O)=NNC(N)=S,1,c1ccc(CC2CCCCO2)cc1,0.0000000,0.0000,0.7375343,0.7375,0.8508302,3.8658,18
28.7736,30.6140,-30.5994,0.0001146,CCn1c(C(O)N=c2[nH]nc(SC)s2)cc(=O)c2ccccc21,1,O=c1cc(CN=c2[nH]ncs2)[nH]c2ccccc12,0.0000000,0.0000,0.4432686,0.4433,0.8492914,3.8736,18
29.7893,27.5348,-27.5188,0.0001249,CCOC(=O)CSc1nc(=O)c(Nc2ccc([N+](=O)[O-])cc2)c(N)[nH]1,1,O=c1nc[nH]cc1Nc1ccccc1,0.0000000,0.0000,0.5294302,0.5294,0.9784805,2.5134,18
23.3684,22.4210,-22.4087,0.0000965,O=C(CCc1ccccc1)c1c[nH]c2ccc(O)cc12,1,O=C(CCc1ccccc1)c1c[nH]c2ccccc12,0.0000000,0.0000,0.2424185,0.2424,0.9911094,1.9292,18
22.9572,23.9297,-23.9159,0.0001080,O=C1CCC(c2ccccc2Oc2ccccc2)=NN1,1,O=C1CCC(c2ccccc2Oc2ccccc2)=NN1,0.0000000,0.0000,0.3399047,0.3399,0.9882903,2.1105,18
40.2806,38.7221,-38.7108,0.0000884,NC(=O)C1CN(c2ccc(-c3ccc(OCC(=O)COc4ccc(Cc5sc(=O)[nH]c5O)cc4)cc3)c(F)c2)C(=O)O1,1,O=C(COc1ccc(Cc2c[nH]c(=O)s2)cc1)COc1ccc(-c2ccc(N3CCOC3=O)cc2)cc1,0.0000000,0.0000,0.1942929,0.1943,0.9221901,3.3893,18
26.4819,25.4977,-25.4895,0.0000638,CC1=CC(C)(C)N(C(=O)COc2ccc(C)cc2)c2ccc(Cl)cc21,1,O=C(COc1ccccc1)N1CC=Cc2ccccc21,0.0000000,0.0000,0.0702046,0.0702,0.9848517,2.2805,18
26.6708,25.7147,-25.7021,0.0000988,Cc1cc(Cl)c(OCc2cc(C(=O)NC3CCNCC3)no2)c(Cl)c1,1,O=C(NC1CCNCC1)c1cc(COc2ccccc2)on1,0.0000000,0.0000,0.2617489,0.2617,0.9790365,2.4960,18
23.4163,22.5992,-22.5918,0.0000578,CC(=O)OC=C1CSC2C(=Cc3cccs3)C(=O)N2C1C(=O)OC(c1ccccc1)c1ccccc1,1,C=C1CSC2C(=Cc3cccs3)C(=O)N2C1C(=O)OC(c1ccccc1)c1ccccc1,0.0000000,0.0000,0.0574782,0.0575,0.8336815,3.9499,18
30.8165,57.7917,44.5181,0.7992958,CCCN(C=CC=CC(O)=C1C(=O)c2nc(C)c(N)c(O)c2C1=O)CCO,1,C=C1C(=O)c2cccnc2C1=O,1.0000000,1.0000,0.5480555,0.5481,0.8836321,3.6793,18
23.6959,28.8696,-28.8514,0.0001420,CCSC1=C(COC(C)=O)C(=O)NC1=O,1,O=C1C=CC(=O)N1,0.0000000,0.0000,0.7884987,0.7885,0.9543599,3.0195,18
21.4422,28.0584,-28.0414,0.0001330,CCCCN1C(=O)C(=O)N(CC(=O)N(CC)C2CCCC2)C1=O,1,O=C(CN1C(=O)NC(=O)C1=O)NC1CCCC1,0.0000000,0.0000,0.6374714,0.6375,0.9826528,2.3702,18
40.5452,40.4924,-40.4855,0.0000545,CC1C=CC(C(C)C2CCC3C4CC(C(=O)O)C5C=CC(=O)CC5(C)C4C=CC23C)OC1=O,1,O=C1C=CC2CCC3C(C=CC4C(CC5C=CCC(=O)O5)CCC43)C2C1,0.0000000,0.0000,0.0904483,0.0904,0.2759688,5.6283,18
24.1523,24.5894,-24.5747,0.0001155,COC(=O)c1c(N=CN(C)C)sc2c1COC(C)(C)C2,1,c1cc2c(s1)CCOC2,0.0000000,0.0000,0.4277196,0.4277,0.9415551,3.1894,18
16.2627,16.8694,-16.8517,0.0001384,CS(=O)(=O)c1ccc(O)cc1,1,c1ccccc1,0.0000000,0.0000,0.7139486,0.7139,0.9947191,1.5875,18
26.7007,27.1424,-27.1292,0.0001032,COc1ccc(S(=O)(=O)N2CCCC2C(=O)N2CC(C)CC(C)C2)cc1Cl,1,O=C(C1CCCN1S(=O)(=O)c1ccccc1)N1CCCCC1,0.0000000,0.0000,0.3049666,0.3050,0.9427242,3.1754,18
35.5315,34.8597,-34.8481,0.0000907,CCCn1c(N)c(N(CCC2CCCCC2)C(=O)CCC(=O)OCc2cc(C(C)=O)ccc2OC)c(=O)[nH]c1=O,1,O=C(CCC(=O)N(CCC1CCCCC1)c1c[nH]c(=O)[nH]c1=O)OCc1ccccc1,0.0000000,0.0000,0.2040333,0.2040,0.9666001,2.8077,18
28.3059,28.9260,-28.9101,0.0001237,CC(NC(=O)c1cc(Br)cc([N+](=O)[O-])c1)C(O)=NO,1,c1ccccc1,0.0000000,0.0000,0.5234826,0.5235,0.9473215,3.1177,18
28.6850,31.4975,-31.4829,0.0001144,C=CC=NC(=O)C(CCSC)=NC(=O)c1ccccc1,1,c1ccccc1,0.0000000,0.0000,0.4150111,0.4150,0.9423155,3.1803,18
62.3816,62.9921,-62.9798,0.0000962,CC12CCC1C1C(=O)CC3=CC(=O)C4(F)C(O)C(=O)C=CC4(C)C3C1(C)C2O,1,O=C1C=CC2C(C1)C(=O)C=C1CC(=O)C3C4CCC4CC3C12,0.0000000,0.0000,0.4934819,0.4935,0.2810407,5.6119,18
22.0416,21.6642,-21.6511,0.0001022,Cn1c(=O)n(C)c2cc(N3CCCCC3)c(NC(=O)c3ccccc3)cc21,1,O=C(Nc1cc2[nH]c(=O)[nH]c2cc1N1CCCCC1)c1ccccc1,0.0000000,0.0000,0.2883137,0.2883,0.9879425,2.1298,18
34.3030,35.9293,-35.9192,0.0000791,CC(CC1C(=O)Nc2cc(C(F)(F)F)ccc2C1=O)NC(=O)C1CCCCCC1,1,O=C(NCCC1C(=O)Nc2ccccc2C1=O)C1CCCCCC1,0.0000000,0.0000,0.1386105,0.1386,0.9281618,3.3331,18
8.9586,38.2779,-38.2779,0.0000000,O=C1NC(=O)C(=C(O)C=CC=CN(CCO)CCO)C(=O)N1,1,C=C1C(=O)NC(=O)NC1=O,1.0000000,1.0000,0.8626767,0.8627,0.9187340,3.4201,18
24.6703,29.1048,-29.0878,0.0001330,CC(C)(C)C(=O)OCCN1CCC(CCN)CC1,1,C1CCNCC1,0.0000000,0.0000,0.6361176,0.6361,0.9854285,2.2548,18
30.5874,36.2070,-36.1978,0.0000715,C=C1CCC(C(C)C)C1C=CC1Oc2ccccc2CC1OC,1,C=C1CCCC1C=CC1CCc2ccccc2O1,0.0000000,0.0000,0.1153212,0.1153,0.7543054,4.2693,18
47.4368,53.7176,-53.7143,0.0000257,C=C(C)C1CCC2(C)C(=C)CCCC2C1=C(O)CCCC(C)CCC=C(C)CC1CNC(=O)C1,1,C=C1CCCC2C(=CCCCCCCC=CCC3CNC(=O)C3)CCCC12,0.0000000,0.0000,0.0066076,0.0066,0.5166944,4.9565,18
23.6711,26.3913,-26.3746,0.0001307,CCOCCCNC(=O)C1CCCN1C(=O)OCC(C)C,1,C1CCNC1,0.0000000,0.0000,0.6076396,0.6076,0.9755193,2.5994,18
20.2561,20.9195,-20.9034,0.0001259,Cc1cc(C(=O)NN=Cc2ccccc2O)ccn1,1,O=C(NN=Cc1ccccc1)c1ccncc1,0.0000000,0.0000,0.5386751,0.5387,0.9880704,2.1228,18
31.7302,37.1864,-37.1695,0.0001323,O=C(CN1CCN(CCN2C(=O)CC3CCC(C3)C2=O)CC1)N1CCCC1,1,O=C(CN1CCN(CCN2C(=O)CC3CCC(C3)C2=O)CC1)N1CCCC1,0.0000000,0.0000,0.6824175,0.6824,0.8483331,3.8785,18
18.0411,43.2236,63.0315,0.8301183,CC1=C(CC(=O)O)OC(=O)C1=C(O)C=CC=CN(C)C,1,C=C1C=COC1=O,1.0000000,1.0000,0.6070743,0.6071,0.9011802,3.5600,18
26.0497,25.9092,-25.8943,0.0001164,CCCCCCCCC=CCCCCCCC(=O)NOC1OC(CO)C(O)C(O)C1O,1,C1CCOCC1,0.0000000,0.0000,0.4673778,0.4674,0.8419199,3.9104,18
21.3575,23.9569,-23.9428,0.0001102,COC(=O)C1C(C)=NC(=O)NC1c1c(C)nn(-c2ccccc2)c1-n1ccnc1,1,O=C1N=CCC(c2cnn(-c3ccccc3)c2-n2ccnc2)N1,0.0000000,0.0000,0.3861417,0.3861,0.8800535,3.7017,18
33.8927,46.4285,-46.4134,0.0001181,CC(=NNC(N)=O)C1C(=O)OC(N=c2cc(C(F)(F)F)cc[nH]2)C(C)(C)C1=O,1,O=C1CC(=O)OC(N=c2cccc[nH]2)C1,0.0000000,0.0000,0.5622345,0.5622,0.6564981,4.5780,18
29.6045,29.5570,-29.5410,0.0001245,CCC(Oc1ccc(Cl)c(N)c1)C1=NCCN1,1,c1ccc(OCC2=NCCN2)cc1,0.0000000,0.0000,0.5385417,0.5385,0.9350040,3.2631,18
19.7141,22.8746,-22.8655,0.0000706,CC(C=CC1=C(C)CCCC1(C)C)=CC=CC(C)=C(C(=O)O)C(=O)O,1,C1=CCCCC1,0.0000000,0.0000,0.0984660,0.0985,0.9285752,3.3290,18
33.5156,33.8309,-33.8136,0.0001352,CC(=O)N1CCN(S(C)(=O)=O)CC12CC(=O)N(C(C)(C)C)C2=O,1,O=C1CC2(CNCCN2)C(=O)N1,0.0000000,0.0000,0.7546114,0.7546,0.7985346,4.1029,18
40.2416,36.1892,-36.1836,0.0000437,C=CCc1cc(Br)c(OCC=C(C)c2cc(OC)c(OC)c(OC)c2)cc1Br,1,C(=Cc1ccccc1)COc1ccccc1,0.0000000,0.0000,0.0227722,0.0228,0.9703357,2.7280,18
25.6643,31.7705,-31.7560,0.0001132,N=C1C(=CC=Cc2ccccc2)C(=O)N=C1N=c1cc[nH]cc1,1,N=C1C(=CC=Cc2ccccc2)C(=O)N=C1N=c1cc[nH]cc1,0.0000000,0.0000,0.4119912,0.4120,0.9029779,3.5468,18
17.3020,17.1251,-17.1146,0.0000824,O=C(O)Cc1ccccc1Nc1c(Cl)cccc1Cl,1,c1ccc(Nc2ccccc2)cc1,0.0000000,0.0000,0.1507277,0.1507,0.9918886,1.8690,18
31.8724,41.2122,-41.1945,0.0001384,CN1C(=O)C(=C(O)C(C)(C)CO)N=C(N)NC1(C)C,1,C=C1N=CNCNC1=O,0.0000000,0.0000,0.7747985,0.7748,0.8623303,3.8047,18
21.4532,21.6676,-21.6513,0.0001270,N=C1Cc2c(c(O)c3ccccc3c2O)C(=O)C1=O,1,N=C1Cc2cc3ccccc3cc2C(=O)C1=O,0.0000000,0.0000,0.5615829,0.5616,0.9625434,2.8852,18
25.0849,26.2890,-26.2765,0.0000977,O=c1nc(C2CCCCC2)[nH]c2ccc(N3CCCC3)cc12,1,O=c1nc(C2CCCCC2)[nH]c2ccc(N3CCCC3)cc12,0.0000000,0.0000,0.2524383,0.2524,0.9865157,2.2036,18
40.8310,41.8450,-41.8276,0.0001358,CCOc1ccc(C=[N+]([O-])C2C(O)C(O)C(CO)OC2S(C)(=O)=O)cc1,1,C(=[NH+]C1CCCOC1)c1ccccc1,0.0000000,0.0000,0.7802016,0.7802,0.7689576,4.2167,18
22.2989,23.4312,-23.4220,0.0000724,Oc1c(C(=NC2CCCC2)c2ccccc2)c(O)c2ccccc2c1O,1,c1ccc(C(=NC2CCCC2)c2ccc3ccccc3c2)cc1,0.0000000,0.0000,0.1030443,0.1030,0.9763749,2.5756,18
21.7565,22.9495,-22.9337,0.0001236,Cc1nc(CN2CCC3(CCCNC3)C2)cs1,1,c1nc(CN2CCC3(CCCNC3)C2)cs1,0.0000000,0.0000,0.5383908,0.5384,0.8983973,3.5802,18
23.4792,22.3341,-22.3265,0.0000600,O=C(O)c1ccc(CN2C(=O)C(=Cc3ccc(F)cc3)SC2=Nc2ccccc2)cc1,1,O=C1C(=Cc2ccccc2)SC(=Nc2ccccc2)N1Cc1ccccc1,0.0000000,0.0000,0.0583343,0.0583,0.9863191,2.2131,18
14.6361,50.3754,53.0331,0.8078785,CN(C=CC=CC(O)=C1C(=O)NC(=O)N(C2CCCC2)C1=O)CCCN1CCOCC1,1,O=C1NC(=O)N(C2CCCC2)C(=O)C1=CC=CC=CNCCCN1CCOCC1,1.0000000,1.0000,0.5443814,0.5444,0.9456621,3.1391,18
18.3073,19.1013,-19.0950,0.0000493,COc1ccc(C=Cc2cc(OC)cc(OC)c2C=CC(=O)C=Cc2ccccc2)cc1,1,O=C(C=Cc1ccccc1)C=Cc1ccccc1C=Cc1ccccc1,0.0000000,0.0000,0.0325457,0.0325,0.9803535,2.4529,18
7.9288,37.2655,61.4627,0.7713140,O=C1C(=C(O)C=CC=CN2CCOCC2)C(=O)c2ccccc21,1,O=C1C(=CC=CC=CN2CCOCC2)C(=O)c2ccccc21,1.0000000,1.0000,0.4693245,0.4693,0.9613589,2.9062,18
24.7170,24.6743,-24.6612,0.0001023,N#Cc1ccc(NC(=O)Nc2cc(Cl)ccc2O)c(O)c1,1,O=C(Nc1ccccc1)Nc1ccccc1,0.0000000,0.0000,0.2894934,0.2895,0.9879690,2.1283,18
23.3786,26.2405,-26.2221,0.0001436,CNC(=O)C1CN(CC(F)(F)F)CCN1,1,C1CNCCN1,0.0000000,0.0000,0.8222240,0.8222,0.9431921,3.1697,18
22.5354,22.5758,-22.5669,0.0000697,OC(c1nc(-c2cccc(C(F)(F)F)c2)c[nH]1)c1ccccc1Cl,1,c1ccc(Cc2nc(-c3ccccc3)c[nH]2)cc1,0.0000000,0.0000,0.0931064,0.0931,0.9550966,3.0083,18
24.2385,23.6540,-23.6392,0.0001156,COC(=O)C1c2ccc(O)cc2Oc2cc(O)ccc21,1,c1ccc2c(c1)Cc1ccccc1O2,0.0000000,0.0000,0.4191701,0.4192,0.9819900,2.3951,18
42.1366,38.8552,-38.8499,0.0000413,COc1ccccc1NC(=O)Nc1cccc(-c2csc(COc3cccc4cccnc34)n2)c1,1,O=C(Nc1ccccc1)Nc1cccc(-c2csc(COc3cccc4cccnc34)n2)c1,0.0000000,0.0000,0.0190014,0.0190,0.9849076,2.2780,18
32.1413,30.6025,-30.5880,0.0001131,COCc1c(C(=O)NC(=O)NCCCSC)oc2ccccc12,1,c1ccc2occc2c1,0.0000000,0.0000,0.3918756,0.3919,0.9820577,2.3926,18
29.9124,30.2777,-30.2624,0.0001197,CN=c1nc(OCC2CC2)[nH]c2c1CCN(Cc1cccc(C)n1)CC2,1,N=c1nc(OCC2CC2)[nH]c2c1CCN(Cc1ccccn1)CC2,0.0000000,0.0000,0.4746916,0.4747,0.9460590,3.1340,18
26.6857,28.6956,-28.6789,0.0001301,CN1C(=O)c2[nH]nc(-c3ccccc3)c2C1C(=O)O,1,O=C1NCc2c(-c3ccccc3)n[nH]c21,0.0000000,0.0000,0.6060472,0.6060,0.9569875,2.9790,18
32.6260,34.9752,-34.9582,0.0001327,CC(N)=c1[nH]ccc1=CCC(=O)N(C)Cc1ccccc1,1,C=c1[nH]ccc1=CCC(=O)NCc1ccccc1,0.0000000,0.0000,0.6462168,0.6462,0.9478241,3.1111,18
19.6112,21.2543,-21.2469,0.0000580,CC1=C(C=Cc2ccc3ccccc3n2)C(C)(C)CCC1,1,C(=Cc1ccc2ccccc2n1)C1=CCCCC1,0.0000000,0.0000,0.0529896,0.0530,0.9797148,2.4741,18
21.9168,23.6909,-23.6733,0.0001369,CCCN=c1nc(-n2nccn2)[nH]c(=NC)[nH]1,1,N=c1nc(-n2nccn2)[nH]c(=N)[nH]1,0.0000000,0.0000,0.8054994,0.8055,0.7592310,4.2518,18
11.2048,38.5417,80.3042,0.9284837,O=C1NC(=S)NC(=O)C1=C(O)C=CC=CN(CCO)CCO,1,C=C1C(=O)NC(=S)NC1=O,1.0000000,1.0000,0.8468843,0.8469,0.9059886,3.5241,18
27.5222,26.6241,-26.6082,0.0001239,Cc1cccc2c1cnn2CC(=O)N(C)C1CCOCC1,1,O=C(Cn1ncc2ccccc21)NC1CCOCC1,0.0000000,0.0000,0.5159671,0.5160,0.9813743,2.4174,18
26.6625,29.5783,-29.5624,0.0001239,O=C(O)CCCC(=O)N1CCc2ccccc2C1CN1CCC1,1,c1ccc2c(c1)CCNC2CN1CCC1,0.0000000,0.0000,0.5187922,0.5188,0.9729555,2.6660,18
9.7563,44.9954,68.6385,0.8877652,CN1C(=O)C(=O)C(=C(O)C=CC=CN2CCCC2)C1=O,1,O=C1NC(=O)C(=CC=CC=CN2CCCC2)C1=O,1.0000000,1.0000,0.7261907,0.7262,0.9369714,3.2417,18
23.0630,26.3487,-26.3326,0.0001261,CC1(C(=O)N2CCCCC2)Oc2ccccc2NC1=O,1,O=C1Nc2ccccc2OC1C(=O)N1CCCCC1,0.0000000,0.0000,0.5477755,0.5478,0.9694796,2.7471,18
28.6808,30.0797,-30.0670,0.0000996,O=[N+]([O-])c1c[nH]c(=NCc2ccc(O)cc2)[nH]c1=NCCCC1CCCCC1,1,c1ccc(CN=c2[nH]ccc(=NCCCC3CCCCC3)[nH]2)cc1,0.0000000,0.0000,0.2762067,0.2762,0.9318678,3.2960,18
32.4551,32.7775,-32.7624,0.0001181,CCOc1nc2ccc(C(=O)NC)cn2c(=O)c1-c1cccs1,1,O=c1c(-c2cccs2)cnc2ccccn12,0.0000000,0.0000,0.4475065,0.4475,0.9771854,2.5524,18
35.4803,35.9867,-35.9768,0.0000772,COc1cc(C)ccc1Oc1ccc(C(N)=O)cc1C(=O)Nc1ccccc1C,1,O=C(Nc1ccccc1)c1ccccc1Oc1ccccc1,0.0000000,0.0000,0.1240634,0.1241,0.9911477,1.9264,18
25.9853,30.4814,-30.4645,0.0001315,CCC(=O)N(C(=O)C=CC(=O)O)C1CCCCC1,1,C1CCCCC1,0.0000000,0.0000,0.6191254,0.6191,0.9746537,2.6226,18
43.8722,41.5225,-41.5126,0.0000775,CNC12Cc3c(c(-c4cc(F)ccc4OC)nc4ccccc34)C=C1CCO2,1,C1=C2CCOC2Cc2c1c(-c1ccccc1)nc1ccccc21,0.0000000,0.0000,0.1332735,0.1333,0.8945165,3.6074,18
38.2540,40.0600,-40.0498,0.0000798,C=C=C(Oc1c(Cl)cccc1Cl)C(=O)Nc1cccc(C(=O)O)c1,1,C=C(Oc1ccccc1)C(=O)Nc1ccccc1,0.0000000,0.0000,0.1385627,0.1386,0.9744711,2.6274,18
16.7788,19.5607,-19.5510,0.0000753,Nc1ccc(C2=NN(c3ccccc3)C(c3ccccc3)C2)cc1,1,c1ccc(C2=NN(c3ccccc3)C(c3ccccc3)C2)cc1,0.0000000,0.0000,0.1157651,0.1158,0.9821204,2.3903,18
11.7484,40.4497,63.5664,0.8126257,CN(C)C=CC=CC(O)=C1C(=O)NC(=O)N(Cc2ccccc2)C1=O,1,C=C1C(=O)NC(=O)N(Cc2ccccc2)C1=O,1.0000000,1.0000,0.5459019,0.5459,0.9704536,2.7253,18
16.9362,18.5944,-18.5776,0.0001314,C=CCNC(=S)NC1CCCCC1,1,C1CCCCC1,0.0000000,0.0000,0.6142354,0.6142,0.9855282,2.2503,18
25.9989,25.3982,-25.3853,0.0001011,COC(=O)c1cccc(C(=O)N=c2[nH]cc(Cc3ccccc3)s2)c1,1,O=C(N=c1[nH]cc(Cc2ccccc2)s1)c1ccccc1,0.0000000,0.0000,0.2810728,0.2811,0.9752527,2.6066,18
22.3335,22.5593,-22.5438,0.0001212,CCOC(=O)c1cc2c(C)c(OC)ccc2oc1=O,1,O=c1ccc2ccccc2o1,0.0000000,0.0000,0.4799068,0.4799,0.9897652,2.0218,18
34.7749,33.1680,-33.1612,0.0000533,O=[N+]([O-])c1ccc(C=Cn2nc(-c3ccc4ccccc4c3)c3cccnc32)c([N+](=O)[O-])c1,1,C(=Cn1nc(-c2ccc3ccccc3c2)c2cccnc21)c1ccccc1,0.0000000,0.0000,0.0413707,0.0414,0.9694580,2.7476,18
25.0259,24.4779,-24.4634,0.0001131,CCSc1ncccc1C(=O)NCC(C)(C)C,1,c1ccncc1,0.0000000,0.0000,0.3908087,0.3908,0.9858891,2.2336,18
26.2752,29.5709,-29.5554,0.0001212,C#CC(C)=CCOc1ccc(C=CC(=O)O)cc1O,1,c1ccccc1,0.0000000,0.0000,0.4870650,0.4871,0.9660956,2.8179,18
24.1106,28.7969,-28.7810,0.0001242,COC(=O)C1=CN(C)C(=S)N(C)C1c1ccc(C(=O)OC)cc1,1,S=C1NC=CC(c2ccccc2)N1,0.0000000,0.0000,0.5304989,0.5305,0.9446305,3.1520,18
39.5853,40.0580,-40.0445,0.0001058,CC(=O)c1nccc(OCCOc2ccc(OCC(=O)O)c(C)c2C)c1C,1,c1ccc(OCCOc2ccncc2)cc1,0.0000000,0.0000,0.3208597,0.3209,0.9812720,2.4211,18
23.0901,24.3572,-24.3459,0.0000889,COC(=O)c1c(NC(=O)CSc2ncnc3ccccc23)sc(C)c1C,1,O=C(CSc1ncnc2ccccc12)Nc1cccs1,0.0000000,0.0000,0.1903273,0.1903,0.9857081,2.2420,18
22.2546,23.1577,-23.1424,0.0001198,CSc1ccc(CN2CCSCC2=O)cc1,1,O=C1CSCCN1Cc1ccccc1,0.0000000,0.0000,0.4659585,0.4660,0.9845191,2.2949,18
8.9774,39.4154,-39.4154,0.0000000,O=C1C(=C(O)C=CC=CN2CCCC2)C(=O)c2ccccc21,1,O=C1C(=CC=CC=CN2CCCC2)C(=O)c2ccccc21,1.0000000,1.0000,0.3535903,0.3536,0.9639946,2.8584,18
23.1280,24.3504,-24.3343,0.0001261,COc1cccc(N=NN(C)C(C)=O)c1,1,c1ccccc1,0.0000000,0.0000,0.5450942,0.5451,0.9750997,2.6107,18
26.4665,28.2405,-28.2247,0.0001236,Cc1nc(N2CCN(C=O)CC2)c2[nH]c(C(C)(C)C)cc2n1,1,c1nc(N2CCNCC2)c2[nH]ccc2n1,0.0000000,0.0000,0.5194490,0.5194,0.9557108,2.9990,18
27.7674,30.5588,-30.5460,0.0001000,CCOC1=C(Cl)C(=O)N(c2ccccc2)C1(O)c1ccccc1,1,O=C1C=CC(c2ccccc2)N1c1ccccc1,0.0000000,0.0000,0.2749643,0.2750,0.9586374,2.9524,18
34.0294,33.6683,-33.6683,0.0000000,c1cccc(-c2c3c(C)ncn3c3cccc(C)n3c2=O)n1,0,,0.0000000,0.0000,0.0000000,0.0000,0.0000000,0.0000,18
21.7245,22.7888,-22.7713,0.0001367,CN1C(=O)OCc2cccc(C(N)=O)c21,1,O=C1Nc2ccccc2CO1,0.0000000,0.0000,0.6951538,0.6952,0.9768689,2.5615,18
27.1618,28.9429,-28.9257,0.0001339,COc1cc2c(cc1OC)C(O)C(COC(C)=O)OC2=O,1,O=C1OCCc2ccccc21,0.0000000,0.0000,0.6668207,0.6668,0.9422753,3.1808,18
22.7621,22.2374,-22.2265,0.0000854,O=C(O)CCOc1ccc(-c2ccc(C(F)(F)F)cc2)cc1,1,c1ccc(-c2ccccc2)cc1,0.0000000,0.0000,0.1680129,0.1680,0.9932415,1.7492,18
26.5855,24.7726,-24.7571,0.0001206,CCCCn1c(N)c(N(C)C(=O)CSc2nc3ccccc3o2)c(=O)[nH]c1=O,1,O=C(CSc1nc2ccccc2o1)Nc1c[nH]c(=O)[nH]c1=O,0.0000000,0.0000,0.4773021,0.4773,0.9761850,2.5810,18
35.5447,37.4492,-37.4359,0.0001039,CCNC(=O)c1cn(CC)c2sc3cc(OCCN4CCC4)ccc3c2c1=O,1,O=c1cc[nH]c2sc3cc(OCCN4CCC4)ccc3c12,0.0000000,0.0000,0.3048184,0.3048,0.9758490,2.5903,18
40.7420,38.5279,-38.5115,0.0001285,CCN=C(N)NC(CCCNC(=N)N)C(=O)N1CCCC(Cc2ccccc2)(NC(C)=O)CC1,1,c1ccc(CC2CCCNCC2)cc1,0.0000000,0.0000,0.6089230,0.6089,0.8886446,3.6470,18
28.9957,31.1483,-31.1321,0.0001265,COc1cccc2c1OC1CC(O)C(O)CC1C2OCCN(C)C,1,c1ccc2c(c1)CC1CCCCC1O2,0.0000000,0.0000,0.6085600,0.6086,0.8187872,4.0175,18
20.6814,22.8194,-22.8040,0.0001201,C=CCn1c(=O)c2ccccc2n(CC(=O)Nc2ccc(OC)cc2)c1=O,1,O=C(Cn1c(=O)[nH]c(=O)c2ccccc21)Nc1ccccc1,0.0000000,0.0000,0.4679791,0.4680,0.9899592,2.0092,18
29.1261,29.3647,-29.3559,0.0000687,CC1CC(=O)C=C2CCC(C3(C)OOC4(CCCCC4)OO3)CC21C,1,O=C1C=C2CCC(C3OOC4(CCCCC4)OO3)CC2CC1,0.0000000,0.0000,0.1233854,0.1234,0.5426611,4.8886,18
43.0455,42.6120,-42.6047,0.0000572,Cc1cccc(COc2cccc3ccc(C(C)C)nc23)c1N1CCCC(C)(N)C1,1,c1ccc(N2CCCCC2)c(COc2cccc3cccnc23)c1,0.0000000,0.0000,0.0517494,0.0517,0.9444066,3.1548,18
18.0287,20.1507,-20.1341,0.0001296,O=C(COc1ccccc1)NN=Cc1cccnc1,1,O=C(COc1ccccc1)NN=Cc1cccnc1,0.0000000,0.0000,0.5870715,0.5871,0.9922267,1.8410,18
28.1296,26.8905,-26.8752,0.0001200,CCCC(NOCc1ccc(Cl)cc1)C(=O)O,1,c1ccccc1,0.0000000,0.0000,0.4696254,0.4696,0.9763939,2.5751,18
20.7651,21.3585,-21.3420,0.0001288,N=c1[nH]cnc2c1cnn2CCc1ccccc1,1,N=c1[nH]cnc2c1cnn2CCc1ccccc1,0.0000000,0.0000,0.5818349,0.5818,0.9743716,2.6300,18
22.0259,22.4609,-22.4482,0.0000993,CCCCCCC#CCOc1nsnc1C1=CCCN(C)C1,1,C1=C(c2cnsn2)CNCC1,0.0000000,0.0000,0.2713332,0.2713,0.9433402,3.1679,18
30.4756,30.8124,-30.8016,0.0000845,COc1cc(-c2cnn(C)c2)ccc1N=c1cc2n([nH]1)CCN(C(=O)OC(C)(C)C)C2C,1,c1cc(-c2cn[nH]c2)ccc1N=c1cc2n([nH]1)CCNC2,0.0000000,0.0000,0.1759908,0.1760,0.8649037,3.7905,18
26.7504,28.0506,-28.0349,0.0001227,CCCCCCCCOCC1OC2OC(C)(C)OC2C(OS(=O)(=O)O)C1O,1,C1COC2OCOC2C1,0.0000000,0.0000,0.5506866,0.5507,0.8312540,3.9612,18
15.4350,18.5221,-18.5062,0.0001236,O=C1C=CC(=O)C(C=Cc2ccccc2)=C1,1,O=C1C=CC(=O)C(C=Cc2ccccc2)=C1,0.0000000,0.0000,0.5119055,0.5119,0.9825569,2.3739,18
30.3761,31.1949,-31.1949,0.0000000,c1ccc2c(c1)c1c3c(C#N)c(=O)[nH]c1c1ccccc1c3cc2,0,,0.0000000,0.0000,0.0000000,0.0000,0.0000000,0.0000,18
18.9658,20.7792,-20.7730,0.0000486,Cc1ccc(SC2=C(Sc3ccccc3)C(=O)c3ccccc3C2=O)cc1,1,O=C1C(Sc2ccccc2)=C(Sc2ccccc2)C(=O)c2ccccc21,0.0000000,0.0000,0.0310413,0.0310,0.9838091,2.3245,18
32.8011,36.6307,-36.6156,0.0001179,COC=C1OC(OCC(C)C)C(C)C(C)C1=O,1,C=C1OCCCC1=O,0.0000000,0.0000,0.5324888,0.5325,0.7141986,4.4034,18
25.3204,24.9953,-24.9812,0.0001098,Cc1csc(CSC2=NCCN2S(=O)(=O)c2ccccc2)n1,1,O=S(=O)(c1ccccc1)N1CCN=C1SCc1nccs1,0.0000000,0.0000,0.3598027,0.3598,0.9761114,2.5830,18
37.0981,35.2170,-35.2060,0.0000856,CCc1cccc(OC)c1CNc1ccc2c(c1)ncn2CCCN(C)C,1,c1ccc(CNc2ccc3[nH]cnc3c2)cc1,0.0000000,0.0000,0.1700049,0.1700,0.9816854,2.4062,18
28.6846,31.6851,-31.6716,0.0001060,O=C1CCCN1CC1=NCC(c2nc(-c3ccc(Cl)cc3)c[nH]2)OC1,1,O=C1CCCN1CC1=NCC(c2nc(-c3ccccc3)c[nH]2)OC1,0.0000000,0.0000,0.3424316,0.3424,0.8850334,3.6704,18
26.1223,29.6670,-29.6494,0.0001374,CCOC(=O)C1(C)COC(C)OC1=O,1,O=C1CCOCO1,0.0000000,0.0000,0.7715996,0.7716,0.8345511,3.9458,19
21.2263,25.0550,-25.0474,0.0000593,C=C1C(=CC=C2CCCC3(C)C2CCC3C(C)CCCCC(=O)O)CC(O)CC1O,1,C=C1CCCCC1=CC=C1CCCC2CCCC12,0.0000000,0.0000,0.0670421,0.0670,0.7314585,4.3472,19
27.4324,32.2873,-32.2707,0.0001296,CCOc1ccc(C2C3C(=O)C(=O)OCC3=NN2C(C)=O)cc1,1,O=C1OCC2=NNC(c3ccccc3)C2C1=O,0.0000000,0.0000,0.6207342,0.6207,0.8998619,3.5696,19
26.6314,25.6565,-25.6420,0.0001135,Cc1cnn(Cc2nc(-c3sccc3C)no2)c1,1,c1csc(-c2noc(Cn3cccn3)n2)c1,0.0000000,0.0000,0.3985526,0.3986,0.9742886,2.6322,19
31.1618,30.9703,-30.9550,0.0001197,CC(c1ccc(F)cc1)N1CCN(CCOCCS)CC1,1,c1ccc(CN2CCNCC2)cc1,0.0000000,0.0000,0.4676617,0.4677,0.9718013,2.6940,19
33.3023,39.0197,-39.0095,0.0000796,CCCCN1C(=O)C(CC(C)C)N=C(NC(=O)N=c2cc3scc(C)c3c[nH]2)C1C,1,O=C1CN=C(NC(=O)N=c2cc3sccc3c[nH]2)CN1,0.0000000,0.0000,0.1678943,0.1679,0.6875978,4.4861,19
12.2913,35.5714,-35.5714,0.0000000,CN(C=CC=CC(O)=C1C(=O)OC(C)(C)OC1=O)CCO,1,C=C1C(=O)OCOC1=O,1.0000000,1.0000,0.7177074,0.7177,0.9048977,3.5324,19
23.3018,24.3406,-24.3301,0.0000823,Cc1ccc(CN2CCCCC(Cc3ccccc3)C2=O)cc1,1,O=C1C(Cc2ccccc2)CCCCN1Cc1ccccc1,0.0000000,0.0000,0.1509649,0.1510,0.9844736,2.2968,19
36.4127,38.9323,-38.9215,0.0000847,Cc1ccc2c(c1)C1(C)CCCC(C=CC(=O)O)(C2=O)C1C,1,O=C1c2ccccc2C2CCCC1C2,0.0000000,0.0000,0.2138843,0.2139,0.6231901,4.6723,19
30.1151,30.2669,-30.2608,0.0000475,CCOC(=O)C1C(=N)N(c2ccc(O)cc2)C2=CC(C)(C)CC(=O)C2C1c1cc2ccccc2nc1Cl,1,N=C1CC(c2cnc3ccccc3c2)C2C(=O)CCC=C2N1c1ccccc1,0.0000000,0.0000,0.0328542,0.0329,0.7922904,4.1279,19
29.5587,32.2775,-32.2596,0.0001398,CCCC(=O)C(CCCCN=C(N)N)=NC(C)=O,1,,0.0000000,0.0000,0.7520595,0.7521,0.9548061,3.0127,19
25.6693,25.7926,-25.7779,0.0001149,CC(NC(=O)N=c1cc2[nH][nH]c(=N)c2c[nH]1)c1ccc(-n2cccn2)cc1,1,N=c1[nH][nH]c2cc(=NC(=O)NCc3ccc(-n4cccn4)cc3)[nH]cc12,0.0000000,0.0000,0.4532205,0.4532,0.8277494,3.9774,19
35.5877,33.5788,-33.5736,0.0000411,Cc1cccc(-c2[nH]c3ccc(Br)cc3c2C(O)CNCCc2cc(F)cc(Cl)c2)c1,1,c1ccc(CCNCCc2c(-c3ccccc3)[nH]c3ccccc23)cc1,0.0000000,0.0000,0.0190998,0.0191,0.9546552,3.0150,19
28.6490,27.7729,-27.7574,0.0001213,CC(C)(C)OC(=O)NCCCCCNC(=O)c1cnc2ncccn12,1,c1cnc2nccn2c1,0.0000000,0.0000,0.4845985,0.4846,0.9792083,2.4905,19
31.0172,30.9555,-30.9455,0.0000781,CC(C)Cn1c(C(C)c2ccc(C(=O)O)cc2)nc2ccccc21,1,c1ccc(Cc2nc3ccccc3[nH]2)cc1,0.0000000,0.0000,0.1291695,0.1292,0.9788436,2.5021,19
52.0971,50.7655,-50.7543,0.0000879,CC(C)=CCN(C(C)COC(=O)NC1c2c(F)cccc2CCC1C)S(C)(=O)=O,1,c1ccc2c(c1)CCCC2,0.0000000,0.0000,0.2037695,0.2038,0.8221029,4.0029,19
20.7402,20.6888,-20.6790,0.0000769,O=[N+]([O-])c1cn2c(n1)OCC(OCc1ccc(-c3cccc(OC(F)(F)F)c3)cc1)C2,1,c1ccc(-c2ccc(COC3COc4nccn4C3)cc2)cc1,0.0000000,0.0000,0.1265565,0.1266,0.9402843,3.2042,19
22.6232,24.9056,-24.8914,0.0001109,CN1CCN(C(=O)c2ccc3c4c([nH]c3c2)C(C)(C)c2cc(OCC(O)CO)ccc2C4=O)CC1,1,O=C1c2ccccc2Cc2[nH]c3cc(C(=O)N4CCNCC4)ccc3c21,0.0000000,0.0000,0.3780967,0.3781,0.9453984,3.1424,19
41.4533,38.9303,-38.9238,0.0000503,COC(=O)c1c(-c2cc(OC)c(OC)c(OC)c2)c2ccc(OCc3ccccc3)cc2n1CCC(=O)NCC(C)C,1,c1ccc(COc2ccc3c(-c4ccccc4)c[nH]c3c2)cc1,0.0000000,0.0000,0.0346941,0.0347,0.9753047,2.6052,19
36.0503,37.4696,-37.4598,0.0000764,CCC1(CC)C(=O)Nc2c(-c3ccc4ccccc4c3)[nH]c(C(=O)O)c21,1,O=C1Cc2c[nH]c(-c3ccc4ccccc4c3)c2N1,0.0000000,0.0000,0.1220818,0.1221,0.9636065,2.8657,19
25.0575,26.7229,-26.7060,0.0001321,CC1CCN(C(=O)C2CC(N3CCN(c4ncccn4)CC3)CN2)CC1,1,O=C(C1CC(N2CCN(c3ncccn3)CC2)CN1)N1CCCCC1,0.0000000,0.0000,0.6423272,0.6423,0.9355689,3.2570,19
8.5930,42.7102,-42.7102,0.0000000,CCCCN(C)C=CC=CC(O)=C1C(=O)NC(=O)N(C2CC2)C1=O,1,C=C1C(=O)NC(=O)N(C2CC2)C1=O,1.0000000,1.0000,0.5695105,0.5695,0.9432674,3.1688,19
24.6881,24.8756,-24.8595,0.0001255,N#CCCSC1N=NN=N1,1,C1N=NN=N1,0.0000000,0.0000,0.6735492,0.6735,0.6592504,4.5701,19
27.9618,28.1472,-28.1311,0.0001254,CCOC(=O)On1nc(-c2ccccc2Cl)oc1=O,1,O=c1[nH]nc(-c2ccccc2)o1,0.0000000,0.0000,0.5379144,0.5379,0.9721414,2.6858,19
27.4865,29.0750,-29.0586,0.0001280,CN(C)CCCCN1C(=O)C2(C)CCCC=C2S1(=O)=O,1,O=C1NS(=O)(=O)C2=CCCCC12,0.0000000,0.0000,0.6133866,0.6134,0.8585808,3.8251,19
13.9843,42.3157,47.9794,0.7054306,C=CCN(C)C=CC=CC(O)=C1C(=O)c2ccccc2C1=O,1,C=C1C(=O)c2ccccc2C1=O,1.0000000,1.0000,0.3614012,0.3614,0.9503932,3.0765,19
24.8850,26.3586,-26.3446,0.0001087,Cc1cc(-c2cc(C(=O)N=c3ccn(C)[nH]3)ccc2C)ccn1,1,O=C(N=c1cc[nH][nH]1)c1cccc(-c2ccncc2)c1,0.0000000,0.0000,0.3539714,0.3540,0.9516325,3.0591,19
28.7696,31.3859,-31.3742,0.0000920,CC(c1ccccc1)N1C(=O)NC(=O)C(=Nc2cccc(C(F)(F)F)c2)C1=O,1,O=C1NC(=O)N(Cc2ccccc2)C(=O)C1=Nc1ccccc1,0.0000000,0.0000,0.2146623,0.2147,0.9527038,3.0438,19
19.4640,25.2612,-25.2437,0.0001365,CCOC(=O)C1=C(OC)OC(C)(C)C(=O)N1CC,1,O=C1COC=CN1,0.0000000,0.0000,0.6996039,0.6996,0.9579241,2.9641,19
31.2572,30.3676,-30.3548,0.0001002,CON=C(F)C1CN(c2c(F)cc3c(=O)c(C(N)=O)cn(C4CCCC4)c3c2F)CC1=NOC,1,N=C1CCN(c2ccc3c(=O)ccn(C4CCCC4)c3c2)C1,0.0000000,0.0000,0.2989440,0.2989,0.8353800,3.9419,19
24.9057,26.6599,-26.6417,0.0001424,COc1ccc(NC(=O)COC(=O)C(N)CCCN=C(N)N)cc1,1,c1ccccc1,0.0000000,0.0000,0.7842511,0.7843,0.9780288,2.5273,19
40.4622,41.0292,-41.0144,0.0001157,CCCC=CCc1noc(C(F)C(F)(F)C(=O)N2CCOCC2)n1,1,O=C(CCc1ncno1)N1CCOCC1,0.0000000,0.0000,0.4474453,0.4474,0.8799097,3.7026,19
27.1118,28.6173,-28.6057,0.0000903,CCC=CCCC=CCCCCCCCCOC(CO)CO,1,,0.0000000,0.0000,0.2013006,0.2013,0.9691485,2.7543,19
24.9475,28.0850,-28.0669,0.0001409,CC(=O)NC(=NNC(N)=O)c1ccccc1,1,c1ccccc1,0.0000000,0.0000,0.7581336,0.7581,0.9815970,2.4094,19
53.2374,51.1152,-51.0991,0.0001258,COc1cc2cc3ncncc3c(NC(=O)Cc3cn(CC(N)=O)nn3)c2cc1OC,1,O=C(Cc1c[nH]nn1)Nc1c2ccccc2cc2ncncc12,0.0000000,0.0000,0.5446730,0.5447,0.9673656,2.7921,19
19.1671,37.7529,67.2888,0.8206382,CC1CC(=C(O)C=CC=CN(O)O)C(=O)O1,1,C=C1CCOC1=O,1.0000000,1.0000,0.6844654,0.6845,0.6877513,4.4856,19
17.7776,22.9471,-22.9312,0.0001241,[N-]=[N+]=NCC1CN(c2ccc(N3CCN(C=O)CC3)c(F)c2)C(=O)O1,1,O=C1OCCN1c1ccc(N2CCNCC2)cc1,0.0000000,0.0000,0.5368012,0.5368,0.9237441,3.3751,19
17.7821,18.8658,-18.8544,0.0000888,CCCCCCCCOc1ccccc1,1,c1ccccc1,0.0000000,0.0000,0.1884338,0.1884,0.9962147,1.3696,19
17.6812,19.8515,-19.8389,0.0000985,OC(CN1CCC(c2ccccc2)CC1)c1ccccc1,1,c1ccc(CCN2CCC(c3ccccc3)CC2)cc1,0.0000000,0.0000,0.2579753,0.2580,0.9867817,2.1904,19
37.5085,54.1977,-54.1950,0.0000212,CCC=C1CC(C)(C)C(O)CC(C)=C1C=CC(C)=CC=CC(C)=CC=CC(C)=CC=CC(OC)=C1C(=O)OC(C)(C)OC1=O,1,C=C1CCCCC=C1C=CC=CC=CC=CC=CC=CC=CC=C1C(=O)OCOC1=O,0.0000000,0.0000,0.0035650,0.0036,0.5633146,4.8341,19
29.8814,38.1793,-38.1623,0.0001325,CN=CCC(O)=C(O)c1ccncn1,1,c1cncnc1,0.0000000,0.0000,0.6649772,0.6650,0.8957044,3.5992,19
11.6050,31.5965,69.8089,0.7922300,CN(C)C=CC=CC(O)=C1C(=O)C(=O)c2ccccc2C1=O,1,C=C1C(=O)C(=O)c2ccccc2C1=O,1.0000000,1.0000,0.5081259,0.5081,0.9627628,2.8812,19
6.6913,43.6895,-43.6895,0.0000000,CN(C=CC=CC(O)=C1C(=O)N(C)C(=O)N(C)C1=O)CCO,1,C=C1C(=O)NC(=O)NC1=O,1.0000000,1.0000,0.7736070,0.7736,0.9253395,3.3602,19
34.1861,31.8965,-31.8861,0.0000814,Cc1cccc(NC(=O)CSC(C)C(=O)Nc2ccccc2N2CCCC2)c1,1,O=C(CSCC(=O)Nc1ccccc1N1CCCC1)Nc1ccccc1,0.0000000,0.0000,0.1461078,0.1461,0.9807447,2.4395,19
24.1793,22.4954,-22.4820,0.0001046,CC(C)Cc1ccc(-c2n[nH]c(=S)[nH]2)cc1,1,S=c1[nH]nc(-c2ccccc2)[nH]1,0.0000000,0.0000,0.3113600,0.3114,0.9770957,2.5550,19
20.4291,21.7366,-21.7185,0.0001408,CCCOc1ccc(=O)n(C)n1,1,O=c1cccn[nH]1,0.0000000,0.0000,0.7545057,0.7545,0.9864302,2.2078,19
35.2861,50.2770,-50.2691,0.0000620,CN(C)C=CC=CC(=CC(=C1C(=O)Nc2ccc(Br)cc21)c1ccccc1)C[N+](=O)[O-],1,O=C1Nc2ccccc2C1=Cc1ccccc1,0.0000000,0.0000,0.0668125,0.0668,0.9253206,3.3604,19
18.8528,21.2276,-21.2121,0.0001211,C=CCCC(=O)N1CCN(c2ccc(F)cc2)CC1,1,c1ccc(N2CCNCC2)cc1,0.0000000,0.0000,0.4788226,0.4788,0.9913670,1.9099,19
25.6383,34.3882,-34.3711,0.0001335,CN1C(=O)CN(C)C2(CCN(C3CCCCC3O)C2=O)C1=O,1,O=C1CNC2(CCN(C3CCCCC3)C2=O)C(=O)N1,0.0000000,0.0000,0.7921993,0.7922,0.6861802,4.4904,19
9.6240,46.5592,47.4328,0.7343120,CC1=NN(c2ccccc2)C(=O)C1=C(O)C=CC=CN1CCOCC1,1,O=C1C(=CC=CC=CN2CCOCC2)C=NN1c1ccccc1,1.0000000,1.0000,0.4058445,0.4058,0.9577318,2.9672,19
15.8460,19.1175,-19.0991,0.0001436,CNC1OC(O)C(O)C(O)C1O,1,C1CCOCC1,0.0000000,0.0000,0.9393077,0.9393,0.7470433,4.2946,19
35.8094,35.6196,-35.6123,0.0000570,COCCOc1cccc(Oc2cc3c(cc2Cl)[nH]c(=Nc2ccccc2C)n3C)c1,1,c1ccc(N=c2[nH]c3ccc(Oc4ccccc4)cc3[nH]2)cc1,0.0000000,0.0000,0.0505956,0.0506,0.9679325,2.7803,19
14.8521,46.8022,68.0093,0.8969646,CCN(C=CC=CC(O)=C1C(=O)NC(=O)NC1=O)C(C)=O,1,C=C1C(=O)NC(=O)NC1=O,1.0000000,1.0000,0.7575227,0.7575,0.9186028,3.4212,19
14.7787,17.5162,-17.4982,0.0001405,N=C(N)N=c1cccc[nH]1,1,N=c1cccc[nH]1,0.0000000,0.0000,0.8047367,0.8047,0.8730912,3.7436,19
24.0977,24.2533,-24.2385,0.0001154,COc1cc2c(c(OC)c1)CCC(C)(C)N2,1,c1ccc2c(c1)CCCN2,0.0000000,0.0000,0.4178407,0.4178,0.9762127,2.5802,19
23.2086,25.7834,-25.7673,0.0001261,O=C(O)CC(O)CC(O)C=Cc1ccnc2ccccc12,1,c1ccc2ncccc2c1,0.0000000,0.0000,0.5552423,0.5552,0.9478756,3.1104,19
20.8889,21.4622,-21.4480,0.0001104,CS(=O)(=O)c1ccc(C(CC2CCCC2)C(=O)N=c2cncc[nH]2)cc1,1,O=C(N=c1cncc[nH]1)C(CC1CCCC1)c1ccccc1,0.0000000,0.0000,0.3783946,0.3784,0.9205116,3.4044,19
9.4262,47.7012,-47.7012,0.0000000,CN(C=CC=CC(O)=C1C(=O)C(=O)N(C)C1=O)CCO,1,C=C1C(=O)NC(=O)C1=O,1.0000000,1.0000,0.8224476,0.8224,0.9170057,3.4350,19
29.5709,30.3228,-30.3077,0.0001180,Cc1cc(C)n(-c2cc(=O)n(CC(=O)Nc3ccccc3N3CCOCC3)c(C)n2)n1,1,O=C(Cn1cnc(-n2cccn2)cc1=O)Nc1ccccc1N1CCOCC1,0.0000000,0.0000,0.4460634,0.4461,0.9787263,2.5058,19
31.3051,33.0219,-33.0074,0.0001139,CNC(CC1CCCCC1)C(=O)NC(C(=O)NC(C)C(=O)NCc1ccccc1)C(C)C,1,O=C(CCC1CCCCC1)NCC(=O)NCC(=O)NCc1ccccc1,0.0000000,0.0000,0.4089308,0.4089,0.9466329,3.1266,19
19.4930,21.6772,-21.6645,0.0000989,COc1cc(C=C2SC(=O)NC2=O)ccc1OCC(=O)Nc1ccccc1C,1,O=C(COc1ccc(C=C2SC(=O)NC2=O)cc1)Nc1ccccc1,0.0000000,0.0000,0.2615909,0.2616,0.9873847,2.1596,19
30.9423,30.8401,-30.8251,0.0001171,O=C(NC1CCCCC1)C1CCCN1C(=O)C(Cc1ccccc1)NS(=O)(=O)C1CC1,1,O=C(NC1CCCCC1)C1CCCN1C(=O)C(Cc1ccccc1)NS(=O)(=O)C1CC1,0.0000000,0.0000,0.4420741,0.4421,0.9536321,3.0303,19
23.8441,25.0037,-24.9895,0.0001115,O=C(NCCc1c[nH]c2ccccc12)NN=Cc1ccc(O)cc1,1,O=C(NCCc1c[nH]c2ccccc12)NN=Cc1ccccc1,0.0000000,0.0000,0.3747921,0.3748,0.9871387,2.1724,19
26.1389,30.4873,-30.4704,0.0001319,COC1=C(C)C(=O)c2c(O)c(N)c(N)c(C)c2C1=O,1,O=C1C=CC(=O)c2ccccc21,0.0000000,0.0000,0.6315642,0.6316,0.9576886,2.9679,19
30.8868,36.2038,-36.1950,0.0000685,CCn1c(C=CC=CC=NNC(=O)CCC2CCCCC2)nc2ccccc21,1,O=C(CCC1CCCCC1)NN=CC=CC=Cc1nc2ccccc2[nH]1,0.0000000,0.0000,0.0876747,0.0877,0.9687812,2.7623,19
33.3078,33.4139,-33.3971,0.0001313,N=C(N)c1ccc(-c2scc(C(=O)O)c2CC2=NNNN2)cc1,1,c1ccc(-c2sccc2CC2=NNNN2)cc1,0.0000000,0.0000,0.6298979,0.6299,0.9368349,3.2432,19
31.8332,31.2666,-31.2495,0.0001341,CCCn1c(SCC(=O)OCC(=O)NC(=O)c2ccccc2)n[nH]c1=O,1,O=C(COC(=O)CSc1n[nH]c(=O)[nH]1)NC(=O)c1ccccc1,0.0000000,0.0000,0.6514525,0.6515,0.9863421,2.2120,19
27.7709,26.5824,-26.5718,0.0000831,CC1CCN2CCc3c(Cl)ccc(Cl)c3C2C1,1,c1ccc2c(c1)CCN1CCCCC21,0.0000000,0.0000,0.1597930,0.1598,0.9391569,3.2172,19
20.0265,20.8703,-20.8535,0.0001308,CC(C)Oc1cccc(CN)c1,1,c1ccccc1,0.0000000,0.0000,0.6019635,0.6020,0.9937074,1.7024,19
35.2244,32.7353,-32.7219,0.0001047,Cc1ccc(C(=O)C(C)OC(=O)c2cc(C)c(C)o2)cc1N,1,O=C(COC(=O)c1ccco1)c1ccccc1,0.0000000,0.0000,0.3134058,0.3134,0.9672564,2.7944,19
13.1887,40.1099,32.0475,0.5637295,CCCCN(C)C=CC=CC(O)=C1C(=O)CCC(C)=C1C,1,C=C1C=CCCC1=O,1.0000000,1.0000,0.1878859,0.1879,0.9200391,3.4086,19
32.1176,32.7363,-32.7230,0.0001034,CC(CN(C)C)NC(=O)c1ccc(OC2CC3CCC2C3)cc1F,1,c1ccc(OC2CC3CCC2C3)cc1,0.0000000,0.0000,0.3462142,0.3462,0.7638658,4.2352,19
18.6171,19.8093,-19.7951,0.0001114,COc1cc(CC(=O)O)ccc1-c1ccccc1,1,c1ccc(-c2ccccc2)cc1,0.0000000,0.0000,0.3719947,0.3720,0.9949816,1.5541,19
36.3231,35.1580,-35.1444,0.0001067,CN1CC(c2ccc(C(=O)N=c3[nH]c4ccc(-c5cnn(C)c5)cc4[nH]3)cc2)C1,1,O=C(N=c1[nH]c2ccc(-c3cn[nH]c3)cc2[nH]1)c1ccc(C2CNC2)cc1,0.0000000,0.0000,0.3335450,0.3335,0.9618344,2.8979,19
27.4798,25.7753,-25.7644,0.0000846,N=C1C(=Cc2cccnc2)C(=O)N=C2SC=C(c3ccccc3Cl)N12,1,N=C1C(=Cc2cccnc2)C(=O)N=C2SC=C(c3ccccc3)N12,0.0000000,0.0000,0.1654280,0.1654,0.9658806,2.8221,19
24.4753,24.0849,-24.0714,0.0001054,O=C(N=c1cc[nH]n1C1CCN(Cc2ccccc2F)CC1)C1CCC1,1,O=C(N=c1cc[nH]n1C1CCN(Cc2ccccc2)CC1)C1CCC1,0.0000000,0.0000,0.3208294,0.3208,0.9636847,2.8642,19
21.6823,24.2231,-24.2051,0.0001405,Cc1nc(=N)[nH]c(C)c1C(=O)N1CCN(C)CC1,1,N=c1ncc(C(=O)N2CCNCC2)c[nH]1,0.0000000,0.0000,0.7555864,0.7556,0.9728581,2.6684,19
51.8683,50.2469,-50.2404,0.0000507,O=C1N(Cc2ccccc2F)CC(O)(c2ccc3cc(OCCCO)ccc3c2)N1CCCCc1ccccc1,1,O=C1N(Cc2ccccc2)CC(c2ccc3ccccc3c2)N1CCCCc1ccccc1,0.0000000,0.0000,0.0362330,0.0362,0.9390217,3.2187,19
26.1250,57.4947,12.8846,0.5498379,O=C1C(=C(O)C=CC=CN2CC3N(CCOc4ccccc4)CCCN3C2=O)C(=O)c2ccccc21,1,O=C1C(=CC=CC=CN2CC3N(CCOc4ccccc4)CCCN3C2=O)C(=O)c2ccccc21,1.0000000,1.0000,0.1779851,0.1780,0.8872800,3.6559,19
30.6755,31.4136,-31.3986,0.0001170,CC(C)CN(C)CCN=c1[nH]cccc1C(=O)NCCc1ccccc1,1,N=c1[nH]cccc1C(=O)NCCc1ccccc1,0.0000000,0.0000,0.4366917,0.4367,0.9706994,2.7197,19
27.1110,31.1301,-31.1136,0.0001291,C=CC(=COC1OC(C)C(O)C(O)C1O)c1ccccc1,1,C(=Cc1ccccc1)OC1CCCCO1,0.0000000,0.0000,0.6471554,0.6472,0.8203031,4.0108,19
24.2916,27.0239,-27.0081,0.0001237,COC1OC(C)CC(OC(=O)c2ccccc2)C1OC(C)=O,1,O=C(OC1CCOCC1)c1ccccc1,0.0000000,0.0000,0.5298720,0.5299,0.9296512,3.3184,19
28.9647,28.3539,-28.3425,0.0000894,CC1CC(C)CN(c2ncnc3[nH]cc(-c4ccc(C(C)(C)O)nc4)c23)C1,1,c1cncc(-c2c[nH]c3ncnc(N4CCCCC4)c23)c1,0.0000000,0.0000,0.2034346,0.2034,0.9008766,3.5623,19
40.1454,40.4466,-40.4329,0.0001069,CC(=O)SC1Oc2ccccc2CC1=NN=c1sc(C)c(O)n1C,1,c1ccc2c(c1)CC(=NN=c1[nH]ccs1)CO2,0.0000000,0.0000,0.3664631,0.3665,0.8222120,4.0024,19
27.1652,28.9732,-28.9579,0.0001194,CC(=NO)C1CCC2=CC(=O)CCC21C,1,O=C1C=C2CCCC2CC1,0.0000000,0.0000,0.5003817,0.5004,0.8510714,3.8645,19
16.4847,17.9603,-17.9425,0.0001398,CCCCN(C)N=O,1,,0.0000000,0.0000,0.7470991,0.7471,0.9671662,2.7962,19
22.1724,22.6703,-22.6550,0.0001193,O=[N+]([O-])c1cc(CN2CCOCC2)ccc1N1CCCCC1,1,c1cc(N2CCCCC2)ccc1CN1CCOCC1,0.0000000,0.0000,0.4578951,0.4579,0.9897193,2.0248,19
21.9627,22.8978,-22.8880,0.0000761,Cc1ccc(C)c(NC(=O)CN2C(=O)SC(=CC=Cc3ccccc3)C2=O)c1,1,O=C(CN1C(=O)SC(=CC=Cc2ccccc2)C1=O)Nc1ccccc1,0.0000000,0.0000,0.1193452,0.1193,0.9858803,2.2340,19
18.9821,21.7801,-21.7677,0.0000970,O=C(OC1=CC(=O)c2c(c(O)c3ccccc3c2O)C1=O)c1ccccc1,1,O=C(OC1=CC(=O)c2cc3ccccc3cc2C1=O)c1ccccc1,0.0000000,0.0000,0.2473864,0.2474,0.9816151,2.4088,19
48.4860,47.7704,-47.7535,0.0001323,CC(=O)c1c[nH]c2cc(O)cc(NC(=O)C(CCCCN=C(N)N)=NN)c12,1,c1ccc2[nH]ccc2c1,0.0000000,0.0000,0.6438382,0.6438,0.9398625,3.2091,19
34.0243,60.7918,-6.9308,0.4207894,CN(C)C=CC=CC(O)=C1C(=O)OC2(OC34CCC5(CCCC25)C3CCC4(C)O)C1=O,1,C=C1C(=O)OC2(OC34CCCC3C3(CCCC23)CC4)C1=O,1.0000000,1.0000,0.3418124,0.3418,0.0695363,6.6897,19
20.2342,22.1457,-22.1322,0.0001060,C=CCN1CCC2(C)c3cc(O)ccc3C(O)C1C2C,1,c1ccc2c(c1)CC1CC2CCN1,0.0000000,0.0000,0.4340496,0.4340,0.5846535,4.7773,19
16.1354,16.4243,-16.4124,0.0000928,CC12CCC3c4ccc(O)cc4CCC3C1CCC2=O,1,O=C1CCC2C1CCC1c3ccccc3CCC12,0.0000000,0.0000,0.2261819,0.2262,0.9123470,3.4739,19
10.5688,40.9600,57.9797,0.7729661,CN(C)C=CC=CC(O)=C1C(=O)C(=Nc2ccccc2)N(C)C1=O,1,C=C1C(=O)NC(=Nc2ccccc2)C1=O,1.0000000,1.0000,0.4797922,0.4798,0.9354041,3.2588,19
23.0649,24.9590,-24.9437,0.0001193,NCCCCCCCCCCCN=C(N)N1CCCC1,1,C1CCNC1,0.0000000,0.0000,0.4595746,0.4596,0.9842933,2.3044,19
19.0261,19.8915,-19.8813,0.0000802,Oc1ccc(-c2cc(-c3ccccc3)ccc2O)cc1,1,c1ccc(-c2cccc(-c3ccccc3)c2)cc1,0.0000000,0.0000,0.1387459,0.1387,0.9941892,1.6502,19
27.3992,34.7541,-34.7365,0.0001380,COc1ccc2c(c1)C(=O)C(=CC(=O)O)C2(O)C(=O)O,1,C=C1Cc2ccccc2C1=O,0.0000000,0.0000,0.7310027,0.7310,0.9371322,3.2399,19
27.7820,30.5201,-30.5071,0.0001021,CNCCCC1(Cc2ccccc2)Cc2ccccc2OC1=O,1,O=C1Oc2ccccc2CC1Cc1ccccc1,0.0000000,0.0000,0.2925160,0.2925,0.9576228,2.9689,19
29.3639,29.1569,-29.1429,0.0001091,Cc1cc(N=c2nc3c(ccn3-c3ccccc3)n[nH]2)ccn1,1,c1ccc(-n2ccc3n[nH]c(=Nc4ccncc4)nc32)cc1,0.0000000,0.0000,0.3577387,0.3577,0.9524727,3.0471,19
19.0565,19.5676,-19.5499,0.0001380,CCSC(=O)N1CCOCC1,1,C1COCCN1,0.0000000,0.0000,0.7149146,0.7149,0.9763911,2.5752,19
18.3061,23.9563,-23.9385,0.0001390,O=C(O)C=C1C(=O)NC(=O)N(c2ccccc2)C1=O,1,C=C1C(=O)NC(=O)N(c2ccccc2)C1=O,0.0000000,0.0000,0.7259588,0.7260,0.9860141,2.2277,19
27.5731,29.7434,-29.7258,0.0001372,O=C(CCCCO)N=c1[nH][nH]c(=O)c2ccccc12,1,N=c1[nH][nH]c(=O)c2ccccc12,0.0000000,0.0000,0.7082639,0.7083,0.9639996,2.8583,19
12.1060,23.3225,-23.3040,0.0001449,CN1CCN(C=CC=O)CC1,1,C1CNCCN1,0.0000000,0.0000,0.8356292,0.8356,0.9592183,2.9428,19
26.7191,28.9506,-28.9326,0.0001409,CCN(C)C(=O)N1CC(=O)N(CC2CC2)CC(O)C1,1,O=C1CNCCCN1CC1CC1,0.0000000,0.0000,0.7756873,0.7757,0.9428720,3.1736,19
23.8046,27.7205,-27.7082,0.0000958,O=C(O)C1C=CC(=O)N(CCC=C(c2ccccc2)c2ccccc2)C1,1,O=C1C=CCCN1CCC=C(c1ccccc1)c1ccccc1,0.0000000,0.0000,0.2436260,0.2436,0.9472328,3.1189,19
22.8963,24.7032,-24.6900,0.0001025,OC(CN1CCC(N2CCc3ccccc3C2)CC1)c1ccccc1,1,c1ccc(CCN2CCC(N3CCc4ccccc4C3)CC2)cc1,0.0000000,0.0000,0.2929478,0.2929,0.9780216,2.5275,19
87.9389,89.9993,-89.9993,0.0000000,O1C(=O)C2OC3(O)C=CC4(C(CC5OC6C(O)CC(C)(C)C7C(C)OC(C)(O)C8C7(C)C5)OC6O4)C3(O)CCC2C(CO)(C)OC1(C)C,0,,0.0000000,0.0000,0.0000000,0.0000,0.0000000,0.0000,19
27.0449,28.2163,-28.2011,0.0001185,COC(=O)c1ccnc2sc3c(c(=O)c12)CCCC3,1,O=c1c2c(sc3ncccc13)CCCC2,0.0000000,0.0000,0.4516189,0.4516,0.9809778,2.4314,19
27.2837,27.8981,-27.8839,0.0001106,O=C(Nc1ccccc1N1CCOCC1)C1CCCN1S(=O)(=O)C1CCCCC1,1,O=C(Nc1ccccc1N1CCOCC1)C1CCCN1S(=O)(=O)C1CCCCC1,0.0000000,0.0000,0.3701692,0.3702,0.9655128,2.8294,19
46.7024,47.1155,-47.1080,0.0000587,CC12CC3(CCC(=O)C(O)C3O)OC1CC1C2CCC2(C)C3Cc4c(O)n(-c5ccccc5)c(=O)n4C=C3CCC12,1,O=C1CCC2(CC1)CC1C(CC3C1CCC1C4Cc5cn(-c6ccccc6)c(=O)n5C=C4CCC13)O2,0.0000000,0.0000,0.1367538,0.1368,0.1982223,5.9104,19
16.9543,50.7859,49.2195,0.7812922,CC1CCC(C)N1C=CC=CC(O)=C1C(=O)N(C)C(=O)N(C)C1=O,1,O=C1NC(=O)C(=CC=CC=CN2CCCC2)C(=O)N1,1.0000000,1.0000,0.5459702,0.5460,0.7892689,4.1398,19
29.8301,29.7173,-29.7029,0.0001125,CN(C)c1ncc(-c2nc3cc(N4CCCC(C(=O)N5CCOCC5)C4)ccc3[nH]2)cn1,1,O=C(C1CCCN(c2ccc3[nH]c(-c4cncnc4)nc3c2)C1)N1CCOCC1,0.0000000,0.0000,0.3946268,0.3946,0.9463009,3.1309,19
33.8532,37.3932,-37.3777,0.0001213,COC(C(=O)NC1CCC(C)(C)N(C)C1=O)C(O)C(O)C(CC(C)C)=NC(=O)C1CCCN1C,1,O=C(CCCC=NC(=O)C1CCCN1)NC1CCCNC1=O,0.0000000,0.0000,0.6400086,0.6400,0.6025508,4.7289,19
10.5427,41.6210,63.7005,0.8228244,CN(C=CC=CC(O)=C1C(=O)Nc2ccccc2C1=O)CCO,1,C=C1C(=O)Nc2ccccc2C1=O,1.0000000,1.0000,0.5741966,0.5742,0.9484329,3.1030,19
46.6845,47.3057,-47.2985,0.0000567,CCOc1ccccc1CN(C)C1Oc2c(ccc3ccccc23)C(OC(=O)N(C)C)C1C,1,c1ccc(CNC2CCc3ccc4ccccc4c3O2)cc1,0.0000000,0.0000,0.0529781,0.0530,0.8680341,3.7729,19
53.5296,52.1211,-52.1090,0.0000948,Cc1ccc(S(=O)(=O)N2C3C(=O)C=C4N(C)C(=O)CCC4(C)C4CC5(CCC(=O)O5)C2C34)cc1,1,O=C1CCC2C(=CC(=O)C3C4C2CC2(CCC(=O)O2)C4N3S(=O)(=O)c2ccccc2)N1,0.0000000,0.0000,0.3705822,0.3706,0.4289874,5.1863,19
21.2221,25.6424,-25.6248,0.0001378,O=C1C(CO)CCC1n1ccccc1=O,1,O=C1CCCC1n1ccccc1=O,0.0000000,0.0000,0.7478665,0.7479,0.8950790,3.6035,19
11.7236,31.8868,-31.8682,0.0001457,CN(C)C=CC(O)=C1C(=O)NC(=O)C1=O,1,C=C1C(=O)NC(=O)C1=O,0.0000000,0.0000,0.8560256,0.8560,0.9464684,3.1288,19
37.3502,36.8183,-36.8068,0.0000902,CCCCc1ccc(-n2c(C)cc3cccc(C=NN=C(N)N)c32)cc1,1,c1ccc(-n2ccc3ccccc32)cc1,0.0000000,0.0000,0.1997490,0.1997,0.9751102,2.6105,19
29.8397,27.2346,-27.2220,0.0000983,CC(=O)c1ccc(NC(=O)c2ccc(Cn3c(=O)[nH]c4ccccc4c3=O)cc2)cc1,1,O=C(Nc1ccccc1)c1ccc(Cn2c(=O)[nH]c3ccccc3c2=O)cc1,0.0000000,0.0000,0.2563067,0.2563,0.9907957,1.9520,19
18.2301,19.3751,-19.3589,0.0001269,O=C(CCNS(=O)(=O)c1ccccc1)NCCc1ccccc1,1,O=C(CCNS(=O)(=O)c1ccccc1)NCCc1ccccc1,0.0000000,0.0000,0.5504623,0.5505,0.9941077,1.6593,19
24.2154,24.0855,-24.0692,0.0001277,O=C(Cn1c(O)csc1=O)N=c1ccc(Br)c[nH]1,1,O=C(Cn1ccsc1=O)N=c1cccc[nH]1,0.0000000,0.0000,0.5971130,0.5971,0.8884163,3.6485,19
28.0950,34.0221,-34.0052,0.0001319,CCC1=C(CO)C(OC2OC(C)C(O)C(O)C2O)OC=C1C(=O)O,1,C1=COC(OC2CCCCO2)C=C1,0.0000000,0.0000,0.8164548,0.8165,0.6089363,4.7115,19
30.3767,30.9610,-30.9475,0.0001060,CC1=NNC2c3c(c4ccccc4n3C)C(C(=O)N3CCCC3)=CC12,1,O=C(C1=CC2C=NNC2c2[nH]c3ccccc3c21)N1CCCC1,0.0000000,0.0000,0.3483017,0.3483,0.8610509,3.8117,19
45.1057,45.0944,-45.0797,0.0001152,CN1c2ccccc2CN2C1c1ccccc1C1(C=O)OCCOC21O,1,c1ccc2c(c1)CN1C(N2)c2ccccc2C2OCCOC21,0.0000000,0.0000,0.4842324,0.4842,0.7462342,4.2973,19
30.4027,31.0364,-31.0231,0.0001037,Cc1ccc(OCC(=O)NNC(=O)CCCC(=O)NN=Cc2cccc3ccccc23)cc1,1,O=C(CCCC(=O)NNC(=O)COc1ccccc1)NN=Cc1cccc2ccccc12,0.0000000,0.0000,0.3016609,0.3017,0.9861799,2.2198,19
12.2774,31.5142,-31.4978,0.0001281,O=C1NC(=O)C(=C(O)C=CC=Cc2ccc(F)cc2)C(=O)N1,1,O=C1NC(=O)C(=CC=CC=Cc2ccccc2)C(=O)N1,0.0000000,0.0000,0.5733648,0.5734,0.9714221,2.7029,19
23.4860,26.9244,-26.9124,0.0000936,COCCCNC(=O)CN1CSC(=Cc2ccc(-c3ccc(Cl)cc3)o2)C1=O,1,O=C1NCSC1=Cc1ccc(-c2ccccc2)o1,0.0000000,0.0000,0.2234051,0.2234,0.9749652,2.6143,19
28.2520,29.2701,-29.2571,0.0001016,CC1(O)CCC2C(C)(C)C(O)C23CC1CC3=O,1,O=C1CC2CCCC3CCC13C2,0.0000000,0.0000,0.6273259,0.6273,0.2454869,5.7315,20
19.6255,20.3261,-20.3116,0.0001133,CCCNC(=O)NC1N=C(c2ccccc2)c2ccccc2N(C)C1=O,1,O=C1CN=C(c2ccccc2)c2ccccc2N1,0.0000000,0.0000,0.3963907,0.3964,0.9733450,2.6563,20
19.7847,22.1506,-22.1342,0.0001283,CC(=O)N1CCN(C(=O)Nc2cccc(C)c2)CC1,1,O=C(Nc1ccccc1)N1CCNCC1,0.0000000,0.0000,0.5687584,0.5688,0.9934699,1.7266,20
19.7645,22.5112,-22.4958,0.0001208,O=C(CC1C(=O)NCCN1CC1CCCCC1)NCCc1cccs1,1,O=C(CC1C(=O)NCCN1CC1CCCCC1)NCCc1cccs1,0.0000000,0.0000,0.4831568,0.4832,0.9629858,2.8771,20
52.6263,51.2230,-51.2125,0.0000815,Cc1[nH]nc2oc3cc(S(=O)(=O)n4cc(Cl)c5ccccc54)cc(NCC(=O)O)c3c12,1,O=S(=O)(c1ccc2c(c1)oc1n[nH]cc12)n1ccc2ccccc21,0.0000000,0.0000,0.1497223,0.1497,0.9509555,3.0686,20
23.4259,23.7738,-23.7604,0.0001050,N#Cc1ccc(N=c2[nH]ccc(=NS(=O)(=O)c3ccc(OC(F)(F)F)cc3)[nH]2)cc1,1,O=S(=O)(N=c1cc[nH]c(=Nc2ccccc2)[nH]1)c1ccccc1,0.0000000,0.0000,0.3224843,0.3225,0.9380478,3.2297,20
24.2770,25.1598,-25.1414,0.0001437,NC(=O)CC(NC(=O)c1cccc(C(=O)O)c1)C(=O)O,1,c1ccccc1,0.0000000,0.0000,0.8032896,0.8033,0.9857754,2.2389,20
21.1221,29.6509,-29.6329,0.0001406,NC(N=Cc1ccccc1)=C1C(=O)N(O)C1=O,1,O=C1NC(=O)C1=CN=Cc1ccccc1,0.0000000,0.0000,0.7619694,0.7620,0.9638948,2.8603,20
33.4865,34.7695,-34.7594,0.0000793,C=C1CNc2ccc(N=c3[nH]c(=Nc4ccc5c(c4)CCC5=NO)[nH]cc3Cl)cc21,1,C=C1CNc2ccc(N=c3cc[nH]c(=Nc4ccc5c(c4)CCC5=N)[nH]3)cc21,0.0000000,0.0000,0.1479903,0.1480,0.8361155,3.9384,20
25.2401,26.2668,-26.2482,0.0001453,COC(=O)C(CSC(C)=O)NC(N)=O,1,,0.0000000,0.0000,0.8411665,0.8412,0.9620070,2.8948,20
22.7129,21.5817,-21.5660,0.0001221,COCC(NC(C)=O)C(=O)NCc1ccc(-c2ccccc2)cc1,1,c1ccc(-c2ccccc2)cc1,0.0000000,0.0000,0.4924502,0.4925,0.9855715,2.2483,20
10.2039,37.1507,73.5280,0.8646773,CC1OC(=O)C(=C(O)C=CC=CN(C)C)C1=O,1,C=C1C(=O)COC1=O,1.0000000,1.0000,0.7137972,0.7138,0.8408679,3.9155,20
48.9172,50.3761,-50.3640,0.0000945,C=C1C(O)CC(C(C)CCC(=O)OCCOCCOCCOCC(C)(C)C)C2CC(O)CC12,1,C=C1CCCC2CCCC12,0.0000000,0.0000,0.2877768,0.2878,0.6586789,4.5717,20
24.0190,48.2486,30.2062,0.6129284,CCOC(=O)CC=CC=CC=CC=C1C(=O)C(=C(O)C=CC=CN(C)CCO)C(C)(C)C1=O,1,C=C1CC(=O)C(=C)C1=O,1.0000000,1.0000,0.2567852,0.2568,0.8263304,3.9839,20
22.8564,22.3371,-22.3230,0.0001103,CCn1c(SCC(=O)NCc2ccccc2)nnc1-c1cccnc1,1,O=C(CSc1nnc(-c2cccnc2)[nH]1)NCc1ccccc1,0.0000000,0.0000,0.3622635,0.3623,0.9903291,1.9845,20
31.3858,34.5472,-34.5297,0.0001361,Cc1ccc2[nH]c(CN3CCN(C(O)C(=O)O)CC3)nc2c1,1,c1ccc2[nH]c(CN3CCNCC3)nc2c1,0.0000000,0.0000,0.6924548,0.6925,0.9601737,2.9267,20
27.7019,29.5300,-29.5154,0.0001146,Cc1ccc2c(c1)c(=O)c1ccccc1n2CC(=O)NC1CCCCNC1=O,1,O=C(Cn1c2ccccc2c(=O)c2ccccc21)NC1CCCCNC1=O,0.0000000,0.0000,0.4112934,0.4113,0.9697821,2.7404,20
9.7128,46.7423,60.3047,0.8363042,O=C1NC(=O)N(C2CCCC2)C(=O)C1=C(O)C=CC=CN1CCOCC1,1,O=C1NC(=O)N(C2CCCC2)C(=O)C1=CC=CC=CN1CCOCC1,1.0000000,1.0000,0.6033969,0.6034,0.9470156,3.1217,20
19.3370,21.5267,-21.5105,0.0001262,CN(C)CCCNCCc1ccc(O)c2ncccc12,1,c1ccc2ncccc2c1,0.0000000,0.0000,0.5434378,0.5434,0.9860124,2.2278,20
26.1991,25.4706,-25.4554,0.0001185,Cc1ccc(N(CC(=O)NCC(c2ccccc2)N(C)C)S(C)(=O)=O)cc1,1,O=C(CNc1ccccc1)NCCc1ccccc1,0.0000000,0.0000,0.4525512,0.4526,0.9779205,2.5305,20
26.2220,36.0149,-35.9981,0.0001316,CC=CC=CC(=O)N1CCC(C2(O)C=CC(=O)O2)CC1,1,O=C1C=CC(C2CCNCC2)O1,0.0000000,0.0000,0.6638064,0.6638,0.8648331,3.7909,20
12.7794,19.3227,-19.3049,0.0001393,CC1(C)CC(=O)C(C=NCCN2CCN(CCO)CC2)C(=O)C1,1,O=C1CCCC(=O)C1C=NCCN1CCNCC1,0.0000000,0.0000,0.7406674,0.7407,0.9624953,2.8860,20
32.2512,30.9853,-30.9765,0.0000685,CN1c2ccccc2C(=O)N(N=Cc2ccco2)C1c1ccc(Br)s1,1,O=C1c2ccccc2NC(c2cccs2)N1N=Cc1ccco1,0.0000000,0.0000,0.0905885,0.0906,0.9185444,3.4217,20
24.5023,29.7683,-29.7538,0.0001136,COc1cc(C=C2C(=O)NC(=O)N(c3ccccc3)C2=O)ccc1OC(=O)O,1,O=C1NC(=O)N(c2ccccc2)C(=O)C1=Cc1ccccc1,0.0000000,0.0000,0.3963288,0.3963,0.9862152,2.2181,20
28.4018,30.0219,-30.0094,0.0000978,CC1=CCC2C(C)(C)CCCC2(C)C2CC(=O)CC(O)C12O,1,O=C1CCC2C=CCC3CCCCC3C2C1,0.0000000,0.0000,0.3153561,0.3154,0.6700219,4.5386,20
22.2366,23.8016,-23.7861,0.0001212,COc1cccc(COC2CCC(O)CC2)c1,1,c1ccc(COC2CCCCC2)cc1,0.0000000,0.0000,0.4801564,0.4802,0.9905474,1.9695,20
17.9276,19.0961,-19.0796,0.0001290,C=CCNC(=O)C=Cc1ccc(OC)cc1,1,c1ccccc1,0.0000000,0.0000,0.5796370,0.5796,0.9906228,1.9642,20
31.1237,29.8539,-29.8442,0.0000753,CC(C)CNC(=O)OCc1c(COC(=O)NC(C)C)c(-c2ccccc2)n2ncccc12,1,c1ccc(-c2ccc3cccnn23)cc1,0.0000000,0.0000,0.1166591,0.1167,0.9701840,2.7314,20
10.4137,47.6182,-47.6182,0.0000000,CN1C(=O)C(=C(O)C=CC=CN(CCO)CCO)C(=O)N(C)C1=O,1,C=C1C(=O)NC(=O)NC1=O,1.0000000,1.0000,0.8110528,0.8111,0.9206993,3.4027,20
15.2875,25.2118,-25.1952,0.0001290,CN(C)C=CC=CC1=CCCN(C)O1,1,C1=CONCC1,0.0000000,0.0000,0.6457641,0.6458,0.8186734,4.0180,20
29.9490,30.1687,-30.1539,0.0001160,O=C(CCN=c1cccc[nH]1)N1CCN(c2cccc3cnccc23)CC1,1,O=C(CCN=c1cccc[nH]1)N1CCN(c2cccc3cnccc23)CC1,0.0000000,0.0000,0.4278473,0.4278,0.9631336,2.8744,20
37.3082,39.9056,-39.8904,0.0001188,CCOC(=O)C12CCCC=C1OC(CO)=CC2OC(=O)NC(C)C,1,C1=COC2=CCCCC2C1,0.0000000,0.0000,0.5258016,0.5258,0.7621936,4.2412,20
9.5545,34.5384,-34.5384,0.0000000,CN(C)C=CC=CC(O)=C1C(=O)c2ccccc2C1=O,1,C=C1C(=O)c2ccccc2C1=O,1.0000000,1.0000,0.4573009,0.4573,0.9671258,2.7971,20
18.7137,21.9810,-21.9620,0.0001483,CCNC(=O)NC(=O)CN1CCN(CCO)CC1,1,C1CNCCN1,0.0000000,0.0000,0.8798404,0.8798,0.9900230,2.0050,20
33.2272,36.3770,-36.3719,0.0000400,CC[N+]1=C2CC(=O)C(C)(C1)C1CCC3(C)C(C(C)CCCC(C)C)CCC3C1C2,1,O=C1CC2=[NH+]CC1C1CCC3CCCC3C1C2,0.0000000,0.0000,0.0315203,0.0315,0.3441141,5.4202,20
21.4982,22.1659,-22.1498,0.0001259,COc1cccc(C=CC(=O)NCC2CCCO2)c1OC,1,O=C(C=Cc1ccccc1)NCC1CCCO1,0.0000000,0.0000,0.5431001,0.5431,0.9759805,2.5867,20
35.2710,38.7765,-38.7642,0.0000958,CC(Oc1ccc(C=C2N=C(c3ccccc3)N(CCO)C2=O)cc1)C(=O)Nc1ccccc1N,1,O=C(COc1ccc(C=C2N=C(c3ccccc3)NC2=O)cc1)Nc1ccccc1,0.0000000,0.0000,0.2415418,0.2415,0.9611344,2.9102,20
18.2023,19.5844,-19.5680,0.0001282,O=C1C(Cl)=C(N2CCOCC2)C(=O)N1c1ccccc1F,1,O=C1C=C(N2CCOCC2)C(=O)N1c1ccccc1,0.0000000,0.0000,0.5695366,0.5695,0.9852360,2.2635,20
32.1887,34.0398,-34.0241,0.0001225,CCCNC(=S)NCCCNCCCNC(=O)c1cc2ccccc2[nH]1,1,c1ccc2[nH]ccc2c1,0.0000000,0.0000,0.4975002,0.4975,0.9839243,2.3198,20
21.8414,23.0351,-23.0211,0.0001097,CCOc1ccc(C(=O)N=C(Cc2ccccc2)C(=O)N2CCOCC2)cc1,1,O=C(N=C(Cc1ccccc1)C(=O)N1CCOCC1)c1ccccc1,0.0000000,0.0000,0.3579507,0.3580,0.9831313,2.3517,20
27.6229,27.2266,-27.2175,0.0000709,COc1ccccc1N1CCN(CCCCNC(=O)COc2ccc3c(=O)cc(-c4ccccc4)oc3c2)CC1,1,O=C(COc1ccc2c(=O)cc(-c3ccccc3)oc2c1)NCCCCN1CCN(c2ccccc2)CC1,0.0000000,0.0000,0.0967112,0.0967,0.9818869,2.3989,20
23.0938,23.3701,-23.3603,0.0000763,Cc1ccc(Cl)cc1OC1=C(Cl)C(=O)c2ccccc2C1=O,1,O=C1C=C(Oc2ccccc2)C(=O)c2ccccc21,0.0000000,0.0000,0.1203465,0.1203,0.9853219,2.2596,20
14.7000,17.7649,-17.7484,0.0001293,OCCN1CCC(Cc2ccccc2)CC1,1,c1ccc(CC2CCNCC2)cc1,0.0000000,0.0000,0.5823924,0.5824,0.9936564,1.7077,20
35.0090,34.2430,-34.2279,0.0001180,O=C(O)c1ccc(N2CCN(S(=O)(=O)c3cccc4sc(=O)[nH]c34)CC2)cc1,1,O=c1[nH]c2c(S(=O)(=O)N3CCN(c4ccccc4)CC3)cccc2s1,0.0000000,0.0000,0.4455706,0.4456,0.9815211,2.4122,20
20.5772,22.5072,-22.4940,0.0001029,CCCCOc1ccc2c(c1)C1(N=C(N)N(C)C1=O)C1(CCC(OC)CC1)C2,1,O=C1NC=NC12c1ccccc1CC21CCCCC1,0.0000000,0.0000,0.3306279,0.3306,0.8070390,4.0679,20
34.4857,31.7078,-31.6948,0.0001021,CN1CCN(C2c3cc(Cl)ccc3Oc3cncc(CCCO)c32)CC1,1,c1ccc2c(c1)Oc1cnccc1C2N1CCNCC1,0.0000000,0.0000,0.2969927,0.2970,0.9342090,3.2716,20
23.9003,23.3340,-23.3166,0.0001362,C=CCNS(=O)(=O)Nc1ccc(OC)cc1,1,c1ccccc1,0.0000000,0.0000,0.6827244,0.6827,0.9870105,2.1789,20
18.4837,21.1668,-21.1497,0.0001333,CCOc1ccc(N2CC(CO)OC2=O)cc1,1,O=C1OCCN1c1ccccc1,0.0000000,0.0000,0.6419429,0.6419,0.9808939,2.4343,20
44.8830,53.4212,-53.4103,0.0000851,O=C1C=CC(=O)C2(O1)OC(C=CC13NC(=O)C(C(=O)O)(O1)C(O)(C(=O)O)C3O)CC(O)C2O,1,O=C1C=CC(=O)C2(CCCC(C=CC34CCC(O3)C(=O)N4)O2)O1,0.0000000,0.0000,0.9156503,0.9157,0.0499771,6.9184,20
40.1309,40.5743,-40.5650,0.0000722,C=CCN(CCC)C1CCc2c(ccc(C(O)CNCCc3c[nH]c4ccc(F)cc34)c2O)C1,1,c1ccc2c(CCNCCc3ccc4c(c3)CCCC4)c[nH]c2c1,0.0000000,0.0000,0.1087717,0.1088,0.8801848,3.7009,20
20.7493,22.4108,-22.3928,0.0001404,COC(=O)CNS(=O)(=O)c1ccc(NC(C)=O)cc1,1,c1ccccc1,0.0000000,0.0000,0.7449250,0.7449,0.9927411,1.7960,20
6.8919,39.4272,-39.4272,0.0000000,CN(C)C=CC=CC(O)=C1C(=O)N(C)C(=O)N(C)C1=O,1,C=C1C(=O)NC(=O)NC1=O,1.0000000,1.0000,0.7286829,0.7287,0.9426464,3.1763,20
16.3077,17.3924,-17.3763,0.0001262,CCCc1ccc(O)cc1,1,c1ccccc1,0.0000000,0.0000,0.5410141,0.5410,0.9958601,1.4282,20
17.3058,40.5429,-40.5249,0.0001408,COC(C=CC=CN(C)CCOC(C)=O)=C1C(=O)NC(=O)C1=O,1,C=C1C(=O)NC(=O)C1=O,0.0000000,0.0000,0.7903367,0.7903,0.9105349,3.4885,20
33.0185,35.5893,-35.5732,0.0001254,CCSC1CC(OC(C)CC)C(=O)OC1CO,1,O=C1CCCCO1,0.0000000,0.0000,0.6441045,0.6441,0.7075024,4.4246,20
32.4973,31.0834,-31.0713,0.0000949,CCc1oncc1-c1ccccc1OCC(O)CN1CCN(c2ccccc2OC)CC1,1,c1ccc(N2CCN(CCCOc3ccccc3-c3cnoc3)CC2)cc1,0.0000000,0.0000,0.2350797,0.2351,0.9580261,2.9624,20
19.8891,23.4326,-23.4194,0.0001033,OC1(C=Cc2ccccc2)CCN(Cc2ccccc2)C1,1,C(=CC1CCN(Cc2ccccc2)C1)c1ccccc1,0.0000000,0.0000,0.3002943,0.3003,0.9716589,2.6974,20
24.2012,26.4953,-26.4781,0.0001338,COCCN1CCCC2(CC(=O)N(CC(C)C)C2=O)C1,1,O=C1CC2(CCCNC2)C(=O)N1,0.0000000,0.0000,0.6783322,0.6783,0.9109141,3.4855,20
21.2170,24.9823,-24.9691,0.0001029,COc1cc(C=CC=CC(=O)Nc2cccnc2)cc(OC)c1OC,1,O=C(C=CC=Cc1ccccc1)Nc1cccnc1,0.0000000,0.0000,0.2950226,0.2950,0.9847337,2.2856,20
25.0235,29.4040,-29.3856,0.0001442,CC(=O)NCC(O)(C(=O)O)C(F)(F)F,1,,0.0000000,0.0000,0.8370193,0.8370,0.9327058,3.2874,20
22.5613,26.3712,-26.3589,0.0000965,CC=CC=Cc1cc(=O)c2c(C)ccc(C)c2[nH]1,1,O=c1cc[nH]c2ccccc12,0.0000000,0.0000,0.2468797,0.2469,0.9613972,2.9056,20
20.9121,20.6527,-20.6391,0.0001063,O=c1[nH]c2ccccc2n2c(-c3ccccc3Cl)nnc12,1,O=c1[nH]c2ccccc2n2c(-c3ccccc3)nnc12,0.0000000,0.0000,0.3245958,0.3246,0.9873203,2.1630,20
23.2909,24.0121,-24.0065,0.0000442,CCOC(=O)C1=C(C)N=C(C)C(C(=O)OCC)C1c1cn(-c2ccccc2)nc1-c1ccc2ccccc2c1,1,C1=CC(c2cn(-c3ccccc3)nc2-c2ccc3ccccc3c2)CC=N1,0.0000000,0.0000,0.0242065,0.0242,0.9305953,3.3089,20
20.0387,22.8964,-22.8799,0.0001291,O=C(NC1CC1)C1CCCN(Cc2ccccc2)C1=O,1,O=C(NC1CC1)C1CCCN(Cc2ccccc2)C1=O,0.0000000,0.0000,0.5834350,0.5834,0.9806476,2.4428,20
30.6519,30.0910,-30.0780,0.0001015,CN1CCN(c2nc(N3CCOCC3)c3sc(-c4ccc5c(c4)ncn5C)cc3n2)CC1,1,c1nc2cc(-c3cc4nc(N5CCNCC5)nc(N5CCOCC5)c4s3)ccc2[nH]1,0.0000000,0.0000,0.2853749,0.2854,0.9689484,2.7587,20
37.9981,35.5714,-35.5622,0.0000714,COc1ccc(CC(N)C(=O)NC(CCc2ccccc2)C(=O)NC(CC2CCCCC2)C(=O)NCCc2ccccc2)cc1,1,O=C(CCc1ccccc1)NC(CCc1ccccc1)C(=O)NC(CC1CCCCC1)C(=O)NCCc1ccccc1,0.0000000,0.0000,0.1017827,0.1018,0.9277915,3.3367,20
22.2645,22.5213,-22.5066,0.0001152,CC(=O)NN=C(C)c1ccc(C(C)(C)C)cc1,1,c1ccccc1,0.0000000,0.0000,0.4122453,0.4122,0.9898385,2.0171,20
20.5012,20.3474,-20.3286,0.0001472,Cn1cnc(=O)[nH]c1=O,1,O=c1nc[nH]c(=O)[nH]1,0.0000000,0.0000,0.8780430,0.8780,0.9573373,2.9735,20
25.6579,26.9061,-26.8908,0.0001198,COc1cc(O)oc1C1CCC(C)CC1O,1,c1coc(C2CCCCC2)c1,0.0000000,0.0000,0.5184960,0.5185,0.8131617,4.0419,20
12.9855,41.1088,59.6360,0.7870686,O=C1C(=C(O)C=CC=CN2CCOCC2)C(=O)c2c(O)cccc21,1,O=C1C(=CC=CC=CN2CCOCC2)C(=O)c2ccccc21,1.0000000,1.0000,0.5023896,0.5024,0.9489534,3.0961,20
21.2362,21.6700,-21.6531,0.0001325,CCOC(=O)C1CCN(C(=O)CN2C(=O)c3ccccc3S2(=O)=O)CC1,1,O=C(CN1C(=O)c2ccccc2S1(=O)=O)N1CCCCC1,0.0000000,0.0000,0.6294610,0.6295,0.9835374,2.3356,20
19.8632,19.2382,-19.2262,0.0000941,CC(C)c1ccc(NC(=O)Nc2cccnc2)cc1,1,O=C(Nc1ccccc1)Nc1cccnc1,0.0000000,0.0000,0.2244678,0.2245,0.9938423,1.6881,20
41.3724,38.5778,-38.5682,0.0000752,Cc1[nH]c2ccccc2c(=Nc2cc(-c3ccccc3)co2)c1C(=O)N1CCN(C)CC1,1,O=C(c1c[nH]c2ccccc2c1=Nc1cc(-c2ccccc2)co1)N1CCNCC1,0.0000000,0.0000,0.1164937,0.1165,0.9647627,2.8439,20
41.8359,48.0855,-48.0716,0.0001088,CCSC=C1C(=CSC)C2C(=NC(=O)C(N)c3cccc[n+]3[O-])C(=O)N2C1C(=O)[O-],1,C=C1CN2C(=O)C(=NC(=O)Cc3cccc[nH+]3)C2C1=C,0.0000000,0.0000,0.6954929,0.6955,0.2940973,5.5704,20
31.8616,39.4390,-39.4248,0.0001107,CC(=O)CC=CCC1OC(=O)C(C)C(=O)C1CC=CCCCC(=O)O,1,O=C1CCOC(=O)C1,0.0000000,0.0000,0.4148866,0.4149,0.7939797,4.1212,20
28.7208,27.5167,-27.4991,0.0001376,Cc1cn(C(Cc2ccccc2)C(O)C(O)CO)nn1,1,c1ccc(CCn2ccnn2)cc1,0.0000000,0.0000,0.7403263,0.7403,0.9036969,3.5414,20
37.7765,45.6352,-45.6239,0.0000883,COc1ccc(-c2nc3sc(Br)cn3c2C=C2C(=N)N3N=C(C)C(=O)C3=NC2=O)cc1OC,1,N=C1C(=Cc2c(-c3ccccc3)nc3sccn23)C(=O)N=C2C(=O)C=NN12,0.0000000,0.0000,0.1936931,0.1937,0.9209263,3.4007,20
17.5376,21.1691,-21.1523,0.0001311,CCOC(=O)N1CCN(C(=O)CN2C(=O)NC(C)(c3ccccc3)C2=O)CC1,1,O=C(CN1C(=O)NC(c2ccccc2)C1=O)N1CCNCC1,0.0000000,0.0000,0.6129799,0.6130,0.9751095,2.6105,20
29.0405,33.1855,-33.1779,0.0000592,CCCCCC=CCC=CCC=CC=CC(O)CCCCCCC=CC(O)C(CO)NC(C)=O,1,,0.0000000,0.0000,0.0635371,0.0635,0.7929422,4.1253,20
22.3736,21.1476,-21.1342,0.0001048,CN(Cc1ccccc1)C(=O)Nc1ccc([N+](=O)[O-])cc1,1,O=C(NCc1ccccc1)Nc1ccccc1,0.0000000,0.0000,0.3100934,0.3101,0.9937139,1.7017,20
7.9355,39.9295,-39.9295,0.0000000,CN1C(=O)C(=C(O)C=CC=CN2CCOCC2)C(=O)N(C)C1=O,1,O=C1NC(=O)C(=CC=CC=CN2CCOCC2)C(=O)N1,1.0000000,1.0000,0.7196373,0.7196,0.9388744,3.2204,20
17.2030,18.1346,-18.1166,0.0001410,CCCCNC(=O)CCl,1,,0.0000000,0.0000,0.7555085,0.7555,0.9917337,1.8814,20
28.2920,33.1091,-33.0961,0.0001017,C=CN1C(=O)C(=C(Br)Br)S(=O)(=O)N(c2ccccc2)C1=O,1,C=C1C(=O)NC(=O)N(c2ccccc2)S1(=O)=O,0.0000000,0.0000,0.2963237,0.2963,0.9195566,3.4129,20
30.3752,30.0462,-30.0373,0.0000696,O=C(CCCc1ccccc1)N=c1nc[nH]c2scc(-c3cccs3)c12,1,O=C(CCCc1ccccc1)N=c1nc[nH]c2scc(-c3cccs3)c12,0.0000000,0.0000,0.0928196,0.0928,0.9578100,2.9659,20
37.5648,38.1208,-38.1117,0.0000709,Nc1ccc(CNCC2CCCC(CNC(=O)Nc3cc(C(F)(F)F)ccc3O)C2)cc1,1,O=C(NCC1CCCC(CNCc2ccccc2)C1)Nc1ccccc1,0.0000000,0.0000,0.0990001,0.0990,0.9432073,3.1695,20
22.8637,23.2361,-23.2190,0.0001333,N=c1[nH]c(=O)n(C2CC(CO)C(O)C2F)cc1F,1,N=c1ccn(C2CCCC2)c(=O)[nH]1,0.0000000,0.0000,0.8123453,0.8123,0.6498188,4.5973,20
29.6559,33.8692,-33.8508,0.0001434,C=CC(=O)N1CCC(CNCCN2CCNC2=O)C1,1,O=C1NCCN1CCNCC1CCNC1,0.0000000,0.0000,0.8188459,0.8188,0.9429643,3.1725,20
17.8055,19.3390,-19.3210,0.0001400,C=Cc1c(C)[nH]c(=O)[nH]c1=N,1,N=c1cc[nH]c(=O)[nH]1,0.0000000,0.0000,0.7831521,0.7832,0.8978454,3.5841,20
34.6703,35.0703,-35.0605,0.0000759,COC(=O)CCC(NC(C)=O)C(=O)N(Cc1ccccc1)Cc1ccc(Oc2ccccc2)cc1,1,c1ccc(CNCc2ccc(Oc3ccccc3)cc2)cc1,0.0000000,0.0000,0.1190921,0.1191,0.9759859,2.5865,20
21.1147,20.6221,-20.6071,0.0001170,CCCC=c1ncc(=Cc2c(O)[nH]c(=O)n2CCCC)n1Cc1ccc(C(=O)O)cc1,1,C=c1ncc(=Cc2c[nH]c(=O)[nH]2)n1Cc1ccccc1,0.0000000,0.0000,0.4503871,0.4504,0.9203652,3.4057,20
16.2178,17.9526,-17.9363,0.0001277,OC1CCN(CCCc2ccccc2)CC1,1,c1ccc(CCCN2CCCCC2)cc1,0.0000000,0.0000,0.5610956,0.5611,0.9940773,1.6627,20
24.9097,24.5023,-24.4884,0.0001086,CC(=O)Nc1ccc2c(c1)c(=O)[nH]c1c(C)cccc12,1,O=c1[nH]c2ccccc2c2ccccc12,0.0000000,0.0000,0.3456387,0.3456,0.9901642,1.9957,20
10.2700,46.6972,70.1717,0.9130386,CN1CCN(C=CC=CC(O)=C2C(=O)NC(=O)NC2=O)CC1,1,O=C1NC(=O)C(=CC=CC=CN2CCNCC2)C(=O)N1,1.0000000,1.0000,0.7876139,0.7876,0.9419320,3.1849,20
43.0747,41.0011,-40.9952,0.0000462,Cc1nc(-c2c(Cl)cc(Cl)cc2OC2CCC(N=c3ccc(=Nc4ccccc4)[nH][nH]3)C(C)C2)no1,1,c1ccc(N=c2ccc(=NC3CCC(Oc4ccccc4-c4ncon4)CC3)[nH][nH]2)cc1,0.0000000,0.0000,0.0334797,0.0335,0.6605492,4.5663,20
29.8686,31.6718,-31.6551,0.0001305,Cc1oc(CCO)nc1-c1ccncc1,1,c1cc(-c2cocn2)ccn1,0.0000000,0.0000,0.6036806,0.6037,0.9802603,2.4560,20
13.5867,42.5501,68.6995,0.8691377,CCCCN1C(=O)C(=O)C(=C(O)C=CC=CN(C)C)C1=O,1,C=C1C(=O)NC(=O)C1=O,1.0000000,1.0000,0.6746743,0.6747,0.9534553,3.0329,20
30.5894,30.2921,-30.2755,0.0001300,Cn1[nH]c(=N)c(=O)c2c(=O)[nH]c3ccc(Cl)cc3c21,1,N=c1[nH][nH]c2c(c(=O)[nH]c3ccccc32)c1=O,0.0000000,0.0000,0.6094607,0.6095,0.9415169,3.1898,20
27.7011,27.5378,-27.5266,0.0000873,CN(CC(O)(Cn1ccnc1)c1ccc(Cl)cc1Cl)C(=O)c1ccccc1,1,O=C(NCC(Cn1ccnc1)c1ccccc1)c1ccccc1,0.0000000,0.0000,0.1832332,0.1832,0.9579963,2.9629,20
24.4811,23.5221,-23.5094,0.0000993,C[N+](C)(C)c1ccc(-c2ccsc2)cc1,1,c1ccc(-c2ccsc2)cc1,0.0000000,0.0000,0.2656235,0.2656,0.9783258,2.5182,20
28.4547,28.8966,-28.8891,0.0000591,COc1cc2c(cc1OCCCCNc1ccc3ccccc3c1)N=CC1CCCN1C2=O,1,O=C1c2ccc(OCCCCNc3ccc4ccccc4c3)cc2N=CC2CCCN12,0.0000000,0.0000,0.0568217,0.0568,0.9530885,3.0382,20
23.4988,22.5671,-22.5520,0.0001176,CC(=O)NCC1CN(c2ccc(-n3cc(-c4ccccn4)nn3)c(F)c2)C(=O)O1,1,O=C1OCCN1c1ccc(-n2cc(-c3ccccn3)nn2)cc1,0.0000000,0.0000,0.4484474,0.4484,0.9522019,3.0510,20
23.9488,22.2420,-22.2291,0.0001010,O=C(Cn1ccc2ccccc2c1=O)Nc1ccc(Cl)cc1,1,O=C(Cn1ccc2ccccc2c1=O)Nc1ccccc1,0.0000000,0.0000,0.2774106,0.2774,0.9934369,1.7300,20
22.5585,22.2999,-22.2854,0.0001133,CC(Cc1cccc(O)c1)NCCc1ccc(O)cc1,1,c1ccc(CCNCCc2ccccc2)cc1,0.0000000,0.0000,0.3941314,0.3941,0.9827449,2.3667,20
26.2746,30.6633,-30.6498,0.0001053,CC(C=NO)=C1SCCCSS1,1,C=C1SCCCSS1,0.0000000,0.0000,0.3723018,0.3723,0.7395124,4.3203,20
40.8744,41.7478,-41.7428,0.0000390,C=CCOC1c2cc(Br)cc(Br)c2N=C(C)N1c1ccc(OC(C)C)cc1,1,C1=Nc2ccccc2CN1c1ccccc1,0.0000000,0.0000,0.0169426,0.0169,0.9019499,3.5544,20
38.1028,40.4754,-40.4663,0.0000708,CC(CN1C(=O)SC(=Cc2ccncc2)C1=O)NC1CCCN(CCCCC(O)c2ccc(F)cc2)C1,1,O=C1SC(=Cc2ccncc2)C(=O)N1CCNC1CCCN(CCCCCc2ccccc2)C1,0.0000000,0.0000,0.1018532,0.1019,0.8864961,3.6610,20
9.9889,42.5321,29.9653,0.5663858,O=C1C(=C(O)C=CC=CNc2ccccc2)C(=O)c2ccccc21,1,O=C1C(=CC=CC=CNc2ccccc2)C(=O)c2ccccc21,1.0000000,1.0000,0.1841574,0.1842,0.9766939,2.5666,20
10.7961,42.8389,57.8571,0.7866877,CC1(C)OC(=O)C(=C(O)C=CC=CN2CCCCC2)C(=O)O1,1,O=C1OCOC(=O)C1=CC=CC=CN1CCCCC1,1.0000000,1.0000,0.5067663,0.5068,0.9322851,3.2917,20
25.8623,23.5032,-23.4885,0.0001149,COc1ccc(S(=O)(=O)NC2c3cc(C#N)ccc3OC(C)(C)C2O)cc1OC,1,O=S(=O)(NC1CCOc2ccccc21)c1ccccc1,0.0000000,0.0000,0.4215457,0.4215,0.9380702,3.2295,20
27.6855,24.8795,-24.8707,0.0000688,CN1C(=O)c2ccccc2Sc2ccc(NC(=O)Nc3cccc(C(=O)O)c3)cc21,1,O=C(Nc1ccccc1)Nc1ccc2c(c1)NC(=O)c1ccccc1S2,0.0000000,0.0000,0.0880629,0.0881,0.9861006,2.2236,20
9.9757,42.5405,-42.5405,0.0000000,CC1(C)OC(=O)C(=C(O)C=CC=CN2CCOCC2)C(=O)O1,1,O=C1OCOC(=O)C1=CC=CC=CN1CCOCC1,1.0000000,1.0000,0.6540733,0.6541,0.9242561,3.3703,20
15.5306,39.3164,60.7773,0.7819816,CN1C(=O)C(=C(O)C=CC=CN(C)c2ccccc2)C(=O)N(C)C1=O,1,O=C1NC(=O)C(=CC=CC=CNc2ccccc2)C(=O)N1,1.0000000,1.0000,0.4909798,0.4910,0.9548179,3.0126,20
26.3318,26.4061,-26.3956,0.0000819,CCOC(=O)c1c(-c2cccs2)csc1N=C=S,1,c1csc(-c2ccsc2)c1,0.0000000,0.0000,0.1508180,0.1508,0.9620845,2.8934,20
28.6732,30.6460,-30.6293,0.0001307,Cc1ccc(C(=O)N2CCN(C3CCN(CCO)CC3)C(=O)C2)cc1C,1,O=C(c1ccccc1)N1CCN(C2CCNCC2)C(=O)C1,0.0000000,0.0000,0.6036001,0.6036,0.9858714,2.2344,20
23.6494,24.0926,-24.0772,0.0001204,O=C(CSc1cc(=O)[nH]c2ccccc12)N1CCCC1,1,O=C(CSc1cc(=O)[nH]c2ccccc12)N1CCCC1,0.0000000,0.0000,0.4712261,0.4712,0.9873003,2.1640,20
36.0130,36.5583,-36.5524,0.0000465,COc1cc(Cn2c3cc(-c4ccccc4)ccc3c3nc4ccccc4nc32)ccc1O,1,c1ccc(Cn2c3cc(-c4ccccc4)ccc3c3nc4ccccc4nc32)cc1,0.0000000,0.0000,0.0271946,0.0272,0.9857314,2.2409,20
33.6989,31.8976,-31.8886,0.0000709,COc1cc([N+](=O)[O-])ccc1C(=O)N=c1[nH]cc(Cc2cc(Cl)cc(Cl)c2)s1,1,O=C(N=c1[nH]cc(Cc2ccccc2)s1)c1ccccc1,0.0000000,0.0000,0.0980043,0.0980,0.9565904,2.9853,20
35.7897,44.7569,-44.7569,0.0000000,C1CN(CC=C)CCN1CCCNC(O)=c1c(=N)n(=O)c(=CNNC=O)c2c1cccc2,0,,0.0000000,0.0000,0.0000000,0.0000,0.0000000,0.0000,20
19.7638,21.1249,-21.1113,0.0001063,N#CC(C#N)=C1c2ccccc2C(=O)N1c1ccccc1,1,C=C1c2ccccc2C(=O)N1c1ccccc1,0.0000000,0.0000,0.3258865,0.3259,0.9815289,2.4119,20
24.3472,24.7056,-24.6924,0.0001030,COc1cc(C)cc2c1C(=O)c1ccccc1CC2,1,O=C1c2ccccc2CCc2ccccc21,0.0000000,0.0000,0.2951146,0.2951,0.9898790,2.0145,20
23.8337,24.6132,-24.5978,0.0001203,O=C1C(SCCCN2CCOCC2)=Nc2ccccc21,1,O=C1C(SCCCN2CCOCC2)=Nc2ccccc21,0.0000000,0.0000,0.4733893,0.4734,0.9768001,2.5635,20
26.0897,25.4703,-25.4571,0.0001031,Cc1nc2ccc(Cl)cc2c(=O)n1CCNC1CCCCC1,1,O=c1c2ccccc2ncn1CCNC1CCCCC1,0.0000000,0.0000,0.2965306,0.2965,0.9875259,2.1522,20
40.8697,45.0161,-45.0065,0.0000748,CC(C)N1CCCN(C(=O)C2CN(C(C)(C)C)CCC2N=c2[nH]c(-c3cc(F)cc(C(F)(F)F)c3)cn(C)c2=O)CC1,1,O=C(C1CNCCC1N=c1[nH]c(-c2ccccc2)c[nH]c1=O)N1CCCNCC1,0.0000000,0.0000,0.1314406,0.1314,0.7609728,4.2456,20
20.5382,23.3755,-23.3593,0.0001270,C=CCc1sc(=NC(C)C)[nH]c1O,1,N=c1[nH]ccs1,0.0000000,0.0000,0.6050640,0.6051,0.8449596,3.8954,20
27.7268,28.3291,-28.3176,0.0000897,CC(C)C(=O)N(CCCN1CCCC1=O)Cc1ccc(Cl)c(Cl)c1,1,O=C1CCCN1CCCNCc1ccccc1,0.0000000,0.0000,0.1954359,0.1954,0.9851062,2.2693,20
32.9335,32.8315,-32.8150,0.0001287,COCC(CO)N=c1cc(CN2CCOC(C(F)(F)F)C2)cc[nH]1,1,N=c1cc(CN2CCOCC2)cc[nH]1,0.0000000,0.0000,0.6617843,0.6618,0.7745250,4.1961,20
23.6501,24.3207,-24.3083,0.0000972,CN1CCC=C(c2nn(-c3ccc(C(F)(F)F)cc3)cc2C#N)C1,1,C1=C(c2ccn(-c3ccccc3)n2)CNCC1,0.0000000,0.0000,0.2505522,0.2506,0.9693778,2.7493,20
28.1229,28.7255,-28.7146,0.0000856,CC1(C)C=Cc2c(c3cc(O)c(O)cc3c3cc(O)c(O)cc23)O1,1,C1=Cc2c(c3ccccc3c3ccccc23)OC1,0.0000000,0.0000,0.1726216,0.1726,0.9574753,2.9713,20
27.3550,28.3976,-28.3881,0.0000742,CC(C)CCn1c(=O)c(C2=NS(=O)(=O)c3ccc(C(=O)NCc4ccccc4)cc3N2)c(O)c2ccccc21,1,O=C(NCc1ccccc1)c1ccc2c(c1)NC(c1cc3ccccc3[nH]c1=O)=NS2(=O)=O,0.0000000,0.0000,0.1116379,0.1116,0.9659631,2.8205,21
27.6949,28.2548,-28.2420,0.0000995,O=C(NCCN1CCCCC1)c1c2nc3ccccc3nc2c2ccccn12,1,O=C(NCCN1CCCCC1)c1c2nc3ccccc3nc2c2ccccn12,0.0000000,0.0000,0.2670772,0.2671,0.9803895,2.4516,21
26.8514,28.0904,-28.0815,0.0000697,CCCCN(CCCC)CC(O)(CCC)c1ccc(Cl)cc1,1,c1ccccc1,0.0000000,0.0000,0.0925049,0.0925,0.9662808,2.8142,21
18.1621,19.9970,-19.9844,0.0000985,CCN(CC)CCN=c1c2ccccc2[nH]c2ccccc12,1,N=c1c2ccccc2[nH]c2ccccc12,0.0000000,0.0000,0.2595797,0.2596,0.9800893,2.4617,21
24.5829,26.7122,-26.6989,0.0001043,O=C(O)c1ccccc1S(=O)(=O)N1CCC(C(=O)NC2CCCCCCC2)CC1,1,O=C(NC1CCCCCCC1)C1CCN(S(=O)(=O)c2ccccc2)CC1,0.0000000,0.0000,0.3062253,0.3062,0.9880313,2.1249,21
22.8083,24.1936,-24.1789,0.0001151,C=C(C(=O)N1CCCCC1)c1cc(OC)c(OC)c(OC)c1,1,C=C(C(=O)N1CCCCC1)c1ccccc1,0.0000000,0.0000,0.4117751,0.4118,0.9868879,2.1851,21
29.2552,32.6997,-32.6836,0.0001252,CN(C)C(=O)C12CC(NC1=O)C(O)C(O)C2O,1,O=C1NC2CCCC1C2,0.0000000,0.0000,0.9203340,0.9203,0.3768610,5.3276,21
39.9500,39.0791,-39.0666,0.0000971,CCCNCC(O)COc1ccc2c(c1)C(O)(C(F)(F)F)c1cc(-c3cc[nH]c(=N)n3)ccc1-2,1,N=c1nc(-c2ccc3c(c2)Cc2ccccc2-3)cc[nH]1,0.0000000,0.0000,0.2689456,0.2689,0.8521579,3.8589,21
26.5548,26.6573,-26.6407,0.0001295,CC(C)C(N)CNC(=O)c1c[nH]c(=O)c(Cc2ccc(F)cc2)n1,1,O=c1[nH]ccnc1Cc1ccccc1,0.0000000,0.0000,0.5973907,0.5974,0.9555634,3.0012,21
24.4518,28.8153,-28.7968,0.0001443,CC(=O)NC(Cc1ccccc1)C(=O)NC(C=O)C(O)NC(CCCN=C(N)N)C(N)=O,1,c1ccccc1,0.0000000,0.0000,0.8830427,0.8830,0.8532947,3.8530,21
28.2249,30.3219,-30.3100,0.0000932,CCC1(O)C(=O)OCc2c1cc1n(c2=O)Cc2c-1nc1ccccc1c2CNC(=O)c1cccc(F)c1,1,O=C1Cc2cc3n(c(=O)c2CO1)Cc1c-3nc2ccccc2c1CNC(=O)c1ccccc1,0.0000000,0.0000,0.2260222,0.2260,0.9301848,3.3131,21
22.6724,22.0621,-22.0441,0.0001406,N#Cn1cnc([N+](=O)[O-])c1,1,c1c[nH]cn1,0.0000000,0.0000,0.7949989,0.7950,0.8933277,3.6156,21
19.4145,23.2543,-23.2386,0.0001223,CC1CCC(C(C)C)C(OC(=O)N2CCN(CCO)CC2)C1,1,O=C(OC1CCCCC1)N1CCNCC1,0.0000000,0.0000,0.5100246,0.5100,0.9348145,3.2651,21
19.9390,24.0054,-23.9935,0.0000929,O=C1COc2ccccc2N1CC(O)Cn1c2ccccc2c2ccccc21,1,O=C1COc2ccccc2N1CCCn1c2ccccc2c2ccccc21,0.0000000,0.0000,0.2185617,0.2186,0.9733872,2.6552,21
8.0607,43.6344,68.9417,0.8795012,CN1C(=O)NC(=O)C(=C(O)C=CC=CN2CCCC2)C1=O,1,O=C1NC(=O)C(=CC=CC=CN2CCCC2)C(=O)N1,1.0000000,1.0000,0.7031503,0.7032,0.9438587,3.1616,21
16.1156,20.3913,-20.3760,0.0001195,C=CC(O)(C=C)CCC=C(C)C,1,,0.0000000,0.0000,0.4955736,0.4956,0.8708538,3.7567,21
33.6828,31.7718,-31.7648,0.0000547,COc1ccc2cc(CN3CCC(n4ncc5cc(Cl)ccc54)CC3)ccc2c1,1,c1ccc2cc(CN3CCC(n4ncc5ccccc54)CC3)ccc2c1,0.0000000,0.0000,0.0443859,0.0444,0.9851612,2.2668,21
34.8596,34.4849,-34.4714,0.0001058,Cn1c(=Nc2ccccc2)[nH]c2cc(Oc3ccnc4[nH]c(=N)[nH]c34)ccc2c1=O,1,N=c1[nH]c2nccc(Oc3ccc4c(=O)[nH]c(=Nc5ccccc5)[nH]c4c3)c2[nH]1,0.0000000,0.0000,0.3290987,0.3291,0.9382672,3.2273,21
15.8902,42.6235,68.4905,0.8680780,O=C1NC(=O)C(=C(O)C=CC=CN2CCOCC2)C(=O)S1,1,O=C1NC(=O)C(=CC=CC=CN2CCOCC2)C(=O)S1,1.0000000,1.0000,0.6861846,0.6862,0.9197327,3.4113,21
27.0483,28.1239,-28.1059,0.0001404,NC1C(OC2OC(CO)C(O)C(O)C2OCCc2ccccc2)OC(CO)C(O)C1O,1,c1ccc(CCOC2CCCOC2OC2CCCCO2)cc1,0.0000000,0.0000,0.8748323,0.8748,0.7514887,4.2791,21
22.2312,24.6012,-24.5878,0.0001049,CCCCCN1CCN(CCCn2c(=O)sc3ccccc32)CC1,1,O=c1sc2ccccc2n1CCCN1CCNCC1,0.0000000,0.0000,0.3116139,0.3116,0.9880579,2.1234,21
30.1889,25.9683,-25.9599,0.0000660,Fc1ccc(-c2csc(=NN=C3CCc4ccc(Br)cc43)[nH]2)cc1,1,c1ccc(-c2csc(=NN=C3CCc4ccccc43)[nH]2)cc1,0.0000000,0.0000,0.0790319,0.0790,0.9548119,3.0127,21
26.3621,40.0756,-40.0648,0.0000845,O=C(C=CC=CN1CCOCC1)C1C(c2ccccc2)OC1c1ccccc1,1,O=C(C=CC=CN1CCOCC1)C1C(c2ccccc2)OC1c1ccccc1,0.0000000,0.0000,0.1721088,0.1721,0.8999195,3.5692,21
33.8667,33.7030,-33.6852,0.0001387,Cc1nn(CN)c(=O)c2ccc(O)cc12,1,O=c1[nH]ncc2ccccc12,0.0000000,0.0000,0.7237276,0.7237,0.9803951,2.4514,21
29.0674,29.2059,-29.1915,0.0001125,O=Cc1c(C2=c3cc(Br)ccc3=NC2=O)c(O)c2ccccc2c1O,1,O=C1N=c2ccccc2=C1c1ccc2ccccc2c1,0.0000000,0.0000,0.3900211,0.3900,0.9641558,2.8554,21
23.9833,25.7188,-25.7034,0.0001200,COc1ccccc1C1(NC(C)=O)CCN(C(=O)C(C)C)CC1,1,c1ccc(C2CCNCC2)cc1,0.0000000,0.0000,0.4678387,0.4678,0.9827273,2.3674,21
24.4496,28.7612,-28.7428,0.0001436,CC(C)CCN1C(=O)C=CC(=NN=C(N)N)C1=O,1,N=C1C=CC(=O)NC1=O,0.0000000,0.0000,0.8185107,0.8185,0.9475537,3.1147,21
32.8550,32.6857,-32.6707,0.0001172,COc1ccc(C2=NCCNC(=NC(C)=O)C2C)cc1Cl,1,N=C1CC(c2ccccc2)=NCCN1,0.0000000,0.0000,0.4561781,0.4562,0.9087484,3.5027,21
19.4431,20.6580,-20.6428,0.0001190,COc1cc(C(=O)c2ccc(O)c(O)c2)cc(OC)c1OC,1,O=C(c1ccccc1)c1ccccc1,0.0000000,0.0000,0.4540862,0.4541,0.9905475,1.9695,21
21.8795,25.3108,-25.3050,0.0000452,CC1(C(=O)O)CCC2(C)CCC3(C)C(=C2C1)CC(=O)C1C2(C)CC(=O)C(O)C(C)(C)C2CCC13C,1,O=C1CCC2CCC3C4CCC5CCCCC5=C4CC(=O)C3C2C1,0.0000000,0.0000,0.0401101,0.0401,0.4327167,5.1764,21
21.3457,50.7412,42.1069,0.7253761,COCCNC=CC=CC(O)=C1C(=O)OC(C)(CCC=C(C)C)C1=O,1,C=C1C(=O)COC1=O,1.0000000,1.0000,0.4310357,0.4310,0.8082743,4.0627,21
42.7775,47.0622,-47.0485,0.0001068,O=CC1=CC2C(O)OC(=O)C23C(=O)OC2C=CC(=O)C=C2C3C1,1,O=C1C=CC2OC(=O)C34C(=O)OCC3C=CCC4C2=C1,0.0000000,0.0000,0.7596748,0.7597,0.2281937,5.7938,21
9.0083,31.9812,77.3520,0.8541653,CN(C=CC=CC(O)=C1CCCC1=O)CCO,1,C=C1CCCC1=O,1.0000000,1.0000,0.6607830,0.6608,0.9025933,3.5496,21
22.7717,26.7384,-26.7208,0.0001374,C=C(C)C=CC1=CC(=O)OC1=O,1,O=C1C=CC(=O)O1,0.0000000,0.0000,0.7353050,0.7353,0.9081633,3.5073,21
32.6506,31.3415,-31.3283,0.0001030,Cc1cccc(-n2ncc(C(=O)Nc3ccc(F)nc3)c2C2CCNC2)c1,1,O=C(Nc1cccnc1)c1cnn(-c2ccccc2)c1C1CCNC1,0.0000000,0.0000,0.2998476,0.2998,0.9590784,2.9451,21
21.2145,22.5629,-22.5524,0.0000825,CN=c1[nH]c(=NCc2ccc(-c3ccccc3)cc2)c2cc(C)ccc2[nH]1,1,N=c1[nH]c(=NCc2ccc(-c3ccccc3)cc2)c2ccccc2[nH]1,0.0000000,0.0000,0.1536431,0.1536,0.9661732,2.8163,21
21.8214,26.5971,-26.5809,0.0001271,CN1CC(C=CC(=O)O)C2CCCN3CCCC1C23,1,C1CC2CCNC3CCCN(C1)C23,0.0000000,0.0000,0.6340098,0.6340,0.7830417,4.1639,21
22.6764,22.4851,-22.4800,0.0000397,CC(C)CCCC(C)C1CCC2C3CCC4N(C)C(=O)CCC4(C)C3CCC12C,1,O=C1CCC2C(CCC3C4CCCC4CCC23)N1,0.0000000,0.0000,0.0194378,0.0194,0.7750866,4.1940,21
19.1272,19.0286,-19.0145,0.0001104,CC(=O)N=c1cc(-c2ccc(C)cc2)[nH]c(-n2nc(C)cc2C)n1,1,N=c1cc(-c2ccccc2)[nH]c(-n2cccn2)n1,0.0000000,0.0000,0.3682998,0.3683,0.9645607,2.8477,21
7.4165,44.1307,-44.1307,0.0000000,CN(C=CC=CC(O)=C1C(=O)NC(=O)N(C)C1=O)CCO,1,C=C1C(=O)NC(=O)NC1=O,1.0000000,1.0000,0.8053864,0.8054,0.9273860,3.3406,21
9.9686,38.4388,-38.4388,0.0000000,CN(C)C=CC=CC(O)=C1C(=O)NC(=O)N(C)C1=O,1,C=C1C(=O)NC(=O)NC1=O,1.0000000,1.0000,0.7658286,0.7658,0.9445162,3.1534,21
21.9195,28.6776,-28.6741,0.0000280,CC(C=CC=C(C)C=CC1=C(C)CC(=O)CC1(C)C)=CC=CC(C)=CCOc1ccccc1,1,O=C1CC=C(C=CC=CC=CC=CC=CC=CCOc2ccccc2)CC1,0.0000000,0.0000,0.0061341,0.0061,0.9229311,3.3826,21
29.0484,30.4570,-30.4395,0.0001369,O=C1NOC2N1CC1CCCCN12,1,O=C1NOC2N1CC1CCCCN12,0.0000000,0.0000,0.7990587,0.7991,0.7699808,4.2129,21
23.2907,33.3372,-33.3276,0.0000754,CC(C)=CCCC(C)=CC=C1C(=O)OC(C)(C)N(C(=O)OC(C)(C)C)C1=O,1,C=C1C(=O)NCOC1=O,0.0000000,0.0000,0.1202100,0.1202,0.9235335,3.3770,21
17.2474,18.3664,-18.3491,0.0001346,CC1(C)N=C(N)N=C(N)N1c1ccccc1F,1,C1=NC=NCN1c1ccccc1,0.0000000,0.0000,0.6644191,0.6644,0.9732552,2.6585,21
23.8134,23.8634,-23.8512,0.0000951,CCN(CC)c1cc2c(c3nsnc13)C(=O)CC(C)(C)C2,1,O=C1CCCc2ccc3nsnc3c21,0.0000000,0.0000,0.2377351,0.2377,0.9475715,3.1144,21
25.4824,35.7480,-35.7314,0.0001303,COC(=O)C1(O)C(=O)C(Cl)=C(n2cc(-c3ccc(F)cc3)nn2)C1=O,1,O=C1C=C(n2cc(-c3ccccc3)nn2)C(=O)C1,0.0000000,0.0000,0.6217045,0.6217,0.9202041,3.4071,21
23.6142,24.0005,-23.9860,0.0001128,O=C1C=CC(n2cccc2)c2ccccc21,1,O=C1C=CC(n2cccc2)c2ccccc21,0.0000000,0.0000,0.3985493,0.3985,0.9392959,3.2156,21
21.5993,22.9655,-22.9474,0.0001414,CNC(=O)CC(=O)N=c1[nH]nc2n1CCS2,1,N=c1[nH]nc2n1CCS2,0.0000000,0.0000,0.8341854,0.8342,0.8453071,3.8937,21
25.4454,31.6189,-31.6038,0.0001182,CCOC(=O)C=CC=CC(=O)C(C)C1C(=O)C(C)(C)C(=O)C(C)(C)C1=O,1,O=C1CC(=O)CC(=O)C1,0.0000000,0.0000,0.4809259,0.4809,0.8646783,3.7918,21
18.6632,20.5000,-20.4813,0.0001460,O=C(CN1CCNCC1)N1CCCC1,1,O=C(CN1CCNCC1)N1CCCC1,0.0000000,0.0000,0.8398400,0.8398,0.9906562,1.9619,21
6.7429,31.7431,-31.7431,0.0000000,CN(C=CC=CC(O)=C1C(=O)c2ccccc2C1=O)CCO,1,C=C1C(=O)c2ccccc2C1=O,1.0000000,1.0000,0.5512517,0.5513,0.9548577,3.0120,21
18.5079,20.9821,-20.9704,0.0000910,COc1ccc(C=CC(=O)OCC=Cc2ccccc2)cc1OC,1,O=C(C=Cc1ccccc1)OCC=Cc1ccccc1,0.0000000,0.0000,0.2034567,0.2035,0.9893996,2.0449,21
14.7431,19.8288,-19.8107,0.0001410,CC1(C)CC(=O)NC1=N,1,N=C1CCC(=O)N1,0.0000000,0.0000,0.8004224,0.8004,0.8970761,3.5895,21
9.0381,42.0391,-42.0391,0.0000000,O=C1NC(=O)C(=C(O)C=CC=CN2CCCC2)C(=O)N1,1,O=C1NC(=O)C(=CC=CC=CN2CCCC2)C(=O)N1,1.0000000,1.0000,0.7427731,0.7428,0.9406392,3.2001,21
26.4765,28.4987,-28.4839,0.0001153,O=C1CCN=C(C=Cc2ccc(F)cc2F)C1,1,O=C1CCN=C(C=Cc2ccccc2)C1,0.0000000,0.0000,0.4214483,0.4214,0.9581209,2.9609,21
19.9302,26.6704,-26.6527,0.0001389,N=C(N=NC=C1NCCN1)NCCO,1,C=C1NCCN1,0.0000000,0.0000,0.8733900,0.8734,0.7107175,4.4144,21
25.6345,24.4314,-24.4177,0.0001074,Cc1c(Sc2ccccc2C(F)(F)F)n(OCCO)c(=S)[nH]c1=O,1,O=c1cc(Sc2ccccc2)[nH]c(=S)[nH]1,0.0000000,0.0000,0.3425660,0.3426,0.9472890,3.1181,21
17.6621,18.9586,-18.9406,0.0001404,N=c1ccn(C2OC(CO)CC2O)c(=O)[nH]1,1,N=c1ccn(C2CCCO2)c(=O)[nH]1,0.0000000,0.0000,0.8670351,0.8670,0.7614198,4.2440,21
21.1687,22.6550,-22.6508,0.0000321,CCCCCC=CCC=CCCCCCCCC(=O)Nc1cccc(Cl)c1,1,c1ccccc1,0.0000000,0.0000,0.0089390,0.0089,0.9853262,2.2594,21
24.4530,25.6979,-25.6802,0.0001385,Cc1nc(=O)c2nnn(C3COC(CO)O3)c2[nH]1,1,O=c1nc[nH]c2c1nnn2C1COCO1,0.0000000,0.0000,0.8269866,0.8270,0.7706690,4.2104,21
7.8744,47.1340,-47.1340,0.0000000,CC1(C)OC(=O)C(=C(O)C=CC=CNc2ccccc2)C(=O)O1,1,O=C1OCOC(=O)C1=CC=CC=CNc1ccccc1,1.0000000,1.0000,0.3872023,0.3872,0.9570252,2.9784,21
21.1912,24.8506,-24.8324,0.0001423,O=C1OC(CO)C(COC2OC(CO)C(O)C(O)C2O)C1O,1,O=C1CC(COC2CCCCO2)CO1,0.0000000,0.0000,0.9451798,0.9452,0.7022465,4.4411,21
30.5804,28.3963,-28.3826,0.0001071,CC(=O)c1ccc(N2CCC(NC(=O)NCc3nc4ccccc4[nH]3)C2)cc1,1,O=C(NCc1nc2ccccc2[nH]1)NC1CCN(c2ccccc2)C1,0.0000000,0.0000,0.3349407,0.3349,0.9736760,2.6479,21
22.1850,22.8510,-22.8419,0.0000710,Cc1ccc(C)c(N2CCN(CCCCNC(=O)c3ccc4ccccc4c3)CC2)c1,1,O=C(NCCCCN1CCN(c2ccccc2)CC1)c1ccc2ccccc2c1,0.0000000,0.0000,0.0965761,0.0966,0.9899805,2.0078,21
33.2434,35.9975,-35.9795,0.0001411,CC(=O)C1OC(OCC(=O)CCC2CC2)C(O)C(O)C1O,1,O=C(CCC1CC1)COC1CCCCO1,0.0000000,0.0000,0.8337876,0.8338,0.8372011,3.9332,21
37.0168,36.7302,-36.7227,0.0000586,Cc1n[nH]c(=NC(O)c2cc(=NC(=O)c3ccc(F)c(-c4ccc(F)c(C(F)(F)F)c4F)n3)n(-c3ccccc3)[nH]2)s1,1,O=C(N=c1cc(CN=c2[nH]ncs2)[nH]n1-c1ccccc1)c1cccc(-c2ccccc2)n1,0.0000000,0.0000,0.0648796,0.0649,0.7280475,4.3585,21
19.8070,22.2568,-22.2378,0.0001482,COCCNC(=O)CN1CCS(=O)(=O)CC1,1,O=S1(=O)CCNCC1,0.0000000,0.0000,0.8814660,0.8815,0.9849943,2.2742,21
23.6371,23.7135,-23.7040,0.0000743,O=C(NN=Cc1c2ccccc2cc2ccccc12)c1ccc2c(c1)OCCO2,1,O=C(NN=Cc1c2ccccc2cc2ccccc12)c1ccc2c(c1)OCCO2,0.0000000,0.0000,0.1108565,0.1109,0.9868625,2.1864,21
32.1915,32.7498,-32.7408,0.0000701,Cc1cc2c(-c3ccccc3)c3ccc(N)cc3nc2c(C)c1N,1,c1ccc(-c2c3ccccc3nc3ccccc23)cc1,0.0000000,0.0000,0.0932538,0.0933,0.9840629,2.3141,21
25.5299,26.8355,-26.8232,0.0000963,CC(=O)NCC1CN(c2ccc3c(c2)CCCc2c(-c4cnc(CN5CCOCC5)s4)n[nH]c2-3)C(=O)O1,1,O=C1OCCN1c1ccc2c(c1)CCCc1c(-c3cnc(CN4CCOCC4)s3)n[nH]c1-2,0.0000000,0.0000,0.2539939,0.2540,0.9043300,3.5367,21
10.9516,43.7727,57.3509,0.7900276,CN1C(=O)C(=C(O)C=CC=CNc2ccccc2)C(=O)N(C)C1=O,1,O=C1NC(=O)C(=CC=CC=CNc2ccccc2)C(=O)N1,1.0000000,1.0000,0.5033939,0.5034,0.9644573,2.8497,21
18.6472,21.4459,-21.4306,0.0001200,COc1ccccc1OCC(=O)NN=C1CCCCC1,1,O=C(COc1ccccc1)NN=C1CCCCC1,0.0000000,0.0000,0.4662483,0.4662,0.9895910,2.0329,21
34.4597,33.9081,-33.8962,0.0000924,CC(C)CC(NC(=O)OCc1nccs1)C(=O)NC(CC(=O)O)C(=O)CSCC1CCCCC1,1,O=C(CNC(=O)CNC(=O)OCc1nccs1)CSCC1CCCCC1,0.0000000,0.0000,0.2236317,0.2236,0.9073782,3.5134,21
22.5762,25.5076,-25.4894,0.0001416,O=C(O)C=CC(=O)NNCc1ccccc1O,1,c1ccccc1,0.0000000,0.0000,0.7697614,0.7698,0.9827605,2.3661,21
22.4155,23.7813,-23.7699,0.0000887,Cc1cc(C2CC2)[nH]c(=Nc2cccc3ccccc23)n1,1,c1ccc2c(N=c3nccc(C4CC4)[nH]3)cccc2c1,0.0000000,0.0000,0.1905112,0.1905,0.9692233,2.7527,21
27.5192,27.2268,-27.2193,0.0000586,CCN(CC)C(=O)c1cc(-c2cccc3ccccc23)nc2ccccc12,1,c1ccc2nc(-c3cccc4ccccc34)ccc2c1,0.0000000,0.0000,0.0542502,0.0543,0.9906960,1.9591,21
21.5664,21.5511,-21.5399,0.0000876,COc1ccc(C2C(C(=O)O)C(c3ccc4c(c3)OCO4)CN2CC(=O)NC2CCCCC2)cc1,1,O=C(CN1CC(c2ccc3c(c2)OCO3)CC1c1ccccc1)NC1CCCCC1,0.0000000,0.0000,0.1887964,0.1888,0.9227525,3.3842,21
22.5324,26.5044,-26.4902,0.0001116,C=C1CCC(c2c(OC)cc(C)cc2OC)OC1=O,1,C=C1CCC(c2ccccc2)OC1=O,0.0000000,0.0000,0.3857053,0.3857,0.9441718,3.1577,21
27.9948,29.9053,-29.8885,0.0001309,O=C1NC(=O)C2(CCN(CC3Cc4ccccc4CN3)C2)O1,1,O=C1NC(=O)C2(CCN(CC3Cc4ccccc4CN3)C2)O1,0.0000000,0.0000,0.6892322,0.6892,0.7894313,4.1391,21
17.0504,23.7818,-23.7641,0.0001384,O=C(O)C=CC=CC1CCC(=O)O1,1,O=C1CCCO1,0.0000000,0.0000,0.7542865,0.7543,0.9006249,3.5641,21
52.3751,49.9263,-49.9159,0.0000816,Cc1cnccc1C(O)c1cc2c(cn1)C(C)(C)CN2C(=O)NCc1cc(F)cc(F)c1-n1nccn1,1,O=C(NCc1ccccc1-n1nccn1)N1CCc2cnc(Cc3ccncc3)cc21,0.0000000,0.0000,0.1610579,0.1611,0.8401201,3.9192,21
16.7852,17.8268,-17.8109,0.0001242,Cc1ccc(Cl)cc1O,1,c1ccccc1,0.0000000,0.0000,0.5162290,0.5162,0.9941813,1.6510,21
18.9391,20.0601,-20.0482,0.0000932,O=C(Nc1cccc2ccccc12)NC1CCCC1,1,O=C(Nc1cccc2ccccc12)NC1CCCC1,0.0000000,0.0000,0.2177992,0.2178,0.9940693,1.6635,21
36.5092,36.0469,-36.0383,0.0000671,CC(=O)NC(C)c1ccc(OC2CCN(c3cccc(Oc4ccc5c(c4)CC(N(C)C)C5)n3)C2)cc1,1,c1ccc(OC2CCN(c3cccc(Oc4ccc5c(c4)CCC5)n3)C2)cc1,0.0000000,0.0000,0.0864893,0.0865,0.8933114,3.6157,21
30.0780,28.3157,-28.3023,0.0001045,CCc1cc(COc2ccc(C3(N4CCCN(C(C)=O)CC4)C(=O)NC(=O)NC3=O)cc2)c2ccccc2n1,1,O=C1NC(=O)C(c2ccc(OCc3ccnc4ccccc34)cc2)(N2CCCNCC2)C(=O)N1,0.0000000,0.0000,0.3132313,0.3132,0.9628465,2.8797,21
22.5700,26.4873,-26.4807,0.0000519,C=CCN1CCN(CCCCCCCCC=Cc2c(C)c(O)c3ccccc3c2O)CC1,1,C(=Cc1ccc2ccccc2c1)CCCCCCCCN1CCNCC1,0.0000000,0.0000,0.0381086,0.0381,0.9715273,2.7005,21
18.1627,19.0881,-19.0692,0.0001477,NC(CSCCO)C(=O)O,1,,0.0000000,0.0000,0.8872087,0.8872,0.9569307,2.9799,21
29.0993,35.0764,-35.0599,0.0001288,COCCNC(=O)CN(C(=O)COC(=O)c1ccc2c(c1)C(=O)N(C)C2=O)c1ccccc1,1,O=C(COC(=O)c1ccc2c(c1)C(=O)NC2=O)Nc1ccccc1,0.0000000,0.0000,0.5791824,0.5792,0.9828079,2.3643,21
21.1100,23.3224,-23.3085,0.0001087,CCOC(=O)C1=C(C)N=C(C)C(=N)C1c1cccc([N+](=O)[O-])c1,1,N=C1C=NC=CC1c1ccccc1,0.0000000,0.0000,0.3549142,0.3549,0.9483761,3.1038,21
21.4787,28.3492,-28.3366,0.0000986,CCOc1ccc(Br)cc1C=C1C(=O)CCSC1=O,1,O=C1CCSC(=O)C1=Cc1ccccc1,0.0000000,0.0000,0.2612752,0.2613,0.9738730,2.6429,21
28.7670,30.5746,-30.5575,0.0001336,CC(=O)NCCc1cc2nc3c(c(=O)n(C)c(=O)n3C)n2n(-c2ccccc2)c1=O,1,O=c1[nH]c(=O)c2c(nc3ccc(=O)n(-c4ccccc4)n32)[nH]1,0.0000000,0.0000,0.6536038,0.6536,0.9649277,2.8407,21
34.4441,34.1972,-34.1885,0.0000681,CC(C)(C)c1cc(NC(=O)c2ccc(-c3ccc(C(=N)N)cc3)o2)ccc1C=CC(=O)O,1,O=C(Nc1ccccc1)c1ccc(-c2ccccc2)o1,0.0000000,0.0000,0.0855543,0.0856,0.9793854,2.4848,21
29.2405,31.5029,-31.4870,0.0001244,N=c1[nH]c(C(=NO)C(=O)NC2C(=O)N3C(C(=O)O)C(=CS(=O)(=O)O)CSC23)cs1,1,C=C1CSC2C(NC(=O)C(=N)c3csc(=N)[nH]3)C(=O)N2C1,0.0000000,0.0000,0.7645273,0.7645,0.5030785,4.9920,21
19.2954,23.2644,-23.2467,0.0001389,CC(=O)NC1C(OC(CO)CO)=CC(C(=O)O)CC1N=C(N)N,1,C1=CCCCC1,0.0000000,0.0000,0.8983582,0.8984,0.6774656,4.5165,21
24.5385,24.6883,-24.6722,0.0001251,O=C(O)c1csc(-c2ccccc2-c2nn[nH]n2)n1,1,c1ccc(-c2nccs2)c(-c2nn[nH]n2)c1,0.0000000,0.0000,0.5302954,0.5303,0.9832504,2.3470,21
23.1344,32.5045,-32.4865,0.0001411,C=c1ccc(=C2C(=O)C=C(N3CCOCC3)C(=O)C2=O)cc1,1,C=c1ccc(=C2C(=O)C=C(N3CCOCC3)C(=O)C2=O)cc1,0.0000000,0.0000,0.7801094,0.7801,0.9409846,3.1961,21
22.1356,22.7786,-22.7696,0.0000701,CCCc1cc(OC)ccc1OCCCOc1ccc2c(c1)CCC2CC(=O)O,1,c1ccc(OCCCOc2ccc3c(c2)CCC3)cc1,0.0000000,0.0000,0.0939481,0.0939,0.9705936,2.7221,21
10.4428,25.0715,-25.0529,0.0001455,CN1C(=O)C(=C2C(=O)N(C)C(=O)N(C)C2=O)C(=O)N(C)C1=O,1,O=C1NC(=O)C(=C2C(=O)NC(=O)NC2=O)C(=O)N1,0.0000000,0.0000,0.8350331,0.8350,0.9813747,2.4174,21
23.4499,23.6216,-23.6085,0.0001026,CCNC(=O)Nc1ccc(-c2nc(N3CCOCC3C)nc3c2C(=O)N(C)CC(CC)O3)cc1,1,O=C1NCCOc2nc(N3CCOCC3)nc(-c3ccccc3)c21,0.0000000,0.0000,0.3102851,0.3103,0.8865873,3.6604,21
19.5674,18.9459,-18.9341,0.0000919,O=C(NCc1ccco1)c1ccc(-c2ccccc2)cc1,1,O=C(NCc1ccco1)c1ccc(-c2ccccc2)cc1,0.0000000,0.0000,0.2087675,0.2088,0.9948540,1.5706,21
15.6882,42.6552,44.9959,0.6847739,CN(C)C=CC=CC(O)=C1C(=O)c2ccc(Cl)cc2C1=O,1,C=C1C(=O)c2ccccc2C1=O,1.0000000,1.0000,0.3283949,0.3284,0.9614550,2.9046,21
27.4744,26.8525,-26.8406,0.0000929,Oc1cccc(C2(O)CCN(Cc3cccc(Br)c3)CC2)c1,1,c1ccc(CN2CCC(c3ccccc3)CC2)cc1,0.0000000,0.0000,0.2169129,0.2169,0.9872059,2.1689,21
40.8846,39.5142,-39.5012,0.0001008,CCc1csc(CCN2CCc3cn(-c4cccc(C)n4)c(=O)cc3C2)n1,1,O=c1cc2c(cn1-c1ccccn1)CCN(CCc1nccs1)C2,0.0000000,0.0000,0.2805834,0.2806,0.9656252,2.8271,21
29.4616,28.7206,-28.7086,0.0000932,CCOc1ccc(C(=O)N2CCN(c3scnc3-c3ccccc3)CC2)cn1,1,O=C(c1cccnc1)N1CCN(c2scnc2-c2ccccc2)CC1,0.0000000,0.0000,0.2193812,0.2194,0.9810057,2.4304,21
16.8794,18.4639,-18.4455,0.0001439,O=C1CCC(O)CC1,1,O=C1CCCCC1,0.0000000,0.0000,0.8083750,0.8084,0.9816444,2.4077,21
27.6694,29.6548,-29.6402,0.0001135,Nc1cccc2c1C(=O)c1nc3c(n1-2)C(=O)Cc1ccccc1-3,1,O=C1c2ccccc2-n2c1nc1c2C(=O)Cc2ccccc2-1,0.0000000,0.0000,0.3991748,0.3992,0.9690244,2.7570,21
29.3231,36.9430,-36.9269,0.0001258,CON=C(C(=O)N=C1C(=O)N2C1SCC(=COC(N)=O)C2C(=O)O)c1n[nH]c(=O)o1,1,C=C1CSC2C(=NC(=O)C(=N)c3n[nH]c(=O)o3)C(=O)N2C1,0.0000000,0.0000,0.8006836,0.8007,0.4923590,5.0199,21
26.8075,32.2563,-32.2400,0.0001270,CCSC1=NC(=O)CCC1C=C1C(=O)NC(=S)N(CC)C1=O,1,O=C1CCC(C=C2C(=O)NC(=S)NC2=O)C=N1,0.0000000,0.0000,0.6069627,0.6070,0.8413527,3.9132,21
34.5251,34.3587,-34.3488,0.0000772,NCc1ccc(-c2cccc(NS(=O)(=O)c3cccc4ccccc34)c2)cc1N,1,O=S(=O)(Nc1cccc(-c2ccccc2)c1)c1cccc2ccccc12,0.0000000,0.0000,0.1244103,0.1244,0.9871998,2.1692,21
14.6205,39.1282,-39.1110,0.0001343,COCOC(C=CC=CN(C)CCO)=C1C(=O)OC(C)(C)OC1=O,1,C=C1C(=O)OCOC1=O,0.0000000,0.0000,0.7036049,0.7036,0.8699856,3.7617,21
24.4906,25.5604,-25.5459,0.0001139,Cc1c(OCCn2cccc2)ccc2c1NC(=O)CC2,1,O=C1CCc2ccc(OCCn3cccc3)cc2N1,0.0000000,0.0000,0.4028303,0.4028,0.9737659,2.6456,21
22.1408,23.3902,-23.3765,0.0001065,COC(=O)c1ccc(C=Nc2ccc(N3CCOCC3)cc2)cc1,1,C(=Nc1ccc(N2CCOCC2)cc1)c1ccccc1,0.0000000,0.0000,0.3264703,0.3265,0.9891067,2.0629,21
22.4297,24.3550,-24.3417,0.0001040,Cc1cccc(C)c1NC(=O)C1CCCN1C(=O)C(C)(C)C,1,O=C(Nc1ccccc1)C1CCCN1,0.0000000,0.0000,0.3054423,0.3054,0.9797112,2.4742,21
18.8596,52.8369,3.4331,0.4396094,CCC1(CC)C(=O)C(=C(O)C=CC=CNc2ccccc2)C(=O)N(c2ccccc2)C1=O,1,O=C1CC(=O)N(c2ccccc2)C(=O)C1=CC=CC=CNc1ccccc1,1.0000000,1.0000,0.0871113,0.0871,0.9571307,2.9768,21
33.5706,32.9943,-32.9821,0.0000948,CCc1cc(C(=O)O)c2ccc(CCl)cc2c1,1,c1ccc2ccccc2c1,0.0000000,0.0000,0.2303043,0.2303,0.9889877,2.0700,21
23.0947,25.3591,-25.3424,0.0001304,N=c1ssc(C=O)c1O,1,N=c1ccss1,0.0000000,0.0000,0.7194334,0.7194,0.7176136,4.3924,21
24.3629,23.6905,-23.6766,0.0001080,Cc1ccc(CC(=O)NNc2cc(O)n(-c3ccccc3)c2O)cc1,1,O=C(Cc1ccccc1)NNc1ccn(-c2ccccc2)c1,0.0000000,0.0000,0.3415689,0.3416,0.9827989,2.3646,21
27.1179,38.6205,-38.6067,0.0001077,CCN1CC=CC(=CC(O)=Cc2ccc3ccccc3[n+]2C)C1=O,1,O=C1NCC=CC1=CC=Cc1ccc2ccccc2[nH+]1,0.0000000,0.0000,0.3520905,0.3521,0.9180562,3.4260,21
29.8699,30.6307,-30.6229,0.0000605,CC(C)CC(NC(=O)OC(C)(C)C)C(=O)N(CCC1CCCC1)Cc1ccccc1,1,c1ccc(CNCCC2CCCC2)cc1,0.0000000,0.0000,0.0603912,0.0604,0.9709969,2.7128,21
19.4387,24.8540,-24.8365,0.0001370,CN1C(=O)C(C)(C2C=CCC2)N=C1N,1,O=C1NC=NC1C1C=CCC1,0.0000000,0.0000,0.7687144,0.7687,0.8266054,3.9826,21
21.7974,22.6200,-22.6028,0.0001343,NNC(=O)c1ccccc1N1CCCCC1,1,c1ccc(N2CCCCC2)cc1,0.0000000,0.0000,0.6520586,0.6521,0.9927546,1.7948,21
31.6588,29.7551,-29.7385,0.0001294,COCC(NC(=O)c1ccc(NCc2ccc3[nH]c(=N)[nH]c(=O)c3c2)cc1)C(=O)O,1,N=c1[nH]c(=O)c2cc(CNc3ccccc3)ccc2[nH]1,0.0000000,0.0000,0.5965634,0.5966,0.9545237,3.0170,21
15.3099,17.7769,-17.7620,0.0001171,CC1(C)OC(=O)C(=Cc2ccc(Cl)cc2)C(=O)O1,1,O=C1OCOC(=O)C1=Cc1ccccc1,0.0000000,0.0000,0.4346262,0.4346,0.9835081,2.3367,21
23.6824,24.8083,-24.7911,0.0001344,COCCNC(=O)C[S+]([O-])CC(=O)Nc1ccc(Cl)cc1,1,c1ccccc1,0.0000000,0.0000,0.6760797,0.6761,0.9376118,3.2346,21
22.0353,26.2044,-26.1853,0.0001494,O=C(CNC1CC1)N(CCO)CCO,1,C1CC1,0.0000000,0.0000,0.9041265,0.9041,0.9829252,2.3598,21
22.5007,23.9477,-23.9306,0.0001333,CC(=O)N1CCC(c2nnc3ccccn23)C1,1,c1ccn2c(C3CCNC3)nnc2c1,0.0000000,0.0000,0.6471092,0.6471,0.9700570,2.7342,21
21.8320,23.8121,-23.7948,0.0001352,NCCC(=O)N1CCCN(Cc2ccccc2)CC1,1,c1ccc(CN2CCCNCC2)cc1,0.0000000,0.0000,0.6655727,0.6656,0.9932573,1.7477,21
22.2130,23.6645,-23.6471,0.0001364,CN1CCN(CC(=O)C2COc3ccccc3O2)CC1,1,O=C(CN1CCNCC1)C1COc2ccccc2O1,0.0000000,0.0000,0.6912648,0.6913,0.9718049,2.6939,22
31.5103,30.7184,-30.7091,0.0000727,C=CCCCCCCC1Cc2c[nH]c3cccc(c23)N1,1,c1cc2c3c(c[nH]c3c1)CCN2,0.0000000,0.0000,0.1064763,0.1065,0.9443393,3.1556,22
7.3154,43.3536,64.0702,0.8392483,CN(C)C=CC=CC(O)=C1C(=O)NC(=O)N(C2CCCC2)C1=O,1,C=C1C(=O)NC(=O)N(C2CCCC2)C1=O,1.0000000,1.0000,0.6074882,0.6075,0.9533089,3.0350,22
13.6634,45.2935,-45.2935,0.0000000,CN(C=CC=CC(O)=C1C(=O)N(C)C(=O)N(C)C1=O)CCO,1,C=C1C(=O)NC(=O)NC1=O,1.0000000,1.0000,0.7736070,0.7736,0.9253395,3.3602,22
33.4033,33.5547,-33.5443,0.0000813,CCOc1cccc(NC(=S)NC2COC(C)(C)Oc3ccccc32)c1,1,S=C(Nc1ccccc1)NC1COCOc2ccccc21,0.0000000,0.0000,0.1469590,0.1470,0.9646713,2.8456,22
27.5658,28.3687,-28.3579,0.0000846,Cc1c(C(=O)NCC2CCCO2)c2ccccc2c(=O)n1CCC1=CCCCC1,1,O=C(NCC1CCCO1)c1cn(CCC2=CCCCC2)c(=O)c2ccccc12,0.0000000,0.0000,0.1667877,0.1668,0.9575500,2.9701,22
28.4554,31.8288,-31.8202,0.0000672,C=CCOc1c(Br)cc(C=CC(=O)OCC(=O)N=c2[nH]cc(C(F)(F)F)cc2Cl)cc1OC,1,O=C(COC(=O)C=Cc1ccccc1)N=c1cccc[nH]1,0.0000000,0.0000,0.0841256,0.0841,0.9406313,3.2002,22
20.3545,20.3157,-20.2968,0.0001481,N=C(N)NCCCCC(N)C(=O)O,1,,0.0000000,0.0000,0.8855821,0.8856,0.9711061,2.7103,22
24.4108,24.1641,-24.1512,0.0001004,Cc1c(O)c(C)c2c(c1O)C(=O)CC(c1ccc(O)cc1)C2,1,O=C1CC(c2ccccc2)Cc2ccccc21,0.0000000,0.0000,0.2783631,0.2784,0.9596214,2.9361,22
21.2265,21.6990,-21.6822,0.0001308,CCNC(=O)N1CCN(Cc2cccs2)CC1,1,c1csc(CN2CCNCC2)c1,0.0000000,0.0000,0.6040608,0.6041,0.9903257,1.9848,22
34.5706,37.6022,-37.6022,0.0000000,N1(C)CCC(Cn2c(C)nc3c2=NC(=O)CC(c2cc(OC)c(OC)cc2)C=N3)C1,0,,0.0000000,0.0000,0.0000000,0.0000,0.0000000,0.0000,22
9.0566,47.7012,-47.7012,0.0000000,CN(C=CC=CC(O)=C1C(=O)C(=O)N(C)C1=O)CCO,1,C=C1C(=O)NC(=O)C1=O,1.0000000,1.0000,0.8224476,0.8224,0.9170057,3.4350,22
23.6190,25.3321,-25.3187,0.0001048,O=C(CNc1cccc2ccccc12)NN=C1CCCC1,1,O=C(CNc1cccc2ccccc12)NN=C1CCCC1,0.0000000,0.0000,0.3112094,0.3112,0.9877219,2.1417,22
8.8426,39.0188,66.6868,0.8258254,CN(C)C=CC=CC(O)=C1C(=O)C(=O)N(c2ccccc2)C1=O,1,C=C1C(=O)C(=O)N(c2ccccc2)C1=O,1.0000000,1.0000,0.5749097,0.5749,0.9646367,2.8463,22
33.1764,36.7907,-36.7739,0.0001307,COC1=CC2=C(C(=O)C1=O)C(=CC=NO)C(C)O2,1,C=C1COC2=C1C(=O)C(=O)C=C2,0.0000000,0.0000,0.7194999,0.7195,0.7246395,4.3697,22
24.8538,23.3014,-23.2855,0.0001240,NC(=O)NN=Cc1ccc(OCC(=O)c2cccs2)cc1,1,O=C(COc1ccccc1)c1cccs1,0.0000000,0.0000,0.5149182,0.5149,0.9875277,2.1521,22
30.0181,29.0524,-29.0446,0.0000616,CC12CSC=C1CCC1C2CCC2(C)C1CCC21CCC(=O)O1,1,O=C1CCC2(CCC3C4CCC5=CSCC5C4CCC32)O1,0.0000000,0.0000,0.0983740,0.0984,0.4545668,5.1187,22
15.1335,47.5793,58.9616,0.8323506,CCC1=C(C)C(=C(O)C=CC=CN(C)CCO)C(=O)C1=O,1,C=C1C=CC(=O)C1=O,1.0000000,1.0000,0.6147580,0.6148,0.8940785,3.6104,22
20.8054,26.5157,-26.4973,0.0001443,CC(C)c1nc(N)c(=O)n(CC(=O)O)n1,1,O=c1cncn[nH]1,0.0000000,0.0000,0.8177803,0.8178,0.9740748,2.6377,22
8.9182,42.1837,75.7572,0.9214132,O=C1NC(=O)C(=C(O)C=CC=CN2CCNCC2)C(=O)N1,1,O=C1NC(=O)C(=CC=CC=CN2CCNCC2)C(=O)N1,1.0000000,1.0000,0.8175526,0.8176,0.9257278,3.3565,22
23.7930,23.0128,-22.9997,0.0001023,CC(C)(C)c1ccc(C(=O)Nc2cc(C(=O)O)ccn2)cc1,1,O=C(Nc1ccccn1)c1ccccc1,0.0000000,0.0000,0.2888315,0.2888,0.9919354,1.8651,22
37.4038,39.5006,-39.4914,0.0000718,O=C(O)CCCC=CCC1C(=O)CC2OCC(CCCCCCCCCC3(C(=O)O)CO3)C21,1,O=C1CC2OCC(CCCCCCCCCC3CO3)C2C1,0.0000000,0.0000,0.1213686,0.1214,0.7046772,4.4335,22
23.3535,26.2254,-26.2081,0.0001355,CCCCN(C)CCNC(O)=c1c(C(O)O)c2oc1=CC2,1,C=c1cc2oc1=CC2,0.0000000,0.0000,0.8039509,0.8040,0.7207214,4.3824,22
24.6731,24.2269,-24.2094,0.0001364,COC1(CNC(=O)NC2CC2)CCSC1,1,O=C(NCC1CCSC1)NC1CC1,0.0000000,0.0000,0.7228181,0.7228,0.9004034,3.5657,22
8.0219,37.4877,-37.4877,0.0000000,CN(C=CC=CC(O)=C1C(=O)c2ccccc2C1=O)CCO,1,C=C1C(=O)c2ccccc2C1=O,1.0000000,1.0000,0.5512517,0.5513,0.9548577,3.0120,22
35.3891,34.3710,-34.3648,0.0000488,Cc1oc(-c2ccccc2)nc1Cn1cc2c3c(cccc31)CN(C(=O)NC1CCCCC1)C2,1,O=C(NC1CCCCC1)N1Cc2cccc3c2c(cn3Cc2coc(-c3ccccc3)n2)C1,0.0000000,0.0000,0.0315982,0.0316,0.9730986,2.6624,22
20.2140,21.6072,-21.5911,0.0001257,CC(=O)CCn1sc2ccccc2c1=O,1,O=c1[nH]sc2ccccc12,0.0000000,0.0000,0.5391097,0.5391,0.9795696,2.4789,22
22.4857,46.1697,-16.9558,0.2282338,CCCCCCN(C)C=CC=CC(O)=C1C(=O)CC2C1(C)CCC1C(=C(C)C)C(=O)CCC12C,1,C=C1C(=O)CCC2C1CCC1C(=C)C(=O)CC12,1.0000000,1.0000,0.0158990,0.0159,0.6013076,4.7323,22
23.5761,24.3555,-24.3395,0.0001256,COc1ccc2[nH]c(=O)cc(Cn3ccnc3)c2c1,1,O=c1cc(Cn2ccnc2)c2ccccc2[nH]1,0.0000000,0.0000,0.5357345,0.5357,0.9853987,2.2562,22
25.0706,24.8607,-24.8515,0.0000714,CCn1cc(-c2ccccc2)c2nc3ccccc3cc21,1,c1ccc(-c2c[nH]c3cc4ccccc4nc23)cc1,0.0000000,0.0000,0.0980029,0.0980,0.9902348,1.9909,22
22.6883,24.3907,-24.3718,0.0001478,Cn1c(=O)c2c(ncn2CC(=O)NCC(=O)O)n(C)c1=O,1,O=c1[nH]c(=O)c2[nH]cnc2[nH]1,0.0000000,0.0000,0.8738418,0.8738,0.9833832,2.3417,22
17.3324,44.4830,56.4657,0.7886614,CN(C)C=CC=CC(O)=C1C(=O)SC2C(NC(=O)C(O)c3ccccc3)C(=O)N2C1C(=O)O,1,C=C1CN2C(=O)C(NC(=O)Cc3ccccc3)C2SC1=O,1.0000000,1.0000,0.5956112,0.5956,0.7120175,4.4103,22
52.3630,54.5891,-54.5739,0.0001185,CC(C)=c1ccn(C(=O)C(=O)N=C2C(C)(C)N(O)C2(C)C)c1=CCl,1,C=c1ccn(C(=O)C(=O)N=C2CNC2)c1=C,0.0000000,0.0000,0.5249338,0.5249,0.7540346,4.2702,22
39.8384,49.3954,-49.3841,0.0000884,CC1OC(C)(C)OC1(C)C1CCC2(C)C(=O)OC(OC(=O)C(O)C=CC=CC=CC(=O)O)CC12,1,O=C1OCCC2C1CCC2C1COCO1,0.0000000,0.0000,0.3210066,0.3210,0.3833587,5.3096,22
25.7396,24.5922,-24.5799,0.0000961,Cc1cc(C)n(C(C)C(=O)Nc2ccc(C)c(Cl)c2)n1,1,O=C(Cn1cccn1)Nc1ccccc1,0.0000000,0.0000,0.2411241,0.2411,0.9806844,2.4416,22
23.0520,22.7797,-22.7660,0.0001073,COc1cc(C=Nn2sc3ccccc3c2=O)cc(OC)c1,1,O=c1c2ccccc2sn1N=Cc1ccccc1,0.0000000,0.0000,0.3357607,0.3358,0.9767848,2.5640,22
17.6699,19.4307,-19.4159,0.0001159,Cc1ccc(N=Cc2c(O)[nH]c(=O)n(-c3ccccc3)c2=O)cc1,1,O=c1[nH]cc(C=Nc2ccccc2)c(=O)n1-c1ccccc1,0.0000000,0.0000,0.4224422,0.4224,0.9794066,2.4841,22
19.5223,19.5266,-19.5098,0.0001310,Cc1ccc(-c2nnc(SCC(N)=O)n2C)cc1,1,c1ccc(-c2nnc[nH]2)cc1,0.0000000,0.0000,0.6058347,0.6058,0.9908826,1.9458,22
31.4375,30.9189,-30.9083,0.0000827,Cc1ccc(OCCCC(=O)NN=Cc2cccs2)c(Cl)c1C,1,O=C(CCCOc1ccccc1)NN=Cc1cccs1,0.0000000,0.0000,0.1534413,0.1534,0.9828719,2.3618,22
30.3450,50.7112,52.1401,0.8035255,CN(C=CC=CC(O)=C1C(=O)C(=O)C(C#N)=C1c1cccc(O)c1)CCO,1,C=C1C(=O)C(=O)C=C1c1ccccc1,1.0000000,1.0000,0.5474277,0.5474,0.9102830,3.4905,22
35.2282,35.7431,-35.7248,0.0001425,CCS(=O)(=O)N(CC(=O)C1(COC)CC1)S(C)(=O)=O,1,C1CC1,0.0000000,0.0000,0.8072797,0.8073,0.9326626,3.2878,22
10.1638,44.3159,-44.3159,0.0000000,CN1CCN(C=CC=CC(O)=C2C(=O)N(C)C(=O)N(C)C2=O)CC1,1,O=C1NC(=O)C(=CC=CC=CN2CCNCC2)C(=O)N1,1.0000000,1.0000,0.7176911,0.7177,0.9420753,3.1832,22
16.7254,51.0302,41.4513,0.7225115,Cc1c(O)ccc2c1C(=O)C(=O)C(=C(O)C=CC=CN1CCCC1)C2=O,1,O=C1C(=O)c2ccccc2C(=O)C1=CC=CC=CN1CCCC1,1.0000000,1.0000,0.3909679,0.3910,0.9390483,3.2184,22
19.4253,19.9539,-19.9420,0.0000929,COc1ccccc1NC(O)c1cc(O)n(C2CCCCC2)c1,1,c1ccc(NCc2ccn(C3CCCCC3)c2)cc1,0.0000000,0.0000,0.2218684,0.2219,0.9449118,3.1485,22
15.0398,44.3253,-44.3253,0.0000000,O=C1C(=O)c2ccccc2C(=O)C1=C(O)C=CC=CN1CCCC1,1,O=C1C(=O)c2ccccc2C(=O)C1=CC=CC=CN1CCCC1,1.0000000,1.0000,0.4101659,0.4102,0.9593724,2.9403,22
18.3766,19.3250,-19.3074,0.0001373,Cc1ccc(N2CCNCC2=O)cc1,1,O=C1CNCCN1c1ccccc1,0.0000000,0.0000,0.6979053,0.6979,0.9905062,1.9724,22
30.9607,29.7731,-29.7606,0.0000970,O=C(O)CC12CC(CC(n3cncn3)C1)CC1(n3ncc(N4CCOCC4)cc3=O)CC2C1,1,O=c1cc(N2CCOCC2)cnn1C12CC3CC(CC(n4cncn4)C3)C(C1)C2,0.0000000,0.0000,0.4593021,0.4593,0.3326800,5.4535,22
41.9142,43.0170,-43.0091,0.0000617,CC(=O)SC1CC2C(=O)CC3=C(CCC4(C)C(C5(O)CCC(C(C)C)O5)CCC34O)C2(C)CC1O,1,O=C1CC2=C(CCC3C2CCC3C2CCCO2)C2CCCCC12,0.0000000,0.0000,0.1347061,0.1347,0.2651269,5.6641,22
30.0810,29.2984,-29.2851,0.0001034,Cc1ccc(C(=O)c2c(O)c(O)n(CCCN3CCOCC3)c2-c2ccccn2)c(O)c1,1,O=C(c1ccccc1)c1ccn(CCCN2CCOCC2)c1-c1ccccn1,0.0000000,0.0000,0.3020987,0.3021,0.9661118,2.8175,22
23.9523,24.0362,-24.0233,0.0001014,CC(=O)NCc1cccc(-c2ccc(CN3CC(C)OC3=O)cc2)c1,1,O=C1OCCN1Cc1ccc(-c2ccccc2)cc1,0.0000000,0.0000,0.2835568,0.2836,0.9752014,2.6080,22
25.2847,25.7249,-25.7095,0.0001199,CN1CCc2c([nH]c3cc(OCCCC(=O)O)ccc23)C1,1,c1ccc2c3c([nH]c2c1)CNCC3,0.0000000,0.0000,0.4666881,0.4667,0.9839038,2.3207,22
34.4158,51.8891,-51.8726,0.0001290,COC(=C1C(=O)N(C(C)C(O)=NO)C(=O)C1NC(O)C(C)N)c1ccccc1,1,O=C1CC(=Cc2ccccc2)C(=O)N1,0.0000000,0.0000,0.7210542,0.7211,0.6753672,4.5228,22
6.4688,33.7628,-33.7628,0.0000000,CN(C)C=CC=CC(O)=C1C(=O)OC(C)(C)C1=O,1,C=C1C(=O)COC1=O,1.0000000,1.0000,0.6622206,0.6622,0.9189180,3.4185,22
29.2369,31.5658,-31.5483,0.0001368,O=c1ncn(C=Cc2cccc([N+](=O)[O-])c2O)c(=O)[nH]1,1,O=c1ncn(C=Cc2ccccc2)c(=O)[nH]1,0.0000000,0.0000,0.7076429,0.7076,0.9504761,3.0753,22
17.5363,26.6823,-26.6720,0.0000806,CCN1C(=CC=C2C(=O)C(=O)c3ccccc3C2=O)C(C)(C)c2ccccc21,1,O=C1C(=O)c2ccccc2C(=O)C1=CC=C1Cc2ccccc2N1,0.0000000,0.0000,0.1422152,0.1422,0.9761006,2.5833,22
29.5246,31.5495,-31.5362,0.0001038,C=CCN1C2C=C(OC(=O)c3ccc(OC)cc3)CC1CC2,1,O=C(OC1=CC2CCC(C1)N2)c1ccccc1,0.0000000,0.0000,0.3432197,0.3432,0.7883279,4.1434,22
16.9747,19.6055,-19.5884,0.0001339,CC(C)OCCCN=C=S,1,,0.0000000,0.0000,0.6624025,0.6624,0.9512379,3.0647,22
10.4274,45.0670,59.7113,0.8185797,CN1C(=O)NC(=O)C(=C(O)C=CC=CNc2ccccc2)C1=O,1,O=C1NC(=O)C(=CC=CC=CNc2ccccc2)C(=O)N1,1.0000000,1.0000,0.5593073,0.5593,0.9664556,2.8107,22
27.9032,28.4944,-28.4786,0.0001240,COCC(=O)N1CCc2c(nc(C)n2-c2ccc(F)cc2)C1,1,c1ccc(-n2cnc3c2CCNC3)cc1,0.0000000,0.0000,0.5167410,0.5167,0.9813448,2.4185,22
32.9298,30.9246,-30.9144,0.0000803,CCc1ccc(CN(Cc2ccccc2)C(=O)CNC(=O)c2cc(OC)c(OC)c(OC)c2)cc1,1,O=C(NCC(=O)N(Cc1ccccc1)Cc1ccccc1)c1ccccc1,0.0000000,0.0000,0.1400491,0.1400,0.9880511,2.1238,22
23.6661,22.6191,-22.6052,0.0001084,COc1cccc(-c2nc3cc4c(cc3[nH]2)OCO4)c1,1,c1ccc(-c2nc3cc4c(cc3[nH]2)OCO4)cc1,0.0000000,0.0000,0.3440567,0.3441,0.9883155,2.1091,22
33.9594,34.4847,-34.4727,0.0000934,CC1Cc2cc3c(cc2C(CCN2CCN(CCN(C)C)CC2)C1C)CCC3,1,c1c2c(cc3c1CCCC3CCN1CCNCC1)CCC2,0.0000000,0.0000,0.2339018,0.2339,0.8864376,3.6614,22
27.7480,27.0810,-27.0639,0.0001331,Cc1nnc2n1N=CC(CN)S2,1,C1=Nn2cnnc2SC1,0.0000000,0.0000,0.7933135,0.7933,0.6740361,4.5267,22
23.2729,27.0970,-27.0876,0.0000729,CN1C(=O)SC(=CC=C2C=C(c3ccccc3)c3ccccc32)C1=O,1,O=C1NC(=O)C(=CC=C2C=C(c3ccccc3)c3ccccc32)S1,0.0000000,0.0000,0.1054424,0.1054,0.9751088,2.6105,22
26.5852,31.8409,-31.8282,0.0000987,CCOC(=O)C1C(C)=NC(=O)N(c2ccc(C(=O)O)cc2)C1c1ccc(N)cc1,1,O=C1N=CCC(c2ccccc2)N1c1ccccc1,0.0000000,0.0000,0.2671212,0.2671,0.9415533,3.1894,22
31.9325,32.6725,-32.6567,0.0001239,Cc1cccc(=NC(=O)c2c(N=c3c(C(N)=O)c[nH]n4cccc34)ncn2C)[nH]1,1,O=C(N=c1cccc[nH]1)c1[nH]cnc1N=c1cc[nH]n2cccc12,0.0000000,0.0000,0.5639914,0.5640,0.8379745,3.9295,22
24.0617,25.3387,-25.3216,0.0001339,O=C(O)CN(CCc1ccc(Cl)cc1)CC(=O)O,1,c1ccccc1,0.0000000,0.0000,0.6476466,0.6476,0.9915360,1.8969,22
33.5908,36.2208,-36.2058,0.0001166,C=C(C)C1OC12C(=O)OCC(C(C)C(C)O)C2=O,1,O=C1CCOC(=O)C12CO2,0.0000000,0.0000,0.7470025,0.7470,0.3729858,5.3384,22
25.2215,27.9885,-27.9749,0.0001059,CC(C)=CCCC(C)=CC1OC(=O)CC12C(=O)CC=C(OC(O)C(O)CO)C2O,1,O=C1CC2(CC=CCC2=O)CO1,0.0000000,0.0000,0.6344293,0.6344,0.2991478,5.5546,22
33.6927,46.7357,-46.7256,0.0000789,O=C(C=CC=CC=CC=CC=CC(=O)NCCC1CCN(CCCOc2ccccc2)CC1)NCCCN1CCOCC1,1,O=C(C=CC=CC=CC=CC=CC(=O)NCCC1CCN(CCCOc2ccccc2)CC1)NCCCN1CCOCC1,0.0000000,0.0000,0.1355194,0.1355,0.9510582,3.0672,22
21.1850,21.3156,-21.3056,0.0000786,CN1CCN(c2ccc(C(=O)N=c3cc(-c4ccc(NC(=O)N=c5cc(C(C)(C)C)o[nH]5)cc4)[nH][nH]3)cc2)CC1,1,O=C(N=c1cco[nH]1)Nc1ccc(-c2cc(=NC(=O)c3ccc(N4CCNCC4)cc3)[nH][nH]2)cc1,0.0000000,0.0000,0.1382254,0.1382,0.9022044,3.5525,22
7.7308,43.0167,-43.0167,0.0000000,CC1(C)OC(=O)C(=C(O)C=CC=CNc2ccccc2)C(=O)O1,1,O=C1OCOC(=O)C1=CC=CC=CNc1ccccc1,1.0000000,1.0000,0.3872023,0.3872,0.9570252,2.9784,22
7.4861,47.7238,-47.7238,0.0000000,CN(C=CC=CC(O)=C1C(=O)NC(=O)N(C2CCCC2)C1=O)CCO,1,C=C1C(=O)NC(=O)N(C2CCCC2)C1=O,1.0000000,1.0000,0.6710328,0.6710,0.9388975,3.2202,22
28.6117,27.8318,-27.8232,0.0000669,COc1ccccc1-c1ccnc(-n2c(-c3ccccc3)cc(C(=O)NCC3CCCO3)c2C)n1,1,O=C(NCC1CCCO1)c1cc(-c2ccccc2)n(-c2nccc(-c3ccccc3)n2)c1,0.0000000,0.0000,0.0822042,0.0822,0.9611593,2.9097,22
31.9877,35.0305,-35.0128,0.0001379,O=C1NCCCC1C[S+]([O-])CCNCCN1CCCC1,1,O=C1NCCCC1C[SH+]CCNCCN1CCCC1,0.0000000,0.0000,0.7903437,0.7903,0.8159486,4.0299,22
28.2554,30.0076,-29.9911,0.0001286,CC(O)C1CCN(C(=O)CCN2CCCCCC2)CC1,1,O=C(CCN1CCCCCC1)N1CCCCC1,0.0000000,0.0000,0.5785299,0.5785,0.9765045,2.5720,22
18.3000,19.6608,-19.6435,0.0001351,O=C1c2ccccc2C(=O)N1C1CCNCC1,1,O=C1c2ccccc2C(=O)N1C1CCNCC1,0.0000000,0.0000,0.6655364,0.6655,0.9892722,2.0528,22
25.5967,26.3141,-26.3027,0.0000889,C=CCn1c2ccccc2c2c(=O)n(Cc3ccccc3)nc(C)c21,1,O=c1c2c(cnn1Cc1ccccc1)[nH]c1ccccc12,0.0000000,0.0000,0.1905500,0.1905,0.9835730,2.3341,22
29.4251,29.0220,-29.0107,0.0000880,O=C(NCCN=c1[nH]c(-c2cccs2)nc2ccccc12)C1CCCCC1,1,O=C(NCCN=c1[nH]c(-c2cccs2)nc2ccccc12)C1CCCCC1,0.0000000,0.0000,0.1858479,0.1858,0.9706162,2.7216,22
20.4246,22.4537,-22.4419,0.0000924,C=C1CCC2C(CCC3CC(O)CCC32C)C1,1,C=C1CCC2C(CCC3CCCCC32)C1,0.0000000,0.0000,0.2381933,0.2382,0.8115247,4.0489,22
27.8597,31.1199,-31.1069,0.0001015,CC(=O)C1(O)C(=O)CC2C3C(=CC(C)=C4CC(=O)C=CC43C)C(O)CC21C,1,O=C1C=CC2C(=CC=C3CCC4CC(=O)CC4C32)C1,0.0000000,0.0000,0.4658725,0.4659,0.4115019,5.2331,22
32.4240,36.4071,-36.3976,0.0000738,CC(=O)C1=C(C)N(c2cccc(C(F)(F)F)c2)C(=O)N(C)C1c1cccnc1N1CCOC2(COC2)C1,1,O=C1NC(c2cccnc2N2CCOC3(COC3)C2)C=CN1c1ccccc1,0.0000000,0.0000,0.1223019,0.1223,0.8043833,4.0789,22
30.3694,32.9718,-32.9595,0.0000961,CC(N=c1nc(N2C(=O)OCC2C(C)C)cc[nH]1)c1ccc(CN2CCC3(CC2)CNS(=O)(=O)O3)cc1,1,O=C1OCCN1c1cc[nH]c(=NCc2ccc(CN3CCC4(CC3)CNS(=O)(=O)O4)cc2)n1,0.0000000,0.0000,0.3480064,0.3480,0.5135860,4.9646,22
49.4723,52.7605,-52.7513,0.0000726,CC=C1CN(C)C2CCCN3CCCC2(CC1C[S+]([O-])C1=NCCO1)C3,1,C=C1CNC2CCCN3CCCC2(CC1C[SH+]C1=NCCO1)C3,0.0000000,0.0000,0.4398597,0.4399,0.0781663,6.6074,22
20.3610,21.9010,-21.8872,0.0001079,CN1C(=O)CC(C)(c2ccc(OCCCC(F)(F)F)cc2)C1=O,1,O=C1CC(c2ccccc2)C(=O)N1,0.0000000,0.0000,0.3456726,0.3457,0.9575196,2.9706,22
31.1866,31.9618,-31.9496,0.0000956,CC1=C(O)CC2C(CCO)C(C)CCC2(C)C1,1,C1=CCC2CCCCC2C1,0.0000000,0.0000,0.2863043,0.2863,0.7045833,4.4338,22
18.1843,18.5564,-18.5392,0.0001346,CCC(O)c1cccnc1,1,c1ccncc1,0.0000000,0.0000,0.6610444,0.6610,0.9814393,2.4151,22
29.6912,31.4022,-31.3849,0.0001357,COCCCNC(=O)Cn1c(C(=O)O)cc2ccncc21,1,c1cc2cc[nH]c2cn1,0.0000000,0.0000,0.6762880,0.6763,0.9838589,2.3225,22
31.9956,38.3821,-38.3734,0.0000677,N#CC(=C1OC(=O)N(Cc2ccc3ccccc3c2Cl)C1=O)c1nc2ccccc2[nH]1,1,O=C1OC(=Cc2nc3ccccc3[nH]2)C(=O)N1Cc1ccc2ccccc2c1,0.0000000,0.0000,0.0853913,0.0854,0.9592515,2.9423,22
24.7854,26.9276,-26.9195,0.0000637,C=C1CC23C(=O)C(=C)C1CC2C12CCCC(C)(C)C1C(O)C3(O)OC2,1,C=C1CC23C(=O)C(=C)C1CC2C12CCCCC1CC3OC2,0.0000000,0.0000,0.3978545,0.3979,0.0469623,6.9610,22
19.7307,35.0552,-35.0376,0.0001383,CN(C)C(=O)CN1C(=O)C(=CC=C2CCCN2C)C(=O)N(C)C1=O,1,O=C1NC(=O)C(=CC=C2CCCN2)C(=O)N1,0.0000000,0.0000,0.7287744,0.7288,0.9533045,3.0351,22
19.8572,24.1731,-24.1563,0.0001308,CC=CC=NNC(=O)C1COc2ccccc2O1,1,c1ccc2c(c1)OCCO2,0.0000000,0.0000,0.6172366,0.6172,0.9536512,3.0300,22
10.1638,44.3159,-44.3159,0.0000000,CN1CCN(C=CC=CC(O)=C2C(=O)N(C)C(=O)N(C)C2=O)CC1,2,O=C1NC(=O)C(=CC=CC=CN2CCNCC2)C(=O)N1,0.0000000,1.0000,0.0000000,0.7177,0.0000000,3.1832,22
24.3156,27.4175,-27.4026,0.0001164,CCCN1CCC(CCC(=O)N2CCCCC2)CC1,1,O=C(CCC1CCNCC1)N1CCCCC1,0.0000000,0.0000,0.4253504,0.4254,0.9908913,1.9451,22
21.5601,21.4979,-21.4812,0.0001304,NC(=O)CSc1nnc(-c2ccccc2F)o1,1,c1ccc(-c2nnco2)cc1,0.0000000,0.0000,0.5991392,0.5991,0.9883224,2.1087,22
20.2939,23.0014,-22.9855,0.0001241,CC1(C)CC(=O)CC(=NNC(=O)c2ccc(O)cc2O)C1,1,O=C1CCCC(=NNC(=O)c2ccccc2)C1,0.0000000,0.0000,0.5211337,0.5211,0.9717820,2.6944,22
27.6263,33.6424,-33.6273,0.0001179,C=CC(O)C#CC=CC=CC=CC=CC(O)=NO,1,,0.0000000,0.0000,0.5760723,0.5761,0.6244571,4.6687,22
16.4941,18.7365,-18.7190,0.0001365,COc1ccc(NC(=O)CN2CCN(C)CC2)cc1,1,O=C(CN1CCNCC1)Nc1ccccc1,0.0000000,0.0000,0.6836326,0.6836,0.9948964,1.5652,22
18.7894,21.8237,-21.8090,0.0001150,O=C(C=Cc1ccc(F)cc1)NCCCN1CCCCC1,1,O=C(C=Cc1ccccc1)NCCCN1CCCCC1,0.0000000,0.0000,0.4101553,0.4102,0.9914991,1.8998,22
26.1520,25.2252,-25.2154,0.0000765,Fc1ccc(-c2ccc(Cc3ccccc3)o2)cc1,1,c1ccc(Cc2ccc(-c3ccccc3)o2)cc1,0.0000000,0.0000,0.1206064,0.1206,0.9938142,1.6911,22
20.7292,23.7171,-23.7039,0.0001028,CC1(C)C(=O)NC(=O)NC1c1ccc(-c2ccccc2)cc1,1,O=C1CC(c2ccc(-c3ccccc3)cc2)NC(=O)N1,0.0000000,0.0000,0.2965082,0.2965,0.9701059,2.7331,22
24.0268,24.1374,-24.1255,0.0000932,COc1ccc(-c2onc3c2CC(C)(C)CC3)cc1,1,c1ccc(-c2onc3c2CCCC3)cc1,0.0000000,0.0000,0.2198362,0.2198,0.9795356,2.4800,22
31.2936,43.9016,-43.8938,0.0000609,CC1=C(C=CC(O)=CC=CC(=O)NCCc2ccncc2Cl)C(C)(C)CCC1,1,O=C(C=CC=CC=CC1=CCCCC1)NCCc1ccncc1,0.0000000,0.0000,0.0624692,0.0625,0.9469988,3.1219,22
22.7777,26.5270,-26.5157,0.0000885,C=C1C=C(c2ccc(F)cc2)C2=C(O1)c1ccccc1C(=O)C2=O,1,C=C1C=C(c2ccccc2)C2=C(O1)c1ccccc1C(=O)C2=O,0.0000000,0.0000,0.1895231,0.1895,0.9689338,2.7590,22
15.7516,16.0730,-16.0561,0.0001318,c1ccc2n[nH]cc2c1,1,c1ccc2n[nH]cc2c1,0.0000000,0.0000,0.6217094,0.6217,0.9788112,2.5031,22
17.3459,55.1862,-55.1862,0.0000000,O=C1C(=C(C=CC=CN2CCCC2)O)C(=O)NC(=O)N1C2CC1,0,,0.0000000,0.0000,0.0000000,0.0000,0.0000000,0.0000,22
21.1229,21.3939,-21.3803,0.0001063,c1cncc(C2CCCCN2Cc2ccncc2)c1,1,c1cncc(C2CCCCN2Cc2ccncc2)c1,0.0000000,0.0000,0.3262281,0.3262,0.9797214,2.4739,22
15.4708,52.5215,42.2514,0.7404139,CC=CC=CC=CCCN(C)C=CC=CC(O)=C1C(=O)NC(=O)N(C)C1=O,1,C=C1C(=O)NC(=O)NC1=O,1.0000000,1.0000,0.4361063,0.4361,0.8819720,3.6898,22
11.6221,47.8269,51.4021,0.7752268,O=C1NC(=O)N(C2CC2)C(=O)C1=C(O)C=CC=CNc1ccccc1,1,O=C1NC(=O)N(C2CC2)C(=O)C1=CC=CC=CNc1ccccc1,1.0000000,1.0000,0.4753389,0.4753,0.9654841,2.8299,22
25.1859,27.4914,-27.4757,0.0001228,CC(=NS(=O)(=O)c1ccccc1)C1CCN(C)CC1,1,O=S(=O)(N=CC1CCNCC1)c1ccccc1,0.0000000,0.0000,0.5013419,0.5013,0.9839822,2.3174,22
34.9722,36.8598,-36.8441,0.0001221,CCOC(=O)C(CC(C)C)NC(C(=O)O)C1NC(=O)OC1c1ccccc1,1,O=C1NCC(c2ccccc2)O1,0.0000000,0.0000,0.5316313,0.5316,0.8632247,3.7998,22
14.5047,14.7644,-14.7479,0.0001288,Oc1cc2ccccc2[nH]1,1,c1ccc2[nH]ccc2c1,0.0000000,0.0000,0.5777990,0.5778,0.9873412,2.1619,22
12.4517,43.9936,63.4087,0.8390800,CN(C=CC=CC(O)=C1C(=O)N=C(N=c2[nH]ccs2)C1=O)CCO,1,C=C1C(=O)N=C(N=c2[nH]ccs2)C1=O,1.0000000,1.0000,0.6945897,0.6946,0.7532570,4.2730,22
31.4135,30.8259,-30.8096,0.0001275,CNC(=O)Cn1c(CCN2CCCCC2)nc2ccc(C)cc2c1=O,1,O=c1[nH]c(CCN2CCCCC2)nc2ccccc12,0.0000000,0.0000,0.5598690,0.5599,0.9864582,2.2064,22
31.1413,30.1276,-30.1121,0.0001209,Cn1cc(-c2ccc(N3CC4CNCC3C4)cc2)cn1,1,c1cc(N2CC3CNCC2C3)ccc1-c1cn[nH]c1,0.0000000,0.0000,0.5251726,0.5252,0.8365555,3.9363,22
35.0686,32.9616,-32.9517,0.0000773,CCCn1c(O)c(CC(=O)Nc2ccc(N3CCN(C)CC3)cc2)n(Cc2ccc(F)cc2)c1=S,1,O=C(Cc1c[nH]c(=S)n1Cc1ccccc1)Nc1ccc(N2CCNCC2)cc1,0.0000000,0.0000,0.1258054,0.1258,0.9742880,2.6322,22
8.8590,47.7573,-47.7573,0.0000000,CC1=NN(c2ccccc2)C(=O)C1=C(O)C=CC=CN1CCCC1,1,O=C1C(=CC=CC=CN2CCCC2)C=NN1c1ccccc1,1.0000000,1.0000,0.2895693,0.2896,0.9605371,2.9205,22
6.8508,31.7431,-31.7431,0.0000000,CN(C=CC=CC(O)=C1C(=O)c2ccccc2C1=O)CCO,2,C=C1C(=O)c2ccccc2C1=O,0.0000000,1.0000,0.0000000,0.5513,0.0000000,3.0120,22
19.6256,19.7737,-19.7578,0.0001244,NC(=O)c1cccc2c(=NCc3ccccc3)[nH]cnc12,1,c1ccc(CN=c2[nH]cnc3ccccc23)cc1,0.0000000,0.0000,0.5239723,0.5240,0.9745632,2.6250,22
23.5081,23.4579,-23.4464,0.0000892,Cc1[nH]c(=N)n(-c2ccccc2)c1-c1ccc(Cl)cc1,1,N=c1[nH]cc(-c2ccccc2)n1-c1ccccc1,0.0000000,0.0000,0.1926634,0.1927,0.9819769,2.3956,22
28.9650,31.1965,-31.1817,0.0001154,CCCCC1CN(C(=O)c2ccc(C)c(O)c2)CCC1N,1,O=C(c1ccccc1)N1CCCCC1,0.0000000,0.0000,0.4232283,0.4232,0.9565706,2.9856,22
15.5869,19.7196,-19.7041,0.0001208,CN1C(=O)C(=Cc2ccc(N3CCCCC3)cc2)C(=O)N(C)C1=O,1,O=C1NC(=O)C(=Cc2ccc(N3CCCCC3)cc2)C(=O)N1,0.0000000,0.0000,0.4771533,0.4772,0.9856821,2.2432,22
24.4961,24.9031,-24.8919,0.0000871,CCOC(=O)c1c[nH]c2cc(Oc3ccccc3)ccc12,1,c1ccc(Oc2ccc3cc[nH]c3c2)cc1,0.0000000,0.0000,0.1780065,0.1780,0.9920843,1.8529,22
27.8136,28.0384,-28.0273,0.0000867,COc1ccc(-c2nc3c(F)cccc3c(C(=O)O)c2C)cc1,1,c1ccc(-c2ccc3ccccc3n2)cc1,0.0000000,0.0000,0.1757909,0.1758,0.9896421,2.0297,22
23.4722,24.6283,-24.6161,0.0000951,COC(=O)c1cccc(-n2c(O)c(O)c(C(C)=O)c2-c2ccccc2)c1,1,c1ccc(-c2cccn2-c2ccccc2)cc1,0.0000000,0.0000,0.2329196,0.2329,0.9825062,2.3758,22
19.3408,21.6067,-21.5902,0.0001286,C=C1CCCC(C)(C)N1O,1,C=C1CCCCN1,0.0000000,0.0000,0.6018079,0.6018,0.9096481,3.4956,22
25.7290,25.4193,-25.4124,0.0000540,C=C1CCC2C(C)(C)CCCC2(C)C1CCC1C(=O)OC(OC(C)=O)C1(C)C,1,C=C1CCC2CCCCC2C1CCC1CCOC1=O,0.0000000,0.0000,0.0546147,0.0546,0.6407086,4.6232,22
18.7934,21.2307,-21.2154,0.0001189,O=C(NCc1ccccc1)NC1CC(=O)N(c2ccccc2)C1,1,O=C(NCc1ccccc1)NC1CC(=O)N(c2ccccc2)C1,0.0000000,0.0000,0.4552142,0.4552,0.9855580,2.2489,22
30.2057,27.8644,-27.8503,0.0001101,Nc1cccc(-n2nncc2C=Cc2ccc3c(c2)OCO3)c1,1,C(=Cc1cnnn1-c1ccccc1)c1ccc2c(c1)OCO2,0.0000000,0.0000,0.3638999,0.3639,0.9725999,2.6747,23
24.4098,24.5016,-24.4892,0.0000971,Cc1nc(-n2cccc2)sc1C(=O)N1CCc2ccccc2C1,1,O=C(c1cnc(-n2cccc2)s1)N1CCc2ccccc2C1,0.0000000,0.0000,0.2481368,0.2481,0.9836237,2.3321,23
36.5317,37.7824,-37.7661,0.0001270,O=C1CCC2(CCN(c3ccc4c(n3)C(=O)OCCN4)CC2)CN1,1,O=C1CCC2(CCN(c3ccc4c(n3)C(=O)OCCN4)CC2)CN1,0.0000000,0.0000,0.5871580,0.5872,0.8901756,3.6368,23
33.2383,33.6909,-33.6800,0.0000852,CC12OC3CCC4(O)C1=C(CCC34C)C(=O)C(=O)C2c1ccoc1,1,O=C1C(=O)C(c2ccoc2)C2OC3CCC4C2=C1CCC34,0.0000000,0.0000,0.4458148,0.4458,0.1778558,5.9973,23
40.3943,44.4724,-44.4599,0.0000978,O=C(O)C1=C(C(=O)O)C2C(C=Cc3ccccn3)C(=O)N2C(C(=O)O)=C1CCc1cnc2ccccc2c1,1,O=C1C(C=Cc2ccccn2)C2C=CC(CCc3cnc4ccccc4c3)=CN12,0.0000000,0.0000,0.2779221,0.2779,0.8367425,3.9354,23
31.5368,28.9391,-28.9319,0.0000563,CC(=O)c1nn(-c2ccc(Cl)cc2Cl)c(-c2ccc(Cl)cc2)c1CC(=O)NC1CC1,1,O=C(Cc1cnn(-c2ccccc2)c1-c1ccccc1)NC1CC1,0.0000000,0.0000,0.0482571,0.0483,0.9818179,2.4014,23
30.7365,34.9428,-34.9314,0.0000892,Cc1ccc(N2CCC(C)(C(=O)NC(Cc3ccc(NC(=O)c4c(Cl)cncc4Cl)cc3)C(=O)O)C2=O)nn1,1,O=C(Nc1ccc(CCNC(=O)C2CCN(c3cccnn3)C2=O)cc1)c1ccncc1,0.0000000,0.0000,0.2037252,0.2037,0.8865325,3.6608,23
17.7763,20.3480,-20.3312,0.0001314,COC1=CC(=O)c2cc(OC)ccc2C1=O,1,O=C1C=CC(=O)c2ccccc21,0.0000000,0.0000,0.6134312,0.6134,0.9879500,2.1294,23
8.6563,40.9600,-40.9600,0.0000000,CN(C)C=CC=CC(O)=C1C(=O)C(=Nc2ccccc2)N(C)C1=O,1,C=C1C(=O)NC(=Nc2ccccc2)C1=O,1.0000000,1.0000,0.4797922,0.4798,0.9354041,3.2588,23
16.8193,19.4027,-19.3853,0.0001359,O=C(O)C1=C(C(=O)O)C2CCC1CC2,1,C1=CC2CCC1CC2,0.0000000,0.0000,0.6993765,0.6994,0.9349670,3.2635,23
39.1731,38.4969,-38.4856,0.0000883,O=C(O)c1ccc2c(c1)CCC(c1ccc(F)cc1F)N2C(=O)Cn1cc(F)cn1,1,O=C(Cn1cccn1)N1c2ccccc2CCC1c1ccccc1,0.0000000,0.0000,0.1904230,0.1904,0.9460890,3.1336,23
25.4749,27.4954,-27.4828,0.0000978,Cc1ccccc1Nc1[nH]c(=NC2CCCCC2C)[nH]c(=N)c1[N+](=O)[O-],1,N=c1cc(Nc2ccccc2)[nH]c(=NC2CCCCC2)[nH]1,0.0000000,0.0000,0.2815510,0.2816,0.8187552,4.0177,23
19.5399,22.4522,-22.4365,0.0001226,O=C(c1ccc(C=CC(O)=NO)cc1)N1CCCC1,1,O=C(c1ccccc1)N1CCCC1,0.0000000,0.0000,0.4988808,0.4989,0.9845824,2.2921,23
25.8013,27.1890,-27.1839,0.0000398,CN1CCC(NC(=O)c2cccc(Oc3ccc(NC(=O)Nc4ccc(Cl)c(C(F)(F)F)c4)cc3)c2)CC1,1,O=C(Nc1ccccc1)Nc1ccc(Oc2cccc(C(=O)NC3CCNCC3)c2)cc1,0.0000000,0.0000,0.0171376,0.0171,0.9835137,2.3365,23
25.5479,27.6884,-27.6699,0.0001445,C=C(C)n1cc(C(=O)NCCO)nn1,1,c1c[nH]nn1,0.0000000,0.0000,0.8309247,0.8309,0.9559368,2.9955,23
44.9698,44.7070,-44.6968,0.0000798,CCC(C)C1C(=O)Nc2ccccc2N1C(=O)C(NC(=O)C(CC(=O)O)NC(=O)C1CCCN1S(=O)(=O)c1ccc2ccccc2c1)C(C)C,1,O=C(CNC(=O)C1CCCN1S(=O)(=O)c1ccc2ccccc2c1)NCC(=O)N1CC(=O)Nc2ccccc21,0.0000000,0.0000,0.1575471,0.1575,0.7782966,4.1819,23
34.4332,34.3503,-34.3398,0.0000821,C=Cc1c(-c2cc(N)cc(C(=O)O)c2)oc2ccc(C)cc12,1,c1ccc(-c2cc3ccccc3o2)cc1,0.0000000,0.0000,0.1505097,0.1505,0.9765837,2.5697,23
20.1763,19.7317,-19.7168,0.0001161,O=C(N=c1[nH]nc(C(F)(F)F)s1)c1ccc(F)cc1,1,O=C(N=c1[nH]ncs1)c1ccccc1,0.0000000,0.0000,0.4297829,0.4298,0.9590020,2.9464,23
18.9402,21.6796,-21.6680,0.0000907,COc1cccc(C2NC(=S)N=C(C)C2C(=O)OCC2CCCCC2)c1,1,O=C(OCC1CCCCC1)C1C=NC(=S)NC1c1ccccc1,0.0000000,0.0000,0.2094000,0.2094,0.9234232,3.3780,23
22.8104,22.6810,-22.6658,0.0001189,O=C(NCCCN1CCCCC1)c1ccc(F)c(F)c1,1,O=C(NCCCN1CCCCC1)c1ccccc1,0.0000000,0.0000,0.4522998,0.4523,0.9930739,1.7653,23
42.0020,46.9339,-46.9201,0.0001079,Cc1[nH]c(=NC(=O)C(C)C)nc2c1CC(C)(C)C2NC(O)C1C(=O)N(C)C(=O)c2ccccc21,1,N=c1nc2c(c[nH]1)CCC2NCC1C(=O)NC(=O)c2ccccc21,0.0000000,0.0000,0.4370114,0.4370,0.6358933,4.6368,23
21.7986,48.1592,59.7278,0.8428676,CCOC1=CC(=O)CC(=C(O)C=CC=CN2CCNCC2)C1=O,1,O=C1C=CC(=O)C(=CC=CC=CN2CCNCC2)C1,1.0000000,1.0000,0.6411273,0.6411,0.8873280,3.6556,23
23.9303,25.6850,-25.6693,0.0001233,CSc1cc(Cl)c(S(=O)(=O)N2CCOCC2)cc1C(=O)OCC(=O)NC1CC1,1,O=C(COC(=O)c1cccc(S(=O)(=O)N2CCOCC2)c1)NC1CC1,0.0000000,0.0000,0.5085691,0.5086,0.9796430,2.4765,23
6.5765,33.7628,-33.7628,0.0000000,CN(C)C=CC=CC(O)=C1C(=O)OC(C)(C)C1=O,1,C=C1C(=O)COC1=O,1.0000000,1.0000,0.6622206,0.6622,0.9189180,3.4185,23
18.6198,21.2370,-21.2211,0.0001242,CC(=NNC(=S)N1CCCC1)c1ccccc1O,1,S=C(NN=Cc1ccccc1)N1CCCC1,0.0000000,0.0000,0.5180407,0.5180,0.9850847,2.2702,23
25.8505,28.6312,-28.6129,0.0001431,CC(=O)NC(C)C(=O)NCC(O)CNC(=O)OC(C)(C)C,1,,0.0000000,0.0000,0.8060810,0.8061,0.9573265,2.9736,23
30.4591,30.2433,-30.2348,0.0000665,CCc1cc(CC)c(O)c(C(=O)NCCCCN=c2c3c([nH]c4ccccc24)CCCC3)c1,1,O=C(NCCCCN=c1c2c([nH]c3ccccc13)CCCC2)c1ccccc1,0.0000000,0.0000,0.0805721,0.0806,0.9626998,2.8823,23
31.6227,33.8070,-33.7913,0.0001225,COc1cccc(CNCC2CC(NC(=O)N3CCCC(C)C3)C(CO)O2)c1,1,O=C(NC1COC(CNCc2ccccc2)C1)N1CCCCC1,0.0000000,0.0000,0.5225191,0.5225,0.9022649,3.5521,23
11.2431,41.9441,-41.9275,0.0001303,CC(C=CC=CN(C)CCO)=C1C(=O)NC(=O)N(C2CCCC2)C1=O,1,C=C1C(=O)NC(=O)N(C2CCCC2)C1=O,0.0000000,0.0000,0.6183859,0.6184,0.9299853,3.3151,23
28.2166,37.0356,-37.0281,0.0000582,CC(=O)C1=C(C)C(=CC=CC2=[N+](C)c3ccc4ccccc4c3C2(C)C)C(=O)C(C)(C)C1=O,1,O=C1C=CC(=CC=CC2=[NH+]c3ccc4ccccc4c3C2)C(=O)C1,0.0000000,0.0000,0.0549926,0.0550,0.9307240,3.3076,23
30.1232,34.1233,-34.1072,0.0001264,O=C(O)c1cc(O)sc1N=C=S,1,c1ccsc1,0.0000000,0.0000,0.5835724,0.5836,0.8779932,3.7143,23
21.7507,21.2421,-21.2248,0.0001352,Cc1ccc(S(=O)(=O)NCCN(C)C)cc1C,1,c1ccccc1,0.0000000,0.0000,0.6655874,0.6656,0.9918977,1.8682,23
31.6253,32.1327,-32.1327,0.0000000,Cn1c2ccccc2c2c(N)c3cccc(O)c3c(=O)c21,0,,0.0000000,0.0000,0.0000000,0.0000,0.0000000,0.0000,23
19.9207,28.1780,-28.1610,0.0001327,CCON=C(C(=O)NC1C(=O)N2C(C(=O)O)=C(C)C(=O)C12)c1csc(=N)[nH]1,1,N=C(C(=O)NC1C(=O)N2C=CC(=O)C12)c1csc(=N)[nH]1,0.0000000,0.0000,0.7767013,0.7767,0.6864018,4.4897,23
26.1229,24.7137,-24.6981,0.0001217,CC(C)Cn1cc[nH]c1=NC(=O)c1ccccc1[N+](=O)[O-],1,O=C(N=c1[nH]cc[nH]1)c1ccccc1,0.0000000,0.0000,0.4946428,0.4946,0.9604161,2.9226,23
21.8350,22.1726,-22.1577,0.0001165,COc1ccc(C(=O)NC(C)CC(C)C)cc1,1,c1ccccc1,0.0000000,0.0000,0.4264936,0.4265,0.9895342,2.0365,23
24.3156,23.7949,-23.7804,0.0001133,CCc1nc(CN2CCCC2c2noc(C)n2)cs1,1,c1nc(C2CCCN2Cc2cscn2)no1,0.0000000,0.0000,0.4040821,0.4041,0.9419287,3.1849,23
19.6500,46.2147,-46.2007,0.0001099,O=C1OC(=C(O)C=CC=CN2CCOCC2)C=C1Cc1ccccc1,1,O=C1OC(=CC=CC=CN2CCOCC2)C=C1Cc1ccccc1,0.0000000,0.0000,0.3697152,0.3697,0.9351664,3.2614,23
10.5638,29.9758,-29.9591,0.0001303,O=C1NC(=O)C(=C(O)C=CC=Cc2ccccc2)C(=O)N1,1,O=C1NC(=O)C(=CC=CC=Cc2ccccc2)C(=O)N1,0.0000000,0.0000,0.6025118,0.6025,0.9733280,2.6567,23
18.7731,20.0905,-20.0740,0.0001288,C=C1C(=O)OC2CC(C)CCC12,1,C=C1C(=O)OC2CCCCC12,0.0000000,0.0000,0.6239723,0.6240,0.8631643,3.8002,23
25.0215,24.4568,-24.4450,0.0000918,COc1ccc(NC(=O)CSc2ccc(-c3ccc4c(c3)OCO4)nn2)c(OC)c1,1,O=C(CSc1ccc(-c2ccc3c(c2)OCO3)nn1)Nc1ccccc1,0.0000000,0.0000,0.2090390,0.2090,0.9851089,2.2692,23
7.1500,39.4272,-39.4272,0.0000000,CN(C)C=CC=CC(O)=C1C(=O)N(C)C(=O)N(C)C1=O,1,C=C1C(=O)NC(=O)NC1=O,1.0000000,1.0000,0.7286829,0.7287,0.9426464,3.1763,23
23.7273,21.7430,-21.7298,0.0001037,CC(CCc1ccccc1)NC(=O)c1ccccc1[N+](=O)[O-],1,O=C(NCCCc1ccccc1)c1ccccc1,0.0000000,0.0000,0.3014188,0.3014,0.9869738,2.1808,23
28.2483,29.6760,-29.6614,0.0001143,C=CCN(CC=CC)CCc1ccc(O)c(OC)c1,1,c1ccccc1,0.0000000,0.0000,0.4053944,0.4054,0.9780476,2.5267,23
28.0222,28.6525,-28.6401,0.0000972,O=C(O)C1CCN(Cc2ccc(-c3nc4cc(-n5ccnc5)ccc4[nH]3)cc2)C1,1,c1cn(-c2ccc3[nH]c(-c4ccc(CN5CCCC5)cc4)nc3c2)cn1,0.0000000,0.0000,0.2512124,0.2512,0.9652068,2.8353,23
30.9346,30.3404,-30.3256,0.0001159,Cc1ccc(C)c2[nH]c(=O)c(C=NNC(=O)CNC(=O)c3ccccc3F)cc12,1,O=C(CNC(=O)c1ccccc1)NN=Cc1cc2ccccc2[nH]c1=O,0.0000000,0.0000,0.4215789,0.4216,0.9818519,2.4002,23
24.9380,24.1463,-24.1296,0.0001305,O=c1nc(-n2c(O)ccc2O)[nH]c2ccccc12,1,O=c1nc(-n2cccc2)[nH]c2ccccc12,0.0000000,0.0000,0.6042284,0.6042,0.9753066,2.6052,23
13.9701,18.3257,-18.3114,0.0001116,O=C1C(=Cc2ccc(O)cc2)C(=O)c2ccccc21,1,O=C1C(=Cc2ccccc2)C(=O)c2ccccc21,0.0000000,0.0000,0.3744285,0.3744,0.9910092,1.9366,23
7.1312,37.2655,-37.2655,0.0000000,O=C1C(=C(O)C=CC=CN2CCOCC2)C(=O)c2ccccc21,1,O=C1C(=CC=CC=CN2CCOCC2)C(=O)c2ccccc21,1.0000000,1.0000,0.4693245,0.4693,0.9613589,2.9062,23
34.4862,37.0750,-37.0568,0.0001420,CCCCN=c1nc(N2CCN(CCOC(=O)CN(C)C)CC2)[nH]c(=NCCO)[nH]1,1,N=c1nc(N2CCNCC2)[nH]c(=N)[nH]1,0.0000000,0.0000,0.8125782,0.8126,0.9078319,3.5099,23
23.7096,22.4384,-22.4239,0.0001136,Cc1cccc(N=c2[nH]c(CN3CCN(c4ccccc4F)CC3)nc(=N)[nH]2)c1,1,N=c1nc(CN2CCN(c3ccccc3)CC2)[nH]c(=Nc2ccccc2)[nH]1,0.0000000,0.0000,0.4023730,0.4024,0.9609135,2.9140,23
7.5218,39.9295,-39.9295,0.0000000,CN1C(=O)C(=C(O)C=CC=CN2CCOCC2)C(=O)N(C)C1=O,1,O=C1NC(=O)C(=CC=CC=CN2CCOCC2)C(=O)N1,1.0000000,1.0000,0.7196373,0.7196,0.9388744,3.2204,23
23.3691,26.9264,-26.9108,0.0001223,CN1CCN(C(=O)OC2CCN(c3ncc(C(=O)O)c(C(F)(F)F)n3)CC2)CC1,1,O=C(OC1CCN(c2ncccn2)CC1)N1CCNCC1,0.0000000,0.0000,0.4977973,0.4978,0.9741427,2.6359,23
17.6801,18.2045,-18.1888,0.0001224,CC(C)Cc1ccc(O)cc1,1,c1ccccc1,0.0000000,0.0000,0.4933648,0.4934,0.9952370,1.5199,23
20.4362,20.5666,-20.5502,0.0001284,NC1CN(c2c(F)cc3c(=O)c(C(=O)O)cn(C4CC4)c3c2F)CC1O,1,O=c1ccn(C2CC2)c2cc(N3CCCC3)ccc12,0.0000000,0.0000,0.6002896,0.6003,0.9078753,3.5095,23
19.6808,22.9250,-22.9064,0.0001450,NOCCCN1CCCC1,1,C1CCNC1,0.0000000,0.0000,0.8240861,0.8241,0.9870684,2.1760,23
26.0494,23.9855,-23.9740,0.0000900,CCOC(=O)c1c(NC(=S)NC(=O)c2ccco2)sc2c1CCC(C)C2,1,O=C(NC(=S)Nc1cc2c(s1)CCCC2)c1ccco1,0.0000000,0.0000,0.1998250,0.1998,0.9638193,2.8617,23
22.8506,23.8151,-23.8022,0.0001006,C#CCN(C)CCOc1ccc(C(=O)C=Cc2ccccc2)cc1,1,O=C(C=Cc1ccccc1)c1ccccc1,0.0000000,0.0000,0.2749961,0.2750,0.9865243,2.2032,23
37.4783,36.9582,-36.9503,0.0000618,CCCCC(=CC=CC(=O)O)c1ccccc1OCc1ccc(CCC(=O)O)cc1,1,c1ccc(COc2ccccc2)cc1,0.0000000,0.0000,0.0641293,0.0641,0.9808242,2.4367,23
10.3546,33.9991,-33.9991,0.0000000,CN(C)C=CC=CC(O)=C1C(=O)OC(C)(C)OC1=O,1,C=C1C(=O)OCOC1=O,1.0000000,1.0000,0.6589171,0.6589,0.9244858,3.3682,23
37.8839,35.7114,-35.7043,0.0000548,CN1CCN(CCc2ccc(C3=CCC4CN(CCCSc5nnc(-c6ccccc6OC(F)F)n5C)CC34)cc2)CC1,1,C1=C(c2ccc(CCN3CCNCC3)cc2)C2CN(CCCSc3nnc(-c4ccccc4)[nH]3)CC2C1,0.0000000,0.0000,0.0475111,0.0475,0.8805756,3.6985,23
29.4760,31.0694,-31.0505,0.0001478,CC(=O)NC(C)C(=O)NCC(=O)NC(CCCCN)C(=O)NCCCCN=C(N)N,1,,0.0000000,0.0000,0.8966575,0.8967,0.9415220,3.1897,23
18.0938,22.0239,-22.0075,0.0001280,C=C(C)C(=O)N1CCN(c2ccccc2)CC1,1,c1ccc(N2CCNCC2)cc1,0.0000000,0.0000,0.5650215,0.5650,0.9916533,1.8877,23
29.4272,27.9153,-27.9080,0.0000569,Cc1cn(-c2ccc(OCCN3CCCC3)cc2)c(=O)cc1OCc1ccc(Cl)c(Cl)c1,1,O=c1cc(OCc2ccccc2)ccn1-c1ccc(OCCN2CCCC2)cc1,0.0000000,0.0000,0.0499837,0.0500,0.9833799,2.3419,23
12.1345,26.5287,-26.5105,0.0001422,O=C(O)C=CC=CN1CCOCC1,1,C1COCCN1,0.0000000,0.0000,0.7892125,0.7892,0.9604416,2.9222,23
25.3356,27.5997,-27.5883,0.0000895,CC(C)OC(=O)C1CCCN1C(=O)CCCCCCc1ccccc1,1,O=C(CCCCCCc1ccccc1)N1CCCC1,0.0000000,0.0000,0.1943056,0.1943,0.9803233,2.4539,23
33.3521,32.9619,-32.9526,0.0000724,CC1=C(N2CCC(C)(c3cccc(O)c3)C(C)C2)Cc2cc(O)ccc21,1,C1=C(N2CCC(c3ccccc3)CC2)Cc2ccccc21,0.0000000,0.0000,0.1082508,0.1083,0.8966713,3.5924,23
31.9501,31.2780,-31.2663,0.0000914,CCC(=O)NCc1cccc2c1-c1nc3ccccc3cc1C2,1,c1ccc2c(c1)Cc1cc3ccccc3nc1-2,0.0000000,0.0000,0.2067781,0.2068,0.9836674,2.3303,23
23.1458,24.0593,-24.0489,0.0000812,COc1cccc(-c2ccc(C(=O)NC3CCCCC3)cc2)c1,1,O=C(NC1CCCCC1)c1ccc(-c2ccccc2)cc1,0.0000000,0.0000,0.1443321,0.1443,0.9942629,1.6418,23
21.9374,21.9088,-21.8974,0.0000894,Cc1nc2ccccc2n1-c1cccc(Cl)c1,1,c1ccc(-n2cnc3ccccc32)cc1,0.0000000,0.0000,0.1922558,0.1923,0.9932951,1.7440,23
35.6606,34.7245,-34.7123,0.0000953,CC(C)NC(=O)c1cccc(-n2ccc3cnc(-n4cncc4Cl)nc32)c1,1,c1ccc(-n2ccc3cnc(-n4ccnc4)nc32)cc1,0.0000000,0.0000,0.2365563,0.2366,0.9668883,2.8019,23
21.7667,23.3069,-23.2917,0.0001187,O=C(OC1C(=O)C(=O)c2ccccc21)c1ccccc1,1,O=C(OC1C(=O)C(=O)c2ccccc21)c1ccccc1,0.0000000,0.0000,0.4545176,0.4545,0.9781145,2.5247,23
28.5212,30.8910,-30.8814,0.0000746,CC1=C(C)C2N(C)CC(C)c3c([nH]c4ccccc34)C2(C)C1,1,C1=CC2NCCc3c([nH]c4ccccc34)C2C1,0.0000000,0.0000,0.1254850,0.1255,0.8124760,4.0449,23
29.4389,32.4660,-32.4516,0.0001124,CN1OC(C)(C)C=C1C=CC=Cc1ccc(CO)o1,1,C(C=Cc1ccco1)=CC1=CCON1,0.0000000,0.0000,0.4075457,0.4075,0.8869272,3.6582,23
35.8510,37.2515,-37.2438,0.0000606,CCOC(=O)C1C(=O)C(C(=O)OCC)C(c2cc(C(C)(C)C)cc(C(C)(C)C)c2O)C2=C1CCCC2=O,1,O=C1CC2=C(C(=O)CCC2)C(c2ccccc2)C1,0.0000000,0.0000,0.0677961,0.0678,0.8038116,4.0813,23
20.3399,20.3569,-20.3436,0.0001042,CCc1ccc(-n2cc(C(O)N3CCCCC3)cc2O)cc1,1,c1ccc(-n2ccc(CN3CCCCC3)c2)cc1,0.0000000,0.0000,0.3127682,0.3128,0.9475158,3.1152,23
25.6389,26.4667,-26.4520,0.0001149,Cc1ccc2c(c1)C(=O)C(=O)N2Cc1cccc2c1OCCO2,1,O=C1C(=O)N(Cc2cccc3c2OCCO3)c2ccccc21,0.0000000,0.0000,0.4103613,0.4104,0.9852628,2.2623,23
19.9318,20.4099,-20.3919,0.0001403,Cc1cc(=O)n(C(=O)N(C)C)o1,1,O=c1cco[nH]1,0.0000000,0.0000,0.7632520,0.7633,0.9492621,3.0919,23
17.6611,23.6111,-23.5963,0.0001149,CCCCCCN1C(=O)NC(=O)C(=Cc2ccsc2)C1=O,1,O=C1NC(=O)C(=Cc2ccsc2)C(=O)N1,0.0000000,0.0000,0.4111320,0.4111,0.9806613,2.4424,23
23.8759,22.2750,-22.2586,0.0001281,O=C(NC(Cc1ccccc1)C(=O)O)c1ccc([N+](=O)[O-])o1,1,O=C(NCCc1ccccc1)c1ccco1,0.0000000,0.0000,0.5703127,0.5703,0.9807230,2.4402,23
13.1120,17.9709,-17.9542,0.0001304,c1ccc(N2CCN=N2)cc1,1,c1ccc(N2CCN=N2)cc1,0.0000000,0.0000,0.6046177,0.6046,0.9721365,2.6860,23
28.5719,28.8808,-28.8708,0.0000778,COC1CCC2(CC1)Cc1cc(-c3coc(C)n3)ccc1C21N=C(C)C(=N)N1,1,N=C1C=NC2(N1)c1ccc(-c3cocn3)cc1CC21CCCCC1,0.0000000,0.0000,0.1722388,0.1722,0.5808041,4.7876,23
11.9649,36.3111,73.5826,0.8585451,O=C1C(=O)c2ccccc2C(=O)C1=C(O)C=CC=CN(CCO)CCO,1,C=C1C(=O)C(=O)c2ccccc2C1=O,1.0000000,1.0000,0.6539049,0.6539,0.9442908,3.1562,23
25.5991,27.6098,-27.5923,0.0001365,CN1CCN(c2ccnc3nsnc23)C(=O)C1,1,O=C1CNCCN1c1ccnc2nsnc12,0.0000000,0.0000,0.7011169,0.7011,0.9545132,3.0172,23
25.9292,28.3554,-28.3397,0.0001225,CCOC(=O)N1CCC(N=c2[nH]cc(C(=O)c3cc(F)ccc3O)c(=N)[nH]2)CC1,1,N=c1[nH]c(=NC2CCNCC2)[nH]cc1C(=O)c1ccccc1,0.0000000,0.0000,0.5124759,0.5125,0.9367344,3.2443,23
31.2909,31.5569,-31.5511,0.0000451,CC(C)CCCC(C)C1CCCC2C3CC(=O)C4CC(=O)C(C)(O)CC4C3CCC12C,1,O=C1CCC2C(C1)C(=O)CC1C3CCCCC3CCC21,0.0000000,0.0000,0.0328289,0.0328,0.6007660,4.7338,23
27.5717,28.4300,-28.4129,0.0001336,Cc1[nH]c(=NC(=O)c2ccc(S(N)(=O)=O)cc2)sc1C1OC(CO)C(O)C(O)C1O,1,O=C(N=c1[nH]cc(C2CCCCO2)s1)c1ccccc1,0.0000000,0.0000,0.7495463,0.7495,0.7589294,4.2529,23
35.5239,35.4925,-35.4858,0.0000528,O=C(NCC(NC(=O)c1ccc2[nH]c(=NC(=O)C3CCCCC3)ccc2c1)c1ccccc1)OCc1ccccc1,1,O=C(NCC(NC(=O)c1ccc2[nH]c(=NC(=O)C3CCCCC3)ccc2c1)c1ccccc1)OCc1ccccc1,0.0000000,0.0000,0.0409762,0.0410,0.9366883,3.2448,23
27.6916,26.4667,-26.4546,0.0000943,COc1ccccc1CN=c1[nH]cccc1C(=O)Nc1sc2c(c1C(N)=O)CCCC2,1,O=C(Nc1cc2c(s1)CCCC2)c1ccc[nH]c1=NCc1ccccc1,0.0000000,0.0000,0.2294633,0.2295,0.9651301,2.8368,23
10.3841,42.0373,-42.0373,0.0000000,CN(C)C=CC=CC(O)=C1C(=O)N(C)C(=O)N(C)C1=O,2,C=C1C(=O)NC(=O)NC1=O,0.0000000,1.0000,0.0000000,0.7287,0.0000000,3.1763,23
17.7634,21.2282,-21.2169,0.0000885,COc1ccccc1N1CCN(CCCC(=O)NCc2nc3ccccc3c(=O)n2-c2ccccc2)CC1,1,O=C(CCCN1CCN(c2ccccc2)CC1)NCc1nc2ccccc2c(=O)n1-c1ccccc1,0.0000000,0.0000,0.1875771,0.1876,0.9848688,2.2797,23
32.3508,30.6710,-30.6612,0.0000764,COc1cc(N2CCOCC2)ccc1N=c1[nH]c2c(c(=Nc3ccccc3C(=O)NC3CCCCC3C)[nH]1)CCN2,1,O=C(NC1CCCCC1)c1ccccc1N=c1[nH]c(=Nc2ccc(N3CCOCC3)cc2)[nH]c2c1CCN2,0.0000000,0.0000,0.1364688,0.1365,0.7924284,4.1273,23
34.7685,33.6598,-33.6521,0.0000603,Cc1nc2cc(-c3cccc(Cl)c3)c(F)cc2c(=O)n1CC1CCCN(C(C)C)C1,1,O=c1c2ccc(-c3ccccc3)cc2ncn1CC1CCCNC1,0.0000000,0.0000,0.0603028,0.0603,0.9603625,2.9235,23
9.8055,44.6793,66.5783,0.8691997,CN1C(=O)C(=O)C(=C(O)C=CC=CN2CCCCC2)C1=O,1,O=C1NC(=O)C(=CC=CC=CN2CCCCC2)C1=O,1.0000000,1.0000,0.6795644,0.6796,0.9418336,3.1860,23
20.0478,22.0243,-22.0060,0.0001429,CCCN(C)C(C)=O,1,,0.0000000,0.0000,0.7881376,0.7881,0.9887732,2.0827,23
21.4675,24.8874,-24.8728,0.0001141,CC(C)CC(C(=O)O)N1CCN(CC=Cc2ccccc2)CC1,1,C(=Cc1ccccc1)CN1CCNCC1,0.0000000,0.0000,0.4053038,0.4053,0.9727100,2.6720,23
9.0533,34.4326,77.9135,0.8777041,CC1=CC(=O)C(=O)C1=C(O)C=CC=CN(C)CCO,1,C=C1C=CC(=O)C1=O,1.0000000,1.0000,0.7159338,0.7159,0.9047947,3.5332,23
36.6308,34.9344,-34.9297,0.0000365,CC=C1CN(CCCCC)CC2=C1C(C)(C)Oc1cc(C(C)CC(=O)c3ccccc3)cc(O)c12,1,C=C1CNCC2=C1COc1cc(CCC(=O)c3ccccc3)ccc12,0.0000000,0.0000,0.0138544,0.0139,0.9014852,3.5578,23
37.5244,35.3193,-35.3109,0.0000661,C#CCN(CCCN=c1cc[nH]c2cc(Cl)ccc12)c1ncccc1C(=O)Nc1ccccc1,1,O=C(Nc1ccccc1)c1cccnc1NCCCN=c1cc[nH]c2ccccc12,0.0000000,0.0000,0.0793686,0.0794,0.9567492,2.9828,23
19.9075,19.8099,-19.7970,0.0001007,CN1CCc2ccc(O)cc2C2c3ccccc3CCC21,1,c1ccc2c(c1)CCNC1CCc3ccccc3C21,0.0000000,0.0000,0.2817212,0.2817,0.9538755,3.0267,23
19.4090,22.4129,-22.3963,0.0001296,CC1=CC(C)C(C(=O)O)C1C,1,C1=CCCC1,0.0000000,0.0000,0.6365348,0.6365,0.8584760,3.8257,23
57.3392,57.1850,-57.1729,0.0000948,C=C[N+]1C2CC(OC(=O)c3c(Cl)cccc3Cl)C1C(=NO)C2COCCO,1,N=C1CC2CC(OC(=O)c3ccccc3)C1[NH+]2,0.0000000,0.0000,0.4121902,0.4122,0.3570818,5.3831,23
45.0355,44.7710,-44.7586,0.0000967,COCC1CN(C(=O)c2ccccc2-c2cnc(N3CCOCC3)c3ccccc23)CCO1,1,O=C(c1ccccc1-c1cnc(N2CCOCC2)c2ccccc12)N1CCOCC1,0.0000000,0.0000,0.2486619,0.2487,0.9598107,2.9329,23
29.3633,29.0631,-29.0493,0.0001077,CN(C)c1ccc(C=C(C#N)C(=O)NCCCNCCCCNC(=O)C=Cc2ccc(O)c(O)c2)cc1,1,O=C(C=Cc1ccccc1)NCCCCNCCCNC(=O)C=Cc1ccccc1,0.0000000,0.0000,0.3410176,0.3410,0.9701878,2.7313,23
27.1463,24.9404,-24.9301,0.0000807,CN1CCC(c2c[nH]c3ccc(-n4cnc(-c5ccncc5)c4)cc23)CC1,1,c1cc(-c2cn(-c3ccc4[nH]cc(C5CCNCC5)c4c3)cn2)ccn1,0.0000000,0.0000,0.1427150,0.1427,0.9760224,2.5855,23
24.1970,30.1377,-30.1207,0.0001334,CC(Oc1ccccc1)=C1CC(=O)NC(=O)NC1=O,1,O=C1CC(=COc2ccccc2)C(=O)NC(=O)N1,0.0000000,0.0000,0.6483178,0.6483,0.9706066,2.7218,23
8.7364,38.4089,76.1789,0.8952168,CN(C)C=CC=CC(O)=C1C(=O)CC(=O)N(C)C1=O,1,C=C1C(=O)CC(=O)NC1=O,1.0000000,1.0000,0.7464951,0.7465,0.9328803,3.2855,23
26.4687,27.9524,-27.9379,0.0001134,OC1COC(n2cc(-c3ccccc3)c3c(=NN=Cc4ccccc4)[nH]cnc32)C(O)C1O,1,C(=NN=c1[nH]cnc2c1c(-c1ccccc1)cn2C1CCCCO1)c1ccccc1,0.0000000,0.0000,0.4446627,0.4447,0.7976635,4.1064,23
19.9878,20.7546,-20.7382,0.0001276,CC(C)CC(=O)NC(=S)Nc1cccnc1,1,c1ccncc1,0.0000000,0.0000,0.5614869,0.5615,0.9889566,2.0719,23
12.1421,45.6475,64.4692,0.8602863,CC1=NN(C2OC(CO)C(O)C(O)C2O)C(=O)C1=C(O)C=CC=CN(C)C,1,C=C1C=NN(C2CCCCO2)C1=O,1.0000000,1.0000,0.8196959,0.8197,0.6426634,4.6176,23
21.9896,22.8371,-22.8201,0.0001328,OCCN1CCCC1c1cccc(O)c1,1,c1ccc(C2CCCN2)cc1,0.0000000,0.0000,0.6370622,0.6371,0.9776965,2.5373,23
16.8691,53.9087,64.5818,0.9257071,COCN1C(=O)NC(=O)C(=C(O)C=CC=CN(CCO)CCO)C1=O,1,C=C1C(=O)NC(=O)NC1=O,1.0000000,1.0000,0.8354020,0.8354,0.9134170,3.4651,23
21.7848,23.9782,-23.9656,0.0000988,C=CCC1(C(=O)O)c2ccccc2-c2ccccc21,1,c1ccc2c(c1)Cc1ccccc1-2,0.0000000,0.0000,0.2614145,0.2614,0.9827275,2.3674,23
18.5789,19.5171,-19.5020,0.0001178,CCOC(=O)C1C(C)=NC(C)=C(C(=O)OC)C1c1ccco1,1,C1=CC(c2ccco2)CC=N1,0.0000000,0.0000,0.4539495,0.4539,0.9415210,3.1898,23
8.5547,46.4622,-46.4622,0.0000000,CN1C(=O)C(=O)C(=C(O)C=CC=CN2CCOCC2)C1=O,1,O=C1NC(=O)C(=CC=CC=CN2CCOCC2)C1=O,1.0000000,1.0000,0.7763272,0.7763,0.9344764,3.2687,23
25.9352,25.3309,-25.3202,0.0000836,CC(C)(C)NC(=O)c1ccc(OC2CCN(c3ccnc(OCC(F)F)c3F)C2)cc1,1,c1ccc(OC2CCN(c3ccncc3)C2)cc1,0.0000000,0.0000,0.1623051,0.1623,0.9419839,3.1843,23
26.5375,26.2830,-26.2680,0.0001176,CCCCC(=O)NNC(=O)c1ccccc1-n1nc(C)cc1C,1,c1ccc(-n2cccn2)cc1,0.0000000,0.0000,0.4393898,0.4394,0.9886209,2.0916,23
24.4017,29.1171,-29.1066,0.0000822,CC=CC=CC=CC=CC1=CC2CCCCC2C(O)O1,1,C1=CC2CCCCC2CO1,0.0000000,0.0000,0.1904158,0.1904,0.6528659,4.5885,23
35.3558,35.1970,-35.1825,0.0001135,Cc1ccc(-c2nc(=O)c3cnn(CCCS(=O)(=O)N4CCCCC4)c3[nH]2)cc1,1,O=c1nc(-c2ccccc2)[nH]c2c1cnn2CCCS(=O)(=O)N1CCCCC1,0.0000000,0.0000,0.3987120,0.3987,0.9734471,2.6537,23
17.6838,21.2531,-21.2355,0.0001376,CN1CC(O)(c2ccccc2)CC1=O,1,O=C1CC(c2ccccc2)CN1,0.0000000,0.0000,0.7161312,0.7161,0.9580284,2.9624,23
8.2801,41.7144,-41.7144,0.0000000,CN(C=CC=CC(O)=C1C(=O)c2ccccc2C1=O)CCO,1,C=C1C(=O)c2ccccc2C1=O,1.0000000,1.0000,0.5512517,0.5513,0.9548577,3.0120,23
28.7250,29.8004,-29.7853,0.0001182,CCN1CC2(CCN(C)C2=O)Cc2cc3[nH]c(=O)sc3cc21,1,O=C1NCCC12CNc1cc3sc(=O)[nH]c3cc1C2,0.0000000,0.0000,0.5032387,0.5032,0.7999901,4.0970,23
20.0632,21.8540,-21.8450,0.0000707,CCCc1c(OCCCOc2ccc3c(c2)CCC3CC(=O)O)ccc(C(C)=O)c1O,1,c1ccc(OCCCOc2ccc3c(c2)CCC3)cc1,0.0000000,0.0000,0.0968974,0.0969,0.9594830,2.9384,23
34.3118,43.6316,-43.6177,0.0001079,CCN(CC)CCN(CC=CC1=C(OC)C(=O)C=C(OC)C1=O)C1CCCCC1,1,O=C1C=CC(=O)C(C=CCNC2CCCCC2)=C1,0.0000000,0.0000,0.3482930,0.3483,0.9457185,3.1383,23
12.0009,41.8734,66.1575,0.8439913,CCCCCCN1C(=O)NC(=O)C(=C(O)C=CC=CN(C)CCO)C1=O,1,C=C1C(=O)NC(=O)NC1=O,1.0000000,1.0000,0.6203086,0.6203,0.9466963,3.1258,23
28.0920,27.6683,-27.6555,0.0001002,Cc1cc(C)cc(N2C(=O)CN=C(C#N)C2c2ccccc2)c1,1,O=C1CN=CC(c2ccccc2)N1c1ccccc1,0.0000000,0.0000,0.2787649,0.2788,0.9471192,3.1203,23
9.0533,34.4326,-34.4326,0.0000000,CC1=CC(=O)C(=O)C1=C(O)C=CC=CN(C)CCO,2,C=C1C=CC(=O)C1=O,0.0000000,1.0000,0.0000000,0.7159,0.0000000,3.5332,23
35.2850,36.9529,-36.9360,0.0001321,CSCC(NC(C)=O)C(=O)NC(CC1CCCCC1)C(O)C1OC(CO)C(O)C(O)C1NC(C)=O,1,C1CCC(CCCC2CCCCO2)CC1,0.0000000,0.0000,0.7627134,0.7627,0.6918342,4.4732,23
19.8857,21.9258,-21.9156,0.0000803,O=C1C(Cl)=C(N2CCN(c3ccccc3)CC2)C(=O)N1c1cccc(Cl)c1Cl,1,O=C1C=C(N2CCN(c3ccccc3)CC2)C(=O)N1c1ccccc1,0.0000000,0.0000,0.1401887,0.1402,0.9849970,2.2741,24
27.2668,27.3401,-27.3254,0.0001149,CCOC(=O)c1cn(CN2CCOCC2)cc1-c1ccccc1,1,c1ccc(-c2ccn(CN3CCOCC3)c2)cc1,0.0000000,0.0000,0.4105749,0.4106,0.9831303,2.3517,24
21.7532,46.7667,51.9482,0.7712097,CN(C)C=CC=CC(O)=C1C(=O)NC(=O)N1c1ccc(F)cc1,1,C=C1C(=O)NC(=O)N1c1ccccc1,1.0000000,1.0000,0.4719556,0.4720,0.9513241,3.0635,24
8.8395,31.7411,66.0849,0.7642661,CN(C=CC=CC(O)=C1C(=O)CCCC1(C)C)CCO,1,C=C1CCCCC1=O,1.0000000,1.0000,0.4765864,0.4766,0.8918385,3.6257,24
8.9127,29.8376,-29.8376,0.0000000,CN(C)C=CC=CC(O)=C1C(=O)c2ccccc2C1=O,1,C=C1C(=O)c2ccccc2C1=O,1.0000000,1.0000,0.4573009,0.4573,0.9671258,2.7971,24
23.6848,24.1883,-24.1744,0.0001091,CN(C)CCN(C(=O)c1cccc(S(=O)(=O)N2CCOCC2)c1)c1nc2cc3c(cc2s1)OCO3,1,O=C(Nc1nc2cc3c(cc2s1)OCO3)c1cccc(S(=O)(=O)N2CCOCC2)c1,0.0000000,0.0000,0.3538741,0.3539,0.9744293,2.6285,24
17.2988,19.4993,-19.4848,0.0001133,CC1CCCN(C(=O)C=Cc2ccccc2)C1,1,O=C(C=Cc1ccccc1)N1CCCCC1,0.0000000,0.0000,0.3937986,0.3938,0.9846483,2.2893,24
13.0968,46.0423,65.6733,0.8727774,CC1(C)OC(=O)C(=C(O)C=CC=CN(O)C=O)C(=O)O1,1,C=C1C(=O)OCOC1=O,1.0000000,1.0000,0.7268930,0.7269,0.8554016,3.8420,24
21.2615,21.6421,-21.6291,0.0001016,CCc1ccc(NC(=O)CN2C(=O)CSc3ccccc32)cc1,1,O=C(CN1C(=O)CSc2ccccc21)Nc1ccccc1,0.0000000,0.0000,0.2824703,0.2825,0.9908584,1.9475,24
19.0792,27.0852,-27.0666,0.0001453,O=C1C(=O)N(CC2CC2)C(=O)N1O,1,O=C1NC(=O)N(CC2CC2)C1=O,0.0000000,0.0000,0.8427472,0.8427,0.9605702,2.9199,24
26.5417,25.8445,-25.8265,0.0001409,CC(C)NC1CC(C(=O)O)CC1N,1,C1CCCC1,0.0000000,0.0000,0.8095301,0.8095,0.8747516,3.7338,24
19.0290,19.9056,-19.8915,0.0001106,CC1(C)CNC(=Nc2ccccc2)SC1,1,c1ccc(N=C2NCCCS2)cc1,0.0000000,0.0000,0.3758483,0.3758,0.9414672,3.1904,24
26.6795,28.6164,-28.5993,0.0001337,CCCCCCCC=CC(=O)N(C)CC(N)=O,1,,0.0000000,0.0000,0.6464253,0.6464,0.9842958,2.3043,24
17.0812,19.2696,-19.2527,0.0001321,O=C(CN1C(=O)c2ccccc2C1=O)NC1CCCC1,1,O=C(CN1C(=O)c2ccccc2C1=O)NC1CCCC1,0.0000000,0.0000,0.6210081,0.6210,0.9924636,1.8207,24
25.9982,28.8869,-28.8729,0.0001094,C=CCCCCCCCC=CCCNC(N)=O,1,,0.0000000,0.0000,0.3558450,0.3558,0.9787698,2.5044,24
19.3508,23.5828,-23.5657,0.0001334,CC1=NCC2(CCC2)NC1=N,1,N=C1C=NCC2(CCC2)N1,0.0000000,0.0000,0.7478768,0.7479,0.7546733,4.2680,24
20.9003,56.4114,-56.3946,0.0001310,O=C1C=NC(=O)C(=C(O)C=CC=CC=CN2CCCC2)C1=O,1,O=C1C=NC(=O)C(=CC=CC=CC=CN2CCCC2)C1=O,0.0000000,0.0000,0.6426254,0.6426,0.8938512,3.6120,24
24.3886,25.1258,-25.1101,0.0001222,O=C(NC(=S)N=c1[nH]cccc1Cl)c1ccco1,1,O=C(NC(=S)N=c1cccc[nH]1)c1ccco1,0.0000000,0.0000,0.5040382,0.5040,0.9489676,3.0959,24
28.9738,28.4272,-28.4159,0.0000885,O=c1sn(-c2ccc(C(F)(F)F)cc2)c(=O)n1Cc1ccc2ncccc2c1,1,O=c1sn(-c2ccccc2)c(=O)n1Cc1ccc2ncccc2c1,0.0000000,0.0000,0.1884882,0.1885,0.9767575,2.5647,24
9.7787,46.7665,-46.7665,0.0000000,CCCN1C(=O)NC(=O)C(=C(O)C=CC=CN(C)CCO)C1=O,1,C=C1C(=O)NC(=O)NC1=O,1.0000000,1.0000,0.7445368,0.7445,0.9373391,3.2377,24
27.7471,29.5401,-29.5251,0.0001173,CC1CN(C(C)C)CCC1NC(=O)CCn1c(O)c2c(c1O)CC=CC2,1,O=C(CCn1cc2c(c1)CC=CC2)NC1CCNCC1,0.0000000,0.0000,0.4704349,0.4704,0.8659031,3.7849,24
19.8871,23.6573,-23.6390,0.0001431,CCOC(=O)N1CCN(C(=O)CN2CCOCC2)CC1,1,O=C(CN1CCOCC1)N1CCNCC1,0.0000000,0.0000,0.7909285,0.7909,0.9907811,1.9530,24
19.0199,23.3346,-23.3252,0.0000734,O=C(Nc1ccccc1)C(C=CCc1ccccc1)=NC(=O)c1ccccc1,1,O=C(Nc1ccccc1)C(C=CCc1ccccc1)=NC(=O)c1ccccc1,0.0000000,0.0000,0.1069750,0.1070,0.9840586,2.3143,24
26.8714,29.1605,-29.1442,0.0001276,CCSC1=CC(=O)c2c(ccn(C)c2=O)C1,1,O=C1C=CCc2cc[nH]c(=O)c21,0.0000000,0.0000,0.5805822,0.5806,0.9326431,3.2880,24
14.8767,38.3700,75.1462,0.8868456,COC1=CC(=O)NC(=O)C1=C(O)C=CC=CN(C)C,1,C=C1C=CC(=O)NC1=O,1.0000000,1.0000,0.7337587,0.7338,0.9151320,3.4509,24
25.2167,25.8378,-25.8251,0.0000985,c1ccc2oc(-c3cc[nH]c(=NCCc4ccncc4)n3)cc2c1,1,c1ccc2oc(-c3cc[nH]c(=NCCc4ccncc4)n3)cc2c1,0.0000000,0.0000,0.2625796,0.2626,0.9610494,2.9117,24
13.6810,16.7028,-16.6906,0.0000951,CN1CCN(C2=Nc3ccccc3CC=C2c2ccccc2)CC1,1,C1=C(c2ccccc2)C(N2CCNCC2)=Nc2ccccc2C1,0.0000000,0.0000,0.2329129,0.2329,0.9822595,2.3851,24
36.5400,37.1774,-37.1627,0.0001154,Cc1nc2c(c(-c3cn[nH]c3)n1)CN(CC(=O)N(C)CCc1ccccc1)CC2,1,O=C(CN1CCc2ncnc(-c3cn[nH]c3)c2C1)NCCc1ccccc1,0.0000000,0.0000,0.4188075,0.4188,0.9720358,2.6884,24
26.0501,31.9989,-31.9831,0.0001236,C=CC(=C)C=C1C(=N)N2C=CSC2=NC1=O,1,C=C1C(=N)N2C=CSC2=NC1=O,0.0000000,0.0000,0.5730964,0.5731,0.8070518,4.0678,24
24.9452,27.1721,-27.1612,0.0000852,CC(=Cc1ccccc1)C1=CCCN1Cc1ccccn1,1,C(=Cc1ccccc1)C1=CCCN1Cc1ccccn1,0.0000000,0.0000,0.1681885,0.1682,0.9758750,2.5896,24
30.4712,29.5548,-29.5427,0.0000951,CC(=O)NCCCc1nc2cnccc2n1Cc1cccc(C(F)(F)F)c1,1,c1ccc(Cn2cnc3cnccc32)cc1,0.0000000,0.0000,0.2330496,0.2330,0.9838678,2.3221,24
23.6226,22.6707,-22.6648,0.0000461,COc1ccc(C2=C(C#N)C(=O)NC(c3ccc(CCCCC(F)(F)F)cc3)(C(F)(F)F)C2)cc1,1,O=C1C=C(c2ccccc2)CC(c2ccccc2)N1,0.0000000,0.0000,0.0275793,0.0276,0.9158052,3.4452,24
11.7899,44.1776,63.2007,0.8388926,CN1C(=O)NC(=O)C(=C(O)C=CC=CN2C(=O)c3ccccc3C2=O)C1=O,1,O=C1NC(=O)C(=CC=CC=CN2C(=O)c3ccccc3C2=O)C(=O)N1,1.0000000,1.0000,0.6082948,0.6083,0.9489839,3.0957,24
26.0744,27.3268,-27.3110,0.0001230,CC1(C)CON(CCN2CCC(n3c(=O)[nH]c4ccccc43)CC2)C1=O,1,O=C1CCON1CCN1CCC(n2c(=O)[nH]c3ccccc32)CC1,0.0000000,0.0000,0.5091425,0.5091,0.9659187,2.8214,24
19.1541,21.7427,-21.7259,0.0001311,NC1CC(N)CN(c2nc(=Nc3ccccc3)nc(N3CC(N)CC(O)C3)[nH]2)C1,1,c1ccc(N=c2nc(N3CCCCC3)[nH]c(N3CCCCC3)n2)cc1,0.0000000,0.0000,0.7429776,0.7430,0.6976463,4.4553,24
27.0331,30.9905,-30.9738,0.0001305,CCN1CCC(=O)N(C(CCO)CN(C)Cc2ccccc2)CC1,1,O=C1CCNCCN1CCNCc1ccccc1,0.0000000,0.0000,0.6098069,0.6098,0.9606618,2.9184,24
27.8706,40.3859,-40.3691,0.0001314,CN(C)C(=C1C(=O)CN(C)C(=O)N(C)C1=O)c1ccc2c(c1)OCO2,1,O=C1NCC(=O)C(=Cc2ccc3c(c2)OCO3)C(=O)N1,0.0000000,0.0000,0.6245349,0.6245,0.9568452,2.9813,24
7.4809,39.9295,-39.9295,0.0000000,CN1C(=O)C(=C(O)C=CC=CN2CCOCC2)C(=O)N(C)C1=O,1,O=C1NC(=O)C(=CC=CC=CN2CCOCC2)C(=O)N1,1.0000000,1.0000,0.7196373,0.7196,0.9388744,3.2204,24
18.9739,47.5671,59.7512,0.8384239,CC1(O)OC(=O)C(=C(O)C=CC=CN2CCCCC2)C1=O,1,O=C1COC(=O)C1=CC=CC=CN1CCCCC1,1.0000000,1.0000,0.6491216,0.6491,0.8445272,3.8976,24
34.6578,34.4626,-34.4487,0.0001083,CC(=O)Nc1ccc(NC(O)CN(C)CC(=O)Nc2ccccc2Br)cc1,1,O=C(CNCCNc1ccccc1)Nc1ccccc1,0.0000000,0.0000,0.3466177,0.3466,0.9687524,2.7629,24
26.7371,32.4167,-32.4003,0.0001285,C=CCON=C1OC(=O)C(C(=C)C)=C1C,1,N=C1C=CC(=O)O1,0.0000000,0.0000,0.6179723,0.6180,0.8644140,3.7932,24
42.7764,41.8409,-41.8363,0.0000362,C=CC(OC(C)=O)c1ccc(OCCCCCCCCCCc2cccc(OC(=O)OC)c2OC(C)=O)cc1,1,c1ccc(CCCCCCCCCCOc2ccccc2)cc1,0.0000000,0.0000,0.0131381,0.0131,0.9389763,3.2193,24
27.6523,32.0604,-32.0450,0.0001205,O=C(N=c1[nH]ccs1)N1CCCC2(CCN(C3COC3)CC2)C1,1,O=C(N=c1[nH]ccs1)N1CCCC2(CCN(C3COC3)CC2)C1,0.0000000,0.0000,0.5249449,0.5249,0.8234407,3.9969,24
12.9819,48.3586,65.7303,0.8913197,CN1C(=O)CC(=O)C(=C(O)C=CC=CN2CCOCC2)C1=O,1,O=C1CC(=O)C(=CC=CC=CN2CCOCC2)C(=O)N1,1.0000000,1.0000,0.7375374,0.7375,0.9312232,3.3026,24
20.9785,23.3069,-23.2878,0.0001485,O=C1CNC(=O)C(CN2CCOCC2)N1,1,O=C1CNC(=O)C(CN2CCOCC2)N1,0.0000000,0.0000,0.9045994,0.9046,0.9507965,3.0709,24
36.3664,44.4047,-44.3931,0.0000906,C=CC(OC)=C1C(=O)C2(OC)CCCC=C2Cc2ccccc21,1,C=C1C(=O)C2CCCC=C2Cc2ccccc21,0.0000000,0.0000,0.2201971,0.2202,0.8436471,3.9019,24
27.0936,28.6948,-28.6790,0.0001236,COCOc1ccc(C2CC23CCN(C)C3=O)cc1,1,O=C1NCCC12CC2c1ccccc1,0.0000000,0.0000,0.5477201,0.5477,0.8730114,3.7441,24
23.3528,23.7474,-23.7333,0.0001104,C1=CC2CN(CCc3ccccc3)CC2CC1,1,C1=CC2CN(CCc3ccccc3)CC2CC1,0.0000000,0.0000,0.3706008,0.3706,0.9543193,3.0201,24
30.0887,28.9525,-28.9431,0.0000735,CCNC(=O)c1cccc(NC(=O)Nc2ccccc2SC(F)(F)F)c1,1,O=C(Nc1ccccc1)Nc1ccccc1,0.0000000,0.0000,0.1072462,0.1072,0.9880413,2.1244,24
9.2238,45.3076,70.8242,0.9072801,CCN1C(=O)NC(=O)C(=C(O)C=CC=CN(C)CCO)C1=O,1,C=C1C(=O)NC(=O)NC1=O,1.0000000,1.0000,0.7767373,0.7767,0.9336035,3.2780,24
23.5192,23.2952,-23.2788,0.0001280,O=C(Nn1cnnc1)C1CCN(S(=O)(=O)c2ccc(Cl)cc2)CC1,1,O=C(Nn1cnnc1)C1CCN(S(=O)(=O)c2ccccc2)CC1,0.0000000,0.0000,0.5689681,0.5690,0.9816685,2.4068,24
26.0417,25.4169,-25.4017,0.0001187,CCc1ncnc(-c2ccc(C(=O)N3CCN(CC(N)=O)CC3)c(F)c2)c1C#Cc1ccc(=N)[nH]c1,1,N=c1ccc(C#Cc2cncnc2-c2ccc(C(=O)N3CCNCC3)cc2)c[nH]1,0.0000000,0.0000,0.4643457,0.4643,0.9431319,3.1704,24
20.6316,20.0842,-20.0756,0.0000678,c1ccc(-c2csc3ncnc(N4CCc5ccccc5C4)c23)cc1,1,c1ccc(-c2csc3ncnc(N4CCc5ccccc5C4)c23)cc1,0.0000000,0.0000,0.0841655,0.0842,0.9867983,2.1896,24
26.9208,25.0485,-25.0335,0.0001172,Cc1cn(C(=O)c2ccc3ccccc3c2)nn1,1,O=C(c1ccc2ccccc2c1)n1ccnn1,0.0000000,0.0000,0.4362212,0.4362,0.9844745,2.2968,24
23.4981,23.5023,-23.4867,0.0001216,CCCCNC(=O)c1cccc(OCC)c1,1,c1ccccc1,0.0000000,0.0000,0.4839142,0.4839,0.9954509,1.4899,24
26.3235,27.0157,-26.9996,0.0001255,COC(=O)C(CCc1ccccc1)=NC(=O)C1C(C)C1C(=O)O,1,O=C(N=CCCc1ccccc1)C1CC1,0.0000000,0.0000,0.5667828,0.5668,0.8884124,3.6485,24
25.9742,30.2758,-30.2600,0.0001234,NC1C(=O)OC(=O)N(Cc2ccc(Oc3ccccc3)cc2)C1=O,1,O=C1CC(=O)N(Cc2ccc(Oc3ccccc3)cc2)C(=O)O1,0.0000000,0.0000,0.5131555,0.5132,0.9704335,2.7258,24
25.8327,23.9900,-23.9792,0.0000840,CCCCC(c1nnnn1C(C)(C)C)N1CCN(c2cccc(Cl)c2)CC1,1,c1ccc(N2CCN(Cc3nnn[nH]3)CC2)cc1,0.0000000,0.0000,0.1627374,0.1627,0.9625580,2.8849,24
24.2511,29.3364,-29.3204,0.0001255,CC1C(=O)NCC(=O)N1Cc1csc(-c2ccccc2)n1,1,O=C1CN(Cc2csc(-c3ccccc3)n2)C(=O)CN1,0.0000000,0.0000,0.5415157,0.5415,0.9658220,2.8233,24
32.5648,33.2627,-33.2574,0.0000417,C=C(C)C1CCC2(C(C)=O)CCC3(C)C(CCC4C5(C)CC(=O)C(=O)C(=O)C(C)C5CCC43C)C12,1,O=C1CC2CCC3C(CCC4C5CCCC5CCC43)C2CC(=O)C1=O,0.0000000,0.0000,0.0292795,0.0293,0.4872361,5.0333,24
9.3518,38.8287,-38.8287,0.0000000,CC1(C)OC(=O)C(=C(O)C=CC=CN2CCOCC2)C(=O)O1,1,O=C1OCOC(=O)C1=CC=CC=CN1CCOCC1,1.0000000,1.0000,0.6540733,0.6541,0.9242561,3.3703,24
41.6713,52.8646,-52.8599,0.0000364,COC(C=CC1=C(C)CCCC1(C)C)=CC=CC=C(C)C(=O)OC=CC=CC(O)CCC1OC1(C)C,1,O=C(C=CC=CC=CC=CC1=CCCCC1)OC=CC=CCCCC1CO1,0.0000000,0.0000,0.0171262,0.0171,0.6115791,4.7043,24
8.5475,40.3571,34.1830,0.5823443,CCCCN(C)C=CC=CC(O)=C1C(=O)N(c2ccccc2)N=C1C,1,C=C1C=NN(c2ccccc2)C1=O,1.0000000,1.0000,0.2023337,0.2023,0.9584614,2.9553,24
26.5773,29.2582,-29.2416,0.0001296,CC1(C)Cc2c(cccc2C2=CC(O)C(O)C(CO)O2)C(=O)O1,1,O=C1OCCc2c1cccc2C1=CCCCO1,0.0000000,0.0000,0.6559765,0.6560,0.8143405,4.0369,24
22.5055,24.2051,-24.1885,0.0001300,N=C(N)c1ccc(CNC(=O)C2CCCCC2C(=O)O)cc1,1,O=C(NCc1ccccc1)C1CCCCC1,0.0000000,0.0000,0.5999186,0.5999,0.9686035,2.7661,24
29.9834,29.7487,-29.7375,0.0000874,CC(=O)N=c1[nH]c(=O)c2scc(-c3ccccc3C(F)(F)F)c2s1,1,N=c1[nH]c(=O)c2scc(-c3ccccc3)c2s1,0.0000000,0.0000,0.1847947,0.1848,0.9455262,3.1408,24
21.2932,22.1563,-22.1442,0.0000944,COc1ccc2c(c1)C1c3ccccc3C2N(C)C1C,1,c1ccc2c(c1)C1CNC2c2ccccc21,0.0000000,0.0000,0.2552179,0.2552,0.8083986,4.0622,24
8.4465,37.7131,45.7735,0.6522392,O=C1C(=C(O)C=CC=CN2CCCCC2)C(=O)c2ccccc21,1,O=C1C(=CC=CC=CN2CCCCC2)C(=O)c2ccccc21,1.0000000,1.0000,0.2831301,0.2831,0.9652963,2.8336,24
17.9010,24.4612,-24.4451,0.0001258,C=C1C(=O)C(O)OC1c1ccc(Cl)cc1,1,C=C1C(=O)COC1c1ccccc1,0.0000000,0.0000,0.5655459,0.5655,0.9041897,3.5377,24
16.6302,23.2209,-23.2053,0.0001218,CN(C)CCC=C1OCc2ccccc21,1,C=C1OCc2ccccc21,0.0000000,0.0000,0.4918682,0.4919,0.9737337,2.6464,24
19.0847,19.3348,-19.3242,0.0000825,O=C1CC(=Nc2ccc(C(F)(F)F)cc2)C(=O)c2ccccc21,1,O=C1CC(=Nc2ccccc2)C(=O)c2ccccc21,0.0000000,0.0000,0.1524362,0.1524,0.9806572,2.4425,24
21.6959,23.4245,-23.4073,0.0001342,CCCCC1CN(C)C(N(C)C)=N1,1,C1=NCCN1,0.0000000,0.0000,0.6990586,0.6991,0.8774712,3.7175,24
22.5195,39.9643,-39.9643,0.0000000,O=C1N(CC(NC)=O)C(=O)C(=C([N-]C(C)=O)=O)C1=O,0,,0.0000000,0.0000,0.0000000,0.0000,0.0000000,0.0000,24
30.9353,29.1033,-29.0916,0.0000914,Cc1cc(CN2CCNC(C)C2)ccc1C(=O)Cn1ccc(OCc2ccccc2F)cc1=O,1,O=C(Cn1ccc(OCc2ccccc2)cc1=O)c1ccc(CN2CCNCC2)cc1,0.0000000,0.0000,0.2106345,0.2106,0.9549103,3.0112,24
43.1209,41.1906,-41.1849,0.0000449,COc1ccccc1C(=O)c1ccc2[nH]c3nc(-c4ccc(F)cc4)c(-c4ccccn4)nc3c2c1,1,O=C(c1ccccc1)c1ccc2[nH]c3nc(-c4ccccc4)c(-c4ccccn4)nc3c2c1,0.0000000,0.0000,0.0245501,0.0246,0.9784670,2.5138,24
22.7223,25.0912,-25.0745,0.0001309,Cc1cn(C2CC3(OCC(O)C(O)C3O)C(CO)O2)c(=O)[nH]c1=O,1,O=c1ccn(C2CC3(CCCCO3)CO2)c(=O)[nH]1,0.0000000,0.0000,0.8815408,0.8815,0.5128299,4.9666,24
26.9200,29.2558,-29.2558,0.0000000,C1N(C(=O)CC(C)C)CCN=C1c2cccnc1,0,,0.0000000,0.0000,0.0000000,0.0000,0.0000000,0.0000,24
20.2644,21.5106,-21.4986,0.0000941,COc1ccc(C=CC=CC(=O)c2ccccc2O)cc1,1,O=C(C=CC=Cc1ccccc1)c1ccccc1,0.0000000,0.0000,0.2251778,0.2252,0.9888838,2.0762,24
20.9915,22.5404,-22.5260,0.0001130,Fc1ccccc1N1CCN(CC2COC3(CCCC3)OO2)CC1,1,c1ccc(N2CCN(CC3COC4(CCCC4)OO3)CC2)cc1,0.0000000,0.0000,0.4096190,0.4096,0.9061329,3.5230,24
17.2644,19.5009,-19.4857,0.0001185,CCOC(=O)N1CCC(N2CCC3(CC2)C(=O)NCN3c2ccccc2)CC1,1,O=C1NCN(c2ccccc2)C12CCN(C1CCNCC1)CC2,0.0000000,0.0000,0.4571905,0.4572,0.9578179,2.9658,24
30.9294,28.9016,-28.8883,0.0001046,CC(=O)Nc1ccc(NC(=O)COC(=O)CC(C)NC(=O)c2ccccc2Cl)cc1,1,O=C(COC(=O)CCNC(=O)c1ccccc1)Nc1ccccc1,0.0000000,0.0000,0.3098505,0.3099,0.9816206,2.4086,24
28.8468,31.6526,-31.6526,0.0000000,COc1c2c(cc(O)c1OC)CCC(NCC=C)c1cc(=O)c(=CC)ccc1-2,0,,0.0000000,0.0000,0.0000000,0.0000,0.0000000,0.0000,24
28.1196,29.9491,-29.9334,0.0001225,CCCCCNC(=O)c1ccc2c(=O)n(C3CCN(C)CC3)c(=O)[nH]c2c1,1,O=c1[nH]c2ccccc2c(=O)n1C1CCNCC1,0.0000000,0.0000,0.4978125,0.4978,0.9848433,2.2809,24
31.3700,41.8693,-41.8540,0.0001195,CN1CC(O)C(=CC=CC=CC=CC=CC=CC=CC(=O)O)C1=O,1,C=C1CCNC1=O,0.0000000,0.0000,0.5256437,0.5256,0.7847364,4.1574,24
21.0109,20.0861,-20.0704,0.0001228,CC1CC(=O)NN=C1c1ccc2cccnc2c1,1,O=C1CCC(c2ccc3cccnc3c2)=NN1,0.0000000,0.0000,0.5077494,0.5077,0.9621389,2.8924,24
23.4902,26.7948,-26.7778,0.0001326,O=C1CCc2ccccc2N1CCN1CCC(CO)C1,1,O=C1CCc2ccccc2N1CCN1CCCC1,0.0000000,0.0000,0.6343448,0.6343,0.9755552,2.5984,24
30.0452,30.5863,-30.5689,0.0001359,COc1ccc2c(c1O)C(O)C(=O)C(=[N+]=[N-])C2,1,[N+]=C1Cc2ccccc2CC1=O,0.0000000,0.0000,0.7375091,0.7375,0.8534836,3.8520,24
28.0941,27.7550,-27.7423,0.0000989,N#Cc1cccc(NC(=O)N2CCCC2C(=O)Nc2ccc(C=CC(=O)O)cc2)c1,1,O=C(Nc1ccccc1)C1CCCN1C(=O)Nc1ccccc1,0.0000000,0.0000,0.2634048,0.2634,0.9737694,2.6455,24
37.0442,36.1655,-36.1511,0.0001123,CC(=O)c1ccc(CO[N+](=O)[O-])c(OS(=O)(=O)c2ccccc2C)c1,1,O=S(=O)(Oc1ccccc1)c1ccccc1,0.0000000,0.0000,0.3841155,0.3841,0.9812343,2.4224,24
9.1141,37.1507,-37.1507,0.0000000,CC1OC(=O)C(=C(O)C=CC=CN(C)C)C1=O,1,C=C1C(=O)COC1=O,1.0000000,1.0000,0.7137972,0.7138,0.8408679,3.9155,24
28.3012,23.8538,-23.8433,0.0000819,N#Cc1ccc(C2C3=C(CCC3=O)N(c3cccc(C(F)(F)F)c3)C(=O)N2C(=O)NC2CNC2)cc1,1,O=C1CCC2=C1C(c1ccccc1)N(C(=O)NC1CNC1)C(=O)N2c1ccccc1,0.0000000,0.0000,0.1550746,0.1551,0.9152860,3.4496,24
31.2589,29.8787,-29.8648,0.0001083,CCCNC(=O)C(C#N)C(C)=Nc1cc(Cl)ccc1OC,1,c1ccccc1,0.0000000,0.0000,0.3524325,0.3524,0.9434395,3.1667,24
8.1856,40.1488,-40.1488,0.0000000,CN1CCN(C=CC=CC(O)=C2C(=O)NC(=O)NC2=O)CC1,1,O=C1NC(=O)C(=CC=CC=CN2CCNCC2)C(=O)N1,1.0000000,1.0000,0.7876139,0.7876,0.9419320,3.1849,24
18.8221,19.8325,-19.8165,0.0001257,CNC(=O)OCc1ccccc1Cl,1,c1ccccc1,0.0000000,0.0000,0.5343398,0.5343,0.9932688,1.7465,24
27.4540,28.4319,-28.4247,0.0000567,CCOC(=O)C1C(C)=NC(C)=C(C(=O)OCCC(C)C)C1c1c(-c2ccc(C)cc2)noc1C,1,C1=CC(c2conc2-c2ccccc2)CC=N1,0.0000000,0.0000,0.0513181,0.0513,0.9158522,3.4448,24
23.4915,25.3202,-25.3077,0.0000976,O=C(C=Cc1ccccc1)N=NNc1ccccc1,1,O=C(C=Cc1ccccc1)N=NNc1ccccc1,0.0000000,0.0000,0.2513102,0.2513,0.9843397,2.3025,24
35.0015,37.0145,-36.9979,0.0001301,COC(=O)C1C(C)=NC(=O)C1C(=O)N1CCC(C(=O)N=c2cc(C)o[nH]2)CC1,1,O=C(N=c1cco[nH]1)C1CCN(C(=O)C2CC=NC2=O)CC1,0.0000000,0.0000,0.6768980,0.6769,0.7888120,4.1415,24
9.2670,40.0898,50.7924,0.7100173,CCCCN(C)C=CC=CC(O)=C1C(=O)NC(=O)N(Cc2ccccc2)C1=O,1,C=C1C(=O)NC(=O)N(Cc2ccccc2)C1=O,1.0000000,1.0000,0.3654060,0.3654,0.9645045,2.8488,24
34.5986,37.3983,-37.3874,0.0000852,CCC(C)C(NC(=O)CN1CCc2cc(-c3ncccc3C)ccc2C1C1CC1)C(=O)O,1,c1ccc(-c2ccc3c(c2)CCNC3C2CC2)nc1,0.0000000,0.0000,0.1743131,0.1743,0.9149731,3.4522,24
25.7799,26.5975,-26.5873,0.0000799,COc1cc(-c2noc(C)c2-c2ccc(O)c(C)c2)cc(OC)c1OC,1,c1ccc(-c2conc2-c2ccccc2)cc1,0.0000000,0.0000,0.1382461,0.1382,0.9846338,2.2899,24
25.6123,24.4241,-24.4096,0.0001137,Cc1ccc2oc(Cn3cc(C(O)O)cc3O)c(C)c2c1,1,c1ccc2oc(Cn3cccc3)cc2c1,0.0000000,0.0000,0.4055640,0.4056,0.9525257,3.0464,24
29.4572,29.3880,-29.3718,0.0001268,C=CC1c2ccc(C(=O)O)cc2CC1C(=O)O,1,c1ccc2c(c1)CCC2,0.0000000,0.0000,0.5711087,0.5711,0.9288119,3.3267,24
7.4955,47.7238,-47.7238,0.0000000,CN(C=CC=CC(O)=C1C(=O)NC(=O)N(C2CCCC2)C1=O)CCO,1,C=C1C(=O)NC(=O)N(C2CCCC2)C1=O,1.0000000,1.0000,0.6710328,0.6710,0.9388975,3.2202,24
11.4727,35.4168,61.8807,0.7601364,COCCN(C)C=CC=CC(O)=C1C(=O)c2ccccc2C1=O,1,C=C1C(=O)c2ccccc2C1=O,1.0000000,1.0000,0.4498002,0.4498,0.9591709,2.9436,24
23.8374,24.3809,-24.3647,0.0001268,CCCCC(CC)C(=O)N1CCCC1C(=O)O,1,C1CCNC1,0.0000000,0.0000,0.5580099,0.5580,0.9669971,2.7997,24
37.8044,35.9835,-35.9724,0.0000865,O=c1c2cc([N+](=O)[O-])ccc2n(CC2=NOC(c3ccco3)C2)n1-c1ccccc1,1,O=c1c2ccccc2n(CC2=NOC(c3ccco3)C2)n1-c1ccccc1,0.0000000,0.0000,0.1828262,0.1828,0.9156665,3.4464,24
19.7483,20.3956,-20.3822,0.0001046,CCCCCCCCOC(=O)c1ccncc1,1,c1ccncc1,0.0000000,0.0000,0.3083132,0.3083,0.9930940,1.7634,24
18.3122,20.1694,-20.1520,0.0001357,Cc1cccc2c1N(C)C(=O)C2=O,1,O=C1Nc2ccccc2C1=O,0.0000000,0.0000,0.6749305,0.6749,0.9881961,2.1158,24
16.4969,17.3294,-17.3111,0.0001431,Cc1cn(C2CC(CO)C(CO)O2)c(=O)[nH]c1=O,1,O=c1ccn(C2CCCO2)c(=O)[nH]1,0.0000000,0.0000,0.8387495,0.8387,0.8918521,3.6256,24
19.6514,21.6756,-21.6576,0.0001408,NCC1C=CC(O)C1O,1,C1=CCCC1,0.0000000,0.0000,0.8959358,0.8959,0.7296793,4.3531,24
19.8045,21.1351,-21.1215,0.0001063,CSc1nnc2c(n1)CC(C)(C)N(C(C)=O)c1ccccc1-2,1,c1ccc2c(c1)NCCc1ncnnc1-2,0.0000000,0.0000,0.3295160,0.3295,0.9624974,2.8860,24
37.0885,40.7019,-40.6879,0.0001093,C=CC(C)=CCOCCN=c1[nH]c(=NCCCC)[nH]c(=NCCCCCC)[nH]1,1,N=c1[nH]c(=N)[nH]c(=N)[nH]1,0.0000000,0.0000,0.3939449,0.3939,0.8124885,4.0448,24
11.8087,45.3558,52.5013,0.7645084,O=C1CCOC(=O)C1=C(O)C=CC=CNc1ccccc1,1,O=C1CCOC(=O)C1=CC=CC=CNc1ccccc1,1.0000000,1.0000,0.4570567,0.4571,0.9611897,2.9092,24
17.8382,33.1327,-33.1195,0.0001034,CN1C(=O)C(=C(O)C=Cc2ccccc2)C(=O)N(c2ccccc2)C1=O,1,O=C1NC(=O)N(c2ccccc2)C(=O)C1=CC=Cc1ccccc1,0.0000000,0.0000,0.2991703,0.2992,0.9830978,2.3530,24
9.2609,44.8890,52.8988,0.7639669,O=C1NC(=O)N(Cc2ccccc2)C(=O)C1=C(O)C=CC=CN1CCCC1,1,O=C1NC(=O)N(Cc2ccccc2)C(=O)C1=CC=CC=CN1CCCC1,1.0000000,1.0000,0.4546717,0.4547,0.9664286,2.8112,24
15.2542,21.8493,-21.8321,0.0001343,C=CCN1C(=O)C(=CN2CCN(C)CC2)SC1=S,1,O=C1NC(=S)SC1=CN1CCNCC1,0.0000000,0.0000,0.6635583,0.6636,0.9642686,2.8533,24
22.3627,21.4252,-21.4106,0.0001143,CCOC(=O)C1C(=O)N=C(c2ccccc2)NC1c1cccc([N+](=O)[O-])c1,1,O=C1CC(c2ccccc2)NC(c2ccccc2)=N1,0.0000000,0.0000,0.4152737,0.4153,0.9385175,3.2245,24
29.9926,32.2687,-32.2589,0.0000764,CCCCCCOC(=O)C1=C(C)c2ccc(OC)cc2OC1(C)C,1,C1=Cc2ccccc2OC1,0.0000000,0.0000,0.1213060,0.1213,0.9785370,2.5117,24
23.6311,29.9266,-29.9089,0.0001380,CC(C=CCO)OC1=CCC(=O)OC1=O,1,O=C1C=CCC(=O)O1,0.0000000,0.0000,0.7921180,0.7921,0.8148015,4.0349,24
8.2713,44.1996,55.8147,0.7813616,CC1=NN(c2ccccc2)C(=O)C1=C(O)C=CC=CN(C)CCO,1,C=C1C=NN(c2ccccc2)C1=O,1.0000000,1.0000,0.4907760,0.4908,0.9515412,3.0604,24
22.3373,27.1568,-27.1456,0.0000878,COc1cc(C=C2C=CN(c3ccccc3)C2=O)cc(Cl)c1O,1,O=C1C(=Cc2ccccc2)C=CN1c1ccccc1,0.0000000,0.0000,0.1841263,0.1841,0.9762899,2.5780,24
30.3062,33.1600,-33.1465,0.0001052,COc1ccccc1CN1C(=O)CCC1C=CC(O)Cc1cncc(C)c1,1,O=C1CCC(C=CCCc2cccnc2)N1Cc1ccccc1,0.0000000,0.0000,0.3263675,0.3264,0.9258705,3.3552,24
32.8010,30.8838,-30.8691,0.0001143,N#Cc1ccc(Cn2cc3ccc(C(=O)N4CCC(C(N)=O)CC4)cc3n2)cc1,1,O=C(c1ccc2cn(Cc3ccccc3)nc2c1)N1CCCCC1,0.0000000,0.0000,0.4040336,0.4040,0.9834158,2.3404,24
29.9672,34.5497,-34.5316,0.0001410,CN1CC(C(=O)N(CCO)CCCl)C=CC1=O,1,O=C1C=CCCN1,0.0000000,0.0000,0.8126320,0.8126,0.8736456,3.7404,24
22.0594,21.7904,-21.7789,0.0000899,O=C(NCc1cccc(C(F)(F)F)c1)C1CCC(=O)N(CCc2ccccc2)C1,1,O=C(NCc1ccccc1)C1CCC(=O)N(CCc2ccccc2)C1,0.0000000,0.0000,0.1976659,0.1977,0.9776930,2.5374,24
22.6087,24.1971,-24.1899,0.0000563,COc1ccccc1C(=O)N1CCC(N=c2ccc(-c3cc(C)cc(=Nc4cc(C(F)(F)F)ccn4)[nH]3)c[nH]2)CC1,1,O=C(c1ccccc1)N1CCC(N=c2ccc(-c3cccc(=Nc4ccccn4)[nH]3)c[nH]2)CC1,0.0000000,0.0000,0.0508251,0.0508,0.8982189,3.5814,24
21.9535,23.1399,-23.1224,0.0001367,O=c1cc(-c2ccc(F)cc2)[nH]c(=NCCO)[nH]1,1,N=c1[nH]c(-c2ccccc2)cc(=O)[nH]1,0.0000000,0.0000,0.7013415,0.7013,0.9605621,2.9201,24
23.3269,23.8380,-23.8250,0.0001012,Cc1nn(CC(=O)NCCCN2CCC(C)CC2)c(=O)c2c1sc1ccccc12,1,O=C(Cn1ncc2sc3ccccc3c2c1=O)NCCCN1CCCCC1,0.0000000,0.0000,0.2811088,0.2811,0.9807178,2.4404,24
51.7741,53.0148,-53.0029,0.0000925,Oc1cc(C(O)NC(O)c2cn(CC(F)(F)F)nc2-c2cccc(Cl)c2)cn1C1CCNC1,1,c1ccc(-c2n[nH]cc2CNCc2ccn(C3CCNC3)c2)cc1,0.0000000,0.0000,0.2604896,0.2605,0.7010698,4.4447,25
23.2901,24.3368,-24.3218,0.0001175,CNC(=O)C(C#N)=Cc1cn(CC(=O)N2CCCCC2)c2ccccc12,1,O=C(Cn1ccc2ccccc21)N1CCCCC1,0.0000000,0.0000,0.4395879,0.4396,0.9821740,2.3883,25
17.1589,17.3232,-17.3091,0.0001103,O=C1CCC(c2ccc(-c3ccccc3)cc2)=NN1,1,O=C1CCC(c2ccc(-c3ccccc3)cc2)=NN1,0.0000000,0.0000,0.3616692,0.3617,0.9907432,1.9558,25
18.3679,18.8354,-18.8174,0.0001406,CCc1cc(CO)on1,1,c1cnoc1,0.0000000,0.0000,0.7553761,0.7554,0.9786341,2.5087,25
24.4999,25.3482,-25.3311,0.0001335,O=C(O)c1ccc2c(n1)C(=O)CC=C2,1,O=C1CC=Cc2cccnc21,0.0000000,0.0000,0.6497411,0.6497,0.9683359,2.7718,25
23.2161,24.5442,-24.5270,0.0001342,COc1ccc2oc(CN(CCO)CCO)cc2c1,1,c1ccc2occc2c1,0.0000000,0.0000,0.6547600,0.6548,0.9842836,2.3048,25
37.8415,40.8922,-40.8810,0.0000873,CC(=CCBr)COC(O)C1=CCC(C)(Cl)CC1,1,C1=CCCCC1,0.0000000,0.0000,0.2469531,0.2470,0.5664673,4.8258,25
46.6309,51.0635,-51.0635,0.0000000,O=C1C2C(C(=NO)c3ccccc3)CC3C3N=CC2=C(C)C1=O,0,,0.0000000,0.0000,0.0000000,0.0000,0.0000000,0.0000,25
25.4344,24.5283,-24.5130,0.0001195,CCNC(=O)Nc1ccc2c3c(cccc13)C(=O)N(CCOC)C2=O,1,O=C1NC(=O)c2cccc3cccc1c23,0.0000000,0.0000,0.4607421,0.4607,0.9870653,2.1761,25
17.3648,35.7057,-35.6903,0.0001208,CCN1C(=CC(O)=C2C(=O)NC(=O)N(C)C2=O)Sc2ccccc21,1,O=C1NC(=O)C(=CC=C2Nc3ccccc3S2)C(=O)N1,0.0000000,0.0000,0.4829684,0.4830,0.9620368,2.8943,25
7.0724,33.7628,-33.7628,0.0000000,CN(C)C=CC=CC(O)=C1C(=O)OC(C)(C)C1=O,1,C=C1C(=O)COC1=O,1.0000000,1.0000,0.6622206,0.6622,0.9189180,3.4185,25
20.9418,22.7117,-22.6958,0.0001248,O=C1CCCCC1(O)c1ccccc1F,1,O=C1CCCCC1c1ccccc1,0.0000000,0.0000,0.5324875,0.5325,0.9627466,2.8815,25
16.9634,16.8726,-16.8561,0.0001293,O=C(CNc1ccccc1)NN=Cc1ccncc1,1,O=C(CNc1ccccc1)NN=Cc1ccncc1,0.0000000,0.0000,0.5835113,0.5835,0.9908438,1.9486,25
19.3194,40.3739,-40.3698,0.0000323,CC(C=CC=C(C)C=CC1=C(C)CCCC1(C)C)=CC=CC=CC=CC(C=O)=C1C(=O)OC(C)(C)C1=O,1,O=C1COC(=O)C1=CC=CC=CC=CC=CC=CC=CC=CC1=CCCCC1,0.0000000,0.0000,0.0101097,0.0101,0.8224515,4.0013,25
13.7727,20.0572,-20.0399,0.0001352,CN1C(=O)C(=Cc2cccc(O)c2)C(=O)N(C)C1=O,1,O=C1NC(=O)C(=Cc2ccccc2)C(=O)N1,0.0000000,0.0000,0.6685079,0.6685,0.9839793,2.3175,25
32.4435,33.3232,-33.3103,0.0001005,C=C(C)C(O)CCC(C)=CCC1OC1(C)C1OC1(C)C,1,C1OC1C1CO1,0.0000000,0.0000,0.3420667,0.3421,0.6710542,4.5356,25
37.1193,39.6636,-39.6507,0.0001001,COc1cc2c(cc1O)C(C=C1C=CC(OC(C)=O)C(=O)C1)CCC2,1,O=C1CC=CC(=CC2CCCc3ccccc32)C1,0.0000000,0.0000,0.3043072,0.3043,0.8047912,4.0772,25
39.4323,39.7702,-39.7528,0.0001360,CSCCN(C(=O)C(=O)O)c1ccc(C(=O)NC(CCC(=O)O)C(=O)NC(CC(=O)O)C(=O)O)cc1,1,c1ccccc1,0.0000000,0.0000,0.7053117,0.7053,0.9262214,3.3518,25
25.5575,28.4588,-28.4432,0.0001222,CNC(=O)C1CCCN(C(=O)c2cc(O)n(-c3ccc4c(c3)OCCO4)c2)C1,1,O=C(c1ccn(-c2ccc3c(c2)OCCO3)c1)N1CCCCC1,0.0000000,0.0000,0.5042633,0.5043,0.9499069,3.0831,25
19.9560,25.3736,-25.3574,0.0001266,COCCCN1C(=O)OC(=Cc2ccccc2)C1=O,1,O=C1NC(=O)C(=Cc2ccccc2)O1,0.0000000,0.0000,0.5495181,0.5495,0.9840230,2.3157,25
31.3595,32.2549,-32.2370,0.0001404,O=C(O)CCn1ccc(=O)n(C(CC(=O)O)C2CC2)c1=O,1,O=c1cc[nH]c(=O)n1CC1CC1,0.0000000,0.0000,0.7688032,0.7688,0.9397606,3.2103,25
21.2552,26.2076,-26.1896,0.0001402,CSC1=NCCCN1C=O,1,C1=NCCCN1,0.0000000,0.0000,0.7838197,0.7838,0.9019274,3.5546,25
25.9449,26.5135,-26.4999,0.0001059,C=CCC1OC(C)(C)OC1Cc1ccc(OC)cc1,1,c1ccc(CC2COCO2)cc1,0.0000000,0.0000,0.3291593,0.3292,0.9432610,3.1689,25
15.5676,17.5830,-17.5654,0.0001369,O=C1OC(CO)CN1c1ccccc1,1,O=C1OCCN1c1ccccc1,0.0000000,0.0000,0.6957797,0.6958,0.9826324,2.3710,25
21.8395,23.3753,-23.3635,0.0000924,COc1cc(C=C2CCC(=Cc3ccc(O)c(C=O)c3)C2=O)ccc1O,1,O=C1C(=Cc2ccccc2)CCC1=Cc1ccccc1,0.0000000,0.0000,0.2144377,0.2144,0.9749626,2.6144,25
26.5786,27.1567,-27.1420,0.0001146,O=C(O)C1=C(C(=O)N2CCN(c3ccc(-c4ccccc4)nn3)CC2)CCC1,1,O=C(C1=CCCC1)N1CCN(c2ccc(-c3ccccc3)nn2)CC1,0.0000000,0.0000,0.4076091,0.4076,0.9818013,2.4020,25
21.4210,21.5442,-21.5279,0.0001272,CCN(C)S(=O)(=O)c1ccc(Cl)cc1,1,c1ccccc1,0.0000000,0.0000,0.5537730,0.5538,0.9932766,1.7458,25
21.6086,23.0992,-23.0813,0.0001400,CCCN=c1nc(OC)[nH]c(N2CCOCC2)n1,1,N=c1nc[nH]c(N2CCOCC2)n1,0.0000000,0.0000,0.7684577,0.7685,0.9269605,3.3447,25
31.4668,36.8485,-36.8315,0.0001329,C=NC=Nc1ccc(N=CCCN(CCO)CCO)cc1O,1,c1ccccc1,0.0000000,0.0000,0.6758472,0.6758,0.8820798,3.6891,25
19.1186,20.1789,-20.1622,0.0001305,Cc1cccc(C(=O)NC2CC2)c1,1,O=C(NC1CC1)c1ccccc1,0.0000000,0.0000,0.5976451,0.5976,0.9958264,1.4335,25
25.1754,24.7004,-24.6886,0.0000925,CC1(c2c[nH]c3ccccc23)CC(c2ccco2)=NO1,1,c1coc(C2=NOC(c3c[nH]c4ccccc34)C2)c1,0.0000000,0.0000,0.2201327,0.2201,0.9365307,3.2466,25
29.5758,30.8142,-30.7973,0.0001315,CC12CCC(O)C(O)C1c1ccc(C(=O)O)cc1C(=O)N2,1,O=C1NC2CCCCC2c2ccccc21,0.0000000,0.0000,0.6809492,0.6809,0.8261979,3.9845,25
7.2695,39.2603,-39.2603,0.0000000,O=C1C(=C(O)C=CC=CN2CCCC2)C(=O)c2ccccc21,1,O=C1C(=CC=CC=CN2CCCC2)C(=O)c2ccccc21,1.0000000,1.0000,0.3535903,0.3536,0.9639946,2.8584,25
19.8719,19.7591,-19.7432,0.0001235,N=c1sccn1CC(=O)NCc1ccc(Cl)cc1,1,N=c1sccn1CC(=O)NCc1ccccc1,0.0000000,0.0000,0.5096925,0.5097,0.9859174,2.2323,25
21.5313,24.0029,-23.9846,0.0001429,O=C(O)CC(=O)NC1CCC(C(=O)O)CC1,1,C1CCCCC1,0.0000000,0.0000,0.7879490,0.7879,0.9884984,2.0987,25
22.4174,28.7894,-28.7725,0.0001325,CN1CCC(O)(c2ccc3c(c2)CCC3)C1=O,1,O=C1NCCC1c1ccc2c(c1)CCC2,0.0000000,0.0000,0.6440633,0.6441,0.9465910,3.1272,25
21.4373,22.1016,-22.0838,0.0001396,C1COC(Cn2nnnc2CN2CCCC2)C1,1,C1COC(Cn2nnnc2CN2CCCC2)C1,0.0000000,0.0000,0.7430876,0.7431,0.9687918,2.7621,25
18.8349,30.6485,-30.6301,0.0001436,CN1C(=O)C(=C2C=NC=NN2)C(=O)N(C)C1=O,1,O=C1NC(=O)C(=C2C=NC=NN2)C(=O)N1,0.0000000,0.0000,0.8438384,0.8438,0.9000669,3.5682,25
22.0724,25.3906,-25.3755,0.0001177,CN(C)C(=O)N1CCC(N=c2[nH]c3ccccc3s2)CC1,1,c1ccc2sc(=NC3CCNCC3)[nH]c2c1,0.0000000,0.0000,0.4469329,0.4469,0.9609339,2.9137,25
61.7724,63.8842,-63.8706,0.0001062,CCC(=O)OC1=C(C)C2C(=O)C=CC2(O)C(O)C(C)C1NC(=O)C(O)NC(=O)Nc1ccc(C(F)(F)F)cc1,1,O=C(CNC(=O)Nc1ccccc1)NC1C=CC2C(=O)C=CC2CC1,0.0000000,0.0000,0.4466692,0.4467,0.5627636,4.8356,25
27.3221,55.0610,43.9357,0.7734120,CN(C=CC=CC(O)=C1C(=O)NC(=O)C1CCn1ncc2sccc21)CCO,1,C=C1C(=O)NC(=O)C1CCn1ncc2sccc21,1.0000000,1.0000,0.5385586,0.5386,0.7664779,4.2257,25
9.7439,36.7359,72.8577,0.8562001,CC1=C(C)C(=C(O)C=CC=CN(C)CCO)C(=O)C1=O,1,C=C1C=CC(=O)C1=O,1.0000000,1.0000,0.6651215,0.6651,0.9035316,3.5427,25
24.2304,23.3863,-23.3743,0.0000940,Cc1ccc(Cc2nc3c(F)cccc3c(C(=O)O)c2O)cc1,1,c1ccc(Cc2ccc3ccccc3n2)cc1,0.0000000,0.0000,0.2243671,0.2244,0.9862610,2.2159,25
24.7118,29.4238,-29.4108,0.0001014,CN(C)C(=O)c1ccc2c(c1)C(C)(C)C(=O)Nc1ccccc1-2,1,O=C1Cc2ccccc2-c2ccccc2N1,0.0000000,0.0000,0.2822555,0.2823,0.9861809,2.2198,25
16.5328,17.0616,-17.0497,0.0000928,CC12CCC3c4ccc(O)cc4CCC3C1CCC2=O,1,O=C1CCC2C1CCC1c3ccccc3CCC12,0.0000000,0.0000,0.2261819,0.2262,0.9123470,3.4739,25
21.3403,24.3921,-24.3744,0.0001380,CN(C)C=CC(=O)OCC(F)(F)F,1,,0.0000000,0.0000,0.7171431,0.7171,0.9710952,2.7106,25
16.6796,17.4109,-17.3925,0.0001431,O=C(O)c1ccc(=O)[nH]c1,1,O=c1cccc[nH]1,0.0000000,0.0000,0.7908738,0.7909,0.9877998,2.1375,25
41.8854,39.3634,-39.3507,0.0000995,CC(C)(O)CONC(=O)c1ccn2c(-c3c(F)cccc3F)cccc12,1,c1ccc(-c2cccc3cccn23)cc1,0.0000000,0.0000,0.2701045,0.2701,0.9616641,2.9009,25
27.5643,29.2431,-29.2270,0.0001260,CC(=O)N1c2ccccc2SC1(C)CC(N)C(=O)O,1,c1ccc2c(c1)NCS2,0.0000000,0.0000,0.5740031,0.5740,0.8892151,3.6432,25
13.0785,18.0903,-18.0758,0.0001133,CN1C(=O)SC(=CC=Cc2ccccc2)C1=O,1,O=C1NC(=O)C(=CC=Cc2ccccc2)S1,0.0000000,0.0000,0.3933599,0.3934,0.9837182,2.3282,25
14.7738,36.3496,-36.3343,0.0001197,CCCCN1C(=O)NC(=O)C(=C(O)C=Cc2ccccc2)C1=O,1,O=C1NC(=O)C(=CC=Cc2ccccc2)C(=O)N1,0.0000000,0.0000,0.4642043,0.4642,0.9826906,2.3688,25
31.1019,36.0682,-36.0583,0.0000768,CCCC=CC1=C(C(=O)OC)C(c2ccc(O)c(OC)c2)NC(=O)N1Cc1ccccc1,1,O=C1NC(c2ccccc2)C=CN1Cc1ccccc1,0.0000000,0.0000,0.1255426,0.1255,0.9455191,3.1409,25
25.5323,27.3093,-27.2954,0.0001092,CN(C)C1CCC(N=c2c(C#N)c[nH]c3ccsc23)CC1,1,c1cc(=NC2CCCCC2)c2sccc2[nH]1,0.0000000,0.0000,0.3624620,0.3625,0.9376839,3.2338,25
28.7169,32.2422,-32.2367,0.0000430,CC(C)=CCCC(C)=CC=CC(C)=CCC(CCC=C(C)C)C(=O)O,1,,0.0000000,0.0000,0.0228096,0.0228,0.8888475,3.6456,25
19.4846,22.9806,-22.9635,0.0001334,O=C1CC(=O)OC(O)(CCc2ccccc2)C1,1,O=C1CC(=O)OC(CCc2ccccc2)C1,0.0000000,0.0000,0.6583873,0.6584,0.9450995,3.1461,25
16.9302,28.6589,-28.6403,0.0001454,CN1C(=O)C(=C[N+](=O)[O-])C(=O)N(C)C1=O,1,C=C1C(=O)NC(=O)NC1=O,0.0000000,0.0000,0.8443735,0.8444,0.9581969,2.9596,25
30.5350,30.3951,-30.3786,0.0001291,CC=c1[nH]nc2c1=C(N1CCN(C)CC1)Nc1ccc(F)cc1O2,1,C=c1[nH]nc2c1=C(N1CCNCC1)Nc1ccccc1O2,0.0000000,0.0000,0.5987727,0.5988,0.9369973,3.2414,25
23.5999,23.7489,-23.7333,0.0001221,COc1ccc(C(=O)NCC(O)c2ccccc2OC)cc1,1,O=C(NCCc1ccccc1)c1ccccc1,0.0000000,0.0000,0.4917491,0.4917,0.9879839,2.1275,25
26.3788,25.4183,-25.4030,0.0001193,OCc1ccc(-c2[nH]nc3c2CCCCC3)o1,1,c1coc(-c2[nH]nc3c2CCCCC3)c1,0.0000000,0.0000,0.4649302,0.4649,0.9668015,2.8037,25
40.9829,45.0368,-45.0368,0.0000000,C1CC(=O)C=C2C1(C)C1=c3n(-c4ccccc4)c(=O)n(C)c(=O)c3CCC1(C)CC2O,0,,0.0000000,0.0000,0.0000000,0.0000,0.0000000,0.0000,25
29.1823,28.4642,-28.4546,0.0000748,COc1cccc(CN2CCC(CCOc3ccc(CCC(=O)O)cc3C)CC2)c1,1,c1ccc(CN2CCC(CCOc3ccccc3)CC2)cc1,0.0000000,0.0000,0.1129912,0.1130,0.9883085,2.1095,25
13.1947,36.7073,67.5315,0.8143656,O=C1C=CC(=O)C1=C(O)C=CC=CN1CCCCC1,1,O=C1C=CC(=O)C1=CC=CC=CN1CCCCC1,1.0000000,1.0000,0.5591766,0.5592,0.9410036,3.1959,25
18.3581,21.5737,-21.5573,0.0001279,CCCNC(=O)N1CCN(C2CCCCC2)CC1,1,C1CCC(N2CCNCC2)CC1,0.0000000,0.0000,0.5641205,0.5641,0.9904945,1.9732,25
13.6717,48.5880,62.6607,0.8691302,C=CCN(C=O)C=CC=CC(O)=C1C(=O)NC(=O)N(C2CC2)C1=O,1,C=C1C(=O)NC(=O)N(C2CC2)C1=O,1.0000000,1.0000,0.6972564,0.6973,0.9000334,3.5684,25
28.8290,29.0637,-29.0514,0.0000963,Cc1ccnc(CCN2C(=O)C(=O)NCC2CCCCN2CC(Cc3ccccc3)N(CCc3ccccc3)C(=O)C2=O)c1,1,O=C1NCC(CCCCN2CC(Cc3ccccc3)N(CCc3ccccc3)C(=O)C2=O)N(CCc2ccccn2)C1=O,0.0000000,0.0000,0.2594176,0.2594,0.8721991,3.7489,25
16.3344,20.2863,-20.2684,0.0001400,CC(C)=CCNCC=CCN,1,,0.0000000,0.0000,0.7673312,0.7673,0.9306263,3.3086,25
10.0687,44.8057,-44.8057,0.0000000,CN1CCN(C=CC=CC(O)=C2C(=O)NC(=O)NC2=O)CC1,1,O=C1NC(=O)C(=CC=CC=CN2CCNCC2)C(=O)N1,1.0000000,1.0000,0.7876139,0.7876,0.9419320,3.1849,25
20.2832,21.6786,-21.6614,0.0001343,COC(=O)Nc1ccccc1N,1,c1ccccc1,0.0000000,0.0000,0.6516968,0.6517,0.9939854,1.6727,25
20.8705,21.1269,-21.1134,0.0001055,Oc1ccc2c(c1)CC1CCc3cc(O)c(O)cc3C21,1,c1ccc2c(c1)CCC1Cc3ccccc3C21,0.0000000,0.0000,0.3283392,0.3283,0.9302055,3.3129,25
21.5005,23.3018,-23.2880,0.0001077,CCCCOC(=O)N1C(C(=O)O)CSC1c1ccccc1,1,c1ccc(C2NCCS2)cc1,0.0000000,0.0000,0.3430385,0.3430,0.9587885,2.9499,25
23.3284,24.9029,-24.8866,0.0001274,N=C(N)N=c1[nH]cc(CCc2ccccc2)s1,1,N=c1[nH]cc(CCc2ccccc2)s1,0.0000000,0.0000,0.5710240,0.5710,0.9487364,3.0990,25
22.0447,20.2521,-20.2377,0.0001125,COc1ccc(C2CC(=O)c3cccnc3O2)cc1,1,O=C1CC(c2ccccc2)Oc2ncccc21,0.0000000,0.0000,0.3872919,0.3873,0.9742095,2.6342,25
26.1153,30.3100,-30.2958,0.0001103,C=CCC(=CCCC(=C)C)OC,1,,0.0000000,0.0000,0.3781509,0.3782,0.9190183,3.4176,25
21.9999,21.1284,-21.1095,0.0001479,CC(C)C(N)C(=O)NCC(=O)O,1,,0.0000000,0.0000,0.8774410,0.8774,0.9800341,2.4636,25
31.0289,29.8539,-29.8464,0.0000586,CCn1nc(-c2ccc(Cl)cc2Cl)c2cc(C(C)=CC(=O)O)ccc21,1,c1ccc(-c2n[nH]c3ccccc23)cc1,0.0000000,0.0000,0.0546585,0.0547,0.9803961,2.4514,25
19.2767,18.0782,-18.0683,0.0000767,O=C(Nc1ccc(Cl)cc1)Nc1cccc(Cl)c1,1,O=C(Nc1ccccc1)Nc1ccccc1,0.0000000,0.0000,0.1214275,0.1214,0.9957353,1.4476,25
26.3454,33.8931,-33.8757,0.0001356,NC(=O)C(F)=C1CCC(CCN2CC(O)C(O)C(O)C2CO)CC1,1,C=C1CCC(CCN2CCCCC2)CC1,0.0000000,0.0000,0.8054440,0.8054,0.7236509,4.3729,25
33.4002,34.2989,-34.2886,0.0000808,O=CN(O)C(Cc1ccccc1)C(=O)NCC1(CS(=O)(=O)c2ccc(OCc3ccc4ccccc4n3)cc2)CC1,1,O=C(CCc1ccccc1)NCC1(CS(=O)(=O)c2ccc(OCc3ccc4ccccc4n3)cc2)CC1,0.0000000,0.0000,0.1477799,0.1478,0.9255093,3.3586,25
18.8651,19.3636,-19.3475,0.0001261,O=C(O)c1c[nH]c2cc(Cl)ccc2c1=O,1,O=c1cc[nH]c2ccccc12,0.0000000,0.0000,0.5402836,0.5403,0.9904778,1.9743,25
32.2943,33.6567,-33.6452,0.0000901,CN(C)C(=O)c1cnn(-c2nccc(-c3ccccc3)c2-c2ccccc2)n1,1,c1ccc(-c2ccnc(-n3nccn3)c2-c2ccccc2)cc1,0.0000000,0.0000,0.1984339,0.1984,0.9803362,2.4534,25
17.8786,21.9888,-21.9704,0.0001441,CN1CCN(CC(O)CN2CCCCC2=O)CC1,1,O=C1CCCCN1CCCN1CCNCC1,0.0000000,0.0000,0.8150165,0.8150,0.9731416,2.6614,25
22.3407,23.5305,-23.5148,0.0001222,CN(C(=O)CO)C(c1ccccc1)c1ccccc1,1,c1ccc(Cc2ccccc2)cc1,0.0000000,0.0000,0.4925621,0.4926,0.9911487,1.9263,25
24.3315,26.2222,-26.2084,0.0001074,CC(C)c1ccc(C2=NN(CC(=O)O)C(=O)C3CC=CCC23)cc1,1,O=C1NN=C(c2ccccc2)C2CC=CCC12,0.0000000,0.0000,0.3473423,0.3473,0.9262905,3.3512,25
8.8264,47.0078,60.8754,0.8428376,CN(C=CC=CC(O)=C1C(=O)NC(=O)N(C2CCCCC2)C1=O)CCO,1,C=C1C(=O)NC(=O)N(C2CCCCC2)C1=O,1.0000000,1.0000,0.6196891,0.6197,0.9415672,3.1892,25
47.5402,53.1032,-53.0885,0.0001146,CC1=CN(C(=O)CCl)N2C(=O)C3C4NC4CN3C(C)C(C#N)=C2O1,1,O=C1C2C3NC3CN2CC=C2OC=CNN12,0.0000000,0.0000,0.7177435,0.7177,0.3654959,5.3593,25
17.8852,18.9649,-18.9486,0.0001269,COc1ccccc1C(=O)N=c1cc[nH]cc1,1,O=C(N=c1cc[nH]cc1)c1ccccc1,0.0000000,0.0000,0.5569778,0.5570,0.9724293,2.6789,25
19.8116,51.5007,49.1127,0.7860424,CC(=O)OCC1(CO)CC(=O)C(=C(O)C=CC=CNc2ccccc2)C(=O)O1,1,O=C1CCOC(=O)C1=CC=CC=CNc1ccccc1,1.0000000,1.0000,0.5194784,0.5195,0.8888904,3.6454,25
23.6819,24.1474,-24.1349,0.0000978,CC(C)CCn1nc(Cc2ccccc2)c(=O)c(C2=NS(=O)(=O)c3ccccc3N2)c1O,1,O=c1c(C2=NS(=O)(=O)c3ccccc3N2)c[nH]nc1Cc1ccccc1,0.0000000,0.0000,0.2576041,0.2576,0.9545487,3.0166,25
23.3568,50.8229,-50.8066,0.0001272,COC(=O)C1=C(C)N(C)C(=O)C1=C(C)C=CC=CN(O)CCOC(C)=O,1,C=C1C=CNC1=O,0.0000000,0.0000,0.5862354,0.5862,0.9002210,3.5670,25
24.5736,23.0116,-22.9944,0.0001343,O=C1c2nccnc2C(=O)N1Cc1ccc(O)c(O)c1,1,O=C1c2nccnc2C(=O)N1Cc1ccccc1,0.0000000,0.0000,0.6573620,0.6574,0.9810892,2.4275,25
24.3584,28.7202,-28.7055,0.0001152,O=C(O)CCCCN1C(=O)SC(=Cc2cc([N+](=O)[O-])ccc2O)C1=O,1,O=C1NC(=O)C(=Cc2ccccc2)S1,0.0000000,0.0000,0.4139935,0.4140,0.9823215,2.3828,25
37.8828,43.5562,-43.5399,0.0001270,O=C(O)C=Cc1ccc(C(=C2C(=O)NC(=O)NC2=O)c2ccc(-c3nnn(CCO)n3)cc2)cc1,1,O=C1NC(=O)C(=C(c2ccccc2)c2ccc(-c3nn[nH]n3)cc2)C(=O)N1,0.0000000,0.0000,0.5615220,0.5615,0.9632856,2.8716,25
26.4701,25.5686,-25.5505,0.0001410,O=C(c1cc(-n2ncc(=O)[nH]c2=O)ccc1O)N1CCOCC1,1,O=C(c1cccc(-n2ncc(=O)[nH]c2=O)c1)N1CCOCC1,0.0000000,0.0000,0.7603993,0.7604,0.9814897,2.4133,25
8.9301,50.2399,-50.2399,0.0000000,CC1=NN(c2ccccc2)C(=O)C1=C(O)C=CC=CN(C)CCO,1,C=C1C=NN(c2ccccc2)C1=O,1.0000000,1.0000,0.4907760,0.4908,0.9515412,3.0604,25
9.8463,46.8580,-46.8580,0.0000000,CN1C(=O)C(=C(O)C=CC=CN2CCOCC2)C(=O)N(C)C1=O,1,O=C1NC(=O)C(=CC=CC=CN2CCOCC2)C(=O)N1,1.0000000,1.0000,0.7196373,0.7196,0.9388744,3.2204,25
23.0671,22.9407,-22.9241,0.0001303,O=C(CCn1c(O)csc1=O)NCc1cccs1,1,O=C(CCn1ccsc1=O)NCc1cccs1,0.0000000,0.0000,0.6005211,0.6005,0.9783137,2.5186,25
27.2627,26.6458,-26.6309,0.0001160,COCCCNC(=O)C(c1ccccc1)N1CCN(c2ccccc2O)CC1,1,c1ccc(CN2CCN(c3ccccc3)CC2)cc1,0.0000000,0.0000,0.4241927,0.4242,0.9772562,2.5503,25
24.4792,24.8746,-24.8622,0.0000966,CC=Cc1ccc(OCC(=O)NCCSC(C)(C)C)c(OC)c1,1,c1ccccc1,0.0000000,0.0000,0.2441028,0.2441,0.9833590,2.3427,25
27.7001,28.9243,-28.9131,0.0000876,COc1ccccc1NC(=O)C1C(=O)CC(C)(C)CC1=NC1CCCC1,1,O=C1CCCC(=NC2CCCC2)C1C(=O)Nc1ccccc1,0.0000000,0.0000,0.1865007,0.1865,0.9433897,3.1673,25
22.2485,25.7843,-25.7724,0.0000928,CCCCCCNC(=O)C=CC=Cc1ccccc1F,1,c1ccccc1,0.0000000,0.0000,0.2159882,0.2160,0.9866322,2.1979,25
24.0603,23.5723,-23.5615,0.0000848,COc1cc2ncnc(Oc3cccc(NC(=O)N=c4cc[nH]cc4)c3)c2cc1OC,1,O=C(N=c1cc[nH]cc1)Nc1cccc(Oc2ncnc3ccccc23)c1,0.0000000,0.0000,0.1669117,0.1669,0.9625028,2.8859,25
28.2729,37.0902,-37.0751,0.0001182,CCOC=CC(C)=C1OCN(C(C)=O)C=C1C,1,C=C1C=CNCO1,0.0000000,0.0000,0.4933831,0.4934,0.8298746,3.9676,25
31.2443,36.1571,-36.1493,0.0000608,C=CC1(O)CCC(CCC=C(C)C)C=C1C=CC=C(C)C,1,C1=CCCCC1,0.0000000,0.0000,0.0770740,0.0771,0.6486893,4.6005,25
29.8305,28.4715,-28.4591,0.0000974,O=C(NS(=O)(=O)c1ccccc1-c1ccc(N2CCOCC2)nc1)OCc1ccccc1,1,O=C(NS(=O)(=O)c1ccccc1-c1ccc(N2CCOCC2)nc1)OCc1ccccc1,0.0000000,0.0000,0.2500215,0.2500,0.9851297,2.2682,25
27.3838,27.1570,-27.1408,0.0001266,COc1cc(OC)cc(C(=O)NN=Cc2c(C)nn(C)c2N2CCN(C)CC2)c1,1,O=C(NN=Cc1cn[nH]c1N1CCNCC1)c1ccccc1,0.0000000,0.0000,0.5515980,0.5516,0.9786748,2.5074,25
21.9708,26.1649,-26.1470,0.0001401,COCCN1CNC(N=c2nc[nH][nH]2)=NC1=O,1,O=C1N=C(N=c2nc[nH][nH]2)NCN1,0.0000000,0.0000,0.8550682,0.8551,0.7712933,4.2081,25
45.2936,45.2389,-45.2259,0.0001010,COC(=O)C=CC1CCc2c([nH]c(-c3cccc(C)c3)c2CC(NC(C)=O)C(=O)OC)C1,1,c1ccc(-c2cc3c([nH]2)CCCC3)cc1,0.0000000,0.0000,0.2962371,0.2962,0.8844706,3.6740,25
23.5888,23.8923,-23.8743,0.0001406,N=C(N)c1cccc(CC(N)C(O)=NO)c1,1,c1ccccc1,0.0000000,0.0000,0.7677106,0.7677,0.9503505,3.0770,25
32.6205,33.7735,-33.7647,0.0000683,Cc1ccsc1-c1cc2[nH]cnc(=Nc3ccc4c(c3)CCC(=O)O4)c2s1,1,O=C1CCc2cc(N=c3nc[nH]c4cc(-c5cccs5)sc34)ccc2O1,0.0000000,0.0000,0.0894698,0.0895,0.9223334,3.3880,25
23.0724,26.1854,-26.1664,0.0001484,NC(=O)CCNC(=O)OC1OC(CO)C(O)C(O)C1O,1,C1CCOCC1,0.0000000,0.0000,0.9361596,0.9362,0.8913385,3.6290,25
26.3190,28.7519,-28.7378,0.0001098,CN(c1c2c(nc3ccccc13)CCCC2)C1CCNC1,1,c1ccc2c(NC3CCNC3)c3c(nc2c1)CCCC3,0.0000000,0.0000,0.3639377,0.3639,0.9578842,2.9647,25
31.3908,31.6278,-31.6108,0.0001323,CCOC(=O)C1C2OC2C(O)CN1S(=O)(=O)C=Cc1ccccc1,1,O=S(=O)(C=Cc1ccccc1)N1CCC2OC2C1,0.0000000,0.0000,0.6809949,0.6810,0.8505113,3.8674,25
21.2345,22.5045,-22.4897,0.0001157,COc1ccc(CN(C)CC(=O)N2CCN(c3ccccc3)CC2)cc1,1,O=C(CNCc1ccccc1)N1CCN(c2ccccc2)CC1,0.0000000,0.0000,0.4169653,0.4170,0.9925686,1.8115,25
30.3724,30.4726,-30.4650,0.0000597,CC12CCC3C(CCC4N(CC5CC5)CCC34C)C1Cc1ccccc1N2,1,c1ccc2c(c1)CC1C(CCC3C1CCC1C3CCN1CC1CC1)N2,0.0000000,0.0000,0.0671548,0.0672,0.7555841,4.2648,25
35.3117,33.3523,-33.3367,0.0001225,CCn1nc(N=c2[nH][nH]c(C)c2-c2ccoc2)ccc1=O,1,O=c1ccc(N=c2[nH][nH]cc2-c2ccoc2)n[nH]1,0.0000000,0.0000,0.5244262,0.5244,0.8975818,3.5860,25
20.9664,21.0062,-20.9948,0.0000890,Cc1cccc(NC(=O)NCCCCc2ccccc2)c1,1,O=C(NCCCCc1ccccc1)Nc1ccccc1,0.0000000,0.0000,0.1893788,0.1894,0.9948761,1.5678,25
39.2157,45.1753,-45.1584,0.0001319,CC1CN(C=O)CCN1C(=O)c1cc2c(n1C)C(=O)C(=NCCCN(C)CCO)CC2=O,1,N=C1CC(=O)c2cc(C(=O)N3CCNCC3)[nH]c2C1=O,0.0000000,0.0000,0.6889236,0.6889,0.8215213,4.0055,25
10.4879,49.5208,48.5835,0.7664394,CC(=O)OC1(C)CC(=O)C(=C(C)C=O)C(=O)C1=C(O)C=CC=CN(C)C,1,C=C1CCC(=O)C(=C)C1=O,1.0000000,1.0000,0.5387929,0.5388,0.7303317,4.3510,25
27.6438,27.3147,-27.2980,0.0001309,Cc1nnc(C)n1-c1cccc(NC2=NCCN2)c1,1,c1cc(NC2=NCCN2)cc(-n2cnnc2)c1,0.0000000,0.0000,0.6104834,0.6105,0.9760032,2.5861,25
31.3370,32.4966,-32.4806,0.0001252,COc1ccc(CC(=O)N=C2C=CC(=O)C=C2)c(OC)c1OC,1,O=C1C=CC(=NC(=O)Cc2ccccc2)C=C1,0.0000000,0.0000,0.5344949,0.5345,0.9737368,2.6464,25
8.7767,47.7573,-47.7573,0.0000000,CC1=NN(c2ccccc2)C(=O)C1=C(O)C=CC=CN1CCCC1,1,O=C1C(=CC=CC=CN2CCCC2)C=NN1c1ccccc1,1.0000000,1.0000,0.2895693,0.2896,0.9605371,2.9205,25
29.3460,32.1984,-32.1826,0.0001234,O=CN1CCN(C(=O)C(CCC(=O)O)NC(=O)c2cc(OCC3CCNC3)cc(-c3ccccc3)n2)CC1,1,O=C(NCC(=O)N1CCNCC1)c1cc(OCC2CCNC2)cc(-c2ccccc2)n1,0.0000000,0.0000,0.5322455,0.5322,0.9105998,3.4880,25
23.7243,26.6605,-26.6433,0.0001340,O=CN1C(O)C(O)C(O)C2COCC21,1,C1CNC2COCC2C1,0.0000000,0.0000,0.9182211,0.9182,0.5398166,4.8960,25
43.0615,42.1537,-42.1424,0.0000876,O=C(NCCN1C(=O)SC(=Cc2cc3cc(F)ccc3nc2Cl)C1=O)c1cnn(CCO)c1Br,1,O=C(NCCN1C(=O)SC(=Cc2cnc3ccccc3c2)C1=O)c1cn[nH]c1,0.0000000,0.0000,0.1849335,0.1849,0.9568318,2.9815,25
18.8340,18.0844,-18.0705,0.0001088,Cc1ccccc1SCC(=O)C(F)(F)F,1,c1ccccc1,0.0000000,0.0000,0.3477405,0.3477,0.9872274,2.1678,25
27.6908,32.9625,-32.9448,0.0001390,O=C(C=Cc1ccco1)NC(=S)N1CC(O)C(O)C1,1,O=C(C=Cc1ccco1)NC(=S)N1CCCC1,0.0000000,0.0000,0.7586259,0.7586,0.9124792,3.4728,25
29.7163,30.2960,-30.2892,0.0000532,Oc1occ(-c2ccccc2)c1-c1ccc(OCc2ccc(CCN3CCOCC3)cc2)cc1,1,c1ccc(-c2cocc2-c2ccc(OCc3ccc(CCN4CCOCC4)cc3)cc2)cc1,0.0000000,0.0000,0.0407122,0.0407,0.9825432,2.3744,25
27.3051,26.3190,-26.3045,0.0001126,CS(=N)(=O)c1ccc(N=c2nc(OC3CCC(O)CC3)cc[nH]2)cc1,1,c1ccc(N=c2nc(OC3CCCCC3)cc[nH]2)cc1,0.0000000,0.0000,0.4135472,0.4135,0.8742493,3.7368,25
8.3787,43.6344,-43.6344,0.0000000,CN1C(=O)NC(=O)C(=C(O)C=CC=CN2CCCC2)C1=O,1,O=C1NC(=O)C(=CC=CC=CN2CCCC2)C(=O)N1,1.0000000,1.0000,0.7031503,0.7032,0.9438587,3.1616,26
26.2536,27.0753,-27.0585,0.0001313,COCCOc1ccc(OCC(O)CN(C)Cc2cnn(C)c2)cc1,1,c1ccc(OCCCNCc2cn[nH]c2)cc1,0.0000000,0.0000,0.6175370,0.6175,0.9717911,2.6942,26
28.8948,27.3822,-27.3673,0.0001167,COc1cc(C(=O)N=c2[nH]c3c(c(=O)[nH]2)N(Cc2ccccc2)CN3)cc(OC)c1OC,1,O=C(N=c1[nH]c2c(c(=O)[nH]1)N(Cc1ccccc1)CN2)c1ccccc1,0.0000000,0.0000,0.4382138,0.4382,0.9536043,3.0307,26
27.7803,28.7442,-28.7314,0.0001001,COc1c(CC=C(C)C)c(O)c(CO)c2ccccc12,1,c1ccc2ccccc2c1,0.0000000,0.0000,0.2724610,0.2725,0.9787288,2.5057,26
35.3025,33.0961,-33.0797,0.0001279,COc1ncc(-c2cc3c(cn2)OCC(C)N3C)cc(=O)n1,1,O=c1cc(-c2cc3c(cn2)OCCN3)cncn1,0.0000000,0.0000,0.5911181,0.5911,0.9130877,3.4679,26
27.2752,27.5210,-27.5072,0.0001078,CN(CC(=O)Nc1ccc(N2CCCCC2)cc1)C1=NS(=O)(=O)c2ccccc21,1,O=C(CNC1=NS(=O)(=O)c2ccccc21)Nc1ccc(N2CCCCC2)cc1,0.0000000,0.0000,0.3392079,0.3392,0.9825713,2.3734,26
47.6940,50.1729,-50.1646,0.0000651,C=C1CCC2C(=C)C1C1(C)CC(O)C3(C)C(CC(=O)C4(C)COC(=O)CC43)C21,1,C=C1CCC2C(=C)C1C1CCC3C4CC(=O)OCC4C(=O)CC3C21,0.0000000,0.0000,0.2141470,0.2141,0.1554208,6.1027,26
12.4580,38.2742,75.5473,0.8892303,CN(C=CC=CC(O)=C1C(=O)NC(=O)C1(C)O)CCO,1,C=C1CC(=O)NC1=O,1.0000000,1.0000,0.8307941,0.8308,0.7468123,4.2953,26
10.9867,49.1679,63.4172,0.8795712,CC1=C(CC(=O)O)OC(=O)C1=C(O)C=CC=CN(CCO)CCO,1,C=C1C=COC1=O,1.0000000,1.0000,0.7329655,0.7330,0.8780649,3.7139,26
23.9807,26.3029,-26.2837,0.0001504,NC(=O)CC(NC(=O)CCC(=O)O)C(N)=O,1,,0.0000000,0.0000,0.9230653,0.9231,0.9792982,2.4876,26
54.2043,58.1569,-58.1513,0.0000437,COC1=C(C)C(=O)C2(CC=C(C)C)C(=O)C(CC=C(C)C)(C1=O)C(=O)C(O)(C(O)c1c(CC(=O)OC(C)(C)C)cc(O)c3c1OC(C)(C)C=C3)C2=O,1,O=C1C=CC(=O)C2C(=O)C(Cc3cccc4c3OCC=C4)C(=O)C1C2=O,0.0000000,0.0000,0.0652667,0.0653,0.1537327,6.1111,26
28.8587,27.4933,-27.4842,0.0000715,CCCOC(=O)c1c(NC(=O)COc2ccc(C)cc2C)sc2c1CCCC2,1,O=C(COc1ccccc1)Nc1cc2c(s1)CCCC2,0.0000000,0.0000,0.0989071,0.0989,0.9867680,2.1911,26
22.4789,25.2592,-25.2425,0.0001306,CCN1C(=O)OC2(CCCN(CC(C)C)C2)C1=O,1,O=C1NC(=O)C2(CCCNC2)O1,0.0000000,0.0000,0.6432081,0.6432,0.8775284,3.7172,26
25.1341,26.3198,-26.3051,0.0001147,CN1CCN(c2cc(-c3cccc4cccnc34)ncn2)CC1,1,c1cnc2c(-c3cc(N4CCNCC4)ncn3)cccc2c1,0.0000000,0.0000,0.4076204,0.4076,0.9860179,2.2275,26
29.8604,34.6201,-34.6038,0.0001274,COc1ccc2cc(NC(=O)C=CN3CCOCC3)[nH]c(=O)c2c1OC,1,O=C(C=CN1CCOCC1)Nc1cc2ccccc2c(=O)[nH]1,0.0000000,0.0000,0.5662576,0.5663,0.9630087,2.8767,26
31.7315,30.5254,-30.5100,0.0001203,CC1CCCN(c2c(OC(=O)c3c(F)cccc3F)c(=O)c2=O)C1,1,O=C(Oc1c(N2CCCCC2)c(=O)c1=O)c1ccccc1,0.0000000,0.0000,0.4785862,0.4786,0.9587249,2.9510,26
20.9620,22.2957,-22.2816,0.0001108,NCC=Nc1ccc(O)c2c(O)c3ccccc3c(O)c12,1,c1ccc2cc3ccccc3cc2c1,0.0000000,0.0000,0.3732238,0.3732,0.9591531,2.9439,26
23.9769,23.3001,-23.2843,0.0001237,COc1cc2c(=O)n(Cc3ccc4c(c3)OCO4)c(=O)n(C)c2cc1OC,1,O=c1[nH]c2ccccc2c(=O)n1Cc1ccc2c(c1)OCO2,0.0000000,0.0000,0.5124764,0.5125,0.9861191,2.2227,26
26.0529,28.3164,-28.3060,0.0000813,Cc1ccccc1CN(C)CCCCOc1ccc2ccc(=O)oc2c1,1,O=c1ccc2ccc(OCCCCNCc3ccccc3)cc2o1,0.0000000,0.0000,0.1449374,0.1449,0.9877053,2.1426,26
29.8973,28.9980,-28.9836,0.0001130,COc1nccc(=NC2CCN(CCCC(=O)c3ccc(F)cc3)CC2)[nH]1,1,O=C(CCCN1CCC(N=c2ccnc[nH]2)CC1)c1ccccc1,0.0000000,0.0000,0.3961074,0.3961,0.9588978,2.9481,26
30.3764,30.9073,-30.8939,0.0001050,O=Cc1c(O)c(C(=O)O)cc2cccc(-c3cccnc3)c12,1,c1cncc(-c2cccc3ccccc23)c1,0.0000000,0.0000,0.3138848,0.3139,0.9811768,2.4244,26
27.8175,31.6832,-31.6658,0.0001357,CN1C(=O)COc2c(C(=O)C=CC(=O)O)cccc21,1,O=C1COc2ccccc2N1,0.0000000,0.0000,0.6791616,0.6792,0.9768270,2.5627,26
20.8576,22.6242,-22.6102,0.0001090,COc1ccc(C2CC(=O)C(O)c3cc(OC)c(OC)cc32)cc1,1,O=C1Cc2ccccc2C(c2ccccc2)C1,0.0000000,0.0000,0.3577340,0.3577,0.9522247,3.0507,26
39.3505,45.9983,-45.9835,0.0001155,CNC(C)C(=O)NC1CC(C(=O)N(C)C)CCN(CC2CCN(C(=O)C=Cc3ccccc3C)CC2)C1=O,1,O=C(C=Cc1ccccc1)N1CCC(CN2CCCCCC2=O)CC1,0.0000000,0.0000,0.4483030,0.4483,0.8663037,3.7827,26
37.4907,39.7724,-39.7577,0.0001156,NC(CS)CNCCNC1CCN(CCN=c2c3ccccc3[nH]c3ccccc23)CC1,1,c1ccc2c(=NCCN3CCCCC3)c3ccccc3[nH]c2c1,0.0000000,0.0000,0.4329648,0.4330,0.9256691,3.3571,26
26.4574,27.1026,-27.0889,0.0001074,Cc1ccc(O)c(-c2nn(CCCN3CCN(c4ccccn4)CC3)c3[nH]cnc(=N)c23)c1,1,N=c1nc[nH]c2c1c(-c1ccccc1)nn2CCCN1CCN(c2ccccn2)CC1,0.0000000,0.0000,0.3414175,0.3414,0.9542376,3.0213,26
22.1705,24.0543,-24.0383,0.0001252,CCc1n[nH]c(=NC(=O)CN2N=C(c3ccccc3)CCC2=O)s1,1,O=C(CN1N=C(c2ccccc2)CCC1=O)N=c1[nH]ncs1,0.0000000,0.0000,0.5451097,0.5451,0.9409548,3.1964,26
23.7429,24.3817,-24.3645,0.0001347,CN1CCN(c2ccc(CC(=O)N(C)C)cc2)CC1,1,c1ccc(N2CCNCC2)cc1,0.0000000,0.0000,0.6580250,0.6580,0.9921637,1.8463,26
28.4071,27.5191,-27.5052,0.0001083,CC(C)CC(NC(=O)c1ccccc1)C(=O)N=c1[nH]c2c(s1)CCC2,1,O=C(CNC(=O)c1ccccc1)N=c1[nH]c2c(s1)CCC2,0.0000000,0.0000,0.3534844,0.3535,0.9359599,3.2528,26
17.6836,19.2982,-19.2804,0.0001385,CN1CCN(c2cc(N3CCCC3)[nH]c(=N)n2)CC1,1,N=c1nc(N2CCNCC2)cc(N2CCCC2)[nH]1,0.0000000,0.0000,0.7277706,0.7278,0.9647370,2.8444,26
28.4534,29.6462,-29.6286,0.0001373,CS(=O)(=O)N1CCN(Cc2ccc3c(=N)[nH][nH]c3c2)CC1,1,N=c1[nH][nH]c2cc(CN3CCNCC3)ccc12,0.0000000,0.0000,0.7087196,0.7087,0.9655213,2.8292,26
19.5736,20.2748,-20.2632,0.0000909,Cc1c(-c2ccccc2)nc2ccccc2c1C(=O)O,1,c1ccc(-c2ccc3ccccc3n2)cc1,0.0000000,0.0000,0.2023928,0.2024,0.9934683,1.7268,26
24.4482,27.7104,-27.6940,0.0001286,COC(=O)C(CC(=O)O)NC(=O)CCCCCNC(=O)OCc1ccccc1,1,c1ccccc1,0.0000000,0.0000,0.5769805,0.5770,0.9790520,2.4955,26
8.0283,39.8414,69.6748,0.8555950,CCCCN(C)C=CC=CC(O)=C1C(=O)NC(=O)N(C)C1=O,1,C=C1C(=O)NC(=O)NC1=O,1.0000000,1.0000,0.6483131,0.6483,0.9414231,3.1909,26
33.5969,33.7107,-33.7007,0.0000775,O=C(O)Cc1ccc2c(c1)c(CC1CCCC1)c(C(=O)O)n2Cc1ccc(O)cc1,1,c1ccc(Cn2cc(CC3CCCC3)c3ccccc32)cc1,0.0000000,0.0000,0.1261171,0.1261,0.9806121,2.4441,26
19.9584,23.3234,-23.3049,0.0001439,C=CCN1CC[N+](C)(CCO)CC1,1,C1C[NH2+]CCN1,0.0000000,0.0000,0.8319487,0.8319,0.9323013,3.2915,26
31.8671,32.5390,-32.5262,0.0001000,COC(=O)CC1C(=O)C(C)C(c2ccccc2OC)N(Cc2cccc(OC)c2)C1=O,1,O=C1CC(=O)N(Cc2ccccc2)C(c2ccccc2)C1,0.0000000,0.0000,0.2814797,0.2815,0.9171314,3.4339,26
7.6921,40.3859,-40.3859,0.0000000,CN(C)C=CC=CC(O)=C1C(=O)NC(=O)N(Cc2ccccc2)C1=O,1,C=C1C(=O)NC(=O)N(Cc2ccccc2)C1=O,1.0000000,1.0000,0.5459019,0.5459,0.9704536,2.7253,26
30.8651,29.9436,-29.9280,0.0001224,COc1ccc(C(=O)Nc2ccc(CNC3CCN(C)CC3)nc2)cn1,1,O=C(Nc1ccc(CNC2CCNCC2)nc1)c1cccnc1,0.0000000,0.0000,0.4961373,0.4961,0.9852629,2.2623,26
21.1628,24.2947,-24.2811,0.0001065,CC(C)N1CC(=O)N(CCc2ccccc2)C(c2ccccc2)C1=O,1,O=C1NCC(=O)N(CCc2ccccc2)C1c1ccccc1,0.0000000,0.0000,0.3287063,0.3287,0.9748127,2.6184,26
25.8503,27.0889,-27.0751,0.0001077,O=C(CNC1CCCCCC1)N1CSCC1c1nccs1,1,O=C(CNC1CCCCCC1)N1CSCC1c1nccs1,0.0000000,0.0000,0.3475703,0.3476,0.9391162,3.2177,26
36.1224,34.0707,-34.0585,0.0000954,Cc1cc(=NS(=O)(=O)c2ccc(NC(=O)c3cccc4c3C(=O)N3CCCCC43)cc2)[nH]o1,1,O=C(Nc1ccc(S(=O)(=O)N=c2cco[nH]2)cc1)c1cccc2c1C(=O)N1CCCCC21,0.0000000,0.0000,0.2453940,0.2454,0.9141077,3.4594,26
18.6691,19.6367,-19.6185,0.0001423,CC1(CO)OC(O)C(O)C1O,1,C1CCOC1,0.0000000,0.0000,0.9206736,0.9207,0.7358507,4.3326,26
23.6757,22.5591,-22.5450,0.0001099,O=C(O)c1ccc(Cl)cc1N1C(=O)c2ccccc2C1=O,1,O=C1c2ccccc2C(=O)N1c1ccccc1,0.0000000,0.0000,0.3578115,0.3578,0.9916244,1.8900,26
32.0451,31.1529,-31.1425,0.0000814,c1ccc2c(c1)ccc[n+]2CCCCCC[n+]1nsc2ccccc21,1,c1ccc2c(c1)ccc[n+]2CCCCCC[n+]1nsc2ccccc21,0.0000000,0.0000,0.1492948,0.1493,0.9484196,3.1032,26
25.9129,29.1324,-29.1160,0.0001283,CCNC(=NC1CCC1)N=c1[nH]ccs1,1,C(=NC1CCC1)N=c1[nH]ccs1,0.0000000,0.0000,0.6264637,0.6265,0.8388145,3.9255,26
24.9508,25.8484,-25.8312,0.0001338,CCC(C)NC(=O)Cc1cccc(C(=N)N)c1,1,c1ccccc1,0.0000000,0.0000,0.6491600,0.6492,0.9826486,2.3704,26
34.2770,33.1262,-33.1101,0.0001255,COc1ccc(-n2nnc3c(=O)n(CC(=O)NCCC(=O)N4CCCCCC4)cnc32)c(OC)c1,1,O=C(Cn1cnc2c(nnn2-c2ccccc2)c1=O)NCCC(=O)N1CCCCCC1,0.0000000,0.0000,0.5380726,0.5381,0.9768047,2.5634,26
25.7442,29.5657,-29.5560,0.0000760,O=c1[nH]c2ccccc2nc1-c1ccc(OCCCCCOc2ccc(C3NCCN3)cc2)cc1,1,O=c1[nH]c2ccccc2nc1-c1ccc(OCCCCCOc2ccc(C3NCCN3)cc2)cc1,0.0000000,0.0000,0.1194314,0.1194,0.9774486,2.5446,26
34.3159,37.8708,-37.8543,0.0001289,CN(C)c1nc2c([nH]1)C(=O)C(C=N)C(=O)OC2(C)C,1,O=C1CC(=O)c2[nH]cnc2CO1,0.0000000,0.0000,0.6884616,0.6885,0.7280711,4.3584,26
23.9366,25.1332,-25.1205,0.0000992,Cc1onc(-c2ccc(Cl)cc2)c1COC(=O)N(C)C,1,c1ccc(-c2ccon2)cc1,0.0000000,0.0000,0.2636805,0.2637,0.9863520,2.2116,26
30.4210,30.5588,-30.5428,0.0001249,Cc1cc(=NC(=O)c2ccc(C#N)cc2)n(CCCN2CCOC2=O)[nH]1,1,O=C(N=c1cc[nH]n1CCCN1CCOC1=O)c1ccccc1,0.0000000,0.0000,0.5375072,0.5375,0.9520556,3.0531,26
15.0341,17.5116,-17.4934,0.0001419,CCN1C(=O)C(C)=C(C)C1=O,1,O=C1C=CC(=O)N1,0.0000000,0.0000,0.7747583,0.7748,0.9814937,2.4131,26
24.1469,23.8652,-23.8498,0.0001205,Nc1cc(C(=O)O)cc(-c2ccccc2O)c1,1,c1ccc(-c2ccccc2)cc1,0.0000000,0.0000,0.4722749,0.4723,0.9910036,1.9370,26
19.2734,35.0878,-35.0798,0.0000622,CC(C=CC=CN(C)C)=C1C=C(C=CC2=C(C)CCCC2(C)C)OC1=O,1,C=C1C=C(C=CC2=CCCCC2)OC1=O,0.0000000,0.0000,0.0696915,0.0697,0.8712549,3.7544,26
24.9101,31.7511,-31.7343,0.0001315,Cc1ccc2c(c1)C=C(CN(C)C)NC(=O)CO2,1,O=C1COc2ccccc2C=CN1,0.0000000,0.0000,0.6215653,0.6216,0.9677306,2.7846,26
22.4985,31.5110,-31.4927,0.0001427,O=C(O)CCC(=O)N=c1c(=O)c(=O)c2ccccc2c1=O,1,N=c1c(=O)c(=O)c2ccccc2c1=O,0.0000000,0.0000,0.7908527,0.7909,0.9753191,2.6048,26
33.8878,35.4674,-35.4534,0.0001092,COc1cccc(O)c1C(=O)N=C(CC(=O)Nc1ccc(Cl)cc1)C(=O)O,1,O=C(CC=NC(=O)c1ccccc1)Nc1ccccc1,0.0000000,0.0000,0.3538717,0.3539,0.9769802,2.5583,26
15.8373,16.5747,-16.5606,0.0001106,CCCCCCNCc1ccccc1,1,c1ccccc1,0.0000000,0.0000,0.3642526,0.3643,0.9960000,1.4057,26
24.8085,27.0104,-26.9985,0.0000929,Cc1ccccc1S(=O)(=O)NN1C(=O)C(=Cc2ccccc2)N=C1c1ccccc1,1,O=C1C(=Cc2ccccc2)N=C(c2ccccc2)N1NS(=O)(=O)c1ccccc1,0.0000000,0.0000,0.2170118,0.2170,0.9824243,2.3789,26
28.9718,34.1681,-34.1521,0.0001252,CC1(C)OC2C(NC(=O)Cn3cc(C4CC4)nn3)C(=O)C3C=CC3C2O1,1,O=C(Cn1cc(C2CC2)nn1)NC1C(=O)C2C=CC2C2OCOC12,0.0000000,0.0000,0.6578013,0.6578,0.6759657,4.5210,26
31.8941,30.3975,-30.3891,0.0000655,Cc1ccc(NC(=O)N2CCC(CCC(=O)N3CCN(c4cc(C)ccc4C)CC3)CC2)cc1,1,O=C(CCC1CCN(C(=O)Nc2ccccc2)CC1)N1CCN(c2ccccc2)CC1,0.0000000,0.0000,0.0758255,0.0758,0.9863150,2.2133,26
6.9519,40.6357,-40.6357,0.0000000,O=C1C(=C(O)C=CC=CN(CCO)CCO)C(=O)c2ccccc21,1,C=C1C(=O)c2ccccc2C1=O,1.0000000,1.0000,0.6271539,0.6272,0.9496695,3.0864,26
51.7805,53.8420,-53.8282,0.0001075,CCOc1ccc(N(O)C2CCN(C(C)C(=O)C3CCCN3C(C)=O)CC2)cc1N1CCOCC1,1,O=C(CN1CCC(Nc2cccc(N3CCOCC3)c2)CC1)C1CCCN1,0.0000000,0.0000,0.3573201,0.3573,0.8838627,3.6779,26
14.6980,20.5567,-20.5388,0.0001396,CN1C(=O)NC(=O)C(=Cc2ccco2)C1=O,1,O=C1NC(=O)C(=Cc2ccco2)C(=O)N1,0.0000000,0.0000,0.7383679,0.7384,0.9804267,2.4504,26
23.2037,25.6735,-25.6617,0.0000923,CC(C)(C)OC(=O)N1CCC(CCOc2ccccc2)(C(O)=NO)CC1,1,c1ccc(OCCC2CCNCC2)cc1,0.0000000,0.0000,0.2139271,0.2139,0.9738499,2.6435,26
23.5108,24.2113,-24.1931,0.0001418,COCC(=O)N1CC2CN(C(=O)C3CC3)CC2C1,1,O=C(C1CC1)N1CC2CNCC2C1,0.0000000,0.0000,0.7870034,0.7870,0.9501175,3.0803,26
27.3266,25.4694,-25.4577,0.0000914,CCOC(=O)c1ccc2c(=O)c(O)c(-c3ccc(Cl)cc3)[nH]c2c1,1,O=c1cc(-c2ccccc2)[nH]c2ccccc12,0.0000000,0.0000,0.2063357,0.2063,0.9876516,2.1455,26
26.8100,26.7052,-26.6898,0.0001202,O=C(C1CC1)N1CCc2ccc(Cl)cc2C1C1=NCCN1,1,O=C(C1CC1)N1CCc2ccccc2C1C1=NCCN1,0.0000000,0.0000,0.4806334,0.4806,0.9456303,3.1395,26
27.4321,30.3381,-30.3237,0.0001128,Cc1ccc(C2(O)CC[N+](=Cc3ccccc3)N(C)C2)cc1,1,C(c1ccccc1)=[N+]1CCC(c2ccccc2)CN1,0.0000000,0.0000,0.4066129,0.4066,0.9110015,3.4848,26
27.6203,27.1259,-27.1096,0.0001272,CC1(c2cc(C(N)=O)nc3ccccc23)CCCNC1=O,1,O=C1NCCCC1c1ccnc2ccccc12,0.0000000,0.0000,0.5705374,0.5705,0.9437518,3.1629,26
22.4015,22.9610,-22.9478,0.0001037,O=c1c(C=NNC(=S)Nc2ccccc2)coc2ccccc12,1,O=c1c(C=NNC(=S)Nc2ccccc2)coc2ccccc12,0.0000000,0.0000,0.3012762,0.3013,0.9870121,2.1788,26
25.2582,24.0850,-24.0736,0.0000892,Cc1cc2c(cc1CN1CCC(O)(c3ccc(Cl)cc3)CC1)OCO2,1,c1ccc(C2CCN(Cc3ccc4c(c3)OCO4)CC2)cc1,0.0000000,0.0000,0.1920734,0.1921,0.9834571,2.3388,26
24.0212,24.7160,-24.7025,0.0001056,COc1ccc(C(=O)NC(=S)NCCC2=CCCCC2)cc1OC,1,O=C(NC(=S)NCCC1=CCCCC1)c1ccccc1,0.0000000,0.0000,0.3181275,0.3181,0.9863759,2.2104,26
32.6631,38.9377,-38.9253,0.0000971,CC1=CC(=O)C=CC1=CC=CC1=CC(CC(O)=NO)OC(C)(C)O1,1,O=C1C=CC(=CC=CC2=CCOCO2)C=C1,0.0000000,0.0000,0.3099967,0.3100,0.6665210,4.5489,26
23.0642,24.8823,-24.8705,0.0000924,CC(C)(C)c1cc(C=CS(=O)(=O)O)cc(C(C)(C)C)c1O,1,c1ccccc1,0.0000000,0.0000,0.2151598,0.2152,0.9720269,2.6886,26
26.0655,24.2447,-24.2355,0.0000720,COc1ccc(C2CC(=O)N(CC(=O)NCc3ccccc3OC)c3ccccc3S2)cc1,1,O=C(CN1C(=O)CC(c2ccccc2)Sc2ccccc21)NCc1ccccc1,0.0000000,0.0000,0.1019078,0.1019,0.9709927,2.7129,26
23.4273,26.8126,-26.7944,0.0001423,CN1CCN(CCN=c2[nH]c(=NCCO)c3cnn(C)c3[nH]2)CC1,1,N=c1[nH]c(=NCCN2CCNCC2)[nH]c2[nH]ncc12,0.0000000,0.0000,0.8319614,0.8320,0.8793317,3.7062,26
21.4987,23.0723,-23.0676,0.0000364,COc1ccc2[nH]c3ccccc3c(=NCCCCCCN=c3c4ccccc4[nH]c4ccccc34)c2c1,1,c1ccc2c(=NCCCCCCN=c3c4ccccc4[nH]c4ccccc34)c3ccccc3[nH]c2c1,0.0000000,0.0000,0.0131789,0.0132,0.9617919,2.8986,26
30.4989,31.2723,-31.2570,0.0001195,CC(O)(C(=O)O)c1cccc(-c2ccccc2O)c1,1,c1ccc(-c2ccccc2)cc1,0.0000000,0.0000,0.4641357,0.4641,0.9773225,2.5483,26
25.1816,27.9724,-27.9556,0.0001312,O=C1Cc2ccccc2C2CN(C3COC3)CC12,1,O=C1Cc2ccccc2C2CN(C3COC3)CC12,0.0000000,0.0000,0.6369729,0.6370,0.9168113,3.4367,26
17.6168,18.2538,-18.2362,0.0001375,NC1COc2ccccc2C1,1,c1ccc2c(c1)CCCO2,0.0000000,0.0000,0.7073435,0.7073,0.9747300,2.6206,26
30.9661,31.5767,-31.5689,0.0000613,CCCCC(C)N=c1ccc(-c2ccc(Cl)cc2Cl)c[nH]1,1,N=c1ccc(-c2ccccc2)c[nH]1,0.0000000,0.0000,0.0644427,0.0644,0.9274398,3.3401,26
18.5701,19.3820,-19.3660,0.0001253,O=S1(=O)C=C(SCCN2CCOCC2)c2ccccc21,1,O=S1(=O)C=C(SCCN2CCOCC2)c2ccccc21,0.0000000,0.0000,0.5374313,0.5374,0.9688774,2.7602,26
22.7218,24.3181,-24.3043,0.0001076,CN1CC2CCC1C2N=c1cnc(C(F)(F)F)c[nH]1,1,c1c[nH]c(=NC2C3CCC2NC3)cn1,0.0000000,0.0000,0.5945655,0.5946,0.3653934,5.3596,26
28.8807,30.6170,-30.6041,0.0001005,C=CC(=O)Oc1ccc(CC2c3cc(OC)c(OC)cc3CCN2C)cc1O,1,c1ccc(CC2NCCc3ccccc32)cc1,0.0000000,0.0000,0.2791196,0.2791,0.9556020,3.0006,26
49.9383,52.5700,-52.5539,0.0001259,C[N+]12CCC1(CC(C=C(CO[N+](=O)[O-])[N+](=O)[O-])OCCCCO)CC2,1,C1C[NH+]2CCC12,0.0000000,0.0000,0.7001295,0.7001,0.6243256,4.6691,26
30.1135,29.9570,-29.9462,0.0000839,CCCCC(N=c1[nH]cnc2c(C)csc12)c1cccnc1,1,c1cncc(CN=c2[nH]cnc3ccsc23)c1,0.0000000,0.0000,0.1702286,0.1702,0.8795928,3.7046,26
33.4967,31.3650,-31.3538,0.0000874,CC(C)c1nnc2ccc(-c3cnc(N4CCC(N5CCCCC5)CC4)s3)nn12,1,c1cc2nncn2nc1-c1cnc(N2CCC(N3CCCCC3)CC2)s1,0.0000000,0.0000,0.1824308,0.1824,0.9673104,2.7933,26
33.7271,33.0360,-33.0253,0.0000842,Cc1nn(C)cc1CN1CCOc2ccc(C3CCCN3Cc3ccc4c(c3)OCO4)cc2C1=O,1,O=C1c2cc(C3CCCN3Cc3ccc4c(c3)OCO4)ccc2OCCN1Cc1cn[nH]c1,0.0000000,0.0000,0.1653303,0.1653,0.9428534,3.1738,26
10.8903,40.4265,68.2699,0.8491905,CC1=C(C#N)C(=O)C(=O)C1=C(O)C=CC=CN(C)C,1,C=C1C=CC(=O)C1=O,1.0000000,1.0000,0.6470004,0.6470,0.9082263,3.5068,26
21.5024,21.0888,-21.0720,0.0001315,Cc1ccc(C)c(NC(=O)C=NO)c1,1,c1ccccc1,0.0000000,0.0000,0.6143749,0.6144,0.9873767,2.1600,26
30.4347,33.9799,-33.9686,0.0000886,CC(C)=Cc1cc(-c2cccc(OC(=O)N3CCN(C)CC3)c2)ccn1,1,O=C(Oc1cccc(-c2ccncc2)c1)N1CCNCC1,0.0000000,0.0000,0.1885541,0.1886,0.9809968,2.4307,26
40.0244,43.5201,-43.5055,0.0001138,CC(=O)N1CCOCC12OC1(CCN(C(=O)NC(C)C)CC1)C1COCC12,1,C1CC2(CCN1)OC1(COCCN1)C1COCC12,0.0000000,0.0000,0.6081886,0.6082,0.4716794,5.0739,26
29.2107,30.1185,-30.1022,0.0001275,CCC(O)c1cc[nH]c(=NC2CCCC2)n1,1,c1cnc(=NC2CCCC2)[nH]c1,0.0000000,0.0000,0.6066963,0.6067,0.8575816,3.8304,26
18.0550,48.3539,37.1438,0.6679508,CCCCN(C)C=CC=CC(O)=C1C(=O)C(C)C(=O)C=C1C,1,C=C1C=CC(=O)CC1=O,1.0000000,1.0000,0.3326614,0.3327,0.8249057,3.9903,26
21.2047,20.6674,-20.6541,0.0001033,CCOC(=O)c1cn(Cc2ccccc2)c2ccccc2c1=O,1,O=c1ccn(Cc2ccccc2)c2ccccc12,0.0000000,0.0000,0.2971041,0.2971,0.9928758,1.7838,26
29.0990,25.8752,-25.8593,0.0001240,Fc1cnc(N2CCC3OC(c4nnco4)CC32)nc1,1,c1cnc(N2CCC3OC(c4nnco4)CC32)nc1,0.0000000,0.0000,0.6139164,0.6139,0.7274523,4.3605,26
27.2670,31.8044,-31.7891,0.0001194,CC(=O)OCC1=C(COC(=O)OCC2CCCO2)C(C)C(=O)C(C)(C)C1=O,1,O=C1C=C(COC(=O)OCC2CCCO2)CC(=O)C1,0.0000000,0.0000,0.5061101,0.5061,0.8351867,3.9428,26
48.7214,54.5329,-54.5162,0.0001305,CN1C(=O)CNC(=O)C(NC(O)Cc2cc(C(=O)O)cs2)C1(O)c1ccccc1,1,O=C1CNC(=O)C(NCCc2cccs2)C(c2ccccc2)N1,0.0000000,0.0000,0.6854376,0.6854,0.7842466,4.1593,26
16.8899,18.5541,-18.5413,0.0001000,CC(C)=CCCC(C)=CCSCCC(=O)O,1,,0.0000000,0.0000,0.2732891,0.2733,0.9687976,2.7619,26
53.9846,55.8136,-55.8028,0.0000842,Cc1nc(CO)cn2c(-c3cnc4c(c3)CC(NS(=O)(=O)c3cccc(Cl)c3)C(=O)N4C(C)C)c(-c3ccn(C)n3)nc12,1,O=C1Nc2ncc(-c3c(-c4cc[nH]n4)nc4cnccn34)cc2CC1NS(=O)(=O)c1ccccc1,0.0000000,0.0000,0.1764305,0.1764,0.8432888,3.9037,26
52.8971,52.8692,-52.8593,0.0000770,C=CCN1CC23C=CC(CN(CCC2)C12COC(c1ccc(OC)cc1)=N2)C3O,1,C1=CC23CCCN(CC1C2)C1(COC(c2ccccc2)=N1)NC3,0.0000000,0.0000,0.4281464,0.4281,0.1121784,6.3476,26
23.1450,25.1261,-25.1083,0.0001391,CN1CCN(CC(O)Cn2c(Br)nc3c2c(=O)n(C)c(=O)n3C)CC1,1,O=c1[nH]c(=O)c2c(ncn2CCCN2CCNCC2)[nH]1,0.0000000,0.0000,0.7435335,0.7435,0.9511688,3.0657,26
35.8303,39.0590,-39.0490,0.0000783,COc1cc(F)c(F)c(C(O)(C=CC2C(O)CC(O)C2CC=CCCCC(=O)O)C(F)(F)F)c1F,1,C(=CC1CCCC1)Cc1ccccc1,0.0000000,0.0000,0.1651864,0.1652,0.6469221,4.6055,26
37.4005,37.2673,-37.2573,0.0000778,CC(O)(CCCC(=O)O)C1C(O)CC2(C)C3=CCC4C(C)(CO)c5nccnc5CC4(C)C3C(=O)CC12C,1,O=C1CC2CCCC2C2=CCC3Cc4nccnc4CC3C12,0.0000000,0.0000,0.2362027,0.2362,0.3350409,5.4465,26
25.5721,25.5797,-25.5666,0.0001026,Cc1ccc(-c2ncc(CN3CCCOCC3)s2)cc1,1,c1ccc(-c2ncc(CN3CCCOCC3)s2)cc1,0.0000000,0.0000,0.2914983,0.2915,0.9879217,2.1309,26
19.8684,21.3515,-21.3338,0.0001380,CCCNC(=O)OC1CCN(C)CC1,1,C1CCNCC1,0.0000000,0.0000,0.7097813,0.7098,0.9885533,2.0955,26
31.6433,31.7604,-31.7468,0.0001062,CN1CCOC(Cn2c(-c3cccc(O)c3)nc3cc(Cl)ccc3c2=O)C1,1,O=c1c2ccccc2nc(-c2ccccc2)n1CC1CNCCO1,0.0000000,0.0000,0.3281013,0.3281,0.9620979,2.8932,26
22.1338,22.1899,-22.1738,0.0001253,COc1nn(C)c2c1CN(C1CCOC1)CC2COCC1CC1,1,c1n[nH]c2c1CN(C1CCOC1)CC2COCC1CC1,0.0000000,0.0000,0.5912128,0.5912,0.8192733,4.0154,26
22.8384,22.5354,-22.5193,0.0001254,COc1ccccc1C=CC(=O)NCc1ccc(S(N)(=O)=O)cc1,1,O=C(C=Cc1ccccc1)NCc1ccccc1,0.0000000,0.0000,0.5320965,0.5321,0.9910506,1.9335,26
15.5535,35.9147,-35.9008,0.0001083,CN(C)C=CC=CC(O)=C1CCCCC1,1,C=C1CCCCC1,0.0000000,0.0000,0.3535145,0.3535,0.9378814,3.2316,26
17.9729,18.7042,-18.6876,0.0001292,CNC(=S)Nc1ccc(C)cc1,1,c1ccccc1,0.0000000,0.0000,0.5802273,0.5802,0.9940152,1.6695,26
20.8475,27.2397,-27.2218,0.0001404,C=C1C(=O)CC(O)(CC(C)=O)C1=O,1,C=C1C(=O)CCC1=O,0.0000000,0.0000,0.8308778,0.8309,0.8208494,4.0084,26
28.2724,27.3490,-27.3354,0.0001061,CCCCCCCCc1nc(=N)c2nnn(CCCC)c2[nH]1,1,N=c1nc[nH]c2[nH]nnc12,0.0000000,0.0000,0.3286228,0.3286,0.9569029,2.9804,26
41.9548,46.1813,-46.1766,0.0000365,COC(=O)CCN(C)CCOC1CCC2(C)C1CCC1(C)C2CC=C2C3CC(C)(C)CCC3(C(=O)N3CCOCC3)CCC21C,1,O=C(N1CCOCC1)C12CCCCC1C1=CCC3C4CCCC4CCC3C1CC2,0.0000000,0.0000,0.0188074,0.0188,0.5302941,4.9210,26
25.1137,26.1993,-26.1876,0.0000914,N=C(SC1=C(Cl)C(=O)c2c(O)ccc(O)c2C1=O)c1ccccc1,1,N=C(SC1=CC(=O)c2ccccc2C1=O)c1ccccc1,0.0000000,0.0000,0.2096479,0.2096,0.9610413,2.9118,26
30.9904,29.6704,-29.6556,0.0001161,CC(C)(C)c1cc[nH]c(=Nc2cc(F)c3[nH]c(=N)[nH]c(=N)c3c2)n1,1,N=c1[nH]c(=N)c2cc(N=c3nccc[nH]3)ccc2[nH]1,0.0000000,0.0000,0.4708222,0.4708,0.8167574,4.0264,26
27.5321,27.7614,-27.7461,0.0001191,Cc1ccc2c(c1)C1(CC2)NC(=O)N(Cc2cn(CCC3OCCCO3)nn2)C1=O,1,O=C1NC2(CCc3ccccc32)C(=O)N1Cc1cn(CCC2OCCCO2)nn1,0.0000000,0.0000,0.4933777,0.4934,0.8614033,3.8098,26
28.3752,34.9140,-34.9004,0.0001062,CON=C(C(=O)NC1C(=O)C2(O)CC(=C(Br)Br)S(=O)(=O)C12)c1csc(=N)[nH]1,1,C=C1CC2C(=O)C(NC(=O)C(=N)c3csc(=N)[nH]3)C2S1(=O)=O,0.0000000,0.0000,0.5777238,0.5777,0.3574851,5.3819,26
21.9368,21.8627,-21.8480,0.0001149,N=c1nc(-c2ccccc2)c2c([nH]1)-c1cc(CN3CCNCC3)ccc1C2=O,1,N=c1nc(-c2ccccc2)c2c([nH]1)-c1cc(CN3CCNCC3)ccc1C2=O,0.0000000,0.0000,0.4143405,0.4143,0.9693868,2.7491,26
19.6695,20.3087,-20.2951,0.0001060,COc1ccccc1N1CCN(Cc2ccccc2F)CC1,1,c1ccc(CN2CCN(c3ccccc3)CC2)cc1,0.0000000,0.0000,0.3206650,0.3207,0.9939896,1.6723,26
19.7511,43.6848,-43.6688,0.0001247,CC(C=CC=CN(CCO)CCO)=C1C=CNN=C1C(F)(F)F,1,C=C1C=CNN=C1,0.0000000,0.0000,0.5908947,0.5909,0.8002775,4.0958,26
20.9258,20.2843,-20.2736,0.0000830,COC(=O)C1=C(C)N(Cc2ccccc2)C(C)=C(C(=O)OC)C1c1ccccc1,1,C1=CN(Cc2ccccc2)C=CC1c1ccccc1,0.0000000,0.0000,0.1544391,0.1544,0.9868584,2.1866,26
27.0961,32.3831,-32.3645,0.0001454,CC(NC(=O)C1CC(=O)CN(C)C1)C(=O)O,1,O=C1CCCNC1,0.0000000,0.0000,0.8527075,0.8527,0.9441656,3.1578,26
33.4569,34.6471,-34.6348,0.0000962,CCN(CC)Cc1cccc(S(=O)(=O)N=C2C(=O)c3ccccc3C(=O)C2Cl)c1,1,O=C1CC(=NS(=O)(=O)c2ccccc2)C(=O)c2ccccc21,0.0000000,0.0000,0.2472604,0.2473,0.9434899,3.1661,26
24.0266,22.6607,-22.6477,0.0001012,Nc1ccc(C(=O)OCc2cc(=O)n3nc(C4CCCCC4)sc3n2)cc1,1,O=C(OCc1cc(=O)n2nc(C3CCCCC3)sc2n1)c1ccccc1,0.0000000,0.0000,0.2811138,0.2811,0.9794160,2.4838,26
18.5166,23.0552,-23.0367,0.0001440,CN1CCN(CCCCO[N+](=O)[O-])CC1,1,C1CNCCN1,0.0000000,0.0000,0.8067007,0.8067,0.9863870,2.2099,26
25.0398,24.4628,-24.4514,0.0000896,CCN1CCCCC1CC(=O)Nc1cccc2ccccc12,1,O=C(CC1CCCCN1)Nc1cccc2ccccc12,0.0000000,0.0000,0.1948632,0.1949,0.9833447,2.3433,27
39.4336,37.9108,-37.8962,0.0001138,CCCn1c(=O)c2[nH]c(C(=O)CC)c(Cl)c2n(CC2CCCO2)c1=N,1,N=c1[nH]c(=O)c2[nH]ccc2n1CC1CCCO1,0.0000000,0.0000,0.4207721,0.4208,0.8959067,3.5977,27
31.5650,29.9770,-29.9645,0.0000977,Cc1nc(-c2ccccc2)n(-c2ccnc(N3CCCCCC3)n2)n1,1,c1ccc(-c2ncnn2-c2ccnc(N3CCCCCC3)n2)cc1,0.0000000,0.0000,0.2527126,0.2527,0.9845830,2.2921,27
25.5792,26.9222,-26.9129,0.0000732,C=CC(C)(C)c1c2c(c(OC)c3occc13)CC(C(=C)C)O2,1,c1cc2cc3c(cc2o1)CCO3,0.0000000,0.0000,0.1158782,0.1159,0.8423464,3.9083,27
29.4785,30.1686,-30.1518,0.0001314,O=C(C1CCNCC1)N1CCC(N=c2[nH]c(Cl)nc(=NC3CC3)[nH]2)CC1,1,O=C(C1CCNCC1)N1CCC(N=c2[nH]cnc(=NC3CC3)[nH]2)CC1,0.0000000,0.0000,0.6486910,0.6487,0.8957945,3.5985,27
24.2659,24.8465,-24.8320,0.0001135,CCCCCCCCCCN=Cc1c(N)[nH]cnc1=N,1,N=c1cc[nH]cn1,0.0000000,0.0000,0.4050178,0.4050,0.9460523,3.1341,27
33.0675,34.8113,-34.8034,0.0000615,COC1OC(C)(C2CCC3(C)C2C(O)CC2C4(C)CCC(O)C(C)(C)C4CCC23C)CC(O)C1OC,1,C1CCC(C2CCC3C2CCC2C4CCCCC4CCC23)OC1,0.0000000,0.0000,0.1018429,0.1018,0.4227580,5.2029,27
26.7813,25.4714,-25.4562,0.0001182,O=[N+]([O-])c1ccc(N2CCN(CCCNS(=O)(=O)c3cccs3)CC2)cc1,1,O=S(=O)(NCCCN1CCN(c2ccccc2)CC1)c1cccs1,0.0000000,0.0000,0.4460622,0.4461,0.9865655,2.2011,27
23.9198,23.2658,-23.2538,0.0000939,O=C(Nc1ccccc1F)c1ccc(NC(=O)N2CCCC2)cc1,1,O=C(Nc1ccccc1)c1ccc(NC(=O)N2CCCC2)cc1,0.0000000,0.0000,0.2232189,0.2232,0.9940673,1.6638,27
22.6939,22.4150,-22.4051,0.0000769,COc1cccc(-c2ccc(CCC(=O)N=C3CCCCC3C(=O)O)cc2)c1,1,O=C(CCc1ccc(-c2ccccc2)cc1)N=C1CCCCC1,0.0000000,0.0000,0.1243854,0.1244,0.9635145,2.8674,27
31.0539,30.5347,-30.5247,0.0000788,CCCC(Oc1ccnc(C(=O)N=c2cccc(C)[nH]2)c1)c1ccccc1,1,O=C(N=c1cccc[nH]1)c1cc(OCc2ccccc2)ccn1,0.0000000,0.0000,0.1367933,0.1368,0.9281047,3.3337,27
18.7579,18.1180,-18.1039,0.0001097,COc1cccc(-n2c(O)csc2=S)c1,1,S=c1sccn1-c1ccccc1,0.0000000,0.0000,0.3585524,0.3586,0.9790948,2.4941,27
6.3602,39.7664,-39.7664,0.0000000,CN(C)C=CC=CC(O)=C1C(=O)NC(=O)N(C)C1=O,1,C=C1C(=O)NC(=O)NC1=O,1.0000000,1.0000,0.7658286,0.7658,0.9445162,3.1534,27
29.1864,27.8201,-27.8077,0.0000964,CC1CCc2c(sc3ncn(CC(=O)Nc4ccc(S(=O)(=O)N=c5[nH]ccs5)cc4)c(=O)c23)C1,1,O=C(Cn1cnc2sc3c(c2c1=O)CCCC3)Nc1ccc(S(=O)(=O)N=c2[nH]ccs2)cc1,0.0000000,0.0000,0.2538307,0.2538,0.9091309,3.4997,27
25.6158,24.8088,-24.7958,0.0001014,CC(=O)Nc1ccc(S(=O)(=O)N2CCCC2C(=O)Nc2ccc(Cl)cc2)cc1,1,O=C(Nc1ccccc1)C1CCCN1S(=O)(=O)c1ccccc1,0.0000000,0.0000,0.2823312,0.2823,0.9830847,2.3535,27
19.5605,25.0426,-25.0262,0.0001288,CC1(OC(=O)C2CCCC2)C(=O)C=C2C=C(C=O)N(CCO)C=C2C1=O,1,O=C(OC1C(=O)C=C2C=CNC=C2C1=O)C1CCCC1,0.0000000,0.0000,0.6542270,0.6542,0.7920646,4.1288,27
19.7914,20.9371,-20.9205,0.0001302,CN=c1[nH]nc(-c2ccc(C(=O)O)cc2)s1,1,N=c1[nH]nc(-c2ccccc2)s1,0.0000000,0.0000,0.6035072,0.6035,0.9663128,2.8135,27
27.5320,27.8042,-27.7870,0.0001340,CC(N=c1[nH]c(C(O)O)cc(=O)[nH]1)C(C)(C)C,1,N=c1[nH]ccc(=O)[nH]1,0.0000000,0.0000,0.7564337,0.7564,0.7571589,4.2592,27
10.2340,33.5872,-33.5872,0.0000000,O=C1C(=C(O)C=CC=CN2CCOCC2)C(=O)c2ccccc21,1,O=C1C(=CC=CC=CN2CCOCC2)C(=O)c2ccccc21,1.0000000,1.0000,0.4693245,0.4693,0.9613589,2.9062,27
24.9982,26.5408,-26.5263,0.0001139,O=C(NCCN1CCN(C2CCCCC2)CC1)c1cc2ccccc2oc1=O,1,O=C(NCCN1CCN(C2CCCCC2)CC1)c1cc2ccccc2oc1=O,0.0000000,0.0000,0.3995976,0.3996,0.9867423,2.1924,27
9.8351,39.3632,53.5661,0.7260096,CC1=NN(c2ccccc2)C(=O)C1=C(O)C=CC=CN(C)C,1,C=C1C=NN(c2ccccc2)C1=O,1.0000000,1.0000,0.3907809,0.3908,0.9639711,2.8589,27
21.9900,25.1365,-25.1188,0.0001381,O=C1C=CC(=NC2CCS(=O)(=O)C2)O1,1,O=C1C=CC(=NC2CCS(=O)(=O)C2)O1,0.0000000,0.0000,0.8145863,0.8146,0.7797027,4.1766,27
17.9590,19.2567,-19.2422,0.0001135,c1nc2c(ncn2C2CCCC2)c(=NC2CCCC2)[nH]1,1,c1nc2c(ncn2C2CCCC2)c(=NC2CCCC2)[nH]1,0.0000000,0.0000,0.4036630,0.4037,0.9499612,3.0824,27
23.1922,23.7459,-23.7282,0.0001384,COC(=O)c1oc(N2CCOCC2)nc1C,1,c1coc(N2CCOCC2)n1,0.0000000,0.0000,0.7209856,0.7210,0.9777713,2.5350,27
22.4604,26.0873,-26.0692,0.0001414,CCN(CC)CCCN1C(=O)CC2(CC(=O)NC2=O)C1=O,1,O=C1CC2(CC(=O)NC2=O)C(=O)N1,0.0000000,0.0000,0.8107832,0.8108,0.8899083,3.6386,27
19.8268,20.1410,-20.1243,0.0001308,O=C(O)c1nccn1-c1ccccc1,1,c1ccc(-n2ccnc2)cc1,0.0000000,0.0000,0.6042544,0.6043,0.9886708,2.0887,27
18.7202,20.0845,-20.0663,0.0001422,OCC1OC(SO)C(O)C(O)C1O,1,C1CCOCC1,0.0000000,0.0000,0.9028362,0.9028,0.7601017,4.2487,27
10.6234,35.6532,77.6538,0.8852113,CN(C=CC=CC(O)=C1CCCNC1=O)CCO,1,C=C1CCCNC1=O,1.0000000,1.0000,0.7407888,0.7408,0.8913153,3.6292,27
34.5927,36.6615,-36.6442,0.0001350,CCC(=O)N1CCN(S(=O)(=O)c2cccc3nonc23)C(CC(=O)O)C1=O,1,O=C1CN(S(=O)(=O)c2cccc3nonc23)CCN1,0.0000000,0.0000,0.6873989,0.6874,0.9316887,3.2978,27
16.9115,42.5282,61.9214,0.8160127,CN(C=CC=CC(O)=C1C(=O)c2ccccc2C1=O)CCC(N)=O,1,C=C1C(=O)c2ccccc2C1=O,1.0000000,1.0000,0.5574674,0.5575,0.9561471,2.9922,27
6.5564,39.9462,-39.9462,0.0000000,CC1=NN(c2ccccc2)C(=O)C1=C(O)C=CC=CN(C)C,2,C=C1C=NN(c2ccccc2)C1=O,0.0000000,1.0000,0.0000000,0.3908,0.0000000,2.8589,27
21.1963,20.5631,-20.5489,0.0001105,CCOC(=O)c1ccc2c(c1OC)C=CC(C)(C)O2,1,C1=Cc2ccccc2OC1,0.0000000,0.0000,0.3666133,0.3666,0.9789569,2.4985,27
24.4446,23.3013,-23.2879,0.0001050,CCN(CC)CCOC(=O)C(C)(C)Oc1ccc(Cl)cc1,1,c1ccccc1,0.0000000,0.0000,0.3130322,0.3130,0.9879945,2.1269,27
32.0166,30.6935,-30.6774,0.0001258,O=C(CNCCN1CCOCC1)N1C(=O)c2ccccc2C12CCSCC2,1,O=C(CNCCN1CCOCC1)N1C(=O)c2ccccc2C12CCSCC2,0.0000000,0.0000,0.5600987,0.5601,0.9217721,3.3931,27
26.9958,30.3050,-30.2868,0.0001422,CN1CCN(Cc2[nH]c(=N)n3cn[nH]c23)CC1,1,N=c1[nH]c(CN2CCNCC2)c2[nH]ncn12,0.0000000,0.0000,0.8072781,0.8073,0.9230037,3.3819,27
21.4089,22.3471,-22.3337,0.0001041,ClC(Cn1ncc2c(=NCC3CC3)[nH]cnc21)c1ccccc1,1,c1ccc(CCn2ncc3c(=NCC4CC4)[nH]cnc32)cc1,0.0000000,0.0000,0.3223393,0.3223,0.8955096,3.6005,27
18.7261,20.5155,-20.5014,0.0001105,C=CCc1ccc(OCCCC)c(O)c1,1,c1ccccc1,0.0000000,0.0000,0.3637858,0.3638,0.9890326,2.0673,27
27.2557,29.4103,-29.3923,0.0001410,CN1CC2(CCN(C(N)=O)C2)CC1=O,1,O=C1CC2(CCNC2)CN1,0.0000000,0.0000,0.8226727,0.8227,0.8548667,3.8448,27
17.9755,18.6302,-18.6124,0.0001396,N=C(N)Nc1ccc(C(=O)O)cc1,1,c1ccccc1,0.0000000,0.0000,0.7328840,0.7329,0.9922356,1.8402,27
24.7659,29.7906,-29.7769,0.0001075,CC(C)=CCC12CC(C)(O)CC(OC1=O)O2,1,O=C1OC2CCCC1O2,0.0000000,0.0000,0.6490449,0.6490,0.3113855,5.5170,27
23.6916,24.1662,-24.1493,0.0001322,NC(=S)c1cn(C2OC(CO)C(O)C2O)c2ncnc(Br)c12,1,c1ncc2ccn(C3CCCO3)c2n1,0.0000000,0.0000,0.7024483,0.7024,0.8019216,4.0891,27
31.6527,31.6586,-31.6416,0.0001330,CN=c1cc(C)[nH]c(C2CCN(C(=O)N3CCN(S(C)(=O)=O)CC3)CC2)n1,1,N=c1cc[nH]c(C2CCN(C(=O)N3CCNCC3)CC2)n1,0.0000000,0.0000,0.6485099,0.6485,0.9528490,3.0417,27
37.9968,37.6863,-37.6738,0.0000977,CC(=O)Nc1c(NC(=O)c2ccc([N+](=O)[O-])cc2)ccc2c1C(=O)C1N(C)CCC2(C)N1C,1,O=C(Nc1ccc2c(c1)C(=O)C1NCCC2N1)c1ccccc1,0.0000000,0.0000,0.3051674,0.3052,0.7065023,4.4277,27
26.1730,27.0451,-27.0342,0.0000852,CCN(CC)CCOc1cc2occc2c2ccccc12,1,c1ccc2c(c1)ccc1occc12,0.0000000,0.0000,0.1669501,0.1670,0.9874075,2.1584,27
28.0267,28.6776,-28.6631,0.0001136,CCc1sc2c(c1C(C)O)C(=O)CCC2,1,O=C1CCCc2sccc21,0.0000000,0.0000,0.4114561,0.4115,0.9235328,3.3770,27
20.1091,22.1214,-22.1062,0.0001187,O=C(CCc1ccccc1)N=CC(=O)NN=Cc1ccc([N+](=O)[O-])cc1,1,O=C(CCc1ccccc1)N=CC(=O)NN=Cc1ccccc1,0.0000000,0.0000,0.4550749,0.4551,0.9765176,2.5716,27
49.5510,56.9492,-56.9434,0.0000458,CCCCCCC=CC=CC(F)=C=C1CCC(=O)C1=CC=CCCOCCCC(=O)OC,1,C=C1CCC(=O)C1=C,0.0000000,0.0000,0.0275229,0.0275,0.8906948,3.6334,27
8.4511,47.0078,-47.0078,0.0000000,CN(C=CC=CC(O)=C1C(=O)NC(=O)N(C2CCCCC2)C1=O)CCO,1,C=C1C(=O)NC(=O)N(C2CCCCC2)C1=O,1.0000000,1.0000,0.6196891,0.6197,0.9415672,3.1892,27
24.7337,26.7776,-26.7603,0.0001349,CN1Cc2cc(OC3CCNC3)ccc2C1=O,1,O=C1NCc2cc(OC3CCNC3)ccc21,0.0000000,0.0000,0.6739449,0.6739,0.9617482,2.8994,27
18.5404,18.7435,-18.7264,0.0001339,COc1ccc(C)c(N)c1,1,c1ccccc1,0.0000000,0.0000,0.6461160,0.6461,0.9946983,1.5901,27
21.8155,23.6570,-23.6397,0.0001350,CSCCC(N)C(=O)N1CCCCCC1,1,C1CCCNCC1,0.0000000,0.0000,0.6677182,0.6677,0.9788426,2.5021,27
8.2450,35.1069,-35.1069,0.0000000,CN(C=CC=CC(O)=C1C(=O)OC(C)(C)OC1=O)CCO,1,C=C1C(=O)OCOC1=O,1.0000000,1.0000,0.7177074,0.7177,0.9048977,3.5324,27
28.2451,30.0860,-30.0742,0.0000920,COc1cc(C=CC(=O)N=C2C=C(C(C)C)C(=O)C=C2C)cc(OC)c1OC,1,O=C1C=CC(=NC(=O)C=Cc2ccccc2)C=C1,0.0000000,0.0000,0.2134687,0.2135,0.9653248,2.8330,27
25.5424,25.9102,-25.8965,0.0001075,Cc1cc(C)c2c(n1)sc1c(=O)n(CCN3CCN(c4ccccc4O)CC3)c(=O)[nH]c12,1,O=c1[nH]c2c(sc3ncccc32)c(=O)n1CCN1CCN(c2ccccc2)CC1,0.0000000,0.0000,0.3389505,0.3390,0.9732024,2.6598,27
30.8398,29.7741,-29.7636,0.0000822,O=c1c(Cl)c(Nc2ccc(Br)cc2F)cnn1C1CCCCC1O,1,O=c1cc(Nc2ccccc2)cnn1C1CCCCC1,0.0000000,0.0000,0.1555913,0.1556,0.9288400,3.3264,27
24.6347,24.1309,-24.1145,0.0001281,Cc1ccc[nH]c1=NC(=O)c1ccccc1OCC(=O)O,1,O=C(N=c1cccc[nH]1)c1ccccc1,0.0000000,0.0000,0.5724354,0.5724,0.9754507,2.6013,27
22.2040,22.2338,-22.2197,0.0001105,COc1cccc(S(=O)(=O)N2CCCc3ccccc32)c1,1,O=S(=O)(c1ccccc1)N1CCCc2ccccc21,0.0000000,0.0000,0.3632380,0.3632,0.9919191,1.8665,27
18.6935,21.3385,-21.3292,0.0000730,CON=C1CC(c2ccccc2)N(C)C(c2ccc(C)cc2)C1C,1,N=C1CC(c2ccccc2)NC(c2ccccc2)C1,0.0000000,0.0000,0.1094234,0.1094,0.9221643,3.3896,27
21.2384,21.6922,-21.6794,0.0000997,Oc1cccc2c1-c1cccc3c1C(CCO3)C2,1,c1ccc2c(c1)CC1CCOc3cccc-2c31,0.0000000,0.0000,0.2714413,0.2714,0.9619300,2.8962,27
22.9380,26.9137,-26.8964,0.0001354,OCC1NC(C=CC(O)C2CCCCC2)C(O)C(O)C1O,1,C(=CC1CCCCN1)CC1CCCCC1,0.0000000,0.0000,0.8323420,0.8323,0.6765233,4.5193,27
30.6603,34.9223,-34.9089,0.0001051,CC(C)C1C(OC(=O)NC(Cc2ccccc2)C(O)CN2CCN(CCO)CC2C(O)CCc2ccccc2)CCS1(=O)=O,1,O=C(NC(CCN1CCNCC1CCCc1ccccc1)Cc1ccccc1)OC1CCS(=O)(=O)C1,0.0000000,0.0000,0.3870021,0.3870,0.6834150,4.4987,27
20.8656,20.8869,-20.8737,0.0001032,Cc1cccc(C(=S)N2CCCCC2)c1C,1,S=C(c1ccccc1)N1CCCCC1,0.0000000,0.0000,0.2969582,0.2970,0.9893166,2.0501,27
58.4579,62.2839,-62.2728,0.0000863,CC12CCC(N)C(C)(C)C1CCC1=C2C(=O)CC2(C)C3=CC(O)C(O)C(C)(C(=O)O)C3C(O)C(n3cc(CNC(=O)CN)nn3)C12C,1,O=C1CC2C3=CCCCC3CC(n3ccnn3)C2C2=C1C1CCCCC1CC2,0.0000000,0.0000,0.4089185,0.4089,0.2199994,5.8245,27
36.7885,35.1015,-35.0935,0.0000626,O=C(c1cccc2ccccc12)N1CCN(CC(=O)n2c3ccccc3c3ccccc32)CC1,1,O=C(c1cccc2ccccc12)N1CCN(CC(=O)n2c3ccccc3c3ccccc32)CC1,0.0000000,0.0000,0.0663381,0.0663,0.9870990,2.1744,27
19.1507,23.4188,-23.4053,0.0001051,CCCN(CCC)CCN=C1C(=O)c2ccccc2C(=O)C1Cl,1,N=C1CC(=O)c2ccccc2C1=O,0.0000000,0.0000,0.3235557,0.3236,0.9343773,3.2698,27
8.2593,41.8120,-41.8120,0.0000000,O=C1NC(=O)C(=C(O)C=CC=CN(CCO)CCO)C(=O)N1,1,C=C1C(=O)NC(=O)NC1=O,1.0000000,1.0000,0.8626767,0.8627,0.9187340,3.4201,27
24.4896,23.3674,-23.3541,0.0001039,Cc1cc(F)ccc1Oc1ccc(S(=O)(=O)N=c2[nH]cns2)cc1C#N,1,O=S(=O)(N=c1[nH]cns1)c1ccc(Oc2ccccc2)cc1,0.0000000,0.0000,0.3104000,0.3104,0.9465240,3.1280,27
19.1566,21.1733,-21.1553,0.0001412,O=C(Cn1cccc1)N1CCOCC1,1,O=C(Cn1cccc1)N1CCOCC1,0.0000000,0.0000,0.7605821,0.7606,0.9860175,2.2276,27
18.7574,18.8664,-18.8554,0.0000857,CCCN1CCc2cccc3c2C1Cc1ccccc1-3,1,c1ccc2c(c1)CC1NCCc3cccc-2c31,0.0000000,0.0000,0.1713138,0.1713,0.9743252,2.6312,27
25.1609,25.8282,-25.8155,0.0000992,CCc1nnc2ccc(-c3cn(C)nc3-c3ccccc3)cn12,1,c1ccc(-c2n[nH]cc2-c2ccc3nncn3c2)cc1,0.0000000,0.0000,0.2642275,0.2642,0.9822526,2.3854,27
22.1040,25.2082,-25.1920,0.0001264,CC1=NCCN1S(=O)(=O)c1ccc(Cl)s1,1,O=S(=O)(c1cccs1)N1C=NCC1,0.0000000,0.0000,0.5545554,0.5546,0.9613400,2.9066,27
11.9556,27.5983,-27.5820,0.0001277,CN1C(=O)C(=C(O)c2ccccc2)C(=O)OC1(C)C,1,O=C1NCOC(=O)C1=Cc1ccccc1,0.0000000,0.0000,0.5666907,0.5667,0.9734427,2.6538,27
28.7463,28.8958,-28.8821,0.0001073,CCN(C)CC1C2CCC(O2)C1CC=CCCCC(=O)O,1,C1CC2CCC1O2,0.0000000,0.0000,0.4273037,0.4273,0.6401345,4.6248,27
32.8192,34.8999,-34.8833,0.0001295,CCC=NC(=O)NNC(=O)c1c(O)nc2c(C)cccn12,1,c1ccn2ccnc2c1,0.0000000,0.0000,0.6074015,0.6074,0.9314384,3.3004,27
13.4581,16.9655,-16.9464,0.0001493,COC1C(O)C(O)C(O)C(O)C1O,1,C1CCCCC1,0.0000000,0.0000,0.9392553,0.9393,0.9161301,3.4425,27
21.5681,22.1165,-22.1033,0.0001032,CCOc1ccccc1-c1cccc(O)c1,1,c1ccc(-c2ccccc2)cc1,0.0000000,0.0000,0.2960933,0.2961,0.9948195,1.5749,27
21.8186,24.4752,-24.4587,0.0001294,CC1C=CC(=O)CC12OCCCO2,1,O=C1C=CCC2(C1)OCCCO2,0.0000000,0.0000,0.6931467,0.6931,0.7362462,4.3313,27
28.1709,28.9366,-28.9275,0.0000711,Cc1cc(C(=O)NCCC2CCN(Cc3ccccc3)C2)c(C)n1C1CCCC1,1,O=C(NCCC1CCN(Cc2ccccc2)C1)c1ccn(C2CCCC2)c1,0.0000000,0.0000,0.0981150,0.0981,0.9734797,2.6529,27
28.5564,27.8334,-27.8201,0.0001040,CCCCOC(=O)Nc1cc(Cl)c(S(=O)(=O)NC)cc1Cl,1,c1ccccc1,0.0000000,0.0000,0.3043132,0.3043,0.9863048,2.2138,27
10.5040,35.7788,68.2188,0.8124818,CC1(C)CCCC(=O)C1=C(O)C=CC=CN(CCO)CCO,1,C=C1CCCCC1=O,1.0000000,1.0000,0.5730364,0.5730,0.8906411,3.6337,27
24.1310,26.5377,-26.5215,0.0001268,COc1ccnc2sc3c(=O)n(CCN4CCN(C)CC4)cnc3c12,1,O=c1c2sc3ncccc3c2ncn1CCN1CCNCC1,0.0000000,0.0000,0.5537306,0.5537,0.9776323,2.5392,27
18.0075,20.6252,-20.6084,0.0001320,C=C(CN)c1cc(OC)c(OC)c(OC)c1,1,c1ccccc1,0.0000000,0.0000,0.6217819,0.6218,0.9848813,2.2792,27
24.6674,25.9159,-25.9010,0.0001171,COc1ccc(CN2CCN(Cc3ccccc3CN)CC2)cc1,1,c1ccc(CN2CCN(Cc3ccccc3)CC2)cc1,0.0000000,0.0000,0.4325281,0.4325,0.9928327,1.7877,27
22.9341,23.5260,-23.5124,0.0001062,O=C(O)Cc1ccc2c(=O)cc(-c3ccccc3)oc2c1,1,O=c1cc(-c2ccccc2)oc2ccccc12,0.0000000,0.0000,0.3233642,0.3234,0.9908974,1.9447,27
20.3954,22.0208,-22.0080,0.0001000,CC(=O)NCC1CN(c2ccc(N3CCN(C(=O)C=Cc4ccc(F)c(F)c4)CC3)c(F)c2)C(=O)O1,1,O=C(C=Cc1ccccc1)N1CCN(c2ccc(N3CCOC3=O)cc2)CC1,0.0000000,0.0000,0.2761986,0.2762,0.9513568,3.0630,27
22.5513,21.5226,-21.5065,0.0001251,Cc1cccc(=NS(=O)(=O)c2ccc(F)cc2)[nH]1,1,O=S(=O)(N=c1cccc[nH]1)c1ccccc1,0.0000000,0.0000,0.5346050,0.5346,0.9714470,2.7023,27
29.5744,28.2608,-28.2521,0.0000679,O=C(COC(=O)C1CCN(c2ccc(C(F)(F)F)cn2)CC1)Nc1ccccc1C(=O)c1ccccc1,1,O=C(COC(=O)C1CCN(c2ccccn2)CC1)Nc1ccccc1C(=O)c1ccccc1,0.0000000,0.0000,0.0847594,0.0848,0.9839835,2.3174,27
23.4094,24.5069,-24.4979,0.0000706,COc1ccc(-c2ccc3c(c2)C2(CC2)CC(C)(C)O3)cc1,1,c1ccc(-c2ccc3c(c2)C2(CCO3)CC2)cc1,0.0000000,0.0000,0.0959315,0.0959,0.9686763,2.7645,27
25.5872,26.4863,-26.4725,0.0001078,CN(Cc1ccc2ccccc2c1)C(=O)C1CC1,1,O=C(NCc1ccc2ccccc2c1)C1CC1,0.0000000,0.0000,0.3373255,0.3373,0.9932296,1.7504,27
23.6027,22.5509,-22.5369,0.0001091,NS(=O)(=O)c1ccc(N=Nc2cc(Cl)c(O)cc2O)cc1,1,c1ccc(N=Nc2ccccc2)cc1,0.0000000,0.0000,0.3529543,0.3530,0.9764235,2.5743,27
27.5277,27.6059,-27.5894,0.0001291,Cc1[nH]cnc1C1=NS(=O)(=O)c2ccccc2N1,1,O=S1(=O)N=C(c2c[nH]cn2)Nc2ccccc21,0.0000000,0.0000,0.5925822,0.5926,0.9566696,2.9840,27
43.8687,40.4700,-40.4556,0.0001122,CC(C)=c1c(=Cc2[nH]c(=O)[nH]c2O)cnn1-c1nc(C2CCN(C(=O)OC(C)(C)C)CC2)cc(N(C)C)n1,1,C=c1c(=Cc2c[nH]c(=O)[nH]2)cnn1-c1nccc(C2CCNCC2)n1,0.0000000,0.0000,0.4069302,0.4069,0.8815364,3.6925,27
22.1698,31.6788,-31.6612,0.0001374,C=CCC1=C(OC)C(=C)C(=O)C1=O,1,C=C1C=CC(=O)C1=O,0.0000000,0.0000,0.7287648,0.7288,0.9222507,3.3888,27
26.9377,27.5480,-27.5320,0.0001246,O=C1OCCN1Cc1ccc(OS(=O)(=O)C(F)(F)F)cc1,1,O=C1OCCN1Cc1ccccc1,0.0000000,0.0000,0.5247425,0.5247,0.9826089,2.3719,27
7.9507,40.7840,-40.7840,0.0000000,CN1C(=O)C(=C(O)C=CC=CN(CCO)CCO)C(=O)N(C)C1=O,1,C=C1C(=O)NC(=O)NC1=O,1.0000000,1.0000,0.8110528,0.8111,0.9206993,3.4027,27
22.4093,26.6541,-26.6382,0.0001245,CN(C)CC1CCCN1C(=O)C(=O)c1c[nH]c2ccccc12,1,O=C(C(=O)N1CCCC1)c1c[nH]c2ccccc12,0.0000000,0.0000,0.5277295,0.5277,0.9685738,2.7667,27
31.2918,33.7146,-33.6972,0.0001359,C=CCN1CCCOC2OC(=O)N(C)CC21,1,O=C1NCC2NCCCOC2O1,0.0000000,0.0000,0.7397801,0.7398,0.8493400,3.8734,27
22.8791,22.5102,-22.4933,0.0001319,N=c1cc(NCc2ccccc2)[nH][nH]1,1,N=c1cc(NCc2ccccc2)[nH][nH]1,0.0000000,0.0000,0.6287204,0.6287,0.9621739,2.8918,27
18.6243,19.7422,-19.7251,0.0001334,O=C(NC1CC1)C(Cl)(Cl)Cl,1,C1CC1,0.0000000,0.0000,0.6440264,0.6440,0.9798717,2.4690,27
24.5066,24.8997,-24.8857,0.0001087,COc1ccc(-c2cnn3ccc(OC)cc23)cc1,1,c1ccc(-c2cnn3ccccc23)cc1,0.0000000,0.0000,0.3465472,0.3465,0.9893441,2.0484,27
27.6330,33.1104,-33.0961,0.0001118,CCOCCOC(=O)C1CCN(C=CC(=O)C=Cc2ccc(O)c(OC)c2)CC1,1,O=C(C=Cc1ccccc1)C=CN1CCCCC1,0.0000000,0.0000,0.3813945,0.3814,0.9680413,2.7780,27
20.3288,41.5327,51.9080,0.7300055,C#CCN(C)C=CC=CC(O)=C1C(=O)c2ccccc2C1(C)O,1,C=C1Cc2ccccc2C1=O,1.0000000,1.0000,0.4368999,0.4369,0.8161945,4.0288,27
34.1203,35.7935,-35.7796,0.0001090,Cc1c(Oc2ccc(N)cc2F)c(-c2cnc(N3CCOCC3)nc2)cn(C)c1=O,1,O=c1cc(Oc2ccccc2)c(-c2cnc(N3CCOCC3)nc2)c[nH]1,0.0000000,0.0000,0.3544357,0.3544,0.9672962,2.7936,27
23.3795,45.8580,-45.8427,0.0001198,CC1=CC(=O)CC(=O)C1=C(C)C=CC=CN1CCC(O)CC1,1,O=C1C=CC(=CC=CC=CN2CCCCC2)C(=O)C1,0.0000000,0.0000,0.4908589,0.4909,0.8959727,3.5973,27
35.2362,33.6549,-33.6393,0.0001222,CC1(C)CCCN1C(=O)COC(=O)c1ccc(C#N)s1,1,O=C(OCC(=O)N1CCCC1)c1cccs1,0.0000000,0.0000,0.4985971,0.4986,0.9689620,2.7584,27
24.4365,29.5049,-29.4913,0.0001067,CN(C(=O)CN1CCCCC(NC(=O)C=Cc2ccccc2)C1=O)c1ccccc1,1,O=C(C=Cc1ccccc1)NC1CCCCN(CC(=O)Nc2ccccc2)C1=O,0.0000000,0.0000,0.3317982,0.3318,0.9700909,2.7335,27
22.5055,25.6771,-25.6615,0.0001220,CC(C)CN1C(=O)C(=CC(=O)O)c2c(F)cccc21,1,C=C1C(=O)Nc2ccccc21,0.0000000,0.0000,0.4945452,0.4945,0.9760082,2.5859,27
15.3197,39.7868,73.5623,0.8855397,O=C1NC(=O)C(=C(O)C=CC=CN2CCOCC2)O1,1,O=C1NC(=O)C(=CC=CC=CN2CCOCC2)O1,1.0000000,1.0000,0.7421317,0.7421,0.8902265,3.6365,27
25.8338,26.1901,-26.1723,0.0001393,CC(O)C(N)CCc1ccncc1,1,c1ccncc1,0.0000000,0.0000,0.7430594,0.7431,0.9567654,2.9825,27
30.4666,34.0222,-34.0042,0.0001412,CN1CCN(CCc2ncc(CNC(C)(CO)CO)s2)CC1,1,c1csc(CCN2CCNCC2)n1,0.0000000,0.0000,0.7701855,0.7702,0.9678329,2.7824,27
26.3080,26.7856,-26.7696,0.0001251,NC(=O)c1cccc2[nH]c(C(=O)N3CCC(CN4CCCC4)CC3)nc12,1,O=C(c1nc2ccccc2[nH]1)N1CCC(CN2CCCC2)CC1,0.0000000,0.0000,0.5311920,0.5312,0.9814468,2.4148,27
19.9992,44.6813,57.8884,0.8013260,C=C1OC(=O)C(=C(O)C=CC=CN2CCCCC2)C1O,1,C=C1CC(=CC=CC=CN2CCCCC2)C(=O)O1,1.0000000,1.0000,0.5866853,0.5867,0.7948575,4.1176,27
19.4327,24.1961,-24.1778,0.0001433,COC1=NNC(=O)CN=C1,1,O=C1CN=CC=NN1,0.0000000,0.0000,0.8746330,0.8746,0.8362398,3.9378,27
16.7666,17.6258,-17.6110,0.0001155,CN(C)CCCN=c1cc[nH]c2cc(Cl)ccc12,1,N=c1cc[nH]c2ccccc12,0.0000000,0.0000,0.4209070,0.4209,0.9683868,2.7707,27
14.0955,42.0478,44.8973,0.6792588,CC1=NN(c2ccc(Br)cc2)C(=O)C1=C(O)C=CC=CN(C)CCO,1,C=C1C=NN(c2ccccc2)C1=O,1.0000000,1.0000,0.3237915,0.3238,0.9445409,3.1531,27
19.5608,27.0379,-27.0201,0.0001395,COCCN1C(=O)C(=C2C(=O)N(C)C(=O)N(C)C2=O)SC1=S,1,O=C1NC(=O)C(=C2SC(=S)NC2=O)C(=O)N1,0.0000000,0.0000,0.7410225,0.7410,0.9689465,2.7587,27
18.2213,41.4968,-41.4784,0.0001442,COCCN1C(=O)C(=O)C(=C(O)C=CN(C)C)C1=O,1,C=C1C(=O)NC(=O)C1=O,0.0000000,0.0000,0.8229946,0.8230,0.9597118,2.9346,27
30.6595,33.1214,-33.1053,0.0001260,O=C(CO)Nc1ccc2c(c1)C(=O)c1cccc(SCCO)c1C2=O,1,O=C1c2ccccc2C(=O)c2ccccc21,0.0000000,0.0000,0.5419668,0.5420,0.9808403,2.4362,27
17.5722,17.7652,-17.7503,0.0001168,COc1ccc(CCNC(=O)c2ccccc2)cc1,1,O=C(NCCc1ccccc1)c1ccccc1,0.0000000,0.0000,0.4280767,0.4281,0.9964129,1.3345,27
9.0558,48.4156,-48.4156,0.0000000,CC1(C)OC(=O)C(=C(O)C=CC=CNc2ccccc2)C(=O)O1,1,O=C1OCOC(=O)C1=CC=CC=CNc1ccccc1,1.0000000,1.0000,0.3872023,0.3872,0.9570252,2.9784,27
37.8593,36.1570,-36.1492,0.0000613,O=C(C=Cc1ccc(N2CCOCC2)cc1)N=c1[nH]c(-c2ccc(NC(=O)c3ccsc3)cc2)cs1,1,O=C(C=Cc1ccc(N2CCOCC2)cc1)N=c1[nH]c(-c2ccc(NC(=O)c3ccsc3)cc2)cs1,0.0000000,0.0000,0.0632184,0.0632,0.9609332,2.9137,27
43.7015,44.5607,-44.5518,0.0000690,COc1cc(C)c2nc(N=c3cc(C=Cc4ccccc4)cc(OCC4CCN(C(=N)N)CC4)[nH]3)[nH]c2c1,1,C(=Cc1cc(OCC2CCNCC2)[nH]c(=Nc2nc3ccccc3[nH]2)c1)c1ccccc1,0.0000000,0.0000,0.0923367,0.0923,0.9187331,3.4201,27
32.5485,40.1755,-40.1691,0.0000500,C=CC(=C)C(=CC)CC(O)C1C(C)C(=O)CC2C(=CC=C3CC(O)CC(O)C3=C)CCCC21C,1,C=C1CCCCC1=CC=C1CCCC2CCC(=O)CC12,0.0000000,0.0000,0.0610389,0.0610,0.3488556,5.4065,27
23.5227,25.1771,-25.1591,0.0001400,CC1CCCC(COC2OC(CO)C(O)C(O)C2O)C1O,1,C1CCC(COC2CCCCO2)CC1,0.0000000,0.0000,0.8460003,0.8460,0.7853277,4.1551,27
22.2528,24.4397,-24.4259,0.0001075,COc1ccc(C(=O)CCC(=O)NCCCN2CC(C)CC(C)C2)cc1,1,O=C(CCC(=O)c1ccccc1)NCCCN1CCCCC1,0.0000000,0.0000,0.3388944,0.3389,0.9690764,2.7559,27
22.8265,21.9241,-21.9063,0.0001385,Cn1c(=O)c2c(ncn2CC(=O)N2CCN(C(=O)c3ccco3)CC2)n(C)c1=O,1,O=C(Cn1cnc2[nH]c(=O)[nH]c(=O)c21)N1CCN(C(=O)c2ccco2)CC1,0.0000000,0.0000,0.7210833,0.7211,0.9801655,2.4592,27
26.3408,29.3080,-29.2933,0.0001148,CN=C1N=C(C)C(C(=O)OC(C)C)C(c2cccc(O)c2)C1[N+](=O)[O-],1,N=C1CC(c2ccccc2)CC=N1,0.0000000,0.0000,0.4670916,0.4671,0.7836419,4.1616,27
32.1846,42.2917,-42.2756,0.0001257,O=CCC=NC(O)C(C=O)NC(=O)C1CCNO1,1,C1CNOC1,0.0000000,0.0000,0.9073669,0.9074,0.3931001,5.2829,27
8.0558,41.7977,-41.7977,0.0000000,CN(C=CC=CC(O)=C1C(=O)NC(=O)N(C)C1=O)CCO,1,C=C1C(=O)NC(=O)NC1=O,1.0000000,1.0000,0.8053864,0.8054,0.9273860,3.3406,28
33.8761,34.8315,-34.8174,0.0001098,CC(=O)NCCn1cc(C(C)=O)c(=O)c2cc(-c3cccc(O)c3)ccc21,1,O=c1cc[nH]c2ccc(-c3ccccc3)cc12,0.0000000,0.0000,0.3581935,0.3582,0.9845030,2.2955,28
25.8328,25.6094,-25.5941,0.0001195,Cc1ccc(N2CCN(c3ncc(C(O)=NO)cn3)CC2)c(C)c1,1,c1ccc(N2CCN(c3ncccn3)CC2)cc1,0.0000000,0.0000,0.4635350,0.4635,0.9788455,2.5020,28
13.3132,22.3253,-22.3062,0.0001490,CN1CC(=O)N(C)C(=O)C1=O,1,O=C1CNC(=O)C(=O)N1,0.0000000,0.0000,0.8983533,0.8984,0.9802396,2.4567,28
22.3160,21.9536,-21.9416,0.0000936,COC(=O)c1ccc(-c2nccc3cc(OC)c(OC)cc23)cc1,1,c1ccc(-c2nccc3ccccc23)cc1,0.0000000,0.0000,0.2212334,0.2212,0.9911100,1.9292,28
7.5848,43.3497,75.2783,0.9267814,CN(C=CC=CC(O)=C1C(=O)NC(=O)NC1=O)CCO,1,C=C1C(=O)NC(=O)NC1=O,1.0000000,1.0000,0.8336890,0.8337,0.9223033,3.3883,28
24.0801,28.0121,-27.9955,0.0001303,O=C(NCCO)C1CCN(C(O)c2cc(O)n(C3CCCC3)c2)CC1,1,c1cn(C2CCCC2)cc1CN1CCCCC1,0.0000000,0.0000,0.6201055,0.6201,0.9267067,3.3472,28
21.4661,21.0944,-21.0803,0.0001099,CC1CC(O)(CC(=O)O)c2ccc(Cl)c(Cl)c2O1,1,c1ccc2c(c1)CCCO2,0.0000000,0.0000,0.3821742,0.3822,0.8848068,3.6719,28
8.8216,42.9884,66.9931,0.8592301,CN1C(=O)NC(=O)C(=C(O)C=CC=CN2CCCCC2)C1=O,1,O=C1NC(=O)C(=CC=CC=CN2CCCCC2)C(=O)N1,1.0000000,1.0000,0.6542109,0.6542,0.9474769,3.1157,28
39.5385,46.1772,-46.1772,0.0000000,c1ccc(COC(=O)C(C=C(C)C=CC=CC(=CC(C)CC(C)C(OC)=O)=O)O)cn1,0,,0.0000000,0.0000,0.0000000,0.0000,0.0000000,0.0000,28
22.7812,31.1054,-31.0878,0.0001375,O=S(=O)(C=CC=CC(O)CC1CC1)CCO,1,C1CC1,0.0000000,0.0000,0.7647206,0.7647,0.8513471,3.8631,28
31.6235,36.5490,-36.5324,0.0001293,C#CC1(O)OC(O)(C(C)=O)C(O)(CO)C1C,1,C1CCOC1,0.0000000,0.0000,0.8971535,0.8972,0.4654353,5.0902,28
36.6443,39.2658,-39.2488,0.0001331,C=CC(=O)OCCC(C=C)OC1OC(COC2OCC(O)C(O)C2O)C(O)C(O)C1O,1,C1CCC(COC2CCCCO2)OC1,0.0000000,0.0000,0.8865637,0.8866,0.5528358,4.8618,28
26.8200,27.2292,-27.2161,0.0001027,CN1CCN(CCCNc2cc(N3CCN(C)CC3)c3noc4c3c2C(=O)c2ccccc2-4)CC1,1,O=C1c2ccccc2-c2onc3c(N4CCNCC4)cc(NCCCN4CCNCC4)c1c23,0.0000000,0.0000,0.2960860,0.2961,0.9699687,2.7362,28
18.8185,18.1820,-18.1653,0.0001302,COc1ccc2c(=O)c(C=O)coc2c1,1,O=c1ccoc2ccccc12,0.0000000,0.0000,0.5973974,0.5974,0.9853797,2.2570,28
21.6557,23.2515,-23.2344,0.0001331,CC(C)C(=O)NC(C=O)Cc1ccccc1,1,c1ccccc1,0.0000000,0.0000,0.6395932,0.6396,0.9812124,2.4232,28
27.8197,31.2271,-31.2109,0.0001268,N=c1[nH]cnc2c1[nH]c(=NCC1(CO)CO1)n2C1OC(CO)C(O)C1O,1,N=c1[nH]cnc2c1[nH]c(=NCC1CO1)n2C1CCCO1,0.0000000,0.0000,0.9006943,0.9007,0.4172140,5.2177,28
24.6506,25.0961,-25.0802,0.0001240,O=C(c1ccc2[nH]ccc2c1)N1CC2CNC(C2)C1,1,O=C(c1ccc2[nH]ccc2c1)N1CC2CNC(C2)C1,0.0000000,0.0000,0.5709653,0.5710,0.8241378,3.9938,28
33.6467,34.7858,-34.7690,0.0001311,CN1CC(=Cc2ccccc2)C2OC(C(O)C(O)CO)C(=O)C=C21,1,O=C1C=C2NCC(=Cc3ccccc3)C2OC1,0.0000000,0.0000,0.7241326,0.7241,0.7275923,4.3600,28
29.6540,46.8091,-46.7966,0.0000981,CN(C=CC=CC(O)=CC1(C)CC(C)(C)C(C)(C)O1)CCO,1,C1CCOC1,0.0000000,0.0000,0.3172382,0.3172,0.6745144,4.5253,28
21.5860,22.7349,-22.7203,0.0001139,Cc1ccc(CNC(=O)C2CC(c3ccc4c(c3)OCO4)=NO2)cc1,1,O=C(NCc1ccccc1)C1CC(c2ccc3c(c2)OCO3)=NO1,0.0000000,0.0000,0.4028977,0.4029,0.9719679,2.6900,28
13.2295,47.7218,36.5679,0.6585136,CCC1=C(C)C(=C(O)C=CC=CN(C)CCO)C(=O)C1=C(C)C,1,C=C1C=CC(=C)C1=O,1.0000000,1.0000,0.3079619,0.3080,0.8761837,3.7253,28
26.1914,30.2402,-30.2242,0.0001247,CC1(C)NC(=O)N(CC(=O)N2CCCC(CNC(=O)OCc3ccccc3)C2)C1=O,1,O=C(NCC1CCCN(C(=O)CN2C(=O)CNC2=O)C1)OCc1ccccc1,0.0000000,0.0000,0.5302718,0.5303,0.9677557,2.7840,28
14.0489,46.3395,36.2628,0.6453302,C=CCC1=C(C)C(=C(O)C=CC=CN(CC=C)CC=C)C(=O)C1=O,1,C=C1C=CC(=O)C1=O,1.0000000,1.0000,0.2937147,0.2937,0.8560233,3.8387,28
8.9897,48.4156,-48.4156,0.0000000,CC1(C)OC(=O)C(=C(O)C=CC=CNc2ccccc2)C(=O)O1,1,O=C1OCOC(=O)C1=CC=CC=CNc1ccccc1,1.0000000,1.0000,0.3872023,0.3872,0.9570252,2.9784,28
23.0889,26.6182,-26.6002,0.0001404,CNC(=O)CC1NC(=O)c2ccccc2N(C)C1=O,1,O=C1CNC(=O)c2ccccc2N1,0.0000000,0.0000,0.7557974,0.7558,0.9685428,2.7674,28
12.1121,22.3311,-22.3137,0.0001355,CSC(SC)=C1C(=O)N(C)C(=O)N(C)C1=O,1,C=C1C(=O)NC(=O)NC1=O,0.0000000,0.0000,0.6877937,0.6878,0.9486477,3.1002,28
21.5462,22.9770,-22.9614,0.0001225,COc1ccc(CN2CCC(CC(=O)O)CC2)cc1,1,c1ccc(CN2CCCCC2)cc1,0.0000000,0.0000,0.4947834,0.4948,0.9936907,1.7041,28
9.8796,43.5273,-43.5273,0.0000000,CN(C=CC=CC(O)=C1C(=O)N(C)C(=O)N(C)C1=O)CCO,1,C=C1C(=O)NC(=O)NC1=O,1.0000000,1.0000,0.7736070,0.7736,0.9253395,3.3602,28
32.2877,36.5287,-36.5128,0.0001243,Cc1c[nH]c2c1C1(O)CCCC1(O)NC(=N)N2,1,N=C1Nc2[nH]ccc2C2CCCC2N1,0.0000000,0.0000,0.7250745,0.7251,0.5504935,4.8680,28
36.3143,37.1579,-37.1421,0.0001240,Cc1[nH]nc2c1CC1C(CC(F)(F)C(O)C1O)O2,1,c1[nH]nc2c1CC1CCCCC1O2,0.0000000,0.0000,0.7041138,0.7041,0.5719807,4.8111,28
12.8781,42.1102,52.3911,0.7382921,CN(C)C=CC=CC(O)=C1C(=O)CC(O)C1CC=CCCCC(=O)O,1,C=C1CCCC1=O,1.0000000,1.0000,0.4576478,0.4576,0.7984875,4.1031,28
13.5317,40.7130,59.2957,0.7813180,CC1=CC(C)(C)C(=O)C1=C(O)C=CC=CN(C)CCO,1,C=C1C=CCC1=O,1.0000000,1.0000,0.5159759,0.5160,0.8714541,3.7532,28
29.8406,33.4485,-33.4350,0.0001055,CC=CC=CC1=C(CC)C(=O)N(c2ccc(C#N)cc2)C1=O,1,O=C1C=CC(=O)N1c1ccccc1,0.0000000,0.0000,0.3223866,0.3224,0.9600127,2.9295,28
28.9527,37.4877,-37.4817,0.0000471,COc1ccc2c(c1)c(C=CC(C)=CC=CC(C)=CC=CC(C)=CC(=O)O)cn2C(C)=O,1,c1ccc2[nH]ccc2c1,0.0000000,0.0000,0.0291009,0.0291,0.9412342,3.1931,28
17.5822,21.3936,-21.3804,0.0001033,COC=C1C(=O)N(c2ccccc2)c2ccccc21,1,C=C1C(=O)N(c2ccccc2)c2ccccc21,0.0000000,0.0000,0.2976255,0.2976,0.9879976,2.1268,28
11.9487,27.0951,-27.0799,0.0001186,O=C1NC(=O)N(Cc2ccccc2)C(=O)C1=C(O)c1ccccc1,1,O=C1NC(=O)N(Cc2ccccc2)C(=O)C1=Cc1ccccc1,0.0000000,0.0000,0.4496516,0.4497,0.9896278,2.0306,28
18.7068,42.5243,67.2112,0.8573091,CC1OC(=O)C1=C(O)C=CC=CN(C)N,1,C=C1COC1=O,1.0000000,1.0000,0.7611957,0.7612,0.7183778,4.3900,28
21.0523,22.2481,-22.2320,0.0001254,CCOC(=O)c1c(C)[nH]c(C(=O)OCC(=O)N2CC(C)OC(C)C2)c1C,1,O=C(OCC(=O)N1CCOCC1)c1ccc[nH]1,0.0000000,0.0000,0.5455408,0.5455,0.9492167,3.0925,28
21.3883,21.4925,-21.4769,0.0001216,N=C(N)c1ccc(Oc2ccccc2F)nc1,1,c1ccc(Oc2ccccn2)cc1,0.0000000,0.0000,0.4847152,0.4847,0.9896033,2.0322,28
46.0497,45.3995,-45.3895,0.0000782,CCCN1CC2C3(C=C(C)C(O)C3)CN3CCC4(CC3)CC24C1=O,1,O=C1NCC2C3(C=CCC3)CN3CCC4(CC3)CC124,0.0000000,0.0000,0.5061547,0.5062,0.0905016,6.5032,28
9.1806,40.3783,-40.3783,0.0000000,O=C1C(=O)c2ccccc2C(=O)C1=C(O)C=CC=CN1CCOCC1,1,O=C1C(=O)c2ccccc2C(=O)C1=CC=CC=CN1CCOCC1,1.0000000,1.0000,0.5134535,0.5135,0.9565257,2.9863,28
21.2213,23.9817,-23.9672,0.0001135,Cc1ccccc1N1C(=O)C(=O)N(Cc2ccccc2F)C1=O,1,O=C1C(=O)N(c2ccccc2)C(=O)N1Cc1ccccc1,0.0000000,0.0000,0.3943552,0.3944,0.9895214,2.0373,28
35.7674,35.2693,-35.2610,0.0000646,COc1c(N2CCN(Cc3cn(-c4ccc5ccccc5c4)nn3)CC2)c(F)cc2c(=O)c(C(=O)O)cn(C(C)(C)C)c12,1,O=c1cc[nH]c2cc(N3CCN(Cc4cn(-c5ccc6ccccc6c5)nn4)CC3)ccc12,0.0000000,0.0000,0.0743373,0.0743,0.9541722,3.0223,28
25.6319,24.6602,-24.6508,0.0000735,N#Cc1cccc(NC(=O)c2oc(=O)c3ccccc3c2-c2ccccc2)c1,1,O=C(Nc1ccccc1)c1oc(=O)c2ccccc2c1-c1ccccc1,0.0000000,0.0000,0.1072994,0.1073,0.9881369,2.1191,28
31.5206,31.6209,-31.6137,0.0000563,CC(CNC(=O)c1cccs1)c1c(C2=CCCCC2)[nH]c2ccccc12,1,O=C(NCCc1c(C2=CCCCC2)[nH]c2ccccc12)c1cccs1,0.0000000,0.0000,0.0491492,0.0491,0.9536277,3.0303,28
24.4658,23.5717,-23.5647,0.0000543,COC1CCC2(CC1)Cc1ccc(-c3cccc(C(F)(F)F)c3)cc1C21N=C(C)C(N)=N1,1,C1=NC2(N=C1)c1cc(-c3ccccc3)ccc1CC21CCCCC1,0.0000000,0.0000,0.0497652,0.0498,0.7699372,4.2131,28
21.8638,24.3314,-24.3152,0.0001265,COc1ccccc1C=COCCN(C)C,1,c1ccccc1,0.0000000,0.0000,0.5474736,0.5475,0.9852943,2.2609,28
28.5676,37.1672,-37.1513,0.0001239,CC=CC=CC1(O)OC2=C(OC(C)(C)O2)C(=O)N1C,1,O=C1NCOC2=C1OCO2,0.0000000,0.0000,0.6582386,0.6582,0.6413999,4.6212,28
17.3757,19.9789,-19.9638,0.0001186,CN1CCN(c2ccc(C#N)c(C(F)(F)F)c2)C1=O,1,O=C1NCCN1c1ccccc1,0.0000000,0.0000,0.4522468,0.4522,0.9798918,2.4683,28
21.6045,22.5384,-22.5245,0.0001091,CNc1ccc(N=c2[nH]cnc3cc(OC)c(OC)cc23)cc1,1,c1ccc(N=c2[nH]cnc3ccccc23)cc1,0.0000000,0.0000,0.3541285,0.3541,0.9726165,2.6743,28
13.8501,42.4854,33.3598,0.5925403,CCC=CCC1=CC(=O)C(=O)C1=C(O)C=CC=CN(C)CCCC,1,C=C1C=CC(=O)C1=O,1.0000000,1.0000,0.2214823,0.2215,0.8962429,3.5954,28
28.0294,29.0227,-29.0130,0.0000758,O=C1CC(C2CCN(CCC3CCCCC3)CC2)CC(=O)N1Cc1ccccc1,1,O=C1CC(C2CCN(CCC3CCCCC3)CC2)CC(=O)N1Cc1ccccc1,0.0000000,0.0000,0.1178207,0.1178,0.9831123,2.3524,28
35.1993,37.8290,-37.8148,0.0001106,C=CCN1C(=O)C2(c3ccccc31)c1c(O)ccc(O)c1C(=O)C[S+]2[O-],1,O=C1C[SH+]C2(C(=O)Nc3ccccc32)c2ccccc21,0.0000000,0.0000,0.4695112,0.4695,0.6372281,4.6330,28
23.4487,23.7290,-23.7184,0.0000828,Cc1ccc(-n2c(CN3CCN(c4ccccc4)CC3)nc3ccccc3c2=O)cc1,1,O=c1c2ccccc2nc(CN2CCN(c3ccccc3)CC2)n1-c1ccccc1,0.0000000,0.0000,0.1534164,0.1534,0.9900483,2.0034,28
21.1945,21.9068,-21.8915,0.0001195,CCCC(=O)N=c1[nH]c2ccc([N+](=O)[O-])cc2s1,1,N=c1[nH]c2ccccc2s1,0.0000000,0.0000,0.4677144,0.4677,0.9637417,2.8632,28
24.6775,28.3586,-28.3417,0.0001319,CN(C)CC1COC(=O)N1CCCCBr,1,O=C1NCCO1,0.0000000,0.0000,0.6396428,0.6396,0.9337634,3.2763,28
29.5397,31.1239,-31.1073,0.0001298,N=c1[nH]c2c(=N)[nH]c(OC3CCOC3)nc2s1,1,N=c1[nH]c2c(=N)[nH]c(OC3CCOC3)nc2s1,0.0000000,0.0000,0.7298634,0.7299,0.6821443,4.5025,28
30.7859,31.9313,-31.9179,0.0001051,CC(=O)c1ccc(O)c(C=Nc2c(C)cccc2N)c1,1,C(=Nc1ccccc1)c1ccccc1,0.0000000,0.0000,0.3152515,0.3153,0.9802886,2.4550,28
23.1946,23.8556,-23.8388,0.0001313,COc1ccc(-c2n[nH]cc2C=C2C(=O)NC(=O)NC2=O)cc1OC,1,O=C1NC(=O)C(=Cc2c[nH]nc2-c2ccccc2)C(=O)N1,0.0000000,0.0000,0.6186137,0.6186,0.9678966,2.7811,28
26.0055,31.2313,-31.2243,0.0000550,CC(C)=CCCC(C)=CCCC1(C)Oc2ccc(C=CC(O)=NO)cc2C1=O,1,O=C1COc2ccccc21,0.0000000,0.0000,0.0487920,0.0488,0.8543837,3.8473,28
40.9830,41.1102,-41.1006,0.0000751,CCCn1c(C)nc2cc(C(=O)OC(CC)C(=O)NC3CCN(Cc4ccccc4)CC3)ccc21,1,O=C(COC(=O)c1ccc2[nH]cnc2c1)NC1CCN(Cc2ccccc2)CC1,0.0000000,0.0000,0.1157716,0.1158,0.9655720,2.8282,28
17.5205,20.4648,-20.4465,0.0001434,CN(C)C=C1C(=O)N(C)C(=S)N(C)C1=O,1,C=C1C(=O)NC(=S)NC1=O,0.0000000,0.0000,0.8103301,0.8103,0.9594429,2.9391,28
8.1414,40.1488,-40.1488,0.0000000,CN1CCN(C=CC=CC(O)=C2C(=O)NC(=O)NC2=O)CC1,1,O=C1NC(=O)C(=CC=CC=CN2CCNCC2)C(=O)N1,1.0000000,1.0000,0.7876139,0.7876,0.9419320,3.1849,28
42.4621,42.3411,-42.3291,0.0000933,C=C(C)CNC(=O)c1ccc(NC(=O)C(C)=CC2CCCCC2)cn1,1,O=C(C=CC1CCCCC1)Nc1cccnc1,0.0000000,0.0000,0.2211879,0.2212,0.9731405,2.6614,28
11.8771,37.6351,64.5606,0.7984036,CCCCN(C)C=CC=CC(O)=C1C(=O)OC(C)C1=O,1,C=C1C(=O)COC1=O,1.0000000,1.0000,0.5592016,0.5592,0.8480536,3.8799,28
30.5186,32.3722,-32.3577,0.0001138,CC(=O)OC1CCC2=CC(=O)C=CC2(C)C1Br,1,O=C1C=CC2CCCCC2=C1,0.0000000,0.0000,0.4412898,0.4413,0.8234507,3.9968,28
27.3508,29.9633,-29.9580,0.0000410,CC1(C(=O)O)CCC2(C)CCC3(C)C(=C2C1)CCC1C2(C)CCC(OC4OCC(O)C(O)C4O)C(C)(C)C2CCC13C,1,C1CCC(OC2CCC3C(CCC4C5CCC6CCCCC6=C5CCC34)C2)OC1,0.0000000,0.0000,0.0312690,0.0313,0.3976994,5.2704,28
26.1809,27.1941,-27.1774,0.0001305,CN1C(=O)C(N)CC12CCN(Cc1ccccc1)CC2,1,O=C1CCC2(CCN(Cc3ccccc3)CC2)N1,0.0000000,0.0000,0.6274569,0.6275,0.9128777,3.4696,28
8.8085,44.3687,-44.3687,0.0000000,CN1CCN(C=CC=CC(O)=C2C(=O)N(C)C(=O)N(C)C2=O)CC1,1,O=C1NC(=O)C(=CC=CC=CN2CCNCC2)C(=O)N1,1.0000000,1.0000,0.7176911,0.7177,0.9420753,3.1832,28
16.3492,43.6296,-43.6135,0.0001254,CC1=NN(c2ccccc2)C(=O)C1=C(O)OC(=O)N1CCOCC1,1,O=C(OC=C1C=NN(c2ccccc2)C1=O)N1CCOCC1,0.0000000,0.0000,0.5369368,0.5369,0.9740663,2.6379,28
35.4805,37.5236,-37.5140,0.0000751,C=C1OC(C23CC4CCC4C4(C=O)CC2C=C(C(C)C)C43C(=O)O)OC1=O,1,C=C1OC(C23CC4CCC4C4CC2C=CC43)OC1=O,0.0000000,0.0000,0.3928072,0.3928,0.1142434,6.3342,28
11.4038,24.0668,-24.0554,0.0000889,CC1=NN(c2ccccc2)C(=O)C1=CC=Cc1ccccc1,1,O=C1C(=CC=Cc2ccccc2)C=NN1c1ccccc1,0.0000000,0.0000,0.1896725,0.1897,0.9869584,2.1815,28
24.0222,26.2618,-26.2472,0.0001138,COc1ccc(C)cc1NCC(=O)NCC1(N(C)C)CCCCC1,1,O=C(CNc1ccccc1)NCC1CCCCC1,0.0000000,0.0000,0.3994976,0.3995,0.9837548,2.3268,28
32.6938,32.5530,-32.5440,0.0000705,CC1CCCN(S(=O)(=O)c2ccc3c(c2)C(=O)c2ccc(S(=O)(=O)Nc4ccccc4Cl)cc2C3=NO)C1,1,N=C1c2cc(S(=O)(=O)Nc3ccccc3)ccc2C(=O)c2cc(S(=O)(=O)N3CCCCC3)ccc21,0.0000000,0.0000,0.0970114,0.0970,0.9487755,3.0985,28
26.5998,30.0720,-30.0547,0.0001355,C=CCN(CC(C=O)NC(=O)OC(C)(C)C)C(C)=O,1,,0.0000000,0.0000,0.6956926,0.6957,0.9305826,3.3091,28
29.5269,28.2534,-28.2379,0.0001218,C=CCN(CC=C)S(=O)(=O)c1ccc(C(=O)N(CCOC)c2c(N)n(CCCC)c(=O)[nH]c2=O)cc1,1,O=C(Nc1c[nH]c(=O)[nH]c1=O)c1ccccc1,0.0000000,0.0000,0.4942693,0.4943,0.9654131,2.8313,28
24.7347,25.5216,-25.5045,0.0001337,N=c1[nH]cnc2c1ncn2CC(O)(Cl)Cl,1,N=c1[nH]cnc2[nH]cnc12,0.0000000,0.0000,0.7037465,0.7037,0.8491795,3.8742,28
29.8970,30.0368,-30.0268,0.0000781,Cc1nc(-c2ccc(C(=O)O)cc2)ncc1-c1ccc(OC2CCOCC2)cc1,1,c1ccc(-c2ncc(-c3ccc(OC4CCOCC4)cc3)cn2)cc1,0.0000000,0.0000,0.1289280,0.1289,0.9849741,2.2751,28
24.4589,25.4607,-25.4473,0.0001053,COc1cccc2c1C(=O)OC1COC(c3ccccc3)OC21,1,O=C1OC2COC(c3ccccc3)OC2c2ccccc21,0.0000000,0.0000,0.3264846,0.3265,0.9288774,3.3261,28
28.4042,28.9344,-28.9206,0.0001073,O=C(NC1CCC(O)CC1)C1CN(Cc2ccccc2)c2ccccc2O1,1,O=C(NC1CCCCC1)C1CN(Cc2ccccc2)c2ccccc2O1,0.0000000,0.0000,0.3365283,0.3365,0.9728701,2.6681,28
22.1593,26.1605,-26.1500,0.0000821,CC=CCOC(=O)C1C(C)=NC(=O)NC1c1cccc(OCc2ccccc2)c1,1,O=C1N=CCC(c2cccc(OCc3ccccc3)c2)N1,0.0000000,0.0000,0.1551066,0.1551,0.9262984,3.3511,28
15.6964,24.4479,-24.4297,0.0001423,CC(C)=CCN1C(=O)C(=O)N(C)C1=O,1,O=C1NC(=O)C(=O)N1,0.0000000,0.0000,0.7832692,0.7833,0.9771025,2.5548,28
23.5556,22.7548,-22.7396,0.0001193,CCCc1ccc(O)c(Cc2sc(=O)[nH]c2O)c1,1,O=c1[nH]cc(Cc2ccccc2)s1,0.0000000,0.0000,0.4618675,0.4619,0.9766177,2.5687,28
25.0475,24.1613,-24.1511,0.0000797,Cc1cc(=O)oc2ccc3c4ccccc4ccc3c12,1,O=c1ccc2c(ccc3c4ccccc4ccc23)o1,0.0000000,0.0000,0.1363471,0.1363,0.9902756,1.9882,28
26.5227,26.2680,-26.2550,0.0001015,Cc1cc(C(=O)Nc2ccc3c(c2)-c2c(c(C(N)=O)nn2-c2ccc4c(c2)OCO4)CC3)n(C)n1,1,O=C(Nc1ccc2c(c1)-c1c(cnn1-c1ccc3c(c1)OCO3)CC2)c1ccn[nH]1,0.0000000,0.0000,0.2857391,0.2857,0.9690494,2.7565,28
17.3931,49.7336,33.1144,0.6472501,CCCCN(C=CC=CC(O)=C1C(=O)C(=O)N(C(C)(C)C)C1=O)CCCC,1,C=C1C(=O)NC(=O)C1=O,1.0000000,1.0000,0.2840211,0.2840,0.9220726,3.3904,28
27.8245,28.7728,-28.7567,0.0001261,CCOc1ccc(Cn2c(C)c(C(=O)NCCN3CCNC3=O)sc2=O)cc1,1,O=C(NCCN1CCNC1=O)c1cn(Cc2ccccc2)c(=O)s1,0.0000000,0.0000,0.5451608,0.5452,0.9782881,2.5193,28
18.9237,18.7592,-18.7465,0.0000992,C=C1c2ccccc2N=C(N2CCN(C)CC2)c2ccccc21,1,C=C1c2ccccc2N=C(N2CCNCC2)c2ccccc21,0.0000000,0.0000,0.2643788,0.2644,0.9823064,2.3834,28
28.5747,29.0696,-29.0571,0.0000976,Cc1nc2ccccc2n1C1C2CC3CC1CC(C(N)=O)(C3)C2,1,c1ccc2c(c1)ncn2C1C2CC3CC(C2)CC1C3,0.0000000,0.0000,0.3080740,0.3081,0.6901068,4.4784,28
29.5721,28.2331,-28.2225,0.0000827,Cn1nc(-c2c(F)cccc2F)c2cc(C(=O)NC3CCC(C(=O)N4CCC(O)CC4)CC3)sc21,1,O=C(NC1CCC(C(=O)N2CCCCC2)CC1)c1cc2c(-c3ccccc3)n[nH]c2s1,0.0000000,0.0000,0.1544863,0.1545,0.9679932,2.7791,28
21.4497,24.1220,-24.1048,0.0001345,O=C1CCCN1c1cccc(C2=NCCN2)c1,1,O=C1CCCN1c1cccc(C2=NCCN2)c1,0.0000000,0.0000,0.6599812,0.6600,0.9823102,2.3832,28
25.4245,25.2633,-25.2512,0.0000948,CC1CCN(c2nnc(-n3cccc3)c3ccccc23)CC1,1,c1ccc2c(-n3cccc3)nnc(N3CCCCC3)c2c1,0.0000000,0.0000,0.2310339,0.2310,0.9826059,2.3720,28
24.2255,23.2826,-23.2717,0.0000850,c1cncc(C2=NC(c3cccs3)=Nc3ccccc3N2)c1,1,c1cncc(C2=NC(c3cccs3)=Nc3ccccc3N2)c1,0.0000000,0.0000,0.1675054,0.1675,0.9740193,2.6391,28
31.5853,33.0094,-32.9938,0.0001219,CCN1CCN(c2c(C(=O)N=c3[nH]ccs3)sc3c(=O)n(C)n(C)c23)CC1,1,O=C(N=c1[nH]ccs1)c1sc2c(=O)[nH][nH]c2c1N1CCNCC1,0.0000000,0.0000,0.5192889,0.5193,0.8905635,3.6342,28
19.2615,18.5552,-18.5395,0.0001229,CCN(CC)C1CCc2c(ccc(O)c2O)C1,1,c1ccc2c(c1)CCCC2,0.0000000,0.0000,0.5101367,0.5101,0.9594420,2.9391,28
15.0710,48.9162,55.8578,0.8185473,CC1=C(C=O)CCC(=O)C1=C(O)C=CC=CN(C)C=O,1,C=C1C=CCCC1=O,1.0000000,1.0000,0.5961110,0.5961,0.8642858,3.7940,28
21.0726,19.7766,-19.7607,0.0001237,CCC(C)C(=O)c1c(O)cc(OC)cc1O,1,c1ccccc1,0.0000000,0.0000,0.5165322,0.5165,0.9689155,2.7594,28
21.2630,23.7909,-23.7739,0.0001330,O=C1CCC2(CN(Cc3ccccc3)CCO2)CN1CCO,1,O=C1CCC2(CN1)CN(Cc1ccccc1)CCO2,0.0000000,0.0000,0.6587355,0.6587,0.9278808,3.3358,28
7.4832,37.5171,59.7506,0.7599034,CC1=CCCC(=O)C1=C(O)C=CC=CN(C)C,1,C=C1C=CCCC1=O,1.0000000,1.0000,0.4620149,0.4620,0.9137627,3.4623,28
9.5962,43.2769,-43.2769,0.0000000,CN1C(=O)C(=C(O)C=CC=CN2CCOCC2)C(=O)N(C)C1=O,1,O=C1NC(=O)C(=CC=CC=CN2CCOCC2)C(=O)N1,1.0000000,1.0000,0.7196373,0.7196,0.9388744,3.2204,28
11.8493,35.7578,74.3943,0.8605638,CN(C=CC=CC(O)=C1C(=O)CCCC1O)CCO,1,C=C1CCCCC1=O,1.0000000,1.0000,0.7116859,0.7117,0.8243400,3.9928,28
28.6519,26.7926,-26.7799,0.0000988,CCn1ncc(CN(C)C(=O)c2ccc(S(=O)(=O)Nc3ccccc3)cc2)c1C,1,O=C(NCc1cn[nH]c1)c1ccc(S(=O)(=O)Nc2ccccc2)cc1,0.0000000,0.0000,0.2602835,0.2603,0.9874791,2.1547,28
23.6750,23.9713,-23.9583,0.0001015,CCCc1ccccc1OCCNCC1COc2ccccc2O1,1,c1ccc(OCCNCC2COc3ccccc3O2)cc1,0.0000000,0.0000,0.2839350,0.2839,0.9767551,2.5648,28
30.5897,29.4898,-29.4804,0.0000730,COc1cccc2nccc(C(=O)C=Cc3cc[n+](Cc4ccccc4F)cc3)c12,1,O=C(C=Cc1cc[n+](Cc2ccccc2)cc1)c1ccnc2ccccc12,0.0000000,0.0000,0.1059185,0.1059,0.9726896,2.6725,28
15.3236,18.1055,-18.0918,0.0001071,O=C1Nc2ccccc2C1=Cc1ccccc1,1,O=C1Nc2ccccc2C1=Cc1ccccc1,0.0000000,0.0000,0.3313116,0.3313,0.9928848,1.7829,28
21.2573,28.0757,-28.0573,0.0001439,CC1CC(NS(C)(=O)=O)C(=O)C(=O)N1C,1,O=C1CCCNC1=O,0.0000000,0.0000,0.8636429,0.8636,0.8719203,3.7505,28
32.8073,31.7725,-31.7618,0.0000831,O=C(CCCC(=O)Nc1ccc2c(c1)C(=O)c1ccccc1-2)NCc1ccc2c(c1)OCO2,1,O=C(CCCC(=O)Nc1ccc2c(c1)C(=O)c1ccccc1-2)NCc1ccc2c(c1)OCO2,0.0000000,0.0000,0.1552543,0.1553,0.9862235,2.2177,28
22.3708,20.6512,-20.6406,0.0000825,CC(=O)NC(C)c1ccc(C#Cc2ccc(OCC(C)C)cc2)cc1,1,C(#Cc1ccccc1)c1ccccc1,0.0000000,0.0000,0.1528066,0.1528,0.9771084,2.5546,28
42.3670,44.8472,-44.8356,0.0000910,CC(CCOc1ccc(C(=O)C=Cc2ccc(O)cc2)c(O)c1)=C(O)C=[N+](C)[O-],1,O=C(C=Cc1ccccc1)c1ccccc1,0.0000000,0.0000,0.2073328,0.2073,0.9555737,3.0011,28
23.6815,24.5064,-24.4927,0.0001064,O=C(NN1C(=O)C(=Cc2ccccc2)SC1=S)C1COc2ccccc2O1,1,O=C(NN1C(=O)C(=Cc2ccccc2)SC1=S)C1COc2ccccc2O1,0.0000000,0.0000,0.3300537,0.3301,0.9617339,2.8996,28
25.4805,29.5076,-29.4958,0.0000921,CCc1ccc2c(c1)CCN1C(=O)N(CCCN3CCN(c4ccccc4OC)CC3)C(=O)C21C,1,O=C1C2c3ccccc3CCN2C(=O)N1CCCN1CCN(c2ccccc2)CC1,0.0000000,0.0000,0.2159123,0.2159,0.9492954,3.0915,28
17.3347,20.6652,-20.6503,0.0001167,CN1C(=O)C(=Cc2ccc(-c3ccccc3)o2)C(=O)N(C)C1=O,1,O=C1NC(=O)C(=Cc2ccc(-c3ccccc3)o2)C(=O)N1,0.0000000,0.0000,0.4305743,0.4306,0.9851606,2.2669,28
19.2115,21.6151,-21.6002,0.0001164,COC(=O)C=C1C(=O)N(Cc2ccccc2)C(=O)N(Cc2ccccc2)C1=O,1,C=C1C(=O)N(Cc2ccccc2)C(=O)N(Cc2ccccc2)C1=O,0.0000000,0.0000,0.4260726,0.4261,0.9862809,2.2150,28
16.0577,20.4446,-20.4348,0.0000765,CC(C)=CCCC(C)=CCOc1ccc(C=CC(=O)O)cc1,1,c1ccccc1,0.0000000,0.0000,0.1214043,0.1214,0.9825100,2.3757,28
20.5860,19.4372,-19.4222,0.0001168,Cc1cc(=O)c(C(=O)C=Cc2ccc([N+](=O)[O-])cc2)c(O)o1,1,O=C(C=Cc1ccccc1)c1coccc1=O,0.0000000,0.0000,0.4330457,0.4330,0.9790996,2.4940,28
34.5357,33.7273,-33.7172,0.0000788,CCN(C)CCCN1CCN(CCCN(c2ccc(C(=O)N(CC)CC)cc2)c2cccc(O)c2)CC1,1,c1ccc(N(CCCN2CCNCC2)c2ccccc2)cc1,0.0000000,0.0000,0.1330222,0.1330,0.9746232,2.6234,28
46.8551,51.8224,-51.8049,0.0001363,CCC(=O)N1CCC(NC(=O)C(CC(O)CC(N)C(=O)O)NC(=O)C(C)(C)N)C(C)(C)C1,1,C1CCNCC1,0.0000000,0.0000,0.7782409,0.7782,0.7896443,4.1383,28
32.5435,31.2917,-31.2793,0.0000966,Cc1c(Cl)cccc1NC(=O)CSCC(=O)N=c1[nH]nc(C2CCCC2)o1,1,O=C(CSCC(=O)Nc1ccccc1)N=c1[nH]nc(C2CCCC2)o1,0.0000000,0.0000,0.2472454,0.2472,0.9601357,2.9274,28
28.3586,31.9711,-31.9542,0.0001315,CC(C)(C)C1CCC(=O)N1C(=O)CCCO[N+](=O)[O-],1,O=C1CCCN1,0.0000000,0.0000,0.6376937,0.6377,0.9259272,3.3546,28
18.1658,21.1578,-21.1458,0.0000941,COc1ccc(C=CC=CC(=O)c2ccccc2O)cc1,1,O=C(C=CC=Cc1ccccc1)c1ccccc1,0.0000000,0.0000,0.2251778,0.2252,0.9888838,2.0762,28
37.2219,44.0492,-44.0338,0.0001206,CC(=O)C=S(O)C=C1C=CC=N1,1,C=C1C=CC=N1,0.0000000,0.0000,0.6683643,0.6684,0.5408481,4.8933,28
16.9519,18.3415,-18.3243,0.0001343,CCC1(CC)OC(=O)C=C1OC,1,O=C1C=CCO1,0.0000000,0.0000,0.6797111,0.6797,0.9230012,3.3819,28
28.0414,38.8074,-38.7950,0.0000968,CC(C=CC=CN(C)C)=C1C(=O)C(C)=C(N=c2cccc(C(F)(F)F)[nH]2)C1=O,1,C=C1C(=O)C=C(N=c2cccc[nH]2)C1=O,0.0000000,0.0000,0.2721388,0.2721,0.8242739,3.9931,28
17.5645,25.5382,-25.5211,0.0001337,CC(C=O)=CN1C(=O)CCC1(C)C,1,O=C1CCCN1,0.0000000,0.0000,0.6836617,0.6837,0.8947105,3.6061,28
35.0599,34.4270,-34.4117,0.0001197,C=c1cc(-c2ccc(F)cc2)c(=Cc2ncc(CN)s2)[nH]1,1,C=c1cc(-c2ccccc2)c(=Cc2nccs2)[nH]1,0.0000000,0.0000,0.4805658,0.4806,0.9257494,3.3563,28
17.9097,23.1130,-23.1031,0.0000772,CCC1(CC)CC(=O)c2ccccc2C(c2ccccc2)C1O,1,O=C1CCCC(c2ccccc2)c2ccccc21,0.0000000,0.0000,0.1275273,0.1275,0.9439898,3.1599,28
24.3838,24.8383,-24.8226,0.0001224,O=C(O)C(=O)N=c1[nH]c(-c2ccc3cc[nH]c3c2)cs1,1,N=c1[nH]c(-c2ccc3cc[nH]c3c2)cs1,0.0000000,0.0000,0.5108305,0.5108,0.9352167,3.2608,28
15.3015,43.0083,62.2967,0.8226955,CSC1=C(C)C(=C(O)C=CC=CN(C)C)C(=O)NC1=O,1,C=C1C=CC(=O)NC1=O,1.0000000,1.0000,0.5906197,0.5906,0.9020206,3.5539,29
19.4782,21.9597,-21.9449,0.0001160,CC1CCCN(CCC(O)c2ccccc2)C1,1,c1ccc(CCCN2CCCCC2)cc1,0.0000000,0.0000,0.4245680,0.4246,0.9767878,2.5639,29
19.7247,20.2063,-20.1917,0.0001137,CC1(C)C=Cc2c(ccc3c2C(=O)C=CC3=O)O1,1,O=C1C=CC(=O)c2c1ccc1c2C=CCO1,0.0000000,0.0000,0.4030149,0.4030,0.9606753,2.9181,29
35.4036,35.6304,-35.6130,0.0001359,COc1ccc(OCCC(=O)NC2(C(=O)O)CCOC2)cc1,1,O=C(CCOc1ccccc1)NC1CCOC1,0.0000000,0.0000,0.6829974,0.6830,0.9736382,2.6489,29
24.7138,25.7805,-25.7641,0.0001279,CN(Cc1ccncc1)C(=O)N=c1cccc[nH]1,1,O=C(N=c1cccc[nH]1)NCc1ccncc1,0.0000000,0.0000,0.5764107,0.5764,0.9560808,2.9932,29
24.1101,25.4035,-25.3875,0.0001257,CC1CCCCN1CCCN1C(=O)c2cccnc2C1=O,1,O=C1c2cccnc2C(=O)N1CCCN1CCCCC1,0.0000000,0.0000,0.5411524,0.5412,0.9712493,2.7070,29
32.1218,34.7646,-34.7551,0.0000739,C=C1C(=O)C23CCC(OC(=O)C=Cc4ccccc4)C=C2C(OC(C)=O)CC(C)C1C3O,1,C=C1C(=O)C23CCC(OC(=O)C=Cc4ccccc4)C=C2CCCC1C3,0.0000000,0.0000,0.2398232,0.2398,0.2479269,5.7229,29
18.0130,19.1335,-19.1166,0.0001317,CCCCC#Cc1nc(=N)c2ncn(C3OC(CO)C(O)C3O)c2[nH]1,1,N=c1nc[nH]c2c1ncn2C1CCCO1,0.0000000,0.0000,0.7469845,0.7470,0.7077043,4.4240,29
18.7592,37.4464,-37.4304,0.0001248,CCC=CC(O)=C1C(=O)NC(=O)C(Cl)=C1Cl,1,C=C1C=CC(=O)NC1=O,0.0000000,0.0000,0.5426794,0.5427,0.9325567,3.2889,29
22.4237,21.3770,-21.3605,0.0001287,Cn1cc(O)c(C(=O)Nc2ccc3c(c2)OCO3)c1O,1,O=C(Nc1ccc2c(c1)OCO2)c1cc[nH]c1,0.0000000,0.0000,0.5794165,0.5794,0.9773093,2.5487,29
20.9016,24.1597,-24.1424,0.0001355,CC(C)=CCCN1C(=O)CCC1C(=O)O,1,O=C1CCCN1,0.0000000,0.0000,0.6866088,0.6866,0.9509698,3.0684,29
14.8315,17.5931,-17.5754,0.0001386,O=C(c1ccccc1)N1CCNCC1,1,O=C(c1ccccc1)N1CCNCC1,0.0000000,0.0000,0.7171983,0.7172,0.9944736,1.6173,29
14.2086,16.5911,-16.5729,0.0001419,CN1CCC2(CC1)OCCO2,1,C1CC2(CCN1)OCCO2,0.0000000,0.0000,0.7872078,0.7872,0.9553825,3.0040,29
30.3024,33.5383,-33.5278,0.0000814,CC(=O)c1c(N)cc(-c2ccccc2)n(-c2ccccc2)c1=NN=C(C)C,1,N=c1cccc(-c2ccccc2)n1-c1ccccc1,0.0000000,0.0000,0.1475252,0.1475,0.9696934,2.7424,29
30.4145,31.3960,-31.3877,0.0000643,CCN(CC)C(=O)c1ccc2c(c1)c(=O)c(S(=O)(=O)c1ccccc1)cn2Cc1ccc(OCCN2CCCC2)cc1,1,O=c1c(S(=O)(=O)c2ccccc2)cn(Cc2ccc(OCCN3CCCC3)cc2)c2ccccc12,0.0000000,0.0000,0.0724362,0.0724,0.9763939,2.5751,29
26.1972,24.1060,-24.0974,0.0000670,COc1cc(C(=O)CC(C)C)cc2c1C(C)(C)CCC2(C)C,1,c1ccc2c(c1)CCCC2,0.0000000,0.0000,0.0816652,0.0817,0.9762740,2.5785,29
29.7169,32.1103,-32.0975,0.0000999,COc1ccc(C2C(=O)N=C(C)C(c3ccc(F)cc3)N2C(C)O)cc1,1,O=C1N=CC(c2ccccc2)NC1c1ccccc1,0.0000000,0.0000,0.2821360,0.2821,0.9100366,3.4925,29
21.9083,22.0057,-21.9957,0.0000782,COc1cccc(-c2nc(CN3CCC(C(=O)N4CCN(c5ccccc5)CC4)CC3)c(C)o2)c1,1,O=C(C1CCN(Cc2coc(-c3ccccc3)n2)CC1)N1CCN(c2ccccc2)CC1,0.0000000,0.0000,0.1294355,0.1294,0.9851424,2.2677,29
23.2083,25.3969,-25.3788,0.0001413,C=CC(=O)NCCCSC,1,,0.0000000,0.0000,0.7659610,0.7660,0.9803467,2.4531,29
36.1577,37.7183,-37.7037,0.0001140,COc1ccc(C(C(=O)O)N2C(=O)N(C)C(C(C)=O)(c3ccccc3)C2=O)c(OC)c1,1,O=C1NC(c2ccccc2)C(=O)N1Cc1ccccc1,0.0000000,0.0000,0.4214583,0.4215,0.9014332,3.5582,29
13.7288,48.1679,20.1416,0.5336676,C=C(C)C=CC=C1C(=O)C(=C(O)C=CC=CN(C)C)C(C)=C1C,1,C=C1C=CC(=C)C1=O,1.0000000,1.0000,0.1651001,0.1651,0.8651947,3.7889,29
29.1554,30.4158,-30.4073,0.0000663,CCCC(O)(CC)c1c(-c2ccccc2)[nH]c2ccccc12,1,c1ccc(-c2cc3ccccc3[nH]2)cc1,0.0000000,0.0000,0.0798944,0.0799,0.9663780,2.8122,29
11.6547,40.5964,-40.5964,0.0000000,CN1C(=O)C(=C(O)C=CC=CN2CCCCC2)C(=O)N(C)C1=O,1,O=C1NC(=O)C(=CC=CC=CN2CCCCC2)C(=O)N1,1.0000000,1.0000,0.6053218,0.6053,0.9452474,3.1443,29
28.9061,32.6274,-32.6127,0.0001143,C=CCn1c(=C2SC(C)=NN2CC)sc(=Cc2ccccc2)c1=O,1,O=c1[nH]c(=C2NN=CS2)sc1=Cc1ccccc1,0.0000000,0.0000,0.4136183,0.4136,0.9467235,3.1255,29
18.7146,45.9148,-45.9028,0.0000938,CC1(C)OC(=O)C(=C(O)C=CC=CN=c2cc[nH]c3cc(Cl)ccc23)C(=O)O1,1,O=C1OCOC(=O)C1=CC=CC=CN=c1cc[nH]c2ccccc12,0.0000000,0.0000,0.2371388,0.2371,0.8881096,3.6505,29
39.8639,40.6448,-40.6335,0.0000886,CCCn1cc2c(=NC(=O)N(C)c3ccc(C(F)(F)F)cc3)[nH]c(=NC3CCC(N)CC3)[nH]c2n1,1,O=C(N=c1[nH]c(=NC2CCCCC2)[nH]c2n[nH]cc12)Nc1ccccc1,0.0000000,0.0000,0.2016087,0.2016,0.8736373,3.7404,29
29.8805,36.2427,-36.2277,0.0001175,COc1cccc(C2C3C(=O)OCC3C(C=CC=CC(=O)O)N2C)c1,1,O=C1OCC2CNC(c3ccccc3)C12,0.0000000,0.0000,0.4996617,0.4997,0.7853739,4.1549,29
20.1225,21.1400,-21.1258,0.0001105,O=[N+]([O-])c1cccc([N+]2=Cc3ccccc3CC2)c1,1,C1=[N+](c2ccccc2)CCc2ccccc21,0.0000000,0.0000,0.3689614,0.3690,0.9658003,2.8237,29
19.6779,21.3213,-21.3049,0.0001287,CCN1CCN(CCc2ccccc2)C1=O,1,O=C1NCCN1CCc1ccccc1,0.0000000,0.0000,0.5752663,0.5753,0.9908763,1.9462,29
29.1670,27.7180,-27.7117,0.0000494,COc1ccc(CCC(Sc2ccccc2)c2ccc(OC)c(OC)c2)cc1OC,1,c1ccc(CCC(Sc2ccccc2)c2ccccc2)cc1,0.0000000,0.0000,0.0328316,0.0328,0.9776925,2.5374,29
20.0702,22.0130,-21.9957,0.0001352,CNCC(=O)N1c2ccccc2CC1C,1,c1ccc2c(c1)CCN2,0.0000000,0.0000,0.6713872,0.6714,0.9770994,2.5549,29
21.6018,24.3296,-24.3207,0.0000698,O=C1C(OCc2ccccc2)=CC(Cl)=C1c1ccc(Cl)cc1,1,O=C1C(OCc2ccccc2)=CC=C1c1ccccc1,0.0000000,0.0000,0.0919391,0.0919,0.9859629,2.2301,29
24.2092,24.3990,-24.3827,0.0001270,CSCC1(O)COC(c2ccc3c(c2)OCO3)O1,1,c1cc2c(cc1C1OCCO1)OCO2,0.0000000,0.0000,0.5989626,0.5990,0.8583252,3.8265,29
18.7248,19.1560,-19.1376,0.0001439,C[N+](C)(C)CC(O)CC(=O)[O-],1,,0.0000000,0.0000,0.9189975,0.9190,0.7834424,4.1623,29
22.2662,23.0101,-22.9959,0.0001104,C=CC(=O)Nc1ccc(S(=O)(=O)N2CCCC(C(F)(F)F)C2)cc1,1,O=S(=O)(c1ccccc1)N1CCCCC1,0.0000000,0.0000,0.3674379,0.3674,0.9696658,2.7430,29
31.8046,33.5587,-33.5439,0.0001158,CCC(c1ccnn1C)N1CC(c2ccc(OC)cc2)C1=O,1,O=C1C(c2ccccc2)CN1Cc1ccn[nH]1,0.0000000,0.0000,0.4369772,0.4370,0.9177915,3.4283,29
31.0860,32.3123,-32.2938,0.0001440,NC(C(=O)C(=O)NC(CSCc1ccccc1)C(=O)O)C(O)O,1,c1ccccc1,0.0000000,0.0000,0.8337871,0.8338,0.9338964,3.2749,29
10.4810,41.5447,63.2644,0.8188209,CC1(C)OC(=O)C(=C(O)C=CC=CN2CCCC2)C(=O)O1,1,O=C1OCOC(=O)C1=CC=CC=CN1CCCC1,1.0000000,1.0000,0.5733810,0.5734,0.9267572,3.3467,29
22.8891,23.7975,-23.7800,0.0001367,COc1ccc(OC)c(C=CC(=O)N=c2nn[nH][nH]2)c1,1,O=C(C=Cc1ccccc1)N=c1nn[nH][nH]1,0.0000000,0.0000,0.7100251,0.7100,0.9407664,3.1986,29
47.5700,50.1202,-50.1083,0.0000932,CC(=O)c1ccc(O)c(CNC(CC(C)C)C(=O)N2CCCC2C(=O)N2CCCC2C(=O)N=C(CC(C)C)C(=O)O)c1,1,O=C(C1CCCN1C(=O)CNCc1ccccc1)N1CCCC1,0.0000000,0.0000,0.2451717,0.2452,0.8100455,4.0552,29
21.3881,21.1633,-21.1480,0.0001192,O=C(OCc1cc(=O)n2ccsc2n1)c1cccs1,1,O=C(OCc1cc(=O)n2ccsc2n1)c1cccs1,0.0000000,0.0000,0.4594838,0.4595,0.9816174,2.4087,29
31.9585,30.9257,-30.9093,0.0001283,CN(Cc1nc(=O)c2cnn(C)c2[nH]1)C1CCC(=O)N(Cc2ccco2)C1,1,O=C1CCC(NCc2nc(=O)c3cn[nH]c3[nH]2)CN1Cc1ccco1,0.0000000,0.0000,0.5952366,0.5952,0.9159521,3.4440,29
26.0804,27.5230,-27.5076,0.0001201,COCCN(CCO)C(=O)Cn1c(-c2ccccc2)nc2ccccc21,1,c1ccc(-c2nc3ccccc3[nH]2)cc1,0.0000000,0.0000,0.4676752,0.4677,0.9882468,2.1129,29
18.7417,19.3931,-19.3780,0.0001182,CCCCCc1cccc(O)c1C(=O)O,1,c1ccccc1,0.0000000,0.0000,0.4458016,0.4458,0.9912692,1.9173,29
16.4599,26.8217,-26.8038,0.0001399,C=CC(C)=C1C(=O)N(C)C(=O)N(C)C1=O,1,C=C1C(=O)NC(=O)NC1=O,0.0000000,0.0000,0.7560139,0.7560,0.9522319,3.0506,29
27.0757,23.2646,-23.2557,0.0000696,O=C(O)c1cc(-c2ccc(Cl)cc2Cl)c2ccccc2n1,1,c1ccc(-c2ccnc3ccccc23)cc1,0.0000000,0.0000,0.0907978,0.0908,0.9908940,1.9450,29
21.8531,23.0401,-23.0321,0.0000619,CCC=CCC=CCC=CCCCCCCC(=O)N1CCCC1,1,C1CCNC1,0.0000000,0.0000,0.0646080,0.0646,0.9763148,2.5773,29
26.7354,24.9348,-24.9203,0.0001134,O=[N+]([O-])c1cn2c(n1)OCC(OCc1cccc(-c3ccon3)c1)C2,1,c1cc(COC2COc3nccn3C2)cc(-c2ccon2)c1,0.0000000,0.0000,0.4115736,0.4116,0.9148820,3.4530,29
20.7991,27.5493,-27.5310,0.0001427,COCCN1CCC2(C1)C(=O)N(CCOC)C(=O)CN2C,1,O=C1CNC2(CCNC2)C(=O)N1,0.0000000,0.0000,0.8373792,0.8374,0.8821660,3.6886,29
22.6775,24.8328,-24.8144,0.0001437,O=C(OC1OC(CO)C(O)C(O)C1O)c1cc(CO)cc(O)c1O,1,O=C(OC1CCCCO1)c1ccccc1,0.0000000,0.0000,0.8648005,0.8648,0.8661069,3.7838,29
23.2341,22.1521,-22.1388,0.0001042,O=C(Nc1ccc2c(c1)OCO2)C1CCN(C(=O)NC2CCCCC2)CC1,1,O=C(Nc1ccc2c(c1)OCO2)C1CCN(C(=O)NC2CCCCC2)CC1,0.0000000,0.0000,0.3053333,0.3053,0.9881833,2.1165,29
46.6504,54.2735,-54.2623,0.0000875,CC=C(C)C=C1OOC(C(C)=CCOCC)C(=CC(C)OC)C1O,1,C=C1COOC(=C)C1,0.0000000,0.0000,0.2974330,0.2974,0.4153271,5.2228,29
27.4874,59.7110,51.0694,0.8654711,CCN1CCC(=O)C(=C(O)C=CC=CN(O)C(=O)CCC(=O)O)C1=O,1,C=C1C(=O)CCNC1=O,1.0000000,1.0000,0.6806003,0.6806,0.9183638,3.4233,29
22.6999,23.5221,-23.5070,0.0001184,CC(=NNS(=O)(=O)c1ccc([N+](=O)[O-])cc1)c1ccc([N+](=O)[O-])cc1,1,O=S(=O)(NN=Cc1ccccc1)c1ccccc1,0.0000000,0.0000,0.4486682,0.4487,0.9866947,2.1948,29
18.3766,20.5975,-20.5808,0.0001305,CCOc1ncccc1C(=O)OCC(=O)N1CC(C)OC(C)C1,1,O=C(OCC(=O)N1CCOCC1)c1cccnc1,0.0000000,0.0000,0.6113096,0.6113,0.9578160,2.9658,29
22.4366,22.4002,-22.3904,0.0000763,Cc1ccc2oc(C34CC5CC(CC(C5)C3)C4)cc(=O)c2c1,1,O=c1cc(C23CC4CC(CC(C4)C2)C3)oc2ccccc12,0.0000000,0.0000,0.1279786,0.1280,0.8819780,3.6898,29
26.1869,29.1979,-29.1803,0.0001376,CCCN1C(=O)C(=O)NC(=O)C1Cc1ccc(OC)cc1,1,O=C1NC(=O)C(Cc2ccccc2)NC1=O,0.0000000,0.0000,0.7105515,0.7106,0.9702435,2.7301,29
27.9787,28.2176,-28.2029,0.0001148,CC(=O)Nc1ccccc1OCc1nc2ccccc2c(=O)n1C,1,O=c1[nH]c(COc2ccccc2)nc2ccccc12,0.0000000,0.0000,0.4078101,0.4078,0.9910994,1.9300,29
22.4831,24.3558,-24.3384,0.0001363,CC(=O)Nc1ccccc1S(=O)(=O)N1CCN(C)CC1,1,O=S(=O)(c1ccccc1)N1CCNCC1,0.0000000,0.0000,0.6819677,0.6820,0.9912502,1.9187,29
16.7431,18.1384,-18.1235,0.0001159,O=C(Cc1ccccc1)N1CCN(Cc2ccccc2)CC1,1,O=C(Cc1ccccc1)N1CCN(Cc2ccccc2)CC1,0.0000000,0.0000,0.4191114,0.4191,0.9952062,1.5241,29
16.3646,19.9512,-19.9344,0.0001313,CCOc1cc(C=C2C(=O)N(C)C(=O)N(C)C2=O)ccc1O,1,O=C1NC(=O)C(=Cc2ccccc2)C(=O)N1,0.0000000,0.0000,0.6133534,0.6134,0.9832993,2.3451,29
20.6640,23.3792,-23.3631,0.0001262,Cc1ccc(C(=O)OCC(=O)N2CCC(C)CC2)o1,1,O=C(OCC(=O)N1CCCCC1)c1ccco1,0.0000000,0.0000,0.5421737,0.5422,0.9889785,2.0706,29
34.0545,33.0784,-33.0617,0.0001303,COc1cc(OC)c2c(c1O)=CC[N+]1(C)CC(C)NC=21,1,C1=c2ccccc2=C2NCC[NH+]2C1,0.0000000,0.0000,0.7607555,0.7608,0.6467706,4.6060,29
8.3730,37.4877,-37.4877,0.0000000,CN(C=CC=CC(O)=C1C(=O)c2ccccc2C1=O)CCO,1,C=C1C(=O)c2ccccc2C1=O,1.0000000,1.0000,0.5512517,0.5513,0.9548577,3.0120,29
12.5354,18.5321,-18.5175,0.0001137,CC1=C(C=CC(=O)O)C(C)(C)CCC1,1,C1=CCCCC1,0.0000000,0.0000,0.4002941,0.4003,0.9754369,2.6016,29
27.2948,30.1051,-30.0893,0.0001231,COC(=O)C1C(OC(C)=O)C(n2cncn2)C2CCC1N2C,1,c1ncn(C2CCC3CCC2N3)n1,0.0000000,0.0000,0.7292032,0.7292,0.5183982,4.9520,29
9.3677,42.2627,36.9941,0.6191941,CCCCCCN(C)C=CC=CC(O)=C1C(=O)C(=O)C(C)=C1C,1,C=C1C=CC(=O)C1=O,1.0000000,1.0000,0.2468484,0.2468,0.9339797,3.2740,29
27.2942,29.9420,-29.9314,0.0000825,O=C(O)Cc1ccc(N=C2C(=O)NC(=O)C2c2c(-c3ccccc3)[nH]c3ccccc23)cc1,1,O=C1NC(=O)C(c2c(-c3ccccc3)[nH]c3ccccc23)C1=Nc1ccccc1,0.0000000,0.0000,0.1555925,0.1556,0.9449278,3.1483,29
21.2539,26.2917,-26.2765,0.0001190,CN(C)CC=CC1=CCCC1N=[N+]=[N-],1,C1=CCCC1,0.0000000,0.0000,0.5366191,0.5366,0.7412609,4.3143,29
20.7257,22.1197,-22.1041,0.0001219,C=CCCOc1cccc(NC(C)=O)c1,1,c1ccccc1,0.0000000,0.0000,0.4881472,0.4881,0.9923198,1.8331,29
36.1231,36.7837,-36.7739,0.0000762,COc1ccc(-[n+]2nscc2-c2ccc(C(C)=O)c3ccccc23)cc1,1,c1ccc(-[n+]2nscc2-c2cccc3ccccc23)cc1,0.0000000,0.0000,0.1211438,0.1211,0.9654772,2.8300,29
11.2141,43.4423,45.0716,0.6915144,CC(C)=C1C(=O)C(=C(O)C=CC=CN(C)C)C(C)=C1C#N,1,C=C1C=CC(=C)C1=O,1.0000000,1.0000,0.3516685,0.3517,0.8978895,3.5838,29
17.9671,41.2842,34.6449,0.5931965,CCCCN(C)C=CC=CC(O)=C1C(=O)OC1c1ccccc1OC,1,C=C1C(=O)OC1c1ccccc1,1.0000000,1.0000,0.2206205,0.2206,0.9076374,3.5114,29
15.2360,29.7903,-29.7721,0.0001421,CC(=O)OC(C)=C1C(=O)N(C)C(=O)N(C)C1=O,1,C=C1C(=O)NC(=O)NC1=O,0.0000000,0.0000,0.7875905,0.7876,0.9621976,2.8914,29
22.5630,21.5139,-21.5010,0.0001009,CC(=O)Nc1ccc(C(=O)NCCn2c(C)cc3ccccc32)cc1,1,O=C(NCCn1ccc2ccccc21)c1ccccc1,0.0000000,0.0000,0.2771155,0.2771,0.9914290,1.9052,29
32.4168,30.7043,-30.6975,0.0000526,O=C(c1[nH]c2ccccc2c1-c1ccccc1)c1nnnn1Cc1ccc(OCc2ccccc2)cc1,1,O=C(c1[nH]c2ccccc2c1-c1ccccc1)c1nnnn1Cc1ccc(OCc2ccccc2)cc1,0.0000000,0.0000,0.0395870,0.0396,0.9804810,2.4485,29
19.1013,29.5317,-29.5165,0.0001187,C=C1CCCCC1=CC=C1C(=C)C(=O)OC1=O,1,C=C1CCCCC1=CC=C1C(=C)C(=O)OC1=O,0.0000000,0.0000,0.4741566,0.4742,0.9088605,3.5018,29
24.0949,27.6043,-27.5885,0.0001235,CC1=CC(=Nc2nc(N3CCOCC3)ncc2[N+](=O)[O-])C=C(C)C1=O,1,O=C1C=CC(=Nc2ccnc(N3CCOCC3)n2)C=C1,0.0000000,0.0000,0.5211460,0.5211,0.9458019,3.1373,29
7.2536,39.8414,-39.8414,0.0000000,CCCCN(C)C=CC=CC(O)=C1C(=O)NC(=O)N(C)C1=O,1,C=C1C(=O)NC(=O)NC1=O,1.0000000,1.0000,0.6483131,0.6483,0.9414231,3.1909,29
35.9267,50.2098,-50.1977,0.0000951,COCCN1C(=O)c2ccc(C(O)=C3N=C(C)C(=O)N(c4ccc(C(F)(F)F)cc4)C3=O)cc2C1=O,1,O=C1NC(=O)c2cc(C=C3N=CC(=O)N(c4ccccc4)C3=O)ccc21,0.0000000,0.0000,0.2354037,0.2354,0.9646179,2.8466,29
23.4171,22.3930,-22.3810,0.0000934,Cc1cc(-c2nc(-c3cccnc3)c3n2CC(CF)OCC3)cc(C)n1,1,c1cncc(-c2nc(-c3ccncc3)n3c2CCOCC3)c1,0.0000000,0.0000,0.2295749,0.2296,0.9152852,3.4496,29
29.0859,32.6400,-32.6235,0.0001289,CCC(=O)N1NC(=O)C(S(C)(=O)=O)CC1c1ccc(C)cc1,1,O=C1CCC(c2ccccc2)NN1,0.0000000,0.0000,0.6097181,0.6097,0.9018750,3.5549,29
25.1691,51.0688,50.3485,0.7923232,CN(C)C=CC=CC(O)=C1C(=O)C(O)C2(O)OC(C)(C)OC2C1(O)C(=O)O,1,C=C1CC2OCOC2CC1=O,1.0000000,1.0000,0.7757938,0.7758,0.4593898,5.1061,29
25.0837,23.7728,-23.7584,0.0001132,NC(Cc1ccc(O)cc1)C(=O)N1Cc2ccccc2CC1C(=O)NC(Cc1ccccc1)C(=O)O,1,O=C(NCCc1ccccc1)C1Cc2ccccc2CN1C(=O)CCc1ccccc1,0.0000000,0.0000,0.4029973,0.4030,0.9404023,3.2029,29
20.6327,22.7762,-22.7586,0.0001374,CN1CCN(Cc2ccc(NC(=N)N)cc2)CC1,1,c1ccc(CN2CCNCC2)cc1,0.0000000,0.0000,0.6997418,0.6997,0.9906829,1.9600,29
15.8949,17.8705,-17.8534,0.0001338,CN1CCN(CCc2ccccc2)CC1,1,c1ccc(CCN2CCNCC2)cc1,0.0000000,0.0000,0.6446923,0.6447,0.9953275,1.5074,29
45.1507,48.6754,-48.6702,0.0000403,COC(=O)c1cn2c(C(=O)NCCCCCCCCC=CC=C(C)CCC=C(C)C)ccc2o1,1,c1cc2occn2c1,0.0000000,0.0000,0.0183142,0.0183,0.9312258,3.3026,29
23.4403,22.9176,-22.9061,0.0000896,O=c1c2ccccc2n(Cc2ccc(Cl)c(Cl)c2)c(=O)n1CC1CCCO1,1,O=c1c2ccccc2n(Cc2ccccc2)c(=O)n1CC1CCCO1,0.0000000,0.0000,0.1955131,0.1955,0.9751877,2.6084,29
8.7155,45.0670,-45.0670,0.0000000,CN1C(=O)NC(=O)C(=C(O)C=CC=CNc2ccccc2)C1=O,1,O=C1NC(=O)C(=CC=CC=CNc2ccccc2)C(=O)N1,1.0000000,1.0000,0.5593073,0.5593,0.9664556,2.8107,29
19.2400,21.9084,-21.8946,0.0001075,CCN1CCN(CCCN=c2c3c([nH]c4ccccc24)CCCC3)CC1,1,c1ccc2c(=NCCCN3CCNCC3)c3c([nH]c2c1)CCCC3,0.0000000,0.0000,0.3380741,0.3381,0.9731644,2.6608,29
30.4745,33.4781,-33.4698,0.0000647,CCN1CCN(CCCN(C(=O)Nc2ccc(F)c(C)c2)C2CCC3(c4cccc(CN)c4)CC3C2)C1,1,O=C(Nc1ccccc1)N(CCCN1CCNC1)C1CCC2(c3ccccc3)CC2C1,0.0000000,0.0000,0.0797043,0.0797,0.8480179,3.8801,29
25.7078,28.0474,-28.0398,0.0000590,O=C1c2ccccc2C(=O)C1C(=NC1CCCC1)Nc1ccc(Cl)c(Cl)c1,1,O=C1c2ccccc2C(=O)C1C(=NC1CCCC1)Nc1ccccc1,0.0000000,0.0000,0.0560745,0.0561,0.9713861,2.7038,29
8.3878,46.4622,-46.4622,0.0000000,CN1C(=O)C(=O)C(=C(O)C=CC=CN2CCOCC2)C1=O,1,O=C1NC(=O)C(=CC=CC=CN2CCOCC2)C1=O,1.0000000,1.0000,0.7763272,0.7763,0.9344764,3.2687,29
22.0906,24.3326,-24.3171,0.0001213,COc1ccc(C(=O)N=C(Cc2cccnc2)C(=O)NCCCN2CCOCC2)cc1OC,1,O=C(NCCCN1CCOCC1)C(Cc1cccnc1)=NC(=O)c1ccccc1,0.0000000,0.0000,0.4851517,0.4852,0.9757625,2.5927,29
22.8238,39.3474,-39.3300,0.0001362,C=CCN1CN(CCN(C)C)C(=O)C(=C(O)N2CCCCC2)C1=O,1,O=C1NCNC(=O)C1=CN1CCCCC1,0.0000000,0.0000,0.6990020,0.6990,0.9470122,3.1217,29
28.5831,27.5008,-27.4934,0.0000576,Cc1ccc(S(=O)(=O)Nc2ccc(N=NNc3ccccc3)c(Cl)c2)cc1,1,O=S(=O)(Nc1ccc(N=NNc2ccccc2)cc1)c1ccccc1,0.0000000,0.0000,0.0516234,0.0516,0.9851848,2.2658,29
22.6223,23.8031,-23.7883,0.0001156,N=c1[nH]c2ccccc2nc1-c1ccc2c(c1)OCO2,1,N=c1[nH]c2ccccc2nc1-c1ccc2c(c1)OCO2,0.0000000,0.0000,0.4192683,0.4193,0.9800889,2.4617,29
19.7370,21.7630,-21.7446,0.0001437,O=C(OC1C(CO)OC(O)C(O)C1O)c1ccccc1,1,O=C(OC1CCCOC1)c1ccccc1,0.0000000,0.0000,0.8312716,0.8313,0.9282278,3.3325,29
20.2269,24.0608,-24.0424,0.0001434,Cn1c(=O)cc(N=CN2CCOCC2)[nH]c1=O,1,O=c1cc(N=CN2CCOCC2)[nH]c(=O)[nH]1,0.0000000,0.0000,0.8226459,0.8226,0.9331827,3.2824,29
23.7471,25.1318,-25.1233,0.0000663,CC(C)=CCc1cc2c(O)cccc2c(CC=C(C)C)c1O,1,c1ccc2ccccc2c1,0.0000000,0.0000,0.0796509,0.0797,0.9687524,2.7629,29
6.1871,44.1307,-44.1307,0.0000000,CN(C=CC=CC(O)=C1C(=O)NC(=O)N(C)C1=O)CCO,1,C=C1C(=O)NC(=O)NC1=O,1.0000000,1.0000,0.8053864,0.8054,0.9273860,3.3406,29
26.6753,27.9822,-27.9664,0.0001238,O=C1NC2(Cc3ccccc3-c3ccccc32)C(=O)N1CCO,1,O=C1NC(=O)C2(Cc3ccccc3-c3ccccc32)N1,0.0000000,0.0000,0.5298342,0.5298,0.9333062,3.2811,29
38.2560,36.6174,-36.6033,0.0001104,CN(CCN)c1[nH]c(=N)nc2c1c(Br)nn2-c1ccccc1Br,1,N=c1nc2c(cnn2-c2ccccc2)c[nH]1,0.0000000,0.0000,0.3787559,0.3788,0.9206448,3.4032,29
27.5120,29.3700,-29.3551,0.0001164,CN1C(=NO)C(c2ccc(F)cc2)C(=O)C2CCCC21,1,N=C1NC2CCCC2C(=O)C1c1ccccc1,0.0000000,0.0000,0.4597644,0.4598,0.8660746,3.7840,29
8.5549,44.2367,-44.2367,0.0000000,CN(C=CC=CC(O)=C1C(=O)OC(C)(C)OC1=O)CCO,1,C=C1C(=O)OCOC1=O,1.0000000,1.0000,0.7177074,0.7177,0.9048977,3.5324,29
22.0834,38.6800,-38.6688,0.0000875,CC1(C)C=C(C=CC=CN=CC2CC=CCC2)C(=O)C(=O)C1,1,O=C1CCC=C(C=CC=CN=CC2CC=CCC2)C1=O,0.0000000,0.0000,0.2221338,0.2221,0.6921791,4.4721,29
27.1047,34.0642,-34.0510,0.0001033,CN1N=C(c2ccccc2)C(=Cc2cnc3ccccc3c2)C(=O)C1=O,1,O=C1NN=C(c2ccccc2)C(=Cc2cnc3ccccc3c2)C1=O,0.0000000,0.0000,0.2991945,0.2992,0.9774922,2.5433,29
25.8323,23.5698,-23.5602,0.0000747,CCOC(=O)c1c(NC(=O)c2nc(SCC)ncc2Cl)sc(C)c1CC,1,O=C(Nc1cccs1)c1ccncn1,0.0000000,0.0000,0.1135706,0.1136,0.9759974,2.5862,29
22.2890,22.4485,-22.4334,0.0001177,COc1cc(OC)cc(C(=O)NCCC(=O)Nc2ccccc2)c1,1,O=C(CCNC(=O)c1ccccc1)Nc1ccccc1,0.0000000,0.0000,0.4389565,0.4390,0.9938910,1.6829,29
30.1841,31.1348,-31.1268,0.0000623,COCCCC(CS(C)(=O)=O)N1C(=O)C(CC(=O)O)CC(c2cccc(Cl)c2)C1c1ccc(Cl)cc1,1,O=C1CCC(c2ccccc2)C(c2ccccc2)N1,0.0000000,0.0000,0.0720950,0.0721,0.8347455,3.9449,29
8.2541,45.9842,-45.9842,0.0000000,CC1=NN(c2ccccc2)C(=O)C1=C(O)C=CC=CN1CCOCC1,1,O=C1C(=CC=CC=CN2CCOCC2)C=NN1c1ccccc1,1.0000000,1.0000,0.4058445,0.4058,0.9577318,2.9672,29
6.6448,39.7664,-39.7664,0.0000000,CN(C)C=CC=CC(O)=C1C(=O)NC(=O)N(C)C1=O,1,C=C1C(=O)NC(=O)NC1=O,1.0000000,1.0000,0.7658286,0.7658,0.9445162,3.1534,29
24.6275,27.6609,-27.6439,0.0001326,N=c1[nH]c(=O)n(C2OC(CO)C(O)(CO)C2O)c2[nH]cnc12,1,N=c1[nH]c(=O)n(C2CCCO2)c2[nH]cnc12,0.0000000,0.0000,0.9075335,0.9075,0.5203281,4.9470,29
12.2495,46.0901,59.0718,0.8215776,CN(C=CC=CC(O)=C1C(=O)C(=O)CCC1(C)C)CCO,1,C=C1CCCC(=O)C1=O,1.0000000,1.0000,0.5951597,0.5952,0.8836825,3.6790,29
20.9131,21.4114,-21.3966,0.0001157,COc1ccccc1N(CC(=O)NC1CCCC1)C(=O)CCC(=O)N=c1cc(C)o[nH]1,1,O=C(CCC(=O)N(CC(=O)NC1CCCC1)c1ccccc1)N=c1cco[nH]1,0.0000000,0.0000,0.4273989,0.4274,0.9517057,3.0581,29
26.6122,26.7970,-26.7813,0.0001227,COc1ccc2c(=O)c3cc(CC(N)=O)ccc3oc2c1,1,O=c1c2ccccc2oc2ccccc12,0.0000000,0.0000,0.4987927,0.4988,0.9892103,2.0566,29
27.5800,27.3372,-27.3229,0.0001119,CC12CCC3c4ccc(O)cc4CC(C(=O)CN)C3C1CCC2O,1,c1ccc2c(c1)CCC1C2CCC2CCCC21,0.0000000,0.0000,0.4384729,0.4385,0.7620002,4.2419,29
20.0209,22.6242,-22.6083,0.0001247,CCON=C(C(=O)NC1C(=O)N2C(C(=O)O)=C(C[n+]3ccccc3)CSC12)c1csc(=N)[nH]1,1,N=C(C(=O)NC1C(=O)N2C=C(C[n+]3ccccc3)CSC12)c1csc(=N)[nH]1,0.0000000,0.0000,0.6249476,0.6249,0.7241060,4.3714,29
17.6998,22.0966,-22.0795,0.0001340,CC(C)C(=O)N1CCC2(CCC(=O)N2C)CC1,1,O=C1CCC2(CCNCC2)N1,0.0000000,0.0000,0.6654483,0.6654,0.9487878,3.0983,29
30.9512,33.8668,-33.8494,0.0001362,CC(=O)N(C)C(C#N)C=NCC(C)O,1,,0.0000000,0.0000,0.8331973,0.8332,0.6970527,4.4572,29
17.4459,19.3372,-19.3191,0.0001411,CC=CCC(=O)OC,1,,0.0000000,0.0000,0.7652576,0.7653,0.9743824,2.6297,29
17.0180,27.6155,-27.5979,0.0001376,CC(=O)OC=CC(OC(C)=O)=C1C(=O)C=CC1=O,1,C=C1C(=O)C=CC1=O,0.0000000,0.0000,0.7385129,0.7385,0.9097723,3.4946,29
28.4739,26.1603,-26.1527,0.0000597,CCCCOc1cc(O)c(C(=O)C=Cc2ccc(OC)cc2)c(OCCCC)c1,1,O=C(C=Cc1ccccc1)c1ccccc1,0.0000000,0.0000,0.0575095,0.0575,0.9856050,2.2468,29
20.9926,19.9048,-19.8909,0.0001083,CS(=O)(=O)N(Cc1ccccc1)c1ccc(C(=O)N2CCCC2)cc1,1,O=C(c1ccc(NCc2ccccc2)cc1)N1CCCC1,0.0000000,0.0000,0.3421639,0.3422,0.9919035,1.8677,29
23.9709,22.8881,-22.8730,0.0001177,Cc1ccc(-n2[nH]c(C)c(C=NNC(=O)c3ccc(N)cc3)c2=O)cc1,1,O=C(NN=Cc1c[nH]n(-c2ccccc2)c1=O)c1ccccc1,0.0000000,0.0000,0.4412789,0.4413,0.9831720,2.3501,29
33.5427,41.9416,-41.9257,0.0001239,CC(=CC=CN(C)C)NC1=NC(C(=O)O)=C2C=CC=CC2N1,1,C1=CC2=CN=CNC2C=C1,0.0000000,0.0000,0.6335573,0.6336,0.6860092,4.4909,29
35.2848,35.1719,-35.1552,0.0001299,Cc1cc(CCc2cccnc2)nc(C(=O)N2CCNC(=O)C2)c1,1,O=C1CN(C(=O)c2cccc(CCc3cccnc3)n2)CCN1,0.0000000,0.0000,0.5952600,0.5953,0.9792132,2.4904,29
16.0819,51.4177,56.0221,0.8393731,O=C1C(=O)N(c2ccc(Cl)cc2)C(=O)C1=C(O)C=CC=CN(CCO)CCO,1,C=C1C(=O)C(=O)N(c2ccccc2)C1=O,1.0000000,1.0000,0.6113524,0.6114,0.9435254,3.1656,29
26.1596,30.0172,-30.0011,0.0001257,CCC(C)C1C(=O)OC1C(=O)Nc1ccccc1O,1,O=C1CC(C(=O)Nc2ccccc2)O1,0.0000000,0.0000,0.5589244,0.5589,0.9183450,3.4235,30
24.6307,23.2895,-23.2760,0.0001051,Nc1ccccc1SCC(=O)c1cccs1,1,O=C(CSc1ccccc1)c1cccs1,0.0000000,0.0000,0.3133097,0.3133,0.9892121,2.0565,30
18.0543,21.0357,-21.0181,0.0001373,O=C1NC=NCC1Cc1c[nH]cn1,1,O=C1NC=NCC1Cc1c[nH]cn1,0.0000000,0.0000,0.8129048,0.8129,0.7583929,4.2548,30
12.5111,41.4286,74.1293,0.9027960,O=C1NC(=O)C(=C(O)C=CC=CN2CCCC2)C1=O,1,O=C1NC(=O)C(=CC=CC=CN2CCCC2)C1=O,1.0000000,1.0000,0.7637349,0.7637,0.9369059,3.2424,30
27.0497,27.8769,-27.8680,0.0000701,Oc1cccc(-c2c[nH]c(-c3cccc(-c4ccccc4)c3O)n2)c1,1,c1ccc(-c2cccc(-c3nc(-c4ccccc4)c[nH]3)c2)cc1,0.0000000,0.0000,0.0935657,0.0936,0.9804184,2.4507,30
19.4446,20.2205,-20.2040,0.0001290,Cc1ccc(-c2nnc3n2NC(=O)CS3)cc1,1,O=C1CSc2nnc(-c3ccccc3)n2N1,0.0000000,0.0000,0.5836855,0.5837,0.9753182,2.6048,30
6.9759,43.3497,-43.3497,0.0000000,CN(C=CC=CC(O)=C1C(=O)NC(=O)NC1=O)CCO,1,C=C1C(=O)NC(=O)NC1=O,1.0000000,1.0000,0.8336890,0.8337,0.9223033,3.3883,30
22.7078,22.2041,-22.1876,0.0001290,COC(=O)NC1CC(N2CCc3c(-c4cnc(=N)[nH]c4)nc(N4CCOCC4)nc32)C1,1,N=c1ncc(-c2nc(N3CCOCC3)nc3c2CCN3C2CCC2)c[nH]1,0.0000000,0.0000,0.5987816,0.5988,0.9334126,3.2800,30
22.2489,65.3502,7.1447,0.5663664,CC1=CC(=C(O)C=CC=CN(C)CCO)C(=O)C(=C(O)C=CC(C)=C2OC(C)(C)OC2=O)C1,1,C=C1C=CCC(=CC=CC=C2OCOC2=O)C1=O,1.0000000,1.0000,0.2183046,0.2183,0.7251059,4.3681,30
27.2531,29.2845,-29.2694,0.0001177,Cc1ccc(S(=O)(=O)N2CCC(C(=O)N3CCN(C4CCCC4)CC3)C2)cc1,1,O=C(C1CCN(S(=O)(=O)c2ccccc2)C1)N1CCN(C2CCCC2)CC1,0.0000000,0.0000,0.4437271,0.4437,0.9764720,2.5729,30
26.9534,30.9380,-30.9204,0.0001376,CC(=O)N1C(=O)CN2C(=O)CC=CC21C,1,O=C1CN2C(=O)CC=CC2N1,0.0000000,0.0000,0.7996965,0.7997,0.7886615,4.1421,30
19.0316,24.7667,-24.7523,0.0001124,COc1cccc2c1C(=O)C(=C1CCCC1)C2=O,1,O=C1C(=C2CCCC2)C(=O)c2ccccc21,0.0000000,0.0000,0.3841013,0.3841,0.9834193,2.3403,30
19.5627,20.0417,-20.0316,0.0000787,O=C(c1ccccc1)N1N=C(c2ccccc2O)CC1c1ccccc1,1,O=C(c1ccccc1)N1N=C(c2ccccc2)CC1c1ccccc1,0.0000000,0.0000,0.1324765,0.1325,0.9793614,2.4856,30
20.3660,30.5370,-30.5188,0.0001422,NC1=NC(=O)C(=C(O)c2ccncc2)N1,1,O=C1N=CNC1=Cc1ccncc1,0.0000000,0.0000,0.7890416,0.7890,0.9605159,2.9209,30
19.3489,20.4429,-20.4254,0.0001364,Cc1cc(C=NNC(N)=O)cc(C)c1O,1,c1ccccc1,0.0000000,0.0000,0.6877282,0.6877,0.9839469,2.3189,30
22.4624,23.9227,-23.9052,0.0001366,CCOC(=O)C1=CC[N+](C)(C)C=C1,1,C1=CC[NH2+]C=C1,0.0000000,0.0000,0.7290076,0.7290,0.8941143,3.6102,30
17.8505,18.3166,-18.2996,0.0001326,COC(=O)C=Cc1ccc(O)c(OC)c1,1,c1ccccc1,0.0000000,0.0000,0.6280945,0.6281,0.9913299,1.9127,30
51.4384,56.7433,-56.7302,0.0001019,CC(=Nc1cc(O)c(C2(O)NC(=N)SC2(CO)CBr)c(F)c1Cl)C(=O)O,1,N=C1NC(c2ccccc2)CS1,0.0000000,0.0000,0.4297723,0.4298,0.4850336,5.0390,30
16.5905,47.3111,54.9252,0.7987208,C=CCN(C)C=CC=CC(O)=C1C(=O)NC(=O)N(C2CCCC2)C1=O,1,C=C1C(=O)NC(=O)N(C2CCCC2)C1=O,1.0000000,1.0000,0.5299254,0.5299,0.9336796,3.2772,30
25.2372,25.2725,-25.2570,0.0001207,CN1CCN(C(=O)CN(C)Cc2ccc(Cl)c(Cl)c2)CC1,1,O=C(CNCc1ccccc1)N1CCNCC1,0.0000000,0.0000,0.4738907,0.4739,0.9902575,1.9894,30
22.7327,21.7410,-21.7279,0.0001028,COc1cc(-c2n[nH]c(=Nc3ccc(O)cc3)s2)cc(OC)c1OC,1,c1ccc(N=c2[nH]nc(-c3ccccc3)s2)cc1,0.0000000,0.0000,0.2965782,0.2966,0.9681593,2.7756,30
14.9391,20.1851,-20.1667,0.0001436,CC(=O)OCC1=CC(=O)C=CC1=O,1,O=C1C=CC(=O)C=C1,0.0000000,0.0000,0.8064081,0.8064,0.9742536,2.6331,30
19.4469,20.6681,-20.6507,0.0001365,O=C(NCCc1ccccc1)C1CCCN1,1,O=C(NCCc1ccccc1)C1CCCN1,0.0000000,0.0000,0.6878183,0.6878,0.9862107,2.2184,30
32.8300,32.0634,-32.0596,0.0000298,CC(C)=CCCC(C)C1CCC2(C)CCC3(C)C(C(C)CCC(O)C(C)(C)O)CCC3C12,1,C1CC2CCC3CCCC3C2C1,0.0000000,0.0000,0.0096297,0.0096,0.5861087,4.7734,30
8.8483,48.4722,-48.4722,0.0000000,CC1=NN(c2ccccc2)C(=O)C1=C(O)C=CC=CN1CCCC1,1,O=C1C(=CC=CC=CN2CCCC2)C=NN1c1ccccc1,1.0000000,1.0000,0.2895693,0.2896,0.9605371,2.9205,30
24.9402,22.9933,-22.9811,0.0000948,O=C(COc1ccc2ccccc2c1)NNC(=O)c1ccc(-n2cccc2)cc1,1,O=C(COc1ccc2ccccc2c1)NNC(=O)c1ccc(-n2cccc2)cc1,0.0000000,0.0000,0.2301210,0.2301,0.9892191,2.0560,30
28.2120,29.5400,-29.5232,0.0001312,CN(CC(=O)N1CCC(C(N)=O)CC1)S(=O)c1ccc2c(c1)sc(=O)n2C,1,O=C(CNS(=O)c1ccc2[nH]c(=O)sc2c1)N1CCCCC1,0.0000000,0.0000,0.6383996,0.6384,0.9107797,3.4866,30
21.0649,21.8246,-21.8121,0.0000981,Cc1ccccc1NC(=O)N1CCN(c2ccccc2F)CC1,1,O=C(Nc1ccccc1)N1CCN(c2ccccc2)CC1,0.0000000,0.0000,0.2544681,0.2545,0.9935261,1.7210,30
26.1226,32.1384,-32.1233,0.0001178,CC=CC1=NN(C(=O)OCC)C(=O)C(C(C)C)C1,1,O=C1CCC=NN1,0.0000000,0.0000,0.4788602,0.4789,0.8557510,3.8401,30
13.9436,16.6817,-16.6659,0.0001234,CC1(C)N=C(N)N=C(N)N1OCCCOc1ccc(Br)cc1,1,C1=NC=NCN1OCCCOc1ccccc1,0.0000000,0.0000,0.5138295,0.5138,0.9683319,2.7719,30
31.8079,41.8859,-41.8679,0.0001405,CN1C(=O)NC(=O)C(=C(C=NN=C(N)N)C(=O)N=c2[nH]c3ccccc3[nH]2)C1=O,1,O=C(C=C1C(=O)NC(=O)NC1=O)N=c1[nH]c2ccccc2[nH]1,0.0000000,0.0000,0.7935811,0.7936,0.8923785,3.6220,30
19.7781,20.2307,-20.2135,0.0001338,O=C1NC(=O)C(=Cc2c[nH]c3ccccc23)C(=O)N1,1,O=C1NC(=O)C(=Cc2c[nH]c3ccccc23)C(=O)N1,0.0000000,0.0000,0.6492038,0.6492,0.9830706,2.3541,30
17.3119,31.6251,-31.6079,0.0001347,CC=CC=c1oc(=C(C)C)c(=O)n1C,1,C=c1[nH]c(=O)c(=C)o1,0.0000000,0.0000,0.7394609,0.7395,0.8101934,4.0546,30
26.2332,26.6344,-26.6222,0.0000958,CCCCCCOc1ccc2ncn(CCC#N)c2c1,1,c1ccc2[nH]cnc2c1,0.0000000,0.0000,0.2377604,0.2378,0.9862725,2.2154,30
22.6229,21.9351,-21.9257,0.0000736,Cc1ccccc1-n1c(Cn2nc(-c3ccncc3)c3c(=N)nc[nH]c32)cc2cccc(C)c2c1=O,1,N=c1nc[nH]c2c1c(-c1ccncc1)nn2Cc1cc2ccccc2c(=O)n1-c1ccccc1,0.0000000,0.0000,0.1103785,0.1104,0.9464014,3.1296,30
33.6228,34.1999,-34.1863,0.0001070,CC(=O)N(Cc1nc(=O)c2c([nH]1)CCOC2)C1CCCCC1OCc1ccccc1,1,O=c1nc(CNC2CCCCC2OCc2ccccc2)[nH]c2c1COCC2,0.0000000,0.0000,0.3494995,0.3495,0.8973444,3.5876,30
24.3386,26.8497,-26.8339,0.0001240,CN=c1[nH]c(=O)c2sc3nc(C)c(C)cc3c2[nH]1,1,N=c1[nH]c(=O)c2sc3ncccc3c2[nH]1,0.0000000,0.0000,0.5363770,0.5364,0.9190847,3.4170,30
19.3964,49.1597,34.1759,0.6510594,C=CC1(C)OC(=O)C(=C(O)C=CC=CN2CCCC2)OC1(C)C,1,O=C1OCCOC1=CC=CC=CN1CCCC1,1.0000000,1.0000,0.3339746,0.3340,0.7161593,4.3971,30
55.0353,56.2102,-56.1993,0.0000853,COC(=O)Cc1cc(C(O)C2C(=O)C=C(OC)C(=O)C2=NC(C)=O)c(O)c2c(O)c3c(O)c4ccc(C)cc4c(O)c3c(O)c12,1,N=C1C(=O)C=CC(=O)C1Cc1ccc2cc3cc4ccccc4cc3cc2c1,0.0000000,0.0000,0.2068318,0.2068,0.6827947,4.5006,30
22.1073,22.7990,-22.7869,0.0000948,COc1ccccc1CN=c1nc(-c2ccccn2)[nH]c(C)c1Cl,1,c1ccc(CN=c2cc[nH]c(-c3ccccn3)n2)cc1,0.0000000,0.0000,0.2327744,0.2328,0.9694489,2.7478,30
29.2632,28.4781,-28.4651,0.0001015,C1=C(c2nnc(-c3csc4ccccc34)o2)OCCO1,1,C1=C(c2nnc(-c3csc4ccccc34)o2)OCCO1,0.0000000,0.0000,0.2859089,0.2859,0.9680686,2.7775,30
33.2829,32.6509,-32.6395,0.0000885,Cc1nc(-c2cc(Cl)c[nH]c2=Nc2ccc(C#N)c(Cl)c2)no1,1,c1ccc(N=c2[nH]cccc2-c2ncon2)cc1,0.0000000,0.0000,0.1919943,0.1920,0.9454929,3.1412,30
27.0561,26.4918,-26.4873,0.0000350,Clc1ccc2s[n+](Cc3ccc(-c4ccccc4)cc3)c(-c3ccccc3)c2c1,1,c1ccc(-c2ccc(C[n+]3sc4ccccc4c3-c3ccccc3)cc2)cc1,0.0000000,0.0000,0.0116926,0.0117,0.9781974,2.5221,30
20.1868,23.2335,-23.2168,0.0001299,CCC(=O)N1CCC(OC(=O)N2CCN(C(C)C)CC2)CC1,1,O=C(OC1CCNCC1)N1CCNCC1,0.0000000,0.0000,0.5932890,0.5933,0.9856611,2.2442,30
20.0755,22.8806,-22.8692,0.0000894,O=C1N=C(N=c2[nH]c(-c3ccccc3)cs2)SC1=Cc1ccccn1,1,O=C1N=C(N=c2[nH]c(-c3ccccc3)cs2)SC1=Cc1ccccn1,0.0000000,0.0000,0.1972390,0.1972,0.9485199,3.1019,30
23.1679,24.4311,-24.4156,0.0001212,CC(CCO)NCc1coc(-c2ccccc2F)n1,1,c1ccc(-c2ncco2)cc1,0.0000000,0.0000,0.4870518,0.4871,0.9675770,2.7878,30
47.1308,47.4926,-47.4828,0.0000765,CCC12CC(=O)C(OC)=CC3C(CCC4OC4(OC)C1)OC32,1,O=C1C=CC2C3CCC4OC4CC(C1)C2O3,0.0000000,0.0000,0.5053755,0.5054,0.0806278,6.5855,30
26.0406,29.3276,-29.3105,0.0001340,COCCN(C=NO)Cc1ccccc1,1,c1ccccc1,0.0000000,0.0000,0.6544557,0.6545,0.9759477,2.5876,30
36.6737,39.9951,-39.9786,0.0001289,COC(=O)N1CC(=O)N(CCN2CCCC2)C(C)C1C1=CCCN(C)C1,1,O=C1CNC(C2=CCCNC2)CN1CCN1CCCC1,0.0000000,0.0000,0.6239677,0.6240,0.8667214,3.7803,30
25.0993,25.2107,-25.2018,0.0000702,CCc1ccc(-c2cc(=NC(=O)c3ccccc3)n(-c3ccccc3)[nH]2)cc1,1,O=C(N=c1cc(-c2ccccc2)[nH]n1-c1ccccc1)c1ccccc1,0.0000000,0.0000,0.0938931,0.0939,0.9824541,2.3778,30
25.8698,28.0330,-28.0166,0.0001287,CN(C)C(=O)c1c(Cl)cccc1NC(=O)C=CC(=O)O,1,c1ccccc1,0.0000000,0.0000,0.5766962,0.5767,0.9849963,2.2741,30
23.4142,23.9643,-23.9496,0.0001151,COc1cccc(NC(=O)CCc2ccc(O)c(O)c2)c1,1,O=C(CCc1ccccc1)Nc1ccccc1,0.0000000,0.0000,0.4111932,0.4112,0.9931464,1.7584,30
19.8041,22.3365,-22.3206,0.0001241,COc1ccc(OC(C)CCN(C)C)cc1,1,c1ccccc1,0.0000000,0.0000,0.5177741,0.5178,0.9849221,2.2774,30
25.8612,24.1607,-24.1566,0.0000320,C#CCOC(=O)C12CCC(C(=C)C)C1C1CCC3C4(C)CCC(O)C(C)(C)C4CCC3(C)C1(C)CC2,1,C1CCC2C(C1)CCC1C2CCC2C3CCCC3CCC21,0.0000000,0.0000,0.0125806,0.0126,0.5310587,4.9190,30
9.7494,45.1576,-45.1576,0.0000000,CN1C(=O)NC(=O)C(=C(O)C=CC=CN2CCNCC2)C1=O,1,O=C1NC(=O)C(=CC=CC=CN2CCNCC2)C(=O)N1,1.0000000,1.0000,0.7876139,0.7876,0.9297550,3.3174,30
23.8947,25.1277,-25.1108,0.0001324,CCC(C)C1=CC(=O)C=C(COC)C1=O,1,O=C1C=CC(=O)C=C1,0.0000000,0.0000,0.6551605,0.6552,0.9164982,3.4393,30
16.9242,18.5083,-18.4920,0.0001269,Cc1cccc(N2CCN(C)CC2)c1C,1,c1ccc(N2CCNCC2)cc1,0.0000000,0.0000,0.5506279,0.5506,0.9936987,1.7033,30
24.1148,23.0144,-22.9970,0.0001365,NC(N)=NOCCc1ccccc1Cl,1,c1ccccc1,0.0000000,0.0000,0.6876472,0.6876,0.9854958,2.2518,30
10.3956,51.7563,53.6015,0.8231079,CC1=[N+]([O-])C(=[N+]2CCCC2)C(=O)C1=C(O)C=CC=CN(C)C,1,C=C1C=[NH+]C(=[N+]2CCCC2)C1=O,1.0000000,1.0000,0.6411574,0.6412,0.7833574,4.1627,30
25.1773,25.0299,-25.0140,0.0001246,O=C(CSc1nnc2ccccn12)NN=Cc1ccccc1O,1,O=C(CSc1nnc2ccccn12)NN=Cc1ccccc1,0.0000000,0.0000,0.5243281,0.5243,0.9837973,2.3250,30
23.4829,21.2481,-21.2373,0.0000839,CCN1CCC(Cc2ccncc2)(c2ccc(OC)c(OC3CCCC3)c2)C1=O,1,O=C1NCCC1(Cc1ccncc1)c1cccc(OC2CCCC2)c1,0.0000000,0.0000,0.1635398,0.1635,0.9453886,3.1425,30
16.2474,17.3817,-17.3736,0.0000634,O=C1C(=Cc2ccccc2)CN(Cc2ccccc2)CC1=Cc1ccccc1,1,O=C1C(=Cc2ccccc2)CN(Cc2ccccc2)CC1=Cc1ccccc1,0.0000000,0.0000,0.0687327,0.0687,0.9879750,2.1280,30
30.1742,30.1297,-30.1196,0.0000785,Cc1c2cc3ccccc3nc2c(C)c2c(O)occ12,1,c1ccc2nc3cc4cocc4cc3cc2c1,0.0000000,0.0000,0.1323499,0.1323,0.9671084,2.7974,30
9.1949,45.8381,-45.8381,0.0000000,CN1CCN(C=CC=CC(O)=C2C(=O)NC(=O)NC2=O)CC1,1,O=C1NC(=O)C(=CC=CC=CN2CCNCC2)C(=O)N1,1.0000000,1.0000,0.7876139,0.7876,0.9419320,3.1849,30
26.8787,29.1839,-29.1704,0.0001049,CC1(C)OC(=O)C(C(O)=NO)C(c2ccc(C(F)(F)F)cc2)O1,1,O=C1CC(c2ccccc2)OCO1,0.0000000,0.0000,0.3323750,0.3324,0.8843595,3.6747,30
35.7711,36.8428,-36.8247,0.0001418,NCCNCCCCCCCNC(=O)OCCCCC(=O)NCCO,1,,0.0000000,0.0000,0.7712170,0.7712,0.9843680,2.3013,30
11.7069,45.4821,64.8502,0.8619711,CCC1=C(C)C(=C(O)C=CC=CN(CCO)CCO)C(=O)C1=O,1,C=C1C=CC(=O)C1=O,1.0000000,1.0000,0.6836803,0.6837,0.8919572,3.6249,30
31.0379,30.4179,-30.4095,0.0000661,COc1cc(-c2nc(C(=O)NC3CCCCC3)c3ccccc3n2)ccc1Cl,1,O=C(NC1CCCCC1)c1nc(-c2ccccc2)nc2ccccc12,0.0000000,0.0000,0.0780573,0.0781,0.9873198,2.1630,30
13.2955,47.1990,54.9340,0.7979143,CC1=C=CCC(=O)C1=C(O)C=CC=CN(C)CCO,1,C=C1C=C=CCC1=O,1.0000000,1.0000,0.6012261,0.6012,0.7446530,4.3028,30
22.1179,23.1204,-23.1055,0.0001167,Oc1ccccc1C=NC1c2ccccc2CC1O,1,C(=NC1CCc2ccccc21)c1ccccc1,0.0000000,0.0000,0.4417922,0.4418,0.9409295,3.1967,30
33.1323,34.9757,-34.9640,0.0000912,COc1cccc(C(=O)N=c2[nH]c3cc(N(C)C(C)C)ccc3n2CC2CCOC2)c1,1,O=C(N=c1[nH]c2ccccc2n1CC1CCOC1)c1ccccc1,0.0000000,0.0000,0.2139286,0.2139,0.9145330,3.4559,30
39.8626,38.8038,-38.7901,0.0001068,CSc1nc2ccc(-n3c(=O)n(Cc4cc[nH]c(=N)c4)c(=O)n(CC(N)c4ccccc4)c3=O)cc2s1,1,N=c1cc(Cn2c(=O)n(CCc3ccccc3)c(=O)n(-c3ccc4ncsc4c3)c2=O)cc[nH]1,0.0000000,0.0000,0.3473318,0.3473,0.8980290,3.5828,30
9.6557,44.9610,-44.9610,0.0000000,CN(C=CC=CC(O)=C1C(=O)C(=O)N(C)C1=O)CCO,1,C=C1C(=O)NC(=O)C1=O,1.0000000,1.0000,0.8224476,0.8224,0.9170057,3.4350,30
8.6692,37.0667,54.3217,0.7139720,CCCCN(C)C=CC=CC(O)=C1C(=O)CC(=O)C=C1C,1,C=C1C=CC(=O)CC1=O,1.0000000,1.0000,0.3841034,0.3841,0.9100009,3.4928,30
24.2199,25.7115,-25.6933,0.0001426,Cc1c(C(=O)CC(=O)C(=O)NN)[n+]([O-])c2ccccc2[n+]1[O-],1,c1ccc2[nH+]cc[nH+]c2c1,0.0000000,0.0000,0.8218220,0.8218,0.9089046,3.5015,30
33.3171,31.3155,-31.3092,0.0000489,CN(C)CCCCCNC(=O)C1C(c2ccc(C(C)(C)C)cc2)=Nc2ccccc2N1C(=O)c1ccccc1,1,O=C(c1ccccc1)N1CC(c2ccccc2)=Nc2ccccc21,0.0000000,0.0000,0.0322344,0.0322,0.9497051,3.0859,30
37.8412,36.4723,-36.4561,0.0001259,CC(=O)OC1(c2nc(=NCCCN3CCOCC3)[nH]c3nc[nH]c23)CCCC1,1,c1nc2[nH]c(=NCCCN3CCOCC3)nc(C3CCCC3)c2[nH]1,0.0000000,0.0000,0.5680951,0.5681,0.9025570,3.5499,30
22.8471,21.4092,-21.3934,0.0001232,O=C(NN1C(=O)CC2(CCCC2)CC1=O)c1ccccc1,1,O=C(NN1C(=O)CC2(CCCC2)CC1=O)c1ccccc1,0.0000000,0.0000,0.5127511,0.5128,0.9636868,2.8642,30
30.2802,35.7797,-35.7657,0.0001090,CC1=CN(C=C(C#N)c2nc3ccccc3[nH]2)CC1,1,C1=CN(C=Cc2nc3ccccc3[nH]2)CC1,0.0000000,0.0000,0.3603649,0.3604,0.9386354,3.2231,30
23.4487,23.9604,-23.9467,0.0001069,CC(C)(C)OC(=O)NC1CCN(c2nc3c(cc2F)c(=O)c(C(=O)O)cn3C2CC2)C1,1,O=c1ccn(C2CC2)c2nc(N3CCCC3)ccc12,0.0000000,0.0000,0.3375424,0.3375,0.9477953,3.1115,30
20.7572,21.9576,-21.9435,0.0001103,O=C1NC(=S)SC1=Cc1cc2ccccc2o1,1,O=C1NC(=S)SC1=Cc1cc2ccccc2o1,0.0000000,0.0000,0.3640367,0.3640,0.9783416,2.5177,30
9.7147,39.2816,74.6456,0.8900566,CCN(C=CC=CC(O)=C1C(=O)NC(=O)NC1=O)CC,1,C=C1C(=O)NC(=O)NC1=O,1.0000000,1.0000,0.7344686,0.7345,0.9310852,3.3040,30
15.1258,18.3314,-18.3159,0.0001215,O=C1C=CC(=O)c2c1c(O)c1ccccc1c2O,1,O=C1C=CC(=O)c2cc3ccccc3cc21,0.0000000,0.0000,0.4862075,0.4862,0.9829010,2.3607,30
35.1386,74.6620,11.5315,0.6733867,CCCCN(C)C=CC=CC(O)=C1OC(=O)C(=C(O)C=CC=C(Cl)C=O)C(=O)C1=O,1,C=C1OC(=O)C(=C)C(=O)C1=O,1.0000000,1.0000,0.3460399,0.3460,0.8033742,4.0831,30
17.2573,19.8302,-19.8172,0.0001017,C=CC1=C(C(=O)NC2CCCC2)C(c2ccc(F)cc2)OC1,1,O=C(NC1CCCC1)C1=CCOC1c1ccccc1,0.0000000,0.0000,0.2902695,0.2903,0.9511328,3.0662,30
27.0445,25.9767,-25.9605,0.0001268,C#Cc1ccc2[nH]c(=S)[nH]c(=N)c2c1,1,N=c1[nH]c(=S)[nH]c2ccccc12,0.0000000,0.0000,0.5707263,0.5707,0.9270026,3.3443,30
30.3792,44.1574,-44.1441,0.0001040,CC(=CC=CC(O)=C1OC(=O)N(Cc2cccc3ccccc23)C1=O)C(N)=O,1,C=C1OC(=O)N(Cc2cccc3ccccc23)C1=O,0.0000000,0.0000,0.3103869,0.3104,0.9528965,3.0410,30
28.5508,27.3838,-27.3721,0.0000910,CCCCCN(C(=O)CCC(=O)N=c1[nH]ccs1)C(C(=O)NC1CCCC1)c1ccco1,1,O=C(CCC(=O)NC(C(=O)NC1CCCC1)c1ccco1)N=c1[nH]ccs1,0.0000000,0.0000,0.2148491,0.2148,0.9002525,3.5668,30
24.7819,23.5827,-23.5670,0.0001222,CNCCc1c(Br)c(OC)cc(OC)c1OC,1,c1ccccc1,0.0000000,0.0000,0.4948473,0.4948,0.9825170,2.3754,30
27.6939,30.7353,-30.7219,0.0001050,N#CC(C(=O)c1c[nH]c2ccccc12)=C1SC(=S)N(NC(=O)c2ccncc2)C1=O,1,O=C(NN1C(=O)C(=CC(=O)c2c[nH]c3ccccc23)SC1=S)c1ccncc1,0.0000000,0.0000,0.3173535,0.3174,0.9609692,2.9130,30
19.0935,20.9760,-20.9586,0.0001360,O=c1[nH]c2ccc(C=CC(O)=NO)cc2[nH]c1=O,1,O=c1[nH]c2ccccc2[nH]c1=O,0.0000000,0.0000,0.6889912,0.6890,0.9639351,2.8596,30
27.6506,26.8482,-26.8318,0.0001282,CCN(CC)N=Nc1ccc(S(C)(=O)=O)nc1,1,c1ccncc1,0.0000000,0.0000,0.5812721,0.5813,0.9506890,3.0724,30
30.2943,28.7868,-28.7715,0.0001190,Cc1cc(C)c(S(=O)(=O)N2CCN(S(=O)(=O)c3ccco3)CC2)cc1C,1,O=S(=O)(c1ccccc1)N1CCN(S(=O)(=O)c2ccco2)CC1,0.0000000,0.0000,0.4569099,0.4569,0.9815661,2.4105,30
26.9152,26.2049,-26.1943,0.0000832,O=C(ON=Cc1cccnc1)c1ccc(C2CCCCC2)cc1,1,O=C(ON=Cc1cccnc1)c1ccc(C2CCCCC2)cc1,0.0000000,0.0000,0.1557089,0.1557,0.9859982,2.2285,30
10.1805,44.1078,72.4835,0.9108696,CCCN1C(=O)NC(=O)C(=C(O)C=CC=CN(CCO)CCO)C1=O,1,C=C1C(=O)NC(=O)NC1=O,1.0000000,1.0000,0.7867847,0.7868,0.9319597,3.2951,30
32.9188,33.9468,-33.9468,0.0000000,CN1CCn2ccc3c(ccc(-c4sccc4)c3)c21,0,,0.0000000,0.0000,0.0000000,0.0000,0.0000000,0.0000,30
24.5706,22.9449,-22.9356,0.0000731,Cc1cc(=NS(=O)(=O)c2ccc(N=CCC(=O)c3ccc(Cl)cc3Cl)cc2)[nH]o1,1,O=C(CC=Nc1ccc(S(=O)(=O)N=c2cco[nH]2)cc1)c1ccccc1,0.0000000,0.0000,0.1088185,0.1088,0.9338636,3.2752,30
24.6775,29.5795,-29.5628,0.0001308,O=C1N=C2NC=NC(=O)C2C(c2ccccc2F)N1,1,O=C1N=C2NC=NC(=O)C2C(c2ccccc2)N1,0.0000000,0.0000,0.6747445,0.6747,0.8149897,4.0341,30
20.2778,20.4327,-20.4186,0.0001102,O=C(C=Cc1ccc(Br)s1)N=C1NCCS1,1,O=C(C=Cc1cccs1)N=C1NCCS1,0.0000000,0.0000,0.3820066,0.3820,0.8963600,3.5946,30
19.5959,20.0945,-20.0816,0.0001006,CCOC(=O)C1CCN(Cc2nc(-c3ccccc3)oc2C)CC1,1,c1ccc(-c2nc(CN3CCCCC3)co2)cc1,0.0000000,0.0000,0.2747393,0.2747,0.9897898,2.0202,30
28.1547,29.1674,-29.1538,0.0001064,CCN(CC)CCNC(=O)C1C(C(C)O)C(=O)N2CCc3c([nH]c4ccc(Cl)cc34)C12C,1,O=C1CCC2c3[nH]c4ccccc4c3CCN12,0.0000000,0.0000,0.3658896,0.3659,0.8043920,4.0789,30
14.4588,39.8954,49.1051,0.6953167,CN1C(=O)C(=C(O)C=CC=CN2CCCC2)c2ccccc21,1,O=C1Nc2ccccc2C1=CC=CC=CN1CCCC1,1.0000000,1.0000,0.3438763,0.3439,0.9610699,2.9113,30
49.0563,52.3234,-52.3085,0.0001165,COC(=O)C(C(=O)OC)=C1SC2=NC3=C(CNC21)CC(c1ccccc1)=NN3C,1,C=C1SC2=NC3=C(CNC12)CC(c1ccccc1)=NN3,0.0000000,0.0000,0.4883820,0.4884,0.7802380,4.1746,30
27.1873,27.0981,-27.0825,0.0001223,O=c1ccccn1-c1ccccc1-n1cccn1,1,O=c1ccccn1-c1ccccc1-n1cccn1,0.0000000,0.0000,0.4946442,0.4946,0.9871233,2.1732,30
17.4180,20.1957,-20.1793,0.0001286,CCCCCn1c(=O)[nH]c2cc(C(=O)N3CCN(C)CC3)ccc2c1=O,1,O=C(c1ccc2c(=O)[nH]c(=O)[nH]c2c1)N1CCNCC1,0.0000000,0.0000,0.5740499,0.5740,0.9873942,2.1591,30
16.5679,20.6429,-20.6253,0.0001370,CNC1CC(=O)N(Cc2ccccc2)C1,1,O=C1CCCN1Cc1ccccc1,0.0000000,0.0000,0.6975313,0.6975,0.9824629,2.3775,30
33.3890,32.4708,-32.4594,0.0000886,COc1cccc(COc2ccc(CNC(=O)c3ncn4ccccc34)cc2)c1,1,O=C(NCc1ccc(OCc2ccccc2)cc1)c1ncn2ccccc12,0.0000000,0.0000,0.1883843,0.1884,0.9861968,2.2190,30
18.1283,45.1219,-45.1049,0.0001327,CC1=NC(=O)CC(=O)C1=C(C)C=CC=CN(C)CCCN=C(N)N,1,C=C1C=NC(=O)CC1=O,0.0000000,0.0000,0.6799618,0.6800,0.8683028,3.7714,30
31.0685,37.2148,-37.1995,0.0001193,CSc1n[nH]c(=NC(=O)C=CC(=O)N(CC(=O)NC(C)(C)C)C2CCCC2)s1,1,O=C(C=CC(=O)NC1CCCC1)N=c1[nH]ncs1,0.0000000,0.0000,0.4782095,0.4782,0.9190964,3.4169,30
23.9675,23.6560,-23.6461,0.0000779,COc1ccc(-c2sc(N(C)C)nc2-c2ccc([N+](=O)[O-])cc2)cc1,1,c1ccc(-c2ncsc2-c2ccccc2)cc1,0.0000000,0.0000,0.1276525,0.1277,0.9870371,2.1776,30
28.3406,28.4370,-28.4287,0.0000649,CCCCCCCOc1ccc(C=C2SC(=O)N(C)C2=O)cc1Cl,1,O=C1NC(=O)C(=Cc2ccccc2)S1,0.0000000,0.0000,0.0738283,0.0738,0.9858403,2.2359,30
23.6141,24.2128,-24.2063,0.0000512,CCCCc1ccc(N=c2nc3c(c[nH]2)cc(-c2c(Cl)cccc2Cl)c(=O)n3C)cc1,1,O=c1[nH]c2nc(=Nc3ccccc3)[nH]cc2cc1-c1ccccc1,0.0000000,0.0000,0.0369724,0.0370,0.9585121,2.9545,30
43.8869,39.9440,-39.9440,0.0000000,c1ccccc1C(c1c(Cl)cc(CN(S(=O)(=O)CC(N(C)C)=O)=O)cc1)C,0,,0.0000000,0.0000,0.0000000,0.0000,0.0000000,0.0000,30
16.3048,20.6176,-20.5990,0.0001451,CN(C)CC1(O)CCN(C)C1,1,C1CCNC1,0.0000000,0.0000,0.8529178,0.8529,0.9324347,3.2902,30
12.1324,37.6883,73.6133,0.8695441,COC(=O)C1N=CC(=O)C1=C(O)C=CC=CN(C)CCO,1,C=C1CN=CC1=O,1.0000000,1.0000,0.7789112,0.7789,0.7433219,4.3073,30
23.9885,22.6586,-22.6516,0.0000551,Brc1ccc(CNCCCCNCc2ccc(-c3ccccc3)cc2)cc1,1,c1ccc(CNCCCCNCc2ccc(-c3ccccc3)cc2)cc1,0.0000000,0.0000,0.0451628,0.0452,0.9925377,1.8142,30
11.2122,44.3159,-44.3159,0.0000000,CN1CCN(C=CC=CC(O)=C2C(=O)N(C)C(=O)N(C)C2=O)CC1,1,O=C1NC(=O)C(=CC=CC=CN2CCNCC2)C(=O)N1,1.0000000,1.0000,0.7176911,0.7177,0.9420753,3.1832,30
16.6587,45.5068,64.2568,0.8575283,COC1=CC(C=O)=CC(=C(O)C=CC=CN(C)CCO)C1=O,1,C=C1C=CC=CC1=O,1.0000000,1.0000,0.6876864,0.6877,0.8592531,3.8215,30
28.4517,27.9623,-27.9455,0.0001314,CN(C)c1ccc(CNCCCNC(=O)C2CCN(S(=O)(=O)N3CCOCC3)CC2)cc1,1,O=C(NCCCNCc1ccccc1)C1CCN(S(=O)(=O)N2CCOCC2)CC1,0.0000000,0.0000,0.6151535,0.6152,0.9815953,2.4095,30
22.2856,46.6962,53.4507,0.7823978,CN(C)C=CC=CC(O)=C1CCN(Cc2cccnc2)C1=O,1,C=C1CCN(Cc2cccnc2)C1=O,1.0000000,1.0000,0.4941547,0.4942,0.9467492,3.1251,30
67.2306,67.1030,-67.0971,0.0000456,CC1(CO)CCC(=O)C2(C)C1CCC1(C)C2C2OC3CC34CCC1(C)C4(O)C(O)C1CC2(C(=O)O)COC1=O,1,O=C1OCC2CC1CC1C3CCC14CC4OC2C1C3CCC2CCCC(=O)C21,0.0000000,0.0000,0.3559654,0.3560,0.0099128,7.9992,30
22.9121,26.0516,-26.0375,0.0001102,CN1CCCC1=CCC=Nc1ccccc1C(=O)O,1,C(CC=C1CCCN1)=Nc1ccccc1,0.0000000,0.0000,0.3692151,0.3692,0.9500129,3.0817,30
20.5396,50.5615,-16.7809,0.2639113,CC(C=CC=CC=CC1OC(=O)C1=C(O)C=CC=CN(C)C)=CC=C1C(C)=CCCC1(C)C,1,C=C1C(=O)OC1C=CC=CC=CC=CC=C1C=CCCC1,1.0000000,1.0000,0.0235006,0.0235,0.6505265,4.5952,30
8.9409,41.2328,72.9749,0.8922475,CCN1C(=O)NC(=O)C(=C(O)C=CC=CN(C)C)C1=O,1,C=C1C(=O)NC(=O)NC1=O,1.0000000,1.0000,0.7316231,0.7316,0.9496098,3.0872,30
9.4935,36.8034,67.1268,0.8119544,CN(C)C=CC=CC(O)=C1C(=O)CCC1(C)CO,1,C=C1CCCC1=O,1.0000000,1.0000,0.6113759,0.6114,0.7925042,4.1270,30
18.2985,19.4092,-19.3951,0.0001101,O=C(CCc1ccccc1)N=CC(=O)NN=CCCc1ccccc1,1,O=C(CCc1ccccc1)N=CC(=O)NN=CCCc1ccccc1,0.0000000,0.0000,0.3626391,0.3626,0.9757559,2.5929,30
21.6804,24.1008,-24.0840,0.0001316,Cc1cccc(=NC(=S)N2CCCC2=O)[nH]1,1,O=C1CCCN1C(=S)N=c1cccc[nH]1,0.0000000,0.0000,0.6419668,0.6420,0.9173127,3.4324,30
22.0915,52.1061,48.7916,0.7882632,COC1CC(=C(O)C=CC=CN(O)O)C(=O)OC1(C)C,1,C=C1CCCOC1=O,1.0000000,1.0000,0.6015963,0.6016,0.6978148,4.4548,30
17.1797,37.7372,-37.7249,0.0000962,CC1=NN(c2ccccc2)C(=O)C1=C(O)C(Cl)(Cl)Cl,1,C=C1C=NN(c2ccccc2)C1=O,0.0000000,0.0000,0.2426968,0.2427,0.9696998,2.7422,31
26.9050,32.6601,-32.6506,0.0000750,CCCCC(C=CC=CC=CCC=CCCCC(=O)O)=NOC,1,,0.0000000,0.0000,0.1177118,0.1177,0.9321553,3.2930,31
27.6394,26.2875,-26.2749,0.0000989,Cc1cccc(N2CCC(N3CCC(C)CC3)CC2)c1C#N,1,c1ccc(N2CCC(N3CCCCC3)CC2)cc1,0.0000000,0.0000,0.2621817,0.2622,0.9836531,2.3309,31
19.2036,19.4949,-19.4841,0.0000848,NC(=O)c1ccc2nc(-c3ccccc3)c(-c3ccccc3)nc2c1,1,c1ccc(-c2nc3ccccc3nc2-c2ccccc2)cc1,0.0000000,0.0000,0.1641155,0.1641,0.9922621,1.8380,31
20.3488,22.0606,-22.0442,0.0001277,CCCCC(=O)NN=C(C)c1ccccn1,1,c1ccncc1,0.0000000,0.0000,0.5627524,0.5628,0.9888819,2.0763,31
20.3390,51.7077,52.6190,0.8150528,CC1=C(C=CC=CCC(O)CO)C(=O)C(=O)C1=C(O)C=CC=CN(C)CCO,1,C=C1C=CC(=O)C1=O,1.0000000,1.0000,0.6414310,0.6414,0.7433830,4.3071,31
23.0614,23.2945,-23.2795,0.0001166,O=C1C(=O)N(Cc2cnc3ccccc3n2)c2ccccc21,1,O=C1C(=O)N(Cc2cnc3ccccc3n2)c2ccccc21,0.0000000,0.0000,0.4280838,0.4281,0.9888319,2.0793,31
26.0560,26.5771,-26.5611,0.0001247,CCCCCCCCCS(=O)(=O)NC1CCCOC1=O,1,O=C1CCCCO1,0.0000000,0.0000,0.5300101,0.5300,0.9667303,2.8051,31
19.8281,24.7095,-24.6976,0.0000933,CC(C)=CCN1C(=O)C(=O)c2cc(OCCc3ccccc3)ccc21,1,O=C1Nc2ccc(OCCc3ccccc3)cc2C1=O,0.0000000,0.0000,0.2196329,0.2196,0.9870413,2.1773,31
29.8401,29.2229,-29.2099,0.0001013,COc1cccc(C(C)NC(=O)CSc2nncn2-c2ccccc2)c1,1,O=C(CSc1nncn1-c1ccccc1)NCc1ccccc1,0.0000000,0.0000,0.2825835,0.2826,0.9793424,2.4862,31
26.0107,33.0724,-33.0557,0.0001306,Cn1c(O)c(N=CC=CNc2ccccc2)c(=O)n(C)c1=O,1,O=c1[nH]cc(N=CC=CNc2ccccc2)c(=O)[nH]1,0.0000000,0.0000,0.6119023,0.6119,0.9593067,2.9413,31
17.5925,50.4329,34.8986,0.6666527,CC1C(=O)N(C=CC=CC(O)=C2C(=O)OC(C)(C)OC2=O)C1c1ccccc1,1,O=C1OCOC(=O)C1=CC=CC=CN1C(=O)CC1c1ccccc1,1.0000000,1.0000,0.3345643,0.3346,0.8084135,4.0621,31
11.0472,44.3635,72.9236,0.9163056,O=C1NC(=O)C(=C(O)C=CC=CN2CCNC2=O)C(=O)N1,1,O=C1NC(=O)C(=CC=CC=CN2CCNC2=O)C(=O)N1,1.0000000,1.0000,0.8102481,0.8102,0.9133350,3.4658,31
38.3904,36.9189,-36.9065,0.0000971,CN1CCCC1C=CS(=O)(=O)OC=C1C(=O)Nc2c(Cl)cc(Cl)cc21,1,O=C1Nc2ccccc2C1=COS(=O)(=O)C=CC1CCCN1,0.0000000,0.0000,0.2751050,0.2751,0.8180167,4.0209,31
24.6292,28.3215,-28.3049,0.0001304,CN(C)CC1(O)CCN(C(=O)c2cc(Cl)c(N)cc2O)CC1,1,O=C(c1ccccc1)N1CCCCC1,0.0000000,0.0000,0.6034757,0.6035,0.9735138,2.6520,31
31.8515,33.0627,-33.0478,0.0001167,CC(=O)c1sc(C(=O)O)c(C(=O)NCCCCCC(O)=NO)c1C,1,c1ccsc1,0.0000000,0.0000,0.4355873,0.4356,0.9646015,2.8470,31
23.0964,22.3057,-22.2911,0.0001141,O=C(c1ccccc1)N1CCOc2ccccc21,1,O=C(c1ccccc1)N1CCOc2ccccc21,0.0000000,0.0000,0.3996888,0.3997,0.9936903,1.7041,31
21.3512,23.1516,-23.1371,0.0001140,CCN1CCN(CCCNC(=O)CC23CC4CC(CC(C4)C2)C3)CC1,1,O=C(CC12CC3CC(CC(C3)C1)C2)NCCCN1CCNCC1,0.0000000,0.0000,0.4190569,0.4191,0.9104851,3.4889,31
7.7634,49.1679,-49.1679,0.0000000,CC1=C(CC(=O)O)OC(=O)C1=C(O)C=CC=CN(CCO)CCO,1,C=C1C=COC1=O,1.0000000,1.0000,0.7329655,0.7330,0.8780649,3.7139,31
25.0286,30.6318,-30.6142,0.0001378,CC(O)C1C(=O)OC(=O)CN1CCc1ccccc1,1,O=C1CN(CCc2ccccc2)CC(=O)O1,0.0000000,0.0000,0.7312568,0.7313,0.9326248,3.2882,31
33.6498,38.3971,-38.3880,0.0000707,CC=CC=CC=C1C(=O)C(=O)c2ccccc2C1c1nc2ccccc2o1,1,C=C1C(=O)C(=O)c2ccccc2C1c1nc2ccccc2o1,0.0000000,0.0000,0.0993007,0.0993,0.9217372,3.3934,31
16.7323,33.3069,-33.2900,0.0001318,CON=CC(C)=C1C(=O)NC(=O)N(Cc2ccccc2)C1=O,1,C=C1C(=O)NC(=O)N(Cc2ccccc2)C1=O,0.0000000,0.0000,0.6246357,0.6246,0.9713518,2.7046,31
16.5700,18.7087,-18.6902,0.0001440,C=C1C(=O)OC(CO)C1O,1,C=C1CCOC1=O,0.0000000,0.0000,0.8917664,0.8918,0.8283690,3.9746,31
27.7864,33.0154,-32.9991,0.0001271,C=CCOCCN1CCC(O)C(COc2ccccc2)C1,1,c1ccc(OCC2CCCNC2)cc1,0.0000000,0.0000,0.5668503,0.5669,0.9524977,3.0468,31
22.0882,23.8347,-23.8170,0.0001381,COC(O)c1coc(=O)[nH]1,1,O=c1[nH]cco1,0.0000000,0.0000,0.8307237,0.8307,0.7540406,4.2702,31
24.5926,30.0333,-30.0180,0.0001193,O=C1COC(=O)C(O)(c2ccc(Cl)cc2)N1Cc1ccccc1,1,O=C1OCC(=O)N(Cc2ccccc2)C1c1ccccc1,0.0000000,0.0000,0.4648112,0.4648,0.9643946,2.8509,31
22.7213,28.2104,-28.2036,0.0000535,CCCCC=CC=CCCC=CCC=CC=CC=CC=CC(=O)O,1,,0.0000000,0.0000,0.0429973,0.0430,0.9274954,3.3396,31
26.6460,26.6525,-26.6477,0.0000373,CN(CCC=C1c2ccccc2CCc2ccccc21)CCc1ccc(Cl)cc1Cl,1,C(CCNCCc1ccccc1)=C1c2ccccc2CCc2ccccc21,0.0000000,0.0000,0.0141005,0.0141,0.9811801,2.4243,31
17.3468,18.4215,-18.4042,0.0001353,CC(=O)Nc1ccccc1C(=O)O,1,c1ccccc1,0.0000000,0.0000,0.6656151,0.6656,0.9958232,1.4340,31
13.3220,36.4181,74.1680,0.8639544,CN(C=CC=CC(O)=C1C(=O)OC(C)(C)C1=O)CCCO,1,C=C1C(=O)COC1=O,1.0000000,1.0000,0.6813141,0.6813,0.9082782,3.5064,31
19.4756,20.6432,-20.6290,0.0001105,CN(C(=O)c1cccs1)C1CCCCC1,1,O=C(NC1CCCCC1)c1cccs1,0.0000000,0.0000,0.3637025,0.3637,0.9893842,2.0459,31
30.4239,28.6346,-28.6256,0.0000700,CC1CN(S(=O)(=O)c2cccc(C(=O)N=c3[nH]c(-c4ccc5ccccc5c4)cs3)c2)CC(C)O1,1,O=C(N=c1[nH]c(-c2ccc3ccccc3c2)cs1)c1cccc(S(=O)(=O)N2CCOCC2)c1,0.0000000,0.0000,0.0973929,0.0974,0.9048755,3.5326,31
34.8240,63.5526,0.6375,0.5014846,CN(C)CCCOC1CC2C(=C(O)C=CC=CN3CCOCC3)C(=O)C(C1(C)C)C2(C)C,1,O=C1C(=CC=CC=CN2CCOCC2)C2CCCC1C2,1.0000000,1.0000,0.2070044,0.2070,0.4201341,5.2099,31
28.0538,28.2867,-28.2714,0.0001195,COC(=O)NN=Cc1cccn1-c1cc(OC)ccc1F,1,c1ccc(-n2cccc2)cc1,0.0000000,0.0000,0.4634863,0.4635,0.9805676,2.4456,31
19.5370,23.1835,-23.1660,0.0001370,NCC1OC(OC2C(N)CC(N)C(O)C2N)C(O)C(N)C1O,1,C1CCC(OC2CCCCO2)CC1,0.0000000,0.0000,0.9577432,0.9577,0.5633940,4.8339,31
18.1700,42.9703,57.0889,0.7817120,CN(C)C=CC=CC(O)=C1C(=O)CC(C(=N)N)C1(C)C,1,C=C1CCCC1=O,1.0000000,1.0000,0.5662340,0.5662,0.7425959,4.3098,31
25.4407,25.3467,-25.3322,0.0001131,COc1cccc(Cc2nc3ccc(C(=O)NCCN4CCOCC4)cc3o2)c1,1,O=C(NCCN1CCOCC1)c1ccc2nc(Cc3ccccc3)oc2c1,0.0000000,0.0000,0.3911214,0.3911,0.9856738,2.2436,31
17.0491,17.7902,-17.7761,0.0001100,O=C(C=Cc1ccc(O)cc1)Nc1ccccc1,1,O=C(C=Cc1ccccc1)Nc1ccccc1,0.0000000,0.0000,0.3583922,0.3584,0.9943990,1.6261,31
20.8797,21.1463,-21.1283,0.0001404,COC(=O)Nc1ccnn1C,1,c1cn[nH]c1,0.0000000,0.0000,0.7501982,0.7502,0.9833147,2.3445,31
24.3641,27.4414,-27.4316,0.0000763,CC(=Cc1ccc(-c2ccccc2Br)cc1)C(=O)O,1,c1ccc(-c2ccccc2)cc1,0.0000000,0.0000,0.1197663,0.1198,0.9904814,1.9741,31
21.5608,22.1469,-22.1332,0.0001069,CCN1CC(C)(C)Oc2nc(N3CCOCC3C)nc(-c3ccc(NC(N)=O)cc3)c2C1=O,1,O=C1NCCOc2nc(N3CCOCC3)nc(-c3ccccc3)c21,0.0000000,0.0000,0.3468422,0.3468,0.9063806,3.5211,31
28.3761,27.5722,-27.5602,0.0000932,CC(=O)c1ccccc1Oc1c(F)cccc1CN(C)C,1,c1ccc(Oc2ccccc2)cc1,0.0000000,0.0000,0.2184833,0.2185,0.9886903,2.0876,31
15.4125,17.5297,-17.5123,0.0001359,N#CC1CCCOC1=N,1,N=C1CCCCO1,0.0000000,0.0000,0.7675310,0.7675,0.7953033,4.1159,31
22.6403,53.4107,34.8774,0.6897513,O=C1C(=C(O)C=CC=CN2CCCCC2)C(=O)N1Cc1ccc(Cl)nc1,1,O=C1C(=CC=CC=CN2CCCCC2)C(=O)N1Cc1cccnc1,1.0000000,1.0000,0.3370004,0.3370,0.9545149,3.0171,31
27.8549,31.2177,-31.2019,0.0001233,CN1C(=O)C2C(c3ccccc3Cl)N=CNC2N(C)C1=O,1,O=C1NC(=O)C2C(NC=NC2c2ccccc2)N1,0.0000000,0.0000,0.5649371,0.5649,0.8171678,4.0246,31
6.4083,41.8120,-41.8120,0.0000000,O=C1NC(=O)C(=C(O)C=CC=CN(CCO)CCO)C(=O)N1,1,C=C1C(=O)NC(=O)NC1=O,1.0000000,1.0000,0.8626767,0.8627,0.9187340,3.4201,31
18.9184,20.9689,-20.9505,0.0001437,COC(=O)CC=C(C)CO,1,,0.0000000,0.0000,0.8095599,0.8096,0.9703761,2.7271,31
21.1737,21.8163,-21.8012,0.0001184,N=C1c2ccccc2N=C2CCCC(=O)C12,1,N=C1c2ccccc2N=C2CCCC(=O)C12,0.0000000,0.0000,0.4675584,0.4676,0.9188182,3.4193,31
26.0152,24.7551,-24.7391,0.0001246,Cn1c(=O)c2nc(C=Cc3ccccc3)n(CCCN3CCOCC3)c2n(C)c1=O,1,O=c1[nH]c(=O)c2nc(C=Cc3ccccc3)n(CCCN3CCOCC3)c2[nH]1,0.0000000,0.0000,0.5267130,0.5267,0.9723375,2.6811,31
9.2908,39.6878,79.4964,0.9311272,CN(C=CC=CC(O)=C1C(=O)NC(=O)C1=O)CCO,1,C=C1C(=O)NC(=O)C1=O,1.0000000,1.0000,0.8488452,0.8488,0.9158986,3.4444,31
18.4856,19.3554,-19.3421,0.0001038,COc1ccc(C=CC(=O)c2ccc3c(c2)OCO3)cc1,1,O=C(C=Cc1ccccc1)c1ccc2c(c1)OCO2,0.0000000,0.0000,0.3016149,0.3016,0.9914327,1.9049,31
25.4843,25.9111,-25.8948,0.0001268,CCOC(=O)c1cc(-c2ccccc2)n(CC(=O)NCCN)c1C,1,c1ccc(-c2ccc[nH]2)cc1,0.0000000,0.0000,0.5502645,0.5503,0.9882900,2.1105,31
23.0420,25.6296,-25.6119,0.0001381,CN1CC=C(n2cc(F)c(=N)[nH]c2=O)CC1,1,N=c1ccn(C2=CCNCC2)c(=O)[nH]1,0.0000000,0.0000,0.7626792,0.7627,0.8748327,3.7333,31
18.2409,18.0610,-18.0496,0.0000891,c1ccc(C2(c3ccccc3)CCC2)cc1,1,c1ccc(C2(c3ccccc3)CCC2)cc1,0.0000000,0.0000,0.1904242,0.1904,0.9936283,1.7105,31
45.3416,46.8368,-46.8255,0.0000887,COC=C1c2cc(-c3ccc(C(=O)O)cc3OC)ccc2N(C)CCC1N(C)C,1,C=C1CCCNc2ccc(-c3ccccc3)cc21,0.0000000,0.0000,0.1948630,0.1949,0.9339939,3.2739,31
32.3556,31.5921,-31.5829,0.0000713,c1nc(-c2cc(C3CC3)on2)c2ccn(C3CCCCCC3)c2n1,1,c1nc(-c2cc(C3CC3)on2)c2ccn(C3CCCCCC3)c2n1,0.0000000,0.0000,0.0991099,0.0991,0.9694130,2.7485,31
19.0974,19.5160,-19.4985,0.0001368,O=C(O)CCc1cccc(O)c1C(=O)O,1,c1ccccc1,0.0000000,0.0000,0.6902371,0.6902,0.9902574,1.9894,31
25.6298,26.1162,-26.0992,0.0001326,CC(NC1=NCCCN1)c1ccc(CC(=O)O)cc1,1,c1ccc(CNC2=NCCCN2)cc1,0.0000000,0.0000,0.6384903,0.6385,0.9650030,2.8393,31
20.6940,22.3570,-22.3401,0.0001324,O=C1NCCCC1COc1ccccc1,1,O=C1NCCCC1COc1ccccc1,0.0000000,0.0000,0.6295658,0.6296,0.9795356,2.4800,31
15.1700,48.3666,57.7680,0.8291767,C=CCN(C=CC=CC(O)=C1C(=O)N(C)C(=O)N(C)C1=O)CC=C,1,C=C1C(=O)NC(=O)NC1=O,1.0000000,1.0000,0.6041426,0.6041,0.9034482,3.5433,31
11.4476,35.7575,66.5104,0.7989676,CC1CC=CC(=O)C1=C(O)C=CC=CN(C)CCO,1,C=C1CCC=CC1=O,1.0000000,1.0000,0.5866445,0.5866,0.7827477,4.1650,31
25.2498,25.2329,-25.2157,0.0001342,CN=c1[nH]c(O)c(CC(=O)Nc2ccccc2C(N)=O)s1,1,N=c1[nH]cc(CC(=O)Nc2ccccc2)s1,0.0000000,0.0000,0.6626193,0.6626,0.9645041,2.8488,31
9.4353,39.8201,57.0323,0.7566598,CCCN(C)C=CC=CC(O)=C1C(=O)C(=O)C(C)=C1C,1,C=C1C=CC(=O)C1=O,1.0000000,1.0000,0.4567601,0.4568,0.9115368,3.4805,31
30.9627,29.4879,-29.4710,0.0001321,NNC(=O)CSc1nnc(SCCNS(=O)(=O)c2ccccc2)s1,1,O=S(=O)(NCCSc1nncs1)c1ccccc1,0.0000000,0.0000,0.6245470,0.6245,0.9818310,2.4009,31
6.9103,38.7380,66.9334,0.8255576,CC1=C(C)C(=C(O)C=CC=CN(C)C)C(=O)C1=O,1,C=C1C=CC(=O)C1=O,1.0000000,1.0000,0.5888270,0.5888,0.9235175,3.3772,31
32.7140,37.1133,-37.0981,0.0001192,CN1C(=O)C(=NC(=O)c2ccc(Oc3cc(CN)ccn3)cc2)C(C)(C)C1=O,1,O=C1CC(=NC(=O)c2ccc(Oc3ccccn3)cc2)C(=O)N1,0.0000000,0.0000,0.4640659,0.4641,0.9646280,2.8464,31
35.2364,32.6792,-32.6693,0.0000773,Cc1ccc(NC(=O)Nc2ccc(C(=O)N3C4CCCOC3CC4)cc2)cc1,1,O=C(Nc1ccccc1)Nc1ccc(C(=O)N2C3CCCOC2CC3)cc1,0.0000000,0.0000,0.1314678,0.1315,0.8988433,3.5770,31
23.0228,22.3666,-22.3510,0.0001212,CCN(CC)CCCC(C)N=c1cc(OC)cc[nH]1,1,N=c1cccc[nH]1,0.0000000,0.0000,0.5054515,0.5055,0.9038426,3.5403,31
14.5334,42.4738,53.8402,0.7524528,CC(C)=CCC1C(=O)OC(=O)C1=C(O)C=CC=CN(C)C,1,C=C1CC(=O)OC1=O,1.0000000,1.0000,0.4837078,0.4837,0.8007473,4.0939,31
28.1862,29.4917,-29.4792,0.0000978,CC(C)CN1C(=O)C(=Cc2ccc(C=CC(=O)Nc3ccccc3)cc2)C(=O)N(CC(=O)O)C1=O,1,O=C(C=Cc1ccc(C=C2C(=O)NC(=O)NC2=O)cc1)Nc1ccccc1,0.0000000,0.0000,0.2541980,0.2542,0.9790026,2.4971,31
12.9410,18.9866,-18.9710,0.0001220,COc1ccc(C2CC(C)=NN2C(C)=O)cc1,1,C1=NNC(c2ccccc2)C1,0.0000000,0.0000,0.4941518,0.4942,0.9740844,2.6374,31
26.0893,24.6068,-24.5929,0.0001085,O=C(C(=O)N1C2CCCC1CC2)c1c[nH]c2ccccc12,1,O=C(C(=O)N1C2CCCC1CC2)c1c[nH]c2ccccc12,0.0000000,0.0000,0.3695275,0.3695,0.8767871,3.7216,31
23.2987,30.4781,-30.4610,0.0001338,O=C(O)C(Cl)=C1C(=O)NC(=O)N(c2ccccc2)C1=O,1,C=C1C(=O)NC(=O)N(c2ccccc2)C1=O,0.0000000,0.0000,0.6504423,0.6504,0.9801011,2.4613,31
30.3234,30.9363,-30.9227,0.0001065,COCc1cc(-c2cccc(O)c2C)ccc1O,1,c1ccc(-c2ccccc2)cc1,0.0000000,0.0000,0.3260645,0.3261,0.9882512,2.1127,31
31.0359,30.5187,-30.5037,0.0001176,O=c1n(-c2ccc(N3CCOCC3)cc2)c2ncccc2n1C1CCCNC1,1,O=c1n(-c2ccc(N3CCOCC3)cc2)c2ncccc2n1C1CCCNC1,0.0000000,0.0000,0.4471924,0.4472,0.9583627,2.9569,31
51.9869,51.6554,-51.6432,0.0000954,CC12CCC3C(CC4CC(OCCO)C=CC43C)C1C(=CCOS(C)(=O)=O)CC(=O)C2=O,1,C=C1CC(=O)C(=O)C2CCC3C4C=CCCC4CC3C12,0.0000000,0.0000,0.3853859,0.3854,0.4137086,5.2271,31
18.9769,18.9146,-18.8982,0.0001277,C=C(C)CSc1ncccn1,1,c1cncnc1,0.0000000,0.0000,0.5652502,0.5653,0.9816045,2.4092,31
43.7506,46.1210,-46.1053,0.0001227,CCCN1C(=O)N=C(C)C(=O)N(C)C12CC(=O)N(CCOc1ccc(OC)cc1)C2=O,1,O=C1C=NC(=O)NC2(CC(=O)N(CCOc3ccccc3)C2=O)N1,0.0000000,0.0000,0.5500642,0.5501,0.8337911,3.9494,31
18.4516,23.6146,-23.5964,0.0001419,CC(=O)N1CCC(CN2CCNC2=O)CC1,1,O=C1NCCN1CC1CCNCC1,0.0000000,0.0000,0.7738221,0.7738,0.9823028,2.3835,31
20.3777,23.5362,-23.5199,0.0001273,C=CCCN1CCc2cc(O)c(O)cc2C1,1,c1ccc2c(c1)CCNC2,0.0000000,0.0000,0.5605133,0.5605,0.9794666,2.4822,31
11.3099,38.5035,-38.5035,0.0000000,O=C1NC(=O)C(=C(O)C=CC=CN2CCCC2)C(=O)N1,1,O=C1NC(=O)C(=CC=CC=CN2CCCC2)C(=O)N1,1.0000000,1.0000,0.7427731,0.7428,0.9406392,3.2001,31
30.1512,32.2178,-32.2043,0.0001049,CCOC(=O)N1CCN(C(=O)C(C)n2c(=O)[nH]c3sc(C)c(-c4ccccc4)c3c2=O)CC1,1,O=C(Cn1c(=O)[nH]c2scc(-c3ccccc3)c2c1=O)N1CCNCC1,0.0000000,0.0000,0.3188292,0.3188,0.9481125,3.1073,31
19.5777,21.4901,-21.4734,0.0001308,CN=c1[nH]c(C)cc(=NN=Cc2ccc3c(c2)OCO3)[nH]1,1,N=c1[nH]ccc(=NN=Cc2ccc3c(c2)OCO3)[nH]1,0.0000000,0.0000,0.6334874,0.6335,0.9087574,3.5026,31
27.0987,25.2212,-25.2083,0.0001004,N=c1cc(-c2ccc(Cl)cc2)[nH]c2ccncc12,1,N=c1cc(-c2ccccc2)[nH]c2ccncc12,0.0000000,0.0000,0.2745937,0.2746,0.9801759,2.4588,31
16.6185,55.7335,57.7145,0.8863123,CC1=C(CCN)C(=O)NC(=O)C1=C(O)C=CC=CN(C)C=O,1,C=C1C=CC(=O)NC1=O,1.0000000,1.0000,0.7495650,0.7496,0.8788489,3.7091,31
47.0006,43.9416,-43.9264,0.0001184,COC(=O)C1(O)CCC2(C)C(C(=O)O)CC2(Cl)C1CC#N,1,C1CCC2CCC2C1,0.0000000,0.0000,0.6199621,0.6200,0.5599594,4.8430,31
22.9327,22.2303,-22.2150,0.0001198,COc1ccc(C=CCSc2nc(=N)cc(N)[nH]2)cc1,1,N=c1cc[nH]c(SCC=Cc2ccccc2)n1,0.0000000,0.0000,0.4709823,0.4710,0.9621755,2.8918,31
29.8846,31.7711,-31.7532,0.0001400,CC(C)c1cn(C2CN(CO)C(=O)O2)c(=O)[nH]c1=O,1,O=C1NCC(n2ccc(=O)[nH]c2=O)O1,0.0000000,0.0000,0.7818532,0.7819,0.9010484,3.5610,31
30.4308,29.2840,-29.2681,0.0001244,COc1ccc2oc(C(=O)NC3CCCCC3O)nc2c1,1,O=C(NC1CCCCC1)c1nc2ccccc2o1,0.0000000,0.0000,0.5295697,0.5296,0.9556429,3.0000,31
30.0351,28.3378,-28.3206,0.0001342,O=C(NCN1CCCCC1)c1ccccc1-n1cnnn1,1,O=C(NCN1CCCCC1)c1ccccc1-n1cnnn1,0.0000000,0.0000,0.6537140,0.6537,0.9843412,2.3024,31
10.5988,22.2185,-22.2007,0.0001390,CN1C=CC=CC1=C1C(=O)N(C)C(=O)N(C)C1=O,1,O=C1NC(=O)C(=C2C=CC=CN2)C(=O)N1,0.0000000,0.0000,0.7434983,0.7435,0.9447022,3.1511,31
25.7138,25.9142,-25.9102,0.0000309,COc1cc2c(Oc3ccc(NC(=O)c4nn(-c5ccc(C)cc5)c(=O)c5ccccc45)cc3F)ccnc2cc1OCCCN1CCCC1,1,O=C(Nc1ccc(Oc2ccnc3cc(OCCCN4CCCC4)ccc23)cc1)c1nn(-c2ccccc2)c(=O)c2ccccc12,0.0000000,0.0000,0.0080857,0.0081,0.9662631,2.8145,31
47.2395,81.8962,-60.5680,0.1666272,C=C1CCC(=CC=C2C(=O)C(=C(O)C=CC=CN(CCO)CCO)C(C)=C2C)C=C1C=CC1CC(C)(CC2=C(C)C(=O)CCC2=O)C1(C)C,1,C=C1C=CC(=CC=C2C=C(C=CC3CC(CC4=CC(=O)CCC4=O)C3)C(=C)CC2)C1=O,1.0000000,1.0000,0.0086155,0.0086,0.3368381,5.4413,31
9.4729,33.5739,-33.5739,0.0000000,CN(C)C=CC=CC(O)=C1C(=O)c2ccccc2C1=O,1,C=C1C(=O)c2ccccc2C1=O,1.0000000,1.0000,0.4573009,0.4573,0.9671258,2.7971,31
24.9349,24.7148,-24.7068,0.0000621,Cc1ccc2nc3sc(C(=O)NCCC4=CCCCC4)cc3cc2c1,1,O=C(NCCC1=CCCCC1)c1cc2cc3ccccc3nc2s1,0.0000000,0.0000,0.0651542,0.0652,0.9784669,2.5138,31
20.7145,19.2391,-19.2272,0.0000934,Nc1cc(Cl)ccc1C(=O)c1ccc(Cl)cc1,1,O=C(c1ccccc1)c1ccccc1,0.0000000,0.0000,0.2191199,0.2191,0.9938332,1.6891,31
27.0217,27.5437,-27.5293,0.0001125,COc1cc(-n2cc(C)nc2C)cc2sc(=NC(C)=O)[nH]c12,1,N=c1[nH]c2ccc(-n3ccnc3)cc2s1,0.0000000,0.0000,0.3985675,0.3986,0.9297479,3.3174,31
10.5760,33.5872,-33.5872,0.0000000,O=C1C(=C(O)C=CC=CN2CCOCC2)C(=O)c2ccccc21,1,O=C1C(=CC=CC=CN2CCOCC2)C(=O)c2ccccc21,1.0000000,1.0000,0.4693245,0.4693,0.9613589,2.9062,31
24.4463,24.6612,-24.6457,0.0001213,CCCCn1c(=O)[nH]c2cnc3sccc3c2c1=O,1,O=c1[nH]c(=O)c2c(cnc3sccc32)[nH]1,0.0000000,0.0000,0.4862437,0.4862,0.9745681,2.6248,31
28.3517,32.2146,-32.2088,0.0000449,C=C(C=CC=C(C)C)C=Cc1c(CCCC)c(O)c2ccccc2c1O,1,c1ccc2ccccc2c1,0.0000000,0.0000,0.0250673,0.0251,0.9496394,3.0868,31
12.0297,40.6916,72.2007,0.8819714,CN=C1C(=O)C(=C(O)C=CC=CN(C)C)C(=O)N1C,1,C=C1C(=O)NC(=N)C1=O,1.0000000,1.0000,0.7376808,0.7377,0.8807780,3.6972,31
24.9067,22.6260,-22.6176,0.0000658,COCCOc1ccccc1C1c2c(C(C)(C)C)n[nH]c2C(=O)N1c1ccc(-c2noc(C)n2)cc1,1,O=C1c2[nH]ncc2C(c2ccccc2)N1c1ccc(-c2ncon2)cc1,0.0000000,0.0000,0.0792791,0.0793,0.9348674,3.2646,31
23.1447,28.2121,-28.1990,0.0001027,O=C1NC(=O)C(=Cc2csc(-c3ccc4cc(O)ccc4c3)c2)C(=O)N1,1,O=C1NC(=O)C(=Cc2csc(-c3ccc4ccccc4c3)c2)C(=O)N1,0.0000000,0.0000,0.2958375,0.2958,0.9713025,2.7057,31
30.2302,31.7836,-31.7706,0.0001021,C=C1C=C(C=CCOCCCC)C=C(C)O1,1,C=C1C=CC=CO1,0.0000000,0.0000,0.3001763,0.3002,0.9173037,3.4325,31
42.9619,43.9677,-43.9590,0.0000679,CCOC(=O)C=CC1CC(=O)C2(C)C1CCC1C3Cc4noc(C)c4C3(C)CCC12,1,O=C1CCC2CCC3C4Cc5nocc5C4CCC3C12,0.0000000,0.0000,0.1148782,0.1149,0.5768368,4.7982,31
31.2497,29.8822,-29.8671,0.0001179,COc1cc(OC)cc(C(=O)NNC(=O)Nc2ccc(CN(C)C)cc2)c1,1,O=C(NNC(=O)c1ccccc1)Nc1ccccc1,0.0000000,0.0000,0.4422914,0.4423,0.9895413,2.0361,31
30.4010,31.3977,-31.3834,0.0001110,O=C(NCC(=O)N1CCCC1)C1CCN(C(=O)c2ccc(Cl)c(Cl)c2)CC1,1,O=C(NCC(=O)N1CCCC1)C1CCN(C(=O)c2ccccc2)CC1,0.0000000,0.0000,0.3688878,0.3689,0.9899523,2.0097,31
24.4201,24.8963,-24.8828,0.0001051,Cc1ccc(CN2C(=O)CCC2C(=O)NC2CCCCC2C)cc1,1,O=C(NC1CCCCC1)C1CCC(=O)N1Cc1ccccc1,0.0000000,0.0000,0.3203624,0.3204,0.9526184,3.0450,31
24.8050,30.6842,-30.6672,0.0001325,COCCn1c(=C2C=Nc3ccccc32)sc(=C(O)O)c1=O,1,C=c1sc(=C2C=Nc3ccccc32)[nH]c1=O,0.0000000,0.0000,0.6420908,0.6421,0.9508153,3.0706,31
17.7425,22.6818,-22.6649,0.0001324,CC=CC=NN=CC,1,,0.0000000,0.0000,0.7093041,0.7093,0.7953445,4.1157,31
6.9799,39.9462,-39.9462,0.0000000,CC1=NN(c2ccccc2)C(=O)C1=C(O)C=CC=CN(C)C,1,C=C1C=NN(c2ccccc2)C1=O,1.0000000,1.0000,0.3907809,0.3908,0.9639711,2.8589,31
26.4269,29.0559,-29.0427,0.0001031,COCCN1C(=O)C(=CC=Cc2cccc[n+]2[O-])SC1=Nc1ccccc1,1,O=C1NC(=Nc2ccccc2)SC1=CC=Cc1cccc[nH+]1,0.0000000,0.0000,0.3012053,0.3012,0.9578825,2.9647,31
44.4927,51.1361,-51.1315,0.0000357,CC1=C(C=CC(O)=CC=C2C(C)CC=C3C(=O)C=CC4(SCCS4)C32)C(C)(C)CCC1=O,1,O=C1C=C(C=CC=CC=C2CCC=C3C(=O)C=CC4(SCCS4)C23)CCC1,0.0000000,0.0000,0.0229362,0.0229,0.3330564,5.4524,31
26.4061,28.1548,-28.1369,0.0001397,C=CCn1cnc2ncn(C3OC(COS(N)(=O)=O)C(O)C3O)c2c1=O,1,O=c1[nH]cnc2ncn(C3CCCO3)c12,0.0000000,0.0000,0.8465832,0.8466,0.7752945,4.1932,31
8.8076,40.1099,-40.1099,0.0000000,CCCCN(C)C=CC=CC(O)=C1C(=O)CCC(C)=C1C,1,C=C1C=CCCC1=O,1.0000000,1.0000,0.1878859,0.1879,0.9200391,3.4086,31
32.0671,32.5021,-32.4921,0.0000786,Cc1onc2c1c(=O)n(-c1ccccc1C(=O)O)c1cc(-c3ccncc3)ccc21,1,O=c1c2conc2c2ccc(-c3ccncc3)cc2n1-c1ccccc1,0.0000000,0.0000,0.1320981,0.1321,0.9781566,2.5234,31
22.7592,23.6058,-23.5886,0.0001344,N=C(N)N=c1[nH]c2c(C(=O)O)cccc2s1,1,N=c1[nH]c2ccccc2s1,0.0000000,0.0000,0.6747741,0.6748,0.9397631,3.2103,31
22.1735,26.9131,-26.8997,0.0001051,CC1=CCC2C(C)(C)C1=CC(O)C(O)C2(C)C,1,C1=CC2=CCCCC(C1)C2,0.0000000,0.0000,0.4535999,0.4536,0.5182676,4.9524,31
26.9735,28.4665,-28.4506,0.0001242,COC(=O)CCC1CC(=O)c2nc(Cl)ccc2O1,1,O=C1CCOc2cccnc21,0.0000000,0.0000,0.5305556,0.5306,0.9475954,3.1141,31
18.3665,33.6967,-33.6779,0.0001467,C=CC(CN)=C1C(=O)NC(=O)C1=O,1,C=C1C(=O)NC(=O)C1=O,0.0000000,0.0000,0.8891065,0.8891,0.9183311,3.4236,31
23.8698,23.2060,-23.1949,0.0000868,CCCCNC(=O)Nc1ccc(-c2c(C)sc3[nH]cnc(=N)c23)cc1,1,N=c1nc[nH]c2scc(-c3ccccc3)c12,0.0000000,0.0000,0.1787567,0.1788,0.9668008,2.8037,31
26.8655,27.7917,-27.7749,0.0001311,CCC1=CC(=COC(N)=O)CCC1=O,1,C=C1C=CC(=O)CC1,0.0000000,0.0000,0.6521557,0.6522,0.8744469,3.7356,31
31.8457,30.3535,-30.3375,0.0001250,CCCCCOC(=O)N1CCN(C(=O)C(CCC(=O)O)NC(=O)c2noc(OC)c2C)CC1,1,O=C(NCC(=O)N1CCNCC1)c1ccon1,0.0000000,0.0000,0.5420642,0.5421,0.9412385,3.1931,31
20.1074,22.5006,-22.4846,0.0001249,O=C1N(O)c2ccccc2C1(O)Cc1ccccc1,1,O=C1Nc2ccccc2C1Cc1ccccc1,0.0000000,0.0000,0.5320188,0.5320,0.9679997,2.7789,31
36.9534,40.7875,-40.7730,0.0001132,O=C(C=CC1(O)C(=O)OCc2c1cc1n(c2=O)Cc2cc3ccccc3nc2-1)OCCCN1CCOC1=O,1,O=C(C=CC1C(=O)OCc2c1cc1n(c2=O)Cc2cc3ccccc3nc2-1)OCCCN1CCOC1=O,0.0000000,0.0000,0.4234488,0.4234,0.8633491,3.7991,31
23.7159,24.1337,-24.1191,0.0001144,COc1ccc(CC(=O)NCC(C)C)cc1Br,1,c1ccccc1,0.0000000,0.0000,0.4033463,0.4033,0.9926745,1.8021,31
22.8983,22.2639,-22.2511,0.0001000,COc1ccc(-c2nc(C(=O)N=c3[nH]c(C)cs3)cs2)cc1,1,O=C(N=c1[nH]ccs1)c1csc(-c2ccccc2)n1,0.0000000,0.0000,0.2740253,0.2740,0.9629740,2.8773,31
20.8878,21.1014,-21.0840,0.0001359,COc1ccc(C=NNC(=O)CSc2nnnn2C)c(OC)c1,1,O=C(CSc1nnn[nH]1)NN=Cc1ccccc1,0.0000000,0.0000,0.6794030,0.6794,0.9847525,2.2848,31
19.8722,21.7084,-21.6929,0.0001215,CCOC(=O)CN1C(=O)C(=Cc2ccccc2O)SC1=S,1,O=C1NC(=S)SC1=Cc1ccccc1,0.0000000,0.0000,0.4848975,0.4849,0.9859276,2.2318,32
8.4338,42.4037,-42.4037,0.0000000,CC1(C)OC(=O)C(=C(O)C=CC=CN2CCCC2)C(=O)O1,1,O=C1OCOC(=O)C1=CC=CC=CN1CCCC1,1.0000000,1.0000,0.5733810,0.5734,0.9267572,3.3467,32
21.0822,20.4255,-20.4097,0.0001232,CC(C)c1ccc(-n2c(O)c3n(c2=O)CCC3O)cc1,1,O=c1n(-c2ccccc2)cc2n1CCC2,0.0000000,0.0000,0.5181972,0.5182,0.9428822,3.1735,32
29.3480,28.0713,-28.0590,0.0000964,O=C(NCC1CCC1)c1nn(Cc2ccccc2)c2ccccc12,1,O=C(NCC1CCC1)c1nn(Cc2ccccc2)c2ccccc12,0.0000000,0.0000,0.2417475,0.2417,0.9910430,1.9341,32
29.3498,28.8787,-28.8613,0.0001362,O=C(CCNC(=O)c1ccc2ccccc2c1)NC(CO)C(=O)O,1,c1ccc2ccccc2c1,0.0000000,0.0000,0.6843810,0.6844,0.9847338,2.2856,32
14.3902,15.2625,-15.2453,0.0001346,O=C1CCCCCC1,1,O=C1CCCCCC1,0.0000000,0.0000,0.6578128,0.6578,0.9910117,1.9364,32
29.1052,29.9104,-29.8980,0.0000967,Cc1ccc(S(=O)(=O)Oc2cccc3c2CCCCN3C)cc1,1,O=S(=O)(Oc1cccc2c1CCCCN2)c1ccccc1,0.0000000,0.0000,0.2445181,0.2445,0.9871607,2.1712,32
11.9751,15.8682,-15.8519,0.0001271,CC1(C)N=C(N)N=C(N)N1OCCCOc1ccc(Cl)cc1,1,C1=NC=NCN1OCCCOc1ccccc1,0.0000000,0.0000,0.5603257,0.5603,0.9710758,2.7110,32
34.3046,32.8396,-32.8294,0.0000797,COC(=O)CCCCCn1c(-c2cccnc2)c(C)c2cc(O)ccc21,1,c1cncc(-c2cc3ccccc3[nH]2)c1,0.0000000,0.0000,0.1372804,0.1373,0.9832798,2.3458,32
22.7517,49.7928,-49.7760,0.0001314,C=CC1=CC(=C(O)C=CC=CN(CCO)CCO)N(C)C1,1,C=C1C=CCN1,0.0000000,0.0000,0.6890294,0.6890,0.8044492,4.0786,32
23.1417,49.6169,49.4513,0.7739708,C=CC1CNC(=O)C1=C(O)C=CC=CN(CCOC)C(C)C,1,C=C1CCNC1=O,1.0000000,1.0000,0.5486634,0.5487,0.7447637,4.3024,32
19.0608,18.1029,-18.0885,0.0001118,S=C(NCCc1ccccc1)NC1CCCCC1,1,S=C(NCCc1ccccc1)NC1CCCCC1,0.0000000,0.0000,0.3765394,0.3765,0.9930084,1.7714,32
20.5333,22.9600,-22.9445,0.0001210,CC(=O)N1CCC2(CCN(Cc3ccccc3O)CC2)C1,1,c1ccc(CN2CCC3(CCNC3)CC2)cc1,0.0000000,0.0000,0.4837199,0.4837,0.9697189,2.7418,32
32.7694,40.9940,-40.9809,0.0001020,CCN(CC=CC(=CBr)OC(C)(C)C)CCOC,1,,0.0000000,0.0000,0.2953953,0.2954,0.9378227,3.2323,32
37.5684,39.2323,-39.2285,0.0000300,C=CC(=C)CC(C)C1C(O)CC2(C)C3CCC4CC3(CC4=C)C(C)CC12C,1,C=C1CC23CCC4CCCC4C2CCC1C3,0.0000000,0.0000,0.0276466,0.0276,0.0967110,6.4555,32
20.1291,24.7867,-24.7746,0.0000949,CC1=Nc2ccccc2C(c2ccccc2)N1C,1,C1=Nc2ccccc2C(c2ccccc2)N1,0.0000000,0.0000,0.2331569,0.2332,0.9688857,2.7600,32
28.8669,29.3083,-29.2993,0.0000703,COc1ccc(-c2cccc(COc3ccc4c(c3)CCC(=O)N4)c2)c(OC)c1,1,O=C1CCc2cc(OCc3cccc(-c4ccccc4)c3)ccc2N1,0.0000000,0.0000,0.0938245,0.0938,0.9879466,2.1296,32
21.6156,21.7414,-21.7264,0.0001168,O=C(c1cc([N+](=O)[O-])ccc1N1CCOCC1)N1CCCCCC1,1,O=C(c1ccccc1N1CCOCC1)N1CCCCCC1,0.0000000,0.0000,0.4298592,0.4299,0.9891665,2.0593,32
18.1601,18.9535,-18.9360,0.0001361,Cc1ccc(C(=O)O)cc1N,1,c1ccccc1,0.0000000,0.0000,0.6784471,0.6784,0.9941693,1.6524,32
36.6622,34.2230,-34.2051,0.0001404,Cc1nsc(C)c1NNC(=O)CNCCC(=O)O,1,c1cnsc1,0.0000000,0.0000,0.7572061,0.7572,0.9659303,2.8211,32
30.3201,30.0445,-30.0342,0.0000802,Oc1ccc2c(c1)C13CCNC(C2)C1(O)Cc1c([nH]c2ccc4ccccc4c12)C3,1,c1ccc2c(c1)CC1NCCC23Cc2[nH]c4ccc5ccccc5c4c2CC13,0.0000000,0.0000,0.1805342,0.1805,0.6271340,4.6613,32
20.9621,21.8567,-21.8390,0.0001385,O=C(NC(C(=O)O)C(=O)O)C(CS)Cc1ccccc1,1,c1ccccc1,0.0000000,0.0000,0.7255279,0.7255,0.9676469,2.7863,32
10.1365,42.4457,-42.4457,0.0000000,CN1CCN(C=CC=CC(O)=C2C(=O)NC(=O)NC2=O)CC1,1,O=C1NC(=O)C(=CC=CC=CN2CCNCC2)C(=O)N1,1.0000000,1.0000,0.7876139,0.7876,0.9419320,3.1849,32
18.8323,26.4874,-26.4709,0.0001289,CC1(C)OC(=O)C(C(=O)C=Cc2ccco2)C(=O)C1(C)O,1,O=C(C=Cc1ccco1)C1C(=O)CCOC1=O,0.0000000,0.0000,0.6353506,0.6354,0.8400496,3.9195,32
25.6935,26.8760,-26.8635,0.0000977,COc1cc2c(c(OC)c1)C1=Nc3cc(OC)c(OC)cc3C1C2,1,c1ccc2c(c1)CC1C2=Nc2ccccc21,0.0000000,0.0000,0.2585757,0.2586,0.9460096,3.1346,32
17.9774,20.6975,-20.6811,0.0001278,CC(C(=O)O)=C1CCCCC1,1,C=C1CCCCC1,0.0000000,0.0000,0.5672176,0.5672,0.9760786,2.5840,32
8.5045,37.0667,-37.0667,0.0000000,CCCCN(C)C=CC=CC(O)=C1C(=O)CC(=O)C=C1C,1,C=C1C=CC(=O)CC1=O,1.0000000,1.0000,0.3841034,0.3841,0.9100009,3.4928,32
16.5844,18.4423,-18.4251,0.0001346,C[N+]1(C)CC=C(C=NO)CC1,1,C1=CC[NH2+]CC1,0.0000000,0.0000,0.7610405,0.7610,0.7677648,4.2210,32
20.9837,26.6962,-26.6807,0.0001207,Cc1ccc(S(=O)(=O)n2ccc3c(=O)c(=Nc4ccccc4)c(=O)c(=O)c32)cc1,1,O=c1c(=Nc2ccccc2)c(=O)c2ccn(S(=O)(=O)c3ccccc3)c2c1=O,0.0000000,0.0000,0.4799885,0.4800,0.9718300,2.6933,32
30.8679,31.7259,-31.7110,0.0001163,COCc1cccc(N(C)C(=O)CC(F)(F)F)c1,1,c1ccccc1,0.0000000,0.0000,0.4258878,0.4259,0.9848793,2.2793,32
17.0510,21.0250,-21.0096,0.0001206,COc1cccc2c(O)c3c(c(O)c12)C(=O)C=CC3=O,1,O=C1C=CC(=O)c2cc3ccccc3cc21,0.0000000,0.0000,0.4762473,0.4762,0.9786395,2.5085,32
21.4237,22.4660,-22.4505,0.0001213,CC(=O)NCC1CCN(c2ccc(N3CCCCC3=O)cc2)C(=O)O1,1,O=C1CCCCN1c1ccc(N2CCCOC2=O)cc1,0.0000000,0.0000,0.4882209,0.4882,0.9675173,2.7890,32
34.0898,32.4648,-32.4492,0.0001223,CCCC=c1ncc(=CCC(=O)NCCc2ccc(OCC)cc2OC)n1C,1,C=c1ncc(=CCC(=O)NCCc2ccccc2)[nH]1,0.0000000,0.0000,0.5085679,0.5086,0.9385800,3.2238,32
9.5886,41.0694,39.8756,0.6323830,CCN(C=CC=CC(O)=C1C(=O)N(c2ccccc2)N=C1C)CC,1,C=C1C=NN(c2ccccc2)C1=O,1.0000000,1.0000,0.2594618,0.2595,0.9561305,2.9925,32
17.1450,49.9943,53.4631,0.8082608,CN1C(=O)C(=C(O)C=CC=CN(CCO)CCO)c2[nH]c3ccccc3c2C1=O,1,C=C1C(=O)NC(=O)c2c1[nH]c1ccccc21,1.0000000,1.0000,0.5515332,0.5515,0.9266058,3.3482,32
28.5262,27.9108,-27.8954,0.0001201,N=c1nc(Oc2ccccc2)c2ncn(C3CSC(CO)O3)c2[nH]1,1,N=c1nc(Oc2ccccc2)c2ncn(C3CSCO3)c2[nH]1,0.0000000,0.0000,0.5139500,0.5140,0.8387880,3.9256,32
32.0956,67.0149,22.2573,0.6974385,C#CC1(OC)SC(=O)C(=C(O)C=CC=CNc2ccccc2)C1=O,1,O=C1CSC(=O)C1=CC=CC=CNc1ccccc1,1.0000000,1.0000,0.3818695,0.3819,0.8129334,4.0429,32
13.6735,19.5316,-19.5145,0.0001334,COc1cc(C=C2C(=O)N(C)C(=O)N(C)C2=O)cc(OC)c1O,1,O=C1NC(=O)C(=Cc2ccccc2)C(=O)N1,0.0000000,0.0000,0.6431704,0.6432,0.9824771,2.3769,32
19.9128,22.2368,-22.2195,0.0001351,CNC1=C(N2CCOCC2)C(=O)c2ccccc2C1=O,1,O=C1C=C(N2CCOCC2)C(=O)c2ccccc21,0.0000000,0.0000,0.6685729,0.6686,0.9819328,2.3972,32
15.9664,16.4105,-16.3927,0.0001392,Oc1ccc(O)c(O)c1,1,c1ccccc1,0.0000000,0.0000,0.7272019,0.7272,0.9922019,1.8431,32
26.6894,29.7583,-29.7401,0.0001420,CN(C)C=NS(=O)(=O)c1cccc(C(=O)NCCO)c1,1,c1ccccc1,0.0000000,0.0000,0.7752933,0.7753,0.9820772,2.3919,32
32.7189,29.2735,-29.2664,0.0000562,CCCc1c(OCCCCOc2c(O)cc(C(=O)CC(C)C)c(O)c2C)ccc(C(C)=O)c1O,1,c1ccc(OCCCCOc2ccccc2)cc1,0.0000000,0.0000,0.0485542,0.0486,0.9666896,2.8059,32
7.6605,31.2823,74.7129,0.8280870,CN(C=CC=CC(O)=C1CCCCC1=O)CCO,1,C=C1CCCCC1=O,1.0000000,1.0000,0.5980463,0.5980,0.9132990,3.4661,32
31.0648,28.5622,-28.5557,0.0000506,CCCCCCOc1ccc(C(=O)C[n+]2cc(-c3ccc(OC)c(OC)c3)n3c2CCCCC3)cc1,1,O=C(C[n+]1cc(-c2ccccc2)n2c1CCCCC2)c1ccccc1,0.0000000,0.0000,0.0351887,0.0352,0.9752828,2.6058,32
14.1751,42.8391,-42.8249,0.0001111,CCOC(=O)C=CC=CC(O)=C1C(=O)N(c2ccccc2)N=C1C,1,C=C1C=NN(c2ccccc2)C1=O,0.0000000,0.0000,0.3743524,0.3744,0.9720477,2.6881,32
21.4275,22.5067,-22.4938,0.0001008,C=CCc1c(O)cc(O)c2c(=O)cc(-c3ccc(O)cc3)oc12,1,O=c1cc(-c2ccccc2)oc2ccccc12,0.0000000,0.0000,0.2785508,0.2786,0.9745391,2.6256,32
17.1055,37.3956,53.9869,0.7139261,C=C1CCC(=C(O)C=CC=CN(CC)CC)C1=O,1,C=C1CCC(=C)C1=O,1.0000000,1.0000,0.3935967,0.3936,0.8716446,3.7521,32
17.6288,19.0261,-19.0133,0.0000995,O=C(CC=Nc1ccccc1)c1ccccc1,1,O=C(CC=Nc1ccccc1)c1ccccc1,0.0000000,0.0000,0.2660616,0.2661,0.9895448,2.0358,32
29.5658,34.9212,-34.9128,0.0000658,COC1CCC(N2CC(C)C(CN(C)C(=O)NC(C)C)Oc3c(NS(=O)(=O)c4ccc(C)cc4)cccc3C2=O)CC1,1,O=C1c2cccc(NS(=O)(=O)c3ccccc3)c2OCCCN1C1CCCCC1,0.0000000,0.0000,0.0814308,0.0814,0.8962504,3.5953,32
30.6981,44.7836,-44.7738,0.0000765,CC(C=CC=CC=CC=CC=CC=CC(=O)O)=CC(O)CCC1OC(=O)OC1C,1,O=C1OCCO1,0.0000000,0.0000,0.1568826,0.1569,0.6283482,4.6579,32
30.1428,35.3437,-35.3312,0.0000976,CC1(C)C(C2C(=O)OC(=O)C(Sc3ccccc3)C2=O)C1(Cl)Cl,1,O=C1OC(=O)C(C2CC2)C(=O)C1Sc1ccccc1,0.0000000,0.0000,0.2822849,0.2823,0.8051599,4.0757,32
10.2359,42.6673,73.4721,0.9073389,CN(C=CC=CC(O)=C1C(=O)NC(=S)N(C)C1=O)CCO,1,C=C1C(=O)NC(=S)NC1=O,1.0000000,1.0000,0.7849097,0.7849,0.9169708,3.4353,32
23.6257,25.8887,-25.8718,0.0001325,C=CC(=O)N1CCN(S(=O)(=O)c2ccc(F)cc2F)CC1,1,O=S(=O)(c1ccccc1)N1CCNCC1,0.0000000,0.0000,0.6294705,0.6295,0.9864532,2.2066,32
23.2908,30.0723,-30.0576,0.0001145,COC(=C1C(=O)NC(=O)N(c2ccc(Cl)cc2)C1=O)c1ccccn1,1,O=C1NC(=O)N(c2ccccc2)C(=O)C1=Cc1ccccn1,0.0000000,0.0000,0.4074715,0.4075,0.9784011,2.5159,32
23.3784,38.5080,-38.4931,0.0001163,Cc1cc(C(O)=C2C(=O)N(C)C(=O)N(c3ccccc3)C2=O)ccn1,1,O=C1NC(=O)N(c2ccccc2)C(=O)C1=Cc1ccncc1,0.0000000,0.0000,0.4269717,0.4270,0.9810695,2.4282,32
6.6824,33.8753,56.1340,0.7031970,CN(C)C=CC=CC(O)=C1C(=O)CCCC1(C)C,1,C=C1CCCCC1=O,1.0000000,1.0000,0.3664055,0.3664,0.9124747,3.4729,32
9.0076,37.4877,-37.4877,0.0000000,CN(C=CC=CC(O)=C1C(=O)c2ccccc2C1=O)CCO,1,C=C1C(=O)c2ccccc2C1=O,1.0000000,1.0000,0.5512517,0.5513,0.9548577,3.0120,32
37.7739,36.5542,-36.5449,0.0000724,C#Cc1cccc(N=c2cc(C)[nH]n2-c2nc(-c3ccc(F)cc3)cs2)c1,1,c1ccc(N=c2cc[nH]n2-c2nc(-c3ccccc3)cs2)cc1,0.0000000,0.0000,0.1045265,0.1045,0.9554251,3.0033,32
16.4395,21.6146,-21.5973,0.0001346,O=c1c(=NS(=O)(=O)c2ccccc2)c(=O)c2ccccc2c1=O,1,O=c1c(=NS(=O)(=O)c2ccccc2)c(=O)c2ccccc2c1=O,0.0000000,0.0000,0.6615944,0.6616,0.9817432,2.4041,32
18.9128,25.0605,-25.0440,0.0001284,CCN1C(=O)C(=Cc2ccc(N3CCN(C)CC3)cc2)C(=O)N(C)C1=O,1,O=C1NC(=O)C(=Cc2ccc(N3CCNCC3)cc2)C(=O)N1,0.0000000,0.0000,0.5739645,0.5740,0.9832358,2.3476,32
8.3068,42.6564,65.2280,0.8428474,O=C1NC(=O)C(=C(O)C=CC=CNc2ccccc2)C(=O)N1,1,O=C1NC(=O)C(=CC=CC=CNc2ccccc2)C(=O)N1,1.0000000,1.0000,0.6108733,0.6109,0.9655339,2.8289,32
21.9948,22.2924,-22.2763,0.0001265,CCC(CC)N=c1ccc([N+](=O)[O-])c[nH]1,1,N=c1cccc[nH]1,0.0000000,0.0000,0.5755833,0.5756,0.9029856,3.5467,32
25.8148,29.2010,-29.1834,0.0001372,O=C1CC2C(C(=O)NCc3ccccc3)OC(=O)N2C(=O)N1,1,O=C1CC2C(C(=O)NCc3ccccc3)OC(=O)N2C(=O)N1,0.0000000,0.0000,0.7195170,0.7195,0.9372810,3.2383,32
28.8539,32.2896,-32.2722,0.0001362,CCN(C)C(=O)NC(C)(C)C=C[N+](=O)[O-],1,,0.0000000,0.0000,0.7069792,0.7070,0.9298334,3.3166,32
26.0868,32.1144,-32.1005,0.0001087,CCC12C(=O)N(CC(=O)OC)C(=O)C(Cc3ccccc3)N1C(=O)Cc1c2[nH]c2ccccc12,1,O=C1NC(=O)C2c3[nH]c4ccccc4c3CC(=O)N2C1Cc1ccccc1,0.0000000,0.0000,0.3687854,0.3688,0.8872246,3.6563,32
26.2339,24.5239,-24.5133,0.0000825,CCN1CC(C)(C)Oc2nc(N3CC4CCC(C3)O4)nc(-c3ccc(NC(=O)N=c4cncc[nH]4)cc3)c2C1=O,1,O=C(N=c1cncc[nH]1)Nc1ccc(-c2nc(N3CC4CCC(C3)O4)nc3c2C(=O)NCCO3)cc1,0.0000000,0.0000,0.2317610,0.2318,0.4718133,5.0735,32
20.2173,21.3280,-21.3161,0.0000931,N=C(N)c1sc(-c2ccccc2)nc1-c1ccccc1,1,c1ccc(-c2csc(-c3ccccc3)n2)cc1,0.0000000,0.0000,0.2179752,0.2180,0.9901273,1.9981,32
19.9940,21.5794,-21.5619,0.0001363,O=C(O)C1CN(Cc2ccccc2)CC1C(=O)O,1,c1ccc(CN2CCCC2)cc1,0.0000000,0.0000,0.6897708,0.6898,0.9731479,2.6612,32
28.3348,33.9049,-33.8878,0.0001342,C=C1CCS(=O)(=O)CC1(O)C=CC(O)CC(O)CC(=O)O,1,C=C1CCS(=O)(=O)CC1,0.0000000,0.0000,0.8139111,0.8139,0.6729211,4.5300,32
48.5288,47.8746,-47.8646,0.0000781,Cc1nn(Cc2cccc(F)c2)c(Cl)c1C(=O)CCC(=O)N=CC(=O)N1CCc2ccccc2C1,1,O=C(CCC(=O)c1cnn(Cc2ccccc2)c1)N=CC(=O)N1CCc2ccccc2C1,0.0000000,0.0000,0.1308921,0.1309,0.9599487,2.9306,32
42.9565,42.0730,-42.0684,0.0000361,O=C1COc2ccc(CNC34CCC(CC5(O)Cn6c(=O)ccc7cc(C(F)(F)F)ccc8cc-8c5c76)(CC3)CC4)c(F)c2N1,1,O=C1COc2ccc(CNC34CCC(CC5Cn6c(=O)ccc7ccccc8cc-8c5c76)(CC3)CC4)cc2N1,0.0000000,0.0000,0.0228166,0.0228,0.3562061,5.3856,32
9.4010,34.8938,-34.8938,0.0000000,O=C1C(=C(O)C=CC=CN(CCO)CCO)C(=O)c2ccccc21,1,C=C1C(=O)c2ccccc2C1=O,1.0000000,1.0000,0.6271539,0.6272,0.9496695,3.0864,32
32.9280,50.2093,24.0995,0.5805381,COc1c2c(c(O)c3c(=O)c4ccccc4oc13)C(=O)C(=C(O)C=CC=CN(C)O)C2,1,C=C1Cc2cc3oc4ccccc4c(=O)c3cc2C1=O,1.0000000,1.0000,0.2075523,0.2076,0.9018579,3.5551,32
26.9832,29.3720,-29.3546,0.0001363,COC1C(Oc2ccc(C(=O)O)cc2)OC(C)C(O)C1OC1OC(CO)C(O)C1O,1,c1ccc(OC2CC(OC3CCCO3)CCO2)cc1,0.0000000,0.0000,0.7739149,0.7739,0.7971234,4.1086,32
16.5444,19.9297,-19.9116,0.0001415,O=C1C(O)COC(O)C1O,1,O=C1CCOCC1,0.0000000,0.0000,0.9274238,0.9274,0.7060323,4.4292,32
34.9191,34.8109,-34.8004,0.0000823,CC1(C)CC2C(C)(CC(O)C3C(C)(C)CCCC32C)C(OC(=O)NCCCCN)C1O,1,C1CCC2C(C1)CCC1CCCCC12,0.0000000,0.0000,0.1957550,0.1958,0.6228644,4.6732,32
27.0991,29.5331,-29.5160,0.0001338,C=CCCOC(=O)c1ccc(O)c(OC2OC(C)C(O)C(O)C2O)c1,1,c1ccc(OC2CCCCO2)cc1,0.0000000,0.0000,0.6916724,0.6917,0.8807688,3.6973,32
22.1079,25.5481,-25.5300,0.0001420,O=C(CCN1C(=O)COc2ccccc21)NCCO,1,O=C1COc2ccccc2N1,0.0000000,0.0000,0.7732535,0.7733,0.9888718,2.0769,32
22.3306,25.5338,-25.5191,0.0001148,COC(=O)C1C2CC(CC1OC(=O)C=Cc1ccccc1)N(C)C2,1,O=C(C=Cc1ccccc1)OC1CC2CNC(C2)C1,0.0000000,0.0000,0.4883698,0.4884,0.7240287,4.3717,32
8.4470,37.5774,67.7200,0.8226359,CC1=CC(=O)CC(=O)C1=C(O)C=CC=CN(C)C,1,C=C1C=CC(=O)CC1=O,1.0000000,1.0000,0.5888270,0.5888,0.9064873,3.5203,32
36.0919,46.1731,-46.1660,0.0000555,CC(=CC=CC1(C)CC2(C=C(C)C(=O)C(=C(C)C)C2)C(=O)O1)CC=CC(C)(C)O,1,C=C1CC2(C=CC1=O)CCOC2=O,0.0000000,0.0000,0.0812940,0.0813,0.3662854,5.3571,32
20.3079,22.7070,-22.6919,0.0001178,CN1CCN(Cc2cccc(C(=O)N3CCCCCC3)c2)CC1,1,O=C(c1cccc(CN2CCNCC2)c1)N1CCCCCC1,0.0000000,0.0000,0.4401529,0.4402,0.9925367,1.8143,32
25.0097,27.7166,-27.6982,0.0001440,O=C1CC2(CCN(CCOCCO)CC2)CN1,1,O=C1CC2(CCNCC2)CN1,0.0000000,0.0000,0.8282952,0.8283,0.9430088,3.1719,32
48.5113,48.7597,-48.7493,0.0000814,COc1ccc2c(c1)C(=O)C(Oc1cccc(-c3ccc(C(=O)O)cc3)c1)C2C(=O)N=c1cco[nH]1,1,O=C1c2ccccc2C(C(=O)N=c2cco[nH]2)C1Oc1cccc(-c2ccccc2)c1,0.0000000,0.0000,0.1592622,0.1593,0.8437691,3.9013,32
19.5049,19.7880,-19.7775,0.0000824,c1ccc(CCN2CCC(C3CCCCC3)CC2)cc1,1,c1ccc(CCN2CCC(C3CCCCC3)CC2)cc1,0.0000000,0.0000,0.1506314,0.1506,0.9926186,1.8070,32
19.7105,55.0578,30.7855,0.6706511,COc1ccc(C2=NN(C=CC=CC(O)=C3C(=O)NC(=O)C3=O)C(c3ccc(O)c(OC)c3)C2)cc1,1,O=C1NC(=O)C(=CC=CC=CN2N=C(c3ccccc3)CC2c2ccccc2)C1=O,1.0000000,1.0000,0.3233686,0.3234,0.8853928,3.6681,32
34.4891,32.4795,-32.4732,0.0000489,CCOC(=O)CCN(O)CCOc1ccc(C(=C(CC)c2ccccc2)c2ccc(N(C)C)cc2)cc1,1,C(=C(c1ccccc1)c1ccccc1)c1ccccc1,0.0000000,0.0000,0.0318836,0.0319,0.9742143,2.6341,32
9.3700,46.9648,-46.9648,0.0000000,CC1=NN(c2ccccc2)C(=O)C1=C(O)C=CC=CN1CCOCC1,1,O=C1C(=CC=CC=CN2CCOCC2)C=NN1c1ccccc1,1.0000000,1.0000,0.4058445,0.4058,0.9577318,2.9672,32
26.6794,25.3381,-25.3255,0.0000986,NC(=Nc1cccc(C(F)(F)F)c1)Nc1ccc(C(=O)O)cc1,1,C(=Nc1ccccc1)Nc1ccccc1,0.0000000,0.0000,0.2586656,0.2587,0.9878095,2.1370,32
11.9301,49.1573,60.3619,0.8556189,CN(C=CC=CC(O)=C1C(=O)CC(=O)C(=O)C1(C)C)CCO,1,C=C1CC(=O)C(=O)CC1=O,1.0000000,1.0000,0.6817946,0.6818,0.8621406,3.8058,32
21.3829,20.0809,-20.0642,0.0001303,CN=c1[nH]c2c(=N)[nH]c(F)nc2n1C1OC(CO)C(O)C1O,1,N=c1[nH]cnc2c1[nH]c(=N)n2C1CCCO1,0.0000000,0.0000,0.8654163,0.8654,0.5170100,4.9557,32
31.9546,32.9913,-32.9756,0.0001227,C=CCc1cc(N2CCN(C)CC2)n2cc(C)cc2n1,1,c1cc2nccc(N3CCNCC3)n2c1,0.0000000,0.0000,0.5055000,0.5055,0.9656755,2.8262,32
28.8193,28.7529,-28.7365,0.0001283,N=c1[nH]cnc2c1ncn2C1OC(CNC(=O)c2cc(-c3ccccc3)on2)C(O)C(O)C1O,1,N=c1[nH]cnc2c1ncn2C1CCCC(CNC(=O)c2cc(-c3ccccc3)on2)O1,0.0000000,0.0000,0.6547472,0.6547,0.7753336,4.1931,32
7.9972,47.1340,-47.1340,0.0000000,CC1(C)OC(=O)C(=C(O)C=CC=CNc2ccccc2)C(=O)O1,1,O=C1OCOC(=O)C1=CC=CC=CNc1ccccc1,1.0000000,1.0000,0.3872023,0.3872,0.9570252,2.9784,32
25.3748,25.6139,-25.6008,0.0001026,O=C1Nc2cc(CCCO)ccc2Sc2ccccc21,1,O=C1Nc2ccccc2Sc2ccccc21,0.0000000,0.0000,0.2920790,0.2921,0.9852982,2.2607,32
19.3156,22.1542,-22.1419,0.0000954,CC1(C)OC(=O)c2cc(-c3ccccc3)ccc21,1,O=C1OCc2ccc(-c3ccccc3)cc21,0.0000000,0.0000,0.2341615,0.2342,0.9895446,2.0359,32
30.0778,30.0686,-30.0590,0.0000748,Cc1nc2sc3c(c2c(-c2ccccc2)c1CCO)C(=O)CC(C)C3,1,O=C1CCCc2sc3nccc(-c4ccccc4)c3c21,0.0000000,0.0000,0.1160021,0.1160,0.9456141,3.1397,32
25.0898,24.1941,-24.1805,0.0001057,COc1ccccc1C(=O)NC(=S)Nc1ccc([N+](=O)[O-])cc1C,1,O=C(NC(=S)Nc1ccccc1)c1ccccc1,0.0000000,0.0000,0.3188990,0.3189,0.9909837,1.9384,32
38.1220,41.6501,-41.6363,0.0001077,CCCC1COC(=O)C1C=CC1CCCC(NC(=O)CC=COCCOC)C1=O,1,O=C1CCCCC1C=CC1CCOC1=O,0.0000000,0.0000,0.4391566,0.4392,0.6239909,4.6700,32
21.9910,23.8434,-23.8286,0.0001161,Cc1cc(C(=O)N2CCCCC2Cn2cccn2)c(C)[nH]1,1,O=C(c1cc[nH]c1)N1CCCCC1Cn1cccn1,0.0000000,0.0000,0.4307625,0.4308,0.9553565,3.0044,32
7.9197,38.0071,-38.0071,0.0000000,CN(C=CC=CC(O)=C1C(=O)NC(=O)N(C)C1=O)CCO,1,C=C1C(=O)NC(=O)NC1=O,1.0000000,1.0000,0.8053864,0.8054,0.9273860,3.3406,32
19.3948,19.1450,-19.1303,0.0001150,O=C1N=C(N=c2[nH]ccs2)SC1=Cc1ccc(O)cc1,1,O=C1N=C(N=c2[nH]ccs2)SC1=Cc1ccccc1,0.0000000,0.0000,0.4267061,0.4267,0.9228661,3.3832,32
15.1898,48.1535,58.7962,0.8355445,O=C1NC(=O)C(=C(O)C=CC=CN2CCN(c3ccccc3)CC2)C(=O)N1,1,O=C1NC(=O)C(=CC=CC=CN2CCN(c3ccccc3)CC2)C(=O)N1,1.0000000,1.0000,0.5963486,0.5963,0.9620883,2.8933,32
30.0718,29.9467,-29.9336,0.0001026,COC(=O)CC(=O)Nc1c(CC(C)C)cccc1C(C)C,1,c1ccccc1,0.0000000,0.0000,0.2921447,0.2921,0.9857155,2.2417,32
40.1526,44.6360,-44.6236,0.0000973,COC1C2CCC(C(=O)N1C(C=O)OC(C)=O)N2C(=O)OC(c1ccccc1)c1ccccc1,1,O=C1NCC2CCC1N2C(=O)OC(c1ccccc1)c1ccccc1,0.0000000,0.0000,0.3376410,0.3376,0.5788011,4.7929,32
38.9717,43.1570,-43.1473,0.0000756,COC(=O)CCC1(C)CCCC2(C)C3(C)CN4CC(C)(C3=O)C12CC4=O,1,O=C1C2CN3CC1C1(CCCCC21)CC3=O,0.0000000,0.0000,0.3484286,0.3484,0.1454278,6.1537,32
18.5541,19.2561,-19.2417,0.0001121,CC12CCC3c4ccc(O)cc4CCC3C1CC(O)C2O,1,c1ccc2c(c1)CCC1C2CCC2CCCC21,0.0000000,0.0000,0.4145992,0.4146,0.8496996,3.8715,32
26.7234,25.7441,-25.7283,0.0001232,COCC(O)CSc1c[nH]c2ccccc12,1,c1ccc2[nH]ccc2c1,0.0000000,0.0000,0.5110615,0.5111,0.9683006,2.7726,32
14.0491,35.8481,72.9884,0.8502851,CC1=CC(=C(O)C=CC=CN(C)CCO)C(=O)CC1=O,1,C=C1C=CC(=O)CC1=O,1.0000000,1.0000,0.6651215,0.6651,0.8712387,3.7545,32
25.4717,29.0505,-29.0318,0.0001464,NC(=O)CCN1CCN(C(=O)C2CC(N)C(O)C2)CC1,1,O=C(C1CCCC1)N1CCNCC1,0.0000000,0.0000,0.8793862,0.8794,0.9272150,3.3423,32
32.8367,36.8184,-36.8033,0.0001180,CC12SC3(NC(=O)C(=O)c4ccccc43)C(=O)N1C(=O)CN(CCc1ccccc1)C2=O,1,O=C1NC2(SC3C(=O)N(CCc4ccccc4)CC(=O)N3C2=O)c2ccccc2C1=O,0.0000000,0.0000,0.5128895,0.5129,0.7672284,4.2230,32
19.2129,19.9614,-19.9433,0.0001408,Cc1[nH]c(=N)[nH]c(=O)c1N1CCCC1,1,N=c1[nH]cc(N2CCCC2)c(=O)[nH]1,0.0000000,0.0000,0.7685421,0.7685,0.9558629,2.9966,32
9.0680,40.5310,56.9819,0.7618192,CCCCN(C)C=CC=CC(O)=C1C(=O)C(=O)C(C#N)=C1C,1,C=C1C=CC(=O)C1=O,1.0000000,1.0000,0.4665274,0.4665,0.9103062,3.4904,32
23.8842,23.4352,-23.4245,0.0000834,CC(=O)N1CCn2c(nc(-c3ccc(F)cc3)c2Nc2cccc(C)c2)C1,1,c1ccc(Nc2c(-c3ccccc3)nc3n2CCNC3)cc1,0.0000000,0.0000,0.1570184,0.1570,0.9832785,2.3459,32
7.0990,31.9812,-31.9812,0.0000000,CN(C=CC=CC(O)=C1CCCC1=O)CCO,1,C=C1CCCC1=O,1.0000000,1.0000,0.6607830,0.6608,0.9025933,3.5496,32
19.6587,22.4095,-22.3927,0.0001311,CCCC(=O)NC(=O)c1ccc(OC)cc1,1,c1ccccc1,0.0000000,0.0000,0.6067034,0.6067,0.9951188,1.5360,32
43.0034,42.9823,-42.9823,0.0000000,C1(=O)N(C)CC23C=CCN4C(=O)C(CC)CC(C4)C231,0,,0.0000000,0.0000,0.0000000,0.0000,0.0000000,0.0000,32
6.4744,44.1307,-44.1307,0.0000000,CN(C=CC=CC(O)=C1C(=O)NC(=O)N(C)C1=O)CCO,2,C=C1C(=O)NC(=O)NC1=O,0.0000000,1.0000,0.0000000,0.8054,0.0000000,3.3406,32
29.2237,27.8952,-27.8793,0.0001243,COC(=O)c1c(C)oc2c1C1CCCCN1C2=O,1,O=C1c2occc2C2CCCCN12,0.0000000,0.0000,0.5296379,0.5296,0.9509947,3.0681,32
24.4715,25.0186,-25.0010,0.0001374,CCS(=O)(=O)c1cccc(CO)c1,1,c1ccccc1,0.0000000,0.0000,0.6987688,0.6988,0.9916211,1.8903,32
38.3267,41.8148,-41.7988,0.0001247,CNN=CC(O)=CC1CC(O)C2=C(O1)C(=O)c1ccccc1C2=O,1,O=C1C2=C(OCCC2)C(=O)c2ccccc21,0.0000000,0.0000,0.6094931,0.6095,0.7586482,4.2539,32
40.9147,38.7111,-38.7031,0.0000626,CC1C(=O)N(C(=O)CC(c2ccccc2)c2ccccc2)C1NC1CCCCCCC1,1,O=C(CC(c1ccccc1)c1ccccc1)N1C(=O)CC1NC1CCCCCCC1,0.0000000,0.0000,0.0683722,0.0684,0.9366125,3.2457,32
34.2240,35.6234,-35.6053,0.0001407,CC1(C)CNC(=O)CCN1S(=O)(=O)N1CC[N+](C)(C)CC1,1,O=C1CCN(S(=O)(=O)N2CC[NH2+]CC2)CCN1,0.0000000,0.0000,0.7904213,0.7904,0.9067391,3.5183,32
30.4241,29.8081,-29.7940,0.0001098,c1cc2c(c(C(c3nnnn3-c3ccc4c(c3)OCCO4)N3CCC(N4CCOCC4)CC3)c1)OCO2,1,c1cc2c(c(C(c3nnnn3-c3ccc4c(c3)OCCO4)N3CCC(N4CCOCC4)CC3)c1)OCO2,0.0000000,0.0000,0.3708274,0.3708,0.9252903,3.3606,32
30.3546,30.1205,-30.1045,0.0001252,C=CCC(c1csc(=NC)[nH]1)S(C)(=O)=O,1,N=c1[nH]ccs1,0.0000000,0.0000,0.6528475,0.6528,0.6863201,4.4899,32
6.6812,38.7380,-38.7380,0.0000000,CC1=C(C)C(=C(O)C=CC=CN(C)C)C(=O)C1=O,1,C=C1C=CC(=O)C1=O,1.0000000,1.0000,0.5888270,0.5888,0.9235175,3.3772,32
13.5678,43.1275,24.0305,0.5246714,CC1=C(C)C(=C(O)C=CC=CN(C)C)C(=O)C1=Cc1ccccc1,1,C=C1C=CC(=Cc2ccccc2)C1=O,1.0000000,1.0000,0.1487548,0.1488,0.9496959,3.0860,32
20.0254,23.4534,-23.4434,0.0000784,CC1=C(C=CC(C)N=[N+]=[N-])C(C)(C)CCC1,1,C1=CCCCC1,0.0000000,0.0000,0.1433886,0.1434,0.8365175,3.9365,32
14.3804,42.1026,38.4628,0.6294171,CCCN(O)C=CC=CC(O)=C1C(=O)CCCC1(C)C,1,C=C1CCCCC1=O,1.0000000,1.0000,0.2683070,0.2683,0.8796731,3.7041,33
6.6202,33.8753,-33.8753,0.0000000,CN(C)C=CC=CC(O)=C1C(=O)CCCC1(C)C,1,C=C1CCCCC1=O,1.0000000,1.0000,0.3664055,0.3664,0.9124747,3.4729,33
25.7983,26.1924,-26.1763,0.0001258,COc1ccc2[nH]c(O)c(-n3[nH]c(C)cc3=O)c2c1,1,O=c1cc[nH]n1-c1c[nH]c2ccccc12,0.0000000,0.0000,0.5443152,0.5443,0.9655552,2.8285,33
30.2290,29.4618,-29.4472,0.0001140,O=C(CCO)N1CCC(Cc2nc(-c3cccc(Cl)c3)no2)CC1,1,c1ccc(-c2noc(CC3CCNCC3)n2)cc1,0.0000000,0.0000,0.4008666,0.4009,0.9843639,2.3015,33
30.0611,30.8773,-30.8618,0.0001213,COCc1c(C)nc(-c2cccnc2)nc1OCCCN1CCOCC1,1,c1cncc(-c2nccc(OCCCN3CCOCC3)n2)c1,0.0000000,0.0000,0.4846944,0.4847,0.9802042,2.4579,33
26.2260,26.7383,-26.7306,0.0000599,Clc1cccc(-c2ccc3nccc(CCC4CCNCC4)c3c2)c1,1,c1ccc(-c2ccc3nccc(CCC4CCNCC4)c3c2)cc1,0.0000000,0.0000,0.0581312,0.0581,0.9856513,2.2446,33
10.4355,43.1925,73.6908,0.9131509,O=C1NC(=O)C(=C(O)C=CC=CN2CCOCC2)C(=O)N1,1,O=C1NC(=O)C(=CC=CC=CN2CCOCC2)C(=O)N1,1.0000000,1.0000,0.7897469,0.7897,0.9380899,3.2293,33
8.5701,33.2569,71.5689,0.8189513,CN(C)C=CC=CC(O)=C1CCCC1=O,1,C=C1CCCC1=O,1.0000000,1.0000,0.5750480,0.5750,0.9228322,3.3835,33
28.0212,26.5864,-26.5735,0.0001008,COc1cc(C[S+]([O-])CC(=O)Nc2ccc(Cl)cc2)cc(OC)c1OC,1,O=C(C[SH+]Cc1ccccc1)Nc1ccccc1,0.0000000,0.0000,0.2833929,0.2834,0.9474538,3.1160,33
12.8004,36.5885,63.3585,0.7808357,CCCCN(C)C=CC=CC(O)=C1CC2C(C(C)O)C(=O)N2C1=O,1,C=C1CC2CC(=O)N2C1=O,1.0000000,1.0000,0.5828518,0.5829,0.7017968,4.4425,33
26.8212,29.4255,-29.4093,0.0001270,CC(C)(O)C1COC2(CC(C(=O)O)=NO2)O1,1,C1=NOC2(C1)OCCO2,0.0000000,0.0000,0.8114916,0.8115,0.5062469,4.9837,33
18.3192,18.9168,-18.9009,0.0001238,CC(C)c1n[nH]c(=NC(=O)C(C)(C)C)s1,1,N=c1[nH]ncs1,0.0000000,0.0000,0.5383428,0.5383,0.9072479,3.5144,33
14.0606,19.5673,-19.5490,0.0001428,COC=C(C)C(=O)OC,1,,0.0000000,0.0000,0.7939936,0.7940,0.9708097,2.7172,33
25.1363,24.9935,-24.9788,0.0001149,COc1nc2ccccc2c2[nH]ccc12,1,c1ccc2c(c1)ncc1cc[nH]c12,0.0000000,0.0000,0.4102175,0.4102,0.9847677,2.2841,33
20.6333,42.9197,-42.9029,0.0001307,O=C(O)CCN(O)C=CC=CC(=C1C(=O)NC(=O)NC1=O)c1ccccc1,1,O=C1NC(=O)C(=Cc2ccccc2)C(=O)N1,0.0000000,0.0000,0.6196807,0.6197,0.9422218,3.1814,33
10.3564,41.9183,-41.9183,0.0000000,CN(C)C=CC=CC(O)=C1C(=O)N(C)C(=O)N(C)C1=O,1,C=C1C(=O)NC(=O)NC1=O,1.0000000,1.0000,0.7286829,0.7287,0.9426464,3.1763,33
16.3568,51.6171,51.3344,0.8043083,CN(C=CC=CC(O)=C1C(=O)NC(=O)N(C2CC2)C1=O)CCc1ccncc1,1,O=C1NC(=O)N(C2CC2)C(=O)C1=CC=CC=CNCCc1ccncc1,1.0000000,1.0000,0.5376321,0.5376,0.9443203,3.1559,33
15.0080,20.8363,-20.8177,0.0001458,CN1CCN(C)C1=O,1,O=C1NCCN1,0.0000000,0.0000,0.8424824,0.8425,0.9785546,2.5111,33
21.2736,26.9658,-26.9481,0.0001383,CCCCC=CC1(O)C(=O)OC(CO)C1O,1,O=C1CCCO1,0.0000000,0.0000,0.8257427,0.8257,0.7658994,4.2278,33
24.7206,25.6439,-25.6277,0.0001267,CC(O)CN1CCCC(c2ccc(C(=O)O)cc2)C1,1,c1ccc(C2CCCNC2)cc1,0.0000000,0.0000,0.5550728,0.5551,0.9714842,2.7015,33
13.0217,40.8893,67.4301,0.8462449,CN(C)C=CC=CC(O)=C1C=C(O)C(=O)CC1=O,1,C=C1C=CC(=O)CC1=O,1.0000000,1.0000,0.6542492,0.6542,0.8745884,3.7348,33
34.6440,34.6949,-34.6819,0.0001014,CC(=O)NC(C)c1ccc(-c2cc(C)nc3ccc(=N)[nH]c23)cc1,1,N=c1ccc2nccc(-c3ccccc3)c2[nH]1,0.0000000,0.0000,0.2890709,0.2891,0.9460809,3.1337,33
24.0789,27.5451,-27.5295,0.0001220,CC(=Cc1ccccc1)C(=O)SCC(=O)O,1,c1ccccc1,0.0000000,0.0000,0.4921797,0.4922,0.9805679,2.4456,33
9.4422,47.6738,67.7285,0.9015803,CC1=NN(CCO)C(=O)C1=C(O)C=CC=CN(C)CCO,1,C=C1C=NNC1=O,1.0000000,1.0000,0.7836242,0.7836,0.8893742,3.6422,33
6.7407,34.4326,-34.4326,0.0000000,CC1=CC(=O)C(=O)C1=C(O)C=CC=CN(C)CCO,1,C=C1C=CC(=O)C1=O,1.0000000,1.0000,0.7159338,0.7159,0.9047947,3.5332,33
37.4138,44.4171,-44.4117,0.0000421,C=C1CC2OC(OC(=O)C=CC=CC=CC=CC=CC=CCCCCC)C(C)C2(OC)C1,1,C=C1CC2CCOC2C1,0.0000000,0.0000,0.0286357,0.0286,0.5330014,4.9139,33
34.4222,35.2827,-35.2734,0.0000731,CN(C)CC1C2CCC3C(CC=C4CC(O)CCC43C)C2CC1N1CC2CC1CO2,1,C1=C2CCCCC2C2CCC3CC(N4CC5CC4CO5)CC3C2C1,0.0000000,0.0000,0.2339350,0.2339,0.2446996,5.7342,33
27.4940,32.2575,-32.2393,0.0001427,COCCNC(=O)CN1CCCC1COC(=O)N(C)C,1,C1CCNC1,0.0000000,0.0000,0.7948283,0.7948,0.9669402,2.8009,33
25.6748,25.0650,-25.0572,0.0000607,O=C(N=c1[nH]nc(C(F)(F)F)s1)c1ccc(-c2cc(Cl)ccc2Cl)cc1,1,O=C(N=c1[nH]ncs1)c1ccc(-c2ccccc2)cc1,0.0000000,0.0000,0.0610697,0.0611,0.9653433,2.8327,33
21.1492,21.5494,-21.5381,0.0000884,CCCCCCCCC=CCCCCCCN=C(N)N,1,,0.0000000,0.0000,0.1870359,0.1870,0.9845435,2.2938,33
21.1750,21.3704,-21.3577,0.0000991,O=C(COc1ccccc1Br)Nc1ccc(N2CCOCC2)cc1,1,O=C(COc1ccccc1)Nc1ccc(N2CCOCC2)cc1,0.0000000,0.0000,0.2622239,0.2622,0.9923340,1.8319,33
22.6470,48.6741,-48.6578,0.0001273,C=CCCC=CC=CC=CC(O)=C1C(=O)N(C)C(=O)N(N)C1=O,1,C=C1C(=O)NC(=O)NC1=O,0.0000000,0.0000,0.5888659,0.5889,0.8952810,3.6021,33
25.6162,61.2059,-61.2059,0.0000000,CCN(C=CC=CC(O)=C1C(O)CC(=CC=CCC(O)=O)OC1C)=O,0,,0.0000000,0.0000,0.0000000,0.0000,0.0000000,0.0000,33
13.7140,19.1432,-19.1259,0.0001350,C=C1C(=O)C(=O)c2ccccc2C1=O,1,C=C1C(=O)C(=O)c2ccccc2C1=O,0.0000000,0.0000,0.6659664,0.6660,0.9845861,2.2920,33
15.5295,16.8432,-16.8242,0.0001486,C1CNCCN1,1,C1CNCCN1,0.0000000,0.0000,0.8944021,0.8944,0.9716326,2.6980,33
22.0142,20.9001,-20.8911,0.0000706,Cc1c(Cl)cccc1NC(=O)Nc1ccc(Cl)cc1,1,O=C(Nc1ccccc1)Nc1ccccc1,0.0000000,0.0000,0.0946591,0.0947,0.9949179,1.5624,33
23.2872,23.5975,-23.5862,0.0000885,Cc1cccc(NC(=O)N2CCN(c3ccc(C)cc3C)CC2)c1,1,O=C(Nc1ccccc1)N1CCN(c2ccccc2)CC1,0.0000000,0.0000,0.1868592,0.1869,0.9925414,1.8139,33
10.9152,45.2105,38.0523,0.6504903,O=C1NC(=O)N(Cc2ccccc2)C(=O)C1=C(O)C=CC=CNc1ccccc1,1,O=C1NC(=O)N(Cc2ccccc2)C(=O)C1=CC=CC=CNc1ccccc1,1.0000000,1.0000,0.2791474,0.2791,0.9756752,2.5951,33
9.3340,41.9193,72.9416,0.8973510,CN1C(=O)C(=C(O)C=CC=CN2CCNCC2)C(=O)N(C)C1=O,1,O=C1NC(=O)C(=CC=CC=CN2CCNCC2)C(=O)N1,1.0000000,1.0000,0.7543381,0.7543,0.9274951,3.3396,33
22.7768,23.4332,-23.4185,0.0001147,Cc1cc(C)c2c(c1)N(C)C1N(C)CCC21C,1,c1ccc2c(c1)NC1NCCC21,0.0000000,0.0000,0.4303296,0.4303,0.8997086,3.5707,33
6.6165,38.7380,-38.7380,0.0000000,CC1=C(C)C(=C(O)C=CC=CN(C)C)C(=O)C1=O,1,C=C1C=CC(=O)C1=O,1.0000000,1.0000,0.5888270,0.5888,0.9235175,3.3772,33
25.9730,25.4253,-25.4105,0.0001160,Cc1c(C(=O)OCC(=O)N2CCOCC2)oc2c(Cl)cccc12,1,O=C(OCC(=O)N1CCOCC1)c1cc2ccccc2o1,0.0000000,0.0000,0.4219301,0.4219,0.9855825,2.2478,33
30.7593,30.6711,-30.6576,0.0001052,CC(C)(NC(=O)OCc1ccccc1)C(=O)Nc1cccc(S(=O)(=O)N=C2CCCN2)c1,1,O=C(CNC(=O)OCc1ccccc1)Nc1cccc(S(=O)(=O)N=C2CCCN2)c1,0.0000000,0.0000,0.3190577,0.3191,0.9646153,2.8467,33
26.2924,28.6183,-28.6183,0.0000000,C1(N)C(O)C(C)OC(OC2=c3ccc4c(O)c5c(O)c6cccc(O)c6c(O)c5c4c3=CC2)C1,0,,0.0000000,0.0000,0.0000000,0.0000,0.0000000,0.0000,33
21.4751,45.8181,37.4393,0.6504489,CN1C(=O)C(=C(O)C=CC=CN(C)c2ccccn2)C(=O)C1=Nc1ccccc1,1,O=C1NC(=Nc2ccccc2)C(=O)C1=CC=CC=CNc1ccccn1,1.0000000,1.0000,0.2876382,0.2876,0.9255244,3.3584,33
44.0558,50.8460,-50.8338,0.0000955,C=C1CC(OC(C)=O)C(OC(C)=O)C2(C)C(=O)OC3(C)C(O)C(O)C4(C)C=CCCC4C3C(O)C12,1,C=C1CCCC2C(=O)OC3CCC4C=CCCC4C3CC12,0.0000000,0.0000,0.4661519,0.4662,0.2982188,5.5575,33
38.8742,39.5007,-39.4929,0.0000613,C=C1C(OC(=O)C=C(C)C)CCC2(C)CC(C3CC(OC(C)=O)=CCC3=O)CCC12,1,C=C1CCCC2CC(C3CC=CCC3=O)CCC12,0.0000000,0.0000,0.0829656,0.0830,0.5993424,4.7376,33
24.5654,25.3343,-25.3198,0.0001130,Cc1ccc(N2CCc3[nH]cnc(=NCC(O)c4ccccc4)c3C2)nc1,1,c1ccc(CCN=c2nc[nH]c3c2CN(c2ccccn2)CC3)cc1,0.0000000,0.0000,0.4069897,0.4070,0.9151886,3.4504,33
37.5307,38.8834,-38.8744,0.0000704,CCC(c1nc2ccccc2c(=O)n1-c1cc(C)ccc1OC)N(CC1COCCO1)C(=O)COc1ccccc1,1,O=C(COc1ccccc1)N(Cc1nc2ccccc2c(=O)n1-c1ccccc1)CC1COCCO1,0.0000000,0.0000,0.0984567,0.0985,0.9181583,3.4251,33
18.4553,21.0149,-21.0066,0.0000648,CCCCCCCCC=CCCCCCCCC(=O)OCC1OC(Oc2ccc(O)cc2)C(O)C(O)C1O,1,c1ccc(OC2CCCCO2)cc1,0.0000000,0.0000,0.0797476,0.0797,0.8592455,3.8215,33
9.9626,43.7124,67.7799,0.8710337,CN(C=O)C=CC=CC(O)=C1C(=O)OC(C)(C)OC1=O,1,C=C1C(=O)OCOC1=O,1.0000000,1.0000,0.7060534,0.7061,0.8906722,3.6335,33
27.5354,28.6973,-28.6803,0.0001326,CCCCCC(=O)N(C)CC1OC(n2cnc3c(=N)[nH]cnc32)C(O)C1O,1,N=c1[nH]cnc2c1ncn2C1CCCO1,0.0000000,0.0000,0.7107967,0.7108,0.7996526,4.0983,33
52.1253,54.6684,-54.6549,0.0001054,COC1C=C(C)C(O)C(C2(C=CC3OC(O)C(O)C3O)OC(C)(C)C(OC)C(OC)C2OC)O1,1,C1=CCC(C2(C=CC3CCCO3)CCCCO2)OC1,0.0000000,0.0000,0.7098673,0.7099,0.2398511,5.7514,33
27.5300,28.1473,-28.1330,0.0001117,CCCc1ccccc1NC(=O)C1CCC(=O)N1C(C)C,1,O=C1CCC(C(=O)Nc2ccccc2)N1,0.0000000,0.0000,0.3797174,0.3797,0.9724071,2.6794,33
11.6280,40.2203,72.6749,0.8819935,CCN(C=CC=CC(O)=C1C(=O)C(=O)N(C)C1=O)CC,1,C=C1C(=O)NC(=O)C1=O,1.0000000,1.0000,0.7167047,0.7167,0.9265049,3.3491,33
25.5764,25.9907,-25.9790,0.0000914,N=c1nc(-c2ccccc2-c2ccccc2)nc(-c2ccncc2)[nH]1,1,N=c1nc(-c2ccccc2-c2ccccc2)nc(-c2ccncc2)[nH]1,0.0000000,0.0000,0.2067735,0.2068,0.9827020,2.3684,33
7.4653,31.7411,-31.7411,0.0000000,CN(C=CC=CC(O)=C1C(=O)CCCC1(C)C)CCO,1,C=C1CCCCC1=O,1.0000000,1.0000,0.4765864,0.4766,0.8918385,3.6257,33
9.0282,42.7264,-42.7264,0.0000000,CCCCN(C)C=CC=CC(O)=C1C(=O)NC(=O)N(CCC)C1=O,1,C=C1C(=O)NC(=O)NC1=O,1.0000000,1.0000,0.5395081,0.5395,0.9477271,3.1124,33
20.5731,21.7599,-21.7432,0.0001303,CC(=NN=c1[nH]c(O)c(CC(=O)O)s1)c1cccnc1,1,C(=NN=c1[nH]ccs1)c1cccnc1,0.0000000,0.0000,0.6162422,0.6162,0.9376351,3.2344,33
16.7132,16.2342,-16.2158,0.0001434,NCCc1ccc(S(N)(=O)=O)cc1,1,c1ccccc1,0.0000000,0.0000,0.7939331,0.7939,0.9934929,1.7243,33
30.5823,31.4729,-31.4566,0.0001273,CCC(COC(C)=O)NC(=O)N=c1cc2[nH]nc(OC)c2c(COC)[nH]1,1,N=c1cc2[nH]ncc2c[nH]1,0.0000000,0.0000,0.6177391,0.6177,0.8257512,3.9865,33
28.7044,31.0430,-31.0247,0.0001430,CCN1CC(=O)NC(CC(=O)N2CCN(C(C)C)CC2)C1=O,1,O=C1CNC(=O)C(CC(=O)N2CCNCC2)N1,0.0000000,0.0000,0.8049432,0.8049,0.9572537,2.9748,33
38.4857,38.4391,-38.4282,0.0000846,CN(C(=O)N=c1[nH]c2sc3c(C4CC4)c[nH]c(=O)c3c2s1)C1CCCC1,1,O=C(N=c1[nH]c2sc3c(C4CC4)c[nH]c(=O)c3c2s1)NC1CCCC1,0.0000000,0.0000,0.1746477,0.1746,0.8800362,3.7018,33
28.0063,29.0659,-29.0498,0.0001257,CCCCCCCCCCCNC(=O)C1CCCN1C(=O)C(N)CCCN=C(N)N,1,C1CCNC1,0.0000000,0.0000,0.5491623,0.5492,0.9493187,3.0912,33
29.8973,35.8948,-35.8802,0.0001142,C=CCN1CC(C(=O)O)C(=O)C(=Cc2cccc3ccccc23)C1=O,1,O=C1CCNC(=O)C1=Cc1cccc2ccccc12,0.0000000,0.0000,0.4125665,0.4126,0.9466043,3.1270,33
23.0795,26.9813,-26.9667,0.0001139,COc1ccc2c(c1O)C(=O)C1C(=O)OC(=O)C1C2c1cc(OC)c(OC)c(OC)c1,1,O=C1OC(=O)C2C1C(=O)c1ccccc1C2c1ccccc1,0.0000000,0.0000,0.4245237,0.4245,0.8855638,3.6670,33
27.7976,30.7668,-30.7512,0.0001222,COc1ccc(-c2sc(=NC(C)=O)[nH]c2C)cc1OC1CNC1,1,N=c1[nH]cc(-c2cccc(OC3CNC3)c2)s1,0.0000000,0.0000,0.5037624,0.5038,0.9518198,3.0565,33
18.5618,20.3740,-20.3582,0.0001233,C=C(CCN1CCOCC1)c1ccccc1,1,C=C(CCN1CCOCC1)c1ccccc1,0.0000000,0.0000,0.5065468,0.5065,0.9892396,2.0548,33
23.8304,27.4625,-27.4446,0.0001399,CN1CCN(CC(=O)Nc2ccccc2F)C(=O)C1=O,1,O=C(CN1CCNC(=O)C1=O)Nc1ccccc1,0.0000000,0.0000,0.7391798,0.7392,0.9894187,2.0437,33
21.1278,22.0116,-21.9978,0.0001083,C=C1C(=O)OC2(CCCCC2)C1CCC,1,C=C1CC2(CCCCC2)OC1=O,0.0000000,0.0000,0.3805787,0.3806,0.8247148,3.9912,33
8.2467,37.5774,-37.5774,0.0000000,CC1=CC(=O)CC(=O)C1=C(O)C=CC=CN(C)C,1,C=C1C=CC(=O)CC1=O,1.0000000,1.0000,0.5888270,0.5888,0.9064873,3.5203,33
33.0227,36.7436,-36.7285,0.0001179,C=c1ccc2c3c1=[N+](C)c1ccccc1N3C(=O)C(=CN1CCCC1)N2,1,C=c1ccc2c3c1=[NH+]c1ccccc1N3C(=O)C(=CN1CCCC1)N2,0.0000000,0.0000,0.4697645,0.4698,0.8906258,3.6338,33
22.9918,25.3873,-25.3714,0.0001239,Cc1cccc(N=c2nc[nH]c3c2CCC(=O)N3)c1,1,O=C1CCc2c([nH]cnc2=Nc2ccccc2)N1,0.0000000,0.0000,0.5274813,0.5275,0.9451341,3.1457,33
24.8316,22.9888,-22.9725,0.0001274,CS(=O)(=O)N1CCC(NC(=O)Nc2ccc(F)cc2F)CC1,1,O=C(Nc1ccccc1)NC1CCNCC1,0.0000000,0.0000,0.5583159,0.5583,0.9890880,2.0640,33
36.6126,33.9440,-33.9263,0.0001382,COc1cc(NS(C)(=O)=O)c(OC)cc1NC(=O)C[N+](=O)[O-],1,c1ccccc1,0.0000000,0.0000,0.7149230,0.7149,0.9818048,2.4019,33
25.4155,26.0412,-26.0275,0.0001070,COc1cccc(-c2c(C#N)c(SC3CCOC3)[nH]c(=N)c2C#N)c1,1,N=c1cc(-c2ccccc2)cc(SC2CCOC2)[nH]1,0.0000000,0.0000,0.3542615,0.3543,0.8758212,3.7274,33
46.0293,47.3795,-47.3679,0.0000907,O=c1c(=O)n(NS(=O)(=O)c2ccccc2-n2cccc2)ccn1Cc1cc(Br)c(O)c(Br)c1,1,O=c1c(=O)n(NS(=O)(=O)c2ccccc2-n2cccc2)ccn1Cc1ccccc1,0.0000000,0.0000,0.2060267,0.2060,0.9526366,3.0448,33
21.6931,21.2268,-21.2141,0.0000996,Clc1c[nH]c(=NC2CCOCC2)cc1-c1cccc(=NCC2CCOCC2)[nH]1,1,c1cc(-c2cc[nH]c(=NC3CCOCC3)c2)[nH]c(=NCC2CCOCC2)c1,0.0000000,0.0000,0.2892770,0.2893,0.8576075,3.8303,33
48.7732,49.5395,-49.5327,0.0000530,C=Cc1oc2c(OC)c3ccc(C(=O)CCCC=CCC=CC)c(O)c3cc2c(=O)c1O,1,O=c1ccoc2cc3ccccc3cc12,0.0000000,0.0000,0.0418374,0.0418,0.9238028,3.3745,33
22.6116,27.0930,-27.0744,0.0001450,CN1CCN(CC(O)Cn2c(=O)c3c(ncn3C)n(C)c2=O)CC1,1,O=c1[nH]c2nc[nH]c2c(=O)n1CCCN1CCNCC1,0.0000000,0.0000,0.8377608,0.8378,0.9575890,2.9694,33
15.5406,18.8170,-18.8054,0.0000905,O=C1C(=O)c2c(ccc3ccccc23)-c2ccccc21,1,O=C1C(=O)c2c(ccc3ccccc23)-c2ccccc21,0.0000000,0.0000,0.1996863,0.1997,0.9919237,1.8661,33
27.0241,30.4856,-30.4701,0.0001211,CCN(CC(=O)Nc1cccc(SC)c1)C(=O)CN1CCCC1,1,O=C(CN1CCCC1)NCC(=O)Nc1ccccc1,0.0000000,0.0000,0.4798985,0.4799,0.9889717,2.0710,33
24.6781,24.7744,-24.7608,0.0001065,O=C(COC(=O)c1ccc(Cl)nc1)NC12CC3CC(CC(C3)C1)C2,1,O=C(COC(=O)c1cccnc1)NC12CC3CC(CC(C3)C1)C2,0.0000000,0.0000,0.3427361,0.3427,0.9051925,3.5302,33
23.6758,28.6984,-28.6804,0.0001411,CCCC(C)C(=O)N(O)CC(=O)O,1,,0.0000000,0.0000,0.7774155,0.7774,0.9473696,3.1171,33
21.4090,32.0003,-31.9834,0.0001314,COC1=CC(=C(Br)Br)C(=O)N(CCO)C1=O,1,C=C1C=CC(=O)NC1=O,0.0000000,0.0000,0.6368855,0.6369,0.9252831,3.3607,33
19.8614,21.9532,-21.9349,0.0001429,NC(N)=NN=Cc1ccc(C2=NCCN2)cc1,1,c1ccc(C2=NCCN2)cc1,0.0000000,0.0000,0.7969377,0.7969,0.9700525,2.7343,33
22.0339,23.2124,-23.2024,0.0000780,CC(=O)C1CCC2C3=CC=C4CC(O)CCC4(C)C3CCC12C,1,C1=C2CCCCC2C2CCC3CCCC3C2=C1,0.0000000,0.0000,0.1497311,0.1497,0.7503772,4.2830,33
42.3262,44.9632,-44.9527,0.0000817,CC(=O)Nc1c(-c2ccc(O)cc2)nc2c(C=CC(O)CC(O)CC(=O)O)c(-c3ccccc3)ccn12,1,c1ccc(-c2ccn3cc(-c4ccccc4)nc3c2)cc1,0.0000000,0.0000,0.1561897,0.1562,0.8945791,3.6070,33
32.4270,32.5939,-32.5797,0.0001108,Cc1nc2cc(Cl)cc(C=CC3CC(O)CC(=O)O3)c2n1C,1,O=C1CCCC(C=Cc2cccc3nc[nH]c23)O1,0.0000000,0.0000,0.3931980,0.3932,0.8759757,3.7265,33
22.9805,23.3557,-23.3415,0.0001110,Cc1ccc(C)c(N2C(=O)NC(=O)C(=Cc3ccc(O)cc3)C2=O)c1,1,O=C1NC(=O)N(c2ccccc2)C(=O)C1=Cc1ccccc1,0.0000000,0.0000,0.3694426,0.3694,0.9864996,2.2044,33
12.3888,39.2809,74.8104,0.8913388,CN(C)C=CC=CC(O)=C1C(=O)C=NC1=O,1,C=C1C(=O)C=NC1=O,1.0000000,1.0000,0.7557805,0.7558,0.8923441,3.6223,33
21.4119,21.6102,-21.5948,0.0001207,O=C(N=c1[nH]nc(C2CCCO2)s1)c1ccccc1,1,O=C(N=c1[nH]nc(C2CCCO2)s1)c1ccccc1,0.0000000,0.0000,0.4927285,0.4927,0.9265420,3.3488,33
24.0400,24.8318,-24.8151,0.0001306,Cc1cc(-n2cccn2)cc2c(=N)[nH]c(=N)[nH]c12,1,N=c1[nH]c(=N)c2cc(-n3cccn3)ccc2[nH]1,0.0000000,0.0000,0.6251849,0.6252,0.9246308,3.3668,33
10.1252,39.6782,64.2569,0.8119926,C=CC1C(=C(O)C=CC=CN(C)C)C(=O)CC1O,1,C=C1CCCC1=O,1.0000000,1.0000,0.6427803,0.6428,0.7261711,4.3647,33
20.0865,20.3224,-20.3045,0.0001393,NNC(=O)C=Cc1cccs1,1,c1ccsc1,0.0000000,0.0000,0.7349994,0.7350,0.9779365,2.5300,33
32.7160,30.2523,-30.2376,0.0001151,CCCCCC(=O)Nc1ccc(N2CCN(C(=O)c3c[nH]nn3)CC2)c(F)c1,1,O=C(c1c[nH]nn1)N1CCN(c2ccccc2)CC1,0.0000000,0.0000,0.4144027,0.4144,0.9777499,2.5357,33
16.0162,17.8391,-17.8210,0.0001412,N=c1ccn(C2OCC(O)C2O)c(=O)[nH]1,1,N=c1ccn(C2CCCO2)c(=O)[nH]1,0.0000000,0.0000,0.8842594,0.8843,0.7576519,4.2575,33
7.2545,47.9128,-47.9128,0.0000000,CN1C(=O)C(=C(O)C=CC=CN(CCO)CCO)C(=O)N(C)C1=O,1,C=C1C(=O)NC(=O)NC1=O,1.0000000,1.0000,0.8110528,0.8111,0.9206993,3.4027,33
21.7117,24.9041,-24.8876,0.0001293,CC(O)CN1CCN(C(=O)C2CCC(=O)N(Cc3ccccc3F)C2)CC1,1,O=C1CCC(C(=O)N2CCNCC2)CN1Cc1ccccc1,0.0000000,0.0000,0.5940276,0.5940,0.9569207,2.9801,33
6.5330,35.6414,-35.6414,0.0000000,CN(C)C=CC=CC(O)=C1C(=O)NC(=O)NC1=O,1,C=C1C(=O)NC(=O)NC1=O,1.0000000,1.0000,0.7990025,0.7990,0.9401493,3.2058,33
39.1770,39.4426,-39.4288,0.0001080,N=c1nc(-c2cccc3ccc(O)c(C=CC(O)=NO)c23)cc[nH]1,1,N=c1nc(-c2cccc3ccccc23)cc[nH]1,0.0000000,0.0000,0.3557676,0.3558,0.9136088,3.4636,33
29.2989,34.3637,-34.3473,0.0001284,CCC1=CC2C(=O)N(Cc3ccccc3)CC(=O)N2C1(C)O,1,O=C1C2C=CCN2C(=O)CN1Cc1ccccc1,0.0000000,0.0000,0.6094624,0.6095,0.8850324,3.6704,33
35.8344,36.0297,-36.0212,0.0000657,CCOc1cccc2c1C(=O)C1(c3ccc(Br)cc3)Oc3c(ccc(OC)c3OC)CC1(O)O2,1,O=C1c2ccccc2OC2Cc3ccccc3OC12c1ccccc1,0.0000000,0.0000,0.0823700,0.0824,0.8703025,3.7599,33
7.2124,39.9462,-39.9462,0.0000000,CC1=NN(c2ccccc2)C(=O)C1=C(O)C=CC=CN(C)C,1,C=C1C=NN(c2ccccc2)C1=O,1.0000000,1.0000,0.3907809,0.3908,0.9639711,2.8589,33
11.8096,36.8922,74.2777,0.8685144,CC1CNC(=O)C1=C(O)C=CC=CN(C)CCO,1,C=C1CCNC1=O,1.0000000,1.0000,0.7534345,0.7534,0.7829783,4.1641,33
21.2747,21.8922,-21.8843,0.0000618,CC(C)=CCCC(C)=CCCC(C)=CCc1cc(O)oc1O,1,c1ccoc1,0.0000000,0.0000,0.0659906,0.0660,0.9268312,3.3460,33
17.1063,33.8955,-33.8805,0.0001167,O=C(O)C=CC=CN1CCN(c2ccc(Cl)cc2)CC1,1,c1ccc(N2CCNCC2)cc1,0.0000000,0.0000,0.4313862,0.4314,0.9803588,2.4527,33
10.5893,39.0625,70.5517,0.8563604,CC1(C)OC(=O)C(=C(O)C=CC=CN2CCOCC2)C1=O,1,O=C1COC(=O)C1=CC=CC=CN1CCOCC1,1.0000000,1.0000,0.6582768,0.6583,0.9209414,3.4006,33
20.1461,24.4186,-24.4011,0.0001371,CC(=O)N1N=C(c2ccccc2)OC1C(=O)O,1,c1ccc(C2=NNCO2)cc1,0.0000000,0.0000,0.7093739,0.7094,0.9544240,3.0185,33
23.4408,23.0221,-23.0063,0.0001236,O=Cc1ccc(OCCOc2nnnn2-c2ccccc2)cc1,1,c1ccc(OCCOc2nnnn2-c2ccccc2)cc1,0.0000000,0.0000,0.5106117,0.5106,0.9864327,2.2076,33
32.8239,33.8547,-33.8480,0.0000523,CC1=CCC2C(C)(C)C(O)CC3=CCC4C(C)(C)C(=O)CCC4(C)C32C1,1,O=C1CCC2C(CC=C3CCCC4CC=CCC342)C1,0.0000000,0.0000,0.0625762,0.0626,0.4266050,5.1926,33
35.3702,36.6448,-36.6306,0.0001108,CC(=O)c1ccccc1COC1CN(C(=O)OC(C)(C)C)CCC1O,1,c1ccc(COC2CCCNC2)cc1,0.0000000,0.0000,0.3753453,0.3753,0.9518023,3.0567,33
31.0356,29.8920,-29.8800,0.0000934,CN(C)c1nc(=NCc2cc(-c3ccc(F)c(F)c3)cs2)cc[nH]1,1,c1ccc(-c2csc(CN=c3cc[nH]cn3)c2)cc1,0.0000000,0.0000,0.2270212,0.2270,0.9332823,3.2813,33
7.2124,39.9462,-39.9462,0.0000000,CC1=NN(c2ccccc2)C(=O)C1=C(O)C=CC=CN(C)C,2,C=C1C=NN(c2ccccc2)C1=O,0.0000000,1.0000,0.0000000,0.3908,0.0000000,2.8589,33
29.6589,40.2098,-40.1957,0.0001103,Cc1cc(C=CC(=O)O)ccc1C(=C1C(=O)N(C)C(=O)N(C)C1=O)c1ccc(O)c(C(=O)O)c1,1,O=C1NC(=O)C(=C(c2ccccc2)c2ccccc2)C(=O)N1,0.0000000,0.0000,0.3672237,0.3672,0.9645708,2.8475,33
15.7580,18.3063,-18.2891,0.0001338,COC(=O)C1CC(c2ccccc2)=NO1,1,c1ccc(C2=NOCC2)cc1,0.0000000,0.0000,0.6515084,0.6515,0.9769359,2.5596,33
19.3718,18.7967,-18.7873,0.0000735,COc1ccc(C=CC(=O)c2ccc(OC)c(CC=C(C)C)c2O)cc1,1,O=C(C=Cc1ccccc1)c1ccccc1,0.0000000,0.0000,0.1077099,0.1077,0.9838102,2.3245,33
8.5574,44.1711,-44.1711,0.0000000,CN1C(=O)C(=C(O)C=CC=CN(CCO)CCO)C(=O)N(C)C1=O,2,C=C1C(=O)NC(=O)NC1=O,0.0000000,1.0000,0.0000000,0.8111,0.0000000,3.4027,33
23.0268,24.7022,-24.6862,0.0001248,O=CN1CCN(c2nc3ccccc3n3cccc23)CC1,1,c1ccc2c(c1)nc(N1CCNCC1)c1cccn12,0.0000000,0.0000,0.5267225,0.5267,0.9814515,2.4147,33
21.9567,22.5659,-22.5492,0.0001301,CCOC(=O)CCC(=NC(=O)c1ccccc1)C(=O)O,1,c1ccccc1,0.0000000,0.0000,0.5961514,0.5962,0.9843323,2.3028,33
24.8526,25.6964,-25.6837,0.0000988,O=C(NC(=O)c1ccccc1)Nc1ccc([N+](=O)[O-])cc1Br,1,O=C(NC(=O)c1ccccc1)Nc1ccccc1,0.0000000,0.0000,0.2601149,0.2601,0.9917412,1.8808,33
8.4640,46.4622,-46.4622,0.0000000,CN1C(=O)C(=O)C(=C(O)C=CC=CN2CCOCC2)C1=O,1,O=C1NC(=O)C(=CC=CC=CN2CCOCC2)C1=O,1.0000000,1.0000,0.7763272,0.7763,0.9344764,3.2687,33
29.7490,48.1675,-48.1509,0.0001293,CON=CC(O)=C1C(=O)c2ccccc2C1N(O)C(N)=O,1,C=C1Cc2ccccc2C1=O,0.0000000,0.0000,0.6314323,0.6314,0.8610055,3.8120,33
30.6326,27.8024,-27.8004,0.0000157,CCCCCCCN(CCCCCCC)CC(O)c1cc2c(Cl)c(Cl)ccc2c2c(Cl)cccc12,1,c1ccc2c(c1)ccc1ccccc12,0.0000000,0.0000,0.0010808,0.0011,0.9466301,3.1267,33
28.1579,46.8216,10.5819,0.4484652,CN(C=CC=CC(O)=C1CCC2C(CCC3(C)C(c4coc(O)c4)CCC23O)CC1=O)CCO,1,C=C1CCC2C(CCC3C(c4ccoc4)CCC23)CC1=O,1.0000000,1.0000,0.1436858,0.1437,0.4426921,5.1500,33
30.6425,33.2325,-33.2169,0.0001218,O=C1CC2CCCC3C(N1)C(=O)N(c1ccccc1)C(=O)N23,1,O=C1CC2CCCC3C(N1)C(=O)N(c1ccccc1)C(=O)N23,0.0000000,0.0000,0.5967100,0.5967,0.6941619,4.4660,33
29.5542,31.1284,-31.1156,0.0000994,Cc1nc(=Nc2ccc(OC(F)(F)Cl)cc2)cc(N=c2nccc[nH]2)[nH]1,1,c1ccc(N=c2cc(N=c3nccc[nH]3)[nH]cn2)cc1,0.0000000,0.0000,0.2851471,0.2851,0.8705506,3.7585,33
8.5278,34.0988,-34.0988,0.0000000,CN(C=CC=CC(O)=C1C(=O)NC(=O)C1=O)CCO,1,C=C1C(=O)NC(=O)C1=O,1.0000000,1.0000,0.8488452,0.8488,0.9158986,3.4444,33
25.5435,25.6292,-25.6156,0.0001064,COc1ccc(Cc2ccc(Oc3ccccc3)cc2)cc1C1OC(CO)C(O)C(O)C1O,1,c1ccc(Oc2ccc(Cc3cccc(C4CCCCO4)c3)cc2)cc1,0.0000000,0.0000,0.3402004,0.3402,0.9149305,3.4526,34
29.4003,34.7765,-34.7619,0.0001136,CC(=O)N1CCC(Oc2ccc(NC(=O)N3CCN(C(=O)CC(C)C)CC3)cc2)C1,1,O=C(Nc1ccc(OC2CCNC2)cc1)N1CCNCC1,0.0000000,0.0000,0.4001269,0.4001,0.9712709,2.7065,34
20.8985,20.2891,-20.2739,0.0001190,Cc1nc(=NCCc2ccccc2)nc(C(F)(F)F)[nH]1,1,c1ccc(CCN=c2nc[nH]cn2)cc1,0.0000000,0.0000,0.4623715,0.4624,0.9597083,2.9346,34
28.8496,36.9516,-36.9371,0.0001130,N#CC(C#N)=C1C(=O)N(C(=O)COc2ccc3c(c2)NC(=O)CC3)c2ccccc21,1,C=C1C(=O)N(C(=O)COc2ccc3c(c2)NC(=O)CC3)c2ccccc21,0.0000000,0.0000,0.3949573,0.3950,0.9656349,2.8270,34
33.4145,33.5905,-33.5754,0.0001175,CC(=O)NC(CC(F)(F)F)C(=O)NC(Cc1ccccc1)C(=O)NCCC(C)C,1,c1ccccc1,0.0000000,0.0000,0.4458008,0.4458,0.9584199,2.9560,34
16.6352,20.8228,-20.8111,0.0000916,O=C(C=CC=Cc1ccccc1)C=Cc1ccc(O)c(O)c1,1,O=C(C=CC=Cc1ccccc1)C=Cc1ccccc1,0.0000000,0.0000,0.2085176,0.2085,0.9811107,2.4267,34
17.9343,18.6427,-18.6311,0.0000909,Cc1ccc(-c2cc(C(=O)O)c3ccccc3n2)cc1,1,c1ccc(-c2ccc3ccccc3n2)cc1,0.0000000,0.0000,0.2023928,0.2024,0.9945248,1.6112,34
27.6314,27.6099,-27.5948,0.0001177,OCC1OC(n2cnc3c(=NCc4ccc(F)c(Cl)c4)[nH]cnc32)C(F)C1O,1,c1ccc(CN=c2[nH]cnc3c2ncn3C2CCCO2)cc1,0.0000000,0.0000,0.5151841,0.5152,0.7526475,4.2751,34
18.1864,53.3264,46.2224,0.7777254,Cc1ccc2c(c1)C(=O)C(=C(O)C=CC=CN1CCOCC1)C(=O)C(=O)N2,1,O=C1Nc2ccccc2C(=O)C(=CC=CC=CN2CCOCC2)C1=O,1.0000000,1.0000,0.4857051,0.4857,0.9455530,3.1404,34
24.5043,24.4980,-24.4841,0.0001088,Cc1[nH]c(=N)n(C)c1-c1cccc2ccccc12,1,N=c1[nH]cc(-c2cccc3ccccc23)[nH]1,0.0000000,0.0000,0.3507029,0.3507,0.9751499,2.6094,34
7.2428,39.9462,-39.9462,0.0000000,CC1=NN(c2ccccc2)C(=O)C1=C(O)C=CC=CN(C)C,1,C=C1C=NN(c2ccccc2)C1=O,1.0000000,1.0000,0.3907809,0.3908,0.9639711,2.8589,34
24.4183,25.0141,-24.9984,0.0001225,COc1cc2c(cc1OC)C(=O)N(C1CCC(=O)CC1)C2,1,O=C1CCC(N2Cc3ccccc3C2=O)CC1,0.0000000,0.0000,0.4987045,0.4987,0.9825440,2.3744,34
20.8843,22.5010,-22.4844,0.0001302,CC(=O)NC1CCN(CC(=O)Nc2ccc(C)cc2)CC1,1,O=C(CN1CCCCC1)Nc1ccccc1,0.0000000,0.0000,0.5942696,0.5943,0.9934461,1.7290,34
16.6821,39.4836,74.7899,0.8927616,CN1C=CC(=O)C1=C(O)C=CC=CN(CCO)CCO,1,C=C1NC=CC1=O,1.0000000,1.0000,0.7825387,0.7825,0.8466936,3.8868,34
22.1200,23.7567,-23.7418,0.0001163,CCn1cc(C(=O)O)c(=O)c2cc(F)c(N3CC(=NOC)C(CN(C)C)C3)c(F)c21,1,N=C1CCN(c2ccc3c(=O)cc[nH]c3c2)C1,0.0000000,0.0000,0.4497300,0.4497,0.8937510,3.6127,34
36.2482,34.8713,-34.8583,0.0001013,CCS(=O)(=O)c1ccc(OCCCN2CCCCC2)c2c1CCS2,1,c1cc2c(c(OCCCN3CCCCC3)c1)SCC2,0.0000000,0.0000,0.2835429,0.2835,0.9725176,2.6767,34
22.3022,26.1953,-26.1812,0.0001097,COc1ccc(C=C2SC(=O)N(CCN=c3nc(C)cc(C)[nH]3)C2=O)cc1,1,O=C1SC(=Cc2ccccc2)C(=O)N1CCN=c1nccc[nH]1,0.0000000,0.0000,0.3628962,0.3629,0.9597739,2.9335,34
18.1770,19.1169,-19.1005,0.0001279,O=C(c1ccco1)N1CCN(c2ccccn2)CC1,1,O=C(c1ccco1)N1CCN(c2ccccn2)CC1,0.0000000,0.0000,0.5636436,0.5636,0.9914421,1.9041,34
26.4249,29.7934,-29.7759,0.0001367,C=CC(=O)c1coc(O)c1C(=O)O,1,c1ccoc1,0.0000000,0.0000,0.7090223,0.7090,0.9439735,3.1602,34
16.7430,21.4088,-21.3906,0.0001424,CN1CCN(CC(=O)NC2CCCC2)CC1,1,O=C(CN1CCNCC1)NC1CCCC1,0.0000000,0.0000,0.7785029,0.7785,0.9925559,1.8126,34
19.0221,19.1647,-19.1520,0.0000995,O=C(Nc1ccccc1N1CCOCC1)c1ccc(Cl)cc1,1,O=C(Nc1ccccc1N1CCOCC1)c1ccccc1,0.0000000,0.0000,0.2651788,0.2652,0.9940100,1.6701,34
20.3948,22.2761,-22.2603,0.0001240,Cc1nc2ccccc2n(C2CCN(C)CC2)c1=O,1,O=c1cnc2ccccc2n1C1CCNCC1,0.0000000,0.0000,0.5153930,0.5154,0.9882429,2.1132,34
37.9597,35.0346,-35.0252,0.0000731,CCCOC1CCC23c4c5ccc(OC)c4OC1C2(O)C(N(C)CCc1ccccc1)C3C5,1,c1ccc(CCNC2C3Cc4cccc5c4C34CCCC(O5)C24)cc1,0.0000000,0.0000,0.1988863,0.1989,0.3255742,5.4744,34
38.2824,41.9577,-41.9437,0.0001096,CC=C(C)C1C(OC2=NS(=O)(=O)OC(C)=C2C(=O)OCC)C(=O)N1c1ccccc1,1,O=C1C(OC2=NS(=O)(=O)OC=C2)CN1c1ccccc1,0.0000000,0.0000,0.4091544,0.4092,0.7726445,4.2031,34
21.6396,22.1112,-22.0979,0.0001035,Cc1nc2ccccc2c2oc(C(=O)NCC3CCCO3)cc12,1,O=C(NCC1CCCO1)c1cc2cnc3ccccc3c2o1,0.0000000,0.0000,0.3024573,0.3025,0.9693741,2.7494,34
23.2968,25.2157,-25.1995,0.0001262,CN1CCN(C(=O)C2CCCN2S(=O)(=O)c2cccc3cccnc23)CC1,1,O=C(C1CCCN1S(=O)(=O)c1cccc2cccnc12)N1CCNCC1,0.0000000,0.0000,0.5482775,0.5483,0.9718608,2.6926,34
21.6593,21.2033,-21.1928,0.0000815,CC(C)c1ccc(COc2ccc(F)cc2)cc1,1,c1ccc(COc2ccccc2)cc1,0.0000000,0.0000,0.1456915,0.1457,0.9957402,1.4469,34
17.6531,17.1067,-17.0891,0.0001376,c1csc(N2CCOCC2)n1,1,c1csc(N2CCOCC2)n1,0.0000000,0.0000,0.7045371,0.7045,0.9872367,2.1673,34
21.8031,23.1785,-23.1694,0.0000714,Cc1ccc(N2C(=O)C(=C3C=Cc4ccccc4N3C)SC2=S)cc1,1,O=C1C(=C2C=Cc3ccccc3N2)SC(=S)N1c1ccccc1,0.0000000,0.0000,0.0990261,0.0990,0.9746286,2.6233,34
28.6473,27.9019,-27.8878,0.0001100,Oc1cccc2ccc(Cc3ncccn3)cc12,1,c1cnc(Cc2ccc3ccccc3c2)nc1,0.0000000,0.0000,0.3592379,0.3592,0.9884766,2.0999,34
21.1094,21.9175,-21.9099,0.0000589,FC(F)(F)Oc1ccc(N=c2c3ccccc3[nH]c3ccccc23)cc1,1,c1ccc(N=c2c3ccccc3[nH]c3ccccc23)cc1,0.0000000,0.0000,0.0553574,0.0554,0.9823748,2.3808,34
34.1362,34.5035,-34.4884,0.0001173,CN(CC1CNCC1(C)C)c1nc2cccnc2s1,1,c1cnc2sc(NCC3CCNC3)nc2c1,0.0000000,0.0000,0.4611851,0.4612,0.8961855,3.5958,34
30.9923,38.2270,-38.2094,0.0001368,CC(CCO)C(=O)OCC1(CO)CN(CCCCCC(=O)O)C(=O)O1,1,O=C1NCCO1,0.0000000,0.0000,0.7465950,0.7466,0.8645145,3.7927,34
26.4085,27.1388,-27.1213,0.0001365,CCNC(=O)C1OC(n2cnc3c(=NCCN4CCNC4=O)[nH]cnc32)C(O)C1O,1,O=C1NCCN1CCN=c1[nH]cnc2c1ncn2C1CCCO1,0.0000000,0.0000,0.8419406,0.8419,0.6914243,4.4744,34
21.7566,30.7937,-30.7779,0.0001238,C=CCN1C(=O)C(=C(C)C)N=C1CCC,1,C=C1N=CNC1=O,0.0000000,0.0000,0.5272337,0.5272,0.9386859,3.2226,34
21.4047,24.5306,-24.5159,0.0001146,CC1CN(C(=O)C=Cc2cnn(-c3ccccc3)c2)CC(C)O1,1,O=C(C=Cc1cnn(-c2ccccc2)c1)N1CCOCC1,0.0000000,0.0000,0.4150720,0.4151,0.9512646,3.0643,34
11.5559,45.4994,64.4060,0.8586356,CC(=O)N1N=C(C)C(=C(O)C=CC=CN(C)C)C1=O,1,C=C1C=NNC1=O,1.0000000,1.0000,0.6697285,0.6697,0.9060954,3.5233,34
9.6021,37.9423,-37.9423,0.0000000,CN(C=CC=CC(O)=C1CCCC1=O)CCO,1,C=C1CCCC1=O,1.0000000,1.0000,0.6607830,0.6608,0.9025933,3.5496,34
26.2016,23.9224,-23.9157,0.0000521,CN(Cc1coc(-c2ccccc2Cl)n1)c1cc(Cl)cc(Cl)c1,1,c1ccc(NCc2coc(-c3ccccc3)n2)cc1,0.0000000,0.0000,0.0383611,0.0384,0.9829289,2.3596,34
34.2093,33.8318,-33.8155,0.0001278,O=c1nc(COCC2COc3cccnc32)[nH]c2c1CCC2,1,O=c1nc(COCC2COc3cccnc32)[nH]c2c1CCC2,0.0000000,0.0000,0.5868495,0.5868,0.9205562,3.4040,34
40.4257,41.3699,-41.3642,0.0000445,C=CCCC(=O)OC1CCC2(C)C3C(=CCC2(C)OC1(C)C)C1(C)CCC(=O)C(C)(C)C1CC3O,1,O=C1CCC2C3=CCC4OCCCCC4C3CCC2C1,0.0000000,0.0000,0.0360443,0.0360,0.4794437,5.0536,34
30.4097,31.5625,-31.5470,0.0001211,COc1ccccc1C(=O)NC(C(=O)N1CC(C)SCC1C(=O)O)C(C)C,1,O=C(NCC(=O)N1CCSCC1)c1ccccc1,0.0000000,0.0000,0.4960288,0.4960,0.9309000,3.3059,34
31.1446,30.6340,-30.6187,0.0001200,C=c1c(=Cc2c(OC)c(C)c(O)oc2=O)cc(C)n1-c1ccccc1O,1,C=c1c(=Cc2cccoc2=O)ccn1-c1ccccc1,0.0000000,0.0000,0.4862590,0.4863,0.9213161,3.3972,34
8.7585,34.5728,-34.5728,0.0000000,O=C1C(=C(O)C=CC=CN(CCO)CCO)C(=O)c2ccccc21,1,C=C1C(=O)c2ccccc2C1=O,1.0000000,1.0000,0.6271539,0.6272,0.9496695,3.0864,34
30.1735,33.0810,-33.0650,0.0001254,CC1(C(=O)N2CCC(C(N)=O)(n3cc(C(N)=O)c(=Nc4ccccc4)[nH]3)CC2)CCOCC1,1,O=C(C1CCOCC1)N1CCC(n2ccc(=Nc3ccccc3)[nH]2)CC1,0.0000000,0.0000,0.5581246,0.5581,0.9094694,3.4970,34
28.0767,29.4401,-29.4218,0.0001425,CN(C)Cc1cnn(CCC(O)(CC(=O)O)C(=O)O)c1,1,c1cn[nH]c1,0.0000000,0.0000,0.8042248,0.8042,0.9390934,3.2179,34
20.0838,21.0801,-21.0644,0.0001222,COc1ccccc1C(=O)OCC(=O)NC1CCCCC1,1,O=C(COC(=O)c1ccccc1)NC1CCCCC1,0.0000000,0.0000,0.4916788,0.4917,0.9934636,1.7273,34
24.6305,23.0591,-23.0422,0.0001319,COc1ccc(NC(=O)Cn2[nH]c(C)c(C#N)c2=N)cc1,1,N=c1cc[nH]n1CC(=O)Nc1ccccc1,0.0000000,0.0000,0.6243842,0.6244,0.9769263,2.5599,34
25.2913,27.5554,-27.5386,0.0001305,C=C1C(=O)OC(C)C1(O)CCC1CC1,1,C=C1C(=O)OCC1CCC1CC1,0.0000000,0.0000,0.6905529,0.6906,0.7744346,4.1964,34
20.2858,18.9062,-18.8938,0.0000962,CC(C)C(CO)NCc1nc(-c2cccc(Cl)c2)ccc1F,1,c1ccc(-c2ccccn2)cc1,0.0000000,0.0000,0.2437379,0.2437,0.9675829,2.7876,34
24.4316,25.1578,-25.1435,0.0001119,CC(=O)Nc1ccc2c(c1)nc(CCNC(=O)C1CCCCC1)n2C,1,O=C(NCCc1nc2ccccc2[nH]1)C1CCCCC1,0.0000000,0.0000,0.3781463,0.3781,0.9882415,2.1132,34
22.0105,22.3374,-22.3235,0.0001092,COc1cc(O)ccc1NC(=O)Nc1ccccc1,1,O=C(Nc1ccccc1)Nc1ccccc1,0.0000000,0.0000,0.3502276,0.3502,0.9946422,1.5970,34
26.0793,28.2550,-28.2404,0.0001138,CC1CCN(C(O)C=Cc2ccc(Cl)nc2)CC1,1,C(=Cc1cccnc1)CN1CCCCC1,0.0000000,0.0000,0.4075120,0.4075,0.9486467,3.1002,34
8.0409,43.2454,52.3826,0.7470941,CCCCN(C)C=CC=CC(O)=C1C(=O)NC(=O)N(C2CCCC2)C1=O,1,C=C1C(=O)NC(=O)N(C2CCCC2)C1=O,1.0000000,1.0000,0.4300062,0.4300,0.9476316,3.1136,34
15.4264,39.3140,9.0431,0.3777905,CC(C)=CCCC1(C)C(=C(O)C=CC=CN(C)CCO)C(=O)CC1CC=C(C)C,1,C=C1CCCC1=O,1.0000000,1.0000,0.0685765,0.0686,0.6565399,4.5779,34
12.6059,39.8446,70.7937,0.8643619,CN(C=CC=CC(O)=C1C(=O)C(O)C1(C)O)CCO,1,C=C1CCC1=O,1.0000000,1.0000,0.8206798,0.8207,0.6574275,4.5754,34
14.1543,31.0233,-31.0069,0.0001285,COC(=O)C(OC)=C1C(=O)OC(C)(C)N(c2ccccc2)C1=O,1,C=C1C(=O)OCN(c2ccccc2)C1=O,0.0000000,0.0000,0.5846764,0.5847,0.9546655,3.0149,34
21.7240,31.0120,-30.9977,0.0001118,CC(C)CC(=O)N=C1C(=O)N(c2ccccc2)C(=O)C1(O)Cc1ccccc1,1,N=C1C(=O)N(c2ccccc2)C(=O)C1Cc1ccccc1,0.0000000,0.0000,0.3863847,0.3864,0.9468215,3.1242,34
23.6807,25.2759,-25.2591,0.0001305,CC(C)CC(NC(=O)CN1CCN(c2ccccc2)CC1)C(=O)O,1,c1ccc(N2CCNCC2)cc1,0.0000000,0.0000,0.6020252,0.6020,0.9849088,2.2780,34
16.9100,19.8374,-19.8194,0.0001409,O=C1NCc2ccccc2NC1=O,1,O=C1NCc2ccccc2NC1=O,0.0000000,0.0000,0.7580108,0.7580,0.9829566,2.3585,34
10.7964,44.7095,-44.7095,0.0000000,CN(C=CC=CC(O)=C1C(=O)N(C)C(=O)N(C)C1=O)CCO,1,C=C1C(=O)NC(=O)NC1=O,1.0000000,1.0000,0.7736070,0.7736,0.9253395,3.3602,34
20.7161,22.5722,-22.5582,0.0001100,O=C1OC(c2ccoc2)CN1C1CCCCC1,1,O=C1OC(c2ccoc2)CN1C1CCCCC1,0.0000000,0.0000,0.3682140,0.3682,0.9479830,3.1090,34
25.8713,25.4427,-25.4326,0.0000783,OC1(c2cc(-c3cccc(C(F)(F)F)c3)no2)CCCCC1,1,c1ccc(-c2cc(C3CCCCC3)on2)cc1,0.0000000,0.0000,0.1306416,0.1306,0.9760824,2.5838,34
23.3249,24.9625,-24.9440,0.0001448,Cn1c(=O)c2c(nc(CCCN)n2C)n(C)c1=O,1,O=c1[nH]c(=O)c2[nH]cnc2[nH]1,0.0000000,0.0000,0.8237173,0.8237,0.9801517,2.4596,34
21.3259,20.1801,-20.1656,0.0001127,O=c1cc(-c2ccco2)[nH]c2ccccc12,1,O=c1cc(-c2ccco2)[nH]c2ccccc12,0.0000000,0.0000,0.3868867,0.3869,0.9883565,2.1068,34
28.9208,36.7932,-36.7755,0.0001383,Cc1cc(C=CC=CC(=O)O)c(=O)n(C2OC(CO)C(O)C(O)C2O)n1,1,O=c1cccnn1C1CCCCO1,0.0000000,0.0000,0.8282106,0.8282,0.7643957,4.2333,34
24.9744,26.8913,-26.8780,0.0001040,CC(=O)c1ccc(-c2ccc(C=C3C(=O)OC(C)(C)OC3=O)o2)cc1O,1,O=C1OCOC(=O)C1=Cc1ccc(-c2ccccc2)o1,0.0000000,0.0000,0.3070199,0.3070,0.9712572,2.7068,34
9.1549,39.2759,-39.2759,0.0000000,CN(O)C=CC=CC(O)=C1C(=O)NC(=O)NC1=O,1,C=C1C(=O)NC(=O)NC1=O,1.0000000,1.0000,0.8135958,0.8136,0.9128865,3.4695,34
22.7210,25.6064,-25.5895,0.0001318,C=C(C)C(=O)Nc1cccc(C(=O)O)c1O,1,c1ccccc1,0.0000000,0.0000,0.6187573,0.6188,0.9880905,2.1216,34
18.5230,19.5135,-19.5012,0.0000962,COc1cc2c(cc1OC)C(=O)C(=Cc1ccc(O)cc1)CC2,1,O=C1C(=Cc2ccccc2)CCc2ccccc21,0.0000000,0.0000,0.2407164,0.2407,0.9868872,2.1851,34
9.8654,39.1452,-39.1452,0.0000000,CN(C)C=CC=CC(O)=C1C(=O)NC(=O)NC1=O,1,C=C1C(=O)NC(=O)NC1=O,1.0000000,1.0000,0.7990025,0.7990,0.9401493,3.2058,34
8.2094,34.0590,36.6275,0.5522383,CCCCN(C)C=CC=CC(O)=C1C(=O)CCCC1(C)C,1,C=C1CCCCC1=O,1.0000000,1.0000,0.1771957,0.1772,0.9148941,3.4529,34
25.0529,22.6252,-22.6131,0.0000948,NCC(c1ccccc1)(c1ccccc1)c1cccc(O)c1,1,c1ccc(C(c2ccccc2)c2ccccc2)cc1,0.0000000,0.0000,0.2301786,0.2302,0.9873612,2.1608,34
24.2884,30.5892,-30.5751,0.0001105,CCOC(=O)C=C1OC(=O)N(C)C(c2ccc(Cl)cc2)=C1C(=O)OC,1,C=C1C=C(c2ccccc2)NC(=O)O1,0.0000000,0.0000,0.3694613,0.3695,0.9646110,2.8468,34
12.5094,41.4983,70.1188,0.8720084,CC1(C)OC(=O)C(=C(O)C=CC=CN2CCNCC2)C1=O,1,O=C1COC(=O)C1=CC=CC=CN1CCNCC1,1.0000000,1.0000,0.7019017,0.7019,0.9052114,3.5300,34
25.0648,24.6585,-24.6433,0.0001184,Cc1cccc(=NC(=O)c2nc(S(=O)(=O)CC(C)C)ncc2Cl)[nH]1,1,O=C(N=c1cccc[nH]1)c1ccncn1,0.0000000,0.0000,0.4663521,0.4664,0.9232541,3.3796,34
25.6865,26.8478,-26.8379,0.0000772,O=C(NCCc1ccccc1)c1ccc(OCCCN2CCc3ccccc3C2)cc1,1,O=C(NCCc1ccccc1)c1ccc(OCCCN2CCc3ccccc3C2)cc1,0.0000000,0.0000,0.1241632,0.1242,0.9910589,1.9329,34
25.7610,33.2551,-33.2374,0.0001384,CC1=CC(=O)C(C=COC(N)=O)=C(O)C1=O,1,O=C1C=CC(=O)C=C1,0.0000000,0.0000,0.7561379,0.7561,0.8987396,3.5777,34
19.5674,23.3333,-23.3161,0.0001339,CN1C(=O)N=C(Cc2ccc(-n3cncn3)cc2)C1=O,1,O=C1N=C(Cc2ccc(-n3cncn3)cc2)C(=O)N1,0.0000000,0.0000,0.6554073,0.6554,0.9699426,2.7368,34
7.2631,41.6289,-41.6289,0.0000000,CN1C(=O)C(=C(O)C=CC=CN2CCCC2)C(=O)N(C)C1=O,1,O=C1NC(=O)C(=CC=CC=CN2CCCC2)C(=O)N1,1.0000000,1.0000,0.6592816,0.6593,0.9417220,3.1874,34
19.4579,21.8528,-21.8383,0.0001135,O=C1OC(=Cc2ccc(O)c(O)c2)C(=O)N1c1ccccc1,1,O=C1OC(=Cc2ccccc2)C(=O)N1c1ccccc1,0.0000000,0.0000,0.3964705,0.3965,0.9822114,2.3869,34
9.3795,41.5852,-41.5852,0.0000000,CN1C(=O)C(=C(O)C=CC=CN2CCCC2)C(=O)N(C)C1=O,2,O=C1NC(=O)C(=CC=CC=CN2CCCC2)C(=O)N1,0.0000000,1.0000,0.0000000,0.6593,0.0000000,3.1874,34
37.3320,38.7513,-38.7377,0.0001061,CC(CN1N(c2cccc(Cl)c2)C(=O)N(C)CC1(C)C)OC(N)=S,1,O=C1NCCNN1c1ccccc1,0.0000000,0.0000,0.3496941,0.3497,0.8569416,3.8338,34
18.2494,56.8742,37.0729,0.7339615,CCOC(=O)C=CC=CC=C1C(=O)C(=C(O)C=CC=CN(C)C)C(C)=[N+]1[O-],1,C=C1C=[NH+]C(=C)C1=O,1.0000000,1.0000,0.4359504,0.4360,0.8428881,3.9057,34
20.3698,27.6580,-27.6473,0.0000835,C=CC=CC=CC=CC=CC=Nc1ccccc1O,1,c1ccccc1,0.0000000,0.0000,0.1628299,0.1628,0.9290992,3.3239,34
10.3675,44.0781,-44.0781,0.0000000,CN1C(=O)C(=O)C(=C(O)C=CC=CN2CCCC2)C1=O,1,O=C1NC(=O)C(=CC=CC=CN2CCCC2)C1=O,1.0000000,1.0000,0.7261907,0.7262,0.9369714,3.2417,34
28.5718,28.8568,-28.8395,0.0001356,Cc1noc(CN2C(=O)c3ccc(N)cc3S2(=O)=O)n1,1,O=C1c2ccccc2S(=O)(=O)N1Cc1ncno1,0.0000000,0.0000,0.6798168,0.6798,0.9703289,2.7281,34
18.0390,21.2747,-21.2583,0.0001279,CC1CCC(NC(=O)CCN2CCCC2)CC1,1,O=C(CCN1CCCC1)NC1CCCCC1,0.0000000,0.0000,0.5641038,0.5641,0.9911023,1.9297,34
23.2598,21.1443,-21.1312,0.0001017,O=C(Cn1ncc2ccccc21)Nc1ccccc1Cl,1,O=C(Cn1ncc2ccccc21)Nc1ccccc1,0.0000000,0.0000,0.2834706,0.2835,0.9927501,1.7952,34
40.5659,42.3158,-42.3037,0.0000948,CCCC1C(=O)NC(CC(C)C)C2=NC(C)=C(C(=O)NCC(=O)O)C(CCc3ccccc3)N2C1C(=O)NC(C)C,1,O=C1CCN2C(=NC=CC2CCc2ccccc2)CN1,0.0000000,0.0000,0.2724787,0.2725,0.7334866,4.3405,34
24.4906,54.8043,8.2055,0.4922641,COC1CC2C(C)(C)C(=O)CCC2(C)C2CC(=O)C(=C(O)C=CC=CN(C)C=O)C12C,1,C=C1C(=O)CC2C1CCC1CC(=O)CCC12,1.0000000,1.0000,0.1801989,0.1802,0.4858187,5.0370,34
9.1175,48.4156,-48.4156,0.0000000,CC1(C)OC(=O)C(=C(O)C=CC=CNc2ccccc2)C(=O)O1,1,O=C1OCOC(=O)C1=CC=CC=CNc1ccccc1,1.0000000,1.0000,0.3872023,0.3872,0.9570252,2.9784,34
9.0169,38.7544,46.6557,0.6672667,CCC1=C(C)C(=C(O)C=CC=CN(C)C)C(=O)C1C,1,C=C1C=CCC1=O,1.0000000,1.0000,0.3356597,0.3357,0.8076966,4.0651,34
31.8910,31.0105,-30.9946,0.0001238,CCN=c1cc(-c2nc(C(=O)NCC)c[nH]2)c(Cl)c[nH]1,1,N=c1cc(-c2ncc[nH]2)cc[nH]1,0.0000000,0.0000,0.5432747,0.5433,0.8904158,3.6352,34
24.7419,29.0266,-29.0092,0.0001356,CCOC1(O)OC(c2ccc(O)cc2)=NN1C(C)=O,1,c1ccc(C2=NNCO2)cc1,0.0000000,0.0000,0.7035474,0.7035,0.9156938,3.4462,34
27.5390,27.8720,-27.8576,0.0001126,COc1ccc(NC(=O)CN2CCC(NC(=O)c3ccc([N+](=O)[O-])cc3)CC2)c(OC)c1,1,O=C(CN1CCC(NC(=O)c2ccccc2)CC1)Nc1ccccc1,0.0000000,0.0000,0.3855490,0.3855,0.9892313,2.0553,34
27.3916,34.0855,-34.0712,0.0001112,CC=CC=CC=C(C)C=C1OC(C)(C)OC(=O)NC1=O,1,C=C1OCOC(=O)NC1=O,0.0000000,0.0000,0.3947793,0.3948,0.8893670,3.6422,34
8.4271,35.5291,71.5082,0.8362293,CN(C)C=CC=CC(O)=C1C(=O)OC1(C)C,1,C=C1COC1=O,1.0000000,1.0000,0.6268686,0.6269,0.8854200,3.6679,34
17.9814,18.8524,-18.8360,0.0001283,CC1CN(S(=O)(=O)c2ccc(F)cc2)CC(C)O1,1,O=S(=O)(c1ccccc1)N1CCOCC1,0.0000000,0.0000,0.5750071,0.5750,0.9741426,2.6359,34
24.0963,22.3728,-22.3599,0.0001010,COc1ccccc1Cn1c(=O)n(CCC(=O)NCCc2ccccc2)c(=O)c2sccc21,1,O=C(CCn1c(=O)c2sccc2n(Cc2ccccc2)c1=O)NCCc1ccccc1,0.0000000,0.0000,0.2791138,0.2791,0.9847572,2.2846,34
37.4171,38.2734,-38.2669,0.0000507,Cc1cccc(C)c1OCC(=O)NC(Cc1ccccc1)C(=O)C(O)N1C(C(=O)Nc2ccc(Cl)c(C(F)(F)F)c2)CC(F)C1C,1,O=C(COc1ccccc1)NC(Cc1ccccc1)C(=O)CN1CCCC1C(=O)Nc1ccccc1,0.0000000,0.0000,0.0411337,0.0411,0.7515622,4.2789,34
14.6055,37.4098,-37.4098,0.0000000,CC(C)CN(C)C=CC=CC(O)=C1C(=O)NC(=O)NC1=O,1,C=C1C(=O)NC(=O)NC1=O,1.0000000,1.0000,0.7022352,0.7022,0.9251207,3.3622,34
31.3406,34.8822,-34.8650,0.0001350,CC(C)(C(=O)N1CCOCC1)S(=O)(=O)CCCCN=C=S,1,C1COCCN1,0.0000000,0.0000,0.6784979,0.6785,0.9514264,3.0620,34
30.2669,31.8003,-31.7923,0.0000624,CC(C)NC(=O)N1CCC2(C=C(c3ccccc3)c3c(Cl)cccc32)CC1,1,C1=C(c2ccccc2)c2ccccc2C12CCNCC2,0.0000000,0.0000,0.0671325,0.0671,0.9522824,3.0499,34
20.7044,24.4841,-24.4667,0.0001361,Cc1cc(=O)c2c(=O)c3ccccc3c(=O)c=2c1=O,1,O=c1ccc(=O)c2c(=O)c3ccccc3c(=O)c1=2,0.0000000,0.0000,0.6888151,0.6888,0.9687743,2.7624,34
17.0408,20.5056,-20.4868,0.0001468,CN1CC(O)CC1C(=O)O,1,C1CCNC1,0.0000000,0.0000,0.8778424,0.8778,0.9430061,3.1720,34
7.0013,43.4123,-43.4123,0.0000000,CC1=C(C)C(=C(O)C=CC=CN(C)CCO)C(=O)C1=O,1,C=C1C=CC(=O)C1=O,1.0000000,1.0000,0.6651215,0.6651,0.9035316,3.5427,34
11.2907,45.8489,-45.8489,0.0000000,CCCCCCCN1C(=O)NC(=O)C(=C(O)C=CC=CN(CCO)CCO)C1=O,1,C=C1C(=O)NC(=O)NC1=O,1.0000000,1.0000,0.6404416,0.6404,0.9418818,3.1855,34
25.4511,25.5422,-25.5289,0.0001043,CC1CN(C(=O)c2cc(Cc3n[nH]c(=O)c4c3NCCC4)ccc2F)CCN1S(=O)(=O)c1ccccc1,1,O=C(c1cccc(Cc2n[nH]c(=O)c3c2NCCC3)c1)N1CCN(S(=O)(=O)c2ccccc2)CC1,0.0000000,0.0000,0.3165069,0.3165,0.9333594,3.2805,34
9.3531,51.1476,58.5839,0.8572778,CC1=C(CC(=O)O)OC(=O)C1=C(O)C=CC=CN(C)CCO,1,C=C1C=COC1=O,1.0000000,1.0000,0.6778292,0.6778,0.8798887,3.7027,34
6.9266,34.4326,-34.4326,0.0000000,CC1=CC(=O)C(=O)C1=C(O)C=CC=CN(C)CCO,1,C=C1C=CC(=O)C1=O,1.0000000,1.0000,0.7159338,0.7159,0.9047947,3.5332,34
29.8537,31.0903,-31.0756,0.0001153,CC(=O)N(C(=O)c1ccccc1)C(=S)NC(=O)OC(C)(C)C,1,c1ccccc1,0.0000000,0.0000,0.4158139,0.4158,0.9793892,2.4847,34
12.8146,19.0318,-19.0149,0.0001318,C=CCN1C(=O)NC(=O)C(=Cc2ccc(OC)cc2)C1=O,1,O=C1NC(=O)C(=Cc2ccccc2)C(=O)N1,0.0000000,0.0000,0.6196343,0.6196,0.9861776,2.2199,34
33.8641,35.2453,-35.2317,0.0001064,Cc1nc(=N)[nH]c2c1C(=O)NC2(C)CCc1ccc(C(=O)NCc2ccccc2)cc1,1,N=c1ncc2c([nH]1)C(CCc1ccc(C(=O)NCc3ccccc3)cc1)NC2=O,0.0000000,0.0000,0.3350487,0.3350,0.9379014,3.2314,34
7.1553,36.5031,-36.5031,0.0000000,CCCCN(C)C=CC=CC(O)=C1C(=O)NC(=O)NC1=O,1,C=C1C(=O)NC(=O)NC1=O,1.0000000,1.0000,0.6952576,0.6953,0.9382044,3.2280,34
32.6812,35.1672,-35.1520,0.0001185,CCC(C)CC(C)C=CC=CC1OC(C(=O)O)(C(=O)O)CC(O)C1O,1,C1CCOCC1,0.0000000,0.0000,0.5941988,0.5942,0.6054703,4.7210,34
25.6149,25.6446,-25.6303,0.0001114,CC(=CCCC(O)CC(=O)O)CCCc1ccoc1,1,c1ccoc1,0.0000000,0.0000,0.3828407,0.3828,0.9467141,3.1256,34
22.7158,24.4265,-24.4147,0.0000916,COC(=O)c1c(-c2ccccc2)c2cc(Cl)ccc2[nH]c1=N,1,N=c1cc(-c2ccccc2)c2ccccc2[nH]1,0.0000000,0.0000,0.2080486,0.2080,0.9828987,2.3608,34
31.8063,32.0663,-32.0504,0.0001243,CC(C)=CCn1c(=O)[nH]c2c(=O)n(C(C)C3CC3)cnc21,1,O=c1[nH]c2ncn(CC3CC3)c(=O)c2[nH]1,0.0000000,0.0000,0.5448941,0.5449,0.9064320,3.5207,34
20.6734,20.8509,-20.8357,0.0001188,Cc1ccc(-n2c(=S)[nH]c(O)c(C=NCCN3CCOCC3)c2=O)cc1C,1,O=c1c(C=NCCN2CCOCC2)c[nH]c(=S)n1-c1ccccc1,0.0000000,0.0000,0.4605559,0.4606,0.9593809,2.9401,34
7.5350,46.0707,-46.0707,0.0000000,CCC1=C(C)C(=C(O)C=CC=CN(CCO)CCO)C(=O)C1=O,1,C=C1C=CC(=O)C1=O,1.0000000,1.0000,0.6836803,0.6837,0.8919572,3.6249,34
8.0596,38.0641,-38.0641,0.0000000,CN(C)C=CC=CC(O)=C1C(=O)NC(=O)NC1=O,2,C=C1C(=O)NC(=O)NC1=O,0.0000000,1.0000,0.0000000,0.7990,0.0000000,3.2058,34
34.2446,39.0038,-38.9873,0.0001292,CC1(C)CC1C(=O)N=CCCCC(N)C(=O)OC1CC(CO)C(O)C1O,1,O=C(CCCCC=NC(=O)C1CC1)OC1CCCC1,0.0000000,0.0000,0.7601609,0.7602,0.6197307,4.6818,34
7.8959,40.8947,-40.8947,0.0000000,CN(C=CC=CC(O)=C1C(=O)NC(=O)NC1=O)CCO,1,C=C1C(=O)NC(=O)NC1=O,1.0000000,1.0000,0.8336890,0.8337,0.9223033,3.3883,34
32.5212,31.2433,-31.2313,0.0000939,O=C1Cc2ccccc2N(CCCNS(=O)(=O)c2ccccc2F)c2cccnc21,1,O=C1Cc2ccccc2N(CCCNS(=O)(=O)c2ccccc2)c2cccnc21,0.0000000,0.0000,0.2248188,0.2248,0.9794614,2.4824,34
20.5272,21.2521,-21.2471,0.0000389,CCCCCC=CCC=CCC=CCC=CCCCC(=O)N1CCN(C(=O)OC(C)(C)C)CC1,1,C1CNCCN1,0.0000000,0.0000,0.0161775,0.0162,0.9632411,2.8724,34
26.1517,27.8926,-27.8752,0.0001361,CS(=O)(=O)n1cc(C(=O)O)c(=O)c2ccccc21,1,O=c1cc[nH]c2ccccc12,0.0000000,0.0000,0.6807979,0.6808,0.9873611,2.1609,34
7.2345,38.8264,-38.8264,0.0000000,CN(C=CC=CC(O)=C1C(=O)NC(=O)NC1=O)CCO,2,C=C1C(=O)NC(=O)NC1=O,0.0000000,1.0000,0.0000000,0.8337,0.0000000,3.3883,34
16.1038,18.8905,-18.8739,0.0001298,CC1(C)NC(=S)N(c2ccccc2)C1=O,1,O=C1CNC(=S)N1c1ccccc1,0.0000000,0.0000,0.5915875,0.5916,0.9849097,2.2780,35
25.5898,27.0051,-26.9883,0.0001316,CCCc1c(O)[nH]c(=NS(=O)(=O)c2ccc(F)cc2)[nH]c1=O,1,O=c1cc[nH]c(=NS(=O)(=O)c2ccccc2)[nH]1,0.0000000,0.0000,0.6257998,0.6258,0.9598048,2.9330,35
28.0635,34.1988,-34.1812,0.0001376,CCOCCN1C(=S)C(C)(C)C(=O)N1O,1,O=C1CC(=S)NN1,0.0000000,0.0000,0.7355575,0.7356,0.9143373,3.4575,35
15.3734,40.9955,61.1678,0.7981502,CN(C=CC=CC(O)=C1CC(=O)C(=O)c2ccccc2C1=O)CCO,1,C=C1CC(=O)C(=O)c2ccccc2C1=O,1.0000000,1.0000,0.5296746,0.5297,0.9309542,3.3053,35
27.4322,29.2815,-29.2674,0.0001102,CN1CCc2cc3c(cc2C1)C1=C(CO3)c2cccc[n+]2CC1,1,c1cc[n+]2c(c1)C1=C(CC2)c2cc3c(cc2OC1)CCNC3,0.0000000,0.0000,0.3732050,0.3732,0.9358034,3.2545,35
30.1696,28.5773,-28.5680,0.0000729,CC(C)(C)OC(=O)N1CCC(c2c(C(=O)NC3CC3)cnn2-c2nc3ccccc3s2)CC1,1,O=C(NC1CC1)c1cnn(-c2nc3ccccc3s2)c1C1CCNCC1,0.0000000,0.0000,0.1052615,0.1053,0.9761029,2.5833,35
43.7537,42.2920,-42.2847,0.0000575,COc1ccc(-c2ccc(-c3nc4c(CO)cccc4[nH]3)c(-c3ccccc3)c2)cn1,1,c1ccc(-c2cc(-c3cccnc3)ccc2-c2nc3ccccc3[nH]2)cc1,0.0000000,0.0000,0.0515842,0.0516,0.9825217,2.3752,35
20.7872,24.6089,-24.5921,0.0001309,COCCN1C(=O)C(=O)N(CC(=O)c2ccc(Br)cc2)C1=O,1,O=C1NC(=O)N(CC(=O)c2ccccc2)C1=O,0.0000000,0.0000,0.6059333,0.6059,0.9873387,2.1620,35
25.4539,26.4202,-26.4034,0.0001313,NC1(CN2CCC(O)CC2)CCc2ccccc2C1,1,c1ccc2c(c1)CCC(CN1CCCCC1)C2,0.0000000,0.0000,0.6219587,0.6220,0.9599610,2.9303,35
25.9044,25.5214,-25.5066,0.0001151,CC(=O)Nc1ccc(C2CC(=O)N(Cc3ccncc3)C2)cc1,1,O=C1CC(c2ccccc2)CN1Cc1ccncc1,0.0000000,0.0000,0.4142946,0.4143,0.9790664,2.4950,35
20.8407,20.6873,-20.6700,0.0001352,OCC1OC(n2cnc3c(=NCc4cccnc4)[nH]cnc32)C(O)C1O,1,c1cncc(CN=c2[nH]cnc3c2ncn3C2CCCO2)c1,0.0000000,0.0000,0.7599470,0.7599,0.7873240,4.1473,35
46.0900,47.5875,-47.5717,0.0001234,CCOC(=O)C1C2c3c(C)c(N)cc4[nH]c(=O)n(c34)C(O)C(C)(O)C12,1,O=c1[nH]c2cccc3c2n1CCC1CC31,0.0000000,0.0000,0.6514850,0.6515,0.6370353,4.6336,35
38.3525,36.4648,-36.4609,0.0000303,O=C1C(CCn2cc(Cl)c3ccccc32)C(c2ccc(OCc3ccccc3)cc2)N1c1ccccc1,1,O=C1C(CCn2ccc3ccccc32)C(c2ccc(OCc3ccccc3)cc2)N1c1ccccc1,0.0000000,0.0000,0.0076629,0.0077,0.9493796,3.0903,35
15.7169,19.0893,-19.0724,0.0001318,CN(C)C=C1C(=O)N(C)c2ccccc21,1,C=C1C(=O)Nc2ccccc21,0.0000000,0.0000,0.6200654,0.6201,0.9840234,2.3157,35
27.6289,31.9193,-31.9035,0.0001237,Nc1nc(N)n(-c2ccc(C=CC(=O)OCc3ccccc3)cc2)c(=O)n1,1,O=C(C=Cc1ccc(-n2cncnc2=O)cc1)OCc1ccccc1,0.0000000,0.0000,0.5125436,0.5125,0.9829393,2.3592,35
39.1253,45.2214,-45.2066,0.0001160,C=CCN1CCCC2(CCN(C(C)C)CC2)C(O)(C=CN(C)C)C1=O,1,O=C1CC2(CCCN1)CCNCC2,0.0000000,0.0000,0.5072715,0.5073,0.7148693,4.4012,35
11.5746,45.1755,61.3027,0.8318606,CC1(C)CC(=O)C(=C(O)C=CC=CN2CCOCC2)C(=O)O1,1,O=C1CCOC(=O)C1=CC=CC=CN1CCOCC1,1.0000000,1.0000,0.6030669,0.6031,0.9217767,3.3931,35
21.0099,21.7894,-21.7741,0.0001196,CCCCC(=O)Oc1ccccc1,1,c1ccccc1,0.0000000,0.0000,0.4604985,0.4605,0.9955686,1.4727,35
22.8909,28.2705,-28.2531,0.0001354,CC1(C)N=C(N)N=C(N)N1OCc1cccc(CN=C=O)c1,1,C1=NC=NCN1OCc1ccccc1,0.0000000,0.0000,0.6909605,0.6910,0.9361319,3.2509,35
20.8730,20.5214,-20.5070,0.0001131,c1cncc(CN=c2[nH]cnc3c2[nH]c2ccccc23)c1,1,c1cncc(CN=c2[nH]cnc3c2[nH]c2ccccc23)c1,0.0000000,0.0000,0.3962887,0.3963,0.9653416,2.8327,35
11.2382,46.3936,45.1977,0.7155566,C=CCC1=C(C)C(=C(O)C=CC=CN2CCCC2)C(=O)C1=O,1,O=C1C=CC(=CC=CC=CN2CCCC2)C1=O,1.0000000,1.0000,0.3871065,0.3871,0.9081917,3.5071,35
26.6550,29.6186,-29.6056,0.0001021,CN1CCN(Cc2cc(N=Nc3ccccc3C(=O)O)ccc2O)CC1,1,c1ccc(N=Nc2cccc(CN3CCNCC3)c2)cc1,0.0000000,0.0000,0.2888888,0.2889,0.9812341,2.4224,35
34.7019,36.1326,-36.1168,0.0001235,CCN=c1ccc(N=S2(=O)CCC(=O)N2)c[nH]1,1,N=c1ccc(N=S2(=O)CCC(=O)N2)c[nH]1,0.0000000,0.0000,0.7106146,0.7106,0.5496237,4.8703,35
29.1592,27.0617,-27.0547,0.0000547,CON=C(c1ccc(Cl)cc1)c1ccccc1COc1ccccc1-c1noc(C)n1,1,N=C(c1ccccc1)c1ccccc1COc1ccccc1-c1ncon1,0.0000000,0.0000,0.0442748,0.0443,0.9814130,2.4160,35
30.5808,36.2971,-36.2812,0.0001243,CN1C=CC=CC1=CC=c1c(=O)c2ccccc2n2c1=NOCC2C(=O)O,1,O=c1c(=CC=C2C=CC=CN2)c2n(c3ccccc13)CCON=2,0.0000000,0.0000,0.5898134,0.5898,0.7880253,4.1446,35
21.4308,45.4758,52.4960,0.7654044,CCN(C=CC=CC(O)=C1CSC2C(=O)CCN2C1=O)CC,1,C=C1CSC2C(=O)CCN2C1=O,1.0000000,1.0000,0.5270847,0.5271,0.7535927,4.2718,35
37.0587,40.1454,-40.1323,0.0001021,CN1C(=O)C(C(=O)NCCCCCNC(=O)Nc2ccc(-c3csc(=N)[nH]3)cc2)c2ccccc2S1(=O)=O,1,N=c1[nH]c(-c2ccc(NC(=O)NCCCCCNC(=O)C3C(=O)NS(=O)(=O)c4ccccc43)cc2)cs1,0.0000000,0.0000,0.3031057,0.3031,0.8989081,3.5765,35
27.8611,26.1144,-26.1015,0.0001007,COc1cc(NC(=O)c2ccc3c(c2)OCCO3)c(OC)cc1NC(=O)CCN1CCCC1,1,O=C(CCN1CCCC1)Nc1ccc(NC(=O)c2ccc3c(c2)OCCO3)cc1,0.0000000,0.0000,0.2764757,0.2765,0.9860410,2.2264,35
9.8953,34.0085,-34.0085,0.0000000,CN(C)C=CC=CC(O)=C1C(=O)CCCC1(C)C,1,C=C1CCCCC1=O,1.0000000,1.0000,0.3664055,0.3664,0.9124747,3.4729,35
29.4514,29.5726,-29.5587,0.0001083,NCc1cccc(C(=O)NCCN2CCC3(CCc4ccccc43)CC2)c1,1,O=C(NCCN1CCC2(CCc3ccccc32)CC1)c1ccccc1,0.0000000,0.0000,0.3469615,0.3470,0.9712305,2.7074,35
24.6516,28.0816,-28.0650,0.0001297,O=C(O)C=CC=CCC=CCC=CCCCOCC1OC(O)C(O)C(O)C1O,1,C1CCOCC1,0.0000000,0.0000,0.6951845,0.6952,0.7403347,4.3175,35
10.6279,36.8193,-36.8193,0.0000000,CN(C)C=CC=CC(O)=C1C(=O)NC(=O)NC1=O,1,C=C1C(=O)NC(=O)NC1=O,1.0000000,1.0000,0.7990025,0.7990,0.9401493,3.2058,35
27.3824,28.0077,-27.9926,0.0001180,CC1COCCN1c1ccc(-c2cc[nH]c(=Nc3cnn(CCO)c3)n2)cc1C#N,1,c1cc(-c2ccc(N3CCOCC3)cc2)nc(=Nc2cn[nH]c2)[nH]1,0.0000000,0.0000,0.4850018,0.4850,0.8453336,3.8936,35
15.3249,42.2004,67.7663,0.8591150,CN1C(=O)C(=C(O)C=CC=CN2CCOCC2)N(C)C1=S,1,O=C1NC(=S)NC1=CC=CC=CN1CCOCC1,1.0000000,1.0000,0.6735278,0.6735,0.8998024,3.5701,35
30.2159,30.8749,-30.8603,0.0001147,O=C(O)COCCCCCOc1ccc(Cl)cc1[N+](=O)[O-],1,c1ccccc1,0.0000000,0.0000,0.4071753,0.4072,0.9891356,2.0611,35
18.1452,24.8132,-24.7959,0.0001350,O=C1NC(=O)C(c2ccsc2)O1,1,O=C1NC(=O)C(c2ccsc2)O1,0.0000000,0.0000,0.6909821,0.6910,0.9227726,3.3840,35
34.5645,36.3892,-36.3773,0.0000928,CCCCN(CCCCCN)C(O)N=C(C)C(Cl)c1ccccc1,1,c1ccccc1,0.0000000,0.0000,0.2279957,0.2280,0.8995569,3.5718,35
18.5856,21.5954,-21.5769,0.0001449,COCCN1C(=O)C(=CN(C)C)C(=O)NC1=S,1,C=C1C(=O)NC(=S)NC1=O,0.0000000,0.0000,0.8312338,0.8312,0.9668764,2.8021,35
25.2250,27.5227,-27.5056,0.0001337,CC(C)=CCC1(C(=O)O)C(=O)NC(=O)C1(C)C,1,O=C1CCC(=O)N1,0.0000000,0.0000,0.6968790,0.6969,0.8639962,3.7956,35
11.2382,46.3936,-46.3936,0.0000000,C=CCC1=C(C)C(=C(O)C=CC=CN2CCCC2)C(=O)C1=O,2,O=C1C=CC(=CC=CC=CN2CCCC2)C1=O,0.0000000,1.0000,0.0000000,0.3871,0.0000000,3.5071,35
10.8889,29.9483,-29.9321,0.0001264,CN1C(=O)NC(=O)C(=C(O)C=CC=Cc2ccccc2)C1=O,1,O=C1NC(=O)C(=CC=CC=Cc2ccccc2)C(=O)N1,0.0000000,0.0000,0.5498498,0.5498,0.9739660,2.6405,35
29.7728,35.9430,-35.9304,0.0000982,CC(=Cc1ccccc1)C(=O)NCc1ccc(C(=O)C=CN2CCOCC2)cc1,1,O=C(C=Cc1ccccc1)NCc1ccc(C(=O)C=CN2CCOCC2)cc1,0.0000000,0.0000,0.2575170,0.2575,0.9790903,2.4943,35
16.5392,16.4405,-16.4281,0.0000967,c1ccc(Cc2ccc(OCCN3CCCC3)cc2)cc1,1,c1ccc(Cc2ccc(OCCN3CCCC3)cc2)cc1,0.0000000,0.0000,0.2436509,0.2437,0.9946734,1.5932,35
15.1882,49.2886,-49.2886,0.0000000,CCNC=CC=CC(O)=C1C(=O)NC(=O)N(C)C1=O,1,C=C1C(=O)NC(=O)NC1=O,1.0000000,1.0000,0.7687978,0.7688,0.9295517,3.3194,35
15.3612,19.1741,-19.1572,0.0001322,CC1Cc2ccccc2N1C(=O)CN1CCN(C)CC1,1,O=C(CN1CCNCC1)N1CCc2ccccc21,0.0000000,0.0000,0.6273447,0.6273,0.9799854,2.4652,35
22.8776,25.5838,-25.5665,0.0001356,CC=CC=Cc1cn(C2CC(O)C(O)CO2)c(=O)[nH]c1=O,1,O=c1ccn(C2CCCCO2)c(=O)[nH]1,0.0000000,0.0000,0.7533601,0.7534,0.8135526,4.0403,35
20.0562,20.3698,-20.3539,0.0001247,COc1cc(OC)nc(Oc2ccc(C(=O)O)cc2)n1,1,c1ccc(Oc2ncccn2)cc1,0.0000000,0.0000,0.5240476,0.5240,0.9885044,2.0983,35
12.0664,39.8737,40.4043,0.6271716,CCCCN(C)C=CC=CC(O)=C1C(=O)C(C)(C)C(=O)C=C1C,1,C=C1C=CC(=O)CC1=O,1.0000000,1.0000,0.2608835,0.2609,0.9067700,3.5181,35
9.4829,45.5847,60.1554,0.8260943,CCCCN(C)C=CC=CC(O)=C1C(=O)N(C2OC(CO)C(O)C(O)C2O)N=C1C,1,C=C1C=NN(C2CCCCO2)C1=O,1.0000000,1.0000,0.7351031,0.7351,0.6284867,4.6575,35
21.0549,20.4830,-20.4705,0.0000970,O=C(CSc1nc2ccccc2s1)NN=Cc1ccccc1,1,O=C(CSc1nc2ccccc2s1)NN=Cc1ccccc1,0.0000000,0.0000,0.2465973,0.2466,0.9901398,1.9973,35
26.6321,26.2450,-26.2298,0.0001189,COc1cccc(N=C(N)c2ccc(C(=O)O)cc2)c1,1,C(=Nc1ccccc1)c1ccccc1,0.0000000,0.0000,0.4532221,0.4532,0.9907769,1.9534,35
25.3321,24.4042,-24.3914,0.0001003,CC1CN(C(C)CO)C(=O)c2cc(N3CCCCC3)cnc2OC1CN(C)S(=O)(=O)c1ccc(F)cc1,1,O=C1NCCC(CNS(=O)(=O)c2ccccc2)Oc2ncc(N3CCCCC3)cc21,0.0000000,0.0000,0.2888288,0.2888,0.8915557,3.6276,35
33.3208,33.4255,-33.4082,0.0001349,CNC(=O)CSc1cc(C(=O)N=C(N)N)c(Br)cc1N,1,c1ccccc1,0.0000000,0.0000,0.6708367,0.6708,0.9673001,2.7935,35
40.7178,46.5421,-46.5421,0.0000000,c1c(C)cc(C)c(S(=O)(=O)N=C(C(C)C)C(C#N)C=NO)n1COC,0,,0.0000000,0.0000,0.0000000,0.0000,0.0000000,0.0000,35
23.5112,57.4708,41.6530,0.7744049,CC1=C(CCCS(=O)(=O)c2ccccc2)C(=O)C(=O)C1=C(O)C=CC=CN(CCO)CCO,1,C=C1C=C(CCCS(=O)(=O)c2ccccc2)C(=O)C1=O,1.0000000,1.0000,0.4858208,0.4858,0.9241646,3.3712,35
28.5319,26.4569,-26.4415,0.0001201,CCCCN(C(=O)COC(=O)c1cccnc1Cl)c1c(N)n(CC(C)C)c(=O)[nH]c1=O,1,O=C(COC(=O)c1cccnc1)Nc1c[nH]c(=O)[nH]c1=O,0.0000000,0.0000,0.4708606,0.4709,0.9754828,2.6004,35
22.6043,20.5864,-20.5745,0.0000929,Oc1ccc2c(c1)COC=C2c1ccc(OCCN2CCCC2)cc1,1,C1=C(c2ccc(OCCN3CCCC3)cc2)c2ccccc2CO1,0.0000000,0.0000,0.2173174,0.2173,0.9797148,2.4741,35
20.2713,21.7993,-21.7825,0.0001318,N=c1[nH]cnc2c1c(=N)[nH]n2C1OC(CO)C(O)C(O)C1O,1,N=c1[nH]cnc2c1c(=N)[nH]n2C1CCCCO1,0.0000000,0.0000,0.9001328,0.9001,0.5128197,4.9666,35
24.8414,23.7441,-23.7282,0.0001240,CC(=O)c1cccc(NCc2ncc[nH]2)c1,1,c1ccc(NCc2ncc[nH]2)cc1,0.0000000,0.0000,0.5155001,0.5155,0.9884042,2.1041,35
28.8111,32.9362,-32.9263,0.0000777,COC1CCC2(C)C(CCC3(C)C2C(=O)CC2=C4C(O)C(O)C(O)C(C)(CO)C4(C)CCC23C)C1(C)CO,1,O=C1CC2=C3CCCCC3CCC2C2CCC3CCCCC3C12,0.0000000,0.0000,0.2548363,0.2548,0.2901356,5.5829,35
24.8453,25.9177,-25.9008,0.0001325,CC(=O)N1CCC2(C1)CN(c1ccncc1)CCO2,1,c1cc(N2CCOC3(CCNC3)C2)ccn1,0.0000000,0.0000,0.6593509,0.6594,0.9069020,3.5171,35
33.9136,33.3804,-33.3723,0.0000631,CC(C)Cn1cc2nc(-c3cccc4sccc34)ccc2c1O,1,c1cc(-c2ccc3c[nH]cc3n2)c2ccsc2c1,0.0000000,0.0000,0.0685679,0.0686,0.9719871,2.6895,35
29.8093,31.1024,-31.0923,0.0000788,COC1C(OC2CCC3(C)C(C2)C(O)CC2C3CCC3(C)C(c4coc(O)c4)CCC23O)OC(C)C(O)C1O,1,c1cc(C2CCC3C2CCC2C4CCC(OC5CCCCO5)CC4CCC23)co1,0.0000000,0.0000,0.2381200,0.2381,0.3529407,5.3949,35
20.8185,20.9383,-20.9244,0.0001085,Cc1noc(C)c1CCC1CCN(S(=O)(=O)CC2(N(O)C=O)CCCCC2)CC1,1,O=S(=O)(CC1CCCCC1)N1CCC(CCc2cnoc2)CC1,0.0000000,0.0000,0.3531758,0.3532,0.9493409,3.0909,35
32.4206,30.8812,-30.8704,0.0000850,Cc1ccc([N+](=O)[O-])c(N(C)C(=O)Nc2c(C)cccc2C)c1,1,O=C(Nc1ccccc1)Nc1ccccc1,0.0000000,0.0000,0.1660445,0.1660,0.9864419,2.2072,35
7.0104,40.6643,-40.6643,0.0000000,O=C1NC(=O)C(=C(O)C=CC=CN2CCCC2)C(=O)N1,1,O=C1NC(=O)C(=CC=CC=CN2CCCC2)C(=O)N1,1.0000000,1.0000,0.7427731,0.7428,0.9406392,3.2001,35
27.1423,27.7309,-27.7145,0.0001280,CN=c1[nH]c(C(=O)NN=Cc2cc(OC)cc(OC)c2)cs1,1,N=c1[nH]c(C(=O)NN=Cc2ccccc2)cs1,0.0000000,0.0000,0.5783024,0.5783,0.9545186,3.0171,35
20.7848,23.1705,-23.1528,0.0001384,O=C1NCCN(CC2CC2)C1CC(=O)N1CCCCC1,1,O=C1NCCN(CC2CC2)C1CC(=O)N1CCCCC1,0.0000000,0.0000,0.7252633,0.7253,0.9680691,2.7775,35
17.5070,25.0330,-25.0147,0.0001434,CCCN1CC(=O)N(C)C(C)C1=O,1,O=C1CNC(=O)CN1,0.0000000,0.0000,0.8109977,0.8110,0.9556816,2.9994,35
22.9229,27.1318,-27.1139,0.0001399,CC=CC1=CC(=O)C(CO)(CO)C1,1,O=C1C=CCC1,0.0000000,0.0000,0.7929072,0.7929,0.8738590,3.7391,35
39.3121,69.5803,-10.4770,0.4617442,CCCCC12C=C(C)C(=O)C1OC1C(=O)C(=C(O)C=CC=CN(C)CCCO)C(C)(C)C(=O)C1=C2C,1,C=C1CC(=O)C2=CC3C=CC(=O)C3OC2C1=O,1.0000000,1.0000,0.1536674,0.1537,0.4587640,5.1077,35
26.8702,28.2743,-28.2584,0.0001239,CCCOc1ccc(F)c(CC(=O)N2CCC(O)CC2)c1,1,O=C(Cc1ccccc1)N1CCCCC1,0.0000000,0.0000,0.5138477,0.5138,0.9890074,2.0689,35
19.1966,23.0026,-22.9848,0.0001391,COC(=O)C1CC(C)=C(C)C(=O)O1,1,O=C1C=CCCO1,0.0000000,0.0000,0.7470943,0.7471,0.9421045,3.1828,35
24.7376,25.7106,-25.6964,0.0001109,CCN=c1[nH]c2cc(-c3cccc(F)c3)sc2c(=O)n1C,1,N=c1[nH]c(=O)c2sc(-c3ccccc3)cc2[nH]1,0.0000000,0.0000,0.3755692,0.3756,0.9551800,3.0071,35
29.2771,29.7813,-29.7656,0.0001230,C=CCC=NC(=O)c1c(O)[nH]c2cc([N+](=O)[O-])ccc2c1=O,1,O=c1cc[nH]c2ccccc12,0.0000000,0.0000,0.5189589,0.5190,0.9345416,3.2681,35
18.9827,19.2047,-19.1884,0.0001270,CCCn1c(=O)[nH]c2[nH]c(-c3ccc(OC)cc3)nc2c1=O,1,O=c1[nH]c(=O)c2nc(-c3ccccc3)[nH]c2[nH]1,0.0000000,0.0000,0.5559530,0.5560,0.9793911,2.4846,35
18.5798,18.3463,-18.3295,0.0001311,O=c1[nH]c(O)c(-c2cccs2)o1,1,O=c1[nH]cc(-c2cccs2)o1,0.0000000,0.0000,0.6168578,0.6169,0.9645951,2.8471,35
23.7934,23.7969,-23.7881,0.0000684,C=Cc1cccc(-c2ccc3ccccc3c2)c1,1,c1ccc(-c2ccc3ccccc3c2)cc1,0.0000000,0.0000,0.0861892,0.0862,0.9932464,1.7487,35
25.3024,26.1939,-26.1784,0.0001210,Cc1nc(CNC(=O)N2CCCN(CC3CCOCC3)CC2)cs1,1,O=C(NCc1cscn1)N1CCCN(CC2CCOCC2)CC1,0.0000000,0.0000,0.4801336,0.4801,0.9816096,2.4090,35
9.0339,42.6789,77.6843,0.9403377,O=C1NC(=O)C(=C(O)C=CC=CN(CCO)CCO)C1=O,1,C=C1C(=O)NC(=O)C1=O,1.0000000,1.0000,0.8756584,0.8757,0.9133863,3.4654,35
25.2882,32.0514,-32.0348,0.0001291,CCC1C(=O)N(C)CC(=O)N(C)C(=O)N1c1cccc(OC)c1,1,O=C1CN(c2ccccc2)C(=O)NC(=O)CN1,0.0000000,0.0000,0.5911303,0.5911,0.9583099,2.9578,35
24.7169,24.2635,-24.2595,0.0000314,CC(C)=CCCC(C)C1CCC2(C)C3=C(CCC12C)C1(C)CC(O)C(O)C(C)(C)C1CC3,1,C1CCC2C3=C(CCC2C1)C1CCCC1CC3,0.0000000,0.0000,0.0114254,0.0114,0.5767544,4.7984,35
9.3658,35.5524,72.9437,0.8476259,CN(C=CC=CC(O)=C1C(=O)CCC1(C)O)CCO,1,C=C1CCCC1=O,1.0000000,1.0000,0.7116859,0.7117,0.7613206,4.2444,35
26.0921,26.3400,-26.3222,0.0001384,Cc1nn(CCN)cc1SCC#N,1,c1cn[nH]c1,0.0000000,0.0000,0.7346682,0.7347,0.9452336,3.1445,35
31.2245,33.1038,-33.0904,0.0001047,CC1=Nc2ncnn2C(c2cccc(Cl)c2)C1C(=O)N1CC2CC1CN2C,1,O=C(C1C=Nc2ncnn2C1c1ccccc1)N1CC2CC1CN2,0.0000000,0.0000,0.4189870,0.4190,0.5832054,4.7812,35
12.8679,31.6133,-31.5946,0.0001465,CN1CCN(C(O)=C2C(=O)C(=O)N(C)C2=O)CC1,1,O=C1NC(=O)C(=CN2CCNCC2)C1=O,0.0000000,0.0000,0.8575763,0.8576,0.9708986,2.7151,35
22.1470,22.6017,-22.5909,0.0000841,O=C(O)c1ccccc1-c1csc2ccccc12,1,c1ccc(-c2csc3ccccc23)cc1,0.0000000,0.0000,0.1604252,0.1604,0.9924071,1.8256,35
43.4974,45.5260,-45.5091,0.0001325,CNCCN1C(=O)c2ccc(N=CC(=O)NCCO)c3c(O)cc(C)c(c23)C1=O,1,O=C1NC(=O)c2cccc3cccc1c23,0.0000000,0.0000,0.6442011,0.6442,0.9475349,3.1149,35
21.6568,22.6582,-22.6401,0.0001413,COc1ccc(CC(N)=O)c(O)c1,1,c1ccccc1,0.0000000,0.0000,0.7609888,0.7610,0.9915257,1.8977,35
25.8340,28.5817,-28.5669,0.0001157,COC(=O)NC(Cc1ccc(-c2csc(C(=O)O)c2)cc1)C(=O)O,1,c1ccc(-c2ccsc2)cc1,0.0000000,0.0000,0.4214760,0.4215,0.9758651,2.5899,35
36.3094,39.0007,-38.9867,0.0001094,CN1CCC=C(CCNC(=O)CN2C(=O)c3ccccc3CC23CCCC3)C1,1,O=C(CN1C(=O)c2ccccc2CC12CCCC2)NCCC1=CCCNC1,0.0000000,0.0000,0.3662697,0.3663,0.9284300,3.3305,35
25.1687,45.3368,-45.3222,0.0001137,C=CC(Br)=C1C(=O)OC(=C(O)C=CC=CC(C)O)C1=O,1,C=C1OC(=O)C(=C)C1=O,0.0000000,0.0000,0.4880065,0.4880,0.6875809,4.4861,35
22.8262,23.7828,-23.7669,0.0001236,Cc1ccc(NC(=O)C2CCCO2)cc1S(=O)(=O)N1CCCC1,1,O=C(Nc1cccc(S(=O)(=O)N2CCCC2)c1)C1CCCO1,0.0000000,0.0000,0.5134023,0.5134,0.9781734,2.5229,35
36.4955,35.8999,-35.8999,0.0000000,C(CCCN1CCCC1)Nc1c2c3c(n(CCO)cc3CC3C1C=C(C)C3)ccc2,0,,0.0000000,0.0000,0.0000000,0.0000,0.0000000,0.0000,35
14.3366,40.8135,-40.8135,0.0000000,CCCCCCCN(C)C=CC=CC(O)=C1C(=O)NC(=O)NC1=O,1,C=C1C(=O)NC(=O)NC1=O,1.0000000,1.0000,0.5394506,0.5395,0.9473857,3.1169,35
8.4895,47.7012,-47.7012,0.0000000,CN(C=CC=CC(O)=C1C(=O)C(=O)N(C)C1=O)CCO,1,C=C1C(=O)NC(=O)C1=O,1.0000000,1.0000,0.8224476,0.8224,0.9170057,3.4350,35
26.3876,28.0969,-28.0836,0.0001035,CCN(CC)CCOc1ccc(-c2ccccn2)cc1[N+](=O)[O-],1,c1ccc(-c2ccccn2)cc1,0.0000000,0.0000,0.2996574,0.2997,0.9882546,2.1125,35
18.9290,24.5619,-24.5444,0.0001369,CC(=O)N1CC(=O)N(C)c2ccccc2C1=O,1,O=C1CNC(=O)c2ccccc2N1,0.0000000,0.0000,0.6945779,0.6946,0.9857202,2.2415,35
28.8702,28.7493,-28.7349,0.0001125,C#CCCOC(=O)N=c1[nH]c(-c2ccc(C)o2)cs1,1,N=c1[nH]c(-c2ccco2)cs1,0.0000000,0.0000,0.4036789,0.4037,0.9097627,3.4947,35
39.0593,36.4892,-36.4742,0.0001167,CCN(CC)c1ccc(CN2CCc3nc(N(C)CCCO)ncc3C2=O)cc1,1,O=C1c2cncnc2CCN1Cc1ccccc1,0.0000000,0.0000,0.4333865,0.4334,0.9723747,2.6802,35
31.5634,31.8107,-31.8023,0.0000657,CN=C1C(=Cc2c(O)ccc3ccccc23)Sc2ccccc21,1,N=C1C(=Cc2cccc3ccccc23)Sc2ccccc21,0.0000000,0.0000,0.0773187,0.0773,0.9753127,2.6050,35
7.3262,47.9128,-47.9128,0.0000000,CN1C(=O)C(=C(O)C=CC=CN(CCO)CCO)C(=O)N(C)C1=O,1,C=C1C(=O)NC(=O)NC1=O,1.0000000,1.0000,0.8110528,0.8111,0.9206993,3.4027,35
43.2703,43.5440,-43.5360,0.0000626,C=C1COC2C1C(=O)C=C1C3CC4C(Cl)CC3(C)C4(C)CC(O)C12C,1,C=C1COC2C3CCC4C5CCC4C(C5)C3=CC(=O)C12,0.0000000,0.0000,0.2494899,0.2495,0.0967145,6.4555,35
23.9462,25.4386,-25.4218,0.0001316,Cc1cc(OC=CC(=O)O)ccc1C(=O)O,1,c1ccccc1,0.0000000,0.0000,0.6169884,0.6170,0.9826709,2.3696,35
19.0413,23.2452,-23.2272,0.0001404,C=C(C)C(O)OCC,1,,0.0000000,0.0000,0.7896097,0.7896,0.8991739,3.5746,35
23.1905,26.8138,-26.7956,0.0001423,CN1CCN(C(CCCCN)C(O)=NO)CC1,1,C1CNCCN1,0.0000000,0.0000,0.8018647,0.8019,0.9366589,3.2452,35
25.9194,27.4394,-27.4231,0.0001269,O=C(O)CN1CCN(CC2CN(c3ccc(N4CCCCC4=O)cc3)C(=O)O2)CC1,1,O=C1CCCCN1c1ccc(N2CC(CN3CCNCC3)OC2=O)cc1,0.0000000,0.0000,0.5590787,0.5591,0.9650428,2.8385,35
25.6897,26.5848,-26.5707,0.0001104,CC(=O)N1CCc2nc(-c3cccnc3)nc(C(C)(C)C)c2C1,1,c1cncc(-c2ncc3c(n2)CCNC3)c1,0.0000000,0.0000,0.3654608,0.3655,0.9765215,2.5715,35
23.1620,27.3171,-27.3007,0.0001278,CN1c2ccc([N+](=O)[O-])cc2C(=O)C1(O)C(F)(F)F,1,O=C1CNc2ccccc21,0.0000000,0.0000,0.5848832,0.5849,0.9257517,3.3563,35
26.0303,27.5144,-27.4996,0.0001150,Cc1cc(CN2CCC(c3ccc(O)cc3)CC2=O)on1,1,O=C1CC(c2ccccc2)CCN1Cc1ccno1,0.0000000,0.0000,0.4156911,0.4157,0.9680888,2.7770,35
35.1998,36.4969,-36.4874,0.0000748,Cc1cc(C(=O)CN2CCC(n3c(=O)[nH]c4ccccc43)CC2)nn1Cc1ccccc1OC(F)(F)F,1,O=C(CN1CCC(n2c(=O)[nH]c3ccccc32)CC1)c1ccn(Cc2ccccc2)n1,0.0000000,0.0000,0.1143662,0.1144,0.9700334,2.7348,35
23.5011,26.6007,-26.5823,0.0001442,CC(=O)NCCC1(O)CCCOC1=O,1,O=C1CCCCO1,0.0000000,0.0000,0.8393426,0.8393,0.9277418,3.3372,35
24.1389,35.8695,-35.8529,0.0001292,CC(NC(O)=C1C(=O)N(C)C(=O)N(C)C1=O)c1ccc(F)cc1,1,O=C1NC(=O)C(=CNCc2ccccc2)C(=O)N1,0.0000000,0.0000,0.5936479,0.5936,0.9573265,2.9736,35
28.1091,29.1382,-29.1242,0.0001096,NC(C(=O)C(O)NCCC(=O)NCc1ccc(-c2ccccc2)cc1)C1CCCCC1,1,O=C(CNCCC(=O)NCc1ccc(-c2ccccc2)cc1)CC1CCCCC1,0.0000000,0.0000,0.3641138,0.3641,0.9463389,3.1304,35
23.1325,28.7195,-28.7054,0.0001105,CC1=NOC(=Cc2ccccc2)C1C(=O)OC(C)C,1,C1=NOC(=Cc2ccccc2)C1,0.0000000,0.0000,0.3778152,0.3778,0.9267355,3.3469,35
34.2011,32.7177,-32.7038,0.0001081,CC(C(OC1CC(C)(C)NC(C)(C)C1)n1nnc2ccccc21)=[N+]([O-])[O-],1,c1ccc2c(c1)nnn2COC1CCNCC1,0.0000000,0.0000,0.3696091,0.3696,0.8584148,3.8260,35
27.0917,27.9378,-27.9221,0.0001229,Cc1ccc(SC2=NCC(O)CN2C)c(C)c1,1,c1ccc(SC2=NCCCN2)cc1,0.0000000,0.0000,0.5222922,0.5223,0.9216736,3.3940,35
6.1860,39.7664,-39.7664,0.0000000,CN(C)C=CC=CC(O)=C1C(=O)NC(=O)N(C)C1=O,1,C=C1C(=O)NC(=O)NC1=O,1.0000000,1.0000,0.7658286,0.7658,0.9445162,3.1534,35
27.1822,27.7462,-27.7371,0.0000708,CCn1c(O)c2c(c1O)C1(C)C(=O)N(Cc3ccc(F)cc3)C(=O)N1C2c1cccc(Cl)c1,1,O=C1C2c3c[nH]cc3C(c3ccccc3)N2C(=O)N1Cc1ccccc1,0.0000000,0.0000,0.1022405,0.1022,0.8849409,3.6710,35
27.7635,27.7032,-27.6898,0.0001049,CN(C)S(=O)(=O)c1ccc(Cl)c(C(=O)NC2CCN(CC3CCCCC3)C2)c1,1,O=C(NC1CCN(CC2CCCCC2)C1)c1ccccc1,0.0000000,0.0000,0.3144170,0.3144,0.9722611,2.6830,35
12.8687,47.9524,58.5240,0.8318467,CCCCN(O)C=CC=CC(O)=C1C(=O)NC(=O)N(C2CC2)C1=O,1,C=C1C(=O)NC(=O)N(C2CC2)C1=O,1.0000000,1.0000,0.6003038,0.6003,0.9291329,3.3235,35
24.1225,22.6939,-22.6783,0.0001214,Cc1cc(=NC(=O)c2ccc3cccnc3c2O)[nH]o1,1,O=C(N=c1cco[nH]1)c1ccc2cccnc2c1,0.0000000,0.0000,0.4964880,0.4965,0.9426595,3.1762,35
31.5146,31.3592,-31.3479,0.0000881,Cc1c(Oc2ccc(-n3cc(C(F)(F)F)cn3)cc2)ncnc1N1CCC(O)CC1,1,c1cnn(-c2ccc(Oc3cc(N4CCCCC4)ncn3)cc2)c1,0.0000000,0.0000,0.1862440,0.1862,0.9728089,2.6696,35
27.0352,27.5732,-27.5560,0.0001343,COC(=O)C(Cc1cccc(OC)c1O)=NC(C)=O,1,c1ccccc1,0.0000000,0.0000,0.6591383,0.6591,0.9741347,2.6361,35
20.3166,21.0112,-20.9934,0.0001387,O=C(O)c1nc2cccc(O)c2[nH]c1=O,1,O=c1cnc2ccccc2[nH]1,0.0000000,0.0000,0.7230684,0.7231,0.9826938,2.3687,35
20.9944,22.6709,-22.6630,0.0000621,O=C(C=Cc1ccc([N+](=O)[O-])cc1)NCCCCCCN=c1c2c([nH]c3ccccc13)CCCC2,1,O=C(C=Cc1ccccc1)NCCCCCCN=c1c2c([nH]c3ccccc13)CCCC2,0.0000000,0.0000,0.0656639,0.0657,0.9658608,2.8225,35
6.8046,43.6895,-43.6895,0.0000000,CN(C=CC=CC(O)=C1C(=O)N(C)C(=O)N(C)C1=O)CCO,1,C=C1C(=O)NC(=O)NC1=O,1.0000000,1.0000,0.7736070,0.7736,0.9253395,3.3602,35
23.7436,24.5746,-24.5568,0.0001394,CCCNC(=O)C(=O)NN=Cc1ccc(C(=O)O)cc1,1,c1ccccc1,0.0000000,0.0000,0.7305123,0.7305,0.9905235,1.9712,35
32.3260,34.2411,-34.2296,0.0000906,COc1cccc(-c2c(F)ccc3c2OCCc2cn(CCN4CCOCC4)nc2-3)c1,1,c1ccc(-c2cccc3c2OCCc2cn(CCN4CCOCC4)nc2-3)cc1,0.0000000,0.0000,0.2027411,0.2027,0.9715782,2.6993,36
17.6648,17.7654,-17.7500,0.0001206,O=S(=O)(c1ccc(Br)cc1)N1CCCC1,1,O=S(=O)(c1ccccc1)N1CCCC1,0.0000000,0.0000,0.4722311,0.4722,0.9944055,1.6253,36
7.5585,41.2955,76.1221,0.9173251,CN(C=CC=CC(O)=C1C(=O)NC(=S)NC1=O)CCO,1,C=C1C(=O)NC(=S)NC1=O,1.0000000,1.0000,0.8153736,0.8154,0.9086004,3.5039,36
6.1629,39.7664,-39.7664,0.0000000,CN(C)C=CC=CC(O)=C1C(=O)NC(=O)N(C)C1=O,1,C=C1C(=O)NC(=O)NC1=O,1.0000000,1.0000,0.7658286,0.7658,0.9445162,3.1534,36
10.9729,36.0664,-36.0664,0.0000000,O=C1C(=C(O)C=CC=CN2CCCCC2)C(=O)c2ccccc21,1,O=C1C(=CC=CC=CN2CCCCC2)C(=O)c2ccccc21,1.0000000,1.0000,0.2831301,0.2831,0.9652963,2.8336,36
13.4161,50.5138,64.8958,0.9016369,CN1CCC(N2C(=O)NC(=O)C(=C(O)C=CC=CN(CCO)CCO)C2=O)C1,1,C=C1C(=O)NC(=O)N(C2CCNC2)C1=O,1.0000000,1.0000,0.8021613,0.8022,0.8540007,3.8493,36
43.2614,46.8031,-46.7926,0.0000816,CC=C1C(=O)OC2C3C(CCC3C3(C)CCC(=O)C(N4CCCC4)=C3OC(C)=O)COC12C,1,C=C1C(=O)OC2C1OCC1CCC(C3C=C(N4CCCC4)C(=O)CC3)C12,0.0000000,0.0000,0.2196096,0.2196,0.4895656,5.0272,36
22.4841,31.5091,-31.4913,0.0001391,CCCCC(N)=C1CC(=O)OC1=O,1,C=C1CC(=O)OC1=O,0.0000000,0.0000,0.7560807,0.7561,0.9214989,3.3956,36
15.6040,18.8232,-18.8064,0.0001311,COc1cc2c(cc1OC)C(=O)C=CC2=O,1,O=C1C=CC(=O)c2ccccc21,0.0000000,0.0000,0.6089558,0.6090,0.9878466,2.1350,36
24.9675,24.1506,-24.1414,0.0000719,CCC1CC23CCN(CC4CC4)C(C2)C1Cc1ccc(O)cc13,1,c1ccc2c(c1)CC1CCC23CCN(CC2CC2)C1C3,0.0000000,0.0000,0.1859018,0.1859,0.3362873,5.4429,36
42.7054,44.1000,-44.0924,0.0000596,Cn1c(-c2cnc3cc(C4=CCN(S(C)(=O)=O)CC4)ccc3c2C2CCC(O)CC2)ccc1C1CC1,1,C1=C(c2ccc3c(C4CCCCC4)c(-c4ccc(C5CC5)[nH]4)cnc3c2)CCNC1,0.0000000,0.0000,0.0588396,0.0588,0.9398677,3.2091,36
29.7016,32.4802,-32.4639,0.0001278,CC(=O)NC(COCc1ccccc1F)C(=O)N=C(C(=O)O)C(C)C,1,c1ccccc1,0.0000000,0.0000,0.5807528,0.5808,0.9391847,3.2169,36
19.5385,18.0231,-18.0150,0.0000631,CC(C)c1ccccc1Sc1c(O)cc(-c2ccccc2)oc1=O,1,O=c1oc(-c2ccccc2)ccc1Sc1ccccc1,0.0000000,0.0000,0.0679842,0.0680,0.9834184,2.3403,36
17.8781,19.9764,-19.9585,0.0001397,COc1ccc(C=CCOC2OC(CO)C(O)C(O)C2O)cc1,1,C(=Cc1ccccc1)COC1CCCCO1,0.0000000,0.0000,0.7727563,0.7728,0.9098733,3.4938,36
21.2675,24.9399,-24.9235,0.0001285,CCC1(C)OC(=O)c2ncccc21,1,O=C1OCc2cccnc21,0.0000000,0.0000,0.5904106,0.5904,0.9388435,3.2208,36
23.3532,23.5434,-23.5270,0.0001275,COc1ccccc1CN=c1[nH]cnc2c1ncn2C1OC(CO)CC1O,1,c1ccc(CN=c2[nH]cnc3c2ncn3C2CCCO2)cc1,0.0000000,0.0000,0.6266727,0.6267,0.8105518,4.0531,36
13.9025,45.8363,48.4128,0.7363211,CC1=C(C=CC=CC=CC(=O)O)C(=C(O)C=CC=CN(C)C)C(=O)C1=O,1,C=C1C=CC(=O)C1=O,1.0000000,1.0000,0.4287088,0.4287,0.8827116,3.6852,36
8.9202,44.2367,-44.2367,0.0000000,CN(C=CC=CC(O)=C1C(=O)OC(C)(C)OC1=O)CCO,1,C=C1C(=O)OCOC1=O,1.0000000,1.0000,0.7177074,0.7177,0.9048977,3.5324,36
23.7267,22.5344,-22.5173,0.0001335,CN(C)c1ccc(C(=O)NCCCn2cncn2)cc1,1,O=C(NCCCn1cncn1)c1ccccc1,0.0000000,0.0000,0.6419318,0.6419,0.9893720,2.0466,36
22.1578,22.3930,-22.3785,0.0001132,CCCCOc1ccc(C(C)NC)cc1,1,c1ccccc1,0.0000000,0.0000,0.3920496,0.3920,0.9886013,2.0928,36
21.7171,21.6217,-21.6068,0.0001168,O=C(C=Cc1ccc(S(=O)(=O)N2CCOCC2)cc1)NCc1ccc(F)cc1,1,O=C(C=Cc1ccc(S(=O)(=O)N2CCOCC2)cc1)NCc1ccccc1,0.0000000,0.0000,0.4300742,0.4301,0.9891728,2.0589,36
23.8329,22.8864,-22.8703,0.0001258,CC(C)(C)CNC(=O)c1csc2[nH]cnc(=O)c12,1,O=c1nc[nH]c2sccc12,0.0000000,0.0000,0.5485018,0.5485,0.9549308,3.0109,36
14.0183,23.7125,-23.6938,0.0001463,CN1C(=O)C(=CC(=O)O)C(=O)N(C)C1=O,1,C=C1C(=O)NC(=O)NC1=O,0.0000000,0.0000,0.8527774,0.8528,0.9728365,2.6689,36
25.9686,26.4118,-26.3967,0.0001179,COc1ccc(CC(=O)Nc2cccc(CC(=O)O)c2)cc1,1,O=C(Cc1ccccc1)Nc1ccccc1,0.0000000,0.0000,0.4407093,0.4407,0.9944199,1.6236,36
21.0869,21.8776,-21.8612,0.0001280,Cc1ccccc1N=c1[nH]cccc1C(N)=O,1,c1ccc(N=c2cccc[nH]2)cc1,0.0000000,0.0000,0.5721902,0.5722,0.9726909,2.6725,36
17.5921,17.0138,-16.9987,0.0001176,Oc1ccc(CCc2ccc(O)c(O)c2)cc1,1,c1ccc(CCc2ccccc2)cc1,0.0000000,0.0000,0.4381617,0.4382,0.9926893,1.8007,36
26.3694,26.8211,-26.8056,0.0001206,CCc1nn(COC)nc1-c1ccc(C)cc1,1,c1ccc(-c2cn[nH]n2)cc1,0.0000000,0.0000,0.4766802,0.4767,0.9778417,2.5329,36
29.4856,31.3977,-31.3837,0.0001093,NCCCN1CCN(CCCOc2ccc(-c3ccc(C#CCCO)cc3)cc2)CC1,1,c1ccc(-c2ccc(OCCCN3CCNCC3)cc2)cc1,0.0000000,0.0000,0.3531049,0.3531,0.9842933,2.3044,36
36.7015,34.7160,-34.7063,0.0000757,CCCN(CCC)c1c([N+](=O)[O-])cc(S(=O)(=O)NCCC(=O)OCCOc2ccc(Cl)c(C)c2)cc1[N+](=O)[O-],1,O=C(CCNS(=O)(=O)c1ccccc1)OCCOc1ccccc1,0.0000000,0.0000,0.1186345,0.1186,0.9651790,2.8359,36
14.2973,51.6525,35.6149,0.6817762,CC1=NN(c2ccccc2)C(=O)C1=C(O)C=CC=CN1CCOC(C)C1,1,O=C1C(=CC=CC=CN2CCOCC2)C=NN1c1ccccc1,1.0000000,1.0000,0.3358757,0.3359,0.9032480,3.5448,36
14.4820,16.6956,-16.6822,0.0001046,CN1C(=O)CN=C(c2ccccc2)c2cc(Cl)ccc21,1,O=C1CN=C(c2ccccc2)c2ccccc2N1,0.0000000,0.0000,0.3095063,0.3095,0.9881086,2.1206,36
16.7134,53.9502,60.9059,0.8973136,O=CN(O)C=CC=CC(O)=C1C(=O)NC(=O)N(C2CC2)C1=O,1,C=C1C(=O)NC(=O)N(C2CC2)C1=O,1.0000000,1.0000,0.7665164,0.7665,0.9016639,3.5565,36
17.9114,18.0227,-18.0100,0.0000989,O=C1N=C(Nc2ccc(O)cc2)SC1=Cc1ccccc1,1,O=C1N=C(Nc2ccccc2)SC1=Cc1ccccc1,0.0000000,0.0000,0.2612867,0.2613,0.9891019,2.0632,36
19.4539,20.2717,-20.2552,0.0001292,CC1COc2ccccc2C1=O,1,O=C1CCOc2ccccc21,0.0000000,0.0000,0.5873030,0.5873,0.9760795,2.5839,36
35.8593,35.4288,-35.4165,0.0000963,COC(=O)c1ccccc1NC(=O)C1=CC(C)(C)C(=O)c2c1nc1ccccn21,1,O=C(Nc1ccccc1)C1=CCC(=O)c2c1nc1ccccn21,0.0000000,0.0000,0.2440793,0.2441,0.9687509,2.7629,36
22.2999,47.2057,48.5846,0.7483620,CC1(C)OC2=CC(=O)C(=C(O)C=CC=CN(O)C=O)CC2O1,1,C=C1CC2OCOC2=CC1=O,1.0000000,1.0000,0.5813246,0.5813,0.5640970,4.8321,36
18.6239,20.7806,-20.7631,0.0001366,CN1C(=O)NC(=O)C(=Cc2ccc3c(c2)OCO3)C1=O,1,O=C1NC(=O)C(=Cc2ccc3c(c2)OCO3)C(=O)N1,0.0000000,0.0000,0.6901408,0.6901,0.9831216,2.3521,36
27.4987,28.1716,-28.1594,0.0000955,CCCN1C(=O)C(=Cc2cn(C)c3ccccc23)C(C(=O)OCC)=C1C,1,O=C1NC=CC1=Cc1c[nH]c2ccccc12,0.0000000,0.0000,0.2365998,0.2366,0.9798852,2.4685,36
12.6814,36.9027,70.5221,0.8392562,CN(C)C=CC=CC(O)=C1OC(=O)C(C)(C)C1=O,1,C=C1OC(=O)CC1=O,1.0000000,1.0000,0.6373790,0.6374,0.8764970,3.7234,36
22.5552,22.6561,-22.6403,0.0001239,CCCOCC#Cc1ccccc1,1,c1ccccc1,0.0000000,0.0000,0.5134527,0.5135,0.9885589,2.0952,36
29.0065,32.7141,-32.7004,0.0001074,N#Cc1c(-c2ccccc2)[nH]c(SC=C2CSC3C(NC(=O)C(=NO)c4nc(=N)s[nH]4)C(=O)N3C2C(=O)O)nc1=O,1,N=C(C(=O)NC1C(=O)N2CC(=CSc3nc(=O)cc(-c4ccccc4)[nH]3)CSC12)c1nc(=N)s[nH]1,0.0000000,0.0000,0.4911592,0.4912,0.5055919,4.9854,36
31.2325,32.3124,-32.2962,0.0001271,O=C(CN1C(=O)CCCN(C2CCCCCC2)C1=O)N1CCOCC1,1,O=C(CN1C(=O)CCCN(C2CCCCCC2)C1=O)N1CCOCC1,0.0000000,0.0000,0.5562666,0.5563,0.9834163,2.3404,36
6.1629,39.7664,-39.7664,0.0000000,CN(C)C=CC=CC(O)=C1C(=O)NC(=O)N(C)C1=O,2,C=C1C(=O)NC(=O)NC1=O,0.0000000,1.0000,0.0000000,0.7658,0.0000000,3.1534,36
21.5267,28.6927,-28.6760,0.0001304,CC1(C)CC(=O)C(=O)C(=NC(=O)Cc2ccccc2)C1=O,1,O=C(Cc1ccccc1)N=C1C(=O)CCC(=O)C1=O,0.0000000,0.0000,0.6058529,0.6059,0.9696226,2.7439,36
10.1902,34.4620,-34.4620,0.0000000,O=C1C(=C(O)C=CC=CN(CCO)CCO)C(=O)c2ccccc21,1,C=C1C(=O)c2ccccc2C1=O,1.0000000,1.0000,0.6271539,0.6272,0.9496695,3.0864,36
19.9062,27.4911,-27.4754,0.0001227,COCCOc1ccc2c(=NC3=CC(=O)C(C)=CC3=O)[nH]cnc2c1C,1,O=C1C=CC(=O)C(N=c2[nH]cnc3ccccc23)=C1,0.0000000,0.0000,0.5155038,0.5155,0.9331597,3.2826,36
26.6795,30.3334,-30.3157,0.0001387,CC(=O)N1CCN(CCN=c2[nH]c3ccccc3[nH]c2=NCCO)CC1,1,N=c1[nH]c2ccccc2[nH]c1=NCCN1CCNCC1,0.0000000,0.0000,0.7401331,0.7401,0.9417752,3.1867,36
21.7152,21.9212,-21.9049,0.0001274,CC(=O)Nc1ccc(S(=O)(=O)NN=Cc2ccc(O)c(O)c2)cc1,1,O=S(=O)(NN=Cc1ccccc1)c1ccccc1,0.0000000,0.0000,0.5589492,0.5589,0.9871349,2.1726,36
31.2535,30.3997,-30.3868,0.0001010,CC(=O)N1CCC(Cc2ccc(C(=O)N=c3[nH]c4c(s3)CC(N3CCOCC3)CC4)cc2)CC1,1,O=C(N=c1[nH]c2c(s1)CC(N1CCOCC1)CC2)c1ccc(CC2CCNCC2)cc1,0.0000000,0.0000,0.2918386,0.2918,0.9107401,3.4869,36
21.5974,21.4648,-21.4546,0.0000795,COc1cc2c(cc1OC)C(COc1ccc(C(=O)O)cc1)N(C(=O)c1ccccc1)CC2,1,O=C(c1ccccc1)N1CCc2ccccc2C1COc1ccccc1,0.0000000,0.0000,0.1369177,0.1369,0.9757650,2.5926,36
27.8332,28.7352,-28.7168,0.0001440,CSCC(CO)NC(=O)C1(N)CCOCC1,1,C1CCOCC1,0.0000000,0.0000,0.8404723,0.8405,0.9184553,3.4225,36
34.3662,36.3531,-36.3345,0.0001451,CNC(=O)CNC(CC(=O)NCCCOC)C1CC1,1,C1CC1,0.0000000,0.0000,0.8378832,0.8379,0.9630230,2.8764,36
7.7583,35.5291,-35.5291,0.0000000,CN(C)C=CC=CC(O)=C1C(=O)OC1(C)C,1,C=C1COC1=O,1.0000000,1.0000,0.6268686,0.6269,0.8854200,3.6679,36
33.8429,36.3692,-36.3522,0.0001328,COC(=O)C1(C)C=C(OCCC(=O)O)OC(OC(C)=O)C1,1,C1=COCCC1,0.0000000,0.0000,0.7047799,0.7048,0.8178071,4.0218,36
7.0079,39.9295,-39.9295,0.0000000,CN1C(=O)C(=C(O)C=CC=CN2CCOCC2)C(=O)N(C)C1=O,1,O=C1NC(=O)C(=CC=CC=CN2CCOCC2)C(=O)N1,1.0000000,1.0000,0.7196373,0.7196,0.9388744,3.2204,36
20.4016,24.3449,-24.3279,0.0001330,CC(C)=CC=CC1=CC(=O)C=C(CO)C1=O,1,O=C1C=CC(=O)C=C1,0.0000000,0.0000,0.6642480,0.6642,0.9160663,3.4430,36
23.7439,25.6722,-25.6636,0.0000677,C=CCCCCCCCCCCC(=O)OC1CCCC1,1,C1CCCC1,0.0000000,0.0000,0.0836693,0.0837,0.9876044,2.1480,36
36.1137,34.8760,-34.8600,0.0001247,CC=C1C=CC(=O)C2OOC(CC(=O)O)C(O)C12,1,C=C1C=CC(=O)C2OOCCC12,0.0000000,0.0000,0.7595136,0.7595,0.5145731,4.9620,36
9.5122,33.6760,-33.6760,0.0000000,CC1=CC(C)(C)C(=O)C1=C(O)C=CC=CN(C)CCO,1,C=C1C=CCC1=O,1.0000000,1.0000,0.5159759,0.5160,0.8714541,3.7532,36
19.8440,21.1500,-21.1335,0.0001293,NCCCCCCCCCCCCNCCO,1,,0.0000000,0.0000,0.5831895,0.5832,0.9901177,1.9988,36
22.6765,25.5655,-25.5483,0.0001341,CC(=O)OC1C(O)C2CCCC1N2C,1,C1CC2CCC(C1)N2,0.0000000,0.0000,0.7923334,0.7923,0.7014705,4.4435,36
5.6565,41.8120,-41.8120,0.0000000,O=C1NC(=O)C(=C(O)C=CC=CN(CCO)CCO)C(=O)N1,1,C=C1C(=O)NC(=O)NC1=O,1.0000000,1.0000,0.8626767,0.8627,0.9187340,3.4201,36
42.6605,49.9254,-49.9157,0.0000754,CC(C)=C1CCC2(C(=O)N3CCOCC3)C(=O)C1(C)C1=CCC3(C)COC(=O)CC(=O)C3(C)C12,1,C=C1CCC2(C(=O)N3CCOCC3)C(=O)C1C1=CCC3COC(=O)CC(=O)C3C12,0.0000000,0.0000,0.2724487,0.2724,0.2213369,5.8194,36
29.1179,30.9309,-30.9192,0.0000918,C#CCOCCOc1ccc(C2C(C(=O)OC)=C(C)N=C(C)C2C(=O)OC(C)(C)C)cc1,1,C1=CC(c2ccccc2)CC=N1,0.0000000,0.0000,0.2179445,0.2179,0.9189630,3.4181,36
27.3259,33.3037,-33.2866,0.0001333,CCCCOC(=O)NC(CCC(=O)O)C(=O)N1CCN(C(=O)C(N)CC(C)C)CC1,1,C1CNCCN1,0.0000000,0.0000,0.6544272,0.6544,0.9514933,3.0611,36
11.0776,39.8906,72.9074,0.8812339,CN(C)C=CC=CC(O)=C1C(=O)OCC1(O)CO,1,C=C1CCOC1=O,1.0000000,1.0000,0.8084667,0.8085,0.7469991,4.2947,36
7.2598,38.8264,-38.8264,0.0000000,CN(C=CC=CC(O)=C1C(=O)NC(=O)NC1=O)CCO,1,C=C1C(=O)NC(=O)NC1=O,1.0000000,1.0000,0.8336890,0.8337,0.9223033,3.3883,36
27.5087,29.6652,-29.6481,0.0001337,Cc1cc(CC2=CC(=O)NC2=O)c(C)nc1C=CC(=O)O,1,O=C1C=C(Cc2cccnc2)C(=O)N1,0.0000000,0.0000,0.6657375,0.6657,0.9368232,3.2433,36
19.4169,20.9459,-20.9314,0.0001131,Cc1cc(=NC(=O)N=c2cc[nH]cc2)c2ccccc2[nH]1,1,O=C(N=c1cc[nH]cc1)N=c1cc[nH]c2ccccc12,0.0000000,0.0000,0.4088859,0.4089,0.9142656,3.4581,36
23.1167,25.9098,-25.8934,0.0001282,CCOC(=O)N1CC=CC1(C)C(=O)N1CCCCC1,1,O=C(C1C=CCN1)N1CCCCC1,0.0000000,0.0000,0.5868927,0.5869,0.9356530,3.2561,36
21.2016,20.1422,-20.1316,0.0000825,Cc1ccc2nc(-c3ccc(F)cc3)ccc2c1,1,c1ccc(-c2ccc3ccccc3n2)cc1,0.0000000,0.0000,0.1513026,0.1513,0.9944052,1.6253,36
47.9570,50.1970,-50.1856,0.0000886,CC(=O)OCC1OC(Cn2cc(CN3C(=O)c4ccccc4C3=O)nn2)C(OC2C(F)=CC(C(=O)O)OC2OCc2ccccc2)C(OC(C)=O)C1OC(C)=O,1,O=C1c2ccccc2C(=O)N1Cc1cn(CC2OCCCC2OC2C=CCOC2OCc2ccccc2)nn1,0.0000000,0.0000,0.2924839,0.2925,0.4552184,5.1170,36
31.2888,30.1397,-30.1299,0.0000769,Cn1[nH]c(C(C)(C)C)cc1=NC(=O)Nc1ccc(-c2cncc3c2cc(C#N)n3C)cc1,1,O=C(N=c1cc[nH][nH]1)Nc1ccc(-c2cncc3[nH]ccc23)cc1,0.0000000,0.0000,0.1274675,0.1275,0.9278161,3.3365,36
8.1978,40.3571,-40.3571,0.0000000,CCCCN(C)C=CC=CC(O)=C1C(=O)N(c2ccccc2)N=C1C,1,C=C1C=NN(c2ccccc2)C1=O,1.0000000,1.0000,0.2023337,0.2023,0.9584614,2.9553,36
42.7426,53.3188,-53.3033,0.0001213,COCCC(=O)NC(C(=O)c1nccs1)C(C#N)=CC=CC=CN1CCOCC1,1,O=C(CC=CC=CC=CN1CCOCC1)c1nccs1,0.0000000,0.0000,0.5370731,0.5371,0.8180590,4.0207,36
20.1454,20.0711,-20.0566,0.0001139,O=C(N=c1cncc[nH]1)Nc1cccc(C(F)(F)F)c1,1,O=C(N=c1cncc[nH]1)Nc1ccccc1,0.0000000,0.0000,0.4046804,0.4047,0.9633055,2.8713,36
12.1156,35.6256,77.9027,0.8869399,CN(C=CC=CC(O)=C1CCN(C)C1=O)CCO,1,C=C1CCNC1=O,1.0000000,1.0000,0.7450686,0.7451,0.8914585,3.6282,36
9.1667,40.9637,-40.9637,0.0000000,COCCN1C(=O)NC(=O)C(=C(O)C=CC=CN(C)CCO)C1=O,1,C=C1C(=O)NC(=O)NC1=O,1.0000000,1.0000,0.7972885,0.7973,0.9376846,3.2338,36
16.6213,16.1196,-16.1017,0.0001401,O=c1[nH]c2ccccc2[nH]c1=O,1,O=c1[nH]c2ccccc2[nH]c1=O,0.0000000,0.0000,0.7413566,0.7414,0.9916244,1.8900,36
9.0423,35.1699,-35.1699,0.0000000,CN(C)C=CC=CC(O)=C1C(=O)CCCC1(C)C,1,C=C1CCCCC1=O,1.0000000,1.0000,0.3664055,0.3664,0.9124747,3.4729,36
9.0478,47.7016,-47.7016,0.0000000,CN1CCN(C=CC=CC(O)=C2C(=O)NC(=O)NC2=O)CC1,1,O=C1NC(=O)C(=CC=CC=CN2CCNCC2)C(=O)N1,1.0000000,1.0000,0.7876139,0.7876,0.9419320,3.1849,36
6.5256,43.6895,-43.6895,0.0000000,CN(C=CC=CC(O)=C1C(=O)N(C)C(=O)N(C)C1=O)CCO,1,C=C1C(=O)NC(=O)NC1=O,1.0000000,1.0000,0.7736070,0.7736,0.9253395,3.3602,36
29.2235,28.3552,-28.3478,0.0000579,CCCCOc1cccc(CC(=O)N2CCc3c(F)ccc(-c4cc(CC(=O)O)ccc4OC)c3C2)c1,1,O=C(Cc1ccccc1)N1CCc2cccc(-c3ccccc3)c2C1,0.0000000,0.0000,0.0527254,0.0527,0.9779399,2.5299,36
6.9084,43.3536,-43.3536,0.0000000,CN(C)C=CC=CC(O)=C1C(=O)NC(=O)N(C2CCCC2)C1=O,1,C=C1C(=O)NC(=O)N(C2CCCC2)C1=O,1.0000000,1.0000,0.6074882,0.6075,0.9533089,3.0350,36
10.5217,41.5215,66.1548,0.8412213,CN(C=CC=CC(O)=C1C(=O)NC(=O)N(CCc2ccccc2)C1=O)CCO,1,C=C1C(=O)NC(=O)N(CCc2ccccc2)C1=O,1.0000000,1.0000,0.6101131,0.6101,0.9578789,2.9648,36
31.9462,35.6279,-35.6119,0.0001250,CCCC(O)=C(CN)c1ccc(N)cc1,1,c1ccccc1,0.0000000,0.0000,0.5327476,0.5327,0.9729062,2.6672,36
29.1006,29.7164,-29.6995,0.0001321,N=c1ccnc(-c2cccc3c(=N)[nH]c(=N)[nH]c23)[nH]1,1,N=c1ccnc(-c2cccc3c(=N)[nH]c(=N)[nH]c23)[nH]1,0.0000000,0.0000,0.6747754,0.6748,0.8570814,3.8331,36
23.1413,24.7541,-24.7366,0.0001369,CNC(=O)C(Cc1ccccc1)N1CCOC1=O,1,O=C1OCCN1CCc1ccccc1,0.0000000,0.0000,0.7010610,0.7011,0.9690076,2.7574,36
22.2023,23.6275,-23.6194,0.0000629,O=C1OC(c2ccccc2)CC2c3ccccc3C(c3ccccc3)C12,1,O=C1OC(c2ccccc2)CC2c3ccccc3C(c3ccccc3)C12,0.0000000,0.0000,0.0694459,0.0694,0.9350510,3.2626,36
30.1182,32.2766,-32.2581,0.0001445,CC(=O)NC1CC(C(N)=O)N(C(=O)CCCCC(=O)O)C1,1,C1CCNC1,0.0000000,0.0000,0.8317250,0.8317,0.9521590,3.0516,36
25.9666,25.8290,-25.8171,0.0000932,COc1cc2nc(C)cc(N3CCN(C(=O)OC(C)(C)C)CC3)c2cc1OC,1,c1ccc2c(N3CCNCC3)ccnc2c1,0.0000000,0.0000,0.2186162,0.2186,0.9862483,2.2166,36
20.1352,22.3925,-22.3771,0.0001203,CC(OC(=O)c1ccc(O)cc1)C(=O)NC1CCCCC1,1,O=C(COC(=O)c1ccccc1)NC1CCCCC1,0.0000000,0.0000,0.4710046,0.4710,0.9852086,2.2647,36
27.7523,30.6126,-30.5986,0.0001098,Cc1cc2ccccc2nc1OCC(=O)N(C)CC(=O)NC1CCCCC1,1,O=C(COc1ccc2ccccc2n1)NCC(=O)NC1CCCCC1,0.0000000,0.0000,0.3586274,0.3586,0.9847202,2.2862,36
10.3321,43.2942,-43.2942,0.0000000,CSC1=C(C)C(=C(O)C=CC=CN(C)C)C(=O)NC1=O,1,C=C1C=CC(=O)NC1=O,1.0000000,1.0000,0.5906197,0.5906,0.9020206,3.5539,36
19.8183,33.3129,-33.2968,0.0001253,O=C1NC(=O)C(=C(O)c2c[nH]c3ccc(Br)cc23)C1=O,1,O=C1NC(=O)C(=Cc2c[nH]c3ccccc23)C1=O,0.0000000,0.0000,0.5356904,0.5357,0.9749757,2.6141,36
25.9978,32.1557,-32.1393,0.0001275,CCC1(CC)N=C2SC(C)C3(C(=O)NC(=O)NC3=O)N2C1=O,1,O=C1NC(=O)C2(CSC3=NCC(=O)N32)C(=O)N1,0.0000000,0.0000,0.7321590,0.7322,0.6178971,4.6869,36
15.6365,16.3002,-16.2815,0.0001464,O=C(O)C1CCCN1,1,C1CCNC1,0.0000000,0.0000,0.8562359,0.8562,0.9699945,2.7356,36
36.3601,38.8633,-38.8505,0.0001005,CN=c1cccc(-c2cn(C3COCC3OC)c3cc(=NCC4CCOCC4)[nH]cc23)[nH]1,1,N=c1cccc(-c2cn(C3CCOC3)c3cc(=NCC4CCOCC4)[nH]cc23)[nH]1,0.0000000,0.0000,0.3671740,0.3672,0.5934805,4.7535,36
23.5116,24.5191,-24.5087,0.0000808,Cc1cc(C2CC(=O)N=C3CC(C)(C)CC(=O)C32)ccc1Br,1,O=C1CC(c2ccccc2)C2C(=O)CCCC2=N1,0.0000000,0.0000,0.1513889,0.1514,0.8915138,3.6279,36
33.5462,37.4161,-37.4045,0.0000906,CC(NC(=O)C(CC1CCCC1)NC(=O)OCc1ccccc1)C(=O)N=c1[nH]c2ccccc2c(=O)s1,1,O=C(CNC(=O)C(CC1CCCC1)NC(=O)OCc1ccccc1)N=c1[nH]c2ccccc2c(=O)s1,0.0000000,0.0000,0.2116290,0.2116,0.9026229,3.5494,36
25.0672,25.4930,-25.4844,0.0000676,Cc1cc2c(cc1OCc1ccccc1)C(C)(C)CCC2,1,c1ccc(COc2ccc3c(c2)CCCC3)cc1,0.0000000,0.0000,0.0834512,0.0835,0.9893263,2.0495,36
37.2191,37.3132,-37.3048,0.0000658,CCc1nc(-c2cc(C)cc(C)c2)c(-c2ccc(O)cc2F)n1CCCC(=O)O,1,c1ccc(-c2nc[nH]c2-c2ccccc2)cc1,0.0000000,0.0000,0.0773259,0.0773,0.9767761,2.5642,36
32.6051,32.3656,-32.3554,0.0000801,O=C(c1ccc2[nH]c(-c3ccc(-c4ccc(CN5CCC(O)C5)cc4)s3)nc2c1)N1CCOCC1,1,O=C(c1ccc2[nH]c(-c3ccc(-c4ccc(CN5CCCC5)cc4)s3)nc2c1)N1CCOCC1,0.0000000,0.0000,0.1413156,0.1413,0.9561803,2.9917,36
26.6400,26.0230,-26.0094,0.0001065,O=S(=O)(N=c1nc[nH][nH]1)c1ccc2cc(OCc3ccccc3)ccc2c1,1,O=S(=O)(N=c1nc[nH][nH]1)c1ccc2cc(OCc3ccccc3)ccc2c1,0.0000000,0.0000,0.3297139,0.3297,0.9700767,2.7338,36
7.0495,39.8414,-39.8414,0.0000000,CCCCN(C)C=CC=CC(O)=C1C(=O)NC(=O)N(C)C1=O,1,C=C1C(=O)NC(=O)NC1=O,1.0000000,1.0000,0.6483131,0.6483,0.9414231,3.1909,36
25.3280,24.8986,-24.8823,0.0001266,O=C1C(=O)N(C2CCN(C(=O)C3CCOCC3)CC2)CCN1Cc1ccccc1,1,O=C1C(=O)N(C2CCN(C(=O)C3CCOCC3)CC2)CCN1Cc1ccccc1,0.0000000,0.0000,0.5502880,0.5503,0.9827307,2.3673,36
10.1905,41.8480,59.8917,0.7948413,CC1=CCCC(=O)C1=C(O)C=CC=CN(C)C=O,1,C=C1C=CCCC1=O,1.0000000,1.0000,0.5422621,0.5423,0.8741906,3.7372,36
26.0765,26.0072,-25.9914,0.0001238,COCCN(Cc1ccccc1C)C(=O)C1CC1,1,O=C(NCc1ccccc1)C1CC1,0.0000000,0.0000,0.5111782,0.5112,0.9912829,1.9163,36
22.9651,54.1599,52.9914,0.8371194,CON(O)C=CC=CC(O)=C1OC(=CC=O)C(=O)CC1=O,1,C=C1OC(=C)C(=O)CC1=O,1.0000000,1.0000,0.7106831,0.7107,0.7148268,4.4014,36
25.9133,30.7925,-30.7790,0.0001060,COc1ccc(-c2nn(C)c3c2C(C)(C(C)C)C(=O)C(=N)O3)cc1,1,N=C1Oc2[nH]nc(-c3ccccc3)c2CC1=O,0.0000000,0.0000,0.3396407,0.3396,0.8998672,3.5696,36
20.4053,20.6411,-20.6238,0.0001355,Cn1ncc(Br)c1C(=O)N1CCOCC1,1,O=C(c1ccn[nH]1)N1CCOCC1,0.0000000,0.0000,0.6735564,0.6736,0.9828727,2.3618,36
31.6586,31.7826,-31.7670,0.0001217,C=CCn1nc(C)c(Oc2cc(F)nc(=NC3CC3)[nH]2)c(C)c1=O,1,O=c1cc(Oc2ccnc(=NC3CC3)[nH]2)cn[nH]1,0.0000000,0.0000,0.5234851,0.5235,0.8708564,3.7567,36
19.6890,21.4376,-21.4201,0.0001366,CCOc1ccccc1C(=O)N1CCN(CCO)CC1,1,O=C(c1ccccc1)N1CCNCC1,0.0000000,0.0000,0.6864175,0.6864,0.9930646,1.7661,36
15.9656,26.8229,-26.8049,0.0001402,O=C1NC(=O)C(=CC=CN2CCCCC2)C(=O)N1,1,O=C1NC(=O)C(=CC=CN2CCCCC2)C(=O)N1,0.0000000,0.0000,0.7582264,0.7582,0.9578252,2.9657,36
23.0215,29.0313,-29.0151,0.0001271,CC1NC(=O)N=CC1=CSc1nncn1C,1,O=C1N=CC(=CSc2nnc[nH]2)CN1,0.0000000,0.0000,0.6778910,0.6779,0.6951951,4.4629,36
16.4496,16.9419,-16.9234,0.0001446,O=c1ccn(C2COC(CO)O2)c(=O)[nH]1,1,O=c1ccn(C2COCO2)c(=O)[nH]1,0.0000000,0.0000,0.8666507,0.8667,0.8906057,3.6340,36
29.8564,31.2197,-31.2043,0.0001199,CC(C)CC(=O)N(CCC(=O)O)Cc1ccc([N+](=O)[O-])s1,1,c1ccsc1,0.0000000,0.0000,0.4678503,0.4679,0.9782506,2.5205,36
25.4299,24.2627,-24.2501,0.0000986,COc1ccc2c(c1)c(CCN)cn2C1CCCCC1,1,c1ccc2c(c1)ccn2C1CCCCC1,0.0000000,0.0000,0.2591383,0.2591,0.9867262,2.1932,36
26.9946,27.7967,-27.7791,0.0001372,CC(=O)NCC1CN(c2ccc3c(c2)NC(=O)C(N)CO3)C(=O)O1,1,O=C1CCOc2ccc(N3CCOC3=O)cc2N1,0.0000000,0.0000,0.7261207,0.7261,0.9204010,3.4054,36
29.7721,28.2448,-28.2318,0.0001019,COc1cccc(CCNC(=O)c2ccc3c(=O)n(-c4ccc(C)cc4)c(=O)[nH]c3c2)c1,1,O=C(NCCc1ccccc1)c1ccc2c(=O)n(-c3ccccc3)c(=O)[nH]c2c1,0.0000000,0.0000,0.2857451,0.2857,0.9881586,2.1179,36
11.6717,43.2993,57.3539,0.7863531,CCCCN(C)C=CC=CC(O)=C1C(=O)C(=O)C(C(=O)OC)=C1C,1,C=C1C=CC(=O)C1=O,1.0000000,1.0000,0.5100053,0.5100,0.9198918,3.4099,36
26.0664,26.4894,-26.4766,0.0000996,CN1CC(OCCCc2ccccc2)C(OCc2ccccc2)C1,1,c1ccc(CCCOC2CNCC2OCc2ccccc2)cc1,0.0000000,0.0000,0.2709629,0.2710,0.9645554,2.8478,36
8.7105,40.9912,-40.9912,0.0000000,CC1=NN(c2ccccc2)C(=O)C1=C(O)C=CC=CN(C)C,1,C=C1C=NN(c2ccccc2)C1=O,1.0000000,1.0000,0.3907809,0.3908,0.9639711,2.8589,36
11.3031,42.1580,-42.1580,0.0000000,CN(C=CC=CC(O)=C1C(=O)N(C)C(=O)N(C)C1=O)CCO,2,C=C1C(=O)NC(=O)NC1=O,0.0000000,1.0000,0.0000000,0.7736,0.0000000,3.3602,36
33.9778,39.7043,-39.6903,0.0001096,O=C(O)CCN1C(=O)NC(=C(C=Cc2ccccc2)Nc2ccccc2O)C1=O,1,O=C1NC(=O)C(=C(C=Cc2ccccc2)Nc2ccccc2)N1,0.0000000,0.0000,0.3595461,0.3595,0.9707590,2.7183,36
29.8188,28.4368,-28.4273,0.0000746,CCCCCCn1cnc2c(=Nc3ccc(OC)cc3)[nH]c(C(C)C)nc21,1,c1ccc(N=c2[nH]cnc3[nH]cnc23)cc1,0.0000000,0.0000,0.1136701,0.1137,0.9657414,2.8249,36
6.1629,39.7664,-39.7664,0.0000000,CN(C)C=CC=CC(O)=C1C(=O)NC(=O)N(C)C1=O,2,C=C1C(=O)NC(=O)NC1=O,0.0000000,1.0000,0.0000000,0.7658,0.0000000,3.1534,36
23.7030,28.3703,-28.3575,0.0001000,CC(O)CNC(=O)CCCC=CCC=CCC=CCC=CC=CC(=O)O,1,,0.0000000,0.0000,0.2838507,0.2839,0.9076407,3.5114,36
29.8649,30.3959,-30.3810,0.0001167,Cc1cc(CN2CCN(C)S2(=O)=O)cc(NC(=O)OC(C)(C)C)c1,1,O=S1(=O)NCCN1Cc1ccccc1,0.0000000,0.0000,0.4327544,0.4328,0.9722163,2.6840,37
29.5951,29.7784,-29.7634,0.0001175,CC(=O)N1Cc2ccccc2CC1C(=O)N=c1[nH]nc(-c2ccc(O)cc2)o1,1,O=C(N=c1[nH]nc(-c2ccccc2)o1)C1Cc2ccccc2CN1,0.0000000,0.0000,0.4562439,0.4562,0.9211891,3.3984,37
5.6073,41.8120,-41.8120,0.0000000,O=C1NC(=O)C(=C(O)C=CC=CN(CCO)CCO)C(=O)N1,1,C=C1C(=O)NC(=O)NC1=O,1.0000000,1.0000,0.8626767,0.8627,0.9187340,3.4201,37
21.8915,24.0185,-24.0035,0.0001175,C=CC(=O)N=c1[nH]c(=NCc2ccccc2)c2ccccc2[nH]1,1,N=c1[nH]c(=NCc2ccccc2)c2ccccc2[nH]1,0.0000000,0.0000,0.4495421,0.4495,0.9452233,3.1446,37
36.6110,38.3129,-38.2966,0.0001274,CCC(C)OC(=O)C1CCCN1C(=O)c1ccccc1N=C(N)N,1,O=C(c1ccccc1)N1CCCC1,0.0000000,0.0000,0.5732957,0.5733,0.9428130,3.1743,37
33.7725,33.1983,-33.1866,0.0000912,CCN(CC)C(=S)NN=Cc1cn(Cc2cc(C(=O)O)cc(C(=O)O)c2)c2ccccc12,1,c1ccc(Cn2ccc3ccccc32)cc1,0.0000000,0.0000,0.2067404,0.2067,0.9741820,2.6349,37
36.6039,40.9988,-40.9870,0.0000925,CCOC(=O)C(C#N)=C1N=C2CN(C)C=C2C(=O)C1=Cc1ccc(N(C)C)c2ccccc12,1,C=C1N=C2CNC=C2C(=O)C1=Cc1cccc2ccccc12,0.0000000,0.0000,0.2222886,0.2223,0.9206616,3.4031,37
25.4159,28.8340,-28.8170,0.0001329,C=C1C(=O)OC(C)(OC(C)=O)C1C(=O)OC(C)C,1,C=C1CCOC1=O,0.0000000,0.0000,0.7007757,0.7008,0.8294078,3.9698,37
26.7511,29.2126,-29.1957,0.0001317,CCOCC(=O)N(CC1CCCO1)C(C)CC,1,C1CCOC1,0.0000000,0.0000,0.6330652,0.6331,0.9464498,3.1290,37
47.1713,43.1287,-43.1137,0.0001168,CC(C)CNC(=O)C1SC(n2cc(Cl)c3c(=N)[nH]cnc32)C1CO,1,N=c1[nH]cnc2c1ccn2C1CCS1,0.0000000,0.0000,0.5402313,0.5402,0.6642467,4.5555,37
24.7862,24.5135,-24.4980,0.0001215,COc1ccc(-c2cc3c(C)[nH]c(=N)cc3[nH]c2=N)cn1,1,N=c1cc2[nH]c(=N)c(-c3cccnc3)cc2c[nH]1,0.0000000,0.0000,0.5047791,0.5048,0.9204935,3.4046,37
23.9166,23.6169,-23.6008,0.0001259,O=C(c1ccc2c(c1)COC2)N1CCCC(N2CCOCC2)C1,1,O=C(c1ccc2c(c1)COC2)N1CCCC(N2CCOCC2)C1,0.0000000,0.0000,0.5461138,0.5461,0.9665772,2.8082,37
10.5333,52.6924,59.0975,0.8733591,CC1=C(CC(=O)O)C(=O)C(=O)C1=C(O)C=CC=CN(C)CCO,1,C=C1C=CC(=O)C1=O,1.0000000,1.0000,0.7059146,0.7059,0.9035372,3.5426,37
30.2993,41.4093,-41.3936,0.0001227,CC1(CCCCC(=O)O)OC(CC(=O)O)C(=C(O)C=CC=CC(=O)O)C1=O,1,C=C1COCC1=O,0.0000000,0.0000,0.5573504,0.5574,0.8141659,4.0376,37
16.0906,41.2288,60.9121,0.7979758,CC(=O)ON(C)C=CC=CC(O)=C1C(=O)CC(O)C1(C)C,1,C=C1CCCC1=O,1.0000000,1.0000,0.6012038,0.6012,0.7450032,4.3016,37
33.3824,37.6827,-37.6685,0.0001108,CN(C)NC(C=C(Sc1ccccc1)C(=O)O)=NS(=O)(=O)c1ccccc1,1,O=S(=O)(N=CC=CSc1ccccc1)c1ccccc1,0.0000000,0.0000,0.3737455,0.3737,0.9595202,2.9378,37
26.7059,27.5896,-27.5756,0.0001088,Cc1cc(=O)c(C(=O)CC(=O)C(=O)Nc2ccc(Cl)c(Cl)c2)c(O)o1,1,O=C(CC(=O)c1coccc1=O)C(=O)Nc1ccccc1,0.0000000,0.0000,0.3502789,0.3503,0.9741159,2.6366,37
34.4001,34.1646,-34.1493,0.0001194,CCC1(C)Cc2nn(C)c(=O)cc2-c2ccc(OCC(=O)O)cc2O1,1,O=c1cc2c(n[nH]1)CCOc1ccccc1-2,0.0000000,0.0000,0.4747042,0.4747,0.9339310,3.2745,37
26.3063,27.9144,-27.9009,0.0001059,COc1ccc(C=C(C#N)C=CN=c2[nH]ccs2)cc1,1,C(C=Cc1ccccc1)=CN=c1[nH]ccs1,0.0000000,0.0000,0.3374475,0.3374,0.9023191,3.5517,37
21.8824,25.0931,-25.0755,0.0001375,CCCCN(N=O)C(=O)N1CCN(C)CC1,1,C1CNCCN1,0.0000000,0.0000,0.7069763,0.7070,0.9764451,2.5736,37
32.4237,59.3322,34.9628,0.7366795,CC1C(=O)C(=O)C(C2C(=O)C(=O)C3CC(=C(O)C=CC=CN(C)CCO)C(=O)C=C3C2=O)=C1O,1,C=C1CC2C(=O)C(=O)C(C3=CCC(=O)C3=O)C(=O)C2=CC1=O,1.0000000,1.0000,0.6349079,0.6349,0.4451116,5.1436,37
31.5982,44.8093,-44.7940,0.0001196,CC(=O)C1=C(C=CC=CN2CCCC2)C(=O)C=CC1,1,O=C1C=CCC=C1C=CC=CN1CCCC1,0.0000000,0.0000,0.4846421,0.4846,0.9105130,3.4887,37
27.2152,27.4760,-27.4615,0.0001131,CC1CN(C(=O)C(=O)c2c[nH]c3c(-n4nccn4)ncc(F)c23)CCN1C(=O)c1ccccc1,1,O=C(C(=O)N1CCN(C(=O)c2ccccc2)CC1)c1c[nH]c2c(-n3nccn3)nccc12,0.0000000,0.0000,0.4078254,0.4078,0.9183969,3.4230,37
20.7064,20.8178,-20.8030,0.0001158,CN1CCC23c4c5ccc(O)c4OC2C(=O)CCC3(O)C1C5,1,O=C1CCC2C3Cc4cccc5c4C2(CCN3)C1O5,0.0000000,0.0000,0.6422191,0.6422,0.4685979,5.0819,37
32.3694,36.1254,-36.1096,0.0001234,CC(=O)C(=O)NC1CC(C)(C)OC(C)(C)CC1C,1,C1CCCOCC1,0.0000000,0.0000,0.5543564,0.5544,0.8457313,3.8916,37
23.3420,24.0495,-24.0335,0.0001250,CN(C)C(=O)N1CCc2c([nH]c3ccccc23)C1=O,1,O=C1NCCc2c1[nH]c1ccccc21,0.0000000,0.0000,0.5294966,0.5295,0.9809033,2.4340,37
22.3600,21.7021,-21.6883,0.0001074,CCCCCC(=O)Nc1ccc(C(C)=O)cc1,1,c1ccccc1,0.0000000,0.0000,0.3333217,0.3333,0.9956079,1.4669,37
43.6641,47.2974,-47.2824,0.0001172,CCCC(NC(=O)C(CC1CCCCC1)NC(=O)C(O)CCC1CCCN(C(=N)N)C1)C(=O)C(=O)NC1CCN(CC)C1,1,O=C(CCCC1CCCNC1)NC(CC1CCCCC1)C(=O)NCC(=O)C(=O)NC1CCNC1,0.0000000,0.0000,0.5042546,0.5043,0.7628219,4.2390,37
22.0249,21.3226,-21.3079,0.0001142,Oc1ccc2[nH]c3cccc(O)c3c2c1,1,c1ccc2c(c1)[nH]c1ccccc12,0.0000000,0.0000,0.4019464,0.4019,0.9876224,2.1471,37
35.4405,34.0640,-34.0500,0.0001099,CC(C)(C)CCCNC(=O)C(=O)c1c[nH]c2ccc(O)cc12,1,c1ccc2[nH]ccc2c1,0.0000000,0.0000,0.3600190,0.3600,0.9806940,2.4412,37
16.5304,38.7906,-38.7736,0.0001330,O=C1CCC(=CC=CC=CC(O)=C2C(=O)NC(=O)NC2=O)C1,1,O=C1CCC(=CC=CC=CC=C2C(=O)NC(=O)NC2=O)C1,0.0000000,0.0000,0.6675355,0.6675,0.9067264,3.5184,37
10.8658,44.6630,65.6603,0.8619009,CC1=NN(C2OC(CO)C(O)C2O)C(=O)C1=C(O)C=CC=CN(C)C,1,C=C1C=NN(C2CCCO2)C1=O,1.0000000,1.0000,0.7980768,0.7981,0.6801000,4.5087,37
27.2143,26.9142,-26.9011,0.0001022,Cc1ccc(C2(O)C(=S)Nc3ccccc32)cc1C,1,S=C1Nc2ccccc2C1c1ccccc1,0.0000000,0.0000,0.2934531,0.2935,0.9564407,2.9876,37
26.9832,30.9034,-30.8871,0.0001269,CC1(C)NC(=O)N(CCN2C(=O)OCC2(O)c2ccc(Cl)cc2)C1=O,1,O=C1CNC(=O)N1CCN1C(=O)OCC1c1ccccc1,0.0000000,0.0000,0.5719877,0.5720,0.9269776,3.3446,37
34.4804,35.2278,-35.2110,0.0001313,CN1CCc2c(cnn2CCCNC(=O)c2ccoc2)C1,1,O=C(NCCCn1ncc2c1CCNC2)c1ccoc1,0.0000000,0.0000,0.6161343,0.6161,0.9731730,2.6606,37
26.4312,25.8717,-25.8565,0.0001185,CNC(=O)C1c2ccccc2N(C)S(=O)(=O)c2ccc(C)cc21,1,O=S1(=O)Nc2ccccc2Cc2ccccc21,0.0000000,0.0000,0.4591797,0.4592,0.9508939,3.0695,37
24.2668,30.8921,-30.8750,0.0001337,COC1C(=O)c2ccccc2C1C1OC(=O)NC1=O,1,O=C1NC(=O)C(C2CC(=O)c3ccccc32)O1,0.0000000,0.0000,0.6955502,0.6956,0.8667235,3.7803,37
36.1740,31.6733,-31.6627,0.0000823,CCc1ccc(-c2cc3[nH]cc(C(=O)NC45CC6CC(CC(C6)C4)C5)c(=O)n3n2)cc1,1,O=C(NC12CC3CC(CC(C3)C1)C2)c1c[nH]c2cc(-c3ccccc3)nn2c1=O,0.0000000,0.0000,0.1665964,0.1666,0.8291101,3.9712,37
20.8109,23.5555,-23.5406,0.0001161,CC1=CC(=NNC(=O)c2ccncc2)C(=O)c2ccccc21,1,O=C(NN=C1C=Cc2ccccc2C1=O)c1ccncc1,0.0000000,0.0000,0.4243716,0.4244,0.9821945,2.3875,37
11.7723,41.3263,56.3544,0.7631309,CC1=NN(c2ccc(F)cc2)C(=O)C1=C(O)C=CC=CN(C)CCO,1,C=C1C=NN(c2ccccc2)C1=O,1.0000000,1.0000,0.4581043,0.4581,0.9483251,3.1045,37
20.3033,55.8244,35.9273,0.7168108,C=CCON=C(C(=O)NC1C(=O)N2C(C(=O)O)C(=C(O)C=CC=CN(C)C=O)C(=O)SC12)c1csc(=N)[nH]1,1,C=C1CN2C(=O)C(NC(=O)C(=N)c3csc(=N)[nH]3)C2SC1=O,1.0000000,1.0000,0.6300440,0.6300,0.3908183,5.2892,37
17.5438,51.9307,53.7568,0.8256832,CN(C)C=CC=CC(O)=C1C(=O)C(=O)C(=O)N(c2ccccc2F)C1=O,1,C=C1C(=O)C(=O)C(=O)N(c2ccccc2)C1=O,1.0000000,1.0000,0.5784362,0.5784,0.9535058,3.0321,37
43.3429,52.3887,-52.3887,0.0000000,C(CN1CCCCCC1)(O)C(C(O)C(O)C=CC=CC=CC=CC=CCC,0,,0.0000000,0.0000,0.0000000,0.0000,0.0000000,0.0000,37
10.4860,46.3025,-46.3025,0.0000000,CC1=NN(C2OC(CO)C(O)C(O)C2O)C(=O)C1=C(O)C=CC=CN(C)C,1,C=C1C=NN(C2CCCCO2)C1=O,1.0000000,1.0000,0.8196959,0.8197,0.6426634,4.6176,37
15.2129,18.9905,-18.9725,0.0001406,O=C1NC(=S)NC(=O)C1=Cc1cccnc1,1,O=C1NC(=S)NC(=O)C1=Cc1cccnc1,0.0000000,0.0000,0.7550036,0.7550,0.9786164,2.5092,37
29.6127,26.6926,-26.6787,0.0001085,O=C(CSc1nc(=O)n2cc(Br)ccc2n1)Nc1ccc([N+](=O)[O-])cc1,1,O=C(CSc1nc(=O)n2ccccc2n1)Nc1ccccc1,0.0000000,0.0000,0.3463766,0.3464,0.9809400,2.4327,37
26.1615,30.4471,-30.4317,0.0001204,COc1ccc2[nH]c3c(c2c1)CC(=O)N(C)C(C)(C)C3=O,1,O=C1Cc2c([nH]c3ccccc23)C(=O)CN1,0.0000000,0.0000,0.4773586,0.4774,0.9678589,2.7819,37
23.8993,22.5829,-22.5674,0.0001212,Cc1ccc(N2CCC(c3cc(C)n[nH]3)CC2)nn1,1,c1cnnc(N2CCC(c3ccn[nH]3)CC2)c1,0.0000000,0.0000,0.4849857,0.4850,0.9731006,2.6624,37
23.5992,23.9879,-23.9747,0.0001028,Cc1ccc2c(-c3ccc([N+](=O)[O-])cc3)cc(C(N)=O)nc2c1,1,c1ccc(-c2ccnc3ccccc23)cc1,0.0000000,0.0000,0.2933596,0.2934,0.9884584,2.1010,37
13.5953,50.4533,64.8207,0.9005781,CN(C)C=CC=CC(O)=C1C(=O)NC(=O)N(C2CN2)C1=O,1,C=C1C(=O)NC(=O)N(C2CN2)C1=O,1.0000000,1.0000,0.8050545,0.8051,0.8434181,3.9030,37
25.5987,25.6721,-25.6602,0.0000934,C=CC1CN2CCC1CC2C(O)c1c(C)[nH]c2ccccc12,1,c1ccc2c(CC3CC4CCN3CC4)c[nH]c2c1,0.0000000,0.0000,0.2852856,0.2853,0.6263910,4.6634,37
20.9864,21.1213,-21.1108,0.0000826,C#CCN1CCC(C(O)=NO)(S(=O)(=O)c2ccc(Oc3ccc(OC(F)(F)F)cc3)cc2)CC1,1,O=S(=O)(c1ccc(Oc2ccccc2)cc1)C1CCNCC1,0.0000000,0.0000,0.1549363,0.1549,0.9558304,2.9971,37
31.7406,30.1715,-30.1572,0.0001121,COc1ccc(C2CC(=O)Nc3c2c(C)nn3-c2ncc([N+](=O)[O-])cn2)cc1,1,O=C1CC(c2ccccc2)c2cnn(-c3ncccn3)c2N1,0.0000000,0.0000,0.3922378,0.3922,0.9372403,3.2387,37
37.1115,42.8878,-42.8719,0.0001238,C=C(C1CC(=O)C(=O)C=C1c1ccccn1)C(C)(C)O,1,O=C1C=C(c2ccccn2)CCC1=O,0.0000000,0.0000,0.5425930,0.5426,0.8944880,3.6076,37
26.7206,25.3467,-25.3325,0.0001107,COc1ccccc1NC(=O)CCSc1n[nH]c(=O)n1-c1ccccc1,1,O=C(CCSc1n[nH]c(=O)n1-c1ccccc1)Nc1ccccc1,0.0000000,0.0000,0.3662637,0.3663,0.9883181,2.1089,37
10.3100,35.9015,-35.9015,0.0000000,CN(C=CC=CC(O)=C1C(=O)C(=O)CCC1(C)C)CCO,1,C=C1CCCC(=O)C1=O,1.0000000,1.0000,0.5951597,0.5952,0.8836825,3.6790,37
24.1763,25.2944,-25.2800,0.0001127,COc1cccc2c(C(=O)NC3CCCC3)cn(CCN3CCOCC3)c12,1,O=C(NC1CCCC1)c1cn(CCN2CCOCC2)c2ccccc12,0.0000000,0.0000,0.3875567,0.3876,0.9842517,2.3062,37
23.3662,26.7822,-26.7686,0.0001062,CCC(C)N1C(=O)C(=Cc2ccccc2OC)C(C(=O)OC)=C1C,1,O=C1NC=CC1=Cc1ccccc1,0.0000000,0.0000,0.3277324,0.3277,0.9642482,2.8537,37
23.2728,33.9071,-33.8895,0.0001373,CN1CCN(C=CC(O)=NNC(=O)c2ccncc2)CC1,1,O=C(NN=CC=CN1CCNCC1)c1ccncc1,0.0000000,0.0000,0.7089103,0.7089,0.9634579,2.8684,37
14.2605,24.2161,-24.1997,0.0001280,CN1C(=O)OC(=Cc2ccccc2)C(=O)N(C)C1=O,1,O=C1NC(=O)OC(=Cc2ccccc2)C(=O)N1,0.0000000,0.0000,0.5699435,0.5699,0.9790044,2.4970,37
21.0211,26.3682,-26.3541,0.0001101,CNCc1ccc(-c2ccc(N3CC(Cn4ccnn4)OC3=O)cc2)cc1,1,O=C1OC(Cn2ccnn2)CN1c1ccc(-c2ccccc2)cc1,0.0000000,0.0000,0.3658592,0.3659,0.9637984,2.8621,37
22.8979,22.8833,-22.8689,0.0001126,CN1CCN(Cc2ccc(Oc3ccc(F)cc3)nc2)CC1,1,c1ccc(Oc2ccc(CN3CCNCC3)cn2)cc1,0.0000000,0.0000,0.3846902,0.3847,0.9913261,1.9130,37
21.7687,22.2347,-22.2204,0.0001124,CC(C)CNC(=O)c1cc2ccccc2cc1O,1,c1ccc2ccccc2c1,0.0000000,0.0000,0.3828939,0.3829,0.9928813,1.7833,37
23.9896,38.4460,-38.4306,0.0001207,ON=C(O)CCC=NC(O)=C1CCCC1,1,C=C1CCCC1,0.0000000,0.0000,0.5200108,0.5200,0.8435171,3.9026,37
29.3212,29.0898,-29.0898,0.0000000,n1c(N(C)C)c2c3c(ccc(C)c13)C(=O)N(CCN(C)C)C2=O,0,,0.0000000,0.0000,0.0000000,0.0000,0.0000000,0.0000,37
23.0747,23.4387,-23.4239,0.0001156,CCCCNC(=O)NC(C)C1CCCCC1,1,C1CCCCC1,0.0000000,0.0000,0.4192243,0.4192,0.9808649,2.4353,37
28.0905,29.7195,-29.7103,0.0000718,Cc1nn(-c2ccccc2)c(Cl)c1C=C1SC(=O)N(c2ccco2)C1=O,1,O=C1SC(=Cc2cnn(-c3ccccc3)c2)C(=O)N1c1ccco1,0.0000000,0.0000,0.1009700,0.1010,0.9728397,2.6688,37
31.5284,35.0147,-35.0036,0.0000868,CC12CCC(=O)CC1=CCC1C2C(O)CC2(C)C1C1=C(C=O)CC2(C(=O)CO)OC(=O)C1,1,O=C1CCC2C(=CCC3C2CCC2C4CC=C(CC(=O)O4)C23)C1,0.0000000,0.0000,0.4614514,0.4615,0.1841987,5.9694,37
28.8828,28.5951,-28.5841,0.0000861,Cn1c(-c2ccccc2)c(C(=O)NCCCCC(O)=NO)c2ccccc21,1,c1ccc(-c2cc3ccccc3[nH]2)cc1,0.0000000,0.0000,0.1732663,0.1733,0.9809685,2.4317,37
18.8231,47.2969,61.8037,0.8523483,CCCN(C)C=CC=CC(O)=C1C(=O)N(S(C)(=O)=O)C1C=O,1,C=C1CNC1=O,1.0000000,1.0000,0.7154776,0.7155,0.7765986,4.1883,37
38.6379,40.4814,-40.4768,0.0000356,CCCCCC(=O)OC1CCC2(C)C3=CCC4C(C)(CCC5C(C)(C)C(O)C(O)CC45C)C3=CCC2(C(=O)O)C1,1,C1=C2C(=CCC3CCCCC23)C2CCC3CCCCC3C2C1,0.0000000,0.0000,0.0192693,0.0193,0.4459001,5.1415,37
17.9678,23.5697,-23.5573,0.0000971,Cc1noc(C)c1NC(=O)N(C)CC1Oc2c(NC(=O)C3CC3)cccc2C(=O)N(C(C)CO)CC1C,1,O=C(NCC1CCNC(=O)c2cccc(NC(=O)C3CC3)c2O1)Nc1cnoc1,0.0000000,0.0000,0.2652747,0.2653,0.8756484,3.7285,37
24.1424,23.4647,-23.4512,0.0001057,CCCCC(CCCC)NNC(=O)c1ccc2c(c1)OCO2,1,c1ccc2c(c1)OCO2,0.0000000,0.0000,0.3196857,0.3197,0.9825745,2.3732,37
7.9961,41.6359,72.0457,0.8881378,CN(C=CC=CC(O)=C1C(=O)NC(=O)SC1=O)CCO,1,C=C1C(=O)NC(=O)SC1=O,1.0000000,1.0000,0.7452536,0.7453,0.8974077,3.5872,37
33.4584,36.2820,-36.2643,0.0001379,CCC(O)CCC(O)C(O)C(COC1OC(C(=O)O)C(O)C(O)C1O)OC,1,C1CCOCC1,0.0000000,0.0000,0.9005684,0.9006,0.6492596,4.5989,37
18.2279,18.8748,-18.8585,0.0001272,NC(N)=NN=C1c2ccccc2-c2ccccc21,1,N=C1c2ccccc2-c2ccccc21,0.0000000,0.0000,0.5563576,0.5564,0.9858173,2.2369,37
21.8566,24.0707,-24.0536,0.0001332,CN1CCN(C(=O)n2cnc(S(=O)(=O)C3CCCCC3)n2)CC1,1,O=C(N1CCNCC1)n1cnc(S(=O)(=O)C2CCCCC2)n1,0.0000000,0.0000,0.6471585,0.6472,0.9638329,2.8615,37
25.6126,27.8938,-27.8787,0.0001177,CN(CC(=O)Nc1ccc(Cl)cc1)C(=O)COC(=O)c1nn(C)c(=O)c2ccccc12,1,O=C(COC(=O)c1n[nH]c(=O)c2ccccc12)NCC(=O)Nc1ccccc1,0.0000000,0.0000,0.4406038,0.4406,0.9869356,2.1827,37
22.5147,24.7302,-24.7138,0.0001284,CCCCCC(=O)OC1(C)CCC(=O)O1,1,O=C1CCCO1,0.0000000,0.0000,0.5875713,0.5876,0.9406885,3.1995,37
18.6708,61.4116,27.5101,0.6947007,CC(C=CC=CN1CCOCC1)=C1CCC(=O)C1=C(O)C=CC=CN(C)CCO,1,C=C1C(=O)CCC1=CC=CC=CN1CCOCC1,1.0000000,1.0000,0.3710526,0.3711,0.8373866,3.9323,37
19.8274,21.9778,-21.9590,0.0001470,NC(CCCCNC(=O)C=NO)C(=O)O,1,,0.0000000,0.0000,0.8740763,0.8741,0.9561577,2.9920,37
18.8389,19.2011,-19.1896,0.0000892,c1ccc(-c2csc3ncnc(N4CCCC4)c23)cc1,1,c1ccc(-c2csc3ncnc(N4CCCC4)c23)cc1,0.0000000,0.0000,0.1918271,0.1918,0.9893864,2.0457,37
27.4894,27.1637,-27.1501,0.0001062,OC1CCC(n2ncc3c(-c4ccc5c(c4)CCO5)ncnc32)CC1,1,c1nc(-c2ccc3c(c2)CCO3)c2cnn(C3CCCCC3)c2n1,0.0000000,0.0000,0.3266016,0.3266,0.9733429,2.6563,37
37.3410,37.7846,-37.7794,0.0000406,CC(=O)OC1CCC2C3=C(CCC12C)C1CC=C(c2c(O)[nH]c4ccccc24)C1(C)CC3,1,C1=C(c2c[nH]c3ccccc23)C2CCC3=C(CCC4CCCC34)C2C1,0.0000000,0.0000,0.0225937,0.0226,0.6679444,4.5447,37
30.9014,32.8725,-32.8582,0.0001111,COC(=O)CC1C=C2Oc3ccc(OC(C)=O)cc3C2(C)C1,1,C1=C2Oc3ccccc3C2CC1,0.0000000,0.0000,0.4023345,0.4023,0.8534126,3.8524,37
20.1850,21.6693,-21.6533,0.0001249,CCC(CO)N=c1[nH]c(=N)[nH]c2[nH]c(=N)sc12,1,N=c1[nH]c(=N)c2sc(=N)[nH]c2[nH]1,0.0000000,0.0000,0.7784020,0.7784,0.4973408,5.0069,37
29.7033,30.6633,-30.6462,0.0001343,CCOC(=O)C1CNCC1N=c1[nH]nnc2ccccc12,1,c1ccc2c(=NC3CCNC3)[nH]nnc2c1,0.0000000,0.0000,0.7237525,0.7238,0.8282412,3.9751,37
15.3201,44.6244,48.3720,0.7265343,O=C1C(=C(O)C=CC=CN2CCCC2)C(=O)c2c(O)cccc21,1,O=C1C(=CC=CC=CN2CCCC2)C(=O)c2ccccc21,1.0000000,1.0000,0.3944697,0.3945,0.9518546,3.0560,37
45.8364,53.4656,-53.4573,0.0000650,C=CC1(C)CC(OC(C)=O)C(=O)C23C(O)CC(O)C4(C)C5OC5(CC4(C)O)C(=O)OCC12C(OC(C)=O)OC3OC(C)=O,1,O=C1OCC23CCCC(=O)C2(CCCC2CCC14OC24)COC3,0.0000000,0.0000,0.5444849,0.5445,0.0301764,7.2605,37
25.7580,26.0455,-26.0300,0.0001208,CCC(=O)Nc1ccccc1OCCn1c(O)ccc1O,1,c1ccc(OCCn2cccc2)cc1,0.0000000,0.0000,0.4764309,0.4764,0.9852571,2.2625,37
22.4382,23.8492,-23.8329,0.0001277,CN1CCC2(C1=O)C(=O)N(C)c1ccc(Cl)cc12,1,O=C1NCCC12C(=O)Nc1ccccc12,0.0000000,0.0000,0.5914199,0.5914,0.9043710,3.5364,37
22.5747,24.5953,-24.5801,0.0001186,Cc1cccc(C)c1NC(=O)N1CCN(C)CC1C,1,O=C(Nc1ccccc1)N1CCNCC1,0.0000000,0.0000,0.4537202,0.4537,0.9779616,2.5293,37
20.4697,22.8413,-22.8296,0.0000916,OC(COc1ccc2c(c1)OCO2)CN1CCN(CCOC(c2ccccc2)c2ccccc2)CC1,1,c1ccc(C(OCCN2CCN(CCCOc3ccc4c(c3)OCO4)CC2)c2ccccc2)cc1,0.0000000,0.0000,0.2103383,0.2103,0.9651319,2.8368,37
21.1511,22.5646,-22.5475,0.0001331,N#Cc1c(-c2ccco2)c2c(=O)[nH]c(=N)[nH]c2[nH]c1=N,1,N=c1cc(-c2ccco2)c2c(=O)[nH]c(=N)[nH]c2[nH]1,0.0000000,0.0000,0.6762532,0.6763,0.8901441,3.6370,37
21.4174,21.6834,-21.6659,0.0001363,CC(CC(=O)Nc1ccc(Cl)cc1)=NNC(=O)C(N)=O,1,c1ccccc1,0.0000000,0.0000,0.6840266,0.6840,0.9873086,2.1636,37
16.9963,47.7338,54.3701,0.7976874,CC(=O)OC1C(=O)CC(=O)C(=C(O)C=CC=CN(C)C=O)C1(C)C,1,C=C1CCC(=O)CC1=O,1.0000000,1.0000,0.6029457,0.6029,0.7398350,4.3192,37
22.8471,28.0404,-28.0236,0.0001314,CCCCN1CCN(CCN2C(=O)CC(C)(C)CC2=O)CC1,1,O=C1CCCC(=O)N1CCN1CCNCC1,0.0000000,0.0000,0.6138957,0.6139,0.9843038,2.3040,37
24.6754,65.3590,-58.6632,0.0523107,CCN(C=CC=CC(O)=C1C(=O)C(=O)C(C=CC(C)=CC=CC(O)=CC=CC=C(C)C=CC=C(C)C=CC=C(C)C=CC2=C(C)C(=O)CCC2(C)C)=C1C)CC,1,C=C1C=C(C=CC=CC=CC=CC=CC=CC=CC=CC=CC=CC=CC2=CC(=O)CCC2)C(=O)C1=O,1.0000000,1.0000,0.0001894,0.0002,0.6126662,4.7013,37
28.7203,31.1571,-31.1482,0.0000696,CCCCC1(C(O)C=CC2CSCC2CC=CC=CC(=O)OC)CCC1,1,C(=CC1CCSC1)CC1CCC1,0.0000000,0.0000,0.1110184,0.1110,0.6974719,4.4559,37
10.5133,45.4302,71.7217,0.9152497,CC1=NN(CCO)C(=O)C1=C(O)C=CC=CN(CCO)CCO,1,C=C1C=NNC1=O,1.0000000,1.0000,0.8207831,0.8208,0.8875303,3.6543,37
33.9505,34.7184,-34.7015,0.0001319,O=C(COC(CO)CO)Nc1cc(Cl)ccc1S(=O)(=O)N1CCCCC1,1,O=S(=O)(c1ccccc1)N1CCCCC1,0.0000000,0.0000,0.6229233,0.6229,0.9812120,2.4232,37
28.6287,35.5901,-35.5745,0.0001212,CCN(C)C(=O)C=CC=CC=CC1(C)OC1C,1,C1CO1,0.0000000,0.0000,0.5496010,0.5496,0.7832094,4.1632,37
8.0368,45.1096,-45.1096,0.0000000,O=C1NC(=O)C(=C(O)C=CC=CN(CCO)CCO)C(=O)N1,2,C=C1C(=O)NC(=O)NC1=O,0.0000000,1.0000,0.0000000,0.8627,0.0000000,3.4201,37
19.0366,20.2664,-20.2490,0.0001361,CNc1ccc(OC)cc1N,1,c1ccccc1,0.0000000,0.0000,0.6799884,0.6800,0.9920180,1.8584,37
9.8523,41.7030,73.6025,0.9008247,CC1(O)C(=O)NC(=O)C1=C(O)C=CC=CN(CCO)CCO,1,C=C1CC(=O)NC1=O,1.0000000,1.0000,0.8602150,0.8602,0.7521409,4.2769,37
26.7577,25.0729,-25.0616,0.0000888,CCOc1ccccc1NC(=O)CSc1nc2ccsc2c(=O)n1CC1CCCO1,1,O=C(CSc1nc2ccsc2c(=O)n1CC1CCCO1)Nc1ccccc1,0.0000000,0.0000,0.1917302,0.1917,0.9668128,2.8034,37
17.7750,21.2977,-21.2842,0.0001054,CCC=CCC=CCC=CCC=CCC=CCCOC1OC(CO)C(O)C(O)C1O,1,C1CCOCC1,0.0000000,0.0000,0.3829704,0.3830,0.7052324,4.4317,37
23.2216,29.0748,-29.0564,0.0001438,C=CC(=O)N1CCN2C(CO)C(O)C(O)C2C1,1,C1CC2CNCCN2C1,0.0000000,0.0000,0.9000515,0.9001,0.8102170,4.0545,37
18.5573,19.2288,-19.2120,0.0001317,CC(=O)N1CCC(O)(c2ccccc2)CC1,1,c1ccc(C2CCNCC2)cc1,0.0000000,0.0000,0.6162567,0.6163,0.9903950,1.9800,37
12.6250,42.6772,-42.6595,0.0001388,CN(C)C=CC=CC=CC(O)=C1C(=O)NC(=O)NC1=O,1,C=C1C(=O)NC(=O)NC1=O,0.0000000,0.0000,0.7479148,0.7479,0.9297289,3.3176,37
9.0440,46.5071,-46.5071,0.0000000,CN1CCN(C=CC=CC(O)=C2C(=O)NC(=O)NC2=O)CC1,1,O=C1NC(=O)C(=CC=CC=CN2CCNCC2)C(=O)N1,1.0000000,1.0000,0.7876139,0.7876,0.9419320,3.1849,37
34.5040,36.7110,-36.7056,0.0000422,CC1(C)Oc2ccc(C#N)cc2C(N2C(=O)C(=Cc3ccccc3)N=C2c2ccccc2)C1OC(=O)C=Cc1ccc(O)c(O)c1,1,O=C(C=Cc1ccccc1)OC1COc2ccccc2C1N1C(=O)C(=Cc2ccccc2)N=C1c1ccccc1,0.0000000,0.0000,0.0220906,0.0221,0.8481978,3.8792,37
29.5190,30.5853,-30.5760,0.0000727,CC1CCCC(C)N1CC=CC(=O)Nc1ccc2[nH]cnc(=Nc3ccccc3)c2c1,1,O=C(C=CCN1CCCCC1)Nc1ccc2[nH]cnc(=Nc3ccccc3)c2c1,0.0000000,0.0000,0.1106735,0.1107,0.8841670,3.6759,37
12.6738,17.6845,-17.6662,0.0001427,CCCCN1C(=O)C=CC1=O,1,O=C1C=CC(=O)N1,0.0000000,0.0000,0.7869646,0.7870,0.9840262,2.3156,37
9.2861,42.9403,-42.9403,0.0000000,CCCCN(C)C=CC=CC(O)=C1C(=O)NC(=O)N(CCOC)C1=O,1,C=C1C(=O)NC(=O)NC1=O,1.0000000,1.0000,0.6377541,0.6378,0.9473676,3.1171,37
7.1798,41.6289,-41.6289,0.0000000,CN1C(=O)C(=C(O)C=CC=CN2CCCC2)C(=O)N(C)C1=O,1,O=C1NC(=O)C(=CC=CC=CN2CCCC2)C(=O)N1,1.0000000,1.0000,0.6592816,0.6593,0.9417220,3.1874,37
38.6590,36.1597,-36.1497,0.0000778,Cc1ccccc1NC(=O)C(NC(=O)Cn1c(-c2ccccc2)ccc1-c1ccccc1)c1nn[nH]n1,1,O=C(Cn1c(-c2ccccc2)ccc1-c1ccccc1)NC(C(=O)Nc1ccccc1)c1nn[nH]n1,0.0000000,0.0000,0.1298279,0.1298,0.9540809,3.0236,37
8.8083,42.9475,-42.9475,0.0000000,CN(C=O)C=CC=CC(O)=C1C(=O)NC(=O)NC1=O,1,C=C1C(=O)NC(=O)NC1=O,1.0000000,1.0000,0.8270333,0.8270,0.9105990,3.4880,37
23.4150,24.9863,-24.9748,0.0000896,O=C(O)CCCN1C(=O)C(=CC=Cc2ccccc2)c2ccccc21,1,O=C1Nc2ccccc2C1=CC=Cc1ccccc1,0.0000000,0.0000,0.1948239,0.1948,0.9853359,2.2590,37
35.4852,34.7404,-34.7287,0.0000916,CCOC(=O)c1cccc(NC2NC(=O)N(Cc3ccccc3)C(C)(C)C2=NC(C)=O)c1,1,N=C1CN(Cc2ccccc2)C(=O)NC1Nc1ccccc1,0.0000000,0.0000,0.2145107,0.2145,0.9319854,3.2948,37
14.7981,42.4605,-42.4605,0.0000000,CN(C=CC=CC(O)=C1C(=O)c2ccccc2C1=O)CCO,1,C=C1C(=O)c2ccccc2C1=O,1.0000000,1.0000,0.5512517,0.5513,0.9548577,3.0120,37
23.2835,21.2555,-21.2428,0.0000989,CCCCCCCCCCCCCC(=O)NCC(=O)OC,1,,0.0000000,0.0000,0.2609825,0.2610,0.9919964,1.8602,37
31.3543,35.2093,-35.1987,0.0000830,Cc1cccc(NC(=O)CC(=O)N2N=C(N3OC(=O)CCC3(C)C)CC2c2ccccc2)c1,1,O=C(CC(=O)N1N=C(N2CCCC(=O)O2)CC1c1ccccc1)Nc1ccccc1,0.0000000,0.0000,0.1620883,0.1621,0.9073606,3.5135,37
25.4539,30.0145,-29.9971,0.0001356,N=C1C(=O)N(N=O)C(=O)C1c1ccccc1,1,N=C1C(=O)NC(=O)C1c1ccccc1,0.0000000,0.0000,0.7001034,0.7001,0.9225117,3.3864,37
19.5993,19.8900,-19.8749,0.0001179,N=C(N)N(Cc1ccccc1)c1ccccc1,1,c1ccc(CNc2ccccc2)cc1,0.0000000,0.0000,0.4416038,0.4416,0.9923760,1.8283,37
28.0261,28.3046,-28.2923,0.0000962,S=C(NCC1CCN(c2ccccn2)CC1)NC1CCN(Cc2ccccc2)CC1,1,S=C(NCC1CCN(c2ccccn2)CC1)NC1CCN(Cc2ccccc2)CC1,0.0000000,0.0000,0.2406434,0.2406,0.9858257,2.2366,37
21.3360,25.9143,-25.9084,0.0000455,CCCC(C=NO)=CC=CC=C(C)C=CC1=C(C)CCCC1(C)C,1,C1=CCCCC1,0.0000000,0.0000,0.0268602,0.0269,0.8982870,3.5809,37
19.7860,22.2715,-22.2584,0.0001024,COC(=O)NN=Cc1cn(-c2ccccc2)nc1-c1ccccc1,1,c1ccc(-c2ccn(-c3ccccc3)n2)cc1,0.0000000,0.0000,0.2896521,0.2897,0.9892504,2.0541,37
25.3906,27.5229,-27.5135,0.0000739,CCOC1CCC2C3=CC=C4CC(=O)C=CC4(C)C3CCC12C,1,O=C1C=CC2C(=CC=C3C4CCCC4CCC32)C1,0.0000000,0.0000,0.1340348,0.1340,0.6863750,4.4898,38
14.9738,47.2870,37.9123,0.6656198,CCCCN(C)C=CC=CC(O)=C1C(=O)NC(=O)N(Cc2ccc(F)c(F)c2)C1=O,1,C=C1C(=O)NC(=O)N(Cc2ccccc2)C1=O,1.0000000,1.0000,0.3027631,0.3028,0.9550091,3.0097,38
9.9897,45.4306,61.0051,0.8315289,CN1C(=O)C(=O)C(=C(O)C=CC=CNc2ccccc2)C1=O,1,O=C1NC(=O)C(=CC=CC=CNc2ccccc2)C1=O,1.0000000,1.0000,0.5871457,0.5871,0.9639415,2.8594,38
20.4126,21.4187,-21.4014,0.0001351,CC(C)Oc1ccc(S(=O)(=O)N2CCN(C)CC2)cn1,1,O=S(=O)(c1cccnc1)N1CCNCC1,0.0000000,0.0000,0.6667400,0.6667,0.9874990,2.1536,38
38.1958,37.2107,-37.1936,0.0001331,NNC(=O)N1CCN(c2ccnc3c(OC4CCOCC4)ncnc23)CC1,1,c1nc(OC2CCOCC2)c2nccc(N3CCNCC3)c2n1,0.0000000,0.0000,0.6462068,0.6462,0.9630718,2.8755,38
10.0660,44.5602,65.8664,0.8627076,CN(C=CC=CC(O)=C1C(=O)OC1(C)C)CCO,1,C=C1COC1=O,1.0000000,1.0000,0.6984204,0.6984,0.8631363,3.8003,38
7.3743,33.7628,-33.7628,0.0000000,CN(C)C=CC=CC(O)=C1C(=O)OC(C)(C)C1=O,1,C=C1C(=O)COC1=O,1.0000000,1.0000,0.6622206,0.6622,0.9189180,3.4185,38
17.5631,21.9437,-21.9285,0.0001186,CN1C(=O)C(=Nc2ccc(Cl)cc2)C(C)(C)C1=O,1,O=C1CC(=Nc2ccccc2)C(=O)N1,0.0000000,0.0000,0.4556722,0.4557,0.9706494,2.7208,38
17.0104,20.2688,-20.2511,0.0001381,Cc1ccc(=NC2CCN(C(=O)CN(C)C)CC2)[nH]n1,1,c1cn[nH]c(=NC2CCNCC2)c1,0.0000000,0.0000,0.7318449,0.7318,0.9401661,3.2056,38
16.7746,18.2975,-18.2815,0.0001256,Clc1ccccc1CN1CCOCC1,1,c1ccc(CN2CCOCC2)cc1,0.0000000,0.0000,0.5325911,0.5326,0.9946032,1.6017,38
13.4538,33.8413,-33.8247,0.0001293,O=C1NC(=O)C(=C(O)C=CC=Cc2ccc([N+](=O)[O-])cc2)C(=O)N1,1,O=C1NC(=O)C(=CC=CC=Cc2ccccc2)C(=O)N1,0.0000000,0.0000,0.5912776,0.5913,0.9677233,2.7847,38
25.9644,27.6034,-27.5864,0.0001330,O=C(CNCC1CCCO1)N1CCN=C(c2ccccc2)C1,1,O=C(CNCC1CCCO1)N1CCN=C(c2ccccc2)C1,0.0000000,0.0000,0.6463377,0.6463,0.9576271,2.9688,38
17.1826,44.8329,-44.8329,0.0000000,CC(=O)ON(C)C=CC=CC(O)=C1C(=O)NC(=O)NC1=O,1,C=C1C(=O)NC(=O)NC1=O,1.0000000,1.0000,0.7896701,0.7897,0.9033356,3.5441,38
17.2775,23.3723,-23.3563,0.0001249,CCCCCCCOC1=CC(=O)C=CC1=O,1,O=C1C=CC(=O)C=C1,0.0000000,0.0000,0.5265418,0.5265,0.9854484,2.2539,38
23.2586,24.1322,-24.1176,0.0001137,CC1CC2COC(C)(C)OC2OC1CN=[N+]=[N-],1,C1COC2OCOCC2C1,0.0000000,0.0000,0.5020056,0.5020,0.6550723,4.5822,38
27.4363,26.7918,-26.7832,0.0000674,CCCCCNC1=NC(c2cccc(OC)c2)C(C(=O)OC)=C(C)N1Cc1ccc(F)cc1,1,C1=CN(Cc2ccccc2)C=NC1c1ccccc1,0.0000000,0.0000,0.0841223,0.0841,0.9570341,2.9783,38
19.4101,24.3754,-24.3571,0.0001430,NC(=O)C=CN1CCCCC1,1,C1CCNCC1,0.0000000,0.0000,0.7996553,0.7997,0.9686878,2.7643,38
10.2687,44.4143,70.8431,0.9004484,CN1CCN(C=CC=CC(O)=C2C(=O)NC(=O)N(C)C2=O)CC1,1,O=C1NC(=O)C(=CC=CC=CN2CCNCC2)C(=O)N1,1.0000000,1.0000,0.7543381,0.7543,0.9444264,3.1546,38
34.0832,33.5605,-33.5455,0.0001168,CN(O)C(=O)CCCCN=c1[nH]cc(Cc2ccc3c(c2)OCO3)s1,1,N=c1[nH]cc(Cc2ccc3c(c2)OCO3)s1,0.0000000,0.0000,0.4435572,0.4436,0.9366231,3.2455,38
13.5962,43.0108,73.1931,0.9078425,CN(C)C=CC=CC(O)=C1C(=O)C(=O)N(CN(C)C)C1=O,1,C=C1C(=O)NC(=O)C1=O,1.0000000,1.0000,0.7802976,0.7803,0.9291795,3.3231,38
33.2357,30.8473,-30.8338,0.0001061,O=C(NCc1ccc(C(F)(F)F)cn1)N1CCC2(O)CCCCC2C1,1,O=C(NCc1ccccn1)N1CCC2CCCCC2C1,0.0000000,0.0000,0.3334682,0.3335,0.9310997,3.3038,38
29.4711,28.2762,-28.2658,0.0000812,CCCCNC(=O)C(c1ccc(OC)cc1)N(Cc1ccccc1)C(=O)Cn1nnc2ccccc21,1,O=C(Cn1nnc2ccccc21)N(Cc1ccccc1)Cc1ccccc1,0.0000000,0.0000,0.1461859,0.1462,0.9709126,2.7148,38
19.7797,18.8080,-18.7908,0.0001341,O=[N+]([O-])c1ccc(C=NN2CCOCC2)cc1,1,C(=NN1CCOCC1)c1ccccc1,0.0000000,0.0000,0.6523865,0.6524,0.9844074,2.2996,38
37.3597,34.5903,-34.5795,0.0000842,N#CC1(NC(=O)c2ccc(Oc3ncnc4c3CCN(c3ccc(Br)cn3)C4)cc2)CC1,1,O=C(NC1CC1)c1ccc(Oc2ncnc3c2CCN(c2ccccn2)C3)cc1,0.0000000,0.0000,0.1631413,0.1631,0.9665010,2.8097,38
18.0900,21.5226,-21.5036,0.0001484,N=C(N)NC(=O)C(N)CCCCN,1,,0.0000000,0.0000,0.9055954,0.9056,0.9463900,3.1298,38
18.3353,19.1544,-19.1385,0.0001246,CC(Oc1ccccc1)C(=O)N=c1cc[nH]cc1,1,O=C(COc1ccccc1)N=c1cc[nH]cc1,0.0000000,0.0000,0.5379838,0.5380,0.9393939,3.2145,38
20.0495,21.1435,-21.1252,0.0001425,C=CCn1c(=O)ccn(C2CC(O)C(CO)O2)c1=O,1,O=c1ccn(C2CCCO2)c(=O)[nH]1,0.0000000,0.0000,0.8334499,0.8334,0.8844032,3.6744,38
32.4086,32.7277,-32.7126,0.0001187,O=C1c2nc3ccccc3n2C(=O)N1CN=c1cc(-c2cccnc2)[nH][nH]1,1,O=C1c2nc3ccccc3n2C(=O)N1CN=c1cc(-c2cccnc2)[nH][nH]1,0.0000000,0.0000,0.4707820,0.4708,0.9186218,3.4211,38
19.3510,52.1439,56.2335,0.8466986,CN(C=O)C=CC=CC(O)=C1C(=O)C(CC(=O)O)CC1O,1,C=C1CCCC1=O,1.0000000,1.0000,0.7476447,0.7476,0.6943999,4.4653,38
6.1854,43.3497,-43.3497,0.0000000,CN(C=CC=CC(O)=C1C(=O)NC(=O)NC1=O)CCO,1,C=C1C(=O)NC(=O)NC1=O,1.0000000,1.0000,0.8336890,0.8337,0.9223033,3.3883,38
28.9908,27.8815,-27.8688,0.0000993,Cn1c(=O)n(Cc2cccc(NS(=O)(=O)c3ccccc3)c2)c2ccccc21,1,O=c1[nH]c2ccccc2n1Cc1cccc(NS(=O)(=O)c2ccccc2)c1,0.0000000,0.0000,0.2637340,0.2637,0.9904042,1.9794,38
26.0523,24.5470,-24.5345,0.0000982,CCC(C(=O)OCc1cn(-c2ccccc2)nn1)c1ccccc1,1,O=C(Cc1ccccc1)OCc1cn(-c2ccccc2)nn1,0.0000000,0.0000,0.2573827,0.2574,0.9773475,2.5476,38
29.5566,35.1560,-35.1485,0.0000588,CC=CC=CC(=O)NC1CCC(CCN2CCC(O)(c3ccc(Cl)c(Cl)c3)CC2)CC1,1,c1ccc(C2CCN(CCC3CCCCC3)CC2)cc1,0.0000000,0.0000,0.0555372,0.0555,0.9657013,2.8257,38
11.0735,50.9223,-50.9223,0.0000000,COCN1C(=O)NC(=O)C(=C(O)C=CC=CN(C)C=O)C1=O,1,C=C1C(=O)NC(=O)NC1=O,1.0000000,1.0000,0.7943549,0.7944,0.9086935,3.5031,38
11.0830,39.9031,-39.9031,0.0000000,NC=CC=CC(O)=C1C(=O)NC(=O)NC1=O,1,C=C1C(=O)NC(=O)NC1=O,1.0000000,1.0000,0.8449035,0.8449,0.9216358,3.3943,38
23.3723,24.4269,-24.4123,0.0001147,CC(=O)C1CCC2C3CCC(=O)CC3=CC(O)C12C,1,O=C1CCC2C(=CCC3CCCC32)C1,0.0000000,0.0000,0.5090405,0.5090,0.6684660,4.5432,38
28.3065,26.8989,-26.8878,0.0000863,CC(NC1CCCC(C)C1C)c1ccccc1F,1,c1ccc(CNC2CCCCC2)cc1,0.0000000,0.0000,0.1781708,0.1782,0.9453376,3.1432,38
34.0018,49.9851,-49.9789,0.0000483,C#CCOC=CC=CC(O)=C1C(=O)C2CCC3C4(C)CCC(O)C(C)(C)C4CCC3(C)C2(C)CC1O,1,C=C1CCC2C(CCC3C4CCCCC4CCC23)C1=O,0.0000000,0.0000,0.0508470,0.0508,0.4043547,5.2523,38
31.6284,32.8978,-32.8808,0.0001325,C#CCCC(=O)NC(=O)c1c(Cl)c(CC)nn1C,1,c1cn[nH]c1,0.0000000,0.0000,0.6380766,0.6381,0.9636868,2.8642,38
12.4604,30.0112,-29.9947,0.0001288,CCN1C(=O)NC(=O)C(=C(O)C=Cc2ccccc2)C1=O,1,O=C1NC(=O)C(=CC=Cc2ccccc2)C(=O)N1,0.0000000,0.0000,0.5791663,0.5792,0.9822842,2.3842,38
20.5347,21.1591,-21.1426,0.0001292,CCn1cc(C(=O)O)c(=O)c2cc(F)c(N3CCNC(C)C3)nc21,1,O=c1cc[nH]c2nc(N3CCNCC3)ccc12,0.0000000,0.0000,0.5970044,0.5970,0.9482617,3.1053,38
21.7628,23.9744,-23.9573,0.0001338,CC(=O)NC1CN(Cc2ccccc2)CCC1C(=O)O,1,c1ccc(CN2CCCCC2)cc1,0.0000000,0.0000,0.6531912,0.6532,0.9714671,2.7019,38
23.0127,23.8068,-23.7942,0.0000989,COc1ccc2c(=O)c(C)c(-c3ccc([N+](=O)[O-])cc3)[nH]c2c1,1,O=c1cc(-c2ccccc2)[nH]c2ccccc12,0.0000000,0.0000,0.2613904,0.2614,0.9876683,2.1446,38
23.8888,23.1145,-23.1001,0.0001125,CN1CCc2[nH]c(=NC(=O)c3ccc(Cl)s3)sc2C1,1,O=C(N=c1[nH]c2c(s1)CNCC2)c1cccs1,0.0000000,0.0000,0.3968441,0.3968,0.9355016,3.2578,38
15.0118,35.9366,-35.9213,0.0001194,O=C1NC(=O)C(=C(O)C=Cc2ccc(Cl)cc2Cl)C(=O)N1,1,O=C1NC(=O)C(=CC=Cc2ccccc2)C(=O)N1,0.0000000,0.0000,0.4637097,0.4637,0.9746192,2.6235,38
17.3643,24.7005,-24.6834,0.0001338,CC1(C)CC=CC(=CC=C2C(=O)NC(=O)NC2=O)O1,1,O=C1NC(=O)C(=CC=C2C=CCCO2)C(=O)N1,0.0000000,0.0000,0.6847577,0.6848,0.8959306,3.5976,38
18.8644,48.0037,56.7988,0.8187692,C=CCN(C)C=CC=CC(O)=C1C(=O)C(N)C(O)CC1(O)CO,1,C=C1CCCCC1=O,1.0000000,1.0000,0.8031411,0.8031,0.5137031,4.9643,38
25.1235,27.3125,-27.2946,0.0001395,O=C(O)COCC1=C2C(CC1)CNC2C(=O)O,1,C1=C2CNCC2CC1,0.0000000,0.0000,0.8129854,0.8130,0.8237009,3.9957,38
8.3285,39.2809,-39.2809,0.0000000,CN(C)C=CC=CC(O)=C1C(=O)C=NC1=O,1,C=C1C(=O)C=NC1=O,1.0000000,1.0000,0.7557805,0.7558,0.8923441,3.6223,38
26.0050,56.1917,49.2565,0.8238144,C=CCN(C=O)C=CC=CC(O)=C1C(=C)OC(=CC=NN=C(N)N)C1=O,1,C=C1OC(=C)C(=O)C1=C,1.0000000,1.0000,0.6849349,0.6849,0.7009997,4.4449,38
6.1753,35.6414,-35.6414,0.0000000,CN(C)C=CC=CC(O)=C1C(=O)NC(=O)NC1=O,1,C=C1C(=O)NC(=O)NC1=O,1.0000000,1.0000,0.7990025,0.7990,0.9401493,3.2058,38
14.9014,20.8218,-20.8039,0.0001396,CCCCN=CN1CCN(C)CC1,1,C1CNCCN1,0.0000000,0.0000,0.7433690,0.7434,0.9673307,2.7928,38
13.6695,37.6211,62.1147,0.7791865,CN(C)C=CC=CC(O)=C1CC(=O)CC(C)(C)C1=O,1,C=C1CC(=O)CCC1=O,1.0000000,1.0000,0.5044875,0.5045,0.8935712,3.6139,38
41.3275,38.7212,-38.7110,0.0000794,COc1nc(C)c(OC)c(C)c1Cc1cc2nccnc2n1CCc1ccccc1,1,c1ccc(CCn2c(Cc3cccnc3)cc3nccnc32)cc1,0.0000000,0.0000,0.1365462,0.1365,0.9685941,2.7663,38
26.8047,28.4847,-28.4671,0.0001374,CCCCN(C(=O)c1ccc(OC)cc1)C1OC(CO)C(O)C(O)C1O,1,O=C(NC1CCCCO1)c1ccccc1,0.0000000,0.0000,0.7382009,0.7382,0.9001364,3.5676,38
37.9752,40.4716,-40.4566,0.0001166,CC1C(O)CC(=O)C2CC3=C(CC21C)N(O)OC3,1,O=C1CCCC2CC3=C(CON3)CC12,0.0000000,0.0000,0.6465508,0.6466,0.4794828,5.0535,38
8.9110,35.9434,-35.9434,0.0000000,CN(C=CC=CC(O)=C1C(=O)NC(=O)SC1=O)CCO,1,C=C1C(=O)NC(=O)SC1=O,1.0000000,1.0000,0.7452536,0.7453,0.8974077,3.5872,38
27.8669,34.4384,-34.4212,0.0001342,Cn1c(=O)c(=O)n(C2CC2)c2ccc(C#CCN3CCNCC3)cc21,1,O=c1[nH]c2cc(C#CCN3CCNCC3)ccc2n(C2CC2)c1=O,0.0000000,0.0000,0.6615566,0.6616,0.9672529,2.7945,38
24.6565,26.0645,-26.0456,0.0001477,N=C(NCCCC(N)N)N[N+](=O)[O-],1,,0.0000000,0.0000,0.9093973,0.9094,0.9134126,3.4652,38
24.3605,27.6470,-27.6348,0.0000953,C=CC1(C)CCC(C(=C)CN(C)S(C)(=O)=O)CC1C(=C)C,1,C1CCCCC1,0.0000000,0.0000,0.2804589,0.2805,0.7168834,4.3948,38
27.6396,28.3220,-28.3055,0.0001294,CC(C)C(=O)OCc1cn(CCc2ccccn2)nn1,1,c1ccc(CCn2ccnn2)nc1,0.0000000,0.0000,0.5874822,0.5875,0.9827039,2.3683,38
11.5280,44.3015,-44.3015,0.0000000,CN(C=CC=CC(O)=C1C(=O)NC(=O)NC1=O)CCO,2,C=C1C(=O)NC(=O)NC1=O,0.0000000,1.0000,0.0000000,0.8337,0.0000000,3.3883,38
23.2991,24.6833,-24.6694,0.0001091,CC(C)=CC1CC1C(=O)OCCOc1ccccc1,1,O=C(OCCOc1ccccc1)C1CC1,0.0000000,0.0000,0.3573530,0.3574,0.9552988,3.0053,38
14.6220,46.7606,54.2969,0.7895117,O=C1NC(=O)N(Cc2cccc3ccccc23)C(=O)C1=C(O)C=CC=CN(CCO)CCO,1,C=C1C(=O)NC(=O)N(Cc2cccc3ccccc23)C1=O,1.0000000,1.0000,0.5063871,0.5064,0.9512352,3.0647,38
38.5026,38.9546,-38.9400,0.0001141,CSCCCNC1CC(N)C(OC2OC(CN)C(O)CC2N)C(O)C1OC1C(O)C(N)CC(N)C1OC1OC(C)C(O)C(O)C1O,1,C1CCC(OC2CCCC(OC3CCCCC3OC3CCCCO3)C2)OC1,0.0000000,0.0000,0.9059782,0.9060,0.2372425,5.7608,38
28.9227,28.8667,-28.8557,0.0000861,O=C(OCCCl)n1c(-c2ccc(F)cc2)nc2ccccc21,1,c1ccc(-c2nc3ccccc3[nH]2)cc1,0.0000000,0.0000,0.1728646,0.1729,0.9864125,2.2086,38
39.0317,62.9730,-62.9695,0.0000268,CC(C=CC1=C(C)CCCC1(C)C)=CC=CC(O)=CC=CC(O)=C1C(=O)C(Sc2c(Cl)cccc2Cl)C(O)C(O)C1O,1,O=C1C(=CC=CC=CC=CC=CC=CC2=CCCCC2)CCCC1Sc1ccccc1,0.0000000,0.0000,0.0077571,0.0078,0.4905146,5.0247,38
28.1193,26.8822,-26.8662,0.0001248,CN1CCN(S(=O)(=O)c2ccc(NC(=O)c3cnc(Cl)cn3)cc2)CC1,1,O=C(Nc1ccc(S(=O)(=O)N2CCNCC2)cc1)c1cnccn1,0.0000000,0.0000,0.5253005,0.5253,0.9864440,2.2071,38
19.3433,22.5161,-22.5016,0.0001133,CC=CC=Cc1cc(=O)c2c(O)cc(O)cc2o1,1,O=c1ccoc2ccccc12,0.0000000,0.0000,0.3996820,0.3997,0.9599457,2.9306,38
46.3953,44.7825,-44.7689,0.0001060,Cc1cc(-c2c3nc(OC(F)F)c(=O)n(C4CC4)c3nn2C)cc2c1OCO2,1,O=c1cnc2c(-c3ccc4c(c3)OCO4)[nH]nc2n1C1CC1,0.0000000,0.0000,0.3327586,0.3328,0.9332862,3.2813,38
30.3723,30.2082,-30.1941,0.0001099,CC1(C)Oc2sc(-c3c(O)cc(O)cc3O)cc2CC1O,1,c1ccc(-c2cc3c(s2)OCCC3)cc1,0.0000000,0.0000,0.3872683,0.3873,0.8649747,3.7901,38
32.1020,31.8161,-31.8033,0.0001002,COCC#Cc1cn(CC=C(C)C)c(Sc2ccccc2)nc1=O,1,O=c1cc[nH]c(Sc2ccccc2)n1,0.0000000,0.0000,0.2771794,0.2772,0.9539226,3.0260,38
36.2021,32.6084,-32.5969,0.0000901,Cc1ccc(NC(=O)N2CCN(C(=O)c3ccn(-c4ccc(F)cc4)n3)CC2)c(C)c1,1,O=C(Nc1ccccc1)N1CCN(C(=O)c2ccn(-c3ccccc3)n2)CC1,0.0000000,0.0000,0.1974703,0.1975,0.9869729,2.1808,38
14.8814,44.6096,42.4173,0.6798981,C=C1C(=CC=CC=C2C(=O)C(=C(O)C=CC=CN(C)CCO)C(C)(C)C2=O)C(O)CC1O,1,C=C1CC(=O)C(=CC=CC=C2CCCC2=C)C1=O,1.0000000,1.0000,0.4627457,0.4627,0.5081372,4.9788,38
16.5444,19.7377,-19.7200,0.0001379,O=C1C=CC(=O)C1=CBr,1,C=C1C(=O)C=CC1=O,0.0000000,0.0000,0.7230054,0.7230,0.9528754,3.0413,38
19.3299,22.0054,-21.9885,0.0001323,CCC(=O)N(O)C1CCCCC1,1,C1CCCCC1,0.0000000,0.0000,0.6283182,0.6283,0.9784270,2.5151,38
29.9721,57.2309,-57.2188,0.0000943,COC1=C(C)C(=C(O)C=CN(C)C)C(=O)C(O)(CCc2ccc3ccccc3c2)C1=O,1,C=C1C=CC(=O)C(CCc2ccc3ccccc3c2)C1=O,0.0000000,0.0000,0.2403768,0.2404,0.8922948,3.6226,38
24.7502,27.4737,-27.4577,0.0001248,O=C(Nc1ccc(C=CC(O)=NO)cc1)NC1CCOC1,1,O=C(Nc1ccccc1)NC1CCOC1,0.0000000,0.0000,0.5364075,0.5364,0.9537117,3.0291,38
22.0780,22.5922,-22.5922,0.0000000,c1c(=NCCCCCC)cncc(OC)[nH]1,0,,0.0000000,0.0000,0.0000000,0.0000,0.0000000,0.0000,38
22.7762,24.5669,-24.5525,0.0001120,CN1C(N)=NC(C)(c2oc(-c3ccccc3)cc2Cl)CS1(=O)=O,1,O=S1(=O)CC(c2ccc(-c3ccccc3)o2)N=CN1,0.0000000,0.0000,0.3990542,0.3991,0.9055809,3.5272,38
20.4356,21.2860,-21.2711,0.0001165,O=C(CCCn1c(=O)[nH]c2ccsc2c1=O)N1CCN(c2ccccc2F)CC1,1,O=C(CCCn1c(=O)[nH]c2ccsc2c1=O)N1CCN(c2ccccc2)CC1,0.0000000,0.0000,0.4287648,0.4288,0.9823495,2.3817,38
27.1037,27.2070,-27.1896,0.0001363,CNC(=O)C1CN(c2c(Br)cnn2C)CCO1,1,c1cc(N2CCOCC2)[nH]n1,0.0000000,0.0000,0.7101982,0.7102,0.9240442,3.3723,38
15.0144,46.8481,59.4307,0.8303028,O=C1NC(=O)N(Cc2ccccc2)C(=O)C1=C(O)C=CC=CN([O-])O,1,C=C1C(=O)NC(=O)N(Cc2ccccc2)C1=O,1.0000000,1.0000,0.5896414,0.5896,0.9494296,3.0897,38
31.9408,36.8214,-36.8095,0.0000930,O=C1OC(=Cc2ccccc2)c2cc(-c3cc[nH]c(=NC4CCCNC4)n3)ccc21,1,O=C1OC(=Cc2ccccc2)c2cc(-c3cc[nH]c(=NC4CCCNC4)n3)ccc21,0.0000000,0.0000,0.2317954,0.2318,0.8824310,3.6869,38
16.0230,49.0811,42.3466,0.7142795,O=C1NC(=O)C(=C(O)C=CC=CN2CC=C(c3c[nH]c4ccccc34)CC2)C(=O)N1,1,O=C1NC(=O)C(=CC=CC=CN2CC=C(c3c[nH]c4ccccc34)CC2)C(=O)N1,1.0000000,1.0000,0.3796012,0.3796,0.9310749,3.3041,38
19.8760,19.8322,-19.8158,0.0001287,O=[N+]([O-])c1ccc(OCC(O)CN2CCCCC2)cc1,1,c1ccc(OCCCN2CCCCC2)cc1,0.0000000,0.0000,0.5770520,0.5771,0.9833966,2.3412,38
23.7739,29.1468,-29.1283,0.0001446,CN1CCN(C)C(C=C2C(=O)NC(=O)NC2=O)C1,1,O=C1NC(=O)C(=CC2CNCCN2)C(=O)N1,0.0000000,0.0000,0.8603003,0.8603,0.9032755,3.5446,38
35.5903,34.3351,-34.3254,0.0000758,COc1cccc(Cc2ccc(CC(=O)N=c3[nH]c(-c4ccccn4)cs3)cc2)c1,1,O=C(Cc1ccc(Cc2ccccc2)cc1)N=c1[nH]c(-c2ccccn2)cs1,0.0000000,0.0000,0.1187127,0.1187,0.9723472,2.6809,38
23.0149,23.2786,-23.2639,0.0001150,O=C(CCn1nc(-c2ccccc2)c2ccccc2c1=O)N1CCOCC1,1,O=C(CCn1nc(-c2ccccc2)c2ccccc2c1=O)N1CCOCC1,0.0000000,0.0000,0.4110943,0.4111,0.9891288,2.0615,38
19.1037,21.0093,-20.9915,0.0001394,CC(C)C=NC(=O)CCC(=O)O,1,,0.0000000,0.0000,0.7464547,0.7465,0.9548381,3.0123,38
12.2372,16.9395,-16.9223,0.0001344,CC1(C)N=C(N)N=C(N)N1OCCCOc1ccccc1,1,C1=NC=NCN1OCCCOc1ccccc1,0.0000000,0.0000,0.6620906,0.6621,0.9725059,2.6770,38
21.7553,22.4285,-22.4189,0.0000748,CCCn1c(O)c(N=NC(=O)c2ccc(OC)cc2)c2ccccc21,1,O=C(N=Nc1c[nH]c2ccccc12)c1ccccc1,0.0000000,0.0000,0.1134230,0.1134,0.9797966,2.4714,38
35.8734,40.6797,-40.6633,0.0001279,NC(CCl)=NC(CC1CCCCC1)C(=O)NCCSCCO,1,C1CCCCC1,0.0000000,0.0000,0.5911225,0.5911,0.9150562,3.4515,38
8.2032,40.9600,-40.9600,0.0000000,CN(C)C=CC=CC(O)=C1C(=O)C(=Nc2ccccc2)N(C)C1=O,1,C=C1C(=O)NC(=Nc2ccccc2)C1=O,1.0000000,1.0000,0.4797922,0.4798,0.9354041,3.2588,38
28.3483,25.8671,-25.8514,0.0001224,CC1CN(C)CCN1C(=O)c1cc(COc2ccc3c(c2)OCO3)on1,1,O=C(c1cc(COc2ccc3c(c2)OCO3)on1)N1CCNCC1,0.0000000,0.0000,0.5028885,0.5029,0.9605120,2.9209,38
40.3523,44.7366,-44.7211,0.0001213,COC(=O)C1c2cc(OC)ccc2CCn2c(=O)n(C(C)C(=O)N3CC4CCCC43)c(=O)n21,1,O=C(Cn1c(=O)n2n(c1=O)Cc1ccccc1CC2)N1CC2CCCC21,0.0000000,0.0000,0.5539315,0.5539,0.7746818,4.1955,38
6.1643,43.6895,-43.6895,0.0000000,CN(C=CC=CC(O)=C1C(=O)N(C)C(=O)N(C)C1=O)CCO,1,C=C1C(=O)NC(=O)NC1=O,1.0000000,1.0000,0.7736070,0.7736,0.9253395,3.3602,38
29.5831,35.7318,-35.7161,0.0001228,COc1cc2c(=NC3=CC(=O)C(O)(OCC4CCCO4)C3=O)nc[nH]c2cc1OCCCN(C)C,1,O=C1C=C(N=c2nc[nH]c3ccccc23)C(=O)C1OCC1CCCO1,0.0000000,0.0000,0.5833037,0.5833,0.7555298,4.2650,38
5.9339,39.4272,-39.4272,0.0000000,CN(C)C=CC=CC(O)=C1C(=O)N(C)C(=O)N(C)C1=O,1,C=C1C(=O)NC(=O)NC1=O,1.0000000,1.0000,0.7286829,0.7287,0.9426464,3.1763,38
5.6043,41.8120,-41.8120,0.0000000,O=C1NC(=O)C(=C(O)C=CC=CN(CCO)CCO)C(=O)N1,1,C=C1C(=O)NC(=O)NC1=O,1.0000000,1.0000,0.8626767,0.8627,0.9187340,3.4201,38
24.9483,22.9511,-22.9373,0.0001075,COc1cccc2sc(=NS(=O)(=O)c3ccc(C)cc3)[nH]c12,1,O=S(=O)(N=c1[nH]c2ccccc2s1)c1ccccc1,0.0000000,0.0000,0.3384580,0.3385,0.9736018,2.6498,38
11.1567,42.5030,72.6415,0.8995663,O=C1NC(=O)C(=C(O)C=CC=CN(O)O)C(=O)O1,1,C=C1C(=O)NC(=O)OC1=O,1.0000000,1.0000,0.7998062,0.7998,0.8481073,3.8796,38
26.3171,28.8819,-28.8663,0.0001218,C=c1ccc(=c2[nH]c(=O)c(=C(O)N=C3C=CCC(=O)C3)s2)cc1,1,C=c1ccc(=c2[nH]c(=O)c(=CN=C3C=CCC(=O)C3)s2)cc1,0.0000000,0.0000,0.5742915,0.5743,0.7443048,4.3040,38
21.9381,27.8303,-27.8130,0.0001351,CN1CCN(C=O)CC1C(=O)NCc1cccc(Cl)c1,1,O=C(NCc1ccccc1)C1CNCCN1,0.0000000,0.0000,0.6768223,0.6768,0.9625859,2.8844,38
29.9346,30.9985,-30.9845,0.0001095,CCc1cnc2ccccc2c1SCC(=O)N=c1cncc[nH]1,1,O=C(CSc1ccnc2ccccc12)N=c1cncc[nH]1,0.0000000,0.0000,0.3639403,0.3639,0.9465333,3.1279,38
22.5975,27.7847,-27.7714,0.0001042,COC1=C2C=Nc3c(c(O)n(Cc4ccccc4)c3O)C2CCC1=O,1,O=C1C=C2C=Nc3cn(Cc4ccccc4)cc3C2CC1,0.0000000,0.0000,0.3251291,0.3251,0.8859614,3.6645,38
22.0461,24.9355,-24.9178,0.0001385,CN1CCC(O)C(=c2[nH]c(=C(O)NCc3ccc(F)cc3)c(=O)c(=O)n2C)C1,1,O=c1[nH]c(=C2CCCNC2)[nH]c(=CNCc2ccccc2)c1=O,0.0000000,0.0000,0.7705498,0.7705,0.8714082,3.7535,38
26.3912,25.8365,-25.8275,0.0000702,Cc1ccc(NC(=O)NCC(F)(F)F)cc1-c1ccc2cc(=NC(=O)C3CC3)[nH]cc2c1,1,O=C(N=c1cc2ccc(-c3ccccc3)cc2c[nH]1)C1CC1,0.0000000,0.0000,0.0952748,0.0953,0.9569284,2.9800,38
23.0212,25.0707,-25.0558,0.0001163,CCN1C(=O)c2c(nc(N3CCCC(N)C3)n2Cc2ccccc2)N2CC(C)N=C12,1,O=C1NC2=NCCN2c2nc(N3CCCCC3)n(Cc3ccccc3)c21,0.0000000,0.0000,0.4554418,0.4554,0.8769688,3.7205,38
14.8783,32.5600,-32.5415,0.0001451,CSC(C(=O)O)=C1C(=O)NC(=O)NC1=O,1,C=C1C(=O)NC(=O)NC1=O,0.0000000,0.0000,0.8489268,0.8489,0.9390541,3.2184,38
16.3241,48.2619,52.0567,0.7837390,CCCCN(C)C=CC=CC(O)=C1C(=O)N(C#N)N=C1C,1,C=C1C=NNC1=O,1.0000000,1.0000,0.5236871,0.5237,0.8630272,3.8009,38
22.5713,19.9577,-19.9456,0.0000944,Cc1ccc(-c2cccc3c(=O)cc(N4CCOCC4)oc23)cc1,1,O=c1cc(N2CCOCC2)oc2c(-c3ccccc3)cccc12,0.0000000,0.0000,0.2274969,0.2275,0.9858038,2.2376,38
26.2746,27.0296,-27.0151,0.0001136,Cc1ccc(-c2nc3ccccc3c(=O)o2)cc1S(=O)(=O)N(C)C,1,O=c1oc(-c2ccccc2)nc2ccccc12,0.0000000,0.0000,0.3962964,0.3963,0.9877267,2.1415,38
23.6015,25.7715,-25.7564,0.0001174,O=C(C=Cc1ccccc1)NC1C2CCC(C2)C1C(=O)O,1,O=C(C=Cc1ccccc1)NC1CC2CCC1C2,0.0000000,0.0000,0.4863020,0.4863,0.8203987,4.0104,38
22.9419,24.1345,-24.1219,0.0000988,CCC(=O)OC1c2c(ccc3ccc(=O)oc23)OC(C)(C)C1OC(=O)CC,1,O=c1ccc2ccc3c(c2o1)CCCO3,0.0000000,0.0000,0.2755192,0.2755,0.8936781,3.6132,38
29.5726,35.2115,-35.1956,0.0001243,CC1(C)C(=O)C(O)CC2(C)C1C(O)CC1(C)C(=O)C(=O)NC12,1,O=C1CCC2C(CCC3C(=O)C(=O)NC32)C1,0.0000000,0.0000,0.7416931,0.7417,0.5275475,4.9281,38
19.3570,53.5186,52.6056,0.8290953,CN(C=CC=CC(O)=C1C(=O)N(C)C(=O)N(C(Cc2ccc(O)cc2)C(=O)O)C1=O)CCO,1,C=C1C(=O)NC(=O)N(CCc2ccccc2)C1=O,1.0000000,1.0000,0.6159985,0.6160,0.8727882,3.7454,38
7.5040,47.9128,-47.9128,0.0000000,CN1C(=O)C(=C(O)C=CC=CN(CCO)CCO)C(=O)N(C)C1=O,1,C=C1C(=O)NC(=O)NC1=O,1.0000000,1.0000,0.8110528,0.8111,0.9206993,3.4027,38
15.3392,42.6175,44.7631,0.6826612,COC1(C)Oc2ccccc2C(=O)C1=C(O)C=CC=CN(C)C,1,C=C1COc2ccccc2C1=O,1.0000000,1.0000,0.3451801,0.3452,0.8669561,3.7790,38
23.7215,24.6945,-24.6757,0.0001468,CCn1c(=O)[nH]c(=O)n(C=CC(=O)O)c1=O,1,O=c1[nH]c(=O)[nH]c(=O)[nH]1,0.0000000,0.0000,0.8727209,0.8727,0.9509593,3.0686,38
11.0546,44.4929,-44.4929,0.0000000,C=CCN(C)C=CC=CC(O)=C1C(=O)NC(=O)NC1=O,1,C=C1C(=O)NC(=O)NC1=O,1.0000000,1.0000,0.7547720,0.7548,0.9139019,3.4611,38
35.3386,37.3867,-37.3716,0.0001182,CCC1NC(=O)N(C)C1COc1ccc([S+](C)[O-])cc1F,1,O=C1NCC(COc2ccccc2)N1,0.0000000,0.0000,0.5567818,0.5568,0.6695912,4.5399,38
34.7443,32.7913,-32.7838,0.0000585,CC(=O)Nc1ccc(N(C)S(=O)(=O)c2ccccc2F)c(OCc2ccc3ccccc3c2)c1,1,O=S(=O)(Nc1ccccc1OCc1ccc2ccccc2c1)c1ccccc1,0.0000000,0.0000,0.0541774,0.0542,0.9850690,2.2709,38
18.7684,22.6336,-22.6181,0.0001209,O=C1Nc2ccccc2C1=NOC(=O)c1ccccc1,1,O=C1Nc2ccccc2C1=NOC(=O)c1ccccc1,0.0000000,0.0000,0.4773321,0.4773,0.9865120,2.2038,38
27.0565,27.0949,-27.0784,0.0001291,CC[N+](C)(C)CCCNC(=O)c1cccc(OC)c1,1,c1ccccc1,0.0000000,0.0000,0.5807245,0.5807,0.9878096,2.1370,38
14.0624,49.2487,66.8063,0.9066792,CC1=C(CO)C(=O)C(=O)C1=C(O)C=CC=CN(CCO)CCO,1,C=C1C=CC(=O)C1=O,1.0000000,1.0000,0.8001336,0.8001,0.8832777,3.6816,38
24.6668,33.8298,-33.8130,0.0001309,COC1=C(C)C(=O)C(C)(C=C2C(=O)OC(C)(C)OC2=O)C1=O,1,O=C1OCOC(=O)C1=CC1C(=O)C=CC1=O,0.0000000,0.0000,0.6685852,0.6686,0.8308588,3.9631,38
32.7385,33.7363,-33.7205,0.0001236,Fc1ccc(-c2cncc(=NCCN=c3cc[nH]c(=NCCN4CCOCC4)[nH]3)[nH]2)cc1F,1,c1ccc(-c2cncc(=NCCN=c3cc[nH]c(=NCCN4CCOCC4)[nH]3)[nH]2)cc1,0.0000000,0.0000,0.5556168,0.5556,0.8499842,3.8701,38
29.7059,29.5849,-29.5728,0.0000941,COc1ccc(-c2ccc(C(C)N(C)CC(O)C(F)(F)F)cc2)cn1,1,c1ccc(-c2cccnc2)cc1,0.0000000,0.0000,0.2305720,0.2306,0.9463544,3.1302,39
35.5896,36.4706,-36.4529,0.0001377,CCOC(=O)NCc1cnc2c(c1)NC(C(N)=O)CN2C(C)=O,1,c1cnc2c(c1)NCCN2,0.0000000,0.0000,0.7293589,0.7294,0.9326637,3.2878,39
31.5773,34.3627,-34.3493,0.0001048,CC(C)c1cc(C(C)C)n(CCCCC2(C)N=C(N)N(C)O2)n1,1,C1=NC(CCCCn2cccn2)ON1,0.0000000,0.0000,0.3377501,0.3378,0.8529555,3.8548,39
17.7726,48.3084,46.7881,0.7429416,O=C1Nc2c(Cl)cc(Cl)cc2C(=O)C1=C(O)C=CC=CN(CCO)CCO,1,C=C1C(=O)Nc2ccccc2C1=O,1.0000000,1.0000,0.4304591,0.4305,0.9186098,3.4212,39
25.6412,24.0864,-24.0779,0.0000665,O=C1CC(c2ccc(Br)cc2)Cc2[nH]c3cccc(Cl)c3c(=O)c21,1,O=C1CC(c2ccccc2)Cc2[nH]c3ccccc3c(=O)c21,0.0000000,0.0000,0.0805048,0.0805,0.9615678,2.9026,39
18.8317,45.1477,-45.1339,0.0001077,CC1=C(C#N)c2[nH]c(C#N)cc2C1=C(O)C=CC=CN1CCOCC1,1,C(=CC=C1C=Cc2[nH]ccc21)C=CN1CCOCC1,0.0000000,0.0000,0.3657468,0.3657,0.8571142,3.8329,39
9.7689,49.5099,-49.5099,0.0000000,COCN1C(=O)NC(=O)C(=C(O)C=CC=CN(C)CCO)C1=O,1,C=C1C(=O)NC(=O)NC1=O,1.0000000,1.0000,0.8020374,0.8020,0.9182600,3.4242,39
24.5183,38.7718,-38.7552,0.0001297,CCOC(=O)C(Br)=CC(O)=C1OC(=O)C=CC1=O,1,C=C1OC(=O)C=CC1=O,0.0000000,0.0000,0.6215861,0.6216,0.9005451,3.5647,39
13.8724,53.7044,-53.7044,0.0000000,CN(C=CC=CC(O)=C1C(=O)N(C)C(=O)N(CCO)C1=O)CCO,1,C=C1C(=O)NC(=O)NC1=O,1.0000000,1.0000,0.8110528,0.8111,0.9226024,3.3856,39
25.7827,27.7106,-27.6938,0.0001316,CCOC(=O)C1(NC(=O)CCNC(=O)c2ccco2)CCCC1,1,O=C(CCNC(=O)c1ccco1)NC1CCCC1,0.0000000,0.0000,0.6168055,0.6168,0.9829382,2.3592,39
9.1919,43.7124,-43.7124,0.0000000,CN(C=O)C=CC=CC(O)=C1C(=O)OC(C)(C)OC1=O,1,C=C1C(=O)OCOC1=O,1.0000000,1.0000,0.7060534,0.7061,0.8906722,3.6335,39
22.6531,24.5130,-24.4960,0.0001326,C=C(C)C(=CC=C(C)C)OC1OC(CO)C(O)C(O)C1O,1,C1CCOCC1,0.0000000,0.0000,0.7498552,0.7499,0.7279896,4.3587,39
21.3098,43.5808,59.4724,0.8051029,N#Cc1ccc2c(c1)C(=O)C(=C(O)C=CC=CN(CCO)CCO)C(=O)S2,1,C=C1C(=O)Sc2ccccc2C1=O,1.0000000,1.0000,0.5511604,0.5512,0.9088311,3.5020,39
20.3703,19.6278,-19.6116,0.0001266,COc1ccc(N2CCN(c3ncc(C(O)=NO)cn3)CC2)cc1,1,c1ccc(N2CCN(c3ncccn3)CC2)cc1,0.0000000,0.0000,0.5496626,0.5497,0.9821540,2.3890,39
12.2400,40.7287,-40.7126,0.0001258,O=C1NC(=O)C(=C(O)C=CC=CN=c2cccc[nH]2)C(=O)S1,1,O=C1NC(=O)C(=CC=CC=CN=c2cccc[nH]2)C(=O)S1,0.0000000,0.0000,0.5943220,0.5943,0.8306407,3.9641,39
18.2407,24.9958,-24.9782,0.0001376,COc1cccc(CC2C(=O)N(C)CC(=O)N2C)c1,1,O=C1CNC(=O)C(Cc2ccccc2)N1,0.0000000,0.0000,0.7095508,0.7096,0.9720886,2.6871,39
24.4089,28.0053,-27.9874,0.0001401,O=c1ccccn1C1=NCCC1O,1,O=c1ccccn1C1=NCCC1,0.0000000,0.0000,0.7863840,0.7864,0.8935418,3.6141,39
21.9794,21.2849,-21.2678,0.0001335,COCCNC(=O)COc1cccc(Cl)c1,1,c1ccccc1,0.0000000,0.0000,0.6409827,0.6410,0.9940833,1.6620,39
28.3907,28.0212,-28.0095,0.0000915,Cc1cccc(Cl)c1CCC(=O)Nc1cccc(O)c1,1,O=C(CCc1ccccc1)Nc1ccccc1,0.0000000,0.0000,0.2066852,0.2067,0.9919909,1.8606,39
17.3343,18.5376,-18.5191,0.0001443,CC(=O)Cn1cnc2c1c(=O)n(C)c(=O)n2C,1,O=c1[nH]c(=O)c2[nH]cnc2[nH]1,0.0000000,0.0000,0.8147263,0.8147,0.9809633,2.4319,39
22.3441,20.0321,-20.0142,0.0001400,CC(C)NCC(O)COc1ccccc1C(N)=O,1,c1ccccc1,0.0000000,0.0000,0.7446264,0.7446,0.9817331,2.4045,39
7.2229,38.2742,-38.2742,0.0000000,CN(C=CC=CC(O)=C1C(=O)NC(=O)C1(C)O)CCO,1,C=C1CC(=O)NC1=O,1.0000000,1.0000,0.8307941,0.8308,0.7468123,4.2953,39
19.9895,22.2715,-22.2523,0.0001495,O=C1NC1O,1,O=C1CN1,0.0000000,0.0000,0.9245336,0.9245,0.9489521,3.0961,39
23.0962,24.6388,-24.6201,0.0001460,O=C(CNC(=O)C1CC1)NCCCN1CCOCC1,1,O=C(CNC(=O)C1CC1)NCCCN1CCOCC1,0.0000000,0.0000,0.8396833,0.8397,0.9911925,1.9230,39
27.3994,28.1666,-28.1666,0.0000000,N(CCCC)=c1oc2c(n1)cc1c(c2)OCO1,0,,0.0000000,0.0000,0.0000000,0.0000,0.0000000,0.0000,39
22.6267,54.4112,21.0580,0.5896033,O=C1NC(=O)N(C2CC2)C(=O)C1=C(O)C=CC=CN(O)CCC12CC3CC(CC(C3)C1)C2,1,O=C1NC(=O)N(C2CC2)C(=O)C1=CC=CC=CNCCC12CC3CC(CC(C3)C1)C2,1.0000000,1.0000,0.2608897,0.2609,0.6556013,4.5806,39
17.7555,52.0256,44.6206,0.7550480,CN1CCN(C=CC=CC(O)=C2C(=O)NC(=O)N(C3CCN(Cc4ccccc4)CC3)C2=O)CC1,1,O=C1NC(=O)N(C2CCN(Cc3ccccc3)CC2)C(=O)C1=CC=CC=CN1CCNCC1,1.0000000,1.0000,0.4414446,0.4414,0.9568260,2.9816,39
27.0154,29.1850,-29.1773,0.0000604,CC(C)=CCCC(C)=C1c2c(O)cc(O)cc2OC1c1ccc(O)cc1,1,C=C1c2ccccc2OC1c1ccccc1,0.0000000,0.0000,0.0618184,0.0618,0.9211774,3.3985,39
36.4368,35.0156,-35.0026,0.0001019,C#CCN(Cc1ccc(C(=O)NCCc2ccc(OCC(=O)O)cc2)cc1)c1cccnc1,1,O=C(NCCc1ccccc1)c1ccc(CNc2cccnc2)cc1,0.0000000,0.0000,0.2863305,0.2863,0.9823911,2.3802,39
35.1567,39.1350,-39.1232,0.0000925,CC(CC1NC(=O)C(CC(C)C)N(C(C)CNC(C)(C)C)C1=O)=NC(=O)CCc1ccccc1,1,O=C(CCc1ccccc1)N=CCC1NC(=O)CNC1=O,0.0000000,0.0000,0.2376461,0.2376,0.8225592,4.0008,39
27.3356,25.3470,-25.3347,0.0000958,COc1ccc(S(=O)(=O)N(CC(=O)N2CCN(c3ccccc3)CC2)c2ccccc2)cc1OC,1,O=C(CN(c1ccccc1)S(=O)(=O)c1ccccc1)N1CCN(c2ccccc2)CC1,0.0000000,0.0000,0.2372689,0.2373,0.9878095,2.1370,39
12.6240,43.6145,60.4303,0.8128506,CN(C=CC=CC(O)=C1C(=O)C=CC1(C)C)CCO,1,C=C1CC=CC1=O,1.0000000,1.0000,0.5866445,0.5866,0.8568406,3.8344,39
31.5577,30.2313,-30.2204,0.0000850,CCCCCCCCCCCCCC(=O)NC1C(=O)N(CC(=O)O)c2ccccc2CC1O,1,O=C1CCCc2ccccc2N1,0.0000000,0.0000,0.1700597,0.1701,0.9458823,3.1363,39
25.5410,27.1404,-27.1240,0.0001281,CNCC(=O)Nc1ccc2c(c1)C(=O)c1ccc(NC(=O)CN(C)C)cc1C2=O,1,O=C1c2ccccc2C(=O)c2ccccc21,0.0000000,0.0000,0.5686074,0.5686,0.9846724,2.2883,39
7.7046,38.5417,-38.5417,0.0000000,O=C1NC(=S)NC(=O)C1=C(O)C=CC=CN(CCO)CCO,1,C=C1C(=O)NC(=S)NC1=O,1.0000000,1.0000,0.8468843,0.8469,0.9059886,3.5241,39
28.4081,27.0362,-27.0202,0.0001248,Oc1ccc(C(O)NC2CCCC(=S)N2)[nH]1,1,S=C1CCCC(NCc2ccc[nH]2)N1,0.0000000,0.0000,0.7067342,0.7067,0.5873043,4.7702,39
20.1727,27.2229,-27.2156,0.0000573,CCCCCC=CCC=CCC=CC=CC=CC=CCN1CCOCC1,1,C1COCCN1,0.0000000,0.0000,0.0521709,0.0522,0.9460449,3.1342,39
11.7417,47.8192,-47.8192,0.0000000,CC1=C(CC(=O)O)OC(=O)C1=C(O)C=CC=CN(C)CCO,1,C=C1C=COC1=O,1.0000000,1.0000,0.6778292,0.6778,0.8798887,3.7027,39
27.3494,26.9313,-26.9191,0.0000949,Cc1nc(-c2ccccc2)c(C(=O)N2CCN(c3cccc4c3OCCO4)CC2)o1,1,O=C(c1ocnc1-c1ccccc1)N1CCN(c2cccc3c2OCCO3)CC1,0.0000000,0.0000,0.2324376,0.2324,0.9786348,2.5086,39
13.7906,21.5312,-21.5260,0.0000406,CC(C=CC=C(C)C=CC1=C(C)CCCC1(C)C)=CC=CC(C)=CC(=O)O,1,C1=CCCCC1,0.0000000,0.0000,0.0187760,0.0188,0.9275030,3.3395,39
24.0290,56.1518,-27.1850,0.2263030,CC1=CCCC2C1(C)CCC(C)C2(C)CC1=C(C)C(=C(O)C=CC=CN(C)O)C(=O)C(C)(C)C1=O,1,C=C1C=C(CC2CCCC3C=CCCC32)C(=O)CC1=O,1.0000000,1.0000,0.0173732,0.0174,0.4924170,5.0198,39
20.0892,19.5493,-19.5320,0.0001355,O=C(CNCCS)c1ccccc1,1,c1ccccc1,0.0000000,0.0000,0.6710956,0.6711,0.9891824,2.0583,39
32.4270,34.8007,-34.7838,0.0001319,CC(C)CN1CC2C(O)CN(C(=O)C3CC(F)C3)CC2C1=O,1,O=C1NCC2CCN(C(=O)C3CCC3)CC12,0.0000000,0.0000,0.6887122,0.6887,0.8204660,4.0101,39
9.4002,39.8190,71.6772,0.8710641,CN(C=O)C=CC=CC(O)=C1C(=O)OC(C)(C)C1=O,1,C=C1C(=O)COC1=O,1.0000000,1.0000,0.7103371,0.7103,0.8814552,3.6930,39
14.2497,48.7473,44.8555,0.7312725,CN(C=CC=CC(O)=C1C(=O)NC(=O)N(Cc2ccc(Cl)c(Cl)c2)C1=O)CCO,1,C=C1C(=O)NC(=O)N(Cc2ccccc2)C1=O,1.0000000,1.0000,0.4024435,0.4024,0.9510038,3.0680,39
6.4096,31.9812,-31.9812,0.0000000,CN(C=CC=CC(O)=C1CCCC1=O)CCO,1,C=C1CCCC1=O,1.0000000,1.0000,0.6607830,0.6608,0.9025933,3.5496,39
34.1354,33.5586,-33.5586,0.0000000,c1ccccc1-n1c(=C(C#N)C(OC)=O)nc(CCC)c1C#N,0,,0.0000000,0.0000,0.0000000,0.0000,0.0000000,0.0000,39
32.3939,36.8065,-36.7908,0.0001232,CC(C)CC1C(=O)N(O)C(=O)N1Cc1ccc2nsnc2n1,1,O=C1CN(Cc2ccc3nsnc3n2)C(=O)N1,0.0000000,0.0000,0.5450184,0.5450,0.8640118,3.7955,39
12.5324,40.1516,65.6478,0.8265580,CN(C=CC=CC(O)=C1C(=O)CC=CC1C=O)CCO,1,C=C1CC=CCC1=O,1.0000000,1.0000,0.6884299,0.6884,0.7070181,4.4261,39
25.6127,38.5144,-38.4995,0.0001165,CCn1c(O)csc1=NC1=NC(=O)C(=C(Br)Br)C1=O,1,C=C1C(=O)N=C(N=c2[nH]ccs2)C1=O,0.0000000,0.0000,0.4670765,0.4671,0.8436357,3.9020,39
39.2345,37.8243,-37.8062,0.0001411,NC(=O)CCC1CCCCC1C(=O)NCCC(=O)NC(CC(=O)O)C(=O)O,1,C1CCCCC1,0.0000000,0.0000,0.7826359,0.7826,0.9356185,3.2565,39
28.8972,29.7154,-29.6984,0.0001333,CC(O)(C1CCCN1)C1(O)CCCCC1,1,C1CCC(CC2CCCN2)CC1,0.0000000,0.0000,0.6977020,0.6977,0.8506578,3.8666,39
22.2867,22.4808,-22.4664,0.0001126,CC1CCCCN1S(=O)(=O)N1CCC(C(=O)NC2CCCCCC2)CC1,1,O=C(NC1CCCCCC1)C1CCN(S(=O)(=O)N2CCCCC2)CC1,0.0000000,0.0000,0.3898814,0.3899,0.9695898,2.7446,39
9.3984,35.4572,77.7028,0.8840625,CN(C=CC=CC(O)=C1CCC(=O)N(C)C1=O)CCO,1,C=C1CCC(=O)NC1=O,1.0000000,1.0000,0.7342223,0.7342,0.8991609,3.5747,39
18.9289,64.0412,35.1030,0.7745634,CC1=C(C=CC=CN(C)CCO)OC(=O)C1=C(O)C=CC=CN1CCN(C)CC1,1,O=C1OC=CC1=CC=CC=CN1CCNCC1,1.0000000,1.0000,0.5149253,0.5149,0.8355969,3.9409,39
26.6740,24.1499,-24.1338,0.0001256,CCc1nnc2n1CCN(C(=O)c1ccc(C)cc1)C2,1,O=C(c1ccccc1)N1CCn2cnnc2C1,0.0000000,0.0000,0.5346737,0.5347,0.9879074,2.1317,39
24.6754,26.3268,-26.3106,0.0001261,CN1CCN(C(=O)c2nc(Cc3n[nH]c(=O)c4ccccc34)ccc2F)CC1=O,1,O=C1CN(C(=O)c2cccc(Cc3n[nH]c(=O)c4ccccc34)n2)CCN1,0.0000000,0.0000,0.5475707,0.5476,0.9698152,2.7396,39
31.1390,30.7214,-30.7123,0.0000715,Cn1c(O)c(O)c(C(=O)c2cc3ccccc3s2)c1-c1ccccc1F,1,O=C(c1cc2ccccc2s1)c1cc[nH]c1-c1ccccc1,0.0000000,0.0000,0.0994789,0.0995,0.9734523,2.6536,39
21.9683,23.1641,-23.1502,0.0001083,Cc1ccc(C)c(NC2=NS(=O)(=O)c3ccccc3N2)c1,1,O=S1(=O)N=C(Nc2ccccc2)Nc2ccccc21,0.0000000,0.0000,0.3446325,0.3446,0.9805083,2.4476,39
9.7265,34.7153,71.4024,0.8290445,CC1C(=O)CC(=O)C1=C(O)C=CC=CN(C)C,1,C=C1CC(=O)CC1=O,1.0000000,1.0000,0.6397010,0.6397,0.8167213,4.0266,39
23.8539,54.0228,51.1363,0.8215550,CC1=CN(CC(C)C)C(=O)C1=C(O)C=CC=CNCCO,1,C=C1C=CNC1=O,1.0000000,1.0000,0.5965650,0.5966,0.8799160,3.7026,39
19.1133,21.4903,-21.4740,0.0001278,NC(=S)Nc1cccc(OCCCCN2CCOCC2)c1,1,c1ccc(OCCCCN2CCOCC2)cc1,0.0000000,0.0000,0.5634172,0.5634,0.9891765,2.0586,39
20.1707,19.0489,-19.0371,0.0000926,COc1ccc(-c2ncncc2-c2ccccc2)cc1,1,c1ccc(-c2cncnc2-c2ccccc2)cc1,0.0000000,0.0000,0.2141847,0.2142,0.9931426,1.7587,39
23.6467,26.3624,-26.3481,0.0001115,CC1(C)OC(=O)C=C1CCCOc1ccccc1,1,O=C1C=C(CCCOc2ccccc2)CO1,0.0000000,0.0000,0.3766721,0.3767,0.9797610,2.4726,39
23.9896,25.0175,-25.0018,0.0001225,COC(=O)C1CCN(CCc2c[nH]c3ccccc23)C1,1,c1ccc2c(CCN3CCCC3)c[nH]c2c1,0.0000000,0.0000,0.4989944,0.4990,0.9804538,2.4495,39
11.3025,46.9132,59.7517,0.8333195,CCN(C=CC=CC(O)=C1C(=O)N(C2OC(CO)C(O)C(O)C2O)N=C1C)CC,1,C=C1C=NN(C2CCCCO2)C1=O,1.0000000,1.0000,0.7658712,0.7659,0.6123335,4.7022,39
31.0753,31.8514,-31.8356,0.0001230,CC(=O)N1CCN(c2cc(S(C)(=O)=O)nn2-c2cc(C)cc(C)c2)CC1,1,c1ccc(-n2nccc2N2CCNCC2)cc1,0.0000000,0.0000,0.5071213,0.5071,0.9738389,2.6438,39
13.7053,46.1433,67.5129,0.8879397,CC(=O)C1=C(C)C(=C(O)C=CC=CN(CCO)CCO)C(=O)C1=O,1,C=C1C=CC(=O)C1=O,1.0000000,1.0000,0.7492037,0.7492,0.8881033,3.6505,39
23.1079,23.9022,-23.8852,0.0001329,O=C(CN1CCOCC1)N=c1[nH]c(-c2ccc(O)cc2)ns1,1,O=C(CN1CCOCC1)N=c1[nH]c(-c2ccccc2)ns1,0.0000000,0.0000,0.6453268,0.6453,0.9568755,2.9808,39
24.3677,24.0141,-24.0000,0.0001098,Cc1ccccc1CN(CC(=O)O)c1ccccc1,1,c1ccc(CNc2ccccc2)cc1,0.0000000,0.0000,0.3562908,0.3563,0.9929128,1.7803,39
6.9050,39.7664,-39.7664,0.0000000,CN(C)C=CC=CC(O)=C1C(=O)NC(=O)N(C)C1=O,1,C=C1C(=O)NC(=O)NC1=O,1.0000000,1.0000,0.7658286,0.7658,0.9445162,3.1534,39
20.8064,22.3291,-22.3116,0.0001370,CNc1c(Br)cnn(C)c1=O,1,O=c1cccn[nH]1,0.0000000,0.0000,0.7021068,0.7021,0.9697064,2.7421,39
6.0171,39.4272,-39.4272,0.0000000,CN(C)C=CC=CC(O)=C1C(=O)N(C)C(=O)N(C)C1=O,1,C=C1C(=O)NC(=O)NC1=O,1.0000000,1.0000,0.7286829,0.7287,0.9426464,3.1763,39
9.9372,33.6760,-33.6760,0.0000000,CC1=CC(C)(C)C(=O)C1=C(O)C=CC=CN(C)CCO,1,C=C1C=CCC1=O,1.0000000,1.0000,0.5159759,0.5160,0.8714541,3.7532,39
17.2650,49.0753,51.1387,0.7829218,CC1=C(C=CC=CCCO)OC(=O)C1=C(O)C=CC=CN(C)CCO,1,C=C1C=COC1=O,1.0000000,1.0000,0.5341015,0.5341,0.8292391,3.9706,39
19.3384,21.2937,-21.2773,0.0001280,C=C1CC(=O)Oc2ccccc21,1,C=C1CC(=O)Oc2ccccc21,0.0000000,0.0000,0.5723690,0.5724,0.9722235,2.6839,39
20.1385,35.5212,-35.5056,0.0001212,CC(O)=C1C(=O)C(=O)N(c2cccc3ccccc23)C1=O,1,C=C1C(=O)C(=O)N(c2cccc3ccccc23)C1=O,0.0000000,0.0000,0.4824938,0.4825,0.9838530,2.3227,39
19.3114,19.9716,-19.9541,0.0001371,CCCN=c1[nH]cnc2c1ncn2C1OC(CO)C(O)C1O,1,N=c1[nH]cnc2c1ncn2C1CCCO1,0.0000000,0.0000,0.8141409,0.8141,0.7519963,4.2774,39
33.7949,35.0807,-35.0663,0.0001118,COc1cc(OC(=O)N(C)C)ccc1COC(=O)CCNC(=O)OC(C)(C)C,1,c1ccccc1,0.0000000,0.0000,0.3782155,0.3782,0.9837672,2.3263,39
13.2511,52.9796,48.4056,0.7920719,C=C1CC(=O)C(=C(O)C=CC=CN(C)C=O)C(C)=C1C=O,1,C=C1C=CC(=C)C(=O)C1,1.0000000,1.0000,0.5637803,0.5638,0.8018109,4.0895,39
28.6449,32.7708,-32.7542,0.0001294,C=C1CC(c2cn(-c3ccccn3)[nH]c2=O)OC1=O,1,C=C1CC(c2cn(-c3ccccn3)[nH]c2=O)OC1=O,0.0000000,0.0000,0.6265118,0.6265,0.8763137,3.7245,39
20.7212,21.8995,-21.8900,0.0000748,Cc1ccc(C2=CCN(CC=Cc3ccccc3)CC2)cc1,1,C(=Cc1ccccc1)CN1CC=C(c2ccccc2)CC1,0.0000000,0.0000,0.1132775,0.1133,0.9878619,2.1342,39
21.6982,22.8125,-22.7981,0.0001118,O=C(CSc1nnc(-c2cc3ccccc3oc2=O)o1)N1CCCC1,1,O=C(CSc1nnc(-c2cc3ccccc3oc2=O)o1)N1CCCC1,0.0000000,0.0000,0.3787372,0.3787,0.9841896,2.3088,39
21.3509,22.4168,-22.4001,0.0001304,COc1cccc(-c2cc(C(=O)O)n[nH]2)c1O,1,c1ccc(-c2ccn[nH]2)cc1,0.0000000,0.0000,0.6008509,0.6009,0.9835902,2.3334,39
31.5895,31.5947,-31.5788,0.0001238,CC(=O)N1CCCC1c1cc(N2CCC(N3CCC(O)C3)CC2)nc(C)n1,1,c1nc(C2CCCN2)cc(N2CCC(N3CCCC3)CC2)n1,0.0000000,0.0000,0.5338641,0.5339,0.9195790,3.4127,39
19.3233,25.0302,-25.0135,0.0001305,C=C1C(=O)OC(C)C2C(=O)CCCC12,1,C=C1C(=O)OCC2C(=O)CCCC12,0.0000000,0.0000,0.6628901,0.6629,0.8305649,3.9644,39
24.0193,24.5873,-24.5705,0.0001312,C#CCN1CC2CC(C1)N2,1,C1NCC2CC1N2,0.0000000,0.0000,0.8553589,0.8554,0.5475954,4.8756,39
34.7544,33.1099,-33.0974,0.0000973,NCc1nc2ncccc2n1CCCOc1ccc2ccccc2c1,1,c1ccc2cc(OCCCn3cnc4ncccc43)ccc2c1,0.0000000,0.0000,0.2488791,0.2489,0.9852121,2.2646,39
7.1701,39.2191,-39.2191,0.0000000,CN(C)C=CC=CC(O)=C1C(=O)CCN(C)C1=O,1,C=C1C(=O)CCNC1=O,1.0000000,1.0000,0.7132416,0.7132,0.9357373,3.2552,39
22.6448,26.0968,-26.0838,0.0001018,CC1(C)OC(=O)C(=Cc2c(Cl)c3ccccc3sc2=O)C(=O)O1,1,O=C1OCOC(=O)C1=Cc1cc2ccccc2sc1=O,0.0000000,0.0000,0.2894579,0.2895,0.9617954,2.8985,39
14.4903,42.3861,59.7896,0.7982476,CC1CCC(=C(O)C=CC=CN(O)C=O)C1=O,1,C=C1CCCC1=O,1.0000000,1.0000,0.6314795,0.6315,0.6848476,4.4944,39
14.5136,29.1034,-29.0868,0.0001296,CC1(C)OC(=O)C(=C(O)c2ccc(O)cc2)C(=O)O1,1,O=C1OCOC(=O)C1=Cc1ccccc1,0.0000000,0.0000,0.5912624,0.5913,0.9781492,2.5236,39
15.8543,17.4218,-17.4042,0.0001375,COc1ccc(OCC(=O)O)cc1,1,c1ccccc1,0.0000000,0.0000,0.6987439,0.6987,0.9963266,1.3500,39
38.5143,37.7740,-37.7610,0.0001022,CC(C)C(=NC(=O)CCc1ccccc1)C(=O)NC(C)C(=O)NCCc1nc2ccccc2n1C,1,O=C(CCc1ccccc1)N=CC(=O)NCC(=O)NCCc1nc2ccccc2[nH]1,0.0000000,0.0000,0.2959867,0.2960,0.9440902,3.1587,39
19.6507,47.8863,28.9233,0.6000752,CCCCCC(O)C=CC1C(=O)C2(CC2)C(=O)C1=C(O)C=CC=CN(C)C,1,C=C1CC(=O)C2(CC2)C1=O,1.0000000,1.0000,0.2904921,0.2905,0.5957922,4.7473,39
24.7068,24.4367,-24.4284,0.0000645,CCOC(=O)C1=C(C)N=C2CCCC(=O)C2C1c1cc(Br)cc(Br)c1,1,O=C1CCCC2=NC=CC(c3ccccc3)C12,0.0000000,0.0000,0.0754171,0.0754,0.9194504,3.4138,39
9.3385,39.1095,73.0973,0.8766157,CN(C=CC=CC(O)=C1C(=O)OC(=O)C1(C)O)CCO,1,C=C1CC(=O)OC1=O,1.0000000,1.0000,0.8040699,0.8041,0.7336425,4.3400,39
28.0292,27.6556,-27.6402,0.0001202,Cc1nn(C)c(Cl)c1CNCC1(F)CCN(C(=O)c2cnccn2)CC1,1,O=C(c1cnccn1)N1CCC(CNCc2cn[nH]c2)CC1,0.0000000,0.0000,0.4759665,0.4760,0.9615629,2.9027,39
20.2541,21.1559,-21.1405,0.0001208,CCC(=O)N1CCc2cc(Br)cc(S(=O)(=O)N3CCN(C)CC3)c21,1,O=S(=O)(c1cccc2c1NCC2)N1CCNCC1,0.0000000,0.0000,0.4783219,0.4783,0.9787929,2.5037,39
5.6594,41.8120,-41.8120,0.0000000,O=C1NC(=O)C(=C(O)C=CC=CN(CCO)CCO)C(=O)N1,1,C=C1C(=O)NC(=O)NC1=O,1.0000000,1.0000,0.8626767,0.8627,0.9187340,3.4201,39
29.3038,32.1323,-32.1183,0.0001093,CCOC(=O)N1CCN(C(=O)CN(c2ccccc2)S(=O)(=O)c2c(C)c(C)n(C)c2C)CC1,1,O=C(CN(c1ccccc1)S(=O)(=O)c1cc[nH]c1)N1CCNCC1,0.0000000,0.0000,0.3547075,0.3547,0.9769995,2.5578,39
9.4982,25.4397,-25.4224,0.0001355,CSC(SC)=C1C(=O)N(C)C(=O)N(C)C1=O,1,C=C1C(=O)NC(=O)NC1=O,0.0000000,0.0000,0.6877937,0.6878,0.9486477,3.1002,39
19.9460,20.2514,-20.2362,0.0001185,O=C(CSc1nnc2c(n1)[nH]c1ccccc12)N1CCCC1,1,O=C(CSc1nnc2c(n1)[nH]c1ccccc12)N1CCCC1,0.0000000,0.0000,0.4503628,0.4504,0.9842017,2.3083,39
25.4631,38.6836,-38.6718,0.0000927,Cc1cc(C(O)=C2C=NC(C)(C)OC2=O)c(C)n1-c1ccccc1,1,O=C1OCN=CC1=Cc1ccn(-c2ccccc2)c1,0.0000000,0.0000,0.2192898,0.2193,0.9537203,3.0290,39
23.1582,23.6776,-23.6608,0.0001307,Cc1ccc(NC2CCCC(=O)NC2=O)cc1,1,O=C1CCCC(Nc2ccccc2)C(=O)N1,0.0000000,0.0000,0.6056008,0.6056,0.9791438,2.4926,39
25.0711,26.3101,-26.2914,0.0001457,CCNC(=O)COn1cnc2c(=O)[nH]c(=N)[nH]c21,1,N=c1[nH]c(=O)c2nc[nH]c2[nH]1,0.0000000,0.0000,0.8680283,0.8680,0.9251212,3.3622,39
28.3201,31.2423,-31.2251,0.0001347,CCOC1CCCCC(O)(C(=O)N(C)C)C1,1,C1CCCCCC1,0.0000000,0.0000,0.6951711,0.6952,0.9018304,3.5553,39
15.3477,17.2790,-17.2625,0.0001290,COc1cc(C=CC(C)=O)ccc1O,1,c1ccccc1,0.0000000,0.0000,0.5789916,0.5790,0.9903498,1.9831,39
24.4111,24.5190,-24.5091,0.0000774,c1ccc(N=c2c(-c3ccncc3)c[nH]c3ccccc23)cc1,1,c1ccc(N=c2c(-c3ccncc3)c[nH]c3ccccc23)cc1,0.0000000,0.0000,0.1258385,0.1258,0.9831828,2.3497,39
24.6111,27.5926,-27.5780,0.0001142,C=CCN1C(=O)C(=C(C#N)C#N)c2cc(Br)c(C)nc21,1,C=C1C(=O)Nc2ncccc21,0.0000000,0.0000,0.4160548,0.4161,0.9308185,3.3067,39
23.9998,23.4742,-23.4619,0.0000960,Cc1cccc(C)c1Oc1cccnc1C,1,c1ccc(Oc2cccnc2)cc1,0.0000000,0.0000,0.2382791,0.2383,0.9914333,1.9048,39
45.5897,46.0991,-46.0914,0.0000603,C=CC(=O)Nc1cc(CNC(=O)c2ccc(OC)c(-c3cn4c(C(F)F)csc4n3)c2)ccc1F,1,O=C(NCc1ccccc1)c1cccc(-c2cn3ccsc3n2)c1,0.0000000,0.0000,0.0601717,0.0602,0.9637752,2.8625,39
11.3620,17.0160,-16.9974,0.0001447,COC1=CC(=O)C=CC1=O,1,O=C1C=CC(=O)C=C1,0.0000000,0.0000,0.8203686,0.8204,0.9826025,2.3722,39
8.7126,32.8582,75.9550,0.8501029,CC1C(=O)CC(=O)C1=C(O)C=CC=CN(C)CCO,1,C=C1CC(=O)CC1=O,1.0000000,1.0000,0.7066543,0.7067,0.7827321,4.1651,39
21.2193,21.8503,-21.8362,0.0001105,COc1cc(C2=Nc3ccccc3NC(=O)C2)ccc1O,1,O=C1CC(c2ccccc2)=Nc2ccccc2N1,0.0000000,0.0000,0.3648229,0.3648,0.9850420,2.2721,39
21.2025,23.1651,-23.1481,0.0001329,CC(=O)NCC1CN(c2cc(F)c(N3CCON(C(=O)CO)CC3)c(F)c2)C(=O)O1,1,O=C1OCCN1c1ccc(N2CCNOCC2)cc1,0.0000000,0.0000,0.6616050,0.6616,0.9159092,3.4443,39
9.8902,38.1079,61.9004,0.7813155,CN(C)C=CC=CC(O)=C1C(=O)Nc2ccccc2C1=O,1,C=C1C(=O)Nc2ccccc2C1=O,1.0000000,1.0000,0.4877514,0.4878,0.9615934,2.9021,39
19.9438,25.2676,-25.2527,0.0001162,C=CCOC(=O)C1C(C)=NC(=O)C(C(=O)OCC)C1c1cccs1,1,O=C1CC(c2cccs2)CC=N1,0.0000000,0.0000,0.4574395,0.4574,0.8641775,3.7946,39
24.5150,56.2637,56.2641,0.8791234,O=CC1C(=O)NC(=O)C1=C(O)C=CC=CN(CCO)C1CC1,1,O=C1CC(=CC=CC=CNC2CC2)C(=O)N1,1.0000000,1.0000,0.7916521,0.7917,0.7652907,4.2301,39
8.8757,41.8154,63.5055,0.8228198,CC1=NN(c2ccccc2)C(=O)C1=C(O)C=CC=CN(CCO)CCO,1,C=C1C=NN(c2ccccc2)C1=O,1.0000000,1.0000,0.5750486,0.5750,0.9459475,3.1354,39
32.0840,38.5023,-38.4859,0.0001280,CC(Cl)=C1NC(=O)N(C(=O)c2nnnn2-c2ccc(F)cc2)C1=O,1,C=C1NC(=O)N(C(=O)c2nnnn2-c2ccccc2)C1=O,0.0000000,0.0000,0.5820080,0.5820,0.9439842,3.1600,39
23.1855,24.5508,-24.5343,0.0001289,CSC1=NCC(O)(CO)S1,1,C1=NCCS1,0.0000000,0.0000,0.8045798,0.8046,0.5551612,4.8557,39
11.2562,48.8960,57.5940,0.8319525,CC1=[N+]([O-])C(C)(C)C(=O)C1=C(O)C=CC=CN(C)C=O,1,C=C1C=[NH+]CC1=O,1.0000000,1.0000,0.6560217,0.6560,0.7959951,4.1131,39
20.8820,20.6583,-20.6416,0.0001304,Cc1nc(N2CCNCC2)c2ccsc2n1,1,c1nc(N2CCNCC2)c2ccsc2n1,0.0000000,0.0000,0.6022887,0.6023,0.9800617,2.4627,39
29.4214,30.7674,-30.7532,0.0001110,C=CCC1(C2CC(=O)N(C)C(=O)N2)CCCc2ccccc21,1,O=C1CC(C2CCCc3ccccc32)NC(=O)N1,0.0000000,0.0000,0.3966668,0.3967,0.8740016,3.7383,39
23.8075,49.0620,-8.9537,0.3133459,CN(C)C=CC=CC(O)=C1C(=O)C(C)(C)CCC1CCc1cccc2ccccc12,1,C=C1C(=O)CCCC1CCc1cccc2ccccc12,1.0000000,1.0000,0.0325778,0.0326,0.9047165,3.5338,39
7.3960,41.2173,-41.2173,0.0000000,CC1(C)OC(=O)C(=C(O)C=CC=CN(CCO)CCO)C(=O)O1,1,C=C1C(=O)OCOC1=O,1.0000000,1.0000,0.7647152,0.7647,0.9019492,3.5544,39
32.6507,32.0733,-32.0597,0.0001063,Cn1c(CNc2ccc(C(=N)N)cc2)nc2cc(C(=O)N3CCCC3C(=O)N3CCC(C(=O)O)CC3)ccc21,1,O=C(C1CCCN1C(=O)c1ccc2[nH]c(CNc3ccccc3)nc2c1)N1CCCCC1,0.0000000,0.0000,0.3315334,0.3315,0.9501542,3.0798,39
