01:50:56 <INFO> Started REINVENT 4.7.15 (C) AstraZeneca 2017, 2023 on 2026-07-17
01:50:56 <INFO> Command line: /work/reinvent/__main__.py -d cuda:0 -l /work/outputs_dasa/trial_stage1/stage1.log /work/outputs_dasa/trial_stage1/stage1.toml
01:50:56 <INFO> Reading run configuration from /work/outputs_dasa/trial_stage1/stage1.toml using format toml
01:50:56 <INFO> User root on host modal
01:50:56 <INFO> Python version 3.10.18
01:50:56 <INFO> PyTorch version 2.9.1+cu128, git 5811a8d7da873dd699ff6687092c225caffcf1bb
01:50:56 <INFO> PyTorch compiled with CUDA version 12.8
01:50:56 <INFO> RDKit version 2026.03.4
01:50:56 <INFO> Platform Linux-4.19.0-gvisor-x86_64-with-glibc2.36
01:50:56 <INFO> Number of PyTorch CUDA devices 1
01:50:56 <WARN> 'use_cuda' is deprecated, use 'device' instead
01:50:56 <INFO> Using GPU device:0 Tesla T4
01:50:56 <INFO> GPU memory: 14807 MiB free, 14912 MiB total
01:50:56 <INFO> Writing TensorBoard summary to /work/outputs_dasa/trial_stage1/tb
01:50:56 <INFO> Starting 1 stage of Reinforcement Learning
01:50:57 <INFO> /work/reinvent.prior has valid hash:
{ 'comments': [],
  'creation_date': 0,
  'date_format': 'UNIX epoch',
  'hash_id': '173568c36e1fc3d95cab289c7d31ce0b',
  'hash_id_format': 'xxhash.xxh3_128_hex 3.4.1',
  'model_id': '55d68f8a81c04f5a86304ebe1723a0ea',
  'model_id_format': 'uuid.uuid4 3.10.12',
  'origina_data_source': 'ChEMBL 25',
  'updates': []}
01:50:57 <INFO> Number of network parameters: 5,805,602
01:50:57 <INFO> Network architecture:
RNN(
  (_embedding): Embedding(34, 256)
  (_rnn): LSTM(256, 512, num_layers=3, batch_first=True)
  (_linear): Linear(in_features=512, out_features=34, bias=True)
)
01:50:57 <INFO> /work/outputs_dasa/TL_dasa_trial.model has valid hash:
{ 'comments': ['TL'],
  'creation_date': 0,
  'date_format': 'UNIX epoch',
  'hash_id': 'c2802cc3eef6a2d2ad5ab8eefb03e44f',
  'hash_id_format': 'xxhash.xxh3_128_hex 3.8.1',
  'model_id': '55d68f8a81c04f5a86304ebe1723a0ea',
  'model_id_format': 'uuid.uuid4 3.10.12',
  'origina_data_source': 'ChEMBL 25',
  'updates': [1784253049.5103106]}
01:50:57 <INFO> Number of network parameters: 5,805,602
01:50:57 <INFO> Network architecture:
RNN(
  (_embedding): Embedding(34, 256)
  (_rnn): LSTM(256, 512, num_layers=3, batch_first=True)
  (_linear): Linear(in_features=512, out_features=34, bias=True)
)
01:50:57 <INFO> Using generator Reinvent
01:50:57 <INFO> Prior read from /work/reinvent.prior
01:50:57 <INFO> Agent read from /work/outputs_dasa/TL_dasa_trial.model
01:50:57 <INFO> Using reward strategy dap
01:50:57 <INFO> Using diversity filter IdenticalMurckoScaffold
01:50:57 <INFO> Purging diversity filter memories after each stage
01:50:57 <INFO> Inception SMILES read from /work/outputs_dasa/trial_corpus.smi
01:50:57 <INFO> Using inception memory
01:50:57 <ERRO> Component reinvent_plugins.components.OpenEye.comp_rocs could not be imported: No module named 'openeye'
01:50:57 <INFO> Registered scoring component GroupCount
01:50:57 <INFO> Registered scoring component FragmentQed
01:50:57 <INFO> Registered scoring component FragmentSlogP
01:50:57 <INFO> Registered scoring component FragmentMolecularWeight
01:50:57 <INFO> Registered scoring component FragmentTPSA
01:50:57 <INFO> Registered scoring component FragmentDistanceMatrix
01:50:57 <INFO> Registered scoring component FragmentNumAtomStereoCenters
01:50:57 <INFO> Registered scoring component FragmentHBondAcceptors
01:50:57 <INFO> Registered scoring component FragmentHBondDonors
01:50:57 <INFO> Registered scoring component FragmentNumRotBond
01:50:57 <INFO> Registered scoring component FragmentCsp3
01:50:57 <INFO> Registered scoring component Fragmentnumsp
01:50:57 <INFO> Registered scoring component Fragmentnumsp2
01:50:57 <INFO> Registered scoring component Fragmentnumsp3
01:50:57 <INFO> Registered scoring component FragmentEffectiveLength
01:50:57 <INFO> Registered scoring component FragmentGraphLength
01:50:57 <INFO> Registered scoring component FragmentLengthRatio
01:50:57 <INFO> Registered scoring component FragmentNumHeavyAtoms
01:50:57 <INFO> Registered scoring component FragmentNumHeteroAtoms
01:50:57 <INFO> Registered scoring component FragmentNumRings
01:50:57 <INFO> Registered scoring component FragmentNumAromaticRings
01:50:57 <INFO> Registered scoring component FragmentNumAliphaticRings
01:50:57 <INFO> Registered scoring component FragmentSlogP
01:50:57 <INFO> Registered scoring component MatchingSubstructure
01:50:57 <INFO> Registered scoring component MolVolume
01:50:57 <INFO> Registered scoring component Qed
01:50:57 <INFO> Registered scoring component LargestRingSize
01:50:57 <INFO> Registered scoring component MolecularWeight
01:50:57 <INFO> Registered scoring component GraphLength
01:50:57 <INFO> Registered scoring component NumAtomStereoCenters
01:50:57 <INFO> Registered scoring component HBondAcceptors
01:50:57 <INFO> Registered scoring component HBondDonors
01:50:57 <INFO> Registered scoring component NumRotBond
01:50:57 <INFO> Registered scoring component Csp3
01:50:57 <INFO> Registered scoring component numsp
01:50:57 <INFO> Registered scoring component numsp2
01:50:57 <INFO> Registered scoring component numsp3
01:50:57 <INFO> Registered scoring component NumHeavyAtoms
01:50:57 <INFO> Registered scoring component NumHeteroAtoms
01:50:57 <INFO> Registered scoring component NumRings
01:50:57 <INFO> Registered scoring component NumAromaticRings
01:50:57 <INFO> Registered scoring component NumAliphaticRings
01:50:57 <INFO> Registered scoring component SlogP
01:50:57 <INFO> Registered scoring component LargestRingSize
01:50:57 <INFO> Registered scoring component PMI
01:50:57 <INFO> Registered scoring component RDKitDescriptors
01:50:57 <INFO> Registered scoring component TanimotoSimilarity
01:50:57 <INFO> Registered scoring component TanimotoDistance
01:50:57 <INFO> Registered scoring component TPSA
01:50:57 <INFO> Registered scoring component SAScore
01:50:58 <INFO> Registered scoring component ChemProp
01:50:58 <INFO> Registered scoring component CustomAlerts
01:50:58 <INFO> Registered scoring component DockStream
01:50:58 <INFO> Registered scoring component ExternalProcess
01:50:58 <INFO> Registered scoring component REST
01:50:58 <INFO> Registered scoring component Icolos
01:50:58 <INFO> Registered scoring component MMP
01:50:58 <INFO> Registered scoring component Qptuna
01:50:58 <INFO> Registered scoring component ReactionFilter
01:50:58 <INFO> Registered scoring component RingPrecedence
01:50:58 <INFO> Registered scoring component Maize
01:50:58 <INFO> Registered scoring component SynthSense
01:50:58 <INFO> Registered scoring component CAZP
01:50:58 <INFO> Registered scoring component AqueousSolubility
01:50:58 <INFO> Registered scoring component DASAScaffold
01:50:58 <INFO> Registered scoring component DASASwitchability
01:50:58 <INFO> Registered scoring component HalfLifeChemProp
01:50:58 <INFO> Registered scoring component PhotoswitchScaffold
01:50:58 <INFO> Registered scoring component VisibleAbsChemProp
01:50:58 <INFO> Registered scoring component XTBHomoLumo
01:50:58 <INFO> Registered scoring component XTBIsomerGap
01:50:58 <INFO> Registered scoring component XTBLambdaFilter
01:50:58 <INFO> Creating scoring component DASAScaffold
01:50:58 <INFO> Creating scoring component AqueousSolubility
01:50:58 <INFO> Creating scoring component SAScore
01:50:58 <INFO> Writing tabular data for stage to /work/outputs_dasa/trial_stage1/stage1_1.csv
01:50:58 <INFO> Starting stage 1 <<<
01:50:58 <INFO> Current GPU memory usage: 215 MiB used, 14697 MiB free
01:51:01 <INFO> Score: 0.51 Agent NLL: 11.61 Valid: 100% Step: 1
 | Agent Prior Target Score SMILES SMILES_state Scaffold DASA DASA (raw) Solubility Solubility (raw) SA SA (raw)
 | 6.9991 50.3015 56.2636 0.8325398 CC(C=CN1CCOCC1)=CC(O)=C1C(=O)ON=C1C 1 O=C1ON=CC1=CC=CC=CN1CCOCC1 1.0000000 1.0000 0.6203996 0.6204 0.8809494 3.6962
 | 16.4995 55.6905 46.8315 0.8009534 CC(=CC=CC(O)=C1C(=O)Nc2ccccc21)N1CCNC(=O)C1 1 O=C1CN(C=CC=CC=C2C(=O)Nc3ccccc32)CCN1 1.0000000 1.0000 0.5292193 0.5292 0.9496762 3.0863
 | 7.0530 42.5441 60.6651 0.8063219 CCN(C=CC=CC(O)=C1C(=O)OC(C)(C)OC1=O)CC 1 C=C1C(=O)OCOC1=O 1.0000000 1.0000 0.5514945 0.5515 0.9151081 3.4511
 | 10.4826 48.5825 60.9455 0.8556874 CN1CCN(C=CC=CC(O)=C2C(=O)OC(C)(C)OC2=O)CC1 1 O=C1OCOC(=O)C1=CC=CC=CN1CCNCC1 1.0000000 1.0000 0.6534698 0.6535 0.9289870 3.3250
 | 20.4865 29.0877 -29.0719 0.0001230 CC1(C)N=C(C(F)(F)F)CN1C(=O)C(F)(F)F 1 C1=NCNC1 0.0000000 0.0000 0.5250168 0.5250 0.9171159 3.4341
 | 31.0634 67.7235 -67.7128 0.0000841 CC(=CC=CC(O)=C1C(=O)ON=C1C)N=C(C)C1Cc2ccccc2NC1=N 1 N=C1Nc2ccccc2CC1C=NC=CC=CC=C1C=NOC1=O 0.0000000 0.0000 0.1934958 0.1935 0.7126241 4.4084
 | 6.9677 41.9328 47.9500 0.7022095 O=C1C(=C(O)C=CC=CN2CCCC2)C(=O)c2ccccc21 1 O=C1C(=CC=CC=CN2CCCC2)C(=O)c2ccccc21 1.0000000 1.0000 0.3535903 0.3536 0.9639946 2.8584
 | 11.2544 63.2788 -16.6959 0.3639290 CCCCN(CCC)C(C)=CC=CC(O)=C1C(=O)N(c2ccccc2)N=C1C(F)(F)F 1 C=C1C=NN(c2ccccc2)C1=O 1.0000000 1.0000 0.0497462 0.0497 0.9462545 3.1315
 | 15.7476 64.9154 32.1256 0.7581330 CC(C=CN(C)CCCN(C)CCCN=[N+]=[N-])=CC(O)=C1C(=O)N(C)C(=O)N(C)C1=O 1 C=C1C(=O)NC(=O)NC1=O 1.0000000 1.0000 0.4679400 0.4679 0.8827351 3.6850
 | 17.0639 46.7512 -46.7335 0.0001385 CC1=NOC(=O)C1=C(O)C=CS(C)(=O)=O 1 C=C1C=NOC1=O 0.0000000 0.0000 0.7686632 0.7687 0.8767602 3.7218
01:51:02 <INFO> Score: 0.46 Agent NLL: 10.98 Valid: 100% Step: 2
 | Agent Prior Target Score SMILES SMILES_state Scaffold DASA DASA (raw) Solubility Solubility (raw) SA SA (raw)
 | 11.1492 53.3539 41.9588 0.7446304 CCCCN(CCCC)C(C)=CC=CC(O)=C1C(=O)NC(=S)NC1=O 1 C=C1C(=O)NC(=S)NC1=O 1.0000000 1.0000 0.4287952 0.4288 0.9359481 3.2529
 | 11.0832 48.7289 63.3869 0.8759040 CCN(C=CC(C)=CC(O)=C1C(=O)NNC1=O)CC 1 C=C1C(=O)NNC1=O 1.0000000 1.0000 0.7269262 0.7269 0.8715425 3.7527
 | 15.2653 41.7611 -41.7503 0.0000845 CC(C=CN1CCOCC1)=CC(C)=C1C(=O)N(c2ccccc2)N=C1C(F)(F)F 1 O=C1C(=CC=CC=CN2CCOCC2)C=NN1c1ccccc1 0.0000000 0.0000 0.1676525 0.1677 0.9398238 3.2096
 | 12.2084 52.1705 40.0524 0.7204910 CN1C(=O)C(=C(O)C=CC=CN2CCCc3ccccc32)C(=O)N(C)C1=S 1 O=C1NC(=S)NC(=O)C1=CC=CC=CN1CCCc2ccccc21 1.0000000 1.0000 0.3869531 0.3870 0.9422106 3.1815
 | 7.1214 59.8404 -59.8404 0.0000000 CCCN(C=CC(C)=CC(O)=C1C(=O)ON=C1C(F)(F)F)CCC 1 C=C1C=NOC1=O 1.0000000 1.0000 0.2336514 0.2337 0.8670418 3.7785
 | 10.6573 54.4443 53.4498 0.8429229 CC(C=CN1CCCCCC1)=CC(O)=C1C(=O)NC(=O)C1=O 1 O=C1NC(=O)C(=CC=CC=CN2CCCCCC2)C1=O 1.0000000 1.0000 0.6215523 0.6216 0.9371306 3.2400
 | 7.4947 35.3913 29.8259 0.5095099 CCN(C=CC=CC(O)=C1C(=O)c2ccccc2C1=O)c1ccccc1 1 O=C1C(=CC=CC=CNc2ccccc2)C(=O)c2ccccc21 1.0000000 1.0000 0.1348711 0.1349 0.9664813 2.8101
 | 11.6443 49.0961 50.2554 0.7761833 CC(=CC=CC(O)=C1C(=O)N(C)C(=O)N(C)C1=O)N1CCCCCC1 1 O=C1NC(=O)C(=CC=CC=CN2CCCCCC2)C(=O)N1 1.0000000 1.0000 0.4802999 0.4803 0.9542577 3.0210
 | 7.3455 48.1397 65.7082 0.8894363 CC(=CC=CC(O)=C1C(=O)NNC1=O)N1CCCC1 1 O=C1NNC(=O)C1=CC=CC=CN1CCCC1 1.0000000 1.0000 0.7363049 0.7363 0.9236386 3.3761
 | 6.8851 42.5441 -42.5441 0.0000000 CCN(C=CC=CC(O)=C1C(=O)OC(C)(C)OC1=O)CC 1 C=C1C(=O)OCOC1=O 1.0000000 1.0000 0.5514945 0.5515 0.9151081 3.4511
01:51:02 <INFO> Sampled SMILES c1ccc(N(C=CC(C)=CC(O)=C2C(=O)NC(=S)NC2=O)CCO)ccc1 failed to sanitize.
01:51:03 <INFO> Score: 0.36 Agent NLL: 10.96 Valid:  99% Step: 3
 | Agent Prior Target Score SMILES SMILES_state Scaffold DASA DASA (raw) Solubility Solubility (raw) SA SA (raw)
 | 7.9345 50.0334 9.2952 0.4635045 CC1=NN(c2ccccc2)C(=O)C1=C(O)C=CC=CN1CCCc2ccccc21 1 O=C1C(=CC=CC=CN2CCCc3ccccc32)C=NN1c1ccccc1 1.0000000 1.0000 0.1018480 0.1018 0.9613157 2.9070
 | 9.6822 46.2970 -46.2970 0.0000000 CCN(C=CC=CC(O)=C1C(=O)N(C)C(=O)N(C)C1=O)CC 1 C=C1C(=O)NC(=O)NC1=O 1.0000000 1.0000 0.6462340 0.6462 0.9332489 3.2817
 | 6.9009 61.9849 30.6308 0.7235602 CC(C=CN(C)CCCN=[N+]=[N-])=CC(O)=C1C(=O)ON=C1C 1 C=C1C=NOC1=O 1.0000000 1.0000 0.4291356 0.4291 0.8038993 4.0809
 | 7.4208 47.2461 50.7160 0.7653292 CCCN(C=CC(C)=CC(O)=C1C(=O)N(C)C(=O)N(C)C1=O)CCC 1 C=C1C(=O)NC(=O)NC1=O 1.0000000 1.0000 0.4690246 0.4690 0.9238704 3.3739
 | 20.1053 31.2890 -31.2711 0.0001399 CCN(CCCN=[N+]=[N-])S(C)(=O)=O 1  0.0000000 0.0000 0.7515468 0.7515 0.9605221 2.9208
 | 8.7364 60.3728 47.9407 0.8461987 CC(C=CN1CCCCCC1)=CC(O)=C1C(=O)NNC1=O 1 O=C1NNC(=O)C1=CC=CC=CN1CCCCCC1 1.0000000 1.0000 0.6384467 0.6384 0.9125607 3.4722
 | 20.3433 68.0482 -68.0482 0.0000000 c1ccc(N(C=CC(C)=CC(O)=C2C(=O)NC(=S)NC2=O)CCO)ccc1 0 -- 0.0000000 0.0000 0.0000000 0.0000 0.0000000 0.0000
 | 7.6097 45.3223 31.9926 0.6040231 CC1=NN(c2ccccc2)C(=O)C1=C(O)C=CC=CN1CCCCC1 1 O=C1C(=CC=CC=CN2CCCCC2)C=NN1c1ccccc1 1.0000000 1.0000 0.2253495 0.2253 0.9616831 2.9005
 | 15.9413 19.0200 -19.0040 0.0001247 CCN1C(=O)C(=Cc2ccccc2)N(C)C1=S 1 O=C1NC(=S)NC1=Cc1ccccc1 0.0000000 0.0000 0.5252107 0.5252 0.9832235 2.3481
 | 9.3725 43.6128 -43.6128 0.0000000 CCCN(CCC)C(C)=CC=CC(O)=C1C(=O)N(C)C(=O)N(C)C1=O 1 C=C1C(=O)NC(=O)NC1=O 1.0000000 1.0000 0.4690246 0.4690 0.9379965 3.2303
01:51:03 <INFO> Score: 0.30 Agent NLL: 12.32 Valid: 100% Step: 4
 | Agent Prior Target Score SMILES SMILES_state Scaffold DASA DASA (raw) Solubility Solubility (raw) SA SA (raw)
 | 9.1046 51.7251 -51.7251 0.0000000 CCN(C=CC(C)=CC(O)=C1C(=O)NNC1=O)CC 1 C=C1C(=O)NNC1=O 1.0000000 1.0000 0.7269262 0.7269 0.8715425 3.7527
 | 14.8880 89.6002 8.8065 0.7688024 CC(=CC=CC(O)=C1C(=O)N(C=CC=CC(C)=C2C(=O)NNC2=O)N=C1C)N(C)C 1 C=C1C=NN(C=CC=CC=C2C(=O)NNC2=O)C1=O 1.0000000 1.0000 0.5390290 0.5390 0.7416621 4.3130
 | 8.0227 43.3931 46.3597 0.7011938 CC(=CC=CC(O)=C1C(=O)N(C)C(=O)N(C)C1=O)N1CCCc2ccccc21 1 O=C1NC(=O)C(=CC=CC=CN2CCCc3ccccc32)C(=O)N1 1.0000000 1.0000 0.3547052 0.3547 0.9514406 3.0618
 | 9.2411 40.3752 -40.3752 0.0000000 CCN(CC)C(C)=CC=CC(O)=C1C(=O)NC(=O)NC1=O 1 C=C1C(=O)NC(=O)NC1=O 1.0000000 1.0000 0.6878928 0.6879 0.9365925 3.2459
 | 21.5831 33.4660 -33.4498 0.0001267 CCCN(CCCN=[N+]=[N-])C(=O)CCCCCN 1  0.0000000 0.0000 0.5542082 0.5542 0.9740906 2.6373
 | 15.8474 56.9904 13.4172 0.5500593 CC(C=CN1CCSCC1)=CC(O)=C1C(=O)c2cccc(Cl)c2C1=O 1 O=C1C(=CC=CC=CN2CCSCC2)C(=O)c2ccccc21 1.0000000 1.0000 0.1745465 0.1745 0.9200369 3.4086
 | 8.0737 49.5811 -49.5811 0.0000000 CC1=NOC(=O)C1=C(O)C=CC=CN1CCCc2ccccc21 1 O=C1ON=CC1=CC=CC=CN1CCCc2ccccc21 1.0000000 1.0000 0.3115537 0.3116 0.9278048 3.3366
 | 7.9399 65.1190 25.0219 0.7042264 CC(C=CN1CCCCCC1)=CC(O)=C1C(=O)ON=C1C 1 O=C1ON=CC1=CC=CC=CN1CCCCCC1 1.0000000 1.0000 0.3699336 0.3699 0.9042179 3.5375
 | 11.2032 51.2858 49.3467 0.7861912 CC(=CC=CC(O)=C1C(=O)NC(=S)NC1=O)N1CCc2ccccc21 1 O=C1NC(=S)NC(=O)C1=CC=CC=CN1CCc2ccccc21 1.0000000 1.0000 0.5015436 0.5015 0.9461997 3.1322
 | 15.5054 42.6069 -42.5925 0.0001126 CC1=NOC(=O)C1=C(C)C=CN1CCc2ccccc21 1 O=C1ON=CC1=CC=CN1CCc2ccccc21 0.0000000 0.0000 0.4003435 0.4003 0.9272190 3.3423
01:51:04 <INFO> Score: 0.21 Agent NLL: 11.50 Valid: 100% Step: 5
 | Agent Prior Target Score SMILES SMILES_state Scaffold DASA DASA (raw) Solubility Solubility (raw) SA SA (raw)
 | 9.7415 53.0765 -53.0765 0.0000000 CC(=CC=CC(O)=C1C(=O)NNC1=O)N1CCSCC1 1 O=C1NNC(=O)C1=CC=CC=CN1CCSCC1 1.0000000 1.0000 0.7188333 0.7188 0.8912268 3.6298
 | 24.7397 35.0567 -35.0395 0.0001344 O=C(N=C1Cc2ccccc2CN(CC(=O)N2CCCC2)C1=O)NCCO 1 N=C1Cc2ccccc2CN(CC(=O)N2CCCC2)C1=O 0.0000000 0.0000 0.6638776 0.6639 0.9681765 2.7752
 | 10.3568 45.1069 69.6859 0.8968185 CC(C=CN1CCOCC1)=CC(O)=C1C(=O)NC(=O)NC1=O 1 O=C1NC(=O)C(=CC=CC=CN2CCOCC2)C(=O)N1 1.0000000 1.0000 0.7527922 0.7528 0.9279349 3.3353
 | 15.5431 59.1354 34.8687 0.7344072 CC(=CC=CC(O)=C1C(=O)ON=C1C)N(CCO)c1ccccc1 1 O=C1ON=CC1=CC=CC=CNc1ccccc1 1.0000000 1.0000 0.4139893 0.4140 0.9256309 3.3574
 | 7.2266 59.5201 38.6795 0.7671839 CCN(C=CC(C)=CC(O)=C1C(=O)ON=C1C)CC 1 C=C1C=NOC1=O 1.0000000 1.0000 0.4928463 0.4928 0.8579803 3.8283
 | 22.3330 24.0069 -23.9913 0.0001223 Oc1ccc(-c2cccc(O)c2O)c(O)c1 1 c1ccc(-c2ccccc2)cc1 0.0000000 0.0000 0.4941823 0.4942 0.9879675 2.1284
 | 12.6800 42.6183 69.8229 0.8784473 CN(C=CC=CC(O)=C1C(=O)OC(C)(C)OC1=O)CCO 1 C=C1C(=O)OCOC1=O 1.0000000 1.0000 0.7177074 0.7177 0.9048977 3.5324
 | 16.0861 52.9248 16.3431 0.5411555 CCN1C(=O)N(c2ccccc2)C(=O)C1=C(O)C=CC=CN1CCCCCC1 1 O=C1NC(=CC=CC=CN2CCCCCC2)C(=O)N1c1ccccc1 1.0000000 1.0000 0.1628522 0.1629 0.9534594 3.0328
 | 12.0342 53.9249 -53.9249 0.0000000 CC(C=CN1CCCCC1)=CC(O)=C1C(=O)N(C)C(=S)N(C)C1=O 1 O=C1NC(=S)NC(=O)C1=CC=CC=CN1CCCCC1 1.0000000 1.0000 0.5114261 0.5114 0.9253454 3.3601
 | 12.7958 54.9099 43.4503 0.7684393 CCN1C(=O)C(=C(O)C=C(C)C=CN2CCSCC2)C(=O)N(CC)C1=O 1 O=C1NC(=O)C(=CC=CC=CN2CCSCC2)C(=O)N1 1.0000000 1.0000 0.4798601 0.4799 0.9067752 3.5180
01:51:05 <INFO> Score: 0.24 Agent NLL: 11.56 Valid: 100% Step: 6
 | Agent Prior Target Score SMILES SMILES_state Scaffold DASA DASA (raw) Solubility Solubility (raw) SA SA (raw)
 | 7.4401 52.6183 42.2335 0.7410297 CC(C=CN(C)CCO)=CC(O)=C1C(=O)N(c2ccccc2)N=C1C 1 C=C1C=NN(c2ccccc2)C1=O 1.0000000 1.0000 0.4206627 0.4207 0.9435232 3.1657
 | 14.7750 19.8367 -19.8205 0.0001265 CC1=Nc2ccccc2NC(=O)C1 1 O=C1CC=Nc2ccccc2N1 0.0000000 0.0000 0.5488367 0.5488 0.9803282 2.4537
 | 27.8308 31.6017 -31.5852 0.0001292 CCNC(C)C(=O)N=C(Cc1ccccc1)C(C)=O 1 c1ccccc1 0.0000000 0.0000 0.5948367 0.5948 0.9517626 3.0573
 | 6.5184 52.5803 -52.5803 0.0000000 O=C1NC(=S)NC(=O)C1=C(O)C=CC=CN1CCc2ccccc21 1 O=C1NC(=S)NC(=O)C1=CC=CC=CN1CCc2ccccc21 1.0000000 1.0000 0.5602230 0.5602 0.9424360 3.1788
 | 7.0469 44.2118 -44.2118 0.0000000 CN(C=CC=CC(O)=C1C(=O)N(C)C(=S)N(C)C1=O)CCO 1 C=C1C(=O)NC(=S)NC1=O 1.0000000 1.0000 0.7509508 0.7510 0.9112265 3.4830
 | 14.8698 18.2016 -18.1889 0.0000998 OC1(C(F)(F)F)c2ccccc2-c2ccccc21 1 c1ccc2c(c1)Cc1ccccc1-2 0.0000000 0.0000 0.2686356 0.2686 0.9881107 2.1205
 | 13.0794 42.3285 -42.3285 0.0000000 CC1=NN(c2ccccc2)C(=O)C1=C(O)C=CC=CN1CCCc2ccccc21 1 O=C1C(=CC=CC=CN2CCCc3ccccc32)C=NN1c1ccccc1 1.0000000 1.0000 0.1018480 0.1018 0.9613157 2.9070
 | 11.8785 65.4092 -13.8003 0.4031943 CCCN(C=CC(C)=CC(O)=C1C(=O)N(c2ccccc2)N=C1C(F)(F)F)CCC 1 C=C1C=NN(c2ccccc2)C1=O 1.0000000 1.0000 0.0680886 0.0681 0.9355568 3.2572
 | 10.4162 34.6841 73.8075 0.8475906 O=C1C(=C(O)C=CC=CN(CCO)CCO)C(=O)c2ccccc21 1 C=C1C(=O)c2ccccc2C1=O 1.0000000 1.0000 0.6271539 0.6272 0.9496695 3.0864
 | 12.6696 50.3168 48.7404 0.7738848 CC(C=CN1CCCCCC1)=CC(O)=C1C(=O)N(C)C(=O)N(C)C1=O 1 O=C1NC(=O)C(=CC=CC=CN2CCCCCC2)C(=O)N1 1.0000000 1.0000 0.4802999 0.4803 0.9395149 3.2131
01:51:05 <INFO> Sampled SMILES c1cc(N2CCN(C3=C(Cl)C(=O)C(=C)=C4C(=C(C)C(=O)C4)C3)CC2)ccc1 failed to sanitize.
01:51:05 <INFO> Score: 0.27 Agent NLL: 11.91 Valid:  99% Step: 7
 | Agent Prior Target Score SMILES SMILES_state Scaffold DASA DASA (raw) Solubility Solubility (raw) SA SA (raw)
 | 10.2393 49.6878 25.2411 0.5853828 CC(=CC=CC(O)=C1C(=O)NN=C1C(F)(F)F)N1CCCc2ccccc21 1 O=C1NN=CC1=CC=CC=CN1CCCc2ccccc21 1.0000000 1.0000 0.2096903 0.2097 0.9253320 3.3603
 | 9.7648 48.9704 60.9781 0.8589727 CC(=CC=CC(O)=C1C(=O)OC(C)(C)OC1=O)N(C)CCO 1 C=C1C(=O)OCOC1=O 1.0000000 1.0000 0.6697994 0.6698 0.9077958 3.5101
 | 8.4539 46.9688 -46.9688 0.0000000 CCN(CC)C(C)=CC=CC(O)=C1C(=O)NC(=S)NC1=O 1 C=C1C(=O)NC(=S)NC1=O 1.0000000 1.0000 0.6591766 0.6592 0.9256425 3.3573
 | 10.1242 49.8082 -49.8082 0.0000000 CCCN(C=CC(C)=CC(O)=C1C(=O)NC(=O)NC1=O)CCC 1 C=C1C(=O)NC(=O)NC1=O 1.0000000 1.0000 0.5909939 0.5910 0.9227225 3.3845
 | 8.0021 55.9701 -55.9701 0.0000000 CC(C=CN1CCCC1)=CC(O)=C1C(=O)N(C)C(=S)N(C)C1=O 1 O=C1NC(=S)NC(=O)C1=CC=CC=CN1CCCC1 1.0000000 1.0000 0.5733669 0.5734 0.9199239 3.4096
 | 7.4691 53.4948 -53.4948 0.0000000 CC(C=CN(CCO)CCO)=CC(O)=C1C(=O)NC(=S)NC1=O 1 C=C1C(=O)NC(=S)NC1=O 1.0000000 1.0000 0.8177733 0.8178 0.8922857 3.6227
 | 19.3040 27.5662 -27.5483 0.0001398 CN1C(=O)N(C)C(=O)C(C)(CCC(O)=NO)C1=O 1 O=C1CC(=O)NC(=O)N1 0.0000000 0.0000 0.7684816 0.7685 0.9220047 3.3910
 | 14.0322 48.5191 43.2319 0.7168051 COCCN(C)C(C)=CC=CC(O)=C1C(=O)Nc2ccccc21 1 C=C1C(=O)Nc2ccccc21 1.0000000 1.0000 0.3780968 0.3781 0.9551036 3.0082
 | 7.6105 47.3498 -47.3498 0.0000000 CC(=CC=CC(O)=C1C(=O)N(C)C(=O)N(C)C1=O)N1CCCC1 1 O=C1NC(=O)C(=CC=CC=CN2CCCC2)C(=O)N1 1.0000000 1.0000 0.6053218 0.6053 0.9498433 3.0840
 | 14.1539 22.1650 -22.1489 0.0001259 CN(C)CCCN=c1ccc2ccccc2[nH]1 1 N=c1ccc2ccccc2[nH]1 0.0000000 0.0000 0.5451145 0.5451 0.9695457 2.7456
01:51:06 <INFO> Score: 0.14 Agent NLL: 11.14 Valid: 100% Step: 8
 | Agent Prior Target Score SMILES SMILES_state Scaffold DASA DASA (raw) Solubility Solubility (raw) SA SA (raw)
 | 6.6806 48.3689 -48.3689 0.0000000 CC1=NOC(=O)C1=C(O)C=CC=CN(CCO)CCO 1 C=C1C=NOC1=O 1.0000000 1.0000 0.7852642 0.7853 0.8638747 3.7962
 | 13.5216 53.1204 5.8743 0.4608966 CC(C=CN(C)c1ccccc1)=CC(O)=C1C(=O)N(c2ccccc2)N=C1C 1 O=C1C(=CC=CC=CNc2ccccc2)C=NN1c1ccccc1 1.0000000 1.0000 0.1001540 0.1002 0.9610563 2.9115
 | 11.1560 48.5825 -48.5825 0.0000000 CN1CCN(C=CC=CC(O)=C2C(=O)OC(C)(C)OC2=O)CC1 1 O=C1OCOC(=O)C1=CC=CC=CN1CCNCC1 1.0000000 1.0000 0.6534698 0.6535 0.9289870 3.3250
 | 9.9810 51.6808 33.3922 0.6646327 CC(C=CN1CCc2ccccc21)=CC(O)=C1C(=O)OC(C)(C)OC1=O 1 O=C1OCOC(=O)C1=CC=CC=CN1CCc2ccccc21 1.0000000 1.0000 0.3063015 0.3063 0.9285234 3.3296
 | 7.9538 45.8872 -45.8872 0.0000000 CC(C=CN(CCO)CCO)=CC(O)=C1C(=O)Nc2ccccc21 1 C=C1C(=O)Nc2ccccc21 1.0000000 1.0000 0.5754602 0.5755 0.9364977 3.2469
 | 11.8199 43.9544 73.9152 0.9208561 CC(N)=CC=CC(O)=C1C(=O)NNC1=O 1 C=C1C(=O)NNC1=O 1.0000000 1.0000 0.8415993 0.8416 0.8771469 3.7195
 | 9.8079 56.5238 -2.7225 0.4203221 CCCCCCCCN(CCCCCCCC)C(C)=CC=CC(O)=C1C(=O)NNC1=O 1 C=C1C(=O)NNC1=O 1.0000000 1.0000 0.0769139 0.0769 0.9403679 3.2033
 | 10.1114 52.5499 -52.5355 0.0001123 CC(C=C(O)C=CN(C)CCCN=[N+]=[N-])=C1C(=O)OC(C)(C)OC1=O 1 C=C1C(=O)OCOC1=O 0.0000000 0.0000 0.4190353 0.4190 0.8417683 3.9112
 | 11.5299 54.5427 6.7768 0.4790586 CCCN(C=CC(C)=CC(O)=C1C(=O)N(c2ccccc2)N=C1C)CCC 1 C=C1C=NN(c2ccccc2)C1=O 1.0000000 1.0000 0.1134225 0.1134 0.9469270 3.1228
 | 8.4180 51.0226 -51.0226 0.0000000 CC(C=CN1CCCCCC1)=CC(O)=C1C(=O)N(C)C(=O)N(C)C1=O 1 O=C1NC(=O)C(=CC=CC=CN2CCCCCC2)C(=O)N1 1.0000000 1.0000 0.4802999 0.4803 0.9395149 3.2131
01:51:07 <INFO> Score: 0.13 Agent NLL: 11.29 Valid:  99% Step: 9
 | Agent Prior Target Score SMILES SMILES_state Scaffold DASA DASA (raw) Solubility Solubility (raw) SA SA (raw)
 | 9.9059 46.6806 -46.6806 0.0000000 CCN1C(=O)C(=C(O)C=CC=CN(CC)c2ccccc2)C(=O)N(CC)C1=O 1 O=C1NC(=O)C(=CC=CC=CNc2ccccc2)C(=O)N1 1.0000000 1.0000 0.3037798 0.3038 0.9502331 3.0787
 | 10.0042 45.4095 -45.4095 0.0000000 CC(=CC=CC(O)=C1C(=O)NC(=O)NC1=O)N1CCCCCC1 1 O=C1NC(=O)C(=CC=CC=CN2CCCCCC2)C(=O)N1 1.0000000 1.0000 0.5936887 0.5937 0.9551639 3.0073
 | 12.2761 42.9812 31.3229 0.5805010 CCCN(C=CC=CC(O)=C1C(=O)c2ccccc2C1=O)CCC 1 C=C1C(=O)c2ccccc2C1=O 1.0000000 1.0000 0.2004463 0.2004 0.9582281 2.9591
 | 18.3677 36.8762 -36.8588 0.0001359 CC(N)=CC(C)=C1C(=O)OC(C)(C)OC1=O 1 C=C1C(=O)OCOC1=O 0.0000000 0.0000 0.7018094 0.7018 0.9291192 3.3237
 | 13.7070 54.9613 -10.2912 0.3489851 CCN(C=CC(C)=CC(O)=C1C(=O)N(c2ccccc2)N=C1C(F)(F)F)c1ccccc1 1 O=C1C(=CC=CC=CNc2ccccc2)C=NN1c1ccccc1 1.0000000 1.0000 0.0438551 0.0439 0.9466723 3.1261
 | 7.2809 37.1147 -37.1147 0.0000000 CN(C)C=CC=CC(O)=C1C(=O)NC(=O)NC1=O 1 C=C1C(=O)NC(=O)NC1=O 1.0000000 1.0000 0.7990025 0.7990 0.9401493 3.2058
 | 10.8153 55.9669 -55.9669 0.0000000 CCCCN(CCCC)C(C)=CC=CC(O)=C1C(=O)N(CC)C(=O)N(CC)C1=O 1 C=C1C(=O)NC(=O)NC1=O 1.0000000 1.0000 0.2083690 0.2084 0.9433990 3.1672
 | 7.1060 42.1863 -42.1863 0.0000000 O=C1NC(=O)C(=C(O)C=CC=CN2CCCCC2)C(=O)N1 1 O=C1NC(=O)C(=CC=CC=CN2CCCCC2)C(=O)N1 1.0000000 1.0000 0.6986422 0.6986 0.9449534 3.1480
 | 9.6059 42.1736 -42.1736 0.0000000 O=C1C(=C(O)C=CC=CN2CCc3ccccc32)C(=O)c2ccccc21 1 O=C1C(=CC=CC=CN2CCc3ccccc32)C(=O)c2ccccc21 1.0000000 1.0000 0.1799520 0.1800 0.9653358 2.8328
 | 11.5081 45.3645 14.4552 0.4673414 CC(C=CN1CCCCC1)=CC(O)=C1C(=O)N(c2ccccc2)N=C1C(F)(F)F 1 O=C1C(=CC=CC=CN2CCCCC2)C=NN1c1ccccc1 1.0000000 1.0000 0.1054263 0.1054 0.9449716 3.1478
01:51:07 <INFO> Sampled SMILES C1(N)=NC(C)(C)N(c2ccccc2)C(N)=N1C failed to sanitize.
01:51:07 <INFO> Score: 0.15 Agent NLL: 11.27 Valid:  99% Step: 10
 | Agent Prior Target Score SMILES SMILES_state Scaffold DASA DASA (raw) Solubility Solubility (raw) SA SA (raw)
 | 13.4621 56.3774 -56.3774 0.0000000 CCN(C=CC=CC(O)=C1C(=O)N(c2ccc(OC)cc2)N=C1C(F)(F)F)CC 1 C=C1C=NN(c2ccccc2)C1=O 1.0000000 1.0000 0.1619452 0.1619 0.9465790 3.1273
 | 13.6670 39.6383 -39.6383 0.0000000 CC(=CC=CC(O)=C1C(=O)Nc2ccccc21)N1CCSCC1 1 O=C1Nc2ccccc2C1=CC=CC=CN1CCSCC1 1.0000000 1.0000 0.2770766 0.2771 0.9509023 3.0694
 | 4.9802 44.3421 -44.3421 0.0000000 O=C1NC(=O)C(=C(O)C=CC=CN2CCSCC2)C(=O)N1 1 O=C1NC(=O)C(=CC=CC=CN2CCSCC2)C(=O)N1 1.0000000 1.0000 0.7251722 0.7252 0.9086136 3.5038
 | 10.2933 53.3760 -3.2168 0.3918689 CCCCCCCCN(C=CC(C)=CC(O)=C1C(=O)NC(=O)NC1=O)CCCCCCCC 1 C=C1C(=O)NC(=O)NC1=O 1.0000000 1.0000 0.0622330 0.0622 0.9428712 3.1736
 | 11.1885 49.2267 -49.2267 0.0000000 CC(C=CN1CCc2ccccc21)=CC(O)=C1C(=O)c2ccccc2C1=O 1 O=C1C(=CC=CC=CN2CCc3ccccc32)C(=O)c2ccccc21 1.0000000 1.0000 0.1344190 0.1344 0.9589506 2.9473
 | 8.4281 54.7989 26.5191 0.6352962 O=C1ON=C(C(F)(F)F)C1=C(O)C=CC=CN1CCc2ccccc21 1 O=C1ON=CC1=CC=CC=CN1CCc2ccccc21 1.0000000 1.0000 0.2699086 0.2699 0.9141054 3.4595
 | 17.6953 21.0401 -21.0225 0.0001380 CC(=O)Nc1ccc2c(c1)C(=O)N(CCCO)C2=O 1 O=C1NC(=O)c2ccccc21 0.0000000 0.0000 0.7090714 0.7091 0.9909430 1.9414
 | 21.9029 26.8269 -26.8100 0.0001322 CC(C)NC(=O)NC(=O)NN=Cc1ccccc1 1 c1ccccc1 0.0000000 0.0000 0.6239871 0.6240 0.9879822 2.1276
 | 11.2961 42.0437 -42.0437 0.0000000 CC(=CC=CC(O)=C1C(=O)N(C)C(=O)N(C)C1=O)N1CCSCC1 1 O=C1NC(=O)C(=CC=CC=CN2CCSCC2)C(=O)N1 1.0000000 1.0000 0.5872793 0.5873 0.9288361 3.3265
 | 8.7901 49.4366 -49.4366 0.0000000 CC(=CC=CC(O)=C1C(=O)ON=C1C)N1CCOCC1 1 O=C1ON=CC1=CC=CC=CN1CCOCC1 1.0000000 1.0000 0.6203996 0.6204 0.9126104 3.4718
01:51:08 <INFO> Score: 0.16 Agent NLL: 11.51 Valid: 100% Step: 11
 | Agent Prior Target Score SMILES SMILES_state Scaffold DASA DASA (raw) Solubility Solubility (raw) SA SA (raw)
 | 9.9718 56.4613 14.7435 0.5562874 CCCCN(C=CC=CC(O)=C1C(=O)ON=C1C(F)(F)F)CCCC 1 C=C1C=NOC1=O 1.0000000 1.0000 0.1828334 0.1828 0.8999614 3.5689
 | 10.6254 44.2931 -44.2931 0.0000000 CC(=CC=CC(O)=C1C(=O)NC(=O)NC1=O)N(C)c1ccccc1 1 O=C1NC(=O)C(=CC=CC=CNc2ccccc2)C(=O)N1 1.0000000 1.0000 0.5406118 0.5406 0.9537882 3.0280
 | 8.2600 47.2693 -47.2693 0.0000000 CC(C=CN(CCO)CCO)=CC(O)=C1C(=O)NC(=S)NC1=O 1 C=C1C(=O)NC(=S)NC1=O 1.0000000 1.0000 0.8177733 0.8178 0.8922857 3.6227
 | 23.6883 31.4607 -31.4437 0.0001326 CC(CCN=[N+]=[N-])N1CCCN(C)CC1 1 C1CNCCNC1 0.0000000 0.0000 0.6492060 0.6492 0.9370195 3.2412
 | 7.5627 44.4652 -44.4652 0.0000000 CN1C(=O)C(=C(O)C=CC=CN2CCCC2)C(=O)N(C)C1=O 1 O=C1NC(=O)C(=CC=CC=CN2CCCC2)C(=O)N1 1.0000000 1.0000 0.6592816 0.6593 0.9417220 3.1874
 | 17.9465 33.7776 -33.7613 0.0001273 CN(C)C(=CC=CC=CN1CCCC1)N(C)C 1 C1CCNC1 0.0000000 0.0000 0.5811510 0.5812 0.9181349 3.4253
 | 6.8319 53.5744 49.5244 0.8054593 CC1=NOC(=O)C1=C(O)C=CC=CN1CCSCC1 1 O=C1ON=CC1=CC=CC=CN1CCSCC1 1.0000000 1.0000 0.5756394 0.5756 0.8442391 3.8990
 | 6.4659 44.8205 -44.8205 0.0000000 CC(=CC=CC(O)=C1C(=O)N(C)C(=O)N(C)C1=O)N1CCN(C)CC1 1 O=C1NC(=O)C(=CC=CC=CN2CCNCC2)C(=O)N1 1.0000000 1.0000 0.6732225 0.6732 0.9487962 3.0982
 | 8.8813 48.0797 -48.0797 0.0000000 CN1CCN(C=CC=CC(O)=C2C(=O)NC(=S)NC2=O)CC1 1 O=C1NC(=S)NC(=O)C1=CC=CC=CN1CCNCC1 1.0000000 1.0000 0.7660862 0.7661 0.9327222 3.2872
 | 8.7898 46.6594 -46.6594 0.0000000 CN(C)C=CC=CC(O)=C1C(=O)NNC1=O 1 C=C1C(=O)NNC1=O 1.0000000 1.0000 0.8275314 0.8275 0.8949926 3.6041
01:51:08 <INFO> Sampled SMILES C1COCCN1C=CC=CC(O)=C1n2c3c(cccc31)ccc2 failed to sanitize.
01:51:09 <INFO> Sampled SMILES CC1(C)OC(=O)C(=C(O)C=C(C)C=CN(c2ccccc2)CC)=C(C)N1C failed to sanitize.
01:51:09 <INFO> Score: 0.11 Agent NLL: 11.43 Valid:  98% Step: 12
 | Agent Prior Target Score SMILES SMILES_state Scaffold DASA DASA (raw) Solubility Solubility (raw) SA SA (raw)
 | 7.7066 50.3015 -50.3015 0.0000000 CC(C=CN1CCOCC1)=CC(O)=C1C(=O)ON=C1C 1 O=C1ON=CC1=CC=CC=CN1CCOCC1 1.0000000 1.0000 0.6203996 0.6204 0.8809494 3.6962
 | 17.2353 57.2327 -57.2171 0.0001221 CC(C=CN(C)C)=CC=CC(O)=C1C(=O)ON=C1C 1 C=C1C=NOC1=O 0.0000000 0.0000 0.5252662 0.5253 0.8817508 3.6912
 | 6.2921 39.3164 -39.3164 0.0000000 CN1C(=O)C(=C(O)C=CC=CN(C)c2ccccc2)C(=O)N(C)C1=O 1 O=C1NC(=O)C(=CC=CC=CNc2ccccc2)C(=O)N1 1.0000000 1.0000 0.4909798 0.4910 0.9548179 3.0126
 | 4.8799 44.3421 -44.3421 0.0000000 O=C1NC(=O)C(=C(O)C=CC=CN2CCSCC2)C(=O)N1 1 O=C1NC(=O)C(=CC=CC=CN2CCSCC2)C(=O)N1 1.0000000 1.0000 0.7251722 0.7252 0.9086136 3.5038
 | 9.3295 51.0964 -51.0964 0.0000000 CN1CCN(C=CC=CC(O)=C2C(=O)NNC2=O)CC1 1 O=C1NNC(=O)C1=CC=CC=CN1CCNCC1 1.0000000 1.0000 0.8169676 0.8170 0.9136221 3.4635
 | 24.7037 20.4486 -20.4328 0.0001237 CN(C)c1ccc(NC(=O)C(F)(F)F)cc1 1 c1ccccc1 0.0000000 0.0000 0.5102919 0.5103 0.9916750 1.8860
 | 7.7329 45.3913 -45.3913 0.0000000 O=C1C(=C(O)C=CC=CN2CCOCC2)C(C(F)(F)F)=NN1c1ccccc1 1 O=C1C(=CC=CC=CN2CCOCC2)C=NN1c1ccccc1 1.0000000 1.0000 0.2924515 0.2925 0.9479020 3.1101
 | 13.0415 53.5808 54.2768 0.8426374 O=C1NNC(=O)C1=C(O)C=CC=CN1CCc2ccccc2C1 1 O=C1NNC(=O)C1=CC=CC=CN1CCc2ccccc2C1 1.0000000 1.0000 0.6243062 0.6243 0.9282565 3.3322
 | 5.9035 55.5684 -55.5684 0.0000000 O=C1NNC(=O)C1=C(O)C=CC=CN1CCc2ccccc21 1 O=C1NNC(=O)C1=CC=CC=CN1CCc2ccccc21 1.0000000 1.0000 0.6331446 0.6331 0.9300140 3.3148
 | 7.4520 50.8033 -50.8033 0.0000000 CN(C=CC=CC(O)=C1C(=O)NNC1=O)CCO 1 C=C1C(=O)NNC1=O 1.0000000 1.0000 0.8582633 0.8583 0.8732554 3.7427
01:51:09 <INFO> Score: 0.11 Agent NLL: 11.10 Valid: 100% Step: 13
 | Agent Prior Target Score SMILES SMILES_state Scaffold DASA DASA (raw) Solubility Solubility (raw) SA SA (raw)
 | 12.5465 57.8151 -38.1393 0.1537168 CCCCCCCCN(C=CC=CC(O)=C1C(=O)N(c2ccccc2)N=C1C(F)(F)F)CCCCCCCC 1 C=C1C=NN(c2ccccc2)C1=O 1.0000000 1.0000 0.0037532 0.0038 0.9442471 3.1568
 | 20.6659 31.0366 -31.0204 0.0001270 CCC(=O)OC1C(=C(C)C)C(=O)OC1(C)C 1 C=C1CCOC1=O 0.0000000 0.0000 0.5868107 0.5868 0.8920430 3.6243
 | 10.9783 43.9544 -43.9544 0.0000000 CC(N)=CC=CC(O)=C1C(=O)NNC1=O 1 C=C1C(=O)NNC1=O 1.0000000 1.0000 0.8415993 0.8416 0.8771469 3.7195
 | 7.9302 57.5186 8.1887 0.5133380 CC(=CC=CC(O)=C1C(=O)N(c2ccccc2)N=C1C(F)(F)F)N1CCSCC1 1 O=C1C(=CC=CC=CN2CCSCC2)C=NN1c1ccccc1 1.0000000 1.0000 0.1401496 0.1401 0.9399006 3.2087
 | 10.2694 47.0520 -47.0520 0.0000000 CC(C=CN(CCO)CCO)=CC(O)=C1C(=O)c2ccccc2C1=O 1 C=C1C(=O)c2ccccc2C1=O 1.0000000 1.0000 0.5707916 0.5708 0.9412599 3.1928
 | 10.5386 48.8812 -48.8812 0.0000000 CC(=CC=CC(O)=C1C(=O)NNC1=O)N(C)c1ccccc1 1 O=C1NNC(=O)C1=CC=CC=CNc1ccccc1 1.0000000 1.0000 0.5854298 0.5854 0.9352775 3.2602
 | 7.3273 37.3425 -37.3425 0.0000000 CN(C)C=CC=CC(O)=C1C(=O)NC(=S)NC1=O 1 C=C1C(=O)NC(=S)NC1=O 1.0000000 1.0000 0.7778389 0.7778 0.9278829 3.3358
 | 7.8034 47.1588 -47.1588 0.0000000 CCN(C=CC(C)=CC(O)=C1C(=O)NC(=S)NC1=O)c1ccccc1 1 O=C1NC(=S)NC(=O)C1=CC=CC=CNc1ccccc1 1.0000000 1.0000 0.4489875 0.4490 0.9362020 3.2502
 | 15.3573 53.7300 57.6882 0.8704554 CCN(C=CC(C)=CC(O)=C1C(=O)C(=O)N(NC(C)=O)C1=O)CC 1 C=C1C(=O)NC(=O)C1=O 1.0000000 1.0000 0.7023830 0.7024 0.8957045 3.5992
 | 21.0535 50.8225 54.6498 0.8240025 CC1=CN(C=CC=CC(O)=C2C(=O)NC(=S)NC2=O)CCC1 1 O=C1NC(=S)NC(=O)C1=CC=CC=CN1C=CCCC1 1.0000000 1.0000 0.6059962 0.6060 0.8695657 3.7641
01:51:10 <INFO> Score: 0.13 Agent NLL: 11.29 Valid: 100% Step: 14
 | Agent Prior Target Score SMILES SMILES_state Scaffold DASA DASA (raw) Solubility Solubility (raw) SA SA (raw)
 | 6.0390 55.5684 -55.5684 0.0000000 O=C1NNC(=O)C1=C(O)C=CC=CN1CCc2ccccc21 1 O=C1NNC(=O)C1=CC=CC=CN1CCc2ccccc21 1.0000000 1.0000 0.6331446 0.6331 0.9300140 3.3148
 | 8.0714 52.3453 45.0458 0.7608677 O=C1ON=C(C(F)(F)F)C1=C(O)C=CC=CN1CCCC1 1 O=C1ON=CC1=CC=CC=CN1CCCC1 1.0000000 1.0000 0.4706469 0.4706 0.8905462 3.6344
 | 7.4861 48.4696 -48.4696 0.0000000 CC(=CC=CC(O)=C1C(=O)NC(=S)NC1=O)N(C)CCO 1 C=C1C(=O)NC(=S)NC1=O 1.0000000 1.0000 0.7815732 0.7816 0.9116606 3.4795
 | 7.8560 61.9766 -61.9766 0.0000000 CC(C=CN(C)CCO)=CC(O)=C1C(=O)NNC1=O 1 C=C1C(=O)NNC1=O 1.0000000 1.0000 0.8303072 0.8303 0.8559035 3.8393
 | 7.9767 42.0957 -42.0957 0.0000000 CC(=CC=CC(O)=C1C(=O)NC(=S)NC1=O)N(CCO)CCO 1 C=C1C(=O)NC(=S)NC1=O 1.0000000 1.0000 0.8177733 0.8178 0.9139389 3.4608
 | 8.2782 46.0987 -46.0987 0.0000000 CC(C=CN1CCSCC1)=CC(O)=C1C(=O)NC(=O)NC1=O 1 O=C1NC(=O)C(=CC=CC=CN2CCSCC2)C(=O)N1 1.0000000 1.0000 0.6803639 0.6804 0.8954692 3.6008
 | 8.3429 45.9542 -45.9542 0.0000000 CC(=CC=CC(O)=C1C(=O)NC(=S)NC1=O)N1CCCC1 1 O=C1NC(=S)NC(=O)C1=CC=CC=CN1CCCC1 1.0000000 1.0000 0.6711265 0.6711 0.9413145 3.1922
 | 24.9471 70.4160 -70.4047 0.0000883 COC(=O)C(C)=CN1C(=O)C(=C(C)C=C(O)C=CC=CN(C)C)Oc2ccccc21 1 C=C1Oc2ccccc2NC1=O 0.0000000 0.0000 0.2002452 0.2002 0.8693005 3.7657
 | 7.3903 54.7989 -54.7989 0.0000000 O=C1ON=C(C(F)(F)F)C1=C(O)C=CC=CN1CCc2ccccc21 1 O=C1ON=CC1=CC=CC=CN1CCc2ccccc21 1.0000000 1.0000 0.2699086 0.2699 0.9141054 3.4595
 | 8.3214 55.6921 39.3406 0.7424424 CCN1C(=O)C(=C(O)C=C(C)C=CN2CCCCC2)C(=O)N(CC)C1=O 1 O=C1NC(=O)C(=CC=CC=CN2CCCCC2)C(=O)N1 1.0000000 1.0000 0.4243140 0.4243 0.9386996 3.2224
01:51:11 <INFO> Sampled SMILES FC(F)(C(F)(C(C=CN(CC)c1ccccc1)=C(C)C=CN(C)C)=C)F failed to sanitize.
01:51:11 <INFO> Score: 0.09 Agent NLL: 11.22 Valid:  99% Step: 15
 | Agent Prior Target Score SMILES SMILES_state Scaffold DASA DASA (raw) Solubility Solubility (raw) SA SA (raw)
 | 12.5024 50.8836 -50.8836 0.0000000 CN(C=CC=CC(O)=C1C(=O)NC(=O)NC1=O)CCCN=[N+]=[N-] 1 C=C1C(=O)NC(=O)NC1=O 1.0000000 1.0000 0.6939445 0.6939 0.8911099 3.6306
 | 18.6270 48.7908 -48.7742 0.0001293 CC(C=Cn1cccn1)=CC(O)=C1C(=O)N(C)C(=O)N(C)C1=O 1 O=C1NC(=O)C(=CC=CC=Cn2cccn2)C(=O)N1 0.0000000 0.0000 0.6162788 0.6163 0.8974783 3.5867
 | 10.4375 24.7636 -24.7458 0.0001393 O=C1NC(=O)C(=C(O)c2ccccc2)C(=O)N1 1 O=C1NC(=O)C(=Cc2ccccc2)C(=O)N1 0.0000000 0.0000 0.7312659 0.7313 0.9866116 2.1989
 | 23.2072 51.7818 -51.7818 0.0000000 FC(F)(C(F)(C(C=CN(CC)c1ccccc1)=C(C)C=CN(C)C)=C)F 0 -- 0.0000000 0.0000 0.0000000 0.0000 0.0000000 0.0000
 | 23.2604 29.2892 -29.2716 0.0001377 CC(=O)N(C)CC(=O)N=C1C(=O)Nc2ccccc21 1 N=C1C(=O)Nc2ccccc21 0.0000000 0.0000 0.7135215 0.7135 0.9692142 2.7529
 | 7.3254 48.7288 -48.7288 0.0000000 CCN(CC)C(C)=CC=CC(O)=C1C(=O)NNC1=O 1 C=C1C(=O)NNC1=O 1.0000000 1.0000 0.7269262 0.7269 0.9002569 3.5668
 | 7.7226 44.9505 -44.9505 0.0000000 O=C1NC(=S)NC(=O)C1=C(O)C=CC=CN1CCCCC1 1 O=C1NC(=S)NC(=O)C1=CC=CC=CN1CCCCC1 1.0000000 1.0000 0.6711265 0.6711 0.9358717 3.2538
 | 11.4974 45.0388 -45.0205 0.0001437 CC(=CC(O)=C1C(=O)NNC1=O)N1CCOCC1 1 O=C1NNC(=O)C1=CC=CN1CCOCC1 0.0000000 0.0000 0.8295319 0.8295 0.9308577 3.3063
 | 10.5820 43.6239 -43.6081 0.0001232 CN(C=CC=CC=CC(O)=C1C(=O)NC(=O)NC1=O)c1ccccc1 1 O=C1NC(=O)C(=CC=CC=CC=CNc2ccccc2)C(=O)N1 0.0000000 0.0000 0.5179339 0.5179 0.9463430 3.1304
 | 14.4806 34.7428 -34.7271 0.0001227 CC(C=CN1CCOCC1)=CC=CC(C)N(C)C 1 C1COCCN1 0.0000000 0.0000 0.5440856 0.5441 0.8477262 3.8816
01:51:11 <INFO> Sampled SMILES NC(c1ccc(N(C=CC=CC(O)=C2C(=O)N(C)C(=O)N(C)C2=O)=O)cc1)N failed to sanitize.
01:51:11 <INFO> Score: 0.08 Agent NLL: 11.92 Valid:  99% Step: 16
 | Agent Prior Target Score SMILES SMILES_state Scaffold DASA DASA (raw) Solubility Solubility (raw) SA SA (raw)
 | 6.4903 51.8550 -51.8550 0.0000000 CCCCN(C=CC=CC(O)=C1C(=O)NNC1=O)CCCC 1 C=C1C(=O)NNC1=O 1.0000000 1.0000 0.5894560 0.5895 0.9170167 3.4349
 | 7.4477 56.8410 -56.8410 0.0000000 CCN1C(=O)C(=C(O)C=CC=CN2CCSCC2)C(=O)N(CC)C1=O 1 O=C1NC(=O)C(=CC=CC=CN2CCSCC2)C(=O)N1 1.0000000 1.0000 0.5440549 0.5441 0.9182878 3.4240
 | 11.3135 39.1725 -39.1725 0.0000000 CC(C=CN1CCOCC1)=CC(O)=C1C(=O)OC(C)(C)OC1=O 1 O=C1OCOC(=O)C1=CC=CC=CN1CCOCC1 1.0000000 1.0000 0.5997601 0.5998 0.9127462 3.4707
 | 8.9242 42.5984 -42.5984 0.0000000 CC(=CC=CC(O)=C1C(=O)Nc2ccccc21)N1CCOCC1 1 O=C1Nc2ccccc2C1=CC=CC=CN1CCOCC1 1.0000000 1.0000 0.4018953 0.4019 0.9629993 2.8769
 | 7.7671 49.5261 -49.5261 0.0000000 CN(C=CC=CC(O)=C1C(=O)N(C)C(=O)N(C)C1=O)CCCN=[N+]=[N-] 1 C=C1C(=O)NC(=O)NC1=O 1.0000000 1.0000 0.5972441 0.5972 0.8946659 3.6064
 | 7.4340 45.9140 -45.9140 0.0000000 CCN(C=CC(C)=CC(O)=C1C(=O)N(C)C(=O)N(C)C1=O)CC 1 C=C1C(=O)NC(=O)NC1=O 1.0000000 1.0000 0.5885762 0.5886 0.9220419 3.3907
 | 7.7589 55.5408 -55.5408 0.0000000 CC1=NN(c2ccccc2)C(=O)C1=C(O)C=CC=CN(C)CCCN=[N+]=[N-] 1 C=C1C=NN(c2ccccc2)C1=O 1.0000000 1.0000 0.2108429 0.2108 0.9282898 3.3318
 | 23.7598 30.6429 -30.6304 0.0000973 O=C1C(=CC=CC=CN2CCCCC2)Oc2ccccc21 1 O=C1C(=CC=CC=CN2CCCCC2)Oc2ccccc21 0.0000000 0.0000 0.2521988 0.2522 0.9644157 2.8505
 | 7.1616 38.9978 -38.9978 0.0000000 CC(=CC=CC(O)=C1C(=O)NC(=O)NC1=O)N1CCN(C)CC1 1 O=C1NC(=O)C(=CC=CC=CN2CCNCC2)C(=O)N1 1.0000000 1.0000 0.7507087 0.7507 0.9493926 3.0902
 | 8.3838 51.0329 59.2463 0.8615563 CC(C=CN1CCCC1)=CC(O)=C1C(=O)NC(=S)NC1=O 1 O=C1NC(=S)NC(=O)C1=CC=CC=CN1CCCC1 1.0000000 1.0000 0.6711265 0.6711 0.9190338 3.4175
01:51:12 <INFO> Sampled SMILES [O-]C(=C1C(=O)C(C)=N(C)C(=O)C1)c1ccc(F)cc1 failed to sanitize.
01:51:12 <INFO> Score: 0.16 Agent NLL: 12.15 Valid:  99% Step: 17
 | Agent Prior Target Score SMILES SMILES_state Scaffold DASA DASA (raw) Solubility Solubility (raw) SA SA (raw)
 | 7.7842 48.8920 49.5960 0.7694368 CN(C=CC=CC(O)=C1C(=O)OC(C)(C)OC1=O)CCCN=[N+]=[N-] 1 C=C1C(=O)OCOC1=O 1.0000000 1.0000 0.4928786 0.4929 0.8711903 3.7548
 | 22.7469 37.0996 -37.0822 0.0001357 CCN1CC(=C(C)C=[N+](C)[O-])C(=O)N(CC)C1=O 1 C=C1CNC(=O)NC1=O 0.0000000 0.0000 0.7154065 0.7154 0.8924809 3.6213
 | 14.2076 45.8996 -45.8893 0.0000805 CC(C=CN1CCCC1)=CC(O)=C1C=Cc2ccccc21 1 C(=CC=C1C=Cc2ccccc21)C=CN1CCCC1 0.0000000 0.0000 0.1445623 0.1446 0.9420872 3.1830
 | 10.3525 35.5620 -35.5620 0.0000000 O=C1C(=C(O)C=CC=CN2CCCC2)C(=O)c2ccccc21 1 O=C1C(=CC=CC=CN2CCCC2)C(=O)c2ccccc21 1.0000000 1.0000 0.3535903 0.3536 0.9639946 2.8584
 | 7.4460 49.3655 56.8210 0.8295820 CC(=CC=CC(O)=C1C(=O)ON=C1C)N(C)C 1 C=C1C=NOC1=O 1.0000000 1.0000 0.6197402 0.6197 0.8662524 3.7830
 | 6.7036 52.1010 -52.1010 0.0000000 CCN1C(=O)C(=C(O)C=CC=CN2CCCCC2)C(=O)N(CC)C1=O 1 O=C1NC(=O)C(=CC=CC=CN2CCCCC2)C(=O)N1 1.0000000 1.0000 0.4948104 0.4948 0.9471645 3.1198
 | 7.6719 53.3283 46.8867 0.7829303 CC(=CC=CC(O)=C1C(=O)ON=C1C(F)(F)F)N1CCOCC1 1 O=C1ON=CC1=CC=CC=CN1CCOCC1 1.0000000 1.0000 0.5082779 0.5083 0.9044181 3.5360
 | 6.5629 50.5723 -50.5723 0.0000000 CCN1C(=O)C(=C(O)C=CC=C(C)N2CCOCC2)C(=O)N(CC)C1=O 1 O=C1NC(=O)C(=CC=CC=CN2CCOCC2)C(=O)N1 1.0000000 1.0000 0.5866305 0.5866 0.9476836 3.1130
 | 14.4586 43.7798 -43.7621 0.0001383 CCN1C(=O)C(=CC(O)=C2C(=O)N(C)C(=O)N(C)C2=O)C(=O)N(CC)C1=O 1 O=C1NC(=O)C(=CC=C2C(=O)NC(=O)NC2=O)C(=O)N1 0.0000000 0.0000 0.7318623 0.7319 0.9471141 3.1204
 | 18.2411 47.8983 -47.8825 0.0001235 CC1(C)OC(=O)C(=C(O)C=CC=CN=[N+]=[N-])C(=O)O1 1 C=C1C(=O)OCOC1=O 0.0000000 0.0000 0.5622759 0.5623 0.8308516 3.9631
01:51:13 <INFO> Sampled SMILES C(F)(F)(C1=NOC(=O)C1=C(O)C=CC=CN(CCO)CCO)=C failed to sanitize.
01:51:13 <INFO> Score: 0.07 Agent NLL: 12.20 Valid:  98% Step: 18
 | Agent Prior Target Score SMILES SMILES_state Scaffold DASA DASA (raw) Solubility Solubility (raw) SA SA (raw)
 | 24.3678 85.8538 14.4217 0.7834022 CC(=CC=CC(O)=C1C(=O)NNC1=O)N(C=CC=C(C)N(CCO)Cc1ccccc1)CCO 1 O=C1NNC(=O)C1=CC=CC=CNC=CC=CNCc1ccccc1 1.0000000 1.0000 0.5235627 0.5236 0.8614396 3.8096
 | 10.1922 50.0988 60.8145 0.8665107 CN1C(=O)NC(=O)C(=C(O)C=CC=CN2CCSCC2)C1=O 1 O=C1NC(=O)C(=CC=CC=CN2CCSCC2)C(=O)N1 1.0000000 1.0000 0.6848891 0.6849 0.9140659 3.4598
 | 16.8676 65.5302 19.7845 0.6665213 CC(C=CN1CCCC1)=CC(O)=C1C(=O)N(c2ccccc2)C(C)=C1C(N)=O 1 O=C1C(=CC=CC=CN2CCCC2)C=CN1c1ccccc1 1.0000000 1.0000 0.3054113 0.3054 0.9472716 3.1184
 | 9.3757 40.6485 -40.6485 0.0000000 CCCN(C=CC=CC(O)=C1C(=O)NC(=O)NC1=O)CCC 1 C=C1C(=O)NC(=O)NC1=O 1.0000000 1.0000 0.6502406 0.6502 0.9336042 3.2780
 | 7.4355 44.1122 -44.1122 0.0000000 O=C1NC(=O)C(=C(O)C=CC=CN2CCCc3ccccc32)C(=O)N1 1 O=C1NC(=O)C(=CC=CC=CN2CCCc3ccccc32)C(=O)N1 1.0000000 1.0000 0.5346638 0.5347 0.9510214 3.0677
 | 6.4806 43.7349 -43.7349 0.0000000 O=C1NC(=O)C(=C(O)C=CC=CN2CCCCC2)C(=O)N1 1 O=C1NC(=O)C(=CC=CC=CN2CCCCC2)C(=O)N1 1.0000000 1.0000 0.6986422 0.6986 0.9449534 3.1480
 | 6.9286 44.6387 62.0252 0.8333121 CC(=CC=CC(O)=C1C(=O)OC(C)(C)OC1=O)N1CCN(C)CC1 1 O=C1OCOC(=O)C1=CC=CC=CN1CCNCC1 1.0000000 1.0000 0.6002373 0.6002 0.9379405 3.2309
 | 8.4486 44.3287 -44.3287 0.0000000 CC(=CC=CC(O)=C1C(=O)NC(=O)NC1=O)N1CCOCC1 1 O=C1NC(=O)C(=CC=CC=CN2CCOCC2)C(=O)N1 1.0000000 1.0000 0.7527922 0.7528 0.9464263 3.1293
 | 13.9512 38.2470 -38.2321 0.0001159 CCN(C=CC(O)=C1C(=O)Nc2ccccc21)CC 1 C=C1C(=O)Nc2ccccc21 0.0000000 0.0000 0.4262808 0.4263 0.9634426 2.8687
 | 15.0151 43.1684 -43.1684 0.0000000 CC(=CC=CC(O)=C1C(=O)Nc2ccccc21)N1CCCC1 1 O=C1Nc2ccccc2C1=CC=CC=CN1CCCC1 1.0000000 1.0000 0.2836238 0.2836 0.9659997 2.8198
01:51:14 <INFO> Score: 0.10 Agent NLL: 11.37 Valid:  99% Step: 19
 | Agent Prior Target Score SMILES SMILES_state Scaffold DASA DASA (raw) Solubility Solubility (raw) SA SA (raw)
 | 12.3544 38.2844 -38.2688 0.0001218 CC(C=CN(C)C)=C(O)C=CC=CN(C)C 1  0.0000000 0.0000 0.5206298 0.5206 0.8807117 3.6976
 | 19.3607 41.3334 -41.3172 0.0001268 COC(C=Cc1ccccc1)=CC(O)=C1C(=O)NC(=S)NC1=O 1 O=C1NC(=S)NC(=O)C1=CC=CC=Cc1ccccc1 0.0000000 0.0000 0.5616399 0.5616 0.9533975 3.0337
 | 8.5469 49.1857 51.9826 0.7903772 CC1=NOC(=O)C1=C(O)C=CC=CN1CCCCC1 1 O=C1ON=CC1=CC=CC=CN1CCCCC1 1.0000000 1.0000 0.5218126 0.5218 0.9077790 3.5103
 | 7.1909 56.8410 -56.8410 0.0000000 CCN1C(=O)C(=C(O)C=CC=CN2CCSCC2)C(=O)N(CC)C1=O 1 O=C1NC(=O)C(=CC=CC=CN2CCSCC2)C(=O)N1 1.0000000 1.0000 0.5440549 0.5441 0.9182878 3.4240
 | 7.8694 42.8582 -42.8582 0.0000000 O=C1NC(=O)C(=C(O)C=CC=CN2CCCC2)C(=O)N1 1 O=C1NC(=O)C(=CC=CC=CN2CCCC2)C(=O)N1 1.0000000 1.0000 0.7427731 0.7428 0.9406393 3.2001
 | 9.7069 44.0658 -44.0658 0.0000000 O=C1Nc2ccccc2C1=C(O)C=CC=CN1CCCCC1 1 O=C1Nc2ccccc2C1=CC=CC=CN1CCCCC1 1.0000000 1.0000 0.2836238 0.2836 0.9626756 2.8828
 | 11.4425 20.5001 -20.4822 0.0001403 CC(C=CN(C)C)=NO 1  0.0000000 0.0000 0.7776145 0.7776 0.9198503 3.4103
 | 10.2537 67.7666 -34.2938 0.2615065 CCCCCCCCN(CCCCCCCC)C(C)=CC=CC(O)=C1C(=O)ON=C1C 1 C=C1C=NOC1=O 1.0000000 1.0000 0.0185672 0.0186 0.9364369 3.2476
 | 15.1114 58.4713 40.8669 0.7760795 CC(C=CN1C(C)CCC1C)=CC(O)=C1C(=O)NC(=S)NC1=O 1 O=C1NC(=S)NC(=O)C1=CC=CC=CN1CCCC1 1.0000000 1.0000 0.5615696 0.5616 0.7253563 4.3673
 | 9.4794 50.3971 -50.3971 0.0000000 CC(C=CN1CCN(C)CC1)=CC(O)=C1C(=O)ON=C1C 1 O=C1ON=CC1=CC=CC=CN1CCNCC1 1.0000000 1.0000 0.6215260 0.6215 0.8911079 3.6306
01:51:14 <INFO> Score: 0.09 Agent NLL: 12.07 Valid: 100% Step: 20
 | Agent Prior Target Score SMILES SMILES_state Scaffold DASA DASA (raw) Solubility Solubility (raw) SA SA (raw)
 | 9.2720 32.4859 -32.4859 0.0000000 CCN(C=CC=CC(O)=C1C(=O)c2ccccc2C1=O)CC 1 C=C1C(=O)c2ccccc2C1=O 1.0000000 1.0000 0.3219833 0.3220 0.9595465 2.9373
 | 24.7639 76.0101 -75.9931 0.0001332 CN1CCN(C)CC(N(C)C=CC=CC=CC=CC(O)=C2C(=O)NNC2=O)C1 1 O=C1NNC(=O)C1=CC=CC=CC=CC=CNC1CNCCNC1 0.0000000 0.0000 0.6894904 0.6895 0.8617809 3.8078
 | 9.1213 44.4925 59.9270 0.8157776 O=C1NC(=S)NC(=O)C1=C(O)C=CC=CN1CCCCCCC1 1 O=C1NC(=S)NC(=O)C1=CC=CC=CN1CCCCCCC1 1.0000000 1.0000 0.5611558 0.5612 0.9437474 3.1629
 | 15.3102 41.5252 -41.5252 0.0000000 CCCN(C=CC=CC(O)=C1C(=O)N(C)C(=O)N(C)C1=O)CCC 1 C=C1C(=O)NC(=O)NC1=O 1.0000000 1.0000 0.5393516 0.5394 0.9344045 3.2695
 | 16.0555 20.6122 -20.5941 0.0001413 CC(=O)N=C(C(=O)O)C(C)C 1  0.0000000 0.0000 0.7783735 0.7784 0.9515932 3.0597
 | 16.0935 55.4162 43.8086 0.7751938 CC1=NOC(=O)C1=C(O)C=CC=CN(CCO)Cc1ccccc1 1 O=C1ON=CC1=CC=CC=CNCc1ccccc1 1.0000000 1.0000 0.4848483 0.4848 0.9323814 3.2907
 | 20.3552 59.1279 39.0099 0.7667020 CC(=CC=CC(O)=C1C(=O)NC(=O)NC1=O)N(C)CCCN=[N+]c1ccccc1 1 O=C1NC(=O)C(=CC=CC=CNCCCN=[N+]c2ccccc2)C(=O)N1 1.0000000 1.0000 0.4828103 0.4828 0.8865036 3.6610
 | 10.3038 68.8122 -68.8122 0.0000000 CC(=CC=CC(O)=C1C(=O)N(C)C(=S)N(C)C1=O)N(C)CCCN=[N+]=[N-] 1 C=C1C(=O)NC(=S)NC1=O 1.0000000 1.0000 0.4998929 0.4999 0.8777818 3.7156
 | 11.0832 46.1106 -46.1106 0.0000000 CCCN(C=CC=CC(O)=C1C(=O)OC(C)(C)OC1=O)CCC 1 C=C1C(=O)OCOC1=O 1.0000000 1.0000 0.4178957 0.4179 0.9191003 3.4169
 | 8.0932 44.8220 -44.8220 0.0000000 CN1CCN(C=CC=CC(O)=C2C(=O)NC(=S)NC2=O)CC1 1 O=C1NC(=S)NC(=O)C1=CC=CC=CN1CCNCC1 1.0000000 1.0000 0.7660862 0.7661 0.9327222 3.2872
01:51:15 <INFO> Sampled SMILES C1N(C)CCN(C=CC=CC(O)=C2n3c(=O)cccc3=C2C)C1 failed to sanitize.
01:51:15 <INFO> Sampled SMILES C1CCN(C(=CC=CC=CN(C)CCO)=C2C(=O)N(C)C(=S)N(C)C2=O)C1 failed to sanitize.
01:51:15 <INFO> Score: 0.07 Agent NLL: 11.60 Valid:  98% Step: 21
 | Agent Prior Target Score SMILES SMILES_state Scaffold DASA DASA (raw) Solubility Solubility (raw) SA SA (raw)
 | 9.9149 40.5310 -40.5310 0.0000000 O=C1NC(=O)C(=C(O)C=CC=CN2CCSCC2)C(=O)N1 1 O=C1NC(=O)C(=CC=CC=CN2CCSCC2)C(=O)N1 1.0000000 1.0000 0.7251722 0.7252 0.9086136 3.5038
 | 16.6984 25.2076 -25.1961 0.0000900 CCCCN(C=CC(=O)c1ccccc1)CCCC 1 c1ccccc1 0.0000000 0.0000 0.1972817 0.1973 0.9851466 2.2675
 | 11.0400 46.7423 -46.7423 0.0000000 CC(C=CN1CCCCC1)=CC(O)=C1C(=O)NNC1=O 1 O=C1NNC(=O)C1=CC=CC=CN1CCCCC1 1.0000000 1.0000 0.6903651 0.6904 0.9036644 3.5417
 | 24.1972 51.9293 -51.9184 0.0000852 CCCC=c1cc2cc(C)c(=C(O)C=CC=C(C)C3OC(=O)C(C)=C(OC(C)=O)O3)c(=O)c-2co1 1 C=c1cc2ccc(=CC=CC=CC3OC=CC(=O)O3)c(=O)c-2co1 0.0000000 0.0000 0.2140764 0.2141 0.6390290 4.6279
 | 9.5042 49.2894 29.5777 0.6161492 CC(=CC=CC(O)=C1C(=O)OC(C)(C)OC1=O)N1CCCc2ccccc21 1 O=C1OCOC(=O)C1=CC=CC=CN1CCCc2ccccc21 1.0000000 1.0000 0.2418533 0.2419 0.9432672 3.1688
 | 10.1340 44.5774 69.0345 0.8875935 CCN1C(=O)NC(=O)C(=C(O)C=CC=CN2CCN(C)CC2)C1=O 1 O=C1NC(=O)C(=CC=CC=CN2CCNCC2)C(=O)N1 1.0000000 1.0000 0.7210791 0.7211 0.9476629 3.1132
 | 10.8426 59.1356 -59.1356 0.0000000 CCCCCN(C=CC(C)=CC(O)=C1C(=O)N(CC)C(=O)N(CC)C1=O)CCCC 1 C=C1C(=O)NC(=O)NC1=O 1.0000000 1.0000 0.1588433 0.1588 0.9346634 3.2668
 | 8.6491 52.0868 -52.0868 0.0000000 CN(C=CC=CC(O)=C1C(=O)NNC1=O)CCCN=[N+]=[N-] 1 C=C1C(=O)NNC1=O 1.0000000 1.0000 0.7323119 0.7323 0.8372719 3.9329
 | 17.2167 40.4728 -40.4563 0.0001287 CC(C=CC=C(O)N1CCOCC1)=C1C(=O)OC(C)(C)OC1=O 1 O=C1OCOC(=O)C1=CC=CC=CN1CCOCC1 0.0000000 0.0000 0.5997601 0.5998 0.9215083 3.3955
 | 15.6709 21.0860 -21.0690 0.0001328 CC(=O)Nc1cccc(N2CCN(C)CC2)c1 1 c1ccc(N2CCNCC2)cc1 0.0000000 0.0000 0.6303309 0.6303 0.9937178 1.7013
01:51:15 <INFO> Sampled SMILES C(OC(=C(C=CN(CCO)CCO)=COC)C=CN(CCO)CCO)=C failed to sanitize.
01:51:16 <INFO> Score: 0.07 Agent NLL: 11.42 Valid:  99% Step: 22
 | Agent Prior Target Score SMILES SMILES_state Scaffold DASA DASA (raw) Solubility Solubility (raw) SA SA (raw)
 | 8.3397 46.6784 -46.6784 0.0000000 CC(=CC=CC(O)=C1C(=O)OC(C)(C)OC1=O)N(CCO)CCO 1 C=C1C(=O)OCOC1=O 1.0000000 1.0000 0.7240611 0.7241 0.9098133 3.4943
 | 12.6461 29.0509 -29.0337 0.0001343 CC(C=CN(C)C)=C1C(=O)OC(C)(C)OC1=O 1 C=C1C(=O)OCOC1=O 0.0000000 0.0000 0.6768289 0.6768 0.9311401 3.3034
 | 10.2761 52.0742 -52.0742 0.0000000 CCCN(C=CC=CC(O)=C1C(=O)NNC1=O)CCC 1 C=C1C(=O)NNC1=O 1.0000000 1.0000 0.6926985 0.6927 0.8996592 3.5711
 | 15.1789 36.1562 -36.1399 0.0001279 O=C1NNC(=O)C1=C(O)C=Cc1ccc(Br)cc1 1 O=C1NNC(=O)C1=CC=Cc1ccccc1 0.0000000 0.0000 0.5720659 0.5721 0.9673486 2.7925
 | 17.0620 68.2318 -68.2251 0.0000516 CC(C=CN1CCCCCC1)=CC(O)=C1CCN(c2ccccc2)N=C1C(F)(F)F 1 C(=CC=C1C=NN(c2ccccc2)CC1)C=CN1CCCCCC1 0.0000000 0.0000 0.0385230 0.0385 0.9267033 3.3472
 | 15.3916 35.6137 -35.5956 0.0001414 CC(C=CN(C)CCO)=CC(=O)N1CCN(C)CC1 1 C1CNCCN1 0.0000000 0.0000 0.7772189 0.7772 0.9583622 2.9569
 | 7.6718 41.8559 -41.8559 0.0000000 CCCCN(C=CC=CC(O)=C1C(=O)c2ccccc2C1=O)CCCC 1 C=C1C(=O)c2ccccc2C1=O 1.0000000 1.0000 0.1142416 0.1142 0.9607533 2.9168
 | 7.0860 42.3848 -42.3848 0.0000000 CN1CCN(C=CC=CC(O)=C2C(=O)NC(=O)NC2=O)CC1 1 O=C1NC(=O)C(=CC=CC=CN2CCNCC2)C(=O)N1 1.0000000 1.0000 0.7876139 0.7876 0.9419320 3.1849
 | 8.8991 45.3824 -45.3824 0.0000000 CC(C=CN1CCCC1)=CC(O)=C1C(=O)NC(=O)NC1=O 1 O=C1NC(=O)C(=CC=CC=CN2CCCC2)C(=O)N1 1.0000000 1.0000 0.6986422 0.6986 0.9305038 3.3099
 | 11.5232 28.6024 -28.5862 0.0001266 CN(C)C=CC(O)=C1C(=O)c2ccccc2C1=O 1 C=C1C(=O)c2ccccc2C1=O 0.0000000 0.0000 0.5516040 0.5516 0.9752120 2.6077
01:51:16 <INFO> Sampled SMILES CC(c1c2ccccc2c(=O)[nH]1)=CC(=C1C(=O)NNC1=O)O failed to sanitize.
01:51:16 <INFO> Sampled SMILES c1ccc2c1c(NC(=O)C)cn2CCOC failed to sanitize.
01:51:16 <INFO> Score: 0.06 Agent NLL: 12.80 Valid:  98% Step: 23
 | Agent Prior Target Score SMILES SMILES_state Scaffold DASA DASA (raw) Solubility Solubility (raw) SA SA (raw)
 | 22.6562 34.5749 -34.5577 0.0001347 CCOC(=O)C1C(=N)N(CC(C)O)C(=S)N=C1C 1 N=C1CC=NC(=S)N1 0.0000000 0.0000 0.7318964 0.7319 0.8244796 3.9922
 | 26.9492 30.3097 -30.2925 0.0001342 C=C1CC(=NCC(C)N(C)C)N(C)C1=O 1 C=C1CC(=N)NC1=O 0.0000000 0.0000 0.7499946 0.7500 0.7749898 4.1944
 | 7.2640 52.1633 -52.1633 0.0000000 O=C1ON=C(C(F)(F)F)C1=C(O)C=CC=CN1CCOCC1 1 O=C1ON=CC1=CC=CC=CN1CCOCC1 1.0000000 1.0000 0.5722468 0.5722 0.8891185 3.6438
 | 8.7266 43.1441 -43.1441 0.0000000 O=C1NC(=O)C(=C(O)C=CC=CN2CCCc3ccccc32)C(=O)N1 1 O=C1NC(=O)C(=CC=CC=CN2CCCc3ccccc32)C(=O)N1 1.0000000 1.0000 0.5346638 0.5347 0.9510214 3.0677
 | 9.1992 40.8863 -40.8863 0.0000000 CC(=CC=CC(O)=C1C(=O)NC(=S)NC1=O)N(C)CCO 1 C=C1C(=O)NC(=S)NC1=O 1.0000000 1.0000 0.7815732 0.7816 0.9116606 3.4795
 | 7.7928 61.2435 -61.2435 0.0000000 CC1=NOC(=O)C1=C(O)C=CC=CN(C)CCCN=[N+]=[N-] 1 C=C1C=NOC1=O 1.0000000 1.0000 0.5063894 0.5064 0.8228860 3.9994
 | 7.4601 43.1829 -43.1829 0.0000000 CC(=CC=CC(O)=C1C(=O)NC(=S)NC1=O)N(C)C 1 C=C1C(=O)NC(=S)NC1=O 1.0000000 1.0000 0.7383605 0.7384 0.9168882 3.4360
 | 20.9294 40.8269 -40.8131 0.0001074 CC(=CC=CC(O)=CC=CN1CCOCC1)N1CCCCC1 1 C(C=CC=CN1CCOCC1)=CC=CN1CCCCC1 0.0000000 0.0000 0.3468626 0.3469 0.9280784 3.3339
 | 10.1595 42.6157 -42.6157 0.0000000 CN1C(=O)C(=C(O)C=C(O)C=CN(CCO)CCO)C(=O)N(C)C1=O 1 C=C1C(=O)NC(=O)NC1=O 1.0000000 1.0000 0.8090341 0.8090 0.8971660 3.5889
 | 7.8664 42.4458 -42.4458 0.0000000 CC(=CC=CC(O)=C1C(=O)N(C)C(=O)N(C)C1=O)N1CCSCC1 1 O=C1NC(=O)C(=CC=CC=CN2CCSCC2)C(=O)N1 1.0000000 1.0000 0.5872793 0.5873 0.9288361 3.3265
01:51:17 <INFO> Sampled SMILES c1cnc2c(c1)C(=O)C(=O)=C(Cl)C2=O failed to sanitize.
01:51:17 <INFO> Score: 0.10 Agent NLL: 12.04 Valid:  99% Step: 24
 | Agent Prior Target Score SMILES SMILES_state Scaffold DASA DASA (raw) Solubility Solubility (raw) SA SA (raw)
 | 8.2611 48.2987 -48.2987 0.0000000 CC(C=CN(C)c1ccccc1)=CC(O)=C1C(=O)NC(=O)NC1=O 1 O=C1NC(=O)C(=CC=CC=CNc2ccccc2)C(=O)N1 1.0000000 1.0000 0.5406118 0.5406 0.9485500 3.1015
 | 11.8968 70.0850 -70.0683 0.0001306 CC(=CC=CC(O)=CC(O)=C1C(=O)N(C)C(=S)N(C)C1=O)N(C)CCO 1 C=C1C(=O)NC(=S)NC1=O 0.0000000 0.0000 0.6449361 0.6449 0.8747877 3.7336
 | 7.6597 51.3756 -51.3756 0.0000000 CC1=NOC(=O)C1=C(O)C=CC=CN1CCN(C)CC1 1 O=C1ON=CC1=CC=CC=CN1CCNCC1 1.0000000 1.0000 0.6756653 0.6757 0.9049087 3.5323
 | 10.3819 50.9170 43.0749 0.7343120 CC1=NN(c2ccccc2)C(=O)C1=C(O)C=CC=CN1CCOCC1 1 O=C1C(=CC=CC=CN2CCOCC2)C=NN1c1ccccc1 1.0000000 1.0000 0.4058445 0.4058 0.9577318 2.9672
 | 22.0053 42.0932 -42.0755 0.0001380 CC(C=CN(C)CCO)=CC(O)=[N+](C)[O-] 1  0.0000000 0.0000 0.7840469 0.7840 0.8308052 3.9633
 | 19.0323 27.7768 -27.7768 0.0000000 c1cnc2c(c1)C(=O)C(=O)=C(Cl)C2=O 0 -- 0.0000000 0.0000 0.0000000 0.0000 0.0000000 0.0000
 | 9.1002 52.9185 -52.9185 0.0000000 CCCN(C=CC(C)=CC(O)=C1C(=O)NC(=O)NC1=O)CCC 1 C=C1C(=O)NC(=O)NC1=O 1.0000000 1.0000 0.5909939 0.5910 0.9227225 3.3845
 | 17.9759 37.2197 -37.2074 0.0000966 CC(=CC=CN(C)c1ccccc1)CC=CN1CCN(C)CC1 1 C(C=CNc1ccccc1)=CCC=CN1CCNCC1 0.0000000 0.0000 0.2491671 0.2492 0.9467580 3.1250
 | 8.6062 28.7912 -28.7912 0.0000000 CN(C)C=CC=CC(O)=C1C(=O)c2ccccc2C1=O 1 C=C1C(=O)c2ccccc2C1=O 1.0000000 1.0000 0.4573009 0.4573 0.9671258 2.7971
 | 9.6527 45.3368 -45.3368 0.0000000 O=C1NC(=S)NC(=O)C1=C(O)C=CC=CN1CCCC1 1 O=C1NC(=S)NC(=O)C1=CC=CC=CN1CCCC1 1.0000000 1.0000 0.7178530 0.7179 0.9303361 3.3116
01:51:18 <INFO> Score: 0.07 Agent NLL: 10.80 Valid: 100% Step: 25
 | Agent Prior Target Score SMILES SMILES_state Scaffold DASA DASA (raw) Solubility Solubility (raw) SA SA (raw)
 | 6.0454 47.7183 -47.7183 0.0000000 O=C1NNC(=O)C1=C(O)C=CC=CN1CCOCC1 1 O=C1NNC(=O)C1=CC=CC=CN1CCOCC1 1.0000000 1.0000 0.8189622 0.8190 0.9055154 3.5277
 | 9.5799 47.7586 -47.7586 0.0000000 CCCN(C=CC=CC(O)=C1C(=O)ON=C1C(F)(F)F)CCC 1 C=C1C=NOC1=O 1.0000000 1.0000 0.3013422 0.3013 0.8825803 3.6860
 | 7.6942 46.4091 -46.4091 0.0000000 CC(=CC=CC(O)=C1C(=O)NC(=O)NC1=O)N1CCSCC1 1 O=C1NC(=O)C(=CC=CC=CN2CCSCC2)C(=O)N1 1.0000000 1.0000 0.6803639 0.6804 0.9277008 3.3376
 | 12.7661 47.6980 51.9400 0.7784216 CC(C=CN(C)CCO)=CC(O)=C1C(=O)Nc2ccccc21 1 C=C1C(=O)Nc2ccccc21 1.0000000 1.0000 0.4881099 0.4881 0.9418297 3.1861
 | 8.3250 49.9433 -49.9433 0.0000000 CC(=CC=CC(O)=C1C(=O)NNC1=O)N(C)c1ccccc1 1 O=C1NNC(=O)C1=CC=CC=CNc1ccccc1 1.0000000 1.0000 0.5854298 0.5854 0.9352775 3.2602
 | 7.5374 41.3143 -41.3143 0.0000000 CN(C=CC=CC(O)=C1C(=O)NC(=O)NC1=O)c1ccccc1 1 O=C1NC(=O)C(=CC=CC=CNc2ccccc2)C(=O)N1 1.0000000 1.0000 0.5987592 0.5988 0.9557477 2.9984
 | 17.9802 20.6830 -20.6670 0.0001251 CN(C)CCC1(c2ccccc2)CCC(=O)O1 1 O=C1CCC(c2ccccc2)O1 0.0000000 0.0000 0.5387269 0.5387 0.9563520 2.9890
 | 12.3145 56.9930 -56.9930 0.0000000 CC(=CC=CC(O)=C1C(=O)N(C)C(=S)N(C)C1=O)N1CCc2ccccc21 1 O=C1NC(=S)NC(=O)C1=CC=CC=CN1CCc2ccccc21 1.0000000 1.0000 0.3869531 0.3870 0.9440712 3.1589
 | 8.9087 53.9269 -53.9269 0.0000000 CC(C=CN(C)C)=CC(O)=C1C(=O)ON=C1C 1 C=C1C=NOC1=O 1.0000000 1.0000 0.6197402 0.6197 0.8694247 3.7649
 | 9.4782 43.7383 -43.7383 0.0000000 CC1(C)OC(=O)C(=C(O)C=CC=CN2CCCc3ccccc32)C(=O)O1 1 O=C1OCOC(=O)C1=CC=CC=CN1CCCc2ccccc21 1.0000000 1.0000 0.3063015 0.3063 0.9407288 3.1991
01:51:18 <INFO> Score: 0.09 Agent NLL: 11.21 Valid: 100% Step: 26
 | Agent Prior Target Score SMILES SMILES_state Scaffold DASA DASA (raw) Solubility Solubility (raw) SA SA (raw)
 | 15.2367 62.5200 41.1310 0.8097737 CC(=CC=CC(O)=C1C(=O)C(C)(O)C(=O)C1=C(C)C=CN(C)C)N(CCO)CCO 1 C=C1C(=C)C(=O)CC1=O 1.0000000 1.0000 0.6396587 0.6397 0.7219380 4.3785
 | 6.7457 34.4933 -34.4933 0.0000000 CN(C)C=CC=CC(O)=C1C(=O)OC(C)(C)OC1=O 1 C=C1C(=O)OCOC1=O 1.0000000 1.0000 0.6589171 0.6589 0.9244858 3.3682
 | 10.6064 43.9731 -43.9731 0.0000000 CN(C=CC=CC(O)=C1C(=O)OC(C)(C)OC1=O)c1ccccc1 1 O=C1OCOC(=O)C1=CC=CC=CNc1ccccc1 1.0000000 1.0000 0.3757837 0.3758 0.9455656 3.1403
 | 11.4122 17.1021 -17.0840 0.0001420 CCN1CCCC1 1 C1CCNC1 0.0000000 0.0000 0.7700108 0.7700 0.9948145 1.5756
 | 9.4420 43.3293 -43.3293 0.0000000 CN1CCN(C=CC=CC(O)=C2C(=O)NC(=S)NC2=O)CC1 1 O=C1NC(=S)NC(=O)C1=CC=CC=CN1CCNCC1 1.0000000 1.0000 0.7660862 0.7661 0.9327222 3.2872
 | 10.0671 44.0047 -44.0047 0.0000000 CN1CCN(C=CC=CC(O)=C2C(=O)OC(C)(C)OC2=O)CC1 1 O=C1OCOC(=O)C1=CC=CC=CN1CCNCC1 1.0000000 1.0000 0.6534698 0.6535 0.9289870 3.3250
 | 11.4519 39.9661 -39.9661 0.0000000 CCN(C=CC=CC(O)=C1C(=O)OC(C)(C)OC1=O)c1ccccc1 1 O=C1OCOC(=O)C1=CC=CC=CNc1ccccc1 1.0000000 1.0000 0.3106805 0.3107 0.9404039 3.2029
 | 9.6632 58.1897 -58.1897 0.0000000 CC(=CC=CC(O)=C1C(=O)NNC1=O)N1CCCc2ccccc21 1 O=C1NNC(=O)C1=CC=CC=CN1CCCc2ccccc21 1.0000000 1.0000 0.5194204 0.5194 0.9374940 3.2359
 | 18.7692 58.9103 22.9873 0.6398245 CC(=CC=CC(O)=C1C(=O)OC(C)(C)OC1=O)N1CCCC(=C(F)F)C1 1 C=C1CCCN(C=CC=CC=C2C(=O)OCOC2=O)C1 1.0000000 1.0000 0.2842759 0.2843 0.8665116 3.7815
 | 10.1985 55.4884 -55.4884 0.0000000 CC(C=CN1CCCCC1)=CC(O)=C1C(=O)N(c2ccccc2)N=C1C 1 O=C1C(=CC=CC=CN2CCCCC2)C=NN1c1ccccc1 1.0000000 1.0000 0.1706496 0.1706 0.9552407 3.0062
01:51:19 <INFO> Sampled SMILES c1cc2c(cccc2)c1C=CC(=C(C=CN(C)CCO)O)O failed to sanitize.
01:51:19 <INFO> Score: 0.09 Agent NLL: 11.33 Valid:  99% Step: 27
 | Agent Prior Target Score SMILES SMILES_state Scaffold DASA DASA (raw) Solubility Solubility (raw) SA SA (raw)
 | 10.8184 42.6157 -42.6157 0.0000000 CN1C(=O)C(=C(O)C=C(O)C=CN(CCO)CCO)C(=O)N(C)C1=O 1 C=C1C(=O)NC(=O)NC1=O 1.0000000 1.0000 0.8090341 0.8090 0.8971660 3.5889
 | 5.6077 54.9218 -54.9218 0.0000000 CC(=CC=CC(O)=C1C(=O)N(C)C(=S)N(C)C1=O)N(C)CCO 1 C=C1C(=O)NC(=S)NC1=O 1.0000000 1.0000 0.7092400 0.7092 0.9133925 3.4653
 | 7.4174 52.1696 -52.1696 0.0000000 CC(C=CN1CCc2ccccc21)=CC(O)=C1C(=O)OC(C)(C)OC1=O 1 O=C1OCOC(=O)C1=CC=CC=CN1CCc2ccccc21 1.0000000 1.0000 0.3063015 0.3063 0.9285234 3.3296
 | 9.6918 41.7071 -41.7071 0.0000000 CN(C)C=CC=CC(O)=C1C(=O)N(c2ccccc2)N=C1C(F)(F)F 1 C=C1C=NN(c2ccccc2)C1=O 1.0000000 1.0000 0.2759499 0.2759 0.9549851 3.0100
 | 8.0540 51.1616 -51.1616 0.0000000 CC(C=CN1CCOCC1)=CC(O)=C1C(=O)ON=C1C 1 O=C1ON=CC1=CC=CC=CN1CCOCC1 1.0000000 1.0000 0.6203996 0.6204 0.8809494 3.6962
 | 12.6282 48.0591 -48.0591 0.0000000 CCCN(CC)C(C)=CC=CC(O)=C1C(=O)NC(=O)NC1=O 1 C=C1C(=O)NC(=O)NC1=O 1.0000000 1.0000 0.6427243 0.6427 0.9364886 3.2470
 | 9.6486 47.0965 -47.0965 0.0000000 CCN(C=CC(C)=CC(O)=C1C(=O)OC(C)(C)OC1=O)CC 1 C=C1C(=O)OCOC1=O 1.0000000 1.0000 0.4803474 0.4803 0.9017747 3.5557
 | 6.3017 41.9527 -41.9527 0.0000000 CC(=CC=CC(O)=C1C(=O)NC(=O)NC1=O)N(C)C 1 C=C1C(=O)NC(=O)NC1=O 1.0000000 1.0000 0.7621180 0.7621 0.9303701 3.3112
 | 9.1307 51.4184 -51.4184 0.0000000 CN1C(=O)C(=C(O)C=CC=CN2CCCCC2)C(=O)N(C)C1=S 1 O=C1NC(=S)NC(=O)C1=CC=CC=CN1CCCCC1 1.0000000 1.0000 0.5733669 0.5734 0.9355398 3.2573
 | 12.2557 48.5191 68.1994 0.9118631 CC(C)N1C(=O)C(=O)C(=C(O)C=CC=CN(CCO)CCO)C1=O 1 C=C1C(=O)NC(=O)C1=O 1.0000000 1.0000 0.7989190 0.7989 0.9125375 3.4724
01:51:20 <INFO> Score: 0.09 Agent NLL: 11.63 Valid: 100% Step: 28
 | Agent Prior Target Score SMILES SMILES_state Scaffold DASA DASA (raw) Solubility Solubility (raw) SA SA (raw)
 | 17.6703 37.4637 -37.4485 0.0001186 CC(=CC=CC(=O)NCCCN=[N+]=[N-])N1CCCCC1 1 C1CCNCC1 0.0000000 0.0000 0.4593523 0.4594 0.9553453 3.0046
 | 14.4779 56.2247 -56.2247 0.0000000 CC(=CC=CC(O)=C1C(=O)N(c2ccccc2)N=C1C(F)(F)F)N(C)CCO 1 C=C1C=NN(c2ccccc2)C1=O 1.0000000 1.0000 0.3047430 0.3047 0.9406895 3.1995
 | 15.3153 41.5321 -41.5160 0.0001258 CC(C=Cc1ccccc1)=CC(O)=C1C(=O)NC(=O)NC1=O 1 O=C1NC(=O)C(=CC=CC=Cc2ccccc2)C(=O)N1 0.0000000 0.0000 0.5433748 0.5434 0.9704026 2.7265
 | 9.7434 51.7282 -51.7282 0.0000000 O=C1ON=C(C(F)(F)F)C1=C(O)C=CC=CN1CCCC1 1 O=C1ON=CC1=CC=CC=CN1CCCC1 1.0000000 1.0000 0.4706469 0.4706 0.8905462 3.6344
 | 7.9668 47.3287 -47.3287 0.0000000 O=C1NNC(=O)C1=C(O)C=CC=CN1CCCCC1 1 O=C1NNC(=O)C1=CC=CC=CN1CCCCC1 1.0000000 1.0000 0.7363049 0.7363 0.9165536 3.4389
 | 10.8810 47.3276 -47.3276 0.0000000 CC(=CC=CC(O)=C1C(=O)NC(=O)NC1=O)N1CCc2ccccc21 1 O=C1NC(=O)C(=CC=CC=CN2CCc3ccccc32)C(=O)N1 1.0000000 1.0000 0.5346638 0.5347 0.9527556 3.0431
 | 12.9069 56.0350 16.9682 0.5703381 O=C1C(=C(O)C=CC=C(O)N2CCc3ccccc32)C(=O)c2ccccc21 1 O=C1C(=CC=CC=CN2CCc3ccccc32)C(=O)c2ccccc21 1.0000000 1.0000 0.1893014 0.1893 0.9653298 2.8329
 | 12.6709 28.4922 -28.4740 0.0001423 CC(C=CN(C)CCO)=CC(=O)O 1  0.0000000 0.0000 0.8013954 0.8014 0.9398890 3.2088
 | 11.5602 42.6103 64.9104 0.8400058 CC(O)C1C(=O)N2C(C(=O)O)C(=C(O)C=CC=CN(C)C)C(=O)C12 1 C=C1CN2C(=O)CC2C1=O 1.0000000 1.0000 0.7688180 0.7688 0.6342943 4.6413
 | 8.6397 55.6592 -55.6592 0.0000000 CC(=CC=CC(O)=C1C(=O)NNC1=O)N1CCCc2ccccc21 1 O=C1NNC(=O)C1=CC=CC=CN1CCCc2ccccc21 1.0000000 1.0000 0.5194204 0.5194 0.9374940 3.2359
01:51:21 <INFO> Sampled SMILES C1(=C2C=C(OC)C(=C)OC=2)C(=O)N(C)C(=S)N(C)C1=O failed to sanitize.
01:51:21 <INFO> Score: 0.09 Agent NLL: 11.41 Valid:  99% Step: 29
 | Agent Prior Target Score SMILES SMILES_state Scaffold DASA DASA (raw) Solubility Solubility (raw) SA SA (raw)
 | 7.3501 39.3305 -39.3305 0.0000000 CN(C)C=CC=CC(O)=C1C(=O)NC(=S)NC1=O 1 C=C1C(=O)NC(=S)NC1=O 1.0000000 1.0000 0.7778389 0.7778 0.9278829 3.3358
 | 17.2505 56.1722 -56.1722 0.0000000 CCN(C)C(C)=CC=CC(O)=C1C(=O)NC(=S)NC1=O 1 C=C1C(=O)NC(=S)NC1=O 1.0000000 1.0000 0.7012540 0.7013 0.9138509 3.4616
 | 10.2022 49.8266 -3.3861 0.3628161 CCCCCCCCN(C=CC=CC(O)=C1C(=O)OC(C)(C)OC1=O)CCCCCC 1 C=C1C(=O)OCOC1=O 1.0000000 1.0000 0.0494757 0.0495 0.9400869 3.2065
 | 9.3240 49.2982 -49.2982 0.0000000 CCCCN(C=CC=CC(O)=C1C(=O)NC(=O)NC1=O)CCC 1 C=C1C(=O)NC(=O)NC1=O 1.0000000 1.0000 0.5984839 0.5985 0.9380185 3.2301
 | 8.2014 43.5288 -43.5288 0.0000000 CC(C=CN1CCOCC1)=CC(O)=C1C(=O)OC(C)(C)OC1=O 1 O=C1OCOC(=O)C1=CC=CC=CN1CCOCC1 1.0000000 1.0000 0.5997601 0.5998 0.9127462 3.4707
 | 8.7189 48.2519 -48.2519 0.0000000 CC(C=CN1CCN(C)CC1)=CC(O)=C1C(=O)Nc2ccccc21 1 O=C1Nc2ccccc2C1=CC=CC=CN1CCNCC1 1.0000000 1.0000 0.4084602 0.4085 0.9531408 3.0375
 | 10.3529 53.0682 -53.0682 0.0000000 CC(=CC=CC(O)=C1C(=O)Nc2ccccc21)N1CCCc2ccccc21 1 O=C1Nc2ccccc2C1=CC=CC=CN1CCCc2ccccc21 1.0000000 1.0000 0.0984299 0.0984 0.9647752 2.8436
 | 18.4665 43.6987 -43.6817 0.0001323 CN1CCCC(C=CC=CC(O)=C2C(=O)NC(=S)NC2=O)C1 1 O=C1NC(=S)NC(=O)C1=CC=CC=CC1CCCNC1 0.0000000 0.0000 0.6711260 0.6711 0.8723347 3.7481
 | 7.8589 44.7545 66.5853 0.8698427 CCN1C(=O)C(=C(O)C=CC=CN2CCN(C)CC2)C(=O)N(C)C1=O 1 O=C1NC(=O)C(=CC=CC=CN2CCNCC2)C(=O)N1 1.0000000 1.0000 0.6809672 0.6810 0.9420911 3.1830
 | 11.6519 41.3330 -41.3152 0.0001387 CCCC(C)=CC(O)=C1C(=O)NNC1=O 1 C=C1C(=O)NNC1=O 0.0000000 0.0000 0.7536458 0.7536 0.9148245 3.4535
01:51:21 <INFO> Score: 0.11 Agent NLL: 11.24 Valid: 100% Step: 30
 | Agent Prior Target Score SMILES SMILES_state Scaffold DASA DASA (raw) Solubility Solubility (raw) SA SA (raw)
 | 13.2041 61.2428 -6.7236 0.4259308 CC(=CC=CC(O)=C1C(=O)N(c2ccccc2)N=C1C(F)F)N(C)c1ccccc1 1 O=C1C(=CC=CC=CNc2ccccc2)C=NN1c1ccccc1 1.0000000 1.0000 0.0797329 0.0797 0.9465936 3.1271
 | 13.0290 49.2223 68.2119 0.9174547 O=C1CCN(C=CC=CC(O)=C2C(=O)NC(=O)NC2=O)N1 1 O=C1CCN(C=CC=CC=C2C(=O)NC(=O)NC2=O)N1 1.0000000 1.0000 0.8274571 0.8275 0.8861653 3.6631
 | 10.6517 43.1519 74.5278 0.9193728 O=C1NC(=O)C(=C(O)C=CC=CN2CCOCC2)C1=O 1 O=C1NC(=O)C(=CC=CC=CN2CCOCC2)C1=O 1.0000000 1.0000 0.8077246 0.8077 0.9345885 3.2676
 | 10.4957 47.5585 -47.5585 0.0000000 CC(=CC=CC(O)=C1C(=O)OC(C)(C)OC1=O)N1CCCCCC1 1 O=C1OCOC(=O)C1=CC=CC=CN1CCCCCC1 1.0000000 1.0000 0.3616997 0.3617 0.9448769 3.1489
 | 9.1110 43.2596 -43.2596 0.0000000 CC(=CC=CC(O)=C1C(=O)NNC1=O)N(C)C 1 C=C1C(=O)NNC1=O 1.0000000 1.0000 0.7943523 0.7944 0.8807704 3.6973
 | 9.3998 46.7583 -46.7583 0.0000000 CC(=CC=CC(O)=C1C(=O)OC(C)(C)OC1=O)N1CCCC1 1 O=C1OCOC(=O)C1=CC=CC=CN1CCCC1 1.0000000 1.0000 0.5067663 0.5068 0.9378146 3.2324
 | 7.3701 49.7163 -49.7163 0.0000000 O=C1NNC(=O)C1=C(O)C=CC=CN1CCCCCC1 1 O=C1NNC(=O)C1=CC=CC=CN1CCCCCC1 1.0000000 1.0000 0.6903651 0.6904 0.9243407 3.3695
 | 8.6288 51.7093 -51.7093 0.0000000 CN1CCN(C=CC=CC(O)=C2C(=O)NNC2=O)CC1 1 O=C1NNC(=O)C1=CC=CC=CN1CCNCC1 1.0000000 1.0000 0.8169676 0.8170 0.9136221 3.4635
 | 17.3606 46.7057 -46.6912 0.0001129 OC(C=CC=CN1CCSCC1)=C1C=NCCC1 1 C(=CC=C1C=NCCC1)C=CN1CCSCC1 0.0000000 0.0000 0.4356102 0.4356 0.8094475 4.0577
 | 7.6798 51.2049 -51.2049 0.0000000 CCCN(C=CC(C)=CC(O)=C1C(=O)NNC1=O)CCC 1 C=C1C(=O)NNC1=O 1.0000000 1.0000 0.6374843 0.6375 0.8848644 3.6715
01:51:22 <INFO> Score: 0.11 Agent NLL: 11.39 Valid: 100% Step: 31
 | Agent Prior Target Score SMILES SMILES_state Scaffold DASA DASA (raw) Solubility Solubility (raw) SA SA (raw)
 | 8.2266 50.9170 -50.9170 0.0000000 CC1=NN(c2ccccc2)C(=O)C1=C(O)C=CC=CN1CCOCC1 1 O=C1C(=CC=CC=CN2CCOCC2)C=NN1c1ccccc1 1.0000000 1.0000 0.4058445 0.4058 0.9577318 2.9672
 | 11.2842 49.9854 -49.9854 0.0000000 CC1=NN(c2ccccc2)C(=O)C1=C(O)C=CC=CN1CCCCC1 1 O=C1C(=CC=CC=CN2CCCCC2)C=NN1c1ccccc1 1.0000000 1.0000 0.2253495 0.2253 0.9616831 2.9005
 | 10.3315 45.9125 -45.9125 0.0000000 CC(C=CN1CCOCC1)=CC(O)=C1C(=O)Nc2ccccc21 1 O=C1Nc2ccccc2C1=CC=CC=CN1CCOCC1 1.0000000 1.0000 0.4018953 0.4019 0.9510529 3.0673
 | 16.6156 44.6434 -44.6434 0.0000000 CC(=CC=CC(O)=C1C(=O)N(c2ccccc2)N=C1C)N1CCc2ccccc21 1 O=C1C(=CC=CC=CN2CCc3ccccc32)C=NN1c1ccccc1 1.0000000 1.0000 0.1018480 0.1018 0.9626732 2.8828
 | 10.1213 44.5829 -44.5829 0.0000000 CN1C(=O)C(=C(O)C=CC=CN2CCOCC2)C(=O)N(C)C1=S 1 O=C1NC(=S)NC(=O)C1=CC=CC=CN1CCOCC1 1.0000000 1.0000 0.6939978 0.6940 0.9281229 3.3335
 | 9.1758 59.9154 -59.9154 0.0000000 CC(=CC=CC(O)=C1C(=O)NNC1=O)N(C)CCCN=[N+]=[N-] 1 C=C1C(=O)NNC1=O 1.0000000 1.0000 0.6848125 0.6848 0.8400648 3.9194
 | 8.5761 47.9677 50.7135 0.7709467 O=C1NC(=O)C(=C(O)C=CC=CN2CCCc3ccccc32)C(=O)O1 1 O=C1NC(=O)C(=CC=CC=CN2CCCc3ccccc32)C(=O)O1 1.0000000 1.0000 0.4758856 0.4759 0.9359408 3.2530
 | 20.5610 22.3108 -22.2943 0.0001295 CC(=O)OC1(C)C(=O)C=C2OC=C(C)C=C2C1=O 1 O=C1C=C2OC=CC=C2C(=O)C1 0.0000000 0.0000 0.6642898 0.6643 0.7933251 4.1238
 | 14.1932 54.8005 45.4159 0.7829407 CC(C)CN1C(=O)C(=C(O)C=CC=CN(C)C)C(=O)OC1(C)C 1 C=C1C(=O)NCOC1=O 1.0000000 1.0000 0.5083620 0.5084 0.9042190 3.5375
 | 12.9753 45.9970 -45.9970 0.0000000 CCN(C(C)=CC=CC(O)=C1C(=O)N(C)C(=O)N(C)C1=O)c1ccccc1 1 O=C1NC(=O)C(=CC=CC=CNc2ccccc2)C(=O)N1 1.0000000 1.0000 0.3616952 0.3617 0.9538401 3.0272
01:51:23 <INFO> Score: 0.10 Agent NLL: 11.74 Valid: 100% Step: 32
 | Agent Prior Target Score SMILES SMILES_state Scaffold DASA DASA (raw) Solubility Solubility (raw) SA SA (raw)
 | 10.0560 46.2693 -46.2693 0.0000000 CC(C=CN(C)CCO)=CC(O)=C1C(=O)c2ccccc2C1=O 1 C=C1C(=O)c2ccccc2C1=O 1.0000000 1.0000 0.4850301 0.4850 0.9468715 3.1236
 | 10.2676 52.7726 -15.2789 0.2929190 CCCCCCCCN(C=CC=CC(O)=C1C(=O)OC(C)(C)OC1=O)CCCCCCCC 1 C=C1C(=O)OCOC1=O 1.0000000 1.0000 0.0260210 0.0260 0.9410386 3.1954
 | 7.7112 50.7145 -50.7145 0.0000000 CC(C=CN1CCSCC1)=CC(O)=C1C(=O)Nc2ccccc21 1 O=C1Nc2ccccc2C1=CC=CC=CN1CCSCC1 1.0000000 1.0000 0.2770766 0.2771 0.9302268 3.3126
 | 11.3129 53.1868 -53.1868 0.0000000 CC(C=CN1CCCc2ccccc21)=CC(O)=C1C(=O)NNC1=O 1 O=C1NNC(=O)C1=CC=CC=CN1CCCc2ccccc21 1.0000000 1.0000 0.5194204 0.5194 0.9224154 3.3873
 | 7.8835 41.7170 -41.7170 0.0000000 O=C1NC(=S)NC(=O)C1=C(O)C=CC=CN1CCCCCC1 1 O=C1NC(=S)NC(=O)C1=CC=CC=CN1CCCCCC1 1.0000000 1.0000 0.6189719 0.6190 0.9402537 3.2046
 | 5.7476 41.2173 -41.2173 0.0000000 CC1(C)OC(=O)C(=C(O)C=CC=CN(CCO)CCO)C(=O)O1 1 C=C1C(=O)OCOC1=O 1.0000000 1.0000 0.7647152 0.7647 0.9019492 3.5544
 | 8.6312 41.6347 -41.6347 0.0000000 CN(C)C=CC=CC(O)=C1C(=O)N(C)C(=O)N(C)C1=O 1 C=C1C(=O)NC(=O)NC1=O 1.0000000 1.0000 0.7286829 0.7287 0.9426464 3.1763
 | 7.8096 39.7596 -39.7596 0.0000000 CN1CCN(C=CC=CC(O)=C2C(=O)OC(C)(C)OC2=O)CC1 1 O=C1OCOC(=O)C1=CC=CC=CN1CCNCC1 1.0000000 1.0000 0.6534698 0.6535 0.9289870 3.3250
 | 13.2354 62.1439 41.2163 0.8075019 CC(=CC=CC(O)=C1C(=O)NC(=O)NC1=O)N1CC(C)C(C)(N(C)C)C1 1 O=C1NC(=O)C(=CC=CC=CN2CCCC2)C(=O)N1 1.0000000 1.0000 0.6374975 0.6375 0.7155931 4.3989
 | 20.1679 35.6295 -35.6170 0.0000973 COC(C(O)=Cc1ccccc1)=C1C(=O)Nc2ccccc21 1 O=C1Nc2ccccc2C1=CC=Cc1ccccc1 0.0000000 0.0000 0.2504507 0.2505 0.9766260 2.5685
01:51:23 <INFO> Score: 0.13 Agent NLL: 12.12 Valid: 100% Step: 33
 | Agent Prior Target Score SMILES SMILES_state Scaffold DASA DASA (raw) Solubility Solubility (raw) SA SA (raw)
 | 11.0330 59.7201 36.2061 0.7494237 CCCC(=CC=CC(O)=C1C(=O)N(C)C(=S)N(C)C1=O)N1CCSCC1 1 O=C1NC(=S)NC(=O)C1=CC=CC=CN1CCSCC1 1.0000000 1.0000 0.4446906 0.4447 0.9082751 3.5064
 | 6.7092 54.0349 -54.0349 0.0000000 CC(=CC=CC(O)=C1C(=O)NNC1=O)N(CCO)CCO 1 C=C1C(=O)NNC1=O 1.0000000 1.0000 0.8600734 0.8601 0.8889325 3.6451
 | 10.8273 48.6597 -48.6597 0.0000000 CN(C)C=CC=CC(O)=C1C(=O)ON=C1C(F)(F)F 1 C=C1C=NOC1=O 1.0000000 1.0000 0.5707058 0.5707 0.8800269 3.7019
 | 8.0834 46.7530 -46.7530 0.0000000 CN1CCN(C=CC=CC(O)=C2C(=O)NC(=O)OC2=O)CC1 1 O=C1NC(=O)C(=CC=CC=CN2CCNCC2)C(=O)O1 1.0000000 1.0000 0.7564450 0.7564 0.9209471 3.4005
 | 7.8096 51.1616 -51.1616 0.0000000 CC(C=CN1CCOCC1)=CC(O)=C1C(=O)ON=C1C 1 O=C1ON=CC1=CC=CC=CN1CCOCC1 1.0000000 1.0000 0.6203996 0.6204 0.8809494 3.6962
 | 20.7624 61.6243 -61.6169 0.0000571 CC(=CC=C(C)C(O)=CN(C)c1ccccc1)OC(C)=C(C)C=CN(C)C 1 c1ccccc1 0.0000000 0.0000 0.0540003 0.0540 0.8732032 3.7430
 | 13.2496 18.7639 -18.7454 0.0001440 CN1CCSCC1=O 1 O=C1CSCCN1 0.0000000 0.0000 0.8206844 0.8207 0.9601507 2.9271
 | 10.7198 42.6958 68.4639 0.8684347 CC1=NC(=O)N(C)C(=O)C1=C(O)C=CC=CN(C)CCO 1 C=C1C=NC(=O)NC1=O 1.0000000 1.0000 0.6999748 0.7000 0.8901761 3.6368
 | 8.3423 49.4986 -49.4986 0.0000000 CN(C=CC=CC(O)=C1C(=O)NNC1=O)c1ccccc1 1 O=C1NNC(=O)C1=CC=CC=CNc1ccccc1 1.0000000 1.0000 0.6405151 0.6405 0.9370338 3.2410
 | 9.5437 54.7151 -54.7151 0.0000000 CC(C=CN(CCO)CCO)=CC(O)=C1C(=O)NNC1=O 1 C=C1C(=O)NNC1=O 1.0000000 1.0000 0.8600734 0.8601 0.8593246 3.8211
01:51:24 <INFO> Score: 0.11 Agent NLL: 11.11 Valid: 100% Step: 34
 | Agent Prior Target Score SMILES SMILES_state Scaffold DASA DASA (raw) Solubility Solubility (raw) SA SA (raw)
 | 11.8804 52.5083 -52.5083 0.0000000 CCCCN(C=CC(C)=CC(O)=C1C(=O)Nc2ccccc21)CCCC 1 C=C1C(=O)Nc2ccccc21 1.0000000 1.0000 0.0827806 0.0828 0.9512780 3.0641
 | 10.6892 48.5163 -48.5163 0.0000000 CCCCN(C=CC=CC(O)=C1C(=O)OC(C)(C)OC1=O)CCCC 1 C=C1C(=O)OCOC1=O 1.0000000 1.0000 0.2789304 0.2789 0.9291323 3.3236
 | 10.0004 58.9485 -58.9485 0.0000000 CCCCCCCCN(C=CC=CC(O)=C1C(=O)NNC1=O)CCCCCCCC 1 C=C1C(=O)NNC1=O 1.0000000 1.0000 0.1064214 0.1064 0.9394501 3.2139
 | 7.3853 47.6662 -47.6662 0.0000000 CC1=NN(c2ccccc2)C(=O)C1=C(O)C=CC=CN1CCCC1 1 O=C1C(=CC=CC=CN2CCCC2)C=NN1c1ccccc1 1.0000000 1.0000 0.2895693 0.2896 0.9605371 2.9205
 | 6.9715 39.8789 -39.8789 0.0000000 CN(C)C=CC=CC(O)=C1C(=O)OC(C)(C)OC1=O 1 C=C1C(=O)OCOC1=O 1.0000000 1.0000 0.6589171 0.6589 0.9244858 3.3682
 | 6.4556 45.0959 -45.0959 0.0000000 CN1CCN(C=CC=CC(O)=C2C(=O)NC(=S)NC2=O)CC1 1 O=C1NC(=S)NC(=O)C1=CC=CC=CN1CCNCC1 1.0000000 1.0000 0.7660862 0.7661 0.9327222 3.2872
 | 8.8508 48.0311 -48.0311 0.0000000 CCN1C(=O)C(=C(O)C=CC=CN(C)C)C(=O)N(CC)C1=O 1 C=C1C(=O)NC(=O)NC1=O 1.0000000 1.0000 0.6462340 0.6462 0.9469898 3.1220
 | 11.4574 54.4649 -54.4649 0.0000000 O=C1ON=C(C(F)(F)F)C1=C(O)C=CC=CN1CCCc2ccccc21 1 O=C1ON=CC1=CC=CC=CN1CCCc2ccccc21 1.0000000 1.0000 0.2091942 0.2092 0.9178652 3.4276
 | 6.2422 48.8928 -48.8928 0.0000000 O=C1NNC(=O)C1=C(O)C=CC=CN1CCCC1 1 O=C1NNC(=O)C1=CC=CC=CN1CCCC1 1.0000000 1.0000 0.7767255 0.7767 0.9065220 3.5200
 | 25.1001 55.7293 42.4244 0.7668262 CC(C=CN1CCCN(C)c2ccccc21)=CC(O)=C1C(=O)NC(=O)NC1=O 1 O=C1NC(=O)C(=CC=CC=CN2CCCNc3ccccc32)C(=O)N1 1.0000000 1.0000 0.4687645 0.4688 0.9343042 3.2706
01:51:25 <INFO> Score: 0.10 Agent NLL: 11.26 Valid:  99% Step: 35
 | Agent Prior Target Score SMILES SMILES_state Scaffold DASA DASA (raw) Solubility Solubility (raw) SA SA (raw)
 | 9.1884 49.9231 -49.9231 0.0000000 CC(=CC=CC(O)=C1C(=O)N(c2ccccc2)N=C1C(F)(F)F)N(C)C 1 C=C1C=NN(c2ccccc2)C1=O 1.0000000 1.0000 0.2141870 0.2142 0.9481591 3.1067
 | 16.5378 53.8768 48.8463 0.8025243 CC(=O)N(Cc1ccccc1)C(C)=CC=CC(O)=C1C(=O)NC(=O)NC1=O 1 O=C1NC(=O)C(=CC=CC=CNCc2ccccc2)C(=O)N1 1.0000000 1.0000 0.5316339 0.5316 0.9518827 3.0556
 | 9.0615 55.9138 -55.9138 0.0000000 CN1CCN(C=CC=CC(O)=C2C(=O)ON=C2C(F)(F)F)CC1 1 O=C1ON=CC1=CC=CC=CN1CCNCC1 1.0000000 1.0000 0.5736972 0.5737 0.8970343 3.5898
 | 8.7653 53.2385 -53.2385 0.0000000 CC(C=CN(CCO)CCO)=CC(O)=C1C(=O)ON=C1C 1 C=C1C=NOC1=O 1.0000000 1.0000 0.7457688 0.7458 0.8462982 3.8887
 | 12.2271 50.7673 -50.7673 0.0000000 CC(=CC=CC(O)=C1C(=O)N(C)C(=O)N(C)C1=O)N(C)C 1 C=C1C(=O)NC(=O)NC1=O 1.0000000 1.0000 0.6826161 0.6826 0.9334298 3.2798
 | 9.5644 51.6799 47.3915 0.7739953 CC(C=CN1CCCC1)=CC(O)=C1C(=O)C(=O)C=C1C 1 O=C1C=CC(=CC=CC=CN2CCCC2)C1=O 1.0000000 1.0000 0.4872463 0.4872 0.9168881 3.4360
 | 12.1040 40.8917 -40.8917 0.0000000 CC1(C)OC(=O)C(=C(O)C=CC=CN2CCCc3ccccc32)C(=O)O1 1 O=C1OCOC(=O)C1=CC=CC=CN1CCCc2ccccc21 1.0000000 1.0000 0.3063015 0.3063 0.9407288 3.1991
 | 8.9784 35.3452 -35.3452 0.0000000 CC(=CC=CC(O)=C1C(=O)c2ccccc2C1=O)N1CCN(C)CC1 1 O=C1C(=CC=CC=CN2CCNCC2)C(=O)c2ccccc21 1.0000000 1.0000 0.4059554 0.4060 0.9665026 2.8097
 | 8.6392 42.1022 -42.1022 0.0000000 CN1C(=O)C(=C(O)C=CC=CN2CCCC2)C(=O)N(C)C1=O 1 O=C1NC(=O)C(=CC=CC=CN2CCCC2)C(=O)N1 1.0000000 1.0000 0.6592816 0.6593 0.9417220 3.1874
 | 14.0553 23.3431 -23.3266 0.0001289 CCCCN(C)CCCN=[N+]=[N-] 1  0.0000000 0.0000 0.5846524 0.5847 0.9709950 2.7129
01:51:25 <INFO> Score: 0.08 Agent NLL: 10.79 Valid: 100% Step: 36
 | Agent Prior Target Score SMILES SMILES_state Scaffold DASA DASA (raw) Solubility Solubility (raw) SA SA (raw)
 | 7.2847 54.8576 -54.8576 0.0000000 O=C1ON=C(C(F)(F)F)C1=C(O)C=CC=CN1CCOCC1 1 O=C1ON=CC1=CC=CC=CN1CCOCC1 1.0000000 1.0000 0.5722468 0.5722 0.8891185 3.6438
 | 6.8205 46.9681 -46.9681 0.0000000 O=C1C(=C(O)C=CC=CN2CCOCC2)C(C(F)(F)F)=NN1c1ccccc1 1 O=C1C(=CC=CC=CN2CCOCC2)C=NN1c1ccccc1 1.0000000 1.0000 0.2924515 0.2925 0.9479020 3.1101
 | 7.7940 45.2027 -45.2027 0.0000000 CC1(C)OC(=O)C(=C(O)C=CC=CN2CCc3ccccc32)C(=O)O1 1 O=C1OCOC(=O)C1=CC=CC=CN1CCc2ccccc21 1.0000000 1.0000 0.3752614 0.3753 0.9388143 3.2211
 | 5.4048 48.4696 -48.4696 0.0000000 CC(=CC=CC(O)=C1C(=O)NC(=S)NC1=O)N(C)CCO 1 C=C1C(=O)NC(=S)NC1=O 1.0000000 1.0000 0.7815732 0.7816 0.9116606 3.4795
 | 7.5651 51.8578 -51.8578 0.0000000 CC(=CC=CC(O)=C1C(=O)NC(=S)NC1=O)N(C)CCO 2 C=C1C(=O)NC(=S)NC1=O 0.0000000 1.0000 0.0000000 0.7816 0.0000000 3.4795
 | 9.3285 44.9099 72.0692 0.9138986 C=c1o[nH]c(=O)c1=C(O)C=CC=CN(CCO)CCO 1 C=c1o[nH]c(=O)c1=C 1.0000000 1.0000 0.8679515 0.8680 0.7986337 4.1025
 | 11.8590 45.8118 -45.8118 0.0000000 CC(C=CN1CCOCC1)=CC(O)=C1C(=O)NC(=O)N(C)C1=O 1 O=C1NC(=O)C(=CC=CC=CN2CCOCC2)C(=O)N1 1.0000000 1.0000 0.7155697 0.7156 0.9314561 3.3002
 | 12.1356 47.5704 56.5047 0.8130870 CC(=CC=CC(O)=C1C(=O)NN=C1C(F)(F)F)N1CCOCC1 1 O=C1NN=CC1=CC=CC=CN1CCOCC1 1.0000000 1.0000 0.5675877 0.5676 0.9092047 3.4991
 | 10.7431 45.7958 55.0837 0.7881204 CC(C=CN(C)c1ccccc1)=CC(O)=C1C(=O)NC(=S)NC1=O 1 O=C1NC(=S)NC(=O)C1=CC=CC=CNc1ccccc1 1.0000000 1.0000 0.5068421 0.5068 0.9409875 3.1960
 | 6.6952 36.6922 -36.6922 0.0000000 CN(C)C=CC=CC(O)=C1C(=O)NC(=S)NC1=O 1 C=C1C(=O)NC(=S)NC1=O 1.0000000 1.0000 0.7778389 0.7778 0.9278829 3.3358
01:51:26 <INFO> Sampled SMILES CC(C1=CC2=C(C1=O)C(=O)C(C)(O)C(=C(C)=C)O2)C failed to sanitize.
01:51:26 <INFO> Sampled SMILES O=C1C(=C(O)C=CC=CN(C)CCO)=C(C)C(=O)C1=O failed to sanitize.
01:51:26 <INFO> Sampled SMILES c1cc(N2C(=O)C(=C(O)C=c3n(C)c(=O)c(=C4N(C)C(=O)N(C)C(=O)C4)c(=C)c3)c3ccccc32)ccc1 failed to sanitize.
01:51:26 <INFO> Score: 0.12 Agent NLL: 11.64 Valid:  98% Step: 37
 | Agent Prior Target Score SMILES SMILES_state Scaffold DASA DASA (raw) Solubility Solubility (raw) SA SA (raw)
 | 8.0500 70.0273 35.2728 0.8226569 CC(=CC=CC(C)=C1C(=O)NC(=O)C1=C(O)C=CC=CN1CCOCC1)N(CCO)CCO 1 C=C1C(=O)NC(=O)C1=CC=CC=CN1CCOCC1 1.0000000 1.0000 0.6101207 0.6101 0.8519632 3.8599
 | 8.2393 54.8992 -54.8992 0.0000000 CC1(C)OC(=O)C(=C(O)C=CC=CN(CCO)CCCN=[N+]=[N-])C(=O)O1 1 C=C1C(=O)OCOC1=O 1.0000000 1.0000 0.5804743 0.5805 0.8654116 3.7877
 | 12.4330 50.1007 -50.1007 0.0000000 CC(C=CN1CCCCCC1)=CC(O)=C1C(=O)N(C)C(=O)N(C)C1=O 1 O=C1NC(=O)C(=CC=CC=CN2CCCCCC2)C(=O)N1 1.0000000 1.0000 0.4802999 0.4803 0.9395149 3.2131
 | 6.4278 48.8928 -48.8928 0.0000000 O=C1NNC(=O)C1=C(O)C=CC=CN1CCCC1 1 O=C1NNC(=O)C1=CC=CC=CN1CCCC1 1.0000000 1.0000 0.7767255 0.7767 0.9065220 3.5200
 | 16.2066 57.4210 -57.4196 0.0000112 CCCCCCCCN(C=CC=CC(O)=C1C(C(F)(F)F)=C(c2ccccc2)Oc2ccccc21)CCCCCCCC 1 C=C1C=C(c2ccccc2)Oc2ccccc21 0.0000000 0.0000 0.0003924 0.0004 0.9342103 3.2716
 | 14.1812 55.3402 -55.3402 0.0000000 CC(C=CN1CC=CCC1)=CC(O)=C1C(=O)ON=C1C(F)(F)F 1 O=C1ON=CC1=CC=CC=CN1CC=CCC1 1.0000000 1.0000 0.3614528 0.3615 0.7990609 4.1007
 | 16.9814 49.4249 55.3079 0.8182243 CCN1N=C(C)C(=C(O)C=CC=C(C)N2CCN(C)CC2)C1=O 1 O=C1NN=CC1=CC=CC=CN1CCNCC1 1.0000000 1.0000 0.5707441 0.5707 0.9306948 3.3079
 | 13.4298 51.3833 -51.3833 0.0000000 CC(=CC=CC(O)=C1C(=O)NNC1=O)N(C)CCCN=[N+]=[N-] 1 C=C1C(=O)NNC1=O 1.0000000 1.0000 0.6848125 0.6848 0.8400648 3.9194
 | 20.0484 64.5473 40.3178 0.8192586 C=C1C(=C(O)C=CC=C(C)N(CCO)CCO)C(=O)OC(=CC)C1O 1 C=C1CC(=C)C(=C)C(=O)O1 1.0000000 1.0000 0.6662752 0.6663 0.7146057 4.4021
 | 16.3176 49.8914 -49.8914 0.0000000 CN(C=CC=CC(O)=C1C(=O)ON=C1C(F)(F)F)CC(=O)O 1 C=C1C=NOC1=O 1.0000000 1.0000 0.6254787 0.6255 0.8693339 3.7655
01:51:27 <INFO> Sampled SMILES c1c2ccccc2cc2c1oc1cc(=NC)c3ccccc3c3cccc(c(=O)n(CCCO)c2)c13 failed to sanitize.
01:51:27 <INFO> Sampled SMILES c1cccc(N2C(=O)C(=C(O)C=CC=CN(C)C)=C(C)N=C2C)c1 failed to sanitize.
01:51:27 <INFO> Score: 0.14 Agent NLL: 12.35 Valid:  98% Step: 38
 | Agent Prior Target Score SMILES SMILES_state Scaffold DASA DASA (raw) Solubility Solubility (raw) SA SA (raw)
 | 15.3673 27.8332 -27.8161 0.0001336 C=C1C(C)=CCN1CC 1 C=C1C=CCN1 0.0000000 0.0000 0.6758144 0.6758 0.9095897 3.4961
 | 12.0373 47.2445 -47.2445 0.0000000 CC(=CC=CC(O)=C1C(=O)NC(=O)NC1=O)N1CCCCC1 1 O=C1NC(=O)C(=CC=CC=CN2CCCCC2)C(=O)N1 1.0000000 1.0000 0.6490593 0.6491 0.9527942 3.0425
 | 9.3338 44.7365 -44.7365 0.0000000 O=C1NC(=S)NC(=O)C1=C(O)C=CC=CN1CCCC1 1 O=C1NC(=S)NC(=O)C1=CC=CC=CN1CCCC1 1.0000000 1.0000 0.7178530 0.7179 0.9303361 3.3116
 | 24.6197 47.4228 43.3310 0.7090146 C=C(C)C1C=CC(=O)C1=C(O)C=C(C)C=CN1CC1 1 O=C1C=CCC1=CC=CC=CN1CC1 1.0000000 1.0000 0.4236825 0.4237 0.7389559 4.3221
 | 11.3178 52.3282 42.9064 0.7440208 CCN1C(=O)OC(=O)C(=C(O)C=CC=CN(C)c2ccccc2)C1=O 1 O=C1NC(=O)C(=CC=CC=CNc2ccccc2)C(=O)O1 1.0000000 1.0000 0.4255114 0.4255 0.9445544 3.1530
 | 11.4256 54.6856 36.2619 0.7105274 CC(C=CN1CCCc2ccccc21)=CC(O)=C1C(=O)COC1=O 1 O=C1COC(=O)C1=CC=CC=CN1CCCc2ccccc21 1.0000000 1.0000 0.3725520 0.3726 0.9358843 3.2536
 | 7.1290 53.5348 -53.5348 0.0000000 CC(C=CN1CCN(C)CC1)=CC(O)=C1C(=O)NC(=S)NC1=O 1 O=C1NC(=S)NC(=O)C1=CC=CC=CN1CCNCC1 1.0000000 1.0000 0.7269101 0.7269 0.9221002 3.3901
 | 15.8891 46.2003 -46.1828 0.0001364 CN(C=CC(O)=C1C(=O)NNC1=O)C1CCCCC1 1 O=C1NNC(=O)C1=CC=CNC1CCCCC1 0.0000000 0.0000 0.7148894 0.7149 0.9196872 3.4117
 | 9.9267 59.7036 -59.7036 0.0000000 O=C1ON=C(C(F)(F)F)C1=C(O)C=CC=CN1CCSCC1 1 O=C1ON=CC1=CC=CC=CN1CCSCC1 1.0000000 1.0000 0.4572608 0.4573 0.8421408 3.9093
 | 9.5113 39.7697 -39.7697 0.0000000 CC(=CC=CC(O)=C1C(=O)OC(C)(C)OC1=O)N1CCOCC1 1 O=C1OCOC(=O)C1=CC=CC=CN1CCOCC1 1.0000000 1.0000 0.5997601 0.5998 0.9342474 3.2712
01:51:28 <INFO> Score: 0.12 Agent NLL: 11.57 Valid: 100% Step: 39
 | Agent Prior Target Score SMILES SMILES_state Scaffold DASA DASA (raw) Solubility Solubility (raw) SA SA (raw)
 | 19.6740 91.6514 -2.4246 0.6970843 CC(C=CN1CCc2ccccc21)=CC(O)=C1C(=O)NN(C(C)=CC=CC(O)=C2C(=O)NC(=S)NC2=O)C1=O 1 O=C1NC(=S)NC(=O)C1=CC=CC=CN1NC(=O)C(=CC=CC=CN2CCc3ccccc32)C1=O 1.0000000 1.0000 0.3806611 0.3807 0.8152775 4.0328
 | 16.9768 35.9931 35.5697 0.5590845 CN(C=CC=CC(O)=C1C(=O)c2ccccc2C1=O)Cc1ccccc1 1 O=C1C(=CC=CC=CNCc2ccccc2)C(=O)c2ccccc21 1.0000000 1.0000 0.1777000 0.1777 0.9711887 2.7084
 | 6.6028 43.6658 -43.6658 0.0000000 O=C1NC(=S)NC(=O)C1=C(O)C=CC=CN1CCOCC1 1 O=C1NC(=S)NC(=O)C1=CC=CC=CN1CCOCC1 1.0000000 1.0000 0.7682692 0.7683 0.9279621 3.3350
 | 14.5449 54.9430 -54.9430 0.0000000 CCCCCN(C=CC(C)=CC(O)=C1C(=O)N(C)C(=O)N(C)C1=O)CCC 1 C=C1C(=O)NC(=O)NC1=O 1.0000000 1.0000 0.3327279 0.3327 0.9310412 3.3044
 | 13.1424 37.8973 -37.8801 0.0001350 Cc1ccc(C=CC(O)=C2C(=O)NNC2=O)cc1 1 O=C1NNC(=O)C1=CC=Cc1ccccc1 0.0000000 0.0000 0.6703904 0.6704 0.9716035 2.6987
 | 7.5186 38.3161 -38.3161 0.0000000 CN(C)C=CC=CC(O)=C1C(=O)OC(C)(C)OC1=O 1 C=C1C(=O)OCOC1=O 1.0000000 1.0000 0.6589171 0.6589 0.9244858 3.3682
 | 22.2204 61.5983 -61.5851 0.0001032 C=c1c(O)cc(N(C=CC(C)=C(C)C=CC=C(C)N(C)CCO)CC)c(O)c1=C 1 C=c1ccccc1=C 0.0000000 0.0000 0.3471172 0.3471 0.7528170 4.2745
 | 21.3951 60.5290 -60.5290 0.0000000 CN(C=CC=CC(O)=C1C(=O)NNC1=O)CCCCCCS 1 C=C1C(=O)NNC1=O 1.0000000 1.0000 0.6411215 0.6411 0.8903035 3.6360
 | 8.9563 42.8582 -42.8582 0.0000000 O=C1NC(=O)C(=C(O)C=CC=CN2CCCC2)C(=O)N1 1 O=C1NC(=O)C(=CC=CC=CN2CCCC2)C(=O)N1 1.0000000 1.0000 0.7427731 0.7428 0.9406393 3.2001
 | 7.3555 42.0350 -42.0350 0.0000000 CN1C(=O)C(=C(O)C=CC=CN2CCOCC2)C(=O)N(C)C1=O 1 O=C1NC(=O)C(=CC=CC=CN2CCOCC2)C(=O)N1 1.0000000 1.0000 0.7196373 0.7196 0.9388744 3.2204
01:51:28 <INFO> Score: 0.17 Agent NLL: 12.11 Valid: 100% Step: 40
 | Agent Prior Target Score SMILES SMILES_state Scaffold DASA DASA (raw) Solubility Solubility (raw) SA SA (raw)
 | 7.8428 47.6661 -47.6661 0.0000000 CC1=NN(c2ccccc2)C(=O)C1=C(O)C=CC=CN1CCCC1 1 O=C1C(=CC=CC=CN2CCCC2)C=NN1c1ccccc1 1.0000000 1.0000 0.2895693 0.2896 0.9605371 2.9205
 | 7.2892 47.7472 -47.7472 0.0000000 CN1CCN(C=CC=CC(O)=C2C(=O)OC(C)(C)N(C)C2=O)CC1 1 O=C1NCOC(=O)C1=CC=CC=CN1CCNCC1 1.0000000 1.0000 0.6525954 0.6526 0.9060704 3.5235
 | 7.0929 51.2049 -51.2049 0.0000000 CCCN(C=CC(C)=CC(O)=C1C(=O)NNC1=O)CCC 1 C=C1C(=O)NNC1=O 1.0000000 1.0000 0.6374843 0.6375 0.8848644 3.6715
 | 8.7517 45.8845 -45.8845 0.0000000 CC(C=CN1CCOCC1)=CC(O)=C1C(=O)NC(=O)NC1=O 1 O=C1NC(=O)C(=CC=CC=CN2CCOCC2)C(=O)N1 1.0000000 1.0000 0.7527922 0.7528 0.9279349 3.3353
 | 8.2368 49.0230 -49.0230 0.0000000 O=C1NNC(=O)C1=C(O)C=CC=CN1CCc2ccccc21 1 O=C1NNC(=O)C1=CC=CC=CN1CCc2ccccc21 1.0000000 1.0000 0.6331446 0.6331 0.9300140 3.3148
 | 6.6578 42.5634 66.5154 0.8521781 CN(C)C=CC=CC(O)=C1C(=O)OC(C)(C)N(C)C1=O 1 C=C1C(=O)NCOC1=O 1.0000000 1.0000 0.6592138 0.6592 0.8953406 3.6017
 | 9.4582 52.5632 -52.5488 0.0001126 CC(C=CC=C(O)N(CCO)CCO)=C1C(=O)N(c2ccccc2)N=C1C(F)(F)F 1 C=C1C=NN(c2ccccc2)C1=O 0.0000000 0.0000 0.3995137 0.3995 0.9291872 3.3230
 | 7.3878 44.7233 -44.7233 0.0000000 O=C1NC(=S)NC(=O)C1=C(O)C=CC=CN1CCCCC1 1 O=C1NC(=S)NC(=O)C1=CC=CC=CN1CCCCC1 1.0000000 1.0000 0.6711265 0.6711 0.9358717 3.2538
 | 12.5170 53.7411 42.0510 0.7483752 CC1=C(C(C)C)C(=C(O)C=CC=CN2CCOCC2)C(=O)N1C 1 O=C1NC=CC1=CC=CC=CN1CCOCC1 1.0000000 1.0000 0.4400509 0.4401 0.9183258 3.4236
 | 12.1141 59.7377 -59.7377 0.0000000 CC(=CC=CC(O)=C1C(=O)NNC1=O)N1CCOCC1 1 O=C1NNC(=O)C1=CC=CC=CN1CCOCC1 1.0000000 1.0000 0.7854588 0.7855 0.9206800 3.4029
01:51:29 <INFO> Score: 0.14 Agent NLL: 11.28 Valid: 100% Step: 41
 | Agent Prior Target Score SMILES SMILES_state Scaffold DASA DASA (raw) Solubility Solubility (raw) SA SA (raw)
 | 20.5236 26.4885 -26.4716 0.0001320 CCCNC(=O)C1CCCCN1C(=O)C(=O)C(C)(C)C 1 C1CCNCC1 0.0000000 0.0000 0.6268676 0.6269 0.9723794 2.6801
 | 5.8785 54.0349 -54.0349 0.0000000 CC(=CC=CC(O)=C1C(=O)NNC1=O)N(CCO)CCO 1 C=C1C(=O)NNC1=O 1.0000000 1.0000 0.8600734 0.8601 0.8889325 3.6451
 | 7.8324 45.3851 67.9329 0.8852969 CN(C)C=CC=CC(O)=C1C(=O)OC(=O)N(C)C1=O 1 C=C1C(=O)NC(=O)OC1=O 1.0000000 1.0000 0.7299725 0.7300 0.9150198 3.4518
 | 8.5925 46.7654 -46.7654 0.0000000 CC(C=CN1CCOCC1)=CC(O)=C1C(=O)NC(=O)NC1=O 1 O=C1NC(=O)C(=CC=CC=CN2CCOCC2)C(=O)N1 1.0000000 1.0000 0.7527922 0.7528 0.9279349 3.3353
 | 11.8033 53.5887 -53.5887 0.0000000 CC1=NN(c2ccccc2)C(=O)C1=C(O)C=CC=CN1CCc2ccccc21 1 O=C1C(=CC=CC=CN2CCc3ccccc32)C=NN1c1ccccc1 1.0000000 1.0000 0.1385940 0.1386 0.9613121 2.9071
 | 9.1639 40.0088 -40.0088 0.0000000 O=C1C(=C(O)C=CC=CN2CCCC2)C(=O)c2ccccc21 1 O=C1C(=CC=CC=CN2CCCC2)C(=O)c2ccccc21 1.0000000 1.0000 0.3535903 0.3536 0.9639946 2.8584
 | 6.4581 72.2171 -72.2171 0.0000000 CC(=CC=CC(C)=c1o[nH]c(=O)c1=C(O)C=CC=CN(CCO)CCO)N(C)CCO 1 C=c1o[nH]c(=O)c1=C 1.0000000 1.0000 0.7495848 0.7496 0.7316990 4.3464
 | 10.3611 79.4982 20.2551 0.7793233 CC(C=CN1CCOCC1)=CC(O)=CC(C)=C1C(=O)NC(=O)C1=C(O)C=CC=CN(CCO)CCO 1 C=C1C(=O)NC(=O)C1=CC=CC=CC=CN1CCOCC1 1.0000000 1.0000 0.5382648 0.5383 0.7984996 4.1030
 | 6.3938 50.7573 -50.7573 0.0000000 O=C1NNC(=O)C1=C(O)C=CC=CN1CCCC1 1 O=C1NNC(=O)C1=CC=CC=CN1CCCC1 1.0000000 1.0000 0.7767255 0.7767 0.9065220 3.5200
 | 7.6074 49.4012 -49.4012 0.0000000 CCCN(C=CC(C)=CC(O)=C1C(=O)NC(=O)NC1=O)CCC 1 C=C1C(=O)NC(=O)NC1=O 1.0000000 1.0000 0.5909939 0.5910 0.9227225 3.3845
01:51:30 <INFO> Score: 0.15 Agent NLL: 10.85 Valid: 100% Step: 42
 | Agent Prior Target Score SMILES SMILES_state Scaffold DASA DASA (raw) Solubility Solubility (raw) SA SA (raw)
 | 8.2765 46.4826 -46.4826 0.0000000 CC1=NC(=O)NC(=O)C1=C(O)C=CC=CN(CCO)CCO 1 C=C1C=NC(=O)NC1=O 1.0000000 1.0000 0.7850268 0.7850 0.8934573 3.6147
 | 12.6008 56.0926 55.7772 0.8739827 COCCN1NC(=O)C(=C(O)C=CC=CN(CCO)CCO)C(C)=C1C 1 C=C1C=CNNC1=O 1.0000000 1.0000 0.7227876 0.7228 0.8702043 3.7605
 | 5.8186 54.0349 -54.0349 0.0000000 CC(=CC=CC(O)=C1C(=O)NNC1=O)N(CCO)CCO 1 C=C1C(=O)NNC1=O 1.0000000 1.0000 0.8600734 0.8601 0.8889325 3.6451
 | 8.5309 43.3174 -43.3174 0.0000000 CN(C=CC=CC(O)=C1C(=O)NC(=S)NC1=O)c1ccccc1 1 O=C1NC(=S)NC(=O)C1=CC=CC=CNc1ccccc1 1.0000000 1.0000 0.5670111 0.5670 0.9489673 3.0959
 | 15.1435 52.6910 -52.6766 0.0001124 CC(C=C(O)C=CC=CN1CCCC1)=C1C(=O)OC(C)(C)OC1=O 1 O=C1OCOC(=O)C1=CC=CC=CC=CN1CCCC1 0.0000000 0.0000 0.4066709 0.4067 0.8940024 3.6109
 | 15.0604 56.4077 -56.3968 0.0000854 CCN1C(=CC=C(O)C=CC=CN2CCCC2)C(=O)c2ccccc21 1 O=C1C(=CC=CC=CC=CN2CCCC2)Nc2ccccc21 0.0000000 0.0000 0.1740260 0.1740 0.9306803 3.3081
 | 14.1498 52.1391 16.8356 0.5388646 CCC1=C(C)C(=C(O)C=C(C)C=CN2CCCC2)C(=O)C1C 1 O=C1CC=CC1=CC=CC=CN1CCCC1 1.0000000 1.0000 0.1778600 0.1779 0.7991551 4.1003
 | 10.9218 55.0169 -55.0169 0.0000000 CC(=CC=CC(O)=C1C(=O)NC(=S)NC1=O)N(C)c1ccccc1 1 O=C1NC(=S)NC(=O)C1=CC=CC=CNc1ccccc1 1.0000000 1.0000 0.5068421 0.5068 0.9469526 3.1225
 | 20.4084 23.3798 -23.3622 0.0001375 O=C(c1ccccc1)N1CC2CNC2C1 1 O=C(c1ccccc1)N1CC2CNC2C1 0.0000000 0.0000 0.7115105 0.7115 0.9663254 2.8133
 | 9.8583 55.2265 -55.2265 0.0000000 CC(=CC=CC(O)=C1C(=O)N(c2ccccc2)N=C1C)N(CCO)CCO 1 C=C1C=NN(c2ccccc2)C1=O 1.0000000 1.0000 0.5136160 0.5136 0.9484549 3.1028
01:51:30 <INFO> Score: 0.15 Agent NLL: 11.27 Valid: 100% Step: 43
 | Agent Prior Target Score SMILES SMILES_state Scaffold DASA DASA (raw) Solubility Solubility (raw) SA SA (raw)
 | 15.1983 60.1554 29.8205 0.7029369 O=C1ON=C(C(F)(F)F)C1=C(O)C=CC=CN(CCO)c1ccccc1 1 O=C1ON=CC1=CC=CC=CNc1ccccc1 1.0000000 1.0000 0.3667040 0.3667 0.9094068 3.4975
 | 6.8121 42.7129 -42.7129 0.0000000 CC(=CC=CC(O)=C1C(=O)NC(=O)NC1=O)N(C)C 1 C=C1C(=O)NC(=O)NC1=O 1.0000000 1.0000 0.7621180 0.7621 0.9303701 3.3112
 | 7.2335 55.2875 -55.2875 0.0000000 CC(C=CN1CCOCC1)=CC(O)=C1C(=O)N(c2ccccc2)N=C1C 1 O=C1C(=CC=CC=CN2CCOCC2)C=NN1c1ccccc1 1.0000000 1.0000 0.3356193 0.3356 0.9507886 3.0710
 | 8.6591 63.4771 -63.4771 0.0000000 CC(=CC=CC(O)=C1C(=O)NNC1=O)N(C)CCCN=[N+]=[N-] 1 C=C1C(=O)NNC1=O 1.0000000 1.0000 0.6848125 0.6848 0.8400648 3.9194
 | 15.3255 32.4560 -32.4394 0.0001301 C=C1C(=O)c2ccccc2C(=O)C1=NCCN1CCN(C)CC1 1 C=C1C(=O)c2ccccc2C(=O)C1=NCCN1CCNCC1 0.0000000 0.0000 0.5994036 0.5994 0.9736750 2.6479
 | 11.2043 53.9121 50.9892 0.8195415 CCN1NC(=O)C(=O)C(=C(O)C=CC=CN(C)c2ccccc2)C1=O 1 O=C1NNC(=O)C(=CC=CC=CNc2ccccc2)C1=O 1.0000000 1.0000 0.5762400 0.5762 0.9229782 3.3821
 | 5.1734 54.9686 -54.9686 0.0000000 CC(=CC=CC(O)=C1C(=O)NNC1=O)N(C)CCO 1 C=C1C(=O)NNC1=O 1.0000000 1.0000 0.8303072 0.8303 0.8801841 3.7009
 | 11.2385 59.3339 -59.3339 0.0000000 CCN1C(=O)C(=C(O)C=CC=CN(CCO)CCO)C(C(=O)O)=C(C)N1c1ccccc1 1 C=C1C=CN(c2ccccc2)NC1=O 1.0000000 1.0000 0.5035250 0.5035 0.8990853 3.5752
 | 18.6174 26.5653 -26.5489 0.0001278 C=C1C(=O)N(C)C(=O)N(C)C1c1ccccc1 1 C=C1C(=O)NC(=O)NC1c1ccccc1 0.0000000 0.0000 0.5721057 0.5721 0.9612584 2.9080
 | 8.1202 39.3068 -39.3068 0.0000000 CN(C)C=CC=CC(O)=C1C(=O)NC(=O)NC1=O 1 C=C1C(=O)NC(=O)NC1=O 1.0000000 1.0000 0.7990025 0.7990 0.9401493 3.2058
01:51:31 <INFO> Score: 0.16 Agent NLL: 10.94 Valid: 100% Step: 44
 | Agent Prior Target Score SMILES SMILES_state Scaffold DASA DASA (raw) Solubility Solubility (raw) SA SA (raw)
 | 14.0564 17.5058 -17.4874 0.0001433 CC1=CC(O)C(O)C(O)C1O 1 C1=CCCCC1 0.0000000 0.0000 0.8989470 0.8989 0.7980134 4.1050
 | 6.8172 42.7129 -42.7129 0.0000000 CC(=CC=CC(O)=C1C(=O)NC(=O)NC1=O)N(C)C 1 C=C1C(=O)NC(=O)NC1=O 1.0000000 1.0000 0.7621180 0.7621 0.9303701 3.3112
 | 6.7419 54.6261 -54.6261 0.0000000 CC(=CC=CC(O)=C1C(=O)NNC1=O)N(CCO)CCO 1 C=C1C(=O)NNC1=O 1.0000000 1.0000 0.8600734 0.8601 0.8889325 3.6451
 | 22.1610 59.7738 0.2471 0.4689135 CC1=NN(c2c(F)cccc2F)C(=O)C1=C(O)C=CC=CN1CCc2ccccc21 1 O=C1C(=CC=CC=CN2CCc3ccccc32)C=NN1c1ccccc1 1.0000000 1.0000 0.1066166 0.1066 0.9430693 3.1712
 | 10.9708 56.4697 -56.4697 0.0000000 CCCN(C=CC(C)=CC(O)=C1C(=O)NC(=O)NC1=O)CC(C)C 1 C=C1C(=O)NC(=O)NC1=O 1.0000000 1.0000 0.5464697 0.5465 0.9177005 3.4290
 | 15.4671 19.1847 -19.1664 0.0001431 CC(C)NC(=O)N(C)C 1  0.0000000 0.0000 0.7916782 0.7917 0.9892235 2.0558
 | 8.9550 48.9794 -2.0812 0.3663920 CCCCN(C=CC=CC(O)=C1C(=O)N(c2ccccc2)N=C1C(F)(F)F)CCCC 1 C=C1C=NN(c2ccccc2)C1=O 1.0000000 1.0000 0.0507636 0.0508 0.9462345 3.1318
 | 7.4772 44.4512 73.9836 0.9252721 O=C1NOC(=O)C1=C(O)C=CC=CN(CCO)CCO 1 C=C1C(=O)NOC1=O 1.0000000 1.0000 0.8641711 0.8642 0.8587469 3.8242
 | 6.7723 42.9257 -42.9257 0.0000000 CC1(C)OC(=O)C(=C(O)C=CC=CN2CCc3ccccc32)C(=O)O1 1 O=C1OCOC(=O)C1=CC=CC=CN1CCc2ccccc21 1.0000000 1.0000 0.3752614 0.3753 0.9388143 3.2211
 | 6.1331 38.2097 -38.2097 0.0000000 CN(C)C=CC=CC(O)=C1C(=O)NC(=O)OC1=O 1 C=C1C(=O)NC(=O)OC1=O 1.0000000 1.0000 0.7674344 0.7674 0.9116137 3.4799
01:51:32 <INFO> Score: 0.16 Agent NLL: 11.56 Valid: 100% Step: 45
 | Agent Prior Target Score SMILES SMILES_state Scaffold DASA DASA (raw) Solubility Solubility (raw) SA SA (raw)
 | 9.3249 45.4931 67.6622 0.8840260 CN(C)C=CC=CC(O)=C1C(=O)N(C)C1C(=O)O 1 C=C1CNC1=O 1.0000000 1.0000 0.7636010 0.7636 0.8393149 3.9231
 | 13.7796 61.9093 -61.9093 0.0000000 CCCN(C=CC(C)=CC(O)=C1C(=O)N(CC)C(=O)N(CC)C1=O)CCC 1 C=C1C(=O)NC(=O)NC1=O 1.0000000 1.0000 0.3327279 0.3327 0.9274834 3.3397
 | 11.2773 50.5257 -50.5257 0.0000000 CN1C(=O)C(=C(O)C=CC=CN2CCSCC2)C(=O)N(C)C1=O 1 O=C1NC(=O)C(=CC=CC=CN2CCSCC2)C(=O)N1 1.0000000 1.0000 0.6408074 0.6408 0.9119086 3.4775
 | 12.0493 50.2771 36.1815 0.6754577 CC(=CC=CC(O)=C1C(=O)NN=C1C(F)(F)F)N1CCCCCC1 1 O=C1NN=CC1=CC=CC=CN1CCCCCC1 1.0000000 1.0000 0.3222786 0.3223 0.9246667 3.3665
 | 8.1176 39.7596 -39.7596 0.0000000 CN1CCN(C=CC=CC(O)=C2C(=O)OC(C)(C)OC2=O)CC1 1 O=C1OCOC(=O)C1=CC=CC=CN1CCNCC1 1.0000000 1.0000 0.6534698 0.6535 0.9289870 3.3250
 | 11.4118 55.8192 57.5374 0.8855986 CN1C(=O)C(=C(O)C=CC=CN2CCNCC2)C(=O)N(C)C1=S 1 O=C1NC(=S)NC(=O)C1=CC=CC=CN1CCNCC1 1.0000000 1.0000 0.7307633 0.7308 0.9149234 3.4526
 | 11.6634 18.0392 -18.0208 0.0001443 CCN1CCOC1=O 1 O=C1NCCO1 0.0000000 0.0000 0.8157991 0.8158 0.9793934 2.4846
 | 7.2748 70.5041 41.1681 0.8724389 CC(=CC=CC(C)=c1o[nH]c(=O)c1=C(O)C=CC=CN(CCO)CCO)N(CCO)CCO 1 C=c1o[nH]c(=O)c1=C 1.0000000 1.0000 0.7889285 0.7889 0.7396786 4.3197
 | 7.9662 47.2461 -47.2461 0.0000000 CCCN(C=CC(C)=CC(O)=C1C(=O)N(C)C(=O)N(C)C1=O)CCC 1 C=C1C(=O)NC(=O)NC1=O 1.0000000 1.0000 0.4690246 0.4690 0.9238704 3.3739
 | 12.7038 29.1977 -29.1797 0.0001404 CC(C=CN1CCN(C)CC1)=CCO 1 C1CNCCN1 0.0000000 0.0000 0.7639468 0.7639 0.9513763 3.0627
01:51:32 <INFO> Sampled SMILES C1CN(C)CCN1C1=CC(=C(O)N(CC)CC)=C(C=C(C)N(C)C)CC1 failed to sanitize.
01:51:32 <INFO> Score: 0.20 Agent NLL: 11.55 Valid:  99% Step: 46
 | Agent Prior Target Score SMILES SMILES_state Scaffold DASA DASA (raw) Solubility Solubility (raw) SA SA (raw)
 | 9.0924 49.5854 -49.5854 0.0000000 CC(=CC=CC(O)=C1C(=O)OC(C)(C)OC1=O)N(C)CCCN=[N+]=[N-] 1 C=C1C(=O)OCOC1=O 1.0000000 1.0000 0.4190353 0.4190 0.8712344 3.7545
 | 9.4580 77.1416 34.0626 0.8687824 CC(=CC=CC(O)=c1oc(=O)c(=C(O)C=CC=CN(CCO)CCO)c(=O)n1C)N1CCOCC1 1 C=c1c(=O)[nH]c(=CC=CC=CN2CCOCC2)oc1=O 1.0000000 1.0000 0.7493279 0.7493 0.7917845 4.1299
 | 6.1112 52.3826 -52.3826 0.0000000 CCN(C=CC=CC(O)=C1C(=O)NNC1=O)CC 1 C=C1C(=O)NNC1=O 1.0000000 1.0000 0.7695174 0.7695 0.8882190 3.6498
 | 8.1355 42.6323 -42.6323 0.0000000 CC(=CC=CC(O)=C1C(=O)OC(C)(C)OC1=O)N1CCCC1 1 O=C1OCOC(=O)C1=CC=CC=CN1CCCC1 1.0000000 1.0000 0.5067663 0.5068 0.9378146 3.2324
 | 12.4632 65.4826 -65.4826 0.0000000 CC(=CC=CC(O)=C1C(=O)N(c2ccccc2)N=C1C(F)(F)F)N(C)CCCN=[N+]=[N-] 1 C=C1C=NN(c2ccccc2)C1=O 1.0000000 1.0000 0.0971290 0.0971 0.9131860 3.4670
 | 29.8238 71.3162 -71.3016 0.0001141 CCCN(CCC)C(C)=CC1=NN(c2ccccc2)C(=O)C1=CC(O)=C1C(=O)NNC1=O 1 O=C1NNC(=O)C1=CC=C1C=NN(c2ccccc2)C1=O 0.0000000 0.0000 0.4217113 0.4217 0.9073262 3.5138
 | 12.6571 47.0378 -47.0378 0.0000000 CN(C=CC=CC(O)=C1C(=O)OC(C)(C)OC1=O)CCO 1 C=C1C(=O)OCOC1=O 1.0000000 1.0000 0.7177074 0.7177 0.9048977 3.5324
 | 15.4597 65.1199 -65.1199 0.0000000 CCCCN(C=CC(C)=CC(O)=C1C(=O)NNC1=O)CCCO 1 C=C1C(=O)NNC1=O 1.0000000 1.0000 0.7027897 0.7028 0.8919415 3.6250
 | 12.7857 49.4674 -49.4674 0.0000000 CC(=CC=CC(O)=C1C(=O)NNC1=O)N(CCO)c1ccccc1 1 O=C1NNC(=O)C1=CC=CC=CNc1ccccc1 1.0000000 1.0000 0.6533415 0.6533 0.9314878 3.2999
 | 5.4205 44.0898 -44.0898 0.0000000 O=C1NC(=O)C(=C(O)C=CC=CN(CCO)CCO)C(=O)O1 1 C=C1C(=O)NC(=O)OC1=O 1.0000000 1.0000 0.8404184 0.8404 0.8898019 3.6393
01:51:33 <INFO> Sampled SMILES C1(=O)Nc(NCCO)c(C)c1C failed to sanitize.
01:51:33 <INFO> Score: 0.18 Agent NLL: 11.43 Valid:  99% Step: 47
 | Agent Prior Target Score SMILES SMILES_state Scaffold DASA DASA (raw) Solubility Solubility (raw) SA SA (raw)
 | 10.4652 54.4073 -54.3897 0.0001373 CC(C=CN(C)C)=CC=CC(O)=C1C(=O)NNC1=O 1 C=C1C(=O)NNC1=O 0.0000000 0.0000 0.7413764 0.7414 0.8933252 3.6156
 | 7.9382 44.8891 -44.8891 0.0000000 CC1(C)OC(=O)C(=C(O)C=CC=CN2CCCC2)C(=O)O1 1 O=C1OCOC(=O)C1=CC=CC=CN1CCCC1 1.0000000 1.0000 0.5733810 0.5734 0.9267573 3.3467
 | 13.0771 77.7110 32.7322 0.8628371 CC(C=CN(C)CCO)=CC(F)=c1c(=O)o[nH]c(=O)c1=C(O)C=CC=CN(CCO)CCO 1 C=c1c(=O)[nH]oc(=O)c1=C 1.0000000 1.0000 0.7785549 0.7786 0.7142828 4.4031
 | 11.7263 44.8310 -44.8310 0.0000000 CC(C=CN1CCN(C)CC1)=CC(O)=C1C(=O)NC(=O)OC1=O 1 O=C1NC(=O)C(=CC=CC=CN2CCNCC2)C(=O)O1 1.0000000 1.0000 0.7155697 0.7156 0.9091055 3.4999
 | 13.5404 53.5140 -53.5140 0.0000000 CCCN(C=CC=CC(O)=C1C(=O)N(c2ccccc2)N=C1C(F)(F)F)CCC 1 C=C1C=NN(c2ccccc2)C1=O 1.0000000 1.0000 0.0943603 0.0944 0.9440050 3.1598
 | 6.3275 38.9000 -38.9000 0.0000000 CN(C)C=CC=CC(O)=C1OC(C)(C)OC1=O 1 C=C1OCOC1=O 1.0000000 1.0000 0.6252394 0.6252 0.8876607 3.6534
 | 7.6290 52.3361 -52.3361 0.0000000 CC(=CC=CC(O)=C1C(=O)NNC1=O)N(C)c1ccccc1 1 O=C1NNC(=O)C1=CC=CC=CNc1ccccc1 1.0000000 1.0000 0.5854298 0.5854 0.9352775 3.2602
 | 10.2834 33.3458 -33.3458 0.0000000 CC(=CC=CC(O)=C1C(=O)c2ccccc2C1=O)N(C)C 1 C=C1C(=O)c2ccccc2C1=O 1.0000000 1.0000 0.3839021 0.3839 0.9611512 2.9099
 | 9.9251 57.2834 -57.2834 0.0000000 CCCCN(C=CC(C)=CC(O)=C1C(=O)N(C)C(=O)N(C)C1=O)CCCC 1 C=C1C(=O)NC(=O)NC1=O 1.0000000 1.0000 0.3327279 0.3327 0.9316132 3.2986
 | 8.5166 33.8701 -33.8701 0.0000000 CN(C)C=CC=CC(O)=C1C(=O)Nc2ccccc21 1 C=C1C(=O)Nc2ccccc21 1.0000000 1.0000 0.4593756 0.4594 0.9636281 2.8653
01:51:34 <INFO> Score: 0.19 Agent NLL: 11.65 Valid: 100% Step: 48
 | Agent Prior Target Score SMILES SMILES_state Scaffold DASA DASA (raw) Solubility Solubility (raw) SA SA (raw)
 | 6.4335 49.7088 -49.7088 0.0000000 CC1=NOC(=O)C1=C(O)C=CC=CN(CCO)CCO 1 C=C1C=NOC1=O 1.0000000 1.0000 0.7852642 0.7853 0.8638747 3.7962
 | 6.8455 39.1159 -39.1159 0.0000000 O=C1NC(=O)C(=C(O)C=CC=CN2CCOCC2)C(=O)N1 1 O=C1NC(=O)C(=CC=CC=CN2CCOCC2)C(=O)N1 1.0000000 1.0000 0.7897469 0.7897 0.9380899 3.2293
 | 12.5032 49.4387 30.0259 0.6208171 CC(C=CN(C)c1ccccc1)=CC(O)=C1OC(C)(C)OC1=O 1 O=C1OCOC1=CC=CC=CNc1ccccc1 1.0000000 1.0000 0.2498325 0.2498 0.9271998 3.3424
 | 20.3047 34.7416 -34.7274 0.0001103 CC(=O)OC(C)=CC=C(C)N1CCCCCC1 1 C1CCCNCC1 0.0000000 0.0000 0.3682837 0.3683 0.9603134 2.9243
 | 7.7002 56.4172 -56.4172 0.0000000 CC(=CC=CC(O)=C1C(=O)NNC1=O)N1CCc2ccccc21 1 O=C1NNC(=O)C1=CC=CC=CN1CCc2ccccc21 1.0000000 1.0000 0.5790151 0.5790 0.9356893 3.2557
 | 34.1610 26.5767 -26.5660 0.0000833 Cc1ccc(O)c(CN2CCC(n3c(C)nc4ccccc43)CC2)c1 1 c1ccc(CN2CCC(n3cnc4ccccc43)CC2)cc1 0.0000000 0.0000 0.1562249 0.1562 0.9876775 2.1441
 | 16.6936 42.6906 -42.6761 0.0001136 O=C1Nc2ccccc2NC1=C(O)C=CC=CC(=O)N1CCSCC1 1 O=C1Nc2ccccc2NC1=CC=CC=CC(=O)N1CCSCC1 0.0000000 0.0000 0.4060728 0.4061 0.9467268 3.1254
 | 8.1101 42.8196 60.4613 0.8068817 CN(C=CC=CC(O)=C1C(=O)NC(=O)OC1=O)c1ccccc1 1 O=C1NC(=O)C(=CC=CC=CNc2ccccc2)C(=O)O1 1.0000000 1.0000 0.5441304 0.5441 0.9403114 3.2039
 | 15.2120 62.1733 49.4715 0.8722252 CC1(C)OC(=O)C(=C(O)C=CC=CN(CCO)CCO)C(C(=O)O)=C1OCCCO 1 C=C1C=CCOC1=O 1.0000000 1.0000 0.7143978 0.7144 0.8788304 3.7092
 | 14.3771 18.6759 -18.6594 0.0001287 CN1CCN(CC=Cc2ccccc2)CC1 1 C(=Cc1ccccc1)CN1CCNCC1 0.0000000 0.0000 0.5751111 0.5751 0.9918978 1.8682
01:51:35 <INFO> Score: 0.15 Agent NLL: 11.68 Valid: 100% Step: 49
 | Agent Prior Target Score SMILES SMILES_state Scaffold DASA DASA (raw) Solubility Solubility (raw) SA SA (raw)
 | 19.4148 20.7051 -20.6878 0.0001349 CCN(C)S(=O)(=O)c1ccccc1 1 c1ccccc1 0.0000000 0.0000 0.6609532 0.6610 0.9939930 1.6719
 | 7.2625 45.6923 -45.6923 0.0000000 CC(=CC=CC(O)=C1C(=O)OC(C)(C)OC1=O)N1CCOCC1 1 O=C1OCOC(=O)C1=CC=CC=CN1CCOCC1 1.0000000 1.0000 0.5997601 0.5998 0.9342474 3.2712
 | 5.4339 44.0898 -44.0898 0.0000000 O=C1NC(=O)C(=C(O)C=CC=CN(CCO)CCO)C(=O)O1 1 C=C1C(=O)NC(=O)OC1=O 1.0000000 1.0000 0.8404184 0.8404 0.8898019 3.6393
 | 8.5672 46.6723 -46.6723 0.0000000 CN1CCN(C=CC=CC(O)=C2C(=O)NC(=O)N(C)C2=O)CC1 1 O=C1NC(=O)C(=CC=CC=CN2CCNCC2)C(=O)N1 1.0000000 1.0000 0.7543381 0.7543 0.9444264 3.1546
 | 12.8024 16.3649 -16.3486 0.0001272 c1ccc(C2CCCNC2)cc1 1 c1ccc(C2CCCNC2)cc1 0.0000000 0.0000 0.5565974 0.5566 0.9855372 2.2499
 | 16.5424 52.0026 -51.9850 0.0001371 CC(=CC=CC(O)=CC=CN(C)CCO)N(CCO)CCO 1  0.0000000 0.0000 0.7511432 0.7511 0.8646638 3.7919
 | 9.0464 48.9271 -48.9271 0.0000000 C=C(C)C1CCC(=O)C1=C(O)C=CC=C(C)N(CCO)CCO 1 C=C1CCCC1=O 1.0000000 1.0000 0.5473142 0.5473 0.8080560 4.0636
 | 5.8423 40.9014 -40.9014 0.0000000 CN(C=CC=CC(O)=C1C(=O)NC(=O)OC1=O)CCO 1 C=C1C(=O)NC(=O)OC1=O 1.0000000 1.0000 0.8073420 0.8073 0.8909147 3.6319
 | 14.4677 58.4692 30.3946 0.6942483 CCN1CC(C(C)C)C(=C(O)C=CC=CN2CCCC2)C1=O 1 O=C1NCCC1=CC=CC=CN1CCCC1 1.0000000 1.0000 0.3683318 0.3683 0.8453452 3.8935
 | 6.1909 43.3333 -43.3333 0.0000000 O=C1NC(=O)C(=C(O)C=CC=CN(CCO)CCO)C(=O)N1 1 C=C1C(=O)NC(=O)NC1=O 1.0000000 1.0000 0.8626767 0.8627 0.9187340 3.4201
01:51:35 <INFO> Sampled SMILES c1ccc(=NC(=O)CON=C(c2ccccc2)N)cc1 failed to sanitize.
01:51:35 <INFO> Score: 0.19 Agent NLL: 11.67 Valid:  99% Step: 50
 | Agent Prior Target Score SMILES SMILES_state Scaffold DASA DASA (raw) Solubility Solubility (raw) SA SA (raw)
 | 5.4898 44.0898 -44.0898 0.0000000 O=C1NC(=O)C(=C(O)C=CC=CN(CCO)CCO)C(=O)O1 1 C=C1C(=O)NC(=O)OC1=O 1.0000000 1.0000 0.8404184 0.8404 0.8898019 3.6393
 | 16.1125 45.8517 -45.8337 0.0001411 CCOC(O)=CC=CC(O)=C1C(=O)NNC1=O 1 C=C1C(=O)NNC1=O 0.0000000 0.0000 0.8008328 0.8008 0.8986361 3.5784
 | 5.2982 44.1499 -44.1499 0.0000000 CN1C(=O)NC(=O)C(=C(O)C=CC=CN(CCO)CCO)C1=O 1 C=C1C(=O)NC(=O)NC1=O 1.0000000 1.0000 0.8384479 0.8384 0.9230786 3.3812
 | 10.6759 56.2824 -56.2824 0.0000000 CC(C=CN1CCSCC1)=CC(O)=C1C(=O)NNC1=O 1 O=C1NNC(=O)C1=CC=CC=CN1CCSCC1 1.0000000 1.0000 0.7188333 0.7188 0.8406712 3.9165
 | 14.9871 46.7716 22.0602 0.5377485 CC(=CC=CC(O)=C1C(=O)Oc2ccccc2C1=O)N1CCc2ccccc21 1 O=C1Oc2ccccc2C(=O)C1=CC=CC=CN1CCc2ccccc21 1.0000000 1.0000 0.1591686 0.1592 0.9600422 2.9290
 | 15.7583 17.4482 -17.4313 0.0001315 CC1Cc2ccccc2CN1 1 c1ccc2c(c1)CCNC2 0.0000000 0.0000 0.6185989 0.6186 0.9745129 2.6263
 | 8.5814 40.9101 -40.9101 0.0000000 CC(=CC=CC(O)=C1C(=O)OC(C)(C)OC1=O)N(CCO)CCO 1 C=C1C(=O)OCOC1=O 1.0000000 1.0000 0.7240611 0.7241 0.9098133 3.4943
 | 14.2217 52.4715 -52.4715 0.0000000 CCCN(C=CC(C)=CC(O)=C1C(=O)Nc2ccccc21)CCO 1 C=C1C(=O)Nc2ccccc21 1.0000000 1.0000 0.3553347 0.3553 0.9420649 3.1833
 | 7.2446 46.2633 -46.2633 0.0000000 O=C1NC(=S)NC(=O)C1=C(O)C=CC=CN(CCO)CCO 1 C=C1C(=O)NC(=S)NC1=O 1.0000000 1.0000 0.8468843 0.8469 0.9059886 3.5241
 | 21.5435 66.0644 -66.0470 0.0001356 CC(=CC(O)=C1C(=O)NC(=O)C1(C)C)C(O)=C1C(=O)NC(=S)NC1=O 1 O=C1CC(=CC=CC=C2C(=O)NC(=S)NC2=O)C(=O)N1 0.0000000 0.0000 0.7206692 0.7207 0.8766900 3.7222
01:51:36 <INFO> Score: 0.16 Agent NLL: 11.42 Valid: 100% Step: 51
 | Agent Prior Target Score SMILES SMILES_state Scaffold DASA DASA (raw) Solubility Solubility (raw) SA SA (raw)
 | 14.1049 16.3200 -16.3011 0.0001473 OC1COC(O)C(O)C1O 1 C1CCOCC1 0.0000000 0.0000 0.9324892 0.9325 0.8626160 3.8032
 | 7.1559 51.5664 -51.5664 0.0000000 CN1C(=O)NNC(=O)C1=C(O)C=CC=CN1CCOCC1 1 O=C1NNC(=O)C(=CC=CC=CN2CCOCC2)N1 1.0000000 1.0000 0.7695686 0.7696 0.8813494 3.6937
 | 9.1205 48.0584 -48.0584 0.0000000 CC1=NN(c2ccccc2)N(C)C(=O)C1=C(O)C=CC=CN(C)CCO 1 C=C1C=NN(c2ccccc2)NC1=O 1.0000000 1.0000 0.4951016 0.4951 0.9132408 3.4666
 | 5.9047 54.9686 -54.9686 0.0000000 CC(=CC=CC(O)=C1C(=O)NNC1=O)N(C)CCO 1 C=C1C(=O)NNC1=O 1.0000000 1.0000 0.8303072 0.8303 0.8801841 3.7009
 | 13.0561 50.1156 -50.1156 0.0000000 CCCN(O)C=CC=CC(O)=C1C(=O)OC(C)(C)OC1=O 1 C=C1C(=O)OCOC1=O 1.0000000 1.0000 0.5848430 0.5848 0.8944331 3.6080
 | 21.3701 34.2185 -34.2079 0.0000828 CCCCC=CCC1CCCCN(CCC=CCCC(=O)O)C1=O 1 O=C1CCCCCN1 0.0000000 0.0000 0.1580572 0.1581 0.9359562 3.2528
 | 29.4827 40.5561 -40.5504 0.0000447 CCN(C=Cc1cccc(NN=C(C)CCC=C(C)C)c1)c1ccccc1 1 C(=Cc1ccccc1)Nc1ccccc1 0.0000000 0.0000 0.0244617 0.0245 0.9641843 2.8549
 | 9.0830 59.1748 50.7242 0.8585857 CN1C(=O)NC(C(=O)O)C(=C(O)C=CC=CN2CCCC2)C1=O 1 O=C1NCC(=CC=CC=CN2CCCC2)C(=O)N1 1.0000000 1.0000 0.6963807 0.6964 0.8460233 3.8901
 | 17.0261 54.0852 41.6630 0.7480321 CC(=CC=CC(O)=C1C(=O)OC(C)(C)OC1=O)N1CC(C)(O)CC1C 1 O=C1OCOC(=O)C1=CC=CC=CN1CCCC1 1.0000000 1.0000 0.5128324 0.5128 0.7008486 4.4454
 | 8.4533 33.5877 -33.5877 0.0000000 CC(=CC=CC(O)=C1C(=O)c2ccccc2C1=O)N1CCOCC1 1 O=C1C(=CC=CC=CN2CCOCC2)C(=O)c2ccccc21 1.0000000 1.0000 0.3997015 0.3997 0.9654131 2.8313
01:51:37 <INFO> Score: 0.20 Agent NLL: 11.14 Valid: 100% Step: 52
 | Agent Prior Target Score SMILES SMILES_state Scaffold DASA DASA (raw) Solubility Solubility (raw) SA SA (raw)
 | 16.4585 51.8760 -51.8760 0.0000000 CCCCN(CCC)C(C)=CC=CC(O)=C1C(=O)OC(C)(C)OC1=O 1 C=C1C(=O)OCOC1=O 1.0000000 1.0000 0.2743046 0.2743 0.9285998 3.3288
 | 15.8355 64.5984 51.7505 0.9089754 CCn1c(=CCOC(C)=O)oc(=O)c(=C(O)C=CC=CN(CCO)CCO)c1=O 1 C=c1[nH]c(=O)c(=C)c(=O)o1 1.0000000 1.0000 0.8350615 0.8351 0.8305992 3.9643
 | 21.3550 81.7356 12.0365 0.7325949 C=C1NC(=O)C(=C(O)C=CC=CN(C)CCCN=[N+]=[N-])C1=C(O)C=CN(C)CCO 1 C=C1NC(=O)C(=C)C1=C 1.0000000 1.0000 0.4589563 0.4590 0.7628437 4.2389
 | 7.9535 56.1809 48.2426 0.8158089 CC(N=C1NC(=O)C(=C(O)C=CC=CN(CCO)CCO)C(=O)O1)c1ccccc1 1 C=C1C(=O)NC(=NCc2ccccc2)OC1=O 1.0000000 1.0000 0.6147554 0.6148 0.8046559 4.0778
 | 11.5150 43.8051 -43.8051 0.0000000 CC(C=CN(C)CCO)=CC(O)=C1C(=O)NC(=O)NC1=O 1 C=C1C(=O)NC(=O)NC1=O 1.0000000 1.0000 0.8022847 0.8023 0.9098345 3.4941
 | 8.4039 51.7908 -51.7908 0.0000000 CCN(C=CC(C)=CC(O)=C1C(=O)NC(=O)C1=O)c1ccccc1 1 O=C1NC(=O)C(=CC=CC=CNc2ccccc2)C1=O 1.0000000 1.0000 0.5144520 0.5145 0.9424853 3.1783
 | 9.4629 58.2229 -58.2229 0.0000000 CC(=CC=CC(O)=C1C(=O)NNC1=O)N(C)CCO 1 C=C1C(=O)NNC1=O 1.0000000 1.0000 0.8303072 0.8303 0.8801841 3.7009
 | 14.5511 37.6067 -37.5897 0.0001330 CC(=CC(O)=C1C(=O)c2ccccc2C1=O)N(CCO)CCO 1 C=C1C(=O)c2ccccc2C1=O 0.0000000 0.0000 0.6454832 0.6455 0.9598973 2.9314
 | 7.4985 44.1711 -44.1711 0.0000000 CN1C(=O)C(=C(O)C=CC=CN(CCO)CCO)C(=O)N(C)C1=O 1 C=C1C(=O)NC(=O)NC1=O 1.0000000 1.0000 0.8110528 0.8111 0.9206993 3.4027
 | 10.0152 44.6312 55.7863 0.7845121 C=C1OC(=O)C1=C(O)C=CC=CN1CCCCC1 1 C=C1OC(=O)C1=CC=CC=CN1CCCCC1 1.0000000 1.0000 0.5087626 0.5088 0.9125291 3.4724
01:51:37 <INFO> Score: 0.21 Agent NLL: 12.10 Valid: 100% Step: 53
 | Agent Prior Target Score SMILES SMILES_state Scaffold DASA DASA (raw) Solubility Solubility (raw) SA SA (raw)
 | 31.3674 37.8470 -37.8343 0.0000999 CCOc1ccc(S(C)(=O)=O)cc1C(=O)N1CCC(C)(N2CCC(C(C)=CCO)CC2)CC1 1 O=C(c1ccccc1)N1CCC(N2CCCCC2)CC1 0.0000000 0.0000 0.2732419 0.2732 0.9621060 2.8930
 | 13.6654 57.3159 -7.3608 0.3902746 CC(=CC=CC(O)=C1C(=O)N(c2ccccc2)N=C1C(F)(F)F)N1CCc2ccccc21 1 O=C1C(=CC=CC=CN2CCc3ccccc32)C=NN1c1ccccc1 1.0000000 1.0000 0.0610989 0.0611 0.9530945 3.0381
 | 6.4905 55.7170 -55.7170 0.0000000 O=C1NNC(=O)C(=C(O)C=CC=CN(CCO)CCO)C(=O)N1 1 C=C1C(=O)NNC(=O)NC1=O 1.0000000 1.0000 0.8786455 0.8786 0.8833137 3.6814
 | 6.6705 52.9515 -52.9515 0.0000000 CN1C(=O)OC(=O)C(=C(O)C=CC=CN2CCCC2)C1=O 1 O=C1NC(=O)C(=CC=CC=CN2CCCC2)C(=O)O1 1.0000000 1.0000 0.6596268 0.6596 0.9188803 3.4188
 | 14.9363 55.3440 -55.3307 0.0001036 CC1=NN(c2ccccc2)C(=O)C1=CC=C(O)C=CC=CN1CCOCC1 1 O=C1C(=CC=CC=CC=CN2CCOCC2)C=NN1c1ccccc1 0.0000000 0.0000 0.3089627 0.3090 0.9422067 3.1816
 | 9.1566 56.1286 -56.1286 0.0000000 O=C1Nc2ccccc2C1=C(O)C=CC=CN(CCO)CCO 1 C=C1C(=O)Nc2ccccc21 1.0000000 1.0000 0.6322447 0.6322 0.9455110 3.1410
 | 5.5771 47.7083 -47.7083 0.0000000 CC(=CC=CC(O)=C1C(=O)NC(=S)NC1=O)N(CCO)CCO 1 C=C1C(=O)NC(=S)NC1=O 1.0000000 1.0000 0.8177733 0.8178 0.9139389 3.4608
 | 9.1572 46.1298 -46.1298 0.0000000 CC(C=CN(CCO)CCO)=CC(O)=C1C(=O)Nc2ccccc21 1 C=C1C(=O)Nc2ccccc21 1.0000000 1.0000 0.5754602 0.5755 0.9364977 3.2469
 | 14.9233 49.9178 26.0992 0.5938823 CCCCN(CCCC)C(C)=CC=CC(O)=C1CC(=S)NC1=O 1 C=C1CC(=S)NC1=O 1.0000000 1.0000 0.2228510 0.2229 0.8972251 3.5885
 | 6.2286 54.0349 -54.0349 0.0000000 CC(=CC=CC(O)=C1C(=O)NNC1=O)N(CCO)CCO 1 C=C1C(=O)NNC1=O 1.0000000 1.0000 0.8600734 0.8601 0.8889325 3.6451
01:51:38 <INFO> Score: 0.21 Agent NLL: 12.15 Valid: 100% Step: 54
 | Agent Prior Target Score SMILES SMILES_state Scaffold DASA DASA (raw) Solubility Solubility (raw) SA SA (raw)
 | 12.6281 59.6628 31.8656 0.7150654 CN1C(=O)C(=C(O)C=CC=CN2CCCC2)C(C(F)(F)F)=C1C#N 1 O=C1NC=CC1=CC=CC=CN1CCCC1 1.0000000 1.0000 0.3918562 0.3919 0.8858160 3.6654
 | 6.9097 41.9302 -41.9302 0.0000000 O=C1NC(=S)NC(=O)C1=C(O)C=CC=CN1CCCCCC1 1 O=C1NC(=S)NC(=O)C1=CC=CC=CN1CCCCCC1 1.0000000 1.0000 0.6189719 0.6190 0.9402537 3.2046
 | 7.8191 39.3140 -39.3140 0.0000000 CN(C)C=CC=CC(O)=C1C(=O)OC(C)(C)OC1=O 1 C=C1C(=O)OCOC1=O 1.0000000 1.0000 0.6589171 0.6589 0.9244858 3.3682
 | 8.4066 44.7637 -44.7637 0.0000000 CC1=NNC(=O)C1=C(O)C=CC=CN1CCCC1 1 O=C1NN=CC1=CC=CC=CN1CCCC1 1.0000000 1.0000 0.6488097 0.6488 0.8999522 3.5690
 | 8.5457 57.8237 -57.8237 0.0000000 CC(C=CN1CCCCC1)=CC(O)=C1C(=O)NNC1=O 1 O=C1NNC(=O)C1=CC=CC=CN1CCCCC1 1.0000000 1.0000 0.6903651 0.6904 0.9036644 3.5417
 | 12.0671 51.8514 6.7580 0.4578864 CC(C=CN1CCCc2ccccc21)=CC(O)=C1C(=O)Nc2ccccc21 1 O=C1Nc2ccccc2C1=CC=CC=CN1CCCc2ccccc21 1.0000000 1.0000 0.0984299 0.0984 0.9572055 2.9756
 | 12.1308 44.1697 -44.1697 0.0000000 CCCCN(C=CC=CC(O)=C1C(=O)OC(C)(C)OC1=O)CCO 1 C=C1C(=O)OCOC1=O 1.0000000 1.0000 0.5786360 0.5786 0.9173389 3.4322
 | 11.0277 55.1079 -55.1079 0.0000000 CN(C=CC=CC(O)=C1C(=O)NC(=S)NC1=O)CCCN=[N+]=[N-] 1 C=C1C(=O)NC(=S)NC1=O 1.0000000 1.0000 0.6657817 0.6658 0.8754547 3.7296
 | 10.6314 52.7458 -52.7458 0.0000000 CCCCN(C=CC(C)=CC(O)=C1C(=O)Nc2ccccc21)CCCC 1 C=C1C(=O)Nc2ccccc21 1.0000000 1.0000 0.0827806 0.0828 0.9512780 3.0641
 | 15.0377 15.3878 -15.3711 0.0001303 C[n+]1cccc2ccccc21 1 c1ccc2[nH+]cccc2c1 0.0000000 0.0000 0.5978267 0.5978 0.9859915 2.2288
01:51:39 <INFO> Score: 0.24 Agent NLL: 11.67 Valid: 100% Step: 55
 | Agent Prior Target Score SMILES SMILES_state Scaffold DASA DASA (raw) Solubility Solubility (raw) SA SA (raw)
 | 6.6974 41.2885 -41.2885 0.0000000 O=C1NC(=S)NC(=O)C1=C(O)C=CC=CN1CCOCC1 1 O=C1NC(=S)NC(=O)C1=CC=CC=CN1CCOCC1 1.0000000 1.0000 0.7682692 0.7683 0.9279621 3.3350
 | 12.6205 50.5312 -50.5312 0.0000000 CC(C=CN1CCCc2ccccc21)=CC(O)=C1C(=O)OC(C)(C)OC1=O 1 O=C1OCOC(=O)C1=CC=CC=CN1CCCc2ccccc21 1.0000000 1.0000 0.2418533 0.2419 0.9308847 3.3060
 | 8.3704 44.8450 -44.8450 0.0000000 CN(C=CC=CC(O)=C1C(=O)OC1=O)c1ccccc1 1 O=C1OC(=O)C1=CC=CC=CNc1ccccc1 1.0000000 1.0000 0.5297762 0.5298 0.9541503 3.0226
 | 12.7752 62.4423 47.0493 0.8554037 CC(C=CN(CCO)CCO)=c1cc(C)c(=C(O)C=CC=CN(C)O)c(=O)[nH]1 1 C=c1ccc(=C)c(=O)[nH]1 1.0000000 1.0000 0.7410131 0.7410 0.7442229 4.3042
 | 16.9724 58.1231 -58.1231 0.0000000 CC(O)=CCN(C=CC=CC(O)=C1C(=O)OC(C)(C)OC1=O)CCO 1 C=C1C(=O)OCOC1=O 1.0000000 1.0000 0.6048141 0.6048 0.8615213 3.8092
 | 9.2235 44.6248 -44.6248 0.0000000 O=C1Nc2ccccc2C1=C(O)C=CC=CN(CCO)CCO 1 C=C1C(=O)Nc2ccccc21 1.0000000 1.0000 0.6322447 0.6322 0.9455110 3.1410
 | 11.6208 46.2373 58.4701 0.8180270 O=C1NOC(=O)C1=C(O)C=CC=CN1CCc2ccccc2C1 1 O=C1NOC(=O)C1=CC=CC=CN1CCc2ccccc2C1 1.0000000 1.0000 0.5743106 0.5743 0.9194397 3.4139
 | 8.6044 47.2978 -47.2978 0.0000000 CC(=CC=CC(O)=C1C(=O)NC(=S)NC1=O)N1CCN(C)CC1 1 O=C1NC(=S)NC(=O)C1=CC=CC=CN1CCNCC1 1.0000000 1.0000 0.7269101 0.7269 0.9415672 3.1892
 | 17.5356 56.7170 23.0809 0.6234216 CC(C=CN1CC(C)N(C)CC1C)=CC(O)=C1C(=O)c2ccccc2C1=O 1 O=C1C(=CC=CC=CN2CCNCC2)C(=O)c2ccccc21 1.0000000 1.0000 0.2701887 0.2702 0.8263937 3.9836
 | 9.7378 52.5681 51.0158 0.8092491 CC1(C)CC(C(C)(C)O)C(=C(O)C=CC=CN(CCO)CCO)C(=O)O1 1 C=C1CCCOC1=O 1.0000000 1.0000 0.6236333 0.6236 0.7521513 4.2768
01:51:40 <INFO> Score: 0.27 Agent NLL: 10.23 Valid: 100% Step: 56
 | Agent Prior Target Score SMILES SMILES_state Scaffold DASA DASA (raw) Solubility Solubility (raw) SA SA (raw)
 | 9.6778 48.6424 56.6242 0.8223949 O=C1NOC(=O)C1=C(O)C=CC=CN1CCc2ccccc21 1 O=C1NOC(=O)C1=CC=CC=CN1CCc2ccccc21 1.0000000 1.0000 0.5830082 0.5830 0.9209613 3.4004
 | 14.2894 27.2804 -27.2622 0.0001418 CC1=NC(C)(C)OC(=O)C1=C1C(=O)NC(=O)NC1=O 1 O=C1NC(=O)C(=C2C=NCOC2=O)C(=O)N1 0.0000000 0.0000 0.7983146 0.7983 0.9286520 3.3283
 | 11.0000 52.8601 -52.8601 0.0000000 CC(=CC=CC(O)=C1C(=O)ON=C1C)N1CCN(C)CC1 1 O=C1ON=CC1=CC=CC=CN1CCNCC1 1.0000000 1.0000 0.6215260 0.6215 0.9196157 3.4123
 | 15.1009 47.1074 58.2998 0.8234943 CN(C)C=CC=CC(O)=C1OC(=O)N(CCN=[N+]=[N-])C1=O 1 C=C1OC(=O)NC1=O 1.0000000 1.0000 0.6126351 0.6126 0.8503835 3.8680
 | 7.0783 47.6549 -47.6549 0.0000000 O=C1NC(=S)OC(=O)C1=C(O)C=CC=CN(CCO)CCO 1 C=C1C(=O)NC(=S)OC1=O 1.0000000 1.0000 0.8227051 0.8227 0.8724293 3.7475
 | 8.9031 41.1315 -41.1315 0.0000000 CC(C=CN1CCOCC1)=CC(O)=C1C(=O)NC(=S)NC1=O 1 O=C1NC(=S)NC(=O)C1=CC=CC=CN1CCOCC1 1.0000000 1.0000 0.7289719 0.7290 0.9167014 3.4376
 | 9.1932 48.0975 -48.0975 0.0000000 CC1=NN(c2ccccc2)NC(=O)C1=C(O)C=CC=CN(C)O 1 C=C1C=NN(c2ccccc2)NC1=O 1.0000000 1.0000 0.4990339 0.4990 0.9112708 3.4826
 | 16.8450 50.5270 61.6849 0.8766554 C=C1CCNC(=O)C1=C(O)C=CC=C(C)N(CCO)CCO 1 C=C1CCNC(=O)C1=C 1.0000000 1.0000 0.7252760 0.7253 0.8789639 3.7084
 | 10.1778 47.7744 41.5166 0.6975860 C=C1C(=O)OC(=O)C1=C(O)C=CC=C(C)N(C)c1ccccc1 1 C=C1C(=O)OC(=O)C1=CC=CC=CNc1ccccc1 1.0000000 1.0000 0.3529482 0.3529 0.9341017 3.2727
 | 18.9474 50.6719 56.6226 0.8382383 CN(C=CC=CC(O)=C1C(=O)N=C1NN)c1ccccc1 1 O=C1N=CC1=CC=CC=CNc1ccccc1 1.0000000 1.0000 0.6135041 0.6135 0.9311050 3.3038
01:51:40 <INFO> Sampled SMILES N1C(=O)C(=C(O)C=CC=CN(CCO)CCO)C(=CC=C(C)C(=C)C=C)(C)O1 failed to sanitize.
01:51:40 <INFO> Score: 0.23 Agent NLL: 11.54 Valid:  98% Step: 57
 | Agent Prior Target Score SMILES SMILES_state Scaffold DASA DASA (raw) Solubility Solubility (raw) SA SA (raw)
 | 6.2500 47.0523 -47.0523 0.0000000 C=C1C(=C(O)C=CC=C(C)N(CCO)CCO)C(=O)CC1O 1 C=C1CCC(=O)C1=C 1.0000000 1.0000 0.7408970 0.7409 0.7923748 4.1275
 | 8.3217 58.1569 39.9691 0.7666092 CCN1CC(C(C)C)C(=C(O)C=CC=CN2CCN(C)CC2)C1=O 1 O=C1NCCC1=CC=CC=CN1CCNCC1 1.0000000 1.0000 0.4942620 0.4943 0.8503321 3.8683
 | 6.0570 46.7663 -46.7663 0.0000000 C=C(C)C1CC(C)(C)OC(=O)C1=C(O)C=CC=CN(CCO)CCO 1 C=C1CCCOC1=O 1.0000000 1.0000 0.5308531 0.5309 0.7597191 4.2501
 | 7.0601 47.7511 66.5445 0.8929339 C=C1C(=O)OC(=O)C1=C(O)C=CC=C(C)N(CCO)CCO 1 C=C1C(=C)C(=O)OC1=O 1.0000000 1.0000 0.7612968 0.7613 0.8893688 3.6422
 | 11.5979 44.5554 57.8090 0.7997216 CN(C=CC=CC(O)=C1C(=O)CCC1(C)C)CCO 1 C=C1CCCC1=O 1.0000000 1.0000 0.5509262 0.5509 0.8780423 3.7140
 | 21.5997 24.5807 -24.5630 0.0001384 C=C1CCN2CCC(O)C2C1 1 C=C1CCN2CCCC2C1 0.0000000 0.0000 0.7631687 0.7632 0.8852684 3.6689
 | 7.5887 49.5065 -49.5065 0.0000000 CC1=NOC(=O)C1=C(O)C=CC=CN1CCN(C)CC1 1 O=C1ON=CC1=CC=CC=CN1CCNCC1 1.0000000 1.0000 0.6756653 0.6757 0.9049087 3.5323
 | 11.9315 46.9854 52.0114 0.7734118 CC(=CC=CC(O)=C1C(=O)NC(=O)OC1=O)N(C)c1ccccc1 1 O=C1NC(=O)C(=CC=CC=CNc2ccccc2)C(=O)O1 1.0000000 1.0000 0.4797835 0.4798 0.9382691 3.2273
 | 8.0810 44.6805 -44.6805 0.0000000 CC(=CC=CC(O)=C1C(=O)NC(=O)NC1=O)N1CCN(C)CC1 1 O=C1NC(=O)C(=CC=CC=CN2CCNCC2)C(=O)N1 1.0000000 1.0000 0.7507087 0.7507 0.9493926 3.0902
 | 10.6529 44.2458 52.3176 0.7544013 O=C1COC(=O)C1=C(O)C=CC=CN1CCCc2ccccc21 1 O=C1COC(=O)C1=CC=CC=CN1CCCc2ccccc21 1.0000000 1.0000 0.4433037 0.4433 0.9455516 3.1404
01:51:41 <INFO> Score: 0.26 Agent NLL: 12.36 Valid: 100% Step: 58
 | Agent Prior Target Score SMILES SMILES_state Scaffold DASA DASA (raw) Solubility Solubility (raw) SA SA (raw)
 | 9.9534 48.1901 -48.1901 0.0000000 CC(=CC=CC(O)=C1C(=O)N(c2ccccc2)N=C1C)N1CCN(C)CC1 1 O=C1C(=CC=CC=CN2CCNCC2)C=NN1c1ccccc1 1.0000000 1.0000 0.3425949 0.3426 0.9626157 2.8839
 | 10.8773 57.7466 48.7424 0.8319452 CC(O)C1C(=O)N(c2ccccc2)C(=O)C1=C(O)C=CC=CN(CCO)CCO 1 C=C1CC(=O)N(c2ccccc2)C1=O 1.0000000 1.0000 0.6460740 0.6461 0.8175294 4.0230
 | 12.7656 50.0250 59.7567 0.8576698 CC1=C(C(=O)O)C(=C(O)C=CC=CN(C)O)C(=O)N(C)N1O 1 C=C1C=CNNC1=O 1.0000000 1.0000 0.7009264 0.7009 0.8317714 3.9588
 | 8.7439 44.3093 61.4238 0.8260404 CN(C=CC=CC(O)=C1C(=O)N(C)CCC1(C)C)CCO 1 C=C1CCCNC1=O 1.0000000 1.0000 0.6038155 0.6038 0.8864912 3.6610
 | 14.8989 52.5372 -52.5372 0.0000000 CC(C=CN1CCc2ccccc21)=CC(O)=C1C(=O)NC(=O)NC1=O 1 O=C1NC(=O)C(=CC=CC=CN2CCc3ccccc32)C(=O)N1 1.0000000 1.0000 0.5346638 0.5347 0.9406072 3.2005
 | 12.7490 46.0910 57.6334 0.8103472 O=C1NC(=S)NC(=O)C1=C(O)C=CC=CN1CCc2ccccc2C1 1 O=C1NC(=S)NC(=O)C1=CC=CC=CN1CCc2ccccc2C1 1.0000000 1.0000 0.5512262 0.5512 0.9401476 3.2058
 | 9.5501 51.5495 -51.5495 0.0000000 CC(=CC=CC(O)=C1C(=O)NC(=S)NC1=O)N1CCCc2ccccc21 1 O=C1NC(=S)NC(=O)C1=CC=CC=CN1CCCc2ccccc21 1.0000000 1.0000 0.4385077 0.4385 0.9468521 3.1238
 | 13.5395 56.4907 26.7840 0.6505838 CCN1C(=O)C(=C(O)C=CC=C(C)N2CCCCCCC2)C(=O)N(CC)C1=O 1 O=C1NC(=O)C(=CC=CC=CN2CCCCCCC2)C(=O)N1 1.0000000 1.0000 0.2826161 0.2826 0.9555369 3.0016
 | 12.7347 50.6072 55.6385 0.8300444 CC(=CC=CC(O)=C1C(=O)OC(C)(C)NC1(C)C)N(CCO)CCO 1 C=C1CNCOC1=O 1.0000000 1.0000 0.6337629 0.6338 0.8354297 3.9417
 | 10.1379 53.9469 -53.9469 0.0000000 CN(C=CC=CC(O)=C1C(=O)NC(=O)NC1=O)CCCN=[N+]=[N-] 1 C=C1C(=O)NC(=O)NC1=O 1.0000000 1.0000 0.6939445 0.6939 0.8911099 3.6306
01:51:42 <INFO> Sampled SMILES O(C)C(=C1C(=O)N(C)C(=O)N(C)C1=O)=CC=C(N1CCCCCC1)C failed to sanitize.
01:51:42 <INFO> Score: 0.22 Agent NLL: 11.52 Valid:  99% Step: 59
 | Agent Prior Target Score SMILES SMILES_state Scaffold DASA DASA (raw) Solubility Solubility (raw) SA SA (raw)
 | 10.1436 44.8795 -44.8795 0.0000000 O=C1NC(=S)NC(=O)C1=C(O)C=CC=CN1CCCc2ccccc21 1 O=C1NC(=S)NC(=O)C1=CC=CC=CN1CCCc2ccccc21 1.0000000 1.0000 0.5015436 0.5015 0.9443403 3.1556
 | 12.4711 47.6059 -47.6059 0.0000000 CC(C=CN1CCCCCC1)=CC(O)=C1C(=O)NC(=S)NC1=O 1 O=C1NC(=S)NC(=O)C1=CC=CC=CN1CCCCCC1 1.0000000 1.0000 0.5611558 0.5612 0.9305917 3.3090
 | 14.9154 28.2603 -28.2424 0.0001397 CC=CC=CN(C)C=C1C(=O)NC(=O)NC1=O 1 C=C1C(=O)NC(=O)NC1=O 0.0000000 0.0000 0.7751871 0.7752 0.9043236 3.5367
 | 10.0723 40.5994 -40.5994 0.0000000 CC(=CC=CC(O)=C1C(=O)OC(C)(C)OC1=O)N1CCOCC1 1 O=C1OCOC(=O)C1=CC=CC=CN1CCOCC1 1.0000000 1.0000 0.5997601 0.5998 0.9342474 3.2712
 | 10.7492 58.0754 -58.0754 0.0000000 CC1=C(C(=O)O)C(=C(O)C=CC=CN(C)CCO)C(=O)N(C)N1c1ccccc1 1 C=C1C=CN(c2ccccc2)NC1=O 1.0000000 1.0000 0.4770514 0.4771 0.9121583 3.4754
 | 6.4524 43.8656 -43.8656 0.0000000 O=C1NC(=O)C(=C(O)C=CC=CN2CCCC2)C(=O)O1 1 O=C1NC(=O)C(=CC=CC=CN2CCCC2)C(=O)O1 1.0000000 1.0000 0.7041889 0.7042 0.9170054 3.4350
 | 7.1575 44.5834 -44.5834 0.0000000 O=C1NNC(=O)C1=C(O)C=CC=CN1CCOCC1 1 O=C1NNC(=O)C1=CC=CC=CN1CCOCC1 1.0000000 1.0000 0.8189622 0.8190 0.9055154 3.5277
 | 13.3588 52.3006 17.8311 0.5479037 CC1=CCC(=O)C1=C(O)C=CC=C(C)N1CCc2ccccc21 1 O=C1CC=CC1=CC=CC=CN1CCc2ccccc21 1.0000000 1.0000 0.1708878 0.1709 0.9353048 3.2599
 | 9.0886 48.5674 -48.5674 0.0000000 CC(C=CN(C)C)=CC(O)=C1C(=O)OC(=O)N(C)C1=O 1 C=C1C(=O)NC(=O)OC1=O 1.0000000 1.0000 0.6832519 0.6833 0.9051334 3.5306
 | 10.8770 44.0111 -44.0111 0.0000000 CC(C=CN1CCCCCC1)=CC(O)=C1C(=O)NC(=S)NC1=O 2 O=C1NC(=S)NC(=O)C1=CC=CC=CN1CCCCCC1 0.0000000 1.0000 0.0000000 0.5612 0.0000000 3.3090
01:51:42 <INFO> Sampled SMILES C(C(C)=CC(O)=c1c(O)c(O)c(OC)c(=C(C)C)c1O)=C(C)C=CN(CCO)CCO failed to sanitize.
01:51:43 <INFO> Score: 0.29 Agent NLL: 11.68 Valid:  99% Step: 60
 | Agent Prior Target Score SMILES SMILES_state Scaffold DASA DASA (raw) Solubility Solubility (raw) SA SA (raw)
 | 13.0838 52.3412 54.2853 0.8330191 CC(=CC=CC(O)=C1C(=O)C2C(NC(=O)C(N)c3ccccc3)C(=O)N2C1C(=O)O)N(CCO)CCO 1 C=C1CN2C(=O)C(NC(=O)Cc3ccccc3)C2C1=O 1.0000000 1.0000 0.7302160 0.7302 0.6643525 4.5552
 | 20.4850 49.1827 -49.1733 0.0000734 OC(C=CC=CN1CCCc2ccccc21)=C1NC=Nc2ccccc21 1 C(=CC=C1NC=Nc2ccccc21)C=CN1CCCc2ccccc21 0.0000000 0.0000 0.1104394 0.1104 0.9351064 3.2620
 | 5.9643 47.9852 -47.9852 0.0000000 C=C(C)C1CCN(C)C(=O)C1=C(O)C=CC=CN(C)CCO 1 C=C1CCCNC1=O 1.0000000 1.0000 0.5801809 0.5802 0.8030745 4.0843
 | 6.2751 53.4785 -53.4785 0.0000000 CCN1C(=O)OC(=O)C(=C(O)C=CC=CN2CCOCC2)C1=O 1 O=C1NC(=O)C(=CC=CC=CN2CCOCC2)C(=O)O1 1.0000000 1.0000 0.6837241 0.6837 0.9245471 3.3676
 | 17.5260 53.1732 36.9739 0.7042742 CCC(=CC=CC(O)=C1C(=O)N(C)C(=O)N(C)C1=O)N1CCc2ccccc21 1 O=C1NC(=O)C(=CC=CC=CN2CCc3ccccc32)C(=O)N1 1.0000000 1.0000 0.3608205 0.3608 0.9448978 3.1487
 | 9.2905 48.6378 66.7008 0.9010828 CC=c1o[nH]c(=O)c1=C(O)C=CC=CN(CCO)CCO 1 C=c1o[nH]c(=O)c1=C 1.0000000 1.0000 0.8426359 0.8426 0.7809886 4.1717
 | 9.2687 60.6038 50.6302 0.8690153 O=C1NC(=O)C(=c2o[nH]c(=O)c2=C(O)C=CC=CN2CCc3ccccc32)C(=O)N1 1 O=C1NC(=O)C(=c2o[nH]c(=O)c2=CC=CC=CN2CCc3ccccc32)C(=O)N1 1.0000000 1.0000 0.7044665 0.7045 0.8833612 3.6811
 | 15.9218 51.4703 30.5693 0.6409342 C=C(C)C1CC(=O)C(=C(O)C=CC=C(C)N(CCO)CCO)C(C(=C)C)C1 1 C=C1CCCCC1=O 1.0000000 1.0000 0.3199416 0.3199 0.7110444 4.4134
 | 17.9544 35.5827 -35.5669 0.0001230 CNC(=O)C=C(C)C=CN1CCCCCCC1 1 C1CCCNCCC1 0.0000000 0.0000 0.5100315 0.5100 0.9651435 2.8365
 | 21.5885 68.3609 -68.3464 0.0001131 CC(C=CC=CC(C)=CC(O)=C1C(=O)C(=O)C=C1C)=CC(O)=C1C(=O)NC(=S)NC1=O 1 O=C1C=CC(=CC=CC=CC=CC=CC=C2C(=O)NC(=S)NC2=O)C1=O 0.0000000 0.0000 0.4234948 0.4235 0.8589398 3.8232
01:51:43 <INFO> Sampled SMILES N1C(=O)C(=C(O)C=CC=CN2CCOCC2)C(C(F)(F)F)=NN1=C failed to sanitize.
01:51:43 <INFO> Score: 0.33 Agent NLL: 11.73 Valid:  99% Step: 61
 | Agent Prior Target Score SMILES SMILES_state Scaffold DASA DASA (raw) Solubility Solubility (raw) SA SA (raw)
 | 7.6240 45.8642 60.2547 0.8290535 CC1=CC(=O)C(=O)C1=C(O)C=CC=C(C)N1CCOCC1 1 O=C1C=CC(=CC=CC=CN2CCOCC2)C1=O 1.0000000 1.0000 0.5912553 0.5913 0.9374582 3.2363
 | 10.1476 50.3923 -50.3923 0.0000000 CC(C=CN(C)c1ccccc1)=CC(O)=C1C(=O)NN=C1C(F)(F)F 1 O=C1NN=CC1=CC=CC=CNc1ccccc1 1.0000000 1.0000 0.2686377 0.2686 0.9153171 3.4493
 | 17.5745 37.8551 -37.8396 0.0001212 CN(CC=CC=CN1CCCc2ccccc21)CCO 1 c1ccc2c(c1)CCCN2 0.0000000 0.0000 0.4885578 0.4886 0.9620056 2.8948
 | 9.6349 51.9754 37.2976 0.6974455 CC(C=CN(C)c1ccccc1)=CC(O)=C1C(=O)NC(=O)C=C1C 1 O=C1C=CC(=CC=CC=CNc2ccccc2)C(=O)N1 1.0000000 1.0000 0.3526934 0.3527 0.9342941 3.2707
 | 10.9135 33.8352 -33.8352 0.0000000 CC(=CC=CC(O)=C1C(=O)c2ccccc2C1=O)N1CCOCC1 1 O=C1C(=CC=CC=CN2CCOCC2)C(=O)c2ccccc21 1.0000000 1.0000 0.3997015 0.3997 0.9654131 2.8313
 | 8.3918 44.0898 -44.0898 0.0000000 O=C1NC(=O)C(=C(O)C=CC=CN(CCO)CCO)C(=O)O1 1 C=C1C(=O)NC(=O)OC1=O 1.0000000 1.0000 0.8404184 0.8404 0.8898019 3.6393
 | 11.5270 48.0841 -48.0841 0.0000000 CCCCN(CCCC)C(C)=CC=CC(O)=C1C(=O)NC(=O)NC1=O 1 C=C1C(=O)NC(=O)NC1=O 1.0000000 1.0000 0.4668738 0.4669 0.9438924 3.1611
 | 6.3756 48.1096 -48.1096 0.0000000 CN1CCN(C=CC=CC(O)=C2C(=O)NC(=S)NC2=O)CC1 1 O=C1NC(=S)NC(=O)C1=CC=CC=CN1CCNCC1 1.0000000 1.0000 0.7660862 0.7661 0.9327222 3.2872
 | 14.6118 31.1414 -31.1236 0.0001383 CC(C=NO)=C1C(=O)OC(=O)N1C 1 C=C1NC(=O)OC1=O 0.0000000 0.0000 0.7874873 0.7875 0.8346725 3.9452
 | 7.3123 44.7456 -44.7456 0.0000000 C=C1CCC(=O)C1=C(O)C=CC=C(C)N(CCO)CCO 1 C=C1CCC(=O)C1=C 1.0000000 1.0000 0.6470892 0.6471 0.8936567 3.6133
01:51:44 <INFO> Score: 0.29 Agent NLL: 12.10 Valid: 100% Step: 62
 | Agent Prior Target Score SMILES SMILES_state Scaffold DASA DASA (raw) Solubility Solubility (raw) SA SA (raw)
 | 24.3582 56.2870 47.1216 0.8078796 CC(=CC=CC(O)=C1C(=O)NC(=O)C1NOS(=O)(=O)c1ccc(C)cc1)N1CCN(C)CC1 1 O=C1NC(=O)C(NOS(=O)(=O)c2ccccc2)C1=CC=CC=CN1CCNCC1 1.0000000 1.0000 0.5732774 0.5733 0.8638359 3.7964
 | 6.7833 45.2114 58.5444 0.8105924 CC1=C(C)C(=C(O)C=CC=CN2CCCC2)C(=O)NC1=O 1 O=C1C=CC(=CC=CC=CN2CCCC2)C(=O)N1 1.0000000 1.0000 0.5547597 0.5548 0.9311717 3.3031
 | 12.3956 46.6909 -46.6909 0.0000000 CC(C=CN1CCCC1)=CC(O)=C1C(=O)N(C)C(=O)N(C)C1=O 1 O=C1NC(=O)C(=CC=CC=CN2CCCC2)C(=O)N1 1.0000000 1.0000 0.6053218 0.6053 0.9319894 3.2947
 | 10.1698 49.3466 -49.3466 0.0000000 CC(=CC=CC(O)=C1C(=O)NNC1=O)N(C)CCO 1 C=C1C(=O)NNC1=O 1.0000000 1.0000 0.8303072 0.8303 0.8801841 3.7009
 | 17.0098 27.2664 -27.2496 0.0001313 COC(=O)C1=C(C)N(C(C)C)C(=O)N(C)C1C 1 O=C1NC=CCN1 0.0000000 0.0000 0.6302084 0.6302 0.9362944 3.2491
 | 12.0201 58.4120 3.4023 0.4829241 CCCCCCCCC(=CC=CC(O)=C1C(=O)N(C)C(=S)N(C)C1=O)N1CCCCC1 1 O=C1NC(=S)NC(=O)C1=CC=CC=CN1CCCCC1 1.0000000 1.0000 0.1163918 0.1164 0.9440600 3.1591
 | 9.8256 66.1002 -66.1002 0.0000000 CCN(C=CC(C)=c1o[nH]c(=O)c1=C(O)C=CC=CN(CCO)CCO)CC 1 C=c1o[nH]c(=O)c1=C 1.0000000 1.0000 0.7331725 0.7332 0.7521375 4.2769
 | 7.4070 45.8642 -45.8642 0.0000000 CC1=CC(=O)C(=O)C1=C(O)C=CC=C(C)N1CCOCC1 1 O=C1C=CC(=CC=CC=CN2CCOCC2)C1=O 1.0000000 1.0000 0.5912553 0.5913 0.9374582 3.2363
 | 10.7410 47.5580 50.8294 0.7686521 CC1=CCC(=O)C1=C(O)C=CC=C(C)N1CCOCC1 1 O=C1CC=CC1=CC=CC=CN1CCOCC1 1.0000000 1.0000 0.4762609 0.4763 0.9201381 3.4077
 | 18.4310 61.8914 40.1729 0.7973780 CC(O)C(=O)NC1C(=O)N2C(C(=O)O)C(=C(O)C=CC=CN(C)c3ccccc3)C(=O)N(C)C12 1 O=C1NC2CC(=O)N2CC1=CC=CC=CNc1ccccc1 1.0000000 1.0000 0.6509501 0.6510 0.6456971 4.6090
01:51:45 <INFO> Score: 0.31 Agent NLL: 12.01 Valid: 100% Step: 63
 | Agent Prior Target Score SMILES SMILES_state Scaffold DASA DASA (raw) Solubility Solubility (raw) SA SA (raw)
 | 11.1930 55.1535 -55.1395 0.0001100 CN(C=CC=CC=CC(O)=C1C(=O)OC(C)(C)OC1=O)CCCN=[N+]=[N-] 1 C=C1C(=O)OCOC1=O 0.0000000 0.0000 0.3897516 0.3898 0.8586331 3.8248
 | 19.8678 20.0647 -20.0472 0.0001365 CC(=O)Nc1ccc(S(=O)(=O)N(C)C)cc1 1 c1ccccc1 0.0000000 0.0000 0.6845575 0.6846 0.9944826 1.6162
 | 9.8413 50.9089 -50.9089 0.0000000 CN(C=CC=CC(O)=C1C(=O)NN=C1C(F)(F)F)CCO 1 C=C1C=NNC1=O 1.0000000 1.0000 0.6921580 0.6922 0.8652103 3.7888
 | 15.4167 54.8889 61.4960 0.9092565 CC1=NNC(=O)C1=C(O)C=CC=CN(CCO)CCO 1 C=C1C=NNC1=O 1.0000000 1.0000 0.8149183 0.8149 0.8682685 3.7716
 | 6.8139 41.8912 -41.8912 0.0000000 CN1C(=O)C(=C(O)C=CC=CN2CCOCC2)C(=O)N(C)C1=O 1 O=C1NC(=O)C(=CC=CC=CN2CCOCC2)C(=O)N1 1.0000000 1.0000 0.7196373 0.7196 0.9388744 3.2204
 | 13.5331 66.4473 23.2472 0.7007390 CC(C=CN1CCCc2ccccc21)=CC(O)=C1C(=O)OC2C(C(C)O)C(=O)N2C1C(=O)O 1 O=C1OC2CC(=O)N2CC1=CC=CC=CN1CCCc2ccccc21 1.0000000 1.0000 0.4471266 0.4471 0.6322913 4.6469
 | 19.2233 38.9850 -38.9725 0.0000979 CC(C)=CCCC(C)=CCC(O)=C1C(=O)OC(C)(C)OC1=O 1 C=C1C(=O)OCOC1=O 0.0000000 0.0000 0.2613652 0.2614 0.9342990 3.2706
 | 27.7177 20.1883 -20.1772 0.0000866 COc1ccc(C(=O)C=Cc2ccc3ncccc3c2)cc1 1 O=C(C=Cc1ccc2ncccc2c1)c1ccccc1 0.0000000 0.0000 0.1747641 0.1748 0.9919770 1.8618
 | 5.9605 45.4581 55.2673 0.7869168 CC1=CC(=O)C1=C(O)C=CC=CN1CCCC1 1 O=C1C=CC1=CC=CC=CN1CCCC1 1.0000000 1.0000 0.5072420 0.5072 0.9321796 3.2928
 | 5.5652 47.6629 -47.6629 0.0000000 CC1=C(C)C(=C(O)C=CC=CN2CCCC2)C(=O)N1 1 O=C1NC=CC1=CC=CC=CN1CCCC1 1.0000000 1.0000 0.5064981 0.5065 0.9293874 3.3210
01:51:46 <INFO> Score: 0.32 Agent NLL: 11.48 Valid: 100% Step: 64
 | Agent Prior Target Score SMILES SMILES_state Scaffold DASA DASA (raw) Solubility Solubility (raw) SA SA (raw)
 | 10.3595 38.5035 -38.5035 0.0000000 O=C1NC(=O)C(=C(O)C=CC=CN2CCCC2)C(=O)N1 1 O=C1NC(=O)C(=CC=CC=CN2CCCC2)C(=O)N1 1.0000000 1.0000 0.7427731 0.7428 0.9406393 3.2001
 | 10.1196 50.6727 59.6933 0.8622340 CC(=CC=CC(O)=C1C(=O)NC1C(=O)O)N1CCCC1 1 O=C1NCC1=CC=CC=CN1CCCC1 1.0000000 1.0000 0.6938660 0.6939 0.8705620 3.7584
 | 8.2099 38.7929 -38.7929 0.0000000 CC(C=CN(C)C)=CC(O)=C1C(=O)OC(C)(C)OC1=O 1 C=C1C(=O)OCOC1=O 1.0000000 1.0000 0.6012544 0.6013 0.9152168 3.4502
 | 11.8236 19.7140 -19.6959 0.0001411 O=C1NNC(=O)C1=Cc1ccccc1 1 O=C1NNC(=O)C1=Cc1ccccc1 0.0000000 0.0000 0.7615342 0.7615 0.9815272 2.4119
 | 13.1049 47.6264 67.5966 0.9001798 CN1C(=O)CN(C=CC=CC(O)=C2C(=O)NOC2=O)C1=O 1 O=C1CN(C=CC=CC=C2C(=O)NOC2=O)C(=O)N1 1.0000000 1.0000 0.8039738 0.8040 0.8434421 3.9029
 | 11.7157 48.2312 63.1198 0.8699296 CCN1C(=O)NC(=O)C(=C(O)C=CC=C(C)N2CCN(C)CC2)C1=O 1 O=C1NC(=O)C(=CC=CC=CN2CCNCC2)C(=O)N1 1.0000000 1.0000 0.6764965 0.6765 0.9535136 3.0320
 | 9.6115 61.4637 -61.4637 0.0000000 CN1C(=O)C(=C(O)C=CC=C(CCCN=C(N)N)N2CCCC2)C(=O)N(C)C1=S 1 O=C1NC(=S)NC(=O)C1=CC=CC=CN1CCCC1 1.0000000 1.0000 0.6468966 0.6469 0.9168764 3.4361
 | 9.6767 49.7872 -49.7872 0.0000000 CN1C(=O)C(=C(O)C=CC=CN2CCOCC2)C(=O)OC1=S 1 O=C1NC(=S)OC(=O)C1=CC=CC=CN1CCOCC1 1.0000000 1.0000 0.6956820 0.6957 0.9059707 3.5242
 | 9.7396 58.3747 -58.3747 0.0000000 CC(=CC=c1o[nH]c(=O)c1=C(O)C=CC=CN(CCO)CCO)C(=O)O 1 C=c1o[nH]c(=O)c1=C 1.0000000 1.0000 0.8193076 0.8193 0.7846961 4.1575
 | 13.1776 46.7370 59.8169 0.8324527 O=C1ON=C(C(F)(F)F)C1=C(O)C=CC=CN1CCNCC1 1 O=C1ON=CC1=CC=CC=CN1CCNCC1 1.0000000 1.0000 0.6250310 0.6250 0.8690805 3.7669
01:51:46 <INFO> Score: 0.37 Agent NLL: 11.83 Valid: 100% Step: 65
 | Agent Prior Target Score SMILES SMILES_state Scaffold DASA DASA (raw) Solubility Solubility (raw) SA SA (raw)
 | 7.6208 48.4048 -48.4048 0.0000000 CN1CCN(C=CC=CC(O)=C2C(=O)NNC2=O)CC1 1 O=C1NNC(=O)C1=CC=CC=CN1CCNCC1 1.0000000 1.0000 0.8169676 0.8170 0.9136221 3.4635
 | 9.7181 61.6585 45.1131 0.8341530 CN1CC(O)(C(=O)O)C(=C(O)C=CC=CN2CCCCCC2)C1=O 1 O=C1NCCC1=CC=CC=CN1CCCCCC1 1.0000000 1.0000 0.6425976 0.6426 0.8368477 3.9349
 | 16.0363 58.4566 36.3659 0.7408009 CCCN(CCC)C(C)=CC=CC(O)=C1C(=O)N(C)C(O)=C1C(=O)O 1 C=C1C=CNC1=O 1.0000000 1.0000 0.4289233 0.4289 0.9104760 3.4890
 | 10.3676 53.4243 46.4599 0.7803461 CCN1C(=O)C(=C(O)C=CC=C(C)N2CCOCC2)C(=O)N(CC(C)C)C1=O 1 O=C1NC(=O)C(=CC=CC=CN2CCOCC2)C(=O)N1 1.0000000 1.0000 0.4905508 0.4906 0.9458255 3.1370
 | 15.3381 59.5163 46.1604 0.8255995 CC(=CC=CC(O)=C1C(=O)NC(=S)NC1=O)N(CCO)c1ccccc1 1 O=C1NC(=S)NC(=O)C1=CC=CC=CNc1ccccc1 1.0000000 1.0000 0.5821938 0.5822 0.9422612 3.1809
 | 12.3332 63.2532 28.1892 0.7143940 CC(C=CN1CCCc2ccccc21)=CC(O)=C1C(=O)N(C)C1C(=O)O 1 O=C1NCC1=CC=CC=CN1CCCc2ccccc21 1.0000000 1.0000 0.3952447 0.3952 0.8682762 3.7715
 | 12.2259 50.5453 60.6495 0.8687090 O=C1N=C(C(F)(F)F)C(=C(O)C=CC=CN(CCO)CCO)C(=O)N1 1 C=C1C=NC(=O)NC1=O 1.0000000 1.0000 0.7065313 0.7065 0.8772234 3.7190
 | 8.6089 55.6067 53.7605 0.8544311 CC1=C(C(=O)O)C(=C(O)C=CC=CN2CCOCC2)C(=O)N(C)N1O 1 O=C1NNC=CC1=CC=CC=CN1CCOCC1 1.0000000 1.0000 0.6712092 0.6712 0.8796363 3.7043
 | 8.9213 47.8530 -47.8530 0.0000000 CN1CCN(C=CC=CC(O)=C2C(=O)NNC2=O)CC1 2 O=C1NNC(=O)C1=CC=CC=CN1CCNCC1 0.0000000 1.0000 0.0000000 0.8170 0.0000000 3.4635
 | 9.4179 48.2425 63.5225 0.8731640 C=c1cc(C)c(=C(O)C=CC=CN2CCOCC2)c(=O)[nH]1 1 C=c1ccc(=CC=CC=CN2CCOCC2)c(=O)[nH]1 1.0000000 1.0000 0.7262979 0.7263 0.8586226 3.8249
01:51:47 <INFO> Sampled SMILES CN1CCN(C=CC=CC(=C2C(=O)NNC3=O)n(C)c4ccccc4c32)CC1 failed to sanitize.
01:51:47 <INFO> Score: 0.36 Agent NLL: 11.33 Valid:  99% Step: 66
 | Agent Prior Target Score SMILES SMILES_state Scaffold DASA DASA (raw) Solubility Solubility (raw) SA SA (raw)
 | 8.2732 50.7103 -50.7103 0.0000000 CN(C=CC=CC(O)=C1C(=O)N(C)CC1(O)C(=O)O)CCO 1 C=C1CCNC1=O 1.0000000 1.0000 0.8274918 0.8275 0.7615293 4.2436
 | 8.8507 53.4805 57.5720 0.8675971 CC(N=[N+]=[N-])=C1C(=O)NC(=O)C1=C(O)C=CC=CN(CCO)CCO 1 C=C1C(=C)C(=O)NC1=O 1.0000000 1.0000 0.7246269 0.7246 0.8336229 3.9502
 | 8.3358 46.5881 67.4320 0.8907822 CC1=CC(=O)C1=C(O)C=CC=CN(CCO)CCO 1 C=C1C=CC1=O 1.0000000 1.0000 0.7477408 0.7477 0.9062250 3.5223
 | 11.1488 38.4097 60.8066 0.7751269 CC(=CC=CC(O)=C1C(=O)CC(=O)C1(C)C)N(C)C 1 C=C1CC(=O)CC1=O 1.0000000 1.0000 0.5044875 0.5045 0.8693988 3.7651
 | 9.5989 50.7261 -50.7261 0.0000000 O=C1NC(=O)C(=C(O)C=CC=CN2CCC=N2)C1=O 1 O=C1NC(=O)C(=CC=CC=CN2CCC=N2)C1=O 1.0000000 1.0000 0.7938976 0.7939 0.8406466 3.9166
 | 9.0735 43.8867 65.1161 0.8515852 CC1(C)OC(=O)C(=C(O)C=C(O)C=CN2CCOCC2)C(=O)O1 1 O=C1OCOC(=O)C1=CC=CC=CN1CCOCC1 1.0000000 1.0000 0.6543506 0.6544 0.9037099 3.5413
 | 9.2149 49.7533 -49.7533 0.0000000 CN(C)C=CC=CC(O)=C1C(=O)N(c2ccccc2)CC1C(=O)O 1 C=C1CCN(c2ccccc2)C1=O 1.0000000 1.0000 0.4885474 0.4885 0.9126185 3.4717
 | 13.6580 58.3667 31.5289 0.7023090 CN1C(=O)C(=C(O)C=CC=C(CCCN=[N+]=[N-])N2CCCCC2)C(=O)N(C)C1=O 1 O=C1NC(=O)C(=CC=CC=CN2CCCCC2)C(=O)N1 1.0000000 1.0000 0.3652874 0.3653 0.9113026 3.4824
 | 12.2182 58.8823 -58.8655 0.0001314 C=c1[nH]c(=O)c(=C(O)C=CC=Cn2nc(C)c(C)c2C)c(=O)o1 1 C=c1[nH]c(=O)c(=CC=CC=Cn2cccn2)c(=O)o1 0.0000000 0.0000 0.6830144 0.6830 0.8178337 4.0217
 | 8.1244 37.9019 -37.9019 0.0000000 CN(C)C=CC=CC(O)=C1C(=O)NC(=O)C1=O 1 C=C1C(=O)NC(=O)C1=O 1.0000000 1.0000 0.8166165 0.8166 0.9347893 3.2654
01:51:48 <INFO> Score: 0.30 Agent NLL: 12.53 Valid: 100% Step: 67
 | Agent Prior Target Score SMILES SMILES_state Scaffold DASA DASA (raw) Solubility Solubility (raw) SA SA (raw)
 | 19.6116 20.0317 -20.0170 0.0001147 Cc1ccc(N=c2[nH]c(=N)c3ccccc3[nH]2)cc1 1 N=c1[nH]c(=Nc2ccccc2)[nH]c2ccccc12 0.0000000 0.0000 0.4135647 0.4136 0.9650398 2.8385
 | 9.7893 52.6900 52.4597 0.8214820 CC(C=CN1CCOCC1)=CC(O)=C1C(=O)OC(=O)C=C1C 1 O=C1C=CC(=CC=CC=CN2CCOCC2)C(=O)O1 1.0000000 1.0000 0.5887352 0.5887 0.9000773 3.5681
 | 27.6953 86.3083 -8.9334 0.6044910 CC1=NNC(=O)C(=C(O)C=CC=CC=CN(C)C=CC=CC(O)=C2CCC2=O)C1 1 O=C1CCC1=CC=CC=CNC=CC=CC=CC=C1CC=NNC1=O 1.0000000 1.0000 0.2676571 0.2677 0.7145522 4.4022
 | 16.2448 56.7091 -56.6940 0.0001179 CC(=CCC=CC=CC(O)=C1C(=O)ON=C1C)N1CCOCC1 1 O=C1ON=CC1=CC=CC=CCC=CN1CCOCC1 0.0000000 0.0000 0.4689974 0.4690 0.8928704 3.6187
 | 26.4211 30.7084 -30.6914 0.0001323 CC1=CCOc2c(O)n(C(C)C)c(=O)n21 1 O=c1[nH]cc2n1C=CCO2 0.0000000 0.0000 0.6646769 0.6647 0.8882278 3.6497
 | 11.4227 44.4165 51.1495 0.7466094 CC1=CN(C)C(=O)C1=C(O)C=CC=CN1CCCCC1 1 O=C1NC=CC1=CC=CC=CN1CCCCC1 1.0000000 1.0000 0.4387580 0.4388 0.9116892 3.4793
 | 8.6074 41.2043 -41.2043 0.0000000 CN1CCN(C=CC=CC(O)=C2C(=O)Nc3ccccc32)CC1 1 O=C1Nc2ccccc2C1=CC=CC=CN1CCNCC1 1.0000000 1.0000 0.4775978 0.4776 0.9600847 2.9282
 | 9.2668 54.1191 62.1307 0.9082012 O=C1NNC(C(=O)O)C1=C(O)C=CC=CN(CCO)CCO 1 C=C1CNNC1=O 1.0000000 1.0000 0.8790271 0.8790 0.7558783 4.2637
 | 9.9015 43.5385 66.1098 0.8566274 CC(C)=C1C(=O)NC(=O)C1=C(O)C=CC=CN(C)O 1 C=C1C(=C)C(=O)NC1=O 1.0000000 1.0000 0.6704099 0.6704 0.8934333 3.6148
 | 6.5088 50.9016 -50.9016 0.0000000 C=C1C(=O)OC(=O)C1=C(O)C=CC=C(C)N1CCN(C)CC1 1 C=C1C(=O)OC(=O)C1=CC=CC=CN1CCNCC1 1.0000000 1.0000 0.6459467 0.6459 0.9260471 3.3535
01:51:49 <INFO> Score: 0.36 Agent NLL: 11.78 Valid:  99% Step: 68
 | Agent Prior Target Score SMILES SMILES_state Scaffold DASA DASA (raw) Solubility Solubility (raw) SA SA (raw)
 | 9.3219 48.2859 -48.2859 0.0000000 CC1=CC(=O)C1=C(O)C=CC=C(C)N1CCCC1 1 O=C1C=CC1=CC=CC=CN1CCCC1 1.0000000 1.0000 0.4285097 0.4285 0.9450961 3.1462
 | 11.0537 48.4370 -48.4370 0.0000000 CC1=NN(c2ccccc2)C(=O)C1=C(O)C=CC=CN1CCCC1 1 O=C1C(=CC=CC=CN2CCCC2)C=NN1c1ccccc1 1.0000000 1.0000 0.2895693 0.2896 0.9605371 2.9205
 | 7.6919 43.7193 -43.7193 0.0000000 CN1CCN(C=CC=CC(O)=C2C(=O)NNC2=O)CC1 1 O=C1NNC(=O)C1=CC=CC=CN1CCNCC1 1.0000000 1.0000 0.8169676 0.8170 0.9136221 3.4635
 | 22.4027 45.7892 -45.7753 0.0001087 CC=CC=CC(O)=C1C(=O)C(=Nc2ccccc2)C1C(=O)O 1 C=C1CC(=Nc2ccccc2)C1=O 0.0000000 0.0000 0.3679245 0.3679 0.8924015 3.6219
 | 8.5877 46.9334 -46.9334 0.0000000 CC(=CC=CC(O)=C1C(=O)NC(=O)NC1=O)N1CCN(C)CC1 1 O=C1NC(=O)C(=CC=CC=CN2CCNCC2)C(=O)N1 1.0000000 1.0000 0.7507087 0.7507 0.9493926 3.0902
 | 10.0175 38.4941 -38.4941 0.0000000 O=C1Nc2ccccc2C1=C(O)C=CC=CN1CCCC1 1 O=C1Nc2ccccc2C1=CC=CC=CN1CCCC1 1.0000000 1.0000 0.3546774 0.3547 0.9609402 2.9135
 | 6.1280 50.8232 34.3224 0.6652002 C=C(C)C1C(=O)N(C)C(=O)C1=C(O)C=CC=CN(C)c1ccccc1 1 O=C1CC(=CC=CC=CNc2ccccc2)C(=O)N1 1.0000000 1.0000 0.3189090 0.3189 0.8691263 3.7667
 | 20.1211 66.9485 36.4239 0.8075970 CC(=O)N(C)Cc1cn(C2C(=O)C(=C(O)C=CC=C(C)N(C)C)C(O)(C(=O)O)C2O)nn1 1 C=C1CCC(n2ccnn2)C1=O 1.0000000 1.0000 0.7153019 0.7153 0.5853503 4.7754
 | 10.4586 45.2835 -45.2835 0.0000000 CCN(C=CC=CC(O)=C1C(=O)OC(C)(C)OC1=O)c1ccccc1 1 O=C1OCOC(=O)C1=CC=CC=CNc1ccccc1 1.0000000 1.0000 0.3106805 0.3107 0.9404039 3.2029
 | 10.5697 55.5358 58.8929 0.8939739 CCN1NC(C(=O)O)C(=C(O)C=CC=CN(CCO)CCO)C1=O 1 C=C1CNNC1=O 1.0000000 1.0000 0.8349742 0.8350 0.7612504 4.2446
01:51:50 <INFO> Score: 0.38 Agent NLL: 11.07 Valid:  99% Step: 69
 | Agent Prior Target Score SMILES SMILES_state Scaffold DASA DASA (raw) Solubility Solubility (raw) SA SA (raw)
 | 10.3008 38.9000 -38.9000 0.0000000 CN(C)C=CC=CC(O)=C1OC(C)(C)OC1=O 1 C=C1OCOC1=O 1.0000000 1.0000 0.6252394 0.6252 0.8876607 3.6534
 | 10.2723 42.0816 -42.0816 0.0000000 CC1(C)OC(=O)C(=C(O)C=CC=CN2CCCCC2)C(=O)O1 1 O=C1OCOC(=O)C1=CC=CC=CN1CCCCC1 1.0000000 1.0000 0.5067663 0.5068 0.9322851 3.2917
 | 10.2231 55.5554 60.5023 0.9067001 CCN1C(=O)C(=C(O)C=CC=CN(CCO)CCO)C(C(=O)O)=C1C(=O)O 1 C=C1C=CNC1=O 1.0000000 1.0000 0.7894724 0.7895 0.9043669 3.5364
 | 4.7991 46.1368 -46.1368 0.0000000 O=C1OC(=O)C1=C(O)C=CC=CN(CCO)CCO 1 C=C1C(=O)OC1=O 1.0000000 1.0000 0.8459408 0.8459 0.9061306 3.5230
 | 12.1066 49.0009 -49.0009 0.0000000 CC1=C(C)C(=C(O)C=CC=CN(CCO)CCO)C(=O)NC1 1 C=C1C=CCNC1=O 1.0000000 1.0000 0.7252760 0.7253 0.8737950 3.7395
 | 13.8626 19.8526 -19.8347 0.0001393 CC(=O)Nc1ccc2c(c1)C(=O)NC2=O 1 O=C1NC(=O)c2ccccc21 0.0000000 0.0000 0.7285465 0.7285 0.9905385 1.9701
 | 11.4865 20.2168 -20.1980 0.0001464 CC1(C)C(=O)NNC1=O 1 O=C1CC(=O)NN1 0.0000000 0.0000 0.8787085 0.8787 0.9273832 3.3407
 | 7.2015 55.3310 60.1180 0.9019452 CN1CC(O)(C(=O)O)C(=C(O)C=CC=CN(CCO)CCO)C1=O 1 C=C1CCNC1=O 1.0000000 1.0000 0.8571165 0.8571 0.7618614 4.2424
 | 7.2839 52.5499 61.5858 0.8916848 CN(C=CC=CC(O)=C1C(=O)N(C)C(O)=C1C(=O)O)CCO 1 C=C1C=CNC1=O 1.0000000 1.0000 0.7590236 0.7590 0.8874888 3.6545
 | 9.7185 54.0562 -54.0562 0.0000000 CN(C=CC=CC(O)=C1C(=O)N(C)C1C(=O)O)CCO 1 C=C1CNC1=O 1.0000000 1.0000 0.8047370 0.8047 0.8055798 4.0739
01:51:50 <INFO> Score: 0.39 Agent NLL: 12.38 Valid: 100% Step: 70
 | Agent Prior Target Score SMILES SMILES_state Scaffold DASA DASA (raw) Solubility Solubility (raw) SA SA (raw)
 | 7.0766 43.8257 -43.8257 0.0000000 CN1CCN(C=CC=CC(O)=C2C(=O)NC(=O)C2=O)CC1 1 O=C1NC(=O)C(=CC=CC=CN2CCNCC2)C1=O 1.0000000 1.0000 0.8056604 0.8057 0.9391964 3.2168
 | 6.2313 44.0176 -44.0176 0.0000000 CN(C=CC=CC(O)=C1C(=O)C1(C)C)CCO 1 C=C1CC1=O 1.0000000 1.0000 0.6784052 0.6784 0.8924774 3.6214
 | 11.6013 49.7248 56.7280 0.8316629 CN1OC(=O)C(=C(O)C=CC=CN2C(=O)C(=O)c3ccccc32)C1=O 1 O=C1NOC(=O)C1=CC=CC=CN1C(=O)C(=O)c2ccccc21 1.0000000 1.0000 0.6109427 0.6109 0.8999586 3.5689
 | 7.7041 46.6552 -46.6552 0.0000000 CC(C)=C1OC(C)(C)OC(=O)C1=C(O)C=CC=CN1CCN(C)CC1 1 C=C1OCOC(=O)C1=CC=CC=CN1CCNCC1 1.0000000 1.0000 0.3957852 0.3958 0.9037308 3.5412
 | 9.6192 42.0718 -42.0718 0.0000000 CN1CCN(C=CC=CC(O)=C2CC(=O)N(C)C2=O)CC1 1 O=C1CC(=CC=CC=CN2CCNCC2)C(=O)N1 1.0000000 1.0000 0.7183892 0.7184 0.9216519 3.3942
 | 9.6897 46.2089 -46.2089 0.0000000 C=C(C)C1CCC(=O)C1=C(O)C=CC=C(C)N1CCCCC1 1 O=C1CCCC1=CC=CC=CN1CCCCC1 1.0000000 1.0000 0.1778600 0.1779 0.8719022 3.7506
 | 5.9286 45.4581 -45.4581 0.0000000 CC1=CC(=O)C1=C(O)C=CC=CN1CCCC1 1 O=C1C=CC1=CC=CC=CN1CCCC1 1.0000000 1.0000 0.5072420 0.5072 0.9321796 3.2928
 | 9.2525 44.9332 -44.9332 0.0000000 CN1CCN(C=CC=CC(O)=C2C(=O)ON=C2C(F)(F)F)CC1 1 O=C1ON=CC1=CC=CC=CN1CCNCC1 1.0000000 1.0000 0.5736972 0.5737 0.8970343 3.5898
 | 10.1480 21.4100 -21.3923 0.0001381 COC(=O)C1=C(C)N(C)C(=O)N(C)C1C 1 O=C1NC=CCN1 0.0000000 0.0000 0.7283945 0.7284 0.9479595 3.1093
 | 7.3782 49.7304 44.2480 0.7342062 C=C(C)C1CC(=O)C1=C(O)C=CC=C(C)N1CCOCC1 1 O=C1CCC1=CC=CC=CN1CCOCC1 1.0000000 1.0000 0.4315949 0.4316 0.8593324 3.8210
01:51:51 <INFO> Score: 0.34 Agent NLL: 11.74 Valid:  99% Step: 71
 | Agent Prior Target Score SMILES SMILES_state Scaffold DASA DASA (raw) Solubility Solubility (raw) SA SA (raw)
 | 14.9654 54.1022 -54.0844 0.0001390 CC(C=CC=CN(CCO)CCO)=CC(O)=C1C(=O)NC(=S)NC1=O 1 C=C1C(=O)NC(=S)NC1=O 0.0000000 0.0000 0.7723244 0.7723 0.8841020 3.6764
 | 10.1588 48.4662 48.7004 0.7591134 CCC=CC1C(=O)C1=C(O)C=CC=CN(C)C 1 C=C1CC1=O 1.0000000 1.0000 0.5012321 0.5012 0.7880285 4.1446
 | 13.3556 36.4889 -36.4731 0.0001232 COC(C)=CC=CC(O)=C1COC(C)(C)OC1=O 1 C=C1COCOC1=O 0.0000000 0.0000 0.5388608 0.5389 0.8807580 3.6974
 | 24.4412 30.3426 -30.3253 0.0001352 COCCN1CC2(CO)CCCCC2N1C 1 C1CCC2NNCC2C1 0.0000000 0.0000 0.7480263 0.7480 0.8111424 4.0506
 | 6.7085 48.7602 42.7426 0.7148659 C=C(C)C1CC(=O)C1=C(O)C=CC=C(C)N(C)C 1 C=C1CCC1=O 1.0000000 1.0000 0.4146477 0.4146 0.8011990 4.0920
 | 7.7454 46.0175 29.8539 0.5927456 CCN(C=CC=CC(O)=C1C(=O)C1(C)C)c1ccccc1 1 O=C1CC1=CC=CC=CNc1ccccc1 1.0000000 1.0000 0.2151004 0.2151 0.9450099 3.1473
 | 20.5268 35.6843 -35.6696 0.0001149 CC(=CC=C1SC(=O)c2ccccc21)N(C)CCO 1 C=C1SC(=O)c2ccccc21 0.0000000 0.0000 0.4196197 0.4196 0.9462034 3.1322
 | 7.2731 49.4497 62.8825 0.8775952 CN(O)C=CC=CC(O)=C1C(=O)N(C)C(O)=C1C(=O)O 1 C=C1C=CNC1=O 1.0000000 1.0000 0.7307634 0.7308 0.8723394 3.7481
 | 9.7282 46.0940 -46.0940 0.0000000 CN1CCN(C=CC=CC(O)=C2C(=O)NNC2=O)CC1 1 O=C1NNC(=O)C1=CC=CC=CN1CCNCC1 1.0000000 1.0000 0.8169676 0.8170 0.9136221 3.4635
 | 6.1986 51.9599 64.8106 0.9122700 O=C1NC(C(=O)O)C1=C(O)C=CC=CN(CCO)CCO 1 C=C1CNC1=O 1.0000000 1.0000 0.8628986 0.8629 0.7993156 4.0997
01:51:52 <INFO> Score: 0.33 Agent NLL: 11.76 Valid: 100% Step: 72
 | Agent Prior Target Score SMILES SMILES_state Scaffold DASA DASA (raw) Solubility Solubility (raw) SA SA (raw)
 | 7.8283 45.5746 -45.5746 0.0000000 CN1CCN(C=CC=CC(O)=C2C(=O)N(c3ccccc3)N=C2C(F)(F)F)CC1 1 O=C1C(=CC=CC=CN2CCNCC2)C=NN1c1ccccc1 1.0000000 1.0000 0.2991366 0.2991 0.9491320 3.0937
 | 11.9298 52.3801 -52.3801 0.0000000 CC1=NN(c2ccccc2)C(=O)C1=C(O)C=CC=CN1CCc2ccccc21 1 O=C1C(=CC=CC=CN2CCc3ccccc32)C=NN1c1ccccc1 1.0000000 1.0000 0.1385940 0.1386 0.9613121 2.9071
 | 12.5309 55.2190 55.9541 0.8685397 CON(C)C=CC=CC(O)=C1C(=O)NN(C(C)=O)C1C(=O)O 1 C=C1CNNC1=O 1.0000000 1.0000 0.7819938 0.7820 0.7337364 4.3397
 | 11.5595 54.2716 46.3833 0.7863666 O=C1NC(C(=O)O)C1=C(O)C=CC=CN1CCCc2ccccc21 1 O=C1NCC1=CC=CC=CN1CCCc2ccccc21 1.0000000 1.0000 0.5219183 0.5219 0.8835420 3.6799
 | 12.2252 67.9694 45.5844 0.8871389 CON(C)C=CC=CC(O)=c1c(=O)c1=C(C)C=CN(CCO)CCO 1 C=c1c(=C)c1=O 1.0000000 1.0000 0.8197080 0.8197 0.7551836 4.2662
 | 14.5858 75.3649 28.2116 0.8091908 CC(=CC=CC(O)=c1c(=O)c(=O)c1=C(C)C=CN(C)CCO)N(C)c1ccccc1 1 C=c1c(=O)c(=O)c1=CC=CC=CNc1ccccc1 1.0000000 1.0000 0.5776985 0.5777 0.8595879 3.8197
 | 18.3164 66.3761 17.4141 0.6546111 C=CCON(O)C=CC=CC(O)=C1C(=O)NC2C(=CSc3cccc(C)c3)C(=O)N2C1C(=O)O 1 C=C1CN2C(=O)C(=CSc3ccccc3)C2NC1=O 1.0000000 1.0000 0.3846685 0.3847 0.5754544 4.8019
 | 10.3225 21.2647 -21.2482 0.0001290 CN1C(=O)C(C)(C)Nc2ccccc21 1 O=C1CNc2ccccc2N1 0.0000000 0.0000 0.5800478 0.5800 0.9858192 2.2369
 | 11.9506 50.8462 -50.8462 0.0000000 CC(=CC=CC(O)=C1C(=O)NC(=O)NC1=O)N(C)C1CCCCC1 1 O=C1NC(=O)C(=CC=CC=CNC2CCCCC2)C(=O)N1 1.0000000 1.0000 0.5402186 0.5402 0.9420903 3.1830
 | 13.9574 43.4383 -43.4383 0.0000000 O=C1NC(=O)C(=C(O)C=CC=CN2CCCCCC2)C(=O)N1 1 O=C1NC(=O)C(=CC=CC=CN2CCCCCC2)C(=O)N1 1.0000000 1.0000 0.6490593 0.6491 0.9483655 3.1039
01:51:52 <INFO> Score: 0.33 Agent NLL: 11.10 Valid: 100% Step: 73
 | Agent Prior Target Score SMILES SMILES_state Scaffold DASA DASA (raw) Solubility Solubility (raw) SA SA (raw)
 | 16.7540 59.4738 50.9790 0.8629123 CC(=CC=CC(O)=C1C(=O)N(C)C(=S)N(C)C1=O)N1CCN(S(C)(=O)=O)CC1 1 O=C1NC(=S)NC(=O)C1=CC=CC=CN1CCNCC1 1.0000000 1.0000 0.6669258 0.6669 0.9368916 3.2426
 | 8.8843 48.0378 61.8066 0.8581587 C=c1o[nH]c(=O)c1=C(O)C=CC=CN1CCSCC1 1 C=c1o[nH]c(=O)c1=CC=CC=CN1CCSCC1 1.0000000 1.0000 0.7334880 0.7335 0.7705346 4.2109
 | 12.6243 44.2329 -44.2329 0.0000000 O=C1NC(=O)C(=C(O)C=CC=CN2CCCc3ccccc32)C(=O)N1 1 O=C1NC(=O)C(=CC=CC=CN2CCCc3ccccc32)C(=O)N1 1.0000000 1.0000 0.5346638 0.5347 0.9510214 3.0677
 | 7.7981 48.9992 -48.9992 0.0000000 O=C1NC(=O)C(=C(O)C=CC=CN(CCO)CCO)C(=O)O1 1 C=C1C(=O)NC(=O)OC1=O 1.0000000 1.0000 0.8404184 0.8404 0.8898019 3.6393
 | 8.7619 43.5492 64.8400 0.8467902 CC1C(=O)C1=C(O)C=CC=CN(C)C 1 C=C1CC1=O 1.0000000 1.0000 0.6626296 0.6626 0.8582212 3.8270
 | 5.1253 47.2058 -47.2058 0.0000000 CN(O)C=CC=CC(O)=C1C(=O)N(C)NC1C(=O)O 1 C=C1CNNC1=O 1.0000000 1.0000 0.8064938 0.8065 0.7329192 4.3424
 | 15.1002 59.0412 48.8149 0.8426257 CC(C=CN1CCN(C)CC1)=CC(O)=C1C(=O)NC(N2CC2)=C1C 1 O=C1NC(N2CC2)=CC1=CC=CC=CN1CCNCC1 1.0000000 1.0000 0.6305946 0.6306 0.9120513 3.4763
 | 7.3254 48.4335 -48.4335 0.0000000 CC1=CC(=O)C1=C(O)C=CC=C(C)N1CCCCC1 1 O=C1C=CC1=CC=CC=CN1CCCCC1 1.0000000 1.0000 0.3496130 0.3496 0.9498312 3.0842
 | 7.7981 48.9992 -48.9992 0.0000000 O=C1NC(=O)C(=C(O)C=CC=CN(CCO)CCO)C(=O)O1 2 C=C1C(=O)NC(=O)OC1=O 0.0000000 1.0000 0.0000000 0.8404 0.0000000 3.6393
 | 18.9363 62.4565 36.9662 0.7767395 CC1(C)C(=O)C1=C(O)C=CC=C(CC=CO[N+](=O)[O-])N(O)C=O 1 C=C1CC1=O 1.0000000 1.0000 0.5881094 0.5881 0.6720383 4.5326
01:51:53 <INFO> Sampled SMILES O=C1C(=C(O)C=CC=CN(C)CCO)=C(C)C(=O)C1=C(C)C failed to sanitize.
01:51:53 <INFO> Score: 0.40 Agent NLL: 11.61 Valid:  99% Step: 74
 | Agent Prior Target Score SMILES SMILES_state Scaffold DASA DASA (raw) Solubility Solubility (raw) SA SA (raw)
 | 21.3525 62.6842 46.2988 0.8514303 CN1C(=O)C(=C2ON(C=CC=CC(O)=C3C(=O)NC(=O)NC3=O)S2)C(=O)N(C)C1=S 1 O=C1NC(=O)C(=CC=CC=CN2OC(=C3C(=O)NC(=S)NC3=O)S2)C(=O)N1 1.0000000 1.0000 0.6832094 0.6832 0.8371696 3.9334
 | 8.7884 54.2594 -54.2594 0.0000000 O=C1NC(=O)C(=c2o[nH]c(=O)c2=C(O)C=CC=CN2CCOCC2)C(=O)N1 1 O=C1NC(=O)C(=c2o[nH]c(=O)c2=CC=CC=CN2CCOCC2)C(=O)N1 1.0000000 1.0000 0.8490652 0.8491 0.8602415 3.8161
 | 6.7634 46.8938 -46.8938 0.0000000 CN(O)C=CC=CC(O)=C1C(=O)N(C)NC1C(=O)O 1 C=C1CNNC1=O 1.0000000 1.0000 0.8064938 0.8065 0.7329192 4.3424
 | 5.6247 48.9008 -48.9008 0.0000000 CN1CCN(C=CC=CC(O)=C2C(=O)N(C)N=C2C(=O)O)CC1 1 O=C1NN=CC1=CC=CC=CN1CCNCC1 1.0000000 1.0000 0.7456467 0.7456 0.9121389 3.4756
 | 15.2638 59.2225 55.5866 0.8969459 CN1CCN(C=C=c2o[nH]c(=O)c2=C(O)C=CC=CN(CCO)CCO)CC1 1 C=c1c(=O)[nH]oc1=C=CN1CCNCC1 1.0000000 1.0000 0.8381284 0.8381 0.7695366 4.2146
 | 9.1513 46.8497 60.4924 0.8386102 C=C(C)C1C(=O)NC(=O)C1=C(O)C=CC=CN(C)O 1 C=C1CC(=O)NC1=O 1.0000000 1.0000 0.6932006 0.6932 0.7536809 4.2715
 | 10.7076 48.4799 28.0814 0.5981348 CC(=CC=CC(O)=C1C(=O)C1(C)C)N1Cc2ccccc2C1 1 O=C1CC1=CC=CC=CN1Cc2ccccc2C1 1.0000000 1.0000 0.2206534 0.2207 0.9477666 3.1119
 | 28.0122 69.7006 34.3783 0.8131165 O=C1NNC(=O)C1=C(O)C=CC=CN1NNC=C2CCC=CC21 1 O=C1NNC(=O)C1=CC=CC=CN1NNC=C2CCC=CC21 1.0000000 1.0000 0.7475067 0.7475 0.5616626 4.8385
 | 6.4522 56.4354 -56.4354 0.0000000 CN1C(=O)C(=C(O)C=CC=CN(CCO)CCO)C(C(=O)O)=C1O 1 C=C1C=CNC1=O 1.0000000 1.0000 0.7990836 0.7991 0.8851757 3.6695
 | 6.3804 58.7742 -58.7742 0.0000000 CN(C)N=C1NC(=O)C(=C(O)C=CC=CN(CCO)CCO)C(=O)O1 1 C=C1C(=O)NC(=N)OC1=O 1.0000000 1.0000 0.8400878 0.8401 0.8209957 4.0078
01:51:54 <INFO> Score: 0.40 Agent NLL: 11.32 Valid: 100% Step: 75
 | Agent Prior Target Score SMILES SMILES_state Scaffold DASA DASA (raw) Solubility Solubility (raw) SA SA (raw)
 | 6.2069 51.8005 -51.8005 0.0000000 CN1CCN(C=CC=CC(O)=C2C(=O)N(C)NC2C(=O)O)CC1 1 O=C1NNCC1=CC=CC=CN1CCNCC1 1.0000000 1.0000 0.7799483 0.7799 0.8264623 3.9833
 | 20.0489 57.5053 -57.5053 0.0000000 CCCCN(C=CC(C)=CC(O)=C1C(=O)Nc2ccccc21)CCO 1 C=C1C(=O)Nc2ccccc21 1.0000000 1.0000 0.2889011 0.2889 0.9447757 3.1502
 | 10.4935 49.8890 65.2748 0.8997177 CON=C1C(=O)NC(=O)C1=C(O)C=CC=CN1CCN(C)CC1 1 N=C1C(=O)NC(=O)C1=CC=CC=CN1CCNCC1 1.0000000 1.0000 0.7649006 0.7649 0.9178023 3.4282
 | 20.0447 42.1825 -42.1688 0.0001072 CN1CCN(C=CC=CC=CC=CCCCCCN2CCN(C)CC2)CC1 1 C(C=CC=CN1CCNCC1)=CC=CCCCCCN1CCNCC1 0.0000000 0.0000 0.3385022 0.3385 0.9574175 2.9722
 | 9.7865 53.0911 45.0650 0.7668444 C=CC1(C)C(=O)C1=C(O)C=CC=C(C)N1CCOCC1 1 O=C1CC1=CC=CC=CN1CCOCC1 1.0000000 1.0000 0.5073285 0.5073 0.8136857 4.0397
 | 7.7130 53.2916 58.9684 0.8770309 CC(=O)N1NC(=O)C(=C(O)C=CC=CN(C)O)C1C(=O)O 1 C=C1CNNC1=O 1.0000000 1.0000 0.7957641 0.7958 0.7489545 4.2879
 | 16.9773 59.1790 37.5625 0.7557933 CN(C=CC=CC(O)=C1C(=O)NC2C(=CC=CBr)C(=O)N2C1C(=O)O)OCCO 1 C=C1CN2C(=O)C(=C)C2NC1=O 1.0000000 1.0000 0.6446055 0.6446 0.4958513 5.0108
 | 8.4025 57.3584 53.7332 0.8679032 CN1NC(C(=O)O)C(=C(O)C=CC=CN2CCCC2)C1=O 1 O=C1NNCC1=CC=CC=CN1CCCC1 1.0000000 1.0000 0.7338426 0.7338 0.8169006 4.0258
 | 8.6628 50.6185 63.6409 0.8926518 CN(C=CC=CC(O)=C1C(=O)N(C)NC1C(=O)O)CCO 1 C=C1CNNC1=O 1.0000000 1.0000 0.8272007 0.8272 0.7678243 4.2208
 | 8.6814 38.8212 -38.8212 0.0000000 CC(=CC=CC(O)=C1C(=O)C1(C)C)N(C)C 1 C=C1CC1=O 1.0000000 1.0000 0.5247658 0.5248 0.9005519 3.5646
01:51:54 <INFO> Sampled SMILES N1C(=O)C(=C(O)C=CC=CN(OC)C)C(C)=c2cccc3c21=CC(=O)C(=C(C)C)C3 failed to sanitize.
01:51:55 <INFO> Score: 0.34 Agent NLL: 11.97 Valid:  98% Step: 76
 | Agent Prior Target Score SMILES SMILES_state Scaffold DASA DASA (raw) Solubility Solubility (raw) SA SA (raw)
 | 13.3065 31.8930 -31.8930 0.0000000 O=C1C(=C(O)C=CC=CN2CCCCC2)C(=O)c2ccccc21 1 O=C1C(=CC=CC=CN2CCCCC2)C(=O)c2ccccc21 1.0000000 1.0000 0.2831301 0.2831 0.9652963 2.8336
 | 11.2904 17.0404 -17.0214 0.0001483 CN1CCN(CCO)CC1 1 C1CNCCN1 0.0000000 0.0000 0.8784084 0.8784 0.9923218 1.8329
 | 11.2381 63.0452 41.7515 0.8187246 CC(=O)OC1=C(C(=O)O)C(=C(O)C=CC=CN2CCSCC2)C(=O)N1C 1 O=C1NC=CC1=CC=CC=CN1CCSCC1 1.0000000 1.0000 0.5941206 0.5941 0.8703482 3.7596
 | 13.1982 48.6458 45.7965 0.7378298 O=C1Nc2ccccc2C1=C(O)C=CC=CN1CCC=N1 1 O=C1Nc2ccccc2C1=CC=CC=CN1CCC=N1 1.0000000 1.0000 0.4241288 0.4241 0.9091778 3.4993
 | 7.3591 47.0917 -47.0917 0.0000000 C=c1[nH]c(=O)c(=C(O)C=CC=CN(CCO)CCO)c(=O)o1 1 C=c1[nH]c(=O)c(=C)c(=O)o1 1.0000000 1.0000 0.8830800 0.8831 0.8183196 4.0196
 | 4.9745 57.7732 -57.7732 0.0000000 CN1CCN(C=CC=CC(O)=C2C(=O)N(C)NC2C(=O)O)CC1 1 O=C1NNCC1=CC=CC=CN1CCNCC1 1.0000000 1.0000 0.7799483 0.7799 0.8264623 3.9833
 | 4.9374 47.2058 -47.2058 0.0000000 CN(O)C=CC=CC(O)=C1C(=O)N(C)NC1C(=O)O 1 C=C1CNNC1=O 1.0000000 1.0000 0.8064938 0.8065 0.7329192 4.3424
 | 9.3729 54.3759 62.1203 0.9101263 CCN1CCN(C=CC=CC(O)=C2C(=O)NNC2=O)CC1 1 O=C1NNC(=O)C1=CC=CC=CN1CCNCC1 1.0000000 1.0000 0.7898705 0.7899 0.9216388 3.3943
 | 19.8451 42.9289 -42.9169 0.0000942 CN(C)C=CC(O)=C1c2ccccc2C(=O)N(C)c2ccccc21 1 C=C1c2ccccc2NC(=O)c2ccccc21 0.0000000 0.0000 0.2268231 0.2268 0.9778755 2.5319
 | 9.1997 54.6608 53.5542 0.8454297 C=CCON(O)C=CC=CC(O)=C1C(=O)N(C)NC1C(=O)O 1 C=C1CNNC1=O 1.0000000 1.0000 0.7660549 0.7661 0.6602402 4.5672
01:51:55 <INFO> Sampled SMILES CN1CCN(C(=CC=CC(=C2C(=O)N(C)C(=O)N(C)C2=O)O)CCCN=C(N)N)=C1 failed to sanitize.
01:51:55 <INFO> Sampled SMILES N1C(=O)C(=C(O)C=CC=CN(CCO)CCO)=C(N(CCO)C)C1=O failed to sanitize.
01:51:55 <INFO> Score: 0.33 Agent NLL: 11.60 Valid:  98% Step: 77
 | Agent Prior Target Score SMILES SMILES_state Scaffold DASA DASA (raw) Solubility Solubility (raw) SA SA (raw)
 | 5.5236 45.9837 -45.9837 0.0000000 CN1CCN(C=CC=CC(O)=C2C(=O)NC(=O)NC2=O)CC1 1 O=C1NC(=O)C(=CC=CC=CN2CCNCC2)C(=O)N1 1.0000000 1.0000 0.7876139 0.7876 0.9419320 3.1849
 | 14.6462 56.1498 51.4305 0.8404716 C=CC=C1C(=O)N2C1NC(=O)C(=C(O)C=CC=CN(CCO)CCO)C2C(=O)O 1 C=C1CN2C(=O)C(=C)C2NC1=O 1.0000000 1.0000 0.7968388 0.7968 0.5975134 4.7426
 | 6.1721 44.6247 -44.6247 0.0000000 CC1C(=C(O)C=CC=CN2CCCCC2)C(=O)N1C 1 O=C1NCC1=CC=CC=CN1CCCCC1 1.0000000 1.0000 0.5333879 0.5334 0.8664870 3.7816
 | 6.9793 48.1096 -48.1096 0.0000000 CN1CCN(C=CC=CC(O)=C2C(=O)NC(=S)NC2=O)CC1 1 O=C1NC(=S)NC(=O)C1=CC=CC=CN1CCNCC1 1.0000000 1.0000 0.7660862 0.7661 0.9327222 3.2872
 | 8.1900 53.0625 66.5762 0.9346772 C=c1c(=O)c1=C(O)C=CC=CN(CCO)CCO 1 C=c1c(=C)c1=O 1.0000000 1.0000 0.8868263 0.8868 0.8654783 3.7873
 | 9.4537 54.6283 57.9054 0.8791694 CCN(O)C=CC=CC(O)=C1C(=O)NC(=O)NC1C(=O)O 1 C=C1CNC(=O)NC1=O 1.0000000 1.0000 0.7789543 0.7790 0.7874718 4.1468
 | 8.3653 46.2124 -46.2124 0.0000000 CC(=CC=CC(O)=C1C(=O)C1(C)C)N(C)C=O 1 C=C1CC1=O 1.0000000 1.0000 0.5987397 0.5987 0.8544700 3.8469
 | 6.6773 53.3839 -53.3839 0.0000000 CN1CCN(C=CC=CC(O)=C2C(=O)N(C)C=C2C(=O)O)CC1 1 O=C1NC=CC1=CC=CC=CN1CCNCC1 1.0000000 1.0000 0.7016885 0.7017 0.9109023 3.4856
 | 8.1900 53.0625 -53.0625 0.0000000 C=c1c(=O)c1=C(O)C=CC=CN(CCO)CCO 2 C=c1c(=C)c1=O 0.0000000 1.0000 0.0000000 0.8868 0.0000000 3.7873
 | 15.0809 74.9433 32.8554 0.8421769 COCOCOCCON(C)C=CC=CC(O)=c1c(C)cc(=CC=C(C)N(CCO)CCO)[nH]c1=O 1 C=c1ccc(=C)c(=O)[nH]1 1.0000000 1.0000 0.7112914 0.7113 0.7366890 4.3298
01:51:56 <INFO> Sampled SMILES O=C1C(=C(O)C=CC=CN2C(=O)C(=C(C=C(Cl)Cl)=C(C)C)OC2=O)C1C(C)=C failed to sanitize.
01:51:56 <INFO> Score: 0.31 Agent NLL: 12.29 Valid:  99% Step: 78
 | Agent Prior Target Score SMILES SMILES_state Scaffold DASA DASA (raw) Solubility Solubility (raw) SA SA (raw)
 | 7.9451 49.8426 -49.8426 0.0000000 C=C(C)C1=CC(=O)C1=C(O)C=CC=CN1CCN(C)CC1 1 O=C1C=CC1=CC=CC=CN1CCNCC1 1.0000000 1.0000 0.5265634 0.5266 0.9112892 3.4825
 | 21.8076 72.0650 22.5733 0.7393625 CC(=CC=C1OC(=C(O)C=CC=CN2C=CCC2)C1=O)C1=NN(CCO)C(=O)NC1 1 O=C1NCC(C=CC=C2OC(=CC=CC=CN3C=CCC3)C2=O)=NN1 1.0000000 1.0000 0.5121946 0.5122 0.6606785 4.5659
 | 6.9618 49.3881 -49.3881 0.0000000 CC(=CC=CC(O)=C1C(=O)OC1=O)N1CCOCC1 1 O=C1OC(=O)C1=CC=CC=CN1CCOCC1 1.0000000 1.0000 0.7208226 0.7208 0.9419388 3.1848
 | 5.5730 42.5271 -42.5271 0.0000000 CC1(C)C(=O)C1=C(O)C=CC=CN1CCCCC1 1 O=C1CC1=CC=CC=CN1CCCCC1 1.0000000 1.0000 0.4126779 0.4127 0.9321606 3.2930
 | 13.7770 50.5270 -50.5270 0.0000000 CC(C=CN(C)CCO)=CC(O)=C1C(=O)NC(=O)NC1=O 1 C=C1C(=O)NC(=O)NC1=O 1.0000000 1.0000 0.8022847 0.8023 0.9098345 3.4941
 | 10.8455 37.0796 -37.0796 0.0000000 CC(=CC=CC(O)=C1C(=O)c2ccccc2C1=O)N(CCO)CCO 1 C=C1C(=O)c2ccccc2C1=O 1.0000000 1.0000 0.5707916 0.5708 0.9524519 3.0474
 | 7.9712 41.1010 -41.1010 0.0000000 CC1=C(C)C(=C(O)C=CC=CN(C)O)C(=O)NC1=O 1 C=C1C=CC(=O)NC1=O 1.0000000 1.0000 0.6704099 0.6704 0.8997045 3.5708
 | 13.7159 54.4618 -54.4455 0.0001273 CC(O)=CC(O)=C1C(=O)C1(C)C=CN(C)CCO 1 C=C1CC1=O 0.0000000 0.0000 0.6808961 0.6809 0.6964767 4.4589
 | 14.1183 56.5716 -56.5548 0.0001313 CC(=CC=CC1C(=O)C1=C(O)C=CN(C)C)N(CCO)CCO 1 C=C1CC1=O 0.0000000 0.0000 0.7117327 0.7117 0.7562923 4.2623
 | 7.5171 41.8883 -41.8883 0.0000000 CC1(C)OC(=O)C(=C(O)C=CC=CN2CCOCC2)C(=O)O1 1 O=C1OCOC(=O)C1=CC=CC=CN1CCOCC1 1.0000000 1.0000 0.6540733 0.6541 0.9242560 3.3703
01:51:57 <INFO> Sampled SMILES O1C(=O)C(=C(O)C=CC=CN(CCO)CCO)C(C(=O)O)N2C(=O)C(=C(OCOC(C(O)=O)C)=O)C21O failed to sanitize.
01:51:57 <INFO> Sampled SMILES n12c(=N)c3ccccc3c(C(=O)N3CC(C)N(c4cccc(C)c4)CC3)c1nc1ccccc12 failed to sanitize.
01:51:57 <INFO> Score: 0.40 Agent NLL: 12.48 Valid:  98% Step: 79
 | Agent Prior Target Score SMILES SMILES_state Scaffold DASA DASA (raw) Solubility Solubility (raw) SA SA (raw)
 | 31.4128 77.7130 -77.7130 0.0000000 O1C(=O)C(=C(O)C=CC=CN(CCO)CCO)C(C(=O)O)N2C(=O)C(=C(OCOC(C(O)=O)C)=O)C21O 0 -- 0.0000000 0.0000 0.0000000 0.0000 0.0000000 0.0000
 | 16.1994 57.4459 46.6345 0.8131282 CN1C(=O)C(=C(O)C=CC=CNc2cccc(O)c2)C1C(=O)O 1 O=C1NCC1=CC=CC=CNc1ccccc1 1.0000000 1.0000 0.5748393 0.5748 0.8894646 3.6416
 | 17.6552 101.0909 -16.8171 0.6583883 CC1=NN(C=CC=CC(O)=C2C(=O)N(C)C(O)=C2C(=O)O)C(=O)C1=C(O)C=CC=CN1CCCCC1 1 O=C1NC=CC1=CC=CC=CN1N=CC(=CC=CC=CN2CCCCC2)C1=O 1.0000000 1.0000 0.3256142 0.3256 0.7939631 4.1212
 | 7.8455 54.7545 -54.7545 0.0000000 CN(C=CC=CC(O)=C1C(=O)NC(=O)NC1C(=O)O)OCCO 1 C=C1CNC(=O)NC1=O 1.0000000 1.0000 0.8288509 0.8289 0.7701970 4.2121
 | 7.9717 55.0186 47.0670 0.7975439 CC1=NN(C=CC=CC(O)=C2C(=O)N(C)NC2C(=O)O)C(C)(C)C1 1 O=C1NNCC1=CC=CC=CN1CCC=N1 1.0000000 1.0000 0.6304087 0.6304 0.6837112 4.4978
 | 9.2193 49.2246 69.8475 0.9302514 CN1C(=O)C(=C(O)C=CC=CN(CCO)CCO)C1=O 1 C=C1C(=O)NC1=O 1.0000000 1.0000 0.8441609 0.8442 0.9202539 3.4067
 | 13.6719 66.4903 43.8779 0.8622522 CC1=NOC(=O)C1=c1cc(C)c(=C(O)C=CC=CN(C)OCCO)c(=O)[nH]1 1 C=c1ccc(=C2C=NOC2=O)[nH]c1=O 1.0000000 1.0000 0.7559097 0.7559 0.7494762 4.2861
 | 22.0214 66.9486 34.9702 0.7962408 CC(O)C1C(=O)N2C(C(=O)O)=C3NC(=O)C(=C(O)C=CC=CN(C)OCCCO)C(C(=O)O)N3C12 1 C=C1CN2C(=CN3C(=O)CC32)NC1=O 1.0000000 1.0000 0.7868968 0.7869 0.4598614 5.1048
 | 9.7343 62.6155 49.6373 0.8769750 CN1CCN(C=CC=CC(O)=C2C(=O)N(C)N(C=O)C2C(=O)O)CC1 1 O=C1NNCC1=CC=CC=CN1CCNCC1 1.0000000 1.0000 0.7782202 0.7782 0.7784906 4.1812
 | 16.1648 38.5760 -38.5589 0.0001334 CC(C=CN(CCO)CCO)=CC1C(=O)CC(C)(C)OC1=O 1 O=C1CCOC(=O)C1 0.0000000 0.0000 0.7212116 0.7212 0.8039475 4.0807
01:51:58 <INFO> Score: 0.41 Agent NLL: 11.94 Valid: 100% Step: 80
 | Agent Prior Target Score SMILES SMILES_state Scaffold DASA DASA (raw) Solubility Solubility (raw) SA SA (raw)
 | 6.6788 47.9754 -47.9754 0.0000000 CN1CCN(C=CC=CC(O)=C2C(=O)C2C(=O)O)CC1 1 O=C1CC1=CC=CC=CN1CCNCC1 1.0000000 1.0000 0.7433283 0.7433 0.8652203 3.7887
 | 18.3942 76.4489 1.9697 0.6126454 CC(C=CN(C)CCO)=CC1C(=O)C1=C(O)C=CC=CN1CCNc2ccccc21 1 O=C1CC1=CC=CC=CN1CCNc2ccccc21 1.0000000 1.0000 0.2736998 0.2737 0.7372552 4.3279
 | 15.1223 62.8426 21.1555 0.6562350 C=C(C)C1C(=C(O)C=CC=C(C)N2CCN(C)CC2)C(=O)N1C(C)=CC 1 O=C1NCC1=CC=CC=CN1CCNCC1 1.0000000 1.0000 0.3203285 0.3203 0.8030996 4.0842
 | 13.9372 74.6557 38.8108 0.8864569 NC(N)=NN=C1NC(=O)C(=C(O)C=CC=CN(CCO)CCO)C1=CC(O)=CC=C1C(=O)NC(=O)NC1=O 1 C=C1C(=O)NC(=N)C1=CC=CC=C1C(=O)NC(=O)NC1=O 1.0000000 1.0000 0.8201769 0.8202 0.7513881 4.2795
 | 6.6946 43.8257 -43.8257 0.0000000 CN1CCN(C=CC=CC(O)=C2C(=O)NC(=O)C2=O)CC1 1 O=C1NC(=O)C(=CC=CC=CN2CCNCC2)C1=O 1.0000000 1.0000 0.8056604 0.8057 0.9391964 3.2168
 | 14.9417 84.3199 23.0871 0.8391173 CC(=O)ON(C)C=CC=CC(O)=c1c(C)cc(=CCCC(O)=C2C(=O)NNC2=O)[nH]c1=O 1 C=c1ccc(=CCCC=C2C(=O)NNC2=O)[nH]c1=O 1.0000000 1.0000 0.7183324 0.7183 0.7103944 4.4155
 | 11.5504 59.0304 -59.0304 0.0000000 C=C(C)C1(O)C(=O)C1=C(O)C=CC=C(C)N(CCO)CCO 1 C=C1CC1=O 1.0000000 1.0000 0.7478315 0.7478 0.7571746 4.2591
 | 15.9772 45.8119 56.3922 0.7984697 CC1=CC(C)C(=C(O)C=CC=CN)C1=O 1 C=C1CC=CC1=O 1.0000000 1.0000 0.5991293 0.5991 0.7519617 4.2775
 | 12.2642 48.7726 60.4832 0.8535610 CCCN(O)C=CC=CC(O)=C1CNC(=S)NC1=O 1 C=C1CNC(=S)NC1=O 1.0000000 1.0000 0.6940199 0.6940 0.8252406 3.9888
 | 9.3394 44.6427 -44.6427 0.0000000 CN1CCN(C=CC=CC(O)=C2C(=O)NC(=S)NC2=O)CC1 1 O=C1NC(=S)NC(=O)C1=CC=CC=CN1CCNCC1 1.0000000 1.0000 0.7660862 0.7661 0.9327222 3.2872
01:51:59 <INFO> Score: 0.41 Agent NLL: 12.40 Valid:  99% Step: 81
 | Agent Prior Target Score SMILES SMILES_state Scaffold DASA DASA (raw) Solubility Solubility (raw) SA SA (raw)
 | 10.8915 57.8497 -57.8497 0.0000000 O=c1[nH]oc(=C[N+](=O)[O-])c1=C(O)C=CC=CN(CO)OCCO 1 C=c1o[nH]c(=O)c1=C 1.0000000 1.0000 0.8767382 0.8767 0.6747023 4.5248
 | 11.3380 61.6207 -61.6207 0.0000000 O=C1NC(=O)C(=C(O)C=CC=CN(O)C=CC=CN(CCO)CCO)C(=O)N1 1 C=C1C(=O)NC(=O)NC1=O 1.0000000 1.0000 0.7955103 0.7955 0.8194339 4.0147
 | 14.9299 51.8455 -51.8455 0.0000000 CC(=O)ON(C)C=CC=CC(O)=C1C(=O)NNC1C(O)O 1 C=C1CNNC1=O 1.0000000 1.0000 0.8549316 0.8549 0.6546677 4.5833
 | 7.3199 49.9862 -49.9862 0.0000000 CC1(C)C(=O)C1=C(O)C=CC=C(O)N1CC1 1 O=C1CC1=CC=CC=CN1CC1 1.0000000 1.0000 0.6399947 0.6400 0.9052481 3.5297
 | 17.0111 53.6865 33.3881 0.6802699 CC=CCC1C(=O)C1=C(O)C=CC=CN1CCSCC1 1 O=C1CC1=CC=CC=CN1CCSCC1 1.0000000 1.0000 0.3782995 0.3783 0.7250432 4.3684
 | 9.2288 42.1442 -42.1442 0.0000000 CC1=NNC(=O)C1=C(O)C=CC=CN(C)O 1 C=C1C=NNC1=O 1.0000000 1.0000 0.7464326 0.7464 0.8322623 3.9566
 | 10.4692 68.1672 -68.1672 0.0000000 CN(C=CC(O)=C1C(=O)NC(=O)C1=C(O)C=CC=CN(O)CCO)CCO 1 C=C1C(=C)C(=O)NC1=O 1.0000000 1.0000 0.7823842 0.7824 0.8284237 3.9743
 | 15.7785 59.3220 55.6054 0.8978697 CC(O)=c1oc(=O)c(=C(O)C=CC=CN2CCNCC2)c(=O)n1C 1 C=c1[nH]c(=O)c(=CC=CC=CN2CCNCC2)c(=O)o1 1.0000000 1.0000 0.8049766 0.8050 0.8303273 3.9655
 | 8.5476 50.6511 -50.6511 0.0000000 C=C(C)C1=CC(=O)C1=C(O)C=CC=CN1CCN(C)CC1 1 O=C1C=CC1=CC=CC=CN1CCNCC1 1.0000000 1.0000 0.5265634 0.5266 0.9112892 3.4825
 | 9.4979 49.5985 -49.5985 0.0000000 C=CC1(C)C(=O)C1=C(O)C=CC=C(C)N(C)C 1 C=C1CC1=O 1.0000000 1.0000 0.4946311 0.4946 0.7160020 4.3976
01:51:59 <INFO> Score: 0.44 Agent NLL: 12.71 Valid: 100% Step: 82
 | Agent Prior Target Score SMILES SMILES_state Scaffold DASA DASA (raw) Solubility Solubility (raw) SA SA (raw)
 | 13.5004 56.2934 29.0928 0.6670795 CC(=CC=CC(O)=C1C(=O)C=C1C(C)O)N1CCc2ccccc21 1 O=C1C=CC1=CC=CC=CN1CCc2ccccc21 1.0000000 1.0000 0.3179970 0.3180 0.8865268 3.6608
 | 9.0078 55.0624 -55.0624 0.0000000 C=CC1C(=O)N(C)C(=O)C1=C(O)C=CC=CN(O)CCO 1 C=C1CC(=O)NC1=O 1.0000000 1.0000 0.7506337 0.7506 0.7370909 4.3284
 | 9.3446 40.3777 73.4880 0.8895761 CON(C)C=CC=CC(O)=C1C(=O)COC1=O 1 C=C1C(=O)COC1=O 1.0000000 1.0000 0.7609350 0.7609 0.8726758 3.7461
 | 10.0271 58.1560 -58.1560 0.0000000 CN(C)C1=C(C(=O)O)C(=C(O)C=CC=CN(O)CCO)C(=O)N1C 1 C=C1C=CNC1=O 1.0000000 1.0000 0.7652568 0.7653 0.8566658 3.8353
 | 15.2438 52.0917 61.8188 0.8899254 COCCOCCN(O)C=CC=CC(O)=C1C(=O)ON(C)C1=O 1 C=C1C(=O)NOC1=O 1.0000000 1.0000 0.7652191 0.7652 0.8659270 3.7848
 | 16.1459 52.3885 51.0300 0.8079571 CC1C(=O)N(O)C(=O)C1=C(O)C=CC=CN1CCCCC1 1 O=C1CC(=CC=CC=CN2CCCCC2)C(=O)N1 1.0000000 1.0000 0.5811485 0.5811 0.8438905 3.9007
 | 8.4763 50.5108 -50.5108 0.0000000 CC(=CC=CC(O)=C1C(=O)OC1=O)N1CCc2ccccc21 1 O=C1OC(=O)C1=CC=CC=CN1CCc2ccccc21 1.0000000 1.0000 0.4582324 0.4582 0.9520646 3.0530
 | 10.6206 53.3848 58.2498 0.8721454 CCCCN(O)C=CC=CC(O)=c1oc(=CC=C2C(=O)NC(=O)NC2=O)[nH]c1=O 1 C=c1oc(=CC=C2C(=O)NC(=O)NC2=O)[nH]c1=O 1.0000000 1.0000 0.7541923 0.7542 0.7989104 4.1013
 | 8.8082 53.2031 -53.2031 0.0000000 CN1NC(C(=O)O)C(=C(O)C=CC=CN(O)C=O)C1=O 1 C=C1CNNC1=O 1.0000000 1.0000 0.8333908 0.8334 0.6675681 4.5458
 | 12.2632 60.8417 37.9961 0.7721706 CCCCCCCCN(C=CC=CC(O)=C1C(=O)NC(=O)NC1C(=O)O)OCCCO 1 C=C1CNC(=O)NC1=O 1.0000000 1.0000 0.5117996 0.5118 0.8309398 3.9627
01:52:00 <INFO> Score: 0.38 Agent NLL: 12.25 Valid: 100% Step: 83
 | Agent Prior Target Score SMILES SMILES_state Scaffold DASA DASA (raw) Solubility Solubility (raw) SA SA (raw)
 | 9.5135 46.6127 -46.6127 0.0000000 CN1N=C(C(=O)O)C(=C(O)C=CC=CN(C)c2ccccc2)C1=O 1 O=C1NN=CC1=CC=CC=CNc1ccccc1 1.0000000 1.0000 0.5269345 0.5269 0.9330242 3.2840
 | 10.2836 56.2186 60.2531 0.9099355 CN1CCN(C=CC=CC(O)=C2C(=O)C(=O)NN(C)C2=O)CC1 1 O=C1NNC(=O)C(=CC=CC=CN2CCNCC2)C1=O 1.0000000 1.0000 0.7985453 0.7985 0.9031946 3.5452
 | 11.4446 56.7655 51.7079 0.8474481 CC1=NN(C=CC=CC(O)=C2C(=O)N(C)C(C(=O)O)=C2C(=O)[O-])C(C)(C)C1 1 O=C1NC=CC1=CC=CC=CN1CCC=N1 1.0000000 1.0000 0.6939207 0.6939 0.7948802 4.1176
 | 7.1854 49.5717 -49.5717 0.0000000 C=c1c(=O)c(=O)c(=O)c1=C(O)C=CC=C(C)N1CCOCC1 1 C=c1c(=O)c(=O)c(=O)c1=CC=CC=CN1CCOCC1 1.0000000 1.0000 0.8331272 0.8331 0.9012784 3.5593
 | 9.2634 57.0589 46.7300 0.8108507 CN(C=CC=CC(O)=C1C(=O)NC2C(=C(F)F)C(=O)N2C1C(=O)O)OCCO 1 C=C1CN2C(=O)C(=C)C2NC1=O 1.0000000 1.0000 0.7437143 0.7437 0.5584431 4.8470
 | 13.2588 67.9997 24.2350 0.7205836 CC(=CC=C1C(=S)N(C)C(=O)C1=C(O)C=CC=CN(CCO)CCO)C1=C(C)C(=O)C(C)(O)C(=O)C1 1 C=C1C(=O)NC(=S)C1=CC=CC1=CC(=O)CC(=O)C1 1.0000000 1.0000 0.5026972 0.5027 0.5964258 4.7456
 | 8.0117 45.6840 -45.6840 0.0000000 CC1(C)C(=O)C1=C(O)C=CC=CN1CCNCC1 1 O=C1CC1=CC=CC=CN1CCNCC1 1.0000000 1.0000 0.6586328 0.6586 0.9033417 3.5441
 | 18.3363 64.8647 28.9597 0.7330032 CC(=CC=CC(O)=C1OC(=O)C(=CCC(O)=CCC2OC2(C)C)C1=O)N(CCO)CCO 1 C=C1OC(=O)C(=CCC=CCC2CO2)C1=O 1.0000000 1.0000 0.5016678 0.5017 0.6547529 4.5831
 | 19.3490 61.1672 -61.1672 0.0000000 [N-]=[N+]=NCCC=CC1C(=O)C1=C(O)C=CC=CN(CCO)CCO 1 C=C1CC1=O 1.0000000 1.0000 0.6297598 0.6298 0.6616688 4.5631
 | 7.8515 48.3168 -48.3168 0.0000000 CC1=CC(=O)NC(=O)C1=C(O)C=CC=CN(CO)OCCO 1 C=C1C=CC(=O)NC1=O 1.0000000 1.0000 0.7994554 0.7995 0.8364812 3.9367
01:52:01 <INFO> Score: 0.46 Agent NLL: 12.39 Valid: 100% Step: 84
 | Agent Prior Target Score SMILES SMILES_state Scaffold DASA DASA (raw) Solubility Solubility (raw) SA SA (raw)
 | 21.1806 45.9309 -45.9131 0.0001389 CC(C=CN1CCN(C)CC1)=CC(O)=C([O-])O 1 C1CNCCN1 0.0000000 0.0000 0.7663303 0.7663 0.8927143 3.6197
 | 8.6078 46.3823 62.4532 0.8502769 CCN(O)C=CC=CC(O)=C1C(=O)NC(=O)N=C1C 1 C=C1C=NC(=O)NC1=O 1.0000000 1.0000 0.6650133 0.6650 0.8714430 3.7533
 | 8.7889 46.1611 -46.1611 0.0000000 CN1CCN(C=CC=CC(O)=C2C(=O)N(C)C2=O)CC1 1 O=C1NC(=O)C1=CC=CC=CN1CCNCC1 1.0000000 1.0000 0.7600264 0.7600 0.9451863 3.1451
 | 8.0131 51.3010 58.1018 0.8547099 CC(=O)NC1C(=O)N2C(C(=O)O)C(=C(O)C=CC=CN(C)O)C(=O)NC12 1 C=C1CN2C(=O)CC2NC1=O 1.0000000 1.0000 0.8290931 0.8291 0.6088251 4.7118
 | 12.0939 59.8963 44.0687 0.8122265 CC(=O)OC=C1C(=C(O)C=CC=CN2CCC=N2)C(=O)N1C 1 C=C1NC(=O)C1=CC=CC=CN1CCC=N1 1.0000000 1.0000 0.6208434 0.6208 0.7728342 4.2024
 | 6.4506 47.0607 66.7581 0.8892089 CN1C(=O)OC(=C(O)C=CC=CN(O)CCO)C1=O 1 C=C1OC(=O)NC1=O 1.0000000 1.0000 0.7774593 0.7775 0.8386565 3.9263
 | 8.5963 50.3847 -50.3847 0.0000000 CC(C=CN1CCOCC1)=CC(O)=C1C(=O)N(C)C1C(=O)O 1 O=C1NCC1=CC=CC=CN1CCOCC1 1.0000000 1.0000 0.7130165 0.7130 0.8299798 3.9671
 | 9.0223 37.6834 -37.6653 0.0001416 CC(O)=CC(O)=C1C(=O)OC1=O 1 C=C1C(=O)OC1=O 0.0000000 0.0000 0.7944488 0.7944 0.9279990 3.3347
 | 8.7966 42.8487 71.4055 0.8926109 CCN(O)C=CC=CC(O)=C1C(=O)N(C)C1=O 1 C=C1C(=O)NC1=O 1.0000000 1.0000 0.7539086 0.7539 0.9029602 3.5469
 | 18.8980 63.6630 39.1451 0.8031884 CC(=O)OCC1NC(=O)C(=C(O)C=CC=CN(C)OC(=O)C(C)(C)C)C(C(=O)O)N1 1 C=C1CNCNC1=O 1.0000000 1.0000 0.6652514 0.6653 0.6457530 4.6089
01:52:02 <INFO> Score: 0.44 Agent NLL: 12.91 Valid:  99% Step: 85
 | Agent Prior Target Score SMILES SMILES_state Scaffold DASA DASA (raw) Solubility Solubility (raw) SA SA (raw)
 | 8.0639 48.0975 -48.0975 0.0000000 CC1=NN(c2ccccc2)NC(=O)C1=C(O)C=CC=CN(C)O 1 C=C1C=NN(c2ccccc2)NC1=O 1.0000000 1.0000 0.4990339 0.4990 0.9112708 3.4826
 | 15.4758 39.1124 -39.1008 0.0000909 CCN1C(=O)c2ccccc2C1=C(O)C=CC=CN1CCCCC1 1 O=C1NC(=CC=CC=CN2CCCCC2)c2ccccc21 0.0000000 0.0000 0.2065765 0.2066 0.9560865 2.9932
 | 20.7166 64.2478 26.4196 0.7083394 CCN(O)C=CC=CC(O)=C1C(=O)NC(=O)C12OC1C=C(C)C(=O)OC1C2O 1 C=C1C(=O)NC(=O)C12CC1OC(=O)C=CC1O2 1.0000000 1.0000 0.7295086 0.7295 0.2840952 5.6021
 | 11.8229 49.3575 66.1515 0.9024141 CN1CCN(C(O)=CC=CC(O)=C2C(=O)NC(=S)NC2=O)CC1 1 O=C1NC(=S)NC(=O)C1=CC=CC=CN1CCNCC1 1.0000000 1.0000 0.7640280 0.7640 0.9341995 3.2717
 | 10.7401 47.3501 53.4127 0.7872098 CN1CCN(C=CC=CC(O)=C2C(=O)N(C)C(=O)c3ccccc32)CC1 1 O=C1NC(=O)c2ccccc2C1=CC=CC=CN1CCNCC1 1.0000000 1.0000 0.4993303 0.4993 0.9600550 2.9287
 | 11.6191 34.9078 -34.8903 0.0001367 CN1C(=O)C(=C(O)c2ccccc2)C1=O 1 O=C1NC(=O)C1=Cc1ccccc1 0.0000000 0.0000 0.6889785 0.6890 0.9904620 1.9754
 | 16.8869 55.2539 29.2620 0.6602811 CCN(C=CC(C)=CC(O)=C1C(=N)C(=S)NC1=O)c1ccccc1 1 N=C1C(=S)NC(=O)C1=CC=CC=CNc1ccccc1 1.0000000 1.0000 0.3060551 0.3061 0.8983120 3.5808
 | 9.2998 45.6985 -45.6985 0.0000000 CN1CCN(C=CC(O)=CC(O)=C2C(=O)ON(C)C2=O)CC1 1 O=C1NOC(=O)C1=CC=CC=CN1CCNCC1 1.0000000 1.0000 0.7533878 0.7534 0.8708531 3.7567
 | 6.9309 50.0844 -50.0844 0.0000000 CN1CCN(C=CC=CC(O)=C2C(=O)N(C)C2C(=O)O)CC1 1 O=C1NCC1=CC=CC=CN1CCNCC1 1.0000000 1.0000 0.7532106 0.7532 0.8567547 3.8348
 | 12.2897 50.2626 -50.2626 0.0000000 CC(=CC=CC(O)=C1C=C(C)N(C)C1=O)N(CCO)CCO 1 C=C1C=CNC1=O 1.0000000 1.0000 0.6968012 0.6968 0.8842171 3.6756
01:52:02 <INFO> Sampled SMILES CN1C(=O)C(=C(O)C=CC=CN2N=C(C)C(=C(O)C=C(C)CO)=N2)C(C)=N1 failed to sanitize.
01:52:02 <INFO> Score: 0.45 Agent NLL: 13.83 Valid:  99% Step: 86
 | Agent Prior Target Score SMILES SMILES_state Scaffold DASA DASA (raw) Solubility Solubility (raw) SA SA (raw)
 | 15.8860 67.7020 17.9732 0.6693371 CC(C=CN1CCc2ccccc21)=CC(O)=C1C(=O)N(C(O)C=CC=CN(C)C)C1C(=O)O 1 O=C1NCC1=CC=CC=CN1CCc2ccccc21 1.0000000 1.0000 0.3764145 0.3764 0.6717683 4.5334
 | 12.2874 55.4935 49.8276 0.8228205 CC(=O)N1C(=O)C(=C(O)C=CC=C(C)N2CCSCC2)C1C(=O)O 1 O=C1NCC1=CC=CC=CN1CCSCC1 1.0000000 1.0000 0.6181250 0.6181 0.8336203 3.9502
 | 9.6435 40.3304 74.5651 0.8976209 CN(O)C=CC=CC(O)=C1C(=O)COC1=O 1 C=C1C(=O)COC1=O 1.0000000 1.0000 0.7768299 0.7768 0.8824041 3.6871
 | 20.8432 74.3952 -0.3473 0.5784994 CC(C=CN1CCCCC1)=CC(O)=C1C(=O)NC(=O)C1=C(O)C=CC=C(C)N1CCCC1 1 O=C1NC(=O)C(=CC=CC=CN2CCCC2)C1=CC=CC=CN1CCCCC1 1.0000000 1.0000 0.2071163 0.2071 0.8886183 3.6471
 | 36.3600 65.8586 28.9773 0.7409061 CCN1N=C(OC2OC(C)(C)CNC2=O)C(=C(O)C=CC=CN2CCCCC2)C1=O 1 O=C1NN=C(OC2OCCNC2=O)C1=CC=CC=CN1CCCCC1 1.0000000 1.0000 0.4992937 0.4993 0.6984469 4.4528
 | 11.7822 61.2529 41.8531 0.8055149 CC(O)=CC=C1C(=O)N2C(C(=O)O)C(=C(O)C=CC=CN(C)O)C(=O)NN12 1 C=C1CN2C(=O)C(=C)N2NC1=O 1.0000000 1.0000 0.7079022 0.7079 0.5880755 4.7681
 | 20.2135 28.7624 -28.7450 0.0001358 O=C1CC(=NN=c2[nH]c(C(=O)O)cs2)C1 1 O=C1CC(=NN=c2[nH]ccs2)C1 0.0000000 0.0000 0.7385110 0.7385 0.8468457 3.8860
 | 13.4697 70.6188 30.9585 0.7935730 CONC=CC=CC(O)=C1C(=O)N(C)C1=C(O)C=CC=CN(C)C 1 C=C1NC(=O)C1=C 1.0000000 1.0000 0.5622839 0.5623 0.8135956 4.0401
 | 6.8022 48.5351 62.0083 0.8636202 O=C1CC(=C(O)C=CC=CN2CCC=N2)C(=O)N1 1 O=C1CC(=CC=CC=CN2CCC=N2)C(=O)N1 1.0000000 1.0000 0.7388525 0.7389 0.7865360 4.1504
 | 10.7788 47.0247 60.4508 0.8396519 C=C1CC(O)C(=C(O)C=CC=CN(C)O)C(=O)N1 1 C=C1CCC(=C)C(=O)N1 1.0000000 1.0000 0.7375592 0.7376 0.6805761 4.5072
01:52:03 <INFO> Score: 0.43 Agent NLL: 12.45 Valid: 100% Step: 87
 | Agent Prior Target Score SMILES SMILES_state Scaffold DASA DASA (raw) Solubility Solubility (raw) SA SA (raw)
 | 11.6868 44.5758 -44.5579 0.0001396 COC(O)=CC=CC(O)=C1C(=O)OC1=O 1 C=C1C(=O)OC1=O 0.0000000 0.0000 0.7713125 0.7713 0.9076123 3.5116
 | 5.9578 49.0946 -49.0946 0.0000000 CC1=NN(C=CC=CC(O)=C2C(=O)N(C)C2=O)C(C)(C)C1 1 O=C1NC(=O)C1=CC=CC=CN1CCC=N1 1.0000000 1.0000 0.5861338 0.5861 0.8747212 3.7340
 | 11.1270 56.4605 59.2526 0.9040086 CCN1C(=O)C(=O)C(=C(O)C=CC=CN2CCC(=O)N2)C1=O 1 O=C1CCN(C=CC=CC=C2C(=O)NC(=O)C2=O)N1 1.0000000 1.0000 0.7891632 0.7892 0.8909718 3.6315
 | 17.3618 73.4968 40.7928 0.8928875 CCN1C(=O)C(=C(O)C=C(O)C=CN2CCOCC2)C(=C2C(=O)NNC2=O)C1=O 1 O=C1NC(=O)C(=C2C(=O)NNC2=O)C1=CC=CC=CN1CCOCC1 1.0000000 1.0000 0.7702597 0.7703 0.8710995 3.7553
 | 14.6245 42.1060 -42.0885 0.0001366 CC(O)=CC(O)=C1OC=C(C(=O)O)C1=O 1 C=C1OC=CC1=O 0.0000000 0.0000 0.7384839 0.7385 0.8743003 3.7365
 | 9.6808 43.3049 -43.3049 0.0000000 O=C1NC(=O)C(=C(O)C=CC=CN2CCCc3ccccc32)C(=O)N1 1 O=C1NC(=O)C(=CC=CC=CN2CCCc3ccccc32)C(=O)N1 1.0000000 1.0000 0.5346638 0.5347 0.9510214 3.0677
 | 11.1955 50.6533 50.2776 0.7885223 CC1=NN(C=CC=CC(O)=C2C(=O)NNN=C2C)C(C)(C)C1 1 O=C1NNN=CC1=CC=CC=CN1CCC=N1 1.0000000 1.0000 0.5745673 0.5746 0.7575771 4.2577
 | 10.2309 58.1716 59.4391 0.9188340 CC(=O)NN(C)C=CC=CC(O)=C1C(=O)NNC(=O)C1=O 1 C=C1C(=O)NNC(=O)C1=O 1.0000000 1.0000 0.8528017 0.8528 0.8472478 3.8840
 | 10.0577 47.1615 46.7605 0.7337658 CC(=CC=CC(O)=C1C(=O)OC(=C(C)C)C1=O)N1CCCC1 1 C=C1OC(=O)C(=CC=CC=CN2CCCC2)C1=O 1.0000000 1.0000 0.4136109 0.4136 0.9228706 3.3831
 | 20.1095 60.4632 43.3256 0.8108498 CC(=CC=CC(O)=C1C(=O)ON=C1C)N1CC[N+](C)(C)CC1 1 O=C1ON=CC1=CC=CC=CN1CC[NH2+]CC1 1.0000000 1.0000 0.5927354 0.5927 0.8306741 3.9639
01:52:04 <INFO> Score: 0.43 Agent NLL: 13.86 Valid:  99% Step: 88
 | Agent Prior Target Score SMILES SMILES_state Scaffold DASA DASA (raw) Solubility Solubility (raw) SA SA (raw)
 | 8.3131 79.6548 33.9051 0.8871863 O=c1[nH]c(=C(O)C=CC=CN(CCO)CCO)oc(=O)c1=C(O)C=CC=CN(O)CCO 1 C=c1[nH]c(=O)c(=C)c(=O)o1 1.0000000 1.0000 0.8471075 0.8471 0.7131572 4.4067
 | 21.2054 37.4647 -37.4468 0.0001395 CC(=O)NC1C(=O)N2C(C(=O)O)=C(N(C)C)N(C)CSC12 1 O=C1CC2SCNC=CN12 0.0000000 0.0000 0.8069002 0.8069 0.8358090 3.9399
 | 14.2789 51.4207 64.9569 0.9092006 O=C1NCC(=O)C(O)C1=C(O)C=CC=CN(CCO)CCO 1 C=C1CC(=O)CNC1=O 1.0000000 1.0000 0.8762436 0.8762 0.7644868 4.2330
 | 17.5906 69.5292 -69.5292 0.0000000 COC(OC)=C1C(=O)N2C1NC(=O)C(=C(O)C=CC=CN(O)C=CC=O)C2C(=O)O 1 C=C1CN2C(=O)C(=C)C2NC1=O 1.0000000 1.0000 0.7447251 0.7447 0.4768348 5.0604
 | 16.0695 76.4613 -76.4613 0.0000000 CS(=O)(=O)OCOCOCOCOCOCOCOCOCOCOCOCOCOCOCOCOCOCCON(O)C=CC=CC(O)=C1C(=O)NC(=O)NC1=O 1 C=C1C(=O)NC(=O)NC1=O 1.0000000 1.0000 0.7556688 0.7557 0.5606295 4.8412
 | 10.6030 71.4970 24.6863 0.7514326 CC(=CC=CC(O)=C1C(=O)OC(=C(O)C=CN2CCCC2)C1=O)N(C)C 1 C=C1C(=O)OC(=CC=CN2CCCC2)C1=O 1.0000000 1.0000 0.4645932 0.4646 0.8531888 3.8536
 | 13.7164 60.9878 50.6479 0.8721539 O=C1ONC(C(=O)O)C1=C(O)C=CC=CN(CO)OCCO 1 C=C1CNOC1=O 1.0000000 1.0000 0.8634290 0.8634 0.6305467 4.6518
 | 6.5995 49.3542 -49.3542 0.0000000 CC(=CC=CC(O)=C1C(=O)NC1=O)N1CCOCC1 1 O=C1NC(=O)C1=CC=CC=CN1CCOCC1 1.0000000 1.0000 0.7579405 0.7579 0.9505149 3.0748
 | 17.3147 74.5432 19.6656 0.7360058 CC(=CC=CC(C)=c1c(=O)[nH][nH]c(=O)c1=C(O)C=CC=CN(C)c1ccccc1)N1CCN(C)CC1 1 O=c1[nH][nH]c(=O)c(=CC=CC=CN2CCNCC2)c1=CC=CC=CNc1ccccc1 1.0000000 1.0000 0.4340157 0.4340 0.8619698 3.8067
 | 11.7640 47.8008 -47.8008 0.0000000 CN1C(=O)CC(=C(O)C=CC=CN(O)C=O)C1=O 1 C=C1CC(=O)NC1=O 1.0000000 1.0000 0.7829011 0.7829 0.8222224 4.0023
01:52:05 <INFO> Score: 0.48 Agent NLL: 13.76 Valid: 100% Step: 89
 | Agent Prior Target Score SMILES SMILES_state Scaffold DASA DASA (raw) Solubility Solubility (raw) SA SA (raw)
 | 9.1893 49.9644 48.2602 0.7673791 CN1C(=O)C(=C(O)C=CC=CN2CCCc3ccccc32)C1=O 1 O=C1NC(=O)C1=CC=CC=CN1CCCc2ccccc21 1.0000000 1.0000 0.4638390 0.4638 0.9553437 3.0046
 | 21.2342 53.6337 -53.6337 0.0000000 CCCCCC=CCC1=CC(=O)NC(=O)C1=C(O)C=CC=CN(O)CCO 1 C=C1C=CC(=O)NC1=O 1.0000000 1.0000 0.4403430 0.4403 0.8817126 3.6914
 | 9.1140 46.1332 -46.1332 0.0000000 CN(C=CC=CC(O)=C1C(=O)N(c2ccccc2)N=C1C(F)(F)F)c1ccccc1 1 O=C1C(=CC=CC=CNc2ccccc2)C=NN1c1ccccc1 1.0000000 1.0000 0.0833204 0.0833 0.9574913 2.9710
 | 15.5817 67.7547 33.8847 0.7940576 CC(CCO)=[N+]1C=CN(C=CC=CC(O)=C2ON(C)C2=O)CC1 1 C=[N+]1C=CN(C=CC=CC=C2ONC2=O)CC1 1.0000000 1.0000 0.6783721 0.6784 0.5876979 4.7691
 | 8.3252 59.7096 55.2891 0.8984274 CC(O)=c1[nH]c(=O)c(=C(O)C=CC=CN(O)CCO)c(=O)o1 1 C=c1[nH]c(=O)c(=C)c(=O)o1 1.0000000 1.0000 0.8408687 0.8409 0.7718117 4.2062
 | 10.3857 46.6622 71.2771 0.9214009 O=C1OC(=O)C1=C(O)C=C(O)C=CN(CCO)CCO 1 C=C1C(=O)OC1=O 1.0000000 1.0000 0.8443051 0.8443 0.8749464 3.7327
 | 12.6883 58.0238 45.4620 0.8084832 CN(O)C=CC=CC(O)=C1C(=O)NC2C(=C3NCCC3O)C(=O)N2C1C(=O)O 1 C=C1CN2C(=O)C(=C3CCCN3)C2NC1=O 1.0000000 1.0000 0.8025070 0.8025 0.4813790 5.0485
 | 14.4015 81.7056 -5.5767 0.5947571 CN1OC(=C(O)C=CC=CN2N=C(Br)C(=C(O)C=CBr)OC2=O)C1=O 1 C=C1C=NN(C=CC=CC=C2ONC2=O)C(=O)O1 1.0000000 1.0000 0.2783358 0.2783 0.6127555 4.7010
 | 7.3299 52.4376 50.0246 0.8004859 CN(O)C=CC=CC(O)=C1C(=O)NC(CCc2ccccc2)NC1C(=O)O 1 C=C1CNC(CCc2ccccc2)NC1=O 1.0000000 1.0000 0.5871628 0.5872 0.7893679 4.1394
 | 17.2258 73.9924 21.5603 0.7465055 CC(C=CN(CCO)CCO)=CC1C(=O)C1=C(O)C=CC=C(N)Nc1ccccc1 1 O=C1CC1=CC=CC=CNc1ccccc1 1.0000000 1.0000 0.4742991 0.4743 0.7949350 4.1173
01:52:06 <INFO> Score: 0.41 Agent NLL: 13.41 Valid: 100% Step: 90
 | Agent Prior Target Score SMILES SMILES_state Scaffold DASA DASA (raw) Solubility Solubility (raw) SA SA (raw)
 | 8.7166 42.5616 68.7770 0.8698322 CC1=NC(=O)NC(=O)C1=C(O)C=CC=CN(C)O 1 C=C1C=NC(=O)NC1=O 1.0000000 1.0000 0.7087994 0.7088 0.8782547 3.7127
 | 8.9074 50.7332 59.4313 0.8606603 CC=CC=c1[nH]c(=O)c(=C(O)C=CC=CN(O)CCO)o1 1 C=c1[nH]c(=O)c(=C)o1 1.0000000 1.0000 0.7789769 0.7790 0.7042046 4.4349
 | 9.9891 58.4693 51.3472 0.8579420 CC(=O)OCC1NC(=O)C(=C(O)C=CC=CN(C)O)C(C(=O)O)N1 1 C=C1CNCNC1=O 1.0000000 1.0000 0.8009373 0.8009 0.6597153 4.5687
 | 17.3749 61.4484 42.4213 0.8114813 O=C1N=C(C(O)O)C1=C(O)C=CC=CN1CCCc2ccccc21 1 O=C1N=CC1=CC=CC=CN1CCCc2ccccc21 1.0000000 1.0000 0.5604899 0.5605 0.9198536 3.4102
 | 14.1375 54.9420 56.1831 0.8681652 C=CC(OC)=c1[nH]c(=O)c(=C(O)C=CC=CN(C)O)c(=O)o1 1 C=c1[nH]c(=O)c(=C)c(=O)o1 1.0000000 1.0000 0.7900494 0.7900 0.7190640 4.3878
 | 9.4718 43.8030 -43.8030 0.0000000 O=C1C(=C(O)C=CC=CN2CCc3ccccc32)C(=O)c2ccccc21 1 O=C1C(=CC=CC=CN2CCc3ccccc32)C(=O)c2ccccc21 1.0000000 1.0000 0.1799520 0.1800 0.9653358 2.8328
 | 12.4385 23.6723 -23.6539 0.0001440 CC(=O)OC(C)=C1C(=O)OC1=O 1 C=C1C(=O)OC1=O 0.0000000 0.0000 0.8246142 0.8246 0.9500296 3.0815
 | 16.0736 50.1989 53.2588 0.8082627 CC(C=CN1CCSCCS1)=CC(O)=C1C(=O)NC(=O)NC1=O 1 O=C1NC(=O)C(=CC=CC=CN2CCSCCS2)C(=O)N1 1.0000000 1.0000 0.5885141 0.5885 0.8271349 3.9802
 | 11.2280 52.0315 -52.0315 0.0000000 CC1=NOC(=O)C1=C(O)C=CC=CN1CCc2ccccc21 1 O=C1ON=CC1=CC=CC=CN1CCc2ccccc21 1.0000000 1.0000 0.3833305 0.3833 0.9236467 3.3760
 | 11.8869 50.9970 -50.9970 0.0000000 CC=C1C(=O)N2C1NC(=O)C(=C(O)C=CC=CN(C)O)C2C(=O)O 1 C=C1CN2C(=O)C(=C)C2NC1=O 1.0000000 1.0000 0.7466894 0.7467 0.6061562 4.7191
01:52:06 <INFO> Sampled SMILES O=C1C(=C(O)C=CC=CN(O)C=CC=C(N2CCN(c3ccccc3)CC2)(O)C)C(C(O)=O)N1C(=O)N(C)CCCC failed to sanitize.
01:52:06 <INFO> Sampled SMILES N1C(=O)C(=C(O)C=CC=CN(OCCOCOC)C)=C(C)N(C)C1=O failed to sanitize.
01:52:07 <INFO> Score: 0.46 Agent NLL: 14.40 Valid:  98% Step: 91
 | Agent Prior Target Score SMILES SMILES_state Scaffold DASA DASA (raw) Solubility Solubility (raw) SA SA (raw)
 | 18.3136 60.5726 22.6092 0.6498580 CC=CC=CC=CC=C1COC(=C(O)C=CC=CN(O)CC)C(=O)N1 1 C=C1COC(=C)C(=O)N1 1.0000000 1.0000 0.3311071 0.3311 0.7200327 4.3846
 | 14.1181 17.2956 -17.2780 0.0001378 O=C1NCCc2ccccc21 1 O=C1NCCc2ccccc21 0.0000000 0.0000 0.7063203 0.7063 0.9910224 1.9356
 | 20.5245 58.0490 51.7283 0.8576356 CC(=CC=CC(O)=C1C(=O)N(C(=O)C(C)C)C1C(=O)O)N1CCN(CCO)CC1 1 O=C1NCC1=CC=CC=CN1CCNCC1 1.0000000 1.0000 0.6803000 0.6803 0.8762214 3.7250
 | 8.2465 53.8852 -53.8852 0.0000000 CCCN(O)C=CC=CC(O)=C1C(=O)NC(=O)NC1C(=O)O 1 C=C1CNC(=O)NC1=O 1.0000000 1.0000 0.7469860 0.7470 0.8018353 4.0894
 | 15.6780 52.3274 58.6845 0.8672804 C=C1C(=C(O)C=CC=CN2CCNCC2)C(=O)C1O 1 C=C1CC(=O)C1=CC=CC=CN1CCNCC1 1.0000000 1.0000 0.7571010 0.7571 0.7705811 4.2107
 | 12.0098 57.6113 -57.6113 0.0000000 O=C1Nc2ccccc2C1=C(O)C=CC=CN1CCCCCC1 1 O=C1Nc2ccccc2C1=CC=CC=CN1CCCCCC1 1.0000000 1.0000 0.2197904 0.2198 0.9640386 2.8576
 | 29.5786 62.5415 31.9090 0.7378945 CC(C=CN1CC(C)OC(C)C1)=CC(O)=C1C(=O)OC(C=C2C(=O)NC(=O)NC2=O)=C1C 1 O=C1NC(=O)C(=CC2=CC(=CC=CC=CN3CCOCC3)C(=O)O2)C(=O)N1 1.0000000 1.0000 0.5111392 0.5111 0.6561849 4.5789
 | 20.5690 74.2753 -74.2591 0.0001266 Cc1ccn(C=CC=CC(O)=C2C(=O)NC2(C)C(=O)O)n1 1 O=C1NCC1=CC=CC=Cn1cccn1 0.0000000 0.0000 0.6591857 0.6592 0.7164422 4.3962
 | 25.6148 70.3675 14.3771 0.6620668 CCN1C(=C(Br)Br)C(=O)N2C(C(=O)O)C(=C(O)C=CC=CN(CCOC(C)=O)OC)C(=O)NC12OC 1 C=C1CN2C(=O)C(=C)NC2NC1=O 1.0000000 1.0000 0.4408591 0.4409 0.4810718 5.0493
 | 19.9380 62.2347 52.6403 0.8974607 CC(OCCCCN(C)C)=c1[nH]c(=O)c(=C(O)C=CC=CN(CCO)CCO)c(=O)o1 1 C=c1[nH]c(=O)c(=C)c(=O)o1 1.0000000 1.0000 0.7996495 0.7996 0.8380241 3.9293
01:52:07 <INFO> Sampled SMILES N1C(=O)C(=C(O)C=CC=CN2NNC2O)C(C(=O)[O-])N2C(=O)C(=C(C=CC=CN(C)N=O)N)(C)C12 failed to sanitize.
01:52:07 <INFO> Score: 0.50 Agent NLL: 13.59 Valid:  99% Step: 92
 | Agent Prior Target Score SMILES SMILES_state Scaffold DASA DASA (raw) Solubility Solubility (raw) SA SA (raw)
 | 10.4003 63.8310 45.6412 0.8552513 O=c1[nH]c(=CC=CN2CCSCC2)oc1=C(O)C=CC=CN(CCO)CCO 1 C=c1oc(=CC=CN2CCSCC2)[nH]c1=O 1.0000000 1.0000 0.7596800 0.7597 0.7118497 4.4108
 | 21.3228 61.3517 27.5840 0.6948105 O=C1C(=C(O)C=CC=CN(O)CCO)OC12C=CC=CC=CC=C2 1 C=C1OC2(C=CC=CC=CC=C2)C1=O 1.0000000 1.0000 0.5220944 0.5221 0.4610387 5.1017
 | 14.2561 51.8411 20.3368 0.5638904 CN1C(=O)OC(=C(O)C=CC=CN2CC3(C)CC2CC(C)(C)C3)C1=O 1 O=C1NC(=O)C(=CC=CC=CN2CC3CCCC2C3)O1 1.0000000 1.0000 0.2960331 0.2960 0.4158403 5.2214
 | 10.9653 52.0549 53.2181 0.8224451 CN(C=CC=CC(O)=C1C(=O)NC(=O)NC1C(=O)O)c1ccccc1 1 O=C1NCC(=CC=CC=CNc2ccccc2)C(=O)N1 1.0000000 1.0000 0.5948215 0.5948 0.8894770 3.6415
 | 12.4966 52.7550 60.4119 0.8841165 O=C1OC(=CN2CC2)C(=O)C1=C(O)C=CC=CN1CCNCC1 1 O=C1OC(=CN2CC2)C(=O)C1=CC=CC=CN1CCNCC1 1.0000000 1.0000 0.7454284 0.7454 0.8759200 3.7269
 | 25.8940 54.2078 -54.1932 0.0001138 O=C(CC=CC(O)=CC(O)=C1C(=O)NC(=O)NC1=O)Nc1ccc2ccccc2c1 1 O=C(CC=CC=CC=C1C(=O)NC(=O)NC1=O)Nc1ccc2ccccc2c1 0.0000000 0.0000 0.4049899 0.4050 0.9576023 2.9692
 | 13.6721 54.7378 49.6987 0.8159103 CC1CC1=c1[nH]c(=O)c(=C(O)C=CC=CN(C)O)o1 1 C=c1oc(=C2CC2)[nH]c1=O 1.0000000 1.0000 0.7400037 0.7400 0.5820540 4.7842
 | 5.5895 48.7937 -48.7937 0.0000000 CN1C(=O)OC(=C(O)C=CC=CN2CCC=N2)C1=O 1 O=C1NC(=O)C(=CC=CC=CN2CCC=N2)O1 1.0000000 1.0000 0.6772515 0.6773 0.7630334 4.2382
 | 12.5589 17.5447 -17.5281 0.0001294 O=C1NC(=O)C(=Cc2cccc(O)c2)S1 1 O=C1NC(=O)C(=Cc2ccccc2)S1 0.0000000 0.0000 0.5869561 0.5870 0.9843819 2.3007
 | 15.7178 35.6048 57.9955 0.7312524 CC(C)=CC1CC(=O)C(=C(O)C=CC=CN(C)C)O1 1 C=C1OCCC1=O 1.0000000 1.0000 0.4552192 0.4552 0.7664208 4.2260
01:52:08 <INFO> Sampled SMILES N1C(=O)C(=C(O)C=CC=CN(OC(C)=O)OC(C)=O)n2c1c(=N)[nH]c(=N)[nH]2 failed to sanitize.
01:52:08 <INFO> Score: 0.50 Agent NLL: 12.68 Valid:  99% Step: 93
 | Agent Prior Target Score SMILES SMILES_state Scaffold DASA DASA (raw) Solubility Solubility (raw) SA SA (raw)
 | 27.0664 27.7493 -27.7358 0.0001058 CN1CCOc2ccc(CC3c4cc(O)ccc4CCN3C)cc21 1 c1ccc2c(c1)CCNC2Cc1ccc2c(c1)NCCO2 0.0000000 0.0000 0.3258813 0.3259 0.9561465 2.9922
 | 8.9134 47.5178 51.5144 0.7736892 CN1OC(=C(O)C=CC=CN(C)c2ccccc2)C1=O 1 O=C1NOC1=CC=CC=CNc1ccccc1 1.0000000 1.0000 0.4857220 0.4857 0.9200166 3.4088
 | 11.5769 33.4250 -33.4065 0.0001442 CC(O)=C1CC(=O)NNC1=O 1 C=C1CC(=O)NNC1=O 0.0000000 0.0000 0.8571606 0.8572 0.8956571 3.5995
 | 16.4860 63.8279 36.7058 0.7854198 CC(C=CN1CCCC1)=CC=c1[nH]c(=O)c(=C(O)C=CC=CN(C)OCCO)s1 1 C=c1sc(=CC=CC=CN2CCCC2)[nH]c1=O 1.0000000 1.0000 0.5680144 0.5680 0.7571042 4.2594
 | 7.9817 55.7760 58.3920 0.8919381 O=C1NNC(=O)C(=C(O)C=CC=CN2CCSCC2)C1=O 1 O=C1NNC(=O)C(=CC=CC=CN2CCSCC2)C1=O 1.0000000 1.0000 0.7743019 0.7743 0.8583494 3.8263
 | 14.1757 72.6830 38.1328 0.8657483 O=C1OC(=C(O)C=CC=CN(CCO)CCO)C(=O)C1=C(O)C=C(O)C=CN(CCO)CCO 1 C=C1OC(=O)C(=C)C1=O 1.0000000 1.0000 0.7635988 0.7636 0.7521282 4.2769
 | 16.0855 45.0870 64.4026 0.8553876 CN(O)C=CC=CC(O)=C1OC(C)(O)C(=O)C1=O 1 C=C1OCC(=O)C1=O 1.0000000 1.0000 0.7806125 0.7806 0.6793498 4.5109
 | 20.1318 55.2951 48.9188 0.8141704 C=CC1C(=C(O)C=CC=CN2CCNCC2)C(=O)C(C)(O)C1O 1 O=C1CCCC1=CC=CC=CN1CCNCC1 1.0000000 1.0000 0.7259770 0.7260 0.5951689 4.7490
 | 5.9184 48.7937 -48.7937 0.0000000 CN1C(=O)OC(=C(O)C=CC=CN2CCC=N2)C1=O 1 O=C1NC(=O)C(=CC=CC=CN2CCC=N2)O1 1.0000000 1.0000 0.6772515 0.6773 0.7630334 4.2382
 | 12.2344 58.5258 -58.5086 0.0001348 CC1=NOOC1=C(O)C=CC=CN(CCO)CCO 1 C=C1C=NOO1 0.0000000 0.0000 0.7645523 0.7646 0.7668887 4.2242
01:52:09 <INFO> Sampled SMILES N1C(=O)C(=C(O)C=CC=CN(OCCOC)C)(O)C=C(C=CCC(O)=C2C(=O)C(=O)C(=O)C2=C(C)N(C)C)C1=O failed to sanitize.
01:52:09 <INFO> Score: 0.51 Agent NLL: 13.10 Valid:  98% Step: 94
 | Agent Prior Target Score SMILES SMILES_state Scaffold DASA DASA (raw) Solubility Solubility (raw) SA SA (raw)
 | 6.9514 49.0556 54.1334 0.8061641 CC=CC=c1[nH]c(=O)c(=C(O)C=CC=CN2CCSCC2)o1 1 C=c1[nH]c(=O)c(=CC=CC=CN2CCSCC2)o1 1.0000000 1.0000 0.6260854 0.6261 0.7321742 4.3449
 | 14.3819 54.1990 -54.1990 0.0000000 CON(C)C=CC=CC(O)=C1C(=O)ON=C1C 1 C=C1C=NOC1=O 1.0000000 1.0000 0.6830605 0.6831 0.8165070 4.0275
 | 28.8489 74.1312 22.8158 0.7573985 C=C(C)N1N=C(C)C(=C(F)F)CN1C=CC=CC(O)=C1C(=O)NC(=O)NC1=O 1 C=C1C=NNN(C=CC=CC=C2C(=O)NC(=O)NC2=O)C1 1.0000000 1.0000 0.5058263 0.5058 0.7663918 4.2261
 | 5.3128 47.7954 -47.7954 0.0000000 CONC=CC=CC(O)=C1C(=O)N(C)C1=O 1 C=C1C(=O)NC1=O 1.0000000 1.0000 0.8053043 0.8053 0.9100646 3.4923
 | 16.6252 58.9256 53.6707 0.8796585 CC(C=CN(CCO)CCO)=CC(O)=C1C(=O)NC(=O)CC1(C)O 1 C=C1CCC(=O)NC1=O 1.0000000 1.0000 0.8018343 0.8018 0.7507598 4.2817
 | 12.7336 51.9729 -51.9729 0.0000000 CC1=NOC(=O)C1=C(O)C=CC=CN1CCCCC1 1 O=C1ON=CC1=CC=CC=CN1CCCCC1 1.0000000 1.0000 0.5218126 0.5218 0.9077790 3.5103
 | 7.0263 47.1703 -47.1703 0.0000000 CC(=CC=CC(O)=C1C(=O)NC(=O)NC1=O)N(CCO)CCO 1 C=C1C(=O)NC(=O)NC1=O 1.0000000 1.0000 0.8358171 0.8358 0.9253398 3.3602
 | 25.3643 80.6505 -80.6505 0.0000000 [N-]C(=CC=CC(=C2C(=O)NNC1=O)OC1(C(=O)NC(=O)NC1=O)O2)C=CC 0 -- 0.0000000 0.0000 0.0000000 0.0000 0.0000000 0.0000
 | 14.8095 48.7044 -48.7044 0.0000000 CC(=CC=CC(O)=C1C(=O)N(C)C(=O)N(C)C1=O)N1CCN(C)CC1 1 O=C1NC(=O)C(=CC=CC=CN2CCNCC2)C(=O)N1 1.0000000 1.0000 0.6732225 0.6732 0.9487962 3.0982
 | 14.7395 57.8150 44.1613 0.7966895 C=CC=CC(O)C1NC(=O)C(=C(O)C=CC=CN(C)CCO)O1 1 C=C1OCNC1=O 1.0000000 1.0000 0.7484778 0.7485 0.5034479 4.9910
01:52:10 <INFO> Score: 0.47 Agent NLL: 12.83 Valid: 100% Step: 95
 | Agent Prior Target Score SMILES SMILES_state Scaffold DASA DASA (raw) Solubility Solubility (raw) SA SA (raw)
 | 10.5297 45.4524 -45.4524 0.0000000 CCN(C=CC=CC(O)=C1C(=O)NC(=S)NC1=O)CC 1 C=C1C(=O)NC(=S)NC1=O 1.0000000 1.0000 0.7085979 0.7086 0.9187947 3.4195
 | 7.8573 56.1549 58.6401 0.8968356 CN1OC(=C(O)C=CC=CN(CCO)CCO)C(=O)N(C)C1=O 1 C=C1ONC(=O)NC1=O 1.0000000 1.0000 0.7947353 0.7947 0.8440207 3.9001
 | 12.5527 39.1439 -39.1439 0.0000000 O=C1NC(=O)C(=C(O)C=CC=CN2CCCCC2)C(=O)N1 1 O=C1NC(=O)C(=CC=CC=CN2CCCCC2)C(=O)N1 1.0000000 1.0000 0.6986422 0.6986 0.9449534 3.1480
 | 8.9938 48.3223 -48.3223 0.0000000 CN1C(=O)C(=C(O)C=CC=CN2CCCCC2)C1C(=O)O 1 O=C1NCC1=CC=CC=CN1CCCCC1 1.0000000 1.0000 0.6471928 0.6472 0.8621324 3.8058
 | 8.5912 47.4646 67.9687 0.9018226 O=C1OC1=C(O)C=CC=CN1CCNCC1 1 O=C1OC1=CC=CC=CN1CCNCC1 1.0000000 1.0000 0.7807153 0.7807 0.8964447 3.5940
 | 10.5837 49.4125 -49.3956 0.0001320 Cc1nn(C=CC=CC(O)=C2OC(=O)N(C)C2=O)c(=O)o1 1 O=C1NC(=O)C(=CC=CC=Cn2ncoc2=O)O1 0.0000000 0.0000 0.6931301 0.6931 0.8147120 4.0353
 | 18.2573 22.3196 -22.3041 0.0001211 CC=C(C)CN1CCN(C(=O)c2ccccc2)CC1 1 O=C(c1ccccc1)N1CCNCC1 0.0000000 0.0000 0.4793818 0.4794 0.9914002 1.9074
 | 10.8455 61.1086 47.7976 0.8508293 CC1=NN(C=CC=CC(O)=C2C(=O)NNC(=O)C2N2CCOCC2)CC1 1 O=C1NNC(=O)C(N2CCOCC2)C1=CC=CC=CN1CCC=N1 1.0000000 1.0000 0.7349175 0.7349 0.7340999 4.3384
 | 7.1762 47.2520 66.7305 0.8904885 CC1(C)NC(=O)C(=C(O)C=CC=CN(CCO)CCO)O1 1 C=C1OCNC1=O 1.0000000 1.0000 0.7823884 0.7824 0.8357171 3.9403
 | 17.2799 59.0765 39.6457 0.7712678 O=C1NC(=O)C(=C(O)C=CC=CN2CC3(OCCO3)C3CCCCN32)C(=O)O1 1 O=C1NC(=O)C(=CC=CC=CN2CC3(OCCO3)C3CCCCN32)C(=O)O1 1.0000000 1.0000 0.6475411 0.6475 0.5471538 4.8768
01:52:11 <INFO> Score: 0.49 Agent NLL: 13.72 Valid: 100% Step: 96
 | Agent Prior Target Score SMILES SMILES_state Scaffold DASA DASA (raw) Solubility Solubility (raw) SA SA (raw)
 | 18.3792 61.9458 44.3672 0.8305704 C=C(C)C1C(=C(O)C=CC=CN2CCOCC2)C(=O)N1C(=O)NC(N)=O 1 O=C1NCC1=CC=CC=CN1CCOCC1 1.0000000 1.0000 0.6496788 0.6497 0.8026083 4.0862
 | 17.1197 57.1978 52.4543 0.8566568 NC(CO)C1NC(=O)C(=C(O)C=CC=CN2CCNC(=O)C2)O1 1 O=C1CN(C=CC=CC=C2OCNC2=O)CCN1 1.0000000 1.0000 0.8693961 0.8694 0.5670286 4.8243
 | 10.5262 56.8034 54.1357 0.8667121 CC(=O)OCC1COC(=C(O)C=CC=CN(C)OCCO)C(=O)N1 1 C=C1OCCNC1=O 1.0000000 1.0000 0.7788986 0.7789 0.7307205 4.3497
 | 23.1503 64.0273 -15.0249 0.3828312 CC=CCCC=C(C)C=CC=CC=CC=CC=c1oc(=O)c(=C(O)C=CC=CN2CCCC2)o1 1 C=c1oc(=O)c(=CC=CC=CN2CCCC2)o1 1.0000000 1.0000 0.0664254 0.0664 0.7442241 4.3042
 | 29.5466 73.3155 25.1612 0.7693494 NCC(O)NC1C(=C(O)C=CC=CN(CCO)CCO)C(=O)NC(=CC2CC=CCC2)C1O 1 C=C1CCC(=CC2CC=CCC2)NC1=O 1.0000000 1.0000 0.7665204 0.7665 0.4020058 5.2587
 | 12.4489 45.9644 -45.9644 0.0000000 CCOC(=O)ON(C)C=CC=CC(O)=C1OC(=O)NC1=O 1 C=C1OC(=O)NC1=O 1.0000000 1.0000 0.6691347 0.6691 0.8443205 3.8986
 | 11.0678 53.8630 48.8540 0.8024764 CN(C=CC=CC(O)=C1OCC(=CBr)NC1=O)OCCO 1 C=C1COC(=C)C(=O)N1 1.0000000 1.0000 0.6365852 0.6366 0.6942573 4.4658
 | 13.3235 53.6574 54.0944 0.8418109 CC(C=CN1CCCCC1)=CC(O)=C1C(=O)N(C(=O)C(=O)O)C1C(=O)O 1 O=C1NCC1=CC=CC=CN1CCCCC1 1.0000000 1.0000 0.6603752 0.6604 0.8370329 3.9340
 | 7.1778 59.2744 -59.2744 0.0000000 O=c1[nH]c(=CC=CN2CCCCC2)oc1=C(O)C=CC=CN(CCO)CCO 1 C=c1oc(=CC=CN2CCCCC2)[nH]c1=O 1.0000000 1.0000 0.7393538 0.7394 0.7870371 4.1485
 | 9.8292 55.7715 -55.7715 0.0000000 CN(C)C=CC=CC(O)=C1C(=O)NNC(=O)C1=NO 1 C=C1C(=N)C(=O)NNC1=O 1.0000000 1.0000 0.8147619 0.8148 0.8670563 3.7784
01:52:11 <INFO> Sampled SMILES CN(C=CC=CC(O)=C1C(=O)NC(=O)NC1=O)CCN=C(NCCSCCCN=C1CC(=O)C(O)C(CN(C)C)O1)=O failed to sanitize.
01:52:11 <INFO> Sampled SMILES N1C(=O)C(=C(O)C=CC=CN2CC[N+](=O)([O-])C=C2)OC1=CC=CN(CCCCN=[N+]=[N-])C=O failed to sanitize.
01:52:11 <INFO> Score: 0.46 Agent NLL: 14.31 Valid:  98% Step: 97
 | Agent Prior Target Score SMILES SMILES_state Scaffold DASA DASA (raw) Solubility Solubility (raw) SA SA (raw)
 | 16.6893 86.3891 15.3239 0.7946334 CN1C(=O)C(=C(O)C=CC=CN2CCC=N2)C1C=CC=c1oc(=C2C(=O)NC(=O)NC2=O)c(=O)n1C 1 O=C1NC(=O)C(=c2oc(=CC=CC3NC(=O)C3=CC=CC=CN3CCC=N3)[nH]c2=O)C(=O)N1 1.0000000 1.0000 0.7544174 0.7544 0.4898411 5.0265
 | 17.1806 68.2764 35.0852 0.8075122 CCSC(C)=NC=CC=c1[nH]c(=O)c(=C(O)C=CC=CN(CCO)CCO)o1 1 C=c1[nH]c(=O)c(=C)o1 1.0000000 1.0000 0.6766644 0.6767 0.6447324 4.6118
 | 24.4072 78.0132 -78.0132 0.0000000 C1(=O)N(c3ccccc2)N=C(C(C)(C)C)CC1(C)CC=CC(O)=C1C(=O)ON=C1C(F)(F)F 0 -- 0.0000000 0.0000 0.0000000 0.0000 0.0000000 0.0000
 | 19.3408 56.4722 46.8379 0.8071095 CC1(O)OC(=C(O)C=CC=CN2CC=C(C=O)CC2)C1=O 1 O=C1COC1=CC=CC=CN1CC=CCC1 1.0000000 1.0000 0.6820257 0.6820 0.6342261 4.6415
 | 8.3159 48.1268 63.3570 0.8709668 C=C1C(=C(O)C=CC=CNOC)C(=O)N1C 1 C=C1NC(=O)C1=C 1.0000000 1.0000 0.7245758 0.7246 0.8508672 3.8656
 | 15.6358 39.6225 -39.6047 0.0001395 CCC1=NNC(=O)C1=C1C(=O)ON=C1C 1 O=C1NN=CC1=C1C=NOC1=O 0.0000000 0.0000 0.7901703 0.7902 0.8674748 3.7761
 | 17.5558 60.9147 39.6332 0.7855308 CC1=NN(C=CC=CC(O)=C2OC(CO)(CON)NC2=O)C(C)(C)C1 1 O=C1NCOC1=CC=CC=CN1CCC=N1 1.0000000 1.0000 0.7064204 0.7064 0.5173046 4.9549
 | 7.8248 45.5331 -45.5331 0.0000000 CC1=CC(=O)C1=C(O)C=CC=CN1CCCCC1 1 O=C1C=CC1=CC=CC=CN1CCCCC1 1.0000000 1.0000 0.4285097 0.4285 0.9392040 3.2167
 | 12.1482 44.3490 -44.3490 0.0000000 CC(=CC=CC(O)=C1C(=O)N(C)C(=O)N(C)C1=O)N1CCCC1 1 O=C1NC(=O)C(=CC=CC=CN2CCCC2)C(=O)N1 1.0000000 1.0000 0.6053218 0.6053 0.9498433 3.0840
 | 13.7334 50.4727 -50.4727 0.0000000 CC(C=CN(CCO)CCO)=CC(O)=C1C(=O)NC(=O)OC1=O 1 C=C1C(=O)NC(=O)OC1=O 1.0000000 1.0000 0.8101731 0.8102 0.8746943 3.7342
01:52:12 <INFO> Sampled SMILES CN1C(=O)C(=C(O)C=CC=CN2CC[N+](=NCOCCO)=C2COC(=O)N2CCCCC2)O1 failed to sanitize.
01:52:12 <INFO> Score: 0.48 Agent NLL: 13.28 Valid:  99% Step: 98
 | Agent Prior Target Score SMILES SMILES_state Scaffold DASA DASA (raw) Solubility Solubility (raw) SA SA (raw)
 | 11.7841 19.7726 -19.7570 0.0001223 CN1C(=O)SC(=Cc2ccccc2)C1=O 1 O=C1NC(=O)C(=Cc2ccccc2)S1 0.0000000 0.0000 0.4939141 0.4939 0.9901702 1.9952
 | 9.7277 56.0968 -56.0968 0.0000000 CC(=CC=CC(O)=C1C(=O)C(=O)NN(C)C1=O)N1CCN(C)CC1 1 O=C1NNC(=O)C(=CC=CC=CN2CCNCC2)C1=O 1.0000000 1.0000 0.7633234 0.7633 0.9159074 3.4444
 | 11.9201 49.9975 60.7160 0.8649486 O=C1OC1=C(O)C=CC=CN1CCCC(O)C1 1 O=C1OC1=CC=CC=CN1CCCCC1 1.0000000 1.0000 0.7240261 0.7240 0.8215411 4.0054
 | 13.4588 61.8878 53.1546 0.8987689 CN1NC(=O)C(=O)C(=C(O)C=CC=CN2CCCNC2=O)C1=O 1 O=C1NNC(=O)C(=CC=CC=CN2CCCNC2=O)C1=O 1.0000000 1.0000 0.7875832 0.7876 0.8672283 3.7775
 | 15.5462 50.2841 62.9969 0.8850076 CN1CCN(C=CC=CC(O)=c2oc(=CCCC(=O)O)[nH]c2=O)CC1 1 C=c1[nH]c(=O)c(=CC=CC=CN2CCNCC2)o1 1.0000000 1.0000 0.7574639 0.7575 0.8562260 3.8376
 | 11.4008 48.3641 -48.3480 0.0001255 Cc1cc(C(F)(F)F)nn1C=CC=CC(O)=C1C(=O)NC(=O)NC1=O 1 O=C1NC(=O)C(=CC=CC=Cn2cccn2)C(=O)N1 0.0000000 0.0000 0.5591660 0.5592 0.9113750 3.4818
 | 13.3320 52.8779 62.9422 0.9048445 O=C1NC(=O)C(=C(O)C=CC=CN2C=CNN2)C(=O)N1 1 O=C1NC(=O)C(=CC=CC=CN2C=CNN2)C(=O)N1 1.0000000 1.0000 0.8319909 0.8320 0.8162169 4.0288
 | 8.8696 52.0282 41.7214 0.7324183 CN1OC(=C(O)C=CC=CN2CCCc3ccccc32)C1=O 1 O=C1NOC1=CC=CC=CN1CCCc2ccccc21 1.0000000 1.0000 0.4124668 0.4125 0.9184491 3.4226
 | 7.9247 53.2779 -53.2779 0.0000000 CC1=NN(C=CC=CC(O)=C2NN=CNC2=O)C(C)(C)C1 1 O=C1NC=NNC1=CC=CC=CN1CCC=N1 1.0000000 1.0000 0.6336873 0.6337 0.7000844 4.4478
 | 16.9900 79.9765 30.4897 0.8630171 CCN1CN(C=CC=CC(O)=c2oc(=CC=CC(O)=C3C(=O)NC(=O)NC3=O)[nH]c2=O)C1 1 O=C1NC(=O)C(=CC=CC=c2[nH]c(=O)c(=CC=CC=CN3CNC3)o2)C(=O)N1 1.0000000 1.0000 0.7576439 0.7576 0.7499597 4.2845
01:52:13 <INFO> Sampled SMILES c1cccc(NN=NCOC(=CC=CC(=C2C(=O)NNC(=O)C2)O)=O)c1 failed to sanitize.
01:52:13 <INFO> Sampled SMILES O=C1C(=C(O)C=CC=CN(OC)CCO)=C(C)OC1CCC1C(O)C(N)C(O)CO1 failed to sanitize.
01:52:13 <INFO> Score: 0.49 Agent NLL: 13.37 Valid:  98% Step: 99
 | Agent Prior Target Score SMILES SMILES_state Scaffold DASA DASA (raw) Solubility Solubility (raw) SA SA (raw)
 | 6.0551 54.2103 -54.2103 0.0000000 O=C1NNC(=O)C(=C(O)C=CC=CN(CCO)CCO)C1=O 1 C=C1C(=O)NNC(=O)C1=O 1.0000000 1.0000 0.8903565 0.8904 0.8741704 3.7373
 | 8.5691 47.6460 -47.6460 0.0000000 C=C1OC(=O)C(=C(O)C=CC=CN2C=CCC2)C1=O 1 C=C1OC(=O)C(=CC=CC=CN2C=CCC2)C1=O 1.0000000 1.0000 0.6072925 0.6073 0.7950550 4.1169
 | 15.7339 43.6743 65.3182 0.8515035 CC(C=CN(C)CCO)=CC(O)=C1OC(C)(C)NC1=O 1 C=C1OCNC1=O 1.0000000 1.0000 0.6897125 0.6897 0.8237770 3.9954
 | 27.3150 30.5593 -30.5456 0.0001072 CC(=O)OC(C=O)=C1C(=O)c2ccccc2-c2ccccc21 1 C=C1C(=O)c2ccccc2-c2ccccc21 0.0000000 0.0000 0.3353013 0.3353 0.9753328 2.6045
 | 7.1395 48.8860 -48.8860 0.0000000 CC1(C)ONC(=O)C(=C(O)C=CC=CN(CCO)CCO)C(=O)O1 1 C=C1C(=O)NOCOC1=O 1.0000000 1.0000 0.7906290 0.7906 0.8455819 3.8923
 | 9.8604 51.7971 50.5415 0.7995200 CC1=NN(C=CC=CC(O)=C2ONC2=O)C(C)(C)C1 1 O=C1NOC1=CC=CC=CN1CCC=N1 1.0000000 1.0000 0.6017474 0.6017 0.7514137 4.2794
 | 19.2682 62.8679 20.0678 0.6479352 CCN(C=CC=CC(O)=C1C(=O)NC(=O)C1=C(C)NN=C(C)C)c1ccccc1 1 C=C1C(=O)NC(=O)C1=CC=CC=CNc1ccccc1 1.0000000 1.0000 0.2855706 0.2856 0.9184214 3.4228
 | 5.5926 49.0556 -49.0556 0.0000000 CC=CC=c1[nH]c(=O)c(=C(O)C=CC=CN2CCSCC2)o1 1 C=c1[nH]c(=O)c(=CC=CC=CN2CCSCC2)o1 1.0000000 1.0000 0.6260854 0.6261 0.7321742 4.3449
 | 9.0147 56.8016 52.3529 0.8527690 O=C1NNC(=O)C(=C(O)C=CC=CN2CCSCC2)O1 1 O=C1NNC(=O)C(=CC=CC=CN2CCSCC2)O1 1.0000000 1.0000 0.7014348 0.7014 0.8060967 4.0718
 | 11.9713 49.7234 -49.7234 0.0000000 CCN1C(=O)CC(=C(O)C=CC=CN2CCN(C)CC2)C1=O 1 O=C1CC(=CC=CC=CN2CCNCC2)C(=O)N1 1.0000000 1.0000 0.6792033 0.6792 0.9226040 3.3856
01:52:14 <INFO> Score: 0.54 Agent NLL: 13.85 Valid: 100% Step: 100
 | Agent Prior Target Score SMILES SMILES_state Scaffold DASA DASA (raw) Solubility Solubility (raw) SA SA (raw)
 | 7.8854 55.6072 51.3629 0.8357038 CN1NC(=O)C(=C(O)C=CC=CN2CCSCC2)OC1=O 1 O=C1NNC(=O)C(=CC=CC=CN2CCSCC2)O1 1.0000000 1.0000 0.6577215 0.6577 0.8113370 4.0497
 | 12.2026 54.5206 49.0459 0.8091128 O=C1NC=CS(=O)(=O)OC1=C(O)C=CC=CN1CC=CCC1 1 O=C1NC=CS(=O)(=O)OC1=CC=CC=CN1CC=CCC1 1.0000000 1.0000 0.6432830 0.6433 0.7117772 4.4111
 | 9.7402 43.4725 67.5529 0.8673855 C=C1C(=O)OC(=C(O)C=CC=CN2CCN(C)CC2)C1=O 1 C=C1C(=O)OC(=CC=CC=CN2CCNCC2)C1=O 1.0000000 1.0000 0.6959856 0.6960 0.8934355 3.6148
 | 18.3206 48.6197 57.0553 0.8255854 CC(=CC=CC(O)=C1C(=O)NNC1=O)N1Cc2ccccc2C1 1 O=C1NNC(=O)C1=CC=CC=CN1Cc2ccccc2C1 1.0000000 1.0000 0.5846914 0.5847 0.9351443 3.2616
 | 8.6240 53.7983 -53.7983 0.0000000 CC(=O)N1C(=O)C(=C(O)C=CC=CN2CCN(C)CC2)C1C(=O)O 1 O=C1NCC1=CC=CC=CN1CCNCC1 1.0000000 1.0000 0.7411712 0.7412 0.8619404 3.8069
 | 14.1635 55.3238 54.2797 0.8562772 CN1CCN(C(=O)C=CC=CC=c2[nH]c(=O)c(=C(O)C=CC=CN3CCOCC3)o2)CC1 1 O=C(C=CC=CC=c1[nH]c(=O)c(=CC=CC=CN2CCOCC2)o1)N1CCNCC1 1.0000000 1.0000 0.6877298 0.6877 0.8525980 3.8566
 | 16.1225 68.0900 -68.0762 0.0001082 CN(C)C1=C(C=O)C(=C(O)C=CC=CN2CCCc3ccccc32)OC1=O 1 O=C1C=CC(=CC=CC=CN2CCCc3ccccc32)O1 0.0000000 0.0000 0.3610574 0.3611 0.8987488 3.5776
 | 8.5284 53.5668 62.5182 0.9069135 C=c1[nH]c(=O)c(=C(O)C=CC=CN2CCOCC2)oc1=O 1 C=c1[nH]c(=O)c(=CC=CC=CN2CCOCC2)oc1=O 1.0000000 1.0000 0.8185130 0.8185 0.8500140 3.8699
 | 7.7348 45.3698 -45.3698 0.0000000 CC1=CC(=O)C1=C(O)C=CC=CN1CCOCC1 1 O=C1C=CC1=CC=CC=CN1CCOCC1 1.0000000 1.0000 0.6153105 0.6153 0.9304187 3.3107
 | 14.2283 69.2562 37.2794 0.8323093 Cn1c(=CC=CC=CN(CCO)CCO)[nH]c(=O)c1=C(O)C=CC=CN1SCCC1=O 1 C=c1[nH]c(=O)c(=CC=CC=CN2SCCC2=O)[nH]1 1.0000000 1.0000 0.7321194 0.7321 0.6583799 4.5726
01:52:14 <INFO> Sampled SMILES N1C(=O)C(=C(O)C=CC=CN2CCOCC2)OS1(=O)(=O)O failed to sanitize.
01:52:15 <INFO> Score: 0.53 Agent NLL: 13.52 Valid:  98% Step: 101
 | Agent Prior Target Score SMILES SMILES_state Scaffold DASA DASA (raw) Solubility Solubility (raw) SA SA (raw)
 | 9.6843 48.7061 60.6254 0.8541526 C=C1COC(=C(O)C=CC=CN(C)O)C(=O)N1 1 C=C1COC(=C)C(=O)N1 1.0000000 1.0000 0.7264505 0.7265 0.7646286 4.2325
 | 8.3090 44.9099 -44.9099 0.0000000 C=c1o[nH]c(=O)c1=C(O)C=CC=CN(CCO)CCO 1 C=c1o[nH]c(=O)c1=C 1.0000000 1.0000 0.8679515 0.8680 0.7986337 4.1025
 | 9.5477 46.5282 -46.5282 0.0000000 O=C(O)C1C(=O)C1=C(O)C=CC=CN1CCCCC1 1 O=C1CC1=CC=CC=CN1CCCCC1 1.0000000 1.0000 0.6238195 0.6238 0.8701496 3.7608
 | 22.8450 60.5425 -60.5425 0.0000000 CC(=CC=CC(O)=C1C(=O)NN=C1N(C)CCO)N(CCO)CCO 1 C=C1C=NNC1=O 1.0000000 1.0000 0.8317006 0.8317 0.8739362 3.7387
 | 7.3436 55.7170 -55.7170 0.0000000 O=C1NNC(=O)C(=C(O)C=CC=CN(CCO)CCO)C(=O)N1 1 C=C1C(=O)NNC(=O)NC1=O 1.0000000 1.0000 0.8786455 0.8786 0.8833137 3.6814
 | 20.1119 68.0561 36.7681 0.8189395 CN1OC(=C(O)C=CC=CNC(=O)OCN2C(=O)c3ccccc3C2=O)C1=O 1 O=C(NC=CC=CC=C1ONC1=O)OCN1C(=O)c2ccccc2C1=O 1.0000000 1.0000 0.5756463 0.5756 0.9210843 3.3993
 | 18.2177 71.9019 35.0007 0.8351767 CC=NC=c1[nH]c(=O)c(=C(O)C=CC=CN2NNNC2=N)oc1=O 1 C=c1[nH]c(=O)c(=CC=CC=CN2NNNC2=N)oc1=O 1.0000000 1.0000 0.8655260 0.8655 0.5001453 4.9996
 | 11.1199 57.2574 50.3957 0.8410403 CC1=NN(C=CC=CC(O)=C2C(=O)NC(=O)C2=NO)C(C)(O)C1 1 N=C1C(=O)NC(=O)C1=CC=CC=CN1CCC=N1 1.0000000 1.0000 0.7291480 0.7291 0.7004237 4.4467
 | 18.4591 54.6933 25.5742 0.6270905 CC1=NN(C=CC=CC(O)=C2C(=O)N(C)C(=O)N(c3ccccc3)C2=O)C(C)(C)C1 1 O=C1NC(=O)N(c2ccccc2)C(=O)C1=CC=CC=CN1CCC=N1 1.0000000 1.0000 0.2585356 0.2585 0.9206045 3.4036
 | 15.3625 42.6050 68.8978 0.8711151 C=C1C(=O)OC(=O)C1=C(O)C=CC=CN(C)O 1 C=C1C(=C)C(=O)OC1=O 1.0000000 1.0000 0.7250459 0.7250 0.8506619 3.8666
01:52:15 <INFO> Sampled SMILES [nH]1c(=N)c2c(sc(C)c2C)n1 failed to sanitize.
01:52:16 <INFO> Score: 0.49 Agent NLL: 13.80 Valid:  98% Step: 102
 | Agent Prior Target Score SMILES SMILES_state Scaffold DASA DASA (raw) Solubility Solubility (raw) SA SA (raw)
 | 11.3172 46.1140 58.6448 0.8184286 CN1C(=O)C(=C(O)C=CC=CN2C(=O)C(=O)c3ccccc32)C(=O)N(C)C1=O 1 O=C1NC(=O)C(=CC=CC=CN2C(=O)C(=O)c3ccccc32)C(=O)N1 1.0000000 1.0000 0.5693002 0.5693 0.9360557 3.2517
 | 10.2237 47.9467 52.6262 0.7857255 CC1(C)NC(=O)C(=C(O)C=CC=CN2C=CCC2)O1 1 O=C1NCOC1=CC=CC=CN1C=CCC1 1.0000000 1.0000 0.5770912 0.5771 0.7378944 4.3257
 | 10.8284 55.9511 -55.9511 0.0000000 CCN1NC(=O)C(=C(O)C=C(O)C=CN(CCO)CCO)C1=O 1 C=C1C(=O)NNC1=O 1.0000000 1.0000 0.8389561 0.8390 0.8433471 3.9034
 | 22.4131 52.3009 38.1575 0.7067059 O=C1Nc2ccccc2SC1=C(O)C(O)=CC=CN1CCOCC1 1 O=C1Nc2ccccc2SC1=CC=CC=CN1CCOCC1 1.0000000 1.0000 0.3682883 0.3683 0.9282700 3.3320
 | 25.8089 88.3562 1.5966 0.7027563 C=C1COC(=C(C)O)CC1=C1C(=C(O)C=CC=CN2CCNC=N2)C(=O)N1C 1 C=C1CC(=C2NC(=O)C2=CC=CC=CN2CCNC=N2)C(=C)CO1 1.0000000 1.0000 0.4516950 0.4517 0.6305878 4.6516
 | 17.6176 53.8027 49.2988 0.8054809 Cc1ccc(S(=O)(=O)NC2C(=O)C2=C(O)C=CC=CN2CCN(C)CC2)cc1 1 O=C1C(=CC=CC=CN2CCNCC2)C1NS(=O)(=O)c1ccccc1 1.0000000 1.0000 0.5536130 0.5536 0.9040219 3.5390
 | 7.3139 55.1794 -55.1794 0.0000000 O=C1NC(=O)C(=C(O)C=CC=CN(CCO)CCO)C(C(=O)O)N1 1 C=C1CNC(=O)NC1=O 1.0000000 1.0000 0.8573543 0.8574 0.8140205 4.0382
 | 5.4715 54.4510 -54.4510 0.0000000 CN1NC(=O)C(=O)C(=C(O)C=CC=CN(CCO)CCO)C1=O 1 C=C1C(=O)NNC(=O)C1=O 1.0000000 1.0000 0.8701611 0.8702 0.8671078 3.7781
 | 22.2008 71.5826 28.3593 0.7807955 COCC1=NN(C=CC=CC(O)=C2CSC(=NC(C)=O)NC2=O)OC1CO 1 N=C1NC(=O)C(=CC=CC=CN2N=CCO2)CS1 1.0000000 1.0000 0.6895803 0.6896 0.5227539 4.9407
 | 12.4611 51.9157 51.5876 0.8086199 CC1=CC(=O)C1=C(O)C=CC=CN1CCCO1 1 O=C1C=CC1=CC=CC=CN1CCCO1 1.0000000 1.0000 0.5810423 0.5810 0.8478025 3.8812
01:52:16 <INFO> Sampled SMILES N1C(=O)C(=C(OCOC(=O)C(C)=CC)=COC(=O)NCCC)OC1n1c(=O)[nH]c(=N)cc1 failed to sanitize.
01:52:16 <INFO> Score: 0.56 Agent NLL: 14.20 Valid:  99% Step: 103
 | Agent Prior Target Score SMILES SMILES_state Scaffold DASA DASA (raw) Solubility Solubility (raw) SA SA (raw)
 | 11.3741 49.1681 49.5934 0.7715742 CN1C(=O)C(=C(O)C=CC=CN2CCSCC2)CC1=S 1 O=C1NC(=S)CC1=CC=CC=CN1CCSCC1 1.0000000 1.0000 0.5173413 0.5173 0.8121249 4.0464
 | 19.1824 54.9179 46.4233 0.7917283 CC(CN1CCCC1=O)N(C)C=CC=CC(O)=C1C(=O)OC(C)(C)OC1=O 1 O=C1OCOC(=O)C1=CC=CC=CNCCN1CCCC1=O 1.0000000 1.0000 0.5554564 0.5555 0.8210837 4.0074
 | 16.1937 62.2286 44.3832 0.8329047 CN1OC(=C(O)C=CC=CN2CCNC([N+](=O)[O-])C2)C1=O 1 O=C1NOC1=CC=CC=CN1CCNCC1 1.0000000 1.0000 0.7826007 0.7826 0.5880714 4.7681
 | 23.5713 65.5260 50.9300 0.9098126 CN(C=CC=CC(O)=C1C(=O)NC(=O)NC1=O)CCOCOCOCOC(=O)CN1CCNCC1 1 O=C1NC(=O)C(=CC=CC=CNCCOCOCOCOC(=O)CN2CCNCC2)C(=O)N1 1.0000000 1.0000 0.8040180 0.8040 0.8918313 3.6257
 | 26.1781 67.8716 35.7214 0.8093195 CC(C)C1=NN(C=CC=CC(O)=C2C(=O)N(C(=O)CC(=O)O)C2C(=O)O)CC1 1 O=C1NCC1=CC=CC=CN1CCC=N1 1.0000000 1.0000 0.6411137 0.6411 0.7169582 4.3945
 | 16.8370 53.0435 31.7224 0.6622336 O=c1[nH]c2cccc3ccn(c1=C(O)C=CC=CN1CCCCCC1)c32 1 O=c1[nH]c2cccc3ccn(c1=CC=CC=CN1CCCCCC1)c32 1.0000000 1.0000 0.3024803 0.3025 0.9312989 3.3018
 | 8.5348 44.5511 -44.5511 0.0000000 C=C1OC(=O)C(=C(O)C=CC=CN2CCCCCC2)C1=O 1 C=C1OC(=O)C(=CC=CC=CN2CCCCCC2)C1=O 1.0000000 1.0000 0.4881373 0.4881 0.9207965 3.4019
 | 8.2783 55.9538 56.8499 0.8812792 O=C1NNC(=O)C(=C(O)C=CC=CN2CC=CCC2)C(=O)N1 1 O=C1NNC(=O)C(=CC=CC=CN2CC=CCC2)C(=O)N1 1.0000000 1.0000 0.7513501 0.7514 0.8494189 3.8730
 | 13.0045 53.2760 57.8220 0.8679533 O=C1NC(CO)COC1=C(O)C=CC=CN1CCCNC1=O 1 O=C1NCCOC1=CC=CC=CN1CCCNC1=O 1.0000000 1.0000 0.7737668 0.7738 0.7447977 4.3023
 | 11.6808 47.8115 59.7999 0.8407139 CCN1CC(=C(O)C=CC=CN2CC[N+](C)(C)CC2)C1=O 1 O=C1NCC1=CC=CC=CN1CC[NH2+]CC1 1.0000000 1.0000 0.6646304 0.6646 0.8220303 4.0032
01:52:17 <INFO> Score: 0.52 Agent NLL: 13.60 Valid: 100% Step: 104
 | Agent Prior Target Score SMILES SMILES_state Scaffold DASA DASA (raw) Solubility Solubility (raw) SA SA (raw)
 | 22.8423 52.9173 60.5783 0.8866848 CN(C)NC=CC=CC(O)=C1C(=O)NC(=O)N(C)C1O 1 C=C1CNC(=O)NC1=O 1.0000000 1.0000 0.8109182 0.8109 0.7675007 4.2220
 | 9.0256 51.6902 -51.6902 0.0000000 CC1=NN(C=CC=CC(O)=C2C(=O)NC(=O)N(C)C2=O)C(C)(C)C1 1 O=C1NC(=O)C(=CC=CC=CN2CCC=N2)C(=O)N1 1.0000000 1.0000 0.5919513 0.5920 0.8842299 3.6755
 | 8.2368 57.3756 46.1939 0.8091363 CC(C=CN1CCSCC1)=CC(O)=C1ON(C)C1=O 1 O=C1NOC1=CC=CC=CN1CCSCC1 1.0000000 1.0000 0.5989009 0.5989 0.8067570 4.0690
 | 10.0745 48.0976 64.5891 0.8803650 C=c1[nH]c(=O)c(=C(O)C=CC=CN2CCCCC2)oc1=O 1 C=c1[nH]c(=O)c(=CC=CC=CN2CCCCC2)oc1=O 1.0000000 1.0000 0.7411573 0.7412 0.8652391 3.7886
 | 20.6214 72.1612 19.0581 0.7126507 C[N+](=Cc1ccccc1)C1=CCCN1C=CC=CC(O)=c1oc(=CC=C2C(=O)OC(C)(C)OC2=O)[nH]c1=O 1 O=C1OCOC(=O)C1=CC=c1[nH]c(=O)c(=CC=CC=CN2CCC=C2[NH+]=Cc2ccccc2)o1 1.0000000 1.0000 0.4398128 0.4398 0.7110235 4.4135
 | 8.2557 40.4507 70.9643 0.8704301 C=C1OC(=O)C(=C(O)C=CC=CN2CCN(C)CC2)C1=O 1 C=C1OC(=O)C(=CC=CC=CN2CCNCC2)C1=O 1.0000000 1.0000 0.6959856 0.6960 0.9100235 3.4926
 | 17.4909 61.5916 45.1174 0.8336641 CC(=O)OCCN(C)C=CC=CC=c1[nH]c(=O)c(=C(O)C=CC=CN2CCN(C)CC2)o1 1 C=c1[nH]c(=O)c(=CC=CC=CN2CCNCC2)o1 1.0000000 1.0000 0.6592345 0.6592 0.7977805 4.1059
 | 37.6479 58.0676 -58.0535 0.0001102 CCOC(=O)C1C(=N)OC(C)(C)C(=C2CC2)C1=CC=Cc1n[nH]c(=O)o1 1 N=C1CC(=CC=Cc2n[nH]c(=O)o2)C(=C2CC2)CO1 0.0000000 0.0000 0.4380501 0.4381 0.7064340 4.4280
 | 14.9339 50.9662 51.4031 0.7997604 CN1C(=O)CC(=C(O)C=CC=CN2C=C(C(C)(C)C)C(=O)C2=O)C1=O 1 O=C1CC(=CC=CC=CN2C=CC(=O)C2=O)C(=O)N1 1.0000000 1.0000 0.5632107 0.5632 0.8450168 3.8951
 | 14.7619 52.7905 32.9409 0.6697764 CC(C=CN1CCc2ccccc21)=CC(O)=C1OC(C)(C)NC1=O 1 O=C1NCOC1=CC=CC=CN1CCc2ccccc21 1.0000000 1.0000 0.3191891 0.3192 0.8995962 3.5716
01:52:18 <INFO> Score: 0.52 Agent NLL: 13.75 Valid: 100% Step: 105
 | Agent Prior Target Score SMILES SMILES_state Scaffold DASA DASA (raw) Solubility Solubility (raw) SA SA (raw)
 | 12.9942 51.3925 61.4540 0.8816136 CN1C(=O)C(=C(O)C=CC=CN(CCO)CCO)C(O)C1=S 1 C=C1CC(=S)NC1=O 1.0000000 1.0000 0.8104197 0.8104 0.7455357 4.2997
 | 27.5094 79.3169 -2.0293 0.6038097 CON(C=CC=CC(O)=C1C(=O)OC(=C(O)C=CC=C(C)N2CCOCC2)C1=O)c1cccc(O)c1 1 O=C1OC(=CC=CC=CN2CCOCC2)C(=O)C1=CC=CC=CNc1ccccc1 1.0000000 1.0000 0.2437991 0.2438 0.8364098 3.9370
 | 15.2860 51.0666 -51.0666 0.0000000 O=C1NC(=O)C(=C(O)C=CC=C(O)N(CCO)CCO)C(=O)N1 1 C=C1C(=O)NC(=O)NC1=O 1.0000000 1.0000 0.8608989 0.8609 0.9199322 3.4096
 | 7.0424 47.1764 -47.1764 0.0000000 O=C1NC=NNC1=C(O)C=CC=CN(CCO)CCO 1 C=C1NN=CNC1=O 1.0000000 1.0000 0.8635027 0.8635 0.7849253 4.1566
 | 11.9313 57.0076 56.2051 0.8844743 CCCCN1NC(=O)CC(=C(O)C=CC=CN(CCO)CCO)C1=O 1 C=C1CC(=O)NNC1=O 1.0000000 1.0000 0.7508005 0.7508 0.8668211 3.7798
 | 17.3074 52.6423 46.0710 0.7711977 CN1CCN(C=CC=CC(O)=C2OC2=O)c2ccccc21 1 O=C1OC1=CC=CC=CN1CCNc2ccccc21 1.0000000 1.0000 0.4761431 0.4761 0.9366546 3.2452
 | 32.0098 44.3449 -44.3272 0.0001387 CC(=O)OCC(=O)OCOC(C)=C1SNC(=S)NC1=O 1 C=C1SNC(=S)NC1=O 0.0000000 0.0000 0.7586043 0.7586 0.9021878 3.5526
 | 13.3952 51.3521 56.7625 0.8446447 CC(=O)OC1(C)NC(=O)C(=C(O)C=CC=CN2CCN(C)CC2)O1 1 O=C1NCOC1=CC=CC=CN1CCNCC1 1.0000000 1.0000 0.6979778 0.6980 0.7732430 4.2009
 | 11.5141 39.1470 71.6382 0.8655092 O=C1OCCC1=C(O)C=CC=CN1CCOCC1 1 O=C1OCCC1=CC=CC=CN1CCOCC1 1.0000000 1.0000 0.6832119 0.6832 0.9124403 3.4731
 | 11.7045 61.2908 49.2822 0.8638511 C=c1oc(=O)[nH]c(=O)c1=C(O)C=CC=CN1SCCC1=O 1 C=c1oc(=O)[nH]c(=O)c1=CC=CC=CN1SCCC1=O 1.0000000 1.0000 0.7739541 0.7740 0.7261939 4.3646
01:52:19 <INFO> Score: 0.52 Agent NLL: 13.84 Valid: 100% Step: 106
 | Agent Prior Target Score SMILES SMILES_state Scaffold DASA DASA (raw) Solubility Solubility (raw) SA SA (raw)
 | 9.3233 51.5246 -51.5246 0.0000000 CC(=CC=CC(O)=C1C(=O)NNC1=O)N1CCSCC1 1 O=C1NNC(=O)C1=CC=CC=CN1CCSCC1 1.0000000 1.0000 0.7188333 0.7188 0.8912268 3.6298
 | 10.6355 49.8965 63.0816 0.8826417 C=C1C(=O)OC(=O)C1=C(O)C=CC=CN1CCNCC1 1 C=C1C(=O)OC(=O)C1=CC=CC=CN1CCNCC1 1.0000000 1.0000 0.7364665 0.7365 0.8868511 3.6587
 | 10.4552 55.3146 57.3665 0.8803216 CN1C(=O)C(=C(O)C=C(O)C=CN(CCO)CCO)OC1CO 1 C=C1OCNC1=O 1.0000000 1.0000 0.8443870 0.8444 0.6885247 4.4833
 | 11.0932 53.2559 54.2342 0.8397665 C=C1C(=C(O)C=CC=CN2CC(O)C(O)C(O)C2CO)C(=O)N1C 1 C=C1NC(=O)C1=CC=CC=CN1CCCCC1 1.0000000 1.0000 0.8289085 0.8289 0.5551955 4.8556
 | 11.5566 45.7941 -45.7941 0.0000000 CCN1C(=O)C(=C(O)C=CC=CN(CCO)CCO)C(=O)N(C)C1=O 1 C=C1C(=O)NC(=O)NC1=O 1.0000000 1.0000 0.7836126 0.7836 0.9218638 3.3923
 | 14.1106 48.8126 65.5017 0.8930804 CN1C(=O)C(=C(O)C=CC=CN2CCOCC2)C(N)C1=O 1 O=C1CC(=CC=CC=CN2CCOCC2)C(=O)N1 1.0000000 1.0000 0.7924187 0.7924 0.8298597 3.9677
 | 9.5417 56.1477 60.6280 0.9123102 CC(=CC=CC(O)=C1C(=O)NNC(=O)C1=O)N1CCN(C)CC1 1 O=C1NNC(=O)C(=CC=CC=CN2CCNCC2)C1=O 1.0000000 1.0000 0.7954578 0.7955 0.9218670 3.3922
 | 10.5553 60.7177 55.3993 0.9071637 C=c1oc(=NC(C)=O)[nH]c(=O)c1=C(O)C=CC=CN(CCO)CCO 1 C=c1oc(=N)[nH]c(=O)c1=C 1.0000000 1.0000 0.8634318 0.8634 0.7752657 4.1933
 | 25.5919 26.9878 -26.9722 0.0001221 O=[N+]([O-])c1ccc(N2CCC(Cl)=N2)cc1 1 C1=NN(c2ccccc2)CC1 0.0000000 0.0000 0.4960058 0.4960 0.9721164 2.6864
 | 12.0710 57.9131 39.6958 0.7625696 O=C(O)CC=CC=C1COC(=C(O)C=CC=CN2CCSCC2)C(=O)N1 1 C=C1COC(=CC=CC=CN2CCSCC2)C(=O)N1 1.0000000 1.0000 0.5168300 0.5168 0.7649072 4.2314
01:52:19 <INFO> Score: 0.50 Agent NLL: 13.91 Valid: 100% Step: 107
 | Agent Prior Target Score SMILES SMILES_state Scaffold DASA DASA (raw) Solubility Solubility (raw) SA SA (raw)
 | 7.2623 54.9693 -54.9693 0.0000000 CN1CCN(C=CC=CC(O)=C2C(=O)NNC2=O)CC1 1 O=C1NNC(=O)C1=CC=CC=CN1CCNCC1 1.0000000 1.0000 0.8169676 0.8170 0.9136221 3.4635
 | 6.3798 40.9855 -40.9855 0.0000000 C=C1OC(=O)C(=C(O)C=CC=CN2CCOCC2)C1=O 1 C=C1OC(=O)C(=CC=CC=CN2CCOCC2)C1=O 1.0000000 1.0000 0.6968562 0.6969 0.9021046 3.5533
 | 13.7502 42.5749 -42.5749 0.0000000 O=C1C(=C(O)C=CC=CN2CCc3ccccc32)C(=O)c2ccccc21 1 O=C1C(=CC=CC=CN2CCc3ccccc32)C(=O)c2ccccc21 1.0000000 1.0000 0.1799520 0.1800 0.9653358 2.8328
 | 16.8241 59.8376 -59.8376 0.0000000 CC(=O)N1C(=O)C(=C(O)C=CC=C(C)N(C=O)CCO)C1C(=O)O 1 C=C1CNC1=O 1.0000000 1.0000 0.7893196 0.7893 0.7735243 4.1998
 | 9.0695 50.2197 65.8164 0.9065314 O=C1NNC(=O)C(=C(O)C=CC=CN2CCOCC2)N1 1 O=C1NNC(=O)C(=CC=CC=CN2CCOCC2)N1 1.0000000 1.0000 0.8016860 0.8017 0.8795335 3.7049
 | 20.2378 55.4372 42.4582 0.7648078 CN(C=CC(O)=CC(O)=C1OC2(C=CC(=O)CC2)N(C)C1=O)CCO 1 C=C1OC2(C=CC(=O)CC2)NC1=O 1.0000000 1.0000 0.6698506 0.6699 0.4933876 5.0172
 | 28.3760 45.6205 -45.6045 0.0001247 CN(C)C=C1C(=O)c2ccccc2C(=O)C1=CC1C(=O)CC(=N)C(=O)C1=O 1 C=C1C(=O)c2ccccc2C(=O)C1=CC1C(=O)CC(=N)C(=O)C1=O 0.0000000 0.0000 0.5694197 0.5694 0.8538423 3.8502
 | 15.0201 56.9219 57.4551 0.8935699 CN(C=CC=CC(O)=C1C(=O)N(C)C1=C(O)OCCO)CCO 1 C=C1NC(=O)C1=C 1.0000000 1.0000 0.7713266 0.7713 0.8724847 3.7472
 | 13.2166 50.7585 51.7682 0.8009898 C=C1CCC(=C(O)C=CC=CN2CCOCC2)C(=O)N1C 1 C=C1CCC(=CC=CC=CN2CCOCC2)C(=O)N1 1.0000000 1.0000 0.5519745 0.5520 0.8824360 3.6869
 | 11.1420 56.1088 50.6331 0.8339211 O=C1NNNC(=O)C1=C(O)C=CC=CN1CC[N+]2(CCCC2)CC1 1 O=C1NNNC(=O)C1=CC=CC=CN1CC[N+]2(CCCC2)CC1 1.0000000 1.0000 0.7716993 0.7717 0.6065573 4.7180
01:52:20 <INFO> Score: 0.52 Agent NLL: 13.49 Valid: 100% Step: 108
 | Agent Prior Target Score SMILES SMILES_state Scaffold DASA DASA (raw) Solubility Solubility (raw) SA SA (raw)
 | 9.8721 62.0628 45.8876 0.8433626 CC1=NN(C=CC=CC(O)=C2C(=O)NNC(=O)NC2=O)C(C)C1 1 O=C1NNC(=O)C(=CC=CC=CN2CCC=N2)C(=O)N1 1.0000000 1.0000 0.7245369 0.7245 0.7185705 4.3894
 | 15.4225 71.5708 39.1484 0.8649939 CN1CCSN(C=CC=CC(O)=c2c(=O)[nH]oc2=C2C(=O)NNC2=O)C1=O 1 O=C1NNC(=O)C1=c1o[nH]c(=O)c1=CC=CC=CN1SCCNC1=O 1.0000000 1.0000 0.8140932 0.8141 0.6693277 4.5406
 | 26.1526 47.6984 -47.6801 0.0001430 COCC1=NNC(=O)C(NC(=O)C2CCCN2C(C)=O)=NC1 1 O=C1NN=CCN=C1NC(=O)C1CCCN1 0.0000000 0.0000 0.8368032 0.8368 0.8945024 3.6075
 | 10.2587 74.8437 43.7046 0.9261585 O=C1NNC(=O)C1=c1c(=O)[nH][nH]c(=O)c1=C(O)C=CC=CN(O)CCO 1 C=c1c(=O)[nH][nH]c(=O)c1=C1C(=O)NNC1=O 1.0000000 1.0000 0.9264738 0.9265 0.7640818 4.2344
 | 13.3317 67.1777 38.2899 0.8239659 CC1=NN(C=CC=CC(O)=C2C(=O)NNC(=O)C2NC(=O)C(F)(F)F)CC1 1 O=C1CC(=CC=CC=CN2CCC=N2)C(=O)NN1 1.0000000 1.0000 0.6881874 0.6882 0.6958836 4.4608
 | 6.9954 55.7761 -55.7761 0.0000000 O=C1NNC(=O)C(=C(O)C=CC=CN2CCSCC2)C1=O 1 O=C1NNC(=O)C(=CC=CC=CN2CCSCC2)C1=O 1.0000000 1.0000 0.7743019 0.7743 0.8583494 3.8263
 | 11.8256 55.4004 32.7833 0.6889350 CCN(C=CC(C)=CC(O)=C1ON(C)C1=O)c1ccccc1 1 O=C1NOC1=CC=CC=CNc1ccccc1 1.0000000 1.0000 0.3448393 0.3448 0.9111844 3.4833
 | 12.8135 62.4239 52.0037 0.8939654 O=C1NNC(=O)C(=C(O)C=CC=CN2CCC=C2CO)C(=O)N1 1 O=C1NNC(=O)C(=CC=CC=CN2C=CCC2)C(=O)N1 1.0000000 1.0000 0.7962814 0.7963 0.8271178 3.9803
 | 22.6395 61.1653 40.3318 0.7929457 N=c1[nH]cnc2c1ccn2C=C1CC(=C(O)C=CC=CN2CCNC(=O)C2)C(=O)N1 1 N=c1[nH]cnc2c1ccn2C=C1CC(=CC=CC=CN2CCNC(=O)C2)C(=O)N1 1.0000000 1.0000 0.6174364 0.6174 0.6878467 4.4853
 | 11.4625 37.9612 -37.9612 0.0000000 CC1(C)OC(=O)C(=C(O)C=CC=CN2CCCCC2)C(=O)O1 1 O=C1OCOC(=O)C1=CC=CC=CN1CCCCC1 1.0000000 1.0000 0.5067663 0.5068 0.9322851 3.2917
01:52:21 <INFO> Score: 0.49 Agent NLL: 13.44 Valid: 100% Step: 109
 | Agent Prior Target Score SMILES SMILES_state Scaffold DASA DASA (raw) Solubility Solubility (raw) SA SA (raw)
 | 17.9374 73.7866 32.0081 0.8265207 CN(C=CC(C=N)=C1C(=N)NC(=O)C1=C(O)C=CC=CN1CCN(C)CC1)CCO 1 C=C1C(=N)NC(=O)C1=CC=CC=CN1CCNCC1 1.0000000 1.0000 0.6589857 0.6590 0.7630435 4.2382
 | 11.5803 39.9305 50.5792 0.7071072 CCN(C=CC=CC(O)=C1C(=O)OC(C)C1=O)c1ccccc1 1 O=C1COC(=O)C1=CC=CC=CNc1ccccc1 1.0000000 1.0000 0.3789008 0.3789 0.8858864 3.6649
 | 4.9419 49.7448 -49.7448 0.0000000 O=C1NNNC(=O)C1=C(O)C=CC=CN1CCNCC1 1 O=C1NNNC(=O)C1=CC=CC=CN1CCNCC1 1.0000000 1.0000 0.8618020 0.8618 0.8450277 3.8951
 | 6.7017 40.4737 -40.4737 0.0000000 O=C1Nc2ccccc2C1=C(O)C=CC=CN1CCNCC1 1 O=C1Nc2ccccc2C1=CC=CC=CN1CCNCC1 1.0000000 1.0000 0.5359783 0.5360 0.9504976 3.0750
 | 13.5361 71.3389 34.8336 0.8294730 CC(=CC=CC(O)=C1C(=O)NC(=O)C1=C(O)C=CN1CCCCC1)N(CCO)CCO 1 C=C1C(=O)NC(=O)C1=CC=CN1CCCCC1 1.0000000 1.0000 0.6119984 0.6120 0.8849092 3.6712
 | 14.9451 24.8900 -24.8719 0.0001415 CCCCC1=NNC(=O)C(=O)C1 1 O=C1CC=NNC1=O 0.0000000 0.0000 0.7859080 0.7859 0.9436420 3.1642
 | 7.4632 58.1091 54.6254 0.8807379 O=C1NNC(=O)C(=C(O)C=CC=CN2C=CCC2)C(=O)N1 1 O=C1NNC(=O)C(=CC=CC=CN2C=CCC2)C(=O)N1 1.0000000 1.0000 0.7636615 0.7637 0.8229405 3.9991
 | 14.9930 62.0404 50.4369 0.8787289 CC1=CNC(=O)C(=C(O)C=CC=CN2CCC(=O)NC2=O)C(=O)N1 1 O=C1CCN(C=CC=CC=C2C(=O)NC=CNC2=O)C(=O)N1 1.0000000 1.0000 0.7391915 0.7392 0.8608226 3.8130
 | 9.7716 42.2931 -42.2931 0.0000000 CN1C(=O)C(=C(O)C=CC=CN2CC[N+](C)(C)CC2)c2ccccc21 1 O=C1Nc2ccccc2C1=CC=CC=CN1CC[NH2+]CC1 1.0000000 1.0000 0.4343152 0.4343 0.9174141 3.4315
 | 11.2142 55.4049 52.2083 0.8407274 C=c1c(=C(O)C=CC=CN2SCCS2)c(=O)[nH]c(=O)n1C 1 C=c1[nH]c(=O)[nH]c(=O)c1=CC=CC=CN1SCCS1 1.0000000 1.0000 0.7273074 0.7273 0.7021556 4.4413
01:52:22 <INFO> Score: 0.50 Agent NLL: 14.16 Valid: 100% Step: 110
 | Agent Prior Target Score SMILES SMILES_state Scaffold DASA DASA (raw) Solubility Solubility (raw) SA SA (raw)
 | 29.0568 61.9053 -61.8880 0.0001357 CC(=O)NCCCC=NC(=CC=CN(CCO)CCO)C1C(=O)NS(=O)(=O)N(C)C1=O 1 O=C1CC(=O)NS(=O)(=O)N1 0.0000000 0.0000 0.8377894 0.8378 0.6771902 4.5174
 | 18.0804 50.7752 64.6400 0.9016812 O=C1NNNC(=O)C1=C(O)C=CC=C1CCCN1 1 O=C1NNNC(=O)C1=CC=CC=C1CCCN1 1.0000000 1.0000 0.8257434 0.8257 0.8119874 4.0470
 | 8.4622 49.6130 65.8625 0.9021529 C=c1o[nH]c(=O)c1=C(O)C=CC=CN1CCNC(=O)C1 1 C=c1o[nH]c(=O)c1=CC=CC=CN1CCNC(=O)C1 1.0000000 1.0000 0.8431733 0.8432 0.7849939 4.1564
 | 6.5915 40.9855 -40.9855 0.0000000 C=C1OC(=O)C(=C(O)C=CC=CN2CCOCC2)C1=O 1 C=C1OC(=O)C(=CC=CC=CN2CCOCC2)C1=O 1.0000000 1.0000 0.6968562 0.6969 0.9021046 3.5533
 | 13.6339 39.0834 -39.0661 0.0001348 CC1=NNC(=O)C(=O)C1=C(O)c1ccccc1 1 O=C1NN=CC(=Cc2ccccc2)C1=O 0.0000000 0.0000 0.6659996 0.6660 0.9752941 2.6055
 | 8.7356 46.0631 70.3230 0.9092666 CN1CCN(C=CC=CC(O)=C2C(=O)NC(=N)NC2=O)CC1 1 N=C1NC(=O)C(=CC=CC=CN2CCNCC2)C(=O)N1 1.0000000 1.0000 0.8003948 0.8004 0.8960795 3.5965
 | 6.6557 51.2357 -51.2357 0.0000000 O=C1NNC(=O)C(=C(O)C=CC=CN2CCOCC2)C1=O 1 O=C1NNC(=O)C(=CC=CC=CN2CCOCC2)C1=O 1.0000000 1.0000 0.8292306 0.8292 0.9022949 3.5519
 | 12.7896 81.2853 9.3579 0.7081502 CC(C)=C1C(=O)C(=C(O)C=CC=CN2CC[N+](C)(C)CC2)C(C)=C1C=CC(O)=C1C(=O)NNC1=O 1 C=C1C(=O)C(=CC=CC=CN2CC[NH2+]CC2)C=C1C=CC=C1C(=O)NNC1=O 1.0000000 1.0000 0.4257365 0.4257 0.7280508 4.3585
 | 9.6820 56.2838 59.7476 0.9064953 CC(=CC=CC(O)=C1C(=O)NNC(O)NC1=O)N(CCO)CCO 1 C=C1C(=O)NCNNC1=O 1.0000000 1.0000 0.8908996 0.8909 0.7310869 4.3485
 | 14.9633 50.3220 56.9065 0.8377228 O=C1CC(=C(O)C=CC=CN2CCNCC2)C(=O)N1CC(F)(F)F 1 O=C1CC(=CC=CC=CN2CCNCC2)C(=O)N1 1.0000000 1.0000 0.6293082 0.6293 0.8876993 3.6532
01:52:22 <INFO> Sampled SMILES CN1C(=O)C(=C(O)C=CC=CN2CC[N+](=C3CCCCC3)(O)C=C2)C(=C(C)C)C1=O failed to sanitize.
01:52:23 <INFO> Score: 0.50 Agent NLL: 13.14 Valid:  99% Step: 111
 | Agent Prior Target Score SMILES SMILES_state Scaffold DASA DASA (raw) Solubility Solubility (raw) SA SA (raw)
 | 11.4576 53.0463 -53.0463 0.0000000 CN(C=CC=CC(O)=C1C(=O)NC(=O)NC1=O)CCCN=[N+]=[N-] 1 C=C1C(=O)NC(=O)NC1=O 1.0000000 1.0000 0.6939445 0.6939 0.8911099 3.6306
 | 7.8122 50.3301 59.7206 0.8597712 CN1C(=O)C(=C(O)C=CC=CN2CC=CCC2)C1=O 1 O=C1NC(=O)C1=CC=CC=CN1CC=CCC1 1.0000000 1.0000 0.6789959 0.6790 0.8907232 3.6332
 | 17.0336 56.7654 52.3845 0.8527334 C=CCC1=C(C)C(=C(O)C=CC=C(O)N(CCO)CCO)C(=O)C1=O 1 C=C1C=CC(=O)C1=O 1.0000000 1.0000 0.6659924 0.6660 0.8824669 3.6867
 | 7.8390 50.0988 -50.0988 0.0000000 CN1C(=O)NC(=O)C(=C(O)C=CC=CN2CCSCC2)C1=O 1 O=C1NC(=O)C(=CC=CC=CN2CCSCC2)C(=O)N1 1.0000000 1.0000 0.6848891 0.6849 0.9140659 3.4598
 | 5.7026 41.3490 -41.3490 0.0000000 CN1CCN(C=CC=CC(O)=C2C(=O)NC(=O)NC2=O)CC1 1 O=C1NC(=O)C(=CC=CC=CN2CCNCC2)C(=O)N1 1.0000000 1.0000 0.7876139 0.7876 0.9419320 3.1849
 | 9.7110 42.5538 -42.5538 0.0000000 CN1CCN(C=CC=CC(O)=C2C(=O)N(C)C(=O)N(C)C2=O)CC1 1 O=C1NC(=O)C(=CC=CC=CN2CCNCC2)C(=O)N1 1.0000000 1.0000 0.7176911 0.7177 0.9420753 3.1832
 | 11.2803 63.3854 47.3024 0.8647485 O=C1NNC(=S)NC(=O)C1=C(O)C=CC=CN1SCCNC1=O 1 O=C1NNC(=S)NC(=O)C1=CC=CC=CN1SCCNC1=O 1.0000000 1.0000 0.7495924 0.7496 0.7721959 4.2048
 | 13.3891 61.4169 -61.4169 0.0000000 CN(C)CCN(O)C=CC=CC(O)=C1C(=O)NNC(=O)C1N(C)C 1 C=C1CC(=O)NNC1=O 1.0000000 1.0000 0.8105935 0.8106 0.7410485 4.3151
 | 34.7987 76.9697 -23.2384 0.4197750 C=C1C(C=CC2OC(=O)C2=C(O)C=CC=CN2CCSCC2)C2=C(C(=C(C)C)C(=O)OC2)C(C)(C)C1O 1 C=C1C(=O)OCC2=C1CCC(=C)C2C=CC1OC(=O)C1=CC=CC=CN1CCSCC1 1.0000000 1.0000 0.1338340 0.1338 0.3542791 5.3910
 | 17.6933 53.8320 60.8690 0.8961017 CC(=O)NC1=NC(=O)C(=C(O)C=CC=CN2CCCNC2=O)C(=O)N1 1 O=C1N=CNC(=O)C1=CC=CC=CN1CCCNC1=O 1.0000000 1.0000 0.7654102 0.7654 0.8975546 3.5861
01:52:23 <INFO> Sampled SMILES N1C(=O)C(=C(O)C=CC=CN2C(=O)C(=NOCCCO)N(C)C2=O)CSC1=C[N+](=CC(OC)=C(C)N=N)=O failed to sanitize.
01:52:23 <INFO> Sampled SMILES O=C1C(=C(O)C=CC=CN2C(C=CCO)=CC(=C(O)C=CCCCCCC)=CC2=O)N1C failed to sanitize.
01:52:23 <INFO> Score: 0.41 Agent NLL: 13.83 Valid:  98% Step: 112
 | Agent Prior Target Score SMILES SMILES_state Scaffold DASA DASA (raw) Solubility Solubility (raw) SA SA (raw)
 | 16.4552 54.1258 -54.1258 0.0000000 CCN(O)C=CC=CC(O)=C1C(=O)ON=C1C 1 C=C1C=NOC1=O 1.0000000 1.0000 0.6571138 0.6571 0.8209852 4.0078
 | 8.4208 45.9267 -45.9267 0.0000000 CC(=CC=CC(O)=C1C(=O)NC(=O)C1=O)N(CCO)CCO 1 C=C1C(=O)NC(=O)C1=O 1.0000000 1.0000 0.8507610 0.8508 0.9212096 3.3982
 | 9.9552 55.3023 58.9454 0.8925602 CCN1NC(=O)C(=C(O)C=CC=CN2CCN(C)CC2)C(=O)NC1=O 1 O=C1NNC(=O)C(=CC=CC=CN2CCNCC2)C(=O)N1 1.0000000 1.0000 0.7501235 0.7501 0.9106775 3.4874
 | 6.5262 53.2807 -53.2807 0.0000000 O=C1NNC(=O)C(=C(O)C=CC=CN2CCOCC2)C(=O)N1 1 O=C1NNC(=O)C(=CC=CC=CN2CCOCC2)C(=O)N1 1.0000000 1.0000 0.8127822 0.8128 0.9088572 3.5018
 | 7.3107 57.6319 -57.6319 0.0000000 CCN1NC(=O)C(=O)C(=C(O)C=CC=CN(CCO)CCO)C1=O 1 C=C1C(=O)NNC(=O)C1=O 1.0000000 1.0000 0.8497730 0.8498 0.8652481 3.7886
 | 28.9496 80.5084 11.3301 0.7174887 C=C1CC(OC(C)=O)=C2C(NNC=O)NC(=O)C(=C(O)C=CC=C(C)N(C)CCO)C2(C)C1 1 C=C1CC=C2CNC(=O)C(=C)C2C1 1.0000000 1.0000 0.5863294 0.5863 0.4454318 5.1428
 | 9.7028 41.1314 -41.1314 0.0000000 CC1(C)OC(=O)C(=C(O)C=CC=CN(CCO)CCO)C(=O)O1 1 C=C1C(=O)OCOC1=O 1.0000000 1.0000 0.7647152 0.7647 0.9019492 3.5544
 | 14.5548 59.0969 45.8431 0.8198440 O=C1NC(C(=O)O)C1=C(O)C=CC=CN1C=CC(O)=CC1 1 O=C1NCC1=CC=CC=CN1C=CC=CC1 1.0000000 1.0000 0.7065251 0.7065 0.6473149 4.6044
 | 5.9588 58.9831 -58.9831 0.0000000 O=C1NNC(=O)C(=C(O)C=CC=CN2SCCS2)C(=O)N1 1 O=C1NNC(=O)C(=CC=CC=CN2SCCS2)C(=O)N1 1.0000000 1.0000 0.7061391 0.7061 0.7477332 4.2922
 | 6.8805 40.9855 -40.9855 0.0000000 C=C1OC(=O)C(=C(O)C=CC=CN2CCOCC2)C1=O 1 C=C1OC(=O)C(=CC=CC=CN2CCOCC2)C1=O 1.0000000 1.0000 0.6968562 0.6969 0.9021046 3.5533
01:52:24 <INFO> Sampled SMILES c1(=N)c2cc(NCc3ccccc3)c(=O)cc-2n(-c2ccccc2)c2ccccc12 failed to sanitize.
01:52:24 <INFO> Sampled SMILES C1(=O)C(=C(O)C=CC=CN2CC[N+](=O)(C)CC2)C(=O)O1 failed to sanitize.
01:52:24 <INFO> Sampled SMILES N1C(=O)C(=C(O)C=CC=CN2SCCC2)C(=O)NC(=O)(CO)C1 failed to sanitize.
01:52:24 <INFO> Sampled SMILES c1cccc(N2C(=O)C(=C(O)C=CC=CN2CC[N+](C)(C)C)C1=O)C failed to sanitize.
01:52:24 <INFO> Score: 0.53 Agent NLL: 14.99 Valid:  96% Step: 113
 | Agent Prior Target Score SMILES SMILES_state Scaffold DASA DASA (raw) Solubility Solubility (raw) SA SA (raw)
 | 10.2950 43.7192 -43.7192 0.0000000 CC(=CC=CC(O)=C1CC(=O)NC1=O)N1CCCCCC1 1 O=C1CC(=CC=CC=CN2CCCCCC2)C(=O)N1 1.0000000 1.0000 0.5197695 0.5198 0.9414976 3.1900
 | 18.4794 32.4814 -32.4635 0.0001402 CN1CCCN(C(=O)C=CC=CC(=O)O)C1=O 1 O=C1NCCCN1 0.0000000 0.0000 0.7565421 0.7565 0.9607329 2.9171
 | 21.1458 58.2178 33.7192 0.7182578 CON=C(C(=O)NC1C(=O)N2C(C(=O)O)=C(C=c3[nH]c(=O)c(=C(O)C=CC=CN4CCCC4)s3)CSC12)c1ccccc1 1 N=C(C(=O)NC1C(=O)N2C=C(C=c3[nH]c(=O)c(=CC=CC=CN4CCCC4)s3)CSC12)c1ccccc1 1.0000000 1.0000 0.4621457 0.4621 0.6793739 4.5108
 | 10.2975 58.6007 51.6472 0.8613113 CN1CCN(C=CC=CC(O)=C2C(=O)NNC(=O)C2N2CCCCC2)CC1 1 O=C1NNC(=O)C(N2CCCCC2)C1=CC=CC=CN1CCNCC1 1.0000000 1.0000 0.6990581 0.6991 0.8544617 3.8469
 | 15.5981 39.4659 -39.4470 0.0001476 CN1CCN(CC(O)=C2C(=O)NNC2=O)CC1 1 O=C1NNC(=O)C1=CCN1CCNCC1 0.0000000 0.0000 0.8842263 0.8842 0.9591298 2.9443
 | 16.0141 49.4213 58.3387 0.8418750 CCN(CC)C(C)=CC=CC(O)=C1C(=O)C(=O)N(CC)C1=O 1 C=C1C(=O)NC(=O)C1=O 1.0000000 1.0000 0.6187847 0.6188 0.9383303 3.2266
 | 7.9262 49.0547 61.6710 0.8650448 CN1CCN(C=CC=CC(O)=C2CCOC(=O)NC2=O)CC1 1 O=C1NC(=O)C(=CC=CC=CN2CCNCC2)CCO1 1.0000000 1.0000 0.6823226 0.6823 0.9119492 3.4771
 | 27.6351 27.6301 -27.6143 0.0001236 O=C(NCCN1CCOCC1)c1cccc(N2CCc3ccccc3C2)n1 1 O=C(NCCN1CCOCC1)c1cccc(N2CCc3ccccc3C2)n1 0.0000000 0.0000 0.5102554 0.5103 0.9857460 2.2403
 | 8.2467 65.7254 44.8789 0.8640962 N=C1NNC(=O)C(=C(O)C=CC=CN2SCCNC2=O)C(=O)N1 1 N=C1NNC(=O)C(=CC=CC=CN2SCCNC2=O)C(=O)N1 1.0000000 1.0000 0.7851687 0.7852 0.7091951 4.4193
 | 27.4072 70.3910 22.6442 0.7268378 CN(CCO)CC(=O)NC=CC=CC(O)=C1C(=O)NC2(C(=O)O)OC1(C(=O)O)C(O)C2O 1 C=C1C(=O)NC2CCC1O2 1.0000000 1.0000 0.9007028 0.9007 0.2249205 5.8060
01:52:25 <INFO> Sampled SMILES S=C1NC(=O)C(=C(O)C=CC=CN2NC(=O)CC2)C([N-]=C(N(C)C)COC(N)=O)C1=O failed to sanitize.
01:52:25 <INFO> Sampled SMILES C1(=C(O)C=CC=CN2CC[N+](C)(C)CC2)C(C)=NC(C)=C(C(=O)OCOC(=O)C(C)=CC)=C1OC(CC)=C(O)C=CN(C)CCO failed to sanitize.
01:52:25 <INFO> Sampled SMILES O=C1N(CCC)C(C(=C[N+](=Cc2ccccc2)C)([O-])[O-])C(=O)N1 failed to sanitize.
01:52:25 <INFO> Score: 0.55 Agent NLL: 13.75 Valid:  98% Step: 114
 | Agent Prior Target Score SMILES SMILES_state Scaffold DASA DASA (raw) Solubility Solubility (raw) SA SA (raw)
 | 11.6266 54.9439 59.0974 0.8909474 O=C1NNNC(=O)C1=C(O)C=CC=CN1CCCC1C(=O)O 1 O=C1NNNC(=O)C1=CC=CC=CN1CCCC1 1.0000000 1.0000 0.8179939 0.8180 0.7751945 4.1936
 | 7.0963 48.0378 -48.0378 0.0000000 C=c1o[nH]c(=O)c1=C(O)C=CC=CN1CCSCC1 1 C=c1o[nH]c(=O)c1=CC=CC=CN1CCSCC1 1.0000000 1.0000 0.7334880 0.7335 0.7705346 4.2109
 | 10.0769 51.3591 59.8827 0.8690764 O=C1NC=COCC1=C(O)C=CC=CN1CCNCC1 1 O=C1NC=COCC1=CC=CC=CN1CCNCC1 1.0000000 1.0000 0.7376444 0.7376 0.8153085 4.0327
 | 12.1446 53.6290 -53.6290 0.0000000 CC(=CC=CC(O)=C1C(=O)NNC1=O)N1CCc2ccccc21 1 O=C1NNC(=O)C1=CC=CC=CN1CCc2ccccc21 1.0000000 1.0000 0.5790151 0.5790 0.9356893 3.2557
 | 13.4649 44.2966 60.1661 0.8161155 CC(C=CN1CCC1)=CC(O)=C1C(=O)OC(C)(C)OC1=O 1 O=C1OCOC(=O)C1=CC=CC=CN1CCC1 1.0000000 1.0000 0.5733810 0.5734 0.9107941 3.4865
 | 20.3259 73.0634 -73.0634 0.0000000 S=C1NC(=O)C(=C(O)C=CC=CN2NC(=O)CC2)C([N-]=C(N(C)C)COC(N)=O)C1=O 0 -- 0.0000000 0.0000 0.0000000 0.0000 0.0000000 0.0000
 | 16.9471 68.0015 35.8815 0.8115856 CC(O)=C1CC(=CCO)NC(=O)C1=C(O)C=CC=CN1CCN(C)CC1 1 C=C1CC(=C)C(=CC=CC=CN2CCNCC2)C(=O)N1 1.0000000 1.0000 0.5893599 0.5894 0.8430226 3.9050
 | 8.0787 46.6490 -46.6490 0.0000000 CN(C=CC=CC(O)=C1C(=O)NC(=O)NC1=O)CCO 1 C=C1C(=O)NC(=O)NC1=O 1.0000000 1.0000 0.8336890 0.8337 0.9223033 3.3883
 | 19.7024 67.7386 -67.7219 0.0001307 C=C1C(=C(O)C=C(C)C=CN(C)C)OC(=C2C(=O)NC(=O)NC2=O)C(=O)N1C 1 C=C1NC(=O)C(=C2C(=O)NC(=O)NC2=O)OC1=C 0.0000000 0.0000 0.6580669 0.6581 0.8486903 3.8767
 | 6.5894 64.8172 44.4896 0.8539593 CC1=NCCSN1C=CC=CC(O)=C1C(=O)NNC(=O)NC1=O 1 O=C1NNC(=O)C(=CC=CC=CN2C=NCCS2)C(=O)N1 1.0000000 1.0000 0.7193504 0.7194 0.7769612 4.1870
01:52:26 <INFO> Sampled SMILES O=C1NC(=O)C(=C(O)C=CC=CN2CC=C(C=[O-])C2=C(O)C#N)C(=O)N1 failed to sanitize.
01:52:26 <INFO> Sampled SMILES O=C1C(=C(C=C(C=CN2CCCC2)C)O)C(C)=NN1=CC failed to sanitize.
01:52:26 <INFO> Score: 0.49 Agent NLL: 13.41 Valid:  98% Step: 115
 | Agent Prior Target Score SMILES SMILES_state Scaffold DASA DASA (raw) Solubility Solubility (raw) SA SA (raw)
 | 11.5383 60.3735 55.9108 0.9084716 CC(C=CN1CCNCC1)=CC(O)=C1C(=O)NNC(=O)NC1=O 1 O=C1NNC(=O)C(=CC=CC=CN2CCNCC2)C(=O)N1 1.0000000 1.0000 0.8076434 0.8076 0.8780113 3.7142
 | 29.5460 71.0408 21.3627 0.7219027 C=CCC1C(=O)NC(=O)C1=C(O)C=CC=CN1N=C(C)CC1C=C(C)C(=O)NCCCCN 1 O=C1CC(=CC=CC=CN2CCC=N2)C(=O)N1 1.0000000 1.0000 0.4954213 0.4954 0.6177421 4.6873
 | 12.7101 46.8586 64.5872 0.8706698 CN1CCN(C=CC=CC(O)=C2C=CN(C)NC2=O)CC1 1 O=C1NNC=CC1=CC=CC=CN1CCNCC1 1.0000000 1.0000 0.7099264 0.7099 0.8802529 3.7005
 | 15.1446 50.5641 43.9444 0.7383482 CC(=CC=CC(O)=C1CCC(=Cc2ccccc2)NC1=O)N(CCO)CCO 1 C=C1CCC(=Cc2ccccc2)NC1=O 1.0000000 1.0000 0.4263625 0.4264 0.9041868 3.5378
 | 16.6424 76.3290 31.6537 0.8436149 CN(C=CC(N)=c1oc(=O)[nH]c(=O)c1=C(O)C=CC=CN1CCCS1)CCO 1 C=c1oc(=O)[nH]c(=O)c1=CC=CC=CN1CCCS1 1.0000000 1.0000 0.7723708 0.7724 0.6435199 4.6152
 | 13.6403 43.1006 34.4349 0.6057456 O=C1C(=C(O)C=CC=CN2CCCCC2)CCN1c1ccccc1 1 O=C1C(=CC=CC=CN2CCCCC2)CCN1c1ccccc1 1.0000000 1.0000 0.2278268 0.2278 0.9576696 2.9682
 | 5.3663 62.6392 -62.6392 0.0000000 CC1=NCCSN1C=CC=CC(O)=C1C(=O)NNNC1=O 1 O=C1NNNC(=O)C1=CC=CC=CN1C=NCCS1 1.0000000 1.0000 0.7545510 0.7546 0.6854112 4.4927
 | 8.0869 42.1101 -42.1101 0.0000000 CN(C=CC=CC(O)=C1C(=O)NC(=O)C1O)CCO 1 C=C1CC(=O)NC1=O 1.0000000 1.0000 0.8585214 0.8585 0.8020142 4.0887
 | 8.7589 55.9417 63.1096 0.9300886 O=C1NC(=S)NC(=O)C(=C(O)C=CC=CN(CCO)CCO)C1=O 1 C=C1C(=O)NC(=S)NC(=O)C1=O 1.0000000 1.0000 0.8552630 0.8553 0.8986245 3.5785
 | 8.9503 42.2474 -42.2474 0.0000000 C[N+]1(C)CCN(C=CC=CC(O)=C2C(=O)Nc3ccccc32)CC1 1 O=C1Nc2ccccc2C1=CC=CC=CN1CC[NH2+]CC1 1.0000000 1.0000 0.4464061 0.4464 0.9161364 3.4424
01:52:26 <INFO> Sampled SMILES N1C(=O)C(=C(O)C=CC=CN2C(=O)C(=C([N+](=O)[O-])=[N+](C)C)N(C)C2)C(=O)NC(=NN)N1C failed to sanitize.
01:52:27 <INFO> Score: 0.50 Agent NLL: 14.18 Valid:  98% Step: 116
 | Agent Prior Target Score SMILES SMILES_state Scaffold DASA DASA (raw) Solubility Solubility (raw) SA SA (raw)
 | 26.2420 99.9311 -10.7782 0.6965072 CN(C=CC=CC(O)=C1NC(=O)N(C=CC=CC(O)=C2C(=O)NC(N=[N+]=[N-])C2=COC(N)=O)C1=O)CCO 1 C=C1CNC(=O)C1=CC=CC=CN1C(=O)NC(=C)C1=O 1.0000000 1.0000 0.5565316 0.5565 0.4175921 5.2167
 | 5.7029 57.5149 -57.5149 0.0000000 O=C1NNNC(=O)C1=C(O)C=CC=CN1SCCNC1=O 1 O=C1NNNC(=O)C1=CC=CC=CN1SCCNC1=O 1.0000000 1.0000 0.8025953 0.8026 0.7134287 4.4058
 | 8.4541 53.2844 48.1840 0.7927219 C=C1C(=C(O)C=CC=CN2CC=CCC2)C(=O)N1C 1 C=C1NC(=O)C1=CC=CC=CN1CC=CCC1 1.0000000 1.0000 0.5516117 0.5516 0.8366156 3.9360
 | 11.4447 55.5634 -55.5634 0.0000000 CN(C=CC=CC(O)=C1C(=O)C1N)CCO 1 C=C1CC1=O 1.0000000 1.0000 0.8312881 0.8313 0.8045908 4.0781
 | 11.2244 45.7051 67.9105 0.8876225 C=C1C(=O)NC(=O)C1=C(O)C=CC=CN1CCOCC1 1 C=C1C(=O)NC(=O)C1=CC=CC=CN1CCOCC1 1.0000000 1.0000 0.7364665 0.7365 0.9134417 3.4649
 | 11.6962 70.5225 41.9912 0.8790129 C=C1OC(=C2C(=O)ON=C2C(=O)O)NC(=O)C1=C(O)C=CC=CN(CCO)CCO 1 C=C1OC(=C2C=NOC2=O)NC(=O)C1=C 1.0000000 1.0000 0.7802854 0.7803 0.7843889 4.1587
 | 16.5455 83.5361 31.3300 0.8973915 CC(C=CN(CCO)CCO)=CC(O)=c1c(=O)[nH]oc1=CC(O)=C1C(=O)NNC1=O 1 C=c1c(=O)[nH]oc1=CC=C1C(=O)NNC1=O 1.0000000 1.0000 0.8730349 0.8730 0.7183727 4.3900
 | 11.0911 56.3038 -56.2862 0.0001377 O=C1NNNC(=O)C1=C(O)C=CC=Cn1sc(=O)[nH]c1=O 1 O=C1NNNC(=O)C1=CC=CC=Cn1sc(=O)[nH]c1=O 0.0000000 0.0000 0.8499960 0.8500 0.7121104 4.4100
 | 13.0795 45.5358 64.0046 0.8557846 C=C1OC(=C(O)C=CC=CN2CCN(C)CC2)C1=O 1 C=C1OC(=CC=CC=CN2CCNCC2)C1=O 1.0000000 1.0000 0.6713345 0.6713 0.8866864 3.6598
 | 16.6769 77.0490 28.5474 0.8249722 CC(CCO)=[N+]1C=CN(C=CC=CC(O)=C2C(=O)NC(=N)N(C)NC2=O)CC1 1 C=[N+]1C=CN(C=CC=CC=C2C(=O)NNC(=N)NC2=O)CC1 1.0000000 1.0000 0.7439227 0.7439 0.6111289 4.7055
01:52:27 <INFO> Sampled SMILES N1C(=O)C(=C(O)C=CC=CN2CC[N+]=2CCC2(C)C(=O)OC(C)(C)O2)C(=O)OC(C)(C)O1 failed to sanitize.
01:52:27 <INFO> Sampled SMILES N1C(=O)C(=C(O)C=CC=CN2[O-]CCCCC2)C(=C(O)C)[S+]([O-])C=C1 failed to sanitize.
01:52:28 <INFO> Score: 0.52 Agent NLL: 15.05 Valid:  98% Step: 117
 | Agent Prior Target Score SMILES SMILES_state Scaffold DASA DASA (raw) Solubility Solubility (raw) SA SA (raw)
 | 18.8543 56.0767 45.3402 0.7923194 CC1OCC2OC(=C(O)C=CC=CN3CCNCC3)C(=O)OC2O1 1 O=C1OC2OCOCC2OC1=CC=CC=CN1CCNCC1 1.0000000 1.0000 0.6954390 0.6954 0.5562543 4.8528
 | 14.9328 42.5367 67.9891 0.8634830 COC(=O)C1=C(C)N(C)NC(=O)C1=C(O)C=CC=CN(C)C 1 C=C1C=CNNC1=O 1.0000000 1.0000 0.6819027 0.6819 0.9043120 3.5368
 | 8.4565 52.3239 57.7220 0.8597332 O=C1NNNC(=O)C1=C(O)C=CC=CN1CCc2ccccc21 1 O=C1NNNC(=O)C1=CC=CC=CN1CCc2ccccc21 1.0000000 1.0000 0.6730469 0.6730 0.9043369 3.5366
 | 12.4737 47.9506 65.3968 0.8855264 CN1CCN(C=CC=CC(O)=C2C(=O)OC(=CCO)C2=O)CC1 1 C=C1OC(=O)C(=CC=CC=CN2CCNCC2)C1=O 1.0000000 1.0000 0.7385378 0.7385 0.8977504 3.5848
 | 20.8375 91.2226 10.7979 0.7970356 CC(=CC=CC(O)=C1NC(=O)C(=C(O)C=CC=CN(CCO)C(C)C)C(C(=O)O)N1)N(CCO)CCO 1 C=C1NCC(=C)C(=O)N1 1.0000000 1.0000 0.6616629 0.6617 0.6260998 4.6642
 | 19.7099 62.9230 31.2008 0.7353422 CC(=O)ON(C)C=CC=CC(O)=C1C(=O)OC(C)(C)C1C=CC=CC=C1C(=O)NC(=O)NC1=O 1 C=C1C(=O)OCC1C=CC=CC=C1C(=O)NC(=O)NC1=O 1.0000000 1.0000 0.4968567 0.4969 0.6771194 4.5176
 | 14.4032 34.1444 -34.1294 0.0001177 C=CC=CC(O)=C1C(=O)N(C)c2ccccc21 1 C=C1C(=O)Nc2ccccc21 0.0000000 0.0000 0.4450462 0.4450 0.9704244 2.7260
 | 12.9449 52.9987 57.6631 0.8645449 CN1C(=O)C(=C(O)C=CC=CN2SCCNC2=O)C1=O 1 O=C1NC(=O)C1=CC=CC=CN1SCCNC1=O 1.0000000 1.0000 0.7124581 0.7125 0.8429580 3.9053
 | 9.6068 48.3890 -48.3890 0.0000000 O=C1CC(=C(O)C=CC=CN2CCCCCC2)C(=O)NN1 1 O=C1CC(=CC=CC=CN2CCCCCC2)C(=O)NN1 1.0000000 1.0000 0.6384467 0.6384 0.9057135 3.5262
 | 19.4145 103.7929 -43.9408 0.4675943 C=C1OC(=CC=C=CC=CC(O)=C2CC(C)=NNC2=O)NC(=O)C1=C(O)C=CC=CN1SCCS1 1 C=C1OC(=CC=C=CC=CC=C2CC=NNC2=O)NC(=O)C1=CC=CC=CN1SCCS1 1.0000000 1.0000 0.1607648 0.1608 0.4528757 5.1232
01:52:28 <INFO> Sampled SMILES O=C1C(=C(O)C=CC=CN2C(=O)C(=C(Br)Br)=C(Br)C2=O)C(=O)OC(C)(C)O1 failed to sanitize.
01:52:28 <INFO> Sampled SMILES N1C(=O)C(=C(O)C=CC=CN2CCC=[N+]2(C)C)C2=C(OC(C)=CC2=O)C1 failed to sanitize.
01:52:28 <INFO> Score: 0.52 Agent NLL: 13.56 Valid:  98% Step: 118
 | Agent Prior Target Score SMILES SMILES_state Scaffold DASA DASA (raw) Solubility Solubility (raw) SA SA (raw)
 | 9.9831 20.2819 -20.2633 0.0001447 COC1=CC(=O)C(O)=C(C=O)C1=O 1 O=C1C=CC(=O)C=C1 0.0000000 0.0000 0.8377956 0.8378 0.9474384 3.1162
 | 14.3634 60.5920 51.6984 0.8772688 CC1(CN)CN(C=CC=CC(O)=C2C(=O)NCCNC2=O)CCO1 1 O=C1NCCNC(=O)C1=CC=CC=CN1CCOCC1 1.0000000 1.0000 0.7969035 0.7969 0.7481465 4.2907
 | 9.5366 43.2187 61.1143 0.8151018 O=C1NC(=O)C(=C(O)C=CC=CN2CCCC(CO)C2)S1 1 O=C1NC(=O)C(=CC=CC=CN2CCCCC2)S1 1.0000000 1.0000 0.6063381 0.6063 0.8205613 4.0097
 | 14.1257 57.7178 44.4804 0.7984235 CC=c1[nH]c(=O)c(=C(O)C=CC=CN2SCCS2)c(=O)[nH]1 1 C=c1[nH]c(=O)c(=CC=CC=CN2SCCS2)c(=O)[nH]1 1.0000000 1.0000 0.6960081 0.6960 0.5782955 4.7943
 | 16.0386 53.3435 58.5028 0.8737991 CCN1C(=O)NC(O)C(=C(O)C=CC=CN(C)O)C1=O 1 C=C1CNC(=O)NC1=O 1.0000000 1.0000 0.7656813 0.7657 0.7858269 4.1532
 | 19.6143 64.0599 -64.0426 0.0001351 CON=c1c(=O)n(C=CC=CC(O)=C2C(=O)OC(=CSc3nnnn3C)C2=O)c1=O 1 N=c1c(=O)n(C=CC=CC=C2C(=O)OC(=CSc3nnn[nH]3)C2=O)c1=O 0.0000000 0.0000 0.7607481 0.7607 0.7840133 4.1602
 | 13.3917 52.6122 55.8093 0.8470432 O=C1OC(CO)C1=C(O)C=CC=CN1CC=CC1 1 O=C1OCC1=CC=CC=CN1CC=CC1 1.0000000 1.0000 0.7398876 0.7399 0.7087027 4.4208
 | 9.5014 45.0551 72.2976 0.9168176 C=c1nc(C)[nH]c(=O)c1=C(O)C=CC=CN(CCO)CCO 1 C=c1nc[nH]c(=O)c1=C 1.0000000 1.0000 0.8497900 0.8498 0.8427333 3.9064
 | 8.4216 47.7083 -47.7083 0.0000000 CC(=CC=CC(O)=C1C(=O)NC(=S)NC1=O)N(CCO)CCO 1 C=C1C(=O)NC(=S)NC1=O 1.0000000 1.0000 0.8177733 0.8178 0.9139389 3.4608
 | 6.0490 44.4328 -44.4328 0.0000000 O=C1NC(=O)C(=C(O)C=CC=CN(CCO)CCO)C(=O)O1 1 C=C1C(=O)NC(=O)OC1=O 1.0000000 1.0000 0.8404184 0.8404 0.8898019 3.6393
01:52:29 <INFO> Sampled SMILES N1C(=O)C(=C(O)C=CC=CN(OC(C)=O)OC(=O)C)C(S)CN=C1=C(C=NO)C failed to sanitize.
01:52:29 <INFO> Score: 0.47 Agent NLL: 15.75 Valid:  99% Step: 119
 | Agent Prior Target Score SMILES SMILES_state Scaffold DASA DASA (raw) Solubility Solubility (raw) SA SA (raw)
 | 21.6384 54.2720 61.4384 0.9039875 CN(C)CC(=O)N1C(=O)C(=C(O)C=CC=CN2CCN(C)CC2)C1=O 1 O=C1NC(=O)C1=CC=CC=CN1CCNCC1 1.0000000 1.0000 0.7683707 0.7684 0.9334775 3.2793
 | 18.9309 21.9843 -21.9720 0.0000958 O=C(COC(=O)c1ccccc1)Nc1cccc2ccccc12 1 O=C(COC(=O)c1ccccc1)Nc1cccc2ccccc12 0.0000000 0.0000 0.2367369 0.2367 0.9951153 1.5364
 | 6.9799 47.1703 -47.1703 0.0000000 CC(=CC=CC(O)=C1C(=O)NC(=O)NC1=O)N(CCO)CCO 1 C=C1C(=O)NC(=O)NC1=O 1.0000000 1.0000 0.8358171 0.8358 0.9253398 3.3602
 | 12.3719 61.8944 -61.8944 0.0000000 O=C(O)C1=C(C(=O)O)N(c2ccccc2)C(=O)C1=C(O)C=CC=CN1CCOCC1 1 O=C1C(=CC=CC=CN2CCOCC2)C=CN1c1ccccc1 1.0000000 1.0000 0.5102882 0.5103 0.9455203 3.1408
 | 6.8177 55.8338 -55.8338 0.0000000 C=c1c(=O)[nH][nH]c(=O)c1=C(O)C=CC=CN(CCO)CCO 1 C=c1c(=O)[nH][nH]c(=O)c1=C 1.0000000 1.0000 0.8939878 0.8940 0.8289852 3.9717
 | 14.0982 43.0322 54.5994 0.7627473 CC(C)(C)N=C1NC(=O)C(=C(O)C=CC=CN2CCOCC2)S1 1 N=C1NC(=O)C(=CC=CC=CN2CCOCC2)S1 1.0000000 1.0000 0.4884861 0.4885 0.8452927 3.8938
 | 10.2310 48.1343 60.9029 0.8518527 C=c1o[nH]c(=O)c1=C(O)C=CC=C(C)N1CCSCC1 1 C=c1o[nH]c(=O)c1=CC=CC=CN1CCSCC1 1.0000000 1.0000 0.6909928 0.6910 0.8228773 3.9994
 | 20.9753 81.3752 -81.3752 0.0000000 CC(=NN(C)C=CC=CC(O)=C1C(=O)NNC(=O)C1=O)C(O)=C(C)C 1 C=C1C(=O)NNC(=O)C1=O 1.0000000 1.0000 0.6695182 0.6695 0.7853954 4.1548
 | 16.5232 63.0946 31.0357 0.7353928 C=C1OC=CNC(=O)C1=C(O)C=CC=CN1C=CC(OC)=CC1 1 C=C1OC=CNC(=O)C1=CC=CC=CN1C=CC=CC1 1.0000000 1.0000 0.4826714 0.4827 0.7125845 4.4085
 | 10.1335 45.3912 -45.3912 0.0000000 CC1C(=C(O)C=CC=CN(C)CCO)C(=O)N1C 1 C=C1CNC1=O 1.0000000 1.0000 0.7452102 0.7452 0.8029974 4.0846
01:52:30 <INFO> Sampled SMILES O=C1C(=C(O)C=CC=CN(O)CCCl)=C(N2CCOCC2)C1N1CCOCC1 failed to sanitize.
01:52:30 <INFO> Score: 0.57 Agent NLL: 14.64 Valid:  99% Step: 120
 | Agent Prior Target Score SMILES SMILES_state Scaffold DASA DASA (raw) Solubility Solubility (raw) SA SA (raw)
 | 9.2440 48.7714 -48.7714 0.0000000 C=c1o[nH]c(=O)c1=C(O)C=CC=C(C)N1CCN(C)CC1 1 C=c1o[nH]c(=O)c1=CC=CC=CN1CCNCC1 1.0000000 1.0000 0.7601008 0.7601 0.8798885 3.7027
 | 9.4122 43.4725 -43.4725 0.0000000 C=C1C(=O)OC(=C(O)C=CC=CN2CCN(C)CC2)C1=O 1 C=C1C(=O)OC(=CC=CC=CN2CCNCC2)C1=O 1.0000000 1.0000 0.6959856 0.6960 0.8934355 3.6148
 | 14.3662 52.6487 64.0695 0.9118612 COC1CN(C=CC=CC(O)=C2C(=O)NC(=O)NC2=O)C1 1 O=C1NC(=O)C(=CC=CC=CN2CCC2)C(=O)N1 1.0000000 1.0000 0.7961797 0.7962 0.9180292 3.4262
 | 13.0628 54.8404 61.2857 0.9072350 C=c1oc(=O)c(=C(O)C=CC=CN2C(=O)C(=O)N(C)C2=O)c(=O)n1C 1 C=c1[nH]c(=O)c(=CC=CC=CN2C(=O)NC(=O)C2=O)c(=O)o1 1.0000000 1.0000 0.8421945 0.8422 0.8101349 4.0548
 | 37.0950 91.2045 -9.2989 0.6398878 CC1=CC(=C(O)C=CC=CN2CCCNCC2)C=CC(=C(O)C=CC=CN(C)CCO)C(=O)N1N=O 1 C=C1C=CC(=CC=CC=CN2CCCNCC2)C=CNC1=O 1.0000000 1.0000 0.3112657 0.3113 0.7397164 4.3196
 | 10.9509 66.3452 46.0995 0.8784748 CN(C)[N+]1=CCCN1C=CC=CC(O)=C1C(=O)NNC(=O)NC1=O 1 O=C1NNC(=O)C(=CC=CC=CN2CCC=[NH+]2)C(=O)N1 1.0000000 1.0000 0.8127326 0.8127 0.7280654 4.3584
 | 13.4101 81.2767 24.9629 0.8299971 CC1(C)OC(=O)C(=C(O)C=CC=CC(O)=c2o[nH]c(=O)c2=C(O)C=CC=CN(CCO)CCO)C(=O)O1 1 C=c1c(=O)[nH]oc1=CC=CC=CC=C1C(=O)OCOC1=O 1.0000000 1.0000 0.6865358 0.6865 0.7260916 4.3649
 | 25.9729 52.6385 -52.6215 0.0001324 CC1(C)OC(=O)C(C)(CO)C(=CC=CC(O)=C2C(=O)NC(=O)NC2=O)O1 1 O=C1NC(=O)C(=CC=CC=C2CC(=O)OCO2)C(=O)N1 0.0000000 0.0000 0.7160998 0.7161 0.7817898 4.1687
 | 17.8709 76.8071 -76.8071 0.0000000 COCCN(C=CC(O)=c1o[nH]c(=O)c1=C(O)C=CC=CN(CCO)CCO)CCOC(C)=O 1 C=c1o[nH]c(=O)c1=C 1.0000000 1.0000 0.7992142 0.7992 0.7735947 4.1996
 | 15.6001 55.3749 55.2599 0.8643345 C=c1c(=O)c(=O)c1=C(O)C=CC=CN1CCc2ccccc21 1 C=c1c(=O)c(=O)c1=CC=CC=CN1CCc2ccccc21 1.0000000 1.0000 0.6797972 0.6798 0.9139358 3.4609
01:52:30 <INFO> Sampled SMILES O=C1C(=C(O)C=CC=CN(CCO)CCO)(O)C(=O)c2c1c(O)c1c(O)c3c(OC)cccc3c(O)c1c2O failed to sanitize.
01:52:30 <INFO> Sampled SMILES C1(=O)NC(=O)C(=C(O)C=CC=CN2CCC=[N+]2=CC2(O)C(=O)N(C)c3ccccc32)C(=O)O1 failed to sanitize.
01:52:31 <INFO> Score: 0.51 Agent NLL: 14.76 Valid:  98% Step: 121
 | Agent Prior Target Score SMILES SMILES_state Scaffold DASA DASA (raw) Solubility Solubility (raw) SA SA (raw)
 | 17.3357 62.1910 49.5621 0.8730710 CN1CCN(C=CC=CC(O)=c2c(=O)[nH][nH]c(=O)c2=C2CCCC2)CC1 1 O=c1[nH][nH]c(=O)c(=C2CCCC2)c1=CC=CC=CN1CCNCC1 1.0000000 1.0000 0.7135444 0.7135 0.8851633 3.6696
 | 8.6057 58.9077 -58.9077 0.0000000 N=C1NNC(=O)C(=C(O)C=CC=CN2CCNCC2)C(=O)N1 1 N=C1NNC(=O)C(=CC=CC=CN2CCNCC2)C(=O)N1 1.0000000 1.0000 0.8480983 0.8481 0.8346480 3.9454
 | 11.6080 57.0320 57.0099 0.8909524 O=C1CCN(C=CC=CC(O)=C2C(=O)NC=CNC2=O)N1 1 O=C1CCN(C=CC=CC=C2C(=O)NC=CNC2=O)N1 1.0000000 1.0000 0.8074352 0.8074 0.7930447 4.1249
 | 5.5024 50.4774 -50.4774 0.0000000 O=C1NNNC(=O)C1=C(O)C=CC=CN(CCO)CCO 1 C=C1C(=O)NNNC1=O 1.0000000 1.0000 0.8976176 0.8976 0.8337171 3.9497
 | 10.4039 86.7205 22.5978 0.8540495 C=C1SC(=CC(O)=C2C(=O)NNC2=O)NC(=O)C1=C(O)C=CC=CN(CCO)CCO 1 C=C1SC(=CC=C2C(=O)NNC2=O)NC(=O)C1=C 1.0000000 1.0000 0.7384568 0.7385 0.7425351 4.3100
 | 24.1514 65.0874 -39.4525 0.2002733 CON(C)C=CC=CC(O)=C1C(=O)NC=C2C1(C)CCC1C2(C)CC(=O)C2(C)C(C(C)CCC=C(C)C)C(O)CC12C 1 C=C1C(=O)NC=C2C1CCC1C2CC(=O)C2CCCC21 1.0000000 1.0000 0.0198658 0.0199 0.2050387 5.8828
 | 15.1233 67.4608 -67.4450 0.0001234 CN1C(=O)C(=C(O)C=CC=Cn2nc[nH]c2=Nc2ccccc2)C1CO 1 O=C1NCC1=CC=CC=Cn1nc[nH]c1=Nc1ccccc1 0.0000000 0.0000 0.5912701 0.5913 0.7548395 4.2674
 | 14.2922 57.5839 55.6247 0.8844423 CC1=COC(=O)C(=C(O)C=CC=C(C)N(CCO)CCO)C(=O)N1 1 C=C1C(=O)NC=COC1=O 1.0000000 1.0000 0.7508208 0.7508 0.8666152 3.7809
 | 14.0130 54.8890 60.6778 0.9028659 CN(C=CC=CC(O)=C1C(=O)NC(C(=O)O)=COC1=O)CCO 1 C=C1C(=O)NC=COC1=O 1.0000000 1.0000 0.8018502 0.8019 0.8607137 3.8136
 | 16.0213 39.8573 73.7517 0.8875698 O=C1C(=C(O)C=CC=CN(CCO)CCO)C2CCCN12 1 C=C1C(=O)N2CCCC12 1.0000000 1.0000 0.7725935 0.7726 0.8397480 3.9210
01:52:31 <INFO> Sampled SMILES N1C(=O)C(=C(C=[N+]=[N-])C)=C(OCC)C(=O)c2ccccc21 failed to sanitize.
01:52:32 <INFO> Score: 0.59 Agent NLL: 15.08 Valid:  98% Step: 122
 | Agent Prior Target Score SMILES SMILES_state Scaffold DASA DASA (raw) Solubility Solubility (raw) SA SA (raw)
 | 16.8792 59.3290 45.5178 0.8191157 CN(C=CC=CC(O)=C1CC2C(=O)C(=O)C=CC2=CNC1=O)CCO 1 C=C1CC2C(=O)C(=O)C=CC2=CNC1=O 1.0000000 1.0000 0.6947955 0.6948 0.6634569 4.5578
 | 12.9888 52.8906 61.7597 0.8957054 CC(=CC=CC(O)=C1C(=O)NNC1N1CCOCC1)N(CCO)CCO 1 C=C1C(=O)NNC1N1CCOCC1 1.0000000 1.0000 0.8228212 0.8228 0.7890103 4.1408
 | 15.6976 51.8081 27.7078 0.6212175 CN(C=CC=CC(O)=C1C(=O)NC2C3=CC=C4CC(=O)C=CC4(C)C3C(O)CC12C)CCO 1 C=C1C(=O)NC2C3=CC=C4CC(=O)C=CC4C3CCC12 1.0000000 1.0000 0.4381563 0.4382 0.3480795 5.4088
 | 11.5112 44.7568 -44.7568 0.0000000 CC(=O)NC1C(=O)NC(=O)C1=C(O)C=CC=CN(C)C 1 C=C1CC(=O)NC1=O 1.0000000 1.0000 0.8025920 0.8026 0.8636723 3.7974
 | 8.3512 52.2412 65.7976 0.9221781 O=C1CN(C=CC=CC(O)=C2C(=O)NNNC2=O)CCN1 1 O=C1CN(C=CC=CC=C2C(=O)NNNC2=O)CCN1 1.0000000 1.0000 0.8772713 0.8773 0.8218513 4.0040
 | 9.6652 48.9852 -48.9852 0.0000000 CC1=NOC(=O)C1=C(O)C=CC=CN1CCOCC1 1 O=C1ON=CC1=CC=CC=CN1CCOCC1 1.0000000 1.0000 0.6757472 0.6757 0.8957122 3.5991
 | 21.2235 66.4209 43.0803 0.8554782 O=C1NC(=O)C(=CC=C2OC(=C(O)C=CC=CN3CNCC3C(=O)O)C2=O)C(=O)N1 1 O=C1NC(=O)C(=CC=C2OC(=CC=CC=CN3CCNC3)C2=O)C(=O)N1 1.0000000 1.0000 0.7704471 0.7704 0.6954996 4.4619
 | 11.9934 28.0903 -28.0750 0.0001195 O=C(O)C=CC=CN1CCCc2ccccc21 1 c1ccc2c(c1)CCCN2 0.0000000 0.0000 0.4643911 0.4644 0.9737145 2.6469
 | 9.8262 53.4950 49.1890 0.8022187 CN1NC(=O)C(=C(O)C=CC=CN2SCCS2)N=C1N 1 O=C1NNC=NC1=CC=CC=CN1SCCS1 1.0000000 1.0000 0.6821660 0.6822 0.6140864 4.6974
 | 12.3494 51.1586 -51.1586 0.0000000 O=C1NC(=O)C(=C(O)C=CC=CN2C(=O)C(=O)c3ccccc32)C(=O)O1 1 O=C1NC(=O)C(=CC=CC=CN2C(=O)C(=O)c3ccccc32)C(=O)O1 1.0000000 1.0000 0.6155515 0.6156 0.9185144 3.4220
01:52:32 <INFO> Sampled SMILES CN1C(=O)C(=C(O)C=NO)=C(OC(C)=O)c2ccccc21 failed to sanitize.
01:52:32 <INFO> Sampled SMILES O=C1NC(=O)C(=C(O)C=CC=C2N(C)CCC2)C([N-]=C(N)N)C1=C1CCCN1C failed to sanitize.
01:52:32 <INFO> Sampled SMILES N1NC(=O)C(=C(O)C=CC=CN(C)CCO)=C1c1ccccc1 failed to sanitize.
01:52:32 <INFO> Score: 0.50 Agent NLL: 15.43 Valid:  97% Step: 123
 | Agent Prior Target Score SMILES SMILES_state Scaffold DASA DASA (raw) Solubility Solubility (raw) SA SA (raw)
 | 11.6671 54.7341 48.1526 0.8038022 CCN1C(=O)C(=C(O)C=CC=CN2CCSCC2)NC(C)(C)C1=O 1 O=C1CNC(=CC=CC=CN2CCSCC2)C(=O)N1 1.0000000 1.0000 0.5615768 0.5616 0.8721019 3.7494
 | 8.1652 48.0378 -48.0378 0.0000000 C=c1o[nH]c(=O)c1=C(O)C=CC=CN1CCSCC1 1 C=c1o[nH]c(=O)c1=CC=CC=CN1CCSCC1 1.0000000 1.0000 0.7334880 0.7335 0.7705346 4.2109
 | 25.4229 56.6888 54.7206 0.8703861 CN1NC(N)=NC(=C(O)C=CC=CN2CCCCOC2)C1=O 1 O=C1NNC=NC1=CC=CC=CN1CCCCOC1 1.0000000 1.0000 0.7345030 0.7345 0.8279399 3.9765
 | 12.7669 40.4184 -40.4184 0.0000000 CN(C)C=CC=CC(O)=C1C(=O)OC(C)(O)C1=O 1 C=C1C(=O)COC1=O 1.0000000 1.0000 0.7635483 0.7635 0.8144783 4.0363
 | 20.5104 70.2973 20.2666 0.7075306 CC(=CC=CC(O)=C1C(=O)N(C(O)C=CC=CN(C)C)C1C(=O)O)N1CCCCCC1 1 O=C1NCC1=CC=CC=CN1CCCCCC1 1.0000000 1.0000 0.4304894 0.4305 0.7107685 4.4143
 | 9.5696 49.7854 63.1478 0.8822913 CC(C=CN(CCO)CCO)=CC(O)=C1C(=O)NNNC1N 1 C=C1CNNNC1=O 1.0000000 1.0000 0.8862051 0.8862 0.6401446 4.6248
 | 18.0000 52.3417 53.8905 0.8299389 C=CC(O)=C1C(=O)OC(=C(O)C=CC=CN(C)C)C1=O 1 C=C1OC(=O)C(=C)C1=O 1.0000000 1.0000 0.6301506 0.6302 0.8432658 3.9038
 | 16.1518 27.0601 -27.0445 0.0001218 CC1(C)NC(=O)N(CCCCN2CCC(O)(c3ccccc3)CC2)C1=O 1 O=C1CNC(=O)N1CCCCN1CCC(c2ccccc2)CC1 0.0000000 0.0000 0.4903130 0.4903 0.9812616 2.4214
 | 17.4973 90.3391 9.1403 0.7771826 CN(C=CC=CC(O)=C1C(=O)OC(C)(C)OC1=O)C(O)=CC=CC(O)=C1C=NNNC1=O 1 O=C1NNN=CC1=CC=CC=CNC=CC=CC=C1C(=O)OCOC1=O 1.0000000 1.0000 0.5768630 0.5769 0.6972183 4.4566
 | 17.7295 49.8882 59.0635 0.8511848 CC=C1C(=O)NC(=O)C(=C(O)C=CC=CN2CCCC2)C1=O 1 C=C1C(=O)NC(=O)C(=CC=CC=CN2CCCC2)C1=O 1.0000000 1.0000 0.6484432 0.6484 0.9159027 3.4444
01:52:33 <INFO> Sampled SMILES CN1C(=O)C(=C(O)C=CC=CN2CC(OC)(OC)C(O)C(O)C2CO)OC1=CC=C1C=C(Br)C(=O)C(C)=C1=O failed to sanitize.
01:52:33 <INFO> Score: 0.50 Agent NLL: 15.19 Valid:  99% Step: 124
 | Agent Prior Target Score SMILES SMILES_state Scaffold DASA DASA (raw) Solubility Solubility (raw) SA SA (raw)
 | 12.9170 48.0752 -48.0752 0.0000000 CC=C1C(=O)NC(=O)C1=C(O)C=CC=CN(C)CCO 1 C=C1C(=C)C(=O)NC1=O 1.0000000 1.0000 0.7505796 0.7506 0.8952805 3.6021
 | 11.9003 50.0087 60.5934 0.8640789 CC(C=CN1CCCC1)=CC(O)=C1C(=O)NOC1=O 1 O=C1NOC(=O)C1=CC=CC=CN1CCCC1 1.0000000 1.0000 0.6956953 0.6957 0.8763387 3.7243
 | 19.8794 75.1138 -75.1138 0.0000000 CN(C=CC=CC=NNC1C(=O)NNC(=O)C1=C(O)C=CC=CN(C)CCO)CCO 1 C=C1CC(=O)NNC1=O 1.0000000 1.0000 0.8064709 0.8065 0.5912185 4.7596
 | 15.2645 75.3538 21.7456 0.7585893 CC(C=CC=CN(CCO)CCO)=c1cnc(=C(O)C=CC=CN2CCCc3ccccc32)c(=O)[nH]1 1 C=c1cnc(=CC=CC=CN2CCCc3ccccc32)c(=O)[nH]1 1.0000000 1.0000 0.4947308 0.4947 0.8033220 4.0833
 | 26.2154 64.8044 26.1063 0.7102399 C=CC1OC(=O)C(O)(C=CC2CC(=O)C(=C(O)C=CC=CN3CCOCC3)O2)C1(C)O 1 O=C1CC(C=CC2CCOC2=O)OC1=CC=CC=CN1CCOCC1 1.0000000 1.0000 0.6230718 0.6231 0.3796951 5.3198
 | 14.5712 55.8057 32.2940 0.6882785 CCC=CC1C(=O)OC(=C(O)C=CC=CN2C=CCC2)C1=O 1 O=C1CC(=O)C(=CC=CC=CN2C=CCC2)O1 1.0000000 1.0000 0.4311835 0.4312 0.6132016 4.6998
 | 13.7537 43.9776 -43.9776 0.0000000 CC(C=CN1CCOCC1)=CC(O)=C1C(=O)NC(=O)NC1=O 1 O=C1NC(=O)C(=CC=CC=CN2CCOCC2)C(=O)N1 1.0000000 1.0000 0.7527922 0.7528 0.9279349 3.3353
 | 15.5407 62.0443 38.5014 0.7855137 CC(=O)OC=C1OC(O)C2OC(=C(O)C=CC=CN3CCNCC3)C(=O)N2C1C(=O)O 1 C=C1CN2C(=O)C(=CC=CC=CN3CCNCC3)OC2CO1 1.0000000 1.0000 0.7420428 0.7420 0.4745770 5.0663
 | 16.5517 50.9871 50.4606 0.7925604 CC1=CCC(=C(O)C=CC=CN2CCC(O)C2)C1=O 1 O=C1C=CCC1=CC=CC=CN1CCCC1 1.0000000 1.0000 0.5883350 0.5883 0.7465807 4.2961
 | 12.8517 63.1459 47.8004 0.8667677 O=C1NNC(=O)C(N2CCCCCC2)C1=C(O)C=CC=CN(O)CCO 1 C=C1C(=O)NNC(=O)C1N1CCCCCC1 1.0000000 1.0000 0.7345828 0.7346 0.8098747 4.0559
01:52:34 <INFO> Sampled SMILES N1C(=O)C(=C(O)C=CC=CN(C)CCO)(CO)C(=O)O1 failed to sanitize.
01:52:34 <INFO> Sampled SMILES CN1C(=O)C(=C(O)C=CC=CN(C)CCO)=CC1=CC=C(C)CC=CN(C)CCO failed to sanitize.
01:52:34 <INFO> Score: 0.54 Agent NLL: 14.82 Valid:  98% Step: 125
 | Agent Prior Target Score SMILES SMILES_state Scaffold DASA DASA (raw) Solubility Solubility (raw) SA SA (raw)
 | 14.3372 63.1420 48.1703 0.8696275 O=c1[nH][nH]c(=O)c(=C(O)C=CC=CN2CCCCC2)c1=CC=CCCO 1 C=c1c(=O)[nH][nH]c(=O)c1=CC=CC=CN1CCCCC1 1.0000000 1.0000 0.7166001 0.7166 0.8605283 3.8146
 | 28.4157 90.2085 9.4547 0.7786190 CC(=C1C(=O)C(C(C)O)NC(=O)C1=C(O)C=CC=CN1CN(C)C(=NO)C1=O)N(O)O 1 C=C1C(=O)CNC(=O)C1=CC=CC=CN1CNC(=N)C1=O 1.0000000 1.0000 0.7370473 0.7370 0.4585001 5.1084
 | 13.0650 54.2509 58.8021 0.8832262 C=c1o[nH]c(=O)c1=C(O)C=CC=CN1CCCNC1 1 C=c1o[nH]c(=O)c1=CC=CC=CN1CCCNC1 1.0000000 1.0000 0.8020547 0.8021 0.7665149 4.2256
 | 14.8097 61.4405 -61.4405 0.0000000 CC1=NN(c2ccccc2)C(=O)C1=C(O)C=CC=CN(O)S(C)(=O)=O 1 C=C1C=NN(c2ccccc2)C1=O 1.0000000 1.0000 0.4988674 0.4989 0.9396542 3.2115
 | 9.7316 42.1608 70.7284 0.8819473 O=C1COC1=C(O)C=CC=CN1CCOCC1 1 O=C1COC1=CC=CC=CN1CCOCC1 1.0000000 1.0000 0.7317333 0.7317 0.8932161 3.6163
 | 14.4553 54.6048 50.2986 0.8195581 C=C(C)C1=C(C)N(CCO)NC(=O)C1=C(O)C=CC=CN(C)C 1 C=C1C=CNNC1=O 1.0000000 1.0000 0.6016891 0.6017 0.8558397 3.8397
 | 8.8277 53.8198 62.4573 0.9084152 C=c1[nH]c(=NC)[nH]c(=O)c1=C(O)C=CC=CN(CCO)CCO 1 C=c1[nH]c(=N)[nH]c(=O)c1=C 1.0000000 1.0000 0.8827376 0.8827 0.7512555 4.2799
 | 22.9200 63.0279 -31.6578 0.2450786 CCC=CCC=CCC=CCC=CCCCCCCC(=O)NC=CC=CC(O)=C1C(=O)NC(=O)C1=CBr 1 C=C1C(=C)C(=O)NC1=O 1.0000000 1.0000 0.0159843 0.0160 0.8657442 3.7858
 | 9.8418 45.6512 61.6673 0.8384260 CN1C=CNC(=O)C1=C(O)C=CC=CN1CCCC1 1 O=C1NC=CNC1=CC=CC=CN1CCCC1 1.0000000 1.0000 0.6409106 0.6409 0.8635635 3.7980
 | 12.9096 21.0333 -21.0164 0.0001319 CN(C)CCN=C1CC(=O)c2ccccc2C1=O 1 N=C1CC(=O)c2ccccc2C1=O 0.0000000 0.0000 0.6243353 0.6243 0.9737380 2.6463
01:52:34 <INFO> Sampled SMILES O=C1C(=C(O)C=CC=CN(CCO)CCO)(O)C(=O)N1 failed to sanitize.
01:52:34 <INFO> Sampled SMILES N1C(=O)C(=C(O)C=CC=CN2CCC=[N+]2=NOCCCO)C(O)C(C)N=C1N failed to sanitize.
01:52:35 <INFO> Score: 0.49 Agent NLL: 14.77 Valid:  98% Step: 126
 | Agent Prior Target Score SMILES SMILES_state Scaffold DASA DASA (raw) Solubility Solubility (raw) SA SA (raw)
 | 9.7346 51.2733 -51.2733 0.0000000 C=c1o[nH]c(=O)c1=C(O)C=CC=CN1CCCc2ccccc21 1 C=c1o[nH]c(=O)c1=CC=CC=CN1CCCc2ccccc21 1.0000000 1.0000 0.5502111 0.5502 0.8967587 3.5918
 | 8.7702 39.1601 58.6962 0.7645017 O=C1CCCC1=C(O)C=CC=CN1CCCC1 1 O=C1CCCC1=CC=CC=CN1CCCC1 1.0000000 1.0000 0.4660218 0.4660 0.9290219 3.3246
 | 7.6483 51.1342 41.6671 0.7250101 CC(=CC=CC(O)=C1C(=O)NC2C(C)(C)CCCC12C)N(CCO)CCO 1 C=C1C(=O)NC2CCCCC12 1.0000000 1.0000 0.4767557 0.4768 0.6757537 4.5216
 | 9.6369 46.1013 70.8693 0.9138329 O=C1CN(C=CC=CC(O)=C2C(=O)NOC2=O)CCN1 1 O=C1CN(C=CC=CC=C2C(=O)NOC2=O)CCN1 1.0000000 1.0000 0.8388535 0.8389 0.8474224 3.8831
 | 12.0016 51.9765 62.8496 0.8970786 C=c1c(=C(O)C=CC=C(C)N2CCN(C)CC2)c(=O)[nH]n1C 1 C=c1[nH][nH]c(=O)c1=CC=CC=CN1CCNCC1 1.0000000 1.0000 0.7709184 0.7709 0.8914469 3.6283
 | 33.5424 66.1530 -66.1362 0.0001311 CC(=O)OCCN(CCOCOCOCOCOCOCOCOC(=O)c1ccccc1)CC(=O)OCOC(O)=C1C(=O)NC(=O)OC1=O 1 O=C(CNCCOCOCOCOCOCOCOCOC(=O)c1ccccc1)OCOC=C1C(=O)NC(=O)OC1=O 0.0000000 0.0000 0.6618185 0.6618 0.8516528 3.8615
 | 6.3925 56.7767 -56.7767 0.0000000 C=C1C(=O)C(=O)NC(=O)C1=C(O)C=CC=C(C)N(CCO)CCO 1 C=C1C(=C)C(=O)C(=O)NC1=O 1.0000000 1.0000 0.8051703 0.8052 0.8974992 3.5865
 | 14.6729 54.1399 61.3165 0.9020037 NCC(=O)N1C(=O)C(=C(O)C=CC=CN2CCOCC2)C1C(=O)O 1 O=C1NCC1=CC=CC=CN1CCOCC1 1.0000000 1.0000 0.8138770 0.8139 0.8343837 3.9466
 | 8.3921 64.2024 -64.2024 0.0000000 C=C1OC(=CC=C2C(=O)NC(=O)NC2=O)NC(=O)C1=C(O)C=CC=C(C)N(CCO)CCO 1 C=C1OC(=CC=C2C(=O)NC(=O)NC2=O)NC(=O)C1=C 1.0000000 1.0000 0.7321208 0.7321 0.8276408 3.9779
 | 21.1656 59.4002 52.7778 0.8763903 O=C(O)C1=C(SCCO)CC2C(=C(O)C=CC=CN(CCO)CCO)C(=O)C(=O)N12 1 C=C1C(=O)C(=O)N2C=CCC12 1.0000000 1.0000 0.7653506 0.7654 0.7987418 4.1020
01:52:35 <INFO> Sampled SMILES N1C(=O)C(=C(O)C=CC=CN(OC(C)=O)OC(=O)C)C2(C)C(C1=C)C1(C)OC(C)=OC1CC2 failed to sanitize.
01:52:35 <INFO> Sampled SMILES O=C1C(=C(O)C=CC=CN(C)CCO)=C(C)C(=O)C1=O failed to sanitize.
01:52:36 <INFO> Score: 0.55 Agent NLL: 15.62 Valid:  98% Step: 127
 | Agent Prior Target Score SMILES SMILES_state Scaffold DASA DASA (raw) Solubility Solubility (raw) SA SA (raw)
 | 15.4685 65.8290 46.9060 0.8807423 C=c1oc(=NO)[nH]c(=O)c1=C(O)C=CC=CN1CCCNC1=O 1 C=c1oc(=N)[nH]c(=O)c1=CC=CC=CN1CCCNC1=O 1.0000000 1.0000 0.8035244 0.8035 0.7528496 4.2744
 | 13.4915 46.2012 -46.2012 0.0000000 CC(C=CN(C)CCO)=CC(O)=C1C(=O)Nc2ccccc21 1 C=C1C(=O)Nc2ccccc21 1.0000000 1.0000 0.4881099 0.4881 0.9418297 3.1861
 | 11.0143 49.8627 66.2667 0.9072609 O=C1NC=NNC(=O)C1=C(O)C=CC=CN1CCNCC1 1 O=C1NC=NNC(=O)C1=CC=CC=CN1CCNCC1 1.0000000 1.0000 0.8284366 0.8284 0.8339505 3.9486
 | 10.5968 56.6179 54.4399 0.8676397 C=C1CCN(C=CC=CC(O)=c2c(=O)[nH]c(=O)oc2=C)C1 1 C=C1CCN(C=CC=CC=c2c(=O)[nH]c(=O)oc2=C)C1 1.0000000 1.0000 0.7595295 0.7595 0.7679427 4.2204
 | 10.9101 42.7266 66.3480 0.8521457 O=C1COC1=C(O)C=CC=CN1CCCC1 1 O=C1COC1=CC=CC=CN1CCCC1 1.0000000 1.0000 0.6603177 0.6603 0.8925452 3.6209
 | 16.7677 60.5358 -60.5188 0.0001328 O=C1NNC(=O)C1=C(O)C=CC=C(O)C=CN1CCSCC1 1 O=C1NNC(=O)C1=CC=CC=CC=CN1CCSCC1 0.0000000 0.0000 0.7021530 0.7022 0.8240684 3.9941
 | 19.4991 54.6034 30.0837 0.6616180 CCCCC=CC=C1CC(=C(O)C=CC=CN2CCOCC2)C(=O)N1 1 C=C1CC(=CC=CC=CN2CCOCC2)C(=O)N1 1.0000000 1.0000 0.3149138 0.3149 0.8636799 3.7973
 | 32.4997 69.0266 -69.0266 0.0000000 N1C(=O)C(=C(O)C=CC=CN(OC(C)=O)OC(=O)C)C2(C)C(C1=C)C1(C)OC(C)=OC1CC2 0 -- 0.0000000 0.0000 0.0000000 0.0000 0.0000000 0.0000
 | 18.4940 60.2724 46.9623 0.8377712 CN(C=CC=CC(O)=C1C(=O)NNC(=O)N1C)CN1C(=O)c2ccccc2C1=O 1 O=C1NNC(=O)C(=CC=CC=CNCN2C(=O)c3ccccc3C2=O)N1 1.0000000 1.0000 0.6205205 0.6205 0.9100917 3.4921
 | 13.2080 63.7016 46.1247 0.8580177 CC(O)=c1[nH]c(=O)c(=C(O)C=CC=CN2CCSCC2)c(=O)o1 1 C=c1[nH]c(=O)c(=CC=CC=CN2CCSCC2)c(=O)o1 1.0000000 1.0000 0.7229450 0.7229 0.7896253 4.1384
01:52:36 <INFO> Sampled SMILES N1C(=O)C(=C(O)C=CC=CN2SCCC2=COC)(C)C(C)=C1C failed to sanitize.
01:52:36 <INFO> Score: 0.56 Agent NLL: 14.89 Valid:  98% Step: 128
 | Agent Prior Target Score SMILES SMILES_state Scaffold DASA DASA (raw) Solubility Solubility (raw) SA SA (raw)
 | 11.7223 54.5373 59.4308 0.8903757 O=C1NNC(O)NC(=O)C1=C(O)C=CC=CN1CCCC1 1 O=C1NCNNC(=O)C1=CC=CC=CN1CCCC1 1.0000000 1.0000 0.8252391 0.8252 0.7607557 4.2464
 | 24.1601 71.7988 29.4244 0.7908064 O=C1NCCCC1=C(O)C=CC=CN1CC(O)COC(CC=NOCCCO)C1 1 O=C1NCCCC1=CC=CC=CN1CCCOCC1 1.0000000 1.0000 0.6697525 0.6698 0.5881907 4.7678
 | 14.3968 52.7007 58.9473 0.8722497 C=c1c(=C(O)C=CC=CN2CCC(N)C2)c(=O)[nH]n1C 1 C=c1[nH][nH]c(=O)c1=CC=CC=CN1CCCC1 1.0000000 1.0000 0.8245216 0.8245 0.6839287 4.4972
 | 10.6388 54.0767 56.6134 0.8647662 O=C1OC(=O)C1=C(O)C=CC=CN1CCC=[N+]1[O-] 1 O=C1OC(=O)C1=CC=CC=CN1CCC=[NH+]1 1.0000000 1.0000 0.7740089 0.7740 0.7301511 4.3516
 | 23.7554 71.9886 -71.9886 0.0000000 C=CC=CC=C(C)N(C)C=CC=CC(O)=C1C(=O)NC(=O)C1=C(C)ON=C(N)N 1 C=C1C(=C)C(=O)NC1=O 1.0000000 1.0000 0.5639671 0.5640 0.7633029 4.2372
 | 13.5337 54.9196 55.0426 0.8590797 O=C1NC(CO)C(O)C(O)C1=C(O)C=CC=CN1CCCNC1=O 1 O=C1NCCCC1=CC=CC=CN1CCCNC1=O 1.0000000 1.0000 0.8348691 0.8349 0.6177937 4.6872
 | 14.7503 57.8443 51.6908 0.8557433 CCN1C(=O)C(=O)N(C=CC=CC(O)=C2OC(C)(C)NC2=O)C1=O 1 O=C1NC(=O)N(C=CC=CC=C2OCNC2=O)C1=O 1.0000000 1.0000 0.6937879 0.6938 0.8368677 3.9348
 | 23.3493 75.6659 17.7065 0.7294713 COC1=CCCN1C=CC=CC(O)=C1CC(=C(O)C=CN(C)CCO)OC1=O 1 C=C1CC(=CC=CC=CN2C=CCC2)C(=O)O1 1.0000000 1.0000 0.4825383 0.4825 0.6833018 4.4990
 | 11.6690 45.9742 67.3361 0.8852368 CC(C=CN(C)CCO)=CC(O)=C1C(=O)ON(C)C1=O 1 C=C1C(=O)NOC1=O 1.0000000 1.0000 0.7704331 0.7704 0.8322926 3.9564
 | 10.8330 52.9812 44.9967 0.7654520 CC(=O)N=C1NC(=O)C(=C(O)C=CC=CN2C=CCC2)CS1 1 N=C1NC(=O)C(=CC=CC=CN2C=CCC2)CS1 1.0000000 1.0000 0.5475599 0.5476 0.7052026 4.4318
01:52:37 <INFO> Sampled SMILES N1C(=O)C(=C(O)C=CC=CN2CCCCC2)(C)C(C)=CC1=C(C=CC=CN1CCNCC1)O failed to sanitize.
01:52:37 <INFO> Score: 0.62 Agent NLL: 15.23 Valid:  99% Step: 129
 | Agent Prior Target Score SMILES SMILES_state Scaffold DASA DASA (raw) Solubility Solubility (raw) SA SA (raw)
 | 12.5622 51.0370 26.0787 0.6024659 CC1=C(C)C(=C(O)C=CC=CN2CCc3ccccc32)C1=O 1 O=C1C=CC1=CC=CC=CN1CCc2ccccc21 1.0000000 1.0000 0.2260847 0.2261 0.9433458 3.1678
 | 10.3873 54.2916 56.3880 0.8646848 O=C1CC(O)C(=C(O)C=CC=CN2CCCO2)C(=O)N1 1 O=C1CCC(=CC=CC=CN2CCCO2)C(=O)N1 1.0000000 1.0000 0.7733204 0.7733 0.7309278 4.3490
 | 14.2910 67.8804 44.6869 0.8794319 C=c1oc(=NO)[nH]c(=O)c1=C(O)C=CC=C(C)N(C)CCOC(C)=O 1 C=c1oc(=N)[nH]c(=O)c1=C 1.0000000 1.0000 0.7749243 0.7749 0.7958989 4.1135
 | 12.0399 44.3850 69.1803 0.8872285 O=C1NC(=O)N(CCO)C1=C(O)C=CC=CN1CCCC1 1 O=C1NC(=O)C(=CC=CC=CN2CCCC2)N1 1.0000000 1.0000 0.7347989 0.7348 0.9149377 3.4525
 | 10.7382 52.2991 45.4120 0.7633678 CC(=O)OCC=C1CCC(=C(O)C=CC=CN2CCCC2)C(=O)N1 1 C=C1CCC(=CC=CC=CN2CCCC2)C(=O)N1 1.0000000 1.0000 0.4838292 0.4838 0.8632600 3.7996
 | 16.0375 68.8746 3.4648 0.5651518 C=C1C(=C)N(O)C(C)=CC1=CC=C1CCC(=C(O)C=CC=CN2CCC(O)C2)C(=O)N1 1 C=C1NC=CC(=CC=C2CCC(=CC=CC=CN3CCCC3)C(=O)N2)C1=C 1.0000000 1.0000 0.2653695 0.2654 0.5094805 4.9753
 | 19.2897 84.1074 -84.1074 0.0000000 N1C(=O)C(=C(O)C=CC=CN2CCCCC2)(C)C(C)=CC1=C(C=CC=CN1CCNCC1)O 0 -- 0.0000000 0.0000 0.0000000 0.0000 0.0000000 0.0000
 | 20.9022 58.7732 42.9675 0.7948494 CC(=CC=CC(O)=C1CC2C(=O)CCC2NC1=O)N1CCOCC1 1 O=C1NC2CCC(=O)C2CC1=CC=CC=CN1CCOCC1 1.0000000 1.0000 0.5893224 0.5893 0.7557495 4.2642
 | 14.4381 60.9475 54.1426 0.8991418 O=c1[nH][nH]c(=O)c(=C(O)C=CC=CN2CCCC2)c1=CO 1 C=c1c(=O)[nH][nH]c(=O)c1=CC=CC=CN1CCCC1 1.0000000 1.0000 0.7953570 0.7954 0.8543075 3.8477
 | 19.5785 63.9230 -63.9230 0.0000000 CC(=CC=CC(O)=C1C(=O)NC(=S)NC1=O)N(C)C 1 C=C1C(=O)NC(=S)NC1=O 1.0000000 1.0000 0.7383605 0.7384 0.9168882 3.4360
01:52:38 <INFO> Sampled SMILES N1C(=O)C(=C(O)C=CC=CN23CCCCCC2(C)OC(=O)C3)C(=C)N(C)C1=O failed to sanitize.
01:52:38 <INFO> Sampled SMILES N1C(=O)C(=C(O)C=CC=CN2CCCCC2)SSC1=NC(C)=CC(O)=OCCCN(C1OC(=O)c2ccccc21)C failed to sanitize.
01:52:38 <INFO> Score: 0.61 Agent NLL: 15.74 Valid:  98% Step: 130
 | Agent Prior Target Score SMILES SMILES_state Scaffold DASA DASA (raw) Solubility Solubility (raw) SA SA (raw)
 | 20.0128 74.1772 23.4117 0.7624138 CC(=O)C1=C(CO)N2NC(=O)C(=C(O)C=CC=CN3SCCS3)C2N(C)C1=O 1 O=C1C=CN2NC(=O)C(=CC=CC=CN3SCCS3)C2N1 1.0000000 1.0000 0.6412980 0.6413 0.5237772 4.9380
 | 19.4400 74.2759 -74.2584 0.0001365 CN(CC1NNNC1=O)C(O)=CC=CC=CC(O)=C1C(=O)NC(=O)NC1=O 1 O=C1NC(=O)C(=CC=CC=CC=CNCC2NNNC2=O)C(=O)N1 0.0000000 0.0000 0.8460490 0.8460 0.6867518 4.4886
 | 11.4787 50.5369 64.5136 0.8988318 O=C1NCCC1=C(O)C=CC=CN1CC(O)C1 1 O=C1NCCC1=CC=CC=CN1CCC1 1.0000000 1.0000 0.7889695 0.7890 0.8648813 3.7906
 | 24.5860 70.1905 -70.1905 0.0000000 N1C(=O)C(=C(O)C=CC=CN23CCCCCC2(C)OC(=O)C3)C(=C)N(C)C1=O 0 -- 0.0000000 0.0000 0.0000000 0.0000 0.0000000 0.0000
 | 20.1422 63.1547 32.6106 0.7481661 C=C(C)C1=CN(CCO)C(=O)C1=C(O)C=CC=CN1CC=CCC1 1 O=C1NC=CC1=CC=CC=CN1CC=CCC1 1.0000000 1.0000 0.4767830 0.4768 0.7969449 4.1093
 | 10.3242 44.7456 -44.7456 0.0000000 C=C1CCC(=O)C1=C(O)C=CC=C(C)N(CCO)CCO 1 C=C1CCC(=O)C1=C 1.0000000 1.0000 0.6470892 0.6471 0.8936567 3.6133
 | 9.9354 54.1728 -54.1728 0.0000000 O=C1NNC(=O)C(=C(O)C=CC=CN2CCCc3ccccc32)C1=O 1 O=C1NNC(=O)C(=CC=CC=CN2CCCc3ccccc32)C1=O 1.0000000 1.0000 0.6091757 0.6092 0.9278865 3.3358
 | 23.6986 63.0055 35.7715 0.7716946 CC1=C(C)C2C(=C(O)C=CC=CN3CCC(=O)N3)C(=O)NC(=O)CC2C1O 1 O=C1CC2CC=CC2C(=CC=CC=CN2CCC(=O)N2)C(=O)N1 1.0000000 1.0000 0.6510816 0.6511 0.5435340 4.8863
 | 26.9827 72.1683 -72.1516 0.0001306 C=C1CC(=C(F)C=C2C(=O)NNC2N)C(=O)NNC1=O 1 C=C1CC(=CC=C2CNNC2=O)C(=O)NNC1=O 0.0000000 0.0000 0.8644049 0.8644 0.5231417 4.9397
 | 10.4727 54.1254 -54.1254 0.0000000 O=C1Nc2ccccc2C1=C(O)C=CC=CN1CCCC1 1 O=C1Nc2ccccc2C1=CC=CC=CN1CCCC1 1.0000000 1.0000 0.3546774 0.3547 0.9609402 2.9135
01:52:39 <INFO> Score: 0.66 Agent NLL: 15.49 Valid: 100% Step: 131
 | Agent Prior Target Score SMILES SMILES_state Scaffold DASA DASA (raw) Solubility Solubility (raw) SA SA (raw)
 | 13.3710 58.1208 59.9165 0.9221662 O=C1CN(C=CC=CC(O)=c2oc(=C3C(=O)NC(=O)NC3=O)[nH]c2=O)CCN1 1 O=C1CN(C=CC=CC=c2oc(=C3C(=O)NC(=O)NC3=O)[nH]c2=O)CCN1 1.0000000 1.0000 0.8844659 0.8845 0.8101329 4.0548
 | 12.3534 43.8362 65.3075 0.8526859 CN(O)C=CC=CC(O)=C1OC(=S)N(C)C1=O 1 C=C1OC(=S)NC1=O 1.0000000 1.0000 0.7033683 0.7034 0.8018122 4.0895
 | 18.9888 71.6690 24.1978 0.7489597 CC12C(=CNC(=O)C1=C(O)C=CC=CN1CCNC(=O)C1)C(=O)C=C1CC(O)CCC12O 1 O=C1CN(C=CC=CC=C2C(=O)NC=C3C(=O)C=C4CCCCC4C32)CCN1 1.0000000 1.0000 0.6443284 0.6443 0.4731176 5.0701
 | 12.1240 53.0575 48.2141 0.7911846 C=C1NC(=O)C(=C(O)C=CC=CN2CCCC2)C1=COC 1 C=C1NC(=O)C(=CC=CC=CN2CCCC2)C1=C 1.0000000 1.0000 0.5350345 0.5350 0.8735554 3.7409
 | 15.2318 50.4858 44.0343 0.7384376 O=C1CN(C=CC=CC(O)=C2C(=O)N(c3ccccc3)N=C2C(F)(F)F)CCN1 1 O=C1CN(C=CC=CC=C2C=NN(c3ccccc3)C2=O)CCN1 1.0000000 1.0000 0.4197706 0.4198 0.9297718 3.3172
 | 11.5217 44.3094 62.5277 0.8346647 CC(O)C1C(=O)N2C(=O)C(=C(O)C=CC=CN3CCOCC3)CC12 1 O=C1CC2CC(=CC=CC=CN3CCOCC3)C(=O)N12 1.0000000 1.0000 0.7104746 0.7105 0.7042523 4.4348
 | 34.9664 80.7573 23.0440 0.8109477 CN1NC(=O)C(=C(O)C=CC=CN2CCNC2)C2=C1C(=O)N1C(=O)CCC1C(O)=C2 1 O=C1NNC2=C(C=CC3CCC(=O)N3C2=O)C1=CC=CC=CN1CCNC1 1.0000000 1.0000 0.6801604 0.6802 0.6533451 4.5871
 | 17.4305 60.3940 44.0709 0.8161316 Cn1[nH]c(=CF)c(=C(O)C=CC=CN2CC(O)C(O)C2CO)c1=O 1 C=c1[nH][nH]c(=O)c1=CC=CC=CN1CCCC1 1.0000000 1.0000 0.8688166 0.8688 0.4401663 5.1567
 | 28.2521 75.2814 30.4844 0.8262948 CN(CCO)C(=O)N(O)C1C(=O)NNC(=O)C1=C(O)C=CC=CN1CCNC([N+](=O)[O-])C1 1 O=C1CC(=CC=CC=CN2CCNCC2)C(=O)NN1 1.0000000 1.0000 0.8372608 0.8373 0.5011324 4.9970
 | 9.3992 37.7462 -37.7462 0.0000000 O=C1CCCCC1=C(O)C=CC=CN1CCCC1 1 O=C1CCCCC1=CC=CC=CN1CCCC1 1.0000000 1.0000 0.3861621 0.3862 0.9354466 3.2584
01:52:40 <INFO> Score: 0.59 Agent NLL: 16.09 Valid: 100% Step: 132
 | Agent Prior Target Score SMILES SMILES_state Scaffold DASA DASA (raw) Solubility Solubility (raw) SA SA (raw)
 | 17.1961 64.2377 42.5171 0.8340226 CN1NC(=O)C(=O)C(=C(O)C=CC=CN2CC(C3CCCCC3)=NN2)C1=O 1 O=C1NNC(=O)C(=CC=CC=CN2CC(C3CCCCC3)=NN2)C1=O 1.0000000 1.0000 0.6492005 0.6492 0.8213353 4.0063
 | 19.4730 57.9005 23.5916 0.6366567 C=C1C(=O)OCC1C1(C)CCC(=C(O)C=CC=CN2CCC(C)CC2)C(=O)N1 1 C=C1C(=O)OCC1C1CCC(=CC=CC=CN2CCCCC2)C(=O)N1 1.0000000 1.0000 0.3350812 0.3351 0.6331261 4.6445
 | 17.3263 24.5255 -24.5075 0.0001404 CC(=O)NCC(=O)N1CC(=O)Nc2ccccc21 1 O=C1CNc2ccccc2N1 0.0000000 0.0000 0.7473335 0.7473 0.9870501 2.1769
 | 9.4262 53.3712 62.8649 0.9080943 CN1C(=O)C(=O)N(C=CC=CC(O)=C2C(=O)NCCOC2=O)C1=O 1 O=C1NC(=O)N(C=CC=CC=C2C(=O)NCCOC2=O)C1=O 1.0000000 1.0000 0.8040879 0.8041 0.8828896 3.6840
 | 31.6170 24.4209 -24.4033 0.0001378 CNC(=O)c1ccn2ccnc2c1 1 c1ccn2ccnc2c1 0.0000000 0.0000 0.7095726 0.7096 0.9809170 2.4335
 | 11.3004 57.4150 53.2821 0.8648209 Cc1cc(=C2C(=O)OC(C)(C)OC2=O)[nH]c(=O)c1=C(O)C=CC=CN1CC1 1 O=C1OCOC(=O)C1=c1ccc(=CC=CC=CN2CC2)c(=O)[nH]1 1.0000000 1.0000 0.7082920 0.7083 0.8530819 3.8541
 | 11.9165 53.1227 50.6908 0.8110431 CC(=O)OCC=C1CCC(=C(O)C=CC=CN2CCOCC2)C(=O)N1 1 C=C1CCC(=CC=CC=CN2CCOCC2)C(=O)N1 1.0000000 1.0000 0.5809422 0.5809 0.8614854 3.8094
 | 19.6070 75.0195 30.6657 0.8256658 C=c1oc(=NO)[nH]c(=O)c1=C(O)C=CC=CN1CCOCC1C(O)=NO 1 C=c1oc(=N)[nH]c(=O)c1=CC=CC=CN1CCOCC1 1.0000000 1.0000 0.8076180 0.8076 0.5316331 4.9175
 | 11.0903 54.0806 49.4240 0.8086300 O=C1CC1=C(O)C=CC=CN1CCC=C1O 1 O=C1CC1=CC=CC=CN1C=CCC1 1.0000000 1.0000 0.6037461 0.6037 0.7928513 4.1256
 | 14.7257 52.2379 54.4322 0.8333598 CC(=O)OCC1NC(=O)C(=C(O)C=CC=CN2CCCC(O)C2)O1 1 O=C1NCOC1=CC=CC=CN1CCCCC1 1.0000000 1.0000 0.7168800 0.7169 0.6876057 4.4860
01:52:40 <INFO> Sampled SMILES N1C(=O)C(=C(O)C=CC=CN2CC(OC)CNC2=C(O)OC)C(=O)NC1=CC=C(C)C(=C1C(=C)C(=O)C(=O)C1=C)=O failed to sanitize.
01:52:41 <INFO> Score: 0.63 Agent NLL: 15.70 Valid:  99% Step: 133
 | Agent Prior Target Score SMILES SMILES_state Scaffold DASA DASA (raw) Solubility Solubility (raw) SA SA (raw)
 | 23.9889 67.5155 30.3333 0.7644436 CC12NC(=O)C(=C(O)C=CC=CN3CCC=C(O)C3)C1CC(=O)C2=O 1 O=C1CC2C(=CC=CC=CN3CC=CCC3)C(=O)NC2C1=O 1.0000000 1.0000 0.6256070 0.6256 0.5546715 4.8570
 | 26.6194 61.3589 45.6296 0.8358479 CC(=O)OCC1CN(C=CC=CC(O)=C2C(=O)NC(=O)C(CO)=C2Cl)C(=O)O1 1 O=C1C=CC(=CC=CC=CN2CCOC2=O)C(=O)N1 1.0000000 1.0000 0.6642431 0.6642 0.7981704 4.1043
 | 9.5484 50.5740 65.9458 0.9103110 CN1C(=O)C(=O)N(C=CC=CC(O)=C2C(=O)NC(=S)NC2=O)C1=O 1 O=C1NC(=O)N(C=CC=CC=C2C(=O)NC(=S)NC2=O)C1=O 1.0000000 1.0000 0.8041568 0.8042 0.8941287 3.6101
 | 15.6088 53.9876 46.4667 0.7847992 CN1CC(C)(C)N(C=CC=CC(O)=C2C(=O)OC(C)(C)OC2=O)C1=O 1 O=C1OCOC(=O)C1=CC=CC=CN1CCNC1=O 1.0000000 1.0000 0.5258372 0.5258 0.8629637 3.8013
 | 10.8167 45.5047 -45.5047 0.0000000 CC1=CCC(=O)C1=C(O)C=CC=CN1CCCC1 1 O=C1CC=CC1=CC=CC=CN1CCCC1 1.0000000 1.0000 0.4285097 0.4285 0.9058315 3.5253
 | 8.0385 59.5330 55.5503 0.8990881 C=c1oc(=N)[nH]c(=O)c1=C(O)C=CC=CN1CCNC(=O)C1 1 C=c1oc(=N)[nH]c(=O)c1=CC=CC=CN1CCNC(=O)C1 1.0000000 1.0000 0.8551903 0.8552 0.7522323 4.2765
 | 20.4591 54.0391 -54.0240 0.0001179 CC(NC1OC(=Cc2ccccc2)C(=O)N(C)C1=O)=C1C(=O)ON=C1C(F)(F)F 1 O=C1NC(=O)C(NC=C2C=NOC2=O)OC1=Cc1ccccc1 0.0000000 0.0000 0.4842318 0.4842 0.8456080 3.8922
 | 22.7205 58.4386 49.6497 0.8444401 COC(C)N1CC(=C(O)C=CC=CN2CNCC2=O)C1=O 1 O=C1NCC1=CC=CC=CN1CNCC1=O 1.0000000 1.0000 0.7650869 0.7651 0.6576464 4.5747
 | 14.3829 54.3971 52.2905 0.8334971 CC1=COC(=C(O)C=CC=CN2CCNCC2)C(=O)CO1 1 O=C1COC=COC1=CC=CC=CN1CCNCC1 1.0000000 1.0000 0.6476427 0.6476 0.8220711 4.0030
 | 15.0195 65.0363 43.2407 0.8459141 CC1N(C)C(=O)C(=O)N1C=CC=CC(O)=C1ON(C)C1=O 1 O=C1NCN(C=CC=CC=C2ONC2=O)C1=O 1.0000000 1.0000 0.7678843 0.7679 0.6594706 4.5694
01:52:41 <INFO> Score: 0.67 Agent NLL: 14.98 Valid:  98% Step: 134
 | Agent Prior Target Score SMILES SMILES_state Scaffold DASA DASA (raw) Solubility Solubility (raw) SA SA (raw)
 | 9.1560 46.5822 -46.5822 0.0000000 CN1C(=O)C(=O)C(=C(O)C=CC=CN(CCO)CCO)C1=O 1 C=C1C(=O)NC(=O)C1=O 1.0000000 1.0000 0.8532043 0.8532 0.9138428 3.4616
 | 9.3317 48.7334 -48.7334 0.0000000 O=C1NC(=O)C(=O)C(=C(O)C=CC=CN(CCO)CCO)C(=O)N1 1 C=C1C(=O)NC(=O)NC(=O)C1=O 1.0000000 1.0000 0.8703185 0.8703 0.9112837 3.4825
 | 12.1437 52.3531 60.0726 0.8783253 CCN1C(=O)CN(C=CC=CC(O)=C2C(=O)ON(C)C2=O)C1=O 1 O=C1CN(C=CC=CC=C2C(=O)NOC2=O)C(=O)N1 1.0000000 1.0000 0.7407245 0.7407 0.8556410 3.8407
 | 15.5433 53.8268 46.9402 0.7872419 CC(O)C1C(=O)N2NC(=O)C(=C(O)C=CC=CN3CC=CCC3)C12 1 O=C1NN2C(=O)CC2C1=CC=CC=CN1CC=CCC1 1.0000000 1.0000 0.7087315 0.7087 0.5202656 4.9472
 | 28.4888 79.8184 23.3902 0.8063172 C[N+](CCO)=C1C=CCCCC2NC(=O)C(=C(O)C=CC=CN(CCO)CCO)CN12 1 C=C1CN2C(=[N+])C=CCCCC2NC1=O 1.0000000 1.0000 0.7302921 0.7303 0.5598052 4.8434
 | 15.2188 47.7835 61.7253 0.8555374 N[N+]1=COC(=C(O)C=CC=CN2CCCCC2)C1=O 1 O=C1[NH+]=COC1=CC=CC=CN1CCCCC1 1.0000000 1.0000 0.7112818 0.7113 0.8001692 4.0962
 | 8.9106 44.7131 -44.7131 0.0000000 CN1CC(=C(O)C=CC=CN2CCOCC2)C1=O 1 O=C1NCC1=CC=CC=CN1CCOCC1 1.0000000 1.0000 0.7309353 0.7309 0.9112271 3.4830
 | 21.3566 73.6541 32.2703 0.8275348 CC(O)=C1CCCN1C=CC=CC(O)=C1C(=O)NC(=N)N(C)NC1=O 1 C=C1CCCN1C=CC=CC=C1C(=O)NNC(=N)NC1=O 1.0000000 1.0000 0.6523667 0.6524 0.7816590 4.1692
 | 19.3851 58.4668 44.3150 0.8029831 CC(C=CN1CCCC1)=CC(O)=C1C(=O)NCC(=O)CC2=C1O2 1 O=C1CNC(=O)C(=CC=CC=CN2CCCC2)C2=C(C1)O2 1.0000000 1.0000 0.5723817 0.5724 0.8389933 3.9246
 | 17.6895 64.1375 48.9262 0.8833105 CC(=O)OC=c1c(=O)[nH]c(=O)[nH]c(=O)c1=C(O)C=CC=CN1CCC=[N+]1[O-] 1 C=c1c(=O)[nH]c(=O)[nH]c(=O)c1=CC=CC=CN1CCC=[NH+]1 1.0000000 1.0000 0.8443933 0.8444 0.7008773 4.4453
01:52:42 <INFO> Score: 0.67 Agent NLL: 15.78 Valid: 100% Step: 135
 | Agent Prior Target Score SMILES SMILES_state Scaffold DASA DASA (raw) Solubility Solubility (raw) SA SA (raw)
 | 18.5013 66.3254 36.6882 0.8047935 CC(C=CN(C)CCO)=CC(O)=C1C(=O)NC=CC2=C1CC(=O)C(C)(O)C2=O 1 C=C1C(=O)NC=CC2=C1CC(=O)CC2=O 1.0000000 1.0000 0.6724236 0.6724 0.6404248 4.6240
 | 17.2455 51.4140 59.6198 0.8674522 CC1=CCCN1C=CC=CC(O)=C1C(=O)NNC(=O)NC1=O 1 O=C1NNC(=O)C(=CC=CC=CN2C=CCC2)C(=O)N1 1.0000000 1.0000 0.7230841 0.7231 0.8360048 3.9389
 | 13.7353 49.2059 59.4563 0.8489235 C=C1CCNC(=O)C1=C(O)C=CC=CN1CCOCC1 1 C=C1CCNC(=O)C1=CC=CC=CN1CCOCC1 1.0000000 1.0000 0.6513168 0.6513 0.8962381 3.5954
 | 11.1164 63.6881 50.0606 0.8886615 O=C1CNC(=O)C(=C(O)C=CC=CN2CCC=[N+]2[O-])C(=O)NN1 1 O=C1CNC(=O)C(=CC=CC=CN2CCC=[NH+]2)C(=O)NN1 1.0000000 1.0000 0.8465083 0.8465 0.7202966 4.3838
 | 16.8359 50.1146 45.1693 0.7444055 COC(=O)C1N2C(=O)C(=C(O)C=CC=CN3CCCC3)C2SC1(C)C 1 O=C1C(=CC=CC=CN2CCCC2)C2SCCN12 1.0000000 1.0000 0.4737738 0.4738 0.7847852 4.1572
 | 27.9265 92.5263 -14.2205 0.6117641 CC(C=CN(C)CCO)=C1COCCC(=C(O)C=CC=CN2SCCCCS2=O)C(=O)N1 1 C=C1COCCC(=CC=CC=CN2SCCCCS2=O)C(=O)N1 1.0000000 1.0000 0.3698369 0.3698 0.4320637 5.1781
 | 36.4423 90.7480 -6.0508 0.6616966 C=C1Nc2ccccc2NC(=O)C1=C(O)C=CC=CN1C(=O)C(=C(N)C=CN2CCOCC2CO)C1C 1 C=C1Nc2ccccc2NC(=O)C1=CC=CC=CN1CC(=CC=CN2CCOCC2)C1=O 1.0000000 1.0000 0.3950142 0.3950 0.5812821 4.7863
 | 15.5981 67.1690 43.3194 0.8631906 CC1=NCCCCN1C=CC=CC(O)=C1C(=O)NNC(=N)NC1=O 1 N=C1NNC(=O)C(=CC=CC=CN2C=NCCCC2)C(=O)N1 1.0000000 1.0000 0.7271729 0.7272 0.8066669 4.0694
 | 14.1036 54.9921 47.4043 0.7999719 CC(C=CN1CCN(C)CC1)=CC(O)=C1CC=C(C)NC1=O 1 O=C1NC=CCC1=CC=CC=CN1CCNCC1 1.0000000 1.0000 0.5481501 0.5482 0.8872955 3.6558
 | 13.3146 61.4092 48.5689 0.8592039 CC=C1C(=O)N(CC)C(=O)C1=C(O)C=CC=CN1CC(=O)N(C)CC1=O 1 C=C1C(=O)NC(=O)C1=CC=CC=CN1CC(=O)NCC1=O 1.0000000 1.0000 0.6778216 0.6778 0.8903346 3.6358
01:52:43 <INFO> Score: 0.68 Agent NLL: 15.61 Valid:  99% Step: 136
 | Agent Prior Target Score SMILES SMILES_state Scaffold DASA DASA (raw) Solubility Solubility (raw) SA SA (raw)
 | 10.3942 45.5943 -45.5943 0.0000000 CN1C(=O)CC(=C(O)C=CC=CN2CCNCC2)C1=O 1 O=C1CC(=CC=CC=CN2CCNCC2)C(=O)N1 1.0000000 1.0000 0.7562890 0.7563 0.8976634 3.5854
 | 34.4147 88.1878 -88.1753 0.0000973 CC1=C(c2non(C=CC=CC(O)=C3OC(=O)C(C=Cn4ccc(=N)[nH]4)C3=O)c2=O)SCCO1 1 N=c1ccn(C=CC2C(=O)OC(=CC=CC=Cn3onc(C4=COCCS4)c3=O)C2=O)[nH]1 0.0000000 0.0000 0.4570767 0.4571 0.3406304 5.4303
 | 19.3815 57.5204 30.6922 0.6891604 CC(C)(C)C1OC(=O)N1C=CC=CC(O)=C1OC=CC1=O 1 O=C1C=COC1=CC=CC=CN1COC1=O 1.0000000 1.0000 0.4227096 0.4227 0.6391576 4.6276
 | 16.5224 54.2160 53.9094 0.8447301 CN1N=CNC(=O)C1=C(O)C=CC=CN1CCCO1 1 O=C1NC=NNC1=CC=CC=CN1CCCO1 1.0000000 1.0000 0.7397193 0.7397 0.6988791 4.4515
 | 15.1764 61.2586 49.5771 0.8659038 NC(=O)OC=C1OC(=O)C(=C(O)C=CC=CN2CCCNCC2)C1=O 1 C=C1OC(=O)C(=CC=CC=CN2CCCNCC2)C1=O 1.0000000 1.0000 0.7095969 0.7096 0.8559434 3.8391
 | 14.0126 56.9721 46.3273 0.8070268 CC1CN(C)C(C)N1C=CC=CC(O)=C1C(=O)NOC1=O 1 O=C1NOC(=O)C1=CC=CC=CN1CCNC1 1.0000000 1.0000 0.7228501 0.7229 0.5725684 4.8096
 | 15.0914 71.1839 41.6890 0.8818200 C=c1oc(=NOC(C)=O)[nH]c(=O)c1=C(O)C=CC=CN1CC(=O)N(C)C1=O 1 C=c1oc(=N)[nH]c(=O)c1=CC=CC=CN1CC(=O)NC1=O 1.0000000 1.0000 0.8062696 0.8063 0.7531895 4.2732
 | 19.2380 56.4224 30.1470 0.6763240 CC1CCCN(C=CC=CC(O)=C2C[N+]3(CCCC3)C(=O)NC2=O)C1 1 O=C1NC(=O)[N+]2(CCCC2)CC1=CC=CC=CN1CCCCC1 1.0000000 1.0000 0.4385907 0.4386 0.5428858 4.8880
 | 11.5840 47.8394 -47.8394 0.0000000 CN1CCN(C=CC=CC(O)=C2OC(CO)C(N=[N+]=[N-])C2=O)CC1 1 O=C1CCOC1=CC=CC=CN1CCNCC1 1.0000000 1.0000 0.6833032 0.6833 0.6594715 4.5694
 | 15.1621 50.2850 64.2537 0.8948339 O=C1NC(=O)C(=C(O)C=CC=CN2C=CCC2=O)C1=O 1 O=C1NC(=O)C(=CC=CC=CN2C=CCC2=O)C1=O 1.0000000 1.0000 0.7823213 0.7823 0.8574793 3.8310
01:52:43 <INFO> Sampled SMILES C1(=O)C(=C(O)C=CC=CN2OCCCC2)OC(=C)(CO)O1 failed to sanitize.
01:52:44 <INFO> Score: 0.66 Agent NLL: 15.38 Valid:  99% Step: 137
 | Agent Prior Target Score SMILES SMILES_state Scaffold DASA DASA (raw) Solubility Solubility (raw) SA SA (raw)
 | 9.2874 47.8528 65.1250 0.8826390 CN1NC(=O)C(=C(O)C=CC=CN2CCCC2)N=C1N 1 O=C1NNC=NC1=CC=CC=CN1CCCC1 1.0000000 1.0000 0.7522703 0.7523 0.8544899 3.8468
 | 14.3178 54.3375 59.3694 0.8883354 N=C1C(=O)NC(=O)C1=C(O)C=CC=CN1CCOC(C(=O)O)C1 1 N=C1C(=O)NC(=O)C1=CC=CC=CN1CCOCC1 1.0000000 1.0000 0.7951066 0.7951 0.8022037 4.0879
 | 10.8957 56.4564 57.8449 0.8929789 C=c1c(=C(O)C=CC=CN2CCCC2C(=O)O)c(=O)[nH]c(=O)n1C 1 C=c1[nH]c(=O)[nH]c(=O)c1=CC=CC=CN1CCCC1 1.0000000 1.0000 0.8059980 0.8060 0.8050668 4.0761
 | 11.2981 46.8227 -46.8227 0.0000000 CCN(C=CC=CC(O)=C1C(=O)NNC1=O)CC 1 C=C1C(=O)NNC1=O 1.0000000 1.0000 0.7695174 0.7695 0.8882190 3.6498
 | 9.4777 52.5323 57.6098 0.8604848 O=C1NC(=O)C(=C(O)C=CC=CN2CCCCC2)C(C(=O)O)N1 1 O=C1NCC(=CC=CC=CN2CCCCC2)C(=O)N1 1.0000000 1.0000 0.6919222 0.6919 0.8655691 3.7868
 | 19.2172 21.6051 -21.5863 0.0001466 O=C1CCOC(=O)N1 1 O=C1CCOC(=O)N1 0.0000000 0.0000 0.8612569 0.8613 0.9682046 2.7746
 | 8.7620 50.3800 56.9376 0.8384188 C=C1CCCC(=C(O)C=CC=CN2CCNC(=O)C2)C(=O)N1 1 C=C1CCCC(=CC=CC=CN2CCNC(=O)C2)C(=O)N1 1.0000000 1.0000 0.6500937 0.6501 0.8422911 3.9086
 | 7.0581 38.5396 -38.5396 0.0000000 O=C1NC(=O)C(=C(O)C=CC=CN2CCCC2)S1 1 O=C1NC(=O)C(=CC=CC=CN2CCCC2)S1 1.0000000 1.0000 0.5776469 0.5776 0.9060289 3.5238
 | 12.2282 50.6948 46.1276 0.7564251 CN1CCNC(=O)C1=C(O)C=CC=CN1CCCc2ccccc21 1 O=C1NCCNC1=CC=CC=CN1CCCc2ccccc21 1.0000000 1.0000 0.4515792 0.4516 0.9284039 3.3307
 | 28.2297 76.5112 17.7622 0.7365104 CC(=NNC(=O)NN=CC(C)=c1[nH]c(=O)c(=C(O)C=CC=CN2CC(CO)C(O)C(O)C2O)o1)[N+](=O)[O-] 1 C=c1[nH]c(=O)c(=CC=CC=CN2CCCCC2)o1 1.0000000 1.0000 0.8406948 0.8407 0.2720019 5.6413
01:52:45 <INFO> Score: 0.61 Agent NLL: 14.45 Valid:  99% Step: 138
 | Agent Prior Target Score SMILES SMILES_state Scaffold DASA DASA (raw) Solubility Solubility (raw) SA SA (raw)
 | 14.5523 56.2104 56.6015 0.8813430 COC1CN(C=CC=CC(O)=C2C(=O)NC(=S)OC2=O)C1 1 O=C1NC(=S)OC(=O)C1=CC=CC=CN1CCC1 1.0000000 1.0000 0.7420898 0.7421 0.8683848 3.7709
 | 8.2892 53.8817 58.6284 0.8789846 C=c1[nH]c(=O)[nH]c(=O)c1=C(O)C=CC=CN1C=CCC1 1 C=c1[nH]c(=O)[nH]c(=O)c1=CC=CC=CN1C=CCC1 1.0000000 1.0000 0.7894843 0.7895 0.7683345 4.2190
 | 16.3925 52.6585 58.8188 0.8709161 C=C1COCC(=C(O)C=CC=CN(C)CCO)C(=O)N1 1 C=C1COCC(=C)C(=O)N1 1.0000000 1.0000 0.7444705 0.7445 0.8112276 4.0502
 | 20.2448 56.8106 -56.8106 0.0000000 COC(=O)OCCN(C=CC=CC(O)=C1C(=O)NC(=O)NC1=O)CCO 1 C=C1C(=O)NC(=O)NC1=O 1.0000000 1.0000 0.7930495 0.7930 0.9185348 3.4218
 | 48.9922 101.4739 -52.1948 0.3849929 C=C1C(=O)ONC(=O)C(=C(O)C=CC=CN2C=CCC2)OC12OC1C34OC(=O)C(C)=CC3C(O)(CC)C(=O)OC4=C(C)C12C 1 C=C1C(=O)ONC(=O)C(=CC=CC=CN2C=CCC2)OC12OC1C2C=C2OC(=O)CC3C=CC(=O)OC231 1.0000000 1.0000 0.3242069 0.3242 0.0478286 6.9485
 | 25.7164 70.5276 22.9610 0.7303792 CCOC(=O)N1C2=CC(C(=C(O)C=C(C)C=CN(CCO)CCO)C2=O)N1C(=O)OCC 1 C=C1C(=O)C2=CC1NN2 1.0000000 1.0000 0.5753221 0.5753 0.5055741 4.9855
 | 17.1086 49.0273 58.0922 0.8368713 CC(C=CN1CCCCC1)=CC(O)=C1C(=O)NC(=O)NC1C(=O)O 1 O=C1NCC(=CC=CC=CN2CCCCC2)C(=O)N1 1.0000000 1.0000 0.6428306 0.6428 0.8507247 3.8663
 | 15.5820 53.7354 -53.7354 0.0000000 O=C1NC(C(=O)O)(C(=O)O)C1=C(O)C=CC=CN1CCNCC1 1 O=C1NCC1=CC=CC=CN1CCNCC1 1.0000000 1.0000 0.8313660 0.8314 0.8584717 3.8257
 | 12.4694 52.4546 41.7041 0.7356148 O=C1NC2CCC(O2)C1=C(O)C=CC=CN1CC(O)C1 1 O=C1NC2CCC(O2)C1=CC=CC=CN1CCC1 1.0000000 1.0000 0.7542748 0.7543 0.3267669 5.4709
 | 9.3174 52.5776 -52.5776 0.0000000 O=C1NNC(=O)C1=C(O)C=CC=CN1CCOCC1 1 O=C1NNC(=O)C1=CC=CC=CN1CCOCC1 1.0000000 1.0000 0.8189622 0.8190 0.9055154 3.5277
01:52:46 <INFO> Score: 0.68 Agent NLL: 15.47 Valid: 100% Step: 139
 | Agent Prior Target Score SMILES SMILES_state Scaffold DASA DASA (raw) Solubility Solubility (raw) SA SA (raw)
 | 14.1668 56.9823 47.1824 0.8137863 CC1=NN(c2ccccc2)NC(=O)C1=C(O)C=CC=CN1CC(=O)N(C)CC1=O 1 O=C1CN(C=CC=CC=C2C=NN(c3ccccc3)NC2=O)C(=O)CN1 1.0000000 1.0000 0.5729960 0.5730 0.8982849 3.5810
 | 21.2387 74.4064 35.3513 0.8574826 C=C(CO)C(=O)NC1C(=O)N2C(=O)NC(=O)C(=C(O)C=CC=CN3CC(OC)C3)C12 1 O=C1NC(=O)N2C(=O)CC2C1=CC=CC=CN1CCC1 1.0000000 1.0000 0.7970486 0.7970 0.6634903 4.5577
 | 10.8998 43.7403 -43.7403 0.0000000 CC1(C)OC(=O)C(=C(O)C=CC=CN2CC=CCC2)C(=O)O1 1 O=C1OCOC(=O)C1=CC=CC=CN1CC=CCC1 1.0000000 1.0000 0.5415222 0.5415 0.8724260 3.7476
 | 13.0576 49.1898 53.0469 0.7987240 O=C1CN(C=CC=CC(O)=C2OC3(CCCCC3)OC2=O)CCN1 1 O=C1CN(C=CC=CC=C2OC3(CCCCC3)OC2=O)CCN1 1.0000000 1.0000 0.5838284 0.5838 0.7881045 4.1443
 | 13.1142 46.9502 54.9792 0.7963237 CC1=CCCN1C=CC=CC(O)=C1OCCOC1=O 1 O=C1OCCOC1=CC=CC=CN1C=CCC1 1.0000000 1.0000 0.5644987 0.5645 0.8228304 3.9996
 | 10.6687 76.9938 40.4074 0.9171966 O=C1CCN(C=CC=CC(O)=c2c(=O)[nH][nH]c(=O)c2=C2C(=O)NNC2=O)N1 1 O=C1CCN(C=CC=CC=c2c(=O)[nH][nH]c(=O)c2=C2C(=O)NNC2=O)N1 1.0000000 1.0000 0.9165184 0.9165 0.7399132 4.3189
 | 17.3584 53.7349 50.6584 0.8155728 CC12CC(=C(O)C=CC=CN(CCO)CCO)C(=O)NC1OCO2 1 C=C1CC2OCOC2NC1=O 1.0000000 1.0000 0.7732052 0.7732 0.5378528 4.9012
 | 12.8190 43.8424 56.0246 0.7802113 CC1CN(C=CC=CC(O)=C2CCOC2=O)CC(C)O1 1 O=C1OCCC1=CC=CC=CN1CCOCC1 1.0000000 1.0000 0.5657422 0.5657 0.7362610 4.3312
 | 11.3835 59.6127 49.0199 0.8486926 C=CC1C(=C(O)C=CC=CN2CC(O)C2)C(=O)N1C 1 O=C1NCC1=CC=CC=CN1CCC1 1.0000000 1.0000 0.7390437 0.7390 0.7174091 4.3931
 | 16.2889 56.6550 48.1163 0.8185258 CC1=NNC(=O)C1=C(O)C=CC=CN1CC(C)OC1=O 1 O=C1NN=CC1=CC=CC=CN1CCOC1=O 1.0000000 1.0000 0.6576470 0.6576 0.7276668 4.3598
01:52:46 <INFO> Score: 0.63 Agent NLL: 15.10 Valid: 100% Step: 140
 | Agent Prior Target Score SMILES SMILES_state Scaffold DASA DASA (raw) Solubility Solubility (raw) SA SA (raw)
 | 18.0618 61.3635 22.7439 0.6570886 CN1C(=O)C(=C(O)C=C(O)C=CN2CCSCC2)C1C=CC=CCCCC(=O)O 1 O=C1NCC1=CC=CC=CN1CCSCC1 1.0000000 1.0000 0.3433975 0.3434 0.7159463 4.3978
 | 6.9560 48.2731 -48.2731 0.0000000 C=C1CCC(=C(O)C=CC=CN2CCNC(=O)C2)C(=O)N1 1 C=C1CCC(=CC=CC=CN2CCNC(=O)C2)C(=O)N1 1.0000000 1.0000 0.6996766 0.6997 0.8311535 3.9617
 | 17.7561 48.2327 64.6572 0.8819525 CN(C=CC=CC(O)=C1OC(=N)N(C)C1=O)CCO 1 C=C1OC(=N)NC1=O 1.0000000 1.0000 0.7750925 0.7751 0.8076414 4.0653
 | 13.1793 60.7328 53.4840 0.8923187 O=C1CNC(=O)C(=C(O)C=CC=CN2CC=CCC2)C(=O)NN1 1 O=C1CNC(=O)C(=CC=CC=CN2CC=CCC2)C(=O)NN1 1.0000000 1.0000 0.7853248 0.7853 0.8392546 3.9234
 | 16.4924 51.3979 60.2462 0.8722194 CCN1C(=N)N(C)C(=O)C(=C(O)C=CC=CN2CCOCC2)C1=O 1 N=C1NC(=O)C(=CC=CC=CN2CCOCC2)C(=O)N1 1.0000000 1.0000 0.7001622 0.7002 0.9103062 3.4904
 | 41.1783 72.2346 -72.2188 0.0001238 CC1=CC(=C(O)C=CC=CN(C)CCOCCOCCOCCOCCOCCOCCO[N+](=O)[O-])CS(=O)(=O)O1 1 C=C1C=COS(=O)(=O)C1 0.0000000 0.0000 0.5669791 0.5670 0.8276631 3.9778
 | 10.8301 48.9268 46.8856 0.7485346 C=CC1(C)OC(=O)C(=C(O)C=CC=CN2CCCC2)O1 1 O=C1OCOC1=CC=CC=CN1CCCC1 1.0000000 1.0000 0.5007905 0.5008 0.7331859 4.3415
 | 11.1260 56.9957 -56.9957 0.0000000 CN1CCCN(C=CC=CC(O)=C2C(=O)NNC2=O)CC1 1 O=C1NNC(=O)C1=CC=CC=CN1CCCNCC1 1.0000000 1.0000 0.7834402 0.7834 0.9152183 3.4502
 | 25.4094 61.2071 39.1820 0.7842898 COC=C1OC(=O)C2C(=C(O)C=CC=CN3CCNCC3)C(=O)CC(O)C12 1 C=C1OC(=O)C2C(=CC=CC=CN3CCNCC3)C(=O)CCC12 1.0000000 1.0000 0.6762590 0.6763 0.5537376 4.8594
 | 20.3968 70.8260 11.0272 0.6394778 CC(=CC=CC=C1NC(=O)C(=C(O)C=CC=CN2CCC(=O)NC2=O)SS1)N1CCOCC1 1 O=C1CCN(C=CC=CC=C2SSC(=CC=CC=CN3CCOCC3)NC2=O)C(=O)N1 1.0000000 1.0000 0.3042020 0.3042 0.7674500 4.2222
01:52:47 <INFO> Sampled SMILES O=C1C(=C(O)C=CC=CN2CCC(O)C2)C2N(C(C(O)=O)=C(Cn3ccc(=O)n(CCC(O)=O)c3O)CC2)C1C(=O)O failed to sanitize.
01:52:47 <INFO> Score: 0.60 Agent NLL: 14.44 Valid:  99% Step: 141
 | Agent Prior Target Score SMILES SMILES_state Scaffold DASA DASA (raw) Solubility Solubility (raw) SA SA (raw)
 | 14.3820 59.3296 49.5053 0.8502723 CCN1C(=O)NC(=O)C(=C(O)C=CC=CN2CCC(C)=N2)C1=O 1 O=C1NC(=O)C(=CC=CC=CN2CCC=N2)C(=O)N1 1.0000000 1.0000 0.6540221 0.6540 0.8972074 3.5886
 | 19.2595 57.5121 18.5393 0.5941511 CC12CC=C3CC(=O)C=CC3C1CNC(=O)C2=C(O)C=CC=CN1CCCC1 1 O=C1C=CC2C(=CCC3C(=CC=CC=CN4CCCC4)C(=O)NCC23)C1 1.0000000 1.0000 0.3021372 0.3021 0.5279605 4.9271
 | 15.6770 17.6415 -17.6258 0.0001227 c1ccc2cc(N3CCNCC3)ccc2c1 1 c1ccc2cc(N3CCNCC3)ccc2c1 0.0000000 0.0000 0.4970694 0.4971 0.9928538 1.7858
 | 7.5734 49.3609 -49.3609 0.0000000 CN1C(=O)C(=O)N(C=CC=CC(O)=C2C(=O)NC(=O)NC2=O)C1=O 1 O=C1NC(=O)C(=CC=CC=CN2C(=O)NC(=O)C2=O)C(=O)N1 1.0000000 1.0000 0.8230308 0.8230 0.9074848 3.5126
 | 22.4984 59.2858 45.9663 0.8222825 CC1(C)CNC(=O)C(=C(O)C=CC=CN2CCCOC(CO)C2)O1 1 O=C1NCCOC1=CC=CC=CN1CCCOCC1 1.0000000 1.0000 0.6615073 0.6615 0.7377766 4.3261
 | 21.9723 63.1393 -63.1259 0.0001050 CC(C=CN1CCOCC1)=CC(O)=C1C(C(=O)O)N2C(=O)C(=NC(=O)C(NOC(C)(C)C(=O)O)c3ccccc3)C2CS1(=O)=O 1 O=C(Cc1ccccc1)N=C1C(=O)N2CC(=CC=CC=CN3CCOCC3)S(=O)(=O)CC12 0.0000000 0.0000 0.4735103 0.4735 0.4785105 5.0560
 | 10.0559 50.4190 -50.4190 0.0000000 CC(C=CN(CCO)CCO)=CC(O)=C1C(=O)NC(=O)NC1=O 1 C=C1C(=O)NC(=O)NC1=O 1.0000000 1.0000 0.8358171 0.8358 0.9062609 3.5220
 | 12.5388 53.2964 37.1123 0.7063175 O=C1NNC(=O)C(=C(O)C=CC=CN2CCCc3ccccc32)S1 1 O=C1NNC(=O)C(=CC=CC=CN2CCCc3ccccc32)S1 1.0000000 1.0000 0.3735128 0.3735 0.9030573 3.5462
 | 11.9505 17.5185 -17.5006 0.0001405 O=C1CNC(=O)c2ccccc2N1 1 O=C1CNC(=O)c2ccccc2N1 0.0000000 0.0000 0.7487986 0.7488 0.9878725 2.1336
 | 9.6469 53.8822 49.1797 0.8051709 CC1(C)OC(=O)C(=CC=c2[nH]c(=O)c(=C(O)C=CC=CN3C=CCC3)o2)C(=O)O1 1 O=C1OCOC(=O)C1=CC=c1[nH]c(=O)c(=CC=CC=CN2C=CCC2)o1 1.0000000 1.0000 0.6353721 0.6354 0.7089459 4.4200
01:52:48 <INFO> Sampled SMILES N1C(=O)C(=C(O)C=CC=CN(CCO)CCO)NC(=O)C1NC(C(=CC=CN(C)C)=O)O failed to sanitize.
01:52:48 <INFO> Score: 0.62 Agent NLL: 13.83 Valid:  99% Step: 142
 | Agent Prior Target Score SMILES SMILES_state Scaffold DASA DASA (raw) Solubility Solubility (raw) SA SA (raw)
 | 11.6921 52.2352 55.7082 0.8433079 O=C1CN(C=CC=CC(O)=C2C(=O)NC(O)C3OC23)CCN1 1 O=C1CN(C=CC=CC=C2C(=O)NCC3OC23)CCN1 1.0000000 1.0000 0.8446710 0.8447 0.5491920 4.8714
 | 8.3729 45.5479 66.7869 0.8776154 C=C1C(=O)OC(=C(O)C=CC=CN2CCNCC2)C1=O 1 C=C1C(=O)OC(=CC=CC=CN2CCNCC2)C1=O 1.0000000 1.0000 0.7364665 0.7365 0.8606561 3.8139
 | 10.4112 57.5407 50.5589 0.8445286 CC1=NN(C)NC(=O)C1=C(O)C=CC=CN1CCCO1 1 O=C1NNN=CC1=CC=CC=CN1CCCO1 1.0000000 1.0000 0.6943678 0.6944 0.7797289 4.1765
 | 10.5696 45.2073 -45.2073 0.0000000 O=C1CC(O)C(=C(O)C=CC=CN2CCOCC2)C1=O 1 O=C1CCC(=CC=CC=CN2CCOCC2)C1=O 1.0000000 1.0000 0.7596199 0.7596 0.8329217 3.9535
 | 17.2072 81.0937 28.3802 0.8552648 NC1CCN(C=CC=CC(O)=c2c(=O)[nH]c(=CC(O)=C3C(=O)NNC3=O)oc2=O)C1 1 O=C1NNC(=O)C1=CC=c1[nH]c(=O)c(=CC=CC=CN2CCCC2)c(=O)o1 1.0000000 1.0000 0.8675736 0.8676 0.5642765 4.8316
 | 11.6139 52.3067 48.5702 0.7881011 C=C1C(=O)OC(=O)C1=C(O)C=CC=CN1CC(C)OC(C)C1 1 C=C1C(=O)OC(=O)C1=CC=CC=CN1CCOCC1 1.0000000 1.0000 0.5891471 0.5891 0.7230418 4.3749
 | 24.4797 71.0874 29.3822 0.7849182 CC(O)C1=C(N=CN(C)C)C(=O)NC(=O)C1=C(O)C=CC=CN1CC(C(=O)O)OCC1C 1 O=C1C=CC(=CC=CC=CN2CCOCC2)C(=O)N1 1.0000000 1.0000 0.6866858 0.6867 0.5413792 4.8919
 | 12.8582 60.0655 51.1445 0.8688275 CN1C(=O)NC(C(=O)O)C(=C(O)C=CC=CN2CCO2)C1=O 1 O=C1NCC(=CC=CC=CN2CCO2)C(=O)N1 1.0000000 1.0000 0.7736581 0.7737 0.7489284 4.2880
 | 17.2701 65.3233 49.6280 0.8980567 O=C1NC(=C2C(=O)NC(=S)NC2=O)S(=O)(=O)NC1=C(O)C=CC=CN1CCNCC1 1 O=C1NC(=C2C(=O)NC(=S)NC2=O)S(=O)(=O)NC1=CC=CC=CN1CCNCC1 1.0000000 1.0000 0.8215445 0.8215 0.8021216 4.0882
 | 12.5625 65.9707 33.9429 0.7805749 CC(=C1CSC2NC(=O)C(=C(O)C=CC=CN(CCO)CCO)CN12)N1CCCC1 1 C=C1CN2C(=CN3CCCC3)CSC2NC1=O 1.0000000 1.0000 0.6088602 0.6089 0.6490388 4.5995
01:52:48 <INFO> Sampled SMILES N1C(=O)C(=C(O)C=CC=CN(CCOC=O)CCO)C(C)=C(C)N2C(=O)CC(=NC(=CC)C)NC12=O failed to sanitize.
01:52:49 <INFO> Score: 0.65 Agent NLL: 15.35 Valid:  99% Step: 143
 | Agent Prior Target Score SMILES SMILES_state Scaffold DASA DASA (raw) Solubility Solubility (raw) SA SA (raw)
 | 9.9906 44.4644 64.9831 0.8550582 O=C1NC(=O)C(=C(O)C=CC=CN2CCCC2)CO1 1 O=C1NC(=O)C(=CC=CC=CN2CCCC2)CO1 1.0000000 1.0000 0.6650306 0.6650 0.8974378 3.5870
 | 17.2381 49.4644 41.1516 0.7079374 O=C1C(=C(O)C=CC=CN2SCCC2=O)C(=O)c2ccccc21 1 O=C1C(=CC=CC=CN2SCCC2=O)C(=O)c2ccccc21 1.0000000 1.0000 0.3721349 0.3721 0.9199141 3.4097
 | 13.6824 19.2896 -19.2707 0.0001482 CCN=C(N)N=C(N)N 1  0.0000000 0.0000 0.9056507 0.9057 0.9385145 3.2245
 | 10.6650 51.8419 54.8955 0.8338858 C=CCC1C(=O)OC(=C(O)C=CC=CN2CCNC(=O)C2)C1=O 1 O=C1CN(C=CC=CC=C2OC(=O)CC2=O)CCN1 1.0000000 1.0000 0.7080595 0.7081 0.7049973 4.4325
 | 12.2471 56.3111 51.6030 0.8430787 COCC1=C(C)C(=C(O)C=CC=CN2CCOCC2)C(=O)NN1C 1 O=C1NNC=CC1=CC=CC=CN1CCOCC1 1.0000000 1.0000 0.6440763 0.6441 0.8813881 3.6934
 | 13.1548 52.1189 63.7801 0.9054607 C=c1nc(C)[nH]c(=O)c1=C(O)C=C(C)C=CN(CCO)CCO 1 C=c1nc[nH]c(=O)c1=C 1.0000000 1.0000 0.8219889 0.8220 0.8366622 3.9358
 | 32.5262 92.6125 -92.6125 0.0000000 N1C(=O)C(=C(O)C=CC=CN(CCOC=O)CCO)C(C)=C(C)N2C(=O)CC(=NC(=CC)C)NC12=O 0 -- 0.0000000 0.0000 0.0000000 0.0000 0.0000000 0.0000
 | 15.2409 60.9603 50.4312 0.8702454 CC1=CC(=O)C(O)C(=C(O)C=CC=CN2CCNCC2)C(=O)N1 1 O=C1C=CNC(=O)C(=CC=CC=CN2CCNCC2)C1 1.0000000 1.0000 0.7614406 0.7614 0.7767048 4.1879
 | 13.0490 57.6541 50.3685 0.8439272 COCCN1C=C(C(=O)OC)C(=C(O)C=CC=CN2CCCC(O)C2)C(=O)N1 1 O=C1NNC=CC1=CC=CC=CN1CCCCC1 1.0000000 1.0000 0.6879390 0.6879 0.7895666 4.1386
 | 20.7261 78.8335 27.8748 0.8336591 CN(C)CC(O)=CC=C1NC(=O)C(=C(O)C=CC=CN2CCNC(=O)C2)C(C(=O)O)N1 1 C=C1NCC(=CC=CC=CN2CCNC(=O)C2)C(=O)N1 1.0000000 1.0000 0.7448955 0.7449 0.6442027 4.6133
01:52:50 <INFO> Score: 0.59 Agent NLL: 15.07 Valid:  99% Step: 144
 | Agent Prior Target Score SMILES SMILES_state Scaffold DASA DASA (raw) Solubility Solubility (raw) SA SA (raw)
 | 19.7536 70.1534 44.3626 0.8946568 O=C1CCN(C=CC=CC(O)=C2CN3C(=O)C(=C4C(=O)NC(=O)NC4=O)N=C3NC2=O)N1 1 O=C1CCN(C=CC=CC=C2CN3C(=O)C(=C4C(=O)NC(=O)NC4=O)N=C3NC2=O)N1 1.0000000 1.0000 0.8269869 0.8270 0.7772732 4.1858
 | 20.0225 67.3237 15.5784 0.6476726 CC12C=CC(=O)CC1=CC(O)C1=CNC(=O)C(=C(O)C=CC=CN3CCC(O)C3)C12C 1 O=C1C=CC2C(=CCC3=CNC(=O)C(=CC=CC=CN4CCCC4)C32)C1 1.0000000 1.0000 0.4805855 0.4806 0.3685682 5.3507
 | 13.0632 65.5495 46.0903 0.8721859 C=C1CCCN1C=CC=CC(O)=c1oc(=C2C(=O)NNC2=O)[nH]c1=O 1 C=C1CCCN1C=CC=CC=c1oc(=C2C(=O)NNC2=O)[nH]c1=O 1.0000000 1.0000 0.8057242 0.8057 0.7118219 4.4109
 | 10.6543 51.7647 60.0276 0.8733770 NC1=NNC(=O)C1=C(O)C=CC=CN1CCSCC1 1 O=C1NN=CC1=CC=CC=CN1CCSCC1 1.0000000 1.0000 0.7416584 0.7417 0.8288047 3.9726
 | 16.1147 57.4647 42.4660 0.7807089 CC1=NN(c2ccccc2)C(=O)C1=C1C(=O)NC(=O)C1=C(O)C=CC=CN(C)C 1 C=C1C(=O)NC(=O)C1=C1C=NN(c2ccccc2)C1=O 1.0000000 1.0000 0.4916120 0.4916 0.9445580 3.1529
 | 24.2578 95.8865 8.4306 0.8149767 O=C1CNNC1=C(O)C=CC=CN1OC(=O)C(=C(O)C=CC=CN2CCC(O)CC2)C1=O 1 O=C1CNNC1=CC=CC=CN1OC(=O)C(=CC=CC=CN2CCCCC2)C1=O 1.0000000 1.0000 0.6630565 0.6631 0.7011303 4.4445
 | 8.7903 54.5096 50.2514 0.8184451 CC(=O)N=C1NC(=O)C(=C(O)C=CC=CN2CCOC(CO)C2)CS1 1 N=C1NC(=O)C(=CC=CC=CN2CCOCC2)CS1 1.0000000 1.0000 0.6879262 0.6879 0.6721973 4.5322
 | 17.1560 56.3186 35.5369 0.7176217 C=C1CCCC(=C(O)C=CC=CN2CCCC(C)(O)C2)C(=O)N1 1 C=C1CCCC(=CC=CC=CN2CCCCC2)C(=O)N1 1.0000000 1.0000 0.4455385 0.4455 0.7209457 4.3817
 | 18.1080 66.6647 34.6656 0.7916425 NC1=NC(=O)C(=C(O)C=CC=CN2CCCC(CO)C2)C([N-]C=O)=C1 1 O=C1N=CC=CC1=CC=CC=CN1CCCCC1 1.0000000 1.0000 0.6668692 0.6669 0.5959455 4.7469
 | 13.8927 62.4717 48.2367 0.8649095 CC1(C)OC(=O)NC(=O)C(=C(O)C=CC=CN2CN(CCO)C2=O)C(=O)O1 1 O=C1NC(=O)C(=CC=CC=CN2CNC2=O)C(=O)OCO1 1.0000000 1.0000 0.7049955 0.7050 0.8605374 3.8145
01:52:50 <INFO> Score: 0.66 Agent NLL: 15.03 Valid: 100% Step: 145
 | Agent Prior Target Score SMILES SMILES_state Scaffold DASA DASA (raw) Solubility Solubility (raw) SA SA (raw)
 | 11.4046 46.9681 -46.9681 0.0000000 O=C1C(=C(O)C=CC=CN2CCOCC2)C(C(F)(F)F)=NN1c1ccccc1 1 O=C1C(=CC=CC=CN2CCOCC2)C=NN1c1ccccc1 1.0000000 1.0000 0.2924515 0.2925 0.9479020 3.1101
 | 25.8969 28.4471 -28.4321 0.0001176 O=C(NN=Cc1ccccc1O)c1cc2ccccc2c(=O)o1 1 O=C(NN=Cc1ccccc1)c1cc2ccccc2c(=O)o1 0.0000000 0.0000 0.4393294 0.4393 0.9860377 2.2266
 | 12.7045 50.6381 61.8904 0.8791291 O=C1NC(=O)C(=C(O)C=CC=CN2SCCC2=O)C(=O)N1 1 O=C1NC(=O)C(=CC=CC=CN2SCCC2=O)C(=O)N1 1.0000000 1.0000 0.7390451 0.7390 0.8631819 3.8001
 | 9.4710 54.6434 -54.6434 0.0000000 O=C1NNC(=O)C1=C(O)C=CC=CN1CCNCC1 1 O=C1NNC(=O)C1=CC=CC=CN1CCNCC1 1.0000000 1.0000 0.8438384 0.8438 0.8856100 3.6667
 | 19.3549 66.2617 33.2681 0.7775767 CC1=NC(=C(O)C=CC=CN2C=CNN2)C(=O)NC2CCCCN12 1 O=C1NC2CCCCN2C=NC1=CC=CC=CN1C=CNN1 1.0000000 1.0000 0.6444524 0.6445 0.5758615 4.8008
 | 11.8464 46.4381 43.9053 0.7058077 O=C1NC(=S)SC1=C(O)C=CC=CN1SCCS1 1 O=C1NC(=S)SC1=CC=CC=CN1SCCS1 1.0000000 1.0000 0.4361426 0.4361 0.6858889 4.4912
 | 15.0911 54.5481 59.2503 0.8890505 CC1(N)CC(=C(O)C=CC=CN(CCO)CCO)C(=O)NC1=O 1 C=C1CCC(=O)NC1=O 1.0000000 1.0000 0.8353627 0.8354 0.7388945 4.3224
 | 21.2670 61.0472 42.7430 0.8108608 O=C1NOC(=O)C1=C(O)C=CC=CN1CCC(=O)C2OC(O)C(O)C(O)C21 1 O=C1NOC(=O)C1=CC=CC=CN1CCC(=O)C2OCCCC21 1.0000000 1.0000 0.8574561 0.8575 0.4353586 5.1694
 | 11.4787 58.1735 57.1996 0.9013525 C=c1[nH]c(=NC(C)=O)[nH]c(=O)c1=C(O)C=CC=CN1CCNCC1 1 C=c1[nH]c(=N)[nH]c(=O)c1=CC=CC=CN1CCNCC1 1.0000000 1.0000 0.8339780 0.8340 0.7964830 4.1111
 | 10.4628 44.6204 59.0359 0.8098148 O=C1CCOC1=C(O)C=CC=CN1CCSCC1 1 O=C1CCOC1=CC=CC=CN1CCSCC1 1.0000000 1.0000 0.5827260 0.5827 0.8500847 3.8696
01:52:51 <INFO> Sampled SMILES N1C(=O)C(=C(O)C=CC=CN(CCO)CCO)(O)NC1=O failed to sanitize.
01:52:51 <INFO> Score: 0.64 Agent NLL: 15.10 Valid:  99% Step: 146
 | Agent Prior Target Score SMILES SMILES_state Scaffold DASA DASA (raw) Solubility Solubility (raw) SA SA (raw)
 | 15.8871 60.3445 44.3881 0.8182227 O=C1NC(=O)C(=C(O)C=CC=CN2OCCC2=O)C1=NOCc1ccccc1 1 O=C1NC(=O)C(=NOCc2ccccc2)C1=CC=CC=CN1OCCC1=O 1.0000000 1.0000 0.5792839 0.5793 0.9068080 3.5178
 | 8.1827 50.5225 60.6966 0.8688999 O=C1CN(C=CC=CC(O)=C2C(=O)NC(=O)N3CCCC23)CCN1 1 O=C1CN(C=CC=CC=C2C(=O)NC(=O)N3CCCC23)CCN1 1.0000000 1.0000 0.7314980 0.7315 0.8264530 3.9833
 | 12.2435 43.9403 69.7571 0.8882608 CN(C)C=CC=CC(O)=C1C=NNNC1=O 1 C=C1C=NNNC1=O 1.0000000 1.0000 0.7981581 0.7982 0.7964928 4.1111
 | 12.4508 50.5140 59.7708 0.8616003 CCN1CC(=O)N(C=CC=CC(O)=C2C(=O)OC(C)(C)OC2=O)CC1=O 1 O=C1CN(C=CC=CC=C2C(=O)OCOC2=O)C(=O)CN1 1.0000000 1.0000 0.6840847 0.6841 0.8890239 3.6445
 | 21.8405 63.3840 42.5343 0.8274873 CC(=O)OCC1C(=S)NC(=O)C1=C(O)C=C(C)C=CN1CC1 1 O=C1NC(=S)CC1=CC=CC=CN1CC1 1.0000000 1.0000 0.6410794 0.6411 0.8056589 4.0736
 | 17.5011 60.3638 56.2839 0.9113100 C=c1c(=O)c(=O)c1=C(O)C=CC=C(C)N1CCCNCC1 1 C=c1c(=O)c(=O)c1=CC=CC=CN1CCCNCC1 1.0000000 1.0000 0.8085557 0.8086 0.8907479 3.6330
 | 19.2190 49.4718 -49.4540 0.0001387 CN(CC=CC=CC=CC=CC(O)=C1C(=O)NNC1=O)CCO 1 C=C1C(=O)NNC1=O 0.0000000 0.0000 0.7675666 0.7676 0.8842428 3.6755
 | 11.5004 50.8033 -50.8033 0.0000000 CN(C=CC=CC(O)=C1C(=O)NNC1=O)CCO 1 C=C1C(=O)NNC1=O 1.0000000 1.0000 0.8582633 0.8583 0.8732554 3.7427
 | 10.3605 43.0245 56.9373 0.7809523 O=C1C=CCC1=C(O)C=CC=CN1CCCC1 1 O=C1C=CCC1=CC=CC=CN1CCCC1 1.0000000 1.0000 0.5072420 0.5072 0.8956780 3.5993
 | 13.4088 57.1745 50.2787 0.8394781 C=c1c(=C(O)C=CC=CN2CCC(N=[N+]=[N-])C2)c(=O)[nH]c(=O)n1C 1 C=c1[nH]c(=O)[nH]c(=O)c1=CC=CC=CN1CCCC1 1.0000000 1.0000 0.7514662 0.7515 0.6579725 4.5738
01:52:52 <INFO> Score: 0.65 Agent NLL: 14.29 Valid: 100% Step: 147
 | Agent Prior Target Score SMILES SMILES_state Scaffold DASA DASA (raw) Solubility Solubility (raw) SA SA (raw)
 | 14.0397 49.1686 66.7887 0.9059161 C=C1NCCN1C=CC=CC(O)=C1C(=O)NC(=O)C1=O 1 C=C1NCCN1C=CC=CC=C1C(=O)NC(=O)C1=O 1.0000000 1.0000 0.8066168 0.8066 0.8670500 3.7785
 | 9.1824 58.4349 51.2281 0.8567423 COC1CN(C=CC=CC(O)=C2SC(=O)NNC2=O)C1 1 O=C1NNC(=O)C(=CC=CC=CN2CCC2)S1 1.0000000 1.0000 0.7089752 0.7090 0.8106980 4.0524
 | 45.6900 50.5062 -50.5003 0.0000462 CCC1C(=O)OC(=O)C=CC2=CCCC3(C)C2C(O)CC2COC(CC4CC(=O)CCC41C)C23 1 O=C1CCC2CC(=O)OC(=O)C=CC3=CCCC4C3CCC3COC(CC2C1)C34 0.0000000 0.0000 0.1375042 0.1375 0.0560853 6.8391
 | 17.5333 49.4014 51.1021 0.7851832 CCN1C(=O)C(=C(O)C=CC=CN2CCCC(C(=O)O)C2)C1C 1 O=C1NCC1=CC=CC=CN1CCCCC1 1.0000000 1.0000 0.5531738 0.5532 0.7917533 4.1300
 | 12.3420 50.1340 49.8578 0.7811861 CC1CN(C=CC=CC(O)=C2OC(=O)C(C)C2=O)C(=O)O1 1 O=C1CC(=O)C(=CC=CC=CN2CCOC2=O)O1 1.0000000 1.0000 0.6213543 0.6214 0.6289520 4.6562
 | 9.5881 51.5703 56.8417 0.8469688 C=c1nc(C)[nH]c(=O)c1=C(O)C=CC=CN1C=CCC1 1 C=c1nc[nH]c(=O)c1=CC=CC=CN1C=CCC1 1.0000000 1.0000 0.7128468 0.7128 0.7560673 4.2631
 | 14.4394 52.4936 52.6458 0.8214014 CCN1C(=O)CN(C=CC=CC(O)=C2CSCN(C)C2=O)C1=O 1 O=C1CN(C=CC=CC=C2CSCNC2=O)C(=O)N1 1.0000000 1.0000 0.6104456 0.6104 0.8443720 3.8983
 | 12.6480 58.3255 58.0279 0.9090110 NC1=NNC(=O)C(=C(O)C=CC=CN2CCC(CO)CC2)C(=O)N1 1 O=C1NC=NNC(=O)C1=CC=CC=CN1CCCCC1 1.0000000 1.0000 0.8048227 0.8048 0.8861607 3.6632
 | 22.0373 48.8214 -48.8038 0.0001381 NC(C(=O)O)C(O)=C1C(=O)NN=CNC1CO 1 C=C1CNC=NNC1=O 0.0000000 0.0000 0.9209003 0.9209 0.6278688 4.6592
 | 10.8417 58.1784 -58.1784 0.0000000 O=C1NC(=O)C(=C(O)C=CC=CN(CCO)CCO)C1=CN(CCO)CCO 1 C=C1C(=C)C(=O)NC1=O 1.0000000 1.0000 0.8730580 0.8731 0.8659616 3.7846
01:52:53 <INFO> Score: 0.60 Agent NLL: 15.01 Valid: 100% Step: 148
 | Agent Prior Target Score SMILES SMILES_state Scaffold DASA DASA (raw) Solubility Solubility (raw) SA SA (raw)
 | 12.5271 68.6201 46.3556 0.8982471 CC(=O)N=C1CNC(=O)C(=C(O)C=CC=CN2CC(=O)N(C)CC2=O)C(=O)N1 1 N=C1CNC(=O)C(=CC=CC=CN2CC(=O)NCC2=O)C(=O)N1 1.0000000 1.0000 0.8095335 0.8095 0.8239807 3.9945
 | 9.5232 55.0639 -55.0639 0.0000000 O=C1NC(=O)C(=C(O)C=CC=CN2CCSCC2)C(C(=O)O)N1 1 O=C1NCC(=CC=CC=CN2CCSCC2)C(=O)N1 1.0000000 1.0000 0.7179740 0.7180 0.7955760 4.1148
 | 31.0728 76.7694 22.0902 0.7723408 C=C1C(O)C2C(CCN2C)N1C=CC=CC(O)=C1C(=O)NC(OCOC)=C1[O-] 1 C=C1CC2NCCC2N1C=CC=CC=C1C=CNC1=O 1.0000000 1.0000 0.7596855 0.7597 0.4167616 5.2189
 | 9.5496 56.4144 55.8398 0.8769859 COC=C1C(=O)OC(=C(O)C=CC=CN2CC(O)C2)C1=O 1 C=C1C(=O)OC(=CC=CC=CN2CCC2)C1=O 1.0000000 1.0000 0.7531542 0.7532 0.8244503 3.9924
 | 26.3107 63.2236 27.1511 0.7060520 COCCONC=CC=CC(O)=C1C(=O)N2C1SCC(=CSc1ncccn1)C2C(=O)O 1 C=C1C(=O)N2CC(=CSc3ncccn3)CSC12 1.0000000 1.0000 0.4690848 0.4691 0.6049266 4.7225
 | 9.9539 43.0279 -43.0279 0.0000000 CC1C(=O)OC(=C(O)C=CC=CN2CCCCC2)C1=O 1 O=C1CC(=O)C(=CC=CC=CN2CCCCC2)O1 1.0000000 1.0000 0.5450993 0.5451 0.8293523 3.9700
 | 10.0855 46.7028 60.5847 0.8381837 O=C1NCCCOC(=O)C1=C(O)C=CC=CN1CCCCC1 1 O=C1NCCCOC(=O)C1=CC=CC=CN1CCCCC1 1.0000000 1.0000 0.6132570 0.6133 0.9314430 3.3003
 | 15.5559 51.2027 53.8765 0.8209306 C=C1CCC(=C(O)C=CC=CN2CC(=O)N(CC)CC2=O)C1=O 1 C=C1CCC(=CC=CC=CN2CC(=O)NCC2=O)C1=O 1.0000000 1.0000 0.6063421 0.6063 0.8518298 3.8606
 | 11.8838 55.7923 47.0523 0.8034735 CN1NC(=O)C(=C(O)C=CC=CN2CCNC(=O)C2)C2C=CC=CC21 1 O=C1CN(C=CC=CC=C2C(=O)NNC3C=CC=CC23)CCN1 1.0000000 1.0000 0.6929346 0.6929 0.6024060 4.7293
 | 9.9116 50.8840 58.2149 0.8523356 CCN1C(=O)CN(C=CC=CC(O)=C2CCCNC2=O)C1=O 1 O=C1CN(C=CC=CC=C2CCCNC2=O)C(=O)N1 1.0000000 1.0000 0.6618624 0.6619 0.8899433 3.6384
01:52:54 <INFO> Score: 0.63 Agent NLL: 15.15 Valid: 100% Step: 149
 | Agent Prior Target Score SMILES SMILES_state Scaffold DASA DASA (raw) Solubility Solubility (raw) SA SA (raw)
 | 23.9392 77.5636 25.9546 0.8087360 O=C1NC(=O)C(=CC=CC2=CCOC(=O)C(=C(O)C=CC=CN3CC(O)C(O)C3CO)C(=O)N2)C(=O)N1 1 O=C1NC(=O)C(=CC=CC2=CCOC(=O)C(=CC=CC=CN3CCCC3)C(=O)N2)C(=O)N1 1.0000000 1.0000 0.7953740 0.7954 0.4897624 5.0267
 | 16.3699 57.5775 43.5174 0.7898043 CC1NC(=O)C(=C(O)C=CC=CN2CCC(O)C(C)(C)C2)C(=O)O1 1 O=C1NCOC(=O)C1=CC=CC=CN1CCCCC1 1.0000000 1.0000 0.6402390 0.6402 0.6322351 4.6470
 | 11.9158 51.4910 25.7302 0.6032907 C=C1CCC(=C(O)C=CC=CN2CCCc3ccccc32)C(=O)N1 1 C=C1CCC(=CC=CC=CN2CCCc3ccccc32)C(=O)N1 1.0000000 1.0000 0.2311213 0.2311 0.9142069 3.4586
 | 13.3724 49.9844 68.4180 0.9250190 O=C1NC(=S)NC(=O)C1=CC=c1[nH]c(=O)[nH]c(=O)c1=C(O)C=CC=CN(CCO)CCO 1 C=c1c(=O)[nH]c(=O)[nH]c1=CC=C1C(=O)NC(=S)NC1=O 1.0000000 1.0000 0.8889876 0.8890 0.8160623 4.0294
 | 12.1343 50.9340 67.9239 0.9285771 C=c1c(=O)c1=C(O)C=C(O)C=CN(CCO)CCO 1 C=c1c(=C)c1=O 1.0000000 1.0000 0.8857054 0.8857 0.8380852 3.9290
 | 6.6765 48.3380 -48.3380 0.0000000 NC1=NC(=O)NC(=O)C1=C(O)C=CC=CN(CCO)CCO 1 C=C1C=NC(=O)NC1=O 1.0000000 1.0000 0.8512003 0.8512 0.8805915 3.6984
 | 32.2431 92.5960 -0.2312 0.7215999 CN(C)C1=C(C=Nc2ccccc2)C(=O)N(C)C2C(=C(O)C=CC=CN3CC(=O)C(O)C(O)C3)C(=O)NC(C(=O)O)=C12 1 O=C1CCCN(C=CC=CC=C2C(=O)NC=C3C=C(C=Nc4ccccc4)C(=O)NC32)C1 1.0000000 1.0000 0.5673050 0.5673 0.4862698 5.0358
 | 18.2721 61.2213 46.6724 0.8429192 CCOCC1CN(C=CC=CC(O)=C2C(=O)C2NC(C)=O)CCO1 1 O=C1CC1=CC=CC=CN1CCOCC1 1.0000000 1.0000 0.6994660 0.6995 0.7621397 4.2414
 | 16.9043 56.3162 47.6331 0.8121042 O=C1CSN(C=CC=CC(O)=C2OC(O)CC2=O)N1 1 O=C1CSN(C=CC=CC=C2OCCC2=O)N1 1.0000000 1.0000 0.7544305 0.7544 0.5490704 4.8717
 | 18.3637 77.0184 22.3200 0.7760816 C=C(C)C1=C(C=CC=CN2CC2)NC(=O)C1=C(O)C=CC=CN1CC(N)C1 1 O=C1NC(C=CC=CN2CC2)=CC1=CC=CC=CN1CCC1 1.0000000 1.0000 0.5438752 0.5439 0.7671671 4.2232
01:52:54 <INFO> Sampled SMILES N1C(=O)C(=C(O)C=CC=CN2CC(OC)CC2C(=O)N)(C)OC1(CO)CO failed to sanitize.
01:52:55 <INFO> Score: 0.68 Agent NLL: 15.15 Valid:  99% Step: 150
 | Agent Prior Target Score SMILES SMILES_state Scaffold DASA DASA (raw) Solubility Solubility (raw) SA SA (raw)
 | 13.6469 56.4401 49.5209 0.8278202 CC1=NOC(=O)C1=C(O)C=CC=CN1CCCO1 1 O=C1ON=CC1=CC=CC=CN1CCCO1 1.0000000 1.0000 0.6505976 0.6506 0.7868052 4.1494
 | 23.9884 51.5499 -51.5314 0.0001446 CN1C(=O)C(=O)C(=C(O)C=C(C=O)C=O)C1=O 1 C=C1C(=O)NC(=O)C1=O 0.0000000 0.0000 0.8686465 0.8686 0.8869134 3.6583
 | 10.0038 58.0847 51.3804 0.8551956 C=c1oc(=N)[nH]c(=O)c1=C(O)C=CC=CN1CCCC(O)C1 1 C=c1oc(=N)[nH]c(=O)c1=CC=CC=CN1CCCCC1 1.0000000 1.0000 0.7969790 0.7970 0.6543522 4.5842
 | 9.0546 51.8272 -51.8272 0.0000000 CC1=NN(C)NC(=O)C1=C(O)C=CC=CN1CCNC(=O)C1 1 O=C1CN(C=CC=CC=C2C=NNNC2=O)CCN1 1.0000000 1.0000 0.7764235 0.7764 0.8409640 3.9151
 | 15.5280 62.6722 24.6868 0.6824927 CC1(C)OC(=O)C(C=NC=C2CCCC(=C(O)C=CC=CN3CCCC3)C(=O)N2)C(=O)O1 1 O=C1NC(=CN=CC2C(=O)OCOC2=O)CCCC1=CC=CC=CN1CCCC1 1.0000000 1.0000 0.3658654 0.3659 0.7819917 4.1679
 | 8.9873 53.1533 -53.1533 0.0000000 NC1=NNC(=O)C(=C(O)C=CC=CN(CCO)CCO)C(=O)N1 1 C=C1C(=O)NC=NNC1=O 1.0000000 1.0000 0.8949637 0.8950 0.8560356 3.8386
 | 29.3548 74.3641 15.9044 0.7052226 COCC(Cl)=C1CC=C(C)NC(=O)C1=C(O)C=CC=CN1CCC(N)C1 1 C=C1CC=CNC(=O)C1=CC=CC=CN1CCCC1 1.0000000 1.0000 0.4302141 0.4302 0.6994624 4.4497
 | 9.2730 51.9129 60.5726 0.8787930 O=C1CN(C=CC=CC(O)=C2SC(=O)NNC2=O)CCN1 1 O=C1CN(C=CC=CC=C2SC(=O)NNC2=O)CCN1 1.0000000 1.0000 0.7666384 0.7666 0.8079251 4.0641
 | 10.7027 57.3188 59.1446 0.9098705 CC1=C(CO)C(=O)NC(=O)C1=C(O)C=CC=CN1CC(=O)NCC1=O 1 O=C1C=CC(=CC=CC=CN2CC(=O)NCC2=O)C(=O)N1 1.0000000 1.0000 0.8136492 0.8136 0.8737309 3.7399
 | 20.8288 73.0210 28.9939 0.7969920 CN1C(=O)NC=CCC(=C(O)C=CC=CN2CN(CCO)CSC2=N)C1=O 1 N=C1SCNCN1C=CC=CC=C1CC=CNC(=O)NC1=O 1.0000000 1.0000 0.5957018 0.5957 0.7521986 4.2767
01:52:55 <INFO> Score: 0.69 Agent NLL: 15.85 Valid: 100% Step: 151
 | Agent Prior Target Score SMILES SMILES_state Scaffold DASA DASA (raw) Solubility Solubility (raw) SA SA (raw)
 | 14.4056 50.4176 40.0613 0.7068664 O=C1OC(=C(O)C=CC=CN2CC=CC2)C(=O)N1c1ccccc1 1 O=C1OC(=CC=CC=CN2CC=CC2)C(=O)N1c1ccccc1 1.0000000 1.0000 0.3720280 0.3720 0.9130898 3.4678
 | 19.5515 64.9285 34.3238 0.7754083 CC1=CC(=C2OC(=O)C2=C(O)C=CC=CN2CC(C)NCC2C(=O)O)OC1=O 1 O=C1C=CC(=C2OC(=O)C2=CC=CC=CN2CCNCC2)O1 1.0000000 1.0000 0.6190563 0.6191 0.6088453 4.7118
 | 20.2462 77.6796 22.9650 0.7862851 C=C1C(=C(O)C=C(C)C=CN2CCOCC2)C(=O)NC(=C(O)C#CC)C(=O)N1O 1 C=C1NC(=O)C(=CC=CC=CN2CCOCC2)C(=C)NC1=O 1.0000000 1.0000 0.5627925 0.5628 0.7739017 4.1984
 | 15.8531 57.8438 54.0636 0.8742767 CC1(C)CN(C=CC=CC(O)=C2C(=O)NC(=N)NC2=O)C(=O)N1 1 N=C1NC(=O)C(=CC=CC=CN2CCNC2=O)C(=O)N1 1.0000000 1.0000 0.7528242 0.7528 0.8117886 4.0478
 | 13.4834 60.9672 50.4438 0.8703982 CC1=CNC(=O)C(=C(O)C=CC=CN2CC(=O)C(N)C2=O)C(=O)N1 1 O=C1CC(=O)N(C=CC=CC=C2C(=O)NC=CNC2=O)C1 1.0000000 1.0000 0.8206555 0.8207 0.6819268 4.5032
 | 14.8949 59.0867 40.3044 0.7764927 O=C1NC(=O)C(=C(O)C=CC=CN2CCCC(CO)C2)C1=NOCc1ccccc1 1 O=C1NC(=O)C(=NOCc2ccccc2)C1=CC=CC=CN1CCCCC1 1.0000000 1.0000 0.5019315 0.5019 0.8853062 3.6687
 | 16.2323 50.7862 64.1143 0.8976604 O=C1NN(CCO)C(O)C1=C(O)C=CC=CN1CCOCC1 1 O=C1NNCC1=CC=CC=CN1CCOCC1 1.0000000 1.0000 0.8349887 0.8350 0.7778523 4.1836
 | 28.4475 77.1110 9.0713 0.6732992 CN1N=CCC2(NC(=O)C(=C(O)C=CC=CN3CCCOS3(=O)=O)C(C#N)(C#N)C2=N)C1=O 1 N=C1CC(=CC=CC=CN2CCCOS2(=O)=O)C(=O)NC12CC=NNC2=O 1.0000000 1.0000 0.6626464 0.6626 0.2575427 5.6897
 | 21.2938 63.5288 28.0057 0.7151128 CCn1c(=O)n2c3c(cccc31)NC(=O)C(=C(O)C=CC=CN1CC(OC)OC1=O)C2 1 O=C1Nc2cccc3[nH]c(=O)n(c23)CC1=CC=CC=CN1CCOC1=O 1.0000000 1.0000 0.4321305 0.4321 0.7466899 4.2958
 | 22.7745 69.2640 35.2791 0.8167423 CCN1CC(O)CN(C=CC=CC(O)=C2CN3CCCCN=C3NC2=O)C1=O 1 O=C1NC2=NCCCCN2CC1=CC=CC=CN1CCCNC1=O 1.0000000 1.0000 0.6495742 0.6496 0.7350997 4.3351
01:52:56 <INFO> Sampled SMILES O=C1C(=C(O)C=CC=CN2CC2)=C(C)N=C1C failed to sanitize.
01:52:56 <INFO> Score: 0.70 Agent NLL: 15.42 Valid:  99% Step: 152
 | Agent Prior Target Score SMILES SMILES_state Scaffold DASA DASA (raw) Solubility Solubility (raw) SA SA (raw)
 | 10.0338 54.2662 60.4874 0.8965126 CCN1C(=O)CN(C=CC=CC(O)=C2C(=O)C(=O)N(C)C2=O)C1=O 1 O=C1CN(C=CC=CC=C2C(=O)NC(=O)C2=O)C(=O)N1 1.0000000 1.0000 0.7605609 0.7606 0.9097806 3.4945
 | 12.6255 59.2828 45.0373 0.8150009 N=C1NNC(=O)C(=C(O)C=CC=CN2CC(N)CC2C(=O)O)S1 1 N=C1NNC(=O)C(=CC=CC=CN2CCCC2)S1 1.0000000 1.0000 0.7643433 0.7643 0.5467958 4.8777
 | 16.4108 56.0695 41.1928 0.7598620 C=C1CCN(C)CN1C=CC=CC(O)=C1CSC(=NC)NC1=O 1 C=C1CCNCN1C=CC=CC=C1CSC(=N)NC1=O 1.0000000 1.0000 0.5405714 0.5406 0.6940079 4.4665
 | 24.8793 69.9125 41.8373 0.8730453 CC=C1CCN(CCO)CN1C=CC=CC(O)=C1C(=O)N=C(N)NC(=O)NC1=O 1 C=C1CCNCN1C=CC=CC=C1C(=O)N=CNC(=O)NC1=O 1.0000000 1.0000 0.7433099 0.7433 0.8239404 3.9946
 | 15.5527 60.9490 43.6368 0.8170765 CCC1=C(C)C(=C(O)C=CC=CN2C(=O)C(=O)N(C)C2=O)C(=O)N1C 1 O=C1NC(=O)N(C=CC=CC=C2C=CNC2=O)C1=O 1.0000000 1.0000 0.5892370 0.5892 0.8737190 3.7399
 | 11.9336 48.5949 65.9546 0.8949179 O=C1OCC1=C(O)C=CC=CN1CCNCC1 1 O=C1OCC1=CC=CC=CN1CCNCC1 1.0000000 1.0000 0.7688983 0.7689 0.8842829 3.6752
 | 11.2283 57.1857 59.1205 0.9086423 C=c1[nH]c(=O)n(CC)c(=O)c1=C(O)C=CC=CN1CCOCC1 1 C=c1[nH]c(=O)[nH]c(=O)c1=CC=CC=CN1CCOCC1 1.0000000 1.0000 0.7967928 0.7968 0.8999296 3.5691
 | 19.0741 56.3378 53.2205 0.8559240 C=C1C(=O)C(O)C(=O)C1=C(O)C=CC=C(C)N1CCN(C)CC1 1 C=C1C(=O)CC(=O)C1=CC=CC=CN1CCNCC1 1.0000000 1.0000 0.6931671 0.6932 0.8391089 3.9241
 | 10.8319 60.0744 44.5330 0.8172454 COC1CN(C=CC=CC(O)=C2SC=C(COC(C)=O)NC2=O)C1 1 O=C1NC=CSC1=CC=CC=CN1CCC1 1.0000000 1.0000 0.6021931 0.6022 0.8420014 3.9100
 | 7.7744 55.9449 -55.9449 0.0000000 O=C1CN(C=CC=CC(O)=C2C(=O)NC3C(=O)NC(=O)C23)CCN1 1 O=C1CN(C=CC=CC=C2C(=O)NC3C(=O)NC(=O)C23)CCN1 1.0000000 1.0000 0.8550954 0.8551 0.6828284 4.5005
01:52:57 <INFO> Sampled SMILES N1C(=O)C(=C(O)C=CC=CN2CC(=O)N(C)C2=O)C(=O)[N+](=C[N+](=O)[O-])=C1N1CCCCC1 failed to sanitize.
01:52:57 <INFO> Sampled SMILES C1(=O)C(=C(O)C=CC=CN2C3C(O)(C(O)C(C)=C2)OCC)=C(C)OC(=CC=CN(C)C)C3=NC1=COC failed to sanitize.
01:52:57 <INFO> Score: 0.63 Agent NLL: 16.52 Valid:  98% Step: 153
 | Agent Prior Target Score SMILES SMILES_state Scaffold DASA DASA (raw) Solubility Solubility (raw) SA SA (raw)
 | 13.7639 48.3973 56.6545 0.8207168 CC1(C)SC2C(=C(O)C=CC=CN3CCNC(=O)C3)C(=O)N2C1C(=O)O 1 O=C1CN(C=CC=CC=C2C(=O)N3CCSC23)CCN1 1.0000000 1.0000 0.6683238 0.6683 0.7174434 4.3930
 | 11.8375 47.4664 -47.4664 0.0000000 CCN1C(=O)C(=O)N(C=CC=CC(O)=C2C(=O)NC(=O)NC2=O)C1=O 1 O=C1NC(=O)C(=CC=CC=CN2C(=O)NC(=O)C2=O)C(=O)N1 1.0000000 1.0000 0.7974754 0.7975 0.9119723 3.4770
 | 10.6758 42.2094 -42.2094 0.0000000 CC(C=CN1CCOCC1)=CC(O)=C1C(=O)NC(=O)NC1=O 1 O=C1NC(=O)C(=CC=CC=CN2CCOCC2)C(=O)N1 1.0000000 1.0000 0.7527922 0.7528 0.9279349 3.3353
 | 21.6975 69.1965 31.3351 0.7854036 COC(=O)C1=C(C)OC(=C(O)C=CC=CN2CN(CCO)CS2)C(=O)NS1 1 O=C1NSC=COC1=CC=CC=CN1CNCS1 1.0000000 1.0000 0.5814660 0.5815 0.7266412 4.3631
 | 16.4072 61.6447 43.6881 0.8229125 NCC1NC(=O)C(=C(O)C=CC=CN2CC(O)C(O)C(CO)C2)C(=O)NC1O 1 O=C1NCCNC(=O)C1=CC=CC=CN1CCCCC1 1.0000000 1.0000 0.9059353 0.9059 0.4272544 5.1909
 | 11.1361 60.2348 55.0758 0.9008644 CN1CC(=O)N(C=CC=CC(O)=C2C(=O)NC(=O)NC2=NO)CC1=O 1 N=C1NC(=O)NC(=O)C1=CC=CC=CN1CC(=O)NCC1=O 1.0000000 1.0000 0.8062061 0.8062 0.8427163 3.9065
 | 18.8785 65.0930 36.9064 0.7968701 COCOC1CN(C=CC=CC(O)=C2SC=C(C(=O)O)NC2=O)C(O)C1O 1 O=C1NC=CSC1=CC=CC=CN1CCCC1 1.0000000 1.0000 0.7463610 0.7464 0.5065519 4.9829
 | 12.0622 50.9221 63.2157 0.8917015 C=c1oc(=C(O)C=CC=CN2CCC(=O)NC2=O)c(=O)n1C 1 C=c1[nH]c(=O)c(=CC=CC=CN2CCC(=O)NC2=O)o1 1.0000000 1.0000 0.7991856 0.7992 0.8109968 4.0512
 | 13.1729 56.3170 54.6420 0.8668668 O=C1NCNC(=O)C1=C(O)C=CC=CN1CCC=[N+]1[O-] 1 O=C1NCNC(=O)C1=CC=CC=CN1CCC=[NH+]1 1.0000000 1.0000 0.8171802 0.8172 0.6725024 4.5313
 | 15.0266 72.2302 40.5118 0.8807963 N=C1NNC(=O)C(=C(O)C=CC=CN2CCNCC(O)C2)C(=O)N1 1 N=C1NNC(=O)C(=CC=CC=CN2CCCNCC2)C(=O)N1 1.0000000 1.0000 0.8652276 0.8652 0.6616347 4.5632
01:52:58 <INFO> Score: 0.68 Agent NLL: 16.45 Valid:  99% Step: 154
 | Agent Prior Target Score SMILES SMILES_state Scaffold DASA DASA (raw) Solubility Solubility (raw) SA SA (raw)
 | 21.3199 66.8616 29.4275 0.7522585 COC=CC(C)=C1CC(C)(O)C(=C(O)C=CC=CN2CCNCC2)C(=O)NO1 1 C=C1CCC(=CC=CC=CN2CCNCC2)C(=O)NO1 1.0000000 1.0000 0.5671758 0.5672 0.6052311 4.7216
 | 7.3432 59.4893 59.3526 0.9284525 CN1CC(=O)N(C=CC=CC(O)=C2C(=O)NCC(=O)NC2=O)CC1=O 1 O=C1CN(C=CC=CC=C2C(=O)NCC(=O)NC2=O)C(=O)CN1 1.0000000 1.0000 0.8538885 0.8539 0.8928658 3.6187
 | 17.7731 64.7081 50.1666 0.8974592 CCC=c1nc(N)[nH]c(=O)c1=C(O)C=CC=CN1CCN(CCO)C1 1 C=c1nc[nH]c(=O)c1=CC=CC=CN1CCNC1 1.0000000 1.0000 0.8061252 0.8061 0.8262718 3.9841
 | 15.2931 65.4735 43.1699 0.8487766 CC1C(=O)N(CN(CCO)CCO)C(=O)C1=C(O)C=CC=CN1CCSCC1 1 O=C1CC(=CC=CC=CN2CCSCC2)C(=O)N1 1.0000000 1.0000 0.7083617 0.7084 0.7730702 4.2015
 | 10.3620 47.9218 -47.9218 0.0000000 CCN1C(=O)C(=O)N(C=CC=CC(O)=C2C(=O)NC(=O)C2=O)C1=O 1 O=C1NC(=O)C(=CC=CC=CN2C(=O)NC(=O)C2=O)C1=O 1.0000000 1.0000 0.8148061 0.8148 0.9075743 3.5119
 | 19.1889 59.9789 50.5425 0.8634481 CC1C(=O)NC(=O)C1=C(O)C=CC=CN1CN(CCCN)CC1C(=O)O 1 O=C1CC(=CC=CC=CN2CCNC2)C(=O)N1 1.0000000 1.0000 0.7741813 0.7742 0.7240451 4.3716
 | 30.8226 80.5581 3.3435 0.6554807 C=CC1C(O)C(C)C(CC(=O)O)N1C=CC=CC(O)=C1C(=O)NC(=NC(C)=CC)OC1=O 1 N=C1NC(=O)C(=CC=CC=CN2CCCC2)C(=O)O1 1.0000000 1.0000 0.5284067 0.5284 0.3324642 5.4541
 | 15.3978 65.2099 31.8456 0.7582457 CN1CCC2C(=C(O)C=CC=CN3CCNC(=O)C3)C(=O)NCC1N2C 1 O=C1CN(C=CC=CC=C2C(=O)NCC3NCCC2N3)CCN1 1.0000000 1.0000 0.7591077 0.7591 0.3788536 5.3221
 | 18.7173 54.3583 61.5273 0.9053562 O=C(O)C1=CONC(=O)C1=C(O)C=CC=CNCCO 1 C=C1C=CONC1=O 1.0000000 1.0000 0.8198533 0.8199 0.8399706 3.9199
 | 14.8116 55.6239 45.9844 0.7938141 C=C1C(=O)OC(=C(O)C=CC=CN2CC([N+](=O)[O-])=CC=C2OC)C1=O 1 C=C1C(=O)OC(=CC=CC=CN2C=CC=CC2)C1=O 1.0000000 1.0000 0.5930691 0.5931 0.7423172 4.3107
01:52:59 <INFO> Score: 0.62 Agent NLL: 15.05 Valid: 100% Step: 155
 | Agent Prior Target Score SMILES SMILES_state Scaffold DASA DASA (raw) Solubility Solubility (raw) SA SA (raw)
 | 21.8972 80.9179 20.5860 0.7929987 CC(C)=CC=c1oc(=O)[nH]c(=O)c1=C(O)C=CC=CN1C(=O)C(=C(Br)C=CN(CCO)CCO)C1=O 1 C=C1C(=O)N(C=CC=CC=c2c(=O)[nH]c(=O)oc2=C)C1=O 1.0000000 1.0000 0.6327679 0.6328 0.6591777 4.5703
 | 17.1108 54.4779 56.3818 0.8660914 CC1=CC(=O)C(=C(O)C=CC=CN2C(=O)C(=O)N(C)C2=O)OC1=O 1 O=C1C=CC(=O)C(=CC=CC=CN2C(=O)NC(=O)C2=O)O1 1.0000000 1.0000 0.7062000 0.7062 0.8641441 3.7947
 | 20.8819 59.3347 -59.3163 0.0001431 COC(=CC(O)=c1c(=O)[nH]oc1=C1C(=O)NC(=O)NC1=O)N1CCCC1 1 O=C1NC(=O)C(=c2o[nH]c(=O)c2=CC=CN2CCCC2)C(=O)N1 0.0000000 0.0000 0.8453594 0.8454 0.8795825 3.7046
 | 20.4664 62.3232 39.6801 0.7969007 CN1c2ccccc2NC2C(=O)NC(=O)C(=C(O)C=CC=CN3CCC(=O)N3)C21 1 O=C1CCN(C=CC=CC=C2C(=O)NC(=O)C3Nc4ccccc4NC23)N1 1.0000000 1.0000 0.6189894 0.6190 0.7029534 4.4388
 | 10.8233 53.7753 62.5834 0.9090523 O=C1CN(C=CC=CC(O)=C2C(=O)NC=NNC2=O)CCN1 1 O=C1CN(C=CC=CC=C2C(=O)NC=NNC2=O)CCN1 1.0000000 1.0000 0.8470299 0.8470 0.8105292 4.0532
 | 16.2880 65.8501 29.2443 0.7429247 C=C1NC(=O)C(=C(O)C=CC=CN2CCNCC2)C2(C)C(C)=CC(=O)C=C12 1 C=C1NC(=O)C(=CC=CC=CN2CCNCC2)C2C=CC(=O)C=C12 1.0000000 1.0000 0.5098118 0.5098 0.6831136 4.4996
 | 11.7566 42.8549 -42.8549 0.0000000 CC(C=CN1CCCC1)=CC(O)=C1C(=O)NC(=O)NC1=O 1 O=C1NC(=O)C(=CC=CC=CN2CCCC2)C(=O)N1 1.0000000 1.0000 0.6986422 0.6986 0.9305038 3.3099
 | 24.9527 42.8643 -42.8482 0.0001257 CC(=CC(O)=C1OC(=O)NC1=O)N(O)c1ccccc1 1 O=C1NC(=O)C(=CC=CNc2ccccc2)O1 0.0000000 0.0000 0.5570902 0.5571 0.9231420 3.3806
 | 15.7399 66.2582 42.1820 0.8471892 CC1=NC(=C(O)C=CC=CN2NNC2O)C(=O)NC(=O)N1 1 O=C1NC=NC(=CC=CC=CN2CNN2)C(=O)N1 1.0000000 1.0000 0.8422686 0.8423 0.5654038 4.8286
 | 13.0959 48.7635 66.5767 0.9010950 COC=c1[nH]c(=O)c(=C(O)C=CC=CN2CCNCC2)c(=O)o1 1 C=c1[nH]c(=O)c(=CC=CC=CN2CCNCC2)c(=O)o1 1.0000000 1.0000 0.8358110 0.8358 0.7922394 4.1281
01:52:59 <INFO> Sampled SMILES O=C1NC(=O)C(=C(O)C=CC=CN2C(C(=O)O)CC(N)C2)(O)N1 failed to sanitize.
01:52:59 <INFO> Sampled SMILES N1C(=O)C(=C(O)C=CC=CN2CC(CN)CCC2)C(=O)N=C(N)N1=CCC failed to sanitize.
01:53:00 <INFO> Score: 0.67 Agent NLL: 16.38 Valid:  98% Step: 156
 | Agent Prior Target Score SMILES SMILES_state Scaffold DASA DASA (raw) Solubility Solubility (raw) SA SA (raw)
 | 20.7950 67.4910 32.6435 0.7823010 CCN1C(=O)C(=O)N(C=CC=CC(O)=C2C(=O)NOC3C2C(=O)CC3(C)O)C1=S 1 O=C1NC(=S)N(C=CC=CC=C2C(=O)NOC3CCC(=O)C23)C1=O 1.0000000 1.0000 0.7083549 0.7084 0.5038183 4.9901
 | 28.0484 75.4350 -20.5450 0.4288280 CCC(=O)OC=C1OC(=CC=C(C)CCC=C(C)C)NC(=O)C1=C(O)C=CC=CN1CCOC(COC)C1 1 C=C1NC(=O)C(=CC=CC=CN2CCOCC2)C(=C)O1 1.0000000 1.0000 0.1022522 0.1023 0.6346867 4.6402
 | 20.4868 72.0797 29.5742 0.7941716 C=C1C(=O)OC2(CC(=O)NC2=O)NC(=O)C1=C(O)C=C(C)C=CN(C)CCO 1 C=C1C(=C)C(=O)OC2(CC(=O)NC2=O)NC1=O 1.0000000 1.0000 0.7701981 0.7702 0.4709730 5.0757
 | 12.5022 47.1217 62.1763 0.8538907 O=C1NC(=O)C(=C(O)C=CC=CN2C=CCC2)C(=O)O1 1 O=C1NC(=O)C(=CC=CC=CN2C=CCC2)C(=O)O1 1.0000000 1.0000 0.6935672 0.6936 0.8278602 3.9769
 | 16.8115 61.4926 45.1393 0.8330622 COC1CN(C=CC=CC(O)=C2NN(C(C)=O)NC2=O)C1C(=O)O 1 O=C1NNNC1=CC=CC=CN1CCC1 1.0000000 1.0000 0.8117288 0.8117 0.5521883 4.8635
 | 11.5365 56.4508 56.9723 0.8861176 CN1C(=O)NC(=O)C(=C(O)C=CC=CN2CNC(=O)C2)C1O 1 O=C1CN(C=CC=CC=C2CNC(=O)NC2=O)CN1 1.0000000 1.0000 0.8310771 0.8311 0.7327526 4.3429
 | 9.6739 45.2732 -45.2732 0.0000000 O=C1NC(=S)C(=O)C1=C(O)C=CC=CN(CCO)CCO 1 C=C1C(=O)NC(=S)C1=O 1.0000000 1.0000 0.8272640 0.8273 0.8741883 3.7372
 | 24.7824 82.1907 9.9105 0.7195407 C=C1N=C(C)N(C(CO)CCCC)NC(=O)C1=C(O)C=CC=CN1CN(CCO)CS1 1 C=C1N=CNNC(=O)C1=CC=CC=CN1CNCS1 1.0000000 1.0000 0.5039364 0.5039 0.5893631 4.7646
 | 10.0243 49.6088 62.3043 0.8743209 C=c1oc(=O)c(=C(O)C=C(O)C=CN2CCCCC2)c(=O)n1C 1 C=c1[nH]c(=O)c(=CC=CC=CN2CCCCC2)c(=O)o1 1.0000000 1.0000 0.7309235 0.7309 0.8550591 3.8438
 | 19.3917 67.6287 24.5240 0.7199429 C=C(C)C1C(=O)C(C)(C)OC(=O)C1=C(O)C=CC=CN1CC(COC)NC1=O 1 O=C1COC(=O)C(=CC=CC=CN2CCNC2=O)C1 1.0000000 1.0000 0.4986470 0.4986 0.6021110 4.7301
01:53:00 <INFO> Score: 0.64 Agent NLL: 14.45 Valid: 100% Step: 157
 | Agent Prior Target Score SMILES SMILES_state Scaffold DASA DASA (raw) Solubility Solubility (raw) SA SA (raw)
 | 12.9899 50.1126 63.6128 0.8884796 O=C1CN(C=CC=CC(O)=C2CC(O)CNC2=O)C(=O)CN1 1 O=C1CN(C=CC=CC=C2CCCNC2=O)C(=O)CN1 1.0000000 1.0000 0.8343743 0.8344 0.7379342 4.3256
 | 9.4444 48.1622 -48.1622 0.0000000 C=c1[nH]c(=O)[nH]c(=O)c1=C(O)C=CC=CN1CCNC(=O)C1 1 C=c1[nH]c(=O)[nH]c(=O)c1=CC=CC=CN1CCNC(=O)C1 1.0000000 1.0000 0.8730714 0.8731 0.8400381 3.9196
 | 12.0662 53.8393 61.8023 0.9034500 O=C(O)C1=NC(=O)C1=C(O)C=CC=CN1CC1 1 O=C1N=CC1=CC=CC=CN1CC1 1.0000000 1.0000 0.7828274 0.7828 0.9007022 3.5635
 | 18.0092 46.9806 -46.9628 0.0001394 C=C1C(=C(C)OCOC(C)=O)C(=O)NNC(=O)N1C 1 C=C1NC(=O)NNC(=O)C1=C 0.0000000 0.0000 0.7739507 0.7740 0.8944156 3.6081
 | 31.6159 98.9087 -3.1191 0.7483565 COC1CN(C=CC=CC(O)=C2C(=O)NC(NOC(=O)CCON=C(C)CO[N+](=O)[O-])=CNC2N)C1CO 1 O=C1NC=CNCC1=CC=CC=CN1CCC1 1.0000000 1.0000 0.7860679 0.7861 0.3326709 5.4535
 | 13.0640 59.7626 46.8288 0.8327448 CC(C=CN1CCOCC1)=CC(O)=c1c(C)cc(=C2C(=O)OC(C)(C)OC2=O)[nH]c1=O 1 O=C1OCOC(=O)C1=c1ccc(=CC=CC=CN2CCOCC2)c(=O)[nH]1 1.0000000 1.0000 0.6330060 0.6330 0.8515768 3.8619
 | 19.6588 30.3470 -30.3290 0.0001405 CC(C)N(C=O)C=CS(=O)(=O)O 1  0.0000000 0.0000 0.8089194 0.8089 0.8647532 3.7914
 | 14.4417 59.2952 49.4850 0.8498453 O=C1CN(C=CC=CC(O)=C2OC(O)C(N3CCCC3)C2=O)CCN1 1 O=C1CN(C=CC=CC=C2OCC(N3CCCC3)C2=O)CCN1 1.0000000 1.0000 0.7559919 0.7560 0.6944314 4.4652
 | 9.4264 55.2824 -55.2824 0.0000000 CC(C=CN1CCOCC1)=CC(O)=C1C(=O)NC(=O)C1=C(C)C 1 C=C1C(=O)NC(=O)C1=CC=CC=CN1CCOCC1 1.0000000 1.0000 0.5840266 0.5840 0.9133747 3.4655
 | 23.5779 64.0294 31.4624 0.7460292 C=CC1=C(C)C(=C(O)C=CC=CN2COC3(O)C(O)C(O)C(O)C23)C1=O 1 O=C1C=CC1=CC=CC=CN1COC2CCCC21 1.0000000 1.0000 0.7644424 0.7644 0.3436486 5.4215
01:53:01 <INFO> Sampled SMILES O=C1C(=C(O)C=CC=CN2C(C)CN(C)CC2)(C)C(=O)N1 failed to sanitize.
01:53:01 <INFO> Score: 0.64 Agent NLL: 15.40 Valid:  99% Step: 158
 | Agent Prior Target Score SMILES SMILES_state Scaffold DASA DASA (raw) Solubility Solubility (raw) SA SA (raw)
 | 14.5454 56.8683 51.9103 0.8498328 CC=C1C(=O)N(CC)C(=O)C1=C(O)C=CC=CN1CCC(=O)N1 1 C=C1C(=O)NC(=O)C1=CC=CC=CN1CCC(=O)N1 1.0000000 1.0000 0.6660095 0.6660 0.8667821 3.7800
 | 12.6808 59.6652 48.1093 0.8419883 NC1CC(C(=O)O)N(C=CC=CC(O)=C2C(=O)NC=CCOC2=O)C1 1 O=C1NC=CCOC(=O)C1=CC=CC=CN1CCCC1 1.0000000 1.0000 0.7631893 0.7632 0.6505045 4.5953
 | 22.2428 79.2267 34.9928 0.8923401 CONC(C)=c1[nH]c(=O)n(C)c(=O)c1=C(O)C=CC=CN1C(=O)CC1C(N)=O 1 C=c1[nH]c(=O)[nH]c(=O)c1=CC=CC=CN1CCC1=O 1.0000000 1.0000 0.8729774 0.8730 0.6974760 4.4558
 | 17.4938 26.2433 -26.2265 0.0001314 CSC(SC)=C1OC(=N)NC1=O 1 C=C1OC(=N)NC1=O 0.0000000 0.0000 0.7266482 0.7266 0.7344482 4.3373
 | 12.3359 52.2770 58.8967 0.8685451 O=C1C(=CCO)OC(O)C1=C(O)C=CC=CN1CCNCC1 1 C=C1OCC(=CC=CC=CN2CCNCC2)C1=O 1.0000000 1.0000 0.7870278 0.7870 0.7255669 4.3666
 | 16.8015 57.1469 -57.1305 0.0001281 O=C(O)C1NC(CO)SC1=C(O)C=CC=CN1CCOCC1 1 C(=CC=C1CNCS1)C=CN1CCOCC1 0.0000000 0.0000 0.7281411 0.7281 0.6384689 4.6295
 | 17.4253 68.1194 38.0349 0.8293301 CC(=O)NC1C(=O)C1=C(O)C=CC=CN1N=C(C)CC1CN 1 O=C1CC1=CC=CC=CN1CCC=N1 1.0000000 1.0000 0.7360650 0.7361 0.6400526 4.6250
 | 25.5994 65.5532 28.2958 0.7331951 CCOC(=O)N1C2CC(C(=C(O)C=CC=CN3CCCNC(=O)C3)C(=O)N2)N1C(=O)OCCO 1 O=C1CN(C=CC=CC=C2C(=O)NC3CC2NN3)CCCN1 1.0000000 1.0000 0.6724499 0.6724 0.3926430 5.2842
 | 9.2729 50.1873 61.9314 0.8759276 O=C1CCC1=C(O)C=CC=CN1CC(O)C1 1 O=C1CCC1=CC=CC=CN1CCC1 1.0000000 1.0000 0.7279117 0.7279 0.8696018 3.7639
 | 15.2843 54.5470 57.2914 0.8737379 NC1CN(C=CC=CC(O)=C2C(=O)NNC2=O)CC1CO 1 O=C1NNC(=O)C1=CC=CC=CN1CCCC1 1.0000000 1.0000 0.8673054 0.8673 0.6316115 4.6488
01:53:02 <INFO> Score: 0.68 Agent NLL: 14.56 Valid: 100% Step: 159
 | Agent Prior Target Score SMILES SMILES_state Scaffold DASA DASA (raw) Solubility Solubility (raw) SA SA (raw)
 | 13.0525 61.4590 48.3359 0.8577726 O=C1CN(C=CC=CC(O)=C2C(=O)NC(=O)NC2C(=O)O)SCCN1 1 O=C1CN(C=CC=CC=C2CNC(=O)NC2=O)SCCN1 1.0000000 1.0000 0.7721277 0.7721 0.7026644 4.4397
 | 24.7007 66.3188 -4.8961 0.4798646 CCCCCCCCN(CCCC)C1COC(=C(O)C=CC=CN2CCCC2O)C1=O 1 O=C1CCOC1=CC=CC=CN1CCCC1 1.0000000 1.0000 0.1303798 0.1304 0.7486095 4.2891
 | 20.3441 66.1587 32.5379 0.7710672 COC1OC(OC2OC(O)C(O)C(O)C2O)C2C(=C(O)C=CC=CN3CCNC(=O)C3)C(=O)NC12 1 O=C1CN(C=CC=CC=C2C(=O)NC3COC(OC4CCCCO4)C23)CCN1 1.0000000 1.0000 0.8662736 0.8663 0.3283507 5.4662
 | 8.4360 49.6811 -49.6811 0.0000000 C=c1c(=O)c1=C(O)C=CC=CN1CCOCC1 1 C=c1c(=O)c1=CC=CC=CN1CCOCC1 1.0000000 1.0000 0.8224990 0.8225 0.9002689 3.5667
 | 13.0623 59.7342 53.6258 0.8856256 NC1=NCN(C=CC=CC(O)=C2C(=O)NC=CNC2=O)CN1 1 O=C1NC=CNC(=O)C1=CC=CC=CN1CN=CNC1 1.0000000 1.0000 0.8352145 0.8352 0.7242972 4.3708
 | 7.0734 59.0049 -59.0049 0.0000000 CCN1C(=O)C(=O)N(C=CC=CC(O)=C2C(=O)NNNC2=O)C1=O 1 O=C1NC(=O)N(C=CC=CC=C2C(=O)NNNC2=O)C1=O 1.0000000 1.0000 0.8449995 0.8450 0.8347955 3.9447
 | 20.2033 63.0029 46.0265 0.8517918 CN1C(=O)C1=C(O)C=CC=CN1C(C(=O)O)=NOC1CCN 1 O=C1NC1=CC=CC=CN1C=NOC1 1.0000000 1.0000 0.7905807 0.7906 0.6498973 4.5970
 | 16.5891 55.3221 49.9302 0.8222831 CCN1C(=O)CN(C=CC=CC(O)=C2OC(C)N(C)C2=O)C1=O 1 O=C1CN(C=CC=CC=C2OCNC2=O)C(=O)N1 1.0000000 1.0000 0.6626937 0.6627 0.7354692 4.3339
 | 14.6666 50.2641 65.3226 0.9030211 CC(=CC=CC(O)=C1C(=O)NC(=S)OC1=O)N(CCO)CCO 1 C=C1C(=O)NC(=S)OC1=O 1.0000000 1.0000 0.7901240 0.7901 0.8839901 3.6771
 | 13.4718 56.9781 58.0496 0.8986541 O=C1NNC(=O)C1=C(O)C=CC=CN1CC1O 1 O=C1NNC(=O)C1=CC=CC=CN1CC1 1.0000000 1.0000 0.8698791 0.8699 0.7282957 4.3577
01:53:03 <INFO> Score: 0.68 Agent NLL: 14.68 Valid: 100% Step: 160
 | Agent Prior Target Score SMILES SMILES_state Scaffold DASA DASA (raw) Solubility Solubility (raw) SA SA (raw)
 | 19.9983 68.7108 24.0055 0.7243463 CC=C(C)SC1=CN(C=CC=CC(O)=C2C(=O)NC(=N)NC2=O)C(C(=O)O)C1 1 N=C1NC(=O)C(=CC=CC=CN2C=CCC2)C(=O)N1 1.0000000 1.0000 0.5289179 0.5289 0.5607746 4.8408
 | 13.4200 48.0140 64.5185 0.8791603 O=C1NC(=O)C(=C(O)C=CC=CN2CCCO2)N1 1 O=C1NC(=O)C(=CC=CC=CN2CCCO2)N1 1.0000000 1.0000 0.7617824 0.7618 0.8187538 4.0177
 | 9.5565 50.3424 65.6972 0.9065597 NCC1CN(C=CC=CC(O)=C2C(=O)NC(=O)NC2=O)CCO1 1 O=C1NC(=O)C(=CC=CC=CN2CCOCC2)C(=O)N1 1.0000000 1.0000 0.8214782 0.8215 0.8429232 3.9055
 | 11.0883 62.6211 50.1697 0.8811784 N=C1NNC(=O)C(=C(O)C=CC=CN2CC=CC2)C(=O)N1 1 N=C1NNC(=O)C(=CC=CC=CN2CC=CC2)C(=O)N1 1.0000000 1.0000 0.8014267 0.8014 0.7582696 4.2553
 | 23.6160 54.2815 -54.2631 0.0001440 CN1C(=O)C(=C(C=O)C=CN(CCO)CCO)C(=O)NC1=NCCO 1 C=C1C(=O)NC(=N)NC1=O 0.0000000 0.0000 0.9070755 0.9071 0.8056682 4.0736
 | 14.7348 59.2635 56.4595 0.9040859 CN1C(=O)CN(C=CC=CC(O)=C2C(=O)NCC2O)C(=O)C1=O 1 O=C1CN(C=CC=CC=C2CCNC2=O)C(=O)C(=O)N1 1.0000000 1.0000 0.8546401 0.8546 0.7753187 4.1931
 | 23.6125 54.3052 25.0635 0.6200680 CC1=CCC2C(C)(O)C(=C(O)C=CC=CN3CCCC3)C(=O)C12C 1 O=C1C(=CC=CC=CN2CCCC2)CC2CC=CC12 1.0000000 1.0000 0.3148177 0.3148 0.6147559 4.6956
 | 8.0437 44.6697 -44.6697 0.0000000 O=C1NC(=O)C(=C(O)C=CC=CN(CCO)CCO)C1=O 1 C=C1C(=O)NC(=O)C1=O 1.0000000 1.0000 0.8756584 0.8757 0.9133863 3.4654
 | 10.8847 56.2810 57.4631 0.8886260 CC(=O)N1C(=O)C(=C(O)C=CC=CN2CC2)C1C(=O)O 1 O=C1NCC1=CC=CC=CN1CC1 1.0000000 1.0000 0.7728579 0.7729 0.8445017 3.8977
 | 10.5815 54.1167 56.9249 0.8675125 O=C1CC(O)C(=C(O)C=CC=CN2CCOC(CO)C2)C1=O 1 O=C1CCC(=CC=CC=CN2CCOCC2)C1=O 1.0000000 1.0000 0.7933778 0.7934 0.7109804 4.4136
01:53:03 <INFO> Sampled SMILES N1C(=O)C(=C(O)C=CC=CN2C(C(=O)O)CCC2)C2SC=C(C(=O)OCOC(=O)C(C)=C)=C2O1 failed to sanitize.
01:53:04 <INFO> Score: 0.66 Agent NLL: 15.99 Valid:  99% Step: 161
 | Agent Prior Target Score SMILES SMILES_state Scaffold DASA DASA (raw) Solubility Solubility (raw) SA SA (raw)
 | 8.4723 55.3479 -55.3479 0.0000000 CN1C(=O)C(=C(O)C=CC=CN2C(=O)C(=O)N(C)C2=O)C1=O 1 O=C1NC(=O)N(C=CC=CC=C2C(=O)NC2=O)C1=O 1.0000000 1.0000 0.8010235 0.8010 0.9092800 3.4985
 | 22.2150 65.1347 38.9577 0.8132215 CC1=C(NCCCCCCN=CN)C(=C(O)C=CC=CN2CCN(C)C2)C(=O)N1 1 O=C1NC=CC1=CC=CC=CN1CCNC1 1.0000000 1.0000 0.5862516 0.5863 0.8599030 3.8180
 | 11.2610 63.2291 -63.2291 0.0000000 N=C1NNC(=O)C(=C(O)C=CC=CN2CCC(=O)N2)C(=O)N1 1 N=C1NNC(=O)C(=CC=CC=CN2CCC(=O)N2)C(=O)N1 1.0000000 1.0000 0.8565658 0.8566 0.7608404 4.2461
 | 22.9329 78.8624 30.0104 0.8505683 COC1(C)CN(C=CC=CC(O)=c2c(N)nc(=C3NC(=O)NC3=O)[nH]c2=O)C(=O)N1 1 O=C1NC(=O)C(=c2ncc(=CC=CC=CN3CCNC3=O)c(=O)[nH]2)N1 1.0000000 1.0000 0.8396223 0.8396 0.5805322 4.7883
 | 29.1179 71.9377 13.1910 0.6650680 COC1=C2CN(C=CC=CC(O)=C3OC(C)=CNC3=O)CC(=O)N(C2C(=O)O)C(O)C1O 1 O=C1NC=COC1=CC=CC=CN1CC(=O)N2CCC=C(C1)C2 1.0000000 1.0000 0.7409652 0.7410 0.1985639 5.9090
 | 10.3240 62.7674 50.9390 0.8883308 CN1C(=O)CN(C=CC=CC(O)=C2SC(=O)NNC2=O)C(=O)C1=O 1 O=C1CN(C=CC=CC=C2SC(=O)NNC2=O)C(=O)C(=O)N1 1.0000000 1.0000 0.7823247 0.7823 0.8252586 3.9887
 | 17.0468 55.2990 48.4602 0.8106189 O=C1CCN(C=CC=CC(O)=C2NC3(CCCCC3)NC2=O)C(=O)N1 1 O=C1CCN(C=CC=CC=C2NC3(CCCCC3)NC2=O)C(=O)N1 1.0000000 1.0000 0.6148730 0.6149 0.7778810 4.1835
 | 6.5629 58.4483 -58.4483 0.0000000 CN1C(=O)C(=O)N(C=CC=CC(O)=C2C(=O)NNNC2=O)C1=O 1 O=C1NC(=O)N(C=CC=CC=C2C(=O)NNNC2=O)C1=O 1.0000000 1.0000 0.8657363 0.8657 0.8212383 4.0067
 | 15.8171 50.9317 42.8303 0.7325155 CC1CN(C=CC=CC(O)=C2C(=O)N3C2SC(C)(C)C3C(=O)O)C(=O)O1 1 O=C1OCCN1C=CC=CC=C1C(=O)N2CCSC12 1.0000000 1.0000 0.5112250 0.5112 0.6312729 4.6497
 | 13.6776 75.1919 25.9264 0.7899868 CC(C)=NN1NC(=O)C(=C(O)C=CC=CN2CCNCC2C(=O)O)SC1=N 1 N=C1NNC(=O)C(=CC=CC=CN2CCNCC2)S1 1.0000000 1.0000 0.6512844 0.6513 0.6143351 4.6967
01:53:04 <INFO> Score: 0.64 Agent NLL: 14.95 Valid:  99% Step: 162
 | Agent Prior Target Score SMILES SMILES_state Scaffold DASA DASA (raw) Solubility Solubility (raw) SA SA (raw)
 | 11.1603 57.4945 51.3519 0.8503622 C=C1C(=S)N(C)C(=O)C1=C(O)C=CC=CN1CC(O)C1 1 C=C1C(=S)NC(=O)C1=CC=CC=CN1CCC1 1.0000000 1.0000 0.6802914 0.6803 0.8379238 3.9298
 | 25.0638 70.1503 30.3083 0.7848322 CC(C)CCN1NC(=O)C(=C(O)C=CC=CN2C(=O)NC(=O)C2CN=[N+]=[N-])N=C1N 1 O=C1CN(C=CC=CC=C2N=CNNC2=O)C(=O)N1 1.0000000 1.0000 0.6415562 0.6416 0.6094209 4.7102
 | 15.2043 84.6061 26.3191 0.8666030 CC(=CC=c1[nH]c(=O)c(=C(O)C=CC=CN2CC(=O)N(C)CC2=O)n(CCO)c1=O)N1CCCCC1 1 O=C1CN(C=CC=CC=c2[nH]c(=O)c(=CC=CN3CCCCC3)[nH]c2=O)C(=O)CN1 1.0000000 1.0000 0.7282507 0.7283 0.8214184 4.0059
 | 8.1920 63.1655 53.7222 0.9131858 COC1CN(C=CC=CC(O)=C2C(=O)NNC(=O)NC2=O)C1 1 O=C1NNC(=O)C(=CC=CC=CN2CCC2)C(=O)N1 1.0000000 1.0000 0.8187935 0.8188 0.8808063 3.6971
 | 11.5097 64.5467 44.1256 0.8490022 CC(=CC=C1NC(=O)C(=C(O)C=CC=CN(CCO)CCO)C1=O)N1CCCC1 1 C=C1C(=O)NC(=CC=CN2CCCC2)C1=O 1.0000000 1.0000 0.6623937 0.6624 0.8705984 3.7582
 | 9.4044 55.1320 49.6515 0.8186213 CC1=NN(C=CC=CC(O)=C2C(=O)NC(=O)N=C2N)C(C)C1 1 O=C1N=CC(=CC=CC=CN2CCC=N2)C(=O)N1 1.0000000 1.0000 0.6679026 0.6679 0.7086600 4.4209
 | 14.3826 53.7068 57.5456 0.8691594 CCN1C(=O)C(=C(O)C=CC=CN2CC(=O)N(C)CC2=O)C(O)C1O 1 O=C1CN(C=CC=CC=C2CCNC2=O)C(=O)CN1 1.0000000 1.0000 0.8162394 0.8162 0.6832683 4.4992
 | 13.2225 50.5505 -50.5505 0.0000000 C=c1[nH]c(=O)c(=C(O)C=CC=CNC(=O)OCC)c(=O)o1 1 C=c1[nH]c(=O)c(=C)c(=O)o1 1.0000000 1.0000 0.7980091 0.7980 0.8578064 3.8292
 | 8.9342 51.6097 65.4765 0.9147363 CC(=O)N=C1NC(=O)C(=C(O)C=CC=CN(CCO)CCO)C1=O 1 C=C1C(=O)NC(=N)C1=O 1.0000000 1.0000 0.8358315 0.8358 0.8572269 3.8323
 | 10.6808 54.1870 57.5114 0.8726438 N=C1NC(=O)C(=C(O)C=CC=CN2CCNC2)CO1 1 N=C1NC(=O)C(=CC=CC=CN2CCNC2)CO1 1.0000000 1.0000 0.7902427 0.7902 0.7384368 4.3239
01:53:05 <INFO> Score: 0.68 Agent NLL: 15.18 Valid: 100% Step: 163
 | Agent Prior Target Score SMILES SMILES_state Scaffold DASA DASA (raw) Solubility Solubility (raw) SA SA (raw)
 | 17.3095 64.9137 48.1729 0.8834888 CC(=CC=CC(O)=c1c(=O)[nH][nH]c1=CC=C1C(=O)NC(=O)C(=O)N1CCO)N1CCSCC1 1 O=C1NC(=O)C(=CC=c2[nH][nH]c(=O)c2=CC=CC=CN2CCSCC2)NC1=O 1.0000000 1.0000 0.7875064 0.7875 0.7927034 4.1262
 | 10.2509 52.6190 57.7942 0.8626032 CN1NC(=O)C(=C(O)C=CC=CN2CCCCO2)N=C1N 1 O=C1NNC=NC1=CC=CC=CN1CCCCO1 1.0000000 1.0000 0.7472794 0.7473 0.7663248 4.2263
 | 29.5311 75.1240 33.1570 0.8459459 C=C1C(=O)C(NNC(=O)NNC(=O)NNC(=O)NN=C(C)CC)C(=O)C1=C(O)C=CC=CN(CCO)CCO 1 C=C1C(=C)C(=O)CC1=O 1.0000000 1.0000 0.7695142 0.7695 0.6571573 4.5761
 | 18.4654 66.4298 38.0516 0.8162604 O=C1NC(C(=O)O)N2C(=O)CC2C1=C(O)C=CC=CN1CC(CO)ONC1=O 1 O=C1NCN2C(=O)CC2C1=CC=CC=CN1CCONC1=O 1.0000000 1.0000 0.8206086 0.8206 0.4868136 5.0344
 | 13.9675 52.3947 64.7289 0.9150276 C=c1c(=O)c(=O)c1=C(O)C=CC=CN(C)OCCO 1 C=c1c(=C)c(=O)c1=O 1.0000000 1.0000 0.8778766 0.8779 0.7879906 4.1448
 | 12.2269 62.9540 52.9612 0.9055874 O=C1NCN(C=CC=CC(O)=C2C(=O)NC=NNNC2=O)C1=O 1 O=C1NCN(C=CC=CC=C2C(=O)NC=NNNC2=O)C1=O 1.0000000 1.0000 0.8867278 0.8867 0.7332488 4.3413
 | 22.4759 76.9349 31.9223 0.8504462 COCC=C(C)C1=NOC(=C(O)C=CC=CN2CC(=O)N(CCO)C2)C(=O)N1 1 O=C1CN(C=CC=CC=C2ON=CNC2=O)CN1 1.0000000 1.0000 0.7301752 0.7302 0.7407107 4.3162
 | 15.2396 56.2434 -56.2269 0.0001293 CN1C(=O)C(=C(O)C=CC=Cn2[nH][nH]c2=O)OC1(C)C 1 O=C1NCOC1=CC=CC=Cn1[nH][nH]c1=O 0.0000000 0.0000 0.7076511 0.7077 0.7054165 4.4311
 | 17.8145 63.6224 48.4909 0.8758850 CN1CC(=O)N(C=CC=CC(O)=C2C(=O)NC=C3C(=O)NC(=O)C32)CC1=O 1 O=C1CN(C=CC=CC=C2C(=O)NC=C3C(=O)NC(=O)C23)C(=O)CN1 1.0000000 1.0000 0.8135593 0.8136 0.7155928 4.3989
 | 12.4125 52.1593 60.5734 0.8807236 O=C1NCNC(=O)C1=C(O)C=CC=CN1CCCC(CO)C1 1 O=C1NCNC(=O)C1=CC=CC=CN1CCCCC1 1.0000000 1.0000 0.7730097 0.7730 0.8055353 4.0741
01:53:06 <INFO> Sampled SMILES N1C(=O)C(=C(O)C=CC=CN2CC(C(O)=O)NCC2)C(C)(C)C(=C(C)=C)C1=O failed to sanitize.
01:53:06 <INFO> Sampled SMILES N1C(=O)C(=C(O)C=CC=CN2CC(=O)NCC2=O)C(=O)NNC=N1C failed to sanitize.
01:53:06 <INFO> Score: 0.62 Agent NLL: 15.42 Valid:  98% Step: 164
 | Agent Prior Target Score SMILES SMILES_state Scaffold DASA DASA (raw) Solubility Solubility (raw) SA SA (raw)
 | 15.6531 52.0940 42.6021 0.7398136 CC(C)=C1OC(=O)C(=C(O)C=CC=CN2CCNC2=C(C)C)C1=O 1 C=C1OC(=O)C(=CC=CC=CN2CCNC2=C)C1=O 1.0000000 1.0000 0.4514901 0.4515 0.8265281 3.9830
 | 20.3073 73.5733 34.6047 0.8451411 CCN1CN(C=CC=CC(O)=C2C(=O)NNC(=NCC(C)C)NC2=O)C1=O 1 N=C1NNC(=O)C(=CC=CC=CN2CNC2=O)C(=O)N1 1.0000000 1.0000 0.6951210 0.6951 0.7812188 4.1709
 | 10.1438 52.1273 56.7342 0.8504802 CCN1C(=O)CC(=C(O)C=CC=CN2CC(O)C(O)C2CO)C1=O 1 O=C1CC(=CC=CC=CN2CCCC2)C(=O)N1 1.0000000 1.0000 0.8093901 0.8094 0.6186723 4.6848
 | 9.6567 54.2495 -54.2495 0.0000000 CN1CC(=O)NC(=O)C1=C(O)C=CC=CN(CCO)CCO 1 C=C1NCC(=O)NC1=O 1.0000000 1.0000 0.8538283 0.8538 0.8769848 3.7205
 | 14.2811 54.9919 61.9257 0.9134195 O=C1C(=C(O)C=CC=CN2CC2)C(=O)N1O 1 O=C1NC(=O)C1=CC=CC=CN1CC1 1.0000000 1.0000 0.8056550 0.8057 0.9073148 3.5139
 | 8.7965 51.4110 -51.4110 0.0000000 O=C1CC(=C(O)C=CC=CN(CCO)CCO)C(=O)NN1 1 C=C1CC(=O)NNC1=O 1.0000000 1.0000 0.8600734 0.8601 0.8502437 3.8688
 | 17.2733 52.5497 38.4117 0.7106363 O=C1NN(c2ccccc2)C(=O)C(=C(O)C=CC=CN2Cc3ccccc3C2)C1=O 1 O=C1NN(c2ccccc2)C(=O)C(=CC=CC=CN2Cc3ccccc3C2)C1=O 1.0000000 1.0000 0.3703848 0.3704 0.9462491 3.1316
 | 14.3913 56.8559 54.7323 0.8717833 O=C1Nc2ccccc2C(=O)N(CCO)C1=C(O)C=CC=CN(CCO)CCO 1 C=C1NC(=O)c2ccccc2NC1=O 1.0000000 1.0000 0.6936545 0.6937 0.9228778 3.3831
 | 11.6179 57.4804 -57.4804 0.0000000 COC1CN(C=CC=CC(O)=C2NNNC2=O)C1 1 O=C1NNNC1=CC=CC=CN1CCC1 1.0000000 1.0000 0.8353251 0.8353 0.7927490 4.1260
 | 29.7931 66.9220 -11.7625 0.4309339 CCCC=C(CCC)[N+]1=COC(=C(O)C=CC=CN2CCc3ccccc32)C(=O)C1 1 O=C1C[NH+]=COC1=CC=CC=CN1CCc2ccccc21 1.0000000 1.0000 0.0904416 0.0904 0.8072556 4.0670
01:53:07 <INFO> Score: 0.70 Agent NLL: 15.08 Valid: 100% Step: 165
 | Agent Prior Target Score SMILES SMILES_state Scaffold DASA DASA (raw) Solubility Solubility (raw) SA SA (raw)
 | 20.3387 61.6157 31.9663 0.7311094 COC=C1CCOC(=O)C(=C(O)C=CC=CN2CNc3ccccc32)C(=O)N1 1 C=C1CCOC(=O)C(=CC=CC=CN2CNc3ccccc32)C(=O)N1 1.0000000 1.0000 0.4279522 0.4280 0.8530329 3.8544
 | 13.6796 49.9654 59.0717 0.8518524 CC(=O)OCC1CN(C=CC=CC(O)=C2C(=O)NC(=O)N2C)C(=O)O1 1 O=C1NC(=O)C(=CC=CC=CN2CCOC2=O)N1 1.0000000 1.0000 0.7014291 0.7014 0.8015694 4.0905
 | 13.5105 67.5029 41.8199 0.8540837 CCN1C(=O)C(=O)N(C=CC=CC(O)=C2C(=O)NNC(O)C(=O)C2O)C1=S 1 O=C1CNNC(=O)C(=CC=CC=CN2C(=O)C(=O)NC2=S)C1 1.0000000 1.0000 0.8465061 0.8465 0.5848231 4.7768
 | 17.3142 75.0857 38.2630 0.8855367 O=C1NC(C=CN(CCO)CCO)=NOC1=C(O)C=CC=CN1CCN(CCO)C1 1 O=C1NC=NOC1=CC=CC=CN1CCNC1 1.0000000 1.0000 0.8208981 0.8209 0.7461535 4.2976
 | 23.0345 60.3694 47.1702 0.8401534 COC=C1NC(=O)C(=C(O)C=CC=CN2C=CC(=O)C2O)C1=O 1 C=C1NC(=O)C(=CC=CC=CN2C=CC(=O)C2)C1=O 1.0000000 1.0000 0.7664157 0.7664 0.6383661 4.6298
 | 11.1818 53.8980 49.3861 0.8069067 CN1NC(=O)C(=C(O)C=CC=CN(CCO)CCO)C2C1c1ccccc1N2C 1 C=C1C(=O)NNC2c3ccccc3NC12 1.0000000 1.0000 0.6349229 0.6349 0.7178944 4.3915
 | 23.3174 78.2368 8.4533 0.6772667 Cc1c(C(=O)O)c(=O)n2n1CC(=C(O)C=CC=CN1CCC3(CCCCC3)CO1)C(=O)N2 1 O=C1Nn2c(=O)ccn2CC1=CC=CC=CN1CCC2(CCCCC2)CO1 1.0000000 1.0000 0.4065094 0.4065 0.6246188 4.6683
 | 20.3727 60.5496 45.3763 0.8275465 CC1CC2C(=C(O)C=CC=CN(C)CCOCCO)C(=O)NC2C(=O)O1 1 C=C1C(=O)NC2C(=O)OCCC12 1.0000000 1.0000 0.7245674 0.7246 0.6505371 4.5952
 | 19.0160 35.9572 -35.9400 0.0001346 O=C1C(=O)c2ccccc2C(=O)C1=C(CS)OCCO 1 C=C1C(=O)C(=O)c2ccccc2C1=O 0.0000000 0.0000 0.6696289 0.6696 0.9611591 2.9097
 | 15.6996 59.0752 52.1091 0.8686271 CN1C=CC(=O)C(=C(O)C=CC=CN2CCOC(CO)C2)C(=O)N1 1 O=C1C=CNNC(=O)C1=CC=CC=CN1CCOCC1 1.0000000 1.0000 0.7664573 0.7665 0.7603634 4.2478
01:53:08 <INFO> Score: 0.68 Agent NLL: 16.33 Valid: 100% Step: 166
 | Agent Prior Target Score SMILES SMILES_state Scaffold DASA DASA (raw) Solubility Solubility (raw) SA SA (raw)
 | 10.0145 56.2568 -56.2568 0.0000000 CC(C=CN1CCOCC1)=CC(O)=C1C(=O)NNNC1=O 1 O=C1NNNC(=O)C1=CC=CC=CN1CCOCC1 1.0000000 1.0000 0.8092875 0.8093 0.8533670 3.8526
 | 28.7914 77.6815 25.4294 0.8055544 CC(C=CN1CCC2C(C(=O)O)C(=O)NC21)=CC(O)=C1C(=O)NNNC1=O 1 O=C1CC2CCN(C=CC=CC=C3C(=O)NNNC3=O)C2N1 1.0000000 1.0000 0.8197729 0.8198 0.4550240 5.1175
 | 9.9926 58.4289 52.9382 0.8700558 O=C1CN(C=CC=CC(O)=C2C(=O)NC3NC(=O)NC(=O)C23)CCN1 1 O=C1CN(C=CC=CC=C2C(=O)NC3NC(=O)NC(=O)C23)CCN1 1.0000000 1.0000 0.8405871 0.8406 0.6525331 4.5895
 | 19.6291 58.7737 50.9309 0.8570664 CC(=O)NC1C(=O)NC(=O)C1=C(O)C=CC=CN1OCC(C)(C)C1=O 1 O=C1CC(=CC=CC=CN2OCCC2=O)C(=O)N1 1.0000000 1.0000 0.7417278 0.7417 0.7505819 4.2823
 | 18.1252 70.8132 32.6594 0.8083798 CC(C=CN(CCO)CCO)=C1CC(=C(O)C=CC=CN2CNC(=O)N(C)C2=O)C(=O)N1 1 C=C1CC(=CC=CC=CN2CNC(=O)NC2=O)C(=O)N1 1.0000000 1.0000 0.6526682 0.6527 0.6906677 4.4767
 | 12.4741 58.0452 44.5682 0.8016671 O=C1NC(=O)C(=C(O)C=CC=CN2SCCS2)C(C(=O)O)N1 1 O=C1NCC(=CC=CC=CN2SCCS2)C(=O)N1 1.0000000 1.0000 0.6639293 0.6639 0.6415872 4.6207
 | 13.9420 43.3493 51.3734 0.7400212 O=C1CC(=CBr)OC1=C(O)C=CC=CN1CCOCC1 1 C=C1CC(=O)C(=CC=CC=CN2CCOCC2)O1 1.0000000 1.0000 0.4534391 0.4534 0.8215303 4.0054
 | 26.0470 82.5541 5.0855 0.6846844 CC(C=CCC(C)=CC=c1oc(=O)c(=C(O)C=CC=CN2CCNC(=O)C2)o1)=CC(O)=C1OC(=O)CC1O 1 O=C1CN(C=CC=CC=c2oc(=CC=CCC=CC=CC=C3CCC(=O)O3)oc2=O)CCN1 1.0000000 1.0000 0.5124471 0.5124 0.4410003 5.1545
 | 13.3887 57.3137 57.3919 0.8961371 CN1C(=O)C(=C(O)C=CC=CN2NCCO2)C1=O 1 O=C1NC(=O)C1=CC=CC=CN1NCCO1 1.0000000 1.0000 0.8106655 0.8107 0.8118820 4.0474
 | 22.8310 82.1369 15.2420 0.7607729 C=C1N=C(C)NNC(=O)C1=C(O)C=CC=CN1CC([N+](=O)[O-])=CC=C1N=NC(=N)N 1 C=C1N=CNNC(=O)C1=CC=CC=CN1C=CC=CC1 1.0000000 1.0000 0.5859555 0.5860 0.6064929 4.7182
01:53:08 <INFO> Sampled SMILES O=C1C(=C(O)C=CC=CN2CN(CCO)C(=O)[N+]2(C)(C)C)OC1(CO)O failed to sanitize.
01:53:09 <INFO> Score: 0.65 Agent NLL: 16.04 Valid:  98% Step: 167
 | Agent Prior Target Score SMILES SMILES_state Scaffold DASA DASA (raw) Solubility Solubility (raw) SA SA (raw)
 | 11.4183 48.3277 66.7820 0.8992948 CC(C=CN1CCOCC1)=CC(O)=C1C(=O)NC1=O 1 O=C1NC(=O)C1=CC=CC=CN1CCOCC1 1.0000000 1.0000 0.7579405 0.7579 0.9303030 3.3119
 | 11.6142 63.1817 -63.1817 0.0000000 CONC(C)=c1c(=O)[nH][nH]c(=O)c1=C(O)C=CC=CN(C)CCO 1 C=c1c(=O)[nH][nH]c(=O)c1=C 1.0000000 1.0000 0.8615197 0.8615 0.8110442 4.0510
 | 7.4442 58.9124 -58.9124 0.0000000 NC1=NNC(=O)C(=C(O)C=CC=CN2CCNC(=O)C2)C(=O)N1 1 O=C1CN(C=CC=CC=C2C(=O)NC=NNC2=O)CCN1 1.0000000 1.0000 0.8741993 0.8742 0.8457894 3.8913
 | 34.1813 83.1712 5.4781 0.6925721 CC1=CC(NC2CN2C=CC=CC(O)=C2OC(C)(C(O)CO)OC2=O)ON1 1 O=C1OCOC1=CC=CC=CN1CC1NC1C=CNO1 1.0000000 1.0000 0.7685803 0.7686 0.2304014 5.7857
 | 8.5745 50.4759 68.3345 0.9282061 O=C1CN(C=CC=CC(O)=C2C(=O)NC2=O)CCN1 1 O=C1CN(C=CC=CC=C2C(=O)NC2=O)CCN1 1.0000000 1.0000 0.8431700 0.8432 0.9115523 3.4804
 | 28.5410 74.1930 32.0828 0.8302800 CC(CO)C1C(=O)NC(=O)C1=C(O)C=CC=CN1C(=O)C(C)(C)NC(=O)C1C(=O)O 1 O=C1CN(C=CC=CC=C2CC(=O)NC2=O)C(=O)CN1 1.0000000 1.0000 0.7711520 0.7712 0.5935181 4.7534
 | 8.4364 45.6770 71.5518 0.9158500 O=C1NC(=O)C1=C(O)C=CC=CN1CCOCC1 1 O=C1NC(=O)C1=CC=CC=CN1CCOCC1 1.0000000 1.0000 0.7954124 0.7954 0.9408951 3.1971
 | 10.9728 50.0293 -50.0293 0.0000000 O=C1NC(=O)C(=C(O)C=CC=CN2C(=O)C(=O)c3ccccc32)C1=O 1 O=C1NC(=O)C(=CC=CC=CN2C(=O)C(=O)c3ccccc32)C1=O 1.0000000 1.0000 0.6808595 0.6809 0.9355125 3.2576
 | 9.5804 53.9694 54.3579 0.8463066 N=C1NC(=O)C(=C(O)C=CC=CN2N=CNN2)N1 1 N=C1NC(=O)C(=CC=CC=CN2N=CNN2)N1 1.0000000 1.0000 0.8605222 0.8605 0.5416102 4.8913
 | 15.7917 73.3698 34.3703 0.8417194 CN1C(=O)C(=O)N(C=CC=CC(O)=C2C(=O)NC2=O)C1=C(O)C=CC[n+]1ccccc1 1 O=C1NC(=CC=CC[n+]2ccccc2)N(C=CC=CC=C2C(=O)NC2=O)C1=O 1.0000000 1.0000 0.6654809 0.6655 0.8253555 3.9883
01:53:09 <INFO> Sampled SMILES c1(O)n(CC)c(=S)Nc2c1cccc2 failed to sanitize.
01:53:10 <INFO> Score: 0.60 Agent NLL: 15.13 Valid:  99% Step: 168
 | Agent Prior Target Score SMILES SMILES_state Scaffold DASA DASA (raw) Solubility Solubility (raw) SA SA (raw)
 | 16.0430 60.4860 45.3820 0.8270940 N#CC1(C#N)C(=N)NC(=O)C1=C(O)C=CC=CN1N=CNN1 1 N=C1CC(=CC=CC=CN2N=CNN2)C(=O)N1 1.0000000 1.0000 0.8057263 0.8057 0.5386848 4.8990
 | 24.3609 78.1977 26.6033 0.8187578 CCC(N)C(=O)NC1=C(OCOC)C2NC(=O)C(=C(O)C=CC=CN3CCNCC3)C2N(C)C1=O 1 O=C1C=CC2NC(=O)C(=CC=CC=CN3CCNCC3)C2N1 1.0000000 1.0000 0.7580462 0.7580 0.5683274 4.8208
 | 20.1536 62.6306 42.0985 0.8181963 CN1C=[N+](C=C2C(=O)OC(=C(O)C=CC=CN3CCCN3)C2=O)CC1 1 O=C1OC(=CC=CC=CN2CCCN2)C(=O)C1=C[N+]1=CNCC1 1.0000000 1.0000 0.7284398 0.7284 0.6071737 4.7163
 | 9.5709 53.5823 -53.5823 0.0000000 C=c1cc[nH]c(=O)c1=C(O)C=C(C)C=CN1CCOCC1 1 C=c1cc[nH]c(=O)c1=CC=CC=CN1CCOCC1 1.0000000 1.0000 0.7194889 0.7195 0.8753380 3.7303
 | 21.6812 63.7208 36.6046 0.7837922 CC=C(C)C1C(=O)C1=C(O)C=CC=CN1CC(=O)N(CC)CC1=O 1 O=C1CN(C=CC=CC=C2CC2=O)C(=O)CN1 1.0000000 1.0000 0.5724334 0.5724 0.7388155 4.3226
 | 14.6856 56.2719 -56.2719 0.0000000 CN1CCN(C(=CC=CC(O)=C2C(=O)N(C)C(=O)N(C)C2=O)CCCNC(=O)OC(C)(C)C)CC1 1 O=C1NC(=O)C(=CC=CC=CN2CCNCC2)C(=O)N1 1.0000000 1.0000 0.4569268 0.4569 0.9366341 3.2454
 | 12.4282 48.9078 -48.9078 0.0000000 CC(C=CN(CCO)CCO)=CC(O)=C1C(=O)NC(=S)NC1=O 1 C=C1C(=O)NC(=S)NC1=O 1.0000000 1.0000 0.8177733 0.8178 0.8922857 3.6227
 | 7.9440 67.0907 50.3041 0.9171463 N=C1NNC(=O)C(=C(O)C=CC=CN2CCN(CCO)C2)C(=O)N1 1 N=C1NNC(=O)C(=CC=CC=CN2CCNC2)C(=O)N1 1.0000000 1.0000 0.8607017 0.8607 0.8256775 3.9868
 | 9.8464 46.2716 -46.2716 0.0000000 CN1OC(=O)C(=C(O)C=C(O)C=CN2CCOCC2)C1=O 1 O=C1NOC(=O)C1=CC=CC=CN1CCOCC1 1.0000000 1.0000 0.7553813 0.7554 0.8591407 3.8221
 | 18.4295 64.9453 47.0836 0.8752260 CN1C(=O)CN(C=CC=CC(O)=C2CCC(=C3C(=O)NNC3=O)NC2=O)C1=O 1 O=C1CN(C=CC=CC=C2CCC(=C3C(=O)NNC3=O)NC2=O)C(=O)N1 1.0000000 1.0000 0.7637083 0.7637 0.7961739 4.1124
01:53:10 <INFO> Score: 0.65 Agent NLL: 15.17 Valid:  99% Step: 169
 | Agent Prior Target Score SMILES SMILES_state Scaffold DASA DASA (raw) Solubility Solubility (raw) SA SA (raw)
 | 9.1528 41.7491 -41.7491 0.0000000 O=C1NC(=O)C(=C(O)C=CC=CN(CCO)CCO)C(=O)N1 1 C=C1C(=O)NC(=O)NC1=O 1.0000000 1.0000 0.8626767 0.8627 0.9187340 3.4201
 | 8.7960 57.5542 58.6217 0.9076241 N=C1NC(=O)C(=C(O)C=CC=CN2CCCN(CCO)C2)C(=O)N1 1 N=C1NC(=O)C(=CC=CC=CN2CCCNC2)C(=O)N1 1.0000000 1.0000 0.8134492 0.8134 0.8628359 3.8020
 | 10.8826 46.9400 59.6354 0.8326201 CCN1C(=O)OC(=C(O)C=CC=C(C)N2CCOCC2)C1=O 1 O=C1NC(=O)C(=CC=CC=CN2CCOCC2)O1 1.0000000 1.0000 0.6035921 0.6036 0.9247937 3.3653
 | 14.9478 51.9455 -51.9455 0.0000000 C=C(C)C1NC(=O)C1=C(O)C=CC=CN1CCOCC1 1 O=C1NCC1=CC=CC=CN1CCOCC1 1.0000000 1.0000 0.6590090 0.6590 0.8072659 4.0669
 | 14.6053 55.5886 50.4146 0.8281501 C=C1C(=O)OC(=C(O)C=CC=CN2CNCC(O)CO2)C1=O 1 C=C1C(=O)OC(=CC=CC=CN2CNCCCO2)C1=O 1.0000000 1.0000 0.7738361 0.7738 0.5820185 4.7843
 | 14.9946 66.1895 50.0192 0.9078799 O=c1[nH]c(=C(O)CO)c(=O)[nH]c1=C(O)C=CC=CN1CCCC1 1 C=c1[nH]c(=O)c(=CC=CC=CN2CCCC2)[nH]c1=O 1.0000000 1.0000 0.8247214 0.8247 0.8435510 3.9024
 | 19.7069 75.1697 30.1357 0.8226985 CC(CO)=C(CO)N1NC(=O)C(=C(O)C=CC=CN2CC(O)CC2C(=O)O)N1 1 O=C1NNNC1=CC=CC=CN1CCCC1 1.0000000 1.0000 0.8237942 0.8238 0.5038845 4.9899
 | 12.5805 53.9530 -53.9530 0.0000000 CCN(C=CC=CC(O)=C1C(=O)NNC1=O)c1ccccc1 1 O=C1NNC(=O)C1=CC=CC=CNc1ccccc1 1.0000000 1.0000 0.5931515 0.5932 0.9317319 3.2974
 | 11.6201 50.0982 59.8333 0.8588396 C=CONC=CC=CC(O)=C1OC1=O 1 C=C1OC1=O 1.0000000 1.0000 0.7440926 0.7441 0.7545553 4.2684
 | 10.1384 55.2473 58.7566 0.8906553 CC(=O)N1NC(=O)C(=C(O)C=CC=CN2CCNC2)N1 1 O=C1NNNC1=CC=CC=CN1CCNC1 1.0000000 1.0000 0.8277042 0.8277 0.7580436 4.2561
01:53:11 <INFO> Sampled SMILES C1(=O)C(=C(O)C=CC=CN2CCC[N+](=O)(=O)c3ccccc32)C(=C)CN1C failed to sanitize.
01:53:11 <INFO> Score: 0.71 Agent NLL: 15.21 Valid:  99% Step: 170
 | Agent Prior Target Score SMILES SMILES_state Scaffold DASA DASA (raw) Solubility Solubility (raw) SA SA (raw)
 | 10.9964 70.8613 46.1053 0.9138015 O=c1[nH]c(=C(O)CO)oc(=O)c1=C(O)C=CC=CN1CN(CCO)C1 1 C=c1[nH]c(=O)c(=CC=CC=CN2CNC2)c(=O)o1 1.0000000 1.0000 0.8843415 0.8843 0.7724798 4.2037
 | 12.1798 48.5133 67.4694 0.9061149 NC(=O)C1CCCN1C=CC=CC(O)=C1C(=O)NC(=O)NC1=O 1 O=C1NC(=O)C(=CC=CC=CN2CCCC2)C(=O)N1 1.0000000 1.0000 0.8050275 0.8050 0.8710506 3.7556
 | 24.4389 70.7315 36.0134 0.8339444 CN1SC(C([O-])O)=C(C(=O)O)C(=C(O)C=CC=CN2CCCNC2)C1=O 1 O=C1NSC=CC1=CC=CC=CN1CCCNC1 1.0000000 1.0000 0.7687229 0.7687 0.6107629 4.7065
 | 10.0641 47.1821 66.0816 0.8848726 O=C1NC(=O)C(=C(O)C=CC=CN2CC(O)C(O)C(CO)C2)C(=O)N1 1 O=C1NC(=O)C(=CC=CC=CN2CCCCC2)C(=O)N1 1.0000000 1.0000 0.8595040 0.8595 0.6857884 4.4915
 | 14.1678 61.7397 51.8698 0.8875743 CN1CC(=C(O)C=CC=CN2CC(=O)NCC2C(=O)O)C1=O 1 O=C1CN(C=CC=CC=C2CNC2=O)CCN1 1.0000000 1.0000 0.8098761 0.8099 0.7732899 4.2007
 | 11.5810 69.8478 41.5026 0.8699253 CC(=O)OCC1CN(C=CC=CC(O)=C2C(=O)NNC(=N)NC2=O)C(=O)O1 1 N=C1NNC(=O)C(=CC=CC=CN2CCOC2=O)C(=O)N1 1.0000000 1.0000 0.7921504 0.7922 0.7233807 4.3738
 | 12.5749 55.3197 61.4669 0.9123952 NC(=O)C1COCCN1C=CC=CC(O)=C1C(=O)N=C(N)NC1=O 1 O=C1N=CNC(=O)C1=CC=CC=CN1CCOCC1 1.0000000 1.0000 0.8608552 0.8609 0.8032172 4.0837
 | 14.0472 60.5705 54.7683 0.9010841 NC1=NCN(C=CC=CC(O)=C2C(=O)N=C(N3CCOCC3)NC2=O)C(=O)N1 1 O=C1N=C(N2CCOCC2)NC(=O)C1=CC=CC=CN1CN=CNC1=O 1.0000000 1.0000 0.8003860 0.8004 0.8545625 3.8464
 | 19.8820 57.9454 40.8174 0.7715846 CSCCC1COC(=C(O)C=CC=CN2CCC(O)CC2)C(=O)N1C 1 O=C1NCCOC1=CC=CC=CN1CCCCC1 1.0000000 1.0000 0.5298632 0.5299 0.7788918 4.1797
 | 9.0543 66.0447 -66.0447 0.0000000 N=C1NNC(=O)C(=C(O)C=CC=CN2CNCC2=O)C(=O)N1 1 N=C1NNC(=O)C(=CC=CC=CN2CNCC2=O)C(=O)N1 1.0000000 1.0000 0.8727918 0.8728 0.7494129 4.2864
01:53:12 <INFO> Sampled SMILES O=C1C(=C(O)C=CC=CN2C(c3cccccc3)OC2=O)OC(=O)C1=COC failed to sanitize.
01:53:12 <INFO> Sampled SMILES O=C1NC(=O)C(=C(O)C=CC=CN2CN(CCO)CC2)C([N-]=C(C)N)O1 failed to sanitize.
01:53:12 <INFO> Score: 0.72 Agent NLL: 16.49 Valid:  98% Step: 171
 | Agent Prior Target Score SMILES SMILES_state Scaffold DASA DASA (raw) Solubility Solubility (raw) SA SA (raw)
 | 22.8893 65.7778 43.2069 0.8514428 Cn1c(=CC[n+]2ccccn2)sc(=O)c(=C(O)C=CC=CN2CCCNC2)c1=O 1 O=c1[nH]c(=CC[n+]2ccccn2)sc(=O)c1=CC=CC=CN1CCCNC1 1.0000000 1.0000 0.7357620 0.7358 0.7354040 4.3341
 | 17.9571 65.9985 43.9185 0.8587271 CC1=NN=C(Cl)NC(=O)C1=C(O)C=CC=CN1CC(=O)N(CCO)C1 1 O=C1CN(C=CC=CC=C2C=NN=CNC2=O)CN1 1.0000000 1.0000 0.7177777 0.7178 0.8030767 4.0843
 | 12.7509 51.0443 62.8703 0.8899581 CC(C=CN1CCOCC1)=CC(O)=C1C(=O)C(=O)N(C)C1=O 1 O=C1NC(=O)C(=CC=CC=CN2CCOCC2)C1=O 1.0000000 1.0000 0.7375374 0.7375 0.9237792 3.3748
 | 19.3071 77.2212 23.9954 0.7907547 COCCOCOC(O)=C1NC(=O)C(=C(O)C=CC=CN2CCOC(CO)C2)N2CCCC12 1 C=C1NC(=O)C(=CC=CC=CN2CCOCC2)N2CCCC12 1.0000000 1.0000 0.6474563 0.6475 0.6238801 4.6703
 | 15.3724 53.4241 59.4877 0.8821235 CN1NC(=O)C(=C(O)C=CC=CN2CC(N)CC2C(N)=O)C1=O 1 O=C1NNC(=O)C1=CC=CC=CN1CCCC1 1.0000000 1.0000 0.8560780 0.8561 0.6794086 4.5107
 | 26.2597 100.5778 6.6003 0.8373286 CCCC1=C(O)C=CC=CN2CN2C(=O)C(=NC(=O)C(NNCCO)=C2NC(=O)NC2=O)NC1=O 1 O=C(C=C1NC(=O)NC1=O)N=C1NC(=O)C=CC=CC=CN2CN2C1=O 1.0000000 1.0000 0.8057556 0.8058 0.5745763 4.8042
 | 38.9987 87.3711 -14.7920 0.5670247 CC(C=CN1CCc2ccccc21)=CC(O)=C1C(=O)NC2NC(=O)C3CC4C(=O)NNN3N4C12 1 O=C1NC2NC(=O)C3CC4C(=O)NNN3N4C2C1=CC=CC=CN1CCc2ccccc21 1.0000000 1.0000 0.6641832 0.6642 0.1040894 6.4023
 | 7.4646 56.5664 -56.5664 0.0000000 CN1NC(=O)C(=C(O)C=CC=CN2CC(=O)N(C)C(=O)C2=O)N=C1N 1 O=C1CN(C=CC=CC=C2N=CNNC2=O)C(=O)C(=O)N1 1.0000000 1.0000 0.8537486 0.8537 0.8211269 4.0072
 | 20.0259 45.2808 -45.2808 0.0000000 CC(=O)N(O)C=CC=CC(O)=C1C(=O)N(C)C(=O)N(C)C1=O 1 C=C1C(=O)NC(=O)NC1=O 1.0000000 1.0000 0.7357006 0.7357 0.9092148 3.4990
 | 13.5977 58.0089 51.7677 0.8576295 O=C1NC(=O)C1=C(O)C=CC=CN1CNC(Cc2ccccc2)C1=O 1 O=C1NC(=O)C1=CC=CC=CN1CNC(Cc2ccccc2)C1=O 1.0000000 1.0000 0.6773288 0.6773 0.8829259 3.6838
01:53:12 <INFO> Sampled SMILES N1C(=O)C(=C(O)C=CC=CN2CC(CN)O2)N=C(CF)(C)C(=O)O1 failed to sanitize.
01:53:12 <INFO> Sampled SMILES N1C(=O)C(=C(O)C=CC=CN2CN(CCO)CC2)(N2CCCC2)N(C)C1=O failed to sanitize.
01:53:13 <INFO> Score: 0.67 Agent NLL: 14.83 Valid:  98% Step: 172
 | Agent Prior Target Score SMILES SMILES_state Scaffold DASA DASA (raw) Solubility Solubility (raw) SA SA (raw)
 | 13.2659 56.8959 43.1784 0.7818302 COC1CN(C=CC=CC(O)=C2N[n+]3ccccc3NC2=O)C(=O)O1 1 O=C1Nc2cccc[n+]2NC1=CC=CC=CN1CCOC1=O 1.0000000 1.0000 0.6451920 0.6452 0.5914047 4.7591
 | 6.5696 53.0625 -53.0625 0.0000000 C=c1c(=O)c1=C(O)C=CC=CN(CCO)CCO 1 C=c1c(=C)c1=O 1.0000000 1.0000 0.8868263 0.8868 0.8654783 3.7873
 | 12.0446 60.9001 53.9647 0.8973811 NC1=NNC(=O)C1=C(O)C=CC=CN1CNN=C1N 1 O=C1NN=CC1=CC=CC=CN1C=NNC1 1.0000000 1.0000 0.8724103 0.8724 0.7192295 4.3872
 | 17.0477 61.4536 44.3674 0.8267264 CC1=CC(=C2COC(=O)C(=C(O)C=CC=CN3CCOC(CO)C3)C(=O)N2)OC1=O 1 O=C1C=CC(=C2COC(=O)C(=CC=CC=CN3CCOCC3)C(=O)N2)O1 1.0000000 1.0000 0.6831552 0.6832 0.7173656 4.3932
 | 17.2656 63.0814 33.9432 0.7580049 NC1CC(C(=O)O)N(C=CC=CC(O)=C2SC(=Nc3ccccc3)N(CC(=O)O)NC2=O)C1 1 O=C1NNC(=Nc2ccccc2)SC1=CC=CC=CN1CCCC1 1.0000000 1.0000 0.5329030 0.5329 0.7024961 4.4403
 | 9.9299 49.3592 -49.3592 0.0000000 CN1C(=O)CN(C=CC=CC(O)=C2C(=O)NC(=S)NC2=O)C1=O 1 O=C1CN(C=CC=CC=C2C(=O)NC(=S)NC2=O)C(=O)N1 1.0000000 1.0000 0.7819752 0.7820 0.8940083 3.6109
 | 14.1437 58.4586 51.8834 0.8620463 O=C1C(=C(O)C=CC=CN2CCC(O)C2)C1N1CCOCC1 1 O=C1C(=CC=CC=CN2CCCC2)C1N1CCOCC1 1.0000000 1.0000 0.7397413 0.7397 0.7774021 4.1853
 | 9.0946 51.1070 -51.1070 0.0000000 O=C1CC(=O)C(=C(O)C=CC=CN2CC(O)C2)O1 1 O=C1CC(=O)C(=CC=CC=CN2CCC2)O1 1.0000000 1.0000 0.7834146 0.7834 0.8347235 3.9450
 | 6.5696 53.0625 -53.0625 0.0000000 C=c1c(=O)c1=C(O)C=CC=CN(CCO)CCO 2 C=c1c(=C)c1=O 0.0000000 1.0000 0.0000000 0.8868 0.0000000 3.7873
 | 13.3911 52.2191 62.5856 0.8969119 O=C1CN(C=CC=CC(O)=C2CC(=O)NC(=O)NC2=O)CCCN1 1 O=C1CN(C=CC=CC=C2CC(=O)NC(=O)NC2=O)CCCN1 1.0000000 1.0000 0.7727081 0.7727 0.8869706 3.6579
01:53:14 <INFO> Score: 0.69 Agent NLL: 15.83 Valid: 100% Step: 173
 | Agent Prior Target Score SMILES SMILES_state Scaffold DASA DASA (raw) Solubility Solubility (raw) SA SA (raw)
 | 9.1913 51.5095 62.8589 0.8935029 CN1NC(=O)C(=C(O)C=CC=CN2CCOC(CO)C2)C1=O 1 O=C1NNC(=O)C1=CC=CC=CN1CCOCC1 1.0000000 1.0000 0.8185203 0.8185 0.7860538 4.1523
 | 10.2564 49.6992 67.5384 0.9159191 NC1=NNC(=O)C1=C(O)C=CC=CN1CCNC(=O)C1 1 O=C1CN(C=CC=CC=C2C=NNC2=O)CCN1 1.0000000 1.0000 0.8496823 0.8497 0.8385922 3.9266
 | 12.1054 61.2613 51.9192 0.8842230 O=C1NNC(O)NC(=O)C1=C(O)C=CC=CN1CCNC1 1 O=C1NCNNC(=O)C1=CC=CC=CN1CCNC1 1.0000000 1.0000 0.8851992 0.8852 0.6488253 4.6001
 | 10.2254 45.1123 -45.1123 0.0000000 C=C1OC(=O)C(=C(O)C=CC=CN2CCOCC2)C1O 1 C=C1CC(=CC=CC=CN2CCOCC2)C(=O)O1 1.0000000 1.0000 0.7151655 0.7152 0.7725875 4.2033
 | 9.7107 42.5347 -42.5347 0.0000000 CC(C=CN1CCOCC1)=CC(O)=C1C(=O)NC(=O)C1=O 1 O=C1NC(=O)C(=CC=CC=CN2CCOCC2)C1=O 1.0000000 1.0000 0.7728822 0.7729 0.9237557 3.3750
 | 10.2927 66.5460 54.0901 0.9424698 O=C1NC(=O)C(=c2c(=O)[nH][nH]c(=O)c2=C(O)C=CC=CN(CCO)CCO)C(=O)N1 1 C=c1c(=O)[nH][nH]c(=O)c1=C1C(=O)NC(=O)NC1=O 1.0000000 1.0000 0.9232818 0.9233 0.8424984 3.9076
 | 11.8000 54.4123 56.8673 0.8693717 CCN1C(=O)OC(=C(O)C=CC=CN2CCNC2)C1=O 1 O=C1NC(=O)C(=CC=CC=CN2CCNC2)O1 1.0000000 1.0000 0.7173204 0.7173 0.8576909 3.8299
 | 16.7691 64.2857 47.7317 0.8751356 O=C1NC=NN(CCO)C1=C(O)C=CC=CN1CN(CCO)CC1C(=O)O 1 O=C1NC=NNC1=CC=CC=CN1CCNC1 1.0000000 1.0000 0.8499707 0.8500 0.6598400 4.5684
 | 13.3974 59.6607 54.8357 0.8945037 CC(C=CN1CCOCC1)=CC(O)=c1c(=O)[nH]c(=CC=C2C(=O)NC(=O)NC2=O)oc1=O 1 O=C1NC(=O)C(=CC=c2[nH]c(=O)c(=CC=CC=CN3CCOCC3)c(=O)o2)C(=O)N1 1.0000000 1.0000 0.8008365 0.8008 0.8214940 4.0056
 | 13.6232 49.1401 58.9520 0.8444696 CN1C(=O)OC(=C(O)C=CC=CN2OCCOC2=O)C1=O 1 O=C1NC(=O)C(=CC=CC=CN2OCCOC2=O)O1 1.0000000 1.0000 0.6857213 0.6857 0.7967238 4.1102
01:53:15 <INFO> Score: 0.65 Agent NLL: 14.53 Valid: 100% Step: 174
 | Agent Prior Target Score SMILES SMILES_state Scaffold DASA DASA (raw) Solubility Solubility (raw) SA SA (raw)
 | 13.4730 61.1694 55.9368 0.9148923 CC(C=CN(C)CCO)=CC(O)=C1C(=O)N=C(N)NNC1=O 1 C=C1C(=O)N=CNNC1=O 1.0000000 1.0000 0.8467292 0.8467 0.8387633 3.9257
 | 7.5147 43.9548 -43.9548 0.0000000 CC(=CC=CC(O)=C1C(=O)NC(=O)NC1=O)N(CCO)CCO 1 C=C1C(=O)NC(=O)NC1=O 1.0000000 1.0000 0.8358171 0.8358 0.9253398 3.3602
 | 6.8380 48.1865 -48.1865 0.0000000 N=C1NC(=O)C(=C(O)C=CC=CN(CCO)CCO)C(=O)N1 1 C=C1C(=O)NC(=N)NC1=O 1.0000000 1.0000 0.8717181 0.8717 0.8560451 3.8386
 | 50.7390 92.5669 -11.8766 0.6303929 CCOC(=O)N=C1CSC(=C(O)C=CC=CN2C(=O)C3CNC2C2N(C(=O)CO)N=C(C(N)=O)N32)C(=O)N1 1 N=C1CSC(=CC=CC=CN2C(=O)C3CNC2C2NN=CN32)C(=O)N1 1.0000000 1.0000 0.7772283 0.7772 0.1378794 6.1941
 | 9.3608 54.1480 61.1744 0.9009567 O=C1NC(=O)C(=O)C(=C(O)C=CC=CN2CCCO2)C(=O)N1 1 O=C1NC(=O)C(=O)C(=CC=CC=CN2CCCO2)C(=O)N1 1.0000000 1.0000 0.7898016 0.7898 0.8740556 3.7380
 | 28.1755 54.3673 -54.3523 0.0001174 C=C1C(=O)OC(=CCOC(C)=O)C1C=CC(O)=C1C(=O)N(C)OC(C)C1O 1 C=C1OC(=O)C(=C)C1C=CC=C1CCONC1=O 0.0000000 0.0000 0.6460539 0.6461 0.4981959 5.0047
 | 11.5582 20.9301 -20.9126 0.0001368 CCN(C=C1C(=O)OC(C)(C)OC1=O)CC 1 C=C1C(=O)OCOC1=O 0.0000000 0.0000 0.7099398 0.7099 0.9441007 3.1586
 | 19.7608 66.8065 25.9324 0.7245230 CC1NOC(C)N1C=CC=CC(O)=C1SC(=O)N(C)NC1=O 1 O=C1NNC(=O)C(=CC=CC=CN2CNOC2)S1 1.0000000 1.0000 0.6255736 0.6256 0.4185879 5.2140
 | 7.8540 52.8369 63.0308 0.9052165 NC1=NNC(=O)C1=C(O)C=CC=CN1CCNC1 1 O=C1NN=CC1=CC=CC=CN1CCNC1 1.0000000 1.0000 0.8405419 0.8405 0.8034736 4.0827
 | 8.9601 55.1360 -55.1360 0.0000000 NC1=NC(=O)C(=C(O)C=CC=CN2CC(N)CC2C(=O)O)C(=O)N1 1 O=C1N=CNC(=O)C1=CC=CC=CN1CCCC1 1.0000000 1.0000 0.8459620 0.8460 0.7189435 4.3881
01:53:15 <INFO> Sampled SMILES CN1C(=O)C(=C(O)C=CC=CN2CN(CCO)CC2)OCC1C(=C1OC(C)(O)C(=O)C1)=O failed to sanitize.
01:53:15 <INFO> Score: 0.64 Agent NLL: 15.74 Valid:  99% Step: 175
 | Agent Prior Target Score SMILES SMILES_state Scaffold DASA DASA (raw) Solubility Solubility (raw) SA SA (raw)
 | 19.2767 72.7306 44.9815 0.9196258 O=c1nc2[nH]c(=O)c(=C(O)C=CC=CN3CCCN(CCO)C3)c(=O)n2nc1CO 1 O=c1cnn2c(=O)c(=CC=CC=CN3CCCNC3)c(=O)[nH]c2n1 1.0000000 1.0000 0.8606716 0.8607 0.8375154 3.9317
 | 16.3929 60.9434 41.9053 0.8035055 O=C(O)C1=COC(=O)C(=C(O)C=CC=CN2CNc3ccccc32)C(=O)N1 1 O=C1NC=COC(=O)C1=CC=CC=CN1CNc2ccccc21 1.0000000 1.0000 0.5621966 0.5622 0.8687347 3.7689
 | 15.5143 55.7010 56.5434 0.8769086 CN1CCCN1C=CC=CC(O)=C1C(=O)NC(=O)C1O 1 O=C1CC(=CC=CC=CN2CCCN2)C(=O)N1 1.0000000 1.0000 0.8063680 0.8064 0.7312688 4.3479
 | 9.9531 57.4722 -57.4722 0.0000000 C=c1c(=O)c1=C(O)C=CC=CN1C(=O)C(=O)N(C)C1=O 1 C=c1c(=O)c1=CC=CC=CN1C(=O)NC(=O)C1=O 1.0000000 1.0000 0.8533827 0.8534 0.8542094 3.8482
 | 7.7405 49.0812 -49.0812 0.0000000 C=c1c(=O)c(=O)c(=O)c1=C(O)C=CC=C(C)N(CCO)CCO 1 C=c1c(=C)c(=O)c(=O)c1=O 1.0000000 1.0000 0.8931435 0.8931 0.8656257 3.7865
 | 26.9124 89.4794 -12.6436 0.6002798 CCCCN1CN(C=CC=CC(O)=C2N=C(C(C)=CC=CN3CCCC3)NC2=O)N=C(N)C1(C)C 1 O=C1NC(C=CC=CN2CCCC2)=NC1=CC=CC=CN1CNCC=N1 1.0000000 1.0000 0.2628427 0.2628 0.7110319 4.4134
 | 10.5932 55.2546 59.3502 0.8953501 CC(=CC=CC(O)=c1c(=O)[nH]c(=O)[nH]c(=O)c1=C(C)C)N1CCOCC1 1 C=c1c(=O)[nH]c(=O)[nH]c(=O)c1=CC=CC=CN1CCOCC1 1.0000000 1.0000 0.7607337 0.7607 0.9032450 3.5448
 | 14.1703 57.1293 52.9124 0.8597003 CC(=O)NC1C(=O)C(=C(O)C=CC=CN2CCNC(=O)C2)OC1CCO 1 O=C1CN(C=CC=CC=C2OCCC2=O)CCN1 1.0000000 1.0000 0.7956271 0.7956 0.6746531 4.5249
 | 13.5507 63.9501 50.6185 0.8950673 C=c1c(=O)[nH]c(=O)[nH]c(=O)c1=C(O)C=CC=CN1C=CCNC1 1 C=c1c(=O)[nH]c(=O)[nH]c(=O)c1=CC=CC=CN1C=CCNC1 1.0000000 1.0000 0.8515898 0.8516 0.7401830 4.3180
 | 9.5870 50.9688 -50.9688 0.0000000 CCN1C(=O)CN(C=CC=CC(O)=C2C(=O)NC(=O)N(C)C2=O)C1=O 1 O=C1CN(C=CC=CC=C2C(=O)NC(=O)NC2=O)C(=O)N1 1.0000000 1.0000 0.7400083 0.7400 0.9182844 3.4240
01:53:16 <INFO> Score: 0.73 Agent NLL: 15.49 Valid: 100% Step: 176
 | Agent Prior Target Score SMILES SMILES_state Scaffold DASA DASA (raw) Solubility Solubility (raw) SA SA (raw)
 | 18.5810 58.8578 44.3795 0.8065414 CC1CN(C=CC=CC(O)=C2C(=O)C=C2C(C)O)CCO1 1 O=C1C=CC1=CC=CC=CN1CCOCC1 1.0000000 1.0000 0.6242058 0.6242 0.7378472 4.3259
 | 10.2183 52.3863 62.1890 0.8951192 CCN1CN(C=CC=CC(O)=C2C(=O)NC(=N)NC2=O)C1 1 N=C1NC(=O)C(=CC=CC=CN2CNC2)C(=O)N1 1.0000000 1.0000 0.7948928 0.7949 0.8352846 3.9423
 | 26.2657 105.5578 -0.6672 0.8194579 CC(=CC=c1[nH]n(C(C)=CC=CC(=O)NN)c(=O)c1=C(O)C=CC=CN1CCNC(=O)C1C(=O)O)N(CCO)CCO 1 C=c1[nH][nH]c(=O)c1=CC=CC=CN1CCNC(=O)C1 1.0000000 1.0000 0.8186006 0.8186 0.4990438 5.0025
 | 31.3353 48.9023 -48.8864 0.0001247 CC(=O)OC(C)=C1C(=O)NC2(NC(=O)C(O)=NO)CCCN1C2=O 1 C=C1C(=O)NC2CCCN1C2=O 0.0000000 0.0000 0.8116189 0.8116 0.4586545 5.1080
 | 8.4943 56.7606 59.4040 0.9075361 O=C1NC(=O)C(=O)C(=C(O)C=CC=CN2CCOC(CO)C2)C(=O)N1 1 O=C1NC(=O)C(=O)C(=CC=CC=CN2CCOCC2)C(=O)N1 1.0000000 1.0000 0.8285580 0.8286 0.8350652 3.9434
 | 13.7632 62.3259 45.1982 0.8400326 C=C1NC(=O)C(=C(O)C=CC=CN2CNC(=O)C2)C(O)C1=C 1 C=C1CC(=CC=CC=CN2CNC(=O)C2)C(=O)NC1=C 1.0000000 1.0000 0.7657680 0.7658 0.6388290 4.6285
 | 14.5050 64.0998 45.4682 0.8559996 C[n+]1ccccc1N1CCN(C=CC=CC(O)=C2C(=O)NC(=O)N=C2N)C1 1 O=C1N=CC(=CC=CC=CN2CCN(c3cccc[nH+]3)C2)C(=O)N1 1.0000000 1.0000 0.6886222 0.6886 0.8492187 3.8740
 | 9.1664 60.1715 58.6513 0.9283031 CN1C(=O)CN(C=CC=CC(O)=C2C(=O)NNNC2=O)C(=O)C1=O 1 O=C1CN(C=CC=CC=C2C(=O)NNNC2=O)C(=O)C(=O)N1 1.0000000 1.0000 0.8855646 0.8856 0.8370201 3.9341
 | 10.0339 58.1803 51.8487 0.8596016 C=c1c(=O)c1=C(O)C=CC=CN1CC(O)C(O)C(O)C1CO 1 C=c1c(=O)c1=CC=CC=CN1CCCCC1 1.0000000 1.0000 0.9121347 0.9121 0.5308319 4.9196
 | 11.5257 64.3868 52.3390 0.9119199 O=c1[nH]c(=CCO)oc(=O)c1=C(O)C=CC=CN1CN(CCO)C1 1 C=c1[nH]c(=O)c(=CC=CC=CN2CNC2)c(=O)o1 1.0000000 1.0000 0.8855523 0.8856 0.7623383 4.2407
01:53:17 <INFO> Sampled SMILES S=C1NC(=O)C(=C(O)C=CC=CN2CN(CCO)CC2)C([N-]=C(O)C(=CN(C)C)C)O1 failed to sanitize.
01:53:17 <INFO> Score: 0.67 Agent NLL: 15.30 Valid:  99% Step: 177
 | Agent Prior Target Score SMILES SMILES_state Scaffold DASA DASA (raw) Solubility Solubility (raw) SA SA (raw)
 | 15.6774 49.9978 63.5154 0.8868221 O=C1CCN(C=CC=CC(O)=C2C(=O)C=CC2=O)N1 1 O=C1CCN(C=CC=CC=C2C(=O)C=CC2=O)N1 1.0000000 1.0000 0.7552079 0.7552 0.8700118 3.7616
 | 12.1952 64.5815 38.9991 0.8092231 CON1NC(=O)C(=C(O)C=CC=CN2NNC2O)C(C)=C1C 1 O=C1NNC=CC1=CC=CC=CN1CNN1 1.0000000 1.0000 0.7792485 0.7792 0.5092434 4.9759
 | 14.8859 59.8009 -59.8009 0.0000000 CC(=O)N=C1NC(=O)C(=C(O)C=CC=CN2CC(N)CC2C(=O)O)C1=O 1 N=C1NC(=O)C(=CC=CC=CN2CCCC2)C1=O 1.0000000 1.0000 0.7920536 0.7921 0.6594681 4.5694
 | 13.8898 56.7829 56.5296 0.8852540 O=C(O)C1=NC(=O)C1=C(O)C=CC=CN1CCOC(CO)C1 1 O=C1N=CC1=CC=CC=CN1CCOCC1 1.0000000 1.0000 0.7893939 0.7894 0.7977051 4.1062
 | 17.7832 54.2546 55.6808 0.8588702 COC(OC)=C1C(=O)N(C)C(=O)C1=C(O)C=CC=CN1CCOCC1 1 C=C1C(=O)NC(=O)C1=CC=CC=CN1CCOCC1 1.0000000 1.0000 0.6733426 0.6733 0.8988894 3.5766
 | 12.0160 62.3776 52.9817 0.9012450 O=C1N=C(N=CN2CC2)NC(=O)C1=C(O)C=CC=CN1CNC(=O)C1=O 1 O=C1N=C(N=CN2CC2)NC(=O)C1=CC=CC=CN1CNC(=O)C1=O 1.0000000 1.0000 0.8441383 0.8441 0.7792939 4.1782
 | 10.4839 50.2305 55.9040 0.8291757 CN1CCNC(=O)C1=C(O)C=CC=CN1C(=O)C(=O)c2ccccc21 1 O=C1NCCNC1=CC=CC=CN1C(=O)C(=O)c2ccccc21 1.0000000 1.0000 0.6020857 0.6021 0.9088507 3.5019
 | 15.6131 67.0603 49.1973 0.9082625 O=C1NCC(=O)N(C=CC=CC(O)=c2c(=O)[nH]c(=CC=C3C(=O)NC(=S)NC3=O)oc2=O)C1=O 1 O=C1NCC(=O)N(C=CC=CC=c2c(=O)[nH]c(=CC=C3C(=O)NC(=S)NC3=O)oc2=O)C1=O 1.0000000 1.0000 0.8848724 0.8849 0.7474269 4.2932
 | 19.2054 54.5117 58.2904 0.8812661 CN1N=C(Cl)NC(=O)C(=C(O)C=CC=CN2CC2)C1=O 1 O=C1NC=NNC(=O)C1=CC=CC=CN1CC1 1.0000000 1.0000 0.7338428 0.7338 0.8851295 3.6698
 | 17.9539 70.5005 14.5780 0.6646762 CC(C)=C(N=C1NC(=O)C(=C(O)C=CC=CN2CCOC(CO)C2)SS1)C(C)O 1 N=C1NC(=O)C(=CC=CC=CN2CCOCC2)SS1 1.0000000 1.0000 0.4554391 0.4554 0.4639275 5.0942
01:53:18 <INFO> Score: 0.69 Agent NLL: 15.41 Valid: 100% Step: 178
 | Agent Prior Target Score SMILES SMILES_state Scaffold DASA DASA (raw) Solubility Solubility (raw) SA SA (raw)
 | 22.1235 64.4514 29.1014 0.7308816 CC=C1CNCN1C=CC=CC(O)=C1C(=O)NCC(N=CN2CCCCC2)=C1C#N 1 C=C1CNCN1C=CC=CC=C1C=C(N=CN2CCCCC2)CNC1=O 1.0000000 1.0000 0.4714765 0.4715 0.7188556 4.3884
 | 11.8336 59.4126 56.8472 0.9082801 O=C1NOC(=O)C(=O)C1=C(O)C=CC=CN1CCNC1 1 O=C1NOC(=O)C(=O)C1=CC=CC=CN1CCNC1 1.0000000 1.0000 0.8388535 0.8389 0.8207352 4.0089
 | 17.9646 60.2629 46.0812 0.8308137 CC1=C([N+](=O)[O-])CC(C(=O)O)N1C=CC=CC(O)=C1CC(=O)NNC1=O 1 O=C1CC(=CC=CC=CN2C=CCC2)C(=O)NN1 1.0000000 1.0000 0.7182586 0.7183 0.6743771 4.5257
 | 11.1302 54.4066 57.3622 0.8731940 O=C1N=C(N2CCCCC2)NC(=O)C1=C(O)C=CC=CN1CCNC1 1 O=C1N=C(N2CCCCC2)NC(=O)C1=CC=CC=CN1CCNC1 1.0000000 1.0000 0.7045863 0.7046 0.9056212 3.5269
 | 16.1264 59.3477 46.2379 0.8248870 CC(=O)OCC1(CO)OC(=C(O)C=CC=CN2OCCOC2=O)C1=O 1 O=C1COC1=CC=CC=CN1OCCOC1=O 1.0000000 1.0000 0.7304777 0.7305 0.6306070 4.6516
 | 17.8987 67.1842 40.0306 0.8376154 CC1=NONC(=O)C1=C(O)C=CC=CN1CC(O)N1 1 O=C1NON=CC1=CC=CC=CN1CCN1 1.0000000 1.0000 0.8133256 0.8133 0.5662675 4.8263
 | 27.8521 67.8832 27.8661 0.7480411 CCCC(O)CC(=O)N1C(=O)C(=C(O)C=CC=CN2OCC(C)(C)CO2)C1C(=O)O 1 O=C1NCC1=CC=CC=CN1OCCCO1 1.0000000 1.0000 0.5620836 0.5621 0.5969762 4.7441
 | 8.7975 61.1243 58.2779 0.9328299 C=c1c(=O)[nH]c(=O)[nH]c(=O)c1=C(O)C=CC=CN1CCN(CCO)C1 1 C=c1c(=O)[nH]c(=O)[nH]c(=O)c1=CC=CC=CN1CCNC1 1.0000000 1.0000 0.8846903 0.8847 0.8601579 3.8166
 | 10.5360 56.0362 60.9115 0.9136534 C=c1oc(=O)c(=C(O)C=CC=CN2CCN(CCO)C2)c(=O)n1C 1 C=c1[nH]c(=O)c(=CC=CC=CN2CCNC2)c(=O)o1 1.0000000 1.0000 0.8504933 0.8505 0.8263777 3.9836
 | 18.6611 71.5975 45.4923 0.9147641 CONNC=CC=CC(O)=C1C(=O)NC(=O)c2c1c(=O)[nH]c(=O)n2C 1 C=C1C(=O)NC(=O)c2[nH]c(=O)[nH]c(=O)c21 1.0000000 1.0000 0.8288817 0.8289 0.8699831 3.7617
01:53:19 <INFO> Score: 0.64 Agent NLL: 15.43 Valid: 100% Step: 179
 | Agent Prior Target Score SMILES SMILES_state Scaffold DASA DASA (raw) Solubility Solubility (raw) SA SA (raw)
 | 8.4920 56.2130 58.1904 0.8937764 CN1C(=O)NC(=O)C(=C(O)C=CC=CN2CCN(CCO)C2)C1O 1 O=C1NCC(=CC=CC=CN2CCNC2)C(=O)N1 1.0000000 1.0000 0.8160301 0.8160 0.7915273 4.1309
 | 16.8190 56.1624 -56.1624 0.0000000 CC(=CC=CC(O)=C1C(=O)NC(=O)NC1=O)N1CCOc2ccccc21 1 O=C1NC(=O)C(=CC=CC=CN2CCOc3ccccc32)C(=O)N1 1.0000000 1.0000 0.5441632 0.5442 0.9470447 3.1213
 | 10.1233 52.8996 55.2470 0.8448954 C=c1[nH]c(=O)c(=C(O)C=CC=CN2CC(O)C(O)C(CO)C2)c(=O)[nH]1 1 C=c1[nH]c(=O)c(=CC=CC=CN2CCCCC2)c(=O)[nH]1 1.0000000 1.0000 0.8923937 0.8924 0.5037807 4.9901
 | 9.8920 64.2803 -64.2803 0.0000000 N=C1NNC(=O)C(=C(O)C=CC=CN2CNC(=O)C2=O)C(=O)N1 1 N=C1NNC(=O)C(=CC=CC=CN2CNC(=O)C2=O)C(=O)N1 1.0000000 1.0000 0.8870703 0.8871 0.7717844 4.2063
 | 11.2922 62.3760 50.4226 0.8812389 NC1NNC(=O)NC(=O)C1=C(O)C=CC=CN1CN(CCO)C1=O 1 O=C1NNCC(=CC=CC=CN2CNC2=O)C(=O)N1 1.0000000 1.0000 0.8567254 0.8567 0.6749458 4.5240
 | 23.1281 74.5701 28.5749 0.8058203 C=C1CC(O)C(=C(O)C=CC=CN2CCOC(CO)C2)C(=O)NC1=CC=C1C(=O)NC(=O)NC1=O 1 C=C1CCC(=CC=CC=CN2CCOCC2)C(=O)NC1=CC=C1C(=O)NC(=O)NC1=O 1.0000000 1.0000 0.7034208 0.7034 0.5958320 4.7472
 | 11.0673 49.4500 54.5917 0.8128258 CN1c2ccccc2C2(C)C(=O)NC(=O)C(=C(O)C=CC=CN(CCO)CCO)C12 1 C=C1C(=O)NC(=O)C2c3ccccc3NC12 1.0000000 1.0000 0.6357267 0.6357 0.7443266 4.3039
 | 13.8278 60.6381 40.4614 0.7898399 CC(=O)OCC1(C)CN(C=CC=CC(O)=C2C(=O)NC=CN2C)C(=O)O1 1 O=C1NC=CNC1=CC=CC=CN1CCOC1=O 1.0000000 1.0000 0.6197050 0.6197 0.6695090 4.5401
 | 15.5064 25.5586 -25.5416 0.0001331 O=C1COC1=C(O)c1ccccc1 1 O=C1COC1=Cc1ccccc1 0.0000000 0.0000 0.6398940 0.6399 0.9796109 2.4775
 | 26.2230 75.9118 9.6436 0.6684010 O=C1NC(=O)C2C(=O)C(O)C3(O)OCOC23C1=C(O)C=CC=CN1CC(O)C(O)C1CO 1 O=C1NC(=O)C2C(=O)CC3OCOC32C1=CC=CC=CN1CCCC1 1.0000000 1.0000 0.9002536 0.9003 0.1449793 6.1560
01:53:19 <INFO> Sampled SMILES N1C(=O)C(=C(O)C=CC=CN2CC[N+](=C3CCCCN3)=C2C)N2CCc3c(cccc3)N12 failed to sanitize.
01:53:19 <INFO> Score: 0.64 Agent NLL: 15.12 Valid:  99% Step: 180
 | Agent Prior Target Score SMILES SMILES_state Scaffold DASA DASA (raw) Solubility Solubility (raw) SA SA (raw)
 | 8.8237 55.7218 60.8318 0.9105755 CN(C)C1=NC(=O)C(=C(O)C=CC=CN2CNC(=O)C2=O)C(=O)N1 1 O=C1N=CNC(=O)C1=CC=CC=CN1CNC(=O)C1=O 1.0000000 1.0000 0.8399343 0.8399 0.8298115 3.9679
 | 21.7602 63.9328 42.3000 0.8299438 CCCCCCn1c(=O)n2n(c1=O)NC(=O)C(=C(O)C=CC=CN1CN(C(=O)CCCN)C1=O)C2 1 O=C1Nn2c(=O)[nH]c(=O)n2CC1=CC=CC=CN1CNC1=O 1.0000000 1.0000 0.6405811 0.6406 0.8194093 4.0148
 | 17.3014 54.1814 42.1416 0.7525236 CC1(O)OC(=C(O)C=CC=CN2CCCc3ccccc32)C(=O)C1=O 1 O=C1COC(=CC=CC=CN2CCCc3ccccc32)C1=O 1.0000000 1.0000 0.4692057 0.4692 0.8449773 3.8953
 | 12.9496 53.6798 53.2029 0.8350210 C=C1C(=O)OC(=C(O)C=CC=CN2CN(CC)C2=O)C1=O 1 C=C1C(=O)OC(=CC=CC=CN2CNC2=O)C1=O 1.0000000 1.0000 0.6550624 0.6551 0.8136108 4.0400
 | 18.1112 56.4822 36.1153 0.7234179 CCN1N=C(C)C(=C(O)C=CC=CN2CN(C(=O)OC(C)(C)C)N=C2O)C1=O 1 O=C1NN=CC1=CC=CC=CN1C=NNC1 1.0000000 1.0000 0.4189308 0.4189 0.8376152 3.9313
 | 17.2148 63.5426 49.3561 0.8820209 O=C1NC(=S)OC1=C(O)C=CC=CN1CN(C(=O)OCCO)CC1=O 1 O=C1NC(=S)OC1=CC=CC=CN1CNCC1=O 1.0000000 1.0000 0.7609627 0.7610 0.8344077 3.9465
 | 28.3538 70.2354 35.2970 0.8244714 CCCN1CN(C=CC=CC(O)=c2c(=O)[nH]c(=CN=CN(C)C)[nH]c2=O)C1C(=O)O 1 C=c1[nH]c(=O)c(=CC=CC=CN2CNC2)c(=O)[nH]1 1.0000000 1.0000 0.7997673 0.7998 0.5367047 4.9042
 | 10.2053 50.3843 67.0355 0.9173417 C=c1[nH][nH]c(=O)c1=C(O)C=CC=C(C)N(CCO)CCO 1 C=c1[nH][nH]c(=O)c1=C 1.0000000 1.0000 0.8567127 0.8567 0.8333486 3.9515
 | 11.3690 60.0930 53.8095 0.8898633 CCN1C(=O)CN(C=CC=CC(O)=C2C(=O)NC=NNC2=O)C1=O 1 O=C1CN(C=CC=CC=C2C(=O)NC=NNC2=O)C(=O)N1 1.0000000 1.0000 0.7871014 0.7871 0.8239362 3.9947
 | 21.3027 35.5032 -35.4861 0.0001336 CCOC(=O)C1=C(C)OC(C)(C)C(=NC(C)=O)N1 1 N=C1COC=CN1 0.0000000 0.0000 0.6762551 0.6763 0.9081693 3.5072
01:53:20 <INFO> Score: 0.69 Agent NLL: 16.34 Valid: 100% Step: 181
 | Agent Prior Target Score SMILES SMILES_state Scaffold DASA DASA (raw) Solubility Solubility (raw) SA SA (raw)
 | 16.2472 68.9717 45.2475 0.8923375 C=c1c(=O)c1=C(O)C=CC=CN1CN(CCO)C(=O)CC1O 1 C=c1c(=O)c1=CC=CC=CN1CCC(=O)NC1 1.0000000 1.0000 0.8780170 0.8780 0.6904747 4.4773
 | 28.4295 82.7438 19.0830 0.7955220 CC1NCN(C=CC=CC(O)=C2NC(NN3CCCC3)NC2=O)C(=O)N1C(N)=O 1 O=C1NC(NN2CCCC2)NC1=CC=CC=CN1CNCNC1=O 1.0000000 1.0000 0.7615587 0.7616 0.4846665 5.0400
 | 24.2242 88.6602 8.4626 0.7587720 C=C(C)N(C)C=CC=CC(O)=c1[nH]c(=O)c(=C(O)C=CC=CN2SCCC2=O)c(=O)[nH]1 1 C=c1[nH]c(=O)c(=CC=CC=CN2SCCC2=O)c(=O)[nH]1 1.0000000 1.0000 0.5836204 0.5836 0.6023595 4.7295
 | 18.0818 73.4828 31.3884 0.8193059 CC(=O)N=C1NC(=O)C(=C(O)C=CC=CN2CN(CC[N+](C)(C)C)C(=O)C2(C)O)C(=O)O1 1 N=C1NC(=O)C(=CC=CC=CN2CNC(=O)C2)C(=O)O1 1.0000000 1.0000 0.7520682 0.7521 0.5782846 4.7943
 | 15.6546 50.4924 62.5992 0.8835280 CC(=CC=CC(O)=C1OC(=O)C1=O)N1CCN(C)CC1 1 O=C1OC(=CC=CC=CN2CCNCC2)C1=O 1.0000000 1.0000 0.7197101 0.7197 0.9281769 3.3330
 | 11.8911 49.2246 60.9955 0.8610941 O=C1NONC1=C(O)C=CC=CN1CCCCO1 1 O=C1NONC1=CC=CC=CN1CCCCO1 1.0000000 1.0000 0.7509963 0.7510 0.7527480 4.2747
 | 23.4872 67.0795 38.8672 0.8277085 COC1OC(OCC(C)=CC(=O)O)C(=O)N1C=CC=CC(O)=C1C(=O)NC(=O)NC1=O 1 O=C1NC(=O)C(=CC=CC=CN2COCC2=O)C(=O)N1 1.0000000 1.0000 0.7436395 0.7436 0.6222605 4.6748
 | 13.0577 56.2320 53.6652 0.8585715 C=c1cc[nH]c(=O)c1=C(O)C=CC=CN1CCCOS1(=O)=O 1 C=c1cc[nH]c(=O)c1=CC=CC=CN1CCCOS1(=O)=O 1.0000000 1.0000 0.7551242 0.7551 0.7341658 4.3382
 | 19.5711 67.1040 47.3138 0.8938892 CNC(=O)C1=CCOC(=O)C(=C(O)C=CC=CN2CN=C(N)NC2)C(=O)N1 1 O=C1NC=CCOC(=O)C1=CC=CC=CN1CN=CNC1 1.0000000 1.0000 0.8258103 0.8258 0.7757090 4.1917
 | 11.1150 54.9462 -54.9462 0.0000000 CC(=O)NC1=NC(=O)C(=C(O)C=CC=CN2CCCC2C(=O)O)C(=O)N1 1 O=C1N=CNC(=O)C1=CC=CC=CN1CCCC1 1.0000000 1.0000 0.7528951 0.7529 0.8486471 3.8769
01:53:21 <INFO> Sampled SMILES N1C(=O)C(=C(O)C=CC=CN2CN(CCO)C2)CN2C=CN=CC=C2=C1 failed to sanitize.
01:53:21 <INFO> Score: 0.69 Agent NLL: 16.35 Valid:  99% Step: 182
 | Agent Prior Target Score SMILES SMILES_state Scaffold DASA DASA (raw) Solubility Solubility (raw) SA SA (raw)
 | 14.8490 59.3600 52.1640 0.8712807 O=C1NN=C(Br)NC(=O)C1=C(O)C=CC=CN1CNCC1=O 1 O=C1NC=NNC(=O)C1=CC=CC=CN1CNCC1=O 1.0000000 1.0000 0.7691156 0.7691 0.7679708 4.2203
 | 20.2677 62.1285 45.7730 0.8429805 COC1CNC(=O)C(=C(O)C=CC=CN2CN(CCO)CN(C)C2=O)CO1 1 O=C1NCCOCC1=CC=CC=CN1CNCNC1=O 1.0000000 1.0000 0.7538385 0.7538 0.6688135 4.5422
 | 18.3438 69.3719 34.8491 0.8142266 COCCCN1CN(C=CC=CC(O)=C2N=C(N)N(C)NC2=O)C(=CBr)C1=O 1 C=C1C(=O)NCN1C=CC=CC=C1N=CNNC1=O 1.0000000 1.0000 0.6311669 0.6312 0.7606071 4.2469
 | 27.4937 80.4375 28.2425 0.8490626 C=C(C[N+](C)(C)C)OCC=CCN1CC(=O)N(C=CC=CC(O)=C2C(=O)NNC2=O)C1 1 O=C1NNC(=O)C1=CC=CC=CN1CNCC1=O 1.0000000 1.0000 0.7210595 0.7211 0.7507304 4.2818
 | 27.8233 95.8498 1.5404 0.7608611 CCN1C(=O)NCN(C=CC=CC(O)=C2C(=O)NC(=O)C(C=NC(=O)C=CC=CN(CCO)CCO)NC2N)C1=O 1 O=C1CNCC(=CC=CC=CN2CNC(=O)NC2=O)C(=O)N1 1.0000000 1.0000 0.7684189 0.7684 0.3776214 5.3255
 | 12.8149 57.6869 58.1987 0.9053568 NC1=NC(=O)C(=C(O)C=CC=CN2CC=C(C(=O)O)C2)C(=O)N1 1 O=C1N=CNC(=O)C1=CC=CC=CN1CC=CC1 1.0000000 1.0000 0.8073108 0.8073 0.8629436 3.8014
 | 13.2428 54.3481 -54.3481 0.0000000 N=C1C(=O)NC(=O)C1=C(O)C=CC=CN1CCOC(C(=O)O)C1 1 N=C1C(=O)NC(=O)C1=CC=CC=CN1CCOCC1 1.0000000 1.0000 0.7951066 0.7951 0.8022037 4.0879
 | 23.0361 84.7723 28.5980 0.8857057 O=C1CNC=CN1CC(O)=c1[nH]c(=O)c(=C(O)C=CC=CN2CN(CCO)C2)c(=O)o1 1 O=C1CNC=CN1CC=c1[nH]c(=O)c(=CC=CC=CN2CNC2)c(=O)o1 1.0000000 1.0000 0.8609003 0.8609 0.6872300 4.4872
 | 13.0899 48.4283 65.1100 0.8870175 CN1C(=O)CN(C=CC=CC(O)=C2C(=O)N(C)C(=O)N(C)C2=O)C1=O 1 O=C1CN(C=CC=CC=C2C(=O)NC(=O)NC2=O)C(=O)N1 1.0000000 1.0000 0.7365056 0.7365 0.9100931 3.4921
 | 18.7407 59.2092 49.1706 0.8467170 CC(C)=c1[nH]c(=O)[nH]c(=O)c1=C(O)C=CC=CN1CNCC1C#N 1 C=c1[nH]c(=O)[nH]c(=O)c1=CC=CC=CN1CCNC1 1.0000000 1.0000 0.8036260 0.8036 0.6120423 4.7030
01:53:22 <INFO> Score: 0.67 Agent NLL: 15.18 Valid: 100% Step: 183
 | Agent Prior Target Score SMILES SMILES_state Scaffold DASA DASA (raw) Solubility Solubility (raw) SA SA (raw)
 | 16.9519 66.6607 -66.6607 0.0000000 CC(=CC=CC(O)=C1C(=O)N(C)C(=O)C1=C(C)C=CN(CCO)CCO)N(CCO)CCO 1 C=C1C(=C)C(=O)NC1=O 1.0000000 1.0000 0.7408674 0.7409 0.8396277 3.9216
 | 23.6840 75.2435 29.2373 0.8162565 CC(=O)OC12C(=C(O)C=CC=CN3CCN(CCO)C3)C(=O)NC(=O)C1(CO)C(=O)C2(C)O 1 O=C1NC(=O)C2C(=O)CC2C1=CC=CC=CN1CCNC1 1.0000000 1.0000 0.8284618 0.8285 0.4787547 5.0554
 | 8.7206 53.2153 64.1456 0.9168827 O=C1NNC(=O)C1=C(O)C=CC=CN1CNCC1=O 1 O=C1NNC(=O)C1=CC=CC=CN1CNCC1=O 1.0000000 1.0000 0.8694488 0.8694 0.8099724 4.0555
 | 16.4119 67.4715 49.8989 0.9169565 CN1C(=O)NC(=O)C(=C(O)C=CC=CN2CN(CCO)C(=O)C2=C2C(=O)NC(=O)NC2=O)C1=O 1 O=C1NC(=O)C(=CC=CC=CN2CNC(=O)C2=C2C(=O)NC(=O)NC2=O)C(=O)N1 1.0000000 1.0000 0.8350459 0.8350 0.8696363 3.7637
 | 14.8217 53.2940 57.6955 0.8671055 C=C1NCCN1C=CC=CC(O)=C1OCC(=O)C1=O 1 C=C1NCCN1C=CC=CC=C1OCC(=O)C1=O 1.0000000 1.0000 0.7492202 0.7492 0.7839912 4.1602
 | 14.2874 59.6198 46.1765 0.8265330 O=CC1C(O)C(O)C(O)CN1C=CC=CC(O)=C1CC1=O 1 O=C1CC1=CC=CC=CN1CCCCC1 1.0000000 1.0000 0.8405324 0.8405 0.4984776 5.0040
 | 12.5906 55.9159 50.5852 0.8320392 NC1=NC(=O)C(=C(O)C=CC=CN2CC(COc3ccccc3)OC2=O)C(=O)N1 1 O=C1N=CNC(=O)C1=CC=CC=CN1CC(COc2ccccc2)OC1=O 1.0000000 1.0000 0.6237540 0.6238 0.8699245 3.7621
 | 14.4060 65.2080 30.0734 0.7443866 CN1CC(C(=O)O)N(C=CC=CC(O)=C2C(=O)NC(=O)C3(C)c4ccccc4N(C)C23)C1=O 1 O=C1NC(=O)C2c3ccccc3NC2C1=CC=CC=CN1CCNC1=O 1.0000000 1.0000 0.5292056 0.5292 0.6465463 4.6066
 | 9.7139 54.0753 62.4266 0.9101713 O=C1N=CNC(=O)C1=C(O)C=CC=CN1CNC(=O)C1=O 1 O=C1N=CNC(=O)C1=CC=CC=CN1CNC(=O)C1=O 1.0000000 1.0000 0.8552976 0.8553 0.8020312 4.0886
 | 13.7056 55.3076 52.8687 0.8451277 O=C1OC1=C(O)C=CC=CN1CSCC1C(=O)O 1 O=C1OC1=CC=CC=CN1CCSC1 1.0000000 1.0000 0.7094551 0.7095 0.7537437 4.2712
01:53:22 <INFO> Sampled SMILES N1C(=O)C(=C(O)C=CC=CN2CN(CCO)CNC2)(CO)OC1(CCCCO)O failed to sanitize.
01:53:23 <INFO> Score: 0.65 Agent NLL: 15.19 Valid:  99% Step: 184
 | Agent Prior Target Score SMILES SMILES_state Scaffold DASA DASA (raw) Solubility Solubility (raw) SA SA (raw)
 | 23.6428 69.3968 35.8349 0.8221223 CN1CCN(C=CC=CC(O)=C2C(=O)C2S(=O)(=O)O)C(C)(C)C1 1 O=C1CC1=CC=CC=CN1CCNCC1 1.0000000 1.0000 0.6684965 0.6685 0.7235902 4.3731
 | 15.9797 93.0954 14.4846 0.8404687 O=C1NC(=C(O)C=CC=CN2CC2)COC(=O)C1=C(O)C=CC=CN1CN(CCO)C1 1 O=C1NC(=CC=CC=CN2CC2)COC(=O)C1=CC=CC=CN1CNC1 1.0000000 1.0000 0.6822870 0.6823 0.7839633 4.1603
 | 9.2567 52.3095 -52.3095 0.0000000 O=C1NC(=O)C(=C(O)C=CC=CN(CCO)CCO)C1=NO 1 C=C1C(=N)C(=O)NC1=O 1.0000000 1.0000 0.8568042 0.8568 0.8875991 3.6538
 | 13.2009 58.7369 50.2402 0.8513840 C=C1C(=O)NC(=O)C1=C(O)C=CC=CN1CN(CCC)CCC1=O 1 C=C1C(=O)NC(=O)C1=CC=CC=CN1CNCCC1=O 1.0000000 1.0000 0.6591796 0.6592 0.8910500 3.6310
 | 11.8713 64.5082 53.7000 0.9235015 CC(=O)OC=c1c(=O)[nH][nH]c(=O)c1=C(O)C=CC=CN(CCO)CCO 1 C=c1c(=O)[nH][nH]c(=O)c1=C 1.0000000 1.0000 0.8819558 0.8820 0.8203806 4.0105
 | 15.3165 56.0161 51.3775 0.8390124 CC(C)=C1C(=O)OC(=C(O)C=CC=CN2CCNC2)C1=O 1 C=C1C(=O)OC(=CC=CC=CN2CCNC2)C1=O 1.0000000 1.0000 0.6554415 0.6554 0.8333927 3.9513
 | 15.8912 55.0380 60.6399 0.9037340 C=c1[nH][nH]c(=O)c1=C(O)C=C(O)C=CN1CCN(C)CC1 1 C=c1[nH][nH]c(=O)c1=CC=CC=CN1CCNCC1 1.0000000 1.0000 0.8111482 0.8111 0.8477893 3.8812
 | 7.8510 54.4510 -54.4510 0.0000000 CN1NC(=O)C(=O)C(=C(O)C=CC=CN(CCO)CCO)C1=O 1 C=C1C(=O)NNC(=O)C1=O 1.0000000 1.0000 0.8701611 0.8702 0.8671078 3.7781
 | 16.1860 59.9795 53.0760 0.8832467 O=C1NC(=O)C(O)C1=C(O)C=CC=CN1CN(CCO)C1=S 1 O=C1CC(=CC=CC=CN2CNC2=S)C(=O)N1 1.0000000 1.0000 0.8343827 0.8344 0.7153873 4.3996
 | 20.1999 55.0796 30.5742 0.6691702 CC(=O)OC1CC2COC1N2C=CC=CC(O)=C1OC(C)(C)OC1=O 1 O=C1OCOC1=CC=CC=CN1C2CCC1OC2 1.0000000 1.0000 0.5784190 0.5784 0.3163316 5.5021
01:53:23 <INFO> Sampled SMILES N1C(=O)C(=C(O)C=CC=CN2N=C(C)CC2C)C(=C2C=NNC2=N)=C1C=CN1CC1 failed to sanitize.
01:53:23 <INFO> Score: 0.65 Agent NLL: 15.67 Valid:  99% Step: 185
 | Agent Prior Target Score SMILES SMILES_state Scaffold DASA DASA (raw) Solubility Solubility (raw) SA SA (raw)
 | 11.8790 55.3288 50.1202 0.8238200 C=CC1(C)C(=O)C1=C(O)C=CC=CN1CCNC(=O)C1 1 O=C1CN(C=CC=CC=C2CC2=O)CCN1 1.0000000 1.0000 0.6823850 0.6824 0.7056153 4.4305
 | 31.2514 76.8446 1.9384 0.6154916 COC1OC(CO)CC2OC(=NC(=O)CCC(=O)O)NC(=O)C1=C(O)C=CC=CN2[O-] 1 N=C1NC(=O)C2=CC=CC=CNC(CCOC2)O1 1.0000000 1.0000 0.7001282 0.7001 0.1460009 6.1507
 | 8.7552 50.8671 -50.8671 0.0000000 O=C1CN(C=CC=CC(O)=C2OC2=O)CCN1 1 O=C1CN(C=CC=CC=C2OC2=O)CCN1 1.0000000 1.0000 0.8063260 0.8063 0.8753657 3.7302
 | 9.8769 49.5388 -49.5388 0.0000000 O=C1N=C(N2CCOCC2)NC(=O)C1=C(O)C=CC=CN1CCC(C(=O)O)CC1 1 O=C1N=C(N2CCOCC2)NC(=O)C1=CC=CC=CN1CCCCC1 1.0000000 1.0000 0.6883423 0.6883 0.9312131 3.3027
 | 8.3666 52.5818 65.8885 0.9255493 O=C1NC(=O)C(=O)C(=C(O)C=CC=CN2CC2)C(=O)N1 1 O=C1NC(=O)C(=O)C(=CC=CC=CN2CC2)C(=O)N1 1.0000000 1.0000 0.8269136 0.8269 0.9290573 3.3243
 | 9.1923 55.1088 -55.1088 0.0000000 O=C1NC(=O)C1=C(O)C=CC=CN1CC(O)C1 1 O=C1NC(=O)C1=CC=CC=CN1CCC1 1.0000000 1.0000 0.8432826 0.8433 0.9123073 3.4742
 | 16.2905 32.6662 -32.6488 0.0001358 O=C1OC1=C(O)c1ccccc1O 1 O=C1OC1=Cc1ccccc1 0.0000000 0.0000 0.6779187 0.6779 0.9836223 2.3321
 | 12.5861 56.2616 57.8899 0.8918092 CN1C(=O)C(=O)C(=C(O)C=CC=CN2CN2C)C1=O 1 O=C1NC(=O)C(=CC=CC=CN2CN2)C1=O 1.0000000 1.0000 0.8079434 0.8079 0.7961799 4.1124
 | 24.7529 78.1725 25.7467 0.8118687 CC(=O)n1[nH]c(=O)c(=CBr)c(=C(O)C=CC=CN2CC(C)=NO2)c1=O 1 C=c1c(=O)[nH][nH]c(=O)c1=CC=CC=CN1CC=NO1 1.0000000 1.0000 0.6810261 0.6810 0.6557885 4.5801
 | 14.8630 58.4603 52.0519 0.8633758 O=C1OCOC1=C(O)C=CC=CN1CN(CCO)CC([N+](=O)[O-])=C1N1CCOCC1 1 O=C1OCOC1=CC=CC=CN1CNCC=C1N1CCOCC1 1.0000000 1.0000 0.7219619 0.7220 0.8178042 4.0218
01:53:24 <INFO> Score: 0.63 Agent NLL: 14.77 Valid: 100% Step: 186
 | Agent Prior Target Score SMILES SMILES_state Scaffold DASA DASA (raw) Solubility Solubility (raw) SA SA (raw)
 | 9.6938 57.2234 53.2250 0.8628782 CCN1C(=O)CN(C=CC=CC(O)=C2C(=O)N=C(N3CCCC3)NC2=O)C1=O 1 O=C1CN(C=CC=CC=C2C(=O)N=C(N3CCCC3)NC2=O)C(=O)N1 1.0000000 1.0000 0.6791956 0.6792 0.9072853 3.5141
 | 18.7340 24.6783 -24.6600 0.0001425 CCOC(=O)C1=CN(C)CCC1=O 1 O=C1C=CNCC1 0.0000000 0.0000 0.7934868 0.7935 0.9611945 2.9091
 | 6.7840 47.5128 -47.5128 0.0000000 CN1NC(=O)C(=C(O)C=CC=CN(CCO)CCO)C1=O 1 C=C1C(=O)NNC1=O 1.0000000 1.0000 0.8623979 0.8624 0.8785325 3.7111
 | 14.1753 59.3034 51.2026 0.8633283 C=C1NC(=O)C1=C(O)C=C(C)C=CN1CC1 1 C=C1NC(=O)C1=CC=CC=CN1CC1 1.0000000 1.0000 0.6978971 0.6979 0.8675389 3.7757
 | 17.2280 56.5250 56.2490 0.8810471 NC(=O)C1CCC(=O)N1C=CC=CC(O)=C1C(=O)NC(=O)C1N1CCOCC1 1 O=C1NC(=O)C(N2CCOCC2)C1=CC=CC=CN1CCCC1=O 1.0000000 1.0000 0.8004685 0.8005 0.7592644 4.2517
 | 9.7017 55.0195 -55.0195 0.0000000 O=C1NCC(=O)N(C=CC=CC(O)=C2C(=O)NC(=S)NC2=O)C1=O 1 O=C1NCC(=O)N(C=CC=CC=C2C(=O)NC(=S)NC2=O)C1=O 1.0000000 1.0000 0.8557527 0.8558 0.8830187 3.6832
 | 11.3646 67.3300 39.8836 0.8376059 NC1=NCN(C=CC=CC(O)=C2C(=O)NC3NC(=O)NC(=O)C23)C(=O)N1 1 O=C1NC(=O)C2C(=CC=CC=CN3CN=CNC3=O)C(=O)NC2N1 1.0000000 1.0000 0.8405828 0.8406 0.5344938 4.9100
 | 38.0407 76.2684 -0.6628 0.5906692 COC1=NOC2OC1C1C(=O)N(C=CC=CC(O)=C3OC(=N)NC3=O)C1CC2O 1 N=C1NC(=O)C(=CC=CC=CN2C(=O)C3C4C=NOC(CCC32)O4)O1 1.0000000 1.0000 0.7430161 0.7430 0.1060012 6.3890
 | 12.8142 54.8197 56.4502 0.8692967 COC1CN(C=CC=CC(O)=C2C(=O)C(=O)N(C)C2=O)C(=O)O1 1 O=C1NC(=O)C(=CC=CC=CN2CCOC2=O)C1=O 1.0000000 1.0000 0.7572593 0.7573 0.7797475 4.1765
 | 12.2474 63.0215 53.5312 0.9105677 NC1=NC(=O)C(=C(O)C=CC=CN2CNC2=O)C(=O)NN1 1 O=C1N=CNNC(=O)C1=CC=CC=CN1CNC1=O 1.0000000 1.0000 0.8612926 0.8613 0.7941006 4.1207
01:53:25 <INFO> Score: 0.71 Agent NLL: 15.12 Valid: 100% Step: 187
 | Agent Prior Target Score SMILES SMILES_state Scaffold DASA DASA (raw) Solubility Solubility (raw) SA SA (raw)
 | 8.6490 48.0204 68.5021 0.9103322 O=C1OC(=O)C1=C(O)C=CC=CN1CC1 1 O=C1OC(=O)C1=CC=CC=CN1CC1 1.0000000 1.0000 0.7911110 0.7911 0.9202034 3.4072
 | 14.1892 68.4970 49.7291 0.9236414 O=c1[nH]c(=O)c(=C(O)C=CC=CN2CCN(CCO)C2)c(=C(O)O)[nH]1 1 C=c1[nH]c(=O)[nH]c(=O)c1=CC=CC=CN1CCNC1 1.0000000 1.0000 0.8673042 0.8673 0.8454596 3.8929
 | 13.9807 59.0778 49.0700 0.8449045 O=C1NCN(C=CC=CC(O)=C2OC(=O)C(=CBr)C2=O)C1=O 1 C=C1C(=O)OC(=CC=CC=CN2CNC(=O)C2=O)C1=O 1.0000000 1.0000 0.6946632 0.6947 0.7809709 4.1718
 | 16.8464 55.3397 48.1318 0.8083711 C=CC1CC(=O)C(=C(O)C=CC=CN2CCNC2)O1 1 O=C1CCOC1=CC=CC=CN1CCNC1 1.0000000 1.0000 0.6735831 0.6736 0.6535396 4.5866
 | 18.4568 65.1803 33.0655 0.7675450 O=C1NC(CC2CCCCC2)NC(C(=O)O)C1=C(O)C=CC=CN1CCOCC1 1 O=C1NC(CC2CCCCC2)NCC1=CC=CC=CN1CCOCC1 1.0000000 1.0000 0.5328450 0.5328 0.7503150 4.2832
 | 9.5440 61.2368 55.2094 0.9097355 O=C1N=C(N2CCOCC2)NC(=O)C1=C(O)C=CC=CN1CNCN(CCO)C1 1 O=C1N=C(N2CCOCC2)NC(=O)C1=CC=CC=CN1CNCNC1 1.0000000 1.0000 0.8163486 0.8163 0.8680047 3.7731
 | 24.7674 71.2578 21.6460 0.7258110 CC1=NN(C=CC=CC(O)=C2CCC(=C(C)N)NNC2=O)C(C)C1 1 C=C1CCC(=CC=CC=CN2CCC=N2)C(=O)NN1 1.0000000 1.0000 0.5264600 0.5265 0.5713921 4.8127
 | 6.1377 48.7334 -48.7334 0.0000000 O=C1NC(=O)C(=O)C(=C(O)C=CC=CN(CCO)CCO)C(=O)N1 1 C=C1C(=O)NC(=O)NC(=O)C1=O 1.0000000 1.0000 0.8703185 0.8703 0.9112837 3.4825
 | 8.8349 55.5952 -55.5952 0.0000000 C=c1[nH]c(=O)[nH]c(=O)c1=C(O)C=CC=CN1CCN(CCO)C1 1 C=c1[nH]c(=O)[nH]c(=O)c1=CC=CC=CN1CCNC1 1.0000000 1.0000 0.8699030 0.8699 0.8523899 3.8577
 | 16.5512 59.4014 35.1023 0.7383100 CC1=c2ccccc2=C(C)C(=C(O)C=CC=CN2C(=S)SCC2C(=O)O)C(=O)N1 1 O=C1NC=c2ccccc2=CC1=CC=CC=CN1CCSC1=S 1.0000000 1.0000 0.4686249 0.4686 0.7661414 4.2270
01:53:26 <INFO> Score: 0.67 Agent NLL: 14.54 Valid: 100% Step: 188
 | Agent Prior Target Score SMILES SMILES_state Scaffold DASA DASA (raw) Solubility Solubility (raw) SA SA (raw)
 | 10.6171 57.7400 54.2894 0.8752297 O=C1NCN(C=CC=CC(O)=C2OC(O)C2=O)C1=O 1 O=C1COC1=CC=CC=CN1CNC(=O)C1=O 1.0000000 1.0000 0.8570812 0.8571 0.6506574 4.5948
 | 17.4228 64.9547 50.4941 0.9019436 N=C1C(=O)NNC(=O)C1=C(O)C=CC=CN1CN(CCO)CCCC1=O 1 N=C1C(=O)NNC(=O)C1=CC=CC=CN1CNCCCC1=O 1.0000000 1.0000 0.8025285 0.8025 0.8548419 3.8449
 | 15.8223 67.4482 38.4837 0.8275931 O=c1[nH]oc(=CC=CN2CCOCC2)c1=C(O)C=CC=CN1CCCCO1 1 O=c1[nH]oc(=CC=CN2CCOCC2)c1=CC=CC=CN1CCCCO1 1.0000000 1.0000 0.6709281 0.6709 0.7444842 4.3033
 | 18.1382 53.6917 53.3018 0.8358862 CC1NCCCN1C=CC=CC(O)=C1CCC(=O)NC1=O 1 O=C1CCC(=CC=CC=CN2CCCNC2)C(=O)N1 1.0000000 1.0000 0.6763604 0.6764 0.7735007 4.1999
 | 13.1628 74.1659 29.0081 0.8060471 CC(=CC=C1C(=O)N(C)C(=O)C1=C(O)C=CC=CN1CCN(CCO)C1)N1CCCC1 1 O=C1NC(=O)C(=CC=CN2CCCC2)C1=CC=CC=CN1CCNC1 1.0000000 1.0000 0.5612484 0.5612 0.8858716 3.6650
 | 8.9570 50.3299 -50.3299 0.0000000 O=C1NC(=O)C1=C(O)C=CC=CN1CC1 1 O=C1NC(=O)C1=CC=CC=CN1CC1 1.0000000 1.0000 0.8210620 0.8211 0.9348343 3.2649
 | 10.3839 64.2338 49.4748 0.8883488 O=C1NCC(=O)N(C=CC=CC(O)=C2OC(O)C2=O)C1=O 1 O=C1COC1=CC=CC=CN1C(=O)CNC(=O)C1=O 1.0000000 1.0000 0.8650525 0.8651 0.6922120 4.4720
 | 13.2251 52.4411 67.7302 0.9388385 NC1NC(=O)C(=C(O)C=CC=CN(CCO)CCO)C(=O)N1 1 C=C1C(=O)NCNC1=O 1.0000000 1.0000 0.8991754 0.8992 0.8647181 3.7915
 | 11.8970 53.6970 -53.6970 0.0000000 C=C1C(=O)NC(=O)C1=C(O)C=CC=CN1CCCC1C(=O)O 1 C=C1C(=O)NC(=O)C1=CC=CC=CN1CCCC1 1.0000000 1.0000 0.7054527 0.7055 0.8411147 3.9143
 | 9.1067 65.6098 50.1702 0.9045317 C=c1[nH]c(=NC(C)=O)[nH]c(=O)c1=C(O)C=CC=CN1CCN(CCO)C1 1 C=c1[nH]c(=N)[nH]c(=O)c1=CC=CC=CN1CCNC1 1.0000000 1.0000 0.8484327 0.8484 0.7873079 4.1474
01:53:27 <INFO> Score: 0.71 Agent NLL: 15.41 Valid: 100% Step: 189
 | Agent Prior Target Score SMILES SMILES_state Scaffold DASA DASA (raw) Solubility Solubility (raw) SA SA (raw)
 | 14.8903 76.0550 38.4415 0.8945037 CCn1[nH]c(=O)c(=C(C)C)c(=C(O)C=CC=CN2CNC(=O)C2=O)c1=O 1 C=c1c(=O)[nH][nH]c(=O)c1=CC=CC=CN1CNC(=O)C1=O 1.0000000 1.0000 0.8140988 0.8141 0.7982177 4.1041
 | 12.1790 57.5218 53.9603 0.8709538 O=C1NC(=O)C(=C(O)C=CC=CN2CC(O)CC2C(=O)O)C(C(=O)O)N1 1 O=C1NCC(=CC=CC=CN2CCCC2)C(=O)N1 1.0000000 1.0000 0.8150215 0.8150 0.6925141 4.4711
 | 14.6739 60.0510 51.6176 0.8724108 CC(=O)ON=C1NC(=O)C(=C(O)C=CC=CN(C)OC(C)=O)C(=O)O1 1 C=C1C(=O)NC(=N)OC1=O 1.0000000 1.0000 0.7495744 0.7496 0.8088342 4.0603
 | 12.3791 47.0451 64.6788 0.8728423 CN1C(=O)CCOC(=C(O)C=CC=CN2CCOCC2)C1=O 1 O=C1CCOC(=CC=CC=CN2CCOCC2)C(=O)N1 1.0000000 1.0000 0.7013092 0.7013 0.9111109 3.4839
 | 26.2673 77.7571 22.3827 0.7823424 Cn1c(=CC=CC2=[N+](CCO)CCOC2(O)CN2CC2)oc(=C(O)C=CC=CN2CCCOC(CO)C2)c1=O 1 O=c1[nH]c(=CC=CC2=[NH+]CCOC2CN2CC2)oc1=CC=CC=CN1CCCOCC1 1.0000000 1.0000 0.7965978 0.7966 0.4103599 5.2361
 | 10.5105 52.2407 62.7277 0.8981911 C=c1c(=O)c1=C(O)C=C(O)C=CN1CCCC1 1 C=c1c(=O)c1=CC=CC=CN1CCCC1 1.0000000 1.0000 0.7792111 0.7792 0.8806217 3.6982
 | 20.7817 59.0477 53.3240 0.8779037 NCCC1C(=O)N1C=CC=CC(O)=C1C(=O)NOC1=O 1 O=C1NOC(=O)C1=CC=CC=CN1CC1=O 1.0000000 1.0000 0.8425947 0.8426 0.6811823 4.5054
 | 15.1845 54.3785 60.4192 0.8968566 C=c1[nH]c(=O)n(C)c(=O)c1=C(O)C=CC=CN1CCC(O)C1 1 C=c1[nH]c(=O)[nH]c(=O)c1=CC=CC=CN1CCCC1 1.0000000 1.0000 0.8414111 0.8414 0.7638911 4.2351
 | 12.5707 65.1079 53.7236 0.9283711 NCCCN1CN(C=CC=CC(O)=C2C(=O)NNC(=O)NC2=O)C(=O)C1=O 1 O=C1NNC(=O)C(=CC=CC=CN2CNC(=O)C2=O)C(=O)N1 1.0000000 1.0000 0.8655263 0.8655 0.8715615 3.7526
 | 16.7321 60.3143 54.9171 0.9002453 CN1CN(C=CC=CC(O)=C2C(=O)N2CCCO)CC1=O 1 O=C1CN(C=CC=CC=C2NC2=O)CN1 1.0000000 1.0000 0.7940420 0.7940 0.8623198 3.8048
01:53:27 <INFO> Sampled SMILES O=C1NC(=O)C(=C(O)C=CC=CN2CC3(CO)OC(C)(C)O32)C1=C failed to sanitize.
01:53:28 <INFO> Score: 0.68 Agent NLL: 14.72 Valid:  98% Step: 190
 | Agent Prior Target Score SMILES SMILES_state Scaffold DASA DASA (raw) Solubility Solubility (raw) SA SA (raw)
 | 9.6212 55.8404 59.3232 0.8997157 O=C1NC(=O)C(=O)C(=C(O)C=CC=CN2CC(O)C(O)C2)C(=O)N1 1 O=C1NC(=O)C(=O)C(=CC=CC=CN2CCCC2)C(=O)N1 1.0000000 1.0000 0.8638295 0.8638 0.7418289 4.3124
 | 14.8841 60.5495 51.7904 0.8776553 COCC1CN(C=CC=CC(O)=C2C(=O)NN=C2N)CCN1C 1 O=C1NN=CC1=CC=CC=CN1CCNCC1 1.0000000 1.0000 0.7879334 0.7879 0.7648814 4.2315
 | 12.7317 60.3779 50.9653 0.8698681 CN1CC(C(=O)O)N(C=CC=CC(O)=C2C(=O)NC(=N)N(C)C2=O)C1=O 1 N=C1NC(=O)C(=CC=CC=CN2CCNC2=O)C(=O)N1 1.0000000 1.0000 0.7772987 0.7773 0.7474830 4.2930
 | 14.0984 57.4980 51.1885 0.8491133 O=C1NC=CC(=NO)C1=C(O)C=CC=CN1CCOC(CO)C1 1 N=C1C=CNC(=O)C1=CC=CC=CN1CCOCC1 1.0000000 1.0000 0.7444587 0.7445 0.7101476 4.4162
 | 10.0118 48.7163 -48.7163 0.0000000 CC(C=CN(CCO)CCO)=CC(O)=C1C(=O)NC(=O)NC1=O 1 C=C1C(=O)NC(=O)NC1=O 1.0000000 1.0000 0.8358171 0.8358 0.9062609 3.5220
 | 16.8967 56.3312 57.7769 0.8914694 COC(OC)=c1[nH]c(=O)c(=C(O)C=CC=CN2CCNC2=O)c(=O)o1 1 C=c1[nH]c(=O)c(=CC=CC=CN2CCNC2=O)c(=O)o1 1.0000000 1.0000 0.8215939 0.8216 0.7716290 4.2068
 | 13.7996 57.7165 52.3339 0.8597682 O=C1C(=C(O)C=CC=CN2CCCNC2)OC1O 1 O=C1COC1=CC=CC=CN1CCCNC1 1.0000000 1.0000 0.7843877 0.7844 0.6919476 4.4728
 | 14.7033 63.1273 45.6226 0.8496083 C=C1CNNC(=O)C1=C(O)C=CC=CN1CNC(=O)N(C)C1=O 1 C=C1CNNC(=O)C1=CC=CC=CN1CNC(=O)NC1=O 1.0000000 1.0000 0.7340134 0.7340 0.7301571 4.3515
 | 11.8838 56.1307 56.2089 0.8776530 CC1=CC(=C(O)C=CC=CN2CNC(=O)C2=O)C(=O)NN1C 1 O=C1NCN(C=CC=CC=C2C=CNNC2=O)C1=O 1.0000000 1.0000 0.7762188 0.7762 0.7851861 4.1556
 | 18.2063 89.2496 7.5083 0.7559213 CC(C=CN(C)CCO)=c1[nH]c(=O)c(=C(O)C=CC=CN2CNCC2=CBr)c(C)c1CO 1 C=C1CNCN1C=CC=CC=c1ccc(=C)[nH]c1=O 1.0000000 1.0000 0.5697860 0.5698 0.6158946 4.6924
01:53:28 <INFO> Sampled SMILES N1C(=O)C(=C(O)C=CC=CN(OC(=O)C)C)C2CCC(=CC)C(C=CCO)O21 failed to sanitize.
01:53:28 <INFO> Score: 0.71 Agent NLL: 15.49 Valid:  99% Step: 191
 | Agent Prior Target Score SMILES SMILES_state Scaffold DASA DASA (raw) Solubility Solubility (raw) SA SA (raw)
 | 10.2069 45.4268 -45.4268 0.0000000 O=C1CN(C=CC=CC(O)=C2OC(=O)CC2=O)CCN1 1 O=C1CN(C=CC=CC=C2OC(=O)CC2=O)CCN1 1.0000000 1.0000 0.7845450 0.7845 0.8442366 3.8990
 | 7.4304 50.6855 -50.6855 0.0000000 NC1=NC(=O)C(=C(O)C=CC=CN(CCO)CCO)C(=O)NN1 1 C=C1C(=O)N=CNNC1=O 1.0000000 1.0000 0.8949637 0.8950 0.8574195 3.8313
 | 13.9625 72.7487 41.7974 0.8948918 CN1C(=O)C(=c2c(=O)[nH][nH]c(=O)c2=C(O)C=CC=CN(O)CCO)N(C)N(C)C1=S 1 C=c1c(=O)[nH][nH]c(=O)c1=C1NNC(=S)NC1=O 1.0000000 1.0000 0.8496046 0.8496 0.7424476 4.3103
 | 17.1361 70.8250 21.6188 0.7222176 CC(C)=CC1CC(C)=NN1C=CC=CC(O)=c1c(=O)[nH]c(=C(O)CCl)oc1=O 1 C=c1[nH]c(=O)c(=CC=CC=CN2CCC=N2)c(=O)o1 1.0000000 1.0000 0.5387517 0.5388 0.5346596 4.9095
 | 9.1853 50.6687 64.6833 0.9011876 NC1=NC(=O)C(=C(O)C=CC=CN2CCC(N)C2)C(=O)N1 1 O=C1N=CNC(=O)C1=CC=CC=CN1CCCC1 1.0000000 1.0000 0.8335358 0.8335 0.7964571 4.1112
 | 10.3306 61.5624 51.9347 0.8866962 C=C1CN(C=CC=CC(O)=c2c(=C)c2=O)NC1=O 1 C=C1CN(C=CC=CC=c2c(=C)c2=O)NC1=O 1.0000000 1.0000 0.8419086 0.8419 0.7187938 4.3886
 | 10.4777 55.3079 -55.3079 0.0000000 CC(=O)NC1=NC(=O)C(=C(O)C=CC=CN2CCCC2C(=O)O)C(=O)N1 1 O=C1N=CNC(=O)C1=CC=CC=CN1CCCC1 1.0000000 1.0000 0.7528951 0.7529 0.8486471 3.8769
 | 10.8700 51.4160 66.5460 0.9215788 CN1C(=O)C(=O)C(=C(O)C=CC=CN2CC(O)C2)C1=O 1 O=C1NC(=O)C(=CC=CC=CN2CCC2)C1=O 1.0000000 1.0000 0.8267442 0.8267 0.9086484 3.5035
 | 15.7013 53.9905 54.5807 0.8482130 CN1CCNC(=O)C1=C(O)C=CC=CN1CC(O)C(O)C(O)C1CO 1 O=C1NCCNC1=CC=CC=CN1CCCCC1 1.0000000 1.0000 0.8694265 0.8694 0.5382614 4.9001
 | 8.8337 63.4715 52.5144 0.9061391 C=c1oc(=O)[nH]c(=O)c1=C(O)C=CC=CN1CN(CCO)C1=O 1 C=c1oc(=O)[nH]c(=O)c1=CC=CC=CN1CNC1=O 1.0000000 1.0000 0.8511549 0.8512 0.7902381 4.1360
01:53:29 <INFO> Sampled SMILES N1C(=O)C(=C(O)C=CC=CN2CN(CCCCCCCC)C2=O)CCBr=C1 failed to sanitize.
01:53:29 <INFO> Score: 0.66 Agent NLL: 15.15 Valid:  99% Step: 192
 | Agent Prior Target Score SMILES SMILES_state Scaffold DASA DASA (raw) Solubility Solubility (raw) SA SA (raw)
 | 9.4972 58.8601 57.7770 0.9112273 C=c1nc[nH]c(=O)c1=C(O)C=CC=CN1CN(CCO)C1 1 C=c1nc[nH]c(=O)c1=CC=CC=CN1CNC1 1.0000000 1.0000 0.8505530 0.8506 0.8148221 4.0348
 | 12.4575 65.6113 40.6211 0.8299407 C[N+](C)(C)CCCN1CN(C=CC=CC(O)=C2C(=O)NC(=O)NC2C(=O)O)OC1=O 1 O=C1NCC(=CC=CC=CN2CNC(=O)O2)C(=O)N1 1.0000000 1.0000 0.7149724 0.7150 0.6760687 4.5207
 | 8.1218 52.5732 -52.5732 0.0000000 C=c1[nH]c(=N)[nH]c(=O)c1=C(O)C=CC=CN(CCO)CCO 1 C=c1[nH]c(=N)[nH]c(=O)c1=C 1.0000000 1.0000 0.8897337 0.8897 0.7901731 4.1362
 | 11.2388 59.0491 52.6696 0.8728022 CCOC(=O)N1CN(C=CC=CC(O)=C2C(=O)N=C(N3CCOCC3)NC2=O)CC1=O 1 O=C1CN(C=CC=CC=C2C(=O)N=C(N3CCOCC3)NC2=O)CN1 1.0000000 1.0000 0.7109958 0.7110 0.8892846 3.6428
 | 10.1383 54.9635 -54.9635 0.0000000 C=c1c(=O)[nH][nH]c(=O)c1=C(O)C=CC=CN1CCOCC1 1 C=c1c(=O)[nH][nH]c(=O)c1=CC=CC=CN1CCOCC1 1.0000000 1.0000 0.8340863 0.8341 0.8649461 3.7903
 | 11.5726 59.1742 55.7924 0.8981765 O=C1N=NNC(=O)C1=C(O)C=CC=CN1CNC(=O)C1=O 1 O=C1N=NNC(=O)C1=CC=CC=CN1CNC(=O)C1=O 1.0000000 1.0000 0.8371471 0.8371 0.7766863 4.1880
 | 15.6321 64.4864 44.2439 0.8494557 CC1CCCCN1C1=NC(=O)C(=C(O)C=CC=CN2CN(CCO)CC2=O)C(=O)N1 1 O=C1N=C(N2CCCCC2)NC(=O)C1=CC=CC=CN1CNCC1=O 1.0000000 1.0000 0.6999359 0.6999 0.7927510 4.1260
 | 19.7541 66.0909 -66.0909 0.0000000 N1C(=O)C(=C(O)C=CC=CN2CN(CCCCCCCC)C2=O)CCBr=C1 0 -- 0.0000000 0.0000 0.0000000 0.0000 0.0000000 0.0000
 | 18.8207 77.6028 36.7949 0.8937326 CC(=CC=c1[nH]c(=O)c(=C(O)C=CC=CN2CN(CCO)CCC2=O)[nH]1)N(CCO)CCO 1 C=c1[nH]c(=O)c(=CC=CC=CN2CNCCC2=O)[nH]1 1.0000000 1.0000 0.8322229 0.8322 0.7645756 4.2326
 | 18.6372 40.8921 -40.8750 0.0001342 CC(C=CN1CC(CO)CCC1=O)=CC=C1C(=O)NC(=S)NC1=O 1 O=C1NC(=S)NC(=O)C1=CC=CC=CN1CCCCC1=O 0.0000000 0.0000 0.7172588 0.7173 0.8379903 3.9295
01:53:30 <INFO> Sampled SMILES N1C(=O)C(=C(O)C=CC=CN2CN(CCO)C2)(C)n2c1ncc2 failed to sanitize.
01:53:30 <INFO> Sampled SMILES N1C(=O)C(=C(O)C=CC=CN2CC=C(CBr)=C2)CSC1=NC(=CC)C(=O)O failed to sanitize.
01:53:30 <INFO> Score: 0.65 Agent NLL: 15.61 Valid:  98% Step: 193
 | Agent Prior Target Score SMILES SMILES_state Scaffold DASA DASA (raw) Solubility Solubility (raw) SA SA (raw)
 | 12.2451 74.0866 42.9859 0.9146286 CON=C1C(=O)NC(=O)NC(=O)C1=C(O)C=CC=CN1CC(=O)N(C)C(=O)C1=O 1 N=C1C(=O)NC(=O)NC(=O)C1=CC=CC=CN1CC(=O)NC(=O)C1=O 1.0000000 1.0000 0.8237620 0.8238 0.8787836 3.7095
 | 12.7708 61.0038 50.6851 0.8725692 CC1=CN(C=CC=CC(O)=C2C(=O)N=C(N3CCOCC3)NC2=O)CN1CCO 1 O=C1N=C(N2CCOCC2)NC(=O)C1=CC=CC=CN1C=CNC1 1.0000000 1.0000 0.7264593 0.7265 0.8552232 3.8429
 | 11.2878 58.9634 56.3476 0.9008673 O=C1NC(=O)C(=O)C(=C(O)C=CC=CN2CC(O)CO2)C(=O)N1 1 O=C1NC(=O)C(=O)C(=CC=CC=CN2CCCO2)C(=O)N1 1.0000000 1.0000 0.8421826 0.8422 0.7807433 4.1727
 | 13.8051 47.5159 51.5640 0.7740618 CN(C=CC=CC(O)=C1C(=O)NC2(C)c3ccccc3N(C)C12)CCO 1 C=C1C(=O)NC2c3ccccc3NC12 1.0000000 1.0000 0.5432350 0.5432 0.7583044 4.2551
 | 10.8519 65.0823 -65.0823 0.0000000 [N-]=[N+]=NCCCN(C=CC=CC(O)=C1C(=O)NNC1=O)CCO 1 C=C1C(=O)NNC1=O 1.0000000 1.0000 0.7786273 0.7786 0.8365433 3.9364
 | 13.7229 52.4972 50.8577 0.8074595 O=C1NC2=C(C(=O)c3ccccc3C2=O)C1=C(O)C=CC=CN1CC1 1 O=C1NC2=C(C(=O)c3ccccc3C2=O)C1=CC=CC=CN1CC1 1.0000000 1.0000 0.5434424 0.5434 0.9459434 3.1355
 | 12.1545 51.8332 62.4163 0.8925737 COC1CCN(C=CC=CC(O)=C2C(=O)NC(=O)C2=O)C1 1 O=C1NC(=O)C(=CC=CC=CN2CCCC2)C1=O 1.0000000 1.0000 0.7795921 0.7796 0.8513604 3.8630
 | 29.3356 81.9974 17.5512 0.7777234 CSC1CCN(C=CC=CC(O)=c2c(=O)[nH]c(=CC=C(C)C=CC=CN(CCO)CCO)[nH]c2=O)CC1 1 C=c1[nH]c(=O)c(=CC=CC=CN2CCCCC2)c(=O)[nH]1 1.0000000 1.0000 0.5782648 0.5783 0.6968037 4.4579
 | 12.5637 62.7416 44.8025 0.8401883 CC1(C)ONC(=O)C(=C(O)C=CC=CN2C(=O)C(=O)OC2(C)C)C(=O)O1 1 O=C1NOCOC(=O)C1=CC=CC=CN1COC(=O)C1=O 1.0000000 1.0000 0.6806542 0.6807 0.7858793 4.1530
 | 10.9585 50.8206 65.4152 0.9080920 O=C1NC(=O)C(=C(O)C=CC=CN2CCC(O)C2)C1=O 1 O=C1NC(=O)C(=CC=CC=CN2CCCC2)C1=O 1.0000000 1.0000 0.8239468 0.8239 0.8459761 3.8903
01:53:31 <INFO> Sampled SMILES N1C(=O)C(=C(O)C=CC=CN2CN(CCO)CCC2=O)C(=O)OC1=C(C)C=C1C=C(=O)C(=C(O)C=CC=O)O1 failed to sanitize.
01:53:31 <INFO> Score: 0.69 Agent NLL: 15.24 Valid:  99% Step: 194
 | Agent Prior Target Score SMILES SMILES_state Scaffold DASA DASA (raw) Solubility Solubility (raw) SA SA (raw)
 | 14.5393 73.3981 41.4457 0.8972172 O=C1NNNC(=O)C1=C(O)C=CC=CN1C(=O)NC(=C(O)CO)C1=O 1 C=C1NC(=O)N(C=CC=CC=C2C(=O)NNNC2=O)C1=O 1.0000000 1.0000 0.8619955 0.8620 0.7338016 4.3394
 | 12.1874 56.2020 59.4719 0.9037023 CC1NC(=O)C(=C(O)C=CC=CN2CNCC2=O)C(=O)N1 1 O=C1NCNC(=O)C1=CC=CC=CN1CNCC1=O 1.0000000 1.0000 0.8342932 0.8343 0.8069105 4.0684
 | 21.6021 66.7289 36.6214 0.8074241 CN1C(=O)C(=C(O)C=CC=CN2CNCO2)C(=O)NCC1=CBr 1 C=C1CNC(=O)C(=CC=CC=CN2CNCO2)C(=O)N1 1.0000000 1.0000 0.6563302 0.6563 0.6797037 4.5098
 | 7.7785 54.4510 -54.4510 0.0000000 CN1NC(=O)C(=O)C(=C(O)C=CC=CN(CCO)CCO)C1=O 1 C=C1C(=O)NNC(=O)C1=O 1.0000000 1.0000 0.8701611 0.8702 0.8671078 3.7781
 | 27.0183 77.7695 23.0754 0.7878506 CC1=C(N2CCOCC2)NC(=O)C(=C(O)C=CC=CN2CN(CCNC(=O)CNC(=O)OC(C)(C)C)C2=O)C1=NO 1 N=C1C=C(N2CCOCC2)NC(=O)C1=CC=CC=CN1CNC1=O 1.0000000 1.0000 0.5320635 0.5321 0.8627683 3.8023
 | 12.8139 57.6070 57.8757 0.9022087 N=C1NC(=O)C(=C(O)C=CC=CN2CN2)C(=O)N1 1 N=C1NC(=O)C(=CC=CC=CN2CN2)C(=O)N1 1.0000000 1.0000 0.8566315 0.8566 0.7637869 4.2355
 | 11.4535 47.1559 66.8161 0.8904061 O=C1NC(=O)C(=C(O)C=CC=CN2CC(O)C(O)C2CO)C(=O)N1 1 O=C1NC(=O)C(=CC=CC=CN2CCCC2)C(=O)N1 1.0000000 1.0000 0.8769112 0.8769 0.6841720 4.4964
 | 14.8158 76.0842 36.3426 0.8783345 CC(O)=c1[nH]c(=O)c(=C(O)C=CC=CN2CN=C(N)NC2=O)oc1=O 1 C=c1[nH]c(=O)c(=CC=CC=CN2CN=CNC2=O)oc1=O 1.0000000 1.0000 0.8335974 0.8336 0.6958909 4.4607
 | 12.2986 65.1612 44.4448 0.8562973 C=C1NC(=O)C(=C(O)C=CC=CN2CN(CCO)C2)CC1O 1 C=C1CCC(=CC=CC=CN2CNC2)C(=O)N1 1.0000000 1.0000 0.7787880 0.7788 0.6859543 4.4910
 | 11.3992 55.0103 50.9493 0.8278091 CC1CN(C=CC=CC(O)=C2C(=O)N=C(N3CCOCC3)NC2=O)C(C)O1 1 O=C1N=C(N2CCOCC2)NC(=O)C1=CC=CC=CN1CCOC1 1.0000000 1.0000 0.6777670 0.6778 0.7323904 4.3441
01:53:31 <INFO> Sampled SMILES N1C(=O)C(=C(O)C=CC=CN2CN(CCCC)CN(CC)C2=O)C(C)=C2C=C(OC(CC)=O)=CC12 failed to sanitize.
01:53:31 <INFO> Sampled SMILES N1C(=O)C(=C(O)C=CC=CN2CC(CN)=C(C(O)=O)OC2=O)N(CCO)N=C1=C failed to sanitize.
01:53:31 <INFO> Sampled SMILES N1C(=O)C(=C(O)C=CC=CN2CC(COC)N(C)CC2=O)C(=O)N=C1=C failed to sanitize.
01:53:32 <INFO> Score: 0.72 Agent NLL: 16.06 Valid:  98% Step: 195
 | Agent Prior Target Score SMILES SMILES_state Scaffold DASA DASA (raw) Solubility Solubility (raw) SA SA (raw)
 | 18.7911 64.3775 42.8584 0.8377804 C=C1C(=COC)C(=O)C1=C(O)C=CC=CN1CNCC1=O 1 C=C1C(=C)C(=CC=CC=CN2CNCC2=O)C1=O 1.0000000 1.0000 0.6879703 0.6880 0.7597778 4.2499
 | 10.7530 41.8859 64.0884 0.8279242 O=C1CN(C=CC=CC(O)=C2C(=O)Nc3ccccc32)CCN1 1 O=C1CN(C=CC=CC=C2C(=O)Nc3ccccc32)CCN1 1.0000000 1.0000 0.5877791 0.5878 0.9404282 3.2026
 | 31.4446 91.9253 -20.0778 0.5613089 COC1CN(C=CC=CC(O)=c2[nH]c(=CC=C(O)C=CC3=C(C)C=CC4=CCCCC43)[nH]c2=O)C1O 1 O=c1[nH]c(=CC=CC=CC2=CC=CC3=CCCCC23)[nH]c1=CC=CC=CN1CCC1 1.0000000 1.0000 0.3614447 0.3614 0.2862443 5.5952
 | 21.8033 79.7986 21.3059 0.7898793 CC(NN=CC1COC(=O)C1O)=c1[nH]c(=O)c(=C(O)C=CC=CN2CC(CN)OC2=O)c(=O)o1 1 O=C1CC(C=NNC=c2[nH]c(=O)c(=CC=CC=CN3CCOC3=O)c(=O)o2)CO1 1.0000000 1.0000 0.8445588 0.8446 0.3895752 5.2926
 | 9.4092 61.7737 46.1350 0.8430362 C[N+](C)(C)CCCN1CCN(C=CC=CC(O)=C2C(=O)NC=COC2=O)C1 1 O=C1NC=COC(=O)C1=CC=CC=CN1CCNC1 1.0000000 1.0000 0.6710102 0.6710 0.8201940 4.0113
 | 19.9477 57.7158 48.0983 0.8266725 O=C1C=CCC(O)C1=C(O)C=CC=CN1CC(O)C(O)C1 1 O=C1C=CCCC1=CC=CC=CN1CCCC1 1.0000000 1.0000 0.7737210 0.7737 0.5767374 4.7984
 | 9.0129 58.1825 -58.1825 0.0000000 C=c1nc(N)[nH]c(=O)c1=C(O)C=CC=CN1CCN(CCO)C1 1 C=c1nc[nH]c(=O)c1=CC=CC=CN1CCNC1 1.0000000 1.0000 0.8568146 0.8568 0.8401064 3.9192
 | 13.0224 60.4167 52.7125 0.8838217 CN1CC(CO)N(C=CC=CC(O)=C2C(=O)N2CCO)C1 1 O=C1NC1=CC=CC=CN1CCNC1 1.0000000 1.0000 0.8280155 0.8280 0.7275234 4.3602
 | 13.8878 60.2262 52.8093 0.8830899 O=C1NC1=C(O)C=CC=CN1CCCC1C(=O)O 1 O=C1NC1=CC=CC=CN1CCCC1 1.0000000 1.0000 0.7525574 0.7526 0.8562121 3.8377
 | 16.3436 52.1007 57.6106 0.8571196 CC(C)(C)OC(=O)NC1=NC(=O)C(=C(O)C=CC=CN2CCNCC2)C(=O)N1 1 O=C1N=CNC(=O)C1=CC=CC=CN1CCNCC1 1.0000000 1.0000 0.6638756 0.6639 0.9116241 3.4798
01:53:33 <INFO> Score: 0.72 Agent NLL: 15.06 Valid: 100% Step: 196
 | Agent Prior Target Score SMILES SMILES_state Scaffold DASA DASA (raw) Solubility Solubility (raw) SA SA (raw)
 | 17.6583 56.8709 51.8547 0.8494181 CN1CCCN(C=CC=CC(O)=C2C(=O)NC=C(CO)C2O)C1=O 1 O=C1NC=CCC1=CC=CC=CN1CCCNC1=O 1.0000000 1.0000 0.7384088 0.7384 0.7217193 4.3792
 | 7.5360 63.3931 -63.3931 0.0000000 O=C1NCC(=O)N(C=CC=CC(O)=C2C(=O)NC=COC2=O)C1=O 1 O=C1NCC(=O)N(C=CC=CC=C2C(=O)NC=COC2=O)C1=O 1.0000000 1.0000 0.8324191 0.8324 0.8089131 4.0600
 | 19.9142 77.5972 33.3322 0.8666361 CN1CCC(=c2oc(=N)[nH]c(=O)c2=C(O)C=CC=CN2CN(CCO)CCCC2=O)CC1 1 N=c1[nH]c(=O)c(=CC=CC=CN2CNCCCC2=O)c(=C2CCNCC2)o1 1.0000000 1.0000 0.7348322 0.7348 0.8087491 4.0607
 | 10.0283 70.9281 38.6516 0.8560911 CC1NCN(C=CC=CC(O)=C2C(=O)N=C(N)NNC2=O)C(=O)N1C 1 O=C1N=CNNC(=O)C1=CC=CC=CN1CNCNC1=O 1.0000000 1.0000 0.8176521 0.8177 0.6291221 4.6557
 | 9.7458 60.0490 57.9500 0.9218674 CN1NC(=O)C(=C(O)C=CC=CN2CN(CCCN)C(=O)C2=O)C1=O 1 O=C1NCN(C=CC=CC=C2C(=O)NNC2=O)C1=O 1.0000000 1.0000 0.8483430 0.8483 0.8699802 3.7618
 | 10.1669 41.8184 -41.8184 0.0000000 O=C1C(=C(O)C=CC=CN2CC2)C(=O)c2ccccc21 1 O=C1C(=CC=CC=CN2CC2)C(=O)c2ccccc21 1.0000000 1.0000 0.4983390 0.4983 0.9643406 2.8519
 | 16.0427 73.6144 23.8051 0.7610900 CC1NCN(C=CC=CC(O)=C2C(=O)NC=C3C2CC(=O)N3C)C(=O)N1C 1 O=C1CC2C(=CNC(=O)C2=CC=CC=CN2CNCNC2=O)N1 1.0000000 1.0000 0.6526633 0.6527 0.5033070 4.9914
 | 11.5655 67.8238 48.8652 0.9116327 C=C1C(=O)C(=O)NC(=O)C1=C(O)C=CC=CN1CN(CCO)CC1=O 1 C=C1C(=O)C(=O)NC(=O)C1=CC=CC=CN1CNCC1=O 1.0000000 1.0000 0.8223591 0.8224 0.8663568 3.7824
 | 12.4915 65.3095 49.1723 0.8943896 O=C1CN(C=CC=CC(O)=C2C(=O)NC(=O)NC2C(=O)O)C(CO)C(=O)N1 1 O=C1CN(C=CC=CC=C2CNC(=O)NC2=O)CC(=O)N1 1.0000000 1.0000 0.8706737 0.8707 0.7091994 4.4192
 | 9.2547 18.4161 -18.3979 0.0001417 CN(C)C=C1C(=O)OC(C)(C)OC1=O 1 C=C1C(=O)OCOC1=O 0.0000000 0.0000 0.7832714 0.7833 0.9546541 3.0150
01:53:34 <INFO> Score: 0.71 Agent NLL: 15.84 Valid: 100% Step: 197
 | Agent Prior Target Score SMILES SMILES_state Scaffold DASA DASA (raw) Solubility Solubility (raw) SA SA (raw)
 | 18.7776 70.3335 19.7151 0.7035050 CCCCCCCCN1CN(C=CC=CC(O)=C2C(=O)NC3=NC2C(=O)N3C)CCC1=O 1 O=C1CCN(C=CC=CC=C2C(=O)NC3=NC2C(=O)N3)CN1 1.0000000 1.0000 0.4854129 0.4854 0.5590592 4.8454
 | 17.5430 60.1793 36.7936 0.7576003 O=C1NC(=O)C(N2CCOCC2)C1=C(O)C=CC=CN1C2OC1C(O)C(O)C2O 1 O=C1NC(=O)C(N2CCOCC2)C1=CC=CC=CN1C2CCCC1O2 1.0000000 1.0000 0.8609116 0.8609 0.3026100 5.5439
 | 17.2643 60.5973 49.3338 0.8588369 O=C1NCN(C=CC=CC(O)=C2N=CC=NNC2=O)N1 1 O=C1NCN(C=CC=CC=C2N=CC=NNC2=O)N1 1.0000000 1.0000 0.8041685 0.8042 0.6586791 4.5717
 | 14.0068 58.0038 54.9193 0.8822115 CC1(C)OC(=O)C(=C(O)C=CC=C(O)N2CCNC(=O)C2)C(=O)O1 1 O=C1CN(C=CC=CC=C2C(=O)OCOC2=O)CCN1 1.0000000 1.0000 0.7267979 0.7268 0.9052799 3.5295
 | 13.5397 67.4636 32.9958 0.7848390 CC1NCN(C=CC=CC(O)=C2C(=O)NC3NC(=O)NC23)C(=O)N1C 1 O=C1NC2NC(=O)C(=CC=CC=CN3CNCNC3=O)C2N1 1.0000000 1.0000 0.7763154 0.7763 0.4365473 5.1662
 | 24.6535 92.5942 -0.1438 0.7222684 CCC1=NN(C=CC=CC(O)=C2OCC2=O)C(=O)C1=C(O)C=CC=C(C)N1CCNCC1 1 O=C1COC1=CC=CC=CN1N=CC(=CC=CC=CN2CCNCC2)C1=O 1.0000000 1.0000 0.4424102 0.4424 0.7550465 4.2667
 | 18.4410 51.2234 50.0397 0.7911182 CC(=O)NC1COC(=C(O)C=CC=CN2CCCC(C)C2)C1=O 1 O=C1CCOC1=CC=CC=CN1CCCCC1 1.0000000 1.0000 0.5801915 0.5802 0.7577351 4.2572
 | 9.7496 57.6019 55.8694 0.8864940 O=C1N=C(N2CCCCC2)NC(=O)C1=C(O)C=CC=CN1C(=O)NC(=O)C1=O 1 O=C1N=C(N2CCCCC2)NC(=O)C1=CC=CC=CN1C(=O)NC(=O)C1=O 1.0000000 1.0000 0.7378522 0.7379 0.9043813 3.5363
 | 17.1387 57.6872 55.4594 0.8839577 CCN1C(=O)C(=C(O)C=CC=CN2CCOC(C(=O)O)C2)C1=O 1 O=C1NC(=O)C1=CC=CC=CN1CCOCC1 1.0000000 1.0000 0.7502679 0.7503 0.8652401 3.7886
 | 11.4127 54.7670 62.1573 0.9134712 O=C1NC(=O)C(=C(O)C=CC=CN2CC(O)C2=O)C(=O)N1 1 O=C1NC(=O)C(=CC=CC=CN2CCC2=O)C(=O)N1 1.0000000 1.0000 0.8554491 0.8554 0.8171620 4.0246
01:53:34 <INFO> Sampled SMILES O=C1C(=C(O)C=CC=CN2CNCCc2c1=O)O failed to sanitize.
01:53:34 <INFO> Score: 0.68 Agent NLL: 15.55 Valid:  99% Step: 198
 | Agent Prior Target Score SMILES SMILES_state Scaffold DASA DASA (raw) Solubility Solubility (raw) SA SA (raw)
 | 15.6596 68.2539 41.1993 0.8551035 C=C1CNC(=O)C(=C(O)C=CC=CN2CC(C(=O)O)OCC2=O)C(=O)OC1 1 C=C1CNC(=O)C(=CC=CC=CN2CCOCC2=O)C(=O)OC1 1.0000000 1.0000 0.7537228 0.7537 0.7210705 4.3813
 | 11.3809 46.3172 70.6630 0.9139082 CN1NC(=O)C(=C(O)C=CC=CN2CCNCC2)C1=O 1 O=C1NNC(=O)C1=CC=CC=CN1CCNCC1 1.0000000 1.0000 0.8169676 0.8170 0.8879328 3.6516
 | 20.1997 74.9872 25.7562 0.7870579 CN(C=C1CCCC(=C(O)C=CC=CN2CN(CCO)C(=O)C2=O)C(=O)N1)CCCN=[N+]=[N-] 1 C=C1CCCC(=CC=CC=CN2CNC(=O)C2=O)C(=O)N1 1.0000000 1.0000 0.5731523 0.5732 0.7534640 4.2722
 | 15.9730 61.9590 52.4087 0.8934978 C[N+](C)(C)CCCN1CN(C=CC=CC(O)=C2C(=O)NC2=O)CC1=O 1 O=C1CN(C=CC=CC=C2C(=O)NC2=O)CN1 1.0000000 1.0000 0.7704909 0.7705 0.8737708 3.7396
 | 23.9325 79.3428 31.8255 0.8685027 COC1CN(C=CC=CC(O)=C2C(=O)NC(CNC(=O)OCCCCN)OC2=O)C1 1 O=C1NCOC(=O)C1=CC=CC=CN1CCC1 1.0000000 1.0000 0.7468317 0.7468 0.7950763 4.1168
 | 8.9646 52.2502 -52.2502 0.0000000 CCN1C(=O)OC(=C(O)C=CC=CN2CCNC(=O)C2)C1=O 1 O=C1CN(C=CC=CC=C2OC(=O)NC2=O)CCN1 1.0000000 1.0000 0.7360001 0.7360 0.8774381 3.7177
 | 14.8069 57.5864 23.4615 0.6331865 CCCCN1CN(C=CC=CC(O)=C2Cc3ccccc3NC2=O)C(C)C1=O 1 O=C1CN(C=CC=CC=C2Cc3ccccc3NC2=O)CN1 1.0000000 1.0000 0.2796743 0.2797 0.8441100 3.8996
 | 7.8511 56.9532 -56.9532 0.0000000 O=C1NC=COC(=O)C1=C(O)C=CC=CN1CNCC1=O 1 O=C1NC=COC(=O)C1=CC=CC=CN1CNCC1=O 1.0000000 1.0000 0.8018128 0.8018 0.7650594 4.2309
 | 12.1278 47.9014 -47.9014 0.0000000 CC(C=CN1CCCC1)=CC(O)=C1C(=O)NC(=O)OC1=O 1 O=C1NC(=O)C(=CC=CC=CN2CCCC2)C(=O)O1 1.0000000 1.0000 0.6544248 0.6544 0.9043308 3.5367
 | 16.3549 49.5970 59.4886 0.8522317 CN1C=COC(=C(O)C=CC=CN2CCNC2=O)C1=O 1 O=C1NC=COC1=CC=CC=CN1CCNC1=O 1.0000000 1.0000 0.6997085 0.6997 0.8069058 4.0684
01:53:35 <INFO> Sampled SMILES S=C1NC(=O)C(=C(O)C=CC=CN2CNCC2=O)=C1 failed to sanitize.
01:53:35 <INFO> Score: 0.72 Agent NLL: 15.10 Valid:  99% Step: 199
 | Agent Prior Target Score SMILES SMILES_state Scaffold DASA DASA (raw) Solubility Solubility (raw) SA SA (raw)
 | 24.2148 81.7032 18.6432 0.7839563 CC1NCN2C=CC=CC(O)=C(C(=N)N)C(=O)NN(C)C2=C1[N+](=O)[O-] 1 O=C1C=CC=CC=CN2CNCC=C2NN1 1.0000000 1.0000 0.7538448 0.7538 0.4568658 5.1127
 | 18.4390 64.1114 40.6174 0.8181935 C=C1CNCN1C=CC=CC(O)=C1C(=O)N(CC)C(=O)OC1CO 1 C=C1CNCN1C=CC=CC=C1COC(=O)NC1=O 1.0000000 1.0000 0.6934864 0.6935 0.6617253 4.5629
 | 11.4651 62.0650 48.6094 0.8646436 N=C1C(=O)NC(=O)NC(=O)C1=C(O)C=CC=CN1CC(O)C(O)C1CO 1 N=C1C(=O)NC(=O)NC(=O)C1=CC=CC=CN1CCCC1 1.0000000 1.0000 0.8643107 0.8643 0.6014819 4.7318
 | 10.8079 50.4972 59.8586 0.8621547 O=c1[nH]c(=CBr)oc(=O)c1=C(O)C=CC=CN1CC1 1 C=c1[nH]c(=O)c(=CC=CC=CN2CC2)c(=O)o1 1.0000000 1.0000 0.7480789 0.7481 0.7628065 4.2390
 | 12.8383 62.0584 52.3916 0.8941407 CN1C(=O)NC(=O)C(=C(O)C=CC=CN2CC(C(=O)O)NC(=O)C2C(=O)O)C1=O 1 O=C1CN(C=CC=CC=C2C(=O)NC(=O)NC2=O)CCN1 1.0000000 1.0000 0.8360291 0.8360 0.7603145 4.2480
 | 15.1365 52.6945 46.3103 0.7734757 CN1C=CCOC(=C(O)C=CC=CN2CC=CCC2)C1=O 1 O=C1NC=CCOC1=CC=CC=CN1CC=CCC1 1.0000000 1.0000 0.5350574 0.5351 0.7756118 4.1920
 | 11.3408 55.0527 54.6892 0.8573586 C=c1[nH]c(=O)c(=C(O)C=CC=CN2CC(C)OC2=O)c(=O)[nH]1 1 C=c1[nH]c(=O)c(=CC=CC=CN2CCOC2=O)c(=O)[nH]1 1.0000000 1.0000 0.7970160 0.7970 0.6630342 4.5591
 | 13.6690 52.8973 57.8235 0.8650064 CC1CN(C=CC=CC(O)=C2C(=O)NCCOC2=O)CCN1C 1 O=C1NCCOC(=O)C1=CC=CC=CN1CCNCC1 1.0000000 1.0000 0.7257633 0.7258 0.8183895 4.0193
 | 11.9371 61.6934 50.9080 0.8796989 CC1=CC(=C(O)C=CC=CN2CN(CCCN)C(=O)C2=O)C(=O)NN1O 1 O=C1NCN(C=CC=CC=C2C=CNNC2=O)C1=O 1.0000000 1.0000 0.7718141 0.7718 0.8027985 4.0855
 | 9.2793 57.6019 -57.6019 0.0000000 O=C1N=C(N2CCCCC2)NC(=O)C1=C(O)C=CC=CN1C(=O)NC(=O)C1=O 1 O=C1N=C(N2CCCCC2)NC(=O)C1=CC=CC=CN1C(=O)NC(=O)C1=O 1.0000000 1.0000 0.7378522 0.7379 0.9043813 3.5363
01:53:36 <INFO> Score: 0.70 Agent NLL: 15.35 Valid: 100% Step: 200
 | Agent Prior Target Score SMILES SMILES_state Scaffold DASA DASA (raw) Solubility Solubility (raw) SA SA (raw)
 | 15.3491 55.9658 53.3864 0.8543135 COCC1=NN(C)N(C=CC=CC(O)=C2OC(=O)NC2=O)C1 1 O=C1NC(=O)C(=CC=CC=CN2CC=NN2)O1 1.0000000 1.0000 0.7423729 0.7424 0.7368886 4.3291
 | 21.2353 63.6768 -63.6768 0.0000000 CC=CC=CC(O)=C1C(=O)NC(=O)C1=C(O)C=CC=CN(CCO)CCO 1 C=C1C(=C)C(=O)NC1=O 1.0000000 1.0000 0.6802182 0.6802 0.8681988 3.7720
 | 15.0290 61.8987 37.3842 0.7756477 CC(=O)OC=C1CSC2C(=C(O)C=CC=CN3CCNC(=O)CC3)C(=O)NN2C1C(=O)O 1 C=C1CSC2C(=CC=CC=CN3CCNC(=O)CC3)C(=O)NN2C1 1.0000000 1.0000 0.6513237 0.6513 0.5579485 4.8483
 | 11.9193 64.1861 50.1273 0.8930736 CN1COC(=O)C(=C(O)C=CC=CN2CN(CCO)C2=O)C(=O)N1 1 O=C1NNCOC(=O)C1=CC=CC=CN1CNC1=O 1.0000000 1.0000 0.8101731 0.8102 0.7982646 4.1040
 | 21.9216 85.6513 20.9132 0.8325347 CC(=O)NNCC(O)C(C)ON=C1NC(=O)C(=C(O)C=CC=CN2CNC(=O)C2=O)C(=O)O1 1 N=C1NC(=O)C(=CC=CC=CN2CNC(=O)C2=O)C(=O)O1 1.0000000 1.0000 0.8671294 0.8671 0.4903039 5.0253
 | 12.7953 60.1312 50.3376 0.8630373 C=C1C(=O)NNNC(=O)C1=C(O)C=CC=CN1CCCCC1 1 C=C1C(=O)NNNC(=O)C1=CC=CC=CN1CCCCC1 1.0000000 1.0000 0.7029435 0.7029 0.8551545 3.8433
 | 14.7904 45.9589 -45.9436 0.0001199 CC1(C)OC(=O)NC1=C(O)C=CC=CN1CCCC1 1 O=C1NC(=CC=CC=CN2CCCC2)CO1 0.0000000 0.0000 0.4951482 0.4951 0.8858088 3.6654
 | 13.1843 56.5842 -56.5842 0.0000000 CN1CCN(C=CC=CC(O)=C2CC(=O)NNC2=O)CC1 1 O=C1CC(=CC=CC=CN2CCNCC2)C(=O)NN1 1.0000000 1.0000 0.7834402 0.7834 0.8930437 3.6175
 | 31.6155 75.1115 25.0236 0.7823058 CC1CC(C(=O)O)N(C=CC=CC(O)=C2CC(=O)C(=O)C(=C(O)C3=NNNN3)C2=O)C1=O 1 O=C1CC(=CC=CC=CN2CCCC2=O)C(=O)C(=CC2=NNNN2)C1=O 1.0000000 1.0000 0.7426573 0.7427 0.4638174 5.0944
 | 25.3776 66.8553 31.3049 0.7668765 CC(N)C(=O)OCOCOCON(C)C=CC=CC(O)=C1C(=O)N(c2ccccc2)C=C1C(=O)O 1 C=C1C=CN(c2ccccc2)C1=O 1.0000000 1.0000 0.5265653 0.5266 0.7625476 4.2400
01:53:36 <INFO> Sampled SMILES N1C(=O)C(=C(O)C=CC=CN2CC(CO)C=C2NC(C)=O)C(=COC)=C1SC failed to sanitize.
01:53:37 <INFO> Score: 0.69 Agent NLL: 14.91 Valid:  99% Step: 201
 | Agent Prior Target Score SMILES SMILES_state Scaffold DASA DASA (raw) Solubility Solubility (raw) SA SA (raw)
 | 9.0625 51.8336 66.3938 0.9236509 C=c1c(=O)c1=C(O)C=CC=CN(C)CCO 1 C=c1c(=C)c1=O 1.0000000 1.0000 0.8606863 0.8607 0.8569149 3.8340
 | 10.8701 51.9194 -51.9194 0.0000000 O=C1NC(=S)OC(=O)C1=C(O)C=CC=CN1CC(O)C(O)C1CO 1 O=C1NC(=S)OC(=O)C1=CC=CC=CN1CCCC1 1.0000000 1.0000 0.8407266 0.8407 0.5766461 4.7987
 | 11.6697 53.6235 52.3259 0.8277294 CC1C(=O)OC(=C(O)C=CC=CN2CC(O)CC2C(=O)O)C1=O 1 O=C1CC(=O)C(=CC=CC=CN2CCCC2)O1 1.0000000 1.0000 0.7373717 0.7374 0.6316298 4.6487
 | 9.3033 61.7014 -61.7014 0.0000000 O=C1NNC(=O)C1=c1o[nH]c(=O)c1=C(O)C=CC=CN(CCO)CCO 1 C=c1c(=O)[nH]oc1=C1C(=O)NNC1=O 1.0000000 1.0000 0.9188534 0.9189 0.7697666 4.2137
 | 13.7581 55.0236 62.3327 0.9168464 C=c1oc(=C(O)C=CC=CN2CC(=O)NCC2=O)c(=O)n(C)c1=O 1 C=c1oc(=CC=CC=CN2CC(=O)NCC2=O)c(=O)[nH]c1=O 1.0000000 1.0000 0.8705388 0.8705 0.8080307 4.0637
 | 11.4652 58.0390 46.0448 0.8131547 CC1(C)ONC(=O)C(=C(O)C=CC=CN2SCCNC2=O)C(=O)O1 1 O=C1NOCOC(=O)C1=CC=CC=CN1SCCNC1=O 1.0000000 1.0000 0.6362585 0.6363 0.7448184 4.3022
 | 11.9553 65.2478 45.8607 0.8680352 CC1NC(=O)C(C(=O)O)N(C=CC=CC(O)=C2C(=O)NCCCOC2=O)C1=O 1 O=C1CN(C=CC=CC=C2C(=O)NCCCOC2=O)C(=O)CN1 1.0000000 1.0000 0.7904488 0.7904 0.7178637 4.3916
 | 7.5239 44.6697 -44.6697 0.0000000 O=C1NC(=O)C(=C(O)C=CC=CN(CCO)CCO)C1=O 1 C=C1C(=O)NC(=O)C1=O 1.0000000 1.0000 0.8756584 0.8757 0.9133863 3.4654
 | 14.2686 68.6910 42.7294 0.8704724 CC(=O)NCCCCN1CN(C=CC=CC(O)=C2C(=O)NC(=NO)OC2=O)C1=O 1 N=C1NC(=O)C(=CC=CC=CN2CNC2=O)C(=O)O1 1.0000000 1.0000 0.7257896 0.7258 0.8458533 3.8910
 | 21.9101 71.2957 29.6292 0.7884756 CN1CC(O)CC1=C1C(=O)N(C)C(=O)C1=C(O)C=CC=CN1CCC(F)C1 1 O=C1NC(=O)C(=C2CCCN2)C1=CC=CC=CN1CCCC1 1.0000000 1.0000 0.6218955 0.6219 0.6593755 4.5697
01:53:38 <INFO> Score: 0.74 Agent NLL: 14.92 Valid: 100% Step: 202
 | Agent Prior Target Score SMILES SMILES_state Scaffold DASA DASA (raw) Solubility Solubility (raw) SA SA (raw)
 | 19.8619 61.1599 35.3219 0.7537636 C=C1C(=O)C(=C(O)C=CC=CN2SCCNC2=O)OC1COC(C)=O 1 C=C1COC(=CC=CC=CN2SCCNC2=O)C1=O 1.0000000 1.0000 0.5641712 0.5642 0.6173275 4.6885
 | 14.2922 53.9614 57.9776 0.8745235 O=c1[nH]c(=S)[nH]c(=CCl)c1=C(O)C=CC=CN(CCO)CCO 1 C=c1[nH]c(=S)[nH]c(=O)c1=C 1.0000000 1.0000 0.7647418 0.7647 0.7909503 4.1332
 | 15.3983 61.0765 41.1329 0.7985103 CCCCN1CN(C)C(=O)N(C=CC=CC(O)=C2C(=O)NN(C)N=C2C)C1 1 O=C1NNN=CC1=CC=CC=CN1CNCNC1=O 1.0000000 1.0000 0.5622101 0.5622 0.8407174 3.9163
 | 10.1394 49.5801 57.2609 0.8346955 CC1CN(C=CC=CC(O)=C2C(=O)NC(=O)N(C)C2=O)C(C)O1 1 O=C1NC(=O)C(=CC=CC=CN2CCOC2)C(=O)N1 1.0000000 1.0000 0.6846699 0.6847 0.7515019 4.2791
 | 8.9064 57.4165 56.0239 0.8862532 CN1NC(=O)C(=C(O)C=CC=CN2CC(CO)OC2=O)C1=O 1 O=C1NNC(=O)C1=CC=CC=CN1CCOC1=O 1.0000000 1.0000 0.8112764 0.8113 0.7649502 4.2313
 | 8.9366 56.7409 56.9777 0.8884270 O=C1NC(=O)C(=O)C(=C(O)C=CC=CN2CC(O)C(O)C2CO)C(=O)N1 1 O=C1NC(=O)C(=O)C(=CC=CC=CN2CCCC2)C(=O)N1 1.0000000 1.0000 0.8835736 0.8836 0.6673281 4.5465
 | 9.8734 56.6238 57.0840 0.8883420 CON=C1NC(=O)C(=C(O)C=CC=CN2CCNC2=O)C(=O)O1 1 N=C1NC(=O)C(=CC=CC=CN2CCNC2=O)C(=O)O1 1.0000000 1.0000 0.7842330 0.7842 0.8218018 4.0042
 | 12.4412 53.3537 61.3179 0.8958718 O=C1CC(=C(O)C=CC=CN2CC2)C(=O)C1=O 1 O=C1CC(=CC=CC=CN2CC2)C(=O)C1=O 1.0000000 1.0000 0.7735443 0.7735 0.8799171 3.7026
 | 18.3280 57.2478 51.8156 0.8520576 CC1(O)CNC(=O)C(=C(O)C=CC=CN2CCNC(=O)C2)CC1O 1 O=C1CN(C=CC=CC=C2CCCCNC2=O)CCN1 1.0000000 1.0000 0.8047301 0.8047 0.6310650 4.6503
 | 12.7300 43.6598 69.2823 0.8823597 COC1=CC(=O)C(=C(O)C=CC=CN2CCOCC2)C(=O)N1 1 O=C1C=CNC(=O)C1=CC=CC=CN1CCOCC1 1.0000000 1.0000 0.7256534 0.7257 0.9085811 3.5040
01:53:38 <INFO> Score: 0.69 Agent NLL: 15.60 Valid: 100% Step: 203
 | Agent Prior Target Score SMILES SMILES_state Scaffold DASA DASA (raw) Solubility Solubility (raw) SA SA (raw)
 | 12.8690 59.0818 57.1341 0.9079365 O=C1NCCNC(=O)C1=C(O)C=CC=CN1CN(CCCO)C1=O 1 O=C1NCCNC(=O)C1=CC=CC=CN1CNC1=O 1.0000000 1.0000 0.8075505 0.8076 0.8754759 3.7295
 | 26.5224 84.8018 24.2579 0.8520288 CCCCCCN1CC([N+](=O)[O-])=C(N(CCO)CCO)N(C=CC=CC(O)=C2C(=O)NC(=NN=C(N)N)OC2=O)C1 1 N=C1NC(=O)C(=CC=CC=CN2C=CCNC2)C(=O)O1 1.0000000 1.0000 0.7282360 0.7282 0.7514647 4.2792
 | 18.1805 65.1764 36.2933 0.7927317 CC=C1OC(C)(O)NC(=O)C1=C(O)C=CC=CN1CC(CO)OC1=O 1 C=C1OCNC(=O)C1=CC=CC=CN1CCOC1=O 1.0000000 1.0000 0.6925392 0.6925 0.5618689 4.8380
 | 26.0549 62.9647 31.4310 0.7374669 C=CC1C2CCC(O)C2(C)CON1C=CC=CC(O)=C1C(=O)C(=O)N(C)C1=O 1 O=C1NC(=O)C(=CC=CC=CN2CC3CCCC3CO2)C1=O 1.0000000 1.0000 0.6056684 0.6057 0.4861131 5.0362
 | 13.7911 47.8760 64.3057 0.8764200 O=C1C=CNC(=O)C(=C(O)C=CC=CN2CCOCC2)O1 1 O=C1C=CNC(=O)C(=CC=CC=CN2CCOCC2)O1 1.0000000 1.0000 0.7315576 0.7316 0.8645784 3.7923
 | 16.2104 49.8950 -49.8950 0.0000000 CC(=O)OCCN(C)C=CC=CC(O)=c1oc(=CBr)[nH]c1=O 1 C=c1[nH]c(=O)c(=C)o1 1.0000000 1.0000 0.6790328 0.6790 0.7916317 4.1305
 | 5.7040 48.7334 -48.7334 0.0000000 O=C1NC(=O)C(=O)C(=C(O)C=CC=CN(CCO)CCO)C(=O)N1 1 C=C1C(=O)NC(=O)NC(=O)C1=O 1.0000000 1.0000 0.8703185 0.8703 0.9112837 3.4825
 | 16.6478 62.3431 50.6838 0.8830230 O=C1NC(=O)C1=C(O)C=CC=CN1CC(CCO)CCN1 1 O=C1NC(=O)C1=CC=CC=CN1CCCCN1 1.0000000 1.0000 0.7910588 0.7911 0.7843099 4.1590
 | 16.3928 59.1533 53.9683 0.8837626 CN1C(=O)CN(C=CC=CC(O)=C2C(=O)N=C(N3CCCNC3=O)NC2=O)C1=O 1 O=C1CN(C=CC=CC=C2C(=O)N=C(N3CCCNC3=O)NC2=O)C(=O)N1 1.0000000 1.0000 0.7464444 0.7464 0.8719998 3.7500
 | 14.0749 50.7424 -50.7424 0.0000000 O=C1CN(C=CC=CC(O)=C2C(=O)NC(=S)OC2=O)CCN1 1 O=C1CN(C=CC=CC=C2C(=O)NC(=S)OC2=O)CCN1 1.0000000 1.0000 0.7922367 0.7922 0.8625074 3.8038
01:53:39 <INFO> Sampled SMILES O=C1C(=C(O)C=CC=CN(O)C)=C(O)C(=O)C1 failed to sanitize.
01:53:39 <INFO> Score: 0.69 Agent NLL: 15.92 Valid:  99% Step: 204
 | Agent Prior Target Score SMILES SMILES_state Scaffold DASA DASA (raw) Solubility Solubility (raw) SA SA (raw)
 | 12.2494 61.3564 47.2495 0.8484838 O=c1[nH]c(=O)c(=CCl)c(=C(O)C=CC=CN2CC(O)C(O)C2CO)c(=O)[nH]1 1 C=c1c(=O)[nH]c(=O)[nH]c(=O)c1=CC=CC=CN1CCCC1 1.0000000 1.0000 0.8854904 0.8855 0.5221639 4.9422
 | 10.4451 62.2717 52.0728 0.8933161 NC1CC(C(=O)O)N(C=CC=CC(O)=C2C(=O)NC(=O)NC(=O)C2=O)C1 1 O=C1NC(=O)C(=O)C(=CC=CC=CN2CCCC2)C(=O)N1 1.0000000 1.0000 0.8331338 0.8331 0.7612480 4.2446
 | 16.5929 59.6117 48.5298 0.8448555 CC1=NN(C)C(=O)C1=C(O)C=CC=CN1COCCO1 1 O=C1NN=CC1=CC=CC=CN1COCCO1 1.0000000 1.0000 0.6857422 0.6857 0.7985941 4.1026
 | 12.5882 51.9758 62.5330 0.8946000 N=C1OC(=C(O)C=C(O)C=CN(CCO)CCO)C1=O 1 C=C1OC(=N)C1=O 1.0000000 1.0000 0.8186990 0.8187 0.7908322 4.1336
 | 16.5595 24.1680 -24.1497 0.0001431 CN1CCCCC1=C1C(=O)NC(=O)NC1=O 1 O=C1NC(=O)C(=C2CCCCN2)C(=O)N1 0.0000000 0.0000 0.8016929 0.8017 0.9679284 2.7804
 | 11.8371 48.3048 -48.3048 0.0000000 C=C1C(=O)NC(=O)C1=C(O)C=CC=CN(C)CCO 1 C=C1C(=C)C(=O)NC1=O 1.0000000 1.0000 0.7892899 0.7893 0.8864687 3.6612
 | 13.7389 56.8225 56.2564 0.8834288 CC(=O)NCC1CN(C=CC=CC(O)=C2C(=O)NC(=S)NC2=O)C(=O)O1 1 O=C1NC(=S)NC(=O)C1=CC=CC=CN1CCOC1=O 1.0000000 1.0000 0.7631951 0.7632 0.8371212 3.9336
 | 8.6256 55.9417 -55.9417 0.0000000 O=C1NC(=S)NC(=O)C(=C(O)C=CC=CN(CCO)CCO)C1=O 1 C=C1C(=O)NC(=S)NC(=O)C1=O 1.0000000 1.0000 0.8552630 0.8553 0.8986245 3.5785
 | 12.4831 50.3807 61.5911 0.8747800 O=C1NC(=O)NC(=C(O)C=CC=CN2CC=CC2)C(=O)N1 1 O=C1NC(=O)NC(=CC=CC=CN2CC=CC2)C(=O)N1 1.0000000 1.0000 0.7410538 0.7411 0.8370124 3.9341
 | 10.7335 52.7989 54.0643 0.8348683 C=C1C(=O)NC(=O)C1=C(O)C=CC=CN1CC(C)OC1=O 1 C=C1C(=O)NC(=O)C1=CC=CC=CN1CCOC1=O 1.0000000 1.0000 0.6796259 0.6796 0.7621173 4.2415
01:53:40 <INFO> Score: 0.64 Agent NLL: 15.60 Valid: 100% Step: 205
 | Agent Prior Target Score SMILES SMILES_state Scaffold DASA DASA (raw) Solubility Solubility (raw) SA SA (raw)
 | 10.9031 58.2741 -58.2741 0.0000000 O=C1N=C(N=COCCO)NC(=O)C1=C(O)C=CC=CN(CCO)CCO 1 C=C1C(=O)N=CNC1=O 1.0000000 1.0000 0.8600118 0.8600 0.8149197 4.0344
 | 14.2118 45.0077 -45.0077 0.0000000 O=C1CC(=C(O)C=CC=CN2CCc3ccccc32)C(=O)N1 1 O=C1CC(=CC=CC=CN2CCc3ccccc32)C(=O)N1 1.0000000 1.0000 0.5233849 0.5234 0.9354839 3.2579
 | 17.8332 47.3450 60.7267 0.8443107 O=C1CCC(=C(O)C=CC=CN2C(=O)CCC2C(=O)O)C1=O 1 O=C1CCC(=CC=CC=CN2CCCC2=O)C1=O 1.0000000 1.0000 0.6811338 0.6811 0.8053421 4.0749
 | 10.3592 52.4350 65.6616 0.9226295 C=c1c(=O)c1=C(O)C=CC=CN1CCNCC1 1 C=c1c(=O)c1=CC=CC=CN1CCNCC1 1.0000000 1.0000 0.8471076 0.8471 0.8759938 3.7264
 | 11.8738 63.1503 -63.1503 0.0000000 CC(=CC=CN(C)C)N1NC(=O)C(=C(O)C=CC=CN(CCO)CCO)C1=O 1 C=C1C(=O)NNC1=O 1.0000000 1.0000 0.7418016 0.7418 0.8131502 4.0420
 | 16.4878 67.5203 40.8550 0.8466817 CC(C(N)=O)=C1CC(=C(O)C=CC=CN2CC(CN)OCC2=O)C(=O)N1 1 C=C1CC(=CC=CC=CN2CCOCC2=O)C(=O)N1 1.0000000 1.0000 0.7762539 0.7763 0.6501662 4.5963
 | 10.9959 52.6850 62.8321 0.9024773 O=C1NC(=O)C(=C(O)C=CC=CN2CC(O)C(O)C2=O)C1=O 1 O=C1NC(=O)C(=CC=CC=CN2CCCC2=O)C1=O 1.0000000 1.0000 0.8841593 0.8842 0.7237891 4.3724
 | 26.1031 74.5969 32.6465 0.8378394 CN1C(=O)C(=C(O)C=CC=CN2CN(CCOCO)C2=O)OC(O)C1CO 1 O=C1NCCOC1=CC=CC=CN1CNC1=O 1.0000000 1.0000 0.8241512 0.8242 0.5540921 4.8585
 | 15.6697 47.9557 -47.9557 0.0000000 CC1(C)OC(=O)C(=C(O)C=CC=CN(CCO)c2ccccc2)C(=O)O1 1 O=C1OCOC(=O)C1=CC=CC=CNc1ccccc1 1.0000000 1.0000 0.4724049 0.4724 0.9347547 3.2658
 | 6.9621 52.5818 -52.5818 0.0000000 O=C1NC(=O)C(=O)C(=C(O)C=CC=CN2CC2)C(=O)N1 1 O=C1NC(=O)C(=O)C(=CC=CC=CN2CC2)C(=O)N1 1.0000000 1.0000 0.8269136 0.8269 0.9290573 3.3243
01:53:41 <INFO> Sampled SMILES O=C1C(=C(O)C=CC=CN2CC[N+](=O)(C)CC2)ON=C1C(F)(F)F failed to sanitize.
01:53:41 <INFO> Score: 0.64 Agent NLL: 14.99 Valid:  98% Step: 206
 | Agent Prior Target Score SMILES SMILES_state Scaffold DASA DASA (raw) Solubility Solubility (raw) SA SA (raw)
 | 19.6960 23.0984 -23.0796 0.0001473 CN1CCC(NS(C)(=O)=O)C1=O 1 O=C1CCCN1 0.0000000 0.0000 0.8795895 0.8796 0.9563550 2.9890
 | 17.7626 86.7970 13.9904 0.7874019 C=c1c(=O)c1=C(O)C=CC=CN1CC(=C(O)C=CC[n+]2ccccc2)C(=O)S1 1 C=c1c(=O)c1=CC=CC=CN1CC(=CC=CC[n+]2ccccc2)C(=O)S1 1.0000000 1.0000 0.5978263 0.5978 0.7014959 4.4434
 | 11.7635 48.4954 69.6136 0.9227261 O=C1NC(=O)C(=C(O)C=CC=CN2CCOCC2=O)C1=O 1 O=C1NC(=O)C(=CC=CC=CN2CCOCC2=O)C1=O 1.0000000 1.0000 0.8285233 0.8285 0.9111691 3.4834
 | 11.4465 66.7636 37.5326 0.8148142 CCCCCCCCN1CN(C=CC=CC(O)=C2C(=O)NC(=N)OC2=O)C(=O)C1=O 1 N=C1NC(=O)C(=CC=CC=CN2CNC(=O)C2=O)C(=O)O1 1.0000000 1.0000 0.5800377 0.5800 0.8851341 3.6698
 | 18.5099 64.5306 51.1053 0.9034055 CN1C(=O)C(=O)C(=C(O)C=CC=CN2CN(CCO)C2N)C1=O 1 O=C1NC(=O)C(=CC=CC=CN2CNC2)C1=O 1.0000000 1.0000 0.8611642 0.8612 0.7620509 4.2418
 | 10.8508 49.8217 66.4722 0.9085455 O=C1NC(=O)C(=C(O)C=CC=CN2CC=CC2=O)C1=O 1 O=C1NC(=O)C(=CC=CC=CN2CC=CC2=O)C1=O 1.0000000 1.0000 0.8057962 0.8058 0.8819132 3.6902
 | 12.0414 48.5336 60.5435 0.8521646 CC1=COC(=C(O)C=CC=CN2CCNC(=O)C2)C(=O)O1 1 O=C1CN(C=CC=CC=C2OC=COC2=O)CCN1 1.0000000 1.0000 0.7005905 0.7006 0.8047959 4.0772
 | 18.8506 68.7578 -68.7578 0.0000000 N1C(=O)C(=C(O)C=CC=CN2CCC(C(O)=O)CC2)OC1(C=CC1=C(C)OC(=O)C1 0 -- 0.0000000 0.0000 0.0000000 0.0000 0.0000000 0.0000
 | 18.4737 69.6157 35.3383 0.8199531 O=C1NC(O)C(=O)C(O)C1=C(O)C=CC=CN1CC(CCO)OC1=S 1 O=C1CNC(=O)C(=CC=CC=CN2CCOC2=S)C1 1.0000000 1.0000 0.8172039 0.8172 0.5021275 4.9945
 | 12.6107 58.1716 -58.1716 0.0000000 CC(=O)NN(C)C=CC=CC(O)=C1C(=O)NNC(=O)C1=O 1 C=C1C(=O)NNC(=O)C1=O 1.0000000 1.0000 0.8528017 0.8528 0.8472478 3.8840
01:53:41 <INFO> Sampled SMILES O=C1C(=C(O)C=CC=CN2CCNC2=O)(O)C(=C2CC(=O)C(=O)C(=C(C)C)C2=O)O1 failed to sanitize.
01:53:42 <INFO> Score: 0.64 Agent NLL: 14.43 Valid:  99% Step: 207
 | Agent Prior Target Score SMILES SMILES_state Scaffold DASA DASA (raw) Solubility Solubility (raw) SA SA (raw)
 | 10.4548 55.9515 51.4969 0.8394402 COC1CN(C=CC=CC(O)=C2C(=O)NC(=N)OC2=O)C(=O)O1 1 N=C1NC(=O)C(=CC=CC=CN2CCOC2=O)C(=O)O1 1.0000000 1.0000 0.7535835 0.7536 0.6545855 4.5836
 | 13.6122 53.3825 58.8036 0.8764543 COC1CN(C=CC=CC(O)=C2C(=O)NC(=S)NC2=O)CCO1 1 O=C1NC(=S)NC(=O)C1=CC=CC=CN1CCOCC1 1.0000000 1.0000 0.7578082 0.7578 0.8130174 4.0426
 | 12.3306 60.7666 48.4449 0.8532149 CC1=NN(C=CC=CC(O)=C2C(=O)NC(=O)N=C2N)C(CO)C1 1 O=C1N=CC(=CC=CC=CN2CCC=N2)C(=O)N1 1.0000000 1.0000 0.7548622 0.7549 0.7108670 4.4140
 | 17.6735 58.3529 43.9620 0.7993348 O=C1NC(=NN2C(=O)c3ccccc3C2=O)OC(=O)C1=C(O)C=CC=CN1CCCC1 1 O=C1NC(=NN2C(=O)c3ccccc3C2=O)OC(=O)C1=CC=CC=CN1CCCC1 1.0000000 1.0000 0.5420213 0.5420 0.9011503 3.5603
 | 9.9824 53.4237 61.4385 0.8973609 O=C1NCN(C=CC=CC(O)=C2C(=O)NCCOC2=O)C(=O)N1 1 O=C1NCN(C=CC=CC=C2C(=O)NCCOC2=O)C(=O)N1 1.0000000 1.0000 0.7944595 0.7945 0.8471338 3.8845
 | 17.8704 73.4398 32.5711 0.8282098 C=c1cc(OCOC)[nH]c(=O)c1=C(O)C=CC=CN1CCN(O)C(C)C1 1 C=c1cc[nH]c(=O)c1=CC=CC=CN1CCNCC1 1.0000000 1.0000 0.7223016 0.7223 0.6568699 4.5770
 | 13.4807 58.7226 46.3594 0.8209526 O=C1CSN(C=CC=CC(O)=C2OCC2=O)C(=O)O1 1 O=C1CSN(C=CC=CC=C2OCC2=O)C(=O)O1 1.0000000 1.0000 0.6710866 0.6711 0.7133578 4.4060
 | 10.1295 55.0595 62.0789 0.9151436 O=C1NCN(C=CC=CC(O)=C2C(=O)NC(=O)C2=O)C(=O)N1 1 O=C1NCN(C=CC=CC=C2C(=O)NC(=O)C2=O)C(=O)N1 1.0000000 1.0000 0.8305629 0.8306 0.8687938 3.7686
 | 17.8172 71.1841 28.9671 0.7824306 COC1CN(C=CC=CC(O)=C2OCC(=CCO)C(N)NC2=O)C(=O)O1 1 C=C1CNC(=O)C(=CC=CC=CN2CCOC2=O)OC1 1.0000000 1.0000 0.7540671 0.7541 0.4519841 5.1255
 | 6.8418 65.2450 -65.2450 0.0000000 O=C1NC(=O)C(=O)C(=C(O)C=CC=CN2CN(CCO)C2=O)C(=O)N1 1 O=C1NC(=O)C(=O)C(=CC=CC=CN2CNC2=O)C(=O)N1 1.0000000 1.0000 0.8350058 0.8350 0.8856024 3.6668
01:53:42 <INFO> Sampled SMILES N1C(=O)C(=C(O)C=CC=C(N2CCOCC2)C)OC(=O)C(=CC=C(C)C)=C1N1CCCC1 failed to sanitize.
01:53:43 <INFO> Score: 0.69 Agent NLL: 14.69 Valid:  99% Step: 208
 | Agent Prior Target Score SMILES SMILES_state Scaffold DASA DASA (raw) Solubility Solubility (raw) SA SA (raw)
 | 14.4534 51.9448 61.5651 0.8867956 O=C1NN=CC1=C(O)C=CC=CN1CCNC1=O 1 O=C1NN=CC1=CC=CC=CN1CCNC1=O 1.0000000 1.0000 0.7858760 0.7859 0.8113420 4.0497
 | 8.4581 56.7409 -56.7409 0.0000000 O=C1NC(=O)C(=O)C(=C(O)C=CC=CN2CC(O)C(O)C2CO)C(=O)N1 1 O=C1NC(=O)C(=O)C(=CC=CC=CN2CCCC2)C(=O)N1 1.0000000 1.0000 0.8835736 0.8836 0.6673281 4.5465
 | 7.2135 55.4032 -55.4032 0.0000000 NC1=NNC(=O)C(=C(O)C=CC=CN(CCO)CCO)C(=O)N1 1 C=C1C(=O)NC=NNC1=O 1.0000000 1.0000 0.8949637 0.8950 0.8560356 3.8386
 | 19.9192 61.8810 46.6617 0.8479899 CC1=C(c2ccccc2)NC(=O)C(=C(O)C=CC=CN2CNC(=O)C2=O)C(=O)N1 1 O=C1NCN(C=CC=CC=C2C(=O)NC=C(c3ccccc3)NC2=O)C1=O 1.0000000 1.0000 0.6412058 0.6412 0.9158102 3.4452
 | 16.5703 63.5191 49.4037 0.8822090 NC1=NN(C=CC=CC(O)=C2C(=O)N2CCO)C(C(=O)O)C1 1 O=C1NC1=CC=CC=CN1CCC=N1 1.0000000 1.0000 0.8289708 0.8290 0.7191288 4.3876
 | 20.8635 59.2144 47.6650 0.8349955 CNC(=O)N(C)C1COC(=C(O)C=CC=C(C)N2CCOCC2)C1=O 1 O=C1CCOC1=CC=CC=CN1CCOCC1 1.0000000 1.0000 0.6566457 0.6566 0.8100506 4.0552
 | 19.3365 71.9676 37.4713 0.8549910 CN1C(=O)C(=C(O)C=CC=CN2CC2)OC(COC(=O)NCCCCCCN=C(N)N)C1=O 1 O=C1COC(=CC=CC=CN2CC2)C(=O)N1 1.0000000 1.0000 0.7001504 0.7002 0.8198102 4.0130
 | 8.3873 52.0980 60.5086 0.8797392 O=C1NCCOC(=O)C1=C(O)C=CC=CN1OCCOC1=O 1 O=C1NCCOC(=O)C1=CC=CC=CN1OCCOC1=O 1.0000000 1.0000 0.7532693 0.7533 0.8379059 3.9299
 | 8.6561 46.9202 -46.9202 0.0000000 O=C1NCCOC(=O)C1=C(O)C=CC=CN(CCO)CCO 1 C=C1C(=O)NCCOC1=O 1.0000000 1.0000 0.8468053 0.8468 0.8950988 3.6034
 | 11.3569 55.8977 -55.8977 0.0000000 CCN1C(=O)CN(C=CC=CC(O)=C2C(=O)NC(C)(C)OC2=O)C1=O 1 O=C1CN(C=CC=CC=C2C(=O)NCOC2=O)C(=O)N1 1.0000000 1.0000 0.6797943 0.6798 0.8583724 3.8262
01:53:44 <INFO> Score: 0.68 Agent NLL: 15.34 Valid: 100% Step: 209
 | Agent Prior Target Score SMILES SMILES_state Scaffold DASA DASA (raw) Solubility Solubility (raw) SA SA (raw)
 | 18.3907 59.7432 46.6083 0.8308711 CC1SCCN(C=CC=CC(O)=C2C(=O)NC(=O)C2=O)C(=O)N1C 1 O=C1NC(=O)C(=CC=CC=CN2CCSCNC2=O)C1=O 1.0000000 1.0000 0.6725125 0.6725 0.7569655 4.2599
 | 10.6626 64.9739 50.1841 0.8996719 C[N+](C)(C)CCCN1CN(C=CC=CC(O)=C2C(=O)NCCNC2=O)C(=O)C1=O 1 O=C1NCN(C=CC=CC=C2C(=O)NCCNC2=O)C1=O 1.0000000 1.0000 0.7949502 0.7950 0.8577229 3.8297
 | 11.7938 54.1824 -54.1824 0.0000000 CN1C(=O)C(=C(O)C=CC=CN2CC(O)C2)C1=O 1 O=C1NC(=O)C1=CC=CC=CN1CCC1 1.0000000 1.0000 0.8159732 0.8160 0.9139894 3.4604
 | 14.9400 57.2769 49.6213 0.8351425 C=C1CCN(C)CN1C=CC=CC(O)=C1C(=O)NCCCOC1=O 1 C=C1CCNCN1C=CC=CC=C1C(=O)NCCCOC1=O 1.0000000 1.0000 0.6361192 0.6361 0.8571379 3.8328
 | 12.9406 49.9417 63.0726 0.8829242 O=C1N=C(NCc2ccccc2)NC(=O)C1=C(O)C=CC=CN(CCO)CCO 1 C=C1C(=O)N=C(NCc2ccccc2)NC1=O 1.0000000 1.0000 0.7160619 0.7161 0.9331133 3.2831
 | 14.4109 62.5161 49.0697 0.8717641 NC1CN(C=CC=CC(O)=C2C(=O)N=C(N3CCCC3)NC2=O)CC1O 1 O=C1N=C(N2CCCC2)NC(=O)C1=CC=CC=CN1CCCC1 1.0000000 1.0000 0.7873342 0.7873 0.7392924 4.3210
 | 13.8146 54.2398 55.4864 0.8572363 O=C1NCCOC(=O)C1=C(O)C=CC=CN1CCSC1CO 1 O=C1NCCOC(=O)C1=CC=CC=CN1CCSC1 1.0000000 1.0000 0.7509498 0.7509 0.7352903 4.3345
 | 15.3321 59.5434 41.3337 0.7881025 CC(N=[N+]=[N-])=C1COCN1C=CC=CC(O)=C1C(=O)NOC1=O 1 C=C1COCN1C=CC=CC=C1C(=O)NOC1=O 1.0000000 1.0000 0.6268410 0.6268 0.6486846 4.6005
 | 8.2834 48.1117 -48.1117 0.0000000 O=C1NC(=O)C(=C(O)C=CC=CN2CC(O)C(O)C2)C(=O)N1 1 O=C1NC(=O)C(=CC=CC=CN2CCCC2)C(=O)N1 1.0000000 1.0000 0.8560882 0.8561 0.7557843 4.2641
 | 27.3594 76.1667 21.4808 0.7628716 CC(=CC(O)=c1oc(=C(O)C=CC=CN2CC(=O)N(C)C2=O)c(=O)n1C)OC(=O)OC(C)(C)C 1 C=c1[nH]c(=O)c(=CC=CC=CN2CC(=O)NC2=O)o1 1.0000000 1.0000 0.5205877 0.5206 0.7568427 4.2603
01:53:44 <INFO> Score: 0.66 Agent NLL: 14.43 Valid: 100% Step: 210
 | Agent Prior Target Score SMILES SMILES_state Scaffold DASA DASA (raw) Solubility Solubility (raw) SA SA (raw)
 | 14.2379 43.7824 -43.7642 0.0001426 O=C1NNC(=O)C1=C1C(=O)ON=C1C(F)(F)F 1 O=C1NNC(=O)C1=C1C=NOC1=O 0.0000000 0.0000 0.8362473 0.8362 0.8817702 3.6911
 | 16.2333 69.3277 36.6209 0.8277234 C=C(C)C1C(=C(O)C=CC=CN2CN(CCO)C2=O)C(=O)NN1C 1 O=C1NNCC1=CC=CC=CN1CNC1=O 1.0000000 1.0000 0.7131819 0.7132 0.6695715 4.5399
 | 10.4182 47.7209 63.7218 0.8706458 O=C1NC(=O)C(=C(O)C=CC=CN2CC=CC2)C(=O)O1 1 O=C1NC(=O)C(=CC=CC=CN2CC=CC2)C(=O)O1 1.0000000 1.0000 0.7261056 0.7261 0.8460932 3.8898
 | 26.6964 73.5316 16.7320 0.7051846 CCCCCCCC1ON=C2C(=C(O)C=CC=CN(CCO)CCO)C(=O)NC(=NOCCCN3CCOCC3)C21 1 C=C1C(=O)NC(=NOCCCN2CCOCC2)C2CON=C12 1.0000000 1.0000 0.4486249 0.4486 0.6498213 4.5972
 | 11.7783 50.5450 65.2767 0.9048571 O=C1NCNC(=O)C1=C(O)C=CC=CN1CCC(O)CC1 1 O=C1NCNC(=O)C1=CC=CC=CN1CCCCC1 1.0000000 1.0000 0.7922781 0.7923 0.8892195 3.6432
 | 13.6439 57.1426 57.1401 0.8928330 CN1CCN(C=CC=CC(O)=C2OC(=O)C2=O)C1 1 O=C1OC(=CC=CC=CN2CCNC2)C1=O 1.0000000 1.0000 0.7737468 0.7737 0.8639643 3.7957
 | 9.2174 56.0740 -56.0740 0.0000000 O=C1CN(C=CC=CC(O)=C2OC(=CC=C3C(=O)NC(=O)NC3=O)C2=O)CCN1 1 O=C1CN(C=CC=CC=C2OC(=CC=C3C(=O)NC(=O)NC3=O)C2=O)CCN1 1.0000000 1.0000 0.7659455 0.7659 0.8363355 3.9374
 | 26.2846 74.1765 31.7540 0.8275816 O=c1[nH]c(=CCl)[nH]c(=O)c1=C(O)C=CC=CN1CNCOC1CN1CCOCC1 1 C=c1[nH]c(=O)c(=CC=CC=CN2CNCOC2CN2CCOCC2)c(=O)[nH]1 1.0000000 1.0000 0.7914087 0.7914 0.5575777 4.8493
 | 10.5330 57.5330 -57.5330 0.0000000 CN(C)C1=NC(=O)C(=C(O)C=CC=CN2C(=O)NC(=O)C2=O)C(=O)N1 1 O=C1N=CNC(=O)C1=CC=CC=CN1C(=O)NC(=O)C1=O 1.0000000 1.0000 0.8236306 0.8236 0.8498926 3.8706
 | 12.9578 49.0206 65.6010 0.8954815 O=C1CN(C=CC=CC(O)=C2CCC(=O)NC2=O)C(=O)CCN1 1 O=C1CN(C=CC=CC=C2CCC(=O)NC2=O)C(=O)CCN1 1.0000000 1.0000 0.7675589 0.7676 0.8899213 3.6385
01:53:45 <INFO> Score: 0.74 Agent NLL: 15.10 Valid: 100% Step: 211
 | Agent Prior Target Score SMILES SMILES_state Scaffold DASA DASA (raw) Solubility Solubility (raw) SA SA (raw)
 | 21.9732 60.6798 33.2907 0.7341443 CN1CCN(C=CC=CC(O)=C2OC(O)(C3OC(C)(C)OC4OC(C)(C)OC43)C2=O)CC1 1 O=C1C(=CC=CC=CN2CCNCC2)OC1C1OCOC2OCOC21 1.0000000 1.0000 0.5595071 0.5595 0.5453718 4.8814
 | 12.2872 66.5913 49.6791 0.9083625 C=c1oc(=N)[nH]c(=O)c1=C(O)C=CC=CN1CC(=O)N(C)C(=O)C1=O 1 C=c1oc(=N)[nH]c(=O)c1=CC=CC=CN1CC(=O)NC(=O)C1=O 1.0000000 1.0000 0.8663558 0.8664 0.7760547 4.1904
 | 13.4079 67.2493 45.1529 0.8781426 CC(O)=c1cc[nH]c(=O)c1=C(O)C=CC=CN1CN(CCO)C1=O 1 C=c1cc[nH]c(=O)c1=CC=CC=CN1CNC1=O 1.0000000 1.0000 0.7651948 0.7652 0.8074498 4.0661
 | 18.8166 62.7520 46.0053 0.8496659 COC1(N(C)C)CN(C=CC=CC(O)=C2C(=O)NC(=O)NC2C(=O)O)C1=O 1 O=C1NCC(=CC=CC=CN2CCC2=O)C(=O)N1 1.0000000 1.0000 0.7998050 0.7998 0.6285371 4.6574
 | 12.8501 58.9468 47.7013 0.8331879 O=C1NC(=O)C(=C(O)C=CC=CN2C=CC(O)CO2)C(O)C1=O 1 O=C1CC(=CC=CC=CN2C=CCCO2)C(=O)NC1=O 1.0000000 1.0000 0.8338076 0.8338 0.5272725 4.9289
 | 18.3380 66.3316 35.5575 0.7960089 CC1=CNC(=O)C(=C(O)C=CC=CN2CC(O)CN2C(=O)OC(C)(C)C)C(=O)N1 1 O=C1NC=CNC(=O)C1=CC=CC=CN1CCCN1 1.0000000 1.0000 0.6056368 0.6056 0.7260184 4.3652
 | 10.8020 53.2938 64.2611 0.9183975 C=c1c(=O)c(=O)c1=C(O)C=CC=C(C)N(C)CCO 1 C=c1c(=C)c(=O)c1=O 1.0000000 1.0000 0.8524460 0.8524 0.8457539 3.8915
 | 13.9491 60.4524 53.1869 0.8878071 C=c1[nH]c(=O)c(=C(O)C=CC=CN2CC(CNC(C)=O)OC2=O)c(=O)[nH]1 1 C=c1[nH]c(=O)c(=CC=CC=CN2CCOC2=O)c(=O)[nH]1 1.0000000 1.0000 0.8320345 0.8320 0.7386272 4.3233
 | 18.4043 73.3818 42.5290 0.9055532 Cn1c(=C2C(=O)NNC2=O)[nH]c(=O)c1=C(O)C=CC=CN1COCC1=O 1 O=C1NNC(=O)C1=c1[nH]c(=O)c(=CC=CC=CN2COCC2=O)[nH]1 1.0000000 1.0000 0.8973603 0.8974 0.7179700 4.3913
 | 15.2329 64.8375 33.5825 0.7689056 C=C1CC(C=CC=C2OC(=C(O)C=CC=CN3CCNC(=O)C3)C2=O)OC1=O 1 C=C1CC(C=CC=C2OC(=CC=CC=CN3CCNC(=O)C3)C2=O)OC1=O 1.0000000 1.0000 0.6000728 0.6001 0.6151434 4.6945
01:53:46 <INFO> Sampled SMILES O=C1NC(=O)C(=C(O)C=CC=CN2CNC(C)=C(CO)=C2)C1=NO failed to sanitize.
01:53:46 <INFO> Sampled SMILES N1C(=O)C(=C(O)C=CC=CN2CCCC2=C)=C(O)C(O)C1=O failed to sanitize.
01:53:46 <INFO> Score: 0.67 Agent NLL: 15.35 Valid:  98% Step: 212
 | Agent Prior Target Score SMILES SMILES_state Scaffold DASA DASA (raw) Solubility Solubility (raw) SA SA (raw)
 | 18.5541 58.6916 40.9674 0.7785861 O=C1C(=O)C1=C(O)C=CC=CN1C2OC1C(O)C(O)C2O 1 O=C1C(=O)C1=CC=CC=CN1C2CCCC1O2 1.0000000 1.0000 0.8704699 0.8705 0.3426027 5.4246
 | 14.6298 63.2789 50.2634 0.8870498 CC1=C(C)NC(=O)C(=C(O)C=CC=CN2CNCC2=O)C(=O)N1 1 O=C1NC=CNC(=O)C1=CC=CC=CN1CNCC1=O 1.0000000 1.0000 0.7607862 0.7608 0.8600376 3.8172
 | 15.5889 74.6626 39.3643 0.8908356 CC1=NN(c2ccccc2)C(=O)C1=c1c(=O)[nH]c(=O)[nH]c(=O)c1=C(O)C=CC=CN1CC(=O)NCC1=O 1 O=C1CN(C=CC=CC=c2c(=O)[nH]c(=O)[nH]c(=O)c2=C2C=NN(c3ccccc3)C2=O)C(=O)CN1 1.0000000 1.0000 0.7617887 0.7618 0.8774589 3.7176
 | 23.0554 65.3052 37.3704 0.8021537 C=C1N(C=CC=CC(O)=C2OC(CC(=O)O)C2=O)CN1CC 1 C=C1NCN1C=CC=CC=C1OCC1=O 1.0000000 1.0000 0.6459997 0.6460 0.6752208 4.5232
 | 11.6476 58.6027 49.6631 0.8458269 NCC1CN(C=CC=CC(O)=C2OC(O)C2=O)C(=O)O1 1 O=C1COC1=CC=CC=CN1CCOC1=O 1.0000000 1.0000 0.8053136 0.8053 0.6064417 4.7183
 | 16.8349 53.2744 47.3625 0.7862263 C=C1OC(=C(O)C=CC=C(O)N2CCCCC2)C1=O 1 C=C1OC(=CC=CC=CN2CCCCC2)C1=O 1.0000000 1.0000 0.5173334 0.5173 0.8964504 3.5939
 | 9.1430 54.8038 -54.8038 0.0000000 NCC1CN(C=CC=CC(O)=C2C(=O)NCCOC2=O)C(=O)O1 1 O=C1NCCOC(=O)C1=CC=CC=CN1CCOC1=O 1.0000000 1.0000 0.7945012 0.7945 0.7848544 4.1569
 | 8.0738 52.1671 67.2589 0.9330158 O=C1NC(=O)C(=C(O)C=CC=CN2CC(=O)N(CCO)CC2=O)C(=O)N1 1 O=C1CN(C=CC=CC=C2C(=O)NC(=O)NC2=O)C(=O)CN1 1.0000000 1.0000 0.8585227 0.8585 0.9075105 3.5124
 | 15.2279 49.2611 60.8798 0.8604758 O=C1NCC(O)C(O)C1=C(O)C=CC=CN1CCCCC1 1 O=C1NCCCC1=CC=CC=CN1CCCCC1 1.0000000 1.0000 0.7416750 0.7417 0.7664857 4.2257
 | 18.4038 79.9559 38.9817 0.9292003 O=C1C(=O)N(CCO)CN1C=CC=CC(O)=c1c(=O)[nH][nH]c(=O)c1=COCCO 1 C=c1c(=O)[nH][nH]c(=O)c1=CC=CC=CN1CNC(=O)C1=O 1.0000000 1.0000 0.9129734 0.9130 0.7975763 4.1067
01:53:47 <INFO> Score: 0.71 Agent NLL: 14.76 Valid: 100% Step: 213
 | Agent Prior Target Score SMILES SMILES_state Scaffold DASA DASA (raw) Solubility Solubility (raw) SA SA (raw)
 | 22.3462 73.3491 22.8973 0.7519254 C=CC1(O)OC(=C(O)C=CC=CN2C(C(=O)O)C(=O)NC(C)C2C)C1=O 1 O=C1CN(C=CC=CC=C2OCC2=O)CCN1 1.0000000 1.0000 0.7283646 0.7284 0.3897687 5.2920
 | 26.1710 81.5582 20.3567 0.7962103 CON1C(=c2[nH]c(=S)[nH]c(=O)c2=C(O)C=CC=CN2CC2)C2=C(C(=O)O)C(=O)N2c2ccccc21 1 O=C1C=C2C(=c3[nH]c(=S)[nH]c(=O)c3=CC=CC=CN3CC3)Nc3ccccc3N12 1.0000000 1.0000 0.5657311 0.5657 0.8190836 4.0162
 | 12.6984 63.7955 53.0352 0.9127404 CN1CN(C=CC=CC(O)=C2C(=O)NNC(=N)NC2=O)C(=O)C1=O 1 N=C1NNC(=O)C(=CC=CC=CN2CNC(=O)C2=O)C(=O)N1 1.0000000 1.0000 0.8665149 0.8665 0.7956374 4.1145
 | 17.8233 48.5446 -48.5264 0.0001423 CN1C(=O)C(=O)C(=C(O)C=NC=CC=O)C1=O 1 C=C1C(=O)NC(=O)C1=O 0.0000000 0.0000 0.8461037 0.8461 0.8532663 3.8532
 | 10.2584 52.8412 -52.8412 0.0000000 CC(=CC=CC(O)=C1C(=O)N(C)C1=O)N(CCO)CCO 1 C=C1C(=O)NC1=O 1.0000000 1.0000 0.8140397 0.8140 0.9279557 3.3351
 | 15.1815 66.7961 37.7210 0.8165394 CN1C(=O)C(=CC=CN2CCNCC2)C(=C(O)C=CC=CN2CCCC2)C1=O 1 O=C1NC(=O)C(=CC=CN2CCNCC2)C1=CC=CC=CN1CCCC1 1.0000000 1.0000 0.5842919 0.5843 0.8836446 3.6793
 | 13.5063 49.6562 63.9200 0.8873138 O=C1NC=CC1=C(O)C=CC=CN1CC(O)C1 1 O=C1NC=CC1=CC=CC=CN1CCC1 1.0000000 1.0000 0.7810696 0.7811 0.8226187 4.0006
 | 12.5633 54.4600 47.7686 0.7986612 C=C1C(=O)OC(=C(O)C=CC=CN2CCC[N+](C)(C)C2=O)C1=O 1 C=C1C(=O)OC(=CC=CC=CN2CCC[NH2+]C2=O)C1=O 1.0000000 1.0000 0.6046933 0.6047 0.7408274 4.3158
 | 13.6809 57.8206 54.8237 0.8800342 CC1=C(C)C(=C(O)C=CC=CN2CC(=O)N(C)C(=O)C2=O)C(=O)N1 1 O=C1CN(C=CC=CC=C2C=CNC2=O)C(=O)C(=O)N1 1.0000000 1.0000 0.7236919 0.7237 0.9003338 3.5662
 | 14.3103 54.3409 58.5885 0.8822607 CCN1CN(C=CC=CC(O)=C2C(=O)NC(=S)NC2=O)C1=O 1 O=C1NC(=S)NC(=O)C1=CC=CC=CN1CNC1=O 1.0000000 1.0000 0.7374830 0.7375 0.8827094 3.6852
01:53:48 <INFO> Score: 0.71 Agent NLL: 15.07 Valid: 100% Step: 214
 | Agent Prior Target Score SMILES SMILES_state Scaffold DASA DASA (raw) Solubility Solubility (raw) SA SA (raw)
 | 17.6523 59.5642 52.3778 0.8745471 CC1(C)CC(=C(O)C=CC=CN2C(=O)CNC(=O)C2=O)C(=O)NN1O 1 O=C1NCC(=O)N(C=CC=CC=C2CCNNC2=O)C1=O 1.0000000 1.0000 0.7756316 0.7756 0.7717288 4.2065
 | 20.7915 80.3423 29.9285 0.8614904 C=c1c(=O)[nH]c(=S)[nH]c(=O)c1=C(O)C=CC=CN1C(=O)C(=C(Cl)C(=O)O)C1=O 1 C=C1C(=O)N(C=CC=CC=c2c(=O)[nH]c(=S)[nH]c(=O)c2=C)C1=O 1.0000000 1.0000 0.7408710 0.7409 0.7727077 4.2029
 | 22.2611 80.8216 23.8830 0.8180045 CC=C(CC)N1NC(=O)C(=C(O)C=CC=CN2CC(C(=O)O)=C(C(=O)O)O2)C1=O 1 O=C1NNC(=O)C1=CC=CC=CN1CC=CO1 1.0000000 1.0000 0.6463689 0.6464 0.7475263 4.2929
 | 11.1179 54.7998 56.4256 0.8689484 CN1C(=N)OC(=C(O)C=CC=CN2CCC(=O)NC2=O)C1=O 1 N=C1NC(=O)C(=CC=CC=CN2CCC(=O)NC2=O)O1 1.0000000 1.0000 0.7348957 0.7349 0.8200182 4.0121
 | 11.3035 44.7272 71.0858 0.9047893 O=C1OCOC1=C(O)C=C(O)C=CN(CCO)CCO 1 C=C1OCOC1=O 1.0000000 1.0000 0.8198972 0.8199 0.8371344 3.9336
 | 23.4633 54.9280 57.0208 0.8745997 CCCNCC1CCN(C=CC=CC(O)=C2C(=O)NC(=O)NC2=O)N1 1 O=C1NC(=O)C(=CC=CC=CN2CCCN2)C(=O)N1 1.0000000 1.0000 0.7639352 0.7639 0.7927754 4.1259
 | 7.4370 45.5972 -45.5972 0.0000000 O=C1NOC(=O)C1=C(O)C=CC=CN1CC1 1 O=C1NOC(=O)C1=CC=CC=CN1CC1 1.0000000 1.0000 0.8168433 0.8168 0.8675400 3.7757
 | 16.5682 74.4183 25.6266 0.7816013 CC(C=CN1CCOCC1)=CC(O)=c1oc(=C(O)C=CC=CN2CC=CC2)c(=O)n1C 1 O=c1[nH]c(=CC=CC=CN2CCOCC2)oc1=CC=CC=CN1CC=CC1 1.0000000 1.0000 0.5744491 0.5744 0.7235733 4.3731
 | 18.9942 58.1854 55.9385 0.8915932 C=c1c(=O)c1=C(O)C=CC=CN(CC)N(C)C 1 C=c1c(=C)c1=O 1.0000000 1.0000 0.8040119 0.8040 0.8019845 4.0888
 | 13.0103 55.9374 56.6943 0.8799353 CON=C1NC(=O)C(=C(O)C=CC=CN2CCC(O)CC2)C(=O)O1 1 N=C1NC(=O)C(=CC=CC=CN2CCCCC2)C(=O)O1 1.0000000 1.0000 0.7431407 0.7431 0.8589977 3.8229
01:53:49 <INFO> Score: 0.72 Agent NLL: 15.49 Valid: 100% Step: 215
 | Agent Prior Target Score SMILES SMILES_state Scaffold DASA DASA (raw) Solubility Solubility (raw) SA SA (raw)
 | 11.9486 53.1045 63.3870 0.9100897 CN1CN(C=CC=CC(O)=C2NNNC2=O)C(=O)C1=O 1 O=C1NCN(C=CC=CC=C2NNNC2=O)C1=O 1.0000000 1.0000 0.8718569 0.8719 0.7751986 4.1936
 | 10.8631 59.1886 56.0506 0.9003064 CC(O)=C1C(=O)N(C=CC=CC(O)=C2C(=O)NNC2=O)C1=O 1 C=C1C(=O)N(C=CC=CC=C2C(=O)NNC2=O)C1=O 1.0000000 1.0000 0.8046709 0.8047 0.8427857 3.9062
 | 11.9974 63.9723 48.6218 0.8796416 CN1NC(=O)C(=C(O)C=CC=CN2CC(CO)NC(=O)C2C(=O)O)C1=O 1 O=C1CN(C=CC=CC=C2C(=O)NNC2=O)CCN1 1.0000000 1.0000 0.8706098 0.8706 0.6500012 4.5967
 | 17.1996 21.1297 -21.1120 0.0001386 CNC(=O)CN1CCc2ccccc21 1 c1ccc2c(c1)CCN2 0.0000000 0.0000 0.7184149 0.7184 0.9915287 1.8975
 | 19.7247 67.3523 26.7202 0.7349414 CCCCCCCCN1C(=O)CN(C=CC=CC(O)=c2c(=O)[nH]c(=CN3CCCCCC3)[nH]c2=O)C1=O 1 O=C1CN(C=CC=CC=c2c(=O)[nH]c(=CN3CCCCCC3)[nH]c2=O)C(=O)N1 1.0000000 1.0000 0.4324853 0.4325 0.8607494 3.8134
 | 21.2625 86.1404 26.4981 0.8799878 C=C1NC(=O)C1=C(O)C=CC=CN1NNC(=O)C(=C(O)C=CN(CCO)CCO)C1=O 1 C=C1NC(=O)C1=CC=CC=CN1NNC(=O)C(=C)C1=O 1.0000000 1.0000 0.8123504 0.8124 0.7352781 4.3345
 | 20.8642 57.8993 44.5730 0.8005649 CN1Cc2ccccc2N(C=CC=CC(O)=C2C(=O)NN2C)C1 1 O=C1NNC1=CC=CC=CN1CNCc2ccccc21 1.0000000 1.0000 0.5492355 0.5492 0.8876754 3.6533
 | 10.7101 51.3878 62.8921 0.8928121 O=C1NCN(C=CC=CC(O)=C2C(=O)NC(=O)OC2=O)C(=O)N1 1 O=C1NCN(C=CC=CC=C2C(=O)NC(=O)OC2=O)C(=O)N1 1.0000000 1.0000 0.7865642 0.7866 0.8393741 3.9228
 | 24.6417 68.8628 25.1165 0.7342134 CCN1C(=O)C(=C(O)C=CC=CN2CCCCC2)C(=C2OC(C)CC2O)C1=O 1 O=C1NC(=O)C(=C2CCCO2)C1=CC=CC=CN1CCCCC1 1.0000000 1.0000 0.4622695 0.4623 0.7620795 4.2416
 | 28.9615 70.6030 6.2324 0.6002767 CC1=CC(=O)CC2=C(F)CC3(C)C(=C(O)C=CC=CN(C)CCOC(N)=O)C(=O)NC(O)C(N)C3C12C 1 C=C1C(=O)NCCC2C3C=CC(=O)CC3=CCC12 1.0000000 1.0000 0.4302134 0.4302 0.3001914 5.5514
01:53:49 <INFO> Sampled SMILES N1C(=O)C(=C(O)C=CC=CN2CN(CCCC)C(=O)C2c2ncccc2)Cn2c(=O)c(=CNCC)[nH]c(=O)c21 failed to sanitize.
01:53:50 <INFO> Score: 0.65 Agent NLL: 15.36 Valid:  99% Step: 216
 | Agent Prior Target Score SMILES SMILES_state Scaffold DASA DASA (raw) Solubility Solubility (raw) SA SA (raw)
 | 10.9135 47.3512 -47.3512 0.0000000 CN(C)C1=NC(=O)C(=C(O)C=CC=CN(CCO)CCO)C(=O)N1 1 C=C1C(=O)N=CNC1=O 1.0000000 1.0000 0.8391150 0.8391 0.8691155 3.7667
 | 9.4327 51.7302 -51.7302 0.0000000 O=C1OC1=C(O)C=CC=CN1C=CCC1 1 O=C1OC1=CC=CC=CN1C=CCC1 1.0000000 1.0000 0.6607921 0.6608 0.7876698 4.1460
 | 19.5934 66.2316 42.6820 0.8508877 NCCCNCC1=C(O)C=CC=CN2CN2CCCNC1=O 1 O=C1C=CC=CC=CN2CN2CCCN1 1.0000000 1.0000 0.7766853 0.7767 0.6666541 4.5485
 | 10.5485 50.1481 -50.1481 0.0000000 C=c1oc(=O)[nH]c(=O)c1=C(O)C=CC=C(C)N1CCOCC1 1 C=c1oc(=O)[nH]c(=O)c1=CC=CC=CN1CCOCC1 1.0000000 1.0000 0.7868688 0.7869 0.8857127 3.6661
 | 10.6067 55.0453 60.8453 0.9053954 N=C1NC(=O)C(=C(O)C=CC=CN2CCC(=O)NC2=O)C(=O)N1 1 N=C1NC(=O)C(=CC=CC=CN2CCC(=O)NC2=O)C(=O)N1 1.0000000 1.0000 0.8114641 0.8115 0.8554204 3.8419
 | 9.4630 53.0497 -53.0497 0.0000000 CN1C(=O)C(=O)C(=C(O)C=CC=CN2CCC(=O)N2)C1=O 1 O=C1CCN(C=CC=CC=C2C(=O)NC(=O)C2=O)N1 1.0000000 1.0000 0.8161090 0.8161 0.8785556 3.7109
 | 21.5735 78.0127 21.6301 0.7784594 CC(C=CN(C)CCO)=C1COC(=C(O)C=CC=CN2CCC=C2C(=O)O)C(=O)N1 1 C=C1COC(=CC=CC=CN2C=CCC2)C(=O)N1 1.0000000 1.0000 0.5776942 0.5777 0.7014831 4.4434
 | 18.5541 51.6720 55.3607 0.8361926 CN1C(=O)OC(=C(O)C=CC=CN2CC(CC(=O)O)OC2=O)C1=O 1 O=C1NC(=O)C(=CC=CC=CN2CCOC2=O)O1 1.0000000 1.0000 0.6795278 0.6795 0.7686800 4.2177
 | 18.8984 64.6556 26.1858 0.7096982 CN1CCN(C=CC=CC(O)=C2C(=O)NN3C2SCC(=CSc2cc[n+](C)cc2)C3C(=O)[O-])C1 1 O=C1NN2CC(=CSc3cc[nH+]cc3)CSC2C1=CC=CC=CN1CCNC1 1.0000000 1.0000 0.6056154 0.6056 0.3974590 5.2710
 | 16.6808 57.5249 53.1441 0.8646019 CC1=NN(C=CC=CC(O)=C2C(=O)NC(=O)NC2=O)CC1(C)O 1 O=C1NC(=O)C(=CC=CC=CN2CCC=N2)C(=O)N1 1.0000000 1.0000 0.7652369 0.7652 0.7441188 4.3046
01:53:50 <INFO> Sampled SMILES N1C(=O)C(=C(O)C=CC=CN2CN(CC=C[N+](=O)=NC)C(=O)NCC2)C(=O)OCC1=C failed to sanitize.
01:53:50 <INFO> Score: 0.70 Agent NLL: 15.39 Valid:  99% Step: 217
 | Agent Prior Target Score SMILES SMILES_state Scaffold DASA DASA (raw) Solubility Solubility (raw) SA SA (raw)
 | 19.7950 68.6923 -68.6746 0.0001382 NCCCCN1NC(=O)C(=C(O)C=CC=Cn2o[nH]c2=O)C1=O 1 O=C1NNC(=O)C1=CC=CC=Cn1o[nH]c1=O 0.0000000 0.0000 0.8074250 0.8074 0.7959803 4.1132
 | 22.9113 65.2783 33.4125 0.7710226 O=C1NC(=S)C(=CF)C1=C(O)C=CC=CN1CCC=[N+]1[O-] 1 C=C1C(=S)NC(=O)C1=CC=CC=CN1CCC=[NH+]1 1.0000000 1.0000 0.6154815 0.6155 0.5970023 4.7440
 | 11.5182 52.5103 60.4538 0.8825321 CN1CCOC(=C(O)C=CC=CN2CCC(=O)N2)C1=O 1 O=C1CCN(C=CC=CC=C2OCCNC2=O)N1 1.0000000 1.0000 0.7636100 0.7636 0.8318785 3.9583
 | 7.7343 53.4874 63.6130 0.9148467 O=C1CN(C=CC=CC(O)=C2OC(=O)C2=O)C(=O)CN1 1 O=C1CN(C=CC=CC=C2OC(=O)C2=O)C(=O)CN1 1.0000000 1.0000 0.8381750 0.8382 0.8535777 3.8515
 | 21.0784 58.9100 48.2094 0.8368701 COC1CN(C=CC=CC(O)=C2C(=O)NC(=O)N(C)C2=O)C(=O)C12NC(=O)NC2=O 1 O=C1NC(=O)C(=CC=CC=CN2CCC3(NC(=O)NC3=O)C2=O)C(=O)N1 1.0000000 1.0000 0.8190080 0.8190 0.5568016 4.8513
 | 11.4388 51.6559 -51.6559 0.0000000 O=C1NC(=O)C1=C(O)C=CC=CN1C(=O)CCC1C(=O)O 1 O=C1NC(=O)C1=CC=CC=CN1CCCC1=O 1.0000000 1.0000 0.7944253 0.7944 0.8565340 3.8360
 | 12.8525 56.5020 58.4468 0.8980373 CN1C(=S)NC(=O)C1=C(O)C=CC=CN1CNC(=O)C1=O 1 O=C1NCN(C=CC=CC=C2NC(=S)NC2=O)C1=O 1.0000000 1.0000 0.8117259 0.8117 0.8190852 4.0162
 | 11.0172 55.4221 61.1413 0.9106519 CN1CN(C=CC=CC(O)=C2NC(=O)NC(=O)NC2=O)C(=O)C1=O 1 O=C1NC(=O)NC(=CC=CC=CN2CNC(=O)C2=O)C(=O)N1 1.0000000 1.0000 0.8237330 0.8237 0.8589618 3.8230
 | 9.6324 56.4177 58.4562 0.8974519 O=C1NC(=O)C(=O)C(=C(O)C=CC=CN2C(=O)CCC2C(=O)O)C(=O)N1 1 O=C1NC(=O)C(=O)C(=CC=CC=CN2CCCC2=O)C(=O)N1 1.0000000 1.0000 0.7991037 0.7991 0.8389829 3.9247
 | 12.6439 60.3211 54.2908 0.8954052 CN1C(=O)C(=C(O)C=CC=CN2C(=O)NCC2C(=O)O)C1=O 1 O=C1NC(=O)C1=CC=CC=CN1CCNC1=O 1.0000000 1.0000 0.8023386 0.8023 0.8231463 3.9982
01:53:51 <INFO> Score: 0.70 Agent NLL: 14.42 Valid: 100% Step: 218
 | Agent Prior Target Score SMILES SMILES_state Scaffold DASA DASA (raw) Solubility Solubility (raw) SA SA (raw)
 | 21.2725 56.0983 37.6404 0.7323337 O=C1OC(=C(O)C=CC=CN2CCNC2=O)C(=O)C1CC=CBr 1 O=C1CC(=O)C(=CC=CC=CN2CCNC2=O)O1 1.0000000 1.0000 0.5119769 0.5120 0.6288313 4.6566
 | 12.9240 57.6728 42.1586 0.7799331 N=C1NC(=O)C(=C(O)C=CC=CN2C=CC(O)CO2)O1 1 N=C1NC(=O)C(=CC=CC=CN2C=CCCO2)O1 1.0000000 1.0000 0.7653485 0.7653 0.4330592 5.1755
 | 12.2974 59.9094 51.7227 0.8721257 O=C1NOC(=O)C1=C(O)C=CC=CN1CC(CO)NC(=O)C1C(=O)O 1 O=C1CN(C=CC=CC=C2C(=O)NOC2=O)CCN1 1.0000000 1.0000 0.8724606 0.8725 0.6190633 4.6837
 | 11.3890 57.0866 55.1144 0.8765706 CN1C(=O)C(=O)N(C=CC=CC(O)=C2OC(O)C2=O)C1=O 1 O=C1COC1=CC=CC=CN1C(=O)NC(=O)C1=O 1.0000000 1.0000 0.8150015 0.8150 0.7163148 4.3966
 | 12.3925 59.9324 48.6977 0.8486726 CCN1C(=O)CN(C=CC=CC(O)=C2C(=N)C=CNC2=O)C1=O 1 N=C1C=CNC(=O)C1=CC=CC=CN1CC(=O)NC1=O 1.0000000 1.0000 0.6792647 0.6793 0.8314143 3.9605
 | 20.4868 69.3869 38.3906 0.8420119 CC(=NO)C(O)N1NC(=O)C(=C(O)C=CC=CN2C(=O)CCC2C(=O)O)C1=O 1 O=C1NNC(=O)C1=CC=CC=CN1CCCC1=O 1.0000000 1.0000 0.7863598 0.7864 0.6174238 4.6882
 | 12.6398 47.3255 59.2561 0.8326693 NC1=NNC(=O)C1=C(O)C=CC=CN1CCc2ccccc21 1 O=C1NN=CC1=CC=CC=CN1CCc2ccccc21 1.0000000 1.0000 0.6068020 0.6068 0.9165339 3.4390
 | 13.6270 62.3206 50.3625 0.8803369 CC1CN(C=CC=CC(O)=c2c(=O)[nH]c(=O)[nH]c2=C2C(=O)NC(=S)NC2=O)C(=O)O1 1 O=C1NC(=S)NC(=O)C1=c1[nH]c(=O)[nH]c(=O)c1=CC=CC=CN1CCOC1=O 1.0000000 1.0000 0.8311860 0.8312 0.7078395 4.4235
 | 14.5694 59.5302 53.0680 0.8796730 O=C1NN(CCO)NC1=C(O)C=CC=CN1C(=O)CCC1C(=O)O 1 O=C1NNNC1=CC=CC=CN1CCCC1=O 1.0000000 1.0000 0.8327735 0.8328 0.7026910 4.4397
 | 17.6910 68.9233 29.3171 0.7675036 CC(=CC=CN(C)C)N1NC(=O)C(=C(O)C=CC=CN2CCCCC2C(=O)O)C1=O 1 O=C1NNC(=O)C1=CC=CC=CN1CCCCC1 1.0000000 1.0000 0.5338304 0.5338 0.7476813 4.2923
01:53:52 <INFO> Score: 0.63 Agent NLL: 15.56 Valid: 100% Step: 219
 | Agent Prior Target Score SMILES SMILES_state Scaffold DASA DASA (raw) Solubility Solubility (raw) SA SA (raw)
 | 9.6588 62.5905 -62.5905 0.0000000 CN1C(=O)C(=C(O)C=CC=CN2C(=O)CNC(=O)C2=O)OC1CO 1 O=C1NCC(=O)N(C=CC=CC=C2OCNC2=O)C1=O 1.0000000 1.0000 0.8554790 0.8555 0.6861495 4.4905
 | 13.1259 71.5549 39.5924 0.8683386 CC(=CC=c1[nH]c(=O)c(=C(O)C=CC=CN2CN(C)C(=O)C2=O)c(=O)[nH]1)N1CCCC1 1 O=C1NCN(C=CC=CC=c2c(=O)[nH]c(=CC=CN3CCCC3)[nH]c2=O)C1=O 1.0000000 1.0000 0.7535754 0.7536 0.7818909 4.1683
 | 25.4940 79.3053 25.2200 0.8166046 O=C(O)C1=C(C=CC=CN(O)O)C(=O)NC(=O)C1=C(O)C=CC=CN1CC(CO)OC1=O 1 O=C1C=CC(=CC=CC=CN2CCOC2=O)C(=O)N1 1.0000000 1.0000 0.6982990 0.6983 0.6471270 4.6049
 | 11.8587 46.6992 56.1893 0.8038164 O=C1NCN(C=CC=CC(O)=C2C(=O)Nc3ccccc32)C(=O)N1 1 O=C1NCN(C=CC=CC=C2C(=O)Nc3ccccc32)C(=O)N1 1.0000000 1.0000 0.5454956 0.5455 0.9176748 3.4293
 | 10.9421 57.1054 51.6482 0.8496381 O=C1NNNC1=C(O)C=CC=CN1CC(O)C(O)C1=O 1 O=C1NNNC1=CC=CC=CN1CCCC1=O 1.0000000 1.0000 0.8989353 0.8989 0.5122166 4.9682
 | 8.9400 60.3222 55.0558 0.9013906 CN1C(=O)NC(=N)C(=C(O)C=CC=CN2CC(=O)NCC2=O)C1=O 1 N=C1NC(=O)NC(=O)C1=CC=CC=CN1CC(=O)NCC1=O 1.0000000 1.0000 0.8037570 0.8038 0.8498164 3.8709
 | 14.0113 65.6475 47.4096 0.8832585 C=c1nc(C)[nH]c(=O)c1=C(O)C=CC=CN1CCNC(=O)C1C(=O)O 1 C=c1nc[nH]c(=O)c1=CC=CC=CN1CCNC(=O)C1 1.0000000 1.0000 0.8373179 0.8373 0.7110546 4.4134
 | 8.6113 48.8424 62.9327 0.8732432 O=C1OC(=C(O)C=CC=CN2CCCC2)C1=O 1 O=C1OC(=CC=CC=CN2CCCC2)C1=O 1.0000000 1.0000 0.7046820 0.7047 0.9056740 3.5265
 | 13.5467 62.5505 56.5952 0.9308263 CN1C(=O)CN(C=CC=CC(O)=C2C(=O)NN=C(N)NC2=O)C(=O)C1=O 1 O=C1CN(C=CC=CC=C2C(=O)NC=NNC2=O)C(=O)C(=O)N1 1.0000000 1.0000 0.8825697 0.8826 0.8540819 3.8489
 | 9.1493 62.4232 -62.4232 0.0000000 CN1C(=O)CN(C=CC=CC(O)=C2C(=O)NC(=O)NC(=O)C2=O)C(=O)C1=O 1 O=C1CN(C=CC=CC=C2C(=O)NC(=O)NC(=O)C2=O)C(=O)C(=O)N1 1.0000000 1.0000 0.8558524 0.8559 0.9047832 3.5333
01:53:53 <INFO> Sampled SMILES N1C(=O)C(=C(C=C(C=CN2CCCC2)O)O)n2c1c(O)n(C)c2 failed to sanitize.
01:53:53 <INFO> Score: 0.72 Agent NLL: 14.71 Valid:  99% Step: 220
 | Agent Prior Target Score SMILES SMILES_state Scaffold DASA DASA (raw) Solubility Solubility (raw) SA SA (raw)
 | 13.4421 54.9322 55.2366 0.8606936 CN1C(=O)NC(=O)C(=C(O)C=CC=CN2SCC(=O)OC2=O)C1=O 1 O=C1NC(=O)C(=CC=CC=CN2SCC(=O)OC2=O)C(=O)N1 1.0000000 1.0000 0.7011562 0.7012 0.8467966 3.8862
 | 10.3653 53.6938 64.1315 0.9205100 CN1C(=O)CN(C=CC=CC(O)=C2C(=O)NOC2=O)C(=O)C1=O 1 O=C1CN(C=CC=CC=C2C(=O)NOC2=O)C(=O)C(=O)N1 1.0000000 1.0000 0.8497939 0.8498 0.8606981 3.8137
 | 20.2128 65.8955 30.5192 0.7532405 CN1C(=O)C(=C(O)C=CC=CN2C=CC(O)CO2)OCC1[N+](=O)[O-] 1 O=C1NCCOC1=CC=CC=CN1C=CCCO1 1.0000000 1.0000 0.7320432 0.7320 0.3899083 5.2916
 | 8.9058 55.1968 -55.1968 0.0000000 CN1CN(C=CC=CC(O)=C2C(=O)NNC2=O)C1=O 1 O=C1NNC(=O)C1=CC=CC=CN1CNC1=O 1.0000000 1.0000 0.8199645 0.8200 0.8273741 3.9791
 | 9.7760 44.0392 73.3763 0.9173084 NC=CC=CC(O)=C1C(=O)OC1=O 1 C=C1C(=O)OC1=O 1.0000000 1.0000 0.8241861 0.8242 0.8915824 3.6274
 | 15.3525 72.0254 27.1707 0.7749696 CC1(C)NC(=O)C(C(=O)O)N(C=CC=CC(O)=C2C(=O)NN(c3ccccc3)C2=O)S1 1 O=C1CN(C=CC=CC=C2C(=O)NN(c3ccccc3)C2=O)SCN1 1.0000000 1.0000 0.5321539 0.5322 0.7910051 4.1329
 | 20.9641 66.0915 33.7592 0.7800831 C=C=NCC1CN(C=CC=CC(O)=C2CCOC(=O)NC2=O)C(=O)O1 1 O=C1NC(=O)C(=CC=CC=CN2CCOC2=O)CCO1 1.0000000 1.0000 0.6239387 0.6239 0.6197851 4.6817
 | 20.0957 65.2257 28.6534 0.7334299 CC=CC1C(=O)C1=C(O)C=CC=CN1NC(C)=C([N+](=O)[O-])CO1 1 O=C1CC1=CC=CC=CN1NC=CCO1 1.0000000 1.0000 0.5556613 0.5557 0.5491803 4.8714
 | 9.3880 56.9195 -56.9195 0.0000000 C=c1c(=O)c1=C(O)C=CC=CN1CC1 1 C=c1c(=O)c1=CC=CC=CN1CC1 1.0000000 1.0000 0.8437415 0.8437 0.8704683 3.7589
 | 10.3202 53.0445 60.3871 0.8861849 C=c1[nH]c(=O)c(=C(O)C=CC=CN2CCC(O)C2)c(=O)[nH]1 1 C=c1[nH]c(=O)c(=CC=CC=CN2CCCC2)c(=O)[nH]1 1.0000000 1.0000 0.8481450 0.8481 0.7074244 4.4248
01:53:53 <INFO> Sampled SMILES N1C(=O)C(=C(O)C=CC=CN2CC(=O)N(C)C(=O)C2=O)n2c1ccc1c2cccc1 failed to sanitize.
01:53:54 <INFO> Score: 0.69 Agent NLL: 15.32 Valid:  99% Step: 221
 | Agent Prior Target Score SMILES SMILES_state Scaffold DASA DASA (raw) Solubility Solubility (raw) SA SA (raw)
 | 9.6221 52.6559 57.3358 0.8593097 CN1NC(=O)C(=C(O)C=CC=CN2CC(O)C(O)C(O)C2CO)C1=O 1 O=C1NNC(=O)C1=CC=CC=CN1CCCCC1 1.0000000 1.0000 0.8910599 0.8911 0.5520127 4.8640
 | 11.7278 44.9547 67.9731 0.8822488 CN1C(=O)NC(=O)C1=C(O)C=CC=CN1CCC(=O)C1 1 O=C1CCN(C=CC=CC=C2NC(=O)NC2=O)C1 1.0000000 1.0000 0.7467094 0.7467 0.8636500 3.7975
 | 12.8554 58.6707 51.3537 0.8595650 CCN1C(=O)C(=O)N(C=CC=CC(O)=C2OC(=O)C(=COC)C2=O)C1=O 1 C=C1C(=O)OC(=CC=CC=CN2C(=O)NC(=O)C2=O)C1=O 1.0000000 1.0000 0.7022538 0.7023 0.8386844 3.9261
 | 9.6859 50.5683 66.3549 0.9134628 O=C1CC(=C(O)C=CC=CN2C(=O)NC(=O)C2=O)C(=O)N1 1 O=C1CC(=CC=CC=CN2C(=O)NC(=O)C2=O)C(=O)N1 1.0000000 1.0000 0.8267420 0.8267 0.8674200 3.7764
 | 14.0493 59.2917 52.3700 0.8723571 N=C1NNC(=O)C1=C(O)C=CC=CN1OCCC1=O 1 N=C1NNC(=O)C1=CC=CC=CN1OCCC1=O 1.0000000 1.0000 0.8016571 0.8017 0.7188939 4.3883
 | 13.9274 59.7851 44.7297 0.8165220 CC=CC=CC1(O)OC(=C(O)C=CC=CN2CC(=O)NCC2=O)C1=O 1 O=C1CN(C=CC=CC=C2OCC2=O)C(=O)CN1 1.0000000 1.0000 0.7209705 0.7210 0.6116115 4.7042
 | 17.8487 55.4800 49.7273 0.8219326 CN1CN(C=CC=CC(O)=C2CSC(=S)N(C)C2=O)CC1=O 1 O=C1CN(C=CC=CC=C2CSC(=S)NC2=O)CN1 1.0000000 1.0000 0.6263055 0.6263 0.8100545 4.0552
 | 22.8866 75.6974 22.7779 0.7693384 CCC(=O)C(CC=O)N=C1NC(=O)C(=C(O)C=CC=CN2CC(O)C(O)C2)O1 1 N=C1NC(=O)C(=CC=CC=CN2CCCC2)O1 1.0000000 1.0000 0.7789734 0.7790 0.3907974 5.2892
 | 12.8934 64.0190 45.2027 0.8532950 CC1=NNNC(=O)C1=C(O)C=CC=CN1CN(C)C(=O)C1=C[N+](=O)[O-] 1 C=C1C(=O)NCN1C=CC=CC=C1C=NNNC1=O 1.0000000 1.0000 0.7501138 0.7501 0.7191148 4.3876
 | 24.6707 40.1146 -40.0995 0.0001179 CN(C=CC=CC(O)=C1SCCCS1)CCO 1 C=C1SCCCS1 0.0000000 0.0000 0.4793068 0.4793 0.8590080 3.8228
01:53:55 <INFO> Score: 0.72 Agent NLL: 16.86 Valid: 100% Step: 222
 | Agent Prior Target Score SMILES SMILES_state Scaffold DASA DASA (raw) Solubility Solubility (raw) SA SA (raw)
 | 11.3400 55.9743 57.1726 0.8839603 CN1C(=N)NC(=O)C(=C(O)C=CC=CN2CC2N)C1=O 1 N=C1NC(=O)C(=CC=CC=CN2CC2)C(=O)N1 1.0000000 1.0000 0.8341405 0.8341 0.7187922 4.3886
 | 12.5987 56.5194 40.4342 0.7574498 O=C1NC(=CBr)C(=CBr)C1=C(O)C=CC=CN(CCO)CCO 1 C=C1NC(=O)C(=C)C1=C 1.0000000 1.0000 0.4915852 0.4916 0.8059528 4.0724
 | 27.1632 62.6062 -62.5915 0.0001151 CC(=CN1CCSCC1)C1C(=O)OC(=C(O)C=CN2CCCC2)C1=O 1 O=C1OC(=CC=CN2CCCC2)C(=O)C1C=CN1CCSCC1 0.0000000 0.0000 0.4941179 0.4941 0.7175572 4.3926
 | 24.0891 69.2550 35.3439 0.8171792 CS(=O)(=O)N1C=NC(=O)C(=C(O)C=CC=CN2C(=S)SCC2C(=O)O)C(=O)N1 1 O=C1N=CNNC(=O)C1=CC=CC=CN1CCSC1=S 1.0000000 1.0000 0.7056811 0.7057 0.6376773 4.6317
 | 16.1194 77.8607 38.2767 0.9073232 O=C1NC(=c2c(=O)[nH]c(=O)[nH]c(=O)c2=C(O)C=CC=CN2C=CCC2)N(O)C1=O 1 O=C1NC(=c2c(=O)[nH]c(=O)[nH]c(=O)c2=CC=CC=CN2C=CCC2)NC1=O 1.0000000 1.0000 0.8704040 0.8704 0.7651368 4.2306
 | 17.7311 66.9953 40.7110 0.8414557 CC1(C)OOC(=C(O)C=CC=CN2CCNC(=O)C2CN)C(=O)O1 1 O=C1CN(C=CC=CC=C2OOCOC2=O)CCN1 1.0000000 1.0000 0.7486708 0.7487 0.6705095 4.5372
 | 14.7875 50.7043 53.8088 0.8165092 CC1OC(=C(O)C=CC=CN2CCC(N)C2)C(=O)N1C 1 O=C1NCOC1=CC=CC=CN1CCCC1 1.0000000 1.0000 0.7094531 0.7095 0.6290413 4.6560
 | 15.1035 65.7076 46.4469 0.8762068 O=C(O)C1CC(O)CN1C=CC=CC(O)=c1c(=O)[nH]c(=O)[nH]c(=O)c1=CF 1 C=c1c(=O)[nH]c(=O)[nH]c(=O)c1=CC=CC=CN1CCCC1 1.0000000 1.0000 0.8557293 0.8557 0.6562903 4.5786
 | 19.6886 63.2923 32.1681 0.7457845 Cn1nnnc1SC=C1OC(O)N(C=CC=CC(O)=C2OC(C)(C)OC2=O)C1C(=O)O 1 O=C1OCOC1=CC=CC=CN1COC(=CSc2nnn[nH]2)C1 1.0000000 1.0000 0.6225056 0.6225 0.4914386 5.0223
 | 20.1509 71.6868 30.7772 0.8005002 NC(=O)OCC1NCN(C=CC=CC(O)=C2C(=O)NC(CO)NC2C(=O)O)O1 1 O=C1NCNCC1=CC=CC=CN1CNCO1 1.0000000 1.0000 0.8673807 0.8674 0.3988233 5.2673
01:53:55 <INFO> Score: 0.69 Agent NLL: 15.17 Valid: 100% Step: 223
 | Agent Prior Target Score SMILES SMILES_state Scaffold DASA DASA (raw) Solubility Solubility (raw) SA SA (raw)
 | 18.7806 59.2853 48.1174 0.8390832 CC1CCCCN1C1=NC(=O)C(=C(O)C=CC=CN2CC(=O)N(C)CC2=O)C(=O)N1 1 O=C1CN(C=CC=CC=C2C(=O)N=C(N3CCCCC3)NC2=O)C(=O)CN1 1.0000000 1.0000 0.6683401 0.6683 0.8058065 4.0730
 | 16.2802 62.3131 42.3489 0.8176724 CCCC1NC(=O)C(=C(O)C=CC=CN2CNC(=O)NC2=O)C(C(=O)O)N1 1 O=C1NCN(C=CC=CC=C2CNCNC2=O)C(=O)N1 1.0000000 1.0000 0.7334617 0.7335 0.5979034 4.7415
 | 15.3036 57.9685 49.8706 0.8424930 CC1CN(C=CC=CC(O)=C2C(=O)NCNC2=O)C(=O)C(C)O1 1 O=C1NCNC(=O)C1=CC=CC=CN1CCOCC1=O 1.0000000 1.0000 0.7623322 0.7623 0.6538386 4.5857
 | 12.4858 50.8101 64.2096 0.8985914 CN1C(=O)CN(C=CC=CC(O)=C2C(=O)NC(=O)N=C2N)C1=O 1 O=C1CN(C=CC=CC=C2C=NC(=O)NC2=O)C(=O)N1 1.0000000 1.0000 0.7873113 0.7873 0.8668532 3.7796
 | 16.8085 74.4978 -74.4793 0.0001444 Cc1n[nH]c(=O)c(=C2C(=O)NNC2=O)c1=C(O)C=CC=CN(CCO)CCO 1 C=c1cn[nH]c(=O)c1=C1C(=O)NNC1=O 0.0000000 0.0000 0.9066239 0.9066 0.8170220 4.0252
 | 13.5845 66.4171 45.6895 0.8758322 O=C1Nc2ccccc2C1=c1c(=O)[nH]c(=O)[nH]c(=O)c1=C(O)C=CC=CN1CC(O)C(O)C1 1 O=C1Nc2ccccc2C1=c1c(=O)[nH]c(=O)[nH]c(=O)c1=CC=CC=CN1CCCC1 1.0000000 1.0000 0.8062258 0.8062 0.7267928 4.3626
 | 9.0714 68.5330 47.9171 0.9097660 CN1CN(C=CC=CC(O)=c2oc(=C3C(=O)NNC3=O)[nH]c2=O)C(=O)C1=O 1 O=C1NCN(C=CC=CC=c2oc(=C3C(=O)NNC3=O)[nH]c2=O)C1=O 1.0000000 1.0000 0.9036362 0.9036 0.7267617 4.3627
 | 15.0465 50.6091 60.2230 0.8658759 O=C1CCN(C=CC=CC(O)=C2SC(=O)NC2=O)CCN1 1 O=C1CCN(C=CC=CC=C2SC(=O)NC2=O)CCN1 1.0000000 1.0000 0.6943770 0.6944 0.8888947 3.6453
 | 14.1027 66.6848 39.0269 0.8258727 N=C1SCC(C(=O)O)N1C=CC=CC(O)=C1NNNNC1=O 1 N=C1SCCN1C=CC=CC=C1NNNNC1=O 1.0000000 1.0000 0.8185487 0.8185 0.5199550 4.9480
 | 7.5132 49.6981 -49.6981 0.0000000 CN1NC(=O)C(=C(O)C=CC=CN2CC2)C1=O 1 O=C1NNC(=O)C1=CC=CC=CN1CC1 1.0000000 1.0000 0.8151463 0.8151 0.8919948 3.6246
01:53:56 <INFO> Sampled SMILES N1C(=O)C(=C(O)C=CC=CN2CC(O)C(O)C(O)C2)C2(C)OC(O)C(=O)O21 failed to sanitize.
01:53:56 <INFO> Score: 0.66 Agent NLL: 14.68 Valid:  99% Step: 224
 | Agent Prior Target Score SMILES SMILES_state Scaffold DASA DASA (raw) Solubility Solubility (raw) SA SA (raw)
 | 11.9843 74.3424 44.9270 0.9317916 O=C1CCN(C=CC=CC(O)=c2c(=O)[nH]c(=O)[nH]c(=O)c2=C2NC(=O)NC2=O)N1 1 O=C1CCN(C=CC=CC=c2c(=O)[nH]c(=O)[nH]c(=O)c2=C2NC(=O)NC2=O)N1 1.0000000 1.0000 0.9070298 0.9070 0.8186268 4.0182
 | 10.2801 55.9062 60.3422 0.9081911 C=c1[nH]c(=O)c(=C(O)C=CC=CN2CC(=O)N(C)C2=O)c(=O)[nH]1 1 C=c1[nH]c(=O)c(=CC=CC=CN2CC(=O)NC2=O)c(=O)[nH]1 1.0000000 1.0000 0.8451787 0.8452 0.8095999 4.0571
 | 10.4700 47.7179 -47.7179 0.0000000 O=C1NC(=O)C(=C(O)C=CC=CN(CCO)CCO)C(=O)N1 1 C=C1C(=O)NC(=O)NC1=O 1.0000000 1.0000 0.8626767 0.8627 0.9187340 3.4201
 | 10.3863 53.6442 60.4842 0.8916288 CN1NC(=O)C(=C(O)C=CC=CN2C(=O)COCC2C(=O)O)C1=O 1 O=C1NNC(=O)C1=CC=CC=CN1CCOCC1=O 1.0000000 1.0000 0.8255052 0.8255 0.7659612 4.2276
 | 24.2582 62.0453 28.7076 0.7090075 CCN1C(=O)NC(=C(O)C=CC=CN2C=CC=C(C(F)(F)F)C2)C1=O 1 O=C1NC(=O)C(=CC=CC=CN2C=CC=CC2)N1 1.0000000 1.0000 0.3986384 0.3986 0.8220594 4.0031
 | 17.3167 62.1515 42.5376 0.8178841 O=C1C(=CCO)OC1=C(O)C=CC=CN1CC(O)C1O 1 C=C1OC(=CC=CC=CN2CCC2)C1=O 1.0000000 1.0000 0.8199990 0.8200 0.4925591 5.0194
 | 6.8272 52.4286 -52.4286 0.0000000 O=C1CN(C=CC=CC(O)=C2C(=O)NCCNC2=O)C(=O)CN1 1 O=C1CN(C=CC=CC=C2C(=O)NCCNC2=O)C(=O)CN1 1.0000000 1.0000 0.8606078 0.8606 0.8774300 3.7178
 | 18.6572 47.3281 -47.3103 0.0001393 CN(C)C=CC(O)=C1OC(=O)C1=CC=C1C(=O)NC(=O)NC1=O 1 C=C1OC(=O)C1=CC=C1C(=O)NC(=O)NC1=O 0.0000000 0.0000 0.7709213 0.7709 0.8971077 3.5893
 | 10.7139 58.3973 56.6019 0.8984308 N=C1NC(=O)C(=C(O)C=CC=CN2CNC2=O)C(=O)N1 1 N=C1NC(=O)C(=CC=CC=CN2CNC2=O)C(=O)N1 1.0000000 1.0000 0.8319078 0.8319 0.7864347 4.1508
 | 9.6134 55.7516 61.7930 0.9183170 N=C1NC(=O)C(=C(O)C=CC=CN2C(=O)NC(=O)C2=O)C(=O)N1 1 N=C1NC(=O)C(=CC=CC=CN2C(=O)NC(=O)C2=O)C(=O)N1 1.0000000 1.0000 0.8584717 0.8585 0.8350083 3.9437
01:53:57 <INFO> Sampled SMILES N1C(=O)C(=C(O)C=CC=CN2CN(C)C(=O)C(=C(O)C=CC)C2=O)n2c1ccc(=N)n2 failed to sanitize.
01:53:57 <INFO> Score: 0.74 Agent NLL: 14.87 Valid:  99% Step: 225
 | Agent Prior Target Score SMILES SMILES_state Scaffold DASA DASA (raw) Solubility Solubility (raw) SA SA (raw)
 | 13.0603 54.4958 56.4706 0.8669255 C=C1C(=O)NC(=O)C1=C(O)C=CC=CN1C(=O)NC(C)(C)C1=O 1 C=C1C(=O)NC(=O)C1=CC=CC=CN1C(=O)CNC1=O 1.0000000 1.0000 0.7086331 0.7086 0.8633099 3.7994
 | 11.2403 41.6137 -41.6137 0.0000000 O=C1NC(=O)C(=C(O)C=CC=CN(CCO)CCO)C(=O)N1 1 C=C1C(=O)NC(=O)NC1=O 1.0000000 1.0000 0.8626767 0.8627 0.9187340 3.4201
 | 10.8961 51.7313 56.0139 0.8417601 C=c1oc(=C(O)C=CC=CN2CC(O)C(O)C2)c(=O)n1C 1 C=c1[nH]c(=O)c(=CC=CC=CN2CCCC2)o1 1.0000000 1.0000 0.8551545 0.8552 0.5323051 4.9157
 | 13.2723 47.3371 66.4300 0.8888049 CN(C=CC(O)=CC(O)=C1OCOC1=O)CCO 1 C=C1OCOC1=O 1.0000000 1.0000 0.7816843 0.7817 0.8287604 3.9728
 | 11.9022 46.9331 64.2926 0.8689508 CN(C)C=CC=CC(O)=C1OC=C(CO)C1=O 1 C=C1OC=CC1=O 1.0000000 1.0000 0.7287451 0.7287 0.8321799 3.9569
 | 15.1798 62.0494 51.9483 0.8906072 NC(=O)OC=C1C(=O)NC(=O)C1=C(O)C=CC=CN1CCCNC(=O)C1 1 C=C1C(=O)NC(=O)C1=CC=CC=CN1CCCNC(=O)C1 1.0000000 1.0000 0.7700837 0.7701 0.8598275 3.8184
 | 9.9598 45.3958 -45.3958 0.0000000 O=C1Nc2ccccc2C(=O)C1=C(O)C=CC=CN(CCO)CCO 1 C=C1C(=O)Nc2ccccc2C1=O 1.0000000 1.0000 0.6435965 0.6436 0.9430022 3.1720
 | 17.6180 50.1116 59.1277 0.8534325 CC1COCCN1C=CC=CC(O)=C1C(=O)NC(=S)N(C)C1=O 1 O=C1NC(=S)NC(=O)C1=CC=CC=CN1CCOCC1 1.0000000 1.0000 0.6898389 0.6898 0.8333542 3.9514
 | 15.2631 72.2244 33.7756 0.8281250 CC(=O)OCC1NC(=O)N(C)C(=O)C(=C(O)C=CC=CN2CN(C)C2=O)O1 1 O=C1NCOC(=CC=CC=CN2CNC2=O)C(=O)N1 1.0000000 1.0000 0.6940433 0.6940 0.7040069 4.4356
 | 30.6651 91.7010 13.2902 0.8202436 Cn1c(=C(O)COC[n+]2ccccc2)[nH]c(=O)c(=C(O)C=CC=CN2CN(CCN=[N+]=[N-])C2=O)c1=O 1 O=C1NCN1C=CC=CC=c1c(=O)[nH]c(=CCOC[n+]2ccccc2)[nH]c1=O 1.0000000 1.0000 0.6839802 0.6840 0.6868688 4.4883
01:53:58 <INFO> Score: 0.63 Agent NLL: 14.98 Valid: 100% Step: 226
 | Agent Prior Target Score SMILES SMILES_state Scaffold DASA DASA (raw) Solubility Solubility (raw) SA SA (raw)
 | 14.6582 51.2373 53.8734 0.8211771 CN1CN(C=CC=CC(O)=C2C(=O)NC(=O)c3ccccc32)CNC1=O 1 O=C1NCN(C=CC=CC=C2C(=O)NC(=O)c3ccccc32)CN1 1.0000000 1.0000 0.5860809 0.5861 0.9054565 3.5281
 | 10.9242 61.4854 -61.4854 0.0000000 CON=C1C(=O)NNC(=O)C1=C(O)C=CC=CN(CCO)CCO 1 C=C1C(=N)C(=O)NNC1=O 1.0000000 1.0000 0.8640184 0.8640 0.8481523 3.8794
 | 20.2511 68.9781 33.4705 0.8003796 O=c1[nH]c(=CC=Nn2cccc2)oc1=C(O)C=CC=CN1CCCC1CO 1 O=c1[nH]c(=CC=Nn2cccc2)oc1=CC=CC=CN1CCCC1 1.0000000 1.0000 0.6734013 0.6734 0.6206185 4.6794
 | 10.7592 61.9565 52.6504 0.8953670 CC=C1C(=O)N(C)C(=O)C1=C(O)C=CC=CN1C(=O)CNC(=O)C1=O 1 C=C1C(=O)NC(=O)C1=CC=CC=CN1C(=O)CNC(=O)C1=O 1.0000000 1.0000 0.7760356 0.7760 0.8723940 3.7477
 | 22.4328 76.4323 33.0213 0.8551063 CNC1=NC(=O)C(=C(O)C=CC=CN2C(=O)NOCC2C(=O)O)C(=O)NN1C 1 O=C1N=CNNC(=O)C1=CC=CC=CN1CCONC1=O 1.0000000 1.0000 0.8129425 0.8129 0.6316856 4.6486
 | 12.6350 52.9308 -52.9308 0.0000000 CN1C(=O)C(=C(O)C=CC=CN2CC2)C1C(=O)O 1 O=C1NCC1=CC=CC=CN1CC1 1.0000000 1.0000 0.7837505 0.7838 0.8291109 3.9712
 | 22.0614 53.4602 54.4367 0.8429444 COC1=CC(=O)CC(=C(O)C=CC=CN2CCO2)C1=O 1 O=C1C=CC(=O)C(=CC=CC=CN2CCO2)C1 1.0000000 1.0000 0.6681486 0.6681 0.8258790 3.9859
 | 11.7503 59.5397 53.9007 0.8862527 CN1C(=O)NCN(C=CC=CC(O)=C2C(=O)N=CC(=O)NC2=O)C1=O 1 O=C1C=NC(=O)C(=CC=CC=CN2CNC(=O)NC2=O)C(=O)N1 1.0000000 1.0000 0.7843703 0.7844 0.8114567 4.0492
 | 12.1614 63.7415 54.8862 0.9267785 NC1=C(C(=O)O)C(=C(O)C=CC=CN2CC(=O)NCC2=O)C(=O)NC1=O 1 O=C1C=CC(=CC=CC=CN2CC(=O)NCC2=O)C(=O)N1 1.0000000 1.0000 0.8601244 0.8601 0.8732560 3.7427
 | 16.1199 55.9931 42.1100 0.7664305 CN1C(=O)NCN(C=CC=CC(O)=C2C(=O)NC3C=CC=CC23)C1=O 1 O=C1NCN(C=CC=CC=C2C(=O)NC3C=CC=CC23)C(=O)N1 1.0000000 1.0000 0.6183160 0.6183 0.5739365 4.8059
01:53:59 <INFO> Score: 0.64 Agent NLL: 15.89 Valid: 100% Step: 227
 | Agent Prior Target Score SMILES SMILES_state Scaffold DASA DASA (raw) Solubility Solubility (raw) SA SA (raw)
 | 11.6549 49.5198 65.3752 0.8976169 CN1CN(C=CC=CC(O)=C2OC(=O)NC2=O)C(=O)C1=O 1 O=C1NC(=O)C(=CC=CC=CN2CNC(=O)C2=O)O1 1.0000000 1.0000 0.8039738 0.8040 0.8309109 3.9628
 | 21.7682 19.7720 -19.7548 0.0001343 COc1ccc(OCCN2CCN(C)CC2)cc1 1 c1ccc(OCCN2CCNCC2)cc1 0.0000000 0.0000 0.6514674 0.6515 0.9944235 1.6232
 | 13.0207 51.1891 54.7044 0.8272929 C=C1OC(=O)C1=C(O)C=CC=CN1CCCC1C(=O)O 1 C=C1OC(=O)C1=CC=CC=CN1CCCC1 1.0000000 1.0000 0.6330790 0.6331 0.8225457 4.0009
 | 16.4213 59.0954 49.8286 0.8509683 CCOC(=O)N1C(=O)CSN1C=CC=CC(O)=C1C(=O)NN(C)C1=O 1 O=C1CSN(C=CC=CC=C2C(=O)NNC2=O)N1 1.0000000 1.0000 0.6952437 0.6952 0.8096650 4.0568
 | 16.7963 56.3052 55.5375 0.8737709 NCC1CCCN1C=CC=CC(O)=C1NC(=O)NC(=O)NC1=O 1 O=C1NC(=O)NC(=CC=CC=CN2CCCC2)C(=O)N1 1.0000000 1.0000 0.7625451 0.7625 0.7913573 4.1315
 | 19.2049 79.5661 31.3405 0.8664579 CCOC(=O)N1CN(C=CC=CC(O)=c2c(=O)[nH]c(=O)[nH]c(=O)c2=CC=C(C)N2CCOCC2)C1 1 O=c1[nH]c(=O)c(=CC=CC=CN2CNC2)c(=CC=CN2CCOCC2)c(=O)[nH]1 1.0000000 1.0000 0.7168008 0.7168 0.8437752 3.9013
 | 24.9574 70.3320 37.8338 0.8450456 COCCOC=C1C(=O)N(C)C(=O)C1=C(O)C=CC=CN1C(=O)C(=O)OC1(C)C 1 C=C1C(=O)NC(=O)C1=CC=CC=CN1COC(=O)C1=O 1.0000000 1.0000 0.6638426 0.6638 0.8462657 3.8889
 | 12.9399 52.8659 -52.8659 0.0000000 CN1C(=O)NC(=O)C(=C(O)C=CC=CN2CC(=O)NCC2=O)C1=O 1 O=C1CN(C=CC=CC=C2C(=O)NC(=O)NC2=O)C(=O)CN1 1.0000000 1.0000 0.8298021 0.8298 0.9085102 3.5046
 | 15.8799 25.8683 -25.8499 0.0001443 CN1C(=O)C(O)C(=O)C1O 1 O=C1CNC(=O)C1 0.0000000 0.0000 0.9259631 0.9260 0.7857218 4.1536
 | 13.2621 58.1454 52.9993 0.8683179 C=c1c(=C(O)C=CC=CN2CC(C)OC2=O)c(=O)[nH]c(=O)n1C 1 C=c1[nH]c(=O)[nH]c(=O)c1=CC=CC=CN1CCOC1=O 1.0000000 1.0000 0.7887647 0.7888 0.7217809 4.3790
01:53:59 <INFO> Sampled SMILES N1C(=O)C(=C(O)C=CC=CN2CC=OOC2)C2N1C(=O)C2NC=O failed to sanitize.
01:53:59 <INFO> Sampled SMILES N1C(=O)C(=C(O)C=CC=CN=CNCCN(C)C)C=C1=CN1CC1 failed to sanitize.
01:54:00 <INFO> Score: 0.68 Agent NLL: 16.06 Valid:  98% Step: 228
 | Agent Prior Target Score SMILES SMILES_state Scaffold DASA DASA (raw) Solubility Solubility (raw) SA SA (raw)
 | 24.4018 76.3324 19.5129 0.7487907 CC1Cc2ccccc2N1C=CC=CC(O)=c1c(=O)[nH]c(=CC=CN2CCCNC2=O)[nH]c1=O 1 O=C1NCCCN1C=CC=c1[nH]c(=O)c(=CC=CC=CN2CCc3ccccc32)c(=O)[nH]1 1.0000000 1.0000 0.5316448 0.5316 0.6615376 4.5634
 | 11.0941 54.3783 59.1179 0.8866893 O=C1CC(O)C(=C(O)C=CC=CN2CCC(=O)N2)C(=O)N1 1 O=C1CCC(=CC=CC=CN2CCC(=O)N2)C(=O)N1 1.0000000 1.0000 0.8245168 0.8245 0.7455060 4.2998
 | 19.2457 69.1203 27.6009 0.7556345 CN1C(=O)C(=C(O)C=CC=CN2CCCC2N)OC(=CBr)N1CCO 1 C=C1NNC(=O)C(=CC=CC=CN2CCCC2)O1 1.0000000 1.0000 0.5845219 0.5845 0.5878077 4.7688
 | 8.8601 54.0308 -54.0308 0.0000000 O=C1CN(C=CC=CC(O)=C2C(=O)N2CCO)C(=O)CN1 1 O=C1CN(C=CC=CC=C2NC2=O)C(=O)CN1 1.0000000 1.0000 0.8564093 0.8564 0.8619857 3.8066
 | 19.0554 64.3402 41.2479 0.8249074 CCCC1(O)NC(=O)C(=C(O)C=CC=CN2NC(N)CC2C(=O)O)C(=O)N1 1 O=C1NCNC(=O)C1=CC=CC=CN1CCCN1 1.0000000 1.0000 0.8231324 0.8231 0.5117471 4.9694
 | 11.2476 50.8979 64.9588 0.9051306 O=C1NC(=O)C(=C(O)C=CC=CN2C(=O)COCC2C(=O)O)C(=O)N1 1 O=C1NC(=O)C(=CC=CC=CN2CCOCC2=O)C(=O)N1 1.0000000 1.0000 0.8257767 0.8258 0.8283702 3.9746
 | 6.8308 55.6654 -55.6654 0.0000000 O=C1CN(C=CC=CC(O)=C2C(=O)NCC(=O)NC2=O)C(=O)CN1 1 O=C1CN(C=CC=CC=C2C(=O)NCC(=O)NC2=O)C(=O)CN1 1.0000000 1.0000 0.8759937 0.8760 0.8873962 3.6552
 | 13.3048 56.3113 57.6289 0.8901581 COC=c1[nH]c(=O)c(=C(O)C=CC=CN2CCC(CO)CC2)oc1=O 1 C=c1[nH]c(=O)c(=CC=CC=CN2CCCCC2)oc1=O 1.0000000 1.0000 0.7781424 0.7781 0.8420717 3.9097
 | 26.4526 78.8061 21.9986 0.7875369 CC=CC(=O)N=C1CNC(=O)C(=C(O)C=CC=CN2CN(C)C(=O)n3cccc32)C(=O)N1 1 N=C1CNC(=O)C(=CC=CC=CN2CNC(=O)n3cccc32)C(=O)N1 1.0000000 1.0000 0.5758996 0.5759 0.7495754 4.2858
 | 23.5461 80.9675 29.0791 0.8597389 CC=c1[nH]c(=O)c(=C(O)C=CC=CN2CC(C(=O)O)=c3[nH]c(=C(C)OC)c(=O)n3C2)c(=O)[nH]1 1 C=c1[nH]c(=O)c(=CC=CC=CN2CC=c3[nH]c(=C)c(=O)n3C2)c(=O)[nH]1 1.0000000 1.0000 0.8347701 0.8348 0.6204153 4.6799
01:54:00 <INFO> Score: 0.69 Agent NLL: 15.59 Valid: 100% Step: 229
 | Agent Prior Target Score SMILES SMILES_state Scaffold DASA DASA (raw) Solubility Solubility (raw) SA SA (raw)
 | 27.0261 76.9123 27.4694 0.8154817 CN(C)CCNCN1NC(=O)C(=C(O)C=CC=CN2CC(CBr)OC2=N)C1=O 1 N=C1OCCN1C=CC=CC=C1C(=O)NNC1=O 1.0000000 1.0000 0.6992955 0.6993 0.6408676 4.6227
 | 19.0516 54.7402 48.6701 0.8078934 CON1C(=O)C(=C(O)C=CC=CN2CCNC2=O)C(=O)Nc2ccccc21 1 O=C1Nc2ccccc2NC(=O)C1=CC=CC=CN1CCNC1=O 1.0000000 1.0000 0.5516632 0.5517 0.9240153 3.3726
 | 17.7514 62.8479 10.2816 0.5713245 CCCC=CCC=CC=C1OC(=C(O)C=CC=CN2CC=CC2=O)C1=O 1 C=C1OC(=CC=CC=CN2CC=CC2=O)C1=O 1.0000000 1.0000 0.2128136 0.2128 0.7936623 4.1224
 | 9.8827 46.8447 68.2895 0.8994861 O=C1CN(C=CC=CC(O)=C2SC(=O)NC2=O)C(=O)C(=O)N1 1 O=C1CN(C=CC=CC=C2SC(=O)NC2=O)C(=O)C(=O)N1 1.0000000 1.0000 0.7899063 0.7899 0.8663905 3.7822
 | 13.3666 62.6549 48.9769 0.8721235 CN(C=NC1=NC(=O)C(=C(O)C=CC=CN2CC(=O)NCC2=O)C(=O)N1)CCCl 1 O=C1CN(C=CC=CC=C2C(=O)N=CNC2=O)C(=O)CN1 1.0000000 1.0000 0.7648401 0.7648 0.7794455 4.1776
 | 17.8834 61.7742 13.0916 0.5848895 CC1=CN(C=CC=CC(O)=C2C(=O)C2Sc2ccccc2)C(C(=O)O)C1 1 O=C1C(=CC=CC=CN2C=CCC2)C1Sc1ccccc1 1.0000000 1.0000 0.2361565 0.2362 0.7482348 4.2904
 | 15.2492 68.0691 44.3377 0.8781786 O=C1NC(=O)C(=C2C(=O)NC(=O)C2=C(O)C=CC=CN2CC(O)C2=O)C(O)N1 1 O=C1NCC(=C2C(=O)NC(=O)C2=CC=CC=CN2CCC2=O)C(=O)N1 1.0000000 1.0000 0.8703735 0.8704 0.6446515 4.6120
 | 32.9144 82.2662 15.2126 0.7615533 CC(=O)NCC(C1OC(=O)C1COC(C)=O)N1NC(=O)C(=C(O)C=CC=CN2Cc3ccccc3C2)N1 1 O=C1CC(CN2NC(=O)C(=CC=CC=CN3Cc4ccccc4C3)N2)O1 1.0000000 1.0000 0.6069068 0.6069 0.5734071 4.8073
 | 17.4566 57.8125 44.0322 0.7956613 COC1CN(C=CC=CC(O)=C2NN=C(c3ccc(O)cc3)NC2=O)C(=O)O1 1 O=C1NC(c2ccccc2)=NNC1=CC=CC=CN1CCOC1=O 1.0000000 1.0000 0.5935711 0.5936 0.7503190 4.2832
 | 18.8978 65.5309 41.7212 0.8379070 CCOC(=O)N1NC(=O)C(=C(O)C=CC=CN2CN(C(=O)OC)CC(N)C2=O)C1=N 1 N=C1NNC(=O)C1=CC=CC=CN1CNCCC1=O 1.0000000 1.0000 0.7131557 0.7132 0.7140120 4.4040
01:54:01 <INFO> Sampled SMILES N1C(=O)C(=C(O)C=CC=CN2OCCC2=O)C(O)=c2c1cccc2 failed to sanitize.
01:54:01 <INFO> Score: 0.72 Agent NLL: 16.36 Valid:  99% Step: 230
 | Agent Prior Target Score SMILES SMILES_state Scaffold DASA DASA (raw) Solubility Solubility (raw) SA SA (raw)
 | 7.4774 43.3333 -43.3333 0.0000000 O=C1NC(=O)C(=C(O)C=CC=CN(CCO)CCO)C(=O)N1 1 C=C1C(=O)NC(=O)NC1=O 1.0000000 1.0000 0.8626767 0.8627 0.9187340 3.4201
 | 18.5696 57.0385 48.2752 0.8227630 CC1=NC(O)C(=C(O)C=CC=CN2CC(O)C(O)C(O)C2CO)C(=O)N1 1 O=C1NC=NCC1=CC=CC=CN1CCCCC1 1.0000000 1.0000 0.8701799 0.8702 0.4580118 5.1097
 | 13.4579 58.6860 58.2172 0.9133064 C=c1[nH]c(=O)n(C)c(=O)c1=C(O)C=CC=CN1CCC(=O)N1 1 C=c1[nH]c(=O)[nH]c(=O)c1=CC=CC=CN1CCC(=O)N1 1.0000000 1.0000 0.8585272 0.8585 0.8112731 4.0500
 | 17.7752 50.9927 53.0038 0.8124728 O=C1NC(=O)C(=C(O)C=CC=CN2CCNc3ccccc32)N1 1 O=C1NC(=O)C(=CC=CC=CN2CCNc3ccccc32)N1 1.0000000 1.0000 0.5639960 0.5640 0.9157214 3.4459
 | 11.8651 51.9818 62.3656 0.8933386 CN1C(=O)C(=O)N(C=CC=CC(O)=C2OC(=O)NC2=O)C1=O 1 O=C1NC(=O)C(=CC=CC=CN2C(=O)NC(=O)C2=O)O1 1.0000000 1.0000 0.7849594 0.7850 0.8449907 3.8953
 | 20.0932 64.4905 35.0252 0.7774663 O=C1CCN2C=CC=CC(O)=C(CC(=O)N2)C(=O)C1 1 O=C1CCN2C=CC=CC=C(CC(=O)N2)C(=O)C1 1.0000000 1.0000 0.7135087 0.7135 0.4815369 5.0481
 | 19.6940 71.7955 31.1938 0.8046036 CCN1C(=O)C(=N)CCN2CN2C=CC=CC(O)=C(CO)C1=O 1 N=C1CCN2CN2C=CC=CC=CC(=O)NC1=O 1.0000000 1.0000 0.7214411 0.7214 0.5655277 4.8283
 | 11.6627 52.2485 61.1365 0.8858206 N=C1NC(=O)C(=C(O)C=CC=CN2CC(O)C2)O1 1 N=C1NC(=O)C(=CC=CC=CN2CCC2)O1 1.0000000 1.0000 0.8129087 0.8129 0.7603127 4.2480
 | 10.1837 47.9268 -47.9268 0.0000000 CN(C=CC=CC(O)=C1OC1=O)CCO 1 C=C1OC1=O 1.0000000 1.0000 0.7980341 0.7980 0.8810641 3.6955
 | 21.0329 72.7136 30.7441 0.8082629 CN1CN(C=CC=CC(O)=C2C(=O)N=C(N=CN3CC=CCC3)NC2=O)C(O)C1=O 1 O=C1CN(C=CC=CC=C2C(=O)N=C(N=CN3CC=CCC3)NC2=O)CN1 1.0000000 1.0000 0.7432433 0.7432 0.5497586 4.8699
01:54:02 <INFO> Score: 0.63 Agent NLL: 14.77 Valid: 100% Step: 231
 | Agent Prior Target Score SMILES SMILES_state Scaffold DASA DASA (raw) Solubility Solubility (raw) SA SA (raw)
 | 17.0953 66.4879 46.1243 0.8797831 CN1C=CC(=O)N(C=CC=CC(O)=C2C(=O)NCN(C)NC2=O)C1 1 O=C1NCNNC(=O)C1=CC=CC=CN1CNC=CC1=O 1.0000000 1.0000 0.7923747 0.7924 0.7670850 4.2235
 | 7.7840 54.1534 -54.1534 0.0000000 CN1CN(C=CC=CC(O)=C2C(=O)NC(=N)NC2=O)C(=O)C1=O 1 N=C1NC(=O)C(=CC=CC=CN2CNC(=O)C2=O)C(=O)N1 1.0000000 1.0000 0.8495469 0.8495 0.8309680 3.9626
 | 10.4540 55.9883 61.6136 0.9187651 CN1C(=O)CN(C=CC=CC(O)=C2C(=O)N=C(NCCO)NC2=O)C1=O 1 O=C1CN(C=CC=CC=C2C(=O)N=CNC2=O)C(=O)N1 1.0000000 1.0000 0.8355424 0.8355 0.8777660 3.7157
 | 19.9984 61.1382 46.3915 0.8400760 CNC1(N)NC(=O)C(=C(O)C=CC=CN2CC=CC2=O)O1 1 O=C1NCOC1=CC=CC=CN1CC=CC1=O 1.0000000 1.0000 0.8221446 0.8221 0.5643040 4.8315
 | 16.9216 56.9146 48.2541 0.8216307 CC1NNC(=O)C1=C(O)C=CC=CN1CNCC1=N 1 N=C1CNCN1C=CC=CC=C1CNNC1=O 1.0000000 1.0000 0.7963720 0.7964 0.5310062 4.9191
 | 12.3500 61.5785 49.0936 0.8646257 O=c1[nH]c(=O)c(=CCl)c(=C(O)C=CC=CN2CC(O)C(O)C2)c(=O)[nH]1 1 C=c1c(=O)[nH]c(=O)[nH]c(=O)c1=CC=CC=CN1CCCC1 1.0000000 1.0000 0.8650726 0.8651 0.6004900 4.7345
 | 8.6387 52.9354 -52.9354 0.0000000 C=c1c(=O)c1=C(O)C=CC=C(C)N(CCO)CCO 1 C=c1c(=C)c1=O 1.0000000 1.0000 0.8641019 0.8641 0.8826418 3.6856
 | 13.2819 61.6534 52.0687 0.8884539 CN1CN(C=CC=CC(O)=C2NNNNC2=O)C1 1 O=C1NNNNC1=CC=CC=CN1CNC1 1.0000000 1.0000 0.8647548 0.8648 0.6930594 4.4694
 | 28.1706 75.5622 21.9761 0.7620174 O=C([O-])C1=C(CSC2=NCCS2)C(=O)C2C(=C(O)C=CC=CN3CCC(O)C(O)C3)C(=O)NC(=O)N12 1 O=C1NC(=O)N2C=C(CSC3=NCCS3)C(=O)C2C1=CC=CC=CN1CCCCC1 1.0000000 1.0000 0.7164252 0.7164 0.4302953 5.1828
 | 9.9445 55.8338 -55.8338 0.0000000 C=c1c(=O)[nH][nH]c(=O)c1=C(O)C=CC=CN(CCO)CCO 1 C=c1c(=O)[nH][nH]c(=O)c1=C 1.0000000 1.0000 0.8939878 0.8940 0.8289852 3.9717
01:54:03 <INFO> Sampled SMILES S=C1NC(=O)C(=C(O)C=CC=CN2CC[N+](=O)(C)CC2=O)C1=COC failed to sanitize.
01:54:03 <INFO> Sampled SMILES O=C1C(=C(O)C=CC=CN2NC(=O)CO2)OC1=C(O)C=CN1CC[N+](=O)(=O)C=C1 failed to sanitize.
01:54:03 <INFO> Score: 0.70 Agent NLL: 14.88 Valid:  98% Step: 232
 | Agent Prior Target Score SMILES SMILES_state Scaffold DASA DASA (raw) Solubility Solubility (raw) SA SA (raw)
 | 17.3109 70.8582 37.7744 0.8486919 O=C1NC2C(=NOC2OCCCO)C1=C(O)C=CC=CN1CCC1=O 1 O=C1NC2CON=C2C1=CC=CC=CN1CCC1=O 1.0000000 1.0000 0.7714254 0.7714 0.6655390 4.5518
 | 22.3640 68.5686 2.7144 0.5568985 CN(C)C=NC(O)=C1C(=O)Nc2ccccc2N1C=CC=CC(O)=C1C(=O)Nc2ccccc21 1 C=C1C(=O)Nc2ccccc2N1C=CC=CC=C1C(=O)Nc2ccccc21 1.0000000 1.0000 0.1843656 0.1844 0.8920403 3.6243
 | 10.6542 21.9728 -21.9549 0.0001402 O=C1CC(c2ccccc2)C(=O)NN1 1 O=C1CC(c2ccccc2)C(=O)NN1 0.0000000 0.0000 0.7530233 0.7530 0.9677768 2.7836
 | 25.9409 61.2325 39.2486 0.7850084 COC1NN(C)C(=S)N1C=CC=CC(O)=C1C(=O)C(=O)C1(C)C 1 O=C1CC(=CC=CC=CN2CNNC2=S)C1=O 1.0000000 1.0000 0.6438438 0.6438 0.6063510 4.7186
 | 14.2818 50.3457 64.3626 0.8961583 O=C1NN=CC1=C(O)C=CC=CN1CCNCC1 1 O=C1NN=CC1=CC=CC=CN1CCNCC1 1.0000000 1.0000 0.7943362 0.7943 0.8414190 3.9129
 | 11.3803 57.4804 54.9312 0.8782156 CN1CN(C=CC=CC(O)=C2OC(O)CNC2=O)C(=O)C1=O 1 O=C1NCN(C=CC=CC=C2OCCNC2=O)C1=O 1.0000000 1.0000 0.8419501 0.8420 0.6833684 4.4988
 | 12.3977 62.0574 52.1286 0.8920785 O=C1CCN(C=CC=CC(O)=C2C(=O)NNC(O)NC2=O)C(=O)N1 1 O=C1CCN(C=CC=CC=C2C(=O)NCNNC2=O)C(=O)N1 1.0000000 1.0000 0.8640189 0.8640 0.7090886 4.4196
 | 8.9304 60.8951 58.3158 0.9313351 C=c1c(=C(O)C=CC=CN2C(=O)CNC(=O)C2=O)c(=O)[nH]c(=O)n1C 1 C=c1[nH]c(=O)[nH]c(=O)c1=CC=CC=CN1C(=O)CNC(=O)C1=O 1.0000000 1.0000 0.8960178 0.8960 0.8341653 3.9476
 | 13.0600 61.9154 53.2691 0.8998788 C=c1[nH]c(=O)n(CC)c(=O)c1=C(O)C=CC=CN1CCCC1=O 1 C=c1[nH]c(=O)[nH]c(=O)c1=CC=CC=CN1CCCC1=O 1.0000000 1.0000 0.7788679 0.7789 0.8900298 3.6378
 | 35.3444 94.2620 14.1351 0.8468525 CC(C)=C(N=C1C(=O)C(=C(O)C=CC=CN2C(=O)CCC2=O)C1=NN)NN 1 N=C1C(=N)C(=CC=CC=CN2C(=O)CCC2=O)C1=O 1.0000000 1.0000 0.7139277 0.7139 0.7535218 4.2720
01:54:04 <INFO> Score: 0.66 Agent NLL: 15.64 Valid: 100% Step: 233
 | Agent Prior Target Score SMILES SMILES_state Scaffold DASA DASA (raw) Solubility Solubility (raw) SA SA (raw)
 | 12.4342 53.1218 60.7874 0.8899154 N=C1N=C(N)NC(=O)C1=C(O)C=CC=CN1CCCNC1=O 1 N=C1N=CNC(=O)C1=CC=CC=CN1CCCNC1=O 1.0000000 1.0000 0.7733196 0.7733 0.8500655 3.8697
 | 32.7593 95.7929 -11.8345 0.6559252 COC(=O)N1CSCN1C=CC=CC(O)=C1C(=O)NC(=N)C1=C(Br)C=CC=CN1CCNC(=O)C1 1 N=C1NC(=O)C(=CC=CC=CN2CSCN2)C1=CC=CC=CN1CCNC(=O)C1 1.0000000 1.0000 0.3719883 0.3720 0.6166784 4.6903
 | 9.8041 49.1967 -49.1967 0.0000000 O=C1NC(=O)C1=C(O)C=CC=CN(CCO)CCO 1 C=C1C(=O)NC1=O 1.0000000 1.0000 0.8679687 0.8680 0.9197841 3.4109
 | 7.8294 41.0554 -41.0554 0.0000000 O=C1Nc2ccccc2C1=C(O)C=CC=CN(CCO)CCO 1 C=C1C(=O)Nc2ccccc21 1.0000000 1.0000 0.6322447 0.6322 0.9455110 3.1410
 | 16.0606 57.3523 46.3681 0.8103157 C=c1o[nH]c(=O)c1=C(O)C=CC=CN1CC(C)CN1 1 C=c1o[nH]c(=O)c1=CC=CC=CN1CCCN1 1.0000000 1.0000 0.7886177 0.7886 0.5022480 4.9941
 | 10.9374 54.8968 60.8106 0.9039641 C=c1[nH]c(=O)c(=C(O)C=CC=CN2CCCNC2=O)c(=O)[nH]1 1 C=c1[nH]c(=O)c(=CC=CC=CN2CCCNC2=O)c(=O)[nH]1 1.0000000 1.0000 0.8233391 0.8233 0.8270485 3.9806
 | 19.8032 60.3022 41.0185 0.7915678 CC1(O)C(=O)NC(=O)C(=C(O)C=CC=CN2CCCC2=CF)C1O 1 C=C1CCCN1C=CC=CC=C1CCC(=O)NC1=O 1.0000000 1.0000 0.6817436 0.6817 0.5730939 4.8082
 | 12.2896 53.6532 -53.6532 0.0000000 O=C1CN(C=CC=CC(O)=C2C(=O)NC(=O)NC2C(=O)O)CCN1 1 O=C1CN(C=CC=CC=C2CNC(=O)NC2=O)CCN1 1.0000000 1.0000 0.8311404 0.8311 0.8009551 4.0930
 | 14.2644 56.7143 53.2261 0.8589097 C=c1[nH]c(=O)[nH]c(=O)c1=C(O)C=CC=CN1CNc2ccccc21 1 C=c1[nH]c(=O)[nH]c(=O)c1=CC=CC=CN1CNc2ccccc21 1.0000000 1.0000 0.6878756 0.6879 0.8661278 3.7837
 | 10.2577 58.0581 -58.0581 0.0000000 CN1C(=O)CN(C=CC=CC(O)=C2C(=O)NC(=O)N(C)C2=O)C(=O)C1=O 1 O=C1CN(C=CC=CC=C2C(=O)NC(=O)NC2=O)C(=O)C(=O)N1 1.0000000 1.0000 0.8221351 0.8221 0.9168015 3.4368
01:54:05 <INFO> Score: 0.70 Agent NLL: 16.11 Valid: 100% Step: 234
 | Agent Prior Target Score SMILES SMILES_state Scaffold DASA DASA (raw) Solubility Solubility (raw) SA SA (raw)
 | 8.0092 44.3698 -44.3698 0.0000000 O=C1CN(C=CC=CC(O)=C2SC(=O)NC2=O)C(=O)CN1 1 O=C1CN(C=CC=CC=C2SC(=O)NC2=O)C(=O)CN1 1.0000000 1.0000 0.7656913 0.7657 0.8555952 3.8410
 | 15.0936 64.7526 42.8421 0.8405834 O=C1NNC(=O)C1=c1[nH]c(=O)[nH]c(=O)c1=C(O)C=CC=CN1CC(O)C(O)C(O)C1CO 1 O=C1NNC(=O)C1=c1[nH]c(=O)[nH]c(=O)c1=CC=CC=CN1CCCCC1 1.0000000 1.0000 0.9503155 0.9503 0.4393196 5.1589
 | 13.0692 57.8787 53.3231 0.8687637 CC1CN(C=CC=CC(O)=C2C(=O)NCCC(=O)NC2=O)C(=O)O1 1 O=C1CCNC(=O)C(=CC=CC=CN2CCOC2=O)C(=O)N1 1.0000000 1.0000 0.7407352 0.7407 0.8078367 4.0645
 | 30.1520 99.1687 -3.9809 0.7436548 CN(C)CC1NC(=O)C(C(=O)O)N(C=CC=CC(O)=C2N(C=CC=CC(O)=C3C(=O)NC(=N)NC3=O)CNC(=O)N2C)C1=O 1 N=C1NC(=O)C(=CC=CC=CN2CNC(=O)NC2=CC=CC=CN2CC(=O)NCC2=O)C(=O)N1 1.0000000 1.0000 0.7232103 0.7232 0.3723804 5.3401
 | 12.6603 55.1728 60.6404 0.9047906 C=c1c(=O)c(=O)c(=O)c1=C(O)C=CC=CN1CCC(C(=O)O)C1 1 C=c1c(=O)c(=O)c(=O)c1=CC=CC=CN1CCCC1 1.0000000 1.0000 0.8487383 0.8487 0.7879946 4.1447
 | 19.2899 92.2660 16.8797 0.8527008 CC(C=CN1CC(C(=O)O)OCC1=O)=C1C(=O)NC(=O)C1=C(O)C=CC=CN1CC(=O)N(CCO)C(=O)C1=O 1 O=C1CN(C=CC=CC=C2C(=O)NC(=O)C2=CC=CN2CCOCC2=O)C(=O)C(=O)N1 1.0000000 1.0000 0.7795401 0.7795 0.6698310 4.5392
 | 9.6864 59.9855 53.9380 0.8900271 CC(=O)OC=C1C(=O)NC(=O)C1=C(O)C=CC=CN1CC(=O)NCCC1=O 1 C=C1C(=O)NC(=O)C1=CC=CC=CN1CC(=O)NCCC1=O 1.0000000 1.0000 0.7621004 0.7621 0.8726613 3.7462
 | 19.4818 50.9647 60.3548 0.8696835 CC1CNCCN1C=CC=CC(O)=C1C(=O)NC(=O)OC1=O 1 O=C1NC(=O)C(=CC=CC=CN2CCNCC2)C(=O)O1 1.0000000 1.0000 0.7529150 0.7529 0.7894797 4.1389
 | 21.4644 71.9456 46.7453 0.9272727 C=c1c(=O)[nH]c(=O)[nH]c(=O)c1=C(O)C=CC=CNC(=O)CNC(=O)C(CO)OC(C)=O 1 C=c1c(=O)[nH]c(=O)[nH]c(=O)c1=C 1.0000000 1.0000 0.9174612 0.9175 0.7821871 4.1672
 | 12.2333 55.7987 58.9738 0.8966602 CN1CN(C=CC=CC(O)=C2C(=O)NC(N)=NC2O)C(=O)C1=O 1 O=C1NCN(C=CC=CC=C2CN=CNC2=O)C1=O 1.0000000 1.0000 0.8687068 0.8687 0.7215530 4.3797
01:54:06 <INFO> Score: 0.69 Agent NLL: 15.98 Valid: 100% Step: 235
 | Agent Prior Target Score SMILES SMILES_state Scaffold DASA DASA (raw) Solubility Solubility (raw) SA SA (raw)
 | 13.2668 58.5665 45.5242 0.8132084 CC(=O)N1NC(=O)C(=C(O)C=CC=CN2CN(C)C(=O)C2=CBr)N1 1 C=C1C(=O)NCN1C=CC=CC=C1NNNC1=O 1.0000000 1.0000 0.6693864 0.6694 0.6817499 4.5037
 | 10.1682 53.5196 65.0421 0.9262638 CC(C=CN(CCO)CCO)=CC(O)=C1C(=O)NC(=O)NC(=O)C1=O 1 C=C1C(=O)NC(=O)NC(=O)C1=O 1.0000000 1.0000 0.8448241 0.8448 0.8984959 3.5795
 | 8.4359 49.0265 -49.0265 0.0000000 CN1CN(C=CC=CC(O)=C2C(=O)NC(=O)N2C)C(=O)C1=O 1 O=C1NC(=O)C(=CC=CC=CN2CNC(=O)C2=O)N1 1.0000000 1.0000 0.8018283 0.8018 0.8587970 3.8239
 | 22.5508 63.5629 44.7528 0.8462163 O=C1NC(=CC=NN2CCC2)CCC1=C(O)C=CC=CN(CCO)CCO 1 C=C1CCC(=CC=NN2CCC2)NC1=O 1.0000000 1.0000 0.6911840 0.6912 0.7943070 4.1198
 | 15.9087 61.9516 46.3995 0.8464929 C=C1C(=O)N(C)C(=O)C1=C(O)C=CC=CN1CC(O)C(O)C1N 1 C=C1C(=O)NC(=O)C1=CC=CC=CN1CCCC1 1.0000000 1.0000 0.8248331 0.8248 0.5839580 4.7791
 | 11.9432 62.7269 -62.7269 0.0000000 CC(C)=C1C(=O)N(C)C(=O)C1=C(O)C=CC=CN1CC(CN)OC1=O 1 C=C1C(=O)NC(=O)C1=CC=CC=CN1CCOC1=O 1.0000000 1.0000 0.6397073 0.6397 0.8024868 4.0867
 | 24.7503 73.8691 26.2366 0.7820760 CN1CN(C=CC=CC(O)=c2c(=O)[nH]n3c(=C4CC4)onc23)c2ccccc21 1 O=c1[nH]n2c(=C3CC3)onc2c1=CC=CC=CN1CNc2ccccc21 1.0000000 1.0000 0.5397133 0.5397 0.8096018 4.0571
 | 8.2907 58.9902 60.7906 0.9357878 NC1=NC(=O)C(=C(O)C=CC=CN2CC(=O)NC(=O)C2=O)C(=O)NN1 1 O=C1CN(C=CC=CC=C2C(=O)N=CNNC2=O)C(=O)C(=O)N1 1.0000000 1.0000 0.9010094 0.9010 0.8470420 3.8850
 | 12.5274 60.1426 51.8418 0.8748785 COC(=O)N1CN(C=CC=CC(O)=C2NN=CNC2=O)CC1=O 1 O=C1CN(C=CC=CC=C2NN=CNC2=O)CN1 1.0000000 1.0000 0.7869356 0.7869 0.7539318 4.2706
 | 17.9320 68.7376 37.0269 0.8262859 C=c1[nH]c(=O)[nH]c(=O)c1=C(O)C=CC=CN1CN(C)C(=O)C1=NC(=O)C(=NOCC)c1csc(=N)[nH]1 1 C=c1[nH]c(=O)[nH]c(=O)c1=CC=CC=CN1CNC(=O)C1=NC(=O)C(=N)c1csc(=N)[nH]1 1.0000000 1.0000 0.7466840 0.7467 0.6122726 4.7024
01:54:07 <INFO> Score: 0.73 Agent NLL: 15.49 Valid: 100% Step: 236
 | Agent Prior Target Score SMILES SMILES_state Scaffold DASA DASA (raw) Solubility Solubility (raw) SA SA (raw)
 | 14.1973 59.3259 54.1611 0.8866176 CC1(C)NC(=O)C(=C(O)C=CC=CN2CC(=O)NCC2=O)NS1(=O)=O 1 O=C1CN(C=CC=CC=C2NS(=O)(=O)CNC2=O)C(=O)CN1 1.0000000 1.0000 0.8078370 0.8078 0.7723235 4.2043
 | 15.6279 66.8176 38.7458 0.8247139 Cc1cccc[n+]1CC=CC=c1[nH]c(=O)c(=C(O)C=CC=CN2CCC(=O)N2)n1C 1 O=C1CCN(C=CC=CC=c2[nH]c(=CC=CC[n+]3ccccc3)[nH]c2=O)N1 1.0000000 1.0000 0.6847480 0.6847 0.7053642 4.4313
 | 12.7113 53.2664 58.8206 0.8756792 CN1CCN(C=CC=CC(O)=C2OCCN(C)C2=O)C1 1 O=C1NCCOC1=CC=CC=CN1CCNC1 1.0000000 1.0000 0.7252384 0.7252 0.8739166 3.7388
 | 21.2984 25.1099 -25.0912 0.0001462 CC(=O)C1=NS(=O)(=O)N(C)C1=O 1 O=C1C=NS(=O)(=O)N1 0.0000000 0.0000 0.8775520 0.8776 0.9218321 3.3926
 | 17.2084 67.0285 31.2579 0.7678625 CCN1C(=N)N(C=CC=CC(O)=C2CCSC(=N)NC2=O)CN(C)C1=O 1 N=C1NC(=O)C(=CC=CC=CN2CNC(=O)NC2=N)CCS1 1.0000000 1.0000 0.5410816 0.5411 0.7320288 4.3453
 | 13.4135 56.0323 47.8878 0.8118758 O=C1NNC(=O)C(=C(O)C=CC=CN2CC=C(c3ccccc3)CC2)C1=O 1 O=C1NNC(=O)C(=CC=CC=CN2CC=C(c3ccccc3)CC2)C1=O 1.0000000 1.0000 0.5615540 0.5616 0.9191477 3.4165
 | 13.4117 56.2725 61.0118 0.9162835 CCOC(=O)NC1=NC(=O)C(=C(O)C=CC=CN2CC(=O)NC(=O)C2=O)C(=O)N1 1 O=C1CN(C=CC=CC=C2C(=O)N=CNC2=O)C(=O)C(=O)N1 1.0000000 1.0000 0.8210437 0.8210 0.8923103 3.6225
 | 10.0828 58.4351 48.6165 0.8363405 O=C1NCC(=O)N(C=CC=CC(O)=C2CC(=CBr)NC2=O)C1=O 1 C=C1CC(=CC=CC=CN2C(=O)CNC(=O)C2=O)C(=O)N1 1.0000000 1.0000 0.6883366 0.6883 0.7522458 4.2765
 | 21.8890 76.7003 22.3498 0.7738291 CC1=C2C(O)C(=C(O)C=CC=CN3CNC(=O)N(C)C3=O)C(=O)NC2(N2CCCC2)C(=O)C1=O 1 O=C1NCN(C=CC=CC=C2CC3=CC(=O)C(=O)C3(N3CCCC3)NC2=O)C(=O)N1 1.0000000 1.0000 0.6681824 0.6682 0.5270115 4.9295
 | 14.3470 56.4498 52.8024 0.8535328 CC1COC(=C(O)C=CC=CN2CC(O)C2)C(=O)N1C 1 O=C1NCCOC1=CC=CC=CN1CCC1 1.0000000 1.0000 0.7366392 0.7366 0.7433786 4.3071
01:54:07 <INFO> Sampled SMILES N1C(=O)C(=C(O)C=CC=CN2)=C(OC)C(=O)C(N)=C2OC(=N)C1C(O)=O failed to sanitize.
01:54:07 <INFO> Score: 0.76 Agent NLL: 16.30 Valid:  99% Step: 237
 | Agent Prior Target Score SMILES SMILES_state Scaffold DASA DASA (raw) Solubility Solubility (raw) SA SA (raw)
 | 25.8310 66.7765 31.8156 0.7702500 CC(C=CN1CC1NCCc1ccccc1)=CC(O)=C1CNC(=O)N(C)C1=O 1 O=C1NCC(=CC=CC=CN2CC2NCCc2ccccc2)C(=O)N1 1.0000000 1.0000 0.5064221 0.5064 0.8354480 3.9416
 | 8.5208 55.6762 62.4114 0.9225595 CN1C(=N)NC(=O)C(=C(O)C=CC=CN2CC(=O)NC(=O)C2=O)C1=O 1 N=C1NC(=O)C(=CC=CC=CN2CC(=O)NC(=O)C2=O)C(=O)N1 1.0000000 1.0000 0.8575565 0.8576 0.8570592 3.8332
 | 21.9640 75.4883 28.1121 0.8093783 N=C1NNC(=O)C1=c1[nH]c(=O)c(=C(O)C=CC=CN2CC(CO)C=C2N)o1 1 N=C1NNC(=O)C1=c1[nH]c(=O)c(=CC=CC=CN2C=CCC2)o1 1.0000000 1.0000 0.8719524 0.8720 0.4187292 5.2137
 | 14.7059 23.4551 -23.4365 0.0001455 CN(C)C1=C(N2CCOCC2)C(=O)N(C)C1=O 1 O=C1C=C(N2CCOCC2)C(=O)N1 0.0000000 0.0000 0.8425534 0.8426 0.9664594 2.8106
 | 15.6102 69.1630 37.9490 0.8368125 CC1=NCN(C=CC=CC(O)=C2OC(CO)C(=O)N(C)C2=O)C(=O)N1 1 O=C1COC(=CC=CC=CN2CN=CNC2=O)C(=O)N1 1.0000000 1.0000 0.7580664 0.7581 0.6372507 4.6329
 | 9.3175 60.1776 58.0497 0.9236507 C=c1nc(N)[nH]c(=O)c1=C(O)C=CC=CN1CC(=O)N(C)C(=O)C1=O 1 C=c1nc[nH]c(=O)c1=CC=CC=CN1CC(=O)NC(=O)C1=O 1.0000000 1.0000 0.8710854 0.8711 0.8390920 3.9242
 | 13.8908 57.0188 53.8245 0.8659632 C[N+](C)(C)C1CCN(C=CC=CC(O)=C2C(=O)NC2=O)C1=O 1 O=C1NC(=O)C1=CC=CC=CN1CCCC1=O 1.0000000 1.0000 0.7696017 0.7696 0.7428591 4.3089
 | 12.2601 35.1331 -35.1150 0.0001409 COC(=O)C1C(C)=NC(=O)NC1=C1C(=O)NC(=S)NC1=O 1 O=C1N=CCC(=C2C(=O)NC(=S)NC2=O)N1 0.0000000 0.0000 0.8192867 0.8193 0.8576013 3.8303
 | 11.8354 60.4664 52.5858 0.8832202 CC(C)=C1C(=O)NC(=O)C1=C(O)C=CC=CN1C(=O)NC(=O)C1=O 1 C=C1C(=O)NC(=O)C1=CC=CC=CN1C(=O)NC(=O)C1=O 1.0000000 1.0000 0.7381644 0.7382 0.8863277 3.6621
 | 14.6354 57.0013 49.3652 0.8309880 O=C1C(O)=CCC1=C(O)C=CC=CN1C(=O)COC1=O 1 O=C1C=CCC1=CC=CC=CN1C(=O)COC1=O 1.0000000 1.0000 0.6523694 0.6524 0.7989299 4.1013
01:54:08 <INFO> Score: 0.75 Agent NLL: 15.93 Valid:  99% Step: 238
 | Agent Prior Target Score SMILES SMILES_state Scaffold DASA DASA (raw) Solubility Solubility (raw) SA SA (raw)
 | 16.3965 56.8859 54.7772 0.8723679 CCn1[nH]c(=O)c(=C(O)C=CC=CN(CCO)CCO)c1=C1C=CN(C)C=C1 1 C=c1c(=O)[nH][nH]c1=C1C=CNC=C1 1.0000000 1.0000 0.7658038 0.7658 0.7788749 4.1798
 | 12.5705 55.6048 60.7521 0.9090384 COCCN1C(=O)NC(=O)C1=C(O)C=CC=CN1C(=O)NC(=O)C1=O 1 O=C1NC(=O)C(=CC=CC=CN2C(=O)NC(=O)C2=O)N1 1.0000000 1.0000 0.8051252 0.8051 0.8857185 3.6660
 | 12.9281 57.0104 52.1742 0.8530052 CN1NC(=O)C(=C(O)C=CC=CN2CC(O)C(O)C2=O)CC1=O 1 O=C1CC(=CC=CC=CN2CCCC2=O)C(=O)NN1 1.0000000 1.0000 0.8466369 0.8466 0.5807993 4.7876
 | 29.7107 70.7084 26.3044 0.7579129 CC1=C(C)N2C(=O)NC(=O)C(=C(O)C=CC=CN3CCC(C(=O)O)N(C)C3=O)C2O1 1 O=C1NC(=O)N2C=COC2C1=CC=CC=CN1CCCNC1=O 1.0000000 1.0000 0.5587141 0.5587 0.6462783 4.6074
 | 10.0208 23.0330 -23.0150 0.0001412 CN1CCN(C=C2C(=O)OC(C)(C)OC2=O)CC1 1 O=C1OCOC(=O)C1=CN1CCNCC1 0.0000000 0.0000 0.7732569 0.7733 0.9588420 2.9491
 | 12.6882 51.2893 59.0419 0.8619626 O=C1NC(=O)N(C=CC=CC(O)=C2C(=O)NC(=O)c3ccccc32)C1=O 1 O=C1NC(=O)N(C=CC=CC=C2C(=O)NC(=O)c3ccccc32)C1=O 1.0000000 1.0000 0.6660589 0.6661 0.9336136 3.2779
 | 14.4462 59.6640 39.8351 0.7773369 CN1c2ccccc2C2(C)NC(=O)C(=C(O)C=CC=CN3CC(O)C3=O)C12 1 O=C1NC2c3ccccc3NC2C1=CC=CC=CN1CCC1=O 1.0000000 1.0000 0.6018221 0.6018 0.6480814 4.6022
 | 11.5296 58.2309 53.6083 0.8737439 O=C1N=C(N=CN2CCSCC2)NC(=O)C1=C(O)C=CC=CN(CCO)CCO 1 C=C1C(=O)N=C(N=CN2CCSCC2)NC1=O 1.0000000 1.0000 0.7638253 0.7638 0.7889095 4.1412
 | 7.9772 61.0229 -61.0229 0.0000000 C=c1c(=O)[nH]c(=O)[nH]c(=O)c1=C(O)C=CC=CN1CC(O)C1 1 C=c1c(=O)[nH]c(=O)[nH]c(=O)c1=CC=CC=CN1CCC1 1.0000000 1.0000 0.8870592 0.8871 0.8489828 3.8752
 | 24.0025 117.1452 -9.2849 0.8426589 C=NC(C=O)=C1C(=O)N(C)CN1C=CC=CC(O)=c1c(=O)[nH]c(=O)[nH]c(=O)c1=C(O)C=CC=CN1CC1 1 C=C1C(=O)NCN1C=CC=CC=c1c(=O)[nH]c(=O)[nH]c(=O)c1=CC=CC=CN1CC1 1.0000000 1.0000 0.7751643 0.7752 0.6356717 4.6374
01:54:09 <INFO> Sampled SMILES O=C1C(=C(O)C=CC=CN2SC(=C(O)C=CC=[O-])OC2=O)OC(C)(O)C1NC(=O)C failed to sanitize.
01:54:09 <INFO> Score: 0.71 Agent NLL: 15.82 Valid:  99% Step: 239
 | Agent Prior Target Score SMILES SMILES_state Scaffold DASA DASA (raw) Solubility Solubility (raw) SA SA (raw)
 | 16.2476 96.1646 12.9737 0.8526435 CC(C=CN(CCO)CCO)=CC(O)=C1COC(=O)C(=C(O)C=CC=CN2CC(=O)N(CCO)CC2=O)C(=O)N1 1 C=C1COC(=O)C(=CC=CC=CN2CC(=O)NCC2=O)C(=O)N1 1.0000000 1.0000 0.7364100 0.7364 0.7397244 4.3195
 | 13.5848 65.4577 48.3401 0.8890451 CN1CCCN(C2=NC(=O)C(=C(O)C=CC=CN3CC(O)C3=O)C(=O)N2)CC1 1 O=C1N=C(N2CCCNCC2)NC(=O)C1=CC=CC=CN1CCC1=O 1.0000000 1.0000 0.7870084 0.7870 0.8201360 4.0116
 | 21.8513 73.9784 18.3395 0.7212332 C=C1C=CC(=O)C1=C(O)C=CC=CN1SC(=C(N)C=CC=NO)C1=O 1 C=C1C=CC(=O)C1=CC=CC=CN1SC(=C)C1=O 1.0000000 1.0000 0.4796175 0.4796 0.6506255 4.5949
 | 13.2472 65.7780 49.2082 0.8983294 O=C1COC(=O)N1C=CC=CC(O)=c1c(=O)[nH]c(=C(O)O)[nH]c1=O 1 C=c1[nH]c(=O)c(=CC=CC=CN2C(=O)COC2=O)c(=O)[nH]1 1.0000000 1.0000 0.8438140 0.8438 0.7666641 4.2251
 | 31.0145 83.0061 14.5581 0.7622204 CC(=O)N1C(=O)C(=O)N1C=CC=CC(O)=C1C(=O)NC12C(N)C(=O)NC2C(=O)O 1 O=C1CC2(CN1)NC(=O)C2=CC=CC=CN1NC(=O)C1=O 1.0000000 1.0000 0.8856436 0.8856 0.2973170 5.5603
 | 29.9754 85.2145 -85.2145 0.0000000 O=C1C(=C(O)C=CC=CN2SC(=C(O)C=CC=[O-])OC2=O)OC(C)(O)C1NC(=O)C 0 -- 0.0000000 0.0000 0.0000000 0.0000 0.0000000 0.0000
 | 9.0502 64.6883 52.4289 0.9149780 O=C1CNC(=O)C(=C(O)C=CC=CN2CC(O)C2=O)C(=O)N1 1 O=C1CNC(=O)C(=CC=CC=CN2CCC2=O)C(=O)N1 1.0000000 1.0000 0.8767146 0.8767 0.7895945 4.1385
 | 19.8242 65.1752 44.5045 0.8568728 O=C1CC(=c2[nH]c(=S)[nH]c(=O)c2=C(O)C=CC=CN2CCC(CO)CC2)C(=O)O1 1 O=C1CC(=c2[nH]c(=S)[nH]c(=O)c2=CC=CC=CN2CCCCC2)C(=O)O1 1.0000000 1.0000 0.7011993 0.7012 0.8271578 3.9801
 | 22.3320 81.3263 26.6284 0.8433962 O=c1[nH]c(=CC=CN(CCO)C[N+](=O)[O-])[nH]c(=O)c1=C(O)C=CC=CN1CCCOS1(=O)=O 1 C=c1[nH]c(=O)c(=CC=CC=CN2CCCOS2(=O)=O)c(=O)[nH]1 1.0000000 1.0000 0.8239447 0.8239 0.5739111 4.8060
 | 15.1314 67.2124 -67.2124 0.0000000 CN(C=CC(O)=CC(O)=C1C(=O)NNC1=O)CCO 1 C=C1C(=O)NNC1=O 1.0000000 1.0000 0.8566004 0.8566 0.8335848 3.9504
01:54:10 <INFO> Score: 0.74 Agent NLL: 15.92 Valid: 100% Step: 240
 | Agent Prior Target Score SMILES SMILES_state Scaffold DASA DASA (raw) Solubility Solubility (raw) SA SA (raw)
 | 13.6650 55.8154 58.6542 0.8942935 C=c1c(=O)c1=C(O)C=CC=CN1CCC(C(=O)O)C1=O 1 C=c1c(=O)c1=CC=CC=CN1CCCC1=O 1.0000000 1.0000 0.8308478 0.8308 0.7693211 4.2154
 | 17.0013 75.3158 35.3695 0.8647290 Cc1cc(=C2NC(=O)NC2=O)[nH]c(=O)c1=C(O)C=CC=CN1CC(=O)N(CCCCNCCCCN)C1=S 1 O=C1CN(C=CC=CC=c2ccc(=C3NC(=O)NC3=O)[nH]c2=O)C(=S)N1 1.0000000 1.0000 0.7229105 0.7229 0.8226635 4.0004
 | 14.1118 59.8113 53.4501 0.8848543 N=C1NC(=O)C(=C(O)C=CC=CN2CC(=O)NCC2=O)CCO1 1 N=C1NC(=O)C(=CC=CC=CN2CC(=O)NCC2=O)CCO1 1.0000000 1.0000 0.7914272 0.7914 0.7922415 4.1281
 | 12.6775 61.0729 51.9155 0.8827221 C=c1[nH]c(=O)c(=C(O)C=CC=CN2CC(CO)OC2=O)c(=O)[nH]1 1 C=c1[nH]c(=O)c(=CC=CC=CN2CCOC2=O)c(=O)[nH]1 1.0000000 1.0000 0.8529939 0.8530 0.6861525 4.4904
 | 12.0675 74.4575 41.5306 0.9061569 CN1CN(C=CC=CC(O)=C2C(=O)NC(=O)C2=C2C(=O)NNC2=O)C1=O 1 O=C1NC(=O)C(=C2C(=O)NNC2=O)C1=CC=CC=CN1CNC1=O 1.0000000 1.0000 0.8291938 0.8292 0.8273127 3.9794
 | 8.9352 58.0716 60.1733 0.9237879 C=c1c(=O)c1=C(O)C=CC=CN1CC(=O)NCCC1=O 1 C=c1c(=O)c1=CC=CC=CN1CC(=O)NCCC1=O 1.0000000 1.0000 0.8569395 0.8569 0.8641552 3.7947
 | 14.1610 53.1613 55.9733 0.8526136 CN1C(=O)NC(=N)C(=C(O)C=CC=CN2CCCC2)C1=O 1 N=C1NC(=O)NC(=O)C1=CC=CC=CN1CCCC1 1.0000000 1.0000 0.6584739 0.6585 0.8995116 3.5722
 | 13.3704 58.4036 30.3700 0.6935437 CC1=NC(=CBr)N(C=CC=CC(O)=C2NS(=O)ONC2=O)CN1 1 C=C1N=CNCN1C=CC=CC=C1NS(=O)ONC1=O 1.0000000 1.0000 0.6339699 0.6340 0.3251004 5.4758
 | 18.6908 69.2452 28.8194 0.7661303 CC(C)=CCN1C(=O)N(C)CN(C=CC=CC(O)=C2C(=O)NC(C)C(=O)C2O)C1=O 1 O=C1CNC(=O)C(=CC=CC=CN2CNC(=O)NC2=O)C1 1.0000000 1.0000 0.5894428 0.5894 0.6227529 4.6735
 | 10.9376 62.9592 46.3035 0.8536145 NC1=NC2C(=C(O)C=CC=CN3C(=O)CNC(=O)C3=O)C(=O)NC2N1 1 O=C1NCC(=O)N(C=CC=CC=C2C(=O)NC3NC=NC23)C1=O 1.0000000 1.0000 0.8918101 0.8918 0.5322891 4.9157
01:54:11 <INFO> Score: 0.75 Agent NLL: 16.99 Valid: 100% Step: 241
 | Agent Prior Target Score SMILES SMILES_state Scaffold DASA DASA (raw) Solubility Solubility (raw) SA SA (raw)
 | 20.1188 63.5062 24.6216 0.6884986 C=CCC1=CCN(C=CC=CC(O)=C2OCC(=CBr)NC2=O)C1=O 1 C=C1COC(=CC=CC=CN2CC=CC2=O)C(=O)N1 1.0000000 1.0000 0.4079041 0.4079 0.6768845 4.5183
 | 9.3218 50.5166 -50.5166 0.0000000 CC(=O)NC1=NC(=O)C(=C(O)C=CC=CN(CCO)CCO)C(=O)N1 1 C=C1C(=O)N=CNC1=O 1.0000000 1.0000 0.8542934 0.8543 0.8979845 3.5831
 | 12.5108 62.2094 53.8593 0.9067864 CC(C)CNC1=NC(=O)C(=C(O)C=CC=CN2C(=O)CNC(=O)C2=O)C(=O)N1 1 O=C1N=CNC(=O)C1=CC=CC=CN1C(=O)CNC(=O)C1=O 1.0000000 1.0000 0.8066343 0.8066 0.8713989 3.7535
 | 29.2478 72.0873 28.6589 0.7870800 C=CCOC1N(C)C(=O)C2(O)C(=O)N(C=CC=CC(O)=C3C(=O)N(C)C(=O)c4ccccc43)CC(=O)N12 1 O=C1NC(=O)c2ccccc2C1=CC=CC=CN1CC(=O)N2CNC(=O)C2C1=O 1.0000000 1.0000 0.6154627 0.6155 0.6652670 4.5526
 | 27.5796 84.4212 28.8791 0.8851591 CCN1CN(C=CC(C)=CC(O)=c2c(=O)[nH]c(=O)[nH]c(=O)c2=CN2CC(O)C2)C1=S 1 O=c1[nH]c(=O)c(=CC=CC=CN2CNC2=S)c(=CN2CCC2)c(=O)[nH]1 1.0000000 1.0000 0.8111178 0.8111 0.7602651 4.2481
 | 23.6875 86.2055 19.7834 0.8280381 CN1C=CC(=CC=CN2CC(=O)NCC2=O)N(C=CC=CC(O)=C2C(=O)NNCCOC2=O)C1 1 O=C1CN(C=CC=C2C=CNCN2C=CC=CC=C2C(=O)NNCCOC2=O)C(=O)CN1 1.0000000 1.0000 0.7190997 0.7191 0.6612765 4.5642
 | 11.4664 60.9596 48.9166 0.8584076 CC(O)=C1C(=O)N(C=CC=CC(O)=C2OC(=N)NC2=O)C1=O 1 C=C1C(=O)N(C=CC=CC=C2OC(=N)NC2=O)C1=O 1.0000000 1.0000 0.7423193 0.7423 0.7557137 4.2643
 | 13.0222 63.7534 45.3783 0.8525915 CC(O)=C1C(=O)N(C)CN1C=CC=CC(O)=C1C(=O)NC(=N)OC1=O 1 C=C1C(=O)NCN1C=CC=CC=C1C(=O)NC(=N)OC1=O 1.0000000 1.0000 0.7218796 0.7219 0.7657322 4.2285
 | 15.1010 62.5751 45.0882 0.8411198 C=C1N(C=CC=CC(O)=C2C(=O)NC(=O)NC(=O)N2C)CN1CC 1 C=C1NCN1C=CC=CC=C1NC(=O)NC(=O)NC1=O 1.0000000 1.0000 0.6702143 0.6702 0.8121382 4.0463
 | 10.1661 78.6907 37.9993 0.9116409 O=C1C(=O)N(CCO)C(=O)CN1C=CC=CC(O)=c1c(=O)[nH]c(=CC=CN2CC2)[nH]c1=O 1 O=C1CN(C=CC=CC=c2c(=O)[nH]c(=CC=CN3CC3)[nH]c2=O)C(=O)C(=O)N1 1.0000000 1.0000 0.8816180 0.8816 0.7670687 4.2236
01:54:12 <INFO> Score: 0.71 Agent NLL: 17.22 Valid: 100% Step: 242
 | Agent Prior Target Score SMILES SMILES_state Scaffold DASA DASA (raw) Solubility Solubility (raw) SA SA (raw)
 | 14.4930 57.9362 54.5677 0.8789371 N=C1NC(=O)C(=C(O)C=CC=CN2CC(=O)NC(=O)C2O)N1 1 N=C1NC(=O)C(=CC=CC=CN2CC(=O)NC(=O)C2)N1 1.0000000 1.0000 0.8804371 0.8804 0.6346821 4.6402
 | 17.7164 73.1481 33.2868 0.8315234 CC(O)=C(C)N1C(=O)C(=C(O)C=CC=CN2C(=O)NCC2C(=O)O)C1=O 1 O=C1NC(=O)C1=CC=CC=CN1CCNC1=O 1.0000000 1.0000 0.6807605 0.6808 0.7440476 4.3048
 | 18.1847 75.5178 22.1787 0.7632542 CC1C(O)CCN1C=CC=CC(O)=c1c(=O)[nH]c(=S)[nH]c1=C1C(=O)N(C)C(=S)N(C)N1C 1 O=C1NC(=S)NNC1=c1[nH]c(=S)[nH]c(=O)c1=CC=CC=CN1CCCC1 1.0000000 1.0000 0.6694566 0.6695 0.4886511 5.0296
 | 27.5162 70.9202 34.2547 0.8216789 N=C1NC(=O)C(=C(O)C=CC=CN2CC(=O)NC(O)C2=O)C(N)CS1 1 N=C1NC(=O)C(=CC=CC=CN2CC(=O)NCC2=O)CCS1 1.0000000 1.0000 0.8269338 0.8269 0.4972930 5.0071
 | 27.0757 76.4355 27.9241 0.8153093 CCCCN1C=CN(C=CC=CC(O)=C2C(=O)N(N)NN=C2C)C1 1 O=C1NNN=CC1=CC=CC=CN1C=CNC1 1.0000000 1.0000 0.6300617 0.6301 0.7682847 4.2191
 | 19.8694 97.1151 6.4471 0.8090793 CN(C=CC=CC(O)=C1C(=O)ON(C=CC=CC(O)=C2OC(=NO)C2=O)C1=O)CCO 1 C=C1C(=O)ON(C=CC=CC=C2OC(=N)C2=O)C1=O 1.0000000 1.0000 0.6714808 0.6715 0.6601529 4.5675
 | 8.7020 55.3973 -55.3973 0.0000000 O=C1NC(=O)C(=C(O)C=CC=CN2C(=O)CNC(=O)C2=O)C1=O 1 O=C1NC(=O)C(=CC=CC=CN2C(=O)CNC(=O)C2=O)C1=O 1.0000000 1.0000 0.8830333 0.8830 0.8910117 3.6312
 | 14.1247 51.2340 65.1413 0.9091826 C=c1c(=O)c1=C(O)C=CC=CN1CCCC1=O 1 C=c1c(=O)c1=CC=CC=CN1CCCC1=O 1.0000000 1.0000 0.8053704 0.8054 0.8859843 3.6643
 | 21.9703 66.4634 37.4614 0.8119130 O=C1C(=c2[nH][nH]c(=O)c2=C(O)C=CC=CN2C=CC=C([N+](=O)[O-])C2)N(CCO)c2ccccc21 1 O=C1C(=c2[nH][nH]c(=O)c2=CC=CC=CN2C=CC=CC2)Nc2ccccc21 1.0000000 1.0000 0.6108714 0.6109 0.7934374 4.1233
 | 16.0103 64.9355 50.9071 0.9050197 NC(=O)N1CCC(=C(O)C=CC=CN2C(=O)CNC(=O)C2=O)C(=O)N1 1 O=C1NCC(=O)N(C=CC=CC=C2CCNNC2=O)C1=O 1.0000000 1.0000 0.8418378 0.8418 0.8003961 4.0953
01:54:12 <INFO> Sampled SMILES N1C(=O)C(=C(C=C(C=CN2CCNCC2)O)O)[nH]n1 failed to sanitize.
01:54:13 <INFO> Score: 0.76 Agent NLL: 16.85 Valid:  99% Step: 243
 | Agent Prior Target Score SMILES SMILES_state Scaffold DASA DASA (raw) Solubility Solubility (raw) SA SA (raw)
 | 7.1256 62.7168 -62.7168 0.0000000 N=C1NC(=O)C(=C(O)C=CC=CN2CC(=O)N(CCO)C(=O)C2=O)C(=O)N1 1 N=C1NC(=O)C(=CC=CC=CN2CC(=O)NC(=O)C2=O)C(=O)N1 1.0000000 1.0000 0.8823069 0.8823 0.8635888 3.7978
 | 13.9891 58.9768 47.5463 0.8322121 COC(=O)C1C(=N)OC(=C(O)C=CC=CN2CCC(N)C2=O)C(=O)N1C 1 N=C1CNC(=O)C(=CC=CC=CN2CCCC2=O)O1 1.0000000 1.0000 0.7640725 0.7641 0.6105807 4.7070
 | 18.4882 30.6214 -30.6066 0.0001158 O=C1NNc2ccccc2C1=C(O)c1ccccc1 1 O=C1NNc2ccccc2C1=Cc1ccccc1 0.0000000 0.0000 0.4196804 0.4197 0.9854323 2.2546
 | 8.6133 57.3703 61.4474 0.9282630 O=C1CN(C=CC=CC(O)=C2C(=O)NCC(=O)NC2=O)C(=O)CCN1 1 O=C1CN(C=CC=CC=C2C(=O)NCC(=O)NC2=O)C(=O)CCN1 1.0000000 1.0000 0.8515122 0.8515 0.8962701 3.5952
 | 16.3852 71.3427 40.5946 0.8745099 CC1NC(=O)C(=C(O)C=CC=CN2C(=O)CNC(=O)C2=O)C(=O)NCO1 1 O=C1NCC(=O)N(C=CC=CC=C2C(=O)NCOCNC2=O)C1=O 1.0000000 1.0000 0.8472557 0.8473 0.6610578 4.5648
 | 13.9398 57.4601 50.7923 0.8457221 C=C1C(=C(O)C=CC=CN2CCCCO2)C(=O)N1CCO 1 C=C1NC(=O)C1=CC=CC=CN1CCCCO1 1.0000000 1.0000 0.6587719 0.6588 0.8613088 3.8103
 | 26.5231 47.4759 -47.4596 0.0001275 CCOC(=O)N1C(=O)C(=C(O)C=C(C)C=C2SC(=S)NC2=O)C1=O 1 O=C1NC(=S)SC1=CC=CC=C1C(=O)NC1=O 0.0000000 0.0000 0.5811223 0.5811 0.9241661 3.3712
 | 18.8607 61.2569 48.3896 0.8566131 O=C1N=c2[nH]c(=O)c(=C(O)C=CC=CN3CC(O)C(O)C3)n2C1=O 1 O=C1N=c2[nH]c(=O)c(=CC=CC=CN3CCCC3)n2C1=O 1.0000000 1.0000 0.9000341 0.9000 0.5335395 4.9125
 | 16.4174 75.5016 36.5121 0.8751075 CCN1C(=N)N(C=CC=CC(O)=c2c(=O)sc(=C3C(=O)N(C)C(=S)N(C)C3=O)n(C)c2=O)C(=O)C1=O 1 N=C1NC(=O)C(=O)N1C=CC=CC=c1c(=O)[nH]c(=C2C(=O)NC(=S)NC2=O)sc1=O 1.0000000 1.0000 0.7683366 0.7683 0.7872399 4.1477
 | 14.2966 61.6303 48.3285 0.8590527 CN1C(=O)C(=C(O)C=CC=CN2CC(O)C2)C(O)OC1=S 1 O=C1NC(=S)OCC1=CC=CC=CN1CCC1 1.0000000 1.0000 0.7731644 0.7732 0.7065263 4.4277
01:54:14 <INFO> Score: 0.76 Agent NLL: 16.08 Valid:  99% Step: 244
 | Agent Prior Target Score SMILES SMILES_state Scaffold DASA DASA (raw) Solubility Solubility (raw) SA SA (raw)
 | 11.3485 61.3698 -61.3698 0.0000000 CN1CN1C=CC=CC(O)=C1C(=O)NC(CO)C(O)C1O 1 O=C1NCCCC1=CC=CC=CN1CN1 1.0000000 1.0000 0.8696625 0.8697 0.4714405 5.0745
 | 28.2967 77.0291 27.1961 0.8142599 CCN(CC)C(O)=c1ccc(=c2c(=O)[nH][nH]c(=O)c2=C(O)C=CC=CN2CCS(=O)(=O)C2)cc1 1 C=c1ccc(=c2c(=O)[nH][nH]c(=O)c2=CC=CC=CN2CCS(=O)(=O)C2)cc1 1.0000000 1.0000 0.6319011 0.6319 0.7592241 4.2519
 | 21.7230 83.4830 28.9704 0.8785423 CCCCCN1CN(C)C(=O)N(C=CC=CC(O)=c2c(=C3NC(=O)NC3=O)[nH]c(=O)n(C)c2=O)C1 1 O=C1NC(=O)C(=c2[nH]c(=O)[nH]c(=O)c2=CC=CC=CN2CNCNC2=O)N1 1.0000000 1.0000 0.7508258 0.7508 0.8366822 3.9357
 | 12.6420 64.5725 42.3768 0.8355415 CC(O)=C1C(=O)N(C=CC=CC(O)=C2OC(=S)N(C)C2=O)C1=O 1 C=C1C(=O)N(C=CC=CC=C2OC(=S)NC2=O)C1=O 1.0000000 1.0000 0.6586211 0.6586 0.8085738 4.0614
 | 11.3817 60.4552 52.1383 0.8796373 O=C1N=C(NCCO)NC(=O)C1=C(O)C=CC=CN1CC(O)C(O)CO1 1 O=C1N=CNC(=O)C1=CC=CC=CN1CCCCO1 1.0000000 1.0000 0.8778730 0.8779 0.6406024 4.6235
 | 11.8289 59.7817 54.8062 0.8952186 CN1CN(C=CC=CC(O)=C2C(=O)NNNC2=O)C(=O)N=C1N 1 O=C1NNNC(=O)C1=CC=CC=CN1CNC=NC1=O 1.0000000 1.0000 0.8552621 0.8553 0.7352822 4.3345
 | 17.8164 61.6614 51.4726 0.8838591 CCN1NN(C=CC=CC(O)=C2C(=O)NC(=O)N=C2N)CN=C1N 1 O=C1N=CC(=CC=CC=CN2CN=CNN2)C(=O)N1 1.0000000 1.0000 0.8201155 0.8201 0.7399963 4.3186
 | 14.2043 47.0913 -47.0729 0.0001435 NC(C=CC=CN1CCOCC1)=C1C(=O)NNC1=O 1 O=C1NNC(=O)C1=CC=CC=CN1CCOCC1 0.0000000 0.0000 0.8528251 0.8528 0.8787180 3.7099
 | 11.1291 55.1552 59.0756 0.8924286 C=C1NC(=O)C(=C(O)C=CC=CN2CC(=O)NC(=O)C2=O)C1O 1 C=C1CC(=CC=CC=CN2CC(=O)NC(=O)C2=O)C(=O)N1 1.0000000 1.0000 0.8469653 0.8470 0.7357765 4.3328
 | 12.1459 57.0131 55.7529 0.8809843 O=C1C=CNC(=O)C1=C(O)C=CC=CN1CC(O)C1=O 1 O=C1C=CNC(=O)C1=CC=CC=CN1CCC1=O 1.0000000 1.0000 0.8176595 0.8177 0.7312756 4.3478
01:54:14 <INFO> Sampled SMILES N1C(=O)C(=C(O)C=CC=CN2C(=O)C(=O)NCC2=O)C(=O)NO1O failed to sanitize.
01:54:14 <INFO> Sampled SMILES N1C(=O)C(=C(O)C=CC=CN2CN(C)C(=O)N(CC)N=C2=C)N=C(N)N1C failed to sanitize.
01:54:14 <INFO> Score: 0.74 Agent NLL: 17.15 Valid:  98% Step: 245
 | Agent Prior Target Score SMILES SMILES_state Scaffold DASA DASA (raw) Solubility Solubility (raw) SA SA (raw)
 | 12.0241 60.5633 -60.5633 0.0000000 CN1CCN(C=c2[nH]c(=O)c(=C(O)C=CC=CN3CC(=O)NCC3=O)c(=O)[nH]2)CC1 1 O=C1CN(C=CC=CC=c2c(=O)[nH]c(=CN3CCNCC3)[nH]c2=O)C(=O)CN1 1.0000000 1.0000 0.8727800 0.8728 0.7987528 4.1020
 | 17.4103 67.9803 37.0898 0.8208603 CC1=NN(C=CC=CC(O)=C2C(=O)NC(=O)C3=C2C(=O)OC(C)(C)O3)OC1 1 O=C1NC(=O)C2=C(C(=O)OCO2)C1=CC=CC=CN1N=CCO1 1.0000000 1.0000 0.6384069 0.6384 0.7780235 4.1830
 | 10.0040 55.4692 53.6743 0.8526836 N=C1C(=C(O)C=CC=CN2C(=O)NC(=O)C2=O)C(=O)NN1c1ccccc1 1 N=C1C(=CC=CC=CN2C(=O)NC(=O)C2=O)C(=O)NN1c1ccccc1 1.0000000 1.0000 0.6549955 0.6550 0.9082791 3.5064
 | 17.6193 67.5941 47.8729 0.9020854 C=c1c(=O)c(=O)c1=C(O)C=CC=CN1CCN(O)C1 1 C=c1c(=O)c(=O)c1=CC=CC=CN1CCNC1 1.0000000 1.0000 0.8603192 0.8603 0.7575231 4.2579
 | 22.8525 72.6764 23.8367 0.7540086 CC=C1CN2CN2C=CC=CC(O)=C(N=C(C)CCO)C(=O)NC1=O 1 C=C1CN2CN2C=CC=CC=CC(=O)NC1=O 1.0000000 1.0000 0.6549986 0.6550 0.4762170 5.0620
 | 19.2196 66.2581 34.9847 0.7909589 CN1CC(=CBr)N(C=CC=CC(O)=C2C(=N)NNC2=O)C1 1 C=C1CNCN1C=CC=CC=C1C(=N)NNC1=O 1.0000000 1.0000 0.6331498 0.6331 0.6496384 4.5978
 | 14.0983 71.6815 42.4728 0.8918307 C=c1c(=O)[nH][nH]c(=O)c1=C(O)C=CC=CN1CC(=O)N(CC)CN1C 1 C=c1c(=O)[nH][nH]c(=O)c1=CC=CC=CN1CC(=O)NCN1 1.0000000 1.0000 0.8330975 0.8331 0.7546835 4.2679
 | 15.4052 66.7687 33.2260 0.7812082 CN(C)C=CC(O)=C1CCCN1C=CC=CC(O)=C1C(=O)ON(C)C1=O 1 C=C1CCCN1C=CC=CC=C1C(=O)NOC1=O 1.0000000 1.0000 0.5481073 0.5481 0.7834493 4.1623
 | 29.5267 81.0343 30.1937 0.8689686 COC(=c1c(=O)[nH]c(=O)[nH]c(=O)c1=C(O)C=C(C)C=CN1CC1C)N1CCNC1 1 O=c1[nH]c(=O)c(=CC=CC=CN2CC2)c(=CN2CCNC2)c(=O)[nH]1 1.0000000 1.0000 0.8281152 0.8281 0.6654456 4.5520
 | 20.3117 72.2105 -72.2105 0.0000000 N1C(=O)C(=C(O)C=CC=CN2C(=O)C(=O)NCC2=O)C(=O)NO1O 0 -- 0.0000000 0.0000 0.0000000 0.0000 0.0000000 0.0000
01:54:15 <INFO> Score: 0.74 Agent NLL: 16.62 Valid:  99% Step: 246
 | Agent Prior Target Score SMILES SMILES_state Scaffold DASA DASA (raw) Solubility Solubility (raw) SA SA (raw)
 | 19.7842 64.8613 34.6213 0.7772081 O=C1NC(=CCl)C(=O)C1=C(O)C=CC=CN1CC(=NO)C(Cl)C1=O 1 C=C1NC(=O)C(=CC=CC=CN2CC(=N)CC2=O)C1=O 1.0000000 1.0000 0.6190824 0.6191 0.6162558 4.6914
 | 10.9256 67.2428 52.4131 0.9348120 CCn1c(=O)[nH]c(=C2C(=O)NC(=S)NC2=O)c(=C(O)C=CC=CN(CCO)CCO)c1=O 1 C=c1c(=O)[nH]c(=O)[nH]c1=C1C(=O)NC(=S)NC1=O 1.0000000 1.0000 0.8906694 0.8907 0.8596040 3.8196
 | 17.8189 65.7463 19.8603 0.6688012 CCC=C(C)N=C1NC(=O)C(=C(O)C=CC=CN2CN(C)CC2=O)SS1 1 N=C1NC(=O)C(=CC=CC=CN2CNCC2=O)SS1 1.0000000 1.0000 0.3779570 0.3780 0.6641793 4.5557
 | 22.0060 67.9897 28.5035 0.7538533 COC=C1CC(C2=NCN(C=CC=CC(O)=C3CC3=O)O2)OC1=O 1 C=C1CC(C2=NCN(C=CC=CC=C3CC3=O)O2)OC1=O 1.0000000 1.0000 0.6248386 0.6248 0.5166091 4.9567
 | 10.9744 64.9471 54.2509 0.9312346 O=C1CN(C=CC=CC(O)=c2c(=O)[nH]c(=O)[nH]c2=C2NC(=O)NC2=O)C(=O)CCN1 1 O=C1CN(C=CC=CC=c2c(=O)[nH]c(=O)[nH]c2=C2NC(=O)NC2=O)C(=O)CCN1 1.0000000 1.0000 0.8948880 0.8949 0.8355359 3.9412
 | 23.0161 57.9455 45.2635 0.8063204 C=C1C(=O)NC(=O)C1=C(O)C=C(C)C=CN1CCn2cccc2C1=O 1 C=C1C(=O)NC(=O)C1=CC=CC=CN1CCn2cccc2C1=O 1.0000000 1.0000 0.5701557 0.5702 0.8633291 3.7992
 | 12.1508 58.1080 50.7623 0.8505487 O=C1NCN(C=CC=CC(O)=C2C(=O)NC(=CBr)COC2=O)C1=O 1 C=C1COC(=O)C(=CC=CC=CN2CNC(=O)C2=O)C(=O)N1 1.0000000 1.0000 0.7110695 0.7111 0.7763804 4.1892
 | 9.2139 58.8660 55.9327 0.8968650 O=C1NC(=O)NC(=C(O)C=CC=CN2CNC2=O)C(=O)N1 1 O=C1NC(=O)NC(=CC=CC=CN2CNC2=O)C(=O)N1 1.0000000 1.0000 0.8035120 0.8035 0.8280956 3.9758
 | 20.6825 70.8573 47.4932 0.9246130 NC1=NC(=NO)C(=C(O)C=CC=CN2CC(=O)N(CC(=O)O)C(=O)C2=O)C(=O)N1 1 N=C1N=CNC(=O)C1=CC=CC=CN1CC(=O)NC(=O)C1=O 1.0000000 1.0000 0.8636015 0.8636 0.8565282 3.8360
 | 9.9713 64.6702 54.8847 0.9340230 O=C1CN(C=CC=CC(O)=C2C(=O)N=C(NCCCO)NNC2=O)C(=O)C(=O)N1 1 O=C1CN(C=CC=CC=C2C(=O)N=CNNC2=O)C(=O)C(=O)N1 1.0000000 1.0000 0.8909914 0.8910 0.8552609 3.8427
01:54:16 <INFO> Score: 0.76 Agent NLL: 16.90 Valid:  99% Step: 247
 | Agent Prior Target Score SMILES SMILES_state Scaffold DASA DASA (raw) Solubility Solubility (raw) SA SA (raw)
 | 14.0528 71.1295 41.4005 0.8791403 CN1CCCN(C=CC=CC(O)=c2c(=O)[nH]c(=S)[nH]c2=C2NC(=O)NC2=O)C1 1 O=C1NC(=O)C(=c2[nH]c(=S)[nH]c(=O)c2=CC=CC=CN2CCCNC2)N1 1.0000000 1.0000 0.7618769 0.7619 0.8184782 4.0189
 | 16.9791 62.1823 40.3145 0.8007565 COC1CN(C=CC=CC(O)=C2OC(CO)NN(C)C2=O)C(=O)O1 1 O=C1NNCOC1=CC=CC=CN1CCOC1=O 1.0000000 1.0000 0.7736070 0.7736 0.4880527 5.0311
 | 16.1459 68.4183 37.9887 0.8313048 CCN1C(=O)C(=C(O)C=CC=CN2CN(C)C(=O)N(C)C2)C(=C(O)OC)C1=O 1 C=C1C(=O)NC(=O)C1=CC=CC=CN1CNC(=O)NC1 1.0000000 1.0000 0.6239814 0.6240 0.8653488 3.7880
 | 9.3364 53.0625 -53.0625 0.0000000 C=c1c(=O)c1=C(O)C=CC=CN(CCO)CCO 1 C=c1c(=C)c1=O 1.0000000 1.0000 0.8868263 0.8868 0.8654783 3.7873
 | 16.3576 55.5770 51.9389 0.8399679 CCN1C=CN(C=CC=CC(O)=C2C(=O)CCCNC2=O)CC1=O 1 O=C1CN(C=CC=CC=C2C(=O)CCCNC2=O)C=CN1 1.0000000 1.0000 0.6514515 0.6515 0.8473941 3.8832
 | 17.3333 64.1312 34.7878 0.7728049 CCOC(=O)N1CNN(C=CC=CC(O)=C2NN(C)C(c3ccccc3)NC2=O)C1 1 O=C1NC(c2ccccc2)NNC1=CC=CC=CN1CNCN1 1.0000000 1.0000 0.5465705 0.5466 0.7438507 4.3055
 | 12.4935 72.6826 43.3125 0.9062111 N=C1CNCN1C=CC=CC(O)=c1c(=O)[nH]c(=O)[nH]c(=O)c1=CN1CCOCC1 1 N=C1CNCN1C=CC=CC=c1c(=O)[nH]c(=O)[nH]c(=O)c1=CN1CCOCC1 1.0000000 1.0000 0.8620176 0.8620 0.7732164 4.2010
 | 19.7241 75.5717 27.1418 0.8024490 CCN1C(=O)N(C)CN(C=CC=CC(O)=C2CN(C)C(=C(N(C)C)[N+](=O)[O-])NC2=O)C1=O 1 C=C1NCC(=CC=CC=CN2CNC(=O)NC2=O)C(=O)N1 1.0000000 1.0000 0.6112477 0.6112 0.7452660 4.3007
 | 11.2811 67.7737 49.6984 0.9177512 N=C1C(=O)NC(=O)NC(=O)C1=C(O)C=CC=CN1CNC(=O)C1=O 1 N=C1C(=O)NC(=O)NC(=O)C1=CC=CC=CN1CNC(=O)C1=O 1.0000000 1.0000 0.8497160 0.8497 0.8473773 3.8833
 | 11.6494 58.7369 59.6681 0.9250389 O=C1NC(=O)C(=c2o[nH]c(=O)c2=C(O)C=CC=CN2CC2)C(=O)N1 1 O=C1NC(=O)C(=c2o[nH]c(=O)c2=CC=CC=CN2CC2)C(=O)N1 1.0000000 1.0000 0.8689824 0.8690 0.8493190 3.8735
01:54:17 <INFO> Sampled SMILES N1C(=O)C(=C(O)C=CC=CN2CNC(=O)NC2=C(NN=CC=CN2CC[N+](=O)(=O)CC2)C)C(=CC=C(N2CCCNC2=O)O)C1=N failed to sanitize.
01:54:17 <INFO> Score: 0.76 Agent NLL: 16.30 Valid:  99% Step: 248
 | Agent Prior Target Score SMILES SMILES_state Scaffold DASA DASA (raw) Solubility Solubility (raw) SA SA (raw)
 | 10.4503 55.5767 -55.5767 0.0000000 CN1CCN(C=CC=CC(O)=C2C(=O)NNNC2=O)C1 1 O=C1NNNC(=O)C1=CC=CC=CN1CCNC1 1.0000000 1.0000 0.8467999 0.8468 0.8220261 4.0032
 | 30.7533 79.3488 21.2191 0.7856869 CC(OC(=O)C1CCC[N+]1(C)C)=C1C(=O)NC(=O)C1=C(O)C=CC=CN1CNC1=O 1 O=C1NC(=O)C(=COC(=O)C2CCC[NH2+]2)C1=CC=CC=CN1CNC1=O 1.0000000 1.0000 0.6369812 0.6370 0.6206381 4.6793
 | 10.4475 53.8166 64.5880 0.9250361 O=C1CN(C=CC=CC(O)=C2C(=O)NC2=O)C(=O)CCN1 1 O=C1CN(C=CC=CC=C2C(=O)NC2=O)C(=O)CCN1 1.0000000 1.0000 0.8335161 0.8335 0.9135526 3.4640
 | 12.1440 57.8159 -57.8159 0.0000000 CC1=NC(=O)C(=C(O)C=CC=CN2CNC(=O)N2)C(=O)N1 1 O=C1NCN(C=CC=CC=C2C(=O)N=CNC2=O)N1 1.0000000 1.0000 0.7999601 0.8000 0.7987932 4.1018
 | 25.8366 73.0232 31.5826 0.8172325 CCON=CCC(O)=C1C(=O)N(C=CC=CC(O)=C2C(=O)NOC2O)C1=O 1 C=C1C(=O)N(C=CC=CC=C2CONC2=O)C1=O 1.0000000 1.0000 0.7421174 0.7421 0.5841004 4.7788
 | 16.4820 70.4328 38.6713 0.8523758 N=C1NC(=O)C(=C(O)C=CC=CN2CNC2=O)C2(O1)C(=O)NC(=O)NC2=O 1 N=C1NC(=O)C(=CC=CC=CN2CNC2=O)C2(O1)C(=O)NC(=O)NC2=O 1.0000000 1.0000 0.8350395 0.8350 0.5926877 4.7557
 | 17.4242 70.9501 40.4121 0.8700167 CN1CCN(CC2=C(Br)C(=C(O)C=CC=CN3CC(=O)N(CCO)C(=O)C3=O)C(=O)N2)CC1 1 O=C1CN(C=CC=CC=C2C=C(CN3CCNCC3)NC2=O)C(=O)C(=O)N1 1.0000000 1.0000 0.7016162 0.7016 0.8950466 3.6037
 | 25.9375 70.1942 35.2918 0.8241088 CC1COCC(C(=O)O)N1C=CC=CC(O)=C1C(=O)NC(O)C(CO)(CO)NC1=O 1 O=C1NCCNC(=O)C1=CC=CC=CN1CCOCC1 1.0000000 1.0000 0.8612943 0.8613 0.4703309 5.0774
 | 21.3278 106.9859 -11.5079 0.7459222 CONC=CC=CC(O)=C1OC(=CC=CC2=NC(=O)C(=CC=C(C)C=CN3CC(=O)N(CCO)CC3=O)O2)C1=O 1 C=C1OC(=CC=CC2=NC(=O)C(=CC=CC=CN3CC(=O)NCC3=O)O2)C1=O 1.0000000 1.0000 0.5411925 0.5412 0.6284570 4.6576
 | 12.6357 58.9708 55.2537 0.8923790 O=C1NC(O)NC(=O)C1=C(O)C=CC=CN1C(=O)OCC1C(=O)O 1 O=C1NCNC(=O)C1=CC=CC=CN1CCOC1=O 1.0000000 1.0000 0.8455665 0.8456 0.7376928 4.3264
01:54:18 <INFO> Score: 0.76 Agent NLL: 16.59 Valid: 100% Step: 249
 | Agent Prior Target Score SMILES SMILES_state Scaffold DASA DASA (raw) Solubility Solubility (raw) SA SA (raw)
 | 15.1289 59.5999 59.3931 0.9296324 O=C1NN=C(N2CCNCC2)NC(=O)C1=C(O)C=CC=CN(CCO)CCO 1 C=C1C(=O)NN=C(N2CCNCC2)NC1=O 1.0000000 1.0000 0.8694524 0.8695 0.8708709 3.7566
 | 25.7016 79.6289 28.5189 0.8449049 CN(C=O)C1C(=O)N(C=CC=CC(O)=c2c(=O)c2=CCO)CC1O 1 C=c1c(=O)c1=CC=CC=CN1CCCC1=O 1.0000000 1.0000 0.9024360 0.9024 0.4940402 5.0155
 | 20.7855 62.9643 31.5247 0.7381946 CN1C=CC(=C2COC(=C(O)C=CC=CN3C=CCC3)C(=O)N2)C=N1 1 O=C1NC(=C2C=CNN=C2)COC1=CC=CC=CN1C=CCC1 1.0000000 1.0000 0.5274527 0.5275 0.6224091 4.6744
 | 15.5654 73.3458 40.8128 0.8918641 C=C1CN(C=CC=CC(O)=C2C(=O)NC(=S)NC(=O)C2=O)CNC1=O 1 C=C1CN(C=CC=CC=C2C(=O)NC(=S)NC(=O)C2=O)CNC1=O 1.0000000 1.0000 0.7910658 0.7911 0.8264108 3.9835
 | 19.1188 77.5522 34.0733 0.8720738 CON=C1NC(=O)C(=C(O)C=CC=CN2CC(O)C2=O)C1=NN=C(N)N 1 N=C1NC(=O)C(=CC=CC=CN2CCC2=O)C1=N 1.0000000 1.0000 0.8640313 0.8640 0.6294742 4.6548
 | 20.6920 71.4054 39.2547 0.8645319 CCN1N=C(C(=O)O)N(C=CC=CC(O)=C2C(=O)NC(=O)N2C)CNC1=O 1 O=C1NCN(C=CC=CC=C2NC(=O)NC2=O)C=NN1 1.0000000 1.0000 0.7384649 0.7385 0.7916315 4.1305
 | 13.9834 71.2639 43.3239 0.8952175 CN1C(=O)NCN(C=CC=CC(O)=C2C(=O)NC(=O)N(CO)NC2=O)C1=O 1 O=C1NNC(=O)C(=CC=CC=CN2CNC(=O)NC2=O)C(=O)N1 1.0000000 1.0000 0.8162100 0.8162 0.7979423 4.1053
 | 18.6406 46.2886 55.5641 0.7957240 C=CCNC=CC=CC(O)=C1C(=O)NC(=S)C1C 1 C=C1CC(=S)NC1=O 1.0000000 1.0000 0.6171892 0.6172 0.7010853 4.4447
 | 17.2112 79.9971 40.1496 0.9386457 CN(C=CC=CC(O)=c1c(=O)[nH]c(=O)[nH]c(=O)c1=C1C(=O)NNC1=O)S(N)(=O)=O 1 C=c1c(=O)[nH]c(=O)[nH]c(=O)c1=C1C(=O)NNC1=O 1.0000000 1.0000 0.9384877 0.9385 0.8014634 4.0909
 | 22.1409 69.9793 37.8271 0.8422379 NC(CO)=c1[nH]c(=O)c(=C(O)C=CC=CN2CC(S)C2=O)[nH]1 1 C=c1[nH]c(=O)c(=CC=CC=CN2CCC2=O)[nH]1 1.0000000 1.0000 0.8714707 0.8715 0.5165235 4.9569
01:54:19 <INFO> Score: 0.71 Agent NLL: 17.19 Valid: 100% Step: 250
 | Agent Prior Target Score SMILES SMILES_state Scaffold DASA DASA (raw) Solubility Solubility (raw) SA SA (raw)
 | 12.9020 72.9784 35.2477 0.8455163 CN1CN(C=CC=CC(O)=C2C(=N)NC(=O)N(C)C2=O)C(=O)N(CN2CCOCC2)C1=O 1 N=C1NC(=O)NC(=O)C1=CC=CC=CN1CNC(=O)N(CN2CCOCC2)C1=O 1.0000000 1.0000 0.6595867 0.6596 0.8583506 3.8263
 | 15.0712 64.2322 46.1087 0.8620384 CN1NC(=O)C(=C(O)C=CC=CN2C(=O)NC(=O)C2=O)SC1=S 1 O=C1NC(=O)N(C=CC=CC=C2SC(=S)NNC2=O)C1=O 1.0000000 1.0000 0.7255630 0.7256 0.8041427 4.0799
 | 12.7496 53.5204 62.2023 0.9040832 O=C1NSC(=O)C1=C(O)C=CC=CN1CC(=O)N(CCO)CC1=O 1 O=C1CN(C=CC=CC=C2C(=O)NSC2=O)C(=O)CN1 1.0000000 1.0000 0.8136060 0.8136 0.8450246 3.8951
 | 9.9437 65.3868 45.8800 0.8692725 CN1CN(C=CC=CC(O)=C2NNNNC2=O)NC1=O 1 O=C1NCN(C=CC=CC=C2NNNNC2=O)N1 1.0000000 1.0000 0.8675160 0.8675 0.6145865 4.6960
 | 10.6563 57.6842 -57.6842 0.0000000 C=c1nc(N)[nH]c(=O)c1=C(O)C=CC=CN1CN(C)C1=O 1 C=c1nc[nH]c(=O)c1=CC=CC=CN1CNC1=O 1.0000000 1.0000 0.8191840 0.8192 0.7823972 4.1664
 | 9.6120 76.5709 39.7994 0.9091426 CN1C(=O)C(=c2c(=O)[nH]c(=O)[nH]c(=O)c2=C(O)C=CC=CN2CC(O)C2)N(C)N(C)C1=S 1 O=C1NC(=S)NNC1=c1c(=O)[nH]c(=O)[nH]c(=O)c1=CC=CC=CN1CCC1 1.0000000 1.0000 0.8584262 0.8584 0.7922056 4.1282
 | 17.3443 70.5986 43.1534 0.8886876 CN1CN1C=CC=CC(O)=C1C(=O)C=C(N(CCO)CCO)NC1=O 1 O=C1C=CNC(=O)C1=CC=CC=CN1CN1 1.0000000 1.0000 0.8336922 0.8337 0.7398995 4.3190
 | 12.3167 61.2519 52.8171 0.8911636 C=C1CNC(=O)C(=C(O)C=CC=CN2CN2)C(=O)N1 1 C=C1CNC(=O)C(=CC=CC=CN2CN2)C(=O)N1 1.0000000 1.0000 0.8179043 0.8179 0.7763317 4.1893
 | 23.5455 51.5224 -51.5039 0.0001450 COC=c1c(=O)[nH]c(=O)c(=C(O)C=C(C)N)c(=O)n1C 1 C=c1[nH]c(=O)c(=C)c(=O)[nH]c1=O 0.0000000 0.0000 0.8867637 0.8868 0.8684115 3.7707
 | 22.3344 104.8735 -6.5045 0.7685080 CCn1c(=O)c(=C(O)C=CC=CN2CN2C)[nH]c(=O)c1=C(O)C=CC=CN1CN(C)C(=O)N(C)C1=O 1 O=C1NCN(C=CC=CC=c2[nH]c(=O)c(=CC=CC=CN3CN3)[nH]c2=O)C(=O)N1 1.0000000 1.0000 0.6667074 0.6667 0.5102315 4.9733
01:54:20 <INFO> Score: 0.74 Agent NLL: 16.38 Valid: 100% Step: 251
 | Agent Prior Target Score SMILES SMILES_state Scaffold DASA DASA (raw) Solubility Solubility (raw) SA SA (raw)
 | 23.5876 76.7740 33.2955 0.8599181 C=c1oc(=NOCC(O)CN2CCCC2)[nH]c(=O)c1=C(O)C=CC=CN1CCC(=O)N1 1 C=c1oc(=NOCCCN2CCCC2)[nH]c(=O)c1=CC=CC=CN1CCC(=O)N1 1.0000000 1.0000 0.8145827 0.8146 0.6482809 4.6016
 | 10.2476 58.7227 58.9391 0.9192334 O=C1CC(=C(O)C=CC=CN2C(=O)CNC(=O)C2=O)C(=O)NN1 1 O=C1CC(=CC=CC=CN2C(=O)CNC(=O)C2=O)C(=O)NN1 1.0000000 1.0000 0.8684727 0.8685 0.8225498 4.0009
 | 11.7267 57.5695 59.4509 0.9142222 C=C1C(=O)NC(=O)C1=C(O)C=CC=CN1CC(=O)N(CCO)CC1=O 1 C=C1C(=O)NC(=O)C1=CC=CC=CN1CC(=O)NCC1=O 1.0000000 1.0000 0.8223591 0.8224 0.8793547 3.7060
 | 17.1457 68.5728 33.5425 0.7977756 CN=C1NC(=O)C(=C(O)C=CC=CN2CN(C)C=CC2=O)C=C(C)N1O 1 N=C1NC=CC(=CC=CC=CN2CNC=CC2=O)C(=O)N1 1.0000000 1.0000 0.6391687 0.6392 0.6684160 4.5433
 | 13.8246 53.3257 54.0419 0.8388093 C=c1c(=C(O)C=CC=CN2Cc3ccccc3C2)c(=O)[nH]c(=O)n1CC 1 C=c1[nH]c(=O)[nH]c(=O)c1=CC=CC=CN1Cc2ccccc2C1 1.0000000 1.0000 0.6222092 0.6222 0.9116815 3.4793
 | 30.1295 86.9933 19.1257 0.8290545 CN(C=CC=c1[nH]c(=O)c(=C(O)C=CC=CN2NNC2(C)C)c(=O)[nH]1)NC(=O)C1=COCCO1 1 O=C(NNC=CC=c1[nH]c(=O)c(=CC=CC=CN2CNN2)c(=O)[nH]1)C1=COCCO1 1.0000000 1.0000 0.7943136 0.7943 0.5592103 4.8450
 | 10.8633 59.1655 53.0449 0.8766442 C=c1[nH]c(=O)[nH]c(=O)c1=C(O)C=CC=CN1CN1C 1 C=c1[nH]c(=O)[nH]c(=O)c1=CC=CC=CN1CN1 1.0000000 1.0000 0.8576151 0.8576 0.6554821 4.5810
 | 12.5551 61.6018 47.6975 0.8539007 C=C1C(=O)NC(=O)C1=C(O)C=CC=CN1C=CN(C)C1 1 C=C1C(=O)NC(=O)C1=CC=CC=CN1C=CNC1 1.0000000 1.0000 0.7076184 0.7076 0.7993560 4.0995
 | 15.2836 58.7925 59.2175 0.9219528 O=C1NCCCN(C=CC=CC(O)=C2C(=O)NNNC2=O)C1=O 1 O=C1NCCCN(C=CC=CC=C2C(=O)NNNC2=O)C1=O 1.0000000 1.0000 0.8690200 0.8690 0.8344850 3.9461
 | 20.3094 64.2295 42.1392 0.8310058 CC1OC(=O)CN1C=CC=CC(O)=C1C(=O)N=C(N2CCCCC2)NC1=O 1 O=C1CN(C=CC=CC=C2C(=O)N=C(N3CCCCC3)NC2=O)CO1 1.0000000 1.0000 0.6525817 0.6526 0.7985649 4.1027
01:54:21 <INFO> Score: 0.78 Agent NLL: 15.92 Valid: 100% Step: 252
 | Agent Prior Target Score SMILES SMILES_state Scaffold DASA DASA (raw) Solubility Solubility (raw) SA SA (raw)
 | 11.6195 67.2514 48.6955 0.9058349 CC(=O)OC=c1c(=O)[nH]c(=O)[nH]c(=O)c1=C(O)C=CC=CN1CCCN1 1 C=c1c(=O)[nH]c(=O)[nH]c(=O)c1=CC=CC=CN1CCCN1 1.0000000 1.0000 0.8502596 0.8503 0.7903008 4.1357
 | 7.0671 46.2906 -46.2906 0.0000000 NC=CC=CC(O)=C1C(=O)NC(=O)NC(=O)C1=O 1 C=C1C(=O)NC(=O)NC(=O)C1=O 1.0000000 1.0000 0.8539846 0.8540 0.9164656 3.4396
 | 11.3312 60.5898 50.7528 0.8698640 CN1CN(C=CC=CC(O)=C2C(=O)NCC(=O)C2O)C1=O 1 O=C1CNC(=O)C(=CC=CC=CN2CNC2=O)C1 1.0000000 1.0000 0.8100707 0.8101 0.6953515 4.4624
 | 7.3181 58.9902 -58.9902 0.0000000 NC1=NC(=O)C(=C(O)C=CC=CN2CC(=O)NC(=O)C2=O)C(=O)NN1 1 O=C1CN(C=CC=CC=C2C(=O)N=CNNC2=O)C(=O)C(=O)N1 1.0000000 1.0000 0.9010094 0.9010 0.8470420 3.8850
 | 15.6062 67.4403 37.6035 0.8206544 NCCC1ON=C2C(=C(O)C=CC=CN3CNC3=O)C(=O)NC21 1 O=C1NC2CON=C2C1=CC=CC=CN1CNC1=O 1.0000000 1.0000 0.7945012 0.7945 0.5298783 4.9221
 | 24.5629 75.5994 29.0263 0.8173887 CNC1C(=O)N2NC(=O)C(=C(O)C=CC=CN3CNC(=O)C(=O)N3)C(O)C12 1 O=C1NCN(C=CC=CC=C2CC3CC(=O)N3NC2=O)NC1=O 1.0000000 1.0000 0.9061041 0.9061 0.4122766 5.2310
 | 17.2370 84.5116 31.7724 0.9084691 CC(=O)OCOCOC(O)=c1c(=O)[nH]c(=O)[nH]c(=O)c1=C(O)C=CC=CN1CNC1=O 1 C=c1c(=O)[nH]c(=O)[nH]c(=O)c1=CC=CC=CN1CNC1=O 1.0000000 1.0000 0.8560980 0.8561 0.7928886 4.1255
 | 30.1572 83.0671 16.4004 0.7770896 O=C1NC(=O)C(=C(O)C=CC=CN2CN3C(=CF)C(O)CC23)C(N2CCOCC2)C(=O)N1 1 C=C1CCC2N(C=CC=CC=C3C(=O)NC(=O)NC(=O)C3N3CCOCC3)CN12 1.0000000 1.0000 0.7040884 0.7041 0.4916157 5.0218
 | 17.8257 64.6325 40.3477 0.8201582 C=CC=C1OC(=C(O)C=CC=CN2CCC(=O)NC2=O)C1=O 1 C=C1OC(=CC=CC=CN2CCC(=O)NC2=O)C1=O 1.0000000 1.0000 0.6215119 0.6215 0.8117570 4.0479
 | 14.1489 63.9560 50.8433 0.8968690 CC1(C(=O)O)NC(=O)C(=C(O)C=CC=CN2CNC2=O)C(=O)N1 1 O=C1NCNC(=O)C1=CC=CC=CN1CNC1=O 1.0000000 1.0000 0.8212684 0.8213 0.7970367 4.1089
01:54:21 <INFO> Score: 0.77 Agent NLL: 16.55 Valid: 100% Step: 253
 | Agent Prior Target Score SMILES SMILES_state Scaffold DASA DASA (raw) Solubility Solubility (raw) SA SA (raw)
 | 29.0941 71.5361 38.1555 0.8569657 CCC=C(C(=O)O)N1C(=O)C(=C(O)C=CC=CN2CNCC(N)C2=O)C1=O 1 O=C1NC(=O)C1=CC=CC=CN1CNCCC1=O 1.0000000 1.0000 0.7742494 0.7742 0.6958516 4.4609
 | 9.1117 58.2471 59.5283 0.9201202 CNC1=NC(=O)C(=C(O)C=CC=CN2C(=O)NC(=O)C2=O)C(=O)N1 1 O=C1N=CNC(=O)C1=CC=CC=CN1C(=O)NC(=O)C1=O 1.0000000 1.0000 0.8492842 0.8493 0.8596883 3.8191
 | 9.2724 66.2133 47.0867 0.8851562 O=C1NCN1C=CC=CC(O)=c1c(=O)[nH]c(=O)[nH]c(=O)c1=CBr 1 C=c1c(=O)[nH]c(=O)[nH]c(=O)c1=CC=CC=CN1CNC1=O 1.0000000 1.0000 0.7970712 0.7971 0.7838528 4.1608
 | 11.4528 51.0314 60.7667 0.8734229 CC1CN(C=CC=CC(O)=C2C(=O)N=C(N)NC2=O)C(=O)O1 1 O=C1N=CNC(=O)C1=CC=CC=CN1CCOC1=O 1.0000000 1.0000 0.7738881 0.7739 0.7695597 4.2145
 | 10.5949 55.4778 56.0137 0.8710270 N=C1C(=C(O)C=CC=CN2CC(=O)NC(=O)C2=O)C(=O)NN1c1ccccc1 1 N=C1C(=CC=CC=CN2CC(=O)NC(=O)C2=O)C(=O)NN1c1ccccc1 1.0000000 1.0000 0.6971592 0.6972 0.9106156 3.4879
 | 17.1352 76.3475 28.5531 0.8195363 CC(=O)NC1NC(=O)C(=C(O)C=CC=CN2C(=O)C(=C(C)CCl)C2=O)N1 1 C=C1C(=O)N(C=CC=CC=C2NCNC2=O)C1=O 1.0000000 1.0000 0.7227858 0.7228 0.6208208 4.6788
 | 20.4065 83.8816 29.9044 0.8889536 COCCOC=c1[nH]c(=O)c(=C(O)C=CC=CN2CN(C)C(=O)N(CCCN)C2=N)[nH]c1=O 1 C=c1[nH]c(=O)c(=CC=CC=CN2CNC(=O)NC2=N)[nH]c1=O 1.0000000 1.0000 0.8121532 0.8122 0.7757982 4.1913
 | 15.3196 49.3538 54.7988 0.8136921 CN1C(=O)NC(=O)C1=C(O)C=CC=CN1CC(=O)c2ccccc2C1=O 1 O=C1NC(=O)C(=CC=CC=CN2CC(=O)c3ccccc3C2=O)N1 1.0000000 1.0000 0.5666870 0.5667 0.9153026 3.4495
 | 11.3822 52.9454 51.4020 0.8152145 CN1CN(C=CC=CC(O)=C2CCCNC2=O)C(=S)N(C)C1=O 1 O=C1NCN(C=CC=CC=C2CCCNC2=O)C(=S)N1 1.0000000 1.0000 0.6027780 0.6028 0.8296637 3.9686
 | 21.4430 88.6588 26.7785 0.9018543 CC(=CC(=O)O)NC(C)=c1c(=O)[nH]c(=O)[nH]c(=O)c1=C(O)C=CC=CN1C(=N)NC(=O)C1=O 1 C=c1c(=O)[nH]c(=O)[nH]c(=O)c1=CC=CC=CN1C(=N)NC(=O)C1=O 1.0000000 1.0000 0.8622830 0.8623 0.7534921 4.2721
01:54:22 <INFO> Score: 0.77 Agent NLL: 16.41 Valid: 100% Step: 254
 | Agent Prior Target Score SMILES SMILES_state Scaffold DASA DASA (raw) Solubility Solubility (raw) SA SA (raw)
 | 16.9210 68.4483 45.6074 0.8910601 COC(C=CN1CCOCC1)=c1[nH]c(=O)c(=C(O)C=CC=CN(CCO)CCO)n1C 1 C=c1[nH]c(=CC=CN2CCOCC2)[nH]c1=O 1.0000000 1.0000 0.8155262 0.8155 0.7798216 4.1762
 | 16.2629 78.4796 25.5194 0.8124919 CC(=CC=c1[nH]c(=O)c(=C(O)C=CC=CN2CC(O)C(O)C2=O)c(=O)[nH]1)N1CCCNC1=O 1 O=C1CCCN1C=CC=CC=c1c(=O)[nH]c(=CC=CN2CCCNC2=O)[nH]c1=O 1.0000000 1.0000 0.8219651 0.8220 0.4737580 5.0684
 | 15.3109 70.5420 35.8115 0.8308869 CC1=CC(=c2[nH]c(=O)c(=C(O)C=CC=CN3C(=O)COC3=O)c(=O)[nH]2)C=C(C)N1C 1 O=C1COC(=O)N1C=CC=CC=c1c(=O)[nH]c(=C2C=CNC=C2)[nH]c1=O 1.0000000 1.0000 0.6842640 0.6843 0.7344353 4.3373
 | 16.0330 71.3520 44.2515 0.9031519 CCN1CN(CCO)C(=O)CN(C=CC=CC(O)=C2C(=O)NCCNC2=O)C1=O 1 O=C1CN(C=CC=CC=C2C(=O)NCCNC2=O)C(=O)NCN1 1.0000000 1.0000 0.7999098 0.7999 0.8658094 3.7854
 | 26.4633 93.4946 13.8073 0.8382965 CCOC(=O)N1C=CN(C=CC=CC(O)=c2c(=O)[nH]c(=O)[nH]c(=O)c2=CC=CC=c2c(=O)[nH]c(=CC=CN(C)C)c(=O)n2CCO)C1 1 C=c1[nH]c(=O)c(=CC=CC=c2c(=O)[nH]c(=O)[nH]c(=O)c2=CC=CC=CN2C=CNC2)[nH]c1=O 1.0000000 1.0000 0.7688191 0.7688 0.6275458 4.6601
 | 14.5250 74.5549 37.8487 0.8781529 O=C1NCC(=O)N(C=CC=CC(O)=C2CC(=CN3CCOCC3=O)NC2=O)C1=O 1 O=C1NCC(=O)N(C=CC=CC=C2CC(=CN3CCOCC3=O)NC2=O)C1=O 1.0000000 1.0000 0.7950517 0.7951 0.7551814 4.2662
 | 15.5537 69.0380 43.5872 0.8798847 CN1NC(=O)C(=C(O)C=CC=CN2CNCC(N)C2=O)C(=O)N=C1N 1 O=C1N=CNNC(=O)C1=CC=CC=CN1CNCCC1=O 1.0000000 1.0000 0.8781493 0.8781 0.6411956 4.6218
 | 9.9381 55.7171 59.4136 0.8994586 CC1(C)NC(=O)C(=C(O)C=CC=CN2C(=O)NC(=O)C2=O)C(=O)N1 1 O=C1NC(=O)N(C=CC=CC=C2C(=O)NCNC2=O)C1=O 1.0000000 1.0000 0.8067049 0.8067 0.8349307 3.9440
 | 9.5755 57.5439 54.1000 0.8722178 CN1CN(C=CC=CC(O)=C2C(=O)NC(=O)N=C2N)C(=O)N(C)C1=O 1 O=C1N=CC(=CC=CC=CN2CNC(=O)NC2=O)C(=O)N1 1.0000000 1.0000 0.7334384 0.7334 0.8392564 3.9234
 | 17.3748 75.6929 37.8613 0.8871420 O=C1NCC(=CO)N(C=CC=CC(O)=C2NN(CCO)NC2=O)C1=O 1 C=C1CNC(=O)C(=O)N1C=CC=CC=C1NNNC1=O 1.0000000 1.0000 0.8582995 0.8583 0.6967806 4.4580
01:54:23 <INFO> Score: 0.67 Agent NLL: 16.31 Valid:  99% Step: 255
 | Agent Prior Target Score SMILES SMILES_state Scaffold DASA DASA (raw) Solubility Solubility (raw) SA SA (raw)
 | 8.0363 55.4032 -55.4032 0.0000000 NC1=NNC(=O)C(=C(O)C=CC=CN(CCO)CCO)C(=O)N1 1 C=C1C(=O)NC=NNC1=O 1.0000000 1.0000 0.8949637 0.8950 0.8560356 3.8386
 | 12.7030 73.6520 41.5183 0.8997682 O=C1NC(=O)C(=c2c(=O)[nH][nH]c(=O)c2=C(O)C=CC=CN2CCC(O)C2)N1 1 O=C1NC(=O)C(=c2c(=O)[nH][nH]c(=O)c2=CC=CC=CN2CCCC2)N1 1.0000000 1.0000 0.8813834 0.8814 0.7163863 4.3964
 | 10.9153 49.4915 -49.4915 0.0000000 CN1CC(=C(O)C=CC=CN(CCO)CCO)C(=O)NC1=O 1 C=C1CNC(=O)NC1=O 1.0000000 1.0000 0.8185766 0.8186 0.8814967 3.6928
 | 11.4626 62.9675 46.2777 0.8534784 O=C1N=C(NC2OC(CO)C(O)C(O)C2O)NC(=O)C1=C(O)C=CC=CN1C(=O)NC(=O)C1=O 1 O=C1N=C(NC2CCCCO2)NC(=O)C1=CC=CC=CN1C(=O)NC(=O)C1=O 1.0000000 1.0000 0.9139306 0.9139 0.5095216 4.9752
 | 25.3837 73.1115 31.8397 0.8199310 O=C1NCN(C=CC=CC(O)=c2c(=O)[nH][nH]c2=CC=CC=CC=C2CCOC2=O)C(=O)N1 1 O=C1NCN(C=CC=CC=c2c(=O)[nH][nH]c2=CC=CC=CC=C2CCOC2=O)C(=O)N1 1.0000000 1.0000 0.6738509 0.6739 0.7036300 4.4367
 | 22.3754 62.3260 46.1405 0.8473948 CC(=O)OC=C1CNC(=O)C1=C(O)C=CC=CN1CCCCNC(=O)C1 1 C=C1CNC(=O)C1=CC=CC=CN1CCCCNC(=O)C1 1.0000000 1.0000 0.6619605 0.6620 0.8629669 3.8012
 | 17.8502 70.4062 37.1580 0.8403452 CN1CCN(C=CC=CC(O)=c2c(=O)[nH]c(=O)[nH]c2=CC=CC2=NC(=C[N+](=O)[O-])N(C)C2)C1 1 C=C1N=C(C=CC=c2[nH]c(=O)[nH]c(=O)c2=CC=CC=CN2CCNC2)CN1 1.0000000 1.0000 0.7452661 0.7453 0.6712095 4.5351
 | 15.9025 68.4350 28.2915 0.7556756 CN1C(=O)NC(=O)NC(=O)C1=C(O)C=CC=CN1C=C2CCN(CC2)C1 1 O=C1NC(=O)NC(=CC=CC=CN2C=C3CCN(CC3)C2)C(=O)N1 1.0000000 1.0000 0.6242362 0.6242 0.5240831 4.9372
 | 24.7386 78.3621 -9.4863 0.5380922 C=C1C(=O)C23C(=C(O)C=CC=CN4CN(C)C=CC4=O)C(=O)NC2C(O)C(O)C1C3O 1 C=C1C(=O)C23CC1CCC2NC(=O)C3=CC=CC=CN1CNC=CC1=O 1.0000000 1.0000 0.7798270 0.7798 0.0597036 6.7959
 | 33.7503 112.0126 -111.9969 0.0001222 CC(C=CC=CN1CC(=O)N(CCO)NN(C)C1=N)=c1c(=O)[nH][nH]c(=O)c1=C[n+]1cc2n(c1)CC(O)C2 1 N=C1NNNC(=O)CN1C=CC=CC=c1c(=O)[nH][nH]c(=O)c1=C[n+]1cc2n(c1)CCC2 0.0000000 0.0000 0.8672853 0.8673 0.3677983 5.3529
01:54:24 <INFO> Score: 0.67 Agent NLL: 16.26 Valid:  99% Step: 256
 | Agent Prior Target Score SMILES SMILES_state Scaffold DASA DASA (raw) Solubility Solubility (raw) SA SA (raw)
 | 15.8001 66.2393 54.2051 0.9409717 O=c1[nH]c(=O)c(=C(O)C=CC=CN(CCO)CCO)c(=O)[nH]c1=CN1CCN(CCO)CC1 1 C=c1c(=O)[nH]c(=O)c(=CN2CCNCC2)[nH]c1=O 1.0000000 1.0000 0.9134475 0.9134 0.8512962 3.8634
 | 6.3575 55.6058 -55.6058 0.0000000 O=C1NC(=O)C(=c2o[nH]c(=O)c2=C(O)C=CC=CN(CCO)CCO)C(=O)N1 1 C=c1c(=O)[nH]oc1=C1C(=O)NC(=O)NC1=O 1.0000000 1.0000 0.9038073 0.9038 0.8299069 3.9675
 | 12.1206 59.7129 54.4910 0.8922176 CN1C(=N)NC(=O)C(=C(O)C=CC=CN2CNC(=O)N2)C1=O 1 N=C1NC(=O)C(=CC=CC=CN2CNC(=O)N2)C(=O)N1 1.0000000 1.0000 0.8252808 0.8253 0.7689862 4.2166
 | 17.8244 64.8502 42.7764 0.8408326 C=C1CON1C=CC=CC(O)=C1OC(=O)NC(=O)NC1=O 1 C=C1CON1C=CC=CC=C1OC(=O)NC(=O)NC1=O 1.0000000 1.0000 0.7118798 0.7119 0.7294800 4.3538
 | 11.7888 63.9583 52.3507 0.9086635 NC1=NC(=O)C(=C(O)C=CC=CN2CN=C(N)NC2=O)C(=O)NN1 1 O=C1N=CNNC(=O)C1=CC=CC=CN1CN=CNC1=O 1.0000000 1.0000 0.8741577 0.8742 0.7653040 4.2300
 | 12.9798 68.2634 45.7834 0.8909907 CN1CN(C=CC=CC(O)=C2C(=O)NNC(=O)NC2=O)C(=C[N+](=O)[O-])C1=O 1 C=C1C(=O)NCN1C=CC=CC=C1C(=O)NNC(=O)NC1=O 1.0000000 1.0000 0.8082594 0.8083 0.7918087 4.1298
 | 6.9842 46.2906 -46.2906 0.0000000 NC=CC=CC(O)=C1C(=O)NC(=O)NC(=O)C1=O 1 C=C1C(=O)NC(=O)NC(=O)C1=O 1.0000000 1.0000 0.8539846 0.8540 0.9164656 3.4396
 | 12.4558 49.6559 56.8596 0.8321526 O=C1NCN(C=CC=CC(O)=C2C(=O)NC(=O)c3ccccc32)C(=O)N1 1 O=C1NCN(C=CC=CC=C2C(=O)NC(=O)c3ccccc32)C(=O)N1 1.0000000 1.0000 0.6054492 0.6054 0.9171273 3.4340
 | 12.3424 63.7521 53.5424 0.9163634 CN1C(=O)CC(=C(O)C=CC=CN2CC(=O)N(CCO)C(=O)C2=O)C(=O)NC1=O 1 O=C1CC(=CC=CC=CN2CC(=O)NC(=O)C2=O)C(=O)NC(=O)N1 1.0000000 1.0000 0.8237810 0.8238 0.8875338 3.6543
 | 16.5288 53.1040 57.6740 0.8654528 CN1C(=N)C(=O)C(=C(O)C=CC=CN2CC(O)C(O)C2)C1=O 1 N=C1NC(=O)C(=CC=CC=CN2CCCC2)C1=O 1.0000000 1.0000 0.8220898 0.8221 0.6598102 4.5685
01:54:25 <INFO> Score: 0.75 Agent NLL: 16.32 Valid: 100% Step: 257
 | Agent Prior Target Score SMILES SMILES_state Scaffold DASA DASA (raw) Solubility Solubility (raw) SA SA (raw)
 | 11.1368 73.0822 45.3631 0.9253541 CN1CCON(C=CC=CC(O)=c2c(=O)[nH]c(=O)[nH]c(=O)c2=C2C(=O)NC(=O)NC2=O)C1 1 O=C1NC(=O)C(=c2c(=O)[nH]c(=O)[nH]c(=O)c2=CC=CC=CN2CNCCO2)C(=O)N1 1.0000000 1.0000 0.8936027 0.8936 0.8102406 4.0544
 | 10.7307 57.8101 -57.8101 0.0000000 CC(O)=C1C(=O)N(C=CC=CC(O)=C2C(=O)NC(=O)C2=O)C1=O 1 C=C1C(=O)N(C=CC=CC=C2C(=O)NC(=O)C2=O)C1=O 1.0000000 1.0000 0.7928867 0.7929 0.8864996 3.6610
 | 17.6108 69.8103 33.3485 0.8059280 CN1C(=O)C(=C(O)C=CC=CN2CC(=O)N3CC(O)C(O)N3C2=O)OCC1CO 1 O=C1NCCOC1=CC=CC=CN1CC(=O)N2CCCN2C1=O 1.0000000 1.0000 0.8329194 0.8329 0.4436088 5.1476
 | 13.7742 60.7876 57.0012 0.9202253 CN1CCC(=c2c(=O)[nH]c(=O)[nH]c(=O)c2=C(O)C=CC=CN)CC1 1 C=c1c(=O)[nH]c(=O)[nH]c(=O)c1=C1CCNCC1 1.0000000 1.0000 0.8365313 0.8365 0.8832844 3.6815
 | 17.6676 62.5901 39.1385 0.7947545 O=C1Nc2ccccc2C(=O)C1=C(O)C=CC=CN1CN(O)C(=O)C1=S 1 O=C1NCN(C=CC=CC=C2C(=O)Nc3ccccc3C2=O)C1=S 1.0000000 1.0000 0.5325355 0.5325 0.9018059 3.5555
 | 22.1383 73.4989 38.0328 0.8713412 O=C1CN(C=CC=CC(O)=C2C(=O)OC2=c2ccn3c2=NCCCC3)C(=O)C(=O)N1 1 O=C1CN(C=CC=CC=C2C(=O)OC2=c2ccn3c2=NCCCC3)C(=O)C(=O)N1 1.0000000 1.0000 0.7460687 0.7461 0.8102619 4.0543
 | 16.9793 69.4801 44.1140 0.8874542 CC(C)C1C(=O)N(C=CC=CC(O)=C2C(=O)NC(O)NC2=O)CC(=O)N1CCO 1 O=C1CN(C=CC=CC=C2C(=O)NCNC2=O)C(=O)CN1 1.0000000 1.0000 0.8327226 0.8327 0.7360217 4.3320
 | 21.9770 75.6946 37.8010 0.8866838 CC(=O)OC=C1C(=O)NC(=O)C1=C(O)C=CC=CN1CN(CCO)C(=O)C1=NC(N)=O 1 C=C1C(=O)NC(=O)C1=CC=CC=CN1CNC(=O)C1=N 1.0000000 1.0000 0.7911082 0.7911 0.8014442 4.0910
 | 15.5948 62.2376 45.5969 0.8424569 CC(C)N=C1NC(=O)C(=C(O)C=CC=CN2CN(C)C2=O)C(=O)O1 1 N=C1NC(=O)C(=CC=CC=CN2CNC2=O)C(=O)O1 1.0000000 1.0000 0.6841670 0.6842 0.7899356 4.1371
 | 11.8300 58.9109 57.5228 0.9096378 C=c1[nH]c(=N)[nH]c(=O)c1=C(O)C=CC=CN1CC(=O)NCCC1=O 1 C=c1[nH]c(=N)[nH]c(=O)c1=CC=CC=CN1CC(=O)NCCC1=O 1.0000000 1.0000 0.8606477 0.8606 0.7908882 4.1334
01:54:26 <INFO> Score: 0.75 Agent NLL: 16.17 Valid: 100% Step: 258
 | Agent Prior Target Score SMILES SMILES_state Scaffold DASA DASA (raw) Solubility Solubility (raw) SA SA (raw)
 | 15.7460 63.4403 49.4549 0.8819940 O=C1NC(O)(CCl)NC(=O)C1=C(O)C=CC=CN1C(=O)COC1=O 1 O=C1NCNC(=O)C1=CC=CC=CN1C(=O)COC1=O 1.0000000 1.0000 0.7961415 0.7961 0.7708355 4.2098
 | 8.5116 56.5118 61.9844 0.9257514 O=C1NC(=O)N(C=CC=CC(O)=C2C(=O)NCCNC2=O)C1=O 1 O=C1NC(=O)N(C=CC=CC=C2C(=O)NCCNC2=O)C1=O 1.0000000 1.0000 0.8548054 0.8548 0.8776628 3.7163
 | 13.5326 52.6849 64.6878 0.9169738 C=c1[nH]c(=O)[nH]c(=O)c1=C(O)C=CC=CN(C)C=O 1 C=c1[nH]c(=O)[nH]c(=O)c1=C 1.0000000 1.0000 0.8635576 0.8636 0.8200951 4.0118
 | 14.4355 62.4944 54.3345 0.9127256 O=C1NC(=O)C(=C2COC(=O)C(=C(O)C=CC=CN3CC3)C(=O)N2)C(=O)N1 1 O=C1NC(=O)C(=C2COC(=O)C(=CC=CC=CN3CC3)C(=O)N2)C(=O)N1 1.0000000 1.0000 0.8111465 0.8111 0.8930226 3.6176
 | 16.6159 63.8385 45.7191 0.8559185 C=C1CN(C=CC=CC(O)=c2c(=O)[nH]c(=CC=CN(C)C)[nH]c2=O)NC1=O 1 C=C1CN(C=CC=CC=c2c(=O)[nH]c(=C)[nH]c2=O)NC1=O 1.0000000 1.0000 0.8049233 0.8049 0.6459512 4.6083
 | 15.6828 76.5814 22.8665 0.7769365 CC(=CC=c1[nH]c(=O)c(=C(O)C=CC=CN2CN(c3ccccc3)N=C2C)[nH]c1=O)N(C)C 1 C=c1[nH]c(=O)c(=CC=CC=CN2C=NN(c3ccccc3)C2)[nH]c1=O 1.0000000 1.0000 0.5279849 0.5280 0.8127115 4.0439
 | 34.1454 92.9828 7.1404 0.7822128 C=C1C(=CC=CCN(C)NCCCO)C(=O)C1=C(O)C=CC=CN1CN(C)C1=O 1 C=C1C(=C)C(=CC=CC=CN2CNC2=O)C1=O 1.0000000 1.0000 0.5721250 0.5721 0.7317230 4.3464
 | 26.5205 72.3096 34.5250 0.8346454 CC1=C2C(=O)OC(Cn3ccnn3)CN2C(=O)CN1C=CC=CC(O)=C1NC(=O)NC1=O 1 O=C1NC(=O)C(=CC=CC=CN2C=C3C(=O)OC(Cn4ccnn4)CN3C(=O)C2)N1 1.0000000 1.0000 0.7160544 0.7161 0.6945924 4.4647
 | 23.9719 70.2411 19.6315 0.7021302 CCOC(=O)N1CN(C=CC=CC(O)=C2C(=O)NC=CNC2c2ccccc2O)C1=O 1 O=C1NC=CNC(c2ccccc2)C1=CC=CC=CN1CNC1=O 1.0000000 1.0000 0.4016468 0.4016 0.7708419 4.2098
 | 21.8638 76.3930 33.6531 0.8597352 C=C1NC(=O)NNC(=O)C1=C(O)C=CC=CN1CC(=NO)CNC1=O 1 C=C1NC(=O)NNC(=O)C1=CC=CC=CN1CC(=N)CNC1=O 1.0000000 1.0000 0.7539801 0.7540 0.7413700 4.3140
01:54:27 <INFO> Score: 0.68 Agent NLL: 15.53 Valid: 100% Step: 259
 | Agent Prior Target Score SMILES SMILES_state Scaffold DASA DASA (raw) Solubility Solubility (raw) SA SA (raw)
 | 36.4435 99.3187 -5.4359 0.7334597 CC(=O)OC1(CN2CCCCC2)OC(=O)CC1=NCCC(=O)OC=C1C(=O)NC(=O)C1=C(O)C=CC=CN1C(=O)COC1=O 1 O=C(CCN=C1CC(=O)OC1CN1CCCCC1)OC=C1C(=O)NC(=O)C1=CC=CC=CN1C(=O)COC1=O 1.0000000 1.0000 0.5360315 0.5360 0.5849816 4.7764
 | 11.3359 60.1503 48.9745 0.8525373 CN1CC(=C(O)C=CC=CN2CN(C)C(=O)N(C)C2=O)C(=O)NC1=O 1 O=C1NCC(=CC=CC=CN2CNC(=O)NC2=O)C(=O)N1 1.0000000 1.0000 0.6844180 0.6844 0.8402970 3.9183
 | 9.7881 53.9640 62.7122 0.9115329 CC(=O)OCCN(C)C=CC=CC(O)=C1C(=O)NC(=O)NC(=O)C1=O 1 C=C1C(=O)NC(=O)NC(=O)C1=O 1.0000000 1.0000 0.7919614 0.7920 0.9248533 3.3648
 | 11.9724 62.2687 48.8085 0.8677908 CN1C(=N)NC(=O)C(=C(O)C=CC=CN2CN2C)C1=O 1 N=C1NC(=O)C(=CC=CC=CN2CN2)C(=O)N1 1.0000000 1.0000 0.8028224 0.8028 0.6975813 4.4555
 | 38.4465 82.4581 -82.4416 0.0001289 C=C(C)C(=O)OCOC(=O)NC(C=CC=CN1CCOCC1)=C1C(=O)N=C(C(=CC(=O)O)OC)NC1=O 1 O=C1N=CNC(=O)C1=CC=CC=CN1CCOCC1 0.0000000 0.0000 0.6415326 0.6415 0.8248149 3.9907
 | 7.9175 52.6672 -52.6672 0.0000000 O=C1NC=CNC(=O)C1=C(O)C=CC=CN(CCO)CCO 1 C=C1C(=O)NC=CNC1=O 1.0000000 1.0000 0.8459460 0.8459 0.8497825 3.8711
 | 14.7339 73.3294 40.5221 0.8894649 CCOC(=O)N1CC(O)C(=C(O)C=CC=CN2CC(=O)N(CCO)C(=O)C2=O)C(=O)N1 1 O=C1CN(C=CC=CC=C2CCNNC2=O)C(=O)C(=O)N1 1.0000000 1.0000 0.8253245 0.8253 0.7565420 4.2614
 | 9.3569 53.0655 65.4633 0.9260063 CC(=O)NC=CC=CC(O)=C1C(=O)NC(=O)NC(=O)C1=O 1 C=C1C(=O)NC(=O)NC(=O)C1=O 1.0000000 1.0000 0.8287474 0.8287 0.9278643 3.3360
 | 30.5969 64.6903 6.2617 0.5543126 CN1C(=O)CC(=C(O)C=CC=CN2CC(=CC=Cc3ccc4ccccc4c3)C2=O)C1=O 1 O=C1CC(=CC=CC=CN2CC(=CC=Cc3ccc4ccccc4c3)C2=O)C(=O)N1 1.0000000 1.0000 0.1798694 0.1799 0.9089444 3.5012
 | 8.5166 68.2459 45.4843 0.8885173 CC1NC(=O)C(=C(O)C=CC=CN2CC(=O)N(CCO)C(=O)C2=O)C(O)C1=O 1 O=C1CNC(=O)C(=CC=CC=CN2CC(=O)NC(=O)C2=O)C1 1.0000000 1.0000 0.8637086 0.8637 0.6947895 4.4641
01:54:28 <INFO> Score: 0.74 Agent NLL: 15.85 Valid:  98% Step: 260
 | Agent Prior Target Score SMILES SMILES_state Scaffold DASA DASA (raw) Solubility Solubility (raw) SA SA (raw)
 | 16.9377 64.2263 40.1685 0.8155843 COC1CN1C=CC=CC(O)=C1CCN(OC)NC1=O 1 O=C1NNCCC1=CC=CC=CN1CC1 1.0000000 1.0000 0.7436409 0.7436 0.5758718 4.8008
 | 13.2111 61.7028 51.2313 0.8822977 C=C1C(=O)C(=O)C(=C(O)C=CC=CN2CC(=O)NC(=O)C2)C1O 1 C=C1CC(=CC=CC=CN2CC(=O)NC(=O)C2)C(=O)C1=O 1.0000000 1.0000 0.8177422 0.8177 0.7368867 4.3291
 | 9.5230 56.6211 -56.6211 0.0000000 O=C1NCN(C=CC=CC(O)=C2NNNC2=O)N1 1 O=C1NCN(C=CC=CC=C2NNNC2=O)N1 1.0000000 1.0000 0.8730806 0.8731 0.6448532 4.6114
 | 21.5096 75.4821 22.2540 0.7635636 CC[N+]1=C(C=CC=c2nc(C)c(=C(O)C=CC=CN3CCC(=O)N3)c(=O)[nH]2)CC=C(C)C1 1 O=C1CCN(C=CC=CC=c2cnc(=CC=CC3=[NH+]CC=CC3)[nH]c2=O)N1 1.0000000 1.0000 0.5991357 0.5991 0.5946593 4.7503
 | 18.8192 56.1918 56.2280 0.8782800 O=CCC1NC(=O)C(=C(O)C=CC=CN2CCNC2=O)C1=O 1 O=C1CNC(=O)C1=CC=CC=CN1CCNC1=O 1.0000000 1.0000 0.7963658 0.7964 0.7535745 4.2718
 | 14.2521 55.3094 -55.3094 0.0000000 CN1C(=O)C(=O)N(C=CC=CC(O)=C2C(=O)NC(=N)OC2=O)C1=O 1 N=C1NC(=O)C(=CC=CC=CN2C(=O)NC(=O)C2=O)C(=O)O1 1.0000000 1.0000 0.8087005 0.8087 0.8322802 3.9565
 | 9.5250 78.9096 42.0403 0.9449205 CN1C(=O)CN(C=CC=CC(O)=c2c(=O)[nH]c(=O)[nH]c(=O)c2=C2C(=O)NC(=O)NC2=O)C(=O)C1=O 1 O=C1CN(C=CC=CC=c2c(=O)[nH]c(=O)[nH]c(=O)c2=C2C(=O)NC(=O)NC2=O)C(=O)C(=O)N1 1.0000000 1.0000 0.9244682 0.9245 0.8521465 3.8590
 | 44.1775 101.6909 -12.3128 0.6982662 C=C1ON2C(=O)CN(C=CC=CC(O)=c3c(=O)[nH]c(=O)[nH]c3=C3CCC(=O)N3N=CN3CCCc4ccccc43)C(=C(OC)C(=O)O)C12O 1 C=C1ON2C(=O)CN(C=CC=CC=c3c(=O)[nH]c(=O)[nH]c3=C3CCC(=O)N3N=CN3CCCc4ccccc43)C(=C)C12 1.0000000 1.0000 0.5536574 0.5537 0.4270103 5.1916
 | 19.4975 59.6338 47.0846 0.8337372 CC(=O)N=C1NC(=O)C(=C(O)C=CC=CN2CC(C)(C)NC2=S)N1 1 N=C1NC(=O)C(=CC=CC=CN2CCNC2=S)N1 1.0000000 1.0000 0.6852868 0.6853 0.7458073 4.2988
 | 10.2223 61.7067 54.4982 0.9078507 NC1CNC(=O)C(=C(O)C=CC=CN2CC(=O)NC(=O)C2=O)C(=O)N1 1 O=C1CN(C=CC=CC=C2C(=O)NCCNC2=O)C(=O)C(=O)N1 1.0000000 1.0000 0.8986545 0.8987 0.7257524 4.3660
01:54:28 <INFO> Score: 0.71 Agent NLL: 15.92 Valid: 100% Step: 261
 | Agent Prior Target Score SMILES SMILES_state Scaffold DASA DASA (raw) Solubility Solubility (raw) SA SA (raw)
 | 12.4655 59.1230 57.1409 0.9083112 CN1CN(C=CC=CC(O)=C2C(=O)N=C(NCCO)NC2=O)CNC1=O 1 O=C1NCN(C=CC=CC=C2C(=O)N=CNC2=O)CN1 1.0000000 1.0000 0.8361986 0.8362 0.8254493 3.9878
 | 19.5053 53.7009 65.3841 0.9303514 O=C(O)CN1CCN(C=CC=CC(O)=C2C(=O)NC(=O)C2=O)CC1=O 1 O=C1CN(C=CC=CC=C2C(=O)NC(=O)C2=O)CCN1 1.0000000 1.0000 0.8444663 0.8445 0.9201906 3.4073
 | 11.4856 62.6160 56.0247 0.9268804 O=C1NC(=S)NC(=O)C1=c1[nH]c(=O)[nH]c(=O)c1=C(O)C=CC=CN1CCNC1 1 O=C1NC(=S)NC(=O)C1=c1[nH]c(=O)[nH]c(=O)c1=CC=CC=CN1CCNC1 1.0000000 1.0000 0.8892231 0.8892 0.8243387 3.9929
 | 22.9099 60.5420 50.1921 0.8651101 COC1CN(C=CC=CC(O)=C2C(=O)N=C(NCCO)N(C)C2=O)C(=O)O1 1 O=C1N=CNC(=O)C1=CC=CC=CN1CCOC1=O 1.0000000 1.0000 0.7787706 0.7788 0.7238659 4.3722
 | 7.5930 55.6244 -55.6244 0.0000000 O=C1CN(C=CC=CC(O)=C2C(=O)N=C(N3CCOCC3)NC2=O)C(=O)C(=O)N1 1 O=C1CN(C=CC=CC=C2C(=O)N=C(N3CCOCC3)NC2=O)C(=O)C(=O)N1 1.0000000 1.0000 0.8391413 0.8391 0.8991234 3.5750
 | 14.3981 62.4306 44.8032 0.8377639 CN1C(=O)NCN(C=CC=CC(O)=C2CCOC(=N)NC2=O)C1=O 1 N=C1NC(=O)C(=CC=CC=CN2CNC(=O)NC2=O)CCO1 1.0000000 1.0000 0.6991862 0.6992 0.7385008 4.3237
 | 8.8609 56.5675 60.1727 0.9120325 O=C1CN(C=CC=CC(O)=C2C(=O)N=C(N3CCCC3)NC2=O)C(=O)C(=O)N1 1 O=C1CN(C=CC=CC=C2C(=O)N=C(N3CCCC3)NC2=O)C(=O)C(=O)N1 1.0000000 1.0000 0.8045666 0.8046 0.9022372 3.5523
 | 16.1022 65.6852 52.9372 0.9267381 CCN1C(=O)C(=O)C(=C(O)C=CC=CN2CC(=O)N(CCN=C(N)N)CC2=O)C1=O 1 O=C1CN(C=CC=CC=C2C(=O)NC(=O)C2=O)C(=O)CN1 1.0000000 1.0000 0.8491618 0.8492 0.8928758 3.6186
 | 26.4886 61.4598 50.8756 0.8776200 CN=C1N=C(NNC(C)=O)NC(=O)C1=C(O)C=CC=CN1CCCC1=O 1 N=C1N=CNC(=O)C1=CC=CC=CN1CCCC1=O 1.0000000 1.0000 0.7411306 0.7411 0.8512229 3.8637
 | 10.0270 70.2391 49.4455 0.9350357 Cn1c(=O)[nH]c(=C2NC(=O)NC2=O)c(=C(O)C=CC=CN2CC2)c1=O 1 O=C1NC(=O)C(=c2[nH]c(=O)[nH]c(=O)c2=CC=CC=CN2CC2)N1 1.0000000 1.0000 0.8819355 0.8819 0.8756562 3.7284
01:54:29 <INFO> Sampled SMILES O=C1C(=C(O)C=CC=CN2CC[N+](=CN(C)C)(C)C2=O)c2c1cccc2 failed to sanitize.
01:54:29 <INFO> Score: 0.68 Agent NLL: 15.55 Valid:  99% Step: 262
 | Agent Prior Target Score SMILES SMILES_state Scaffold DASA DASA (raw) Solubility Solubility (raw) SA SA (raw)
 | 9.1016 60.1649 51.1341 0.8695241 O=C1NCN(C=CC=CC(O)=C2NNNNC2=O)N1 1 O=C1NCN(C=CC=CC=C2NNNNC2=O)N1 1.0000000 1.0000 0.8880627 0.8881 0.5908158 4.7607
 | 11.5802 65.2942 49.6127 0.8977098 NC(=O)OC=C1CNC(=O)C1=C(O)C=CC=CN1CC(=O)N(CCO)CC1=O 1 C=C1CNC(=O)C1=CC=CC=CN1CC(=O)NCC1=O 1.0000000 1.0000 0.8092690 0.8093 0.8218667 4.0039
 | 8.3504 64.6765 53.9337 0.9266420 CN1C(=N)NC(=O)C(=C(O)C=CC=CN2CC(=O)N(CCO)C(=O)C2=O)C1=O 1 N=C1NC(=O)C(=CC=CC=CN2CC(=O)NC(=O)C2=O)C(=O)N1 1.0000000 1.0000 0.8611266 0.8611 0.8708044 3.7570
 | 25.3325 66.1424 -66.1424 0.0000000 O=C1C(=C(O)C=CC=CN2CC[N+](=CN(C)C)(C)C2=O)c2c1cccc2 0 -- 0.0000000 0.0000 0.0000000 0.0000 0.0000000 0.0000
 | 11.2914 70.9553 47.2287 0.9233124 O=C1NC(=S)NC(=O)C1=c1c(=O)[nH]c(=O)[nH]c(=O)c1=C(O)C=CC=CN1CCCN1 1 O=C1NC(=S)NC(=O)C1=c1c(=O)[nH]c(=O)[nH]c(=O)c1=CC=CC=CN1CCCN1 1.0000000 1.0000 0.8890285 0.8890 0.8081240 4.0633
 | 17.6159 82.4202 29.8823 0.8773631 CCn1c(=O)[nH]c(=C2C(=O)ON=C2N)c(=C(O)C=CC=CN2C=CCN(C)C2)c1=O 1 O=C1ON=CC1=c1[nH]c(=O)[nH]c(=O)c1=CC=CC=CN1C=CCNC1 1.0000000 1.0000 0.8095409 0.8095 0.7282389 4.3579
 | 17.6699 69.6445 36.9346 0.8326495 NC1C(=O)C(O)C(NC=CC=CC(O)=C2CC(=O)NC(=O)NC2=O)OC1CO 1 O=C1CCOC(NC=CC=CC=C2CC(=O)NC(=O)NC2=O)C1 1.0000000 1.0000 0.8766038 0.8766 0.4814163 5.0484
 | 14.4526 54.3428 -54.3428 0.0000000 CC(=CC=CC(O)=C1C(=O)NC(=O)NC1=O)N1CCCc2ccccc21 1 O=C1NC(=O)C(=CC=CC=CN2CCCc3ccccc32)C(=O)N1 1.0000000 1.0000 0.4729165 0.4729 0.9530815 3.0383
 | 19.2958 63.9308 40.7563 0.8178682 C=C1NC(=O)C(=C(O)C=CC=CN2CCCC2NC)C1O 1 C=C1CC(=CC=CC=CN2CCCC2)C(=O)N1 1.0000000 1.0000 0.7247827 0.7248 0.6112566 4.7052
 | 9.1848 56.3376 58.6692 0.8984904 CN1C(=O)NC(=O)C(=C(O)C=CC=CN2CC(=O)NC(=O)C2)C1O 1 O=C1CN(C=CC=CC=C2CNC(=O)NC2=O)CC(=O)N1 1.0000000 1.0000 0.8400850 0.8401 0.7733566 4.2004
01:54:30 <INFO> Sampled SMILES N1C(=O)N(C)C(=O)C(=C(O)C=CC=CN2CC(O)C2)C1=c1c2c(cc(O)c1O)c1c(cc2)=NC(=C)N=1 failed to sanitize.
01:54:30 <INFO> Score: 0.71 Agent NLL: 15.26 Valid:  99% Step: 263
 | Agent Prior Target Score SMILES SMILES_state Scaffold DASA DASA (raw) Solubility Solubility (raw) SA SA (raw)
 | 15.3822 59.3154 49.3981 0.8493239 O=C1CC(O)C(=C(O)C=CC=CN2C(=S)OCC2C(=O)O)C(=O)N1 1 O=C1CCC(=CC=CC=CN2CCOC2=S)C(=O)N1 1.0000000 1.0000 0.7737624 0.7738 0.6646174 4.5545
 | 15.5868 59.7044 -59.6873 0.0001342 O=NC=CC=CC(O)=c1c(=O)[nH]c(=CC=CN2CC2)[nH]c1=O 1 C=c1c(=O)[nH]c(=CC=CN2CC2)[nH]c1=O 0.0000000 0.0000 0.8033194 0.8033 0.6860619 4.4907
 | 19.8571 64.2821 46.5552 0.8659163 CN1CON(C=CC=CC(O)=C2C(=O)NC(=O)NC2=NO)C1 1 N=C1NC(=O)NC(=O)C1=CC=CC=CN1CNCO1 1.0000000 1.0000 0.7784066 0.7784 0.7280097 4.3586
 | 18.5361 55.7992 58.7000 0.8945251 N=C1NC(=O)C(=C(O)C=CC=CN2CCC2)N1CCO 1 N=C1NC(=O)C(=CC=CC=CN2CCC2)N1 1.0000000 1.0000 0.7890972 0.7891 0.8431063 3.9046
 | 25.7884 72.4893 28.9067 0.7921568 CN1CCCC1=CC1C(=O)C1=C(O)C=CC=CN1CCC(=O)C1=O 1 O=C1CCN(C=CC=CC=C2C(=O)C2C=C2CCCN2)C1=O 1.0000000 1.0000 0.5976227 0.5976 0.7244548 4.3703
 | 21.3038 86.1110 28.2987 0.8938256 CC(=O)NC1C(=O)C1=C(O)C=CC=CN1CC(=O)N(CCO)C(=O)C1=C(NCCO)NOCCO 1 C=C1C(=O)NC(=O)CN1C=CC=CC=C1CC1=O 1.0000000 1.0000 0.8836708 0.8837 0.6887613 4.4825
 | 9.8859 58.2861 60.4712 0.9277915 NC1=NC(=O)C(=C(O)C=CC=CN2CC(=O)N(CCO)C2=O)C(=O)N1 1 O=C1CN(C=CC=CC=C2C(=O)N=CNC2=O)C(=O)N1 1.0000000 1.0000 0.8559075 0.8559 0.8858649 3.6651
 | 14.7693 68.1902 42.0651 0.8613699 COC(O)=c1[nH]c(=O)c(=C(O)C=CC=CN2CN2C)c(=O)[nH]1 1 C=c1[nH]c(=O)c(=CC=CC=CN2CN2)c(=O)[nH]1 1.0000000 1.0000 0.8502271 0.8502 0.6068199 4.7173
 | 13.9366 65.9980 49.1040 0.8992340 N=C1NNC(=O)C(=C(O)C=CC=CN2CCCNC2=O)C(=O)N1 1 N=C1NNC(=O)C(=CC=CC=CN2CCCNC2=O)C(=O)N1 1.0000000 1.0000 0.8122166 0.8122 0.8239596 3.9946
 | 17.9093 67.0722 45.7888 0.8817266 O=C1NN(CCO)C(=O)C1=C(O)C=CC=CN1CN(CCO)C(=O)C(O)C1O 1 O=C1CCN(C=CC=CC=C2C(=O)NNC2=O)CN1 1.0000000 1.0000 0.9095560 0.9096 0.6096092 4.7097
01:54:31 <INFO> Sampled SMILES C(N1CCN(C)CC1)=CC=CC(=C1C(=O)NNN=C1)=O failed to sanitize.
01:54:31 <INFO> Score: 0.69 Agent NLL: 14.95 Valid:  99% Step: 264
 | Agent Prior Target Score SMILES SMILES_state Scaffold DASA DASA (raw) Solubility Solubility (raw) SA SA (raw)
 | 10.0927 50.2732 -50.2732 0.0000000 CN1C(=O)NC(=O)C(=C(O)C=CC=CN2CCC(=O)N2)C1=O 1 O=C1CCN(C=CC=CC=C2C(=O)NC(=O)NC2=O)N1 1.0000000 1.0000 0.7987543 0.7988 0.8937530 3.6126
 | 9.7669 54.8051 60.0663 0.8974329 NC1=NC(=O)C(=C(O)C=CC=CN2CCC(=O)C2O)C(=O)N1 1 O=C1CCN(C=CC=CC=C2C(=O)N=CNC2=O)C1 1.0000000 1.0000 0.8494662 0.8495 0.7537975 4.2711
 | 15.3334 62.5303 49.2486 0.8732726 CC1(O)C(=O)NC(=O)C1=C(O)C=CC=CN1CC(=O)NC(=O)C1O 1 O=C1CN(C=CC=CC=C2CC(=O)NC2=O)CC(=O)N1 1.0000000 1.0000 0.8767576 0.8768 0.6180127 4.6866
 | 15.1777 53.2907 62.2670 0.9027944 O=C1CCN(C=CC=CC(O)=C2NC(=O)NC2=O)N1 1 O=C1CCN(C=CC=CC=C2NC(=O)NC2=O)N1 1.0000000 1.0000 0.8170446 0.8170 0.8325520 3.9552
 | 11.2218 55.2975 59.5362 0.8971385 CC1(C)OC(=O)C(=O)N1C=CC=CC(O)=C1C(=O)NC(=O)NC1=O 1 O=C1NC(=O)C(=CC=CC=CN2COC(=O)C2=O)C(=O)N1 1.0000000 1.0000 0.7783757 0.7784 0.8768616 3.7212
 | 20.2065 69.8731 37.7855 0.8410825 CC1=CC(C)(C=c2c(=O)c2=C(O)C=CC=CN2CC(=O)NCC2=O)OC1=O 1 O=C1CN(C=CC=CC=c2c(=O)c2=CC2C=CC(=O)O2)C(=O)CN1 1.0000000 1.0000 0.8008399 0.8008 0.5945626 4.7506
 | 17.4605 59.5589 52.5409 0.8757800 N=C(N)NCC1CCN(C=CC=CC(O)=C2CC(=O)NC(=O)NC2=O)C1=O 1 O=C1CC(=CC=CC=CN2CCCC2=O)C(=O)NC(=O)N1 1.0000000 1.0000 0.7927482 0.7927 0.7483197 4.2901
 | 14.6956 58.3455 38.7018 0.7581824 CN1C(=O)C(=C(O)C=CC=CN2CCOCC2)C(=C2CC(=O)C(=O)c3ccccc32)C1=O 1 O=C1CC(=C2C(=O)NC(=O)C2=CC=CC=CN2CCOCC2)c2ccccc2C1=O 1.0000000 1.0000 0.4555304 0.4555 0.9255640 3.3581
 | 10.8980 50.4415 -50.4415 0.0000000 O=C1NCCOC(=O)C1=C(O)C=CC=CN1CCC(O)C1 1 O=C1NCCOC(=O)C1=CC=CC=CN1CCCC1 1.0000000 1.0000 0.7863077 0.7863 0.8161062 4.0292
 | 8.9485 52.6673 -52.6673 0.0000000 O=C1NC=CNC(=O)C1=C(O)C=CC=CN(CCO)CCO 1 C=C1C(=O)NC=CNC1=O 1.0000000 1.0000 0.8459460 0.8459 0.8497825 3.8711
01:54:31 <INFO> Sampled SMILES O=C1NC(=O)NC(=O)C(=C(O)C=CC=CN2CC(=O)[N+](=O)(C)C2=O)C1=O failed to sanitize.
01:54:31 <INFO> Sampled SMILES N1C(=O)C(=C(O)C=CC=CN2CC(=O)NCC(O)C2=O)n2c1N(C)C(=O)N2C failed to sanitize.
01:54:32 <INFO> Score: 0.70 Agent NLL: 14.88 Valid:  98% Step: 265
 | Agent Prior Target Score SMILES SMILES_state Scaffold DASA DASA (raw) Solubility Solubility (raw) SA SA (raw)
 | 6.8012 58.0487 -58.0487 0.0000000 O=C1NC(=O)C(=C(O)C=CC=CN2CC(=O)N(CCO)C(=O)C2=O)C(=O)N1 1 O=C1CN(C=CC=CC=C2C(=O)NC(=O)NC2=O)C(=O)C(=O)N1 1.0000000 1.0000 0.8740224 0.8740 0.9147811 3.4538
 | 13.9153 35.0721 -35.0545 0.0001375 O=C1NC(=O)C(=C(O)C=CN2CCCCCC2)C(=O)N1 1 O=C1NC(=O)C(=CC=CN2CCCCCC2)C(=O)N1 0.0000000 0.0000 0.7149225 0.7149 0.9580264 2.9624
 | 16.6227 66.5909 42.6211 0.8532192 CN1COC(=C(O)C=CC=CN2C(=O)OC(=C(O)CO)C2=O)C1=O 1 C=C1OC(=O)N(C=CC=CC=C2OCNC2=O)C1=O 1.0000000 1.0000 0.7348582 0.7349 0.7450956 4.3012
 | 6.8012 58.0487 -58.0487 0.0000000 O=C1NC(=O)C(=C(O)C=CC=CN2CC(=O)N(CCO)C(=O)C2=O)C(=O)N1 2 O=C1CN(C=CC=CC=C2C(=O)NC(=O)NC2=O)C(=O)C(=O)N1 0.0000000 1.0000 0.0000000 0.8740 0.0000000 3.4538
 | 12.4939 59.9479 -59.9479 0.0000000 CCN1C(=O)N(C)CN(C=CC=CC(O)=C2CC(=O)NC2=O)C1=O 1 O=C1CC(=CC=CC=CN2CNC(=O)NC2=O)C(=O)N1 1.0000000 1.0000 0.6793385 0.6793 0.8614266 3.8097
 | 17.8944 62.7894 46.1262 0.8509026 C=C1C(=O)N(C(=O)OC)CN1C=CC=CC(O)=C1C(=O)NNC1O 1 C=C1C(=O)NCN1C=CC=CC=C1CNNC1=O 1.0000000 1.0000 0.7880223 0.7880 0.6500199 4.5967
 | 15.6186 57.2592 51.4928 0.8496251 C=CCN1C(=O)CN(C=CC=CC(O)=C2C(=O)C(=S)N(C)C2=O)C1=O 1 O=C1CN(C=CC=CC=C2C(=O)NC(=S)C2=O)C(=O)N1 1.0000000 1.0000 0.6669156 0.6669 0.8636137 3.7977
 | 10.4520 54.2707 63.0836 0.9168303 N=C(N)N1NC(=O)C(=C(O)C=CC=CN(CCO)CCO)C1=N 1 C=C1C(=N)NNC1=O 1.0000000 1.0000 0.8638638 0.8639 0.8189130 4.0170
 | 21.7451 60.5279 54.7425 0.9005499 C=c1oc(=C(O)C=CC=CN2CN(C(=O)CCN)CCC2=O)c(=O)n1C 1 C=c1[nH]c(=O)c(=CC=CC=CN2CNCCC2=O)o1 1.0000000 1.0000 0.8160627 0.8161 0.8234736 3.9967
 | 10.8905 71.5657 43.4956 0.8989161 [N-]=[N+]=NC1=NC(=O)C(=C(O)C=CC=CN2CC(=O)N(CCO)C(=O)C2=O)C(=O)N1 1 O=C1CN(C=CC=CC=C2C(=O)N=CNC2=O)C(=O)C(=O)N1 1.0000000 1.0000 0.8124860 0.8125 0.8219545 4.0035
01:54:32 <INFO> Sampled SMILES S=C1N2C(=C(C=C)C1)C(=O)C(=C(O)C=CC=CN1CC(OC)OC1=O)OC=2 failed to sanitize.
01:54:33 <INFO> Score: 0.71 Agent NLL: 14.89 Valid:  99% Step: 266
 | Agent Prior Target Score SMILES SMILES_state Scaffold DASA DASA (raw) Solubility Solubility (raw) SA SA (raw)
 | 13.5621 48.2911 50.5952 0.7725490 O=C1CCC1=C(O)C=CC=CN1C=CCC1 1 O=C1CCC1=CC=CC=CN1C=CCC1 1.0000000 1.0000 0.5235726 0.5236 0.8005748 4.0946
 | 11.6026 41.1294 -41.1102 0.0001496 O=C1NC(=O)C(=O)C(=C2C(=O)NNC2=O)C(=O)N1 1 O=C1NC(=O)C(=O)C(=C2C(=O)NNC2=O)C(=O)N1 0.0000000 0.0000 0.9336805 0.9337 0.9342526 3.2711
 | 24.5438 75.3245 30.5905 0.8274610 CC(O)=C1C(=O)N(C)CN1C=CC=CC(O)=C1C(=O)NC(OC(N)=O)CN1CCO 1 C=C1C(=O)NCN1C=CC=CC=C1NCCNC1=O 1.0000000 1.0000 0.7535725 0.7536 0.6070237 4.7167
 | 17.5191 37.1867 -37.1690 0.0001382 CC(CO)N1CC(C)(C)OC(C)(C)C(=O)C1=O 1 O=C1COCCNC1=O 0.0000000 0.0000 0.7560658 0.7561 0.8921310 3.6237
 | 14.4827 57.8131 58.9927 0.9125454 CN(C)C=c1c(=O)oc(=C(O)C=CC=CN2CC(=O)NCC2=O)c(=O)n1C 1 C=c1[nH]c(=O)c(=CC=CC=CN2CC(=O)NCC2=O)oc1=O 1.0000000 1.0000 0.8626512 0.8627 0.8009852 4.0929
 | 12.7899 67.0651 40.4660 0.8400871 CCN1C(=O)NC(=N)C(=C(O)C=CC=CN2CCC(C(=O)O)C2)C1=O 1 N=C1NC(=O)NC(=O)C1=CC=CC=CN1CCCC1 1.0000000 1.0000 0.6630307 0.6630 0.8222781 4.0021
 | 11.2917 71.2174 38.8447 0.8598605 CC(O)=C1C(=O)N(C=CC=CC(O)=C2C(=N)NC(=O)N(C)C2=O)C1=O 1 C=C1C(=O)N(C=CC=CC=C2C(=N)NC(=O)NC2=O)C1=O 1.0000000 1.0000 0.7040632 0.7041 0.8364244 3.9369
 | 14.7858 56.3248 54.2153 0.8635946 COC1NC(=O)NC(=O)C1=C(O)C=CC=CN1CC(O)C1=O 1 O=C1NCC(=CC=CC=CN2CCC2=O)C(=O)N1 1.0000000 1.0000 0.8290874 0.8291 0.6428007 4.6173
 | 14.2428 61.3701 52.3894 0.8887461 CC(=O)NC1C(=O)C1=C(O)C=CC=CN1CC(=O)N(CCCCN)CC1=O 1 O=C1CN(C=CC=CC=C2CC2=O)C(=O)CN1 1.0000000 1.0000 0.7851891 0.7852 0.8220115 4.0033
 | 18.7078 54.6920 59.8866 0.8951458 CC(=O)NC1=NC(=O)C(=C(O)C=CC=CN2CN(C)C(N)=N2)C1=O 1 O=C1C=NC(=O)C1=CC=CC=CN1CNC=N1 1.0000000 1.0000 0.8067286 0.8067 0.8140841 4.0380
01:54:34 <INFO> Score: 0.70 Agent NLL: 15.85 Valid: 100% Step: 267
 | Agent Prior Target Score SMILES SMILES_state Scaffold DASA DASA (raw) Solubility Solubility (raw) SA SA (raw)
 | 11.0685 51.4208 -51.4208 0.0000000 O=C1NCC(=O)C(O)C1=C(O)C=CC=CN(CCO)CCO 1 C=C1CC(=O)CNC1=O 1.0000000 1.0000 0.8762436 0.8762 0.7644868 4.2330
 | 21.6597 70.9880 40.0758 0.8676859 O=C1NC(=O)N(N=CCN2CCOCC2)C(O)C1=C(O)C=CC=CN1CCNC1 1 O=C1NC(=O)N(N=CCN2CCOCC2)CC1=CC=CC=CN1CCNC1 1.0000000 1.0000 0.7832762 0.7833 0.7278670 4.3591
 | 10.8662 53.3288 62.0818 0.9016456 O=C1CN(C=CC=CC(O)=C2C(=O)NCC2O)CC(=O)N1 1 O=C1CN(C=CC=CC=C2CCNC2=O)CC(=O)N1 1.0000000 1.0000 0.8612711 0.8613 0.7541252 4.2699
 | 22.2145 50.7047 -50.6903 0.0001128 OC(C=CC=CN1CC1)=C1CC2NC1C(O)C2O 1 C(=CC=C1CC2CCC1N2)C=CN1CC1 0.0000000 0.0000 0.8091946 0.8092 0.2723814 5.6401
 | 17.2954 69.7065 34.4497 0.8137205 COC1=CC(=C2C(=O)NC(=O)C2=C(O)C=CC=CN2CC(O)C2=O)C=C(C)O1 1 O=C1NC(=O)C(=C2C=COC=C2)C1=CC=CC=CN1CCC1=O 1.0000000 1.0000 0.6632684 0.6633 0.6950864 4.4632
 | 15.0992 60.3260 53.0623 0.8858465 CC(=c1cnc(=C(O)C=CC=CN2CCC(=O)N2)c(=O)[nH]1)N1CCN(C)CC1 1 O=C1CCN(C=CC=CC=c2ncc(=CN3CCNCC3)[nH]c2=O)N1 1.0000000 1.0000 0.7863052 0.7863 0.8060232 4.0721
 | 11.2264 55.3633 60.5222 0.9053557 NC1=NNC(=O)C1=C(O)C=CC=CN1CCC(=O)NC1=O 1 O=C1CCN(C=CC=CC=C2C=NNC2=O)C(=O)N1 1.0000000 1.0000 0.8137157 0.8137 0.8510868 3.8644
 | 14.0871 66.7647 51.9699 0.9276141 O=C1NCCN1C=CC=CC(O)=c1c(=O)[nH]c(=O)[nH]c(=O)c1=COCCO 1 C=c1c(=O)[nH]c(=O)[nH]c(=O)c1=CC=CC=CN1CCNC1=O 1.0000000 1.0000 0.8863449 0.8863 0.8324801 3.9555
 | 22.1605 63.0489 44.1207 0.8372630 N=C1NC(=O)NC(=O)C1=C(O)C=CC=CN1C(=O)CC2OCC(=O)C21 1 N=C1NC(=O)NC(=O)C1=CC=CC=CN1C(=O)CC2OCC(=O)C21 1.0000000 1.0000 0.7784492 0.7784 0.6100593 4.7084
 | 20.8528 64.7134 48.8837 0.8874774 NC(O)N=C1NC(=O)NC(=O)C1=C(O)C=CC=CN1CC(O)C1 1 N=C1NC(=O)NC(=O)C1=CC=CC=CN1CCC1 1.0000000 1.0000 0.8666515 0.8667 0.6864328 4.4896
01:54:34 <INFO> Score: 0.71 Agent NLL: 16.47 Valid:  98% Step: 268
 | Agent Prior Target Score SMILES SMILES_state Scaffold DASA DASA (raw) Solubility Solubility (raw) SA SA (raw)
 | 15.2702 65.3345 49.4120 0.8964570 O=C1N=C(NC(=O)N2CCOCC2)NC(=O)C1=C(O)C=CC=CN1CNC1=O 1 O=C1N=C(NC(=O)N2CCOCC2)NC(=O)C1=CC=CC=CN1CNC1=O 1.0000000 1.0000 0.7742665 0.7743 0.8814982 3.6928
 | 10.2120 62.3000 57.4786 0.9357703 NC(N)=NN=C1C(=O)NC(=O)C1=C(O)C=CC=CN1CC(=O)N(CCO)CC1=O 1 N=C1C(=O)NC(=O)C1=CC=CC=CN1CC(=O)NCC1=O 1.0000000 1.0000 0.8923302 0.8923 0.8614279 3.8097
 | 10.0297 60.4605 55.8995 0.9090629 O=C1CN(C=CC=CC(O)=C2C(=O)NCC(O)NC2=O)C(=O)C(=O)N1 1 O=C1CN(C=CC=CC=C2C(=O)NCCNC2=O)C(=O)C(=O)N1 1.0000000 1.0000 0.8970665 0.8971 0.7331200 4.3417
 | 16.4090 78.3554 29.7984 0.8449519 CCN1C(=O)NC(=NO)C(=C(O)C=CC=CN2C(=O)C(=O)OC2(C)C)C1=O 1 N=C1NC(=O)NC(=O)C1=CC=CC=CN1COC(=O)C1=O 1.0000000 1.0000 0.6779825 0.6780 0.8151462 4.0334
 | 16.3943 61.0074 27.7102 0.6931063 CC=CC1C(=O)C1=C(O)C=CC=CN1C=C(C)N(C)C1 1 O=C1CC1=CC=CC=CN1C=CNC1 1.0000000 1.0000 0.4500940 0.4501 0.5900903 4.7627
 | 6.7365 54.0282 65.3253 0.9324492 NC1=NC(=O)C(=C(O)C=CC=CN2CC(=O)NC(=O)C2)C(=O)N1 1 O=C1CN(C=CC=CC=C2C(=O)N=CNC2=O)CC(=O)N1 1.0000000 1.0000 0.8736705 0.8737 0.8773516 3.7182
 | 12.1801 66.6429 35.4653 0.7977198 CC1C(=N)OC(=C(O)C=CC=CN2CC([N+](=O)[O-])=C(N3CCOCC3)C2=O)C1=O 1 N=C1CC(=O)C(=CC=CC=CN2CC=C(N3CCOCC3)C2=O)O1 1.0000000 1.0000 0.6335749 0.6336 0.6785282 4.5134
 | 14.1260 62.1806 47.8802 0.8598501 CC1NC(=O)C(=C(O)C=CC=CN2CN(CCO)C2=O)OC1=O 1 O=C1CNC(=O)C(=CC=CC=CN2CNC2=O)O1 1.0000000 1.0000 0.7838980 0.7839 0.6930511 4.4695
 | 14.1300 76.2262 37.7694 0.8905904 O=C1NC(=O)C(=c2[nH]c(=O)[nH]c(=O)c2=C(O)C=CC=CN2CNCC2=O)C(O)N1 1 O=C1NCC(=c2[nH]c(=O)[nH]c(=O)c2=CC=CC=CN2CNCC2=O)C(=O)N1 1.0000000 1.0000 0.9187694 0.9188 0.6312452 4.6498
 | 12.9630 61.6194 54.9471 0.9106753 CON=C1CN(C=CC=CC(O)=C2C(=O)N=C(N)NC2=O)C1=O 1 N=C1CN(C=CC=CC=C2C(=O)N=CNC2=O)C1=O 1.0000000 1.0000 0.8349803 0.8350 0.8389292 3.9249
01:54:35 <INFO> Score: 0.73 Agent NLL: 15.74 Valid: 100% Step: 269
 | Agent Prior Target Score SMILES SMILES_state Scaffold DASA DASA (raw) Solubility Solubility (raw) SA SA (raw)
 | 10.8393 60.3036 59.0724 0.9326250 O=C1NC(=S)NC(=O)C1=C(O)C=CC=CN1CC(=O)N(CCO)C(=O)C1=O 1 O=C1CN(C=CC=CC=C2C(=O)NC(=S)NC2=O)C(=O)C(=O)N1 1.0000000 1.0000 0.8593569 0.8594 0.9039787 3.5393
 | 19.4965 61.0062 49.9799 0.8670791 CN1C(=O)C(=C(O)C=CC=CN2CCNC(=O)C2)OC1(CO)OCCCO 1 O=C1CN(C=CC=CC=C2OCNC2=O)CCN1 1.0000000 1.0000 0.8173202 0.8173 0.6731653 4.5293
 | 13.8091 70.3975 46.7610 0.9153007 O=C1CN(C=CC=CC(O)=C2C(=O)N(C3NC3=O)C2=O)CC(=O)N1 1 O=C1CN(C=CC=CC=C2C(=O)N(C3NC3=O)C2=O)CC(=O)N1 1.0000000 1.0000 0.8790193 0.8790 0.7874311 4.1469
 | 13.1793 60.5663 -60.5663 0.0000000 CCN1C(=O)C(=O)C(=C(O)C=CC=CN2CC(=O)N(C)C(=O)C2=O)C1=O 1 O=C1CN(C=CC=CC=C2C(=O)NC(=O)C2=O)C(=O)C(=O)N1 1.0000000 1.0000 0.8140404 0.8140 0.9148606 3.4532
 | 13.8463 48.9449 66.0910 0.8987182 CN1C(=O)C(=C(O)C=CC=CN2CC2)C(O)C1=O 1 O=C1CC(=CC=CC=CN2CC2)C(=O)N1 1.0000000 1.0000 0.8159732 0.8160 0.8148747 4.0346
 | 10.2869 55.5157 57.5436 0.8832758 CN1C(=N)NC(=O)C(=C(O)C=CC=CN2CC(=O)C(N)C2=O)C1=O 1 N=C1NC(=O)C(=CC=CC=CN2CC(=O)CC2=O)C(=O)N1 1.0000000 1.0000 0.8517115 0.8517 0.6902300 4.4781
 | 10.6441 61.2091 58.4330 0.9347040 CN(C)C=CC=CC(O)=c1c(=O)[nH][nH]c(=O)c1=C1C(=O)NC(=O)NC1=O 1 C=c1c(=O)[nH][nH]c(=O)c1=C1C(=O)NC(=O)NC1=O 1.0000000 1.0000 0.8839794 0.8840 0.8704931 3.7588
 | 9.9590 77.1403 41.2921 0.9252531 Cn1c(=O)[nH]c(=C2NC(=O)NC2=O)c(=C(O)C=CC=CN2CCC(=O)N2)c1=O 1 O=C1CCN(C=CC=CC=c2c(=O)[nH]c(=O)[nH]c2=C2NC(=O)NC2=O)N1 1.0000000 1.0000 0.8894943 0.8895 0.8163331 4.0282
 | 15.7854 81.6892 30.8760 0.8794153 CCN1C(=O)NC(=NOCCO)C(=C(O)C=CC=CN2CN=C(N)NC2=O)C1=O 1 N=C1NC(=O)NC(=O)C1=CC=CC=CN1CN=CNC1=O 1.0000000 1.0000 0.7799701 0.7800 0.7868322 4.1493
 | 6.3954 53.4837 -53.4837 0.0000000 NC1=NC(=O)C(=C(O)C=CC=CN2CC(=O)NC(=O)C2=O)C(=O)N1 1 O=C1CN(C=CC=CC=C2C(=O)N=CNC2=O)C(=O)C(=O)N1 1.0000000 1.0000 0.8878254 0.8878 0.8793742 3.7059
01:54:36 <INFO> Score: 0.71 Agent NLL: 15.67 Valid: 100% Step: 270
 | Agent Prior Target Score SMILES SMILES_state Scaffold DASA DASA (raw) Solubility Solubility (raw) SA SA (raw)
 | 11.3521 51.2613 58.8480 0.8602289 CN1NC(=O)C(=C(O)C=CC=CN2CCC(O)C2)C1O 1 O=C1NNCC1=CC=CC=CN1CCCC1 1.0000000 1.0000 0.8181520 0.8182 0.6445612 4.6123
 | 23.3306 70.6714 31.1777 0.7956954 NC(=O)OC=C1C(=O)OC2C(=C(O)C=CC=CN3CCCOC3)C(=O)NC12 1 C=C1C(=O)OC2C(=CC=CC=CN3CCCOC3)C(=O)NC12 1.0000000 1.0000 0.7127021 0.7127 0.5449188 4.8826
 | 10.6546 60.1538 49.8476 0.8593854 O=C1NNC(O)C1=C(O)C=CC=CN1CC(O)C1=O 1 O=C1NNCC1=CC=CC=CN1CCC1=O 1.0000000 1.0000 0.8853266 0.8853 0.5585417 4.8468
 | 13.0866 41.8165 -41.8165 0.0000000 CN1CCC(=C(O)C=CC=CN2CCOCC2)C1=O 1 O=C1NCCC1=CC=CC=CN1CCOCC1 1.0000000 1.0000 0.6832536 0.6833 0.9183003 3.4239
 | 14.3867 77.3670 38.6716 0.9065511 CC1=NCN(C=CC=CC(O)=c2c(=O)[nH]c(=O)[nH]c2=C2NC(=O)NC2=O)N1 1 O=C1NC(=O)C(=c2[nH]c(=O)[nH]c(=O)c2=CC=CC=CN2CN=CN2)N1 1.0000000 1.0000 0.8767558 0.8768 0.7520935 4.2770
 | 13.3277 76.7957 39.0587 0.9051125 Cn1c(=O)[nH]c(=C2NC(=O)NC2=O)c(=C(O)C=CC=CN2CCC(CO)C2)c1=O 1 O=C1NC(=O)C(=c2[nH]c(=O)[nH]c(=O)c2=CC=CC=CN2CCCC2)N1 1.0000000 1.0000 0.8633579 0.8634 0.7662218 4.2267
 | 9.5465 71.2856 49.0337 0.9399950 O=C1NC(=O)C(=c2c(=O)[nH]c(=O)[nH]c(=O)c2=C(O)C=CC=CN2CCNC2)C(=O)N1 1 O=C1NC(=O)C(=c2c(=O)[nH]c(=O)[nH]c(=O)c2=CC=CC=CN2CCNC2)C(=O)N1 1.0000000 1.0000 0.9128455 0.9128 0.8476446 3.8820
 | 11.3711 55.7214 61.3045 0.9142651 CNC1=NC(=O)C(=C(O)C=CC=CN2CC(=O)NC2=O)C(=O)N1 1 O=C1CN(C=CC=CC=C2C(=O)N=CNC2=O)C(=O)N1 1.0000000 1.0000 0.8312044 0.8312 0.8632566 3.7996
 | 8.3957 65.0487 54.3827 0.9330581 CNC1=NC(=O)C(=C(O)C=CC=CN2CC(=O)N(CCO)C(=O)C2=O)C(=O)N1 1 O=C1CN(C=CC=CC=C2C(=O)N=CNC2=O)C(=O)C(=O)N1 1.0000000 1.0000 0.8743379 0.8743 0.8791880 3.7070
 | 10.6207 54.6750 -54.6750 0.0000000 O=C1CCC(=C(O)C=CC=CN2C(=O)CNC(=O)C2=O)C(=O)N1 1 O=C1CCC(=CC=CC=CN2C(=O)CNC(=O)C2=O)C(=O)N1 1.0000000 1.0000 0.8233816 0.8234 0.8720684 3.7496
01:54:37 <INFO> Score: 0.71 Agent NLL: 16.43 Valid:  99% Step: 271
 | Agent Prior Target Score SMILES SMILES_state Scaffold DASA DASA (raw) Solubility Solubility (raw) SA SA (raw)
 | 13.8670 59.8941 46.4549 0.8308517 CC=c1o[nH]c(=O)c1=C(O)C=CC=CN1C=CN(CC)C(=O)C1 1 C=c1o[nH]c(=O)c1=CC=CC=CN1C=CNC(=O)C1 1.0000000 1.0000 0.7210961 0.7211 0.6699007 4.5390
 | 11.9096 63.9250 54.8044 0.9275733 NCCCCNCCCNC1=NC(=O)C(=C(O)C=CC=CN2CC(=O)NC(=O)C2=O)C(=O)N1 1 O=C1CN(C=CC=CC=C2C(=O)N=CNC2=O)C(=O)C(=O)N1 1.0000000 1.0000 0.8537197 0.8537 0.8887435 3.6463
 | 10.3834 60.5391 56.6648 0.9156552 COC1=NNC(=O)C(=C(O)C=CC=CN2CC(=O)NC(=O)C2)C(=O)N1 1 O=C1CN(C=CC=CC=C2C(=O)NC=NNC2=O)CC(=O)N1 1.0000000 1.0000 0.8510010 0.8510 0.8350554 3.9434
 | 37.6765 86.2950 5.0203 0.7134011 CN1C=CC2C(=O)C(O)C3(C)CN(C=CC=CC(O)=c4c(=O)[nH]c(=C5C(=O)NC(=S)NC5=O)[nH]c4=O)C1C23 1 O=C1NC(=S)NC(=O)C1=c1[nH]c(=O)c(=CC=CC=CN2CC3CC(=O)C4C=CNC2C34)c(=O)[nH]1 1.0000000 1.0000 0.8060429 0.8060 0.2476713 5.7238
 | 10.2489 52.0075 -52.0075 0.0000000 O=C1NC(CO)NC(=O)C1=C(O)C=CC=CN(CCO)CCO 1 C=C1C(=O)NCNC1=O 1.0000000 1.0000 0.8947607 0.8948 0.8561473 3.8381
 | 12.9014 62.0431 47.2212 0.8536272 CN1C(=O)C(=C(O)C=CC=CN2CN=C(N)NC2=O)OCC1CO 1 O=C1NCCOC1=CC=CC=CN1CN=CNC1=O 1.0000000 1.0000 0.8083646 0.8084 0.6321868 4.6472
 | 12.0732 62.5699 46.4162 0.8514537 O=C1NC(=NO)OC(=O)C1=C(O)C=CC=CN1CC(O)C(O)C1=O 1 N=C1NC(=O)C(=CC=CC=CN2CCCC2=O)C(=O)O1 1.0000000 1.0000 0.8624822 0.8625 0.5569071 4.8511
 | 10.2317 56.2152 57.1673 0.8858010 NC1NC(=O)NC(=O)C1=C(O)C=CC=CN1CNCC1=O 1 O=C1NCC(=CC=CC=CN2CNCC2=O)C(=O)N1 1.0000000 1.0000 0.8581586 0.8582 0.6914675 4.4743
 | 12.0906 61.6910 51.0462 0.8807597 C=c1[nH]c(=O)c(=C(O)C=CC=CN2CC(CN)C2=O)c(=O)[nH]1 1 C=c1[nH]c(=O)c(=CC=CC=CN2CCC2=O)c(=O)[nH]1 1.0000000 1.0000 0.8781844 0.8782 0.6445053 4.6124
 | 15.5916 60.5213 43.9304 0.8160289 CN1CC=CN(C=CC=CC(O)=C2OC=C(C=O)NC2=O)C1 1 O=C1NC=COC1=CC=CC=CN1C=CCNC1 1.0000000 1.0000 0.6966512 0.6967 0.6474066 4.6041
01:54:38 <INFO> Score: 0.73 Agent NLL: 15.80 Valid:  99% Step: 272
 | Agent Prior Target Score SMILES SMILES_state Scaffold DASA DASA (raw) Solubility Solubility (raw) SA SA (raw)
 | 17.7013 67.7058 41.6065 0.8540028 CCCCNC(=O)NC1=NC(=O)C(=C(O)C=CC=CN2CC=NC2=O)C(=O)N1 1 O=C1N=CNC(=O)C1=CC=CC=CN1CC=NC1=O 1.0000000 1.0000 0.6737940 0.6738 0.8714424 3.7533
 | 17.0400 68.4129 45.0462 0.8863996 CN1C(=O)CCN1C=CC=CC(O)=C1C(=O)NOC1=NNC(N)=O 1 N=C1ONC(=O)C1=CC=CC=CN1CCC(=O)N1 1.0000000 1.0000 0.8078529 0.8079 0.7713007 4.2081
 | 11.4014 56.9316 60.6223 0.9183898 NC(N)=NC=CCNC1=NC(=O)C(=C(O)C=CC=CN(CCO)CCO)C(=O)N1 1 C=C1C(=O)N=CNC1=O 1.0000000 1.0000 0.8789340 0.8789 0.8016201 4.0903
 | 12.1919 59.2313 59.1821 0.9251047 NC(=O)NC1=NC(=O)C(=C(O)C=CC=CN2CC(O)C2)C(=O)N1 1 O=C1N=CNC(=O)C1=CC=CC=CN1CCC1 1.0000000 1.0000 0.8526877 0.8527 0.8782529 3.7128
 | 17.6575 64.8298 37.9095 0.8026501 CN1C(=O)N(C=CC=CC(O)=C2C(=O)NC(=O)C2O)CC1(O)CN=C=S 1 O=C1CC(=CC=CC=CN2CCNC2=O)C(=O)N1 1.0000000 1.0000 0.7845391 0.7845 0.4821559 5.0465
 | 14.7284 65.6694 48.8221 0.8944652 CC1(C)C(=O)NC(=O)C(=C(O)C=CC=CN2CC(=O)N(CCO)C(=O)C2=O)C1O 1 O=C1CN(C=CC=CC=C2CCC(=O)NC2=O)C(=O)C(=O)N1 1.0000000 1.0000 0.8263049 0.8263 0.7775217 4.1849
 | 12.4894 57.6606 53.1612 0.8657948 O=C1CCN(C=CC=CC(O)=C2C(=O)CC(=O)C2O)N1 1 O=C1CC(=O)C(=CC=CC=CN2CCC(=O)N2)C1 1.0000000 1.0000 0.8024631 0.8025 0.6897388 4.4796
 | 14.6713 66.1689 -66.1689 0.0000000 O=COCNC1=NC(=O)C(=C(O)C=CC=CN2CC(=O)NC(=O)C2=O)C(=O)N1 1 O=C1CN(C=CC=CC=C2C(=O)N=CNC2=O)C(=O)C(=O)N1 1.0000000 1.0000 0.8871995 0.8872 0.8223963 4.0016
 | 16.2613 20.7959 -20.7769 0.0001483 CN1CN(C)C(=O)C1=O 1 O=C1NCNC1=O 0.0000000 0.0000 0.8915856 0.8916 0.9686267 2.7656
 | 29.4576 95.1179 -95.1179 0.0000000 N1C(=O)N(C)C(=O)C(=C(O)C=CC=CN2CN(C)CC2CO)C1=CC=CC1C(O)C2=CCC3C(C2(C)CC1)CCC1=C1CCC(=O)C3 0 -- 0.0000000 0.0000 0.0000000 0.0000 0.0000000 0.0000
01:54:39 <INFO> Sampled SMILES O=C1NC(=O)C(=C(O)C=CC=CN2CN(C)CCO2)C([N-]=C)C=C1OCCC2CC1CCN1CC2 failed to sanitize.
01:54:39 <INFO> Score: 0.71 Agent NLL: 15.92 Valid:  99% Step: 273
 | Agent Prior Target Score SMILES SMILES_state Scaffold DASA DASA (raw) Solubility Solubility (raw) SA SA (raw)
 | 12.5358 65.0032 52.2379 0.9159460 O=C1C(=c2c(=O)[nH]c(=O)[nH]c(=O)c2=C(O)C=CC=CNCCO)N(CCO)c2ccccc21 1 C=c1c(=O)[nH]c(=O)[nH]c(=O)c1=C1Nc2ccccc2C1=O 1.0000000 1.0000 0.8178599 0.8179 0.8966618 3.5924
 | 9.4611 52.4306 -52.4306 0.0000000 CN1CCOC(=C(O)C=CC=CN2CNCC2=O)C1=O 1 O=C1NCCOC1=CC=CC=CN1CNCC1=O 1.0000000 1.0000 0.7887767 0.7888 0.8222508 4.0022
 | 8.0989 61.4785 -61.4785 0.0000000 O=C1NC(=O)C(=O)C(=C(O)C=CC=CN2C(=O)CNC(=O)C2=O)C(=O)N1 1 O=C1NC(=O)C(=O)C(=CC=CC=CN2C(=O)CNC(=O)C2=O)C(=O)N1 1.0000000 1.0000 0.8776725 0.8777 0.8892924 3.6427
 | 14.3114 61.0202 51.5976 0.8798267 C=CCN1CC(=O)N(C=CC=CC(O)=C2C(=N)N(C)NC2=O)CC1=O 1 N=C1NNC(=O)C1=CC=CC=CN1CC(=O)NCC1=O 1.0000000 1.0000 0.7626594 0.7627 0.8203636 4.0106
 | 23.9678 83.6807 27.5736 0.8691738 O=C(O)C(CO)N1C(=O)NCN1C=CC=CC(O)=c1c(=O)[nH][nH]c(=O)c1=CCO 1 C=c1c(=O)[nH][nH]c(=O)c1=CC=CC=CN1CNC(=O)N1 1.0000000 1.0000 0.9075684 0.9076 0.5675719 4.8228
 | 18.8969 63.5125 44.0765 0.8405390 CN1CC(N)CN(C=CC=CC(O)=C2C(=O)NNCC2O)C1 1 O=C1NNCCC1=CC=CC=CN1CCCNC1 1.0000000 1.0000 0.8498428 0.8498 0.5340555 4.9111
 | 14.0496 72.5427 40.3319 0.8818323 CN1NC(=O)C(=C(O)C=CC=CN2CNC2=O)C1=NNC(=N)N 1 N=C1NNC(=O)C1=CC=CC=CN1CNC1=O 1.0000000 1.0000 0.8377096 0.8377 0.7044706 4.4341
 | 16.3096 66.3040 50.6737 0.9138887 CONC(N)=NCCNC1=NC(=O)C(=C(O)C=CC=CN2CCNC2=O)C(=O)N1 1 O=C1N=CNC(=O)C1=CC=CC=CN1CCNC1=O 1.0000000 1.0000 0.8453606 0.8454 0.8363083 3.9375
 | 20.9935 64.6443 34.1691 0.7719799 CC(=O)OC=C1C(=O)N(C)C(=O)C1=C(O)C=CC=CN1C=CSCC1 1 C=C1C(=O)NC(=O)C1=CC=CC=CN1C=CSCC1 1.0000000 1.0000 0.5270756 0.5271 0.7882318 4.1438
 | 9.3452 60.4446 -60.4446 0.0000000 CN1C(=O)C(=C(O)C=CC=CN2CC(=O)N(CCO)C(=O)C2=O)C1=O 1 O=C1CN(C=CC=CC=C2C(=O)NC2=O)C(=O)C(=O)N1 1.0000000 1.0000 0.8578224 0.8578 0.9188643 3.4189
01:54:40 <INFO> Score: 0.70 Agent NLL: 16.49 Valid:  99% Step: 274
 | Agent Prior Target Score SMILES SMILES_state Scaffold DASA DASA (raw) Solubility Solubility (raw) SA SA (raw)
 | 15.5704 56.0756 52.1733 0.8456949 CC1=NN(C=CC=CC(O)=C2C(=O)C=CNC2=O)OC1 1 O=C1C=CNC(=O)C1=CC=CC=CN1N=CCO1 1.0000000 1.0000 0.7112580 0.7113 0.7530512 4.2737
 | 22.9661 89.4826 20.9997 0.8631423 CCOC(=O)NC(N)=NC1=NNC(=O)C(=C(O)C=CC=CN2CC(=O)NC(=O)C2F)C(=O)N1 1 O=C1CN(C=CC=CC=C2C(=O)NC=NNC2=O)CC(=O)N1 1.0000000 1.0000 0.8106056 0.8106 0.6668310 4.5480
 | 10.3740 55.2923 60.0333 0.9009810 C=CCN1C(=O)CN(C=CC=CC(O)=C2C(=O)N=C(N)NC2=O)C1=O 1 O=C1CN(C=CC=CC=C2C(=O)N=CNC2=O)C(=O)N1 1.0000000 1.0000 0.7897378 0.7897 0.8743032 3.7365
 | 16.5973 66.1269 48.5258 0.8957242 NCC1CN(C=CC=CC(O)=C2C(=O)NC(=O)NC2=O)C(C(=O)O)=NO1 1 O=C1NC(=O)C(=CC=CC=CN2C=NOCC2)C(=O)N1 1.0000000 1.0000 0.8380101 0.8380 0.7642387 4.2339
 | 12.1129 57.2266 55.3164 0.8792428 C=CCNC1=NC(=O)C(=C(O)C=CC=CN2CCC(N)C2=O)C(=O)N1 1 O=C1N=CNC(=O)C1=CC=CC=CN1CCCC1=O 1.0000000 1.0000 0.7945413 0.7945 0.7609700 4.2456
 | 17.0069 82.9727 29.1749 0.8761530 CC(=CN)OCCCN1NC(=O)C(=C(O)C=CC=CN2CC(=O)N(CCO)CC2=O)C1=N 1 N=C1NNC(=O)C1=CC=CC=CN1CC(=O)NCC1=O 1.0000000 1.0000 0.7726861 0.7727 0.7844031 4.1587
 | 10.4134 54.3888 61.5288 0.9056061 CC(C)=NNC1=NC(=O)C(=C(O)C=CC=CN(CCO)CCO)C(=O)N1 1 C=C1C(=O)N=CNC1=O 1.0000000 1.0000 0.8055469 0.8055 0.8675061 3.7759
 | 15.9993 81.4646 29.2093 0.8646398 O=C1CN(C=CC=CC(O)=C2C(=O)N=C(NN=CC=CN3CCC=[N+]3[O-])NC2=O)C(=O)C(=O)N1 1 O=C1CN(C=CC=CC=C2C(=O)N=C(NN=CC=CN3CCC=[NH+]3)NC2=O)C(=O)C(=O)N1 1.0000000 1.0000 0.8227928 0.8228 0.6555811 4.5807
 | 16.4473 67.6377 25.5803 0.7282652 N=C1NCN1C=CC=CC(O)=C1SSSNC1=O 1 N=C1NCN1C=CC=CC=C1SSSNC1=O 1.0000000 1.0000 0.5807330 0.5807 0.4898479 5.0265
 | 22.5408 60.6610 48.5735 0.8533942 C=C1C(O)C(=C(O)C=CC=CN)C(=O)C1NC(C)=O 1 C=C1CC(=C)C(=O)C1 1.0000000 1.0000 0.7888995 0.7889 0.6587913 4.5714
01:54:41 <INFO> Score: 0.73 Agent NLL: 15.59 Valid: 100% Step: 275
 | Agent Prior Target Score SMILES SMILES_state Scaffold DASA DASA (raw) Solubility Solubility (raw) SA SA (raw)
 | 15.5498 65.3340 47.1710 0.8789458 COCOC1=CC=NC(=C(O)C=CC=CN2CC(=O)NC(=O)C2)C(=O)N1 1 O=C1CN(C=CC=CC=C2N=CC=CNC2=O)CC(=O)N1 1.0000000 1.0000 0.7751538 0.7752 0.7931805 4.1243
 | 22.1002 80.0874 31.8537 0.8745396 O=c1[nH]c(=O)c(=CN2CC2)c(=C(O)C=CC=CN2CNC(=CF)O2)c(=O)[nH]1 1 C=C1NCN(C=CC=CC=c2c(=O)[nH]c(=O)[nH]c(=O)c2=CN2CC2)O1 1.0000000 1.0000 0.8379644 0.8380 0.6740584 4.5267
 | 20.4492 81.1002 37.7116 0.9282171 C=c1c(=c2c(=O)[nH]c(=O)[nH]c(=O)c2=C(O)C=CC=CNCCCCN(CCO)CCO)c(=O)n(C)c(=O)n1C 1 C=c1[nH]c(=O)[nH]c(=O)c1=c1c(=O)[nH]c(=O)[nH]c(=O)c1=C 1.0000000 1.0000 0.8827482 0.8827 0.8412902 3.9135
 | 12.9648 64.5119 45.9730 0.8631631 CCOC(=O)N1CNN(C=CC=CC(O)=C2C(=O)NN(CCO)N=C2C)C1 1 O=C1NNN=CC1=CC=CC=CN1CNCN1 1.0000000 1.0000 0.7391602 0.7392 0.7837815 4.1610
 | 15.7126 70.6719 34.1995 0.8193079 CC(O)=C1C(=O)N(C)CN1C=CC=CC(O)=C1C(=O)NC(=O)C1=C1CC1 1 C=C1C(=O)NCN1C=CC=CC=C1C(=O)NC(=O)C1=C1CC1 1.0000000 1.0000 0.6079464 0.6079 0.8391379 3.9239
 | 14.3896 55.3168 57.8461 0.8840855 CNC1=C(C)NC(=O)C1=C(O)C=CC=CN1CCNCC1 1 O=C1NC=CC1=CC=CC=CN1CCNCC1 1.0000000 1.0000 0.7391554 0.7392 0.8888064 3.6459
 | 10.8414 50.5862 67.2705 0.9207554 NC1=NCC(=C(O)C=CC=CN(CCO)CCO)C(=O)N1 1 C=C1CN=CNC1=O 1.0000000 1.0000 0.8656374 0.8656 0.8344868 3.9461
 | 13.9135 63.0125 51.2487 0.8926661 CC1CN(C=CC=CC(O)=C2C(=O)N=C(NCCN3CCOCC3)NC2=O)C(=O)C(=O)N1 1 O=C1N=C(NCCN2CCOCC2)NC(=O)C1=CC=CC=CN1CCNC(=O)C1=O 1.0000000 1.0000 0.8076455 0.8076 0.8007209 4.0940
 | 16.0849 63.3182 49.9261 0.8847207 CN1C(=O)C(=C(O)C=CC=CN2CC(=O)N(CCO)CN2)C(O)C1=O 1 O=C1CN(C=CC=CC=C2CC(=O)NC2=O)NCN1 1.0000000 1.0000 0.8672776 0.8673 0.6744594 4.5255
 | 27.8859 83.0241 19.0535 0.7974807 CN1C(=O)NCN1C=CC=CC(O)=C1C(=O)NC(CNC(=O)NCCCc2ccccc2)NC1C(=O)O 1 O=C(NCCCc1ccccc1)NCC1NCC(=CC=CC=CN2CNC(=O)N2)C(=O)N1 1.0000000 1.0000 0.6292733 0.6293 0.6855863 4.4922
01:54:41 <INFO> Sampled SMILES O=C1NC(=O)C(=C(O)C=CC=CN2CNCC2=O)C([N-]=C(N)N)C1N1CCOCC1 failed to sanitize.
01:54:42 <INFO> Score: 0.73 Agent NLL: 15.31 Valid:  99% Step: 276
 | Agent Prior Target Score SMILES SMILES_state Scaffold DASA DASA (raw) Solubility Solubility (raw) SA SA (raw)
 | 20.9055 87.4607 13.6042 0.7895697 CN(C=CC=CC(O)=c1c(=O)[nH]c(=O)[nH]c(=O)c1=C(O)C=CC=CN1CC2CCN(CC2)C1)CCO 1 C=c1c(=O)[nH]c(=O)[nH]c(=O)c1=CC=CC=CN1CC2CCN(CC2)C1 1.0000000 1.0000 0.7283165 0.7283 0.5037788 4.9902
 | 10.3859 61.0341 52.2124 0.8847388 C=CCNC1=NC(=O)C(=C(O)C=CC=CN2CC(O)C2=O)C(=O)N1 1 O=C1N=CNC(=O)C1=CC=CC=CN1CCC1=O 1.0000000 1.0000 0.8238304 0.8238 0.7380112 4.3253
 | 16.3986 78.5184 34.8528 0.8857120 CC1CN(CCO)CN1C=CC=CC(O)=c1c(=O)[nH]c(=O)[nH]c(=O)c1=C1C(=O)ON=C1N 1 O=C1ON=CC1=c1c(=O)[nH]c(=O)[nH]c(=O)c1=CC=CC=CN1CCNC1 1.0000000 1.0000 0.8907789 0.8908 0.6474235 4.6041
 | 11.4562 67.0067 -67.0067 0.0000000 CON=C1C(=O)NC(=O)NC(=O)C1=C(O)C=CC=CN1CC(=O)N(C)CC1=O 1 N=C1C(=O)NC(=O)NC(=O)C1=CC=CC=CN1CC(=O)NCC1=O 1.0000000 1.0000 0.8038201 0.8038 0.8735808 3.7408
 | 20.2510 73.3807 34.5630 0.8433098 O=C(O)Cn1c(=O)[nH]c(=CC=CN2CCCC2)c(=C(O)C=CC=CN2CCCCC2)c1=O 1 O=c1[nH]c(=O)c(=CC=CC=CN2CCCCC2)c(=CC=CN2CCCC2)[nH]1 1.0000000 1.0000 0.6475623 0.6476 0.8743587 3.7362
 | 17.0616 81.1059 38.1815 0.9319323 O=C1CON(C=CC=CC(O)=c2c(=O)[nH]c(=O)[nH]c(=O)c2=C2C(=O)NC(=O)NC2=O)N1 1 O=C1CON(C=CC=CC=c2c(=O)[nH]c(=O)[nH]c(=O)c2=C2C(=O)NC(=O)NC2=O)N1 1.0000000 1.0000 0.9258697 0.9259 0.7903250 4.1356
 | 11.5126 66.7499 -66.7499 0.0000000 C=c1[nH]c(=N)[nH]c(=O)c1=C(O)C=CC=CN1C(=O)CNC(=O)C1=O 1 C=c1[nH]c(=N)[nH]c(=O)c1=CC=CC=CN1C(=O)CNC(=O)C1=O 1.0000000 1.0000 0.8969929 0.8970 0.7602353 4.2483
 | 17.7970 60.1200 52.4566 0.8795048 CC1NC(=O)C(=C(O)C=CC=CN2CC=CC2=O)C(=O)NC1=O 1 O=C1CNC(=O)C(=CC=CC=CN2CC=CC2=O)C(=O)N1 1.0000000 1.0000 0.7845761 0.7846 0.7791828 4.1786
 | 8.4807 56.3376 -56.3376 0.0000000 CN1C(=O)NC(=O)C(=C(O)C=CC=CN2CC(=O)NC(=O)C2)C1O 1 O=C1CN(C=CC=CC=C2CNC(=O)NC2=O)CC(=O)N1 1.0000000 1.0000 0.8400850 0.8401 0.7733566 4.2004
 | 15.2621 41.0318 -41.0318 0.0000000 O=C1NC(=O)C(=C(O)C=CC=CN2C(=O)c3ccccc3C2=O)C1=O 1 O=C1NC(=O)C(=CC=CC=CN2C(=O)c3ccccc3C2=O)C1=O 1.0000000 1.0000 0.6748865 0.6749 0.9468628 3.1237
01:54:42 <INFO> Sampled SMILES N1C(=O)C(=C(O)C=CC=CN2CCCC2)C=C1=O failed to sanitize.
01:54:42 <INFO> Score: 0.75 Agent NLL: 16.00 Valid:  99% Step: 277
 | Agent Prior Target Score SMILES SMILES_state Scaffold DASA DASA (raw) Solubility Solubility (raw) SA SA (raw)
 | 11.3479 60.1010 57.0620 0.9153357 NC1=NC(=O)C(=C(O)C=CC=CN2CC(=O)NC(=O)C2O)C(=O)N1 1 O=C1CN(C=CC=CC=C2C(=O)N=CNC2=O)CC(=O)N1 1.0000000 1.0000 0.8951257 0.8951 0.7629572 4.2385
 | 31.9606 41.6348 -41.6175 0.0001355 CCC(=O)OC1C(=O)C(=O)C(C)=C(N(C)C2CCN(C)CC2)C1=O 1 O=C1C=C(NC2CCNCC2)C(=O)CC1=O 0.0000000 0.0000 0.7098921 0.7099 0.8992149 3.5743
 | 32.6271 86.7656 13.2835 0.7816335 C=CCCCC(=O)NCC1CN(C=CC=CC(O)=c2c(=C3CN(C)c4ccccc43)c(=O)[nH]n(C)c2=O)C1=O 1 O=C1CCN1C=CC=CC=c1c(=O)[nH][nH]c(=O)c1=C1CNc2ccccc21 1.0000000 1.0000 0.5697224 0.5697 0.7342699 4.3379
 | 23.9649 62.1187 46.6626 0.8498538 CN1C(=O)NC(N(C)S(C)(=O)=O)C(=C(O)C=CC=CN2CCC(O)C2)C1=O 1 O=C1NCC(=CC=CC=CN2CCCC2)C(=O)N1 1.0000000 1.0000 0.7515713 0.7516 0.7016318 4.4430
 | 11.8412 58.8128 -58.8128 0.0000000 CCNC1=NC(=O)C(=C(O)C=CC=CN2CC(=O)N(C)C(=O)C2=O)C(=O)N1 1 O=C1CN(C=CC=CC=C2C(=O)N=CNC2=O)C(=O)C(=O)N1 1.0000000 1.0000 0.8257310 0.8257 0.8833822 3.6809
 | 11.2783 58.8880 52.5154 0.8703386 CN1CCON(C=CC=CC(O)=C2NN(C)NC2=O)C1 1 O=C1NNNC1=CC=CC=CN1CNCCO1 1.0000000 1.0000 0.8048680 0.8049 0.7052533 4.4317
 | 11.8122 69.8075 49.3034 0.9305537 CC(=O)OCCN(C)C=CC=CC(O)=c1c(=C2C(=O)NC(=O)NC2=O)[nH]c(=O)n(C)c1=O 1 C=c1c(=O)[nH]c(=O)[nH]c1=C1C(=O)NC(=O)NC1=O 1.0000000 1.0000 0.8656901 0.8657 0.8820807 3.6891
 | 12.5275 62.8511 47.7014 0.8636920 CC(C)=c1[nH]c(=O)c(=C(O)C=CC=CN2CNC(=O)N2)n1C 1 C=c1[nH]c(=O)c(=CC=CC=CN2CNC(=O)N2)[nH]1 1.0000000 1.0000 0.7952746 0.7953 0.6917980 4.4733
 | 23.9515 77.2902 29.3027 0.8327569 CN=C1NNC(=O)C(=C(O)C=CC=CN2COCC(O)C(N)C2)C(=O)N1 1 N=C1NNC(=O)C(=CC=CC=CN2CCCCOC2)C(=O)N1 1.0000000 1.0000 0.8627258 0.8627 0.4953856 5.0120
 | 11.1955 55.9814 51.1205 0.8367331 CN1NC(=O)C(=C(O)C=CC=CN2CC(O)CO2)C1O 1 O=C1NNCC1=CC=CC=CN1CCCO1 1.0000000 1.0000 0.8431154 0.8431 0.5287851 4.9249
01:54:43 <INFO> Sampled SMILES O=C1NC(=O)NC(=O)C(=C(O)C=CC=CN2CC(C)#CC2=O)C1=O failed to sanitize.
01:54:43 <INFO> Score: 0.75 Agent NLL: 16.79 Valid:  99% Step: 278
 | Agent Prior Target Score SMILES SMILES_state Scaffold DASA DASA (raw) Solubility Solubility (raw) SA SA (raw)
 | 14.2760 61.8276 49.1092 0.8666942 CC(O)=C1C(=O)N(C)CN1C=CC=CC(O)=C1C(=O)N(C)C1=O 1 C=C1C(=O)NCN1C=CC=CC=C1C(=O)NC1=O 1.0000000 1.0000 0.7092733 0.7093 0.8607401 3.8134
 | 11.8196 70.9690 46.7768 0.9198893 O=C1NC(=O)C(=c2[nH]c(=O)[nH]c(=O)c2=C(O)C=CC=CN2C=CN(CCO)C(=O)C2)C(=O)N1 1 O=C1CN(C=CC=CC=c2c(=O)[nH]c(=O)[nH]c2=C2C(=O)NC(=O)NC2=O)C=CN1 1.0000000 1.0000 0.8944869 0.8945 0.7840744 4.1599
 | 15.6906 61.8624 52.4551 0.8931057 C=c1c(=O)[nH]c(=O)[nH]c(=O)c1=C(O)C=CC=CN1CCC=C1O 1 C=c1c(=O)[nH]c(=O)[nH]c(=O)c1=CC=CC=CN1C=CCC1 1.0000000 1.0000 0.8110815 0.8111 0.7968510 4.1097
 | 24.1524 73.9151 35.8304 0.8573869 CC(=CC=C1C(=O)NC(=O)C1=C(O)C=CC=CN1CN(CCO)C=N1)N(C)CCO 1 C=C1C(=O)NC(=O)C1=CC=CC=CN1CNC=N1 1.0000000 1.0000 0.7346874 0.7347 0.7647135 4.2321
 | 18.2078 74.6695 36.4303 0.8679668 O=C1NN(C(=O)NCCCl)NC(=CN2CCOCC2)C1=C(O)C=CC=CN(CCO)CCO 1 C=C1C(=O)NNNC1=CN1CCOCC1 1.0000000 1.0000 0.7441006 0.7441 0.7976015 4.1066
 | 28.0623 76.0430 22.3156 0.7684264 COC1CN(C=CC=CC(O)=C2CCNNC2=O)C2NNC(=O)CC2O1 1 O=C1CC2OCCN(C=CC=CC=C3CCNNC3=O)C2NN1 1.0000000 1.0000 0.7954647 0.7955 0.3743910 5.3345
 | 14.5555 57.2367 55.4886 0.8806668 CC(=O)NC1=NC(=O)C(=C(O)C=CC=CN2CC2(C)C)C(=O)N1 1 O=C1N=CNC(=O)C1=CC=CC=CN1CC1 1.0000000 1.0000 0.7332604 0.7333 0.8832002 3.6821
 | 27.5818 79.5223 12.2708 0.7171340 C=CCCCn1c(O)c2n(c1=O)C(C)CN2C=CC=CC(O)=C1C(=O)N(C)C(=O)NC1N1CCOCC1 1 O=C1NC(=O)C(=CC=CC=CN2CCn3c2c[nH]c3=O)C(N2CCOCC2)N1 1.0000000 1.0000 0.4858243 0.4858 0.6173947 4.6883
 | 13.9988 63.1547 47.9495 0.8680013 N=C1CN(CCO)CN1C=CC=CC(O)=C1CCOC(=O)NC1=O 1 N=C1CNCN1C=CC=CC=C1CCOC(=O)NC1=O 1.0000000 1.0000 0.7388125 0.7388 0.8077875 4.0647
 | 30.2621 86.0310 -86.0310 0.0000000 COCCN(C=CC=CC(O)=C1C(=O)NC(=NC(C)=NCCCN(C)C)OC1=O)CCOCOCOCOCOCOCOCOCOCO[N+](=O)[O-] 1 C=C1C(=O)NC(=N)OC1=O 1.0000000 1.0000 0.6239565 0.6240 0.6005864 4.7343
01:54:44 <INFO> Sampled SMILES N1C(=O)C(=C(O)C=CC=CN2CC(=O)OC(CO)C2)C(N)=N1C failed to sanitize.
01:54:44 <INFO> Score: 0.74 Agent NLL: 15.82 Valid:  99% Step: 279
 | Agent Prior Target Score SMILES SMILES_state Scaffold DASA DASA (raw) Solubility Solubility (raw) SA SA (raw)
 | 14.2056 66.1755 46.4376 0.8797901 CC(=O)NC1CN(CCO)C(=O)CN(C=CC=CC(O)=C2C(=O)NN(C)N=C2C)C1=O 1 O=C1CN(C=CC=CC=C2C=NNNC2=O)C(=O)CCN1 1.0000000 1.0000 0.8001310 0.8001 0.7541508 4.2698
 | 11.7245 76.2878 43.9956 0.9397144 CC(C=CN(CCO)CCO)=CC(O)=c1c(=O)[nH]c(=O)[nH]c(=O)c1=C1C(=O)NNC1=O 1 C=c1c(=O)[nH]c(=O)[nH]c(=O)c1=C1C(=O)NNC1=O 1.0000000 1.0000 0.9311134 0.9311 0.8174739 4.0233
 | 11.3128 66.5099 52.0133 0.9259625 COCCN1C(=O)CN(C=CC=CC(O)=C2C(=O)N=C(NC(N)N)NC2=O)C1=O 1 O=C1CN(C=CC=CC=C2C(=O)N=CNC2=O)C(=O)N1 1.0000000 1.0000 0.8634712 0.8635 0.8633395 3.7992
 | 15.2437 63.0467 49.0369 0.8756531 CC1(N)NNN1C=CC=CC(O)=C1C(=O)N=C(N)NC1=O 1 O=C1N=CNC(=O)C1=CC=CC=CN1CNN1 1.0000000 1.0000 0.8843931 0.8844 0.6174673 4.6881
 | 17.0936 69.9002 34.2430 0.8136187 CC1(O)C=CN(C=CC=CC(O)=C2C(=O)N=C(N=CN3CC3)NC2=O)C1 1 O=C1N=C(N=CN2CC2)NC(=O)C1=CC=CC=CN1C=CCC1 1.0000000 1.0000 0.7381913 0.7382 0.5759891 4.8004
 | 17.4564 69.2869 35.8093 0.8210642 [N-]=[N+]=NCCN1C(=O)CN(C=CC=CC(O)=C2CC=C(NC=O)C2=O)C1=O 1 O=C1CN(C=CC=CC=C2CC=CC2=O)C(=O)N1 1.0000000 1.0000 0.6460092 0.6460 0.7630659 4.2381
 | 10.7382 58.9876 -58.9876 0.0000000 NC1=NC(=O)C(=C(O)C=CC=CN2CC(=O)NC(O)C2=O)C(=O)N1 1 O=C1CN(C=CC=CC=C2C(=O)N=CNC2=O)C(=O)CN1 1.0000000 1.0000 0.8951257 0.8951 0.7334952 4.3405
 | 11.2247 58.7179 55.9190 0.8956004 CC(O)=c1oc(=C(O)C=CC=CN2CC(=O)NCC2=O)c(=O)n1C 1 C=c1[nH]c(=O)c(=CC=CC=CN2CC(=O)NCC2=O)o1 1.0000000 1.0000 0.8258341 0.8258 0.7834973 4.1621
 | 25.5621 95.2695 10.2295 0.8242115 CC(C=CN1CCOCC1)=CC(O)=C1C(=O)NC(=O)N1C=CC=CC(O)=C1C(=O)N=C(N=C(N)N)NC1=O 1 O=C1N=CNC(=O)C1=CC=CC=CN1C(=O)NC(=O)C1=CC=CC=CN1CCOCC1 1.0000000 1.0000 0.6742643 0.6743 0.7223541 4.3771
 | 14.9041 57.3153 43.8256 0.7901632 CC(C)(C)OC(=O)N1C=CN(C=CC=CC(O)=C2C(=O)N=C(N3CCOCC3)NC2=O)C1 1 O=C1N=C(N2CCOCC2)NC(=O)C1=CC=CC=CN1C=CNC1 1.0000000 1.0000 0.5350774 0.5351 0.8675291 3.7758
01:54:45 <INFO> Score: 0.72 Agent NLL: 16.30 Valid: 100% Step: 280
 | Agent Prior Target Score SMILES SMILES_state Scaffold DASA DASA (raw) Solubility Solubility (raw) SA SA (raw)
 | 17.8238 26.8593 -26.8406 0.0001457 C=C1C(=O)N(CC)C1=O 1 C=C1C(=O)NC1=O 0.0000000 0.0000 0.8454456 0.8454 0.9681754 2.7752
 | 10.5601 52.6243 -52.6243 0.0000000 NC1=NC(=O)C(=C(O)C=CC=CN2C(=O)CCC2C(=O)O)C(=O)N1 1 O=C1N=CNC(=O)C1=CC=CC=CN1CCCC1=O 1.0000000 1.0000 0.8135977 0.8136 0.8083559 4.0623
 | 11.9271 79.9408 39.0705 0.9297757 CCn1c(=O)[nH]c(=C2C(=O)NC(=O)NC2=O)c(=C(O)C=CC=CN2CC(=O)NCCC2=O)c1=O 1 O=C1CN(C=CC=CC=c2c(=O)[nH]c(=O)[nH]c2=C2C(=O)NC(=O)NC2=O)C(=O)CCN1 1.0000000 1.0000 0.8755551 0.8756 0.8609726 3.8122
 | 15.1418 57.1568 58.0093 0.8997348 CN1C(=O)C(=c2[nH][nH]c(=O)c2=C(O)C=CC=CN(CCO)CCO)N(C)N(C)C1=S 1 C=c1c(=O)[nH][nH]c1=C1NNC(=S)NC1=O 1.0000000 1.0000 0.8497716 0.8498 0.7635235 4.2364
 | 9.2509 47.4503 -47.4503 0.0000000 CN1OC(=O)C(=C(O)C=CC=CN2CC(=O)NCC2=O)C1=O 1 O=C1CN(C=CC=CC=C2C(=O)NOC2=O)C(=O)CN1 1.0000000 1.0000 0.8316577 0.8317 0.8343209 3.9469
 | 14.4220 71.5114 34.3783 0.8272632 CC1=NN(c2ccccc2)C(=O)C1=c1c(=O)[nH]c(=O)[nH]c(=O)c1=C(O)C=CC=CN1CCSCC1 1 O=C1C(=c2c(=O)[nH]c(=O)[nH]c(=O)c2=CC=CC=CN2CCSCC2)C=NN1c1ccccc1 1.0000000 1.0000 0.6060698 0.6061 0.8875952 3.6539
 | 11.2193 53.0812 62.9866 0.9067794 O=C1CN(C=CC=CC(O)=C2C(=O)N=C(NC3CC3)NC2=O)CCN1 1 O=C1CN(C=CC=CC=C2C(=O)N=C(NC3CC3)NC2=O)CCN1 1.0000000 1.0000 0.7979566 0.7980 0.8880141 3.6511
 | 8.4082 48.7334 -48.7334 0.0000000 O=C1NC(=O)C(=O)C(=C(O)C=CC=CN(CCO)CCO)C(=O)N1 1 C=C1C(=O)NC(=O)NC(=O)C1=O 1.0000000 1.0000 0.8703185 0.8703 0.9112837 3.4825
 | 10.4855 62.0779 32.4331 0.7383671 CCN1C(=O)NC(=N)C(=C(O)C=CC=CN2CCc3ccccc32)C1=O 1 N=C1NC(=O)NC(=O)C1=CC=CC=CN1CCc2ccccc21 1.0000000 1.0000 0.4209565 0.4210 0.9247293 3.3659
 | 10.3691 58.3099 55.0385 0.8855341 COC=c1[nH]c(=O)c(=C(O)C=CC=CN2CCCNC(=O)C2)sc1=O 1 C=c1[nH]c(=O)c(=CC=CC=CN2CCCNC(=O)C2)sc1=O 1.0000000 1.0000 0.7895447 0.7895 0.7987637 4.1019
01:54:45 <INFO> Sampled SMILES N1C(=O)C(=C(O)C=CC=CN2CC(=O)N(CC)N=C2=O)C2=NOC(=O)C2=C1C failed to sanitize.
01:54:45 <INFO> Sampled SMILES N1C(=O)C(=C(O)C=CC=CN2CC(=O)NCC=C2=O)OC1 failed to sanitize.
01:54:46 <INFO> Score: 0.70 Agent NLL: 15.37 Valid:  98% Step: 281
 | Agent Prior Target Score SMILES SMILES_state Scaffold DASA DASA (raw) Solubility Solubility (raw) SA SA (raw)
 | 12.3418 65.5440 53.5580 0.9304847 NC1=NN(C=CC=CC(O)=c2c(=O)[nH]c(=O)[nH]c2=C2C(=O)NC(=O)NC2=O)CN1CCO 1 O=C1NC(=O)C(=c2[nH]c(=O)[nH]c(=O)c2=CC=CC=CN2CNC=N2)C(=O)N1 1.0000000 1.0000 0.9246777 0.9247 0.7856703 4.1538
 | 14.2440 50.4832 -50.4832 0.0000000 O=C1CCC(O)C(=C(O)C=CC=CN2CCOCC2)C(=O)N1 1 O=C1CCCC(=CC=CC=CN2CCOCC2)C(=O)N1 1.0000000 1.0000 0.7489192 0.7489 0.8606197 3.8141
 | 11.7458 52.4971 60.3812 0.8818611 CC(=O)NC1C(=O)C1=C(O)C=CC=CN1CCNC1=O 1 O=C1CC1=CC=CC=CN1CCNC1=O 1.0000000 1.0000 0.7767831 0.7768 0.8041303 4.0800
 | 12.9521 59.9524 44.0668 0.8126497 O=C1NC2NC(=O)C(=C(O)C=CC=CN3CC(=O)C(O)C(O)C3)C2N1 1 O=C1CCCN(C=CC=CC=C2C(=O)NC3NC(=O)NC23)C1 1.0000000 1.0000 0.8685382 0.8685 0.4306376 5.1819
 | 16.0761 69.6021 35.3051 0.8195873 CC(=O)N=c1[nH]c(=O)c(=C(O)C=CC=CN2CC(O)C(O)C2=O)c(=COC(C)=O)o1 1 C=c1oc(=N)[nH]c(=O)c1=CC=CC=CN1CCCC1=O 1.0000000 1.0000 0.8580669 0.8581 0.4599525 5.1046
 | 10.4712 63.4454 52.2430 0.9038155 CN1C=CC(=O)N(C=CC=CC(O)=C2C(=O)N=C(NCCO)NC2=O)C1 1 O=C1N=CNC(=O)C1=CC=CC=CN1CNC=CC1=O 1.0000000 1.0000 0.8167469 0.8167 0.8380417 3.9292
 | 14.6429 62.3839 41.6444 0.8127211 CCN1C=CN(C=CC=CC(O)=C2OC(N)C2=O)CC1=O 1 O=C1CN(C=CC=CC=C2OCC2=O)C=CN1 1.0000000 1.0000 0.7392846 0.7393 0.5711794 4.8133
 | 10.7166 60.7395 55.8917 0.9111811 O=C1CN(C=CC=CC(O)=C2NNCNC2=O)CC(=O)N1 1 O=C1CN(C=CC=CC=C2NNCNC2=O)CC(=O)N1 1.0000000 1.0000 0.8772713 0.8773 0.7716852 4.2066
 | 9.1865 58.7602 -58.7602 0.0000000 N=C1NC(=O)NC(=O)C1=C(O)C=CC=CN1CC(=O)N(CCO)CC1=O 1 N=C1NC(=O)NC(=O)C1=CC=CC=CN1CC(=O)NCC1=O 1.0000000 1.0000 0.8360039 0.8360 0.8606411 3.8140
 | 14.1175 62.6511 46.5737 0.8533186 O=C1N=C(NCCCO)NC(=O)C1=C(O)C=CC=CN1C(=S)SCC1C(=O)O 1 O=C1N=CNC(=O)C1=CC=CC=CN1CCSC1=S 1.0000000 1.0000 0.7253957 0.7254 0.7626542 4.2396
01:54:46 <INFO> Sampled SMILES O=C1NC(=O)C(=C(O)C=CC=CN2CC(=O)[N+](=O)=C3C2C(=O)N(OCCO)CC3)C1=O failed to sanitize.
01:54:46 <INFO> Score: 0.67 Agent NLL: 16.71 Valid:  99% Step: 282
 | Agent Prior Target Score SMILES SMILES_state Scaffold DASA DASA (raw) Solubility Solubility (raw) SA SA (raw)
 | 12.9975 57.6377 58.2706 0.9055331 CN1CN(C=CC=CC(O)=C2C(=O)NC(O)NC2=O)C1=O 1 O=C1NCNC(=O)C1=CC=CC=CN1CNC1=O 1.0000000 1.0000 0.8406248 0.8406 0.8048108 4.0771
 | 16.0707 47.5414 -47.5224 0.0001483 O=C1NC(=O)C(=c2[nH]c(=O)sc2=C2C(=O)NNC2=O)C(=O)N1 1 O=C1NC(=O)C(=c2[nH]c(=O)sc2=C2C(=O)NNC2=O)C(=O)N1 0.0000000 0.0000 0.9373833 0.9374 0.8861873 3.6630
 | 8.3102 51.3187 -51.3187 0.0000000 NC1=NC(=O)C(=C(O)C=CC=CN2CC(=O)NCC2=O)C(=O)N1 1 O=C1CN(C=CC=CC=C2C(=O)N=CNC2=O)C(=O)CN1 1.0000000 1.0000 0.8736705 0.8737 0.8715134 3.7529
 | 18.6535 66.8675 44.6789 0.8714560 O=C1CN(C=CC=CC(O)=c2[nH]c(=CN3CCOCC3)[nH]c2=O)CC(CO)O1 1 O=C1CN(C=CC=CC=c2[nH]c(=CN3CCOCC3)[nH]c2=O)CCO1 1.0000000 1.0000 0.8430556 0.8431 0.6546967 4.5832
 | 23.2659 74.6816 19.6361 0.7368571 N=C1NC(=O)C(=C(O)C=CC=CN2CNC(=CBr)N2)C(Br)=C1CO 1 C=C1NCN(C=CC=CC=C2C=CC(=N)NC2=O)N1 1.0000000 1.0000 0.5330895 0.5331 0.6051483 4.7219
 | 19.3432 71.9359 26.4910 0.7689601 CCN1C=CN(C=CC=CC(O)=C2C(=O)NC(=CC=CN3CCCC3)C2=O)CC1=O 1 O=C1CN(C=CC=CC=C2C(=O)NC(=CC=CN3CCCC3)C2=O)C=CN1 1.0000000 1.0000 0.5258661 0.5259 0.7752888 4.1932
 | 10.3785 58.2953 -58.2953 0.0000000 CONC1=NC(=O)C(=C(O)C=CC=CN2CC(=O)NC(=O)C2)C(=O)N1 1 O=C1CN(C=CC=CC=C2C(=O)N=CNC2=O)CC(=O)N1 1.0000000 1.0000 0.8560722 0.8561 0.8444118 3.8981
 | 16.2877 61.8514 45.6487 0.8398446 CC=c1[nH]c(=O)n(CCC)c(=O)c1=C(O)C=CC=CN1CC=CCC1 1 C=c1[nH]c(=O)[nH]c(=O)c1=CC=CC=CN1CC=CCC1 1.0000000 1.0000 0.6534242 0.6534 0.8422728 3.9087
 | 8.1053 60.3222 -60.3222 0.0000000 CN1C(=O)NC(=N)C(=C(O)C=CC=CN2CC(=O)NCC2=O)C1=O 1 N=C1NC(=O)NC(=O)C1=CC=CC=CN1CC(=O)NCC1=O 1.0000000 1.0000 0.8037570 0.8038 0.8498164 3.8709
 | 13.8687 60.6747 47.3745 0.8441341 CCOC(=O)N1CC(=N)N(C=CC=CC(O)=C2C(=N)N(C)NC2=O)C1 1 N=C1NNC(=O)C1=CC=CC=CN1CNCC1=N 1.0000000 1.0000 0.6833211 0.6833 0.7999569 4.0971
01:54:47 <INFO> Score: 0.73 Agent NLL: 15.29 Valid: 100% Step: 283
 | Agent Prior Target Score SMILES SMILES_state Scaffold DASA DASA (raw) Solubility Solubility (raw) SA SA (raw)
 | 14.6408 56.0022 59.5639 0.9028605 O=C1C=CNC(=O)C1=C(O)C=CC=CN1CC(=O)N(CCO)C1=O 1 O=C1CN(C=CC=CC=C2C(=O)C=CNC2=O)C(=O)N1 1.0000000 1.0000 0.7938008 0.7938 0.8760185 3.7263
 | 15.0066 68.3937 45.3762 0.8888273 CN1C=C(CN2CCOCC2)NC(=O)C1=C(O)C=CC=CN1CC(=O)NC(=O)C1 1 O=C1CN(C=CC=CC=C2NC=C(CN3CCOCC3)NC2=O)CC(=O)N1 1.0000000 1.0000 0.7717507 0.7718 0.8476303 3.8820
 | 6.9013 53.7771 -53.7771 0.0000000 O=C1NC(=S)NC(=O)C1=c1[nH]c(=O)[nH]c(=O)c1=C(O)C=CC=CN(CCO)CCO 1 C=c1c(=O)[nH]c(=O)[nH]c1=C1C(=O)NC(=S)NC1=O 1.0000000 1.0000 0.9135358 0.9135 0.8456920 3.8918
 | 17.9481 57.8277 42.6570 0.7850366 CCN1C(=O)C(=C(O)C=CC=CN2CCNCC2)C(=O)N(Cc2ccccc2)C1=O 1 O=C1NC(=O)N(Cc2ccccc2)C(=O)C1=CC=CC=CN1CCNCC1 1.0000000 1.0000 0.4972504 0.4973 0.9531596 3.0372
 | 15.2026 23.2063 -23.1882 0.0001408 O=C1Nc2ccccc2C(=O)C1O 1 O=C1CC(=O)c2ccccc2N1 0.0000000 0.0000 0.7631020 0.7631 0.9685563 2.7671
 | 11.4383 51.9930 67.0130 0.9297342 O=C1C(=C(O)C=CC=CN(CCO)CCO)N1CCO 1 C=C1NC1=O 1.0000000 1.0000 0.8637917 0.8638 0.8813898 3.6934
 | 10.5405 62.3732 48.4257 0.8656160 C=C1NN=CNC(=O)C1=C(O)C=CC=CN1CNCC1=O 1 C=C1NN=CNC(=O)C1=CC=CC=CN1CNCC1=O 1.0000000 1.0000 0.8008746 0.8009 0.6913846 4.4745
 | 15.7566 68.1630 45.9541 0.8915398 CCn1c(=O)[nH]c(=CF)c(=C(O)C=CC=CN2CCC(=O)N2)c1=O 1 C=c1[nH]c(=O)[nH]c(=O)c1=CC=CC=CN1CCC(=O)N1 1.0000000 1.0000 0.8062350 0.8062 0.7978680 4.1056
 | 17.9258 56.1824 52.3997 0.8482977 O=C1NCCCC1=C(O)C=CC=CN1CNCC=N1 1 O=C1NCCCC1=CC=CC=CN1CNCC=N1 1.0000000 1.0000 0.7270926 0.7271 0.7363706 4.3308
 | 22.5575 59.6842 42.9006 0.8014439 CC(=O)N1CN(C=CC=CC(O)=C2OC(C)ON(C)C2=O)C1=O 1 O=C1NOCOC1=CC=CC=CN1CNC1=O 1.0000000 1.0000 0.6647878 0.6648 0.6392027 4.6274
01:54:48 <INFO> Score: 0.71 Agent NLL: 16.06 Valid: 100% Step: 284
 | Agent Prior Target Score SMILES SMILES_state Scaffold DASA DASA (raw) Solubility Solubility (raw) SA SA (raw)
 | 13.6189 45.9044 66.6268 0.8791500 CN1C(=O)C(=C(O)C=CC=CN2CCNC2=O)N(C)C1=O 1 O=C1NC(=O)C(=CC=CC=CN2CCNC2=O)N1 1.0000000 1.0000 0.7290028 0.7290 0.8842082 3.6757
 | 17.7903 63.2076 49.6415 0.8816339 COCCOC=c1[nH]c(=O)[nH]c(=O)c1=C(O)C=CC=CN1CCOC(CCO)C1 1 C=c1[nH]c(=O)[nH]c(=O)c1=CC=CC=CN1CCOCC1 1.0000000 1.0000 0.8246381 0.8246 0.7232733 4.3741
 | 13.3108 70.2474 46.5827 0.9127357 CCn1c(=O)[nH]c(=COCCO)c(=C(O)C=CC=CN2CCNC2=O)c1=O 1 C=c1[nH]c(=O)[nH]c(=O)c1=CC=CC=CN1CCNC1=O 1.0000000 1.0000 0.8407340 0.8407 0.8388010 3.9256
 | 32.5554 69.6219 36.7829 0.8312872 CC(=C1CCCN1C=CC=CC(O)=C1C(=O)NNC1=O)N(O)N=O 1 C=C1CCCN1C=CC=CC=C1C(=O)NNC1=O 1.0000000 1.0000 0.6817115 0.6817 0.7411261 4.3148
 | 10.8572 56.1305 -56.1305 0.0000000 CS(=O)(=O)NC1=NC(=O)C(=C(O)C=CC=CN(CCO)CCO)C(=O)N1 1 C=C1C(=O)N=CNC1=O 1.0000000 1.0000 0.8704516 0.8705 0.8848965 3.6713
 | 9.5015 54.4597 -54.4597 0.0000000 C=CCNC1=NC(=O)C(=C(O)C=CC=CN2CC(=O)NCC2=O)C(=O)N1 1 O=C1CN(C=CC=CC=C2C(=O)N=CNC2=O)C(=O)CN1 1.0000000 1.0000 0.8232694 0.8233 0.8552495 3.8428
 | 28.4396 105.3466 -2.8784 0.8005326 CN1CN(C=CC=CC(O)=C2NNN=C(C(O)=NO)NC2=O)C(=C(O)C=CC=CN2CCN(CCCN)C2)C1=O 1 O=C1NC=NNNC1=CC=CC=CN1CNC(=O)C1=CC=CC=CN1CCNC1 1.0000000 1.0000 0.6872199 0.6872 0.5995458 4.7371
 | 12.2953 54.0037 58.6843 0.8803749 O=C1NCN(c2ccccc2)C1=CC=CC(O)=C1C(=O)NNC1=O 1 O=C1NNC(=O)C1=CC=CC=C1C(=O)NCN1c1ccccc1 1.0000000 1.0000 0.7166975 0.7167 0.9176297 3.4297
 | 11.1708 65.3681 52.8636 0.9236853 NC=CC=CC(O)=c1c(=O)[nH]c(=O)[nH]c(=O)c1=C1CCCCN1CCO 1 C=c1c(=O)[nH]c(=O)[nH]c(=O)c1=C1CCCCN1 1.0000000 1.0000 0.8485462 0.8485 0.8786560 3.7103
 | 10.7989 56.5480 58.6673 0.9001199 CC1=NC(=C(O)C=CC=CN2CC(=O)NC(=O)C2)C(=O)N1 1 O=C1CN(C=CC=CC=C2N=CNC2=O)CC(=O)N1 1.0000000 1.0000 0.8068050 0.8068 0.8379767 3.9295
01:54:49 <INFO> Score: 0.73 Agent NLL: 16.56 Valid: 100% Step: 285
 | Agent Prior Target Score SMILES SMILES_state Scaffold DASA DASA (raw) Solubility Solubility (raw) SA SA (raw)
 | 17.4855 66.0509 38.1964 0.8144317 NC1NC(=O)C(=C(O)C=CC=CN2CCC(=O)N2)C(O)(CO)C1O 1 O=C1CCN(C=CC=CC=C2CCCNC2=O)N1 1.0000000 1.0000 0.8976045 0.8976 0.4112334 5.2338
 | 10.9625 60.0145 -60.0145 0.0000000 O=C1NNC(=O)C1=C(O)C=CC=CN1CC(=O)N(CCO)C(=O)C1=O 1 O=C1CN(C=CC=CC=C2C(=O)NNC2=O)C(=O)C(=O)N1 1.0000000 1.0000 0.8935493 0.8935 0.8836491 3.6792
 | 17.1688 71.3448 42.6065 0.8902440 CONC1=C(C)NC(=O)C1=C(O)C=CC=CN1CC(=O)N(CCO)CCC1=O 1 O=C1CN(C=CC=CC=C2C=CNC2=O)C(=O)CCN1 1.0000000 1.0000 0.7636746 0.7637 0.8706284 3.7580
 | 26.5906 63.5553 43.6723 0.8377160 CCOC(=O)N1CN(C=CC=CC(O)=C2C(=O)NOC(=O)C2(C)O)C(N)=N1 1 O=C1CC(=CC=CC=CN2C=NNC2)C(=O)NO1 1.0000000 1.0000 0.7688334 0.7688 0.6252474 4.6665
 | 19.2470 83.6947 29.1887 0.8819013 O=C1CN(C=CC=CC(O)=C2C(=O)NNC(=O)NC2=O)C(=C(O)C=CC=CN(CCO)CCO)C(=O)N1 1 C=C1C(=O)NC(=O)CN1C=CC=CC=C1C(=O)NNC(=O)NC1=O 1.0000000 1.0000 0.8100832 0.8101 0.7473568 4.2935
 | 15.4087 47.9156 18.9541 0.5224195 O=C1NC(=O)C(=C(O)C=CC=CN2CC=C(c3ccccc3)CC2)SS1 1 O=C1NC(=O)C(=CC=CC=CN2CC=C(c3ccccc3)CC2)SS1 1.0000000 1.0000 0.1518213 0.1518 0.8959209 3.5976
 | 27.3357 82.6953 25.2824 0.8435759 N=C1C(=C(O)C=CC=CN2CC(=O)C(=O)C2=O)C(=O)NN1C(O)C(=O)CBr 1 N=C1NNC(=O)C1=CC=CC=CN1CC(=O)C(=O)C1=O 1.0000000 1.0000 0.7919306 0.7919 0.6158137 4.6926
 | 13.6605 47.1065 66.5509 0.8879483 O=C1CCC(=C(O)C=CC=CN2CCOCC2=O)C(=O)N1 1 O=C1CCC(=CC=CC=CN2CCOCC2=O)C(=O)N1 1.0000000 1.0000 0.7464289 0.7464 0.8939340 3.6114
 | 14.3595 37.8296 -37.8130 0.0001294 CN1C(=C(O)C=CC=O)C(=O)Nc2ccccc21 1 C=C1Nc2ccccc2NC1=O 0.0000000 0.0000 0.5990579 0.5991 0.9495606 3.0879
 | 22.2703 65.7749 42.3400 0.8446470 CC(=O)OCC1CN(C=CC=CC(O)=C2C(=O)N=C(NCC3CC3)NC2=O)C(=NO)N1 1 N=C1NCCN1C=CC=CC=C1C(=O)N=C(NCC2CC2)NC1=O 1.0000000 1.0000 0.7348236 0.7348 0.7066830 4.4272
01:54:50 <INFO> Score: 0.76 Agent NLL: 16.91 Valid: 100% Step: 286
 | Agent Prior Target Score SMILES SMILES_state Scaffold DASA DASA (raw) Solubility Solubility (raw) SA SA (raw)
 | 13.3073 50.9367 24.5538 0.5897692 CN1C(=C(O)C=CC=CN2C=NN(c3ccccc3)C2)C(=O)Nc2ccccc21 1 O=C1Nc2ccccc2NC1=CC=CC=CN1C=NN(c2ccccc2)C1 1.0000000 1.0000 0.2174826 0.2175 0.9027928 3.5482
 | 10.2380 64.7142 50.7648 0.9021795 O=C1N=C(N2CCCCC2)NC(=O)C1=C(O)C=CC=CN1CC(=O)N(CCO)C(=O)C1=O 1 O=C1CN(C=CC=CC=C2C(=O)N=C(N3CCCCC3)NC2=O)C(=O)C(=O)N1 1.0000000 1.0000 0.7761404 0.7761 0.9075958 3.5117
 | 10.7068 71.4063 37.7791 0.8530113 CN1CN(C=CC=CC(O)=C2C(=O)NNC(=N)NC2=O)SC1=O 1 N=C1NNC(=O)C(=CC=CC=CN2CNC(=O)S2)C(=O)N1 1.0000000 1.0000 0.7644503 0.7645 0.6944665 4.4651
 | 20.4220 42.7486 -42.7314 0.0001350 COC1=CC(=C(O)C=CC[n+]2ccccc2)C(=O)NC1=O 1 O=C1C=CC(=CC=CC[n+]2ccccc2)C(=O)N1 0.0000000 0.0000 0.7027290 0.7027 0.8973394 3.5877
 | 10.0599 52.9133 65.4428 0.9246572 NC1=NC(=O)C(=C(O)C=CC=CN2CC(=O)NCCC2=O)C(=O)N1 1 O=C1CN(C=CC=CC=C2C(=O)N=CNC2=O)C(=O)CCN1 1.0000000 1.0000 0.8487858 0.8488 0.8830847 3.6828
 | 15.0775 77.4255 33.9501 0.8701221 CCn1c(=O)[nH]c(=COCCO)c(=C(O)C=CC=CN2CC=C(OC)OC2=O)c1=O 1 C=c1[nH]c(=O)[nH]c(=O)c1=CC=CC=CN1CC=COC1=O 1.0000000 1.0000 0.7681340 0.7681 0.7643305 4.2335
 | 12.1073 66.9967 46.1976 0.8843301 NC(=NCCO)NC1=NC(=O)C(=C(O)C=CC=CN2CC(O)C(O)C(O)C2)C(=O)N1 1 O=C1N=CNC(=O)C1=CC=CC=CN1CCCCC1 1.0000000 1.0000 0.9050912 0.9051 0.6244737 4.6687
 | 11.5768 56.4239 54.0026 0.8627069 C=c1oc(=C(O)C=CC=CN2CC(O)C2=O)c(=O)n1C 1 C=c1[nH]c(=O)c(=CC=CC=CN2CCC2=O)o1 1.0000000 1.0000 0.8538747 0.8539 0.6072149 4.7162
 | 18.1778 70.5941 39.2014 0.8577779 O=C1NC2(CCC(O)CC2)NC1=C(O)C=CC=CN1CC(=O)N(CCOCCO)C1=O 1 O=C1CN(C=CC=CC=C2NC3(CCCCC3)NC2=O)C(=O)N1 1.0000000 1.0000 0.7403256 0.7403 0.7563592 4.2620
 | 14.3445 59.3115 52.9870 0.8773316 C=CCNC1=NC(=O)C(=C(O)C=CC=CN2C(=C)C(=O)NC2=O)C(=O)N1 1 C=C1C(=O)NC(=O)N1C=CC=CC=C1C(=O)N=CNC1=O 1.0000000 1.0000 0.7516786 0.7517 0.8289977 3.9717
01:54:50 <INFO> Sampled SMILES N1C(=O)C(=C(O)C=CC=CN2CN(CC=C)CC(O)C2)c2c1c(N)c(=O)n2O failed to sanitize.
01:54:51 <INFO> Score: 0.75 Agent NLL: 16.71 Valid:  99% Step: 287
 | Agent Prior Target Score SMILES SMILES_state Scaffold DASA DASA (raw) Solubility Solubility (raw) SA SA (raw)
 | 14.2283 75.3173 43.1102 0.9252146 CN1CN(CCO)CN1C=CC=CC(O)=c1c(=O)[nH]c(=O)[nH]c(=O)c1=C1C(=O)NC(=S)NC1=O 1 O=C1NC(=S)NC(=O)C1=c1c(=O)[nH]c(=O)[nH]c(=O)c1=CC=CC=CN1CNCN1 1.0000000 1.0000 0.9072287 0.9072 0.7884402 4.1430
 | 7.0050 67.9084 -67.9084 0.0000000 O=C1N=C(NCCO)NC(=O)C1=C(O)C=CC=CN1CC(=O)N(CCO)C(=O)C1=O 1 O=C1CN(C=CC=CC=C2C(=O)N=CNC2=O)C(=O)C(=O)N1 1.0000000 1.0000 0.8965756 0.8966 0.8857362 3.6659
 | 11.4721 60.2153 49.4045 0.8564049 CN1CN(C=CC=CC(O)=C2C(=N)N(C)NC2=O)C(=O)N(C)C1=O 1 N=C1NNC(=O)C1=CC=CC=CN1CNC(=O)NC1=O 1.0000000 1.0000 0.7149726 0.7150 0.7971846 4.1083
 | 11.7398 68.1070 50.8993 0.9297372 CC(=O)OC=c1[nH]c(=O)[nH]c(=O)c1=C(O)C=CC=CN1CC(=O)N(CCO)C(=O)C1=O 1 C=c1[nH]c(=O)[nH]c(=O)c1=CC=CC=CN1CC(=O)NC(=O)C1=O 1.0000000 1.0000 0.8929787 0.8930 0.8316087 3.9596
 | 11.1508 55.9178 59.4934 0.9016499 O=C1CN(C=CC=CC(O)=C2C(=O)N=NNC2=O)C(=O)CN1 1 O=C1CN(C=CC=CC=C2C(=O)N=NNC2=O)C(=O)CN1 1.0000000 1.0000 0.8274521 0.8275 0.8089081 4.0600
 | 18.5047 77.2019 23.9806 0.7904879 CN1CN(C=CC=CC(O)=C2C(=O)NC(=O)NC(=O)C2=O)C(=C[N+]2(C)CCCC2CO)C1=O 1 O=C1NC(=O)C(=O)C(=CC=CC=CN2CNC(=O)C2=C[NH+]2CCCC2)C(=O)N1 1.0000000 1.0000 0.7367732 0.7368 0.4967247 5.0085
 | 12.9357 56.0213 60.4929 0.9102666 CN1OC(=O)C(=C(O)C=CC=CN2CCNC(=O)C2=O)C1=O 1 O=C1NCCN(C=CC=CC=C2C(=O)NOC2=O)C1=O 1.0000000 1.0000 0.8316577 0.8317 0.8428149 3.9060
 | 17.3998 63.6446 42.9314 0.8326250 NC1CC(CO)CN1C=CC=CC(O)=C1OC(=O)NC(=O)NC1=O 1 O=C1NC(=O)OC(=CC=CC=CN2CCCC2)C(=O)N1 1.0000000 1.0000 0.7800227 0.7800 0.5904346 4.7617
 | 10.2086 55.3566 62.9600 0.9243484 CN1CN(C=CC=CC(O)=C2C(=O)NC(O)NC2=O)C(=O)C1=O 1 O=C1NCN(C=CC=CC=C2C(=O)NCNC2=O)C1=O 1.0000000 1.0000 0.8788836 0.8789 0.8293876 3.9699
 | 23.0066 72.0857 35.3539 0.8393718 CN1CCCC1=C1C(=O)NC(=O)C1=C(O)C=CC=CN1CC(CCO)NC(=O)N1 1 O=C1NCCN(C=CC=CC=C2C(=O)NC(=O)C2=C2CCCN2)N1 1.0000000 1.0000 0.7151558 0.7152 0.7170662 4.3942
01:54:51 <INFO> Sampled SMILES O=C1NC(=O)C(=C(O)C=CC=CN2CN(C)C=C1)c(N)c(N(C)C)c2N failed to sanitize.
01:54:51 <INFO> Sampled SMILES N1C(=O)C(=C(O)C=CC=CN2CC(CN=[N+]=[N-])NC2=O)n2c1cccc2 failed to sanitize.
01:54:52 <INFO> Score: 0.69 Agent NLL: 15.20 Valid:  98% Step: 288
 | Agent Prior Target Score SMILES SMILES_state Scaffold DASA DASA (raw) Solubility Solubility (raw) SA SA (raw)
 | 20.3212 68.3966 37.2158 0.8250966 NC1CC(=S)N(C=CC=CC(O)=C2C(=O)NC(=NO)OC2=O)C1 1 N=C1NC(=O)C(=CC=CC=CN2CCCC2=S)C(=O)O1 1.0000000 1.0000 0.7557218 0.7557 0.5949998 4.7494
 | 9.9280 43.7632 -43.7632 0.0000000 O=C1Nc2ccccc2C1=C(O)C=CC=CN1CCCO1 1 O=C1Nc2ccccc2C1=CC=CC=CN1CCCO1 1.0000000 1.0000 0.4313310 0.4313 0.9235868 3.3765
 | 11.8433 64.8721 53.8438 0.9274682 O=C1NCC(=C(O)C=CC=CN2CC(=O)N(CCO)C(=O)C2=O)C(=O)N1 1 O=C1CN(C=CC=CC=C2CNC(=O)NC2=O)C(=O)C(=O)N1 1.0000000 1.0000 0.8585227 0.8585 0.8795375 3.7049
 | 23.0354 22.9587 -22.9432 0.0001213 CCCN1CCc2ccsc2CC1 1 c1cc2c(s1)CCNCC2 0.0000000 0.0000 0.4827671 0.4828 0.9871133 2.1737
 | 18.5173 69.3186 41.5380 0.8660679 CN1CN(C=CC=CC(O)=C2C(=O)N=C(N)NC2=O)C2(C(=O)NC(=O)NC2=O)N(C)C1=S 1 O=C1NC(=O)C2(NC(=S)NCN2C=CC=CC=C2C(=O)N=CNC2=O)C(=O)N1 1.0000000 1.0000 0.8283284 0.8283 0.6535715 4.5865
 | 20.7791 53.4729 38.5027 0.7185593 CC1(C)OC(=O)NC(=O)C(=C(O)C=CC=CN2CCc3ccccc3C2)C(=O)O1 1 O=C1NC(=O)C(=CC=CC=CN2CCc3ccccc3C2)C(=O)OCO1 1.0000000 1.0000 0.3883227 0.3883 0.9232964 3.3792
 | 15.1495 51.6877 60.3666 0.8754240 NC1CCN(C=CC=CC(O)=C2C=CC(=O)NC2=O)C1=O 1 O=C1C=CC(=CC=CC=CN2CCCC2=O)C(=O)N1 1.0000000 1.0000 0.7871057 0.7871 0.7561169 4.2629
 | 16.5782 74.4932 38.3330 0.8814543 CN1C=[N+]([O-])N(C=CC=CC(O)=C2C(=O)NN=C(N)NC2=O)C1 1 O=C1NC=NNC(=O)C1=CC=CC=CN1CNC=[NH+]1 1.0000000 1.0000 0.8634782 0.8635 0.6665905 4.5487
 | 10.6293 55.6574 62.5705 0.9236556 O=C1NC(=O)C1=C(O)C=CC=CN1CNCC1=O 1 O=C1NC(=O)C1=CC=CC=CN1CNCC1=O 1.0000000 1.0000 0.8522082 0.8522 0.8719126 3.7506
 | 13.4786 60.4323 50.4294 0.8661069 CCOC=NC1=NC(=O)C(=C(O)C=CC=CN2CCC(=O)NC2=O)C(=O)N1 1 O=C1CCN(C=CC=CC=C2C(=O)N=CNC2=O)C(=O)N1 1.0000000 1.0000 0.7266988 0.7267 0.8220157 4.0033
01:54:52 <INFO> Score: 0.72 Agent NLL: 16.88 Valid: 100% Step: 289
 | Agent Prior Target Score SMILES SMILES_state Scaffold DASA DASA (raw) Solubility Solubility (raw) SA SA (raw)
 | 13.8969 53.0048 45.3807 0.7686364 CN1C(=O)NC(=C(O)C=CC=CN2C(=O)C(=C(Br)Br)C2=O)C1=O 1 C=C1C(=O)N(C=CC=CC=C2NC(=O)NC2=O)C1=O 1.0000000 1.0000 0.5136075 0.5136 0.8061765 4.0715
 | 15.4959 59.1441 54.4768 0.8876631 CN1CCC(=O)N(C=CC=CC(O)=C2C(=O)NNC(=S)N(C)C2=O)C1 1 O=C1NNC(=S)NC(=O)C1=CC=CC=CN1CNCCC1=O 1.0000000 1.0000 0.7582478 0.7582 0.8682272 3.7718
 | 19.0924 62.0121 41.5773 0.8092922 C=C1CCN(C(=O)OC)CN1C=CC=CC(O)=C1OC(CO)NC1=O 1 C=C1CCNCN1C=CC=CC=C1OCNC1=O 1.0000000 1.0000 0.6807042 0.6807 0.6454695 4.6097
 | 12.7570 64.2279 50.9674 0.8999638 CN1C(=O)C(=C(O)C=CC=CN2CC(=O)N(CCO)CC2=O)C(=O)OC1=S 1 O=C1CN(C=CC=CC=C2C(=O)NC(=S)OC2=O)C(=O)CN1 1.0000000 1.0000 0.7892489 0.7892 0.8700757 3.7612
 | 8.7441 62.5467 53.9667 0.9102612 NC=CC=CC(O)=c1c(=O)[nH]c(=O)[nH]c(=O)c1=C1C(=O)c2ccccc2N1CCO 1 C=c1c(=O)[nH]c(=O)[nH]c(=O)c1=C1Nc2ccccc2C1=O 1.0000000 1.0000 0.7998074 0.7998 0.9023959 3.5511
 | 17.1279 58.3541 46.0878 0.8159520 C=C1CCCN1C=CC=CC(O)=c1oc(=CC=CC=O)n(C)c1=O 1 C=C1CCCN1C=CC=CC=c1oc(=C)[nH]c1=O 1.0000000 1.0000 0.6559006 0.6559 0.7190723 4.3877
 | 19.1812 88.3483 16.8943 0.8222072 Cn1c(=O)[nH]c(=CC=CC=CN2CC2N)c(=C(O)C=CC=CN2C=CN(CCO)C(=O)C2)c1=O 1 O=C1CN(C=CC=CC=c2c(=O)[nH]c(=O)[nH]c2=CC=CC=CN2CC2)C=CN1 1.0000000 1.0000 0.8118056 0.8118 0.5153600 4.9600
 | 11.2788 61.0095 50.1426 0.8683757 CC1CCN(C=CC=CC(O)=C2C(=O)N=C(NC(N)=O)NC2=O)C(=O)N1 1 O=C1N=CNC(=O)C1=CC=CC=CN1CCCNC1=O 1.0000000 1.0000 0.7613129 0.7613 0.7682095 4.2194
 | 18.2087 65.1132 45.6206 0.8651071 COCOC1C(=O)N(C=CC=CC(O)=C2C(=O)NN(CO)C2=O)CC1O 1 O=C1NNC(=O)C1=CC=CC=CN1CCCC1=O 1.0000000 1.0000 0.8665565 0.8666 0.6004436 4.7347
 | 19.9970 68.7358 34.0265 0.8028306 CC(C)=CCCN1C(=O)CN(C=CC=CC(O)=C2C(=O)N=C(NCN3CCCC3)NC2=O)C1=O 1 O=C1CN(C=CC=CC=C2C(=O)N=C(NCN3CCCC3)NC2=O)C(=O)N1 1.0000000 1.0000 0.5618738 0.5619 0.8657801 3.7856
01:54:53 <INFO> Sampled SMILES N1C(=O)N(C)C(=O)C(=C(O)C=CC=CN(CCO)CCO)C1=c1ccc2c(c1)C(C)(C)C(=O)N2 failed to sanitize.
01:54:53 <INFO> Sampled SMILES N1C(=O)C(=C(O)C=CC=CN2CC=OOC2)C(=O)N=C1NCC=C failed to sanitize.
01:54:53 <INFO> Score: 0.71 Agent NLL: 16.67 Valid:  98% Step: 290
 | Agent Prior Target Score SMILES SMILES_state Scaffold DASA DASA (raw) Solubility Solubility (raw) SA SA (raw)
 | 13.4870 69.8490 43.2677 0.8837242 CC(O)=C1NNNC(=O)C1=C(O)C=CC=CN1CN(C)C(=O)C1=O 1 C=C1NNNC(=O)C1=CC=CC=CN1CNC(=O)C1=O 1.0000000 1.0000 0.7982095 0.7982 0.7752796 4.1933
 | 16.8387 75.6401 38.1984 0.8893626 CC1NC(=O)N(C=CC=CC(O)=c2c(=O)[nH]c(=O)[nH]c2=C2C(=O)NC(=S)NC2=O)CN(CCO)C1=O 1 O=C1CNC(=O)N(C=CC=CC=c2c(=O)[nH]c(=O)[nH]c2=C2C(=O)NC(=S)NC2=O)CN1 1.0000000 1.0000 0.8813902 0.8814 0.6739373 4.5270
 | 12.4628 66.0404 42.6266 0.8489612 O=C1CN(C=CC=CC(O)=c2c(=O)[nH]c(=CBr)[nH]c2=O)C=CN1CCO 1 C=c1[nH]c(=O)c(=CC=CC=CN2C=CNC(=O)C2)c(=O)[nH]1 1.0000000 1.0000 0.7725564 0.7726 0.6649413 4.5535
 | 19.8578 73.4119 33.8869 0.8382719 C=C1CN(C)CN(C=CC=CC(O)=C2NNC(C(=O)O)NC2=O)C1=O 1 C=C1CNCN(C=CC=CC=C2NNCNC2=O)C1=O 1.0000000 1.0000 0.8151194 0.8151 0.5664134 4.8259
 | 19.3361 65.2744 48.3516 0.8877033 CONC1=NC(=O)CC(=C(O)C=CC=CN2CC(=O)NCC2=O)C(=O)N1C 1 O=C1CC(=CC=CC=CN2CC(=O)NCC2=O)C(=O)NC=N1 1.0000000 1.0000 0.8005974 0.8006 0.7896439 4.1383
 | 25.1958 74.2785 23.3121 0.7624266 C=C1NC(=O)C(=C(O)C=CC=CN2CC([N+](=O)[O-])=C(N(CC)CC)NO2)CC1O 1 C=C1CCC(=CC=CC=CN2CC=CNO2)C(=O)N1 1.0000000 1.0000 0.6372859 0.6373 0.5296080 4.9228
 | 14.7644 64.1470 48.3538 0.8789129 O=C1NC(=O)C(=c2o[nH]c(=O)c2=C(O)C=CC=CN2CC(CCO)NC2=O)C(=O)N1 1 O=C1NC(=O)C(=c2o[nH]c(=O)c2=CC=CC=CN2CCNC2=O)C(=O)N1 1.0000000 1.0000 0.8665595 0.8666 0.6524821 4.5896
 | 10.4752 64.8914 51.6694 0.9106313 O=C1NC(=O)C(=c2o[nH]c(=O)c2=C(O)C=CC=CN2CNC2=O)C(=O)N1 1 O=C1NC(=O)C(=c2o[nH]c(=O)c2=CC=CC=CN2CNC2=O)C(=O)N1 1.0000000 1.0000 0.8720715 0.8721 0.7772884 4.1857
 | 14.9649 69.7599 48.0985 0.9207687 O=c1[nH]c(=O)c(=C(O)C=CC=CNCCO)c(=C2C=CN(CCO)CO2)c(=O)[nH]1 1 C=c1c(=O)[nH]c(=O)[nH]c(=O)c1=C1C=CNCO1 1.0000000 1.0000 0.8917247 0.8917 0.7922943 4.1278
 | 14.9778 66.3702 42.1502 0.8478151 CC(=O)N=C1C(=C(O)C=CC=CN2CN(C)C=N2)C(=O)NN1C 1 N=C1NNC(=O)C1=CC=CC=CN1CNC=N1 1.0000000 1.0000 0.7469475 0.7469 0.7003634 4.4469
01:54:54 <INFO> Sampled SMILES N1C(=O)C(=C(O)C=CC=CN2CNCC2)C(=c2c(O)c(O)c(O)c(=C)c2O)N1 failed to sanitize.
01:54:54 <INFO> Score: 0.80 Agent NLL: 16.60 Valid:  99% Step: 291
 | Agent Prior Target Score SMILES SMILES_state Scaffold DASA DASA (raw) Solubility Solubility (raw) SA SA (raw)
 | 31.3882 84.0698 30.5238 0.8952623 CC(=CC=CC(O)=C1C(=O)NNC1=O)N(O)C1C(=O)C(=O)NCC(=O)N(C)C1=O 1 O=C1CNC(=O)C(=O)C(NC=CC=CC=C2C(=O)NNC2=O)C(=O)N1 1.0000000 1.0000 0.8684349 0.8684 0.7160590 4.3974
 | 18.0050 51.9390 53.5665 0.8242611 CN=C1NC(=O)C(=C(O)C=CC=CN2C=CC=CC=C2)C(=O)N1 1 N=C1NC(=O)C(=CC=CC=CN2C=CC=CC=C2)C(=O)N1 1.0000000 1.0000 0.6558203 0.6558 0.7585194 4.2544
 | 16.1117 56.0044 56.6676 0.8802500 COCCN1C(=O)NC(=O)C1=C(O)C=CC=CN1CC(O)C(O)C1=O 1 O=C1NC(=O)C(=CC=CC=CN2CCCC2=O)N1 1.0000000 1.0000 0.8336323 0.8336 0.7038438 4.4361
 | 13.7064 59.8789 50.8505 0.8650732 CN1C=CCN(C=CC=CC(O)=c2c(=O)[nH]c(=O)[nH]c2=C2CC2)C1 1 O=c1[nH]c(=O)c(=CC=CC=CN2CC=CNC2)c(=C2CC2)[nH]1 1.0000000 1.0000 0.7561558 0.7562 0.7620047 4.2419
 | 8.5922 57.5901 47.9788 0.8247569 CN1CN(C=CC=CC(O)=C2NC(=N)NC2=O)SC1=O 1 N=C1NC(=O)C(=CC=CC=CN2CNC(=O)S2)N1 1.0000000 1.0000 0.7201870 0.7202 0.6459249 4.6084
 | 9.7702 53.8862 60.0890 0.8904312 CCN1CC(=O)N(C=CC=CC(O)=C2NC(=O)N(C)C2=O)CC1=O 1 O=C1CN(C=CC=CC=C2NC(=O)NC2=O)C(=O)CN1 1.0000000 1.0000 0.7615079 0.7615 0.8759348 3.7268
 | 13.5246 78.0653 41.9989 0.9380018 Cn1c(=O)[nH]c(=C2C(=O)NC(=O)NC2=O)c(=C(O)C=CC=CN2CC(=O)N(CCO)C2=O)c1=O 1 O=C1CN(C=CC=CC=c2c(=O)[nH]c(=O)[nH]c2=C2C(=O)NC(=O)NC2=O)C(=O)N1 1.0000000 1.0000 0.9014291 0.9014 0.8569173 3.8340
 | 14.6546 58.2152 47.8296 0.8284751 CN1C(=O)NC(=O)NC(=O)C1=C(O)C=CC=CN1C=CC=C([N+](=O)[O-])C1 1 O=C1NC(=O)NC(=CC=CC=CN2C=CC=CC2)C(=O)N1 1.0000000 1.0000 0.6572177 0.6572 0.7762042 4.1898
 | 12.5306 67.2320 43.9466 0.8685829 O=C1CN(C=CC=CC(O)=C2C(=O)NC(=O)NC2C(=O)O)C(O)=CCN1 1 O=C1CN(C=CC=CC=C2CNC(=O)NC2=O)C=CCN1 1.0000000 1.0000 0.7912701 0.7913 0.7189369 4.3882
 | 33.5712 77.7509 33.5511 0.8695468 CCON=C(C)N1CN(C=CC=CC(O)=C2C(=O)NC(C(=O)OCCO)=C2[O-])C1=O 1 O=C1NC=CC1=CC=CC=CN1CNC1=O 1.0000000 1.0000 0.7703292 0.7703 0.7578866 4.2566
01:54:55 <INFO> Score: 0.71 Agent NLL: 15.45 Valid: 100% Step: 292
 | Agent Prior Target Score SMILES SMILES_state Scaffold DASA DASA (raw) Solubility Solubility (raw) SA SA (raw)
 | 10.6788 55.1036 52.9135 0.8438831 N=C1NC(=O)C(=C(O)C=CC=CN2CC(CN)O2)N1 1 N=C1NC(=O)C(=CC=CC=CN2CCO2)N1 1.0000000 1.0000 0.8421618 0.8422 0.5540382 4.8586
 | 36.0070 93.4786 6.7420 0.7829736 CC(C)ON=C1C(=O)NC(=O)C1=C(O)C=CC=CN1C(C(O)(F)S(C)(=O)=O)=NNC1C 1 N=C1C(=O)NC(=O)C1=CC=CC=CN1C=NNC1 1.0000000 1.0000 0.7105624 0.7106 0.5033482 4.9913
 | 23.2434 69.6254 36.0626 0.8256873 CN1C(=O)C(=C(O)C=CC=CN2C(=O)OCC2C(=O)O)OC1(C)COC(=O)NCCO 1 O=C1NCOC1=CC=CC=CN1CCOC1=O 1.0000000 1.0000 0.7212399 0.7212 0.6481006 4.6022
 | 16.1179 60.2001 50.0331 0.8611966 CN1OC(=N)C(=C(O)C=CC=CN2CN2)C1=O 1 N=C1ONC(=O)C1=CC=CC=CN1CN1 1.0000000 1.0000 0.7917062 0.7917 0.6867520 4.4886
 | 13.1613 70.3696 48.5016 0.9286815 CC(=O)NN(C)C=CC=CC(O)=c1c(=O)[nH][nH]c(=O)c1=C1C(=O)NC(=O)NC1=O 1 C=c1c(=O)[nH][nH]c(=O)c1=C1C(=O)NC(=O)NC1=O 1.0000000 1.0000 0.8952892 0.8953 0.8229334 3.9992
 | 21.0985 83.4969 19.1749 0.8021235 CN1CN(C=CC=CC(O)=C2C(=O)N(C)C(=O)C2=C2NC(=O)N(C)C(=O)N2CCO)CSC1=S 1 O=C1NC(=O)NC(=C2C(=O)NC(=O)C2=CC=CC=CN2CNC(=S)SC2)N1 1.0000000 1.0000 0.5887509 0.5888 0.7941204 4.1206
 | 16.5188 67.4043 39.3981 0.8343935 C=CCNC1=NC(=O)C(=C(O)C=CC=CN2CC=NC2=C(C)C=O)C(=O)N1 1 C=C1N=CCN1C=CC=CC=C1C(=O)N=CNC1=O 1.0000000 1.0000 0.6888112 0.6888 0.7422016 4.3111
 | 13.3351 46.2045 54.7376 0.7886101 O=C1NCCOC1=C(O)C=CC=CN1CCc2ccccc21 1 O=C1NCCOC1=CC=CC=CN1CCc2ccccc21 1.0000000 1.0000 0.5137204 0.5137 0.9220521 3.3906
 | 11.4521 62.9449 52.4219 0.9013032 O=C1CN(C=CC=CC(O)=C2C(=O)N=C(NC3CC3)NC2=O)C(=O)CO1 1 O=C1CN(C=CC=CC=C2C(=O)N=C(NC3CC3)NC2=O)C(=O)CO1 1.0000000 1.0000 0.7919963 0.7920 0.8715792 3.7525
 | 15.6662 68.1442 41.3372 0.8553233 C=c1[nH]c(=O)n(C)c(=O)c1=C(O)C=CC=CN1CC(N)C(O)C(CO)C1 1 C=c1[nH]c(=O)[nH]c(=O)c1=CC=CC=CN1CCCCC1 1.0000000 1.0000 0.8887571 0.8888 0.5411451 4.8925
01:54:55 <INFO> Sampled SMILES CCN1C(=O)C(=C(O)C=CC=CN2CCCO2)N(C)C1=CC=CCC1(C)OC2C(O)C(O)C(O)C(CO)O2O1 failed to sanitize.
01:54:55 <INFO> Sampled SMILES N1C(=O)C(=C(O)C=CC=CN2CC(=O)N(CC)N=C2=O)C(=N)N1C failed to sanitize.
01:54:56 <INFO> Score: 0.73 Agent NLL: 16.86 Valid:  98% Step: 293
 | Agent Prior Target Score SMILES SMILES_state Scaffold DASA DASA (raw) Solubility Solubility (raw) SA SA (raw)
 | 15.3566 72.9639 39.6470 0.8797730 CC(=CC(=O)O)NC1=NC(=O)C(=C(O)C=CC=CN2C(=O)COC2=O)C(=O)N1 1 O=C1N=CNC(=O)C1=CC=CC=CN1C(=O)COC1=O 1.0000000 1.0000 0.7508010 0.7508 0.8429023 3.9056
 | 13.0868 64.3148 51.4265 0.9042284 NC(=O)NC1=NC(=O)C(=C(O)C=CC=CN2CN=CN(CCO)C2)C(=O)N1 1 O=C1N=CNC(=O)C1=CC=CC=CN1CN=CNC1 1.0000000 1.0000 0.8419229 0.8419 0.7965877 4.1107
 | 9.7685 50.6792 64.4881 0.8997444 NC(=O)NC1=NC(=O)C(=C(O)C=CC=CN2CCCC2)C(=O)N1 1 O=C1N=CNC(=O)C1=CC=CC=CN1CCCC1 1.0000000 1.0000 0.7681748 0.7682 0.9111091 3.4839
 | 14.8492 62.8825 48.3044 0.8686480 C=C1CN(C=CC=CC(O)=C2C(=O)N=C(NC3CCC3)NC2=O)NC1=O 1 C=C1CN(C=CC=CC=C2C(=O)N=C(NC3CCC3)NC2=O)NC1=O 1.0000000 1.0000 0.7287062 0.7287 0.8307363 3.9637
 | 19.2326 64.3239 40.1593 0.8162753 CC(C)N1C(=O)C(=CCO)C(=C(O)C=C(O)C=CN2CCCC2)C1=O 1 C=C1C(=O)NC(=O)C1=CC=CC=CN1CCCC1 1.0000000 1.0000 0.5824192 0.5824 0.8871149 3.6570
 | 14.0082 56.5563 52.1951 0.8496205 O=C1NNCCC1=C(O)C=CC=CN1CCC(=O)C1O 1 O=C1CCN(C=CC=CC=C2CCNNC2=O)C1 1.0000000 1.0000 0.8032934 0.8033 0.6235931 4.6711
 | 13.5206 63.5050 48.5467 0.8754034 CN1CN(C)C(=O)N(C=CC=CC(O)=C2C(=O)NC=NNNC2=O)C1 1 O=C1NC=NNNC(=O)C1=CC=CC=CN1CNCNC1=O 1.0000000 1.0000 0.8073772 0.8074 0.7231182 4.3746
 | 12.7453 63.7437 46.0261 0.8575766 CN1C(=O)NCN1C=CC=CC(O)=C1C(=O)NCC(=O)C1O 1 O=C1CNC(=O)C(=CC=CC=CN2CNC(=O)N2)C1 1.0000000 1.0000 0.8310771 0.8311 0.6170362 4.6893
 | 10.9183 51.4873 61.4672 0.8824567 CN1C(=O)NC(=O)C(=C(O)C=CC=CN2CCNC2=O)C1O 1 O=C1NCC(=CC=CC=CN2CCNC2=O)C(=O)N1 1.0000000 1.0000 0.7923227 0.7923 0.7794918 4.1774
 | 10.5812 77.3616 43.0051 0.9403647 O=C1NNC(=O)C1=c1c(=O)[nH]c(=O)[nH]c(=O)c1=C(O)C=CC=CN1CCN(CCO)C1 1 O=C1NNC(=O)C1=c1c(=O)[nH]c(=O)[nH]c(=O)c1=CC=CC=CN1CCNC1 1.0000000 1.0000 0.9292564 0.9293 0.8233196 3.9974
01:54:56 <INFO> Sampled SMILES N1C(=O)N(CC)C(=O)C(=C(O)C=CC=CN2CC=C(F)(CO)C=C2)C1=C1C(=O)NNC1=O failed to sanitize.
01:54:57 <INFO> Score: 0.68 Agent NLL: 16.10 Valid:  99% Step: 294
 | Agent Prior Target Score SMILES SMILES_state Scaffold DASA DASA (raw) Solubility Solubility (raw) SA SA (raw)
 | 18.4772 56.5002 57.0325 0.8869744 Cn1c(=CCCO)oc(=C(O)C=CC=CN2CCN=C2N)c1=O 1 C=c1[nH]c(=O)c(=CC=CC=CN2C=NCC2)o1 1.0000000 1.0000 0.8361603 0.8362 0.7286627 4.3565
 | 10.3012 63.0678 52.2688 0.9010668 CC(=O)NC1=NC(=O)C(=C(O)C=CC=CN2CN(C)C(=O)C2=N)C(=O)N1 1 N=C1C(=O)NCN1C=CC=CC=C1C(=O)N=CNC1=O 1.0000000 1.0000 0.8041382 0.8041 0.8475114 3.8826
 | 17.0100 55.3596 32.4595 0.6860861 CCN1C(=c2[nH]c(=O)[nH]c(=O)c2=C(O)C=CC=CNc2ccccc2)C=Cc2ccccc21 1 O=c1[nH]c(=O)c(=CC=CC=CNc2ccccc2)c(=C2C=Cc3ccccc3N2)[nH]1 1.0000000 1.0000 0.3376668 0.3377 0.9249815 3.3636
 | 21.3545 80.8068 32.2879 0.8835523 N=C1NC(=O)N(CCCCO)C(=O)C1=C(O)C=CC=CN1CC(=O)N(CCO)CC1CO 1 N=C1NC(=O)NC(=O)C1=CC=CC=CN1CCNC(=O)C1 1.0000000 1.0000 0.7979722 0.7980 0.7748911 4.1947
 | 13.6656 76.5431 37.7482 0.8929002 CN1C=CN(C=CC=CC(O)=c2c(=O)[nH]c(=O)[nH]c2=C2C(=O)CCN2CCO)C1 1 O=C1CCNC1=c1[nH]c(=O)[nH]c(=O)c1=CC=CC=CN1C=CNC1 1.0000000 1.0000 0.8301654 0.8302 0.7641476 4.2342
 | 11.5852 64.3253 43.0535 0.8388970 CC=c1[nH]c(=O)c(=C(O)C=CC=CN2C=CN(C)C2)[nH]1 1 C=c1[nH]c(=O)c(=CC=CC=CN2C=CNC2)[nH]1 1.0000000 1.0000 0.7579695 0.7580 0.6457729 4.6088
 | 12.8314 63.5284 54.1518 0.9193767 O=C1CN(CCO)C(=O)CN1C=CC=CC(O)=c1c(=O)[nH]c(=O)[nH]c1=C1CC1 1 O=C1CN(C=CC=CC=c2c(=O)[nH]c(=O)[nH]c2=C2CC2)C(=O)CN1 1.0000000 1.0000 0.8589537 0.8590 0.8392546 3.9234
 | 7.6161 71.6226 -71.6226 0.0000000 O=C1NNC(=O)C1=c1c(=O)[nH]c(=O)[nH]c(=O)c1=C(O)C=CC=CNCCO 1 C=c1c(=O)[nH]c(=O)[nH]c(=O)c1=C1C(=O)NNC1=O 1.0000000 1.0000 0.9412378 0.9412 0.8366411 3.9359
 | 18.1692 68.9094 39.2719 0.8451662 O=C1NCCN(CCCl)C1=C(O)C=CC=CN1CC(=O)N(CCSCCO)C1=O 1 O=C1CN(C=CC=CC=C2NCCNC2=O)C(=O)N1 1.0000000 1.0000 0.6635168 0.6635 0.8476278 3.8821
 | 15.8832 63.2530 45.0455 0.8460825 COC=C1C(=O)OC(=C(O)C=CC=CN2C(=O)NC(=O)CC2C(=O)O)C1=O 1 C=C1C(=O)OC(=CC=CC=CN2CCC(=O)NC2=O)C1=O 1.0000000 1.0000 0.7254706 0.7255 0.7291753 4.3548
01:54:58 <INFO> Score: 0.73 Agent NLL: 16.40 Valid: 100% Step: 295
 | Agent Prior Target Score SMILES SMILES_state Scaffold DASA DASA (raw) Solubility Solubility (raw) SA SA (raw)
 | 18.1320 74.5448 36.6204 0.8684781 O=C1NNC(=O)C(=c2o[nH]c(=O)c2=C(O)C=CC=CN2CC(CO)OC2=O)N1 1 O=C1NNC(=O)C(=c2o[nH]c(=O)c2=CC=CC=CN2CCOC2=O)N1 1.0000000 1.0000 0.8738769 0.8739 0.6038736 4.7253
 | 18.5066 86.8932 24.1882 0.8678233 CONC(C)=c1c(=O)[nH]c(=O)[nH]c(=O)c1=C(O)C=CC=CN1CN(CCO)C(=O)C(O)C1O 1 C=c1c(=O)[nH]c(=O)[nH]c(=O)c1=CC=CC=CN1CCC(=O)NC1 1.0000000 1.0000 0.9210719 0.9211 0.5485936 4.8730
 | 11.9529 48.8599 -48.8599 0.0000000 CN1NC(=O)C(=C(O)C=CC=CN2CC(=O)NCC2=O)C1=O 1 O=C1CN(C=CC=CC=C2C(=O)NNC2=O)C(=O)CN1 1.0000000 1.0000 0.8546292 0.8546 0.8591036 3.8223
 | 34.9692 94.5178 5.4273 0.7808206 CN=C1NC(=O)C(=C(O)C=CC=CN2ONC(N)NC2=O)C1=C1NC(=NCCO)C(=O)N1O 1 N=C1NC(=C2C(=N)NC(=O)C2=CC=CC=CN2ONCNC2=O)NC1=O 1.0000000 1.0000 0.8477201 0.8477 0.3642943 5.3627
 | 16.0420 52.2467 35.5114 0.6856102 CC=C1NCCN1C=CC=CC(O)=C1OC(c2ccccc2)N(C)C1=O 1 C=C1NCCN1C=CC=CC=C1OC(c2ccccc2)NC1=O 1.0000000 1.0000 0.3730662 0.3731 0.7740700 4.1978
 | 8.6675 77.7856 -77.7856 0.0000000 O=C1NNC(=O)C1=c1c(=O)[nH]c(=O)[nH]c(=O)c1=C(O)C=CC=CN1CC(O)C(O)C1 1 O=C1NNC(=O)C1=c1c(=O)[nH]c(=O)[nH]c(=O)c1=CC=CC=CN1CCCC1 1.0000000 1.0000 0.9401519 0.9402 0.5825236 4.7830
 | 15.6948 63.0631 47.5501 0.8641662 CC1=NN(C)NC(=O)C1=C(O)C=CC=CN1CC(=O)NCCCO1 1 O=C1CN(C=CC=CC=C2C=NNNC2=O)OCCCN1 1.0000000 1.0000 0.7326402 0.7326 0.8008975 4.0933
 | 19.7395 81.1704 24.1040 0.8224560 O=C1NC(=CC=CCO)C(=CN2CCOCC2)C1=C(O)C=CC=CN1C(=O)COC1=O 1 C=C1NC(=O)C(=CC=CC=CN2C(=O)COC2=O)C1=CN1CCOCC1 1.0000000 1.0000 0.6300334 0.6300 0.8043691 4.0790
 | 11.8520 61.5722 53.1156 0.8959987 NC(=O)NC1=NC(=O)C(=C(O)C=CC=CN2CCNC2C(=O)O)C(=O)N1 1 O=C1N=CNC(=O)C1=CC=CC=CN1CCNC1 1.0000000 1.0000 0.8551089 0.8551 0.7388837 4.3224
 | 21.5877 63.6571 31.2779 0.7416794 CCOC(=O)N1C=CN(C=CC=CC(O)=c2oc(=CC=C3CCCCN3C)[nH]c2=O)C1 1 O=c1[nH]c(=CC=C2CCCCN2)oc1=CC=CC=CN1C=CNC1 1.0000000 1.0000 0.4922289 0.4922 0.7200168 4.3847
01:54:59 <INFO> Score: 0.79 Agent NLL: 16.44 Valid: 100% Step: 296
 | Agent Prior Target Score SMILES SMILES_state Scaffold DASA DASA (raw) Solubility Solubility (raw) SA SA (raw)
 | 18.2261 61.2198 42.4966 0.8102841 CN1CN(C)C(=N)N(C=CC=CC(O)=C2C(=O)N(C)C=NN(C)C2O)C1 1 N=C1NCNCN1C=CC=CC=C1CNN=CNC1=O 1.0000000 1.0000 0.7452930 0.7453 0.5543366 4.8578
 | 14.1321 73.6018 40.7905 0.8936895 C=C1CNC(=O)C(=O)N1C=CC=CC(O)=C1C(=O)N=C(NCC)NNC1=O 1 C=C1CNC(=O)C(=O)N1C=CC=CC=C1C(=O)N=CNNC1=O 1.0000000 1.0000 0.8177061 0.8177 0.7882876 4.1436
 | 19.7712 81.9074 20.4759 0.7998692 CC(O)=C1CONC(=O)C1=C(O)C=CC=CN1CN(C)C(=O)C1=NC1CCNCC1 1 C=C1CONC(=O)C1=CC=CC=CN1CNC(=O)C1=NC1CCNCC1 1.0000000 1.0000 0.6211715 0.6212 0.7124091 4.4091
 | 12.6521 64.2898 20.9921 0.6662645 CN1CN(C=CC=CC(O)=C2CC(=CBr)NC2=O)C(=N)SC1=O 1 C=C1CC(=CC=CC=CN2CNC(=O)SC2=N)C(=O)N1 1.0000000 1.0000 0.3812632 0.3813 0.6412117 4.6218
 | 15.7606 52.0606 24.3282 0.5967874 O=C1Nc2ccccc2C1=C(O)C=CC=CN1CCSC(CCl)C1 1 O=C1Nc2ccccc2C1=CC=CC=CN1CCSCC1 1.0000000 1.0000 0.2351907 0.2352 0.8376603 3.9310
 | 17.9649 79.2640 34.5405 0.8890984 CN1CN(C=CC=CC(O)=c2c(=O)[nH]c(=O)[nH]c(=O)c2=C2C=CCCN2CCO)CNC1=O 1 O=C1NCN(C=CC=CC=c2c(=O)[nH]c(=O)[nH]c(=O)c2=C2C=CCCN2)CN1 1.0000000 1.0000 0.8243951 0.8244 0.7563965 4.2619
 | 16.6578 61.4178 54.4411 0.9051476 C=c1c(=O)[nH]c(=O)[nH]c(=O)c1=C(O)C=CC=CN1CC[N+](C)(C)CC1=O 1 C=c1c(=O)[nH]c(=O)[nH]c(=O)c1=CC=CC=CN1CC[NH2+]CC1=O 1.0000000 1.0000 0.8546255 0.8546 0.7801340 4.1750
 | 13.7983 53.0353 54.5883 0.8408097 CN1C(=N)C(=O)C(=C(O)C=CC=CN2C=CCC2)C1=O 1 N=C1NC(=O)C(=CC=CC=CN2C=CCC2)C1=O 1.0000000 1.0000 0.6723656 0.6724 0.8060341 4.0721
 | 22.5381 76.7547 32.0822 0.8502883 CCOC(=O)C(C=O)=C1NNNC(=O)C1=C(O)C=CC=CN1C=CN(C)C1 1 C=C1NNNC(=O)C1=CC=CC=CN1C=CNC1 1.0000000 1.0000 0.7484302 0.7484 0.7086922 4.4208
 | 12.7530 60.2415 50.8099 0.8675888 O=C1CN(C=CC=CC(O)=C2C(=O)NC(=CN3CCSCC3)C2=O)C(=O)CN1 1 O=C1CN(C=CC=CC=C2C(=O)NC(=CN3CCSCC3)C2=O)C(=O)CN1 1.0000000 1.0000 0.7356136 0.7356 0.8119161 4.0473
01:54:59 <INFO> Score: 0.79 Agent NLL: 17.48 Valid: 100% Step: 297
 | Agent Prior Target Score SMILES SMILES_state Scaffold DASA DASA (raw) Solubility Solubility (raw) SA SA (raw)
 | 13.4610 51.2585 -51.2585 0.0000000 CN1C(=O)C(=C(O)C=CC=CN2CCC2)C1=O 1 O=C1NC(=O)C1=CC=CC=CN1CCC1 1.0000000 1.0000 0.7501603 0.7502 0.9398382 3.2094
 | 22.2243 84.2417 15.2574 0.7773361 CCC=CC=NNC1=NC(=C(O)C=CC=CN2C=C=CN(CCO)C2)C(=O)N1 1 O=C1NC=NC1=CC=CC=CN1C=C=CNC1 1.0000000 1.0000 0.6369952 0.6370 0.5867569 4.7716
 | 17.2860 52.8733 53.8514 0.8337863 COC1CN(C=CC=CC(O)=C2OC(=O)NC2=O)C(C(=O)O)CO1 1 O=C1NC(=O)C(=CC=CC=CN2CCOCC2)O1 1.0000000 1.0000 0.7532462 0.7532 0.6322631 4.6470
 | 18.0119 83.5219 34.1487 0.9193011 CC(=O)NCN1NC(=N)C(=C(O)C=CC=CN2CC(=O)N(CCO)C(=O)C2=O)C(=O)N1 1 N=C1NNNC(=O)C1=CC=CC=CN1CC(=O)NC(=O)C1=O 1.0000000 1.0000 0.8780941 0.8781 0.8071544 4.0674
 | 33.2773 88.2191 11.8682 0.7819323 CN1CCN(C=CC=CC(O)=C2C(=O)N=C(NOC3OCC(O)C(O)C3O)C(N3CCCCC3)NC2=O)C1 1 O=C1N=C(NOC2CCCCO2)C(N2CCCCC2)NC(=O)C1=CC=CC=CN1CCNC1 1.0000000 1.0000 0.7680861 0.7681 0.4361849 5.1672
 | 27.9270 76.8619 29.1689 0.8283658 CN1CCC(=O)N(C=CC=CC(O)=C2C(=O)N2CCCOCCOCCOCCOCCOCCOCCOCCOCCOCCOCCOCCOCCO)C1 1 O=C1NC1=CC=CC=CN1CNCCC1=O 1.0000000 1.0000 0.6361751 0.6362 0.8211212 4.0072
 | 14.7981 67.4975 50.2119 0.9196045 CC1=NOC(=O)C1=c1c(=O)[nH]c(=O)[nH]c(=O)c1=C(O)C=CC=CN(C)CCO 1 C=c1c(=O)[nH]c(=O)[nH]c(=O)c1=C1C=NOC1=O 1.0000000 1.0000 0.8672882 0.8673 0.8262656 3.9841
 | 11.7146 67.3353 48.1186 0.9019831 CN1C(=O)C(=c2c(=O)[nH]c(=O)[nH]c(=O)c2=C(O)C=CC=CN2CCOCC2)N(C)N(C)C1=S 1 O=C1NC(=S)NNC1=c1c(=O)[nH]c(=O)[nH]c(=O)c1=CC=CC=CN1CCOCC1 1.0000000 1.0000 0.8172806 0.8173 0.8282132 3.9753
 | 30.5990 85.2488 22.8344 0.8444002 C=C1OC(=CN(CCO)N(C)CCO)C(=C(O)C=CC=CN2CCC(=O)N2)C(=O)N1C 1 C=C1NC(=O)C(=CC=CC=CN2CCC(=O)N2)C(=C)O1 1.0000000 1.0000 0.7414776 0.7415 0.6945558 4.4648
 | 38.7985 101.6705 -0.0063 0.7942519 Cc1ccc(N2CCCC2)c(=O)n1C=C1C(=C(O)C=CC=CN2CN(CCO)C(=O)C(O)N2)C(=O)N1C 1 O=C1CNN(C=CC=CC=C2C(=O)NC2=Cn2cccc(N3CCCC3)c2=O)CN1 1.0000000 1.0000 0.6317716 0.6318 0.6665007 4.5489
01:55:00 <INFO> Score: 0.78 Agent NLL: 16.28 Valid: 100% Step: 298
 | Agent Prior Target Score SMILES SMILES_state Scaffold DASA DASA (raw) Solubility Solubility (raw) SA SA (raw)
 | 31.3991 73.2916 21.4396 0.7400875 O=C1C=CC(=NO)CN(C=CC=CC(O)=C2CC(CCl)ONC2=O)O1 1 N=C1C=CC(=O)ON(C=CC=CC=C2CCONC2=O)C1 1.0000000 1.0000 0.6119384 0.6119 0.4864044 5.0354
 | 16.4444 65.9075 50.5745 0.9100151 CN1NC(=O)C(=C(O)C=CC=CN2CN2)C(=O)NC1=O 1 O=C1NNC(=O)C(=CC=CC=CN2CN2)C(=O)N1 1.0000000 1.0000 0.8404425 0.8404 0.8262588 3.9842
 | 11.2784 61.8483 -61.8483 0.0000000 NC1=NNC(=O)C1=C(O)C=CC=CN1CC(=O)N(CCOCCO)C1=O 1 O=C1CN(C=CC=CC=C2C=NNC2=O)C(=O)N1 1.0000000 1.0000 0.8408015 0.8408 0.8690376 3.7672
 | 15.5358 65.9635 -65.9462 0.0001357 CN1NC(=O)C(=C(O)C=CC=Cn2c(=N)[nH][nH]c2=O)C1=N 1 N=C1NNC(=O)C1=CC=CC=Cn1c(=N)[nH][nH]c1=O 0.0000000 0.0000 0.8239151 0.8239 0.6965666 4.4587
 | 13.7775 65.1502 47.6880 0.8815486 O=C1NNNNC1=C(O)C=CC=CN1CC(=O)N(O)C1 1 O=C1CN(C=CC=CC=C2NNNNC2=O)CN1 1.0000000 1.0000 0.8820055 0.8820 0.6426404 4.6177
 | 24.7742 81.0408 21.3159 0.7996620 COC1=CC(=C(O)C=CC=CN2CN(C)C=C2COC(=O)N(C)C)C(=O)NN1C 1 O=C1NNC=CC1=CC=CC=CN1C=CNC1 1.0000000 1.0000 0.6022340 0.6022 0.7510515 4.2807
 | 19.3477 74.4339 36.3291 0.8653361 CN1CN(C=CC=CC(O)=C2C(=N)N(C)NC2=O)N(NC(N)=O)S(=O)(=O)C1=O 1 N=C1NNC(=O)C1=CC=CC=CN1CNC(=O)S(=O)(=O)N1 1.0000000 1.0000 0.8062016 0.8062 0.6822503 4.5022
 | 15.6732 63.8462 49.1797 0.8830148 CN1CN(C)C(=O)N(C=CC=CC(O)=C2C(=O)NC(=O)N(C)NC2=O)C1 1 O=C1NNC(=O)C(=CC=CC=CN2CNCNC2=O)C(=O)N1 1.0000000 1.0000 0.7640747 0.7641 0.8333820 3.9513
 | 19.1746 72.6408 35.8242 0.8473829 CCN=C1OC(=O)CN1C=CC=CC(O)=C1C(=O)NCC(=O)C1O 1 N=C1OC(=O)CN1C=CC=CC=C1CC(=O)CNC1=O 1.0000000 1.0000 0.7976108 0.7976 0.6227074 4.6736
 | 23.4292 83.7336 28.4075 0.8761026 CC(C)C(N)C(=O)NCC1CN(C=CC=CC(O)=c2c(=O)[nH]c(=O)[nH]c(=O)c2=C(O)CO)C1=O 1 C=c1c(=O)[nH]c(=O)[nH]c(=O)c1=CC=CC=CN1CCC1=O 1.0000000 1.0000 0.8804501 0.8805 0.6239936 4.6700
01:55:01 <INFO> Score: 0.74 Agent NLL: 15.93 Valid: 100% Step: 299
 | Agent Prior Target Score SMILES SMILES_state Scaffold DASA DASA (raw) Solubility Solubility (raw) SA SA (raw)
 | 21.4862 78.2409 24.0594 0.7992209 CN(C=CCNC1=NC(=O)C(=C(O)C=CC=CN2CC=C(CBr)O2)C(=O)N1)CCO 1 O=C1N=CNC(=O)C1=CC=CC=CN1CC=CO1 1.0000000 1.0000 0.6321657 0.6322 0.6879341 4.4850
 | 27.6610 88.6992 22.2709 0.8669537 CC(=O)C(=O)Nc1cn(CCCN2C(=O)CN(C=CC=CC(O)=C3C(=N)NC(=O)N(CCO)C3=O)C2=O)nn1 1 N=C1NC(=O)NC(=O)C1=CC=CC=CN1CC(=O)N(CCCn2ccnn2)C1=O 1.0000000 1.0000 0.7210839 0.7211 0.8375357 3.9316
 | 11.6791 54.1294 54.7211 0.8503945 COC(=O)NC1=NC(=O)C(=C(O)C=CC=CN2CC(C)OC2=O)C(=O)N1 1 O=C1N=CNC(=O)C1=CC=CC=CN1CCOC1=O 1.0000000 1.0000 0.7039629 0.7040 0.7893966 4.1393
 | 11.8206 70.6619 44.9563 0.9032672 CN1CCN(C=CC=CC(O)=c2c(=O)[nH]c(=O)[nH]c(=O)c2=C2C=CC(=O)C(=O)C2)C1 1 O=C1C=CC(=c2c(=O)[nH]c(=O)[nH]c(=O)c2=CC=CC=CN2CCNC2)CC1=O 1.0000000 1.0000 0.8242597 0.8243 0.8220972 4.0029
 | 10.5046 50.0096 62.5713 0.8795384 NC1CCN(C=CC=CC(O)=C2CC(=O)NC(=O)NC2=O)C1 1 O=C1CC(=CC=CC=CN2CCCC2)C(=O)NC(=O)N1 1.0000000 1.0000 0.7754710 0.7755 0.7954228 4.1154
 | 11.8532 56.0619 54.5252 0.8639616 NC1CCN(C=CC=CC(O)=C2NN(O)NC2=O)C1 1 O=C1NNNC1=CC=CC=CN1CCCC1 1.0000000 1.0000 0.8332507 0.8333 0.6386138 4.6291
 | 12.0799 60.7080 50.5250 0.8690071 CN(C=CC=CC(O)=c1c(=O)[nH]c(=O)[nH]c(=O)c1=C1N(CCO)c2ccccc2C1(C)C)CCO 1 C=c1c(=O)[nH]c(=O)[nH]c(=O)c1=C1Cc2ccccc2N1 1.0000000 1.0000 0.7044152 0.7044 0.8834300 3.6806
 | 13.7742 63.2473 48.5134 0.8731303 NC(=O)OC=C1CNC(=O)C1=C(O)C=CC=CN1CCC1=O 1 C=C1CNC(=O)C1=CC=CC=CN1CCC1=O 1.0000000 1.0000 0.7411712 0.7412 0.8285286 3.9738
 | 15.2189 64.6921 43.7587 0.8472712 CC(=O)OC=C1C(=O)N(C)C(=O)C1=C(O)C=CC=CN1CC(CN)OC1=O 1 C=C1C(=O)NC(=O)C1=CC=CC=CN1CCOC1=O 1.0000000 1.0000 0.7085036 0.7085 0.7656307 4.2288
 | 31.5053 87.9857 -39.4799 0.3789511 CC1CCC2(CCC(=O)C(C)(C)O2)OC1CC=C(O)C=CC=CC1C(=O)OC(=C(O)C=CC=CN2CCNC2=O)C(=O)N1C 1 O=C1CCC2(CCCC(CC=CC=CC=CC3NC(=O)C(=CC=CC=CN4CCNC4=O)OC3=O)O2)OC1 1.0000000 1.0000 0.1494275 0.1494 0.1707292 6.0296
01:55:02 <INFO> Score: 0.76 Agent NLL: 15.71 Valid:  99% Step: 300
 | Agent Prior Target Score SMILES SMILES_state Scaffold DASA DASA (raw) Solubility Solubility (raw) SA SA (raw)
 | 18.1437 65.7348 42.2670 0.8437638 O=C1NC(O)NNC1=C(O)C=CC=CN1CNC1=O 1 O=C1NCNNC1=CC=CC=CN1CNC1=O 1.0000000 1.0000 0.8731500 0.8731 0.5197018 4.9486
 | 12.1751 51.7610 59.2807 0.8675138 CN1C=CCN1C=CC=CC(O)=C1NC(=O)NC1=O 1 O=C1NC(=O)C(=CC=CC=CN2CC=CN2)N1 1.0000000 1.0000 0.7516259 0.7516 0.7815342 4.1697
 | 15.2589 60.7205 50.6013 0.8697014 CN1CCCN(C=CC=CC(O)=C2C(=O)N=C(N=CN3CC3)NC2=O)C1 1 O=C1N=C(N=CN2CC2)NC(=O)C1=CC=CC=CN1CCCNC1 1.0000000 1.0000 0.7363499 0.7363 0.8209108 4.0082
 | 18.6711 61.7958 45.7207 0.8399727 CN1CC(N)CN(C=CC=CC(O)=C2C(=O)NN3CCCN23)C1 1 O=C1NN2CCCN2C1=CC=CC=CN1CCCNC1 1.0000000 1.0000 0.7895519 0.7896 0.6053073 4.7214
 | 14.8341 64.7254 49.0007 0.8884851 CC1=NN(CCO)NC(=O)C1=C(O)C=CC=CN1CN(CCO)NC1=O 1 O=C1NNN=CC1=CC=CC=CN1CNNC1=O 1.0000000 1.0000 0.8217663 0.8218 0.7578856 4.2566
 | 14.1598 52.4609 53.8841 0.8308204 NC1=NN(CCCO)CN1C=CC=CC(O)=C1C(=O)Nc2ccccc21 1 O=C1Nc2ccccc2C1=CC=CC=CN1C=NNC1 1.0000000 1.0000 0.6095299 0.6095 0.8988166 3.5772
 | 11.1846 61.1717 -61.1717 0.0000000 CCOC(=O)NC1=NC(=O)C(=C(O)C=CC=CN2CC(=O)N(CCO)CC2=O)C(=O)N1 1 O=C1CN(C=CC=CC=C2C(=O)N=CNC2=O)C(=O)CN1 1.0000000 1.0000 0.8056077 0.8056 0.8889143 3.6452
 | 9.3035 74.1220 -74.1220 0.0000000 O=C1NNC(=O)C1=c1c(=O)[nH]c(=O)[nH]c(=O)c1=C(O)C=CC=CN1CCC1 1 O=C1NNC(=O)C1=c1c(=O)[nH]c(=O)[nH]c(=O)c1=CC=CC=CN1CCC1 1.0000000 1.0000 0.9046621 0.9047 0.8526591 3.8563
 | 19.5311 60.0767 49.8893 0.8591091 O=C1OC(C(=O)O)C1=C(O)C=CC=CN1CC(O)CC1C(=O)O 1 O=C1OCC1=CC=CC=CN1CCCC1 1.0000000 1.0000 0.7945888 0.7946 0.6737587 4.5276
 | 10.6953 60.3770 53.3029 0.8881247 N=C(N)NC1=NC(=O)C(=C(O)C=CC=CN2CCC(=O)C2O)C(=O)N1 1 O=C1CCN(C=CC=CC=C2C(=O)N=CNC2=O)C1 1.0000000 1.0000 0.8531225 0.8531 0.7083015 4.4221
01:55:03 <INFO> Score: 0.70 Agent NLL: 16.46 Valid: 100% Step: 301
 | Agent Prior Target Score SMILES SMILES_state Scaffold DASA DASA (raw) Solubility Solubility (raw) SA SA (raw)
 | 10.6145 82.7445 35.2876 0.9221254 CN1CCCN1C=CC=CC(O)=c1c(=O)[nH]c(=O)[nH]c(=O)c1=C1C(=O)NNC1=O 1 O=C1NNC(=O)C1=c1c(=O)[nH]c(=O)[nH]c(=O)c1=CC=CC=CN1CCCN1 1.0000000 1.0000 0.9007647 0.9008 0.7844722 4.1584
 | 15.2291 62.3195 -62.3195 0.0000000 O=C1NC(=O)C(=C(O)C=CC=CN2CCN(CCO)C2)C(C(=O)O)N1 1 O=C1NCC(=CC=CC=CN2CCNC2)C(=O)N1 1.0000000 1.0000 0.8262997 0.8263 0.8109397 4.0514
 | 10.3764 54.4830 -54.4830 0.0000000 C=c1c(=O)c(=O)c(=O)c1=C(O)C=CC=CN1CCNC1=O 1 C=c1c(=O)c(=O)c(=O)c1=CC=CC=CN1CCNC1=O 1.0000000 1.0000 0.8740492 0.8740 0.8389392 3.9249
 | 11.7569 72.4496 35.0474 0.8398200 O=C1C=CC(=c2c(=O)[nH]c(=O)[nH]c(=O)c2=C(O)C=CC=CN2CC(O)C(O)C2O)CC1=O 1 O=C1C=CC(=c2c(=O)[nH]c(=O)[nH]c(=O)c2=CC=CC=CN2CCCC2)CC1=O 1.0000000 1.0000 0.8957927 0.8958 0.4848577 5.0395
 | 14.7199 91.6133 15.6720 0.8381664 CN1C(=O)NC(=C(O)C=CC=CN2CN(CCO)C(=O)C(=C(O)C=CC=CN3CCNCC3)C2=O)C1=O 1 O=C1NC(=O)C(=CC=CC=CN2CNC(=O)C(=CC=CC=CN3CCNCC3)C2=O)N1 1.0000000 1.0000 0.6872911 0.6873 0.7629350 4.2386
 | 25.5184 72.6424 27.1517 0.7796419 O=C1NC(=NOC(=O)C2OC(O)C(O)C(O)C2O)OC1=C(O)C=CC=CN1C(=O)CCC1C(=O)O 1 O=C1NC(=NOC(=O)C2CCCCO2)OC1=CC=CC=CN1CCCC1=O 1.0000000 1.0000 0.8596139 0.8596 0.3527107 5.3955
 | 13.0387 50.5656 54.0476 0.8172909 CN1C(=O)C(=C(O)C=CC=CN2CNC(=O)N2)c2ccccc21 1 O=C1NCN(C=CC=CC=C2C(=O)Nc3ccccc32)N1 1.0000000 1.0000 0.5774223 0.5774 0.9064918 3.5202
 | 17.8878 72.2872 30.2838 0.8013352 CCN1NC(=O)C(=C(O)C=CC=CN2CN(C(=O)OC(C)(C)C)N=C2O)C(=O)N=C1NC 1 O=C1N=CNNC(=O)C1=CC=CC=CN1C=NNC1 1.0000000 1.0000 0.5934614 0.5935 0.7790903 4.1789
 | 13.7950 55.6032 39.3718 0.7419916 CC(=CC=CC(O)=C1C(=O)NNN=C1c1ccccc1)N1CCSCC1 1 O=C1NNN=C(c2ccccc2)C1=CC=CC=CN1CCSCC1 1.0000000 1.0000 0.4296492 0.4296 0.9154721 3.4480
 | 17.6884 62.9833 44.6852 0.8411596 CC1(C)NC(=O)C(=C(O)C=CC=CN2CC(=O)N(CCS)C2=S)C(=O)N1 1 O=C1CN(C=CC=CC=C2C(=O)NCNC2=O)C(=S)N1 1.0000000 1.0000 0.6848207 0.6848 0.7822618 4.1669
01:55:04 <INFO> Score: 0.75 Agent NLL: 17.38 Valid: 100% Step: 302
 | Agent Prior Target Score SMILES SMILES_state Scaffold DASA DASA (raw) Solubility Solubility (raw) SA SA (raw)
 | 10.5494 57.7960 57.7525 0.9027225 CCOC(=O)N1CC(=O)N(C=CC=CC(O)=C2C(=O)NNNC2=O)C1 1 O=C1NNNC(=O)C1=CC=CC=CN1CNCC1=O 1.0000000 1.0000 0.8113822 0.8114 0.8423939 3.9081
 | 17.2343 57.4260 51.5003 0.8509869 C=CCNC1=NC(=O)C(=C(O)C=CC=CN2CCC(C(=O)O)OC2=O)C(=O)N1 1 O=C1N=CNC(=O)C1=CC=CC=CN1CCCOC1=O 1.0000000 1.0000 0.7184890 0.7185 0.7644691 4.2330
 | 12.0596 61.7794 55.4311 0.9157067 O=C1CN(C=CC=CC(O)=C2C(=O)NNNC2=O)C(=O)CO1 1 O=C1CN(C=CC=CC=C2C(=O)NNNC2=O)C(=O)CO1 1.0000000 1.0000 0.8730013 0.8730 0.7988129 4.1017
 | 24.1295 111.1727 -10.1652 0.7891211 CCCN1C(=O)CN1C=CC=CC(O)=c1[nH]c(=O)c(=C(O)C=CC=CN2CC(O)C(O)C(O)C2)n(CCO)c1=O 1 O=C1CN(C=CC=CC=c2[nH]c(=O)c(=CC=CC=CN3CCCCC3)[nH]c2=O)N1 1.0000000 1.0000 0.8304446 0.8304 0.3992184 5.2663
 | 21.0541 77.7521 34.0165 0.8731924 CC1(C)Cc2ccccc2N1C=CC=CC(O)=c1c(=O)[nH]c(=O)[nH]c(=O)c1=C1C(=O)NNC1=O 1 O=C1NNC(=O)C1=c1c(=O)[nH]c(=O)[nH]c(=O)c1=CC=CC=CN1CCc2ccccc21 1.0000000 1.0000 0.7365259 0.7365 0.8380080 3.9294
 | 25.4999 96.6609 14.0911 0.8652496 NCCCN1CCN(C=CC=CC(O)=c2sc(=O)c(=C(O)[N+](O)=CC=CN(CCO)CCO)[nH]c2=O)C1 1 C=c1[nH]c(=O)c(=CC=CC=CN2CCNC2)sc1=O 1.0000000 1.0000 0.8319839 0.8320 0.6453439 4.6100
 | 13.0050 64.9260 42.8130 0.8417104 CN1C=CN(C=CC=CC(O)=C2C(=O)NCCCN2C)C1 1 O=C1NCCCNC1=CC=CC=CN1C=CNC1 1.0000000 1.0000 0.6763010 0.6763 0.8023411 4.0873
 | 35.9431 98.9679 -2.1140 0.7566711 CCOC(=O)NC(C)=c1[nH]n(-c2ccccc2)c(=O)c1=C(O)C=CC=CN1CN(CCO)C=CC1=C(O)NNC(=O)C[n+]1ccccc1 1 C=c1[nH]n(-c2ccccc2)c(=O)c1=CC=CC=CN1CNC=CC1=CNNC(=O)C[n+]1ccccc1 1.0000000 1.0000 0.5083059 0.5083 0.7560376 4.2632
 | 27.0068 74.3945 33.2412 0.8409039 Cc1cc(=NO)c(=C(O)C=CC=CN2CCOCC2C)c(=O)[nH]c1=C1C(=O)NC(=S)NC1=O 1 N=c1ccc(=C2C(=O)NC(=S)NC2=O)[nH]c(=O)c1=CC=CC=CN1CCOCC1 1.0000000 1.0000 0.7576105 0.7576 0.6544671 4.5839
 | 25.9966 82.6061 13.3937 0.7499985 C=C1N(C=CC=CC(O)=C2C(=N)N(C(=O)OC(C)OC(=O)OCCO)NC2=O)CN(C)C(=S)N1C 1 C=C1NC(=S)NCN1C=CC=CC=C1C(=N)NNC1=O 1.0000000 1.0000 0.5673361 0.5673 0.5954514 4.7482
01:55:04 <INFO> Sampled SMILES N1C(=O)C(=C(O)C=CC=CN2CCCNC2=ONC)CCN=C1C failed to sanitize.
01:55:04 <INFO> Sampled SMILES N1C(=O)C(=C(O)C=CC=CN2CNCC=C2=N)C(=O)NN1 failed to sanitize.
01:55:05 <INFO> Score: 0.74 Agent NLL: 16.92 Valid:  98% Step: 303
 | Agent Prior Target Score SMILES SMILES_state Scaffold DASA DASA (raw) Solubility Solubility (raw) SA SA (raw)
 | 18.3760 69.9459 42.0339 0.8748420 CC1(C)NC(=O)C1=C(O)C=CC=CN1CN(CCO)C(=O)C1=NC(=O)CCCN 1 N=C1C(=O)NCN1C=CC=CC=C1CNC1=O 1.0000000 1.0000 0.7548252 0.7548 0.8107729 4.0521
 | 21.5718 79.4235 29.2148 0.8487363 O=C1NC(=O)C(=C(O)C=CC=CN2C=NNN(CCO)C2)C(CN2CCCNC2=O)C(=O)N1 1 O=C1NC(=O)C(=CC=CC=CN2C=NNNC2)C(CN2CCCNC2=O)C(=O)N1 1.0000000 1.0000 0.7964509 0.7965 0.6295478 4.6546
 | 15.1753 53.7265 30.7852 0.6602471 CCC1=NC(=C(O)C=CC=CN2CCCC2=CBr)C(=O)N1 1 C=C1CCCN1C=CC=CC=C1N=CNC1=O 1.0000000 1.0000 0.3374129 0.3374 0.7571399 4.2593
 | 24.2560 35.4926 -35.4750 0.0001370 COC1=C(C)C(=C(C)C=[N+](C)[O-])C(=O)N1 1 C=C1C=CNC1=O 0.0000000 0.0000 0.7628848 0.7629 0.8400129 3.9197
 | 10.8744 66.9958 48.9084 0.9055021 O=C1NC(=O)C(=C(O)C=CC=CN2C(=O)C(=O)NCC2=CO)C(=O)N1 1 C=C1CNC(=O)C(=O)N1C=CC=CC=C1C(=O)NC(=O)NC1=O 1.0000000 1.0000 0.8189744 0.8190 0.8422608 3.9087
 | 18.2085 93.4322 10.0984 0.8088329 CN1C(=O)C(O)C(O)C1=c1c(=O)[nH]c(=O)[nH]c(=O)c1=C(O)C=CC=CN1CC(O)C(O)O1 1 O=C1CCC(=c2c(=O)[nH]c(=O)[nH]c(=O)c2=CC=CC=CN2CCCO2)N1 1.0000000 1.0000 0.9357190 0.9357 0.3687688 5.3502
 | 14.1687 58.0548 53.9702 0.8751958 CN1COC(=O)C(=C(O)C=CC=CN2CC(O)C(O)C(O)C2)C1=O 1 O=C1NCOC(=O)C1=CC=CC=CN1CCCCC1 1.0000000 1.0000 0.8426595 0.8427 0.6701332 4.5383
 | 17.5151 59.9673 49.8003 0.8575592 CN1C=CN(CCO)C(=C(O)C=CC=CN2C=CN(CCO)C2)C1=O 1 O=C1NC=CNC1=CC=CC=CN1C=CNC1 1.0000000 1.0000 0.7424038 0.7424 0.7516510 4.2786
 | 29.3351 87.3335 20.6791 0.8438484 CN1CN(C=CC=CC(O)=C2C(=O)NC(n3ccc(=O)[nH]c3=O)C2O)C(=O)C1=C(N)N(CO)CCO 1 C=C1NCN(C=CC=CC=C2CC(n3ccc(=O)[nH]c3=O)NC2=O)C1=O 1.0000000 1.0000 0.8644902 0.8645 0.5291247 4.9240
 | 17.8532 51.7488 60.1022 0.8738360 CC1=C(C)C(O)C(=C(O)C=CC=CNCCO)C(=O)N1 1 C=C1CC=CNC1=O 1.0000000 1.0000 0.7622347 0.7622 0.7922310 4.1281
01:55:05 <INFO> Sampled SMILES N1C(=O)C(=C(O)C=CC=CN2C(=O)OCC2COC(C)=O)C(=N)N1=CC=C(C)N1CC1 failed to sanitize.
01:55:05 <INFO> Sampled SMILES N1C(=O)C(=C(O)C=CC=CN2CNCC=C2=O)C(=O)N=C1NC1CC1 failed to sanitize.
01:55:05 <INFO> Score: 0.74 Agent NLL: 16.53 Valid:  98% Step: 304
 | Agent Prior Target Score SMILES SMILES_state Scaffold DASA DASA (raw) Solubility Solubility (raw) SA SA (raw)
 | 12.2110 59.0110 52.8278 0.8737408 CC1=NOC(=O)C1=c1[nH][nH]c(=O)c1=C(O)C=CC=CN1CCCC1 1 O=C1ON=CC1=c1[nH][nH]c(=O)c1=CC=CC=CN1CCCC1 1.0000000 1.0000 0.7466666 0.7467 0.8208939 4.0082
 | 10.6275 60.1478 54.2678 0.8938719 NC1=NNC(=O)C1=C(O)C=CC=CN1CN(CCO)CC(N)C1=O 1 O=C1NN=CC1=CC=CC=CN1CNCCC1=O 1.0000000 1.0000 0.8800075 0.8800 0.6939752 4.4666
 | 26.2621 86.6372 -86.6372 0.0000000 N1C(=O)C(=C(O)C=CC=CN2C(=O)OCC2COC(C)=O)C(=N)N1=CC=C(C)N1CC1 0 -- 0.0000000 0.0000 0.0000000 0.0000 0.0000000 0.0000
 | 12.6261 65.6548 53.0940 0.9277252 O=C1CN(C=CC=CC(O)=C2C(=O)N=C(NCCO)NC2=O)C(=O)NN1 1 O=C1CN(C=CC=CC=C2C(=O)N=CNC2=O)C(=O)NN1 1.0000000 1.0000 0.8757990 0.8758 0.8506361 3.8668
 | 22.7790 72.3598 39.1232 0.8709614 O=C(O)CN1CC(=O)CC(NC2=NC(=C(O)C=CC=CN3NCC(=O)N3)C(=O)N2)C1=O 1 O=C1CNC(=O)C(NC2=NC(=CC=CC=CN3NCC(=O)N3)C(=O)N2)C1 1.0000000 1.0000 0.8732993 0.8733 0.6137038 4.6984
 | 16.2880 75.6621 38.0987 0.8887563 CC1=NOC(=O)C1=c1c(=O)[nH]c(=O)[nH]c(=O)c1=C(O)C=CC=CN1CCNC(C(=O)O)C1 1 O=C1ON=CC1=c1c(=O)[nH]c(=O)[nH]c(=O)c1=CC=CC=CN1CCNCC1 1.0000000 1.0000 0.8654452 0.8654 0.6933300 4.4686
 | 12.1749 69.8758 41.7490 0.8720689 CN1CN(C=CC=CC(O)=C2C(=N)C(=O)NC(=O)NC2=O)C(=O)N(C)C1=O 1 N=C1C(=O)NC(=O)NC(=O)C1=CC=CC=CN1CNC(=O)NC1=O 1.0000000 1.0000 0.7313352 0.7313 0.8427290 3.9064
 | 10.4558 54.5129 60.6407 0.8996377 CC1C(=O)NC(=O)NC(=O)C1=C(O)C=CC=CNCCN 1 C=C1CC(=O)NC(=O)NC1=O 1.0000000 1.0000 0.8111436 0.8111 0.8278164 3.9771
 | 8.5296 48.1453 65.5492 0.8882383 O=C1NC(=O)C(=C(O)C=CC=CN2CC=CC2=O)N1 1 O=C1NC(=O)C(=CC=CC=CN2CC=CC2=O)N1 1.0000000 1.0000 0.7739858 0.7740 0.8404214 3.9177
 | 8.8781 76.5241 -76.5241 0.0000000 O=C1NNC(=O)C1=c1c(=O)[nH]c(=O)[nH]c(=O)c1=C(O)C=CC=CN1CCNC1=O 1 O=C1NNC(=O)C1=c1c(=O)[nH]c(=O)[nH]c(=O)c1=CC=CC=CN1CCNC1=O 1.0000000 1.0000 0.9181674 0.9182 0.8183272 4.0195
01:55:06 <INFO> Sampled SMILES N1C(=O)C(=C(O)C=CC=CN2CN(O)c3c(C)ccnc3=N2)C(=S)NC1=O failed to sanitize.
01:55:06 <INFO> Score: 0.76 Agent NLL: 16.81 Valid:  99% Step: 305
 | Agent Prior Target Score SMILES SMILES_state Scaffold DASA DASA (raw) Solubility Solubility (raw) SA SA (raw)
 | 16.9300 75.3493 34.1043 0.8551062 COC=CC1OC(=O)C(=O)N1C=CC=CC(O)=C1C(=O)N=C(NC(C)=O)NC1=O 1 O=C1N=CNC(=O)C1=CC=CC=CN1COC(=O)C1=O 1.0000000 1.0000 0.7799992 0.7800 0.6791107 4.5116
 | 16.3192 68.5021 35.6832 0.8139477 CCN1C(=c2c(=O)[nH]c(=O)[nH]c(=O)c2=C(O)C=CC=C(C)N(C)CCO)C(C)(C)c2ccccc21 1 C=c1c(=O)[nH]c(=O)[nH]c(=O)c1=C1Cc2ccccc2N1 1.0000000 1.0000 0.5777563 0.5778 0.8862955 3.6623
 | 11.9443 72.9027 45.9926 0.9288699 O=C1NC(=O)C(=c2c(=O)[nH]c(=S)[nH]c(=O)c2=C(O)C=CC=CN(CCO)CCO)C(=O)N1 1 C=c1c(=O)[nH]c(=S)[nH]c(=O)c1=C1C(=O)NC(=O)NC1=O 1.0000000 1.0000 0.8822034 0.8822 0.8453135 3.8937
 | 11.5080 51.6641 64.5800 0.9081569 CNC1=NC(=O)C(=C(O)C=CC=CN2CCNC2=O)C(=O)N1 1 O=C1N=CNC(=O)C1=CC=CC=CN1CCNC1=O 1.0000000 1.0000 0.8111618 0.8112 0.8697743 3.7629
 | 14.8690 65.1480 49.6904 0.8971750 NCCCN1C=CN(C=CC=CC(O)=C2C(=O)N=C(N)NNC2=O)C1 1 O=C1N=CNNC(=O)C1=CC=CC=CN1C=CNC1 1.0000000 1.0000 0.8283392 0.8283 0.7865763 4.1503
 | 26.8403 97.2233 12.5951 0.8579564 CN1CC(=O)NN=C1C=CC=c1[nH]c(=O)[nH]c(=O)c1=C(O)C=CC=CN1C(=O)C(=O)NCC1=CC=CN(CCO)CCO 1 C=C1CNC(=O)C(=O)N1C=CC=CC=c1c(=O)[nH]c(=O)[nH]c1=CC=CC1=NNC(=O)CN1 1.0000000 1.0000 0.8554723 0.8555 0.5879387 4.7684
 | 15.4140 64.9464 44.0168 0.8512751 CN1CC(CN)N(C=CC=CC(O)=C2C=NNC2=O)C1 1 O=C1NN=CC1=CC=CC=CN1CCNC1 1.0000000 1.0000 0.8085517 0.8086 0.6228427 4.6732
 | 30.9021 89.4580 11.5339 0.7889991 CN1C(=O)SCC1C=c1c(=C(O)C=CC=CN2CC(CO)N(CCO)C2)c(=O)n(C)c(=N)n1C 1 N=c1[nH]c(=O)c(=CC=CC=CN2CCNC2)c(=CC2CSC(=O)N2)[nH]1 1.0000000 1.0000 0.7946083 0.7946 0.4309072 5.1812
 | 13.3395 53.5972 63.4828 0.9146878 O=C1N=C(NCCN2CCOCC2)NC(=O)C1=C(O)C=CC=CN1CC1 1 O=C1N=C(NCCN2CCOCC2)NC(=O)C1=CC=CC=CN1CC1 1.0000000 1.0000 0.7976384 0.7976 0.9300835 3.3141
 | 16.1173 71.6136 -71.6136 0.0000000 COCOCCONC(C)=c1c(=O)[nH]c(=O)[nH]c(=O)c1=C(O)C=CC=CN(CCO)CCO 1 C=c1c(=O)[nH]c(=O)[nH]c(=O)c1=C 1.0000000 1.0000 0.8942301 0.8942 0.8282593 3.9751
01:55:07 <INFO> Score: 0.75 Agent NLL: 16.21 Valid: 100% Step: 306
 | Agent Prior Target Score SMILES SMILES_state Scaffold DASA DASA (raw) Solubility Solubility (raw) SA SA (raw)
 | 17.1314 65.8705 43.8698 0.8573462 O=C1Nc2cccc[n+]2C(=O)C1=C(O)C=CC=CN1CCC(=O)N(CCO)C1 1 O=C1CCN(C=CC=CC=C2C(=O)Nc3cccc[n+]3C2=O)CN1 1.0000000 1.0000 0.6977738 0.6978 0.8366997 3.9356
 | 19.4538 76.3781 30.1303 0.8320966 CCN1CCN(CN2C(=O)N(C)CN(C=CC=CC(O)=C3N=C(N4CCCC4)NC3=O)C2=O)C(=O)C1=O 1 O=C1NCCN(CN2C(=O)NCN(C=CC=CC=C3N=C(N4CCCC4)NC3=O)C2=O)C1=O 1.0000000 1.0000 0.6390132 0.6390 0.8341998 3.9475
 | 18.7710 73.2202 44.7071 0.9213075 O=C1NC(=O)C(=c2[nH]c(=O)c(=C(O)C=CC=CN3CN(C(=O)CO)CCC3=O)o2)C(=O)N1 1 O=C1NC(=O)C(=c2[nH]c(=O)c(=CC=CC=CN3CNCCC3=O)o2)C(=O)N1 1.0000000 1.0000 0.8837586 0.8838 0.8073098 4.0667
 | 13.7218 68.7736 46.1587 0.8979091 CC=NC1=NNC(=O)C1=C(O)C=CC=CN1CC(=O)N(CCO)C(=O)C1=O 1 O=C1CN(C=CC=CC=C2C=NNC2=O)C(=O)C(=O)N1 1.0000000 1.0000 0.8157662 0.8158 0.8113906 4.0495
 | 21.2477 62.1280 51.0203 0.8839717 CN1CN(C=CC=CC(O)=C2C(=O)NN(C)C2=NC(N)=S)C(=O)C1=O 1 N=C1NNC(=O)C1=CC=CC=CN1CNC(=O)C1=O 1.0000000 1.0000 0.8005535 0.8006 0.7724462 4.2038
 | 10.9094 59.0695 54.3525 0.8861094 CCOC(=O)N1CN(C=CC=CC(O)=C2C(=O)NN=C2N)C(N)=N1 1 O=C1NN=CC1=CC=CC=CN1C=NNC1 1.0000000 1.0000 0.7931547 0.7932 0.7951192 4.1166
 | 17.2711 62.9245 48.0986 0.8673682 C=CCN1C(=O)NC(=O)C(=C(O)C=CC=CN2CNC(=O)N(C)C2=O)C1=O 1 O=C1NC(=O)C(=CC=CC=CN2CNC(=O)NC2=O)C(=O)N1 1.0000000 1.0000 0.7037218 0.7037 0.8762270 3.7250
 | 10.8475 75.6947 41.4286 0.9150254 O=C1CN(C=CC=CC(O)=c2c(=O)[nH]c(=O)[nH]c(=O)c2=C2C(=O)NC(=O)NC2=O)CC(O)CN1 1 O=C1CN(C=CC=CC=c2c(=O)[nH]c(=O)[nH]c(=O)c2=C2C(=O)NC(=O)NC2=O)CCCN1 1.0000000 1.0000 0.9284733 0.9285 0.7143772 4.4028
 | 19.6036 75.4311 36.0113 0.8706442 CC1=C(N2CCOCC2)OC(=c2c(=O)[nH]c(=O)[nH]c(=O)c2=C(O)C=CC=CN2CCC=C2CO)C1=O 1 O=C1C=C(N2CCOCC2)OC1=c1c(=O)[nH]c(=O)[nH]c(=O)c1=CC=CC=CN1C=CCC1 1.0000000 1.0000 0.7633130 0.7633 0.7752363 4.1934
 | 15.2021 72.2350 42.9483 0.8998698 CON=C1C(=O)N(CCO)CN1C=CC=CC(O)=C1C(=O)NC(=O)NN1CCO 1 N=C1C(=O)NCN1C=CC=CC=C1NNC(=O)NC1=O 1.0000000 1.0000 0.8502929 0.8503 0.7633053 4.2372
01:55:08 <INFO> Score: 0.69 Agent NLL: 16.16 Valid: 100% Step: 307
 | Agent Prior Target Score SMILES SMILES_state Scaffold DASA DASA (raw) Solubility Solubility (raw) SA SA (raw)
 | 11.4173 48.2981 65.1543 0.8863471 O=C1NS(=O)(=O)NC1=C(O)C=CC=CN1CC=CC1=O 1 O=C1NS(=O)(=O)NC1=CC=CC=CN1CC=CC1=O 1.0000000 1.0000 0.8117979 0.8118 0.7645155 4.2329
 | 13.6412 74.1475 37.5764 0.8728427 CON=C1C(=O)NC(=O)NC(=O)C1=C(O)C=CC=CN1CC(CNC(C)=O)OC1=O 1 N=C1C(=O)NC(=O)NC(=O)C1=CC=CC=CN1CCOC1=O 1.0000000 1.0000 0.7548483 0.7548 0.8010498 4.0926
 | 13.1676 54.0962 59.0270 0.8837744 CN(C)C1=NC(=C(O)C=CC=CN2CNCC2=O)C(=O)N1 1 O=C1NC=NC1=CC=CC=CN1CNCC1=O 1.0000000 1.0000 0.8105927 0.8106 0.7548973 4.2672
 | 13.4823 57.0730 55.3679 0.8784445 N=C1NC(=O)C(=C(O)C=CC=CN2CC(=O)NN2)N1 1 N=C1NC(=O)C(=CC=CC=CN2CC(=O)NN2)N1 1.0000000 1.0000 0.8733966 0.8734 0.6417710 4.6202
 | 18.0135 65.8459 47.1406 0.8827076 C=c1c(=O)c(=O)c(=O)c1=C(O)C=CC=CN1CN=CC=N1 1 C=c1c(=O)c(=O)c(=O)c1=CC=CC=CN1CN=CC=N1 1.0000000 1.0000 0.8614430 0.8614 0.6743606 4.5258
 | 27.5580 90.4978 15.9925 0.8319552 CCn1c(=O)c(=C(O)C=CC=CN2C=CCNC2)c(=CC=CC=NN2CCCC2)n(C)c(=O)c1=O 1 O=c1[nH]c(=O)c(=CC=CC=CN2C=CCNC2)c(=CC=CC=NN2CCCC2)[nH]c1=O 1.0000000 1.0000 0.6834577 0.6835 0.7409338 4.3154
 | 14.6223 62.3531 47.6988 0.8597801 C=CCOC(=O)N1CN(C=CC=CC(O)=c2c(=O)[nH]n(C)c2=C)C1=O 1 C=c1[nH][nH]c(=O)c1=CC=CC=CN1CNC1=O 1.0000000 1.0000 0.7310273 0.7310 0.7827984 4.1648
 | 10.1392 70.0081 43.0781 0.8834857 O=C1C(O)CN(C=CC=CC(O)=c2c(=O)[nH]c(=O)[nH]c2=C2CC2)CN1CCO 1 O=C1CCN(C=CC=CC=c2c(=O)[nH]c(=O)[nH]c2=C2CC2)CN1 1.0000000 1.0000 0.8677178 0.8677 0.6689368 4.5418
 | 9.8994 61.7810 55.0131 0.9124539 C=c1nc(N)[nH]c(=O)c1=C(O)C=CC=CN1CCC(=O)N(CCO)C1 1 C=c1nc[nH]c(=O)c1=CC=CC=CN1CCC(=O)NC1 1.0000000 1.0000 0.8487495 0.8487 0.8236508 3.9959
 | 22.1040 86.2098 23.4112 0.8564142 CN=C1NN(CCCO)CN1C=CC=CC(O)=c1c(=O)[nH]c(=O)[nH]c(=O)c1=C1C(=O)C(=O)C=CC1O 1 N=C1NNCN1C=CC=CC=c1c(=O)[nH]c(=O)[nH]c(=O)c1=C1CC=CC(=O)C1=O 1.0000000 1.0000 0.8856680 0.8857 0.5481077 4.8743
01:55:09 <INFO> Score: 0.76 Agent NLL: 16.68 Valid: 100% Step: 308
 | Agent Prior Target Score SMILES SMILES_state Scaffold DASA DASA (raw) Solubility Solubility (raw) SA SA (raw)
 | 18.9366 60.0966 34.3596 0.7379390 C=c1cc[nH]c(=O)c1=C(O)C=C(C)C=CN1CCCc2ccccc21 1 C=c1cc[nH]c(=O)c1=CC=CC=CN1CCCc2ccccc21 1.0000000 1.0000 0.4241337 0.4241 0.9098666 3.4939
 | 20.5580 65.2760 36.8763 0.7980648 CC1=CCN(C=CC=CC(O)=C2C(=O)N(C)C(=O)N=C2C)CN1 1 O=C1N=CC(=CC=CC=CN2CC=CNC2)C(=O)N1 1.0000000 1.0000 0.5720246 0.5720 0.8132510 4.0416
 | 18.2746 53.7488 55.3543 0.8523681 NC1CC(C(=O)O)N(C=CC=CC(O)=c2c(=O)[nH]c3cccc(=O)n23)C1 1 O=c1[nH]c2cccc(=O)n2c1=CC=CC=CN1CCCC1 1.0000000 1.0000 0.7735132 0.7735 0.6776015 4.5161
 | 17.9534 65.2524 40.5345 0.8264602 O=C1C=CCN(C=CC=CC(O)=C2C(=O)NC=CNC2=O)S1 1 O=C1C=CCN(C=CC=CC=C2C(=O)NC=CNC2=O)S1 1.0000000 1.0000 0.6871386 0.6871 0.7089041 4.4202
 | 15.2578 69.6689 -69.6689 0.0000000 NOCOCC=c1c(=O)[nH]c(=O)[nH]c(=O)c1=C(O)C=CC=CNCCO 1 C=c1c(=O)[nH]c(=O)[nH]c(=O)c1=C 1.0000000 1.0000 0.9193005 0.9193 0.7974010 4.1074
 | 20.3304 64.7130 48.7079 0.8861010 C=C1NCC(=O)NC(=O)C1=C(O)C=CC=CN1C(=O)COC1=O 1 C=C1NCC(=O)NC(=O)C1=CC=CC=CN1C(=O)COC1=O 1.0000000 1.0000 0.7709213 0.7709 0.8356401 3.9407
 | 17.0430 71.7020 36.5280 0.8455462 CC(CCO)=NNC1=NC(=O)C(=C(O)C=CC=CN2CC(O)C(O)CO2)C(=O)N1 1 O=C1N=CNC(=O)C1=CC=CC=CN1CCCCO1 1.0000000 1.0000 0.8255744 0.8256 0.5796258 4.7907
 | 12.3728 69.2634 44.7987 0.8911100 C=CCN1C(=O)CN(C=CC=CC(O)=C2C(=O)NCC(=O)C2O)C(=O)C1=O 1 O=C1CNC(=O)C(=CC=CC=CN2CC(=O)NC(=O)C2=O)C1 1.0000000 1.0000 0.8317355 0.8317 0.7536423 4.2716
 | 13.5930 58.3354 55.5540 0.8897610 CN1C(=O)NC(=O)C(=C(O)C=CC=CN2C(=O)COC2=O)C(=O)N1C 1 O=C1NNC(=O)C(=CC=CC=CN2C(=O)COC2=O)C(=O)N1 1.0000000 1.0000 0.7656308 0.7656 0.8642737 3.7940
 | 12.6563 48.0200 -48.0200 0.0000000 CN1C(=O)NC(=O)C1=C(O)C=CC=CN1CC(O)C1 1 O=C1NC(=O)C(=CC=CC=CN2CCC2)N1 1.0000000 1.0000 0.7984033 0.7984 0.8688602 3.7682
01:55:10 <INFO> Score: 0.75 Agent NLL: 16.82 Valid: 100% Step: 309
 | Agent Prior Target Score SMILES SMILES_state Scaffold DASA DASA (raw) Solubility Solubility (raw) SA SA (raw)
 | 12.1926 56.9793 56.2101 0.8842924 O=C1NCN(C=CC=CC(O)=C2C(=O)NC=NNC2=O)N1 1 O=C1NCN(C=CC=CC=C2C(=O)NC=NNC2=O)N1 1.0000000 1.0000 0.8505160 0.8505 0.6961199 4.4600
 | 16.2562 62.8647 53.3754 0.9081250 O=C1NCCCN(C=CC=CC(O)=C2CC(=O)N(CCO)NC2=O)C1=O 1 O=C1CC(=CC=CC=CN2CCCNC(=O)C2=O)C(=O)NN1 1.0000000 1.0000 0.8286180 0.8286 0.8378080 3.9303
 | 15.2703 82.7498 21.4822 0.8143124 CN1CN(C=CC=CC(O)=C2C(=O)NCC2=COC(N)=O)C(=NCCO)SC1=O 1 C=C1CNC(=O)C1=CC=CC=CN1CNC(=O)SC1=N 1.0000000 1.0000 0.6571978 0.6572 0.7090631 4.4197
 | 14.1652 67.9969 43.7339 0.8728969 CN1C(=O)NC(C(=O)O)C(=C(O)C=CC=CN2CC(=O)N2C)C1=O 1 O=C1CN(C=CC=CC=C2CNC(=O)NC2=O)N1 1.0000000 1.0000 0.7951368 0.7951 0.7316142 4.3467
 | 12.9562 57.3460 53.0955 0.8628242 O=C1N=C(NCCO)NC(=O)C1=C(O)C=CC=CN1CCN(Cc2ccccc2)C1 1 O=C1N=CNC(=O)C1=CC=CC=CN1CCN(Cc2ccccc2)C1 1.0000000 1.0000 0.6693653 0.6694 0.9304253 3.3107
 | 16.9781 71.7072 40.7616 0.8786621 O=C1NN(C=CC=CC(O)=C2C(=O)NCC(NC3=NCCN3)NC2=O)C1=O 1 O=C1NN(C=CC=CC=C2C(=O)NCC(NC3=NCCN3)NC2=O)C1=O 1.0000000 1.0000 0.8938559 0.8939 0.6170874 4.6891
 | 13.4297 64.6998 53.4928 0.9233796 O=C1CN(C=CC=CC(O)=C2C(=O)N=CN(CCO)NC2=O)C(=O)C(=O)N1 1 O=C1CN(C=CC=CC=C2C(=O)N=CNNC2=O)C(=O)C(=O)N1 1.0000000 1.0000 0.8819537 0.8820 0.8198159 4.0130
 | 17.4209 75.3058 38.4469 0.8886929 CCN1CN(CCO)CN(C=CC=CC(O)=C2C(=O)NCC(=NCCO)NC2=O)C1=O 1 N=C1CNC(=O)C(=CC=CC=CN2CNCNC2=O)C(=O)N1 1.0000000 1.0000 0.8063216 0.8063 0.7844351 4.1585
 | 12.8601 58.0762 58.2226 0.9085844 O=C1NCNC(=O)C1=C(O)C=CC=CN1CN(CCO)CCCC1=O 1 O=C1NCNC(=O)C1=CC=CC=CN1CNCCCC1=O 1.0000000 1.0000 0.8086330 0.8086 0.8767031 3.7221
 | 12.5312 57.2977 58.2242 0.9025149 COCOC1C(=O)NC(=O)NC(=O)C1=C(O)C=CC=CN(CCO)CCO 1 C=C1CC(=O)NC(=O)NC1=O 1.0000000 1.0000 0.8432040 0.8432 0.7865992 4.1502
01:55:10 <INFO> Sampled SMILES N1C(=O)C(=C(O)C=CC=CN2CN(C)C(=O)SC2=S)n2c3c1cccc3ccc2 failed to sanitize.
01:55:10 <INFO> Sampled SMILES N1C(=O)C(=C(O)C=CC=CN2CN2(C)C=CC=CN)C(=O)NCC1=O failed to sanitize.
01:55:11 <INFO> Score: 0.72 Agent NLL: 16.80 Valid:  98% Step: 310
 | Agent Prior Target Score SMILES SMILES_state Scaffold DASA DASA (raw) Solubility Solubility (raw) SA SA (raw)
 | 21.2718 68.5640 38.4229 0.8358353 Cn1c(=O)c(=C(O)C=CC=CN2CCC2=O)oc(=CBr)c1=[N+]=[N-] 1 C=c1oc(=CC=CC=CN2CCC2=O)c(=O)[nH]c1=[N+] 1.0000000 1.0000 0.7381965 0.7382 0.6634873 4.5578
 | 9.4364 58.0487 -58.0487 0.0000000 O=C1NC(=O)C(=C(O)C=CC=CN2CC(=O)N(CCO)C(=O)C2=O)C(=O)N1 1 O=C1CN(C=CC=CC=C2C(=O)NC(=O)NC2=O)C(=O)C(=O)N1 1.0000000 1.0000 0.8740224 0.8740 0.9147811 3.4538
 | 20.4564 64.6133 40.8625 0.8240295 O=C1NNCCC1=C(O)C=CC=CN1CNOC(CO)C1 1 O=C1NNCCC1=CC=CC=CN1CCONC1 1.0000000 1.0000 0.8265309 0.8265 0.5052379 4.9864
 | 20.2884 60.8459 57.4736 0.9243718 CS(=O)(=O)CCN1CC(=O)N(C=CC=CC(O)=C2C(=O)NNC2=O)CC1=O 1 O=C1CN(C=CC=CC=C2C(=O)NNC2=O)C(=O)CN1 1.0000000 1.0000 0.8549340 0.8549 0.8705887 3.7582
 | 11.8127 65.4481 49.7736 0.9001695 COC(=O)N1CN(C=CC=CC(O)=C2C(=O)NCC(=O)NC2=O)C1=O 1 O=C1CNC(=O)C(=CC=CC=CN2CNC2=O)C(=O)N1 1.0000000 1.0000 0.7861196 0.7861 0.8771974 3.7192
 | 15.5189 54.8671 53.8609 0.8494372 CC1=NN(C=CC=CC(O)=C2N=NNC2=O)CN1CCO 1 O=C1NN=NC1=CC=CC=CN1CNC=N1 1.0000000 1.0000 0.7554947 0.7555 0.6934805 4.4681
 | 15.7935 62.4760 48.9379 0.8704208 O=C1N=C(NC2CC2)NC(=O)C1=C(O)C=CC=CN1CC(=O)N(CCS)C1=O 1 O=C1CN(C=CC=CC=C2C(=O)N=C(NC3CC3)NC2=O)C(=O)N1 1.0000000 1.0000 0.7179496 0.7179 0.8618154 3.8076
 | 11.2899 53.3816 -53.3816 0.0000000 CCNC(=O)NC1=NC(=O)C(=C(O)C=CC=CN2CCNCC2)C(=O)N1 1 O=C1N=CNC(=O)C1=CC=CC=CN1CCNCC1 1.0000000 1.0000 0.7850527 0.7851 0.9067373 3.5183
 | 13.6208 67.1936 44.4293 0.8720540 CN1CN(C=CC=CC(O)=c2oc(=C3C(=O)NC(=O)NC3=O)n(C)c2=O)SC1=O 1 O=C1NC(=O)C(=c2[nH]c(=O)c(=CC=CC=CN3CNC(=O)S3)o2)C(=O)N1 1.0000000 1.0000 0.7878948 0.7879 0.7396618 4.3198
 | 19.2707 62.5478 35.8669 0.7688650 CC1=NN(C)NC(=O)C1=C(O)C=CC=CN1CC1NC(=O)OCc1ccccc1 1 O=C(NC1CN1C=CC=CC=C1C=NNNC1=O)OCc1ccccc1 1.0000000 1.0000 0.5054453 0.5054 0.8303917 3.9652
01:55:12 <INFO> Score: 0.76 Agent NLL: 16.40 Valid: 100% Step: 311
 | Agent Prior Target Score SMILES SMILES_state Scaffold DASA DASA (raw) Solubility Solubility (raw) SA SA (raw)
 | 36.8880 79.5013 8.0982 0.6843709 CCOC(=O)N1CC(C=N)N(C=CC=CC(O)=c2c(=C3C=C(CO)C(O)C3Br)on(C)c2=O)C1 1 O=c1[nH]oc(=C2C=CCC2)c1=CC=CC=CN1CCNC1 1.0000000 1.0000 0.6172749 0.6173 0.3176457 5.4981
 | 13.9950 51.2969 50.1093 0.7922353 CN1CCN(C=CC=CC(O)=C2C(=O)Nc3ccccc3C2=O)C1 1 O=C1Nc2ccccc2C(=O)C1=CC=CC=CN1CCNC1 1.0000000 1.0000 0.5144928 0.5145 0.9420429 3.1836
 | 8.4411 52.9551 53.4213 0.8310656 O=C1NS(=O)NC1=C(O)C=CC=CN1CC=CC1=O 1 O=C1NS(=O)NC1=CC=CC=CN1CC=CC1=O 1.0000000 1.0000 0.7997754 0.7998 0.5596173 4.8439
 | 25.7085 71.3749 31.0735 0.8003785 CC=CC=c1[nH]c(=O)c(=C(O)C=CC=CN2C(=O)N(O)OC2C(=O)O)[nH]1 1 C=c1[nH]c(=O)c(=CC=CC=CN2CONC2=O)[nH]1 1.0000000 1.0000 0.7651812 0.7652 0.4962648 5.0097
 | 19.2982 58.5690 40.0395 0.7703786 CCOC(=O)N1CN(C=CC=CC(O)=C2CC3C(C(C)O)C(=O)N3C2=O)C(O)=N1 1 O=C1CC2CC(=CC=CC=CN3C=NNC3)C(=O)N12 1.0000000 1.0000 0.6449742 0.6450 0.5476437 4.8755
 | 6.8761 53.8680 -53.8680 0.0000000 O=C1NC(=O)C(=c2[nH]c(=O)[nH]c(=O)c2=C(O)C=CC=CN(CCO)CCO)C(=O)N1 1 C=c1c(=O)[nH]c(=O)[nH]c1=C1C(=O)NC(=O)NC1=O 1.0000000 1.0000 0.9232818 0.9233 0.8603293 3.8157
 | 22.6631 56.4883 48.9300 0.8235803 CCCC=c1oc(=C(O)C=CC=CN2CN(C(C)=O)N(C)C2=O)c(=O)n1C 1 C=c1[nH]c(=O)c(=CC=CC=CN2CNNC2=O)o1 1.0000000 1.0000 0.6678849 0.6679 0.7315234 4.3470
 | 9.3852 62.6085 54.9450 0.9183869 O=C1NC(=O)C(=c2c(=O)[nH]c(=O)[nH]c(=O)c2=C(O)C=CC=CN(CCO)CCO)C(O)N1 1 C=c1c(=O)[nH]c(=O)[nH]c(=O)c1=C1CNC(=O)NC1=O 1.0000000 1.0000 0.9372162 0.9372 0.7164157 4.3963
 | 21.0430 75.9067 26.8854 0.8030629 CC=C1C(=O)N(Cc2ccccc2)C1=c1c(=O)[nH]c(=O)[nH]c(=O)c1=C(O)C=CC=CN1CCSCC1 1 C=C1C(=O)N(Cc2ccccc2)C1=c1c(=O)[nH]c(=O)[nH]c(=O)c1=CC=CC=CN1CCSCC1 1.0000000 1.0000 0.5587530 0.5588 0.8755891 3.7288
 | 18.7763 61.1221 48.8084 0.8588320 CN1CCOC(=C(O)C=CC=CN2CN(CCO)CCCCC2=O)C1=O 1 O=C1NCCOC1=CC=CC=CN1CNCCCCC1=O 1.0000000 1.0000 0.6742338 0.6742 0.8966023 3.5929
01:55:12 <INFO> Score: 0.76 Agent NLL: 17.51 Valid: 100% Step: 312
 | Agent Prior Target Score SMILES SMILES_state Scaffold DASA DASA (raw) Solubility Solubility (raw) SA SA (raw)
 | 12.1441 52.0057 -52.0057 0.0000000 C=c1c(=O)c(=O)c1=C(O)C=CC=C(C)N(CCO)CCO 1 C=c1c(=C)c(=O)c1=O 1.0000000 1.0000 0.8794211 0.8794 0.8607805 3.8132
 | 16.8518 63.9092 39.1850 0.8054233 COC(=O)N1CN(C=CC=CC(O)=C2C(=O)NC(c3ccccc3)=NN2CCO)C1=O 1 O=C1NC(c2ccccc2)=NNC1=CC=CC=CN1CNC1=O 1.0000000 1.0000 0.5685298 0.5685 0.8625987 3.8033
 | 14.7086 64.9523 43.9693 0.8509505 NC1CN(C=CC=CC(O)=C2C=NC=CNC2=O)CN(CCO)C1 1 O=C1NC=CN=CC1=CC=CC=CN1CCCNC1 1.0000000 1.0000 0.7872718 0.7873 0.6512974 4.5930
 | 23.7069 75.1042 31.1608 0.8301953 CN1C(=O)C(=C(O)C=CC=CN2CN(CCO)CN(CCO)N2)C(=N)S1=O 1 N=C1C(=CC=CC=CN2CNCNN2)C(=O)NS1=O 1.0000000 1.0000 0.8347186 0.8347 0.5164177 4.9572
 | 24.7637 75.2535 29.2063 0.8160918 C=C1CCN1C=CC=CC(O)=C1C(=O)NC(CBr)=NN(CO)C1=O 1 C=C1CCN1C=CC=CC=C1C(=O)NC=NNC1=O 1.0000000 1.0000 0.6386496 0.6386 0.7540847 4.2700
 | 22.5873 53.5559 56.8019 0.8621702 C=C1CC(=C(O)C=CC=CN2CCOCC2)C(=O)C1=NN=C(N)N 1 C=C1CC(=CC=CC=CN2CCOCC2)C(=O)C1=N 1.0000000 1.0000 0.7108115 0.7108 0.8342437 3.9473
 | 10.7364 79.9592 33.4228 0.8857965 O=C1NC(=O)C(=c2c(=O)[nH]c(=O)[nH]c(=O)c2=C(O)C=CC=CN2CC=C(O)C(O)C2)N1 1 O=C1NC(=O)C(=c2c(=O)[nH]c(=O)[nH]c(=O)c2=CC=CC=CN2CC=CCC2)N1 1.0000000 1.0000 0.8828176 0.8828 0.6580048 4.5737
 | 19.7802 79.9967 15.3292 0.7447337 CC1ON(C=CC=CC(O)=c2c(=O)[nH]c(=C(O)CO)n2C)CC1CN=[N+]=[N-] 1 C=c1[nH]c(=O)c(=CC=CC=CN2CCCO2)[nH]1 1.0000000 1.0000 0.7336684 0.7337 0.3659153 5.3582
 | 18.6938 73.1587 29.3580 0.8009121 CC(O)=C1C(=O)N(C=O)CN1C=CC=CC(O)=C1C(=O)NC2NC(=O)NC12 1 C=C1C(=O)NCN1C=CC=CC=C1C(=O)NC2NC(=O)NC12 1.0000000 1.0000 0.7804805 0.7805 0.4810462 5.0494
 | 16.0628 56.0061 57.1128 0.8837417 O=C1CCNC(=O)C1=C(O)C=CC=CN1CCOCC1C(=O)O 1 O=C1CCNC(=O)C1=CC=CC=CN1CCOCC1 1.0000000 1.0000 0.7659679 0.7660 0.8333732 3.9514
01:55:13 <INFO> Sampled SMILES N1C(=O)NC(=O)C(=C(O)C=CC=CNOCCO)C1=C1C(=O)C(C)=N(C)C1=O failed to sanitize.
01:55:13 <INFO> Score: 0.74 Agent NLL: 17.24 Valid:  99% Step: 313
 | Agent Prior Target Score SMILES SMILES_state Scaffold DASA DASA (raw) Solubility Solubility (raw) SA SA (raw)
 | 32.2180 59.8958 -59.8776 0.0001419 CC(=O)NC(C=CN(C)C=O)=c1c(=O)c1=CN1CCC(=O)CC1 1 C=c1c(=O)c1=CN1CCC(=O)CC1 0.0000000 0.0000 0.8598701 0.8599 0.8186485 4.0181
 | 12.6977 63.7799 50.8913 0.8958689 CNC1=NC(=O)C(=C(O)C=CC=CN2CCCN2)C(=O)NN1 1 O=C1N=CNNC(=O)C1=CC=CC=CN1CCCN1 1.0000000 1.0000 0.8288853 0.8289 0.7796830 4.1767
 | 17.1535 72.8105 40.5528 0.8856515 COCN1C(=O)NC(=O)C(=C(O)C=CC=CN2CC=CC2=O)C(=O)NC1=O 1 O=C1NC(=O)NC(=O)C(=CC=CC=CN2CC=CC2=O)C(=O)N1 1.0000000 1.0000 0.7437478 0.7437 0.8874316 3.6549
 | 12.9359 58.4440 56.9567 0.9015678 O=C1CCCN1C=CC=CC(O)=c1c(=O)[nH]c(=CN2CC2)[nH]c1=O 1 O=C1CCCN1C=CC=CC=c1c(=O)[nH]c(=CN2CC2)[nH]c1=O 1.0000000 1.0000 0.8250003 0.8250 0.8127311 4.0438
 | 11.5556 60.5737 53.3144 0.8897505 O=C1CNC(=O)C(=C(O)C=CC=CN2CCC=C2O)C(=O)N1 1 O=C1CNC(=O)C(=CC=CC=CN2C=CCC2)C(=O)N1 1.0000000 1.0000 0.7697822 0.7698 0.8560804 3.8384
 | 16.3236 58.8535 47.0210 0.8271440 CC1(O)N=C(N)NC(=O)C1=C(O)C=CC=CN1CC(O)CO1 1 O=C1NC=NCC1=CC=CC=CN1CCCO1 1.0000000 1.0000 0.8370973 0.8371 0.5040143 4.9895
 | 15.3127 71.7157 41.0564 0.8810326 CCN1C(=O)NNC(=C(O)C=CC=CN2CCCC(=O)N(CCO)C2)C1=O 1 O=C1CCCN(C=CC=CC=C2NNC(=O)NC2=O)CN1 1.0000000 1.0000 0.7398836 0.7399 0.8713086 3.7541
 | 19.0758 60.4691 36.6431 0.7586894 CCCCCCCCN1C=NN(C=CC=CC(O)=C2C(=N)C(=O)NC2=O)C1 1 N=C1C(=O)NC(=O)C1=CC=CC=CN1CNC=N1 1.0000000 1.0000 0.4753931 0.4754 0.8619727 3.8067
 | 11.5304 67.2501 43.4590 0.8649147 N=C1C(=C(O)C=CC=CN2C(=O)OCC2COC(N)=O)C(=O)NN1CCO 1 N=C1NNC(=O)C1=CC=CC=CN1CCOC1=O 1.0000000 1.0000 0.7932145 0.7932 0.7001258 4.4476
 | 10.0859 57.7913 54.5347 0.8775468 C=C1NCCN1C=CC=CC(O)=C1C(=O)NC=NNC1=O 1 C=C1NCCN1C=CC=CC=C1C(=O)NC=NNC1=O 1.0000000 1.0000 0.8008746 0.8009 0.7429014 4.3088
01:55:14 <INFO> Sampled SMILES N1C(=O)C(=C(O)C=CC=CN2CN(CCO)C([N+](=O)[O-])C(=C)C2=O)C=NC=N1NC failed to sanitize.
01:55:14 <INFO> Sampled SMILES N1C(=O)C(=C(O)C=CC=CN2CCC(=C(F)C=CCC=NC=CC)C2=O)N(CCO)C1=C1C=[N-]NN1C failed to sanitize.
01:55:14 <INFO> Score: 0.74 Agent NLL: 17.30 Valid:  98% Step: 314
 | Agent Prior Target Score SMILES SMILES_state Scaffold DASA DASA (raw) Solubility Solubility (raw) SA SA (raw)
 | 21.6142 67.4621 43.1689 0.8643048 NCCCCNC1NC(=O)C(=C(O)C=CC=CN2CC=CC(=O)N2)NC1=O 1 O=C1C=CCN(C=CC=CC=C2NC(=O)CNC2=O)N1 1.0000000 1.0000 0.8303969 0.8304 0.6438004 4.6144
 | 17.8114 60.1470 46.6413 0.8342831 C=C1C(=O)N(C)CN1C=CC=CC(O)=C1NC(C)(CO)NC1=O 1 C=C1C(=O)NCN1C=CC=CC=C1NCNC1=O 1.0000000 1.0000 0.7843895 0.7844 0.5908334 4.7607
 | 17.4693 56.0492 50.0890 0.8292046 CN1C(=O)C(=C(O)C=CC=CN2COCCC2=O)NS1=O 1 O=C1NS(=O)NC1=CC=CC=CN1COCCC1=O 1.0000000 1.0000 0.7699868 0.7700 0.5910553 4.7601
 | 27.1653 85.1105 26.3298 0.8706272 N=C1C(=O)N(CCOCCO)CN1C=CC=CC(O)=C1NN=C(C=CN2CCOCC2)NC1=O 1 N=C1C(=O)NCN1C=CC=CC=C1NN=C(C=CN2CCOCC2)NC1=O 1.0000000 1.0000 0.7750907 0.7751 0.7546618 4.2680
 | 19.7788 78.4409 27.8153 0.8301273 C=C1NCNC(=O)C1=C(O)C=CC=CN1CN(CCO)CC(=C(C)C=O)O1 1 C=C1CNCN(C=CC=CC=C2C(=C)NCNC2=O)O1 1.0000000 1.0000 0.7218092 0.7218 0.6656873 4.5513
 | 18.4899 61.3736 39.4856 0.7879628 CC1CC(C(=O)O)N(C=CC=CC(O)=C2OC(CO)N(C)C2=O)C(=O)O1 1 O=C1NCOC1=CC=CC=CN1CCCOC1=O 1.0000000 1.0000 0.6958332 0.6958 0.5398473 4.8959
 | 22.1962 71.6057 35.4080 0.8360449 CCC=NOCC=C1NCCN1C=CC=CC(O)=C1C(=O)NN=C1N 1 C=C1NCCN1C=CC=CC=C1C=NNC1=O 1.0000000 1.0000 0.7164332 0.7164 0.7000802 4.4478
 | 12.6341 62.0203 50.7892 0.8813247 CN1NC(=O)C(=C(O)C=CC=CN2CN(C)C(=O)C2=N)N1 1 N=C1C(=O)NCN1C=CC=CC=C1NNNC1=O 1.0000000 1.0000 0.8248591 0.8249 0.7216041 4.3795
 | 17.6940 65.9174 45.6147 0.8713444 COCCONC1=C([N+](=O)[O-])CN(CCO)CN1C=CC=CC(O)=C1CCNC1=O 1 O=C1NCCC1=CC=CC=CN1C=CCNC1 1.0000000 1.0000 0.7601544 0.7602 0.7841849 4.1595
 | 16.2775 60.1755 37.1695 0.7605076 C=C1NCCN1C=CC=CC(O)=C1C(=O)NC(=CBr)C(O)C1O 1 C=C1CCC(=CC=CC=CN2CCNC2=C)C(=O)N1 1.0000000 1.0000 0.6672606 0.6673 0.4822547 5.0463
01:55:15 <INFO> Score: 0.71 Agent NLL: 16.57 Valid: 100% Step: 315
 | Agent Prior Target Score SMILES SMILES_state Scaffold DASA DASA (raw) Solubility Solubility (raw) SA SA (raw)
 | 9.9476 56.8815 -56.8815 0.0000000 CN1NC(=O)C(=C(O)C=CC=CN2CC(=O)NC(=O)C2)C1O 1 O=C1CN(C=CC=CC=C2CNNC2=O)CC(=O)N1 1.0000000 1.0000 0.8637457 0.8637 0.7128736 4.4076
 | 7.0944 65.1621 53.5220 0.9272199 CC1=NOC(=O)C1=c1c(=O)[nH]c(=O)[nH]c(=O)c1=C(O)C=CC=CN(CCO)CCO 1 C=c1c(=O)[nH]c(=O)[nH]c(=O)c1=C1C=NOC1=O 1.0000000 1.0000 0.8912717 0.8913 0.8226057 4.0006
 | 16.8554 64.7797 51.0115 0.9046186 N=C(N)N1CCN(C=CC=CC(O)=C2C(=N)N(CCOCCO)NC2=O)C1 1 N=C1NNC(=O)C1=CC=CC=CN1CCNC1 1.0000000 1.0000 0.8265227 0.8265 0.8246090 3.9916
 | 7.5484 72.6148 -72.6148 0.0000000 CN1C(=O)C(=O)NC(=O)C1=c1c(=O)[nH]c(=O)[nH]c(=O)c1=C(O)C=CC=CN(CCO)CCO 1 C=c1c(=O)[nH]c(=O)[nH]c(=O)c1=C1NC(=O)C(=O)NC1=O 1.0000000 1.0000 0.9366189 0.9366 0.8437557 3.9014
 | 16.7796 56.2630 36.5301 0.7249459 O=C1Nc2ccccc2C1=C(O)C=CC=CN1CC=C(C#CCCCO)C1=O 1 O=C1Nc2ccccc2C1=CC=CC=CN1CC=CC1=O 1.0000000 1.0000 0.4072637 0.4073 0.8898603 3.6389
 | 31.5845 60.9412 35.6676 0.7547561 CC(=O)OC1C(=C(O)C=CC=CN2CCSCC2)C(=O)C2OC(=O)OC2C1O 1 O=C1OC2CCC(=CC=CC=CN3CCSCC3)C(=O)C2O1 1.0000000 1.0000 0.6206343 0.6206 0.5260443 4.9321
 | 12.6270 52.3981 54.7672 0.8372293 CC(=O)NCC1CN(C=CC=CC(O)=C2SC(=O)NC2=O)C(=O)O1 1 O=C1NC(=O)C(=CC=CC=CN2CCOC2=O)S1 1.0000000 1.0000 0.6651289 0.6651 0.8032448 4.0836
 | 8.1956 67.7523 53.0179 0.9435173 O=C1CN(C=CC=CC(O)=c2c(=O)[nH]c(=O)[nH]c(=O)c2=C2C(=O)NC(=O)NC2=O)CCN1 1 O=C1CN(C=CC=CC=c2c(=O)[nH]c(=O)[nH]c(=O)c2=C2C(=O)NC(=O)NC2=O)CCN1 1.0000000 1.0000 0.9182211 0.9182 0.8556163 3.8409
 | 13.1280 54.6476 60.4621 0.8992941 O=C1NN(CCO)C1=C(O)C=CC=CN1CCCNC1=O 1 O=C1NNC1=CC=CC=CN1CCCNC1=O 1.0000000 1.0000 0.8007784 0.8008 0.8449628 3.8954
 | 9.8706 70.8110 50.5855 0.9484105 NC(=O)NC=CC=CC(O)=c1c(=O)[nH]c(=O)[nH]c(=O)c1=C1C(=O)NC(=O)NC1=O 1 C=c1c(=O)[nH]c(=O)[nH]c(=O)c1=C1C(=O)NC(=O)NC1=O 1.0000000 1.0000 0.9220979 0.9221 0.8727124 3.7459
01:55:16 <INFO> Score: 0.75 Agent NLL: 16.92 Valid: 100% Step: 316
 | Agent Prior Target Score SMILES SMILES_state Scaffold DASA DASA (raw) Solubility Solubility (raw) SA SA (raw)
 | 13.9297 56.2469 58.0359 0.8928342 C=C1CN(CCO)CN1C=CC=CC(O)=C1C(=O)NCNC1=O 1 C=C1CNCN1C=CC=CC=C1C(=O)NCNC1=O 1.0000000 1.0000 0.8129807 0.8130 0.7923306 4.1277
 | 8.8091 64.7786 54.0982 0.9287248 O=C1CN(CCO)C=CC1=c1c(=O)[nH]c(=O)[nH]c(=O)c1=C(O)C=CC=CN(CCO)CCO 1 C=c1c(=O)[nH]c(=O)[nH]c(=O)c1=C1C=CNCC1=O 1.0000000 1.0000 0.9045481 0.9045 0.8084469 4.0620
 | 10.8761 56.5713 60.7195 0.9163340 O=C1CN(C=CC=CC(O)=C2C(=O)NNC2=O)CCO1 1 O=C1CN(C=CC=CC=C2C(=O)NNC2=O)CCO1 1.0000000 1.0000 0.8388535 0.8389 0.8596700 3.8192
 | 15.2997 70.9077 32.5312 0.8081162 N=C1CN(CCO)CN1C=CC=CC(O)=C1SSC(=CC=C2C(=O)NC(=O)NC2=O)NC1=O 1 N=C1CNCN1C=CC=CC=C1SSC(=CC=C2C(=O)NC(=O)NC2=O)NC1=O 1.0000000 1.0000 0.6375416 0.6375 0.7183691 4.3900
 | 11.4359 53.6188 60.5384 0.8918535 NC1=NC(=O)C(=C(O)C=CC=CN2CCSCC2)C(=O)NN1 1 O=C1N=CNNC(=O)C1=CC=CC=CN1CCSCC1 1.0000000 1.0000 0.7832210 0.7832 0.8408982 3.9154
 | 14.8696 75.3833 33.9260 0.8539789 O=C1CN(C=CC=CC(O)=c2c(=O)[nH]c(=O)[nH]c(=O)c2=C2C=CN(CCO)C=C2)CC(O)C(O)CN1 1 O=C1CN(C=CC=CC=c2c(=O)[nH]c(=O)[nH]c(=O)c2=C2C=CNC=C2)CCCCN1 1.0000000 1.0000 0.8821407 0.8821 0.5437587 4.8857
 | 24.7450 60.0979 35.2257 0.7447155 CCC1(C)CC(=C(O)C=CC=CN2CCCC(N)C2)C(=O)NO1 1 O=C1NOCCC1=CC=CC=CN1CCCCC1 1.0000000 1.0000 0.5454997 0.5455 0.6145527 4.6961
 | 17.2358 59.0838 43.2362 0.7993750 C=c1nc(N2CCCCC2)[nH]c(=O)c1=C(O)C=CC=CN1C=CC(OC)=CC1 1 C=c1nc(N2CCCCC2)[nH]c(=O)c1=CC=CC=CN1C=CC=CC1 1.0000000 1.0000 0.5714357 0.5714 0.8217646 4.0044
 | 20.4882 68.9928 42.5060 0.8710838 O=C1CN(C=CC=CC(O)=C2C(=O)NC(CO)C(CO)=NC2O)CC(=O)N1 1 O=C1CN(C=CC=CC=C2CN=CCNC2=O)CC(=O)N1 1.0000000 1.0000 0.8879783 0.8880 0.5965001 4.7453
 | 15.1211 72.4310 43.2980 0.9041328 N=C1C(=c2c(=O)[nH]c(=O)[nH]c(=O)c2=C(O)C=CC=CN2CCNC2=O)C=CN1CC(=O)O 1 N=C1NC=CC1=c1c(=O)[nH]c(=O)[nH]c(=O)c1=CC=CC=CN1CCNC1=O 1.0000000 1.0000 0.8414496 0.8414 0.7969295 4.1093
01:55:16 <INFO> Sampled SMILES N1C(=O)C(=C(O)C=CC=CN2CCCC2=C)=C1C[N+]1(C)CCCC1 failed to sanitize.
01:55:16 <INFO> Sampled SMILES N1NC(=O)C(=C(O)C=CC=CN2CC(O)C2)C1=c1c2c(cc3c(cccc3)c2)ccc1 failed to sanitize.
01:55:17 <INFO> Score: 0.77 Agent NLL: 17.27 Valid:  98% Step: 317
 | Agent Prior Target Score SMILES SMILES_state Scaffold DASA DASA (raw) Solubility Solubility (raw) SA SA (raw)
 | 14.8931 56.9972 48.2512 0.8222532 CC(=O)NC1CCCN1C=CC=CC(O)=C1C(=O)NC(C)C(=O)C1O 1 O=C1CNC(=O)C(=CC=CC=CN2CCCC2)C1 1.0000000 1.0000 0.7381945 0.7382 0.6088080 4.7119
 | 19.3712 70.7192 37.3912 0.8446124 O=CN[SH]1NC(=O)C(=C(O)C=CC=CN2CN(CCO)C(=O)C2=O)C1=O 1 O=C1NCN(C=CC=CC=C2C(=O)NSC2=O)C1=O 1.0000000 1.0000 0.8672821 0.8673 0.5286533 4.9253
 | 11.3499 64.7139 45.2537 0.8591223 CON=C1C(=O)NC(=O)NC(=O)C1=C(O)C=CC=CN1C=CCC1 1 N=C1C(=O)NC(=O)NC(=O)C1=CC=CC=CN1C=CCC1 1.0000000 1.0000 0.7015898 0.7016 0.8378048 3.9303
 | 10.6566 52.5218 59.7041 0.8767650 O=C1NN(CCO)C1=C(O)C=CC=CN1CCSCC1 1 O=C1NNC1=CC=CC=CN1CCSCC1 1.0000000 1.0000 0.7530080 0.7530 0.8236401 3.9960
 | 19.9695 76.0767 34.7541 0.8658657 CC(C)=C1N=CCN1C=CC=CC(O)=c1c(=O)[nH]c(=C2C(=O)C(=O)N(C)C2=O)[nH]c1=O 1 C=C1N=CCN1C=CC=CC=c1c(=O)[nH]c(=C2C(=O)NC(=O)C2=O)[nH]c1=O 1.0000000 1.0000 0.7869771 0.7870 0.7139727 4.4041
 | 14.5316 56.4483 54.2584 0.8648964 Cn1c(=CBr)oc(=O)c(=C(O)C=CC=CN2CC2)c1=O 1 C=c1[nH]c(=O)c(=CC=CC=CN2CC2)c(=O)o1 1.0000000 1.0000 0.7390940 0.7391 0.7922039 4.1282
 | 26.6810 74.4961 29.3870 0.8115865 CC(O)NCC1NC(=O)C(=C(O)C=CC=CN2CN(CCO)CNC2=O)C(CO)O1 1 O=C1NCOCC1=CC=CC=CN1CNCNC1=O 1.0000000 1.0000 0.8504030 0.8504 0.4437767 5.1471
 | 14.4331 79.7226 39.0849 0.9281833 CN1CCCN(C=CC=CC(O)=c2c(=O)[nH]c(=O)[nH]c(=O)c2=C2C(=O)NC(=O)C(=O)N2C)C1 1 O=C1NC(=O)C(=c2c(=O)[nH]c(=O)[nH]c(=O)c2=CC=CC=CN2CCCNC2)NC1=O 1.0000000 1.0000 0.8827471 0.8827 0.8411312 3.9143
 | 7.7824 66.2083 -66.2083 0.0000000 CC1=NOC(=O)C1=c1c(=O)[nH]c(=O)[nH]c(=O)c1=C(O)C=CC=CN 1 C=c1c(=O)[nH]c(=O)[nH]c(=O)c1=C1C=NOC1=O 1.0000000 1.0000 0.8749222 0.8749 0.8222335 4.0023
 | 21.5659 75.6595 31.1553 0.8344899 CC1(C(=O)O)CCCN1C=CC=CC(O)=c1c(=O)[nH]c(=O)[nH]c(=O)c1=C1C(=O)Nc2ccccc21 1 O=C1Nc2ccccc2C1=c1c(=O)[nH]c(=O)[nH]c(=O)c1=CC=CC=CN1CCCC1 1.0000000 1.0000 0.6624003 0.6624 0.7952427 4.1161
01:55:17 <INFO> Sampled SMILES N1C(=O)NC(=O)C(=C(O)C=CC=CN2CC(O)C[n+]2c2ccccc2OCCCC)C1=C failed to sanitize.
01:55:18 <INFO> Score: 0.75 Agent NLL: 16.65 Valid:  99% Step: 318
 | Agent Prior Target Score SMILES SMILES_state Scaffold DASA DASA (raw) Solubility Solubility (raw) SA SA (raw)
 | 9.6790 48.0962 60.5138 0.8485158 O=C1NS(=O)ONC1=C(O)C=CC=CN1CCNCC1 1 O=C1NS(=O)ONC1=CC=CC=CN1CCNCC1 1.0000000 1.0000 0.8237299 0.8237 0.5927085 4.7556
 | 21.1845 69.4959 38.7008 0.8452865 NC(=O)C1OCC(=O)N1C=CC=CC(O)=c1c(=O)[nH]c(=O)[nH]c1=C1CCCC(O)C1 1 O=C1COCN1C=CC=CC=c1c(=O)[nH]c(=O)[nH]c1=C1CCCCC1 1.0000000 1.0000 0.8320821 0.8321 0.5707943 4.8143
 | 16.2952 82.3938 29.7601 0.8762029 CN1C(=O)C(=O)C1=c1c(=O)[nH]c(=O)[nH]c(=O)c1=C(O)C=CC=CN1CC=C(F)C1O 1 O=C1NC(=c2c(=O)[nH]c(=O)[nH]c(=O)c2=CC=CC=CN2CC=CC2)C1=O 1.0000000 1.0000 0.8630850 0.8631 0.6465182 4.6067
 | 17.5854 57.9036 24.0725 0.6404383 O=C1NC(=C2C[n+]3ccccc3C2=O)SSC1=C(O)C=CC=CN1CCSCC1 1 O=C1NC(=C2C[n+]3ccccc3C2=O)SSC1=CC=CC=CN1CCSCC1 1.0000000 1.0000 0.3160659 0.3161 0.7234271 4.3736
 | 27.6943 74.1636 29.6034 0.8106801 CCOC1ON(C=CC=CC(O)=C2C(=O)NC(=O)NC(=O)c3ccccc32)CC(=O)N1CCO 1 O=C1CN(C=CC=CC=C2C(=O)NC(=O)NC(=O)c3ccccc32)OCN1 1.0000000 1.0000 0.6109980 0.6110 0.7868468 4.1492
 | 11.1061 58.2272 45.8535 0.8131302 O=C1CN(C=CC=CC(O)=C2SSC(=O)NC2=O)CCO1 1 O=C1CN(C=CC=CC=C2SSC(=O)NC2=O)CCO1 1.0000000 1.0000 0.6091780 0.6092 0.8035967 4.0822
 | 22.6297 70.2625 40.5372 0.8656230 CN=C1C(=O)NC(=O)NC(=O)C1=C(O)C=CC=CN(C)SCCCN 1 C=C1C(=N)C(=O)NC(=O)NC1=O 1.0000000 1.0000 0.7186324 0.7186 0.8357744 3.9400
 | 24.0928 77.3660 39.8487 0.9157396 CN1C(=O)C(=c2[nH]c(=O)c(=C(O)C=CC=CN3CC(=O)C(=O)NC3=O)c(=O)n2O)C(=O)N(C)C1=O 1 O=C1NC(=O)C(=c2[nH]c(=O)c(=CC=CC=CN3CC(=O)C(=O)NC3=O)c(=O)[nH]2)C(=O)N1 1.0000000 1.0000 0.8785546 0.8786 0.7901467 4.1363
 | 17.1276 62.2825 44.7807 0.8364316 CCN1NC(=O)C(=C(O)C=CC=CN2CC=C([N+](=O)[O-])CC2)N1 1 O=C1NNNC1=CC=CC=CN1CC=CCC1 1.0000000 1.0000 0.7070953 0.7071 0.7180808 4.3909
 | 13.9931 50.1487 57.4054 0.8402665 CN1C(=O)NC(=O)C(=C(O)C=CC=CN2C(=O)C(=O)c3ccccc32)C1=O 1 O=C1NC(=O)C(=CC=CC=CN2C(=O)C(=O)c3ccccc32)C(=O)N1 1.0000000 1.0000 0.6150465 0.6150 0.9388596 3.2206
01:55:18 <INFO> Sampled SMILES N1C(=O)N(C)C(=O)C(=C(O)C=CC=CN(CCO)CCO)C1=c1c2c(cccc2)c(O)c2ccccc12 failed to sanitize.
01:55:18 <INFO> Score: 0.75 Agent NLL: 16.78 Valid:  99% Step: 319
 | Agent Prior Target Score SMILES SMILES_state Scaffold DASA DASA (raw) Solubility Solubility (raw) SA SA (raw)
 | 12.1297 49.6541 67.1952 0.9128852 O=C1NC(=O)C(=C(O)C=CC=CN2CCNCC2)N(CCO)N1 1 O=C1NNC(=CC=CC=CN2CCNCC2)C(=O)N1 1.0000000 1.0000 0.8331038 0.8331 0.8530243 3.8544
 | 8.2592 67.7523 -67.7523 0.0000000 O=C1CN(C=CC=CC(O)=c2c(=O)[nH]c(=O)[nH]c(=O)c2=C2C(=O)NC(=O)NC2=O)CCN1 1 O=C1CN(C=CC=CC=c2c(=O)[nH]c(=O)[nH]c(=O)c2=C2C(=O)NC(=O)NC2=O)CCN1 1.0000000 1.0000 0.9182211 0.9182 0.8556163 3.8409
 | 15.4835 68.4980 39.9931 0.8475867 CN(CCO)C1=NC(O)C(=C(O)C=CC=CN2CC=NC2=O)C(=O)N1 1 O=C1NC=NCC1=CC=CC=CN1CC=NC1=O 1.0000000 1.0000 0.7994329 0.7994 0.6210093 4.6783
 | 18.4634 52.3611 50.9130 0.8068291 O=C1CC(=C(O)C=CC=CN2CCCC2Cl)C(=O)NC(=O)N1 1 O=C1CC(=CC=CC=CN2CCCC2)C(=O)NC(=O)N1 1.0000000 1.0000 0.6146463 0.6146 0.7594668 4.2510
 | 16.2819 61.3495 46.9533 0.8461158 NCC1CCN(C=CC=CC(O)=C2C(=O)NC=NNC2=O)O1 1 O=C1NC=NNC(=O)C1=CC=CC=CN1CCCO1 1.0000000 1.0000 0.8221271 0.8221 0.5859538 4.7738
 | 14.6167 22.0933 -22.0743 0.0001489 CC1(O)C(=O)NC(=O)NC1=O 1 O=C1CC(=O)NC(=O)N1 0.0000000 0.0000 0.9098438 0.9098 0.9535422 3.0316
 | 37.3855 111.8775 -9.2879 0.8014812 CC(=CC=CN(C)OCCO)N(C)C=C(N)N1CCOC(=C(O)C=CC=CN2CCNC(=O)C2)C(=O)N1 1 O=C1CN(C=CC=CC=C2OCCNNC2=O)CCN1 1.0000000 1.0000 0.6935901 0.6936 0.5936220 4.7531
 | 13.5024 80.6039 29.6457 0.8613248 CCN1CC(C)N(C=CC=CC(O)=c2c(=O)[nH]c(=O)[nH]c(=O)c2=C2C(=O)ON=C2C)CC1=O 1 O=C1CN(C=CC=CC=c2c(=O)[nH]c(=O)[nH]c(=O)c2=C2C=NOC2=O)CCN1 1.0000000 1.0000 0.7952188 0.7952 0.6819851 4.5030
 | 15.9960 58.8233 53.0455 0.8739753 CN1N=CNC(=O)C(=C(O)C=CC=CN2CCNC(=O)C2=O)C1O 1 O=C1NCCN(C=CC=CC=C2CNN=CNC2=O)C1=O 1.0000000 1.0000 0.8497260 0.8497 0.6555901 4.5807
 | 12.8649 70.6719 46.6266 0.9163946 O=C1NC(=O)C(=C2C(=O)NC(=O)C2=C(O)C=CC=CN2CCC2=O)C(=O)N1 1 O=C1NC(=O)C(=C2C(=O)NC(=O)C2=CC=CC=CN2CCC2=O)C(=O)N1 1.0000000 1.0000 0.8156795 0.8157 0.9031794 3.5453
01:55:19 <INFO> Sampled SMILES N1C(=O)C(=C(O)C=CC=CN2CC(O)CN2=CCO)N(CC(O)=O)N=C1C failed to sanitize.
01:55:20 <INFO> Score: 0.74 Agent NLL: 16.58 Valid:  99% Step: 320
 | Agent Prior Target Score SMILES SMILES_state Scaffold DASA DASA (raw) Solubility Solubility (raw) SA SA (raw)
 | 18.6730 61.5354 -61.5354 0.0000000 COCCN1NC(=O)C(=C(O)C=CC=CN2CCC(C)([N+](=O)[O-])C2)C1=O 1 O=C1NNC(=O)C1=CC=CC=CN1CCCC1 1.0000000 1.0000 0.7280553 0.7281 0.7041192 4.4352
 | 13.0199 54.4401 36.1399 0.7076563 CCOC(=O)N1CN(C=CC=CC(O)=C2CC(=CBr)NC2=O)C1=O 1 C=C1CC(=CC=CC=CN2CNC2=O)C(=O)N1 1.0000000 1.0000 0.4099778 0.4100 0.7748840 4.1948
 | 18.7762 69.3489 42.0884 0.8706037 CC1(O)CCN(C=CC=CC(O)=C2C(=O)NN=C(N3CCOCC3)NC2=O)C1=O 1 O=C1NN=C(N2CCOCC2)NC(=O)C1=CC=CC=CN1CCCC1=O 1.0000000 1.0000 0.7784010 0.7784 0.7489480 4.2880
 | 8.3995 44.6697 -44.6697 0.0000000 O=C1NC(=O)C(=C(O)C=CC=CN(CCO)CCO)C1=O 1 C=C1C(=O)NC(=O)C1=O 1.0000000 1.0000 0.8756584 0.8757 0.9133863 3.4654
 | 22.6304 76.0084 34.3592 0.8622470 CN=CCCC(=O)N=C1C(=O)N(CCO)C(=O)CN1C=CC=CC(O)=C1CCC(=O)NC1=O 1 N=C1C(=O)NC(=O)CN1C=CC=CC=C1CCC(=O)NC1=O 1.0000000 1.0000 0.7301669 0.7302 0.7963016 4.1119
 | 18.7988 76.9991 24.9720 0.7966492 CC1=CCN(C=CC=CC(O)=C2C(=O)NC(=O)C2=C2C(=O)OC(C)(C)OC2=O)C(=O)O1 1 O=C1NC(=O)C(=C2C(=O)OCOC2=O)C1=CC=CC=CN1CC=COC1=O 1.0000000 1.0000 0.5658675 0.5659 0.8211106 4.0073
 | 21.3509 54.0226 -54.0051 0.0001366 CC(=CC(O)=c1[nH]c(=CCl)[nH]c1=O)CO 1 C=c1[nH]c(=C)c(=O)[nH]1 0.0000000 0.0000 0.8149609 0.8150 0.7343267 4.3377
 | 16.3061 59.6237 53.1746 0.8812372 CC(C(=O)O)N1C(=O)C(=C(O)C=CC=CN2CC(O)C(O)C2)C1=O 1 O=C1NC(=O)C1=CC=CC=CN1CCCC1 1.0000000 1.0000 0.8270141 0.8270 0.7179425 4.3914
 | 9.8007 54.9219 63.5950 0.9259137 O=C1NC(=O)C(=c2[nH]c(=O)[nH]c(=O)c2=C(O)C=CC=CN2CCCC2)C(=O)N1 1 O=C1NC(=O)C(=c2[nH]c(=O)[nH]c(=O)c2=CC=CC=CN2CCCC2)C(=O)N1 1.0000000 1.0000 0.8490614 0.8491 0.8888975 3.6453
 | 12.5015 60.9397 56.7031 0.9190844 C=c1nc(N)[nH]c(=O)c1=C(O)C=CC=CN1CN(CCO)CC1=O 1 C=c1nc[nH]c(=O)c1=CC=CC=CN1CNCC1=O 1.0000000 1.0000 0.8730733 0.8731 0.8142861 4.0371
01:55:20 <INFO> Score: 0.72 Agent NLL: 15.75 Valid: 100% Step: 321
 | Agent Prior Target Score SMILES SMILES_state Scaffold DASA DASA (raw) Solubility Solubility (raw) SA SA (raw)
 | 16.3418 66.8252 42.3070 0.8525958 CC1=NOC(=O)C1=CC=c1oc(=C(O)C=CC=CN2CCNC2)c(=O)n1C 1 O=C1ON=CC1=CC=c1[nH]c(=O)c(=CC=CC=CN2CCNC2)o1 1.0000000 1.0000 0.7569086 0.7569 0.7048161 4.4330
 | 20.2355 56.2940 59.6494 0.9058080 COC(=O)C1CN(C=CC=CC(O)=C2C(=O)NN(C)C2=O)C1 1 O=C1NNC(=O)C1=CC=CC=CN1CCC1 1.0000000 1.0000 0.7937712 0.7938 0.8911954 3.6300
 | 18.1150 64.2189 45.9626 0.8607935 CN(C)C=CC=c1[nH]c(=O)c(=C(O)C=CC=CN2C=CN(CCO)C2)c(=O)[nH]1 1 C=c1[nH]c(=O)c(=CC=CC=CN2C=CNC2)c(=O)[nH]1 1.0000000 1.0000 0.8001946 0.8002 0.6723995 4.5316
 | 13.3224 53.4345 55.6911 0.8525435 O=C1NCCOC1=C(O)C=CC=CN1CC=CC(O)C1=O 1 O=C1NCCOC1=CC=CC=CN1CC=CCC1=O 1.0000000 1.0000 0.7789356 0.7789 0.6700916 4.5384
 | 19.8887 71.7049 42.1202 0.8892584 Cn1[nH]c(=O)c(=C(O)C=CC=CN2CCC(=O)N(CCO)C2)c1=CC(O)=NO 1 C=c1[nH][nH]c(=O)c1=CC=CC=CN1CCC(=O)NC1 1.0000000 1.0000 0.8303927 0.8304 0.7475679 4.2927
 | 13.3734 50.7771 51.0798 0.7957571 CC1(C)OC(=O)C(=CC=C2OC(=C(O)C=CC=CN3CCOCC3)C2=O)C(=O)O1 1 O=C1OCOC(=O)C1=CC=C1OC(=CC=CC=CN2CCOCC2)C1=O 1.0000000 1.0000 0.5511214 0.5511 0.8548992 3.8446
 | 9.9968 74.4240 -74.4240 0.0000000 O=C1NNC(=O)C1=c1c(=O)[nH]c(=O)[nH]c(=O)c1=C(O)C=CC=CN1CCC(O)C1 1 O=C1NNC(=O)C1=c1c(=O)[nH]c(=O)[nH]c(=O)c1=CC=CC=CN1CCCC1 1.0000000 1.0000 0.9165939 0.9166 0.7134846 4.4056
 | 11.6974 59.9253 53.2544 0.8842170 CN1C=CN(C=CC=CC(O)=C2C(=O)NNC2=O)C1 1 O=C1NNC(=O)C1=CC=CC=CN1C=CNC1 1.0000000 1.0000 0.7987074 0.7987 0.7767040 4.1879
 | 16.0965 57.7485 46.6828 0.8158699 CC(=O)N=C1NC(=O)C(=C(O)C=CC=CN2CC=CC(=O)N2)CS1 1 N=C1NC(=O)C(=CC=CC=CN2CC=CC(=O)N2)CS1 1.0000000 1.0000 0.6750403 0.6750 0.6834122 4.4987
 | 17.0088 64.5698 52.3291 0.9132721 CN1C(=O)C(=C(O)C=CC=CN2CC(=O)NC(=O)C2C(=O)O)C1=O 1 O=C1CN(C=CC=CC=C2C(=O)NC2=O)CC(=O)N1 1.0000000 1.0000 0.8484040 0.8484 0.8281258 3.9757
01:55:21 <INFO> Score: 0.72 Agent NLL: 16.79 Valid: 100% Step: 322
 | Agent Prior Target Score SMILES SMILES_state Scaffold DASA DASA (raw) Solubility Solubility (raw) SA SA (raw)
 | 7.9114 56.1228 -56.1228 0.0000000 O=C1NC(=O)C(=C(O)C=CC=CN2CCSCC2)C(N2CCOCC2)C(=O)N1 1 O=C1NC(=O)C(=CC=CC=CN2CCSCC2)C(N2CCOCC2)C(=O)N1 1.0000000 1.0000 0.6875270 0.6875 0.8188558 4.0172
 | 10.9576 50.4800 65.8250 0.9086323 O=C1NC(O)NC(=O)C1=C(O)C=CC=CN1CCCC1 1 O=C1NCNC(=O)C1=CC=CC=CN1CCCC1 1.0000000 1.0000 0.8032934 0.8033 0.8871725 3.6566
 | 8.3664 75.6189 -75.6189 0.0000000 O=C1NC(=O)C(=c2c(=O)[nH]c(=O)[nH]c(=O)c2=C(O)C=CC=CN2CCC2=O)C(=O)N1 1 O=C1NC(=O)C(=c2c(=O)[nH]c(=O)[nH]c(=O)c2=CC=CC=CN2CCC2=O)C(=O)N1 1.0000000 1.0000 0.9006746 0.9007 0.8719404 3.7504
 | 10.5106 55.2952 55.3976 0.8647876 CC(C)N1NC(=O)C(=C(O)C=CC=CN2CC=CC2=O)C1=O 1 O=C1NNC(=O)C1=CC=CC=CN1CC=CC1=O 1.0000000 1.0000 0.7135469 0.7135 0.8419480 3.9103
 | 14.8394 71.2469 46.6022 0.9206956 O=C1NN(CCO)C(=O)C1=C(O)C=CC=CN1CC(=O)C(O)C(=O)C1 1 O=C1CC(=O)CN(C=CC=CC=C2C(=O)NNC2=O)C1 1.0000000 1.0000 0.8799211 0.8799 0.8106490 4.0527
 | 16.0657 58.2494 44.9523 0.8062639 CCCCN1CN(C)C(=O)N(C=CC=CC(O)=C2OC(CO)N(C)C2=O)C1 1 O=C1NCOC1=CC=CC=CN1CNCNC1=O 1.0000000 1.0000 0.6352365 0.6352 0.7142798 4.4031
 | 23.7496 76.8926 14.5558 0.7144409 CN(C)C=CC=CC1OC(=C(O)C=CC=CN2C(=N)SCC2C(=O)O)C(=O)N(C)C1=O 1 N=C1SCCN1C=CC=CC=C1OCC(=O)NC1=O 1.0000000 1.0000 0.5556904 0.5557 0.4784819 5.0561
 | 19.9972 81.6824 34.9490 0.9111831 CC(=C(O)OCCN1NC(=O)C(=C(O)C=CC=CN2CC(=O)NC(=O)C2=O)C1=O)N(CCO)CCO 1 O=C1CN(C=CC=CC=C2C(=O)NNC2=O)C(=O)C(=O)N1 1.0000000 1.0000 0.8553558 0.8554 0.8066270 4.0696
 | 9.0061 47.5803 45.8408 0.7298523 O=C1NC(=O)C(=C(O)C=CC=CN2CCSCC2)SS1 1 O=C1NC(=O)C(=CC=CC=CN2CCSCC2)SS1 1.0000000 1.0000 0.4416232 0.4416 0.8000972 4.0965
 | 12.8048 56.4850 39.5709 0.7504368 CC1CSCCN1C=CC=CC(O)=C1NS(=O)ONC1=O 1 O=C1NOS(=O)NC1=CC=CC=CN1CCSCC1 1.0000000 1.0000 0.6913497 0.6913 0.4225984 5.2033
01:55:22 <INFO> Score: 0.73 Agent NLL: 15.97 Valid: 100% Step: 323
 | Agent Prior Target Score SMILES SMILES_state Scaffold DASA DASA (raw) Solubility Solubility (raw) SA SA (raw)
 | 11.9124 66.0308 50.5701 0.9109445 CON=C1C(=O)NC(=O)NC(=O)C1=C(O)C=CC=CN1CC(O)C1 1 N=C1C(=O)NC(=O)NC(=O)C1=CC=CC=CN1CCC1 1.0000000 1.0000 0.8125717 0.8126 0.8812005 3.6946
 | 16.6320 71.4094 42.8618 0.8927434 COC1NC(=O)CN(C=CC=CC(O)=c2c(=O)[nH][nH]c2=C2C(=O)NC(=O)NC2=O)C1=O 1 O=C1CN(C=CC=CC=c2c(=O)[nH][nH]c2=C2C(=O)NC(=O)NC2=O)C(=O)CN1 1.0000000 1.0000 0.9022212 0.9022 0.6599591 4.5680
 | 8.5458 55.8956 -55.8956 0.0000000 O=C1NC=NNC(=O)C1=C(O)C=CC=CN1CC=CC1=O 1 O=C1NC=NNC(=O)C1=CC=CC=CN1CC=CC1=O 1.0000000 1.0000 0.8000465 0.8000 0.7662874 4.2264
 | 15.1701 87.7678 29.3405 0.9149087 CCn1c(=O)[nH]c(=C2C(=O)NC(=O)NC2=O)c(=C(O)C=CC=CN2CCC(=O)NOC2)c1=O 1 O=C1CCN(C=CC=CC=c2c(=O)[nH]c(=O)[nH]c2=C2C(=O)NC(=O)NC2=O)CON1 1.0000000 1.0000 0.8643901 0.8644 0.8090795 4.0593
 | 17.3053 64.1300 47.8826 0.8750983 O=C1CC(O)C(=C(O)C=CC=CN2C=C(CO)CN(CCO)C2)C(=O)N1 1 O=C1CCC(=CC=CC=CN2C=CCNC2)C(=O)N1 1.0000000 1.0000 0.8197352 0.8197 0.7028612 4.4391
 | 10.8541 63.2542 54.5777 0.9205621 N=C1C(=C(O)C=CC=CN2CC(=O)N(CCO)CC2=O)C(=O)NN1CCO 1 N=C1NNC(=O)C1=CC=CC=CN1CC(=O)NCC1=O 1.0000000 1.0000 0.8637276 0.8637 0.8367953 3.9352
 | 10.4461 47.4273 45.7844 0.7282161 O=C1Nc2ccccc2C1=C(O)C=CC=CN1CC=CO1 1 O=C1Nc2ccccc2C1=CC=CC=CN1CC=CO1 1.0000000 1.0000 0.4118319 0.4118 0.8935242 3.6142
 | 14.4401 53.0686 55.5766 0.8487903 O=C1NS(=O)(=O)NC1=C(O)C=CC=CN1CNCc2ccccc21 1 O=C1NS(=O)(=O)NC1=CC=CC=CN1CNCc2ccccc21 1.0000000 1.0000 0.6694949 0.6695 0.8533840 3.8526
 | 37.2503 97.7337 -0.9235 0.7563297 COC(=O)NC(=C(C1OCCO1)N1NC(=O)C(=C(O)C=CC=CN2C=CC(O)=CC2)N1)N1CCCC1 1 O=C1NN(C(=CN2CCCC2)C2OCCO2)NC1=CC=CC=CN1C=CC=CC1 1.0000000 1.0000 0.5506044 0.5506 0.6557888 4.5801
 | 11.3033 55.7980 56.5484 0.8777059 CCOC(=O)N1CCN(C=CC=CC(O)=C2NN(C)NC2=O)C1 1 O=C1NNNC1=CC=CC=CN1CCNC1 1.0000000 1.0000 0.7428373 0.7428 0.8482393 3.8790
01:55:23 <INFO> Score: 0.74 Agent NLL: 17.38 Valid: 100% Step: 324
 | Agent Prior Target Score SMILES SMILES_state Scaffold DASA DASA (raw) Solubility Solubility (raw) SA SA (raw)
 | 19.2830 92.4664 18.9606 0.8705230 Cn1c(=C(O)C=CC=O)[nH]c(=O)c(=C(O)C=CC=CN2C(=O)C(=O)NCC2=CO)c1=O 1 C=C1CNC(=O)C(=O)N1C=CC=CC=c1c(=O)[nH]c(=C)[nH]c1=O 1.0000000 1.0000 0.8299548 0.8300 0.6691155 4.5413
 | 21.8550 78.0991 35.1898 0.8850694 COC1=NOC(=O)C1=c1[nH]c(=S)[nH]c(=O)c1=C(O)C=CC=CN1CN(CCO)C(=O)C1=O 1 O=C1NCN(C=CC=CC=c2c(=O)[nH]c(=S)[nH]c2=C2C=NOC2=O)C1=O 1.0000000 1.0000 0.8197560 0.8198 0.7459038 4.2985
 | 12.9525 46.7181 62.1698 0.8506865 O=C1NC(=O)c2ccccc2C1=C(O)C=CC=CN1CC(O)C1 1 O=C1NC(=O)c2ccccc2C1=CC=CC=CN1CCC1 1.0000000 1.0000 0.6358584 0.6359 0.9449514 3.1480
 | 12.4578 51.4776 -51.4776 0.0000000 O=C1CNC(=O)C(=C(O)C=CC=CN(CCO)CCO)N1 1 C=C1NC(=O)CNC1=O 1.0000000 1.0000 0.8761971 0.8762 0.8745145 3.7352
 | 11.5345 60.6850 -60.6850 0.0000000 CN1CN1C=CC=CC(O)=C1NC(=O)CNC1=O 1 O=C1CNC(=O)C(=CC=CC=CN2CN2)N1 1.0000000 1.0000 0.8367874 0.8368 0.6996899 4.4490
 | 16.5719 56.7002 49.4389 0.8292112 CCN1CN(C=CC=CC(O)=C2OC=C(C(=O)OC)N(C)C2=O)C1=O 1 O=C1NC=COC1=CC=CC=CN1CNC1=O 1.0000000 1.0000 0.6396492 0.6396 0.8176998 4.0223
 | 10.9725 51.7107 48.3686 0.7818695 CN1CC=CN(C=CC=CC(O)=C2OC(C)(C)N(C)C2=O)C1 1 O=C1NCOC1=CC=CC=CN1C=CCNC1 1.0000000 1.0000 0.5690483 0.5690 0.7369601 4.3289
 | 11.1697 49.4082 67.3662 0.9123002 CN1CCN(C=CC=CC(O)=C2C(=O)NC(=O)NC2=O)C1 1 O=C1NC(=O)C(=CC=CC=CN2CCNC2)C(=O)N1 1.0000000 1.0000 0.7987869 0.7988 0.9151013 3.4511
 | 8.2693 50.8941 -50.8941 0.0000000 CNC=CC=CC(O)=C1C(=O)NC(=O)NC(=O)C1C 1 C=C1CC(=O)NC(=O)NC1=O 1.0000000 1.0000 0.7695139 0.7695 0.8331801 3.9523
 | 8.5763 56.2643 -56.2643 0.0000000 O=C1CN(C=CC=CC(O)=C2C(=O)NNNC2=O)C(=O)C(=O)N1 1 O=C1CN(C=CC=CC=C2C(=O)NNNC2=O)C(=O)C(=O)N1 1.0000000 1.0000 0.9036278 0.9036 0.8254375 3.9879
01:55:23 <INFO> Sampled SMILES O=C1NC(=O)C(=C(O)C=C(C=CN(CCO)CCO)C)C=1 failed to sanitize.
01:55:24 <INFO> Score: 0.71 Agent NLL: 17.20 Valid:  99% Step: 325
 | Agent Prior Target Score SMILES SMILES_state Scaffold DASA DASA (raw) Solubility Solubility (raw) SA SA (raw)
 | 22.8692 87.2824 16.6865 0.8122572 O=C1NC(=C(O)C=CC=CN(CCO)CCO)COC1=C(O)C=CC=CN1CCNCC1C(=O)O 1 C=C1COC(=CC=CC=CN2CCNCC2)C(=O)N1 1.0000000 1.0000 0.7230638 0.7231 0.5920143 4.7575
 | 15.4527 61.6424 54.4399 0.9068929 NCCCC(C(=O)O)N1NC(=O)C(=C(O)C=CC=CN2CC(=O)NC(=O)C2=O)C1=O 1 O=C1CN(C=CC=CC=C2C(=O)NNC2=O)C(=O)C(=O)N1 1.0000000 1.0000 0.8694522 0.8695 0.7646963 4.2322
 | 24.8699 90.0134 9.8423 0.7801224 CN(C=CC=CC(O)=C1C(=O)NC(=O)C1=C1C(=N)C(=C(O)C=CC=CN2CCCC2)C(=O)N1O)CCO 1 C=C1C(=O)NC(=O)C1=C1NC(=O)C(=CC=CC=CN2CCCC2)C1=N 1.0000000 1.0000 0.5529167 0.5529 0.7659489 4.2277
 | 12.7371 48.5632 38.6091 0.6810339 O=C1NN(c2ccccc2)NC1=C(O)C=CC=CN1CCc2ccccc21 1 O=C1NN(c2ccccc2)NC1=CC=CC=CN1CCc2ccccc21 1.0000000 1.0000 0.3289737 0.3290 0.9313305 3.3015
 | 14.4331 48.2234 62.1036 0.8619293 O=C1NC(=O)C(=C(O)C=CC=CN2CC(O)C(O)C(CO)C2)N1 1 O=C1NC(=O)C(=CC=CC=CN2CCCCC2)N1 1.0000000 1.0000 0.8515684 0.8516 0.6072142 4.7162
 | 34.8775 78.6051 1.0839 0.6225702 C=CC(C)=C1N=CCC(OC(C)=O)N1C=CC=CC(O)=C1OC(=C)C1=O 1 C=C1OC(=CC=CC=CN2CCC=NC2=C)C1=O 1.0000000 1.0000 0.3532518 0.3533 0.5132644 4.9654
 | 13.1151 58.7297 53.4273 0.8762270 C=c1c(=C(O)C=CC=CN2CC(=O)C(O)C(O)C2)c(=O)n(C)c(=O)n1C 1 C=c1[nH]c(=O)[nH]c(=O)c1=CC=CC=CN1CCCC(=O)C1 1.0000000 1.0000 0.8848164 0.8848 0.6190766 4.6836
 | 13.6551 74.8535 41.5198 0.9091671 CCn1c(=O)[nH]c(=COCCF)c(=C(O)C=CC=CN2CC(=O)NC(=O)C2=O)c1=O 1 C=c1[nH]c(=O)[nH]c(=O)c1=CC=CC=CN1CC(=O)NC(=O)C1=O 1.0000000 1.0000 0.8490800 0.8491 0.8076428 4.0653
 | 12.9173 57.5648 57.4890 0.8988574 CN1C(=O)NC(=O)C1=C(O)C=CC=CN1CC(=O)NCCN1 1 O=C1CN(C=CC=CC=C2NC(=O)NC2=O)NCCN1 1.0000000 1.0000 0.8209328 0.8209 0.8069345 4.0683
 | 28.3673 86.9868 22.6521 0.8565536 CC=C(C[N+](=O)[O-])N1NC(=O)C(=C(O)C=CC=CN2CN(CCO)C(=O)NC2=NCCO)C1=O 1 N=C1NC(=O)NCN1C=CC=CC=C1C(=O)NNC1=O 1.0000000 1.0000 0.7886841 0.7887 0.6720179 4.5327
01:55:25 <INFO> Score: 0.76 Agent NLL: 17.57 Valid:  99% Step: 326
 | Agent Prior Target Score SMILES SMILES_state Scaffold DASA DASA (raw) Solubility Solubility (raw) SA SA (raw)
 | 9.8347 57.6746 49.0616 0.8338762 O=C1NC=NNC1=C(O)C=CC=CN1CC=C(O)CC1 1 O=C1NC=NNC1=CC=CC=CN1CC=CCC1 1.0000000 1.0000 0.7168242 0.7168 0.6899397 4.4790
 | 17.4367 57.8198 39.7745 0.7624558 C=C1C(O)C(=C(O)C=CC=CN2C=CC(O)=CC2)C(=O)N1C 1 C=C1CC(=CC=CC=CN2C=CC=CC2)C(=O)N1 1.0000000 1.0000 0.6078033 0.6078 0.5754953 4.8018
 | 18.2665 59.1343 51.6947 0.8658518 CN(C)C1=NC(=O)C(=C(O)C=CC=CN2CC=[N+](C)CC2)C(=O)N1 1 O=C1N=CNC(=O)C1=CC=CC=CN1CC=[NH+]CC1 1.0000000 1.0000 0.7722118 0.7722 0.7379718 4.3255
 | 19.8444 66.6120 35.0060 0.7938905 COC(OC)=C1C=CNC(=O)C(C=O)=C(O)C=CC=CN2CN12 1 C=C1C=CNC(=O)C=CC=CC=CN2CN12 1.0000000 1.0000 0.6842733 0.6843 0.5782177 4.7945
 | 18.4379 72.4918 28.4919 0.7889352 CCOC(OC)N1CN(C=CC=CC(O)=C2NS(=O)(=O)C(CO)NC2=O)C1=O 1 O=C1NCS(=O)(=O)NC1=CC=CC=CN1CNC1=O 1.0000000 1.0000 0.7931307 0.7931 0.4321291 5.1780
 | 27.2852 97.2197 0.4599 0.7631217 CC=CC=C(C)n1c(=COCOC)[nH]c(=O)c(=C(O)C=CC=CN2C(=O)OCC2COC(N)=O)c1=O 1 C=c1[nH]c(=O)c(=CC=CC=CN2CCOC2=O)c(=O)[nH]1 1.0000000 1.0000 0.6484996 0.6485 0.5161495 4.9579
 | 33.5508 70.9267 24.6142 0.7464134 CC1=CC(=O)C=CC12OC(=O)N2C=CC=CC(O)=C1C(=O)NC(=S)N1CCO 1 O=C1C=CC2(C=C1)OC(=O)N2C=CC=CC=C1NC(=S)NC1=O 1.0000000 1.0000 0.6276627 0.6277 0.4865426 5.0351
 | 22.6243 72.6615 38.6436 0.8695712 NCCN1CCC(=C(O)C=CC=CN2CN(O)C2=O)C(=O)N1 1 O=C1NNCCC1=CC=CC=CN1CNC1=O 1.0000000 1.0000 0.7873348 0.7873 0.7295800 4.3534
 | 9.1625 66.6793 -66.6793 0.0000000 O=C1NN(CCO)C(=O)C1=C(O)C=CC=CN1CC(=O)N(CCO)C(=O)C1=O 1 O=C1CN(C=CC=CC=C2C(=O)NNC2=O)C(=O)C(=O)N1 1.0000000 1.0000 0.8963104 0.8963 0.8760893 3.7258
 | 23.2549 71.1551 30.5499 0.7945707 CCCNC(=O)OCC1=C(C(=O)[O-])N2C(=C(O)C=CC=CN3C=CC(O)=CC3)C(=O)NC12 1 O=C1NC2C=CN2C1=CC=CC=CN1C=CC=CC1 1.0000000 1.0000 0.6910185 0.6910 0.5709380 4.8139
01:55:26 <INFO> Score: 0.80 Agent NLL: 16.49 Valid: 100% Step: 327
 | Agent Prior Target Score SMILES SMILES_state Scaffold DASA DASA (raw) Solubility Solubility (raw) SA SA (raw)
 | 37.6900 86.5274 9.5694 0.7507567 N=C(CN1NC(=O)C(=C(O)C=CC=CN2C=CC3CCC(O)CC32)C1=O)NOC(=O)NCCCCN=C(N)N 1 O=C1NNC(=O)C1=CC=CC=CN1C=CC2CCCCC21 1.0000000 1.0000 0.6842709 0.6843 0.4312426 5.1803
 | 12.4446 51.0185 54.1752 0.8218257 CN1C(=O)C(=C(O)C=CC=CN2CC(O)C(O)C2)OC1(C)C 1 O=C1NCOC1=CC=CC=CN1CCCC1 1.0000000 1.0000 0.7404982 0.7405 0.6038465 4.7254
 | 15.8258 63.9539 46.8081 0.8653284 CN1NC(=O)C(=C(O)C=CC=CN2CCC=N2)C(=O)NC1=N 1 N=C1NNC(=O)C(=CC=CC=CN2CCC=N2)C(=O)N1 1.0000000 1.0000 0.7816176 0.7816 0.7202113 4.3841
 | 15.9354 48.5284 67.5012 0.9064816 CN1CCNC(=C(O)C=CC=CN2CCNC(=O)C2)C1=O 1 O=C1CN(C=CC=CC=C2NCCNC2=O)CCN1 1.0000000 1.0000 0.8064610 0.8065 0.8701892 3.7605
 | 27.7670 70.7159 20.7760 0.7147803 CONCC1C(=O)C1=C(O)C=CC=CN1CC=CC(Br)C1 1 O=C1CC1=CC=CC=CN1CC=CCC1 1.0000000 1.0000 0.5447353 0.5447 0.4966855 5.0086
 | 12.4700 75.2331 40.5613 0.9046437 N=C1C(=O)NC(=O)NC(=O)C1=C(O)C=CC=CN1CC(=O)N(CCO)CC(N)C1=O 1 N=C1C(=O)NC(=O)NC(=O)C1=CC=CC=CN1CC(=O)NCCC1=O 1.0000000 1.0000 0.8636420 0.8636 0.7637004 4.2358
 | 13.1648 58.6160 54.5123 0.8838144 CC1=NNC(=C(O)C=CC=CN2CCNC2)C(=O)N1 1 O=C1NC=NNC1=CC=CC=CN1CCNC1 1.0000000 1.0000 0.7956859 0.7957 0.7800054 4.1755
 | 17.1436 62.0484 50.8493 0.8820133 COCCCN1NC(=O)C(=C(O)C=CC=CN2CCNC2=NC(C)=O)C1=O 1 N=C1NCCN1C=CC=CC=C1C(=O)NNC1=O 1.0000000 1.0000 0.7624729 0.7625 0.8314798 3.9602
 | 18.0869 59.6463 54.4302 0.8912224 CN1C(=O)NC(=O)C(=C(O)C=CC=CN2CC(CO)OC2=O)C1=O 1 O=C1NC(=O)C(=CC=CC=CN2CCOC2=O)C(=O)N1 1.0000000 1.0000 0.7814260 0.7814 0.8411496 3.9142
 | 7.6411 43.1729 -43.1729 0.0000000 CN1C(=O)NC(=O)C1=C(O)C=CC=CN1CC1 1 O=C1NC(=O)C(=CC=CC=CN2CC2)N1 1.0000000 1.0000 0.7701072 0.7701 0.8955436 3.6003
01:55:26 <INFO> Score: 0.74 Agent NLL: 15.63 Valid: 100% Step: 328
 | Agent Prior Target Score SMILES SMILES_state Scaffold DASA DASA (raw) Solubility Solubility (raw) SA SA (raw)
 | 9.8860 61.5969 56.8432 0.9253140 CN1NC(=O)C(=C(O)C=CC=CN2CC(=O)N(CCO)C(=O)C2=O)N=C1N 1 O=C1CN(C=CC=CC=C2N=CNNC2=O)C(=O)C(=O)N1 1.0000000 1.0000 0.8790417 0.8790 0.8336837 3.9499
 | 11.8302 45.4134 69.3095 0.8962722 O=C1CCN(C=CC=CC(O)=C2NC(=O)NC2=O)C1 1 O=C1CCN(C=CC=CC=C2NC(=O)NC2=O)C1 1.0000000 1.0000 0.7818214 0.7818 0.8657080 3.7860
 | 12.3600 63.2160 54.2656 0.9178250 NC1=NNC(=C(O)C=CC=CN2CN(CCO)CC2=O)C(=O)N1 1 O=C1NC=NNC1=CC=CC=CN1CNCC1=O 1.0000000 1.0000 0.8782266 0.8782 0.8001618 4.0963
 | 9.5327 70.9408 49.7990 0.9432794 CN1C(=O)C(=O)C(=c2c(=O)[nH]c(=O)[nH]c(=O)c2=C(O)C=CC=CN2CC2)C1=O 1 O=C1NC(=O)C(=c2c(=O)[nH]c(=O)[nH]c(=O)c2=CC=CC=CN2CC2)C1=O 1.0000000 1.0000 0.8999602 0.9000 0.8850566 3.6703
 | 17.1686 67.5089 45.5865 0.8835580 O=C1NC(N(CCO)CCO)=NC1=C(O)C=CC=CN1C(=O)NCC1C(=O)O 1 O=C1NC=NC1=CC=CC=CN1CCNC1=O 1.0000000 1.0000 0.8501191 0.8501 0.6936564 4.4676
 | 14.4504 55.6242 53.5062 0.8525818 NC1CN(C=CC=CC(O)=C2SCNC2=O)CN(CCO)C1 1 O=C1NCSC1=CC=CC=CN1CCCNC1 1.0000000 1.0000 0.7843062 0.7843 0.6622385 4.5614
 | 15.5052 61.8866 49.3133 0.8687491 C=C1CCN(C)CN1C=CC=CC(O)=C1C(=O)N=C(NC(C)=O)NNC1=O 1 C=C1CCNCN1C=CC=CC=C1C(=O)N=CNNC1=O 1.0000000 1.0000 0.7327172 0.7327 0.8232972 3.9975
 | 27.3941 83.3379 24.4210 0.8418659 NCCC1NC(=O)C(=C(O)C=CC=CN2CC(=O)N(CCS(=O)(=O)O)N(CCO)C2=O)CO1 1 O=C1CN(C=CC=CC=C2COCNC2=O)C(=O)NN1 1.0000000 1.0000 0.8132187 0.8132 0.5816508 4.7853
 | 26.8947 69.8708 38.4745 0.8464475 CN1C(=O)C(=C(O)C=CC=CN2CC(C)([N+](=O)[O-])C(=O)C2=O)C(=O)N1OS(=O)(=O)O 1 O=C1CCN(C=CC=CC=C2C(=O)NNC2=O)C1=O 1.0000000 1.0000 0.8007019 0.8007 0.6149306 4.6951
 | 8.3637 45.5171 68.6558 0.8919752 O=C1NC=NNC1=C(O)C=CC=CN1CCOCC1 1 O=C1NC=NNC1=CC=CC=CN1CCOCC1 1.0000000 1.0000 0.7896499 0.7896 0.8295483 3.9691
01:55:27 <INFO> Score: 0.79 Agent NLL: 17.67 Valid: 100% Step: 329
 | Agent Prior Target Score SMILES SMILES_state Scaffold DASA DASA (raw) Solubility Solubility (raw) SA SA (raw)
 | 30.4160 33.0079 -32.9897 0.0001415 CC(=CCN=C(N)N)CCN1N=CCC1=O 1 O=C1CC=NN1 0.0000000 0.0000 0.8249286 0.8249 0.8672934 3.7771
 | 16.3666 76.9872 32.9800 0.8591189 COCC1=NOC(=O)CN1C=CC=CC(O)=C1C(=O)NCC(O)NC1=O 1 O=C1CN(C=CC=CC=C2C(=O)NCCNC2=O)C=NO1 1.0000000 1.0000 0.8396435 0.8396 0.6118056 4.7037
 | 35.3246 95.1868 9.6516 0.8190501 CNC(=CC1(C)C(=O)N(CCO)CN1C=CC=CC(O)=c1oc(=C2C(=O)CCN2CCO)[nH]c1=O)CO 1 O=C1CN(C=CC=CC=c2oc(=C3NCCC3=O)[nH]c2=O)CN1 1.0000000 1.0000 0.8446656 0.8447 0.4711742 5.0752
 | 10.4414 59.4696 53.2443 0.8805771 CC1NC(=O)C(=C(O)C=CC=CN2CC(=O)NC(=O)C2=O)C(O)C1=O 1 O=C1CNC(=O)C(=CC=CC=CN2CC(=O)NC(=O)C2=O)C1 1.0000000 1.0000 0.8602042 0.8602 0.6675380 4.5459
 | 12.2507 65.2165 49.4000 0.8954412 O=CN1C=CN(C=CC=CC(O)=C2C(=O)NCC(=O)NC2=O)C1 1 O=C1CNC(=O)C(=CC=CC=CN2C=CNC2)C(=O)N1 1.0000000 1.0000 0.8265570 0.8266 0.7815689 4.1695
 | 30.9762 88.0041 13.5895 0.7936999 CN(C=O)CSC1OC(=O)CN1C=CC=CC(O)=C1C(=O)NCC(N)NC1=O 1 O=C1CN(C=CC=CC=C2C(=O)NCCNC2=O)CO1 1.0000000 1.0000 0.8233037 0.8233 0.4177971 5.2162
 | 16.7734 59.2597 50.4523 0.8571247 CN1C=NN(C=CC=CC(O)=C2C(=O)NC(=O)C2O)C1 1 O=C1CC(=CC=CC=CN2CNC=N2)C(=O)N1 1.0000000 1.0000 0.8312564 0.8313 0.6150986 4.6946
 | 13.9343 54.5825 35.0978 0.7006278 CN1NC(=O)C(=C(O)C=CC=CN2C=CC(O)=CC2)c2ccccc21 1 O=C1NNc2ccccc2C1=CC=CC=CN1C=CC=CC1 1.0000000 1.0000 0.3758916 0.3759 0.8559514 3.8391
 | 22.2525 17.7843 -17.7679 0.0001282 Cc1cc(=O)oc2ccc(O)cc12 1 O=c1ccc2ccccc2o1 0.0000000 0.0000 0.5677777 0.5678 0.9902461 1.9902
 | 11.5604 58.6665 50.3786 0.8519152 C=C1CN(CCO)CN(C=CC=CC(O)=C2SC(=O)NC2=O)C1=O 1 C=C1CNCN(C=CC=CC=C2SC(=O)NC2=O)C1=O 1.0000000 1.0000 0.6953505 0.6954 0.8141872 4.0375
01:55:28 <INFO> Sampled SMILES CN1C(=O)C(=C(O)C=CC=CN2CC=N(C)C(=O)C2=O)C(=O)O1 failed to sanitize.
01:55:28 <INFO> Sampled SMILES N1C(=O)C(=C(O)C=CC=CN2CC(=O)N3CC(=C(C=CC=CC)=O)C(=O)N=C3S2)N(C)C1=C1C=CN(C)N=C1 failed to sanitize.
01:55:28 <INFO> Sampled SMILES N1C(=O)C(=C(O)C=CC=CN2CC=ON2)N(C)CC1 failed to sanitize.
01:55:28 <INFO> Score: 0.75 Agent NLL: 17.26 Valid:  98% Step: 330
 | Agent Prior Target Score SMILES SMILES_state Scaffold DASA DASA (raw) Solubility Solubility (raw) SA SA (raw)
 | 18.2402 65.8980 48.6405 0.8948324 O=C1NC(=O)C(=C(O)C=CC=CN2CC(=O)N(CCO)C2)C(N2CCOCC2)C(=O)N1 1 O=C1CN(C=CC=CC=C2C(=O)NC(=O)NC(=O)C2N2CCOCC2)CN1 1.0000000 1.0000 0.8209015 0.8209 0.7881967 4.1439
 | 22.4986 73.3391 37.0303 0.8622605 C#CC1=C2CCNC(=O)N2C(=O)CN1C=CC=CC(O)=C1C(=O)NN1CCO 1 O=C1NNC1=CC=CC=CN1C=C2CCNC(=O)N2C(=O)C1 1.0000000 1.0000 0.7662247 0.7662 0.7319456 4.3456
 | 14.3491 78.6212 34.7008 0.8853285 CC1=NN(c2ccccc2)C(=O)C1=c1c(=O)[nH]c(=O)[nH]c(=O)c1=C(O)C=CC=CN1CCN(CCO)C(=O)C1 1 O=C1CN(C=CC=CC=c2c(=O)[nH]c(=O)[nH]c(=O)c2=C2C=NN(c3ccccc3)C2=O)CCN1 1.0000000 1.0000 0.7450563 0.7451 0.8830137 3.6833
 | 15.0218 71.2979 42.4905 0.8889716 CN(CCO)C1=NC(=C(O)C=CC=CN2CC(=O)N(CCO)C(O)C2=O)C(=O)N1 1 O=C1CN(C=CC=CC=C2N=CNC2=O)C(=O)CN1 1.0000000 1.0000 0.8788078 0.8788 0.6758451 4.5214
 | 21.9871 59.2192 45.8913 0.8211756 O=C1NC(=O)C(O)C1=C(O)C=CC=CN1CC(CCO)N(c2ccccc2)C1=O 1 O=C1CC(=CC=CC=CN2CCN(c3ccccc3)C2=O)C(=O)N1 1.0000000 1.0000 0.6385338 0.6385 0.7793228 4.1781
 | 22.6088 80.7766 32.9296 0.8883301 CCC1=NN(C=CC=CC(O)=c2c(=O)[nH]c(=C3C(=O)NNC3=O)c(=O)n2C)CC1 1 O=C1NNC(=O)C1=c1[nH]c(=O)c(=CC=CC=CN2CCC=N2)[nH]c1=O 1.0000000 1.0000 0.8389875 0.8390 0.7302024 4.3514
 | 16.1030 52.5655 -52.5655 0.0000000 CC(C=CN(C)CCO)=CC(O)=C1C(=O)NC(=O)N(C)C1=O 1 C=C1C(=O)NC(=O)NC1=O 1.0000000 1.0000 0.7701095 0.7701 0.9156263 3.4467
 | 16.3785 61.5236 37.6417 0.7747286 C=C1CCN(C(=O)OCC)CN1C=CC=CC(O)=C1CCN(C)NC1=O 1 C=C1CCNCN1C=CC=CC=C1CCNNC1=O 1.0000000 1.0000 0.5221061 0.5221 0.8165022 4.0275
 | 13.3157 54.0030 56.9421 0.8667583 CC1C(=O)OC(=C(O)C=CC=CN2CCNCC2=O)C(=O)N1C 1 O=C1CNC(=O)C(=CC=CC=CN2CCNCC2=O)O1 1.0000000 1.0000 0.7657008 0.7657 0.7531145 4.2735
 | 17.1428 74.5709 29.6231 0.8140155 O=C1NNC(=O)C(=C(O)C=CC=CN2CCC2=CC=CN(CCO)CCO)S1 1 C=C1CCN1C=CC=CC=C1SC(=O)NNC1=O 1.0000000 1.0000 0.6620292 0.6620 0.6986930 4.4521
01:55:29 <INFO> Sampled SMILES CN1C(=O)C(=C(O)C=CC=CN2CN(c3ccccc3)N=C2=COC)OCC1 failed to sanitize.
01:55:29 <INFO> Score: 0.75 Agent NLL: 17.05 Valid:  99% Step: 331
 | Agent Prior Target Score SMILES SMILES_state Scaffold DASA DASA (raw) Solubility Solubility (raw) SA SA (raw)
 | 16.9823 58.5264 50.5898 0.8524701 C=c1[nH]c(=O)[nH]c(=O)c1=C(O)C=CC=CN1COCC(O)C1O 1 C=c1[nH]c(=O)[nH]c(=O)c1=CC=CC=CN1CCCOC1 1.0000000 1.0000 0.8854025 0.8854 0.5352654 4.9080
 | 17.2568 61.9256 50.7672 0.8804123 O=C1CCN(C=CC=CC(O)=C2C(=O)NC(=O)N2CC=CCO)C(=O)N1 1 O=C1CCN(C=CC=CC=C2NC(=O)NC2=O)C(=O)N1 1.0000000 1.0000 0.7443184 0.7443 0.8590615 3.8225
 | 9.1849 60.2569 59.8127 0.9380442 CN1C(=O)C(=O)C(=c2[nH]c(=O)[nH]c(=O)c2=C(O)C=CC=CN2CC2)C1=O 1 O=C1NC(=O)C(=c2[nH]c(=O)[nH]c(=O)c2=CC=CC=CN2CC2)C1=O 1.0000000 1.0000 0.8869516 0.8870 0.8817539 3.6912
 | 16.1455 66.5671 44.9664 0.8713560 CN1NC(=O)C(=C(O)C=CC=CN2CC(=O)N(CCO)C(C)(O)C2=O)N=C1N 1 O=C1CN(C=CC=CC=C2N=CNNC2=O)C(=O)CN1 1.0000000 1.0000 0.8640582 0.8641 0.6267246 4.6624
 | 14.0718 61.5913 50.3434 0.8744903 O=C1NC(=O)C(=c2[nH]c(=S)[nH]c(=O)c2=C(O)C=CC=CN2CCCCC2)C(=O)N1 1 O=C1NC(=O)C(=c2[nH]c(=S)[nH]c(=O)c2=CC=CC=CN2CCCCC2)C(=O)N1 1.0000000 1.0000 0.7202775 0.7203 0.8781908 3.7131
 | 8.0666 46.9033 -46.9033 0.0000000 O=C1CN(C=CC=CC(O)=C2C(=O)NC(=O)NC2=O)C(=O)C(=O)N1 1 O=C1CN(C=CC=CC=C2C(=O)NC(=O)NC2=O)C(=O)C(=O)N1 1.0000000 1.0000 0.8707304 0.8707 0.9087884 3.5024
 | 12.7128 60.7094 30.6242 0.7135444 CCCCCCCCN1C(=O)NC(=O)C1=C(O)C=CC=CN1CN(C(=O)OCC)N=C1N 1 O=C1NC(=O)C(=CC=CC=CN2C=NNC2)N1 1.0000000 1.0000 0.3900256 0.3900 0.8831762 3.6822
 | 8.9421 44.3862 -44.3862 0.0000000 O=C1NC(=O)C(=C(O)C=CC=CN2CC2)C(=O)N1 1 O=C1NC(=O)C(=CC=CC=CN2CC2)C(=O)N1 1.0000000 1.0000 0.8161311 0.8161 0.9353830 3.2590
 | 15.8439 59.0607 51.1982 0.8613974 CC(C)N1NC(=O)C(=C(O)C=CC=CN2CCNC2=N)N=C1N 1 N=C1NCCN1C=CC=CC=C1N=CNNC1=O 1.0000000 1.0000 0.7683553 0.7684 0.7245776 4.3699
 | 10.8425 52.9112 -52.9112 0.0000000 O=C1NC(=O)C(=C(O)C=CC=CN2C=CC(O)=CC2)C(=O)N1 1 O=C1NC(=O)C(=CC=CC=CN2C=CC=CC2)C(=O)N1 1.0000000 1.0000 0.7100673 0.7101 0.8430737 3.9047
01:55:29 <INFO> Sampled SMILES N1C(=O)C(=C(O)C=CC=CN2CN(C)C2=O)C=C(=C[N+](=O)[O-])OC1CO failed to sanitize.
01:55:30 <INFO> Score: 0.76 Agent NLL: 16.97 Valid:  99% Step: 332
 | Agent Prior Target Score SMILES SMILES_state Scaffold DASA DASA (raw) Solubility Solubility (raw) SA SA (raw)
 | 24.9515 81.9079 31.4904 0.8859240 NCCCCNCCCNC1CN(CCO)CN(C=CC=CC(O)=C2NN=C(CO)NC2=O)C1=O 1 O=C1NC=NNC1=CC=CC=CN1CNCCC1=O 1.0000000 1.0000 0.8606628 0.8607 0.6884519 4.4835
 | 12.8843 60.7539 47.1826 0.8432538 CC1=CCN(C=CC=CC(O)=C2N=C(N)NC2=O)C(=O)O1 1 O=C1NC=NC1=CC=CC=CN1CC=COC1=O 1.0000000 1.0000 0.7081264 0.7081 0.7474585 4.2931
 | 14.1210 50.3956 57.7491 0.8448802 O=C1NC(Cl)=NNC1=C(O)C=CC=CN1CCCC1 1 O=C1NC=NNC1=CC=CC=CN1CCCC1 1.0000000 1.0000 0.6608486 0.6608 0.8521106 3.8592
 | 13.8006 59.4236 57.4731 0.9132554 O=C1CN(C=CC=CC(O)=c2ncc(=CN3CC3)[nH]c2=O)C(=O)C(=O)N1 1 O=C1CN(C=CC=CC=c2ncc(=CN3CC3)[nH]c2=O)C(=O)C(=O)N1 1.0000000 1.0000 0.8829964 0.8830 0.7721135 4.2051
 | 19.4254 64.8250 44.6146 0.8549972 O=C1CC(=O)C(=C(O)C=CC=CN2C(=O)COC2=O)C1=CN1CC1 1 O=C1CC(=O)C(=CN2CC2)C1=CC=CC=CN1C(=O)COC1=O 1.0000000 1.0000 0.6909821 0.6910 0.8389723 3.9247
 | 31.9335 95.8282 5.1664 0.7890201 C=CC1CNC(CO)CN1C=CC=CC(O)=c1c(=CC=CC=CN2CC(=O)NCC2=O)[nH]c(=O)n(C)c1=O 1 O=C1CN(C=CC=CC=c2[nH]c(=O)[nH]c(=O)c2=CC=CC=CN2CCNCC2)C(=O)CN1 1.0000000 1.0000 0.8061707 0.8062 0.4202086 5.2097
 | 16.7198 65.6495 46.6230 0.8771294 N=C1NC(=O)C(=C(O)C=CC=CN2CN(CCCO)N=CC2=O)N1 1 N=C1NC(=O)C(=CC=CC=CN2CNN=CC2=O)N1 1.0000000 1.0000 0.8232464 0.8232 0.7061663 4.4288
 | 22.8851 34.3395 -34.3209 0.0001448 CN(C=CC1=NCCN1CCO)CCO 1 C1=NCCN1 0.0000000 0.0000 0.8719392 0.8719 0.8890234 3.6445
 | 35.2173 87.7559 20.2618 0.8438878 C=C1NC(=O)C(=C(O)C=CC=CN2CCN(O)C(=O)C2)C1=C(N=CC)N(N)CCO 1 C=C1NC(=O)C(=CC=CC=CN2CCNC(=O)C2)C1=C 1.0000000 1.0000 0.7404030 0.7404 0.6941056 4.4662
 | 13.0759 60.8570 -60.8570 0.0000000 CNCN1NC(=O)C(=C(O)C=CC=CN2CCC(O)C2)C1=O 1 O=C1NNC(=O)C1=CC=CC=CN1CCCC1 1.0000000 1.0000 0.8294113 0.8294 0.7410988 4.3149
01:55:31 <INFO> Score: 0.74 Agent NLL: 15.95 Valid: 100% Step: 333
 | Agent Prior Target Score SMILES SMILES_state Scaffold DASA DASA (raw) Solubility Solubility (raw) SA SA (raw)
 | 12.7750 54.8092 55.7403 0.8636677 CCOC(=O)N1CCCN(C=CC=CC(O)=C2C(=O)NN(C)C2=O)C1 1 O=C1NNC(=O)C1=CC=CC=CN1CCCNC1 1.0000000 1.0000 0.6853365 0.6853 0.8974044 3.5872
 | 15.4811 65.8905 42.1719 0.8442372 CC(O)=C1CC(=C(O)C=CC=CN2CN(CCO)CC2=O)C(=O)N1C 1 C=C1CC(=CC=CC=CN2CNCC2=O)C(=O)N1 1.0000000 1.0000 0.6825638 0.6826 0.8020250 4.0886
 | 9.6263 55.6586 53.7137 0.8544713 CCOC(=O)N1CN(C=CC=CC(O)=C2NN=CNC2=O)C1=O 1 O=C1NC=NNC1=CC=CC=CN1CNC1=O 1.0000000 1.0000 0.7194366 0.7194 0.7792463 4.1784
 | 20.1205 67.2689 38.8721 0.8292269 COC(=O)N1CNN(C=CC=CC(O)=C2C(=O)NC(n3cc(C)c(=O)[nH]c3=O)C2O)C1 1 O=C1NC(n2ccc(=O)[nH]c2=O)CC1=CC=CC=CN1CNCN1 1.0000000 1.0000 0.7639588 0.7640 0.5993257 4.7377
 | 17.1429 72.4007 41.8463 0.8925543 CN1C=CC(=c2c(=O)[nH]c(=O)[nH]c(=O)c2=C(O)C=CC=CN2CCNC(=O)CC2)C=N1 1 O=C1CCN(C=CC=CC=c2c(=O)[nH]c(=O)[nH]c(=O)c2=C2C=CNN=C2)CCN1 1.0000000 1.0000 0.8190788 0.8191 0.7807498 4.1726
 | 22.0979 67.6476 48.8805 0.9103753 CCN1CCN(C=CC=CC(O)=c2c(=O)[nH][nH]c(=O)c2=CCO)C1 1 C=c1c(=O)[nH][nH]c(=O)c1=CC=CC=CN1CCNC1 1.0000000 1.0000 0.8451261 0.8451 0.8199639 4.0123
 | 13.2118 51.9274 52.3911 0.8149886 CC1(C)NC(=O)C(=C(O)C=CC=CN2CCC=C2O)N1 1 O=C1NCNC1=CC=CC=CN1C=CCC1 1.0000000 1.0000 0.6378060 0.6378 0.7504826 4.2826
 | 16.1407 66.4008 46.7500 0.8839906 CN1C(=O)CN(C=CC=CC(O)=C2C(=O)NCC(O)C(=O)C2O)C(=O)C1=O 1 O=C1CCNC(=O)C(=CC=CC=CN2CC(=O)NC(=O)C2=O)C1 1.0000000 1.0000 0.8779171 0.8779 0.6573648 4.5755
 | 18.3478 67.0500 41.9005 0.8511761 O=C1NC=CCC1=C(O)C=CC=CN1CN(CCO)CC1=NO 1 N=C1CNCN1C=CC=CC=C1CC=CNC1=O 1.0000000 1.0000 0.7343319 0.7343 0.7366991 4.3297
 | 21.3230 84.7109 27.6755 0.8780186 CCn1c(=O)c(=C(O)C=CC=CN2CCC2=O)c(=C2C(=O)N(C)C(=S)N(C)N2C)n(C)c1=O 1 O=C1NC(=S)NNC1=c1[nH]c(=O)[nH]c(=O)c1=CC=CC=CN1CCC1=O 1.0000000 1.0000 0.7617612 0.7618 0.8132264 4.0417
01:55:32 <INFO> Score: 0.77 Agent NLL: 17.53 Valid: 100% Step: 334
 | Agent Prior Target Score SMILES SMILES_state Scaffold DASA DASA (raw) Solubility Solubility (raw) SA SA (raw)
 | 14.2783 68.6606 44.6005 0.8848519 O=C1NC(=O)C(=c2[nH]c(=O)[nH]c(=O)c2=C(O)C=CC=CN2COc3ccccc32)N1 1 O=C1NC(=O)C(=c2[nH]c(=O)[nH]c(=O)c2=CC=CC=CN2COc3ccccc32)N1 1.0000000 1.0000 0.7513891 0.7514 0.8675751 3.7755
 | 15.3167 60.7138 50.3084 0.8673614 NC1CN(C=CC=CC(O)=C2C(=O)NC(=O)OC2CO)CN(CCO)C1 1 O=C1NC(=O)C(=CC=CC=CN2CCCNC2)CO1 1.0000000 1.0000 0.8366040 0.8366 0.6473520 4.6043
 | 21.5419 72.5131 37.8659 0.8623362 COC1=CCN(C=CC=CC(O)=C2C(=O)NN(CCOCCOCCOCCNC(C)=O)C2=O)CC1O 1 O=C1NNC(=O)C1=CC=CC=CN1CC=CCC1 1.0000000 1.0000 0.7611818 0.7612 0.7407940 4.3159
 | 29.2127 83.8733 2.2444 0.6727948 CCCCNC(=O)OC=CC=COCCN1CCC(=C(O)C=CC=CN2CC=C(OC)C(O)C2O)C(=O)N1 1 O=C1NNCCC1=CC=CC=CN1CC=CCC1 1.0000000 1.0000 0.4892777 0.4893 0.4361761 5.1672
 | 22.1749 72.4449 14.4158 0.6785993 N#CC1C(=N)N=C2N=NC1C(=C(O)C=CC=CN1CCN(CCO)C1)C(=O)N2 1 N=C1CC2N=NC(=N1)NC(=O)C2=CC=CC=CN1CCNC1 1.0000000 1.0000 0.7215462 0.7215 0.2312108 5.7827
 | 24.4677 72.4409 28.3826 0.7876834 CC1CC1=C1C(=O)N(C)C(=O)C1=C(O)C=CC=CN1CCCNC1=N 1 N=C1NCCCN1C=CC=CC=C1C(=O)NC(=O)C1=C1CC1 1.0000000 1.0000 0.5849688 0.5850 0.7300696 4.3518
 | 19.5841 62.9476 48.0931 0.8675056 CCOC(=O)N1CN(CCO)CN(C=CC=CC(O)=C2OC(CO)(CO)N(C)C2=O)C1=O 1 O=C1NCOC1=CC=CC=CN1CNCNC1=O 1.0000000 1.0000 0.7524427 0.7524 0.7800115 4.1754
 | 19.3283 67.3445 42.1492 0.8554194 CCOC(=O)N1CNC(=NO)N(C=CC=CC(O)=C2NC(=N)NC2=O)C1 1 N=C1NC(=O)C(=CC=CC=CN2CNCNC2=N)N1 1.0000000 1.0000 0.7554436 0.7554 0.7195925 4.3861
 | 14.1325 57.3922 -57.3922 0.0000000 C=c1[nH]c(=O)c(=C(O)C=CC=CN2CC(C(=O)O)OCC2=O)c(=O)[nH]1 1 C=c1[nH]c(=O)c(=CC=CC=CN2CCOCC2=O)c(=O)[nH]1 1.0000000 1.0000 0.8651487 0.8651 0.6872243 4.4872
 | 21.4514 63.4248 40.2315 0.8098147 CCN1C([N+](=O)[O-])CN(C)CN1C=CC=CC(O)=C1C(=O)NN1C 1 O=C1NNC1=CC=CC=CN1CNCCN1 1.0000000 1.0000 0.7547383 0.7547 0.5406062 4.8940
01:55:32 <INFO> Score: 0.73 Agent NLL: 16.95 Valid:  99% Step: 335
 | Agent Prior Target Score SMILES SMILES_state Scaffold DASA DASA (raw) Solubility Solubility (raw) SA SA (raw)
 | 13.3077 60.4333 54.2897 0.8962728 C=c1c(=C(O)C=CC=CN2CN(C(=O)OCC)C(=O)C2=O)c(=O)[nH]n1C 1 C=c1[nH][nH]c(=O)c1=CC=CC=CN1CNC(=O)C1=O 1.0000000 1.0000 0.8007605 0.8008 0.8301975 3.9661
 | 13.7653 62.0747 54.2329 0.9086533 C=C1CNC(=O)C(=C(O)C=CC=CN2CC(=O)N(C)C(=O)C2=O)C(=O)N1 1 C=C1CNC(=O)C(=CC=CC=CN2CC(=O)NC(=O)C2=O)C(=O)N1 1.0000000 1.0000 0.8202582 0.8203 0.8554153 3.8419
 | 31.1338 82.4448 13.1235 0.7466272 NOCC(O)OC1=CNC(=O)C1=C(O)C=CC=CN1CC=C(CBr)O1 1 O=C1NC=CC1=CC=CC=CN1CC=CO1 1.0000000 1.0000 0.6592238 0.6592 0.4471852 5.1381
 | 19.5506 68.2652 32.5026 0.7872491 CCOC(=O)N1CN(C=CC=CC(O)=C2COC(C3CCC(=O)NC3=O)NC2=O)C1=O 1 O=C1CCC(C2NC(=O)C(=CC=CC=CN3CNC3=O)CO2)C(=O)N1 1.0000000 1.0000 0.6534480 0.6534 0.5997488 4.7365
 | 10.1560 57.9732 58.7821 0.9121511 CN1CCN(C=CC=CC(O)=C2C(=O)NN(CO)C2=O)C1 1 O=C1NNC(=O)C1=CC=CC=CN1CCNC1 1.0000000 1.0000 0.8361487 0.8361 0.8440235 3.9001
 | 17.2306 68.0616 40.4140 0.8474653 O=CN1CN(C=CC=CC(O)=C2NC(=O)NC2=O)C=CC(O)C1=O 1 O=C1CC=CN(C=CC=CC=C2NC(=O)NC2=O)CN1 1.0000000 1.0000 0.8205354 0.8205 0.5928839 4.7551
 | 13.6893 56.4850 -56.4850 0.0000000 CC1CSCCN1C=CC=CC(O)=C1NS(=O)ONC1=O 1 O=C1NOS(=O)NC1=CC=CC=CN1CCSCC1 1.0000000 1.0000 0.6913497 0.6913 0.4225984 5.2033
 | 13.0450 45.6454 63.0742 0.8493724 CC1COCCN1C=CC=CC(O)=C1NONC1=O 1 O=C1NONC1=CC=CC=CN1CCOCC1 1.0000000 1.0000 0.7665246 0.7665 0.6758411 4.5214
 | 12.0838 63.0121 49.2567 0.8770999 C=C1CN(CCO)CN1C=CC=CC(O)=C1C(=O)NN=C(C)NC1=O 1 C=C1CNCN1C=CC=CC=C1C(=O)NC=NNC1=O 1.0000000 1.0000 0.7721344 0.7721 0.7898505 4.1375
 | 11.7027 79.3950 32.5558 0.8746154 CN1CCN(C=CC=CC(O)=c2[nH]c(=C(O)C=CC=CN(CCO)CCO)[nH]c2=O)C1 1 C=c1[nH]c(=O)c(=CC=CC=CN2CCNC2)[nH]1 1.0000000 1.0000 0.7972526 0.7973 0.7357782 4.3328
01:55:33 <INFO> Score: 0.75 Agent NLL: 16.62 Valid: 100% Step: 336
 | Agent Prior Target Score SMILES SMILES_state Scaffold DASA DASA (raw) Solubility Solubility (raw) SA SA (raw)
 | 15.3313 70.1411 47.4126 0.9183881 CN=C1NC(=O)CN(CCO)CN1C=CC=CC(O)=C1C(=O)NC(=O)C1=O 1 N=C1NC(=O)CNCN1C=CC=CC=C1C(=O)NC(=O)C1=O 1.0000000 1.0000 0.8589105 0.8589 0.8346010 3.9456
 | 20.7527 68.2305 27.2586 0.7460086 CCOC(=O)N1Cc2ccccc2N(C=CC=CC(O)=c2[nH]c(=CCl)[nH]c2=O)C1 1 C=c1[nH]c(=O)c(=CC=CC=CN2CNCc3ccccc32)[nH]1 1.0000000 1.0000 0.4538326 0.4538 0.8557317 3.8402
 | 14.8897 63.4697 42.1702 0.8253116 CCCC(=O)N1CN(C=CC=CC(O)=C2NS(=O)ONC2=O)C1 1 O=C1NOS(=O)NC1=CC=CC=CN1CNC1 1.0000000 1.0000 0.7469223 0.7469 0.6081520 4.7137
 | 10.8479 59.1969 57.9350 0.9150927 O=C1Nc2ccccc2C1=c1c(=O)[nH]c(=O)[nH]c(=O)c1=C(O)C=CC=CN(CCO)CCO 1 C=c1c(=O)[nH]c(=O)[nH]c(=O)c1=C1C(=O)Nc2ccccc21 1.0000000 1.0000 0.8148400 0.8148 0.8980805 3.5824
 | 15.8055 29.0373 -29.0191 0.0001422 CN1C(=O)C(=NNc2ccccc2)C(=O)N1CCO 1 O=C1NNC(=O)C1=NNc1ccccc1 0.0000000 0.0000 0.7855906 0.7856 0.9701442 2.7323
 | 21.2989 67.3711 38.0368 0.8234993 CC=c1o[nH]c(=O)c1=C(O)C=C(O)C=CN1C=CN(CC)C(=O)C1 1 C=c1o[nH]c(=O)c1=CC=CC=CN1C=CNC(=O)C1 1.0000000 1.0000 0.7201070 0.7201 0.6408952 4.6227
 | 19.6088 64.6364 42.4376 0.8365157 C=C1NN(C=CC=CC(O)=C2OC(=O)C(CO)C2=O)NC1=O 1 C=C1NN(C=CC=CC=C2OC(=O)CC2=O)NC1=O 1.0000000 1.0000 0.8277646 0.8278 0.5453209 4.8816
 | 15.8566 64.2068 44.6652 0.8505627 O=C1NCC(O)C(O)C1=C(O)C=CC=CN1CN(CCO)C(O)C1=O 1 O=C1NCCCC1=CC=CC=CN1CNCC1=O 1.0000000 1.0000 0.8949670 0.8950 0.5191538 4.9501
 | 13.6739 44.5606 45.8872 0.7066230 O=C1Nc2ccccc2C1=C(O)C=CC=CN1CN2CCC1CC2 1 O=C1Nc2ccccc2C1=CC=CC=CN1CN2CCC1CC2 1.0000000 1.0000 0.3935638 0.3936 0.8259603 3.9855
 | 20.5128 63.6737 48.6522 0.8775463 C=C1CCN(CCN)CN1C=CC=CC(O)=C1C(=O)NC(=O)N1N 1 C=C1CCNCN1C=CC=CC=C1NC(=O)NC1=O 1.0000000 1.0000 0.7689636 0.7690 0.7976872 4.1063
01:55:34 <INFO> Score: 0.78 Agent NLL: 16.41 Valid: 100% Step: 337
 | Agent Prior Target Score SMILES SMILES_state Scaffold DASA DASA (raw) Solubility Solubility (raw) SA SA (raw)
 | 10.8301 51.7449 58.6705 0.8626204 CN1ONC(=C(O)C=CC=CN2CC=CN(CCO)C2)C1=O 1 O=C1NONC1=CC=CC=CN1CC=CNC1 1.0000000 1.0000 0.7762181 0.7762 0.7171036 4.3941
 | 11.7218 58.3882 58.1155 0.9101850 CN1NC(=O)C1=C(O)C=CC=CN1CN(CCO)CC1=O 1 O=C1NNC1=CC=CC=CN1CNCC1=O 1.0000000 1.0000 0.8415403 0.8415 0.8251821 3.9891
 | 17.9243 68.6811 44.6706 0.8855600 NC1C(=O)CN(C=CC=CC(O)=C2C(=O)NC=C(C(=O)O)NC2=O)C1=O 1 O=C1CC(=O)N(C=CC=CC=C2C(=O)NC=CNC2=O)C1 1.0000000 1.0000 0.8602005 0.8602 0.6876142 4.4860
 | 21.8494 72.3774 27.6417 0.7813986 CCN1C(=O)CN(C=CC=CC(O)=C2C(=O)NC3C(=O)N4CCCC(C4)N23)C(=O)C1=O 1 O=C1CN(C=CC=CC=C2C(=O)NC3C(=O)N4CCCC(C4)N23)C(=O)C(=O)N1 1.0000000 1.0000 0.7627262 0.7627 0.4399832 5.1571
 | 13.6543 71.8412 45.7020 0.9183064 CN1C(=O)C(=O)C(=c2c(=O)[nH]c(=O)[nH]c(=O)c2=C(O)C=CC=CN2CCCC2C(N)=O)C1=O 1 O=C1NC(=O)C(=c2c(=O)[nH]c(=O)[nH]c(=O)c2=CC=CC=CN2CCCC2)C1=O 1.0000000 1.0000 0.8931917 0.8932 0.7789900 4.1793
 | 9.0343 56.1092 43.1609 0.7755478 O=C1NOS(=O)NC1=C(O)C=CC=CN1CC=C(O)CC1 1 O=C1NOS(=O)NC1=CC=CC=CN1CC=CCC1 1.0000000 1.0000 0.7291233 0.7291 0.4576604 5.1106
 | 33.5477 67.8365 -67.8231 0.0001048 CN(C)C=CC(O)=C1C=C(C(O)(F)C=CC2OC(C)(C)OC(C)(C)OC2=O)C(=O)O1 1 C=C1C=C(CC=CC2OCOCOC2=O)C(=O)O1 0.0000000 0.0000 0.4715933 0.4716 0.4763117 5.0618
 | 16.0664 34.6871 -34.6692 0.0001401 CC(C)=CC(O)=C1NC(=O)NC1=O 1 C=C1NC(=O)NC1=O 0.0000000 0.0000 0.7701716 0.7702 0.9284921 3.3299
 | 15.1945 64.0228 47.3463 0.8700711 COC(=O)N1CC(=O)N(C=CC=CC(O)=c2sc(=O)c(=COC(C)=O)[nH]c2=O)C1 1 C=c1[nH]c(=O)c(=CC=CC=CN2CNCC2=O)sc1=O 1.0000000 1.0000 0.7576234 0.7576 0.7827429 4.1650
 | 13.5550 89.1472 31.1322 0.9396832 NC(N)=NCCN1CC(=O)N(C=CC=CC(O)=c2c(=O)[nH]c(=O)[nH]c(=O)c2=C2C(=O)NNC2=O)CC1=O 1 O=C1CN(C=CC=CC=c2c(=O)[nH]c(=O)[nH]c(=O)c2=C2C(=O)NNC2=O)C(=O)CN1 1.0000000 1.0000 0.9509329 0.9509 0.7877536 4.1457
01:55:35 <INFO> Score: 0.80 Agent NLL: 16.89 Valid: 100% Step: 338
 | Agent Prior Target Score SMILES SMILES_state Scaffold DASA DASA (raw) Solubility Solubility (raw) SA SA (raw)
 | 15.7707 62.5968 46.8953 0.8554069 Cn1c(=CC=CC2=[N+](CCO)CCC2)oc(=C(O)C=CC=CN2CCNC(=O)C2)c1=O 1 O=C1CN(C=CC=CC=c2oc(=CC=CC3=[NH+]CCC3)[nH]c2=O)CCN1 1.0000000 1.0000 0.7764898 0.7765 0.6857556 4.4916
 | 10.1984 57.1890 61.8736 0.9301762 O=C1NC(=O)C(=c2[nH]c(=O)[nH]c(=O)c2=C(O)C=CC=CN2CCOCC2)N1 1 O=C1NC(=O)C(=c2[nH]c(=O)[nH]c(=O)c2=CC=CC=CN2CCOCC2)N1 1.0000000 1.0000 0.8699438 0.8699 0.8726858 3.7460
 | 14.0443 69.9951 45.0715 0.8989574 O=C1NC(=O)C(=c2[nH]c(=O)[nH]c(=O)c2=C(O)C=CC=CN2C(=O)c3ccccc32)C(=O)N1 1 O=C1NC(=O)C(=c2[nH]c(=O)[nH]c(=O)c2=CC=CC=CN2C(=O)c3ccccc32)C(=O)N1 1.0000000 1.0000 0.7787914 0.7788 0.8854076 3.6680
 | 23.2897 61.9357 46.1035 0.8440563 CCN1C(=O)C(=O)N(C)C(=C(O)C=CC=CN2C=C(C(=O)O)CCC2)C1=O 1 O=C1NC(=O)C(=CC=CC=CN2C=CCCC2)NC1=O 1.0000000 1.0000 0.6517302 0.6517 0.8686227 3.7695
 | 27.8361 67.8475 40.9558 0.8500260 CN=C1N=CCN(C=CC=CC(O)=C2C(=O)NC(=N)OC2=O)N1N 1 N=C1N=CCN(C=CC=CC=C2C(=O)NC(=N)OC2=O)N1 1.0000000 1.0000 0.8066425 0.8066 0.6206220 4.6794
 | 20.4988 62.0412 41.2524 0.8069814 CC(C)CC(C(=O)O)N1NC(=O)C(=C(O)C=CC=CN2C(=S)OCC2C(=O)O)C1=O 1 O=C1NNC(=O)C1=CC=CC=CN1CCOC1=S 1.0000000 1.0000 0.6676920 0.6677 0.6576961 4.5746
 | 13.7095 43.4507 63.5760 0.8361461 O=C1CCCC1=C(O)C=CC=CN1CC1 1 O=C1CCCC1=CC=CC=CN1CC1 1.0000000 1.0000 0.6144529 0.6145 0.9164870 3.4394
 | 25.1103 72.6116 38.6062 0.8688884 CC(=O)OCOC(=O)C1=NNC(=C(O)C=CC=CN2CN(C)CCO2)C(=O)N1C 1 O=C1NC=NNC1=CC=CC=CN1CNCCO1 1.0000000 1.0000 0.7478087 0.7478 0.7951108 4.1166
 | 22.9811 88.8822 22.3675 0.8691381 CC(=O)Nc1nc(=O)c(=C(O)C=CC=CN2CCN(c3ccc[n+](C)c3)C2)c(=O)[nH]c1=C(O)CO 1 C=c1cnc(=O)c(=CC=CC=CN2CCN(c3ccc[nH+]c3)C2)c(=O)[nH]1 1.0000000 1.0000 0.7612115 0.7612 0.7719368 4.2057
 | 13.1635 54.1063 61.4430 0.9027290 CC(=O)N1CCN(C=CC=CC(O)=C2NNNC2=O)C1 1 O=C1NNNC1=CC=CC=CN1CCNC1 1.0000000 1.0000 0.8277042 0.8277 0.8135696 4.0402
01:55:36 <INFO> Score: 0.71 Agent NLL: 16.47 Valid: 100% Step: 339
 | Agent Prior Target Score SMILES SMILES_state Scaffold DASA DASA (raw) Solubility Solubility (raw) SA SA (raw)
 | 15.5906 57.6816 54.8141 0.8788724 NCC1(O)CN1C=CC=CC(O)=C1C(=O)NC(=O)OC1=O 1 O=C1NC(=O)C(=CC=CC=CN2CC2)C(=O)O1 1.0000000 1.0000 0.8501508 0.8502 0.6745164 4.5253
 | 11.8804 62.0192 46.1656 0.8451938 CC(O)N1CNN(C=CC=CC(O)=C2C(=O)NC(=O)N2C)C1 1 O=C1NC(=O)C(=CC=CC=CN2CNCN2)N1 1.0000000 1.0000 0.7987105 0.7987 0.6128289 4.7008
 | 10.4368 71.5805 48.5016 0.9381415 CC(C=CN1CC1)=CC(O)=c1c(=O)[nH]c(=O)[nH]c(=O)c1=C1C(=O)NC(=O)NC1=O 1 O=C1NC(=O)C(=c2c(=O)[nH]c(=O)[nH]c(=O)c2=CC=CC=CN2CC2)C(=O)N1 1.0000000 1.0000 0.8876516 0.8877 0.8810173 3.6957
 | 17.3022 56.7453 46.9128 0.8098292 CCCN1CN(C=CC=CC(O)=C2C=CCNC2=O)C=N1 1 O=C1NCC=CC1=CC=CC=CN1C=NNC1 1.0000000 1.0000 0.6334054 0.6334 0.7347211 4.3364
 | 20.4926 79.8904 30.8751 0.8653554 CN1CN(C=CC=CC(O)=C2NN=C(N)NC2=O)C(=NC(N)=C2NNNN2)C1=O 1 O=C1NC=NNC1=CC=CC=CN1CNC(=O)C1=NC=C1NNNN1 1.0000000 1.0000 0.9104802 0.9105 0.5515029 4.8653
 | 30.3868 68.6135 36.9938 0.8250572 N=C1C(=O)NC(=O)C(=C(O)C=CC=CN2CC=NCC2)C2C(=O)NC(=O)C12 1 N=C1C(=O)NC(=O)C(=CC=CC=CN2CC=NCC2)C2C(=O)NC(=O)C12 1.0000000 1.0000 0.7916804 0.7917 0.5483767 4.8735
 | 19.0570 64.5499 44.6197 0.8528869 CC(=O)NC(C)C1=NNC(=C(O)C=CC=CN2CCCNC2=O)C(=O)N1 1 O=C1NC=NNC1=CC=CC=CN1CCCNC1=O 1.0000000 1.0000 0.7424793 0.7425 0.7302682 4.3512
 | 22.3349 59.9370 47.1031 0.8362502 O=C1NC2CNCC(=O)N2C1=C(O)C=CC=CN1CCn2cccc2C1=O 1 O=C1NC2CNCC(=O)N2C1=CC=CC=CN1CCn2cccc2C1=O 1.0000000 1.0000 0.7176050 0.7176 0.6989814 4.4512
 | 20.7148 69.9892 39.6505 0.8565597 CCOC(=O)N1CN(C=CC=CC(O)=C2CNC(=O)NC2=O)C(N(O)C=O)=N1 1 O=C1NCC(=CC=CC=CN2C=NNC2)C(=O)N1 1.0000000 1.0000 0.7391339 0.7391 0.7528563 4.2744
 | 21.2624 62.8479 55.4058 0.9238573 CC(=O)NC1=NC(=O)C(=C(O)C=CC=CN2CC(=O)N(CO)C(=O)C2)C(=O)N1 1 O=C1CN(C=CC=CC=C2C(=O)N=CNC2=O)CC(=O)N1 1.0000000 1.0000 0.8534253 0.8534 0.8707352 3.7574
01:55:37 <INFO> Score: 0.78 Agent NLL: 16.71 Valid: 100% Step: 340
 | Agent Prior Target Score SMILES SMILES_state Scaffold DASA DASA (raw) Solubility Solubility (raw) SA SA (raw)
 | 17.5471 79.3552 31.9897 0.8698821 CC1N(C)CN1C=CC=CC(O)=C1C(=O)NC(=O)C1=C1C(=O)NNC1=O 1 O=C1NC(=O)C(=C2C(=O)NNC2=O)C1=CC=CC=CN1CNC1 1.0000000 1.0000 0.8162649 0.8163 0.6862185 4.4902
 | 13.4362 72.5441 43.7828 0.9088041 CN1C(=O)C(O)CC1=c1c(=O)[nH]c(=O)[nH]c(=O)c1=C(O)C=CC=CN(CCO)CCO 1 C=c1c(=O)[nH]c(=O)[nH]c(=O)c1=C1CCC(=O)N1 1.0000000 1.0000 0.9125744 0.9126 0.7103944 4.4155
 | 14.3598 58.3576 53.3132 0.8724280 CCN1C(=O)NC(=O)C1=C(O)C=CC=CN1CN(C)CN1 1 O=C1NC(=O)C(=CC=CC=CN2CNCN2)N1 1.0000000 1.0000 0.7604427 0.7604 0.7887948 4.1416
 | 11.4816 53.0042 58.9641 0.8747525 O=C1NC(=S)SC1=C(O)C=CC=CN1CN(CCO)CC1=O 1 O=C1NC(=S)SC1=CC=CC=CN1CNCC1=O 1.0000000 1.0000 0.7355378 0.7355 0.8478881 3.8807
 | 16.1867 60.1966 51.4666 0.8723688 CN1CC(O)CC1=c1[nH]c(=O)[nH]c(=O)c1=C(O)C=CC=CN1CCCC1 1 O=c1[nH]c(=O)c(=CC=CC=CN2CCCC2)c(=C2CCCN2)[nH]1 1.0000000 1.0000 0.7892990 0.7893 0.7387593 4.3228
 | 12.2202 75.1813 42.3244 0.9180134 C=CCN1C(=O)CN(C=CC=CC(O)=c2c(=O)[nH]c(=O)[nH]c2=C2C(=O)NNC2=O)C1=O 1 O=C1CN(C=CC=CC=c2c(=O)[nH]c(=O)[nH]c2=C2C(=O)NNC2=O)C(=O)N1 1.0000000 1.0000 0.8803477 0.8803 0.7976499 4.1064
 | 21.1348 70.3274 36.3681 0.8335584 O=C1NC(N=COCCO)=NC1=C(O)C=CC=CN1CN=CC=N1 1 O=C1NC=NC1=CC=CC=CN1CN=CC=N1 1.0000000 1.0000 0.7776740 0.7777 0.5970607 4.7438
 | 10.7337 56.6898 -56.6898 0.0000000 C=C1CCN(C)CN1C=CC=CC(O)=C1NN=CNC1=O 1 C=C1CCNCN1C=CC=CC=C1NN=CNC1=O 1.0000000 1.0000 0.7114383 0.7114 0.7052627 4.4316
 | 11.6588 48.6105 -48.6105 0.0000000 O=C1NCCOC(=O)C1=C(O)C=CC=CN1CC1 1 O=C1NCCOC(=O)C1=CC=CC=CN1CC1 1.0000000 1.0000 0.7954124 0.7954 0.9111462 3.4836
 | 18.8074 82.8902 26.1071 0.8515416 CN1NC(=c2[nH]c(=S)[nH]c(=O)c2=C(O)C=CC=CN2CC(=O)NOC2=O)C(=O)N(C)C1=S 1 O=C1CN(C=CC=CC=c2c(=O)[nH]c(=S)[nH]c2=C2NNC(=S)NC2=O)C(=O)ON1 1.0000000 1.0000 0.7663346 0.7663 0.6852491 4.4932
01:55:37 <INFO> Sampled SMILES N1C(=O)C(=C(O)C=CC=CN2CN(C(OC)=O)CC2=O)N=C1N=c1ncnc2c(O)cccc12 failed to sanitize.
01:55:37 <INFO> Score: 0.72 Agent NLL: 15.58 Valid:  99% Step: 341
 | Agent Prior Target Score SMILES SMILES_state Scaffold DASA DASA (raw) Solubility Solubility (raw) SA SA (raw)
 | 11.6912 59.9166 44.8471 0.8184665 CC1NNC(=C(O)C=CC=CN2NC(=O)CO2)C(=O)N1 1 O=C1CON(C=CC=CC=C2NNCNC2=O)N1 1.0000000 1.0000 0.8491926 0.8492 0.4650438 5.0912
 | 14.6791 69.4485 40.2650 0.8571360 CN1CN(C=CC=CC(O)=C2NOC(=O)N(C)C2=O)C(=N)N(CN)C1=O 1 N=C1NC(=O)NCN1C=CC=CC=C1NOC(=O)NC1=O 1.0000000 1.0000 0.7617203 0.7617 0.7167522 4.3952
 | 13.9437 61.7593 48.0874 0.8581766 CN=C1N=CN(CCO)CN1C=CC=CC(O)=C1NS(=O)(=O)N(C)C1=O 1 N=C1N=CNCN1C=CC=CC=C1NS(=O)(=O)NC1=O 1.0000000 1.0000 0.8032385 0.8032 0.6573545 4.5756
 | 14.6999 58.3129 55.2110 0.8869055 CN1CN(CCO)CN(C=CC=CC(O)=C2OCCNC2=O)S1(=O)=O 1 O=C1NCCOC1=CC=CC=CN1CNCNS1(=O)=O 1.0000000 1.0000 0.8114303 0.8114 0.7676554 4.2214
 | 11.4615 60.2761 58.5128 0.9280384 O=C1NC(=O)C(=c2[nH]c(=O)[nH]c(=O)c2=C(O)C=CC=CN2CCOC2=O)C(=O)N1 1 O=C1NC(=O)C(=c2[nH]c(=O)[nH]c(=O)c2=CC=CC=CN2CCOC2=O)C(=O)N1 1.0000000 1.0000 0.8723929 0.8724 0.8579758 3.8283
 | 29.0403 86.9860 20.1903 0.8373152 C=C1CNC(=O)C(=O)N1CC=CCCN1C(=O)N(C)C(=O)C1=C(O)C=CC=CN1CN(CCO)CCC1=O 1 C=C1CNC(=O)C(=O)N1CC=CCCN1C(=O)NC(=O)C1=CC=CC=CN1CNCCC1=O 1.0000000 1.0000 0.6758896 0.6759 0.7814202 4.1701
 | 27.8845 97.4211 3.5436 0.7887865 COC(=O)c1c(C)oc2c(c1=O)C(=C(O)C=CC=CN1CN(CCO)CC1=CN1CC1)C(=O)NC(=N)O2 1 N=C1NC(=O)C(=CC=CC=CN2CNCC2=CN2CC2)c2c(occc2=O)O1 1.0000000 1.0000 0.5943447 0.5943 0.7152700 4.3999
 | 16.4636 30.9940 -30.9766 0.0001357 COCC=CC1NC(=O)N=C(C)C1C(=O)OC 1 O=C1N=CCCN1 0.0000000 0.0000 0.7566572 0.7567 0.8084784 4.0618
 | 12.0471 72.6161 44.4678 0.9147175 O=C1CCN(C=CC=CC(O)=c2c(=O)[nH]c(=O)[nH]c(=O)c2=C2CC2)CN1CCO 1 O=C1CCN(C=CC=CC=c2c(=O)[nH]c(=O)[nH]c(=O)c2=C2CC2)CN1 1.0000000 1.0000 0.8415487 0.8415 0.8469696 3.8854
 | 12.9722 67.0285 46.3933 0.8861079 N=C1CNN(CCO)CN1C=CC=CC(O)=C1CC(=O)NC(=O)NC1=O 1 N=C1CNNCN1C=CC=CC=C1CC(=O)NC(=O)NC1=O 1.0000000 1.0000 0.8170846 0.8171 0.7548097 4.2675
01:55:38 <INFO> Sampled SMILES S=C1NC(=O)C(=C(O)C=CC=CN2CN(CCO)CC2=O)C([N-]=C(O)CCC)N1CCO failed to sanitize.
01:55:38 <INFO> Sampled SMILES N1C(=O)C(=C(O)C=CC=CN2CC=S(=O)(=O)CCC2)NOC1C failed to sanitize.
01:55:38 <INFO> Score: 0.76 Agent NLL: 16.60 Valid:  98% Step: 342
 | Agent Prior Target Score SMILES SMILES_state Scaffold DASA DASA (raw) Solubility Solubility (raw) SA SA (raw)
 | 15.1331 62.4448 45.2365 0.8412598 CC1NC(=O)C(C(=O)O)N(C=CC=CC(O)=C2NC(C)(C)NC2=O)C1=O 1 O=C1CN(C=CC=CC=C2NCNC2=O)C(=O)CN1 1.0000000 1.0000 0.7854041 0.7854 0.6158431 4.6926
 | 20.2901 21.5793 -21.5616 0.0001382 CCCCCCN1C(=O)C(=O)NCC1CCCCN 1 O=C1NCCNC1=O 0.0000000 0.0000 0.7267249 0.7267 0.9548810 3.0116
 | 15.6122 66.4251 43.0205 0.8550441 CC(=O)NC1=NC(=O)C(=C(O)C=CC=CN2C(=N)SCC2C(=O)O)C(=O)N1 1 N=C1SCCN1C=CC=CC=C1C(=O)N=CNC1=O 1.0000000 1.0000 0.7403647 0.7404 0.7437203 4.3060
 | 15.9953 61.8798 46.3572 0.8456012 CN1CCCN(C=CC=CC(O)=C2NOC(CO)C(O)NC2=O)C1 1 O=C1NCCONC1=CC=CC=CN1CCCNC1 1.0000000 1.0000 0.8199232 0.8199 0.5868353 4.7714
 | 17.6593 68.5506 36.4136 0.8200332 CCCCN(CCCC)C1=NC(=C(O)C=CC=CN2CC(=O)N(CO)C2)C(=O)N1 1 O=C1CN(C=CC=CC=C2N=CNC2=O)CN1 1.0000000 1.0000 0.6130681 0.6131 0.8307584 3.9635
 | 15.7321 69.9779 41.0932 0.8677429 C=C1CN(C=CC=CC(O)=c2c(=C3C(=O)C(=O)c4ccccc4C3=O)[nH]c(=O)n(C)c2=O)NC1=O 1 C=C1CN(C=CC=CC=c2c(=O)[nH]c(=O)[nH]c2=C2C(=O)C(=O)c3ccccc3C2=O)NC1=O 1.0000000 1.0000 0.7175319 0.7175 0.8488501 3.8759
 | 28.6527 72.7237 7.4057 0.6260114 CCN1CC(=C(O)C=CC=CN2C(=O)COC2=O)C(=O)NN1C12CC3CC(CC(C3)C1)C2 1 O=C1NN(C23CC4CC(CC(C4)C2)C3)NCC1=CC=CC=CN1C(=O)COC1=O 1.0000000 1.0000 0.4000446 0.4000 0.4249785 5.1970
 | 33.1302 79.5115 8.4216 0.6869775 CC1CN(C=C2COCCN2C=CC=CC(O)=C2NS(=O)ONC2=O)C(C)(C)CN1C 1 O=C1NOS(=O)NC1=CC=CC=CN1CCOCC1=CN1CCNCC1 1.0000000 1.0000 0.5934723 0.5935 0.3471343 5.4115
 | 12.6144 52.4930 54.7833 0.8380961 CN1CCON(C=CC=CC(O)=C2SC(=O)NC2=O)C1 1 O=C1NC(=O)C(=CC=CC=CN2CNCCO2)S1 1.0000000 1.0000 0.6721951 0.6722 0.7928219 4.1258
 | 13.3272 57.8843 47.0054 0.8194508 CN1N=C(c2ccccc2)NC(=O)C1=C(O)C=CC=CN1CC(=O)C(O)C(O)C1 1 O=C1CCCN(C=CC=CC=C2NN=C(c3ccccc3)NC2=O)C1 1.0000000 1.0000 0.6874953 0.6875 0.6772876 4.5171
01:55:39 <INFO> Score: 0.75 Agent NLL: 16.23 Valid: 100% Step: 343
 | Agent Prior Target Score SMILES SMILES_state Scaffold DASA DASA (raw) Solubility Solubility (raw) SA SA (raw)
 | 10.5900 58.5889 -58.5889 0.0000000 C=CCN1C(=O)CN(C=CC=CC(O)=C2NN=CNC2=O)C1=O 1 O=C1CN(C=CC=CC=C2NN=CNC2=O)C(=O)N1 1.0000000 1.0000 0.7614694 0.7615 0.7789004 4.1797
 | 8.2965 59.3013 -59.3013 0.0000000 O=c1[nH]c(=O)c(=C(O)C=CC=CN(CCO)CCO)c(=C2CC2)c(=O)[nH]1 1 C=c1c(=O)[nH]c(=O)[nH]c(=O)c1=C1CC1 1.0000000 1.0000 0.8771907 0.8772 0.8660145 3.7843
 | 10.8175 65.0225 55.1753 0.9390454 CONC=CC=CC(O)=c1c(=C2C(=O)NC(=O)NC2=O)[nH]c(=O)n(C)c1=O 1 C=c1c(=O)[nH]c(=O)[nH]c1=C1C(=O)NC(=O)NC1=O 1.0000000 1.0000 0.8978265 0.8978 0.8679960 3.7731
 | 26.4368 71.7303 34.8346 0.8325383 CCOC(=O)N1CC(NC(=O)CNCCCN)C(=O)N(C=CC=CC(O)=C2CC(=COC)NC2=O)C1 1 C=C1CC(=CC=CC=CN2CNCCC2=O)C(=O)N1 1.0000000 1.0000 0.7051884 0.7052 0.7040249 4.4355
 | 33.2377 94.6295 -14.1843 0.6284783 O=C1NNNC1=C1C2=NC1C(=C(O)C=CC=CN1CC(=O)N3CC(O)C(O)C(O)C3C1O)C(=O)N2 1 O=C1NC2=NC(C1=CC=CC=CN1CC(=O)N3CCCCC3C1)C2=C1NNNC1=O 1.0000000 1.0000 0.9126748 0.9127 0.1024403 6.4139
 | 15.7569 80.2388 35.0026 0.9003236 CCN1CN(C=CC=CC(O)=c2c(=O)[nH]c(=O)[nH]c(=O)c2=C2C(=O)NN(C)C2=O)C=N1 1 O=C1NNC(=O)C1=c1c(=O)[nH]c(=O)[nH]c(=O)c1=CC=CC=CN1C=NNC1 1.0000000 1.0000 0.8827171 0.8827 0.7168118 4.3950
 | 11.7820 55.0830 52.1495 0.8377543 CCN(CC)C1=C([N+](=O)[O-])CN(C=CC=CC(O)=C2NC(=O)NC2=O)CN1C 1 O=C1NC(=O)C(=CC=CC=CN2CC=CNC2)N1 1.0000000 1.0000 0.6625785 0.6626 0.8113291 4.0498
 | 25.0370 72.7569 36.1065 0.8504953 O=C1CN(C=CC=CC(O)=C2C(=O)NC(O)(O)C(O)C2O)CN(CCO)N1 1 O=C1CN(C=CC=CC=C2CCCNC2=O)CNN1 1.0000000 1.0000 0.9236988 0.9237 0.4910204 5.0234
 | 18.4895 60.0019 46.1854 0.8295882 O=C1NN(O)NC1=C(O)C=CC=CN1CC=CC1CO 1 O=C1NNNC1=CC=CC=CN1CC=CC1 1.0000000 1.0000 0.8203572 0.8204 0.5303018 4.9209
 | 13.3944 62.5539 51.9822 0.8948137 CN1C(=O)NC(=O)C(=C(O)C=CC=CN2CC(=O)OCC(O)C2)C1=O 1 O=C1NC(=O)C(=CC=CC=CN2CCCOC(=O)C2)C(=O)N1 1.0000000 1.0000 0.8050295 0.8050 0.8155032 4.0318
01:55:40 <INFO> Sampled SMILES N1C(=O)C(=C(O)C=CC=CN2C(CCO)N3C(=C([N+](=O)[O-])C(C)(C)N3)(N)N2)NCC1 failed to sanitize.
01:55:40 <INFO> Score: 0.77 Agent NLL: 16.74 Valid:  99% Step: 344
 | Agent Prior Target Score SMILES SMILES_state Scaffold DASA DASA (raw) Solubility Solubility (raw) SA SA (raw)
 | 19.9228 65.0494 30.5305 0.7467179 CCN1NC(=O)C(=C(O)C=CC=CN2CN(CCC[N+](C)(C)C)C2=S)C=C1C 1 O=C1NNC=CC1=CC=CC=CN1CNC1=S 1.0000000 1.0000 0.4893989 0.4894 0.7536361 4.2716
 | 8.8837 52.3258 63.2628 0.9030362 O=C1NC(=O)C(=C(O)C=CC=CN2CN(CCO)NC2=O)N1 1 O=C1NC(=O)C(=CC=CC=CN2CNNC2=O)N1 1.0000000 1.0000 0.8360907 0.8361 0.8007717 4.0938
 | 13.5590 59.5827 52.7249 0.8774036 COC(=O)N1CN(C=CC=CC(O)=C2C(=O)NCCN2C)C(N)=N1 1 O=C1NCCNC1=CC=CC=CN1C=NNC1 1.0000000 1.0000 0.7705657 0.7706 0.7941085 4.1206
 | 13.5754 63.9501 43.5946 0.8401922 CCOC(=O)N1CC(=O)N(C=CC=CC(O)=C2C(=O)NC(=O)C2=C2CC2)C1 1 O=C1NC(=O)C(=C2CC2)C1=CC=CC=CN1CNCC1=O 1.0000000 1.0000 0.6317011 0.6317 0.8955556 3.6002
 | 9.8201 63.2268 57.3438 0.9419581 O=C1NNC(=O)C1=c1[nH]c(=O)[nH]c(=O)c1=C(O)C=CC=CNCCO 1 C=c1c(=O)[nH]c(=O)[nH]c1=C1C(=O)NNC1=O 1.0000000 1.0000 0.9330406 0.9330 0.8247831 3.9909
 | 16.4402 55.7824 59.3736 0.8996560 O=C1NS(=O)(=O)c2nncn2NC1=C(O)C=CC=CN(CCO)CCO 1 C=C1Nn2cnnc2S(=O)(=O)NC1=O 1.0000000 1.0000 0.8537419 0.8537 0.7569721 4.2599
 | 13.7007 56.6523 60.2174 0.9130448 O=C1NNC(=O)C1=C(O)C=CC=CN1CN(CCO)C(=O)NC1=O 1 O=C1NCN(C=CC=CC=C2C(=O)NNC2=O)C(=O)N1 1.0000000 1.0000 0.8450272 0.8450 0.8328363 3.9539
 | 15.0035 63.2987 48.9302 0.8767888 O=C1C(=c2[nH]c(=O)[nH]c(=O)c2=C(O)C=CC=CN2CCN(O)C(=O)C2)C(=O)c2ccccc21 1 O=C1CN(C=CC=CC=c2c(=O)[nH]c(=O)[nH]c2=C2C(=O)c3ccccc3C2=O)CCN1 1.0000000 1.0000 0.7290639 0.7291 0.8716835 3.7519
 | 20.1899 56.6747 58.1364 0.8969620 CC1=CC(=c2[nH]c(=O)[nH]c(=O)c2=C(O)C=CC=CN2CCNCC2)C(=O)N1O 1 O=C1NC=CC1=c1[nH]c(=O)[nH]c(=O)c1=CC=CC=CN1CCNCC1 1.0000000 1.0000 0.8178766 0.8179 0.8032673 4.0835
 | 12.6936 58.6147 54.1028 0.8806062 O=C1NC(N2CCOCC2)=NC1=C(O)C=CC=CN1C=CNN1 1 O=C1NC(N2CCOCC2)=NC1=CC=CC=CN1C=CNN1 1.0000000 1.0000 0.7831260 0.7831 0.7868621 4.1491
01:55:41 <INFO> Score: 0.77 Agent NLL: 16.71 Valid: 100% Step: 345
 | Agent Prior Target Score SMILES SMILES_state Scaffold DASA DASA (raw) Solubility Solubility (raw) SA SA (raw)
 | 23.2305 62.9629 47.3657 0.8619421 CC(=O)NC1CN(C=CC=CC(O)=C2NC(CO)(CO)NC2=O)CN1C 1 O=C1NCNC1=CC=CC=CN1CCNC1 1.0000000 1.0000 0.8621946 0.8622 0.5942246 4.7515
 | 20.6884 74.1696 41.5794 0.9042892 CC(C=CN1CCN(CCO)C(C)(C)C1)=CC(O)=c1c(=O)[nH]c(=O)[nH]c1=C1C(=O)NC(=O)NC1=O 1 O=C1NC(=O)C(=c2[nH]c(=O)[nH]c(=O)c2=CC=CC=CN2CCNCC2)C(=O)N1 1.0000000 1.0000 0.8273524 0.8274 0.8215898 4.0051
 | 11.5572 54.5211 62.1843 0.9117615 O=C1NS(=O)(=O)NC1=C(O)C=CC=CN1CC(=O)N(CCO)C1 1 O=C1CN(C=CC=CC=C2NS(=O)(=O)NC2=O)CN1 1.0000000 1.0000 0.8681730 0.8682 0.7885251 4.1427
 | 16.5821 62.0782 47.2682 0.8542683 CC(C=CN1CCOCC1)=CC(O)=C1C(=O)NC(C)C(O)NC1=O 1 O=C1NCCNC(=O)C1=CC=CC=CN1CCOCC1 1.0000000 1.0000 0.7638776 0.7639 0.7007747 4.4456
 | 9.3046 56.1763 60.2137 0.9092965 O=C1NC(=O)C(=C(O)C=CC=CN2CC(=O)OCC2=O)N1 1 O=C1NC(=O)C(=CC=CC=CN2CC(=O)OCC2=O)N1 1.0000000 1.0000 0.8223200 0.8223 0.8548356 3.8450
 | 9.1219 52.3890 -52.3890 0.0000000 CCOC(=O)N1CCN(C=CC=CC(O)=C2NONC2=O)C1 1 O=C1NONC1=CC=CC=CN1CCNC1 1.0000000 1.0000 0.7447784 0.7448 0.8513104 3.8633
 | 15.7958 65.1143 47.0309 0.8761347 CN1NC(=C(O)C=CC=CN2CC(=O)NNC2=O)C(=O)NC1(C)C 1 O=C1CN(C=CC=CC=C2NNCNC2=O)C(=O)NN1 1.0000000 1.0000 0.7892062 0.7892 0.7558120 4.2640
 | 8.5554 60.5490 -60.5490 0.0000000 O=C1NC(=O)C(=c2[nH]c(=O)[nH]c(=O)c2=C(O)C=CC=CNCCO)N1 1 C=c1c(=O)[nH]c(=O)[nH]c1=C1NC(=O)NC1=O 1.0000000 1.0000 0.9150391 0.9150 0.8544403 3.8470
 | 15.6394 78.5497 37.1797 0.9041362 CN1C(=O)C(C)(O)C1=c1c(=O)[nH]c(=O)[nH]c(=O)c1=C(O)C=CC=CN1CC(=O)NC(=O)C1=O 1 O=C1CN(C=CC=CC=c2c(=O)[nH]c(=O)[nH]c(=O)c2=C2CC(=O)N2)C(=O)C(=O)N1 1.0000000 1.0000 0.9179934 0.9180 0.6843189 4.4960
 | 15.9733 67.8409 36.5848 0.8158258 N=C1[N-]C(=O)C(=C(O)C=CC=CN2CC([N+](=O)[O-])CN(CCO)C2)C(=O)N1 1 N=C1[N-]C(=O)C(=CC=CC=CN2CCCNC2)C(=O)N1 1.0000000 1.0000 0.7915636 0.7916 0.5170546 4.9555
01:55:42 <INFO> Score: 0.74 Agent NLL: 16.52 Valid: 100% Step: 346
 | Agent Prior Target Score SMILES SMILES_state Scaffold DASA DASA (raw) Solubility Solubility (raw) SA SA (raw)
 | 20.9807 67.6638 45.3619 0.8830133 COC(=O)OCCN1NC(=O)C(=C(O)C=CC=CN2CC(=O)NCC(O)C2)C1=O 1 O=C1CN(C=CC=CC=C2C(=O)NNC2=O)CCCN1 1.0000000 1.0000 0.8181997 0.8182 0.7393060 4.3210
 | 7.8946 67.4383 52.1137 0.9340002 O=C1NC(=O)C(=c2[nH]c(=O)[nH]c(=O)c2=C(O)C=CC=CN2CCN(CCO)C2)N1 1 O=C1NC(=O)C(=c2[nH]c(=O)[nH]c(=O)c2=CC=CC=CN2CCNC2)N1 1.0000000 1.0000 0.8985589 0.8986 0.8425875 3.9071
 | 31.8698 81.6699 18.8861 0.7855940 C[N+](C)(C)CCNC1CN1C=CC=CC(O)=c1c(=O)[nH]n2c1=NOC(OCCO)C2C(=O)O 1 O=c1[nH]n2c(c1=CC=CC=CN1CC1)=NOCC2 1.0000000 1.0000 0.8568354 0.8568 0.3691645 5.3490
 | 22.2504 91.1121 18.4587 0.8560217 O=C1NC(=O)C(=c2oc(=CC=C3SSC(=C(O)C=CC=CN4CC(O)C4)C(=O)NC3=O)n(CCO)c2=O)C(=O)N1 1 O=C1NC(=O)C(=c2oc(=CC=C3SSC(=CC=CC=CN4CCC4)C(=O)NC3=O)[nH]c2=O)C(=O)N1 1.0000000 1.0000 0.7713633 0.7714 0.6963729 4.4592
 | 15.1451 61.7320 54.6526 0.9092546 O=C(N=C1NC(=O)C(=C(O)C=CC=CN2CC2)N1)NCCO 1 N=C1NC(=O)C(=CC=CC=CN2CC2)N1 1.0000000 1.0000 0.8336981 0.8337 0.8343216 3.9469
 | 13.1927 68.5164 50.4349 0.9293064 CC1(CO)NC(=O)C(=C(O)C=CC=CN2CC(=O)N(CCO)C(=O)C2=O)C(=O)N1 1 O=C1CN(C=CC=CC=C2C(=O)NCNC2=O)C(=O)C(=O)N1 1.0000000 1.0000 0.8834249 0.8834 0.8453520 3.8935
 | 17.9280 66.6592 36.7391 0.8077986 C=CCN1N=CN(C=CC=CC(O)=C2C(=O)NC(c3ccccc3)=NN2CCO)CC1=O 1 O=C1CN(C=CC=CC=C2NN=C(c3ccccc3)NC2=O)C=NN1 1.0000000 1.0000 0.5980492 0.5980 0.8017731 4.0897
 | 15.8801 64.3601 46.6562 0.8673147 NC1=NN(CCCO)CN1C=CC=CC(O)=c1[nH]c(=Cc2ccccc2)[nH]c1=O 1 O=c1[nH]c(=Cc2ccccc2)[nH]c1=CC=CC=CN1C=NNC1 1.0000000 1.0000 0.7289522 0.7290 0.8235770 3.9963
 | 17.2028 91.1725 25.7039 0.9130968 CCn1c(=O)[nH]c(=C2NC(=O)NC2=O)c(=C(O)C=CC=CN2CC(=NOC)C2=O)c1=O 1 N=C1CN(C=CC=CC=c2c(=O)[nH]c(=O)[nH]c2=C2NC(=O)NC2=O)C1=O 1.0000000 1.0000 0.8559038 0.8559 0.8146472 4.0355
 | 14.1640 59.3676 58.8686 0.9237205 O=C1CN(C=CC=CC(O)=C2C(=O)NC(=O)C(=O)NC2=O)C(=O)C(O)N1 1 O=C1CN(C=CC=CC=C2C(=O)NC(=O)C(=O)NC2=O)C(=O)CN1 1.0000000 1.0000 0.9088908 0.9089 0.7792782 4.1782
01:55:43 <INFO> Score: 0.73 Agent NLL: 16.35 Valid: 100% Step: 347
 | Agent Prior Target Score SMILES SMILES_state Scaffold DASA DASA (raw) Solubility Solubility (raw) SA SA (raw)
 | 12.1500 66.7008 47.0543 0.8887116 CCOC(=O)N1CN(C=CC=CC(O)=C2C(=O)NCC(=O)NC2=O)C(O)=N1 1 O=C1CNC(=O)C(=CC=CC=CN2C=NNC2)C(=O)N1 1.0000000 1.0000 0.7678477 0.7678 0.8546003 3.8462
 | 19.8898 60.8854 34.6458 0.7463376 CC1=NC(N(C)CCO)=NC(=C(O)C=CC=CN2CCCc3ccccc32)C(=O)N1 1 O=C1NC=NC=NC1=CC=CC=CN1CCCc2ccccc21 1.0000000 1.0000 0.4474442 0.4474 0.8792603 3.7066
 | 11.0275 52.1294 62.8941 0.8986209 NC1=NC(=C(O)C=CC=CN2C(=O)COC2=O)C(=O)N1 1 O=C1NC=NC1=CC=CC=CN1C(=O)COC1=O 1.0000000 1.0000 0.8186868 0.8187 0.8096931 4.0567
 | 12.8340 61.2022 47.8283 0.8518014 C=CCN1NC(=O)C1=C(O)C=CC=CN1CN(C(=O)OCC)N=C1N 1 O=C1NNC1=CC=CC=CN1C=NNC1 1.0000000 1.0000 0.7171711 0.7172 0.7707905 4.2099
 | 11.0819 55.8900 59.2715 0.8996997 CN1CCNC(=O)C1=C(O)C=CC=CN1CN(CCO)C(N)=N1 1 O=C1NCCNC1=CC=CC=CN1CNC=N1 1.0000000 1.0000 0.8388253 0.8388 0.7808849 4.1721
 | 14.4264 63.6502 44.6338 0.8459680 COC1=CCN(C=CC=CC(O)=C2NNC(=O)NC2=O)C(=O)C1OC 1 O=C1NNC(=CC=CC=CN2CC=CCC2=O)C(=O)N1 1.0000000 1.0000 0.7682387 0.7682 0.6591586 4.5703
 | 22.0549 33.5355 -33.5171 0.0001440 CC(=O)NN=C1OC(=O)C=C1C=O 1 N=C1C=CC(=O)O1 0.0000000 0.0000 0.8676532 0.8677 0.8697678 3.7630
 | 10.9770 61.2743 52.8013 0.8912154 O=C1CN(C=CC=CC(O)=C2NNC(CO)NC2=O)C(=O)C(=O)N1 1 O=C1CN(C=CC=CC=C2NNCNC2=O)C(=O)C(=O)N1 1.0000000 1.0000 0.9075186 0.9075 0.6473840 4.6042
 | 7.4059 67.5186 52.8166 0.9401189 O=C1CN(C=CC=CC(O)=c2c(=O)[nH]c(=O)[nH]c2=C2NC(=O)NC2=O)C(=O)C(=O)N1 1 O=C1CN(C=CC=CC=c2c(=O)[nH]c(=O)[nH]c2=C2NC(=O)NC2=O)C(=O)C(=O)N1 1.0000000 1.0000 0.9233397 0.9233 0.8314324 3.9604
 | 7.9003 54.1858 -54.1858 0.0000000 NC=CC=CC(O)=c1c(=O)[nH]c(=O)[nH]c1=C1NC(=O)NC1=O 1 C=c1c(=O)[nH]c(=O)[nH]c1=C1NC(=O)NC1=O 1.0000000 1.0000 0.9052882 0.9053 0.8426769 3.9067
01:55:43 <INFO> Sampled SMILES N1C(=O)C(=C(O)C=CC=CN2CN(CCO)C(=O)C2=NC(=O)CO)C(=N)CO1CO failed to sanitize.
01:55:43 <INFO> Score: 0.75 Agent NLL: 17.04 Valid:  99% Step: 348
 | Agent Prior Target Score SMILES SMILES_state Scaffold DASA DASA (raw) Solubility Solubility (raw) SA SA (raw)
 | 8.4241 63.3414 -63.3414 0.0000000 O=C1NC(=O)C(=c2[nH]c(=O)[nH]c(=O)c2=C(O)C=CC=CNOCCO)N1 1 C=c1c(=O)[nH]c(=O)[nH]c1=C1NC(=O)NC1=O 1.0000000 1.0000 0.9158737 0.9159 0.8347858 3.9447
 | 21.9024 56.5491 42.9771 0.7775485 O=C1NC2(CCCNCC2)NC1=C(O)C=CC=CN1CCCCC1 1 O=C1NC2(CCCNCC2)NC1=CC=CC=CN1CCCCC1 1.0000000 1.0000 0.5840715 0.5841 0.6839176 4.4972
 | 20.4767 85.2978 9.6733 0.7419622 O=C1NOS(=O)NC1=C(O)C=CC=CN1CC(=NO)CC1=CN1CCCNC1 1 N=C1CC(=CN2CCCNC2)N(C=CC=CC=C2NS(=O)ONC2=O)C1 1.0000000 1.0000 0.7105247 0.7105 0.3795252 5.3202
 | 16.2919 65.9806 44.5080 0.8631917 O=C1C(=O)c2ccccc2C1=c1[nH][nH]c(=O)c1=C(O)C=CC=CN1C(=O)COC1=O 1 O=C1C(=O)c2ccccc2C1=c1[nH][nH]c(=O)c1=CC=CC=CN1C(=O)COC1=O 1.0000000 1.0000 0.6974493 0.6974 0.8677925 3.7743
 | 18.5625 58.4654 51.7080 0.8607301 CC(C)N(C)C1=NC(=C(O)C=CC=CN2CCNC(=O)C2)C(=O)NO1 1 O=C1CN(C=CC=CC=C2N=CONC2=O)CCN1 1.0000000 1.0000 0.7270425 0.7270 0.7949173 4.1174
 | 20.3407 66.7375 39.7133 0.8316471 CC(=O)NC1NC(=O)C1=C(O)C=CC=CN1CC(=O)N(CCSSCCO)C1=O 1 O=C1CN(C=CC=CC=C2CNC2=O)C(=O)N1 1.0000000 1.0000 0.6995674 0.6996 0.7099507 4.4169
 | 12.7502 75.7532 42.0162 0.9200739 CN=C1CNC(=O)C(=C(O)C=CC=CN2CC(=O)N(CCO)C(=O)C2=O)C(=O)N1 1 N=C1CNC(=O)C(=CC=CC=CN2CC(=O)NC(=O)C2=O)C(=O)N1 1.0000000 1.0000 0.8663391 0.8663 0.8300712 3.9667
 | 11.9456 51.7896 -51.7896 0.0000000 O=C1NCCN1C=CC=CC(O)=C1C(=O)N1CCO 1 O=C1NC1=CC=CC=CN1CCNC1=O 1.0000000 1.0000 0.8104231 0.8104 0.8704036 3.7593
 | 15.0104 55.5402 60.2259 0.9044223 O=C(O)C(=O)N=C1NC(=O)C(=C(O)C=CC=CN2CCNCC2)N1 1 N=C1NC(=O)C(=CC=CC=CN2CCNCC2)N1 1.0000000 1.0000 0.8357125 0.8357 0.8078850 4.0643
 | 17.7831 64.2656 51.1087 0.9013619 NCCCN1CCCN(C=CC=CC(O)=C2C(=O)NN(CCCO)C2=O)C1 1 O=C1NNC(=O)C1=CC=CC=CN1CCCNC1 1.0000000 1.0000 0.7849245 0.7849 0.8856699 3.6663
01:55:44 <INFO> Score: 0.77 Agent NLL: 16.90 Valid: 100% Step: 349
 | Agent Prior Target Score SMILES SMILES_state Scaffold DASA DASA (raw) Solubility Solubility (raw) SA SA (raw)
 | 22.5624 47.9791 -47.9620 0.0001340 CC(=N)OCCN1NC(=O)NC(=O)C1=C(O)C=C(C)C 1 C=C1NNC(=O)NC1=O 0.0000000 0.0000 0.7053742 0.7054 0.8554354 3.8418
 | 9.3798 59.8483 56.9840 0.9127525 O=C1NNNNC1=C(O)C=CC=CN1CCN(CCO)C1 1 O=C1NNNNC1=CC=CC=CN1CCNC1 1.0000000 1.0000 0.8817013 0.8817 0.7718642 4.2060
 | 27.5965 66.5632 25.5180 0.7193840 CCCCCCCCCCCNC1=NC(=O)C(=C(O)C=CC=CN2CC(O)CN(CCC(=O)O)C2)C(=O)N1 1 O=C1N=CNC(=O)C1=CC=CC=CN1CCCNC1 1.0000000 1.0000 0.4147453 0.4147 0.8278017 3.9772
 | 18.0562 66.7206 36.2252 0.8042643 C=C1NC(=O)C(=C(O)C=CC=CN2CN(C=O)CC2=N)C(O)C1O 1 C=C1CCC(=CC=CC=CN2CNCC2=N)C(=O)N1 1.0000000 1.0000 0.8119212 0.8119 0.4588748 5.1074
 | 7.4778 73.6721 46.4240 0.9382513 CONC=CC=CC(O)=c1c(=O)[nH]c(=O)[nH]c(=O)c1=C1C(=O)NNC1=O 1 C=c1c(=O)[nH]c(=O)[nH]c(=O)c1=C1C(=O)NNC1=O 1.0000000 1.0000 0.9276389 0.9276 0.8161360 4.0291
 | 22.5430 85.6152 -85.5970 0.0001425 Cc1nc(=O)[nH]c(=C2C(=O)NC(=O)NC2=O)c1=C(O)C=CC=CN1CC(=O)OCC1=O 1 O=C1NC(=O)C(=c2[nH]c(=O)ncc2=CC=CC=CN2CC(=O)OCC2=O)C(=O)N1 0.0000000 0.0000 0.8639354 0.8639 0.8279323 3.9766
 | 11.9526 77.4624 40.5571 0.9220273 C=C1NCCN1C=CC=CC(O)=c1c(=O)[nH]c(=O)[nH]c(=O)c1=C1NC(=O)NC1=O 1 C=C1NCCN1C=CC=CC=c1c(=O)[nH]c(=O)[nH]c(=O)c1=C1NC(=O)NC1=O 1.0000000 1.0000 0.8839582 0.8840 0.8103065 4.0541
 | 13.4096 61.5291 54.7669 0.9085620 COCCOCOCCN1NC(=O)C(=C(O)C=CC=CN2CC2)C1=O 1 O=C1NNC(=O)C1=CC=CC=CN1CC1 1.0000000 1.0000 0.7959792 0.7960 0.9011217 3.5605
 | 11.3477 68.5087 51.6677 0.9388780 CN1C(=O)C(=O)C(=c2[nH]c(=O)[nH]c(=O)c2=C(O)C=CC=CN2CCN(CCO)C(=O)C2)C1=O 1 O=C1CN(C=CC=CC=c2c(=O)[nH]c(=O)[nH]c2=C2C(=O)NC(=O)C2=O)CCN1 1.0000000 1.0000 0.9038730 0.9039 0.8570580 3.8332
 | 12.1394 60.3366 46.2907 0.8330259 N=C1NC(=O)C(=C(O)C=CC=CN2CN(CCO)CC([N+](=O)[O-])N2)N1 1 N=C1NC(=O)C(=CC=CC=CN2CNCCN2)N1 1.0000000 1.0000 0.8561312 0.8561 0.5029348 4.9924
01:55:45 <INFO> Score: 0.75 Agent NLL: 16.31 Valid: 100% Step: 350
 | Agent Prior Target Score SMILES SMILES_state Scaffold DASA DASA (raw) Solubility Solubility (raw) SA SA (raw)
 | 15.2741 75.7247 38.3572 0.8912647 CC(O)=c1[nH]c(=O)c(=C(O)C=CC=CN2CN(CCO)CCN2)n1C 1 C=c1[nH]c(=O)c(=CC=CC=CN2CNCCN2)[nH]1 1.0000000 1.0000 0.8374081 0.8374 0.7454099 4.3002
 | 8.9939 55.2001 -55.2001 0.0000000 CN1C(=O)C(=O)C(=c2[nH]c(=O)[nH]c(=O)c2=C(O)C=CC=CN(CCO)CCO)C1=O 1 C=c1c(=O)[nH]c(=O)[nH]c1=C1C(=O)NC(=O)C1=O 1.0000000 1.0000 0.9176052 0.9176 0.8592907 3.8213
 | 20.2655 77.6637 26.0848 0.8105351 O=C1CN(C=CC=CC(O)=c2c(=O)[nH]c(=CNNC3OC(CO)C(O)C(O)C3O)[nH]c2=O)C(=O)C(=O)N1 1 O=C1CN(C=CC=CC=c2c(=O)[nH]c(=CNNC3CCCCO3)[nH]c2=O)C(=O)C(=O)N1 1.0000000 1.0000 0.9604151 0.9604 0.3562451 5.3855
 | 15.2695 59.6050 54.5349 0.8917180 CN=C1C(=O)N(C)CN1C=CC=CC(O)=C1C(=O)NCNC1=O 1 N=C1C(=O)NCN1C=CC=CC=C1C(=O)NCNC1=O 1.0000000 1.0000 0.8209349 0.8209 0.7738458 4.1986
 | 9.2221 74.8249 -74.8249 0.0000000 O=C1NC(=O)C(=c2c(=O)[nH]c(=O)[nH]c(=O)c2=C(O)C=CC=CN2CC=CC2=O)C(=O)N1 1 O=C1NC(=O)C(=c2c(=O)[nH]c(=O)[nH]c(=O)c2=CC=CC=CN2CC=CC2=O)C(=O)N1 1.0000000 1.0000 0.8904163 0.8904 0.8375317 3.9317
 | 17.0697 85.0737 22.9786 0.8441589 CC1CN(C=CC=CC(O)=c2c(=O)[nH]c(=O)[nH]c(=O)c2=C2C(=O)NNC2=O)C(C(C)O)CN1 1 O=C1NNC(=O)C1=c1c(=O)[nH]c(=O)[nH]c(=O)c1=CC=CC=CN1CCNCC1 1.0000000 1.0000 0.9035113 0.9035 0.4907306 5.0242
 | 20.0823 73.3036 31.8653 0.8216324 CC(=CC=CN1C(=O)NC(=O)NC(=O)C1=C(O)C=CC=CN1CC(O)C1)N1CCOCC1 1 O=C1NC(=O)C(=CC=CC=CN2CCC2)N(C=CC=CN2CCOCC2)C(=O)N1 1.0000000 1.0000 0.6284992 0.6285 0.8035704 4.0823
 | 14.9647 65.1645 -65.1645 0.0000000 CN(C=CC=CC(O)=c1c(=O)[nH][nH]c1=C1C(=O)NNC1=O)CCO 1 C=c1c(=O)[nH][nH]c1=C1C(=O)NNC1=O 1.0000000 1.0000 0.9094842 0.9095 0.7884063 4.1431
 | 11.9637 59.6980 56.2161 0.9055793 O=C1C=CCN(C=CC=CC(O)=C2C(=O)NCC(=O)NC2=O)C1 1 O=C1C=CCN(C=CC=CC=C2C(=O)NCC(=O)NC2=O)C1 1.0000000 1.0000 0.8070117 0.8070 0.8646179 3.7921
 | 16.0107 63.1945 44.4857 0.8412516 CC(C)(C)OC(=O)N1CCCN(C=CC=CC(O)=C2NN(CCO)NC2=O)C1 1 O=C1NNNC1=CC=CC=CN1CCCNC1 1.0000000 1.0000 0.6529027 0.6529 0.8508952 3.8654
01:55:46 <INFO> Score: 0.76 Agent NLL: 16.07 Valid:  99% Step: 351
 | Agent Prior Target Score SMILES SMILES_state Scaffold DASA DASA (raw) Solubility Solubility (raw) SA SA (raw)
 | 14.5936 62.8000 50.6472 0.8863067 C=c1[nH]c(=C(O)C=CC=CN2CC(=O)NC(=O)C2O)c(=O)n1C 1 C=c1[nH]c(=O)c(=CC=CC=CN2CC(=O)NC(=O)C2)[nH]1 1.0000000 1.0000 0.8902457 0.8902 0.6503899 4.5956
 | 13.6032 54.3882 55.2871 0.8568382 CC(C=CN1CC1)=CC(O)=C1N=NNC1=O 1 O=C1NN=NC1=CC=CC=CN1CC1 1.0000000 1.0000 0.7165814 0.7166 0.7961668 4.1124
 | 14.1357 58.5472 -58.5472 0.0000000 CC(=O)NC1=NC(=O)C(=C(O)C=CC=CN2CC(O)CC2C(=O)O)C(=O)N1 1 O=C1N=CNC(=O)C1=CC=CC=CN1CCCC1 1.0000000 1.0000 0.8113540 0.8114 0.7550303 4.2667
 | 9.3751 46.4792 66.9259 0.8859775 O=C1NC(N2CCOCC2)=NC1=C(O)C=CC=CN1CCOCC1 1 O=C1NC(N2CCOCC2)=NC1=CC=CC=CN1CCOCC1 1.0000000 1.0000 0.7331793 0.7332 0.9116984 3.4792
 | 13.3554 55.6845 49.8100 0.8241761 COC1=CCN(C=CC=CC(O)=C2NC(=O)NC2=O)C(O)C1OC 1 O=C1NC(=O)C(=CC=CC=CN2CC=CCC2)N1 1.0000000 1.0000 0.7556037 0.7556 0.5916847 4.7584
 | 13.2586 67.9784 42.7552 0.8651059 CC=CC=c1[nH]c(=O)c(=C(O)C=CC=CN2CC(=O)N(CC)CC2=O)[nH]1 1 C=c1[nH]c(=O)c(=CC=CC=CN2CC(=O)NCC2=O)[nH]1 1.0000000 1.0000 0.7531867 0.7532 0.7674218 4.2223
 | 14.2234 51.9747 60.3701 0.8776936 CCN1CCC(=O)N(C=CC=CC(O)=C2NN(C)C2=O)C1 1 O=C1NNC1=CC=CC=CN1CNCCC1=O 1.0000000 1.0000 0.7411865 0.7412 0.8514853 3.8624
 | 13.3507 60.1939 59.0879 0.9318890 NC1CN(C=CC=CC(O)=C2C(=O)NCC(=O)NC2=O)C1 1 O=C1CNC(=O)C(=CC=CC=CN2CCC2)C(=O)N1 1.0000000 1.0000 0.8633154 0.8633 0.8930286 3.6176
 | 19.0678 74.9457 36.9771 0.8743969 CN1C(=O)C(=NO)CN(C=CC=CC(O)=C2NC(=NC(=N)N)NC2=O)C1=O 1 N=C1NC(=O)C(=CC=CC=CN2CC(=N)C(=O)NC2=O)N1 1.0000000 1.0000 0.8074723 0.8075 0.7186158 4.3892
 | 12.1814 56.9726 57.2072 0.8920296 N=C1N=C(N)N(CCO)CN1C=CC=CC(O)=C1NS(=O)(=O)NC1=O 1 N=C1N=CNCN1C=CC=CC=C1NS(=O)(=O)NC1=O 1.0000000 1.0000 0.8688812 0.8689 0.7019570 4.4420
01:55:46 <INFO> Sampled SMILES N1C(=O)C(=C(O)C=CC=CN2C(C(O)=O)CN(C)CC=C2)NO1NC(C)=O failed to sanitize.
01:55:47 <INFO> Score: 0.75 Agent NLL: 16.04 Valid:  99% Step: 352
 | Agent Prior Target Score SMILES SMILES_state Scaffold DASA DASA (raw) Solubility Solubility (raw) SA SA (raw)
 | 10.2045 77.0651 42.0011 0.9302042 CCN1CCN(C=CC=CC(O)=c2c(=O)[nH]c(=O)[nH]c(=O)c2=C2C(=O)NNC2=O)C1 1 O=C1NNC(=O)C1=c1c(=O)[nH]c(=O)[nH]c(=O)c1=CC=CC=CN1CCNC1 1.0000000 1.0000 0.8983720 0.8984 0.8250643 3.9896
 | 12.1710 56.7775 61.5905 0.9247494 O=C1NC(=O)C(=C(O)C=CC=CN2CC(=O)N(CCO)CCC2=O)C(=O)N1 1 O=C1CN(C=CC=CC=C2C(=O)NC(=O)NC2=O)C(=O)CCN1 1.0000000 1.0000 0.8314726 0.8315 0.9159936 3.4436
 | 7.5330 70.5544 50.3560 0.9446129 O=C1NC(=O)C(=c2c(=O)[nH]c(=O)[nH]c(=O)c2=C(O)C=CC=CNOCCO)N1 1 C=c1c(=O)[nH]c(=O)[nH]c(=O)c1=C1NC(=O)NC1=O 1.0000000 1.0000 0.9259439 0.9259 0.8483198 3.8786
 | 19.4866 63.1353 51.5676 0.8961167 CN1CCOCC(=O)N(C=CC=CC(O)=C2NC(=O)NC2=O)C1 1 O=C1NC(=O)C(=CC=CC=CN2CNCCOCC2=O)N1 1.0000000 1.0000 0.7824790 0.7825 0.8636479 3.7975
 | 12.8383 61.3425 40.2972 0.7940604 COC1=CCN(C=CC=CC(O)=C2NNC(C)NC2=O)C(=O)O1 1 O=C1NCNNC1=CC=CC=CN1CC=COC1=O 1.0000000 1.0000 0.7190958 0.7191 0.5307063 4.9199
 | 21.5621 67.2874 46.8576 0.8917579 CCOCC1NC(=O)C(=C(O)C=CC=CN2CCN(CCO)C2)NC1=O 1 O=C1CNC(=O)C(=CC=CC=CN2CCNC2)N1 1.0000000 1.0000 0.8116551 0.8117 0.7895802 4.1385
 | 16.5542 64.5999 45.2395 0.8581205 CCCN1CCC(O)N(C=CC=CC(O)=C2NN=C(N)NC2=O)C1 1 O=C1NC=NNC1=CC=CC=CN1CCCNC1 1.0000000 1.0000 0.7831544 0.7832 0.6869030 4.4882
 | 14.9458 44.3298 -44.3298 0.0000000 CN1C(=O)C(=C(O)C=CC=CN2CCOCC2)c2ccccc2C1=O 1 O=C1NC(=O)c2ccccc2C1=CC=CC=CN1CCOCC1 1.0000000 1.0000 0.4962074 0.4962 0.9588380 2.9491
 | 13.8676 56.5513 53.5548 0.8602044 CN1C(=O)CN(C=CC=CC(O)=C2SC(=O)NNC2=O)C1=O 1 O=C1CN(C=CC=CC=C2SC(=O)NNC2=O)C(=O)N1 1.0000000 1.0000 0.7212252 0.7212 0.8035903 4.0822
 | 28.0986 94.9526 5.1928 0.7823856 CC(=O)NC1=NC(=O)C(=C(O)C=CC=CN2CC(=O)N(CCCCN=C3CC(=O)C(=O)C(O)C(O)C3)OC2=O)C(=O)N1 1 O=C1CCCC(=NCCCCN2OC(=O)N(C=CC=CC=C3C(=O)N=CNC3=O)CC2=O)CC1=O 1.0000000 1.0000 0.7344335 0.7344 0.4731977 5.0699
01:55:48 <INFO> Score: 0.74 Agent NLL: 15.35 Valid: 100% Step: 353
 | Agent Prior Target Score SMILES SMILES_state Scaffold DASA DASA (raw) Solubility Solubility (raw) SA SA (raw)
 | 12.1151 54.7896 59.7054 0.8944920 CCN1CN(C=CC=CC(O)=C2C(=O)NC(=O)NN2CCO)C1 1 O=C1NNC(=CC=CC=CN2CNC2)C(=O)N1 1.0000000 1.0000 0.8000932 0.8001 0.8227737 3.9999
 | 18.4387 59.9714 49.6454 0.8563809 COCOCCN1C(=O)NC(=O)C1=C(O)C=CC=CN1CC(O)C(O)C1O 1 O=C1NC(=O)C(=CC=CC=CN2CCCC2)N1 1.0000000 1.0000 0.8407484 0.8407 0.6002554 4.7352
 | 11.2296 51.9534 59.0510 0.8672222 CCCN1CN(C)N(C=CC=CC(O)=C2NC(=O)NC2=O)C1 1 O=C1NC(=O)C(=CC=CC=CN2CNCN2)N1 1.0000000 1.0000 0.7263540 0.7264 0.8282756 3.9750
 | 13.0784 58.2487 52.0180 0.8614586 C=CCN1C=CN(C=CC=CC(O)=C2C(=O)NC(=N)NC2=O)CC1=O 1 N=C1NC(=O)C(=CC=CC=CN2C=CNC(=O)C2)C(=O)N1 1.0000000 1.0000 0.7512087 0.7512 0.7540490 4.2702
 | 9.2675 61.3627 56.7595 0.9228294 O=C1NC(=O)C(=C(O)C=CC=CNOCCO)N(CCO)C(=O)N1 1 C=C1NC(=O)NC(=O)NC1=O 1.0000000 1.0000 0.8495888 0.8496 0.8725134 3.7470
 | 7.2939 65.3381 -65.3381 0.0000000 O=C1CN(C=CC=CC(O)=c2c(=O)[nH]c(=O)[nH]c2=C2C(=O)NC(=O)NC2=O)CC(=O)N1 1 O=C1CN(C=CC=CC=c2c(=O)[nH]c(=O)[nH]c2=C2C(=O)NC(=O)NC2=O)CC(=O)N1 1.0000000 1.0000 0.9182533 0.9183 0.8470332 3.8850
 | 7.3438 57.9063 -57.9063 0.0000000 O=C1CN(C=CC=CC(O)=C2C(=O)NN(CCO)C2=O)C(=O)C(=O)N1 1 O=C1CN(C=CC=CC=C2C(=O)NNC2=O)C(=O)C(=O)N1 1.0000000 1.0000 0.8935493 0.8935 0.8639234 3.7960
 | 11.7360 62.3297 54.6248 0.9137070 O=C1NC(=O)C(=C(O)C=CC=CN2CC(=O)N(CCO)CC2=O)NO1 1 O=C1CN(C=CC=CC=C2NOC(=O)NC2=O)C(=O)CN1 1.0000000 1.0000 0.8462253 0.8462 0.8339424 3.9487
 | 16.0531 73.1696 33.1929 0.8309572 COC=C1CNC(=O)C(=O)N1C=CC=CC(O)=c1oc(=CC=C2C(=O)OC(C)(C)OC2=O)n(C)c1=O 1 C=C1CNC(=O)C(=O)N1C=CC=CC=c1oc(=CC=C2C(=O)OCOC2=O)[nH]c1=O 1.0000000 1.0000 0.7165443 0.7165 0.6778173 4.5155
 | 14.1648 61.5889 44.9530 0.8323580 COC1OC(=C(O)C=CC=CN2CC(CO)N(CCO)C2)C(=O)N1C 1 O=C1NCOC1=CC=CC=CN1CCNC1 1.0000000 1.0000 0.8039186 0.8039 0.5591227 4.8452
01:55:48 <INFO> Sampled SMILES N1C(=O)C(=C(O)C=CC=CN2CN(C(OC)=O)CCC2=O)(NO)CN1CCO failed to sanitize.
01:55:48 <INFO> Score: 0.76 Agent NLL: 16.33 Valid:  99% Step: 354
 | Agent Prior Target Score SMILES SMILES_state Scaffold DASA DASA (raw) Solubility Solubility (raw) SA SA (raw)
 | 14.3494 66.2263 52.1285 0.9246474 O=C(O)CN1NC(=O)C(=C(O)C=CC=CN2CC(=O)N(CCO)CC2=O)N1 1 O=C1CN(C=CC=CC=C2NNNC2=O)C(=O)CN1 1.0000000 1.0000 0.8815526 0.8816 0.8264002 3.9835
 | 21.2105 72.1908 36.2791 0.8474214 O=c1[nH]c(=CCO)[nH]c1=C(O)C=C(O)C=CN1CCCOC1O 1 C=c1[nH]c(=O)c(=CC=CC=CN2CCCOC2)[nH]1 1.0000000 1.0000 0.8498951 0.8499 0.5573561 4.8499
 | 9.8659 60.2058 54.8686 0.8990189 CCN1CCN(C=CC=CC(O)=C2NN(CCO)NC2=O)C1 1 O=C1NNNC1=CC=CC=CN1CCNC1 1.0000000 1.0000 0.8181895 0.8182 0.8124413 4.0450
 | 19.0019 75.2501 23.4851 0.7713688 CC=C(C)NC1NC(=O)C1=C(O)C=CC=CN1C(=O)C(=O)NCC1=C(C)C 1 C=C1CNC(=O)C(=O)N1C=CC=CC=C1CNC1=O 1.0000000 1.0000 0.6176351 0.6176 0.5947641 4.7500
 | 11.6857 59.8315 -59.8315 0.0000000 CC(=O)N=C1NC(=O)C(=C(O)C=CC=CN2CC(=O)NC(=O)C2=O)C(=O)N1C 1 N=C1NC(=O)C(=CC=CC=CN2CC(=O)NC(=O)C2=O)C(=O)N1 1.0000000 1.0000 0.8386112 0.8386 0.8521943 3.8587
 | 23.1051 69.1585 39.3397 0.8476420 CCN1C(=O)NC(=O)C1=C(O)C=CC=CN1CC=C(N)C(N)C1 1 O=C1NC(=O)C(=CC=CC=CN2CC=CCC2)N1 1.0000000 1.0000 0.7574689 0.7575 0.6826956 4.5009
 | 11.2344 60.3712 59.0619 0.9330713 CCONC=CC=CC(O)=c1c(=O)[nH]c(=O)[nH]c1=C1C(=O)NC(=O)NC1=O 1 C=c1c(=O)[nH]c(=O)[nH]c1=C1C(=O)NC(=O)NC1=O 1.0000000 1.0000 0.8872922 0.8873 0.8569121 3.8340
 | 10.3551 55.3228 58.0479 0.8857085 CCOC=c1[nH]c(=O)c(=C(O)C=CC=CN2CCNC(=O)C2)sc1=O 1 C=c1[nH]c(=O)c(=CC=CC=CN2CCNC(=O)C2)sc1=O 1.0000000 1.0000 0.7959709 0.7960 0.7883275 4.1434
 | 18.0599 61.3412 53.1494 0.8944579 CCCCN1CN(C=CC=CC(O)=C2C(=O)NC(CO)NC2=O)C1 1 O=C1NCNC(=O)C1=CC=CC=CN1CNC1 1.0000000 1.0000 0.7755830 0.7756 0.8686401 3.7694
 | 12.7186 67.2143 36.2498 0.8083137 N=C1SCC(C(=O)O)N1C=CC=CC(O)=C1N=C(N2CCCC2)NC1=O 1 N=C1SCCN1C=CC=CC=C1N=C(N2CCCC2)NC1=O 1.0000000 1.0000 0.6316171 0.6316 0.7311397 4.3483
01:55:49 <INFO> Sampled SMILES N1C(=O)C(=C(O)C=CC=CN2CN(CCO)C(CO)C2)(C)OC1=CC=C1N(C)C(=O)C(C(=O)O)=C1C failed to sanitize.
01:55:49 <INFO> Score: 0.74 Agent NLL: 16.31 Valid:  99% Step: 355
 | Agent Prior Target Score SMILES SMILES_state Scaffold DASA DASA (raw) Solubility Solubility (raw) SA SA (raw)
 | 19.3489 62.3436 55.4147 0.9199866 NN1CCN(C=c2[nH]c(=O)c(=C(O)C=CC=CN(CCO)CCO)c(=O)[nH]2)CC1 1 C=c1c(=O)[nH]c(=CN2CCNCC2)[nH]c1=O 1.0000000 1.0000 0.9080813 0.9081 0.7640728 4.2345
 | 33.4532 84.7406 22.8346 0.8404312 CCOC(=O)N1CCC(=C(N)NO)N(C=CC=CC(O)=C2C(=O)NC(C)(CCCN)NC2=O)C1 1 C=C1CCNCN1C=CC=CC=C1C(=O)NCNC1=O 1.0000000 1.0000 0.6820813 0.6821 0.7841932 4.1595
 | 13.0928 55.8181 59.1995 0.8985748 C=CCN1C(=O)CN(C=CC=CC(O)=C2C(=O)NC2=O)C1=O 1 O=C1CN(C=CC=CC=C2C(=O)NC2=O)C(=O)N1 1.0000000 1.0000 0.7676745 0.7677 0.9059404 3.5245
 | 13.1463 53.6554 54.8358 0.8475874 CN=C1NC(=O)C(=C(O)C=CC=CN2CCCN(CCO)C2)S1 1 N=C1NC(=O)C(=CC=CC=CN2CCCNC2)S1 1.0000000 1.0000 0.6887089 0.6887 0.8061317 4.0717
 | 21.3403 67.0023 42.7340 0.8573148 CCC1NC(=O)C(=C(O)C=CC=CN2CCC2=O)C(=O)NC1O 1 O=C1NCCNC(=O)C1=CC=CC=CN1CCC1=O 1.0000000 1.0000 0.7875370 0.7875 0.6768812 4.5183
 | 11.5658 56.5994 58.2084 0.8969365 COC(=O)N1CC(=O)N(C=CC=CC(O)=C2C(=O)NC(=O)N2CCO)C1 1 O=C1NC(=O)C(=CC=CC=CN2CNCC2=O)N1 1.0000000 1.0000 0.7803028 0.7803 0.8720437 3.7498
 | 14.4750 49.9565 59.4884 0.8550387 O=C1NC(=O)C(=C(O)C=CC=CN2CCn3cccc3C2=O)N1 1 O=C1NC(=O)C(=CC=CC=CN2CCn3cccc3C2=O)N1 1.0000000 1.0000 0.6729323 0.6729 0.8789730 3.7084
 | 12.2143 56.3068 48.0777 0.8155033 N=C1NC(=O)C(=C(O)C=CC=CN2NNC2O)N1 1 N=C1NC(=O)C(=CC=CC=CN2CNN2)N1 1.0000000 1.0000 0.8888550 0.8889 0.4212413 5.2069
 | 12.9088 82.5078 36.4019 0.9289818 O=C1CN(C=CC=CC(O)=c2c(=O)[nH]c(=O)[nH]c(=O)c2=C2C(=O)NC(=O)NC2=O)OCCCN1 1 O=C1CN(C=CC=CC=c2c(=O)[nH]c(=O)[nH]c(=O)c2=C2C(=O)NC(=O)NC2=O)OCCCN1 1.0000000 1.0000 0.8981693 0.8982 0.8197116 4.0135
 | 12.8437 60.5863 48.3871 0.8513542 C=C1CN(C=CC=CC(O)=C2C(=O)NN3CCCN23)NC1=O 1 C=C1CN(C=CC=CC=C2C(=O)NN3CCCN23)NC1=O 1.0000000 1.0000 0.7745847 0.7746 0.6717510 4.5335
01:55:50 <INFO> Score: 0.72 Agent NLL: 15.85 Valid: 100% Step: 356
 | Agent Prior Target Score SMILES SMILES_state Scaffold DASA DASA (raw) Solubility Solubility (raw) SA SA (raw)
 | 14.5403 77.3345 35.4814 0.8813740 O=C1NCN(C=CC=CC(O)=C2C(=O)NN=C(N=CN3CC3)NC2=O)N1 1 O=C1NCN(C=CC=CC=C2C(=O)NN=C(N=CN3CC3)NC2=O)N1 1.0000000 1.0000 0.8391290 0.8391 0.7004724 4.4466
 | 15.2087 66.2728 45.1646 0.8706042 CC(=O)N1NC(=O)C1=C(O)C=CC=CN1CN(CCO)CC([N+](=O)[O-])=C1N1CCOCC1 1 O=C1NNC1=CC=CC=CN1CNCC=C1N1CCOCC1 1.0000000 1.0000 0.7517796 0.7518 0.7959769 4.1132
 | 22.3861 75.8681 23.5549 0.7767420 CC1NC(=O)C(=C(O)C=CC=CN2CN(C)CC2CCO)N(CCO)C=CO1 1 O=C1NCOC=CNC1=CC=CC=CN1CCNC1 1.0000000 1.0000 0.7159068 0.7159 0.4763809 5.0616
 | 10.2345 58.7494 55.5794 0.8931938 O=C1NNNC1=C(O)C=CC=CN1CN(CCO)C=CC1=O 1 O=C1NNNC1=CC=CC=CN1CNC=CC1=O 1.0000000 1.0000 0.8521038 0.8521 0.7313123 4.3477
 | 17.9497 58.5367 36.4752 0.7422798 CCN1CC(C=O)N(C=CC=CC(O)=C2Cc3ccccc3NC2=O)C1 1 O=C1Nc2ccccc2CC1=CC=CC=CN1CCNC1 1.0000000 1.0000 0.4659197 0.4659 0.7960414 4.1129
 | 12.8961 54.4949 -54.4949 0.0000000 C=c1c(=O)c(=O)c(=O)c1=C(O)C=CC=CN1CC1 1 C=c1c(=O)c(=O)c(=O)c1=CC=CC=CN1CC1 1.0000000 1.0000 0.8774372 0.8774 0.8629018 3.8016
 | 10.0478 61.5969 -61.5969 0.0000000 CN1NC(=O)C(=C(O)C=CC=CN2CC(=O)N(CCO)C(=O)C2=O)N=C1N 1 O=C1CN(C=CC=CC=C2N=CNNC2=O)C(=O)C(=O)N1 1.0000000 1.0000 0.8790417 0.8790 0.8336837 3.9499
 | 11.8602 52.9482 62.0093 0.8981058 CC1=CN(CCO)C(=C(O)C=CC=CN(CCO)CCO)C(=O)N1 1 C=C1NC=CNC1=O 1.0000000 1.0000 0.8110499 0.8110 0.8206089 4.0095
 | 24.7398 72.8830 41.0063 0.8897597 O=C1N(C=CC=CC(O)=C2C(=O)N(S(=O)(=O)O)C(=O)N2CCO)CN1CCCO 1 O=C1NC(=O)C(=CC=CC=CN2CNC2=O)N1 1.0000000 1.0000 0.7841076 0.7841 0.8289424 3.9719
 | 15.0784 67.0408 41.0238 0.8442550 C=C1NOCNC(=O)C1=C(O)C=CC=CN1CC(N)CN(CCO)C1 1 C=C1NOCNC(=O)C1=CC=CC=CN1CCCNC1 1.0000000 1.0000 0.8117448 0.8117 0.5922464 4.7568
01:55:51 <INFO> Sampled SMILES N1C(=O)C(=C(O)C=CC=CN2CN(C(=O)OCCC)C2)([N+](=O)[O-])C(=O)NC1=O failed to sanitize.
01:55:51 <INFO> Score: 0.74 Agent NLL: 17.30 Valid:  98% Step: 357
 | Agent Prior Target Score SMILES SMILES_state Scaffold DASA DASA (raw) Solubility Solubility (raw) SA SA (raw)
 | 8.8038 56.1550 -56.1550 0.0000000 CN1CCN(C=CC=CC(O)=C2NNNNC2=O)C1 1 O=C1NNNNC1=CC=CC=CN1CCNC1 1.0000000 1.0000 0.8562967 0.8563 0.7411901 4.3146
 | 15.9703 63.4734 47.9548 0.8705329 NC(=O)C1CCNN1C=CC=CC(O)=C1NN=C(N)NC1=O 1 O=C1NC=NNC1=CC=CC=CN1CCCN1 1.0000000 1.0000 0.8812747 0.8813 0.6024588 4.7292
 | 18.2794 80.4223 24.9266 0.8230383 CC(C=CN1CC=C(C)CC1O)=CC(O)=c1oc(=C2C(=O)NNC2=O)n(C)c1=O 1 O=C1NNC(=O)C1=c1[nH]c(=O)c(=CC=CC=CN2CC=CCC2)o1 1.0000000 1.0000 0.7879206 0.7879 0.5458974 4.8801
 | 15.5740 54.5953 55.3924 0.8592792 O=C1NC(NS(=O)(=O)C(F)(F)F)=NC1=C(O)C=CC=CN1CCOCC1 1 O=C1NC=NC1=CC=CC=CN1CCOCC1 1.0000000 1.0000 0.6880179 0.6880 0.8677716 3.7744
 | 9.7495 48.0667 70.4115 0.9256109 O=C1CN(C=CC=CC(O)=C2C(=O)NNC2=O)CCN1 1 O=C1CN(C=CC=CC=C2C(=O)NNC2=O)CCN1 1.0000000 1.0000 0.8612150 0.8612 0.8655739 3.7868
 | 19.0493 77.7606 25.3684 0.8056957 Cn1c(=C2NC(=O)NC2=O)oc(=C(O)C=CC=CN2CC(=O)N3C(CO)C(O)C(O)C3OC2=O)c1=O 1 O=C1NC(=O)C(=c2[nH]c(=O)c(=CC=CC=CN3CC(=O)N4CCCC4OC3=O)o2)N1 1.0000000 1.0000 0.8953308 0.8953 0.3903254 5.2905
 | 17.3743 65.4647 47.4443 0.8821009 CCCCN1C(=O)NC(=O)C1=C(O)C=CC=CN1CN(CCO)CC(=O)C1=O 1 O=C1NC(=O)C(=CC=CC=CN2CNCC(=O)C2=O)N1 1.0000000 1.0000 0.7405183 0.7405 0.8755544 3.7290
 | 33.2151 90.5742 4.7951 0.7450726 CC(O)=C1C(=O)NN(C=CC=CC(O)=C2C(=O)NC(=CN=CN3CCOCC3)C(N)C2O)C1=S 1 C=C1C(=O)NN(C=CC=CC=C2CCC(=CN=CN3CCOCC3)NC2=O)C1=S 1.0000000 1.0000 0.6830569 0.6831 0.4156647 5.2219
 | 8.3187 56.5676 -56.5676 0.0000000 O=C1NC(=O)C(=c2[nH][nH]c(=O)c2=C(O)C=CC=CN(CCO)CCO)C(=O)N1 1 C=c1c(=O)[nH][nH]c1=C1C(=O)NC(=O)NC1=O 1.0000000 1.0000 0.9129848 0.9130 0.8465522 3.8875
 | 14.6528 62.3374 52.2691 0.8953627 CC(=O)NC1=NN(C=CC=CC(O)=C2C(=O)NN2C)CN1CCO 1 O=C1NNC1=CC=CC=CN1CNC=N1 1.0000000 1.0000 0.8263966 0.8264 0.7814743 4.1699
01:55:52 <INFO> Score: 0.74 Agent NLL: 16.75 Valid: 100% Step: 358
 | Agent Prior Target Score SMILES SMILES_state Scaffold DASA DASA (raw) Solubility Solubility (raw) SA SA (raw)
 | 28.3829 75.1327 12.0307 0.6809635 C=C(NCC1C(=O)N(C=CC=CC(O)=C2SC(=O)NC2=O)CC=C1OC)C(C)C 1 O=C1NC(=O)C(=CC=CC=CN2CC=CCC2=O)S1 1.0000000 1.0000 0.4108723 0.4109 0.6308309 4.6510
 | 12.3104 57.6230 54.3770 0.8750000 O=C1NC(=O)C(=C(O)C=CC=CN2CC=CC2=O)C(C(=O)O)N1 1 O=C1NCC(=CC=CC=CN2CC=CC2=O)C(=O)N1 1.0000000 1.0000 0.7809021 0.7809 0.7647126 4.2322
 | 15.3785 61.3153 50.1296 0.8706634 CCN1CCN(C=CC=CC(O)=C2C(=O)Nc3c(c(=O)[nH]c(=O)n3C)C2=O)C1 1 O=C1Nc2[nH]c(=O)[nH]c(=O)c2C(=O)C1=CC=CC=CN1CCNC1 1.0000000 1.0000 0.7087463 0.7087 0.8827851 3.6847
 | 9.9822 58.1064 -58.1064 0.0000000 N=C1C(=C(O)C=CC=CN2CC(=O)N(CCO)CC2=O)C(=O)NN1c1ccccc1 1 N=C1C(=CC=CC=CN2CC(=O)NCC2=O)C(=O)NN1c1ccccc1 1.0000000 1.0000 0.6769784 0.6770 0.9068984 3.5171
 | 12.1007 71.7290 47.3627 0.9304037 O=C1NC(=O)C(=c2[nH][nH]c(=O)c2=C(O)C=CC=CN2CC(=O)N(CCO)CC2=O)N1 1 O=C1CN(C=CC=CC=c2c(=O)[nH][nH]c2=C2NC(=O)NC2=O)C(=O)CN1 1.0000000 1.0000 0.9047483 0.9047 0.8158332 4.0304
 | 13.1009 63.7935 49.5533 0.8855218 O=C1CN(C=CC=CC(O)=c2c(=O)[nH]c(=O)[nH]c2=C2C(=O)ON=C2C(F)(F)F)CCN1 1 O=C1CN(C=CC=CC=c2c(=O)[nH]c(=O)[nH]c2=C2C=NOC2=O)CCN1 1.0000000 1.0000 0.7960462 0.7960 0.7873251 4.1473
 | 12.6974 61.7990 55.1137 0.9133803 O=C1NN(CCO)C(=O)C1=C(O)C=CC=CN1CN(CCO)NN1 1 O=C1NNC(=O)C1=CC=CC=CN1CNNN1 1.0000000 1.0000 0.9043988 0.9044 0.7409537 4.3154
 | 11.6661 51.5981 52.6662 0.8145648 O=C1NC(=O)C(=C(O)C=CC=CN2CCNCC2CO)SS1 1 O=C1NC(=O)C(=CC=CC=CN2CCNCC2)SS1 1.0000000 1.0000 0.6687587 0.6688 0.6888715 4.4822
 | 15.1819 56.3991 59.7026 0.9070446 COC1=CC(=O)CC(=c2[nH]c(=O)[nH]c(=O)c2=C(O)C=CC=CN(O)CCO)C1=O 1 C=c1c(=O)[nH]c(=O)[nH]c1=C1CC(=O)C=CC1=O 1.0000000 1.0000 0.8413987 0.8414 0.8105825 4.0529
 | 12.4750 67.3792 -67.3792 0.0000000 CCCCN1CCC(=O)N(C=CC=CC(O)=c2c(=O)[nH]c(=O)[nH]c2=C2C(=O)NC(=O)NC2=O)C1 1 O=C1NC(=O)C(=c2[nH]c(=O)[nH]c(=O)c2=CC=CC=CN2CNCCC2=O)C(=O)N1 1.0000000 1.0000 0.8126824 0.8127 0.8632197 3.7999
01:55:53 <INFO> Score: 0.74 Agent NLL: 16.35 Valid: 100% Step: 359
 | Agent Prior Target Score SMILES SMILES_state Scaffold DASA DASA (raw) Solubility Solubility (raw) SA SA (raw)
 | 20.9547 56.4231 32.7799 0.6968985 C=CC1(C)CCC(=C(O)C=CC=CN2CN(CCC)NC2=O)C(=O)N1 1 O=C1NCCCC1=CC=CC=CN1CNNC1=O 1.0000000 1.0000 0.4797418 0.4797 0.5430960 4.8874
 | 17.5857 55.6130 58.0285 0.8878244 CN1CNC(=O)C1=C(O)C=CC=CN1CCCNCC1 1 O=C1NCNC1=CC=CC=CN1CCCNCC1 1.0000000 1.0000 0.7573500 0.7574 0.8708591 3.7567
 | 14.7306 62.4359 51.5382 0.8904232 C=C(C)C(=O)NC=CC=CC(O)=C1C(=O)NC(=O)NC(=O)N1CCO 1 C=C1NC(=O)NC(=O)NC1=O 1.0000000 1.0000 0.7595034 0.7595 0.8799428 3.7024
 | 15.2955 70.5051 35.2315 0.8260669 CC1NC(=O)C(=C(O)C=CC=CN2CC(=O)N(CCN=[N+]=[N-])C2=O)C(=O)NN1C 1 O=C1CN(C=CC=CC=C2C(=O)NCNNC2=O)C(=O)N1 1.0000000 1.0000 0.7142787 0.7143 0.6607870 4.5656
 | 14.2260 82.3259 27.0802 0.8547350 CN1C(=O)C(=C(O)C=CC=CN2CCC2=CC=CN(CCO)CCO)C1=C1C(=O)NC(=O)NC1=O 1 C=C1CCN1C=CC=CC=C1C(=O)NC1=C1C(=O)NC(=O)NC1=O 1.0000000 1.0000 0.7211625 0.7212 0.7772438 4.1859
 | 17.5993 70.6336 44.4707 0.8992524 O=C1CN(C=CC=CC(O)=c2c(=O)[nH]c(=CN3C=CC3)[nH]c2=O)C(=O)C(=O)N1 1 O=C1CN(C=CC=CC=c2c(=O)[nH]c(=CN3C=CC3)[nH]c2=O)C(=O)C(=O)N1 1.0000000 1.0000 0.8804482 0.8804 0.7155613 4.3990
 | 18.9236 59.2009 46.5214 0.8259551 COC1=CCN(C=CC=CC(O)=C2C(=O)NC(OC)NC2=O)C(=O)C1C 1 O=C1NCNC(=O)C1=CC=CC=CN1CC=CCC1=O 1.0000000 1.0000 0.7216739 0.7217 0.6485215 4.6010
 | 13.2586 66.6168 50.8307 0.9175585 NCCN1C(=O)CN(C=CC=CC(O)=C2NN(CC(=O)O)NC2=O)C1=O 1 O=C1CN(C=CC=CC=C2NNNC2=O)C(=O)N1 1.0000000 1.0000 0.8632040 0.8632 0.8234339 3.9969
 | 18.4200 70.5690 37.5071 0.8443450 CC(C)N1NC(=O)C(=C(O)C=CC=CN2C(=O)NC(=O)C2C(=O)O)C1O 1 O=C1CN(C=CC=CC=C2CNNC2=O)C(=O)N1 1.0000000 1.0000 0.7993117 0.7993 0.6088022 4.7119
 | 12.5374 60.3645 52.2790 0.8800271 N=C1NC(=O)C(=C(O)C=CC=CN2COC(=O)N(CCO)C2)N1 1 N=C1NC(=O)C(=CC=CC=CN2CNC(=O)OC2)N1 1.0000000 1.0000 0.8120171 0.8120 0.7359785 4.3322
01:55:53 <INFO> Sampled SMILES N1C(=O)C(=C(O)C=CC=CN2CC=CC=C2)N(C)C1=CC=CCO1C(=O)NC(C)=N1 failed to sanitize.
01:55:54 <INFO> Score: 0.77 Agent NLL: 16.40 Valid:  99% Step: 360
 | Agent Prior Target Score SMILES SMILES_state Scaffold DASA DASA (raw) Solubility Solubility (raw) SA SA (raw)
 | 9.2249 51.2190 -51.2190 0.0000000 O=C1NN=NC1=C(O)C=CC=CN1C=CCC1 1 O=C1NN=NC1=CC=CC=CN1C=CCC1 1.0000000 1.0000 0.6501751 0.6502 0.6778741 4.5153
 | 20.0264 79.5634 36.0282 0.9030589 COCCN1CN(C=CC=CC(O)=c2c(=O)[nH]c(=C(O)CO)n(C)c2=O)C1=O 1 C=c1[nH]c(=O)c(=CC=CC=CN2CNC2=O)c(=O)[nH]1 1.0000000 1.0000 0.8464096 0.8464 0.7838687 4.1607
 | 16.8034 67.4400 49.6805 0.9150041 O=C1NCCN(C=CC=CC(O)=C2C(=O)NN(CCOCCOCC[N+](=O)[O-])C2=O)C1=O 1 O=C1NCCN(C=CC=CC=C2C(=O)NNC2=O)C1=O 1.0000000 1.0000 0.8459371 0.8459 0.8406774 3.9165
 | 14.9640 64.3644 43.5110 0.8427762 CN1C(=O)NC(=O)NC(=O)C1=C(O)C=CC=CN1C(=S)OCC1C(=O)O 1 O=C1NC(=O)NC(=CC=CC=CN2CCOC2=S)C(=O)N1 1.0000000 1.0000 0.7223407 0.7223 0.7197648 4.3855
 | 22.0464 71.5680 29.4533 0.7892288 CC1CSN(C=CC=CC(O)=C2C(=O)NCCC2O)C(C(=O)O)C(=O)N1 1 O=C1CN(C=CC=CC=C2CCCNC2=O)SCCN1 1.0000000 1.0000 0.7307023 0.7307 0.4997693 5.0006
 | 8.6642 58.0746 -58.0746 0.0000000 O=C1NC(=O)C(=c2[nH]c(=O)[nH]c(=O)c2=C(O)C=CC=CN2CC2)C(=O)N1 1 O=C1NC(=O)C(=c2[nH]c(=O)[nH]c(=O)c2=CC=CC=CN2CC2)C(=O)N1 1.0000000 1.0000 0.8944043 0.8944 0.8827676 3.6848
 | 13.9304 59.9508 49.1662 0.8524763 O=C1NC=CNC1=C(O)C=CC=CN1CC=CC(=O)N1O 1 O=C1C=CCN(C=CC=CC=C2NC=CNC2=O)N1 1.0000000 1.0000 0.7589049 0.7589 0.7010586 4.4447
 | 15.2771 51.1338 -51.1338 0.0000000 COC1NNC(=O)C1=C(O)C=CC=CN(CCO)CCO 1 C=C1CNNC1=O 1.0000000 1.0000 0.8612747 0.8613 0.7154088 4.3995
 | 6.8969 62.9751 -62.9751 0.0000000 NC=CC=CC(O)=c1c(=O)[nH]c(=O)[nH]c(=O)c1=C1C(=O)NC(=O)NC1=O 1 C=c1c(=O)[nH]c(=O)[nH]c(=O)c1=C1C(=O)NC(=O)NC1=O 1.0000000 1.0000 0.9219546 0.9220 0.8769511 3.7207
 | 25.2219 66.4845 15.4792 0.6403411 CN1C(=O)C(=C(O)C=CC=CN2CC=CCC2)OC1=NC(=O)CCCCNC(=O)OC(C)(C)C 1 N=C1NC(=O)C(=CC=CC=CN2CC=CCC2)O1 1.0000000 1.0000 0.2878423 0.2878 0.8514107 3.8628
01:55:54 <INFO> Score: 0.75 Agent NLL: 16.86 Valid: 100% Step: 361
 | Agent Prior Target Score SMILES SMILES_state Scaffold DASA DASA (raw) Solubility Solubility (raw) SA SA (raw)
 | 18.7426 53.3422 49.9496 0.8069669 CC1=CC(=C(O)C=CC=CN2CCC(=O)NC2=O)C(=O)NS1 1 O=C1CCN(C=CC=CC=C2C=CSNC2=O)C(=O)N1 1.0000000 1.0000 0.5932683 0.5933 0.8087291 4.0608
 | 22.1602 74.1711 39.0019 0.8841640 O=C1CCN(C=CC=CC(O)=C2C(=O)NN(CCCOCO)C2=O)C(C(=O)O)N1 1 O=C1CCN(C=CC=CC=C2C(=O)NNC2=O)CN1 1.0000000 1.0000 0.8346222 0.8346 0.7189354 4.3882
 | 13.9286 56.5080 50.6791 0.8373988 CCN(CC)C1=C([N+](=O)[O-])CN(C=CC=CC(O)=C2C(=O)N(C)C2=O)CN1C 1 O=C1NC(=O)C1=CC=CC=CN1CC=CNC1 1.0000000 1.0000 0.6434446 0.6434 0.8521190 3.8591
 | 10.7635 53.3067 61.0117 0.8931126 CN1CCN(C=CC=CC(O)=C2N=C(N)N(C)NC2=O)C1 1 O=C1NNC=NC1=CC=CC=CN1CCNC1 1.0000000 1.0000 0.8062819 0.8063 0.8052033 4.0755
 | 13.9801 62.0002 57.2751 0.9318384 O=C1NC(=O)C(=C(O)C=CC=CN2CN(CCO)C2=O)C(=O)NC1=O 1 O=C1NC(=O)C(=CC=CC=CN2CNC2=O)C(=O)NC1=O 1.0000000 1.0000 0.8668832 0.8669 0.8863536 3.6619
 | 19.3340 76.1008 32.3358 0.8471605 CCN1CC(C(O)=NO)N(C=CC=CC(O)=C2C(=O)NCC(=O)NC2=O)C1=S 1 O=C1CNC(=O)C(=CC=CC=CN2CCNC2=S)C(=O)N1 1.0000000 1.0000 0.7496665 0.7497 0.6931076 4.4693
 | 19.4551 74.5264 -74.5102 0.0001268 CC=Cn1c(=O)c(C(=O)O)c(C(=O)O)n1C=CC=CC(O)=C1OC(=N)NC1=O 1 N=C1NC(=O)C(=CC=CC=Cn2ccc(=O)[nH]2)O1 0.0000000 0.0000 0.6632316 0.6632 0.7125837 4.4085
 | 20.8565 60.1329 46.8773 0.8360173 NC1NNC(=O)C1=C(O)C=CC=CN1CN(CCO)NC=N1 1 O=C1NNCC1=CC=CC=CN1CNNC=N1 1.0000000 1.0000 0.8862048 0.8862 0.4824423 5.0458
 | 17.7184 72.5041 41.8999 0.8937811 CN1CN(C=CC=CC(O)=C2C(=O)NN2CCO)C(=N)N(CC(=O)O)C1=O 1 N=C1NC(=O)NCN1C=CC=CC=C1NNC1=O 1.0000000 1.0000 0.8118732 0.8119 0.7986553 4.1024
 | 9.7232 47.8685 62.6444 0.8633823 O=C1NC(N2CCCC2)=NC1=C(O)C=CC=CN1CCOCC1 1 O=C1NC(N2CCCC2)=NC1=CC=CC=CN1CCOCC1 1.0000000 1.0000 0.6775879 0.6776 0.9138536 3.4615
01:55:55 <INFO> Sampled SMILES N1C(=O)C(=C(O)C=CC=CN2CN(CC)C2)N(C)C1=C#N failed to sanitize.
01:55:55 <INFO> Score: 0.77 Agent NLL: 16.31 Valid:  99% Step: 362
 | Agent Prior Target Score SMILES SMILES_state Scaffold DASA DASA (raw) Solubility Solubility (raw) SA SA (raw)
 | 19.2449 67.3727 48.2043 0.9029457 CONC1=NC(=C(O)C=CC=CN2CC(=O)N(CCN)CC2=O)C(=O)N(C)N1 1 O=C1CN(C=CC=CC=C2N=CNNC2=O)C(=O)CN1 1.0000000 1.0000 0.8476621 0.8477 0.7813289 4.1704
 | 15.4944 61.0901 51.6650 0.8808990 C=CC1CN(CCO)CN1C=CC=CC(O)=C1C(=O)NC1=O 1 O=C1NC(=O)C1=CC=CC=CN1CCNC1 1.0000000 1.0000 0.7961452 0.7961 0.7658181 4.2281
 | 18.7558 61.2407 50.0857 0.8697371 CN1CC(C)(CCO)NC(=O)C1=C(O)C=CC=CN(CCO)CCO 1 C=C1NCCNC1=O 1.0000000 1.0000 0.8071621 0.8072 0.6992069 4.4505
 | 13.5483 63.5078 53.1538 0.9114182 O=C1N=C(NCCO)NC(=O)C1=C(O)C=CC=CN1CN=CN(CCO)C1 1 O=C1N=CNC(=O)C1=CC=CC=CN1CN=CNC1 1.0000000 1.0000 0.8561575 0.8562 0.8063973 4.0705
 | 45.5158 112.9396 -30.2829 0.6457554 COC1C(=O)C2=CC3=C(C(=c4[nH]c(=O)n(C)c(=O)c4=C(O)C=CC=CN(C)CCO)C(O)C=C3)C3(C(=O)C(=O)C(=O)C3O)C21O 1 C=c1c(=O)[nH]c(=O)[nH]c1=C1CC=CC2=C1C1(CC(=O)C(=O)C1=O)C1CC(=O)C1=C2 1.0000000 1.0000 0.8517745 0.8518 0.1332874 6.2196
 | 14.4854 58.6219 -58.6219 0.0000000 CN1C(=O)C(=C(O)C=CC=CN2CC(O)C2)C(=O)OC1=S 1 O=C1NC(=S)OC(=O)C1=CC=CC=CN1CCC1 1.0000000 1.0000 0.7592849 0.7593 0.8694472 3.7648
 | 12.5420 60.3441 53.6196 0.8903409 NC1=NNC(=C(O)C=CC=CN2CCC(=O)N2O)C(=O)N1 1 O=C1CCN(C=CC=CC=C2NN=CNC2=O)N1 1.0000000 1.0000 0.8460040 0.8460 0.7282308 4.3579
 | 14.7391 57.0008 49.9585 0.8356200 CCCCN1C=NN(C=CC=CC(O)=C2NC(=N)NC2=O)C1 1 N=C1NC(=O)C(=CC=CC=CN2CNC=N2)N1 1.0000000 1.0000 0.7042535 0.7043 0.7194829 4.3864
 | 13.2478 54.9989 -54.9989 0.0000000 N1C(=O)C(=C(O)C=CC=CN2CN(CC)C2)N(C)C1=C#N 0 -- 0.0000000 0.0000 0.0000000 0.0000 0.0000000 0.0000
 | 15.9321 64.2885 51.4071 0.9038724 C=c1[nH]c(=O)c(=C(O)C=CC=CN2C=CCN(CCO)C2)c(=O)[nH]c1=O 1 C=c1[nH]c(=O)c(=CC=CC=CN2C=CCNC2)c(=O)[nH]c1=O 1.0000000 1.0000 0.8572555 0.8573 0.7702281 4.2120
01:55:56 <INFO> Score: 0.75 Agent NLL: 16.84 Valid: 100% Step: 363
 | Agent Prior Target Score SMILES SMILES_state Scaffold DASA DASA (raw) Solubility Solubility (raw) SA SA (raw)
 | 17.5717 68.7136 33.8556 0.8013218 CCN1CN(C=CC=CC(O)=C2NNC(CO)NC2=O)C(=O)N(Cc2ccccc2)C1=O 1 O=C1NCNNC1=CC=CC=CN1CNC(=O)N(Cc2ccccc2)C1=O 1.0000000 1.0000 0.6033300 0.6033 0.7568594 4.2603
 | 22.7740 83.7467 25.7090 0.8551231 CC(O)=C1C(=O)N(CC[N+](C)(C)C)CN1C=CC=CC(O)=C1C(=O)NN(CCOCCN(C)CCO)C1=O 1 C=C1C(=O)NCN1C=CC=CC=C1C(=O)NNC1=O 1.0000000 1.0000 0.7272838 0.7273 0.7676594 4.2214
 | 13.5658 56.6774 57.7768 0.8941735 O=C1NC(=O)NC(=C(O)C=CC=CN2CCCNC2)C(=O)N1 1 O=C1NC(=O)NC(=CC=CC=CN2CCCNC2)C(=O)N1 1.0000000 1.0000 0.7769565 0.7770 0.8645101 3.7927
 | 25.3950 67.2330 39.3298 0.8325211 CN1OC(=C(O)C=CC=CN2CC=CCC2=NOCCO)C1=O 1 N=C1CC=CCN1C=CC=CC=C1ONC1=O 1.0000000 1.0000 0.6909794 0.6910 0.7294765 4.3538
 | 10.8203 62.7252 53.7979 0.9103366 COCCCN1NC(=O)C(=C(O)C=CC=CN2CC(=O)N(CCO)CC2=O)N=C1N 1 O=C1CN(C=CC=CC=C2N=CNNC2=O)C(=O)CN1 1.0000000 1.0000 0.8361511 0.8362 0.8352418 3.9426
 | 27.1688 73.7661 31.8624 0.8252230 CN1C(=O)C(=C(O)C=CC=CN2CC(=O)N(CCN)C(=O)C2)C2Oc3ccccc3C21O 1 O=C1CN(C=CC=CC=C2C(=O)NC3c4ccccc4OC23)CC(=O)N1 1.0000000 1.0000 0.6889648 0.6890 0.7000912 4.4478
 | 11.2805 55.4191 54.1479 0.8559918 COC(=O)N1CCN(C=CC=CC(O)=C2N=NNC2=O)C1 1 O=C1NN=NC1=CC=CC=CN1CCNC1 1.0000000 1.0000 0.7025215 0.7025 0.8199950 4.0122
 | 14.0487 74.2660 41.9438 0.9078886 O=C1NCCCN1C=CC=CC(O)=c1c(=O)[nH]c(=O)[nH]c(=O)c1=C1CCCN1CCO 1 O=C1NCCCN1C=CC=CC=c1c(=O)[nH]c(=O)[nH]c(=O)c1=C1CCCN1 1.0000000 1.0000 0.8170275 0.8170 0.8575444 3.8306
 | 10.7552 62.0788 54.2238 0.9086138 CCN1CCN(C=CC=CC(O)=C2C(=O)NN=C(N)NC2=O)C1 1 O=C1NC=NNC(=O)C1=CC=CC=CN1CCNC1 1.0000000 1.0000 0.8199030 0.8199 0.8558684 3.8395
 | 9.1348 55.5223 -55.5223 0.0000000 N=C1NC(=O)C(=C(O)C=CC=CN2CC(N)CN(CCO)C2)N1 1 N=C1NC(=O)C(=CC=CC=CN2CCCNC2)N1 1.0000000 1.0000 0.8548646 0.8549 0.6374298 4.6324
01:55:57 <INFO> Score: 0.75 Agent NLL: 16.01 Valid: 100% Step: 364
 | Agent Prior Target Score SMILES SMILES_state Scaffold DASA DASA (raw) Solubility Solubility (raw) SA SA (raw)
 | 20.6308 58.9194 42.3813 0.7914117 O=C1NC(Br)CNC1=C(O)C=CC=CN1CCC(C(=O)O)C1 1 O=C1NCCNC1=CC=CC=CN1CCCC1 1.0000000 1.0000 0.6524534 0.6525 0.6182320 4.6860
 | 11.8658 74.9406 40.6520 0.9030674 CC(=O)NC1CN(CCO)C(=O)CN(C=CC=CC(O)=C2NN=C(N)NC2=O)C1=O 1 O=C1CN(C=CC=CC=C2NN=CNC2=O)C(=O)CCN1 1.0000000 1.0000 0.8810438 0.8810 0.7307777 4.3495
 | 14.2058 54.9845 59.6509 0.8955884 O=C1NOC(=O)C1=C(O)C=CC=CN1CN(CCO)NN1 1 O=C1NOC(=O)C1=CC=CC=CN1CNNN1 1.0000000 1.0000 0.8850186 0.8850 0.6940691 4.4663
 | 19.8827 70.6251 38.1477 0.8497869 O=C1NCONC1=C(O)C=CC=CN1CC=C(CO)NC1 1 O=C1NCONC1=CC=CC=CN1CC=CNC1 1.0000000 1.0000 0.8202654 0.8203 0.6018074 4.7310
 | 10.2049 65.4303 50.2128 0.9034615 NC1=NNN(CCO)CN1C=CC=CC(O)=C1C(=O)NNNC1=O 1 O=C1NNNC(=O)C1=CC=CC=CN1C=NNNC1 1.0000000 1.0000 0.9112213 0.9112 0.6905320 4.4771
 | 28.9860 70.2641 28.5873 0.7722763 CNC1C(=O)NC(=O)C1=C(O)C=CC=CN1SNC1NC(O)C(C)N 1 O=C1CC(=CC=CC=CN2CNS2)C(=O)N1 1.0000000 1.0000 0.8548039 0.8548 0.3388756 5.4354
 | 13.1574 63.8714 50.9600 0.8971200 O=C1NC(NCCO)=NC1=C(O)C=CC=CN1CCNC(=O)C1CCO 1 O=C1CN(C=CC=CC=C2N=CNC2=O)CCN1 1.0000000 1.0000 0.8592830 0.8593 0.7374406 4.3273
 | 16.1373 68.4559 45.8811 0.8932584 CC(O)=C1C(=O)N(C=CC=CC(O)=C2N=C(N)NC2=O)CN(CCO)C1=O 1 C=C1C(=O)NCN(C=CC=CC=C2N=CNC2=O)C1=O 1.0000000 1.0000 0.8067725 0.8068 0.8050363 4.0762
 | 9.0685 61.8268 49.6005 0.8705252 NC1CN(C=CC=CC(O)=C2NNNNC2=O)CN(CCO)C1 1 O=C1NNNNC1=CC=CC=CN1CCCNC1 1.0000000 1.0000 0.8972040 0.8972 0.5838381 4.7795
 | 17.9966 68.7523 46.9941 0.9042681 CC1CN1C=CC=CC(O)=c1c(=O)[nH]c(=O)[nH]c(=O)c1=C(O)OCCO 1 C=c1c(=O)[nH]c(=O)[nH]c(=O)c1=CC=CC=CN1CC1 1.0000000 1.0000 0.8670975 0.8671 0.7567307 4.2607
01:55:58 <INFO> Score: 0.77 Agent NLL: 15.82 Valid: 100% Step: 365
 | Agent Prior Target Score SMILES SMILES_state Scaffold DASA DASA (raw) Solubility Solubility (raw) SA SA (raw)
 | 13.8024 80.1364 37.9117 0.9222506 CN1C(=O)C(=O)C(=c2c(=O)[nH]c(=O)[nH]c(=O)c2=C(O)C=CC=CNCCN=[N+]=[N-])C1=O 1 C=c1c(=O)[nH]c(=O)[nH]c(=O)c1=C1C(=O)NC(=O)C1=O 1.0000000 1.0000 0.8735315 0.8735 0.8283607 3.9746
 | 15.0299 64.4497 47.1674 0.8720087 N=C(N)N=C1NC(=O)C(=C(O)C=CC=CN2CC=C(CO)C2)N1 1 N=C1NC(=O)C(=CC=CC=CN2CC=CC2)N1 1.0000000 1.0000 0.8156653 0.8157 0.6959663 4.4605
 | 15.4180 62.3035 49.5015 0.8734766 CCN1NC(=O)C(=C(O)C=CC=CN2CC(=O)N(CCO)C2)N=C1C 1 O=C1CN(C=CC=CC=C2N=CNNC2=O)CN1 1.0000000 1.0000 0.7650217 0.7650 0.7854891 4.1545
 | 14.6099 57.4042 50.2976 0.8414201 CN(C)C1=NC(=C(O)C=CC=CN2CC(=O)N(CCN3CCCCC3)C2=O)C(=O)N1 1 O=C1NC=NC1=CC=CC=CN1CC(=O)N(CCN2CCCCC2)C1=O 1.0000000 1.0000 0.6400227 0.6400 0.8820146 3.6895
 | 11.1106 56.8949 59.3103 0.9078529 CNC=CC=CC(O)=c1c(=O)[nH]c(=O)[nH]c1=C1C(=O)ON=C1C 1 C=c1c(=O)[nH]c(=O)[nH]c1=C1C=NOC1=O 1.0000000 1.0000 0.8452561 0.8453 0.8078892 4.0643
 | 13.8971 55.1044 59.8287 0.8979147 O=C1CN(C=CC=CC(O)=C2C(=O)NC(=O)NC2=O)C(O)C(O)CN1 1 O=C1CN(C=CC=CC=C2C(=O)NC(=O)NC2=O)CCCN1 1.0000000 1.0000 0.8793652 0.8794 0.7115213 4.4119
 | 10.7334 59.5481 48.7824 0.8463320 O=C1NC(N2CCCC2)=NC1=C(O)C=CC=CN1C(=O)OCC1C(=O)O 1 O=C1NC(N2CCCC2)=NC1=CC=CC=CN1CCOC1=O 1.0000000 1.0000 0.6928439 0.6928 0.7915475 4.1308
 | 18.8301 73.4845 33.4067 0.8350877 O=C1NCONC(=O)C1=C(O)C=CC=CN1CN(CCO)CC([N+](=O)[O-])O1 1 O=C1NCONC(=O)C1=CC=CC=CN1CNCCO1 1.0000000 1.0000 0.8431096 0.8431 0.5233549 4.9391
 | 10.7517 70.9690 -70.9690 0.0000000 O=C1NC(=O)C(=c2[nH]c(=O)[nH]c(=O)c2=C(O)C=CC=CN2C=CN(CCO)C(=O)C2)C(=O)N1 1 O=C1CN(C=CC=CC=c2c(=O)[nH]c(=O)[nH]c2=C2C(=O)NC(=O)NC2=O)C=CN1 1.0000000 1.0000 0.8944869 0.8945 0.7840744 4.1599
 | 11.8889 66.5898 39.2338 0.8267469 CN1NC(=O)C(=C(O)C=CC=CN2CN(CCO)CC(C)([N+](=O)[O-])N2)N1 1 O=C1NNNC1=CC=CC=CN1CNCCN1 1.0000000 1.0000 0.8370855 0.8371 0.5027579 4.9928
01:55:59 <INFO> Score: 0.79 Agent NLL: 16.99 Valid: 100% Step: 366
 | Agent Prior Target Score SMILES SMILES_state Scaffold DASA DASA (raw) Solubility Solubility (raw) SA SA (raw)
 | 23.3242 67.0444 35.2447 0.7991339 CN1NN(C=CC=CC(O)=C2N=C(NCC3CC3)NC2=O)CN1C(=O)OC(C)(C)C 1 O=C1NC(NCC2CC2)=NC1=CC=CC=CN1CNNN1 1.0000000 1.0000 0.5824520 0.5825 0.7935006 4.1231
 | 16.5809 69.6840 38.0463 0.8416430 CN1OC(=C(O)C=CC=CN2CC(O)CNN(CCO)C2)C1=O 1 O=C1NOC1=CC=CC=CN1CCCNNC1 1.0000000 1.0000 0.8379970 0.8380 0.5511214 4.8663
 | 8.5014 69.7338 -69.7338 0.0000000 O=C1NC(=O)C(=c2[nH]c(=O)[nH]c(=O)c2=C(O)C=CC=CN2CC(=O)N(CCO)CC2=O)C(=O)N1 1 O=C1CN(C=CC=CC=c2c(=O)[nH]c(=O)[nH]c2=C2C(=O)NC(=O)NC2=O)C(=O)CN1 1.0000000 1.0000 0.9209833 0.9210 0.8433747 3.9033
 | 30.2213 92.1263 11.6686 0.8108976 CC(=O)N=C1N=C([N+](=O)[O-])CN1C=CC=CC(O)=c1oc(=C(O)C=CC=CCN)n(C)c1=O 1 C=c1[nH]c(=O)c(=CC=CC=CN2CC=NC2=N)o1 1.0000000 1.0000 0.7051379 0.7051 0.6131856 4.6999
 | 13.2893 79.1333 28.9837 0.8446643 CC=CC=c1[nH]c(=O)c(=C(O)C=CC=CN2CN(CCO)NN(C)C2=N)[nH]1 1 C=c1[nH]c(=O)c(=CC=CC=CN2CNNNC2=N)[nH]1 1.0000000 1.0000 0.8057605 0.8058 0.6014938 4.7318
 | 18.4161 73.3196 41.0205 0.8932820 CNC(=O)N=C1NC(=O)C(=C(O)C=CC=CN2CC(=O)N(CCN)N=C2N)N1 1 N=C1NC(=O)C(=CC=CC=CN2C=NNC(=O)C2)N1 1.0000000 1.0000 0.8614692 0.8615 0.7178283 4.3917
 | 11.5239 60.4113 52.1287 0.8792192 O=C1NN(CCO)C1=C(O)C=CC=CN1CCNC1C(=O)O 1 O=C1NNC1=CC=CC=CN1CCNC1 1.0000000 1.0000 0.8602159 0.8602 0.6621355 4.5617
 | 21.9980 77.3333 40.3456 0.9193662 CC(=O)NCC1=CCCN1C=CC=CC(O)=c1c(=O)[nH]c(=O)[nH]c1=C1C(=O)C(=O)N(CCO)C1=O 1 O=C1NC(=O)C(=c2[nH]c(=O)[nH]c(=O)c2=CC=CC=CN2C=CCC2)C1=O 1.0000000 1.0000 0.8641167 0.8641 0.8304493 3.9650
 | 16.4171 56.0196 52.4947 0.8477682 CCN1C=CN2C(=C(O)C=CC=CN(CCO)CCO)C(=O)NC2C1 1 C=C1C(=O)NC2CNC=CN12 1.0000000 1.0000 0.7797520 0.7798 0.6494278 4.5984
 | 22.4804 67.9260 33.0934 0.7892133 CC=C=CC=c1[nH]c(=O)c(=C(O)C=CC=CN2CN(C)C(=O)N(C)C2=O)c(=O)s1 1 C=c1[nH]c(=O)c(=CC=CC=CN2CNC(=O)NC2=O)c(=O)s1 1.0000000 1.0000 0.6241650 0.6242 0.6584103 4.5725
01:56:00 <INFO> Score: 0.73 Agent NLL: 15.98 Valid: 100% Step: 367
 | Agent Prior Target Score SMILES SMILES_state Scaffold DASA DASA (raw) Solubility Solubility (raw) SA SA (raw)
 | 20.0018 51.8852 -51.8668 0.0001434 CCn1c(=O)c(=C2C(=O)NC(=O)NC2=O)[nH]c(=O)c1=C(O)Nc1ccccc1 1 O=C1NC(=O)C(=c2[nH]c(=O)c(=CNc3ccccc3)[nH]c2=O)C(=O)N1 0.0000000 0.0000 0.8151852 0.8152 0.9491341 3.0936
 | 23.6482 67.7005 34.4166 0.7977899 CC=CC=CN1C(=N)NC(=O)C1=C(O)C=CC=CN1CCCN(CC(=O)O)C1 1 N=C1NC(=O)C(=CC=CC=CN2CCCNC2)N1 1.0000000 1.0000 0.5951369 0.5951 0.7574174 4.2583
 | 11.0943 51.4120 65.5300 0.9136094 NC1=NNC(=C(O)C=CC=CN2CC2)C(=O)N1 1 O=C1NC=NNC1=CC=CC=CN1CC1 1.0000000 1.0000 0.8496919 0.8497 0.8275330 3.9784
 | 7.7151 66.1309 -66.1309 0.0000000 CN1C(=O)C(=O)C(=c2c(=O)[nH]c(=O)[nH]c(=O)c2=C(O)C=CC=CN(CCO)CCO)C1=O 1 C=c1c(=O)[nH]c(=O)[nH]c(=O)c1=C1C(=O)NC(=O)C1=O 1.0000000 1.0000 0.9274895 0.9275 0.8609704 3.8122
 | 13.7052 71.4952 44.1183 0.9032302 CCOC=c1c(=O)[nH]c(=O)[nH]c(=O)c1=C(O)C=CC=CN1CN(C)C(N)=N1 1 C=c1c(=O)[nH]c(=O)[nH]c(=O)c1=CC=CC=CN1CNC=N1 1.0000000 1.0000 0.8637967 0.8638 0.7572193 4.2590
 | 15.0576 68.2737 48.3915 0.9114470 O=c1[nH]c(=O)c(=C(O)C=CC=CNCCO)c(=C2c3ccccc3CCN2CCO)c(=O)[nH]1 1 C=c1c(=O)[nH]c(=O)[nH]c(=O)c1=C1NCCc2ccccc21 1.0000000 1.0000 0.8059121 0.8059 0.8965749 3.5931
 | 24.5496 73.5420 21.0625 0.7390981 O=C1NC(=O)C(=c2[nH]c(=O)c(=C(O)C=CC=CN3C4CNCC3CC(O)C4)o2)N1 1 O=C1NC(=O)C(=c2[nH]c(=O)c(=CC=CC=CN3C4CCCC3CNC4)o2)N1 1.0000000 1.0000 0.8416859 0.8417 0.2764861 5.6267
 | 15.7328 61.5132 51.7367 0.8847651 CN1CC=CCN1C=CC=CC(O)=C1C(=O)NC(O)NC1=O 1 O=C1NCNC(=O)C1=CC=CC=CN1CC=CCN1 1.0000000 1.0000 0.8115926 0.8116 0.7577141 4.2572
 | 24.5575 77.6028 30.2728 0.8427780 NC(C=CCO)=C(N)N=C1NC(=O)C(=C(O)C=CC=CN2CNCC2=O)S1 1 N=C1NC(=O)C(=CC=CC=CN2CNCC2=O)S1 1.0000000 1.0000 0.7820257 0.7820 0.6264081 4.6633
 | 21.8899 92.8293 17.2080 0.8596668 CC(=C(O)NC1=NNC(=O)C(=C(O)C=CC=CN2CN(CCO)CC(CO)N2)C(=O)N1)N(CCO)CCO 1 O=C1NC=NNC(=O)C1=CC=CC=CN1CNCCN1 1.0000000 1.0000 0.8793675 0.8794 0.5661547 4.8266
01:56:00 <INFO> Score: 0.76 Agent NLL: 16.07 Valid: 100% Step: 368
 | Agent Prior Target Score SMILES SMILES_state Scaffold DASA DASA (raw) Solubility Solubility (raw) SA SA (raw)
 | 21.0619 72.4622 33.2715 0.8260450 CC(O)NC1=CN(CCO)CN(C=CC=CC(O)=C2C(=O)NN(C)C2O)C1=O 1 O=C1NNCC1=CC=CC=CN1CNC=CC1=O 1.0000000 1.0000 0.8474378 0.8474 0.4898698 5.0264
 | 14.8139 75.4015 40.2378 0.9034319 N=C1NC(=O)C(=C(O)C=CC=CN2CC(=O)N(CCN=C(N)N)CC2=O)C(=N)O1 1 N=C1NC(=O)C(=CC=CC=CN2CC(=O)NCC2=O)C(=N)O1 1.0000000 1.0000 0.8457124 0.8457 0.7867039 4.1498
 | 13.2162 64.5229 46.5172 0.8675009 CC=c1[nH]c(=O)c(=C(O)C=CC=CN2CN(CCO)NN=C2C)c(=O)[nH]1 1 C=c1[nH]c(=O)c(=CC=CC=CN2C=NNNC2)c(=O)[nH]1 1.0000000 1.0000 0.8406655 0.8407 0.6424308 4.6183
 | 14.3315 61.0404 48.9255 0.8591087 COC(=O)N1CCN(C=CC=CC(O)=c2oc(=CF)n(C)c2=O)C1 1 C=c1[nH]c(=O)c(=CC=CC=CN2CCNC2)o1 1.0000000 1.0000 0.7294584 0.7295 0.7825310 4.1658
 | 10.6344 64.9661 51.7330 0.9117121 O=C1NN(CCO)NC1=C(O)C=CC=CN1CCC(=O)N(CCO)C1 1 O=C1CCN(C=CC=CC=C2NNNC2=O)CN1 1.0000000 1.0000 0.8610999 0.8611 0.7996671 4.0983
 | 17.3896 65.2701 50.0536 0.9009664 C=CCN1C(=O)CN(C=CC=CC(O)=C2C(=O)NCCN2CCO)CC1=O 1 O=C1CN(C=CC=CC=C2NCCNC2=O)CC(=O)N1 1.0000000 1.0000 0.7957792 0.7958 0.8626469 3.8030
 | 10.1213 75.6189 -75.6189 0.0000000 O=C1NC(=O)C(=c2c(=O)[nH]c(=O)[nH]c(=O)c2=C(O)C=CC=CN2CCC2=O)C(=O)N1 1 O=C1NC(=O)C(=c2c(=O)[nH]c(=O)[nH]c(=O)c2=CC=CC=CN2CCC2=O)C(=O)N1 1.0000000 1.0000 0.9006746 0.9007 0.8719404 3.7504
 | 11.6299 67.4000 52.2651 0.9348838 O=C1NC(=O)C(=c2c(=O)[nH]c(=O)[nH]c(=O)c2=C(O)C=CC=CNCCS)C(=O)N1 1 C=c1c(=O)[nH]c(=O)[nH]c(=O)c1=C1C(=O)NC(=O)NC1=O 1.0000000 1.0000 0.8952922 0.8953 0.8521953 3.8587
 | 13.3376 55.4862 61.9358 0.9173597 O=C1CN(C=CC=CC(O)=C2NC(=O)NC(=O)NC2=O)C(=O)CN1 1 O=C1CN(C=CC=CC=C2NC(=O)NC(=O)NC2=O)C(=O)CN1 1.0000000 1.0000 0.8402615 0.8403 0.8621997 3.8055
 | 11.6137 91.3441 28.6569 0.9375079 CN1C(=O)C(=O)NC(=O)C1=c1c(=O)[nH]c(=O)[nH]c(=O)c1=C(O)C=CC=CN1CCCN(CCO)C(=O)C1 1 O=C1CN(C=CC=CC=c2c(=O)[nH]c(=O)[nH]c(=O)c2=C2NC(=O)C(=O)NC2=O)CCCN1 1.0000000 1.0000 0.9098167 0.9098 0.8408122 3.9158
01:56:01 <INFO> Score: 0.79 Agent NLL: 15.98 Valid: 100% Step: 369
 | Agent Prior Target Score SMILES SMILES_state Scaffold DASA DASA (raw) Solubility Solubility (raw) SA SA (raw)
 | 17.4360 75.1856 41.2724 0.9098282 NC(N)=NCCN1C(=O)CN(C=CC=CC(O)=C2C(=O)NNNC2=CCO)C1=O 1 C=C1NNNC(=O)C1=CC=CC=CN1CC(=O)NC1=O 1.0000000 1.0000 0.8712273 0.8712 0.7750089 4.1943
 | 12.3536 65.9420 45.7552 0.8726343 O=C1NN(CCCl)C(=O)C1=C(O)C=CC=CN1CC(O)CN(CCO)C1 1 O=C1NNC(=O)C1=CC=CC=CN1CCCNC1 1.0000000 1.0000 0.8021626 0.8022 0.7193002 4.3870
 | 12.5718 65.4246 43.7988 0.8533078 O=C1NNNC1=C(O)C=CC=CN1CN(CCO)C(=O)C(O)C1O 1 O=C1CCN(C=CC=CC=C2NNNC2=O)CN1 1.0000000 1.0000 0.9134250 0.9134 0.5094802 4.9753
 | 23.4669 71.9181 30.4855 0.8000284 C=CCCCC(=O)N1CN(C=CC=CC(O)=C2NNC(CCCCN)NC2=O)CNC1=O 1 O=C1NCN(C=CC=CC=C2NNCNC2=O)CN1 1.0000000 1.0000 0.6559582 0.6560 0.6482911 4.6016
 | 22.1031 81.6599 30.8216 0.8787618 CCCCN1C=CN(C=CC=CC(O)=c2c(=O)[nH]c(=C(CO)NCCO)n2CCOC)C1 1 C=c1[nH]c(=O)c(=CC=CC=CN2C=CNC2)[nH]1 1.0000000 1.0000 0.7800155 0.7800 0.7836875 4.1614
 | 8.5983 67.4212 53.9543 0.9482460 O=C1NC(=O)C(=c2c(=O)[nH]c(=O)[nH]c(=O)c2=C(O)C=CC=CNCCO)N1 1 C=c1c(=O)[nH]c(=O)[nH]c(=O)c1=C1NC(=O)NC1=O 1.0000000 1.0000 0.9251997 0.9252 0.8668086 3.7798
 | 11.7852 73.6721 -73.6721 0.0000000 CONC=CC=CC(O)=c1c(=O)[nH]c(=O)[nH]c(=O)c1=C1C(=O)NNC1=O 1 C=c1c(=O)[nH]c(=O)[nH]c(=O)c1=C1C(=O)NNC1=O 1.0000000 1.0000 0.9276389 0.9276 0.8161360 4.0291
 | 10.9330 66.7660 48.8044 0.9028938 CN1NC(=O)C(=C(O)C=CC=CN2CN(CCO)NN=C2CO)C1=O 1 O=C1NNC(=O)C1=CC=CC=CN1C=NNNC1 1.0000000 1.0000 0.8753127 0.8753 0.7384256 4.3239
 | 27.6399 88.7377 16.8430 0.8248497 NCC1(O)CC1OCCOCCN1NC(=O)C1=C(O)C=CC=CN1CN(CCO)C(N)=N1 1 O=C1NN(CCOCCOC2CC2)C1=CC=CC=CN1CNC=N1 1.0000000 1.0000 0.8764443 0.8764 0.4583531 5.1088
 | 13.8634 57.6568 51.4256 0.8522067 CCCCN1CCC(=O)N(C=CC=CC(O)=C2C(=O)NC(=N)N(C)C2=O)C1 1 N=C1NC(=O)C(=CC=CC=CN2CNCCC2=O)C(=O)N1 1.0000000 1.0000 0.6647911 0.6648 0.8823925 3.6872
01:56:02 <INFO> Sampled SMILES CN1C(=O)C(=C(O)C=CC=CN2CCC=[N+]3(C)CCCC)N=C(NCCC)N321 failed to sanitize.
01:56:02 <INFO> Score: 0.76 Agent NLL: 16.09 Valid:  99% Step: 370
 | Agent Prior Target Score SMILES SMILES_state Scaffold DASA DASA (raw) Solubility Solubility (raw) SA SA (raw)
 | 17.8191 75.9244 34.3570 0.8615732 C=CCN1CN(C=CC=CC(O)=C2C(=O)NN2CCO)C(O)N(CCO)C1=O 1 O=C1NCN(C=CC=CC=C2NNC2=O)CN1 1.0000000 1.0000 0.8266957 0.8267 0.6381593 4.6304
 | 12.3799 48.8556 49.9652 0.7720376 CN1NC(=O)C1=C(O)C=CC=CN1CCCc2ccccc21 1 O=C1NNC1=CC=CC=CN1CCCc2ccccc21 1.0000000 1.0000 0.4815141 0.4815 0.9237109 3.3754
 | 12.7535 57.3576 58.8460 0.9078405 C=c1[nH]c(=O)c(=C(O)C=CC=CN2CN(CCO)CCC2=O)n1C 1 C=c1[nH]c(=O)c(=CC=CC=CN2CNCCC2=O)[nH]1 1.0000000 1.0000 0.8383348 0.8383 0.8195388 4.0142
 | 10.4237 69.2000 45.6095 0.8969493 O=C1NC(N2CCOCC2)=NC1=C(O)C=CC=CN1CN(CCO)NN=C1CO 1 O=C1NC(N2CCOCC2)=NC1=CC=CC=CN1C=NNNC1 1.0000000 1.0000 0.8362749 0.8363 0.7725394 4.2035
 | 28.2907 74.8723 30.5374 0.8235137 CC(=O)ONC(C)=c1[nH]c(=O)c(=C(O)C=CC=CN2CN(C=O)C(C(=O)O)C2O)c(=O)[nH]1 1 C=c1[nH]c(=O)c(=CC=CC=CN2CCNC2)c(=O)[nH]1 1.0000000 1.0000 0.8825432 0.8825 0.4489871 5.1334
 | 13.7781 53.3634 55.7519 0.8524631 CN1ONC(=C(O)C=CC=CN2CCNC2C(=O)O)C1=O 1 O=C1NONC1=CC=CC=CN1CCNC1 1.0000000 1.0000 0.8264445 0.8264 0.6038412 4.7254
 | 26.7467 65.2091 23.7418 0.6949290 CC=C1CCN(CCCCN(C)C)CN1C=CC=CC(O)=C1C(=O)NC2CCCN12 1 C=C1CCNCN1C=CC=CC=C1C(=O)NC2CCCN12 1.0000000 1.0000 0.4083397 0.4083 0.7094135 4.4186
 | 18.9117 85.7416 25.1963 0.8667022 CCCCN1C=CN(C=CC=CC(O)=c2c(=O)[nH]c(=CC=CN(CCO)CCO)c(=O)n2CCO)C1 1 C=c1[nH]c(=O)c(=CC=CC=CN2C=CNC2)[nH]c1=O 1.0000000 1.0000 0.7783571 0.7784 0.7315665 4.3469
 | 21.6055 68.2753 31.7458 0.7814145 CC(C(=O)N1CCOCC1)N1NC(=O)C(=C(O)C=CC=CN2CC3CCN(CC3)C2)C1=O 1 O=C1NN(CC(=O)N2CCOCC2)C(=O)C1=CC=CC=CN1CC2CCN(CC2)C1 1.0000000 1.0000 0.6687727 0.6688 0.5538474 4.8591
 | 13.3728 62.2937 50.9892 0.8850231 O=C1NC(O)NC(=O)C1=C(O)C=CC=CN1C=CCNC1 1 O=C1NCNC(=O)C1=CC=CC=CN1C=CCNC1 1.0000000 1.0000 0.8388445 0.8388 0.7162573 4.3968
01:56:03 <INFO> Sampled SMILES N1C(=O)NC(=O)C(=C(O)C=CC=CN2CCC(=O)[O-]C2=O)N1CCO failed to sanitize.
01:56:03 <INFO> Sampled SMILES N1C(=O)C(=C(O)C=CC=CN2CN(C)C(=O)C(=C)(O)C2=O)C(=O)NC1=CSCC=C(C)C failed to sanitize.
01:56:03 <INFO> Sampled SMILES N1C(=O)NC(=O)C(=C(O)C=CC=CN(CCO)CCO)C1=c1n2c(cc1)[nH]nc2 failed to sanitize.
01:56:03 <INFO> Score: 0.76 Agent NLL: 17.19 Valid:  98% Step: 371
 | Agent Prior Target Score SMILES SMILES_state Scaffold DASA DASA (raw) Solubility Solubility (raw) SA SA (raw)
 | 18.2910 63.9611 -63.9611 0.0000000 N1C(=O)NC(=O)C(=C(O)C=CC=CN2CCC(=O)[O-]C2=O)N1CCO 0 -- 0.0000000 0.0000 0.0000000 0.0000 0.0000000 0.0000
 | 26.8523 54.9795 53.7005 0.8490620 NCCCNCC1CCN(C=CC=CC(O)=C2CCOC2=O)C1 1 O=C1OCCC1=CC=CC=CN1CCCC1 1.0000000 1.0000 0.6791963 0.6792 0.8335660 3.9505
 | 20.3529 84.4215 23.2647 0.8412980 CC(O)NC1CNC(=O)C(=C(O)C=CC=CN2CN(CCO)CC(=O)N(O)C2=O)C(=O)N1 1 O=C1CNCN(C=CC=CC=C2C(=O)NCCNC2=O)C(=O)N1 1.0000000 1.0000 0.8563731 0.8564 0.5294517 4.9232
 | 15.1872 75.6730 39.8964 0.9028861 COCCN1C(=O)C(=O)C(=c2[nH]c(=O)[nH]c(=O)c2=C(O)C=CC=CN2C(=O)N(C)CC2C(=O)O)C1=O 1 O=C1NC(=O)C(=c2[nH]c(=O)[nH]c(=O)c2=CC=CC=CN2CCNC2=O)C1=O 1.0000000 1.0000 0.8677797 0.8678 0.7496466 4.2855
 | 13.4538 57.2406 59.2997 0.9104712 O=C(O)CN1CN(C=CC=CC(O)=C2C(=O)NNC2=O)CN1 1 O=C1NNC(=O)C1=CC=CC=CN1CNNC1 1.0000000 1.0000 0.8713336 0.8713 0.7777226 4.1841
 | 16.4804 77.1144 32.8183 0.8588489 NCCN1CCCN(C=CC=CC(O)=C2N=C(NC3CCCN3)NC2=O)CC1=O 1 O=C1CN(C=CC=CC=C2N=C(NC3CCCN3)NC2=O)CCCN1 1.0000000 1.0000 0.7727509 0.7728 0.7063076 4.4283
 | 20.0333 71.8159 33.1294 0.8198850 CC1OC(N(C)C=CC=CC(O)=c2c(=O)[nH]c(=O)[nH]c(=O)c2=C2C(=O)C(=O)c3ccccc32)C(O)C(O)C1O 1 O=C1C(=O)c2ccccc2C1=c1c(=O)[nH]c(=O)[nH]c(=O)c1=CC=CC=CNC1CCCCO1 1.0000000 1.0000 0.7933117 0.7933 0.5286598 4.9252
 | 13.5519 57.7879 56.7101 0.8945158 O=C1NC(=O)C(=C(O)C=CC=CN2CCC2)C(CO)C(=O)N1 1 O=C1CC(=CC=CC=CN2CCC2)C(=O)NC(=O)N1 1.0000000 1.0000 0.7889319 0.7889 0.8433697 3.9033
 | 9.7092 44.9683 -44.9683 0.0000000 C=c1[nH]c(=O)[nH]c(=O)c1=C(O)C=CC=CN(CCO)CCO 1 C=c1[nH]c(=O)[nH]c(=O)c1=C 1.0000000 1.0000 0.8939878 0.8940 0.8509265 3.8653
 | 18.8821 62.3925 46.3352 0.8494351 CN1C(=C(O)C=CC=CN2CN(CCO)C(CO)CC2=O)C(=O)NC1(C)C 1 O=C1NCNC1=CC=CC=CN1CNCCC1=O 1.0000000 1.0000 0.7620522 0.7621 0.6830622 4.4998
01:56:04 <INFO> Score: 0.75 Agent NLL: 16.69 Valid: 100% Step: 372
 | Agent Prior Target Score SMILES SMILES_state Scaffold DASA DASA (raw) Solubility Solubility (raw) SA SA (raw)
 | 11.4469 56.0875 62.8499 0.9291983 O=C1NC(=O)N(CCO)NC1=C(O)C=CC=CN(CCO)CCO 1 C=C1NNC(=O)NC1=O 1.0000000 1.0000 0.8749357 0.8749 0.8592328 3.8216
 | 15.4444 52.5092 38.1527 0.7082963 CCCCN1NC(=O)C(=C(O)C=CC=CN2CCCc3ccccc32)N=C1N 1 O=C1NNC=NC1=CC=CC=CN1CCCc2ccccc21 1.0000000 1.0000 0.3765438 0.3765 0.9035485 3.5425
 | 10.4610 48.5037 65.5133 0.8907572 CN1C(=O)C(=C(O)C=CC=CN2CC2)N1C 1 O=C1NNC1=CC=CC=CN1CC1 1.0000000 1.0000 0.7676935 0.7677 0.8652819 3.7884
 | 28.2811 105.2165 1.3133 0.8322640 CN1CN(C=CC=CC(O)=C2NNNN(CCO)NC2=O)NC(=C(O)C=C(O)C=CN2CCNCC2)C1=O 1 O=C1NNNNNC1=CC=CC=CN1CNC(=O)C(=CC=CC=CN2CCNCC2)N1 1.0000000 1.0000 0.8049869 0.8050 0.5574940 4.8495
 | 19.0495 62.8005 40.1042 0.8039434 CCN1C(=O)N(C=CC=CC(O)=C2NC(CO)NC2=O)CCCC1C 1 O=C1NCNC1=CC=CC=CN1CCCCNC1=O 1.0000000 1.0000 0.6648982 0.6649 0.6495494 4.5980
 | 20.6781 64.9575 37.9588 0.8040334 COC1=CCN(C=CC=CC(O)=C2C(=O)NC(C)(C)NC2=O)NC1OC 1 O=C1NCNC(=O)C1=CC=CC=CN1CC=CCN1 1.0000000 1.0000 0.7109547 0.7110 0.5780504 4.7949
 | 10.9828 51.7344 59.7392 0.8708878 COC1=CCN(C=CC=CC(O)=C2C(=O)NC(=O)NC2=O)C(=O)O1 1 O=C1NC(=O)C(=CC=CC=CN2CC=COC2=O)C(=O)N1 1.0000000 1.0000 0.7237676 0.7238 0.8521245 3.8591
 | 15.5886 64.3340 50.4478 0.8967327 O=C1NC(=O)C(=C(O)C=CC=CN2CN(CCO)NC(=O)C2=O)CCO1 1 O=C1NC(=O)C(=CC=CC=CN2CNNC(=O)C2=O)CCO1 1.0000000 1.0000 0.8173808 0.8174 0.8030416 4.0845
 | 24.1570 62.8218 38.5985 0.7923457 CC1=CCN(C=CC=CC(O)=C2NC(=O)NC2=O)C(O)C1C(C)O 1 O=C1NC(=O)C(=CC=CC=CN2CC=CCC2)N1 1.0000000 1.0000 0.7180012 0.7180 0.5261179 4.9319
 | 16.2552 69.0346 47.2454 0.9084372 CN1C(=O)C(=C(O)C=CC=CN2C(=O)CNC(=O)C2=O)N1CCCCN 1 O=C1NCC(=O)N(C=CC=CC=C2NNC2=O)C1=O 1.0000000 1.0000 0.8255014 0.8255 0.8448740 3.8958
01:56:04 <INFO> Sampled SMILES CN1C(=O)C(=C(O)C=CC=CN2CN(CCO)C=CCC2)NN=C1=CCC failed to sanitize.
01:56:05 <INFO> Score: 0.78 Agent NLL: 15.76 Valid:  99% Step: 373
 | Agent Prior Target Score SMILES SMILES_state Scaffold DASA DASA (raw) Solubility Solubility (raw) SA SA (raw)
 | 12.8879 70.9799 46.9129 0.9210379 O=C1CC(=c2[nH]c(=O)[nH]c(=O)c2=C(O)C=CC=CN2CC(=O)N(CCO)CC2=O)OC1=O 1 O=C1CN(C=CC=CC=c2c(=O)[nH]c(=O)[nH]c2=C2CC(=O)C(=O)O2)C(=O)CN1 1.0000000 1.0000 0.8925315 0.8925 0.7922562 4.1280
 | 16.3631 47.9326 52.7362 0.7864750 CN1CCNC(=O)C1=C(O)C=CC=CN1CCc2ccccc2C1 1 O=C1NCCNC1=CC=CC=CN1CCc2ccccc2C1 1.0000000 1.0000 0.5092758 0.5093 0.9229498 3.3824
 | 16.4176 61.5805 49.8690 0.8706993 CCN1CCOCN(C=CC=CC(O)=C2C(=O)NN2C)C1 1 O=C1NNC1=CC=CC=CN1CNCCOC1 1.0000000 1.0000 0.7350497 0.7350 0.8284259 3.9743
 | 28.0109 88.4563 22.7069 0.8684624 CC(=CC=c1[nH]c(=O)c(=C(O)C=CC=CN2CN(S(C)(=O)=O)C2=O)c(=O)[nH]c1=O)N=CC(=O)O 1 C=c1[nH]c(=O)c(=CC=CC=CN2CNC2=O)c(=O)[nH]c1=O 1.0000000 1.0000 0.8019106 0.8019 0.7018147 4.4424
 | 15.1846 51.0400 62.8764 0.8899712 CN1CCN(C=CC=CC(O)=C2NON(C)C2=O)CC1=O 1 O=C1CN(C=CC=CC=C2NONC2=O)CCN1 1.0000000 1.0000 0.7930595 0.7931 0.8136520 4.0398
 | 21.3251 73.3307 27.7273 0.7895160 CC1=NC(=C(C)F)C(=N)N1C=CC=CC(O)=C1NC(=O)NC1=O 1 C=C1N=CN(C=CC=CC=C2NC(=O)NC2=O)C1=N 1.0000000 1.0000 0.5841080 0.5841 0.7409379 4.3154
 | 9.8323 54.9726 -54.9726 0.0000000 CCN1C(=O)CN(C=CC=CC(O)=C2C(=O)NC(=O)NC2=O)C(=O)C1=O 1 O=C1CN(C=CC=CC=C2C(=O)NC(=O)NC2=O)C(=O)C(=O)N1 1.0000000 1.0000 0.8251949 0.8252 0.9172530 3.4329
 | 11.5940 67.8029 44.5016 0.8773797 CC1=CN(C=CC=CC(O)=C2NN(CCO)NC2=O)CN(CCO)C1 1 O=C1NNNC1=CC=CC=CN1C=CCNC1 1.0000000 1.0000 0.8082072 0.8082 0.7304153 4.3507
 | 16.0603 83.8982 14.1471 0.7659790 CC(=CC=CN(CCO)CCO)N=C1NC(=O)C(=C(O)C=CC=CN2NC(N)CC2C(=O)O)N1 1 N=C1NC(=O)C(=CC=CC=CN2CCCN2)N1 1.0000000 1.0000 0.7959109 0.7959 0.3678119 5.3528
 | 10.5710 57.5985 -57.5985 0.0000000 C=C1CN(C=CC=CC(O)=C2NC(CO)NC2=O)NC1=O 1 C=C1CN(C=CC=CC=C2NCNC2=O)NC1=O 1.0000000 1.0000 0.8441813 0.8442 0.5240946 4.9372
01:56:06 <INFO> Score: 0.76 Agent NLL: 17.48 Valid: 100% Step: 374
 | Agent Prior Target Score SMILES SMILES_state Scaffold DASA DASA (raw) Solubility Solubility (raw) SA SA (raw)
 | 25.5691 90.0162 18.1217 0.8448272 CN1C(=CN2CCCC2=O)N(C=CC=CC(O)=c2c(=O)[nH][nH]c2=C2NC(=O)NC2=O)CC1CO 1 O=C1NC(=O)C(=c2[nH][nH]c(=O)c2=CC=CC=CN2CCNC2=CN2CCCC2=O)N1 1.0000000 1.0000 0.8202604 0.8203 0.5836009 4.7801
 | 9.1183 56.5634 63.1505 0.9352652 CN(C=CC=CC(O)=c1c(=O)[nH]c(=O)[nH]c1=C1NC(=O)NC1=O)CCO 1 C=c1c(=O)[nH]c(=O)[nH]c1=C1NC(=O)NC1=O 1.0000000 1.0000 0.8991974 0.8992 0.8475419 3.8825
 | 11.4228 52.9975 -52.9975 0.0000000 O=C1N=C(NCCO)NC(=O)C1=C(O)C=CC=CNCCO 1 C=C1C(=O)N=CNC1=O 1.0000000 1.0000 0.8842986 0.8843 0.8998373 3.5698
 | 20.4232 54.3366 51.1811 0.8243575 C=c1cnc(=C(O)C=CC=CN2c3ccccc3CC2C(=O)O)c(=O)[nH]1 1 C=c1cnc(=CC=CC=CN2CCc3ccccc32)c(=O)[nH]1 1.0000000 1.0000 0.6495365 0.6495 0.7718815 4.2059
 | 19.6054 74.6649 42.0359 0.9117250 CCN1C(=N)N(C=CC=CC(O)=C2C(=O)NC(=O)C2=O)CN(CCO)CC1=O 1 N=C1NC(=O)CNCN1C=CC=CC=C1C(=O)NC(=O)C1=O 1.0000000 1.0000 0.8213583 0.8214 0.8686667 3.7693
 | 14.7567 63.7157 50.0019 0.8884186 O=C1NN(CCCO)C(=O)C1=C(O)C=CC=CN1C=CNC1 1 O=C1NNC(=O)C1=CC=CC=CN1C=CNC1 1.0000000 1.0000 0.8078926 0.8079 0.7805016 4.1736
 | 28.2540 70.1569 26.7449 0.7570454 CC(C=O)=C1COCCN1C=CC=CC(O)=c1c(=O)[nH]c(=CC=CC2CCOC2=O)n1C 1 C=C1COCCN1C=CC=CC=c1[nH]c(=CC=CC2CCOC2=O)[nH]c1=O 1.0000000 1.0000 0.6501053 0.6501 0.4927976 5.0188
 | 13.0866 53.4604 61.6087 0.8989777 CNC1CN1C=CC=CC(O)=C1C(=O)NC(=O)NC1=O 1 O=C1NC(=O)C(=CC=CC=CN2CC2)C(=O)N1 1.0000000 1.0000 0.8333040 0.8333 0.7866395 4.1500
 | 9.4576 49.1406 -49.1406 0.0000000 O=C1NCCNC(=O)C1=C(O)C=CC=CN(CCO)CCO 1 C=C1C(=O)NCCNC1=O 1.0000000 1.0000 0.8682956 0.8683 0.8948509 3.6051
 | 22.9185 61.6770 42.8414 0.8165500 C=CCOC1=C(C(=O)O)C(=O)C(=C(O)C=CC=CN2CCCCC2C(=O)O)C(=O)N1 1 O=C1C=CNC(=O)C1=CC=CC=CN1CCCCC1 1.0000000 1.0000 0.6161910 0.6162 0.8052075 4.0755
01:56:06 <INFO> Sampled SMILES O=C1NC(=O)C(=C(O)C=CC=CN2CC=c3[nH]c(=N)ccc32)C(=O)NC1 failed to sanitize.
01:56:06 <INFO> Score: 0.76 Agent NLL: 16.31 Valid:  99% Step: 375
 | Agent Prior Target Score SMILES SMILES_state Scaffold DASA DASA (raw) Solubility Solubility (raw) SA SA (raw)
 | 14.2204 61.3299 54.9104 0.9081275 CN1C(=O)C(=C(O)C=CC=CN2CN(CCO)CN2C)C1=O 1 O=C1NC(=O)C1=CC=CC=CN1CNCN1 1.0000000 1.0000 0.8144535 0.8145 0.8634851 3.7984
 | 17.7338 56.5893 57.3191 0.8899095 NC(N)=NCCCC(NC(=O)C1CCCN1C=CC=CC(O)=C1NNNC1=O)C(=O)O 1 O=C1NNNC1=CC=CC=CN1CCCC1 1.0000000 1.0000 0.8415724 0.8416 0.7330871 4.3418
 | 22.8228 72.0987 36.9994 0.8523291 O=C1CC(N2CCCN2C=CC=CC(O)=C2C(=O)NN2CCO)CCN1 1 O=C1CC(N2CCCN2C=CC=CC=C2NNC2=O)CCN1 1.0000000 1.0000 0.7800232 0.7800 0.6675754 4.5458
 | 12.9038 57.9708 56.1414 0.8915015 N=C1NC(=O)C(=C(O)C=CC=CN2CCN(CCCCO)C2)N1 1 N=C1NC(=O)C(=CC=CC=CN2CCNC2)N1 1.0000000 1.0000 0.7804044 0.7804 0.8444648 3.8979
 | 12.9689 67.4404 48.9615 0.9093899 CC(O)=C1C(=O)C(=c2[nH]c(=O)[nH]c(=O)c2=C(O)C=CC=CN)N1CCO 1 C=C1NC(=c2[nH]c(=O)[nH]c(=O)c2=C)C1=O 1.0000000 1.0000 0.8591845 0.8592 0.7921124 4.1286
 | 17.6782 67.6634 38.3271 0.8280509 O=C1NC=CN(CCO)C1=C(O)C=CC=CN1CC=C(N2CCCCC2)C1=O 1 O=C1NC=CNC1=CC=CC=CN1CC=C(N2CCCCC2)C1=O 1.0000000 1.0000 0.6316879 0.6317 0.8296977 3.9685
 | 20.0094 83.7416 30.1218 0.8895576 CN(C)CCCCN1C(=O)CN(C=CC=CC(O)=C2C(=O)NC(=N)COC2=O)C(=O)C1=O 1 N=C1COC(=O)C(=CC=CC=CN2CC(=O)NC(=O)C2=O)C(=O)N1 1.0000000 1.0000 0.7612921 0.7613 0.8718647 3.7508
 | 7.6716 57.9278 -57.9278 0.0000000 O=C1NC(=O)C(=c2[nH]c(=O)[nH]c(=O)c2=C(O)C=CC=CNCCO)C(=O)N1 1 C=c1c(=O)[nH]c(=O)[nH]c1=C1C(=O)NC(=O)NC1=O 1.0000000 1.0000 0.9204327 0.9204 0.8729072 3.7447
 | 20.9308 80.1901 33.4638 0.8879211 CC(=O)NC1CN(CCO)CN(C=CC=CC(O)=c2[nH]c(=C(C)O)c(=O)[nH]c2=O)C1=O 1 C=c1[nH]c(=CC=CC=CN2CNCCC2=O)c(=O)[nH]c1=O 1.0000000 1.0000 0.8585565 0.8586 0.6996324 4.4492
 | 45.6537 93.6771 11.1611 0.8190486 CCOCc1cn(CC(=O)NC23NC(=O)C(=C(O)C=CC=CN4CC(=O)NCCC4=O)C(=O)N2C(=N)C(=O)NC3=O)c[n+]1CCO 1 N=C1C(=O)NC(=O)C2(NC(=O)Cn3cc[nH+]c3)NC(=O)C(=CC=CC=CN3CC(=O)NCCC3=O)C(=O)N12 1.0000000 1.0000 0.8476457 0.8476 0.4682747 5.0828
01:56:07 <INFO> Score: 0.76 Agent NLL: 16.08 Valid: 100% Step: 376
 | Agent Prior Target Score SMILES SMILES_state Scaffold DASA DASA (raw) Solubility Solubility (raw) SA SA (raw)
 | 25.3519 72.4191 29.9860 0.8000397 COC=CC(C)=C1OC(=C(O)C=CC=CN2CCN(CCO)C2)C(=O)N(C)O1 1 C=C1ONC(=O)C(=CC=CC=CN2CCNC2)O1 1.0000000 1.0000 0.6051682 0.6052 0.7465389 4.2963
 | 14.6827 56.0138 46.8506 0.8036278 CCCC(=O)N=C1NC(=O)C(=C(O)C=CC=CN2C(=O)COCC2C(=O)O)S1 1 N=C1NC(=O)C(=CC=CC=CN2CCOCC2=O)S1 1.0000000 1.0000 0.6395166 0.6395 0.6939015 4.4668
 | 8.9148 54.5880 53.3830 0.8435236 CCCN1CN(C=CC=CC(O)=C2C(=O)NN2C)C=N1 1 O=C1NNC1=CC=CC=CN1C=NNC1 1.0000000 1.0000 0.7217703 0.7218 0.7241226 4.3714
 | 10.7591 66.2393 -66.2393 0.0000000 O=c1[nH]c(=O)c(=C(O)C=CC=CN(CCO)CCO)c(=O)[nH]c1=CN1CCN(CCO)CC1 1 C=c1c(=O)[nH]c(=O)c(=CN2CCNCC2)[nH]c1=O 1.0000000 1.0000 0.9134475 0.9134 0.8512962 3.8634
 | 13.7900 61.6657 46.2154 0.8428206 O=C1NC(NC2OC(CO)C(O)C(O)C2O)=NC1=C(O)C=CC=CN1CCN(CCO)C1 1 O=C1NC(NC2CCCCO2)=NC1=CC=CC=CN1CCNC1 1.0000000 1.0000 0.8984014 0.8984 0.4915145 5.0221
 | 18.9837 79.3299 25.8289 0.8215535 CCCCN1CN(C=CC=CC(O)=C2C(=O)NN(C3CCCN(CCO)C3)C2=O)C(O)=N1 1 O=C1NN(C2CCCNC2)C(=O)C1=CC=CC=CN1C=NNC1 1.0000000 1.0000 0.6606052 0.6606 0.7361046 4.3317
 | 11.3790 74.2432 -74.2432 0.0000000 CCn1c(=O)[nH]c(=C2C(=O)NNC2=O)c(=C(O)C=CC=CN(CCO)CCO)c1=O 1 C=c1c(=O)[nH]c(=O)[nH]c1=C1C(=O)NNC1=O 1.0000000 1.0000 0.9178419 0.9178 0.8370674 3.9339
 | 28.9254 78.5781 25.5323 0.8133621 CNC1(O)NC(=O)CN(C=CC=CC(O)=C2NC(C)(CBr)C(=O)NC2=O)C1=O 1 O=C1CN(C=CC=CC=C2NCC(=O)NC2=O)C(=O)CN1 1.0000000 1.0000 0.8005735 0.8006 0.4989286 5.0028
 | 24.8232 83.2487 2.7820 0.6721146 CN1CCCN1C=CC=CC(O)=C1C(=N)N(CCOCCOCCOCCOCCOCCOCCOCCOCCOCCOCCOCCOCCOCCOCCOCCOCCOCCOCCOCCOCCOCCOCCOCCOCCOCCOCCOCCO)NC1=O 1 N=C1NNC(=O)C1=CC=CC=CN1CCCN1 1.0000000 1.0000 0.5035026 0.5035 0.4126430 5.2300
 | 14.6671 96.8864 10.3907 0.8381023 Cn1c(=C(O)C=CC=CN2CCOCC2)oc(=C(O)C=CC=CN2CC(=O)NCCO2)c1=O 1 O=C1CN(C=CC=CC=c2oc(=CC=CC=CN3CCOCC3)[nH]c2=O)OCCN1 1.0000000 1.0000 0.7189871 0.7190 0.7047701 4.4332
01:56:08 <INFO> Sampled SMILES N1C(=O)C(=C(O)C=CC=CN2CN(CCO)CCC2)C(=O)[N+](=O)=C1C failed to sanitize.
01:56:08 <INFO> Score: 0.76 Agent NLL: 16.85 Valid:  99% Step: 377
 | Agent Prior Target Score SMILES SMILES_state Scaffold DASA DASA (raw) Solubility Solubility (raw) SA SA (raw)
 | 20.7739 65.4992 -65.4992 0.0000000 CC(C=CN(C)COCCO)=CC(O)=C1C(=O)NNC1=O 1 C=C1C(=O)NNC1=O 1.0000000 1.0000 0.8272420 0.8272 0.8436528 3.9019
 | 11.1475 56.4340 -56.4340 0.0000000 O=C1NN(CCO)NC1=C(O)C=CC=CN1CCCNC1=O 1 O=C1NNNC1=CC=CC=CN1CCCNC1=O 1.0000000 1.0000 0.8231246 0.8231 0.8130439 4.0424
 | 14.4253 69.9540 39.2277 0.8529821 COCC=CC=c1[nH]c(=O)c(=C(O)C=CC=CN2CC(O)CN(CCO)C2)n1C 1 C=c1[nH]c(=O)c(=CC=CC=CN2CCCNC2)[nH]1 1.0000000 1.0000 0.8182466 0.8182 0.6164347 4.6909
 | 22.3107 69.3596 31.0859 0.7847305 NCC1(O)CN(C=CC=CC(O)=C2C(=O)NC(=O)NC2[n+]2ccccc2)C(CO)C(O)C1O 1 O=C1NC(=O)C(=CC=CC=CN2CCCCC2)C([n+]2ccccc2)N1 1.0000000 1.0000 0.8359398 0.8359 0.3832450 5.3100
 | 15.8502 77.0904 31.1095 0.8453116 C[N+]1(C=C2CN(CCO)CN2C=CC=CC(O)=C2NN=C(N)NC2=O)CCOCC1 1 O=C1NC=NNC1=CC=CC=CN1CNCC1=C[NH+]1CCOCC1 1.0000000 1.0000 0.7914375 0.7914 0.6231737 4.6723
 | 15.1290 65.5248 49.8455 0.9013311 CN1CN(C=CC=CC(O)=C2C(=O)N(CCO)C2=O)C(=O)N(CCCN)C1=O 1 O=C1NCN(C=CC=CC=C2C(=O)NC2=O)C(=O)N1 1.0000000 1.0000 0.7774143 0.7774 0.9005357 3.5647
 | 9.6679 72.0806 -72.0806 0.0000000 O=C1NC(=O)C(=c2c(=O)[nH]c(=O)[nH]c(=O)c2=C(O)C=CC=CN2CC(O)C2)C(=O)N1 1 O=C1NC(=O)C(=c2c(=O)[nH]c(=O)[nH]c(=O)c2=CC=CC=CN2CCC2)C(=O)N1 1.0000000 1.0000 0.9183377 0.9183 0.8624395 3.8041
 | 13.1356 66.9036 45.0379 0.8745430 CN1C(=N)NC(=C(O)C=CC=CN2CCN(CCCCNCCCCN)C(=O)C2)C1=O 1 N=C1NC(=O)C(=CC=CC=CN2CCNC(=O)C2)N1 1.0000000 1.0000 0.7228666 0.7229 0.8729701 3.7444
 | 12.3366 59.9269 56.6868 0.9110441 O=C1CCN(C=CC=CC(O)=C2C(=O)NN(CCCO)C2=O)N1 1 O=C1CCN(C=CC=CC=C2C(=O)NNC2=O)N1 1.0000000 1.0000 0.8346483 0.8346 0.8412997 3.9134
 | 13.0527 61.4538 52.0773 0.8869624 CC=c1[nH]c(=O)c(=C(O)C=CC=CN2CC(=O)NNC2=O)[nH]1 1 C=c1[nH]c(=O)c(=CC=CC=CN2CC(=O)NNC2=O)[nH]1 1.0000000 1.0000 0.8436656 0.8437 0.7173058 4.3934
01:56:09 <INFO> Sampled SMILES N1C(=O)C(=C(O)C=CC=CN2CCCN(C)C2=O)N=CCN11CCOCC1 failed to sanitize.
01:56:09 <INFO> Score: 0.76 Agent NLL: 16.49 Valid:  99% Step: 378
 | Agent Prior Target Score SMILES SMILES_state Scaffold DASA DASA (raw) Solubility Solubility (raw) SA SA (raw)
 | 19.3494 83.5941 27.7496 0.8698726 Cn1c(=C2NC(=O)NC2=O)oc(=C(O)C=CC=CN2CC(=O)N(CCCCN=C3NCCCN3)C2=O)c1=O 1 O=C1NC(=O)C(=c2[nH]c(=O)c(=CC=CC=CN3CC(=O)N(CCCCN=C4NCCCN4)C3=O)o2)N1 1.0000000 1.0000 0.7931271 0.7931 0.7215928 4.3796
 | 21.8621 76.7428 35.6447 0.8780274 O=C1NC(=CC=CCO)C=NCC1=C(O)C=CC=CN1CC(=O)N(CCO)C(=O)C1=O 1 C=C1C=NCC(=CC=CC=CN2CC(=O)NC(=O)C2=O)C(=O)N1 1.0000000 1.0000 0.7899251 0.7899 0.7632066 4.2376
 | 28.6439 83.0945 30.1953 0.8850763 O=C(NCOC(=O)CO)NCC1NC(=O)C(=C(O)C=CC=CN2CC(=O)N(CCO)CC2=O)CO1 1 O=C1CN(C=CC=CC=C2COCNC2=O)C(=O)CN1 1.0000000 1.0000 0.8733349 0.8733 0.6677014 4.5454
 | 12.7797 65.5987 51.2224 0.9126646 NC1=CN(CCO)CN(C=CC=CC(O)=C2C(=O)NNC2=O)C1=O 1 O=C1NNC(=O)C1=CC=CC=CN1CNC=CC1=O 1.0000000 1.0000 0.8703312 0.8703 0.7891976 4.1400
 | 10.2389 57.3164 46.6564 0.8122878 CC(CO)=S1NC(=O)C(=C(O)C=CC=CN2CCNCC2)NO1 1 C=S1NC(=O)C(=CC=CC=CN2CCNCC2)NO1 1.0000000 1.0000 0.7586490 0.7586 0.5443842 4.8840
 | 28.6051 87.4645 -4.7273 0.6463843 CCCCN1CCCN(C=CC=CC(O)=C2C(=O)NCC23C(=O)n2nc(C(C)C)nc2C3C(=O)O)C1 1 O=C1NCC2(Cc3ncnn3C2=O)C1=CC=CC=CN1CCCNC1 1.0000000 1.0000 0.4295424 0.4295 0.4439315 5.1467
 | 21.1100 69.2649 36.2239 0.8241314 CCC(C)N1CC(=O)N(C=CC=CC(O)=c2oc(=C(C)O)n(C)c2=O)CC1=O 1 C=c1[nH]c(=O)c(=CC=CC=CN2CC(=O)NCC2=O)o1 1.0000000 1.0000 0.7016667 0.7017 0.6733679 4.5287
 | 19.3454 83.0049 27.7045 0.8649175 CCCCCCCCN1C=C(CO)CN(C=CC=CC(O)=c2c(=O)[nH]c(=O)[nH]c(=O)c2=C2C(=O)NC(=O)NC2=O)C1 1 O=C1NC(=O)C(=c2c(=O)[nH]c(=O)[nH]c(=O)c2=CC=CC=CN2CC=CNC2)C(=O)N1 1.0000000 1.0000 0.7260677 0.7261 0.8173481 4.0238
 | 18.0344 78.2737 28.9130 0.8373960 O=C1C(=O)N(CCO)C1=c1[nH]c(=O)[nH]c(=O)c1=C(O)C=CC=CN1OC(CO)C(O)C(O)C1O 1 O=C1NC(=c2[nH]c(=O)[nH]c(=O)c2=CC=CC=CN2CCCCO2)C1=O 1.0000000 1.0000 0.9468867 0.9469 0.4333768 5.1746
 | 14.5330 55.6595 54.1627 0.8579860 CCN1C(=O)NC(=C(O)C=CC=CN2CCN(C(=O)OC)C2)C1=O 1 O=C1NC(=O)C(=CC=CC=CN2CCNC2)N1 1.0000000 1.0000 0.6723587 0.6724 0.8963324 3.5948
01:56:10 <INFO> Score: 0.75 Agent NLL: 17.27 Valid:  99% Step: 379
 | Agent Prior Target Score SMILES SMILES_state Scaffold DASA DASA (raw) Solubility Solubility (raw) SA SA (raw)
 | 24.6114 84.0873 24.0334 0.8446936 CC(=CC=CC(O)=c1c(=O)[nH]c(=O)[nH]c(=O)c1=C1C(C(=O)O)N(C)C2C(=C(C)O)C(=O)N12)N(CCO)CCO 1 C=C1C(=O)N2C(=c3c(=O)[nH]c(=O)[nH]c(=O)c3=C)CNC12 1.0000000 1.0000 0.8521578 0.8522 0.5454574 4.8812
 | 18.5288 73.9405 30.9971 0.8198244 COC=CC(C)=c1[nH]c(=O)c(=C(O)C=CC=CN2CN(C)CC2CO)n1C 1 C=c1[nH]c(=O)c(=CC=CC=CN2CCNC2)[nH]1 1.0000000 1.0000 0.7590082 0.7590 0.5709565 4.8138
 | 13.7951 57.8572 51.8676 0.8572251 O=C1NC(N2CCNCC2)=NC1=C(O)C=CC=CN1CC=CCC1 1 O=C1NC(N2CCNCC2)=NC1=CC=CC=CN1CC=CCC1 1.0000000 1.0000 0.6940675 0.6941 0.8439081 3.9006
 | 25.7414 76.4074 22.4871 0.7726132 CC(C)N=C(N)N=C1NC(=O)C(=C(O)C=CC=CN2C(CO)CSC2N)N1 1 N=C1NC(=O)C(=CC=CC=CN2CCSC2)N1 1.0000000 1.0000 0.7590040 0.7590 0.4181904 5.2151
 | 11.5136 51.7792 63.2820 0.8989153 CN1C(=O)NC(=C(O)C=CC=CN2CN(CCO)CN2)C1=O 1 O=C1NC(=O)C(=CC=CC=CN2CNCN2)N1 1.0000000 1.0000 0.8259172 0.8259 0.7987020 4.1022
 | 12.7194 47.1214 69.5539 0.9115259 CN1C(=O)NC(=O)C1=C(O)C=CC=CN1CCNC(=O)C1=O 1 O=C1NC(=O)C(=CC=CC=CN2CCNC(=O)C2=O)N1 1.0000000 1.0000 0.8202035 0.8202 0.8698101 3.7627
 | 14.0866 62.0290 47.7389 0.8575618 O=C1NN(CCO)C(=O)C1=C(O)C=CC=CN1CC=C(F)C(O)C1 1 O=C1NNC(=O)C1=CC=CC=CN1CC=CCC1 1.0000000 1.0000 0.7950164 0.7950 0.6667843 4.5481
 | 21.6329 76.6227 21.1979 0.7642235 O=C1CCN(C=CC=CC(O)=c2[nH]c(=CC=CBr)[nH]c2=O)C(O)C1O 1 C=c1[nH]c(=O)c(=CC=CC=CN2CCC(=O)CC2)[nH]1 1.0000000 1.0000 0.7385619 0.7386 0.4142189 5.2258
 | 12.0582 64.9993 51.8883 0.9131844 NCCCN1CCN(C=CC=CC(O)=C2C(=O)NC(N)=NN2CCO)C1 1 O=C1NC=NNC1=CC=CC=CN1CCNC1 1.0000000 1.0000 0.8480684 0.8481 0.8282817 3.9750
 | 12.3397 68.9549 45.7388 0.8960442 COCCN1NC(=O)C1=C(O)C=CC=CN1CC(=O)N(CCO)CC(NC(C)=O)C1=O 1 O=C1CN(C=CC=CC=C2NNC2=O)C(=O)CCN1 1.0000000 1.0000 0.8391113 0.8391 0.7639152 4.2350
01:56:10 <INFO> Sampled SMILES N1C(=O)C(=C(O)C=CC=CN2CCSCCN2=O)N(C)C1=C(N1CCOCC1)C failed to sanitize.
01:56:11 <INFO> Score: 0.78 Agent NLL: 16.90 Valid:  99% Step: 380
 | Agent Prior Target Score SMILES SMILES_state Scaffold DASA DASA (raw) Solubility Solubility (raw) SA SA (raw)
 | 9.5529 56.6183 56.7970 0.8860566 CN1NC(=O)C1=C(O)C=CC=CN1CN(CCCO)NN1 1 O=C1NNC1=CC=CC=CN1CNNN1 1.0000000 1.0000 0.8566987 0.8567 0.6945820 4.4648
 | 11.9126 56.3979 52.2797 0.8490434 CC1NC(=O)C(=C(O)C=CC=CN2C(=O)COCC2C(=O)O)N1 1 O=C1NCNC1=CC=CC=CN1CCOCC1=O 1.0000000 1.0000 0.8020780 0.8021 0.6230213 4.6727
 | 11.5905 61.5429 57.0734 0.9266900 O=C1CNC(=O)C(=C(O)C=CC=CN2CN(CCO)CCC2=O)C(=O)N1 1 O=C1CNC(=O)C(=CC=CC=CN2CNCCC2=O)C(=O)N1 1.0000000 1.0000 0.8472138 0.8472 0.8962274 3.5955
 | 11.5071 58.0784 54.6031 0.8803237 NC1=NC(=C(O)C=CC=CN2CC=C(CO)NC2=O)C(=O)N1 1 O=C1NC=NC1=CC=CC=CN1CC=CNC1=O 1.0000000 1.0000 0.8143000 0.8143 0.7336684 4.3399
 | 12.9437 53.5538 52.2754 0.8267903 CC1C(O)CCN1C=CC=CC(O)=C1C(=O)NN1C 1 O=C1NNC1=CC=CC=CN1CCCC1 1.0000000 1.0000 0.7564446 0.7564 0.6004347 4.7347
 | 14.5128 74.2331 41.9293 0.9075181 N=c1cc[nH]c2c1S(=O)(=O)NC2=c1c(=O)[nH]c(=O)[nH]c(=O)c1=C(O)C=CC=CN(CCO)CCO 1 C=c1c(=O)[nH]c(=O)[nH]c(=O)c1=C1NS(=O)(=O)c2c1[nH]ccc2=N 1.0000000 1.0000 0.8841641 0.8842 0.7452599 4.3007
 | 20.9504 63.0126 42.0522 0.8208186 CCN1C(=O)OC(=C(O)C=CC=CN2CC=NCC2=N)C1=O 1 N=C1CN=CCN1C=CC=CC=C1OC(=O)NC1=O 1.0000000 1.0000 0.6489240 0.6489 0.7558896 4.2637
 | 16.7712 79.5530 29.7191 0.8536881 CCN1CCN(C=CC=CC(O)=c2c(=C3C(O)C(O)C(O)CN3CCO)[nH]c(=O)n(C)c2=O)C1 1 O=c1[nH]c(=O)c(=CC=CC=CN2CCNC2)c(=C2CCCCN2)[nH]1 1.0000000 1.0000 0.8915711 0.8916 0.5327802 4.9145
 | 16.7353 67.0576 46.5817 0.8878068 COCOC(C)=c1[nH]c(=O)c(=C(O)C=CC=CN2CC(=O)N(CCN)C2=O)o1 1 C=c1[nH]c(=O)c(=CC=CC=CN2CC(=O)NC2=O)o1 1.0000000 1.0000 0.8059707 0.8060 0.7809321 4.1719
 | 17.2334 57.2883 57.0497 0.8932653 CN1C(=O)CC(=C(O)C=CC=CN2CN(CCO)CCC2=O)C1=O 1 O=C1CC(=CC=CC=CN2CNCCC2=O)C(=O)N1 1.0000000 1.0000 0.7645511 0.7646 0.8844759 3.6740
01:56:12 <INFO> Score: 0.77 Agent NLL: 15.99 Valid: 100% Step: 381
 | Agent Prior Target Score SMILES SMILES_state Scaffold DASA DASA (raw) Solubility Solubility (raw) SA SA (raw)
 | 14.5682 79.5641 36.0464 0.9032075 CCCCCCN1C(=O)CN(C=CC=CC(O)=c2c(=O)[nH]c(=O)[nH]c(=O)c2=C2C(=O)NC(=O)NC2=O)C1=O 1 O=C1CN(C=CC=CC=c2c(=O)[nH]c(=O)[nH]c(=O)c2=C2C(=O)NC(=O)NC2=O)C(=O)N1 1.0000000 1.0000 0.7970748 0.7971 0.8714873 3.7530
 | 11.3744 49.7539 60.3759 0.8603891 C=c1oc(=C(O)C=CC=CN2CCCO2)c(=O)n1C 1 C=c1[nH]c(=O)c(=CC=CC=CN2CCCO2)o1 1.0000000 1.0000 0.7746639 0.7747 0.7099046 4.4170
 | 20.7801 68.6855 37.0237 0.8258536 CCOC(=O)CC1NC(=O)C(=C(O)C=CC=CN2C=CN(CCCCO)C2)N1 1 O=C1NCNC1=CC=CC=CN1C=CNC1 1.0000000 1.0000 0.6870887 0.6871 0.7062668 4.4285
 | 10.2754 70.0313 50.7700 0.9437599 CC(=CC=CC(O)=c1c(=O)[nH]c(=O)[nH]c(=O)c1=C1C(=O)C(=O)N(C)C1=O)N(CCO)CCO 1 C=c1c(=O)[nH]c(=O)[nH]c(=O)c1=C1C(=O)NC(=O)C1=O 1.0000000 1.0000 0.9120405 0.9120 0.8669585 3.7790
 | 16.5558 75.2575 41.4582 0.9118414 NC(N)=NCCN1CCN(C=CC=CC(O)=c2[nH]c(=CC=CC(=O)O)[nH]c2=O)CC1=O 1 C=c1[nH]c(=O)c(=CC=CC=CN2CCNC(=O)C2)[nH]1 1.0000000 1.0000 0.8628193 0.8628 0.7974740 4.1071
 | 13.7935 69.1133 34.0043 0.8056069 CC1NNC(=C(O)C=CC=CN2CC=C(CO)N2)C(=O)N1 1 O=C1NCNNC1=CC=CC=CN1CC=CN1 1.0000000 1.0000 0.8255684 0.8256 0.4496025 5.1318
 | 7.8834 60.1167 -60.1167 0.0000000 CCCN1CN(C=CC=CC(O)=C2C(=O)NN2CCO)C(C)=N1 1 O=C1NNC1=CC=CC=CN1C=NNC1 1.0000000 1.0000 0.7287461 0.7287 0.7534546 4.2723
 | 11.1328 63.6660 41.6199 0.8225457 CCCCN1CCCN(C=CC=CC(O)=C2C(=O)NC(C)=NN2CCO)C1 1 O=C1NC=NNC1=CC=CC=CN1CCCNC1 1.0000000 1.0000 0.6083663 0.6084 0.8556596 3.8406
 | 8.7916 71.2806 50.5145 0.9515240 CNC=CC=CC(O)=c1c(=O)[nH]c(=O)[nH]c(=O)c1=C1C(=O)C(=O)N(CCO)C1=O 1 C=c1c(=O)[nH]c(=O)[nH]c(=O)c1=C1C(=O)NC(=O)C1=O 1.0000000 1.0000 0.9247711 0.9248 0.8833719 3.6810
 | 17.6542 59.1584 48.1708 0.8385091 N=C1NC(=O)C(=C(O)C=CC=CN2CCC=C(O)C2=O)CO1 1 N=C1NC(=O)C(=CC=CC=CN2CCC=CC2=O)CO1 1.0000000 1.0000 0.6978934 0.6979 0.7443633 4.3038
01:56:12 <INFO> Sampled SMILES N1C(=O)N(C)C(=O)C(=C(O)C=CC=C(N2CC=C(O)(CO)CC2)O)C1=C1C(=O)NC(=O)NC1=O failed to sanitize.
01:56:12 <INFO> Sampled SMILES CN1C(=O)C(=C(O)C=CC=CN2CN(CCO)C=CC=C2(O)C)C1=CF failed to sanitize.
01:56:13 <INFO> Score: 0.71 Agent NLL: 17.14 Valid:  98% Step: 382
 | Agent Prior Target Score SMILES SMILES_state Scaffold DASA DASA (raw) Solubility Solubility (raw) SA SA (raw)
 | 14.2672 47.3036 65.3655 0.8802274 NC1CCN(C=CC=CC(O)=C2CC(=O)NC2=O)C1 1 O=C1CC(=CC=CC=CN2CCCC2)C(=O)N1 1.0000000 1.0000 0.7812318 0.7812 0.7884212 4.1431
 | 17.8052 79.4943 39.7782 0.9318159 CC(=O)OCCN1C(=O)C(=O)C(=c2[nH]c(=O)[nH]c(=O)c2=C(O)C=CC=CN2CC(=O)C(=O)NC2=O)C1=O 1 O=C1CN(C=CC=CC=c2c(=O)[nH]c(=O)[nH]c2=C2C(=O)NC(=O)C2=O)C(=O)NC1=O 1.0000000 1.0000 0.8914206 0.8914 0.8439924 3.9002
 | 16.3224 87.4912 24.6126 0.8758104 O=C1NNC(=O)C1=c1c(=O)[nH]c(=O)[nH]c(=O)c1=C(O)C=CC=CNC1CCC(=O)C1O 1 O=C1CCC(NC=CC=CC=c2c(=O)[nH]c(=O)[nH]c(=O)c2=C2C(=O)NNC2=O)C1 1.0000000 1.0000 0.9234848 0.9235 0.5729952 4.8084
 | 13.2881 74.9564 41.9246 0.9131323 CC(=O)C1=C(N2CCCC2)C(=O)C(=c2c(=O)[nH]c(=O)[nH]c(=O)c2=C(O)C=CC=CN)C1=O 1 C=c1c(=O)[nH]c(=O)[nH]c(=O)c1=C1C(=O)C=C(N2CCCC2)C1=O 1.0000000 1.0000 0.8298597 0.8299 0.8600898 3.8170
 | 11.2135 58.5563 -58.5563 0.0000000 O=C1NC(=S)NC(=O)C1=C(O)C=CC=CN1CC(=O)N(CCO)C(=O)C1=O 1 O=C1CN(C=CC=CC=C2C(=O)NC(=S)NC2=O)C(=O)C(=O)N1 1.0000000 1.0000 0.8593569 0.8594 0.9039787 3.5393
 | 27.8096 56.9129 30.6440 0.6840381 CC=C1CCCN1C=CC=CC(O)=C1C(=O)NC2(C)C=CN12 1 C=C1CCCN1C=CC=CC=C1C(=O)NC2C=CN12 1.0000000 1.0000 0.4623686 0.4624 0.5253416 4.9339
 | 18.7902 67.0840 45.7432 0.8814625 O=C1CCNC(=O)C1=C(O)C=CC=CN1CC=C(CO)NC1 1 O=C1CCNC(=O)C1=CC=CC=CN1CC=CNC1 1.0000000 1.0000 0.7799465 0.7799 0.7965387 4.1109
 | 15.9888 61.0537 47.9701 0.8517485 CC1NNNC(=C(O)C=CC=CN2CCN(C)C2)C(=O)N1 1 O=C1NCNNNC1=CC=CC=CN1CCNC1 1.0000000 1.0000 0.8184656 0.8185 0.6114824 4.7045
 | 17.0444 74.0142 37.5084 0.8712707 CONCC1NC(=O)C(=C(O)C=CC=CN2CC(=O)N(CCO)CC2=O)C(=O)NC1O 1 O=C1CN(C=CC=CC=C2C(=O)NCCNC2=O)C(=O)CN1 1.0000000 1.0000 0.8952458 0.8952 0.5887145 4.7664
 | 15.2592 56.7762 50.4395 0.8376228 CCC(=O)N1NC(=O)C(=C(O)C=CC=CN2CC=CCC2)N1 1 O=C1NNNC1=CC=CC=CN1CC=CCC1 1.0000000 1.0000 0.6818168 0.6818 0.7710566 4.2090
01:56:13 <INFO> Sampled SMILES N1C(=O)C(=C(O)C=CC=CN2CC(=O)N(CCO)CC(NC(=O)C)C2=O)n2c1cccc2 failed to sanitize.
01:56:13 <INFO> Sampled SMILES N1C(=O)C(=C(O)C=CC=CN2CC(N)=NC(=O)C2)(C)OC(=C)N1 failed to sanitize.
01:56:14 <INFO> Score: 0.77 Agent NLL: 17.02 Valid:  98% Step: 383
 | Agent Prior Target Score SMILES SMILES_state Scaffold DASA DASA (raw) Solubility Solubility (raw) SA SA (raw)
 | 30.2254 67.9673 24.7234 0.7241461 COC1=NCCCN1C=CC=CC(O)=C1C(=O)N(C)C2(CCCN(C)C2)N1C 1 O=C1NC2(CCCNC2)NC1=CC=CC=CN1C=NCCC1 1.0000000 1.0000 0.5586770 0.5587 0.5088104 4.9770
 | 15.8856 66.0180 39.7614 0.8264015 CCCCCCCCN1CC(=O)NC(=O)C1=C(O)C=CC=CN1CCN(CCO)C(=O)C1 1 O=C1CN(C=CC=CC=C2NCC(=O)NC2=O)CCN1 1.0000000 1.0000 0.5951349 0.5951 0.9113314 3.4821
 | 12.3150 65.6577 49.2260 0.8975289 CCN1C(=O)CN(C=CC=CC(O)=C2C(=O)NC(=NC(C)=O)N(C)C2=O)C(=O)C1=O 1 N=C1NC(=O)C(=CC=CC=CN2CC(=O)NC(=O)C2=O)C(=O)N1 1.0000000 1.0000 0.7857240 0.7857 0.8645335 3.7926
 | 24.3750 68.7498 32.0242 0.7872966 COC(=O)N1CN(C=CC=CC(O)=C2SSC(=CC=C3C(=O)NC(=O)NC3=O)NC2=O)CN1 1 O=C1NC(=O)C(=CC=C2NC(=O)C(=CC=CC=CN3CNNC3)SS2)C(=O)N1 1.0000000 1.0000 0.5963556 0.5964 0.7040318 4.4355
 | 9.2488 53.8455 57.4174 0.8692408 O=C1NN(CCO)C1=C(O)C=CC=CN1CC=CCC1 1 O=C1NNC1=CC=CC=CN1CC=CCC1 1.0000000 1.0000 0.7485760 0.7486 0.7953767 4.1156
 | 14.1275 52.4882 58.4286 0.8665379 CC1CN(C)CCN1C=CC=CC(O)=C1N=C(N)NC1=O 1 O=C1NC=NC1=CC=CC=CN1CCNCC1 1.0000000 1.0000 0.7668685 0.7669 0.7501067 4.2839
 | 16.6605 61.3496 35.5852 0.7573031 N=C1CNCN1C=CC=CC(O)=C1SS(=O)NC1=O 1 N=C1CNCN1C=CC=CC=C1SS(=O)NC1=O 1.0000000 1.0000 0.7455824 0.7456 0.3884173 5.2957
 | 13.1946 79.9846 33.8053 0.8889832 O=C1NC(=O)C(=c2c(=O)[nH]c(=O)[nH]c(=O)c2=C(O)C=CC=CN2CC([N+](=O)[O-])NNC2=O)C(=O)N1 1 O=C1NC(=O)C(=c2c(=O)[nH]c(=O)[nH]c(=O)c2=CC=CC=CN2CCNNC2=O)C(=O)N1 1.0000000 1.0000 0.9174218 0.9174 0.6268957 4.6620
 | 11.8120 61.6550 50.0892 0.8730018 NC1=NC(=C(O)C=CC=CN2CC(=O)N(CCO)CC2=O)C(=O)NN1CCc1ccccc1 1 O=C1CN(C=CC=CC=C2N=CN(CCc3ccccc3)NC2=O)C(=O)CN1 1.0000000 1.0000 0.7169251 0.7169 0.8775064 3.7173
 | 13.7458 68.5376 47.8442 0.9092324 CC(C=CN1CCSCC1)=CC(O)=c1c(=O)[nH]c(=O)[nH]c(=O)c1=C1C(=O)NC(=O)NC1=O 1 O=C1NC(=O)C(=c2c(=O)[nH]c(=O)[nH]c(=O)c2=CC=CC=CN2CCSCC2)C(=O)N1 1.0000000 1.0000 0.8262787 0.8263 0.8473674 3.8834
01:56:14 <INFO> Sampled SMILES CN1C(=O)C(=C(O)C=CC=CN2C(C(O)=O)CCC2=O)OC1=CC=CCC=CC=CC(O)=OC failed to sanitize.
01:56:14 <INFO> Score: 0.70 Agent NLL: 16.42 Valid:  98% Step: 384
 | Agent Prior Target Score SMILES SMILES_state Scaffold DASA DASA (raw) Solubility Solubility (raw) SA SA (raw)
 | 11.4937 62.5815 48.4460 0.8674021 N=C(N)N=C1NC(=O)C(=C(O)C=CC=CN2C=CN(CCO)C2)N1 1 N=C1NC(=O)C(=CC=CC=CN2C=CNC2)N1 1.0000000 1.0000 0.8247786 0.8248 0.6638455 4.5567
 | 14.2277 63.9499 54.1002 0.9222665 [N-]=[N+]=NCCCN1C(=O)C(=O)C(=c2[nH]c(=O)[nH]c(=O)c2=C(O)C=CC=CNCCO)C1=O 1 C=c1c(=O)[nH]c(=O)[nH]c1=C1C(=O)NC(=O)C1=O 1.0000000 1.0000 0.8649103 0.8649 0.8429402 3.9054
 | 21.4375 94.1152 19.6575 0.8888498 C[N+](C)(C)CCCN1C=CN(C=CC=CC(O)=c2c(=C3NC(=O)NC3=O)[nH]c(=O)n(CC(=O)O)c2=O)C1 1 O=C1NC(=O)C(=c2[nH]c(=O)[nH]c(=O)c2=CC=CC=CN2C=CNC2)N1 1.0000000 1.0000 0.8160871 0.8161 0.7687942 4.2173
 | 15.1338 69.8527 45.5635 0.9016892 Cn1c(=O)[nH]c(=C2C(=O)C(=O)N(c3ccccc3)C2=O)c(=C(O)C=CC=CN2CCNCC2=O)c1=O 1 O=C1C(=O)N(c2ccccc2)C(=O)C1=c1[nH]c(=O)[nH]c(=O)c1=CC=CC=CN1CCNCC1=O 1.0000000 1.0000 0.7818653 0.7819 0.8934448 3.6148
 | 16.9794 61.8173 51.4478 0.8848837 CN1C(=O)C(=C(O)C=CC=CN2CC(=NO)C2)C(=O)N1C 1 N=C1CN(C=CC=CC=C2C(=O)NNC2=O)C1 1.0000000 1.0000 0.7697182 0.7697 0.8319015 3.9582
 | 15.4576 64.2490 46.0954 0.8620656 CC1CN(CCO)CN(C=CC=CC(O)=C2NC(=O)NC(=O)NC2=O)O1 1 O=C1NC(=O)NC(=CC=CC=CN2CNCCO2)C(=O)N1 1.0000000 1.0000 0.7780112 0.7780 0.7118056 4.4110
 | 11.0671 68.8075 42.5487 0.8699701 O=C1NC(=CBr)COC(=O)C1=C(O)C=CC=CN1CC(=O)N(CCO)C(=O)C1=O 1 C=C1COC(=O)C(=CC=CC=CN2CC(=O)NC(=O)C2=O)C(=O)N1 1.0000000 1.0000 0.7307476 0.7307 0.8333063 3.9517
 | 15.6760 57.5314 49.3102 0.8347001 CC=CC=c1oc(=C(O)C=CC=CN2CCCOCC2)c(=O)n1C 1 C=c1[nH]c(=O)c(=CC=CC=CN2CCCOCC2)o1 1.0000000 1.0000 0.6517309 0.6517 0.8192478 4.0155
 | 19.5681 61.2290 48.9132 0.8604858 CCN1C(=O)C(=O)CN(C=CC=CC(O)=C2CCCNC2=O)C1=O 1 O=C1CN(C=CC=CC=C2CCCNC2=O)C(=O)NC1=O 1.0000000 1.0000 0.6847913 0.6848 0.8814093 3.6933
 | 30.2024 81.1319 -0.6536 0.6287369 CCCCCCN1CCCN(C=CC=CC(O)=C2NC3(N=NC(=C(C)O)N3O)NC2=O)C1 1 C=C1N=NC2(N1)NC(=O)C(=CC=CC=CN1CCCNC1)N2 1.0000000 1.0000 0.3859950 0.3860 0.4628540 5.0970
01:56:15 <INFO> Sampled SMILES N1C(=O)C(=C(O)C=CC=CN2CC=c3ccccc32)C(=O)NC(=O)C1=O failed to sanitize.
01:56:15 <INFO> Score: 0.74 Agent NLL: 16.79 Valid:  99% Step: 385
 | Agent Prior Target Score SMILES SMILES_state Scaffold DASA DASA (raw) Solubility Solubility (raw) SA SA (raw)
 | 22.5104 66.9505 46.9206 0.8896179 O=c1[nH]c(=C(O)NOCCO)ncc1=C(O)C=CC=CN1CCCCC1 1 C=c1ncc(=CC=CC=CN2CCCCC2)c(=O)[nH]1 1.0000000 1.0000 0.7849255 0.7849 0.8267395 3.9820
 | 12.9750 65.4735 53.4224 0.9288748 CCN1C(=O)C(=O)C(=c2c(=O)[nH]c(=O)[nH]c(=O)c2=C(O)C=CC=CN(C)OC)C1=O 1 C=c1c(=O)[nH]c(=O)[nH]c(=O)c1=C1C(=O)NC(=O)C1=O 1.0000000 1.0000 0.8740173 0.8740 0.8592411 3.8215
 | 11.9959 55.0569 58.4870 0.8870618 O=C1NC(N(CCO)CCO)=NC1=C(O)C=CC=CN1CC=CC1 1 O=C1NC=NC1=CC=CC=CN1CC=CC1 1.0000000 1.0000 0.7970635 0.7971 0.7927665 4.1260
 | 17.4345 69.0632 37.0628 0.8291092 CC1NN(C=CC=CC(O)=C2N=C(N3CCOCC3)NC2=O)C(C(=O)O)CO1 1 O=C1NC(N2CCOCC2)=NC1=CC=CC=CN1CCOCN1 1.0000000 1.0000 0.7530993 0.7531 0.6140734 4.6974
 | 14.9647 59.4324 51.9612 0.8702625 COC1=CCN(C=CC=CC(O)=C2NNC2=O)C(=O)N1 1 O=C1NNC1=CC=CC=CN1CC=CNC1=O 1.0000000 1.0000 0.7767403 0.7767 0.7502071 4.2836
 | 12.9585 65.8871 51.3109 0.9156097 CNC1=NC(=C(O)C=CC=CN2CC(=O)N(CCO)CC2=O)C(=O)NN1CCO 1 O=C1CN(C=CC=CC=C2N=CNNC2=O)C(=O)CN1 1.0000000 1.0000 0.8711438 0.8711 0.8013501 4.0914
 | 26.5277 80.6051 31.8477 0.8785379 COC=C1CN(CCO)CN(C=CC=CC(O)=c2c(=O)[nH]c(=CN3CCOCC3)oc2=O)C1=O 1 C=C1CNCN(C=CC=CC=c2c(=O)[nH]c(=CN3CCOCC3)oc2=O)C1=O 1.0000000 1.0000 0.8075862 0.8076 0.7364818 4.3305
 | 15.9575 47.4868 63.1835 0.8646114 CC(=CC=CC(O)=C1OC(C)(C)N(C)C1=O)N(CCO)CCO 1 C=C1OCNC1=O 1.0000000 1.0000 0.7031918 0.7032 0.8628412 3.8019
 | 12.5401 57.8408 43.2744 0.7899624 CCCCN1CCN(C=CC=CC(O)=C2NN=C(C(F)(F)F)NC2=O)C1 1 O=C1NC=NNC1=CC=CC=CN1CCNC1 1.0000000 1.0000 0.5395538 0.5396 0.8538328 3.8502
 | 10.2661 62.5941 49.2959 0.8741400 O=C1NN(CCO)C1=C(O)C=CC=CN1CCC=C1CN1CCOCC1 1 O=C1NNC1=CC=CC=CN1CCC=C1CN1CCOCC1 1.0000000 1.0000 0.7341956 0.7342 0.8474804 3.8828
01:56:16 <INFO> Sampled SMILES O=C1C(=C(O)C=CC=CN2CN(CCC)C=C2)C(=C#N)C1=O failed to sanitize.
01:56:16 <INFO> Score: 0.73 Agent NLL: 17.15 Valid:  99% Step: 386
 | Agent Prior Target Score SMILES SMILES_state Scaffold DASA DASA (raw) Solubility Solubility (raw) SA SA (raw)
 | 13.2921 54.4076 56.8307 0.8690495 CSCCN1NC(=O)C(=C(O)C=CC=CN2CCOCC2)N=C1N 1 O=C1NNC=NC1=CC=CC=CN1CCOCC1 1.0000000 1.0000 0.7252315 0.7252 0.8397488 3.9210
 | 15.5613 47.7868 56.1858 0.8122858 CC1=CC(=C(O)C=CC=CN2CCCC2)C(=O)NN1C 1 O=C1NNC=CC1=CC=CC=CN1CCCC1 1.0000000 1.0000 0.5798868 0.5799 0.8712059 3.7547
 | 23.1818 79.9778 26.1565 0.8291737 CC(C)=C1N(C)CN(C=CC=CC(O)=C2NC(=N)C(=O)NC2=O)N1C 1 C=C1NCN(C=CC=CC=C2NC(=N)C(=O)NC2=O)N1 1.0000000 1.0000 0.6931966 0.6932 0.7102155 4.4160
 | 16.6738 63.9002 -63.9002 0.0000000 O=C1NNN(CCOCCO)C1=C(O)C=CC=CN1CCNC1 1 O=C1NNNC1=CC=CC=CN1CCNC1 1.0000000 1.0000 0.8597714 0.8598 0.8111031 4.0507
 | 17.0481 70.7988 42.3762 0.8841799 N=C(N=C1NC(=O)C(=C(O)C=CC=CN2CCNC2=NCCO)C(=O)N1)N1CCOCC1 1 N=C1NCCN1C=CC=CC=C1C(=O)NC(=NC(=N)N2CCOCC2)NC1=O 1.0000000 1.0000 0.8109582 0.8110 0.7561205 4.2629
 | 21.7448 84.4878 -84.4702 0.0001372 CC(=O)N=C1NC(=O)C(=C(O)C=CC=Cn2c(CNCCCN)coc(=O)c2=O)N1 1 N=C1NC(=O)C(=CC=CC=Cn2ccoc(=O)c2=O)N1 0.0000000 0.0000 0.7912830 0.7913 0.7914555 4.1312
 | 10.8988 60.7447 55.1784 0.9056490 CCN1C(=O)C(=O)C(=c2[nH]c(=O)[nH]c(=O)c2=C(O)C=CC=CN2CCC(N)C2)C1=O 1 O=C1NC(=O)C(=c2[nH]c(=O)[nH]c(=O)c2=CC=CC=CN2CCCC2)C1=O 1.0000000 1.0000 0.8643439 0.8643 0.7670754 4.2236
 | 20.4704 75.0948 40.6699 0.9044122 N=C(N)N=C1CNC(=C(O)C=CC=CN2CCN(CCN=C(N)N)C(=O)C2)C(=O)N1 1 N=C1CNC(=CC=CC=CN2CCNC(=O)C2)C(=O)N1 1.0000000 1.0000 0.8687741 0.8688 0.7548084 4.2675
 | 13.0611 51.6434 48.7181 0.7840740 O=C1Nc2cccc[n+]2NC1=C(O)C=CC=CN1CC=CCC1 1 O=C1Nc2cccc[n+]2NC1=CC=CC=CN1CC=CCC1 1.0000000 1.0000 0.5680093 0.5680 0.7503304 4.2832
 | 21.5202 80.1571 25.9024 0.8285897 NC1CCN(C=C(O)CNC=CC=CC(O)=c2c(=O)[nH]c(=O)[nH]c2=C2C=C(O)C(=O)C(=O)C2)C1 1 O=C1C=CC(=c2[nH]c(=O)[nH]c(=O)c2=CC=CC=CNCC=CN2CCCC2)CC1=O 1.0000000 1.0000 0.7922003 0.7922 0.5601717 4.8424
01:56:17 <INFO> Score: 0.80 Agent NLL: 16.76 Valid: 100% Step: 387
 | Agent Prior Target Score SMILES SMILES_state Scaffold DASA DASA (raw) Solubility Solubility (raw) SA SA (raw)
 | 18.0497 52.3852 58.7387 0.8681548 CCC1ONC(=O)C1=C(O)C=CC=CN1CCN(CCO)CC1 1 O=C1NOCC1=CC=CC=CN1CCNCC1 1.0000000 1.0000 0.7343446 0.7343 0.8171660 4.0246
 | 11.8387 58.0036 57.6519 0.9035589 CC1CNC(=O)C(=C(O)C=CC=CN2CC(=O)NC(=O)C2=O)C(=O)N1 1 O=C1CN(C=CC=CC=C2C(=O)NCCNC2=O)C(=O)C(=O)N1 1.0000000 1.0000 0.8515921 0.8516 0.7777967 4.1838
 | 15.3063 52.3609 60.7375 0.8835816 CN1CCN(C=CC=CC(O)=C2C(=O)NC(=C(O)O)C2=O)CC1 1 C=C1NC(=O)C(=CC=CC=CN2CCNCC2)C1=O 1.0000000 1.0000 0.7321374 0.7321 0.9010689 3.5609
 | 17.9222 66.7590 46.2976 0.8832544 O=C(O)C=C1COC(=O)C(=C(O)C=CC=CN2CCCN(CCO)C2)C(=O)N1 1 C=C1COC(=O)C(=CC=CC=CN2CCCNC2)C(=O)N1 1.0000000 1.0000 0.7536463 0.7536 0.8548843 3.8447
 | 14.4161 72.2509 40.1955 0.8784882 N=C1C(=C(O)C=CC=CN2CC=C(CO)N2)C(=O)NN1CCO 1 N=C1NNC(=O)C1=CC=CC=CN1CC=CN1 1.0000000 1.0000 0.8340429 0.8340 0.6958793 4.4608
 | 9.5502 62.0771 -62.0771 0.0000000 NC1=NNC(=C(O)C=CC=CN2CN(CCO)C=N2)C(=O)N1 1 O=C1NC=NNC1=CC=CC=CN1CNC=N1 1.0000000 1.0000 0.8660357 0.8660 0.6851619 4.4934
 | 14.6923 61.5817 47.7311 0.8540068 CCN1NC(=O)C1=C(O)C=CC=CN1C(=O)N(C)CC1C(=O)O 1 O=C1NNC1=CC=CC=CN1CCNC1=O 1.0000000 1.0000 0.7525418 0.7525 0.7181967 4.3906
 | 13.7919 66.9353 38.7887 0.8259694 C=C1CCN(CCO)CN1C=CC=CC(O)=c1[nH]c(=CBr)[nH]c1=O 1 C=C1CCNCN1C=CC=CC=c1[nH]c(=C)[nH]c1=O 1.0000000 1.0000 0.6802861 0.6803 0.7192011 4.3873
 | 15.6218 53.9780 52.8572 0.8346500 CC(=O)N1NC(=O)C1=C(O)C=CC=CN1C(=O)C(=O)c2ccccc21 1 O=C1NNC1=CC=CC=CN1C(=O)C(=O)c2ccccc21 1.0000000 1.0000 0.6200286 0.6200 0.8936709 3.6132
 | 12.7759 52.8512 61.5542 0.8937923 O=C1CCN(C=CC=CC(O)=C2CN(CCO)NC2=O)C1 1 O=C1CCN(C=CC=CC=C2CNNC2=O)C1 1.0000000 1.0000 0.8076866 0.8077 0.8059670 4.0723
01:56:18 <INFO> Sampled SMILES N1C(=O)C(=C(O)C=CC=CN2CC([N+](=O)[O-])=NN2C)=NC(=CC(O)=C)N1CCO failed to sanitize.
01:56:18 <INFO> Score: 0.75 Agent NLL: 16.17 Valid:  98% Step: 388
 | Agent Prior Target Score SMILES SMILES_state Scaffold DASA DASA (raw) Solubility Solubility (raw) SA SA (raw)
 | 13.0493 79.6397 -79.6397 0.0000000 CCCCCCCCN1CCCN(C=CC=CC(O)=c2c(=O)[nH]c(=O)[nH]c(=O)c2=C2C(=O)C(=O)N(CCO)C2=O)C1 1 O=C1NC(=O)C(=c2c(=O)[nH]c(=O)[nH]c(=O)c2=CC=CC=CN2CCCNC2)C1=O 1.0000000 1.0000 0.7271225 0.7271 0.8752734 3.7307
 | 18.4324 67.1412 27.7437 0.7412886 CCC1NC(=O)C(=C(O)C=CC=CN2CC=CCC2)N(CCO)C=CO1 1 O=C1NCOC=CNC1=CC=CC=CN1CC=CCC1 1.0000000 1.0000 0.5562181 0.5562 0.5797682 4.7904
 | 16.9774 60.9638 40.6072 0.7935235 CCCCC1NC(=O)C(=C(O)C=CC=CN2CCN(CCCC)C2)C(=O)N1 1 O=C1NCNC(=O)C1=CC=CC=CN1CCNC1 1.0000000 1.0000 0.5306966 0.5307 0.8999281 3.5692
 | 17.3031 63.0721 37.8773 0.7886674 CN1C(=O)NC(=O)C1=C(O)C=CC=CN1CC=NC1=CN1CCSCC1 1 O=C1NC(=O)C(=CC=CC=CN2CC=NC2=CN2CCSCC2)N1 1.0000000 1.0000 0.5906611 0.5907 0.7225214 4.3766
 | 22.4906 65.5236 29.7602 0.7444044 CCCC=C1C(=O)N2C(=C(O)C=CC=CN3CCN(C)C3)C(=O)NC2(C)N1CC 1 C=C1NC2NC(=O)C(=CC=CC=CN3CCNC3)N2C1=O 1.0000000 1.0000 0.5341286 0.5341 0.6362334 4.6358
 | 16.4466 69.4232 36.2328 0.8254371 CCN1C(=N)NC(=O)C1=C(O)C=CC=CN1CN(CCO)CC([N+](=O)[O-])N1 1 N=C1NC(=O)C(=CC=CC=CN2CNCCN2)N1 1.0000000 1.0000 0.8066669 0.8067 0.5319562 4.9166
 | 26.3201 79.9878 30.8460 0.8658888 CC(=O)NNC(=O)NN=C1CC=CCN1C=CC=CC(O)=C1NN(CCCO)NC1=O 1 N=C1CC=CCN1C=CC=CC=C1NNNC1=O 1.0000000 1.0000 0.7678416 0.7678 0.7455052 4.2998
 | 13.6784 63.5247 49.5366 0.8832920 CN1CCN(C=CC=CC(O)=c2[nH]c(=CC=CCO)[nH]c2=O)C1 1 C=c1[nH]c(=O)c(=CC=CC=CN2CCNC2)[nH]1 1.0000000 1.0000 0.8104362 0.8104 0.7529907 4.2739
 | 19.2677 68.4794 44.0679 0.8792759 C=CCN1C(=O)CN(C=CC=CC(O)=C2C(=O)N(C(CO)CCO)C2=O)C1=O 1 O=C1CN(C=CC=CC=C2C(=O)NC2=O)C(=O)N1 1.0000000 1.0000 0.7780804 0.7781 0.7895221 4.1388
 | 32.1133 70.0483 24.1583 0.7359892 Cc1c(CN)c(C)n(C2C=CCN2C=CC=CC(O)=C2C(=O)NC(=O)N=C2N)c1C 1 O=C1N=CC(=CC=CC=CN2CC=CC2n2cccc2)C(=O)N1 1.0000000 1.0000 0.4992141 0.4992 0.6746413 4.5249
01:56:19 <INFO> Score: 0.75 Agent NLL: 15.71 Valid: 100% Step: 389
 | Agent Prior Target Score SMILES SMILES_state Scaffold DASA DASA (raw) Solubility Solubility (raw) SA SA (raw)
 | 18.2335 63.9360 43.5793 0.8399631 CC1=CCN(C=CC=CC(O)=C2C(=O)NC3C(=O)NC(=O)C23)C1=O 1 O=C1NC2C(=O)NC(=O)C2C1=CC=CC=CN1CC=CC1=O 1.0000000 1.0000 0.7771482 0.7771 0.6222780 4.6748
 | 10.3399 82.2614 37.9887 0.9394539 CN1C(=O)C(=O)C1=c1c(=O)[nH]c(=O)[nH]c(=O)c1=C(O)C=CC=CN1CCN(CCO)C(=O)C1 1 O=C1CN(C=CC=CC=c2c(=O)[nH]c(=O)[nH]c(=O)c2=C2NC(=O)C2=O)CCN1 1.0000000 1.0000 0.9097441 0.9097 0.8501345 3.8693
 | 11.0664 47.9498 62.4400 0.8624209 CN1C(=O)NC(=O)NC(=O)C1=C(O)C=CC=CN1CCCC1 1 O=C1NC(=O)NC(=CC=CC=CN2CCCC2)C(=O)N1 1.0000000 1.0000 0.6790831 0.6791 0.9050259 3.5314
 | 18.8709 65.5860 38.6408 0.8142721 CC(C)N1NC(=O)C(=C(O)C=CC=CN2C(=O)OCC2C(=O)O)C(=O)NC1(C)C 1 O=C1NCNNC(=O)C1=CC=CC=CN1CCOC1=O 1.0000000 1.0000 0.6607131 0.6607 0.7022916 4.4409
 | 8.2459 70.8753 -70.8753 0.0000000 O=C1CN(C=CC=CC(O)=c2c(=O)[nH]c(=O)[nH]c(=O)c2=C2C(=O)NC(=O)NC2=O)CCCN1 1 O=C1CN(C=CC=CC=c2c(=O)[nH]c(=O)[nH]c(=O)c2=C2C(=O)NC(=O)NC2=O)CCCN1 1.0000000 1.0000 0.9011085 0.9011 0.8594514 3.8204
 | 16.3191 59.2938 49.2580 0.8480613 CC(=O)OCC1NC(=O)C(=C(O)C=CC=CN2CCCC(O)C2)N1 1 O=C1NCNC1=CC=CC=CN1CCCCC1 1.0000000 1.0000 0.7520443 0.7520 0.6931337 4.4692
 | 7.7722 68.6974 -68.6974 0.0000000 O=C1CN(C=CC=CC(O)=c2c(=O)[nH]c(=O)[nH]c(=O)c2=C2CC2)CCN1CCO 1 O=C1CN(C=CC=CC=c2c(=O)[nH]c(=O)[nH]c(=O)c2=C2CC2)CCN1 1.0000000 1.0000 0.8588642 0.8589 0.8678894 3.7737
 | 16.1417 63.9234 40.0339 0.8121664 CC(O)C1CNC(=O)C(=C(O)C=CC=CN2C=CC=CC2)C(=O)N1 1 O=C1NCCNC(=O)C1=CC=CC=CN1C=CC=CC1 1.0000000 1.0000 0.7202000 0.7202 0.5957900 4.7473
 | 11.4831 48.0179 65.5923 0.8875792 CC1(C)NC(=O)C(=C(O)C=CC=CN2CCNC(=O)C2)N1 1 O=C1CN(C=CC=CC=C2NCNC2=O)CCN1 1.0000000 1.0000 0.7802038 0.7802 0.8255117 3.9876
 | 16.8693 62.2996 44.4549 0.8340195 NCCCCCCCCN1NC(=O)C(=C(O)C=CC=CN2CCC(O)C2)N1 1 O=C1NNNC1=CC=CC=CN1CCCC1 1.0000000 1.0000 0.6641564 0.6642 0.7892271 4.1399
01:56:19 <INFO> Sampled SMILES N1C(=O)C(=C(O)C=CC=CN2CCC(=O)N2O)N=C(CF)=C1C failed to sanitize.
01:56:20 <INFO> Score: 0.75 Agent NLL: 16.79 Valid:  99% Step: 390
 | Agent Prior Target Score SMILES SMILES_state Scaffold DASA DASA (raw) Solubility Solubility (raw) SA SA (raw)
 | 16.4970 67.5456 36.6891 0.8143337 CCCCCC=c1[nH]c(=O)c(=C(O)C=CC=CN2CC(=O)N(CCN=[N+]=[N-])C2=O)c(=O)[nH]1 1 C=c1[nH]c(=O)c(=CC=CC=CN2CC(=O)NC2=O)c(=O)[nH]1 1.0000000 1.0000 0.6240717 0.6241 0.7763403 4.1893
 | 23.4387 71.6675 35.0494 0.8337253 CN1CC(C(=O)O)N(C=CC=CC(O)=c2sc(=C(O)C=C(N)C(=O)O)[nH]c2=O)C1=O 1 C=c1[nH]c(=O)c(=CC=CC=CN2CCNC2=O)s1 1.0000000 1.0000 0.7727132 0.7727 0.6044195 4.7238
 | 28.8188 68.5183 40.4193 0.8510749 O=C(O)COCC1=C(C(=O)O)N(C=CC=CC(O)=C2NC(=S)NC2=O)SC1 1 O=C1NC(=S)NC1=CC=CC=CN1C=CCS1 1.0000000 1.0000 0.6935925 0.6936 0.8135759 4.0402
 | 9.5512 62.2599 53.6093 0.9052277 CC=c1[nH]c(=O)c(=C(O)C=CC=CN2CCN(CCO)C(=O)C2)[nH]1 1 C=c1[nH]c(=O)c(=CC=CC=CN2CCNC(=O)C2)[nH]1 1.0000000 1.0000 0.8366102 0.8366 0.8101456 4.0548
 | 12.4183 53.6011 61.5952 0.8999708 CCN1NC(=O)C(=C(O)C=CC=CN2CCN(C)CC2=O)C1=O 1 O=C1NNC(=O)C1=CC=CC=CN1CCNCC1=O 1.0000000 1.0000 0.7818750 0.7819 0.8845225 3.6737
 | 13.1803 65.3776 41.3297 0.8336505 O=c1[nH]c(=CBr)[nH]c1=C(O)C=CC=CN1CN(CCO)C=N1 1 C=c1[nH]c(=O)c(=CC=CC=CN2CNC=N2)[nH]1 1.0000000 1.0000 0.7713315 0.7713 0.6060302 4.7195
 | 16.5733 63.5934 48.0076 0.8718830 CCCCN1CCCN(C=CC=CC(O)=c2c(=O)[nH][nH]c2=C2NC(=S)NC2=O)C1 1 O=C1NC(=S)NC1=c1[nH][nH]c(=O)c1=CC=CC=CN1CCCNC1 1.0000000 1.0000 0.7338136 0.7338 0.8368171 3.9351
 | 14.4126 62.9977 43.8592 0.8348195 CCCCN1CCN(C=CC=CC(O)=c2c(=O)[nH]c(=CC=CN(C)C)n2C)C1 1 C=c1[nH]c(=O)c(=CC=CC=CN2CCNC2)[nH]1 1.0000000 1.0000 0.6561282 0.6561 0.8102721 4.0543
 | 14.2405 60.0384 49.5996 0.8565468 COCCN1C(=C(O)C=CC=CN2CCC(C(=O)O)C2)C(=O)N1C 1 O=C1NNC1=CC=CC=CN1CCCC1 1.0000000 1.0000 0.7103493 0.7103 0.8069884 4.0681
 | 14.8040 57.4389 56.6257 0.8911299 O=C1C(=C(O)C=CC=CN2CC(O)C(O)C(O)C2CO)C(=O)N1CCO 1 O=C1NC(=O)C1=CC=CC=CN1CCCCC1 1.0000000 1.0000 0.8987179 0.8987 0.6581869 4.5732
01:56:20 <INFO> Score: 0.69 Agent NLL: 16.29 Valid: 100% Step: 391
 | Agent Prior Target Score SMILES SMILES_state Scaffold DASA DASA (raw) Solubility Solubility (raw) SA SA (raw)
 | 8.4942 42.9492 -42.9492 0.0000000 O=C1NC(=O)C(=C(O)C=CC=CN2CCNCC2)N1 1 O=C1NC(=O)C(=CC=CC=CN2CCNCC2)N1 1.0000000 1.0000 0.8064258 0.8064 0.8935933 3.6137
 | 12.2471 54.1217 58.2076 0.8775727 CC1(C)NC(=O)C(=C(O)C=CC=CN2CCC(=O)C2=O)N1 1 O=C1CCN(C=CC=CC=C2NCNC2=O)C1=O 1.0000000 1.0000 0.7534716 0.7535 0.8267407 3.9820
 | 13.6996 58.9879 44.2645 0.8066594 COC1=CCN(C=CC=CC(O)=C2NNNC2=O)C=CC1O 1 O=C1NNNC1=CC=CC=CN1C=CCC=CC1 1.0000000 1.0000 0.7801036 0.7801 0.4998699 5.0003
 | 25.6352 68.5481 45.4141 0.8903294 CCN1C(=O)C(=C(O)C=CC=CN2CCNC2=N)C(=O)N(CC(=O)O)C1=O 1 N=C1NCCN1C=CC=CC=C1C(=O)NC(=O)NC1=O 1.0000000 1.0000 0.7542597 0.7543 0.8901838 3.6368
 | 27.0379 67.0110 45.1404 0.8761824 N=C1NNC(=O)C1=C(O)C=CC=CN1C(=O)C(=S)N(CCCO)C1=O 1 N=C1NNC(=O)C1=CC=CC=CN1C(=O)NC(=S)C1=O 1.0000000 1.0000 0.7727388 0.7727 0.7844477 4.1585
 | 15.1971 55.6144 44.8238 0.7846740 O=C1NN(C2CCCCC2)C1=C(O)C=CC=CN1CCC(C(=O)O)C1 1 O=C1NN(C2CCCCC2)C1=CC=CC=CN1CCCC1 1.0000000 1.0000 0.5346197 0.5346 0.8376063 3.9313
 | 7.5555 43.4661 -43.4661 0.0000000 CN1NC(=O)C1=C(O)C=CC=CN1CCOCC1 1 O=C1NNC1=CC=CC=CN1CCOCC1 1.0000000 1.0000 0.7747777 0.7748 0.8839571 3.6773
 | 20.3802 64.5434 49.4407 0.8905009 O=C1NC(=O)C(=C(O)C=CC=CN2C=NCCC2)NC1=O 1 O=C1NC(=O)C(=CC=CC=CN2C=NCCC2)NC1=O 1.0000000 1.0000 0.8068050 0.8068 0.7920188 4.1289
 | 12.1841 65.2360 48.6502 0.8897362 NC1=NC(=C(O)C=CC=CN2C=CCN(CCO)C2)C(=O)NN1CCO 1 O=C1NNC=NC1=CC=CC=CN1C=CCNC1 1.0000000 1.0000 0.8349059 0.8349 0.7426016 4.3098
 | 21.2610 84.8314 29.4111 0.8925197 O=C1NC(=S)N(CCO)C1=c1[nH]c(=O)c(=C(O)C=CC=CN2CCC=C2O)c(=O)[nH]c1=O 1 O=C1NC(=S)NC1=c1[nH]c(=O)c(=CC=CC=CN2C=CCC2)c(=O)[nH]c1=O 1.0000000 1.0000 0.8392809 0.8393 0.7480071 4.2912
01:56:21 <INFO> Sampled SMILES N1C(=O)C(=C(O)C=CC=CN2CCC(=O)C2)C(=O)NC(=N)1C failed to sanitize.
01:56:21 <INFO> Score: 0.72 Agent NLL: 16.07 Valid:  99% Step: 392
 | Agent Prior Target Score SMILES SMILES_state Scaffold DASA DASA (raw) Solubility Solubility (raw) SA SA (raw)
 | 21.8032 81.2663 25.1229 0.8311658 CC1CNCCC1OCCN1NC(=O)C1=C(O)C=CC=CN1CCN(CCCO)C(=O)C1 1 O=C1CN(C=CC=CC=C2C(=O)NN2CCOC2CCNCC2)CCN1 1.0000000 1.0000 0.7257961 0.7258 0.6636429 4.5573
 | 11.4721 52.1352 56.2535 0.8467870 CCCCN1CCN(C=CC=CC(O)=C2NC(=S)NC2=O)C1 1 O=C1NC(=S)NC1=CC=CC=CN1CCNC1 1.0000000 1.0000 0.6492830 0.6493 0.8893136 3.6426
 | 16.5968 55.2930 55.4997 0.8655678 CC=c1c(=C(O)C=CC=CN2CC=CCC2)c(=O)n(C)c(=O)n1C 1 C=c1[nH]c(=O)[nH]c(=O)c1=CC=CC=CN1CC=CCC1 1.0000000 1.0000 0.7235013 0.7235 0.8256803 3.9868
 | 15.5193 68.8241 44.7986 0.8876777 COCCN1NC(=O)C1=C(O)C=CC=CN1CC=C(COC(=O)CCN)C1=O 1 O=C1NNC1=CC=CC=CN1CC=CC1=O 1.0000000 1.0000 0.7806758 0.7807 0.8251190 3.9893
 | 18.8578 59.4876 46.2924 0.8264065 O=C1NC(=O)C(=C(O)C=CC=CN2CC(=O)N(CCS)CC2O)S1 1 O=C1CN(C=CC=CC=C2SC(=O)NC2=O)CCN1 1.0000000 1.0000 0.7036098 0.7036 0.6798860 4.5093
 | 8.5908 53.3790 64.1844 0.9184634 O=C1NC(NCCO)=NC1=C(O)C=CC=CN1CCNCC1 1 O=C1NC=NC1=CC=CC=CN1CCNCC1 1.0000000 1.0000 0.8402605 0.8403 0.8676617 3.7750
 | 15.7584 60.1112 50.0445 0.8605911 CC1=CN(CCCCO)CN1C=CC=CC(O)=C1NS(=O)(=O)NC1=O 1 O=C1NS(=O)(=O)NC1=CC=CC=CN1C=CNC1 1.0000000 1.0000 0.7357968 0.7358 0.7777804 4.1839
 | 13.9120 65.2670 40.4963 0.8262754 CC=C1NNC(=O)C(=C(O)C=CC=CN2C=CC=CC2)C(=O)N1 1 C=C1NNC(=O)C(=CC=CC=CN2C=CC=CC2)C(=O)N1 1.0000000 1.0000 0.6680615 0.6681 0.7438347 4.3056
 | 24.4576 80.1899 29.3564 0.8558308 CC(O)C(=O)N1NC(=O)C1=C(O)C=CC=CN1C(=O)C(=C(F)CO)C1=O 1 C=C1C(=O)N(C=CC=CC=C2NNC2=O)C1=O 1.0000000 1.0000 0.8159815 0.8160 0.6303707 4.6523
 | 6.4376 66.9248 -66.9248 0.0000000 O=C1C(=O)N(CCO)C(=O)C1=c1[nH]c(=O)[nH]c(=O)c1=C(O)C=CC=CNOCCO 1 C=c1c(=O)[nH]c(=O)[nH]c1=C1C(=O)NC(=O)C1=O 1.0000000 1.0000 0.9315615 0.9316 0.8609644 3.8122
01:56:22 <INFO> Score: 0.75 Agent NLL: 17.03 Valid: 100% Step: 393
 | Agent Prior Target Score SMILES SMILES_state Scaffold DASA DASA (raw) Solubility Solubility (raw) SA SA (raw)
 | 26.2518 71.7253 34.3751 0.8289094 CN1CCN(C=CC=CC(O)=c2c(=O)[nH]c(=O)[nH]c2=C2C=CC(C)(C)OC2)C(O)C1 1 O=c1[nH]c(=O)c(=CC=CC=CN2CCNCC2)c(=C2C=CCOC2)[nH]1 1.0000000 1.0000 0.7430055 0.7430 0.6279514 4.6590
 | 11.3067 60.1563 48.2647 0.8470391 COC1=CCN(C=CC=CC(O)=C2NC(=NC(C)=O)NC2=O)C(=O)N1 1 N=C1NC(=O)C(=CC=CC=CN2CC=CNC2=O)N1 1.0000000 1.0000 0.7328188 0.7328 0.7206910 4.3825
 | 11.3056 59.9249 52.3356 0.8770347 CC1=NNC(=C(O)C=CC=CN2CN(CCCO)NN2)C(=O)N1 1 O=C1NC=NNC1=CC=CC=CN1CNNN1 1.0000000 1.0000 0.8396279 0.8396 0.6818457 4.5034
 | 10.5269 55.0270 51.1371 0.8294073 CN1C(=N)NC(=C(O)C=CC=CN2CCC=C2O)C1=O 1 N=C1NC(=O)C(=CC=CC=CN2C=CCC2)N1 1.0000000 1.0000 0.6888733 0.6889 0.7190967 4.3877
 | 14.2815 64.5658 42.0953 0.8332894 CN1C(=C(O)C=CC=CN2CC=CC(=O)N2C)C(=O)NC1CO 1 O=C1C=CCN(C=CC=CC=C2NCNC2=O)N1 1.0000000 1.0000 0.7876352 0.7876 0.5829202 4.7819
 | 21.3729 70.8810 34.6176 0.8242075 CC(=O)OC1=CCCN1C=CC=CC(O)=c1[nH]c(=CC=CN2CCN(C)CC2)[nH]c1=O 1 O=c1[nH]c(=CC=CN2CCNCC2)[nH]c1=CC=CC=CN1C=CCC1 1.0000000 1.0000 0.6657716 0.6658 0.7385378 4.3236
 | 19.1391 77.4172 40.2028 0.9189066 NC1=NN(CO)C(=O)C(=C(O)C=CC=CN2CCCN(CCO)C2)C(=O)N1 1 O=C1NC=NNC(=O)C1=CC=CC=CN1CCCNC1 1.0000000 1.0000 0.8527170 0.8527 0.8477467 3.8815
 | 18.3314 65.7201 40.3137 0.8283892 CC(=O)NC(C)C(=O)N=C1NC(=O)C(=C(O)C=CC=CN2CCC=N2)N1 1 N=C1NC(=O)C(=CC=CC=CN2CCC=N2)N1 1.0000000 1.0000 0.7554580 0.7555 0.6079426 4.7142
 | 13.4380 54.3682 53.3654 0.8416691 [N-]=[N+]=NCCN1C(=O)CN(C=CC=CC(O)=C2CCC(=O)NC2=O)C1=O 1 O=C1CCC(=CC=CC=CN2CC(=O)NC2=O)C(=O)N1 1.0000000 1.0000 0.6564752 0.6565 0.8450066 3.8952
 | 7.1404 48.3725 68.2011 0.9107310 O=C1NN(CCO)C1=C(O)C=CC=CN1CCOCC1 1 O=C1NNC1=CC=CC=CN1CCOCC1 1.0000000 1.0000 0.8134807 0.8135 0.8783962 3.7119
01:56:23 <INFO> Score: 0.76 Agent NLL: 15.75 Valid: 100% Step: 394
 | Agent Prior Target Score SMILES SMILES_state Scaffold DASA DASA (raw) Solubility Solubility (raw) SA SA (raw)
 | 10.7552 53.6366 57.7863 0.8704916 N=C1NC(=O)C(=C(O)C=CC=CN2CCN(CCCCCCN)C2)N1 1 N=C1NC(=O)C(=CC=CC=CN2CCNC2)N1 1.0000000 1.0000 0.7167904 0.7168 0.8646247 3.7921
 | 14.4403 50.6576 59.9739 0.8643092 CC(=O)NC1CCCN1C=CC=CC(O)=C1NC(=O)NC1=O 1 O=C1NC(=O)C(=CC=CC=CN2CCCC2)N1 1.0000000 1.0000 0.7393761 0.7394 0.7888571 4.1414
 | 12.5745 61.7340 39.9419 0.7943430 CCCCCCCN1CCCN(C=CC=CC(O)=C2NC(=NC(=N)N)NC2=O)C1 1 N=C1NC(=O)C(=CC=CC=CN2CCCNC2)N1 1.0000000 1.0000 0.5496086 0.5496 0.8510376 3.8647
 | 12.1541 63.7746 52.5478 0.9087683 CN1C(=N)OC(=C(O)C=CC=CN2CC(=O)N(CCO)C(=O)C2=O)C1=O 1 N=C1NC(=O)C(=CC=CC=CN2CC(=O)NC(=O)C2=O)O1 1.0000000 1.0000 0.8305193 0.8305 0.8375623 3.9315
 | 18.7995 70.0887 45.0083 0.8991950 CC1=CN(C=CC=CC(O)=c2c(=O)[nH]c(=C3C(=O)NC(=O)NC3=O)n(C)c2=O)CN(CCO)C1 1 O=C1NC(=O)C(=c2[nH]c(=O)c(=CC=CC=CN3C=CCNC3)c(=O)[nH]2)C(=O)N1 1.0000000 1.0000 0.8507852 0.8508 0.7595356 4.2508
 | 16.4806 69.3383 45.1098 0.8941258 C[N+](C)(C)CCN1CCCN(C=CC=CC(O)=c2[nH]c(=C3C(=O)NC(=O)NC3=O)[nH]c2=O)C1 1 O=C1NC(=O)C(=c2[nH]c(=O)c(=CC=CC=CN3CCCNC3)[nH]2)C(=O)N1 1.0000000 1.0000 0.8199473 0.8199 0.7865337 4.1504
 | 10.4920 53.9366 60.5602 0.8945063 CN1NC(=O)C1=C(O)C=CC=CN1CCNC1 1 O=C1NNC1=CC=CC=CN1CCNC1 1.0000000 1.0000 0.8159776 0.8160 0.7950161 4.1170
 | 21.4824 61.2172 24.1675 0.6670684 CCCCCC(O)C=CC1C(=C(O)C=CC=CN2CCCN(C)C2=O)C(=O)N1C 1 O=C1NCC1=CC=CC=CN1CCCNC1=O 1.0000000 1.0000 0.3604563 0.3605 0.7118728 4.4108
 | 15.0004 67.0889 52.2049 0.9319822 CN1C(=O)C(=O)NC(=O)C1=c1[nH]c(=O)[nH]c(=O)c1=C(O)C=CC=CN1CCC1 1 O=C1NC(=O)C(=c2[nH]c(=O)[nH]c(=O)c2=CC=CC=CN2CCC2)NC1=O 1.0000000 1.0000 0.8804355 0.8804 0.8633151 3.7993
 | 38.3033 88.0567 9.2763 0.7604145 COC1=C2C(=O)NC(=C(O)C=CC=CN3CCC=CCC3)C(=O)NC2(N2CCOCC2)C(=O)C(O)O1 1 O=C1NC2(N3CCOCC3)C(=O)COC=C2C(=O)NC1=CC=CC=CN1CCC=CCC1 1.0000000 1.0000 0.6631429 0.6631 0.4871940 5.0334
01:56:24 <INFO> Score: 0.77 Agent NLL: 16.61 Valid: 100% Step: 395
 | Agent Prior Target Score SMILES SMILES_state Scaffold DASA DASA (raw) Solubility Solubility (raw) SA SA (raw)
 | 12.3550 54.9650 53.4485 0.8469804 CN1OC(=C(O)C=CC=CN2CC=NCC2)C1=O 1 O=C1NOC1=CC=CC=CN1CC=NCC1 1.0000000 1.0000 0.7366954 0.7367 0.7138073 4.4046
 | 18.6568 64.6917 51.6208 0.9086910 NC(N)=NCCN1CCN(C=CC=CC(O)=C2C(=O)NC2N)CC1=O 1 O=C1CN(C=CC=CC=C2CNC2=O)CCN1 1.0000000 1.0000 0.8786463 0.8786 0.7585959 4.2541
 | 17.2614 55.3106 47.8300 0.8057853 CC1COCCN1C=CC=CC(O)=C1C(=O)NC2NC(=O)N(C)C12 1 O=C1NC2NC(=O)C(=CC=CC=CN3CCOCC3)C2N1 1.0000000 1.0000 0.7257359 0.7257 0.5640128 4.8323
 | 12.1485 73.2894 41.7116 0.8984453 C=c1[nH]c(=O)c(=C(O)C=CC=CN2CC=[N+](CCO)CC2)c(=O)[nH]c1=O 1 C=c1[nH]c(=O)c(=CC=CC=CN2CC=[NH+]CC2)c(=O)[nH]c1=O 1.0000000 1.0000 0.8871729 0.8872 0.7027754 4.4394
 | 20.2271 64.4349 42.9424 0.8388848 CN1C(=O)C(=C(O)C=CC=CN2CCNC2)OOC1CC(=O)O 1 O=C1NCOOC1=CC=CC=CN1CCNC1 1.0000000 1.0000 0.7585082 0.7585 0.6449214 4.6112
 | 22.4622 58.0982 46.0196 0.8134200 C[n+]1c(C=CC=c2[nH]c(=O)c(=C(O)C=CC=CN3CCNCC3)[nH]2)oc2ccccc21 1 O=c1[nH]c(=CC=Cc2[nH+]c3ccccc3o2)[nH]c1=CC=CC=CN1CCNCC1 1.0000000 1.0000 0.6078813 0.6079 0.8081093 4.0634
 | 16.5979 68.3079 43.8907 0.8765519 CC=C(CCO)N1C(=O)C(=C(O)C=CC=CN2CC(=O)NC(=O)C2)C(=O)N1C 1 O=C1CN(C=CC=CC=C2C(=O)NNC2=O)CC(=O)N1 1.0000000 1.0000 0.7655535 0.7656 0.7991444 4.1004
 | 16.4316 74.9031 34.1207 0.8517483 C=C1CCN(CCCN)CN1C=CC=CC(O)=c1c(=O)[nH]c(=CC=CN2CC2)[nH]c1=O 1 C=C1CCNCN1C=CC=CC=c1c(=O)[nH]c(=CC=CN2CC2)[nH]c1=O 1.0000000 1.0000 0.7470816 0.7471 0.7173649 4.3932
 | 13.0689 60.6673 54.7266 0.9015142 CN=C1NC(=O)C(=C(O)C=CC=CN2CCCNC(=O)C2)C(=O)N1 1 N=C1NC(=O)C(=CC=CC=CN2CCCNC(=O)C2)C(=O)N1 1.0000000 1.0000 0.8076630 0.8077 0.8432438 3.9039
 | 22.8255 76.4518 33.4798 0.8588410 CC(OCCN)=C1NC(=O)C(=C(O)C=CC=CN2CC(=O)NNC2=O)CCC1=O 1 C=C1NC(=O)C(=CC=CC=CN2CC(=O)NNC2=O)CCC1=O 1.0000000 1.0000 0.7348462 0.7348 0.7712553 4.2082
01:56:24 <INFO> Sampled SMILES N1C(=O)C(=C(O)C=CC=CN2CCn3c(=O)c(=CC=CC=CC(O)=C4C(=O)NC(=O)NC4=O)[nH]c3N2)N1CC failed to sanitize.
01:56:25 <INFO> Score: 0.70 Agent NLL: 16.45 Valid:  99% Step: 396
 | Agent Prior Target Score SMILES SMILES_state Scaffold DASA DASA (raw) Solubility Solubility (raw) SA SA (raw)
 | 24.2563 84.5219 21.8677 0.8311694 COC1=CCN(C=CC=CC(O)=C2NC(=NC(=O)CCCNC(=O)CNC=O)NC2=O)C(O)C1O 1 N=C1NC(=O)C(=CC=CC=CN2CC=CCC2)N1 1.0000000 1.0000 0.8424768 0.8425 0.5112622 4.9706
 | 15.3810 75.1702 32.1978 0.8388123 NC(=O)OC=C1C(=C2C(=O)NC(=O)NC2=O)NC(=O)C1=C(O)C=CC=CN1CC=CCC1 1 C=C1C(=CC=CC=CN2CC=CCC2)C(=O)NC1=C1C(=O)NC(=O)NC1=O 1.0000000 1.0000 0.6736226 0.6736 0.7934346 4.1233
 | 10.9121 55.6737 35.6109 0.7131607 CCCCCCCCN1C=CN(C=CC=CC(O)=C2NC(=N)NC2=O)C1 1 N=C1NC(=O)C(=CC=CC=CN2C=CNC2)N1 1.0000000 1.0000 0.4048030 0.4048 0.8251959 3.9890
 | 20.3866 49.9102 -49.9102 0.0000000 CCCCN(CCC)C(C)=CC=CC(O)=C1C(=O)OC(C)(C)OC1=O 1 C=C1C(=O)OCOC1=O 1.0000000 1.0000 0.2743046 0.2743 0.9285998 3.3288
 | 10.0342 47.5830 62.4050 0.8592812 O=C1NS(=O)(=O)NC1=C(O)C=CC=CN1C=CCC1 1 O=C1NS(=O)(=O)NC1=CC=CC=CN1C=CCC1 1.0000000 1.0000 0.7642424 0.7642 0.7220309 4.3782
 | 22.3637 58.5042 34.1664 0.7239894 O=C1NC(=O)C(=C(O)C=CC=CN2CC=CC2)c2[nH]c3ccccc3c2C(=O)N1 1 O=C1NC(=O)C(=CC=CC=CN2CC=CC2)c2[nH]c3ccccc3c2C(=O)N1 1.0000000 1.0000 0.4020415 0.4020 0.9038988 3.5399
 | 29.2126 91.5447 15.0891 0.8330767 CC(C=CN(CCCN)CCCN)=NNCCCONCCCCN1C(=O)CN(C=CC=CC(O)=C2C(=O)NCCNC2=O)C1=O 1 O=C1CN(C=CC=CC=C2C(=O)NCCNC2=O)C(=O)N1 1.0000000 1.0000 0.6889623 0.6890 0.7357907 4.3328
 | 11.1408 55.0434 58.4116 0.8863673 CN1C(=O)C(=C(O)C=CC=CN2CCNC2)N1C 1 O=C1NNC1=CC=CC=CN1CCNC1 1.0000000 1.0000 0.7847735 0.7848 0.8112774 4.0500
 | 15.4440 54.0083 51.9543 0.8278329 CONC=CC=CC(O)=C1C(=O)NC(=O)NC12C(=O)c1ccccc1C2=O 1 C=C1C(=O)NC(=O)NC12C(=O)c1ccccc1C2=O 1.0000000 1.0000 0.6343606 0.6344 0.8224524 4.0013
 | 17.6142 58.5528 59.4805 0.9221349 CNC(=O)NC1=NNC(=C(O)C=CC=CN(CCO)CCO)C(=O)N1 1 C=C1NN=CNC1=O 1.0000000 1.0000 0.8663716 0.8664 0.8398243 3.9206
01:56:26 <INFO> Score: 0.75 Agent NLL: 15.68 Valid: 100% Step: 397
 | Agent Prior Target Score SMILES SMILES_state Scaffold DASA DASA (raw) Solubility Solubility (raw) SA SA (raw)
 | 7.8980 75.0718 -75.0718 0.0000000 O=C1C(=O)N(CCO)C(=O)C1=c1c(=O)[nH]c(=O)[nH]c(=O)c1=C(O)C=CC=CNOCCO 1 C=c1c(=O)[nH]c(=O)[nH]c(=O)c1=C1C(=O)NC(=O)C1=O 1.0000000 1.0000 0.9399288 0.9399 0.8623837 3.8045
 | 11.8922 71.3985 -71.3985 0.0000000 CNC=CC=CC(O)=c1c(=C2C(=O)C(=O)N(CCOC)C2=O)[nH]c(=O)n(C)c1=O 1 C=c1c(=O)[nH]c(=O)[nH]c1=C1C(=O)NC(=O)C1=O 1.0000000 1.0000 0.8852980 0.8853 0.8985566 3.5790
 | 13.4718 52.2395 54.7971 0.8362233 NC1=NC2NC(=O)C(=C(O)C=CC=CN3CCC(=O)C3)C2N1 1 O=C1CCN(C=CC=CC=C2C(=O)NC3N=CNC23)C1 1.0000000 1.0000 0.8264689 0.8265 0.5458150 4.8803
 | 20.6197 83.9557 15.3329 0.7756930 CN(C=c1[nH]c(=O)c(=C(O)C=CC=CN2C=CN(CCC[N+](C)(C)C)C2)[nH]1)CCCN=[N+]=[N-] 1 C=c1[nH]c(=O)c(=CC=CC=CN2C=CNC2)[nH]1 1.0000000 1.0000 0.6099674 0.6100 0.6260154 4.6644
 | 20.7514 69.9821 33.0736 0.8051222 CN1C(=c2c(=O)[nH]c(=O)[nH]c(=O)c2=C(O)C=CC=CN2CCCN(CCC(=O)O)C2)C(C)(C)c2ccccc21 1 O=c1[nH]c(=O)c(=CC=CC=CN2CCCNC2)c(=C2Cc3ccccc3N2)c(=O)[nH]1 1.0000000 1.0000 0.5622818 0.5623 0.8777178 3.7160
 | 17.2663 75.5734 36.0080 0.8717299 N=c1oc(=C2NC(=O)NC2=O)[nH]c(=O)c1=C(O)C=CC=CN1CCC=C1O 1 N=c1oc(=C2NC(=O)NC2=O)[nH]c(=O)c1=CC=CC=CN1C=CCC1 1.0000000 1.0000 0.8109118 0.8109 0.7019423 4.4420
 | 9.9937 69.6956 50.7890 0.9412856 COCCN1C(=O)C(=O)C(=c2[nH]c(=O)[nH]c(=O)c2=C(O)C=CC=CN2CC(=O)NC(=O)C2)C1=O 1 O=C1CN(C=CC=CC=c2c(=O)[nH]c(=O)[nH]c2=C2C(=O)NC(=O)C2=O)CC(=O)N1 1.0000000 1.0000 0.9084711 0.9085 0.8609795 3.8121
 | 20.8267 74.1471 44.9056 0.9300986 NCCC(=O)NCCN1CC(=O)N(C=CC=CC(O)=c2c(=O)[nH]c(=C(O)O)[nH]c2=O)CC1=O 1 C=c1[nH]c(=O)c(=CC=CC=CN2CC(=O)NCC2=O)c(=O)[nH]1 1.0000000 1.0000 0.8967625 0.8968 0.8271643 3.9801
 | 14.0013 62.6648 45.9343 0.8484310 CC1(C)OC(=O)C(=O)N1C=CC=CC(O)=C1COC(=N)NC1=O 1 N=C1NC(=O)C(=CC=CC=CN2COC(=O)C2=O)CO1 1.0000000 1.0000 0.7344859 0.7345 0.7240454 4.3716
 | 16.7560 62.9217 36.9239 0.7800439 C=C1NCCN1C=CC=CC(O)=C1CCC(=C(C)N2CCOCC2)NC1=O 1 C=C1NCCN1C=CC=CC=C1CCC(=CN2CCOCC2)NC1=O 1.0000000 1.0000 0.5351112 0.5351 0.8106769 4.0525
01:56:26 <INFO> Sampled SMILES N1C(=O)C(=C(O)C=CC=CN2CCC=CC2)[nH]n1 failed to sanitize.
01:56:26 <INFO> Sampled SMILES N1C(=O)C(=C(O)C=CC=CN2CCN(C)CC2)[nH]2c1c(O)ccc2 failed to sanitize.
01:56:26 <INFO> Score: 0.71 Agent NLL: 16.81 Valid:  98% Step: 398
 | Agent Prior Target Score SMILES SMILES_state Scaffold DASA DASA (raw) Solubility Solubility (raw) SA SA (raw)
 | 17.7436 81.0557 24.6987 0.8262061 CCCCN1CCN(C=CC=CC(O)=C2C(=O)NC(C)CC(NCCO)NC2=O)C1 1 O=C1NCCCNC(=O)C1=CC=CC=CN1CCNC1 1.0000000 1.0000 0.7003763 0.7004 0.6845165 4.4954
 | 21.3759 73.1927 42.8714 0.9067505 O=C1OCCC1=c1[nH]c(=O)[nH]c(=O)c1=C(O)C=CC=CN1CC(=O)N(CCCCO)C1 1 O=C1CN(C=CC=CC=c2c(=O)[nH]c(=O)[nH]c2=C2CCOC2=O)CN1 1.0000000 1.0000 0.8302081 0.8302 0.8283878 3.9745
 | 14.1321 66.7533 44.8351 0.8717847 CN1C(=O)C(=O)C(=c2[nH]c(=O)[nH]c(=O)c2=C(O)C=CC=CN2CCC(C)([N+](=O)[O-])C2)C1=O 1 O=C1NC(=O)C(=c2[nH]c(=O)[nH]c(=O)c2=CC=CC=CN2CCCC2)C1=O 1.0000000 1.0000 0.8346493 0.8346 0.6676001 4.5457
 | 23.8238 77.5680 21.1416 0.7711691 CC1=NOC(=O)C1=CC1NNC(=O)C1=C(O)C=CC=CN1CC=CCC1 1 O=C1NNC(C=C2C=NOC2=O)C1=CC=CC=CN1CC=CCC1 1.0000000 1.0000 0.6320443 0.6320 0.5704626 4.8152
 | 14.2611 60.3397 54.1709 0.8946136 NCCCN1CCN(C=CC=CC(O)=C2C(=O)NC(=S)N=C2N)C1 1 O=C1NC(=S)N=CC1=CC=CC=CN1CCNC1 1.0000000 1.0000 0.7744195 0.7744 0.8717220 3.7517
 | 16.1522 60.5005 52.5135 0.8829213 CNC1=NNC(=O)C1=C(O)C=CC=CN1CCN1C 1 O=C1NN=CC1=CC=CC=CN1CCN1 1.0000000 1.0000 0.7989114 0.7989 0.7704030 4.2114
 | 12.7352 60.7056 -60.7056 0.0000000 CCCN(CCC)C(C)=CC=CC(O)=c1c(=O)[nH]c(=O)[nH]c1=C1C(=O)NC(=O)NC1=O 1 C=c1c(=O)[nH]c(=O)[nH]c1=C1C(=O)NC(=O)NC1=O 1.0000000 1.0000 0.7656313 0.7656 0.8831344 3.6825
 | 17.8949 57.8561 43.6560 0.7930632 CC=C1CCN(CCCC)CN1C=CC=CC(O)=C1C(=O)NCNC1=O 1 C=C1CCNCN1C=CC=CC=C1C(=O)NCNC1=O 1.0000000 1.0000 0.5562368 0.5562 0.8263450 3.9838
 | 13.3591 63.1420 46.0498 0.8530605 COCC=c1[nH]c(=O)c(=C(O)C=CC=CN2CCC=N2)[nH]1 1 C=c1[nH]c(=O)c(=CC=CC=CN2CCC=N2)[nH]1 1.0000000 1.0000 0.7878523 0.7879 0.6589702 4.5709
 | 17.6506 60.2565 53.3009 0.8871669 O=C1NC(=NNC2=NCCN2)SC1=C(O)C=CC=CN1CCN(CCO)CC1=O 1 O=C1NC(=NNC2=NCCN2)SC1=CC=CC=CN1CCNCC1=O 1.0000000 1.0000 0.7918198 0.7918 0.8024756 4.0868
01:56:27 <INFO> Score: 0.75 Agent NLL: 17.23 Valid:  99% Step: 399
 | Agent Prior Target Score SMILES SMILES_state Scaffold DASA DASA (raw) Solubility Solubility (raw) SA SA (raw)
 | 9.7879 48.1332 68.9931 0.9150498 O=C1NC(=O)C(=C(O)C=CC=CN2CCNCC2=O)N1 1 O=C1NC(=O)C(=CC=CC=CN2CCNCC2=O)N1 1.0000000 1.0000 0.8276392 0.8276 0.8737015 3.7401
 | 9.5051 59.6303 49.4255 0.8519981 O=C1NNNNC1=C(O)C=CC=CN1CCC(=O)C1O 1 O=C1CCN(C=CC=CC=C2NNNNC2=O)C1 1.0000000 1.0000 0.8780629 0.8781 0.5415430 4.8915
 | 9.3855 57.3062 56.6444 0.8902392 Cn1c(=CC=CCO)[nH]c(=O)c1=C(O)C=CC=CN1CCOCC1 1 C=c1[nH]c(=O)c(=CC=CC=CN2CCOCC2)[nH]1 1.0000000 1.0000 0.7936582 0.7937 0.8138634 4.0389
 | 11.0873 60.8891 54.7609 0.9035161 O=C1CN(C=CC=CC(O)=C2C(=O)NC(=O)NC(=O)N2CCO)CCCN1 1 O=C1CN(C=CC=CC=C2NC(=O)NC(=O)NC2=O)CCCN1 1.0000000 1.0000 0.7944431 0.7944 0.8781192 3.7136
 | 21.6794 67.3235 40.4795 0.8422114 C=C(C)C(=O)N=C1NC(=O)C(=C(O)C=CC=CN2CCC(=O)N(C)C2=O)N1 1 N=C1NC(=O)C(=CC=CC=CN2CCC(=O)NC2=O)N1 1.0000000 1.0000 0.6870400 0.6870 0.7829649 4.1642
 | 23.6685 75.7257 32.3413 0.8442733 CC(=O)NC1CN(C)CN1C=CC=CC(O)=C1C(=O)NCC(N(C)CCO)NC1=O 1 O=C1NCCNC(=O)C1=CC=CC=CN1CCNC1 1.0000000 1.0000 0.8334408 0.8334 0.5655944 4.8281
 | 16.6447 69.6502 49.9724 0.9345515 COCCN1C(=O)C(=O)C(=c2[nH]c(=O)[nH]c(=O)c2=C(O)C=CC=CN2CCC(O)(O)C2=O)C1=O 1 O=C1NC(=O)C(=c2[nH]c(=O)[nH]c(=O)c2=CC=CC=CN2CCCC2=O)C1=O 1.0000000 1.0000 0.9089942 0.9090 0.8282949 3.9749
 | 22.5185 74.2212 24.8797 0.7742257 N=C1SCC(C(=O)O)N1C=CC=CC(O)=C1C(=O)NCC(=C[n+]2ccccc2)NC1=O 1 N=C1SCCN1C=CC=CC=C1C(=O)NCC(=C[n+]2ccccc2)NC1=O 1.0000000 1.0000 0.6213072 0.6213 0.6001621 4.7354
 | 9.6169 54.2535 -54.2535 0.0000000 O=C1NC(N(CCO)CCO)=NC1=C(O)C=CC=CN1CCNCC1 1 O=C1NC=NC1=CC=CC=CN1CCNCC1 1.0000000 1.0000 0.8445605 0.8446 0.8501996 3.8690
 | 16.9391 65.9622 48.1928 0.8918360 COCN1C(=O)NC(=O)NC(=O)C1=C(O)C=CC=CN1CN(CCO)CCC1=O 1 O=C1NC(=O)NC(=CC=CC=CN2CNCCC2=O)C(=O)N1 1.0000000 1.0000 0.7708627 0.7709 0.8645428 3.7925
01:56:28 <INFO> Score: 0.76 Agent NLL: 16.41 Valid: 100% Step: 400
 | Agent Prior Target Score SMILES SMILES_state Scaffold DASA DASA (raw) Solubility Solubility (raw) SA SA (raw)
 | 10.4950 56.1307 -56.1307 0.0000000 O=C1CC(=c2[nH]c(=O)[nH]c(=O)c2=C(O)C=CC=CN2CCCC2)OC1=O 1 O=C1CC(=c2[nH]c(=O)[nH]c(=O)c2=CC=CC=CN2CCCC2)OC1=O 1.0000000 1.0000 0.8013051 0.8013 0.8384874 3.9271
 | 20.5476 73.1663 39.8138 0.8826576 NCCOCCOCCCCN1NC(=O)C1=C(O)C=CC=CN1CCNC(CO)C1 1 O=C1NNC1=CC=CC=CN1CCNCC1 1.0000000 1.0000 0.8040485 0.8040 0.7606159 4.2469
 | 17.6753 73.3960 43.9521 0.9167823 CCNCC1C(=O)NCCN1C=CC=CC(O)=C1C(=O)NC(=O)C(=O)NC1=O 1 O=C1CN(C=CC=CC=C2C(=O)NC(=O)C(=O)NC2=O)CCN1 1.0000000 1.0000 0.8660856 0.8661 0.8150162 4.0340
 | 21.6459 64.2989 35.5139 0.7797879 CC1(O)C([N+](=O)[O-])CCN1C=CC=CC(O)=C1NC(CO)NC1=O 1 O=C1NCNC1=CC=CC=CN1CCCC1 1.0000000 1.0000 0.8156843 0.8157 0.3870017 5.2996
 | 15.6830 73.1043 32.2884 0.8233803 CC=c1[nH]cc[nH]c(=O)c(=C(O)C=CC=CN2CCC(=O)C2)c(=O)[nH]1 1 C=c1[nH]cc[nH]c(=O)c(=CC=CC=CN2CCC(=O)C2)c(=O)[nH]1 1.0000000 1.0000 0.7466088 0.7466 0.6011592 4.7327
 | 12.0546 54.3860 57.2996 0.8725440 C=C1NCCCN1C=CC=CC(O)=C1NC(=O)NC1=O 1 C=C1NCCCN1C=CC=CC=C1NC(=O)NC1=O 1.0000000 1.0000 0.7348795 0.7349 0.8380216 3.9293
 | 17.5704 85.0999 34.3983 0.9335794 O=C1NCCCN1C=CC=CC(O)=c1c(=O)[nH]c(=O)[nH]c(=O)c1=C1C(=O)N(CCO)C(=O)CN1CCO 1 O=C1CNC(=c2c(=O)[nH]c(=O)[nH]c(=O)c2=CC=CC=CN2CCCNC2=O)C(=O)N1 1.0000000 1.0000 0.9016215 0.9016 0.8356063 3.9408
 | 29.3554 74.1093 26.6955 0.7875376 CC(NCc1ccc(N)cc1)=c1oc(=C(O)C=CC=CN2CCC=C2O)c(=O)n1C 1 O=c1[nH]c(=CNCc2ccccc2)oc1=CC=CC=CN1C=CCC1 1.0000000 1.0000 0.5386776 0.5387 0.8425561 3.9073
 | 16.1420 49.5194 55.0893 0.8172548 Cn1c(=CCC(=O)O)oc(=C(O)C=CC=CN2CCc3ccccc32)c1=O 1 C=c1[nH]c(=O)c(=CC=CC=CN2CCc3ccccc32)o1 1.0000000 1.0000 0.5902663 0.5903 0.8720528 3.7497
 | 26.4872 88.6558 22.3649 0.8673495 CCN1C(=O)NC(=c2[nH]c(=O)c(=C(O)C=CC=CN3CCC=C3OCCO)c(=NC(C)=O)[nH]2)C(=O)C1=O 1 N=c1[nH]c(=C2NC(=O)NC(=O)C2=O)[nH]c(=O)c1=CC=CC=CN1C=CCC1 1.0000000 1.0000 0.7900880 0.7901 0.7154630 4.3993
01:56:29 <INFO> Sampled SMILES N1C(=O)C(=C(O)C=CC=CN2CC(N)CC2)[nH]n1 failed to sanitize.
01:56:29 <INFO> Score: 0.73 Agent NLL: 17.03 Valid:  99% Step: 401
 | Agent Prior Target Score SMILES SMILES_state Scaffold DASA DASA (raw) Solubility Solubility (raw) SA SA (raw)
 | 27.5459 69.4134 38.4809 0.8429246 CCCCNC(=O)NC1=NN(C=CC=CC(O)=C2C(=O)NC(=O)C(C)(CO)N(C)C2=O)CN1C 1 O=C1CNC(=O)C(=CC=CC=CN2CNC=N2)C(=O)N1 1.0000000 1.0000 0.7148421 0.7148 0.7337077 4.3398
 | 17.8151 51.3535 57.7722 0.8525441 O=C1NC(O)(CO)OCC1=C(O)C=CC=CN1CCCCC1 1 O=C1NCOCC1=CC=CC=CN1CCCCC1 1.0000000 1.0000 0.7435058 0.7435 0.7269688 4.3620
 | 23.6758 87.0742 21.4651 0.8479629 CCN1CC(C2COCCN2C=CC=CC(O)=c2c(=O)[nH]c(=O)[nH]c(=O)c2=C2C(=O)C(=O)N(C)C2=O)C(=O)N(C)C1=O 1 O=C1NCC(C2COCCN2C=CC=CC=c2c(=O)[nH]c(=O)[nH]c(=O)c2=C2C(=O)NC(=O)C2=O)C(=O)N1 1.0000000 1.0000 0.8300528 0.8301 0.5828321 4.7822
 | 15.1757 51.6840 55.9633 0.8409948 CC12NC(=O)C(=C(O)C=CC=CN3CCNCC3)C1O2 1 O=C1NC2OC2C1=CC=CC=CN1CCNCC1 1.0000000 1.0000 0.7673553 0.7674 0.6403551 4.6242
 | 27.7076 81.2898 22.9170 0.8141159 CC(=O)N=C1NC(CCCCN)CN1C=CC=CC(O)=c1c(=O)[nH]c(=CC=CN(CCO)CCO)n1C 1 C=c1[nH]c(=O)c(=CC=CC=CN2CCNC2=N)[nH]1 1.0000000 1.0000 0.7885240 0.7885 0.5148451 4.9613
 | 11.9483 52.8606 -52.8606 0.0000000 O=C(O)CN1NC(=O)NC(=O)C1=C(O)C=CC=CN1C=CCC1 1 O=C1NNC(=CC=CC=CN2C=CCC2)C(=O)N1 1.0000000 1.0000 0.7401618 0.7402 0.7910363 4.1328
 | 13.4983 53.6782 55.2702 0.8511590 C=C1CCCN1C=CC=CC(O)=c1oc(=CC(=O)O)[nH]c1=O 1 C=C1CCCN1C=CC=CC=c1oc(=C)[nH]c1=O 1.0000000 1.0000 0.7260636 0.7261 0.7513642 4.2796
 | 12.7066 63.9601 55.1712 0.9307137 CCN1C(=O)NC(=O)C1=c1c(=O)[nH]c(=O)[nH]c(=O)c1=C(O)C=CC=CN(C)CCO 1 C=c1c(=O)[nH]c(=O)[nH]c(=O)c1=C1NC(=O)NC1=O 1.0000000 1.0000 0.8779615 0.8780 0.8613952 3.8099
 | 20.4157 64.6027 33.0761 0.7631158 CN1CCCC12NC(=O)NC(=O)C2=C(O)C=CC=CN1CC(=O)NCCC1O 1 O=C1CN(C=CC=CC=C2C(=O)NC(=O)NC23CCCN3)CCCN1 1.0000000 1.0000 0.7480136 0.7480 0.4020299 5.2586
 | 8.7236 80.3598 -80.3598 0.0000000 O=C1NC(=O)C(=c2c(=O)[nH]c(=O)[nH]c(=O)c2=C(O)C=CC=CN2CC(=O)N(CCO)CC2=O)C(=O)N1 1 O=C1CN(C=CC=CC=c2c(=O)[nH]c(=O)[nH]c(=O)c2=C2C(=O)NC(=O)NC2=O)C(=O)CN1 1.0000000 1.0000 0.9305166 0.9305 0.8442162 3.8991
01:56:30 <INFO> Sampled SMILES O=C1NC(=O)C(=C(O)C=CC=CN2CCC2=CCO)(C)C1=C failed to sanitize.
01:56:30 <INFO> Sampled SMILES N1C(=O)C(=C(O)C=CC=CN2CC([N+]([O-])=O)=CC=C2=C[N+](=O)[O-])NCC1COC(C)=O failed to sanitize.
01:56:30 <INFO> Score: 0.71 Agent NLL: 16.47 Valid:  98% Step: 402
 | Agent Prior Target Score SMILES SMILES_state Scaffold DASA DASA (raw) Solubility Solubility (raw) SA SA (raw)
 | 13.4671 64.9700 51.7053 0.9115263 CN1C(=O)C(=O)C(=c2oc(=C(O)C=CC=CN3CCCN(CCO)C3)c(=O)n2C)C1=O 1 O=C1NC(=O)C(=c2[nH]c(=O)c(=CC=CC=CN3CCCNC3)o2)C1=O 1.0000000 1.0000 0.8414686 0.8415 0.8317099 3.9591
 | 7.3204 51.8164 -51.8164 0.0000000 NC=CC=CC(O)=c1c(=O)[nH]c(=O)[nH]c1=C1C(=O)NC(=O)NC1=O 1 C=c1c(=O)[nH]c(=O)[nH]c1=C1C(=O)NC(=O)NC1=O 1.0000000 1.0000 0.9114199 0.9114 0.8687255 3.7689
 | 13.2532 57.0883 47.6928 0.8186022 O=c1[nH]c(=CBr)[nH]c(=O)c1=C(O)C=CC=CN1CC=CCC1 1 C=c1[nH]c(=O)c(=CC=CC=CN2CC=CCC2)c(=O)[nH]1 1.0000000 1.0000 0.6687574 0.6688 0.7069889 4.4262
 | 19.6799 70.8737 41.1772 0.8753980 CCC(OC)=C1NC(=O)C(=C(O)C=CC=CN2CCN(CCO)C(=O)C2)C(=O)C1=O 1 C=C1NC(=O)C(=CC=CC=CN2CCNC(=O)C2)C(=O)C1=O 1.0000000 1.0000 0.7378303 0.7378 0.8465550 3.8874
 | 26.2232 71.9716 36.2196 0.8452437 NC(=CC(=O)O)CCC1CCNC(=C(O)C=CC=CN2CCNCC2)C(=O)N1 1 O=C1NCCCNC1=CC=CC=CN1CCNCC1 1.0000000 1.0000 0.7279520 0.7280 0.7210667 4.3813
 | 14.1859 58.5911 49.0920 0.8412743 CC1NC(=O)C(=C(O)C=CC=CN2CC(=O)N(CCCCN)C2=O)CO1 1 O=C1CN(C=CC=CC=C2COCNC2=O)C(=O)N1 1.0000000 1.0000 0.7096220 0.7096 0.7355722 4.3335
 | 23.2170 69.3277 -69.3277 0.0000000 O=C1NC(=O)C(=C(O)C=CC=CN2CCC2=CCO)(C)C1=C 0 -- 0.0000000 0.0000 0.0000000 0.0000 0.0000000 0.0000
 | 9.8708 60.3397 58.1921 0.9260302 CN1C(=O)C(=O)C(=c2[nH]c(=O)[nH]c(=O)c2=C(O)C=CC=CN2CCC(=O)C2)C1=O 1 O=C1CCN(C=CC=CC=c2c(=O)[nH]c(=O)[nH]c2=C2C(=O)NC(=O)C2=O)C1 1.0000000 1.0000 0.8725984 0.8726 0.8479238 3.8806
 | 20.1605 64.9385 46.8349 0.8732291 CN=C1NC(=O)C(=C(O)C=CC=CN2C(=O)CCC2C(N)=O)C(=O)NC(=O)N1C 1 N=C1NC(=O)NC(=O)C(=CC=CC=CN2CCCC2=O)C(=O)N1 1.0000000 1.0000 0.7903533 0.7904 0.7408594 4.3157
 | 16.8087 78.4330 33.5913 0.8751899 Cn1c(=C2NC(=O)NC2=O)oc(=C(O)C=CC=CN2CCNC2=CN2CCCC2=O)c1=O 1 O=C1NC(=O)C(=c2[nH]c(=O)c(=CC=CC=CN3CCNC3=CN3CCCC3=O)o2)N1 1.0000000 1.0000 0.7963006 0.7963 0.7398646 4.3191
01:56:31 <INFO> Score: 0.73 Agent NLL: 15.42 Valid: 100% Step: 403
 | Agent Prior Target Score SMILES SMILES_state Scaffold DASA DASA (raw) Solubility Solubility (raw) SA SA (raw)
 | 16.7762 62.6650 47.9511 0.8641885 C=CC=c1[nH]c(=O)c(=C(O)C=CC=CN2CCCN(C)C2=O)c(=O)[nH]1 1 C=c1[nH]c(=O)c(=CC=CC=CN2CCCNC2=O)c(=O)[nH]1 1.0000000 1.0000 0.7489371 0.7489 0.7707528 4.2101
 | 17.1890 58.6441 52.6360 0.8693760 O=C(O)CN1NC(=O)C(=C(O)C=CC=CN2CC=C(O)C(O)C2)C1=O 1 O=C1NNC(=O)C1=CC=CC=CN1CC=CCC1 1.0000000 1.0000 0.8081750 0.8082 0.6961545 4.4599
 | 17.1507 68.2394 47.8596 0.9070240 Cn1c(=CCCO)[nH]c(=O)c(=C(O)C=CC=CN2CCCNC(=O)C2)c1=O 1 C=c1[nH]c(=O)c(=CC=CC=CN2CCCNC(=O)C2)c(=O)[nH]1 1.0000000 1.0000 0.8450721 0.8451 0.8043303 4.0791
 | 22.4878 70.1544 16.5541 0.6774098 CN1CCN=C1NCCCCCCCCCCCCCN1NC(=O)C1=C(O)C=CC=CN1CCN(CCO)CC1 1 O=C1NN(CCCCCCCCCCCCCNC2=NCCN2)C1=CC=CC=CN1CCNCC1 1.0000000 1.0000 0.3330355 0.3330 0.8863637 3.6619
 | 15.7879 65.7884 45.8804 0.8724125 O=C1C=CCCN1C=CC=CC(O)=c1c(=O)[nH]c(=CN2CCC2)[nH]c1=O 1 O=C1C=CCCN1C=CC=CC=c1c(=O)[nH]c(=CN2CCC2)[nH]c1=O 1.0000000 1.0000 0.7765629 0.7766 0.7602926 4.2481
 | 13.5986 80.6575 36.7817 0.9174935 CC=C1NCCN1C=CC=CC(O)=c1c(=C2C(=O)C(=O)N(CCO)C2=O)[nH]c(=O)n(C)c1=O 1 C=C1NCCN1C=CC=CC=c1c(=O)[nH]c(=O)[nH]c1=C1C(=O)NC(=O)C1=O 1.0000000 1.0000 0.8642322 0.8642 0.8214145 4.0059
 | 15.7303 77.6450 35.2150 0.8817194 O=C1CC(=C(O)C=c2[nH]c(=O)c(=C(O)C=CC=CN3CCNCC3)o2)C(=O)NN1 1 O=C1CC(=CC=c2[nH]c(=O)c(=CC=CC=CN3CCNCC3)o2)C(=O)NN1 1.0000000 1.0000 0.8310039 0.8310 0.7139689 4.4041
 | 13.0455 61.9188 48.8010 0.8649988 CC1(C)NC(=O)C(=C(O)C=CC=CN2CCN(CCO)CC2)C(=O)NN1CCCl 1 O=C1NCNNC(=O)C1=CC=CC=CN1CCNCC1 1.0000000 1.0000 0.7022514 0.7023 0.8669006 3.7793
 | 16.0447 54.7371 51.5913 0.8306902 CSC1C(=O)NC(=O)NC(=O)C1=C(O)C=CC=CN1CCCC1 1 O=C1CC(=CC=CC=CN2CCCC2)C(=O)NC(=O)N1 1.0000000 1.0000 0.6386895 0.6387 0.8275570 3.9783
 | 15.1995 65.3470 46.9125 0.8770273 CC=C1NCCN1C=CC=CC(O)=C1C(=O)NN1CCC(N)=O 1 C=C1NCCN1C=CC=CC=C1NNC1=O 1.0000000 1.0000 0.7760246 0.7760 0.7825945 4.1656
01:56:32 <INFO> Score: 0.77 Agent NLL: 16.43 Valid: 100% Step: 404
 | Agent Prior Target Score SMILES SMILES_state Scaffold DASA DASA (raw) Solubility Solubility (raw) SA SA (raw)
 | 19.9927 64.2643 47.7430 0.8750566 CC(C=CN1CCCC1)=CC(O)=c1oc(=C2NC(=O)N(C)C(=O)C2=O)n(C)c1=O 1 O=C1NC(=O)C(=O)C(=c2[nH]c(=O)c(=CC=CC=CN3CCCC3)o2)N1 1.0000000 1.0000 0.7419487 0.7419 0.8366339 3.9359
 | 10.2590 68.5261 51.9666 0.9413489 O=C1CN(C=CC=CC(O)=c2c(=O)[nH]c(=O)[nH]c2=C2C(=O)C(=O)N(CCO)C2=O)C(=O)CCN1 1 O=C1CN(C=CC=CC=c2c(=O)[nH]c(=O)[nH]c2=C2C(=O)NC(=O)C2=O)C(=O)CCN1 1.0000000 1.0000 0.9136569 0.9137 0.8527472 3.8559
 | 12.3143 61.0714 54.8769 0.9058459 CC1=C(N2CCOCC2)C(=O)C(=c2[nH]c(=O)[nH]c(=O)c2=C(O)C=CC=CN2CCNC(=O)C2)C1=O 1 O=C1CN(C=CC=CC=c2c(=O)[nH]c(=O)[nH]c2=C2C(=O)C=C(N3CCOCC3)C2=O)CCN1 1.0000000 1.0000 0.8217717 0.8218 0.8389204 3.9250
 | 20.1149 59.0645 37.5576 0.7548603 C=C1CN(CCO)C(=C(O)C=CC=CN2CCCc3ccccc32)C(=O)N1 1 C=C1CNC(=CC=CC=CN2CCCc3ccccc32)C(=O)N1 1.0000000 1.0000 0.4585111 0.4585 0.8942057 3.6095
 | 22.2464 74.5527 30.4243 0.8201335 CC=C=C=NCCCNC1NC(=O)NC(=O)C1=C(O)C=CC=CN1CC(=O)NC(=O)C1 1 O=C1CN(C=CC=CC=C2CNC(=O)NC2=O)CC(=O)N1 1.0000000 1.0000 0.7513829 0.7514 0.5822865 4.7836
 | 12.6695 75.4962 31.9057 0.8390767 CC(O)C1OC(O)C(=c2[nH]c(=O)[nH]c(=O)c2=C(O)C=CC=CN2CC(=O)NC(=O)C2)C1=O 1 O=C1CN(C=CC=CC=c2c(=O)[nH]c(=O)[nH]c2=C2COCC2=O)CC(=O)N1 1.0000000 1.0000 0.9064785 0.9065 0.4726973 5.0712
 | 11.5768 48.1781 64.2648 0.8784603 O=C1CC(=O)C(O)C1=C(O)C=CC=CN1CCOCC1 1 O=C1CC(=O)C(=CC=CC=CN2CCOCC2)C1 1.0000000 1.0000 0.7596199 0.7596 0.8194030 4.0148
 | 9.7283 57.9150 -57.9150 0.0000000 COCCN1C(=O)C(=O)C(=c2[nH]c(=O)[nH]c(=O)c2=C(O)C=CC=CN(C)CCO)C1=O 1 C=c1c(=O)[nH]c(=O)[nH]c1=C1C(=O)NC(=O)C1=O 1.0000000 1.0000 0.8944939 0.8945 0.8815348 3.6925
 | 9.4770 51.2447 64.2077 0.9019717 O=C1NC(=O)C(=C(O)C=CC=CN2CCOCC2)N(CCO)C(=O)N1 1 O=C1NC(=O)NC(=CC=CC=CN2CCOCC2)C(=O)N1 1.0000000 1.0000 0.7771683 0.7772 0.9044015 3.5361
 | 13.2892 63.4625 41.4277 0.8194546 O=c1[nH]c(=CCBr)[nH]c1=C(O)C=CC=CN1CCC(CO)C1 1 C=c1[nH]c(=O)c(=CC=CC=CN2CCCC2)[nH]1 1.0000000 1.0000 0.7078742 0.7079 0.6435505 4.6151
01:56:32 <INFO> Sampled SMILES N1C(=O)N(CC)C(=O)C(=C(O)C=CC=CN2CCN(C)CC2)C1=c1c2c(ccc1)CCC=N2 failed to sanitize.
01:56:32 <INFO> Sampled SMILES N1C(=O)NC(=O)C(=C(O)C=CC=CN2CC=OC2=O)C1=C1C(=O)C(=O)N(CCOC)C1=O failed to sanitize.
01:56:33 <INFO> Score: 0.74 Agent NLL: 17.40 Valid:  98% Step: 405
 | Agent Prior Target Score SMILES SMILES_state Scaffold DASA DASA (raw) Solubility Solubility (raw) SA SA (raw)
 | 17.2754 20.1127 -20.0953 0.0001362 CN1C(=O)Cc2ccccc21 1 O=C1Cc2ccccc2N1 0.0000000 0.0000 0.6817197 0.6817 0.9917787 1.8778
 | 13.6068 48.3469 65.1540 0.8867257 CN1CCN(C=CC(O)=CC(O)=C2NC(=O)N(C)C2=O)CC1 1 O=C1NC(=O)C(=CC=CC=CN2CCNCC2)N1 1.0000000 1.0000 0.7376218 0.7376 0.9061183 3.5231
 | 22.8640 64.7545 37.5159 0.7989876 CC(O)C1=NN(C)C(=C(O)C=CC=CN2CCC=CN2)C(=O)N1 1 O=C1NC=NNC1=CC=CC=CN1CCC=CN1 1.0000000 1.0000 0.7236928 0.7237 0.5421447 4.8899
 | 20.0326 87.1132 27.0355 0.8917868 C=CCOCCCCN1C(=O)CN(C=CC=CC(O)=c2c(=O)[nH]c(=O)[nH]c2=C2C(=O)C(=O)N2C)C1=O 1 O=C1CN(C=CC=CC=c2c(=O)[nH]c(=O)[nH]c2=C2NC(=O)C2=O)C(=O)N1 1.0000000 1.0000 0.7866651 0.7867 0.8341385 3.9478
 | 18.3328 67.9577 40.1148 0.8443165 O=C1NC(=O)C(=C2OC3NC(=O)C(=C(O)C=CC=CN4CCC(O)C4)N3C2=O)C(=O)N1 1 O=C1NC(=O)C(=C2OC3NC(=O)C(=CC=CC=CN4CCCC4)N3C2=O)C(=O)N1 1.0000000 1.0000 0.8194449 0.8194 0.5827647 4.7823
 | 9.5754 52.8718 62.2985 0.8997677 O=C1NCC(O)NC(=O)C1=C(O)C=CC=CN1CCOCC1 1 O=C1NCCNC(=O)C1=CC=CC=CN1CCOCC1 1.0000000 1.0000 0.8301266 0.8301 0.7955767 4.1148
 | 34.2161 81.6367 0.3226 0.6403076 CCCCC=CCC(O)=C1C(C(=O)O)CCN1C=CC=CC(O)=C1C(=O)NC(CC(=CCO)CO)NC1C(=O)O 1 C=C1CCCN1C=CC=CC=C1CNCNC1=O 1.0000000 1.0000 0.4422012 0.4422 0.4015185 5.2600
 | 13.3367 71.5606 44.7626 0.9087754 CC(=O)C1C(=O)C(=c2c(=O)[nH]c(=O)[nH]c(=O)c2=C(O)C=CC=CNCCO)C(=O)N1C 1 C=c1c(=O)[nH]c(=O)[nH]c(=O)c1=C1C(=O)CNC1=O 1.0000000 1.0000 0.9066845 0.9067 0.7183706 4.3900
 | 23.3778 100.5815 -4.1282 0.7535415 CN1CC(C(=O)O)N(C=CC=CC(O)=C2CNCCC(=C(O)C=CC=CN3CC3)NC2=O)C1=O 1 O=C1NC(=CC=CC=CN2CC2)CCNCC1=CC=CC=CN1CCNC1=O 1.0000000 1.0000 0.5732056 0.5732 0.5994725 4.7373
 | 16.4569 53.6193 58.6703 0.8772629 CN1C=CCN(C=CC=CC(O)=C2NCC(=O)NC2=O)C1 1 O=C1CNC(=CC=CC=CN2CC=CNC2)C(=O)N1 1.0000000 1.0000 0.7759597 0.7760 0.7838132 4.1609
01:56:34 <INFO> Score: 0.77 Agent NLL: 15.79 Valid: 100% Step: 406
 | Agent Prior Target Score SMILES SMILES_state Scaffold DASA DASA (raw) Solubility Solubility (raw) SA SA (raw)
 | 12.7559 59.9907 49.5588 0.8558554 CC1NC(=O)C(=C(O)C=CC=CN2CCCNC2=O)C(=O)NC1O 1 O=C1NCCNC(=O)C1=CC=CC=CN1CCCNC1=O 1.0000000 1.0000 0.7857664 0.7858 0.6735013 4.5283
 | 13.2790 66.5723 46.7754 0.8855289 CN1CCN(C=CC=CC(O)=c2c(=O)[nH]c(=O)[nH]c2=C2C(O)C(O)CN2CCO)CC1 1 O=c1[nH]c(=O)c(=CC=CC=CN2CCNCC2)c(=C2CCCN2)[nH]1 1.0000000 1.0000 0.8926003 0.8926 0.6444134 4.6127
 | 19.6477 57.3814 55.5191 0.8820347 C=c1nc(NCC(C)O)[nH]c(=O)c1=C(O)C=CC=CN1CCOCC1 1 C=c1nc[nH]c(=O)c1=CC=CC=CN1CCOCC1 1.0000000 1.0000 0.7932597 0.7933 0.7759304 4.1908
 | 14.3385 62.6802 52.6174 0.9007625 CN1C(=O)C(=O)C(=c2[nH]c(=O)[nH]c(=O)c2=C(O)C=CC=CN2CCC(CCO)C2)C1=O 1 O=C1NC(=O)C(=c2[nH]c(=O)[nH]c(=O)c2=CC=CC=CN2CCCC2)C1=O 1.0000000 1.0000 0.8491378 0.8491 0.7691166 4.2161
 | 13.2681 48.8560 -48.8560 0.0000000 O=C1CC(=C(O)C=CC=CN2CCNC2=O)C(=O)NC(=O)N1 1 O=C1CC(=CC=CC=CN2CCNC2=O)C(=O)NC(=O)N1 1.0000000 1.0000 0.7760496 0.7760 0.8806423 3.6981
 | 12.7587 52.9330 61.2016 0.8916765 Cn1c(=CC=C2C(=O)NC(=O)NC2=O)[nH]c(=O)c1=C(O)C=CC=CN1CCCC1 1 O=C1NC(=O)C(=CC=c2[nH]c(=O)c(=CC=CC=CN3CCCC3)[nH]2)C(=O)N1 1.0000000 1.0000 0.7813836 0.7814 0.8434823 3.9027
 | 15.0845 61.6107 56.3507 0.9215739 O=C1NN(CCO)C1=C(O)C=CC=CN1CC(=O)N(CCCO)CC1=O 1 O=C1CN(C=CC=CC=C2NNC2=O)C(=O)CN1 1.0000000 1.0000 0.8569012 0.8569 0.8534037 3.8525
 | 19.2184 61.1077 46.6654 0.8419774 NCC=CCN1NC(=O)C(=C(O)C=CC=CN2CCC(N)C2)N=CC1=O 1 O=C1C=NC(=CC=CC=CN2CCCC2)C(=O)NN1 1.0000000 1.0000 0.7851406 0.7851 0.6189696 4.6839
 | 14.9982 53.0297 59.7771 0.8813035 O=C1CCC(=C(O)C=CC=CN2CCNC(CO)C2)C(=O)N1 1 O=C1CCC(=CC=CC=CN2CCNCC2)C(=O)N1 1.0000000 1.0000 0.7873777 0.7874 0.7826876 4.1652
 | 31.5328 67.2189 31.6616 0.7725042 O=C1NCCN(N=Cc2ccccc2O)C1=C(O)C=CC=CN1CC([N+](=O)[O-])COC1=O 1 O=C1NCCN(N=Cc2ccccc2)C1=CC=CC=CN1CCCOC1=O 1.0000000 1.0000 0.5545976 0.5546 0.7236323 4.3730
01:56:34 <INFO> Score: 0.77 Agent NLL: 15.91 Valid: 100% Step: 407
 | Agent Prior Target Score SMILES SMILES_state Scaffold DASA DASA (raw) Solubility Solubility (raw) SA SA (raw)
 | 22.2816 64.7079 34.3656 0.7740113 C=C(C)C1CCN(C=CC=CC(O)=C2C(=O)NC(=O)NC(=O)C23OCCO3)C1 1 O=C1NC(=O)C(=CC=CC=CN2CCCC2)C2(OCCO2)C(=O)N1 1.0000000 1.0000 0.6194330 0.6194 0.6024671 4.7292
 | 12.4389 59.2672 57.9081 0.9154323 COCCN1NC(=O)C1=C(O)C=CC=CN1CCN(CCO)CC1=O 1 O=C1NNC1=CC=CC=CN1CCNCC1=O 1.0000000 1.0000 0.8246647 0.8247 0.8811548 3.6949
 | 10.8358 61.8398 56.4049 0.9237872 CN1C(=O)C(=O)C(=c2[nH]c(=O)[nH]c(=O)c2=C(O)C=CC=CN2CCCNC2=O)C1=O 1 O=C1NC(=O)C(=c2[nH]c(=O)[nH]c(=O)c2=CC=CC=CN2CCCNC2=O)C1=O 1.0000000 1.0000 0.8598657 0.8599 0.8590116 3.8228
 | 18.4072 65.1844 46.1903 0.8701145 CC(O)=C1COCCN1C=CC=CC(O)=c1c(=O)[nH]c(=CCO)n(C)c1=O 1 C=C1COCCN1C=CC=CC=c1c(=O)[nH]c(=C)[nH]c1=O 1.0000000 1.0000 0.7857461 0.7857 0.7345684 4.3369
 | 19.2825 80.8385 25.1879 0.8283309 O=C1CN(C=CC=CC(O)=c2[nH]c(=CC=CN3CCCC3)[nH]c2=O)C=NO1 1 O=C1CN(C=CC=CC=c2[nH]c(=CC=CN3CCCC3)[nH]c2=O)C=NO1 1.0000000 1.0000 0.7341491 0.7341 0.6389217 4.6282
 | 9.4818 54.7178 -54.7178 0.0000000 O=C1CNC(=O)C(=C(O)C=CC=CN2CCC(O)CC2)C(=O)N1 1 O=C1CNC(=O)C(=CC=CC=CN2CCCCC2)C(=O)N1 1.0000000 1.0000 0.8037009 0.8037 0.9196537 3.4120
 | 9.9133 45.6024 69.5841 0.8998945 O=C1NC(=O)NC(=C(O)C=CC=CN2CCOCC2)C(=O)N1 1 O=C1NC(=O)NC(=CC=CC=CN2CCOCC2)C(=O)N1 1.0000000 1.0000 0.7706965 0.7707 0.9066921 3.5187
 | 18.4320 64.6642 40.2282 0.8194723 CC(=O)NCC1COCCN1C=CC=CC(O)=C1N[n+]2ccccc2NC1=O 1 O=C1Nc2cccc[n+]2NC1=CC=CC=CN1CCOCC1 1.0000000 1.0000 0.6789179 0.6789 0.6924284 4.4714
 | 12.4188 79.6433 36.3471 0.9061754 Cn1c(=O)[nH]c(=C2OC(=O)C(C(N)=O)C2=O)c(=C(O)C=CC=CN2CC(=O)NC(=O)C2)c1=O 1 O=C1CN(C=CC=CC=c2c(=O)[nH]c(=O)[nH]c2=C2OC(=O)CC2=O)CC(=O)N1 1.0000000 1.0000 0.9183637 0.9184 0.6919720 4.4728
 | 16.4804 58.5833 57.7806 0.9090929 O=C1NCCN(CCO)C1=C(O)C=CC=CN1CCNC1=O 1 O=C1NCCNC1=CC=CC=CN1CCNC1=O 1.0000000 1.0000 0.8122108 0.8122 0.8725151 3.7470
01:56:35 <INFO> Sampled SMILES N1C(=O)NC(=O)C(=C(O)C=CC=CN2CCCc3c2c(O)c(OC)c(O)c32C(=O)OC)C1NCC2 failed to sanitize.
01:56:35 <INFO> Score: 0.77 Agent NLL: 17.38 Valid:  99% Step: 408
 | Agent Prior Target Score SMILES SMILES_state Scaffold DASA DASA (raw) Solubility Solubility (raw) SA SA (raw)
 | 10.6295 49.1362 66.2489 0.9014460 O=C1CN(C=CC=CC(O)=C2NONC2=O)CCCN1 1 O=C1CN(C=CC=CC=C2NONC2=O)CCCN1 1.0000000 1.0000 0.8196887 0.8197 0.8213871 4.0060
 | 8.2103 65.0578 -65.0578 0.0000000 CN1C(=O)C(=O)C(=c2c(=O)[nH]c(=O)[nH]c(=O)c2=C(O)C=CC=CN2CCOCC2)C1=O 1 O=C1NC(=O)C(=c2c(=O)[nH]c(=O)[nH]c(=O)c2=CC=CC=CN2CCOCC2)C1=O 1.0000000 1.0000 0.8838426 0.8838 0.8851888 3.6694
 | 20.8058 65.6594 38.4180 0.8131041 NC1C(C(=O)O)N=CCN1C=CC=CC(O)=c1oc(=CC=C2C(=O)NC(=O)NC2=O)[nH]c1=O 1 O=C1NC(=O)C(=CC=c2[nH]c(=O)c(=CC=CC=CN3CC=NCC3)o2)C(=O)N1 1.0000000 1.0000 0.8538936 0.8539 0.4449496 5.1440
 | 8.6638 70.9408 -70.9408 0.0000000 CN1C(=O)C(=O)C(=c2c(=O)[nH]c(=O)[nH]c(=O)c2=C(O)C=CC=CN2CC2)C1=O 1 O=C1NC(=O)C(=c2c(=O)[nH]c(=O)[nH]c(=O)c2=CC=CC=CN2CC2)C1=O 1.0000000 1.0000 0.8999602 0.9000 0.8850566 3.6703
 | 15.6265 55.1431 46.5755 0.7946763 C=C1NCCN1C=CC=CC(O)=C1CC(=O)C(C)C1=O 1 C=C1NCCN1C=CC=CC=C1CC(=O)CC1=O 1.0000000 1.0000 0.6355893 0.6356 0.6613628 4.5639
 | 14.1230 71.6443 47.8473 0.9335282 CCN1C(=O)C(=O)N(C)C1=c1c(=O)[nH]c(=O)[nH]c(=O)c1=C(O)C=CC=CNC=O 1 C=c1c(=O)[nH]c(=O)[nH]c(=O)c1=C1NC(=O)C(=O)N1 1.0000000 1.0000 0.8982803 0.8983 0.8408107 3.9158
 | 15.9502 57.3029 46.6438 0.8120830 CC=CC1C(=C(O)C=CC=CN2CCC(=O)NC2=O)C(=O)N1C 1 O=C1CCN(C=CC=CC=C2CNC2=O)C(=O)N1 1.0000000 1.0000 0.6351798 0.6352 0.7418787 4.3122
 | 15.1756 65.9352 36.6529 0.8014699 CC1=CCN(C=CC=CC(O)=C2C(=O)N(C)C=NN2C)N1C 1 O=C1NC=NNC1=CC=CC=CN1CC=CN1 1.0000000 1.0000 0.6362174 0.6362 0.6903960 4.4776
 | 14.8421 57.4322 59.4028 0.9127730 COC1(O)C(=O)NC(=O)C(=C(O)C=CC=CN2CCN(CCO)CC2)C1=O 1 O=C1CC(=O)C(=CC=CC=CN2CCNCC2)C(=O)N1 1.0000000 1.0000 0.8484811 0.8485 0.8256212 3.9871
 | 20.3971 60.2364 52.4865 0.8806474 CC(C=O)=C1NNNC(=O)C1=C(O)C=CC=CN1CCN(C)CC1 1 C=C1NNNC(=O)C1=CC=CC=CN1CCNCC1 1.0000000 1.0000 0.7599491 0.7599 0.8295408 3.9692
01:56:36 <INFO> Score: 0.80 Agent NLL: 16.65 Valid: 100% Step: 409
 | Agent Prior Target Score SMILES SMILES_state Scaffold DASA DASA (raw) Solubility Solubility (raw) SA SA (raw)
 | 13.1714 95.2455 24.2405 0.9334847 CN1C(=O)C(=O)C1=c1c(=O)[nH]c(=O)[nH]c(=O)c1=C(O)C=CC=CN1CC(=O)CN(CCO)C(=O)C1 1 O=C1CNC(=O)CN(C=CC=CC=c2c(=O)[nH]c(=O)[nH]c(=O)c2=C2NC(=O)C2=O)C1 1.0000000 1.0000 0.9151924 0.9152 0.8136095 4.0400
 | 14.1374 61.4810 45.9808 0.8395450 NC1NCCN1C=CC=CC(O)=C1NNNNC1=O 1 O=C1NNNNC1=CC=CC=CN1CCNC1 1.0000000 1.0000 0.9009937 0.9010 0.4791459 5.0544
 | 25.6371 73.2777 20.6441 0.7337639 O=C1NC2C(=CCO)NCN2C1=C(O)C=CC=CN1CCOCC1NC1OC(CO)C(O)C(O)C1O 1 C=C1NCN2C(=CC=CC=CN3CCOCC3NC3CCCCO3)C(=O)NC12 1.0000000 1.0000 0.8849560 0.8850 0.2438135 5.7374
 | 10.4249 55.1700 61.3858 0.9105919 O=C1NNC(=O)C(=C(O)C=CC=CN2CCN(CCO)CC2)O1 1 O=C1NNC(=O)C(=CC=CC=CN2CCNCC2)O1 1.0000000 1.0000 0.8074014 0.8074 0.8892895 3.6427
 | 14.3684 45.9518 70.9249 0.9130992 O=C1NC(=O)C(=C(O)C=CC=CN2CCN(CCO)CC2)C(=O)O1 1 O=C1NC(=O)C(=CC=CC=CN2CCNCC2)C(=O)O1 1.0000000 1.0000 0.7957247 0.7957 0.9255168 3.3585
 | 12.4867 51.1922 58.6171 0.8578854 CC1=NNC(=O)C1=C(O)C=CC=CN1CCOCC1N 1 O=C1NN=CC1=CC=CC=CN1CCOCC1 1.0000000 1.0000 0.7687812 0.7688 0.7085146 4.4214
 | 13.4983 59.3145 49.5243 0.8503025 CCCCN1CCCN(C=CC=CC(O)=C2C(=O)NC(=O)NN2CC(=O)O)C1 1 O=C1NNC(=CC=CC=CN2CCCNC2)C(=O)N1 1.0000000 1.0000 0.6624535 0.6625 0.8774831 3.7174
 | 18.8660 66.4464 37.3747 0.8111024 [N-]=[N+]=NCCCCN1NC(=O)C(=C(O)C=CC=CN2CCC(=NO)C2)C1=O 1 N=C1CCN(C=CC=CC=C2C(=O)NNC2=O)C1 1.0000000 1.0000 0.6076094 0.6076 0.7967176 4.1102
 | 11.9548 55.5245 53.7452 0.8536698 CC1(C)OC(=O)C(=CC=c2[nH]c(=O)c(=C(O)C=CC=CN3CCCNC(=O)C3)o2)C(=O)O1 1 O=C1CN(C=CC=CC=c2oc(=CC=C3C(=O)OCOC3=O)[nH]c2=O)CCCN1 1.0000000 1.0000 0.7199982 0.7200 0.7743586 4.1967
 | 8.9003 58.0461 -58.0461 0.0000000 NC=CC=CC(O)=c1c(=O)[nH]c(=O)[nH]c1=C1OC(=O)C(C(N)=O)C1=O 1 C=c1c(=O)[nH]c(=O)[nH]c1=C1OC(=O)CC1=O 1.0000000 1.0000 0.9161795 0.9162 0.7000746 4.4478
01:56:37 <INFO> Score: 0.76 Agent NLL: 16.95 Valid: 100% Step: 410
 | Agent Prior Target Score SMILES SMILES_state Scaffold DASA DASA (raw) Solubility Solubility (raw) SA SA (raw)
 | 28.2267 85.2015 22.9007 0.8445480 CNC1CCN(CCO)C(=C(O)C=CC=CN2CC=CC(=C3C(=O)NC(=O)NC3=O)C2=O)C(=O)N1 1 O=C1NC(=O)C(=C2C=CCN(C=CC=CC=C3NCCCNC3=O)C2=O)C(=O)N1 1.0000000 1.0000 0.7773006 0.7773 0.6400988 4.6249
 | 11.4810 56.1510 49.7882 0.8276498 CCN1CCCN1C=CC=CC(O)=C1NC(C)(C)NC1=O 1 O=C1NCNC1=CC=CC=CN1CCCN1 1.0000000 1.0000 0.6534524 0.6535 0.7799563 4.1757
 | 15.9325 63.3983 54.9337 0.9244686 Cn1c(=C(O)NCCCO)[nH]c(=O)c(=C(O)C=CC=CN2CCNCC2)c1=O 1 C=c1[nH]c(=O)c(=CC=CC=CN2CCNCC2)c(=O)[nH]1 1.0000000 1.0000 0.8706824 0.8707 0.8436829 3.9017
 | 13.7434 79.6215 34.8891 0.8946139 CN(C)C1C(=O)C(=c2c(=O)[nH]c(=O)[nH]c(=O)c2=C(O)C=CC=CN2CCC(N)C2)C1=O 1 O=C1CC(=O)C1=c1c(=O)[nH]c(=O)[nH]c(=O)c1=CC=CC=CN1CCCC1 1.0000000 1.0000 0.8796533 0.8797 0.6974963 4.4558
 | 13.2506 84.3689 35.9417 0.9399264 COCCN1C(=O)C(=O)C1=c1c(=O)[nH]c(=O)[nH]c(=O)c1=C(O)C=CC=CN1CC(O)C1 1 O=C1NC(=c2c(=O)[nH]c(=O)[nH]c(=O)c2=CC=CC=CN2CCC2)C1=O 1.0000000 1.0000 0.9028490 0.9028 0.8638058 3.7966
 | 14.7562 68.4072 47.6010 0.9063137 CC1=C(N(C)C)C(=O)C(=c2[nH]c(=O)n(C)c(=O)c2=C(O)C=CC=CN2CCN(CCO)CC2)C1=O 1 O=C1C=CC(=O)C1=c1[nH]c(=O)[nH]c(=O)c1=CC=CC=CN1CCNCC1 1.0000000 1.0000 0.8084809 0.8085 0.8655465 3.7869
 | 12.8309 66.5914 42.4753 0.8520831 CN1OC(=C(O)C=CC=CN2CC=C(CO)NC2)C1=O 1 O=C1NOC1=CC=CC=CN1CC=CNC1 1.0000000 1.0000 0.7764670 0.7765 0.6719161 4.5330
 | 17.3385 57.1497 44.2257 0.7919954 Cc1ccccc1C1NC(=O)NC(=O)C1=C(O)C=CC=CN1CCC(=O)N1 1 O=C1CCN(C=CC=CC=C2C(=O)NC(=O)NC2c2ccccc2)N1 1.0000000 1.0000 0.5466610 0.5467 0.8458380 3.8910
 | 24.7509 71.3402 44.6366 0.9060686 O=C(NC1COC(=O)C(=C(O)C=CC=CN2CCN(CCO)CC2)C(=O)NC1=O)OCC(O)CO 1 O=C1CCOC(=O)C(=CC=CC=CN2CCNCC2)C(=O)N1 1.0000000 1.0000 0.8527444 0.8527 0.7873406 4.1473
 | 9.4602 40.2060 -40.2060 0.0000000 CN1C(=O)NC(=C(O)C=CC=CN2CCOCC2)C1=O 1 O=C1NC(=O)C(=CC=CC=CN2CCOCC2)N1 1.0000000 1.0000 0.7406551 0.7407 0.9135859 3.4638
01:56:38 <INFO> Score: 0.75 Agent NLL: 16.16 Valid: 100% Step: 411
 | Agent Prior Target Score SMILES SMILES_state Scaffold DASA DASA (raw) Solubility Solubility (raw) SA SA (raw)
 | 10.0825 76.4714 42.6313 0.9304900 CCN1CCN(C=CC=CC(O)=c2c(=O)[nH]c(=O)[nH]c(=O)c2=C2C(=O)C(=O)N(C)C2=O)CC1=O 1 O=C1CN(C=CC=CC=c2c(=O)[nH]c(=O)[nH]c(=O)c2=C2C(=O)NC(=O)C2=O)CCN1 1.0000000 1.0000 0.8794200 0.8794 0.8578135 3.8292
 | 17.6427 63.9431 44.7935 0.8495042 C#CC1=CCN(C=CC=CC(O)=C2C(=O)NCNC2=O)O1 1 O=C1NCNC(=O)C1=CC=CC=CN1CC=CO1 1.0000000 1.0000 0.7745634 0.7746 0.6641546 4.5558
 | 16.1877 69.7034 38.0309 0.8416744 CC1C(=O)C(C(N)=O)C(=O)C1=c1[nH]c(=O)[nH]c(=O)c1=C(O)C=CC=CN1CCC(CO)C1 1 O=C1CC(=O)C(=c2[nH]c(=O)[nH]c(=O)c2=CC=CC=CN2CCCC2)C1 1.0000000 1.0000 0.8460342 0.8460 0.5420979 4.8900
 | 16.5088 61.0912 47.1929 0.8459692 CN1CCON(C=CC=CC(O)=C2OC(=CCO)C2=O)C1 1 C=C1OC(=CC=CC=CN2CNCCO2)C1=O 1.0000000 1.0000 0.7294273 0.7294 0.7217603 4.3790
 | 17.1013 57.1157 52.9337 0.8597608 CC1C(=O)NC(=O)C(=C(O)C=CC=CN2CCCNC2)N1C 1 O=C1CNC(=CC=CC=CN2CCCNC2)C(=O)N1 1.0000000 1.0000 0.7457363 0.7457 0.7558895 4.2637
 | 7.7108 54.2206 53.6891 0.8430446 O=C1NC(=CBr)COC(=O)C1=C(O)C=CC=CN1CCN(CCO)CC1 1 C=C1COC(=O)C(=CC=CC=CN2CCNCC2)C(=O)N1 1.0000000 1.0000 0.6451910 0.6452 0.8785387 3.7110
 | 11.7809 45.0378 63.3019 0.8464038 CN1CCNC(=O)C1=C(O)C=CC=CN1CCCCC1 1 O=C1NCCNC1=CC=CC=CN1CCCCC1 1.0000000 1.0000 0.6393302 0.6393 0.9115140 3.4807
 | 10.1390 50.7110 -50.7110 0.0000000 CN1C(=O)NC(=C(O)C=CC=CN2CCN(CCO)C2)C1=O 1 O=C1NC(=O)C(=CC=CC=CN2CCNC2)N1 1.0000000 1.0000 0.7929090 0.7929 0.8866163 3.6602
 | 17.4133 72.2992 24.8759 0.7591810 CCCCn1c[n+](CC=CC=c2[nH]c(=O)c(=C(O)C=CC=CN3CCNCC3)[nH]2)c2ccccc21 1 O=c1[nH]c(=CC=CC[n+]2c[nH]c3ccccc32)[nH]c1=CC=CC=CN1CCNCC1 1.0000000 1.0000 0.4991920 0.4992 0.7940443 4.1209
 | 12.2257 60.5276 52.2616 0.8811657 CCN1C(=O)NC(=O)NC(=O)C1=C(O)C=CC=CN1CCC(=O)C1=O 1 O=C1NC(=O)NC(=CC=CC=CN2CCC(=O)C2=O)C(=O)N1 1.0000000 1.0000 0.7362703 0.7363 0.8795025 3.7051
01:56:39 <INFO> Score: 0.79 Agent NLL: 16.33 Valid: 100% Step: 412
 | Agent Prior Target Score SMILES SMILES_state Scaffold DASA DASA (raw) Solubility Solubility (raw) SA SA (raw)
 | 20.6892 64.4374 42.3969 0.8346432 COC1CCNC(C(=O)O)C(=C(O)C=CC=CN2CCC(=O)C2)C(=O)N1 1 O=C1CCN(C=CC=CC=C2CNCCCNC2=O)C1 1.0000000 1.0000 0.7495898 0.7496 0.6411181 4.6220
 | 11.9112 57.2847 49.8487 0.8369792 CN1C(=O)C(=C(O)C=CC=CN2CCC(O)CC2)N1CCC[N+](C)(C)C 1 O=C1NNC1=CC=CC=CN1CCCCC1 1.0000000 1.0000 0.6408489 0.6408 0.8559132 3.8393
 | 16.0476 71.6199 38.3684 0.8592836 O=C1CN(C=CC=CC(O)=c2c(=O)[nH]c(=O)[nH]c2=C2CC(=O)C(=O)C(O)C2O)CCCCN1 1 O=C1CN(C=CC=CC=c2c(=O)[nH]c(=O)[nH]c2=C2CCC(=O)C(=O)C2)CCCCN1 1.0000000 1.0000 0.8639200 0.8639 0.5826235 4.7827
 | 11.1461 52.6040 -52.6040 0.0000000 O=C1NC(N2CCOCC2)=NC1=C(O)C=CC=CN1CC=CCC1 1 O=C1NC(N2CCOCC2)=NC1=CC=CC=CN1CC=CCC1 1.0000000 1.0000 0.6523409 0.6523 0.8617558 3.8079
 | 14.3494 58.1887 53.5551 0.8729982 CCCC=c1[nH]c(=O)c(=C(O)C=CC=CN2CCN(C)CC2=O)[nH]1 1 C=c1[nH]c(=O)c(=CC=CC=CN2CCNCC2=O)[nH]1 1.0000000 1.0000 0.7462943 0.7463 0.8179509 4.0212
 | 16.1328 62.1578 46.8967 0.8519882 O=C1NC(N2CCOCC2)=NC1=C(O)C=CC=CN1CC=NC1C(=O)O 1 O=C1NC(N2CCOCC2)=NC1=CC=CC=CN1CC=NC1 1.0000000 1.0000 0.7625970 0.7626 0.6930423 4.4695
 | 13.9631 45.1450 69.2076 0.8933791 O=C1NCC(O)C1=C(O)C=CC=CN1CCOCC1 1 O=C1NCCC1=CC=CC=CN1CCOCC1 1.0000000 1.0000 0.7973153 0.7973 0.8224042 4.0015
 | 20.5030 74.5921 40.2481 0.8971888 O=C1NCCN(C=CC=CC(O)=C2C(=O)NCC(N(CCO)CCCCO)NC2=O)C1=O 1 O=C1NCCN(C=CC=CC=C2C(=O)NCCNC2=O)C1=O 1.0000000 1.0000 0.8633841 0.8634 0.7316158 4.3467
 | 7.9862 71.6928 -71.6928 0.0000000 CN1C(=O)C(=O)C1=c1c(=O)[nH]c(=O)[nH]c(=O)c1=C(O)C=CC=CNCCO 1 C=c1c(=O)[nH]c(=O)[nH]c(=O)c1=C1NC(=O)C1=O 1.0000000 1.0000 0.9196454 0.9196 0.8639636 3.7957
 | 18.2302 66.7590 38.3594 0.8212377 CC1=CC(=c2oc(=C(O)C=CC=CN3CCC(CN)C3)c(=O)n2C)NC(=O)N1C 1 O=C1NC=CC(=c2[nH]c(=O)c(=CC=CC=CN3CCCC3)o2)N1 1.0000000 1.0000 0.7040847 0.7041 0.6570797 4.5764
01:56:40 <INFO> Score: 0.77 Agent NLL: 16.19 Valid: 100% Step: 413
 | Agent Prior Target Score SMILES SMILES_state Scaffold DASA DASA (raw) Solubility Solubility (raw) SA SA (raw)
 | 21.1428 69.8379 42.0258 0.8739348 CC(C(=O)O)=c1nc(N)c(=C(O)C=CC=CN2CCC=C2OCCO)c(=O)[nH]1 1 C=c1ncc(=CC=CC=CN2C=CCC2)c(=O)[nH]1 1.0000000 1.0000 0.7852736 0.7853 0.7524508 4.2758
 | 13.5046 66.6041 49.1640 0.9044378 O=C1NC(=O)C(=c2[nH]c(=O)[nH]c(=O)c2=C(O)C=CC=CN2CC=C(O)CC2)C(=O)N1 1 O=C1NC(=O)C(=c2[nH]c(=O)[nH]c(=O)c2=CC=CC=CN2CC=CCC2)C(=O)N1 1.0000000 1.0000 0.8330254 0.8330 0.8125242 4.0447
 | 10.8881 64.4145 46.3371 0.8652469 C=C1NCCN1C=CC=CC(O)=C1C(=O)NCC(N)NC1=O 1 C=C1NCCN1C=CC=CC=C1C(=O)NCCNC1=O 1.0000000 1.0000 0.8316271 0.8316 0.6458179 4.6087
 | 16.2745 62.3209 47.0364 0.8543540 CN(C)C1CNC(=C(O)C=CC=CN2CCNCC2)C(=O)NC1N 1 O=C1NCCCNC1=CC=CC=CN1CCNCC1 1.0000000 1.0000 0.8269889 0.8270 0.6102029 4.7080
 | 26.7313 78.6341 28.0745 0.8336612 Cn1c(=C2CC(=O)C(O)OC2=O)oc(=C(O)C=CC=CN2CCC(=O)NOC2=O)c1=O 1 O=C1COC(=O)C(=c2[nH]c(=O)c(=CC=CC=CN3CCC(=O)NOC3=O)o2)C1 1.0000000 1.0000 0.8186332 0.8186 0.5461211 4.8795
 | 14.1662 59.6622 52.8994 0.8793875 NC1CCN(C=CC=CC(O)=C2N=C(NCOCCO)NC2=O)C1 1 O=C1NC=NC1=CC=CC=CN1CCCC1 1.0000000 1.0000 0.8301299 0.8301 0.7054087 4.4312
 | 10.8887 59.2534 42.3390 0.7936905 C=C1NCCN1C=CC=CC(O)=C1C(=O)NC(=CBr)COC1=O 1 C=C1COC(=O)C(=CC=CC=CN2CCNC2=C)C(=O)N1 1.0000000 1.0000 0.5873363 0.5873 0.7544262 4.2688
 | 7.8166 59.4159 -59.4159 0.0000000 Cn1c(=O)c(=C(O)C=CC=CN(CCO)CCO)c(=C2C(=O)NC(=O)NC2=O)n(C)c1=O 1 C=c1c(=O)[nH]c(=O)[nH]c1=C1C(=O)NC(=O)NC1=O 1.0000000 1.0000 0.9148314 0.9148 0.8709643 3.7561
 | 21.8933 81.4693 15.8669 0.7604388 C=C(C)N1CCCN(C=CC=CC(O)=c2oc(=CC=CC)n(C)c2=O)O1 1 C=c1[nH]c(=O)c(=CC=CC=CN2CCCNO2)o1 1.0000000 1.0000 0.5681074 0.5681 0.6387545 4.6287
 | 13.8988 85.3005 32.3909 0.9194641 C=C1NCCN1C=CC=CC(O)=c1c(=O)[nH]c(=O)c(=C2C(=O)C(=O)N2CCO)[nH]c1=O 1 C=C1NCCN1C=CC=CC=c1c(=O)[nH]c(=O)c(=C2NC(=O)C2=O)[nH]c1=O 1.0000000 1.0000 0.8985270 0.8985 0.7760292 4.1905
01:56:41 <INFO> Score: 0.81 Agent NLL: 16.85 Valid: 100% Step: 414
 | Agent Prior Target Score SMILES SMILES_state Scaffold DASA DASA (raw) Solubility Solubility (raw) SA SA (raw)
 | 10.1692 53.2743 63.8123 0.9147395 CC=c1[nH]c(=O)c(=C(O)C=CC=CN2CCN(CCO)CC2)c(=O)[nH]1 1 C=c1[nH]c(=O)c(=CC=CC=CN2CCNCC2)c(=O)[nH]1 1.0000000 1.0000 0.8363889 0.8364 0.8562431 3.8375
 | 14.4355 79.5372 31.9783 0.8712147 CN1C(=O)C(=O)C1=C1C(=C(O)C=CC=CN2CC=C(CO)C2)C(=O)N1C 1 O=C1NC(=C2NC(=O)C2=CC=CC=CN2CC=CC2)C1=O 1.0000000 1.0000 0.7364570 0.7365 0.8282269 3.9752
 | 26.5556 69.6605 21.9254 0.7155152 CCn1c(O)c2c(c1O)N(C=CC=CC(O)=C1N=C(N3CCCC3)NC1=O)C(C(=O)O)C(C)=N2 1 O=C1NC(N2CCCC2)=NC1=CC=CC=CN1CC=Nc2c[nH]cc21 1.0000000 1.0000 0.4610190 0.4610 0.6687151 4.5424
 | 9.3167 48.5023 66.7302 0.9002538 O=C1NCCCNC1=C(O)C=CC=CN1CCNCC1 1 O=C1NCCCNC1=CC=CC=CN1CCNCC1 1.0000000 1.0000 0.7797537 0.7798 0.8902059 3.6366
 | 9.7877 55.1208 61.8461 0.9138040 COCCNC1=NC(=C(O)C=CC=CN2CCN(CCO)CC2)C(=O)N1 1 O=C1NC=NC1=CC=CC=CN1CCNCC1 1.0000000 1.0000 0.8052211 0.8052 0.9101795 3.4914
 | 10.8176 54.9839 51.6427 0.8330203 CC=C1NCCN1C=CC=CC(O)=C1ON(C)C1=O 1 C=C1NCCN1C=CC=CC=C1ONC1=O 1.0000000 1.0000 0.6909071 0.6909 0.7319098 4.3457
 | 15.1063 63.4704 42.5826 0.8285396 CC=C1CNCCN1C=CC=CC(O)=C1C(=O)NN(C)C(C)(C)NC1=O 1 C=C1CNCCN1C=CC=CC=C1C(=O)NCNNC1=O 1.0000000 1.0000 0.6682940 0.6683 0.7541391 4.2699
 | 14.1130 58.9089 54.6549 0.8872176 NC1=CCCN(C=CC=CC(O)=C2NCCNC2=O)C1=O 1 O=C1NCCNC1=CC=CC=CN1CCC=CC1=O 1.0000000 1.0000 0.7878802 0.7879 0.8097537 4.0564
 | 11.2148 74.5373 44.5961 0.9307292 CCN1C(=O)C(=O)C(=c2c(=O)[nH]c(=O)[nH]c(=O)c2=C(O)C=CC=CN2CCCNC(=O)C2)C1=O 1 O=C1CN(C=CC=CC=c2c(=O)[nH]c(=O)[nH]c(=O)c2=C2C(=O)NC(=O)C2=O)CCCN1 1.0000000 1.0000 0.8773986 0.8774 0.8624382 3.8042
 | 19.3632 61.4186 43.3386 0.8184157 CC(=O)N=C1NC(=O)C(=C(O)C=CC=CN2CCCC2C)N1 1 N=C1NC(=O)C(=CC=CC=CN2CCCC2)N1 1.0000000 1.0000 0.6685374 0.6685 0.7065504 4.4276
01:56:42 <INFO> Score: 0.77 Agent NLL: 16.10 Valid: 100% Step: 415
 | Agent Prior Target Score SMILES SMILES_state Scaffold DASA DASA (raw) Solubility Solubility (raw) SA SA (raw)
 | 13.3066 63.2552 49.3909 0.8800471 CN1NC(=O)C(=C(O)C=CC=CN2CCCNC2=O)C(=O)NC1N 1 O=C1NCNNC(=O)C1=CC=CC=CN1CCCNC1=O 1.0000000 1.0000 0.8239627 0.8240 0.7174931 4.3928
 | 23.5464 90.3181 -12.0469 0.6114939 CCCCCCCCCCCCCCN(C)CCCCCCCCN1CCN(C=CC=CC(O)=c2c(=O)[nH]c(=O)[nH]c2=C2C(=O)C(=O)N(CCO)C2=O)CC1=O 1 O=C1CN(C=CC=CC=c2c(=O)[nH]c(=O)[nH]c2=C2C(=O)NC(=O)C2=O)CCN1 1.0000000 1.0000 0.2529589 0.2530 0.8379556 3.9296
 | 9.0254 54.0790 -54.0790 0.0000000 O=C1NN(CCCO)C(=O)C1=C(O)C=CC=CN1CCN(CCO)CC1 1 O=C1NNC(=O)C1=CC=CC=CN1CCNCC1 1.0000000 1.0000 0.8298197 0.8298 0.9165695 3.4387
 | 11.6495 71.9992 38.9393 0.8667072 C=C1NCCN1C=CC=CC(O)=C1C(=O)NC(=CC)N(CCO)NC1=O 1 C=C1NNC(=O)C(=CC=CC=CN2CCNC2=C)C(=O)N1 1.0000000 1.0000 0.7608224 0.7608 0.7613499 4.2443
 | 10.0122 48.8905 66.4021 0.9007237 CC1(C)NC(=O)C(=C(O)C=CC=CN2CCN(CCO)CC2)C(=O)N1 1 O=C1NCNC(=O)C1=CC=CC=CN1CCNCC1 1.0000000 1.0000 0.7750111 0.7750 0.9022294 3.5523
 | 16.8874 64.7818 51.3003 0.9068915 CCN1C(=O)CNC(=C(O)C=CC=CN2CC(=O)N(CCO)C2)C1=O 1 O=C1CN(C=CC=CC=C2NCC(=O)NC2=O)CN1 1.0000000 1.0000 0.8175086 0.8175 0.8517340 3.8611
 | 18.0905 65.2488 48.3890 0.8877956 N=C(N)N=C1NC(=O)C(=C(O)C=CC=CN2CNC(=O)C(=O)N2)N1 1 N=C1NC(=O)C(=CC=CC=CN2CNC(=O)C(=O)N2)N1 1.0000000 1.0000 0.8917155 0.8917 0.6542550 4.5845
 | 18.4655 62.5940 49.8248 0.8782718 O=C(O)CC1NC(=O)C(=C(O)C=CC=CN2CCNCC2=O)C(=O)NC1C(=O)O 1 O=C1NCCNC(=O)C1=CC=CC=CN1CCNCC1=O 1.0000000 1.0000 0.8451905 0.8452 0.6790180 4.5119
 | 12.6681 62.2234 50.4245 0.8800616 NC1CCN(C=CC=CC(O)=C2NCCN(CCO)NC2=O)C1 1 O=C1NNCCNC1=CC=CC=CN1CCCC1 1.0000000 1.0000 0.8326471 0.8326 0.7045096 4.4340
 | 14.8512 66.9853 33.2065 0.7827485 C[N+]1(C=CC=c2[nH]c(=O)c(=C(O)C=CC=CN3CCC(N)C3)[nH]2)CCC1 1 O=c1[nH]c(=CC=C[NH+]2CCC2)[nH]c1=CC=CC=CN1CCCC1 1.0000000 1.0000 0.7434859 0.7435 0.4642900 5.0932
01:56:42 <INFO> Sampled SMILES O=C1C(=C(O)C=CC=CN2CC(=O)N(CC)CC2)C(=O)NC1=CN1CC=C(=C)C1=O failed to sanitize.
01:56:42 <INFO> Sampled SMILES [N+]12=C(C=CC=C1)C(=CC=CC)N(CCO)NC=2 failed to sanitize.
01:56:42 <INFO> Score: 0.78 Agent NLL: 15.87 Valid:  98% Step: 416
 | Agent Prior Target Score SMILES SMILES_state Scaffold DASA DASA (raw) Solubility Solubility (raw) SA SA (raw)
 | 8.5054 49.3592 69.3868 0.9277030 O=C1NNNC1=C(O)C=CC=CN1CCN(CCO)CC1 1 O=C1NNNC1=CC=CC=CN1CCNCC1 1.0000000 1.0000 0.8576240 0.8576 0.8823224 3.6876
 | 18.8159 53.1858 46.5841 0.7794526 CN1C(=O)C(=C(O)C=CC=CN2CCC(N)C2)C[S+]1[O-] 1 O=C1N[SH+]CC1=CC=CC=CN1CCCC1 1.0000000 1.0000 0.7530730 0.7531 0.4440491 5.1464
 | 19.5259 66.1184 42.2023 0.8462556 CN(C)CCN1CCCN(C=CC=CC(O)=C2NCCSNC2=O)CC1 1 O=C1NSCCNC1=CC=CC=CN1CCCNCC1 1.0000000 1.0000 0.6525395 0.6525 0.8786606 3.7103
 | 35.6782 80.2806 24.6987 0.8201507 CC(=O)OCC1=CCN(C=CC=CC(O)=C2C(=O)NC3C(=O)N(S(=O)(=O)O)C(CO)N23)C1=O 1 O=C1NC2C(=O)NCN2C1=CC=CC=CN1CC=CC1=O 1.0000000 1.0000 0.8080087 0.8080 0.5128184 4.9666
 | 19.7116 85.5702 23.3111 0.8506346 CC(C)N1C(=O)C(=C(O)C=CC=CN2CC=C(CO)N2C)C(=C2NC(=O)NC2=O)C1=O 1 O=C1NC(=O)C(=C2C(=O)NC(=O)C2=CC=CC=CN2CC=CN2)N1 1.0000000 1.0000 0.6970930 0.6971 0.8042520 4.0795
 | 17.3598 63.3424 -63.3424 0.0000000 O=C1NN(C(O)CCO)C(=O)C1=C(O)C=CC=CN1CCN(CCO)CC1 1 O=C1NNC(=O)C1=CC=CC=CN1CCNCC1 1.0000000 1.0000 0.8574749 0.8575 0.8092691 4.0585
 | 27.7077 75.5738 33.9682 0.8557974 COCOCCOCCC(=O)N=C1NC(=O)C(=C(O)C=CC=CN2CCN(C)CC2)C(O)N1C 1 N=C1NCC(=CC=CC=CN2CCNCC2)C(=O)N1 1.0000000 1.0000 0.7346057 0.7346 0.7574475 4.2582
 | 19.6384 78.9052 22.4836 0.7921003 CC1=CCN(C=CC=CC(O)=C2OC(=C3C(=O)NC(=O)NC3=O)C2=O)C(=N)C1[N+](=O)[O-] 1 N=C1CC=CCN1C=CC=CC=C1OC(=C2C(=O)NC(=O)NC2=O)C1=O 1.0000000 1.0000 0.6766822 0.6767 0.5826701 4.7826
 | 15.0945 53.9355 53.0229 0.8356125 CN1C(=O)C(=C(O)C=CC=CN2CC=CCC2)C1CO 1 O=C1NCC1=CC=CC=CN1CC=CCC1 1.0000000 1.0000 0.6926064 0.6926 0.7407547 4.3161
 | 25.4373 74.9702 32.2329 0.8375241 C=CCON=C1NC(=O)NC(=O)C1=C(O)C=CC=CN1CC=C(CO)NC1=N 1 N=C1NC(=O)NC(=O)C1=CC=CC=CN1CC=CNC1=N 1.0000000 1.0000 0.7282123 0.7282 0.6867272 4.4887
01:56:43 <INFO> Score: 0.77 Agent NLL: 17.24 Valid: 100% Step: 417
 | Agent Prior Target Score SMILES SMILES_state Scaffold DASA DASA (raw) Solubility Solubility (raw) SA SA (raw)
 | 14.3090 64.7515 49.8935 0.8956645 O=C1N=C(NCCCO)NC(=O)C1=C(O)C=CC=CN1CCNC1=CO 1 C=C1NCCN1C=CC=CC=C1C(=O)N=CNC1=O 1.0000000 1.0000 0.7966816 0.7967 0.8346701 3.9453
 | 23.8726 85.8356 20.8801 0.8337163 CN1C(=c2c(=O)[nH]c(=O)[nH]c(=O)c2=C(O)C=CC=CN(CCO)CCO)N2C(=O)C(C)(O)C(=NCCO)C12O 1 C=c1c(=O)[nH]c(=O)[nH]c(=O)c1=C1NC2C(=N)CC(=O)N12 1.0000000 1.0000 0.9349099 0.9349 0.4330109 5.1756
 | 12.8270 67.9142 41.6611 0.8560570 CN1C(=O)C(=C(O)C=CC=CN2CC(O)C(O)C(O)C2CO)C1=C1C(=O)NC(=O)NC1=O 1 O=C1NC(=O)C(=C2NC(=O)C2=CC=CC=CN2CCCCC2)C(=O)N1 1.0000000 1.0000 0.8694387 0.8694 0.5648990 4.8299
 | 12.1368 48.2064 61.2710 0.8552918 CCOC=NC1=NC(=C(O)C=CC=CN2CCN(C)CC2)C(=O)N1 1 O=C1NC=NC1=CC=CC=CN1CCNCC1 1.0000000 1.0000 0.6930693 0.6931 0.8360666 3.9386
 | 30.8678 91.8655 16.6150 0.8475040 O=C1OCCC(=c2c(=O)[nH]c(=O)[nH]c(=O)c2=C(O)C=CC=CN2CC(=O)N3CCCCC3C2=O)C=C1O 1 O=C1C=CC(=c2c(=O)[nH]c(=O)[nH]c(=O)c2=CC=CC=CN2CC(=O)N3CCCCC3C2=O)CCO1 1.0000000 1.0000 0.7463441 0.7463 0.7000042 4.4480
 | 13.8005 57.3277 48.6264 0.8277669 CC1C(N)CCN1C=CC=CC(O)=C1NN(CCO)NC1=O 1 O=C1NNNC1=CC=CC=CN1CCCC1 1.0000000 1.0000 0.8227367 0.8227 0.5215677 4.9438
 | 17.1465 47.1113 -47.0929 0.0001438 CC(C=[N+]=[N-])=c1oc(=C2C(=O)NC(=O)NC2=O)n(C)c1=O 1 C=c1oc(=C2C(=O)NC(=O)NC2=O)[nH]c1=O 0.0000000 0.0000 0.8986455 0.8986 0.8111294 4.0506
 | 12.1910 52.9220 58.5422 0.8708139 COC1CNC(=C(O)C=CC=CN2CCNCC2)C(=O)N1 1 O=C1NCCNC1=CC=CC=CN1CCNCC1 1.0000000 1.0000 0.8048143 0.8048 0.7073603 4.4250
 | 19.4141 72.9587 22.3939 0.7449427 Cn1c(=CC=C2C(=O)OC(C)(C)OC(O)C2=O)oc(=C(O)C=CC=CN2CCCC([N+](=O)[O-])C2)c1=O 1 O=C1COCOC(=O)C1=CC=c1[nH]c(=O)c(=CC=CC=CN2CCCCC2)o1 1.0000000 1.0000 0.6621350 0.6621 0.4385191 5.1610
 | 11.2051 85.1342 35.5985 0.9432239 O=C1NC(=O)N(C=CC=CC(O)=c2c(=O)[nH]c(=O)[nH]c(=O)c2=C2C(=O)C(=O)N2CCO)C1=O 1 O=C1NC(=c2c(=O)[nH]c(=O)[nH]c(=O)c2=CC=CC=CN2C(=O)NC(=O)C2=O)C1=O 1.0000000 1.0000 0.9303186 0.9303 0.8348763 3.9443
01:56:44 <INFO> Score: 0.71 Agent NLL: 16.19 Valid: 100% Step: 418
 | Agent Prior Target Score SMILES SMILES_state Scaffold DASA DASA (raw) Solubility Solubility (raw) SA SA (raw)
 | 13.5414 64.4231 46.3393 0.8653310 C=C1NC(=O)C(=C(O)C=CC=CN2CCC(CO)C2)C(=O)NN1C 1 C=C1NNC(=O)C(=CC=CC=CN2CCCC2)C(=O)N1 1.0000000 1.0000 0.7579126 0.7579 0.7601047 4.2487
 | 29.0042 86.9334 24.7078 0.8721968 O=C(CN(CCO)CCO)NC1CNC(=O)C(=NO)C(=C(O)C=CC=CN2CCCNC(=O)C2=O)C(=O)NC1=O 1 N=C1C(=O)NCCC(=O)NC(=O)C1=CC=CC=CN1CCCNC(=O)C1=O 1.0000000 1.0000 0.8950874 0.8951 0.5921907 4.7570
 | 12.6193 83.3563 29.1260 0.8787676 CC(O)=C1NC(=O)C(=C(O)C=CC=CN2CCN(CCO)CC2)C(=O)NC1=C(O)CO 1 C=C1NC(=O)C(=CC=CC=CN2CCNCC2)C(=O)NC1=C 1.0000000 1.0000 0.7386959 0.7387 0.8620329 3.8064
 | 8.8705 61.5721 54.9822 0.9105803 O=C1NNCCCNC1=C(O)C=CC=CN1CCN(CCO)CC1 1 O=C1NNCCCNC1=CC=CC=CN1CCNCC1 1.0000000 1.0000 0.8096524 0.8097 0.8849084 3.6712
 | 10.4511 55.0509 62.7304 0.9201660 O=C1NC(=O)C(=c2cnc(=C(O)C=CC=CN3CCOCC3)c(=O)[nH]2)C(=O)N1 1 O=C1NC(=O)C(=c2cnc(=CC=CC=CN3CCOCC3)c(=O)[nH]2)C(=O)N1 1.0000000 1.0000 0.8518936 0.8519 0.8553092 3.8425
 | 18.8820 66.2604 47.2299 0.8866427 CC(C)=c1c(=O)[nH]c(=O)[nH]c(=O)c1=C(O)C=CC=CN1CN(C)CCCC1=O 1 C=c1c(=O)[nH]c(=O)[nH]c(=O)c1=CC=CC=CN1CNCCCC1=O 1.0000000 1.0000 0.7591877 0.7592 0.8611314 3.8113
 | 9.6937 69.6956 -69.6956 0.0000000 COCCN1C(=O)C(=O)C(=c2[nH]c(=O)[nH]c(=O)c2=C(O)C=CC=CN2CC(=O)NC(=O)C2)C1=O 1 O=C1CN(C=CC=CC=c2c(=O)[nH]c(=O)[nH]c2=C2C(=O)NC(=O)C2=O)CC(=O)N1 1.0000000 1.0000 0.9084711 0.9085 0.8609795 3.8121
 | 13.0333 66.7278 38.8443 0.8247813 O=C1CCN(C=CC=CC(O)=c2[nH]c(=CC=CN3CCSCC3)[nH]c2=O)C1 1 O=C1CCN(C=CC=CC=c2[nH]c(=CC=CN3CCSCC3)[nH]c2=O)C1 1.0000000 1.0000 0.6876110 0.6876 0.7005334 4.4464
 | 13.1753 67.0857 48.9159 0.9062623 NCCCNCCNC1CNC(=C(O)C=CC=CN2CCN(CCO)CC2)C(=O)N1 1 O=C1NCCNC1=CC=CC=CN1CCNCC1 1.0000000 1.0000 0.8602189 0.8602 0.7762779 4.1895
 | 12.1362 65.8040 -65.8040 0.0000000 O=C1NC=CNC1=C(O)C=CC=CN1CCCN1CCO 1 O=C1NC=CNC1=CC=CC=CN1CCCN1 1.0000000 1.0000 0.7776853 0.7777 0.7673804 4.2225
01:56:45 <INFO> Score: 0.77 Agent NLL: 16.51 Valid: 100% Step: 419
 | Agent Prior Target Score SMILES SMILES_state Scaffold DASA DASA (raw) Solubility Solubility (raw) SA SA (raw)
 | 15.1765 63.8194 44.3122 0.8447774 O=C1NNNNC1=C(O)C=CC=CN1CC(CO)NC(=O)C1CO 1 O=C1CN(C=CC=CC=C2NNNNC2=O)CCN1 1.0000000 1.0000 0.9173293 0.9173 0.4797090 5.0529
 | 16.9981 50.8367 57.7728 0.8485111 COC1=CCN(C=CC=CC(O)=C2N=C(N)NC2=O)C=C1 1 O=C1NC=NC1=CC=CC=CN1C=CC=CC1 1.0000000 1.0000 0.7164601 0.7165 0.7565996 4.2612
 | 11.5278 54.3391 62.1848 0.9103427 O=C1NC(CO)C(=O)NC1=C(O)C=CC=CN1CCOCC1 1 O=C1CNC(=O)C(=CC=CC=CN2CCOCC2)N1 1.0000000 1.0000 0.8356745 0.8357 0.8361050 3.9385
 | 14.2240 62.6153 45.4080 0.8439320 C[N+](C)(C)CCC1NC(=O)C(=C(O)C=CC=CN2CCCNC(=O)C2)N1 1 O=C1CN(C=CC=CC=C2NCNC2=O)CCCN1 1.0000000 1.0000 0.7488995 0.7489 0.6805702 4.5073
 | 27.6495 81.5995 11.4675 0.7270857 CN1CC=CN(C=CC=CC(O)=C2NC(=O)C(SC3COCC(CN)C3)NC2=O)CC1 1 O=C1NC(SC2CCCOC2)C(=O)NC1=CC=CC=CN1C=CCNCC1 1.0000000 1.0000 0.6490551 0.6491 0.3997898 5.2647
 | 19.4111 81.2379 34.1408 0.9013964 O=C1NC(=O)C(=C2NNC(=C(O)C=CC=CN3CCNCC3C(=O)O)C(=O)N2)C1=O 1 O=C1NC(=O)C(=C2NNC(=CC=CC=CN3CCNCC3)C(=O)N2)C1=O 1.0000000 1.0000 0.8776366 0.8776 0.7286306 4.3566
 | 27.1031 91.6214 7.2258 0.7722435 CC1CCCN1C=CC=C1NCCN1C=CC=CC(O)=c1c(=O)[nH]c(=O)c(=CC=CN2CCNCC2)[nH]c1=O 1 O=c1[nH]c(=O)c(=CC=CC=CN2CCNC2=CC=CN2CCCC2)c(=O)[nH]c1=CC=CN1CCNCC1 1.0000000 1.0000 0.6724148 0.6724 0.5156375 4.9592
 | 8.7043 53.2487 -53.2487 0.0000000 CN1CCCN1C=CC=CC(O)=C1NS(=O)(=O)NC1=O 1 O=C1NS(=O)(=O)NC1=CC=CC=CN1CCCN1 1.0000000 1.0000 0.8003530 0.8004 0.7561250 4.2629
 | 11.0085 56.3992 -56.3992 0.0000000 CC(O)=c1[nH]c(=O)c(=C(O)C=CC=CN2CCNCC2)[nH]1 1 C=c1[nH]c(=O)c(=CC=CC=CN2CCNCC2)[nH]1 1.0000000 1.0000 0.8082158 0.8082 0.8206121 4.0095
 | 16.5892 71.6485 37.9720 0.8564101 NC1=CCN(C=CC=CC(O)=c2[nH]c(=CCO)[nH]c2=O)C=C1 1 C=c1[nH]c(=O)c(=CC=CC=CN2C=CC=CC2)[nH]1 1.0000000 1.0000 0.8181532 0.8182 0.6296784 4.6542
01:56:46 <INFO> Score: 0.74 Agent NLL: 16.93 Valid: 100% Step: 420
 | Agent Prior Target Score SMILES SMILES_state Scaffold DASA DASA (raw) Solubility Solubility (raw) SA SA (raw)
 | 29.2164 83.8384 23.2957 0.8369855 COC(C=C(C)N1C(=O)CCC1O)=c1[nH]c(=O)c(=C(O)C=CC=CN2CCN(CCO)CC2)n1C 1 O=C1CCCN1C=CC=c1[nH]c(=O)c(=CC=CC=CN2CCNCC2)[nH]1 1.0000000 1.0000 0.7499953 0.7500 0.6500051 4.5967
 | 9.9096 51.9353 -51.9353 0.0000000 CC1CCNC(=C(O)C=CC=CN2CCN(C)CC2)C(=O)N1 1 O=C1NCCCNC1=CC=CC=CN1CCNCC1 1.0000000 1.0000 0.7019384 0.7019 0.8208994 4.0082
 | 14.6657 58.6835 52.0321 0.8649658 O=C1CCN(C=CC=CC(O)=C2CC(=CCO)NC2=O)CN1 1 C=C1CC(=CC=CC=CN2CCC(=O)NC2)C(=O)N1 1.0000000 1.0000 0.7542977 0.7543 0.7647939 4.2319
 | 10.6708 67.1515 49.9493 0.9148504 CC1CCN(C=CC=CC(O)=c2c(=O)[nH]c(=O)[nH]c(=O)c2=C2C(=O)NC(=O)NC2=O)CC1 1 O=C1NC(=O)C(=c2c(=O)[nH]c(=O)[nH]c(=O)c2=CC=CC=CN2CCCCC2)C(=O)N1 1.0000000 1.0000 0.8197347 0.8197 0.8874823 3.6546
 | 13.8302 55.7268 -55.7268 0.0000000 O=C1NC(=O)C1=C(O)C=CC=C(O)N(CCO)CCO 1 C=C1C(=O)NC1=O 1.0000000 1.0000 0.8663548 0.8664 0.9220353 3.3907
 | 12.5983 60.4950 45.8447 0.8307783 CC=CC=c1[nH]c(=O)c(=C(O)C=CC=CN2CCC(N)C2)[nH]1 1 C=c1[nH]c(=O)c(=CC=CC=CN2CCCC2)[nH]1 1.0000000 1.0000 0.7549597 0.7550 0.6179174 4.6868
 | 11.5972 55.2817 53.7277 0.8516359 CN1CCCNC(=O)C1=C(O)C=CC=CN1CCCO1 1 O=C1NCCCNC1=CC=CC=CN1CCCO1 1.0000000 1.0000 0.6880040 0.6880 0.8280356 3.9761
 | 14.0224 63.2380 -63.2380 0.0000000 CC1=NNC(=C(O)C=CC=CN2CN(CCO)CC(CO)N2)C(=O)N1C 1 O=C1NC=NNC1=CC=CC=CN1CNCCN1 1.0000000 1.0000 0.8229680 0.8230 0.6197133 4.6819
 | 10.3222 55.5845 56.3319 0.8743467 CC1NC(=O)C(=C(O)C=CC=CN2CCNCC2)C(=O)NC1O 1 O=C1NCCNC(=O)C1=CC=CC=CN1CCNCC1 1.0000000 1.0000 0.8253588 0.8254 0.6913761 4.4746
 | 11.3338 49.2832 69.0997 0.9248660 O=C(O)CN1NC(=O)NC(=O)C1=C(O)C=CC=CN(CCO)CCO 1 C=C1NNC(=O)NC1=O 1.0000000 1.0000 0.8646709 0.8647 0.8559034 3.8393
01:56:47 <INFO> Score: 0.71 Agent NLL: 16.24 Valid: 100% Step: 421
 | Agent Prior Target Score SMILES SMILES_state Scaffold DASA DASA (raw) Solubility Solubility (raw) SA SA (raw)
 | 10.3738 72.0880 -72.0880 0.0000000 NCCN1C(=O)CN(C=CC=CC(O)=c2c(=O)[nH]c(=O)[nH]c2=C2C(=O)NC(=O)NC2=O)C1=O 1 O=C1CN(C=CC=CC=c2c(=O)[nH]c(=O)[nH]c2=C2C(=O)NC(=O)NC2=O)C(=O)N1 1.0000000 1.0000 0.9078261 0.9078 0.8448498 3.8960
 | 13.0950 50.9511 61.8396 0.8811773 CC1=CCOC(=O)C(=C(O)C=CC=CN2CCN(CCO)CC2)C(=O)N1 1 O=C1NC=CCOC(=O)C1=CC=CC=CN1CCNCC1 1.0000000 1.0000 0.7214717 0.7215 0.9113781 3.4818
 | 14.9589 65.7268 42.9507 0.8490429 O=C(O)C1CSCN1C=CC=CC(O)=c1[nH]c(=CCO)[nH]c1=O 1 C=c1[nH]c(=O)c(=CC=CC=CN2CCSC2)[nH]1 1.0000000 1.0000 0.8166909 0.8167 0.6036422 4.7260
 | 15.1656 61.7883 48.9808 0.8653837 C=c1c(=C(O)C=CC=CN2CCNC2=C(C)O)c(=O)[nH]n1C 1 C=C1NCCN1C=CC=CC=c1c(=C)[nH][nH]c1=O 1.0000000 1.0000 0.7699090 0.7699 0.7397358 4.3195
 | 16.0836 56.2846 52.1660 0.8472703 COC=C1C(=O)NC(=O)C(=C(O)C=CC=CN2CCOCC2C)C1=O 1 C=C1C(=O)NC(=O)C(=CC=CC=CN2CCOCC2)C1=O 1.0000000 1.0000 0.7000574 0.7001 0.7818646 4.1684
 | 22.8673 69.0388 40.3731 0.8547799 CC(N)C(=O)NC1CCNC(=C(O)C=CC=CN2CCC(=O)NC2=O)C(=O)N1 1 O=C1CCN(C=CC=CC=C2NCCCNC2=O)C(=O)N1 1.0000000 1.0000 0.8014582 0.8015 0.6463139 4.6073
 | 14.3067 56.4055 57.7101 0.8915287 N=C1CCNC(=O)CN1C=CC=CC(O)=C1NCCNC1=O 1 N=C1CCNC(=O)CN1C=CC=CC=C1NCCNC1=O 1.0000000 1.0000 0.7973006 0.7973 0.8135265 4.0404
 | 11.8059 51.0722 63.9127 0.8983189 CN(CCO)C1=NC(=C(O)C=CC=CN2CCOCC2)C(=O)N1 1 O=C1NC=NC1=CC=CC=CN1CCOCC1 1.0000000 1.0000 0.7849379 0.7849 0.8700585 3.7613
 | 20.0583 63.9549 48.4615 0.8782535 CC1(O)OC(=O)NC(=O)C1=C(O)C=CC=CN1CCN(CCO)C(=O)C1 1 O=C1CN(C=CC=CC=C2COC(=O)NC2=O)CCN1 1.0000000 1.0000 0.7966242 0.7966 0.7530273 4.2738
 | 10.3076 58.4018 56.9379 0.9010915 O=C1NC(CO)CCNC1=C(O)C=CC=CN1CCN(CCO)CC1 1 O=C1NCCCNC1=CC=CC=CN1CCNCC1 1.0000000 1.0000 0.8158889 0.8159 0.8263850 3.9836
01:56:48 <INFO> Score: 0.74 Agent NLL: 15.66 Valid: 100% Step: 422
 | Agent Prior Target Score SMILES SMILES_state Scaffold DASA DASA (raw) Solubility Solubility (raw) SA SA (raw)
 | 17.7669 86.4428 23.1736 0.8563782 CN1CCN(C=C2NCCN2C=CC=CC(O)=C2C(=O)N(C)C2=C2C(=O)C(=O)N2C)CC1 1 O=C1NC(=C2NC(=O)C2=CC=CC=CN2CCNC2=CN2CCNCC2)C1=O 1.0000000 1.0000 0.7000760 0.7001 0.8269712 3.9809
 | 20.6110 70.0794 46.2836 0.9090860 COC1C(=O)C(=O)C1=c1[nH]c(=O)[nH]c(=O)c1=C(O)C=CC=CN1CCN(CCO)CC1 1 O=C1CC(=c2[nH]c(=O)[nH]c(=O)c2=CC=CC=CN2CCNCC2)C1=O 1.0000000 1.0000 0.8760680 0.8761 0.7642488 4.2338
 | 10.1729 64.4281 52.2883 0.9118461 O=C1NC(=O)C(=c2[nH]c(=O)[nH]c(=O)c2=C(O)C=CC=CN(CCO)CCO)C(O)N1 1 C=c1c(=O)[nH]c(=O)[nH]c1=C1CNC(=O)NC1=O 1.0000000 1.0000 0.9285142 0.9285 0.7013879 4.4437
 | 11.5438 49.6825 -49.6825 0.0000000 O=C(O)CN1NC(=O)NC(=O)C1=C(O)C=CC=CN1CCNCC1 1 O=C1NNC(=CC=CC=CN2CCNCC2)C(=O)N1 1.0000000 1.0000 0.8203652 0.8204 0.8660665 3.7840
 | 17.3987 71.5494 25.6448 0.7593299 CN1C(=O)C(=C(O)C=CC=CN2CCC=C2OCO)N1CCCCN=[N+]=[N-] 1 O=C1NNC1=CC=CC=CN1C=CCC1 1.0000000 1.0000 0.5213859 0.5214 0.7365991 4.3301
 | 16.7950 81.1919 32.2144 0.8859872 O=C1CN(C=CC=CC(O)=c2c(=O)[nH]c(=O)[nH]c2=C2CCN2CCO)C(=O)N1CC[n+]1ccccc1 1 O=C1CN(C=CC=CC=c2c(=O)[nH]c(=O)[nH]c2=C2CCN2)C(=O)N1CC[n+]1ccccc1 1.0000000 1.0000 0.7852325 0.7852 0.8086250 4.0612
 | 10.6113 75.3181 42.7271 0.9222283 CC1CCN(C=CC=CC(O)=c2c(=O)[nH]c(=O)[nH]c(=O)c2=C2C(=O)C(=O)N(CCO)C2=O)CC1 1 O=C1NC(=O)C(=c2c(=O)[nH]c(=O)[nH]c(=O)c2=CC=CC=CN2CCCCC2)C1=O 1.0000000 1.0000 0.8401643 0.8402 0.8866750 3.6598
 | 16.3803 57.4570 43.7406 0.7906061 C=C1CC(=C(O)C=CC=CN2CC[N+]2(C)C)C(=O)N1C 1 C=C1CC(=CC=CC=CN2CC[NH2+]2)C(=O)N1 1.0000000 1.0000 0.6182873 0.6183 0.6756282 4.5220
 | 32.3650 72.8313 26.3470 0.7748305 CC1CCCCN1C(O)C1=CC=NC(=C(O)C=CC=CN2CC(=O)NCCC2=O)C(=O)N1 1 O=C1CN(C=CC=CC=C2N=CC=C(CN3CCCCC3)NC2=O)C(=O)CCN1 1.0000000 1.0000 0.6276709 0.6277 0.5919759 4.7576
 | 14.6745 61.4515 54.7201 0.9075909 O=C1NC(=O)C(=C(O)C=CC=CN2CCNC(=O)C2=O)N(O)C(=O)N1 1 O=C1NC(=O)NC(=CC=CC=CN2CCNC(=O)C2=O)C(=O)N1 1.0000000 1.0000 0.8263476 0.8263 0.8392441 3.9234
01:56:48 <INFO> Score: 0.74 Agent NLL: 15.78 Valid: 100% Step: 423
 | Agent Prior Target Score SMILES SMILES_state Scaffold DASA DASA (raw) Solubility Solubility (raw) SA SA (raw)
 | 19.8293 65.5664 43.6618 0.8533456 CC(=O)OCOC(=O)NN1C(=C(O)C=CC=CN2CCC(CO)CC2)C(=O)N1C 1 O=C1NNC1=CC=CC=CN1CCCCC1 1.0000000 1.0000 0.6750263 0.6750 0.8651568 3.7891
 | 19.6341 75.7516 30.3166 0.8286579 C=CC1NC(=O)C(=C(O)C=CC=CN2CCNC(C)C2)C(=O)NN1CCO 1 O=C1NCNNC(=O)C1=CC=CC=CN1CCNCC1 1.0000000 1.0000 0.7872613 0.7873 0.5665811 4.8255
 | 7.4861 68.6940 -68.6940 0.0000000 CN1C(=O)C(=O)N(C)C1=c1c(=O)[nH]c(=O)[nH]c(=O)c1=C(O)C=CC=CNCCO 1 C=c1c(=O)[nH]c(=O)[nH]c(=O)c1=C1NC(=O)C(=O)N1 1.0000000 1.0000 0.9162738 0.9163 0.8554232 3.8419
 | 20.0179 83.2383 34.9469 0.9233219 CC(C=CN1CCCC1)=CC(O)=c1c(=O)[nH]c(=O)[nH]c(=O)c1=C1NNC(=O)CN1CCO 1 O=C1CNC(=c2c(=O)[nH]c(=O)[nH]c(=O)c2=CC=CC=CN2CCCC2)NN1 1.0000000 1.0000 0.8679566 0.8680 0.8428152 3.9060
 | 15.3090 67.1746 41.9323 0.8523976 NC1COCCN1C=CC=CC(O)=C1C(=O)NC(CO)C(=O)C(=O)C1O 1 O=C1CNC(=O)C(=CC=CC=CN2CCOCC2)CC1=O 1.0000000 1.0000 0.8718991 0.8719 0.5496114 4.8703
 | 15.1335 62.5697 48.3701 0.8667176 CC(=O)NCCCN1CCCN(C=CC=CC(O)=C2NC(=N)N(C)C2=O)C1 1 N=C1NC(=O)C(=CC=CC=CN2CCCNC2)N1 1.0000000 1.0000 0.7054967 0.7055 0.8689426 3.7677
 | 16.9667 73.5082 36.8903 0.8624889 CC1(C)NC(=O)C(=C(O)C=CC=CN2CCNCC2=CN2CCNCC2)C(=O)NN1CCO 1 O=C1NCNNC(=O)C1=CC=CC=CN1CCNCC1=CN1CCNCC1 1.0000000 1.0000 0.7621088 0.7621 0.7399055 4.3189
 | 11.3130 56.1499 54.8444 0.8671431 CN1CN(C=CC=CC(O)=C2C(=O)NC(=O)NC2N2CCOCC2)N=C1N 1 O=C1NC(=O)C(=CC=CC=CN2CNC=N2)C(N2CCOCC2)N1 1.0000000 1.0000 0.7956590 0.7957 0.7058369 4.4298
 | 16.2429 53.7583 57.9597 0.8727972 O=C1NNC(O)NC(=O)C1=C(O)C=C(O)C=CN1CCCCC1 1 O=C1NCNNC(=O)C1=CC=CC=CN1CCCCC1 1.0000000 1.0000 0.7910797 0.7911 0.7377504 4.3262
 | 27.1106 87.3254 11.0033 0.7681927 NC1CCN(C=CC=CC(O)=C2CCC(NC(O)CN3C(=O)NC(=CC=CCO)C3=O)NC2=O)C1 1 C=C1NC(=O)N(CCNC2CCC(=CC=CC=CN3CCCC3)C(=O)N2)C1=O 1.0000000 1.0000 0.7429390 0.7429 0.4212602 5.2069
01:56:49 <INFO> Score: 0.71 Agent NLL: 16.59 Valid: 100% Step: 424
 | Agent Prior Target Score SMILES SMILES_state Scaffold DASA DASA (raw) Solubility Solubility (raw) SA SA (raw)
 | 25.4994 75.4862 32.2115 0.8413888 CC=C(C)C(=O)N=C1NCCCN1C=CC=CC(O)=C1C(=O)NCCC(=O)NC1=O 1 N=C1NCCCN1C=CC=CC=C1C(=O)NCCC(=O)NC1=O 1.0000000 1.0000 0.6659089 0.6659 0.8227289 4.0001
 | 34.3658 90.0286 17.3293 0.8387338 COC1NOC(O)C1=c1[nH]c(=O)c(=C(O)C=CC=CN2CC(=O)N(CCO)C(=O)C2=O)c(=O)[nH]1 1 O=C1CN(C=CC=CC=c2c(=O)[nH]c(=C3CNOC3)[nH]c2=O)C(=O)C(=O)N1 1.0000000 1.0000 0.9229891 0.9230 0.4570175 5.1123
 | 16.1217 56.0599 49.5912 0.8253993 NC1CCN(C=CC=CC(O)=c2ncc(=CC=C[N+](=O)[O-])[nH]c2=O)C1 1 C=c1cnc(=CC=CC=CN2CCCC2)c(=O)[nH]1 1.0000000 1.0000 0.7841379 0.7841 0.5588557 4.8459
 | 22.8668 65.7347 49.7349 0.9021069 COC(=c1c(=O)c(=C(O)C=CC=CN2CCNCC2)c(=O)[nH]n1C)N(C)C 1 C=c1[nH][nH]c(=O)c(=CC=CC=CN2CCNCC2)c1=O 1.0000000 1.0000 0.8343245 0.8343 0.7994075 4.0993
 | 10.3630 48.2981 -48.2981 0.0000000 CN1C(=N)NC(=C(O)C=CC=CN2CC=CCC2)C1=O 1 N=C1NC(=O)C(=CC=CC=CN2CC=CCC2)N1 1.0000000 1.0000 0.6739944 0.6740 0.7578911 4.2566
 | 12.2091 64.0247 44.2897 0.8462064 CC1(C)NC(=O)C(=C(O)C=CC=CN2CCN(CCO)CC2)C(=O)NN1C1OC(CO)C(O)C(O)C1O 1 O=C1NCN(C2CCCCO2)NC(=O)C1=CC=CC=CN1CCNCC1 1.0000000 1.0000 0.8602119 0.8602 0.5416157 4.8913
 | 14.6823 64.2082 48.8747 0.8834602 CN1C(=O)C(=C(O)C=CC=CN2CC(=O)N(CCN=C(N)N)C2=O)OC1CO 1 O=C1CN(C=CC=CC=C2OCNC2=O)C(=O)N1 1.0000000 1.0000 0.8404931 0.8405 0.7072077 4.4255
 | 16.9050 64.7876 47.8182 0.8797326 O=c1[nH]c(=O)c(=CF)c(=C(O)C=CC=CN2CC=CCC2)c(=O)[nH]1 1 C=c1c(=O)[nH]c(=O)[nH]c(=O)c1=CC=CC=CN1CC=CCC1 1.0000000 1.0000 0.7732102 0.7732 0.8004246 4.0952
 | 8.6101 76.4063 -76.4063 0.0000000 NCCNC=CC=CC(O)=c1c(=O)[nH]c(=O)[nH]c(=O)c1=C1C(=O)C(=O)N(CCO)C1=O 1 C=c1c(=O)[nH]c(=O)[nH]c(=O)c1=C1C(=O)NC(=O)C1=O 1.0000000 1.0000 0.9403701 0.9404 0.8750674 3.7320
 | 19.6273 67.6529 42.5746 0.8611518 C=CCN1NC(=O)C(=C(O)C=CC=CN2CCN(C)CC2)C(=O)NC1(C)O 1 O=C1NCNNC(=O)C1=CC=CC=CN1CCNCC1 1.0000000 1.0000 0.7597847 0.7598 0.7378365 4.3259
01:56:50 <INFO> Sampled SMILES N1C(=O)C(=C(O)C=CC=CN2CC(=O)N(CCN=C(N)N)CC2)NC1=CC=CC1ON=C(CC)(C)N1 failed to sanitize.
01:56:50 <INFO> Score: 0.72 Agent NLL: 17.10 Valid:  99% Step: 425
 | Agent Prior Target Score SMILES SMILES_state Scaffold DASA DASA (raw) Solubility Solubility (raw) SA SA (raw)
 | 13.3731 67.4466 42.3620 0.8578795 C=C1CNCCN1C=CC=CC(O)=c1c(N)nc(=CC)[nH]c1=O 1 C=C1CNCCN1C=CC=CC=c1cnc(=C)[nH]c1=O 1.0000000 1.0000 0.7746468 0.7746 0.6991278 4.4507
 | 13.2681 63.4197 53.4793 0.9132730 O=C1NN(CCCO)C(=O)CNC1=C(O)C=CC=CN1CCNCC1 1 O=C1CNC(=CC=CC=CN2CCNCC2)C(=O)NN1 1.0000000 1.0000 0.8352664 0.8353 0.8510585 3.8646
 | 12.4748 52.6818 64.6808 0.9168949 O=C1NCCNC1=C(O)C=CC=CN1CCN(CO)CC1 1 O=C1NCCNC1=CC=CC=CN1CCNCC1 1.0000000 1.0000 0.8238254 0.8238 0.8901558 3.6370
 | 18.8670 62.6220 51.4061 0.8908440 C=C1N=C(N)C(=C(O)C=CC=CN2CCNCC2)C(=O)NC(=O)N1 1 C=C1N=CC(=CC=CC=CN2CCNCC2)C(=O)NC(=O)N1 1.0000000 1.0000 0.7742983 0.7743 0.8528432 3.8554
 | 12.6616 53.8100 51.1179 0.8197497 CN1C(=O)NC(=O)NC(=O)C1=C(O)C=CC=CN1C=CCCC1 1 O=C1NC(=O)NC(=CC=CC=CN2C=CCCC2)C(=O)N1 1.0000000 1.0000 0.6152900 0.6153 0.8240184 3.9943
 | 19.9453 67.6961 41.7094 0.8547308 CCCn1c(=C(O)C=CC=CN2CC=C(O)C(O)C2)c(=O)n(C)c1=C1C(=O)NC(=O)NC1=O 1 O=C1NC(=O)C(=c2[nH]c(=O)c(=CC=CC=CN3CC=CCC3)[nH]2)C(=O)N1 1.0000000 1.0000 0.7940710 0.7941 0.6566747 4.5775
 | 12.5319 59.5616 45.8105 0.8232193 C=C1CNCCN1C=CC=CC(O)=C1C(=O)NC(C)C(=O)C1O 1 C=C1CNCCN1C=CC=CC=C1CC(=O)CNC1=O 1.0000000 1.0000 0.7615583 0.7616 0.5800642 4.7896
 | 22.4721 72.1124 36.8002 0.8508793 CCN1CCN(CC=CC=c2[nH]c(=O)c(=C(O)C=CC=CN3CCCN(C)CC3)[nH]2)CC1 1 O=c1[nH]c(=CC=CCN2CCNCC2)[nH]c1=CC=CC=CN1CCCNCC1 1.0000000 1.0000 0.6663537 0.6664 0.8716123 3.7523
 | 20.4037 72.5855 35.9760 0.8481368 C=c1[nH]c(=O)c(=C(O)C=CC=CN2CCCN2C(O)=C2CCCNC2=O)n1C 1 C=c1[nH]c(=O)c(=CC=CC=CN2CCCN2C=C2CCCNC2=O)[nH]1 1.0000000 1.0000 0.7291397 0.7291 0.7320273 4.3453
 | 14.1307 57.6221 -57.6221 0.0000000 CC(C)N1C(=O)NC(=O)NC(=O)C1=C(O)C=CC=CNCCO 1 C=C1NC(=O)NC(=O)NC1=O 1.0000000 1.0000 0.7531654 0.7532 0.8890214 3.6445
01:56:51 <INFO> Score: 0.76 Agent NLL: 16.84 Valid: 100% Step: 426
 | Agent Prior Target Score SMILES SMILES_state Scaffold DASA DASA (raw) Solubility Solubility (raw) SA SA (raw)
 | 17.4830 81.9943 34.4166 0.9094604 CCN1C(=N)N(C=CC=CC(O)=c2c(=O)[nH]c(=O)n(C)c2=C2C(=O)NC(=O)NC2=O)CNC1=O 1 N=C1NC(=O)NCN1C=CC=CC=c1c(=O)[nH]c(=O)[nH]c1=C1C(=O)NC(=O)NC1=O 1.0000000 1.0000 0.8570150 0.8570 0.7959489 4.1133
 | 12.0163 66.2098 42.6457 0.8504341 C=c1[nH]c(=O)c(=C(O)C=CC=CN2CCOCC2CN=[N+]=[N-])c(=O)[nH]c1=O 1 C=c1[nH]c(=O)c(=CC=CC=CN2CCOCC2)c(=O)[nH]c1=O 1.0000000 1.0000 0.7991858 0.7992 0.6323828 4.6466
 | 13.3385 80.9939 -80.9939 0.0000000 NCCCC(N)C(=O)NCCNC=CC=CC(O)=c1c(=O)[nH]c(=O)[nH]c(=O)c1=C1C(=O)NC(=O)NC1=O 1 C=c1c(=O)[nH]c(=O)[nH]c(=O)c1=C1C(=O)NC(=O)NC1=O 1.0000000 1.0000 0.9371040 0.9371 0.7877628 4.1456
 | 19.7771 23.4957 -23.4806 0.0001179 N=C(N=C1CCCCCN1)Nc1ccccc1 1 N=C(N=C1CCCCCN1)Nc1ccccc1 0.0000000 0.0000 0.4500771 0.4501 0.9578220 2.9657
 | 16.9396 64.3497 44.1113 0.8473511 CN1C(=O)CNCC1C=CC=c1[nH]c(=O)c(=C(O)C=CC=CN2CCNCC2)n1C 1 O=C1CNCC(C=CC=c2[nH]c(=O)c(=CC=CC=CN3CCNCC3)[nH]2)N1 1.0000000 1.0000 0.8101239 0.8101 0.6058537 4.7199
 | 37.1607 95.7011 2.2560 0.7652894 COC1=CCN(C=C2OCNC(=O)C2=C(O)C=CC=CN2CCCNC(=O)C2=O)C(N)CC1O 1 O=C1NCCCN(C=CC=CC=C2C(=O)NCOC2=CN2CC=CCCC2)C1=O 1.0000000 1.0000 0.7213295 0.7213 0.4348614 5.1707
 | 13.1818 59.5421 51.5020 0.8675316 CNC1COCCN1C=CC=CC(O)=C1C(=O)NN=C1N 1 O=C1NN=CC1=CC=CC=CN1CCOCC1 1.0000000 1.0000 0.8222960 0.8223 0.6678802 4.5449
 | 12.1172 67.7640 49.3363 0.9148465 CNC=CC=CC(O)=c1c(=O)[nH]c(=O)[nH]c(=O)c1=C1CSCN1CCO 1 C=c1c(=O)[nH]c(=O)[nH]c(=O)c1=C1CSCN1 1.0000000 1.0000 0.8558184 0.8558 0.8230202 3.9988
 | 32.7422 92.1589 -1.6687 0.7069552 CC1CN(C=CC=CC(O)=C2C(=O)NC=C3N(C)C(=O)C(=O)N4CC(O)C(N5CCOCC5)C(O)C4C32C)CCO1 1 O=C1NC2=CNC(=O)C(=CC=CC=CN3CCOCC3)C2C2CC(N3CCOCC3)CCN2C1=O 1.0000000 1.0000 0.6699432 0.6699 0.3263931 5.4720
 | 15.5784 63.1661 53.8184 0.9139408 CN1C(=O)C(=O)C(=c2cnc(=C(O)C=CC=CN3CCNC3)c(=O)[nH]2)C1=O 1 O=C1NC(=O)C(=c2cnc(=CC=CC=CN3CCNC3)c(=O)[nH]2)C1=O 1.0000000 1.0000 0.8713210 0.8713 0.7934287 4.1233
01:56:52 <INFO> Sampled SMILES N1C(=O)C(=C(O)C=CC=CN2CCCC2N)[N+](=COCCO)=C1N(C)C(C)C failed to sanitize.
01:56:52 <INFO> Score: 0.76 Agent NLL: 17.53 Valid:  99% Step: 427
 | Agent Prior Target Score SMILES SMILES_state Scaffold DASA DASA (raw) Solubility Solubility (raw) SA SA (raw)
 | 20.8056 79.3560 36.9116 0.9083403 CN(CCO)CCCOC(=O)C1=NNC(=C(O)C=CC=CN2CCCNC(=O)C2)C(=O)NC1=O 1 O=C1C=NNC(=CC=CC=CN2CCCNC(=O)C2)C(=O)N1 1.0000000 1.0000 0.8161407 0.8161 0.8614224 3.8097
 | 10.7738 74.4887 -74.4887 0.0000000 O=C1NC(=O)C(=c2c(=O)[nH]c(=O)[nH]c(=O)c2=C(O)C=CC=CNCCCNCCO)C(=O)N1 1 C=c1c(=O)[nH]c(=O)[nH]c(=O)c1=C1C(=O)NC(=O)NC1=O 1.0000000 1.0000 0.9276481 0.9276 0.8802800 3.7003
 | 11.7821 41.4401 57.4208 0.7723506 O=C1Nc2ccccc2NC1=C(O)C=CC=CN1CCOCC1 1 O=C1Nc2ccccc2NC1=CC=CC=CN1CCOCC1 1.0000000 1.0000 0.4766856 0.4767 0.9421497 3.1823
 | 18.5826 64.7885 47.7399 0.8791288 CC(=O)NNC1=C(C)NC(=O)C(=C(O)C=CC=CN2CCCC2)C(=O)N1 1 O=C1NC=CNC(=O)C1=CC=CC=CN1CCCC1 1.0000000 1.0000 0.7241068 0.7241 0.8945835 3.6069
 | 19.7353 75.4711 35.1062 0.8638853 CCC1C(=O)NC(=O)C(=C(O)C=CC=CN2CC(=O)N(CCO)C(C)C2=O)C(=O)N1C 1 O=C1CN(C=CC=CC=C2C(=O)NCC(=O)NC2=O)C(=O)CN1 1.0000000 1.0000 0.7727212 0.7727 0.7283741 4.3574
 | 18.2738 62.8161 47.8702 0.8647367 CON1N=CCN(C=CC=CC(O)=C2NC(=O)N(C)C2=O)CC1=O 1 O=C1CN(C=CC=CC=C2NC(=O)NC2=O)CC=NN1 1.0000000 1.0000 0.7608173 0.7608 0.7523152 4.2762
 | 25.1499 67.3950 50.1966 0.9186838 CONC(NCCO)=C1CN(CCO)CN1C=CC=CC(O)=C1C(=O)NC(=O)C1=O 1 C=C1CNCN1C=CC=CC=C1C(=O)NC(=O)C1=O 1.0000000 1.0000 0.8713527 0.8714 0.8152341 4.0330
 | 14.2865 47.8566 57.5641 0.8235995 C[N+](C)(C)CCCN1C(=O)NC(=O)C1=C(O)C=CC=CN1CCCC1 1 O=C1NC(=O)C(=CC=CC=CN2CCCC2)N1 1.0000000 1.0000 0.5940832 0.5941 0.8980007 3.5830
 | 24.4347 74.7546 33.6759 0.8471135 CN(C=O)CC1CCCN(CCO)C(=C(O)C=CC=CN2CCC(O)CC2)C(=O)N1 1 O=C1NCCCCNC1=CC=CC=CN1CCCCC1 1.0000000 1.0000 0.7114764 0.7115 0.7592983 4.2516
 | 23.2111 73.2227 28.4256 0.7941272 CC(=O)N1C(C)=CCCN1C=CC=CC(O)=C1N=C(NC2CCCN(CC(=O)O)C2=O)NC1=O 1 O=C1NC(NC2CCCNC2=O)=NC1=CC=CC=CN1CCC=CN1 1.0000000 1.0000 0.6230132 0.6230 0.6824216 4.5017
01:56:53 <INFO> Score: 0.72 Agent NLL: 17.69 Valid: 100% Step: 428
 | Agent Prior Target Score SMILES SMILES_state Scaffold DASA DASA (raw) Solubility Solubility (raw) SA SA (raw)
 | 10.9638 77.5939 39.5389 0.9150997 CN1C(=O)CN(C=CC=CC(O)=c2c(=O)[nH]c(=O)[nH]c(=O)c2=C2C(=O)C(=O)N(c3ccccc3)C2=O)C(=O)C1=O 1 O=C1CN(C=CC=CC=c2c(=O)[nH]c(=O)[nH]c(=O)c2=C2C(=O)C(=O)N(c3ccccc3)C2=O)C(=O)C(=O)N1 1.0000000 1.0000 0.8247396 0.8247 0.8793358 3.7061
 | 20.1208 72.3849 31.9531 0.8151402 CN1C(=O)NC(=O)C12C(=O)NC(=O)NC(=O)C2=C(O)C=CC=CN1CCC=C1CO 1 O=C1NC(=O)C(=CC=CC=CN2C=CCC2)C2(NC(=O)NC2=O)C(=O)N1 1.0000000 1.0000 0.7751841 0.7752 0.5339627 4.9114
 | 15.6630 84.2759 27.3730 0.8722571 CN1CCN(C=C2NC(=O)C(=C(O)C=CC=CN3CCNC(=O)CC3)C(=O)NC2CO)CC1 1 O=C1CCN(C=CC=CC=C2C(=O)NCC(=CN3CCNCC3)NC2=O)CCN1 1.0000000 1.0000 0.7778279 0.7778 0.7574213 4.2583
 | 19.4049 67.5882 45.6364 0.8845670 O=C1NCC(CN2CCCNCC2)NC(=O)C1=C(O)C=CC=CN1CCOCC1=O 1 O=C1NCC(CN2CCCNCC2)NC(=O)C1=CC=CC=CN1CCOCC1=O 1.0000000 1.0000 0.7870634 0.7871 0.7985817 4.1027
 | 12.2965 59.7252 50.7797 0.8633196 O=C1NC(CO)NC1=C(O)C=CC=CN1CCOCC1CN1CCOCC1 1 O=C1NCNC1=CC=CC=CN1CCOCC1CN1CCOCC1 1.0000000 1.0000 0.8004312 0.8004 0.6824706 4.5016
 | 12.5665 61.4447 50.1293 0.8716719 CC1=NNC(=C(O)C=CC=CN2CCC(N)C2)C(=O)NC1=O 1 O=C1C=NNC(=CC=CC=CN2CCCC2)C(=O)N1 1.0000000 1.0000 0.7882766 0.7883 0.7373367 4.3276
 | 20.5715 74.0620 25.9626 0.7814419 CC(=CN1CCOCC1)SCC1COCCN1C=CC=CC(O)=C1NNNC1=O 1 O=C1NNNC1=CC=CC=CN1CCOCC1CSC=CN1CCOCC1 1.0000000 1.0000 0.6456854 0.6457 0.5890755 4.7654
 | 9.6543 57.1969 -57.1969 0.0000000 NC1=NC(=C(O)C=CC=CN2CCC(=O)NC2=O)C(=O)NN1CCO 1 O=C1CCN(C=CC=CC=C2N=CNNC2=O)C(=O)N1 1.0000000 1.0000 0.8387247 0.8387 0.8171625 4.0246
 | 34.9779 89.6384 13.9343 0.8091617 CC(C)=NOC(=O)N1CC(C=N)N(C=CC=CC(O)=c2c(=O)[nH]c(=O)[nH]c2=C2C(=O)N(C)C(=O)N(C)C2=O)C1 1 O=C1NC(=O)C(=c2[nH]c(=O)[nH]c(=O)c2=CC=CC=CN2CCNC2)C(=O)N1 1.0000000 1.0000 0.7286641 0.7287 0.5724828 4.8098
 | 14.6715 83.0551 29.4809 0.8791871 CN1C(=O)C(=O)N(C)C(=c2c(=O)[nH]c(=O)[nH]c(=O)c2=C(O)C=CC=CN2CCOCC2C[N+](C)(C)C)C1=O 1 O=C1NC(=O)C(=c2c(=O)[nH]c(=O)[nH]c(=O)c2=CC=CC=CN2CCOCC2)NC1=O 1.0000000 1.0000 0.8545660 0.8546 0.6696873 4.5396
01:56:54 <INFO> Score: 0.76 Agent NLL: 16.45 Valid: 100% Step: 429
 | Agent Prior Target Score SMILES SMILES_state Scaffold DASA DASA (raw) Solubility Solubility (raw) SA SA (raw)
 | 24.5637 86.1528 27.9267 0.8912456 C=C1NCCCN1C=CC=CC(O)=c1c(=O)[nH]c(=CCNC(N)=O)n(CNOCCO)c1=O 1 C=C1NCCCN1C=CC=CC=c1c(=O)[nH]c(=C)[nH]c1=O 1.0000000 1.0000 0.8714529 0.8715 0.6951195 4.4631
 | 19.1760 58.3321 -58.3321 0.0000000 NCCCNC1CCN(C=CC=CC(O)=C2NNNC2=O)C1 1 O=C1NNNC1=CC=CC=CN1CCCC1 1.0000000 1.0000 0.8407628 0.8408 0.7433866 4.3071
 | 15.2769 47.7445 58.2244 0.8278823 CN1C(=O)C(=C(O)C=CC=CN2CCC(O)CC2)C1(C)C 1 O=C1NCC1=CC=CC=CN1CCCCC1 1.0000000 1.0000 0.6037589 0.6038 0.8970648 3.5896
 | 16.4219 77.6952 32.5756 0.8614907 CC1(CO)OC(=O)C(=O)N1C=CC=CC(O)=C1NCCN(CCO)NC1=O 1 O=C1NNCCNC1=CC=CC=CN1COC(=O)C1=O 1.0000000 1.0000 0.8574320 0.8574 0.5983649 4.7403
 | 22.4429 71.6104 40.8139 0.8783148 C=c1c(=O)[nH]c(=O)c(=C(O)C=CC=CN2CC(N)C2=O)sc1=O 1 C=c1c(=O)[nH]c(=O)c(=CC=CC=CN2CCC2=O)sc1=O 1.0000000 1.0000 0.8654453 0.8654 0.6516197 4.5921
 | 13.2756 61.2920 49.3113 0.8640877 CC(=O)NCC1COCCN1C=CC=CC(O)=C1NC(CO)NC1=O 1 O=C1NCNC1=CC=CC=CN1CCOCC1 1.0000000 1.0000 0.8278536 0.8279 0.6464128 4.6070
 | 15.0420 65.7659 44.2240 0.8592961 O=C(CBr)NCC1COCCN1C=CC=CC(O)=C1C(=O)NCCC(=O)NC1=O 1 O=C1CCNC(=O)C(=CC=CC=CN2CCOCC2)C(=O)N1 1.0000000 1.0000 0.7167761 0.7168 0.8078465 4.0645
 | 23.4802 66.9823 11.0338 0.6095008 C=CCCC(=O)NCC1COCCN1C=CC=CC(O)=C1C(=O)N(C)C1=CCCCCC 1 C=C1NC(=O)C1=CC=CC=CN1CCOCC1 1.0000000 1.0000 0.2560384 0.2560 0.8064560 4.0703
 | 20.3406 73.1362 35.7621 0.8507679 O=C1NC(=O)N(CCO)NC(=O)C1=C(O)C=CC=CN1C=NC2CCCN2C(=O)C1 1 O=C1NNC(=O)C(=CC=CC=CN2C=NC3CCCN3C(=O)C2)C(=O)N1 1.0000000 1.0000 0.7812755 0.7813 0.6593269 4.5699
 | 10.9210 61.2295 50.5163 0.8730135 NC1=NC(=C(O)C=CC=CN2CCOCC2N)C(=O)NN1CCO 1 O=C1NNC=NC1=CC=CC=CN1CCOCC1 1.0000000 1.0000 0.8609462 0.8609 0.6370183 4.6336
01:56:54 <INFO> Sampled SMILES N1C(=O)C(=C(O)C=CC=CN2CC=N(C)CC2)N(C)C1=CC=C1C(O)C(=O)CCC1 failed to sanitize.
01:56:55 <INFO> Score: 0.76 Agent NLL: 16.72 Valid:  99% Step: 430
 | Agent Prior Target Score SMILES SMILES_state Scaffold DASA DASA (raw) Solubility Solubility (raw) SA SA (raw)
 | 12.9744 55.8500 41.5880 0.7612350 O=C1NC2CCCN2C1=C(O)C=CC=CN1C=CC(O)=CC1 1 O=C1NC2CCCN2C1=CC=CC=CN1C=CC=CC1 1.0000000 1.0000 0.5879205 0.5879 0.6048753 4.7226
 | 27.1555 80.9663 26.3786 0.8386321 C=C1C(=O)N(CC[N+]2(C)CCCC2)C(=O)CN1C=CC=CC(O)=c1c(=O)[nH]c(=C[N+](=O)[O-])n(CC)c1=O 1 C=C1C(=O)N(CC[NH+]2CCCC2)C(=O)CN1C=CC=CC=c1c(=O)[nH]c(=C)[nH]c1=O 1.0000000 1.0000 0.7251356 0.7251 0.6966532 4.4584
 | 20.6044 65.4236 37.6582 0.8053269 CN1C(=O)C(=C(O)C=CC=CN2CC(O)C(O)C2N)C1SCCO 1 O=C1NCC1=CC=CC=CN1CCCC1 1.0000000 1.0000 0.8243739 0.8244 0.4499213 5.1309
 | 13.6406 86.3852 23.8101 0.8609012 CC(O)=c1cnc(=C(O)C=CC=CN2CC(=O)NC(O)C2)c(=O)[nH]c1=O 1 C=c1cnc(=CC=CC=CN2CCNC(=O)C2)c(=O)[nH]c1=O 1.0000000 1.0000 0.8630416 0.8630 0.5894532 4.7644
 | 16.6000 58.6947 49.6795 0.8466742 O=C1NN2CCCCN2C1=C(O)C=CC=CN1CCCOCC1 1 O=C1NN2CCCCN2C1=CC=CC=CN1CCCOCC1 1.0000000 1.0000 0.6596345 0.6596 0.8644297 3.7932
 | 14.3142 60.4223 53.6577 0.8912497 CC1=NC(=O)NC(=O)C1=C(O)C=CC=CN1CC(=O)N(CCO)C1 1 O=C1CN(C=CC=CC=C2C=NC(=O)NC2=O)CN1 1.0000000 1.0000 0.7701366 0.7701 0.8629848 3.8011
 | 18.7194 64.2914 38.9161 0.8063081 C=C1CC2(C(=O)NC(=O)NC(=O)C2=C(O)C=CC=CN2CC2)C(=O)O1 1 C=C1CC2(C(=O)NC(=O)NC(=O)C2=CC=CC=CN2CC2)C(=O)O1 1.0000000 1.0000 0.7239809 0.7240 0.5683397 4.8208
 | 25.6221 78.0984 32.4801 0.8638948 CONC(O)=C1C(=O)CC(=C(O)C=CC=CN2CC(=O)NNC2=O)C(=O)N1C 1 C=C1NC(=O)C(=CC=CC=CN2CC(=O)NNC2=O)CC1=O 1.0000000 1.0000 0.7633895 0.7634 0.7440701 4.3048
 | 29.7960 82.4154 24.1817 0.8327898 CC(CCN1C(=O)NC(=O)NC(=O)C1=C(O)C=CC=CN1COCC(O)C(O)C1)NCCO 1 O=C1NC(=O)NC(=CC=CC=CN2CCCCOC2)C(=O)N1 1.0000000 1.0000 0.7938746 0.7939 0.5731190 4.8081
 | 14.9412 63.4079 49.0743 0.8787672 CC1(O)CN(CCO)CN(C=CC=CC(O)=C2NC(=O)NC(=O)NC2=O)C1=O 1 O=C1NC(=O)NC(=CC=CC=CN2CNCCC2=O)C(=O)N1 1.0000000 1.0000 0.8261535 0.8262 0.7087307 4.4207
01:56:55 <INFO> Sampled SMILES CN1C(=O)C(=C(O)C=CC=CN2CCn3c(c(=O)c4c(cccc4)c3=O)C2=C)CC(=O)N1 failed to sanitize.
01:56:55 <INFO> Sampled SMILES C1(=O)C(=C(O)C=CC=CN2CCOCC2CN(C)[N+](=N)=C(C)C)OC1=C1C(=O)NC(=O)NC1=O failed to sanitize.
01:56:56 <INFO> Score: 0.76 Agent NLL: 17.50 Valid:  98% Step: 431
 | Agent Prior Target Score SMILES SMILES_state Scaffold DASA DASA (raw) Solubility Solubility (raw) SA SA (raw)
 | 10.1600 49.9544 63.2676 0.8845466 CN1CCN(C=CC=CC(O)=C2C(=O)NC(=O)NC(=O)C2N2CCOCC2)CC1 1 O=C1NC(=O)C(=CC=CC=CN2CCNCC2)C(N2CCOCC2)C(=O)N1 1.0000000 1.0000 0.7520626 0.7521 0.8646480 3.7919
 | 14.1464 58.5689 56.6034 0.8997836 O=C1CCN(C=CC=CC(O)=C2C(=O)NCCNC2=O)C(=O)ON1 1 O=C1CCN(C=CC=CC=C2C(=O)NCCNC2=O)C(=O)ON1 1.0000000 1.0000 0.8018694 0.8019 0.8453636 3.8934
 | 15.7942 58.1532 36.9799 0.7432269 C=C1NCCN1C=CC=CC(O)=C1C(=O)NN1CCC1=CCCCC1 1 C=C1NCCN1C=CC=CC=C1C(=O)NN1CCC1=CCCCC1 1.0000000 1.0000 0.4652300 0.4652 0.8034688 4.0827
 | 11.0515 55.2450 61.5349 0.9123429 CN(C)CCNC1=NC(=C(O)C=CC=CN2CCN(CCO)CC2)C(=O)N1 1 O=C1NC=NC1=CC=CC=CN1CCNCC1 1.0000000 1.0000 0.8029878 0.8030 0.9069625 3.5166
 | 10.2675 60.4523 53.6288 0.8912587 O=C1CCN(C=CC=CC(O)=C2N=C(N3CCOCC3)NC2=O)CCN1 1 O=C1CCN(C=CC=CC=C2N=C(N3CCOCC3)NC2=O)CCN1 1.0000000 1.0000 0.7538017 0.7538 0.8960246 3.5969
 | 12.3018 65.7448 41.1716 0.8352837 CN1CCCN1C=CC=CC(O)=C1NS(=O)(=O)C(CO)NC1=O 1 O=C1NCS(=O)(=O)NC1=CC=CC=CN1CCCN1 1.0000000 1.0000 0.8180136 0.8180 0.5524558 4.8628
 | 21.8522 65.5882 39.5716 0.8215608 CCOC(=O)N(O)C1C(=C(O)C=CC=CN2C(=O)COCC2C(=O)O)C(=O)N1C 1 O=C1NCC1=CC=CC=CN1CCOCC1=O 1.0000000 1.0000 0.7138050 0.7138 0.6428271 4.6172
 | 16.0868 22.6168 -22.5980 0.0001469 CN1C(=O)NC(=O)CS1(=O)=O 1 O=C1CS(=O)(=O)NC(=O)N1 0.0000000 0.0000 0.8881137 0.8881 0.9264120 3.3500
 | 9.6650 55.0860 61.5056 0.9108714 O=C1NC(=O)OC(=C(O)C=CC=CNCCO)C(=O)N1 1 C=C1OC(=O)NC(=O)NC1=O 1.0000000 1.0000 0.8194207 0.8194 0.8679853 3.7732
 | 36.7681 91.3964 18.8380 0.8612063 CC(NC(=O)CCCNC(=O)C[N+](=O)[O-])C(=O)NCCC1C(=C(O)C=CC=CN2CCNC2)C(=O)N1C 1 O=C1NCC1=CC=CC=CN1CCNC1 1.0000000 1.0000 0.7753381 0.7753 0.7123662 4.4092
01:56:56 <INFO> Sampled SMILES N1C(=O)C(=C(O)C=CC=CN2CN(C)C(=O)C(=C)C2)C(=O)NC(=O)C1=C1C(C)=C(=O)N(CC)C1=O failed to sanitize.
01:56:56 <INFO> Score: 0.79 Agent NLL: 17.43 Valid:  99% Step: 432
 | Agent Prior Target Score SMILES SMILES_state Scaffold DASA DASA (raw) Solubility Solubility (raw) SA SA (raw)
 | 11.5698 56.0908 57.2485 0.8854632 CN1CCCN(C=CC=CC(O)=C2NCCC(=O)NC2=O)C1 1 O=C1CCNC(=CC=CC=CN2CCCNC2)C(=O)N1 1.0000000 1.0000 0.7456103 0.7456 0.8825703 3.6860
 | 13.7946 68.3051 41.8139 0.8603050 CN1C(=O)C=CCN1C=CC=CC(O)=C1C(=O)NN(CC(=O)O)C(C)(C)NC1=O 1 O=C1C=CCN(C=CC=CC=C2C(=O)NCNNC2=O)N1 1.0000000 1.0000 0.7436124 0.7436 0.7621998 4.2412
 | 34.7060 78.1626 25.1966 0.8074938 CCN1CN(C)CN(C=CC=CC(O)=C2C(=O)N(C(CNC(=O)C3(N)CCCC3)C(=O)O)C2O)C1=O 1 O=C(NCCN1CC(=CC=CC=CN2CNCNC2=O)C1=O)C1CCCC1 1.0000000 1.0000 0.6963153 0.6963 0.6131549 4.7000
 | 10.6735 50.7163 52.5846 0.8070384 [N-]=[N+]=NCCCCN1C(=O)NC(=O)C1=C(O)C=CC=CN1CCOCC1 1 O=C1NC(=O)C(=CC=CC=CN2CCOCC2)N1 1.0000000 1.0000 0.5621068 0.5621 0.8892248 3.6431
 | 19.0131 70.5982 36.7922 0.8389876 COCCN1NC(=O)C(=C(O)C=CC=CN2CCOCC2N2CCOCC2)C(=O)NC(C)C1=O 1 O=C1CNC(=O)C(=CC=CC=CN2CCOCC2N2CCOCC2)C(=O)NN1 1.0000000 1.0000 0.7451324 0.7451 0.6657450 4.5512
 | 22.3670 93.4736 15.1381 0.8485287 NC(=S)NN=CC1COCCN1C=CC=CC(O)=C1C(=O)NC(=C(O)CO)N(CCO)NC1=O 1 C=C1NNC(=O)C(=CC=CC=CN2CCOCC2)C(=O)N1 1.0000000 1.0000 0.8248633 0.8249 0.5913311 4.7593
 | 15.1131 48.5798 66.6465 0.9002057 CNC1=NC(=C(O)C=CC=CN2CC2)C(=O)N1 1 O=C1NC=NC1=CC=CC=CN1CC1 1.0000000 1.0000 0.8052885 0.8053 0.8411610 3.9141
 | 18.1088 70.1147 35.4410 0.8246542 Cn1c(=CC=CN2CCCC2)[nH]c(=O)c1=C(O)C=CC=CN1CCNC(CCO)C1 1 O=c1[nH]c(=CC=CN2CCCC2)[nH]c1=CC=CC=CN1CCNCC1 1.0000000 1.0000 0.7302362 0.7302 0.6300374 4.6532
 | 18.0693 73.0298 37.9815 0.8672753 CN1CCCN(C=CC=CC(O)=C2C(=O)NC(O)N(CC(O)=NO)NC2=O)CC1 1 O=C1NCNNC(=O)C1=CC=CC=CN1CCCNCC1 1.0000000 1.0000 0.7955278 0.7955 0.7066059 4.4274
 | 17.5731 79.3363 15.3014 0.7393575 CN1C(=O)C(=C(O)C=CC=CN2CCCCC2)C(=O)C1=C(O)C=CC=CN1CCNCC1 1 O=C1NC(=CC=CC=CN2CCNCC2)C(=O)C1=CC=CC=CN1CCCCC1 1.0000000 1.0000 0.4451974 0.4452 0.8443427 3.8985
01:56:57 <INFO> Sampled SMILES N1C(=O)C(=C(O)C=CC=CN2C(C(O)=O)COCC2)[nH]n1 failed to sanitize.
01:56:57 <INFO> Score: 0.76 Agent NLL: 18.10 Valid:  99% Step: 433
 | Agent Prior Target Score SMILES SMILES_state Scaffold DASA DASA (raw) Solubility Solubility (raw) SA SA (raw)
 | 16.8487 61.9020 45.9352 0.8424789 CC1(C)NNN1C=CC=CC(O)=C1C(=O)NNC(O)NC1=O 1 O=C1NCNNC(=O)C1=CC=CC=CN1CNN1 1.0000000 1.0000 0.8704878 0.8705 0.5183226 4.9522
 | 22.6664 70.0461 36.6510 0.8335707 CN1C(=O)C(=C(O)C=CC=CN2CC=CCN2)NCC1(O)NCCO 1 O=C1NCCNC1=CC=CC=CN1CC=CCN1 1.0000000 1.0000 0.8398348 0.8398 0.5219256 4.9428
 | 11.8745 57.3476 55.5489 0.8820043 CN1C(=O)NC(=C(O)C=CC=CN2CC(=O)NCCCO2)C1=O 1 O=C1CN(C=CC=CC=C2NC(=O)NC2=O)OCCCN1 1.0000000 1.0000 0.7577619 0.7578 0.8405021 3.9173
 | 13.3460 57.4421 57.2979 0.8964066 O=C1CCN(C=CC=CC(O)=C2NN(CCCO)NC2=O)C1 1 O=C1CCN(C=CC=CC=C2NNNC2=O)C1 1.0000000 1.0000 0.8144937 0.8145 0.8064882 4.0702
 | 15.8313 86.6177 30.2082 0.9127022 CC(=O)NCC1COCCN1C=CC=CC(O)=c1c(=C2C(=O)C(=O)N(CCO)C2=O)[nH]c(=O)n(C)c1=O 1 O=C1NC(=O)C(=c2[nH]c(=O)[nH]c(=O)c2=CC=CC=CN2CCOCC2)C1=O 1.0000000 1.0000 0.8886335 0.8886 0.7611374 4.2450
 | 17.2235 71.2815 34.7340 0.8282460 CC(C=CN(C)C)=c1o[nH]c(=O)c(=C(O)C=CC=CN2CCC(N)C2)c1=O 1 C=c1o[nH]c(=O)c(=CC=CC=CN2CCCC2)c1=O 1.0000000 1.0000 0.7505791 0.7506 0.6143174 4.6968
 | 20.1011 91.1142 14.2426 0.8230998 CC1NC(=O)C(=C(O)C=CC=CN2CC=C(CO)NC2)C(=O)NC1=C(O)CO 1 C=C1CNC(=O)C(=CC=CC=CN2CC=CNC2)C(=O)N1 1.0000000 1.0000 0.7797832 0.7798 0.5561234 4.8531
 | 30.1944 82.9716 2.0887 0.6645335 C=C1CCN(C=CC=CC(O)=C2C(=O)NC(=Cc3ccccc3)N(CC)NC2=O)C1CCCN 1 C=C1CCN(C=CC=CC=C2C(=O)NNC(=Cc3ccccc3)NC2=O)C1 1.0000000 1.0000 0.3471228 0.3471 0.7453637 4.3003
 | 13.6372 58.6787 50.6054 0.8537815 CC(O)C1(C)NNC(=O)C(=C(O)C=CC=CN2CCN(C)CC2)C(=O)N1 1 O=C1NCNNC(=O)C1=CC=CC=CN1CCNCC1 1.0000000 1.0000 0.7924534 0.7925 0.6551888 4.5818
 | 14.1804 67.4004 40.0553 0.8394973 O=C(O)C1CCN(C=CC=CC(O)=c2[nH]c(=CC=CN3CCOCC3)[nH]c2=O)C1 1 O=c1[nH]c(=CC=CN2CCOCC2)[nH]c1=CC=CC=CN1CCCC1 1.0000000 1.0000 0.7332521 0.7333 0.6869230 4.4881
01:56:58 <INFO> Sampled SMILES O=C1NC(=O)C(=C(O)C=CC=CN2CCOCC2CN)CO1O failed to sanitize.
01:56:58 <INFO> Score: 0.76 Agent NLL: 17.21 Valid:  99% Step: 434
 | Agent Prior Target Score SMILES SMILES_state Scaffold DASA DASA (raw) Solubility Solubility (raw) SA SA (raw)
 | 13.8925 67.2410 42.2828 0.8556542 CC=C1NC(=O)C(=C(O)C=CC=CN2CCC(=O)NC2=O)C(=O)NC1C(=O)O 1 C=C1CNC(=O)C(=CC=CC=CN2CCC(=O)NC2=O)C(=O)N1 1.0000000 1.0000 0.7454154 0.7454 0.7376813 4.3264
 | 20.5645 66.9366 39.8085 0.8339463 COCOC1=CCN(C=CC=CC(O)=C2NCCSNC2=O)C1=O 1 O=C1NSCCNC1=CC=CC=CN1CC=CC1=O 1.0000000 1.0000 0.6941543 0.6942 0.7301749 4.3515
 | 14.4839 69.1730 43.6682 0.8815718 CN=C1NC(OC)=CCN1C=CC=CC(O)=C1C(=O)NCC(=O)NC1=O 1 N=C1NC=CCN1C=CC=CC=C1C(=O)NCC(=O)NC1=O 1.0000000 1.0000 0.7912697 0.7913 0.7772040 4.1861
 | 16.8659 74.9895 33.4798 0.8474163 NCC1NC(=O)C(=C(O)C=CC=CN2CCOCC2=NO)C(=O)NC1O 1 N=C1COCCN1C=CC=CC=C1C(=O)NCCNC1=O 1.0000000 1.0000 0.8529233 0.8529 0.5538803 4.8591
 | 25.8955 116.4575 -11.7861 0.8177455 CC(=O)NCCOC1CCN(C=CC=CC(O)=c2c(=O)[nH]c(=O)[nH]c(=O)c2=C2C(=O)C(=O)N(c3ccccc3)C2=O)C1CCN(C)C 1 O=C1C(=O)N(c2ccccc2)C(=O)C1=c1c(=O)[nH]c(=O)[nH]c(=O)c1=CC=CC=CN1CCCC1 1.0000000 1.0000 0.6968908 0.6969 0.6541950 4.5847
 | 16.9944 55.3556 39.7208 0.7427844 O=C1NC2CCCN2C1=C(O)C=CC=CN1C=CC=CCC1 1 O=C1NC2CCCN2C1=CC=CC=CN1C=CC=CCC1 1.0000000 1.0000 0.5179047 0.5179 0.6638842 4.5566
 | 14.9418 53.6825 54.9011 0.8483098 O=C1NC(=CCO)COC(=O)C1=C(O)C=CC=CN1CCCCC1 1 C=C1COC(=O)C(=CC=CC=CN2CCCCC2)C(=O)N1 1.0000000 1.0000 0.6574427 0.6574 0.8783342 3.7123
 | 15.3392 63.1067 47.4978 0.8640978 CC1CNC(=O)C(=C(O)C=CC=CN2CCC(=O)N2C)C(=O)N1 1 O=C1CCN(C=CC=CC=C2C(=O)NCCNC2=O)N1 1.0000000 1.0000 0.7720080 0.7720 0.7304947 4.3504
 | 10.9862 55.9373 -55.9373 0.0000000 CNC=CC=CC(O)=c1c(=O)[nH]c(=O)[nH]c1=C1C(=O)NC(=O)NC1=O 1 C=c1c(=O)[nH]c(=O)[nH]c1=C1C(=O)NC(=O)NC1=O 1.0000000 1.0000 0.9018335 0.9018 0.8734627 3.7415
 | 15.7027 59.0691 56.6603 0.9041364 CN1N=C(N)C(=C(O)C=CC=CN2CCNC(=O)CC2)C1=O 1 O=C1CCN(C=CC=CC=C2C=NNC2=O)CCN1 1.0000000 1.0000 0.7913779 0.7914 0.8872712 3.6560
01:56:59 <INFO> Sampled SMILES N1C(=O)C(=C(O)C=CC=CN2C(C)CN(C)CC2)C=C(=CC=CN2CC(=O)NCCC2)OC1 failed to sanitize.
01:56:59 <INFO> Score: 0.80 Agent NLL: 17.76 Valid:  99% Step: 435
 | Agent Prior Target Score SMILES SMILES_state Scaffold DASA DASA (raw) Solubility Solubility (raw) SA SA (raw)
 | 26.8894 81.5922 17.4633 0.7738714 C=CC(O)=C1CC(N)CN1C=CC=CC(O)=C1C(=O)N(CC)C(=O)N1CCCO 1 C=C1CCCN1C=CC=CC=C1NC(=O)NC1=O 1.0000000 1.0000 0.5727082 0.5727 0.6904427 4.4774
 | 13.0277 83.1004 34.8390 0.9214020 O=C1CN(C=CC=CC(O)=c2c(=O)[nH]c(=O)[nH]c(=O)c2=C2C(=O)NC(=O)NC2=O)C(O)C(=O)N1 1 O=C1CN(C=CC=CC=c2c(=O)[nH]c(=O)[nH]c(=O)c2=C2C(=O)NC(=O)NC2=O)CC(=O)N1 1.0000000 1.0000 0.9412184 0.9412 0.7234354 4.3736
 | 13.7708 57.8721 46.7604 0.8174412 CC1=CN(C=CC=CC(O)=c2oc(=C3C(=O)OC(C)(C)OC3=O)n(C)c2=O)CC=N1 1 O=C1OCOC(=O)C1=c1[nH]c(=O)c(=CC=CC=CN2C=CN=CC2)o1 1.0000000 1.0000 0.6626124 0.6626 0.7131691 4.4067
 | 14.3994 57.2847 50.9698 0.8457383 O=C1NC(CO)=COC1=C(O)C=CC=CN1CC=NCC1 1 O=C1NC=COC1=CC=CC=CN1CC=NCC1 1.0000000 1.0000 0.7517503 0.7518 0.6836913 4.4979
 | 20.1626 68.3776 45.4798 0.8895103 CCOC(=O)CC1=NNC(=C(O)C=CC=CN2CN(CCO)CC(=O)N2)C(=O)N1C 1 O=C1CNCN(C=CC=CC=C2NN=CNC2=O)N1 1.0000000 1.0000 0.7972183 0.7972 0.8040489 4.0803
 | 29.6443 70.1787 25.0004 0.7435864 CN1C(=O)C2CNC1NC(=O)C2=C(O)C=CC=CN1CC(=O)NN=C1N 1 O=C1CN(C=CC=CC=C2C(=O)NC3NCC2C(=O)N3)C=NN1 1.0000000 1.0000 0.8632071 0.8632 0.2730792 5.6378
 | 13.6927 71.4259 44.0259 0.9019671 O=C1NC(=O)C(=C(O)C=CC=CN2CCNC(=O)C2=O)C(N2CCOCC2)C(=O)N1 1 O=C1NC(=O)C(=CC=CC=CN2CCNC(=O)C2=O)C(N2CCOCC2)C(=O)N1 1.0000000 1.0000 0.8256883 0.8257 0.8134350 4.0408
 | 15.5767 71.1263 47.2056 0.9244684 CN1CCNC1=c1c(=O)[nH]c(=O)[nH]c(=O)c1=C(O)C=CC=CN1CCCNC(=O)C1 1 O=C1CN(C=CC=CC=c2c(=O)[nH]c(=O)[nH]c(=O)c2=C2NCCN2)CCCN1 1.0000000 1.0000 0.8735553 0.8736 0.8388323 3.9254
 | 14.5249 66.2540 42.7507 0.8515995 O=C1NCC(O)C(=O)NC(=O)C1=C(O)C=CC=CN1C=CC(O)=CC1 1 O=C1CCNC(=O)C(=CC=CC=CN2C=CC=CC2)C(=O)N1 1.0000000 1.0000 0.7764944 0.7765 0.6698749 4.5390
 | 12.0904 87.6316 29.4902 0.9150144 CC1CN(CCO)C(=O)CN1C=CC=CC(O)=c1c(=O)[nH]c(=O)[nH]c(=O)c1=C1C(=O)C(=O)N(CCO)C1=O 1 O=C1CN(C=CC=CC=c2c(=O)[nH]c(=O)[nH]c(=O)c2=C2C(=O)NC(=O)C2=O)CCN1 1.0000000 1.0000 0.9165473 0.9165 0.7306772 4.3498
01:57:00 <INFO> Score: 0.77 Agent NLL: 18.16 Valid: 100% Step: 436
 | Agent Prior Target Score SMILES SMILES_state Scaffold DASA DASA (raw) Solubility Solubility (raw) SA SA (raw)
 | 10.5911 46.5732 67.5467 0.8915615 CN1CCN(C=CC=CC(O)=C2C(=O)NCCN2C)CC1 1 O=C1NCCNC1=CC=CC=CN1CCNCC1 1.0000000 1.0000 0.7486703 0.7487 0.9084184 3.5053
 | 14.5786 57.3002 53.7094 0.8672624 O=C1CNCCN1C=CC=CC(O)=c1ncc(=CN2CCSCC2)[nH]c1=O 1 O=C1CNCCN1C=CC=CC=c1ncc(=CN2CCSCC2)[nH]c1=O 1.0000000 1.0000 0.7768609 0.7769 0.7365284 4.3303
 | 8.0549 57.7687 54.0989 0.8739652 NC1=NC(=C(O)C=CC=CN2CC=CCC2)C(=O)NN1CCO 1 O=C1NNC=NC1=CC=CC=CN1CC=CCC1 1.0000000 1.0000 0.7746369 0.7746 0.7707657 4.2100
 | 17.5804 63.7931 45.0146 0.8500605 CC1(C)NC(=O)C(=C(O)C=CC=CN2CCOCC2)C(=O)NC(=O)N1CC1CO1 1 O=C1NCN(CC2CO2)C(=O)NC(=O)C1=CC=CC=CN1CCOCC1 1.0000000 1.0000 0.6951485 0.6951 0.8053336 4.0750
 | 17.1789 58.0852 59.5506 0.9190302 O=C1NC(=O)C(O)COC(=O)C1=C(O)C=CC=CN(CCO)CCO 1 C=C1C(=O)NC(=O)CCOC1=O 1.0000000 1.0000 0.8795373 0.8795 0.8035934 4.0822
 | 21.4314 74.5682 35.0015 0.8560132 CN(CCO)CN1NC(=O)C(=C(O)C=CC=CN2CN(C)CC2N)N=C1N 1 O=C1NNC=NC1=CC=CC=CN1CCNC1 1.0000000 1.0000 0.8627316 0.8627 0.5724530 4.8099
 | 14.2758 71.1503 41.9646 0.8837104 CN1C(=O)C(=C(O)C=CC=CN2CCC(=O)NOC2=O)C1=C1C(=O)NC(=O)NC1=O 1 O=C1CCN(C=CC=CC=C2C(=O)NC2=C2C(=O)NC(=O)NC2=O)C(=O)ON1 1.0000000 1.0000 0.7617226 0.7617 0.8413617 3.9131
 | 21.8308 75.5847 22.8409 0.7689495 CN1C(=O)C(=C(O)C=CC=CN2CCC(O)CC2)OC(=N)C(C#N)C1=C1CC(=O)NC(=O)C1 1 N=C1CC(=C2CC(=O)NC(=O)C2)NC(=O)C(=CC=CC=CN2CCCCC2)O1 1.0000000 1.0000 0.5900071 0.5900 0.6338161 4.6426
 | 24.7405 89.5732 19.8000 0.8544785 C=C(CO)OCCN1CCN(C=C2NNC(=O)C(=C(O)C=CC=CN3CCC=N3)C(=O)N2)CC1 1 O=C1NNC(=CN2CCNCC2)NC(=O)C1=CC=CC=CN1CCC=N1 1.0000000 1.0000 0.7371031 0.7371 0.7468899 4.2951
 | 18.5648 64.1728 40.6718 0.8190983 CC(=O)N1CCCN1C=CC=CC(O)=C1C(=O)NC(=O)C(Cc2ccccc2)NC1=O 1 O=C1NC(=O)C(Cc2ccccc2)NC(=O)C1=CC=CC=CN1CCCN1 1.0000000 1.0000 0.5986903 0.5987 0.8608155 3.8130
01:57:00 <INFO> Sampled SMILES N1C(=O)C(=C(O)C=CC=CN2CCC(N)C2)C(=O)NC(NC(=CCCC)=CC#N)=N1 failed to sanitize.
01:57:01 <INFO> Score: 0.80 Agent NLL: 17.44 Valid:  99% Step: 437
 | Agent Prior Target Score SMILES SMILES_state Scaffold DASA DASA (raw) Solubility Solubility (raw) SA SA (raw)
 | 15.1434 92.9122 28.2512 0.9465890 Cn1c(=O)[nH]c(=C2C(=O)C(=O)N(CCO)C2=O)c(=C(O)C=CC=CN2CC(=O)N(CCCN)C(=O)C2=O)c1=O 1 O=C1CN(C=CC=CC=c2c(=O)[nH]c(=O)[nH]c2=C2C(=O)NC(=O)C2=O)C(=O)C(=O)N1 1.0000000 1.0000 0.9264935 0.9265 0.8567882 3.8347
 | 25.3099 80.6129 18.5252 0.7745164 CONC1C=CCCN(C=CC=CC(O)=c2ncc(=C(C)O)[nH]c2=O)C1O 1 C=c1cnc(=CC=CC=CN2CCC=CCC2)c(=O)[nH]1 1.0000000 1.0000 0.7529647 0.7530 0.4295909 5.1847
 | 12.1144 69.6318 29.8886 0.7775032 CC=C1CCN1C=CC=CC(O)=C1C(=O)NN(CC)C(C)(C)NC1=O 1 C=C1CCN1C=CC=CC=C1C(=O)NCNNC1=O 1.0000000 1.0000 0.5568019 0.5568 0.7433788 4.3071
 | 10.8574 58.0373 57.0827 0.8993754 O=C1CNC(=O)C(=C(O)C=CC=CN2CCC=CC2=O)C(=O)N1 1 O=C1CNC(=O)C(=CC=CC=CN2CCC=CC2=O)C(=O)N1 1.0000000 1.0000 0.7844676 0.7845 0.8763627 3.7242
 | 14.0197 63.8762 49.3242 0.8843782 O=C(O)C1CCN(C=CC=CC(O)=c2sc(=O)c(=C(O)CO)[nH]c2=O)CC1 1 C=c1[nH]c(=O)c(=CC=CC=CN2CCCCC2)sc1=O 1.0000000 1.0000 0.7613174 0.7613 0.8454921 3.8928
 | 19.0399 67.4858 42.5356 0.8595425 NC1=NC(=C(O)C=CC=CN2CCOCC2N2CCC(N)CC2)C(=O)NN1CCO 1 O=C1NNC=NC1=CC=CC=CN1CCOCC1N1CCCCC1 1.0000000 1.0000 0.7971174 0.7971 0.6717993 4.5334
 | 19.6944 64.8916 39.5420 0.8158871 CC=C(C)C(=O)NCCN1C(=C(O)C=CC=CN2CC[N+](C)(C)CC2)C(=O)N1C 1 O=C1NNC1=CC=CC=CN1CC[NH2+]CC1 1.0000000 1.0000 0.6202806 0.6203 0.7925534 4.1268
 | 19.0741 57.4442 49.0903 0.8323001 O=C1CC(=C(O)C=CC=CN2CCCCO2)C(=O)NC(=O)O1 1 O=C1CC(=CC=CC=CN2CCCCO2)C(=O)NC(=O)O1 1.0000000 1.0000 0.6503184 0.6503 0.8100265 4.0553
 | 14.9981 50.3331 56.7969 0.8369534 CN(C)C1CCN(C=CC=CC(O)=C2CCCNC2=O)C1=O 1 O=C1NCCCC1=CC=CC=CN1CCCC1=O 1.0000000 1.0000 0.6745098 0.6745 0.7824421 4.1662
 | 23.7335 73.1553 42.5934 0.9042872 CN1C(N)=NC(=c2sc(=C(O)C=CC=CN3CCN(CCO)C(=O)C3)c(=O)n2C)N1N 1 O=C1CN(C=CC=CC=c2sc(=C3N=CNN3)[nH]c2=O)CCN1 1.0000000 1.0000 0.8648296 0.8648 0.7602914 4.2481
01:57:01 <INFO> Sampled SMILES O=C1NC(=O)NC(=O)C(=C(O)C=CC=CN2CC[N+]=2CO)C1=C1C(=O)C(=O)N(C)C1=O failed to sanitize.
01:57:02 <INFO> Score: 0.77 Agent NLL: 17.32 Valid:  99% Step: 438
 | Agent Prior Target Score SMILES SMILES_state Scaffold DASA DASA (raw) Solubility Solubility (raw) SA SA (raw)
 | 9.3476 59.8403 55.8302 0.9036758 CC(O)=c1cnc(=C(O)C=CC=CN2CCN(CCO)CC2)c(=O)[nH]1 1 C=c1cnc(=CC=CC=CN2CCNCC2)c(=O)[nH]1 1.0000000 1.0000 0.8020880 0.8021 0.8643264 3.7937
 | 18.6796 75.5873 30.0355 0.8251782 O=C1NC(=O)C(NC2OC(CO)C(O)C(O)C2O)C(=O)NC(=O)C1=C(O)C=CC=CN1CC(O)C(O)C(O)C1 1 O=C1NC(=O)C(NC2CCCCO2)C(=O)NC(=O)C1=CC=CC=CN1CCCCC1 1.0000000 1.0000 0.9487869 0.9488 0.3997886 5.2647
 | 12.6819 79.4983 34.0358 0.8869853 C=CCN1C(=O)CN(C=CC=CC(O)=C2C(=O)NC(=O)N(CCO)C(C)(C)NC2=O)C(=O)C1=O 1 O=C1CN(C=CC=CC=C2C(=O)NCNC(=O)NC2=O)C(=O)C(=O)N1 1.0000000 1.0000 0.7643364 0.7643 0.8527331 3.8559
 | 21.6848 73.4129 29.7118 0.8056619 C=C1N=CCC(N)NC(=O)C1=C(O)C=CC=CN1CC(=O)NCC(O)C1 1 C=C1N=CCCNC(=O)C1=CC=CC=CN1CCCNC(=O)C1 1.0000000 1.0000 0.7827272 0.7827 0.4937239 5.0164
 | 25.8007 79.0589 37.0115 0.9068003 NCCCCCCC1NC(=O)C(=C(O)C=CC=CN2CC(=O)N(CN)C(=O)C2=O)C(=O)N1 1 O=C1CN(C=CC=CC=C2C(=O)NCNC2=O)C(=O)C(=O)N1 1.0000000 1.0000 0.8121642 0.8122 0.8611117 3.8114
 | 9.5754 68.5261 -68.5261 0.0000000 O=C1CN(C=CC=CC(O)=c2c(=O)[nH]c(=O)[nH]c2=C2C(=O)C(=O)N(CCO)C2=O)C(=O)CCN1 1 O=C1CN(C=CC=CC=c2c(=O)[nH]c(=O)[nH]c2=C2C(=O)NC(=O)C2=O)C(=O)CCN1 1.0000000 1.0000 0.9136569 0.9137 0.8527472 3.8559
 | 22.1363 38.6655 -38.6465 0.0001478 CC(=C1C(=O)NC(=O)C1=O)N(C)CCO 1 C=C1C(=O)NC(=O)C1=O 0.0000000 0.0000 0.8908637 0.8909 0.9525679 3.0458
 | 15.0342 69.3262 43.5541 0.8818775 O=C1C=COCC(=C(O)C=CC=CN2CC(=O)NNC2=O)C(=O)N1 1 O=C1C=COCC(=CC=CC=CN2CC(=O)NNC2=O)C(=O)N1 1.0000000 1.0000 0.7952054 0.7952 0.7718883 4.2059
 | 12.2601 55.0201 60.6981 0.9040483 O=C1CCN(C=CC=CC(O)=C2NC(CO)(CO)NC2=O)C1 1 O=C1CCN(C=CC=CC=C2NCNC2=O)C1 1.0000000 1.0000 0.8547439 0.8547 0.7749845 4.1944
 | 10.8809 77.0957 43.3778 0.9411987 CN1C(=O)C(=O)C(=c2c(=O)[nH]c(=O)[nH]c(=O)c2=C(O)C=CC=CN2C(=O)NC(=O)C2=O)C1=O 1 O=C1NC(=O)C(=c2c(=O)[nH]c(=O)[nH]c(=O)c2=CC=CC=CN2C(=O)NC(=O)C2=O)C1=O 1.0000000 1.0000 0.9191889 0.9192 0.8430797 3.9047
01:57:02 <INFO> Score: 0.76 Agent NLL: 17.32 Valid: 100% Step: 439
 | Agent Prior Target Score SMILES SMILES_state Scaffold DASA DASA (raw) Solubility Solubility (raw) SA SA (raw)
 | 12.7965 45.7860 -45.7860 0.0000000 CC1(C)NC(=O)NC(=O)C1=C(O)C=CC=CN1CCC(O)C1 1 O=C1NCC(=CC=CC=CN2CCCC2)C(=O)N1 1.0000000 1.0000 0.7029475 0.7029 0.7758718 4.1911
 | 21.1106 64.0787 31.9418 0.7501603 CC1=NC(=C(O)C=CC=CN2CCOCC2N)C(=O)NC(C)(c2ccccc2)N1 1 O=C1NC(c2ccccc2)NC=NC1=CC=CC=CN1CCOCC1 1.0000000 1.0000 0.5312880 0.5313 0.6687000 4.5425
 | 22.4895 78.6492 38.9872 0.9190342 NCCCNCCCN=C1C(=O)N(CCN)C(=O)CN1C=CC=CC(O)=C1C(=O)NCCNC1=O 1 N=C1C(=O)NC(=O)CN1C=CC=CC=C1C(=O)NCCNC1=O 1.0000000 1.0000 0.8548872 0.8549 0.8445997 3.8972
 | 18.5303 58.3866 50.0344 0.8470391 O=C1NC(=O)C2C(=O)CCN2C1=C(O)C=CC=CN1CC=NCC1 1 O=C1NC(=O)C2C(=O)CCN2C1=CC=CC=CN1CC=NCC1 1.0000000 1.0000 0.7706212 0.7706 0.6599660 4.5680
 | 19.9317 56.1428 55.1894 0.8697821 CC(C=CN1CCC(=O)CC1)=CC(O)=C1NCCNC1=O 1 O=C1CCN(C=CC=CC=C2NCCNC2=O)CC1 1.0000000 1.0000 0.7097763 0.7098 0.8758752 3.7271
 | 24.8524 70.3492 39.3629 0.8571254 CS(=O)(=O)NCC1CN(C=CC=CC(O)=C2C(=O)NC(=O)N(C(CO)C(=O)O)C2O)C(=O)O1 1 O=C1NCC(=CC=CC=CN2CCOC2=O)C(=O)N1 1.0000000 1.0000 0.8347887 0.8348 0.6105540 4.7071
 | 18.9787 66.1691 48.5755 0.8964416 C=C1C(=O)N(C=CC=CC(O)=C2C(=O)NNC(=O)NC2=O)CCN1C 1 C=C1NCCN(C=CC=CC=C2C(=O)NNC(=O)NC2=O)C1=O 1.0000000 1.0000 0.7928622 0.7929 0.8455604 3.8924
 | 7.3686 72.3259 -72.3259 0.0000000 O=C1C(=O)N(CCO)C(=O)C1=c1c(=O)[nH]c(=O)[nH]c(=O)c1=C(O)C=CC=CNCCO 1 C=c1c(=O)[nH]c(=O)[nH]c(=O)c1=C1C(=O)NC(=O)C1=O 1.0000000 1.0000 0.9393732 0.9394 0.8793766 3.7059
 | 17.1645 74.7617 29.6337 0.8155889 CCC1(C)NC(=O)C(=C(O)C=CC=CN2CCC(N)CC2)C(=O)NN(C)N1C 1 O=C1NCNNNC(=O)C1=CC=CC=CN1CCCCC1 1.0000000 1.0000 0.6668069 0.6668 0.6969861 4.4574
 | 7.3686 72.3259 -72.3259 0.0000000 O=C1C(=O)N(CCO)C(=O)C1=c1c(=O)[nH]c(=O)[nH]c(=O)c1=C(O)C=CC=CNCCO 2 C=c1c(=O)[nH]c(=O)[nH]c(=O)c1=C1C(=O)NC(=O)C1=O 0.0000000 1.0000 0.0000000 0.9394 0.0000000 3.7059
01:57:03 <INFO> Score: 0.82 Agent NLL: 18.10 Valid: 100% Step: 440
 | Agent Prior Target Score SMILES SMILES_state Scaffold DASA DASA (raw) Solubility Solubility (raw) SA SA (raw)
 | 35.1175 107.1589 -7.6968 0.7770479 CCOC(=O)N1CN(C=CC=CC(O)=C2C(=O)NC(=O)C(=C(N)[N+](=O)[O-])C(=C(C)C=C(O)N(O)C=O)C2=O)C=N1 1 C=C1C(=C)C(=O)C(=CC=CC=CN2C=NNC2)C(=O)NC1=O 1.0000000 1.0000 0.6211305 0.6211 0.6120417 4.7030
 | 27.9392 81.5155 27.8252 0.8542239 CCNC=C(C)N1CN(CCO)CN1C=CC=CC(O)=C1NNN(C)C1=O 1 O=C1NNNC1=CC=CC=CN1CNCN1 1.0000000 1.0000 0.7726771 0.7727 0.6866808 4.4888
 | 7.8400 56.4616 55.2247 0.8725487 NC1=NC(=C(O)C=CC=CN2CC=CCC2)C(=O)NN1CC(=O)O 1 O=C1NNC=NC1=CC=CC=CN1CC=CCC1 1.0000000 1.0000 0.7589967 0.7590 0.7920013 4.1290
 | 13.0059 66.4774 43.8341 0.8618081 [N-]=[N+]=NCCN1C(=O)CN(C=CC=CC(O)=C2C(=O)NCC(CO)NC2=O)C1=O 1 O=C1CN(C=CC=CC=C2C(=O)NCCNC2=O)C(=O)N1 1.0000000 1.0000 0.7818994 0.7819 0.7045169 4.4340
 | 30.1464 94.6989 21.5990 0.9085776 N=C1C(=c2c(=O)[nH]c(=O)[nH]c(=O)c2=C(O)C=CC=CN2CNCC2=O)N(CCO)C(=N)N1C(N)=O 1 N=C1NC(=N)C(=c2c(=O)[nH]c(=O)[nH]c(=O)c2=CC=CC=CN2CNCC2=O)N1 1.0000000 1.0000 0.9072930 0.9073 0.7167082 4.3953
 | 40.1360 140.0715 -39.0811 0.7889875 CN(C)C=Nn1c(=C2NC(=O)C(=C(O)C=CC=CN3CC(=O)N(CCCCN4CCOCC4)C3=O)C(=O)NC2=C(O)C=CC=CN(C)N)oc(=C2C(=O)NC(=O)NC2=O)c1=O 1 C=C1NC(=O)C(=CC=CC=CN2CC(=O)N(CCCCN3CCOCC3)C2=O)C(=O)NC1=c1[nH]c(=O)c(=C2C(=O)NC(=O)NC2=O)o1 1.0000000 1.0000 0.6898595 0.6899 0.5518066 4.8645
 | 14.9289 66.5580 43.1981 0.8574702 O=C1CN(C=CC=CC(O)=c2c(=O)[nH]c(=O)c(=CBr)[nH]c2=O)C(O)CCN1 1 C=c1[nH]c(=O)c(=CC=CC=CN2CCCNC(=O)C2)c(=O)[nH]c1=O 1.0000000 1.0000 0.8168471 0.8168 0.6355555 4.6377
 | 17.2588 65.6634 48.5488 0.8922829 O=C1NC(=O)C(O)(CO)NC1=C(O)C=CC=CN1CCC(CO)CC1 1 O=C1CNC(=CC=CC=CN2CCCCC2)C(=O)N1 1.0000000 1.0000 0.8352467 0.8352 0.7532908 4.2728
 | 15.1631 58.7081 52.1203 0.8658470 CNC1=NC(=C(O)C=CC=CN2CCOCC2CN2CCN(C)CC2)C(=O)N1 1 O=C1NC=NC1=CC=CC=CN1CCOCC1CN1CCNCC1 1.0000000 1.0000 0.7476159 0.7476 0.7809598 4.1718
 | 10.7893 57.9030 60.3473 0.9238303 O=C1CN(C=CC=CC(O)=C2C(=O)NC(=O)N2CCO)CC(=O)N1 1 O=C1CN(C=CC=CC=C2NC(=O)NC2=O)CC(=O)N1 1.0000000 1.0000 0.8505385 0.8505 0.8757790 3.7277
01:57:04 <INFO> Sampled SMILES O=C1NC(=O)C(=C(O)C=CC=CN2CCC(=O)C2)N1C(C(C)N)C1CCN(C(=O)C)(C=CCO)C1 failed to sanitize.
01:57:04 <INFO> Score: 0.76 Agent NLL: 18.49 Valid:  99% Step: 441
 | Agent Prior Target Score SMILES SMILES_state Scaffold DASA DASA (raw) Solubility Solubility (raw) SA SA (raw)
 | 16.5384 64.5726 43.9760 0.8480365 NC1COCCN1C=CC=CC(O)=C1C(=O)NC(N2CCOCC2)C(O)C1=O 1 O=C1CC(N2CCOCC2)NC(=O)C1=CC=CC=CN1CCOCC1 1.0000000 1.0000 0.8218055 0.8218 0.5933769 4.7538
 | 20.4352 61.7222 43.0114 0.8182312 CC(NC1NC(=O)C(=C(O)C=CC=CN2CCCCC2)SC1=O)C(N)=O 1 O=C1CNC(=O)C(=CC=CC=CN2CCCCC2)S1 1.0000000 1.0000 0.6791717 0.6792 0.6864911 4.4894
 | 25.4814 94.8031 6.7964 0.7937464 CC1NC(=O)C(=C(O)C=CC=CN2CCOCC2)N(C)C(=O)C1=C(O)C=CC=CN(N)CCO 1 C=C1CNC(=O)C(=CC=CC=CN2CCOCC2)NC1=O 1.0000000 1.0000 0.6518713 0.6519 0.6288484 4.6565
 | 12.8009 63.0429 44.6827 0.8416062 CN1CCCNC(=O)C1=C(O)C=CC=CN1CCC=C(O)C1=O 1 O=C1NCCCNC1=CC=CC=CN1CCC=CC1=O 1.0000000 1.0000 0.6556653 0.6557 0.8465023 3.8877
 | 16.6588 53.4250 48.7434 0.7981905 CC=C1CCCN1C=CC=CC(O)=C1C(=O)CCNC1=O 1 C=C1CCCN1C=CC=CC=C1C(=O)CCNC1=O 1.0000000 1.0000 0.5547597 0.5548 0.8587681 3.8241
 | 15.9085 76.4546 35.4088 0.8739333 O=c1[nH]c(=O)c(=C(O)C=CC=CN2CCOCC2C[N+](=O)[O-])c(=O)[nH]c1=C(O)CO 1 C=c1[nH]c(=O)c(=CC=CC=CN2CCOCC2)c(=O)[nH]c1=O 1.0000000 1.0000 0.8745010 0.8745 0.6232760 4.6720
 | 17.2139 68.7361 36.4079 0.8214370 CONC1=C(C)N(CCO)NC(=O)C1=C(O)C=CC=CN1CCC(C)CC1 1 O=C1NNC=CC1=CC=CC=CN1CCCCC1 1.0000000 1.0000 0.6029444 0.6029 0.8630377 3.8009
 | 11.0320 50.9556 60.3211 0.8693492 O=C1NCCNC1=C(O)C=CC=CN1CCC=N1 1 O=C1NCCNC1=CC=CC=CN1CCC=N1 1.0000000 1.0000 0.7688102 0.7688 0.7596025 4.2505
 | 20.9281 75.3015 32.3885 0.8413281 CC1=NC(=C(O)C=CC=CN2CNCC(=O)C2)C(=O)NC(=CCCC(=O)O)N1 1 C=C1NC=NC(=CC=CC=CN2CNCC(=O)C2)C(=O)N1 1.0000000 1.0000 0.7068129 0.7068 0.7409441 4.3154
 | 20.7159 66.8440 30.6288 0.7615057 CCCC1=NN2C(=C(O)C=CC=CN3CCC=C(N)C3)C(=O)NC2N1C 1 O=C1NC2NC=NN2C1=CC=CC=CN1CC=CCC1 1.0000000 1.0000 0.6216041 0.6216 0.5497116 4.8700
01:57:05 <INFO> Sampled SMILES O=C1NC(=O)C(=C(O)C=CC=CN2CN(C)C(N)=O)c3cc(O)ccc312 failed to sanitize.
01:57:05 <INFO> Score: 0.78 Agent NLL: 17.63 Valid:  99% Step: 442
 | Agent Prior Target Score SMILES SMILES_state Scaffold DASA DASA (raw) Solubility Solubility (raw) SA SA (raw)
 | 9.8833 57.1069 52.7122 0.8579617 NC1COCCN1C=CC=CC(O)=C1OC(=O)NNC1=O 1 O=C1NNC(=O)C(=CC=CC=CN2CCOCC2)O1 1.0000000 1.0000 0.8108014 0.8108 0.6458118 4.6087
 | 18.8273 63.3645 40.6884 0.8129131 CN1C(=O)C(=C(O)C=CC=CN2CC=CCC2N)C1(N)O 1 O=C1NCC1=CC=CC=CN1CC=CCC1 1.0000000 1.0000 0.7953052 0.7953 0.5032659 4.9915
 | 21.4889 87.4484 30.8423 0.9241467 NCCN1CCCN(C=CC=CC(O)=c2c(=O)[nH]c(=O)[nH]c(=O)c2=C2COCCN2CCO)CC1=O 1 O=C1CN(C=CC=CC=c2c(=O)[nH]c(=O)[nH]c(=O)c2=C2COCCN2)CCCN1 1.0000000 1.0000 0.8776742 0.8777 0.8304366 3.9650
 | 15.0755 68.8487 45.4303 0.8928048 O=C1NC(=O)C(=CC=C2CC(=O)C(=C(O)C=CC=CN3CC(=O)N(CCO)CC3=O)C(=O)N2)C(=O)N1 1 O=C1CN(C=CC=CC=C2C(=O)CC(=CC=C3C(=O)NC(=O)NC3=O)NC2=O)C(=O)CN1 1.0000000 1.0000 0.7979081 0.7979 0.8185671 4.0185
 | 22.0905 89.7224 13.9042 0.8095828 C=C(CO)N1N=C(C)C(=c2cnc(=C(O)C=CC=CN3CCC=C(C)C3)c(=O)[nH]2)C1=O 1 O=C1NN=CC1=c1cnc(=CC=CC=CN2CC=CCC2)c(=O)[nH]1 1.0000000 1.0000 0.6629426 0.6629 0.6773121 4.5170
 | 19.1576 66.9996 51.2456 0.9237904 O=c1[nH]c(=O)c(=C(O)C=CC=CN(O)CCO)n(CCO)c1=CN1CCOCC1 1 C=c1[nH]c(=CN2CCOCC2)c(=O)[nH]c1=O 1.0000000 1.0000 0.8809686 0.8810 0.8233412 3.9973
 | 16.5842 76.2569 37.3930 0.8878899 COCCNC1=NC(=C(O)C=CC=CN2CC(=O)NCC(O)CN2)C(=O)NC1=O 1 O=C1C=NC(=CC=CC=CN2CC(=O)NCCCN2)C(=O)N1 1.0000000 1.0000 0.8659859 0.8660 0.6890352 4.4817
 | 17.1658 75.0116 38.8106 0.8892357 O=C1CN(C=CC=CC(O)=C2NCCC(NC(=O)OCCO)C(=O)NC2=O)CCCN1 1 O=C1CN(C=CC=CC=C2NCCCC(=O)NC2=O)CCCN1 1.0000000 1.0000 0.7994467 0.7994 0.7988349 4.1016
 | 21.4492 79.0539 37.8112 0.9130091 CC1=CC(=O)NC(=O)C(=C(O)C=CC=CN2CC(=O)N(CCCNCCN)CC2=O)C(=O)N1 1 O=C1C=CNC(=O)C(=CC=CC=CN2CC(=O)NCC2=O)C(=O)N1 1.0000000 1.0000 0.8175484 0.8175 0.8822584 3.6880
 | 22.7133 71.3484 27.7230 0.7739951 CC(C)COC(=O)NCCCC=NC1NC(=O)C(=C(O)C=CC=CN2CCC(O)CC2)N1 1 O=C1NCNC1=CC=CC=CN1CCCCC1 1.0000000 1.0000 0.5505409 0.5505 0.7404469 4.3171
01:57:06 <INFO> Sampled SMILES N1C(=O)C(=C(O)C=CC=CN2CCC(N)CC2)NC=N1C(C)C failed to sanitize.
01:57:06 <INFO> Score: 0.77 Agent NLL: 16.78 Valid:  99% Step: 443
 | Agent Prior Target Score SMILES SMILES_state Scaffold DASA DASA (raw) Solubility Solubility (raw) SA SA (raw)
 | 16.7765 73.3457 44.6673 0.9219766 CC1=CC(=O)C(=O)C(=c2c(=O)[nH]c(=O)[nH]c(=O)c2=C(O)C=CC=CN2CCNCC2=O)C1=O 1 O=C1C=CC(=O)C(=c2c(=O)[nH]c(=O)[nH]c(=O)c2=CC=CC=CN2CCNCC2=O)C1=O 1.0000000 1.0000 0.8657714 0.8658 0.8400860 3.9193
 | 17.7244 71.6986 41.2979 0.8827853 O=c1[nH]c(=O)c(=C(O)C=CC=CN2CCC(CO)CC2)c(=O)[nH]c1=CN1CCOC(CO)C1 1 O=c1[nH]c(=O)c(=CC=CC=CN2CCCCC2)c(=O)[nH]c1=CN1CCOCC1 1.0000000 1.0000 0.8333610 0.8334 0.7149593 4.4009
 | 18.0161 57.7921 49.5731 0.8387903 O=C1NC(=N[N+](=O)[O-])SSC1=C(O)C=CC=CN1CCN(CCO)CC1 1 N=C1NC(=O)C(=CC=CC=CN2CCNCC2)SS1 1.0000000 1.0000 0.6633899 0.6634 0.8148633 4.0346
 | 11.9029 61.3585 46.9049 0.8458082 O=C1CCN(C=CC=CC(O)=C2N=CCCNC2=O)O1 1 O=C1CCN(C=CC=CC=C2N=CCCNC2=O)O1 1.0000000 1.0000 0.7211986 0.7212 0.7354978 4.3338
 | 14.7288 51.6601 56.7113 0.8466517 CCC(C)N1C(=O)NC(=O)C1=C(O)C=CC=CN1CCNC(=O)C1 1 O=C1CN(C=CC=CC=C2NC(=O)NC2=O)CCN1 1.0000000 1.0000 0.6938502 0.6939 0.7911066 4.1325
 | 21.2697 86.6394 12.6173 0.7754429 CCC(O)C1NC(=O)C(=C(O)C=CC=CN2CCC=C(C)N2)C(=O)NC1N 1 O=C1NCCNC(=O)C1=CC=CC=CN1CCC=CN1 1.0000000 1.0000 0.7434383 0.7434 0.4420363 5.1517
 | 15.8220 49.2288 66.5473 0.9045002 CCC1NC(=O)C(=C(O)C=CC=CN)C(=O)NC1=O 1 C=C1C(=O)NCC(=O)NC1=O 1.0000000 1.0000 0.8179447 0.8179 0.8392251 3.9235
 | 22.4968 78.0041 28.1550 0.8293676 CNC1NC(=O)C(=C(O)C=CC=CN2CC=C(O)C(O)C2)C(=O)NN1CC(=O)O 1 O=C1NCNNC(=O)C1=CC=CC=CN1CC=CCC1 1.0000000 1.0000 0.8344081 0.8344 0.5140551 4.9634
 | 11.1247 51.1112 56.4251 0.8401270 O=C1NCCCOC(=O)C1=C(O)C=CC=CN1CC=CCC1 1 O=C1NCCCOC(=O)C1=CC=CC=CN1CC=CCC1 1.0000000 1.0000 0.6406514 0.6407 0.8734190 3.7417
 | 11.2845 75.2220 -75.2220 0.0000000 O=C(O)CNC=CC=CC(O)=c1c(=O)[nH]c(=O)[nH]c(=O)c1=C1C(=O)C(=O)N(CCO)C1=O 1 C=c1c(=O)[nH]c(=O)[nH]c(=O)c1=C1C(=O)NC(=O)C1=O 1.0000000 1.0000 0.9340312 0.9340 0.8845528 3.6735
01:57:07 <INFO> Score: 0.78 Agent NLL: 16.63 Valid: 100% Step: 444
 | Agent Prior Target Score SMILES SMILES_state Scaffold DASA DASA (raw) Solubility Solubility (raw) SA SA (raw)
 | 31.1496 95.2675 4.5247 0.7796270 CN1C(=O)C(=C(O)C=CC=CN2CC=CCCCN2)C(=O)NC(C(N)=O)C1=C1NCCCC1O 1 O=C1NCC(=C2CCCCN2)NC(=O)C1=CC=CC=CN1CC=CCCCN1 1.0000000 1.0000 0.6862370 0.6862 0.5230899 4.9398
 | 11.5737 52.7121 60.3109 0.8829922 CC(C)=c1cnc(=C(O)C=CC=CN2CCNC(=O)C2)c(=O)[nH]1 1 C=c1cnc(=CC=CC=CN2CCNC(=O)C2)c(=O)[nH]1 1.0000000 1.0000 0.7861248 0.7861 0.7927996 4.1258
 | 12.9831 54.3686 -54.3686 0.0000000 O=C1CN(C=CC=CC(O)=C2CC(=O)NC(=O)NC2=O)CCCN1 1 O=C1CN(C=CC=CC=C2CC(=O)NC(=O)NC2=O)CCCN1 1.0000000 1.0000 0.7727081 0.7727 0.8869706 3.6579
 | 13.3418 63.6274 43.9623 0.8405449 CCC1(C)NNC(=O)C(=C(O)C=CC=CN2CCC(N)CC2)C(=O)N1 1 O=C1NCNNC(=O)C1=CC=CC=CN1CCCCC1 1.0000000 1.0000 0.7144298 0.7144 0.7236281 4.3730
 | 17.5349 65.1918 44.8579 0.8597633 CC(OC(N)=O)C1NC(=O)C(=C(O)C=CC=CN2CCCNC(=O)C2)NC1=O 1 O=C1CN(C=CC=CC=C2NC(=O)CNC2=O)CCCN1 1.0000000 1.0000 0.7959084 0.7959 0.6744952 4.5254
 | 14.0185 51.3902 60.9731 0.8778387 CCN1NC(=O)C(=C(O)C=CC=CN2CCCC2=O)N=C1N 1 O=C1NNC=NC1=CC=CC=CN1CCCC1=O 1.0000000 1.0000 0.7475659 0.7476 0.8395384 3.9220
 | 24.0069 66.0201 32.7563 0.7716911 O=C1CN(C=CC=CC(O)=C2C(=O)NC(=O)NC(=O)C2Sc2ccccc2Br)C(=O)C(=O)N1 1 O=C1CN(C=CC=CC=C2C(=O)NC(=O)NC(=O)C2Sc2ccccc2)C(=O)C(=O)N1 1.0000000 1.0000 0.5217430 0.5217 0.8008097 4.0936
 | 11.6954 50.7874 62.2508 0.8831104 O=C1NC(=O)C(=C(O)C=CC=CN2CCC(CO)CC2)C(O)N1 1 O=C1NCC(=CC=CC=CN2CCCCC2)C(=O)N1 1.0000000 1.0000 0.7662049 0.7662 0.8298032 3.9680
 | 14.3711 63.7910 38.8132 0.8015956 CC1(C)NC(=O)C(=C(O)C=CC=CN2C=CC=CCC2)C(=O)NN1O 1 O=C1NCNNC(=O)C1=CC=CC=CN1C=CC=CCC1 1.0000000 1.0000 0.6054357 0.6054 0.7536094 4.2717
 | 11.2867 67.5932 41.8647 0.8551401 NCC1NC(=O)C(=C(O)C=CC=CN2CCOCC2CN)C(=O)NC1O 1 O=C1NCCNC(=O)C1=CC=CC=CN1CCOCC1 1.0000000 1.0000 0.8787765 0.8788 0.5513260 4.8658
01:57:08 <INFO> Score: 0.75 Agent NLL: 17.62 Valid: 100% Step: 445
 | Agent Prior Target Score SMILES SMILES_state Scaffold DASA DASA (raw) Solubility Solubility (raw) SA SA (raw)
 | 17.7285 71.8661 36.1926 0.8442086 CC1=NN(CCO)C(=C(O)C=CC=CN2CCC(N)C2)C(=O)NC1C(=O)O 1 O=C1NCC=NNC1=CC=CC=CN1CCCC1 1.0000000 1.0000 0.7872033 0.7872 0.6247541 4.6679
 | 13.2036 65.9142 50.2391 0.9074475 O=C1CN(C=CC=CC(O)=c2ncc(=CN3CCOCC3)c(=O)[nH]c2=O)CCN1 1 O=C1CN(C=CC=CC=c2ncc(=CN3CCOCC3)c(=O)[nH]c2=O)CCN1 1.0000000 1.0000 0.8479901 0.8480 0.8014547 4.0910
 | 21.6352 77.4752 35.9031 0.8857679 CN1C(=O)C(=O)C(=c2[nH][nH]c(=O)c2=C(O)C=CC=CN2CCNC(CO)C2=N)C1=O 1 N=C1CNCCN1C=CC=CC=c1c(=O)[nH][nH]c1=C1C(=O)NC(=O)C1=O 1.0000000 1.0000 0.8886465 0.8886 0.6503602 4.5957
 | 12.9164 61.9451 52.7251 0.8958604 CN1C(=O)C(=C(O)C=CC=CN2CCC(N)CC2)N(CCO)N=C1N 1 O=C1NC=NNC1=CC=CC=CN1CCCCC1 1.0000000 1.0000 0.7896013 0.7896 0.8487857 3.8762
 | 21.9574 75.2879 37.2520 0.8792179 O=C1NC(=C(O)OCO)C(=O)C1=C(O)C=CC=CN1CC=C(CO)C1 1 C=C1NC(=O)C(=CC=CC=CN2CC=CC2)C1=O 1.0000000 1.0000 0.7793082 0.7793 0.7870741 4.1483
 | 18.3745 59.1163 53.9560 0.8833771 CN1CCN(C=c2[nH]c(=O)c(=C(O)C=CC=CN3CCCN(C)C3)c(=O)o2)CC1 1 O=c1[nH]c(=CN2CCNCC2)oc(=O)c1=CC=CC=CN1CCCNC1 1.0000000 1.0000 0.7744719 0.7745 0.8156562 4.0312
 | 12.0067 81.3837 39.8395 0.9470568 NCCCN1C(=O)CN(C=CC=CC(O)=c2c(=O)[nH]c(=O)[nH]c2=C2C(=O)C(=O)N(CCO)C2=O)C(=O)C1=O 1 O=C1CN(C=CC=CC=c2c(=O)[nH]c(=O)[nH]c2=C2C(=O)NC(=O)C2=O)C(=O)C(=O)N1 1.0000000 1.0000 0.9303590 0.9304 0.8527774 3.8557
 | 30.2844 85.8571 7.9942 0.7332132 COCCNC=CC=CC(O)=C1C(=O)NC(=O)NC(=O)C12NC21CC(O)NC1=O 1 C=C1C(=O)NC(=O)NC(=O)C12NC21CCNC1=O 1.0000000 1.0000 0.8675671 0.8676 0.2514366 5.7107
 | 17.7460 63.3078 39.0945 0.8000184 CN1C(=O)C(=C(O)C=CC=CN2C=CC(O)=CC2)NC(C)(C)C1=O 1 O=C1CNC(=CC=CC=CN2C=CC=CC2)C(=O)N1 1.0000000 1.0000 0.5893960 0.5894 0.7817398 4.1689
 | 11.9472 52.9768 -52.9768 0.0000000 O=C1CC(=C(O)C=CC=CNCCF)C(=O)NC(=O)N1 1 C=C1CC(=O)NC(=O)NC1=O 1.0000000 1.0000 0.7643960 0.7644 0.8703691 3.7595
01:57:09 <INFO> Score: 0.73 Agent NLL: 17.29 Valid: 100% Step: 446
 | Agent Prior Target Score SMILES SMILES_state Scaffold DASA DASA (raw) Solubility Solubility (raw) SA SA (raw)
 | 10.7379 78.5514 42.5491 0.9460978 NC=CC=CC(O)=c1c(=O)[nH]c(=O)[nH]c(=O)c1=C1CN(CCO)C(=O)C1=O 1 C=c1c(=O)[nH]c(=O)[nH]c(=O)c1=C1CNC(=O)C1=O 1.0000000 1.0000 0.9229761 0.9230 0.8601634 3.8166
 | 24.4289 75.7803 14.0629 0.7019001 CN1C(=O)C(=C(O)C=CC=CN2CC(=O)NCC=C2O)C2=NOC(C)(c3ccccc3)C21 1 O=C1CN(C=CC=CC=C2C(=O)NC3C2=NOC3c2ccccc2)C=CCN1 1.0000000 1.0000 0.4574293 0.4574 0.6128840 4.7007
 | 10.9921 53.3671 54.6595 0.8439583 NC1CCN(C=CC=CC(O)=C2N=CCCNC2=O)C1 1 O=C1NCCC=NC1=CC=CC=CN1CCCC1 1.0000000 1.0000 0.7333251 0.7333 0.7061815 4.4287
 | 19.6302 57.2040 52.1162 0.8540644 O=C1CC(=C(O)C=CC=CN(CCO)Cc2ccccc2)C(=O)NN1 1 O=C1CC(=CC=CC=CNCc2ccccc2)C(=O)NN1 1.0000000 1.0000 0.6521910 0.6522 0.9229321 3.3826
 | 13.2141 60.9607 -60.9607 0.0000000 CCCCCCCCN1NC(=O)C(=C(O)C=CC=CN2CC(=O)N(CCO)CC2=O)N=C1N 1 O=C1CN(C=CC=CC=C2N=CNNC2=O)C(=O)CN1 1.0000000 1.0000 0.6639442 0.6639 0.8614730 3.8094
 | 24.1414 65.7022 31.0299 0.7557196 CC1=C(C)C(C)C2NC(=O)C(=C(O)C=CC=CN3CCOCC3CN)C(=O)N2C1 1 O=C1NC2CC=CCN2C(=O)C1=CC=CC=CN1CCOCC1 1.0000000 1.0000 0.6173196 0.6173 0.5345654 4.9098
 | 10.0287 60.5746 53.3365 0.8899307 CC1C(=O)NC(=O)C(=C(O)C=CC=CN2CC(=O)NC(=O)C2=O)C(=O)NC1O 1 O=C1CN(C=CC=CC=C2C(=O)NCCC(=O)NC2=O)C(=O)C(=O)N1 1.0000000 1.0000 0.8739942 0.8740 0.6862463 4.4902
 | 15.2895 67.4936 32.4319 0.7806684 CC=C1CNC(=O)C(=C(O)C=CC=CN2C=CC=CCC2)C(=O)N1 1 C=C1CNC(=O)C(=CC=CC=CN2C=CC=CCC2)C(=O)N1 1.0000000 1.0000 0.5499797 0.5500 0.7759666 4.1907
 | 16.2989 61.7160 33.1666 0.7412703 O=C1NC(=NCCO)SSSC1=C(O)C=CC=CN1CCC(CO)CC1 1 N=C1NC(=O)C(=CC=CC=CN2CCCCC2)SSS1 1.0000000 1.0000 0.4751682 0.4752 0.7636498 4.2360
 | 13.6396 41.8859 -41.8859 0.0000000 O=C1CN(C=CC=CC(O)=C2C(=O)Nc3ccccc32)CCN1 1 O=C1CN(C=CC=CC=C2C(=O)Nc3ccccc32)CCN1 1.0000000 1.0000 0.5877791 0.5878 0.9404282 3.2026
01:57:09 <INFO> Score: 0.78 Agent NLL: 16.18 Valid: 100% Step: 447
 | Agent Prior Target Score SMILES SMILES_state Scaffold DASA DASA (raw) Solubility Solubility (raw) SA SA (raw)
 | 16.2023 60.5750 47.5554 0.8447684 C=c1oc(=O)[nH]c(=O)c1=C(O)C=CC=CN1CC=C(O)C(O)C1 1 C=c1oc(=O)[nH]c(=O)c1=CC=CC=CN1CC=CCC1 1.0000000 1.0000 0.8171776 0.8172 0.5872445 4.7703
 | 13.4182 69.2416 42.8769 0.8759256 CC(O)=c1c(=O)[nH]c(=O)c(=C(O)C=CC=CN2CCC(O)C2)n1C 1 C=c1[nH]c(=CC=CC=CN2CCCC2)c(=O)[nH]c1=O 1.0000000 1.0000 0.8112392 0.8112 0.7193532 4.3868
 | 12.6164 75.4796 44.8029 0.9397066 O=C1C(=O)N(C2CC2)C1=c1c(=O)[nH]c(=O)[nH]c(=O)c1=C(O)C=CC=CNCCO 1 C=c1c(=O)[nH]c(=O)[nH]c(=O)c1=C1C(=O)C(=O)N1C1CC1 1.0000000 1.0000 0.8976376 0.8976 0.8715305 3.7528
 | 9.6816 68.0094 -68.0094 0.0000000 NCCNC=CC=CC(O)=c1c(=O)[nH]c(=O)[nH]c1=C1C(=O)C(=O)N(CCO)C1=O 1 C=c1c(=O)[nH]c(=O)[nH]c1=C1C(=O)NC(=O)C1=O 1.0000000 1.0000 0.9320616 0.9321 0.8736755 3.7402
 | 9.1948 57.5389 -57.5389 0.0000000 CC1(C)NC(=C(O)C=CC=CN2CC(=O)NCCC2=O)C(=O)NC1=O 1 O=C1CN(C=CC=CC=C2NCC(=O)NC2=O)C(=O)CCN1 1.0000000 1.0000 0.7808766 0.7809 0.8586894 3.8245
 | 10.9944 50.5886 -50.5886 0.0000000 CN(O)C=CC=CC(O)=C1C(=O)NC(=O)NC(=O)N1CCO 1 C=C1NC(=O)NC(=O)NC1=O 1.0000000 1.0000 0.8020538 0.8021 0.8723910 3.7478
 | 17.4635 72.8876 36.4712 0.8543659 CC1=C2C(=O)NC(=O)C(CO)N2C(=O)CN1C=CC=CC(O)=C1C(=O)N(C)C1CO 1 O=C1CN2C(=O)CN(C=CC=CC=C3CNC3=O)C=C2C(=O)N1 1.0000000 1.0000 0.8207057 0.8207 0.6184469 4.6854
 | 28.6419 83.0260 29.9918 0.8829516 CN1NC(=O)C(=C(O)C=CC=CN2CCCN(CCCN)C2)C(=O)CC1(CO)C(=O)NCCO 1 O=C1CCNNC(=O)C1=CC=CC=CN1CCCNC1 1.0000000 1.0000 0.8235522 0.8236 0.7306495 4.3499
 | 15.2900 55.5087 56.4781 0.8748967 CC(=O)NC1COCCN1C=CC=CC(O)=C1C(=O)NN=C1N 1 O=C1NN=CC1=CC=CC=CN1CCOCC1 1.0000000 1.0000 0.8118222 0.8118 0.7140299 4.4039
 | 24.1593 114.5895 -12.8381 0.7949325 CN1C(=C(O)C=CC=CN2CC(=O)N2CCCO)C(=O)NC(=O)C(=C(O)C=CC=CN2CC(=O)NNC2=O)C1O 1 O=C1CN(C=CC=CC=C2CNC(=CC=CC=CN3CC(=O)N3)C(=O)NC2=O)C(=O)NN1 1.0000000 1.0000 0.7596494 0.7596 0.4849097 5.0393
01:57:10 <INFO> Sampled SMILES N1C(=O)C(=C(O)C=CC=CN2CCC2=C(O)O)C(=O)NC(C)1(NC(=O)C1OCC(N)CO1)N failed to sanitize.
01:57:10 <INFO> Score: 0.76 Agent NLL: 17.95 Valid:  98% Step: 448
 | Agent Prior Target Score SMILES SMILES_state Scaffold DASA DASA (raw) Solubility Solubility (raw) SA SA (raw)
 | 17.0821 82.7803 29.8395 0.8798428 NC1=NC(=C(O)C=CC=CN2CC(=O)NCC(N)C2)C(=O)NC(=O)N1CCCCO 1 O=C1CN(C=CC=CC=C2N=CNC(=O)NC2=O)CCCN1 1.0000000 1.0000 0.8233224 0.8233 0.7175947 4.3925
 | 13.8578 58.3989 52.5085 0.8664639 CN1CCNC(=O)C1=C(O)C=CC=CN1CCOCC1=CCO 1 C=C1COCCN1C=CC=CC=C1NCCNC1=O 1.0000000 1.0000 0.7396109 0.7396 0.7987928 4.1018
 | 20.5440 72.8175 26.0642 0.7725132 O=C1CCN(C=CC=CC(O)=C2SSC(N=C3NCCN3)C(=O)NC2=O)C1 1 O=C1CCN(C=CC=CC=C2SSC(N=C3NCCN3)C(=O)NC2=O)C1 1.0000000 1.0000 0.6842977 0.6843 0.5009878 4.9974
 | 15.5478 74.0622 45.7251 0.9358384 Cn1c(=O)c(=C(O)C=CC=CN2C(=O)CNC(=O)C2=O)n(CCO)c1=C1C(=O)NC(=O)NC1=O 1 O=C1NC(=O)C(=c2[nH]c(=O)c(=CC=CC=CN3C(=O)CNC(=O)C3=O)[nH]2)C(=O)N1 1.0000000 1.0000 0.9237801 0.9238 0.8110723 4.0509
 | 14.3778 58.0392 58.4277 0.9098973 O=C1CCN(C=CC=CC(O)=C2CNC(=O)C(=O)NC2=O)C1 1 O=C1CCN(C=CC=CC=C2CNC(=O)C(=O)NC2=O)C1 1.0000000 1.0000 0.8236697 0.8237 0.8553464 3.8423
 | 13.6616 44.2900 59.7743 0.8130020 O=C1Nc2ccccc2C(=O)C1=C(O)C=CC=CN1CCNCC1 1 O=C1Nc2ccccc2C(=O)C1=CC=CC=CN1CCNCC1 1.0000000 1.0000 0.5539963 0.5540 0.9480778 3.1078
 | 21.4650 92.2087 7.0341 0.7753347 Cn1c(=C(O)C=CC=CN2CCC=CC2=O)[nH]c(=C(O)C=CC=CN2CCOCC2N)c1=O 1 O=C1C=CCCN1C=CC=CC=c1[nH]c(=O)c(=CC=CC=CN2CCOCC2)[nH]1 1.0000000 1.0000 0.6876696 0.6877 0.5062952 4.9836
 | 25.3020 74.8529 17.4321 0.7209770 CC(C)=C1CCCN1C=CC=CC(O)=C1C(=O)NC(=O)OC(C)(C(C)O)NC1=O 1 C=C1CCCN1C=CC=CC=C1C(=O)NCOC(=O)NC1=O 1.0000000 1.0000 0.5087351 0.5087 0.5857699 4.7743
 | 20.0749 84.2986 26.0585 0.8621655 C=C1CN(CCO)CCN1C=CC=CC(O)=C1NC=NC(=C(O)CO)NC1=O 1 C=C1N=CNC(=CC=CC=CN2CCNCC2=C)C(=O)N1 1.0000000 1.0000 0.7586210 0.7586 0.7444014 4.3036
 | 11.9116 51.6484 -51.6484 0.0000000 CN1CCN(C=CC=CC(O)=C2C(=O)NNC(C)(C)NC2=O)CC1 1 O=C1NCNNC(=O)C1=CC=CC=CN1CCNCC1 1.0000000 1.0000 0.7608961 0.7609 0.8634772 3.7984
01:57:11 <INFO> Score: 0.80 Agent NLL: 18.03 Valid: 100% Step: 449
 | Agent Prior Target Score SMILES SMILES_state Scaffold DASA DASA (raw) Solubility Solubility (raw) SA SA (raw)
 | 21.1058 77.2653 22.6372 0.7804884 CC1=CCN(C=CC=CC(O)=C2C(=O)N(C)N(C(CCC(=O)O)C(=O)O)C2=O)C(N2CCOCC2)=C1[N+](=O)[O-] 1 O=C1NNC(=O)C1=CC=CC=CN1CC=CC=C1N1CCOCC1 1.0000000 1.0000 0.5893624 0.5894 0.6866805 4.4888
 | 21.3913 74.4223 24.4212 0.7722150 CCN1C(=CC=C2C(=O)NC(=O)NC2=O)NC(=O)C(=C(O)C=CC=CN2CCOC(C)(C)O2)N=C1C 1 O=C1NC(=O)C(=CC=C2NC=NC(=CC=CC=CN3CCOCO3)C(=O)N2)C(=O)N1 1.0000000 1.0000 0.5471559 0.5472 0.7394881 4.3203
 | 23.8939 69.8277 38.6128 0.8471910 O=C1NC(=O)C(=C(O)C=CC=CN2CCN(CCC=CO)C2)C(O)N1 1 O=C1NCC(=CC=CC=CN2CCNC2)C(=O)N1 1.0000000 1.0000 0.7370523 0.7371 0.7141346 4.4036
 | 19.6528 66.1286 26.2052 0.7213573 CN1C(=O)NC2NNC(=O)C1=C(O)C=CC=CN2CC(O)CO 1 O=C1NC2=CC=CC=CNC(NNC2=O)N1 1.0000000 1.0000 0.8591927 0.8592 0.2347639 5.7697
 | 22.6002 73.2897 27.5398 0.7877308 CCCCC(C)OC1=NC(=O)C=NC(=C(O)C=CC=CN2CC(=O)NCCC2=O)C(=O)N1 1 O=C1C=NC(=CC=CC=CN2CC(=O)NCCC2=O)C(=O)NC=N1 1.0000000 1.0000 0.6034321 0.6034 0.6916457 4.4737
 | 22.7981 78.2074 33.7956 0.8750234 CC(=O)NC1COCCN1C=CC=CC(O)=C1C(=O)NC(=O)N(CC(=O)OCCO)C(O)NC1=O 1 O=C1NCNC(=O)C(=CC=CC=CN2CCOCC2)C(=O)N1 1.0000000 1.0000 0.8472530 0.8473 0.6631018 4.5589
 | 11.9837 64.0009 54.9840 0.9295696 NCCN1C(=O)CN(C=CC=CC(O)=C2C(=O)NC(=O)N=C2N)C(=O)C1=O 1 O=C1CN(C=CC=CC=C2C=NC(=O)NC2=O)C(=O)C(=O)N1 1.0000000 1.0000 0.8655704 0.8656 0.8774066 3.7179
 | 12.9646 63.8795 32.1807 0.7504698 C=C1CCN1C=CC=CC(O)=C1C(=O)NC(=CBr)COC1=O 1 C=C1COC(=O)C(=CC=CC=CN2CCC2=C)C(=O)N1 1.0000000 1.0000 0.4937182 0.4937 0.7619229 4.2422
 | 15.6686 71.4127 38.2662 0.8568664 CC(C=CN1CCCCCC1)=CC(O)=c1c(=O)[nH]c(=O)[nH]c(=O)c1=C1C(=O)ON=C1C 1 O=C1ON=CC1=c1c(=O)[nH]c(=O)[nH]c(=O)c1=CC=CC=CN1CCCCCC1 1.0000000 1.0000 0.6841374 0.6841 0.8635608 3.7980
 | 16.9736 73.7714 41.9262 0.9038873 NC1=NC(=C(O)C=CC=CN2CC(=O)O2)C(=O)NN1CC(=O)O 1 O=C1CN(C=CC=CC=C2N=CNNC2=O)O1 1.0000000 1.0000 0.8558747 0.8559 0.7724708 4.2037
01:57:12 <INFO> Sampled SMILES N1C(=O)C(=C(O)C=CC=CN2CCC(=O)OC2)NC12N=C(C)C(=C1C(O)C(=O)N(C)C1=N)=C2Cl failed to sanitize.
01:57:12 <INFO> Score: 0.76 Agent NLL: 17.34 Valid:  99% Step: 450
 | Agent Prior Target Score SMILES SMILES_state Scaffold DASA DASA (raw) Solubility Solubility (raw) SA SA (raw)
 | 39.4830 98.3640 -22.6200 0.5917504 CCOC(O)=C1C(=C(O)C=CC=CN2CC(=O)N3NC(=CC=CCO)C2C3C=CC=CC=O)C(=O)N1C 1 C=C1NC(=O)C1=CC=CC=CN1CC(=O)N2CC1C(=C)N2 1.0000000 1.0000 0.5364207 0.5364 0.1892748 5.9477
 | 17.3369 65.9666 45.5459 0.8711916 NCC1COCCN1C=CC=CC(O)=C1OCCN(CC(=O)O)NC1=O 1 O=C1NNCCOC1=CC=CC=CN1CCOCC1 1.0000000 1.0000 0.8051769 0.8052 0.7084140 4.4217
 | 14.9726 65.6117 37.2055 0.8032593 CC1(C)NC(=O)C(=C(O)C=CC=CN2CC=CCC2N)C(=O)NC1O 1 O=C1NCCNC(=O)C1=CC=CC=CN1CC=CCC1 1.0000000 1.0000 0.7406647 0.7407 0.5353710 4.9077
 | 25.3811 69.3690 -69.3690 0.0000000 C=c1c(=O)[nH]c(=O)[nH]c(=O)c1=C(O)C=CC=C(O)NCCCCN=C(N)N 1 C=c1c(=O)[nH]c(=O)[nH]c(=O)c1=C 1.0000000 1.0000 0.8879535 0.8880 0.8772844 3.7186
 | 12.8248 63.0066 57.3270 0.9401069 CN1C(=O)C(=O)NC(=O)C1=c1[nH]c(=O)[nH]c(=O)c1=C(O)C=CC=CN 1 C=c1c(=O)[nH]c(=O)[nH]c1=C1NC(=O)C(=O)NC1=O 1.0000000 1.0000 0.9167297 0.9167 0.8418955 3.9105
 | 17.5609 76.4583 31.5412 0.8437461 CN1C(=O)C(=C(O)C=CC=CN2C=CCC2)C(=C2CC(=O)NC(=O)N2CCO)C1=O 1 O=C1CC(=C2C(=O)NC(=O)C2=CC=CC=CN2C=CCC2)NC(=O)N1 1.0000000 1.0000 0.6658273 0.6658 0.8350815 3.9433
 | 16.9055 54.5304 53.4096 0.8432815 COC1=C(Cl)C(=O)C(=C(O)C=CC=CN2CCCNCC2)C(=O)N1 1 O=C1C=CNC(=O)C1=CC=CC=CN1CCCNCC1 1.0000000 1.0000 0.6418002 0.6418 0.8879859 3.6513
 | 9.8519 62.6817 50.0799 0.8809500 CC1(C)NC(=O)C(=C(O)C=CC=CN2CCC(N)CC2)C(=O)NN1CO 1 O=C1NCNNC(=O)C1=CC=CC=CN1CCCCC1 1.0000000 1.0000 0.7599873 0.7600 0.8309658 3.9626
 | 15.5263 59.5549 55.8368 0.9014982 C=c1n(C)c(=O)c(=C(O)C=CC=CN2CCN=C2N)n1C 1 C=c1[nH]c(=O)c(=CC=CC=CN2C=NCC2)[nH]1 1.0000000 1.0000 0.8402446 0.8402 0.7867839 4.1494
 | 15.4918 39.0732 -39.0560 0.0001347 CC(=CC(O)=C1SC(=O)NC1=O)N1CCOCC1 1 O=C1NC(=O)C(=CC=CN2CCOCC2)S1 0.0000000 0.0000 0.6807599 0.6808 0.9371581 3.2397
01:57:13 <INFO> Score: 0.78 Agent NLL: 17.54 Valid:  99% Step: 451
 | Agent Prior Target Score SMILES SMILES_state Scaffold DASA DASA (raw) Solubility Solubility (raw) SA SA (raw)
 | 21.8251 74.5250 30.9194 0.8237849 CN(C)C1C(=O)C=C(NC2C(=O)NC(=C(O)C=CC=CN3CCCNC3=O)C2=O)C1=O 1 O=C1C=C(NC2C(=O)NC(=CC=CC=CN3CCCNC3=O)C2=O)C(=O)C1 1.0000000 1.0000 0.7724936 0.7725 0.5678147 4.8222
 | 9.3037 81.0996 -81.0996 0.0000000 O=C1CN(C=CC=CC(O)=c2c(=O)[nH]c(=O)[nH]c(=O)c2=C2C(=O)C(=O)N(CCO)C2=O)C(=O)CCN1 1 O=C1CN(C=CC=CC=c2c(=O)[nH]c(=O)[nH]c(=O)c2=C2C(=O)NC(=O)C2=O)C(=O)CCN1 1.0000000 1.0000 0.9239686 0.9240 0.8515975 3.8618
 | 10.5593 75.3384 45.2280 0.9419254 CN1CCN(C=CC=CC(O)=c2c(=O)[nH]c(=O)[nH]c(=O)c2=C2C(=O)C(=O)N2CCO)CC1 1 O=C1NC(=c2c(=O)[nH]c(=O)[nH]c(=O)c2=CC=CC=CN2CCNCC2)C1=O 1.0000000 1.0000 0.8977878 0.8978 0.8821302 3.6888
 | 24.9115 73.4067 27.7668 0.7904178 COC1CNC(=O)CN(C=CC=CC(O)=C2C(=O)NC(=O)C3CCCC=NN23)O1 1 O=C1CN(C=CC=CC=C2C(=O)NC(=O)C3CCCC=NN23)OCCN1 1.0000000 1.0000 0.7162731 0.7163 0.5216269 4.9436
 | 10.3484 54.7848 62.3219 0.9148960 O=C1CN(C=CC=CC(O)=C2NNC(=O)NC2=O)C(=O)CCN1 1 O=C1CN(C=CC=CC=C2NNC(=O)NC2=O)C(=O)CCN1 1.0000000 1.0000 0.8374835 0.8375 0.8550529 3.8438
 | 15.0427 69.7451 46.2004 0.9058239 CN1C(=O)C(=O)NC(=O)C1=c1[nH]c(=O)[nH]c(=O)c1=C(O)C=CC=CN1CCC(C(=O)O)C1 1 O=C1NC(=O)C(=c2[nH]c(=O)[nH]c(=O)c2=CC=CC=CN2CCCC2)NC1=O 1.0000000 1.0000 0.8747479 0.8747 0.7519429 4.2776
 | 13.2385 60.8457 52.8363 0.8881412 C=C1CCN1C=CC=CC(O)=C1C(=O)NC(=O)N(CCO)C1=O 1 C=C1CCN1C=CC=CC=C1C(=O)NC(=O)NC1=O 1.0000000 1.0000 0.7430631 0.7431 0.9020602 3.5536
 | 9.9891 47.4616 -47.4616 0.0000000 CN1OC(=O)C(=C(O)C=CC=CN2CC2)C1=O 1 O=C1NOC(=O)C1=CC=CC=CN1CC1 1.0000000 1.0000 0.7853998 0.7854 0.8655021 3.7872
 | 23.1666 75.7555 31.8188 0.8404241 O=C1C(=O)N(CCCl)C1=c1[nH]c(=O)[nH]c(=O)c1=C(O)C=CC=CN1CC(=O)N2CCCCC2C1O 1 O=C1NC(=c2[nH]c(=O)[nH]c(=O)c2=CC=CC=CN2CC(=O)N3CCCCC3C2)C1=O 1.0000000 1.0000 0.7890770 0.7891 0.6076565 4.7150
 | 12.3628 50.3771 60.6871 0.8676887 C=c1[nH]c(=O)c(=C(O)C=CC=CN2CC=CC2)n1C 1 C=c1[nH]c(=O)c(=CC=CC=CN2CC=CC2)[nH]1 1.0000000 1.0000 0.7799041 0.7799 0.7333961 4.3408
01:57:13 <INFO> Sampled SMILES N1C(=O)C(=C(O)C=CC=CN2CCO3C2(O)CC(=O)C(=O)C3)C(=O)NC1CC(=O)O failed to sanitize.
01:57:14 <INFO> Score: 0.76 Agent NLL: 17.71 Valid:  99% Step: 452
 | Agent Prior Target Score SMILES SMILES_state Scaffold DASA DASA (raw) Solubility Solubility (raw) SA SA (raw)
 | 13.4048 55.8221 59.8449 0.9036491 NC1=NC(=O)CCN1C=CC=CC(O)=C1C(=O)NCCOC1=O 1 O=C1CCN(C=CC=CC=C2C(=O)NCCOC2=O)C=N1 1.0000000 1.0000 0.8048780 0.8049 0.8589569 3.8231
 | 10.0719 49.6780 49.6400 0.7759217 O=C1NC(=CBr)COC(=O)C1=C(O)C=CC=CN1CCCC1 1 C=C1COC(=O)C(=CC=CC=CN2CCCC2)C(=O)N1 1.0000000 1.0000 0.5092698 0.5093 0.8597752 3.8187
 | 15.7386 80.0384 34.3948 0.8940093 CN1C(=O)C(=O)C(=c2c(=O)[nH]c(=O)[nH]c(=O)c2=C(O)C=CC=CN2CCCC(O)C(O)C2)C1=O 1 O=C1NC(=O)C(=c2c(=O)[nH]c(=O)[nH]c(=O)c2=CC=CC=CN2CCCCCC2)C1=O 1.0000000 1.0000 0.8880635 0.8881 0.6835474 4.4983
 | 19.5672 71.6505 37.2767 0.8509939 NC1COCCN1C=CC=CC(O)=C1C(=O)CCC(NCCCOCCO)NC1=O 1 O=C1CCCNC(=O)C1=CC=CC=CN1CCOCC1 1.0000000 1.0000 0.7744043 0.7744 0.6705329 4.5371
 | 19.4055 60.1905 44.6116 0.8187663 CC1(C)OC(=O)N2C(=C(O)C=CC=CN3CCNC3)C(=O)NC21 1 O=C1NC2COC(=O)N2C1=CC=CC=CN1CCNC1 1.0000000 1.0000 0.7096599 0.7097 0.6378986 4.6311
 | 17.0214 70.6250 29.6077 0.7830677 O=C1NN(CCCl)C(=O)C(=O)C1=C(O)C=CC=CN1CCOCC1NC1OC(CO)C(O)C(O)C1O 1 O=C1NNC(=O)C(=CC=CC=CN2CCOCC2NC2CCCCO2)C1=O 1.0000000 1.0000 0.8569639 0.8570 0.3628790 5.3667
 | 22.6403 77.3825 36.9589 0.8932921 Cn1c(=C2C(=O)CN(CCO)CC2=O)[nH]c(=O)c(=C(O)C=CC=CN2CC=CCC2)c1=O 1 O=C1CNCC(=O)C1=c1[nH]c(=O)c(=CC=CC=CN2CC=CCC2)c(=O)[nH]1 1.0000000 1.0000 0.8193202 0.8193 0.7837399 4.1612
 | 12.8297 58.4969 54.2484 0.8808231 O=C1CCOC(=O)C(=C(O)C=CC=CN2CCC(CO)CC2)C(=O)N1 1 O=C1CCOC(=O)C(=CC=CC=CN2CCCCC2)C(=O)N1 1.0000000 1.0000 0.7142679 0.7143 0.9255686 3.3580
 | 23.8510 91.5822 8.9479 0.7853917 CC1CCCN1C=CC=c1[nH]c(=O)c(=C(O)C=CC=CN2CCONNC(=O)C2)n1C 1 O=C1CN(C=CC=CC=c2[nH]c(=CC=CN3CCCC3)[nH]c2=O)CCONN1 1.0000000 1.0000 0.7354837 0.7355 0.4816153 5.0479
 | 14.6836 62.0677 54.8128 0.9131288 O=C1CN(C=CC=CC(O)=C2CC(=O)C(=O)C(=O)NC2=O)C(=O)CCN1 1 O=C1CN(C=CC=CC=C2CC(=O)C(=O)C(=O)NC2=O)C(=O)CCN1 1.0000000 1.0000 0.8228006 0.8228 0.8730268 3.7440
01:57:15 <INFO> Score: 0.76 Agent NLL: 17.24 Valid: 100% Step: 453
 | Agent Prior Target Score SMILES SMILES_state Scaffold DASA DASA (raw) Solubility Solubility (raw) SA SA (raw)
 | 21.0451 80.1166 38.5059 0.9267379 CONC1=C(N)C(=O)NC(=O)C1=C(O)C=CC=CN1CC(=O)N(CCCN)C(=O)C1=O 1 O=C1C=CC(=CC=CC=CN2CC(=O)NC(=O)C2=O)C(=O)N1 1.0000000 1.0000 0.8648825 0.8649 0.8646668 3.7918
 | 14.5415 75.4281 38.2887 0.8884121 CC1(C)NC(=O)C(=C(O)C=CC=CN2CC(=O)N(CCN)C2=O)C(=O)NC(=O)N1CCCO 1 O=C1CN(C=CC=CC=C2C(=O)NCNC(=O)NC2=O)C(=O)N1 1.0000000 1.0000 0.7626735 0.7627 0.8632434 3.7997
 | 17.9655 74.4955 38.4945 0.8827345 NC(C=CN(CCO)CCO)=C1COCCN1C=CC=CC(O)=C1C(=O)NCNC1=O 1 C=C1COCCN1C=CC=CC=C1C(=O)NCNC1=O 1.0000000 1.0000 0.8186820 0.8187 0.7373208 4.3277
 | 17.2061 74.3320 42.0183 0.9089862 COC1=C(N2CCOCC2)C(=O)NC(=O)C(=C(O)C=CC=CN2CC(=O)N(C)C(=O)C2=O)C(=O)N1 1 O=C1CN(C=CC=CC=C2C(=O)NC=C(N3CCOCC3)C(=O)NC2=O)C(=O)C(=O)N1 1.0000000 1.0000 0.8084481 0.8084 0.8790926 3.7076
 | 22.8328 74.2959 36.0382 0.8619853 N=C1C(CO)=CCCN1C=CC=CC(O)=c1ncc(=CCO)[nH]c1=O 1 C=c1cnc(=CC=CC=CN2CCC=CC2=N)c(=O)[nH]1 1.0000000 1.0000 0.7995554 0.7996 0.6782494 4.5142
 | 26.0070 93.1014 17.8939 0.8671506 CC1(C)NC(=O)NC(=O)C(=C(O)C=CC=CN2CC(=O)N(CCNC(=O)C(O)CCN)CC2=O)C(=O)NC1=O 1 O=C1CN(C=CC=CC=C2C(=O)NC(=O)CNC(=O)NC2=O)C(=O)CN1 1.0000000 1.0000 0.8527547 0.8528 0.6252506 4.6665
 | 13.8028 56.4641 56.3494 0.8813559 C=C1C(=C(O)C=CC=CN2CC(N)C2)C(=O)N1C 1 C=C1NC(=O)C1=CC=CC=CN1CCC1 1.0000000 1.0000 0.7482956 0.7483 0.8558867 3.8394
 | 14.2043 53.6746 56.5572 0.8611855 C=C1OC(=C(O)C=CC=CN2CCCNC(=O)C2)C1=O 1 C=C1OC(=CC=CC=CN2CCCNC(=O)C2)C1=O 1.0000000 1.0000 0.7052051 0.7052 0.8408251 3.9158
 | 11.4011 83.3865 36.1713 0.9340459 O=C1C(=O)N(CCO)C(=O)C1=c1c(=O)[nH]c(=O)[nH]c(=O)c1=C(O)C=CC=CN1CC=C(CO)C1 1 O=C1NC(=O)C(=c2c(=O)[nH]c(=O)[nH]c(=O)c2=CC=CC=CN2CC=CC2)C1=O 1.0000000 1.0000 0.9082444 0.9082 0.8271386 3.9802
 | 23.9212 73.4361 32.9334 0.8310116 O=C1CN(C=CC=CC(O)=c2c(=O)[nH]c3n2CCC(O)C=3O)C(O)CCN1 1 O=C1CN(C=CC=CC=c2c(=O)[nH]c3n2CCCC=3)CCCN1 1.0000000 1.0000 0.8515223 0.8515 0.5012958 4.9966
01:57:15 <INFO> Score: 0.74 Agent NLL: 17.71 Valid:  99% Step: 454
 | Agent Prior Target Score SMILES SMILES_state Scaffold DASA DASA (raw) Solubility Solubility (raw) SA SA (raw)
 | 29.0917 86.1688 22.8767 0.8519177 NCC(O)=C1C(=O)N2C(=C(O)C=CC=CN3CC(=O)N(CCN4CCCCC4)CC3=O)C(=O)NC(=O)C12 1 C=C1C(=O)N2C(=CC=CC=CN3CC(=O)N(CCN4CCCCC4)CC3=O)C(=O)NC(=O)C12 1.0000000 1.0000 0.7400558 0.7401 0.7300870 4.3518
 | 13.2266 56.0696 59.5579 0.9033397 O=C1C=CC(=O)C(=C(O)C=CC=CN2CCC(=O)C2=O)C(=O)N1 1 O=C1C=CC(=O)C(=CC=CC=CN2CCC(=O)C2=O)C(=O)N1 1.0000000 1.0000 0.7836058 0.7836 0.8985608 3.5790
 | 13.6212 44.1083 -44.1083 0.0000000 CN1OC(=O)C(=C(O)C=CC=CN2CCCCC2)C1=O 1 O=C1NOC(=O)C1=CC=CC=CN1CCCCC1 1.0000000 1.0000 0.6490245 0.6490 0.9004376 3.5655
 | 25.7751 80.1785 24.7296 0.8195944 O=C1NC(=O)C(CO)CNC1=C(O)C=CC=CN1CC(=NO)CC(O)C1(CO)CO 1 N=C1CCCN(C=CC=CC=C2NCCC(=O)NC2=O)C1 1.0000000 1.0000 0.8631235 0.8631 0.4552678 5.1169
 | 14.1648 74.2308 37.8085 0.8753073 CC(O)NC1CNC(=O)C(=C(O)C=CC=CN2CC(=O)OCC2=O)C(=O)NC1=O 1 O=C1CCNC(=O)C(=CC=CC=CN2CC(=O)OCC2=O)C(=O)N1 1.0000000 1.0000 0.8654345 0.8654 0.6400045 4.6252
 | 22.4403 70.1813 37.7777 0.8434302 O=C1CC2NC(=O)C(=C(O)C=CC=CN3CCCOCC3)N2OCCN1 1 O=C1CC2NC(=O)C(=CC=CC=CN3CCCOCC3)N2OCCN1 1.0000000 1.0000 0.7297636 0.7298 0.7098871 4.4171
 | 25.4837 62.8636 -62.8455 0.0001414 CNC(C)C(=O)NC1=NC(=O)C(=C(O)C=CC=NN(C)CCO)C(=O)N1 1 C=C1C(=O)N=CNC1=O 0.0000000 0.0000 0.8624167 0.8624 0.7997125 4.0981
 | 28.2203 74.4542 -74.4369 0.0001351 COC=CCCn1ccccc(O)c(CNO)c(=O)[nH]c1=O 1 O=c1cccccc[nH]c(=O)[nH]1 0.0000000 0.0000 0.6999124 0.6999 0.9053371 3.5291
 | 23.1282 68.8957 28.9867 0.7647060 [N-]=[N+]=NCCCCN1NC(=O)C(=C(O)C=CC=CN2CC(=O)N(CCS(=O)(=O)c3ccccc3)C2=O)N=C1N 1 O=C1NNC=NC1=CC=CC=CN1CC(=O)N(CCS(=O)(=O)c2ccccc2)C1=O 1.0000000 1.0000 0.4958376 0.4958 0.8346454 3.9454
 | 17.3721 81.5917 35.3228 0.9133942 O=CNNC1=CC(=O)C(=O)C(=C(O)C=CC=CN2CCC2=O)C(=O)N1 1 O=C1C=CNC(=O)C(=CC=CC=CN2CCC2=O)C1=O 1.0000000 1.0000 0.8440497 0.8440 0.8362032 3.9380
01:57:16 <INFO> Score: 0.74 Agent NLL: 16.79 Valid: 100% Step: 455
 | Agent Prior Target Score SMILES SMILES_state Scaffold DASA DASA (raw) Solubility Solubility (raw) SA SA (raw)
 | 16.2534 61.6419 43.1227 0.8184736 O=C1CN(C=CC=CC(O)=C2C(=O)NCCCCOC2=O)CC(O)C(O)C(O)CN1 1 O=C1CN(C=CC=CC=C2C(=O)NCCCCOC2=O)CCCCCN1 1.0000000 1.0000 0.8197985 0.8198 0.4946375 5.0140
 | 16.4453 80.4237 27.2716 0.8413693 O=C1CN(C=CC=CC(O)=C2C(=O)NCCC(NC3CCCCNC3=O)NC2=O)C(=O)NN1 1 O=C1CN(C=CC=CC=C2C(=O)NCCC(NC3CCCCNC3=O)NC2=O)C(=O)NN1 1.0000000 1.0000 0.7927072 0.7927 0.6063628 4.7185
 | 13.1618 79.0807 37.2705 0.9089943 O=C1NC(=O)C(=c2c(=O)[nH]c(=O)[nH]c(=O)c2=C(O)C=CC=CN2CC(=O)N3CCCCCN3C2=O)C(=O)N1 1 O=C1NC(=O)C(=c2c(=O)[nH]c(=O)[nH]c(=O)c2=CC=CC=CN2CC(=O)N3CCCCCN3C2=O)C(=O)N1 1.0000000 1.0000 0.8353446 0.8353 0.8301967 3.9661
 | 19.0704 76.1196 29.8338 0.8277612 CNC1COCCN1C=CC=CC(O)=C1C(=O)N(C)C1=CN1CCOCC1=O 1 O=C1NC(=CN2CCOCC2=O)C1=CC=CC=CN1CCOCC1 1.0000000 1.0000 0.7136513 0.7137 0.6689612 4.5417
 | 20.0658 79.7425 28.2195 0.8434536 CC(O)=C1COC(=O)C(=C(O)C=CC=CN2CC=NC2=O)C(=O)NC1=O 1 C=C1COC(=O)C(=CC=CC=CN2CC=NC2=O)C(=O)NC1=O 1.0000000 1.0000 0.6775311 0.6775 0.8085282 4.0616
 | 21.8611 68.8686 39.0038 0.8427526 O=C1NN(CCCO)NC1=C(O)C=CC=CN1CC(O)CNC1C(=O)O 1 O=C1NNNC1=CC=CC=CN1CCCNC1 1.0000000 1.0000 0.8731729 0.8732 0.5164164 4.9572
 | 24.6355 61.1551 49.1153 0.8614876 O=C1C=CC(O)N2C(=C(O)C=CC=CN3CC3)C(=O)N12 1 O=C1C=CCN2C(=CC=CC=CN3CC3)C(=O)N12 1.0000000 1.0000 0.7971436 0.7971 0.6797800 4.5096
 | 25.9519 72.9734 39.0468 0.8751582 Cn1c(=C2C=CC(=N)OC2)[nH]c(=O)c(=C(O)C=CC=CN2CC(=O)NCC2=O)c1=O 1 N=C1C=CC(=c2[nH]c(=O)c(=CC=CC=CN3CC(=O)NCC3=O)c(=O)[nH]2)CO1 1.0000000 1.0000 0.8330443 0.8330 0.6835734 4.4982
 | 21.4471 41.9680 -41.9499 0.0001413 O=C1NNC(=O)C1=C(O)C=CN1CCCCC1 1 O=C1NNC(=O)C1=CC=CN1CCCCC1 0.0000000 0.0000 0.7896588 0.7897 0.9276855 3.3377
 | 12.7053 60.9287 53.8737 0.8968940 O=C1CN(C=CC=CC(O)=C2C(=O)NNC(C(O)O)NC2=O)CCN1 1 O=C1CN(C=CC=CC=C2C(=O)NCNNC2=O)CCN1 1.0000000 1.0000 0.9078196 0.9078 0.6689471 4.5418
01:57:17 <INFO> Score: 0.73 Agent NLL: 17.81 Valid: 100% Step: 456
 | Agent Prior Target Score SMILES SMILES_state Scaffold DASA DASA (raw) Solubility Solubility (raw) SA SA (raw)
 | 21.5319 71.7932 31.9864 0.8107777 O=C1CN(C=CC=CC(O)=C2C(=O)NC(=O)C3CCCCCC23)C(=O)N(CCO)C1=O 1 O=C1CN(C=CC=CC=C2C(=O)NC(=O)C3CCCCCC23)C(=O)NC1=O 1.0000000 1.0000 0.6279208 0.6279 0.7505867 4.2823
 | 15.3563 72.2255 38.1095 0.8619923 O=C1CN(C=CC=CC(O)=C2C(=O)NC(=O)C(=O)C(N3CCOCC3)=C2Br)C(=O)NN1 1 O=C1CN(C=CC=CC=C2C=C(N3CCOCC3)C(=O)C(=O)NC2=O)C(=O)NN1 1.0000000 1.0000 0.6951278 0.6951 0.8665221 3.7814
 | 25.2503 80.3119 26.1457 0.8316999 Cn1c(=CC=CC[n+]2ccc(=O)n(CC(O)CO)c2)[nH]c(=O)c1=C(O)C=CC=CN1CCNC1 1 O=c1cc[n+](CC=CC=c2[nH]c(=O)c(=CC=CC=CN3CCNC3)[nH]2)c[nH]1 1.0000000 1.0000 0.8457689 0.8458 0.5094885 4.9753
 | 18.1250 74.0280 41.0071 0.8987116 CC(=O)OCC1=CC(=O)C(=O)C(=C(O)C=CC=CN2CC(=O)NCCC2=O)C(=O)NC1=O 1 O=C1C=CC(=O)C(=O)C(=CC=CC=CN2CC(=O)NCCC2=O)C(=O)N1 1.0000000 1.0000 0.7798234 0.7798 0.8820908 3.6891
 | 21.3101 68.0568 43.0172 0.8677658 O=C1NC(=O)C(=C(O)C=CC=CN2CCCNC(=O)C2CCO)C(CN2CCNCC2)N1 1 O=C1CN(C=CC=CC=C2C(=O)NC(=O)NC2CN2CCNCC2)CCCN1 1.0000000 1.0000 0.7876222 0.7876 0.7212020 4.3808
 | 28.7825 78.3511 30.6929 0.8519063 CCC(N)C(=O)OCC1=CCN(C=CC=CC(O)=C2C(=O)NNN(CC)C2=O)C1=O 1 O=C1NNNC(=O)C1=CC=CC=CN1CC=CC1=O 1.0000000 1.0000 0.7614573 0.7615 0.6945080 4.4650
 | 12.8739 69.1362 50.6805 0.9360683 O=C1NC(=O)C(=C(O)C=CC=CN2CCN(CCO)C2=O)C(=O)NC(=O)C1=O 1 O=C1NC(=O)C(=CC=CC=CN2CCNC2=O)C(=O)NC(=O)C1=O 1.0000000 1.0000 0.8660083 0.8660 0.9092869 3.4985
 | 17.8649 64.6975 -64.6975 0.0000000 NCCCC(N)C(=O)NCCNC=CC=CC(O)=C1C(=O)NC(=O)NC(=O)C1=O 1 C=C1C(=O)NC(=O)NC(=O)C1=O 1.0000000 1.0000 0.8771865 0.8772 0.8686931 3.7691
 | 10.5881 48.7021 -48.7021 0.0000000 O=C1CN(C=CC=CC(O)=C2C(=O)NC(=O)N2CCO)CCN1 1 O=C1CN(C=CC=CC=C2NC(=O)NC2=O)CCN1 1.0000000 1.0000 0.8324173 0.8324 0.8792473 3.7067
 | 11.7049 56.1123 59.0990 0.9000882 O=C1CN(C=CC=CC(O)=C2NS(=O)(=O)C(=O)NC2=O)C(=O)CCN1 1 O=C1CN(C=CC=CC=C2NS(=O)(=O)C(=O)NC2=O)C(=O)CCN1 1.0000000 1.0000 0.8211733 0.8212 0.8123360 4.0455
01:57:18 <INFO> Score: 0.74 Agent NLL: 17.73 Valid: 100% Step: 457
 | Agent Prior Target Score SMILES SMILES_state Scaffold DASA DASA (raw) Solubility Solubility (raw) SA SA (raw)
 | 18.2891 70.4466 41.0882 0.8713655 CC1(C(=O)O)NC(=O)C(=C(O)C=CC=CN2CC(=O)NNO2)C(=O)NC1=O 1 O=C1CN(C=CC=CC=C2C(=O)NCC(=O)NC2=O)ONN1 1.0000000 1.0000 0.8750635 0.8751 0.6130313 4.7003
 | 12.0469 79.7329 41.0228 0.9434040 N=C1C(=c2c(=O)[nH]c(=O)[nH]c(=O)c2=C(O)C=CC=CNCCO)C(=O)C(=O)N1CCO 1 C=c1c(=O)[nH]c(=O)[nH]c(=O)c1=C1C(=N)NC(=O)C1=O 1.0000000 1.0000 0.9283241 0.9283 0.8388584 3.9253
 | 21.1963 90.6537 17.5456 0.8453072 CCN1C(=O)C(=O)C(=c2c(=O)[nH]c(=O)[nH]c(=O)c2=C(O)C=CC=CNC2C(O)C(CO)OC(O)C2NC(C)=O)C1=O 1 O=C1NC(=O)C(=c2c(=O)[nH]c(=O)[nH]c(=O)c2=CC=CC=CNC2CCOCC2)C1=O 1.0000000 1.0000 0.9314649 0.9315 0.4685814 5.0820
 | 11.3327 62.7194 54.0961 0.9126213 O=C1NC(=O)C(=O)C(=C(O)C=CC=CN2CCCNCC2)C(=O)N1 1 O=C1NC(=O)C(=O)C(=CC=CC=CN2CCCNCC2)C(=O)N1 1.0000000 1.0000 0.7959958 0.7960 0.9224265 3.3872
 | 18.7577 59.6970 49.3934 0.8522689 O=C1NC(=S)NC(O)C1=C(O)C=CC=CN1CCC(=O)C1O 1 O=C1CCN(C=CC=CC=C2CNC(=S)NC2=O)C1 1.0000000 1.0000 0.8204011 0.8204 0.6109160 4.7061
 | 11.1479 52.1149 -52.1149 0.0000000 O=c1[nH]c(=CCO)[nH]c1=C(O)C=CC=CN1CCOCC1 1 C=c1[nH]c(=O)c(=CC=CC=CN2CCOCC2)[nH]1 1.0000000 1.0000 0.8412860 0.8413 0.8243934 3.9926
 | 14.5287 60.7638 54.2190 0.8983029 NC1=CC(=C(O)C=CC=CN2CCC(=O)NC2)C(=O)NC1=O 1 O=C1C=CC(=CC=CC=CN2CCC(=O)NC2)C(=O)N1 1.0000000 1.0000 0.8104051 0.8104 0.8226988 4.0002
 | 9.0944 63.5385 50.1385 0.8881014 NC1CCN(C=CC=CC(O)=C2N=CNNNC2=O)CC1 1 O=C1NNNC=NC1=CC=CC=CN1CCCCC1 1.0000000 1.0000 0.8002543 0.8003 0.7920990 4.1286
 | 22.1978 70.3723 34.9986 0.8232103 CC(=O)OCCCNC1=C(C)C(=O)C(=C(O)C=CC=CN2CCC(C(=O)O)CC2)C(=O)N1 1 O=C1C=CNC(=O)C1=CC=CC=CN1CCCCC1 1.0000000 1.0000 0.5880204 0.5880 0.9120006 3.4767
 | 18.9234 67.2094 35.7743 0.8045599 C=C1C(=O)ON=C2C(=C(O)C=CC=CN3CCSCC3)C(=O)NC(=O)C12 1 C=C1C(=O)ON=C2C(=CC=CC=CN3CCSCC3)C(=O)NC(=O)C12 1.0000000 1.0000 0.6434809 0.6435 0.6906278 4.4769
01:57:19 <INFO> Score: 0.79 Agent NLL: 17.62 Valid: 100% Step: 458
 | Agent Prior Target Score SMILES SMILES_state Scaffold DASA DASA (raw) Solubility Solubility (raw) SA SA (raw)
 | 10.9801 65.6025 -65.6025 0.0000000 CN1N=C(N2CCOCC2)C(=O)NC(=O)C1=C(O)C=CC=CN(CCO)CCO 1 C=C1NN=C(N2CCOCC2)C(=O)NC1=O 1.0000000 1.0000 0.8229187 0.8229 0.8754895 3.7294
 | 18.2672 64.6555 40.9092 0.8247248 CN1CCN(C=CC=CC(O)=C2C(=O)N2CCCCN=[N+]=[N-])C(=O)C1 1 O=C1NC1=CC=CC=CN1CCNCC1=O 1.0000000 1.0000 0.6086369 0.6086 0.8669528 3.7790
 | 18.1677 80.7649 29.0978 0.8583026 CC1NC(=O)C(=C(O)C=CC=CN2CCOCC2NC(=O)CCN)C(=O)NN1CCO 1 O=C1NCNNC(=O)C1=CC=CC=CN1CCOCC1 1.0000000 1.0000 0.8433449 0.8433 0.6040921 4.7247
 | 17.2737 79.9405 35.4147 0.9012131 O=C1CCN(C=CC=CC(O)=C2OC(=C3C(=O)C(=O)N(CCO)C(=O)C3=O)C2=O)C(=O)N1 1 O=C1CCN(C=CC=CC=C2OC(=C3C(=O)C(=O)NC(=O)C3=O)C2=O)C(=O)N1 1.0000000 1.0000 0.8038550 0.8039 0.8487567 3.8763
 | 28.0943 84.5632 23.9393 0.8476759 CN1NC(=N)C(=c2c(=O)[nH][nH]c(=O)c2=C(O)C=CC=CN2CCCOC2=O)C1N 1 N=C1NNCC1=c1c(=O)[nH][nH]c(=O)c1=CC=CC=CN1CCCOC1=O 1.0000000 1.0000 0.8366537 0.8367 0.5737883 4.8063
 | 16.2243 68.1549 40.5866 0.8495427 O=C1CN(C=CC=CC(O)=C2C(=O)NCC(=CBr)C(=O)NC2=O)CC(O)CN1 1 C=C1CNC(=O)C(=CC=CC=CN2CCCNC(=O)C2)C(=O)NC1=O 1.0000000 1.0000 0.7449037 0.7449 0.7112908 4.4126
 | 24.5867 67.9773 31.9134 0.7803963 NC1CCN(C=CC=CC(O)=C2C(=O)NC(CO)N3C(=C4OC(CO)C(O)C(O)C4O)C(=O)N23)CC1 1 O=C1NCN2C(=C3CCCCO3)C(=O)N2C1=CC=CC=CN1CCCCC1 1.0000000 1.0000 0.8603908 0.8604 0.3539461 5.3920
 | 13.2046 57.3750 46.4370 0.8110307 Cn1c(=CBr)[nH]c(=O)c1=C(O)C=CC=CN1CCOCC1N1CCOCC1 1 C=c1[nH]c(=O)c(=CC=CC=CN2CCOCC2N2CCOCC2)[nH]1 1.0000000 1.0000 0.6808909 0.6809 0.6524695 4.5896
 | 18.5718 67.9996 45.8251 0.8892558 CN=C1CNC(=O)C(=C(O)C=CC=CN2CCC(O)(CO)CC2)C(=O)N1 1 N=C1CNC(=O)C(=CC=CC=CN2CCCCC2)C(=O)N1 1.0000000 1.0000 0.7931711 0.7932 0.8100246 4.0553
 | 22.3708 70.5571 36.9468 0.8398741 CN1CCCC1CN1NC(=O)C(=C(O)C=CC=CN2CCCN(C=O)CC2=O)N=C1N 1 O=C1NN(CC2CCCN2)C=NC1=CC=CC=CN1CCCNCC1=O 1.0000000 1.0000 0.7423409 0.7423 0.6738583 4.5273
01:57:19 <INFO> Sampled SMILES O=C1NC(=O)C(=C(O)C=CC=CN2CC(=O)N3C(C(O)=c4c[nH]c(O)cc4=C3=O)c3ccccc32)C(=O)N1CC failed to sanitize.
01:57:20 <INFO> Score: 0.80 Agent NLL: 18.10 Valid:  99% Step: 459
 | Agent Prior Target Score SMILES SMILES_state Scaffold DASA DASA (raw) Solubility Solubility (raw) SA SA (raw)
 | 22.5418 80.4311 18.5657 0.7734126 CC1CN1C=C1COC(=O)C(=C(O)C=CC=CN2CC=CCNC2=O)C(=O)N1C 1 O=C1NC(=CN2CC2)COC(=O)C1=CC=CC=CN1CC=CCNC1=O 1.0000000 1.0000 0.5970732 0.5971 0.6398977 4.6255
 | 15.6726 61.4894 37.2841 0.7716678 CC1=NC(=C(O)C=CC=CN2CC(=O)N3CCCCCC3C2=O)C(=O)NC(C)(C)N1 1 O=C1NCNC=NC1=CC=CC=CN1CC(=O)N2CCCCCC2C1=O 1.0000000 1.0000 0.5445137 0.5445 0.7430086 4.3084
 | 15.4370 60.6784 52.9592 0.8877935 CN1C(=O)CNC(=C(O)C=CC=CN2CC=C(CO)C2)C1=O 1 O=C1CNC(=CC=CC=CN2CC=CC2)C(=O)N1 1.0000000 1.0000 0.7832902 0.7833 0.8208673 4.0084
 | 17.6752 68.4019 38.8779 0.8381238 NC1NC(=O)C(=C(O)C=CC=CN2CC(=O)N3CCCCC3C2=O)C(=O)OCC1CO 1 O=C1NCCCOC(=O)C1=CC=CC=CN1CC(=O)N2CCCCC2C1=O 1.0000000 1.0000 0.7695553 0.7696 0.6258180 4.6650
 | 11.7732 65.0574 53.9661 0.9298708 O=C1CN(C=CC=CC(O)=C2C(=O)NC(=O)N(C(CO)CO)C2=O)C(=O)NN1 1 O=C1CN(C=CC=CC=C2C(=O)NC(=O)NC2=O)C(=O)NN1 1.0000000 1.0000 0.8742653 0.8743 0.8636602 3.7974
 | 24.8258 97.4908 0.6317 0.7665817 CC(=CC=CN(C)CCO)C(=O)NC1NC(=O)C(=C(O)C=CC=CN2CCOCC2=CO)C(=O)NC1O 1 C=C1COCCN1C=CC=CC=C1C(=O)NCCNC1=O 1.0000000 1.0000 0.7242713 0.7243 0.4356167 5.1687
 | 15.0179 69.4632 36.0851 0.8245958 O=C1C=NC(=C(O)C=CC=CN2CC(O)C(O)C(O)C2)C(=O)NC(CO)N1 1 O=C1C=NC(=CC=CC=CN2CCCCC2)C(=O)NCN1 1.0000000 1.0000 0.8913519 0.8914 0.4443036 5.1457
 | 10.8363 60.4498 52.8755 0.8853533 CN1C(=O)NC(=O)C(=C(O)C=CC=CN2CCNC(=O)C2)C(=O)NC1(C)C 1 O=C1CN(C=CC=CC=C2C(=O)NCNC(=O)NC2=O)CCN1 1.0000000 1.0000 0.7527473 0.7527 0.8674135 3.7764
 | 11.1620 49.3384 -49.3384 0.0000000 O=C1C(=C(O)C=CC=CN2CC2)C(C(F)(F)F)=NN1c1ccccc1 1 O=C1C(=CC=CC=CN2CC2)C=NN1c1ccccc1 1.0000000 1.0000 0.3154866 0.3155 0.9520246 3.0536
 | 18.0797 67.4604 49.3484 0.9125694 O=C1CCOC(=C(O)C=CC=CN2CCNC(=O)C2=O)C(=O)NC1=O 1 O=C1CCOC(=CC=CC=CN2CCNC(=O)C2=O)C(=O)NC1=O 1.0000000 1.0000 0.8284381 0.8284 0.8598861 3.8181
01:57:20 <INFO> Sampled SMILES N1C(=O)C(=C(O)C=CC=CN2CCC=C(O)C2=O)C(=O)C(=CC=CC[n+]2ccccc2)=C1COC(=O)C failed to sanitize.
01:57:21 <INFO> Score: 0.78 Agent NLL: 17.12 Valid:  99% Step: 460
 | Agent Prior Target Score SMILES SMILES_state Scaffold DASA DASA (raw) Solubility Solubility (raw) SA SA (raw)
 | 13.1308 71.5473 42.9383 0.8944185 COC1=C(C)NC(=O)C(=C(O)C=CC=CN2CC(=O)NNC2=O)C(=O)N1 1 O=C1CN(C=CC=CC=C2C(=O)NC=CNC2=O)C(=O)NN1 1.0000000 1.0000 0.7909586 0.7910 0.8391119 3.9241
 | 11.1536 64.3158 55.9115 0.9392756 CN1C(=O)C(=O)C1=c1[nH]c(=O)[nH]c(=O)c1=C(O)C=CC=CNCCO 1 C=c1c(=O)[nH]c(=O)[nH]c1=C1NC(=O)C1=O 1.0000000 1.0000 0.9088280 0.9088 0.8507861 3.8660
 | 14.5850 75.3237 39.8780 0.9000129 CCN1C(=O)CN(C=CC=CC(O)=C2C(=O)NCC(CCN)C(=O)NC2=O)C(=O)C1=O 1 O=C1CN(C=CC=CC=C2C(=O)NCCC(=O)NC2=O)C(=O)C(=O)N1 1.0000000 1.0000 0.8334208 0.8334 0.7912127 4.1321
 | 17.7228 70.8098 -70.8098 0.0000000 NC1COCCN1C=CC=CC(O)=C1C(=O)NC(C(O)O)N(CC(=O)O)NC1=O 1 O=C1NCNNC(=O)C1=CC=CC=CN1CCOCC1 1.0000000 1.0000 0.8949523 0.8950 0.5572151 4.8503
 | 14.0178 75.9000 44.8420 0.9432968 CN1C(=O)C(=O)N(CO)C1=c1c(=O)[nH]c(=O)[nH]c(=O)c1=C(O)C=CC=CN 1 C=c1c(=O)[nH]c(=O)[nH]c(=O)c1=C1NC(=O)C(=O)N1 1.0000000 1.0000 0.9264671 0.9265 0.8413011 3.9134
 | 17.5431 53.9121 54.3315 0.8456527 C=C1CN(C)C(=O)C(=C(O)C=CC=CN2CC(=O)NCC(O)C2)O1 1 C=C1CNC(=O)C(=CC=CC=CN2CCCNC(=O)C2)O1 1.0000000 1.0000 0.7595874 0.7596 0.6710379 4.5356
 | 27.9027 85.0987 -85.0987 0.0000000 N1C(=O)C(=C(O)C=CC=CN2CCC=C(O)C2=O)C(=O)C(=CC=CC[n+]2ccccc2)=C1COC(=O)C 0 -- 0.0000000 0.0000 0.0000000 0.0000 0.0000000 0.0000
 | 10.7791 56.9420 -56.9420 0.0000000 O=C1NCCCNC(=O)C1=C(O)C=CC=CN1CCC=CC1=O 1 O=C1NCCCNC(=O)C1=CC=CC=CN1CCC=CC1=O 1.0000000 1.0000 0.7188397 0.7188 0.8744581 3.7356
 | 15.6310 59.7531 55.2648 0.8985774 CN(CCO)C1=NC(=C(O)C=CC=CN2CCNC2)C(=O)N1 1 O=C1NC=NC1=CC=CC=CN1CCNC1 1.0000000 1.0000 0.8233905 0.8234 0.8014125 4.0911
 | 26.1267 82.8938 24.8496 0.8417449 C=C1C(=O)CCN(C=CC=CC(O)=c2c(=O)[nH]c(=O)c(=CC=CCC)n2C)C1=O 1 C=C1C(=O)CCN(C=CC=CC=c2[nH]c(=C)c(=O)[nH]c2=O)C1=O 1.0000000 1.0000 0.6911918 0.6912 0.7725029 4.2036
01:57:21 <INFO> Sampled SMILES N1C(=O)C(=C(O)C=CC=CN2CC[N+](=C)(C)C(=O)C2=O)N=CC(=O)C1=O failed to sanitize.
01:57:22 <INFO> Score: 0.76 Agent NLL: 18.18 Valid:  99% Step: 461
 | Agent Prior Target Score SMILES SMILES_state Scaffold DASA DASA (raw) Solubility Solubility (raw) SA SA (raw)
 | 14.6580 64.4983 51.4171 0.9055894 N=C1CNCCN1C=CC=CC(O)=C1C(=O)NCCC(=O)NC1=O 1 N=C1CNCCN1C=CC=CC=C1C(=O)NCCC(=O)NC1=O 1.0000000 1.0000 0.8081858 0.8082 0.8624717 3.8040
 | 14.5027 67.8612 49.3391 0.9156273 O=C1CC(CO)NC(=O)C(=C(O)C=CC=CN2CC(=O)N(CCO)CC2=O)C(=O)N1 1 O=C1CN(C=CC=CC=C2C(=O)NCCC(=O)NC2=O)C(=O)CN1 1.0000000 1.0000 0.8758841 0.8759 0.7938560 4.1216
 | 15.7010 60.1854 54.5523 0.8963884 O=C1NCS(=O)(=O)NC1=C(O)C=CC=CN1CC(O)C1 1 O=C1NCS(=O)(=O)NC1=CC=CC=CN1CCC1 1.0000000 1.0000 0.8479599 0.8480 0.7515333 4.2790
 | 34.0471 79.9587 17.2586 0.7595106 CCN1C(=O)C(=C(O)C=CC=CN2CN(C)CCN2)NC2(CC(=O)NC2(C)C)C1=O 1 O=C1CC2(CN1)NC(=CC=CC=CN1CNCCN1)C(=O)NC2=O 1.0000000 1.0000 0.7154169 0.7154 0.4239590 5.1997
 | 29.5630 68.5297 38.9574 0.8397425 CCCNC1=C(C(C)=O)NC(=O)C1=C(O)C=CC=CN1CC=NN1O 1 O=C1NC=CC1=CC=CC=CN1CC=NN1 1.0000000 1.0000 0.6905167 0.6905 0.7642094 4.2340
 | 27.4792 72.7285 23.5133 0.7518893 CC(=O)NC1C(CO)OC(=C(O)C=CC=CN2CCCN(C)c3ccccc32)C(=O)N1C 1 O=C1NCCOC1=CC=CC=CN1CCCNc2ccccc21 1.0000000 1.0000 0.5039671 0.5040 0.7423420 4.3107
 | 35.2046 90.5794 -7.5354 0.6487816 COC=C1N=CCCN1C=CC=CC(O)=C1C(=O)N(C)C1=C1OC2C(=O)C(OC)=CC(=O)C2C1OC 1 C=C1N=CCCN1C=CC=CC=C1C(=O)NC1=C1CC2C(=O)C=CC(=O)C2O1 1.0000000 1.0000 0.4876211 0.4876 0.3625541 5.3676
 | 18.1577 53.6293 -53.6293 0.0000000 NCCCNC=CC=CC(O)=C1C(=O)NC(=O)NC1[O-] 1 C=C1CNC(=O)NC1=O 1.0000000 1.0000 0.8795369 0.8795 0.7561931 4.2626
 | 10.5236 55.9944 57.2339 0.8845963 CC(C)N1NC(=O)C(=C(O)C=CC=CN2CC(=O)NCCC2=O)N=C1N 1 O=C1CN(C=CC=CC=C2N=CNNC2=O)C(=O)CCN1 1.0000000 1.0000 0.7756854 0.7757 0.8193359 4.0151
 | 17.2302 56.3704 52.1812 0.8480591 N=C1COCCN1C=CC=CC(O)=C1CCONC1=O 1 N=C1COCCN1C=CC=CC=C1CCONC1=O 1.0000000 1.0000 0.7154031 0.7154 0.7564379 4.2618
01:57:22 <INFO> Score: 0.79 Agent NLL: 18.05 Valid: 100% Step: 462
 | Agent Prior Target Score SMILES SMILES_state Scaffold DASA DASA (raw) Solubility Solubility (raw) SA SA (raw)
 | 24.6821 104.8661 -8.1529 0.7555722 NC=CC=CC(O)=C1COC(=O)C(=C(O)C=CC=CN2C=CC=CCC2)C(=O)NC1=C1C(=O)NC(=O)NC1=O 1 C=C1COC(=O)C(=CC=CC=CN2C=CC=CCC2)C(=O)NC1=C1C(=O)NC(=O)NC1=O 1.0000000 1.0000 0.5253478 0.5253 0.7082176 4.4223
 | 10.4915 65.4076 52.4610 0.9208481 O=C1NC(=O)C(=C(O)C=CC=CN2CC=CC2=O)C(=O)NC1=O 1 O=C1NC(=O)C(=CC=CC=CN2CC=CC2=O)C(=O)NC1=O 1.0000000 1.0000 0.8369785 0.8370 0.8855985 3.6668
 | 10.3404 56.4537 56.2926 0.8808303 C=c1[nH]c(=O)c(=C(O)C=CC=CN2CCC(=O)O2)c(=O)o1 1 C=c1[nH]c(=O)c(=CC=CC=CN2CCC(=O)O2)c(=O)o1 1.0000000 1.0000 0.8282242 0.8282 0.7143738 4.4028
 | 12.6177 77.4306 39.4782 0.9133504 CN1C(=O)C(=O)NC(=O)C1=c1c(=O)[nH]c(=O)[nH]c(=O)c1=C(O)C=CC=CNc1ccccc1 1 O=C1NC(=O)C(=c2c(=O)[nH]c(=O)[nH]c(=O)c2=CC=CC=CNc2ccccc2)NC1=O 1.0000000 1.0000 0.8042740 0.8043 0.9096816 3.4953
 | 20.4203 68.3450 38.8170 0.8372033 O=C1CN(C=CC=CC(O)=c2[nH]c(=COCCO)[nH]c2=O)C(O)C2CCCCN12 1 C=c1[nH]c(=O)c(=CC=CC=CN2CC(=O)N3CCCCC3C2)[nH]1 1.0000000 1.0000 0.8156734 0.8157 0.5619646 4.8377
 | 9.0539 69.9754 -69.9754 0.0000000 C=c1[nH]c(=O)c(=C(O)C=CC=CN2CC(=O)NNC2=O)c(=O)[nH]c1=O 1 C=c1[nH]c(=O)c(=CC=CC=CN2CC(=O)NNC2=O)c(=O)[nH]c1=O 1.0000000 1.0000 0.8968495 0.8968 0.7889436 4.1410
 | 23.6364 74.0043 30.9654 0.8200755 O=C1C=CN(C=CC=CC(O)=C2C(=O)NC3(O)C(=O)C(=O)C=CN23)CC1 1 O=C1C=CN(C=CC=CC=C2C(=O)NC3C(=O)C(=O)C=CN23)CC1 1.0000000 1.0000 0.7642286 0.7642 0.5650564 4.8295
 | 16.2420 52.6711 52.2582 0.8197600 CN1C(=O)C(=C(O)C=CC=CN2C=CCC2)C(O)N(C)C1=O 1 O=C1NCC(=CC=CC=CN2C=CCC2)C(=O)N1 1.0000000 1.0000 0.6680457 0.6680 0.7135829 4.4053
 | 16.0202 102.4039 12.4730 0.8974759 CN(C=CC=CC(O)=c1c(=O)[nH]c(=O)[nH]c(=O)c1=C1C(=O)NC(=O)NC1=O)C(O)=CC=CC(O)=C1C(=O)NC(=O)NC1=O 1 O=C1NC(=O)C(=CC=CC=CNC=CC=CC=c2c(=O)[nH]c(=O)[nH]c(=O)c2=C2C(=O)NC(=O)NC2=O)C(=O)N1 1.0000000 1.0000 0.8482705 0.8483 0.7558479 4.2638
 | 19.1773 67.7069 49.0273 0.9119857 O=C1NC(=O)N(CCO)C(=O)C1=C(O)C=CC=CN1C(=O)CCNC1C(=O)[O-] 1 O=C1NC(=O)C(=CC=CC=CN2CNCCC2=O)C(=O)N1 1.0000000 1.0000 0.8960361 0.8960 0.7470808 4.2944
01:57:23 <INFO> Score: 0.76 Agent NLL: 17.03 Valid: 100% Step: 463
 | Agent Prior Target Score SMILES SMILES_state Scaffold DASA DASA (raw) Solubility Solubility (raw) SA SA (raw)
 | 20.7315 67.5804 41.5712 0.8527468 CC1(C)NC(=O)C(=C(O)C=CC=CN2CC[N+](C)(C)CC2=O)C(=O)NN1CN1CCOCC1 1 O=C1NCN(CN2CCOCC2)NC(=O)C1=CC=CC=CN1CC[NH2+]CC1=O 1.0000000 1.0000 0.7121822 0.7122 0.7848220 4.1570
 | 17.3627 72.1153 39.5858 0.8726649 CC(O)=c1nc(N)[nH]c(=O)c(=C(O)C=CC=CN2C(=O)CCC2C(=O)O)c1=O 1 C=c1nc[nH]c(=O)c(=CC=CC=CN2CCCC2=O)c1=O 1.0000000 1.0000 0.8068922 0.8069 0.7120695 4.4101
 | 14.6066 58.9706 56.2532 0.9001860 O=C1CC(=O)C(=C(O)C=CC=CN2CCCC2=O)C(=O)NC1=O 1 O=C1CC(=O)C(=CC=CC=CN2CCCC2=O)C(=O)NC1=O 1.0000000 1.0000 0.7666305 0.7666 0.9166818 3.4378
 | 13.9709 60.0670 56.5099 0.9107571 CCOC=c1[nH]c(=O)c(=C(O)C=CC=CN2CCOCC2)c(=O)[nH]c1=O 1 C=c1[nH]c(=O)c(=CC=CC=CN2CCOCC2)c(=O)[nH]c1=O 1.0000000 1.0000 0.8234703 0.8235 0.8599627 3.8176
 | 13.3251 70.1696 39.8782 0.8597487 N=C1C=CCCN1C=CC=CC(O)=C1C(=O)NN(CCO)CCOC1=O 1 N=C1C=CCCN1C=CC=CC=C1C(=O)NNCCOC1=O 1.0000000 1.0000 0.7274703 0.7275 0.7893576 4.1394
 | 15.5449 70.9555 45.5965 0.9105628 O=C1CN(C=CC=CC(O)=C2C(=O)NCC(NCCOCCO)NC2=O)C(=O)C(=O)N1 1 O=C1CN(C=CC=CC=C2C(=O)NCCNC2=O)C(=O)C(=O)N1 1.0000000 1.0000 0.9030634 0.9031 0.7309205 4.3490
 | 8.5172 50.9463 67.2448 0.9233681 O=C1NC(=O)C(O)NC(=O)C1=C(O)C=CC=CN(CCO)CCO 1 C=C1C(=O)NCC(=O)NC1=O 1.0000000 1.0000 0.9033536 0.9034 0.7860805 4.1522
 | 13.2460 56.5074 59.6068 0.9071424 CN1C(=O)C(=C(O)C=CC=CN2CC(=O)NNC2=O)C(=O)NC1=S 1 O=C1CN(C=CC=CC=C2C(=O)NC(=S)NC2=O)C(=O)NN1 1.0000000 1.0000 0.8049142 0.8049 0.8764648 3.7236
 | 17.4476 67.3398 43.4531 0.8655691 CN=C1NC(=O)CCN1C=CC=CC(O)=C1C(=O)NC(CO)CN1CCO 1 N=C1NC(=O)CCN1C=CC=CC=C1NCCNC1=O 1.0000000 1.0000 0.8292885 0.8293 0.6502782 4.5959
 | 10.6979 59.0001 53.0770 0.8756017 NC1=NC(=C(O)C=CC=CN2CC(=O)N3CCCCC3C2=O)C(=O)NC1=O 1 O=C1C=NC(=CC=CC=CN2CC(=O)N3CCCCC3C2=O)C(=O)N1 1.0000000 1.0000 0.7743892 0.7744 0.7788091 4.1800
01:57:24 <INFO> Sampled SMILES O=C1NC(=O)C(=C(O)C=CC=CN2CC(C)(CO)OC=C2=O)C(=O)c2ccccc21 failed to sanitize.
01:57:24 <INFO> Score: 0.73 Agent NLL: 17.20 Valid:  98% Step: 464
 | Agent Prior Target Score SMILES SMILES_state Scaffold DASA DASA (raw) Solubility Solubility (raw) SA SA (raw)
 | 17.1251 61.0952 51.6249 0.8806256 Cn1c(=C2C(=O)NC(=O)NC2=O)cnc(=C(O)C=CC=CN2CCCCC2CO)c1=O 1 O=C1NC(=O)C(=c2cnc(=CC=CC=CN3CCCCC3)c(=O)[nH]2)C(=O)N1 1.0000000 1.0000 0.8079338 0.8079 0.7451552 4.3010
 | 35.5651 117.7852 -117.7852 0.0000000 N1C(=O)C(=C(O)C=CC=CN2CCC=C2CO)C(=O)NC(=CC)S11COC(=O)C(C)=CCO 0 -- 0.0000000 0.0000 0.0000000 0.0000 0.0000000 0.0000
 | 13.9979 57.8523 43.3942 0.7909884 O=C1NC(=CBr)COC(=O)C1=C(O)C=CC=CN1CC=NC1 1 C=C1COC(=O)C(=CC=CC=CN2CC=NC2)C(=O)N1 1.0000000 1.0000 0.6014412 0.6014 0.7108945 4.4139
 | 24.6360 71.9631 -71.9631 0.0000000 O=C1NC(=O)C(=C(O)C=CC=CN2CC(C)(CO)OC=C2=O)C(=O)c2ccccc21 0 -- 0.0000000 0.0000 0.0000000 0.0000 0.0000000 0.0000
 | 15.8308 68.4589 42.2394 0.8648301 CC(=O)NC1CCN(C)C(=C(O)C=CC=CN2CC(O)C2)C(=O)N1 1 O=C1NCCCNC1=CC=CC=CN1CCC1 1.0000000 1.0000 0.7801645 0.7802 0.7203786 4.3835
 | 13.8397 65.1901 46.0312 0.8689161 COC1=CNC(=O)C(=C(O)C=CC=CN2CCOCC2NCCO)C(=O)N1 1 O=C1NC=CNC(=O)C1=CC=CC=CN1CCOCC1 1.0000000 1.0000 0.8125341 0.8125 0.6877189 4.4857
 | 9.0538 63.4167 -63.4167 0.0000000 O=C1CN(C=CC=CC(O)=C2C(=O)NCCCNC2=O)C(=O)NN1 1 O=C1CN(C=CC=CC=C2C(=O)NCCCNC2=O)C(=O)NN1 1.0000000 1.0000 0.8278027 0.8278 0.8630104 3.8010
 | 17.9211 76.2282 39.0117 0.9003122 CC1(C)OC(=O)C(=O)N1C=CC=CC(O)=c1c(=O)[nH]c(=O)c(=CN2CCNC(=O)C2)[nH]c1=O 1 O=C1CN(C=c2[nH]c(=O)c(=CC=CC=CN3COC(=O)C3=O)c(=O)[nH]c2=O)CCN1 1.0000000 1.0000 0.8663902 0.8664 0.7405686 4.3167
 | 12.3515 60.4824 55.8575 0.9089055 O=C1CCN(C=CC=CC(O)=C2C(=O)NC(=O)C(=O)C(CO)NC2=O)C1 1 O=C1CCN(C=CC=CC=C2C(=O)NCC(=O)C(=O)NC2=O)C1 1.0000000 1.0000 0.8565121 0.8565 0.7942179 4.1202
 | 17.3418 85.6397 17.8270 0.8083335 CCN1C(=c2c(=O)[nH]c(=O)[nH]c(=O)c2=C(O)C=CC=CN2CC(=O)OCC(O)C2)C(C)(C)c2ccccc21 1 O=C1CN(C=CC=CC=c2c(=O)[nH]c(=O)[nH]c(=O)c2=C2Cc3ccccc3N2)CCCO1 1.0000000 1.0000 0.6264570 0.6265 0.7418067 4.3125
01:57:25 <INFO> Sampled SMILES O=C1NC(=O)C(=C(O)C=CC=CN2CC(=O)NCC(O)CC2)(O)C(=O)NC1=O failed to sanitize.
01:57:25 <INFO> Sampled SMILES N1C(=O)C(=C(O)C=CC=CN2CC(O)CCC2=O)C(=O)C(=C2C=[N-]C=N2)C1=C1N(C)C(=O)C(=O)N1CC[N+](=O)[O-] failed to sanitize.
01:57:25 <INFO> Score: 0.75 Agent NLL: 17.18 Valid:  98% Step: 465
 | Agent Prior Target Score SMILES SMILES_state Scaffold DASA DASA (raw) Solubility Solubility (raw) SA SA (raw)
 | 13.9887 67.7166 42.2039 0.8587541 NC1=NC(=C(O)C=CC=CN2CC(=O)N3CC(O)CCC3C2=O)C(=O)NN1CCO 1 O=C1NNC=NC1=CC=CC=CN1CC(=O)N2CCCCC2C1=O 1.0000000 1.0000 0.8425452 0.8425 0.6067687 4.7174
 | 8.7385 46.5423 -46.5423 0.0000000 O=C1CNC(=O)C(=C(O)C=CC=CN(CCO)CCO)C(=O)N1 1 C=C1C(=O)NCC(=O)NC1=O 1.0000000 1.0000 0.8831807 0.8832 0.9038247 3.5405
 | 15.8682 53.3385 62.3517 0.9038293 CN1CN(C=CC=CC(O)=C2N=C(N)N(C)NC2=O)C(=O)C1=O 1 O=C1NCN(C=CC=CC=C2N=CNNC2=O)C1=O 1.0000000 1.0000 0.8455508 0.8456 0.7887858 4.1416
 | 8.8404 77.7470 -77.7470 0.0000000 O=C1C(=O)N(CCO)C1=c1c(=O)[nH]c(=O)[nH]c(=O)c1=C(O)C=CC=CNOCCO 1 C=c1c(=O)[nH]c(=O)[nH]c(=O)c1=C1NC(=O)C1=O 1.0000000 1.0000 0.9358334 0.9358 0.8491021 3.8746
 | 18.4726 70.7957 42.6832 0.8865538 C=C1CNCCN1C=CC=CC(O)=C1C(=O)NCC(CNCCO)C(=O)NC1=O 1 C=C1CNCCN1C=CC=CC=C1C(=O)NCCC(=O)NC1=O 1.0000000 1.0000 0.8300253 0.8300 0.7362782 4.3312
 | 35.6627 79.8920 9.6787 0.6997705 CCC=CCC(O)=C1CNC(=O)CC(=C(O)C=CC=CN2CCC(C)(N)CC2=O)C(=O)N1 1 C=C1CNC(=O)CC(=CC=CC=CN2CCCCC2=O)C(=O)N1 1.0000000 1.0000 0.4656670 0.4657 0.5846350 4.7773
 | 16.0251 50.3858 -50.3858 0.0000000 CN1C(=O)NC(=O)C(=C(O)C=CC=CN2CCCCC2C(=O)O)C1=O 1 O=C1NC(=O)C(=CC=CC=CN2CCCCC2)C(=O)N1 1.0000000 1.0000 0.6840322 0.6840 0.8916004 3.6273
 | 21.9716 94.5210 16.0988 0.8642173 C[N+](C)(C)CCCN1C(=O)CN(C=CC=CC(O)=c2c(=O)[nH]c(=O)c(=CC=CN3CCCOC3=O)[nH]c2=O)C(=O)C1=O 1 O=C1CN(C=CC=CC=c2c(=O)[nH]c(=O)c(=CC=CN3CCCOC3=O)[nH]c2=O)C(=O)C(=O)N1 1.0000000 1.0000 0.7647783 0.7648 0.7431614 4.3079
 | 21.6846 89.7115 13.9337 0.8097285 CC(=CC=CN(CCO)CCO)ONC=CC=CC(O)=C1C(=O)NC(=O)NC(=O)C1N1CCSCC1=O 1 C=C1C(=O)NC(=O)NC(=O)C1N1CCSCC1=O 1.0000000 1.0000 0.7025582 0.7026 0.6124743 4.7018
 | 11.7214 74.0886 41.5417 0.9033622 O=C1C(=O)N(CCO)C(=O)C1=c1[nH]c(=O)[nH]c(=O)c1=C(O)C=CC=CN1CC(=O)N2CCCOC2C1=O 1 O=C1NC(=O)C(=c2[nH]c(=O)[nH]c(=O)c2=CC=CC=CN2CC(=O)N3CCCOC3C2=O)C1=O 1.0000000 1.0000 0.8977805 0.8978 0.7083162 4.4220
01:57:26 <INFO> Sampled SMILES N1C(=O)C(=C(O)C=CC=CN2CCC(O)CC2)C(=O)NC(=O)C1N=CCC=NC(CCC=CC(=C1C(=O)NNC(=O)C1)=O)O failed to sanitize.
01:57:26 <INFO> Score: 0.75 Agent NLL: 16.84 Valid:  98% Step: 466
 | Agent Prior Target Score SMILES SMILES_state Scaffold DASA DASA (raw) Solubility Solubility (raw) SA SA (raw)
 | 12.1490 63.3462 54.7458 0.9225939 N=C1NC(=O)C(=C(O)C=CC=CN2CCNC(=O)C2)C(=O)NC1=O 1 N=C1NC(=O)C(=CC=CC=CN2CCNC(=O)C2)C(=O)NC1=O 1.0000000 1.0000 0.8556655 0.8557 0.8605446 3.8145
 | 17.6781 94.5112 10.1155 0.8173965 O=c1[nH]c(=O)c(=C(O)C=CC=CN2CCCCO2)ncc1=C(O)C=CC=CN1CCOCC1 1 O=c1[nH]c(=O)c(=CC=CC=CN2CCCCO2)ncc1=CC=CC=CN1CCOCC1 1.0000000 1.0000 0.6504235 0.6504 0.7365099 4.3304
 | 6.6294 65.3307 -65.3307 0.0000000 O=C1CN(C=CC=CC(O)=C2C(=O)NC(=O)C(=O)C(=O)NC2=O)C(=O)CN1 1 O=C1CN(C=CC=CC=C2C(=O)NC(=O)C(=O)C(=O)NC2=O)C(=O)CN1 1.0000000 1.0000 0.8958992 0.8959 0.9018509 3.5551
 | 23.7360 67.1475 41.6143 0.8497021 O=C1NC(=O)c2ccccc2C1=C(O)C=CC=CN1C(=O)N(CO)C(=O)CNC1C(=O)O 1 O=C1CNCN(C=CC=CC=C2C(=O)NC(=O)c3ccccc32)C(=O)N1 1.0000000 1.0000 0.6928854 0.6929 0.8081510 4.0632
 | 16.1556 49.0801 56.0190 0.8210862 CC1=CC(=C(O)C=CC=CN2CCCC2)C(=O)NN1O 1 O=C1NNC=CC1=CC=CC=CN1CCCC1 1.0000000 1.0000 0.6108661 0.6109 0.8416575 3.9117
 | 15.1905 60.2783 -60.2783 0.0000000 CN(C=CC=CC(O)=c1c(=O)[nH]c(=O)n(C)c1=C1C(=O)C(=O)N(C)C1=O)CCO 1 C=c1c(=O)[nH]c(=O)[nH]c1=C1C(=O)NC(=O)C1=O 1.0000000 1.0000 0.8934302 0.8934 0.8638102 3.7966
 | 15.6805 75.6729 41.5319 0.9156623 CN1NC(=O)C(=C(O)C=CC=CN2CCN(CCO)C(=O)C2=O)C(=O)NC(=O)C1O 1 O=C1CNNC(=O)C(=CC=CC=CN2CCNC(=O)C2=O)C(=O)N1 1.0000000 1.0000 0.8948905 0.8949 0.7647389 4.2321
 | 14.0129 53.9699 52.9969 0.8356781 C=C1CC(=O)C(=C(O)C=CC=CN2CCC(O)CC2)C(=O)N1C 1 C=C1CC(=O)C(=CC=CC=CN2CCCCC2)C(=O)N1 1.0000000 1.0000 0.6217949 0.6218 0.8949987 3.6041
 | 12.9662 62.7509 50.5157 0.8848960 O=C1NC(=O)C(=C(O)C=CC=CN2CC=CC2=O)C(=O)NC(O)N1 1 O=C1NCNC(=O)C(=CC=CC=CN2CC=CC2=O)C(=O)N1 1.0000000 1.0000 0.8318391 0.8318 0.7262989 4.3642
 | 9.2982 58.3943 -58.3943 0.0000000 O=C1CN(C=CC=CC(O)=C2C(=O)NNC(=O)NC2=O)C(=O)CN1 1 O=C1CN(C=CC=CC=C2C(=O)NNC(=O)NC2=O)C(=O)CN1 1.0000000 1.0000 0.8712671 0.8713 0.8650608 3.7896
01:57:27 <INFO> Score: 0.79 Agent NLL: 17.84 Valid: 100% Step: 467
 | Agent Prior Target Score SMILES SMILES_state Scaffold DASA DASA (raw) Solubility Solubility (raw) SA SA (raw)
 | 18.4715 74.1207 44.0376 0.9231113 COC1=CC(=O)CN(C=CC=CC(O)=C2C(=O)NC(=O)C(=O)C(=O)NC2=O)C1=O 1 O=C1C=CC(=O)N(C=CC=CC=C2C(=O)NC(=O)C(=O)C(=O)NC2=O)C1 1.0000000 1.0000 0.8455527 0.8456 0.8812270 3.6944
 | 22.0914 66.7183 36.2889 0.8047441 CCC1NC(=O)C(=C(O)C=CC=CN2CC(=O)N3CC(O)C(O)C(O)C23)C(=O)N1C 1 O=C1NCNC(=O)C1=CC=CC=CN1CC(=O)N2CCCCC12 1.0000000 1.0000 0.8314676 0.8315 0.4415442 5.1530
 | 18.4980 65.0804 47.4921 0.8794727 CC(=O)NCC1COCCN1C=CC=CC(O)=C1N=C(N)C(=O)N(C)C1=O 1 O=C1C=NC(=CC=CC=CN2CCOCC2)C(=O)N1 1.0000000 1.0000 0.7880698 0.7881 0.7729996 4.2018
 | 19.5289 56.9417 57.1960 0.8917007 NCCCN1CCN(C=CC=CC(O)=c2sc(=CC=O)[nH]c2=O)C1 1 C=c1[nH]c(=O)c(=CC=CC=CN2CCNC2)s1 1.0000000 1.0000 0.7984162 0.7984 0.8123606 4.0454
 | 20.7788 79.7751 31.5978 0.8701002 CC(ONC1CNC(=O)C(=C(O)C=CC=CN2CC(=O)NNC2=O)C(=O)NC1=O)C(N)=O 1 O=C1CN(C=CC=CC=C2C(=O)NCCC(=O)NC2=O)C(=O)NN1 1.0000000 1.0000 0.8927098 0.8927 0.5874835 4.7697
 | 16.7234 57.8626 57.0389 0.8976679 O=C1CN(C=CC=CC(O)=C2CCC(=O)C(=O)NC2=O)C(=O)N1 1 O=C1CN(C=CC=CC=C2CCC(=O)C(=O)NC2=O)C(=O)N1 1.0000000 1.0000 0.7835032 0.7835 0.8695329 3.7643
 | 20.1716 68.3474 34.3937 0.8026646 CN1CCCC1NC1COCCN1C=CC=CC(O)=C1C(=O)NC(=S)N=C1N 1 O=C1NC(=S)N=CC1=CC=CC=CN1CCOCC1NC1CCCN1 1.0000000 1.0000 0.7003902 0.7004 0.5881106 4.7680
 | 15.9542 57.5376 55.0152 0.8793187 CC(=O)OCC1=CC(=C(O)C=CC=CN2CCNCC2=O)C(=O)N(C)C1=O 1 O=C1C=CC(=CC=CC=CN2CCNCC2=O)C(=O)N1 1.0000000 1.0000 0.7344648 0.7345 0.8736123 3.7406
 | 12.0569 57.6624 -57.6624 0.0000000 O=C(O)C=C1CC(=O)C(=C(O)C=CC=CN2CCC(O)CC2)C(=O)N1 1 C=C1CC(=O)C(=CC=CC=CN2CCCCC2)C(=O)N1 1.0000000 1.0000 0.6967370 0.6967 0.8813038 3.6940
 | 21.4673 84.9959 16.9488 0.7964430 CCCOC=C1NC(=O)C(=C(O)C=CC=CN2CC(=O)N3CC(O)C(=O)C3C2=O)C(=O)NC1C(=O)O 1 C=C1CNC(=O)C(=CC=CC=CN2CC(=O)N3CCC(=O)C3C2=O)C(=O)N1 1.0000000 1.0000 0.7999251 0.7999 0.4474308 5.1375
01:57:27 <INFO> Sampled SMILES O=C1NC(=O)C(=C(O)C=CC=CN2CC=C(CO)(NC)C2=O)C(=O)C1=C(O)C failed to sanitize.
01:57:28 <INFO> Score: 0.75 Agent NLL: 17.44 Valid:  98% Step: 468
 | Agent Prior Target Score SMILES SMILES_state Scaffold DASA DASA (raw) Solubility Solubility (raw) SA SA (raw)
 | 16.8655 65.7029 47.0615 0.8809715 CC1=NOC(=O)C1=c1oc(=C(O)C=CC=CN2CC(=O)NNC2=O)c(=O)n1C 1 O=C1CN(C=CC=CC=c2oc(=C3C=NOC3=O)[nH]c2=O)C(=O)NN1 1.0000000 1.0000 0.8268636 0.8269 0.7170354 4.3943
 | 18.2763 59.6839 55.9332 0.9032590 C=C1C(=C(O)C=CC=C(C)N(CCO)CCO)C(=O)N1CCOCCO 1 C=C1NC(=O)C1=C 1.0000000 1.0000 0.7782850 0.7783 0.9089121 3.5014
 | 18.1749 71.7886 -71.7886 0.0000000 CNCNC=CC=CC(O)=c1c(=O)[nH]c(=O)[nH]c1=C1C(=O)C(=O)N(CCO)C1=O 1 C=c1c(=O)[nH]c(=O)[nH]c1=C1C(=O)NC(=O)C1=O 1.0000000 1.0000 0.9262372 0.9262 0.8498066 3.8710
 | 10.2893 65.4667 -65.4667 0.0000000 CC(O)=C1C(=O)C(=C(O)C=CC=CN2CC(=O)N3CCCCC3C2=O)C(=O)N1C 1 C=C1NC(=O)C(=CC=CC=CN2CC(=O)N3CCCCC3C2=O)C1=O 1.0000000 1.0000 0.5974515 0.5975 0.7934875 4.1231
 | 30.1784 95.0361 10.0261 0.8207982 C=C1C=CN(C=CC=CC(O)=c2c(=O)[nH]c(=O)[nH]c(=O)c2=C2C(=O)N(C3CCN(C)CC3)N=C2C)CC1 1 C=C1C=CN(C=CC=CC=c2c(=O)[nH]c(=O)[nH]c(=O)c2=C2C=NN(C3CCNCC3)C2=O)CC1 1.0000000 1.0000 0.6453429 0.6453 0.7631457 4.2378
 | 14.0243 67.6443 47.2598 0.8976886 NC1=NC(=C(O)C=CC=CN2CCC(O)CC2)C(=O)NC(=O)N1CC(=O)O 1 O=C1NC=NC(=CC=CC=CN2CCCCC2)C(=O)N1 1.0000000 1.0000 0.7724040 0.7724 0.8916248 3.6271
 | 25.6794 76.6727 24.5803 0.7910390 O=C1NC=NC(=C(O)C=CC=CN2CCC=C2N=CCN2CCCC2)C(=O)N1 1 O=C1NC=NC(=CC=CC=CN2CCC=C2N=CCN2CCCC2)C(=O)N1 1.0000000 1.0000 0.5806315 0.5806 0.7563330 4.2621
 | 25.5202 79.3319 17.7934 0.7587913 CC=CC(O)=C1NC(=O)C(=C(O)C=CC=CN2CCC2N=CCCN)C1=O 1 C=C1NC(=O)C(=CC=CC=CN2CCC2)C1=O 1.0000000 1.0000 0.6024252 0.6024 0.5699174 4.8166
 | 18.2070 63.1337 50.7921 0.8900455 CN=C1N(C)CN(CCO)CN1C=CC=CC(O)=C1C(=O)NN=C1N 1 N=C1NCNCN1C=CC=CC=C1C=NNC1=O 1.0000000 1.0000 0.8230353 0.8230 0.7628368 4.2389
 | 14.2707 65.7275 39.7338 0.8239161 CCN1C(=O)C(=C(O)C=CC=CN2CC(=O)N3CCCOC3C2=O)N(CC)C1=O 1 O=C1NC(=O)C(=CC=CC=CN2CC(=O)N3CCCOC3C2=O)N1 1.0000000 1.0000 0.6483464 0.6483 0.7721884 4.2048
01:57:29 <INFO> Score: 0.79 Agent NLL: 17.71 Valid: 100% Step: 469
 | Agent Prior Target Score SMILES SMILES_state Scaffold DASA DASA (raw) Solubility Solubility (raw) SA SA (raw)
 | 21.2839 65.4834 45.1709 0.8644869 CC(=O)OCC1=NC(=C(O)C=CC=CN2CCC(C(=O)O)C2=O)C(=O)NC1=O 1 O=C1C=NC(=CC=CC=CN2CCCC2=O)C(=O)N1 1.0000000 1.0000 0.7584728 0.7585 0.7552429 4.2660
 | 15.1761 66.0927 51.9567 0.9222608 CCn1c(=O)c(=C(O)C=CC=CN2CC(=O)NCCC2=O)c(=O)n(C)c1=C1C(=O)NC(=O)NC1=O 1 O=C1CN(C=CC=CC=c2c(=O)[nH]c(=C3C(=O)NC(=O)NC3=O)[nH]c2=O)C(=O)CCN1 1.0000000 1.0000 0.8693221 0.8693 0.8354412 3.9416
 | 14.4668 69.1719 37.7449 0.8352875 O=C1NC(O)C(CO)NC(=O)C1=C(O)C=CC=CN1CCOCC1=CO 1 C=C1COCCN1C=CC=CC=C1C(=O)NCCNC1=O 1.0000000 1.0000 0.8181965 0.8182 0.5522530 4.8633
 | 17.4674 59.7641 44.3889 0.8136948 C=C1CC2(NC(=O)NC(=O)C2=C(O)C=CC=CN2CCNC(=O)C2)C(=O)N1 1 C=C1CC2(NC(=O)NC(=O)C2=CC=CC=CN2CCNC(=O)C2)C(=O)N1 1.0000000 1.0000 0.7844608 0.7845 0.5181115 4.9528
 | 11.6737 66.3115 53.3124 0.9345611 COC=c1c(=O)[nH]c(=O)c(=C(O)C=CC=CN2CC(=O)NC(=O)C2=O)c(=O)[nH]c1=O 1 C=c1c(=O)[nH]c(=O)c(=CC=CC=CN2CC(=O)NC(=O)C2=O)c(=O)[nH]c1=O 1.0000000 1.0000 0.9189240 0.9189 0.8127391 4.0437
 | 14.3774 71.4988 41.5884 0.8834940 C=C1C(=O)NC(=O)C(=C(O)C=CC=CN(CCO)CCO)C(=O)NC(=O)C1N 1 C=C1CC(=O)NC(=O)C(=C)C(=O)NC1=O 1.0000000 1.0000 0.8798988 0.8799 0.6528473 4.5886
 | 23.4909 64.0492 52.3272 0.9091911 O=C1NC(=O)N(O)C(O)C(=O)C1=C(O)C=CC=CN(CCO)CCO 1 C=C1C(=O)CNC(=O)NC1=O 1.0000000 1.0000 0.8672931 0.8673 0.7783042 4.1819
 | 16.0167 62.6330 54.4401 0.9146336 NCCCC1NC(=O)C(=C(O)C=CC=CN2CC(=O)NC(=O)C2)C(=O)NC1=O 1 O=C1CN(C=CC=CC=C2C(=O)NCC(=O)NC2=O)CC(=O)N1 1.0000000 1.0000 0.8600385 0.8600 0.8149692 4.0342
 | 11.4398 58.1234 58.9814 0.9148813 O=C1CN(C=CC=CC(O)=C2N=C(NCCCO)NC2=O)CCN1 1 O=C1CN(C=CC=CC=C2N=CNC2=O)CCN1 1.0000000 1.0000 0.8359430 0.8359 0.8577399 3.8296
 | 14.7974 58.3981 56.1341 0.8947828 O=C1CN(C=CC=CC(O)=C2C(=O)NC(=O)N(CCBr)C2=O)C(=O)C(=O)N1 1 O=C1CN(C=CC=CC=C2C(=O)NC(=O)NC2=O)C(=O)C(=O)N1 1.0000000 1.0000 0.7605410 0.7605 0.9006436 3.5640
01:57:29 <INFO> Sampled SMILES N1C(=O)C(=C(O)C=CC=CN2CC=C(Br)CC=C2=O)C(=O)c2ccccc21 failed to sanitize.
01:57:29 <INFO> Sampled SMILES CN1C(=O)C(=C(O)C=CC=CN2CC=c3c2[nH]c(=C2C(=O)NC(=O)C2)n3)N(CCO)C1=CC=CN(C)CCOC(=O)C failed to sanitize.
01:57:29 <INFO> Sampled SMILES O=C1NC(=O)NC(=O)C(=C(O)C=CC=CN2CCC(CO)=C2=O)C1=C1C(=O)C(=O)N1CCO failed to sanitize.
01:57:29 <INFO> Score: 0.70 Agent NLL: 17.22 Valid:  98% Step: 470
 | Agent Prior Target Score SMILES SMILES_state Scaffold DASA DASA (raw) Solubility Solubility (raw) SA SA (raw)
 | 18.6317 74.5418 42.1211 0.9114294 O=C(O)CN1CC(=O)N(C=CC=CC(O)=c2c(=O)[nH]c(=O)[nH]c(=O)c2=C2C(=O)NC(=O)NC2O)CC1=O 1 O=C1CN(C=CC=CC=c2c(=O)[nH]c(=O)[nH]c(=O)c2=C2CNC(=O)NC2=O)C(=O)CN1 1.0000000 1.0000 0.9295852 0.9296 0.6982964 4.4533
 | 14.8682 55.4187 54.6063 0.8595697 CN1NC(=O)C(=C(O)C=CC=CN2CC(=O)N3CCCCC3C2)C1=O 1 O=C1NNC(=O)C1=CC=CC=CN1CC(=O)N2CCCCC2C1 1.0000000 1.0000 0.7174144 0.7174 0.8079382 4.0641
 | 15.5979 77.3280 42.5749 0.9367409 O=C1CN(C=CC=CC(O)=C2C(=O)NC(=O)C(NCCO)C(=O)NC2=O)OC(=O)CN1 1 O=C1CN(C=CC=CC=C2C(=O)NC(=O)CC(=O)NC2=O)OC(=O)CN1 1.0000000 1.0000 0.9099742 0.9100 0.8369538 3.9344
 | 19.1673 89.9159 15.6623 0.8248293 N=C1NC(=O)C(=C(O)C=CC=CN2CC(=O)N3CC(O)C(=O)C3C2=O)C(=O)NC(=O)C1C=O 1 N=C1CC(=O)NC(=O)C(=CC=CC=CN2CC(=O)N3CCC(=O)C3C2=O)C(=O)N1 1.0000000 1.0000 0.8787936 0.8788 0.4561517 5.1146
 | 11.2738 53.7634 57.5547 0.8696731 CN1C(=O)C(=C(O)C=CC=CN2CCCNCC2)N(C)C1=O 1 O=C1NC(=O)C(=CC=CC=CN2CCCNCC2)N1 1.0000000 1.0000 0.6951579 0.6952 0.9077646 3.5104
 | 12.2338 55.3495 59.9907 0.9010953 NC1=NC(=C(O)C=CC=CN2CCC(=O)C2)C(=O)NN1CC(=O)O 1 O=C1CCN(C=CC=CC=C2N=CNNC2=O)C1 1.0000000 1.0000 0.8229390 0.8229 0.8140537 4.0381
 | 19.6038 92.4171 22.7673 0.8998781 CC(=CC=c1c(=O)[nH]c(=O)c(=C(O)C=CC=CN2CN(CCO)NN2)[nH]c1=O)N(CCO)CCO 1 C=c1c(=O)[nH]c(=O)c(=CC=CC=CN2CNNN2)[nH]c1=O 1.0000000 1.0000 0.9139431 0.9139 0.6727532 4.5305
 | 15.0431 61.5742 37.1434 0.7712310 CC1OC(=O)C2(NC(=O)NC(=O)C2=C(O)C=CC=CN2CC(O)C2)O1 1 O=C1NC(=O)C(=CC=CC=CN2CCC2)C2(N1)OCOC2=O 1.0000000 1.0000 0.7921870 0.7922 0.3843881 5.3068
 | 13.6939 58.2088 55.8708 0.8912466 NCCCCCCN1NC(=O)C(=C(O)C=CC=CN2CCNC(=O)C2)N=C1N 1 O=C1CN(C=CC=CC=C2N=CNNC2=O)CCN1 1.0000000 1.0000 0.7774965 0.7775 0.8487245 3.8765
 | 9.1735 80.3598 -80.3598 0.0000000 O=C1NC(=O)C(=c2c(=O)[nH]c(=O)[nH]c(=O)c2=C(O)C=CC=CN2CC(=O)N(CCO)CC2=O)C(=O)N1 1 O=C1CN(C=CC=CC=c2c(=O)[nH]c(=O)[nH]c(=O)c2=C2C(=O)NC(=O)NC2=O)C(=O)CN1 1.0000000 1.0000 0.9305166 0.9305 0.8442162 3.8991
01:57:30 <INFO> Score: 0.78 Agent NLL: 18.82 Valid: 100% Step: 471
 | Agent Prior Target Score SMILES SMILES_state Scaffold DASA DASA (raw) Solubility Solubility (raw) SA SA (raw)
 | 30.4498 87.3703 20.9834 0.8465133 CC(C=CN1CC(=O)N(CCO)C(=O)C1=S)=CC(O)=C1CSNC(=O)NC1=O 1 O=C1CN(C=CC=CC=C2CSNC(=O)NC2=O)C(=S)C(=O)N1 1.0000000 1.0000 0.7025761 0.7026 0.7733287 4.2005
 | 17.0481 65.4899 45.0560 0.8636392 CC(CO)=C1CC(=C(O)C=CC=CN2CC(=O)NNC2=O)C(=O)N1 1 C=C1CC(=CC=CC=CN2CC(=O)NNC2=O)C(=O)N1 1.0000000 1.0000 0.7605689 0.7606 0.7477428 4.2921
 | 16.4175 61.3880 50.8992 0.8772440 NC1=NC(=C(O)C=CC=CN2CC(=O)NCC2=O)C(=O)NN1CC(O)CN1CCCCC1 1 O=C1CN(C=CC=CC=C2N=CN(CCCN3CCCCC3)NC2=O)C(=O)CN1 1.0000000 1.0000 0.8046013 0.8046 0.7355564 4.3336
 | 22.6488 67.4555 39.5592 0.8360520 CC1(C)COC(=C2C(=O)NC(=O)C2=C(O)C=CC=CN2CC(=O)NCC2=O)C(O)C1 1 O=C1CN(C=CC=CC=C2C(=O)NC(=O)C2=C2CCCCO2)C(=O)CN1 1.0000000 1.0000 0.7090703 0.7091 0.7128834 4.4076
 | 15.5052 55.3102 54.8850 0.8609004 O=C1NC(=O)c2ccccc2C1=C(O)C=CC=CN1CC(O)C(=O)N1 1 O=C1CCN(C=CC=CC=C2C(=O)NC(=O)c3ccccc32)N1 1.0000000 1.0000 0.7061003 0.7061 0.8375034 3.9318
 | 13.5541 63.8047 50.8456 0.8957052 CC(C=CN1CCOCC1)=CC(O)=C1C(=O)NC(=O)N(CCO)C(=O)NC1=O 1 O=C1NC(=O)NC(=O)C(=CC=CC=CN2CCOCC2)C(=O)N1 1.0000000 1.0000 0.7529382 0.7529 0.9215900 3.3948
 | 12.4819 84.4865 27.7872 0.8771382 O=C1NC(=O)C(=c2c(=O)[nH]c(=O)[nH]c(=O)c2=C(O)C=CC=CN2CC(=O)N3C(C2)NC(=O)C3CO)C(=O)N1 1 O=C1CN2C(=O)CN(C=CC=CC=c3c(=O)[nH]c(=O)[nH]c(=O)c3=C3C(=O)NC(=O)NC3=O)CC2N1 1.0000000 1.0000 0.9390179 0.9390 0.5609546 4.8404
 | 25.3535 77.2212 30.2416 0.8395530 C=CCCN(C)CC(O)C1=C(C)NC(=O)C(=C(O)C=CC=CN2CC(=O)NCCC2=O)C(=O)N1 1 O=C1CN(C=CC=CC=C2C(=O)NC=CNC2=O)C(=O)CCN1 1.0000000 1.0000 0.7131731 0.7132 0.7213758 4.3803
 | 23.7985 69.7757 40.0072 0.8576789 CC(=O)NCCCOC(=O)C1=COC(=C(O)C=CC=CN2CCCNC(=O)C2)C(=O)N1C 1 O=C1CN(C=CC=CC=C2OC=CNC2=O)CCCN1 1.0000000 1.0000 0.6840731 0.6841 0.8680114 3.7730
 | 22.4223 72.6289 32.3740 0.8203357 O=C1NC(=O)C(=C(O)C=CC=CN2CC2)C2(CC(=O)C(O)C2=O)C(=O)N1 1 O=C1CC(=O)C2(C1)C(=O)NC(=O)NC(=O)C2=CC=CC=CN1CC1 1.0000000 1.0000 0.8206448 0.8206 0.4996712 5.0009
01:57:31 <INFO> Score: 0.79 Agent NLL: 17.68 Valid: 100% Step: 472
 | Agent Prior Target Score SMILES SMILES_state Scaffold DASA DASA (raw) Solubility Solubility (raw) SA SA (raw)
 | 14.9991 56.3921 60.7042 0.9148143 NC1=NC(=O)CCN1C=CC=CC(O)=C1C(=O)NC(=O)N(N)C1=O 1 O=C1CCN(C=CC=CC=C2C(=O)NC(=O)NC2=O)C=N1 1.0000000 1.0000 0.8389416 0.8389 0.8520545 3.8595
 | 14.9882 20.1984 -20.1794 0.0001484 O=C1CNC(=O)NN1 1 O=C1CNC(=O)NN1 0.0000000 0.0000 0.9157133 0.9157 0.9282416 3.3323
 | 9.7801 51.4651 64.6964 0.9075114 C=C1C(=O)NC(=O)C(=C(O)C=CC=CN2CCNC(=O)C2)C1=O 1 C=C1C(=O)NC(=O)C(=CC=CC=CN2CCNC(=O)C2)C1=O 1.0000000 1.0000 0.8070117 0.8070 0.8743469 3.7362
 | 8.7996 63.9980 -63.9980 0.0000000 O=C1NC(=S)NC(=O)C1=c1c(=O)[nH]c(=O)[nH]c(=O)c1=C(O)C=CC=CN(CCO)CCO 1 C=c1c(=O)[nH]c(=O)[nH]c(=O)c1=C1C(=O)NC(=S)NC1=O 1.0000000 1.0000 0.9238459 0.9238 0.8498495 3.8708
 | 17.9554 71.2954 37.3885 0.8490930 CC(=O)N=C1C(=O)NC(=O)C(=C(O)C=CC=CN2CCC(CO)C2)C(O)N1C 1 N=C1NCC(=CC=CC=CN2CCCC2)C(=O)NC1=O 1.0000000 1.0000 0.7709911 0.7710 0.6678495 4.5450
 | 23.3991 78.9774 14.1057 0.7272120 CC1=CN2C(=O)CN(C=CC=CC(O)=C3CCC(=O)NC3=O)C(=O)C2C(=C(C)O)C=C1 1 C=C1C=CC=CN2C(=O)CN(C=CC=CC=C3CCC(=O)NC3=O)C(=O)C12 1.0000000 1.0000 0.4974943 0.4975 0.6372962 4.6328
 | 28.4620 69.7562 -69.7562 0.0000000 NC(CF)=c1[nH]c(=O)c(=C(O)C=C(O)C=CN2CCOCC2)[nH]1 1 C=c1[nH]c(=O)c(=CC=CC=CN2CCOCC2)[nH]1 1.0000000 1.0000 0.8167318 0.8167 0.7820091 4.1678
 | 13.2796 61.6014 43.3375 0.8198350 CC1CCN(C=CC=CC(O)=C2C(=O)NC(C)C(O)NC2=O)C(=O)C1 1 O=C1NCCNC(=O)C1=CC=CC=CN1CCCCC1=O 1.0000000 1.0000 0.7143599 0.7144 0.6349053 4.6395
 | 10.8368 52.5540 64.1188 0.9115061 CC(=O)NC1=NC(=C(O)C=CC=CN2CC2)C(=O)NC1=O 1 O=C1C=NC(=CC=CC=CN2CC2)C(=O)N1 1.0000000 1.0000 0.8068050 0.8068 0.8951439 3.6031
 | 6.1215 65.6123 -65.6123 0.0000000 O=C1CN(C=CC=CC(O)=C2C(=O)NC(=O)C(=O)C(=O)NC2=O)C(=O)C(=O)N1 1 O=C1CN(C=CC=CC=C2C(=O)NC(=O)C(=O)C(=O)NC2=O)C(=O)C(=O)N1 1.0000000 1.0000 0.9078178 0.9078 0.9054993 3.5278
01:57:32 <INFO> Score: 0.75 Agent NLL: 18.30 Valid: 100% Step: 473
 | Agent Prior Target Score SMILES SMILES_state Scaffold DASA DASA (raw) Solubility Solubility (raw) SA SA (raw)
 | 17.0357 56.2389 47.8995 0.8135812 CCC(C)N1C(=O)NC(=O)C(=C(O)C=CC=CN2CCCO2)C1=O 1 O=C1NC(=O)C(=CC=CC=CN2CCCO2)C(=O)N1 1.0000000 1.0000 0.6118140 0.6118 0.7998727 4.0974
 | 7.4649 62.9751 -62.9751 0.0000000 NC=CC=CC(O)=c1c(=O)[nH]c(=O)[nH]c(=O)c1=C1C(=O)NC(=O)NC1=O 1 C=c1c(=O)[nH]c(=O)[nH]c(=O)c1=C1C(=O)NC(=O)NC1=O 1.0000000 1.0000 0.9219546 0.9220 0.8769511 3.7207
 | 13.8735 69.9619 46.9142 0.9130938 COCCN1C(=O)C(=O)C(=c2[nH]c(=O)[nH]c(=O)c2=C(O)C=CC=CN2CC(=O)N3CCCCN=C3C2=O)C1=O 1 O=C1NC(=O)C(=c2[nH]c(=O)[nH]c(=O)c2=CC=CC=CN2CC(=O)N3CCCCN=C3C2=O)C1=O 1.0000000 1.0000 0.8439407 0.8439 0.8349490 3.9439
 | 11.6865 83.3593 36.8775 0.9393493 O=C1CN(CCO)C(=O)CN1C=CC=CC(O)=c1c(=O)[nH]c(=O)[nH]c(=O)c1=C1CN1CCO 1 O=C1CN(C=CC=CC=c2c(=O)[nH]c(=O)[nH]c(=O)c2=C2CN2)C(=O)CN1 1.0000000 1.0000 0.9220127 0.9220 0.8299517 3.9673
 | 12.5214 62.9894 52.2344 0.9001861 CN(C=c1cnc(=C(O)C=CC=CN2CC(O)C2)c(=O)[nH]1)CCO 1 C=c1cnc(=CC=CC=CN2CCC2)c(=O)[nH]1 1.0000000 1.0000 0.8659032 0.8659 0.7407527 4.3161
 | 22.5756 71.6586 32.7853 0.8159675 COC=C1CCOC(=O)C(=C(O)C=CC=CN2CC=C(CO)OC2=O)C(=O)N1 1 C=C1CCOC(=O)C(=CC=CC=CN2CC=COC2=O)C(=O)N1 1.0000000 1.0000 0.6380472 0.6380 0.7547274 4.2678
 | 14.8004 62.8332 47.3183 0.8605586 Cn1c(=CF)oc(=O)c(=C(O)C=CC=CN2CCC(=O)O2)c1=O 1 C=c1[nH]c(=O)c(=CC=CC=CN2CCC(=O)O2)c(=O)o1 1.0000000 1.0000 0.7932044 0.7932 0.6818259 4.5035
 | 25.8737 72.4272 37.7825 0.8610129 CC(C=CN1CCN(C)CC1=O)=CC(O)=C1C(=O)NC(=O)C(N)C(O)C1O 1 O=C1CCCC(=CC=CC=CN2CCNCC2=O)C(=O)N1 1.0000000 1.0000 0.8485613 0.8486 0.6075824 4.7152
 | 17.4095 60.6981 54.2512 0.8980412 COC1(OC)NC(=O)C(=C(O)C=CC=CN2CCC(=O)C2)C(=O)NC1=O 1 O=C1CCN(C=CC=CC=C2C(=O)NCC(=O)NC2=O)C1 1.0000000 1.0000 0.8051661 0.8052 0.8308177 3.9633
 | 23.1705 68.8283 25.9015 0.7400764 CSCCC1CCCCN2C(=O)CN(C=CC=CC(O)=C3NCCC(=O)NC3=O)OC12 1 O=C1CCNC(=CC=CC=CN2CC(=O)N3CCCCCC3O2)C(=O)N1 1.0000000 1.0000 0.5302668 0.5303 0.6249378 4.6674
01:57:33 <INFO> Score: 0.72 Agent NLL: 17.35 Valid:  99% Step: 474
 | Agent Prior Target Score SMILES SMILES_state Scaffold DASA DASA (raw) Solubility Solubility (raw) SA SA (raw)
 | 23.5875 73.3124 34.9105 0.8454911 C[N+](C)(C)CC(=O)NCCCN(CO)C1=CC(=C(O)C=CC=CN2CCCC(O)C2)C(=O)NC1=O 1 O=C1C=CC(=CC=CC=CN2CCCCC2)C(=O)N1 1.0000000 1.0000 0.7326676 0.7327 0.7140609 4.4038
 | 12.2033 50.8941 -50.8941 0.0000000 CNC=CC=CC(O)=C1C(=O)NC(=O)NC(=O)C1C 1 C=C1CC(=O)NC(=O)NC1=O 1.0000000 1.0000 0.7695139 0.7695 0.8331801 3.9523
 | 28.4790 83.8716 24.0250 0.8429420 CCN1C(C(=O)O)CCN(C=CC=CC(O)=C2C(=O)NC(=O)C(N)N(C)C2=O)N1C 1 O=C1CNC(=O)C(=CC=CC=CN2CCCNN2)C(=O)N1 1.0000000 1.0000 0.7933381 0.7933 0.6114851 4.7045
 | 34.8416 115.3323 -115.3323 0.0000000 N1C(=O)C(=C(O)C=CC=CN2CCOCCC2)CCC1=C(C)C=CC=CN2CC(=O)N(CCO)CCO1 0 -- 0.0000000 0.0000 0.0000000 0.0000 0.0000000 0.0000
 | 13.9337 80.1169 38.2657 0.9248639 O=C1CN(C=CC=CC(O)=C2C(=O)NC(=O)C(NCCO)C(=O)NC2=O)C(O)=CCN1 1 O=C1CN(C=CC=CC=C2C(=O)NC(=O)CC(=O)NC2=O)C=CCN1 1.0000000 1.0000 0.8749676 0.8750 0.8383446 3.9278
 | 21.2636 74.4791 33.9848 0.8473746 O=C1CC(=C(O)C=CC=CN2CC(=O)N3C(O)OC(=O)C3(CO)C2=O)C(=O)NC(=O)N1 1 O=C1CC(=CC=CC=CN2CC(=O)N3COC(=O)C3C2=O)C(=O)NC(=O)N1 1.0000000 1.0000 0.8693654 0.8694 0.5355400 4.9072
 | 14.1037 56.4742 -56.4742 0.0000000 Cn1c(=C2C(=O)OC(C)(C)OC2=O)oc(=C(O)C=CC=CN2CCCO2)c1=O 1 O=C1OCOC(=O)C1=c1[nH]c(=O)c(=CC=CC=CN2CCCO2)o1 1.0000000 1.0000 0.7276586 0.7277 0.7681729 4.2196
 | 8.7652 69.9350 49.3934 0.9322527 O=C1CCN(C=CC=CC(O)=C2C(=O)NC(=O)C(=O)C(=O)NC2=O)C(=O)N1 1 O=C1CCN(C=CC=CC=C2C(=O)NC(=O)C(=O)C(=O)NC2=O)C(=O)N1 1.0000000 1.0000 0.8535111 0.8535 0.9129261 3.4692
 | 8.5375 62.2159 -62.2159 0.0000000 O=C1NC(=O)C(=C(O)C=CC=CN2CCC(CO)CC2)C(=O)NC1=O 1 O=C1NC(=O)C(=CC=CC=CN2CCCCC2)C(=O)NC1=O 1.0000000 1.0000 0.8076694 0.8077 0.9283937 3.3308
 | 33.7767 80.2314 29.1916 0.8548670 CCN1C(=O)C(=O)NC(=O)C1=C(O)C=CC=CN1CC(COC[N+](=O)[O-])C(=O)NC1=O 1 O=C1CCN(C=CC=CC=C2NC(=O)C(=O)NC2=O)C(=O)N1 1.0000000 1.0000 0.7884170 0.7884 0.6654944 4.5519
01:57:34 <INFO> Score: 0.75 Agent NLL: 18.16 Valid: 100% Step: 475
 | Agent Prior Target Score SMILES SMILES_state Scaffold DASA DASA (raw) Solubility Solubility (raw) SA SA (raw)
 | 22.3123 76.1432 20.1797 0.7525224 O=C1NC(=O)C(=C(O)C=CC=CN2CC(=O)N3CCCC3S2)N=C1NC1CCOC(CO)C1O 1 O=C1NC(=O)C(NC2CCOCC2)=NC1=CC=CC=CN1CC(=O)N2CCCC2S1 1.0000000 1.0000 0.7198134 0.7198 0.3995692 5.2653
 | 7.2014 72.3259 -72.3259 0.0000000 O=C1C(=O)N(CCO)C(=O)C1=c1c(=O)[nH]c(=O)[nH]c(=O)c1=C(O)C=CC=CNCCO 1 C=c1c(=O)[nH]c(=O)[nH]c(=O)c1=C1C(=O)NC(=O)C1=O 1.0000000 1.0000 0.9393732 0.9394 0.8793766 3.7059
 | 20.6025 71.0751 35.6574 0.8338482 CC1C(O)CN2C(=O)CN(C=CC=CC(O)=C3C(=O)NC(=O)C(=S)NC3=O)C(=O)C12 1 O=C1NC(=O)C(=CC=CC=CN2CC(=O)N3CCCC3C2=O)C(=O)NC1=S 1.0000000 1.0000 0.8039596 0.8040 0.5643479 4.8314
 | 8.6949 63.3145 -63.3145 0.0000000 O=C1CN(C=CC=CC(O)=C2C(=O)NC(=O)C(=O)C(=O)NC2=O)CCN1 1 O=C1CN(C=CC=CC=C2C(=O)NC(=O)C(=O)C(=O)NC2=O)CCN1 1.0000000 1.0000 0.8826867 0.8827 0.9098043 3.4944
 | 17.9640 62.0707 52.4209 0.8944657 COC1=C([O-])C(=C(O)C=CC=CN2CCCN(C)C2)C(=O)NC1=O 1 O=C1C=CC(=CC=CC=CN2CCCNC2)C(=O)N1 1.0000000 1.0000 0.7867108 0.7867 0.8472916 3.8837
 | 21.0439 94.2294 15.3221 0.8558716 NC1CCC(NC=CC=CC(O)=c2c(=O)[nH]c(=O)[nH]c(=O)c2=C2C(=O)CN(CCO)C(=O)C2=O)OC1CO 1 O=C1CNC(=O)C(=O)C1=c1c(=O)[nH]c(=O)[nH]c(=O)c1=CC=CC=CNC1CCCCO1 1.0000000 1.0000 0.9180256 0.9180 0.5130377 4.9660
 | 19.5858 63.5279 50.1020 0.8877340 COn1c(=O)c(=C(O)C=CC=CN2CCCNS2(=O)=O)c(=O)n(C)c1=C[N+](=O)[O-] 1 C=c1[nH]c(=O)c(=CC=CC=CN2CCCNS2(=O)=O)c(=O)[nH]1 1.0000000 1.0000 0.8645087 0.8645 0.6904601 4.4774
 | 14.3498 77.8487 34.3650 0.8766697 O=C1NC(=O)C(=C2C(=O)C(=O)N(CCO)C2=O)C1=C(O)C=CC=CN1CC(=O)N2CCCCC2N1 1 O=C1NC(=O)C(=C2C(=O)NC(=O)C2=CC=CC=CN2CC(=O)N3CCCCC3N2)C1=O 1.0000000 1.0000 0.7928764 0.7929 0.7521067 4.2770
 | 18.3058 74.9465 24.2680 0.7751132 C=C1C(O)C2=CN(C=CC=CC(O)=C3C(=O)NC(N)N(C)NC3=O)CC(=O)N2C1CO 1 C=C1CC2=CN(C=CC=CC=C3C(=O)NCNNC3=O)CC(=O)N2C1 1.0000000 1.0000 0.8411272 0.8411 0.3553520 5.3880
 | 10.2953 74.5305 46.2409 0.9435266 CNC=CC=CC(O)=c1c(=O)[nH]c(=O)[nH]c(=O)c1=C1N(C)C(=O)C(=O)N1CCO 1 C=c1c(=O)[nH]c(=O)[nH]c(=O)c1=C1NC(=O)C(=O)N1 1.0000000 1.0000 0.9162738 0.9163 0.8588454 3.8237
01:57:34 <INFO> Sampled SMILES CN1C(=O)C(=C(O)C=CC=CN2CC2(O)CN)(N)OC1=C failed to sanitize.
01:57:35 <INFO> Score: 0.78 Agent NLL: 18.24 Valid:  99% Step: 476
 | Agent Prior Target Score SMILES SMILES_state Scaffold DASA DASA (raw) Solubility Solubility (raw) SA SA (raw)
 | 18.9865 69.1740 30.3434 0.7774796 C=C1C2=C(C)N(C=CC=CC(O)=C3C(=O)CC(=O)NC3=O)CC(=O)N1C2C(=O)O 1 C=C1C2=CN(C=CC=CC=C3C(=O)CC(=O)NC3=O)CC(=O)N1C2 1.0000000 1.0000 0.7025809 0.7026 0.4947647 5.0136
 | 13.6060 50.1943 53.7460 0.8120335 CN1CCON(C=CC=CC(O)=C2C(=O)NC(=O)c3ccccc32)C1 1 O=C1NC(=O)c2ccccc2C1=CC=CC=CN1CNCCO1 1.0000000 1.0000 0.5647004 0.5647 0.9111326 3.4837
 | 26.5930 88.0719 18.7686 0.8346917 CN1C(=O)C(=C(O)C=CC=CN2CCC(CS)OC2=O)C(=C2C(=O)NC(=O)CN2CCO)C1=O 1 O=C1CNC(=C2C(=O)NC(=O)C2=CC=CC=CN2CCCOC2=O)C(=O)N1 1.0000000 1.0000 0.7038515 0.7039 0.7160120 4.3976
 | 15.4658 49.1931 66.3192 0.9024398 CN1NC(=O)C(=C(O)C=CC=CN2CCC2)C1=O 1 O=C1NNC(=O)C1=CC=CC=CN1CCC1 1.0000000 1.0000 0.7802895 0.7803 0.9005301 3.5648
 | 17.8628 62.3114 46.5502 0.8504807 CN1C(=O)CCNC(=C(O)C=CC=CN2CC(=O)N3CCCCC3C2=O)C1=O 1 O=C1CCNC(=CC=CC=CN2CC(=O)N3CCCCC3C2=O)C(=O)N1 1.0000000 1.0000 0.6907456 0.6907 0.8164540 4.0277
 | 10.4843 61.5523 48.2598 0.8579071 CC1=CC(=O)C(=O)C(=C(O)C=CC=CN2CCC(CO)CC2)C(=O)N1 1 O=C1C=CNC(=O)C(=CC=CC=CN2CCCCC2)C1=O 1.0000000 1.0000 0.6645327 0.6645 0.9144452 3.4566
 | 13.8147 67.5134 45.6877 0.8843833 CC1CN(C=CC=CC(O)=C2C(=O)NC(=O)C(NCCO)C(=O)NC2=O)CC(C)O1 1 O=C1CC(=O)NC(=O)C(=CC=CC=CN2CCOCC2)C(=O)N1 1.0000000 1.0000 0.8167138 0.8167 0.7477224 4.2922
 | 28.8526 73.9091 23.4803 0.7608546 O=C1CNC(=O)C(=C(O)C=CC=CN2CC(=O)N3CCC(O)CCC23CCCCO)S1 1 O=C1CNC(=O)C(=CC=CC=CN2CC(=O)N3CCCCCC23)S1 1.0000000 1.0000 0.6077961 0.6078 0.5691903 4.8185
 | 22.9286 75.0223 38.3386 0.8856316 COCCN1C(=O)NC(=O)C(=C(O)C=CC=CN2CC(=O)N3CONC3C2=O)C1=O 1 O=C1NC(=O)C(=CC=CC=CN2CC(=O)N3CONC3C2=O)C(=O)N1 1.0000000 1.0000 0.8255753 0.8256 0.7391874 4.3214
 | 16.0199 71.0295 33.0119 0.8128232 C=C1COC(=O)C(=C(O)C=CC=CN2CC(=O)N3CCCOC3O2)C(=O)N1C 1 C=C1COC(=O)C(=CC=CC=CN2CC(=O)N3CCCOC3O2)C(=O)N1 1.0000000 1.0000 0.6757417 0.6757 0.6689030 4.5419
01:57:35 <INFO> Sampled SMILES O=C1NC(=O)C(=C(O)C=CC=CN2CC(=O)NC(=O)C2=O)C(=O)NC(=CFC)C1=O failed to sanitize.
01:57:36 <INFO> Score: 0.76 Agent NLL: 18.26 Valid:  98% Step: 477
 | Agent Prior Target Score SMILES SMILES_state Scaffold DASA DASA (raw) Solubility Solubility (raw) SA SA (raw)
 | 10.1087 67.2327 -67.2327 0.0000000 CN1C(=O)CCC1=c1c(=O)[nH]c(=O)[nH]c(=O)c1=C(O)C=CC=CNCCO 1 C=c1c(=O)[nH]c(=O)[nH]c(=O)c1=C1CCC(=O)N1 1.0000000 1.0000 0.8757383 0.8757 0.8665869 3.7811
 | 21.8338 82.3137 27.1816 0.8554318 CC1C(=O)OC(=C(O)C=CC=CN2CC(=O)N(CCO)C(=O)NC2=N)C(=O)N1C 1 N=C1NC(=O)NC(=O)CN1C=CC=CC=C1OC(=O)CNC1=O 1.0000000 1.0000 0.7698433 0.7698 0.6962563 4.4596
 | 12.6816 72.7938 38.0137 0.8656832 O=C1NNC(O)C(=O)NC(=O)C1=C(O)C=CC=CN1CC(O)CO1 1 O=C1CNNC(=O)C(=CC=CC=CN2CCCO2)C(=O)N1 1.0000000 1.0000 0.8949485 0.8949 0.5694926 4.8177
 | 28.0283 82.1971 21.1300 0.8072427 O=C1NN(CCN=CNCCO)C1=C(O)C=CC=CN1CC(=O)N2CCCNCCCC2C1=O 1 O=C1NNC1=CC=CC=CN1CC(=O)N2CCCNCCCC2C1=O 1.0000000 1.0000 0.7813893 0.7814 0.5003265 4.9991
 | 15.1398 71.5326 42.5347 0.8911505 CC(O)=c1[nH]c(=O)c(=C(O)C=CC=CN2CC(=O)N3CCCCN=C3C2=O)c(=O)[nH]c1=O 1 C=c1[nH]c(=O)c(=CC=CC=CN2CC(=O)N3CCCCN=C3C2=O)c(=O)[nH]c1=O 1.0000000 1.0000 0.8020834 0.8021 0.8032649 4.0835
 | 26.5302 88.0175 20.8227 0.8503139 CC(=O)Oc1cccc2c1C1NN(C=CC=CC(O)=C3C(=O)NC(=O)C(NCCO)C(=O)NC3=O)CC(=O)N1CC2 1 O=C1CC(=O)NC(=O)C(=CC=CC=CN2CC(=O)N3CCc4ccccc4C3N2)C(=O)N1 1.0000000 1.0000 0.7388416 0.7388 0.7249804 4.3686
 | 20.1419 71.5728 35.1603 0.8338528 COC1CN(C=CC=CC(O)=C2C(=O)NC(C)(C)NN(C)C2=O)CC(=O)O1 1 O=C1CN(C=CC=CC=C2C(=O)NCNNC2=O)CCO1 1.0000000 1.0000 0.7435793 0.7436 0.6469883 4.6053
 | 13.4836 56.0827 56.7503 0.8815073 O=C1NC(CO)=COC1=C(O)C=CC=CN1CCOCC1=O 1 O=C1NC=COC1=CC=CC=CN1CCOCC1=O 1.0000000 1.0000 0.7803357 0.7803 0.7960555 4.1129
 | 27.0856 78.1497 24.5264 0.8021568 CC(=O)N(O)C1CC(CO)N2C(=O)CN(C=CC=CC(O)=C3C(=O)NCCCOC3=O)C12 1 O=C1NCCCOC(=O)C1=CC=CC=CN1CC(=O)N2CCCC12 1.0000000 1.0000 0.7581899 0.7582 0.5102109 4.9734
 | 9.5294 58.5694 57.0934 0.9036156 NC1CCN(C=CC=CC(O)=C2C(=O)NCCC(=O)NC2=O)C1=O 1 O=C1CCNC(=O)C(=CC=CC=CN2CCCC2=O)C(=O)N1 1.0000000 1.0000 0.8266503 0.8267 0.8195989 4.0140
01:57:37 <INFO> Score: 0.77 Agent NLL: 17.77 Valid: 100% Step: 478
 | Agent Prior Target Score SMILES SMILES_state Scaffold DASA DASA (raw) Solubility Solubility (raw) SA SA (raw)
 | 21.4493 82.9858 26.0670 0.8519747 CC(O)=C1C(=O)NC(=O)C(=C(O)C=CC=CN2CC(=O)N(CC[N+](C)=N)C2=O)C1=O 1 C=C1C(=O)NC(=O)C(=CC=CC=CN2CC(=O)NC2=O)C1=O 1.0000000 1.0000 0.7057885 0.7058 0.7935234 4.1230
 | 19.1353 74.0392 37.3001 0.8698383 CC12C(O)C(=O)C(=O)NN1C(=O)CN2C=CC=CC(O)=C1C(=O)NC(=O)C(=O)NC1=O 1 O=C1CC2N(C=CC=CC=C3C(=O)NC(=O)C(=O)NC3=O)CC(=O)N2NC1=O 1.0000000 1.0000 0.9007552 0.9008 0.5774182 4.7966
 | 17.5856 65.8111 38.1533 0.8122215 CC(=O)N=C1NC(=O)C(=C(O)C=CC=CN2CCC(C)N2C)C(=O)O1 1 N=C1NC(=O)C(=CC=CC=CN2CCCN2)C(=O)O1 1.0000000 1.0000 0.6888821 0.6889 0.6442246 4.6132
 | 21.8453 66.7747 25.6561 0.7221155 O=C(O)C1=C2c3ccccc3CC(CO)N2C(=O)CN1C=CC=CC(O)=C1C(=O)NC(=O)c2ccccc2C1=O 1 O=C1NC(=O)c2ccccc2C(=O)C1=CC=CC=CN1C=C2c3ccccc3CCN2C(=O)C1 1.0000000 1.0000 0.4176434 0.4176 0.8342094 3.9474
 | 29.4249 84.2075 12.9428 0.7589867 CN1C(C(=O)O)CC(O)C2N(C=CC=CC(O)=C3C(=O)NC(=O)NC3C=CN3CC3)CC(=O)N21 1 O=C1NC(=O)C(=CC=CC=CN2CC(=O)N3NCCCC23)C(C=CN2CC2)N1 1.0000000 1.0000 0.7721140 0.7721 0.3696467 5.3477
 | 8.3469 69.1561 51.8706 0.9455209 O=C1C(=O)N(CCO)C(=O)C1=c1[nH]c(=O)[nH]c(=O)c1=C(O)C=CC=CN1CC(O)C1 1 O=C1NC(=O)C(=c2[nH]c(=O)[nH]c(=O)c2=CC=CC=CN2CCC2)C1=O 1.0000000 1.0000 0.9193662 0.9194 0.8633136 3.7993
 | 16.2493 64.2378 43.5645 0.8422058 COCCOCOCOC1=C(C)C(=C(O)C=CC=CN2CCC(N)C2)C(=O)NC1=O 1 O=C1C=CC(=CC=CC=CN2CCCC2)C(=O)N1 1.0000000 1.0000 0.6909209 0.6909 0.7752579 4.1934
 | 15.8025 56.4292 56.7718 0.8843829 COC1=CC(=C(O)C=CC=CN2CCC2=O)C(=O)NC1=O 1 O=C1C=CC(=CC=CC=CN2CCC2=O)C(=O)N1 1.0000000 1.0000 0.7447527 0.7448 0.8787000 3.7100
 | 23.0887 80.6702 27.8212 0.8475897 CN(CCO)C1NC(=O)C(=C(O)C=CC=CN2CC(CO)CCC2=O)C(=O)NC(=O)O1 1 O=C1NC(=O)C(=CC=CC=CN2CCCCC2=O)C(=O)NCO1 1.0000000 1.0000 0.7851014 0.7851 0.6409948 4.6224
 | 11.3147 65.8209 53.1955 0.9298157 CN1C(=O)C(=O)NC(=O)C1=C1C(=O)NC(=O)C1=C(O)C=CC=CN 1 C=C1C(=O)NC(=O)C1=C1NC(=O)C(=O)NC1=O 1.0000000 1.0000 0.8607272 0.8607 0.8872968 3.6558
01:57:37 <INFO> Sampled SMILES CN1C(=O)C(=C(O)C=CC=CN2CCC=CC2)[n+]2c1n1ccccc21 failed to sanitize.
01:57:37 <INFO> Score: 0.72 Agent NLL: 18.62 Valid:  99% Step: 479
 | Agent Prior Target Score SMILES SMILES_state Scaffold DASA DASA (raw) Solubility Solubility (raw) SA SA (raw)
 | 30.0983 83.0940 16.3131 0.7766181 C=CC1NC(=O)C(=C(O)C=CC=CN2CCOCC2=C(O)C=CS(C)(=O)=O)NC1=O 1 C=C1COCCN1C=CC=CC=C1NC(=O)CNC1=O 1.0000000 1.0000 0.6554605 0.6555 0.5554346 4.8550
 | 22.0298 71.0476 44.0679 0.8993397 O=C1CN(CCO)CC(=C(O)C=CC=CN2C=CCN(CCO)C2)C(=O)N1 1 O=C1CNCC(=CC=CC=CN2C=CCNC2)C(=O)N1 1.0000000 1.0000 0.8075714 0.8076 0.8327857 3.9541
 | 13.6724 62.4550 52.7463 0.9000107 NC1CCN(C=CC=CC(O)=c2c(=O)[nH]c(=O)[nH]c2=C2OC(=O)C(=O)C2=O)C1 1 O=C1OC(=c2[nH]c(=O)[nH]c(=O)c2=CC=CC=CN2CCCC2)C(=O)C1=O 1.0000000 1.0000 0.8838530 0.8839 0.7138964 4.4043
 | 22.5615 71.4467 32.7634 0.8141415 COC=C1C(=O)C(=C(O)C=CC=CN2CC(CNC(=O)OCOCOC)OC2=O)C(=O)N1C 1 C=C1NC(=O)C(=CC=CC=CN2CCOC2=O)C1=O 1.0000000 1.0000 0.6433212 0.6433 0.7352341 4.3347
 | 13.0671 82.0066 32.0190 0.8908249 O=C1NC(=O)C(=c2c(=O)[nH]c(=O)[nH]c(=O)c2=C(O)C=CC=CN2CC(=O)N3C(=O)CCCCC23)C(=O)N1 1 O=C1NC(=O)C(=c2c(=O)[nH]c(=O)[nH]c(=O)c2=CC=CC=CN2CC(=O)N3C(=O)CCCCC23)C(=O)N1 1.0000000 1.0000 0.8475269 0.8475 0.7280164 4.3586
 | 24.6850 68.5821 40.3245 0.8508326 CC(C=O)=C1ONCCN1C=CC=CC(O)=C1C(=O)C=C(N2CC2)NC1=O 1 C=C1ONCCN1C=CC=CC=C1C(=O)C=C(N2CC2)NC1=O 1.0000000 1.0000 0.7204044 0.7204 0.7601914 4.2484
 | 15.8069 76.6490 36.6471 0.8851256 O=C1NC(=O)NC(=O)C(=C(O)C=CC=CN2CCOCC2=COCO)C(=O)N1 1 C=C1COCCN1C=CC=CC=C1C(=O)NC(=O)NC(=O)NC1=O 1.0000000 1.0000 0.7731495 0.7731 0.8266363 3.9825
 | 15.6368 67.5475 47.7228 0.9005491 CC1(C)COCCN1C=CC=CC(O)=C1C(=O)NNC(=O)C(=O)NC1=O 1 O=C1NNC(=O)C(=CC=CC=CN2CCOCC2)C(=O)NC1=O 1.0000000 1.0000 0.7982061 0.7982 0.8559777 3.8390
 | 12.6143 46.0809 -46.0809 0.0000000 CC(C=CN1CCOCC1)=CC(O)=C1C(=O)NC(=O)NC1=O 1 O=C1NC(=O)C(=CC=CC=CN2CCOCC2)C(=O)N1 1.0000000 1.0000 0.7527922 0.7528 0.9279349 3.3353
 | 11.3386 65.4308 52.5734 0.9219081 COCCN1C(=O)C(=O)C(=c2[nH]c(=O)[nH]c(=O)c2=C(O)C=CC=CN2CCC(CO)CC2)C1=O 1 O=C1NC(=O)C(=c2[nH]c(=O)[nH]c(=O)c2=CC=CC=CN2CCCCC2)C1=O 1.0000000 1.0000 0.8378849 0.8379 0.8892776 3.6428
01:57:38 <INFO> Sampled SMILES N1C(=O)C(=C(O)C=CC=CN2CCC=C2CN2CCOCC2)NC=N1C=CC=CN1CCCC1 failed to sanitize.
01:57:38 <INFO> Score: 0.73 Agent NLL: 17.58 Valid:  99% Step: 480
 | Agent Prior Target Score SMILES SMILES_state Scaffold DASA DASA (raw) Solubility Solubility (raw) SA SA (raw)
 | 12.5909 59.0092 55.0956 0.8914436 CN1C(=O)C(=O)NC(=O)C(=C(O)C=CC=CN2CC(=O)N3CCCC23)C1=O 1 O=C1NC(=O)C(=CC=CC=CN2CC(=O)N3CCCC23)C(=O)NC1=O 1.0000000 1.0000 0.7928023 0.7928 0.8212103 4.0068
 | 17.4390 76.5359 27.6370 0.8138503 O=C1NC(=O)C(=C(O)C=CC=CN2CC(=O)N3C(C(=O)O)C(=COCCCCO)CSC23)C(=O)NC1=O 1 C=C1CSC2N(C=CC=CC=C3C(=O)NC(=O)C(=O)NC3=O)CC(=O)N2C1 1.0000000 1.0000 0.7503947 0.7504 0.5605336 4.8415
 | 15.2661 47.9932 63.2928 0.8694226 O=C1NC(=O)N(c2ccccc2)C(=O)C1=C(O)C=CC=CN(CCO)CCO 1 C=C1C(=O)NC(=O)N(c2ccccc2)C1=O 1.0000000 1.0000 0.6758149 0.6758 0.9522777 3.0499
 | 18.8731 82.9162 22.8514 0.8263092 CC(O)=c1cnc(=C(O)C=CC=CN2CCC(O)C(C(=O)O)O2)c(=O)[nH]c1=O 1 C=c1cnc(=CC=CC=CN2CCCCO2)c(=O)[nH]c1=O 1.0000000 1.0000 0.8173474 0.8173 0.5227413 4.9407
 | 20.4970 62.2557 49.1506 0.8703619 COC1CC(=O)C(O)C(=C(O)C=CC=CN2CCN(CCO)CC2=O)C1=O 1 O=C1CCC(=O)C(=CC=CC=CN2CCNCC2=O)C1 1.0000000 1.0000 0.7988242 0.7988 0.7147177 4.4017
 | 14.4004 52.3428 57.1999 0.8558023 COC1=C(C)C(=O)C(=C(O)C=CC=CN2CC2)C(=O)N1C 1 O=C1C=CNC(=O)C1=CC=CC=CN1CC1 1.0000000 1.0000 0.6682092 0.6682 0.8940541 3.6106
 | 17.6837 49.8333 65.4050 0.9002987 O=C1NCCC(O)C1=C(O)C=CC=CN1CCN(CCO)CC1 1 O=C1NCCCC1=CC=CC=CN1CCNCC1 1.0000000 1.0000 0.7982541 0.7983 0.8546389 3.8460
 | 13.2198 74.3504 42.8465 0.9156012 COC1=CCN(C=CC=CC(O)=c2c(=O)[nH]c(=O)[nH]c2=C2C(=O)C(=O)N(CCO)C2=O)C(=O)N1 1 O=C1NC(=O)C(=c2[nH]c(=O)[nH]c(=O)c2=CC=CC=CN2CC=CNC2=O)C1=O 1.0000000 1.0000 0.8739938 0.8740 0.7967438 4.1101
 | 10.3554 54.9759 57.8268 0.8812709 COC1=CC(=C(O)C=CC=CN2CCC(=O)NC2=O)C(=O)NC1=O 1 O=C1C=CC(=CC=CC=CN2CCC(=O)NC2=O)C(=O)N1 1.0000000 1.0000 0.7394650 0.7395 0.8734112 3.7418
 | 18.0271 68.2732 40.1837 0.8473196 CC(C=CN1CCCN(C)CC1)=CC(O)=C1C(=O)NC(=O)C(C)C(O)NC1=O 1 O=C1CCNC(=O)C(=CC=CC=CN2CCCNCC2)C(=O)N1 1.0000000 1.0000 0.7206835 0.7207 0.7433531 4.3072
01:57:39 <INFO> Score: 0.79 Agent NLL: 17.14 Valid: 100% Step: 481
 | Agent Prior Target Score SMILES SMILES_state Scaffold DASA DASA (raw) Solubility Solubility (raw) SA SA (raw)
 | 21.3874 71.6235 38.5267 0.8605491 CCC(N)C(=O)NC1C(=O)NC(=O)C(=C(O)C=CC=CN2CCC(C(=O)O)C2)C(=O)NC1O 1 O=C1CCNC(=O)C(=CC=CC=CN2CCCC2)C(=O)N1 1.0000000 1.0000 0.8348986 0.8349 0.6233228 4.6719
 | 11.4581 43.7718 62.2518 0.8283087 O=C1NC(=O)c2ccccc2C1=C(O)C=CC=CN1CC1 1 O=C1NC(=O)c2ccccc2C1=CC=CC=CN1CC1 1.0000000 1.0000 0.5819265 0.5819 0.9593785 2.9401
 | 12.5220 63.2824 54.0201 0.9164255 O=C1NC(=O)C(=C(O)C=CC=CN2CCN(CCO)CC2=O)C(=O)NC(O)N1 1 O=C1NCNC(=O)C(=CC=CC=CN2CCNCC2=O)C(=O)N1 1.0000000 1.0000 0.8749554 0.8750 0.7989779 4.1011
 | 14.0596 60.5454 53.9040 0.8941358 O=C1C=CCN(C=CC=CC(O)=C2N=C(NCCO)NC2=O)N1 1 O=C1C=CCN(C=CC=CC=C2N=CNC2=O)N1 1.0000000 1.0000 0.8342660 0.8343 0.7631066 4.2380
 | 11.6794 55.2818 57.9551 0.8846638 O=C1CCC(=O)C(=C(O)C=CC=CN2CCC(O)C2)C(=O)N1 1 O=C1CCC(=O)C(=CC=CC=CN2CCCC2)C(=O)N1 1.0000000 1.0000 0.7546623 0.7547 0.8600402 3.8172
 | 10.1332 67.8965 52.7253 0.9423576 COCCN1C(=O)C(=O)C1=c1[nH]c(=O)[nH]c(=O)c1=C(O)C=CC=CNCCO 1 C=c1c(=O)[nH]c(=O)[nH]c1=C1NC(=O)C1=O 1.0000000 1.0000 0.9052634 0.9053 0.8715180 3.7528
 | 11.1633 54.5057 57.6289 0.8760511 O=C1NC(=O)C(=c2[nH]c(=O)c(=C(O)C=CC=CN3CC(=O)N4CCCC4C3=O)s2)C(=O)N1 1 O=C1NC(=O)C(=c2[nH]c(=O)c(=CC=CC=CN3CC(=O)N4CCCC4C3=O)s2)C(=O)N1 1.0000000 1.0000 0.8082484 0.8082 0.7245630 4.3699
 | 19.0538 73.6303 31.9967 0.8252109 CC1C(=O)NC(=O)C(=C(O)C=CC=CN2CC(=O)N3C(C(=O)O)CC(=O)N3C2=O)C1O 1 O=C1CCC(=CC=CC=CN2CC(=O)N3CCC(=O)N3C2=O)C(=O)N1 1.0000000 1.0000 0.7874781 0.7875 0.5540498 4.8586
 | 15.8669 67.3141 43.2018 0.8634054 O=C1NC(=O)C(=c2cnc(=C(O)C=CC=CN3CCNC3=CBr)c(=O)[nH]2)C(=O)N1 1 C=C1NCCN1C=CC=CC=c1ncc(=C2C(=O)NC(=O)NC2=O)[nH]c1=O 1.0000000 1.0000 0.7641098 0.7641 0.7406363 4.3165
 | 19.7479 70.8218 43.1280 0.8902327 CC1(CCCO)NC(=O)C(=C(O)C=CC=CN2CCOCC2=O)C(=O)N1 1 O=C1NCNC(=O)C1=CC=CC=CN1CCOCC1=O 1.0000000 1.0000 0.7721815 0.7722 0.8538560 3.8501
01:57:40 <INFO> Score: 0.77 Agent NLL: 18.45 Valid: 100% Step: 482
 | Agent Prior Target Score SMILES SMILES_state Scaffold DASA DASA (raw) Solubility Solubility (raw) SA SA (raw)
 | 28.1040 76.7626 13.2980 0.7035984 CC(=O)OC=C1CSC2N(C=CC=CC(O)=C3C(=O)NN(C4CCCNC4)C3O)CC(=O)N2C1C(=O)O 1 C=C1CSC2N(C=CC=CC=C3CN(C4CCCNC4)NC3=O)CC(=O)N2C1 1.0000000 1.0000 0.6598585 0.6599 0.3269012 5.4705
 | 15.9691 69.1394 33.5077 0.8019302 CC(=O)OC=C1COC2CN(C=CC=CC(O)=C3C(=O)NC(=O)C(=O)C3O)CC(=O)N2C1C(=O)O 1 C=C1COC2CN(C=CC=CC=C3CC(=O)C(=O)NC3=O)CC(=O)N2C1 1.0000000 1.0000 0.7926926 0.7927 0.4712850 5.0749
 | 27.1457 68.4990 35.0761 0.8091808 COC(=O)C1OC(=C(O)C=CC=CN2CC(=O)N3CCCC3C2(C)O)C(=O)NC1=O 1 O=C1COC(=CC=CC=CN2CC(=O)N3CCCC3C2)C(=O)N1 1.0000000 1.0000 0.7504866 0.7505 0.5437371 4.8857
 | 19.6504 68.6352 39.6765 0.8461858 CC1NC(=O)C(=C(O)C=CC=CN2CC(=O)N3CCCC(O)C3C2=O)C(=O)C1=O 1 O=C1CNC(=O)C(=CC=CC=CN2CC(=O)N3CCCCC3C2=O)C1=O 1.0000000 1.0000 0.7784737 0.7785 0.6449382 4.6112
 | 17.1859 68.4353 28.3761 0.7563390 CC1=NC(=O)NC(=O)C1=C(O)C=CC=CN1CC(=O)N2CC=CC(C2=O)N1C 1 O=C1N=CC(=CC=CC=CN2CC(=O)N3CC=CC(N2)C3=O)C(=O)N1 1.0000000 1.0000 0.6923233 0.6923 0.4392594 5.1591
 | 12.5064 61.4286 49.6746 0.8679938 O=C1CN(CCO)C(=C(O)C=CC=CN2CC(=O)N3CCCCCC3C2=O)C(=O)N1 1 O=C1CNC(=CC=CC=CN2CC(=O)N3CCCCCC3C2=O)C(=O)N1 1.0000000 1.0000 0.7352455 0.7352 0.8146209 4.0357
 | 12.8140 60.5414 47.2810 0.8423626 CN1NC(=O)C(=C(O)C=CC=CN2CCCC(N)C2)C(=O)NC1(C)C 1 O=C1NCNNC(=O)C1=CC=CC=CN1CCCCC1 1.0000000 1.0000 0.7109487 0.7109 0.7381645 4.3248
 | 8.1849 56.3534 61.1129 0.9177050 NC1=NC(=C(O)C=CC=CN2CC(O)C2)C(=O)NC1=O 1 O=C1C=NC(=CC=CC=CN2CCC2)C(=O)N1 1.0000000 1.0000 0.8585579 0.8586 0.8319448 3.9580
 | 26.0795 75.8019 31.5770 0.8388971 O=C(CCl)NCC1CNC(=O)C(=C(O)C=CC=CN2CCOCC2=CN2CCNCC2)C(=O)N1 1 O=C1NCCNC(=O)C1=CC=CC=CN1CCOCC1=CN1CCNCC1 1.0000000 1.0000 0.7320668 0.7321 0.6862888 4.4900
 | 40.7048 102.8579 -24.2964 0.6137619 CC(C=CN1CC1(O)C(=CCl)CN=[N+]=[N-])=CC(O)=C1C(=O)NNCCC(C)NC1=O 1 O=C1NCCCNNC(=O)C1=CC=CC=CN1CC1 1.0000000 1.0000 0.5616030 0.5616 0.2115914 5.8569
01:57:41 <INFO> Score: 0.79 Agent NLL: 17.25 Valid: 100% Step: 483
 | Agent Prior Target Score SMILES SMILES_state Scaffold DASA DASA (raw) Solubility Solubility (raw) SA SA (raw)
 | 21.3811 72.7240 37.9459 0.8646092 C[N+]1(C)CCN1C=CC=CC(O)=c1ccc(=CN2CCOCC2)c(=O)[nH]c1=O 1 O=c1[nH]c(=O)c(=CN2CCOCC2)ccc1=CC=CC=CN1CC[NH2+]1 1.0000000 1.0000 0.7676860 0.7677 0.7400020 4.3186
 | 24.2481 73.5917 33.2597 0.8347763 CN1C(=O)C(=C(O)C=CC=CN2CC(N)COCC2O)C(=O)NCC1O 1 O=C1NCCNC(=O)C1=CC=CC=CN1CCCOCC1 1.0000000 1.0000 0.8536203 0.8536 0.5111282 4.9710
 | 14.5880 66.3853 45.8703 0.8769970 O=C1NC(=O)N(CCO)C(=O)C1=C(O)C=CC=CN1CC(=O)N2CC=CCC2C1=O 1 O=C1NC(=O)C(=CC=CC=CN2CC(=O)N3CC=CCC3C2=O)C(=O)N1 1.0000000 1.0000 0.7689861 0.7690 0.7950284 4.1170
 | 13.5805 48.5670 61.9890 0.8637190 CN1OCC(=C(O)C=CC=CN2CCC(N)CC2)C1=O 1 O=C1NOCC1=CC=CC=CN1CCCCC1 1.0000000 1.0000 0.7093037 0.7093 0.8452769 3.8938
 | 10.6838 55.3702 54.6395 0.8594509 C=c1[nH]c(=O)c(=C(O)C=CC=CN2CC(O)CO2)c(=O)o1 1 C=c1[nH]c(=O)c(=CC=CC=CN2CCCO2)c(=O)o1 1.0000000 1.0000 0.8563972 0.8564 0.5922142 4.7569
 | 20.8452 78.3925 17.8865 0.7521797 O=C1CCN(C=CC=CC(O)=C2C(=O)NC(=O)C(=C3C(=O)[N-]c4ccccc43)C2=O)C=N1 1 O=C1CCN(C=CC=CC=C2C(=O)NC(=O)C(=C3C(=O)[N-]c4ccccc43)C2=O)C=N1 1.0000000 1.0000 0.5112977 0.5113 0.7252861 4.3676
 | 19.7979 59.0357 46.4762 0.8243123 CC1NC(=O)C(=C(O)C=CC=CN2CCC(O)C2=O)C(=O)NC1(C)C 1 O=C1NCCNC(=O)C1=CC=CC=CN1CCCC1=O 1.0000000 1.0000 0.7309297 0.7309 0.6276240 4.6599
 | 15.8355 55.1721 48.5523 0.8103469 C=C1CCCN1C=CC=CC(O)=C1OC(=O)C(=S)NC1=O 1 C=C1CCCN1C=CC=CC=C1OC(=O)C(=S)NC1=O 1.0000000 1.0000 0.6110517 0.6111 0.7850295 4.1562
 | 13.3359 58.9931 47.7298 0.8337727 CC1=NC(=C(O)C=CC=CN2CC(=O)N3CCCC3C2=O)C(=O)NC(=O)N1C 1 O=C1NC=NC(=CC=CC=CN2CC(=O)N3CCCC3C2=O)C(=O)N1 1.0000000 1.0000 0.6714765 0.6715 0.7730298 4.2017
 | 15.4741 62.9724 52.5303 0.9023651 O=C1NC(=O)C(CO)OC(=O)C1=C(O)C=CC=CN1CCCNCC1 1 O=C1COC(=O)C(=CC=CC=CN2CCCNCC2)C(=O)N1 1.0000000 1.0000 0.8154230 0.8154 0.8333679 3.9514
01:57:42 <INFO> Score: 0.72 Agent NLL: 17.26 Valid:  98% Step: 484
 | Agent Prior Target Score SMILES SMILES_state Scaffold DASA DASA (raw) Solubility Solubility (raw) SA SA (raw)
 | 12.6175 57.5923 52.2391 0.8580584 O=C1NC(=O)C(=C(O)C=CC=CN2CC2)C(=O)C1=CN1CCCCC1 1 O=C1NC(=O)C(=CN2CCCCC2)C(=O)C1=CC=CC=CN1CC1 1.0000000 1.0000 0.6633115 0.6633 0.9182433 3.4243
 | 13.3542 66.7312 42.6086 0.8542167 O=C1NC(=O)C(=C2CCCN2CCO)C1=C(O)C=CC=CN1CCC(CO)C1 1 O=C1NC(=O)C(=C2CCCN2)C1=CC=CC=CN1CCCC1 1.0000000 1.0000 0.7000604 0.7001 0.8161030 4.0292
 | 30.1608 89.2754 9.1653 0.7690679 CC1=CCN(C=CC=CC(O)=C2C(=O)NC(=O)C(O)(CC3(C)CC(=O)C(=O)C3=O)N2C)C1=O 1 O=C1CC(CC2NC(=CC=CC=CN3CC=CC3=O)C(=O)NC2=O)C(=O)C1=O 1.0000000 1.0000 0.7070474 0.7070 0.4621465 5.0988
 | 28.6373 80.8851 30.1650 0.8675787 CC(C)CCN1CN(C=CC=CC(O)=C2C(=O)NN(CCOCN)C(=O)C2=O)CCN1 1 O=C1NNC(=O)C(=CC=CC=CN2CCNNC2)C1=O 1.0000000 1.0000 0.7603574 0.7604 0.7661971 4.2268
 | 9.7226 54.3205 46.6186 0.7885867 O=C1NC(=CBr)COC(=O)C1=C(O)C=CC=CN1CCC(CO)CC1 1 C=C1COC(=O)C(=CC=CC=CN2CCCCC2)C(=O)N1 1.0000000 1.0000 0.5345427 0.5345 0.8599838 3.8175
 | 18.9939 65.8224 44.2626 0.8600391 CN1C(=O)C(=C(O)C=CC=CN2CCCOC(CO)C2)C(=O)C1(O)CCO 1 O=C1CNC(=O)C1=CC=CC=CN1CCCOCC1 1.0000000 1.0000 0.7885535 0.7886 0.6866983 4.4888
 | 19.1556 57.4867 44.4837 0.7966436 CCON=C1CN(C=CC=CC(O)=C2OCC(C)NC2=O)C(=O)N1 1 N=C1CN(C=CC=CC=C2OCCNC2=O)C(=O)N1 1.0000000 1.0000 0.6803291 0.6803 0.5948096 4.7499
 | 17.4043 67.4893 38.6158 0.8289460 Cn1c(=C2CSC(=O)NC2=O)[nH]c(=O)c1=C(O)C=CC=CN1C=CCC1 1 O=C1NC(=O)C(=c2[nH]c(=O)c(=CC=CC=CN3C=CCC3)[nH]2)CS1 1.0000000 1.0000 0.7028715 0.7029 0.6921970 4.4721
 | 14.4012 56.1124 54.8382 0.8668013 CC1=CC(=C(O)C=CC=CN2CC(O)C2)C(=O)NN1O 1 O=C1NNC=CC1=CC=CC=CN1CCC1 1.0000000 1.0000 0.7532478 0.7532 0.7752403 4.1934
 | 12.2682 54.0172 60.5847 0.8953270 CC1C(=O)NC(=O)C(=C(O)C=CC=CN(CCO)CCO)N1C 1 C=C1NCC(=O)NC1=O 1.0000000 1.0000 0.8256939 0.8257 0.7824749 4.1661
01:57:43 <INFO> Score: 0.78 Agent NLL: 16.69 Valid: 100% Step: 485
 | Agent Prior Target Score SMILES SMILES_state Scaffold DASA DASA (raw) Solubility Solubility (raw) SA SA (raw)
 | 11.6391 48.0547 58.5606 0.8329317 CC1CN(C=CC=CC(O)=C2C(=O)ON(C)C2=O)C(=O)O1 1 O=C1NOC(=O)C1=CC=CC=CN1CCOC1=O 1.0000000 1.0000 0.7041716 0.7042 0.7075579 4.4244
 | 28.8625 69.6069 32.6244 0.7986823 CC(=O)N1N=C(C)NC(=O)C1=C(O)C=CC=CN1CCC(C)(N)C(N)C1=O 1 O=C1NC=NNC1=CC=CC=CN1CCCCC1=O 1.0000000 1.0000 0.7475349 0.7475 0.5112211 4.9708
 | 23.9115 51.7701 -51.7511 0.0001479 CCN1C(=O)C(=O)N(CCO)C(=O)C1=C(C)N(CCO)CCO 1 C=C1NC(=O)C(=O)NC1=O 0.0000000 0.0000 0.8942217 0.8942 0.9493486 3.0907
 | 11.6706 58.9282 48.8505 0.8420210 CC(O)=C1C(=O)C(=C(O)C=CC=CN2CCC(=O)C2)C(=O)N1C 1 C=C1NC(=O)C(=CC=CC=CN2CCC(=O)C2)C1=O 1.0000000 1.0000 0.6541354 0.6541 0.8521715 3.8588
 | 8.5447 54.0797 -54.0797 0.0000000 NC1CCN(C=CC=CC(O)=C2C(=O)NCCC(=O)NC2=O)CC1 1 O=C1CCNC(=O)C(=CC=CC=CN2CCCCC2)C(=O)N1 1.0000000 1.0000 0.7721348 0.7721 0.9178935 3.4274
 | 11.0943 86.2472 34.1394 0.9405201 CCn1c(=O)[nH]c(=C2C(=O)C(=O)N(CCO)C2=O)c(=C(O)C=CC=CN2CC(O)C2)c1=O 1 O=C1NC(=O)C(=c2[nH]c(=O)[nH]c(=O)c2=CC=CC=CN2CCC2)C1=O 1.0000000 1.0000 0.8977940 0.8978 0.8752322 3.7310
 | 10.6900 53.1666 -53.1666 0.0000000 CCN1C(=O)NC(=O)C1=C(O)C=CC=CN1CCNC1 1 O=C1NC(=O)C(=CC=CC=CN2CCNC2)N1 1.0000000 1.0000 0.7547196 0.7547 0.8663138 3.7826
 | 17.3399 75.5896 -75.5896 0.0000000 NCCCC(N)C(=O)NN(C=CC=CC(O)=c1c(=O)[nH]c(=O)[nH]c1=C1C(=O)C(=O)N(CCO)C1=O)CCO 1 C=c1c(=O)[nH]c(=O)[nH]c1=C1C(=O)NC(=O)C1=O 1.0000000 1.0000 0.9429578 0.9430 0.7148086 4.4014
 | 16.4848 60.3332 46.3131 0.8331744 CC1CCC2C(=O)N(C=CC=CC(O)=C3C(=O)NC(=O)N3CCCO)CC(=O)N12 1 O=C1NC(=O)C(=CC=CC=CN2CC(=O)N3CCCC3C2=O)N1 1.0000000 1.0000 0.7060772 0.7061 0.7052972 4.4315
 | 23.5597 62.2228 45.0027 0.8376994 CC1CN(C=CC=CC(O)=C2N=C(N(C)CC(=O)O)NC2=O)C(=O)O1 1 O=C1NC=NC1=CC=CC=CN1CCOC1=O 1.0000000 1.0000 0.7211823 0.7212 0.6992529 4.4504
01:57:44 <INFO> Score: 0.79 Agent NLL: 16.91 Valid: 100% Step: 486
 | Agent Prior Target Score SMILES SMILES_state Scaffold DASA DASA (raw) Solubility Solubility (raw) SA SA (raw)
 | 19.8773 65.2074 46.7510 0.8746748 CN1C(=O)C(=C(O)C=CC=CN2CCC2C(=O)O)N=C(N)N1CCO 1 O=C1NNC=NC1=CC=CC=CN1CCC1 1.0000000 1.0000 0.8120029 0.8120 0.7128020 4.4078
 | 12.9065 38.7942 -38.7942 0.0000000 O=C1Nc2ccccc2C1=C(O)C=CC=CN1CCCCC1 1 O=C1Nc2ccccc2C1=CC=CC=CN1CCCCC1 1.0000000 1.0000 0.2836238 0.2836 0.9626756 2.8828
 | 16.8735 60.6160 49.8311 0.8628677 C=c1c(=O)oc(=C(O)C=CC=CN2CCCCC(O)C2)c(=O)n1C 1 C=c1[nH]c(=O)c(=CC=CC=CN2CCCCCC2)oc1=O 1.0000000 1.0000 0.7616048 0.7616 0.7424721 4.3102
 | 15.9369 63.3938 46.8871 0.8615701 C=CCC1NC(=O)C(=C(O)C=CC=CN2CCOCC2CO)C(=O)NC1=O 1 O=C1CNC(=O)C(=CC=CC=CN2CCOCC2)C(=O)N1 1.0000000 1.0000 0.7772753 0.7773 0.7108365 4.4141
 | 16.1845 83.8616 34.0279 0.9210116 NCCCNC1C(=O)NC(=O)C(=C(O)C=CC=CN2CCOCC2=C2C(=O)NC(=O)NC2=O)C(=O)NC1=O 1 O=C1CC(=O)NC(=O)C(=CC=CC=CN2CCOCC2=C2C(=O)NC(=O)NC2=O)C(=O)N1 1.0000000 1.0000 0.8607794 0.8608 0.8439775 3.9003
 | 12.1359 48.1221 61.9397 0.8598580 C=C1CCC(=C(O)C=CC=CN2CCN(CCO)CC2)C(=O)N1 1 C=C1CCC(=CC=CC=CN2CCNCC2)C(=O)N1 1.0000000 1.0000 0.6760533 0.6761 0.8979943 3.5830
 | 15.8554 66.7884 42.2077 0.8515323 O=C1NCCCOC(=O)C1=C(O)C=CC=CN1CC(=O)N2C(=O)C(O)C(O)CC2C1=O 1 O=C1NCCCOC(=O)C1=CC=CC=CN1CC(=O)N2C(=O)CCCC2C1=O 1.0000000 1.0000 0.8263512 0.8264 0.6005063 4.7345
 | 14.3166 61.4758 43.7947 0.8224261 O=C1NC(=O)C(=C(O)c2ccccc2)C(=O)C1=C(O)C=CC=CN1CC1 1 O=C1NC(=O)C(=Cc2ccccc2)C(=O)C1=CC=CC=CN1CC1 1.0000000 1.0000 0.5715679 0.5716 0.9536524 3.0300
 | 26.6968 73.2417 19.2085 0.7222672 CC=C1CN2CC(O)N3C(=O)CN(C=CC=CC(O)=C4CCC(O)NC4=O)C(=O)C3CC12 1 C=C1CN2CCN3C(=O)CN(C=CC=CC=C4CCCNC4=O)C(=O)C3CC12 1.0000000 1.0000 0.6938290 0.6938 0.3435357 5.4219
 | 13.3709 66.5597 49.3718 0.9057145 CN1CCN(C=CC=CC(O)=C2C(=O)NCC(CN)C(=O)NC2=O)C(=O)C1 1 O=C1CCNC(=O)C(=CC=CC=CN2CCNCC2=O)C(=O)N1 1.0000000 1.0000 0.8424144 0.8424 0.8026648 4.0860
01:57:44 <INFO> Sampled SMILES O=C1NC(=O)C(=C(O)C=CC=CN2CCCO2Cl)C=C1 failed to sanitize.
01:57:44 <INFO> Score: 0.76 Agent NLL: 16.43 Valid:  99% Step: 487
 | Agent Prior Target Score SMILES SMILES_state Scaffold DASA DASA (raw) Solubility Solubility (raw) SA SA (raw)
 | 15.5131 81.4765 32.0898 0.8872365 CC(O)=C1COCCN1C=CC=CC(O)=c1c(=O)[nH][nH]c1=C1C(=O)C(=O)N1CCO 1 C=C1COCCN1C=CC=CC=c1c(=O)[nH][nH]c1=C1NC(=O)C1=O 1.0000000 1.0000 0.8107978 0.8108 0.7702112 4.2121
 | 21.7472 66.8941 33.9586 0.7879116 CC1(O)CCC2C(=N)N(C=CC=CC(O)=C3CCC(=O)NC3=O)CC(=O)N21 1 N=C1C2CCCN2C(=O)CN1C=CC=CC=C1CCC(=O)NC1=O 1.0000000 1.0000 0.6776850 0.6777 0.5652075 4.8291
 | 12.4321 64.9312 45.5709 0.8632983 C=C1NCCCN1C=CC=CC(O)=C1C(=O)NC(=C(O)CO)C1=O 1 C=C1NC(=O)C(=CC=CC=CN2CCCNC2=C)C1=O 1.0000000 1.0000 0.7315396 0.7315 0.7987822 4.1019
 | 18.3700 55.5642 49.4281 0.8202527 CCN1C(=O)NC(=O)C1=C(O)C=CC=CN1CCOC(C)(C)C1O 1 O=C1NC(=O)C(=CC=CC=CN2CCOCC2)N1 1.0000000 1.0000 0.6629848 0.6630 0.7254274 4.3671
 | 14.8957 62.1796 51.4667 0.8878617 CN1CN(C=CC=CC(O)=C2C(=O)NCC(O)C(=O)NC2=O)N=C1N 1 O=C1CCNC(=O)C(=CC=CC=CN2CNC=N2)C(=O)N1 1.0000000 1.0000 0.8763001 0.8763 0.6747928 4.5245
 | 13.8996 48.4371 62.8701 0.8695876 CC1C(=O)CCN1C=CC=CC(O)=C1C(=O)CC(=O)NC1=O 1 O=C1CCN(C=CC=CC=C2C(=O)CC(=O)NC2=O)C1 1.0000000 1.0000 0.7397855 0.7398 0.8136915 4.0397
 | 19.9355 87.2025 15.1689 0.7997763 O=C1NC(=CC=NN2CCOCC2)C(=CC=CN(CCO)CCO)C(=O)C1=C(O)C=CC=CN1CC(O)CO1 1 C=C1C(=O)C(=CC=CC=CN2CCCO2)C(=O)NC1=CC=NN1CCOCC1 1.0000000 1.0000 0.7123238 0.7123 0.5602723 4.8422
 | 34.7897 84.4348 3.1492 0.6842500 CN1CC(F)(CO)CN1C=CC=CC(O)=C1CC(O)(C2OC3OC(C)(C)OC3C2O)NC1=O 1 O=C1NC(C2CC3OCOC3O2)CC1=CC=CC=CN1CCCN1 1.0000000 1.0000 0.7140760 0.7141 0.2459376 5.7299
 | 12.0147 60.8554 48.8186 0.8568283 CN1C=CC(=C2C(=O)NC(=O)C(=C(O)C=CC=CN3CCC(N)C3)C2=O)C1=O 1 O=C1NC(=O)C(=C2C=CNC2=O)C(=O)C1=CC=CC=CN1CCCC1 1.0000000 1.0000 0.7425472 0.7425 0.7480410 4.2911
 | 14.5624 61.8390 54.9898 0.9127244 O=C1CC(CO)NC(=O)C(=C(O)C=CC=CN2CC(O)C2)C(=O)N1 1 O=C1CCNC(=O)C(=CC=CC=CN2CCC2)C(=O)N1 1.0000000 1.0000 0.8578664 0.8579 0.8096529 4.0569
01:57:45 <INFO> Score: 0.80 Agent NLL: 16.22 Valid: 100% Step: 488
 | Agent Prior Target Score SMILES SMILES_state Scaffold DASA DASA (raw) Solubility Solubility (raw) SA SA (raw)
 | 15.1415 61.8324 47.9420 0.8576130 CC1=CC(=C(O)C=CC=CN2CCOCC2=O)C(=O)NN1OCCCO 1 O=C1NNC=CC1=CC=CC=CN1CCOCC1=O 1.0000000 1.0000 0.7151514 0.7152 0.8027552 4.0856
 | 16.9277 71.6169 46.4954 0.9227517 O=C1C(=O)N(CCO)CC1=c1[nH]c(=O)[nH]c(=O)c1=C(O)C=CC=CN1CCCC1 1 O=C1NCC(=c2[nH]c(=O)[nH]c(=O)c2=CC=CC=CN2CCCC2)C1=O 1.0000000 1.0000 0.8506467 0.8506 0.8702308 3.7603
 | 18.6709 65.6241 43.3507 0.8513657 O=CC=CN1CCN(C=CC=CC(O)=C2OC(=O)NNC2=O)C1=O 1 O=C1NNC(=O)C(=CC=CC=CN2CCNC2=O)O1 1.0000000 1.0000 0.7419795 0.7420 0.7243091 4.3707
 | 7.7405 53.9018 58.2492 0.8761800 O=C1NC(=O)C(=C(O)C=CC=CN2CC(O)CO2)C(=O)O1 1 O=C1NC(=O)C(=CC=CC=CN2CCCO2)C(=O)O1 1.0000000 1.0000 0.8073683 0.8074 0.7265067 4.3636
 | 16.4978 71.9513 37.7931 0.8573785 COC=C1CNCCN1C=CC=CC(O)=c1oc(=C2C=CN(CCO)C(=O)C2=O)[nH]c1=O 1 C=C1CNCCN1C=CC=CC=c1oc(=C2C=CNC(=O)C2=O)[nH]c1=O 1.0000000 1.0000 0.7969192 0.7969 0.6632556 4.5584
 | 22.4174 67.7451 32.4443 0.7827294 CC(=O)N=C1C(=C(O)C=CC=CN2CC(=O)N3CCCCCC3C2=O)C(=O)NC(=O)N1CCF 1 N=C1NC(=O)NC(=O)C1=CC=CC=CN1CC(=O)N2CCCCCC2C1=O 1.0000000 1.0000 0.5544260 0.5544 0.7757736 4.1914
 | 22.0919 55.3502 58.0484 0.8859265 CCN1NC(=O)NC(=O)C1=C(O)C=CC=CNCCCC(=O)O 1 C=C1NNC(=O)NC1=O 1.0000000 1.0000 0.7446328 0.7446 0.8870317 3.6575
 | 9.2685 44.0021 69.3203 0.8853314 O=C1CC(=O)C(=C(O)C=CC=CN2CCCC2)C(=O)N1 1 O=C1CC(=O)C(=CC=CC=CN2CCCC2)C(=O)N1 1.0000000 1.0000 0.7219304 0.7219 0.9331231 3.2830
 | 12.4243 52.3441 61.7229 0.8911483 CN1C(=O)CCN(C=CC=CC(O)=C2C(=O)CC(=O)NC2=O)C1=O 1 O=C1CC(=O)C(=CC=CC=CN2CCC(=O)NC2=O)C(=O)N1 1.0000000 1.0000 0.7500175 0.7500 0.9033634 3.5439
 | 10.4072 51.9015 64.7480 0.9113238 O=C1CNC(=O)C1=C(O)C=CC=CN1CCOCC1=O 1 O=C1CNC(=O)C1=CC=CC=CN1CCOCC1=O 1.0000000 1.0000 0.8077246 0.8077 0.8924235 3.6217
01:57:46 <INFO> Sampled SMILES N1C(=O)C(=C(O)C=CC=CN2CCOCC2=O)C=C(=CC=CN2CCCC2)N1CCO failed to sanitize.
01:57:46 <INFO> Score: 0.78 Agent NLL: 16.76 Valid:  99% Step: 489
 | Agent Prior Target Score SMILES SMILES_state Scaffold DASA DASA (raw) Solubility Solubility (raw) SA SA (raw)
 | 17.5487 54.3567 57.9641 0.8775065 C=C1C(=C(O)C=CC=CN2CNCC2=O)C(=O)N1C 1 C=C1NC(=O)C1=CC=CC=CN1CNCC1=O 1.0000000 1.0000 0.7601420 0.7601 0.8137640 4.0393
 | 21.6822 77.9147 24.4425 0.7996655 O=c1[nH]c(=C(O)C=CC(O)=NO)oc1=C(O)C=CC=CN1CC(O)CO1 1 C=c1[nH]c(=O)c(=CC=CC=CN2CCCO2)o1 1.0000000 1.0000 0.7892291 0.7892 0.4679113 5.0837
 | 20.1677 84.8104 -84.8104 0.0000000 N1C(=O)C(=C(O)C=CC=CN2CCOCC2=O)C=C(=CC=CN2CCCC2)N1CCO 0 -- 0.0000000 0.0000 0.0000000 0.0000 0.0000000 0.0000
 | 15.1061 58.6214 43.3989 0.7970337 COCC1=COC(=C(O)C=CC=CN2CC=CCC2=O)C(=O)N1C 1 O=C1NC=COC1=CC=CC=CN1CC=CCC1=O 1.0000000 1.0000 0.5883893 0.5884 0.7688457 4.2171
 | 9.7328 54.6911 58.2583 0.8824168 O=C1NC(CO)NC1=C(O)C=CC=CN1CC(O)C1 1 O=C1NCNC1=CC=CC=CN1CCC1 1.0000000 1.0000 0.8671452 0.8671 0.6654671 4.5520
 | 9.7662 53.2512 58.1586 0.8703890 NC1CCN(C=CC=CC(O)=C2C(=O)CCCNC2=O)C1 1 O=C1CCCNC(=O)C1=CC=CC=CN1CCCC1 1.0000000 1.0000 0.7291634 0.7292 0.8385943 3.9266
 | 17.7002 66.9764 40.7850 0.8418859 O=C1NC(N2CCNCC2)C(=O)C=NC1=C(O)C=CC=CN1CCOCC1O 1 O=C1NC(N2CCNCC2)C(=O)C=NC1=CC=CC=CN1CCOCC1 1.0000000 1.0000 0.8074112 0.8074 0.5890656 4.7654
 | 12.9664 62.5342 50.0762 0.8797685 CS(=O)(=O)NC1=CC(=O)C(=C(O)C=CC=CN2CCC(CO)C2)C(=O)N1 1 O=C1C=CNC(=O)C1=CC=CC=CN1CCCC1 1.0000000 1.0000 0.7739393 0.7739 0.7992764 4.0999
 | 12.6559 65.5744 46.1801 0.8730818 O=C1NC(=O)C(=C(O)C=CC=CN2CCN(CCO)CC2)C(C=CN2CC2)N1 1 O=C1NC(=O)C(=CC=CC=CN2CCNCC2)C(C=CN2CC2)N1 1.0000000 1.0000 0.7597327 0.7597 0.7931987 4.1243
 | 15.2929 59.2929 53.2377 0.8791457 C=C1NCCN1C=CC=CC(O)=c1oc(=C(CO)CO)n(C)c1=O 1 C=C1NCCN1C=CC=CC=c1oc(=C)[nH]c1=O 1.0000000 1.0000 0.8440518 0.8441 0.6841850 4.4964
01:57:47 <INFO> Score: 0.75 Agent NLL: 16.48 Valid: 100% Step: 490
 | Agent Prior Target Score SMILES SMILES_state Scaffold DASA DASA (raw) Solubility Solubility (raw) SA SA (raw)
 | 11.6721 52.0299 63.3207 0.9011761 O=C1CC(=O)C(=C(O)C=CC=CN2CCCNC2)C(=O)N1 1 O=C1CC(=O)C(=CC=CC=CN2CCCNC2)C(=O)N1 1.0000000 1.0000 0.7791744 0.7792 0.8961694 3.5959
 | 13.2840 53.9769 -53.9769 0.0000000 O=c1[nH]c(=CCO)[nH]c1=C(O)C=CC=CN1CCNCC1 1 C=c1[nH]c(=O)c(=CC=CC=CN2CCNCC2)[nH]1 1.0000000 1.0000 0.8631469 0.8631 0.7948378 4.1177
 | 27.7826 68.1815 -68.1641 0.0001362 O=NNC1=CC(=O)C(=O)OC1=C(O)C=CC=CN1CCNCC1 1 O=C1C=CC(=CC=CC=CN2CCNCC2)OC1=O 0.0000000 0.0000 0.7539574 0.7540 0.8297117 3.9684
 | 21.5802 80.6396 24.7962 0.8237177 O=C1NC(=O)C(=C(O)C=CC=CN2CCC(=NO)C2)C(=O)C(=O)C1=NNc1ccccc1 1 N=C1CCN(C=CC=CC=C2C(=O)NC(=O)C(=NNc3ccccc3)C(=O)C2=O)C1 1.0000000 1.0000 0.5946165 0.5946 0.8972676 3.5882
 | 18.4773 65.2303 40.0749 0.8226968 C=c1[nH]c(=O)c(=C(O)C=CC=CN2CC(CO)NCCC2=CC)[nH]1 1 C=C1CCNCCN1C=CC=CC=c1[nH]c(=C)[nH]c1=O 1.0000000 1.0000 0.7674769 0.7675 0.5703541 4.8154
 | 20.3704 76.8036 34.8191 0.8720526 O=C(NCC1CNC(=O)C(=C(O)C=CC=CN2CC(=O)N3CCCC3C2=O)C(=O)NC1=O)OCCO 1 O=C1CCNC(=O)C(=CC=CC=CN2CC(=O)N3CCCC3C2=O)C(=O)N1 1.0000000 1.0000 0.7999050 0.7999 0.7203307 4.3837
 | 13.5813 59.0420 51.9908 0.8674434 CC(O)C1CNC(=O)C(=C(O)C=CC=CN2CCC(O)CC2)C(=O)N1 1 O=C1NCCNC(=O)C1=CC=CC=CN1CCCCC1 1.0000000 1.0000 0.7773707 0.7774 0.7364899 4.3304
 | 18.7383 78.8654 35.5506 0.8938746 CN=C1NC(=O)C(=C(O)C=CC=CN2CC(=O)N(CCO)C2=O)C(=O)NC(=O)N1C(C)=O 1 N=C1NC(=O)NC(=O)C(=CC=CC=CN2CC(=O)NC2=O)C(=O)N1 1.0000000 1.0000 0.7893131 0.7893 0.8394904 3.9222
 | 25.3038 66.4035 27.8271 0.7361769 CC1CN(C=CC=CC(O)=C2CCCC(=C3OC(C)(CO)OC3=O)NC2=O)CCO1 1 O=C1NC(=C2OCOC2=O)CCCC1=CC=CC=CN1CCOCC1 1.0000000 1.0000 0.5408226 0.5408 0.5872328 4.7703
 | 20.5267 88.0712 23.8415 0.8743176 CC(=O)OCCN1C=C(C(=O)O)C(=C2C(=O)N(C)C(=O)C2=C(O)C=CC=CN2CC(O)C2)C(=O)C1=O 1 O=C1NC=CC(=C2C(=O)NC(=O)C2=CC=CC=CN2CCC2)C1=O 1.0000000 1.0000 0.7373563 0.7374 0.8420309 3.9099
01:57:47 <INFO> Sampled SMILES N1C(=O)C(=C(O)C=CC=CN2CCNCC2=C(C)[N+]=[O-])C(=O)NCCC1O failed to sanitize.
01:57:48 <INFO> Score: 0.69 Agent NLL: 16.39 Valid:  99% Step: 491
 | Agent Prior Target Score SMILES SMILES_state Scaffold DASA DASA (raw) Solubility Solubility (raw) SA SA (raw)
 | 9.1943 53.8940 60.0322 0.8900485 O=C1CC(=O)C(=C(O)C=CC=CN2CC(O)CO2)C(=O)N1 1 O=C1CC(=O)C(=CC=CC=CN2CCCO2)C(=O)N1 1.0000000 1.0000 0.8193115 0.8193 0.7689283 4.2168
 | 19.5665 67.5112 42.8695 0.8623493 CN1C(=O)C(=C(O)C=CC=CN2CC(=O)OCC2O)C(=O)NC1CO 1 O=C1CN(C=CC=CC=C2C(=O)NCNC2=O)CCO1 1.0000000 1.0000 0.8560316 0.8560 0.6032254 4.7271
 | 22.9743 75.5572 36.0119 0.8716331 CC(=CC=CC(O)=C1C(=O)NC(=C2C(=O)NC(=O)NC2=O)C(=C(C)O)C1=O)N(C)CCO 1 C=C1C(=O)NC(=C2C(=O)NC(=O)NC2=O)C(=C)C1=O 1.0000000 1.0000 0.7199708 0.7200 0.8638751 3.7962
 | 16.1013 60.7508 52.1898 0.8823485 C=c1[nH]c(=O)c(=C(O)C=CC=CN2CC(C)(C)N(O)C2=O)c(=O)[nH]c1=O 1 C=c1[nH]c(=O)c(=CC=CC=CN2CCNC2=O)c(=O)[nH]c1=O 1.0000000 1.0000 0.7995454 0.7995 0.7667176 4.2249
 | 17.2356 64.0358 39.7141 0.8105453 C=CCN1C=CC(=O)C(=C(O)C=CC=CN2CC(=O)N3CCCCC3C2=O)C(=O)N1 1 O=C1C=CNNC(=O)C1=CC=CC=CN1CC(=O)N2CCCCC2C1=O 1.0000000 1.0000 0.6268874 0.6269 0.7516214 4.2787
 | 16.9595 71.7601 32.8755 0.8174657 N=C1N(C=CC=CC(O)=C2C(=O)NC(CO)C(O)C(O)C2O)CC(=O)N2CCCC(=O)N12 1 N=C1N(C=CC=CC=C2CCCCNC2=O)CC(=O)N2CCCC(=O)N12 1.0000000 1.0000 0.8531070 0.8531 0.4583622 5.1088
 | 11.2051 61.4938 -61.4938 0.0000000 C=C1NCCN1C=CC=CC(O)=C1C(=O)NC(=O)NC(C)(C)NC1=O 1 C=C1NCCN1C=CC=CC=C1C(=O)NCNC(=O)NC1=O 1.0000000 1.0000 0.7274127 0.7274 0.8221316 4.0027
 | 24.2342 65.5457 44.0005 0.8558296 O=C1NC(=O)C(=C(O)C=CC=CN2CC(=O)N3CCCCC=C3C2=O)C(O)C(=O)N1 1 O=C1CC(=CC=CC=CN2CC(=O)N3CCCCC=C3C2=O)C(=O)NC(=O)N1 1.0000000 1.0000 0.7261073 0.7261 0.7731822 4.2011
 | 12.9567 61.3369 49.6180 0.8668352 CC1(C)NC(=O)C(=C(O)C=CC=CN2CCC(O)C2)C(=O)NN1CCO 1 O=C1NCNNC(=O)C1=CC=CC=CN1CCCC1 1.0000000 1.0000 0.7876985 0.7877 0.7170292 4.3943
 | 10.6423 50.0606 60.8953 0.8668427 O=C1C=CC(=C(O)C=CC=CN2CCC(CO)CC2)C(=O)N1 1 O=C1C=CC(=CC=CC=CN2CCCCC2)C(=O)N1 1.0000000 1.0000 0.6907294 0.6907 0.9023969 3.5511
01:57:48 <INFO> Sampled SMILES N1C(=O)C(=C(O)C=CC=CN2CC(N)CC2)C=NC=N1N failed to sanitize.
01:57:49 <INFO> Score: 0.78 Agent NLL: 17.20 Valid:  99% Step: 492
 | Agent Prior Target Score SMILES SMILES_state Scaffold DASA DASA (raw) Solubility Solubility (raw) SA SA (raw)
 | 21.6132 65.2285 41.8867 0.8368375 COC1=CC(=O)C(=O)C(=c2ccc(=C(O)C=CC=CN3C(=O)CCC3(C)C)c(=O)[nH]2)C1=O 1 O=C1C=CC(=O)C(=c2ccc(=CC=CC=CN3CCCC3=O)c(=O)[nH]2)C1=O 1.0000000 1.0000 0.6543367 0.6543 0.8245435 3.9919
 | 28.1554 82.7966 27.4862 0.8615839 CCN1C(=O)C2=CN(C=CC=CC(O)=C3C(=O)NC(=O)NC3=O)CC(=O)N2C(=O)C(NC(=O)C(O)=NO)C1=O 1 O=C1CC(=O)N2C(=O)CN(C=CC=CC=C3C(=O)NC(=O)NC3=O)C=C2C(=O)N1 1.0000000 1.0000 0.8144800 0.8145 0.6550456 4.5822
 | 22.6076 53.9851 41.6833 0.7474093 CCCCCCCC1NC(=O)C(=C(O)C=CC=CN2CCN(C)CC2)C(=O)N1C 1 O=C1NCNC(=O)C1=CC=CC=CN1CCNCC1 1.0000000 1.0000 0.4533606 0.4534 0.8657761 3.7856
 | 16.5069 27.4739 -27.4555 0.0001440 CCN1C(=O)NCC(=O)NCC1C 1 O=C1CNC(=O)NCCN1 0.0000000 0.0000 0.8392708 0.8393 0.9207039 3.4027
 | 18.0000 57.8841 50.4767 0.8465687 COC1OC(=O)C(=O)C1=C(O)C=CC=CN1CCC(=O)O1 1 O=C1CCN(C=CC=CC=C2COC(=O)C2=O)O1 1.0000000 1.0000 0.7540735 0.7541 0.6835221 4.4984
 | 25.5250 72.0371 36.5859 0.8486170 CN1CCN(C=CC=CC(O)=C2N=CC(=O)C(N3CCN(C4CC4)CC3)NC2=O)C(=O)C1 1 O=C1NC(N2CCN(C3CC3)CC2)C(=O)C=NC1=CC=CC=CN1CCNCC1=O 1.0000000 1.0000 0.7117526 0.7118 0.7658799 4.2279
 | 20.9618 61.6166 48.8673 0.8631559 CN1C(=O)C(=C(O)C=CC=CN2CCNCC2=S)NC1=NCCO 1 N=C1NC(=O)C(=CC=CC=CN2CCNCC2=S)N1 1.0000000 1.0000 0.7738164 0.7738 0.7233560 4.3739
 | 23.1693 65.2140 41.7711 0.8358209 O=C1NC(=O)C(=C(O)C=CC=CN2CC(=O)N3CCCC(=O)C3C2)C(NCCCCCO)N1 1 O=C1NCC(=CC=CC=CN2CC(=O)N3CCCC(=O)C3C2)C(=O)N1 1.0000000 1.0000 0.7139648 0.7140 0.7033317 4.4377
 | 11.9037 78.3608 41.0273 0.9327194 CCN1C(=O)C(=O)C(=c2c(=O)[nH]c(=O)[nH]c(=O)c2=C(O)C=CC=CN2CCN(C)CC2=O)C1=O 1 O=C1NC(=O)C(=c2c(=O)[nH]c(=O)[nH]c(=O)c2=CC=CC=CN2CCNCC2=O)C1=O 1.0000000 1.0000 0.8794200 0.8794 0.8686586 3.7693
 | 18.1569 73.0313 38.5569 0.8717830 CC1=CC(=O)C(=O)C(=C(O)C=CC=CN2C(=O)OC(=O)C2=O)C(=O)N1C 1 O=C1C=CNC(=O)C(=CC=CC=CN2C(=O)OC(=O)C2=O)C1=O 1.0000000 1.0000 0.7223453 0.7223 0.8596876 3.8191
01:57:49 <INFO> Score: 0.76 Agent NLL: 16.48 Valid: 100% Step: 493
 | Agent Prior Target Score SMILES SMILES_state Scaffold DASA DASA (raw) Solubility Solubility (raw) SA SA (raw)
 | 14.9280 63.2393 47.0733 0.8618167 CN1C(=O)C(=C(O)C=CC=CN2CCC(CO)C2)C(O)N1CCO 1 O=C1NNCC1=CC=CC=CN1CCCC1 1.0000000 1.0000 0.8064072 0.8064 0.6675102 4.5460
 | 19.3125 61.0853 50.1530 0.8690485 O=C1NN(C(CO)CO)C(=O)C1=C(O)C=CC=CN1CCNC1=CBr 1 C=C1NCCN1C=CC=CC=C1C(=O)NNC1=O 1.0000000 1.0000 0.7588702 0.7589 0.7756895 4.1917
 | 24.9420 75.6398 24.0607 0.7789099 CN1C(=O)NC(=O)C(=C(O)C=CC=CN2C=C3N(CCCCC3(CO)OO)C(=O)C2)C1N 1 O=C1NCC(=CC=CC=CN2C=C3CCCCCN3C(=O)C2)C(=O)N1 1.0000000 1.0000 0.6867141 0.6867 0.5199360 4.9480
 | 14.3393 55.5979 60.8744 0.9099396 NCCN1C(=O)CN(C=CC=CC(O)=C2CNC(=O)NC2=O)C1=O 1 O=C1CN(C=CC=CC=C2CNC(=O)NC2=O)C(=O)N1 1.0000000 1.0000 0.8180210 0.8180 0.8659209 3.7848
 | 17.9244 72.5299 37.3708 0.8585991 O=C1NC(=O)C(=O)C(=C(O)C=CC=CN2CC(=O)N3CCCCCC3C(O)C2=O)C(=O)N1 1 O=C1NC(=O)C(=O)C(=CC=CC=CN2CC(=O)N3CCCCCC3CC2=O)C(=O)N1 1.0000000 1.0000 0.7462608 0.7463 0.7496200 4.2856
 | 11.4454 62.4885 47.5030 0.8593082 O=C1NC(=O)C(=C(O)C=CC=CN2CC(=O)N3CCCC3C2=O)C(N2CCOCC2)C(=O)N1 1 O=C1NC(=O)C(=CC=CC=CN2CC(=O)N3CCCC3C2=O)C(N2CCOCC2)C(=O)N1 1.0000000 1.0000 0.7453024 0.7453 0.7545710 4.2683
 | 24.2755 78.1139 33.3708 0.8709742 CC(ON=C1OC(=O)C(=C(O)C=CC=CN2CCC(=O)C2)C(=O)NC1=O)C(=O)OCCO 1 N=C1OC(=O)C(=CC=CC=CN2CCC(=O)C2)C(=O)NC1=O 1.0000000 1.0000 0.7896655 0.7897 0.7319849 4.3455
 | 24.2454 71.8367 43.0503 0.8975551 NC(=O)NN=C1CCN(C=CC=CC(O)=C2C(=O)NC(=O)N(CCCO)C2=O)C(=O)C1 1 N=C1CCN(C=CC=CC=C2C(=O)NC(=O)NC2=O)C(=O)C1 1.0000000 1.0000 0.7685246 0.7685 0.8988137 3.5772
 | 11.3819 64.4790 53.1455 0.9189413 CN1CCN(C=CC=CC(O)=c2oc(=C3C(=O)NC(=O)NC3=O)n(C)c2=O)C(=O)C1 1 O=C1NC(=O)C(=c2[nH]c(=O)c(=CC=CC=CN3CCNCC3=O)o2)C(=O)N1 1.0000000 1.0000 0.8573476 0.8573 0.8399165 3.9202
 | 9.7196 57.3759 -57.3759 0.0000000 NCCNC=CC=CC(O)=C1C(=O)NC(=O)NC(=O)C1=O 1 C=C1C(=O)NC(=O)NC(=O)C1=O 1.0000000 1.0000 0.8687186 0.8687 0.9164652 3.4396
01:57:50 <INFO> Score: 0.75 Agent NLL: 16.73 Valid: 100% Step: 494
 | Agent Prior Target Score SMILES SMILES_state Scaffold DASA DASA (raw) Solubility Solubility (raw) SA SA (raw)
 | 12.6668 75.6632 45.1627 0.9439520 CC(=CC=CC(O)=c1c(=O)[nH]c(=O)[nH]c(=O)c1=C1C(=O)NC(=O)C(=O)N1C)N(CCO)CCO 1 C=c1c(=O)[nH]c(=O)[nH]c(=O)c1=C1NC(=O)C(=O)NC1=O 1.0000000 1.0000 0.9228666 0.9229 0.8501469 3.8693
 | 23.6727 71.8657 33.3181 0.8217478 O=C1NC(=O)C(=C2NC(=O)C(=C(O)C=CC=CN3CCCC3N3CCOCC3)CCO2)C(=O)N1 1 O=C1NC(=O)C(=C2NC(=O)C(=CC=CC=CN3CCCC3N3CCOCC3)CCO2)C(=O)N1 1.0000000 1.0000 0.6597551 0.6598 0.7386822 4.3231
 | 19.1045 68.7337 38.4716 0.8375416 CN1OC(=O)C(=C(O)C=CC=CN2CCCNCC2=CN2CCCNCC2)C1=O 1 O=C1NOC(=O)C1=CC=CC=CN1CCCNCC1=CN1CCCNCC1 1.0000000 1.0000 0.6699556 0.6700 0.7946994 4.1183
 | 22.4773 23.3783 -23.3623 0.0001253 C=CC(=O)NC(C)CCCCCC 1  0.0000000 0.0000 0.5345426 0.5345 0.9767484 2.5650
 | 12.6924 63.7028 51.2541 0.8981006 C=c1[nH]c(=O)c(=C(O)C=CC=CN2CCC(N)C2=O)c(=O)[nH]c1=O 1 C=c1[nH]c(=O)c(=CC=CC=CN2CCCC2=O)c(=O)[nH]c1=O 1.0000000 1.0000 0.8823563 0.8824 0.7080748 4.4228
 | 19.9766 61.0261 41.9743 0.8046905 CC=c1[nH]c(=C(O)C=CC=CN2CC(=O)C(O)C(O)C2O)c(=O)n1C 1 C=c1[nH]c(=O)c(=CC=CC=CN2CCCC(=O)C2)[nH]1 1.0000000 1.0000 0.8771263 0.8771 0.4019694 5.2588
 | 12.3827 58.6848 55.7430 0.8939678 COC=C1NC(=O)C(=C(O)C=CC=CN2CC(O)C2)C1=O 1 C=C1NC(=O)C(=CC=CC=CN2CCC2)C1=O 1.0000000 1.0000 0.7854380 0.7854 0.8472155 3.8841
 | 17.7893 74.4377 35.9665 0.8625324 O=C1CC(NCNCCO)NC(=O)C(=C(O)C=CC=CN2C=CCC2)C(=O)N1 1 O=C1CCNC(=O)C(=CC=CC=CN2C=CCC2)C(=O)N1 1.0000000 1.0000 0.8179184 0.8179 0.6540010 4.5852
 | 16.6150 71.9946 34.6928 0.8334957 CN1C(=O)C(=C(O)C=CC=CN2CCSCC2)C(=C2CCN2CCO)C1=O 1 O=C1NC(=O)C(=C2CCN2)C1=CC=CC=CN1CCSCC1 1.0000000 1.0000 0.6266521 0.6267 0.8708560 3.7567
 | 11.0702 49.6028 66.4636 0.9067684 CN1CCC(=O)N(C=CC=CC(O)=C2C(=O)NC(=O)NC2=O)CC1 1 O=C1NC(=O)C(=CC=CC=CN2CCNCCC2=O)C(=O)N1 1.0000000 1.0000 0.7760350 0.7760 0.9323173 3.2914
01:57:51 <INFO> Score: 0.80 Agent NLL: 16.41 Valid: 100% Step: 495
 | Agent Prior Target Score SMILES SMILES_state Scaffold DASA DASA (raw) Solubility Solubility (raw) SA SA (raw)
 | 15.8644 66.7493 31.0532 0.7640814 C=C1COCCN1C=CC=CC(O)=C1C(=O)NCCC(=CBr)NC1=O 1 C=C1CCNC(=O)C(=CC=CC=CN2CCOCC2=C)C(=O)N1 1.0000000 1.0000 0.5163034 0.5163 0.7742823 4.1970
 | 16.5092 65.4833 47.1494 0.8799434 NC1C(=O)N(C=CC=CC(O)=C2C(=O)CC(=O)NC2=O)CC1OS(=O)(=O)O 1 O=C1CC(=O)C(=CC=CC=CN2CCCC2=O)C(=O)N1 1.0000000 1.0000 0.8434402 0.8434 0.6883229 4.4839
 | 18.2510 58.4467 45.3312 0.8107644 O=C1NCC(O)CC1=C(O)C=CC=CN1CC(O)C(F)C1 1 O=C1NCCCC1=CC=CC=CN1CCCC1 1.0000000 1.0000 0.7728949 0.7729 0.5217787 4.9432
 | 18.6051 74.0053 34.4942 0.8476524 O=C1NC(=O)C(C=CCCO)NC(=O)C1=C(O)C=CC=CN1CC(O)CO1 1 O=C1CNC(=O)C(=CC=CC=CN2CCCO2)C(=O)N1 1.0000000 1.0000 0.8215145 0.8215 0.5923339 4.7566
 | 13.7436 65.5028 43.6563 0.8528056 C=C1N(C=CC=CC(O)=C2C(=O)OCC(=C)N(C)C2=O)CCN1CCO 1 C=C1COC(=O)C(=CC=CC=CN2CCNC2=C)C(=O)N1 1.0000000 1.0000 0.6864210 0.6864 0.8373926 3.9323
 | 10.8461 58.5646 56.6152 0.8998420 O=C1CCNC(=O)C(=C(O)C=CC=CN2CCOCC2CO)C(=O)N1 1 O=C1CCNC(=O)C(=CC=CC=CN2CCOCC2)C(=O)N1 1.0000000 1.0000 0.8154230 0.8154 0.8212071 4.0068
 | 11.7093 63.3951 40.2521 0.8097436 CC1CCCC2C(=O)N(C=CC=CC(O)=C3C(=O)NCCCOC3=O)CC(=O)N12 1 O=C1NCCCOC(=O)C1=CC=CC=CN1CC(=O)N2CCCCC2C1=O 1.0000000 1.0000 0.6333750 0.6334 0.7343750 4.3375
 | 13.2474 48.3863 62.4998 0.8662973 O=C1CCC(O)C1=C(O)C=CC=CN1CC1 1 O=C1CCCC1=CC=CC=CN1CC1 1.0000000 1.0000 0.7279117 0.7279 0.8205667 4.0097
 | 24.9111 75.7164 22.2587 0.7654307 CN1OC(=NC2(C)CCCCC2)NC(=O)C(=C(O)C=CC=CN2CCC(=O)N2O)C1=O 1 O=C1CCN(C=CC=CC=C2C(=O)NOC(=NC3CCCCC3)NC2=O)N1 1.0000000 1.0000 0.5398789 0.5399 0.7227488 4.3758
 | 21.1359 63.9641 49.8771 0.8893846 NCCCCC(N)C(=O)NC1CNCN(C=CC=CC(O)=C2C(=O)CC(=O)NC2=O)C1=O 1 O=C1CC(=O)C(=CC=CC=CN2CNCCC2=O)C(=O)N1 1.0000000 1.0000 0.8425622 0.8426 0.7293181 4.3543
01:57:52 <INFO> Sampled SMILES O=C1N(C)C(=O)C(=C(O)C=CC=CN2CC=CC(=O)C2=O)C1=C1N(CCO)C(=O)NC(C)=O1 failed to sanitize.
01:57:52 <INFO> Score: 0.76 Agent NLL: 16.45 Valid:  99% Step: 496
 | Agent Prior Target Score SMILES SMILES_state Scaffold DASA DASA (raw) Solubility Solubility (raw) SA SA (raw)
 | 20.3117 87.8017 17.4128 0.8219884 CN1C(=O)NC(=O)C(Br)C1=c1c(=O)[nH]c(=O)[nH]c(=O)c1=C(O)C=CC=CN1CC(=O)N2CCCCN2C1=O 1 O=C1CC(=c2c(=O)[nH]c(=O)[nH]c(=O)c2=CC=CC=CN2CC(=O)N3CCCCN3C2=O)NC(=O)N1 1.0000000 1.0000 0.7220863 0.7221 0.6317044 4.6485
 | 17.1207 64.2829 54.4456 0.9275664 NCCN1CC(=O)NC(=O)C(=C(O)C=CC=CN2CCOCC2=O)C1=O 1 O=C1CNC(=O)C(=CC=CC=CN2CCOCC2=O)C(=O)N1 1.0000000 1.0000 0.8448585 0.8449 0.9050850 3.5310
 | 20.0876 66.0476 42.5654 0.8485386 CC1=C2OC2(N)C(=C(O)C=CC=CN2CC(O)C2)C(=O)N(C)C1=O 1 O=C1C=C2OC2C(=CC=CC=CN2CCC2)C(=O)N1 1.0000000 1.0000 0.7693778 0.7694 0.6680080 4.5445
 | 22.2411 69.3299 45.5229 0.8972879 CN1NC(=O)C(=C(O)C=CC=CN2CC(=O)N(CCO)CC(NC(=O)CC(=O)O)C2=O)N=C1N 1 O=C1CN(C=CC=CC=C2N=CNNC2=O)C(=O)CCN1 1.0000000 1.0000 0.8743928 0.8744 0.7159874 4.3976
 | 16.5163 62.7068 49.7220 0.8783500 CN1CCN(C=CC=CC(O)=C2C(=O)N[N+](C)(C)CCOC2=O)C(=O)C1 1 O=C1N[NH2+]CCOC(=O)C1=CC=CC=CN1CCNCC1=O 1.0000000 1.0000 0.7625892 0.7626 0.8132918 4.0414
 | 12.9541 66.8553 45.9331 0.8811588 O=C1CC(=C(O)CO)NC(=O)C1=C(O)C=CC=CN1CCOCC1=O 1 C=C1CC(=O)C(=CC=CC=CN2CCOCC2=O)C(=O)N1 1.0000000 1.0000 0.7598908 0.7599 0.8321852 3.9569
 | 8.3725 79.3099 41.1804 0.9413307 O=C1CCN(C=CC=CC(O)=c2c(=O)[nH]c(=O)[nH]c(=O)c2=C2C(=O)C(=O)N(CCO)C2=O)N1 1 O=C1CCN(C=CC=CC=c2c(=O)[nH]c(=O)[nH]c(=O)c2=C2C(=O)NC(=O)C2=O)N1 1.0000000 1.0000 0.9240893 0.9241 0.8358863 3.9395
 | 11.9044 47.1344 70.1561 0.9163316 CN(C=CC=CC(O)=C1C(=O)NC(=O)C(O)C1=O)CCO 1 C=C1C(=O)CC(=O)NC1=O 1.0000000 1.0000 0.8665813 0.8666 0.8121015 4.0465
 | 10.9225 67.4638 50.1784 0.9190794 O=C1NC(=O)C(=C(O)C=CC=CN2CCC(CO)C2)C(=O)NC(=O)C1=O 1 O=C1NC(=O)C(=CC=CC=CN2CCCC2)C(=O)NC(=O)C1=O 1.0000000 1.0000 0.8462770 0.8463 0.8599170 3.8179
 | 15.2988 64.7427 43.0825 0.8423842 O=C1NN2CCCN2C1=C(O)C=CC=CN1CCOCC1=CN1CCNCC1 1 O=C1NN2CCCN2C1=CC=CC=CN1CCOCC1=CN1CCNCC1 1.0000000 1.0000 0.7112330 0.7112 0.7377477 4.3262
01:57:53 <INFO> Score: 0.75 Agent NLL: 15.47 Valid: 100% Step: 497
 | Agent Prior Target Score SMILES SMILES_state Scaffold DASA DASA (raw) Solubility Solubility (raw) SA SA (raw)
 | 16.7056 83.1475 28.1811 0.8697548 NC1CCN(C=CC=CC(O)=C2C(=O)NC(=C3C(=O)NC(=O)NC3=O)C(=C(O)CO)C2=O)C1 1 C=C1C(=O)C(=CC=CC=CN2CCCC2)C(=O)NC1=C1C(=O)NC(=O)NC1=O 1.0000000 1.0000 0.7950495 0.7950 0.7180315 4.3911
 | 19.4316 65.0395 42.5601 0.8406224 O=C1NOC(NOCCO)C1=C(O)C=CC=CN1CC(=O)N2CCCCC2C1=O 1 O=C1NOCC1=CC=CC=CN1CC(=O)N2CCCCC2C1=O 1.0000000 1.0000 0.7838026 0.7838 0.6155925 4.6932
 | 13.9079 53.1208 52.4073 0.8244383 O=C1NC(=O)C(=C(O)C=CC=CN2CCC(CO)CC2)SSC1=O 1 O=C1NC(=O)C(=CC=CC=CN2CCCCC2)SSC1=O 1.0000000 1.0000 0.6106536 0.6107 0.8603776 3.8154
 | 16.5812 71.2607 40.7630 0.8751849 CC1=CC(O)C(=c2c(=O)[nH]c(=O)[nH]c(=O)c2=C(O)C=CC=CN2CCC(O)CC2)C(=O)O1 1 O=C1OC=CCC1=c1c(=O)[nH]c(=O)[nH]c(=O)c1=CC=CC=CN1CCCCC1 1.0000000 1.0000 0.8081224 0.8081 0.7210064 4.3815
 | 10.8823 54.6145 59.1654 0.8889055 CC=C1C(=O)NC(=O)C(=C(O)C=CC=CN2CC2)C1=O 1 C=C1C(=O)NC(=O)C(=CC=CC=CN2CC2)C1=O 1.0000000 1.0000 0.7426238 0.7426 0.9070814 3.5157
 | 13.6585 56.8784 57.9236 0.8968913 O=C1CNCCN1C=CC=CC(O)=c1c(=O)[nH]c(=O)c(=CBr)[nH]c1=O 1 C=c1[nH]c(=O)c(=CC=CC=CN2CCNCC2=O)c(=O)[nH]c1=O 1.0000000 1.0000 0.8155141 0.8155 0.8070101 4.0680
 | 10.5418 44.2913 -44.2913 0.0000000 O=C1NC(=O)N(CCO)C1=C(O)C=CC=CN1CCCCC1 1 O=C1NC(=O)C(=CC=CC=CN2CCCCC2)N1 1.0000000 1.0000 0.6891831 0.6892 0.9217011 3.3937
 | 15.4857 73.0400 35.2160 0.8457503 O=C1C=C(N2CCCC2)NC(=O)C(=C(O)C=CC=CN2CCC(CO)C2)C1=O 1 O=C1C=C(N2CCCC2)NC(=O)C(=CC=CC=CN2CCCC2)C1=O 1.0000000 1.0000 0.6756632 0.6757 0.8241255 3.9938
 | 14.0425 53.3777 59.7374 0.8837115 O=C1CCNC(=O)C1=C(O)C=CC=CN1CCOC(C(=O)O)C1 1 O=C1CCNC(=O)C1=CC=CC=CN1CCOCC1 1.0000000 1.0000 0.7659679 0.7660 0.8332237 3.9521
 | 27.1921 72.5598 37.0985 0.8567050 CN1C(=O)C(=C(O)C=CC=CN2CCCC2=O)C(=O)C1=C1CNCO1 1 O=C1NC(=C2CNCO2)C(=O)C1=CC=CC=CN1CCCC1=O 1.0000000 1.0000 0.6967080 0.6967 0.8356521 3.9406
01:57:53 <INFO> Sampled SMILES N1C(=O)C(=C(O)C=CC=CN2CC(=O)N3CCCCN3C2=O)O1COC(=O)C failed to sanitize.
01:57:53 <INFO> Sampled SMILES N1C(=O)C(=C(O)C=CC=CN2C3N(C)C(=O)C(=C(O)N)(N)C3C(O)O2)N=C1NC(=O)C failed to sanitize.
01:57:54 <INFO> Score: 0.71 Agent NLL: 16.45 Valid:  98% Step: 498
 | Agent Prior Target Score SMILES SMILES_state Scaffold DASA DASA (raw) Solubility Solubility (raw) SA SA (raw)
 | 9.8673 61.3544 57.1750 0.9260109 O=C1NC(=O)C(=C(O)CO)C(=O)C1=C(O)C=CC=CNCCO 1 C=C1C(=O)NC(=O)C(=C)C1=O 1.0000000 1.0000 0.8537399 0.8537 0.8808758 3.6966
 | 17.8920 66.8405 40.1637 0.8359702 O=C1NC(=O)C(=C(O)C=CC=CN2C=C3CCCCN(C3)C(=O)C2)C(=O)NC1=O 1 O=C1NC(=O)C(=CC=CC=CN2C=C3CCCCN(C3)C(=O)C2)C(=O)NC1=O 1.0000000 1.0000 0.7337964 0.7338 0.6710337 4.5356
 | 11.5121 55.3116 61.4813 0.9124444 CC1(C)NC(=O)C(=C(O)C=CC=CN2CCN(CCO)CC2=O)C(=O)NC1=O 1 O=C1CNC(=O)C(=CC=CC=CN2CCNCC2=O)C(=O)N1 1.0000000 1.0000 0.8082300 0.8082 0.8972170 3.5885
 | 9.0572 69.4749 45.7200 0.8999608 CC1CN(C=CC=CC(O)=c2c(=O)[nH]c(=O)[nH]c2=C2C(=O)C(=O)N(CCO)C2=O)C(=O)O1 1 O=C1NC(=O)C(=c2[nH]c(=O)[nH]c(=O)c2=CC=CC=CN2CCOC2=O)C1=O 1.0000000 1.0000 0.8659761 0.8660 0.7396708 4.3197
 | 8.3918 50.9341 -50.9341 0.0000000 CN1CCN(C=CC=CC(O)=C2C(=O)NC(=O)OC2=O)C(=O)C1 1 O=C1NC(=O)C(=CC=CC=CN2CCNCC2=O)C(=O)O1 1.0000000 1.0000 0.7816154 0.7816 0.8960102 3.5970
 | 11.4613 65.3770 51.6594 0.9143468 O=C1COCCN1C=CC=CC(O)=c1c(=O)[nH]c(=O)[nH]c(=O)c1=C1CC1 1 O=C1COCCN1C=CC=CC=c1c(=O)[nH]c(=O)[nH]c(=O)c1=C1CC1 1.0000000 1.0000 0.8311068 0.8311 0.8638394 3.7964
 | 11.1611 53.0640 57.2939 0.8621708 CC(O)C1C(=O)NC(=O)C(=C(O)C=CC=CN2CCC(=O)C2)C1=O 1 O=C1CCN(C=CC=CC=C2C(=O)CC(=O)NC2=O)C1 1.0000000 1.0000 0.7848723 0.7849 0.7014012 4.4437
 | 18.1236 65.9953 45.0377 0.8674448 C=c1c(=O)[nH]c(=O)[nH]c(=O)c1=C(O)C=CC=CN1CC(=NO)CCC1O 1 C=c1c(=O)[nH]c(=O)[nH]c(=O)c1=CC=CC=CN1CCCC(=N)C1 1.0000000 1.0000 0.8375500 0.8376 0.6463991 4.6070
 | 9.2168 52.6154 -52.6154 0.0000000 O=C1CC(=O)C(=C(O)C=CC=CN2CCC(=O)N2O)C(=O)N1 1 O=C1CC(=O)C(=CC=CC=CN2CCC(=O)N2)C(=O)N1 1.0000000 1.0000 0.7975932 0.7976 0.8547872 3.8452
 | 18.9729 62.7506 45.3660 0.8446612 CS(=O)(=O)OC1CN(C=CC=CC(O)=C2C(=O)NC(=O)OC2=O)CC(N)C1O 1 O=C1NC(=O)C(=CC=CC=CN2CCCCC2)C(=O)O1 1.0000000 1.0000 0.8260200 0.8260 0.5759038 4.8007
01:57:55 <INFO> Score: 0.77 Agent NLL: 16.40 Valid: 100% Step: 499
 | Agent Prior Target Score SMILES SMILES_state Scaffold DASA DASA (raw) Solubility Solubility (raw) SA SA (raw)
 | 21.4720 57.0452 -15.9091 0.3213753 CCCCCC=CCC=CCC=CCC=CCCCC(=O)NCC1CN(C=CC=CC(O)=C2CC(=O)NC2=O)C(=O)O1 1 O=C1CC(=CC=CC=CN2CCOC2=O)C(=O)N1 1.0000000 1.0000 0.0391925 0.0392 0.7476696 4.2924
 | 26.2258 65.8130 38.1962 0.8125722 O=C1OCOC(=C(O)C=CC=CN2C=CN(CCCl)CC2)C1=O 1 O=C1OCOC(=CC=CC=CN2C=CNCC2)C1=O 1.0000000 1.0000 0.6228729 0.6229 0.7701516 4.2123
 | 26.7034 88.8227 23.4875 0.8774229 CCN1C(=O)N(CCO)C(=O)C(=O)C1=c1[nH]c(=O)[nH]c(=O)c1=C(O)C=CC=CN1CCCN1C(C)C 1 O=C1NC(=O)C(=O)C(=c2[nH]c(=O)[nH]c(=O)c2=CC=CC=CN2CCCN2)N1 1.0000000 1.0000 0.7718865 0.7719 0.7918239 4.1297
 | 16.9708 53.4638 57.7906 0.8691748 CN1C(=O)NC(=O)C1=C(O)C=CC=CN1CCOCC1CN1CCNCC1 1 O=C1NC(=O)C(=CC=CC=CN2CCOCC2CN2CCNCC2)N1 1.0000000 1.0000 0.7463920 0.7464 0.7991348 4.1004
 | 19.3527 73.1899 35.5279 0.8493578 O=C1NC(=O)C(=O)C(=C(O)C=CC=CN2CC(=O)N3C(=C2C(=O)O)CCCCC3C(=O)O)C(=O)N1 1 O=C1NC(=O)C(=O)C(=CC=CC=CN2C=C3CCCCCN3C(=O)C2)C(=O)N1 1.0000000 1.0000 0.6944694 0.6945 0.8032172 4.0837
 | 11.3318 63.1305 52.3157 0.9019241 C=C1CN(CCO)CCN1C=CC=CC(O)=C1C(=O)NC(=O)C(CO)NC1=O 1 C=C1CNCCN1C=CC=CC=C1C(=O)NCC(=O)NC1=O 1.0000000 1.0000 0.8384609 0.8385 0.7916759 4.1303
 | 20.8683 78.5301 33.9868 0.8790378 C=c1c(=O)[nH]c(=O)[nH]c(=O)c1=C(O)C=CC=CN1CC(=O)N2C(OC)=C(C)NC(=O)C2=C1C 1 C=c1c(=O)[nH]c(=O)[nH]c(=O)c1=CC=CC=CN1C=C2C(=O)NC=CN2C(=O)C1 1.0000000 1.0000 0.7892359 0.7892 0.7690024 4.2165
 | 12.4637 76.1954 43.8876 0.9381487 Cn1c(=O)[nH]c(=O)c(=C(O)C=CC=CN2CCOCC2=O)c1=C1C(=O)C(=O)N(CCO)C1=O 1 O=C1NC(=O)C(=c2[nH]c(=O)[nH]c(=O)c2=CC=CC=CN2CCOCC2=O)C1=O 1.0000000 1.0000 0.9001667 0.9002 0.8597280 3.8189
 | 10.3735 69.9619 -69.9619 0.0000000 COCCN1C(=O)C(=O)C(=c2[nH]c(=O)[nH]c(=O)c2=C(O)C=CC=CN2CC(=O)N3CCCCN=C3C2=O)C1=O 1 O=C1NC(=O)C(=c2[nH]c(=O)[nH]c(=O)c2=CC=CC=CN2CC(=O)N3CCCCN=C3C2=O)C1=O 1.0000000 1.0000 0.8439407 0.8439 0.8349490 3.9439
 | 14.3341 68.7132 38.2341 0.8355261 CCN1C(=c2c(=O)[nH]c(=O)[nH]c(=O)c2=C(O)C=CC=CN2CCNCC2=O)C(C)(C)c2ccccc21 1 O=C1CNCCN1C=CC=CC=c1c(=O)[nH]c(=O)[nH]c(=O)c1=C1Cc2ccccc2N1 1.0000000 1.0000 0.6311326 0.6311 0.8711219 3.7552
01:57:56 <INFO> Score: 0.77 Agent NLL: 17.39 Valid:  99% Step: 500
 | Agent Prior Target Score SMILES SMILES_state Scaffold DASA DASA (raw) Solubility Solubility (raw) SA SA (raw)
 | 13.7828 61.9884 51.8498 0.8893608 CC(C=CN1CCC1)=CC(O)=C1C(=O)NC(=O)NC(=O)NC1=O 1 O=C1NC(=O)NC(=O)C(=CC=CC=CN2CCC2)C(=O)N1 1.0000000 1.0000 0.7376537 0.7377 0.9202747 3.4065
 | 22.1839 65.2976 18.3017 0.6531194 C=C1CC(=C(O)C=CC=CN2CC(C)CC2=C(C)O)C(=O)N1 1 C=C1CC(=CC=CC=CN2CCCC2=C)C(=O)N1 1.0000000 1.0000 0.3692745 0.3693 0.6107305 4.7066
 | 11.3854 74.7740 42.6120 0.9170781 CN1C(=O)C(=O)C(=c2c(=O)[nH]c(=O)[nH]c(=O)c2=C(O)C=CC=CN2CC=CCC2=O)C1=O 1 O=C1NC(=O)C(=c2c(=O)[nH]c(=O)[nH]c(=O)c2=CC=CC=CN2CC=CCC2=O)C1=O 1.0000000 1.0000 0.8598564 0.8599 0.8267758 3.9818
 | 21.1516 63.3892 44.2868 0.8412185 COCC(O)C1C(=O)NC(=O)C(=C(O)C=CC=CN2CCOC(C)(C)C2=O)C1=O 1 O=C1CC(=O)C(=CC=CC=CN2CCOCC2=O)C(=O)N1 1.0000000 1.0000 0.7518660 0.7519 0.6645468 4.5547
 | 21.1605 78.6349 27.8545 0.8319485 C=C1NC(=O)C(=C(O)C=CC=CN2CC(=O)N3CCCCC3C2=O)C(=O)NC1NC(C)=O 1 C=C1CNC(=O)C(=CC=CC=CN2CC(=O)N3CCCCC3C2=O)C(=O)N1 1.0000000 1.0000 0.7160376 0.7160 0.6829180 4.5002
 | 25.4399 79.3962 29.2513 0.8488085 CON=C1NC(=O)C(=C(O)C=CC=CN2CCNCC2=C(C)CN(C)C)C(=O)C1=O 1 C=C1CNCCN1C=CC=CC=C1C(=O)NC(=N)C(=O)C1=O 1.0000000 1.0000 0.7085819 0.7086 0.7728022 4.2025
 | 11.1243 57.3112 53.6685 0.8670289 O=C1NC(CO)OCC1=C(O)C=CC=CN1CC(O)C1 1 O=C1NCOCC1=CC=CC=CN1CCC1 1.0000000 1.0000 0.8360375 0.8360 0.6468167 4.6058
 | 10.1908 73.1358 47.7247 0.9442223 C=c1c(=O)[nH]c(=O)[nH]c(=O)c1=C(O)C=CC=CN1CC(=O)N(CCO)C(=O)C1=O 1 C=c1c(=O)[nH]c(=O)[nH]c(=O)c1=CC=CC=CN1CC(=O)NC(=O)C1=O 1.0000000 1.0000 0.9159063 0.9159 0.8627809 3.8023
 | 14.7756 60.5326 54.4833 0.8985613 CC(=O)OCC1C(=O)NC(=O)C(=C(O)C=CC=CN2CC(N)C2)C1=O 1 O=C1CC(=O)C(=CC=CC=CN2CCC2)C(=O)N1 1.0000000 1.0000 0.8110489 0.8110 0.8227976 3.9998
 | 14.5862 53.8566 50.0743 0.8119601 COC1=CCC(=O)C(=C(O)C=CC=CN2CCSCC2)C(=O)N1 1 O=C1CC=CNC(=O)C1=CC=CC=CN1CCSCC1 1.0000000 1.0000 0.5898169 0.5898 0.8439215 3.9006
01:57:56 <INFO> Purging diversity filter memories in stage 1
01:57:56 <WARN> Maximum number of steps of 500 reached in stage 1. Terminating all stages.
01:57:56 <INFO> Peak main memory usage: 7677.805 MiB
01:57:56 <INFO> Finished REINVENT on 2026-07-17
