03:27:25 <INFO> Started REINVENT 4.7.15 (C) AstraZeneca 2017, 2023 on 2026-04-16
03:27:25 <INFO> Command line: /Users/hakeemshindy/miniconda3/envs/reinvent4/bin/reinvent -d cpu -l /Users/hakeemshindy/Downloads/REINVENT4_photochem/outputs_rl2/stage3/stage3.log /Users/hakeemshindy/Downloads/REINVENT4_photochem/outputs_rl2/stage3/stage3.toml
03:27:25 <INFO> Reading run configuration from /Users/hakeemshindy/Downloads/REINVENT4_photochem/outputs_rl2/stage3/stage3.toml using format toml
03:27:25 <INFO> User hakeemshindy on host DN0a1fe1df.SUNet
03:27:25 <INFO> Python version 3.10.20
03:27:25 <INFO> PyTorch version 2.9.1, git 5811a8d7da873dd699ff6687092c225caffcf1bb
03:27:25 <INFO> PyTorch compiled with CUDA version None
03:27:25 <INFO> RDKit version 2026.03.1
03:27:25 <INFO> Platform macOS-26.4-arm64-arm-64bit
03:27:25 <INFO> Number of PyTorch CUDA devices 0
03:27:25 <WARN> 'use_cuda' is deprecated, use 'device' instead
03:27:25 <INFO> Using CPU arm
03:27:25 <INFO> Writing TensorBoard summary to /Users/hakeemshindy/Downloads/REINVENT4_photochem/outputs_rl2/stage3/tb
03:27:25 <INFO> Writing JSON config file to /Users/hakeemshindy/Downloads/REINVENT4_photochem/outputs_rl2/stage3/_stage3.json
03:27:25 <INFO> Starting 1 stage of Reinforcement Learning
03:27:25 <ERRO> /Users/hakeemshindy/Downloads/REINVENT4_photochem/FS_Ro5_10M.model has invalid hash:
{ 'comments': ['10M_Random_Freedom4_Ro5', 'TL'],
  'creation_date': 1744278146.0890813,
  'date_format': 'UNIX epoch',
  'hash_id': '9fc2f092e6822351bb29bbcb0b3efd29',
  'hash_id_format': 'xxhash.xxh3_128_hex 3.4.1',
  'model_id': UUID('f9f3b04a-8da9-49f4-b63e-3ea636896e91'),
  'model_id_format': 'uuid.uuid4 3.10.16',
  'origina_data_source': '10M_Random_Freedom4_Ro5',
  'updates': [1744739484.4790347]}
03:27:25 <INFO> Number of network parameters: 7,913,771
03:27:25 <INFO> Network architecture:
RNN(
  (_embedding): Embedding(43, 256)
  (_rnn): LSTM(256, 512, num_layers=4, batch_first=True)
  (_linear): Linear(in_features=512, out_features=43, bias=True)
)
03:27:25 <INFO> /Users/hakeemshindy/Downloads/REINVENT4_photochem/outputs_rl2/stage1/stage1.chkpt has valid hash:
{ 'comments': [ '10M_Random_Freedom4_Ro5',
                'TL',
                'TL',
                'TL',
                'TL',
                'TL',
                'TL',
                'TL',
                'TL',
                'TL',
                'TL',
                'TL',
                'TL',
                'TL',
                'TL',
                'TL',
                'TL',
                'TL',
                'TL',
                'TL',
                'TL',
                'TL',
                'TL',
                'TL',
                'TL',
                'TL',
                'TL',
                'TL',
                'TL',
                'TL',
                'TL',
                'TL',
                'TL',
                'TL',
                'TL',
                'TL',
                'TL',
                'TL',
                'TL',
                'TL',
                'TL',
                'TL',
                'TL',
                'TL',
                'TL',
                'TL',
                'TL',
                'TL',
                'TL',
                'TL',
                'TL',
                'TL',
                'TL',
                'TL',
                'TL',
                'TL',
                'TL',
                'TL',
                'TL',
                'TL',
                'TL',
                'TL',
                'TL',
                'TL',
                'TL',
                'TL',
                'TL',
                'TL',
                'TL',
                'TL',
                'TL',
                'TL',
                'TL',
                'TL',
                'TL',
                'TL',
                'TL',
                'RL',
                'RL'],
  'creation_date': 1744278146.0890813,
  'date_format': 'UNIX epoch',
  'hash_id': '6dcc49c84e3a6fe83d4127e92467a2c2',
  'hash_id_format': 'xxhash.xxh3_128_hex 3.6.0',
  'model_id': UUID('f9f3b04a-8da9-49f4-b63e-3ea636896e91'),
  'model_id_format': 'uuid.uuid4 3.10.16',
  'origina_data_source': '10M_Random_Freedom4_Ro5',
  'updates': [ 1744739484.4790347,
               1776210112.807711,
               1776210121.405557,
               1776210133.920717,
               1776210142.290011,
               1776210151.665267,
               1776210163.4658391,
               1776210171.657804,
               1776210180.091753,
               1776210192.080225,
               1776210200.819904,
               1776210209.855453,
               1776210225.3287628,
               1776210234.308268,
               1776210243.4368708,
               1776210256.258553,
               1776210264.918088,
               1776210273.2781801,
               1776210286.031104,
               1776210294.690594,
               1776210303.295528,
               1776210317.978095,
               1776210326.273695,
               1776210335.5529852,
               1776210348.431942,
               1776210357.0719712,
               1776210366.325879,
               1776210377.808782,
               1776210385.608905,
               1776210393.784509,
               1776210405.482862,
               1776210414.1248808,
               1776210422.6002061,
               1776210434.614911,
               1776210442.4208908,
               1776210450.8210602,
               1776210463.61745,
               1776210471.529588,
               1776210480.201343,
               1776210494.575983,
               1776210503.154146,
               1776210511.6105,
               1776210524.87301,
               1776210533.045402,
               1776210541.828602,
               1776210557.248427,
               1776210565.694328,
               1776210574.118112,
               1776210588.883925,
               1776210597.1679401,
               1776210605.918995,
               1776210617.048117,
               1776210625.626337,
               1776210634.03198,
               1776210646.2882402,
               1776210654.649736,
               1776210663.2312331,
               1776210674.998516,
               1776210683.309181,
               1776210692.115695,
               1776210703.6150558,
               1776210711.887885,
               1776210720.722316,
               1776210733.669743,
               1776210741.4166558,
               1776210749.634397,
               1776210762.464872,
               1776210771.44753,
               1776210779.824012,
               1776210791.629314,
               1776210799.45981,
               1776210807.718312,
               1776210820.023654,
               1776210830.224076,
               1776210839.1897879,
               1776210850.8721259,
               1776335178.926682,
               1776335178.996578]}
03:27:25 <INFO> Number of network parameters: 7,913,771
03:27:25 <INFO> Network architecture:
RNN(
  (_embedding): Embedding(43, 256)
  (_rnn): LSTM(256, 512, num_layers=4, batch_first=True)
  (_linear): Linear(in_features=512, out_features=43, bias=True)
)
03:27:25 <INFO> Using generator Reinvent
03:27:25 <INFO> Prior read from /Users/hakeemshindy/Downloads/REINVENT4_photochem/FS_Ro5_10M.model
03:27:25 <INFO> Agent read from /Users/hakeemshindy/Downloads/REINVENT4_photochem/outputs_rl2/stage1/stage1.chkpt
03:27:25 <INFO> Using reward strategy dap
03:27:25 <INFO> Using diversity filter IdenticalMurckoScaffold
03:27:25 <INFO> Purging diversity filter memories after each stage
03:27:25 <INFO> No SMILES for inception. Populating from first sampled batch.
03:27:25 <INFO> Using inception memory
03:27:25 <INFO> Registered scoring component HalfLifeChemProp
03:27:25 <INFO> Registered scoring component PhotoswitchScaffold
03:27:25 <INFO> Registered scoring component VisibleAbsChemProp
03:27:25 <INFO> Registered scoring component XTBHomoLumo
03:27:25 <INFO> Registered scoring component XTBIsomerGap
03:27:25 <INFO> Registered scoring component XTBLambdaFilter
03:27:25 <INFO> Registered scoring component ROCSSimilarity
03:27:25 <INFO> Registered scoring component GroupCount
03:27:25 <INFO> Registered scoring component FragmentQed
03:27:25 <INFO> Registered scoring component FragmentSlogP
03:27:25 <INFO> Registered scoring component FragmentMolecularWeight
03:27:25 <INFO> Registered scoring component FragmentTPSA
03:27:25 <INFO> Registered scoring component FragmentDistanceMatrix
03:27:25 <INFO> Registered scoring component FragmentNumAtomStereoCenters
03:27:25 <INFO> Registered scoring component FragmentHBondAcceptors
03:27:25 <INFO> Registered scoring component FragmentHBondDonors
03:27:25 <INFO> Registered scoring component FragmentNumRotBond
03:27:25 <INFO> Registered scoring component FragmentCsp3
03:27:25 <INFO> Registered scoring component Fragmentnumsp
03:27:25 <INFO> Registered scoring component Fragmentnumsp2
03:27:25 <INFO> Registered scoring component Fragmentnumsp3
03:27:25 <INFO> Registered scoring component FragmentEffectiveLength
03:27:25 <INFO> Registered scoring component FragmentGraphLength
03:27:25 <INFO> Registered scoring component FragmentLengthRatio
03:27:25 <INFO> Registered scoring component FragmentNumHeavyAtoms
03:27:25 <INFO> Registered scoring component FragmentNumHeteroAtoms
03:27:25 <INFO> Registered scoring component FragmentNumRings
03:27:25 <INFO> Registered scoring component FragmentNumAromaticRings
03:27:25 <INFO> Registered scoring component FragmentNumAliphaticRings
03:27:25 <INFO> Registered scoring component FragmentSlogP
03:27:25 <INFO> Registered scoring component MatchingSubstructure
03:27:25 <INFO> Registered scoring component MolVolume
03:27:25 <INFO> Registered scoring component Qed
03:27:25 <INFO> Registered scoring component LargestRingSize
03:27:25 <INFO> Registered scoring component MolecularWeight
03:27:25 <INFO> Registered scoring component GraphLength
03:27:25 <INFO> Registered scoring component NumAtomStereoCenters
03:27:25 <INFO> Registered scoring component HBondAcceptors
03:27:25 <INFO> Registered scoring component HBondDonors
03:27:25 <INFO> Registered scoring component NumRotBond
03:27:25 <INFO> Registered scoring component Csp3
03:27:25 <INFO> Registered scoring component numsp
03:27:25 <INFO> Registered scoring component numsp2
03:27:25 <INFO> Registered scoring component numsp3
03:27:25 <INFO> Registered scoring component NumHeavyAtoms
03:27:25 <INFO> Registered scoring component NumHeteroAtoms
03:27:25 <INFO> Registered scoring component NumRings
03:27:25 <INFO> Registered scoring component NumAromaticRings
03:27:25 <INFO> Registered scoring component NumAliphaticRings
03:27:25 <INFO> Registered scoring component SlogP
03:27:25 <INFO> Registered scoring component LargestRingSize
03:27:25 <INFO> Registered scoring component PMI
03:27:25 <INFO> Registered scoring component RDKitDescriptors
03:27:25 <INFO> Registered scoring component TanimotoSimilarity
03:27:25 <INFO> Registered scoring component TanimotoDistance
03:27:25 <INFO> Registered scoring component TPSA
03:27:25 <INFO> Registered scoring component SAScore
03:27:26 <INFO> Registered scoring component ChemProp
03:27:26 <INFO> Registered scoring component CustomAlerts
03:27:26 <INFO> Registered scoring component DockStream
03:27:26 <INFO> Registered scoring component ExternalProcess
03:27:26 <INFO> Registered scoring component REST
03:27:26 <INFO> Registered scoring component Icolos
03:27:26 <INFO> Registered scoring component MMP
03:27:26 <INFO> Registered scoring component Qptuna
03:27:26 <INFO> Registered scoring component ReactionFilter
03:27:26 <INFO> Registered scoring component RingPrecedence
03:27:26 <INFO> Registered scoring component Maize
03:27:26 <INFO> Registered scoring component SynthSense
03:27:26 <INFO> Registered scoring component CAZP
03:27:26 <INFO> Creating filter component custom_alerts
03:27:26 <INFO> Creating filter component PhotoswitchScaffold
03:27:26 <INFO> Creating scoring component SAScore
03:27:26 <INFO> Writing tabular data for stage to /Users/hakeemshindy/Downloads/REINVENT4_photochem/outputs_rl2/stage3/stage3_1.csv
03:27:26 <INFO> Starting stage 1 <<<
03:27:28 <INFO> Score: 0.96 Agent NLL: 12.60 Valid: 100% Step: 1
 | Agent Prior Target Score SMILES SMILES_state Scaffold SA SA (raw) Alerts Alerts (raw) PS_Scaffold PS_Scaffold (raw) matchting_patterns (Alerts)
 | 9.7870 41.4957 83.7982 0.9788584 O=C1CCC=NN1c1ccc(-c2ccc(Cl)cc2CO)cc1 1 O=C1CCC=NN1c1ccc(-c2ccccc2)cc1 0.9788584 2.5016 1.0000000 1.0000 1.0000000 1.0000 []
 | 11.8262 43.5766 80.8611 0.9721693 O=C1CCC=NN1c1ccc(F)c(CNCc2ccc(Cn3cccn3)cc2)c1 1 O=C1CCC=NN1c1cccc(CNCc2ccc(Cn3cccn3)cc2)c1 0.9721693 2.6852 1.0000000 1.0000 1.0000000 1.0000 []
 | 11.2677 33.0305 91.3576 0.9717818 FC(F)(F)c1ccc(-c2ccc(N3N=CCN3)cc2)cc1 1 C1=NN(c2ccc(-c3ccccc3)cc2)NC1 0.9717818 2.6944 1.0000000 1.0000 1.0000000 1.0000 []
 | 14.4144 46.6695 76.0901 0.9590591 C1=NCC=NN1c1cccc(CNCc2ccc3cccnc3c2)c1 1 C1=NCC=NN1c1cccc(CNCc2ccc3cccnc3c2)c1 0.9590591 2.9455 1.0000000 1.0000 1.0000000 1.0000 []
 | 9.3036 32.3674 90.3279 0.9585570 C1=NN(c2ccc(-c3ccnc(N4CCNCC4)c3)cc2)NC1 1 C1=NN(c2ccc(-c3ccnc(N4CCNCC4)c3)cc2)NC1 0.9585570 2.9538 1.0000000 1.0000 1.0000000 1.0000 []
 | 7.4418 43.9798 81.9051 0.9834757 O=C(Nc1ccc(N2CCC=N2)cc1)c1cccnc1 1 O=C(Nc1ccc(N2CCC=N2)cc1)c1cccnc1 0.9834757 2.3380 1.0000000 1.0000 1.0000000 1.0000 []
 | 13.3800 38.1505 83.7846 0.9526183 Oc1cc2nccn2cc1-c1ccc(N2CCC=N2)cc1 1 C1=NN(c2ccc(-c3ccc4nccn4c3)cc2)CC1 0.9526183 3.0450 1.0000000 1.0000 1.0000000 1.0000 []
 | 9.8553 35.3256 87.4682 0.9593263 C1=NN(c2ccc(-c3cnc(N4CCC4)nc3)cc2)CNC1 1 C1=NN(c2ccc(-c3cnc(N4CCC4)nc3)cc2)CNC1 0.9593263 2.9410 1.0000000 1.0000 1.0000000 1.0000 []
 | 11.7252 37.6229 84.2493 0.9521259 O=C1CCC=NN1c1cccc(CN2CCCN3CCCCC3C2)c1 1 O=C1CCC=NN1c1cccc(CN2CCCN3CCCCC3C2)c1 0.9521259 3.0521 1.0000000 1.0000 1.0000000 1.0000 []
 | 12.2944 41.2192 81.6687 0.9600617 O=C(NCc1ccc(N2CCCC=N2)cc1)C1CC(=O)N(c2ccccc2)C1 1 O=C(NCc1ccc(N2CCCC=N2)cc1)C1CC(=O)N(c2ccccc2)C1 0.9600617 2.9286 1.0000000 1.0000 1.0000000 1.0000 []
03:27:30 <INFO> Score: 0.95 Agent NLL: 12.22 Valid: 100% Step: 2
 | Agent Prior Target Score SMILES SMILES_state Scaffold SA SA (raw) Alerts Alerts (raw) PS_Scaffold PS_Scaffold (raw) matchting_patterns (Alerts)
 | 8.0111 41.2608 84.5192 0.9826567 O=C(NCc1ccc(N2CCC=N2)cc1)c1cccnc1 1 O=C(NCc1ccc(N2CCC=N2)cc1)c1cccnc1 0.9826567 2.3701 1.0000000 1.0000 1.0000000 1.0000 []
 | 9.7619 34.7839 90.3029 0.9772409 NCc1cc(F)ccc1-c1ccc(N2CCC=N2)cc1 1 C1=NN(c2ccc(-c3ccccc3)cc2)CC1 0.9772409 2.5507 1.0000000 1.0000 1.0000000 1.0000 []
 | 8.8276 44.7700 81.4072 0.9857600 O=C(NCc1cccc(N2N=CCCC2=O)c1)c1ccccc1 1 O=C(NCc1cccc(N2N=CCCC2=O)c1)c1ccccc1 0.9857600 2.2396 1.0000000 1.0000 1.0000000 1.0000 []
 | 7.9504 36.0638 88.4946 0.9731128 O=C1COc2cc(-c3ccc(N4CCC=N4)cc3)ccc21 1 O=C1COc2cc(-c3ccc(N4CCC=N4)cc3)ccc21 0.9731128 2.6621 1.0000000 1.0000 1.0000000 1.0000 []
 | 8.3337 34.7312 91.0418 0.9826010 OCc1ccc(CNCc2ccc(N3CCC=N3)cc2)cc1 1 C1=NN(c2ccc(CNCc3ccccc3)cc2)CC1 0.9826010 2.3722 1.0000000 1.0000 1.0000000 1.0000 []
 | 11.4531 47.3955 76.2121 0.9656842 CC(C)(C)OC(=O)NCCN1CCOc2cc(-c3ccc(N4CCCCC=N4)cc3)ccc21 1 C1=NN(c2ccc(-c3ccc4c(c3)OCCN4)cc2)CCCC1 0.9656842 2.8260 1.0000000 1.0000 1.0000000 1.0000 []
 | 8.9869 33.5151 92.3282 0.9831512 C1=NN(c2ccc(-c3cccc(-c4cccnc4)c3)cc2)CC1 1 C1=NN(c2ccc(-c3cccc(-c4cccnc4)c3)cc2)CC1 0.9831512 2.3509 1.0000000 1.0000 1.0000000 1.0000 []
 | 11.9949 38.3718 78.9885 0.9168775 FC(F)(F)C1CCCN(Cc2ccc(N3CNCC=N3)cc2)C1 1 C1=NN(c2ccc(CN3CCCCC3)cc2)CNC1 0.9168775 3.4361 1.0000000 1.0000 1.0000000 1.0000 []
 | 17.6019 44.4109 79.0881 0.9648362 O=CCc1cccc(-c2cc(N3N=CCC3=O)ccc2O)c1 1 O=C1CC=NN1c1cccc(-c2ccccc2)c1 0.9648362 2.8425 1.0000000 1.0000 1.0000000 1.0000 []
 | 17.1011 48.5702 75.6170 0.9702125 O=C1CCCC=NN1c1ccc(NCc2nonc2-c2ccccc2)cc1 1 O=C1CCCC=NN1c1ccc(NCc2nonc2-c2ccccc2)cc1 0.9702125 2.7308 1.0000000 1.0000 1.0000000 1.0000 []
03:27:33 <INFO> Score: 0.87 Agent NLL: 12.58 Valid:  99% Step: 3
 | Agent Prior Target Score SMILES SMILES_state Scaffold SA SA (raw) Alerts Alerts (raw) PS_Scaffold PS_Scaffold (raw) matchting_patterns (Alerts)
 | 9.4136 32.0689 91.5804 0.9660100 C1=NN(c2ccc(NC3CCCN(Cc4ccccc4)C3)cc2)CC1 1 C1=NN(c2ccc(NC3CCCN(Cc4ccccc4)C3)cc2)CC1 0.9660100 2.8196 1.0000000 1.0000 1.0000000 1.0000 []
 | 17.6818 50.2071 -50.2071 0.0000000 c1cc(N2N=CCCC2=O)ccc1NC1c1cccnc1 0 -- 0.0000000 0.0000 0.0000000 0.0000 0.0000000 0.0000 None
 | 11.6420 35.5736 89.3330 0.9758323 O=C(C1CC1)N1CCC(CNCc2ccc(N3CCC=N3)cc2)CC1 1 O=C(C1CC1)N1CCC(CNCc2ccc(N3CCC=N3)cc2)CC1 0.9758323 2.5908 1.0000000 1.0000 1.0000000 1.0000 []
 | 11.6528 39.5031 85.2356 0.9745209 C1=NN(c2ccc(Nc3ccc(CCN4CCCCC4)cc3)cc2)NC1 1 C1=NN(c2ccc(Nc3ccc(CCN4CCCCC4)cc3)cc2)NC1 0.9745209 2.6261 1.0000000 1.0000 1.0000000 1.0000 []
 | 8.6712 46.1883 80.3075 0.9882488 O=C(Nc1ccccc1)c1ccc(N2CCC=N2)cc1 1 O=C(Nc1ccccc1)c1ccc(N2CCC=N2)cc1 0.9882488 2.1128 1.0000000 1.0000 1.0000000 1.0000 []
 | 9.6388 44.2276 -44.2276 0.0000000 O=C1CC=NN1c1ccc(-c2ccc3c(c2)OCCC3O)c(F)c1 1 O=C1CC=NN1c1ccc(-c2ccc3c(c2)OCCC3)cc1 0.9295623 3.3193 1.0000000 1.0000 1.0000000 1.0000 []
 | 17.3987 40.9364 42.5227 0.6520243 O=C(Nc1ccc(N2CCCC=N2)cc1)c1ccnc(CNC(=O)C2CC3CC2C(=O)O3)c1 1 O=C(Nc1ccc(N2CCCC=N2)cc1)c1ccnc(CNC(=O)C2CC3CC2C(=O)O3)c1 0.6520243 4.5909 1.0000000 1.0000 1.0000000 1.0000 []
 | 9.6821 34.0462 91.6354 0.9818872 C1=NN(c2ccc(-c3cccc(N4CCCC4)c3)cc2)CCCC1 1 C1=NN(c2ccc(-c3cccc(N4CCCC4)c3)cc2)CCCC1 0.9818872 2.3989 1.0000000 1.0000 1.0000000 1.0000 []
 | 12.8508 32.8491 90.4955 0.9636302 C1=NN(c2ccc(NCc3c[nH]nc3-c3ccccc3)cc2)CCCC1 1 C1=NN(c2ccc(NCc3c[nH]nc3-c3ccccc3)cc2)CCCC1 0.9636302 2.8652 1.0000000 1.0000 1.0000000 1.0000 []
 | 8.5929 49.2239 -49.2239 0.0000000 O=C(Nc1ccc(N2N=CCCC2=O)cc1)c1cc(F)cc(F)c1 1 O=C(Nc1ccc(N2N=CCCC2=O)cc1)c1ccccc1 0.9816713 2.4067 1.0000000 1.0000 1.0000000 1.0000 []
03:27:35 <INFO> Score: 0.95 Agent NLL: 11.99 Valid: 100% Step: 4
 | Agent Prior Target Score SMILES SMILES_state Scaffold SA SA (raw) Alerts Alerts (raw) PS_Scaffold PS_Scaffold (raw) matchting_patterns (Alerts)
 | 7.8425 39.8987 86.2534 0.9855634 O=C(Nc1cccc(N2CCC=N2)c1)c1ccc(Cl)cc1 1 O=C(Nc1cccc(N2CCC=N2)c1)c1ccccc1 0.9855634 2.2487 1.0000000 1.0000 1.0000000 1.0000 []
 | 10.6581 36.1537 89.2422 0.9796556 C1=NN(c2ccc(-c3ccc(CN4CCC4)cn3)cc2)CC1 1 C1=NN(c2ccc(-c3ccc(CN4CCC4)cn3)cc2)CC1 0.9796556 2.4761 1.0000000 1.0000 1.0000000 1.0000 []
 | 16.2492 44.6539 79.9180 0.9732179 Cn1ncc2c(N=Nc3ccc(F)cc3CO)cccc21 1 c1ccc(N=Nc2cccc3[nH]ncc23)cc1 0.9732179 2.6595 1.0000000 1.0000 1.0000000 1.0000 []
 | 11.1281 35.8309 89.2445 0.9771518 C1=NN(c2ccc(CNc3ccccc3-n3cccn3)cc2)CC1 1 C1=NN(c2ccc(CNc3ccccc3-n3cccn3)cc2)CC1 0.9771518 2.5533 1.0000000 1.0000 1.0000000 1.0000 []
 | 6.8347 41.7358 84.4266 0.9856436 O=C(NCc1ccc(N2CCCC=N2)cc1)c1ccccc1 1 O=C(NCc1ccc(N2CCCC=N2)cc1)c1ccccc1 0.9856436 2.2450 1.0000000 1.0000 1.0000000 1.0000 []
 | 9.9829 33.7141 88.1005 0.9516765 C1=NN(c2ccc(-c3cnc4cc[nH]c4c3)cc2)NC1 1 C1=NN(c2ccc(-c3cnc4cc[nH]c4c3)cc2)NC1 0.9516765 3.0585 1.0000000 1.0000 1.0000000 1.0000 []
 | 13.9316 37.8719 85.7308 0.9656458 O=C1CCC=NN1c1ccc(CNCCc2cncs2)cc1 1 O=C1CCC=NN1c1ccc(CNCCc2cncs2)cc1 0.9656458 2.8267 1.0000000 1.0000 1.0000000 1.0000 []
 | 12.2057 42.3289 82.8016 0.9775821 O=C1c2ccccc2CN1c1ccc(N2CCC=N2)cc1 1 O=C1c2ccccc2CN1c1ccc(N2CCC=N2)cc1 0.9775821 2.5407 1.0000000 1.0000 1.0000000 1.0000 []
 | 10.8021 40.3238 81.6082 0.9525942 O=C1CCC=NN1c1ccc(-c2ccccc2N2CCCS2)cc1 1 O=C1CCC=NN1c1ccc(-c2ccccc2N2CCCS2)cc1 0.9525942 3.0454 1.0000000 1.0000 1.0000000 1.0000 []
 | 22.6913 49.3937 64.7722 0.8919207 N#Cc1cc(N2CCC=N2)ccc1C(OC1CCCCC1)C1CCCC1 1 C1=NN(c2ccc(C(OC3CCCCC3)C3CCCC3)cc2)CC1 0.8919207 3.6251 1.0000000 1.0000 1.0000000 1.0000 []
03:28:29 <INFO> Score: 0.93 Agent NLL: 12.74 Valid: 100% Step: 5
 | Agent Prior Target Score SMILES SMILES_state Scaffold SA SA (raw) Alerts Alerts (raw) PS_Scaffold PS_Scaffold (raw) matchting_patterns (Alerts)
 | 13.7658 43.7607 75.1904 0.9293059 O=C1CC=NN1c1ccc(CN2CCCC(F)C2)c(F)c1 1 O=C1CC=NN1c1ccc(CN2CCCCC2)cc1 0.9293059 3.3218 1.0000000 1.0000 1.0000000 1.0000 []
 | 15.6213 53.2525 70.8182 0.9693022 O=C1CC=NN1c1cccc(CNCc2cn(-c3cccc(Cl)c3)nc2-c2ccc(O)cc2)c1 1 O=C1CC=NN1c1cccc(CNCc2cn(-c3ccccc3)nc2-c2ccccc2)c1 0.9693022 2.7510 1.0000000 1.0000 1.0000000 1.0000 []
 | 12.5559 36.0959 88.8389 0.9760530 O=C1CCC=NN1c1cccc(-c2ccc(C3CCNCC3)cc2)c1 1 O=C1CCC=NN1c1cccc(-c2ccc(C3CCNCC3)cc2)c1 0.9760530 2.5847 1.0000000 1.0000 1.0000000 1.0000 []
 | 11.2908 45.4872 79.3889 0.9755942 O=C1CCC=NN1c1cccc(Cc2ccc(N3CCC3)nc2)c1 1 O=C1CCC=NN1c1cccc(Cc2ccc(N3CCC3)nc2)c1 0.9755942 2.5973 1.0000000 1.0000 1.0000000 1.0000 []
 | 9.2410 37.9816 86.8863 0.9755306 C1=NN(c2ccc(CNCc3ccc(N4CCC4)nc3)cc2)CCC1 1 C1=NN(c2ccc(CNCc3ccc(N4CCC4)nc3)cc2)CCC1 0.9755306 2.5991 1.0000000 1.0000 1.0000000 1.0000 []
 | 11.3533 33.9862 90.9603 0.9761442 C1=NN(c2ccc(-c3ccc(-n4ccnc4)cc3)cc2)CCC1 1 C1=NN(c2ccc(-c3ccc(-n4ccnc4)cc3)cc2)CCC1 0.9761442 2.5821 1.0000000 1.0000 1.0000000 1.0000 []
 | 9.1519 32.3436 92.7444 0.9772496 C1=NN(c2ccc(-c3ccc(CN4CCCC4)cc3)cc2)NC1 1 C1=NN(c2ccc(-c3ccc(CN4CCCC4)cc3)cc2)NC1 0.9772496 2.5505 1.0000000 1.0000 1.0000000 1.0000 []
 | 25.9116 25.2513 -25.2513 0.0000000 O=C(Nc1ccc2c(c1)N(C(=O)c1ccc(O)cc1)CCC2)c1ccc(-c2ccncc2)cc1 1 O=C(Nc1ccc2c(c1)N(C(=O)c1ccccc1)CCC2)c1ccc(-c2ccncc2)cc1 0.0000000 0.0000 1.0000000 1.0000 0.0000000 0.0000 []
 | 10.1976 42.8512 81.9041 0.9746503 O=C1CC=NN1c1ccc(-c2cccc(F)c2C2CC2)cc1 1 O=C1CC=NN1c1ccc(-c2ccccc2C2CC2)cc1 0.9746503 2.6227 1.0000000 1.0000 1.0000000 1.0000 []
 | 7.7682 32.8963 90.7065 0.9656470 C1=NN(c2ccc(CNC3CCCN(Cc4ccccc4)C3)cc2)CC1 1 C1=NN(c2ccc(CNC3CCCN(Cc4ccccc4)C3)cc2)CC1 0.9656470 2.8267 1.0000000 1.0000 1.0000000 1.0000 []
03:28:30 <INFO> Score: 0.95 Agent NLL: 12.03 Valid:  99% Step: 6
 | Agent Prior Target Score SMILES SMILES_state Scaffold SA SA (raw) Alerts Alerts (raw) PS_Scaffold PS_Scaffold (raw) matchting_patterns (Alerts)
 | 18.1802 51.8603 71.1786 0.9612409 Oc1cccc(N=Nc2nccnc2Cl)c1Cc1ccc(F)cc1F 1 c1ccc(Cc2ccccc2N=Nc2cnccn2)cc1 0.9612409 2.9083 1.0000000 1.0000 1.0000000 1.0000 []
 | 12.3321 37.5367 87.7733 0.9789839 O=C(Cc1cccnc1)Nc1cccc(N2CCCCC=N2)c1 1 O=C(Cc1cccnc1)Nc1cccc(N2CCCCC=N2)c1 0.9789839 2.4977 1.0000000 1.0000 1.0000000 1.0000 []
 | 10.5629 32.1612 91.4563 0.9657615 C1=NN(c2ccc(CN3CCCC3c3ccccc3)cc2)CC1 1 C1=NN(c2ccc(CN3CCCC3c3ccccc3)cc2)CC1 0.9657615 2.8245 1.0000000 1.0000 1.0000000 1.0000 []
 | 9.0324 31.1396 93.8299 0.9763238 C1=NN(c2ccc(CN3CCNCC3)cc2)CC1 1 C1=NN(c2ccc(CN3CCNCC3)cc2)CC1 0.9763238 2.5771 1.0000000 1.0000 1.0000000 1.0000 []
 | 8.5439 52.6490 73.1104 0.9824952 O=C(Nc1ccc(N2N=CCC2=O)cc1)c1ccccn1 1 O=C(Nc1ccc(N2N=CCC2=O)cc1)c1ccccn1 0.9824952 2.3762 1.0000000 1.0000 1.0000000 1.0000 []
 | 12.5668 36.4232 88.4778 0.9757894 Fc1cc(-c2ccc(N3CCCC=N3)cc2)cc(N2CCCC2)c1 1 C1=NN(c2ccc(-c3cccc(N4CCCC4)c3)cc2)CCC1 0.9757894 2.5920 1.0000000 1.0000 1.0000000 1.0000 []
 | 7.5765 37.6429 88.6518 0.9866778 O=C(Nc1cccc(N2CCC=N2)c1)c1ccccc1 1 O=C(Nc1cccc(N2CCC=N2)c1)c1ccccc1 0.9866778 2.1956 1.0000000 1.0000 1.0000000 1.0000 []
 | 15.4336 45.0883 79.3110 0.9718692 O=C1CC=NN1c1ccc(-c2ccnc(N3CCCC3)c2)c(Cl)c1 1 O=C1CC=NN1c1ccc(-c2ccnc(N3CCCC3)c2)cc1 0.9718692 2.6924 1.0000000 1.0000 1.0000000 1.0000 []
 | 14.7709 47.0962 72.2924 0.9327236 C1=NN(c2cccc(Cc3ccc(C4CCCNC4)cc3)n2)CCCC1 1 C1=NN(c2cccc(Cc3ccc(C4CCCNC4)cc3)n2)CCCC1 0.9327236 3.2872 1.0000000 1.0000 1.0000000 1.0000 []
 | 12.9916 42.7225 82.7473 0.9802325 O=C1CC=NN1c1cccc(Nc2ccc(OCCN3CCC3)cc2)c1 1 O=C1CC=NN1c1cccc(Nc2ccc(OCCN3CCC3)cc2)c1 0.9802325 2.4569 1.0000000 1.0000 1.0000000 1.0000 []
03:28:31 <INFO> Sampled SMILES c1cc(N2N=CCC2)ccc1Oc1ccc(C2CC2Nc2cccc2)cc1 failed to sanitize.
03:28:32 <INFO> Score: 0.91 Agent NLL: 12.17 Valid:  99% Step: 7
 | Agent Prior Target Score SMILES SMILES_state Scaffold SA SA (raw) Alerts Alerts (raw) PS_Scaffold PS_Scaffold (raw) matchting_patterns (Alerts)
 | 14.0506 36.7677 81.9740 0.9276701 O=C1CCCN1CC1CCCN(Cc2ccc(N3CCCC=N3)cc2F)C1 1 O=C1CCCN1CC1CCCN(Cc2ccc(N3CCCC=N3)cc2)C1 0.9276701 3.3379 1.0000000 1.0000 1.0000000 1.0000 []
 | 16.0340 52.3934 72.4120 0.9750423 C1=NN(c2ccccc2CNc2nccnc2-c2ccccc2)CC1 1 C1=NN(c2ccccc2CNc2nccnc2-c2ccccc2)CC1 0.9750423 2.6123 1.0000000 1.0000 1.0000000 1.0000 []
 | 10.6636 42.7441 82.8904 0.9815199 FC(F)(F)c1ccc(Cc2ccc(N3CCC=N3)cc2)cc1 1 C1=NN(c2ccc(Cc3ccccc3)cc2)CC1 0.9815199 2.4122 1.0000000 1.0000 1.0000000 1.0000 []
 | 19.7360 40.1181 83.1305 0.9628797 O=C(c1ccccc1N=Nc1ccc(OCC2CC2)cc1)N1CC(F)(C(=O)NCC2CCC2)C1 1 O=C(NCC1CCC1)C1CN(C(=O)c2ccccc2N=Nc2ccc(OCC3CC3)cc2)C1 0.9628797 2.8791 1.0000000 1.0000 1.0000000 1.0000 []
 | 12.7339 43.4060 80.9515 0.9715430 N#Cc1cccc(C(=O)Nc2cc(N3CCC=N3)ccc2C#N)c1 1 O=C(Nc1cccc(N2CCC=N2)c1)c1ccccc1 0.9715430 2.7001 1.0000000 1.0000 1.0000000 1.0000 []
 | 6.6632 44.5412 81.2354 0.9826298 O=C(NCc1ccc(N2CCC=N2)cc1)c1ccc(F)cc1F 1 O=C(NCc1ccc(N2CCC=N2)cc1)c1ccccc1 0.9826298 2.3711 1.0000000 1.0000 1.0000000 1.0000 []
 | 13.9683 45.6998 76.3765 0.9537216 O=C1CC=NN1c1ccc(Nc2ncc3cc[nH]c3n2)c(F)c1 1 O=C1CC=NN1c1ccc(Nc2ncc3cc[nH]c3n2)cc1 0.9537216 3.0289 1.0000000 1.0000 1.0000000 1.0000 []
 | 10.3510 36.5369 88.6641 0.9781329 C1=NN(c2ccc(CNCc3ccc(-c4ccco4)cc3)cc2)CCC1 1 C1=NN(c2ccc(CNCc3ccc(-c4ccco4)cc3)cc2)CCC1 0.9781329 2.5241 1.0000000 1.0000 1.0000000 1.0000 []
 | 11.1904 29.2115 95.5242 0.9744977 C1=NN(c2ccc(-c3ccc(N4CCCC4)cc3)cc2)COC1 1 C1=NN(c2ccc(-c3ccc(N4CCCC4)cc3)cc2)COC1 0.9744977 2.6267 1.0000000 1.0000 1.0000000 1.0000 []
 | 12.1151 45.0544 81.1177 0.9857197 COc1ccccc1N=Nc1cccc(C(=O)N2CCC2)c1C 1 O=C(c1cccc(N=Nc2ccccc2)c1)N1CCC1 0.9857197 2.2415 1.0000000 1.0000 1.0000000 1.0000 []
03:28:34 <INFO> Score: 0.88 Agent NLL: 11.97 Valid:  99% Step: 8
 | Agent Prior Target Score SMILES SMILES_state Scaffold SA SA (raw) Alerts Alerts (raw) PS_Scaffold PS_Scaffold (raw) matchting_patterns (Alerts)
 | 11.1887 33.9688 91.6804 0.9816342 Fc1ccc(COc2ccc(N3CCC=N3)cc2F)cc1 1 C1=NN(c2ccc(OCc3ccccc3)cc2)CC1 0.9816342 2.4081 1.0000000 1.0000 1.0000000 1.0000 []
 | 12.0169 38.9383 86.2000 0.9776430 O=C1CC=NN1c1cccc(NC2CCN(Cc3ccccc3F)CC2)c1 1 O=C1CC=NN1c1cccc(NC2CCN(Cc3ccccc3)CC2)c1 0.9776430 2.5389 1.0000000 1.0000 1.0000000 1.0000 []
 | 6.1695 46.0404 -46.0404 0.0000000 O=C(Nc1cccc(N2N=CCC2=O)c1)c1ccc(F)cc1 1 O=C(Nc1cccc(N2N=CCC2=O)c1)c1ccccc1 0.9852502 2.2629 1.0000000 1.0000 1.0000000 1.0000 []
 | 9.6711 37.3128 88.8780 0.9858654 O=C1CCC=NN1c1ccc(-c2ccc(Cl)cc2)cc1 1 O=C1CCC=NN1c1ccc(-c2ccccc2)cc1 0.9858654 2.2347 1.0000000 1.0000 1.0000000 1.0000 []
 | 11.9021 34.7783 86.6680 0.9487999 O=C1C(NCc2cccc(N3CCCC=N3)c2)CCCN1c1ccccc1 1 O=C1C(NCc2cccc(N3CCCC=N3)c2)CCCN1c1ccccc1 0.9487999 3.0981 1.0000000 1.0000 1.0000000 1.0000 []
 | 12.8666 42.9782 81.7524 0.9744583 O=C(NCc1ccc(N2CCCC=N2)cc1)c1cccc2c1OCO2 1 O=C(NCc1ccc(N2CCCC=N2)cc1)c1cccc2c1OCO2 0.9744583 2.6277 1.0000000 1.0000 1.0000000 1.0000 []
 | 12.4391 37.0377 87.5306 0.9731902 C1=NN(c2ccc(-c3ccc(-n4cccc4)nc3)cc2)CC1 1 C1=NN(c2ccc(-c3ccc(-n4cccc4)nc3)cc2)CC1 0.9731902 2.6601 1.0000000 1.0000 1.0000000 1.0000 []
 | 11.1507 26.5592 96.6420 0.9625095 O=C(c1ccccc1N=Nc1cccc(O)c1)N1CCCC(C(=O)N2CCC2)C1 1 O=C(c1ccccc1N=Nc1ccccc1)N1CCCC(C(=O)N2CCC2)C1 0.9625095 2.8858 1.0000000 1.0000 1.0000000 1.0000 []
 | 10.6068 33.0684 92.7158 0.9826888 C1=NN(c2ccc(-c3cccc(CN4CCCC4)c3)cc2)CCCC1 1 C1=NN(c2ccc(-c3cccc(CN4CCCC4)c3)cc2)CCCC1 0.9826888 2.3689 1.0000000 1.0000 1.0000000 1.0000 []
 | 7.7927 40.8803 84.4765 0.9793497 O=C1CCC=NN1c1ccc(-c2ccc(N3CCCNCC3)cc2)cc1 1 O=C1CCC=NN1c1ccc(-c2ccc(N3CCCNCC3)cc2)cc1 0.9793497 2.4860 1.0000000 1.0000 1.0000000 1.0000 []
03:28:35 <INFO> Sampled SMILES c1cc(N2N=CCCC2)ccc1C(=NNc1ccccc1F)=OC failed to sanitize.
03:28:36 <INFO> Score: 0.80 Agent NLL: 12.00 Valid:  98% Step: 9
 | Agent Prior Target Score SMILES SMILES_state Scaffold SA SA (raw) Alerts Alerts (raw) PS_Scaffold PS_Scaffold (raw) matchting_patterns (Alerts)
 | 11.4707 55.6090 70.0210 0.9814843 O=C(NCc1ccc(N2N=CCC2=O)cc1Cl)c1ccc(F)cc1 1 O=C(NCc1ccc(N2N=CCC2=O)cc1)c1ccccc1 0.9814843 2.4135 1.0000000 1.0000 1.0000000 1.0000 []
 | 12.8047 34.6453 90.0354 0.9740679 C1=NN(c2ccc(CNCc3ccsc3)cc2)CCCC1 1 C1=NN(c2ccc(CNCc3ccsc3)cc2)CCCC1 0.9740679 2.6379 1.0000000 1.0000 1.0000000 1.0000 []
 | 16.4803 53.8777 68.1086 0.9530180 Cc1cc(N=Nc2ncnc3c2CCCC3)ccc1-c1cccc(N2CCCNC2)c1 1 c1cc(-c2ccc(N=Nc3ncnc4c3CCCC4)cc2)cc(N2CCCNC2)c1 0.9530180 3.0392 1.0000000 1.0000 1.0000000 1.0000 []
 | 12.7466 27.7178 96.5016 0.9704641 O=C(c1ccccc1N=Nc1cccc(O)c1)N1CC(F)(C(=O)Nc2ccc(Cl)cc2)C1 1 O=C(Nc1ccccc1)C1CN(C(=O)c2ccccc2N=Nc2ccccc2)C1 0.9704641 2.7251 1.0000000 1.0000 1.0000000 1.0000 []
 | 23.4893 41.1744 82.3614 0.9651238 c1csc(N=Nc2ccc(COCc3ccc4oncc4c3)cc2)n1 1 c1csc(N=Nc2ccc(COCc3ccc4oncc4c3)cc2)n1 0.9651238 2.8369 1.0000000 1.0000 1.0000000 1.0000 []
 | 5.8558 42.7396 -42.7396 0.0000000 O=C(NCc1ccc(N2CCCC=N2)cc1)c1ccc(F)cc1 1 O=C(NCc1ccc(N2CCCC=N2)cc1)c1ccccc1 0.9843504 2.3020 1.0000000 1.0000 1.0000000 1.0000 []
 | 16.1792 33.0760 92.7382 0.9829230 N#Cc1cc(N=Nc2ccc(Cl)cc2)ccc1NC(=O)Cc1ccccc1F 1 O=C(Cc1ccccc1)Nc1ccc(N=Nc2ccccc2)cc1 0.9829230 2.3598 1.0000000 1.0000 1.0000000 1.0000 []
 | 12.5214 40.6314 83.4716 0.9695542 Clc1ccc(N2CCC(NCc3cccc(N4CCC=N4)c3)CC2)cn1 1 C1=NN(c2cccc(CNC3CCN(c4cccnc4)CC3)c2)CC1 0.9695542 2.7454 1.0000000 1.0000 1.0000000 1.0000 []
 | 10.8319 36.1093 89.4782 0.9811518 O=C1CC=NN1c1cccc(NC2CCN(Cc3ccccc3)CC2)c1 1 O=C1CC=NN1c1cccc(NC2CCN(Cc3ccccc3)CC2)c1 0.9811518 2.4253 1.0000000 1.0000 1.0000000 1.0000 []
 | 12.0822 45.2091 79.8383 0.9769327 O=C(c1ccccc1)N1CCC(NCc2cc(N3CCC=N3)ccc2F)CC1 1 O=C(c1ccccc1)N1CCC(NCc2cccc(N3CCC=N3)c2)CC1 0.9769327 2.5597 1.0000000 1.0000 1.0000000 1.0000 []
03:28:39 <INFO> Score: 0.89 Agent NLL: 11.93 Valid: 100% Step: 10
 | Agent Prior Target Score SMILES SMILES_state Scaffold SA SA (raw) Alerts Alerts (raw) PS_Scaffold PS_Scaffold (raw) matchting_patterns (Alerts)
 | 21.0889 64.7276 55.1728 0.9367221 CN1CCNc2cc(N(C)c3ccc(N=Nc4ccc5c(c4)CNC5=O)cn3)ccc21 1 O=C1NCc2cc(N=Nc3ccc(Nc4ccc5c(c4)NCCN5)nc3)ccc21 0.9367221 3.2445 1.0000000 1.0000 1.0000000 1.0000 []
 | 11.6206 25.5437 97.3607 0.9601907 O=C(c1ccccc1N=Nc1cccc(O)c1)N1CCC(c2cccnc2)C1 1 O=C(c1ccccc1N=Nc1ccccc1)N1CCC(c2cccnc2)C1 0.9601907 2.9264 1.0000000 1.0000 1.0000000 1.0000 []
 | 11.2211 44.5050 79.2907 0.9671537 FCc1cccc(Oc2ccc(N3CCC=N3)cc2)n1 1 C1=NN(c2ccc(Oc3ccccn3)cc2)CC1 0.9671537 2.7965 1.0000000 1.0000 1.0000000 1.0000 []
 | 18.4667 41.0659 80.6399 0.9508263 O=Cc1cc2c(c(-c3ccc(N4CCC=N4)cc3)c1)NCC2 1 C1=NN(c2ccc(-c3cccc4c3NCC4)cc2)CC1 0.9508263 3.0704 1.0000000 1.0000 1.0000000 1.0000 []
 | 9.0722 33.1385 92.9475 0.9850469 C1=NN(c2ccc(CN3CCCN(Cc4ccccc4)CC3)cc2)CC1 1 C1=NN(c2ccc(CN3CCCN(Cc4ccccc4)CC3)cc2)CC1 0.9850469 2.2719 1.0000000 1.0000 1.0000000 1.0000 []
 | 9.6997 34.4301 91.2385 0.9817863 Fc1ccc(-c2ccc(N3CCC=N3)cc2)c(F)c1 1 C1=NN(c2ccc(-c3ccccc3)cc2)CC1 0.9817863 2.4026 1.0000000 1.0000 1.0000000 1.0000 []
 | 11.5545 44.9270 80.6286 0.9809031 O=C(NCc1ccc(N2CCCCC=N2)cc1)c1cccc(C2CC2)c1 1 O=C(NCc1ccc(N2CCCCC=N2)cc1)c1cccc(C2CC2)c1 0.9809031 2.4340 1.0000000 1.0000 1.0000000 1.0000 []
 | 6.3349 42.5183 83.7523 0.9864897 O=C(Nc1ccccc1)c1ccc(N2CCCC=N2)cc1 1 O=C(Nc1ccccc1)c1ccc(N2CCCC=N2)cc1 0.9864897 2.2049 1.0000000 1.0000 1.0000000 1.0000 []
 | 15.8170 49.6898 75.7335 0.9798701 O=C(NCCc1cc(N2CCC=N2)ccc1F)c1ccc(Cl)cc1 1 O=C(NCCc1cccc(N2CCC=N2)c1)c1ccccc1 0.9798701 2.4690 1.0000000 1.0000 1.0000000 1.0000 []
 | 10.4081 51.8429 74.1606 0.9844028 O=C(NCc1ccc(N2N=CCC2=O)cc1)c1cccc(F)c1 1 O=C(NCc1ccc(N2N=CCC2=O)cc1)c1ccccc1 0.9844028 2.2998 1.0000000 1.0000 1.0000000 1.0000 []
03:28:40 <INFO> Sampled SMILES c1cc(N2N=CCC2)ccc1N1CCC(c2ccc(C(=O)N3CCCC3)ccc2F)CC1 failed to sanitize.
03:28:41 <INFO> Score: 0.87 Agent NLL: 12.48 Valid:  98% Step: 11
 | Agent Prior Target Score SMILES SMILES_state Scaffold SA SA (raw) Alerts Alerts (raw) PS_Scaffold PS_Scaffold (raw) matchting_patterns (Alerts)
 | 6.3380 42.2043 -42.2043 0.0000000 O=C(NCc1ccc(N2CCCC=N2)cc1)c1cccc(F)c1 1 O=C(NCc1ccc(N2CCCC=N2)cc1)c1ccccc1 0.9829018 2.3607 1.0000000 1.0000 1.0000000 1.0000 []
 | 13.0086 26.1031 96.9163 0.9610889 O=C(c1ccccc1N=Nc1ccc(O)cc1)N1CC(F)(C(=O)N2CCC(N3CCCC3)CC2)C1 1 O=C(c1ccccc1N=Nc1ccccc1)N1CC(C(=O)N2CCC(N3CCCC3)CC2)C1 0.9610889 2.9110 1.0000000 1.0000 1.0000000 1.0000 []
 | 8.3385 41.6299 84.2992 0.9838208 O=C(Nc1cccc(N2CCC=N2)c1)c1ccc(N2CCC2)cc1 1 O=C(Nc1cccc(N2CCC=N2)c1)c1ccc(N2CCC2)cc1 0.9838208 2.3241 1.0000000 1.0000 1.0000000 1.0000 []
 | 14.1423 32.7065 87.1468 0.9363535 O=c1[nH]nc(CNc2cccc(N3CCCC=N3)c2)[nH]1 1 O=c1[nH]nc(CNc2cccc(N3CCCC=N3)c2)[nH]1 0.9363535 3.2485 1.0000000 1.0000 1.0000000 1.0000 []
 | 23.0715 67.1388 56.7385 0.9677911 COc1ccc(-c2cccnc2N=Nc2ccccc2N(C)N2CCCC2)cc1 1 c1ccc(-c2cccnc2N=Nc2ccccc2NN2CCCC2)cc1 0.9677911 2.7833 1.0000000 1.0000 1.0000000 1.0000 []
 | 18.4783 40.8789 79.2145 0.9382296 OC(CNCc1ccc(N2CCCCC=N2)cc1)Cn1cccn1 1 C1=NN(c2ccc(CNCCCn3cccn3)cc2)CCCC1 0.9382296 3.2277 1.0000000 1.0000 1.0000000 1.0000 []
 | 10.6918 33.9196 91.0804 0.9765624 Fc1cccc(CCNCc2ccc(N3CCC=N3)cc2F)c1 1 C1=NN(c2ccc(CNCCc3ccccc3)cc2)CC1 0.9765624 2.5703 1.0000000 1.0000 1.0000000 1.0000 []
 | 14.5755 28.8863 72.6016 0.7928742 O=C(c1ccccc1N=Nc1ccc(Br)cn1)N1CCCC(F)(C(=O)NC2CC2F)C1 1 O=C(NC1CC1)C1CCCN(C(=O)c2ccccc2N=Nc2ccccn2)C1 0.7928742 4.1255 1.0000000 1.0000 1.0000000 1.0000 []
 | 9.4705 41.4399 80.7129 0.9543191 O=C(NCc1ccc(N2CCCC=N2)cc1)C1CCCN(c2ccccn2)C1 1 O=C(NCc1ccc(N2CCCC=N2)cc1)C1CCCN(c2ccccn2)C1 0.9543191 3.0201 1.0000000 1.0000 1.0000000 1.0000 []
 | 11.0461 37.4358 88.5723 0.9844384 O=C(CCc1ccccc1)Nc1cccc(N2CCCCC=N2)c1 1 O=C(CCc1ccccc1)Nc1cccc(N2CCCCC=N2)c1 0.9844384 2.2983 1.0000000 1.0000 1.0000000 1.0000 []
03:29:34 <INFO> Score: 0.85 Agent NLL: 11.05 Valid: 100% Step: 12
 | Agent Prior Target Score SMILES SMILES_state Scaffold SA SA (raw) Alerts Alerts (raw) PS_Scaffold PS_Scaffold (raw) matchting_patterns (Alerts)
 | 9.8094 34.7376 84.5455 0.9318990 O=C1CCC(NCc2ccc(N3CCCC=N3)cc2)CN1 1 O=C1CCC(NCc2ccc(N3CCCC=N3)cc2)CN1 0.9318990 3.2957 1.0000000 1.0000 1.0000000 1.0000 []
 | 9.2810 32.8513 89.6771 0.9572533 Fc1ccccc1N1CCC(CNCc2ccc(N3CCC=N3)cc2)C1 1 C1=NN(c2ccc(CNCC3CCN(c4ccccc4)C3)cc2)CC1 0.9572533 2.9748 1.0000000 1.0000 1.0000000 1.0000 []
 | 13.5121 79.2769 45.3380 0.9735537 CCCC(=O)Nc1cc(C(=O)Nc2cc(N3N=CCCC3=O)ccc2F)ccn1 1 O=C(Nc1cccc(N2N=CCCC2=O)c1)c1ccncc1 0.9735537 2.6510 1.0000000 1.0000 1.0000000 1.0000 []
 | 21.4801 60.1705 57.1108 0.9162596 Nc1nc(N=Nc2cc(Br)ccc2N2CCCC2)ccc1C(=O)N1CCC(F)C1 1 O=C(c1ccc(N=Nc2ccccc2N2CCCC2)nc1)N1CCCC1 0.9162596 3.4414 1.0000000 1.0000 1.0000000 1.0000 []
 | 8.2269 32.7228 -32.7228 0.0000000 C1=NN(c2ccc(CNC3CCCN(Cc4cccnc4)C3)cc2)CC1 1 C1=NN(c2ccc(CNC3CCCN(Cc4cccnc4)C3)cc2)CC1 0.9557105 2.9990 1.0000000 1.0000 1.0000000 1.0000 []
 | 5.8974 31.8651 -31.8651 0.0000000 C1=NN(c2ccc(-c3cccc(N4CCCCC4)c3)cc2)CC1 1 C1=NN(c2ccc(-c3cccc(N4CCCCC4)c3)cc2)CC1 0.9830834 2.3536 1.0000000 1.0000 1.0000000 1.0000 []
 | 7.8336 39.7658 86.3436 0.9852302 O=C(Nc1ccc(N2CCCC=N2)cc1)c1ccc(F)cc1 1 O=C(Nc1ccc(N2CCCC=N2)cc1)c1ccccc1 0.9852302 2.2638 1.0000000 1.0000 1.0000000 1.0000 []
 | 19.7693 52.1038 73.4576 0.9809486 COc1ccc(N=Nc2c(Cl)cccc2Cl)cc1CO 1 c1ccc(N=Nc2ccccc2)cc1 0.9809486 2.4324 1.0000000 1.0000 1.0000000 1.0000 []
 | 8.9747 32.7983 92.4015 0.9781234 Fc1cc(N2CCC=N2)ccc1-c1cccc(N2CCCCC2)c1 1 C1=NN(c2ccc(-c3cccc(N4CCCCC4)c3)cc2)CC1 0.9781234 2.5244 1.0000000 1.0000 1.0000000 1.0000 []
 | 8.8824 41.9817 -41.9817 0.0000000 O=C(Nc1nccs1)c1ccc(N2CCC=N2)cc1 1 O=C(Nc1nccs1)c1ccc(N2CCC=N2)cc1 0.9775945 2.5403 1.0000000 1.0000 1.0000000 1.0000 []
03:29:36 <INFO> Score: 0.86 Agent NLL: 11.98 Valid: 100% Step: 13
 | Agent Prior Target Score SMILES SMILES_state Scaffold SA SA (raw) Alerts Alerts (raw) PS_Scaffold PS_Scaffold (raw) matchting_patterns (Alerts)
 | 12.1714 34.3428 85.4212 0.9356567 Fc1cc(N2CCC=N2)ccc1NC1CCCN(c2ncccn2)C1 1 C1=NN(c2ccc(NC3CCCN(c4ncccn4)C3)cc2)CC1 0.9356567 3.2561 1.0000000 1.0000 1.0000000 1.0000 []
 | 13.2611 39.4092 85.1983 0.9734964 OCCc1ccc(Nc2ccc(N3CCC=N3)cc2)cn1 1 C1=NN(c2ccc(Nc3cccnc3)cc2)CC1 0.9734964 2.6525 1.0000000 1.0000 1.0000000 1.0000 []
 | 19.2811 43.0714 -43.0714 0.0000000 Cc1cc(N(C)c2ccccc2C(F)(F)F)ccc1N1CCCC1 1 c1ccc(Nc2ccc(N3CCCC3)cc2)cc1 0.0000000 0.0000 1.0000000 1.0000 0.0000000 0.0000 []
 | 10.7495 38.9263 86.0860 0.9766591 O=C1CCC=NN1c1cccc(NCc2cc(Cl)ccc2O)c1 1 O=C1CCC=NN1c1cccc(NCc2ccccc2)c1 0.9766591 2.5676 1.0000000 1.0000 1.0000000 1.0000 []
 | 12.8154 33.0565 91.4597 0.9727830 C1=NN(c2cccc(NCc3cn[nH]c3-c3ccccc3)c2)CCCC1 1 C1=NN(c2cccc(NCc3cn[nH]c3-c3ccccc3)c2)CCCC1 0.9727830 2.6702 1.0000000 1.0000 1.0000000 1.0000 []
 | 14.8350 36.7512 86.8040 0.9652755 O=C(C1CC1)N1CCC(CNCc2ccc(N3CCC=N3)cc2Br)CC1 1 O=C(C1CC1)N1CCC(CNCc2ccc(N3CCC=N3)cc2)CC1 0.9652755 2.8340 1.0000000 1.0000 1.0000000 1.0000 []
 | 10.1268 34.1289 91.3342 0.9801803 C1=NN(c2ccc(CNCc3ccc(OC4CCCC4)cc3)cc2)CC1 1 C1=NN(c2ccc(CNCc3ccc(OC4CCCC4)cc3)cc2)CC1 0.9801803 2.4587 1.0000000 1.0000 1.0000000 1.0000 []
 | 9.1878 35.3564 88.5307 0.9678687 O=S1(=O)CCCN1c1ccccc1-c1ccc(N2CCC=N2)cc1 1 O=S1(=O)CCCN1c1ccccc1-c1ccc(N2CCC=N2)cc1 0.9678687 2.7817 1.0000000 1.0000 1.0000000 1.0000 []
 | 6.6190 43.7658 -43.7658 0.0000000 O=C(NCc1ccc(N2CCCC=N2)cc1)c1ccc(F)cc1F 1 O=C(NCc1ccc(N2CCCC=N2)cc1)c1ccccc1 0.9804343 2.4501 1.0000000 1.0000 1.0000000 1.0000 []
 | 5.4852 40.3400 -40.3400 0.0000000 O=C(Nc1cccc(N2CCC=N2)c1)c1ccc(F)cc1 1 O=C(Nc1cccc(N2CCC=N2)c1)c1ccccc1 0.9854348 2.2545 1.0000000 1.0000 1.0000000 1.0000 []
03:29:36 <INFO> Sampled SMILES c1ccc(N2N=CCCC2)ccc1Nc1cccc(C(F)(F)F)n1 failed to sanitize.
03:29:37 <INFO> Score: 0.80 Agent NLL: 11.98 Valid:  99% Step: 14
 | Agent Prior Target Score SMILES SMILES_state Scaffold SA SA (raw) Alerts Alerts (raw) PS_Scaffold PS_Scaffold (raw) matchting_patterns (Alerts)
 | 12.2279 35.9050 89.5994 0.9805031 FC(F)(F)c1cccc(NCc2ccc(N3CCC=N3)cc2)c1 1 C1=NN(c2ccc(CNc3ccccc3)cc2)CC1 0.9805031 2.4478 1.0000000 1.0000 1.0000000 1.0000 []
 | 16.6762 43.0471 76.4337 0.9334438 O=C1CCC=NN1c1ccc(NC2CCc3[nH]c4ccccc4c3C2)c(F)c1 1 O=C1CCC=NN1c1ccc(NC2CCc3[nH]c4ccccc4c3C2)cc1 0.9334438 3.2797 1.0000000 1.0000 1.0000000 1.0000 []
 | 21.8553 64.6742 57.4003 0.9537069 Fc1c(N=Nc2ccnc(N3CCCC3)c2)cccc1-c1ccnc(N2CCNC2)c1 1 c1cc(N=Nc2ccnc(N3CCCC3)c2)cc(-c2ccnc(N3CCNC3)c2)c1 0.9537069 3.0292 1.0000000 1.0000 1.0000000 1.0000 []
 | 6.1743 35.6184 -35.6184 0.0000000 C1=NN(c2ccc(-c3ccc(N4CCC4)cc3)cc2)CCC1 1 C1=NN(c2ccc(-c3ccc(N4CCC4)cc3)cc2)CCC1 0.9823962 2.3800 1.0000000 1.0000 1.0000000 1.0000 []
 | 16.1046 46.5426 79.3945 0.9838836 Clc1ccccc1N=Nc1cccc(-c2ccc(CN3CCC3)cn2)c1 1 c1ccc(N=Nc2cccc(-c3ccc(CN4CCC4)cn3)c2)cc1 0.9838836 2.3215 1.0000000 1.0000 1.0000000 1.0000 []
 | 15.3685 45.7256 78.8385 0.9731570 Cc1cc(N=Nc2ccc(-c3cccc(N4CCCCC4)c3)c(C)c2)n(C)n1 1 c1cc(-c2ccc(N=Nc3ccn[nH]3)cc2)cc(N2CCCCC2)c1 0.9731570 2.6610 1.0000000 1.0000 1.0000000 1.0000 []
 | 11.7315 25.4430 86.8487 0.8772793 O=C(c1ccccc1N=Nc1ccc(O)cc1)N1CC(F)(C(=O)N2CC3CCC2CC3)C1 1 O=C(c1ccccc1N=Nc1ccccc1)N1CC(C(=O)N2CC3CCC2CC3)C1 0.8772793 3.7187 1.0000000 1.0000 1.0000000 1.0000 []
 | 6.1943 43.0201 -43.0201 0.0000000 O=C(NCc1ccc(N2CCC=N2)cc1)c1ccc(Cl)cc1 1 O=C(NCc1ccc(N2CCC=N2)cc1)c1ccccc1 0.9863713 2.2106 1.0000000 1.0000 1.0000000 1.0000 []
 | 13.4019 44.4388 -44.4388 0.0000000 CS(=O)(=O)N1CC(C(=O)Nc2ccc(N3CCC=N3)cc2)C1 1 O=C(Nc1ccc(N2CCC=N2)cc1)C1CNC1 0.9738051 2.6446 1.0000000 1.0000 1.0000000 1.0000 []
 | 11.0567 47.6765 77.6731 0.9792942 O=C(Cc1ccc(F)c(F)c1)NCc1cccc(N2CCC=N2)c1 1 O=C(Cc1ccccc1)NCc1cccc(N2CCC=N2)c1 0.9792942 2.4878 1.0000000 1.0000 1.0000000 1.0000 []
03:29:39 <INFO> Score: 0.76 Agent NLL: 11.52 Valid: 100% Step: 15
 | Agent Prior Target Score SMILES SMILES_state Scaffold SA SA (raw) Alerts Alerts (raw) PS_Scaffold PS_Scaffold (raw) matchting_patterns (Alerts)
 | 10.1491 31.5736 93.1929 0.9747386 C1=NN(c2ccc(CNCc3cccs3)cc2)CCC1 1 C1=NN(c2ccc(CNCc3cccs3)cc2)CCC1 0.9747386 2.6204 1.0000000 1.0000 1.0000000 1.0000 []
 | 6.8793 41.7358 -41.7358 0.0000000 O=C(NCc1ccc(N2CCCC=N2)cc1)c1ccccc1 1 O=C(NCc1ccc(N2CCCC=N2)cc1)c1ccccc1 0.9856436 2.2450 1.0000000 1.0000 1.0000000 1.0000 []
 | 11.7901 37.9425 87.3230 0.9786366 O=C1CC=NN1c1cccc(NCc2ccccc2-c2cccnc2)c1 1 O=C1CC=NN1c1cccc(NCc2ccccc2-c2cccnc2)c1 0.9786366 2.5086 1.0000000 1.0000 1.0000000 1.0000 []
 | 14.8760 34.4577 87.8664 0.9556571 C1=NN(c2cccc(NCc3ccnc4cc[nH]c34)c2)CCCC1 1 C1=NN(c2cccc(NCc3ccnc4cc[nH]c34)c2)CCCC1 0.9556571 2.9998 1.0000000 1.0000 1.0000000 1.0000 []
 | 14.2225 34.9111 84.4654 0.9326293 Clc1cccc(C2CCCN2c2ccc(N3CCCC=N3)nc2)c1 1 C1=NN(c2ccc(N3CCCC3c3ccccc3)cn2)CCC1 0.9326293 3.2881 1.0000000 1.0000 1.0000000 1.0000 []
 | 8.3313 32.7983 -32.7983 0.0000000 Fc1cc(N2CCC=N2)ccc1-c1cccc(N2CCCCC2)c1 1 C1=NN(c2ccc(-c3cccc(N4CCCCC4)c3)cc2)CC1 0.9781234 2.5244 1.0000000 1.0000 1.0000000 1.0000 []
 | 7.8790 36.1679 89.1844 0.9793145 O=C1CCCCN1c1ccc(-c2ccc(N3CCCC=N3)cc2)cc1 1 O=C1CCCCN1c1ccc(-c2ccc(N3CCCC=N3)cc2)cc1 0.9793145 2.4871 1.0000000 1.0000 1.0000000 1.0000 []
 | 16.7016 38.2636 80.9217 0.9311355 Fc1cc(N2CCC=N2)ccc1N1CCCC1c1nc2ccccc2o1 1 C1=NN(c2ccc(N3CCCC3c3nc4ccccc4o3)cc2)CC1 0.9311355 3.3035 1.0000000 1.0000 1.0000000 1.0000 []
 | 14.1582 45.4539 78.3914 0.9675415 Oc1ccc(N2CCCC2)nc1Nc1ccc(N2CCCC=N2)cc1 1 C1=NN(c2ccc(Nc3cccc(N4CCCC4)n3)cc2)CCC1 0.9675415 2.7885 1.0000000 1.0000 1.0000000 1.0000 []
 | 11.8914 37.4046 86.7358 0.9698467 O=C1NCCc2ccc(-c3ccc(N4CCCC=N4)cc3)cc21 1 O=C1NCCc2ccc(-c3ccc(N4CCCC=N4)cc3)cc21 0.9698467 2.7389 1.0000000 1.0000 1.0000000 1.0000 []
03:29:40 <INFO> Sampled SMILES [nH]1c(N=Nc2cccnc2CO)cccc1NC1CCN(Cc2ccccc2)CC1 failed to sanitize.
03:29:41 <INFO> Score: 0.77 Agent NLL: 11.50 Valid:  98% Step: 16
 | Agent Prior Target Score SMILES SMILES_state Scaffold SA SA (raw) Alerts Alerts (raw) PS_Scaffold PS_Scaffold (raw) matchting_patterns (Alerts)
 | 13.0918 40.9797 84.2937 0.9786991 O=C(Cc1nc(-c2ccccc2)cs1)Nc1cccc(N2CCC=N2)c1 1 O=C(Cc1nc(-c2ccccc2)cs1)Nc1cccc(N2CCC=N2)c1 0.9786991 2.5066 1.0000000 1.0000 1.0000000 1.0000 []
 | 12.8395 33.2180 90.9185 0.9698166 O=C1CCCN1CCNCc1cccc(N2CCCCC=N2)c1 1 O=C1CCCN1CCNCc1cccc(N2CCCCC=N2)c1 0.9698166 2.7396 1.0000000 1.0000 1.0000000 1.0000 []
 | 9.0872 40.8455 84.5879 0.9799483 Oc1ccccc1N1CCCN(c2ccc(N3CCC=N3)cc2)CC1 1 C1=NN(c2ccc(N3CCCN(c4ccccc4)CC3)cc2)CC1 0.9799483 2.4664 1.0000000 1.0000 1.0000000 1.0000 []
 | 17.0377 42.7870 69.2785 0.8755115 O=C1CNCCC1Nc1ccc(N2CCCC=N2)nc1 1 O=C1CNCCC1Nc1ccc(N2CCCC=N2)nc1 0.8755115 3.7293 1.0000000 1.0000 1.0000000 1.0000 []
 | 7.6984 43.1618 -43.1618 0.0000000 O=C(Nc1cccc(N2N=CCCC2=O)c1)c1cccnc1 1 O=C(Nc1cccc(N2N=CCCC2=O)c1)c1cccnc1 0.9818114 2.4017 1.0000000 1.0000 1.0000000 1.0000 []
 | 17.2183 51.7934 73.6693 0.9801770 COc1ccc(N=Nc2ccccn2)cc1NC(=O)c1ccnc(C)c1 1 O=C(Nc1cccc(N=Nc2ccccn2)c1)c1ccncc1 0.9801770 2.4588 1.0000000 1.0000 1.0000000 1.0000 []
 | 22.6411 47.4575 75.5533 0.9610216 Oc1ncccc1N=Nc1ccc(N2CC(n3cccn3)C2)cc1 1 c1cncc(N=Nc2ccc(N3CC(n4cccn4)C3)cc2)c1 0.9610216 2.9121 1.0000000 1.0000 1.0000000 1.0000 []
 | 10.2244 32.7448 92.6405 0.9795725 C1=NN(c2ccc(-c3ccc(CN4CCNCC4)cc3)cc2)CCCC1 1 C1=NN(c2ccc(-c3ccc(CN4CCNCC4)cc3)cc2)CCCC1 0.9795725 2.4788 1.0000000 1.0000 1.0000000 1.0000 []
 | 7.0752 36.3627 89.5463 0.9836644 O=C(Cc1ccccc1)Nc1cccc(N2CCCC=N2)c1 1 O=C(Cc1ccccc1)Nc1cccc(N2CCCC=N2)c1 0.9836644 2.3304 1.0000000 1.0000 1.0000000 1.0000 []
 | 6.3410 42.7396 -42.7396 0.0000000 O=C(NCc1ccc(N2CCCC=N2)cc1)c1ccc(F)cc1 1 O=C(NCc1ccc(N2CCCC=N2)cc1)c1ccccc1 0.9843504 2.3020 1.0000000 1.0000 1.0000000 1.0000 []
03:29:43 <INFO> Score: 0.84 Agent NLL: 12.74 Valid:  96% Step: 17
 | Agent Prior Target Score SMILES SMILES_state Scaffold SA SA (raw) Alerts Alerts (raw) PS_Scaffold PS_Scaffold (raw) matchting_patterns (Alerts)
 | 9.4281 35.2275 90.0014 0.9783503 FC(F)(F)c1ccccc1N1CCN(c2ccc(N3CCC=N3)cc2)CC1 1 C1=NN(c2ccc(N3CCN(c4ccccc4)CC3)cc2)CC1 0.9783503 2.5174 1.0000000 1.0000 1.0000000 1.0000 []
 | 15.1016 39.5028 84.4669 0.9685136 O=C1CCC=NN1c1cccc(NNCc2cccnc2)c1 1 O=C1CCC=NN1c1cccc(NNCc2cccnc2)c1 0.9685136 2.7680 1.0000000 1.0000 1.0000000 1.0000 []
 | 19.7523 47.0400 76.7998 0.9674979 O=C1CCC=NN1c1ccc(OCc2nc3cc(Cl)ccc3[nH]2)c(Br)c1 1 O=C1CCC=NN1c1ccc(OCc2nc3ccccc3[nH]2)cc1 0.9674979 2.7894 1.0000000 1.0000 1.0000000 1.0000 []
 | 10.5465 41.4110 83.6214 0.9768158 C1=NN(c2ccc(Cc3cccs3)cc2)CC1 1 C1=NN(c2ccc(Cc3cccs3)cc2)CC1 0.9768158 2.5631 1.0000000 1.0000 1.0000000 1.0000 []
 | 12.2656 28.0747 87.4782 0.9027570 O=C(c1ccccc1N=Nc1cccc(O)c1)N1CCC(F)(C(=O)N2CCC(F)(F)CC2)C1 1 O=C(c1ccccc1N=Nc1ccccc1)N1CCC(C(=O)N2CCCCC2)C1 0.9027570 3.5484 1.0000000 1.0000 1.0000000 1.0000 []
 | 19.2792 40.8773 85.0192 0.9835662 Fc1ccccc1N=Nc1cccc(-c2ncccn2)c1 1 c1ccc(N=Nc2cccc(-c3ncccn3)c2)cc1 0.9835662 2.3344 1.0000000 1.0000 1.0000000 1.0000 []
 | 12.9508 44.7033 80.5754 0.9787396 O=C1CCC=NN1c1ccccc1Cc1ccc(C2CCC2)cc1 1 O=C1CCC=NN1c1ccccc1Cc1ccc(C2CCC2)cc1 0.9787396 2.5054 1.0000000 1.0000 1.0000000 1.0000 []
 | 25.0953 53.0631 70.7169 0.9670315 Nc1cc(Cl)c(Cn2cccc2)cc1N=Nc1ccccc1N1CCCC1 1 c1cc(Cn2cccc2)cc(N=Nc2ccccc2N2CCCC2)c1 0.9670315 2.7990 1.0000000 1.0000 1.0000000 1.0000 []
 | 9.9341 33.2197 -33.2197 0.0000000 C1=NN(c2ccc(CNC3CCCN(c4cnccn4)C3)cc2)CC1 1 C1=NN(c2ccc(CNC3CCCN(c4cnccn4)C3)cc2)CC1 0.9436114 3.1646 1.0000000 1.0000 1.0000000 1.0000 []
 | 20.8729 40.3877 83.9219 0.9711688 CN(c1cccnc1)c1ccccc1N=Nc1ccccc1N1CCCC1=O 1 O=C1CCCN1c1ccccc1N=Nc1ccccc1Nc1cccnc1 0.9711688 2.7089 1.0000000 1.0000 1.0000000 1.0000 []
03:29:45 <INFO> Sampled SMILES c1cc(N2N=CCC2)ccc1FNC1CCC(c2ccccc2)CC1 failed to sanitize.
03:29:45 <INFO> Sampled SMILES Cc1cc(N2N=CCCC2=O)cccc1NC(=O)c1ccccc1 failed to sanitize.
03:29:46 <INFO> Score: 0.74 Agent NLL: 11.97 Valid:  96% Step: 18
 | Agent Prior Target Score SMILES SMILES_state Scaffold SA SA (raw) Alerts Alerts (raw) PS_Scaffold PS_Scaffold (raw) matchting_patterns (Alerts)
 | 9.8419 47.3393 78.3343 0.9818253 O=C(Nc1cccc(N2N=CCC2=O)c1)c1ccccc1N1CCCC1 1 O=C(Nc1cccc(N2N=CCC2=O)c1)c1ccccc1N1CCCC1 0.9818253 2.4011 1.0000000 1.0000 1.0000000 1.0000 []
 | 14.6042 49.8991 68.0139 0.9211957 CN(c1ccc(N=Nc2ccc3c(c2)NC(=O)C3)cc1)C1CCN(CCC#N)C1 1 O=C1Cc2ccc(N=Nc3ccc(NC4CCNC4)cc3)cc2N1 0.9211957 3.3983 1.0000000 1.0000 1.0000000 1.0000 []
 | 12.3209 34.5252 89.2450 0.9669548 C1=NN(c2ccc(CN3CCN(CCC4OCCO4)CC3)cc2)CCCC1 1 C1=NN(c2ccc(CN3CCN(CCC4OCCO4)CC3)cc2)CCCC1 0.9669548 2.8006 1.0000000 1.0000 1.0000000 1.0000 []
 | 18.7390 42.7072 -42.7072 0.0000000 c1cc(N2N=CCC2)ccc1FNC1CCC(c2ccccc2)CC1 0 -- 0.0000000 0.0000 0.0000000 0.0000 0.0000000 0.0000 None
 | 23.3877 56.2260 61.6630 0.9210077 O=Cc1cccc(N=Nc2ccc3c(c2)OCO3)c1N1CCCC(C(F)(F)F)C1 1 c1ccc(N2CCCCC2)c(N=Nc2ccc3c(c2)OCO3)c1 0.9210077 3.4000 1.0000000 1.0000 1.0000000 1.0000 []
 | 19.7019 48.4091 73.4731 0.9522050 Fc1cc(N2N=CCC2c2cccnc2)ccc1-c1cccnc1 1 C1=NN(c2ccc(-c3cccnc3)cc2)C(c2cccnc2)C1 0.9522050 3.0510 1.0000000 1.0000 1.0000000 1.0000 []
 | 11.6669 30.6281 94.4991 0.9775559 C1=NN(c2cccc(Nc3nccc(-c4ccccc4)n3)c2)CCC1 1 C1=NN(c2cccc(Nc3nccc(-c4ccccc4)n3)c2)CCC1 0.9775559 2.5414 1.0000000 1.0000 1.0000000 1.0000 []
 | 17.3031 47.0171 78.3995 0.9798170 O=C(NCCNC(=O)N1CCCCC1)c1ccc(N2CCC=N2)cc1 1 O=C(NCCNC(=O)N1CCCCC1)c1ccc(N2CCC=N2)cc1 0.9798170 2.4708 1.0000000 1.0000 1.0000000 1.0000 []
 | 15.9444 41.7596 44.1689 0.6713167 O=C(Nc1ccc(N2CCCCC=N2)cc1F)C1CC2C=CC1C2 1 O=C(Nc1ccc(N2CCCCC=N2)cc1)C1CC2C=CC1C2 0.6713167 4.5348 1.0000000 1.0000 1.0000000 1.0000 []
 | 7.1808 51.5365 -51.5365 0.0000000 O=C(Nc1ccc(N2N=CCC2=O)cc1F)c1ccc(F)cc1 1 O=C(Nc1ccc(N2N=CCC2=O)cc1)c1ccccc1 0.9829996 2.3569 1.0000000 1.0000 1.0000000 1.0000 []
03:30:41 <INFO> Score: 0.89 Agent NLL: 11.97 Valid:  99% Step: 19
 | Agent Prior Target Score SMILES SMILES_state Scaffold SA SA (raw) Alerts Alerts (raw) PS_Scaffold PS_Scaffold (raw) matchting_patterns (Alerts)
 | 6.3209 42.9272 -42.9272 0.0000000 O=C(Nc1ccc(N2CCC=N2)cc1)c1ccc(F)cc1F 1 O=C(Nc1ccc(N2CCC=N2)cc1)c1ccccc1 0.9835020 2.3370 1.0000000 1.0000 1.0000000 1.0000 []
 | 9.9993 34.1034 91.4856 0.9811639 C1=NN(c2ccc(NCc3ccc(C4CC4)cc3)cc2)CCCC1 1 C1=NN(c2ccc(NCc3ccc(C4CC4)cc3)cc2)CCCC1 0.9811639 2.4249 1.0000000 1.0000 1.0000000 1.0000 []
 | 9.7668 49.9978 75.9687 0.9841130 O=C(Nc1ccc(N2N=CCCC2=O)cc1)Nc1cccc(F)c1 1 O=C(Nc1ccccc1)Nc1ccc(N2N=CCCC2=O)cc1 0.9841130 2.3120 1.0000000 1.0000 1.0000000 1.0000 []
 | 6.4819 40.8315 85.3823 0.9860455 O=C(Nc1ccc(N2CCCCC=N2)cc1)c1ccc(Cl)cc1 1 O=C(Nc1ccc(N2CCCCC=N2)cc1)c1ccccc1 0.9860455 2.2262 1.0000000 1.0000 1.0000000 1.0000 []
 | 12.8933 40.6525 83.3750 0.9689652 O=C1CCC=NN1c1ccc(NCc2nc(C3CCCCC3)no2)cc1 1 O=C1CCC=NN1c1ccc(NCc2nc(C3CCCCC3)no2)cc1 0.9689652 2.7583 1.0000000 1.0000 1.0000000 1.0000 []
 | 16.5499 46.4579 77.0975 0.9652766 O=C1COc2cc(-c3ccc(N4Cc5ccccc5C=N4)cc3F)ccc21 1 O=C1COc2cc(-c3ccc(N4Cc5ccccc5C=N4)cc3)ccc21 0.9652766 2.8340 1.0000000 1.0000 1.0000000 1.0000 []
 | 11.9112 46.0102 79.9442 0.9840185 O=C(CCc1ccc(Cl)cc1)Nc1cccc(N2N=CCCC2=O)c1 1 O=C(CCc1ccccc1)Nc1cccc(N2N=CCCC2=O)c1 0.9840185 2.3159 1.0000000 1.0000 1.0000000 1.0000 []
 | 8.8971 43.2650 79.5451 0.9594543 O=C(CC1CCc2ccccc21)Nc1ccc(N2CCC=N2)cc1 1 O=C(CC1CCc2ccccc21)Nc1ccc(N2CCC=N2)cc1 0.9594543 2.9389 1.0000000 1.0000 1.0000000 1.0000 []
 | 13.7568 32.8487 89.0183 0.9520860 C1=NN(c2ccc(CN3CCCCC3c3ccccn3)cc2)CC1 1 C1=NN(c2ccc(CN3CCCCC3c3ccccn3)cc2)CC1 0.9520860 3.0527 1.0000000 1.0000 1.0000000 1.0000 []
 | 10.2615 42.9600 -42.9600 0.0000000 O=C(Nc1ccc(N2CCC=N2)cc1F)c1ccc(O)cc1 1 O=C(Nc1ccc(N2CCC=N2)cc1)c1ccccc1 0.9812367 2.4223 1.0000000 1.0000 1.0000000 1.0000 []
03:30:42 <INFO> Sampled SMILES c1cc(N2N=CCCCC2)ccc1CNC(=O)n1ccc(C(F)(F)F)cc1 failed to sanitize.
03:30:43 <INFO> Score: 0.80 Agent NLL: 12.62 Valid:  98% Step: 20
 | Agent Prior Target Score SMILES SMILES_state Scaffold SA SA (raw) Alerts Alerts (raw) PS_Scaffold PS_Scaffold (raw) matchting_patterns (Alerts)
 | 10.5465 41.2633 79.1340 0.9406041 O=C(Nc1ccc(N2CCC=N2)cc1)C1CC1c1ccccc1F 1 O=C(Nc1ccc(N2CCC=N2)cc1)C1CC1c1ccccc1 0.9406041 3.2005 1.0000000 1.0000 1.0000000 1.0000 []
 | 8.3256 35.8060 87.1181 0.9603440 C1=NN(c2ccc(N3CCCCC3Cc3ccccc3)cc2)CC1 1 C1=NN(c2ccc(N3CCCCC3Cc3ccccc3)cc2)CC1 0.9603440 2.9238 1.0000000 1.0000 1.0000000 1.0000 []
 | 10.5521 41.6888 82.7700 0.9723338 O=C1CCCN1c1cc(Cl)ccc1Nc1ccc(N2CCC=N2)cc1 1 O=C1CCCN1c1ccccc1Nc1ccc(N2CCC=N2)cc1 0.9723338 2.6812 1.0000000 1.0000 1.0000000 1.0000 []
 | 22.9799 58.3834 62.9730 0.9480967 COC1COc2cc(-c3ccc(N=Nc4ccccc4CO)cc3)ccc2O1 1 c1ccc(N=Nc2ccc(-c3ccc4c(c3)OCCO4)cc2)cc1 0.9480967 3.1075 1.0000000 1.0000 1.0000000 1.0000 []
 | 12.5040 40.5404 81.4997 0.9534383 O=C1CCC=NN1c1ccc(NCC(O)CN2CCCCC2)cc1 1 O=C1CCC=NN1c1ccc(NCCCN2CCCCC2)cc1 0.9534383 3.0331 1.0000000 1.0000 1.0000000 1.0000 []
 | 13.3294 52.9621 71.4985 0.9723487 COc1cc(Nc2ccc(N3CCC=N3)cc2)cnc1N1CCCCC1 1 C1=NN(c2ccc(Nc3ccc(N4CCCCC4)nc3)cc2)CC1 0.9723487 2.6808 1.0000000 1.0000 1.0000000 1.0000 []
 | 11.9055 42.5379 -42.5379 0.0000000 O=C(Nc1ccc(N2CCC=N2)cc1)c1cccc(F)c1[N+](=O)[O-] 1 O=C(Nc1ccc(N2CCC=N2)cc1)c1ccccc1 0.9765745 2.5700 1.0000000 1.0000 1.0000000 1.0000 []
 | 12.6077 38.4069 86.6347 0.9768875 BrCc1ccc(Nc2ccc(N3CCCC=N3)cc2)cc1 1 C1=NN(c2ccc(Nc3ccccc3)cc2)CCC1 0.9768875 2.5610 1.0000000 1.0000 1.0000000 1.0000 []
 | 17.3814 49.6684 73.8218 0.9647676 O=C1CCC=NN1c1ccc(NC2(c3cccc([N+](=O)[O-])c3)CC2)cc1 1 O=C1CCC=NN1c1ccc(NC2(c3ccccc3)CC2)cc1 0.9647676 2.8438 1.0000000 1.0000 1.0000000 1.0000 []
 | 20.7929 50.1872 73.6817 0.9677259 CCOC(=O)c1cnc(N=Nc2ccc(N(C)c3ccccn3)cc2)c(N)c1 1 c1ccc(N=Nc2ccc(Nc3ccccn3)cc2)nc1 0.9677259 2.7847 1.0000000 1.0000 1.0000000 1.0000 []
03:30:45 <INFO> Score: 0.74 Agent NLL: 11.80 Valid: 100% Step: 21
 | Agent Prior Target Score SMILES SMILES_state Scaffold SA SA (raw) Alerts Alerts (raw) PS_Scaffold PS_Scaffold (raw) matchting_patterns (Alerts)
 | 16.7068 46.3919 78.0384 0.9721118 O=S(=O)(Nc1cc(N2CCC=N2)ccc1F)c1ccc(N2CCCCC2)c(Cl)c1 1 O=S(=O)(Nc1cccc(N2CCC=N2)c1)c1ccc(N2CCCCC2)cc1 0.9721118 2.6866 1.0000000 1.0000 1.0000000 1.0000 []
 | 19.4476 47.4738 76.0468 0.9650053 O=C(c1cc(N=Nc2ccc(N3CCCC3)nc2)ccc1O)N1CC(C(F)(F)F)C1 1 O=C(c1cccc(N=Nc2ccc(N3CCCC3)nc2)c1)N1CCC1 0.9650053 2.8392 1.0000000 1.0000 1.0000000 1.0000 []
 | 11.0685 33.6476 91.5941 0.9784508 O=C1CCCN1c1cccc(NCc2ccc(N3CCC=N3)cc2)c1 1 O=C1CCCN1c1cccc(NCc2ccc(N3CCC=N3)cc2)c1 0.9784508 2.5143 1.0000000 1.0000 1.0000000 1.0000 []
 | 8.6224 42.6308 -42.6308 0.0000000 O=C(Nc1ccccc1)c1ccc(N2N=CCCC2=O)cc1 1 O=C(Nc1ccccc1)c1ccc(N2N=CCCC2=O)cc1 0.9879185 2.1311 1.0000000 1.0000 1.0000000 1.0000 []
 | 5.8954 42.8188 -42.8188 0.0000000 O=C(Nc1ccc(N2CCC=N2)cc1)c1cccc(F)c1 1 O=C(Nc1ccc(N2CCC=N2)cc1)c1ccccc1 0.9857650 2.2394 1.0000000 1.0000 1.0000000 1.0000 []
 | 11.6774 36.5411 88.6238 0.9778509 O=C(NCCNc1ccc(N2CCCCC=N2)cc1)C1CCC1 1 O=C(NCCNc1ccc(N2CCCCC=N2)cc1)C1CCC1 0.9778509 2.5326 1.0000000 1.0000 1.0000000 1.0000 []
 | 9.8658 32.3220 -32.3220 0.0000000 Brc1cccc(-c2ccc(N3CCC=N3)cc2)c1 1 C1=NN(c2ccc(-c3ccccc3)cc2)CC1 0.9826593 2.3700 1.0000000 1.0000 1.0000000 1.0000 []
 | 7.5219 44.3374 -44.3374 0.0000000 O=C(Nc1ccc(N2CCC=N2)cc1)c1cc(F)cc(F)c1 1 O=C(Nc1ccc(N2CCC=N2)cc1)c1ccccc1 0.9818008 2.4020 1.0000000 1.0000 1.0000000 1.0000 []
 | 14.3133 40.4279 80.7555 0.9467450 O=C1CCC=NN1c1cccc(-c2ccc3c(c2)CCC3C2CCCCC2)c1 1 O=C1CCC=NN1c1cccc(-c2ccc3c(c2)CCC3C2CCCCC2)c1 0.9467450 3.1252 1.0000000 1.0000 1.0000000 1.0000 []
 | 8.4572 44.1867 -44.1867 0.0000000 O=C(Nc1cccc(N2N=CCC2=O)c1)c1cccnc1 1 O=C(Nc1cccc(N2N=CCC2=O)c1)c1cccnc1 0.9812660 2.4213 1.0000000 1.0000 1.0000000 1.0000 []
03:30:45 <INFO> Sampled SMILES c1cc(N2N=CCCC2)ccc1-c1ccc(C2CCC3CCCC3)cc2c1 failed to sanitize.
03:30:48 <INFO> Score: 0.82 Agent NLL: 12.07 Valid:  99% Step: 22
 | Agent Prior Target Score SMILES SMILES_state Scaffold SA SA (raw) Alerts Alerts (raw) PS_Scaffold PS_Scaffold (raw) matchting_patterns (Alerts)
 | 12.3215 31.9751 94.1856 0.9856300 Cc1c(N=Nc2ccc(F)cc2)cccc1C(=O)NC1CCCCC1 1 O=C(NC1CCCCC1)c1cccc(N=Nc2ccccc2)c1 0.9856300 2.2456 1.0000000 1.0000 1.0000000 1.0000 []
 | 12.6256 30.1410 89.8270 0.9372500 O=C(c1ccccc1N=Nc1ccc(F)cc1)N1CCCC1CNC(=O)C1(c2ccccn2)CC1 1 O=C(c1ccccc1N=Nc1ccccc1)N1CCCC1CNC(=O)C1(c2ccccn2)CC1 0.9372500 3.2386 1.0000000 1.0000 1.0000000 1.0000 []
 | 12.2686 34.4366 89.3716 0.9672518 O=C1CCC=NN1c1ccc(CO)c(F)c1 1 O=C1CCC=NN1c1ccccc1 0.9672518 2.7945 1.0000000 1.0000 1.0000000 1.0000 []
 | 11.3554 40.0951 81.3530 0.9488131 C1=NN(c2ccc(-c3ccc4c(c3)CCC4C3CCC3)cc2)CCCC1 1 C1=NN(c2ccc(-c3ccc4c(c3)CCC4C3CCC3)cc2)CCCC1 0.9488131 3.0980 1.0000000 1.0000 1.0000000 1.0000 []
 | 10.7767 46.2090 74.7922 0.9453219 O=C1CC(C(=O)Nc2ccc(N3N=CCCC3=O)cc2)CCN1 1 O=C1CC(C(=O)Nc2ccc(N3N=CCCC3=O)cc2)CCN1 0.9453219 3.1434 1.0000000 1.0000 1.0000000 1.0000 []
 | 11.7391 43.0618 79.8282 0.9600786 O=C1CC=NN1c1ccc(N2CCCC2c2ccccc2)cc1 1 O=C1CC=NN1c1ccc(N2CCCC2c2ccccc2)cc1 0.9600786 2.9283 1.0000000 1.0000 1.0000000 1.0000 []
 | 12.2615 47.6414 77.2898 0.9760246 O=C(Nc1cc(N2N=CCC2=O)ccc1O)c1cccc(C(F)(F)F)c1 1 O=C(Nc1cccc(N2N=CCC2=O)c1)c1ccccc1 0.9760246 2.5855 1.0000000 1.0000 1.0000000 1.0000 []
 | 9.9336 41.4700 -41.4700 0.0000000 O=C1CC=NN1c1ccc(-c2cccc(CN3CCCCC3)c2)c(F)c1 1 O=C1CC=NN1c1ccc(-c2cccc(CN3CCCCC3)c2)cc1 0.9789628 2.4983 1.0000000 1.0000 1.0000000 1.0000 []
 | 10.7273 33.0425 85.9930 0.9299651 C1=NN(c2cccc(NCC3CCCN3)c2)CCCC1 1 C1=NN(c2cccc(NCC3CCCN3)c2)CCCC1 0.9299651 3.3153 1.0000000 1.0000 1.0000000 1.0000 []
 | 9.6559 44.4297 81.7227 0.9855650 O=C1CCC=NN1c1ccc(Nc2cccc(-c3ccccc3)c2)cc1 1 O=C1CCC=NN1c1ccc(Nc2cccc(-c3ccccc3)c2)cc1 0.9855650 2.2486 1.0000000 1.0000 1.0000000 1.0000 []
03:30:50 <INFO> Score: 0.86 Agent NLL: 12.46 Valid: 100% Step: 23
 | Agent Prior Target Score SMILES SMILES_state Scaffold SA SA (raw) Alerts Alerts (raw) PS_Scaffold PS_Scaffold (raw) matchting_patterns (Alerts)
 | 16.5294 41.5477 83.2284 0.9748132 c1cnc(N2CCCCC2)c(N=Nc2ccc(NC3CCCCC3)cc2)n1 1 c1cnc(N2CCCCC2)c(N=Nc2ccc(NC3CCCCC3)cc2)n1 0.9748132 2.6184 1.0000000 1.0000 1.0000000 1.0000 []
 | 11.1090 36.1023 89.5949 0.9820096 Fc1cccc(NCc2ccc(N3CCCCC=N3)cc2)c1 1 C1=NN(c2ccc(CNc3ccccc3)cc2)CCCC1 0.9820096 2.3944 1.0000000 1.0000 1.0000000 1.0000 []
 | 12.9633 40.5936 83.7336 0.9713057 C1=NN(c2cccc(Nc3ccc(C4CCC4)cn3)c2)CC1 1 C1=NN(c2cccc(Nc3ccc(C4CCC4)cn3)c2)CC1 0.9713057 2.7057 1.0000000 1.0000 1.0000000 1.0000 []
 | 12.9710 43.5213 80.5123 0.9690121 O=C1CCC=NN1c1ccc(Nc2ccccc2-n2cncn2)c(F)c1 1 O=C1CCC=NN1c1ccc(Nc2ccccc2-n2cncn2)cc1 0.9690121 2.7573 1.0000000 1.0000 1.0000000 1.0000 []
 | 9.4857 43.9773 -43.9773 0.0000000 O=C(Nc1ccc(N2CCC=N2)cc1)c1ccccc1OC(F)F 1 O=C(Nc1ccc(N2CCC=N2)cc1)c1ccccc1 0.9815888 2.4097 1.0000000 1.0000 1.0000000 1.0000 []
 | 10.3048 47.3892 -47.3892 0.0000000 CC1=NN(c2ccc(C)c(NC(=O)c3ccc(F)cc3)c2)CC1 1 O=C(Nc1cccc(N2CCC=N2)c1)c1ccccc1 0.9866056 2.1992 1.0000000 1.0000 1.0000000 1.0000 []
 | 10.0370 37.1258 88.0769 0.9781455 O=C1CC=NN1c1cccc(NCc2cccc(C(F)(F)F)c2)c1 1 O=C1CC=NN1c1cccc(NCc2ccccc2)c1 0.9781455 2.5237 1.0000000 1.0000 1.0000000 1.0000 []
 | 8.3616 34.9115 89.7299 0.9737616 O=C1CCC=NN1c1ccc(F)c(F)c1 1 O=C1CCC=NN1c1ccccc1 0.9737616 2.6457 1.0000000 1.0000 1.0000000 1.0000 []
 | 14.4303 39.4472 85.1012 0.9730344 O=C(CO)Nc1ccccc1-c1ccc(N2CCCCC=N2)nc1 1 C1=NN(c2ccc(-c3ccccc3)cn2)CCCC1 0.9730344 2.6640 1.0000000 1.0000 1.0000000 1.0000 []
 | 8.7282 37.0996 88.4883 0.9811554 O=C(Cc1ccccc1F)Nc1cccc(N2CCCCC=N2)c1 1 O=C(Cc1ccccc1)Nc1cccc(N2CCCCC=N2)c1 0.9811554 2.4252 1.0000000 1.0000 1.0000000 1.0000 []
03:30:51 <INFO> Sampled SMILES c1ccc(N2N=CCC2=O)cc1NCc1c(-c2ccccc2)nc2nc[nH]c12 failed to sanitize.
03:30:51 <INFO> Sampled SMILES c1cc(N2N=CCCC2=O)ccc1-c1ccc(ClNCCN2CCCCC2)cc1 failed to sanitize.
03:30:52 <INFO> Score: 0.84 Agent NLL: 12.04 Valid:  98% Step: 24
 | Agent Prior Target Score SMILES SMILES_state Scaffold SA SA (raw) Alerts Alerts (raw) PS_Scaffold PS_Scaffold (raw) matchting_patterns (Alerts)
 | 12.7535 42.0863 80.3280 0.9563619 O=C1CCC=NN1c1ccc(Nc2ccc(C(O)C3CCC3)cc2)cc1 1 O=C1CCC=NN1c1ccc(Nc2ccc(CC3CCC3)cc2)cc1 0.9563619 2.9889 1.0000000 1.0000 1.0000000 1.0000 []
 | 8.8539 40.7316 84.5883 0.9790624 O=C(Cc1cccs1)Nc1ccc(N2CCCCC=N2)cc1 1 O=C(Cc1cccs1)Nc1ccc(N2CCCCC=N2)cc1 0.9790624 2.4952 1.0000000 1.0000 1.0000000 1.0000 []
 | 17.0705 29.2863 95.3889 0.9740251 Cc1ccccc1N=Nc1ccc(NC(=O)CNC2=NCCCCC2)cc1C 1 O=C(CNC1=NCCCCC1)Nc1ccc(N=Nc2ccccc2)cc1 0.9740251 2.6390 1.0000000 1.0000 1.0000000 1.0000 []
 | 12.1862 38.3435 84.1909 0.9573001 O=C(OCc1ccccc1)N1CCCC(Nc2ccc(N3CCCCC=N3)cc2)C1 1 O=C(OCc1ccccc1)N1CCCC(Nc2ccc(N3CCCCC=N3)cc2)C1 0.9573001 2.9741 1.0000000 1.0000 1.0000000 1.0000 []
 | 9.6810 33.2661 88.7651 0.9533688 O=C1C(Nc2ccc(N3CCCCC=N3)cc2)CCN1c1ccccc1 1 O=C1C(Nc2ccc(N3CCCCC=N3)cc2)CCN1c1ccccc1 0.9533688 3.0341 1.0000000 1.0000 1.0000000 1.0000 []
 | 20.4884 53.0417 64.4185 0.9176582 O=C(NC1CCC1Nc1ccc(N=Nc2ccc3c(c2)OCCC3)cc1)C1CCCCC1 1 O=C(NC1CCC1Nc1ccc(N=Nc2ccc3c(c2)OCCC3)cc1)C1CCCCC1 0.9176582 3.4294 1.0000000 1.0000 1.0000000 1.0000 []
 | 14.6275 49.5502 74.9205 0.9724270 Cc1ccc(N=Nc2ccc(N3CCC3(C)C)cc2)cc1NC(=O)c1ccco1 1 O=C(Nc1cccc(N=Nc2ccc(N3CCC3)cc2)c1)c1ccco1 0.9724270 2.6789 1.0000000 1.0000 1.0000000 1.0000 []
 | 9.1484 33.2997 89.2886 0.9577217 C1=NN(c2ccc(CNC3CCCc4ccccc43)cc2)CCCC1 1 C1=NN(c2ccc(CNC3CCCc4ccccc43)cc2)CCCC1 0.9577217 2.9673 1.0000000 1.0000 1.0000000 1.0000 []
 | 8.8766 40.4298 84.7732 0.9781485 O=C(CC1Cc2ccccc2C1)Nc1ccc(N2CCC=N2)cc1 1 O=C(CC1Cc2ccccc2C1)Nc1ccc(N2CCC=N2)cc1 0.9781485 2.5236 1.0000000 1.0000 1.0000000 1.0000 []
 | 8.4385 37.1465 -37.1465 0.0000000 Clc1ccccc1CN1CCCN(c2ccc(N3CCC=N3)cc2)CC1 1 C1=NN(c2ccc(N3CCCN(Cc4ccccc4)CC3)cc2)CC1 0.9819676 2.3959 1.0000000 1.0000 1.0000000 1.0000 []
03:31:42 <INFO> Score: 0.87 Agent NLL: 12.75 Valid: 100% Step: 25
 | Agent Prior Target Score SMILES SMILES_state Scaffold SA SA (raw) Alerts Alerts (raw) PS_Scaffold PS_Scaffold (raw) matchting_patterns (Alerts)
 | 13.2311 34.2664 87.9341 0.9546911 C[N+](C)(C)CCNc1cccc(N2CCCCC=N2)c1 1 C1=NN(c2ccccc2)CCCC1 0.9546911 3.0145 1.0000000 1.0000 1.0000000 1.0000 []
 | 15.0758 56.2387 68.6745 0.9758840 Nc1ccc(CCNC(=O)C2CC2)cc1Nc1ccc(N2CCC=N2)cc1 1 O=C(NCCc1cccc(Nc2ccc(N3CCC=N3)cc2)c1)C1CC1 0.9758840 2.5894 1.0000000 1.0000 1.0000000 1.0000 []
 | 14.5842 35.4136 89.2487 0.9739248 C1=NN(c2cccc(CNc3cccc(Cn4cccn4)c3)c2)CCCC1 1 C1=NN(c2cccc(CNc3cccc(Cn4cccn4)c3)c2)CCCC1 0.9739248 2.6416 1.0000000 1.0000 1.0000000 1.0000 []
 | 15.9620 53.8968 70.1828 0.9693722 COc1cccnc1N=Nc1ccc(NC(=O)C2CC(F)(F)C2)cc1 1 O=C(Nc1ccc(N=Nc2ccccn2)cc1)C1CCC1 0.9693722 2.7494 1.0000000 1.0000 1.0000000 1.0000 []
 | 9.6498 40.4877 84.5264 0.9766728 C1=NN(c2ccc(Nc3ccc(N4CCC4)nc3)cc2)CCCC1 1 C1=NN(c2ccc(Nc3ccc(N4CCC4)nc3)cc2)CCCC1 0.9766728 2.5672 1.0000000 1.0000 1.0000000 1.0000 []
 | 15.3829 41.3266 84.7563 0.9850233 c1cc(N=Nc2ccc(NCc3ccc(N4CCC4)cc3)cc2)ccn1 1 c1cc(N=Nc2ccc(NCc3ccc(N4CCC4)cc3)cc2)ccn1 0.9850233 2.2730 1.0000000 1.0000 1.0000000 1.0000 []
 | 13.5162 46.8021 76.9086 0.9664893 O=C1CCC=NN1c1ccc(NCc2c(C3CC3)ccc3c2CCC3)cc1 1 O=C1CCC=NN1c1ccc(NCc2c(C3CC3)ccc3c2CCC3)cc1 0.9664893 2.8100 1.0000000 1.0000 1.0000000 1.0000 []
 | 8.3063 42.2640 -42.2640 0.0000000 O=C1CCC=NN1c1ccc(Nc2cccc(C(F)(F)F)c2)cc1 1 O=C1CCC=NN1c1ccc(Nc2ccccc2)cc1 0.9803630 2.4525 1.0000000 1.0000 1.0000000 1.0000 []
 | 8.1664 37.1692 -37.1692 0.0000000 Fc1ccccc1CN1CCCN(c2ccc(N3CCC=N3)cc2)CC1 1 C1=NN(c2ccc(N3CCCN(Cc4ccccc4)CC3)cc2)CC1 0.9817190 2.4050 1.0000000 1.0000 1.0000000 1.0000 []
 | 10.8884 44.5525 79.9861 0.9729581 C1=NN(c2ccc(OCc3ccc(C4=NCCC4)cc3)cc2)CCCC1 1 C1=NN(c2ccc(OCc3ccc(C4=NCCC4)cc3)cc2)CCCC1 0.9729581 2.6659 1.0000000 1.0000 1.0000000 1.0000 []
03:31:44 <INFO> Score: 0.79 Agent NLL: 12.31 Valid: 100% Step: 26
 | Agent Prior Target Score SMILES SMILES_state Scaffold SA SA (raw) Alerts Alerts (raw) PS_Scaffold PS_Scaffold (raw) matchting_patterns (Alerts)
 | 12.2623 39.9823 85.3577 0.9792190 O=C1CCC=NN1c1ccc(NCc2c(Cl)cccc2Cl)cc1 1 O=C1CCC=NN1c1ccc(NCc2ccccc2)cc1 0.9792190 2.4902 1.0000000 1.0000 1.0000000 1.0000 []
 | 11.4469 33.5959 91.9789 0.9810533 C1=NN(c2ccc(NC3CN(Cc4ccccc4)C3)cc2)CC1 1 C1=NN(c2ccc(NC3CN(Cc4ccccc4)C3)cc2)CC1 0.9810533 2.4288 1.0000000 1.0000 1.0000000 1.0000 []
 | 8.1794 35.8583 89.4078 0.9786415 O=C1CCCN1c1cccc(-c2ccc(N3CCCCC=N3)cc2)c1 1 O=C1CCCN1c1cccc(-c2ccc(N3CCCCC=N3)cc2)c1 0.9786415 2.5084 1.0000000 1.0000 1.0000000 1.0000 []
 | 8.7695 40.3295 -40.3295 0.0000000 O=C(CC1CCCCCC1)Nc1ccc(N2CCC=N2)cc1 1 O=C(CC1CCCCCC1)Nc1ccc(N2CCC=N2)cc1 0.9813989 2.4165 1.0000000 1.0000 1.0000000 1.0000 []
 | 9.5074 43.1415 -43.1415 0.0000000 O=C(Cc1ccc(Cl)c(F)c1)Nc1ccc(N2CCC=N2)cc1 1 O=C(Cc1ccccc1)Nc1ccc(N2CCC=N2)cc1 0.9817173 2.4051 1.0000000 1.0000 1.0000000 1.0000 []
 | 25.3815 53.8746 70.0943 0.9685066 Cc1ccnn1Cc1cccc(N=Nc2ncccc2CNC2CCCCC2)c1 1 c1cc(Cn2cccn2)cc(N=Nc2ncccc2CNC2CCCCC2)c1 0.9685066 2.7682 1.0000000 1.0000 1.0000000 1.0000 []
 | 20.6759 44.2255 79.0082 0.9627631 Clc1ccc(N2CCC(NCc3c(Cl)cccc3N3CCCCC=N3)CC2)cn1 1 C1=NN(c2ccccc2CNC2CCN(c3cccnc3)CC2)CCCC1 0.9627631 2.8812 1.0000000 1.0000 1.0000000 1.0000 []
 | 6.9651 40.6682 85.3642 0.9846278 O=C(Nc1ccc(N2CCCCC=N2)cc1)c1cccc(F)c1 1 O=C(Nc1ccc(N2CCCCC=N2)cc1)c1ccccc1 0.9846278 2.2902 1.0000000 1.0000 1.0000000 1.0000 []
 | 15.4330 43.5857 78.6520 0.9549822 CC1CC1C(=O)Nc1ccc(N=Nc2ccc(F)cc2)cc1F 1 O=C(Nc1ccc(N=Nc2ccccc2)cc1)C1CC1 0.9549822 3.0101 1.0000000 1.0000 1.0000000 1.0000 []
 | 11.9915 42.6057 82.1261 0.9744667 OCc1ccc(O)c(CNCc2ccc(N3CCCCC=N3)cc2)c1 1 C1=NN(c2ccc(CNCc3ccccc3)cc2)CCCC1 0.9744667 2.6275 1.0000000 1.0000 1.0000000 1.0000 []
03:31:44 <INFO> Sampled SMILES c1cc(N=Nc2nncs2)ccc1NCc1cccnc1-1ccccc1 failed to sanitize.
03:31:44 <INFO> Sampled SMILES c1cc(N=Nc2ccc3c(c2)OCCC3)ccc1-c1c(O)ccn[nH]1 failed to sanitize.
03:31:46 <INFO> Score: 0.87 Agent NLL: 13.15 Valid:  96% Step: 27
 | Agent Prior Target Score SMILES SMILES_state Scaffold SA SA (raw) Alerts Alerts (raw) PS_Scaffold PS_Scaffold (raw) matchting_patterns (Alerts)
 | 19.1789 52.5190 70.8169 0.9635620 O=C1CC=NN1c1ccc(F)c(Cc2ccccc2NCCBr)c1 1 O=C1CC=NN1c1cccc(Cc2ccccc2)c1 0.9635620 2.8665 1.0000000 1.0000 1.0000000 1.0000 []
 | 12.7067 32.8892 87.4719 0.9403213 OCC1CCCCN1CCNCc1cccc(N2CCCCC=N2)c1 1 C1=NN(c2cccc(CNCCN3CCCCC3)c2)CCCC1 0.9403213 3.2038 1.0000000 1.0000 1.0000000 1.0000 []
 | 8.5521 45.4475 78.3875 0.9674605 O=C1CC=NN1c1ccc(Nc2ccccc2N2CCCNC2)cc1 1 O=C1CC=NN1c1ccc(Nc2ccccc2N2CCCNC2)cc1 0.9674605 2.7902 1.0000000 1.0000 1.0000000 1.0000 []
 | 12.0540 41.4151 84.3307 0.9823888 COc1ccc(N=Nc2ccc(-c3ccnc(N4CCNCC4)c3)cc2)cc1 1 c1ccc(N=Nc2ccc(-c3ccnc(N4CCNCC4)c3)cc2)cc1 0.9823888 2.3803 1.0000000 1.0000 1.0000000 1.0000 []
 | 14.5812 49.6855 71.3762 0.9457952 O=C1CC=NN1c1ccc(N2CCC(=Nc3ncccn3)CC2)cc1 1 O=C1CC=NN1c1ccc(N2CCC(=Nc3ncccn3)CC2)cc1 0.9457952 3.1374 1.0000000 1.0000 1.0000000 1.0000 []
 | 13.6855 46.7909 78.0772 0.9755319 O=C(NCc1ccccc1COc1ccc(N2CCCCC=N2)cc1F)C1CC1 1 O=C(NCc1ccccc1COc1ccc(N2CCCCC=N2)cc1)C1CC1 0.9755319 2.5990 1.0000000 1.0000 1.0000000 1.0000 []
 | 18.1148 56.6686 67.9177 0.9733304 O=C1CCC=NN1c1ccc(-c2cc3c(cnc4ccccc43)cc2O)cc1 1 O=C1CCC=NN1c1ccc(-c2ccc3cnc4ccccc4c3c2)cc1 0.9733304 2.6566 1.0000000 1.0000 1.0000000 1.0000 []
 | 15.4115 39.0218 86.6705 0.9819708 Clc1ccc(N=Nc2cccc(N3CCCC3)c2)c(Br)c1 1 c1ccc(N=Nc2cccc(N3CCCC3)c2)cc1 0.9819708 2.3958 1.0000000 1.0000 1.0000000 1.0000 []
 | 13.1144 38.0518 87.3786 0.9799249 C1=NN(c2ccc(COCC3CCN(Cc4ccccc4)CC3)cc2)CCCC1 1 C1=NN(c2ccc(COCC3CCN(Cc4ccccc4)CC3)cc2)CCCC1 0.9799249 2.4672 1.0000000 1.0000 1.0000000 1.0000 []
 | 10.2062 37.0714 87.3511 0.9720511 O=C(CC1CCC(O)CC1)Nc1cccc(N2CCCCC=N2)c1 1 O=C(CC1CCCCC1)Nc1cccc(N2CCCCC=N2)c1 0.9720511 2.6880 1.0000000 1.0000 1.0000000 1.0000 []
03:31:48 <INFO> Score: 0.87 Agent NLL: 13.26 Valid:  98% Step: 28
 | Agent Prior Target Score SMILES SMILES_state Scaffold SA SA (raw) Alerts Alerts (raw) PS_Scaffold PS_Scaffold (raw) matchting_patterns (Alerts)
 | 16.4597 51.6710 73.1247 0.9749659 c1cc(N=Nc2ccc(N3CCC3)nc2)ccc1CNCC1CCN(CC2CC2)CC1 1 c1cc(N=Nc2ccc(N3CCC3)nc2)ccc1CNCC1CCN(CC2CC2)CC1 0.9749659 2.6143 1.0000000 1.0000 1.0000000 1.0000 []
 | 16.0671 53.4522 68.0662 0.9493627 c1ccc(CN2CCCC(CNc3ccc(N=Nc4ncco4)cc3)C2)cc1 1 c1ccc(CN2CCCC(CNc3ccc(N=Nc4ncco4)cc3)C2)cc1 0.9493627 3.0906 1.0000000 1.0000 1.0000000 1.0000 []
 | 6.5743 39.1189 -39.1189 0.0000000 O=C(NCc1ccc(N2CCCCC=N2)cc1)OCc1ccccc1 1 O=C(NCc1ccc(N2CCCCC=N2)cc1)OCc1ccccc1 0.9834722 2.3382 1.0000000 1.0000 1.0000000 1.0000 []
 | 13.2348 45.4583 80.6652 0.9853394 O=C(NCCOc1ccc(N=Nc2ccc(CCO)cc2)cc1)OCc1ccccc1 1 O=C(NCCOc1ccc(N=Nc2ccccc2)cc1)OCc1ccccc1 0.9853394 2.2588 1.0000000 1.0000 1.0000000 1.0000 []
 | 11.9377 38.4093 83.0681 0.9490426 O=C1CCC=NN1c1ccc(CNC2CCc3c(Cl)cccc32)cc1 1 O=C1CCC=NN1c1ccc(CNC2CCc3ccccc32)cc1 0.9490426 3.0949 1.0000000 1.0000 1.0000000 1.0000 []
 | 14.3818 51.6404 -51.6404 0.0000000 c1cc(N2N=CCC2)ccc1OCCCC1OCCCn1cccc1 0 -- 0.0000000 0.0000 0.0000000 0.0000 0.0000000 0.0000 None
 | 9.1943 36.4002 83.3457 0.9355148 O=C1NCCCC1C(=O)Nc1cccc(N2CCCCC=N2)c1 1 O=C1NCCCC1C(=O)Nc1cccc(N2CCCCC=N2)c1 0.9355148 3.2576 1.0000000 1.0000 1.0000000 1.0000 []
 | 13.4814 48.3778 75.3737 0.9668084 COc1cccc(N=Nc2ccc(NC3CCCNC3)cc2)c1 1 c1ccc(N=Nc2ccc(NC3CCCNC3)cc2)cc1 0.9668084 2.8035 1.0000000 1.0000 1.0000000 1.0000 []
 | 10.8613 43.1377 82.4303 0.9810000 C1=NN(c2ccc(Cc3cccc(CN4CCCCC4)c3)cc2)CCCC1 1 C1=NN(c2ccc(Cc3cccc(CN4CCCCC4)c3)cc2)CCCC1 0.9810000 2.4306 1.0000000 1.0000 1.0000000 1.0000 []
 | 10.6149 43.9166 81.2338 0.9777378 CC(=O)Nc1cccc(N2CCCCC=N2)c1 1 C1=NN(c2ccccc2)CCCC1 0.9777378 2.5360 1.0000000 1.0000 1.0000000 1.0000 []
03:31:49 <INFO> Sampled SMILES c1cc(N=Nc2ncco2)cccc1NC(=O)c1ccccc1 failed to sanitize.
03:31:49 <INFO> Sampled SMILES c1cc(N=Nc2ccccO2)ccc1Nc1cc(Cn2cccn2)ccn1 failed to sanitize.
03:31:51 <INFO> Score: 0.84 Agent NLL: 12.89 Valid:  98% Step: 29
 | Agent Prior Target Score SMILES SMILES_state Scaffold SA SA (raw) Alerts Alerts (raw) PS_Scaffold PS_Scaffold (raw) matchting_patterns (Alerts)
 | 18.5876 56.7541 66.4566 0.9625837 Cc1nccn1CCCNCc1cc(N2N=CCC2=O)ccc1F 1 O=C1CC=NN1c1cccc(CNCCCn2ccnc2)c1 0.9625837 2.8844 1.0000000 1.0000 1.0000000 1.0000 []
 | 17.1143 38.5084 86.5379 0.9769242 O=C(NCCNc1ccc(N2CCC=N2)cc1Br)c1ccc(Cl)cc1 1 O=C(NCCNc1ccc(N2CCC=N2)cc1)c1ccccc1 0.9769242 2.5599 1.0000000 1.0000 1.0000000 1.0000 []
 | 11.1787 42.3207 82.1415 0.9723613 O=C1CCC=NN1c1ccc(F)c(CNCC2CCCCC2)c1 1 O=C1CCC=NN1c1cccc(CNCC2CCCCC2)c1 0.9723613 2.6805 1.0000000 1.0000 1.0000000 1.0000 []
 | 14.3340 39.6152 86.2063 0.9829805 OCc1cccc(N=Nc2ccc(CNCc3ccccc3N3CCCC3)cc2)c1 1 c1ccc(N=Nc2ccc(CNCc3ccccc3N3CCCC3)cc2)cc1 0.9829805 2.3576 1.0000000 1.0000 1.0000000 1.0000 []
 | 18.2669 56.1372 66.1938 0.9557114 Cc1oncc1N=Nc1ccc(-c2cc(C(F)(F)F)cc(N)c2N)cc1 1 c1ccc(-c2ccc(N=Nc3cnoc3)cc2)cc1 0.9557114 2.9989 1.0000000 1.0000 1.0000000 1.0000 []
 | 14.4894 48.1118 74.5154 0.9580247 c1ccc(N2CCCNC2)c(Nc2ccc(N=Nc3ncccc3C3CCOCC3)cc2)c1 1 c1ccc(N2CCCNC2)c(Nc2ccc(N=Nc3ncccc3C3CCOCC3)cc2)c1 0.9580247 2.9624 1.0000000 1.0000 1.0000000 1.0000 []
 | 12.6782 41.1511 84.0034 0.9777693 O=C(CCCN1Cc2ccccc2C1=O)Nc1ccc(N2CCC=N2)cc1 1 O=C(CCCN1Cc2ccccc2C1=O)Nc1ccc(N2CCC=N2)cc1 0.9777693 2.5351 1.0000000 1.0000 1.0000000 1.0000 []
 | 15.6412 57.7249 -57.7249 0.0000000 c1cc(N=Nc2ncco2)cccc1NC(=O)c1ccccc1 0 -- 0.0000000 0.0000 0.0000000 0.0000 0.0000000 0.0000 None
 | 10.0597 42.5660 82.5961 0.9778291 c1cnc(N=Nc2ccc(-c3ccc(N4CCCCCC4)nc3)cc2)nc1 1 c1cnc(N=Nc2ccc(-c3ccc(N4CCCCCC4)nc3)cc2)nc1 0.9778291 2.5333 1.0000000 1.0000 1.0000000 1.0000 []
 | 11.7715 41.7010 83.1611 0.9754848 O=C1CCC=NN1c1ccc(-c2cccc(OC3CCCC3)c2)c(F)c1 1 O=C1CCC=NN1c1ccc(-c2cccc(OC3CCCC3)c2)cc1 0.9754848 2.6003 1.0000000 1.0000 1.0000000 1.0000 []
03:31:54 <INFO> Score: 0.87 Agent NLL: 13.46 Valid: 100% Step: 30
 | Agent Prior Target Score SMILES SMILES_state Scaffold SA SA (raw) Alerts Alerts (raw) PS_Scaffold PS_Scaffold (raw) matchting_patterns (Alerts)
 | 12.4402 35.7966 89.8826 0.9818691 c1cn(Cc2ccc(N=Nc3ccc(OCC4CCCC4)cc3)cc2)cn1 1 c1cn(Cc2ccc(N=Nc3ccc(OCC4CCCC4)cc3)cc2)cn1 0.9818691 2.3995 1.0000000 1.0000 1.0000000 1.0000 []
 | 8.7699 43.2315 82.4956 0.9822430 O=C(Cc1cccc(F)c1)NCc1ccc(N2CCCCC=N2)cc1 1 O=C(Cc1ccccc1)NCc1ccc(N2CCCCC=N2)cc1 0.9822430 2.3857 1.0000000 1.0000 1.0000000 1.0000 []
 | 14.6536 24.6672 88.8666 0.8869828 O=C(c1ccccc1N=Nc1ccc(O)cc1)N1CCC(NC(=O)C23CCN(CC2)CC3)CC1 1 O=C(c1ccccc1N=Nc1ccccc1)N1CCC(NC(=O)C23CCN(CC2)CC3)CC1 0.8869828 3.6578 1.0000000 1.0000 1.0000000 1.0000 []
 | 11.5987 48.1389 -48.1389 0.0000000 O=C(Nc1cccc(N2N=CCCC2=O)c1)c1cccc(O)c1 1 O=C(Nc1cccc(N2N=CCCC2=O)c1)c1ccccc1 0.9824235 2.3790 1.0000000 1.0000 1.0000000 1.0000 []
 | 13.6665 41.2866 83.7967 0.9772136 c1ccc2c(Nc3ccc(N=Nc4ncco4)cc3)cccc2c1 1 c1ccc2c(Nc3ccc(N=Nc4ncco4)cc3)cccc2c1 0.9772136 2.5515 1.0000000 1.0000 1.0000000 1.0000 []
 | 26.9024 74.6116 40.2580 0.8974189 CCC1CCCN1c1ccc(N=Nc2cccc(C#N)c2CN2CCCC2CO)cc1 1 c1ccc(N=Nc2ccc(N3CCCC3)cc2)c(CN2CCCC2)c1 0.8974189 3.5871 1.0000000 1.0000 1.0000000 1.0000 []
 | 11.3470 39.1883 86.3910 0.9810880 Clc1cccc(COCc2ccc(N3CCCCC=N3)cc2)c1 1 C1=NN(c2ccc(COCc3ccccc3)cc2)CCCC1 0.9810880 2.4275 1.0000000 1.0000 1.0000000 1.0000 []
 | 10.6398 43.3125 81.5294 0.9753276 c1cnc(N=Nc2ccc(-c3ccnc(N4CCCC4)c3)cc2)c(C2CC2)c1 1 c1cnc(N=Nc2ccc(-c3ccnc(N4CCCC4)c3)cc2)c(C2CC2)c1 0.9753276 2.6046 1.0000000 1.0000 1.0000000 1.0000 []
 | 13.0691 47.2775 76.4686 0.9667664 Cc1c(Nc2cccc(N3CCCCC=N3)c2)ncnc1N1CCCC1 1 C1=NN(c2cccc(Nc3cc(N4CCCC4)ncn3)c2)CCCC1 0.9667664 2.8044 1.0000000 1.0000 1.0000000 1.0000 []
 | 7.8756 46.1413 79.9916 0.9854130 O=C(CCc1ccccc1)Nc1cccc(N2N=CCC2=O)c1 1 O=C(CCc1ccccc1)Nc1cccc(N2N=CCC2=O)c1 0.9854130 2.2555 1.0000000 1.0000 1.0000000 1.0000 []
03:32:44 <INFO> Score: 0.88 Agent NLL: 13.57 Valid: 100% Step: 31
 | Agent Prior Target Score SMILES SMILES_state Scaffold SA SA (raw) Alerts Alerts (raw) PS_Scaffold PS_Scaffold (raw) matchting_patterns (Alerts)
 | 14.0409 42.9886 82.7309 0.9821841 c1ccc(-n2cc(N=Nc3ccc(-c4ccc(CN5CCCC5)cc4)cc3)cn2)cc1 1 c1ccc(-n2cc(N=Nc3ccc(-c4ccc(CN5CCCC5)cc4)cc3)cn2)cc1 0.9821841 2.3879 1.0000000 1.0000 1.0000000 1.0000 []
 | 11.6721 44.4470 80.7332 0.9779706 O=C(Cc1ccco1)Nc1ccc(N=Nc2cccnc2)cc1F 1 O=C(Cc1ccco1)Nc1ccc(N=Nc2cccnc2)cc1 0.9779706 2.5290 1.0000000 1.0000 1.0000000 1.0000 []
 | 10.9357 36.3238 86.1085 0.9565019 C1=NN(c2ccc(NC3CCCN(Cc4ccccc4)CC3)cn2)CCCC1 1 C1=NN(c2ccc(NC3CCCN(Cc4ccccc4)CC3)cn2)CCCC1 0.9565019 2.9867 1.0000000 1.0000 1.0000000 1.0000 []
 | 26.8914 74.9249 35.8248 0.8652321 Nc1ccc(C2CCCNC2)cc1N=Nc1nnc(N2CCCCC2)c(CCCl)c1N 1 c1cc(N=Nc2ccc(N3CCCCC3)nn2)cc(C2CCCNC2)c1 0.8652321 3.7887 1.0000000 1.0000 1.0000000 1.0000 []
 | 13.7556 36.7304 89.4937 0.9861265 O=C(NCCCNc1ccc(N=Nc2ccc(F)cc2)cc1)OCc1ccccc1 1 O=C(NCCCNc1ccc(N=Nc2ccccc2)cc1)OCc1ccccc1 0.9861265 2.2224 1.0000000 1.0000 1.0000000 1.0000 []
 | 15.7960 49.0046 76.3053 0.9789837 O=C1CCC=NN1c1ccc(Oc2ccccc2NCC2CCCCC2)cc1 1 O=C1CCC=NN1c1ccc(Oc2ccccc2NCC2CCCCC2)cc1 0.9789837 2.4977 1.0000000 1.0000 1.0000000 1.0000 []
 | 13.6196 42.3861 81.7663 0.9699405 Brc1cc(N2CCCCC=N2)ccc1CNC1CCCCCC1 1 C1=NN(c2ccc(CNC3CCCCCC3)cc2)CCCC1 0.9699405 2.7369 1.0000000 1.0000 1.0000000 1.0000 []
 | 14.0745 42.1037 83.1593 0.9786173 OCc1ccc(SCc2ccc(N3CCCCC=N3)cc2)cc1 1 C1=NN(c2ccc(CSc3ccccc3)cc2)CCCC1 0.9786173 2.5092 1.0000000 1.0000 1.0000000 1.0000 []
 | 11.5555 44.5739 81.4603 0.9846418 O=C(CCc1ccc(F)cc1)NCc1ccc(N2CCC=N2)cc1 1 O=C(CCc1ccccc1)NCc1ccc(N2CCC=N2)cc1 0.9846418 2.2896 1.0000000 1.0000 1.0000000 1.0000 []
 | 13.7472 49.1073 76.7981 0.9836358 O=C(Nc1ccc(N=Nc2ncccc2-c2ccco2)cc1)c1ccccc1 1 O=C(Nc1ccc(N=Nc2ncccc2-c2ccco2)cc1)c1ccccc1 0.9836358 2.3316 1.0000000 1.0000 1.0000000 1.0000 []
03:32:44 <INFO> Sampled SMILES c1cc(N=Nc2nccnc2O2CCCCC2)ccc1OCC1CCCCC1 failed to sanitize.
03:32:44 <INFO> Sampled SMILES c1cc(N=Nc2ccc(Cn3ccccc3)c2)ccc1OCCNC(=O)OCc1ccccc1 failed to sanitize.
03:32:45 <INFO> Score: 0.89 Agent NLL: 13.10 Valid:  98% Step: 32
 | Agent Prior Target Score SMILES SMILES_state Scaffold SA SA (raw) Alerts Alerts (raw) PS_Scaffold PS_Scaffold (raw) matchting_patterns (Alerts)
 | 11.6772 40.0089 86.2294 0.9862365 OCCc1ccc(CNc2ccc(N=Nc3ccccc3F)cc2)cc1 1 c1ccc(CNc2ccc(N=Nc3ccccc3)cc2)cc1 0.9862365 2.2171 1.0000000 1.0000 1.0000000 1.0000 []
 | 11.3568 48.8045 77.2521 0.9848177 C1=NN(c2ccc(Cc3cccc(-c4ccccc4)c3)cc2)CCCC1 1 C1=NN(c2ccc(Cc3cccc(-c4ccccc4)c3)cc2)CCCC1 0.9848177 2.2820 1.0000000 1.0000 1.0000000 1.0000 []
 | 9.6289 37.5841 86.9719 0.9730939 Fc1ccccc1N=Nc1ccc(NC2CCCN(Cc3ccccc3)CC2)cc1 1 c1ccc(CN2CCCC(Nc3ccc(N=Nc4ccccc4)cc3)CC2)cc1 0.9730939 2.6625 1.0000000 1.0000 1.0000000 1.0000 []
 | 14.1676 51.1398 -51.1398 0.0000000 c1cc(N=Nc2nccnc2O2CCCCC2)ccc1OCC1CCCCC1 0 -- 0.0000000 0.0000 0.0000000 0.0000 0.0000000 0.0000 None
 | 11.4050 35.5506 87.5028 0.9613542 c1cc(-c2ccc(N=Nc3ncco3)cc2)cc(N2CCNCC2)n1 1 c1cc(-c2ccc(N=Nc3ncco3)cc2)cc(N2CCNCC2)n1 0.9613542 2.9063 1.0000000 1.0000 1.0000000 1.0000 []
 | 10.1022 50.0091 74.9577 0.9763029 O=C(CC1CCCCCC1)Nc1ccc(N2N=CCC2=O)cc1F 1 O=C(CC1CCCCCC1)Nc1ccc(N2N=CCC2=O)cc1 0.9763029 2.5777 1.0000000 1.0000 1.0000000 1.0000 []
 | 16.3033 42.6258 82.3623 0.9764696 Oc1cccc(N=Nc2ccc(F)cc2)c1N1CCC(O)CC1 1 c1ccc(N=Nc2ccccc2N2CCCCC2)cc1 0.9764696 2.5730 1.0000000 1.0000 1.0000000 1.0000 []
 | 12.3470 33.8305 87.5286 0.9481179 C1=NN(c2ccc(CN3CCCCC3CN3CCOCC3)cc2)CCCC1 1 C1=NN(c2ccc(CN3CCCCC3CN3CCOCC3)cc2)CCCC1 0.9481179 3.1072 1.0000000 1.0000 1.0000000 1.0000 []
 | 12.9365 42.6869 82.9282 0.9813681 O=C1CCC=NN1c1ccc(Oc2ccccc2CO)cc1 1 O=C1CCC=NN1c1ccc(Oc2ccccc2)cc1 0.9813681 2.4176 1.0000000 1.0000 1.0000000 1.0000 []
 | 13.1997 46.7979 79.0972 0.9835553 O=C(NCCOc1ccc(N=Nc2ccccc2CO)cc1)C1CCCCC1 1 O=C(NCCOc1ccc(N=Nc2ccccc2)cc1)C1CCCCC1 0.9835553 2.3348 1.0000000 1.0000 1.0000000 1.0000 []
03:32:46 <INFO> Sampled SMILES c1cc(N=Nc2ncco2)ccc1Fc1ccc2c(c1)OCCO2 failed to sanitize.
03:32:47 <INFO> Score: 0.86 Agent NLL: 12.56 Valid:  99% Step: 33
 | Agent Prior Target Score SMILES SMILES_state Scaffold SA SA (raw) Alerts Alerts (raw) PS_Scaffold PS_Scaffold (raw) matchting_patterns (Alerts)
 | 11.2301 37.6605 87.5213 0.9779826 O=C1CCC=NN1c1ccc(CNCc2cccs2)cc1 1 O=C1CCC=NN1c1ccc(CNCc2cccs2)cc1 0.9779826 2.5287 1.0000000 1.0000 1.0000000 1.0000 []
 | 11.4384 49.2828 76.9738 0.9863801 O=C(Nc1ccc(CO)cc1)Nc1ccc(N=Nc2cccnc2)cc1 1 O=C(Nc1ccccc1)Nc1ccc(N=Nc2cccnc2)cc1 0.9863801 2.2102 1.0000000 1.0000 1.0000000 1.0000 []
 | 14.2698 42.8523 78.3390 0.9468076 O=C1Nc2ccccc2CCC1NCc1ccc(N=Nc2ncnc3ccccc23)cc1 1 O=C1Nc2ccccc2CCC1NCc1ccc(N=Nc2ncnc3ccccc23)cc1 0.9468076 3.1244 1.0000000 1.0000 1.0000000 1.0000 []
 | 8.3483 34.5784 90.9448 0.9806499 C1=NN(c2ccc(CNC3CCN(c4ccccc4)CC3)cc2)CCCC1 1 C1=NN(c2ccc(CNC3CCN(c4ccccc4)CC3)cc2)CCCC1 0.9806499 2.4428 1.0000000 1.0000 1.0000000 1.0000 []
 | 14.3730 42.5416 82.7384 0.9787497 c1ccc(N2CCC(NCc3ccc(N=Nc4ccc5cn[nH]c5c4)cc3)CC2)cc1 1 c1ccc(N2CCC(NCc3ccc(N=Nc4ccc5cn[nH]c5c4)cc3)CC2)cc1 0.9787497 2.5050 1.0000000 1.0000 1.0000000 1.0000 []
 | 11.4573 44.9013 80.2580 0.9778072 OCc1cccc(CNCc2ccc(N=Nc3ncccc3C3CC3)cc2)c1 1 c1ccc(CNCc2ccc(N=Nc3ncccc3C3CC3)cc2)cc1 0.9778072 2.5339 1.0000000 1.0000 1.0000000 1.0000 []
 | 9.9185 36.1503 88.3289 0.9724936 FC(F)(F)C1CCN(Cc2ccc(N3CCCCC=N3)cc2)CC1 1 C1=NN(c2ccc(CN3CCCCC3)cc2)CCCC1 0.9724936 2.6773 1.0000000 1.0000 1.0000000 1.0000 []
 | 13.3298 44.2400 79.1633 0.9640888 O=C(NC1CCCN(C(=O)c2ccccc2)C1)c1ccc(N2CCCCC=N2)cc1 1 O=C(NC1CCCN(C(=O)c2ccccc2)C1)c1ccc(N2CCCCC=N2)cc1 0.9640888 2.8567 1.0000000 1.0000 1.0000000 1.0000 []
 | 10.5809 35.8042 88.6027 0.9719287 Fc1cc(N2CCCCC=N2)ccc1CNC1CCCC1 1 C1=NN(c2ccc(CNC3CCCC3)cc2)CCCC1 0.9719287 2.6909 1.0000000 1.0000 1.0000000 1.0000 []
 | 13.5605 37.6409 87.2575 0.9757689 OCc1cccc(N=Nc2ccc(-c3ccc4[nH]ncc4c3F)cc2)c1 1 c1ccc(N=Nc2ccc(-c3ccc4[nH]ncc4c3)cc2)cc1 0.9757689 2.5925 1.0000000 1.0000 1.0000000 1.0000 []
03:32:49 <INFO> Score: 0.88 Agent NLL: 12.77 Valid: 100% Step: 34
 | Agent Prior Target Score SMILES SMILES_state Scaffold SA SA (raw) Alerts Alerts (raw) PS_Scaffold PS_Scaffold (raw) matchting_patterns (Alerts)
 | 15.1824 36.9797 83.3087 0.9397525 Brc1cc(N2CCC=N2)ccc1CN1CCCC(CN2CCCCC2)C1 1 C1=NN(c2ccc(CN3CCCC(CN4CCCCC4)C3)cc2)CC1 0.9397525 3.2104 1.0000000 1.0000 1.0000000 1.0000 []
 | 14.9761 54.5163 67.0648 0.9498526 O=C(NCc1ccc(N2N=CCC2=O)cc1Cl)C1CCc2ccccc2C1 1 O=C(NCc1ccc(N2N=CCC2=O)cc1)C1CCc2ccccc2C1 0.9498526 3.0839 1.0000000 1.0000 1.0000000 1.0000 []
 | 11.4747 37.8116 87.8644 0.9818438 Brc1cccc(Oc2ccc(N3CCC=N3)cc2)c1 1 C1=NN(c2ccc(Oc3ccccc3)cc2)CC1 0.9818438 2.4005 1.0000000 1.0000 1.0000000 1.0000 []
 | 11.5453 42.6803 82.7251 0.9797297 C1=NN(c2ccc(CNCc3cccc(-c4cccnc4)c3)cc2)CCCC1 1 C1=NN(c2ccc(CNCc3cccc(-c4cccnc4)c3)cc2)CCCC1 0.9797297 2.4736 1.0000000 1.0000 1.0000000 1.0000 []
 | 22.1782 56.9366 66.9523 0.9678822 COc1cccnc1N=Nc1ccc(CN2CCC(SCCCO)CC2)cc1 1 c1ccc(N=Nc2ccc(CN3CCCCC3)cc2)nc1 0.9678822 2.7814 1.0000000 1.0000 1.0000000 1.0000 []
 | 12.6748 39.6682 86.1737 0.9831402 Fc1cccc(-c2ccc(N=Nc3cncnc3)cc2)c1 1 c1ccc(-c2ccc(N=Nc3cncnc3)cc2)cc1 0.9831402 2.3514 1.0000000 1.0000 1.0000000 1.0000 []
 | 12.8892 40.5823 84.0539 0.9737197 c1cc(N=Nc2ccc(CNC3CCN(CC4CCCC4)CC3)cc2)cs1 1 c1cc(N=Nc2ccc(CNC3CCN(CC4CCCC4)CC3)cc2)cs1 0.9737197 2.6468 1.0000000 1.0000 1.0000000 1.0000 []
 | 9.7344 26.7103 99.0237 0.9822966 O=C(c1ccccc1N=Nc1ccc(O)cc1)N1CCC(C(=O)N2CCCCC2)CC1 1 O=C(c1ccccc1N=Nc1ccccc1)N1CCC(C(=O)N2CCCCC2)CC1 0.9822966 2.3837 1.0000000 1.0000 1.0000000 1.0000 []
 | 8.5476 37.0202 -37.0202 0.0000000 O=C(Nc1cccc(N2CCCCC=N2)c1)c1ccccn1 1 O=C(Nc1cccc(N2CCCCC=N2)c1)c1ccccn1 0.9798197 2.4707 1.0000000 1.0000 1.0000000 1.0000 []
 | 8.6911 45.9622 79.9864 0.9839730 O=C(Cc1ccc(F)cc1)Nc1cccc(N2N=CCCC2=O)c1 1 O=C(Cc1ccccc1)Nc1cccc(N2N=CCCC2=O)c1 0.9839730 2.3178 1.0000000 1.0000 1.0000000 1.0000 []
03:32:50 <INFO> Sampled SMILES c1cc(N2N=CCC2)cccc1C(=O)Nc1nc2ccccc2s1 failed to sanitize.
03:32:50 <INFO> Sampled SMILES Cc1cc(NC(=O)c2cccc3c2NC(=O)CO3)cccc1NC(=O)c1ccnc(OC)c1 failed to sanitize.
03:32:52 <INFO> Score: 0.88 Agent NLL: 13.27 Valid:  98% Step: 35
 | Agent Prior Target Score SMILES SMILES_state Scaffold SA SA (raw) Alerts Alerts (raw) PS_Scaffold PS_Scaffold (raw) matchting_patterns (Alerts)
 | 13.9969 53.6861 71.6370 0.9790868 O=C(Nc1ccc(N2N=CCC2=O)cc1)c1cc(C(F)(F)F)ccc1F 1 O=C(Nc1ccc(N2N=CCC2=O)cc1)c1ccccc1 0.9790868 2.4944 1.0000000 1.0000 1.0000000 1.0000 []
 | 10.8666 41.2865 84.8177 0.9851885 c1ccc(-c2cccc(-c3ccc(N=Nc4ncccn4)cc3)c2)cc1 1 c1ccc(-c2cccc(-c3ccc(N=Nc4ncccn4)cc3)c2)cc1 0.9851885 2.2656 1.0000000 1.0000 1.0000000 1.0000 []
 | 12.1616 37.1554 87.5668 0.9743927 c1cnc(N=Nc2ccc(N3CCNCC3)cc2)c(C2CC2)c1 1 c1cnc(N=Nc2ccc(N3CCNCC3)cc2)c(C2CC2)c1 0.9743927 2.6294 1.0000000 1.0000 1.0000000 1.0000 []
 | 16.6309 40.8647 82.6664 0.9650870 O=C(Cc1ccc(Cl)cn1)Nc1ccc(N2COCC=N2)cc1 1 O=C(Cc1ccccn1)Nc1ccc(N2COCC=N2)cc1 0.9650870 2.8376 1.0000000 1.0000 1.0000000 1.0000 []
 | 22.0094 52.9127 -52.9127 0.0000000 c1cc(N2N=CCC2)cccc1C(=O)Nc1nc2ccccc2s1 0 -- 0.0000000 0.0000 0.0000000 0.0000 0.0000000 0.0000 None
 | 12.6312 44.8993 79.4320 0.9713383 O=C(NCCNCc1cc(N2N=CCC2=O)ccc1F)C1CCC1 1 O=C(NCCNCc1cccc(N2N=CCC2=O)c1)C1CCC1 0.9713383 2.7049 1.0000000 1.0000 1.0000000 1.0000 []
 | 15.0221 34.4241 91.2540 0.9818602 c1ncn(Cc2ccc(N=Nc3ccc(OCCN4CCCCC4)cc3)cc2)n1 1 c1ncn(Cc2ccc(N=Nc3ccc(OCCN4CCCCC4)cc3)cc2)n1 0.9818602 2.3999 1.0000000 1.0000 1.0000000 1.0000 []
 | 16.9434 47.8602 75.7711 0.9658700 Clc1ccc(N=Nc2ccc(N=Nc3ccncc3)cc2)cn1 1 c1cncc(N=Nc2ccc(N=Nc3ccncc3)cc2)c1 0.9658700 2.8223 1.0000000 1.0000 1.0000000 1.0000 []
 | 9.0142 35.1413 91.2339 0.9873056 O=C1CCC=NN1c1ccc(OCc2ccccc2)cc1 1 O=C1CCC=NN1c1ccc(OCc2ccccc2)cc1 0.9873056 2.1637 1.0000000 1.0000 1.0000000 1.0000 []
 | 10.6424 43.6341 82.5101 0.9855021 COc1cccc(COc2ccc(N3CCC=N3)cc2)c1 1 C1=NN(c2ccc(OCc3ccccc3)cc2)CC1 0.9855021 2.2515 1.0000000 1.0000 1.0000000 1.0000 []
03:32:55 <INFO> Score: 0.90 Agent NLL: 13.12 Valid: 100% Step: 36
 | Agent Prior Target Score SMILES SMILES_state Scaffold SA SA (raw) Alerts Alerts (raw) PS_Scaffold PS_Scaffold (raw) matchting_patterns (Alerts)
 | 9.4003 42.1194 83.0216 0.9776645 c1cnc(N=Nc2ccc(CNC3CCC3)cc2)c(C2CC2)c1 1 c1cnc(N=Nc2ccc(CNC3CCC3)cc2)c(C2CC2)c1 0.9776645 2.5382 1.0000000 1.0000 1.0000000 1.0000 []
 | 10.1465 34.8590 90.8938 0.9824436 C1=NN(c2ccc(CNc3cccc(CN4CCCC4)c3)cc2)CC1 1 C1=NN(c2ccc(CNc3cccc(CN4CCCC4)c3)cc2)CC1 0.9824436 2.3782 1.0000000 1.0000 1.0000000 1.0000 []
 | 8.8294 39.7640 85.5899 0.9793274 O=C1CCC=NN1c1ccc(CN2CCCN(CCO)CC2)cc1 1 O=C1CCC=NN1c1ccc(CN2CCCNCC2)cc1 0.9793274 2.4867 1.0000000 1.0000 1.0000000 1.0000 []
 | 14.5933 44.2015 80.4702 0.9739973 O=C1CC=NN1c1ccc(CN2CCN(c3ccncc3)CC2)c(F)c1 1 O=C1CC=NN1c1ccc(CN2CCN(c3ccncc3)CC2)cc1 0.9739973 2.6397 1.0000000 1.0000 1.0000000 1.0000 []
 | 12.6835 41.1329 84.4512 0.9811262 O=C1CCC=NN1c1cccc(Cc2ccc(N3CCCCC3)cc2)c1 1 O=C1CCC=NN1c1cccc(Cc2ccc(N3CCCCC3)cc2)c1 0.9811262 2.4262 1.0000000 1.0000 1.0000000 1.0000 []
 | 14.8542 37.9805 86.2229 0.9703391 O=C(CC1CCN(C(=O)c2ccccc2N=Nc2ccncc2)CC1)N1CCC(CCO)CC1 1 O=C(CC1CCN(C(=O)c2ccccc2N=Nc2ccncc2)CC1)N1CCCCC1 0.9703391 2.7279 1.0000000 1.0000 1.0000000 1.0000 []
 | 11.4931 43.6888 79.8840 0.9654121 O=C1CC=NN1c1ccc(CNCC2CCOCC2)c(F)c1 1 O=C1CC=NN1c1ccc(CNCC2CCOCC2)cc1 0.9654121 2.8313 1.0000000 1.0000 1.0000000 1.0000 []
 | 11.4175 38.9029 85.0766 0.9685893 Clc1ccc(N=Nc2ccc(NC3CCCNC3)cc2)cc1 1 c1ccc(N=Nc2ccc(NC3CCCNC3)cc2)cc1 0.9685893 2.7664 1.0000000 1.0000 1.0000000 1.0000 []
 | 11.4521 45.0061 80.5083 0.9805814 O=C(CCCN1CCCC1)Nc1cccc(N2N=CCCC2=O)c1 1 O=C(CCCN1CCCC1)Nc1cccc(N2N=CCCC2=O)c1 0.9805814 2.4451 1.0000000 1.0000 1.0000000 1.0000 []
 | 15.2875 41.3183 84.1935 0.9805606 c1ccc(-c2ccc(COc3ccc(N=Nc4ccco4)cc3)cn2)cc1 1 c1ccc(-c2ccc(COc3ccc(N=Nc4ccco4)cc3)cn2)cc1 0.9805606 2.4458 1.0000000 1.0000 1.0000000 1.0000 []
03:32:56 <INFO> Sampled SMILES c1cc(N=Nc2ncnc3[nH][nH]cc23)ccc1-c1cc(CN2CCCCC2)ccn1 failed to sanitize.
03:33:44 <INFO> Score: 0.82 Agent NLL: 13.46 Valid:  99% Step: 37
 | Agent Prior Target Score SMILES SMILES_state Scaffold SA SA (raw) Alerts Alerts (raw) PS_Scaffold PS_Scaffold (raw) matchting_patterns (Alerts)
 | 13.3923 40.8042 85.1570 0.9840719 OCCc1ccc(N=Nc2ccc(Cn3cccn3)cc2)cc1 1 c1ccc(N=Nc2ccc(Cn3cccn3)cc2)cc1 0.9840719 2.3137 1.0000000 1.0000 1.0000000 1.0000 []
 | 12.3143 35.2314 90.7636 0.9843360 OCCNCc1ccc(N=Nc2cccc(CO)c2)cc1 1 c1ccc(N=Nc2ccccc2)cc1 0.9843360 2.3026 1.0000000 1.0000 1.0000000 1.0000 []
 | 10.2027 32.0789 93.4038 0.9803338 C1=NN(c2ccc(CNCCCN3CCCCC3)cc2)CC1 1 C1=NN(c2ccc(CNCCCN3CCCCC3)cc2)CC1 0.9803338 2.4535 1.0000000 1.0000 1.0000000 1.0000 []
 | 11.1868 44.8022 78.6374 0.9643720 O=C1CCC=NN1c1ccc(C(=O)N2CCCC2Cc2ccccc2)cc1 1 O=C1CCC=NN1c1ccc(C(=O)N2CCCC2Cc2ccccc2)cc1 0.9643720 2.8513 1.0000000 1.0000 1.0000000 1.0000 []
 | 10.6210 38.8709 86.8902 0.9825084 C1=NN(c2ccc(Oc3ccc(C4CCCCC4)cc3)cc2)CC1 1 C1=NN(c2ccc(Oc3ccc(C4CCCCC4)cc3)cc2)CC1 0.9825084 2.3757 1.0000000 1.0000 1.0000000 1.0000 []
 | 10.1097 34.8931 87.0329 0.9525471 C1=NN(c2ccc(CN3CCCCCC3c3ccccn3)cc2)CC1 1 C1=NN(c2ccc(CN3CCCCCC3c3ccccn3)cc2)CC1 0.9525471 3.0461 1.0000000 1.0000 1.0000000 1.0000 []
 | 9.0899 48.8036 77.3935 0.9859148 O=C(Cc1ccccc1)NCc1ccc(N2N=CCCC2=O)cc1 1 O=C(Cc1ccccc1)NCc1ccc(N2N=CCCC2=O)cc1 0.9859148 2.2324 1.0000000 1.0000 1.0000000 1.0000 []
 | 18.1743 47.3664 76.9261 0.9710348 FC(F)(F)c1cccc(COc2ccc(N3N=CCCN3)cc2)c1 1 C1=NN(c2ccc(OCc3ccccc3)cc2)NCC1 0.9710348 2.7120 1.0000000 1.0000 1.0000000 1.0000 []
 | 13.5906 50.9700 74.7551 0.9822280 c1ccc(Nc2ccc(N=Nc3ccccc3CN3CCCCC3)cn2)cc1 1 c1ccc(Nc2ccc(N=Nc3ccccc3CN3CCCCC3)cn2)cc1 0.9822280 2.3863 1.0000000 1.0000 1.0000000 1.0000 []
 | 10.1531 39.5737 85.6630 0.9784117 c1cc(N=Nc2ccc3c(c2)OCCC3)ccc1CNCC1CCCC1 1 c1cc(N=Nc2ccc3c(c2)OCCC3)ccc1CNCC1CCCC1 0.9784117 2.5155 1.0000000 1.0000 1.0000000 1.0000 []
03:33:44 <INFO> Sampled SMILES Fc1c(N=Nc2ccnc(Br)c2)ccc1-c1cccc(CCO)c1 failed to sanitize.
03:33:46 <INFO> Score: 0.83 Agent NLL: 12.83 Valid:  98% Step: 38
 | Agent Prior Target Score SMILES SMILES_state Scaffold SA SA (raw) Alerts Alerts (raw) PS_Scaffold PS_Scaffold (raw) matchting_patterns (Alerts)
 | 11.7308 40.9728 84.4500 0.9798650 C1=NN(c2ccc(Cc3cccnc3)cc2)CC1 1 C1=NN(c2ccc(Cc3cccnc3)cc2)CC1 0.9798650 2.4692 1.0000000 1.0000 1.0000000 1.0000 []
 | 6.1444 40.8427 -40.8427 0.0000000 O=C(Nc1ccccc1)c1ccc(N2CCCCC=N2)cc1 1 O=C(Nc1ccccc1)c1ccc(N2CCCCC=N2)cc1 0.9871481 2.1719 1.0000000 1.0000 1.0000000 1.0000 []
 | 8.2195 45.2623 -45.2623 0.0000000 O=C(Nc1cccc(N2N=CCCC2=O)c1)c1ccc(F)cc1 1 O=C(Nc1cccc(N2N=CCCC2=O)c1)c1ccccc1 0.9854571 2.2535 1.0000000 1.0000 1.0000000 1.0000 []
 | 8.7093 36.8040 88.5518 0.9793426 O=C1CCC=NN1c1ccc(CNCC2CCCCC2)cc1 1 O=C1CCC=NN1c1ccc(CNCC2CCCCC2)cc1 0.9793426 2.4862 1.0000000 1.0000 1.0000000 1.0000 []
 | 10.8210 34.5112 89.8219 0.9713520 Clc1ccccc1C1(CNCc2ccc(N3CCC=N3)cc2)CCC1 1 C1=NN(c2ccc(CNCC3(c4ccccc4)CCC3)cc2)CC1 0.9713520 2.7046 1.0000000 1.0000 1.0000000 1.0000 []
 | 18.5695 44.7739 74.2547 0.9299107 O=C(C1CC1)N1CCC(Nc2ccc(N=Nc3cncs3)cc2)C1 1 O=C(C1CC1)N1CCC(Nc2ccc(N=Nc3cncs3)cc2)C1 0.9299107 3.3158 1.0000000 1.0000 1.0000000 1.0000 []
 | 11.3761 52.0930 74.5493 0.9893931 c1ccc(Nc2ccc(N=Nc3ccc(C4CC4)cc3)cc2)cc1 1 c1ccc(Nc2ccc(N=Nc3ccc(C4CC4)cc3)cc2)cc1 0.9893931 2.0453 1.0000000 1.0000 1.0000000 1.0000 []
 | 27.0728 68.3873 -68.3873 0.0000000 ccc(N=Nc2ncccc2C)c1NCCCOC(C)C 0 -- 0.0000000 0.0000 0.0000000 0.0000 0.0000000 0.0000 None
 | 16.6794 57.2289 68.6044 0.9830725 O=C(NCc1ccc(N2N=CCC2=O)cc1)Nc1cccc(F)c1 1 O=C(NCc1ccc(N2N=CCC2=O)cc1)Nc1ccccc1 0.9830725 2.3540 1.0000000 1.0000 1.0000000 1.0000 []
 | 18.7578 47.4776 75.6192 0.9616942 Oc1ccnc(O)c1-c1ccc(N=Nc2ccn(-c3ccccc3)c2)cc1 1 c1ccc(-n2ccc(N=Nc3ccc(-c4cccnc4)cc3)c2)cc1 0.9616942 2.9003 1.0000000 1.0000 1.0000000 1.0000 []
03:33:47 <INFO> Score: 0.89 Agent NLL: 12.01 Valid: 100% Step: 39
 | Agent Prior Target Score SMILES SMILES_state Scaffold SA SA (raw) Alerts Alerts (raw) PS_Scaffold PS_Scaffold (raw) matchting_patterns (Alerts)
 | 9.7145 36.9033 86.4184 0.9634510 O=C1CCC(Nc2ccc(N=Nc3ccc(F)cc3)cc2)CN1 1 O=C1CCC(Nc2ccc(N=Nc3ccccc3)cc2)CN1 0.9634510 2.8686 1.0000000 1.0000 1.0000000 1.0000 []
 | 11.0300 40.5563 83.6850 0.9706356 O=C1CCC=NN1c1ccc(COC2CCCC2)c(F)c1 1 O=C1CCC=NN1c1ccc(COC2CCCC2)cc1 0.9706356 2.7211 1.0000000 1.0000 1.0000000 1.0000 []
 | 10.6642 40.3261 83.9487 0.9708970 Brc1ccccc1N=Nc1ccc(NC2CCCN(Cc3ccccc3)CC2)cc1 1 c1ccc(CN2CCCC(Nc3ccc(N=Nc4ccccc4)cc3)CC2)cc1 0.9708970 2.7151 1.0000000 1.0000 1.0000000 1.0000 []
 | 11.7834 29.4084 94.6216 0.9689851 O=C(c1ccccc1N=Nc1cccc(O)c1)N1CC(F)(C(=O)Nc2ccc3ccccc3c2)C1 1 O=C(Nc1ccc2ccccc2c1)C1CN(C(=O)c2ccccc2N=Nc2ccccc2)C1 0.9689851 2.7579 1.0000000 1.0000 1.0000000 1.0000 []
 | 12.8901 40.2403 84.3124 0.9730681 C1=NN(c2ccc(COCc3ccccc3Cn3cccn3)cc2)CCCC1 1 C1=NN(c2ccc(COCc3ccccc3Cn3cccn3)cc2)CCCC1 0.9730681 2.6632 1.0000000 1.0000 1.0000000 1.0000 []
 | 12.3527 27.4956 87.0030 0.8945205 O=C(c1ccccc1N=Nc1cccc(O)c1)N1CCC(NC(=O)C2(C3CC3)CC2)C(O)C1 1 O=C(c1ccccc1N=Nc1ccccc1)N1CCC(NC(=O)C2(C3CC3)CC2)CC1 0.8945205 3.6074 1.0000000 1.0000 1.0000000 1.0000 []
 | 10.4619 33.8336 92.2711 0.9851933 c1ccc(N=Nc2ccc(CNC3CCN(C4CC4)CC3)cc2)cc1 1 c1ccc(N=Nc2ccc(CNC3CCN(C4CC4)CC3)cc2)cc1 0.9851933 2.2654 1.0000000 1.0000 1.0000000 1.0000 []
 | 8.9413 48.9060 77.4984 0.9875346 COc1ccccc1N=Nc1ccc(-c2cccc(N3CCCC3)c2)cc1 1 c1ccc(N=Nc2ccc(-c3cccc(N4CCCC4)c3)cc2)cc1 0.9875346 2.1517 1.0000000 1.0000 1.0000000 1.0000 []
 | 8.1177 34.8490 90.7923 0.9815727 C1=NN(c2ccc(CNC3CCN(Cc4ccccc4)CC3)cc2)CCCC1 1 C1=NN(c2ccc(CNC3CCN(Cc4ccccc4)CC3)cc2)CCCC1 0.9815727 2.4103 1.0000000 1.0000 1.0000000 1.0000 []
 | 10.8221 41.6636 83.6439 0.9789647 C1=NN(c2ccc(CNCc3ccc(-c4ccco4)cc3)cc2)CCCC1 1 C1=NN(c2ccc(CNCc3ccc(-c4ccco4)cc3)cc2)CCCC1 0.9789647 2.4983 1.0000000 1.0000 1.0000000 1.0000 []
03:33:48 <INFO> Sampled SMILES c1(N=Nc2cncc(Cl)c2)cccc1-c1ccccc1 failed to sanitize.
03:33:49 <INFO> Score: 0.90 Agent NLL: 12.32 Valid:  99% Step: 40
 | Agent Prior Target Score SMILES SMILES_state Scaffold SA SA (raw) Alerts Alerts (raw) PS_Scaffold PS_Scaffold (raw) matchting_patterns (Alerts)
 | 10.9553 41.6849 78.9192 0.9422193 O=C1CC(C(=O)NCc2ccc(N3CCC=N3)cc2)CCN1 1 O=C1CC(C(=O)NCc2ccc(N3CCC=N3)cc2)CCN1 0.9422193 3.1814 1.0000000 1.0000 1.0000000 1.0000 []
 | 11.3611 34.7163 86.1795 0.9444985 C1=NN(c2cccc(CNC3CCCN(C4CCCCC4)C3)c2)CCCC1 1 C1=NN(c2cccc(CNC3CCCN(C4CCCCC4)C3)c2)CCCC1 0.9444985 3.1537 1.0000000 1.0000 1.0000000 1.0000 []
 | 7.7302 49.8935 -49.8935 0.0000000 COc1ccccc1N=Nc1ccc(OCCNC(=O)OCc2ccccc2)cc1 1 O=C(NCCOc1ccc(N=Nc2ccccc2)cc1)OCc1ccccc1 0.9869215 2.1834 1.0000000 1.0000 1.0000000 1.0000 []
 | 9.9522 49.1892 75.9897 0.9779598 O=C(NCCOc1ccc(N=Nc2ncccc2C2CC2)cc1)C1CCCCC1 1 O=C(NCCOc1ccc(N=Nc2ncccc2C2CC2)cc1)C1CCCCC1 0.9779598 2.5293 1.0000000 1.0000 1.0000000 1.0000 []
 | 10.8594 38.3768 87.0236 0.9796909 c1coc(-c2ccc(N=Nc3ncnc4ccccc34)cc2)c1 1 c1coc(-c2ccc(N=Nc3ncnc4ccccc34)cc2)c1 0.9796909 2.4749 1.0000000 1.0000 1.0000000 1.0000 []
 | 11.6047 45.5801 77.7996 0.9639042 COc1cccnc1N=Nc1ccc(CN2CCCC2c2ccccc2)cc1 1 c1ccc(C2CCCN2Cc2ccc(N=Nc3ccccn3)cc2)cc1 0.9639042 2.8601 1.0000000 1.0000 1.0000000 1.0000 []
 | 11.9086 37.5808 88.6042 0.9858199 c1cncc(N=Nc2ccc(N3CCC3)cc2)c1 1 c1cncc(N=Nc2ccc(N3CCC3)cc2)c1 0.9858199 2.2368 1.0000000 1.0000 1.0000000 1.0000 []
 | 12.5766 39.9478 84.1387 0.9694257 c1ccc(-c2cc[nH]n2)c(-c2ccc(N=Nc3ccc4c(c3)OCO4)cc2)c1 1 c1ccc(-c2cc[nH]n2)c(-c2ccc(N=Nc3ccc4c(c3)OCO4)cc2)c1 0.9694257 2.7483 1.0000000 1.0000 1.0000000 1.0000 []
 | 10.8110 41.0749 84.3478 0.9798645 O=C(CCc1ccccn1)Nc1cccc(N2CCC=N2)c1 1 O=C(CCc1ccccn1)Nc1cccc(N2CCC=N2)c1 0.9798645 2.4692 1.0000000 1.0000 1.0000000 1.0000 []
 | 25.1339 39.4687 79.9163 0.9326951 Cc1cc(N=Nc2ccc(F)cc2F)ccc1CNCC1CCCN(C(=O)C(F)F)C1 1 c1ccc(N=Nc2ccc(CNCC3CCCNC3)cc2)cc1 0.9326951 3.2875 1.0000000 1.0000 1.0000000 1.0000 []
03:33:51 <INFO> Score: 0.86 Agent NLL: 12.98 Valid: 100% Step: 41
 | Agent Prior Target Score SMILES SMILES_state Scaffold SA SA (raw) Alerts Alerts (raw) PS_Scaffold PS_Scaffold (raw) matchting_patterns (Alerts)
 | 7.8546 37.2768 88.6973 0.9841725 OCc1ccccc1N=Nc1ccc(CNC2CCCCC2)cc1 1 c1ccc(N=Nc2ccc(CNC3CCCCC3)cc2)cc1 0.9841725 2.3095 1.0000000 1.0000 1.0000000 1.0000 []
 | 11.0375 44.4008 81.5054 0.9836425 O=C(Nc1ccc(N=Nc2ccccc2F)cc1)C1CCNCC1 1 O=C(Nc1ccc(N=Nc2ccccc2)cc1)C1CCNCC1 0.9836425 2.3313 1.0000000 1.0000 1.0000000 1.0000 []
 | 8.9629 37.6844 -37.6844 0.0000000 O=C1CCC=NN1c1cccc(CNCc2ccc(Cl)cc2)c1 1 O=C1CCC=NN1c1cccc(CNCc2ccccc2)c1 0.9826081 2.3720 1.0000000 1.0000 1.0000000 1.0000 []
 | 16.2927 42.8858 83.4265 0.9868154 Oc1ccc(-c2ccc(N=Nc3ccccn3)cc2)cc1 1 c1ccc(-c2ccc(N=Nc3ccccn3)cc2)cc1 0.9868154 2.1887 1.0000000 1.0000 1.0000000 1.0000 []
 | 11.0370 38.7863 86.7670 0.9808852 O=C1CCC=NN1c1cccc(CNc2ccc(N3CCCCC3)cc2)c1 1 O=C1CCC=NN1c1cccc(CNc2ccc(N3CCCCC3)cc2)c1 0.9808852 2.4346 1.0000000 1.0000 1.0000000 1.0000 []
 | 15.2873 43.6220 81.6512 0.9786967 O=C1CCC=NN1c1ccc(OCc2cc(-c3ccccc3)cs2)cc1 1 O=C1CCC=NN1c1ccc(OCc2cc(-c3ccccc3)cs2)cc1 0.9786967 2.5067 1.0000000 1.0000 1.0000000 1.0000 []
 | 7.3632 36.3190 -36.3190 0.0000000 O=C(Nc1cccc(N2CCCCC=N2)c1)c1ccccc1 1 O=C(Nc1cccc(N2CCCCC=N2)c1)c1ccccc1 0.9855996 2.2470 1.0000000 1.0000 1.0000000 1.0000 []
 | 13.8917 43.2608 80.9303 0.9702434 c1cnc(N=Nc2ccc(-c3ccccc3C3OCCCO3)cc2)nc1 1 c1cnc(N=Nc2ccc(-c3ccccc3C3OCCCO3)cc2)nc1 0.9702434 2.7301 1.0000000 1.0000 1.0000000 1.0000 []
 | 16.3715 41.8964 83.4023 0.9788962 FCc1ccc(N=Nc2ccc(OCc3ccoc3)cc2)cc1 1 c1ccc(N=Nc2ccc(OCc3ccoc3)cc2)cc1 0.9788962 2.5004 1.0000000 1.0000 1.0000000 1.0000 []
 | 10.2985 35.5108 90.4739 0.9842553 C1=NN(c2ccc(COCc3ccccc3)cc2)CCCC1 1 C1=NN(c2ccc(COCc3ccccc3)cc2)CCCC1 0.9842553 2.3060 1.0000000 1.0000 1.0000000 1.0000 []
03:33:53 <INFO> Score: 0.84 Agent NLL: 12.50 Valid: 100% Step: 42
 | Agent Prior Target Score SMILES SMILES_state Scaffold SA SA (raw) Alerts Alerts (raw) PS_Scaffold PS_Scaffold (raw) matchting_patterns (Alerts)
 | 16.5695 56.0592 64.2059 0.9395717 O=C(NCCOCc1ccc(N=Nc2ccc3nsnc3c2)cc1)C1CCCCO1 1 O=C(NCCOCc1ccc(N=Nc2ccc3nsnc3c2)cc1)C1CCCCO1 0.9395717 3.2125 1.0000000 1.0000 1.0000000 1.0000 []
 | 18.4963 45.6933 79.2562 0.9761677 c1cncc(N2CCN(Cc3ccc(N=Nc4ncccc4N4CCCC4)cc3)CC2)c1 1 c1cncc(N2CCN(Cc3ccc(N=Nc4ncccc4N4CCCC4)cc3)CC2)c1 0.9761677 2.5815 1.0000000 1.0000 1.0000000 1.0000 []
 | 12.1132 38.7423 86.9307 0.9818201 O=C1CCC=NN1c1ccc(-c2cccc(C(F)(F)F)c2)cc1 1 O=C1CCC=NN1c1ccc(-c2ccccc2)cc1 0.9818201 2.4013 1.0000000 1.0000 1.0000000 1.0000 []
 | 11.1739 39.2849 85.3274 0.9735336 c1cnc(N=Nc2ccc(CNCc3ccccc3Cn3cccn3)cc2)nc1 1 c1cnc(N=Nc2ccc(CNCc3ccccc3Cn3cccn3)cc2)nc1 0.9735336 2.6515 1.0000000 1.0000 1.0000000 1.0000 []
 | 12.5637 46.4860 75.7980 0.9553436 OCc1ccccc1N=Nc1ccc(CNCC2CCCN2)cc1 1 c1ccc(N=Nc2ccc(CNCC3CCCN3)cc2)cc1 0.9553436 3.0046 1.0000000 1.0000 1.0000000 1.0000 []
 | 8.0054 37.3993 -37.3993 0.0000000 O=C(Cc1ccccc1)Nc1cccc(N2CCCCC=N2)c1 1 O=C(Cc1ccccc1)Nc1cccc(N2CCCCC=N2)c1 0.9844878 2.2962 1.0000000 1.0000 1.0000000 1.0000 []
 | 9.6419 42.6443 83.4008 0.9847272 O=C(NCc1ccc(N=Nc2ccc3c(c2)OCO3)cc1)C1CC1 1 O=C(NCc1ccc(N=Nc2ccc3c(c2)OCO3)cc1)C1CC1 0.9847272 2.2859 1.0000000 1.0000 1.0000000 1.0000 []
 | 14.6344 26.7850 85.1610 0.8745781 O=C(c1ccccc1N=Nc1ccc(O)cc1)N1CC2C(C1)C2C(=O)N1CCCC1c1ccccc1F 1 O=C(c1ccccc1N=Nc1ccccc1)N1CC2C(C1)C2C(=O)N1CCCC1c1ccccc1 0.8745781 3.7349 1.0000000 1.0000 1.0000000 1.0000 []
 | 11.3719 47.0720 79.2108 0.9865847 COc1cccc(N=Nc2ccc(COC3CCC3)cc2)c1 1 c1ccc(N=Nc2ccc(COC3CCC3)cc2)cc1 0.9865847 2.2002 1.0000000 1.0000 1.0000000 1.0000 []
 | 10.7653 49.0676 74.4731 0.9651617 O=C(NCc1ccc(N=Nc2cccc(O)c2)cc1)C1CCCCO1 1 O=C(NCc1ccc(N=Nc2ccccc2)cc1)C1CCCCO1 0.9651617 2.8362 1.0000000 1.0000 1.0000000 1.0000 []
03:33:55 <INFO> Score: 0.84 Agent NLL: 12.98 Valid:  98% Step: 43
 | Agent Prior Target Score SMILES SMILES_state Scaffold SA SA (raw) Alerts Alerts (raw) PS_Scaffold PS_Scaffold (raw) matchting_patterns (Alerts)
 | 11.7309 35.8230 89.8143 0.9815413 c1ccc(N=Nc2ccc(NC3CSC3)cc2)cc1 1 c1ccc(N=Nc2ccc(NC3CSC3)cc2)cc1 0.9815413 2.4114 1.0000000 1.0000 1.0000000 1.0000 []
 | 14.4266 36.7707 87.6946 0.9723849 c1cc(OCC2CCOCC2)ccc1N=Nc1ccc2nsnc2c1 1 c1cc(OCC2CCOCC2)ccc1N=Nc1ccc2nsnc2c1 0.9723849 2.6800 1.0000000 1.0000 1.0000000 1.0000 []
 | 14.4995 41.7340 81.8084 0.9651751 c1ccc(Cn2cccn2)c(CNc2ccc(N=Nc3cnco3)cc2)c1 1 c1ccc(Cn2cccn2)c(CNc2ccc(N=Nc3cnco3)cc2)c1 0.9651751 2.8359 1.0000000 1.0000 1.0000000 1.0000 []
 | 13.5617 47.0770 76.2088 0.9631706 N#CCC1CN(C(=O)c2ccc(N3CCC=N3)cc2)C1 1 O=C(c1ccc(N2CCC=N2)cc1)N1CCC1 0.9631706 2.8737 1.0000000 1.0000 1.0000000 1.0000 []
 | 10.3185 47.0753 78.7612 0.9830983 COc1ccccc1N=Nc1ccc(-c2ccn[nH]2)cc1 1 c1ccc(N=Nc2ccc(-c3ccn[nH]3)cc2)cc1 0.9830983 2.3530 1.0000000 1.0000 1.0000000 1.0000 []
 | 16.9499 40.0210 85.7636 0.9826921 c1cc(N=Nc2cccc(N3CCOCC3)c2)cc(N2CCCC2)c1 1 c1cc(N=Nc2cccc(N3CCOCC3)c2)cc(N2CCCC2)c1 0.9826921 2.3687 1.0000000 1.0000 1.0000000 1.0000 []
 | 9.7310 45.5440 80.5384 0.9850191 O=C(Cc1ccco1)Nc1ccc(N=Nc2ccccc2Cl)cc1 1 O=C(Cc1ccco1)Nc1ccc(N=Nc2ccccc2)cc1 0.9850191 2.2731 1.0000000 1.0000 1.0000000 1.0000 []
 | 11.4825 49.6959 75.6551 0.9793045 COc1cccnc1N=Nc1ccc(-c2cccc(CF)c2)cc1 1 c1ccc(-c2ccc(N=Nc3ccccn3)cc2)cc1 0.9793045 2.4874 1.0000000 1.0000 1.0000000 1.0000 []
 | 12.8535 39.6345 80.0162 0.9347711 O=C1CCC(CNCc2ccc(N=Nc3ncccn3)cc2)N1 1 O=C1CCC(CNCc2ccc(N=Nc3ncccn3)cc2)N1 0.9347711 3.2656 1.0000000 1.0000 1.0000000 1.0000 []
 | 9.1254 38.5547 -38.5547 0.0000000 Clc1cccc(Oc2ccc(N3CCC=N3)cc2)c1 1 C1=NN(c2ccc(Oc3ccccc3)cc2)CC1 0.9833910 2.3414 1.0000000 1.0000 1.0000000 1.0000 []
03:33:57 <INFO> Score: 0.93 Agent NLL: 12.57 Valid: 100% Step: 44
 | Agent Prior Target Score SMILES SMILES_state Scaffold SA SA (raw) Alerts Alerts (raw) PS_Scaffold PS_Scaffold (raw) matchting_patterns (Alerts)
 | 16.4741 54.7752 70.3040 0.9771807 O=C(Nc1ccccc1)c1ccc(N=Nc2ncccc2-c2nc3ncccc3o2)cc1 1 O=C(Nc1ccccc1)c1ccc(N=Nc2ncccc2-c2nc3ncccc3o2)cc1 0.9771807 2.5525 1.0000000 1.0000 1.0000000 1.0000 []
 | 12.7005 22.6954 103.2149 0.9836737 O=C(c1ccc(N=Nc2ccc(O)cc2)cc1)N1CCC(N2CCCC2)CC1 1 O=C(c1ccc(N=Nc2ccccc2)cc1)N1CCC(N2CCCC2)CC1 0.9836737 2.3301 1.0000000 1.0000 1.0000000 1.0000 []
 | 9.6181 43.8785 82.0603 0.9838966 O=C(NCc1ccc(N=Nc2ccc3c(c2)OCO3)cc1)C1CCCCC1 1 O=C(NCc1ccc(N=Nc2ccc3c(c2)OCO3)cc1)C1CCCCC1 0.9838966 2.3210 1.0000000 1.0000 1.0000000 1.0000 []
 | 9.9844 24.8212 100.8531 0.9818307 O=C(c1ccccc1N=Nc1ccc(O)cc1)N1CCC(N2CCCC2)CC1 1 O=C(c1ccccc1N=Nc1ccccc1)N1CCC(N2CCCC2)CC1 0.9818307 2.4010 1.0000000 1.0000 1.0000000 1.0000 []
 | 12.2992 35.1927 90.0878 0.9787543 O=C(c1ccccc1N=Nc1ccncc1)N1CCCN(CCCN2CCCC2)CC1 1 O=C(c1ccccc1N=Nc1ccncc1)N1CCCN(CCCN2CCCC2)CC1 0.9787543 2.5049 1.0000000 1.0000 1.0000000 1.0000 []
 | 8.2226 47.5261 78.5783 0.9851909 O=C(Nc1ccccc1)c1ccc(N=Nc2ncccc2C2CC2)cc1 1 O=C(Nc1ccccc1)c1ccc(N=Nc2ncccc2C2CC2)cc1 0.9851909 2.2655 1.0000000 1.0000 1.0000000 1.0000 []
 | 9.3715 50.0505 76.1047 0.9855873 COc1ccccc1N=Nc1ccc(-c2ccc(CN3CCC3)cn2)cc1 1 c1ccc(N=Nc2ccc(-c3ccc(CN4CCC4)cn3)cc2)cc1 0.9855873 2.2476 1.0000000 1.0000 1.0000000 1.0000 []
 | 13.6337 54.1098 70.9964 0.9773920 O=C(NCC1CCN(C(=O)C2CC2)CC1)c1ccc(N2N=CCC2=O)cc1 1 O=C(NCC1CCN(C(=O)C2CC2)CC1)c1ccc(N2N=CCC2=O)cc1 0.9773920 2.5463 1.0000000 1.0000 1.0000000 1.0000 []
 | 16.2600 42.6635 82.8351 0.9804574 NCCNc1ncccc1-c1ccc(N=Nc2ccccc2Cl)cc1 1 c1ccc(N=Nc2ccc(-c3cccnc3)cc2)cc1 0.9804574 2.4493 1.0000000 1.0000 1.0000000 1.0000 []
 | 9.5048 35.4582 90.7173 0.9857462 c1cncc(N=Nc2ccc(-c3cccc(N4CCCC4)c3)cc2)c1 1 c1cncc(N=Nc2ccc(-c3cccc(N4CCCC4)c3)cc2)c1 0.9857462 2.2402 1.0000000 1.0000 1.0000000 1.0000 []
03:33:58 <INFO> Sampled SMILES c1cc(N=Nc2ccc3c(c2)OCCl3)ccc1CCNC(=O)C1CCCC1 failed to sanitize.
03:33:59 <INFO> Score: 0.80 Agent NLL: 12.02 Valid:  99% Step: 45
 | Agent Prior Target Score SMILES SMILES_state Scaffold SA SA (raw) Alerts Alerts (raw) PS_Scaffold PS_Scaffold (raw) matchting_patterns (Alerts)
 | 15.0191 32.4412 93.6129 0.9847975 Cc1ccc(NC(=O)c2ccccc2N=Nc2ccc(O)cc2)c(C)c1C 1 O=C(Nc1ccccc1)c1ccccc1N=Nc1ccccc1 0.9847975 2.2829 1.0000000 1.0000 1.0000000 1.0000 []
 | 7.2365 40.8427 -40.8427 0.0000000 O=C(Nc1ccccc1)c1ccc(N2CCCCC=N2)cc1 1 O=C(Nc1ccccc1)c1ccc(N2CCCCC=N2)cc1 0.9871481 2.1719 1.0000000 1.0000 1.0000000 1.0000 []
 | 10.0987 43.0263 82.9085 0.9838662 O=C1CC=NN1c1ccc(COCCCc2ccccc2)cc1 1 O=C1CC=NN1c1ccc(COCCCc2ccccc2)cc1 0.9838662 2.3222 1.0000000 1.0000 1.0000000 1.0000 []
 | 9.3847 33.0688 91.8521 0.9759450 C1=NN(c2ccc(CNC3CCN(CC4CCCC4)CC3)cc2)CC1 1 C1=NN(c2ccc(CNC3CCN(CC4CCCC4)CC3)cc2)CC1 0.9759450 2.5877 1.0000000 1.0000 1.0000000 1.0000 []
 | 18.5285 59.7657 64.8626 0.9736586 COc1ccc(CNCc2cc(N3N=CCC3=O)ccc2O)c(OC)c1 1 O=C1CC=NN1c1cccc(CNCc2ccccc2)c1 0.9736586 2.6483 1.0000000 1.0000 1.0000000 1.0000 []
 | 14.9766 48.2599 78.2253 0.9881659 O=C(Nc1ccccc1)c1ccc(N=Nc2ccnc(-c3ccccc3)c2)cc1 1 O=C(Nc1ccccc1)c1ccc(N=Nc2ccnc(-c3ccccc3)c2)cc1 0.9881659 2.1175 1.0000000 1.0000 1.0000000 1.0000 []
 | 15.9582 47.4807 75.7994 0.9631258 O=C(NCc1ccc(N=Nc2cncs2)cc1)c1ccnc(C(F)(F)F)c1 1 O=C(NCc1ccc(N=Nc2cncs2)cc1)c1ccncc1 0.9631258 2.8746 1.0000000 1.0000 1.0000000 1.0000 []
 | 10.7980 35.8678 90.1068 0.9841765 c1cc(N=Nc2ccc3c(c2)OCO3)ccc1CCN1CCCCC1 1 c1cc(N=Nc2ccc3c(c2)OCO3)ccc1CCN1CCCCC1 0.9841765 2.3093 1.0000000 1.0000 1.0000000 1.0000 []
 | 9.8793 45.6548 80.5112 0.9856716 O=C(NCCc1ccc(F)cc1)c1ccc(N2CCC=N2)cc1 1 O=C(NCCc1ccccc1)c1ccc(N2CCC=N2)cc1 0.9856716 2.2437 1.0000000 1.0000 1.0000000 1.0000 []
 | 11.1051 38.8368 86.3470 0.9779983 Oc1ccc(N=Nc2ccc(C(F)(F)F)cn2)cc1 1 c1ccc(N=Nc2ccccn2)cc1 0.9779983 2.5282 1.0000000 1.0000 1.0000000 1.0000 []
03:34:00 <INFO> Sampled SMILES c1cc(N=Nc2ccccc2OC)ccc1NC1ncccc1F failed to sanitize.
03:34:50 <INFO> Score: 0.82 Agent NLL: 12.83 Valid:  99% Step: 46
 | Agent Prior Target Score SMILES SMILES_state Scaffold SA SA (raw) Alerts Alerts (raw) PS_Scaffold PS_Scaffold (raw) matchting_patterns (Alerts)
 | 12.0656 34.6924 90.8617 0.9808912 Fc1ccccc1CCNCc1ccc(N2CCCCC=N2)cc1 1 C1=NN(c2ccc(CNCCc3ccccc3)cc2)CCCC1 0.9808912 2.4344 1.0000000 1.0000 1.0000000 1.0000 []
 | 9.5714 33.7742 92.8276 0.9890759 c1ccc(N=Nc2ccc(-c3ccc(CN4CCOCC4)cc3)cc2)cc1 1 c1ccc(N=Nc2ccc(-c3ccc(CN4CCOCC4)cc3)cc2)cc1 0.9890759 2.0647 1.0000000 1.0000 1.0000000 1.0000 []
 | 15.5687 24.1885 94.2365 0.9251955 O=C1SCCC1NC(=O)C1(F)CCN(C(=O)c2ccc(N=Nc3ccccc3)cc2)CC1 1 O=C(NC1CCSC1=O)C1CCN(C(=O)c2ccc(N=Nc3ccccc3)cc2)CC1 0.9251955 3.3615 1.0000000 1.0000 1.0000000 1.0000 []
 | 10.2119 37.7982 88.5397 0.9870148 Clc1ccccc1N=Nc1ccc(NCc2ccc(C3CC3)cc2)cc1 1 c1ccc(N=Nc2ccc(NCc3ccc(C4CC4)cc3)cc2)cc1 0.9870148 2.1787 1.0000000 1.0000 1.0000000 1.0000 []
 | 9.4960 47.2554 76.4326 0.9663125 COc1ccccc1N=Nc1ccc(NC2CCCN(Cc3cccnc3)C2)cc1 1 c1ccc(N=Nc2ccc(NC3CCCN(Cc4cccnc4)C3)cc2)cc1 0.9663125 2.8135 1.0000000 1.0000 1.0000000 1.0000 []
 | 17.0902 50.4269 73.6281 0.9691800 OCc1ccc(N=Nc2ccc(-c3ccc(Cl)nc3)cc2)o1 1 c1cncc(-c2ccc(N=Nc3ccco3)cc2)c1 0.9691800 2.7536 1.0000000 1.0000 1.0000000 1.0000 []
 | 8.0551 46.4976 80.1812 0.9896781 O=C(Nc1ccc(N=Nc2ccncc2)cc1)c1ccccc1 1 O=C(Nc1ccc(N=Nc2ccncc2)cc1)c1ccccc1 0.9896781 2.0274 1.0000000 1.0000 1.0000000 1.0000 []
 | 13.9849 49.4516 76.0575 0.9805405 Cn1nccc1N=Nc1ccc(-c2ccccc2Cc2ccccc2)cc1 1 c1ccc(Cc2ccccc2-c2ccc(N=Nc3ccn[nH]3)cc2)cc1 0.9805405 2.4465 1.0000000 1.0000 1.0000000 1.0000 []
 | 10.4071 44.2338 82.0445 0.9865490 O=C(Nc1ccc(N=Nc2cccnc2)cc1)C1CCCCC1 1 O=C(Nc1ccc(N=Nc2cccnc2)cc1)C1CCCCC1 0.9865490 2.2020 1.0000000 1.0000 1.0000000 1.0000 []
 | 16.8247 30.4477 95.8176 0.9864473 CNC(=O)c1ccc(N=Nc2cccc3ccccc23)cc1C 1 c1ccc(N=Nc2cccc3ccccc23)cc1 0.9864473 2.2069 1.0000000 1.0000 1.0000000 1.0000 []
03:34:51 <INFO> Sampled SMILES c1cc(N=Nc2ncccc2O)ccc1CN1CCn2c(cccc2O)C1 failed to sanitize.
03:34:51 <INFO> Sampled SMILES c1c(N=Nc2ccnn2C)ccc1-c1ccnc(N2CCOCC2)c1 failed to sanitize.
03:34:52 <INFO> Score: 0.83 Agent NLL: 11.88 Valid:  98% Step: 47
 | Agent Prior Target Score SMILES SMILES_state Scaffold SA SA (raw) Alerts Alerts (raw) PS_Scaffold PS_Scaffold (raw) matchting_patterns (Alerts)
 | 8.0686 34.8271 89.4560 0.9709617 c1ccc(N=Nc2ccc(NC3CCCNC3)cc2)cc1 1 c1ccc(N=Nc2ccc(NC3CCCNC3)cc2)cc1 0.9709617 2.7137 1.0000000 1.0000 1.0000000 1.0000 []
 | 8.6171 46.6648 79.2602 0.9837891 COc1cccnc1N=Nc1ccc(-c2ccc(CN3CCCC3)cc2)cc1 1 c1ccc(N=Nc2ccc(-c3ccc(CN4CCCC4)cc3)cc2)nc1 0.9837891 2.3254 1.0000000 1.0000 1.0000000 1.0000 []
 | 10.6477 38.4046 -38.4046 0.0000000 O=C(Nc1cccc(N2CCCCC=N2)c1)c1cccc(F)c1 1 O=C(Nc1cccc(N2CCCCC=N2)c1)c1ccccc1 0.9828511 2.3626 1.0000000 1.0000 1.0000000 1.0000 []
 | 8.8346 36.5011 -36.5011 0.0000000 C1=NN(c2ccc(OCCCN3CCCCCC3)cc2)CC1 1 C1=NN(c2ccc(OCCCN3CCCCCC3)cc2)CC1 0.9822904 2.3840 1.0000000 1.0000 1.0000000 1.0000 []
 | 14.1200 46.2371 77.9856 0.9704893 O=C(NCc1ccc(N=Nc2ccccc2F)cc1)C1CCCN1Cc1ccccc1 1 O=C(NCc1ccc(N=Nc2ccccc2)cc1)C1CCCN1Cc1ccccc1 0.9704893 2.7245 1.0000000 1.0000 1.0000000 1.0000 []
 | 13.0511 47.3301 75.8966 0.9627084 c1cnc(N=Nc2ccc(CNC3CC3)cc2)c(-c2ncon2)c1 1 c1cnc(N=Nc2ccc(CNC3CC3)cc2)c(-c2ncon2)c1 0.9627084 2.8822 1.0000000 1.0000 1.0000000 1.0000 []
 | 11.1301 35.4907 90.5697 0.9848471 OCc1cccc(N=Nc2ccc(CNC3CCCCCC3)cc2)c1 1 c1ccc(N=Nc2ccc(CNC3CCCCCC3)cc2)cc1 0.9848471 2.2807 1.0000000 1.0000 1.0000000 1.0000 []
 | 9.8259 42.8531 81.8570 0.9742979 O=C1CCC=NN1c1ccc(F)c(CNC2CCCCCC2)c1 1 O=C1CCC=NN1c1cccc(CNC2CCCCCC2)c1 0.9742979 2.6319 1.0000000 1.0000 1.0000000 1.0000 []
 | 6.4294 46.1883 -46.1883 0.0000000 O=C(Nc1ccccc1)c1ccc(N2CCC=N2)cc1 1 O=C(Nc1ccccc1)c1ccc(N2CCC=N2)cc1 0.9882488 2.1128 1.0000000 1.0000 1.0000000 1.0000 []
 | 8.6766 40.7563 84.1343 0.9757082 OCc1cccc(N=Nc2ccc(CNCC3CC3)cc2)n1 1 c1ccc(N=Nc2ccc(CNCC3CC3)cc2)nc1 0.9757082 2.5942 1.0000000 1.0000 1.0000000 1.0000 []
03:34:53 <INFO> Score: 0.86 Agent NLL: 12.03 Valid: 100% Step: 48
 | Agent Prior Target Score SMILES SMILES_state Scaffold SA SA (raw) Alerts Alerts (raw) PS_Scaffold PS_Scaffold (raw) matchting_patterns (Alerts)
 | 11.4802 43.0661 81.5265 0.9733794 c1cnc(N=Nc2ccc(NCc3ccnc(N4CCCC4)c3)cc2)c(C2CC2)c1 1 c1cnc(N=Nc2ccc(NCc3ccnc(N4CCCC4)c3)cc2)c(C2CC2)c1 0.9733794 2.6554 1.0000000 1.0000 1.0000000 1.0000 []
 | 17.0474 45.4604 78.2082 0.9661608 c1ncc(N=Nc2ccc(NCC3CCN(C4CCCCC4)CC3)cc2)[nH]1 1 c1ncc(N=Nc2ccc(NCC3CCN(C4CCCCC4)CC3)cc2)[nH]1 0.9661608 2.8166 1.0000000 1.0000 1.0000000 1.0000 []
 | 10.3829 36.1118 89.1168 0.9783488 c1cncc(N=Nc2ccc(NCC3CCN(C4CCCC4)CC3)cc2)c1 1 c1cncc(N=Nc2ccc(NCC3CCN(C4CCCC4)CC3)cc2)c1 0.9783488 2.5175 1.0000000 1.0000 1.0000000 1.0000 []
 | 11.9268 51.1727 74.8582 0.9846169 COc1ccc(N=Nc2ccc(NCc3cc(CO)ccc3O)cc2)cc1 1 c1ccc(CNc2ccc(N=Nc3ccccc3)cc2)cc1 0.9846169 2.2907 1.0000000 1.0000 1.0000000 1.0000 []
 | 12.5309 51.5521 73.9228 0.9802729 O=C(NCc1ccc(N=Nc2ccn(C3CC3)n2)cc1)c1ccccc1 1 O=C(NCc1ccc(N=Nc2ccn(C3CC3)n2)cc1)c1ccccc1 0.9802729 2.4556 1.0000000 1.0000 1.0000000 1.0000 []
 | 18.1090 51.4125 72.7017 0.9696426 COc1ccc(N=Nc2ccc(NCc3nc(C4CCCCC4)no3)cc2)nc1 1 c1ccc(N=Nc2ccc(NCc3nc(C4CCCCC4)no3)cc2)nc1 0.9696426 2.7435 1.0000000 1.0000 1.0000000 1.0000 []
 | 9.5880 34.5859 91.5330 0.9853039 C1=NN(c2ccc(COCc3ccccc3)cc2)CC1 1 C1=NN(c2ccc(COCc3ccccc3)cc2)CC1 0.9853039 2.2604 1.0000000 1.0000 1.0000000 1.0000 []
 | 13.2369 46.1713 79.1721 0.9792457 O=C1COc2cc(-c3cccc(N=Nc4ccccc4F)c3)ccc21 1 O=C1COc2cc(-c3cccc(N=Nc4ccccc4)c3)ccc21 0.9792457 2.4893 1.0000000 1.0000 1.0000000 1.0000 []
 | 8.3529 40.6154 85.5332 0.9855354 O=C(Cc1ccccc1)NCCNc1ccc(N=Nc2cccnc2)cc1 1 O=C(Cc1ccccc1)NCCNc1ccc(N=Nc2cccnc2)cc1 0.9855354 2.2499 1.0000000 1.0000 1.0000000 1.0000 []
 | 12.3898 49.0913 73.6323 0.9587778 COc1cccc(N=Nc2ccc(NC3CNC(=O)C3)cc2)c1 1 O=C1CC(Nc2ccc(N=Nc3ccccc3)cc2)CN1 0.9587778 2.9501 1.0000000 1.0000 1.0000000 1.0000 []
03:34:56 <INFO> Score: 0.84 Agent NLL: 12.73 Valid: 100% Step: 49
 | Agent Prior Target Score SMILES SMILES_state Scaffold SA SA (raw) Alerts Alerts (raw) PS_Scaffold PS_Scaffold (raw) matchting_patterns (Alerts)
 | 11.2085 50.2358 75.4534 0.9819476 COc1ccccc1N=Nc1ccc(Nc2ncccc2C2CC2)cc1 1 c1ccc(N=Nc2ccc(Nc3ncccc3C3CC3)cc2)cc1 0.9819476 2.3967 1.0000000 1.0000 1.0000000 1.0000 []
 | 8.3863 45.5661 80.4047 0.9841471 COc1ccccc1N=Nc1ccc(NC2CCOCC2)cc1 1 c1ccc(N=Nc2ccc(NC3CCOCC3)cc2)cc1 0.9841471 2.3106 1.0000000 1.0000 1.0000000 1.0000 []
 | 18.0173 39.2363 71.3978 0.8643293 O=C(c1ccc(N=Nc2ccccc2CO)cc1)N1CC2CCCC2(C(=O)N2CCC(CF)CC2)C1 1 O=C(c1ccc(N=Nc2ccccc2)cc1)N1CC2CCCC2(C(=O)N2CCCCC2)C1 0.8643293 3.7937 1.0000000 1.0000 1.0000000 1.0000 []
 | 14.2211 47.9389 77.3381 0.9787265 OCc1cccc(CNCc2ccc(N=Nc3ccc4nc[nH]c4c3)cc2)c1 1 c1ccc(CNCc2ccc(N=Nc3ccc4nc[nH]c4c3)cc2)cc1 0.9787265 2.5058 1.0000000 1.0000 1.0000000 1.0000 []
 | 27.7133 49.7163 71.5812 0.9476367 OC1CCN(CCC(F)(F)c2ccccc2N=Nc2ccccc2)C1 1 c1ccc(N=Nc2ccccc2CCCN2CCCC2)cc1 0.9476367 3.1136 1.0000000 1.0000 1.0000000 1.0000 []
 | 21.4466 47.7683 76.2772 0.9691051 Fc1ccc(C2CCC2)cc1N=Nc1ccccc1Cn1cccc1 1 c1cc(N=Nc2ccccc2Cn2cccc2)cc(C2CCC2)c1 0.9691051 2.7553 1.0000000 1.0000 1.0000000 1.0000 []
 | 9.0326 41.5073 -41.5073 0.0000000 c1cc(N=Nc2ccc(NCC3CCCNC3)cc2)ccn1 1 c1cc(N=Nc2ccc(NCC3CCCNC3)cc2)ccn1 0.9554325 3.0032 1.0000000 1.0000 1.0000000 1.0000 []
 | 13.0480 55.6719 70.0887 0.9825048 COc1ccccc1N=Nc1ccc(Nc2nccc(N3CCC3)n2)cc1 1 c1ccc(N=Nc2ccc(Nc3nccc(N4CCC4)n3)cc2)cc1 0.9825048 2.3759 1.0000000 1.0000 1.0000000 1.0000 []
 | 12.5285 27.3575 90.5786 0.9213754 O=C(c1ccccc1N=Nc1cccc(O)c1)N1CCC(F)(C(=O)N2CCC(CO)CC2)C1 1 O=C(c1ccccc1N=Nc1ccccc1)N1CCC(C(=O)N2CCCCC2)C1 0.9213754 3.3967 1.0000000 1.0000 1.0000000 1.0000 []
 | 10.1736 33.0213 -33.0213 0.0000000 Fc1ccc(-c2ccc(N=Nc3ccccc3)cc2)cc1 1 c1ccc(N=Nc2ccc(-c3ccccc3)cc2)cc1 0.9921536 1.8471 1.0000000 1.0000 1.0000000 1.0000 []
03:34:58 <INFO> Score: 0.84 Agent NLL: 12.56 Valid: 100% Step: 50
 | Agent Prior Target Score SMILES SMILES_state Scaffold SA SA (raw) Alerts Alerts (raw) PS_Scaffold PS_Scaffold (raw) matchting_patterns (Alerts)
 | 11.9351 46.0232 79.7292 0.9824404 O=C(NCCCCOc1ccc(N2N=CCC2=O)cc1)OCc1ccccc1 1 O=C(NCCCCOc1ccc(N2N=CCC2=O)cc1)OCc1ccccc1 0.9824404 2.3783 1.0000000 1.0000 1.0000000 1.0000 []
 | 9.8026 46.6306 78.1635 0.9749537 COc1cccnc1N=Nc1ccc(CNCc2ccccc2-n2cccn2)cc1 1 c1ccc(N=Nc2ccc(CNCc3ccccc3-n3cccn3)cc2)nc1 0.9749537 2.6146 1.0000000 1.0000 1.0000000 1.0000 []
 | 12.1373 43.3589 -43.3589 0.0000000 O=C(Cc1c(F)cccc1F)Nc1ccc(N2CCC=N2)cc1 1 O=C(Cc1ccccc1)Nc1ccc(N2CCC=N2)cc1 0.9805478 2.4462 1.0000000 1.0000 1.0000000 1.0000 []
 | 13.7746 42.8822 -42.8822 0.0000000 N#CCC(=O)Nc1ccc(N=Nc2ccc(C(F)(F)F)cc2)cc1 1 c1ccc(N=Nc2ccccc2)cc1 0.9824680 2.3773 1.0000000 1.0000 1.0000000 1.0000 []
 | 8.8274 37.9683 87.5183 0.9803643 c1coc(Cc2ccc(N=Nc3ccc4c(c3)OCCO4)cc2)c1 1 c1coc(Cc2ccc(N=Nc3ccc4c(c3)OCCO4)cc2)c1 0.9803643 2.4525 1.0000000 1.0000 1.0000000 1.0000 []
 | 10.4630 40.3722 85.3012 0.9818233 OCc1cccc(N=Nc2ccc(-c3cccc(Cl)c3)cc2)n1 1 c1ccc(-c2ccc(N=Nc3ccccn3)cc2)cc1 0.9818233 2.4012 1.0000000 1.0000 1.0000000 1.0000 []
 | 22.0910 50.1793 74.3407 0.9728127 O=C(NC1CC1)c1ccc(N=Nc2ncccc2SCCN2CCOCC2)cc1 1 O=C(NC1CC1)c1ccc(N=Nc2ncccc2SCCN2CCOCC2)cc1 0.9728127 2.6695 1.0000000 1.0000 1.0000000 1.0000 []
 | 9.7932 43.4102 82.9600 0.9872669 COc1ccc(N=Nc2ccc(NCCCN3CCCCC3)cc2)cc1 1 c1ccc(N=Nc2ccc(NCCCN3CCCCC3)cc2)cc1 0.9872669 2.1657 1.0000000 1.0000 1.0000000 1.0000 []
 | 11.0897 48.7147 76.9828 0.9820116 c1ccc(-c2cccnc2N=Nc2ccc(CNCCN3CCCCC3)cc2)cc1 1 c1ccc(-c2cccnc2N=Nc2ccc(CNCCN3CCCCC3)cc2)cc1 0.9820116 2.3943 1.0000000 1.0000 1.0000000 1.0000 []
 | 16.5844 47.9562 77.2582 0.9782376 COc1cc(N=Nc2ccc(-c3ccnc(-c4ccccc4)c3)cc2)ncn1 1 c1ccc(-c2cc(-c3ccc(N=Nc4ccncn4)cc3)ccn2)cc1 0.9782376 2.5209 1.0000000 1.0000 1.0000000 1.0000 []
03:35:01 <INFO> Score: 0.92 Agent NLL: 12.47 Valid: 100% Step: 51
 | Agent Prior Target Score SMILES SMILES_state Scaffold SA SA (raw) Alerts Alerts (raw) PS_Scaffold PS_Scaffold (raw) matchting_patterns (Alerts)
 | 10.9053 46.6211 79.2118 0.9830692 COc1ccccc1N=Nc1ccc(-c2ccnc(N3CCOCC3)c2)cc1 1 c1ccc(N=Nc2ccc(-c3ccnc(N4CCOCC4)c3)cc2)cc1 0.9830692 2.3541 1.0000000 1.0000 1.0000000 1.0000 []
 | 7.7096 40.6154 -40.6154 0.0000000 O=C(Cc1ccccc1)NCCNc1ccc(N=Nc2cccnc2)cc1 1 O=C(Cc1ccccc1)NCCNc1ccc(N=Nc2cccnc2)cc1 0.9855354 2.2499 1.0000000 1.0000 1.0000000 1.0000 []
 | 12.2946 27.8648 92.9771 0.9440773 O=C(c1ccccc1N=Nc1cccc(O)c1)N1CCCC(c2ccn[nH]2)C1 1 O=C(c1ccccc1N=Nc1ccccc1)N1CCCC(c2ccn[nH]2)C1 0.9440773 3.1589 1.0000000 1.0000 1.0000000 1.0000 []
 | 11.4764 38.7803 86.8561 0.9815342 c1cc2c(c(Nc3ccc(N=Nc4ccncc4)cc3)c1)CCC2 1 c1cc2c(c(Nc3ccc(N=Nc4ccncc4)cc3)c1)CCC2 0.9815342 2.4117 1.0000000 1.0000 1.0000000 1.0000 []
 | 13.0563 37.3501 88.4335 0.9826850 Brc1ccccc1N=Nc1ccc(NCCC2CC2)cc1 1 c1ccc(N=Nc2ccc(NCCC3CC3)cc2)cc1 0.9826850 2.3690 1.0000000 1.0000 1.0000000 1.0000 []
 | 14.6898 44.9651 79.5906 0.9730915 O=C(CCn1cccc1)Nc1ccc(N=Nc2cccs2)cc1 1 O=C(CCn1cccc1)Nc1ccc(N=Nc2cccs2)cc1 0.9730915 2.6626 1.0000000 1.0000 1.0000000 1.0000 []
 | 9.7796 38.3156 86.8373 0.9777570 c1cc(CN2CCCC2)cc(-c2ccc(N=Nc3ncc[nH]3)cc2)c1 1 c1cc(CN2CCCC2)cc(-c2ccc(N=Nc3ncc[nH]3)cc2)c1 0.9777570 2.5354 1.0000000 1.0000 1.0000000 1.0000 []
 | 7.9147 41.5263 83.0010 0.9728701 c1ccc(N2CCCNC2)c(-c2ccc(N=Nc3ccc4c(c3)OCO4)cc2)c1 1 c1ccc(N2CCCNC2)c(-c2ccc(N=Nc3ccc4c(c3)OCO4)cc2)c1 0.9728701 2.6681 1.0000000 1.0000 1.0000000 1.0000 []
 | 8.2304 35.6685 90.9178 0.9889556 O=C(NCCNc1ccc(N=Nc2ccccc2)cc1)Nc1ccccc1 1 O=C(NCCNc1ccc(N=Nc2ccccc2)cc1)Nc1ccccc1 0.9889556 2.0720 1.0000000 1.0000 1.0000000 1.0000 []
 | 18.6109 38.1902 86.6964 0.9756767 c1ccc(N=Nc2ccc(SCn3cccc3)cc2)cc1 1 c1ccc(N=Nc2ccc(SCn3cccc3)cc2)cc1 0.9756767 2.5951 1.0000000 1.0000 1.0000000 1.0000 []
03:35:04 <INFO> Score: 0.94 Agent NLL: 12.25 Valid:  99% Step: 52
 | Agent Prior Target Score SMILES SMILES_state Scaffold SA SA (raw) Alerts Alerts (raw) PS_Scaffold PS_Scaffold (raw) matchting_patterns (Alerts)
 | 11.3969 39.9344 86.1176 0.9847813 Oc1ccc(N=Nc2ccc(NCc3ccc4c(c3)OCO4)cc2)cc1 1 c1ccc(N=Nc2ccc(NCc3ccc4c(c3)OCO4)cc2)cc1 0.9847813 2.2836 1.0000000 1.0000 1.0000000 1.0000 []
 | 10.9004 41.6115 84.7659 0.9873236 Fc1cccc(N=Nc2ccc(-c3cccc(N4CCC4)c3)cc2)c1 1 c1ccc(N=Nc2ccc(-c3cccc(N4CCC4)c3)cc2)cc1 0.9873236 2.1628 1.0000000 1.0000 1.0000000 1.0000 []
 | 12.5435 33.4888 92.1324 0.9814150 Cc1c(N=Nc2cccc(F)c2)cccc1C(=O)NCCN1CCOCC1 1 O=C(NCCN1CCOCC1)c1cccc(N=Nc2ccccc2)c1 0.9814150 2.4160 1.0000000 1.0000 1.0000000 1.0000 []
 | 11.7824 47.0865 79.4893 0.9888737 O=C(NCCc1cccc(F)c1)Nc1ccc(N=Nc2ccccc2)cc1 1 O=C(NCCc1ccccc1)Nc1ccc(N=Nc2ccccc2)cc1 0.9888737 2.0768 1.0000000 1.0000 1.0000000 1.0000 []
 | 9.7146 42.0182 84.2743 0.9866603 O=C(Nc1ccc(N=Nc2ccccc2)cc1)C1CC(O)C1 1 O=C(Nc1ccc(N=Nc2ccccc2)cc1)C1CCC1 0.9866603 2.1965 1.0000000 1.0000 1.0000000 1.0000 []
 | 11.8350 46.2972 78.3191 0.9735644 OCc1cccc(N=Nc2ccc(-c3ccc(-c4ccc[nH]4)cc3)cc2)n1 1 c1ccc(N=Nc2ccc(-c3ccc(-c4ccc[nH]4)cc3)cc2)nc1 0.9735644 2.6507 1.0000000 1.0000 1.0000000 1.0000 []
 | 7.4847 46.4417 80.0943 0.9885625 O=C(NCc1ccc(N=Nc2ccccc2CO)cc1)c1ccccc1 1 O=C(NCc1ccc(N=Nc2ccccc2)cc1)c1ccccc1 0.9885625 2.0950 1.0000000 1.0000 1.0000000 1.0000 []
 | 18.0688 46.5844 78.6673 0.9785287 Cc1ccc(N=Nc2ccc3c(c2)OCO3)cc1N1CCC(C)CC1 1 c1cc(N=Nc2ccc3c(c2)OCO3)cc(N2CCCCC2)c1 0.9785287 2.5119 1.0000000 1.0000 1.0000000 1.0000 []
 | 11.6896 48.3146 77.1682 0.9803344 COc1ccccc1N=Nc1ccc(-c2ccccc2C2OCCO2)cc1 1 c1ccc(N=Nc2ccc(-c3ccccc3C3OCCO3)cc2)cc1 0.9803344 2.4535 1.0000000 1.0000 1.0000000 1.0000 []
 | 10.4570 24.7989 99.2475 0.9691129 O=C(c1ccccc1N=Nc1ccc(O)cc1)N1CC(F)(C(=O)N2CCCCCC2)C1 1 O=C(c1ccccc1N=Nc1ccccc1)N1CC(C(=O)N2CCCCCC2)C1 0.9691129 2.7551 1.0000000 1.0000 1.0000000 1.0000 []
03:35:07 <INFO> Score: 0.86 Agent NLL: 12.66 Valid: 100% Step: 53
 | Agent Prior Target Score SMILES SMILES_state Scaffold SA SA (raw) Alerts Alerts (raw) PS_Scaffold PS_Scaffold (raw) matchting_patterns (Alerts)
 | 7.3093 34.4593 -34.4593 0.0000000 OCc1cccc(N=Nc2ccc(F)cc2)n1 1 c1ccc(N=Nc2ccccn2)cc1 0.9784308 2.5150 1.0000000 1.0000 1.0000000 1.0000 []
 | 11.9302 55.8135 67.6293 0.9643968 COc1ccccc1N=Nc1ccc(NCCNC(=O)C2CCCO2)cc1 1 O=C(NCCNc1ccc(N=Nc2ccccc2)cc1)C1CCCO1 0.9643968 2.8508 1.0000000 1.0000 1.0000000 1.0000 []
 | 8.7932 35.7504 91.0514 0.9906390 c1ccc(N=Nc2ccc(-c3ccc(CN4CCC4)cc3)cc2)cc1 1 c1ccc(N=Nc2ccc(-c3ccc(CN4CCC4)cc3)cc2)cc1 0.9906390 1.9631 1.0000000 1.0000 1.0000000 1.0000 []
 | 12.9044 43.7785 80.0480 0.9673941 Fc1ccc(N2CCC=N2)cc1COCc1ccccc1OC(F)F 1 C1=NN(c2cccc(COCc3ccccc3)c2)CC1 0.9673941 2.7915 1.0000000 1.0000 1.0000000 1.0000 []
 | 12.4442 56.9628 68.5987 0.9809493 CCn1ccc(CNc2ccc(N=Nc3ccccc3OC)cc2)n1 1 c1ccc(N=Nc2ccc(NCc3cc[nH]n3)cc2)cc1 0.9809493 2.4324 1.0000000 1.0000 1.0000000 1.0000 []
 | 12.4069 46.1877 80.0043 0.9858750 OCCc1ccc(N=Nc2ccc(-c3ccccc3N3CCC3)cc2)cc1 1 c1ccc(N=Nc2ccc(-c3ccccc3N3CCC3)cc2)cc1 0.9858750 2.2342 1.0000000 1.0000 1.0000000 1.0000 []
 | 12.3112 47.6357 78.1030 0.9823334 COc1cccc(Cc2cccc(N3N=CCCC3=O)c2)c1 1 O=C1CCC=NN1c1cccc(Cc2ccccc2)c1 0.9823334 2.3823 1.0000000 1.0000 1.0000000 1.0000 []
 | 20.8100 54.9894 68.8828 0.9677512 O=C(NCc1ccc(N=Nc2sccc2C2CC2)cc1)C(F)F 1 c1ccc(N=Nc2sccc2C2CC2)cc1 0.9677512 2.7841 1.0000000 1.0000 1.0000000 1.0000 []
 | 11.6747 41.6099 84.2435 0.9832293 c1ccc(-c2cc(-c3ccc(N=Nc4ccc5c(c4)OCCO5)cc3)ccn2)cc1 1 c1ccc(-c2cc(-c3ccc(N=Nc4ccc5c(c4)OCCO5)cc3)ccn2)cc1 0.9832293 2.3478 1.0000000 1.0000 1.0000000 1.0000 []
 | 11.6229 42.5472 83.0297 0.9810696 c1ccc(-c2ccc(N=Nc3ccc4c(c3)OCO4)cc2)c(CNC2CCCCC2)c1 1 c1ccc(-c2ccc(N=Nc3ccc4c(c3)OCO4)cc2)c(CNC2CCCCC2)c1 0.9810696 2.4282 1.0000000 1.0000 1.0000000 1.0000 []
03:35:09 <INFO> Score: 0.81 Agent NLL: 12.40 Valid:  98% Step: 54
 | Agent Prior Target Score SMILES SMILES_state Scaffold SA SA (raw) Alerts Alerts (raw) PS_Scaffold PS_Scaffold (raw) matchting_patterns (Alerts)
 | 16.0526 50.0151 75.8964 0.9836833 COc1ccccc1CNCCNc1ccc(N=Nc2cccnc2)cc1 1 c1ccc(CNCCNc2ccc(N=Nc3cccnc3)cc2)cc1 0.9836833 2.3297 1.0000000 1.0000 1.0000000 1.0000 []
 | 12.5226 48.5807 75.2519 0.9674420 O=C(Nc1ccccc1-c1ccc(N=Nc2ccc(CO)cc2)cc1)C1CCCO1 1 O=C(Nc1ccccc1-c1ccc(N=Nc2ccccc2)cc1)C1CCCO1 0.9674420 2.7905 1.0000000 1.0000 1.0000000 1.0000 []
 | 12.9719 44.5103 81.1136 0.9814367 c1ccc(NC2CC2)c(Cc2ccc(N=Nc3ccc4c(c3)OCO4)cc2)c1 1 c1ccc(NC2CC2)c(Cc2ccc(N=Nc3ccc4c(c3)OCO4)cc2)c1 0.9814367 2.4152 1.0000000 1.0000 1.0000000 1.0000 []
 | 7.7392 40.6154 -40.6154 0.0000000 O=C(Cc1ccccc1)NCCNc1ccc(N=Nc2cccnc2)cc1 1 O=C(Cc1ccccc1)NCCNc1ccc(N=Nc2cccnc2)cc1 0.9855354 2.2499 1.0000000 1.0000 1.0000000 1.0000 []
 | 11.1649 46.2639 76.9253 0.9624155 CC1CC1C(=O)Nc1ccc(N=Nc2ccc(Br)cc2)cc1 1 O=C(Nc1ccc(N=Nc2ccccc2)cc1)C1CC1 0.9624155 2.8875 1.0000000 1.0000 1.0000000 1.0000 []
 | 10.4923 49.3090 77.1673 0.9880962 COc1ccc(N=Nc2ccc(NC(=O)c3ccccc3)cc2)cn1 1 O=C(Nc1ccc(N=Nc2cccnc2)cc1)c1ccccc1 0.9880962 2.1213 1.0000000 1.0000 1.0000000 1.0000 []
 | 14.0093 49.0090 75.9908 0.9765612 COc1ccc(N=Nc2ccc(NCc3cccc(-n4cccc4)c3)cc2)nc1 1 c1ccc(N=Nc2ccc(NCc3cccc(-n4cccc4)c3)cc2)nc1 0.9765612 2.5704 1.0000000 1.0000 1.0000000 1.0000 []
 | 10.9357 44.9918 80.4285 0.9798461 O=C(CCn1cc([N+](=O)[O-])cn1)Nc1ccc(N=Nc2ccccc2Cl)cc1 1 O=C(CCn1cccn1)Nc1ccc(N=Nc2ccccc2)cc1 0.9798461 2.4698 1.0000000 1.0000 1.0000000 1.0000 []
 | 16.9985 43.3551 80.7124 0.9692778 FC(F)(F)c1ccnc(N=Nc2ccc(-c3ccnc(C4CC4)c3)cc2)c1 1 c1ccc(N=Nc2ccc(-c3ccnc(C4CC4)c3)cc2)nc1 0.9692778 2.7515 1.0000000 1.0000 1.0000000 1.0000 []
 | 10.5285 53.5327 72.8011 0.9869831 COc1ccccc1N=Nc1ccc(NC(=O)Nc2ccccn2)cc1 1 O=C(Nc1ccc(N=Nc2ccccc2)cc1)Nc1ccccn1 0.9869831 2.1803 1.0000000 1.0000 1.0000000 1.0000 []
03:35:10 <INFO> Sampled SMILES c1cc(N=Nc2ccc(CCO)cc2)ccc1Nc1cc(C2)nccc2C1 failed to sanitize.
03:35:52 <INFO> Score: 0.81 Agent NLL: 11.89 Valid:  99% Step: 55
 | Agent Prior Target Score SMILES SMILES_state Scaffold SA SA (raw) Alerts Alerts (raw) PS_Scaffold PS_Scaffold (raw) matchting_patterns (Alerts)
 | 10.2446 43.4019 -43.4019 0.0000000 O=C(NCc1ccc(N=Nc2cccc(C3CC3)c2)cc1)C1CCCC1 1 O=C(NCc1ccc(N=Nc2cccc(C3CC3)c2)cc1)C1CCCC1 0.9844991 2.2957 1.0000000 1.0000 1.0000000 1.0000 []
 | 8.4809 38.9226 87.8094 0.9900940 O=C(Nc1ccc(N=Nc2ccc(F)cc2)cc1)C1CC1 1 O=C(Nc1ccc(N=Nc2ccccc2)cc1)C1CC1 0.9900940 2.0003 1.0000000 1.0000 1.0000000 1.0000 []
 | 14.9891 62.4420 59.4534 0.9523082 Oc1ncccc1N=Nc1ccc(N=Nc2ccc(F)cc2)nc1 1 c1ccc(N=Nc2ccc(N=Nc3cccnc3)cn2)cc1 0.9523082 3.0495 1.0000000 1.0000 1.0000000 1.0000 []
 | 7.2689 42.6527 84.3463 0.9921796 O=C(NCc1ccc(N=Nc2ccccc2)cc1)c1ccccc1 1 O=C(NCc1ccc(N=Nc2ccccc2)cc1)c1ccccc1 0.9921796 1.8450 1.0000000 1.0000 1.0000000 1.0000 []
 | 22.4720 52.9788 72.1018 0.9771922 OCCOc1ccc(-c2ccc(N=Nc3ccccc3OC3CCCC3)cc2)cn1 1 c1cncc(-c2ccc(N=Nc3ccccc3OC3CCCC3)cc2)c1 0.9771922 2.5522 1.0000000 1.0000 1.0000000 1.0000 []
 | 15.4970 39.8894 75.4309 0.9009399 O=C(C1C(c2ccccc2)CCN1C(=O)c1cc(N=Nc2cccnc2)ccn1)N1CCCCCC1 1 O=C(C1C(c2ccccc2)CCN1C(=O)c1cc(N=Nc2cccnc2)ccn1)N1CCCCCC1 0.9009399 3.5618 1.0000000 1.0000 1.0000000 1.0000 []
 | 10.4101 36.5648 86.9973 0.9653287 Clc1ccccc1N=Nc1ccc(CNC2CCCNC2)cc1 1 c1ccc(N=Nc2ccc(CNC3CCCNC3)cc2)cc1 0.9653287 2.8329 1.0000000 1.0000 1.0000000 1.0000 []
 | 8.5657 49.3047 76.6735 0.9842044 O=C(NCc1ccc(N=Nc2ncccn2)cc1)c1ccc(F)cc1 1 O=C(NCc1ccc(N=Nc2ncccn2)cc1)c1ccccc1 0.9842044 2.3082 1.0000000 1.0000 1.0000000 1.0000 []
 | 12.1889 40.1513 85.8269 0.9842045 Fc1ccccc1N=Nc1ccc(Cc2ccco2)cc1 1 c1ccc(N=Nc2ccc(Cc3ccco3)cc2)cc1 0.9842045 2.3082 1.0000000 1.0000 1.0000000 1.0000 []
 | 16.9554 29.1579 76.3223 0.8240644 O=C(C1C(c2ccccc2)CCN1C(=O)c1ccc(N=Nc2ccccc2)cc1)N1CC2C(C1)C2(F)F 1 O=C(C1C(c2ccccc2)CCN1C(=O)c1ccc(N=Nc2ccccc2)cc1)N1CC2CC2C1 0.8240644 3.9941 1.0000000 1.0000 1.0000000 1.0000 []
03:35:54 <INFO> Score: 0.87 Agent NLL: 12.54 Valid: 100% Step: 56
 | Agent Prior Target Score SMILES SMILES_state Scaffold SA SA (raw) Alerts Alerts (raw) PS_Scaffold PS_Scaffold (raw) matchting_patterns (Alerts)
 | 14.1842 60.8823 63.8744 0.9746618 COc1ccccc1N=Nc1ccc(-c2cnc(N3CCCN(C4CC4)CC3)cc2F)cc1 1 c1ccc(N=Nc2ccc(-c3ccc(N4CCCN(C5CC5)CC4)nc3)cc2)cc1 0.9746618 2.6224 1.0000000 1.0000 1.0000000 1.0000 []
 | 13.4930 51.8546 73.4495 0.9789388 COCCCNc1ccc(-c2ccc(N=Nc3ccco3)cc2)cc1 1 c1ccc(-c2ccc(N=Nc3ccco3)cc2)cc1 0.9789388 2.4991 1.0000000 1.0000 1.0000000 1.0000 []
 | 11.3458 25.0905 99.2902 0.9717241 O=C(c1ccccc1N=Nc1ccc(O)cc1)N1CCC(F)(C(=O)NCCc2ccccc2)CC1 1 O=C(NCCc1ccccc1)C1CCN(C(=O)c2ccccc2N=Nc2ccccc2)CC1 0.9717241 2.6958 1.0000000 1.0000 1.0000000 1.0000 []
 | 17.0363 53.6653 61.6415 0.9008349 O=C(CCC1CCOC1=O)NC1CCC1C(=O)Nc1ccc(N=Nc2ccccc2)cc1 1 O=C(CCC1CCOC1=O)NC1CCC1C(=O)Nc1ccc(N=Nc2ccccc2)cc1 0.9008349 3.5626 1.0000000 1.0000 1.0000000 1.0000 []
 | 12.6255 37.8002 88.0990 0.9835874 c1cc(OCCN2CCCCCC2)ccc1N=Nc1ccc2c(c1)OCO2 1 c1cc(OCCN2CCCCCC2)ccc1N=Nc1ccc2c(c1)OCO2 0.9835874 2.3335 1.0000000 1.0000 1.0000000 1.0000 []
 | 6.6511 39.3470 -39.3470 0.0000000 O=C(Cc1ccccc1)NCCNc1ccc(N=Nc2ccccc2)cc1 1 O=C(Cc1ccccc1)NCCNc1ccc(N=Nc2ccccc2)cc1 0.9890450 2.0666 1.0000000 1.0000 1.0000000 1.0000 []
 | 11.3931 38.1720 86.7979 0.9763272 c1cc(-c2cnc(NC3CCCCC3)nc2)ccc1N=Nc1ccc2c(c1)OCO2 1 c1cc(-c2cnc(NC3CCCCC3)nc2)ccc1N=Nc1ccc2c(c1)OCO2 0.9763272 2.5770 1.0000000 1.0000 1.0000000 1.0000 []
 | 14.8019 45.9370 79.6340 0.9810236 FCc1ccc(N=Nc2ccc(OCCNCC3CCCC3)cc2)cc1 1 c1ccc(N=Nc2ccc(OCCNCC3CCCC3)cc2)cc1 0.9810236 2.4298 1.0000000 1.0000 1.0000000 1.0000 []
 | 12.4089 39.8090 85.4013 0.9782053 OCCSc1ccccc1-c1ccc(N=Nc2ccc3c(c2)OCO3)cc1 1 c1ccc(-c2ccc(N=Nc3ccc4c(c3)OCO4)cc2)cc1 0.9782053 2.5219 1.0000000 1.0000 1.0000000 1.0000 []
 | 12.2667 39.0157 -39.0157 0.0000000 Oc1ccccc1-c1ccc(N=Nc2ccc(Br)cc2)cc1 1 c1ccc(N=Nc2ccc(-c3ccccc3)cc2)cc1 0.9885268 2.0970 1.0000000 1.0000 1.0000000 1.0000 []
03:35:55 <INFO> Score: 0.81 Agent NLL: 11.80 Valid:  98% Step: 57
 | Agent Prior Target Score SMILES SMILES_state Scaffold SA SA (raw) Alerts Alerts (raw) PS_Scaffold PS_Scaffold (raw) matchting_patterns (Alerts)
 | 8.9881 47.9226 78.7971 0.9899974 O=C(Cc1ccccc1)Nc1ccc(N=Nc2ccccc2F)cc1 1 O=C(Cc1ccccc1)Nc1ccc(N=Nc2ccccc2)cc1 0.9899974 2.0067 1.0000000 1.0000 1.0000000 1.0000 []
 | 9.3217 38.3331 88.0149 0.9870939 Clc1ccccc1N=Nc1ccc(-c2cccc(N3CCCCC3)c2)cc1 1 c1ccc(N=Nc2ccc(-c3cccc(N4CCCCC4)c3)cc2)cc1 0.9870939 2.1747 1.0000000 1.0000 1.0000000 1.0000 []
 | 15.1265 51.6488 74.5584 0.9859939 Cc1c(N=Nc2ccc(Oc3ccccc3)cc2)cccc1C(=O)NC1CCC1 1 O=C(NC1CCC1)c1cccc(N=Nc2ccc(Oc3ccccc3)cc2)c1 0.9859939 2.2287 1.0000000 1.0000 1.0000000 1.0000 []
 | 7.4831 40.9229 -40.9229 0.0000000 OCc1cccc(N=Nc2ccc(CNCCc3c[nH]c4ccccc34)cc2)n1 1 c1ccc(N=Nc2ccc(CNCCc3c[nH]c4ccccc34)cc2)nc1 0.9757711 2.5925 1.0000000 1.0000 1.0000000 1.0000 []
 | 13.6086 53.7378 72.1093 0.9831808 COc1ccccc1N=Nc1ccc(NCCNC(=O)c2ccccc2)cn1 1 O=C(NCCNc1ccc(N=Nc2ccccc2)nc1)c1ccccc1 0.9831808 2.3498 1.0000000 1.0000 1.0000000 1.0000 []
 | 9.4692 43.3578 83.0073 0.9872272 O=C(Cc1cccnc1)Nc1ccc(N=Nc2cccc(Cl)c2)cc1 1 O=C(Cc1cccnc1)Nc1ccc(N=Nc2ccccc2)cc1 0.9872272 2.1678 1.0000000 1.0000 1.0000000 1.0000 []
 | 9.2078 42.3412 83.5127 0.9832337 O=C(c1ccccc1)c1ccc(N=Nc2cccc(CO)n2)cc1 1 O=C(c1ccccc1)c1ccc(N=Nc2ccccn2)cc1 0.9832337 2.3477 1.0000000 1.0000 1.0000000 1.0000 []
 | 9.8878 33.0184 93.3098 0.9869390 Fc1ccc(N=Nc2ccc(NCCN3CCCCCC3)cc2)cc1 1 c1ccc(N=Nc2ccc(NCCN3CCCCCC3)cc2)cc1 0.9869390 2.1825 1.0000000 1.0000 1.0000000 1.0000 []
 | 18.1316 38.1121 79.0885 0.9156303 O=C(c1ccc(N=Nc2ccncc2)cc1)N1Cc2ccccc2CC1C(=O)N1CCCC1C1CC1 1 O=C(c1ccc(N=Nc2ccncc2)cc1)N1Cc2ccccc2CC1C(=O)N1CCCC1C1CC1 0.9156303 3.4467 1.0000000 1.0000 1.0000000 1.0000 []
 | 15.4568 38.6345 -38.6345 0.0000000 OCCNCCOc1ccc(N=Nc2ccc(C(F)(F)F)cc2)cc1 1 c1ccc(N=Nc2ccccc2)cc1 0.9831941 2.3492 1.0000000 1.0000 1.0000000 1.0000 []
03:35:56 <INFO> Sampled SMILES c1cc(N=Nc2cccc(OC)c2)ccc1-c1ccc(=N)cc1 failed to sanitize.
03:35:56 <INFO> Sampled SMILES c1cc(N=Nc2ccccc2)ccc1-c1cccNc1 failed to sanitize.
03:35:58 <INFO> Score: 0.83 Agent NLL: 12.45 Valid:  98% Step: 58
 | Agent Prior Target Score SMILES SMILES_state Scaffold SA SA (raw) Alerts Alerts (raw) PS_Scaffold PS_Scaffold (raw) matchting_patterns (Alerts)
 | 15.9124 37.6945 86.8201 0.9727704 Fc1cc(N=Nc2ccccc2)ccc1NCc1ccccc1-c1nnn[nH]1 1 c1ccc(N=Nc2ccc(NCc3ccccc3-c3nnn[nH]3)cc2)cc1 0.9727704 2.6705 1.0000000 1.0000 1.0000000 1.0000 []
 | 12.8385 44.8248 81.4834 0.9867827 OCc1cccc(Nc2ccc(N=Nc3ccc(O)cc3)cc2)c1 1 c1ccc(N=Nc2ccc(Nc3ccccc3)cc2)cc1 0.9867827 2.1904 1.0000000 1.0000 1.0000000 1.0000 []
 | 11.2128 41.7323 83.9541 0.9819248 O=C(Nc1ccc(N=Nc2ccccn2)cc1F)C1CC1 1 O=C(Nc1ccc(N=Nc2ccccn2)cc1)C1CC1 0.9819248 2.3975 1.0000000 1.0000 1.0000000 1.0000 []
 | 10.3911 36.5816 86.5564 0.9620151 Clc1ccccc1N=Nc1ccc(NCC2CCCN2)cc1 1 c1ccc(N=Nc2ccc(NCC3CCCN3)cc2)cc1 0.9620151 2.8946 1.0000000 1.0000 1.0000000 1.0000 []
 | 9.6005 43.9510 82.5563 0.9883390 O=C(Nc1ccc(N=Nc2ccccc2Cl)cc1)C1CCCCC1 1 O=C(Nc1ccc(N=Nc2ccccc2)cc1)C1CCCCC1 0.9883390 2.1077 1.0000000 1.0000 1.0000000 1.0000 []
 | 11.7669 46.2354 79.9474 0.9858029 COc1ccccc1N=Nc1ccc(-c2ccc(CN3CCC3)cc2)c(F)c1 1 c1ccc(N=Nc2ccc(-c3ccc(CN4CCC4)cc3)cc2)cc1 0.9858029 2.2376 1.0000000 1.0000 1.0000000 1.0000 []
 | 8.8054 47.1816 78.8016 0.9842438 O=C(Cc1ccccc1)NCc1ccc(N=Nc2ccc(CO)nc2)cc1 1 O=C(Cc1ccccc1)NCc1ccc(N=Nc2cccnc2)cc1 0.9842438 2.3065 1.0000000 1.0000 1.0000000 1.0000 []
 | 6.9767 44.4217 -44.4217 0.0000000 O=C(Nc1ccc(N=Nc2ccccc2)cc1)c1ccc(F)cc1 1 O=C(Nc1ccc(N=Nc2ccccc2)cc1)c1ccccc1 0.9920521 1.8556 1.0000000 1.0000 1.0000000 1.0000 []
 | 10.3388 43.7800 79.8883 0.9661592 O=C(Nc1ccc(N=Nc2cccnc2)cc1)C1CCCO1 1 O=C(Nc1ccc(N=Nc2cccnc2)cc1)C1CCCO1 0.9661592 2.8166 1.0000000 1.0000 1.0000000 1.0000 []
 | 11.3334 47.4922 78.1309 0.9814302 O=C(Nc1ccc(N=Nc2ncccn2)cc1)c1ccncc1 1 O=C(Nc1ccc(N=Nc2ncccn2)cc1)c1ccncc1 0.9814302 2.4154 1.0000000 1.0000 1.0000000 1.0000 []
03:35:58 <INFO> Sampled SMILES c1cc(-c2ccccc2)cc1N=Nc1cccnc1N1CCCCC1 failed to sanitize.
03:36:00 <INFO> Score: 0.84 Agent NLL: 11.42 Valid:  99% Step: 59
 | Agent Prior Target Score SMILES SMILES_state Scaffold SA SA (raw) Alerts Alerts (raw) PS_Scaffold PS_Scaffold (raw) matchting_patterns (Alerts)
 | 19.0032 53.6176 70.9125 0.9728917 OC1CCC(Nc2ccc(N=Nc3cccc(Cl)n3)cc2)CC1 1 c1ccc(N=Nc2ccc(NC3CCCCC3)cc2)nc1 0.9728917 2.6676 1.0000000 1.0000 1.0000000 1.0000 []
 | 6.2184 43.7461 -43.7461 0.0000000 O=C(Nc1ccc(N=Nc2ccccc2)cc1)c1ccccc1 1 O=C(Nc1ccc(N=Nc2ccccc2)cc1)c1ccccc1 0.9928570 1.7855 1.0000000 1.0000 1.0000000 1.0000 []
 | 10.6556 43.9778 82.5121 0.9882024 O=C(Nc1ccc(N=Nc2ccccc2F)cc1)C1CCC1 1 O=C(Nc1ccc(N=Nc2ccccc2)cc1)C1CCC1 0.9882024 2.1154 1.0000000 1.0000 1.0000000 1.0000 []
 | 11.2068 43.7342 81.3530 0.9772441 O=C1CCC=NN1c1ccc(F)c(CNCc2cccc(Cl)c2)c1 1 O=C1CCC=NN1c1cccc(CNCc2ccccc2)c1 0.9772441 2.5506 1.0000000 1.0000 1.0000000 1.0000 []
 | 8.5342 37.5823 -37.5823 0.0000000 O=C1COc2cc(-c3ccc(N=Nc4ccccc4)cc3)ccc21 1 O=C1COc2cc(-c3ccc(N=Nc4ccccc4)cc3)ccc21 0.9847102 2.2866 1.0000000 1.0000 1.0000000 1.0000 []
 | 15.2057 59.0988 65.9050 0.9765919 O=C(NCc1ccccc1)NCc1ccc(N=Nc2ccccc2-c2nnnn2C2CC2)cc1 1 O=C(NCc1ccccc1)NCc1ccc(N=Nc2ccccc2-c2nnnn2C2CC2)cc1 0.9765919 2.5695 1.0000000 1.0000 1.0000000 1.0000 []
 | 10.5275 39.1614 86.7695 0.9838352 O=C(NCc1cccc(N2CCCC=N2)c1)c1ccccc1 1 O=C(NCc1cccc(N2CCCC=N2)c1)c1ccccc1 0.9838352 2.3235 1.0000000 1.0000 1.0000000 1.0000 []
 | 12.7444 40.6050 85.1156 0.9821921 c1cncc(N=Nc2ccc(Oc3ccc(N4CCCC4)nc3)cc2)c1 1 c1cncc(N=Nc2ccc(Oc3ccc(N4CCCC4)nc3)cc2)c1 0.9821921 2.3876 1.0000000 1.0000 1.0000000 1.0000 []
 | 9.8972 40.2864 86.2155 0.9882964 OCCc1cccc(-c2cccc(N=Nc3ccccc3)c2)c1 1 c1ccc(N=Nc2cccc(-c3ccccc3)c2)cc1 0.9882964 2.1101 1.0000000 1.0000 1.0000000 1.0000 []
 | 10.7830 23.8339 91.9263 0.9043764 O=C(c1ccccc1N=Nc1ccc(O)cc1)N1CC2CC2(C(=O)N2CCCC2)C1 1 O=C(c1ccccc1N=Nc1ccccc1)N1CC2CC2(C(=O)N2CCCC2)C1 0.9043764 3.5363 1.0000000 1.0000 1.0000000 1.0000 []
03:36:01 <INFO> Sampled SMILES Fc1cc(N=Nc2ccc(Br)cc2)cc1-c1ccnc(CO)n1 failed to sanitize.
03:36:03 <INFO> Score: 0.75 Agent NLL: 11.78 Valid:  98% Step: 60
 | Agent Prior Target Score SMILES SMILES_state Scaffold SA SA (raw) Alerts Alerts (raw) PS_Scaffold PS_Scaffold (raw) matchting_patterns (Alerts)
 | 12.4015 49.2037 74.5533 0.9668515 COc1ccc(N=Nc2ccc(NC(=O)C3CCCCO3)c(F)c2)cc1 1 O=C(Nc1ccc(N=Nc2ccccc2)cc1)C1CCCCO1 0.9668515 2.8027 1.0000000 1.0000 1.0000000 1.0000 []
 | 14.2770 45.9039 80.1960 0.9851559 O=C(NCCC1CC1)Nc1ccc(N=Nc2cccc(F)c2)cc1 1 O=C(NCCC1CC1)Nc1ccc(N=Nc2ccccc2)cc1 0.9851559 2.2671 1.0000000 1.0000 1.0000000 1.0000 []
 | 6.6563 43.8838 -43.8838 0.0000000 O=C(Cc1ccc(F)cc1)Nc1ccc(N=Nc2ccccc2)cc1 1 O=C(Cc1ccccc1)Nc1ccc(N=Nc2ccccc2)cc1 0.9910202 1.9358 1.0000000 1.0000 1.0000000 1.0000 []
 | 9.3502 32.8318 93.3310 0.9856473 c1ccc(N=Nc2ccc(-c3cccc(CN4CCCC4)c3)cc2)nc1 1 c1ccc(N=Nc2ccc(-c3cccc(CN4CCCC4)c3)cc2)nc1 0.9856473 2.2448 1.0000000 1.0000 1.0000000 1.0000 []
 | 13.3488 35.3573 90.5795 0.9838815 Fc1ccc(N=Nc2ccc(NC3CCN(CC4CC4)CC3)cc2)cc1 1 c1ccc(N=Nc2ccc(NC3CCN(CC4CC4)CC3)cc2)cc1 0.9838815 2.3216 1.0000000 1.0000 1.0000000 1.0000 []
 | 21.7332 70.0001 49.2433 0.9315889 O=c1[nH]nc(O)cc1N=NCc1ccc(N=Nc2ccc3c(c2)OCO3)cc1 1 O=c1[nH]nccc1N=NCc1ccc(N=Nc2ccc3c(c2)OCO3)cc1 0.9315889 3.2989 1.0000000 1.0000 1.0000000 1.0000 []
 | 7.4587 38.4766 -38.4766 0.0000000 c1ccc(N=Nc2ccc(-c3ccccc3N3CCCNC3)cc2)cc1 1 c1ccc(N=Nc2ccc(-c3ccccc3N3CCCNC3)cc2)cc1 0.9809775 2.4314 1.0000000 1.0000 1.0000000 1.0000 []
 | 10.0622 36.3226 -36.3226 0.0000000 Clc1ccccc1N=Nc1ccc(-c2ccnc(N3CCCC3)c2)cc1 1 c1ccc(N=Nc2ccc(-c3ccnc(N4CCCC4)c3)cc2)cc1 0.9844274 2.2988 1.0000000 1.0000 1.0000000 1.0000 []
 | 8.6368 43.0479 83.2929 0.9870377 O=C(Nc1ccc(N=Nc2ccccc2Br)cc1)C1CC1 1 O=C(Nc1ccc(N=Nc2ccccc2)cc1)C1CC1 0.9870377 2.1775 1.0000000 1.0000 1.0000000 1.0000 []
 | 23.0490 46.1583 -46.1583 0.0000000 Fc1cc(N=Nc2ccc(Br)cc2)cc1-c1ccnc(CO)n1 0 -- 0.0000000 0.0000 0.0000000 0.0000 0.0000000 0.0000 None
03:36:51 <INFO> Score: 0.80 Agent NLL: 12.56 Valid:  99% Step: 61
 | Agent Prior Target Score SMILES SMILES_state Scaffold SA SA (raw) Alerts Alerts (raw) PS_Scaffold PS_Scaffold (raw) matchting_patterns (Alerts)
 | 12.9984 40.4701 -40.4701 0.0000000 N#Cc1ccc(N=Nc2ccc(-c3ccc(CCCO)cc3)cc2)cc1 1 c1ccc(N=Nc2ccc(-c3ccccc3)cc2)cc1 0.9864300 2.2078 1.0000000 1.0000 1.0000000 1.0000 []
 | 9.6796 42.0159 84.5430 0.9887412 O=C(Nc1ccc(N=Nc2cccc(Cl)c2)cc1)C1CCC1 1 O=C(Nc1ccc(N=Nc2ccccc2)cc1)C1CCC1 0.9887412 2.0846 1.0000000 1.0000 1.0000000 1.0000 []
 | 12.7763 38.1400 87.8536 0.9843243 c1cc(N=Nc2ccc3c(c2)OCO3)ccc1CCN1CCC1 1 c1cc(N=Nc2ccc3c(c2)OCO3)ccc1CCN1CCC1 0.9843243 2.3031 1.0000000 1.0000 1.0000000 1.0000 []
 | 12.1794 35.2651 91.2570 0.9884540 Fc1ccc(-c2ccc(N=Nc3ccccc3)cc2)nc1 1 c1ccc(N=Nc2ccc(-c3ccccn3)cc2)cc1 0.9884540 2.1012 1.0000000 1.0000 1.0000000 1.0000 []
 | 7.2720 52.3259 74.1698 0.9882478 COc1ccccc1N=Nc1ccc(NCCNC(=O)c2ccccc2)cc1 1 O=C(NCCNc1ccc(N=Nc2ccccc2)cc1)c1ccccc1 0.9882478 2.1129 1.0000000 1.0000 1.0000000 1.0000 []
 | 12.9957 53.3106 73.1614 0.9880629 COc1ccccc1N=Nc1ccc(CNCCC(=O)Nc2ccccc2)cc1 1 O=C(CCNCc1ccc(N=Nc2ccccc2)cc1)Nc1ccccc1 0.9880629 2.1232 1.0000000 1.0000 1.0000000 1.0000 []
 | 11.0192 40.7643 84.6844 0.9800676 O=C1CCC=NN1c1cccc(CNc2ccc(CCO)cc2)c1 1 O=C1CCC=NN1c1cccc(CNc2ccccc2)c1 0.9800676 2.4625 1.0000000 1.0000 1.0000000 1.0000 []
 | 9.4680 45.2498 81.4247 0.9896441 O=C(Nc1ccc(N=Nc2ccccc2)cc1)c1cc(F)ccc1F 1 O=C(Nc1ccc(N=Nc2ccccc2)cc1)c1ccccc1 0.9896441 2.0296 1.0000000 1.0000 1.0000000 1.0000 []
 | 9.3069 32.8318 -32.8318 0.0000000 c1ccc(N=Nc2ccc(-c3cccc(CN4CCCC4)c3)cc2)nc1 1 c1ccc(N=Nc2ccc(-c3cccc(CN4CCCC4)c3)cc2)nc1 0.9856473 2.2448 1.0000000 1.0000 1.0000000 1.0000 []
 | 12.2725 31.8067 91.2517 0.9613938 O=C(NC1CCCCN(C(=O)c2ccccc2N=Nc2ccc(O)cc2)C1)C1CCCC1 1 O=C(NC1CCCCN(C(=O)c2ccccc2N=Nc2ccccc2)C1)C1CCCC1 0.9613938 2.9056 1.0000000 1.0000 1.0000000 1.0000 []
03:36:53 <INFO> Score: 0.83 Agent NLL: 11.48 Valid: 100% Step: 62
 | Agent Prior Target Score SMILES SMILES_state Scaffold SA SA (raw) Alerts Alerts (raw) PS_Scaffold PS_Scaffold (raw) matchting_patterns (Alerts)
 | 11.2805 43.7893 -43.7893 0.0000000 c1ccc(N2CCC2)c(-c2ccc(N=Nc3ccc4c(c3)OCC4)cc2)c1 1 c1ccc(N2CCC2)c(-c2ccc(N=Nc3ccc4c(c3)OCC4)cc2)c1 0.9811493 2.4254 1.0000000 1.0000 1.0000000 1.0000 []
 | 9.2979 34.8553 91.7805 0.9893419 c1ccc(N=Nc2ccc(NC3CCC3)cc2)cc1 1 c1ccc(N=Nc2ccc(NC3CCC3)cc2)cc1 0.9893419 2.0485 1.0000000 1.0000 1.0000000 1.0000 []
 | 11.0506 37.9334 87.7859 0.9821816 c1cc(N=Nc2ccc(CNCC3CCCCC3)cc2)cc(C2CC2)c1 1 c1cc(N=Nc2ccc(CNCC3CCCCC3)cc2)cc(C2CC2)c1 0.9821816 2.3880 1.0000000 1.0000 1.0000000 1.0000 []
 | 11.5191 37.1541 86.5212 0.9662139 c1ccc(CN2CCCCC2CNc2ccc(N=Nc3cccnc3)cc2)cc1 1 c1ccc(CN2CCCCC2CNc2ccc(N=Nc3cccnc3)cc2)cc1 0.9662139 2.8155 1.0000000 1.0000 1.0000000 1.0000 []
 | 11.0829 25.8209 99.1505 0.9763391 O=C(c1ccccc1N=Nc1ccc(O)cc1)N1CCC(NC(=O)C2(c3ccccc3)CC2)CC1 1 O=C(c1ccccc1N=Nc1ccccc1)N1CCC(NC(=O)C2(c3ccccc3)CC2)CC1 0.9763391 2.5766 1.0000000 1.0000 1.0000000 1.0000 []
 | 9.7075 41.9751 84.5479 0.9884610 Oc1ccccc1Cc1ccc(N=Nc2ccc(F)cc2)cc1 1 c1ccc(Cc2ccc(N=Nc3ccccc3)cc2)cc1 0.9884610 2.1008 1.0000000 1.0000 1.0000000 1.0000 []
 | 6.4949 44.4217 -44.4217 0.0000000 O=C(Nc1ccc(N=Nc2ccccc2)cc1)c1ccc(F)cc1 1 O=C(Nc1ccc(N=Nc2ccccc2)cc1)c1ccccc1 0.9920521 1.8556 1.0000000 1.0000 1.0000000 1.0000 []
 | 8.6257 52.5780 -52.5780 0.0000000 O=C(Nc1ccccc1)c1ccc(N2N=CCC2=O)cc1 1 O=C(Nc1ccccc1)c1ccc(N2N=CCC2=O)cc1 0.9878024 2.1374 1.0000000 1.0000 1.0000000 1.0000 []
 | 13.5068 40.2672 84.9375 0.9781611 Brc1ccccc1NN=Cc1ccc(N=Nc2ccc3c(c2)OCO3)cc1 1 C(=NNc1ccccc1)c1ccc(N=Nc2ccc3c(c2)OCO3)cc1 0.9781611 2.5232 1.0000000 1.0000 1.0000000 1.0000 []
 | 12.7652 41.9312 84.6000 0.9885247 c1ccc(N=Nc2ccc(Cc3cccs3)cc2)cc1 1 c1ccc(N=Nc2ccc(Cc3cccs3)cc2)cc1 0.9885247 2.0972 1.0000000 1.0000 1.0000000 1.0000 []
03:36:53 <INFO> Sampled SMILES c1cc(N=Nc2ccc(F)cc2)nccc1NCCCc1ccccc1 failed to sanitize.
03:36:54 <INFO> Score: 0.77 Agent NLL: 11.94 Valid:  99% Step: 63
 | Agent Prior Target Score SMILES SMILES_state Scaffold SA SA (raw) Alerts Alerts (raw) PS_Scaffold PS_Scaffold (raw) matchting_patterns (Alerts)
 | 16.1484 50.4811 72.0729 0.9574531 FC(F)c1ccccc1N=NCc1ccc(N=Nc2ccncc2)cc1 1 c1ccc(N=NCc2ccc(N=Nc3ccncc3)cc2)cc1 0.9574531 2.9716 1.0000000 1.0000 1.0000000 1.0000 []
 | 11.0371 37.9757 86.9394 0.9758994 FC1(F)CCN(Cc2ccc(N=Nc3cccc(C4CC4)c3)cc2)CC1 1 c1cc(N=Nc2ccc(CN3CCCCC3)cc2)cc(C2CC2)c1 0.9758994 2.5889 1.0000000 1.0000 1.0000000 1.0000 []
 | 6.5039 47.6046 -47.6046 0.0000000 O=C(Cc1ccccc1)Nc1ccc(N=Nc2cccnc2)cc1 1 O=C(Cc1ccccc1)Nc1ccc(N=Nc2cccnc2)cc1 0.9891305 2.0614 1.0000000 1.0000 1.0000000 1.0000 []
 | 10.0710 37.0742 -37.0742 0.0000000 O=C(NCCNc1ccc(N=Nc2ccccc2)cc1)n1cccn1 1 O=C(NCCNc1ccc(N=Nc2ccccc2)cc1)n1cccn1 0.9778236 2.5334 1.0000000 1.0000 1.0000000 1.0000 []
 | 16.7963 47.9714 78.3187 0.9866418 O=C(Nc1ccc(N=Nc2ccccc2Br)cc1)c1ccc(CCO)cc1 1 O=C(Nc1ccc(N=Nc2ccccc2)cc1)c1ccccc1 0.9866418 2.1974 1.0000000 1.0000 1.0000000 1.0000 []
 | 10.3206 45.5642 79.0107 0.9732416 O=C1CCC=NN1c1ccc(F)c(CNCc2ccccc2OCCN2CCCCC2)c1 1 O=C1CCC=NN1c1cccc(CNCc2ccccc2OCCN2CCCCC2)c1 0.9732416 2.6589 1.0000000 1.0000 1.0000000 1.0000 []
 | 10.4756 31.8482 94.6038 0.9879062 Fc1ccc(N=Nc2ccc(CNC3CCCCC3)cc2)cc1 1 c1ccc(N=Nc2ccc(CNC3CCCCC3)cc2)cc1 0.9879062 2.1318 1.0000000 1.0000 1.0000000 1.0000 []
 | 10.7535 41.8427 -41.8427 0.0000000 O=C(NCc1cccc(N2CCCCC=N2)c1)c1ccc(F)cc1 1 O=C(NCc1cccc(N2CCCCC=N2)c1)c1ccccc1 0.9832954 2.3452 1.0000000 1.0000 1.0000000 1.0000 []
 | 17.9773 53.5185 71.5191 0.9768563 CN(c1ccc(N=Nc2cc(C#N)ccc2O)cc1)c1ccc(N2CC2)cc1 1 c1ccc(N=Nc2ccc(Nc3ccc(N4CC4)cc3)cc2)cc1 0.9768563 2.5619 1.0000000 1.0000 1.0000000 1.0000 []
 | 11.4454 36.5386 86.0604 0.9578044 c1cc(N=Nc2ccc(NC3CCCCNC3)cc2)cc(C2CC2)c1 1 c1cc(N=Nc2ccc(NC3CCCCNC3)cc2)cc(C2CC2)c1 0.9578044 2.9660 1.0000000 1.0000 1.0000000 1.0000 []
03:36:55 <INFO> Sampled SMILES c1cc(N=Nc2ccccc2)ccc1CN=Nc1cc(CO)nn(C)c1 failed to sanitize.
03:36:56 <INFO> Score: 0.73 Agent NLL: 11.94 Valid:  99% Step: 64
 | Agent Prior Target Score SMILES SMILES_state Scaffold SA SA (raw) Alerts Alerts (raw) PS_Scaffold PS_Scaffold (raw) matchting_patterns (Alerts)
 | 13.9614 39.7147 86.8642 0.9888974 Clc1ccc(N=Nc2ccc(-c3ccc(-c4cccnc4)cc3)cc2)cc1 1 c1ccc(N=Nc2ccc(-c3ccc(-c4cccnc4)cc3)cc2)cc1 0.9888974 2.0754 1.0000000 1.0000 1.0000000 1.0000 []
 | 5.2730 42.6527 -42.6527 0.0000000 O=C(NCc1ccc(N=Nc2ccccc2)cc1)c1ccccc1 1 O=C(NCc1ccc(N=Nc2ccccc2)cc1)c1ccccc1 0.9921796 1.8450 1.0000000 1.0000 1.0000000 1.0000 []
 | 11.6421 34.8473 91.1413 0.9842860 OC1CCC(NCc2ccc(N=Nc3ccc(F)cc3)cc2)CC1 1 c1ccc(N=Nc2ccc(CNC3CCCCC3)cc2)cc1 0.9842860 2.3048 1.0000000 1.0000 1.0000000 1.0000 []
 | 13.4752 39.6145 84.9663 0.9732873 c1coc(N=Nc2ccc(NCc3ccnc(N4CCCCC4)c3)cc2)c1 1 c1coc(N=Nc2ccc(NCc3ccnc(N4CCCCC4)c3)cc2)c1 0.9732873 2.6577 1.0000000 1.0000 1.0000000 1.0000 []
 | 10.2588 39.7678 85.9472 0.9821487 OCCc1ccccc1-c1ccc(N=Nc2ccc3c(c2)OCCO3)cc1 1 c1ccc(-c2ccc(N=Nc3ccc4c(c3)OCCO4)cc2)cc1 0.9821487 2.3892 1.0000000 1.0000 1.0000000 1.0000 []
 | 10.6999 35.6514 90.4842 0.9854339 Fc1ccccc1N=Nc1ccc(NCCN2CCCCC2)cc1 1 c1ccc(N=Nc2ccc(NCCN3CCCCC3)cc2)cc1 0.9854339 2.2546 1.0000000 1.0000 1.0000000 1.0000 []
 | 5.6392 40.6753 -40.6753 0.0000000 O=C(Nc1ccc(N=Nc2ccccc2)cc1)C1CC1 1 O=C(Nc1ccc(N=Nc2ccccc2)cc1)C1CC1 0.9911178 1.9286 1.0000000 1.0000 1.0000000 1.0000 []
 | 14.1034 43.7592 82.6819 0.9878213 c1ccc(N=Nc2ccc(Nc3ccc4c(c3)CCC4)cc2)cc1 1 c1ccc(N=Nc2ccc(Nc3ccc4c(c3)CCC4)cc2)cc1 0.9878213 2.1364 1.0000000 1.0000 1.0000000 1.0000 []
 | 14.1482 47.3849 78.1507 0.9807467 COc1ccccc1N=Nc1ccc(CNCCCn2cncn2)cc1 1 c1ccc(N=Nc2ccc(CNCCCn3cncn3)cc2)cc1 0.9807467 2.4394 1.0000000 1.0000 1.0000000 1.0000 []
 | 10.2150 41.7034 83.8395 0.9808035 FC(F)(F)c1ccc(COc2ccc(N=Nc3ncccn3)cc2)cc1 1 c1ccc(COc2ccc(N=Nc3ncccn3)cc2)cc1 0.9808035 2.4375 1.0000000 1.0000 1.0000000 1.0000 []
03:36:58 <INFO> Score: 0.76 Agent NLL: 11.87 Valid: 100% Step: 65
 | Agent Prior Target Score SMILES SMILES_state Scaffold SA SA (raw) Alerts Alerts (raw) PS_Scaffold PS_Scaffold (raw) matchting_patterns (Alerts)
 | 9.9231 44.7788 80.7206 0.9804637 c1ccc(N=Nc2ccc(-c3ccc(N4CCCN4)cc3)cc2)cc1 1 c1ccc(N=Nc2ccc(-c3ccc(N4CCCN4)cc3)cc2)cc1 0.9804637 2.4491 1.0000000 1.0000 1.0000000 1.0000 []
 | 7.1632 45.6693 81.1678 0.9909143 O=C(Nc1ccc(N=Nc2ccccc2F)cc1)c1ccccc1 1 O=C(Nc1ccc(N=Nc2ccccc2)cc1)c1ccccc1 0.9909143 1.9435 1.0000000 1.0000 1.0000000 1.0000 []
 | 9.0428 34.6188 91.8524 0.9880570 c1ccc(N=Nc2ccc(-c3ccc4c(c3)OCCO4)cc2)cc1 1 c1ccc(N=Nc2ccc(-c3ccc4c(c3)OCCO4)cc2)cc1 0.9880570 2.1235 1.0000000 1.0000 1.0000000 1.0000 []
 | 7.2774 39.3131 -39.3131 0.0000000 O=C(Nc1ccccc1)c1ccc(N=Nc2cccc(CO)n2)cc1F 1 O=C(Nc1ccccc1)c1ccc(N=Nc2ccccn2)cc1 0.9806542 2.4426 1.0000000 1.0000 1.0000000 1.0000 []
 | 15.6607 35.0010 90.7332 0.9822981 Fc1ccc(N=Nc2ccc(-c3ccc(OC(F)F)nc3)cc2)cc1 1 c1ccc(N=Nc2ccc(-c3cccnc3)cc2)cc1 0.9822981 2.3837 1.0000000 1.0000 1.0000000 1.0000 []
 | 8.7524 33.9189 92.5891 0.9883440 c1ccc(N=Nc2ccc(NCCN3CCCCC3)cc2)cc1 1 c1ccc(N=Nc2ccc(NCCN3CCCCC3)cc2)cc1 0.9883440 2.1075 1.0000000 1.0000 1.0000000 1.0000 []
 | 15.3101 48.1449 -48.1449 0.0000000 O=C(Nc1cccc(N2N=CCC2=O)c1)c1c(F)cccc1F 1 O=C(Nc1cccc(N2N=CCC2=O)c1)c1ccccc1 0.9797010 2.4746 1.0000000 1.0000 1.0000000 1.0000 []
 | 12.3507 41.6186 83.9732 0.9811866 c1ccc2c(c1)NCC2=NNc1ccc(N2CCCC2)cc1 1 c1ccc2c(c1)NCC2=NNc1ccc(N2CCCC2)cc1 0.9811866 2.4241 1.0000000 1.0000 1.0000000 1.0000 []
 | 10.3266 38.6437 86.8044 0.9800634 c1cc(-c2ccc(N=Nc3ccc4c(c3)OCO4)cc2)cc(N2CCCCC2)n1 1 c1cc(-c2ccc(N=Nc3ccc4c(c3)OCO4)cc2)cc(N2CCCCC2)n1 0.9800634 2.4626 1.0000000 1.0000 1.0000000 1.0000 []
 | 10.4384 42.6651 82.0307 0.9741863 O=C1CCC=NN1c1ccc(F)c(CNCc2cccnc2)c1 1 O=C1CCC=NN1c1cccc(CNCc2cccnc2)c1 0.9741863 2.6348 1.0000000 1.0000 1.0000000 1.0000 []
03:36:59 <INFO> Sampled SMILES c1c(N=Nc2ccccc2F)ccccc1NC(=O)CCn1cccc1 failed to sanitize.
03:37:02 <INFO> Score: 0.72 Agent NLL: 11.72 Valid:  99% Step: 66
 | Agent Prior Target Score SMILES SMILES_state Scaffold SA SA (raw) Alerts Alerts (raw) PS_Scaffold PS_Scaffold (raw) matchting_patterns (Alerts)
 | 13.5807 51.2586 -51.2586 0.0000000 COc1ccc(N=Nc2ccc(NCc3ccccc3OC)cc2)cc1 1 c1ccc(CNc2ccc(N=Nc3ccccc3)cc2)cc1 0.9895532 2.0353 1.0000000 1.0000 1.0000000 1.0000 []
 | 8.9216 51.2049 75.4891 0.9897969 COc1ccc(N=Nc2ccc(NC(=O)C3CCCC3)cc2)cc1 1 O=C(Nc1ccc(N=Nc2ccccc2)cc1)C1CCCC1 0.9897969 2.0198 1.0000000 1.0000 1.0000000 1.0000 []
 | 13.2488 49.3792 75.2401 0.9735878 O=C1CCC=NN1c1ccc(F)c(CNCc2ccccc2OCCN2CCCC2)c1 1 O=C1CCC=NN1c1cccc(CNCc2ccccc2OCCN2CCCC2)c1 0.9735878 2.6501 1.0000000 1.0000 1.0000000 1.0000 []
 | 13.4779 51.1821 74.0154 0.9781058 Cn1nccc1N=Nc1ccc(-c2cccc(C(=O)N3CCCCC3)c2)cc1 1 O=C(c1cccc(-c2ccc(N=Nc3ccn[nH]3)cc2)c1)N1CCCCC1 0.9781058 2.5249 1.0000000 1.0000 1.0000000 1.0000 []
 | 27.2306 59.9747 61.3166 0.9475879 Cc1[nH]cnc1N=Nc1cccc(C(F)(F)F)c1NCc1ccc(C2CCCCC2)cn1 1 c1ccc(NCc2ccc(C3CCCCC3)cn2)c(N=Nc2c[nH]cn2)c1 0.9475879 3.1142 1.0000000 1.0000 1.0000000 1.0000 []
 | 12.0186 38.4834 87.0587 0.9807980 O=C(NCc1cccc(N2CCCC=N2)c1)OCc1ccccc1 1 O=C(NCc1cccc(N2CCCC=N2)c1)OCc1ccccc1 0.9807980 2.4376 1.0000000 1.0000 1.0000000 1.0000 []
 | 5.1977 42.6527 -42.6527 0.0000000 O=C(NCc1ccc(N=Nc2ccccc2)cc1)c1ccccc1 1 O=C(NCc1ccc(N=Nc2ccccc2)cc1)c1ccccc1 0.9921796 1.8450 1.0000000 1.0000 1.0000000 1.0000 []
 | 10.3109 46.3685 -46.3685 0.0000000 COc1ccccc1N=Nc1ccc(NC2CCCNC2)cc1 1 c1ccc(N=Nc2ccc(NC3CCCNC3)cc2)cc1 0.9669971 2.7997 1.0000000 1.0000 1.0000000 1.0000 []
 | 13.5684 37.8006 87.7172 0.9806078 Cc1ccc(N=Nc2ccc3c(c2)OCC3)cc1C 1 c1ccc(N=Nc2ccc3c(c2)OCC3)cc1 0.9806078 2.4442 1.0000000 1.0000 1.0000000 1.0000 []
 | 9.6587 44.0207 -44.0207 0.0000000 CCOc1cccc(-c2ccc(N=Nc3ccccc3)cc2)c1 1 c1ccc(N=Nc2ccc(-c3ccccc3)cc2)cc1 0.9910172 1.9360 1.0000000 1.0000 1.0000000 1.0000 []
03:37:47 <INFO> Score: 0.80 Agent NLL: 10.86 Valid: 100% Step: 67
 | Agent Prior Target Score SMILES SMILES_state Scaffold SA SA (raw) Alerts Alerts (raw) PS_Scaffold PS_Scaffold (raw) matchting_patterns (Alerts)
 | 9.7775 41.5263 -41.5263 0.0000000 c1ccc(N2CCCNC2)c(-c2ccc(N=Nc3ccc4c(c3)OCO4)cc2)c1 1 c1ccc(N2CCCNC2)c(-c2ccc(N=Nc3ccc4c(c3)OCO4)cc2)c1 0.9728701 2.6681 1.0000000 1.0000 1.0000000 1.0000 []
 | 14.9123 56.9816 68.5529 0.9807387 O=C(Cc1ccccc1)NCc1ccc(N=Nc2cnc[nH]2)cc1 1 O=C(Cc1ccccc1)NCc1ccc(N=Nc2cnc[nH]2)cc1 0.9807387 2.4397 1.0000000 1.0000 1.0000000 1.0000 []
 | 10.8532 42.7985 78.5133 0.9477488 O=C1CCC=NN1c1ccc(F)c(CNC2CCCc3ccccc32)c1 1 O=C1CCC=NN1c1cccc(CNC2CCCc3ccccc32)c1 0.9477488 3.1121 1.0000000 1.0000 1.0000000 1.0000 []
 | 6.8225 37.0808 89.7110 0.9905613 c1ccc(N=Nc2ccc(-c3ccc(N4CCC4)cc3)cc2)cc1 1 c1ccc(N=Nc2ccc(-c3ccc(N4CCC4)cc3)cc2)cc1 0.9905613 1.9685 1.0000000 1.0000 1.0000000 1.0000 []
 | 11.1641 41.1256 84.0166 0.9776732 c1ccc(N=Nc2ccc(OCC3=NCCCN3)cc2)cc1 1 c1ccc(N=Nc2ccc(OCC3=NCCCN3)cc2)cc1 0.9776732 2.5379 1.0000000 1.0000 1.0000000 1.0000 []
 | 12.3435 37.9563 87.5867 0.9808052 c1cc2c(c(-c3ccc(N=Nc4ccc5c(c4)OCCO5)cc3)c1)CCC2 1 c1cc2c(c(-c3ccc(N=Nc4ccc5c(c4)OCCO5)cc3)c1)CCC2 0.9808052 2.4374 1.0000000 1.0000 1.0000000 1.0000 []
 | 10.8127 37.8462 88.1883 0.9846442 c1ccc(N=Nc2ccc(CNCc3cccc(-n4cccc4)c3)cc2)cc1 1 c1ccc(N=Nc2ccc(CNCc3cccc(-n4cccc4)c3)cc2)cc1 0.9846442 2.2895 1.0000000 1.0000 1.0000000 1.0000 []
 | 8.2015 38.8873 87.7732 0.9895351 Fc1cc(N=Nc2ccccc2)ccc1Cc1ccccc1 1 c1ccc(Cc2ccc(N=Nc3ccccc3)cc2)cc1 0.9895351 2.0365 1.0000000 1.0000 1.0000000 1.0000 []
 | 13.3255 47.8839 77.4765 0.9793781 O=C(CC1CCCCC1)Nc1ccc(N=Nc2ncccn2)cc1 1 O=C(CC1CCCCC1)Nc1ccc(N=Nc2ncccn2)cc1 0.9793781 2.4851 1.0000000 1.0000 1.0000000 1.0000 []
 | 18.6462 50.1607 74.4942 0.9738660 Oc1cc(N=Nc2ccc3[nH]ccc3c2)ccc1OCC1CCCC1 1 c1cc2cc(N=Nc3ccc(OCC4CCCC4)cc3)ccc2[nH]1 0.9738660 2.6431 1.0000000 1.0000 1.0000000 1.0000 []
03:37:49 <INFO> Score: 0.68 Agent NLL: 11.21 Valid: 100% Step: 68
 | Agent Prior Target Score SMILES SMILES_state Scaffold SA SA (raw) Alerts Alerts (raw) PS_Scaffold PS_Scaffold (raw) matchting_patterns (Alerts)
 | 10.7920 59.1508 66.7641 0.9837101 Oc1ccccc1N=Nc1ccc(CNCc2ccccc2CN2CCC2)cc1 1 c1ccc(N=Nc2ccc(CNCc3ccccc3CN3CCC3)cc2)cc1 0.9837101 2.3286 1.0000000 1.0000 1.0000000 1.0000 []
 | 13.9550 36.7628 88.0499 0.9750994 Clc1ccc(CNCc2cccc(N3CCCCC=N3)n2)cc1 1 C1=NN(c2cccc(CNCc3ccccc3)n2)CCCC1 0.9750994 2.6107 1.0000000 1.0000 1.0000000 1.0000 []
 | 5.4012 45.1067 -45.1067 0.0000000 O=C(Cc1ccccc1)Nc1ccc(N=Nc2ccccc2)cc1 1 O=C(Cc1ccccc1)Nc1ccc(N=Nc2ccccc2)cc1 0.9920611 1.8548 1.0000000 1.0000 1.0000000 1.0000 []
 | 13.8096 59.2383 57.8361 0.9146442 Cn1nccc1N=Nc1ccc(CN=Nc2ccco2)cc1 1 c1coc(N=NCc2ccc(N=Nc3ccn[nH]3)cc2)c1 0.9146442 3.4550 1.0000000 1.0000 1.0000000 1.0000 []
 | 10.3112 37.8843 88.7416 0.9892650 c1ccc(N=Nc2ccc(Oc3ccc(CN4CCCCC4)cc3)cc2)cc1 1 c1ccc(N=Nc2ccc(Oc3ccc(CN4CCCCC4)cc3)cc2)cc1 0.9892650 2.0532 1.0000000 1.0000 1.0000000 1.0000 []
 | 10.0571 37.0342 86.1015 0.9619980 NC1CC1c1cccc(-c2ccc(N=Nc3ccccc3)cc2)c1 1 c1ccc(N=Nc2ccc(-c3cccc(C4CC4)c3)cc2)cc1 0.9619980 2.8949 1.0000000 1.0000 1.0000000 1.0000 []
 | 12.3658 36.2868 87.4720 0.9668654 Fc1ccccc1N=Nc1ccc(NC2CCCN(Cc3ccccc3)CC2)c(F)c1 1 c1ccc(CN2CCCC(Nc3ccc(N=Nc4ccccc4)cc3)CC2)cc1 0.9668654 2.8024 1.0000000 1.0000 1.0000000 1.0000 []
 | 12.3288 36.4048 87.0312 0.9643438 O=C(c1ccccc1N=Nc1ccncc1)N1CC(F)(C(=O)N2CCCC2)C1 1 O=C(c1ccccc1N=Nc1ccncc1)N1CC(C(=O)N2CCCC2)C1 0.9643438 2.8519 1.0000000 1.0000 1.0000000 1.0000 []
 | 15.3454 43.7576 74.4006 0.9231108 CN(c1ccc(N=Nc2ccccc2O)cc1)C1CCC(=O)N1 1 O=C1CCC(Nc2ccc(N=Nc3ccccc3)cc2)N1 0.9231108 3.3809 1.0000000 1.0000 1.0000000 1.0000 []
 | 18.0901 42.2296 83.7421 0.9841543 Clc1ccc(N=Nc2ccc(-c3ccc(CN4CCCCCC4)cc3)cc2)cn1 1 c1cncc(N=Nc2ccc(-c3ccc(CN4CCCCCC4)cc3)cc2)c1 0.9841543 2.3103 1.0000000 1.0000 1.0000000 1.0000 []
03:37:50 <INFO> Score: 0.76 Agent NLL: 10.73 Valid: 100% Step: 69
 | Agent Prior Target Score SMILES SMILES_state Scaffold SA SA (raw) Alerts Alerts (raw) PS_Scaffold PS_Scaffold (raw) matchting_patterns (Alerts)
 | 10.2699 35.7658 90.1290 0.9835526 Oc1cccc(-c2ccc(N=Nc3ccccc3)cc2)n1 1 c1ccc(N=Nc2ccc(-c3ccccn3)cc2)cc1 0.9835526 2.3350 1.0000000 1.0000 1.0000000 1.0000 []
 | 9.4892 52.8789 72.6855 0.9809718 Cn1nccc1N=Nc1ccc(OCCNC(=O)c2ccccc2)cc1 1 O=C(NCCOc1ccc(N=Nc2ccn[nH]2)cc1)c1ccccc1 0.9809718 2.4316 1.0000000 1.0000 1.0000000 1.0000 []
 | 7.4470 40.7561 85.8467 0.9890845 c1ccc(Cc2ccc(N=Nc3cccnc3)cc2)cc1 1 c1ccc(Cc2ccc(N=Nc3cccnc3)cc2)cc1 0.9890845 2.0642 1.0000000 1.0000 1.0000000 1.0000 []
 | 10.0639 39.1538 87.3175 0.9880573 Fc1ccc(CNCc2ccc(N=Nc3ccccc3F)cc2)cc1 1 c1ccc(CNCc2ccc(N=Nc3ccccc3)cc2)cc1 0.9880573 2.1235 1.0000000 1.0000 1.0000000 1.0000 []
 | 7.9426 35.0072 -35.0072 0.0000000 c1ccc(N=Nc2ccc(NCC3CCCC3)cc2)cc1 1 c1ccc(N=Nc2ccc(NCC3CCCC3)cc2)cc1 0.9883819 2.1053 1.0000000 1.0000 1.0000000 1.0000 []
 | 6.4763 43.5508 -43.5508 0.0000000 O=C(Nc1ccccc1)c1ccc(N=Nc2ccc(CCO)cc2)cc1 1 O=C(Nc1ccccc1)c1ccc(N=Nc2ccccc2)cc1 0.9901422 1.9971 1.0000000 1.0000 1.0000000 1.0000 []
 | 5.8051 46.1845 -46.1845 0.0000000 O=C(Nc1ccc(N=Nc2cccnc2)cc1)c1ccccc1 1 O=C(Nc1ccc(N=Nc2cccnc2)cc1)c1ccccc1 0.9900808 2.0012 1.0000000 1.0000 1.0000000 1.0000 []
 | 18.7899 40.8905 83.8375 0.9744374 c1ccc2nc(CNCc3ccc(N=Nc4cnccn4)cc3)cnc2c1 1 c1ccc2nc(CNCc3ccc(N=Nc4cnccn4)cc3)cnc2c1 0.9744374 2.6283 1.0000000 1.0000 1.0000000 1.0000 []
 | 8.5411 34.2588 92.0908 0.9871062 c1ccc(N=Nc2ccc(CNCCc3cccs3)cc2)cc1 1 c1ccc(N=Nc2ccc(CNCCc3cccs3)cc2)cc1 0.9871062 2.1740 1.0000000 1.0000 1.0000000 1.0000 []
 | 9.0495 42.3877 83.0739 0.9801685 O=C1CCC=NN1c1ccc(F)c(CNCCc2ccccc2)c1 1 O=C1CCC=NN1c1cccc(CNCCc2ccccc2)c1 0.9801685 2.4591 1.0000000 1.0000 1.0000000 1.0000 []
03:37:52 <INFO> Score: 0.81 Agent NLL: 11.29 Valid: 100% Step: 70
 | Agent Prior Target Score SMILES SMILES_state Scaffold SA SA (raw) Alerts Alerts (raw) PS_Scaffold PS_Scaffold (raw) matchting_patterns (Alerts)
 | 7.7796 33.5644 -33.5644 0.0000000 OCCc1ccc(-c2ccc(N=Nc3ccccc3)cc2)cc1 1 c1ccc(N=Nc2ccc(-c3ccccc3)cc2)cc1 0.9902900 1.9872 1.0000000 1.0000 1.0000000 1.0000 []
 | 10.7575 43.6997 81.1396 0.9753070 O=C1CC=NN1c1ccc(F)c(CN2CCCCC2)c1 1 O=C1CC=NN1c1cccc(CN2CCCCC2)c1 0.9753070 2.6051 1.0000000 1.0000 1.0000000 1.0000 []
 | 8.7575 33.9325 92.9232 0.9910603 c1ccc(N=Nc2ccc(CN3CCC3)cc2)cc1 1 c1ccc(N=Nc2ccc(CN3CCC3)cc2)cc1 0.9910603 1.9328 1.0000000 1.0000 1.0000000 1.0000 []
 | 8.7178 37.7277 88.6824 0.9875787 Fc1ccccc1N=Nc1ccc(CNCCCOc2ccccc2)cc1 1 c1ccc(N=Nc2ccc(CNCCCOc3ccccc3)cc2)cc1 0.9875787 2.1494 1.0000000 1.0000 1.0000000 1.0000 []
 | 10.5837 43.4942 -43.4942 0.0000000 O=C(Nc1cccc(N2N=CCC2=O)c1)c1ccccc1 1 O=C(Nc1cccc(N2N=CCC2=O)c1)c1ccccc1 0.9865084 2.2039 1.0000000 1.0000 1.0000000 1.0000 []
 | 13.7955 41.5852 82.7804 0.9716064 OCCc1ccccc1NCc1ccc(N=Nc2ncc[nH]2)cc1 1 c1ccc(NCc2ccc(N=Nc3ncc[nH]3)cc2)cc1 0.9716064 2.6986 1.0000000 1.0000 1.0000000 1.0000 []
 | 20.2812 44.8148 80.6717 0.9803636 Oc1ccc(N=Nc2ccccc2Br)cc1-c1cccc(N2CCC2)c1 1 c1ccc(N=Nc2cccc(-c3cccc(N4CCC4)c3)c2)cc1 0.9803636 2.4525 1.0000000 1.0000 1.0000000 1.0000 []
 | 13.4004 33.6470 80.8261 0.8943211 c1ccc(N=Nc2ccc(CN3CCN(C4CN5CCC4CC5)CC3)cc2)cc1 1 c1ccc(N=Nc2ccc(CN3CCN(C4CN5CCC4CC5)CC3)cc2)cc1 0.8943211 3.6087 1.0000000 1.0000 1.0000000 1.0000 []
 | 11.4269 47.2654 78.9512 0.9860671 COc1ccc(N=Nc2ccc(OCCNCC3CCCC3)cc2)cc1 1 c1ccc(N=Nc2ccc(OCCNCC3CCCC3)cc2)cc1 0.9860671 2.2252 1.0000000 1.0000 1.0000000 1.0000 []
 | 9.1333 41.9025 84.6955 0.9890467 c1ccc(N=Nc2ccc(Oc3cccc(N4CCC4)c3)cc2)cc1 1 c1ccc(N=Nc2ccc(Oc3cccc(N4CCC4)c3)cc2)cc1 0.9890467 2.0665 1.0000000 1.0000 1.0000000 1.0000 []
03:37:52 <INFO> Sampled SMILES n1ccc(N=Nc2cccc(CO)n2)c1C1CCCC1 failed to sanitize.
03:37:54 <INFO> Score: 0.74 Agent NLL: 11.01 Valid:  99% Step: 71
 | Agent Prior Target Score SMILES SMILES_state Scaffold SA SA (raw) Alerts Alerts (raw) PS_Scaffold PS_Scaffold (raw) matchting_patterns (Alerts)
 | 8.5412 37.3230 89.3498 0.9896312 c1ccc(N=Nc2ccc(Oc3ccc(CN4CCCC4)cc3)cc2)cc1 1 c1ccc(N=Nc2ccc(Oc3ccc(CN4CCCC4)cc3)cc2)cc1 0.9896312 2.0304 1.0000000 1.0000 1.0000000 1.0000 []
 | 10.5021 44.0809 82.4056 0.9881762 Fc1ccccc1N=Nc1ccc(OCc2ccccc2-c2ccccc2)cc1 1 c1ccc(N=Nc2ccc(OCc3ccccc3-c3ccccc3)cc2)cc1 0.9881762 2.1169 1.0000000 1.0000 1.0000000 1.0000 []
 | 10.7266 51.2561 73.1043 0.9715656 Fc1cccc(N=Nc2ccc(N=Nc3ccccc3)nc2)c1 1 c1ccc(N=Nc2ccc(N=Nc3ccccc3)nc2)cc1 0.9715656 2.6996 1.0000000 1.0000 1.0000000 1.0000 []
 | 8.5842 36.6639 89.3382 0.9843918 c1cncc(N=Nc2ccc(CNc3ccccc3N3CCCC3)cc2)c1 1 c1cncc(N=Nc2ccc(CNc3ccccc3N3CCCC3)cc2)c1 0.9843918 2.3003 1.0000000 1.0000 1.0000000 1.0000 []
 | 7.8605 47.2426 -47.2426 0.0000000 O=C(Cc1ccccc1)NCc1ccc(N=Nc2ccccc2)cc1 1 O=C(Cc1ccccc1)NCc1ccc(N=Nc2ccccc2)cc1 0.9913001 1.9150 1.0000000 1.0000 1.0000000 1.0000 []
 | 16.3590 53.0788 72.6195 0.9820178 COc1ccccc1N=Nc1cccc(-c2ccnc(CN3CCCCC3)c2)c1 1 c1ccc(N=Nc2cccc(-c3ccnc(CN4CCCCC4)c3)c2)cc1 0.9820178 2.3941 1.0000000 1.0000 1.0000000 1.0000 []
 | 7.3782 33.7377 92.5710 0.9867863 c1ccc(N=Nc2ccc(CNCCc3c[nH]c4ccccc34)cc2)cc1 1 c1ccc(N=Nc2ccc(CNCCc3c[nH]c4ccccc34)cc2)cc1 0.9867863 2.1902 1.0000000 1.0000 1.0000000 1.0000 []
 | 9.1700 48.3002 -48.3002 0.0000000 COc1cccc(N=Nc2ccc(-c3ccc(CN4CCC4)cc3)cc2)c1 1 c1ccc(N=Nc2ccc(-c3ccc(CN4CCC4)cc3)cc2)cc1 0.9888327 2.0792 1.0000000 1.0000 1.0000000 1.0000 []
 | 13.8023 45.4838 78.8191 0.9711164 c1ccc(N=Nc2ccc(OCc3ccccc3OCC3CCCCO3)cc2)cc1 1 c1ccc(N=Nc2ccc(OCc3ccccc3OCC3CCCCO3)cc2)cc1 0.9711164 2.7101 1.0000000 1.0000 1.0000000 1.0000 []
 | 8.6663 38.5964 88.0331 0.9892929 O=C(NCCOc1ccc(N=Nc2ccccc2)cc1)C1CC1 1 O=C(NCCOc1ccc(N=Nc2ccccc2)cc1)C1CC1 0.9892929 2.0515 1.0000000 1.0000 1.0000000 1.0000 []
03:37:54 <INFO> Sampled SMILES c1cc(N=Nc2ccccc2F)ccc1CNN=c1ccccc1O failed to sanitize.
03:37:56 <INFO> Score: 0.72 Agent NLL: 10.81 Valid:  98% Step: 72
 | Agent Prior Target Score SMILES SMILES_state Scaffold SA SA (raw) Alerts Alerts (raw) PS_Scaffold PS_Scaffold (raw) matchting_patterns (Alerts)
 | 12.9382 47.0044 78.7608 0.9825410 COc1cc(CNCc2ccc(N=Nc3ccccc3F)cc2)ccn1 1 c1ccc(N=Nc2ccc(CNCc3ccncc3)cc2)cc1 0.9825410 2.3745 1.0000000 1.0000 1.0000000 1.0000 []
 | 5.3553 43.7461 -43.7461 0.0000000 O=C(Nc1ccc(N=Nc2ccccc2)cc1)c1ccccc1 1 O=C(Nc1ccc(N=Nc2ccccc2)cc1)c1ccccc1 0.9928570 1.7855 1.0000000 1.0000 1.0000000 1.0000 []
 | 9.9175 39.9245 86.7180 0.9893942 Nc1cccc(Oc2ccc(N=Nc3ccccc3)cc2)c1 1 c1ccc(N=Nc2ccc(Oc3ccccc3)cc2)cc1 0.9893942 2.0453 1.0000000 1.0000 1.0000000 1.0000 []
 | 8.6238 44.1936 -44.1936 0.0000000 O=C(Nc1ccc(N=Nc2ccccc2)cc1)c1ccccc1O 1 O=C(Nc1ccc(N=Nc2ccccc2)cc1)c1ccccc1 0.9907541 1.9550 1.0000000 1.0000 1.0000000 1.0000 []
 | 7.6421 38.2317 -38.2317 0.0000000 c1ccc(N=Nc2ccc(OCc3cccc(N4CCCC4)c3)cc2)cc1 1 c1ccc(N=Nc2ccc(OCc3cccc(N4CCCC4)c3)cc2)cc1 0.9886372 2.0907 1.0000000 1.0000 1.0000000 1.0000 []
 | 6.7562 34.7483 91.8531 0.9890733 c1ccc(N=Nc2ccc(OCC3CCCCC3)cc2)cc1 1 c1ccc(N=Nc2ccc(OCC3CCCCC3)cc2)cc1 0.9890733 2.0649 1.0000000 1.0000 1.0000000 1.0000 []
 | 10.3809 38.2880 88.0679 0.9871553 c1ccc(N=Nc2ccc(CNCCC(c3ccccc3)c3ccccc3)cc2)cc1 1 c1ccc(N=Nc2ccc(CNCCC(c3ccccc3)c3ccccc3)cc2)cc1 0.9871553 2.1715 1.0000000 1.0000 1.0000000 1.0000 []
 | 11.4614 39.3617 86.2975 0.9817128 c1cncc(N=Nc2ccc(NCc3ccccc3OC3CCCC3)cc2)c1 1 c1cncc(N=Nc2ccc(NCc3ccccc3OC3CCCC3)cc2)c1 0.9817128 2.4052 1.0000000 1.0000 1.0000000 1.0000 []
 | 14.6260 46.9476 78.6541 0.9812633 O=C(c1ccccc1)c1ccc(N=Nc2ccc(C3=NCCO3)cc2)cc1 1 O=C(c1ccccc1)c1ccc(N=Nc2ccc(C3=NCCO3)cc2)cc1 0.9812633 2.4214 1.0000000 1.0000 1.0000000 1.0000 []
 | 11.9628 42.7707 -42.7707 0.0000000 O=C1CC=NN1c1ccc(Cl)c(CNC2CCCCC2)c1 1 O=C1CC=NN1c1cccc(CNC2CCCCC2)c1 0.9727883 2.6701 1.0000000 1.0000 1.0000000 1.0000 []
03:37:58 <INFO> Score: 0.79 Agent NLL: 11.30 Valid:  99% Step: 73
 | Agent Prior Target Score SMILES SMILES_state Scaffold SA SA (raw) Alerts Alerts (raw) PS_Scaffold PS_Scaffold (raw) matchting_patterns (Alerts)
 | 7.0921 47.6046 -47.6046 0.0000000 O=C(Cc1ccccc1)Nc1ccc(N=Nc2cccnc2)cc1 1 O=C(Cc1ccccc1)Nc1ccc(N=Nc2cccnc2)cc1 0.9891305 2.0614 1.0000000 1.0000 1.0000000 1.0000 []
 | 10.2846 34.3206 91.7268 0.9847450 c1ccc(N=Nc2ccc(CNCCCc3nc4ccccc4[nH]3)cc2)cc1 1 c1ccc(N=Nc2ccc(CNCCCc3nc4ccccc4[nH]3)cc2)cc1 0.9847450 2.2851 1.0000000 1.0000 1.0000000 1.0000 []
 | 8.2334 39.1661 86.4864 0.9816606 c1ccc(N=Nc2ccc(OCc3cccc(-c4nnnn4C4CC4)c3)cc2)cc1 1 c1ccc(N=Nc2ccc(OCc3cccc(-c4nnnn4C4CC4)c3)cc2)cc1 0.9816606 2.4071 1.0000000 1.0000 1.0000000 1.0000 []
 | 10.3842 31.3262 -31.3262 0.0000000 C1=NN(c2ccc(OCc3ccccc3)cc2)CC1 1 C1=NN(c2ccc(OCc3ccccc3)cc2)CC1 0.9875134 2.1529 1.0000000 1.0000 1.0000000 1.0000 []
 | 12.1195 42.6124 82.3317 0.9761264 Oc1cccnc1N=Nc1ccc(CNCc2ccccc2OC(F)F)cc1 1 c1ccc(CNCc2ccc(N=Nc3ccccn3)cc2)cc1 0.9761264 2.5826 1.0000000 1.0000 1.0000000 1.0000 []
 | 9.2203 35.7984 89.8118 0.9813291 c1ccc(N=Nc2ccc(-c3cccc(C4=NCCO4)c3)cc2)cc1 1 c1ccc(N=Nc2ccc(-c3cccc(C4=NCCO4)c3)cc2)cc1 0.9813291 2.4190 1.0000000 1.0000 1.0000000 1.0000 []
 | 16.3243 39.7220 83.5466 0.9630360 O=C1CCC=NN1c1cccc(CNC2(CO)CCCCC2)c1 1 O=C1CCC=NN1c1cccc(CNC2CCCCC2)c1 0.9630360 2.8762 1.0000000 1.0000 1.0000000 1.0000 []
 | 10.1728 39.5955 86.8238 0.9876511 c1ccc(N=Nc2ccc(-c3ccc(N4CCCC4)nc3)cc2)cc1 1 c1ccc(N=Nc2ccc(-c3ccc(N4CCCC4)nc3)cc2)cc1 0.9876511 2.1455 1.0000000 1.0000 1.0000000 1.0000 []
 | 16.6172 54.8187 70.3191 0.9776393 Cc1nccnc1N=Nc1ccc(CNc2ccc(CCO)cc2)cc1 1 c1ccc(NCc2ccc(N=Nc3cnccn3)cc2)cc1 0.9776393 2.5390 1.0000000 1.0000 1.0000000 1.0000 []
 | 8.7031 35.0869 90.8933 0.9842200 c1ccc(N=Nc2ccc(CNC3CCN(CC4CCCC4)CC3)cc2)cc1 1 c1ccc(N=Nc2ccc(CNC3CCN(CC4CCCC4)CC3)cc2)cc1 0.9842200 2.3075 1.0000000 1.0000 1.0000000 1.0000 []
03:37:59 <INFO> Sampled SMILES c1cc(N=Nc2ccc(O)cc2)ccc1CNCC1Cc2cccccc2C1 failed to sanitize.
03:38:51 <INFO> Score: 0.78 Agent NLL: 11.32 Valid:  99% Step: 74
 | Agent Prior Target Score SMILES SMILES_state Scaffold SA SA (raw) Alerts Alerts (raw) PS_Scaffold PS_Scaffold (raw) matchting_patterns (Alerts)
 | 11.0645 32.9410 93.0636 0.9844109 OCc1ccc(N=Nc2ccc3c(c2)OCO3)cc1 1 c1ccc(N=Nc2ccc3c(c2)OCO3)cc1 0.9844109 2.2995 1.0000000 1.0000 1.0000000 1.0000 []
 | 10.5248 41.3574 85.0786 0.9877813 O=C(NCCNCc1ccc(N=Nc2ccccc2)cc1)C1CC1 1 O=C(NCCNCc1ccc(N=Nc2ccccc2)cc1)C1CC1 0.9877813 2.1385 1.0000000 1.0000 1.0000000 1.0000 []
 | 12.4457 41.5862 84.1474 0.9822935 Oc1ccccc1N=Nc1ccc(OCc2ccccn2)c(F)c1 1 c1ccc(N=Nc2ccc(OCc3ccccn3)cc2)cc1 0.9822935 2.3838 1.0000000 1.0000 1.0000000 1.0000 []
 | 10.8805 35.6830 89.9790 0.9817343 c1cncc(N=Nc2ccc(-c3cccnc3N3CCCCC3)cc2)c1 1 c1cncc(N=Nc2ccc(-c3cccnc3N3CCCCC3)cc2)c1 0.9817343 2.4045 1.0000000 1.0000 1.0000000 1.0000 []
 | 12.4730 25.9928 97.7999 0.9671310 O=C(c1ccccc1N=Nc1ccc(O)cc1)N1CCC(F)(C(=O)NCc2cccnc2)CC1 1 O=C(NCc1cccnc1)C1CCN(C(=O)c2ccccc2N=Nc2ccccc2)CC1 0.9671310 2.7970 1.0000000 1.0000 1.0000000 1.0000 []
 | 7.9116 36.1575 89.0261 0.9779965 c1ccc(N=Nc2ccc(CN3CCCC3c3ccccc3)cc2)cc1 1 c1ccc(N=Nc2ccc(CN3CCCC3c3ccccc3)cc2)cc1 0.9779965 2.5282 1.0000000 1.0000 1.0000000 1.0000 []
 | 9.0835 42.6651 -42.6651 0.0000000 O=C1CCC=NN1c1ccc(F)c(CNCc2cccnc2)c1 1 O=C1CCC=NN1c1cccc(CNCc2cccnc2)c1 0.9741863 2.6348 1.0000000 1.0000 1.0000000 1.0000 []
 | 11.1637 35.6995 90.1433 0.9831470 FC1CCN(Cc2ccc(N=Nc3cccc(Cl)c3)cc2)CC1 1 c1ccc(N=Nc2ccc(CN3CCCCC3)cc2)cc1 0.9831470 2.3511 1.0000000 1.0000 1.0000000 1.0000 []
 | 6.0873 33.8082 -33.8082 0.0000000 c1ccc(N=Nc2ccc(CNCC3CCCCC3)cc2)cc1 1 c1ccc(N=Nc2ccc(CNCC3CCCCC3)cc2)cc1 0.9880299 2.1250 1.0000000 1.0000 1.0000000 1.0000 []
 | 10.1648 33.9630 92.2306 0.9858871 Clc1cccc(N=Nc2ccc(CNCC3CCC3)cc2)c1 1 c1ccc(N=Nc2ccc(CNCC3CCC3)cc2)cc1 0.9858871 2.2337 1.0000000 1.0000 1.0000000 1.0000 []
03:38:53 <INFO> Score: 0.84 Agent NLL: 11.60 Valid: 100% Step: 75
 | Agent Prior Target Score SMILES SMILES_state Scaffold SA SA (raw) Alerts Alerts (raw) PS_Scaffold PS_Scaffold (raw) matchting_patterns (Alerts)
 | 12.5829 34.6037 91.5263 0.9853902 c1ccc(N=Nc2ccc(-c3ccc(OCC4CC4)cc3)cc2)nc1 1 c1ccc(N=Nc2ccc(-c3ccc(OCC4CC4)cc3)cc2)nc1 0.9853902 2.2566 1.0000000 1.0000 1.0000000 1.0000 []
 | 8.0110 45.6298 79.2362 0.9755154 c1ccc(N=Nc2ccc(CNCC3=NCCC3)cc2)cc1 1 c1ccc(N=Nc2ccc(CNCC3=NCCC3)cc2)cc1 0.9755154 2.5995 1.0000000 1.0000 1.0000000 1.0000 []
 | 14.2594 33.1165 80.7229 0.8893697 O=C(C1C(c2ccccc2)CCN1C(=O)c1ccccc1N=Nc1cccc(O)c1)N(CCO)C1CCCC1 1 O=C(NC1CCCC1)C1C(c2ccccc2)CCN1C(=O)c1ccccc1N=Nc1ccccc1 0.8893697 3.6422 1.0000000 1.0000 1.0000000 1.0000 []
 | 9.8441 36.8463 89.7229 0.9888217 Brc1ccc(NCCOc2ccc(N=Nc3ccccc3)cc2)cc1 1 c1ccc(N=Nc2ccc(OCCNc3ccccc3)cc2)cc1 0.9888217 2.0799 1.0000000 1.0000 1.0000000 1.0000 []
 | 8.9399 41.0514 84.5914 0.9815843 c1ccc(C(NCc2ccc(N=Nc3ncccn3)cc2)c2ccccc2)cc1 1 c1ccc(C(NCc2ccc(N=Nc3ncccn3)cc2)c2ccccc2)cc1 0.9815843 2.4099 1.0000000 1.0000 1.0000000 1.0000 []
 | 10.5837 41.6383 84.5050 0.9854950 c1ccc(N=Nc2ccc(Oc3ccc(CN4CCCC4)nc3)cc2)cc1 1 c1ccc(N=Nc2ccc(Oc3ccc(CN4CCCC4)nc3)cc2)cc1 0.9854950 2.2518 1.0000000 1.0000 1.0000000 1.0000 []
 | 9.2708 48.8976 75.9885 0.9756722 Cn1nccc1N=Nc1ccc(OCc2cccc(C(F)(F)F)c2)cc1 1 c1ccc(COc2ccc(N=Nc3ccn[nH]3)cc2)cc1 0.9756722 2.5952 1.0000000 1.0000 1.0000000 1.0000 []
 | 13.2089 35.8251 89.1161 0.9761027 O=C1COc2cc(-c3ccc(N=Nc4cccc(F)c4)cc3F)ccc21 1 O=C1COc2cc(-c3ccc(N=Nc4ccccc4)cc3)ccc21 0.9761027 2.5833 1.0000000 1.0000 1.0000000 1.0000 []
 | 13.2550 36.4922 89.2715 0.9825289 Fc1ccc(CN2CCCC2)c(-c2ccc(N=Nc3cccnc3)cc2)c1 1 c1cncc(N=Nc2ccc(-c3ccccc3CN3CCCC3)cc2)c1 0.9825289 2.3750 1.0000000 1.0000 1.0000000 1.0000 []
 | 16.6190 49.3848 76.1630 0.9808421 COc1ccc(N=Nc2ccc(CNCc3ccc(N4CCCCC4)cc3)cc2)nc1 1 c1ccc(N=Nc2ccc(CNCc3ccc(N4CCCCC4)cc3)cc2)nc1 0.9808421 2.4361 1.0000000 1.0000 1.0000000 1.0000 []
03:38:54 <INFO> Score: 0.71 Agent NLL: 10.64 Valid: 100% Step: 76
 | Agent Prior Target Score SMILES SMILES_state Scaffold SA SA (raw) Alerts Alerts (raw) PS_Scaffold PS_Scaffold (raw) matchting_patterns (Alerts)
 | 7.3700 34.9939 91.6573 0.9894621 c1ccc(CN2CCCN(Cc3ccc(N=Nc4ccccc4)cc3)CC2)cc1 1 c1ccc(CN2CCCN(Cc3ccc(N=Nc4ccccc4)cc3)CC2)cc1 0.9894621 2.0410 1.0000000 1.0000 1.0000000 1.0000 []
 | 12.0421 34.6656 83.9247 0.9264863 O=C(C1C(c2ccccc2)CCN1C(=O)c1ccccc1N=Nc1ccc(O)cc1)N1CCCCC1 1 O=C(C1C(c2ccccc2)CCN1C(=O)c1ccccc1N=Nc1ccccc1)N1CCCCC1 0.9264863 3.3493 1.0000000 1.0000 1.0000000 1.0000 []
 | 11.7539 40.0488 84.6951 0.9745616 c1ccc(N=Nc2ccc(CNCC3CCCO3)cc2)cc1 1 c1ccc(N=Nc2ccc(CNCC3CCCO3)cc2)cc1 0.9745616 2.6250 1.0000000 1.0000 1.0000000 1.0000 []
 | 8.3228 42.8438 -42.8438 0.0000000 O=C(Nc1ccccc1COc1ccc(N=Nc2ccccc2)cc1)C1CC1 1 O=C(Nc1ccccc1COc1ccc(N=Nc2ccccc2)cc1)C1CC1 0.9883981 2.1044 1.0000000 1.0000 1.0000000 1.0000 []
 | 9.4748 40.4944 86.3768 0.9911815 c1ccc(N=Nc2ccc(Oc3ccc(Nc4ccccc4)cc3)cc2)cc1 1 c1ccc(N=Nc2ccc(Oc3ccc(Nc4ccccc4)cc3)cc2)cc1 0.9911815 1.9239 1.0000000 1.0000 1.0000000 1.0000 []
 | 13.5097 44.3642 81.1353 0.9804653 c1ccc2sc(N=Nc3ccc(OCCNCC4CCCCC4)cc3)nc2c1 1 c1ccc2sc(N=Nc3ccc(OCCNCC4CCCCC4)cc3)nc2c1 0.9804653 2.4491 1.0000000 1.0000 1.0000000 1.0000 []
 | 10.2053 44.7143 -44.7143 0.0000000 O=C(Cc1ccccc1)Nc1ccc(N=Nc2ccccc2)cc1F 1 O=C(Cc1ccccc1)Nc1ccc(N=Nc2ccccc2)cc1 0.9897678 2.0217 1.0000000 1.0000 1.0000000 1.0000 []
 | 12.3257 44.4301 77.7627 0.9546311 O=C1CCC=NN1c1ccc(F)c(CNC2CCCN(Cc3ccccc3)C2)c1 1 O=C1CCC=NN1c1cccc(CNC2CCCN(Cc3ccccc3)C2)c1 0.9546311 3.0154 1.0000000 1.0000 1.0000000 1.0000 []
 | 9.0673 34.5824 91.1875 0.9825774 FC(F)C1CCN(Cc2ccc(N=Nc3ccccc3)cc2)CC1 1 c1ccc(N=Nc2ccc(CN3CCCCC3)cc2)cc1 0.9825774 2.3731 1.0000000 1.0000 1.0000000 1.0000 []
 | 14.3738 53.0221 72.6006 0.9814272 O=C(Cc1ncccn1)Nc1ccc(N=Nc2ccccc2O)cc1 1 O=C(Cc1ncccn1)Nc1ccc(N=Nc2ccccc2)cc1 0.9814272 2.4155 1.0000000 1.0000 1.0000000 1.0000 []
03:38:55 <INFO> Sampled SMILES c1cc(N=Nc2ccccc2)ccc1CNCCc1nc[nH]1 failed to sanitize.
03:38:57 <INFO> Score: 0.69 Agent NLL: 11.50 Valid:  96% Step: 77
 | Agent Prior Target Score SMILES SMILES_state Scaffold SA SA (raw) Alerts Alerts (raw) PS_Scaffold PS_Scaffold (raw) matchting_patterns (Alerts)
 | 8.9075 34.7347 -34.7347 0.0000000 FC1CCN(Cc2ccc(N=Nc3ccccc3)cc2)CC1 1 c1ccc(N=Nc2ccc(CN3CCCCC3)cc2)cc1 0.9859497 2.2307 1.0000000 1.0000 1.0000000 1.0000 []
 | 9.9167 48.6197 76.6016 0.9782913 c1ccc(N=NOc2ccc(N=Nc3ccccc3)cc2)cc1 1 c1ccc(N=NOc2ccc(N=Nc3ccccc3)cc2)cc1 0.9782913 2.5192 1.0000000 1.0000 1.0000000 1.0000 []
 | 17.7442 43.8828 81.7466 0.9814799 Fc1cc(N=Nc2ccccc2Cl)ccc1OCc1nc2ccccc2s1 1 c1ccc(N=Nc2ccc(OCc3nc4ccccc4s3)cc2)cc1 0.9814799 2.4136 1.0000000 1.0000 1.0000000 1.0000 []
 | 9.2606 36.0364 89.8227 0.9832746 c1cncc(N=Nc2ccc(CNCc3cccc(C4CC4)c3)cc2)c1 1 c1cncc(N=Nc2ccc(CNCc3cccc(C4CC4)c3)cc2)c1 0.9832746 2.3461 1.0000000 1.0000 1.0000000 1.0000 []
 | 12.3873 37.8748 87.6914 0.9809859 Fc1ccccc1N=Nc1ccc(CNCc2ccccc2OCCN2CCOCC2)cc1 1 c1ccc(N=Nc2ccc(CNCc3ccccc3OCCN3CCOCC3)cc2)cc1 0.9809859 2.4311 1.0000000 1.0000 1.0000000 1.0000 []
 | 8.9210 39.1836 87.1356 0.9868686 c1ccc(COc2cccnc2Oc2ccc(N=Nc3ccccc3)cc2)cc1 1 c1ccc(COc2cccnc2Oc2ccc(N=Nc3ccccc3)cc2)cc1 0.9868686 2.1861 1.0000000 1.0000 1.0000000 1.0000 []
 | 9.0076 38.2508 -38.2508 0.0000000 Oc1ccc(F)cc1COc1ccc(N=Nc2ccccc2)cc1 1 c1ccc(COc2ccc(N=Nc3ccccc3)cc2)cc1 0.9879177 2.1311 1.0000000 1.0000 1.0000000 1.0000 []
 | 9.4481 33.0517 -33.0517 0.0000000 Fc1cc(N=Nc2ccccc2F)ccc1Cc1ccccc1 1 c1ccc(Cc2ccc(N=Nc3ccccc3)cc2)cc1 0.9867589 2.1916 1.0000000 1.0000 1.0000000 1.0000 []
 | 11.2472 40.9721 80.3124 0.9475351 FC1CCCCC1NCCOc1ccc(N=Nc2ccccc2)cc1 1 c1ccc(N=Nc2ccc(OCCNC3CCCCC3)cc2)cc1 0.9475351 3.1149 1.0000000 1.0000 1.0000000 1.0000 []
 | 7.9237 39.5604 86.6806 0.9862576 Oc1ccc(C2CC2)cc1Oc1ccc(N=Nc2ccccc2)cc1 1 c1ccc(N=Nc2ccc(Oc3cccc(C4CC4)c3)cc2)cc1 0.9862576 2.2161 1.0000000 1.0000 1.0000000 1.0000 []
03:38:59 <INFO> Score: 0.73 Agent NLL: 11.48 Valid: 100% Step: 78
 | Agent Prior Target Score SMILES SMILES_state Scaffold SA SA (raw) Alerts Alerts (raw) PS_Scaffold PS_Scaffold (raw) matchting_patterns (Alerts)
 | 9.4257 57.7486 67.2599 0.9766287 O=C(c1ccc(N=Nc2ccccc2)cc1)c1ccccc1N=Nc1ccncc1 1 O=C(c1ccc(N=Nc2ccccc2)cc1)c1ccccc1N=Nc1ccncc1 0.9766287 2.5684 1.0000000 1.0000 1.0000000 1.0000 []
 | 11.7094 37.6417 88.8076 0.9878857 c1ccc(N=Nc2ccc(N3CCN(c4ccccn4)CC3)cc2)cc1 1 c1ccc(N=Nc2ccc(N3CCN(c4ccccn4)CC3)cc2)cc1 0.9878857 2.1329 1.0000000 1.0000 1.0000000 1.0000 []
 | 9.2723 34.4378 -34.4378 0.0000000 OCCCC1CCN(Cc2ccc(N=Nc3ccccc3)cc2)CC1 1 c1ccc(N=Nc2ccc(CN3CCCCC3)cc2)cc1 0.9865620 2.2013 1.0000000 1.0000 1.0000000 1.0000 []
 | 9.7593 50.2313 76.0791 0.9868003 O=C(Nc1ccccc1)c1ccc(N=Nc2cncnc2)cc1 1 O=C(Nc1ccccc1)c1ccc(N=Nc2cncnc2)cc1 0.9868003 2.1895 1.0000000 1.0000 1.0000000 1.0000 []
 | 6.5891 44.0873 -44.0873 0.0000000 COc1cccc(COc2ccc(N=Nc3ccccc3)cc2)c1 1 c1ccc(COc2ccc(N=Nc3ccccc3)cc2)cc1 0.9911246 1.9281 1.0000000 1.0000 1.0000000 1.0000 []
 | 7.5723 35.2935 -35.2935 0.0000000 Fc1ccccc1COc1ccc(N=Nc2ccccc2)cc1 1 c1ccc(COc2ccc(N=Nc3ccccc3)cc2)cc1 0.9908674 1.9469 1.0000000 1.0000 1.0000000 1.0000 []
 | 12.6448 34.6456 90.6118 0.9785734 c1ccc(N=Nc2ccc(CNCc3csc(-c4cnccn4)n3)cc2)cc1 1 c1ccc(N=Nc2ccc(CNCc3csc(-c4cnccn4)n3)cc2)cc1 0.9785734 2.5105 1.0000000 1.0000 1.0000000 1.0000 []
 | 13.5490 57.1779 67.9296 0.9774022 O=C(c1ccc(F)cc1)c1ccc(N=Nc2nccnc2O)cc1 1 O=C(c1ccccc1)c1ccc(N=Nc2cnccn2)cc1 0.9774022 2.5460 1.0000000 1.0000 1.0000000 1.0000 []
 | 13.8117 43.1077 82.6518 0.9824966 Fc1ccccc1N=Nc1ccc(CNCCc2nc(-c3ccccc3)no2)cc1 1 c1ccc(N=Nc2ccc(CNCCc3nc(-c4ccccc4)no3)cc2)cc1 0.9824966 2.3762 1.0000000 1.0000 1.0000000 1.0000 []
 | 13.7431 52.7289 -52.7289 0.0000000 CC(=O)c1cccc(Oc2ccc(N=Nc3ccccc3)cc2)c1 1 c1ccc(N=Nc2ccc(Oc3ccccc3)cc2)cc1 0.9899544 2.0095 1.0000000 1.0000 1.0000000 1.0000 []
03:39:00 <INFO> Sampled SMILES c1cc(N=Nc2ccccc2F)ccc1ON=C1ccccc1OC1CCCC1 failed to sanitize.
03:39:02 <INFO> Score: 0.72 Agent NLL: 11.97 Valid:  96% Step: 79
 | Agent Prior Target Score SMILES SMILES_state Scaffold SA SA (raw) Alerts Alerts (raw) PS_Scaffold PS_Scaffold (raw) matchting_patterns (Alerts)
 | 24.3293 28.3106 95.6401 0.9683652 Cc1ccc(N2SCC2=NNc2ccc(F)cc2)cc1C 1 c1ccc(NN=C2CSN2c2ccccc2)cc1 0.9683652 2.7712 1.0000000 1.0000 1.0000000 1.0000 []
 | 11.5175 45.0821 80.5838 0.9817644 c1ccc(CNCc2ccc(N=Nc3ccnnc3)cc2)cc1 1 c1ccc(CNCc2ccc(N=Nc3ccnnc3)cc2)cc1 0.9817644 2.4034 1.0000000 1.0000 1.0000000 1.0000 []
 | 8.2525 49.6736 -49.6736 0.0000000 O=C(Nc1ccccc1)c1ccc(N=Nc2ccc(CO)o2)cc1 1 O=C(Nc1ccccc1)c1ccc(N=Nc2ccco2)cc1 0.9821040 2.3909 1.0000000 1.0000 1.0000000 1.0000 []
 | 19.4864 51.4155 -51.4155 0.0000000 c1ccc(N2N=CCC2=O)cc1CNC(=O)C1CC1)c1ccccc1 0 -- 0.0000000 0.0000 0.0000000 0.0000 0.0000000 0.0000 None
 | 12.2439 45.7192 79.1815 0.9757864 c1ccc(N2CCCC2)c(CNCc2ccc(N=Nc3ccnnc3)cc2)c1 1 c1ccc(N2CCCC2)c(CNCc2ccc(N=Nc3ccnnc3)cc2)c1 0.9757864 2.5921 1.0000000 1.0000 1.0000000 1.0000 []
 | 7.5227 42.3259 84.3106 0.9893479 c1ccc(N=Nc2ccc(OCc3ccc(C4CCC4)cc3)cc2)cc1 1 c1ccc(N=Nc2ccc(OCc3ccc(C4CCC4)cc3)cc2)cc1 0.9893479 2.0481 1.0000000 1.0000 1.0000000 1.0000 []
 | 12.6993 41.8651 84.2912 0.9855956 Clc1ccccc1N=Nc1ccc(OCc2ccccc2-c2ccncc2)cc1 1 c1ccc(N=Nc2ccc(OCc3ccccc3-c3ccncc3)cc2)cc1 0.9855956 2.2472 1.0000000 1.0000 1.0000000 1.0000 []
 | 13.6427 33.4635 89.1095 0.9576018 O=C(NC1CCCN(C(=O)c2ccccc2N=Nc2ccc(O)cc2)C1)c1cccc(F)c1F 1 O=C(NC1CCCN(C(=O)c2ccccc2N=Nc2ccccc2)C1)c1ccccc1 0.9576018 2.9692 1.0000000 1.0000 1.0000000 1.0000 []
 | 9.4275 41.1426 85.2277 0.9872683 Fc1ccccc1N=Nc1ccc(Oc2ccc(C3CC3)cc2)cc1 1 c1ccc(N=Nc2ccc(Oc3ccc(C4CC4)cc3)cc2)cc1 0.9872683 2.1657 1.0000000 1.0000 1.0000000 1.0000 []
 | 13.8339 61.6622 63.0058 0.9739685 Oc1cccc(N=Nc2ccc(CNCc3ccccc3N3CCCC3)cc2)n1 1 c1ccc(N=Nc2ccc(CNCc3ccccc3N3CCCC3)cc2)nc1 0.9739685 2.6404 1.0000000 1.0000 1.0000000 1.0000 []
03:40:00 <INFO> Score: 0.80 Agent NLL: 11.85 Valid:  99% Step: 80
 | Agent Prior Target Score SMILES SMILES_state Scaffold SA SA (raw) Alerts Alerts (raw) PS_Scaffold PS_Scaffold (raw) matchting_patterns (Alerts)
 | 10.1196 38.2880 -38.2880 0.0000000 c1ccc(N=Nc2ccc(CNCCC(c3ccccc3)c3ccccc3)cc2)cc1 1 c1ccc(N=Nc2ccc(CNCCC(c3ccccc3)c3ccccc3)cc2)cc1 0.9871553 2.1715 1.0000000 1.0000 1.0000000 1.0000 []
 | 13.1638 40.9830 85.5027 0.9881696 OCc1ccc(N=Nc2ccc(OCc3ccc4ccccc4c3)cc2)cc1 1 c1ccc(N=Nc2ccc(OCc3ccc4ccccc4c3)cc2)cc1 0.9881696 2.1173 1.0000000 1.0000 1.0000000 1.0000 []
 | 12.9037 47.2183 77.1558 0.9716727 Oc1nccnc1N=Nc1ccc(-c2ccc(N3CCCCC3)nc2)cc1 1 c1cnc(N=Nc2ccc(-c3ccc(N4CCCCC4)nc3)cc2)cn1 0.9716727 2.6970 1.0000000 1.0000 1.0000000 1.0000 []
 | 9.0007 46.6373 79.6816 0.9868662 c1ccc(N=Nc2ccc(-c3ccccc3N=Nc3ccccc3)cc2)cc1 1 c1ccc(N=Nc2ccc(-c3ccccc3N=Nc3ccccc3)cc2)cc1 0.9868662 2.1862 1.0000000 1.0000 1.0000000 1.0000 []
 | 12.3365 53.6959 70.0504 0.9667677 Oc1ccc(Cl)cc1N=Nc1ccc(N=Nc2ccccc2)nc1 1 c1ccc(N=Nc2ccc(N=Nc3ccccc3)nc2)cc1 0.9667677 2.8044 1.0000000 1.0000 1.0000000 1.0000 []
 | 18.4233 42.3380 82.4318 0.9747640 O=[N+]([O-])c1ccc(-c2noc(-c3ccc(N=Nc4ncccn4)cc3)n2)cc1 1 c1ccc(-c2noc(-c3ccc(N=Nc4ncccn4)cc3)n2)cc1 0.9747640 2.6197 1.0000000 1.0000 1.0000000 1.0000 []
 | 10.3272 56.4857 68.4364 0.9759535 c1cc(CC2CCCC2)cc(Oc2ccc(N=Nc3ccnnc3)cc2)c1 1 c1cc(CC2CCCC2)cc(Oc2ccc(N=Nc3ccnnc3)cc2)c1 0.9759535 2.5874 1.0000000 1.0000 1.0000000 1.0000 []
 | 7.8566 39.1220 86.1751 0.9788841 c1ccc(N=Nc2ccc(OCc3cccc(-c4cc[nH]n4)c3)cc2)cc1 1 c1ccc(N=Nc2ccc(OCc3cccc(-c4cc[nH]n4)c3)cc2)cc1 0.9788841 2.5008 1.0000000 1.0000 1.0000000 1.0000 []
 | 11.0552 43.8047 80.7778 0.9733010 c1ccc(N=Nc2cccc(OCC3CCCCO3)c2)cc1 1 c1ccc(N=Nc2cccc(OCC3CCCCO3)c2)cc1 0.9733010 2.6574 1.0000000 1.0000 1.0000000 1.0000 []
 | 10.2350 45.5642 -45.5642 0.0000000 O=C1CCC=NN1c1ccc(F)c(CNCc2ccccc2OCCN2CCCCC2)c1 1 O=C1CCC=NN1c1cccc(CNCc2ccccc2OCCN2CCCCC2)c1 0.9732416 2.6589 1.0000000 1.0000 1.0000000 1.0000 []
03:40:02 <INFO> Score: 0.72 Agent NLL: 11.48 Valid: 100% Step: 81
 | Agent Prior Target Score SMILES SMILES_state Scaffold SA SA (raw) Alerts Alerts (raw) PS_Scaffold PS_Scaffold (raw) matchting_patterns (Alerts)
 | 8.1391 34.8970 91.5966 0.9882317 c1ccc(CN2CCC(NCc3ccc(N=Nc4ccccc4)cc3)CC2)cc1 1 c1ccc(CN2CCC(NCc3ccc(N=Nc4ccccc4)cc3)CC2)cc1 0.9882317 2.1138 1.0000000 1.0000 1.0000000 1.0000 []
 | 9.8167 44.1894 81.7197 0.9836643 c1cncc(N=Nc2ccc(Oc3ccc(NCCN4CCC4)cc3)cc2)c1 1 c1cncc(N=Nc2ccc(Oc3ccc(NCCN4CCC4)cc3)cc2)c1 0.9836643 2.3304 1.0000000 1.0000 1.0000000 1.0000 []
 | 16.0608 46.0951 77.9517 0.9691157 c1cnc(N2CCCC2)c(Oc2ccc(N=Nc3ccn[nH]3)cc2)c1 1 c1cnc(N2CCCC2)c(Oc2ccc(N=Nc3ccn[nH]3)cc2)c1 0.9691157 2.7550 1.0000000 1.0000 1.0000000 1.0000 []
 | 11.4848 49.1962 -49.1962 0.0000000 Cc1cc(N=Nc2cccc(O)c2)ccc1[N+]c1ccccc1 1 c1ccc(N=Nc2ccc([N+]c3ccccc3)cc2)cc1 0.9608830 2.9145 1.0000000 1.0000 1.0000000 1.0000 []
 | 14.0135 67.7753 55.8258 0.9656342 OCc1ccccc1NN=Cc1ccc(N=Nc2cccc(O)n2)cc1 1 C(=NNc1ccccc1)c1ccc(N=Nc2ccccn2)cc1 0.9656342 2.8270 1.0000000 1.0000 1.0000000 1.0000 []
 | 10.7872 45.9410 77.0305 0.9607145 COc1cccc(N=Nc2ccc(CNCC3OCCc4ccccc43)cc2)c1 1 c1ccc(N=Nc2ccc(CNCC3OCCc4ccccc43)cc2)cc1 0.9607145 2.9175 1.0000000 1.0000 1.0000000 1.0000 []
 | 14.1967 41.4281 -41.4281 0.0000000 Clc1cccc(N=Nc2ccc(-c3ccc(C4CCC4)cc3)cc2)c1 1 c1ccc(N=Nc2ccc(-c3ccc(C4CCC4)cc3)cc2)cc1 0.9878993 2.1321 1.0000000 1.0000 1.0000000 1.0000 []
 | 13.7731 36.2594 89.6642 0.9837779 Fc1ccccc1N=Nc1ccc(CN2CCN(Cc3cccs3)CC2)cc1 1 c1ccc(N=Nc2ccc(CN3CCN(Cc4cccs4)CC3)cc2)cc1 0.9837779 2.3258 1.0000000 1.0000 1.0000000 1.0000 []
 | 18.4813 41.3302 82.6784 0.9688175 c1nc(CNCc2ccc(N=Nc3ccc4c(c3)OCCO4)cc2)c[nH]1 1 c1nc(CNCc2ccc(N=Nc3ccc4c(c3)OCCO4)cc2)c[nH]1 0.9688175 2.7615 1.0000000 1.0000 1.0000000 1.0000 []
 | 12.0685 32.5915 -32.5915 0.0000000 Cc1ccc(N=Nc2ccc(NC(=O)c3ccc(F)cc3)cc2)cc1C 1 O=C(Nc1ccc(N=Nc2ccccc2)cc1)c1ccccc1 0.9899220 2.0117 1.0000000 1.0000 1.0000000 1.0000 []
03:40:03 <INFO> Score: 0.72 Agent NLL: 11.39 Valid: 100% Step: 82
 | Agent Prior Target Score SMILES SMILES_state Scaffold SA SA (raw) Alerts Alerts (raw) PS_Scaffold PS_Scaffold (raw) matchting_patterns (Alerts)
 | 17.3301 62.8513 61.7078 0.9731179 O=C(Nc1ccccc1CCNC1CC1)c1ccc(N=Nc2cscn2)cc1 1 O=C(Nc1ccccc1CCNC1CC1)c1ccc(N=Nc2cscn2)cc1 0.9731179 2.6619 1.0000000 1.0000 1.0000000 1.0000 []
 | 18.4144 35.6629 90.8577 0.9884420 Cc1ccccc1N=Nc1ccc(NC(=O)Cc2ccc(Oc3ccccc3)cc2)cc1 1 O=C(Cc1ccc(Oc2ccccc2)cc1)Nc1ccc(N=Nc2ccccc2)cc1 0.9884420 2.1019 1.0000000 1.0000 1.0000000 1.0000 []
 | 9.6157 37.6195 88.7435 0.9872112 c1ccc(N=Nc2ccc(Oc3ccccc3N3CCOCC3)cc2)cc1 1 c1ccc(N=Nc2ccc(Oc3ccccc3N3CCOCC3)cc2)cc1 0.9872112 2.1686 1.0000000 1.0000 1.0000000 1.0000 []
 | 7.7717 33.9276 90.5889 0.9727846 c1ccc(N=Nc2ccc(CN3CCC(c4cc[nH]n4)CC3)cc2)cc1 1 c1ccc(N=Nc2ccc(CN3CCC(c4cc[nH]n4)CC3)cc2)cc1 0.9727846 2.6702 1.0000000 1.0000 1.0000000 1.0000 []
 | 7.6948 39.6001 86.5091 0.9852285 c1ccc(N=Nc2ccc(Oc3ccnc(N4CCCC4)c3)cc2)cc1 1 c1ccc(N=Nc2ccc(Oc3ccnc(N4CCCC4)c3)cc2)cc1 0.9852285 2.2638 1.0000000 1.0000 1.0000000 1.0000 []
 | 11.6475 41.5337 85.1886 0.9900178 c1ccc(N=Nc2ccc(Oc3ccc(CNc4ccccc4)cc3)cc2)cc1 1 c1ccc(N=Nc2ccc(Oc3ccc(CNc4ccccc4)cc3)cc2)cc1 0.9900178 2.0054 1.0000000 1.0000 1.0000000 1.0000 []
 | 8.7183 50.0466 75.8472 0.9835453 c1cncc(N=Nc2ccc(Oc3cccc(CC4CCCC4)c3)cc2)c1 1 c1cncc(N=Nc2ccc(Oc3cccc(CC4CCCC4)c3)cc2)c1 0.9835453 2.3352 1.0000000 1.0000 1.0000000 1.0000 []
 | 12.8279 29.1381 88.6148 0.9199446 O=C(c1ccccc1N=Nc1cccc(O)c1)N1CCCC1CCNC(=O)C1(F)CCCCC1 1 O=C(NCCC1CCCN1C(=O)c1ccccc1N=Nc1ccccc1)C1CCCCC1 0.9199446 3.4094 1.0000000 1.0000 1.0000000 1.0000 []
 | 12.0924 25.4994 96.7792 0.9553016 O=C(c1ccccc1N=Nc1ccc(O)cc1)N1CCCC(C(=O)N2CCC(CO)CC2)C1 1 O=C(c1ccccc1N=Nc1ccccc1)N1CCCC(C(=O)N2CCCCC2)C1 0.9553016 3.0052 1.0000000 1.0000 1.0000000 1.0000 []
 | 8.3215 34.8209 -34.8209 0.0000000 Clc1cccc(N=Nc2ccc(CN3CCCCC3)cc2)c1 1 c1ccc(N=Nc2ccc(CN3CCCCC3)cc2)cc1 0.9887251 2.0856 1.0000000 1.0000 1.0000000 1.0000 []
03:40:05 <INFO> Score: 0.68 Agent NLL: 11.64 Valid:  99% Step: 83
 | Agent Prior Target Score SMILES SMILES_state Scaffold SA SA (raw) Alerts Alerts (raw) PS_Scaffold PS_Scaffold (raw) matchting_patterns (Alerts)
 | 11.0317 48.6259 76.0178 0.9737789 Oc1ccc(C=NOc2ccc(N=Nc3ccccn3)cc2)cc1 1 C(=NOc1ccc(N=Nc2ccccn2)cc1)c1ccccc1 0.9737789 2.6453 1.0000000 1.0000 1.0000000 1.0000 []
 | 8.1490 35.0620 -35.0620 0.0000000 OC1CCC(NCc2ccc(N=Nc3ccccc3)cc2)CC1 1 c1ccc(N=Nc2ccc(CNC3CCCCC3)cc2)cc1 0.9856460 2.2449 1.0000000 1.0000 1.0000000 1.0000 []
 | 11.1104 35.7908 90.5819 0.9872862 c1ccc(N=Nc2ccc(OCc3cc4ccccc4o3)cc2)cc1 1 c1ccc(N=Nc2ccc(OCc3cc4ccccc4o3)cc2)cc1 0.9872862 2.1647 1.0000000 1.0000 1.0000000 1.0000 []
 | 12.6429 49.9081 75.2918 0.9781242 c1cncc(N=Nc2ccc(OCc3ccc(C4=NCCCC4)cc3)cc2)c1 1 c1cncc(N=Nc2ccc(OCc3ccc(C4=NCCCC4)cc3)cc2)c1 0.9781242 2.5244 1.0000000 1.0000 1.0000000 1.0000 []
 | 11.5540 65.2843 59.4183 0.9742387 c1ccc(N=Nc2ccc(CN=Nc3ccccc3CN3CCC3)cc2)cc1 1 c1ccc(N=Nc2ccc(CN=Nc3ccccc3CN3CCC3)cc2)cc1 0.9742387 2.6335 1.0000000 1.0000 1.0000000 1.0000 []
 | 11.3817 26.1691 86.2913 0.8785964 O=C(c1ccccc1N=Nc1ccc(O)cc1)N1CCCC(F)(C(=O)N2CCC(F)C2)C1 1 O=C(c1ccccc1N=Nc1ccccc1)N1CCCC(C(=O)N2CCCC2)C1 0.8785964 3.7107 1.0000000 1.0000 1.0000000 1.0000 []
 | 6.5584 37.0808 -37.0808 0.0000000 c1ccc(N=Nc2ccc(-c3ccc(N4CCC4)cc3)cc2)cc1 1 c1ccc(N=Nc2ccc(-c3ccc(N4CCC4)cc3)cc2)cc1 0.9905613 1.9685 1.0000000 1.0000 1.0000000 1.0000 []
 | 10.3315 42.5639 82.7313 0.9788685 c1ccc(N=Nc2ccc(Oc3ccc(NC4CCCC4)nc3)cc2)nc1 1 c1ccc(N=Nc2ccc(Oc3ccc(NC4CCCC4)nc3)cc2)nc1 0.9788685 2.5013 1.0000000 1.0000 1.0000000 1.0000 []
 | 12.3583 46.2790 78.3401 0.9735868 OCc1ccc(CNCc2ccc(N=Nc3ncnc4c3CCC4)cc2)cc1 1 c1ccc(CNCc2ccc(N=Nc3ncnc4c3CCC4)cc2)cc1 0.9735868 2.6502 1.0000000 1.0000 1.0000000 1.0000 []
 | 13.3881 61.5052 65.0347 0.9885935 COc1ccc(Nc2ccc(N=Nc3ccc(C4CC4)cc3)cc2)cc1 1 c1ccc(Nc2ccc(N=Nc3ccc(C4CC4)cc3)cc2)cc1 0.9885935 2.0932 1.0000000 1.0000 1.0000000 1.0000 []
03:40:08 <INFO> Score: 0.74 Agent NLL: 11.68 Valid:  99% Step: 84
 | Agent Prior Target Score SMILES SMILES_state Scaffold SA SA (raw) Alerts Alerts (raw) PS_Scaffold PS_Scaffold (raw) matchting_patterns (Alerts)
 | 9.5946 42.1378 83.6637 0.9828243 c1ccc(N=Nc2ccc(CNCc3cc(C4CC4)ccn3)cc2)cc1 1 c1ccc(N=Nc2ccc(CNCc3cc(C4CC4)ccn3)cc2)cc1 0.9828243 2.3637 1.0000000 1.0000 1.0000000 1.0000 []
 | 11.9430 45.3760 80.8441 0.9860951 CCOc1cccc(Oc2ccc(N=Nc3ccccn3)cc2)c1 1 c1ccc(Oc2ccc(N=Nc3ccccn3)cc2)cc1 0.9860951 2.2239 1.0000000 1.0000 1.0000000 1.0000 []
 | 11.2695 47.4441 75.6320 0.9615327 c1cncc(N=Nc2ccc(CN3CCCC3CN3CCC3)cc2)c1 1 c1cncc(N=Nc2ccc(CN3CCCC3CN3CCC3)cc2)c1 0.9615327 2.9032 1.0000000 1.0000 1.0000000 1.0000 []
 | 10.6802 39.5224 86.6290 0.9855583 c1ccc(N=Nc2ccc(Nc3ccc4c(c3)OCC4)cc2)cc1 1 c1ccc(N=Nc2ccc(Nc3ccc4c(c3)OCC4)cc2)cc1 0.9855583 2.2489 1.0000000 1.0000 1.0000000 1.0000 []
 | 9.1091 34.6777 91.3511 0.9846003 c1cncc(N=Nc2ccc(CNC3CCCCCC3)cc2)c1 1 c1cncc(N=Nc2ccc(CNC3CCCCCC3)cc2)c1 0.9846003 2.2914 1.0000000 1.0000 1.0000000 1.0000 []
 | 17.3995 49.5138 74.1325 0.9659865 CCOc1cnc(N=Nc2ccc(F)c(F)c2)cn1 1 c1ccc(N=Nc2cnccn2)cc1 0.9659865 2.8200 1.0000000 1.0000 1.0000000 1.0000 []
 | 7.3093 42.7915 -42.7915 0.0000000 c1cncc(N=Nc2ccc(Oc3cccc(CC4CC4)c3)cc2)c1 1 c1cncc(N=Nc2ccc(Oc3cccc(CC4CC4)c3)cc2)c1 0.9842882 2.3047 1.0000000 1.0000 1.0000000 1.0000 []
 | 19.2543 51.6919 73.0141 0.9742653 Cn1c(Oc2ccc(N=Nc3ccccc3)cc2)cncc1=O 1 O=c1cncc(Oc2ccc(N=Nc3ccccc3)cc2)[nH]1 0.9742653 2.6328 1.0000000 1.0000 1.0000000 1.0000 []
 | 7.8534 52.0887 -52.0887 0.0000000 O=C(Nc1ccccc1)c1ccc(N=Nc2nc3ccccc3s2)cc1 1 O=C(Nc1ccccc1)c1ccc(N=Nc2nc3ccccc3s2)cc1 0.9885959 2.0931 1.0000000 1.0000 1.0000000 1.0000 []
 | 10.4958 40.2543 84.8621 0.9774716 Clc1ccccc1N=Nc1ccc(ON2CCCC2)cc1 1 c1ccc(N=Nc2ccc(ON3CCCC3)cc2)cc1 0.9774716 2.5439 1.0000000 1.0000 1.0000000 1.0000 []
03:40:11 <INFO> Score: 0.74 Agent NLL: 11.11 Valid: 100% Step: 85
 | Agent Prior Target Score SMILES SMILES_state Scaffold SA SA (raw) Alerts Alerts (raw) PS_Scaffold PS_Scaffold (raw) matchting_patterns (Alerts)
 | 10.0388 44.4043 82.4534 0.9910764 O=C(NNC(=O)c1ccc(N=Nc2ccccc2)cc1)c1ccccc1 1 O=C(NNC(=O)c1ccc(N=Nc2ccccc2)cc1)c1ccccc1 0.9910764 1.9317 1.0000000 1.0000 1.0000000 1.0000 []
 | 11.0954 47.0706 79.2963 0.9872419 COc1ccc(N=Nc2ccc(Oc3cccc4cccnc34)cc2)cc1 1 c1ccc(N=Nc2ccc(Oc3cccc4cccnc34)cc2)cc1 0.9872419 2.1670 1.0000000 1.0000 1.0000000 1.0000 []
 | 7.6363 34.6970 -34.6970 0.0000000 c1ccc(N=Nc2ccc(CN3CCCCC3)cc2)cc1 1 c1ccc(N=Nc2ccc(CN3CCCCC3)cc2)cc1 0.9907522 1.9551 1.0000000 1.0000 1.0000000 1.0000 []
 | 11.0989 36.4671 89.9432 0.9875810 Fc1ccc(N=Nc2ccc(OCc3cccc(C4CC4)c3)cc2)cc1 1 c1ccc(N=Nc2ccc(OCc3cccc(C4CC4)c3)cc2)cc1 0.9875810 2.1493 1.0000000 1.0000 1.0000000 1.0000 []
 | 8.6285 33.7505 91.9422 0.9819744 c1ccc(N=Nc2ccc(CNCCc3cn[nH]c3)cc2)cc1 1 c1ccc(N=Nc2ccc(CNCCc3cn[nH]c3)cc2)cc1 0.9819744 2.3957 1.0000000 1.0000 1.0000000 1.0000 []
 | 8.1710 57.7486 -57.7486 0.0000000 O=C(c1ccc(N=Nc2ccccc2)cc1)c1ccccc1N=Nc1ccncc1 1 O=C(c1ccc(N=Nc2ccccc2)cc1)c1ccccc1N=Nc1ccncc1 0.9766287 2.5684 1.0000000 1.0000 1.0000000 1.0000 []
 | 8.3307 42.6308 -42.6308 0.0000000 O=C(Nc1ccccc1)c1ccc(N2N=CCCC2=O)cc1 1 O=C(Nc1ccccc1)c1ccc(N2N=CCCC2=O)cc1 0.9879185 2.1311 1.0000000 1.0000 1.0000000 1.0000 []
 | 8.1974 45.1797 -45.1797 0.0000000 c1ccc(N=Nc2ccc(Oc3cccc(C4=NCC4)c3)cc2)cc1 1 c1ccc(N=Nc2ccc(Oc3cccc(C4=NCC4)c3)cc2)cc1 0.9831672 2.3503 1.0000000 1.0000 1.0000000 1.0000 []
 | 13.5047 42.0601 82.8229 0.9756482 OC1(c2ccccc2)CCN(Cc2ccc(N=Nc3cncnc3)cc2)CC1 1 c1ccc(C2CCN(Cc3ccc(N=Nc4cncnc4)cc3)CC2)cc1 0.9756482 2.5959 1.0000000 1.0000 1.0000000 1.0000 []
 | 5.9883 49.0097 -49.0097 0.0000000 O=C(Nc1ccccc1)c1ccc(N=Nc2ncccn2)cc1 1 O=C(Nc1ccccc1)c1ccc(N=Nc2ncccn2)cc1 0.9863952 2.2095 1.0000000 1.0000 1.0000000 1.0000 []
03:40:12 <INFO> Sampled SMILES c1cc(N=Nc2ncccn2)ccc1CN1cccc(C2OCCC2)c1 failed to sanitize.
03:40:14 <INFO> Score: 0.82 Agent NLL: 12.93 Valid:  96% Step: 86
 | Agent Prior Target Score SMILES SMILES_state Scaffold SA SA (raw) Alerts Alerts (raw) PS_Scaffold PS_Scaffold (raw) matchting_patterns (Alerts)
 | 9.6508 51.7060 74.4018 0.9852170 Oc1cccc(Oc2ccc(N=Nc3cccnc3)cc2)c1 1 c1ccc(Oc2ccc(N=Nc3cccnc3)cc2)cc1 0.9852170 2.2643 1.0000000 1.0000 1.0000000 1.0000 []
 | 11.6790 32.3988 93.6247 0.9845589 Fc1cc(N=Nc2cccc(Cl)c2)ccc1CN1CCCCCC1 1 c1ccc(N=Nc2ccc(CN3CCCCCC3)cc2)cc1 0.9845589 2.2932 1.0000000 1.0000 1.0000000 1.0000 []
 | 11.3291 36.5909 89.1721 0.9825228 c1ccc(N=Nc2ccc(-c3cccc4c3NCCC4)cc2)cc1 1 c1ccc(N=Nc2ccc(-c3cccc4c3NCCC4)cc2)cc1 0.9825228 2.3752 1.0000000 1.0000 1.0000000 1.0000 []
 | 12.6702 42.8579 83.0007 0.9832699 Clc1ccccc1Oc1ccc(N=Nc2ncnc3ccccc23)cc1 1 c1ccc(Oc2ccc(N=Nc3ncnc4ccccc34)cc2)cc1 0.9832699 2.3462 1.0000000 1.0000 1.0000000 1.0000 []
 | 15.2219 48.8783 77.6887 0.9888043 Oc1ccc(N=Nc2ccc(OCc3ccc(Oc4ccccc4)cc3)cc2)cc1 1 c1ccc(N=Nc2ccc(OCc3ccc(Oc4ccccc4)cc3)cc2)cc1 0.9888043 2.0809 1.0000000 1.0000 1.0000000 1.0000 []
 | 14.8531 35.7233 90.6528 0.9873137 Fc1ccc(N=Nc2ccc(-c3ccc4ccccc4c3)c(F)c2)cc1 1 c1ccc(N=Nc2ccc(-c3ccc4ccccc4c3)cc2)cc1 0.9873137 2.1633 1.0000000 1.0000 1.0000000 1.0000 []
 | 9.3312 33.0912 -33.0912 0.0000000 Fc1ccc(N=Nc2ccc(CNCc3ccco3)cc2)cc1 1 c1ccc(N=Nc2ccc(CNCc3ccco3)cc2)cc1 0.9865757 2.2006 1.0000000 1.0000 1.0000000 1.0000 []
 | 12.5341 38.0409 -38.0409 0.0000000 Fc1cc(N=Nc2ccccc2Cl)ccc1OCc1ccccc1 1 c1ccc(COc2ccc(N=Nc3ccccc3)cc2)cc1 0.9884075 2.1039 1.0000000 1.0000 1.0000000 1.0000 []
 | 10.6092 32.6633 93.4426 0.9852027 Clc1cccc(N=Nc2ccc(CN3CCNCC3)cc2)c1 1 c1ccc(N=Nc2ccc(CN3CCNCC3)cc2)cc1 0.9852027 2.2650 1.0000000 1.0000 1.0000000 1.0000 []
 | 8.1662 37.3943 88.6100 0.9844086 c1ccc(N=Nc2ccc(Oc3cccc(N4CCCC4)c3)cc2)nc1 1 c1ccc(N=Nc2ccc(Oc3cccc(N4CCCC4)c3)cc2)nc1 0.9844086 2.2996 1.0000000 1.0000 1.0000000 1.0000 []
03:40:15 <INFO> Sampled SMILES c1cc(N=Nc2ccccc2)ccc1FNc1cc(OC)ccc1N failed to sanitize.
03:40:15 <INFO> Score: 0.73 Agent NLL: 11.51 Valid:  98% Step: 87
 | Agent Prior Target Score SMILES SMILES_state Scaffold SA SA (raw) Alerts Alerts (raw) PS_Scaffold PS_Scaffold (raw) matchting_patterns (Alerts)
 | 7.5808 38.1956 -38.1956 0.0000000 c1ccc(N=Nc2ccc(Oc3ccc(N4CCCCC4)cc3)cc2)cc1 1 c1ccc(N=Nc2ccc(Oc3ccc(N4CCCCC4)cc3)cc2)cc1 0.9892164 2.0562 1.0000000 1.0000 1.0000000 1.0000 []
 | 10.0203 43.1727 82.3922 0.9809762 c1cnc(N=Nc2ccc(Oc3cccc(CN4CCCC4)c3)cc2)nc1 1 c1cnc(N=Nc2ccc(Oc3cccc(CN4CCCC4)c3)cc2)nc1 0.9809762 2.4315 1.0000000 1.0000 1.0000000 1.0000 []
 | 10.2333 44.2933 79.7226 0.9688744 c1nc2c(c(N=Nc3ccc(Oc4ccc(N5CCCC5)nc4)cc3)n1)CCC2 1 c1nc2c(c(N=Nc3ccc(Oc4ccc(N5CCCC5)nc4)cc3)n1)CCC2 0.9688744 2.7603 1.0000000 1.0000 1.0000000 1.0000 []
 | 9.2682 44.9757 81.7112 0.9897414 O=C(NNC(=O)c1ccc(N=Nc2ccccc2)cc1)c1ccc(F)cc1 1 O=C(NNC(=O)c1ccc(N=Nc2ccccc2)cc1)c1ccccc1 0.9897414 2.0233 1.0000000 1.0000 1.0000000 1.0000 []
 | 7.7773 43.4586 83.1213 0.9889057 c1ccc(N=Nc2ccc(Oc3ccccc3N3CCC3)cc2)cc1 1 c1ccc(N=Nc2ccc(Oc3ccccc3N3CCC3)cc2)cc1 0.9889057 2.0749 1.0000000 1.0000 1.0000000 1.0000 []
 | 9.2586 27.3023 97.7543 0.9770047 O=C(c1ccccc1N=Nc1cccc(O)c1)N1CCC(N2CCCC2=O)CC1 1 O=C(c1ccccc1N=Nc1ccccc1)N1CCC(N2CCCC2=O)CC1 0.9770047 2.5576 1.0000000 1.0000 1.0000000 1.0000 []
 | 12.6341 28.2618 95.6141 0.9677804 O=C(c1ccccc1N=Nc1ccc(O)cc1)N1CCCC1CCc1ccccc1 1 O=C(c1ccccc1N=Nc1ccccc1)N1CCCC1CCc1ccccc1 0.9677804 2.7835 1.0000000 1.0000 1.0000000 1.0000 []
 | 9.9920 35.3188 90.8681 0.9858351 Fc1ccc(CCNCc2ccc(N=Nc3ccccn3)cc2)cc1 1 c1ccc(CCNCc2ccc(N=Nc3ccccn3)cc2)cc1 0.9858351 2.2361 1.0000000 1.0000 1.0000000 1.0000 []
 | 10.2659 43.0223 -43.0223 0.0000000 O=C1CCC=NN1c1ccc(F)c(CNCc2ccco2)c1 1 O=C1CCC=NN1c1cccc(CNCc2ccco2)c1 0.9706527 2.7208 1.0000000 1.0000 1.0000000 1.0000 []
 | 10.1571 41.3256 84.6354 0.9840700 c1ccc(N=Nc2ccc(Oc3cc(C4CC4)ccn3)cc2)cc1 1 c1ccc(N=Nc2ccc(Oc3cc(C4CC4)ccn3)cc2)cc1 0.9840700 2.3138 1.0000000 1.0000 1.0000000 1.0000 []
03:41:10 <INFO> Score: 0.79 Agent NLL: 11.41 Valid: 100% Step: 88
 | Agent Prior Target Score SMILES SMILES_state Scaffold SA SA (raw) Alerts Alerts (raw) PS_Scaffold PS_Scaffold (raw) matchting_patterns (Alerts)
 | 9.1971 38.4240 85.3690 0.9671325 Fc1ccccc1C1CCN(Cc2ccc(N=Nc3cccnc3)cc2)C1 1 c1ccc(C2CCN(Cc3ccc(N=Nc4cccnc4)cc3)C2)cc1 0.9671325 2.7969 1.0000000 1.0000 1.0000000 1.0000 []
 | 8.1490 35.7581 -35.7581 0.0000000 Fc1ccccc1N=Nc1ccc(CN2CCCCC2)cc1 1 c1ccc(N=Nc2ccc(CN3CCCCC3)cc2)cc1 0.9882026 2.1154 1.0000000 1.0000 1.0000000 1.0000 []
 | 11.9405 45.3609 81.1062 0.9880239 O=C(c1ccc(N=Nc2ccc(N3CCCC3)cc2)cc1)N1CCC1 1 O=C(c1ccc(N=Nc2ccc(N3CCCC3)cc2)cc1)N1CCC1 0.9880239 2.1253 1.0000000 1.0000 1.0000000 1.0000 []
 | 6.6198 44.6476 82.0836 0.9900877 O=C(Nc1ccccc1)c1ccc(N=Nc2cccnc2)cc1 1 O=C(Nc1ccccc1)c1ccc(N=Nc2cccnc2)cc1 0.9900877 2.0008 1.0000000 1.0000 1.0000000 1.0000 []
 | 12.1925 35.3638 90.9450 0.9867878 C1=NN(c2ccc(OCc3cccc(-c4ccccc4)c3)cc2)CC1 1 C1=NN(c2ccc(OCc3cccc(-c4ccccc4)c3)cc2)CC1 0.9867878 2.1901 1.0000000 1.0000 1.0000000 1.0000 []
 | 9.0107 37.1172 88.8726 0.9842952 OCc1cccc(CNCc2ccc(N=Nc3cccnc3)cc2)c1 1 c1ccc(CNCc2ccc(N=Nc3cccnc3)cc2)cc1 0.9842952 2.3044 1.0000000 1.0000 1.0000000 1.0000 []
 | 20.3120 57.6570 55.8935 0.8871136 CNCCCCC1CCCCC1NCc1ccc(N=Nc2ncnc3c2CCC3)cc1 1 c1nc2c(c(N=Nc3ccc(CNC4CCCCC4)cc3)n1)CCC2 0.8871136 3.6570 1.0000000 1.0000 1.0000000 1.0000 []
 | 16.3317 60.8198 65.5981 0.9876398 Clc1cccc(N=Nc2ccc(Nc3ccc(CN4CCC4)cc3)cc2)c1 1 c1ccc(N=Nc2ccc(Nc3ccc(CN4CCC4)cc3)cc2)cc1 0.9876398 2.1461 1.0000000 1.0000 1.0000000 1.0000 []
 | 10.2029 40.3426 85.7145 0.9848207 c1cncc(N=Nc2ccc(Oc3ccc(CN4CCOCC4)cc3)cc2)c1 1 c1cncc(N=Nc2ccc(Oc3ccc(CN4CCOCC4)cc3)cc2)c1 0.9848207 2.2818 1.0000000 1.0000 1.0000000 1.0000 []
 | 11.3230 34.4812 91.5202 0.9843859 Clc1cccc(N=Nc2ccc(CN3CCCN(Cc4cccnc4)CC3)cc2)c1 1 c1ccc(N=Nc2ccc(CN3CCCN(Cc4cccnc4)CC3)cc2)cc1 0.9843859 2.3005 1.0000000 1.0000 1.0000000 1.0000 []
03:41:10 <INFO> Sampled SMILES c1cc(N=Nc2ncnc3c2ncn-c2ccccc23)ccc1CNCc1ccco1 failed to sanitize.
03:41:11 <INFO> Score: 0.74 Agent NLL: 12.63 Valid:  99% Step: 89
 | Agent Prior Target Score SMILES SMILES_state Scaffold SA SA (raw) Alerts Alerts (raw) PS_Scaffold PS_Scaffold (raw) matchting_patterns (Alerts)
 | 9.8745 45.6684 79.5179 0.9780180 OCc1ccc(N=NCc2ccc(N=Nc3ccccc3)cc2)cc1 1 c1ccc(N=NCc2ccc(N=Nc3ccccc3)cc2)cc1 0.9780180 2.5276 1.0000000 1.0000 1.0000000 1.0000 []
 | 19.0663 53.5106 71.1218 0.9736905 COc1ccc(N=Nc2ccc(Nc3cccc(-c4cn[nH]c4)c3)cc2)nc1 1 c1ccc(N=Nc2ccc(Nc3cccc(-c4cn[nH]c4)c3)cc2)nc1 0.9736905 2.6475 1.0000000 1.0000 1.0000000 1.0000 []
 | 9.0959 49.2211 75.9192 0.9776582 c1cncc(N=Nc2ccc(CN(CC3CCCCC3)CC3CCC3)cc2)c1 1 c1cncc(N=Nc2ccc(CN(CC3CCCCC3)CC3CCC3)cc2)c1 0.9776582 2.5384 1.0000000 1.0000 1.0000000 1.0000 []
 | 8.7634 53.5931 71.0716 0.9739432 O=C(c1ccc(N=Nc2ncnc3c2CCCC3)cc1)N1CCC1 1 O=C(c1ccc(N=Nc2ncnc3c2CCCC3)cc1)N1CCC1 0.9739432 2.6411 1.0000000 1.0000 1.0000000 1.0000 []
 | 17.3541 64.9852 57.6100 0.9577746 Oc1cccc(N=Nc2ccc(Oc3cnc(Cl)cn3)cc2)n1 1 c1ccc(N=Nc2ccc(Oc3cnccn3)cc2)nc1 0.9577746 2.9665 1.0000000 1.0000 1.0000000 1.0000 []
 | 11.2741 33.8425 89.1898 0.9611893 c1ccc(N=Nc2ccc(CN3CCCC3c3cccnc3)cc2)nc1 1 c1ccc(N=Nc2ccc(CN3CCCC3c3cccnc3)cc2)nc1 0.9611893 2.9092 1.0000000 1.0000 1.0000000 1.0000 []
 | 17.1450 54.3490 69.8313 0.9701588 c1ccc(-c2occc2Oc2ccc(N=Nc3ncccc3C3CC3)cc2)cc1 1 c1ccc(-c2occc2Oc2ccc(N=Nc3ncccc3C3CC3)cc2)cc1 0.9701588 2.7320 1.0000000 1.0000 1.0000000 1.0000 []
 | 13.4286 38.9799 86.5323 0.9805635 c1cncc(N=Nc2ccc(-c3cc(CC4CC4)ccn3)cc2)c1 1 c1cncc(N=Nc2ccc(-c3cc(CC4CC4)ccn3)cc2)c1 0.9805635 2.4457 1.0000000 1.0000 1.0000000 1.0000 []
 | 12.8419 36.2560 89.6240 0.9834380 c1cncc(N=Nc2ccc(COCCN3CCCCC3)cc2)c1 1 c1cncc(N=Nc2ccc(COCCN3CCCCC3)cc2)c1 0.9834380 2.3395 1.0000000 1.0000 1.0000000 1.0000 []
 | 10.2771 54.2823 68.0060 0.9553769 O=C(NC1CCCCC1C1CCC1)c1ccc(N=Nc2ccccc2)cc1 1 O=C(NC1CCCCC1C1CCC1)c1ccc(N=Nc2ccccc2)cc1 0.9553769 3.0041 1.0000000 1.0000 1.0000000 1.0000 []
03:41:13 <INFO> Score: 0.72 Agent NLL: 11.55 Valid: 100% Step: 90
 | Agent Prior Target Score SMILES SMILES_state Scaffold SA SA (raw) Alerts Alerts (raw) PS_Scaffold PS_Scaffold (raw) matchting_patterns (Alerts)
 | 9.5961 65.3726 59.6656 0.9768608 O=C(c1ccc(N=Nc2cccc(O)n2)cc1)N1CCCC1 1 O=C(c1ccc(N=Nc2ccccn2)cc1)N1CCCC1 0.9768608 2.5618 1.0000000 1.0000 1.0000000 1.0000 []
 | 9.9329 49.7263 76.2940 0.9845341 COc1ccc(N=Nc2ccc(Oc3ncccc3C3CC3)cc2)cc1 1 c1ccc(N=Nc2ccc(Oc3ncccc3C3CC3)cc2)cc1 0.9845341 2.2942 1.0000000 1.0000 1.0000000 1.0000 []
 | 8.5441 41.6404 84.6103 0.9863340 O=C(c1ccc(N=Nc2ccncc2)cc1)N1CCCC1 1 O=C(c1ccc(N=Nc2ccncc2)cc1)N1CCCC1 0.9863340 2.2124 1.0000000 1.0000 1.0000000 1.0000 []
 | 9.2543 46.9014 78.2665 0.9778747 O=C(Nc1ccccc1)c1ccc(N=Nc2ncnc3cc[nH]c23)cc1 1 O=C(Nc1ccccc1)c1ccc(N=Nc2ncnc3cc[nH]c23)cc1 0.9778747 2.5319 1.0000000 1.0000 1.0000000 1.0000 []
 | 15.7035 43.7058 79.3721 0.9615464 FC(F)(F)c1cncc(Oc2ccc(N=Nc3ncnc4c3CCC4)cc2)c1 1 c1cncc(Oc2ccc(N=Nc3ncnc4c3CCC4)cc2)c1 0.9615464 2.9029 1.0000000 1.0000 1.0000000 1.0000 []
 | 9.7686 36.0217 -36.0217 0.0000000 c1ccc(N=Nc2ccc(-c3cccc(OC4CCCC4)c3)cc2)cc1 1 c1ccc(N=Nc2ccc(-c3cccc(OC4CCCC4)c3)cc2)cc1 0.9877337 2.1411 1.0000000 1.0000 1.0000000 1.0000 []
 | 8.3933 35.2385 -35.2385 0.0000000 Clc1ccc(COc2ccc(N=Nc3ccccc3)cc2)cc1 1 c1ccc(COc2ccc(N=Nc3ccccc3)cc2)cc1 0.9917382 1.8810 1.0000000 1.0000 1.0000000 1.0000 []
 | 6.2805 49.0097 -49.0097 0.0000000 O=C(Nc1ccccc1)c1ccc(N=Nc2ncccn2)cc1 1 O=C(Nc1ccccc1)c1ccc(N=Nc2ncccn2)cc1 0.9863952 2.2095 1.0000000 1.0000 1.0000000 1.0000 []
 | 13.4635 38.6224 87.8590 0.9881361 Fc1ccc(N=Nc2ccc(-c3ccccc3-c3cccnc3)cc2)cc1 1 c1ccc(N=Nc2ccc(-c3ccccc3-c3cccnc3)cc2)cc1 0.9881361 2.1191 1.0000000 1.0000 1.0000000 1.0000 []
 | 18.4739 41.2953 83.3562 0.9738392 O=S1(=O)CCC(NCc2cccc(N=Nc3ccccc3)c2F)CC1 1 O=S1(=O)CCC(NCc2cccc(N=Nc3ccccc3)c2)CC1 0.9738392 2.6437 1.0000000 1.0000 1.0000000 1.0000 []
03:41:15 <INFO> Score: 0.86 Agent NLL: 12.20 Valid: 100% Step: 91
 | Agent Prior Target Score SMILES SMILES_state Scaffold SA SA (raw) Alerts Alerts (raw) PS_Scaffold PS_Scaffold (raw) matchting_patterns (Alerts)
 | 11.7068 35.4333 88.6982 0.9697766 Fc1ccc(N=Nc2ccc(CN3CCC(c4cccnc4)C3)cc2)cc1 1 c1ccc(N=Nc2ccc(CN3CCC(c4cccnc4)C3)cc2)cc1 0.9697766 2.7405 1.0000000 1.0000 1.0000000 1.0000 []
 | 14.1118 35.7510 89.2135 0.9762854 Fc1ccccc1N=Nc1ccc(-c2cnc3nc[nH]c3c2)cc1 1 c1ccc(N=Nc2ccc(-c3cnc4nc[nH]c4c3)cc2)cc1 0.9762854 2.5782 1.0000000 1.0000 1.0000000 1.0000 []
 | 11.8148 37.7694 87.2539 0.9767442 Fc1ccc(N=Nc2ccc(CN3CCCC(c4ccccc4)CC3)cc2)cc1 1 c1ccc(N=Nc2ccc(CN3CCCC(c4ccccc4)CC3)cc2)cc1 0.9767442 2.5651 1.0000000 1.0000 1.0000000 1.0000 []
 | 9.6080 33.8709 -33.8709 0.0000000 c1ccc(N=Nc2ccc(-c3ccc(N4CCCCC4)nc3)cc2)cc1 1 c1ccc(N=Nc2ccc(-c3ccc(N4CCCCC4)nc3)cc2)cc1 0.9873663 2.1606 1.0000000 1.0000 1.0000000 1.0000 []
 | 7.8121 46.0307 -46.0307 0.0000000 O=C(Nc1ccc(N=Nc2cccnc2)cc1)c1ccc(F)cc1 1 O=C(Nc1ccc(N=Nc2cccnc2)cc1)c1ccccc1 0.9890693 2.0651 1.0000000 1.0000 1.0000000 1.0000 []
 | 11.0958 33.0017 -33.0017 0.0000000 Fc1cc(N=Nc2ccccc2)ccc1-c1ccco1 1 c1ccc(N=Nc2ccc(-c3ccco3)cc2)cc1 0.9852003 2.2651 1.0000000 1.0000 1.0000000 1.0000 []
 | 15.4114 42.2957 51.6744 0.7341413 O=C(C1CN(C(=O)c2ccccc2N=Nc2ccncc2)C2(CCC2)C1)N1CC2(CC2)C1 1 O=C(C1CN(C(=O)c2ccccc2N=Nc2ccncc2)C2(CCC2)C1)N1CC2(CC2)C1 0.7341413 4.3383 1.0000000 1.0000 1.0000000 1.0000 []
 | 14.6430 24.9392 100.7196 0.9817088 O=C(c1ccccc1N=Nc1ccc(O)cc1)N1CCN(C2CCCCCC2)CC1 1 O=C(c1ccccc1N=Nc1ccccc1)N1CCN(C2CCCCCC2)CC1 0.9817088 2.4054 1.0000000 1.0000 1.0000000 1.0000 []
 | 9.9091 34.6029 -34.6029 0.0000000 Clc1ccccc1N=Nc1ccc(CNC2CCCCC2)cc1 1 c1ccc(N=Nc2ccc(CNC3CCCCC3)cc2)cc1 0.9868381 2.1876 1.0000000 1.0000 1.0000000 1.0000 []
 | 9.5933 42.5256 -42.5256 0.0000000 O=C(CC1CCCC1)Nc1ccc(N=Nc2ccccc2)cc1 1 O=C(CC1CCCC1)Nc1ccc(N=Nc2ccccc2)cc1 0.9890781 2.0646 1.0000000 1.0000 1.0000000 1.0000 []
03:41:17 <INFO> Score: 0.71 Agent NLL: 12.02 Valid:  99% Step: 92
 | Agent Prior Target Score SMILES SMILES_state Scaffold SA SA (raw) Alerts Alerts (raw) PS_Scaffold PS_Scaffold (raw) matchting_patterns (Alerts)
 | 11.5796 36.1888 88.5099 0.9742084 FC(F)(F)c1cc(-c2ccc(N=Nc3ccccn3)cc2)cnc1N1CCCC1 1 c1ccc(N=Nc2ccc(-c3ccc(N4CCCC4)nc3)cc2)nc1 0.9742084 2.6342 1.0000000 1.0000 1.0000000 1.0000 []
 | 11.9481 35.2023 90.8625 0.9848816 c1cncc(N=Nc2ccc(-c3ccc4cccnc4c3)cc2)c1 1 c1cncc(N=Nc2ccc(-c3ccc4cccnc4c3)cc2)c1 0.9848816 2.2792 1.0000000 1.0000 1.0000000 1.0000 []
 | 10.3033 35.4629 -35.4629 0.0000000 Fc1ccc(N2CCCC2)c(-c2ccc(N=Nc3ccccc3)cc2)c1 1 c1ccc(N=Nc2ccc(-c3ccccc3N3CCCC3)cc2)cc1 0.9868479 2.1871 1.0000000 1.0000 1.0000000 1.0000 []
 | 8.9816 38.4560 87.6600 0.9852818 c1ccc(C2CCN(Cc3ccc(N=Nc4ccncc4)cc3)CC2)cc1 1 c1ccc(C2CCN(Cc3ccc(N=Nc4ccncc4)cc3)CC2)cc1 0.9852818 2.2614 1.0000000 1.0000 1.0000000 1.0000 []
 | 10.9900 26.6823 85.6647 0.8777112 O=C(c1ccccc1N=Nc1cccc(O)c1)N1CCC(F)(C(=O)NC2CC2F)CC1 1 O=C(NC1CC1)C1CCN(C(=O)c2ccccc2N=Nc2ccccc2)CC1 0.8777112 3.7161 1.0000000 1.0000 1.0000000 1.0000 []
 | 16.1002 42.9182 74.2686 0.9155212 O=C(NC1CCCCN(C(=O)c2ccccc2N=Nc2ccncc2)C1)C1CC(O)(C(F)(F)F)C1 1 O=C(NC1CCCCN(C(=O)c2ccccc2N=Nc2ccncc2)C1)C1CCC1 0.9155212 3.4476 1.0000000 1.0000 1.0000000 1.0000 []
 | 11.4419 25.6227 90.5352 0.9074841 O=C(c1ccccc1N=Nc1ccc(O)cc1)N1CCC(C(=O)N2CC3(CCC3)C2)C1 1 O=C(c1ccccc1N=Nc1ccccc1)N1CCC(C(=O)N2CC3(CCC3)C2)C1 0.9074841 3.5126 1.0000000 1.0000 1.0000000 1.0000 []
 | 12.7547 45.5232 74.5962 0.9384325 Clc1cccc2c1CCC2NCc1ccc(N=Nc2ccnnc2)cc1 1 c1ccc2c(c1)CCC2NCc1ccc(N=Nc2ccnnc2)cc1 0.9384325 3.2254 1.0000000 1.0000 1.0000000 1.0000 []
 | 11.4501 41.1625 83.7022 0.9755055 c1cncc(N=Nc2ccc(Nc3cccc(-c4nnnn4C4CC4)c3)cc2)c1 1 c1cncc(N=Nc2ccc(Nc3cccc(-c4nnnn4C4CC4)c3)cc2)c1 0.9755055 2.5998 1.0000000 1.0000 1.0000000 1.0000 []
 | 13.2118 42.4160 82.9285 0.9792535 O=C(Cc1cccc(F)c1)NCc1cccc(N2CCCC=N2)c1 1 O=C(Cc1ccccc1)NCc1cccc(N2CCCC=N2)c1 0.9792535 2.4891 1.0000000 1.0000 1.0000000 1.0000 []
03:41:20 <INFO> Score: 0.83 Agent NLL: 11.97 Valid: 100% Step: 93
 | Agent Prior Target Score SMILES SMILES_state Scaffold SA SA (raw) Alerts Alerts (raw) PS_Scaffold PS_Scaffold (raw) matchting_patterns (Alerts)
 | 10.0235 54.9204 69.6870 0.9734954 O=C(c1ccc(N=Nc2ccn(C3CCCC3)c2)cc1)N1CCC1 1 O=C(c1ccc(N=Nc2ccn(C3CCCC3)c2)cc1)N1CCC1 0.9734954 2.6525 1.0000000 1.0000 1.0000000 1.0000 []
 | 11.6253 50.4714 73.1525 0.9658119 C(=NOc1ccc(N=Nc2cccnc2)cc1)c1ccccc1-n1cccc1 1 C(=NOc1ccc(N=Nc2cccnc2)cc1)c1ccccc1-n1cccc1 0.9658119 2.8235 1.0000000 1.0000 1.0000000 1.0000 []
 | 8.1441 36.8739 89.4569 0.9869596 Fc1ccc(CNCc2ccc(N=Nc3cccnc3)cc2)cc1 1 c1ccc(CNCc2ccc(N=Nc3cccnc3)cc2)cc1 0.9869596 2.1815 1.0000000 1.0000 1.0000000 1.0000 []
 | 13.2948 34.4288 91.5480 0.9841939 O=C(c1ccccc1)N1CCC(NCc2ccc(N=Nc3ccccc3)cc2F)CC1 1 O=C(c1ccccc1)N1CCC(NCc2ccc(N=Nc3ccccc3)cc2)CC1 0.9841939 2.3086 1.0000000 1.0000 1.0000000 1.0000 []
 | 12.5424 45.1919 80.6044 0.9827836 O=C(Nc1ccc(N=Nc2nccs2)cc1)C1CCCC1 1 O=C(Nc1ccc(N=Nc2nccs2)cc1)C1CCCC1 0.9827836 2.3652 1.0000000 1.0000 1.0000000 1.0000 []
 | 15.6045 29.1382 88.4981 0.9190332 O=C(C=C1CCN(C(=O)c2ccccc2N=Nc2cccc(O)c2)CC1)N1CCC(c2ccccn2)C1 1 O=C(C=C1CCN(C(=O)c2ccccc2N=Nc2ccccc2)CC1)N1CCC(c2ccccn2)C1 0.9190332 3.4175 1.0000000 1.0000 1.0000000 1.0000 []
 | 9.0008 44.5625 80.1140 0.9740350 O=C(NC1CCCCC1)c1ccc(N=Nc2ncnc3c2CCCC3)cc1 1 O=C(NC1CCCCC1)c1ccc(N=Nc2ncnc3c2CCCC3)cc1 0.9740350 2.6387 1.0000000 1.0000 1.0000000 1.0000 []
 | 7.0521 43.2799 83.1777 0.9879496 O=C(Nc1nccs1)c1ccc(N=Nc2ccccc2)cc1 1 O=C(Nc1nccs1)c1ccc(N=Nc2ccccc2)cc1 0.9879496 2.1294 1.0000000 1.0000 1.0000000 1.0000 []
 | 10.2832 36.9668 89.3870 0.9871386 Fc1ccc(COc2ccc(N=Nc3ccccc3)cc2)nc1 1 c1ccc(N=Nc2ccc(OCc3ccccn3)cc2)cc1 0.9871386 2.1724 1.0000000 1.0000 1.0000000 1.0000 []
 | 13.1327 37.9025 86.8761 0.9748329 FC(F)(F)c1ccc2nc(CNc3ccc(N=Nc4cccnc4)cc3)[nH]c2c1 1 c1cncc(N=Nc2ccc(NCc3nc4ccccc4[nH]3)cc2)c1 0.9748329 2.6179 1.0000000 1.0000 1.0000000 1.0000 []
03:41:21 <INFO> Sampled SMILES c1cc(N=Nc2cccnc2)ccc1NC(=O)(c1ccccc1)c1cccnc1 failed to sanitize.
03:41:22 <INFO> Score: 0.81 Agent NLL: 11.77 Valid:  99% Step: 94
 | Agent Prior Target Score SMILES SMILES_state Scaffold SA SA (raw) Alerts Alerts (raw) PS_Scaffold PS_Scaffold (raw) matchting_patterns (Alerts)
 | 12.8398 56.2082 69.7230 0.9838374 O=C(c1ccc(N=Nc2ccc(N3CCCCC3)nc2)cc1)N1CCC1 1 O=C(c1ccc(N=Nc2ccc(N3CCCCC3)nc2)cc1)N1CCC1 0.9838374 2.3234 1.0000000 1.0000 1.0000000 1.0000 []
 | 25.5990 53.6828 68.3303 0.9532278 N#Cc1cccc(OCC2CCN(c3ccccc3)C2=NNc2ccccc2-c2ccccc2)c1 1 c1ccc(OCC2CCN(c3ccccc3)C2=NNc2ccccc2-c2ccccc2)cc1 0.9532278 3.0362 1.0000000 1.0000 1.0000000 1.0000 []
 | 25.2208 78.2434 41.7256 0.9372573 Oc1ccccc1N=Nc1ccc(Oc2ccc(N3CCCCC(C4CCCC4)N3)cc2)cc1 1 c1ccc(N=Nc2ccc(Oc3ccc(N4CCCCC(C5CCCC5)N4)cc3)cc2)cc1 0.9372573 3.2386 1.0000000 1.0000 1.0000000 1.0000 []
 | 11.2934 25.9203 95.0397 0.9449998 O=C(c1ccccc1N=Nc1ccc(O)cc1)N1CCC(F)(C(=O)N2CCC(F)(CO)CC2)CC1 1 O=C(c1ccccc1N=Nc1ccccc1)N1CCC(C(=O)N2CCCCC2)CC1 0.9449998 3.1474 1.0000000 1.0000 1.0000000 1.0000 []
 | 11.4891 47.6894 77.4891 0.9779574 OCc1ccc(CNCc2ccc(N=Nc3ccnnc3)cc2)cc1 1 c1ccc(CNCc2ccc(N=Nc3ccnnc3)cc2)cc1 0.9779574 2.5294 1.0000000 1.0000 1.0000000 1.0000 []
 | 12.6144 41.4900 84.7277 0.9860759 c1cncc(N=Nc2ccc(OCc3ccc(CN4CCCCC4)cc3)cc2)c1 1 c1cncc(N=Nc2ccc(OCc3ccc(CN4CCCCC4)cc3)cc2)c1 0.9860759 2.2248 1.0000000 1.0000 1.0000000 1.0000 []
 | 12.0028 43.7443 81.9859 0.9822673 O=C(Nc1nccs1)c1ccc(N=Nc2ccccn2)cc1 1 O=C(Nc1nccs1)c1ccc(N=Nc2ccccn2)cc1 0.9822673 2.3848 1.0000000 1.0000 1.0000000 1.0000 []
 | 14.0183 43.1418 83.0948 0.9862237 Fc1ccc(N=Nc2ccc(Cc3nc4ccccc4s3)cc2)cc1 1 c1ccc(N=Nc2ccc(Cc3nc4ccccc4s3)cc2)cc1 0.9862237 2.2177 1.0000000 1.0000 1.0000000 1.0000 []
 | 9.2976 37.0413 88.7444 0.9827014 c1ccc(N=Nc2ccc(OCc3ccc4c(c3)OCCO4)cc2)nc1 1 c1ccc(N=Nc2ccc(OCc3ccc4c(c3)OCCO4)cc2)nc1 0.9827014 2.3684 1.0000000 1.0000 1.0000000 1.0000 []
 | 10.1720 45.5432 81.2477 0.9905536 O=C(NCc1ccccc1F)c1ccc(N=Nc2ccccc2)cc1 1 O=C(NCc1ccccc1)c1ccc(N=Nc2ccccc2)cc1 0.9905536 1.9691 1.0000000 1.0000 1.0000000 1.0000 []
03:42:18 <INFO> Score: 0.78 Agent NLL: 11.45 Valid: 100% Step: 95
 | Agent Prior Target Score SMILES SMILES_state Scaffold SA SA (raw) Alerts Alerts (raw) PS_Scaffold PS_Scaffold (raw) matchting_patterns (Alerts)
 | 4.7714 44.3811 -44.3811 0.0000000 O=C(Nc1ccccc1)c1ccc(N=Nc2ccccc2)cc1 1 O=C(Nc1ccccc1)c1ccc(N=Nc2ccccc2)cc1 0.9928619 1.7850 1.0000000 1.0000 1.0000000 1.0000 []
 | 10.5014 33.1512 93.5076 0.9895216 c1ccc(N=Nc2ccc(-c3ccc(CNC4CC4)cc3)cc2)cc1 1 c1ccc(N=Nc2ccc(-c3ccc(CNC4CC4)cc3)cc2)cc1 0.9895216 2.0373 1.0000000 1.0000 1.0000000 1.0000 []
 | 8.3037 35.3417 91.1371 0.9881152 c1ccc(N=Nc2ccc(OCc3ccc4c(c3)OCO4)cc2)cc1 1 c1ccc(N=Nc2ccc(OCc3ccc4c(c3)OCO4)cc2)cc1 0.9881152 2.1203 1.0000000 1.0000 1.0000000 1.0000 []
 | 14.7719 27.1067 97.4381 0.9730067 O=C(c1ccccc1N=Nc1cccc(O)c1)N1CCC(n2c(=O)oc3ccccc32)CC1 1 O=C(c1ccccc1N=Nc1ccccc1)N1CCC(n2c(=O)oc3ccccc32)CC1 0.9730067 2.6647 1.0000000 1.0000 1.0000000 1.0000 []
 | 13.6415 32.4028 88.7818 0.9467550 O=C1CCC(NCc2ccc(N=Nc3cccc(F)c3)cc2F)CN1 1 O=C1CCC(NCc2ccc(N=Nc3ccccc3)cc2)CN1 0.9467550 3.1251 1.0000000 1.0000 1.0000000 1.0000 []
 | 9.7405 34.5218 91.5860 0.9852167 c1cncc(N=Nc2ccc(-c3ccccc3N3CCCC3)cc2)c1 1 c1cncc(N=Nc2ccc(-c3ccccc3N3CCCC3)cc2)c1 0.9852167 2.2644 1.0000000 1.0000 1.0000000 1.0000 []
 | 10.9296 34.4035 92.2102 0.9891689 c1ccc(N=Nc2ccc(OCCSc3ccccc3)cc2)cc1 1 c1ccc(N=Nc2ccc(OCCSc3ccccc3)cc2)cc1 0.9891689 2.0591 1.0000000 1.0000 1.0000000 1.0000 []
 | 14.8445 51.1614 73.7561 0.9759182 c1cc(N=Nc2ccc(Oc3ccc(CCNC4CCCCC4)cc3)cc2)cnn1 1 c1cc(N=Nc2ccc(Oc3ccc(CCNC4CCCCC4)cc3)cc2)cnn1 0.9759182 2.5884 1.0000000 1.0000 1.0000000 1.0000 []
 | 13.6271 37.3341 81.0698 0.9250312 O=C(c1ccccc1N=Nc1ccncc1)N1CCCC(F)(C(=O)NCc2cccnc2)C1 1 O=C(NCc1cccnc1)C1CCCN(C(=O)c2ccccc2N=Nc2ccncc2)C1 0.9250312 3.3631 1.0000000 1.0000 1.0000000 1.0000 []
 | 13.2902 48.2872 77.6702 0.9840423 COc1ccccc1N=Nc1ccc(C(=O)N2CCCCC2)c(Br)c1 1 O=C(c1ccc(N=Nc2ccccc2)cc1)N1CCCCC1 0.9840423 2.3149 1.0000000 1.0000 1.0000000 1.0000 []
03:42:19 <INFO> Score: 0.75 Agent NLL: 11.83 Valid: 100% Step: 96
 | Agent Prior Target Score SMILES SMILES_state Scaffold SA SA (raw) Alerts Alerts (raw) PS_Scaffold PS_Scaffold (raw) matchting_patterns (Alerts)
 | 12.3422 44.1330 80.8070 0.9760936 O=C(c1cc(N2CCC=N2)ccc1F)N1CCCC1 1 O=C(c1cccc(N2CCC=N2)c1)N1CCCC1 0.9760936 2.5835 1.0000000 1.0000 1.0000000 1.0000 []
 | 12.5302 47.0948 78.7243 0.9829616 COc1ccc(N=Nc2ccc(-c3cccc(CN4CCCC4)c3)cc2)nc1 1 c1ccc(N=Nc2ccc(-c3cccc(CN4CCCC4)c3)cc2)nc1 0.9829616 2.3583 1.0000000 1.0000 1.0000000 1.0000 []
 | 15.4597 49.9160 72.5741 0.9569538 Brc1ccnc(C=NOc2ccc(N=Nc3ccncc3)cc2)c1 1 C(=NOc1ccc(N=Nc2ccncc2)cc1)c1ccccn1 0.9569538 2.9796 1.0000000 1.0000 1.0000000 1.0000 []
 | 12.5191 42.2517 81.1077 0.9637452 Fc1ccc(N2CCCC=N2)cc1CNCc1ccc2c(c1)OCCC2 1 C1=NN(c2cccc(CNCc3ccc4c(c3)OCCC4)c2)CCC1 0.9637452 2.8631 1.0000000 1.0000 1.0000000 1.0000 []
 | 8.0243 34.6970 -34.6970 0.0000000 c1ccc(N=Nc2ccc(CN3CCCCC3)cc2)cc1 1 c1ccc(N=Nc2ccc(CN3CCCCC3)cc2)cc1 0.9907522 1.9551 1.0000000 1.0000 1.0000000 1.0000 []
 | 8.8129 44.3194 80.8972 0.9782542 c1cncc(N=Nc2ccc(Oc3cc(C4CC4)ccn3)cc2)c1 1 c1cncc(N=Nc2ccc(Oc3cc(C4CC4)ccn3)cc2)c1 0.9782542 2.5204 1.0000000 1.0000 1.0000000 1.0000 []
 | 14.2167 45.0642 80.7663 0.9830509 O=C(Cc1nc2ccccc2[nH]1)Nc1ccc(N=Nc2ccccc2)cc1F 1 O=C(Cc1nc2ccccc2[nH]1)Nc1ccc(N=Nc2ccccc2)cc1 0.9830509 2.3549 1.0000000 1.0000 1.0000000 1.0000 []
 | 15.2453 35.9759 88.1564 0.9697842 O=c1[nH]nc(CNc2ccc(N=Nc3cccc(Cl)c3)cc2)[nH]1 1 O=c1[nH]nc(CNc2ccc(N=Nc3ccccc3)cc2)[nH]1 0.9697842 2.7403 1.0000000 1.0000 1.0000000 1.0000 []
 | 12.6955 24.4064 100.8406 0.9784922 O=C(c1ccc(N=Nc2ccccc2)cc1)N1CCC(c2ccc(NC(=O)C3(O)CC3)cc2)CC1 1 O=C(Nc1ccc(C2CCN(C(=O)c3ccc(N=Nc4ccccc4)cc3)CC2)cc1)C1CC1 0.9784922 2.5131 1.0000000 1.0000 1.0000000 1.0000 []
 | 10.1440 35.9838 89.7386 0.9822060 c1coc(CNCc2ccc(N=Nc3ccncc3)cc2)c1 1 c1coc(CNCc2ccc(N=Nc3ccncc3)cc2)c1 0.9822060 2.3871 1.0000000 1.0000 1.0000000 1.0000 []
03:42:21 <INFO> Score: 0.77 Agent NLL: 12.45 Valid: 100% Step: 97
 | Agent Prior Target Score SMILES SMILES_state Scaffold SA SA (raw) Alerts Alerts (raw) PS_Scaffold PS_Scaffold (raw) matchting_patterns (Alerts)
 | 15.0368 27.3956 85.1078 0.8789329 O=C(c1ccccc1N=Nc1cccc(O)c1)N1CCC(F)(C(=O)N2CCC(c3cccnc3)C2)C1 1 O=C(c1ccccc1N=Nc1ccccc1)N1CCC(C(=O)N2CCC(c3cccnc3)C2)C1 0.8789329 3.7086 1.0000000 1.0000 1.0000000 1.0000 []
 | 21.5811 64.4880 59.5410 0.9689769 Cc1cc(C2CCCC2)ccc1CNCc1cc(N2N=CCC2=O)ccc1F 1 O=C1CC=NN1c1cccc(CNCc2ccc(C3CCCC3)cc2)c1 0.9689769 2.7581 1.0000000 1.0000 1.0000000 1.0000 []
 | 10.4586 43.8849 82.6148 0.9882785 COc1ccc(N=Nc2ccc(NCC3CC3)cc2)cc1 1 c1ccc(N=Nc2ccc(NCC3CC3)cc2)cc1 0.9882785 2.1112 1.0000000 1.0000 1.0000000 1.0000 []
 | 8.7542 36.5826 89.8798 0.9879872 c1ccc(N=Nc2ccc(CNc3cccc(N4CCCC4)c3)cc2)cc1 1 c1ccc(N=Nc2ccc(CNc3cccc(N4CCCC4)c3)cc2)cc1 0.9879872 2.1273 1.0000000 1.0000 1.0000000 1.0000 []
 | 11.3753 46.3181 77.2759 0.9655778 O=C(Nc1ccc(N=Nc2ccncc2)cc1)C1Cc2ccccc21 1 O=C(Nc1ccc(N=Nc2ccncc2)cc1)C1Cc2ccccc21 0.9655778 2.8281 1.0000000 1.0000 1.0000000 1.0000 []
 | 10.2942 37.5394 -37.5394 0.0000000 OCc1cccc(COc2ccc(N=Nc3ccccc3)cc2)c1 1 c1ccc(COc2ccc(N=Nc3ccccc3)cc2)cc1 0.9895765 2.0339 1.0000000 1.0000 1.0000000 1.0000 []
 | 10.7885 37.9186 -37.9186 0.0000000 c1ccc(Cc2ccc(N=Nc3ccc(CN4CCC4)cc3)cc2)cc1 1 c1ccc(Cc2ccc(N=Nc3ccc(CN4CCC4)cc3)cc2)cc1 0.9898445 2.0167 1.0000000 1.0000 1.0000000 1.0000 []
 | 9.3890 39.0349 -39.0349 0.0000000 FCc1cccc(Nc2ccc(N=Nc3cccnc3)cc2)c1 1 c1ccc(Nc2ccc(N=Nc3cccnc3)cc2)cc1 0.9820049 2.3946 1.0000000 1.0000 1.0000000 1.0000 []
 | 8.1031 34.2348 92.0694 0.9867514 c1cncc(N=Nc2ccc(CN3CCCCCC3)cc2)c1 1 c1cncc(N=Nc2ccc(CN3CCCCCC3)cc2)c1 0.9867514 2.1919 1.0000000 1.0000 1.0000000 1.0000 []
 | 9.5170 35.5637 89.7063 0.9786720 c1cncc(N=Nc2ccc(CN3CCc4sccc4C3)cc2)c1 1 c1cncc(N=Nc2ccc(CN3CCc4sccc4C3)cc2)c1 0.9786720 2.5075 1.0000000 1.0000 1.0000000 1.0000 []
03:42:23 <INFO> Score: 0.74 Agent NLL: 11.53 Valid: 100% Step: 98
 | Agent Prior Target Score SMILES SMILES_state Scaffold SA SA (raw) Alerts Alerts (raw) PS_Scaffold PS_Scaffold (raw) matchting_patterns (Alerts)
 | 8.7078 40.6064 -40.6064 0.0000000 O=C(OCc1ccccc1)c1ccc(N=Nc2ccccc2)cc1 1 O=C(OCc1ccccc1)c1ccc(N=Nc2ccccc2)cc1 0.9918281 1.8738 1.0000000 1.0000 1.0000000 1.0000 []
 | 9.8395 47.3171 78.4006 0.9821696 c1ccc(Cc2ccc(N=Nc3ccnnc3)cc2)cc1 1 c1ccc(Cc2ccc(N=Nc3ccnnc3)cc2)cc1 0.9821696 2.3885 1.0000000 1.0000 1.0000000 1.0000 []
 | 7.3588 34.1104 -34.1104 0.0000000 c1ccc(N=Nc2ccc(CNCC3CCCC3)cc2)cc1 1 c1ccc(N=Nc2ccc(CNCC3CCCC3)cc2)cc1 0.9882061 2.1152 1.0000000 1.0000 1.0000000 1.0000 []
 | 13.1152 41.1287 83.1519 0.9709424 O=C1CCC=NN1c1cccc(CNCc2cnc(N3CCCC3)nc2)c1 1 O=C1CCC=NN1c1cccc(CNCc2cnc(N3CCCC3)nc2)c1 0.9709424 2.7141 1.0000000 1.0000 1.0000000 1.0000 []
 | 12.2367 33.4012 92.3963 0.9827929 CN(c1ccc(N=Nc2ccccc2Cl)cc1)C1CCC1 1 c1ccc(N=Nc2ccc(NC3CCC3)cc2)cc1 0.9827929 2.3649 1.0000000 1.0000 1.0000000 1.0000 []
 | 10.5409 46.2052 -46.2052 0.0000000 COc1ccc(NCc2ccc(N=Nc3ccccc3)cc2)cc1 1 c1ccc(N=Nc2ccc(CNc3ccccc3)cc2)cc1 0.9911087 1.9293 1.0000000 1.0000 1.0000000 1.0000 []
 | 9.8375 39.0755 83.9811 0.9613795 O=C1C(NCc2ccc(N=Nc3ccccn3)cc2)CCN1Cc1ccccc1 1 O=C1C(NCc2ccc(N=Nc3ccccn3)cc2)CCN1Cc1ccccc1 0.9613795 2.9059 1.0000000 1.0000 1.0000000 1.0000 []
 | 10.8185 34.7764 -34.7764 0.0000000 Clc1ccc(Oc2ccc(N=Nc3ccccc3)cc2)cc1 1 c1ccc(N=Nc2ccc(Oc3ccccc3)cc2)cc1 0.9916508 1.8879 1.0000000 1.0000 1.0000000 1.0000 []
 | 11.3854 38.4523 85.9994 0.9722795 O=C1CCCN1CCNCc1ccc(N=Nc2ncccn2)cc1 1 O=C1CCCN1CCNCc1ccc(N=Nc2ncccn2)cc1 0.9722795 2.6825 1.0000000 1.0000 1.0000000 1.0000 []
 | 16.4806 44.1565 81.2111 0.9794339 COc1ccc(N=Nc2ccc(NCC3CCN(C4CCC4)CC3)c(Cl)c2)cc1 1 c1ccc(N=Nc2ccc(NCC3CCN(C4CCC4)CC3)cc2)cc1 0.9794339 2.4833 1.0000000 1.0000 1.0000000 1.0000 []
03:42:25 <INFO> Score: 0.84 Agent NLL: 12.45 Valid: 100% Step: 99
 | Agent Prior Target Score SMILES SMILES_state Scaffold SA SA (raw) Alerts Alerts (raw) PS_Scaffold PS_Scaffold (raw) matchting_patterns (Alerts)
 | 19.0477 42.2634 83.1760 0.9799958 Oc1cc(N=Nc2ccccn2)ccc1NCc1cccc(Cl)c1 1 c1ccc(CNc2ccc(N=Nc3ccccn3)cc2)cc1 0.9799958 2.4648 1.0000000 1.0000 1.0000000 1.0000 []
 | 10.5760 49.3061 77.3781 0.9897199 COc1cccc(N=Nc2ccc(OCc3ccc(-c4ccccc4)cc3)cc2)c1 1 c1ccc(N=Nc2ccc(OCc3ccc(-c4ccccc4)cc3)cc2)cc1 0.9897199 2.0247 1.0000000 1.0000 1.0000000 1.0000 []
 | 13.4683 44.7908 79.1157 0.9680196 O=C1CCC=NN1c1ccc(Br)c(CNCc2ccc3c(c2)OCCCO3)c1 1 O=C1CCC=NN1c1cccc(CNCc2ccc3c(c2)OCCCO3)c1 0.9680196 2.7785 1.0000000 1.0000 1.0000000 1.0000 []
 | 15.2037 39.4111 85.6476 0.9770210 Brc1ccc(N2CCCCC=N2)cc1CNCCc1ccccc1 1 C1=NN(c2cccc(CNCCc3ccccc3)c2)CCCC1 0.9770210 2.5571 1.0000000 1.0000 1.0000000 1.0000 []
 | 14.6953 40.6416 85.1203 0.9825153 Fc1cccc(CNCc2ccc(N=Nc3cccnc3)cc2)c1-c1ccccc1 1 c1ccc(-c2ccccc2CNCc2ccc(N=Nc3cccnc3)cc2)cc1 0.9825153 2.3755 1.0000000 1.0000 1.0000000 1.0000 []
 | 12.6572 35.0348 89.9937 0.9767851 Fc1cc(N=Nc2cccnc2)ccc1CN1CCC(CN2CCCCC2)CC1 1 c1cncc(N=Nc2ccc(CN3CCC(CN4CCCCC4)CC3)cc2)c1 0.9767851 2.5640 1.0000000 1.0000 1.0000000 1.0000 []
 | 12.1507 40.3364 85.5781 0.9837073 O=C(Nc1ccccc1)c1ccc(N=Nc2ccnc(Cl)c2)cc1Cl 1 O=C(Nc1ccccc1)c1ccc(N=Nc2ccncc2)cc1 0.9837073 2.3287 1.0000000 1.0000 1.0000000 1.0000 []
 | 14.9957 28.4559 77.8764 0.8307210 O=C(c1ccccc1N=Nc1ccc(O)cc1)N1CCOC(CC(=O)N2CC3CCC2CC3)C1 1 O=C(c1ccccc1N=Nc1ccccc1)N1CCOC(CC(=O)N2CC3CCC2CC3)C1 0.8307210 3.9637 1.0000000 1.0000 1.0000000 1.0000 []
 | 10.7477 41.4429 85.1592 0.9890789 c1ccc(N=Nc2ccc(-c3ccc(OC4CCC4)cc3)cc2)cc1 1 c1ccc(N=Nc2ccc(-c3ccc(OC4CCC4)cc3)cc2)cc1 0.9890789 2.0645 1.0000000 1.0000 1.0000000 1.0000 []
 | 16.8385 48.6636 76.9118 0.9810578 O=C(Nc1cccc(Oc2ccc(N=Nc3ncccn3)cc2)c1)C1CC1 1 O=C(Nc1cccc(Oc2ccc(N=Nc3ncccn3)cc2)c1)C1CC1 0.9810578 2.4286 1.0000000 1.0000 1.0000000 1.0000 []
03:42:26 <INFO> Sampled SMILES n1c(N=Nc2ccccc2Br)ccc1-c1ccoc1 failed to sanitize.
03:42:28 <INFO> Score: 0.77 Agent NLL: 12.62 Valid:  99% Step: 100
 | Agent Prior Target Score SMILES SMILES_state Scaffold SA SA (raw) Alerts Alerts (raw) PS_Scaffold PS_Scaffold (raw) matchting_patterns (Alerts)
 | 15.5569 54.3522 69.0941 0.9644240 COc1ccc(N=Nc2ccc(NCN3CCC3c3ccccc3)cc2)cc1 1 c1ccc(N=Nc2ccc(NCN3CCC3c3ccccc3)cc2)cc1 0.9644240 2.8503 1.0000000 1.0000 1.0000000 1.0000 []
 | 14.6922 50.1390 67.7173 0.9207520 OC1CCN(Cc2ccccc2)CC1COc1ccc(N=Nc2ccnnc2)cc1 1 c1ccc(CN2CCCC(COc3ccc(N=Nc4ccnnc4)cc3)C2)cc1 0.9207520 3.4023 1.0000000 1.0000 1.0000000 1.0000 []
 | 11.7287 42.6094 -42.6094 0.0000000 Clc1cccc(COc2ccc(N=Nc3ccccc3)cc2)c1 1 c1ccc(COc2ccc(N=Nc3ccccc3)cc2)cc1 0.9909813 1.9386 1.0000000 1.0000 1.0000000 1.0000 []
 | 12.4066 46.3778 71.4788 0.9207545 OC1CCN(c2ccccc2)CC1CNCc1ccc(N=Nc2ncccn2)cc1 1 c1ccc(N2CCCC(CNCc3ccc(N=Nc4ncccn4)cc3)C2)cc1 0.9207545 3.4022 1.0000000 1.0000 1.0000000 1.0000 []
 | 15.9608 48.4824 74.9219 0.9640959 Fc1ccc(N2CC=CC=N2)cc1CNCc1ccc2c(c1)OCO2 1 C1=CCN(c2cccc(CNCc3ccc4c(c3)OCO4)c2)N=C1 0.9640959 2.8565 1.0000000 1.0000 1.0000000 1.0000 []
 | 15.3129 44.1819 81.7115 0.9835425 Fc1ccccc1N=Nc1ccc(Nc2ccccc2OC2CCCC2)cc1 1 c1ccc(N=Nc2ccc(Nc3ccccc3OC3CCCC3)cc2)cc1 0.9835425 2.3354 1.0000000 1.0000 1.0000000 1.0000 []
 | 7.0501 36.9121 -36.9121 0.0000000 c1cncc(N=Nc2ccc(CNc3ccc(N4CCCC4)cc3)cc2)c1 1 c1cncc(N=Nc2ccc(CNc3ccc(N4CCCC4)cc3)cc2)c1 0.9852453 2.2631 1.0000000 1.0000 1.0000000 1.0000 []
 | 13.8187 51.3582 74.4556 0.9829208 COc1ccc(N=Nc2ccc(NCc3nc4cc(OC)ccc4[nH]3)cc2)cc1 1 c1ccc(N=Nc2ccc(NCc3nc4ccccc4[nH]3)cc2)cc1 0.9829208 2.3599 1.0000000 1.0000 1.0000000 1.0000 []
 | 19.2792 64.2243 -64.2243 0.0000000 n1c(N=Nc2ccccc2Br)ccc1-c1ccoc1 0 -- 0.0000000 0.0000 0.0000000 0.0000 0.0000000 0.0000 None
 | 9.3820 34.7846 91.1055 0.9835168 c1ccc(N=Nc2ccc(NCC3CCN(C4CCCC4)CC3)cc2)cc1 1 c1ccc(N=Nc2ccc(NCC3CCN(C4CCCC4)CC3)cc2)cc1 0.9835168 2.3364 1.0000000 1.0000 1.0000000 1.0000 []
03:42:31 <INFO> Score: 0.78 Agent NLL: 11.92 Valid: 100% Step: 101
 | Agent Prior Target Score SMILES SMILES_state Scaffold SA SA (raw) Alerts Alerts (raw) PS_Scaffold PS_Scaffold (raw) matchting_patterns (Alerts)
 | 19.3707 45.7323 80.2885 0.9845377 O=c1ccc(-c2cccc(N=Nc3ccccc3)c2)c[nH]1 1 O=c1ccc(-c2cccc(N=Nc3ccccc3)c2)c[nH]1 0.9845377 2.2941 1.0000000 1.0000 1.0000000 1.0000 []
 | 17.4296 47.8444 77.8671 0.9821208 CN(c1ccccc1N=Nc1cccc(Oc2ccccc2)c1)C1CCCC1 1 c1ccc(Oc2cccc(N=Nc3ccccc3NC3CCCC3)c2)cc1 0.9821208 2.3903 1.0000000 1.0000 1.0000000 1.0000 []
 | 9.4382 44.0873 -44.0873 0.0000000 COc1cccc(COc2ccc(N=Nc3ccccc3)cc2)c1 1 c1ccc(COc2ccc(N=Nc3ccccc3)cc2)cc1 0.9911246 1.9281 1.0000000 1.0000 1.0000000 1.0000 []
 | 8.4059 33.7228 92.5717 0.9866761 c1ccc(CCCNCc2ccc(N=Nc3ccccn3)cc2)cc1 1 c1ccc(CCCNCc2ccc(N=Nc3ccccn3)cc2)cc1 0.9866761 2.1957 1.0000000 1.0000 1.0000000 1.0000 []
 | 10.9946 44.8911 81.3635 0.9863644 COc1cccc(N=Nc2ccc(CNCC3CCC3)cc2)c1 1 c1ccc(N=Nc2ccc(CNCC3CCC3)cc2)cc1 0.9863644 2.2110 1.0000000 1.0000 1.0000000 1.0000 []
 | 9.7151 42.6308 -42.6308 0.0000000 O=C(Nc1ccccc1)c1ccc(N2N=CCCC2=O)cc1 1 O=C(Nc1ccccc1)c1ccc(N2N=CCCC2=O)cc1 0.9879185 2.1311 1.0000000 1.0000 1.0000000 1.0000 []
 | 16.2804 47.6267 76.7240 0.9714900 Fc1cccc(NCc2ccc(N=Nc3ncnc4nc[nH]c34)cc2)c1 1 c1ccc(NCc2ccc(N=Nc3ncnc4nc[nH]c34)cc2)cc1 0.9714900 2.7013 1.0000000 1.0000 1.0000000 1.0000 []
 | 8.7229 37.3292 86.3986 0.9666234 c1ccc(C(NCc2ccc(N=Nc3cccnc3)cc2)C2CC2)cc1 1 c1ccc(C(NCc2ccc(N=Nc3cccnc3)cc2)C2CC2)cc1 0.9666234 2.8073 1.0000000 1.0000 1.0000000 1.0000 []
 | 12.8666 44.8776 80.9675 0.9831650 O=[N+]([O-])c1ccc(N(Cc2ccc(N=Nc3ccccc3)cc2)C2CC2)cc1 1 c1ccc(N=Nc2ccc(CN(c3ccccc3)C3CC3)cc2)cc1 0.9831650 2.3504 1.0000000 1.0000 1.0000000 1.0000 []
 | 12.0943 52.6286 74.0573 0.9897341 O=C(Nc1ccc(N=Nc2ccccc2)cc1)Nc1ccc(Oc2ccccc2)cc1 1 O=C(Nc1ccc(N=Nc2ccccc2)cc1)Nc1ccc(Oc2ccccc2)cc1 0.9897341 2.0238 1.0000000 1.0000 1.0000000 1.0000 []
03:43:25 <INFO> Score: 0.80 Agent NLL: 12.26 Valid: 100% Step: 102
 | Agent Prior Target Score SMILES SMILES_state Scaffold SA SA (raw) Alerts Alerts (raw) PS_Scaffold PS_Scaffold (raw) matchting_patterns (Alerts)
 | 21.3141 55.1551 46.5946 0.7949197 Fc1ccc(N2N=CCC23CCNCC3)cc1CNC1CCCNC1 1 C1=NN(c2cccc(CNC3CCCNC3)c2)C2(C1)CCNCC2 0.7949197 4.1174 1.0000000 1.0000 1.0000000 1.0000 []
 | 12.0627 34.7662 91.6167 0.9873661 c1ccc(N=Nc2ccc(-n3cccc3)cc2)cc1 1 c1ccc(N=Nc2ccc(-n3cccc3)cc2)cc1 0.9873661 2.1606 1.0000000 1.0000 1.0000000 1.0000 []
 | 12.7994 45.6563 79.8735 0.9807013 c1ccc(-c2cccc(COc3ccc(N=Nc4ncccn4)cc3)c2)nc1 1 c1ccc(-c2cccc(COc3ccc(N=Nc4ncccn4)cc3)c2)nc1 0.9807013 2.4410 1.0000000 1.0000 1.0000000 1.0000 []
 | 11.0189 44.6641 81.1816 0.9831697 Cc1c(N=Nc2ccc(C#N)cc2)cccc1C(=O)N1CCC1 1 O=C(c1cccc(N=Nc2ccccc2)c1)N1CCC1 0.9831697 2.3502 1.0000000 1.0000 1.0000000 1.0000 []
 | 14.1627 39.1552 86.8034 0.9840514 c1ccc(COC2CC(NCc3cccc(N=Nc4ccccc4)c3)C2)cc1 1 c1ccc(COC2CC(NCc3cccc(N=Nc4ccccc4)c3)C2)cc1 0.9840514 2.3146 1.0000000 1.0000 1.0000000 1.0000 []
 | 14.9471 40.8256 81.3067 0.9541590 Fc1ccccc1C1CCCCN1Cc1ccc(N=Nc2cnccn2)cc1 1 c1ccc(C2CCCCN2Cc2ccc(N=Nc3cnccn3)cc2)cc1 0.9541590 3.0224 1.0000000 1.0000 1.0000000 1.0000 []
 | 17.0834 40.7120 81.9937 0.9586383 Fc1cc(N=Nc2ncccn2)ccc1Nc1ccnc2c1CCC2 1 c1cnc(N=Nc2ccc(Nc3ccnc4c3CCC4)cc2)nc1 0.9586383 2.9524 1.0000000 1.0000 1.0000000 1.0000 []
 | 11.1698 48.5855 77.9049 0.9882067 O=C(NCc1ccccc1)c1cccc(N=Nc2ccncc2)c1 1 O=C(NCc1ccccc1)c1cccc(N=Nc2ccncc2)c1 0.9882067 2.1152 1.0000000 1.0000 1.0000000 1.0000 []
 | 7.5253 33.7241 -33.7241 0.0000000 c1ccc(N=Nc2ccc(OCCOc3ccccc3)cc2)cc1 1 c1ccc(N=Nc2ccc(OCCOc3ccccc3)cc2)cc1 0.9918458 1.8724 1.0000000 1.0000 1.0000000 1.0000 []
 | 10.3190 27.9294 96.8476 0.9748203 O=C(c1ccccc1N=Nc1cccc(O)c1)N1CCC(NC(=O)C2(c3ccccc3)CC2)CC1 1 O=C(c1ccccc1N=Nc1ccccc1)N1CCC(NC(=O)C2(c3ccccc3)CC2)CC1 0.9748203 2.6182 1.0000000 1.0000 1.0000000 1.0000 []
03:43:25 <INFO> Sampled SMILES c1(N=Nc2cc(Cn3cccc3)ccc2O)cccc1COC1CCCCC1 failed to sanitize.
03:43:25 <INFO> Sampled SMILES c1cc(C=N=O)cnc1N=Nc1ccc(OC(F)F)cc1 failed to sanitize.
03:43:26 <INFO> Score: 0.72 Agent NLL: 12.30 Valid:  98% Step: 103
 | Agent Prior Target Score SMILES SMILES_state Scaffold SA SA (raw) Alerts Alerts (raw) PS_Scaffold PS_Scaffold (raw) matchting_patterns (Alerts)
 | 7.9690 41.3569 -41.3569 0.0000000 O=C(Nc1ccc(N=Nc2ccc(F)cc2)cc1)c1ccccc1 1 O=C(Nc1ccc(N=Nc2ccccc2)cc1)c1ccccc1 0.9920168 1.8585 1.0000000 1.0000 1.0000000 1.0000 []
 | 6.7792 47.1102 -47.1102 0.0000000 O=C(NCc1ccc(N=Nc2ncnc3c2CCC3)cc1)c1ccccc1 1 O=C(NCc1ccc(N=Nc2ncnc3c2CCC3)cc1)c1ccccc1 0.9795818 2.4785 1.0000000 1.0000 1.0000000 1.0000 []
 | 14.7554 43.2464 80.3244 0.9653968 O=C1CCC=NN1c1ccc(F)c(CN2CCCN(c3ncccc3C(F)(F)F)CC2)c1 1 O=C1CCC=NN1c1cccc(CN2CCCN(c3ccccn3)CC2)c1 0.9653968 2.8316 1.0000000 1.0000 1.0000000 1.0000 []
 | 14.7902 33.5877 91.5007 0.9772532 Fc1cc(N=Nc2ccccc2F)ccc1CNCCc1nc2ccccc2[nH]1 1 c1ccc(N=Nc2ccc(CNCCc3nc4ccccc4[nH]3)cc2)cc1 0.9772532 2.5504 1.0000000 1.0000 1.0000000 1.0000 []
 | 10.5882 40.3232 85.2757 0.9812409 Fc1cccc(NCc2ccc(N=Nc3ncccn3)cc2)c1 1 c1ccc(NCc2ccc(N=Nc3ncccn3)cc2)cc1 0.9812409 2.4222 1.0000000 1.0000 1.0000000 1.0000 []
 | 13.4512 62.3477 63.4578 0.9828560 COc1cc(C(=O)Nc2ccc(N=Nc3ccncc3)cc2)ccn1 1 O=C(Nc1ccc(N=Nc2ccncc2)cc1)c1ccncc1 0.9828560 2.3624 1.0000000 1.0000 1.0000000 1.0000 []
 | 8.6395 33.0040 -33.0040 0.0000000 c1ccc(COc2ccc(N=Nc3ccccc3)cc2)cc1 1 c1ccc(COc2ccc(N=Nc3ccccc3)cc2)cc1 0.9926717 1.8023 1.0000000 1.0000 1.0000000 1.0000 []
 | 13.7219 45.6478 80.1485 0.9827835 O=C(NCc1ccncc1)Nc1ccc(N=Nc2ccccc2Cl)cc1F 1 O=C(NCc1ccncc1)Nc1ccc(N=Nc2ccccc2)cc1 0.9827835 2.3652 1.0000000 1.0000 1.0000000 1.0000 []
 | 11.6403 48.2502 76.7552 0.9766049 c1ccc(Cc2ccc(N=Nc3cncnc3-n3cccc3)cc2)cc1 1 c1ccc(Cc2ccc(N=Nc3cncnc3-n3cccc3)cc2)cc1 0.9766049 2.5691 1.0000000 1.0000 1.0000000 1.0000 []
 | 12.8941 46.6934 71.8445 0.9260770 Cn1nccc1N=Nc1ccc(CN2CCCC2CN2CCCCC2)c(F)c1 1 c1cc(N=Nc2ccc(CN3CCCC3CN3CCCCC3)cc2)[nH]n1 0.9260770 3.3532 1.0000000 1.0000 1.0000000 1.0000 []
03:43:28 <INFO> Score: 0.77 Agent NLL: 12.40 Valid: 100% Step: 104
 | Agent Prior Target Score SMILES SMILES_state Scaffold SA SA (raw) Alerts Alerts (raw) PS_Scaffold PS_Scaffold (raw) matchting_patterns (Alerts)
 | 13.9031 39.7772 85.2336 0.9766464 c1cnnc(N=Nc2ccc(OCCCN3CCOCC3)cc2)c1 1 c1cnnc(N=Nc2ccc(OCCCN3CCOCC3)cc2)c1 0.9766464 2.5679 1.0000000 1.0000 1.0000000 1.0000 []
 | 13.0476 45.3178 81.0737 0.9874331 Clc1ccc(N=Nc2ccc(CNc3ccccc3N3CCC3)cc2)cc1 1 c1ccc(N=Nc2ccc(CNc3ccccc3N3CCC3)cc2)cc1 0.9874331 2.1571 1.0000000 1.0000 1.0000000 1.0000 []
 | 12.1520 26.3882 91.8842 0.9240035 O=C(C=C1CCN(C(=O)c2ccccc2N=Nc2ccc(O)cc2)CC1)N1CCCC(F)C1 1 O=C(C=C1CCN(C(=O)c2ccccc2N=Nc2ccccc2)CC1)N1CCCCC1 0.9240035 3.3727 1.0000000 1.0000 1.0000000 1.0000 []
 | 10.2202 36.6444 87.8371 0.9725119 c1nc(N=Nc2ccc(CNC3CCCC3)cc2)c2ccsc2n1 1 c1nc(N=Nc2ccc(CNC3CCCC3)cc2)c2ccsc2n1 0.9725119 2.6769 1.0000000 1.0000 1.0000000 1.0000 []
 | 10.3627 44.8650 79.2001 0.9692582 OCc1ccc(N=NCc2ccc(N=Nc3ccccn3)cc2)cc1 1 c1ccc(N=NCc2ccc(N=Nc3ccccn3)cc2)cc1 0.9692582 2.7519 1.0000000 1.0000 1.0000000 1.0000 []
 | 8.3344 34.3947 91.7020 0.9851305 c1ccc(N=Nc2ccc(CNC3CCN(Cc4cccnc4)CC3)cc2)cc1 1 c1ccc(N=Nc2ccc(CNC3CCN(Cc4cccnc4)CC3)cc2)cc1 0.9851305 2.2682 1.0000000 1.0000 1.0000000 1.0000 []
 | 21.5079 59.1544 64.2241 0.9638946 COc1ccc(N=Nc2ccc(Nc3cccc(OC4CCC4=O)c3)cc2)cc1 1 O=C1CCC1Oc1cccc(Nc2ccc(N=Nc3ccccc3)cc2)c1 0.9638946 2.8603 1.0000000 1.0000 1.0000000 1.0000 []
 | 13.6222 33.4324 92.1919 0.9814399 Fc1cc(N=Nc2ccc(Cl)cc2)ccc1CN1CCCNCC1 1 c1ccc(N=Nc2ccc(CN3CCCNCC3)cc2)cc1 0.9814399 2.4151 1.0000000 1.0000 1.0000000 1.0000 []
 | 14.4597 49.1399 76.6318 0.9825913 CC1=NN(c2ccc(C)c(NC(=O)C3CCC3)c2)CC1 1 O=C(Nc1cccc(N2CCC=N2)c1)C1CCC1 0.9825913 2.3726 1.0000000 1.0000 1.0000000 1.0000 []
 | 10.3395 25.2576 85.6296 0.8663062 O=C(c1ccccc1N=Nc1cccc(O)c1)N1CCCC2(C1)CC2(F)F 1 O=C(c1ccccc1N=Nc1ccccc1)N1CCCC2(CC2)C1 0.8663062 3.7827 1.0000000 1.0000 1.0000000 1.0000 []
03:43:30 <INFO> Score: 0.83 Agent NLL: 13.25 Valid: 100% Step: 105
 | Agent Prior Target Score SMILES SMILES_state Scaffold SA SA (raw) Alerts Alerts (raw) PS_Scaffold PS_Scaffold (raw) matchting_patterns (Alerts)
 | 13.1244 44.1357 81.6777 0.9829174 c1ccc(N=Nc2ccc(Oc3ccc(C4=NCCCC4)cc3)cc2)cc1 1 c1ccc(N=Nc2ccc(Oc3ccc(C4=NCCCC4)cc3)cc2)cc1 0.9829174 2.3601 1.0000000 1.0000 1.0000000 1.0000 []
 | 8.9577 35.5416 88.4756 0.9688851 c1ccc(N=Nc2ccc(CNC3CCCN(C4CCCC4)C3)cc2)cc1 1 c1ccc(N=Nc2ccc(CNC3CCCN(C4CCCC4)C3)cc2)cc1 0.9688851 2.7600 1.0000000 1.0000 1.0000000 1.0000 []
 | 13.7552 54.7666 69.7463 0.9727571 COc1ccc(N=Nc2ccc(CN3CCC(=O)N(CCN(C)C)CC3)cc2)nc1 1 O=C1CCN(Cc2ccc(N=Nc3ccccn3)cc2)CCN1 0.9727571 2.6709 1.0000000 1.0000 1.0000000 1.0000 []
 | 15.3304 50.8223 74.4971 0.9790578 N#Cc1ccc(Nc2ccc(N=Nc3ccccc3F)cc2)c(C2CC2)c1 1 c1ccc(N=Nc2ccc(Nc3ccccc3C3CC3)cc2)cc1 0.9790578 2.4953 1.0000000 1.0000 1.0000000 1.0000 []
 | 15.5828 57.7175 67.6886 0.9797354 c1ccc(-c2ncncc2N=Nc2ccc(Oc3ccc(-c4cccnc4)cc3)cc2)cc1 1 c1ccc(-c2ncncc2N=Nc2ccc(Oc3ccc(-c4cccnc4)cc3)cc2)cc1 0.9797354 2.4734 1.0000000 1.0000 1.0000000 1.0000 []
 | 14.2225 47.6991 77.3321 0.9768057 O=C(Nc1cccnc1)c1cc(N2CCC=N2)ccc1F 1 O=C(Nc1cccnc1)c1cccc(N2CCC=N2)c1 0.9768057 2.5634 1.0000000 1.0000 1.0000000 1.0000 []
 | 17.4169 61.6362 62.2090 0.9675406 c1ccc(Oc2ccc(N=Nc3ncnc4c3CCCC4)cc2)c(CCNC2CCCCC2)c1 1 c1ccc(Oc2ccc(N=Nc3ncnc4c3CCCC4)cc2)c(CCNC2CCCCC2)c1 0.9675406 2.7885 1.0000000 1.0000 1.0000000 1.0000 []
 | 11.9298 43.8014 81.9807 0.9826726 c1cncc(N=Nc2ccc(Nc3ccccc3CC3CC3)cc2)c1 1 c1cncc(N=Nc2ccc(Nc3ccccc3CC3CC3)cc2)c1 0.9826726 2.3695 1.0000000 1.0000 1.0000000 1.0000 []
 | 12.5599 27.0783 93.9728 0.9457114 O=C(c1ccccc1N=Nc1cccc(O)c1)N1CC(F)(C(=O)NC2CC=CC2)C1 1 O=C(NC1CC=CC1)C1CN(C(=O)c2ccccc2N=Nc2ccccc2)C1 0.9457114 3.1384 1.0000000 1.0000 1.0000000 1.0000 []
 | 12.4700 40.4672 86.0186 0.9881703 O=C(CNCc1ccc(N=Nc2cccc(Cl)c2)cc1)Nc1ccccc1 1 O=C(CNCc1ccc(N=Nc2ccccc2)cc1)Nc1ccccc1 0.9881703 2.1172 1.0000000 1.0000 1.0000000 1.0000 []
03:43:33 <INFO> Score: 0.75 Agent NLL: 12.51 Valid: 100% Step: 106
 | Agent Prior Target Score SMILES SMILES_state Scaffold SA SA (raw) Alerts Alerts (raw) PS_Scaffold PS_Scaffold (raw) matchting_patterns (Alerts)
 | 10.7524 46.9310 78.6959 0.9814598 O=C(Nc1ccc(N=Nc2ncccn2)cc1)C1CCCC1 1 O=C(Nc1ccc(N=Nc2ncccn2)cc1)C1CCCC1 0.9814598 2.4144 1.0000000 1.0000 1.0000000 1.0000 []
 | 16.1072 37.2022 89.0762 0.9865504 Clc1ccc(-c2ccc(N=Nc3ccc(Cl)nc3)cc2)cc1 1 c1ccc(-c2ccc(N=Nc3cccnc3)cc2)cc1 0.9865504 2.2019 1.0000000 1.0000 1.0000000 1.0000 []
 | 11.5689 34.8700 90.7640 0.9815150 c1ccc(N=Nc2ccc(CNCc3cccc4cccnc34)cc2)nc1 1 c1ccc(N=Nc2ccc(CNCc3cccc4cccnc34)cc2)nc1 0.9815150 2.4124 1.0000000 1.0000 1.0000000 1.0000 []
 | 11.2683 40.6628 85.1312 0.9827652 c1ccc(Oc2ccc(CNCc3ccc(N=Nc4ncccn4)cc3)cc2)cc1 1 c1ccc(Oc2ccc(CNCc3ccc(N=Nc4ncccn4)cc3)cc2)cc1 0.9827652 2.3659 1.0000000 1.0000 1.0000000 1.0000 []
 | 9.4091 33.5660 92.2005 0.9825502 c1ccc(N=Nc2ccc(CNCC3CCC3)cc2)nc1 1 c1ccc(N=Nc2ccc(CNCC3CCC3)cc2)nc1 0.9825502 2.3742 1.0000000 1.0000 1.0000000 1.0000 []
 | 9.5193 34.7481 89.3807 0.9697561 c1ccc(N=Nc2ccc(CN3CCCC3c3ccccn3)cc2)cc1 1 c1ccc(N=Nc2ccc(CN3CCCC3c3ccccn3)cc2)cc1 0.9697561 2.7410 1.0000000 1.0000 1.0000000 1.0000 []
 | 10.3639 33.9641 92.2020 0.9856725 c1ccc(N=Nc2ccc(CN3CCC(CN4CCCCCC4)CC3)cc2)cc1 1 c1ccc(N=Nc2ccc(CN3CCC(CN4CCCCCC4)CC3)cc2)cc1 0.9856725 2.2437 1.0000000 1.0000 1.0000000 1.0000 []
 | 10.5877 36.0122 89.9747 0.9842727 c1ccc(Oc2cccc(CCNCc3ccc(N=Nc4ccccn4)cc3)c2)cc1 1 c1ccc(Oc2cccc(CCNCc3ccc(N=Nc4ccccn4)cc3)c2)cc1 0.9842727 2.3053 1.0000000 1.0000 1.0000000 1.0000 []
 | 5.7485 39.3069 -39.3069 0.0000000 O=C(NCCOc1ccc(N=Nc2ccccc2)cc1)Nc1ccccc1 1 O=C(NCCOc1ccc(N=Nc2ccccc2)cc1)Nc1ccccc1 0.9899354 2.0108 1.0000000 1.0000 1.0000000 1.0000 []
 | 15.2195 34.6560 90.2608 0.9759125 O=C1CCC=NN1c1cccc(C2CCCC2)c1 1 O=C1CCC=NN1c1cccc(C2CCCC2)c1 0.9759125 2.5886 1.0000000 1.0000 1.0000000 1.0000 []
03:43:34 <INFO> Sampled SMILES O=C(c1ccc(N=Nc2cc(C)n[nH]c2)cc1)N1CCCC(F)(C(=O)N2Cc3ccccc3CC2CO)C1 failed to sanitize.
03:43:35 <INFO> Score: 0.78 Agent NLL: 12.82 Valid:  98% Step: 107
 | Agent Prior Target Score SMILES SMILES_state Scaffold SA SA (raw) Alerts Alerts (raw) PS_Scaffold PS_Scaffold (raw) matchting_patterns (Alerts)
 | 22.7457 47.4276 76.2035 0.9658682 Fc1ccc(N=Nc2ccc(NCc3cnc(NCC4CC4)cn3)cc2)cn1 1 c1cncc(N=Nc2ccc(NCc3cnc(NCC4CC4)cn3)cc2)c1 0.9658682 2.8224 1.0000000 1.0000 1.0000000 1.0000 []
 | 8.2103 33.9013 -33.9013 0.0000000 c1ccc(N=Nc2ccc(CNCCCn3cccn3)cc2)cc1 1 c1ccc(N=Nc2ccc(CNCCCn3cccn3)cc2)cc1 0.9846298 2.2901 1.0000000 1.0000 1.0000000 1.0000 []
 | 6.9947 44.4217 -44.4217 0.0000000 O=C(Nc1ccc(N=Nc2ccccc2)cc1)c1ccc(F)cc1 1 O=C(Nc1ccc(N=Nc2ccccc2)cc1)c1ccccc1 0.9920521 1.8556 1.0000000 1.0000 1.0000000 1.0000 []
 | 15.8031 40.3154 80.8868 0.9468924 Fc1ccccc1N=Nc1ccc(OC2CCCCN2)cc1 1 c1ccc(N=Nc2ccc(OC3CCCCN3)cc2)cc1 0.9468924 3.1233 1.0000000 1.0000 1.0000000 1.0000 []
 | 9.6882 34.7541 -34.7541 0.0000000 c1ccc(CN2CCC(CNCc3ccc(N=Nc4ccccc4)cc3)C2)cc1 1 c1ccc(CN2CCC(CNCc3ccc(N=Nc4ccccc4)cc3)C2)cc1 0.9755544 2.5984 1.0000000 1.0000 1.0000000 1.0000 []
 | 11.2715 42.0011 80.3295 0.9557080 O=C(NCc1ccc(N=Nc2ccccc2)cc1)C12CCCCN1CCC2 1 O=C(NCc1ccc(N=Nc2ccccc2)cc1)C12CCCCN1CCC2 0.9557080 2.9990 1.0000000 1.0000 1.0000000 1.0000 []
 | 8.5655 34.1357 92.4468 0.9889255 Clc1cccc(N=Nc2ccc(CN3CCC3)cc2)c1 1 c1ccc(N=Nc2ccc(CN3CCC3)cc2)cc1 0.9889255 2.0737 1.0000000 1.0000 1.0000000 1.0000 []
 | 10.6602 36.6891 89.2048 0.9835455 OC1CCN(Cc2ccc(N=Nc3cccnc3)cc2)CC1 1 c1cncc(N=Nc2ccc(CN3CCCCC3)cc2)c1 0.9835455 2.3352 1.0000000 1.0000 1.0000000 1.0000 []
 | 8.5157 46.1611 -46.1611 0.0000000 c1cncc(N=Nc2ccc(CNc3ccc(N4CCC4)cc3)cc2)c1 1 c1cncc(N=Nc2ccc(CNc3ccc(N4CCC4)cc3)cc2)c1 0.9855381 2.2498 1.0000000 1.0000 1.0000000 1.0000 []
 | 10.4662 34.1165 92.1098 0.9861429 c1cncc(N=Nc2ccc(N3CCCCC3)cc2)c1 1 c1cncc(N=Nc2ccc(N3CCCCC3)cc2)c1 0.9861429 2.2216 1.0000000 1.0000 1.0000000 1.0000 []
03:44:23 <INFO> Score: 0.78 Agent NLL: 11.75 Valid: 100% Step: 108
 | Agent Prior Target Score SMILES SMILES_state Scaffold SA SA (raw) Alerts Alerts (raw) PS_Scaffold PS_Scaffold (raw) matchting_patterns (Alerts)
 | 9.1547 52.2597 -52.2597 0.0000000 COc1ccccc1N=Nc1ccc(NC(=O)c2ccccc2)cc1 1 O=C(Nc1ccc(N=Nc2ccccc2)cc1)c1ccccc1 0.9913692 1.9097 1.0000000 1.0000 1.0000000 1.0000 []
 | 9.6793 34.9768 -34.9768 0.0000000 Oc1ccc2c(c1)CC(NCc1ccc(N=Nc3ccccc3)cc1)CC2 1 c1ccc(N=Nc2ccc(CNC3CCc4ccccc4C3)cc2)cc1 0.9674071 2.7913 1.0000000 1.0000 1.0000000 1.0000 []
 | 11.9987 36.3346 89.6657 0.9843774 c1ccc(N=Nc2ccc(Nc3ccccc3-n3cncn3)cc2)cc1 1 c1ccc(N=Nc2ccc(Nc3ccccc3-n3cncn3)cc2)cc1 0.9843774 2.3009 1.0000000 1.0000 1.0000000 1.0000 []
 | 16.2393 43.3169 81.8785 0.9780893 Clc1cc(N=Nc2ccc(NCc3nc(-c4ccccc4)no3)cc2)ccn1 1 c1ccc(-c2noc(CNc3ccc(N=Nc4ccncc4)cc3)n2)cc1 0.9780893 2.5254 1.0000000 1.0000 1.0000000 1.0000 []
 | 12.9882 46.4074 79.4033 0.9828957 Cn1cc(N=Nc2ccc(C(=O)c3ccccc3)cc2)cn1 1 O=C(c1ccccc1)c1ccc(N=Nc2cn[nH]c2)cc1 0.9828957 2.3609 1.0000000 1.0000 1.0000000 1.0000 []
 | 8.6391 34.3243 -34.3243 0.0000000 c1ccc(N=Nc2ccc(OCCCN3CCCCC3)cc2)cc1 1 c1ccc(N=Nc2ccc(OCCCN3CCCCC3)cc2)cc1 0.9892492 2.0542 1.0000000 1.0000 1.0000000 1.0000 []
 | 8.7044 34.1221 -34.1221 0.0000000 c1ccc(N=Nc2ccc(NC3CCCCC3)cc2)cc1 1 c1ccc(N=Nc2ccc(NC3CCCCC3)cc2)cc1 0.9891486 2.0603 1.0000000 1.0000 1.0000000 1.0000 []
 | 16.9299 52.7566 70.8136 0.9653921 c1ccc(-c2ccccc2N=Nc2ccc(CN3CCC(C4CCO4)CC3)cc2)cc1 1 c1ccc(-c2ccccc2N=Nc2ccc(CN3CCC(C4CCO4)CC3)cc2)cc1 0.9653921 2.8317 1.0000000 1.0000 1.0000000 1.0000 []
 | 11.7277 35.2939 90.8671 0.9856331 c1ccc(-c2cncc(-c3ccc(N=Nc4cccnc4)cc3)c2)cc1 1 c1ccc(-c2cncc(-c3ccc(N=Nc4cccnc4)cc3)c2)cc1 0.9856331 2.2455 1.0000000 1.0000 1.0000000 1.0000 []
 | 8.7484 34.5672 91.4218 0.9842892 c1ccc(CN2CCC(NCc3ccc(N=Nc4ccccn4)cc3)CC2)cc1 1 c1ccc(CN2CCC(NCc3ccc(N=Nc4ccccn4)cc3)CC2)cc1 0.9842892 2.3046 1.0000000 1.0000 1.0000000 1.0000 []
03:44:25 <INFO> Score: 0.79 Agent NLL: 12.69 Valid: 100% Step: 109
 | Agent Prior Target Score SMILES SMILES_state Scaffold SA SA (raw) Alerts Alerts (raw) PS_Scaffold PS_Scaffold (raw) matchting_patterns (Alerts)
 | 16.6764 44.2141 81.7194 0.9838560 c1cc(N=Nc2ccc(CNc3ccc(NC4CC4)cc3)cc2)ccn1 1 c1cc(N=Nc2ccc(CNc3ccc(NC4CC4)cc3)cc2)ccn1 0.9838560 2.3226 1.0000000 1.0000 1.0000000 1.0000 []
 | 10.9062 34.9906 91.1806 0.9857125 Fc1cc(N=Nc2ccccc2)ccc1NC1CCN(Cc2ccccc2)CC1 1 c1ccc(CN2CCC(Nc3ccc(N=Nc4ccccc4)cc3)CC2)cc1 0.9857125 2.2418 1.0000000 1.0000 1.0000000 1.0000 []
 | 7.3475 43.7381 -43.7381 0.0000000 O=C(NCc1ccc(N=Nc2cccnc2)cc1)C1CCC1 1 O=C(NCc1ccc(N=Nc2cccnc2)cc1)C1CCC1 0.9859778 2.2294 1.0000000 1.0000 1.0000000 1.0000 []
 | 10.7537 41.4331 82.6604 0.9694810 c1cc(Nc2ccc(N=Nc3ccncc3)cc2)cc(-c2cc[nH]n2)c1 1 c1cc(Nc2ccc(N=Nc3ccncc3)cc2)cc(-c2cc[nH]n2)c1 0.9694810 2.7470 1.0000000 1.0000 1.0000000 1.0000 []
 | 12.2670 24.9995 91.0281 0.9064654 O=C(c1ccccc1N=Nc1ccc(O)cc1)N1CC(F)(C(=O)N2CCCC2c2nccs2)C1 1 O=C(c1ccccc1N=Nc1ccccc1)N1CC(C(=O)N2CCCC2c2nccs2)C1 0.9064654 3.5204 1.0000000 1.0000 1.0000000 1.0000 []
 | 14.1847 43.4930 82.6165 0.9852304 O=C(NC1CC1)c1ccc(N=Nc2c3ccccc3nc3ccccc23)cc1 1 O=C(NC1CC1)c1ccc(N=Nc2c3ccccc3nc3ccccc23)cc1 0.9852304 2.2637 1.0000000 1.0000 1.0000000 1.0000 []
 | 9.0987 31.1498 94.9575 0.9852133 Fc1cc(N=Nc2ccccc2)ccc1CNC1CCC1 1 c1ccc(N=Nc2ccc(CNC3CCC3)cc2)cc1 0.9852133 2.2645 1.0000000 1.0000 1.0000000 1.0000 []
 | 18.5097 54.1127 66.2498 0.9403320 OCc1cc(N=Nc2ccc(CN=Nc3cccnc3)cc2)no1 1 c1cncc(N=NCc2ccc(N=Nc3ccon3)cc2)c1 0.9403320 3.2037 1.0000000 1.0000 1.0000000 1.0000 []
 | 14.3854 46.8060 75.0777 0.9522168 O=C1CCC=NN1c1ccc(F)c(CNc2cncnc2C2CC2)c1 1 O=C1CCC=NN1c1cccc(CNc2cncnc2C2CC2)c1 0.9522168 3.0508 1.0000000 1.0000 1.0000000 1.0000 []
 | 10.4804 46.1466 79.9822 0.9853811 O=C(Cc1cccc(F)c1)NCc1ccc(N=Nc2ccccn2)cc1 1 O=C(Cc1ccccc1)NCc1ccc(N=Nc2ccccn2)cc1 0.9853811 2.2570 1.0000000 1.0000 1.0000000 1.0000 []
03:44:26 <INFO> Sampled SMILES c1cc(N=Nc2ccc(Cn3ccccc3)cc2)ccc1CN1CCC1 failed to sanitize.
03:44:27 <INFO> Score: 0.82 Agent NLL: 13.30 Valid:  99% Step: 110
 | Agent Prior Target Score SMILES SMILES_state Scaffold SA SA (raw) Alerts Alerts (raw) PS_Scaffold PS_Scaffold (raw) matchting_patterns (Alerts)
 | 13.4640 47.6510 73.8309 0.9490774 COc1ccc(N=Nc2ccc(CNC3CCCCC3C3CCC3)cc2)cc1 1 c1ccc(N=Nc2ccc(CNC3CCCCC3C3CCC3)cc2)cc1 0.9490774 3.0944 1.0000000 1.0000 1.0000000 1.0000 []
 | 10.1175 37.2246 88.8139 0.9846755 Fc1ccccc1N=Nc1ccc(CNCc2ccco2)cc1 1 c1ccc(N=Nc2ccc(CNCc3ccco3)cc2)cc1 0.9846755 2.2881 1.0000000 1.0000 1.0000000 1.0000 []
 | 9.6276 51.2765 73.5819 0.9754564 COc1ccc(N=Nc2ccc(NC(=O)C3CCCN3Cc3ccccc3)cc2)cc1 1 O=C(Nc1ccc(N=Nc2ccccc2)cc1)C1CCCN1Cc1ccccc1 0.9754564 2.6011 1.0000000 1.0000 1.0000000 1.0000 []
 | 8.7751 32.7733 -32.7733 0.0000000 c1ccc(N=Nc2ccc(CNC3CCCCC3)cc2)cc1 1 c1ccc(N=Nc2ccc(CNC3CCCCC3)cc2)cc1 0.9890398 2.0669 1.0000000 1.0000 1.0000000 1.0000 []
 | 11.7064 50.3883 74.3305 0.9743656 c1nc2c(c(N=Nc3ccc(OCc4ccc(C5CCC5)cc4)cc3)n1)CCC2 1 c1nc2c(c(N=Nc3ccc(OCc4ccc(C5CCC5)cc4)cc3)n1)CCC2 0.9743656 2.6302 1.0000000 1.0000 1.0000000 1.0000 []
 | 17.3233 45.5724 79.3131 0.9756681 Fc1ccccc1N=Nc1ncccc1NC1CC1 1 c1ccc(N=Nc2ncccc2NC2CC2)cc1 0.9756681 2.5953 1.0000000 1.0000 1.0000000 1.0000 []
 | 5.9529 43.7461 -43.7461 0.0000000 O=C(Nc1ccc(N=Nc2ccccc2)cc1)c1ccccc1 1 O=C(Nc1ccc(N=Nc2ccccc2)cc1)c1ccccc1 0.9928570 1.7855 1.0000000 1.0000 1.0000000 1.0000 []
 | 14.8938 39.4267 86.5465 0.9841653 Cc1cccc(CNC(=O)c2cccc(N=Nc3ccc(C)c(C)c3)c2)n1 1 O=C(NCc1ccccn1)c1cccc(N=Nc2ccccc2)c1 0.9841653 2.3098 1.0000000 1.0000 1.0000000 1.0000 []
 | 10.5990 24.6666 92.3271 0.9140132 O=C(c1ccccc1N=Nc1ccc(O)cc1)N1CCC(C(=O)N2CC(F)CC2CO)CC1 1 O=C(c1ccccc1N=Nc1ccccc1)N1CCC(C(=O)N2CCCC2)CC1 0.9140132 3.4602 1.0000000 1.0000 1.0000000 1.0000 []
 | 9.6404 42.8945 83.3491 0.9862783 O=C(Cc1ccccn1)Nc1ccc(N=Nc2ccccc2)cc1F 1 O=C(Cc1ccccn1)Nc1ccc(N=Nc2ccccc2)cc1 0.9862783 2.2151 1.0000000 1.0000 1.0000000 1.0000 []
03:44:27 <INFO> Sampled SMILES c1cc(N=Nc2ccccc2)ccc1C(=O)N1CCC(Cc2cccc2)CC1 failed to sanitize.
03:44:27 <INFO> Sampled SMILES c1cc(N=Nc2ccncc2)ccc1NC(=O)Ncc1ccccc1F failed to sanitize.
03:44:29 <INFO> Score: 0.72 Agent NLL: 12.26 Valid:  96% Step: 111
 | Agent Prior Target Score SMILES SMILES_state Scaffold SA SA (raw) Alerts Alerts (raw) PS_Scaffold PS_Scaffold (raw) matchting_patterns (Alerts)
 | 9.1171 51.0044 -51.0044 0.0000000 O=C(NCc1ccc(N=Nc2cnccn2)cc1)c1ccccc1 1 O=C(NCc1ccc(N=Nc2cnccn2)cc1)c1ccccc1 0.9850054 2.2737 1.0000000 1.0000 1.0000000 1.0000 []
 | 10.4614 25.4774 99.2100 0.9741206 O=C(c1ccccc1N=Nc1cccc(O)c1)N1CCC(n2cccn2)CC1 1 O=C(c1ccccc1N=Nc1ccccc1)N1CCC(n2cccn2)CC1 0.9741206 2.6365 1.0000000 1.0000 1.0000000 1.0000 []
 | 11.0918 47.0941 77.4033 0.9726359 c1ccc(-c2cc(CNCc3ccc(N=Nc4ccnnc4)cc3)on2)cc1 1 c1ccc(-c2cc(CNCc3ccc(N=Nc4ccnnc4)cc3)on2)cc1 0.9726359 2.6738 1.0000000 1.0000 1.0000000 1.0000 []
 | 19.9492 57.0649 -57.0649 0.0000000 c1cc(N=Nc2ccccc2)c2cccc(NCCC3CCCO3)c2)c1 0 -- 0.0000000 0.0000 0.0000000 0.0000 0.0000000 0.0000 None
 | 19.8129 47.4075 78.0740 0.9803244 OCCC1CCN(Cc2cccc(N=Nc3cc(Cl)ccc3Cl)c2)CC1 1 c1ccc(N=Nc2cccc(CN3CCCCC3)c2)cc1 0.9803244 2.4538 1.0000000 1.0000 1.0000000 1.0000 []
 | 10.6968 54.3243 -54.3243 0.0000000 COc1ccccc1N=Nc1ccc(NC(=O)Cc2ccc(O)cc2)cc1 1 O=C(Cc1ccccc1)Nc1ccc(N=Nc2ccccc2)cc1 0.9883040 2.1097 1.0000000 1.0000 1.0000000 1.0000 []
 | 10.3338 44.5983 -44.5983 0.0000000 COc1ccc(N=Nc2ccc(-c3cccc(-c4cc[nH]n4)c3)cc2)cc1 1 c1ccc(N=Nc2ccc(-c3cccc(-c4cc[nH]n4)c3)cc2)cc1 0.9783998 2.5159 1.0000000 1.0000 1.0000000 1.0000 []
 | 12.6681 52.8975 72.3835 0.9787577 O=C(NCc1cc(N2N=CCC2=O)ccc1F)c1cccc(F)c1 1 O=C(NCc1cccc(N2N=CCC2=O)c1)c1ccccc1 0.9787577 2.5048 1.0000000 1.0000 1.0000000 1.0000 []
 | 15.1453 56.1447 69.4420 0.9811464 O=C(NCc1ccc(N=Nc2ccnc(NC3CCCC3)c2)cc1)Nc1ccccc1 1 O=C(NCc1ccc(N=Nc2ccnc(NC3CCCC3)c2)cc1)Nc1ccccc1 0.9811464 2.4255 1.0000000 1.0000 1.0000000 1.0000 []
 | 14.3859 42.0526 -42.0526 0.0000000 FC(F)(F)c1cccc(N=Nc2ccc(NC3CCNCC3)cc2)c1 1 c1ccc(N=Nc2ccc(NC3CCNCC3)cc2)cc1 0.9790264 2.4963 1.0000000 1.0000 1.0000000 1.0000 []
03:44:31 <INFO> Score: 0.80 Agent NLL: 12.65 Valid: 100% Step: 112
 | Agent Prior Target Score SMILES SMILES_state Scaffold SA SA (raw) Alerts Alerts (raw) PS_Scaffold PS_Scaffold (raw) matchting_patterns (Alerts)
 | 13.6075 40.4448 84.9104 0.9793378 c1cnc(N=Nc2ccc(NCc3cccc(N4CCCC4)c3)cc2)nc1 1 c1cnc(N=Nc2ccc(NCc3cccc(N4CCCC4)c3)cc2)nc1 0.9793378 2.4864 1.0000000 1.0000 1.0000000 1.0000 []
 | 9.2260 44.2611 -44.2611 0.0000000 c1ccc(N=Nc2ccc(CNc3ccc(N4CCC4)cc3)cc2)cc1 1 c1ccc(N=Nc2ccc(CNc3ccc(N4CCC4)cc3)cc2)cc1 0.9891652 2.0593 1.0000000 1.0000 1.0000000 1.0000 []
 | 11.6218 43.9975 82.1375 0.9854292 COc1ccccc1N=Nc1ccc(N2CCNCC2)cc1 1 c1ccc(N=Nc2ccc(N3CCNCC3)cc2)cc1 0.9854292 2.2548 1.0000000 1.0000 1.0000000 1.0000 []
 | 13.2048 25.1018 98.8256 0.9681832 O=C(c1ccccc1N=Nc1cccc(O)c1)N1CCC(n2cnnc2)CC1 1 O=C(c1ccccc1N=Nc1ccccc1)N1CCC(n2cnnc2)CC1 0.9681832 2.7750 1.0000000 1.0000 1.0000000 1.0000 []
 | 11.2190 32.8525 89.4639 0.9555967 O=C1CCC(NCc2ccc(N=Nc3ccccc3)cc2F)CN1 1 O=C1CCC(NCc2ccc(N=Nc3ccccc3)cc2)CN1 0.9555967 3.0007 1.0000000 1.0000 1.0000000 1.0000 []
 | 14.3856 41.7304 83.8420 0.9810350 c1ccc(-c2cccc(NCc3ccc(N=Nc4nccs4)cc3)c2)nc1 1 c1ccc(-c2cccc(NCc3ccc(N=Nc4nccs4)cc3)c2)nc1 0.9810350 2.4294 1.0000000 1.0000 1.0000000 1.0000 []
 | 9.9434 39.1788 87.3675 0.9886432 c1ccc(N=Nc2ccc(CNCc3ccc(N4CCC4)cc3)cc2)cc1 1 c1ccc(N=Nc2ccc(CNCc3ccc(N4CCC4)cc3)cc2)cc1 0.9886432 2.0903 1.0000000 1.0000 1.0000000 1.0000 []
 | 12.2911 26.8836 80.7253 0.8406945 O=C(c1ccccc1N=Nc1cccc(O)c1)N1CCCC(F)(C(=O)NC2CCC(O)C2)C1 1 O=C(NC1CCCC1)C1CCCN(C(=O)c2ccccc2N=Nc2ccccc2)C1 0.8406945 3.9164 1.0000000 1.0000 1.0000000 1.0000 []
 | 19.0275 50.8933 74.0306 0.9759680 COc1cc(F)c(CNC2CCCCC2)cc1N=Nc1cccnc1 1 c1cncc(N=Nc2cccc(CNC3CCCCC3)c2)c1 0.9759680 2.5870 1.0000000 1.0000 1.0000000 1.0000 []
 | 17.0762 47.5363 75.2941 0.9596125 O=C(NCC1CCOC1)Nc1ccc(N=Nc2ccccn2)cc1 1 O=C(NCC1CCOC1)Nc1ccc(N=Nc2ccccn2)cc1 0.9596125 2.9362 1.0000000 1.0000 1.0000000 1.0000 []
03:44:32 <INFO> Sampled SMILES c1cc(N=Nc2ccncc2)ccc1CN=N1CCCCC1 failed to sanitize.
03:44:32 <INFO> Sampled SMILES c1cc(N=Nc2ccnc(OC)c2)ccc1Fc1ccc(CBr)cc1 failed to sanitize.
03:44:32 <INFO> Sampled SMILES c1cc(N=Nc2cccnc2)ccc1Nc1nc(N2CCCC2)cnc2ccccc12 failed to sanitize.
03:44:34 <INFO> Score: 0.78 Agent NLL: 13.19 Valid:  96% Step: 113
 | Agent Prior Target Score SMILES SMILES_state Scaffold SA SA (raw) Alerts Alerts (raw) PS_Scaffold PS_Scaffold (raw) matchting_patterns (Alerts)
 | 12.0343 35.7425 -35.7425 0.0000000 Clc1cccc(Cl)c1CNCc1ccc(N=Nc2ccccn2)cc1 1 c1ccc(CNCc2ccc(N=Nc3ccccn3)cc2)cc1 0.9823067 2.3833 1.0000000 1.0000 1.0000000 1.0000 []
 | 15.8626 49.0134 74.1742 0.9624028 COc1cccc(N=Nc2ccc(-c3ccc4c(c3)OCC4N)cc2)c1 1 c1ccc(N=Nc2ccc(-c3ccc4c(c3)OCC4)cc2)cc1 0.9624028 2.8877 1.0000000 1.0000 1.0000000 1.0000 []
 | 11.4476 37.2464 89.1301 0.9873162 c1ccc(N=Nc2ccc(NCC3CCN(c4ccccc4)CC3)cc2)cc1 1 c1ccc(N=Nc2ccc(NCC3CCN(c4ccccc4)CC3)cc2)cc1 0.9873162 2.1632 1.0000000 1.0000 1.0000000 1.0000 []
 | 11.9733 43.7996 82.3638 0.9856514 Fc1cc(N=Nc2ccccc2)ccc1OCc1cccc(-c2ccccn2)c1 1 c1ccc(N=Nc2ccc(OCc3cccc(-c4ccccn4)c3)cc2)cc1 0.9856514 2.2446 1.0000000 1.0000 1.0000000 1.0000 []
 | 12.5768 27.6444 93.8345 0.9490540 O=C(c1ccccc1N=Nc1ccc(O)cc1)N1CCC(F)(C(=O)NCC2OCCO2)CC1 1 O=C(NCC1OCCO1)C1CCN(C(=O)c2ccccc2N=Nc2ccccc2)CC1 0.9490540 3.0947 1.0000000 1.0000 1.0000000 1.0000 []
 | 11.7191 43.8241 78.5021 0.9556732 O=C1CCC=NN1c1ccc(F)c(CN2CCC(c3ccccc3)C2)c1 1 O=C1CCC=NN1c1cccc(CN2CCC(c3ccccc3)C2)c1 0.9556732 2.9995 1.0000000 1.0000 1.0000000 1.0000 []
 | 9.2414 51.4163 73.5744 0.9764903 O=C(c1cccc(N=Nc2ccnnc2)c1)N1CCCC1 1 O=C(c1cccc(N=Nc2ccnnc2)c1)N1CCCC1 0.9764903 2.5724 1.0000000 1.0000 1.0000000 1.0000 []
 | 11.9132 25.3048 97.3497 0.9582378 O=C(c1ccccc1N=Nc1ccc(O)cc1)N1CCC(F)(C(=O)N2CC(c3cccnc3)C2)CC1 1 O=C(c1ccccc1N=Nc1ccccc1)N1CCC(C(=O)N2CC(c3cccnc3)C2)CC1 0.9582378 2.9590 1.0000000 1.0000 1.0000000 1.0000 []
 | 12.4635 49.4966 75.2838 0.9748470 c1nc(N=Nc2ccc(Oc3ccc(CC4CC4)cc3)cc2)c2ccsc2n1 1 c1nc(N=Nc2ccc(Oc3ccc(CC4CC4)cc3)cc2)c2ccsc2n1 0.9748470 2.6175 1.0000000 1.0000 1.0000000 1.0000 []
 | 18.8539 52.1619 -52.1619 0.0000000 c1cc(N=Nc2ccncc2)ccc1CN=N1CCCCC1 0 -- 0.0000000 0.0000 0.0000000 0.0000 0.0000000 0.0000 None
03:44:37 <INFO> Score: 0.76 Agent NLL: 12.35 Valid: 100% Step: 114
 | Agent Prior Target Score SMILES SMILES_state Scaffold SA SA (raw) Alerts Alerts (raw) PS_Scaffold PS_Scaffold (raw) matchting_patterns (Alerts)
 | 15.2104 45.7593 79.5480 0.9789636 OCc1cccc(N=Nc2ccc(CNCCc3cccc(F)c3)cc2)n1 1 c1ccc(CCNCc2ccc(N=Nc3ccccn3)cc2)cc1 0.9789636 2.4983 1.0000000 1.0000 1.0000000 1.0000 []
 | 12.8037 57.3389 68.8729 0.9860293 COc1ccccc1N=Nc1ccc(Nc2cccc(-c3cccnc3)c2)cc1 1 c1ccc(N=Nc2ccc(Nc3cccc(-c4cccnc4)c3)cc2)cc1 0.9860293 2.2270 1.0000000 1.0000 1.0000000 1.0000 []
 | 12.6010 25.0622 93.7619 0.9283128 O=C(c1ccccc1N=Nc1ccc(O)cc1)N1CC(F)(C(=O)N2CCC(CO)C2)C1 1 O=C(c1ccccc1N=Nc1ccccc1)N1CC(C(=O)N2CCCC2)C1 0.9283128 3.3316 1.0000000 1.0000 1.0000000 1.0000 []
 | 11.5371 59.9012 65.9469 0.9831885 COc1cc(N=Nc2ccc(NC(=O)Nc3ccccc3F)cc2)ccn1 1 O=C(Nc1ccccc1)Nc1ccc(N=Nc2ccncc2)cc1 0.9831885 2.3495 1.0000000 1.0000 1.0000000 1.0000 []
 | 11.4014 34.6201 -34.6201 0.0000000 OCC1CCN(Cc2ccc(N=Nc3ccccc3)cc2)CC1 1 c1ccc(N=Nc2ccc(CN3CCCCC3)cc2)cc1 0.9878083 2.1371 1.0000000 1.0000 1.0000000 1.0000 []
 | 7.6688 38.1895 -38.1895 0.0000000 c1ccc(N=Nc2ccc(OCc3ccc(-c4ccccc4)cc3)cc2)cc1 1 c1ccc(N=Nc2ccc(OCc3ccc(-c4ccccc4)cc3)cc2)cc1 0.9914296 1.9051 1.0000000 1.0000 1.0000000 1.0000 []
 | 12.2047 38.2891 -38.2891 0.0000000 Fc1ccccc1CNCc1ccc(N=Nc2ccccc2Cl)cc1 1 c1ccc(CNCc2ccc(N=Nc3ccccc3)cc2)cc1 0.9876753 2.1442 1.0000000 1.0000 1.0000000 1.0000 []
 | 9.6470 50.0145 75.5848 0.9812450 O=C(NC1CCCC1)c1ccc(N=Nc2cncnc2-c2ccccc2)cc1 1 O=C(NC1CCCC1)c1ccc(N=Nc2cncnc2-c2ccccc2)cc1 0.9812450 2.4220 1.0000000 1.0000 1.0000000 1.0000 []
 | 17.6046 45.7104 79.7111 0.9798554 O=C(Nc1ccc(N=Nc2ccccn2)cc1Br)c1cc(F)ccc1F 1 O=C(Nc1ccc(N=Nc2ccccn2)cc1)c1ccccc1 0.9798554 2.4695 1.0000000 1.0000 1.0000000 1.0000 []
 | 16.0410 29.8007 96.5055 0.9867669 O=C(c1ccc(N=Nc2ccc(F)cc2)cc1)N1CCCN(c2ccc(F)cc2)CC1 1 O=C(c1ccc(N=Nc2ccccc2)cc1)N1CCCN(c2ccccc2)CC1 0.9867669 2.1912 1.0000000 1.0000 1.0000000 1.0000 []
03:44:40 <INFO> Score: 0.89 Agent NLL: 12.25 Valid: 100% Step: 115
 | Agent Prior Target Score SMILES SMILES_state Scaffold SA SA (raw) Alerts Alerts (raw) PS_Scaffold PS_Scaffold (raw) matchting_patterns (Alerts)
 | 15.7122 24.6120 100.1381 0.9746104 O=C(c1ccc(N=Nc2ccccc2)cc1)N1CCC(F)(C(=O)Nc2cccc(O)c2)CC1 1 O=C(Nc1ccccc1)C1CCN(C(=O)c2ccc(N=Nc3ccccc3)cc2)CC1 0.9746104 2.6237 1.0000000 1.0000 1.0000000 1.0000 []
 | 10.5362 31.9908 94.4907 0.9881370 Fc1ccc(N=Nc2ccc(NC3CCCC3)cc2)cc1 1 c1ccc(N=Nc2ccc(NC3CCCC3)cc2)cc1 0.9881370 2.1191 1.0000000 1.0000 1.0000000 1.0000 []
 | 10.0150 36.3924 89.9413 0.9869820 c1ccc(N=Nc2ccc(Nc3ccc4c(c3)OCCO4)cc2)cc1 1 c1ccc(N=Nc2ccc(Nc3ccc4c(c3)OCCO4)cc2)cc1 0.9869820 2.1804 1.0000000 1.0000 1.0000000 1.0000 []
 | 8.7765 45.2982 -45.2982 0.0000000 O=C(Nc1ccccc1)c1ccc(N=Nc2ccccn2)cc1 1 O=C(Nc1ccccc1)c1ccc(N=Nc2ccccn2)cc1 0.9896500 2.0292 1.0000000 1.0000 1.0000000 1.0000 []
 | 13.7393 44.8952 80.4260 0.9790716 C(=Nc1ccc(N2CCCC2)cc1)c1ccc(N=Nc2cccnc2)cc1 1 C(=Nc1ccc(N2CCCC2)cc1)c1ccc(N=Nc2cccnc2)cc1 0.9790716 2.4949 1.0000000 1.0000 1.0000000 1.0000 []
 | 10.9823 46.3641 79.9900 0.9871411 O=C(NCc1ccc(N=Nc2ccc(CCO)cc2)cc1)C1CC1 1 O=C(NCc1ccc(N=Nc2ccccc2)cc1)C1CC1 0.9871411 2.1722 1.0000000 1.0000 1.0000000 1.0000 []
 | 15.5837 42.5544 81.7131 0.9708402 CN(c1ccc(N=Nc2ccc3c(c2)OCCO3)cc1)c1ccc(-c2ccn[nH]2)cc1 1 c1cc(-c2ccc(Nc3ccc(N=Nc4ccc5c(c4)OCCO5)cc3)cc2)[nH]n1 0.9708402 2.7165 1.0000000 1.0000 1.0000000 1.0000 []
 | 11.7844 51.4978 74.1293 0.9814614 COc1ccc(N=Nc2ccc(NCc3cccnc3OC3CCCC3)cc2)cc1 1 c1ccc(N=Nc2ccc(NCc3cccnc3OC3CCCC3)cc2)cc1 0.9814614 2.4143 1.0000000 1.0000 1.0000000 1.0000 []
 | 13.2433 42.5194 81.2724 0.9671236 Fc1ccc(N2CCC=N2)cc1CNCc1cccnc1N1CCOCC1 1 C1=NN(c2cccc(CNCc3cccnc3N3CCOCC3)c2)CC1 0.9671236 2.7971 1.0000000 1.0000 1.0000000 1.0000 []
 | 10.3267 40.8995 85.9968 0.9913769 c1ccc(Cc2ccc(Oc3ccc(N=Nc4ccccc4)cc3)cc2)cc1 1 c1ccc(Cc2ccc(Oc3ccc(N=Nc4ccccc4)cc3)cc2)cc1 0.9913769 1.9091 1.0000000 1.0000 1.0000000 1.0000 []
03:44:40 <INFO> Sampled SMILES Brc1cc(N=Nc2ncnc3occc23)c2ccccc2cc1O failed to sanitize.
03:45:35 <INFO> Score: 0.80 Agent NLL: 13.15 Valid:  98% Step: 116
 | Agent Prior Target Score SMILES SMILES_state Scaffold SA SA (raw) Alerts Alerts (raw) PS_Scaffold PS_Scaffold (raw) matchting_patterns (Alerts)
 | 17.1425 44.8905 79.4538 0.9714399 Clc1cc(N=Nc2ccccc2)ccc1CNNc1ncccc1C1CC1 1 c1ccc(N=Nc2ccc(CNNc3ncccc3C3CC3)cc2)cc1 0.9714399 2.7025 1.0000000 1.0000 1.0000000 1.0000 []
 | 16.7020 42.5782 83.4576 0.9846547 c1ccc(N=Nc2cccc(CN3CCCN(Cc4ccco4)CC3)c2)cc1 1 c1ccc(N=Nc2cccc(CN3CCCN(Cc4ccco4)CC3)c2)cc1 0.9846547 2.2890 1.0000000 1.0000 1.0000000 1.0000 []
 | 17.4204 27.4381 85.8388 0.8849761 O=C(c1ccccc1N=Nc1cccc(O)c1)N1CCC(O)C(NC(=O)C2(c3ccccn3)CC2)C1 1 O=C(c1ccccc1N=Nc1ccccc1)N1CCCC(NC(=O)C2(c3ccccn3)CC2)C1 0.8849761 3.6708 1.0000000 1.0000 1.0000000 1.0000 []
 | 10.2954 43.8705 -43.8705 0.0000000 COc1ccc(N=Nc2ccc(NCC3CCCCC3)cc2)cc1 1 c1ccc(N=Nc2ccc(NCC3CCCCC3)cc2)cc1 0.9875188 2.1526 1.0000000 1.0000 1.0000000 1.0000 []
 | 14.9008 40.4895 83.0122 0.9648567 OCc1cncc(N=Nc2ccc(Cc3ccco3)cc2)n1 1 c1coc(Cc2ccc(N=Nc3cnccn3)cc2)c1 0.9648567 2.8421 1.0000000 1.0000 1.0000000 1.0000 []
 | 13.6116 23.8547 101.4799 0.9791765 O=C(c1ccccc1N=Nc1ccc(O)cc1)N1CC=C(c2ccc(F)cc2)CC1 1 O=C(c1ccccc1N=Nc1ccccc1)N1CC=C(c2ccccc2)CC1 0.9791765 2.4915 1.0000000 1.0000 1.0000000 1.0000 []
 | 7.9397 40.7574 85.6635 0.9876634 O=C(NCc1ccc(N=Nc2ccccn2)cc1)Nc1ccccc1 1 O=C(NCc1ccc(N=Nc2ccccn2)cc1)Nc1ccccc1 0.9876634 2.1449 1.0000000 1.0000 1.0000000 1.0000 []
 | 13.6578 48.1458 77.2071 0.9793199 O=C(NCc1ccc(N=Nc2ccnc(C3CC3)c2)cc1)C1CCCC1 1 O=C(NCc1ccc(N=Nc2ccnc(C3CC3)c2)cc1)C1CCCC1 0.9793199 2.4869 1.0000000 1.0000 1.0000000 1.0000 []
 | 13.0980 37.7929 -37.7929 0.0000000 CC1CCCN1Cc1ccc(N=Nc2ccccc2F)cc1F 1 c1ccc(N=Nc2ccc(CN3CCCC3)cc2)cc1 0.9615979 2.9020 1.0000000 1.0000 1.0000000 1.0000 []
 | 17.2215 52.2494 73.9082 0.9856060 COc1cnccc1C(=O)Nc1ccc(N=Nc2ccc(F)cc2)cc1 1 O=C(Nc1ccc(N=Nc2ccccc2)cc1)c1ccncc1 0.9856060 2.2467 1.0000000 1.0000 1.0000000 1.0000 []
03:45:37 <INFO> Score: 0.83 Agent NLL: 12.14 Valid: 100% Step: 117
 | Agent Prior Target Score SMILES SMILES_state Scaffold SA SA (raw) Alerts Alerts (raw) PS_Scaffold PS_Scaffold (raw) matchting_patterns (Alerts)
 | 11.3277 24.7364 94.5588 0.9319935 O=C(c1ccccc1N=Nc1ccc(O)cc1)N1CC(F)(C(=O)NC2CCc3ccccc32)C1 1 O=C(NC1CCc2ccccc21)C1CN(C(=O)c2ccccc2N=Nc2ccccc2)C1 0.9319935 3.2947 1.0000000 1.0000 1.0000000 1.0000 []
 | 18.8220 46.8947 70.5737 0.9177213 FC(F)(F)c1ccncc1N=Nc1ccc(CNCC2CCC3(CC2)OCCO3)cc1 1 c1cncc(N=Nc2ccc(CNCC3CCC4(CC3)OCCO4)cc2)c1 0.9177213 3.4289 1.0000000 1.0000 1.0000000 1.0000 []
 | 10.4172 42.6134 83.2062 0.9829662 c1ccc(-c2cccc(CNCc3ccc(N=Nc4ncccn4)cc3)c2)cc1 1 c1ccc(-c2cccc(CNCc3ccc(N=Nc4ncccn4)cc3)c2)cc1 0.9829662 2.3582 1.0000000 1.0000 1.0000000 1.0000 []
 | 13.9916 42.5271 81.9849 0.9727501 c1cc(NCc2ccc(N=Nc3cccnn3)cc2)cc(-c2cncnc2)c1 1 c1cc(NCc2ccc(N=Nc3cccnn3)cc2)cc(-c2cncnc2)c1 0.9727501 2.6710 1.0000000 1.0000 1.0000000 1.0000 []
 | 12.3792 41.8221 82.9424 0.9747226 O=C(NCc1cc(N2CCCC=N2)ccc1Br)OCc1ccccc1 1 O=C(NCc1cccc(N2CCCC=N2)c1)OCc1ccccc1 0.9747226 2.6208 1.0000000 1.0000 1.0000000 1.0000 []
 | 13.0575 47.3142 78.1733 0.9803715 c1ccc(-c2ccc(-c3ccc(N=Nc4ccn5cccc5c4)cc3)cc2)cc1 1 c1ccc(-c2ccc(-c3ccc(N=Nc4ccn5cccc5c4)cc3)cc2)cc1 0.9803715 2.4522 1.0000000 1.0000 1.0000000 1.0000 []
 | 11.4651 48.9687 -48.9687 0.0000000 CC1CC1C(=O)Nc1ccc(N=Nc2ccccc2Cl)cc1 1 O=C(Nc1ccc(N=Nc2ccccc2)cc1)C1CC1 0.9620190 2.8946 1.0000000 1.0000 1.0000000 1.0000 []
 | 10.3402 42.8270 83.7683 0.9890260 COc1ccc(N=Nc2ccc(CNCCCOc3ccccc3)cc2)cc1 1 c1ccc(N=Nc2ccc(CNCCCOc3ccccc3)cc2)cc1 0.9890260 2.0677 1.0000000 1.0000 1.0000000 1.0000 []
 | 9.3538 54.7214 -54.7214 0.0000000 COc1cccc(N=Nc2ccc(CNC(=O)c3ccccc3)cc2)c1 1 O=C(NCc1ccc(N=Nc2ccccc2)cc1)c1ccccc1 0.9905604 1.9686 1.0000000 1.0000 1.0000000 1.0000 []
 | 15.1729 41.3475 84.5015 0.9831952 Clc1ccccc1N=Nc1ccc(OCc2cccc(-c3cncnc3)c2)cc1 1 c1ccc(N=Nc2ccc(OCc3cccc(-c4cncnc4)c3)cc2)cc1 0.9831952 2.3492 1.0000000 1.0000 1.0000000 1.0000 []
03:45:39 <INFO> Score: 0.84 Agent NLL: 13.03 Valid:  99% Step: 118
 | Agent Prior Target Score SMILES SMILES_state Scaffold SA SA (raw) Alerts Alerts (raw) PS_Scaffold PS_Scaffold (raw) matchting_patterns (Alerts)
 | 14.9510 46.2158 79.6622 0.9834214 c1ccc(N=Nc2ccc(-c3ccncc3C3CCCCC3)cc2)cc1 1 c1ccc(N=Nc2ccc(-c3ccncc3C3CCCCC3)cc2)cc1 0.9834214 2.3402 1.0000000 1.0000 1.0000000 1.0000 []
 | 14.2167 48.5976 77.5855 0.9858057 Fc1cc(N=Nc2ccccc2Cl)ccc1OCc1ccccc1-c1ccccc1 1 c1ccc(N=Nc2ccc(OCc3ccccc3-c3ccccc3)cc2)cc1 0.9858057 2.2375 1.0000000 1.0000 1.0000000 1.0000 []
 | 11.8626 37.8240 88.7078 0.9885290 c1ccc(N=Nc2ccc(Nc3ccc(OCC4CC4)cc3)cc2)cc1 1 c1ccc(N=Nc2ccc(Nc3ccc(OCC4CC4)cc3)cc2)cc1 0.9885290 2.0969 1.0000000 1.0000 1.0000000 1.0000 []
 | 12.0474 45.5253 80.2540 0.9826511 OCCc1ccc(N=Nc2ccc(OCc3ccc4ccccc4c3)cc2)cn1 1 c1cncc(N=Nc2ccc(OCc3ccc4ccccc4c3)cc2)c1 0.9826511 2.3703 1.0000000 1.0000 1.0000000 1.0000 []
 | 11.5379 36.6334 88.9995 0.9815069 c1cncc(N=Nc2ccc(NC3Cc4ccccc4C3)cc2)c1 1 c1cncc(N=Nc2ccc(NC3Cc4ccccc4C3)cc2)c1 0.9815069 2.4127 1.0000000 1.0000 1.0000000 1.0000 []
 | 15.5111 50.7913 72.9898 0.9670396 COc1ccccc1N=Nc1ccc(NC2CCc3cc(F)ccc32)cc1 1 c1ccc(N=Nc2ccc(NC3CCc4ccccc43)cc2)cc1 0.9670396 2.7988 1.0000000 1.0000 1.0000000 1.0000 []
 | 16.6709 40.3453 81.7506 0.9538743 O=C(c1ccc(N=Nc2ccccc2OC2CC2)cc1)N1CCCC(N2CCOCC2)C1 1 O=C(c1ccc(N=Nc2ccccc2OC2CC2)cc1)N1CCCC(N2CCOCC2)C1 0.9538743 3.0267 1.0000000 1.0000 1.0000000 1.0000 []
 | 12.3380 44.9777 79.0070 0.9686304 Fc1cc(N=Nc2ccccc2)ccc1Cc1ccccc1-c1cc[nH]n1 1 c1ccc(N=Nc2ccc(Cc3ccccc3-c3cc[nH]n3)cc2)cc1 0.9686304 2.7655 1.0000000 1.0000 1.0000000 1.0000 []
 | 8.0607 38.4283 88.0648 0.9882277 O=C(NCc1ccc(N=Nc2ccccc2)cc1F)Nc1ccccc1 1 O=C(NCc1ccc(N=Nc2ccccc2)cc1)Nc1ccccc1 0.9882277 2.1140 1.0000000 1.0000 1.0000000 1.0000 []
 | 22.9945 54.3229 -54.3229 0.0000000 O=C(c1cc(N=Nc2cccc(C(F)(F)F)c2)ccc1C)N1CCC2(CCC(C2)C2)CC1 0 -- 0.0000000 0.0000 0.0000000 0.0000 0.0000000 0.0000 None
03:45:40 <INFO> Sampled SMILES Clc1c(N=Nc2ccnc(N3CCOCC3)c2)ccc1C(=O)N1CCC1 failed to sanitize.
03:45:41 <INFO> Score: 0.77 Agent NLL: 12.47 Valid:  99% Step: 119
 | Agent Prior Target Score SMILES SMILES_state Scaffold SA SA (raw) Alerts Alerts (raw) PS_Scaffold PS_Scaffold (raw) matchting_patterns (Alerts)
 | 10.2009 42.2259 83.9516 0.9857616 c1ccc(N=Nc2ccc(Oc3ccc(N4CCC4)cn3)cc2)cc1 1 c1ccc(N=Nc2ccc(Oc3ccc(N4CCC4)cn3)cc2)cc1 0.9857616 2.2395 1.0000000 1.0000 1.0000000 1.0000 []
 | 12.4689 42.5272 82.8665 0.9796388 c1cc(N=Nc2ccccc2OC2CCCC2)cc(OC2CCCC2)c1 1 c1cc(N=Nc2ccccc2OC2CCCC2)cc(OC2CCCC2)c1 0.9796388 2.4766 1.0000000 1.0000 1.0000000 1.0000 []
 | 8.1814 55.3853 71.1182 0.9883088 COc1ccccc1N=Nc1cccc(C(=O)N2CCC2)c1 1 O=C(c1cccc(N=Nc2ccccc2)c1)N1CCC1 0.9883088 2.1094 1.0000000 1.0000 1.0000000 1.0000 []
 | 15.0560 39.3959 86.6800 0.9849683 Clc1ccc(N=Nc2ccc(Oc3cncc(Cl)c3)cc2)cc1 1 c1ccc(N=Nc2ccc(Oc3cccnc3)cc2)cc1 0.9849683 2.2754 1.0000000 1.0000 1.0000000 1.0000 []
 | 13.9968 41.4279 82.7306 0.9699879 FC(F)(F)c1ccc(N2CCOCC2)c(NCc2ccc(N=Nc3ncccn3)cc2)c1 1 c1cnc(N=Nc2ccc(CNc3ccccc3N3CCOCC3)cc2)nc1 0.9699879 2.7358 1.0000000 1.0000 1.0000000 1.0000 []
 | 20.8148 36.6482 -36.6482 0.0000000 Clc1cc(N2CCN(c3ccccc3)CC2)c(Cl)cn1 1 c1ccc(N2CCN(c3ccncc3)CC2)cc1 0.0000000 0.0000 1.0000000 1.0000 0.0000000 0.0000 []
 | 9.5923 45.6126 80.8757 0.9881902 COc1ccc(N=Nc2ccc(NCc3ccc(C4CC4)cc3)cc2)cc1 1 c1ccc(N=Nc2ccc(NCc3ccc(C4CC4)cc3)cc2)cc1 0.9881902 2.1161 1.0000000 1.0000 1.0000000 1.0000 []
 | 11.7506 34.2267 91.0504 0.9787276 C1=NN(c2cccc(CNC3CCN(c4ccccc4)CC3)c2)CCCC1 1 C1=NN(c2cccc(CNC3CCN(c4ccccc4)CC3)c2)CCCC1 0.9787276 2.5057 1.0000000 1.0000 1.0000000 1.0000 []
 | 17.4185 74.3278 -74.3278 0.0000000 Clc1c(N=Nc2ccnc(N3CCOCC3)c2)ccc1C(=O)N1CCC1 0 -- 0.0000000 0.0000 0.0000000 0.0000 0.0000000 0.0000 None
 | 12.9364 30.6509 86.8504 0.9179791 O=C(c1ccc(N=Nc2cccc(O)c2)cc1)N1CCCC(F)(C(=O)N2CCC(F)CC2)C1 1 O=C(c1ccc(N=Nc2ccccc2)cc1)N1CCCC(C(=O)N2CCCCC2)C1 0.9179791 3.4266 1.0000000 1.0000 1.0000000 1.0000 []
03:45:44 <INFO> Score: 0.78 Agent NLL: 12.59 Valid: 100% Step: 120
 | Agent Prior Target Score SMILES SMILES_state Scaffold SA SA (raw) Alerts Alerts (raw) PS_Scaffold PS_Scaffold (raw) matchting_patterns (Alerts)
 | 11.8326 50.5978 75.1865 0.9826902 O=C(c1ccc(N=Nc2cnccc2Cl)cc1)N1CCC1 1 O=C(c1ccc(N=Nc2cccnc2)cc1)N1CCC1 0.9826902 2.3688 1.0000000 1.0000 1.0000000 1.0000 []
 | 12.9745 38.1083 85.5438 0.9660314 Fc1ccccc1N=Nc1ccc(CN2CCCC(CN3CCCCC3)C2)cc1 1 c1ccc(N=Nc2ccc(CN3CCCC(CN4CCCCC4)C3)cc2)cc1 0.9660314 2.8191 1.0000000 1.0000 1.0000000 1.0000 []
 | 9.9469 42.8460 83.6662 0.9883763 O=C(NCCc1ccc(Oc2ccc(N=Nc3ccccc3)cc2)cc1)C1CC1 1 O=C(NCCc1ccc(Oc2ccc(N=Nc3ccccc3)cc2)cc1)C1CC1 0.9883763 2.1056 1.0000000 1.0000 1.0000000 1.0000 []
 | 18.5930 49.6120 74.6659 0.9709218 O=C1COc2cc(-c3cc(N=Nc4ccccc4OC4CC4)ccc3F)ccc21 1 O=C1COc2cc(-c3cccc(N=Nc4ccccc4OC4CC4)c3)ccc21 0.9709218 2.7146 1.0000000 1.0000 1.0000000 1.0000 []
 | 14.0107 44.0337 79.8838 0.9681054 O=C1CCC=NN1c1ccc(O)c(CNCc2ccnc(N3CCCC3)c2)c1 1 O=C1CCC=NN1c1cccc(CNCc2ccnc(N3CCCC3)c2)c1 0.9681054 2.7767 1.0000000 1.0000 1.0000000 1.0000 []
 | 9.9677 28.1904 -28.1904 0.0000000 O=C(c1ccccc1N=Nc1cccc(O)c1)N1CCC(F)(C(=O)NCc2ccccc2)CC1 1 O=C(NCc1ccccc1)C1CCN(C(=O)c2ccccc2N=Nc2ccccc2)CC1 0.9711664 2.7089 1.0000000 1.0000 1.0000000 1.0000 []
 | 8.5886 43.8838 -43.8838 0.0000000 O=C(Cc1ccc(F)cc1)Nc1ccc(N=Nc2ccccc2)cc1 1 O=C(Cc1ccccc1)Nc1ccc(N=Nc2ccccc2)cc1 0.9910202 1.9358 1.0000000 1.0000 1.0000000 1.0000 []
 | 12.0480 36.6098 87.5219 0.9697796 c1cncc(N=Nc2ccc(CNCc3c[nH]cn3)cc2)c1 1 c1cncc(N=Nc2ccc(CNCc3c[nH]cn3)cc2)c1 0.9697796 2.7404 1.0000000 1.0000 1.0000000 1.0000 []
 | 16.7237 56.5596 67.5526 0.9696259 COc1cc(N=Nc2ccc(Nc3cccc(-c4nnnn4C4CC4)c3)cc2)ccn1 1 c1cc(Nc2ccc(N=Nc3ccncc3)cc2)cc(-c2nnnn2C2CC2)c1 0.9696259 2.7438 1.0000000 1.0000 1.0000000 1.0000 []
 | 13.4667 42.6714 83.7765 0.9878740 O=C(NCc1ccc(N=Nc2ccc(Br)cc2)cc1)C1CCCC1 1 O=C(NCc1ccc(N=Nc2ccccc2)cc1)C1CCCC1 0.9878740 2.1335 1.0000000 1.0000 1.0000000 1.0000 []
03:45:47 <INFO> Score: 0.74 Agent NLL: 12.00 Valid: 100% Step: 121
 | Agent Prior Target Score SMILES SMILES_state Scaffold SA SA (raw) Alerts Alerts (raw) PS_Scaffold PS_Scaffold (raw) matchting_patterns (Alerts)
 | 14.8985 47.7573 76.6154 0.9716617 Fc1cc(N=Nc2ncnc3c2CCCC3)ccc1-c1ccc2ccccc2c1 1 c1ccc2cc(-c3ccc(N=Nc4ncnc5c4CCCC5)cc3)ccc2c1 0.9716617 2.6973 1.0000000 1.0000 1.0000000 1.0000 []
 | 10.3789 38.6258 87.3543 0.9842191 c1ccc(N=Nc2ccc(Oc3ccccc3N3CCCC3)cc2)nc1 1 c1ccc(N=Nc2ccc(Oc3ccccc3N3CCCC3)cc2)nc1 0.9842191 2.3076 1.0000000 1.0000 1.0000000 1.0000 []
 | 11.2552 51.9894 73.5753 0.9809744 c1ccc(-c2ccccc2CNc2ccc(N=Nc3ccnnc3)cc2)cc1 1 c1ccc(-c2ccccc2CNc2ccc(N=Nc3ccnnc3)cc2)cc1 0.9809744 2.4315 1.0000000 1.0000 1.0000000 1.0000 []
 | 7.3788 37.9464 -37.9464 0.0000000 c1ccc(N=Nc2ccc(OCc3ccc(C4CC4)cc3)cc2)cc1 1 c1ccc(N=Nc2ccc(OCc3ccc(C4CC4)cc3)cc2)cc1 0.9899182 2.0119 1.0000000 1.0000 1.0000000 1.0000 []
 | 10.7240 37.3312 -37.3312 0.0000000 FCc1cccc(Nc2ccc(N=Nc3ccccc3)cc2)c1 1 c1ccc(N=Nc2ccc(Nc3ccccc3)cc2)cc1 0.9870117 2.1788 1.0000000 1.0000 1.0000000 1.0000 []
 | 17.8707 47.2078 76.9670 0.9701158 O=C1CCN(Cc2ccc(N=Nc3cccnc3)cc2Br)CCN1CCN1CCCC1 1 O=C1CCN(Cc2ccc(N=Nc3cccnc3)cc2)CCN1CCN1CCCC1 0.9701158 2.7329 1.0000000 1.0000 1.0000000 1.0000 []
 | 12.5379 52.4209 72.5495 0.9763312 c1ccc(CN2CCC(CNc3ccc(N=Nc4ccccc4)cc3)C2)cc1 1 c1ccc(CN2CCC(CNc3ccc(N=Nc4ccccc4)cc3)C2)cc1 0.9763312 2.5769 1.0000000 1.0000 1.0000000 1.0000 []
 | 14.7774 38.9989 87.0954 0.9851116 Clc1ccccc1N=Nc1ccc(CNCCC2CCC2)cc1 1 c1ccc(N=Nc2ccc(CNCCC3CCC3)cc2)cc1 0.9851116 2.2690 1.0000000 1.0000 1.0000000 1.0000 []
 | 13.8986 40.8680 82.8368 0.9664437 OCCc1ccc(N=Nc2ccc(CN3CCCC3c3ccccc3F)cc2)cc1 1 c1ccc(N=Nc2ccc(CN3CCCC3c3ccccc3)cc2)cc1 0.9664437 2.8109 1.0000000 1.0000 1.0000000 1.0000 []
 | 12.8615 40.6928 85.4810 0.9857333 Fc1ccccc1N=Nc1ccc(OCc2ccc3ccccc3n2)cc1 1 c1ccc(N=Nc2ccc(OCc3ccc4ccccc4n3)cc2)cc1 0.9857333 2.2408 1.0000000 1.0000 1.0000000 1.0000 []
03:46:29 <INFO> Score: 0.80 Agent NLL: 12.49 Valid: 100% Step: 122
 | Agent Prior Target Score SMILES SMILES_state Scaffold SA SA (raw) Alerts Alerts (raw) PS_Scaffold PS_Scaffold (raw) matchting_patterns (Alerts)
 | 6.9695 48.6946 -48.6946 0.0000000 c1ccc(Cc2cccc(N=Nc3ccccc3)c2)cc1 1 c1ccc(Cc2cccc(N=Nc3ccccc3)c2)cc1 0.9913831 1.9087 1.0000000 1.0000 1.0000000 1.0000 []
 | 9.6810 41.6383 -41.6383 0.0000000 c1ccc(N=Nc2ccc(Oc3ccc(CN4CCCC4)nc3)cc2)cc1 1 c1ccc(N=Nc2ccc(Oc3ccc(CN4CCCC4)nc3)cc2)cc1 0.9854950 2.2518 1.0000000 1.0000 1.0000000 1.0000 []
 | 7.7905 35.9989 -35.9989 0.0000000 c1cc(N=Nc2ccc(-c3ccc(CN4CCCC4)cc3)cc2)ccn1 1 c1cc(N=Nc2ccc(-c3ccc(CN4CCCC4)cc3)cc2)ccn1 0.9866539 2.1968 1.0000000 1.0000 1.0000000 1.0000 []
 | 11.6194 35.1706 90.7618 0.9838466 Fc1cccc(N=Nc2ccc(NCc3ccc4c(c3)OCCO4)cc2)c1 1 c1ccc(N=Nc2ccc(NCc3ccc4c(c3)OCCO4)cc2)cc1 0.9838466 2.3230 1.0000000 1.0000 1.0000000 1.0000 []
 | 10.8589 37.5326 87.4112 0.9761234 c1ccc(CN2CCCC(Oc3ccc(N=Nc4ccccc4)cc3)C2)cc1 1 c1ccc(CN2CCCC(Oc3ccc(N=Nc4ccccc4)cc3)C2)cc1 0.9761234 2.5827 1.0000000 1.0000 1.0000000 1.0000 []
 | 8.8394 43.7230 82.7178 0.9878184 O=C(c1ccc(N=Nc2ccc(CCO)cc2)cc1)N1CCC1 1 O=C(c1ccc(N=Nc2ccccc2)cc1)N1CCC1 0.9878184 2.1365 1.0000000 1.0000 1.0000000 1.0000 []
 | 8.3311 45.0532 -45.0532 0.0000000 O=C(Nc1ccccc1)c1cccc(N=Nc2ccccc2F)c1 1 O=C(Nc1ccccc1)c1cccc(N=Nc2ccccc2)c1 0.9901583 1.9960 1.0000000 1.0000 1.0000000 1.0000 []
 | 12.2213 33.1305 92.5254 0.9816865 c1ccc(N=Nc2ccc(-c3cnc(N4CCNCC4)nc3)cc2)cc1 1 c1ccc(N=Nc2ccc(-c3cnc(N4CCNCC4)nc3)cc2)cc1 0.9816865 2.4062 1.0000000 1.0000 1.0000000 1.0000 []
 | 11.8165 36.0952 89.3579 0.9801026 Cc1c(N=Nc2ccc3c(c2)OCCO3)cccc1C(=O)NC1CC1 1 O=C(NC1CC1)c1cccc(N=Nc2ccc3c(c2)OCCO3)c1 0.9801026 2.4613 1.0000000 1.0000 1.0000000 1.0000 []
 | 13.9276 44.6783 76.9242 0.9500195 c1ccc(CC2CC(Oc3ccc(N=Nc4ccccc4)cc3)CN2)cc1 1 c1ccc(CC2CC(Oc3ccc(N=Nc4ccccc4)cc3)CN2)cc1 0.9500195 3.0816 1.0000000 1.0000 1.0000000 1.0000 []
03:46:29 <INFO> Sampled SMILES O=C(c1cc(N=Nc2ccc(OC3CCC3)ncc2)ccn1)N1CCC(N2CCCC(O)C2)CC1 failed to sanitize.
03:46:30 <INFO> Score: 0.75 Agent NLL: 12.32 Valid:  98% Step: 123
 | Agent Prior Target Score SMILES SMILES_state Scaffold SA SA (raw) Alerts Alerts (raw) PS_Scaffold PS_Scaffold (raw) matchting_patterns (Alerts)
 | 11.1086 42.8023 83.3658 0.9856878 c1ccc(N=Nc2cccc(-c3ccccc3-c3nc4ccccc4[nH]3)c2)cc1 1 c1ccc(N=Nc2cccc(-c3ccccc3-c3nc4ccccc4[nH]3)c2)cc1 0.9856878 2.2429 1.0000000 1.0000 1.0000000 1.0000 []
 | 13.8219 38.6971 83.2108 0.9524056 c1ccc(N=Nc2ccc(NCC3CC4(C3)OCCO4)cc2)cc1 1 c1ccc(N=Nc2ccc(NCC3CC4(C3)OCCO4)cc2)cc1 0.9524056 3.0481 1.0000000 1.0000 1.0000000 1.0000 []
 | 7.3032 35.2950 -35.2950 0.0000000 Fc1ccc(N=Nc2ccc(Oc3ccccc3)cc2)cc1 1 c1ccc(N=Nc2ccc(Oc3ccccc3)cc2)cc1 0.9914851 1.9008 1.0000000 1.0000 1.0000000 1.0000 []
 | 11.8854 27.6932 93.6988 0.9483745 O=C(c1ccccc1N=Nc1cccc(O)c1)N1CC(F)(C(=O)N2CCCC(F)(F)CC2)C1 1 O=C(c1ccccc1N=Nc1ccccc1)N1CC(C(=O)N2CCCCCC2)C1 0.9483745 3.1038 1.0000000 1.0000 1.0000000 1.0000 []
 | 8.7921 41.6496 -41.6496 0.0000000 O=C(c1cccc(N=Nc2cccc(Cl)c2)c1)N1CCCC1 1 O=C(c1cccc(N=Nc2ccccc2)c1)N1CCCC1 0.9878148 2.1367 1.0000000 1.0000 1.0000000 1.0000 []
 | 12.5876 53.8756 71.7924 0.9817812 COc1ccc(N=Nc2ccc(CNCCNC(=O)Cc3ccccc3)cc2)nc1 1 O=C(Cc1ccccc1)NCCNCc1ccc(N=Nc2ccccn2)cc1 0.9817812 2.4028 1.0000000 1.0000 1.0000000 1.0000 []
 | 7.3032 35.2950 -35.2950 0.0000000 Fc1ccc(N=Nc2ccc(Oc3ccccc3)cc2)cc1 2 c1ccc(N=Nc2ccc(Oc3ccccc3)cc2)cc1 0.0000000 1.9008 0.0000000 1.0000 0.0000000 1.0000 []
 | 12.9016 37.0341 -37.0341 0.0000000 CC1CCCN1Cc1ccc(N=Nc2ccccc2)cc1 1 c1ccc(N=Nc2ccc(CN3CCCC3)cc2)cc1 0.9773627 2.5472 1.0000000 1.0000 1.0000000 1.0000 []
 | 14.5714 32.5592 83.6073 0.9075506 C1=NN(c2cccc(CN3CCCC34CC4)c2)CCC1 1 C1=NN(c2cccc(CN3CCCC34CC4)c2)CCC1 0.9075506 3.5120 1.0000000 1.0000 1.0000000 1.0000 []
 | 11.8334 44.5118 81.9228 0.9877702 Fc1cc(N=Nc2ccccc2)ccc1Nc1ccccc1-c1ccccc1 1 c1ccc(N=Nc2ccc(Nc3ccccc3-c3ccccc3)cc2)cc1 0.9877702 2.1391 1.0000000 1.0000 1.0000000 1.0000 []
03:46:31 <INFO> Sampled SMILES c1cc(N=Nc2ccc(N3CCC3)nc2)ccc1Fc1ccccc1F failed to sanitize.
03:46:32 <INFO> Score: 0.80 Agent NLL: 12.82 Valid:  99% Step: 124
 | Agent Prior Target Score SMILES SMILES_state Scaffold SA SA (raw) Alerts Alerts (raw) PS_Scaffold PS_Scaffold (raw) matchting_patterns (Alerts)
 | 10.0587 38.2065 88.5011 0.9899036 Cc1c(N=Nc2ccccc2)cccc1C(=O)NCc1ccccc1 1 O=C(NCc1ccccc1)c1cccc(N=Nc2ccccc2)c1 0.9899036 2.0129 1.0000000 1.0000 1.0000000 1.0000 []
 | 10.1149 44.7938 80.6836 0.9802921 Fc1ccc(N=Nc2ccc(N=Nc3ccncc3)cc2)cc1 1 c1ccc(N=Nc2ccc(N=Nc3ccncc3)cc2)cc1 0.9802921 2.4549 1.0000000 1.0000 1.0000000 1.0000 []
 | 16.0534 39.1811 86.7562 0.9838854 O=C(NC1CC1)c1ccc(N=Nc2ccc(Br)cc2)cc1O 1 O=C(NC1CC1)c1ccc(N=Nc2ccccc2)cc1 0.9838854 2.3214 1.0000000 1.0000 1.0000000 1.0000 []
 | 7.4221 44.6234 -44.6234 0.0000000 O=C(Nc1ccccc1)Nc1ccc(N=Nc2ccc(Br)cc2)cc1 1 O=C(Nc1ccccc1)Nc1ccc(N=Nc2ccccc2)cc1 0.9903426 1.9836 1.0000000 1.0000 1.0000000 1.0000 []
 | 22.0715 42.6974 82.0458 0.9745565 Fc1cc(N=Nc2ccncc2)ccc1Oc1c(Cl)cccc1Br 1 c1ccc(Oc2ccc(N=Nc3ccncc3)cc2)cc1 0.9745565 2.6252 1.0000000 1.0000 1.0000000 1.0000 []
 | 12.9098 43.2492 83.1956 0.9878501 FC(F)(F)c1ccc(N=Nc2ccc(OCc3ccc(-c4ccccc4)cc3)cc2)cc1 1 c1ccc(N=Nc2ccc(OCc3ccc(-c4ccccc4)cc3)cc2)cc1 0.9878501 2.1348 1.0000000 1.0000 1.0000000 1.0000 []
 | 14.2285 39.3188 86.9012 0.9860939 c1ccc2cc(N=Nc3ccc(COC4CCCC4)cc3)ccc2c1 1 c1ccc2cc(N=Nc3ccc(COC4CCCC4)cc3)ccc2c1 0.9860939 2.2239 1.0000000 1.0000 1.0000000 1.0000 []
 | 9.7409 39.5551 86.6457 0.9859437 c1cncc(N=Nc2ccc(-c3cccc(N4CCC4)c3)cc2)c1 1 c1cncc(N=Nc2ccc(-c3cccc(N4CCC4)c3)cc2)c1 0.9859437 2.2310 1.0000000 1.0000 1.0000000 1.0000 []
 | 14.1097 53.8602 70.5801 0.9721904 Brc1ccc(N2CCCCC=N2)cc1CNc1ccccc1N1CCC1 1 C1=NN(c2cccc(CNc3ccccc3N3CCC3)c2)CCCC1 0.9721904 2.6847 1.0000000 1.0000 1.0000000 1.0000 []
 | 12.9634 47.3086 77.7576 0.9770797 Brc1ccccc1Oc1ccc(N=Nc2ccnnc2)cc1 1 c1ccc(Oc2ccc(N=Nc3ccnnc3)cc2)cc1 0.9770797 2.5554 1.0000000 1.0000 1.0000000 1.0000 []
03:46:34 <INFO> Score: 0.72 Agent NLL: 11.64 Valid: 100% Step: 125
 | Agent Prior Target Score SMILES SMILES_state Scaffold SA SA (raw) Alerts Alerts (raw) PS_Scaffold PS_Scaffold (raw) matchting_patterns (Alerts)
 | 11.9199 33.9956 90.3063 0.9711081 Fc1ccccc1N1CCC(CNCc2ccc(N=Nc3ccccc3)cc2)C1 1 c1ccc(N=Nc2ccc(CNCC3CCN(c4ccccc4)C3)cc2)cc1 0.9711081 2.7103 1.0000000 1.0000 1.0000000 1.0000 []
 | 11.1345 44.0387 -44.0387 0.0000000 CCOc1ccc(N=Nc2ccc(Cc3ccccc3)cc2)cc1 1 c1ccc(Cc2ccc(N=Nc3ccccc3)cc2)cc1 0.9910107 1.9365 1.0000000 1.0000 1.0000000 1.0000 []
 | 13.3585 37.6123 87.8866 0.9804599 O=C(NC1CC1)c1ccc(N=Nc2ccc(Cn3cccn3)cc2)cc1F 1 O=C(NC1CC1)c1ccc(N=Nc2ccc(Cn3cccn3)cc2)cc1 0.9804599 2.4492 1.0000000 1.0000 1.0000000 1.0000 []
 | 8.2375 42.7213 -42.7213 0.0000000 O=C(c1ccc(N=Nc2ccccc2F)cc1)N1CCCC1 1 O=C(c1ccc(N=Nc2ccccc2)cc1)N1CCCC1 0.9883040 2.1097 1.0000000 1.0000 1.0000000 1.0000 []
 | 10.9234 50.8810 74.7554 0.9815344 OCCc1ccc(N=Nc2ccc(CN3CCCN(Cc4ccccc4)CC3)cc2)cn1 1 c1ccc(CN2CCCN(Cc3ccc(N=Nc4cccnc4)cc3)CC2)cc1 0.9815344 2.4117 1.0000000 1.0000 1.0000000 1.0000 []
 | 7.2248 43.7472 -43.7472 0.0000000 O=C(Nc1ccccc1)Nc1ccc(N=Nc2ccc(F)cc2)cc1 1 O=C(Nc1ccccc1)Nc1ccc(N=Nc2ccccc2)cc1 0.9909948 1.9376 1.0000000 1.0000 1.0000000 1.0000 []
 | 12.0162 56.3655 -56.3655 0.0000000 COc1cccc(OC)c1N=Nc1ccc(Cc2ccccc2)cc1 1 c1ccc(Cc2ccc(N=Nc3ccccc3)cc2)cc1 0.9879577 2.1290 1.0000000 1.0000 1.0000000 1.0000 []
 | 13.4841 41.9955 83.8787 0.9833922 Brc1ccc(N=Nc2ccc(-c3ccc(-c4cn[nH]c4)cc3)cc2)cc1 1 c1ccc(N=Nc2ccc(-c3ccc(-c4cn[nH]c4)cc3)cc2)cc1 0.9833922 2.3414 1.0000000 1.0000 1.0000000 1.0000 []
 | 11.7611 36.0826 90.1372 0.9860916 Fc1ccc(N=Nc2ccc(NCC3CCN(c4ccccc4)CC3)cc2)cc1 1 c1ccc(N=Nc2ccc(NCC3CCN(c4ccccc4)CC3)cc2)cc1 0.9860916 2.2240 1.0000000 1.0000 1.0000000 1.0000 []
 | 7.1994 43.7461 -43.7461 0.0000000 O=C(Nc1ccc(N=Nc2ccccc2)cc1)c1ccccc1 1 O=C(Nc1ccc(N=Nc2ccccc2)cc1)c1ccccc1 0.9928570 1.7855 1.0000000 1.0000 1.0000000 1.0000 []
03:46:37 <INFO> Score: 0.71 Agent NLL: 11.82 Valid: 100% Step: 126
 | Agent Prior Target Score SMILES SMILES_state Scaffold SA SA (raw) Alerts Alerts (raw) PS_Scaffold PS_Scaffold (raw) matchting_patterns (Alerts)
 | 12.2597 51.9252 74.3358 0.9864137 COc1ccccc1N=Nc1ccc(CNc2ccc(N3CCCCC3)cc2)cc1 1 c1ccc(N=Nc2ccc(CNc3ccc(N4CCCCC4)cc3)cc2)cc1 0.9864137 2.2086 1.0000000 1.0000 1.0000000 1.0000 []
 | 14.5058 34.3758 90.0546 0.9721124 Fc1cc(N=Nc2ccccc2)ccc1Nc1cncnc1C1CCCC1 1 c1ccc(N=Nc2ccc(Nc3cncnc3C3CCCC3)cc2)cc1 0.9721124 2.6865 1.0000000 1.0000 1.0000000 1.0000 []
 | 6.1529 39.3069 -39.3069 0.0000000 O=C(NCCOc1ccc(N=Nc2ccccc2)cc1)Nc1ccccc1 1 O=C(NCCOc1ccc(N=Nc2ccccc2)cc1)Nc1ccccc1 0.9899354 2.0108 1.0000000 1.0000 1.0000000 1.0000 []
 | 11.0079 27.1388 86.8598 0.8906140 O=C(c1ccccc1N=Nc1cccc(O)c1)N1CCC(NC(=O)C2(O)CC2)C(F)C1 1 O=C(NC1CCN(C(=O)c2ccccc2N=Nc2ccccc2)CC1)C1CC1 0.8906140 3.6339 1.0000000 1.0000 1.0000000 1.0000 []
 | 11.6344 38.7326 87.4342 0.9856784 O=C(NCc1cc(N=Nc2ccccc2)ccc1O)C1CC1 1 O=C(NCc1cccc(N=Nc2ccccc2)c1)C1CC1 0.9856784 2.2434 1.0000000 1.0000 1.0000000 1.0000 []
 | 11.7108 37.7487 88.1028 0.9832143 Clc1ccc(N=Nc2ccc(CNCC3(c4ccccc4)CCC3)cc2)cc1 1 c1ccc(N=Nc2ccc(CNCC3(c4ccccc4)CCC3)cc2)cc1 0.9832143 2.3484 1.0000000 1.0000 1.0000000 1.0000 []
 | 11.1247 39.1528 86.6992 0.9832192 c1ccc(N=Nc2ccc(NCc3ccc(C4OCCO4)cc3)cc2)cc1 1 c1ccc(N=Nc2ccc(NCc3ccc(C4OCCO4)cc3)cc2)cc1 0.9832192 2.3482 1.0000000 1.0000 1.0000000 1.0000 []
 | 17.9801 45.3605 80.4177 0.9826425 c1cncc(N=Nc2cccc(Nc3ccc(C4CCCCC4)cc3)c2)c1 1 c1cncc(N=Nc2cccc(Nc3ccc(C4CCCCC4)cc3)c2)c1 0.9826425 2.3706 1.0000000 1.0000 1.0000000 1.0000 []
 | 21.5474 41.3169 79.7560 0.9458821 O=C(NC1CCCCC1)C1c2ccccc2CCN1C(=O)c1ccccc1N=Nc1cccnc1 1 O=C(NC1CCCCC1)C1c2ccccc2CCN1C(=O)c1ccccc1N=Nc1cccnc1 0.9458821 3.1363 1.0000000 1.0000 1.0000000 1.0000 []
 | 11.4795 44.4901 80.7991 0.9788219 c1cnc(N=Nc2ccc(Oc3cccc(NC4CC4)c3)cc2)nc1 1 c1cnc(N=Nc2ccc(Oc3cccc(NC4CC4)c3)cc2)nc1 0.9788219 2.5028 1.0000000 1.0000 1.0000000 1.0000 []
03:46:37 <INFO> Sampled SMILES c1cc(N=Nc2ccccc2Cl)ccc1Nc1cccc2ccc[nH]c12 failed to sanitize.
03:46:39 <INFO> Score: 0.77 Agent NLL: 12.56 Valid:  98% Step: 127
 | Agent Prior Target Score SMILES SMILES_state Scaffold SA SA (raw) Alerts Alerts (raw) PS_Scaffold PS_Scaffold (raw) matchting_patterns (Alerts)
 | 13.0959 26.6211 86.5439 0.8841016 O=C(c1ccccc1N=Nc1cccc(O)c1)N1CCC(O)(C(=O)NC2CCOC2)C1 1 O=C(NC1CCOC1)C1CCN(C(=O)c2ccccc2N=Nc2ccccc2)C1 0.8841016 3.6764 1.0000000 1.0000 1.0000000 1.0000 []
 | 13.4191 36.3029 87.7009 0.9687803 O=C(c1ccccc1N=Nc1ccncc1)N1CCC(C(=O)N2CC=CC2)CC1 1 O=C(c1ccccc1N=Nc1ccncc1)N1CCC(C(=O)N2CC=CC2)CC1 0.9687803 2.7623 1.0000000 1.0000 1.0000000 1.0000 []
 | 10.6989 46.4564 79.7675 0.9861242 c1cc(N=Nc2ccc(OCc3ccc(N4CCC4)cc3)cc2)ccn1 1 c1cc(N=Nc2ccc(OCc3ccc(N4CCC4)cc3)cc2)ccn1 0.9861242 2.2225 1.0000000 1.0000 1.0000000 1.0000 []
 | 15.5114 44.6720 79.2458 0.9681079 Fc1ccc(N2N=CCCO2)cc1CNc1ccccc1-c1ccccc1 1 C1=NN(c2cccc(CNc3ccccc3-c3ccccc3)c2)OCC1 0.9681079 2.7766 1.0000000 1.0000 1.0000000 1.0000 []
 | 9.5247 24.8594 99.3135 0.9701007 O=C(c1ccccc1N=Nc1ccc(O)cc1)N1CC(F)(C(=O)Nc2ccc(O)cc2)C1 1 O=C(Nc1ccccc1)C1CN(C(=O)c2ccccc2N=Nc2ccccc2)C1 0.9701007 2.7333 1.0000000 1.0000 1.0000000 1.0000 []
 | 10.8271 49.3420 74.8767 0.9704587 c1cc(N=Nc2ccc(N=Nc3ccncc3)cc2)cc(C2CC2)c1 1 c1cc(N=Nc2ccc(N=Nc3ccncc3)cc2)cc(C2CC2)c1 0.9704587 2.7252 1.0000000 1.0000 1.0000000 1.0000 []
 | 23.1154 45.4932 79.3709 0.9755007 Fc1ccc(-c2ccc(N=Nc3ccc(N4CCC4)cc3)cc2)cc1C1OCCO1 1 c1cc(-c2ccc(N=Nc3ccc(N4CCC4)cc3)cc2)cc(C2OCCO2)c1 0.9755007 2.5999 1.0000000 1.0000 1.0000000 1.0000 []
 | 11.3053 46.2362 79.0788 0.9790233 OCCc1ccc(N=Nc2ccc(CNC3CCC3)cc2)cn1 1 c1cncc(N=Nc2ccc(CNC3CCC3)cc2)c1 0.9790233 2.4964 1.0000000 1.0000 1.0000000 1.0000 []
 | 14.0770 46.3024 78.3487 0.9738365 c1cc(N=Nc2ccc(CN3CCC(CN4CCCCC4)CC3)cc2)cnn1 1 c1cc(N=Nc2ccc(CN3CCC(CN4CCCCC4)CC3)cc2)cnn1 0.9738365 2.6438 1.0000000 1.0000 1.0000000 1.0000 []
 | 15.0287 40.1900 80.1463 0.9401271 Fc1cccc(N=Nc2ccccc2)c1NC1C=CCC1 1 C1=CC(Nc2ccccc2N=Nc2ccccc2)CC1 0.9401271 3.2061 1.0000000 1.0000 1.0000000 1.0000 []
03:46:43 <INFO> Score: 0.75 Agent NLL: 11.88 Valid: 100% Step: 128
 | Agent Prior Target Score SMILES SMILES_state Scaffold SA SA (raw) Alerts Alerts (raw) PS_Scaffold PS_Scaffold (raw) matchting_patterns (Alerts)
 | 13.3869 45.3729 79.8364 0.9781977 COc1ccc(N=Nc2ccc(CNC3(c4ccccn4)CC3)cc2)cc1 1 c1ccc(N=Nc2ccc(CNC3(c4ccccn4)CC3)cc2)cc1 0.9781977 2.5221 1.0000000 1.0000 1.0000000 1.0000 []
 | 12.3234 46.9225 78.5296 0.9800949 c1ccc(-c2ncncc2N=Nc2ccc(C3CCCCC3)cc2)cc1 1 c1ccc(-c2ncncc2N=Nc2ccc(C3CCCCC3)cc2)cc1 0.9800949 2.4615 1.0000000 1.0000 1.0000000 1.0000 []
 | 10.7998 26.2711 97.9646 0.9705911 O=C(C=C1CCN(C(=O)c2ccccc2N=Nc2ccc(O)cc2)CC1)N1CCC1 1 O=C(C=C1CCN(C(=O)c2ccccc2N=Nc2ccccc2)CC1)N1CCC1 0.9705911 2.7222 1.0000000 1.0000 1.0000000 1.0000 []
 | 8.5093 34.4448 92.1458 0.9889895 c1ccc(N=Nc2ccc(-c3ccc(N4CCOCC4)cc3)cc2)cc1 1 c1ccc(N=Nc2ccc(-c3ccc(N4CCOCC4)cc3)cc2)cc1 0.9889895 2.0699 1.0000000 1.0000 1.0000000 1.0000 []
 | 15.6613 33.8344 91.7974 0.9814984 Fc1ccc(N=Nc2ccc(F)c(CNc3cccc(CN4CCOCC4)c3)c2)cc1 1 c1ccc(N=Nc2cccc(CNc3cccc(CN4CCOCC4)c3)c2)cc1 0.9814984 2.4130 1.0000000 1.0000 1.0000000 1.0000 []
 | 9.5888 41.0574 85.4072 0.9880044 c1ccc(N=Nc2cccc(-c3ccccc3C3CC3)c2)cc1 1 c1ccc(N=Nc2cccc(-c3ccccc3C3CC3)c2)cc1 0.9880044 2.1264 1.0000000 1.0000 1.0000000 1.0000 []
 | 9.0426 39.8747 86.5197 0.9874560 Fc1ccccc1N=Nc1ccc(OCc2ccc(C3CC3)cc2)cc1 1 c1ccc(N=Nc2ccc(OCc3ccc(C4CC4)cc3)cc2)cc1 0.9874560 2.1559 1.0000000 1.0000 1.0000000 1.0000 []
 | 6.0960 38.1895 -38.1895 0.0000000 c1ccc(N=Nc2ccc(OCc3ccc(-c4ccccc4)cc3)cc2)cc1 1 c1ccc(N=Nc2ccc(OCc3ccc(-c4ccccc4)cc3)cc2)cc1 0.9914296 1.9051 1.0000000 1.0000 1.0000000 1.0000 []
 | 19.6354 39.6245 84.3548 0.9685887 c1ccc(N=Nc2ccc(-c3nccc4cn[nH]c34)cn2)cc1 1 c1ccc(N=Nc2ccc(-c3nccc4cn[nH]c34)cn2)cc1 0.9685887 2.7664 1.0000000 1.0000 1.0000000 1.0000 []
 | 9.9039 37.3362 -37.3362 0.0000000 FC(F)(F)c1ccc(COc2ccc(N=Nc3ccccc3)cc2)cc1 1 c1ccc(COc2ccc(N=Nc3ccccc3)cc2)cc1 0.9892746 2.0526 1.0000000 1.0000 1.0000000 1.0000 []
03:46:43 <INFO> Sampled SMILES Fc1cc(N=Nc2ccncc2)ccc1-c1ccc[nH]c1 failed to sanitize.
03:47:25 <INFO> Score: 0.74 Agent NLL: 12.05 Valid:  99% Step: 129
 | Agent Prior Target Score SMILES SMILES_state Scaffold SA SA (raw) Alerts Alerts (raw) PS_Scaffold PS_Scaffold (raw) matchting_patterns (Alerts)
 | 13.5687 34.6798 90.4868 0.9778641 Brc1ccc(N=Nc2ccc(CNCc3cnco3)cc2)cc1 1 c1ccc(N=Nc2ccc(CNCc3cnco3)cc2)cc1 0.9778641 2.5322 1.0000000 1.0000 1.0000000 1.0000 []
 | 13.3447 25.7803 98.9380 0.9743619 O=C(c1ccccc1N=Nc1ccccc1)N1CC(O)(C(=O)N2CCCC2)C1 1 O=C(c1ccccc1N=Nc1ccccc1)N1CC(C(=O)N2CCCC2)C1 0.9743619 2.6302 1.0000000 1.0000 1.0000000 1.0000 []
 | 12.9438 43.0604 83.1339 0.9858937 Fc1ccc(N=Nc2ccccc2)cc1-c1ccc(OC2CCC2)cc1 1 c1ccc(N=Nc2cccc(-c3ccc(OC4CCC4)cc3)c2)cc1 0.9858937 2.2334 1.0000000 1.0000 1.0000000 1.0000 []
 | 11.4864 38.5544 87.5960 0.9855501 c1ccc(Cc2noc(Cc3ccc(N=Nc4ccccc4)cc3)n2)cc1 1 c1ccc(Cc2noc(Cc3ccc(N=Nc4ccccc4)cc3)n2)cc1 0.9855501 2.2493 1.0000000 1.0000 1.0000000 1.0000 []
 | 14.1768 43.1993 83.0592 0.9863942 O=C1CCN1c1ccc(Oc2ccc(N=Nc3ccc(Cl)cc3)cc2)cc1 1 O=C1CCN1c1ccc(Oc2ccc(N=Nc3ccccc3)cc2)cc1 0.9863942 2.2095 1.0000000 1.0000 1.0000000 1.0000 []
 | 9.0058 48.4767 77.6067 0.9850264 O=C(NCc1ccc(N=Nc2ccc(CCO)nc2)cc1)c1ccccc1 1 O=C(NCc1ccc(N=Nc2cccnc2)cc1)c1ccccc1 0.9850264 2.2728 1.0000000 1.0000 1.0000000 1.0000 []
 | 13.9296 40.9293 85.1206 0.9847652 Brc1ccc(N=Nc2ccc(-c3ccnc(N4CCC4)c3)cc2)cc1 1 c1ccc(N=Nc2ccc(-c3ccnc(N4CCC4)c3)cc2)cc1 0.9847652 2.2843 1.0000000 1.0000 1.0000000 1.0000 []
 | 11.2144 27.3949 84.8821 0.8771641 O=C(c1ccccc1N=Nc1cccc(O)c1)N1CCC(NC(=O)C2(O)CCOCC2)C(O)C1 1 O=C(NC1CCN(C(=O)c2ccccc2N=Nc2ccccc2)CC1)C1CCOCC1 0.8771641 3.7194 1.0000000 1.0000 1.0000000 1.0000 []
 | 14.1252 46.3267 80.0892 0.9876242 Cc1cc(COc2ccc(N=Nc3ccccc3)cc2)ccn1 1 c1ccc(N=Nc2ccc(OCc3ccncc3)cc2)cc1 0.9876242 2.1470 1.0000000 1.0000 1.0000000 1.0000 []
 | 8.4763 37.7427 -37.7427 0.0000000 c1ccc(N=Nc2ccc(Oc3ccc(N4CCCC4)nc3)cc2)cc1 1 c1ccc(N=Nc2ccc(Oc3ccc(N4CCCC4)nc3)cc2)cc1 0.9865976 2.1996 1.0000000 1.0000 1.0000000 1.0000 []
03:47:27 <INFO> Score: 0.75 Agent NLL: 12.85 Valid:  99% Step: 130
 | Agent Prior Target Score SMILES SMILES_state Scaffold SA SA (raw) Alerts Alerts (raw) PS_Scaffold PS_Scaffold (raw) matchting_patterns (Alerts)
 | 10.7547 34.2583 91.9564 0.9860526 Clc1ccc(N=Nc2ccc(OCc3ccnc(Cl)c3)cc2)cc1 1 c1ccc(N=Nc2ccc(OCc3ccncc3)cc2)cc1 0.9860526 2.2259 1.0000000 1.0000 1.0000000 1.0000 []
 | 11.6432 41.1808 84.2686 0.9800737 Clc1ccc(N=Nc2ccc(CN=Nc3ccccc3)cc2)cc1 1 c1ccc(N=NCc2ccc(N=Nc3ccccc3)cc2)cc1 0.9800737 2.4623 1.0000000 1.0000 1.0000000 1.0000 []
 | 16.6444 42.0713 82.8991 0.9763311 Oc1ccc(O)c(N=Nc2ccccc2OC2CC2)c1 1 c1ccc(N=Nc2ccccc2OC2CC2)cc1 0.9763311 2.5769 1.0000000 1.0000 1.0000000 1.0000 []
 | 7.8207 33.4772 -33.4772 0.0000000 c1ccc(N=Nc2ccc(Oc3ccccc3)cc2)cc1 1 c1ccc(N=Nc2ccc(Oc3ccccc3)cc2)cc1 0.9927595 1.7944 1.0000000 1.0000 1.0000000 1.0000 []
 | 13.8125 30.3043 95.3925 0.9820063 O=C(c1ccccc1N=Nc1ccccc1)N1CCC(C(=O)N2CCCOCC2)CC1 1 O=C(c1ccccc1N=Nc1ccccc1)N1CCC(C(=O)N2CCCOCC2)CC1 0.9820063 2.3945 1.0000000 1.0000 1.0000000 1.0000 []
 | 13.2826 48.0960 78.1353 0.9861819 Oc1cc(O)cc(N=Nc2ccc(-c3ccccc3-c3ccccc3)cc2)c1 1 c1ccc(N=Nc2ccc(-c3ccccc3-c3ccccc3)cc2)cc1 0.9861819 2.2197 1.0000000 1.0000 1.0000000 1.0000 []
 | 23.6233 51.6512 71.6508 0.9632965 Brc1ccn(COc2ccc(N=Nc3cccc4ccccc34)nc2)c1 1 c1ccc2c(N=Nc3ccc(OCn4cccc4)cn3)cccc2c1 0.9632965 2.8714 1.0000000 1.0000 1.0000000 1.0000 []
 | 11.4356 40.4368 84.3536 0.9749246 Brc1ccc(N=Nc2ccc(-c3ccccc3-c3cc[nH]n3)cc2)cc1 1 c1ccc(N=Nc2ccc(-c3ccccc3-c3cc[nH]n3)cc2)cc1 0.9749246 2.6154 1.0000000 1.0000 1.0000000 1.0000 []
 | 16.2973 33.6044 91.9961 0.9812540 Cc1ccc(N=Nc2ccc(Nc3nccc(N4CCCC4)n3)cc2)cc1C 1 c1ccc(N=Nc2ccc(Nc3nccc(N4CCCC4)n3)cc2)cc1 0.9812540 2.4217 1.0000000 1.0000 1.0000000 1.0000 []
 | 11.5332 35.5704 -35.5704 0.0000000 c1ccc(N=Nc2ccc(CNC3CCCN(c4cnccn4)C3)cc2)cc1 1 c1ccc(N=Nc2ccc(CNC3CCCN(c4cnccn4)C3)cc2)cc1 0.9635198 2.8673 1.0000000 1.0000 1.0000000 1.0000 []
03:47:27 <INFO> Sampled SMILES Clc1ccc2c(cccc2)c2cccnc1N2CC1CCCN1Cc1ccccc1 failed to sanitize.
03:47:29 <INFO> Score: 0.74 Agent NLL: 12.65 Valid:  99% Step: 131
 | Agent Prior Target Score SMILES SMILES_state Scaffold SA SA (raw) Alerts Alerts (raw) PS_Scaffold PS_Scaffold (raw) matchting_patterns (Alerts)
 | 11.2832 46.3298 78.3452 0.9740237 O=C(c1ccc(N=Nc2cncc(CO)n2)cc1)N1CCCC1 1 O=C(c1ccc(N=Nc2cnccn2)cc1)N1CCCC1 0.9740237 2.6390 1.0000000 1.0000 1.0000000 1.0000 []
 | 11.4415 45.0043 80.5825 0.9811468 c1cnc(N=Nc2ccc(Oc3ccc(N4CCCC4)cc3)cc2)cn1 1 c1cnc(N=Nc2ccc(Oc3ccc(N4CCCC4)cc3)cc2)cn1 0.9811468 2.4255 1.0000000 1.0000 1.0000000 1.0000 []
 | 14.0307 36.3194 89.1220 0.9800107 c1cc(N=Nc2ccc(CN3CCCN(C4CCCC4)CC3)cc2)cc(C2CC2)c1 1 c1cc(N=Nc2ccc(CN3CCCN(C4CCCC4)CC3)cc2)cc(C2CC2)c1 0.9800107 2.4643 1.0000000 1.0000 1.0000000 1.0000 []
 | 9.4759 49.2675 73.5409 0.9594408 OCc1cccc(N=Nc2ccc(N=Nc3ccncc3)cc2)n1 1 c1ccc(N=Nc2ccc(N=Nc3ccncc3)cc2)nc1 0.9594408 2.9391 1.0000000 1.0000 1.0000000 1.0000 []
 | 14.1260 43.9994 -43.9994 0.0000000 OCc1ccc(N=Nc2ccc(CNCc3cccc(C(F)(F)F)c3)cc2)cc1 1 c1ccc(CNCc2ccc(N=Nc3ccccc3)cc2)cc1 0.9846060 2.2911 1.0000000 1.0000 1.0000000 1.0000 []
 | 16.9852 52.2041 71.4685 0.9661921 Clc1ccc(N2CCC2)c(NCc2cccc(N3CCCC=N3)n2)c1 1 C1=NN(c2cccc(CNc3ccccc3N3CCC3)n2)CCC1 0.9661921 2.8159 1.0000000 1.0000 1.0000000 1.0000 []
 | 13.8928 28.2727 94.5151 0.9592798 O=C(c1ccccc1N=Nc1cccc(O)c1)N1CCCCC1C1CCCCC1 1 O=C(c1ccccc1N=Nc1ccccc1)N1CCCCC1C1CCCCC1 0.9592798 2.9418 1.0000000 1.0000 1.0000000 1.0000 []
 | 17.6103 34.3754 91.5044 0.9834360 Fc1cccc(N=Nc2cccc(NCc3ccc(N4CCOCC4)cc3)c2)c1 1 c1ccc(N=Nc2cccc(NCc3ccc(N4CCOCC4)cc3)c2)cc1 0.9834360 2.3396 1.0000000 1.0000 1.0000000 1.0000 []
 | 10.2930 36.9621 89.2247 0.9858343 Fc1ccc(N=Nc2ccc(Oc3ccccc3CN3CCOCC3)cc2)cc1 1 c1ccc(N=Nc2ccc(Oc3ccccc3CN3CCOCC3)cc2)cc1 0.9858343 2.2362 1.0000000 1.0000 1.0000000 1.0000 []
 | 12.9864 51.3527 74.3904 0.9823674 COc1ccc(N=Nc2cccc(-c3ccc4c(c3)OCC4=O)c2)cc1 1 O=C1COc2cc(-c3cccc(N=Nc4ccccc4)c3)ccc21 0.9823674 2.3811 1.0000000 1.0000 1.0000000 1.0000 []
03:47:29 <INFO> Sampled SMILES c1cc(N=Nc2cccnc2)ccc1C=NNc1cccc(C#F)c1 failed to sanitize.
03:47:29 <INFO> Sampled SMILES O=c1ccnc(N=Nc2ccc(N3CCCC3)nc2)c1C1CCCC1 failed to sanitize.
03:47:29 <INFO> Sampled SMILES Fc1cc(N=Nc2ccccc2)ccc1BrNC1CCOc2ccccc21 failed to sanitize.
03:47:31 <INFO> Score: 0.65 Agent NLL: 12.30 Valid:  96% Step: 132
 | Agent Prior Target Score SMILES SMILES_state Scaffold SA SA (raw) Alerts Alerts (raw) PS_Scaffold PS_Scaffold (raw) matchting_patterns (Alerts)
 | 10.9179 27.5091 95.7603 0.9630425 O=C(c1ccccc1N=Nc1cccc(O)c1)N1CCC(NC(=O)C2(F)CCCCC2)CC1 1 O=C(NC1CCN(C(=O)c2ccccc2N=Nc2ccccc2)CC1)C1CCCCC1 0.9630425 2.8761 1.0000000 1.0000 1.0000000 1.0000 []
 | 6.5382 33.5385 -33.5385 0.0000000 c1ccc(CCCOc2ccc(N=Nc3ccccc3)cc2)cc1 1 c1ccc(CCCOc2ccc(N=Nc3ccccc3)cc2)cc1 0.9915735 1.8940 1.0000000 1.0000 1.0000000 1.0000 []
 | 11.8728 38.8185 87.6076 0.9877036 Clc1cc(N=Nc2ccccc2)ccc1OCc1ccc(C2CC2)cc1 1 c1ccc(N=Nc2ccc(OCc3ccc(C4CC4)cc3)cc2)cc1 0.9877036 2.1427 1.0000000 1.0000 1.0000000 1.0000 []
 | 15.5667 39.5277 85.6618 0.9780437 Fc1cccc(N=Nc2ccccc2)c1CNCc1ccnc(N2CCCC2)c1 1 c1ccc(N=Nc2ccccc2CNCc2ccnc(N3CCCC3)c2)cc1 0.9780437 2.5268 1.0000000 1.0000 1.0000000 1.0000 []
 | 11.0459 45.7460 80.3013 0.9847450 Fc1ccccc1N=Nc1ccc(Oc2ccc(NCCN3CCC3)cc2)cc1 1 c1ccc(N=Nc2ccc(Oc3ccc(NCCN4CCC4)cc3)cc2)cc1 0.9847450 2.2851 1.0000000 1.0000 1.0000000 1.0000 []
 | 6.1190 45.1067 -45.1067 0.0000000 O=C(Cc1ccccc1)Nc1ccc(N=Nc2ccccc2)cc1 1 O=C(Cc1ccccc1)Nc1ccc(N=Nc2ccccc2)cc1 0.9920611 1.8548 1.0000000 1.0000 1.0000000 1.0000 []
 | 12.0874 43.5863 81.9490 0.9807441 O=C(NCOc1ccc(N=Nc2ccccc2)cc1F)C1CCC1 1 O=C(NCOc1ccc(N=Nc2ccccc2)cc1)C1CCC1 0.9807441 2.4395 1.0000000 1.0000 1.0000000 1.0000 []
 | 8.6257 43.0147 -43.0147 0.0000000 O=C(c1ccc(N=Nc2ccc(Cl)cc2)cc1)N1CCC1 1 O=C(c1ccc(N=Nc2ccccc2)cc1)N1CCC1 0.9900581 2.0027 1.0000000 1.0000 1.0000000 1.0000 []
 | 11.6622 45.7271 79.7195 0.9800516 Fc1ccccc1COc1ccc(N=Nc2ccnnc2)cc1 1 c1ccc(COc2ccc(N=Nc3ccnnc3)cc2)cc1 0.9800516 2.4630 1.0000000 1.0000 1.0000000 1.0000 []
 | 9.6081 43.8642 82.8790 0.9901810 c1ccc(CNc2ccc(Oc3ccc(N=Nc4ccccc4)cc3)cc2)cc1 1 c1ccc(CNc2ccc(Oc3ccc(N=Nc4ccccc4)cc3)cc2)cc1 0.9901810 1.9945 1.0000000 1.0000 1.0000000 1.0000 []
03:47:33 <INFO> Score: 0.82 Agent NLL: 12.32 Valid: 100% Step: 133
 | Agent Prior Target Score SMILES SMILES_state Scaffold SA SA (raw) Alerts Alerts (raw) PS_Scaffold PS_Scaffold (raw) matchting_patterns (Alerts)
 | 9.6883 33.9605 92.3019 0.9864253 c1ccc(N=Nc2ccc(OCCn3cccn3)cc2)cc1 1 c1ccc(N=Nc2ccc(OCCn3cccn3)cc2)cc1 0.9864253 2.2080 1.0000000 1.0000 1.0000000 1.0000 []
 | 12.6217 36.9931 75.4562 0.8785099 O=C(c1ccccc1N=Nc1ccncc1)N1CC(F)(C(=O)N2CCCC3CCCCC32)C1 1 O=C(c1ccccc1N=Nc1ccncc1)N1CC(C(=O)N2CCCC3CCCCC32)C1 0.8785099 3.7112 1.0000000 1.0000 1.0000000 1.0000 []
 | 9.5928 53.8461 72.9318 0.9904522 COc1ccc(N=Nc2ccc(CNC(=O)Cc3ccccc3)cc2)cc1 1 O=C(Cc1ccccc1)NCc1ccc(N=Nc2ccccc2)cc1 0.9904522 1.9761 1.0000000 1.0000 1.0000000 1.0000 []
 | 9.5786 45.3609 -45.3609 0.0000000 O=C(c1ccc(N=Nc2ccc(N3CCCC3)cc2)cc1)N1CCC1 1 O=C(c1ccc(N=Nc2ccc(N3CCCC3)cc2)cc1)N1CCC1 0.9880239 2.1253 1.0000000 1.0000 1.0000000 1.0000 []
 | 8.3451 35.2378 91.6483 0.9912974 c1ccc(CCCCOc2ccc(N=Nc3ccccc3)cc2)cc1 1 c1ccc(CCCCOc2ccc(N=Nc3ccccc3)cc2)cc1 0.9912974 1.9152 1.0000000 1.0000 1.0000000 1.0000 []
 | 13.5136 43.4859 82.3471 0.9830703 Clc1ccc(N=Nc2cccc(OCCCn3ccnc3)c2)cc1 1 c1ccc(N=Nc2cccc(OCCCn3ccnc3)c2)cc1 0.9830703 2.3541 1.0000000 1.0000 1.0000000 1.0000 []
 | 15.3990 40.4084 84.6203 0.9767867 FC(F)(F)c1cccc(N=Nc2ccc(OCc3cccc(-c4nnco4)c3)cc2)c1 1 c1ccc(N=Nc2ccc(OCc3cccc(-c4nnco4)c3)cc2)cc1 0.9767867 2.5639 1.0000000 1.0000 1.0000000 1.0000 []
 | 9.4447 50.7044 75.7713 0.9880914 COc1ccccc1N=Nc1ccc(OCCNC(=O)Nc2ccccc2)cc1 1 O=C(NCCOc1ccc(N=Nc2ccccc2)cc1)Nc1ccccc1 0.9880914 2.1216 1.0000000 1.0000 1.0000000 1.0000 []
 | 12.7564 37.3038 80.6582 0.9215784 Fc1ccc(N2CCCC=N2)cc1CNC1CCCOC1 1 C1=NN(c2cccc(CNC3CCCOC3)c2)CCC1 0.9215784 3.3949 1.0000000 1.0000 1.0000000 1.0000 []
 | 9.7987 46.1054 -46.1054 0.0000000 Brc1ccc(N=Nc2ccc(N=Nc3ccncc3)cc2)cc1 1 c1ccc(N=Nc2ccc(N=Nc3ccncc3)cc2)cc1 0.9787738 2.5043 1.0000000 1.0000 1.0000000 1.0000 []
03:47:34 <INFO> Sampled SMILES Cl1c(O)cccc1N=Nc1ccc(N2CCCCC2)cc1 failed to sanitize.
03:47:36 <INFO> Score: 0.62 Agent NLL: 11.48 Valid:  99% Step: 134
 | Agent Prior Target Score SMILES SMILES_state Scaffold SA SA (raw) Alerts Alerts (raw) PS_Scaffold PS_Scaffold (raw) matchting_patterns (Alerts)
 | 12.5713 43.0212 83.1395 0.9856304 CN1C(=Nc2ccc(Oc3ccccc3)cc2)Cc2ccccc21 1 c1ccc(Oc2ccc(N=C3Cc4ccccc4N3)cc2)cc1 0.9856304 2.2456 1.0000000 1.0000 1.0000000 1.0000 []
 | 9.0793 43.1500 83.6682 0.9907668 COc1ccc(N=Nc2ccc(OCCCc3ccccc3)cc2)cc1 1 c1ccc(CCCOc2ccc(N=Nc3ccccc3)cc2)cc1 0.9907668 1.9541 1.0000000 1.0000 1.0000000 1.0000 []
 | 18.2387 40.7684 73.8569 0.8955103 O=C(c1ccccc1N=Nc1cc(F)ccc1F)N1CCC(F)(C(=O)N2CCCOC2)C1 1 O=C(c1ccccc1N=Nc1ccccc1)N1CCC(C(=O)N2CCCOC2)C1 0.8955103 3.6005 1.0000000 1.0000 1.0000000 1.0000 []
 | 14.3344 45.2221 80.6371 0.9832753 c1ccc(N=Nc2ccc(Oc3ccc(NCN4CCOCC4)cc3)cc2)cc1 1 c1ccc(N=Nc2ccc(Oc3ccc(NCN4CCOCC4)cc3)cc2)cc1 0.9832753 2.3460 1.0000000 1.0000 1.0000000 1.0000 []
 | 19.9311 61.3033 63.8654 0.9778802 c1ccc(N=Nc2cccc(Sc3ccc(NC4CCC4)nc3)c2)cc1 1 c1ccc(N=Nc2cccc(Sc3ccc(NC4CCC4)nc3)c2)cc1 0.9778802 2.5317 1.0000000 1.0000 1.0000000 1.0000 []
 | 8.3612 35.5509 -35.5509 0.0000000 C(=NNc1ccccc1)c1ccc(N=Nc2ccncc2)cc1 1 C(=NNc1ccccc1)c1ccc(N=Nc2ccncc2)cc1 0.9836360 2.3316 1.0000000 1.0000 1.0000000 1.0000 []
 | 10.3320 30.2043 89.6384 0.9362711 O=C(C1Cc2ccccc2CN1C(=O)c1ccccc1N=Nc1cccc(O)c1)N1CCC(F)CC1 1 O=C(C1Cc2ccccc2CN1C(=O)c1ccccc1N=Nc1ccccc1)N1CCCCC1 0.9362711 3.2494 1.0000000 1.0000 1.0000000 1.0000 []
 | 12.6010 44.0358 81.8256 0.9832919 O=C(Cc1ncccc1Br)Nc1ccc(N=Nc2ccc(Cl)cc2)cc1 1 O=C(Cc1ccccn1)Nc1ccc(N=Nc2ccccc2)cc1 0.9832919 2.3454 1.0000000 1.0000 1.0000000 1.0000 []
 | 7.3160 34.4548 -34.4548 0.0000000 c1ccc(N=Nc2ccc(OC3CCCC3)cc2)cc1 1 c1ccc(N=Nc2ccc(OC3CCCC3)cc2)cc1 0.9887570 2.0837 1.0000000 1.0000 1.0000000 1.0000 []
 | 11.3579 36.9009 87.0048 0.9680132 Clc1ccc(N=Nc2ccc(OC3CCNC3)cc2)cc1 1 c1ccc(N=Nc2ccc(OC3CCNC3)cc2)cc1 0.9680132 2.7786 1.0000000 1.0000 1.0000000 1.0000 []
03:48:32 <INFO> Score: 0.80 Agent NLL: 12.16 Valid:  99% Step: 135
 | Agent Prior Target Score SMILES SMILES_state Scaffold SA SA (raw) Alerts Alerts (raw) PS_Scaffold PS_Scaffold (raw) matchting_patterns (Alerts)
 | 16.6944 44.0074 81.5740 0.9811049 O=C(Nc1ccccc1)Nc1ccc(N=Nc2ccc(CO)nc2)cc1F 1 O=C(Nc1ccccc1)Nc1ccc(N=Nc2cccnc2)cc1 0.9811049 2.4270 1.0000000 1.0000 1.0000000 1.0000 []
 | 9.4239 34.7645 -34.7645 0.0000000 FC(F)(F)CCOc1ccc(N=Nc2ccccc2)cc1 1 c1ccc(N=Nc2ccccc2)cc1 0.9866102 2.1989 1.0000000 1.0000 1.0000000 1.0000 []
 | 11.8032 59.5046 65.5625 0.9770865 OCc1nccc(N=Nc2ccc(Oc3ccccc3-c3ccccc3)cc2)n1 1 c1ccc(-c2ccccc2Oc2ccc(N=Nc3ccncn3)cc2)cc1 0.9770865 2.5552 1.0000000 1.0000 1.0000000 1.0000 []
 | 13.9151 33.7195 91.8459 0.9809803 Clc1cc(N=Nc2ccncc2)ccc1CNc1ccc(N2CCCC2)cc1 1 c1cc(N=Nc2ccc(CNc3ccc(N4CCCC4)cc3)cc2)ccn1 0.9809803 2.4313 1.0000000 1.0000 1.0000000 1.0000 []
 | 17.1313 60.2637 -60.2637 0.0000000 c1cc(N=Nc2ccc(Oc3)ccc2)ccc1OCCCN1CCCCC1 0 -- 0.0000000 0.0000 0.0000000 0.0000 0.0000000 0.0000 None
 | 12.2306 46.5479 79.6609 0.9860067 COc1ccc(N=Nc2ccc(OCc3ccc4c(c3)CCO4)cc2)cc1 1 c1ccc(N=Nc2ccc(OCc3ccc4c(c3)CCO4)cc2)cc1 0.9860067 2.2281 1.0000000 1.0000 1.0000000 1.0000 []
 | 6.2564 45.1067 -45.1067 0.0000000 O=C(Cc1ccccc1)Nc1ccc(N=Nc2ccccc2)cc1 1 O=C(Cc1ccccc1)Nc1ccc(N=Nc2ccccc2)cc1 0.9920611 1.8548 1.0000000 1.0000 1.0000000 1.0000 []
 | 12.5704 35.8286 90.0586 0.9834937 Brc1ccc(N=Nc2ccc(CNCc3nc4ccccc4[nH]3)cc2)cc1 1 c1ccc(N=Nc2ccc(CNCc3nc4ccccc4[nH]3)cc2)cc1 0.9834937 2.3373 1.0000000 1.0000 1.0000000 1.0000 []
 | 19.0276 42.8280 79.3292 0.9543532 Fc1cc(N=Nc2ccc(Cl)cc2)ccc1-c1ccccc1NCC1CCCN1 1 c1ccc(N=Nc2ccc(-c3ccccc3NCC3CCCN3)cc2)cc1 0.9543532 3.0196 1.0000000 1.0000 1.0000000 1.0000 []
 | 7.6554 37.3163 89.4692 0.9905121 Fc1ccc(N=Nc2ccc(OCc3ccc(-c4ccccc4)cc3)cc2)cc1 1 c1ccc(N=Nc2ccc(OCc3ccc(-c4ccccc4)cc3)cc2)cc1 0.9905121 1.9720 1.0000000 1.0000 1.0000000 1.0000 []
03:48:34 <INFO> Score: 0.70 Agent NLL: 12.21 Valid:  99% Step: 136
 | Agent Prior Target Score SMILES SMILES_state Scaffold SA SA (raw) Alerts Alerts (raw) PS_Scaffold PS_Scaffold (raw) matchting_patterns (Alerts)
 | 16.3338 53.1188 70.6327 0.9668087 O=C(c1ccc(Br)cc1)c1ccc(N=Nc2ncnc3c2CCC3)cc1O 1 O=C(c1ccccc1)c1ccc(N=Nc2ncnc3c2CCC3)cc1 0.9668087 2.8035 1.0000000 1.0000 1.0000000 1.0000 []
 | 15.4810 44.1495 80.9511 0.9773479 c1ccc(N=Nc2ccc(OCN3CCc4ccsc4C3)cc2)cc1 1 c1ccc(N=Nc2ccc(OCN3CCc4ccsc4C3)cc2)cc1 0.9773479 2.5476 1.0000000 1.0000 1.0000000 1.0000 []
 | 10.8312 42.5483 80.8251 0.9638546 Fc1ccc(N2CCCCC=N2)cc1CNCc1cnc(N2CCCC2)nc1 1 C1=NN(c2cccc(CNCc3cnc(N4CCCC4)nc3)c2)CCCC1 0.9638546 2.8611 1.0000000 1.0000 1.0000000 1.0000 []
 | 6.9004 40.6064 -40.6064 0.0000000 O=C(OCc1ccccc1)c1ccc(N=Nc2ccccc2)cc1 1 O=C(OCc1ccccc1)c1ccc(N=Nc2ccccc2)cc1 0.9918281 1.8738 1.0000000 1.0000 1.0000000 1.0000 []
 | 11.6457 28.6299 94.5847 0.9626140 O=C(C=C1CCN(C(=O)c2ccccc2N=Nc2cccc(O)c2)CC1)N1CCC(O)CC1 1 O=C(C=C1CCN(C(=O)c2ccccc2N=Nc2ccccc2)CC1)N1CCCCC1 0.9626140 2.8839 1.0000000 1.0000 1.0000000 1.0000 []
 | 19.9548 43.8476 -43.8476 0.0000000 c1cc(N=Nc2cccc(F)c2)ccc1NCc1ccc2c(c2)OCCO2 0 -- 0.0000000 0.0000 0.0000000 0.0000 0.0000000 0.0000 None
 | 13.3677 50.5126 75.0011 0.9805755 c1ccc(-c2ccccc2N=Nc2ccc(OCn3cccc3)cc2)cc1 1 c1ccc(-c2ccccc2N=Nc2ccc(OCn3cccc3)cc2)cc1 0.9805755 2.4453 1.0000000 1.0000 1.0000000 1.0000 []
 | 8.8279 37.8843 -37.8843 0.0000000 c1ccc(N=Nc2ccc(Oc3ccc(CN4CCCCC4)cc3)cc2)cc1 1 c1ccc(N=Nc2ccc(Oc3ccc(CN4CCCCC4)cc3)cc2)cc1 0.9892650 2.0532 1.0000000 1.0000 1.0000000 1.0000 []
 | 11.1237 35.4337 90.0338 0.9802143 Brc1ccc(N=Nc2ccc(OCc3cncs3)cc2)cc1 1 c1ccc(N=Nc2ccc(OCc3cncs3)cc2)cc1 0.9802143 2.4575 1.0000000 1.0000 1.0000000 1.0000 []
 | 9.0475 25.5132 -25.5132 0.0000000 O=C(c1ccccc1N=Nc1ccc(O)cc1)N1CCC(c2ccc(NC(=O)C3(O)CC3)cc2)CC1 1 O=C(Nc1ccc(C2CCN(C(=O)c3ccccc3N=Nc3ccccc3)CC2)cc1)C1CC1 0.9728429 2.6688 1.0000000 1.0000 1.0000000 1.0000 []
03:48:36 <INFO> Score: 0.78 Agent NLL: 11.91 Valid: 100% Step: 137
 | Agent Prior Target Score SMILES SMILES_state Scaffold SA SA (raw) Alerts Alerts (raw) PS_Scaffold PS_Scaffold (raw) matchting_patterns (Alerts)
 | 11.9768 42.7521 81.8629 0.9735550 c1ccc(N=Nc2ccc(CN=Nc3ccncc3)cc2)cc1 1 c1ccc(N=Nc2ccc(CN=Nc3ccncc3)cc2)cc1 0.9735550 2.6510 1.0000000 1.0000 1.0000000 1.0000 []
 | 12.8921 26.8041 98.2283 0.9768153 O=C(c1ccccc1N=Nc1ccccc1)N1CCc2[nH]c3c(F)cccc3c2C1 1 O=C(c1ccccc1N=Nc1ccccc1)N1CCc2[nH]c3ccccc3c2C1 0.9768153 2.5631 1.0000000 1.0000 1.0000000 1.0000 []
 | 17.1160 46.8804 76.4081 0.9631916 OCc1ccc(N=Nc2ccc(O)c(-c3ccc4c(c3)CCC4)c2)o1 1 c1cc(N=Nc2ccco2)cc(-c2ccc3c(c2)CCC3)c1 0.9631916 2.8734 1.0000000 1.0000 1.0000000 1.0000 []
 | 9.6756 43.7631 82.7576 0.9884425 COc1ccc(N=Nc2ccc(OCCN3CCCCCC3)cc2)cc1 1 c1ccc(N=Nc2ccc(OCCN3CCCCCC3)cc2)cc1 0.9884425 2.1019 1.0000000 1.0000 1.0000000 1.0000 []
 | 11.6725 35.3342 91.1919 0.9884850 c1ccc(COc2ccc(N=Nc3ccc(CN4CCOCC4)cc3)cc2)cc1 1 c1ccc(COc2ccc(N=Nc3ccc(CN4CCOCC4)cc3)cc2)cc1 0.9884850 2.0994 1.0000000 1.0000 1.0000000 1.0000 []
 | 19.9161 68.5010 55.1858 0.9663034 O=C1CCC=NN1c1ccc(F)c(CNCc2ccccc2CN2CCC2)n1 1 O=C1CCC=NN1c1cccc(CNCc2ccccc2CN2CCC2)n1 0.9663034 2.8137 1.0000000 1.0000 1.0000000 1.0000 []
 | 12.8125 28.4060 88.4668 0.9130687 O=C(c1ccccc1N=Nc1ccc(O)cc1)N1CC(C(=O)N2CCCCCC2)CC(C(F)(F)F)C1 1 O=C(c1ccccc1N=Nc1ccccc1)N1CCCC(C(=O)N2CCCCCC2)C1 0.9130687 3.4680 1.0000000 1.0000 1.0000000 1.0000 []
 | 11.7012 44.5447 81.9214 0.9880165 O=C(NCc1ccc(N=Nc2ccccc2Cl)cc1)C1CCC1 1 O=C(NCc1ccc(N=Nc2ccccc2)cc1)C1CCC1 0.9880165 2.1257 1.0000000 1.0000 1.0000000 1.0000 []
 | 11.5880 35.4150 90.1247 0.9807789 Cc1c(N=Nc2ccccc2C(F)(F)F)cccc1C(=O)NC1CC1 1 O=C(NC1CC1)c1cccc(N=Nc2ccccc2)c1 0.9807789 2.4383 1.0000000 1.0000 1.0000000 1.0000 []
 | 11.3933 42.3771 84.0744 0.9879023 O=C(c1ccc(N=Nc2ccc(C3CC3)cc2)cc1)N1CCCC1 1 O=C(c1ccc(N=Nc2ccc(C3CC3)cc2)cc1)N1CCCC1 0.9879023 2.1320 1.0000000 1.0000 1.0000000 1.0000 []
03:48:38 <INFO> Score: 0.75 Agent NLL: 12.74 Valid: 100% Step: 138
 | Agent Prior Target Score SMILES SMILES_state Scaffold SA SA (raw) Alerts Alerts (raw) PS_Scaffold PS_Scaffold (raw) matchting_patterns (Alerts)
 | 14.5601 48.8467 77.4219 0.9864740 O=C(NCc1ccc(N=Nc2ccc(N3CCC3)cc2)cc1)C1CCCCC1 1 O=C(NCc1ccc(N=Nc2ccc(N3CCC3)cc2)cc1)C1CCCCC1 0.9864740 2.2056 1.0000000 1.0000 1.0000000 1.0000 []
 | 18.3055 42.7732 79.2540 0.9533381 N#Cc1ccccc1N=Nc1ccc(F)c(CN2CCC(c3cc[nH]n3)CC2)c1 1 c1ccc(N=Nc2cccc(CN3CCC(c4cc[nH]n4)CC3)c2)cc1 0.9533381 3.0346 1.0000000 1.0000 1.0000000 1.0000 []
 | 11.0143 45.1416 80.5933 0.9823039 N#Cc1ccc(N=Nc2cccnc2)cc1NC(=O)Cc1ccccc1 1 O=C(Cc1ccccc1)Nc1cccc(N=Nc2cccnc2)c1 0.9823039 2.3834 1.0000000 1.0000 1.0000000 1.0000 []
 | 13.1891 39.9106 85.1307 0.9768850 O=C(c1ccccc1N=Nc1ccncc1)N1CCN(c2ccccc2)C1=O 1 O=C(c1ccccc1N=Nc1ccncc1)N1CCN(c2ccccc2)C1=O 0.9768850 2.5611 1.0000000 1.0000 1.0000000 1.0000 []
 | 18.8378 36.6327 89.0871 0.9821858 CN(Cc1cccc(Br)c1)C(=O)c1ccccc1N=Nc1cccc(O)c1 1 O=C(NCc1ccccc1)c1ccccc1N=Nc1ccccc1 0.9821858 2.3879 1.0000000 1.0000 1.0000000 1.0000 []
 | 16.4156 43.8547 81.6301 0.9803498 OCCNCCOc1ccc(-c2ccccc2)c(-c2cc(N=Nc3ccccc3)ccc2F)c1 1 c1ccc(N=Nc2cccc(-c3ccccc3-c3ccccc3)c2)cc1 0.9803498 2.4530 1.0000000 1.0000 1.0000000 1.0000 []
 | 16.6270 41.6386 84.4793 0.9852963 N#Cc1ccc(N=Nc2ccc(-c3ccc(OCCN4CCCC4)cc3)cc2)cc1 1 c1ccc(N=Nc2ccc(-c3ccc(OCCN4CCCC4)cc3)cc2)cc1 0.9852963 2.2608 1.0000000 1.0000 1.0000000 1.0000 []
 | 14.2981 36.6820 89.2420 0.9837809 Clc1ccccc1N=Nc1ccc(CNc2ccccc2CN2CCOCC2)cc1 1 c1ccc(N=Nc2ccc(CNc3ccccc3CN3CCOCC3)cc2)cc1 0.9837809 2.3257 1.0000000 1.0000 1.0000000 1.0000 []
 | 12.7865 49.0381 -49.0381 0.0000000 COc1ccccc1N=Nc1ccc(CNC(=O)C2CC2)c(F)c1 1 O=C(NCc1ccc(N=Nc2ccccc2)cc1)C1CC1 0.9845169 2.2950 1.0000000 1.0000 1.0000000 1.0000 []
 | 15.0024 37.8964 88.3984 0.9866779 c1ccc(CCNCc2ccc(N=Nc3ccc4ncccc4c3)cc2)cc1 1 c1ccc(CCNCc2ccc(N=Nc3ccc4ncccc4c3)cc2)cc1 0.9866779 2.1956 1.0000000 1.0000 1.0000000 1.0000 []
03:48:38 <INFO> Sampled SMILES c1cc(N=Nc2cccc(F)c2)ccc1OCc1cc(C2CCNCC2)s1 failed to sanitize.
03:48:40 <INFO> Score: 0.72 Agent NLL: 12.59 Valid:  96% Step: 139
 | Agent Prior Target Score SMILES SMILES_state Scaffold SA SA (raw) Alerts Alerts (raw) PS_Scaffold PS_Scaffold (raw) matchting_patterns (Alerts)
 | 13.3678 43.6222 80.6775 0.9710912 Brc1ccc(N=Nc2ccccc2)cc1C=NNc1ncccc1C1CC1 1 C(=NNc1ncccc1C1CC1)c1cccc(N=Nc2ccccc2)c1 0.9710912 2.7107 1.0000000 1.0000 1.0000000 1.0000 []
 | 13.1499 46.9509 78.7626 0.9821363 Fc1ccc(N=Nc2ccc(Cc3ccc(OC4CCC4)nc3)cc2)cc1 1 c1ccc(N=Nc2ccc(Cc3ccc(OC4CCC4)nc3)cc2)cc1 0.9821363 2.3897 1.0000000 1.0000 1.0000000 1.0000 []
 | 15.1843 44.2956 80.5240 0.9751535 Brc1ccc(N=Nc2ccc(Oc3cncnc3C3CCCCC3)cc2)cc1 1 c1ccc(N=Nc2ccc(Oc3cncnc3C3CCCCC3)cc2)cc1 0.9751535 2.6093 1.0000000 1.0000 1.0000000 1.0000 []
 | 9.1536 30.8129 -30.8129 0.0000000 Cc1c(N=Nc2ccc(C#N)cc2)cccc1C(=O)Nc1ccccc1 1 O=C(Nc1ccccc1)c1cccc(N=Nc2ccccc2)c1 0.9869710 2.1809 1.0000000 1.0000 1.0000000 1.0000 []
 | 12.1180 39.2202 86.6017 0.9829836 Brc1ccc(N=Nc2ccc(CNCCCc3ccccc3)cc2)cn1 1 c1ccc(CCCNCc2ccc(N=Nc3cccnc3)cc2)cc1 0.9829836 2.3575 1.0000000 1.0000 1.0000000 1.0000 []
 | 7.1297 39.3069 -39.3069 0.0000000 O=C(NCCOc1ccc(N=Nc2ccccc2)cc1)Nc1ccccc1 1 O=C(NCCOc1ccc(N=Nc2ccccc2)cc1)Nc1ccccc1 0.9899354 2.0108 1.0000000 1.0000 1.0000000 1.0000 []
 | 10.3317 43.7097 82.4266 0.9854395 Fc1ccccc1N=Nc1ccc(OCCN2CCCN(Cc3ccccc3)CC2)cc1 1 c1ccc(CN2CCCN(CCOc3ccc(N=Nc4ccccc4)cc3)CC2)cc1 0.9854395 2.2543 1.0000000 1.0000 1.0000000 1.0000 []
 | 15.2043 43.1946 83.1013 0.9866862 Brc1ccc(N=Nc2cccc(CN3CCCN(Cc4ccccc4)CC3)c2)cc1 1 c1ccc(CN2CCCN(Cc3cccc(N=Nc4ccccc4)c3)CC2)cc1 0.9866862 2.1952 1.0000000 1.0000 1.0000000 1.0000 []
 | 8.0612 33.2267 -33.2267 0.0000000 Clc1cccc(N=Nc2ccc(OCCN3CCCC3)cc2)c1 1 c1ccc(N=Nc2ccc(OCCN3CCCC3)cc2)cc1 0.9876046 2.1480 1.0000000 1.0000 1.0000000 1.0000 []
 | 13.1717 38.2062 87.2615 0.9802163 c1ccc(N2CCC(Nc3ccc(N=Nc4ccncc4)cc3)CC2)nc1 1 c1ccc(N2CCC(Nc3ccc(N=Nc4ccncc4)cc3)CC2)nc1 0.9802163 2.4575 1.0000000 1.0000 1.0000000 1.0000 []
03:48:43 <INFO> Score: 0.75 Agent NLL: 12.19 Valid: 100% Step: 140
 | Agent Prior Target Score SMILES SMILES_state Scaffold SA SA (raw) Alerts Alerts (raw) PS_Scaffold PS_Scaffold (raw) matchting_patterns (Alerts)
 | 11.6643 43.4102 -43.4102 0.0000000 COc1ccc(N=Nc2ccc(NCCCN3CCCCC3)cc2)cc1 1 c1ccc(N=Nc2ccc(NCCCN3CCCCC3)cc2)cc1 0.9872669 2.1657 1.0000000 1.0000 1.0000000 1.0000 []
 | 9.9299 49.4913 -49.4913 0.0000000 O=C(Nc1ccccc1C(=O)Nc1ccccc1)c1ccc(N=Nc2ccccc2)cc1 1 O=C(Nc1ccccc1C(=O)Nc1ccccc1)c1ccc(N=Nc2ccccc2)cc1 0.9902896 1.9872 1.0000000 1.0000 1.0000000 1.0000 []
 | 7.5494 33.9490 92.5369 0.9881709 c1ccc(N=Nc2ccc(OCCCN3CCOCC3)cc2)cc1 1 c1ccc(N=Nc2ccc(OCCCN3CCOCC3)cc2)cc1 0.9881709 2.1172 1.0000000 1.0000 1.0000000 1.0000 []
 | 10.3868 36.0900 90.2908 0.9873500 Clc1ccc(N=Nc2ccc(OCCC3CCCCC3)cc2)cc1 1 c1ccc(N=Nc2ccc(OCCC3CCCCC3)cc2)cc1 0.9873500 2.1614 1.0000000 1.0000 1.0000000 1.0000 []
 | 17.0940 57.5192 67.5697 0.9772575 OCCc1ccc(N=Nc2ccc(N3CCCN(c4ccccc4)CC3)c(F)c2)cn1 1 c1ccc(N2CCCN(c3ccc(N=Nc4cccnc4)cc3)CC2)cc1 0.9772575 2.5502 1.0000000 1.0000 1.0000000 1.0000 []
 | 9.0849 36.1717 -36.1717 0.0000000 Clc1cc(Oc2ccc(N=Nc3ccccc3)cc2)ccn1 1 c1ccc(N=Nc2ccc(Oc3ccncc3)cc2)cc1 0.9863055 2.2138 1.0000000 1.0000 1.0000000 1.0000 []
 | 8.6353 54.3190 72.3785 0.9898242 COc1ccc(N=Nc2ccc(OCc3cccc(-c4ccccc4)c3)cc2)cc1 1 c1ccc(N=Nc2ccc(OCc3cccc(-c4ccccc4)c3)cc2)cc1 0.9898242 2.0180 1.0000000 1.0000 1.0000000 1.0000 []
 | 7.6280 54.7428 -54.7428 0.0000000 COc1ccc(N=Nc2ccc(C(=O)NCc3ccccc3)cc2)cc1 1 O=C(NCc1ccccc1)c1ccc(N=Nc2ccccc2)cc1 0.9915545 1.8955 1.0000000 1.0000 1.0000000 1.0000 []
 | 9.7837 34.6166 91.8020 0.9876458 Fc1ccc(N=Nc2ccc(-c3ccccc3CN3CCCCC3)cc2)cc1 1 c1ccc(N=Nc2ccc(-c3ccccc3CN3CCCCC3)cc2)cc1 0.9876458 2.1458 1.0000000 1.0000 1.0000000 1.0000 []
 | 9.0644 35.1721 -35.1721 0.0000000 Clc1cccc(N=Nc2ccc(OC3CCCC3)cc2)c1 1 c1ccc(N=Nc2ccc(OC3CCCC3)cc2)cc1 0.9863080 2.2137 1.0000000 1.0000 1.0000000 1.0000 []
03:48:44 <INFO> Sampled SMILES n(c1ccccc1)=Nc1ccccc1N=Nc1ccccc1C1CC1 failed to sanitize.
03:48:44 <INFO> Sampled SMILES c1cc(N=Nc2ccncc2)ccc1NCc1cccc(OCCN2CC2)cc1 failed to sanitize.
03:48:46 <INFO> Score: 0.82 Agent NLL: 13.03 Valid:  98% Step: 141
 | Agent Prior Target Score SMILES SMILES_state Scaffold SA SA (raw) Alerts Alerts (raw) PS_Scaffold PS_Scaffold (raw) matchting_patterns (Alerts)
 | 17.1671 57.6423 68.1539 0.9827827 COc1cccc(N=Nc2ccc(NC(C)=O)cc2)c1N1CCCCC1 1 c1ccc(N=Nc2ccccc2N2CCCCC2)cc1 0.9827827 2.3653 1.0000000 1.0000 1.0000000 1.0000 []
 | 14.1950 47.7382 73.9185 0.9504429 OCc1ccc(N=Nc2ccc(C(OC3CCCC3)C3CC3)cc2)cc1 1 c1ccc(N=Nc2ccc(C(OC3CCCC3)C3CC3)cc2)cc1 0.9504429 3.0758 1.0000000 1.0000 1.0000000 1.0000 []
 | 14.8277 43.0363 81.3269 0.9715872 Oc1cccnc1N=Nc1ccc(OC2CCCC2)c(F)c1 1 c1ccc(N=Nc2ccc(OC3CCCC3)cc2)nc1 0.9715872 2.6990 1.0000000 1.0000 1.0000000 1.0000 []
 | 13.7586 23.0503 94.1770 0.9158388 O=C(c1ccc(N=Nc2ccccc2)cc1)N1CC2CCCC2(C(=O)NCC2CC2)C1 1 O=C(c1ccc(N=Nc2ccccc2)cc1)N1CC2CCCC2(C(=O)NCC2CC2)C1 0.9158388 3.4449 1.0000000 1.0000 1.0000000 1.0000 []
 | 15.2558 44.9671 80.3813 0.9792848 OCc1ccc(N=Nc2ccc(CNCc3cnc(N4CCCC4)nc3)cc2)cc1 1 c1ccc(N=Nc2ccc(CNCc3cnc(N4CCCC4)nc3)cc2)cc1 0.9792848 2.4881 1.0000000 1.0000 1.0000000 1.0000 []
 | 12.9273 28.5440 94.6657 0.9625761 O=C(c1ccccc1N=Nc1cccc(O)c1)N1CC(F)(C(=O)Nc2cccc(Cl)c2F)C1 1 O=C(Nc1ccccc1)C1CN(C(=O)c2ccccc2N=Nc2ccccc2)C1 0.9625761 2.8846 1.0000000 1.0000 1.0000000 1.0000 []
 | 11.3194 45.1753 80.3339 0.9805403 COc1ccccc1N=Nc1ccc(-c2ccc3[nH]ccc3c2)c(F)c1 1 c1ccc(N=Nc2ccc(-c3ccc4[nH]ccc4c3)cc2)cc1 0.9805403 2.4465 1.0000000 1.0000 1.0000000 1.0000 []
 | 9.5567 37.1692 -37.1692 0.0000000 OCc1ccccc1COc1ccc(N=Nc2cccc(Cl)c2)cc1 1 c1ccc(COc2ccc(N=Nc3ccccc3)cc2)cc1 0.9867855 2.1902 1.0000000 1.0000 1.0000000 1.0000 []
 | 20.1668 63.0383 60.8917 0.9682038 Cc1ccc(N=Nc2ccc(N=Nc3ncccc3C)cc2)cc1NC(=O)COCc1ccccc1 1 O=C(COCc1ccccc1)Nc1cccc(N=Nc2ccc(N=Nc3ccccn3)cc2)c1 0.9682038 2.7746 1.0000000 1.0000 1.0000000 1.0000 []
 | 12.1594 40.9038 84.9378 0.9831371 Fc1ccc(N=Nc2ccc(CNC3CCN(CC4CCC4)CC3)cc2)cc1 1 c1ccc(N=Nc2ccc(CNC3CCN(CC4CCC4)CC3)cc2)cc1 0.9831371 2.3515 1.0000000 1.0000 1.0000000 1.0000 []
03:48:47 <INFO> Sampled SMILES c1cc(N=Nc2ccccc2)ccc1OCCl1CCCC1=O failed to sanitize.
03:48:48 <INFO> Score: 0.70 Agent NLL: 11.92 Valid:  99% Step: 142
 | Agent Prior Target Score SMILES SMILES_state Scaffold SA SA (raw) Alerts Alerts (raw) PS_Scaffold PS_Scaffold (raw) matchting_patterns (Alerts)
 | 8.0086 46.0666 -46.0666 0.0000000 O=C(Nc1ccccc1)c1ccc(N=Nc2ccncc2)cc1 1 O=C(Nc1ccccc1)c1ccc(N=Nc2ccncc2)cc1 0.9896852 2.0269 1.0000000 1.0000 1.0000000 1.0000 []
 | 10.0467 48.3246 76.8257 0.9777370 c1cc(N=Nc2ccc(OCc3ccc(C4=NCCC4)cc3)cc2)ccn1 1 c1cc(N=Nc2ccc(OCc3ccc(C4=NCCC4)cc3)cc2)ccn1 0.9777370 2.5360 1.0000000 1.0000 1.0000000 1.0000 []
 | 7.4152 47.2426 -47.2426 0.0000000 O=C(Cc1ccccc1)NCc1ccc(N=Nc2ccccc2)cc1 1 O=C(Cc1ccccc1)NCc1ccc(N=Nc2ccccc2)cc1 0.9913001 1.9150 1.0000000 1.0000 1.0000000 1.0000 []
 | 12.1711 45.7129 80.9462 0.9895241 O=C(NCc1cc(N=Nc2ccccc2)ccc1Cl)c1ccccc1 1 O=C(NCc1cccc(N=Nc2ccccc2)c1)c1ccccc1 0.9895241 2.0371 1.0000000 1.0000 1.0000000 1.0000 []
 | 14.5285 46.6538 79.8784 0.9885323 Clc1cccc(N=Nc2ccc(OCc3cccc4ccccc34)cc2)c1 1 c1ccc(N=Nc2ccc(OCc3cccc4ccccc34)cc2)cc1 0.9885323 2.0967 1.0000000 1.0000 1.0000000 1.0000 []
 | 11.1259 34.7283 89.6033 0.9713402 c1ccc(CN2CCOC(CCOc3ccc(N=Nc4ccccc4)cc3)C2)cc1 1 c1ccc(CN2CCOC(CCOc3ccc(N=Nc4ccccc4)cc3)C2)cc1 0.9713402 2.7049 1.0000000 1.0000 1.0000000 1.0000 []
 | 15.0453 51.2042 69.7781 0.9451739 Fc1ccc(N=Nc2ccccc2)cc1N=Nc1cccc(OCC2CCO2)c1 1 c1ccc(N=Nc2cccc(N=Nc3cccc(OCC4CCO4)c3)c2)cc1 0.9451739 3.1452 1.0000000 1.0000 1.0000000 1.0000 []
 | 10.8321 44.1662 -44.1662 0.0000000 Oc1cc(O)cc(N=Nc2ccc(Cc3ccccc3)cc2)c1 1 c1ccc(Cc2ccc(N=Nc3ccccc3)cc2)cc1 0.9855841 2.2477 1.0000000 1.0000 1.0000000 1.0000 []
 | 8.8955 31.9975 94.6712 0.9895999 Cc1ccc(N=Nc2ccccc2C(=O)Nc2ccccc2)cc1C 1 O=C(Nc1ccccc1)c1ccccc1N=Nc1ccccc1 0.9895999 2.0324 1.0000000 1.0000 1.0000000 1.0000 []
 | 10.3645 37.0036 -37.0036 0.0000000 Clc1cccc(COc2ccc(N=Nc3ccc(Br)cc3)cc2)c1 1 c1ccc(COc2ccc(N=Nc3ccccc3)cc2)cc1 0.9892331 2.0552 1.0000000 1.0000 1.0000000 1.0000 []
03:48:49 <INFO> Sampled SMILES c1c(N=Nc2ccc(Cl)cc2)ccc1Oc1ccc(Cl)cc1 failed to sanitize.
03:49:39 <INFO> Score: 0.73 Agent NLL: 12.19 Valid:  99% Step: 143
 | Agent Prior Target Score SMILES SMILES_state Scaffold SA SA (raw) Alerts Alerts (raw) PS_Scaffold PS_Scaffold (raw) matchting_patterns (Alerts)
 | 14.3422 45.5174 77.4427 0.9606254 Brc1ccc(N=Nc2ccc(OCN3CCC(c4cc[nH]n4)CC3)cc2)cc1 1 c1ccc(N=Nc2ccc(OCN3CCC(c4cc[nH]n4)CC3)cc2)cc1 0.9606254 2.9190 1.0000000 1.0000 1.0000000 1.0000 []
 | 16.2347 43.6491 -43.6491 0.0000000 O=C(O)C(F)Oc1ccc(N=Nc2ccc(CO)cc2)cc1 1 c1ccc(N=Nc2ccccc2)cc1 0.9598626 2.9320 1.0000000 1.0000 1.0000000 1.0000 []
 | 10.8899 50.7534 75.8432 0.9890357 COc1ccc(N=Nc2ccc(Oc3ccc(N4CCC4)cc3)cc2)cc1 1 c1ccc(N=Nc2ccc(Oc3ccc(N4CCC4)cc3)cc2)cc1 0.9890357 2.0672 1.0000000 1.0000 1.0000000 1.0000 []
 | 11.3644 39.0100 87.1573 0.9856824 c1ccc(N=Nc2ccc(-c3ccc(N4CCCC4)cc3)cn2)cc1 1 c1ccc(N=Nc2ccc(-c3ccc(N4CCCC4)cc3)cn2)cc1 0.9856824 2.2432 1.0000000 1.0000 1.0000000 1.0000 []
 | 9.3312 33.7686 92.6192 0.9874045 Fc1cc(N=Nc2ccccc2)ccc1CNCCCc1ccccc1 1 c1ccc(CCCNCc2ccc(N=Nc3ccccc3)cc2)cc1 0.9874045 2.1586 1.0000000 1.0000 1.0000000 1.0000 []
 | 14.9089 41.6257 84.2808 0.9836447 c1cc(N=Nc2ccc3c(c2)OCO3)cc(-c2ccc(N3CCCC3)cc2)c1 1 c1cc(N=Nc2ccc3c(c2)OCO3)cc(-c2ccc(N3CCCC3)cc2)c1 0.9836447 2.3312 1.0000000 1.0000 1.0000000 1.0000 []
 | 8.1660 46.0666 -46.0666 0.0000000 O=C(Nc1ccccc1)c1ccc(N=Nc2ccncc2)cc1 1 O=C(Nc1ccccc1)c1ccc(N=Nc2ccncc2)cc1 0.9896852 2.0269 1.0000000 1.0000 1.0000000 1.0000 []
 | 10.1755 51.4851 74.6604 0.9855117 COc1ccc(N=Nc2ccc(Oc3ccc(NCCN4CCCCC4)cc3)cc2)cc1 1 c1ccc(N=Nc2ccc(Oc3ccc(NCCN4CCCCC4)cc3)cc2)cc1 0.9855117 2.2510 1.0000000 1.0000 1.0000000 1.0000 []
 | 13.2883 46.9665 77.9770 0.9761210 Fc1ccc(N2CCCCC=N2)cc1CNCc1ccc(CN2CCC2)cc1 1 C1=NN(c2cccc(CNCc3ccc(CN4CCC4)cc3)c2)CCCC1 0.9761210 2.5828 1.0000000 1.0000 1.0000000 1.0000 []
 | 12.0490 47.6499 77.9372 0.9811491 O=C(Oc1ccc(N=Nc2ccccc2OC2CC2)cc1)c1ccccn1 1 O=C(Oc1ccc(N=Nc2ccccc2OC2CC2)cc1)c1ccccn1 0.9811491 2.4254 1.0000000 1.0000 1.0000000 1.0000 []
03:49:39 <INFO> Sampled SMILES c1cc(N=Nc2ccccc2)ccc1OCCO1CCCC1 failed to sanitize.
03:49:39 <INFO> Sampled SMILES c1cc(N=Nc2ccccc2)ccc1NC(=O)C1CCc2nc(NCC3CC3)cc2[nH]1 failed to sanitize.
03:49:41 <INFO> Score: 0.73 Agent NLL: 13.09 Valid:  98% Step: 144
 | Agent Prior Target Score SMILES SMILES_state Scaffold SA SA (raw) Alerts Alerts (raw) PS_Scaffold PS_Scaffold (raw) matchting_patterns (Alerts)
 | 10.6793 53.5382 72.8544 0.9874419 O=C(NCc1ccccc1)c1ccc(N=Nc2ccnc(-c3ccccc3)c2)cc1 1 O=C(NCc1ccccc1)c1ccc(N=Nc2ccnc(-c3ccccc3)c2)cc1 0.9874419 2.1566 1.0000000 1.0000 1.0000000 1.0000 []
 | 17.7658 30.7359 78.3272 0.8520559 O=C(c1ccccc1N=Nc1cccnc1)N1CCC(O)(CNC(=O)C23CCC(CC2)CC3)CC1 1 O=C(c1ccccc1N=Nc1cccnc1)N1CCC(CNC(=O)C23CCC(CC2)CC3)CC1 0.8520559 3.8594 1.0000000 1.0000 1.0000000 1.0000 []
 | 7.1140 44.9963 -44.9963 0.0000000 O=C(Nc1ccccc1)c1ccc(N=Nc2ccc(Cl)cc2)cc1 1 O=C(Nc1ccccc1)c1ccc(N=Nc2ccccc2)cc1 0.9920840 1.8529 1.0000000 1.0000 1.0000000 1.0000 []
 | 10.3804 37.3057 88.4337 0.9823387 c1cc(N=Nc2ccc(NCc3ccc4c(c3)OCO4)cc2)ccn1 1 c1cc(N=Nc2ccc(NCc3ccc4c(c3)OCO4)cc2)ccn1 0.9823387 2.3821 1.0000000 1.0000 1.0000000 1.0000 []
 | 16.0486 33.6751 92.7563 0.9877449 CN1CCN(c2cccc(N=Nc3ccccc3)c2)CC1 1 c1ccc(N=Nc2cccc(N3CCNCC3)c2)cc1 0.9877449 2.1405 1.0000000 1.0000 1.0000000 1.0000 []
 | 12.5664 36.4695 87.6215 0.9694613 c1ccc(-c2ccc(N=Nc3ccc(OCCOC4CCCCO4)cc3)cc2)cc1 1 c1ccc(-c2ccc(N=Nc3ccc(OCCOC4CCCCO4)cc3)cc2)cc1 0.9694613 2.7475 1.0000000 1.0000 1.0000000 1.0000 []
 | 14.1769 27.6516 93.1661 0.9438881 O=C(c1ccccc1N=Nc1ccccc1)N1CCCC(C(=O)N2CCC(CO)C2)C1 1 O=C(c1ccccc1N=Nc1ccccc1)N1CCCC(C(=O)N2CCCC2)C1 0.9438881 3.1612 1.0000000 1.0000 1.0000000 1.0000 []
 | 10.9224 24.1504 -24.1504 0.0000000 O=C(c1ccccc1N=Nc1ccc(O)cc1)N1CCC(N2CCCCC2)CC1 1 O=C(c1ccccc1N=Nc1ccccc1)N1CCC(N2CCCCC2)CC1 0.9815220 2.4121 1.0000000 1.0000 1.0000000 1.0000 []
 | 17.7488 50.6748 75.1893 0.9833136 COc1ccccc1N=Nc1ccc(-c2cncc(NC(=O)OCc3ccccc3)c2)cc1 1 O=C(Nc1cncc(-c2ccc(N=Nc3ccccc3)cc2)c1)OCc1ccccc1 0.9833136 2.3445 1.0000000 1.0000 1.0000000 1.0000 []
 | 10.6018 52.4682 72.6909 0.9778050 c1ccc(N=Nc2cccc(Oc3ccc(N=Nc4ccncc4)cc3)c2)cc1 1 c1ccc(N=Nc2cccc(Oc3ccc(N=Nc4ccncc4)cc3)c2)cc1 0.9778050 2.5340 1.0000000 1.0000 1.0000000 1.0000 []
03:49:42 <INFO> Score: 0.78 Agent NLL: 12.96 Valid: 100% Step: 145
 | Agent Prior Target Score SMILES SMILES_state Scaffold SA SA (raw) Alerts Alerts (raw) PS_Scaffold PS_Scaffold (raw) matchting_patterns (Alerts)
 | 13.2208 38.3249 86.2579 0.9733031 CN(c1ccc(N=Nc2ccc3c(c2)OCCO3)cc1)C1Cc2ccccc2C1 1 c1ccc2c(c1)CC(Nc1ccc(N=Nc3ccc4c(c3)OCCO4)cc1)C2 0.9733031 2.6573 1.0000000 1.0000 1.0000000 1.0000 []
 | 13.2340 56.1250 57.4337 0.8871774 CC1CCC2(C1)CN(C(=O)c1ccccc1N=Nc1cccnc1)C2 1 O=C(c1ccccc1N=Nc1cccnc1)N1CC2(CCCC2)C1 0.8871774 3.6566 1.0000000 1.0000 1.0000000 1.0000 []
 | 15.7375 40.2445 66.8577 0.8367364 O=C(c1ccccc1N=Nc1cc(F)ccc1F)N1CC2C(C1)C2C(=O)N1Cc2ccccc2CC1CO 1 O=C(c1ccccc1N=Nc1ccccc1)N1CC2C(C1)C2C(=O)N1CCc2ccccc2C1 0.8367364 3.9355 1.0000000 1.0000 1.0000000 1.0000 []
 | 8.1114 36.9438 -36.9438 0.0000000 Fc1ccccc1N=Nc1ccc(Cc2ccccc2)cc1 1 c1ccc(Cc2ccc(N=Nc3ccccc3)cc2)cc1 0.9901666 1.9955 1.0000000 1.0000 1.0000000 1.0000 []
 | 14.4800 43.5507 82.2224 0.9826027 Clc1ccc(N=Nc2cccc(-c3ccnc(C4CC4)c3)c2)cc1 1 c1ccc(N=Nc2cccc(-c3ccnc(C4CC4)c3)c2)cc1 0.9826027 2.3722 1.0000000 1.0000 1.0000000 1.0000 []
 | 10.4695 44.0355 82.8666 0.9914224 Clc1ccc(N=Nc2ccc(-c3cccc(-c4ccccc4)c3)cc2)cc1 1 c1ccc(N=Nc2ccc(-c3cccc(-c4ccccc4)c3)cc2)cc1 0.9914224 1.9057 1.0000000 1.0000 1.0000000 1.0000 []
 | 8.8010 33.4240 92.7964 0.9860970 Fc1ccc(N=Nc2ccccc2)cc1-c1ccc(CN2CCOCC2)cc1 1 c1ccc(N=Nc2cccc(-c3ccc(CN4CCOCC4)cc3)c2)cc1 0.9860970 2.2238 1.0000000 1.0000 1.0000000 1.0000 []
 | 13.9756 27.3570 94.5483 0.9523854 O=C(c1ccccc1N=Nc1ccccc1)N1CCCOC(C(=O)N(Cc2ccccc2)C2CCC2)C1 1 O=C(c1ccccc1N=Nc1ccccc1)N1CCCOC(C(=O)N(Cc2ccccc2)C2CCC2)C1 0.9523854 3.0484 1.0000000 1.0000 1.0000000 1.0000 []
 | 9.1631 33.8709 -33.8709 0.0000000 c1ccc(N=Nc2ccc(-c3ccc(N4CCCCC4)nc3)cc2)cc1 1 c1ccc(N=Nc2ccc(-c3ccc(N4CCCCC4)nc3)cc2)cc1 0.9873663 2.1606 1.0000000 1.0000 1.0000000 1.0000 []
 | 13.7290 43.4554 81.5885 0.9769051 Fc1ccccc1N=Nc1ccc(OCc2cccc(C3=NCCO3)c2)cc1 1 c1ccc(N=Nc2ccc(OCc3cccc(C4=NCCO4)c3)cc2)cc1 0.9769051 2.5605 1.0000000 1.0000 1.0000000 1.0000 []
03:49:43 <INFO> Sampled SMILES c1cc(N=Nc2ccc(F)cc2)ccc1Oc1ccccc1CCO1CCCC1 failed to sanitize.
03:49:45 <INFO> Score: 0.76 Agent NLL: 12.67 Valid:  99% Step: 146
 | Agent Prior Target Score SMILES SMILES_state Scaffold SA SA (raw) Alerts Alerts (raw) PS_Scaffold PS_Scaffold (raw) matchting_patterns (Alerts)
 | 12.0374 56.5596 70.0237 0.9889318 O=C(NCc1ccccc1)Nc1ccc(N=Nc2ccccc2-c2ccccc2)cc1 1 O=C(NCc1ccccc1)Nc1ccc(N=Nc2ccccc2-c2ccccc2)cc1 0.9889318 2.0734 1.0000000 1.0000 1.0000000 1.0000 []
 | 10.6652 49.5909 -49.5909 0.0000000 COc1ccccc1N=Nc1ccc(-c2ccc(CN3CCCC3)cc2)cc1 1 c1ccc(N=Nc2ccc(-c3ccc(CN4CCCC4)cc3)cc2)cc1 0.9885259 2.0971 1.0000000 1.0000 1.0000000 1.0000 []
 | 13.6868 50.8918 75.1274 0.9845250 Clc1ccc(NCc2ccc(N=Nc3ccc(N4CCC4)nc3)cc2)cc1 1 c1ccc(NCc2ccc(N=Nc3ccc(N4CCC4)nc3)cc2)cc1 0.9845250 2.2946 1.0000000 1.0000 1.0000000 1.0000 []
 | 11.2232 27.8398 87.8390 0.9037412 O=C(c1ccccc1N=Nc1ccccc1)N1CCC(F)(C(=O)N2CCC(F)(CO)CC2)C1 1 O=C(c1ccccc1N=Nc1ccccc1)N1CCC(C(=O)N2CCCCC2)C1 0.9037412 3.5411 1.0000000 1.0000 1.0000000 1.0000 []
 | 15.6043 57.1498 68.6758 0.9830127 CS(=O)(=O)c1ccccc1COc1ccc(N=Nc2ccc(N3CCCC3)cc2)cc1 1 c1ccc(COc2ccc(N=Nc3ccc(N4CCCC4)cc3)cc2)cc1 0.9830127 2.3563 1.0000000 1.0000 1.0000000 1.0000 []
 | 9.8316 42.6998 83.3871 0.9850538 Clc1ccc(N=Nc2ccc(OCN3CCCN(Cc4ccccc4)CC3)cc2)cc1 1 c1ccc(CN2CCCN(COc3ccc(N=Nc4ccccc4)cc3)CC2)cc1 0.9850538 2.2716 1.0000000 1.0000 1.0000000 1.0000 []
 | 9.8834 37.7512 -37.7512 0.0000000 c1ccc(N=Nc2ccc(NCc3nc4ccccc4s3)cc2)cc1 1 c1ccc(N=Nc2ccc(NCc3nc4ccccc4s3)cc2)cc1 0.9863163 2.2133 1.0000000 1.0000 1.0000000 1.0000 []
 | 15.7252 39.1402 83.6733 0.9594799 Brc1ccc(N=Nc2ccccc2)cc1CN1CCCC1C1CCCC1 1 c1ccc(N=Nc2cccc(CN3CCCC3C3CCCC3)c2)cc1 0.9594799 2.9385 1.0000000 1.0000 1.0000000 1.0000 []
 | 15.2884 47.2799 77.7416 0.9767302 COc1ccc(N=Nc2ccc(OCc3cnccn3)cc2)nc1 1 c1ccc(N=Nc2ccc(OCc3cnccn3)cc2)nc1 0.9767302 2.5655 1.0000000 1.0000 1.0000000 1.0000 []
 | 8.1971 45.6444 81.1128 0.9902908 O=C(Nc1ccccc1)c1ccc(N=Nc2ccc(N3CCC3)cc2)cc1 1 O=C(Nc1ccccc1)c1ccc(N=Nc2ccc(N3CCC3)cc2)cc1 0.9902908 1.9871 1.0000000 1.0000 1.0000000 1.0000 []
03:49:47 <INFO> Score: 0.84 Agent NLL: 12.47 Valid: 100% Step: 147
 | Agent Prior Target Score SMILES SMILES_state Scaffold SA SA (raw) Alerts Alerts (raw) PS_Scaffold PS_Scaffold (raw) matchting_patterns (Alerts)
 | 12.7334 27.6814 95.5829 0.9630030 O=C(c1ccccc1N=Nc1cccc(O)c1)N1CC(F)(C(=O)Nc2cc(Cl)ccc2O)C1 1 O=C(Nc1ccccc1)C1CN(C(=O)c2ccccc2N=Nc2ccccc2)C1 0.9630030 2.8768 1.0000000 1.0000 1.0000000 1.0000 []
 | 9.7709 45.4579 80.9379 0.9874672 c1ccc(N=Nc2cccc(-c3ccccc3C3CCC3)c2)cc1 1 c1ccc(N=Nc2cccc(-c3ccccc3C3CCC3)c2)cc1 0.9874672 2.1553 1.0000000 1.0000 1.0000000 1.0000 []
 | 13.0476 37.2864 88.4079 0.9819864 c1cc(N=Nc2ccc(OCCCCN3CCOCC3)cc2)cc(C2CC2)c1 1 c1cc(N=Nc2ccc(OCCCCN3CCOCC3)cc2)cc(C2CC2)c1 0.9819864 2.3952 1.0000000 1.0000 1.0000000 1.0000 []
 | 11.1001 37.8985 88.1522 0.9847711 c1cc(OCCCN2CCOCC2)ccc1N=Nc1ccc(C2CC2)cc1 1 c1cc(OCCCN2CCOCC2)ccc1N=Nc1ccc(C2CC2)cc1 0.9847711 2.2840 1.0000000 1.0000 1.0000000 1.0000 []
 | 14.6395 47.1655 77.9060 0.9771209 Oc1ccc(N=Nc2cccnc2)cc1-c1ccc(N2CCCCCC2)nc1 1 c1cncc(N=Nc2cccc(-c3ccc(N4CCCCCC4)nc3)c2)c1 0.9771209 2.5542 1.0000000 1.0000 1.0000000 1.0000 []
 | 14.8601 40.5116 84.7386 0.9785174 Fc1cc(-c2ccc(N=Nc3ccccc3)nc2)cc(N2CCOCC2)c1 1 c1ccc(N=Nc2ccc(-c3cccc(N4CCOCC4)c3)cn2)cc1 0.9785174 2.5123 1.0000000 1.0000 1.0000000 1.0000 []
 | 17.3931 45.3972 64.7247 0.8603273 O=C(c1ccccc1N=Nc1cc(F)ccc1O)N1CC(F)(C(=O)NC2CC2F)C1 1 O=C(NC1CC1)C1CN(C(=O)c2ccccc2N=Nc2ccccc2)C1 0.8603273 3.8157 1.0000000 1.0000 1.0000000 1.0000 []
 | 9.4685 38.7361 87.8278 0.9887806 Fc1ccc(N=Nc2ccc(-c3ccc(-c4ccccc4)cc3)c(F)c2)cc1 1 c1ccc(N=Nc2ccc(-c3ccc(-c4ccccc4)cc3)cc2)cc1 0.9887806 2.0823 1.0000000 1.0000 1.0000000 1.0000 []
 | 11.2948 52.6669 71.8754 0.9729871 OCCc1ccc(N=Nc2ccc(C=NNc3ccc(F)cc3F)cc2)cn1 1 C(=NNc1ccccc1)c1ccc(N=Nc2cccnc2)cc1 0.9729871 2.6652 1.0000000 1.0000 1.0000000 1.0000 []
 | 11.5990 50.9343 74.6090 0.9808068 OCCc1ccc(N=Nc2ccc(Oc3ccc(N4CCCCC4)cc3)cc2)cn1 1 c1cncc(N=Nc2ccc(Oc3ccc(N4CCCCC4)cc3)cc2)c1 0.9808068 2.4373 1.0000000 1.0000 1.0000000 1.0000 []
03:49:48 <INFO> Sampled SMILES c1cc(N=Nc2ccc(C(F)(F)F)cc2)ccc1OCCO1CCCC1=O failed to sanitize.
03:49:50 <INFO> Score: 0.79 Agent NLL: 13.07 Valid:  99% Step: 148
 | Agent Prior Target Score SMILES SMILES_state Scaffold SA SA (raw) Alerts Alerts (raw) PS_Scaffold PS_Scaffold (raw) matchting_patterns (Alerts)
 | 11.1554 28.2824 90.6817 0.9294069 O=C(C1Cc2ccccc2CN1C(=O)c1ccccc1N=Nc1ccccc1)N1CCCC1CO 1 O=C(C1Cc2ccccc2CN1C(=O)c1ccccc1N=Nc1ccccc1)N1CCCC1 0.9294069 3.3208 1.0000000 1.0000 1.0000000 1.0000 []
 | 11.4773 42.4417 83.5546 0.9843463 c1cncc(-c2cccc(COc3ccc(N=Nc4ccncc4)cc3)c2)c1 1 c1cncc(-c2cccc(COc3ccc(N=Nc4ccncc4)cc3)c2)c1 0.9843463 2.3022 1.0000000 1.0000 1.0000000 1.0000 []
 | 15.3378 43.7604 81.8060 0.9809876 c1ccc(COc2ccc(CCCNCc3ccc(N=Nc4cnccn4)cc3)cc2)cc1 1 c1ccc(COc2ccc(CCCNCc3ccc(N=Nc4cnccn4)cc3)cc2)cc1 0.9809876 2.4311 1.0000000 1.0000 1.0000000 1.0000 []
 | 8.3227 33.4240 -33.4240 0.0000000 Fc1ccc(N=Nc2ccccc2)cc1-c1ccc(CN2CCOCC2)cc1 1 c1ccc(N=Nc2cccc(-c3ccc(CN4CCOCC4)cc3)c2)cc1 0.9860970 2.2238 1.0000000 1.0000 1.0000000 1.0000 []
 | 10.0293 28.6283 92.4621 0.9460189 O=C(c1ccccc1N=Nc1ccccc1)N1CC(F)(C(=O)N2CCCC(c3ccccc3)CC2)C1 1 O=C(c1ccccc1N=Nc1ccccc1)N1CC(C(=O)N2CCCC(c3ccccc3)CC2)C1 0.9460189 3.1345 1.0000000 1.0000 1.0000000 1.0000 []
 | 17.3005 62.3928 62.9940 0.9795845 FCc1cc(N=Nc2ccc(CNc3ccccc3-c3ccccc3)cc2)ccn1 1 c1ccc(-c2ccccc2NCc2ccc(N=Nc3ccncc3)cc2)cc1 0.9795845 2.4784 1.0000000 1.0000 1.0000000 1.0000 []
 | 8.9009 35.0903 -35.0903 0.0000000 c1ccc(N=Nc2ccc(-c3cccc(-c4cc[nH]n4)c3)cc2)cc1 1 c1ccc(N=Nc2ccc(-c3cccc(-c4cc[nH]n4)c3)cc2)cc1 0.9792002 2.4908 1.0000000 1.0000 1.0000000 1.0000 []
 | 9.3910 35.9989 -35.9989 0.0000000 c1cc(N=Nc2ccc(-c3ccc(CN4CCCC4)cc3)cc2)ccn1 1 c1cc(N=Nc2ccc(-c3ccc(CN4CCCC4)cc3)cc2)ccn1 0.9866539 2.1968 1.0000000 1.0000 1.0000000 1.0000 []
 | 14.5898 41.5575 83.9794 0.9807574 O=C(c1ccc(N=Nc2ccc3cc[nH]c3c2)cc1)N1CCOCC1 1 O=C(c1ccc(N=Nc2ccc3cc[nH]c3c2)cc1)N1CCOCC1 0.9807574 2.4391 1.0000000 1.0000 1.0000000 1.0000 []
 | 9.5787 37.7616 88.1404 0.9836093 c1cc(N=Nc2ccc(N3CCCCC3)cc2)ccc1CN1CCCNCC1 1 c1cc(N=Nc2ccc(N3CCCCC3)cc2)ccc1CN1CCCNCC1 0.9836093 2.3327 1.0000000 1.0000 1.0000000 1.0000 []
03:49:50 <INFO> Sampled SMILES Fc1ccc(N=Nc2ccccc2O2CCCC2)cc1CN1CCCC1CO failed to sanitize.
03:50:30 <INFO> Score: 0.76 Agent NLL: 14.19 Valid:  98% Step: 149
 | Agent Prior Target Score SMILES SMILES_state Scaffold SA SA (raw) Alerts Alerts (raw) PS_Scaffold PS_Scaffold (raw) matchting_patterns (Alerts)
 | 17.8657 66.8787 -66.8787 0.0000000 c1cc=N=Nc2ccccc2)cc1N=Nc1ccccc1OC1CCCC1 0 -- 0.0000000 0.0000 0.0000000 0.0000 0.0000000 0.0000 None
 | 9.4818 50.3670 75.7634 0.9853942 OCCc1ccc(N=Nc2ccc(-c3ccc(-c4ccccc4)cc3)cc2)cn1 1 c1ccc(-c2ccc(-c3ccc(N=Nc4cccnc4)cc3)cc2)cc1 0.9853942 2.2564 1.0000000 1.0000 1.0000000 1.0000 []
 | 11.9928 33.7294 90.1703 0.9679666 OCC1CCCCN1CCNCc1ccc(N=Nc2ccccc2)cc1 1 c1ccc(N=Nc2ccc(CNCCN3CCCCC3)cc2)cc1 0.9679666 2.7796 1.0000000 1.0000 1.0000000 1.0000 []
 | 19.5942 52.9774 71.2913 0.9708489 C1=CCN(c2ccc(N=Nc3ccc(CNC4CCOCC4)cc3)cc2)CC1 1 C1=CCN(c2ccc(N=Nc3ccc(CNC4CCOCC4)cc3)cc2)CC1 0.9708489 2.7163 1.0000000 1.0000 1.0000000 1.0000 []
 | 9.4832 27.8701 97.0041 0.9755800 O=C(c1ccccc1N=Nc1ccccc1)N1CCC(F)(C(=O)NCCc2ccccc2)CC1 1 O=C(NCCc1ccccc1)C1CCN(C(=O)c2ccccc2N=Nc2ccccc2)CC1 0.9755800 2.5977 1.0000000 1.0000 1.0000000 1.0000 []
 | 13.2501 49.2435 76.2621 0.9805124 FC(F)(F)c1cncc(COc2ccc(N=Nc3ccc(N4CCC4)cc3)cc2)c1 1 c1cncc(COc2ccc(N=Nc3ccc(N4CCC4)cc3)cc2)c1 0.9805124 2.4475 1.0000000 1.0000 1.0000000 1.0000 []
 | 8.6020 43.5166 -43.5166 0.0000000 O=C(Nc1ccccc1)c1ccc(N=Nc2ccc(Br)cc2)cc1 1 O=C(Nc1ccccc1)c1ccc(N=Nc2ccccc2)cc1 0.9914180 1.9060 1.0000000 1.0000 1.0000000 1.0000 []
 | 11.7699 43.1489 83.3494 0.9882681 c1ccc(OCCOc2ccc(N=Nc3ccccc3Oc3ccccc3)cc2)cc1 1 c1ccc(OCCOc2ccc(N=Nc3ccccc3Oc3ccccc3)cc2)cc1 0.9882681 2.1117 1.0000000 1.0000 1.0000000 1.0000 []
 | 18.3139 51.0142 69.5179 0.9416571 O=C1CCNCC1c1c(F)cccc1N=Nc1ccccc1 1 O=C1CCNCC1c1ccccc1N=Nc1ccccc1 0.9416571 3.1881 1.0000000 1.0000 1.0000000 1.0000 []
 | 11.8663 30.2815 -30.2815 0.0000000 O=C(c1ccc(N=Nc2cccc(O)c2)cc1)N1CC(F)(C(=O)N2Cc3ccccc3CC2CO)C1 1 O=C(c1ccc(N=Nc2ccccc2)cc1)N1CC(C(=O)N2CCc3ccccc3C2)C1 0.9168094 3.4367 1.0000000 1.0000 1.0000000 1.0000 []
03:50:31 <INFO> Sampled SMILES Fc1cccc(N2N=CCCC2=O)CC1 failed to sanitize.
03:50:31 <INFO> Sampled SMILES c1cc(N=Nc2cccc(CCO)n2)ccc1Oc1cc(C2CCCCC2)ccN1 failed to sanitize.
03:50:32 <INFO> Score: 0.78 Agent NLL: 13.05 Valid:  98% Step: 150
 | Agent Prior Target Score SMILES SMILES_state Scaffold SA SA (raw) Alerts Alerts (raw) PS_Scaffold PS_Scaffold (raw) matchting_patterns (Alerts)
 | 11.9135 37.1038 -37.1038 0.0000000 Fc1cccc(N=Nc2ccccc2)c1N1CCCC1 1 c1ccc(N=Nc2ccccc2N2CCCC2)cc1 0.9841868 2.3089 1.0000000 1.0000 1.0000000 1.0000 []
 | 10.7565 33.5522 92.8484 0.9875046 Fc1ccc(N=Nc2ccc(-c3ccc4c(c3)OCO4)cc2)cc1 1 c1ccc(N=Nc2ccc(-c3ccc4c(c3)OCO4)cc2)cc1 0.9875046 2.1533 1.0000000 1.0000 1.0000000 1.0000 []
 | 7.8644 39.3928 -39.3928 0.0000000 Fc1ccccc1N=Nc1ccc(OCc2ccc(-c3ccccc3)cc2)cc1 1 c1ccc(N=Nc2ccc(OCc3ccc(-c4ccccc4)cc3)cc2)cc1 0.9894603 2.0411 1.0000000 1.0000 1.0000000 1.0000 []
 | 17.3448 43.1241 82.7443 0.9833471 Clc1ccc(N=Nc2cccc(-c3ccc4c(c3)OCCC4)c2)cc1 1 c1ccc(N=Nc2cccc(-c3ccc4c(c3)OCCC4)c2)cc1 0.9833471 2.3432 1.0000000 1.0000 1.0000000 1.0000 []
 | 11.8179 37.5166 87.6899 0.9781752 c1cc(OCC2CCOCC2)ccc1N=Nc1ccc(N2CCCC2)nc1 1 c1cc(OCC2CCOCC2)ccc1N=Nc1ccc(N2CCCC2)nc1 0.9781752 2.5228 1.0000000 1.0000 1.0000000 1.0000 []
 | 12.0582 39.7310 86.3092 0.9846886 Clc1ccccc1N=Nc1ccc(CNCC2CCN(c3ccccc3)CC2)cc1 1 c1ccc(N=Nc2ccc(CNCC3CCN(c4ccccc4)CC3)cc2)cc1 0.9846886 2.2876 1.0000000 1.0000 1.0000000 1.0000 []
 | 15.9803 35.2574 88.8951 0.9699409 c1ccc(N=Nc2ccc(CN3CCC(N4CCOCC4)C3)cc2)cc1 1 c1ccc(N=Nc2ccc(CN3CCC(N4CCOCC4)C3)cc2)cc1 0.9699409 2.7368 1.0000000 1.0000 1.0000000 1.0000 []
 | 9.7572 41.8855 83.7958 0.9818847 OCCc1ccc(N=Nc2ccc(CN3CCCCCC3)cc2)cn1 1 c1cncc(N=Nc2ccc(CN3CCCCCC3)cc2)c1 0.9818847 2.3990 1.0000000 1.0000 1.0000000 1.0000 []
 | 14.8185 61.3757 65.3064 0.9897042 O=C(NCc1ccccc1)c1cccc(N=Nc2cccc(F)c2)c1 1 O=C(NCc1ccccc1)c1cccc(N=Nc2ccccc2)c1 0.9897042 2.0257 1.0000000 1.0000 1.0000000 1.0000 []
 | 10.2237 36.3323 90.3730 0.9898851 Clc1ccccc1N=Nc1ccc(OCCCc2ccccc2)cc1 1 c1ccc(CCCOc2ccc(N=Nc3ccccc3)cc2)cc1 0.9898851 2.0141 1.0000000 1.0000 1.0000000 1.0000 []
03:50:34 <INFO> Score: 0.85 Agent NLL: 12.73 Valid: 100% Step: 151
 | Agent Prior Target Score SMILES SMILES_state Scaffold SA SA (raw) Alerts Alerts (raw) PS_Scaffold PS_Scaffold (raw) matchting_patterns (Alerts)
 | 9.8354 40.5198 85.7567 0.9865358 O=C(NCCCOc1ccc(N=Nc2cccc(Cl)c2)cc1)OCc1ccccc1 1 O=C(NCCCOc1ccc(N=Nc2ccccc2)cc1)OCc1ccccc1 0.9865358 2.2026 1.0000000 1.0000 1.0000000 1.0000 []
 | 14.0957 23.4028 81.6453 0.8206884 O=C(c1ccc(N=Nc2ccccc2)cc1)N1C2CCC1CC(NC(=O)C(F)(F)F)C2 1 O=C(c1ccc(N=Nc2ccccc2)cc1)N1C2CCCC1CC2 0.8206884 4.0091 1.0000000 1.0000 1.0000000 1.0000 []
 | 12.5040 54.7650 71.3354 0.9851594 O=C(Cc1ccccc1)NCc1cc(C(=O)Nc2ccc(N=Nc3ccccc3)cc2)ccn1 1 O=C(Cc1ccccc1)NCc1cc(C(=O)Nc2ccc(N=Nc3ccccc3)cc2)ccn1 0.9851594 2.2669 1.0000000 1.0000 1.0000000 1.0000 []
 | 8.1509 32.4554 -32.4554 0.0000000 c1ccc(N=Nc2ccc(-c3cnc(N4CCC4)nc3)cc2)cc1 1 c1ccc(N=Nc2ccc(-c3cnc(N4CCC4)nc3)cc2)cc1 0.9856098 2.2465 1.0000000 1.0000 1.0000000 1.0000 []
 | 12.0750 67.6902 57.3760 0.9770802 c1ccc(-c2ccccc2N=Nc2ccc(Oc3ccc(N4CCCCN4)cc3)cc2)cc1 1 c1ccc(-c2ccccc2N=Nc2ccc(Oc3ccc(N4CCCCN4)cc3)cc2)cc1 0.9770802 2.5554 1.0000000 1.0000 1.0000000 1.0000 []
 | 12.8935 45.2548 80.3426 0.9812292 c1ccc(-c2ncccc2Oc2ccc(N=Nc3ccc4c(c3)OCCO4)cc2)cc1 1 c1ccc(-c2ncccc2Oc2ccc(N=Nc3ccc4c(c3)OCCO4)cc2)cc1 0.9812292 2.4226 1.0000000 1.0000 1.0000000 1.0000 []
 | 11.1702 49.2677 76.0044 0.9786886 OCCc1ccc(N=Nc2ccc(OC3CCN(c4ccccc4)CC3)cc2)cn1 1 c1ccc(N2CCC(Oc3ccc(N=Nc4cccnc4)cc3)CC2)cc1 0.9786886 2.5070 1.0000000 1.0000 1.0000000 1.0000 []
 | 11.7989 55.4522 70.9011 0.9871348 O=C(Nc1ccccc1)Nc1cccc(N=Nc2ccncc2)c1 1 O=C(Nc1ccccc1)Nc1cccc(N=Nc2ccncc2)c1 0.9871348 2.1726 1.0000000 1.0000 1.0000000 1.0000 []
 | 12.7603 36.8008 63.8813 0.7865789 O=C(c1ccccc1N=Nc1ccncc1)N1CCC(F)(C(=O)N2CC(F)CC2CO)C1 1 O=C(c1ccccc1N=Nc1ccncc1)N1CCC(C(=O)N2CCCC2)C1 0.7865789 4.1502 1.0000000 1.0000 1.0000000 1.0000 []
 | 11.8160 41.8760 83.6880 0.9809690 OCc1ccc(C2CC2)c(-c2ccc(N=Nc3ccccc3)cc2F)c1 1 c1ccc(N=Nc2ccc(-c3ccccc3C3CC3)cc2)cc1 0.9809690 2.4317 1.0000000 1.0000 1.0000000 1.0000 []
03:50:36 <INFO> Score: 0.80 Agent NLL: 12.75 Valid:  99% Step: 152
 | Agent Prior Target Score SMILES SMILES_state Scaffold SA SA (raw) Alerts Alerts (raw) PS_Scaffold PS_Scaffold (raw) matchting_patterns (Alerts)
 | 12.0826 26.0768 -26.0768 0.0000000 O=C(c1ccccc1N=Nc1ccc(O)cc1)N1CCC(F)(C(=O)N2CC3CCC(C2)O3)CC1 1 O=C(c1ccccc1N=Nc1ccccc1)N1CCC(C(=O)N2CC3CCC(C2)O3)CC1 0.7016038 4.4431 1.0000000 1.0000 1.0000000 1.0000 []
 | 19.9758 32.8900 90.0994 0.9608551 O=C(c1ccccc1N=Nc1ccccc1)N1CCC(NC(=O)C2(F)CC2)(C(=O)OCc2ccccc2)CC1 1 O=C(NC1(C(=O)OCc2ccccc2)CCN(C(=O)c2ccccc2N=Nc2ccccc2)CC1)C1CC1 0.9608551 2.9150 1.0000000 1.0000 1.0000000 1.0000 []
 | 12.1065 49.1602 75.3464 0.9727080 OCc1ccc(N=Nc2ccc(OCc3ccccc3C3CC3)cc2)o1 1 c1coc(N=Nc2ccc(OCc3ccccc3C3CC3)cc2)c1 0.9727080 2.6721 1.0000000 1.0000 1.0000000 1.0000 []
 | 15.7950 53.7565 72.3417 0.9851416 Clc1ccc(N=Nc2cccc(Nc3ccccc3-c3ccncc3)c2)cc1 1 c1ccc(N=Nc2cccc(Nc3ccccc3-c3ccncc3)c2)cc1 0.9851416 2.2677 1.0000000 1.0000 1.0000000 1.0000 []
 | 14.1029 27.9828 95.1416 0.9619100 O=C(CCN1CCN(C(=O)c2ccccc2N=Nc2ccccc2)CC1)N1CCC(c2ccccc2)C1 1 O=C(CCN1CCN(C(=O)c2ccccc2N=Nc2ccccc2)CC1)N1CCC(c2ccccc2)C1 0.9619100 2.8965 1.0000000 1.0000 1.0000000 1.0000 []
 | 13.7580 30.7368 91.4547 0.9546208 O=C(c1ccccc1N=Nc1cccnc1)N1CCC(O)(C(=O)NC(C2CC2)C2CC2)CC1 1 O=C(NC(C1CC1)C1CC1)C1CCN(C(=O)c2ccccc2N=Nc2cccnc2)CC1 0.9546208 3.0155 1.0000000 1.0000 1.0000000 1.0000 []
 | 10.2809 29.8287 91.1012 0.9447647 O=C(c1ccccc1N=Nc1ccccc1)N1CCC(F)(C(=O)N2CCC(c3ccccc3)C2)CC1 1 O=C(c1ccccc1N=Nc1ccccc1)N1CCC(C(=O)N2CCC(c3ccccc3)C2)CC1 0.9447647 3.1503 1.0000000 1.0000 1.0000000 1.0000 []
 | 9.9629 46.3544 79.7708 0.9853532 O=C(c1ccccc1)c1ccc(N=Nc2ccc(N3CCCCC3)nc2)cc1 1 O=C(c1ccccc1)c1ccc(N=Nc2ccc(N3CCCCC3)nc2)cc1 0.9853532 2.2582 1.0000000 1.0000 1.0000000 1.0000 []
 | 8.0492 45.0417 -45.0417 0.0000000 O=C(Nc1ccccc1)c1ccc(N=Nc2ccccc2F)cc1 1 O=C(Nc1ccccc1)c1ccc(N=Nc2ccccc2)cc1 0.9909204 1.9430 1.0000000 1.0000 1.0000000 1.0000 []
 | 16.1877 41.3146 84.2129 0.9806834 Brc1cccc(N=Nc2cccc(N3CCNCC3)c2)c1 1 c1ccc(N=Nc2cccc(N3CCNCC3)c2)cc1 0.9806834 2.4416 1.0000000 1.0000 1.0000000 1.0000 []
03:50:40 <INFO> Score: 0.85 Agent NLL: 13.66 Valid: 100% Step: 153
 | Agent Prior Target Score SMILES SMILES_state Scaffold SA SA (raw) Alerts Alerts (raw) PS_Scaffold PS_Scaffold (raw) matchting_patterns (Alerts)
 | 15.5510 29.9236 87.7763 0.9195304 O=C(c1ccccc1N=Nc1ccccc1)N1CCC(F)(C(=O)N(Cc2ccccn2)Cc2ccco2)C1 1 O=C(c1ccccc1N=Nc1ccccc1)N1CCC(C(=O)N(Cc2ccccn2)Cc2ccco2)C1 0.9195304 3.4131 1.0000000 1.0000 1.0000000 1.0000 []
 | 24.0972 60.7959 63.3316 0.9697461 Fc1ccnc(N=Nc2cccnc2)c1C1CCN(CCNCc2ccccc2)CC1 1 c1ccc(CNCCN2CCC(c3cccnc3N=Nc3cccnc3)CC2)cc1 0.9697461 2.7412 1.0000000 1.0000 1.0000000 1.0000 []
 | 19.8733 44.9586 79.6520 0.9735205 O=C(c1cccnc1N=Nc1ccc(N2CCCCC2)cc1)C1CCOCC1 1 O=C(c1cccnc1N=Nc1ccc(N2CCCCC2)cc1)C1CCOCC1 0.9735205 2.6518 1.0000000 1.0000 1.0000000 1.0000 []
 | 13.9774 34.1149 91.9459 0.9848501 Fc1ccc(N=Nc2cccc(-c3cccc4[nH]ccc34)c2)cc1 1 c1ccc(N=Nc2cccc(-c3cccc4[nH]ccc34)c2)cc1 0.9848501 2.2806 1.0000000 1.0000 1.0000000 1.0000 []
 | 17.3226 50.4465 74.9985 0.9800392 Clc1cc(N=Nc2ccc(N3CCOCC3)cc2)ccc1Oc1ccccc1N1CCCC1 1 c1ccc(N2CCCC2)c(Oc2ccc(N=Nc3ccc(N4CCOCC4)cc3)cc2)c1 0.9800392 2.4634 1.0000000 1.0000 1.0000000 1.0000 []
 | 13.8112 34.0421 -34.0421 0.0000000 Clc1ccc(N=Nc2ccc(CN3CCC3)c(Br)c2)cc1 1 c1ccc(N=Nc2ccc(CN3CCC3)cc2)cc1 0.9846779 2.2880 1.0000000 1.0000 1.0000000 1.0000 []
 | 12.1558 38.1781 87.6525 0.9830517 Brc1cccc(N=Nc2ccc(CNCCCN3CCOCC3)cc2)c1 1 c1ccc(N=Nc2ccc(CNCCCN3CCOCC3)cc2)cc1 0.9830517 2.3548 1.0000000 1.0000 1.0000000 1.0000 []
 | 19.3651 46.5958 76.8864 0.9647049 COc1ccc(N=Nc2ccc(CN3CCCC3c3ccc(OC(F)(F)F)cc3)cc2)cc1 1 c1ccc(N=Nc2ccc(CN3CCCC3c3ccccc3)cc2)cc1 0.9647049 2.8450 1.0000000 1.0000 1.0000000 1.0000 []
 | 18.9966 41.8608 82.7635 0.9736271 Cc1cccc(N=Nc2ccc3c(c2)OCC(=O)N3)c1Cc1ccc(Cl)cc1 1 O=C1COc2cc(N=Nc3ccccc3Cc3ccccc3)ccc2N1 0.9736271 2.6491 1.0000000 1.0000 1.0000000 1.0000 []
 | 10.3961 44.2611 -44.2611 0.0000000 c1ccc(N=Nc2ccc(CNc3ccc(N4CCC4)cc3)cc2)cc1 1 c1ccc(N=Nc2ccc(CNc3ccc(N4CCC4)cc3)cc2)cc1 0.9891652 2.0593 1.0000000 1.0000 1.0000000 1.0000 []
03:50:41 <INFO> Sampled SMILES c1cc(N=Nc2ccc(C(F)(F)F)cc2)cccc1C(=O)Nc1ccccc1 failed to sanitize.
03:50:43 <INFO> Score: 0.84 Agent NLL: 13.96 Valid:  99% Step: 154
 | Agent Prior Target Score SMILES SMILES_state Scaffold SA SA (raw) Alerts Alerts (raw) PS_Scaffold PS_Scaffold (raw) matchting_patterns (Alerts)
 | 11.1512 37.1261 -37.1261 0.0000000 O=C(c1ccccc1N=Nc1ccncc1)N1CCC(c2ccccc2)C1C(=O)N(C1CC1)C1CC1 1 O=C(c1ccccc1N=Nc1ccncc1)N1CCC(c2ccccc2)C1C(=O)N(C1CC1)C1CC1 0.8905373 3.6344 1.0000000 1.0000 1.0000000 1.0000 []
 | 11.4306 38.9213 86.4204 0.9792323 OCCN1CCN(c2ccc(-c3ccc(N=Nc4ccncc4)cc3)cn2)CC1 1 c1cc(N=Nc2ccc(-c3ccc(N4CCNCC4)nc3)cc2)ccn1 0.9792323 2.4898 1.0000000 1.0000 1.0000000 1.0000 []
 | 18.9206 60.6727 63.8526 0.9728542 Cc1n[nH]cc1N=Nc1ccc(C(=O)Nc2ccc(OC(F)(F)F)cc2)cc1 1 O=C(Nc1ccccc1)c1ccc(N=Nc2cn[nH]c2)cc1 0.9728542 2.6685 1.0000000 1.0000 1.0000000 1.0000 []
 | 12.3590 43.7211 82.3828 0.9851868 Clc1ccc(N=Nc2ccccn2)cc1-c1cccc(-c2ccccc2)c1 1 c1ccc(-c2cccc(-c3cccc(N=Nc4ccccn4)c3)c2)cc1 0.9851868 2.2657 1.0000000 1.0000 1.0000000 1.0000 []
 | 14.1682 51.1950 74.8234 0.9845185 O=C(COc1ccc(N=Nc2ccc(N3CCCCCC3)nc2)cc1)Nc1ccccc1 1 O=C(COc1ccc(N=Nc2ccc(N3CCCCCC3)nc2)cc1)Nc1ccccc1 0.9845185 2.2949 1.0000000 1.0000 1.0000000 1.0000 []
 | 9.2459 38.7254 87.5210 0.9863003 Fc1ccccc1N=Nc1ccc(OC(c2ccccc2)c2ccccc2)cc1 1 c1ccc(N=Nc2ccc(OC(c3ccccc3)c3ccccc3)cc2)cc1 0.9863003 2.2141 1.0000000 1.0000 1.0000000 1.0000 []
 | 7.6702 45.7493 -45.7493 0.0000000 c1ccc(N=Nc2ccc(Oc3ccccc3-c3ccccc3)cc2)cc1 1 c1ccc(N=Nc2ccc(Oc3ccccc3-c3ccccc3)cc2)cc1 0.9907126 1.9579 1.0000000 1.0000 1.0000000 1.0000 []
 | 12.5078 33.2177 92.8519 0.9849187 OCc1ccc(N=Nc2cccc(Cc3ccccc3)c2)cc1F 1 c1ccc(Cc2cccc(N=Nc3ccccc3)c2)cc1 0.9849187 2.2776 1.0000000 1.0000 1.0000000 1.0000 []
 | 10.5821 37.2862 88.2503 0.9807534 Clc1ccccc1N=Nc1ccc(-c2cnc3cc[nH]c3c2)cc1 1 c1ccc(N=Nc2ccc(-c3cnc4cc[nH]c4c3)cc2)cc1 0.9807534 2.4392 1.0000000 1.0000 1.0000000 1.0000 []
 | 17.7460 25.4236 97.8864 0.9633599 O=C(c1ccc(N=Nc2ccc(O)cc2)cc1)N1CC(O)(C(=O)NC2CCN(CC3CCCC3)CC2)C1 1 O=C(NC1CCN(CC2CCCC2)CC1)C1CN(C(=O)c2ccc(N=Nc3ccccc3)cc2)C1 0.9633599 2.8703 1.0000000 1.0000 1.0000000 1.0000 []
03:50:44 <INFO> Sampled SMILES C1Nc2ccccc2C1=NNc1ccccc1CO1CCCCO1 failed to sanitize.
03:50:44 <INFO> Sampled SMILES Fc1cc(N=Nc2ccc(N3CCCCC3)nc2)cccc1C(=O)N1CCCCC1 failed to sanitize.
03:50:46 <INFO> Score: 0.78 Agent NLL: 12.95 Valid:  98% Step: 155
 | Agent Prior Target Score SMILES SMILES_state Scaffold SA SA (raw) Alerts Alerts (raw) PS_Scaffold PS_Scaffold (raw) matchting_patterns (Alerts)
 | 9.9905 33.5748 92.5120 0.9850532 Oc1ccc(N=Nc2ccccc2)cc1-c1cccc(-c2cccnc2)c1 1 c1ccc(N=Nc2cccc(-c3cccc(-c4cccnc4)c3)c2)cc1 0.9850532 2.2716 1.0000000 1.0000 1.0000000 1.0000 []
 | 12.5952 36.8206 88.8216 0.9815796 Fc1ccc(N=Nc2ccccc2)cc1NCc1ccnc(N2CCCC2)c1 1 c1ccc(N=Nc2cccc(NCc3ccnc(N4CCCC4)c3)c2)cc1 0.9815796 2.4101 1.0000000 1.0000 1.0000000 1.0000 []
 | 15.9662 43.8208 76.1777 0.9374884 Cc1cccc(N=Nc2ccc3c(c2)OCCO3)c1COC1CCN(C)C1 1 c1ccc(N=Nc2ccc3c(c2)OCCO3)c(COC2CCNC2)c1 0.9374884 3.2360 1.0000000 1.0000 1.0000000 1.0000 []
 | 11.9155 27.3114 -27.3114 0.0000000 O=C(c1ccccc1N=Nc1cccc(O)c1)N1CCC(C(=O)N2CC3CC2CO3)CC1 1 O=C(c1ccccc1N=Nc1ccccc1)N1CCC(C(=O)N2CC3CC2CO3)CC1 0.7719400 4.2057 1.0000000 1.0000 1.0000000 1.0000 []
 | 9.9406 49.8557 76.5689 0.9876927 O=C(Oc1ccc(N=Nc2ccc(N3CCCCCC3)cc2)cc1)c1ccccc1 1 O=C(Oc1ccc(N=Nc2ccc(N3CCCCCC3)cc2)cc1)c1ccccc1 0.9876927 2.1433 1.0000000 1.0000 1.0000000 1.0000 []
 | 12.4785 45.0634 81.4840 0.9886515 O=C(NCc1ccccc1F)c1ccc(N=Nc2cccc(Cl)c2)cc1 1 O=C(NCc1ccccc1)c1ccc(N=Nc2ccccc2)cc1 0.9886515 2.0898 1.0000000 1.0000 1.0000000 1.0000 []
 | 17.5475 42.4979 82.0600 0.9731093 Oc1cccc(N=Nc2ccccc2)c1-c1nc(-c2ccccc2N2CCOCC2)no1 1 c1ccc(N=Nc2ccccc2-c2nc(-c3ccccc3N3CCOCC3)no2)cc1 0.9731093 2.6622 1.0000000 1.0000 1.0000000 1.0000 []
 | 7.6606 45.2639 81.5501 0.9907345 O=C(Nc1ccccc1)c1ccc(N=Nc2ccc3ccccc3c2)cc1 1 O=C(Nc1ccccc1)c1ccc(N=Nc2ccc3ccccc3c2)cc1 0.9907345 1.9564 1.0000000 1.0000 1.0000000 1.0000 []
 | 12.9692 40.1863 85.4644 0.9816464 c1ccc2c(N=Nc3ccc(OCc4cncs4)cc3)cccc2c1 1 c1ccc2c(N=Nc3ccc(OCc4cncs4)cc3)cccc2c1 0.9816464 2.4076 1.0000000 1.0000 1.0000000 1.0000 []
 | 10.7673 39.1777 87.0886 0.9864555 Fc1cccc(N=Nc2ccc(OC(c3ccccc3)c3ccccc3)cc2)c1 1 c1ccc(N=Nc2ccc(OC(c3ccccc3)c3ccccc3)cc2)cc1 0.9864555 2.2065 1.0000000 1.0000 1.0000000 1.0000 []
03:51:39 <INFO> Sampled SMILES c1c(N=Nc2ccncc2)ccccc1OCc1ccccc1 failed to sanitize.
03:51:41 <INFO> Score: 0.79 Agent NLL: 13.37 Valid:  99% Step: 156
 | Agent Prior Target Score SMILES SMILES_state Scaffold SA SA (raw) Alerts Alerts (raw) PS_Scaffold PS_Scaffold (raw) matchting_patterns (Alerts)
 | 7.7419 45.7493 -45.7493 0.0000000 c1ccc(N=Nc2ccc(Oc3ccccc3-c3ccccc3)cc2)cc1 1 c1ccc(N=Nc2ccc(Oc3ccccc3-c3ccccc3)cc2)cc1 0.9907126 1.9579 1.0000000 1.0000 1.0000000 1.0000 []
 | 12.8495 44.0304 79.5957 0.9658290 Fc1ccc(F)c(N=NCc2cc(N=Nc3ccccc3)ccc2F)c1 1 c1ccc(N=NCc2cccc(N=Nc3ccccc3)c2)cc1 0.9658290 2.8231 1.0000000 1.0000 1.0000000 1.0000 []
 | 14.3730 41.6977 84.3061 0.9844052 Fc1cccc(N=Nc2ccc(CNCc3cccc(N4CCCCC4)c3)cc2)c1 1 c1ccc(N=Nc2ccc(CNCc3cccc(N4CCCCC4)c3)cc2)cc1 0.9844052 2.2997 1.0000000 1.0000 1.0000000 1.0000 []
 | 12.9226 52.8493 73.5218 0.9872740 O=C(Nc1ccc(N=Nc2cccc(C(=O)N3CCCC3)c2)cc1)C1CC1 1 O=C(Nc1ccc(N=Nc2cccc(C(=O)N3CCCC3)c2)cc1)C1CC1 0.9872740 2.1654 1.0000000 1.0000 1.0000000 1.0000 []
 | 9.3708 40.1851 86.1229 0.9867816 N#Cc1ccc(N=Nc2ccccc2)cc1NC(=O)Cc1ccccc1 1 O=C(Cc1ccccc1)Nc1cccc(N=Nc2ccccc2)c1 0.9867816 2.1904 1.0000000 1.0000 1.0000000 1.0000 []
 | 8.3842 45.2924 -45.2924 0.0000000 c1ccc(N=Nc2cccc(-c3ccc(-c4ccccc4)cc3)c2)cc1 1 c1ccc(N=Nc2cccc(-c3ccc(-c4ccccc4)cc3)c2)cc1 0.9931273 1.7602 1.0000000 1.0000 1.0000000 1.0000 []
 | 13.2995 42.1653 83.4589 0.9814395 Fc1ccc(N=Nc2ccccc2)cc1CNCc1ccccc1OC1CCCC1 1 c1ccc(N=Nc2cccc(CNCc3ccccc3OC3CCCC3)c2)cc1 0.9814395 2.4151 1.0000000 1.0000 1.0000000 1.0000 []
 | 16.7291 49.1952 75.6130 0.9750635 O=C(c1cccc(N=Nc2ccc3cc[nH]c3c2)c1F)N1CCCC1 1 O=C(c1cccc(N=Nc2ccc3cc[nH]c3c2)c1)N1CCCC1 0.9750635 2.6117 1.0000000 1.0000 1.0000000 1.0000 []
 | 14.9587 38.4747 86.5902 0.9770700 FC(F)(F)c1ccccc1N=Nc1ccc(-c2ccnc(CN3CCOCC3)c2)cc1 1 c1ccc(N=Nc2ccc(-c3ccnc(CN4CCOCC4)c3)cc2)cc1 0.9770700 2.5557 1.0000000 1.0000 1.0000000 1.0000 []
 | 9.4860 26.7134 94.1279 0.9440725 O=C(c1ccccc1N=Nc1cccc(O)c1)N1CCC(C(=O)N2Cc3ccccc3CC2CO)CC1 1 O=C(c1ccccc1N=Nc1ccccc1)N1CCC(C(=O)N2CCc3ccccc3C2)CC1 0.9440725 3.1589 1.0000000 1.0000 1.0000000 1.0000 []
03:51:42 <INFO> Score: 0.80 Agent NLL: 13.68 Valid: 100% Step: 157
 | Agent Prior Target Score SMILES SMILES_state Scaffold SA SA (raw) Alerts Alerts (raw) PS_Scaffold PS_Scaffold (raw) matchting_patterns (Alerts)
 | 21.0964 39.4427 -39.4427 0.0000000 C#Cc1ccccc1NC(=O)CN(c1ccccc1)C(c1ccccc1)C(OC)OC 1 O=C(CN(Cc1ccccc1)c1ccccc1)Nc1ccccc1 0.0000000 0.0000 1.0000000 1.0000 0.0000000 0.0000 []
 | 9.0789 46.7792 79.9281 0.9899004 O=C(Nc1ccc(N2CCCC2)cc1)c1ccc(N=Nc2ccccc2)cc1 1 O=C(Nc1ccc(N2CCCC2)cc1)c1ccc(N=Nc2ccccc2)cc1 0.9899004 2.0131 1.0000000 1.0000 1.0000000 1.0000 []
 | 18.0797 53.0334 71.6117 0.9737899 c1ccc(-c2ccccc2N=Nc2ccc(NCc3cnc(N4CCSCC4)nc3)cc2)cc1 1 c1ccc(-c2ccccc2N=Nc2ccc(NCc3cnc(N4CCSCC4)nc3)cc2)cc1 0.9737899 2.6450 1.0000000 1.0000 1.0000000 1.0000 []
 | 16.3833 46.1622 77.8334 0.9687150 Brc1ccc(N=Nc2ccccc2)cc1CN=Cc1ccc(Cn2ccnc2)cc1 1 C(=NCc1cccc(N=Nc2ccccc2)c1)c1ccc(Cn2ccnc2)cc1 0.9687150 2.7637 1.0000000 1.0000 1.0000000 1.0000 []
 | 10.8189 56.4284 70.1631 0.9889961 COc1cccc(N=Nc2ccc(OCc3cccc(-c4ccccc4)c3)cc2)c1 1 c1ccc(N=Nc2ccc(OCc3cccc(-c4ccccc4)c3)cc2)cc1 0.9889961 2.0695 1.0000000 1.0000 1.0000000 1.0000 []
 | 10.3810 34.6223 92.1429 0.9903530 Fc1ccc(N=Nc2ccc(OCCCCc3ccccc3)cc2)cc1 1 c1ccc(CCCCOc2ccc(N=Nc3ccccc3)cc2)cc1 0.9903530 1.9829 1.0000000 1.0000 1.0000000 1.0000 []
 | 7.5284 43.2741 -43.2741 0.0000000 c1ccc(N=Nc2cccc(OC3CCCCC3)c2)cc1 1 c1ccc(N=Nc2cccc(OC3CCCCC3)c2)cc1 0.9872800 2.1651 1.0000000 1.0000 1.0000000 1.0000 []
 | 11.0733 45.2572 -45.2572 0.0000000 O=C(NCc1ccc(N=Nc2cccnc2)cc1)c1ccccc1 1 O=C(NCc1ccc(N=Nc2cccnc2)cc1)c1ccccc1 0.9892922 2.0516 1.0000000 1.0000 1.0000000 1.0000 []
 | 16.5650 53.9767 70.8553 0.9752505 Clc1ccc(N=Nc2ccccc2)cc1N=Nc1ccc(OC2CCCC2)cc1 1 c1ccc(N=Nc2cccc(N=Nc3ccc(OC4CCCC4)cc3)c2)cc1 0.9752505 2.6067 1.0000000 1.0000 1.0000000 1.0000 []
 | 17.0705 54.8273 70.5633 0.9796135 O=C(CSc1ccccn1)NN=Cc1ccc(N=Nc2ccccc2-c2ccccc2)cc1 1 O=C(CSc1ccccn1)NN=Cc1ccc(N=Nc2ccccc2-c2ccccc2)cc1 0.9796135 2.4774 1.0000000 1.0000 1.0000000 1.0000 []
03:51:45 <INFO> Score: 0.74 Agent NLL: 13.18 Valid: 100% Step: 158
 | Agent Prior Target Score SMILES SMILES_state Scaffold SA SA (raw) Alerts Alerts (raw) PS_Scaffold PS_Scaffold (raw) matchting_patterns (Alerts)
 | 11.2551 27.9926 89.8564 0.9206949 O=C(c1ccccc1N=Nc1cccc(O)c1)N1CC(F)(C(=O)NC2CCOc3ccccc32)C1 1 O=C(NC1CCOc2ccccc21)C1CN(C(=O)c2ccccc2N=Nc2ccccc2)C1 0.9206949 3.4028 1.0000000 1.0000 1.0000000 1.0000 []
 | 11.3006 32.8773 -32.8773 0.0000000 O=Cc1ccc(N=Nc2cccc(Cl)c2)cc1 1 c1ccc(N=Nc2ccccc2)cc1 0.9857757 2.2389 1.0000000 1.0000 1.0000000 1.0000 []
 | 8.4163 37.5823 -37.5823 0.0000000 O=C1COc2cc(-c3ccc(N=Nc4ccccc4)cc3)ccc21 1 O=C1COc2cc(-c3ccc(N=Nc4ccccc4)cc3)ccc21 0.9847102 2.2866 1.0000000 1.0000 1.0000000 1.0000 []
 | 16.7523 40.5101 -40.5101 0.0000000 O=Cc1ccc(N=Nc2ccc(-c3ccc(CN4CCC4)cc3)c(F)c2)cc1 1 c1ccc(N=Nc2ccc(-c3ccc(CN4CCC4)cc3)cc2)cc1 0.9833699 2.3423 1.0000000 1.0000 1.0000000 1.0000 []
 | 14.3574 27.9811 89.5697 0.9183656 O=C(c1ccccc1N=Nc1ccccc1)N1CC2C(C1)C2C(=O)N1CCN(C2CC2)CC1 1 O=C(c1ccccc1N=Nc1ccccc1)N1CC2C(C1)C2C(=O)N1CCN(C2CC2)CC1 0.9183656 3.4233 1.0000000 1.0000 1.0000000 1.0000 []
 | 17.1495 50.7685 74.0415 0.9750786 COc1ccc(N=Nc2ccc(CNCc3ccnc(-c4ccccn4)c3)cc2)nc1 1 c1ccc(N=Nc2ccc(CNCc3ccnc(-c4ccccn4)c3)cc2)nc1 0.9750786 2.6113 1.0000000 1.0000 1.0000000 1.0000 []
 | 11.9513 47.7976 78.7558 0.9886988 O=C(c1ccccc1)c1ccc(N=Nc2ccccc2Br)cc1 1 O=C(c1ccccc1)c1ccc(N=Nc2ccccc2)cc1 0.9886988 2.0871 1.0000000 1.0000 1.0000000 1.0000 []
 | 8.9151 43.2359 -43.2359 0.0000000 c1ccc(N=NCc2cccc(N=Nc3ccccc3)c2)cc1 1 c1ccc(N=NCc2cccc(N=Nc3ccccc3)c2)cc1 0.9794220 2.4837 1.0000000 1.0000 1.0000000 1.0000 []
 | 14.4668 38.0119 88.0827 0.9851146 Fc1ccccc1CN1CCN(c2cc(N=Nc3ccccc3)ccc2F)CC1 1 c1ccc(CN2CCN(c3cccc(N=Nc4ccccc4)c3)CC2)cc1 0.9851146 2.2689 1.0000000 1.0000 1.0000000 1.0000 []
 | 10.6799 34.8025 91.4365 0.9862418 c1cc(N=Nc2ccc(N3CCCCC3)cc2)ccc1CN1CCOCC1 1 c1cc(N=Nc2ccc(N3CCCCC3)cc2)ccc1CN1CCOCC1 0.9862418 2.2169 1.0000000 1.0000 1.0000000 1.0000 []
03:51:45 <INFO> Sampled SMILES CN1ccc(N=Nc2ccccc2C(F)(F)F)cc1-c1cc(-c2ccccc2)ccc1O failed to sanitize.
03:51:47 <INFO> Score: 0.81 Agent NLL: 13.62 Valid:  98% Step: 159
 | Agent Prior Target Score SMILES SMILES_state Scaffold SA SA (raw) Alerts Alerts (raw) PS_Scaffold PS_Scaffold (raw) matchting_patterns (Alerts)
 | 7.2475 33.8097 -33.8097 0.0000000 c1ccc(N=Nc2ccc(OCCCOc3ccccc3)cc2)cc1 1 c1ccc(N=Nc2ccc(OCCCOc3ccccc3)cc2)cc1 0.9910336 1.9348 1.0000000 1.0000 1.0000000 1.0000 []
 | 15.3694 49.0290 76.2271 0.9785632 FC(F)(F)c1ccc(N=Nc2ccc(Oc3cnccc3N3CCCC3)cc2)cc1 1 c1ccc(N=Nc2ccc(Oc3cnccc3N3CCCC3)cc2)cc1 0.9785632 2.5109 1.0000000 1.0000 1.0000000 1.0000 []
 | 13.3356 32.4563 76.9924 0.8550678 O=C(c1ccccc1N=Nc1cccnc1)N1CCC2(CC1)CC2NC(=O)C1(c2ccccc2)CCC1 1 O=C(c1ccccc1N=Nc1cccnc1)N1CCC2(CC1)CC2NC(=O)C1(c2ccccc2)CCC1 0.8550678 3.8437 1.0000000 1.0000 1.0000000 1.0000 []
 | 16.7568 36.7006 86.5538 0.9629247 O=C(c1ccccc1N=Nc1cccc(F)c1)N1CCC(F)(C(=O)N(CCO)Cc2ccccc2)CC1 1 O=C(NCc1ccccc1)C1CCN(C(=O)c2ccccc2N=Nc2ccccc2)CC1 0.9629247 2.8782 1.0000000 1.0000 1.0000000 1.0000 []
 | 17.2346 46.3451 77.7944 0.9698403 OCc1ccc(N=Nc2ccc(-c3ccc(C4CCNCC4)cc3)cc2)o1 1 c1coc(N=Nc2ccc(-c3ccc(C4CCNCC4)cc3)cc2)c1 0.9698403 2.7391 1.0000000 1.0000 1.0000000 1.0000 []
 | 16.2599 41.6361 83.8710 0.9805247 Brc1ccc(N=Nc2ccc(Br)c(NCc3ccc4ncccc4c3)c2)cc1 1 c1ccc(N=Nc2cccc(NCc3ccc4ncccc4c3)c2)cc1 0.9805247 2.4470 1.0000000 1.0000 1.0000000 1.0000 []
 | 14.1612 41.3591 84.9123 0.9864955 O=C(c1ccc(N=Nc2ccc(CCN3CCCCC3)cc2)cc1)N1CCCC1 1 O=C(c1ccc(N=Nc2ccc(CCN3CCCCC3)cc2)cc1)N1CCCC1 0.9864955 2.2046 1.0000000 1.0000 1.0000000 1.0000 []
 | 24.4506 43.8744 70.9116 0.8967659 Cc1cc(N=Nc2ccccc2C#N)ccc1OCC12CCCC1CC2 1 c1ccc(N=Nc2ccc(OCC34CCCC3CC4)cc2)cc1 0.8967659 3.5917 1.0000000 1.0000 1.0000000 1.0000 []
 | 11.6432 49.4507 77.0650 0.9884042 O=C(Cc1ccccc1)NCc1ccc(N=Nc2ccc(N3CCC3)cc2)cc1 1 O=C(Cc1ccccc1)NCc1ccc(N=Nc2ccc(N3CCC3)cc2)cc1 0.9884042 2.1040 1.0000000 1.0000 1.0000000 1.0000 []
 | 13.4896 38.2177 87.9852 0.9859605 Fc1cc(N=Nc2ccc(Oc3ccccc3)cc2)ccc1CN1CCCCC1 1 c1ccc(Oc2ccc(N=Nc3ccc(CN4CCCCC4)cc3)cc2)cc1 0.9859605 2.2302 1.0000000 1.0000 1.0000000 1.0000 []
03:51:48 <INFO> Sampled SMILES c1cc(N=Nc2ccccc2)ccc1Cl1NCCN(c2cccc(CO)c2)CC1 failed to sanitize.
03:51:50 <INFO> Score: 0.79 Agent NLL: 13.35 Valid:  99% Step: 160
 | Agent Prior Target Score SMILES SMILES_state Scaffold SA SA (raw) Alerts Alerts (raw) PS_Scaffold PS_Scaffold (raw) matchting_patterns (Alerts)
 | 10.7527 43.6590 82.9864 0.9894168 O=C(NCc1cc(N=Nc2ccccc2)ccc1F)c1ccccc1 1 O=C(NCc1cccc(N=Nc2ccccc2)c1)c1ccccc1 0.9894168 2.0439 1.0000000 1.0000 1.0000000 1.0000 []
 | 7.7429 48.8952 -48.8952 0.0000000 O=C(Nc1ccccc1)c1cccc(N=Nc2ccncc2)c1 1 O=C(Nc1ccccc1)c1cccc(N=Nc2ccncc2)c1 0.9887942 2.0815 1.0000000 1.0000 1.0000000 1.0000 []
 | 10.6145 46.6108 78.7685 0.9795256 Fc1cc(N=Nc2ccccc2)ccc1-c1ccccc1N=Nc1ccccc1 1 c1ccc(N=Nc2ccc(-c3ccccc3N=Nc3ccccc3)cc2)cc1 0.9795256 2.4803 1.0000000 1.0000 1.0000000 1.0000 []
 | 17.5312 50.3862 74.8649 0.9785246 O=C1C(c2ccc(N=Nc3ccccc3F)cc2)=Nc2ccccc21 1 O=C1C(c2ccc(N=Nc3ccccc3)cc2)=Nc2ccccc21 0.9785246 2.5121 1.0000000 1.0000 1.0000000 1.0000 []
 | 8.2867 56.9365 69.5444 0.9881315 c1ccc(-c2ccccc2-c2ccc(N=Nc3ccc(N4CCCCCC4)cc3)cc2)cc1 1 c1ccc(-c2ccccc2-c2ccc(N=Nc3ccc(N4CCCCCC4)cc3)cc2)cc1 0.9881315 2.1194 1.0000000 1.0000 1.0000000 1.0000 []
 | 17.3732 40.7873 84.1928 0.9764076 Fc1cc(N=Nc2ccc3ccccc3c2)ccc1CN1CCN(c2ccnc(Cl)c2)CC1 1 c1ccc2cc(N=Nc3ccc(CN4CCN(c5ccncc5)CC4)cc3)ccc2c1 0.9764076 2.5747 1.0000000 1.0000 1.0000000 1.0000 []
 | 11.4133 41.4234 84.9010 0.9869100 Clc1ccccc1N=Nc1ccc(Oc2cccc(CN3CCCC3)c2)cc1 1 c1ccc(N=Nc2ccc(Oc3cccc(CN4CCCC4)c3)cc2)cc1 0.9869100 2.1840 1.0000000 1.0000 1.0000000 1.0000 []
 | 17.0849 37.1297 89.1335 0.9864310 O=[N+]([O-])c1ccc(N=Nc2ccc(CCN3CCCCC3)cc2)cc1 1 c1ccc(N=Nc2ccc(CCN3CCCCC3)cc2)cc1 0.9864310 2.2077 1.0000000 1.0000 1.0000000 1.0000 []
 | 18.9259 45.9192 76.7089 0.9580320 COc1cccc(N=Nc2ccc(OC(c3ccccc3)C3CC3)c(N)c2)c1 1 c1ccc(N=Nc2ccc(OC(c3ccccc3)C3CC3)cc2)cc1 0.9580320 2.9623 1.0000000 1.0000 1.0000000 1.0000 []
 | 6.4984 39.5496 -39.5496 0.0000000 c1ccc(N=Nc2ccc(-c3ccc(-c4ccccc4)cc3)cc2)cc1 1 c1ccc(N=Nc2ccc(-c3ccc(-c4ccccc4)cc3)cc2)cc1 0.9949728 1.5553 1.0000000 1.0000 1.0000000 1.0000 []
03:51:53 <INFO> Score: 0.78 Agent NLL: 12.69 Valid: 100% Step: 161
 | Agent Prior Target Score SMILES SMILES_state Scaffold SA SA (raw) Alerts Alerts (raw) PS_Scaffold PS_Scaffold (raw) matchting_patterns (Alerts)
 | 12.1289 44.5030 81.5230 0.9845783 Fc1ccccc1N=Nc1ccc(Oc2ccccc2NC2CCCC2)cc1 1 c1ccc(N=Nc2ccc(Oc3ccccc3NC3CCCC3)cc2)cc1 0.9845783 2.2923 1.0000000 1.0000 1.0000000 1.0000 []
 | 13.8356 37.0877 88.6525 0.9823458 Fc1ccccc1N=Nc1ccc(NC2CCN(Cc3cccnc3)CC2)cc1 1 c1ccc(N=Nc2ccc(NC3CCN(Cc4cccnc4)CC3)cc2)cc1 0.9823458 2.3819 1.0000000 1.0000 1.0000000 1.0000 []
 | 11.8783 38.1408 87.8137 0.9840192 c1ccc(N=Nc2cccc(-c3cnc(N4CCCC4)nc3)c2)cc1 1 c1ccc(N=Nc2cccc(-c3cnc(N4CCCC4)nc3)c2)cc1 0.9840192 2.3159 1.0000000 1.0000 1.0000000 1.0000 []
 | 15.5429 54.3949 70.8172 0.9782195 c1ccc(N=Nc2ccc(N=Nc3cccc(CNC4CCCCC4)c3)cc2)cc1 1 c1ccc(N=Nc2ccc(N=Nc3cccc(CNC4CCCCC4)c3)cc2)cc1 0.9782195 2.5214 1.0000000 1.0000 1.0000000 1.0000 []
 | 15.3717 41.5016 84.1102 0.9813421 c1ccc(N2CCCCC2)c(N=Nc2ccc(-c3cncnc3)cc2)c1 1 c1ccc(N2CCCCC2)c(N=Nc2ccc(-c3cncnc3)cc2)c1 0.9813421 2.4186 1.0000000 1.0000 1.0000000 1.0000 []
 | 11.3804 41.1905 84.4601 0.9816452 O=c1[nH]c2ccccc2cc1C1CCN(c2ccc(N=Nc3ccccc3)cc2)CC1 1 O=c1[nH]c2ccccc2cc1C1CCN(c2ccc(N=Nc3ccccc3)cc2)CC1 0.9816452 2.4077 1.0000000 1.0000 1.0000000 1.0000 []
 | 10.9512 47.7288 -47.7288 0.0000000 O=C(Nc1ccc(Br)cc1)c1cccc(N=Nc2ccccc2)c1 1 O=C(Nc1ccccc1)c1cccc(N=Nc2ccccc2)c1 0.9907322 1.9565 1.0000000 1.0000 1.0000000 1.0000 []
 | 14.3481 52.7394 73.0133 0.9824431 c1ccc(-c2ccccc2Oc2ccc(N=Nc3cnc4ccccc4n3)cc2)cc1 1 c1ccc(-c2ccccc2Oc2ccc(N=Nc3cnc4ccccc4n3)cc2)cc1 0.9824431 2.3782 1.0000000 1.0000 1.0000000 1.0000 []
 | 16.2014 64.3735 59.9186 0.9710323 C(=NCc1cccc(N=Nc2cccc3ccccc23)c1)c1ccccc1-n1cccn1 1 C(=NCc1cccc(N=Nc2cccc3ccccc23)c1)c1ccccc1-n1cccn1 0.9710323 2.7120 1.0000000 1.0000 1.0000000 1.0000 []
 | 17.9404 69.4839 56.1291 0.9813519 Cc1ccc(N=Nc2ccc(Nc3ccccc3)cc2)cc1CN1CCCN(c2ccccc2C)CC1 1 c1ccc(Nc2ccc(N=Nc3cccc(CN4CCCN(c5ccccc5)CC4)c3)cc2)cc1 0.9813519 2.4182 1.0000000 1.0000 1.0000000 1.0000 []
03:51:54 <INFO> Sampled SMILES c1cc(N=Nc2Occcc2)ccc1-c1cccc2c1OCC2 failed to sanitize.
03:51:56 <INFO> Score: 0.84 Agent NLL: 14.13 Valid:  99% Step: 162
 | Agent Prior Target Score SMILES SMILES_state Scaffold SA SA (raw) Alerts Alerts (raw) PS_Scaffold PS_Scaffold (raw) matchting_patterns (Alerts)
 | 10.5678 29.1930 87.8581 0.9144614 O=[N+]=NC1CCN(C(=O)c2ccccc2N=Nc2ccc(O)cc2)C1 1 O=C(c1ccccc1N=Nc1ccccc1)N1CCCC1 0.9144614 3.4565 1.0000000 1.0000 1.0000000 1.0000 []
 | 15.8010 33.8629 91.4553 0.9790486 Clc1cc(N=Nc2ccccc2)ccc1-c1ccon1 1 c1ccc(N=Nc2ccc(-c3ccon3)cc2)cc1 0.9790486 2.4956 1.0000000 1.0000 1.0000000 1.0000 []
 | 17.6849 39.1364 83.1268 0.9551812 Fc1cccc(N=Nc2ccc(Br)cc2)c1NCC1CN(Cc2ccccc2)CCCO1 1 c1ccc(CN2CCCOC(CNc3ccccc3N=Nc3ccccc3)C2)cc1 0.9551812 3.0071 1.0000000 1.0000 1.0000000 1.0000 []
 | 8.3666 47.2426 -47.2426 0.0000000 O=C(Cc1ccccc1)NCc1ccc(N=Nc2ccccc2)cc1 1 O=C(Cc1ccccc1)NCc1ccc(N=Nc2ccccc2)cc1 0.9913001 1.9150 1.0000000 1.0000 1.0000000 1.0000 []
 | 14.7296 23.6898 99.5008 0.9624269 O=C(c1ccc(N=Nc2ccc(O)cc2)cc1)N1CCC(F)(C(=O)NCCn2cccn2)CC1 1 O=C(NCCn1cccn1)C1CCN(C(=O)c2ccc(N=Nc3ccccc3)cc2)CC1 0.9624269 2.8873 1.0000000 1.0000 1.0000000 1.0000 []
 | 18.4853 50.9488 75.1670 0.9852793 FC(F)(F)c1ccc(N=Nc2ccc(OCCCNc3ccc(Cl)cc3)cc2)cc1 1 c1ccc(N=Nc2ccc(OCCCNc3ccccc3)cc2)cc1 0.9852793 2.2616 1.0000000 1.0000 1.0000000 1.0000 []
 | 14.1697 35.5163 89.7622 0.9787382 Fc1ccc(N=Nc2ccc(-c3cncc(CN4CCOCC4)c3)c(F)c2)cc1 1 c1ccc(N=Nc2ccc(-c3cncc(CN4CCOCC4)c3)cc2)cc1 0.9787382 2.5054 1.0000000 1.0000 1.0000000 1.0000 []
 | 10.9615 28.3032 88.4409 0.9120634 O=C(c1ccccc1N=Nc1ccccc1)N1CC(F)(C(=O)N2CCC3(CCOC3)CC2)C1 1 O=C(c1ccccc1N=Nc1ccccc1)N1CC(C(=O)N2CCC3(CCOC3)CC2)C1 0.9120634 3.4762 1.0000000 1.0000 1.0000000 1.0000 []
 | 7.7809 44.4217 -44.4217 0.0000000 O=C(Nc1ccc(N=Nc2ccccc2)cc1)c1ccc(F)cc1 1 O=C(Nc1ccc(N=Nc2ccccc2)cc1)c1ccccc1 0.9920521 1.8556 1.0000000 1.0000 1.0000000 1.0000 []
 | 15.3670 31.0400 91.4612 0.9570404 O=C(c1ccccc1N=Nc1cccnc1)N1CCc2ccc(NC(=O)C3(CO)CCOCC3)cc2C1 1 O=C(Nc1ccc2c(c1)CN(C(=O)c1ccccc1N=Nc1cccnc1)CC2)C1CCOCC1 0.9570404 2.9782 1.0000000 1.0000 1.0000000 1.0000 []
03:51:56 <INFO> Sampled SMILES c1cc(N=Nc2ccc(Br)cc2)ccc1N1=Cc2ccccc2C1=O failed to sanitize.
03:51:56 <INFO> Sampled SMILES c(c1ccc(N=Nc2ccnc(N3CCCC3)n2)cc1)c1ccc(-c2cn[nH]c2)cc1 failed to sanitize.
03:51:56 <INFO> Sampled SMILES c1cc(N=Nc2cnc(N3CCCCCC3)nc2)ccc1Oc1ccc(nc2ccccc2)c1 failed to sanitize.
03:52:44 <INFO> Score: 0.85 Agent NLL: 13.77 Valid:  95% Step: 163
 | Agent Prior Target Score SMILES SMILES_state Scaffold SA SA (raw) Alerts Alerts (raw) PS_Scaffold PS_Scaffold (raw) matchting_patterns (Alerts)
 | 16.2013 57.0621 64.1572 0.9470258 O=C1CCCN1CC1CCCN(Cc2ccc(N=Nc3ccc(N4CCCCCC4)cc3)cc2Cl)C1 1 O=C1CCCN1CC1CCCN(Cc2ccc(N=Nc3ccc(N4CCCCCC4)cc3)cc2)C1 0.9470258 3.1216 1.0000000 1.0000 1.0000000 1.0000 []
 | 10.6298 41.0944 82.9681 0.9692382 O=C(c1ccccc1N=Nc1ccncc1)N1CC(F)(C(=O)Nc2cccc(-c3ccccc3)c2)C1 1 O=C(Nc1cccc(-c2ccccc2)c1)C1CN(C(=O)c2ccccc2N=Nc2ccncc2)C1 0.9692382 2.7524 1.0000000 1.0000 1.0000000 1.0000 []
 | 10.7929 45.8238 80.2375 0.9848539 Brc1cccc(N=Nc2ccc(-c3ccc(-c4ccccc4)cc3)cc2)n1 1 c1ccc(-c2ccc(-c3ccc(N=Nc4ccccn4)cc3)cc2)cc1 0.9848539 2.2804 1.0000000 1.0000 1.0000000 1.0000 []
 | 12.8223 37.2772 88.3327 0.9813271 Fc1cccc(N=Nc2ccc(CNCc3ccnc(N4CCCCC4)c3)cc2)c1 1 c1ccc(N=Nc2ccc(CNCc3ccnc(N4CCCCC4)c3)cc2)cc1 0.9813271 2.4191 1.0000000 1.0000 1.0000000 1.0000 []
 | 10.4247 46.4603 79.4462 0.9836439 O=C(c1ccc(F)cc1)c1ccc(N=Nc2ccc3cc[nH]c3c2)cc1 1 O=C(c1ccccc1)c1ccc(N=Nc2ccc3cc[nH]c3c2)cc1 0.9836439 2.3313 1.0000000 1.0000 1.0000000 1.0000 []
 | 12.2907 37.9774 88.0157 0.9843212 Fc1ccccc1N=Nc1ccc(OCc2cc3ccccc3o2)cc1 1 c1ccc(N=Nc2ccc(OCc3cc4ccccc4o3)cc2)cc1 0.9843212 2.3033 1.0000000 1.0000 1.0000000 1.0000 []
 | 9.7410 46.7623 79.7222 0.9881606 O=C(NC1CCCCC1)c1ccc(N=Nc2ccc(Oc3ccccc3)cc2)cc1 1 O=C(NC1CCCCC1)c1ccc(N=Nc2ccc(Oc3ccccc3)cc2)cc1 0.9881606 2.1178 1.0000000 1.0000 1.0000000 1.0000 []
 | 17.3974 31.2606 90.0392 0.9476545 O=C(c1ccc(N=Nc2ccc(N3CCCC3)cc2)cc1)N1CCC2(CCCNC2=O)CC1 1 O=C(c1ccc(N=Nc2ccc(N3CCCC3)cc2)cc1)N1CCC2(CCCNC2=O)CC1 0.9476545 3.1133 1.0000000 1.0000 1.0000000 1.0000 []
 | 12.2789 33.2203 92.2950 0.9805883 Oc1ccc(N=Nc2ccccc2)cc1-c1ccc(F)cc1CNC1CC1 1 c1ccc(N=Nc2cccc(-c3ccccc3CNC3CC3)c2)cc1 0.9805883 2.4449 1.0000000 1.0000 1.0000000 1.0000 []
 | 12.5471 35.0886 91.0881 0.9857552 c1cc(N=Nc2ccc(OC3CCCC3)cc2)ccc1CN1CCCCC1 1 c1cc(N=Nc2ccc(OC3CCCC3)cc2)ccc1CN1CCCCC1 0.9857552 2.2398 1.0000000 1.0000 1.0000000 1.0000 []
03:52:45 <INFO> Score: 0.83 Agent NLL: 13.07 Valid: 100% Step: 164
 | Agent Prior Target Score SMILES SMILES_state Scaffold SA SA (raw) Alerts Alerts (raw) PS_Scaffold PS_Scaffold (raw) matchting_patterns (Alerts)
 | 14.0788 45.1094 80.8304 0.9839051 O=C(c1ccc(O)cc1)c1ccc(N=Nc2ccc3c(c2)OCCO3)cc1 1 O=C(c1ccccc1)c1ccc(N=Nc2ccc3c(c2)OCCO3)cc1 0.9839051 2.3206 1.0000000 1.0000 1.0000000 1.0000 []
 | 12.4357 45.0992 78.8977 0.9687260 O=C1C(Nc2cccc(N=Nc3ccccc3)c2)CCN1c1ccccc1 1 O=C1C(Nc2cccc(N=Nc3ccccc3)c2)CCN1c1ccccc1 0.9687260 2.7635 1.0000000 1.0000 1.0000000 1.0000 []
 | 21.6127 63.5682 60.7501 0.9712370 Oc1ccc(N=Nc2ccc(N3CCCCCC3)cc2)nc1NCc1cccc(N2CCCC2)c1 1 c1cc(CNc2cccc(N=Nc3ccc(N4CCCCCC4)cc3)n2)cc(N2CCCC2)c1 0.9712370 2.7073 1.0000000 1.0000 1.0000000 1.0000 []
 | 12.1154 53.7076 71.1628 0.9755503 O=C1CCN(Cc2ccc(-c3ccc(N=Nc4ccccc4-c4ccccc4)cc3)cc2)N1 1 O=C1CCN(Cc2ccc(-c3ccc(N=Nc4ccccc4-c4ccccc4)cc3)cc2)N1 0.9755503 2.5985 1.0000000 1.0000 1.0000000 1.0000 []
 | 12.9186 49.5494 76.0002 0.9808565 O=C(NCc1ccc(N=Nc2ccc(CCO)nc2)cc1)C1CCC1 1 O=C(NCc1ccc(N=Nc2cccnc2)cc1)C1CCC1 0.9808565 2.4356 1.0000000 1.0000 1.0000000 1.0000 []
 | 14.2142 27.1706 -27.1706 0.0000000 O=C(c1ccccc1N=Nc1cccc(O)c1)N1CC(O)(C(=O)Nc2cccc(Cl)c2O)C1 1 O=C(Nc1ccccc1)C1CN(C(=O)c2ccccc2N=Nc2ccccc2)C1 0.9618221 2.8981 1.0000000 1.0000 1.0000000 1.0000 []
 | 10.0120 46.7621 79.4333 0.9859016 c1ccc(-c2cccc(Oc3ccc(N=Nc4ccc(N5CCOCC5)cc4)cc3)c2)cc1 1 c1ccc(-c2cccc(Oc3ccc(N=Nc4ccc(N5CCOCC5)cc4)cc3)c2)cc1 0.9859016 2.2330 1.0000000 1.0000 1.0000000 1.0000 []
 | 8.1502 35.8982 -35.8982 0.0000000 c1ccc(N=Nc2ccc(-c3ccc4ccccc4c3)cc2)cc1 1 c1ccc(N=Nc2ccc(-c3ccc4ccccc4c3)cc2)cc1 0.9912292 1.9203 1.0000000 1.0000 1.0000000 1.0000 []
 | 9.6384 41.3101 85.2681 0.9888920 c1ccc(-c2ccccc2N=Nc2ccc(CN3CCCCC3)cc2)cc1 1 c1ccc(-c2ccccc2N=Nc2ccc(CN3CCCCC3)cc2)cc1 0.9888920 2.0757 1.0000000 1.0000 1.0000000 1.0000 []
 | 12.5614 38.7635 87.3969 0.9856281 Cc1ccc(N=Nc2ccccc2)cc1NC(=O)c1ccc(N2CCCC2=O)cc1 1 O=C(Nc1cccc(N=Nc2ccccc2)c1)c1ccc(N2CCCC2=O)cc1 0.9856281 2.2457 1.0000000 1.0000 1.0000000 1.0000 []
03:52:46 <INFO> Sampled SMILES [N-]=F[N+](Nc1ccc(NC=Cc2ccccc2)cc1)c1ccc(N2CCCC2=O)cc1 failed to sanitize.
03:52:48 <INFO> Score: 0.84 Agent NLL: 13.65 Valid:  98% Step: 165
 | Agent Prior Target Score SMILES SMILES_state Scaffold SA SA (raw) Alerts Alerts (raw) PS_Scaffold PS_Scaffold (raw) matchting_patterns (Alerts)
 | 9.2988 38.0162 87.8338 0.9832034 O=C(c1ccccc1N=Nc1ccncc1)N1CCC(c2ccccc2)CC1 1 O=C(c1ccccc1N=Nc1ccncc1)N1CCC(c2ccccc2)CC1 0.9832034 2.3489 1.0000000 1.0000 1.0000000 1.0000 []
 | 14.1603 42.0835 83.3084 0.9796243 Fc1ccc(N=Nc2ccc(Oc3ccccc3)cc2)cc1CN1CCC(N2CCCCC2)CC1 1 c1ccc(Oc2ccc(N=Nc3cccc(CN4CCC(N5CCCCC5)CC4)c3)cc2)cc1 0.9796243 2.4771 1.0000000 1.0000 1.0000000 1.0000 []
 | 6.3297 48.3559 -48.3559 0.0000000 O=C(Nc1ccccc1)c1cccc(N=Nc2ccccc2)c1 1 O=C(Nc1ccccc1)c1cccc(N=Nc2ccccc2)c1 0.9922432 1.8396 1.0000000 1.0000 1.0000000 1.0000 []
 | 15.1516 63.7731 56.4897 0.9395528 Fc1cc(N=Nc2ccc(N3CCCCCC3)cc2)ccc1OCC1CCCCN1CC1CCOCC1 1 c1cc(OCC2CCCCN2CC2CCOCC2)ccc1N=Nc1ccc(N2CCCCCC2)cc1 0.9395528 3.2127 1.0000000 1.0000 1.0000000 1.0000 []
 | 13.8897 35.0753 90.9112 0.9842699 OCCN1CCN(Cc2cc(N=Nc3ccccc3)ccc2F)CC1 1 c1ccc(N=Nc2cccc(CN3CCNCC3)c2)cc1 0.9842699 2.3054 1.0000000 1.0000 1.0000000 1.0000 []
 | 10.6735 41.4364 -41.4364 0.0000000 Fc1ccccc1N=Nc1ccc(OCc2ccccc2-c2ccncc2)cc1 1 c1ccc(N=Nc2ccc(OCc3ccccc3-c3ccncc3)cc2)cc1 0.9850399 2.2722 1.0000000 1.0000 1.0000000 1.0000 []
 | 25.8615 60.4881 63.7281 0.9704391 Oc1ccc(N=Nc2ccc(NCCn3ccnc3)cc2)cc1OC1CCN(c2ccccc2)CC1 1 c1ccc(N2CCC(Oc3cccc(N=Nc4ccc(NCCn5ccnc5)cc4)c3)CC2)cc1 0.9704391 2.7256 1.0000000 1.0000 1.0000000 1.0000 []
 | 9.7867 44.3183 81.4758 0.9827665 c1cc(OCCOC2CCCC2)ccc1N=Nc1ccc(N2CCCCCC2)cc1 1 c1cc(OCCOC2CCCC2)ccc1N=Nc1ccc(N2CCCCCC2)cc1 0.9827665 2.3659 1.0000000 1.0000 1.0000000 1.0000 []
 | 11.0015 28.7715 94.5388 0.9633619 O=C(c1ccccc1N=Nc1ccccc1)N1CC(F)(C(=O)NC2CCN(CC3CCCC3)CC2)C1 1 O=C(NC1CCN(CC2CCCC2)CC1)C1CN(C(=O)c2ccccc2N=Nc2ccccc2)C1 0.9633619 2.8702 1.0000000 1.0000 1.0000000 1.0000 []
 | 10.3338 30.0595 91.5782 0.9502945 O=C(C1Cc2ccccc2CN1C(=O)c1ccccc1N=Nc1cccc(O)c1)N1CCCCCC1 1 O=C(C1Cc2ccccc2CN1C(=O)c1ccccc1N=Nc1ccccc1)N1CCCCCC1 0.9502945 3.0778 1.0000000 1.0000 1.0000000 1.0000 []
03:52:50 <INFO> Score: 0.81 Agent NLL: 13.42 Valid: 100% Step: 166
 | Agent Prior Target Score SMILES SMILES_state Scaffold SA SA (raw) Alerts Alerts (raw) PS_Scaffold PS_Scaffold (raw) matchting_patterns (Alerts)
 | 18.2984 47.3168 67.2871 0.8953427 O=C(c1ccccc1N=Nc1cccnc1)N1CCCC(F)(C(=O)N2CCCC(c3ccccc3)CC2)C1 1 O=C(c1ccccc1N=Nc1cccnc1)N1CCCC(C(=O)N2CCCC(c3ccccc3)CC2)C1 0.8953427 3.6017 1.0000000 1.0000 1.0000000 1.0000 []
 | 6.7725 39.5496 -39.5496 0.0000000 c1ccc(N=Nc2ccc(-c3ccc(-c4ccccc4)cc3)cc2)cc1 1 c1ccc(N=Nc2ccc(-c3ccc(-c4ccccc4)cc3)cc2)cc1 0.9949728 1.5553 1.0000000 1.0000 1.0000000 1.0000 []
 | 14.5907 41.3010 84.3053 0.9812990 Brc1ccc(N=Nc2ccccc2)cc1CNCc1cccc2cccnc12 1 c1ccc(N=Nc2cccc(CNCc3cccc4cccnc34)c2)cc1 0.9812990 2.4201 1.0000000 1.0000 1.0000000 1.0000 []
 | 12.1686 40.4447 83.6422 0.9694284 c1ccc(N=Nc2ccc(OCc3ccccc3C3CCCO3)cc2)cc1 1 c1ccc(N=Nc2ccc(OCc3ccccc3C3CCCO3)cc2)cc1 0.9694284 2.7482 1.0000000 1.0000 1.0000000 1.0000 []
 | 7.6553 40.4152 -40.4152 0.0000000 c1ccc(N=Nc2ccc(-c3ccccc3-c3ccccc3)cc2)cc1 1 c1ccc(N=Nc2ccc(-c3ccccc3-c3ccccc3)cc2)cc1 0.9936785 1.7054 1.0000000 1.0000 1.0000000 1.0000 []
 | 10.8372 33.8167 -33.8167 0.0000000 c1ccc(N=Nc2cccc(-c3cnc(N4CCCC4)nc3)c2)cc1 1 c1ccc(N=Nc2cccc(-c3cnc(N4CCCC4)nc3)c2)cc1 0.9840192 2.3159 1.0000000 1.0000 1.0000000 1.0000 []
 | 12.6065 32.5092 93.5805 0.9850754 Fc1cc(N=Nc2ccccc2Cl)ccc1N1CCCCC1 1 c1ccc(N=Nc2ccc(N3CCCCC3)cc2)cc1 0.9850754 2.2706 1.0000000 1.0000 1.0000000 1.0000 []
 | 16.0098 30.1878 94.9104 0.9773300 Fc1ccc(N=Nc2cccc3c2CCC3)cc1Br 1 c1ccc(N=Nc2cccc3c2CCC3)cc1 0.9773300 2.5481 1.0000000 1.0000 1.0000000 1.0000 []
 | 9.8418 35.1020 -35.1020 0.0000000 O=C(c1ccccc1N=Nc1cccc(O)c1)N1CCC(c2ccc(NC(=O)C3(F)CC3)cc2)CC1 1 O=C(Nc1ccc(C2CCN(C(=O)c3ccccc3N=Nc3ccccc3)CC2)cc1)C1CC1 0.9678941 2.7811 1.0000000 1.0000 1.0000000 1.0000 []
 | 17.4648 55.5283 63.4450 0.9294794 c1ccc(OCC2CCCCO2)c(N=Nc2ccc(OC3CCCCNC3)cc2)c1 1 c1ccc(OCC2CCCCO2)c(N=Nc2ccc(OC3CCCCNC3)cc2)c1 0.9294794 3.3201 1.0000000 1.0000 1.0000000 1.0000 []
03:52:53 <INFO> Score: 0.82 Agent NLL: 12.96 Valid: 100% Step: 167
 | Agent Prior Target Score SMILES SMILES_state Scaffold SA SA (raw) Alerts Alerts (raw) PS_Scaffold PS_Scaffold (raw) matchting_patterns (Alerts)
 | 11.2047 29.9926 80.5328 0.8634802 O=C(c1ccccc1N=Nc1ccccc1)N1CC2(CC(CC(=O)N3Cc4ccccc4CC3CO)C2)C1 1 O=C(CC1CC2(C1)CN(C(=O)c1ccccc1N=Nc1ccccc1)C2)N1CCc2ccccc2C1 0.8634802 3.7984 1.0000000 1.0000 1.0000000 1.0000 []
 | 13.5360 25.4963 95.0665 0.9418973 O=C(c1ccccc1N=Nc1ccc(O)cc1)N1CCC(NC(=O)C2(c3ccncc3)CC2)C1 1 O=C(c1ccccc1N=Nc1ccccc1)N1CCC(NC(=O)C2(c3ccncc3)CC2)C1 0.9418973 3.1853 1.0000000 1.0000 1.0000000 1.0000 []
 | 10.4867 45.9863 80.7224 0.9899118 O=C(Cc1ccccc1)Nc1cc(N=Nc2ccccc2)ccc1Cl 1 O=C(Cc1ccccc1)Nc1cccc(N=Nc2ccccc2)c1 0.9899118 2.0123 1.0000000 1.0000 1.0000000 1.0000 []
 | 10.2718 54.0457 70.6148 0.9739096 Fc1ccc(N=Nc2ccccc2)cc1N=Nc1ncccc1-c1ccccc1 1 c1ccc(N=Nc2cccc(N=Nc3ncccc3-c3ccccc3)c2)cc1 0.9739096 2.6419 1.0000000 1.0000 1.0000000 1.0000 []
 | 15.7770 42.3623 83.4236 0.9827027 Clc1cccc(Nc2ccc(N=Nc3ccccc3)cc2)c1CN1CCOCC1 1 c1ccc(N=Nc2ccc(Nc3ccccc3CN3CCOCC3)cc2)cc1 0.9827027 2.3683 1.0000000 1.0000 1.0000000 1.0000 []
 | 13.5759 23.4663 97.4207 0.9444295 O=C(c1ccc(N=Nc2ccccc2)cc1)N1CCC(O)(C(=O)NC2CCOc3ccccc32)CC1 1 O=C(NC1CCOc2ccccc21)C1CCN(C(=O)c2ccc(N=Nc3ccccc3)cc2)CC1 0.9444295 3.1545 1.0000000 1.0000 1.0000000 1.0000 []
 | 11.1804 33.2000 93.0655 0.9864490 Fc1ccc(N=Nc2ccccc2)cc1-c1ccc(CNC2CC2)cc1 1 c1ccc(N=Nc2cccc(-c3ccc(CNC4CC4)cc3)c2)cc1 0.9864490 2.2068 1.0000000 1.0000 1.0000000 1.0000 []
 | 13.3382 57.2663 67.2589 0.9728531 OCc1ccc(N=Nc2ccc(Oc3ccc(NCCN4CCCCCC4)cc3)cc2)o1 1 c1coc(N=Nc2ccc(Oc3ccc(NCCN4CCCCCC4)cc3)cc2)c1 0.9728531 2.6685 1.0000000 1.0000 1.0000000 1.0000 []
 | 19.1113 46.3506 79.4093 0.9824994 O=Cc1cccc(Nc2ccc(CN=Nc3ccc(F)cc3)cc2)c1 1 c1ccc(N=NCc2ccc(Nc3ccccc3)cc2)cc1 0.9824994 2.3761 1.0000000 1.0000 1.0000000 1.0000 []
 | 13.0680 34.3069 91.7665 0.9849487 Brc1cccc(N=Nc2ccc(OCCN3CCOCC3)cc2)c1 1 c1ccc(N=Nc2ccc(OCCN3CCOCC3)cc2)cc1 0.9849487 2.2762 1.0000000 1.0000 1.0000000 1.0000 []
03:52:56 <INFO> Score: 0.84 Agent NLL: 13.07 Valid: 100% Step: 168
 | Agent Prior Target Score SMILES SMILES_state Scaffold SA SA (raw) Alerts Alerts (raw) PS_Scaffold PS_Scaffold (raw) matchting_patterns (Alerts)
 | 5.7918 44.3811 -44.3811 0.0000000 O=C(Nc1ccccc1)c1ccc(N=Nc2ccccc2)cc1 1 O=C(Nc1ccccc1)c1ccc(N=Nc2ccccc2)cc1 0.9928619 1.7850 1.0000000 1.0000 1.0000000 1.0000 []
 | 11.7720 37.0008 -37.0008 0.0000000 O=C(c1ccccc1N=Nc1ccncc1)N1CCC(F)(C(=O)N2CCCCCCC2)CC1 1 O=C(c1ccccc1N=Nc1ccncc1)N1CCC(C(=O)N2CCCCCCC2)CC1 0.0000000 0.0000 0.0000000 0.0000 0.0000000 0.0000 ['[*;r8]']
 | 15.2476 33.2478 91.4832 0.9744614 Fc1cccc(N=Nc2ccc(NCc3cn4ccccc4n3)c(F)c2)c1 1 c1ccc(N=Nc2ccc(NCc3cn4ccccc4n3)cc2)cc1 0.9744614 2.6276 1.0000000 1.0000 1.0000000 1.0000 []
 | 10.3211 25.9949 97.8703 0.9676963 O=C(c1ccc(N=Nc2ccccc2)cc1)N1CC(O)(C(=O)Nc2ccc(N=Nc3ccccc3)cc2)C1 1 O=C(Nc1ccc(N=Nc2ccccc2)cc1)C1CN(C(=O)c2ccc(N=Nc3ccccc3)cc2)C1 0.9676963 2.7853 1.0000000 1.0000 1.0000000 1.0000 []
 | 18.5905 62.2854 62.1519 0.9721662 COC(C)(C)c1cncc(N=Nc2cccc(C(=O)NCc3ccccc3)c2C)c1 1 O=C(NCc1ccccc1)c1cccc(N=Nc2cccnc2)c1 0.9721662 2.6852 1.0000000 1.0000 1.0000000 1.0000 []
 | 17.5627 35.1728 89.9112 0.9772189 O=C(c1ccccc1N=Nc1ccc(O)cc1)N(c1ccccc1)C1CCOCC1 1 O=C(c1ccccc1N=Nc1ccccc1)N(c1ccccc1)C1CCOCC1 0.9772189 2.5514 1.0000000 1.0000 1.0000000 1.0000 []
 | 12.5997 55.9854 70.6069 0.9890028 O=C(Cc1ccccc1)Nc1cccc(N=Nc2cccc(F)c2)c1 1 O=C(Cc1ccccc1)Nc1cccc(N=Nc2ccccc2)c1 0.9890028 2.0691 1.0000000 1.0000 1.0000000 1.0000 []
 | 10.0997 40.5796 85.7913 0.9872725 Fc1ccccc1N=Nc1ccc(-c2ccc(CN3CCCCCC3)cc2)cc1 1 c1ccc(N=Nc2ccc(-c3ccc(CN4CCCCCC4)cc3)cc2)cc1 0.9872725 2.1655 1.0000000 1.0000 1.0000000 1.0000 []
 | 13.8539 44.3562 -44.3562 0.0000000 COc1ccccc1N=Nc1ccc(-c2ccco2)c(F)c1 1 c1ccc(N=Nc2ccc(-c3ccco3)cc2)cc1 0.9831094 2.3526 1.0000000 1.0000 1.0000000 1.0000 []
 | 19.0646 52.2801 70.8026 0.9615829 O=C(c1ccccc1N=Nc1ccccn1)N1CC(F)(C(=O)Nc2ccc(OC(F)F)cc2)C1 1 O=C(Nc1ccccc1)C1CN(C(=O)c2ccccc2N=Nc2ccccn2)C1 0.9615829 2.9023 1.0000000 1.0000 1.0000000 1.0000 []
03:52:57 <INFO> Score: 0.85 Agent NLL: 13.33 Valid: 100% Step: 169
 | Agent Prior Target Score SMILES SMILES_state Scaffold SA SA (raw) Alerts Alerts (raw) PS_Scaffold PS_Scaffold (raw) matchting_patterns (Alerts)
 | 18.6568 38.9839 86.8565 0.9831278 O=C(CCN1CCCCCC1)c1ccc(N=Nc2ccc(F)cc2)cc1Cl 1 O=C(CCN1CCCCCC1)c1ccc(N=Nc2ccccc2)cc1 0.9831278 2.3518 1.0000000 1.0000 1.0000000 1.0000 []
 | 12.1055 32.8900 -32.8900 0.0000000 O=C(c1ccccc1N=Nc1ccccc1)N1CCC(NC(=O)C2(F)CC2)(C(=O)OCc2ccccc2)CC1 1 O=C(NC1(C(=O)OCc2ccccc2)CCN(C(=O)c2ccccc2N=Nc2ccccc2)CC1)C1CC1 0.9608551 2.9150 1.0000000 1.0000 1.0000000 1.0000 []
 | 12.1815 36.5458 82.9261 0.9333736 O=C(c1ccccc1N=Nc1ccncc1)N1CC(O)(C(=O)N2CCCC(c3ccccc3)CC2)C1 1 O=C(c1ccccc1N=Nc1ccncc1)N1CC(C(=O)N2CCCC(c3ccccc3)CC2)C1 0.9333736 3.2804 1.0000000 1.0000 1.0000000 1.0000 []
 | 11.6227 51.6060 74.4328 0.9846779 Oc1ccccc1N1CCN(Cc2ccc(N=Nc3ccccc3-c3ccccc3)cc2)CC1 1 c1ccc(-c2ccccc2N=Nc2ccc(CN3CCN(c4ccccc4)CC3)cc2)cc1 0.9846779 2.2880 1.0000000 1.0000 1.0000000 1.0000 []
 | 14.3886 23.3307 94.2307 0.9184483 O=C(c1ccc(N=Nc2ccccc2)cc1)N1CC(O)C(NC(=O)C2(c3ccccc3F)CCC2)C1 1 O=C(c1ccc(N=Nc2ccccc2)cc1)N1CCC(NC(=O)C2(c3ccccc3)CCC2)C1 0.9184483 3.4226 1.0000000 1.0000 1.0000000 1.0000 []
 | 11.4947 42.0918 84.4730 0.9887878 c1ccc(-c2cccc(N=Nc3ccc(CN4CCCCCC4)cc3)c2)cc1 1 c1ccc(-c2cccc(N=Nc3ccc(CN4CCCCCC4)cc3)c2)cc1 0.9887878 2.0819 1.0000000 1.0000 1.0000000 1.0000 []
 | 14.7433 25.6814 99.0189 0.9742203 O=C(c1ccccc1N=Nc1ccc(O)cc1)N1CCC(C(=O)N2CCc3ccc(O)cc3C2)CC1 1 O=C(c1ccccc1N=Nc1ccccc1)N1CCC(C(=O)N2CCc3ccccc3C2)CC1 0.9742203 2.6339 1.0000000 1.0000 1.0000000 1.0000 []
 | 11.6009 32.1574 90.0988 0.9551265 OCC1Cc2ccccc2CN1Cc1cc(N=Nc2ccccc2)ccc1O 1 c1ccc(N=Nc2cccc(CN3CCc4ccccc4C3)c2)cc1 0.9551265 3.0079 1.0000000 1.0000 1.0000000 1.0000 []
 | 17.9119 38.1085 86.9395 0.9769377 Fc1ccc(N=Nc2ccc(F)c(Nc3cccc(-c4ncc[nH]4)c3)c2)cc1 1 c1ccc(N=Nc2cccc(Nc3cccc(-c4ncc[nH]4)c3)c2)cc1 0.9769377 2.5596 1.0000000 1.0000 1.0000000 1.0000 []
 | 11.0063 36.5982 86.0748 0.9583831 c1ccc(N=Nc2ccc(N3CCCC3c3nccs3)cc2)cc1 1 c1ccc(N=Nc2ccc(N3CCCC3c3nccs3)cc2)cc1 0.9583831 2.9566 1.0000000 1.0000 1.0000000 1.0000 []
03:53:54 <INFO> Score: 0.76 Agent NLL: 12.38 Valid: 100% Step: 170
 | Agent Prior Target Score SMILES SMILES_state Scaffold SA SA (raw) Alerts Alerts (raw) PS_Scaffold PS_Scaffold (raw) matchting_patterns (Alerts)
 | 20.3123 49.1857 75.3951 0.9732874 Brc1nccc(COc2ccc(N=Nc3ccc(N4CCOCC4)cc3)cc2)n1 1 c1cc(COc2ccc(N=Nc3ccc(N4CCOCC4)cc3)cc2)ncn1 0.9732874 2.6577 1.0000000 1.0000 1.0000000 1.0000 []
 | 12.8030 27.6213 95.0481 0.9583542 O=C(c1ccccc1N=Nc1ccccc1)N1CC(F)(C(=O)NC2(CO)CCC2)C1 1 O=C(NC1CCC1)C1CN(C(=O)c2ccccc2N=Nc2ccccc2)C1 0.9583542 2.9571 1.0000000 1.0000 1.0000000 1.0000 []
 | 8.1370 39.9383 86.7599 0.9898293 Fc1ccc(N=Nc2ccccc2)cc1-c1ccc(-c2ccccc2)cc1 1 c1ccc(N=Nc2cccc(-c3ccc(-c4ccccc4)cc3)c2)cc1 0.9898293 2.0177 1.0000000 1.0000 1.0000000 1.0000 []
 | 7.2739 49.2149 -49.2149 0.0000000 c1ccc(N=Nc2cccc(Oc3ccccc3)c2)cc1 1 c1ccc(N=Nc2cccc(Oc3ccccc3)c2)cc1 0.9914390 1.9044 1.0000000 1.0000 1.0000000 1.0000 []
 | 6.7457 35.1986 -35.1986 0.0000000 Cc1c(N=Nc2ccccc2)cccc1C(=O)Nc1ccccc1 1 O=C(Nc1ccccc1)c1cccc(N=Nc2ccccc2)c1 0.9904786 1.9743 1.0000000 1.0000 1.0000000 1.0000 []
 | 9.2122 35.3165 91.4385 0.9902732 c1ccc(N=Nc2ccc(N3CCCCCC3)cc2)cc1 1 c1ccc(N=Nc2ccc(N3CCCCCC3)cc2)cc1 0.9902732 1.9883 1.0000000 1.0000 1.0000000 1.0000 []
 | 10.7458 36.3565 90.0670 0.9876831 Clc1ccccc1N=Nc1ccc(-c2cccc(CN3CCCC3)c2)cc1 1 c1ccc(N=Nc2ccc(-c3cccc(CN4CCCC4)c3)cc2)cc1 0.9876831 2.1438 1.0000000 1.0000 1.0000000 1.0000 []
 | 10.2712 47.6060 78.3960 0.9843906 O=C(Oc1ccc(N=Nc2ccc(N3CCCCCC3)cc2)cc1)c1ccncc1 1 O=C(Oc1ccc(N=Nc2ccc(N3CCCCCC3)cc2)cc1)c1ccncc1 0.9843906 2.3003 1.0000000 1.0000 1.0000000 1.0000 []
 | 14.1087 25.9714 90.7045 0.9115311 O=C(c1ccccc1N=Nc1ccc(O)cc1)N1CC(F)(C(=O)N(C2CC2)C2CCc3ccccc32)C1 1 O=C(c1ccccc1N=Nc1ccccc1)N1CC(C(=O)N(C2CC2)C2CCc3ccccc32)C1 0.9115311 3.4805 1.0000000 1.0000 1.0000000 1.0000 []
 | 14.0321 37.0272 -37.0272 0.0000000 OCc1cccc(-c2ccc(N=Nc3ccccc3Cl)cc2)n1 1 c1ccc(N=Nc2ccc(-c3ccccn3)cc2)cc1 0.9843368 2.3026 1.0000000 1.0000 1.0000000 1.0000 []
03:53:55 <INFO> Sampled SMILES Fc1ccc(N=Nc2ncccc2C2CC2)cc1COc1cccc(N=Nc2cccNc2)c1 failed to sanitize.
03:53:56 <INFO> Score: 0.81 Agent NLL: 13.10 Valid:  99% Step: 171
 | Agent Prior Target Score SMILES SMILES_state Scaffold SA SA (raw) Alerts Alerts (raw) PS_Scaffold PS_Scaffold (raw) matchting_patterns (Alerts)
 | 11.6094 40.6114 84.9178 0.9806975 c1ncc(COc2ccc(N=Nc3ccc(N4CCOCC4)cc3)cc2)cn1 1 c1ncc(COc2ccc(N=Nc3ccc(N4CCOCC4)cc3)cc2)cn1 0.9806975 2.4411 1.0000000 1.0000 1.0000000 1.0000 []
 | 17.1050 52.9990 72.8474 0.9831749 c1cncc(N=Nc2ccc(-c3ccc(-c4ccc(OC5CCCCC5)cc4)cc3)cc2)c1 1 c1cncc(N=Nc2ccc(-c3ccc(-c4ccc(OC5CCCCC5)cc4)cc3)cc2)c1 0.9831749 2.3500 1.0000000 1.0000 1.0000000 1.0000 []
 | 16.9172 72.1926 -72.1926 0.0000000 c1cc(OC2CCNCCCO2)ccc1N=Nc1ccc(N2CCCCCC2)cc1 1 c1cc(OC2CCNCCCO2)ccc1N=Nc1ccc(N2CCCCCC2)cc1 0.0000000 0.0000 0.0000000 0.0000 0.0000000 0.0000 ['[*;r8]']
 | 12.4737 43.5417 82.9392 0.9881322 O=C(COCc1ccccc1)Nc1ccc(N=Nc2cccc(F)c2)cc1 1 O=C(COCc1ccccc1)Nc1ccc(N=Nc2ccccc2)cc1 0.9881322 2.1193 1.0000000 1.0000 1.0000000 1.0000 []
 | 9.8842 44.5024 -44.5024 0.0000000 O=C(Cc1ccccc1)NCc1ccc(N=Nc2ccc(Cl)cc2)cc1 1 O=C(Cc1ccccc1)NCc1ccc(N=Nc2ccccc2)cc1 0.9904174 1.9785 1.0000000 1.0000 1.0000000 1.0000 []
 | 11.8312 40.8318 84.0064 0.9752983 Fc1ccc(N=Nc2ccccc2)cc1NCc1ccccc1C1OCCCO1 1 c1ccc(N=Nc2cccc(NCc3ccccc3C3OCCCO3)c2)cc1 0.9752983 2.6054 1.0000000 1.0000 1.0000000 1.0000 []
 | 14.9503 41.2794 84.3073 0.9811461 c1cnn(COc2ccc(N=Nc3ccc(CN4CCCCCC4)cc3)cc2)c1 1 c1cnn(COc2ccc(N=Nc3ccc(CN4CCCCCC4)cc3)cc2)c1 0.9811461 2.4255 1.0000000 1.0000 1.0000000 1.0000 []
 | 19.6453 71.5121 52.7934 0.9711362 CCN(CC)C1CCN(Cc2cccc(N=Nc3ccccc3-n3cccc3)c2)CC1 1 c1cc(CN2CCCCC2)cc(N=Nc2ccccc2-n2cccc2)c1 0.9711362 2.7096 1.0000000 1.0000 1.0000000 1.0000 []
 | 17.4287 43.9582 80.6370 0.9733998 Fc1ccccc1N=Nc1ccc(F)c(-c2cccnc2CNC2CCCCC2)c1 1 c1ccc(N=Nc2cccc(-c3cccnc3CNC3CCCCC3)c2)cc1 0.9733998 2.6549 1.0000000 1.0000 1.0000000 1.0000 []
 | 23.2236 49.5891 70.2345 0.9361222 c1ccc(C(OCCN2CCOCC2)Oc2ccc(N=Nc3ncccn3)cc2)cc1 1 c1ccc(C(OCCN2CCOCC2)Oc2ccc(N=Nc3ncccn3)cc2)cc1 0.9361222 3.2510 1.0000000 1.0000 1.0000000 1.0000 []
03:53:58 <INFO> Score: 0.78 Agent NLL: 13.09 Valid:  99% Step: 172
 | Agent Prior Target Score SMILES SMILES_state Scaffold SA SA (raw) Alerts Alerts (raw) PS_Scaffold PS_Scaffold (raw) matchting_patterns (Alerts)
 | 10.6084 29.0414 -29.0414 0.0000000 O=C(c1ccccc1N=Nc1ccccc1)N1CCC(F)(C(=O)Nc2cc(F)ccc2O)CC1 1 O=C(Nc1ccccc1)C1CCN(C(=O)c2ccccc2N=Nc2ccccc2)CC1 0.9693662 2.7496 1.0000000 1.0000 1.0000000 1.0000 []
 | 20.7751 56.6478 68.3760 0.9767483 COc1ccc(N=Nc2ccc(CNCCNc3ccc(C(F)(F)F)cc3)cc2)nc1 1 c1ccc(NCCNCc2ccc(N=Nc3ccccn3)cc2)cc1 0.9767483 2.5650 1.0000000 1.0000 1.0000000 1.0000 []
 | 11.6188 37.1980 -37.1980 0.0000000 Oc1ccc(CCNCc2ccc(N=Nc3cccc(Cl)c3)cc2)cc1 1 c1ccc(CCNCc2ccc(N=Nc3ccccc3)cc2)cc1 0.9867818 2.1904 1.0000000 1.0000 1.0000000 1.0000 []
 | 17.9018 41.5214 84.4051 0.9838010 c1ccc(N2CCN(CCOc3ccc(N=Nc4ccc5ncccc5c4)cc3)CC2)cc1 1 c1ccc(N2CCN(CCOc3ccc(N=Nc4ccc5ncccc5c4)cc3)CC2)cc1 0.9838010 2.3249 1.0000000 1.0000 1.0000000 1.0000 []
 | 7.3775 42.8815 -42.8815 0.0000000 c1cc(OC2CCCCC2)ccc1N=Nc1ccc(N2CCCCCC2)cc1 1 c1cc(OC2CCCCC2)ccc1N=Nc1ccc(N2CCCCCC2)cc1 0.9848603 2.2801 1.0000000 1.0000 1.0000000 1.0000 []
 | 12.9797 48.2016 76.3803 0.9732958 Oc1ccccc1N=Nc1cccc(N=Nc2ccc(N3CCOCC3)cc2)c1 1 c1ccc(N=Nc2cccc(N=Nc3ccc(N4CCOCC4)cc3)c2)cc1 0.9732958 2.6575 1.0000000 1.0000 1.0000000 1.0000 []
 | 16.2866 29.8033 89.4996 0.9320533 O=C(CC1CCN(C(=O)c2ccccc2N=Nc2cccc(O)c2)CC1)N1CCC2(CC1)COC2 1 O=C(CC1CCN(C(=O)c2ccccc2N=Nc2ccccc2)CC1)N1CCC2(CC1)COC2 0.9320533 3.2941 1.0000000 1.0000 1.0000000 1.0000 []
 | 13.2457 27.1237 93.3175 0.9409472 O=C(c1ccccc1N=Nc1cccc(O)c1)N1CCC(C(=O)N2CC=CCC2)C1 1 O=C(c1ccccc1N=Nc1ccccc1)N1CCC(C(=O)N2CC=CCC2)C1 0.9409472 3.1965 1.0000000 1.0000 1.0000000 1.0000 []
 | 11.0893 41.9451 83.5484 0.9804178 Oc1ccc(N=Nc2ccccc2)cc1-c1cc(N=Nc2ccccc2)ccc1O 1 c1ccc(N=Nc2cccc(-c3cccc(N=Nc4ccccc4)c3)c2)cc1 0.9804178 2.4507 1.0000000 1.0000 1.0000000 1.0000 []
 | 10.7197 37.5072 88.8247 0.9869680 c1ccc(N=Nc2ccc(OC3CCC(c4ccccc4)CC3)cc2)cc1 1 c1ccc(N=Nc2ccc(OC3CCC(c4ccccc4)CC3)cc2)cc1 0.9869680 2.1811 1.0000000 1.0000 1.0000000 1.0000 []
03:54:03 <INFO> Score: 0.83 Agent NLL: 13.32 Valid: 100% Step: 173
 | Agent Prior Target Score SMILES SMILES_state Scaffold SA SA (raw) Alerts Alerts (raw) PS_Scaffold PS_Scaffold (raw) matchting_patterns (Alerts)
 | 14.2820 65.1399 59.8794 0.9767132 OCCc1ccc(N=Nc2cccc(-c3ccccc3C3CCCCC3)c2)cn1 1 c1cncc(N=Nc2cccc(-c3ccccc3C3CCCCC3)c2)c1 0.9767132 2.5660 1.0000000 1.0000 1.0000000 1.0000 []
 | 10.0561 34.0237 92.3058 0.9869490 Fc1ccc(N=Nc2ccccc2)cc1N1CCCC1 1 c1ccc(N=Nc2cccc(N3CCCC3)c2)cc1 0.9869490 2.1820 1.0000000 1.0000 1.0000000 1.0000 []
 | 14.1476 47.5951 77.9955 0.9811760 Oc1ccc(C=Nc2ccccc2)cc1-c1ccc(N=Nc2ccc(F)cc2)cc1 1 C(=Nc1ccccc1)c1cccc(-c2ccc(N=Nc3ccccc3)cc2)c1 0.9811760 2.4244 1.0000000 1.0000 1.0000000 1.0000 []
 | 15.6852 42.6577 -42.6577 0.0000000 O=Cc1ccc(N=Nc2ccc(-c3ccc(CN4CCC4)cc3)cc2)cc1 1 c1ccc(N=Nc2ccc(-c3ccc(CN4CCC4)cc3)cc2)cc1 0.9869250 2.1832 1.0000000 1.0000 1.0000000 1.0000 []
 | 7.9597 43.7978 -43.7978 0.0000000 c1cc(N=Nc2ccc(N3CCCCCC3)cc2)ccc1CN1CCCNCC1 1 c1cc(N=Nc2ccc(N3CCCCCC3)cc2)ccc1CN1CCCNCC1 0.9832597 2.3466 1.0000000 1.0000 1.0000000 1.0000 []
 | 10.6671 26.0125 100.0820 0.9851134 O=C(c1cc(N=Nc2ccccc2)ccc1O)N1CCC(c2ccccc2)CC1 1 O=C(c1cccc(N=Nc2ccccc2)c1)N1CCC(c2ccccc2)CC1 0.9851134 2.2690 1.0000000 1.0000 1.0000000 1.0000 []
 | 9.7694 34.5304 -34.5304 0.0000000 Fc1cc(N=Nc2ccccc2)ccc1OCCNc1ccccc1 1 c1ccc(N=Nc2ccc(OCCNc3ccccc3)cc2)cc1 0.9877903 2.1381 1.0000000 1.0000 1.0000000 1.0000 []
 | 12.0174 29.2514 96.3753 0.9814591 O=C(c1cccc(N2CCN(C(=O)c3ccccc3N=Nc3ccccc3)CC2)c1)N1CCOCC1 1 O=C(c1cccc(N2CCN(C(=O)c3ccccc3N=Nc3ccccc3)CC2)c1)N1CCOCC1 0.9814591 2.4144 1.0000000 1.0000 1.0000000 1.0000 []
 | 17.1349 42.3254 80.2277 0.9574465 Clc1ccccc1N=Nc1ccc(CN2CSCC2c2ccccc2)cc1 1 c1ccc(N=Nc2ccc(CN3CSCC3c3ccccc3)cc2)cc1 0.9574465 2.9717 1.0000000 1.0000 1.0000000 1.0000 []
 | 13.1586 38.4466 87.9271 0.9872940 c1ccc(OCCCCOc2ccc(N=Nc3ccncc3)cc2)cc1 1 c1ccc(OCCCCOc2ccc(N=Nc3ccncc3)cc2)cc1 0.9872940 2.1643 1.0000000 1.0000 1.0000000 1.0000 []
03:54:05 <INFO> Score: 0.72 Agent NLL: 12.56 Valid: 100% Step: 174
 | Agent Prior Target Score SMILES SMILES_state Scaffold SA SA (raw) Alerts Alerts (raw) PS_Scaffold PS_Scaffold (raw) matchting_patterns (Alerts)
 | 6.6283 33.7241 -33.7241 0.0000000 c1ccc(N=Nc2ccc(OCCOc3ccccc3)cc2)cc1 1 c1ccc(N=Nc2ccc(OCCOc3ccccc3)cc2)cc1 0.9918458 1.8724 1.0000000 1.0000 1.0000000 1.0000 []
 | 19.8552 56.4874 68.2747 0.9747040 C1=CCCN(Cc2cccc(N=Nc3ccc(CCN4CCOCC4)cc3)c2)CC1 1 C1=CCCN(Cc2cccc(N=Nc3ccc(CCN4CCOCC4)cc3)c2)CC1 0.9747040 2.6213 1.0000000 1.0000 1.0000000 1.0000 []
 | 11.3327 27.6041 96.4481 0.9691576 O=C(c1ccccc1N=Nc1ccccc1)N1CC(F)(C(=O)Nc2ccc(-c3ncccn3)cc2)C1 1 O=C(Nc1ccc(-c2ncccn2)cc1)C1CN(C(=O)c2ccccc2N=Nc2ccccc2)C1 0.9691576 2.7541 1.0000000 1.0000 1.0000000 1.0000 []
 | 10.5894 42.9360 83.2086 0.9855047 Fc1ccc(N=Nc2ccccc2)cc1Nc1ccc(N2CCCCCC2)cc1 1 c1ccc(N=Nc2cccc(Nc3ccc(N4CCCCCC4)cc3)c2)cc1 0.9855047 2.2514 1.0000000 1.0000 1.0000000 1.0000 []
 | 13.5739 42.3825 83.4568 0.9831201 c1ccc(CN2CCC(Oc3ccc(N=Nc4ccc5ncccc5c4)cc3)CC2)cc1 1 c1ccc(CN2CCC(Oc3ccc(N=Nc4ccc5ncccc5c4)cc3)CC2)cc1 0.9831201 2.3521 1.0000000 1.0000 1.0000000 1.0000 []
 | 12.8442 35.5149 90.5231 0.9846718 c1cc(CN2CCCCCC2)cc(N=Nc2ccc(N3CCOCC3)cc2)c1 1 c1cc(CN2CCCCCC2)cc(N=Nc2ccc(N3CCOCC3)cc2)c1 0.9846718 2.2883 1.0000000 1.0000 1.0000000 1.0000 []
 | 6.1444 41.0710 -41.0710 0.0000000 c1ccc(N=Nc2ccc(Oc3cccc(-c4ccccc4)c3)cc2)cc1 1 c1ccc(N=Nc2ccc(Oc3cccc(-c4ccccc4)c3)cc2)cc1 0.9909014 1.9444 1.0000000 1.0000 1.0000000 1.0000 []
 | 12.2222 51.7548 73.6271 0.9795463 c1ccc(N=Nc2cccc(C3=NCCC3)c2)cc1 1 c1ccc(N=Nc2cccc(C3=NCCC3)c2)cc1 0.9795463 2.4796 1.0000000 1.0000 1.0000000 1.0000 []
 | 14.6236 36.9350 89.6195 0.9887065 Fc1ccc(CNc2cccc(N=Nc3ccc(F)cc3)c2)cc1 1 c1ccc(CNc2cccc(N=Nc3ccccc3)c2)cc1 0.9887065 2.0866 1.0000000 1.0000 1.0000000 1.0000 []
 | 14.0408 57.5577 65.3616 0.9603068 Fc1ccc(N=Nc2ccnnc2)cc1CNc1cccc(N=Nc2ccccc2)c1 1 c1ccc(N=Nc2cccc(NCc3cccc(N=Nc4ccnnc4)c3)c2)cc1 0.9603068 2.9245 1.0000000 1.0000 1.0000000 1.0000 []
03:54:52 <INFO> Sampled SMILES Fc1ccc(N=Nc2ccccc2Br)cc1N1CCC(N=N2CCCC2)CC1 failed to sanitize.
03:54:54 <INFO> Score: 0.74 Agent NLL: 12.53 Valid:  98% Step: 175
 | Agent Prior Target Score SMILES SMILES_state Scaffold SA SA (raw) Alerts Alerts (raw) PS_Scaffold PS_Scaffold (raw) matchting_patterns (Alerts)
 | 6.2576 38.1895 -38.1895 0.0000000 c1ccc(N=Nc2ccc(OCc3ccc(-c4ccccc4)cc3)cc2)cc1 1 c1ccc(N=Nc2ccc(OCc3ccc(-c4ccccc4)cc3)cc2)cc1 0.9914296 1.9051 1.0000000 1.0000 1.0000000 1.0000 []
 | 13.2539 37.2242 85.1422 0.9559875 O=C(C1=CCN(C(=O)c2ccccc2N=Nc2cccc(O)c2)CC1)N(Cc1ccccn1)Cc1ccccn1 1 O=C(C1=CCN(C(=O)c2ccccc2N=Nc2ccccc2)CC1)N(Cc1ccccn1)Cc1ccccn1 0.9559875 2.9947 1.0000000 1.0000 1.0000000 1.0000 []
 | 10.1248 48.4801 75.9920 0.9724385 c1ccc(N=Nc2cccc(N=Nc3ccccc3-n3cccc3)c2)cc1 1 c1ccc(N=Nc2cccc(N=Nc3ccccc3-n3cccc3)c2)cc1 0.9724385 2.6787 1.0000000 1.0000 1.0000000 1.0000 []
 | 18.2318 53.0482 -53.0482 0.0000000 Fc1cc(N=Nc2ccccc2Cl)ccc1NC(=O)c1ccccc1)c1ccccc1 0 -- 0.0000000 0.0000 0.0000000 0.0000 0.0000000 0.0000 None
 | 9.9015 35.4961 90.1074 0.9812772 Fc1cc(N=Nc2ccccc2)ccc1OCCCn1cccc1 1 c1ccc(N=Nc2ccc(OCCCn3cccc3)cc2)cc1 0.9812772 2.4209 1.0000000 1.0000 1.0000000 1.0000 []
 | 13.8041 40.4282 84.3722 0.9750032 Fc1ccc(N=Nc2ccc(OCn3ccc(Br)c3)cc2)cc1 1 c1ccc(N=Nc2ccc(OCn3cccc3)cc2)cc1 0.9750032 2.6133 1.0000000 1.0000 1.0000000 1.0000 []
 | 12.7198 47.8350 77.9739 0.9828823 c1cncc(N=Nc2cccc(Nc3ccccc3N3CCC3)c2)c1 1 c1cncc(N=Nc2cccc(Nc3ccccc3N3CCC3)c2)c1 0.9828823 2.3614 1.0000000 1.0000 1.0000000 1.0000 []
 | 10.2978 41.1905 -41.1905 0.0000000 O=c1[nH]c2ccccc2cc1C1CCN(c2ccc(N=Nc3ccccc3)cc2)CC1 1 O=c1[nH]c2ccccc2cc1C1CCN(c2ccc(N=Nc3ccccc3)cc2)CC1 0.9816452 2.4077 1.0000000 1.0000 1.0000000 1.0000 []
 | 9.6027 47.6578 76.6067 0.9708164 Fc1ccc(N=Nc2ccccc2)cc1N=Nc1ccc(N2CCCCC2)nc1 1 c1ccc(N=Nc2cccc(N=Nc3ccc(N4CCCCC4)nc3)c2)cc1 0.9708164 2.7170 1.0000000 1.0000 1.0000000 1.0000 []
 | 8.7414 49.0720 -49.0720 0.0000000 O=C(NCc1ccccc1)c1ccc(N=Nc2ccc(Oc3ccccc3)cc2)cc1 1 O=C(NCc1ccccc1)c1ccc(N=Nc2ccc(Oc3ccccc3)cc2)cc1 0.9901345 1.9976 1.0000000 1.0000 1.0000000 1.0000 []
03:54:54 <INFO> Sampled SMILES Fc1ccNcc1-c1ccccc1N=Nc1ccccc1 failed to sanitize.
03:54:56 <INFO> Score: 0.75 Agent NLL: 12.70 Valid:  96% Step: 176
 | Agent Prior Target Score SMILES SMILES_state Scaffold SA SA (raw) Alerts Alerts (raw) PS_Scaffold PS_Scaffold (raw) matchting_patterns (Alerts)
 | 13.0511 35.3102 89.7322 0.9768941 Fc1ccc(N=Nc2ccccn2)cc1-c1cccc(N2CCCC2)n1 1 c1ccc(N=Nc2cccc(-c3cccc(N4CCCC4)n3)c2)nc1 0.9768941 2.5608 1.0000000 1.0000 1.0000000 1.0000 []
 | 8.0511 30.9759 92.3559 0.9635293 O=C(c1ccccc1N=Nc1ccccc1)N1CC(F)(C(=O)Nc2ccc(N=Nc3ccccc3)cc2)C1 1 O=C(Nc1ccc(N=Nc2ccccc2)cc1)C1CN(C(=O)c2ccccc2N=Nc2ccccc2)C1 0.9635293 2.8671 1.0000000 1.0000 1.0000000 1.0000 []
 | 8.7988 34.6096 91.1153 0.9822261 c1cc(OC2CCOCC2)ccc1N=Nc1ccc(N2CCCCCC2)cc1 1 c1cc(OC2CCOCC2)ccc1N=Nc1ccc(N2CCCCCC2)cc1 0.9822261 2.3864 1.0000000 1.0000 1.0000000 1.0000 []
 | 10.8652 50.5994 74.3259 0.9759794 Fc1ccc(N=Nc2ccccc2)cc1N=Nc1ccc(C2CCC2)cc1 1 c1ccc(N=Nc2cccc(N=Nc3ccc(C4CCC4)cc3)c2)cc1 0.9759794 2.5867 1.0000000 1.0000 1.0000000 1.0000 []
 | 17.6846 50.1166 75.1210 0.9784192 OCc1ccc(N2CCC(COc3ccc(N=Nc4ccccc4)cc3)CC2)nn1 1 c1ccc(N=Nc2ccc(OCC3CCN(c4cccnn4)CC3)cc2)cc1 0.9784192 2.5153 1.0000000 1.0000 1.0000000 1.0000 []
 | 8.1636 43.4885 -43.4885 0.0000000 O=C(CCc1ccccc1)Nc1ccc(N=Nc2ccccc2)cc1 1 O=C(CCc1ccccc1)Nc1ccc(N=Nc2ccccc2)cc1 0.9917836 1.8774 1.0000000 1.0000 1.0000000 1.0000 []
 | 10.2960 27.8801 -27.8801 0.0000000 O=C(c1ccccc1N=Nc1cccc(O)c1)N1CC(F)(C(=O)Nc2ccc3occc3c2)C1 1 O=C(Nc1ccc2occc2c1)C1CN(C(=O)c2ccccc2N=Nc2ccccc2)C1 0.9581896 2.9597 1.0000000 1.0000 1.0000000 1.0000 []
 | 14.5594 51.7077 74.2579 0.9841064 Clc1ccc(N=Nc2cccc(CN(c3ccccc3)C3CCC3)c2)cc1 1 c1ccc(N=Nc2cccc(CN(c3ccccc3)C3CCC3)c2)cc1 0.9841064 2.3123 1.0000000 1.0000 1.0000000 1.0000 []
 | 8.7559 41.1092 85.3054 0.9876143 c1ccc(-c2cccc(Oc3ccc(N=Nc4ccncc4)cc3)c2)cc1 1 c1ccc(-c2cccc(Oc3ccc(N=Nc4ccncc4)cc3)c2)cc1 0.9876143 2.1475 1.0000000 1.0000 1.0000000 1.0000 []
 | 10.8389 42.4344 82.6989 0.9776046 Fc1ccc(N=Nc2ccccc2)cc1-c1ccc(CN=Nc2ccccc2)cc1 1 c1ccc(N=NCc2ccc(-c3cccc(N=Nc4ccccc4)c3)cc2)cc1 0.9776046 2.5400 1.0000000 1.0000 1.0000000 1.0000 []
03:54:57 <INFO> Score: 0.82 Agent NLL: 13.41 Valid:  99% Step: 177
 | Agent Prior Target Score SMILES SMILES_state Scaffold SA SA (raw) Alerts Alerts (raw) PS_Scaffold PS_Scaffold (raw) matchting_patterns (Alerts)
 | 10.5251 39.9950 86.0984 0.9851051 Brc1cccc(N=Nc2ccc(CN3Cc4ccccc4C3)cc2)c1 1 c1ccc(N=Nc2ccc(CN3Cc4ccccc4C3)cc2)cc1 0.9851051 2.2693 1.0000000 1.0000 1.0000000 1.0000 []
 | 15.1818 41.6348 82.1423 0.9670085 Fc1ccc(N2CCCCC=N2)cc1CNC1CCN(c2ccncc2)CC1 1 C1=NN(c2cccc(CNC3CCN(c4ccncc4)CC3)c2)CCCC1 0.9670085 2.7995 1.0000000 1.0000 1.0000000 1.0000 []
 | 10.8283 43.4212 82.5402 0.9840735 O=C(Nc1ccccc1)c1ccc(N=Nc2ccnc(N3CCOCC3)c2)cc1 1 O=C(Nc1ccccc1)c1ccc(N=Nc2ccnc(N3CCOCC3)c2)cc1 0.9840735 2.3136 1.0000000 1.0000 1.0000000 1.0000 []
 | 10.1609 53.4083 70.6893 0.9695129 c1ccc(N=Nc2cccc(N=Nc3ccccc3Cn3cccc3)c2)cc1 1 c1ccc(N=Nc2cccc(N=Nc3ccccc3Cn3cccc3)c2)cc1 0.9695129 2.7463 1.0000000 1.0000 1.0000000 1.0000 []
 | 10.8261 32.4545 93.1291 0.9811220 Oc1ccc(N=Nc2ccccc2)cc1-c1ccccc1-n1cccc1 1 c1ccc(N=Nc2cccc(-c3ccccc3-n3cccc3)c2)cc1 0.9811220 2.4263 1.0000000 1.0000 1.0000000 1.0000 []
 | 13.2519 37.1306 88.7874 0.9837341 Fc1ccc(N=Nc2ccc(Br)c(-c3cccc(CN4CCCC4)c3)c2)cc1 1 c1ccc(N=Nc2cccc(-c3cccc(CN4CCCC4)c3)c2)cc1 0.9837341 2.3276 1.0000000 1.0000 1.0000000 1.0000 []
 | 12.7671 40.2767 83.4918 0.9669415 O=C(Nc1ccccc1)C1CCCN1Cc1c(F)cccc1N=Nc1ccccc1 1 O=C(Nc1ccccc1)C1CCCN1Cc1ccccc1N=Nc1ccccc1 0.9669415 2.8008 1.0000000 1.0000 1.0000000 1.0000 []
 | 12.8166 37.3802 88.3542 0.9822996 Fc1ccc(N=Nc2ccccc2)cc1-c1ccc2cc[nH]c2c1 1 c1ccc(N=Nc2cccc(-c3ccc4cc[nH]c4c3)c2)cc1 0.9822996 2.3836 1.0000000 1.0000 1.0000000 1.0000 []
 | 9.4839 31.8853 91.5341 0.9642141 O=C(c1ccccc1N=Nc1cccc(O)c1)N1CC(F)(C(=O)Nc2ccccc2N2CCCCC2)C1 1 O=C(Nc1ccccc1N1CCCCC1)C1CN(C(=O)c2ccccc2N=Nc2ccccc2)C1 0.9642141 2.8543 1.0000000 1.0000 1.0000000 1.0000 []
 | 11.0359 31.8318 88.4913 0.9400244 O=C(c1ccccc1N=Nc1ccccc1)N1CCC(n2cc(NC(=O)C3(c4ccccc4)CC3)cn2)C1 1 O=C(c1ccccc1N=Nc1ccccc1)N1CCC(n2cc(NC(=O)C3(c4ccccc4)CC3)cn2)C1 0.9400244 3.2073 1.0000000 1.0000 1.0000000 1.0000 []
03:54:58 <INFO> Sampled SMILES c1ccc(N=Nc2ccccc2)cc1CN=OC(=O)Nc1ccccc1 failed to sanitize.
03:55:00 <INFO> Score: 0.75 Agent NLL: 13.90 Valid:  96% Step: 178
 | Agent Prior Target Score SMILES SMILES_state Scaffold SA SA (raw) Alerts Alerts (raw) PS_Scaffold PS_Scaffold (raw) matchting_patterns (Alerts)
 | 12.8302 31.5039 92.8561 0.9715627 O=C(c1ccc2c(n1)CCN(C(=O)c1ccccc1N=Nc1ccccc1)C2)N1CCc2ccccc2CC1 1 O=C(c1ccc2c(n1)CCN(C(=O)c1ccccc1N=Nc1ccccc1)C2)N1CCc2ccccc2CC1 0.9715627 2.6996 1.0000000 1.0000 1.0000000 1.0000 []
 | 14.5194 42.5837 83.7248 0.9867849 Clc1cccc(N=Nc2cccc(-c3cccc(CN4CCC4)c3)c2)c1 1 c1ccc(N=Nc2cccc(-c3cccc(CN4CCC4)c3)c2)cc1 0.9867849 2.1903 1.0000000 1.0000 1.0000000 1.0000 []
 | 10.1744 30.2043 -30.2043 0.0000000 O=C(C1Cc2ccccc2CN1C(=O)c1ccccc1N=Nc1cccc(O)c1)N1CCC(F)CC1 1 O=C(C1Cc2ccccc2CN1C(=O)c1ccccc1N=Nc1ccccc1)N1CCCCC1 0.9362711 3.2494 1.0000000 1.0000 1.0000000 1.0000 []
 | 15.4384 38.1304 80.0322 0.9231452 O=C(c1ccccc1N=Nc1ccncc1)N1CCOCC1CNC(=O)C1(c2ccccc2F)CC1 1 O=C(c1ccccc1N=Nc1ccncc1)N1CCOCC1CNC(=O)C1(c2ccccc2)CC1 0.9231452 3.3806 1.0000000 1.0000 1.0000000 1.0000 []
 | 16.5115 42.6637 62.0323 0.8179379 O=C(NC1CN(C(=O)c2ccccc2N=Nc2ccccc2)Cc2ccccc21)C1=CC(O)C(O)C(O)C1 1 O=C(NC1CN(C(=O)c2ccccc2N=Nc2ccccc2)Cc2ccccc21)C1=CCCCC1 0.8179379 4.0212 1.0000000 1.0000 1.0000000 1.0000 []
 | 9.9943 37.8103 88.5099 0.9868773 OCc1cccc(N2CCN(c3ccc(N=Nc4ccccc4)cc3)CC2)c1 1 c1ccc(N=Nc2ccc(N3CCN(c4ccccc4)CC3)cc2)cc1 0.9868773 2.1856 1.0000000 1.0000 1.0000000 1.0000 []
 | 14.4125 37.2137 83.5813 0.9437113 O=C(c1ccccc1N=Nc1ccncc1)N1CC(O)(C(=O)N2CCC(F)(F)C2)C1 1 O=C(c1ccccc1N=Nc1ccncc1)N1CC(C(=O)N2CCCC2)C1 0.9437113 3.1634 1.0000000 1.0000 1.0000000 1.0000 []
 | 11.8826 32.1553 -32.1553 0.0000000 Brc1cccc(N=Nc2cccc(CN3CCOCC3)c2)c1 1 c1ccc(N=Nc2cccc(CN3CCOCC3)c2)cc1 0.9847091 2.2867 1.0000000 1.0000 1.0000000 1.0000 []
 | 17.3104 47.8956 75.4380 0.9635438 Fc1cc(N=Nc2ccccc2-c2ccccc2)ccc1N1CCN2CCCC2C1 1 c1ccc(-c2ccccc2N=Nc2ccc(N3CCN4CCCC4C3)cc2)cc1 0.9635438 2.8668 1.0000000 1.0000 1.0000000 1.0000 []
 | 6.2918 38.1895 -38.1895 0.0000000 c1ccc(N=Nc2ccc(OCc3ccc(-c4ccccc4)cc3)cc2)cc1 1 c1ccc(N=Nc2ccc(OCc3ccc(-c4ccccc4)cc3)cc2)cc1 0.9914296 1.9051 1.0000000 1.0000 1.0000000 1.0000 []
03:55:02 <INFO> Score: 0.76 Agent NLL: 13.35 Valid:  99% Step: 179
 | Agent Prior Target Score SMILES SMILES_state Scaffold SA SA (raw) Alerts Alerts (raw) PS_Scaffold PS_Scaffold (raw) matchting_patterns (Alerts)
 | 11.0370 37.1568 86.0381 0.9624603 O=C(c1ccccc1N=Nc1ccncc1)N1CC(F)(C(=O)NC2CCN(c3ccccc3)CC2)C1 1 O=C(NC1CCN(c2ccccc2)CC1)C1CN(C(=O)c2ccccc2N=Nc2ccncc2)C1 0.9624603 2.8867 1.0000000 1.0000 1.0000000 1.0000 []
 | 18.0703 48.3350 74.7355 0.9614876 CN(C)c1ccc(N=Nc2ccccc2N=Nc2ccc3c(c2)OCO3)cc1C(N)=O 1 c1ccc(N=Nc2ccccc2N=Nc2ccc3c(c2)OCO3)cc1 0.9614876 2.9040 1.0000000 1.0000 1.0000000 1.0000 []
 | 14.5366 50.3858 75.6881 0.9849528 CNCCCCOc1ccc(N=Nc2ccc(N3CCCCCC3)cc2)cc1 1 c1ccc(N=Nc2ccc(N3CCCCCC3)cc2)cc1 0.9849528 2.2761 1.0000000 1.0000 1.0000000 1.0000 []
 | 10.3896 38.1576 88.2926 0.9878915 c1ccc(-c2ccc(N=Nc3ccc(-n4cccc4)cc3)cc2)cc1 1 c1ccc(-c2ccc(N=Nc3ccc(-n4cccc4)cc3)cc2)cc1 0.9878915 2.1326 1.0000000 1.0000 1.0000000 1.0000 []
 | 13.6494 50.6784 75.3776 0.9848127 O=c1ccc2cc(N=Nc3ccc(Oc4ccc(-c5ccccc5)cc4)cc3)ccc2[nH]1 1 O=c1ccc2cc(N=Nc3ccc(Oc4ccc(-c5ccccc5)cc4)cc3)ccc2[nH]1 0.9848127 2.2822 1.0000000 1.0000 1.0000000 1.0000 []
 | 13.6416 48.7958 -48.7958 0.0000000 COc1ccc(-c2ccc(-c3ccc(N=Nc4ccccc4)cc3F)cc2)cc1 1 c1ccc(N=Nc2ccc(-c3ccc(-c4ccccc4)cc3)cc2)cc1 0.9887887 2.0818 1.0000000 1.0000 1.0000000 1.0000 []
 | 12.8774 42.9419 83.2638 0.9859813 O=C(CCc1ccncc1)Nc1cc(N=Nc2ccccc2)ccc1F 1 O=C(CCc1ccncc1)Nc1cccc(N=Nc2ccccc2)c1 0.9859813 2.2293 1.0000000 1.0000 1.0000000 1.0000 []
 | 9.9726 39.2712 -39.2712 0.0000000 c1ccc(N=Nc2ccc(C3=NCCCC3)cc2)cc1 1 c1ccc(N=Nc2ccc(C3=NCCCC3)cc2)cc1 0.9822004 2.3873 1.0000000 1.0000 1.0000000 1.0000 []
 | 11.8556 48.7248 77.4820 0.9859908 OCc1ccccc1-c1ccc(N=Nc2ccc(N3CCCCCC3)cc2)cc1 1 c1ccc(-c2ccc(N=Nc3ccc(N4CCCCCC4)cc3)cc2)cc1 0.9859908 2.2288 1.0000000 1.0000 1.0000000 1.0000 []
 | 12.1330 42.7283 83.7073 0.9877781 Fc1cccc(N=Nc2ccc(Cl)c(-c3ccc(-c4ccccc4)cc3)c2)c1 1 c1ccc(N=Nc2cccc(-c3ccc(-c4ccccc4)cc3)c2)cc1 0.9877781 2.1387 1.0000000 1.0000 1.0000000 1.0000 []
03:55:04 <INFO> Score: 0.83 Agent NLL: 12.77 Valid: 100% Step: 180
 | Agent Prior Target Score SMILES SMILES_state Scaffold SA SA (raw) Alerts Alerts (raw) PS_Scaffold PS_Scaffold (raw) matchting_patterns (Alerts)
 | 11.7285 36.9298 89.3905 0.9868779 c1ccc(N=Nc2cccc(OCc3ccc4c(c3)OCO4)c2)cc1 1 c1ccc(N=Nc2cccc(OCc3ccc4c(c3)OCO4)c2)cc1 0.9868779 2.1856 1.0000000 1.0000 1.0000000 1.0000 []
 | 11.4092 35.4852 90.8091 0.9866744 c1ccc(N=Nc2ccc(NCc3cccc(CN4CCOCC4)c3)cc2)cc1 1 c1ccc(N=Nc2ccc(NCc3cccc(CN4CCOCC4)c3)cc2)cc1 0.9866744 2.1958 1.0000000 1.0000 1.0000000 1.0000 []
 | 13.2317 43.6624 81.8411 0.9804963 Fc1cc(N=Nc2ccccc2)ccc1Oc1ccc(NC2CCCCC2)nc1 1 c1ccc(N=Nc2ccc(Oc3ccc(NC4CCCCC4)nc3)cc2)cc1 0.9804963 2.4480 1.0000000 1.0000 1.0000000 1.0000 []
 | 12.6952 37.0996 89.3198 0.9876513 Clc1ccc(-c2ccc(N=Nc3ccccc3)nc2)cc1 1 c1ccc(N=Nc2ccc(-c3ccccc3)cn2)cc1 0.9876513 2.1455 1.0000000 1.0000 1.0000000 1.0000 []
 | 11.6241 61.6352 64.2192 0.9832376 OCCc1ccc(N=Nc2cccc(-c3ccccc3-c3ccccc3)c2)cn1 1 c1ccc(-c2ccccc2-c2cccc(N=Nc3cccnc3)c2)cc1 0.9832376 2.3475 1.0000000 1.0000 1.0000000 1.0000 []
 | 10.7295 35.9415 90.6894 0.9893041 Fc1ccccc1N=Nc1ccc(OCCOc2ccccc2)cc1 1 c1ccc(N=Nc2ccc(OCCOc3ccccc3)cc2)cc1 0.9893041 2.0508 1.0000000 1.0000 1.0000000 1.0000 []
 | 9.2707 34.4649 91.9442 0.9875711 Fc1ccc(N=Nc2ccc(-c3ccccc3N3CCCCC3)cc2)cc1 1 c1ccc(N=Nc2ccc(-c3ccccc3N3CCCCC3)cc2)cc1 0.9875711 2.1498 1.0000000 1.0000 1.0000000 1.0000 []
 | 12.6371 29.3305 93.4942 0.9595679 O=C(CC1CCN(C(=O)c2ccccc2N=Nc2cccc(O)c2)CC1)N1CCC(F)(CO)CC1 1 O=C(CC1CCN(C(=O)c2ccccc2N=Nc2ccccc2)CC1)N1CCCCC1 0.9595679 2.9370 1.0000000 1.0000 1.0000000 1.0000 []
 | 10.6075 51.2171 72.9411 0.9699852 Fc1ccc(N=Nc2ccccc2)cc1N=Nc1ccc(OC2CCOCC2)cc1 1 c1ccc(N=Nc2cccc(N=Nc3ccc(OC4CCOCC4)cc3)c2)cc1 0.9699852 2.7359 1.0000000 1.0000 1.0000000 1.0000 []
 | 11.9242 31.4830 95.1155 0.9890507 Fc1ccccc1N=Nc1cccc(Oc2ccccc2)c1 1 c1ccc(N=Nc2cccc(Oc3ccccc3)c2)cc1 0.9890507 2.0662 1.0000000 1.0000 1.0000000 1.0000 []
03:55:05 <INFO> Sampled SMILES O=c1cc(N=Nc2ccccc2)ccc1Oc1ccccc1-c1ccccc1 failed to sanitize.
03:55:05 <INFO> Sampled SMILES Cl=Nc1ccc(N=Nc2ccccc2)cc1-c1cccc(-c2ccccc2)c1 failed to sanitize.
03:56:02 <INFO> Score: 0.77 Agent NLL: 14.01 Valid:  98% Step: 181
 | Agent Prior Target Score SMILES SMILES_state Scaffold SA SA (raw) Alerts Alerts (raw) PS_Scaffold PS_Scaffold (raw) matchting_patterns (Alerts)
 | 14.5397 36.6906 89.5229 0.9860430 Fc1ccc(-c2ccccc2)cc1N=Nc1cccc(CN2CCCC2)c1 1 c1ccc(-c2cccc(N=Nc3cccc(CN4CCCC4)c3)c2)cc1 0.9860430 2.2263 1.0000000 1.0000 1.0000000 1.0000 []
 | 9.6938 36.8636 -36.8636 0.0000000 c1ccc(N=Nc2ccc(Nc3ccccc3CN3CCCCC3)cc2)cc1 1 c1ccc(N=Nc2ccc(Nc3ccccc3CN3CCCCC3)cc2)cc1 0.9876482 2.1457 1.0000000 1.0000 1.0000000 1.0000 []
 | 7.0222 35.1986 -35.1986 0.0000000 Cc1c(N=Nc2ccccc2)cccc1C(=O)Nc1ccccc1 1 O=C(Nc1ccccc1)c1cccc(N=Nc2ccccc2)c1 0.9904786 1.9743 1.0000000 1.0000 1.0000000 1.0000 []
 | 13.0748 32.3397 93.9316 0.9864951 Fc1cccc(N=Nc2ccc(NC3CCCC3)cc2)c1 1 c1ccc(N=Nc2ccc(NC3CCCC3)cc2)cc1 0.9864951 2.2046 1.0000000 1.0000 1.0000000 1.0000 []
 | 21.5042 58.7271 65.5281 0.9707435 c1ccc(-c2ccc(N=Nc3cccc(N=Nc4ccccc4-c4cn[nH]c4)c3)cc2)cc1 1 c1ccc(-c2ccc(N=Nc3cccc(N=Nc4ccccc4-c4cn[nH]c4)c3)cc2)cc1 0.9707435 2.7187 1.0000000 1.0000 1.0000000 1.0000 []
 | 14.2387 47.7467 -47.7467 0.0000000 O=c1cc(N=Nc2ccccc2)ccc1Oc1ccccc1-c1ccccc1 0 -- 0.0000000 0.0000 0.0000000 0.0000 0.0000000 0.0000 None
 | 11.1560 37.8833 88.1011 0.9842527 c1ccc2c(N=Nc3ccc(C4CCNCC4)cc3)cccc2c1 1 c1ccc2c(N=Nc3ccc(C4CCNCC4)cc3)cccc2c1 0.9842527 2.3062 1.0000000 1.0000 1.0000000 1.0000 []
 | 20.1963 54.2211 -54.2211 0.0000000 Cl=Nc1ccc(N=Nc2ccccc2)cc1-c1cccc(-c2ccccc2)c1 0 -- 0.0000000 0.0000 0.0000000 0.0000 0.0000000 0.0000 None
 | 12.1882 27.0243 95.5317 0.9574680 O=C(c1ccccc1N=Nc1ccc(O)cc1)N1CC(F)(C(=O)N2Cc3ccc(O)cc3C2)C1 1 O=C(c1ccccc1N=Nc1ccccc1)N1CC(C(=O)N2Cc3ccccc3C2)C1 0.9574680 2.9714 1.0000000 1.0000 1.0000000 1.0000 []
 | 12.8410 50.0106 76.4802 0.9882088 O=C(Cc1ccccc1)Nc1cccc(N=Nc2ccc(C3CC3)cc2)c1 1 O=C(Cc1ccccc1)Nc1cccc(N=Nc2ccc(C3CC3)cc2)c1 0.9882088 2.1151 1.0000000 1.0000 1.0000000 1.0000 []
03:56:04 <INFO> Score: 0.79 Agent NLL: 12.56 Valid: 100% Step: 182
 | Agent Prior Target Score SMILES SMILES_state Scaffold SA SA (raw) Alerts Alerts (raw) PS_Scaffold PS_Scaffold (raw) matchting_patterns (Alerts)
 | 11.8603 41.5206 84.4418 0.9840814 c1ccc(Cc2ccc(N=Nc3ccnc(N4CCCCCC4)c3)cc2)cc1 1 c1ccc(Cc2ccc(N=Nc3ccnc(N4CCCCCC4)c3)cc2)cc1 0.9840814 2.3133 1.0000000 1.0000 1.0000000 1.0000 []
 | 13.2944 44.8300 81.4479 0.9865456 c1ccc(CN2CCCN(c3cccc(N=Nc4ccc(-c5ccccc5)cc4)c3)CC2)cc1 1 c1ccc(CN2CCCN(c3cccc(N=Nc4ccc(-c5ccccc5)cc4)c3)CC2)cc1 0.9865456 2.2021 1.0000000 1.0000 1.0000000 1.0000 []
 | 10.5201 28.0500 94.1016 0.9543089 O=C(c1ccccc1N=Nc1cccc(O)c1)N1CCN(C(C(=O)N2CCCC2)c2ccccc2)CC1 1 O=C(c1ccccc1N=Nc1ccccc1)N1CCN(C(C(=O)N2CCCC2)c2ccccc2)CC1 0.9543089 3.0202 1.0000000 1.0000 1.0000000 1.0000 []
 | 20.2159 48.8042 -48.8042 0.0000000 O=C(F)Oc1cccc(Oc2ccc(N=Nc3ccc(Cl)cc3)cc2)c1 1 c1ccc(N=Nc2ccc(Oc3ccccc3)cc2)cc1 0.9825028 2.3760 1.0000000 1.0000 1.0000000 1.0000 []
 | 14.3068 45.8762 79.8957 0.9825927 OC1CCC(c2ccc(N=Nc3ccc(N4CCCCCC4)cc3)cc2)CC1 1 c1cc(C2CCCCC2)ccc1N=Nc1ccc(N2CCCCCC2)cc1 0.9825927 2.3725 1.0000000 1.0000 1.0000000 1.0000 []
 | 15.1646 37.4255 81.0496 0.9255869 O=C(c1ccccc1N=Nc1ccncc1)N1CCC(O)(C(=O)N2CCCC2CO)CC1 1 O=C(c1ccccc1N=Nc1ccncc1)N1CCC(C(=O)N2CCCC2)CC1 0.9255869 3.3578 1.0000000 1.0000 1.0000000 1.0000 []
 | 10.9595 36.8331 -36.8331 0.0000000 Fc1ccccc1N=Nc1ccc(OCc2ccc3c(c2)OCO3)cc1 1 c1ccc(N=Nc2ccc(OCc3ccc4c(c3)OCO4)cc2)cc1 0.9853150 2.2599 1.0000000 1.0000 1.0000000 1.0000 []
 | 12.1633 35.6779 89.5459 0.9783111 O=C(c1ccccc1N=Nc1ccncc1)N1CCN(c2ccc(F)cc2)C(=O)C1 1 O=C(c1ccccc1N=Nc1ccncc1)N1CCN(c2ccccc2)C(=O)C1 0.9783111 2.5186 1.0000000 1.0000 1.0000000 1.0000 []
 | 12.3778 38.6289 84.8726 0.9648551 O=C(c1ccccc1N=Nc1cccnc1)N1CC(O)(C(=O)Nc2cccc(N3CCCCCC3)c2)C1 1 O=C(Nc1cccc(N2CCCCCC2)c1)C1CN(C(=O)c2ccccc2N=Nc2cccnc2)C1 0.9648551 2.8421 1.0000000 1.0000 1.0000000 1.0000 []
 | 12.5604 41.1834 84.9092 0.9850984 Fc1cccc(N=Nc2ccc(CNc3cccc(N4CCCCC4)c3)cc2)c1 1 c1ccc(N=Nc2ccc(CNc3cccc(N4CCCCC4)c3)cc2)cc1 0.9850984 2.2696 1.0000000 1.0000 1.0000000 1.0000 []
03:56:05 <INFO> Sampled SMILES c1cc(N=Nc2ccccc2)ccc1OC(C(=O)C1CCC1)C(=O)(C)C failed to sanitize.
03:56:05 <INFO> Sampled SMILES c1cc(N=Nc2cc(Cl)ccc2)ccc1N1cCncc1CO failed to sanitize.
03:56:06 <INFO> Score: 0.69 Agent NLL: 13.72 Valid:  98% Step: 183
 | Agent Prior Target Score SMILES SMILES_state Scaffold SA SA (raw) Alerts Alerts (raw) PS_Scaffold PS_Scaffold (raw) matchting_patterns (Alerts)
 | 18.3101 47.6304 76.1516 0.9670467 Fc1cccc(N=Nc2ccc(N=Cc3ccc(Cn4cccn4)cc3)cn2)c1 1 C(=Nc1ccc(N=Nc2ccccc2)nc1)c1ccc(Cn2cccn2)cc1 0.9670467 2.7987 1.0000000 1.0000 1.0000000 1.0000 []
 | 14.1826 43.5858 82.0989 0.9819117 OCc1ccc(C2CC2)c(-c2cccc(N=Nc3ccc(F)cc3)c2)c1 1 c1ccc(N=Nc2cccc(-c3ccccc3C3CC3)c2)cc1 0.9819117 2.3980 1.0000000 1.0000 1.0000000 1.0000 []
 | 10.2105 51.5077 75.4109 0.9915516 c1ccc(Oc2ccc(N=Nc3ccc(-c4ccccc4-c4ccccc4)cc3)cc2)cc1 1 c1ccc(Oc2ccc(N=Nc3ccc(-c4ccccc4-c4ccccc4)cc3)cc2)cc1 0.9915516 1.8957 1.0000000 1.0000 1.0000000 1.0000 []
 | 11.1258 34.7545 -34.7545 0.0000000 Oc1cccc(N2CCN(c3ccc(N=Nc4ccccc4)cc3F)CC2)c1 1 c1ccc(N=Nc2ccc(N3CCN(c4ccccc4)CC3)cc2)cc1 0.9841720 2.3095 1.0000000 1.0000 1.0000000 1.0000 []
 | 15.3767 64.0424 59.7998 0.9675170 Fc1cccc(N=Nc2ccc(N=Nc3cc(C(F)(F)F)ccc3N3CCC3)cc2)c1 1 c1ccc(N=Nc2ccc(N=Nc3ccccc3N3CCC3)cc2)cc1 0.9675170 2.7890 1.0000000 1.0000 1.0000000 1.0000 []
 | 12.8328 37.8179 88.4648 0.9865834 O=S(=O)(CCCNCc1ccc(N=Nc2ccccc2)cc1)c1ccccc1 1 O=S(=O)(CCCNCc1ccc(N=Nc2ccccc2)cc1)c1ccccc1 0.9865834 2.2003 1.0000000 1.0000 1.0000000 1.0000 []
 | 17.6762 44.9809 75.4235 0.9406593 Clc1ccc(N=Nc2cccc(NC3CCc4[nH]cnc43)c2)cc1 1 c1ccc(N=Nc2cccc(NC3CCc4[nH]cnc43)c2)cc1 0.9406593 3.1999 1.0000000 1.0000 1.0000000 1.0000 []
 | 18.7346 71.3707 53.7730 0.9776856 O=C(c1cccc(N=Nc2cncc(-c3ccccc3)c2)c1)N1CCC(F)CC1 1 O=C(c1cccc(N=Nc2cncc(-c3ccccc3)c2)c1)N1CCCCC1 0.9776856 2.5376 1.0000000 1.0000 1.0000000 1.0000 []
 | 10.3389 27.5964 98.4764 0.9849434 O=C1CN(C(=O)c2ccccc2N=Nc2ccccc2)CCN1Cc1ccccc1 1 O=C1CN(C(=O)c2ccccc2N=Nc2ccccc2)CCN1Cc1ccccc1 0.9849434 2.2765 1.0000000 1.0000 1.0000000 1.0000 []
 | 19.4193 44.0869 80.1224 0.9703848 Fc1cc(N=Nc2ncnc3ccccc23)ccc1OCc1ccc2cc[nH]c2c1 1 c1ccc2c(N=Nc3ccc(OCc4ccc5cc[nH]c5c4)cc3)ncnc2c1 0.9703848 2.7269 1.0000000 1.0000 1.0000000 1.0000 []
03:56:08 <INFO> Score: 0.77 Agent NLL: 12.76 Valid:  99% Step: 184
 | Agent Prior Target Score SMILES SMILES_state Scaffold SA SA (raw) Alerts Alerts (raw) PS_Scaffold PS_Scaffold (raw) matchting_patterns (Alerts)
 | 15.3326 35.8439 89.9598 0.9828420 O=c1ccc(N=Nc2ccccc2)ccc1-c1ccc(CNC2CCCCC2)cc1 1 O=c1ccc(N=Nc2ccccc2)ccc1-c1ccc(CNC2CCCCC2)cc1 0.9828420 2.3630 1.0000000 1.0000 1.0000000 1.0000 []
 | 13.4415 28.3437 94.2906 0.9580799 O=C(c1ccccc1N=Nc1cccc(O)c1)N1CC(O)(CNC(=O)C2(c3ccc(F)cc3)CCCC2)C1 1 O=C(c1ccccc1N=Nc1ccccc1)N1CC(CNC(=O)C2(c3ccccc3)CCCC2)C1 0.9580799 2.9615 1.0000000 1.0000 1.0000000 1.0000 []
 | 7.0754 46.5925 -46.5925 0.0000000 Fc1ccc(N=Nc2ccccc2)cc1N=Nc1ccccc1-n1cccc1 1 c1ccc(N=Nc2cccc(N=Nc3ccccc3-n3cccc3)c2)cc1 0.9678488 2.7821 1.0000000 1.0000 1.0000000 1.0000 []
 | 8.9962 34.9919 91.1238 0.9852788 c1ccc(N=Nc2ccc(OCCn3cccc3)cc2)cc1 1 c1ccc(N=Nc2ccc(OCCn3cccc3)cc2)cc1 0.9852788 2.2616 1.0000000 1.0000 1.0000000 1.0000 []
 | 13.6398 60.6512 65.8003 0.9879023 Oc1cc(N=Nc2ccc(-c3ccccc3)cc2)ccc1-c1ccccc1-c1ccccc1 1 c1ccc(-c2ccc(N=Nc3ccc(-c4ccccc4-c4ccccc4)cc3)cc2)cc1 0.9879023 2.1320 1.0000000 1.0000 1.0000000 1.0000 []
 | 15.8318 44.4102 81.3484 0.9824889 OC1CCN(c2ccc(N=Nc3ccc(OCC4CCCC4)cc3)cc2)CC1 1 c1cc(OCC2CCCC2)ccc1N=Nc1ccc(N2CCCCC2)cc1 0.9824889 2.3765 1.0000000 1.0000 1.0000000 1.0000 []
 | 11.2162 26.7168 96.5000 0.9626315 O=C(c1ccccc1N=Nc1ccccc1)N1CCN(C(C(=O)N2CCCC2)c2ccccc2)CC1 1 O=C(c1ccccc1N=Nc1ccccc1)N1CCN(C(C(=O)N2CCCC2)c2ccccc2)CC1 0.9626315 2.8836 1.0000000 1.0000 1.0000000 1.0000 []
 | 20.2374 43.4056 81.1972 0.9734588 c1ccc(CN2CCN(Cc3ccc(N=Nc4ccc(-c5nnn[nH]5)cc4)cc3)CC2)nc1 1 c1ccc(CN2CCN(Cc3ccc(N=Nc4ccc(-c5nnn[nH]5)cc4)cc3)CC2)nc1 0.9734588 2.6534 1.0000000 1.0000 1.0000000 1.0000 []
 | 6.7368 38.1895 -38.1895 0.0000000 c1ccc(N=Nc2ccc(OCc3ccc(-c4ccccc4)cc3)cc2)cc1 1 c1ccc(N=Nc2ccc(OCc3ccc(-c4ccccc4)cc3)cc2)cc1 0.9914296 1.9051 1.0000000 1.0000 1.0000000 1.0000 []
 | 7.2234 35.1986 -35.1986 0.0000000 Cc1c(N=Nc2ccccc2)cccc1C(=O)Nc1ccccc1 1 O=C(Nc1ccccc1)c1cccc(N=Nc2ccccc2)c1 0.9904786 1.9743 1.0000000 1.0000 1.0000000 1.0000 []
03:56:09 <INFO> Sampled SMILES c1cc(N=Nc2cccnc2)ccc1CN=c1cc(O)ccc1O failed to sanitize.
03:56:11 <INFO> Score: 0.80 Agent NLL: 12.95 Valid:  98% Step: 185
 | Agent Prior Target Score SMILES SMILES_state Scaffold SA SA (raw) Alerts Alerts (raw) PS_Scaffold PS_Scaffold (raw) matchting_patterns (Alerts)
 | 13.2758 28.7110 88.0385 0.9121051 O=C(c1ccccc1N=Nc1cccc(O)c1)N1CCC(n2cc(NC(=O)C3(c4ccncc4)CC3)cn2)C1 1 O=C(c1ccccc1N=Nc1ccccc1)N1CCC(n2cc(NC(=O)C3(c4ccncc4)CC3)cn2)C1 0.9121051 3.4759 1.0000000 1.0000 1.0000000 1.0000 []
 | 14.3597 43.8863 78.5235 0.9563269 Fc1cccc(N=Nc2ccc(F)c(CNCC(c3ccccc3)N3CCOCC3)c2)c1 1 c1ccc(N=Nc2cccc(CNCC(c3ccccc3)N3CCOCC3)c2)cc1 0.9563269 2.9894 1.0000000 1.0000 1.0000000 1.0000 []
 | 14.0069 33.5893 90.9496 0.9729605 C1=NN(c2cccc(CNCc3ccnc(N4CCCCC4)c3)c2)CCCC1 1 C1=NN(c2cccc(CNCc3ccnc(N4CCCCC4)c3)c2)CCCC1 0.9729605 2.6659 1.0000000 1.0000 1.0000000 1.0000 []
 | 14.9404 61.0877 63.9551 0.9768970 Nc1nc(CF)nc2ccc(N=Nc3ccc(C(=O)c4ccccc4)cc3)cc12 1 O=C(c1ccccc1)c1ccc(N=Nc2ccc3ncncc3c2)cc1 0.9768970 2.5607 1.0000000 1.0000 1.0000000 1.0000 []
 | 10.7997 26.9082 -26.9082 0.0000000 O=C(c1ccccc1N=Nc1cccc(O)c1)N1CC(F)(C(=O)Nc2ccccc2O)C1 1 O=C(Nc1ccccc1)C1CN(C(=O)c2ccccc2N=Nc2ccccc2)C1 0.9660898 2.8180 1.0000000 1.0000 1.0000000 1.0000 []
 | 13.9273 43.2723 78.1408 0.9485402 Fc1cccc(N=Nc2ccc3c(c2)OCO3)c1C1CN(Cc2ccccc2)CCO1 1 c1ccc(CN2CCOC(c3ccccc3N=Nc3ccc4c(c3)OCO4)C2)cc1 0.9485402 3.1016 1.0000000 1.0000 1.0000000 1.0000 []
 | 15.2876 53.8619 70.1167 0.9685829 O=C(c1ccc(N=Nc2cc(C(F)(F)F)ncc2Br)cc1)C1CCC1 1 O=C(c1ccc(N=Nc2ccncc2)cc1)C1CCC1 0.9685829 2.7665 1.0000000 1.0000 1.0000000 1.0000 []
 | 8.5173 37.6830 -37.6830 0.0000000 c1ccc(N=Nc2ccc(OCCCNc3ccccc3)cc2)cc1 1 c1ccc(N=Nc2ccc(OCCCNc3ccccc3)cc2)cc1 0.9902898 1.9872 1.0000000 1.0000 1.0000000 1.0000 []
 | 14.7500 38.0965 87.4214 0.9806084 CN(c1ccccc1)S(=O)(=O)c1ccccc1N=Nc1ccc(OCCN2CCCC2)cc1 1 O=S(=O)(Nc1ccccc1)c1ccccc1N=Nc1ccc(OCCN2CCCC2)cc1 0.9806084 2.4442 1.0000000 1.0000 1.0000000 1.0000 []
 | 14.7228 45.7861 79.2439 0.9767965 c1ccc2c(c1)NCC2=NNc1ccc(Cn2cccn2)cc1 1 c1ccc2c(c1)NCC2=NNc1ccc(Cn2cccn2)cc1 0.9767965 2.5636 1.0000000 1.0000 1.0000000 1.0000 []
03:56:14 <INFO> Score: 0.79 Agent NLL: 13.33 Valid:  99% Step: 186
 | Agent Prior Target Score SMILES SMILES_state Scaffold SA SA (raw) Alerts Alerts (raw) PS_Scaffold PS_Scaffold (raw) matchting_patterns (Alerts)
 | 22.4153 50.8439 73.4681 0.9711875 CN(c1cnc(NC2CCCC2)nc1)c1ccccc1N=Nc1ccc(F)cc1 1 c1ccc(N=Nc2ccccc2Nc2cnc(NC3CCCC3)nc2)cc1 0.9711875 2.7084 1.0000000 1.0000 1.0000000 1.0000 []
 | 12.6252 36.6783 89.5577 0.9862189 c1ccc(N=Nc2ccc(NCc3cccc(OC4CCCC4)c3)cc2)cc1 1 c1ccc(N=Nc2ccc(NCc3cccc(OC4CCCC4)c3)cc2)cc1 0.9862189 2.2180 1.0000000 1.0000 1.0000000 1.0000 []
 | 11.4479 25.7068 -25.7068 0.0000000 O=C(c1ccccc1N=Nc1ccc(O)cc1)N1CC(F)(C(=O)N2CC3(CCC3)C2)C1 1 O=C(c1ccccc1N=Nc1ccccc1)N1CC(C(=O)N2CC3(CCC3)C2)C1 0.9146745 3.4547 1.0000000 1.0000 1.0000000 1.0000 []
 | 6.9121 38.1895 -38.1895 0.0000000 c1ccc(N=Nc2ccc(OCc3ccc(-c4ccccc4)cc3)cc2)cc1 1 c1ccc(N=Nc2ccc(OCc3ccc(-c4ccccc4)cc3)cc2)cc1 0.9914296 1.9051 1.0000000 1.0000 1.0000000 1.0000 []
 | 9.4427 47.8646 75.7449 0.9656993 Fc1ccc(N=Nc2ccccc2)cc1N=Nc1ccccc1-n1ccnc1 1 c1ccc(N=Nc2cccc(N=Nc3ccccc3-n3ccnc3)c2)cc1 0.9656993 2.8257 1.0000000 1.0000 1.0000000 1.0000 []
 | 18.5189 66.5103 59.0779 0.9811583 COc1ccccc1N=Nc1ccc(Nc2ccccc2Cn2cccc2)cc1 1 c1ccc(N=Nc2ccc(Nc3ccccc3Cn3cccc3)cc2)cc1 0.9811583 2.4251 1.0000000 1.0000 1.0000000 1.0000 []
 | 18.3933 52.9468 70.9069 0.9676072 Clc1cccc(N=Nc2ccnc(N3CCNCC3)c2)c1C1CCN(c2ccccc2)CC1 1 c1ccc(N2CCC(c3ccccc3N=Nc3ccnc(N4CCNCC4)c3)CC2)cc1 0.9676072 2.7871 1.0000000 1.0000 1.0000000 1.0000 []
 | 20.5688 71.5086 46.0785 0.9186489 N#CCCN1CCC(c2c(C#N)cccc2N=Nc2cccc3ccncc23)C1 1 c1ccc(C2CCNC2)c(N=Nc2cccc3ccncc23)c1 0.9186489 3.4208 1.0000000 1.0000 1.0000000 1.0000 []
 | 17.4196 26.3726 90.8630 0.9159028 O=C(c1ccccc1N=Nc1ccc(O)cc1)N1CCC(F)(C(=O)N2CCC(Oc3cccnc3)CC2)C1 1 O=C(c1ccccc1N=Nc1ccccc1)N1CCC(C(=O)N2CCC(Oc3cccnc3)CC2)C1 0.9159028 3.4444 1.0000000 1.0000 1.0000000 1.0000 []
 | 9.3844 42.5753 81.9790 0.9730808 O=C(c1ccccc1N=Nc1ccccc1)N1CCC(Oc2ccccc2)C1 1 O=C(c1ccccc1N=Nc1ccccc1)N1CCC(Oc2ccccc2)C1 0.9730808 2.6629 1.0000000 1.0000 1.0000000 1.0000 []
03:56:15 <INFO> Sampled SMILES Fc1cccc2nc(-c3cccc(N=Nc4ccccc4)c3)nc12 failed to sanitize.
03:56:59 <INFO> Score: 0.75 Agent NLL: 13.29 Valid:  98% Step: 187
 | Agent Prior Target Score SMILES SMILES_state Scaffold SA SA (raw) Alerts Alerts (raw) PS_Scaffold PS_Scaffold (raw) matchting_patterns (Alerts)
 | 8.6970 46.8864 -46.8864 0.0000000 O=C(NCc1ccccc1)c1cccc(N=Nc2ccccc2)c1 1 O=C(NCc1ccccc1)c1cccc(N=Nc2ccccc2)c1 0.9917070 1.8835 1.0000000 1.0000 1.0000000 1.0000 []
 | 12.3518 27.2641 97.4299 0.9741721 O=C(c1ccccc1N=Nc1ccccc1)N1CCC(F)(C(=O)N2CCC2)CC1 1 O=C(c1ccccc1N=Nc1ccccc1)N1CCC(C(=O)N2CCC2)CC1 0.9741721 2.6352 1.0000000 1.0000 1.0000000 1.0000 []
 | 16.6486 39.1705 83.9686 0.9620240 OC(COc1ccc(N=Nc2ccncc2)cc1)CN1CCOCC1 1 c1cc(N=Nc2ccc(OCCCN3CCOCC3)cc2)ccn1 0.9620240 2.8945 1.0000000 1.0000 1.0000000 1.0000 []
 | 11.1882 26.8883 -26.8883 0.0000000 O=C(c1ccccc1N=Nc1cccc(O)c1)N1Cc2ccc(NC(=O)C3(O)CC3)cc2C1 1 O=C(Nc1ccc2c(c1)CN(C(=O)c1ccccc1N=Nc1ccccc1)C2)C1CC1 0.9682400 2.7738 1.0000000 1.0000 1.0000000 1.0000 []
 | 9.0979 46.0253 76.8058 0.9596180 Fc1ccc(N=Nc2ccccc2)cc1N=Nc1ccco1 1 c1ccc(N=Nc2cccc(N=Nc3ccco3)c2)cc1 0.9596180 2.9361 1.0000000 1.0000 1.0000000 1.0000 []
 | 21.7530 49.1023 -49.1023 0.0000000 F)cc(N=Nc2ccc3ccccc3c2)c1C1CCCC1 0 -- 0.0000000 0.0000 0.0000000 0.0000 0.0000000 0.0000 None
 | 14.2015 45.7015 78.4094 0.9696168 Fc1cccc(N=Nc2ccccc2)c1CN=Cc1ccc(Cn2ccnc2)cc1 1 C(=NCc1ccccc1N=Nc1ccccc1)c1ccc(Cn2ccnc2)cc1 0.9696168 2.7441 1.0000000 1.0000 1.0000000 1.0000 []
 | 13.4553 32.0496 85.5629 0.9188469 O=C(NCCCN1CCN(C(=O)c2ccccc2N=Nc2cccc(O)c2)CC1)C1C2CCCCC21 1 O=C(NCCCN1CCN(C(=O)c2ccccc2N=Nc2ccccc2)CC1)C1C2CCCCC21 0.9188469 3.4191 1.0000000 1.0000 1.0000000 1.0000 []
 | 13.5965 39.0986 87.2556 0.9871426 c1ccc(NCc2cccc(-c3ccc(N=Nc4cccnc4)cc3)c2)cc1 1 c1ccc(NCc2cccc(-c3ccc(N=Nc4cccnc4)cc3)c2)cc1 0.9871426 2.1722 1.0000000 1.0000 1.0000000 1.0000 []
 | 10.2638 37.6337 88.2076 0.9831352 Fc1cccc(N=Nc2ccccc2)c1-c1cccc(CN2CCOCC2)c1 1 c1ccc(N=Nc2ccccc2-c2cccc(CN3CCOCC3)c2)cc1 0.9831352 2.3516 1.0000000 1.0000 1.0000000 1.0000 []
03:57:00 <INFO> Sampled SMILES Fc1cc(N=Nc2ccnc(N3CCOCC3)c2)ccc1-c1ccc2c3ccccc3cc2c1 failed to sanitize.
03:57:01 <INFO> Score: 0.77 Agent NLL: 12.98 Valid:  98% Step: 188
 | Agent Prior Target Score SMILES SMILES_state Scaffold SA SA (raw) Alerts Alerts (raw) PS_Scaffold PS_Scaffold (raw) matchting_patterns (Alerts)
 | 11.1404 38.7663 87.1659 0.9838455 OCCN1CCN(Cc2ccc(N=Nc3ccc(N4CCCCCC4)cc3)cc2)CC1 1 c1cc(N=Nc2ccc(N3CCCCCC3)cc2)ccc1CN1CCNCC1 0.9838455 2.3230 1.0000000 1.0000 1.0000000 1.0000 []
 | 12.9327 41.5647 83.4973 0.9770467 Fc1cccc(N=Nc2ccc(F)c(CNCC3(c4ccccc4)CC3)c2)c1 1 c1ccc(N=Nc2cccc(CNCC3(c4ccccc4)CC3)c2)cc1 0.9770467 2.5564 1.0000000 1.0000 1.0000000 1.0000 []
 | 6.6438 45.5063 -45.5063 0.0000000 O=C(NCc1ccccc1)c1ccc(N=Nc2ccccc2)cc1 1 O=C(NCc1ccccc1)c1ccc(N=Nc2ccccc2)cc1 0.9923413 1.8312 1.0000000 1.0000 1.0000000 1.0000 []
 | 8.4310 48.9280 74.7689 0.9663821 OCCc1ccc(N=Nc2cc(N=Nc3ccccc3)ccc2F)cn1 1 c1ccc(N=Nc2cccc(N=Nc3cccnc3)c2)cc1 0.9663821 2.8121 1.0000000 1.0000 1.0000000 1.0000 []
 | 12.8731 41.9003 82.1600 0.9692216 O=C(c1ccccc1N=Nc1cc(O)cnc1O)N1CCC(OCc2ccccc2)CC1 1 O=C(c1ccccc1N=Nc1cccnc1)N1CCC(OCc2ccccc2)CC1 0.9692216 2.7527 1.0000000 1.0000 1.0000000 1.0000 []
 | 10.9275 50.5063 73.7214 0.9705290 Fc1ccccc1N=Nc1cccc(N=Nc2ccc(Cn3ccnc3)cc2)c1 1 c1ccc(N=Nc2cccc(N=Nc3ccc(Cn4ccnc4)cc3)c2)cc1 0.9705290 2.7236 1.0000000 1.0000 1.0000000 1.0000 []
 | 12.0440 27.7885 95.5758 0.9637837 O=C(c1ccccc1N=Nc1cccc(O)c1)N1CC(NC(=O)C2(c3ccccn3)CC2)C1 1 O=C(c1ccccc1N=Nc1ccccc1)N1CC(NC(=O)C2(c3ccccn3)CC2)C1 0.9637837 2.8624 1.0000000 1.0000 1.0000000 1.0000 []
 | 12.1475 34.8207 90.3306 0.9777446 Fc1cccc(N=Nc2cccc(NCc3cncc(C(F)(F)F)c3)c2)c1 1 c1ccc(N=Nc2cccc(NCc3cccnc3)c2)cc1 0.9777446 2.5358 1.0000000 1.0000 1.0000000 1.0000 []
 | 6.9554 44.3925 -44.3925 0.0000000 c1ccc(N=Nc2ccc(OCc3cccc(-c4ccccc4)c3)cc2)cc1 1 c1ccc(N=Nc2ccc(OCc3cccc(-c4ccccc4)c3)cc2)cc1 0.9907878 1.9526 1.0000000 1.0000 1.0000000 1.0000 []
 | 12.4673 44.0500 81.4041 0.9801095 COc1ccc(N=Nc2cccc(F)n2)cc1 1 c1ccc(N=Nc2ccccn2)cc1 0.9801095 2.4611 1.0000000 1.0000 1.0000000 1.0000 []
03:57:02 <INFO> Sampled SMILES Fc1cccc(N=Nc2ccccc2)c1CN1CCN(Cc2cccc(OC3CC3)nc2)CC1 failed to sanitize.
03:57:04 <INFO> Score: 0.80 Agent NLL: 12.99 Valid:  99% Step: 189
 | Agent Prior Target Score SMILES SMILES_state Scaffold SA SA (raw) Alerts Alerts (raw) PS_Scaffold PS_Scaffold (raw) matchting_patterns (Alerts)
 | 17.2691 46.8676 70.7511 0.9188965 COc1cccc(N=Nc2ccc(CN3CC4C(C3)C4(F)F)cc2)c1 1 c1ccc(N=Nc2ccc(CN3CC4CC4C3)cc2)cc1 0.9188965 3.4187 1.0000000 1.0000 1.0000000 1.0000 []
 | 12.7804 38.8311 87.2592 0.9850805 Fc1ccc(CN2CCCN(c3cc(N=Nc4ccccc4)ccc3F)CC2)cc1 1 c1ccc(CN2CCCN(c3cccc(N=Nc4ccccc4)c3)CC2)cc1 0.9850805 2.2704 1.0000000 1.0000 1.0000000 1.0000 []
 | 8.2709 46.1566 80.0189 0.9857460 c1ccc(-c2cccc(-c3cccc(N=Nc4ccc5c(c4)OCO5)c3)c2)cc1 1 c1ccc(-c2cccc(-c3cccc(N=Nc4ccc5c(c4)OCO5)c3)c2)cc1 0.9857460 2.2403 1.0000000 1.0000 1.0000000 1.0000 []
 | 13.2012 45.1214 78.5054 0.9658340 c1ccc(CN2CCC(Nc3cccc(N=Nc4ccc(N5CCCCCC5)cc4)c3)C2)cc1 1 c1ccc(CN2CCC(Nc3cccc(N=Nc4ccc(N5CCCCCC5)cc4)c3)C2)cc1 0.9658340 2.8230 1.0000000 1.0000 1.0000000 1.0000 []
 | 8.2412 45.0903 81.8345 0.9916000 O=C(Nc1ccccc1)c1ccc(N=Nc2ccc(-c3ccccc3)cc2)cc1 1 O=C(Nc1ccccc1)c1ccc(N=Nc2ccc(-c3ccccc3)cc2)cc1 0.9916000 1.8919 1.0000000 1.0000 1.0000000 1.0000 []
 | 17.9515 52.3262 69.7454 0.9536843 OC1CCCCN(Cc2ccc(N=Nc3ccc(C4CCC4)cn3)cc2)C1 1 c1cc(N=Nc2ccc(C3CCC3)cn2)ccc1CN1CCCCCC1 0.9536843 3.0295 1.0000000 1.0000 1.0000000 1.0000 []
 | 21.5628 45.6392 78.7342 0.9716666 Brc1cc(N=Nc2ccn[nH]2)ccc1NCc1ccc(CN2CCCC2)cc1 1 c1cc(N=Nc2ccc(NCc3ccc(CN4CCCC4)cc3)cc2)[nH]n1 0.9716666 2.6972 1.0000000 1.0000 1.0000000 1.0000 []
 | 8.8606 44.0703 81.8552 0.9837929 Fc1cccc(N=Nc2cccnc2)c1-c1ccccc1-c1ccccc1 1 c1ccc(-c2ccccc2-c2ccccc2N=Nc2cccnc2)cc1 0.9837929 2.3252 1.0000000 1.0000 1.0000000 1.0000 []
 | 17.5777 29.6136 93.3593 0.9607264 O=C(c1ccccc1N=Nc1ccccc1)N1CCC(O)(C(=O)NCCC2(O)CCCCC2)CC1 1 O=C(NCCC1CCCCC1)C1CCN(C(=O)c2ccccc2N=Nc2ccccc2)CC1 0.9607264 2.9173 1.0000000 1.0000 1.0000000 1.0000 []
 | 9.8515 55.2806 68.6876 0.9685013 c1ccc(N=Nc2ccc(N3Cc4ccccc4CC3c3ccccc3)cc2)cc1 1 c1ccc(N=Nc2ccc(N3Cc4ccccc4CC3c3ccccc3)cc2)cc1 0.9685013 2.7683 1.0000000 1.0000 1.0000000 1.0000 []
03:57:06 <INFO> Score: 0.86 Agent NLL: 13.31 Valid: 100% Step: 190
 | Agent Prior Target Score SMILES SMILES_state Scaffold SA SA (raw) Alerts Alerts (raw) PS_Scaffold PS_Scaffold (raw) matchting_patterns (Alerts)
 | 17.7913 39.6407 85.7829 0.9798722 OCCc1c[nH]c2ccc(Nc3ccc(N=Nc4cccc(F)c4)cc3)cc12 1 c1ccc(N=Nc2ccc(Nc3ccc4[nH]ccc4c3)cc2)cc1 0.9798722 2.4689 1.0000000 1.0000 1.0000000 1.0000 []
 | 11.5645 41.0757 -41.0757 0.0000000 c1nc(CCNCc2ccc(N=Nc3ccc(N4CCOCC4)cc3)cc2)c[nH]1 1 c1nc(CCNCc2ccc(N=Nc3ccc(N4CCOCC4)cc3)cc2)c[nH]1 0.9727443 2.6712 1.0000000 1.0000 1.0000000 1.0000 []
 | 14.8274 60.0130 65.2674 0.9787528 COCCOc1cccc(N=Nc2cccc(N=Nc3ccccc3)c2)c1 1 c1ccc(N=Nc2cccc(N=Nc3ccccc3)c2)cc1 0.9787528 2.5049 1.0000000 1.0000 1.0000000 1.0000 []
 | 11.7226 27.0119 86.1848 0.8843485 O=C(c1ccccc1N=Nc1cccc(O)c1)N1CC(F)C(NC(=O)C2(c3ccccc3F)CCC2)C1 1 O=C(c1ccccc1N=Nc1ccccc1)N1CCC(NC(=O)C2(c3ccccc3)CCC2)C1 0.8843485 3.6748 1.0000000 1.0000 1.0000000 1.0000 []
 | 12.3278 33.8692 92.3140 0.9858062 c1ccc(N=Nc2ccc(C3CCNCC3)cc2)cc1 1 c1ccc(N=Nc2ccc(C3CCNCC3)cc2)cc1 0.9858062 2.2375 1.0000000 1.0000 1.0000000 1.0000 []
 | 13.6705 44.0992 80.9542 0.9769803 OC1(c2ccccc2)CCN(Cc2ccc(N=Nc3cccc4ccncc34)cc2)CC1 1 c1ccc(C2CCN(Cc3ccc(N=Nc4cccc5ccncc45)cc3)CC2)cc1 0.9769803 2.5583 1.0000000 1.0000 1.0000000 1.0000 []
 | 8.2068 24.4538 102.1187 0.9888477 O=C(c1ccccc1N=Nc1ccccc1)N1CCN(c2ccccc2)CC1 1 O=C(c1ccccc1N=Nc1ccccc1)N1CCN(c2ccccc2)CC1 0.9888477 2.0784 1.0000000 1.0000 1.0000000 1.0000 []
 | 15.6819 54.0931 70.0953 0.9702217 N#Cc1ccc(N=Nc2cccc(CO)n2)cc1N1CCCN(c2ccccc2)CC1 1 c1ccc(N2CCCN(c3cccc(N=Nc4ccccn4)c3)CC2)cc1 0.9702217 2.7305 1.0000000 1.0000 1.0000000 1.0000 []
 | 15.3448 43.2353 82.1752 0.9797695 O=C(Nc1ccccc1-c1ccc(N=Nc2ccncc2)cc1F)C1CCCCC1 1 O=C(Nc1ccccc1-c1ccc(N=Nc2ccncc2)cc1)C1CCCCC1 0.9797695 2.4723 1.0000000 1.0000 1.0000000 1.0000 []
 | 9.4978 40.8072 85.7834 0.9889894 O=C(c1ccc(N=Nc2cccc3ccccc23)cc1)N1CCCC1 1 O=C(c1ccc(N=Nc2cccc3ccccc23)cc1)N1CCCC1 0.9889894 2.0699 1.0000000 1.0000 1.0000000 1.0000 []
03:57:07 <INFO> Sampled SMILES O=C(c1ccc(N=Nc2ccccc2)cc1)N1CCN(Cc2cccc(Oc3ccccc3)cc2)CC1 failed to sanitize.
03:57:07 <INFO> Sampled SMILES c1cc(N=Nc2cccc(CCO)nc2)ccc1Oc1cccc(N2CCOCC2)c1 failed to sanitize.
03:57:09 <INFO> Score: 0.81 Agent NLL: 13.73 Valid:  98% Step: 191
 | Agent Prior Target Score SMILES SMILES_state Scaffold SA SA (raw) Alerts Alerts (raw) PS_Scaffold PS_Scaffold (raw) matchting_patterns (Alerts)
 | 12.9080 46.4470 79.5341 0.9842278 Fc1ccc(N2CCN(Cc3ccccc3N=Nc3cccc(F)c3)CC2)cc1 1 c1ccc(N=Nc2ccccc2CN2CCN(c3ccccc3)CC2)cc1 0.9842278 2.3072 1.0000000 1.0000 1.0000000 1.0000 []
 | 25.5783 57.2129 68.3011 0.9805779 Clc1cccc(Cl)c1CNc1ccc(N=Nc2ccc(Oc3ccccc3)cc2)nc1 1 c1ccc(CNc2ccc(N=Nc3ccc(Oc4ccccc4)cc3)nc2)cc1 0.9805779 2.4452 1.0000000 1.0000 1.0000000 1.0000 []
 | 15.6002 47.6453 77.1363 0.9748560 OCc1cccc(N=Nc2cc(-c3ccccc3-c3ccccc3)c(F)cc2F)n1 1 c1ccc(-c2ccccc2-c2cccc(N=Nc3ccccn3)c2)cc1 0.9748560 2.6172 1.0000000 1.0000 1.0000000 1.0000 []
 | 11.6779 27.3977 94.9525 0.9558610 O=C(c1ccccc1N=Nc1cccc(O)c1)N1CC(O)(C(=O)N2CCC(F)CC2)C1 1 O=C(c1ccccc1N=Nc1ccccc1)N1CC(C(=O)N2CCCCC2)C1 0.9558610 2.9966 1.0000000 1.0000 1.0000000 1.0000 []
 | 13.0968 42.1118 84.2881 0.9874997 c1ccc(N=Nc2cccc(Oc3cccc(CN4CCCCC4)c3)c2)cc1 1 c1ccc(N=Nc2cccc(Oc3cccc(CN4CCCCC4)c3)c2)cc1 0.9874997 2.1536 1.0000000 1.0000 1.0000000 1.0000 []
 | 11.7768 45.0593 78.8099 0.9677280 c1ccc(N=Nc2cccc(N=Nc3cnc(N4CCOCC4)nc3)c2)cc1 1 c1ccc(N=Nc2cccc(N=Nc3cnc(N4CCOCC4)nc3)c2)cc1 0.9677280 2.7846 1.0000000 1.0000 1.0000000 1.0000 []
 | 7.0895 39.1044 -39.1044 0.0000000 Fc1ccc(N=Nc2ccc(-c3ccc(-c4ccccc4)cc3)cc2)cc1 1 c1ccc(N=Nc2ccc(-c3ccc(-c4ccccc4)cc3)cc2)cc1 0.9932907 1.7444 1.0000000 1.0000 1.0000000 1.0000 []
 | 9.4616 27.7527 97.2503 0.9765865 O=C(c1ccccc1N=Nc1cccc(O)c1)N(Cc1ccccn1)Cc1ccccn1 1 O=C(c1ccccc1N=Nc1ccccc1)N(Cc1ccccn1)Cc1ccccn1 0.9765865 2.5696 1.0000000 1.0000 1.0000000 1.0000 []
 | 16.8875 64.8745 54.8800 0.9355820 O=C(NCC1CCCN1Cc1ccc(N=Nc2ccnc(CO)n2)cc1)OCc1ccccc1 1 O=C(NCC1CCCN1Cc1ccc(N=Nc2ccncn2)cc1)OCc1ccccc1 0.9355820 3.2569 1.0000000 1.0000 1.0000000 1.0000 []
 | 12.4893 48.0736 77.9688 0.9847057 c1cc(-c2ccc3c(c2)CCC3)ccc1N=Nc1ccc(N2CCCCCC2)cc1 1 c1cc(-c2ccc3c(c2)CCC3)ccc1N=Nc1ccc(N2CCCCCC2)cc1 0.9847057 2.2868 1.0000000 1.0000 1.0000000 1.0000 []
03:57:10 <INFO> Sampled SMILES Fc1cccc(N=Nc2ccccc2)n1-c1ccc(-c2ccccc2)cc1 failed to sanitize.
03:57:10 <INFO> Sampled SMILES c1cccc(-c2ccccc2)cc1N=Nc1ccccc1Cc1ccccc1 failed to sanitize.
03:57:12 <INFO> Score: 0.80 Agent NLL: 13.09 Valid:  98% Step: 192
 | Agent Prior Target Score SMILES SMILES_state Scaffold SA SA (raw) Alerts Alerts (raw) PS_Scaffold PS_Scaffold (raw) matchting_patterns (Alerts)
 | 15.1490 47.1573 78.8182 0.9841834 Brc1cccc(N=Nc2ccc(-c3ccc(N4CCCC4)nc3)cc2)c1 1 c1ccc(N=Nc2ccc(-c3ccc(N4CCCC4)nc3)cc2)cc1 0.9841834 2.3091 1.0000000 1.0000 1.0000000 1.0000 []
 | 15.4451 52.4932 71.3215 0.9673027 Fc1cc(N=Nc2ccc(-c3ccccc3)cc2)ccc1OCC1CCCN(Cc2ccccc2)C1 1 c1ccc(CN2CCCC(COc3ccc(N=Nc4ccc(-c5ccccc5)cc4)cc3)C2)cc1 0.9673027 2.7934 1.0000000 1.0000 1.0000000 1.0000 []
 | 13.2681 35.9306 89.4742 0.9797245 Fc1ccc(N=Nc2ccccc2)cc1N1CCN(c2cccnn2)CC1 1 c1ccc(N=Nc2cccc(N3CCN(c4cccnn4)CC3)c2)cc1 0.9797245 2.4738 1.0000000 1.0000 1.0000000 1.0000 []
 | 14.5520 40.8416 84.9068 0.9824093 c1ccc(N=Nc2ccccc2NCc2ccccc2-n2cncn2)cc1 1 c1ccc(N=Nc2ccccc2NCc2ccccc2-n2cncn2)cc1 0.9824093 2.3795 1.0000000 1.0000 1.0000000 1.0000 []
 | 9.4307 27.8114 95.8719 0.9662754 O=C(c1ccc(N=Nc2ccccc2)cc1)N1CC(F)(C(=O)Nc2ccc(N=Nc3ccccc3)cc2)C1 1 O=C(Nc1ccc(N=Nc2ccccc2)cc1)C1CN(C(=O)c2ccc(N=Nc3ccccc3)cc2)C1 0.9662754 2.8143 1.0000000 1.0000 1.0000000 1.0000 []
 | 15.8271 71.4259 52.8269 0.9707254 Cc1occc1-c1cccc(N=Nc2ccc(CCO)nc2)c1 1 c1cncc(N=Nc2cccc(-c3ccoc3)c2)c1 0.9707254 2.7191 1.0000000 1.0000 1.0000000 1.0000 []
 | 11.9759 24.7125 99.2093 0.9681390 O=C(c1ccccc1N=Nc1ccc(O)cc1)N1CCC(Oc2ccccc2)C1 1 O=C(c1ccccc1N=Nc1ccccc1)N1CCC(Oc2ccccc2)C1 0.9681390 2.7760 1.0000000 1.0000 1.0000000 1.0000 []
 | 18.1711 54.9619 65.8763 0.9440482 O=C(OCc1ccccc1)C1(F)CCCN(Cc2cccc(N=Nc3ccccc3F)c2)C1 1 O=C(OCc1ccccc1)C1CCCN(Cc2cccc(N=Nc3ccccc3)c2)C1 0.9440482 3.1592 1.0000000 1.0000 1.0000000 1.0000 []
 | 7.3420 46.5925 -46.5925 0.0000000 Fc1ccc(N=Nc2ccccc2)cc1N=Nc1ccccc1-n1cccc1 1 c1ccc(N=Nc2cccc(N=Nc3ccccc3-n3cccc3)c2)cc1 0.9678488 2.7821 1.0000000 1.0000 1.0000000 1.0000 []
 | 15.6276 38.6611 78.6675 0.9166297 O=C(c1ccccc1N=Nc1ccncc1)N1CC(O)(C(=O)N2CCCCC2CCO)C1 1 O=C(c1ccccc1N=Nc1ccncc1)N1CC(C(=O)N2CCCCC2)C1 0.9166297 3.4382 1.0000000 1.0000 1.0000000 1.0000 []
03:57:14 <INFO> Score: 0.85 Agent NLL: 13.59 Valid:  98% Step: 193
 | Agent Prior Target Score SMILES SMILES_state Scaffold SA SA (raw) Alerts Alerts (raw) PS_Scaffold PS_Scaffold (raw) matchting_patterns (Alerts)
 | 15.3042 35.0854 86.8174 0.9523659 O=C1NCCC1NCc1ccc(N=Nc2cccc(C3CC3)c2)cc1 1 O=C1NCCC1NCc1ccc(N=Nc2cccc(C3CC3)c2)cc1 0.9523659 3.0487 1.0000000 1.0000 1.0000000 1.0000 []
 | 18.3175 48.0174 77.4216 0.9799924 O=C(C1CC1)N1CCC(CNCc2ccc(N=Nc3ccccc3O)cc2)CC1 1 O=C(C1CC1)N1CCC(CNCc2ccc(N=Nc3ccccc3)cc2)CC1 0.9799924 2.4650 1.0000000 1.0000 1.0000000 1.0000 []
 | 13.2803 52.6295 73.6237 0.9863533 c1ccc(-c2cccc(Nc3cccc(N=Nc4cccnc4)c3)c2)cc1 1 c1ccc(-c2cccc(Nc3cccc(N=Nc4cccnc4)c3)c2)cc1 0.9863533 2.2115 1.0000000 1.0000 1.0000000 1.0000 []
 | 12.6330 44.7180 81.5760 0.9866719 O=C(c1ccc(N=Nc2cccc(Cc3ccccc3)c2)cc1)N1CCOCC1 1 O=C(c1ccc(N=Nc2cccc(Cc3ccccc3)c2)cc1)N1CCOCC1 0.9866719 2.1959 1.0000000 1.0000 1.0000000 1.0000 []
 | 13.6397 39.4388 79.0620 0.9257876 O=C(c1ccccc1N=Nc1cc(O)cnc1O)N1CCCC1c1cccs1 1 O=C(c1ccccc1N=Nc1cccnc1)N1CCCC1c1cccs1 0.9257876 3.3559 1.0000000 1.0000 1.0000000 1.0000 []
 | 14.4508 28.1187 93.7260 0.9519112 O=C(c1ccccc1N=Nc1ccccc1)N1CCC(O)(C(=O)N2CCc3[nH]c(=O)[nH]c(=O)c3C2)CC1 1 O=C(c1ccccc1N=Nc1ccccc1)N1CCC(C(=O)N2CCc3[nH]c(=O)[nH]c(=O)c3C2)CC1 0.9519112 3.0552 1.0000000 1.0000 1.0000000 1.0000 []
 | 8.5269 45.0713 -45.0713 0.0000000 c1ccc(N=Nc2cccc(-c3cccc(N=Nc4ccccc4)c3)c2)cc1 1 c1ccc(N=Nc2cccc(-c3cccc(N=Nc4ccccc4)c3)c2)cc1 0.9885923 2.0933 1.0000000 1.0000 1.0000000 1.0000 []
 | 9.2169 34.7481 -34.7481 0.0000000 c1ccc(N=Nc2ccc(OC3CCCCC3)cc2)cc1 1 c1ccc(N=Nc2ccc(OC3CCCCC3)cc2)cc1 0.9886520 2.0898 1.0000000 1.0000 1.0000000 1.0000 []
 | 19.3749 35.8550 -35.8550 0.0000000 O=C(c1ccccc1N=Nc1cccc(O)c1)N1CCc2ccccc2C1C(=O)N1C1CCC1COC 0 -- 0.0000000 0.0000 0.0000000 0.0000 0.0000000 0.0000 None
 | 13.0948 44.3415 81.5379 0.9834326 c1ccc(N=Nc2cccc(NCc3ccc(Cn4cccc4)cc3)c2)cc1 1 c1ccc(N=Nc2cccc(NCc3ccc(Cn4cccc4)cc3)c2)cc1 0.9834326 2.3398 1.0000000 1.0000 1.0000000 1.0000 []
03:57:15 <INFO> Sampled SMILES c1cccc(Cc2ccccc2)cc1N=Nc1cccc(F)c1 failed to sanitize.
03:57:17 <INFO> Score: 0.84 Agent NLL: 13.37 Valid:  99% Step: 194
 | Agent Prior Target Score SMILES SMILES_state Scaffold SA SA (raw) Alerts Alerts (raw) PS_Scaffold PS_Scaffold (raw) matchting_patterns (Alerts)
 | 12.1181 53.8676 72.0008 0.9833472 Fc1ccc(N=Nc2cccc3ccccc23)cc1CN1CCCN(c2ccccc2)CC1 1 c1ccc(N2CCCN(Cc3cccc(N=Nc4cccc5ccccc45)c3)CC2)cc1 0.9833472 2.3432 1.0000000 1.0000 1.0000000 1.0000 []
 | 10.7664 55.1693 69.4201 0.9733548 Oc1ccc(N=Nc2ccccc2)cc1N=Nc1ccccc1N1CCC1 1 c1ccc(N=Nc2cccc(N=Nc3ccccc3N3CCC3)c2)cc1 0.9733548 2.6560 1.0000000 1.0000 1.0000000 1.0000 []
 | 22.9716 29.4569 -29.4569 0.0000000 CN(c1ccccc1-c1ccc(C2(CO)CCC2)cc1)C1CCCCC1 1 c1ccc(-c2ccc(C3CCC3)cc2)c(NC2CCCCC2)c1 0.0000000 0.0000 1.0000000 1.0000 0.0000000 0.0000 []
 | 11.9859 47.7066 78.4823 0.9858509 Clc1ccccc1N=Nc1cccc(-c2cccc(CN3CCCCCC3)c2)c1 1 c1ccc(N=Nc2cccc(-c3cccc(CN4CCCCCC4)c3)c2)cc1 0.9858509 2.2354 1.0000000 1.0000 1.0000000 1.0000 []
 | 11.6031 36.2000 90.4633 0.9895577 Oc1ccc(CCCOc2ccc(N=Nc3ccccc3)cc2)cc1 1 c1ccc(CCCOc2ccc(N=Nc3ccccc3)cc2)cc1 0.9895577 2.0350 1.0000000 1.0000 1.0000000 1.0000 []
 | 18.9857 50.4900 73.4265 0.9680975 O=C(NC1CCN(Cc2cccc(N=Nc3cc(CO)on3)c2)CC1)C1CCC1 1 O=C(NC1CCN(Cc2cccc(N=Nc3ccon3)c2)CC1)C1CCC1 0.9680975 2.7769 1.0000000 1.0000 1.0000000 1.0000 []
 | 9.3024 41.2741 85.7067 0.9920380 O=C(c1ccccc1)c1ccc(N=Nc2ccccc2)cc1 1 O=C(c1ccccc1)c1ccc(N=Nc2ccccc2)cc1 0.9920380 1.8567 1.0000000 1.0000 1.0000000 1.0000 []
 | 15.1165 49.6412 75.6227 0.9786239 CCn1cc(-c2cccc(N=Nc3cccc(F)c3)c2)c(C)n1 1 c1ccc(N=Nc2cccc(-c3cn[nH]c3)c2)cc1 0.9786239 2.5090 1.0000000 1.0000 1.0000000 1.0000 []
 | 15.5180 42.6101 83.3511 0.9840717 c1ccc(Cc2cccc(N=Nc3cccc(COC4CCCCC4)c3)c2)cc1 1 c1ccc(Cc2cccc(N=Nc3cccc(COC4CCCCC4)c3)c2)cc1 0.9840717 2.3137 1.0000000 1.0000 1.0000000 1.0000 []
 | 11.8666 43.6838 82.2160 0.9835923 O=C(c1ccccc1N=Nc1ccccc1)N(c1ccc(F)cc1)C1CC1 1 O=C(c1ccccc1N=Nc1ccccc1)N(c1ccccc1)C1CC1 0.9835923 2.3333 1.0000000 1.0000 1.0000000 1.0000 []
03:58:10 <INFO> Score: 0.77 Agent NLL: 12.63 Valid: 100% Step: 195
 | Agent Prior Target Score SMILES SMILES_state Scaffold SA SA (raw) Alerts Alerts (raw) PS_Scaffold PS_Scaffold (raw) matchting_patterns (Alerts)
 | 11.0651 47.7271 76.2871 0.9688604 Brc1ccc(N=Nc2ccccc2)cc1N=Nc1ccccc1CN1CCOCC1 1 c1ccc(N=Nc2cccc(N=Nc3ccccc3CN3CCOCC3)c2)cc1 0.9688604 2.7606 1.0000000 1.0000 1.0000000 1.0000 []
 | 15.7059 37.2745 87.9845 0.9785858 Clc1cnc(COc2ccc(N=Nc3ccccc3)cc2Cl)cn1 1 c1ccc(N=Nc2ccc(OCc3cnccn3)cc2)cc1 0.9785858 2.5102 1.0000000 1.0000 1.0000000 1.0000 []
 | 15.0314 46.3228 79.2712 0.9812031 Fc1ccc(CN2CCCN(Cc3ccc(N=Nc4ccc5ccncc5c4)cc3)CC2)cc1 1 c1ccc(CN2CCCN(Cc3ccc(N=Nc4ccc5ccncc5c4)cc3)CC2)cc1 0.9812031 2.4235 1.0000000 1.0000 1.0000000 1.0000 []
 | 15.7074 35.7869 89.1113 0.9757670 Fc1ncccc1CNc1cccc(N=Nc2cccc(C(F)(F)F)c2)c1 1 c1ccc(N=Nc2cccc(NCc3cccnc3)c2)cc1 0.9757670 2.5926 1.0000000 1.0000 1.0000000 1.0000 []
 | 10.8949 39.2180 87.0663 0.9865959 c1ccc(Cc2ccc(N=Nc3cccc4ccncc34)cc2)cc1 1 c1ccc(Cc2ccc(N=Nc3cccc4ccncc34)cc2)cc1 0.9865959 2.1996 1.0000000 1.0000 1.0000000 1.0000 []
 | 10.2419 47.8019 -47.8019 0.0000000 O=C(c1ccccc1N=Nc1ccncc1)N(c1ccc(C(F)(F)F)cc1)C1CC1 1 O=C(c1ccccc1N=Nc1ccncc1)N(c1ccccc1)C1CC1 0.9731901 2.6601 1.0000000 1.0000 1.0000000 1.0000 []
 | 18.9218 55.4902 69.3175 0.9750603 c1cc(N=Nc2cccc(N3CCOCC3)n2)cc(-c2ccc(CNC3CCC3)cc2)c1 1 c1cc(N=Nc2cccc(N3CCOCC3)n2)cc(-c2ccc(CNC3CCC3)cc2)c1 0.9750603 2.6118 1.0000000 1.0000 1.0000000 1.0000 []
 | 12.5661 40.1454 85.8326 0.9842032 Cc1ccc(N=Nc2ccccc2)cc1N1CCN(c2cccc(O)c2)CC1 1 c1ccc(N=Nc2cccc(N3CCN(c4ccccc4)CC3)c2)cc1 0.9842032 2.3082 1.0000000 1.0000 1.0000000 1.0000 []
 | 9.5349 59.0251 67.8091 0.9908923 O=C(Nc1ccccc1)c1ccc(N=Nc2cccc(-c3ccccc3)c2)cc1 1 O=C(Nc1ccccc1)c1ccc(N=Nc2cccc(-c3ccccc3)c2)cc1 0.9908923 1.9451 1.0000000 1.0000 1.0000000 1.0000 []
 | 14.0926 36.8426 88.5300 0.9794731 Oc1ccc(N=Nc2ccccc2)cc1N1CCC(CN2CCCCCC2)CC1 1 c1ccc(N=Nc2cccc(N3CCC(CN4CCCCCC4)CC3)c2)cc1 0.9794731 2.4820 1.0000000 1.0000 1.0000000 1.0000 []
03:58:12 <INFO> Score: 0.82 Agent NLL: 13.25 Valid: 100% Step: 196
 | Agent Prior Target Score SMILES SMILES_state Scaffold SA SA (raw) Alerts Alerts (raw) PS_Scaffold PS_Scaffold (raw) matchting_patterns (Alerts)
 | 12.4318 49.2607 75.7250 0.9764508 O=C(Cc1ccccc1)c1ccc(N=Nc2ccnc(N3CCOCC3)c2)cc1F 1 O=C(Cc1ccccc1)c1ccc(N=Nc2ccnc(N3CCOCC3)c2)cc1 0.9764508 2.5735 1.0000000 1.0000 1.0000000 1.0000 []
 | 20.0746 40.4775 85.9161 0.9874497 c1ccc(N=Nc2ccccc2OCCC2CC2)cc1 1 c1ccc(N=Nc2ccccc2OCCC2CC2)cc1 0.9874497 2.1562 1.0000000 1.0000 1.0000000 1.0000 []
 | 9.5351 41.7063 -41.7063 0.0000000 c1ccc(N=Nc2ccc(-c3ccccc3N3CCC3)cc2)cc1 1 c1ccc(N=Nc2ccc(-c3ccccc3N3CCC3)cc2)cc1 0.9893193 2.0499 1.0000000 1.0000 1.0000000 1.0000 []
 | 11.8404 47.5564 79.0943 0.9894592 O=C(Cc1ccccc1)NCc1cccc(N=Nc2ccc(F)cc2)c1 1 O=C(Cc1ccccc1)NCc1cccc(N=Nc2ccccc2)c1 0.9894592 2.0412 1.0000000 1.0000 1.0000000 1.0000 []
 | 12.2597 38.8170 87.4809 0.9867020 Cc1c(N=Nc2ccccc2)cccc1C(=O)Nc1ccc(N2CCCCC2)cc1 1 O=C(Nc1ccc(N2CCCCC2)cc1)c1cccc(N=Nc2ccccc2)c1 0.9867020 2.1944 1.0000000 1.0000 1.0000000 1.0000 []
 | 12.5983 45.8742 79.1333 0.9766210 Clc1ccc(N=Nc2ccccc2)cc1N=Nc1ccc(CN2CCOCC2)cc1 1 c1ccc(N=Nc2cccc(N=Nc3ccc(CN4CCOCC4)cc3)c2)cc1 0.9766210 2.5686 1.0000000 1.0000 1.0000000 1.0000 []
 | 16.8678 36.7072 83.7333 0.9409416 FC1(F)CCCC1Oc1ccc(N=Nc2ccccc2Cl)cc1 1 c1ccc(N=Nc2ccc(OC3CCCC3)cc2)cc1 0.9409416 3.1966 1.0000000 1.0000 1.0000000 1.0000 []
 | 9.7764 36.5829 89.9549 0.9885765 Fc1ccc(N=Nc2ccccc2)cc1-c1cccc2ccccc12 1 c1ccc(N=Nc2cccc(-c3cccc4ccccc34)c2)cc1 0.9885765 2.0942 1.0000000 1.0000 1.0000000 1.0000 []
 | 15.8145 38.2708 87.7263 0.9843522 O=C(c1ccc(N=Nc2ccccc2)cc1F)N1CCCc2ccccc21 1 O=C(c1ccc(N=Nc2ccccc2)cc1)N1CCCc2ccccc21 0.9843522 2.3020 1.0000000 1.0000 1.0000000 1.0000 []
 | 11.2636 38.9637 86.7028 0.9817694 Fc1cccc(N=Nc2ccccc2)c1-c1cccc(CCN2CCOCC2)c1 1 c1ccc(N=Nc2ccccc2-c2cccc(CCN3CCOCC3)c2)cc1 0.9817694 2.4032 1.0000000 1.0000 1.0000000 1.0000 []
03:58:12 <INFO> Sampled SMILES C=Cc1ccc(C(=O)NCc2cccc(NC(=O)c3cccc4c3NC(=Oc4ccccc3)C3)c2)cc1 failed to sanitize.
03:58:14 <INFO> Score: 0.75 Agent NLL: 13.38 Valid:  98% Step: 197
 | Agent Prior Target Score SMILES SMILES_state Scaffold SA SA (raw) Alerts Alerts (raw) PS_Scaffold PS_Scaffold (raw) matchting_patterns (Alerts)
 | 14.0359 35.6470 89.9190 0.9809842 Fc1cccc(N=Nc2cccc(N3CCC(CN4CCCC4)CC3)c2)c1 1 c1ccc(N=Nc2cccc(N3CCC(CN4CCCC4)CC3)c2)cc1 0.9809842 2.4312 1.0000000 1.0000 1.0000000 1.0000 []
 | 13.0896 51.6071 74.6076 0.9860519 Oc1cc(N=Nc2ccccc2)ccc1-c1cc(-c2ccccc2)ccc1-c1ccccc1 1 c1ccc(N=Nc2ccc(-c3cc(-c4ccccc4)ccc3-c3ccccc3)cc2)cc1 0.9860519 2.2259 1.0000000 1.0000 1.0000000 1.0000 []
 | 17.8123 70.1368 55.4400 0.9810686 O=C(Cc1ccccc1F)NCc1cc(C(=O)Nc2ccc(N=Nc3ccc(Cl)cc3)cc2)ccn1 1 O=C(Cc1ccccc1)NCc1cc(C(=O)Nc2ccc(N=Nc3ccccc3)cc2)ccn1 0.9810686 2.4282 1.0000000 1.0000 1.0000000 1.0000 []
 | 7.7729 35.2378 -35.2378 0.0000000 c1ccc(CCCCOc2ccc(N=Nc3ccccc3)cc2)cc1 1 c1ccc(CCCCOc2ccc(N=Nc3ccccc3)cc2)cc1 0.9912974 1.9152 1.0000000 1.0000 1.0000000 1.0000 []
 | 17.0453 55.1782 70.2078 0.9795778 c1ccc(N=Nc2ccc(Cc3ccccc3OCCN3CCCNC3)cc2)cc1 1 c1ccc(N=Nc2ccc(Cc3ccccc3OCCN3CCCNC3)cc2)cc1 0.9795778 2.4786 1.0000000 1.0000 1.0000000 1.0000 []
 | 7.8509 44.7665 -44.7665 0.0000000 O=C(NCc1ccccc1)c1ccc(N=Nc2cccc3ccccc23)cc1 1 O=C(NCc1ccccc1)c1ccc(N=Nc2cccc3ccccc23)cc1 0.9903078 1.9860 1.0000000 1.0000 1.0000000 1.0000 []
 | 8.7922 41.5690 -41.5690 0.0000000 Fc1ccc(N=Nc2ccncc2)cc1-c1ccccc1-c1ccccc1 1 c1ccc(-c2ccccc2-c2cccc(N=Nc3ccncc3)c2)cc1 0.9852821 2.2614 1.0000000 1.0000 1.0000000 1.0000 []
 | 14.9603 25.3555 88.1143 0.8864830 O=C(c1ccccc1N=Nc1ccc(O)cc1)N1CCCC(C(=O)N2CC3(CC(O)C3)C2)CC1 1 O=C(c1ccccc1N=Nc1ccccc1)N1CCCC(C(=O)N2CC3(CCC3)C2)CC1 0.8864830 3.6611 1.0000000 1.0000 1.0000000 1.0000 []
 | 13.4998 35.5994 89.7439 0.9792447 C1=NN(c2cccc(CNCc3ccc(CN4CCCC4)cc3)c2)CCC1 1 C1=NN(c2cccc(CNCc3ccc(CN4CCCC4)cc3)c2)CCC1 0.9792447 2.4894 1.0000000 1.0000 1.0000000 1.0000 []
 | 13.2327 35.1592 90.5726 0.9822799 Clc1ccc(N=Nc2ccc(OCc3cn[nH]c3)cc2)cc1 1 c1ccc(N=Nc2ccc(OCc3cn[nH]c3)cc2)cc1 0.9822799 2.3843 1.0000000 1.0000 1.0000000 1.0000 []
03:58:14 <INFO> Sampled SMILES N(c1ccc(N=Nc2ccccn2)cc1)c1cnc(N2CCCN(S(=O)(=O)c3ccccc3)CC2)n1 failed to sanitize.
03:58:16 <INFO> Score: 0.78 Agent NLL: 13.42 Valid:  99% Step: 198
 | Agent Prior Target Score SMILES SMILES_state Scaffold SA SA (raw) Alerts Alerts (raw) PS_Scaffold PS_Scaffold (raw) matchting_patterns (Alerts)
 | 9.5631 33.8173 92.6784 0.9882483 C(=Cc1ccccc1)COc1ccc(N=Nc2ccccc2)cc1 1 C(=Cc1ccccc1)COc1ccc(N=Nc2ccccc2)cc1 0.9882483 2.1129 1.0000000 1.0000 1.0000000 1.0000 []
 | 9.7574 36.1123 90.3910 0.9883067 c1ccc(N=Nc2cccc(-c3cccc(CN4CCCCC4)c3)c2)cc1 1 c1ccc(N=Nc2cccc(-c3cccc(CN4CCCCC4)c3)c2)cc1 0.9883067 2.1096 1.0000000 1.0000 1.0000000 1.0000 []
 | 12.8575 53.4571 69.4720 0.9603837 Fc1ccc(N=Nc2ccccc2)cc1N=Nc1cc(-c2ccccc2)nc(N2CCOCC2)n1 1 c1ccc(N=Nc2cccc(N=Nc3cc(-c4ccccc4)nc(N4CCOCC4)n3)c2)cc1 0.9603837 2.9231 1.0000000 1.0000 1.0000000 1.0000 []
 | 18.5642 49.2331 76.3895 0.9814266 CCOC(=O)Cc1ccc(COc2ccc(N=Nc3ccccn3)cc2F)cc1 1 c1ccc(COc2ccc(N=Nc3ccccn3)cc2)cc1 0.9814266 2.4156 1.0000000 1.0000 1.0000000 1.0000 []
 | 15.2120 26.7646 94.5035 0.9474069 O=C(c1ccccc1N=Nc1cccc(O)c1)N1CCC(C(=O)N2CC(Oc3ccccc3F)C2)C1 1 O=C(c1ccccc1N=Nc1ccccc1)N1CCC(C(=O)N2CC(Oc3ccccc3)C2)C1 0.9474069 3.1166 1.0000000 1.0000 1.0000000 1.0000 []
 | 13.2173 47.9564 77.7558 0.9821265 c1ccc(CCCCN2CCN(Cc3ccc(N=Nc4ccc(N5CCOCC5)cc4)cc3)CC2)cc1 1 c1ccc(CCCCN2CCN(Cc3ccc(N=Nc4ccc(N5CCOCC5)cc4)cc3)CC2)cc1 0.9821265 2.3901 1.0000000 1.0000 1.0000000 1.0000 []
 | 15.4392 50.0561 75.7270 0.9826807 COc1ccc(N=Nc2cccc(Sc3ccc(CN4CCOCC4)cc3)c2)cc1 1 c1ccc(N=Nc2cccc(Sc3ccc(CN4CCOCC4)cc3)c2)cc1 0.9826807 2.3692 1.0000000 1.0000 1.0000000 1.0000 []
 | 11.8931 36.7740 88.7147 0.9803804 Clc1ccc(N=Nc2cccc(-c3ccnc(N4CCNCC4)c3)c2)cc1 1 c1ccc(N=Nc2cccc(-c3ccnc(N4CCNCC4)c3)c2)cc1 0.9803804 2.4519 1.0000000 1.0000 1.0000000 1.0000 []
 | 11.0479 37.1513 88.5964 0.9824042 O=C1CCN(c2ccc(-c3cc(N=Nc4ccccc4)ccc3F)cc2)CC1 1 O=C1CCN(c2ccc(-c3cccc(N=Nc4ccccc4)c3)cc2)CC1 0.9824042 2.3797 1.0000000 1.0000 1.0000000 1.0000 []
 | 29.6746 59.7763 -59.7763 0.0000000 N(c1ccc(N=Nc2ccccn2)cc1)c1cnc(N2CCCN(S(=O)(=O)c3ccccc3)CC2)n1 0 -- 0.0000000 0.0000 0.0000000 0.0000 0.0000000 0.0000 None
03:58:17 <INFO> Sampled SMILES N#Cc1ccc(N=Nc2cc(C3CCCCC3)nn2C)cc1O1CCCCC1 failed to sanitize.
03:58:17 <INFO> Sampled SMILES C1CCN=c2ccc(N=Nc3ccc(N4CCCCC4)nc3)cc21 failed to sanitize.
03:58:21 <INFO> Score: 0.80 Agent NLL: 13.95 Valid:  98% Step: 199
 | Agent Prior Target Score SMILES SMILES_state Scaffold SA SA (raw) Alerts Alerts (raw) PS_Scaffold PS_Scaffold (raw) matchting_patterns (Alerts)
 | 13.6009 44.8920 77.9004 0.9593157 CC1OCc2cc(CNc3ccc(N=Nc4ccccc4)cc3)ccc21 1 c1ccc(N=Nc2ccc(NCc3ccc4c(c3)COC4)cc2)cc1 0.9593157 2.9412 1.0000000 1.0000 1.0000000 1.0000 []
 | 11.3213 32.7295 -32.7295 0.0000000 Fc1ccc(N=Nc2ccc(OCc3ccccc3)cc2)cc1 1 c1ccc(COc2ccc(N=Nc3ccccc3)cc2)cc1 0.9918143 1.8749 1.0000000 1.0000 1.0000000 1.0000 []
 | 11.6581 42.7245 82.0363 0.9746937 Fc1ccccc1N=Nc1cccc(-c2ccccc2N2CCCNC2)c1 1 c1ccc(N=Nc2cccc(-c3ccccc3N3CCCNC3)c2)cc1 0.9746937 2.6215 1.0000000 1.0000 1.0000000 1.0000 []
 | 13.4157 35.2976 90.5297 0.9830256 CCN(c1ccccc1)S(=O)(=O)c1ccccc1N=Nc1cccc(OC)c1 1 O=S(=O)(Nc1ccccc1)c1ccccc1N=Nc1ccccc1 0.9830256 2.3558 1.0000000 1.0000 1.0000000 1.0000 []
 | 6.6533 45.5063 -45.5063 0.0000000 O=C(NCc1ccccc1)c1ccc(N=Nc2ccccc2)cc1 1 O=C(NCc1ccccc1)c1ccc(N=Nc2ccccc2)cc1 0.9923413 1.8312 1.0000000 1.0000 1.0000000 1.0000 []
 | 14.3367 43.0205 82.2300 0.9785198 c1cc(N=Nc2cccc(N3CCCCC3)c2)cc(-c2ccccc2-n2cccc2)c1 1 c1cc(N=Nc2cccc(N3CCCCC3)c2)cc(-c2ccccc2-n2cccc2)c1 0.9785198 2.5122 1.0000000 1.0000 1.0000000 1.0000 []
 | 20.8745 56.4603 68.5699 0.9767983 O=c1ccnc(-c2ccccc2N=Nc2cccc(Br)c2)cc1 1 O=c1ccnc(-c2ccccc2N=Nc2ccccc2)cc1 0.9767983 2.5636 1.0000000 1.0000 1.0000000 1.0000 []
 | 11.0672 28.7427 91.5604 0.9398683 O=C(C1Cc2ccccc2CN1C(=O)c1ccccc1N=Nc1ccc(O)cc1)N1CCC(F)CC1 1 O=C(C1Cc2ccccc2CN1C(=O)c1ccccc1N=Nc1ccccc1)N1CCCCC1 0.9398683 3.2091 1.0000000 1.0000 1.0000000 1.0000 []
 | 16.6645 45.9580 79.0245 0.9764259 O=C(c1ccc(N=Nc2ccc(OC3CCCC3)cc2)cc1)N1CCN(C2CCOCC2)CC1 1 O=C(c1ccc(N=Nc2ccc(OC3CCCC3)cc2)cc1)N1CCN(C2CCOCC2)CC1 0.9764259 2.5742 1.0000000 1.0000 1.0000000 1.0000 []
 | 25.0068 55.1852 -55.1852 0.0000000 N#Cc1ccc(N=Nc2cc(C3CCCCC3)nn2C)cc1O1CCCCC1 0 -- 0.0000000 0.0000 0.0000000 0.0000 0.0000000 0.0000 None
03:58:22 <INFO> Sampled SMILES c1cc(N=Nc2c3ccccc3nc2C)ccc1CN1CCOCC1 failed to sanitize.
03:59:09 <INFO> Score: 0.78 Agent NLL: 12.47 Valid:  99% Step: 200
 | Agent Prior Target Score SMILES SMILES_state Scaffold SA SA (raw) Alerts Alerts (raw) PS_Scaffold PS_Scaffold (raw) matchting_patterns (Alerts)
 | 10.0975 51.3504 72.0355 0.9639527 Oc1ccc(N=Nc2ccccc2)cc1N=Nc1ccccc1Cn1cccc1 1 c1ccc(N=Nc2cccc(N=Nc3ccccc3Cn3cccc3)c2)cc1 0.9639527 2.8592 1.0000000 1.0000 1.0000000 1.0000 []
 | 13.3070 39.2991 86.6828 0.9842336 FC(F)(F)c1ccc(N=Nc2ccc(OCCCC3CCCC3)cc2)cc1 1 c1ccc(N=Nc2ccc(OCCCC3CCCC3)cc2)cc1 0.9842336 2.3070 1.0000000 1.0000 1.0000000 1.0000 []
 | 14.6468 45.5456 62.6998 0.8456673 O=C(c1ccccc1N=Nc1ccncc1)N1CC(NC(=O)C(O)(c2ccccc2)C2CCC2)CC1CO 1 O=C(NC1CCN(C(=O)c2ccccc2N=Nc2ccncc2)C1)C(c1ccccc1)C1CCC1 0.8456673 3.8919 1.0000000 1.0000 1.0000000 1.0000 []
 | 12.7829 30.7228 92.7614 0.9647201 O=C(c1ccc(N=Nc2cccc(O)c2)cc1)N1CC(F)(C(=O)N2CCN(c3ccccc3O)CC2)C1 1 O=C(c1ccc(N=Nc2ccccc2)cc1)N1CC(C(=O)N2CCN(c3ccccc3)CC2)C1 0.9647201 2.8447 1.0000000 1.0000 1.0000000 1.0000 []
 | 16.4775 44.1143 81.9546 0.9849135 Brc1cccc(N=Nc2ccc(-c3ccccc3OCCN3CCCC3)cc2)c1 1 c1ccc(N=Nc2ccc(-c3ccccc3OCCN3CCCC3)cc2)cc1 0.9849135 2.2778 1.0000000 1.0000 1.0000000 1.0000 []
 | 8.6468 43.8709 -43.8709 0.0000000 Fc1cccc(N=Nc2ccc(-c3cccc(-c4ccccc4)c3)cc2)c1 1 c1ccc(N=Nc2ccc(-c3cccc(-c4ccccc4)c3)cc2)cc1 0.9896420 2.0297 1.0000000 1.0000 1.0000000 1.0000 []
 | 10.7270 36.7656 88.7352 0.9804748 Fc1cccc(N=Nc2ccccc2)c1CN1CCN(Cc2cccs2)CC1 1 c1ccc(N=Nc2ccccc2CN2CCN(Cc3cccs3)CC2)cc1 0.9804748 2.4487 1.0000000 1.0000 1.0000000 1.0000 []
 | 11.9899 45.1662 80.5912 0.9824793 Fc1ccccc1-c1ccccc1N=Nc1cc(Cl)ccc1N1CCCCC1 1 c1ccc(-c2ccccc2N=Nc2ccccc2N2CCCCC2)cc1 0.9824793 2.3768 1.0000000 1.0000 1.0000000 1.0000 []
 | 16.4415 50.3300 75.9290 0.9863982 c1ccc(-c2ccc(N=Nc3cccc(CN4CCCCC4)c3)cc2)nc1 1 c1ccc(-c2ccc(N=Nc3cccc(CN4CCCCC4)c3)cc2)nc1 0.9863982 2.2093 1.0000000 1.0000 1.0000000 1.0000 []
 | 9.4605 42.0545 84.2775 0.9869688 Fc1cccc(N=Nc2ccccc2)c1-c1cccc2ccccc12 1 c1ccc(N=Nc2ccccc2-c2cccc3ccccc23)cc1 0.9869688 2.1810 1.0000000 1.0000 1.0000000 1.0000 []
03:59:10 <INFO> Sampled SMILES c1c(N=Nc2ccc(-c3ccccc3)cc2)ccc1C(=O)NC1CCC1 failed to sanitize.
03:59:11 <INFO> Score: 0.79 Agent NLL: 12.54 Valid:  99% Step: 201
 | Agent Prior Target Score SMILES SMILES_state Scaffold SA SA (raw) Alerts Alerts (raw) PS_Scaffold PS_Scaffold (raw) matchting_patterns (Alerts)
 | 11.9367 42.6843 82.3569 0.9768844 Fc1ccc(N=Nc2ccccc2)cc1-c1cccc(F)c1C1CCOCC1 1 c1ccc(N=Nc2cccc(-c3ccccc3C3CCOCC3)c2)cc1 0.9768844 2.5611 1.0000000 1.0000 1.0000000 1.0000 []
 | 13.3073 49.8235 74.4907 0.9712053 c1cc(N=Nc2ccc(N3CCCCCC3)nc2)cc(-c2ccnc(N3CCNCC3)c2)c1 1 c1cc(N=Nc2ccc(N3CCCCCC3)nc2)cc(-c2ccnc(N3CCNCC3)c2)c1 0.9712053 2.7080 1.0000000 1.0000 1.0000000 1.0000 []
 | 13.4375 55.1615 70.3619 0.9806519 O=C1COc2cc(-c3cccc(N=Nc4cccc(Cl)c4)c3)ccc2N1Cc1ccccc1 1 O=C1COc2cc(-c3cccc(N=Nc4ccccc4)c3)ccc2N1Cc1ccccc1 0.9806519 2.4427 1.0000000 1.0000 1.0000000 1.0000 []
 | 11.2910 41.5814 -41.5814 0.0000000 Brc1ccc(N=Nc2ccc(-c3ccccc3-c3ccncc3)cc2)cc1 1 c1ccc(N=Nc2ccc(-c3ccccc3-c3ccncc3)cc2)cc1 0.9873012 2.1640 1.0000000 1.0000 1.0000000 1.0000 []
 | 8.1062 42.6635 -42.6635 0.0000000 c1ccc(-c2cccc(-c3cccc(N=Nc4cccnc4)c3)c2)cc1 1 c1ccc(-c2cccc(-c3cccc(N=Nc4cccnc4)c3)c2)cc1 0.9877120 2.1423 1.0000000 1.0000 1.0000000 1.0000 []
 | 7.4356 43.4885 -43.4885 0.0000000 O=C(CCc1ccccc1)Nc1ccc(N=Nc2ccccc2)cc1 1 O=C(CCc1ccccc1)Nc1ccc(N=Nc2ccccc2)cc1 0.9917836 1.8774 1.0000000 1.0000 1.0000000 1.0000 []
 | 11.8639 39.3449 85.7431 0.9772501 O=C1CCN(c2cccc(-c3cc(N=Nc4cccc(F)c4)ccc3F)c2)CC1 1 O=C1CCN(c2cccc(-c3cccc(N=Nc4ccccc4)c3)c2)CC1 0.9772501 2.5505 1.0000000 1.0000 1.0000000 1.0000 []
 | 7.9266 43.8373 -43.8373 0.0000000 O=C(Nc1ccccc1)c1ccc(N=Nc2cccc(Cl)c2)cc1 1 O=C(Nc1ccccc1)c1ccc(N=Nc2ccccc2)cc1 0.9912955 1.9153 1.0000000 1.0000 1.0000000 1.0000 []
 | 8.9978 41.5690 -41.5690 0.0000000 Fc1ccc(N=Nc2ccncc2)cc1-c1ccccc1-c1ccccc1 1 c1ccc(-c2ccccc2-c2cccc(N=Nc3ccncc3)c2)cc1 0.9852821 2.2614 1.0000000 1.0000 1.0000000 1.0000 []
 | 9.3984 39.1148 87.4392 0.9887036 c1ccc(N=Nc2cccc(-c3ccc(CN4CCCCCC4)cc3)c2)cc1 1 c1ccc(N=Nc2cccc(-c3ccc(CN4CCCCCC4)cc3)c2)cc1 0.9887036 2.0868 1.0000000 1.0000 1.0000000 1.0000 []
03:59:13 <INFO> Score: 0.80 Agent NLL: 13.69 Valid: 100% Step: 202
 | Agent Prior Target Score SMILES SMILES_state Scaffold SA SA (raw) Alerts Alerts (raw) PS_Scaffold PS_Scaffold (raw) matchting_patterns (Alerts)
 | 23.5034 45.6512 73.3382 0.9296051 O=C(Cc1c(F)cccc1F)NCC1(O)CCN(C(=O)c2ccccc2N=Nc2ccncc2)C1 1 O=C(Cc1ccccc1)NCC1CCN(C(=O)c2ccccc2N=Nc2ccncc2)C1 0.9296051 3.3189 1.0000000 1.0000 1.0000000 1.0000 []
 | 17.8861 36.5649 89.7363 0.9867280 O=C(Nc1cccc2ccccc12)c1ccccc1N=Nc1cccc(O)c1 1 O=C(Nc1cccc2ccccc12)c1ccccc1N=Nc1ccccc1 0.9867280 2.1931 1.0000000 1.0000 1.0000000 1.0000 []
 | 12.2941 28.7240 93.2647 0.9530370 O=C(c1ccccc1N=Nc1cccc(O)c1)N1CCN(CC(=O)N2CCCCC2CO)CC1 1 O=C(CN1CCN(C(=O)c2ccccc2N=Nc2ccccc2)CC1)N1CCCCC1 0.9530370 3.0390 1.0000000 1.0000 1.0000000 1.0000 []
 | 11.8836 29.0528 93.0190 0.9536853 O=C(C1Cc2ccccc2CN1C(=O)c1ccccc1N=Nc1ccccc1)N1CC(O)C1 1 O=C(C1Cc2ccccc2CN1C(=O)c1ccccc1N=Nc1ccccc1)N1CCC1 0.9536853 3.0295 1.0000000 1.0000 1.0000000 1.0000 []
 | 16.4246 45.0430 80.6762 0.9821806 Fc1ccccc1N=Nc1ncccc1CNc1ccccc1 1 c1ccc(N=Nc2ncccc2CNc2ccccc2)cc1 0.9821806 2.3881 1.0000000 1.0000 1.0000000 1.0000 []
 | 13.4872 47.0774 77.2999 0.9716973 OCc1cccc(C=NCc2cccc(N=Nc3ccccc3)c2)n1 1 C(=NCc1cccc(N=Nc2ccccc2)c1)c1ccccn1 0.9716973 2.6964 1.0000000 1.0000 1.0000000 1.0000 []
 | 17.4225 39.2625 86.4588 0.9821975 c1ccc(Oc2cccc(N=Nc3cccc4c3OCC4)c2)cc1 1 c1ccc(Oc2cccc(N=Nc3cccc4c3OCC4)c2)cc1 0.9821975 2.3874 1.0000000 1.0000 1.0000000 1.0000 []
 | 13.0147 38.0294 87.6497 0.9818679 Oc1ccc(N=Nc2ccncc2)cc1-c1ccc(CN2CCCC2)cc1 1 c1cc(N=Nc2ccncc2)cc(-c2ccc(CN3CCCC3)cc2)c1 0.9818679 2.3996 1.0000000 1.0000 1.0000000 1.0000 []
 | 20.5485 60.9060 63.3075 0.9704181 O=C(Nc1cccc(N=Nc2ccccc2OC(F)(F)Cn2cccn2)c1)c1ccccc1 1 O=C(Nc1cccc(N=Nc2ccccc2OCCn2cccn2)c1)c1ccccc1 0.9704181 2.7261 1.0000000 1.0000 1.0000000 1.0000 []
 | 12.6415 38.0107 87.9450 0.9840292 c1ccc(N=Nc2cccc(N3CCCN(CCCN4CCCC4)CC3)c2)cc1 1 c1ccc(N=Nc2cccc(N3CCCN(CCCN4CCCC4)CC3)c2)cc1 0.9840292 2.3155 1.0000000 1.0000 1.0000000 1.0000 []
03:59:15 <INFO> Score: 0.74 Agent NLL: 13.26 Valid:  99% Step: 203
 | Agent Prior Target Score SMILES SMILES_state Scaffold SA SA (raw) Alerts Alerts (raw) PS_Scaffold PS_Scaffold (raw) matchting_patterns (Alerts)
 | 16.1238 37.7084 86.9453 0.9738566 c1ccc(N=Nc2ccc(-c3cnco3)cn2)cc1 1 c1ccc(N=Nc2ccc(-c3cnco3)cn2)cc1 0.9738566 2.6433 1.0000000 1.0000 1.0000000 1.0000 []
 | 12.9042 52.3512 73.6569 0.9844381 c1ccc(Oc2ccccc2N=Nc2cccc(-c3cccnc3-c3ccccc3)c2)cc1 1 c1ccc(Oc2ccccc2N=Nc2cccc(-c3cccnc3-c3ccccc3)c2)cc1 0.9844381 2.2983 1.0000000 1.0000 1.0000000 1.0000 []
 | 10.4117 39.5399 86.3347 0.9833949 OC1CCN(c2ccc(-c3cccc(N=Nc4cccc(F)c4)c3)cc2)CC1 1 c1ccc(N=Nc2cccc(-c3ccc(N4CCCCC4)cc3)c2)cc1 0.9833949 2.3413 1.0000000 1.0000 1.0000000 1.0000 []
 | 10.3981 53.1864 72.5012 0.9819348 O=C(c1ccc(N=Nc2ccccc2OC2CCCC2)cc1)C1CCC1 1 O=C(c1ccc(N=Nc2ccccc2OC2CCCC2)cc1)C1CCC1 0.9819348 2.3971 1.0000000 1.0000 1.0000000 1.0000 []
 | 16.7222 64.9613 60.8552 0.9829416 CCc1ccc(N=Nc2cccc(NC(=O)Cc3ccc(F)cc3)c2)cn1 1 O=C(Cc1ccccc1)Nc1cccc(N=Nc2cccnc2)c1 0.9829416 2.3591 1.0000000 1.0000 1.0000000 1.0000 []
 | 19.2376 60.8361 -60.8361 0.0000000 c1cc(N=Nc2ccccc2)ccc1NC(=O)C12CCC(=O)N1CC(C1CC1)C1 0 -- 0.0000000 0.0000 0.0000000 0.0000 0.0000000 0.0000 None
 | 14.3933 47.1009 79.0740 0.9857417 O=C(CNC(=O)c1ccccc1OC(F)F)Nc1ccc(N=Nc2ccccc2)cc1 1 O=C(CNC(=O)c1ccccc1)Nc1ccc(N=Nc2ccccc2)cc1 0.9857417 2.2405 1.0000000 1.0000 1.0000000 1.0000 []
 | 12.6206 44.1223 74.8422 0.9294099 O=C(OCc1ccccc1)C1Cc2ccccc2CN1C(=O)c1ccccc1N=Nc1cc(O)cnc1O 1 O=C(OCc1ccccc1)C1Cc2ccccc2CN1C(=O)c1ccccc1N=Nc1cccnc1 0.9294099 3.3208 1.0000000 1.0000 1.0000000 1.0000 []
 | 13.9405 31.4643 93.3332 0.9749802 CN1CCC(N(C)c2ccc(N=Nc3ccc4c(c3)OCO4)cc2)CC1 1 c1cc(NC2CCNCC2)ccc1N=Nc1ccc2c(c1)OCO2 0.9749802 2.6139 1.0000000 1.0000 1.0000000 1.0000 []
 | 17.9610 50.7782 75.2303 0.9844407 CCN(c1ccc(N=Nc2ccccc2)cc1)C1CCC1 1 c1ccc(N=Nc2ccc(NC3CCC3)cc2)cc1 0.9844407 2.2982 1.0000000 1.0000 1.0000000 1.0000 []
03:59:16 <INFO> Sampled SMILES Fc1cccc(N=Nc2ccccc2)n1CSc1cccc(N=Nc2ccccc2)c1 failed to sanitize.
03:59:16 <INFO> Sampled SMILES Fc1ccc(N=Nc2cncc(N3CCOCC3)n2)cc1C(=O)1CCCC1 failed to sanitize.
03:59:18 <INFO> Score: 0.75 Agent NLL: 12.86 Valid:  96% Step: 204
 | Agent Prior Target Score SMILES SMILES_state Scaffold SA SA (raw) Alerts Alerts (raw) PS_Scaffold PS_Scaffold (raw) matchting_patterns (Alerts)
 | 16.5121 55.4802 64.7387 0.9392101 OC1CCN(c2ccc(N=Nc3cccc(F)c3C3CCCN(C4CCCC4)C3)cc2)CC1 1 c1ccc(C2CCCN(C3CCCC3)C2)c(N=Nc2ccc(N3CCCCC3)cc2)c1 0.9392101 3.2166 1.0000000 1.0000 1.0000000 1.0000 []
 | 12.4300 27.2855 92.6232 0.9367860 O=C(c1ccccc1N=Nc1ccc(O)cc1)N1CCC(F)(C(=O)N2CCC(c3ccccc3)C2)CC1 1 O=C(c1ccccc1N=Nc1ccccc1)N1CCC(C(=O)N2CCC(c3ccccc3)C2)CC1 0.9367860 3.2438 1.0000000 1.0000 1.0000000 1.0000 []
 | 9.2280 40.2758 85.1569 0.9799423 O=C(c1ccccc1N=Nc1ccccc1)N(c1ccc(C(F)(F)F)cc1)C1CC1 1 O=C(c1ccccc1N=Nc1ccccc1)N(c1ccccc1)C1CC1 0.9799423 2.4666 1.0000000 1.0000 1.0000000 1.0000 []
 | 15.5616 39.3235 86.6025 0.9837969 c1ccc(Oc2ccc(N=Nc3cccc(CNC4COC4)c3)cc2)cc1 1 c1ccc(Oc2ccc(N=Nc3cccc(CNC4COC4)c3)cc2)cc1 0.9837969 2.3250 1.0000000 1.0000 1.0000000 1.0000 []
 | 18.5551 60.8770 -60.8770 0.0000000 Fc1cccc(N=Nc2ccccc2)n1CSc1cccc(N=Nc2ccccc2)c1 0 -- 0.0000000 0.0000 0.0000000 0.0000 0.0000000 0.0000 None
 | 21.8464 59.6198 57.9721 0.9186874 CS(=O)(=O)OCCOC(O)c1ccnc(-c2ccc(N=Nc3ccccn3)cc2)c1 1 c1ccc(N=Nc2ccc(-c3ccccn3)cc2)nc1 0.9186874 3.4205 1.0000000 1.0000 1.0000000 1.0000 []
 | 11.3341 42.4124 -42.4124 0.0000000 O=C(Nc1ccc(N=Nc2ccc(C(F)(F)F)cc2)cc1)c1ccccc1 1 O=C(Nc1ccc(N=Nc2ccccc2)cc1)c1ccccc1 0.9896553 2.0288 1.0000000 1.0000 1.0000000 1.0000 []
 | 13.2475 27.4946 97.2816 0.9748140 O=C(c1ccccc1N=Nc1cccc(O)c1)N(CCNC(=O)C(F)(F)F)Cc1ccccc1 1 O=C(NCc1ccccc1)c1ccccc1N=Nc1ccccc1 0.9748140 2.6184 1.0000000 1.0000 1.0000000 1.0000 []
 | 11.3876 51.8663 -51.8663 0.0000000 COc1cccc(N=Nc2ccc(C(=O)N3CCCC3)cc2)c1 1 O=C(c1ccc(N=Nc2ccccc2)cc1)N1CCCC1 0.9890952 2.0636 1.0000000 1.0000 1.0000000 1.0000 []
 | 15.4207 39.8473 86.3224 0.9857007 c1cc(CNc2ccc(N=Nc3ccc(C4CC4)cc3)cc2)ccn1 1 c1cc(CNc2ccc(N=Nc3ccc(C4CC4)cc3)cc2)ccn1 0.9857007 2.2424 1.0000000 1.0000 1.0000000 1.0000 []
03:59:19 <INFO> Sampled SMILES c1cc(N=Nc2ccc(OC)cc2)ccc1-c1cnc2cc[nH]c21 failed to sanitize.
03:59:22 <INFO> Score: 0.78 Agent NLL: 13.67 Valid:  98% Step: 205
 | Agent Prior Target Score SMILES SMILES_state Scaffold SA SA (raw) Alerts Alerts (raw) PS_Scaffold PS_Scaffold (raw) matchting_patterns (Alerts)
 | 10.3514 49.1535 77.3985 0.9886879 Fc1cccc(N=Nc2ccc(Oc3ccccc3-c3ccccc3)cc2)c1 1 c1ccc(N=Nc2ccc(Oc3ccccc3-c3ccccc3)cc2)cc1 0.9886879 2.0877 1.0000000 1.0000 1.0000000 1.0000 []
 | 15.7259 42.9286 82.6696 0.9812356 OCc1ccccc1N=Nc1cccc(-c2ccc(Cl)nc2)c1 1 c1ccc(N=Nc2cccc(-c3cccnc3)c2)cc1 0.9812356 2.4223 1.0000000 1.0000 1.0000000 1.0000 []
 | 12.5163 37.6198 87.2949 0.9758956 OC(c1ccccc1)c1cccc(-c2cccc(N=Nc3ccccc3)c2)c1 1 c1ccc(Cc2cccc(-c3cccc(N=Nc4ccccc4)c3)c2)cc1 0.9758956 2.5890 1.0000000 1.0000 1.0000000 1.0000 []
 | 16.0577 44.9886 80.6386 0.9814624 Cc1cccc(N=Nc2ccc(NC3CCCCC3)nc2)c1 1 c1ccc(N=Nc2ccc(NC3CCCCC3)nc2)cc1 0.9814624 2.4143 1.0000000 1.0000 1.0000000 1.0000 []
 | 10.4939 44.4313 -44.4313 0.0000000 O=C(Cc1ccc(Br)cc1)Nc1ccc(N=Nc2ccccc2)cc1 1 O=C(Cc1ccccc1)Nc1ccc(N=Nc2ccccc2)cc1 0.9903699 1.9818 1.0000000 1.0000 1.0000000 1.0000 []
 | 20.9481 40.1250 83.6990 0.9673755 C1=NN(c2cccc(CNCc3ccccc3SCCN3CCOCC3)c2)CCCC1 1 C1=NN(c2cccc(CNCc3ccccc3SCCN3CCOCC3)c2)CCCC1 0.9673755 2.7919 1.0000000 1.0000 1.0000000 1.0000 []
 | 14.5744 51.3172 -51.3172 0.0000000 c1cc(N=Nc2ccc(OC)cc2)ccc1-c1cnc2cc[nH]c21 0 -- 0.0000000 0.0000 0.0000000 0.0000 0.0000000 0.0000 None
 | 15.0202 44.7631 77.9727 0.9588728 Fc1cccc(N=Nc2ccc(C(F)(F)F)cc2)c1C1CCCN1Cc1ccccc1 1 c1ccc(CN2CCCC2c2ccccc2N=Nc2ccccc2)cc1 0.9588728 2.9486 1.0000000 1.0000 1.0000000 1.0000 []
 | 6.8182 40.1949 -40.1949 0.0000000 Fc1ccc(N=Nc2ccccc2)cc1-c1cccc(-c2ccccc2)c1 1 c1ccc(N=Nc2cccc(-c3cccc(-c4ccccc4)c3)c2)cc1 0.9890397 2.0669 1.0000000 1.0000 1.0000000 1.0000 []
 | 13.0633 36.1654 89.7801 0.9839488 Fc1ccc(N=Nc2cccc(CN3CCCN(Cc4ccccn4)CC3)c2)cc1 1 c1ccc(N=Nc2cccc(CN3CCCN(Cc4ccccn4)CC3)c2)cc1 0.9839488 2.3188 1.0000000 1.0000 1.0000000 1.0000 []
03:59:22 <INFO> Sampled SMILES O=c1ccnc(N=Nc2ccc(N3CCCCCC3)cc2)c1C1CCC1 failed to sanitize.
04:00:04 <INFO> Score: 0.76 Agent NLL: 14.01 Valid:  94% Step: 206
 | Agent Prior Target Score SMILES SMILES_state Scaffold SA SA (raw) Alerts Alerts (raw) PS_Scaffold PS_Scaffold (raw) matchting_patterns (Alerts)
 | 6.7135 41.7968 -41.7968 0.0000000 O=C(c1ccc(N=Nc2ccccc2)cc1)N1CCCC1 1 O=C(c1ccc(N=Nc2ccccc2)cc1)N1CCCC1 0.9908641 1.9471 1.0000000 1.0000 1.0000000 1.0000 []
 | 12.5165 53.1168 72.3372 0.9801090 O=C(c1cccc(N=Nc2ccccc2-c2nc3ccccc3[nH]2)c1)C1CCC1 1 O=C(c1cccc(N=Nc2ccccc2-c2nc3ccccc3[nH]2)c1)C1CCC1 0.9801090 2.4611 1.0000000 1.0000 1.0000000 1.0000 []
 | 9.7016 30.3554 94.9064 0.9786077 O=C(c1ccccc1N=Nc1cccc(O)c1)N1CCN(c2ccccc2C(=O)N2CCCCC2)CC1 1 O=C(c1ccccc1N=Nc1ccccc1)N1CCN(c2ccccc2C(=O)N2CCCCC2)CC1 0.9786077 2.5095 1.0000000 1.0000 1.0000000 1.0000 []
 | 21.7624 41.7354 82.8888 0.9736263 Oc1ccc(N=Nc2ccccc2)cc1NCc1cccc(OCCN2CCOCC2)n1 1 c1ccc(N=Nc2cccc(NCc3cccc(OCCN4CCOCC4)n3)c2)cc1 0.9736263 2.6492 1.0000000 1.0000 1.0000000 1.0000 []
 | 10.8317 48.2648 -48.2648 0.0000000 O=C(c1ccccc1N=Nc1ccncc1)N(c1ccccc1)C1CCCC1 1 O=C(c1ccccc1N=Nc1ccncc1)N(c1ccccc1)C1CCCC1 0.9784874 2.5132 1.0000000 1.0000 1.0000000 1.0000 []
 | 13.6919 51.2382 74.4365 0.9818339 Brc1cccc(N=Nc2ccncc2)c1-c1ccccc1-c1ccccc1 1 c1ccc(-c2ccccc2-c2ccccc2N=Nc2ccncc2)cc1 0.9818339 2.4008 1.0000000 1.0000 1.0000000 1.0000 []
 | 13.5903 30.0778 86.0700 0.9074048 O=C1NCCN(C(=O)C2(F)CN(C(=O)c3ccccc3N=Nc3ccccc3)C2)C1CCO 1 O=C1CN(C(=O)C2CN(C(=O)c3ccccc3N=Nc3ccccc3)C2)CCN1 0.9074048 3.5132 1.0000000 1.0000 1.0000000 1.0000 []
 | 11.0037 38.6012 87.5519 0.9855714 c1cncc(N=Nc2cccc(-c3ccc(N4CCCC4)cc3)c2)c1 1 c1cncc(N=Nc2cccc(-c3ccc(N4CCCC4)cc3)c2)c1 0.9855714 2.2483 1.0000000 1.0000 1.0000000 1.0000 []
 | 13.4751 35.5477 89.9939 0.9807937 c1ccc(N=Nc2ccc(-c3ncccc3C3CCOCC3)cc2)cc1 1 c1ccc(N=Nc2ccc(-c3ncccc3C3CCOCC3)cc2)cc1 0.9807937 2.4378 1.0000000 1.0000 1.0000000 1.0000 []
 | 14.3224 42.8778 82.8470 0.9822256 c1cc(CC2CCCC2)cc(N=Nc2cccc(CN3CCOCC3)c2)c1 1 c1cc(CC2CCCC2)cc(N=Nc2cccc(CN3CCOCC3)c2)c1 0.9822256 2.3864 1.0000000 1.0000 1.0000000 1.0000 []
04:00:06 <INFO> Score: 0.75 Agent NLL: 13.44 Valid:  99% Step: 207
 | Agent Prior Target Score SMILES SMILES_state Scaffold SA SA (raw) Alerts Alerts (raw) PS_Scaffold PS_Scaffold (raw) matchting_patterns (Alerts)
 | 15.4297 45.3435 80.3544 0.9820155 Oc1ccc(N=Nc2ccccc2)cc1-c1c(F)cccc1N1CCC1 1 c1ccc(N=Nc2cccc(-c3ccccc3N3CCC3)c2)cc1 0.9820155 2.3942 1.0000000 1.0000 1.0000000 1.0000 []
 | 11.8137 36.6558 -36.6558 0.0000000 Fc1cccc(N=Nc2ccc(NCc3cccc(-c4ncccn4)c3)cc2)c1 1 c1ccc(N=Nc2ccc(NCc3cccc(-c4ncccn4)c3)cc2)cc1 0.9831535 2.3508 1.0000000 1.0000 1.0000000 1.0000 []
 | 17.2797 39.4096 83.0462 0.9566863 Cn1c2c([nH]c1=O)CCN(C(=O)c1ccccc1N=Nc1ccncc1)C2 1 O=C(c1ccccc1N=Nc1ccncc1)N1CCc2[nH]c(=O)[nH]c2C1 0.9566863 2.9838 1.0000000 1.0000 1.0000000 1.0000 []
 | 8.8563 36.0701 90.0919 0.9856409 Fc1ccc(N=Nc2ccccc2)cc1-c1ccccc1N1CCCCC1 1 c1ccc(N=Nc2cccc(-c3ccccc3N3CCCCC3)c2)cc1 0.9856409 2.2451 1.0000000 1.0000 1.0000000 1.0000 []
 | 13.7101 43.2588 82.8981 0.9856007 Fc1ccc(N=Nc2cccc(-c3ccccc3OC3CCC3)c2)cc1 1 c1ccc(N=Nc2cccc(-c3ccccc3OC3CCC3)c2)cc1 0.9856007 2.2470 1.0000000 1.0000 1.0000000 1.0000 []
 | 8.0611 43.3106 -43.3106 0.0000000 Fc1cccc(N=Nc2ccc(-c3ccc(-c4ccccc4)cc3)cc2)c1 1 c1ccc(N=Nc2ccc(-c3ccc(-c4ccccc4)cc3)cc2)cc1 0.9907038 1.9585 1.0000000 1.0000 1.0000000 1.0000 []
 | 18.0435 31.6219 85.0498 0.9114981 O=C(c1ccccc1N=Nc1cccnc1)N1CC(F)(C(=O)NC2CCc3c(F)cccc32)C1 1 O=C(NC1CCc2ccccc21)C1CN(C(=O)c2ccccc2N=Nc2cccnc2)C1 0.9114981 3.4808 1.0000000 1.0000 1.0000000 1.0000 []
 | 10.4778 35.9810 90.0910 0.9849372 O=C1NCCN1c1ccc(N=Nc2ccccc2)cc1 1 O=C1NCCN1c1ccc(N=Nc2ccccc2)cc1 0.9849372 2.2767 1.0000000 1.0000 1.0000000 1.0000 []
 | 21.6653 66.4739 57.6284 0.9695494 Cc1cccnc1N=Nc1cccc(N2CCN(c3cccc(C(F)(F)F)n3)CC2)c1 1 c1ccc(N=Nc2cccc(N3CCN(c4ccccn4)CC3)c2)nc1 0.9695494 2.7455 1.0000000 1.0000 1.0000000 1.0000 []
 | 16.1316 33.5780 88.7762 0.9558922 Cc1cc(N=Nc2ccc(F)cc2)ccc1CN1Cc2ccccc2CC1CO 1 c1ccc(N=Nc2ccc(CN3CCc4ccccc4C3)cc2)cc1 0.9558922 2.9962 1.0000000 1.0000 1.0000000 1.0000 []
04:00:07 <INFO> Sampled SMILES c1cc(N=Nc2cc3ccccc3[nH]c2)ccc1C(=O)Nc1ccccc1 failed to sanitize.
04:00:08 <INFO> Score: 0.78 Agent NLL: 12.96 Valid:  99% Step: 208
 | Agent Prior Target Score SMILES SMILES_state Scaffold SA SA (raw) Alerts Alerts (raw) PS_Scaffold PS_Scaffold (raw) matchting_patterns (Alerts)
 | 10.7640 26.6598 95.3499 0.9532007 O=C(c1ccccc1N=Nc1ccccc1)N1CCn2cccc2C1c1cccnc1 1 O=C(c1ccccc1N=Nc1ccccc1)N1CCn2cccc2C1c1cccnc1 0.9532007 3.0366 1.0000000 1.0000 1.0000000 1.0000 []
 | 13.7127 27.9482 88.1623 0.9071134 O=C(C=C1CCN(C(=O)c2ccccc2N=Nc2ccccc2)CC1)N1CCC2(CC1)N=N2 1 O=C(C=C1CCN(C(=O)c2ccccc2N=Nc2ccccc2)CC1)N1CCC2(CC1)N=N2 0.9071134 3.5154 1.0000000 1.0000 1.0000000 1.0000 []
 | 16.2712 62.4336 58.1402 0.9419826 N#CCCN1CCC(Nc2ccc(N=Nc3ccccc3-n3cccc3)cc2)C1 1 c1ccc(-n2cccc2)c(N=Nc2ccc(NC3CCNC3)cc2)c1 0.9419826 3.1843 1.0000000 1.0000 1.0000000 1.0000 []
 | 10.8665 47.0495 78.0882 0.9776379 OCc1cccc(N=Nc2ccc(Br)c(-c3ccccc3-c3ccccc3)c2)n1 1 c1ccc(-c2ccccc2-c2cccc(N=Nc3ccccn3)c2)cc1 0.9776379 2.5390 1.0000000 1.0000 1.0000000 1.0000 []
 | 15.8438 47.3383 78.3759 0.9821425 C(=NNc1ccc(N=Nc2ccccc2)cc1)c1cccc(OCCN2CCCCC2)c1 1 C(=NNc1ccc(N=Nc2ccccc2)cc1)c1cccc(OCCN2CCCCC2)c1 0.9821425 2.3895 1.0000000 1.0000 1.0000000 1.0000 []
 | 12.9966 37.3926 88.9038 0.9866913 Fc1ccc(CNc2c(F)cccc2N=Nc2ccccc2)cc1 1 c1ccc(CNc2ccccc2N=Nc2ccccc2)cc1 0.9866913 2.1949 1.0000000 1.0000 1.0000000 1.0000 []
 | 16.8629 34.4085 85.4406 0.9363208 O=C(CN1CCN(C(=O)c2ccccc2N=Nc2cccs2)CC1)N1CCCC(F)C1 1 O=C(CN1CCN(C(=O)c2ccccc2N=Nc2cccs2)CC1)N1CCCCC1 0.9363208 3.2489 1.0000000 1.0000 1.0000000 1.0000 []
 | 15.4253 40.6836 85.2755 0.9840553 c1ccc(N2CCCC2)c(N=Nc2ccc(N3CCOCC3)cc2)c1 1 c1ccc(N2CCCC2)c(N=Nc2ccc(N3CCOCC3)cc2)c1 0.9840553 2.3144 1.0000000 1.0000 1.0000000 1.0000 []
 | 11.9685 38.1565 86.6822 0.9753017 O=C1CN(Cc2c(F)cccc2N=Nc2ccccc2)CCO1 1 O=C1CN(Cc2ccccc2N=Nc2ccccc2)CCO1 0.9753017 2.6053 1.0000000 1.0000 1.0000000 1.0000 []
 | 14.0122 35.0127 83.0487 0.9223543 O=C(c1ccccc1N=Nc1ccncc1)N1CCN2CCC1CC2 1 O=C(c1ccccc1N=Nc1ccncc1)N1CCN2CCC1CC2 0.9223543 3.3878 1.0000000 1.0000 1.0000000 1.0000 []
04:00:09 <INFO> Sampled SMILES O=C(c1ccccc1N=Nc1ccc(O)cc1)N1CCN(CC2CCN(C(=O)(C(F)c3ccccc3)CC2)CC2CC2)CC1 failed to sanitize.
04:00:09 <INFO> Sampled SMILES n1ccc(C=N=Nc2ccccc2)n1 failed to sanitize.
04:00:10 <INFO> Score: 0.80 Agent NLL: 13.43 Valid:  98% Step: 209
 | Agent Prior Target Score SMILES SMILES_state Scaffold SA SA (raw) Alerts Alerts (raw) PS_Scaffold PS_Scaffold (raw) matchting_patterns (Alerts)
 | 11.6063 34.1672 92.0767 0.9862799 Fc1cccc(N=Nc2ccc(NCc3ccncc3)cc2)c1 1 c1ccc(N=Nc2ccc(NCc3ccncc3)cc2)cc1 0.9862799 2.2150 1.0000000 1.0000 1.0000000 1.0000 []
 | 13.8245 51.8479 72.4886 0.9713789 OCc1ccc(N=Nc2cccc(F)c2-c2cccc(Cc3ccccc3)c2)o1 1 c1ccc(Cc2cccc(-c3ccccc3N=Nc3ccco3)c2)cc1 0.9713789 2.7039 1.0000000 1.0000 1.0000000 1.0000 []
 | 8.5509 35.1123 -35.1123 0.0000000 c1ccc(N=Nc2cccc(-c3ccc(CN4CCOCC4)cc3)c2)cc1 1 c1ccc(N=Nc2cccc(-c3ccc(CN4CCOCC4)cc3)c2)cc1 0.9880990 2.1212 1.0000000 1.0000 1.0000000 1.0000 []
 | 12.2636 49.0229 76.6116 0.9815198 Oc1ccc(CN2CCC2)cc1-c1c(F)cccc1N=Nc1ccccc1 1 c1ccc(N=Nc2ccccc2-c2cccc(CN3CCC3)c2)cc1 0.9815198 2.4122 1.0000000 1.0000 1.0000000 1.0000 []
 | 13.4065 27.7765 89.5538 0.9166428 O=C(c1ccccc1N=Nc1cccc(O)c1)N1CCc2cccc(C(=O)N3CC4(CC(O)C4)C3)c2C1 1 O=C(c1ccccc1N=Nc1ccccc1)N1CCc2cccc(C(=O)N3CC4(CCC4)C3)c2C1 0.9166428 3.4381 1.0000000 1.0000 1.0000000 1.0000 []
 | 10.1081 35.0776 90.9556 0.9846339 c1ccc(N=Nc2cccc(-c3ccc4c(c3)OCCC4)c2)cc1 1 c1ccc(N=Nc2cccc(-c3ccc4c(c3)OCCC4)c2)cc1 0.9846339 2.2899 1.0000000 1.0000 1.0000000 1.0000 []
 | 22.2093 50.3554 -50.3554 0.0000000 O=C(c1ccccc1N=Nc1ccc(O)cc1)N1CCN(CC2CCN(C(=O)(C(F)c3ccccc3)CC2)CC2CC2)CC1 0 -- 0.0000000 0.0000 0.0000000 0.0000 0.0000000 0.0000 None
 | 17.0786 49.4292 76.9403 0.9872614 Clc1ccc(N=Nc2ccc(N3CCc4ccccc43)cc2)cc1 1 c1ccc(N=Nc2ccc(N3CCc4ccccc43)cc2)cc1 0.9872614 2.1660 1.0000000 1.0000 1.0000000 1.0000 []
 | 9.8828 42.7337 83.8607 0.9890193 O=C(c1ccccc1)N1CCCN(c2ccc(N=Nc3ccccc3)cc2)CC1 1 O=C(c1ccccc1)N1CCCN(c2ccc(N=Nc3ccccc3)cc2)CC1 0.9890193 2.0681 1.0000000 1.0000 1.0000000 1.0000 []
 | 9.5790 31.4640 -31.4640 0.0000000 Fc1cccc(N=Nc2ccccc2F)c1 1 c1ccc(N=Nc2ccccc2)cc1 0.9868221 2.1884 1.0000000 1.0000 1.0000000 1.0000 []
04:00:11 <INFO> Sampled SMILES Fc1ccc2c(c=O)ccnc2c1N=Nc1c(-c2ccccc2)nc2ccccc2c1 failed to sanitize.
04:00:12 <INFO> Score: 0.76 Agent NLL: 12.77 Valid:  98% Step: 210
 | Agent Prior Target Score SMILES SMILES_state Scaffold SA SA (raw) Alerts Alerts (raw) PS_Scaffold PS_Scaffold (raw) matchting_patterns (Alerts)
 | 10.6254 45.5861 79.5263 0.9774411 Fc1cccc(N=Nc2ccccc2)c1CNC1CCN(CC2CCC2)CC1 1 c1ccc(N=Nc2ccccc2CNC2CCN(CC3CCC3)CC2)cc1 0.9774411 2.5448 1.0000000 1.0000 1.0000000 1.0000 []
 | 10.3194 49.9361 75.3569 0.9788515 O=C1CCCN(c2ccc(-c3cccc(N=Nc4ccccc4)c3)cc2)N1 1 O=C1CCCN(c2ccc(-c3cccc(N=Nc4ccccc4)c3)cc2)N1 0.9788515 2.5018 1.0000000 1.0000 1.0000000 1.0000 []
 | 10.9444 31.0901 94.7915 0.9834499 O=C(CCCN(Cc1ccccc1)C(=O)c1ccccc1N=Nc1ccccc1)N1CCC1 1 O=C(CCCN(Cc1ccccc1)C(=O)c1ccccc1N=Nc1ccccc1)N1CCC1 0.9834499 2.3391 1.0000000 1.0000 1.0000000 1.0000 []
 | 8.5252 32.1096 94.1843 0.9866707 Fc1cccc(N=Nc2cccc(-c3ccccn3)c2)c1 1 c1ccc(N=Nc2cccc(-c3ccccn3)c2)cc1 0.9866707 2.1960 1.0000000 1.0000 1.0000000 1.0000 []
 | 8.4529 52.0353 -52.0353 0.0000000 COc1cccc(N=Nc2cccc(-c3cccc(-c4ccccc4)c3)c2)c1 1 c1ccc(N=Nc2cccc(-c3cccc(-c4ccccc4)c3)c2)cc1 0.9889802 2.0705 1.0000000 1.0000 1.0000000 1.0000 []
 | 16.1568 65.4620 55.6081 0.9458599 OCCc1cccc(N=Nc2ccccc2CN2CCC2c2ccccc2)n1 1 c1ccc(C2CCN2Cc2ccccc2N=Nc2ccccn2)cc1 0.9458599 3.1365 1.0000000 1.0000 1.0000000 1.0000 []
 | 14.9055 44.3626 80.1304 0.9726012 C(=Nc1ccc(N=Nc2ccccc2)nc1)c1cccnc1 1 C(=Nc1ccc(N=Nc2ccccc2)nc1)c1cccnc1 0.9726012 2.6747 1.0000000 1.0000 1.0000000 1.0000 []
 | 10.0101 33.6655 -33.6655 0.0000000 c1ccc(N=Nc2ccc(-c3ccc4[nH]ccc4c3)cc2)cc1 1 c1ccc(N=Nc2ccc(-c3ccc4[nH]ccc4c3)cc2)cc1 0.9869357 2.1827 1.0000000 1.0000 1.0000000 1.0000 []
 | 13.3078 33.7213 91.8540 0.9810566 c1ccc(N=Nc2ccc(CNCc3cnco3)cc2)cc1 1 c1ccc(N=Nc2ccc(CNCc3cnco3)cc2)cc1 0.9810566 2.4286 1.0000000 1.0000 1.0000000 1.0000 []
 | 13.2703 54.7928 71.0188 0.9829030 Cc1occc1-c1cccc(N=Nc2cccc(Oc3ccccc3)c2)c1 1 c1ccc(Oc2cccc(N=Nc3cccc(-c4ccoc4)c3)c2)cc1 0.9829030 2.3606 1.0000000 1.0000 1.0000000 1.0000 []
04:00:14 <INFO> Sampled SMILES c1c(N=Nc2ccncc2)ccccc1NC(=O)Cc1ccccc1 failed to sanitize.
04:00:16 <INFO> Score: 0.81 Agent NLL: 13.14 Valid:  99% Step: 211
 | Agent Prior Target Score SMILES SMILES_state Scaffold SA SA (raw) Alerts Alerts (raw) PS_Scaffold PS_Scaffold (raw) matchting_patterns (Alerts)
 | 9.4664 27.4129 96.0509 0.9645615 O=C(c1ccccc1N=Nc1ccccc1)N1CCN(CC(=O)N2CCCC2c2ccccc2)CC1 1 O=C(c1ccccc1N=Nc1ccccc1)N1CCN(CC(=O)N2CCCC2c2ccccc2)CC1 0.9645615 2.8477 1.0000000 1.0000 1.0000000 1.0000 []
 | 9.7119 35.8505 89.9448 0.9827762 O=C(NCCN1CCN(C(=O)c2ccccc2N=Nc2ccccc2)CC1)c1cccc2ccccc12 1 O=C(NCCN1CCN(C(=O)c2ccccc2N=Nc2ccccc2)CC1)c1cccc2ccccc12 0.9827762 2.3655 1.0000000 1.0000 1.0000000 1.0000 []
 | 17.2458 58.2377 65.6699 0.9680279 COc1cccc(N=Nc2cccc(-c3cccc(OCC4CCCO4)c3)c2)c1 1 c1ccc(N=Nc2cccc(-c3cccc(OCC4CCCO4)c3)c2)cc1 0.9680279 2.7783 1.0000000 1.0000 1.0000000 1.0000 []
 | 12.6668 44.8620 81.2034 0.9848865 O=C(c1ccccc1)N1CCC(Nc2ccc(N=Nc3cccc(Br)c3)cc2)CC1 1 O=C(c1ccccc1)N1CCC(Nc2ccc(N=Nc3ccccc3)cc2)CC1 0.9848865 2.2790 1.0000000 1.0000 1.0000000 1.0000 []
 | 9.7540 40.5580 -40.5580 0.0000000 Fc1cccc(N=Nc2ccc(Cc3ccccc3)cc2)c1 1 c1ccc(Cc2ccc(N=Nc3ccccc3)cc2)cc1 0.9903143 1.9855 1.0000000 1.0000 1.0000000 1.0000 []
 | 9.9086 27.1579 95.7291 0.9600543 O=C(c1ccccc1N=Nc1ccccc1)N1CCN(C(C(=O)N2CCCCCC2)c2ccccc2)CC1 1 O=C(c1ccccc1N=Nc1ccccc1)N1CCN(C(C(=O)N2CCCCCC2)c2ccccc2)CC1 0.9600543 2.9288 1.0000000 1.0000 1.0000000 1.0000 []
 | 9.9930 28.1003 91.3053 0.9328568 O=C(c1ccccc1N=Nc1cccc(O)c1)N1CCN(C(C(=O)N2CC=CCC2)c2ccccc2)CC1 1 O=C(c1ccccc1N=Nc1ccccc1)N1CCN(C(C(=O)N2CC=CCC2)c2ccccc2)CC1 0.9328568 3.2858 1.0000000 1.0000 1.0000000 1.0000 []
 | 15.9357 44.2186 82.1306 0.9871033 Fc1ccc(N=Nc2ccccc2-c2ccc(OCC3CC3)cc2)cc1 1 c1ccc(N=Nc2ccccc2-c2ccc(OCC3CC3)cc2)cc1 0.9871033 2.1742 1.0000000 1.0000 1.0000000 1.0000 []
 | 9.8307 24.0251 94.5322 0.9262293 O=C(c1ccc(N=Nc2ccccc2)cc1)N1CC(NC(=O)C2(c3ccccc3)CC2)CC1CO 1 O=C(c1ccc(N=Nc2ccccc2)cc1)N1CCC(NC(=O)C2(c3ccccc3)CC2)C1 0.9262293 3.3517 1.0000000 1.0000 1.0000000 1.0000 []
 | 6.9629 42.9509 -42.9509 0.0000000 Fc1cccc(N=Nc2cccc(-c3ccccc3-c3ccccc3)c2)c1 1 c1ccc(N=Nc2cccc(-c3ccccc3-c3ccccc3)c2)cc1 0.9887746 2.0827 1.0000000 1.0000 1.0000000 1.0000 []
04:01:00 <INFO> Sampled SMILES Fc1ccc(N=Nc2ccc(CCO)nc2)cc1-c1cc[nH]cc1 failed to sanitize.
04:01:02 <INFO> Score: 0.79 Agent NLL: 13.58 Valid:  98% Step: 212
 | Agent Prior Target Score SMILES SMILES_state Scaffold SA SA (raw) Alerts Alerts (raw) PS_Scaffold PS_Scaffold (raw) matchting_patterns (Alerts)
 | 12.7928 45.5072 70.6509 0.9074846 O=C(C1C(c2ccccc2)CCN1C(=O)c1ccccc1N=Nc1ccncc1)N1CCc2ccccc2C1 1 O=C(C1C(c2ccccc2)CCN1C(=O)c1ccccc1N=Nc1ccncc1)N1CCc2ccccc2C1 0.9074846 3.5126 1.0000000 1.0000 1.0000000 1.0000 []
 | 7.4336 25.8601 -25.8601 0.0000000 O=C(c1ccccc1N=Nc1cccc(O)c1)N(CCO)c1ccccc1 1 O=C(Nc1ccccc1)c1ccccc1N=Nc1ccccc1 0.9810900 2.4275 1.0000000 1.0000 1.0000000 1.0000 []
 | 16.1736 30.5711 89.3443 0.9368386 O=C(c1ccccc1N=Nc1cccnc1)N1CC(F)(C(=O)NCC2(CO)COC2)C1 1 O=C(NCC1COC1)C1CN(C(=O)c2ccccc2N=Nc2cccnc2)C1 0.9368386 3.2432 1.0000000 1.0000 1.0000000 1.0000 []
 | 13.6101 49.0063 77.1066 0.9852573 c1ccc(COc2ccccc2N=Nc2cccc(-c3ccc4ncccc4c3)c2)cc1 1 c1ccc(COc2ccccc2N=Nc2cccc(-c3ccc4ncccc4c3)c2)cc1 0.9852573 2.2625 1.0000000 1.0000 1.0000000 1.0000 []
 | 15.9643 58.8210 -58.8210 0.0000000 Fc1ccc(N=Nc2ccc(CCO)nc2)cc1-c1cc[nH]cc1 0 -- 0.0000000 0.0000 0.0000000 0.0000 0.0000000 0.0000 None
 | 22.2407 59.9683 64.4548 0.9720556 Cc1cc(N=Nc2ccc(F)cc2)ccc1N(CCCNC(=O)OCc1ccccc1)CCC1CCCC1 1 O=C(NCCCN(CCC1CCCC1)c1ccc(N=Nc2ccccc2)cc1)OCc1ccccc1 0.9720556 2.6879 1.0000000 1.0000 1.0000000 1.0000 []
 | 11.2825 56.3573 68.7133 0.9771141 CCc1ccc(N=Nc2cccc(-c3ccco3)c2)cn1 1 c1cncc(N=Nc2cccc(-c3ccco3)c2)c1 0.9771141 2.5544 1.0000000 1.0000 1.0000000 1.0000 []
 | 10.0889 31.7513 94.5109 0.9864232 Fc1cccc(N=Nc2cccc(-c3cccnc3)c2)c1 1 c1ccc(N=Nc2cccc(-c3cccnc3)c2)cc1 0.9864232 2.2081 1.0000000 1.0000 1.0000000 1.0000 []
 | 13.1326 51.7455 72.5895 0.9713674 c1cc(CN2CCCN(CCCN3CCCC3)CC2)cc(N=Nc2cccc(N3CCCCC3)n2)c1 1 c1cc(CN2CCCN(CCCN3CCCC3)CC2)cc(N=Nc2cccc(N3CCCCC3)n2)c1 0.9713674 2.7042 1.0000000 1.0000 1.0000000 1.0000 []
 | 17.8151 44.1092 80.3958 0.9726955 O=C1Cc2ccc(-c3cccc(N=Nc4ccncc4)c3)cc2C1 1 O=C1Cc2ccc(-c3cccc(N=Nc4ccncc4)c3)cc2C1 0.9726955 2.6724 1.0000000 1.0000 1.0000000 1.0000 []
04:01:03 <INFO> Sampled SMILES Fc1cccc(N=Nc2ccccc2)n1-c1ccc(F)cc1 failed to sanitize.
04:01:04 <INFO> Score: 0.75 Agent NLL: 12.00 Valid:  99% Step: 213
 | Agent Prior Target Score SMILES SMILES_state Scaffold SA SA (raw) Alerts Alerts (raw) PS_Scaffold PS_Scaffold (raw) matchting_patterns (Alerts)
 | 8.7899 36.3485 89.2555 0.9812809 Fc1ccccc1N=Nc1cccc(-n2cccc2)c1 1 c1ccc(N=Nc2cccc(-n3cccc3)c2)cc1 0.9812809 2.4207 1.0000000 1.0000 1.0000000 1.0000 []
 | 11.5794 34.0576 91.4353 0.9804134 O=C(c1ccccc1N=Nc1cccc(O)c1)N1CCN(CCC2CCC2)CC1 1 O=C(c1ccccc1N=Nc1ccccc1)N1CCN(CCC2CCC2)CC1 0.9804134 2.4508 1.0000000 1.0000 1.0000000 1.0000 []
 | 8.0758 39.2415 86.8934 0.9854288 Fc1cccc(N=Nc2cccc(-c3ccccc3N3CCC3)c2)c1 1 c1ccc(N=Nc2cccc(-c3ccccc3N3CCC3)c2)cc1 0.9854288 2.2548 1.0000000 1.0000 1.0000000 1.0000 []
 | 10.9884 44.0495 -44.0495 0.0000000 Clc1ccccc1N=Nc1ccc(-c2cccc(-c3ccccc3)c2)cc1 1 c1ccc(N=Nc2ccc(-c3cccc(-c4ccccc4)c3)cc2)cc1 0.9899340 2.0109 1.0000000 1.0000 1.0000000 1.0000 []
 | 14.1107 41.7533 84.3647 0.9852970 c1ccc(N=Nc2ccccc2NCc2cnn(-c3ccccc3)c2)cc1 1 c1ccc(N=Nc2ccccc2NCc2cnn(-c3ccccc3)c2)cc1 0.9852970 2.2608 1.0000000 1.0000 1.0000000 1.0000 []
 | 14.3959 36.1721 82.8978 0.9302340 CC1(C)CCC(C(=O)N2CCN(c3cccc(O)c3)CC2)N1C(=O)c1ccccc1N=Nc1ccccc1 1 O=C(C1CCCN1C(=O)c1ccccc1N=Nc1ccccc1)N1CCN(c2ccccc2)CC1 0.9302340 3.3126 1.0000000 1.0000 1.0000000 1.0000 []
 | 14.6971 31.0560 93.6749 0.9744599 O=C(c1ccccc1N=Nc1ccc(O)cc1)N(Cc1cccnc1)c1ccc2c(c1)OCO2 1 O=C(c1ccccc1N=Nc1ccccc1)N(Cc1cccnc1)c1ccc2c(c1)OCO2 0.9744599 2.6277 1.0000000 1.0000 1.0000000 1.0000 []
 | 13.0446 30.9020 93.1209 0.9689282 O=C(c1ccccc1N=Nc1ccccc1)N1CC(O)(C(=O)N2CCCN(Cc3ccccc3F)CC2)C1 1 O=C(c1ccccc1N=Nc1ccccc1)N1CC(C(=O)N2CCCN(Cc3ccccc3)CC2)C1 0.9689282 2.7591 1.0000000 1.0000 1.0000000 1.0000 []
 | 13.9455 54.7595 70.9425 0.9820470 COc1cccc(N=Nc2ccccc2-c2ccc(N3CCC(=O)CC3)cc2)c1 1 O=C1CCN(c2ccc(-c3ccccc3N=Nc3ccccc3)cc2)CC1 0.9820470 2.3930 1.0000000 1.0000 1.0000000 1.0000 []
 | 9.6536 37.1905 87.0399 0.9705499 O=C(c1ccccc1N=Nc1cccc(O)c1)N1CC(=O)N(c2cccc(O)c2)C1 1 O=C(c1ccccc1N=Nc1ccccc1)N1CC(=O)N(c2ccccc2)C1 0.9705499 2.7231 1.0000000 1.0000 1.0000000 1.0000 []
04:01:04 <INFO> Sampled SMILES c1cc(N=Nc2ccccc2F)cccc1OCc1ccccc1 failed to sanitize.
04:01:06 <INFO> Score: 0.77 Agent NLL: 13.86 Valid:  98% Step: 214
 | Agent Prior Target Score SMILES SMILES_state Scaffold SA SA (raw) Alerts Alerts (raw) PS_Scaffold PS_Scaffold (raw) matchting_patterns (Alerts)
 | 11.4352 31.2198 92.9192 0.9698363 O=C(c1ccccc1N=Nc1cccnc1)N1CC(O)(C(=O)Nc2cccc3ccccc23)C1 1 O=C(Nc1cccc2ccccc12)C1CN(C(=O)c2ccccc2N=Nc2cccnc2)C1 0.9698363 2.7392 1.0000000 1.0000 1.0000000 1.0000 []
 | 20.0934 49.7008 74.5866 0.9709952 OC1CCN(c2ccccc2-c2ccc(N=Nc3ccc(-c4ccccc4)cc3)cc2)C1 1 c1ccc(-c2ccc(N=Nc3ccc(-c4ccccc4N4CCCC4)cc3)cc2)cc1 0.9709952 2.7129 1.0000000 1.0000 1.0000000 1.0000 []
 | 12.8426 45.8127 80.0709 0.9834657 c1ccc(COc2ccccc2N=Nc2cccc(-c3cccc(CN4CCOCC4)c3)c2)cc1 1 c1ccc(COc2ccccc2N=Nc2cccc(-c3cccc(CN4CCOCC4)c3)c2)cc1 0.9834657 2.3384 1.0000000 1.0000 1.0000000 1.0000 []
 | 22.1475 81.3029 44.4649 0.9825608 c1ccc(Cc2ncc(-c3cc(N=Nc4ccccc4)ccc3-c3ccccc3)cn2)cc1 1 c1ccc(Cc2ncc(-c3cc(N=Nc4ccccc4)ccc3-c3ccccc3)cn2)cc1 0.9825608 2.3738 1.0000000 1.0000 1.0000000 1.0000 []
 | 8.8578 40.0969 86.0378 0.9854273 Fc1ccccc1N=Nc1cccc(-c2cccnc2-c2ccccc2)c1 1 c1ccc(N=Nc2cccc(-c3cccnc3-c3ccccc3)c2)cc1 0.9854273 2.2549 1.0000000 1.0000 1.0000000 1.0000 []
 | 12.5191 47.9611 76.5590 0.9728127 OCc1cccc(N=Nc2cccc(F)c2CN2CCN(CCc3ccccc3)CC2)n1 1 c1ccc(CCN2CCN(Cc3ccccc3N=Nc3ccccn3)CC2)cc1 0.9728127 2.6695 1.0000000 1.0000 1.0000000 1.0000 []
 | 13.7824 33.5185 49.8666 0.6514455 O=C(c1ccccc1N=Nc1cccc(O)c1)N1CCC(N2CC(C(=O)N3CC4CCC(C3)O4)CC2=O)CC1 1 O=C(c1ccccc1N=Nc1ccccc1)N1CCC(N2CC(C(=O)N3CC4CCC(C3)O4)CC2=O)CC1 0.6514455 4.5926 1.0000000 1.0000 1.0000000 1.0000 []
 | 13.0861 42.0672 83.9296 0.9843501 Fc1ccccc1-c1ccccc1N=Nc1ccc(N2CCCN(Cc3ccccc3)CC2)cc1 1 c1ccc(CN2CCCN(c3ccc(N=Nc4ccccc4-c4ccccc4)cc3)CC2)cc1 0.9843501 2.3020 1.0000000 1.0000 1.0000000 1.0000 []
 | 13.2358 29.9812 93.7969 0.9670162 O=C(c1ccccc1N=Nc1ccccc1)N1CC(F)(C(=O)N2CCC(Oc3ccc(F)cc3)CC2)C1 1 O=C(c1ccccc1N=Nc1ccccc1)N1CC(C(=O)N2CCC(Oc3ccccc3)CC2)C1 0.9670162 2.7993 1.0000000 1.0000 1.0000000 1.0000 []
 | 15.8012 40.9507 83.7726 0.9744010 O=C(c1ccccc1)N1CCC(NCc2cc(N3CCCC=N3)ccc2F)CC1 1 O=C(c1ccccc1)N1CCC(NCc2cccc(N3CCCC=N3)c2)CC1 0.9744010 2.6292 1.0000000 1.0000 1.0000000 1.0000 []
04:01:09 <INFO> Score: 0.72 Agent NLL: 12.76 Valid: 100% Step: 215
 | Agent Prior Target Score SMILES SMILES_state Scaffold SA SA (raw) Alerts Alerts (raw) PS_Scaffold PS_Scaffold (raw) matchting_patterns (Alerts)
 | 12.2677 41.2467 83.8280 0.9771456 N#Cc1c(F)cccc1N=Nc1ccccc1CN1CCCC1 1 c1ccc(N=Nc2ccccc2CN2CCCC2)cc1 0.9771456 2.5535 1.0000000 1.0000 1.0000000 1.0000 []
 | 13.7446 39.8350 85.7474 0.9811122 c1ccc(N2CCC(c3cccc(N=Nc4cccc5cccnc45)c3)CC2)cc1 1 c1ccc(N2CCC(c3cccc(N=Nc4cccc5cccnc45)c3)CC2)cc1 0.9811122 2.4267 1.0000000 1.0000 1.0000000 1.0000 []
 | 13.6101 35.7566 90.0308 0.9827142 Fc1cc(-c2ccc(N=Nc3ccccc3)cc2)cc2[nH]ccc12 1 c1ccc(N=Nc2ccc(-c3ccc4cc[nH]c4c3)cc2)cc1 0.9827142 2.3679 1.0000000 1.0000 1.0000000 1.0000 []
 | 19.7491 64.8964 -64.8964 0.0000000 CCOC(=O)c1cccc(-c2ccccc2N=Nc2cccc(OC)c2)c1 1 c1ccc(N=Nc2ccccc2-c2ccccc2)cc1 0.9870461 2.1771 1.0000000 1.0000 1.0000000 1.0000 []
 | 8.1687 46.9594 -46.9594 0.0000000 c1ccc(N=Nc2ccc(Cc3ccccc3-c3ccccc3)cc2)cc1 1 c1ccc(N=Nc2ccc(Cc3ccccc3-c3ccccc3)cc2)cc1 0.9903615 1.9823 1.0000000 1.0000 1.0000000 1.0000 []
 | 14.1629 46.4982 71.8361 0.9244862 OCc1cccc(N=Nc2cccc(F)c2CN2CCCC2CO)n1 1 c1ccc(N=Nc2ccccc2CN2CCCC2)nc1 0.9244862 3.3682 1.0000000 1.0000 1.0000000 1.0000 []
 | 20.3652 51.7451 73.7303 0.9802769 Oc1cccc(C=NNc2cccc(C(F)(F)F)c2)c1C1CCCCC1 1 C(=NNc1ccccc1)c1ccccc1C1CCCCC1 0.9802769 2.4554 1.0000000 1.0000 1.0000000 1.0000 []
 | 19.3551 43.2956 82.4979 0.9827619 c1cnc(COc2ccc(N=Nc3ccc(CN4CCCCCC4)cc3)cc2)nc1 1 c1cnc(COc2ccc(N=Nc3ccc(CN4CCCCCC4)cc3)cc2)nc1 0.9827619 2.3661 1.0000000 1.0000 1.0000000 1.0000 []
 | 12.3130 42.6384 82.3529 0.9764952 C(=NCc1cccc(N=Nc2ccccc2)c1)c1ccco1 1 C(=NCc1cccc(N=Nc2ccccc2)c1)c1ccco1 0.9764952 2.5722 1.0000000 1.0000 1.0000000 1.0000 []
 | 14.1303 39.5314 81.1518 0.9428372 OCC1CCCN(c2c(N=Nc3ccccc3F)cccc2C(F)(F)F)C1 1 c1ccc(N=Nc2ccccc2N2CCCCC2)cc1 0.9428372 3.1740 1.0000000 1.0000 1.0000000 1.0000 []
04:01:10 <INFO> Sampled SMILES O=C(c1ccc(N=Nc2cc(OC)cc(OC3CCCC3)cc2)cc1)N1CCC1 failed to sanitize.
04:01:12 <INFO> Score: 0.79 Agent NLL: 13.25 Valid:  99% Step: 216
 | Agent Prior Target Score SMILES SMILES_state Scaffold SA SA (raw) Alerts Alerts (raw) PS_Scaffold PS_Scaffold (raw) matchting_patterns (Alerts)
 | 11.5517 39.3015 86.6100 0.9836836 Clc1cccc(N=Nc2ccc(-c3ccccc3-n3cccc3)cc2)c1 1 c1ccc(N=Nc2ccc(-c3ccccc3-n3cccc3)cc2)cc1 0.9836836 2.3297 1.0000000 1.0000 1.0000000 1.0000 []
 | 14.6629 42.8599 80.7468 0.9656776 c1ccc(Cc2ccc(N=Nc3cccc(CNC4COc5ccccc54)c3)cc2)cc1 1 c1ccc(Cc2ccc(N=Nc3cccc(CNC4COc5ccccc54)c3)cc2)cc1 0.9656776 2.8261 1.0000000 1.0000 1.0000000 1.0000 []
 | 7.7124 24.4538 -24.4538 0.0000000 O=C(c1ccccc1N=Nc1ccccc1)N1CCN(c2ccccc2)CC1 1 O=C(c1ccccc1N=Nc1ccccc1)N1CCN(c2ccccc2)CC1 0.9888477 2.0784 1.0000000 1.0000 1.0000000 1.0000 []
 | 8.9219 46.5827 78.7355 0.9790484 c1cc(CN2CCC2)cc(N=Nc2cccc(N3CCCCCC3)n2)c1 1 c1cc(CN2CCC2)cc(N=Nc2cccc(N3CCCCCC3)n2)c1 0.9790484 2.4956 1.0000000 1.0000 1.0000000 1.0000 []
 | 7.5674 39.6742 -39.6742 0.0000000 O=C(COc1ccc(N=Nc2ccccc2)cc1)c1ccccc1 1 O=C(COc1ccc(N=Nc2ccccc2)cc1)c1ccccc1 0.9911420 1.9268 1.0000000 1.0000 1.0000000 1.0000 []
 | 13.5908 44.3754 81.6968 0.9849395 Fc1ccc(N=Nc2ccccc2-c2ccc(N3CCC3)nc2)cc1 1 c1ccc(N=Nc2ccccc2-c2ccc(N3CCC3)nc2)cc1 0.9849395 2.2766 1.0000000 1.0000 1.0000000 1.0000 []
 | 20.0711 51.0224 71.4677 0.9569545 COc1ccccc1N=Nc1cccc(OCC2COC(C)(C)O2)c1 1 c1ccc(N=Nc2cccc(OCC3COCO3)c2)cc1 0.9569545 2.9796 1.0000000 1.0000 1.0000000 1.0000 []
 | 15.9578 51.3543 69.8445 0.9468657 CC1CCN(C(=O)OCc2ccccc2)CCN1Cc1cccc(N=Nc2ccc3cc[nH]c3c2)c1 1 O=C(OCc1ccccc1)N1CCCN(Cc2cccc(N=Nc3ccc4cc[nH]c4c3)c2)CC1 0.9468657 3.1236 1.0000000 1.0000 1.0000000 1.0000 []
 | 16.7796 44.9876 -44.9876 0.0000000 O=C(c1ccc(N=Nc2cc(OC)cc(OC3CCCC3)cc2)cc1)N1CCC1 0 -- 0.0000000 0.0000 0.0000000 0.0000 0.0000000 0.0000 None
 | 10.3243 41.6076 84.2010 0.9828801 Fc1cccc(N=Nc2cccc(F)c2CN2CCN(Cc3ccccc3)CC2)c1 1 c1ccc(CN2CCN(Cc3ccccc3N=Nc3ccccc3)CC2)cc1 0.9828801 2.3615 1.0000000 1.0000 1.0000000 1.0000 []
04:01:13 <INFO> Sampled SMILES c1cc(N=Nc2cccnc2)cccc1COCc1cccc(OC)c1 failed to sanitize.
04:01:15 <INFO> Score: 0.77 Agent NLL: 13.05 Valid:  98% Step: 217
 | Agent Prior Target Score SMILES SMILES_state Scaffold SA SA (raw) Alerts Alerts (raw) PS_Scaffold PS_Scaffold (raw) matchting_patterns (Alerts)
 | 12.5286 40.1907 85.0124 0.9781489 OCCN1CCN(Cc2ccc(-c3cccc(N=Nc4cccs4)c3)cc2)CC1 1 c1cc(N=Nc2cccs2)cc(-c2ccc(CN3CCNCC3)cc2)c1 0.9781489 2.5236 1.0000000 1.0000 1.0000000 1.0000 []
 | 10.1078 36.6357 -36.6357 0.0000000 Fc1ccc(CNc2ccc(N=Nc3ccccc3)cc2)cc1 1 c1ccc(CNc2ccc(N=Nc3ccccc3)cc2)cc1 0.9909152 1.9434 1.0000000 1.0000 1.0000000 1.0000 []
 | 11.2341 45.8848 75.7488 0.9502627 Brc1ccccc1N=Nc1ccccc1C1CCCNC1 1 c1ccc(N=Nc2ccccc2C2CCCNC2)cc1 0.9502627 3.0783 1.0000000 1.0000 1.0000000 1.0000 []
 | 8.6715 41.5671 -41.5671 0.0000000 O=C(Nc1ccc(N=Nc2ccccc2)cc1)OCc1ccccc1 1 O=C(Nc1ccc(N=Nc2ccccc2)cc1)OCc1ccccc1 0.9909195 1.9431 1.0000000 1.0000 1.0000000 1.0000 []
 | 14.8773 37.0260 86.4577 0.9647162 O=[N+]([O-])c1ccc2c(c1)CC(NCc1ccc(N=Nc3ccccc3)cc1)C2 1 c1ccc(N=Nc2ccc(CNC3Cc4ccccc4C3)cc2)cc1 0.9647162 2.8448 1.0000000 1.0000 1.0000000 1.0000 []
 | 14.9385 37.2001 88.4794 0.9818712 Brc1cccc(N=Nc2cccc(CN3CCCN(C4CC4)CC3)c2)c1 1 c1ccc(N=Nc2cccc(CN3CCCN(C4CC4)CC3)c2)cc1 0.9818712 2.3995 1.0000000 1.0000 1.0000000 1.0000 []
 | 11.9772 32.8226 91.7260 0.9730364 O=C(CCCN(Cc1ccccc1)C(=O)c1ccccc1N=Nc1cccc(O)c1)N1CCC(CO)CC1 1 O=C(CCCN(Cc1ccccc1)C(=O)c1ccccc1N=Nc1ccccc1)N1CCCCC1 0.9730364 2.6640 1.0000000 1.0000 1.0000000 1.0000 []
 | 12.1862 42.1136 83.8922 0.9844208 FC(F)(F)c1cccc(N=Nc2ccc(-c3ccccc3N3CCC3)cc2)c1 1 c1ccc(N=Nc2ccc(-c3ccccc3N3CCC3)cc2)cc1 0.9844208 2.2990 1.0000000 1.0000 1.0000000 1.0000 []
 | 24.9112 57.8848 -57.8848 0.0000000 c1cc(N=Nc2cccnc2)cccc1COCc1cccc(OC)c1 0 -- 0.0000000 0.0000 0.0000000 0.0000 0.0000000 0.0000 None
 | 11.2150 27.2777 93.8089 0.9459896 O=C(c1ccccc1N=Nc1ccccc1)N1CCN(C(C(=O)N2CC=CC2)c2ccccc2)CC1 1 O=C(c1ccccc1N=Nc1ccccc1)N1CCN(C(C(=O)N2CC=CC2)c2ccccc2)CC1 0.9459896 3.1349 1.0000000 1.0000 1.0000000 1.0000 []
04:01:18 <INFO> Score: 0.69 Agent NLL: 12.86 Valid: 100% Step: 218
 | Agent Prior Target Score SMILES SMILES_state Scaffold SA SA (raw) Alerts Alerts (raw) PS_Scaffold PS_Scaffold (raw) matchting_patterns (Alerts)
 | 12.2763 44.8682 81.2436 0.9852486 COc1ccc(N=Nc2ccc(-c3ccc(N4CCOCC4)nc3)cc2)cc1 1 c1ccc(N=Nc2ccc(-c3ccc(N4CCOCC4)nc3)cc2)cc1 0.9852486 2.2629 1.0000000 1.0000 1.0000000 1.0000 []
 | 14.7351 40.8937 84.5543 0.9800625 Fc1cccc(F)c1CNc1cccc(N=Nc2ccncc2)c1 1 c1ccc(CNc2cccc(N=Nc3ccncc3)c2)cc1 0.9800625 2.4626 1.0000000 1.0000 1.0000000 1.0000 []
 | 8.2825 42.8634 -42.8634 0.0000000 O=C(Nc1ccc(N=Nc2cccc(F)c2)cc1)c1ccccc1 1 O=C(Nc1ccc(N=Nc2ccccc2)cc1)c1ccccc1 0.9910411 1.9342 1.0000000 1.0000 1.0000000 1.0000 []
 | 8.7363 29.4084 -29.4084 0.0000000 O=C(c1ccccc1N=Nc1cccc(O)c1)N1CC(F)(C(=O)Nc2ccc3ccccc3c2)C1 1 O=C(Nc1ccc2ccccc2c1)C1CN(C(=O)c2ccccc2N=Nc2ccccc2)C1 0.9689851 2.7579 1.0000000 1.0000 1.0000000 1.0000 []
 | 9.5149 54.7367 -54.7367 0.0000000 COc1ccc(N=Nc2ccc(NC(=O)Nc3ccccc3)cc2)cc1 1 O=C(Nc1ccccc1)Nc1ccc(N=Nc2ccccc2)cc1 0.9911065 1.9294 1.0000000 1.0000 1.0000000 1.0000 []
 | 12.6584 48.8361 77.5058 0.9870461 Brc1ccc(N=Nc2ccc(-c3cccc(CN4CCCCCC4)c3)cc2)cc1 1 c1ccc(N=Nc2ccc(-c3cccc(CN4CCCCCC4)c3)cc2)cc1 0.9870461 2.1771 1.0000000 1.0000 1.0000000 1.0000 []
 | 15.8681 39.1964 84.7025 0.9679606 N#Cc1ccc(N=Nc2ccc(C(F)(F)F)cc2)cc1N1CCNC(=O)C1 1 O=C1CN(c2cccc(N=Nc3ccccc3)c2)CCN1 0.9679606 2.7797 1.0000000 1.0000 1.0000000 1.0000 []
 | 11.8956 24.1445 98.5865 0.9588359 O=C(c1cc(N=Nc2ccccc2)ccc1O)N1Cc2ccccc2CC1CO 1 O=C(c1cccc(N=Nc2ccccc2)c1)N1CCc2ccccc2C1 0.9588359 2.9492 1.0000000 1.0000 1.0000000 1.0000 []
 | 7.7879 38.4007 -38.4007 0.0000000 O=C(c1ccccc1N=Nc1ccccc1)N1CCCC1c1ccccc1 1 O=C(c1ccccc1N=Nc1ccccc1)N1CCCC1c1ccccc1 0.9757696 2.5925 1.0000000 1.0000 1.0000000 1.0000 []
 | 12.7879 41.2731 -41.2731 0.0000000 Cc1ccc(N=Nc2cccc(N=Nc3ccccc3C)c2)cc1 1 c1ccc(N=Nc2cccc(N=Nc3ccccc3)c2)cc1 0.9811344 2.4259 1.0000000 1.0000 1.0000000 1.0000 []
04:02:07 <INFO> Score: 0.80 Agent NLL: 14.17 Valid: 100% Step: 219
 | Agent Prior Target Score SMILES SMILES_state Scaffold SA SA (raw) Alerts Alerts (raw) PS_Scaffold PS_Scaffold (raw) matchting_patterns (Alerts)
 | 15.7754 44.9059 81.3028 0.9860058 c1ccc2ncc(-c3ccc(N=Nc4ccc(CN5CCCC5)cc4)cc3)cc2c1 1 c1ccc2ncc(-c3ccc(N=Nc4ccc(CN5CCCC5)cc4)cc3)cc2c1 0.9860058 2.2281 1.0000000 1.0000 1.0000000 1.0000 []
 | 9.2485 40.4839 -40.4839 0.0000000 Fc1cccc(N=Nc2ccccc2)c1-c1cccc(CN2CCCCC2)c1 1 c1ccc(N=Nc2ccccc2-c2cccc(CN3CCCCC3)c2)cc1 0.9844707 2.2969 1.0000000 1.0000 1.0000000 1.0000 []
 | 10.0664 38.1522 88.3450 0.9882595 Fc1ccc(N2CCCN(c3ccc(N=Nc4ccccc4)cc3)CC2)cc1 1 c1ccc(N=Nc2ccc(N3CCCN(c4ccccc4)CC3)cc2)cc1 0.9882595 2.1122 1.0000000 1.0000 1.0000000 1.0000 []
 | 9.8738 40.6381 -40.6381 0.0000000 c1ccc(N=Nc2ccc(Oc3ccc4ccccc4c3)cc2)cc1 1 c1ccc(N=Nc2ccc(Oc3ccc4ccccc4c3)cc2)cc1 0.9905929 1.9663 1.0000000 1.0000 1.0000000 1.0000 []
 | 14.6804 36.4703 -36.4703 0.0000000 FC(F)(F)c1cccc(N=Nc2ccc(Oc3ccccc3)cc2)c1 1 c1ccc(N=Nc2ccc(Oc3ccccc3)cc2)cc1 0.9883835 2.1052 1.0000000 1.0000 1.0000000 1.0000 []
 | 11.0835 50.7539 74.3123 0.9770797 c1ccc(N=Nc2cccc(-c3ccccc3N=Nc3cccnc3)c2)cc1 1 c1ccc(N=Nc2cccc(-c3ccccc3N=Nc3cccnc3)c2)cc1 0.9770797 2.5554 1.0000000 1.0000 1.0000000 1.0000 []
 | 13.0225 50.7447 75.6671 0.9875921 c1ccc(N=Nc2ccccc2-c2cccc(CN3CCCCCC3)c2)cc1 1 c1ccc(N=Nc2ccccc2-c2cccc(CN3CCCCCC3)c2)cc1 0.9875921 2.1487 1.0000000 1.0000 1.0000000 1.0000 []
 | 11.6778 25.6297 99.2262 0.9754369 O=C(c1ccccc1N=Nc1cccc(O)c1)N1CCN(c2nccc(Cl)n2)CC1 1 O=C(c1ccccc1N=Nc1ccccc1)N1CCN(c2ncccn2)CC1 0.9754369 2.6016 1.0000000 1.0000 1.0000000 1.0000 []
 | 14.5077 52.1886 73.6415 0.9830481 O=C(Oc1ccccc1)N1CCN(Cc2cccc(N=Nc3ccccc3-c3ccccc3)c2)CC1 1 O=C(Oc1ccccc1)N1CCN(Cc2cccc(N=Nc3ccccc3-c3ccccc3)c2)CC1 0.9830481 2.3550 1.0000000 1.0000 1.0000000 1.0000 []
 | 19.9378 46.4582 77.5285 0.9686462 O=S(=O)(N=C1CC1)c1cccc(N=Nc2cccc(F)c2)c1 1 O=S(=O)(N=C1CC1)c1cccc(N=Nc2ccccc2)c1 0.9686462 2.7652 1.0000000 1.0000 1.0000000 1.0000 []
04:02:09 <INFO> Score: 0.83 Agent NLL: 13.47 Valid: 100% Step: 220
 | Agent Prior Target Score SMILES SMILES_state Scaffold SA SA (raw) Alerts Alerts (raw) PS_Scaffold PS_Scaffold (raw) matchting_patterns (Alerts)
 | 17.0132 49.4354 73.8449 0.9631275 N#Cc1cccc(N=Nc2cccc(CO)n2)c1C1CCN(C(=O)OCc2ccccc2)CC1 1 O=C(OCc1ccccc1)N1CCC(c2ccccc2N=Nc2ccccn2)CC1 0.9631275 2.8745 1.0000000 1.0000 1.0000000 1.0000 []
 | 10.7156 27.9294 -27.9294 0.0000000 O=C(c1ccccc1N=Nc1cccc(O)c1)N1CCC(NC(=O)C2(c3ccccc3)CC2)CC1 1 O=C(c1ccccc1N=Nc1ccccc1)N1CCC(NC(=O)C2(c3ccccc3)CC2)CC1 0.9748203 2.6182 1.0000000 1.0000 1.0000000 1.0000 []
 | 9.9360 40.3725 83.4753 0.9675608 Fc1cccc(N=Nc2ccccc2)c1CNC1CCCN(Cc2ccccc2)CC1 1 c1ccc(CN2CCCC(NCc3ccccc3N=Nc3ccccc3)CC2)cc1 0.9675608 2.7881 1.0000000 1.0000 1.0000000 1.0000 []
 | 16.3605 49.1570 75.4761 0.9736962 COc1ccc(N=NC2CCN(C(=O)c3ccccc3N=Nc3ccccc3)CC2)cc1 1 O=C(c1ccccc1N=Nc1ccccc1)N1CCC(N=Nc2ccccc2)CC1 0.9736962 2.6474 1.0000000 1.0000 1.0000000 1.0000 []
 | 16.5968 43.0534 83.1488 0.9859549 Fc1cccc(N=Nc2ccc(-c3ccc4c(c3)CCCC4)cc2)c1 1 c1ccc(N=Nc2ccc(-c3ccc4c(c3)CCCC4)cc2)cc1 0.9859549 2.2305 1.0000000 1.0000 1.0000000 1.0000 []
 | 10.6552 43.0796 83.5417 0.9892289 c1ccc(-c2ccccc2N=Nc2ccc(CN3CCCC3)cc2)cc1 1 c1ccc(-c2ccccc2N=Nc2ccc(CN3CCCC3)cc2)cc1 0.9892289 2.0554 1.0000000 1.0000 1.0000000 1.0000 []
 | 8.3425 46.8091 -46.8091 0.0000000 O=C(c1ccc(N=Nc2ccccc2)cc1)N1CCC(c2ccccc2)CC1 1 O=C(c1ccc(N=Nc2ccccc2)cc1)N1CCC(c2ccccc2)CC1 0.9888089 2.0806 1.0000000 1.0000 1.0000000 1.0000 []
 | 16.5080 40.8629 80.1189 0.9451703 O=C(NC1CCN(Cc2ccc(N=Nc3ccc(Cl)cc3)cc2)CC1O)C1CCC1 1 O=C(NC1CCN(Cc2ccc(N=Nc3ccccc3)cc2)CC1)C1CCC1 0.9451703 3.1453 1.0000000 1.0000 1.0000000 1.0000 []
 | 10.1601 31.2452 87.5337 0.9279599 O=C(c1ccccc1N=Nc1cccc(O)c1)N1CCC(n2cc(NC(=O)C3(c4ccccc4)CC3)cn2)C1 1 O=C(c1ccccc1N=Nc1ccccc1)N1CCC(n2cc(NC(=O)C3(c4ccccc4)CC3)cn2)C1 0.9279599 3.3351 1.0000000 1.0000 1.0000000 1.0000 []
 | 12.2649 33.9911 91.9276 0.9837400 Fc1ccc(N=Nc2ccc(-c3ccn[nH]3)cc2)cc1 1 c1ccc(N=Nc2ccc(-c3ccn[nH]3)cc2)cc1 0.9837400 2.3274 1.0000000 1.0000 1.0000000 1.0000 []
04:02:11 <INFO> Score: 0.80 Agent NLL: 13.63 Valid:  99% Step: 221
 | Agent Prior Target Score SMILES SMILES_state Scaffold SA SA (raw) Alerts Alerts (raw) PS_Scaffold PS_Scaffold (raw) matchting_patterns (Alerts)
 | 10.4395 40.8802 80.6103 0.9491446 OCC1Cc2ccccc2CN1Cc1c(O)cccc1N=Nc1ccccc1 1 c1ccc(N=Nc2ccccc2CN2CCc3ccccc3C2)cc1 0.9491446 3.0935 1.0000000 1.0000 1.0000000 1.0000 []
 | 11.0767 32.1958 90.2028 0.9562396 O=C(c1ccccc1N=Nc1ccccc1)N1CCC2(CC1)C(=O)Nc1ccccc12 1 O=C(c1ccccc1N=Nc1ccccc1)N1CCC2(CC1)C(=O)Nc1ccccc12 0.9562396 2.9908 1.0000000 1.0000 1.0000000 1.0000 []
 | 11.4351 35.7163 90.3565 0.9849437 Fc1ccc(N=Nc2ccc(F)c(-c3cccc(CN4CCCCC4)c3)c2)cc1 1 c1ccc(N=Nc2cccc(-c3cccc(CN4CCCCC4)c3)c2)cc1 0.9849437 2.2765 1.0000000 1.0000 1.0000000 1.0000 []
 | 17.3245 40.1285 85.3132 0.9800130 c1cc(N2CCOCC2)ccc1N=Nc1ccc(N2CCC(CN3CCCC3)CC2)cc1 1 c1cc(N2CCOCC2)ccc1N=Nc1ccc(N2CCC(CN3CCCC3)CC2)cc1 0.9800130 2.4643 1.0000000 1.0000 1.0000000 1.0000 []
 | 18.1999 44.4673 79.2100 0.9662290 Fc1cc(N=Nc2cccc(F)c2CNC2CCN(Cc3cccnc3)CC2)ccn1 1 c1cncc(CN2CCC(NCc3ccccc3N=Nc3ccncc3)CC2)c1 0.9662290 2.8152 1.0000000 1.0000 1.0000000 1.0000 []
 | 17.6303 30.2184 84.3274 0.8948886 O=C(c1ccccc1N=Nc1ccccc1)N1CC2CCCCC2(C(=O)NCc2ccc(F)nc2)C1 1 O=C(c1ccccc1N=Nc1ccccc1)N1CC2CCCCC2(C(=O)NCc2cccnc2)C1 0.8948886 3.6048 1.0000000 1.0000 1.0000000 1.0000 []
 | 14.3392 49.2910 75.9416 0.9783795 COc1ccccc1N=Nc1cccc(-c2cccc3c(=O)cc[nH]c23)c1 1 O=c1cc[nH]c2c(-c3cccc(N=Nc4ccccc4)c3)cccc12 0.9783795 2.5165 1.0000000 1.0000 1.0000000 1.0000 []
 | 11.9499 35.0826 89.1295 0.9704072 Fc1cccc(N=Nc2ccc(NC3CCc4ccccc43)cc2)c1 1 c1ccc(N=Nc2ccc(NC3CCc4ccccc43)cc2)cc1 0.9704072 2.7263 1.0000000 1.0000 1.0000000 1.0000 []
 | 9.2642 42.8638 83.6711 0.9885542 O=C(CNC(=O)c1ccccc1)Nc1cc(N=Nc2ccccc2)ccc1F 1 O=C(CNC(=O)c1ccccc1)Nc1cccc(N=Nc2ccccc2)c1 0.9885542 2.0955 1.0000000 1.0000 1.0000000 1.0000 []
 | 18.8525 42.0609 81.0801 0.9620394 Oc1ccc(N=Nc2cccc(CNC3CCCN(Cc4cccnc4)C3)c2)cc1 1 c1ccc(N=Nc2cccc(CNC3CCCN(Cc4cccnc4)C3)c2)cc1 0.9620394 2.8942 1.0000000 1.0000 1.0000000 1.0000 []
04:02:14 <INFO> Score: 0.82 Agent NLL: 13.41 Valid: 100% Step: 222
 | Agent Prior Target Score SMILES SMILES_state Scaffold SA SA (raw) Alerts Alerts (raw) PS_Scaffold PS_Scaffold (raw) matchting_patterns (Alerts)
 | 14.3569 32.8785 88.2024 0.9459447 O=C(c1ccccc1N=Nc1ccccc1)N1CCC(O)(C(=O)NC2CCCN(Cc3ccccc3)C2)CC1 1 O=C(NC1CCCN(Cc2ccccc2)C1)C1CCN(C(=O)c2ccccc2N=Nc2ccccc2)CC1 0.9459447 3.1355 1.0000000 1.0000 1.0000000 1.0000 []
 | 13.9953 40.3544 85.2919 0.9816118 FC(F)(F)c1ccc(N=Nc2ccc(-c3cccc(-c4cncnc4)c3)cc2)cc1 1 c1ccc(N=Nc2ccc(-c3cccc(-c4cncnc4)c3)cc2)cc1 0.9816118 2.4089 1.0000000 1.0000 1.0000000 1.0000 []
 | 11.6715 48.4344 78.0309 0.9880102 COc1ccccc1N=Nc1cccc(C(=O)N2CCCCC2)c1 1 O=C(c1cccc(N=Nc2ccccc2)c1)N1CCCCC1 0.9880102 2.1261 1.0000000 1.0000 1.0000000 1.0000 []
 | 12.0523 42.0911 83.6792 0.9825807 Oc1cccc(N=Nc2ccccc2)c1CN1CCCN(CCc2ccccc2)CC1 1 c1ccc(CCN2CCCN(Cc3ccccc3N=Nc3ccccc3)CC2)cc1 0.9825807 2.3730 1.0000000 1.0000 1.0000000 1.0000 []
 | 9.6900 27.4441 96.6106 0.9691769 O=C(c1ccccc1N=Nc1ccccc1)N1CC(O)(C(=O)N2CCN(c3ccccc3O)CC2)C1 1 O=C(c1ccccc1N=Nc1ccccc1)N1CC(C(=O)N2CCN(c3ccccc3)CC2)C1 0.9691769 2.7537 1.0000000 1.0000 1.0000000 1.0000 []
 | 13.5572 49.4815 74.8494 0.9713354 Oc1ccc(N=Nc2ccccc2)cc1N=Nc1ccccc1C1CC1 1 c1ccc(N=Nc2cccc(N=Nc3ccccc3C3CC3)c2)cc1 0.9713354 2.7050 1.0000000 1.0000 1.0000000 1.0000 []
 | 8.8262 24.4521 102.1833 0.9893394 Fc1ccccc1C=NNc1ccccc1C(F)(F)F 1 C(=NNc1ccccc1)c1ccccc1 0.9893394 2.0487 1.0000000 1.0000 1.0000000 1.0000 []
 | 16.0178 63.9250 58.3089 0.9549520 O=C(Nc1cccc(N=Nc2cccc(C3CCCN(CCO)C3)c2)c1)c1ccccn1 1 O=C(Nc1cccc(N=Nc2cccc(C3CCCNC3)c2)c1)c1ccccn1 0.9549520 3.0105 1.0000000 1.0000 1.0000000 1.0000 []
 | 12.2380 53.8590 71.2567 0.9774664 O=C1CCN(c2ccccc2N=Nc2cccc(N3CCC3)c2)CC1 1 O=C1CCN(c2ccccc2N=Nc2cccc(N3CCC3)c2)CC1 0.9774664 2.5441 1.0000000 1.0000 1.0000000 1.0000 []
 | 9.9701 34.2238 -34.2238 0.0000000 Brc1ccccc1N=Nc1cccc(N2CCCC2)c1 1 c1ccc(N=Nc2cccc(N3CCCC3)c2)cc1 0.9840297 2.3155 1.0000000 1.0000 1.0000000 1.0000 []
04:02:18 <INFO> Score: 0.83 Agent NLL: 13.96 Valid: 100% Step: 223
 | Agent Prior Target Score SMILES SMILES_state Scaffold SA SA (raw) Alerts Alerts (raw) PS_Scaffold PS_Scaffold (raw) matchting_patterns (Alerts)
 | 12.9924 37.1111 88.3763 0.9803700 Oc1ccc2c(c1)CN(Cc1cc(N=Nc3ccccc3)ccc1F)C2 1 c1ccc(N=Nc2cccc(CN3Cc4ccccc4C3)c2)cc1 0.9803700 2.4523 1.0000000 1.0000 1.0000000 1.0000 []
 | 12.3837 40.4740 84.3344 0.9750659 Fc1cccc(N=Nc2ccccc2)c1CNc1cccc(-c2cnco2)c1 1 c1ccc(N=Nc2ccccc2CNc2cccc(-c3cnco3)c2)cc1 0.9750659 2.6116 1.0000000 1.0000 1.0000000 1.0000 []
 | 13.9990 41.8988 58.1932 0.7819685 O=C(c1ccccc1N=Nc1ccccc1)N1CC2(CC2)CC1C(=O)N1CC=CCC1c1ccccc1 1 O=C(c1ccccc1N=Nc1ccccc1)N1CC2(CC2)CC1C(=O)N1CC=CCC1c1ccccc1 0.7819685 4.1680 1.0000000 1.0000 1.0000000 1.0000 []
 | 13.9271 52.6874 72.4841 0.9779024 c1ccc(C2CCN(c3ccccc3N=Nc3cccs3)CC2)cc1 1 c1ccc(C2CCN(c3ccccc3N=Nc3cccs3)CC2)cc1 0.9779024 2.5311 1.0000000 1.0000 1.0000000 1.0000 []
 | 15.0506 42.8737 83.0766 0.9839870 O=C(Cn1ccc(-c2ccccc2)n1)Nc1ccc(N=Nc2cccc(F)c2)cc1 1 O=C(Cn1ccc(-c2ccccc2)n1)Nc1ccc(N=Nc2ccccc2)cc1 0.9839870 2.3172 1.0000000 1.0000 1.0000000 1.0000 []
 | 12.8557 35.7944 89.3438 0.9776417 Fc1ccc(N=Nc2ccccc2)cc1-c1cc(F)c2cc[nH]c2c1 1 c1ccc(N=Nc2cccc(-c3ccc4cc[nH]c4c3)c2)cc1 0.9776417 2.5389 1.0000000 1.0000 1.0000000 1.0000 []
 | 12.3957 44.1156 82.3979 0.9883866 O=C(COc1ccccc1)Nc1ccc(N=Nc2ccccn2)cc1 1 O=C(COc1ccccc1)Nc1ccc(N=Nc2ccccn2)cc1 0.9883866 2.1051 1.0000000 1.0000 1.0000000 1.0000 []
 | 13.7743 27.3048 90.7703 0.9224622 O=C(c1ccccc1N=Nc1ccccc1)N1CCC(F)(C(=O)Nc2ccc3ocnc3c2)C1 1 O=C(Nc1ccc2ocnc2c1)C1CCN(C(=O)c2ccccc2N=Nc2ccccc2)C1 0.9224622 3.3868 1.0000000 1.0000 1.0000000 1.0000 []
 | 21.3526 79.5853 42.2830 0.9520959 COc1ccc(N=Nc2ccnc(N=Nc3cc(F)cc(F)c3)c2)cc1N1CCC1 1 c1ccc(N=Nc2cc(N=Nc3cccc(N4CCC4)c3)ccn2)cc1 0.9520959 3.0525 1.0000000 1.0000 1.0000000 1.0000 []
 | 13.5035 47.3363 78.5325 0.9833499 O=C(CN1CCCC1=O)Nc1cccc(N=Nc2ccccc2Cl)c1 1 O=C(CN1CCCC1=O)Nc1cccc(N=Nc2ccccc2)c1 0.9833499 2.3431 1.0000000 1.0000 1.0000000 1.0000 []
04:02:19 <INFO> Sampled SMILES c1cc(N=Nc2ccc(CO)o2)ccc1ClNC(=O)Nc1ccccc1 failed to sanitize.
04:02:21 <INFO> Score: 0.77 Agent NLL: 13.76 Valid:  99% Step: 224
 | Agent Prior Target Score SMILES SMILES_state Scaffold SA SA (raw) Alerts Alerts (raw) PS_Scaffold PS_Scaffold (raw) matchting_patterns (Alerts)
 | 16.0547 48.0915 -48.0915 0.0000000 O=C(Nc1cccc(N=Nc2ccc(Cl)cc2)c1)c1ccccc1 1 O=C(Nc1cccc(N=Nc2ccccc2)c1)c1ccccc1 0.9911298 1.9277 1.0000000 1.0000 1.0000000 1.0000 []
 | 11.0353 25.4003 100.2717 0.9818121 O=C(c1ccccc1N=Nc1cccc(O)c1)N1CCN(CCOCc2ccccc2)CC1 1 O=C(c1ccccc1N=Nc1ccccc1)N1CCN(CCOCc2ccccc2)CC1 0.9818121 2.4016 1.0000000 1.0000 1.0000000 1.0000 []
 | 10.0354 43.7006 82.4092 0.9852321 Fc1ccccc1N=Nc1cccc(-c2ccccc2N2CCC2)c1 1 c1ccc(N=Nc2cccc(-c3ccccc3N3CCC3)c2)cc1 0.9852321 2.2637 1.0000000 1.0000 1.0000000 1.0000 []
 | 24.1420 38.9539 83.8689 0.9595531 O=C1CCC=NN1c1ccc(C(F)(F)F)c(CNCc2ccc3cc[nH]c3c2)c1 1 O=C1CCC=NN1c1cccc(CNCc2ccc3cc[nH]c3c2)c1 0.9595531 2.9372 1.0000000 1.0000 1.0000000 1.0000 []
 | 16.5734 25.8597 88.0294 0.8897590 O=C(c1ccccc1N=Nc1ccc(O)cc1)N1CC(F)(C(=O)NC(CO)C2COC2)C1 1 O=C(NCC1COC1)C1CN(C(=O)c2ccccc2N=Nc2ccccc2)C1 0.8897590 3.6396 1.0000000 1.0000 1.0000000 1.0000 []
 | 11.1419 32.0358 94.0414 0.9849776 FC(F)(F)c1cccc(N=Nc2cccc(CN3CCC3)c2)c1 1 c1ccc(N=Nc2cccc(CN3CCC3)c2)cc1 0.9849776 2.2750 1.0000000 1.0000 1.0000000 1.0000 []
 | 10.2896 42.0711 84.5514 0.9892383 O=C(CN1CCN(c2ccccc2)CC1)Nc1ccc(N=Nc2ccccc2)cc1 1 O=C(CN1CCN(c2ccccc2)CC1)Nc1ccc(N=Nc2ccccc2)cc1 0.9892383 2.0549 1.0000000 1.0000 1.0000000 1.0000 []
 | 9.8896 35.7697 90.6898 0.9879655 Fc1ccc(N=Nc2cccc(-c3ccc(CN4CCCCC4)cc3)c2)cc1 1 c1ccc(N=Nc2cccc(-c3ccc(CN4CCCCC4)cc3)c2)cc1 0.9879655 2.1285 1.0000000 1.0000 1.0000000 1.0000 []
 | 9.7506 37.7807 88.1506 0.9838381 Fc1ccccc1N=Nc1cnc2ccccc2c1 1 c1ccc(N=Nc2cnc3ccccc3c2)cc1 0.9838381 2.3234 1.0000000 1.0000 1.0000000 1.0000 []
 | 12.7572 47.5015 78.4614 0.9840847 c1cc(N=Nc2ccccc2CN2CCCCC2)cc(-c2ccc3ccccc3c2)c1 1 c1cc(N=Nc2ccccc2CN2CCCCC2)cc(-c2ccc3ccccc3c2)c1 0.9840847 2.3132 1.0000000 1.0000 1.0000000 1.0000 []
04:02:22 <INFO> Sampled SMILES Oc1ccc(N=Nc2ccccc2CO)cc1-c1c(=O)c2ccccc2[nH]1 failed to sanitize.
04:02:23 <INFO> Score: 0.74 Agent NLL: 13.41 Valid:  99% Step: 225
 | Agent Prior Target Score SMILES SMILES_state Scaffold SA SA (raw) Alerts Alerts (raw) PS_Scaffold PS_Scaffold (raw) matchting_patterns (Alerts)
 | 14.6219 40.9387 84.9940 0.9838492 O=C(Nc1cccc(-c2cccc(N=Nc3cccc(C(F)(F)F)c3)c2)c1)C1CC1 1 O=C(Nc1cccc(-c2cccc(N=Nc3ccccc3)c2)c1)C1CC1 0.9838492 2.3229 1.0000000 1.0000 1.0000000 1.0000 []
 | 7.0814 45.1067 -45.1067 0.0000000 O=C(Cc1ccccc1)Nc1ccc(N=Nc2ccccc2)cc1 1 O=C(Cc1ccccc1)Nc1ccc(N=Nc2ccccc2)cc1 0.9920611 1.8548 1.0000000 1.0000 1.0000000 1.0000 []
 | 15.2126 32.8464 90.8720 0.9665505 O=C(c1ccccc1N=Nc1ccccc1)N1CCC(F)(C(=O)Nc2cccc3c2CCCC3)CC1 1 O=C(Nc1cccc2c1CCCC2)C1CCN(C(=O)c2ccccc2N=Nc2ccccc2)CC1 0.9665505 2.8087 1.0000000 1.0000 1.0000000 1.0000 []
 | 16.6447 39.4479 86.1391 0.9811488 O=S(=O)(Nc1ccc(N=Nc2cccc(C(F)(F)F)c2)cc1)c1cccs1 1 O=S(=O)(Nc1ccc(N=Nc2ccccc2)cc1)c1cccs1 0.9811488 2.4254 1.0000000 1.0000 1.0000000 1.0000 []
 | 12.3412 56.6339 70.0195 0.9894793 O=C(NCc1ccccc1)Nc1cccc(N=Nc2ccc(Cl)cc2)c1 1 O=C(NCc1ccccc1)Nc1cccc(N=Nc2ccccc2)c1 0.9894793 2.0400 1.0000000 1.0000 1.0000000 1.0000 []
 | 12.9842 50.1865 74.3354 0.9728271 O=C1CN(Cc2cc(N=Nc3ccccc3CN3CCCC3)ccc2F)CCN1 1 O=C1CN(Cc2cccc(N=Nc3ccccc3CN3CCCC3)c2)CCN1 0.9728271 2.6692 1.0000000 1.0000 1.0000000 1.0000 []
 | 15.1794 38.6183 -38.6183 0.0000000 O=C(NCc1ccc(N=Nc2ccccc2)cc1O)Nc1ccccc1 1 O=C(NCc1ccc(N=Nc2ccccc2)cc1)Nc1ccccc1 0.9873156 2.1632 1.0000000 1.0000 1.0000000 1.0000 []
 | 15.3494 46.6660 75.9881 0.9582350 COc1ccc(N=Nc2cccc(CN3CCOC4(CC4)C3)c2)cc1 1 c1ccc(N=Nc2cccc(CN3CCOC4(CC4)C3)c2)cc1 0.9582350 2.9590 1.0000000 1.0000 1.0000000 1.0000 []
 | 12.8837 46.1579 79.1219 0.9787487 Fc1cccc(N=Nc2ccccc2)c1-c1ccccc1CN1CCCNCC1 1 c1ccc(N=Nc2ccccc2-c2ccccc2CN2CCCNCC2)cc1 0.9787487 2.5051 1.0000000 1.0000 1.0000000 1.0000 []
 | 8.9031 28.1577 -28.1577 0.0000000 O=C(c1ccccc1N=Nc1cccc(O)c1)N1CCN(C(C(=O)N2CCC2)c2ccccc2)CC1 1 O=C(c1ccccc1N=Nc1ccccc1)N1CCN(C(C(=O)N2CCC2)c2ccccc2)CC1 0.9553370 3.0047 1.0000000 1.0000 1.0000000 1.0000 []
04:02:26 <INFO> Score: 0.81 Agent NLL: 13.53 Valid:  99% Step: 226
 | Agent Prior Target Score SMILES SMILES_state Scaffold SA SA (raw) Alerts Alerts (raw) PS_Scaffold PS_Scaffold (raw) matchting_patterns (Alerts)
 | 11.7349 53.3286 73.1259 0.9879263 O=C(COc1ccccc1)Nc1ccc(N=Nc2cccc(CN3CCC3)c2)cc1 1 O=C(COc1ccccc1)Nc1ccc(N=Nc2cccc(CN3CCC3)c2)cc1 0.9879263 2.1307 1.0000000 1.0000 1.0000000 1.0000 []
 | 12.8155 45.2184 81.4705 0.9897572 Oc1ccc(-c2ccc(Nc3ccc(N=Nc4ccccc4)cc3)cc2)cc1 1 c1ccc(N=Nc2ccc(Nc3ccc(-c4ccccc4)cc3)cc2)cc1 0.9897572 2.0223 1.0000000 1.0000 1.0000000 1.0000 []
 | 12.8463 37.6909 88.2402 0.9838362 Fc1ccc(N=Nc2cccc3ccccc23)cc1CN1CCOCC1 1 c1cc(CN2CCOCC2)cc(N=Nc2cccc3ccccc23)c1 0.9838362 2.3234 1.0000000 1.0000 1.0000000 1.0000 []
 | 14.1738 50.1128 71.9155 0.9533466 OC1CCN(c2ccc(N=Nc3ccccc3C3CN(Cc4ccccc4)CCO3)cc2)CC1 1 c1ccc(CN2CCOC(c3ccccc3N=Nc3ccc(N4CCCCC4)cc3)C2)cc1 0.9533466 3.0344 1.0000000 1.0000 1.0000000 1.0000 []
 | 10.0145 38.5623 87.8463 0.9875672 c1ccc(N=Nc2ccc(N3CCN(c4ccccc4-c4ccccc4)CC3)cc2)cc1 1 c1ccc(N=Nc2ccc(N3CCN(c4ccccc4-c4ccccc4)CC3)cc2)cc1 0.9875672 2.1500 1.0000000 1.0000 1.0000000 1.0000 []
 | 13.2870 51.7246 73.5440 0.9786603 COc1cccc(N=Nc2ccccc2-c2cnc3cc[nH]c3c2)c1 1 c1ccc(N=Nc2ccccc2-c2cnc3cc[nH]c3c2)cc1 0.9786603 2.5078 1.0000000 1.0000 1.0000000 1.0000 []
 | 9.2228 25.4746 99.4315 0.9758285 O=C(c1ccccc1N=Nc1cccc(O)c1)N1CCC(N2CCN(CCO)CC2)CC1 1 O=C(c1ccccc1N=Nc1ccccc1)N1CCC(N2CCNCC2)CC1 0.9758285 2.5909 1.0000000 1.0000 1.0000000 1.0000 []
 | 26.8341 68.9324 56.3016 0.9783903 COc1cccc(N=Nc2ccc(-c3cc(OC)ccc3N3CCC3=O)c(Cl)c2)c1 1 O=C1CCN1c1ccccc1-c1ccc(N=Nc2ccccc2)cc1 0.9783903 2.5162 1.0000000 1.0000 1.0000000 1.0000 []
 | 13.7194 51.9557 73.8395 0.9827750 COc1ccc(N=Nc2cccc(CNC3CCN(CC4CC4)CC3)c2)cc1 1 c1ccc(N=Nc2cccc(CNC3CCN(CC4CC4)CC3)c2)cc1 0.9827750 2.3656 1.0000000 1.0000 1.0000000 1.0000 []
 | 12.7211 38.2182 88.0534 0.9864970 Clc1ccc(N=Nc2ccc(Nc3ccc4c(c3)OCO4)cc2)cc1 1 c1ccc(N=Nc2ccc(Nc3ccc4c(c3)OCO4)cc2)cc1 0.9864970 2.2045 1.0000000 1.0000 1.0000000 1.0000 []
04:02:27 <INFO> Sampled SMILES Fc1ccc(N=Nc2ccc(F)cc2)cc1-c1cc2c(ccc1N)NCC2 failed to sanitize.
04:02:29 <INFO> Score: 0.77 Agent NLL: 13.44 Valid:  99% Step: 227
 | Agent Prior Target Score SMILES SMILES_state Scaffold SA SA (raw) Alerts Alerts (raw) PS_Scaffold PS_Scaffold (raw) matchting_patterns (Alerts)
 | 15.5383 68.0593 53.6367 0.9507499 c1ccc(C2CCN2Cc2cccc(N=Nc3ccccc3-c3ncc[nH]3)c2)cc1 1 c1ccc(C2CCN2Cc2cccc(N=Nc3ccccc3-c3ncc[nH]3)c2)cc1 0.9507499 3.0715 1.0000000 1.0000 1.0000000 1.0000 []
 | 10.8933 24.9590 100.2006 0.9778094 O=C(c1ccccc1N=Nc1ccc(O)cc1)N(CCCO)Cc1cccs1 1 O=C(NCc1cccs1)c1ccccc1N=Nc1ccccc1 0.9778094 2.5339 1.0000000 1.0000 1.0000000 1.0000 []
 | 7.4186 41.2741 -41.2741 0.0000000 O=C(c1ccccc1)c1ccc(N=Nc2ccccc2)cc1 1 O=C(c1ccccc1)c1ccc(N=Nc2ccccc2)cc1 0.9920380 1.8567 1.0000000 1.0000 1.0000000 1.0000 []
 | 12.9107 37.0613 88.4436 0.9805071 Oc1ccccc1N1CCN(c2cccc(N=Nc3cccc(C(F)(F)F)c3)c2)CC1 1 c1ccc(N=Nc2cccc(N3CCN(c4ccccc4)CC3)c2)cc1 0.9805071 2.4476 1.0000000 1.0000 1.0000000 1.0000 []
 | 11.2435 23.9241 101.7492 0.9818230 O=C(c1ccco1)N1CCN(C(=O)c2ccccc2N=Nc2ccc(O)cc2)CC1 1 O=C(c1ccco1)N1CCN(C(=O)c2ccccc2N=Nc2ccccc2)CC1 0.9818230 2.4012 1.0000000 1.0000 1.0000000 1.0000 []
 | 13.9304 37.5114 86.8836 0.9718361 O=C(NCCCN1CCN(C(=O)c2ccccc2N=Nc2ccccc2)CC1)C1=COCCO1 1 O=C(NCCCN1CCN(C(=O)c2ccccc2N=Nc2ccccc2)CC1)C1=COCCO1 0.9718361 2.6932 1.0000000 1.0000 1.0000000 1.0000 []
 | 14.6108 45.0433 80.2291 0.9786904 Oc1ccc(N=Nc2ccccc2CN2CCCC2)cc1N1CCC1 1 c1cc(N=Nc2ccccc2CN2CCCC2)cc(N2CCC2)c1 0.9786904 2.5069 1.0000000 1.0000 1.0000000 1.0000 []
 | 8.4817 38.0792 -38.0792 0.0000000 Oc1ccccc1N1CCN(Cc2c(F)cccc2N=Nc2ccccc2)CC1 1 c1ccc(N=Nc2ccccc2CN2CCN(c3ccccc3)CC2)cc1 0.9820138 2.3942 1.0000000 1.0000 1.0000000 1.0000 []
 | 19.6042 55.5379 68.6764 0.9704243 Cc1ccc(N=Nc2cccc(CO)n2)cc1-c1cccc(N2CCCCC2)n1 1 c1ccc(N=Nc2cccc(-c3cccc(N4CCCCC4)n3)c2)nc1 0.9704243 2.7260 1.0000000 1.0000 1.0000000 1.0000 []
 | 13.7399 36.9108 85.5677 0.9568630 OCC1Cc2ccccc2CN1c1cccc(N=Nc2ccc3ccccc3c2)c1 1 c1cc(N=Nc2ccc3ccccc3c2)cc(N2CCc3ccccc3C2)c1 0.9568630 2.9810 1.0000000 1.0000 1.0000000 1.0000 []
04:02:30 <INFO> Sampled SMILES c1cc(N=Nc2ccccc2)ccc1-c1c(C2CCC2)nccc1-1ccccc1 failed to sanitize.
04:02:32 <INFO> Score: 0.76 Agent NLL: 13.87 Valid:  99% Step: 228
 | Agent Prior Target Score SMILES SMILES_state Scaffold SA SA (raw) Alerts Alerts (raw) PS_Scaffold PS_Scaffold (raw) matchting_patterns (Alerts)
 | 18.8798 66.0043 -66.0043 0.0000000 c1cc(N=Nc2ccccc2)ccc1-c1c(C2CCC2)nccc1-1ccccc1 0 -- 0.0000000 0.0000 0.0000000 0.0000 0.0000000 0.0000 None
 | 17.8449 55.6950 69.1391 0.9752660 c1cnc2c(N=Nc3ccc(-c4ccc5c(c4)CCCN5CC4CCC4)cc3)cccc2c1 1 c1cnc2c(N=Nc3ccc(-c4ccc5c(c4)CCCN5CC4CCC4)cc3)cccc2c1 0.9752660 2.6063 1.0000000 1.0000 1.0000000 1.0000 []
 | 10.6774 55.2482 70.6740 0.9837673 O=C(CN1C(=O)c2cccc3cccc1c23)Nc1ccccc1N=Nc1ccccc1 1 O=C(CN1C(=O)c2cccc3cccc1c23)Nc1ccccc1N=Nc1ccccc1 0.9837673 2.3262 1.0000000 1.0000 1.0000000 1.0000 []
 | 12.9402 45.4270 80.3911 0.9829540 c1ccc(-c2cccc(N=Nc3cccc(CN4CCN(C5CCCCC5)CC4)c3)c2)cc1 1 c1ccc(-c2cccc(N=Nc3cccc(CN4CCN(C5CCCCC5)CC4)c3)c2)cc1 0.9829540 2.3586 1.0000000 1.0000 1.0000000 1.0000 []
 | 10.6180 54.4373 70.9791 0.9798161 c1ccc(N=NCc2cccc(Oc3ccc(N=Nc4ccccc4)cc3)c2)cc1 1 c1ccc(N=NCc2cccc(Oc3ccc(N=Nc4ccccc4)cc3)c2)cc1 0.9798161 2.4708 1.0000000 1.0000 1.0000000 1.0000 []
 | 15.7481 40.0792 85.2618 0.9792268 N#Cc1ccc(N=Nc2cccc(F)c2)cc1N1CCN(CCCc2ccccc2)CC1 1 c1ccc(CCCN2CCN(c3cccc(N=Nc4ccccc4)c3)CC2)cc1 0.9792268 2.4899 1.0000000 1.0000 1.0000000 1.0000 []
 | 10.0934 28.8719 96.1653 0.9768531 O=C(CN1CCN(C(=O)c2ccccc2N=Nc2cccc(O)c2)CC1)N1CCc2ccccc2CC1 1 O=C(CN1CCN(C(=O)c2ccccc2N=Nc2ccccc2)CC1)N1CCc2ccccc2CC1 0.9768531 2.5620 1.0000000 1.0000 1.0000000 1.0000 []
 | 9.2052 45.8238 -45.8238 0.0000000 Brc1cccc(N=Nc2ccc(-c3ccc(-c4ccccc4)cc3)cc2)n1 1 c1ccc(-c2ccc(-c3ccc(N=Nc4ccccn4)cc3)cc2)cc1 0.9848539 2.2804 1.0000000 1.0000 1.0000000 1.0000 []
 | 6.6506 55.4235 -55.4235 0.0000000 O=C(Nc1cccc(N=Nc2ccccc2)c1)c1ccccc1 1 O=C(Nc1cccc(N=Nc2ccccc2)c1)c1ccccc1 0.9919739 1.8620 1.0000000 1.0000 1.0000000 1.0000 []
 | 7.7174 42.1844 -42.1844 0.0000000 COc1cccc(N=Nc2ccccc2F)c1 1 c1ccc(N=Nc2ccccc2)cc1 0.9882843 2.1108 1.0000000 1.0000 1.0000000 1.0000 []
04:02:35 <INFO> Score: 0.79 Agent NLL: 13.89 Valid: 100% Step: 229
 | Agent Prior Target Score SMILES SMILES_state Scaffold SA SA (raw) Alerts Alerts (raw) PS_Scaffold PS_Scaffold (raw) matchting_patterns (Alerts)
 | 13.4008 51.1765 74.4934 0.9817966 c1ccc(-c2ccccc2N=Nc2ccccc2CN2CCN(CC3CCC3)CC2)cc1 1 c1ccc(-c2ccccc2N=Nc2ccccc2CN2CCN(CC3CCC3)CC2)cc1 0.9817966 2.4022 1.0000000 1.0000 1.0000000 1.0000 []
 | 14.6042 57.4515 67.7263 0.9779516 O=C1OCCN1c1ccccc1N=Nc1cccc(CN2CCN(Cc3ccccc3)CC2)c1 1 O=C1OCCN1c1ccccc1N=Nc1cccc(CN2CCN(Cc3ccccc3)CC2)c1 0.9779516 2.5296 1.0000000 1.0000 1.0000000 1.0000 []
 | 14.9187 28.7054 66.5345 0.7440617 O=C(c1ccccc1N=Nc1ccccc1)N1CCOC(C(=O)N2CC3CCC2C3)C1 1 O=C(c1ccccc1N=Nc1ccccc1)N1CCOC(C(=O)N2CC3CCC2C3)C1 0.7440617 4.3048 1.0000000 1.0000 1.0000000 1.0000 []
 | 16.3186 38.4417 83.3641 0.9516082 Brc1ccccc1N=Nc1cccc(C2OCCN2Cc2ccccc2)c1 1 c1ccc(CN2CCOC2c2cccc(N=Nc3ccccc3)c2)cc1 0.9516082 3.0595 1.0000000 1.0000 1.0000000 1.0000 []
 | 10.6940 49.0404 76.8705 0.9836790 c1ccc(-c2cccc(N=Nc3cccc(CN4CCN(CC5CCC5)CC4)c3)c2)cc1 1 c1ccc(-c2cccc(N=Nc3cccc(CN4CCN(CC5CCC5)CC4)c3)c2)cc1 0.9836790 2.3298 1.0000000 1.0000 1.0000000 1.0000 []
 | 18.5473 48.8097 73.3185 0.9541265 Fc1ccc(N=Nc2ccncc2)cc1NC1CCN(C(c2ccccc2)c2ccccc2)C1 1 c1ccc(C(c2ccccc2)N2CCC(Nc3cccc(N=Nc4ccncc4)c3)C2)cc1 0.9541265 3.0229 1.0000000 1.0000 1.0000000 1.0000 []
 | 11.8627 28.0067 96.0883 0.9694917 O=C(c1ccccc1N=Nc1cccc(O)c1)N1CC(O)(C(=O)Nc2cccc(Cc3ccccc3)c2)C1 1 O=C(Nc1cccc(Cc2ccccc2)c1)C1CN(C(=O)c2ccccc2N=Nc2ccccc2)C1 0.9694917 2.7468 1.0000000 1.0000 1.0000000 1.0000 []
 | 9.4642 28.0832 -28.0832 0.0000000 O=C(c1ccccc1N=Nc1ccccc1)N1CCN(C(C(=O)N2CCC(F)(CO)CC2)c2ccccc2)CC1 1 O=C(c1ccccc1N=Nc1ccccc1)N1CCN(C(C(=O)N2CCCCC2)c2ccccc2)CC1 0.9320292 3.2943 1.0000000 1.0000 1.0000000 1.0000 []
 | 8.1759 44.3925 -44.3925 0.0000000 c1ccc(N=Nc2ccc(OCc3cccc(-c4ccccc4)c3)cc2)cc1 1 c1ccc(N=Nc2ccc(OCc3cccc(-c4ccccc4)c3)cc2)cc1 0.9907878 1.9526 1.0000000 1.0000 1.0000000 1.0000 []
 | 13.7077 29.9545 85.9012 0.9051227 O=C(c1ccccc1N=Nc1cccc(O)c1)N1CC(F)(C(=O)N(C2CC2)C2CCCc3ccccc32)C1 1 O=C(c1ccccc1N=Nc1ccccc1)N1CC(C(=O)N(C2CC2)C2CCCc3ccccc32)C1 0.9051227 3.5307 1.0000000 1.0000 1.0000000 1.0000 []
04:03:30 <INFO> Score: 0.80 Agent NLL: 13.47 Valid:  99% Step: 230
 | Agent Prior Target Score SMILES SMILES_state Scaffold SA SA (raw) Alerts Alerts (raw) PS_Scaffold PS_Scaffold (raw) matchting_patterns (Alerts)
 | 17.5052 59.3180 58.4430 0.9200079 CN(c1ccc(N=Nc2ccc3c(c2)OCCO3)cc1)C1CN(C(=O)Nc2ccccc2)CCN1CC1CC1 1 O=C(Nc1ccccc1)N1CCN(CC2CC2)C(Nc2ccc(N=Nc3ccc4c(c3)OCCO4)cc2)C1 0.9200079 3.4089 1.0000000 1.0000 1.0000000 1.0000 []
 | 19.5905 64.1645 60.0657 0.9705479 CCNc1ccc(N=Nc2cccc(F)c2N2CCC(Oc3ccccn3)CC2)cc1 1 c1ccc(N=Nc2ccccc2N2CCC(Oc3ccccn3)CC2)cc1 0.9705479 2.7231 1.0000000 1.0000 1.0000000 1.0000 []
 | 14.4998 47.0552 78.3505 0.9797313 Brc1ccc(CNc2ccc(N=Nc3cccc(Br)n3)cc2)cc1 1 c1ccc(CNc2ccc(N=Nc3ccccn3)cc2)cc1 0.9797313 2.4736 1.0000000 1.0000 1.0000000 1.0000 []
 | 11.6033 37.7570 87.7179 0.9802731 OCCN1CCCN(c2cccc(N=Nc3ccccc3Br)c2)CC1 1 c1ccc(N=Nc2cccc(N3CCCNCC3)c2)cc1 0.9802731 2.4556 1.0000000 1.0000 1.0000000 1.0000 []
 | 10.6788 38.7361 -38.7361 0.0000000 Fc1ccc(N=Nc2ccc(-c3ccc(-c4ccccc4)cc3)c(F)c2)cc1 1 c1ccc(N=Nc2ccc(-c3ccc(-c4ccccc4)cc3)cc2)cc1 0.9887806 2.0823 1.0000000 1.0000 1.0000000 1.0000 []
 | 15.9644 58.0272 66.8189 0.9753602 O=C(NC1CCN(Cc2cc(N=Nc3ccc(CCO)nc3)ccc2F)CC1)c1ccccc1 1 O=C(NC1CCN(Cc2cccc(N=Nc3cccnc3)c2)CC1)c1ccccc1 0.9753602 2.6037 1.0000000 1.0000 1.0000000 1.0000 []
 | 14.8993 40.9310 84.0425 0.9763550 Oc1ccc(N=Nc2ccncc2)cc1-c1cccc(CN2CCC(O)CC2)c1 1 c1cc(CN2CCCCC2)cc(-c2cccc(N=Nc3ccncc3)c2)c1 0.9763550 2.5762 1.0000000 1.0000 1.0000000 1.0000 []
 | 9.5659 38.0723 -38.0723 0.0000000 c1ccc(N=Nc2ccc(OCc3cccc4ccccc34)cc2)cc1 1 c1ccc(N=Nc2ccc(OCc3cccc4ccccc34)cc2)cc1 0.9903817 1.9809 1.0000000 1.0000 1.0000000 1.0000 []
 | 12.8461 32.8983 93.1961 0.9851128 Oc1ccc(N=Nc2ccccc2)cc1N1CCCCCC1 1 c1ccc(N=Nc2cccc(N3CCCCCC3)c2)cc1 0.9851128 2.2690 1.0000000 1.0000 1.0000000 1.0000 []
 | 12.3156 41.8062 83.1895 0.9765295 c1cc(Cn2cccc2)cc(N=Nc2ccccc2N2CCOCC2)c1 1 c1cc(Cn2cccc2)cc(N=Nc2ccccc2N2CCOCC2)c1 0.9765295 2.5713 1.0000000 1.0000 1.0000000 1.0000 []
04:03:31 <INFO> Sampled SMILES N#Cc1cccc(N=Nc2cccc(N=Nc3ccccc3)c2)c1C#NNC(=O)C1CCCO1 failed to sanitize.
04:03:32 <INFO> Score: 0.78 Agent NLL: 12.96 Valid:  98% Step: 231
 | Agent Prior Target Score SMILES SMILES_state Scaffold SA SA (raw) Alerts Alerts (raw) PS_Scaffold PS_Scaffold (raw) matchting_patterns (Alerts)
 | 13.8864 53.1612 -53.1612 0.0000000 c1cc(N=Nc2ccccc2)ccc1NC(=O)CNC(c1ccccc1 0 -- 0.0000000 0.0000 0.0000000 0.0000 0.0000000 0.0000 None
 | 9.2161 32.8188 91.4879 0.9711459 O=C(c1ccccc1N=Nc1ccc(O)cc1)N1CCCC1c1ccccc1 1 O=C(c1ccccc1N=Nc1ccccc1)N1CCCC1c1ccccc1 0.9711459 2.7094 1.0000000 1.0000 1.0000000 1.0000 []
 | 8.3342 35.1292 -35.1292 0.0000000 Fc1ccc(N=Nc2ccccc2)cc1N1CCC1 1 c1ccc(N=Nc2cccc(N3CCC3)c2)cc1 0.9868605 2.1865 1.0000000 1.0000 1.0000000 1.0000 []
 | 14.6141 71.6252 54.2941 0.9837444 O=C(c1ccccc1)N1CCCN(c2cccc(N=Nc3ccccc3)n2)CC1 1 O=C(c1ccccc1)N1CCCN(c2cccc(N=Nc3ccccc3)n2)CC1 0.9837444 2.3272 1.0000000 1.0000 1.0000000 1.0000 []
 | 8.9467 40.8766 85.7154 0.9890002 O=C(Nc1c(F)cccc1N=Nc1ccccc1)c1ccccc1 1 O=C(Nc1ccccc1N=Nc1ccccc1)c1ccccc1 0.9890002 2.0693 1.0000000 1.0000 1.0000000 1.0000 []
 | 8.6774 42.6059 83.7895 0.9874639 O=C(CN1CCCC1=O)Nc1ccc(N=Nc2ccccc2)cc1 1 O=C(CN1CCCC1=O)Nc1ccc(N=Nc2ccccc2)cc1 0.9874639 2.1555 1.0000000 1.0000 1.0000000 1.0000 []
 | 10.4460 33.4676 92.4120 0.9834341 Fc1ccccc1N=Nc1ccc2c(c1)OCO2 1 c1ccc(N=Nc2ccc3c(c2)OCO3)cc1 0.9834341 2.3397 1.0000000 1.0000 1.0000000 1.0000 []
 | 16.6071 36.9721 88.5914 0.9809648 Clc1cccc(N=Nc2ccc(-c3ccccc3)cc2)c1C1CCNCC1 1 c1ccc(-c2ccc(N=Nc3ccccc3C3CCNCC3)cc2)cc1 0.9809648 2.4319 1.0000000 1.0000 1.0000000 1.0000 []
 | 14.8167 38.8107 87.0228 0.9830739 Oc1ccc2c(c1)CN(Cc1ccc(N=Nc3ccccc3Cl)cc1)CC2 1 c1ccc(N=Nc2ccc(CN3CCc4ccccc4C3)cc2)cc1 0.9830739 2.3540 1.0000000 1.0000 1.0000000 1.0000 []
 | 11.8058 39.6569 86.6900 0.9870853 OCC1CCN(Cc2ccc(-c3ccc(N=Nc4ccccc4)cc3)cc2)CC1 1 c1ccc(N=Nc2ccc(-c3ccc(CN4CCCCC4)cc3)cc2)cc1 0.9870853 2.1751 1.0000000 1.0000 1.0000000 1.0000 []
04:03:33 <INFO> Sampled SMILES O=C(c1ccccc1N=Nc1cc(O)cnc1=O)N1CCc2ccccc2C1C(=O)N1CCc2[nH]ncc2C1 failed to sanitize.
04:03:34 <INFO> Score: 0.76 Agent NLL: 13.90 Valid:  98% Step: 232
 | Agent Prior Target Score SMILES SMILES_state Scaffold SA SA (raw) Alerts Alerts (raw) PS_Scaffold PS_Scaffold (raw) matchting_patterns (Alerts)
 | 16.2405 37.7875 75.5208 0.8852208 O=C(c1ccccc1N=Nc1ccc(O)cc1)N1CCC2(CC1)CC2C(=O)N1CCN(c2ccccc2F)CC1 1 O=C(c1ccccc1N=Nc1ccccc1)N1CCC2(CC1)CC2C(=O)N1CCN(c2ccccc2)CC1 0.8852208 3.6692 1.0000000 1.0000 1.0000000 1.0000 []
 | 15.9967 57.2887 68.3522 0.9815698 O=C(Nc1ccccc1)OCc1cccc(N=Nc2ccc(N3CCCCCC3)nc2)c1 1 O=C(Nc1ccccc1)OCc1cccc(N=Nc2ccc(N3CCCCCC3)nc2)c1 0.9815698 2.4104 1.0000000 1.0000 1.0000000 1.0000 []
 | 8.3895 39.7229 -39.7229 0.0000000 Fc1ccc(N=Nc2ccc(-c3ccccc3-c3ccccc3)cc2)cc1 1 c1ccc(N=Nc2ccc(-c3ccccc3-c3ccccc3)cc2)cc1 0.9918324 1.8735 1.0000000 1.0000 1.0000000 1.0000 []
 | 11.6388 43.6251 82.0353 0.9817220 Fc1ccc(N=Nc2cccnc2)cc1-c1cccc(CN2CCCCCC2)c1 1 c1cncc(N=Nc2cccc(-c3cccc(CN4CCCCCC4)c3)c2)c1 0.9817220 2.4049 1.0000000 1.0000 1.0000000 1.0000 []
 | 19.1572 49.9799 75.3038 0.9787793 O=S(=O)(CCCNCc1ccc(N=Nc2cccc3ccncc23)cc1)c1ccccc1 1 O=S(=O)(CCCNCc1ccc(N=Nc2cccc3ccncc23)cc1)c1ccccc1 0.9787793 2.5041 1.0000000 1.0000 1.0000000 1.0000 []
 | 16.2237 33.1590 89.7196 0.9599892 O=C(c1ccccc1N=Nc1ccccc1)N1CCCC(C(=O)N2CCN(Cc3ccncc3)CC2)CC1 1 O=C(c1ccccc1N=Nc1ccccc1)N1CCCC(C(=O)N2CCN(Cc3ccncc3)CC2)CC1 0.9599892 2.9299 1.0000000 1.0000 1.0000000 1.0000 []
 | 9.7651 46.1324 79.0167 0.9777267 c1ccc(N=Nc2cccc(-c3cccc(N=Nc4cccnc4)c3)c2)cc1 1 c1ccc(N=Nc2cccc(-c3cccc(N=Nc4cccnc4)c3)c2)cc1 0.9777267 2.5364 1.0000000 1.0000 1.0000000 1.0000 []
 | 14.8684 52.1198 73.4375 0.9809164 O=C(c1cccc(N=Nc2ccccc2CN2CCCC2)c1)N1CCc2ccccc2C1 1 O=C(c1cccc(N=Nc2ccccc2CN2CCCC2)c1)N1CCc2ccccc2C1 0.9809164 2.4335 1.0000000 1.0000 1.0000000 1.0000 []
 | 16.7598 33.0619 -33.0619 0.0000000 O=C(c1ccccc1N=Nc1ccc(F)cc1)N1CC(O)(C(=O)Nc2cc(F)ccc2OC(F)F)C1 1 O=C(Nc1ccccc1)C1CN(C(=O)c2ccccc2N=Nc2ccccc2)C1 0.9640842 2.8568 1.0000000 1.0000 1.0000000 1.0000 []
 | 12.2568 39.7710 86.5560 0.9869295 O=C(COc1ccc(N=Nc2ccccc2)cc1)NCCc1cccs1 1 O=C(COc1ccc(N=Nc2ccccc2)cc1)NCCc1cccs1 0.9869295 2.1830 1.0000000 1.0000 1.0000000 1.0000 []
04:03:38 <INFO> Score: 0.77 Agent NLL: 13.46 Valid: 100% Step: 233
 | Agent Prior Target Score SMILES SMILES_state Scaffold SA SA (raw) Alerts Alerts (raw) PS_Scaffold PS_Scaffold (raw) matchting_patterns (Alerts)
 | 7.9582 45.6651 -45.6651 0.0000000 COc1ccc(CCOc2ccc(N=Nc3ccccc3)cc2)cc1 1 c1ccc(CCOc2ccc(N=Nc3ccccc3)cc2)cc1 0.9909142 1.9435 1.0000000 1.0000 1.0000000 1.0000 []
 | 13.7477 47.7448 75.7709 0.9649662 NC1COc2cc(-c3ccc(N=Nc4ccc(Oc5ccccc5)cc4)cc3)ccc21 1 c1ccc(Oc2ccc(N=Nc3ccc(-c4ccc5c(c4)OCC5)cc3)cc2)cc1 0.9649662 2.8400 1.0000000 1.0000 1.0000000 1.0000 []
 | 11.0271 36.9799 83.6987 0.9428010 O=C(c1ccccc1N=Nc1ccccc1)N1CCC(NC(=O)C2(CO)CC2)(C(=O)OCC2c3ccccc3-c3ccccc32)CC1 1 O=C(NC1(C(=O)OCC2c3ccccc3-c3ccccc32)CCN(C(=O)c2ccccc2N=Nc2ccccc2)CC1)C1CC1 0.9428010 3.1745 1.0000000 1.0000 1.0000000 1.0000 []
 | 13.0457 27.5588 93.8467 0.9484803 O=C(c1ccccc1N=Nc1cccc(O)c1)N1CC(O)(C(=O)Nc2ccc3nc(O)sc3c2)C1 1 O=C(Nc1ccc2ncsc2c1)C1CN(C(=O)c2ccccc2N=Nc2ccccc2)C1 0.9484803 3.1024 1.0000000 1.0000 1.0000000 1.0000 []
 | 10.2905 45.6549 -45.6549 0.0000000 c1ccc(N=Nc2ccc(Nc3ccc(N4CCC4)cc3)cc2)cc1 1 c1ccc(N=Nc2ccc(Nc3ccc(N4CCC4)cc3)cc2)cc1 0.9895456 2.0358 1.0000000 1.0000 1.0000000 1.0000 []
 | 14.6837 43.5302 82.4359 0.9841099 FC(F)(F)c1ccc(N=Nc2ccc(-c3cc4ccccc4cn3)cc2)cc1 1 c1ccc(N=Nc2ccc(-c3cc4ccccc4cn3)cc2)cc1 0.9841099 2.3121 1.0000000 1.0000 1.0000000 1.0000 []
 | 11.2528 32.4132 93.8744 0.9866224 O=C(c1cc(N=Nc2ccccc2)ccc1O)N1CCN(c2ccccc2)CC1 1 O=C(c1cccc(N=Nc2ccccc2)c1)N1CCN(c2ccccc2)CC1 0.9866224 2.1983 1.0000000 1.0000 1.0000000 1.0000 []
 | 13.2725 27.5402 87.1370 0.8959157 O=C(c1ccccc1N=Nc1ccccc1)N1CC(F)(C(=O)NC23CC(C2)C3)C1 1 O=C(NC12CC(C1)C2)C1CN(C(=O)c2ccccc2N=Nc2ccccc2)C1 0.8959157 3.5977 1.0000000 1.0000 1.0000000 1.0000 []
 | 18.3689 39.0682 87.1868 0.9863676 Clc1ccc2ccccc2c1N=Nc1ccc(CN2CCC2)cc1 1 c1ccc2c(N=Nc3ccc(CN4CCC4)cc3)cccc2c1 0.9863676 2.2108 1.0000000 1.0000 1.0000000 1.0000 []
 | 15.2096 60.2202 64.4165 0.9737244 O=C(CN1CCC(c2ccccc2)CC1)Nc1cccc(N=Nc2ccc(CO)o2)c1 1 O=C(CN1CCC(c2ccccc2)CC1)Nc1cccc(N=Nc2ccco2)c1 0.9737244 2.6467 1.0000000 1.0000 1.0000000 1.0000 []
04:03:41 <INFO> Score: 0.83 Agent NLL: 13.53 Valid: 100% Step: 234
 | Agent Prior Target Score SMILES SMILES_state Scaffold SA SA (raw) Alerts Alerts (raw) PS_Scaffold PS_Scaffold (raw) matchting_patterns (Alerts)
 | 8.2822 40.4575 -40.4575 0.0000000 O=C(NCc1ccc(N=Nc2ccccc2)cc1)Nc1ccccc1 1 O=C(NCc1ccc(N=Nc2ccccc2)cc1)Nc1ccccc1 0.9912262 1.9205 1.0000000 1.0000 1.0000000 1.0000 []
 | 8.6839 37.0621 89.4272 0.9881979 c1cc(CN2CCC2)cc(N=Nc2cccc3ccccc23)c1 1 c1cc(CN2CCC2)cc(N=Nc2cccc3ccccc23)c1 0.9881979 2.1157 1.0000000 1.0000 1.0000000 1.0000 []
 | 11.1597 27.7996 94.7941 0.9577627 O=C(c1ccccc1N=Nc1ccccc1)N1CC(F)(C(=O)N2CC=CCC2)C1 1 O=C(c1ccccc1N=Nc1ccccc1)N1CC(C(=O)N2CC=CCC2)C1 0.9577627 2.9667 1.0000000 1.0000 1.0000000 1.0000 []
 | 12.1350 27.6336 90.8532 0.9256777 O=C(c1ccccc1N=Nc1ccccc1)N1CCc2[nH]nc(C(=O)N3Cc4ccccc4CC3CO)c2C1 1 O=C(c1ccccc1N=Nc1ccccc1)N1CCc2[nH]nc(C(=O)N3CCc4ccccc4C3)c2C1 0.9256777 3.3570 1.0000000 1.0000 1.0000000 1.0000 []
 | 12.5242 30.7473 92.0896 0.9596629 O=C(c1ccccc1N=Nc1cccc(O)c1)N1CC(F)(C(=O)NCCCN2C(=O)c3ccccc3C2=O)C1 1 O=C(NCCCN1C(=O)c2ccccc2C1=O)C1CN(C(=O)c2ccccc2N=Nc2ccccc2)C1 0.9596629 2.9354 1.0000000 1.0000 1.0000000 1.0000 []
 | 13.2372 37.2785 -37.2785 0.0000000 Fc1cccc(N=Nc2ccc(NCc3ccc(Cl)nc3)cc2)c1 1 c1ccc(N=Nc2ccc(NCc3cccnc3)cc2)cc1 0.9840519 2.3145 1.0000000 1.0000 1.0000000 1.0000 []
 | 16.5366 37.1317 87.4806 0.9735334 O=C(NN1CC(C(=O)Nc2cccc3ccccc23)C1)c1ccccc1N=Nc1cccnc1 1 O=C(NN1CC(C(=O)Nc2cccc3ccccc23)C1)c1ccccc1N=Nc1cccnc1 0.9735334 2.6515 1.0000000 1.0000 1.0000000 1.0000 []
 | 13.8869 43.3790 79.9196 0.9632700 OCc1cc(C=NNc2cc(N=Nc3ccccc3)ccc2F)on1 1 C(=NNc1cccc(N=Nc2ccccc2)c1)c1ccno1 0.9632700 2.8719 1.0000000 1.0000 1.0000000 1.0000 []
 | 17.7348 49.7827 74.5050 0.9709978 O=C(Nc1ccccc1)NC1CCN(Cc2c(Cl)cccc2N=Nc2ccco2)CC1 1 O=C(Nc1ccccc1)NC1CCN(Cc2ccccc2N=Nc2ccco2)CC1 0.9709978 2.7128 1.0000000 1.0000 1.0000000 1.0000 []
 | 21.8520 46.8597 78.6257 0.9803549 O=C(Nc1ccc(N=Nc2ccc(OCC3CCN(CCO)CC3)cc2)cc1)c1ccccn1 1 O=C(Nc1ccc(N=Nc2ccc(OCC3CCNCC3)cc2)cc1)c1ccccn1 0.9803549 2.4528 1.0000000 1.0000 1.0000000 1.0000 []
04:04:33 <INFO> Score: 0.82 Agent NLL: 13.21 Valid: 100% Step: 235
 | Agent Prior Target Score SMILES SMILES_state Scaffold SA SA (raw) Alerts Alerts (raw) PS_Scaffold PS_Scaffold (raw) matchting_patterns (Alerts)
 | 10.6028 37.6271 88.2970 0.9837822 Fc1cccc(N=Nc2ccccc2)c1CN1CCN(CCCc2ccccc2)CC1 1 c1ccc(CCCN2CCN(Cc3ccccc3N=Nc3ccccc3)CC2)cc1 0.9837822 2.3256 1.0000000 1.0000 1.0000000 1.0000 []
 | 10.8541 28.1691 96.0705 0.9706221 O=C(c1ccccc1N=Nc1ccccc1)N1CC(F)(C(=O)N2CCc3ccccc3C2)C1 1 O=C(c1ccccc1N=Nc1ccccc1)N1CC(C(=O)N2CCc3ccccc3C2)C1 0.9706221 2.7215 1.0000000 1.0000 1.0000000 1.0000 []
 | 13.6240 73.5495 52.5383 0.9850602 O=C(NCc1ccccc1)c1cccc(N=Nc2ccc(Oc3ccccc3)cc2)n1 1 O=C(NCc1ccccc1)c1cccc(N=Nc2ccc(Oc3ccccc3)cc2)n1 0.9850602 2.2713 1.0000000 1.0000 1.0000000 1.0000 []
 | 14.0935 25.1899 99.1491 0.9713979 O=C(c1ccccc1N=Nc1ccc(O)cc1)N1CCC(O)(CN2CCOCC2)CC1 1 O=C(c1ccccc1N=Nc1ccccc1)N1CCC(CN2CCOCC2)CC1 0.9713979 2.7035 1.0000000 1.0000 1.0000000 1.0000 []
 | 15.0488 46.3472 78.5549 0.9757984 O=C(c1ccccc1N=Nc1ccncc1)N1CCN(c2ccc(C(F)(F)F)cn2)CC1 1 O=C(c1ccccc1N=Nc1ccncc1)N1CCN(c2ccccn2)CC1 0.9757984 2.5917 1.0000000 1.0000 1.0000000 1.0000 []
 | 11.9695 39.9245 85.5740 0.9804572 Cc1ccc(N=Nc2cccc(CO)n2)cc1NC(=O)Nc1ccccc1 1 O=C(Nc1ccccc1)Nc1cccc(N=Nc2ccccn2)c1 0.9804572 2.4493 1.0000000 1.0000 1.0000000 1.0000 []
 | 11.2017 36.7143 88.9166 0.9814911 Clc1ccc(N=Nc2ccc(-c3cccc4nc[nH]c34)cc2)cc1 1 c1ccc(N=Nc2ccc(-c3cccc4nc[nH]c34)cc2)cc1 0.9814911 2.4132 1.0000000 1.0000 1.0000000 1.0000 []
 | 13.4151 48.1239 78.0527 0.9857550 Fc1ccc(N=Nc2cccc(Nc3ccccc3CN3CCC3)c2)cc1 1 c1ccc(N=Nc2cccc(Nc3ccccc3CN3CCC3)c2)cc1 0.9857550 2.2398 1.0000000 1.0000 1.0000000 1.0000 []
 | 14.1318 38.0503 84.9039 0.9605795 c1ccc(N=Nc2cccc(CNC3CCCN(c4cnccn4)C3)c2)cc1 1 c1ccc(N=Nc2cccc(CNC3CCCN(c4cnccn4)C3)c2)cc1 0.9605795 2.9198 1.0000000 1.0000 1.0000000 1.0000 []
 | 11.9763 52.2464 74.3805 0.9892727 O=C(NCc1ccccc1)c1ccc(N=Nc2cccc(Cc3ccccc3)c2)cc1 1 O=C(NCc1ccccc1)c1ccc(N=Nc2cccc(Cc3ccccc3)c2)cc1 0.9892727 2.0528 1.0000000 1.0000 1.0000000 1.0000 []
04:04:35 <INFO> Score: 0.83 Agent NLL: 13.43 Valid: 100% Step: 236
 | Agent Prior Target Score SMILES SMILES_state Scaffold SA SA (raw) Alerts Alerts (raw) PS_Scaffold PS_Scaffold (raw) matchting_patterns (Alerts)
 | 8.5868 42.1480 84.2609 0.9875698 c1ccc(CN2CCCN(c3ccc(-c4ccc(N=Nc5ccccc5)cc4)cc3)CC2)cc1 1 c1ccc(CN2CCCN(c3ccc(-c4ccc(N=Nc5ccccc5)cc4)cc3)CC2)cc1 0.9875698 2.1499 1.0000000 1.0000 1.0000000 1.0000 []
 | 14.0540 43.5696 81.4337 0.9765886 Fc1ccc(N2CCN(Cc3ccc(N=Nc4ccc5cc[nH]c5c4)cc3)CC2)nc1 1 c1ccc(N2CCN(Cc3ccc(N=Nc4ccc5cc[nH]c5c4)cc3)CC2)nc1 0.9765886 2.5696 1.0000000 1.0000 1.0000000 1.0000 []
 | 15.9827 31.2891 90.7293 0.9532685 O=C(c1ccc(N=Nc2ccccc2)cc1)N1CCC(C(=O)N2CCC(c3cncnc3)CC2)C1 1 O=C(c1ccc(N=Nc2ccccc2)cc1)N1CCC(C(=O)N2CCC(c3cncnc3)CC2)C1 0.9532685 3.0356 1.0000000 1.0000 1.0000000 1.0000 []
 | 7.5495 49.2149 -49.2149 0.0000000 c1ccc(N=Nc2cccc(Oc3ccccc3)c2)cc1 1 c1ccc(N=Nc2cccc(Oc3ccccc3)c2)cc1 0.9914390 1.9044 1.0000000 1.0000 1.0000000 1.0000 []
 | 14.9825 40.8312 83.7587 0.9733589 OCc1cccc(CNCc2cc(N=Nc3cccc(F)c3)ccc2Br)n1 1 c1ccc(N=Nc2cccc(CNCc3ccccn3)c2)cc1 0.9733589 2.6559 1.0000000 1.0000 1.0000000 1.0000 []
 | 10.0715 49.5365 76.8712 0.9875600 c1ccc(N=Nc2cccc(N3CCC(c4ccccc4)CC3)c2)cc1 1 c1ccc(N=Nc2cccc(N3CCC(c4ccccc4)CC3)c2)cc1 0.9875600 2.1504 1.0000000 1.0000 1.0000000 1.0000 []
 | 23.7130 71.1695 54.0624 0.9783743 O=C(NCc1cnccc1COCc1ccccc1)c1ccc(N=Nc2ccc(Oc3ccccc3)cc2)cc1 1 O=C(NCc1cnccc1COCc1ccccc1)c1ccc(N=Nc2ccc(Oc3ccccc3)cc2)cc1 0.9783743 2.5167 1.0000000 1.0000 1.0000000 1.0000 []
 | 9.1990 26.1681 -26.1681 0.0000000 O=C(c1ccccc1)N1CCN(C(=O)c2ccccc2N=Nc2cccc(O)c2)CC1 1 O=C(c1ccccc1)N1CCN(C(=O)c2ccccc2N=Nc2ccccc2)CC1 0.9851438 2.2676 1.0000000 1.0000 1.0000000 1.0000 []
 | 17.7559 61.2169 63.3719 0.9733499 Fc1ccc2c(c1)CN(Cc1cccc(N=Nc3ccnc(N4CCCCC4)c3)c1)C2 1 c1cc(CN2Cc3ccccc3C2)cc(N=Nc2ccnc(N3CCCCC3)c2)c1 0.9733499 2.6561 1.0000000 1.0000 1.0000000 1.0000 []
 | 16.2926 41.9132 83.0839 0.9765397 O=C1CN(c2cc(N=Nc3ccncc3)ccc2F)CCN1c1ccccc1 1 O=C1CN(c2cccc(N=Nc3ccncc3)c2)CCN1c1ccccc1 0.9765397 2.5710 1.0000000 1.0000 1.0000000 1.0000 []
04:04:37 <INFO> Score: 0.83 Agent NLL: 13.27 Valid: 100% Step: 237
 | Agent Prior Target Score SMILES SMILES_state Scaffold SA SA (raw) Alerts Alerts (raw) PS_Scaffold PS_Scaffold (raw) matchting_patterns (Alerts)
 | 13.9179 43.4196 82.5606 0.9842203 O=C(c1ccc(N=Nc2cccc(C(F)(F)F)c2)cc1)C1CCC1 1 O=C(c1ccc(N=Nc2ccccc2)cc1)C1CCC1 0.9842203 2.3075 1.0000000 1.0000 1.0000000 1.0000 []
 | 8.6609 39.9230 -39.9230 0.0000000 c1ccc(-c2ccc(-c3ccc(N=Nc4ccncc4)cc3)cc2)cc1 1 c1ccc(-c2ccc(-c3ccc(N=Nc4ccncc4)cc3)cc2)cc1 0.9908979 1.9447 1.0000000 1.0000 1.0000000 1.0000 []
 | 13.5894 23.2670 102.5173 0.9826898 O=C(c1cc(N=Nc2ccccc2)ccc1O)N1CCN(C2CCC2)CC1 1 O=C(c1cccc(N=Nc2ccccc2)c1)N1CCN(C2CCC2)CC1 0.9826898 2.3688 1.0000000 1.0000 1.0000000 1.0000 []
 | 13.0928 50.8590 74.4810 0.9792189 Brc1cccc(N=Nc2ccc(-c3ccccc3CN3CCC3)cc2)n1 1 c1ccc(N=Nc2ccc(-c3ccccc3CN3CCC3)cc2)nc1 0.9792189 2.4902 1.0000000 1.0000 1.0000000 1.0000 []
 | 13.5310 38.4486 -38.4486 0.0000000 Oc1ccc(CCCNCc2ccc(N=Nc3cccc(F)c3)cc2)cc1 1 c1ccc(CCCNCc2ccc(N=Nc3ccccc3)cc2)cc1 0.9857525 2.2400 1.0000000 1.0000 1.0000000 1.0000 []
 | 8.6759 48.3522 -48.3522 0.0000000 COc1ccc(N=Nc2ccc(Cc3ccccc3)cc2)cc1 1 c1ccc(Cc2ccc(N=Nc3ccccc3)cc2)cc1 0.9916491 1.8881 1.0000000 1.0000 1.0000000 1.0000 []
 | 10.2549 55.7378 -55.7378 0.0000000 O=C(O)c1ccc(N=Nc2ccc(C(=O)Nc3ccccc3)cc2)cc1 1 O=C(Nc1ccccc1)c1ccc(N=Nc2ccccc2)cc1 0.9912992 1.9150 1.0000000 1.0000 1.0000000 1.0000 []
 | 15.7092 43.8092 82.2884 0.9851373 Fc1cccc(N=Nc2ccccc2)c1-c1cccc(-c2ccccc2)n1 1 c1ccc(N=Nc2ccccc2-c2cccc(-c3ccccc3)n2)cc1 0.9851373 2.2679 1.0000000 1.0000 1.0000000 1.0000 []
 | 11.6582 34.4154 91.5603 0.9841848 c1ccc(N=Nc2cccc(-c3ccc4cn[nH]c4c3)c2)cc1 1 c1ccc(N=Nc2cccc(-c3ccc4cn[nH]c4c3)c2)cc1 0.9841848 2.3090 1.0000000 1.0000 1.0000000 1.0000 []
 | 12.7675 35.4530 82.1011 0.9183912 O=C(c1ccccc1N=Nc1cccc(O)c1)N1CC(OCC(=O)N2CC=CCC2c2ccccc2)C1 1 O=C(c1ccccc1N=Nc1ccccc1)N1CC(OCC(=O)N2CC=CCC2c2ccccc2)C1 0.9183912 3.4231 1.0000000 1.0000 1.0000000 1.0000 []
04:04:37 <INFO> Sampled SMILES c1cc(N=Nc2ccc(Br)cc2)ccc1CN1ccccc1CN1CCOC1 failed to sanitize.
04:04:39 <INFO> Score: 0.80 Agent NLL: 13.25 Valid:  99% Step: 238
 | Agent Prior Target Score SMILES SMILES_state Scaffold SA SA (raw) Alerts Alerts (raw) PS_Scaffold PS_Scaffold (raw) matchting_patterns (Alerts)
 | 12.5094 53.1320 72.3983 0.9807056 Oc1ccccc1N1CCN(Cc2cccc(N=Nc3ccccc3N3CCC3)c2)CC1 1 c1ccc(N2CCN(Cc3cccc(N=Nc4ccccc4N4CCC4)c3)CC2)cc1 0.9807056 2.4408 1.0000000 1.0000 1.0000000 1.0000 []
 | 13.3221 25.2161 90.8768 0.9069759 O=C(c1ccccc1N=Nc1ccc(O)cc1)N1CC2C(C1)C2C(=O)N1CCN(CCCO)CC1 1 O=C(c1ccccc1N=Nc1ccccc1)N1CC2C(C1)C2C(=O)N1CCNCC1 0.9069759 3.5165 1.0000000 1.0000 1.0000000 1.0000 []
 | 13.4926 28.2115 94.2727 0.9569078 O=C(c1ccccc1N=Nc1ccccc1)N1CC(F)(C(=O)NCC2(CO)CCC2)C1 1 O=C(NCC1CCC1)C1CN(C(=O)c2ccccc2N=Nc2ccccc2)C1 0.9569078 2.9803 1.0000000 1.0000 1.0000000 1.0000 []
 | 9.9112 27.8616 97.4121 0.9787003 O=C(c1ccccc1N=Nc1ccccc1)N1CC(NC(=O)C2(c3ccccc3)CC2)C1 1 O=C(c1ccccc1N=Nc1ccccc1)N1CC(NC(=O)C2(c3ccccc3)CC2)C1 0.9787003 2.5066 1.0000000 1.0000 1.0000000 1.0000 []
 | 11.7368 42.6678 82.8814 0.9808536 c1ccc(CN2CCCN(Cc3cccc(N=Nc4ccccc4N4CCOCC4)c3)CC2)cc1 1 c1ccc(CN2CCCN(Cc3cccc(N=Nc4ccccc4N4CCOCC4)c3)CC2)cc1 0.9808536 2.4357 1.0000000 1.0000 1.0000000 1.0000 []
 | 12.8986 37.0512 85.2881 0.9557755 O=C(NC1CN(C(=O)c2ccccc2N=Nc2ccccc2)Cc2ccccc21)C1CCC1 1 O=C(NC1CN(C(=O)c2ccccc2N=Nc2ccccc2)Cc2ccccc21)C1CCC1 0.9557755 2.9980 1.0000000 1.0000 1.0000000 1.0000 []
 | 11.5530 27.3441 98.4284 0.9825975 O=C(c1ccccc1N=Nc1cccc(O)c1)N1CCN(c2cccc3ccccc23)CC1 1 O=C(c1ccccc1N=Nc1ccccc1)N1CCN(c2cccc3ccccc23)CC1 0.9825975 2.3724 1.0000000 1.0000 1.0000000 1.0000 []
 | 15.2247 56.8333 68.5262 0.9793714 Cc1cccnc1N=Nc1cccc(CNc2cccc(N3CCCC3)c2)c1 1 c1ccc(N=Nc2cccc(CNc3cccc(N4CCCC4)c3)c2)nc1 0.9793714 2.4853 1.0000000 1.0000 1.0000000 1.0000 []
 | 10.6106 27.0580 98.3311 0.9796021 O=C(c1ccccc1N=Nc1cccc(O)c1)N1CCN(c2nc3ccccc3s2)CC1 1 O=C(c1ccccc1N=Nc1ccccc1)N1CCN(c2nc3ccccc3s2)CC1 0.9796021 2.4778 1.0000000 1.0000 1.0000000 1.0000 []
 | 14.5821 45.3779 80.7600 0.9854529 c1ccc(CCCN2CCCN(Cc3ccc(N=Nc4ccc(-c5ccccc5)cc4)cc3)CC2)cc1 1 c1ccc(CCCN2CCCN(Cc3ccc(N=Nc4ccc(-c5ccccc5)cc4)cc3)CC2)cc1 0.9854529 2.2537 1.0000000 1.0000 1.0000000 1.0000 []
04:04:42 <INFO> Score: 0.79 Agent NLL: 13.10 Valid:  99% Step: 239
 | Agent Prior Target Score SMILES SMILES_state Scaffold SA SA (raw) Alerts Alerts (raw) PS_Scaffold PS_Scaffold (raw) matchting_patterns (Alerts)
 | 11.5297 37.1587 87.7384 0.9757585 c1cn(CCCOc2ccc(N=Nc3ccc4cc[nH]c4c3)cc2)cn1 1 c1cn(CCCOc2ccc(N=Nc3ccc4cc[nH]c4c3)cc2)cn1 0.9757585 2.5928 1.0000000 1.0000 1.0000000 1.0000 []
 | 15.2852 44.7994 77.7122 0.9571219 Brc1ccccc1N=Nc1cccnc1N1CCC(c2ccccc2)C1 1 c1ccc(N=Nc2cccnc2N2CCC(c3ccccc3)C2)cc1 0.9571219 2.9769 1.0000000 1.0000 1.0000000 1.0000 []
 | 13.2582 38.6660 86.7935 0.9801527 c1ccc(N=Nc2ccc(N3CCCCCC3)nc2)c(CN2CCCC2)c1 1 c1ccc(N=Nc2ccc(N3CCCCCC3)nc2)c(CN2CCCC2)c1 0.9801527 2.4596 1.0000000 1.0000 1.0000000 1.0000 []
 | 11.8711 38.9307 87.1662 0.9851320 Fc1ccccc1-c1cccc(N=Nc2ccccc2N2CCCCC2)c1 1 c1ccc(-c2cccc(N=Nc3ccccc3N3CCCCC3)c2)cc1 0.9851320 2.2681 1.0000000 1.0000 1.0000000 1.0000 []
 | 11.9520 28.1474 95.9577 0.9695714 O=C(c1ccccc1N=Nc1ccccc1)N1CC(O)(C(=O)N(Cc2ccccc2)CC2CC2)C1 1 O=C(c1ccccc1N=Nc1ccccc1)N1CC(C(=O)N(Cc2ccccc2)CC2CC2)C1 0.9695714 2.7451 1.0000000 1.0000 1.0000000 1.0000 []
 | 11.0724 27.4438 84.3884 0.8736888 O=C(c1ccccc1N=Nc1ccccc1)N1CC(NC(=O)C2(c3cccs3)CCOCC2)CC1CO 1 O=C(c1ccccc1N=Nc1ccccc1)N1CCC(NC(=O)C2(c3cccs3)CCOCC2)C1 0.8736888 3.7401 1.0000000 1.0000 1.0000000 1.0000 []
 | 9.5293 42.1967 84.4285 0.9892595 Cc1ccc(N=Nc2ccc(C)c(NC(=O)Nc3ccccc3)c2)cc1 1 O=C(Nc1ccccc1)Nc1cccc(N=Nc2ccccc2)c1 0.9892595 2.0536 1.0000000 1.0000 1.0000000 1.0000 []
 | 11.5078 37.7256 88.5241 0.9863260 c1ccc(N=Nc2ccc(N3CCOc4ccccc4C3)cc2)cc1 1 c1ccc(N=Nc2ccc(N3CCOc4ccccc4C3)cc2)cc1 0.9863260 2.2128 1.0000000 1.0000 1.0000000 1.0000 []
 | 14.3221 56.9425 65.3137 0.9551271 OCc1ccc(N=Nc2ccccc2CC2CCNCC2)o1 1 c1coc(N=Nc2ccccc2CC2CCNCC2)c1 0.9551271 3.0079 1.0000000 1.0000 1.0000000 1.0000 []
 | 15.3878 48.3598 77.4063 0.9825478 c1ccc(-c2ccccc2N=Nc2cccc(N3CCN(Cc4ccco4)CC3)c2)cc1 1 c1ccc(-c2ccccc2N=Nc2cccc(N3CCN(Cc4ccco4)CC3)c2)cc1 0.9825478 2.3742 1.0000000 1.0000 1.0000000 1.0000 []
04:04:45 <INFO> Score: 0.81 Agent NLL: 13.71 Valid:  99% Step: 240
 | Agent Prior Target Score SMILES SMILES_state Scaffold SA SA (raw) Alerts Alerts (raw) PS_Scaffold PS_Scaffold (raw) matchting_patterns (Alerts)
 | 8.6079 39.2838 86.9921 0.9865304 c1ccc(N=Nc2ccc(N3CCN(CCCN4CCCC4)CC3)cc2)cc1 1 c1ccc(N=Nc2ccc(N3CCN(CCCN4CCCC4)CC3)cc2)cc1 0.9865304 2.2029 1.0000000 1.0000 1.0000000 1.0000 []
 | 9.2395 38.2515 88.1067 0.9871736 Fc1cccc(N=Nc2cccc(CN3CCN(Cc4ccccc4)CC3)c2)c1 1 c1ccc(CN2CCN(Cc3cccc(N=Nc4ccccc4)c3)CC2)cc1 0.9871736 2.1706 1.0000000 1.0000 1.0000000 1.0000 []
 | 14.1682 46.3297 78.0407 0.9716439 CN1C(=Nc2ccc(N3CCCC3)cn2)Cc2ccccc21 1 c1ccc2c(c1)CC(=Nc1ccc(N3CCCC3)cn1)N2 0.9716439 2.6977 1.0000000 1.0000 1.0000000 1.0000 []
 | 15.5391 47.8423 77.9574 0.9828106 Brc1cccc(N=Nc2ccc(CNCCN3CCC(c4ccccc4)CC3)cc2)c1 1 c1ccc(N=Nc2ccc(CNCCN3CCC(c4ccccc4)CC3)cc2)cc1 0.9828106 2.3642 1.0000000 1.0000 1.0000000 1.0000 []
 | 15.6897 57.4429 40.1539 0.7624754 O=C(c1ccc(N=Nc2ccccc2OCC2CC2)cc1)N1CCC1CNC(=O)C12CCN(CC1)CC2 1 O=C(c1ccc(N=Nc2ccccc2OCC2CC2)cc1)N1CCC1CNC(=O)C12CCN(CC1)CC2 0.7624754 4.2402 1.0000000 1.0000 1.0000000 1.0000 []
 | 15.8175 42.3577 83.5639 0.9837629 c1ccc(N=Nc2cccc(Sc3cccc(N4CCCC4)c3)c2)cc1 1 c1ccc(N=Nc2cccc(Sc3cccc(N4CCCC4)c3)c2)cc1 0.9837629 2.3264 1.0000000 1.0000 1.0000000 1.0000 []
 | 11.5553 38.1575 88.2895 0.9878675 Fc1ccccc1-c1ccc(N=Nc2ccc(N3CCCCCC3)cc2)cc1 1 c1ccc(-c2ccc(N=Nc3ccc(N4CCCCCC4)cc3)cc2)cc1 0.9878675 2.1339 1.0000000 1.0000 1.0000000 1.0000 []
 | 10.1120 36.2548 89.7091 0.9840935 O=C(NCCN1CCN(C(=O)c2ccccc2N=Nc2ccccc2)CC1)c1cccc(F)c1 1 O=C(NCCN1CCN(C(=O)c2ccccc2N=Nc2ccccc2)CC1)c1ccccc1 0.9840935 2.3128 1.0000000 1.0000 1.0000000 1.0000 []
 | 20.9195 49.9179 64.7114 0.8955413 O=C(C1CCN(C(=O)C2c3ccccc3CN2C(=O)c2ccccc2N=Nc2ccncc2)C1)N1CCCC1 1 O=C(C1CCN(C(=O)C2c3ccccc3CN2C(=O)c2ccccc2N=Nc2ccncc2)C1)N1CCCC1 0.8955413 3.6003 1.0000000 1.0000 1.0000000 1.0000 []
 | 14.9337 49.9677 74.7507 0.9743623 O=C1CN(C(=O)c2cccc(N=Nc3cccc4[nH]ccc34)c2)CCN1 1 O=C1CN(C(=O)c2cccc(N=Nc3cccc4[nH]ccc34)c2)CCN1 0.9743623 2.6302 1.0000000 1.0000 1.0000000 1.0000 []
04:04:47 <INFO> Score: 0.71 Agent NLL: 13.40 Valid:  99% Step: 241
 | Agent Prior Target Score SMILES SMILES_state Scaffold SA SA (raw) Alerts Alerts (raw) PS_Scaffold PS_Scaffold (raw) matchting_patterns (Alerts)
 | 12.1573 37.8565 87.6274 0.9803427 OCc1c(F)cccc1Nc1cc(N=Nc2ccccc2)ccc1F 1 c1ccc(N=Nc2cccc(Nc3ccccc3)c2)cc1 0.9803427 2.4532 1.0000000 1.0000 1.0000000 1.0000 []
 | 12.4560 31.8246 88.3412 0.9387959 O=C(C1c2ccccc2CCN1C(=O)c1ccccc1N=Nc1ccccc1)N1CC(c2cccnc2)C1 1 O=C(C1c2ccccc2CCN1C(=O)c1ccccc1N=Nc1ccccc1)N1CC(c2cccnc2)C1 0.9387959 3.2213 1.0000000 1.0000 1.0000000 1.0000 []
 | 10.3792 37.0808 -37.0808 0.0000000 c1ccc(N=Nc2ccc(-c3ccc(N4CCC4)cc3)cc2)cc1 1 c1ccc(N=Nc2ccc(-c3ccc(N4CCC4)cc3)cc2)cc1 0.9905613 1.9685 1.0000000 1.0000 1.0000000 1.0000 []
 | 10.2295 50.7178 74.9127 0.9814881 O=C(c1cc(N=Nc2ccccc2CN2CCCC2)ccc1F)N1CCC1 1 O=C(c1cccc(N=Nc2ccccc2CN2CCCC2)c1)N1CCC1 0.9814881 2.4133 1.0000000 1.0000 1.0000000 1.0000 []
 | 12.8267 33.9590 92.4187 0.9873258 c1ccc(N=Nc2ccc(CNc3ccc4c(c3)OCO4)cc2)cc1 1 c1ccc(N=Nc2ccc(CNc3ccc4c(c3)OCO4)cc2)cc1 0.9873258 2.1627 1.0000000 1.0000 1.0000000 1.0000 []
 | 15.3280 43.6724 81.9599 0.9815025 O=C1CCCN(c2ccc(N=Nc3ccc(Br)cc3)cc2)C1 1 O=C1CCCN(c2ccc(N=Nc3ccccc3)cc2)C1 0.9815025 2.4128 1.0000000 1.0000 1.0000000 1.0000 []
 | 9.6073 37.2037 -37.2037 0.0000000 N#Cc1ccc(N=Nc2ccccc2)cc1NC(=O)c1ccccc1 1 O=C(Nc1cccc(N=Nc2ccccc2)c1)c1ccccc1 0.9878220 2.1363 1.0000000 1.0000 1.0000000 1.0000 []
 | 13.9992 38.9260 -38.9260 0.0000000 O=[N+]([O-])CCCOc1ccc(N=Nc2ccccc2)cc1 1 c1ccc(N=Nc2ccccc2)cc1 0.9832282 2.3479 1.0000000 1.0000 1.0000000 1.0000 []
 | 15.7076 63.8107 60.9198 0.9744569 OCc1ccc(N=Nc2ccc(CN3CCN(Cc4cccc(Br)c4)CC3)cc2)o1 1 c1ccc(CN2CCN(Cc3ccc(N=Nc4ccco4)cc3)CC2)cc1 0.9744569 2.6278 1.0000000 1.0000 1.0000000 1.0000 []
 | 7.1849 45.7571 -45.7571 0.0000000 O=C(Nc1ccccc1)Nc1ccc(N=Nc2ccccc2)cc1 1 O=C(Nc1ccccc1)Nc1ccc(N=Nc2ccccc2)cc1 0.9919053 1.8676 1.0000000 1.0000 1.0000000 1.0000 []
04:05:29 <INFO> Score: 0.90 Agent NLL: 13.64 Valid: 100% Step: 242
 | Agent Prior Target Score SMILES SMILES_state Scaffold SA SA (raw) Alerts Alerts (raw) PS_Scaffold PS_Scaffold (raw) matchting_patterns (Alerts)
 | 12.0797 36.9753 87.6910 0.9739552 O=C(COC1CN(C(=O)c2ccccc2N=Nc2cccnc2)C1)N1CCN(Cc2ccccc2)CC1 1 O=C(COC1CN(C(=O)c2ccccc2N=Nc2cccnc2)C1)N1CCN(Cc2ccccc2)CC1 0.9739552 2.6408 1.0000000 1.0000 1.0000000 1.0000 []
 | 10.0323 39.1845 -39.1845 0.0000000 Fc1ccccc1N=Nc1cccc(N2CCN(Cc3ccccc3)CC2)c1 1 c1ccc(CN2CCN(c3cccc(N=Nc4ccccc4)c3)CC2)cc1 0.9867628 2.1914 1.0000000 1.0000 1.0000000 1.0000 []
 | 14.5500 38.0330 87.7101 0.9823676 c1ccc2cc(N=Nc3ccc(N4CCN(CCN5CCOCC5)CC4)cc3)ccc2c1 1 c1ccc2cc(N=Nc3ccc(N4CCN(CCN5CCOCC5)CC4)cc3)ccc2c1 0.9823676 2.3811 1.0000000 1.0000 1.0000000 1.0000 []
 | 11.0683 42.6531 82.6364 0.9788240 O=C(c1cccc(N=Nc2cccc(CO)n2)c1)N1CCCC1 1 O=C(c1cccc(N=Nc2ccccn2)c1)N1CCCC1 0.9788240 2.5027 1.0000000 1.0000 1.0000000 1.0000 []
 | 11.9715 49.4974 76.7811 0.9865511 Fc1ccc(N=Nc2ccc(Nc3cc(-c4ccccc4)ccc3-c3ccccc3)cc2)cc1 1 c1ccc(N=Nc2ccc(Nc3cc(-c4ccccc4)ccc3-c3ccccc3)cc2)cc1 0.9865511 2.2019 1.0000000 1.0000 1.0000000 1.0000 []
 | 11.9210 42.9906 82.4653 0.9801239 O=C1CCN(c2ccc(-c3c(F)cccc3N=Nc3ccccc3)cc2)CC1 1 O=C1CCN(c2ccc(-c3ccccc3N=Nc3ccccc3)cc2)CC1 0.9801239 2.4606 1.0000000 1.0000 1.0000000 1.0000 []
 | 14.8363 56.7659 69.5602 0.9869229 O=c1ccccc(Oc2ccc(N=Nc3ccccc3)cc2)c1 1 O=c1ccccc(Oc2ccc(N=Nc3ccccc3)cc2)c1 0.9869229 2.1833 1.0000000 1.0000 1.0000000 1.0000 []
 | 9.8602 42.0549 84.3449 0.9874987 c1ccc(N=Nc2ccc(-c3ccc(NCCCN4CCCC4)cc3)cc2)cc1 1 c1ccc(N=Nc2ccc(-c3ccc(NCCCN4CCCC4)cc3)cc2)cc1 0.9874987 2.1536 1.0000000 1.0000 1.0000000 1.0000 []
 | 12.8462 39.1109 86.7456 0.9832538 Clc1cccc(N=Nc2cccc(-c3ccc4nccnc4c3)c2)c1 1 c1ccc(N=Nc2cccc(-c3ccc4nccnc4c3)c2)cc1 0.9832538 2.3469 1.0000000 1.0000 1.0000000 1.0000 []
 | 14.5131 50.7412 75.0295 0.9825842 Fc1ccc(N2CCCN(Cc3cccc(N=Nc4ccc(C(F)(F)F)cc4)c3)CC2)cc1 1 c1ccc(N=Nc2cccc(CN3CCCN(c4ccccc4)CC3)c2)cc1 0.9825842 2.3729 1.0000000 1.0000 1.0000000 1.0000 []
04:05:31 <INFO> Score: 0.77 Agent NLL: 13.58 Valid: 100% Step: 243
 | Agent Prior Target Score SMILES SMILES_state Scaffold SA SA (raw) Alerts Alerts (raw) PS_Scaffold PS_Scaffold (raw) matchting_patterns (Alerts)
 | 20.5607 52.5741 70.7400 0.9633911 [O-][N+]c1ccc(N=Nc2ccccc2)cc1N1CCN(CC=Cc2ccccc2)CC1 1 C(=Cc1ccccc1)CN1CCN(c2cccc(N=Nc3ccccc3)c2)CC1 0.9633911 2.8697 1.0000000 1.0000 1.0000000 1.0000 []
 | 14.3527 31.4329 87.9481 0.9326640 O=C1NCCN(C(=O)C2CCN(C(=O)c3ccccc3N=Nc3cccnc3)CC2)C1CCO 1 O=C1CN(C(=O)C2CCN(C(=O)c3ccccc3N=Nc3cccnc3)CC2)CCN1 0.9326640 3.2878 1.0000000 1.0000 1.0000000 1.0000 []
 | 19.9994 37.7675 87.5162 0.9787793 COc1c(N=Nc2ccsc2)cccc1C(=O)NCc1ccccc1 1 O=C(NCc1ccccc1)c1cccc(N=Nc2ccsc2)c1 0.9787793 2.5041 1.0000000 1.0000 1.0000000 1.0000 []
 | 10.8957 35.6339 -35.6339 0.0000000 Fc1ccccc1N=Nc1ccc(-c2ccco2)cc1 1 c1ccc(N=Nc2ccc(-c3ccco3)cc2)cc1 0.9857200 2.2415 1.0000000 1.0000 1.0000000 1.0000 []
 | 15.3392 39.1570 79.8859 0.9300224 O=C(c1ccccc1N=Nc1ccccc1)N1CC(NC(=O)C2(O)CCN(C(=O)C3CC3)C2)C1 1 O=C(NC1CN(C(=O)c2ccccc2N=Nc2ccccc2)C1)C1CCN(C(=O)C2CC2)C1 0.9300224 3.3147 1.0000000 1.0000 1.0000000 1.0000 []
 | 14.3329 37.0143 89.0780 0.9850962 Fc1ccc(N=Nc2cccc(-c3ccccc3OC3CCCC3)c2)cc1 1 c1ccc(N=Nc2cccc(-c3ccccc3OC3CCCC3)c2)cc1 0.9850962 2.2697 1.0000000 1.0000 1.0000000 1.0000 []
 | 12.2449 39.7892 86.1169 0.9836416 Clc1cccc(N=Nc2ccc(-c3ccc(-c4ccn[nH]4)cc3)cc2)c1 1 c1ccc(N=Nc2ccc(-c3ccc(-c4ccn[nH]4)cc3)cc2)cc1 0.9836416 2.3314 1.0000000 1.0000 1.0000000 1.0000 []
 | 11.4939 36.9170 -36.9170 0.0000000 O=C(c1ccccc1)N1CCC(NCc2ccc(N=Nc3ccc(F)cc3)cc2)CC1 1 O=C(c1ccccc1)N1CCC(NCc2ccc(N=Nc3ccccc3)cc2)CC1 0.9863948 2.2095 1.0000000 1.0000 1.0000000 1.0000 []
 | 17.9154 46.6667 70.1535 0.9126577 O=C(C1=CCN(C(=O)c2ccccc2N=Nc2ccccc2)C1)N1CCCC(F)(C(=O)Nc2ccccc2)CC1 1 O=C(Nc1ccccc1)C1CCCN(C(=O)C2=CCN(C(=O)c3ccccc3N=Nc3ccccc3)C2)CC1 0.9126577 3.4714 1.0000000 1.0000 1.0000000 1.0000 []
 | 8.7271 29.0711 -29.0711 0.0000000 Fc1ccccc1-c1cccc(N=Nc2ccccc2)c1 1 c1ccc(N=Nc2cccc(-c3ccccc3)c2)cc1 0.9904907 1.9734 1.0000000 1.0000 1.0000000 1.0000 []
04:05:33 <INFO> Score: 0.80 Agent NLL: 13.37 Valid: 100% Step: 244
 | Agent Prior Target Score SMILES SMILES_state Scaffold SA SA (raw) Alerts Alerts (raw) PS_Scaffold PS_Scaffold (raw) matchting_patterns (Alerts)
 | 16.1812 40.6557 83.0464 0.9664227 Oc1cccnc1N=Nc1ccc(CN2CCN(CCC3OCCO3)CC2)cc1 1 c1ccc(N=Nc2ccc(CN3CCN(CCC4OCCO4)CC3)cc2)nc1 0.9664227 2.8113 1.0000000 1.0000 1.0000000 1.0000 []
 | 10.9439 37.3526 88.4001 0.9824431 Fc1ccc(N=Nc2ccccc2)cc1N1CCN(CCc2ccccn2)CC1 1 c1ccc(N=Nc2cccc(N3CCN(CCc4ccccn4)CC3)c2)cc1 0.9824431 2.3782 1.0000000 1.0000 1.0000000 1.0000 []
 | 9.2880 48.1264 -48.1264 0.0000000 COc1ccccc1N=Nc1cccc(C(=O)N2CCCC2)c1 1 O=C(c1cccc(N=Nc2ccccc2)c1)N1CCCC1 0.9882197 2.1145 1.0000000 1.0000 1.0000000 1.0000 []
 | 14.0180 33.6938 92.8167 0.9883632 c1ccc(N=Nc2ccc(CNCC3CCC3)cc2)cc1 1 c1ccc(N=Nc2ccc(CNCC3CCC3)cc2)cc1 0.9883632 2.1064 1.0000000 1.0000 1.0000000 1.0000 []
 | 11.0888 23.1195 102.7250 0.9831605 O=C(c1ccccc1N=Nc1ccc(O)cc1)N1CCN(CC2CC2)CC1 1 O=C(c1ccccc1N=Nc1ccccc1)N1CCN(CC2CC2)CC1 0.9831605 2.3506 1.0000000 1.0000 1.0000000 1.0000 []
 | 16.6126 51.2042 70.7936 0.9531078 c1cc(CN2CCC(c3cccnc3)C2)cc(N=Nc2cccc3[nH]ccc23)c1 1 c1cc(CN2CCC(c3cccnc3)C2)cc(N=Nc2cccc3[nH]ccc23)c1 0.9531078 3.0379 1.0000000 1.0000 1.0000000 1.0000 []
 | 14.0673 28.2626 88.0098 0.9083785 O=C(c1ccccc1N=Nc1cccc(O)c1)N1CCC(O)C(C(=O)N2CCN(CC3CC3)CC2)C1 1 O=C(c1ccccc1N=Nc1ccccc1)N1CCCC(C(=O)N2CCN(CC3CC3)CC2)C1 0.9083785 3.5056 1.0000000 1.0000 1.0000000 1.0000 []
 | 15.6675 53.1944 -53.1944 0.0000000 Fc1ccccc1N=Nc1ccoc1C1CCC1 1 c1ccc(N=Nc2ccoc2C2CCC2)cc1 0.9661546 2.8167 1.0000000 1.0000 1.0000000 1.0000 []
 | 9.5528 28.0841 95.8254 0.9680427 O=C(c1ccccc1N=Nc1ccccc1)N1CC(F)(C(=O)N2CCN(CC3CC3)CC2)C1 1 O=C(c1ccccc1N=Nc1ccccc1)N1CC(C(=O)N2CCN(CC3CC3)CC2)C1 0.9680427 2.7780 1.0000000 1.0000 1.0000000 1.0000 []
 | 12.5558 39.7825 86.5452 0.9869350 c1ccc(CNc2cccc(-c3ccc(N=Nc4ccncc4)cc3)c2)cc1 1 c1ccc(CNc2cccc(-c3ccc(N=Nc4ccncc4)cc3)c2)cc1 0.9869350 2.1827 1.0000000 1.0000 1.0000000 1.0000 []
04:05:37 <INFO> Score: 0.75 Agent NLL: 13.18 Valid:  99% Step: 245
 | Agent Prior Target Score SMILES SMILES_state Scaffold SA SA (raw) Alerts Alerts (raw) PS_Scaffold PS_Scaffold (raw) matchting_patterns (Alerts)
 | 14.7880 57.5344 67.2326 0.9747419 O=C(C1CCC1)N1CCC(Oc2ccc(N=Nc3ccc(N4CCCCCC4)nc3)cc2)CC1 1 O=C(C1CCC1)N1CCC(Oc2ccc(N=Nc3ccc(N4CCCCCC4)nc3)cc2)CC1 0.9747419 2.6203 1.0000000 1.0000 1.0000000 1.0000 []
 | 12.1143 45.2941 80.6718 0.9841091 COc1ccc(N=Nc2ccc(-c3cnc4ncccc4c3)cc2)cc1 1 c1ccc(N=Nc2ccc(-c3cnc4ncccc4c3)cc2)cc1 0.9841091 2.3122 1.0000000 1.0000 1.0000000 1.0000 []
 | 19.1680 34.1097 91.7990 0.9836622 O=C(Cc1ccc(F)cc1)Nc1cccc(NC(=O)c2ccccc2N=Nc2cccnc2)c1 1 O=C(Cc1ccccc1)Nc1cccc(NC(=O)c2ccccc2N=Nc2cccnc2)c1 0.9836622 2.3305 1.0000000 1.0000 1.0000000 1.0000 []
 | 13.3012 36.7155 85.3030 0.9532692 O=C(NCCCN1CCN(C(=O)c2ccccc2N=Nc2ccccc2)CC1)C1CCN(c2cccnc2)C1 1 O=C(NCCCN1CCN(C(=O)c2ccccc2N=Nc2ccccc2)CC1)C1CCN(c2cccnc2)C1 0.9532692 3.0356 1.0000000 1.0000 1.0000000 1.0000 []
 | 17.0118 57.5451 67.4836 0.9767869 O=C(Oc1ccccc1)N1CCN(c2cccc(N=Nc3ccc(Cn4cccc4)cc3)c2)CC1 1 O=C(Oc1ccccc1)N1CCN(c2cccc(N=Nc3ccc(Cn4cccc4)cc3)c2)CC1 0.9767869 2.5639 1.0000000 1.0000 1.0000000 1.0000 []
 | 11.2239 36.9318 89.3238 0.9863718 O=C(c1ccccc1)N1CCN(c2cccc(N=Nc3cccc(F)c3)c2)CC1 1 O=C(c1ccccc1)N1CCN(c2cccc(N=Nc3ccccc3)c2)CC1 0.9863718 2.2106 1.0000000 1.0000 1.0000000 1.0000 []
 | 19.8734 56.8506 -56.8506 0.0000000 c1ccc(N=Nc2ccc(CN3CCOCC3)nc2)cc1[N+](=O)1 0 -- 0.0000000 0.0000 0.0000000 0.0000 0.0000000 0.0000 None
 | 5.9526 43.7461 -43.7461 0.0000000 O=C(Nc1ccc(N=Nc2ccccc2)cc1)c1ccccc1 1 O=C(Nc1ccc(N=Nc2ccccc2)cc1)c1ccccc1 0.9928570 1.7855 1.0000000 1.0000 1.0000000 1.0000 []
 | 11.6493 39.3752 85.9247 0.9789060 Fc1cccc(N=Nc2ccccc2)c1CN1CCN(c2ccccc2C(F)(F)F)CC1 1 c1ccc(N=Nc2ccccc2CN2CCN(c3ccccc3)CC2)cc1 0.9789060 2.5001 1.0000000 1.0000 1.0000000 1.0000 []
 | 9.8208 38.8985 -38.8985 0.0000000 c1ccc(CCCN2CCCN(c3ccc(N=Nc4ccccc4)cc3)CC2)cc1 1 c1ccc(CCCN2CCCN(c3ccc(N=Nc4ccccc4)cc3)CC2)cc1 0.9878641 2.1341 1.0000000 1.0000 1.0000000 1.0000 []
04:05:38 <INFO> Sampled SMILES c1cc(N=Nc2cccc(CCO)nc2)ccc1CN1CCCN(Cc2cccc(F)c2)CC1 failed to sanitize.
04:05:38 <INFO> Sampled SMILES O=C(c1ccccc1N=Nc1ccccc1)N1CCN(c2ccc(=O)cn2)CC1 failed to sanitize.
04:05:38 <INFO> Sampled SMILES Cc1cccc(N=Nc2ccc(NC(=O)CN3C(=O)NC(C)(c4ccccc4)C3=O)c2)c1C failed to sanitize.
04:05:39 <INFO> Score: 0.76 Agent NLL: 13.44 Valid:  94% Step: 246
 | Agent Prior Target Score SMILES SMILES_state Scaffold SA SA (raw) Alerts Alerts (raw) PS_Scaffold PS_Scaffold (raw) matchting_patterns (Alerts)
 | 11.1900 34.1075 90.8366 0.9761255 O=C(CN1CCN(C(=O)c2ccccc2N=Nc2cccnc2)CC1)N1CCN(c2ccccc2F)CC1 1 O=C(CN1CCN(C(=O)c2ccccc2N=Nc2cccnc2)CC1)N1CCN(c2ccccc2)CC1 0.9761255 2.5826 1.0000000 1.0000 1.0000000 1.0000 []
 | 10.1666 41.6183 -41.6183 0.0000000 Clc1ccc(N=Nc2ccc(Cc3ccccc3)cc2)cc1 1 c1ccc(Cc2ccc(N=Nc3ccccc3)cc2)cc1 0.9915159 1.8985 1.0000000 1.0000 1.0000000 1.0000 []
 | 16.3197 53.8575 70.4157 0.9708848 O=C(Cc1ccccc1)c1ccnc(N=Nc2cccc(CO)n2)c1 1 O=C(Cc1ccccc1)c1ccnc(N=Nc2ccccn2)c1 0.9708848 2.7154 1.0000000 1.0000 1.0000000 1.0000 []
 | 16.1962 59.3302 62.3607 0.9507101 CCc1ccc(N=Nc2cccc(CNC3CCN(c4ccccc4)C3=O)c2)cn1 1 O=C1C(NCc2cccc(N=Nc3cccnc3)c2)CCN1c1ccccc1 0.9507101 3.0721 1.0000000 1.0000 1.0000000 1.0000 []
 | 11.4716 45.0873 80.9757 0.9848670 c1ccc(CN2CCN(c3ccccc3N=Nc3ccncc3)CC2)cc1 1 c1ccc(CN2CCN(c3ccccc3N=Nc3ccncc3)CC2)cc1 0.9848670 2.2798 1.0000000 1.0000 1.0000000 1.0000 []
 | 14.4360 49.3039 76.1990 0.9804915 Fc1ccc(N=Nc2ccccc2CN2CCCC2)cc1N1CCN(c2ccccc2)CC1 1 c1ccc(N2CCN(c3cccc(N=Nc4ccccc4CN4CCCC4)c3)CC2)cc1 0.9804915 2.4482 1.0000000 1.0000 1.0000000 1.0000 []
 | 8.1808 42.1950 -42.1950 0.0000000 O=C(Nc1ccc(N=Nc2ccc(Br)cc2)cc1)c1ccccc1 1 O=C(Nc1ccc(N=Nc2ccccc2)cc1)c1ccccc1 0.9914122 1.9064 1.0000000 1.0000 1.0000000 1.0000 []
 | 11.3416 35.0497 90.9058 0.9840268 c1ccc(N=Nc2cccc(-c3cccc(OCC4CCOCC4)c3)c2)cc1 1 c1ccc(N=Nc2cccc(-c3cccc(OCC4CCOCC4)c3)c2)cc1 0.9840268 2.3156 1.0000000 1.0000 1.0000000 1.0000 []
 | 13.3062 45.0409 78.0632 0.9617507 c1ccc(Oc2ccc(N=Nc3ccc(C4CCN(CC5CCOC5)CC4)cc3)cc2)cc1 1 c1ccc(Oc2ccc(N=Nc3ccc(C4CCN(CC5CCOC5)CC4)cc3)cc2)cc1 0.9617507 2.8993 1.0000000 1.0000 1.0000000 1.0000 []
 | 9.9469 34.0817 92.4405 0.9884549 c1ccc(CCN2CCCN(Cc3ccc(N=Nc4ccccc4)cc3)CC2)cc1 1 c1ccc(CCN2CCCN(Cc3ccc(N=Nc4ccccc4)cc3)CC2)cc1 0.9884549 2.1012 1.0000000 1.0000 1.0000000 1.0000 []
04:06:24 <INFO> Score: 0.84 Agent NLL: 13.73 Valid: 100% Step: 247
 | Agent Prior Target Score SMILES SMILES_state Scaffold SA SA (raw) Alerts Alerts (raw) PS_Scaffold PS_Scaffold (raw) matchting_patterns (Alerts)
 | 19.4170 52.7595 72.2184 0.9763898 O=C(c1cccc(N=Nc2cnc3ccccc3c2)c1F)N1CCOCC1 1 O=C(c1cccc(N=Nc2cnc3ccccc3c2)c1)N1CCOCC1 0.9763898 2.5752 1.0000000 1.0000 1.0000000 1.0000 []
 | 13.0804 46.3085 79.6682 0.9841933 c1ccc(N=Nc2ccc(Oc3ccccc3Cn3cccc3)cc2)cc1 1 c1ccc(N=Nc2ccc(Oc3ccccc3Cn3cccc3)cc2)cc1 0.9841933 2.3086 1.0000000 1.0000 1.0000000 1.0000 []
 | 15.9376 46.4971 78.5083 0.9766046 OC1(c2ccccn2)CCN(c2ccccc2N=Nc2ccccc2)CC1 1 c1ccc(N=Nc2ccccc2N2CCC(c3ccccn3)CC2)cc1 0.9766046 2.5691 1.0000000 1.0000 1.0000000 1.0000 []
 | 22.2071 50.0554 72.6615 0.9587256 O=C(CNC1=NCCCC1)Nc1cc(N=Nc2cccc(C(F)(F)F)c2)ccn1 1 O=C(CNC1=NCCCC1)Nc1cc(N=Nc2ccccc2)ccn1 0.9587256 2.9510 1.0000000 1.0000 1.0000000 1.0000 []
 | 18.7732 35.4988 81.5374 0.9143450 O=C(CC1CC2(C1)CN(C(=O)c1ccc(N=Nc3cccc(O)c3)cc1)C2)N1CCN(C2COC2)CC1 1 O=C(CC1CC2(C1)CN(C(=O)c1ccc(N=Nc3ccccc3)cc1)C2)N1CCN(C2COC2)CC1 0.9143450 3.4575 1.0000000 1.0000 1.0000000 1.0000 []
 | 18.3698 39.1911 83.5488 0.9589060 O=[N+]c1cccc(N=Nc2ccc(N3CCOCC3)cc2)c1F 1 c1ccc(N=Nc2ccc(N3CCOCC3)cc2)cc1 0.9589060 2.9480 1.0000000 1.0000 1.0000000 1.0000 []
 | 9.2674 41.2624 85.8043 0.9927083 c1ccc(N=Nc2ccc(-c3ccc(Oc4ccccc4)cc3)cc2)cc1 1 c1ccc(N=Nc2ccc(-c3ccc(Oc4ccccc4)cc3)cc2)cc1 0.9927083 1.7990 1.0000000 1.0000 1.0000000 1.0000 []
 | 10.9963 50.6964 75.4079 0.9851891 O=C(Nc1ccc(N=Nc2cccc(Cn3cccc3)c2)cc1)c1ccccc1 1 O=C(Nc1ccc(N=Nc2cccc(Cn3cccc3)c2)cc1)c1ccccc1 0.9851891 2.2656 1.0000000 1.0000 1.0000000 1.0000 []
 | 18.8430 58.1043 58.3260 0.9096116 O=C1CCC(NC(=O)C2(F)CCN(C(=O)c3ccc(N=Nc4ccccc4CN4CCCC4)cc3)CC2)CN1 1 O=C1CCC(NC(=O)C2CCN(C(=O)c3ccc(N=Nc4ccccc4CN4CCCC4)cc3)CC2)CN1 0.9096116 3.4959 1.0000000 1.0000 1.0000000 1.0000 []
 | 16.7775 44.6605 79.5243 0.9701940 C(Cc1nc2ccccc2[nH]1)=NCc1cccc(N=Nc2ccccc2)c1 1 C(Cc1nc2ccccc2[nH]1)=NCc1cccc(N=Nc2ccccc2)c1 0.9701940 2.7312 1.0000000 1.0000 1.0000000 1.0000 []
04:06:25 <INFO> Sampled SMILES F=c1ccc(N=Nc2ccccc2)cc1-c1ccc(CN2CCC(n3cccc3)CC2)cc1 failed to sanitize.
04:06:26 <INFO> Score: 0.82 Agent NLL: 12.88 Valid:  99% Step: 248
 | Agent Prior Target Score SMILES SMILES_state Scaffold SA SA (raw) Alerts Alerts (raw) PS_Scaffold PS_Scaffold (raw) matchting_patterns (Alerts)
 | 22.8290 71.4596 48.6308 0.9382067 Oc1cccc(N=Nc2ccc(OCC3CCCN(CC4CCCCC4)C3)cc2)n1 1 c1ccc(N=Nc2ccc(OCC3CCCN(CC4CCCCC4)C3)cc2)nc1 0.9382067 3.2280 1.0000000 1.0000 1.0000000 1.0000 []
 | 13.4214 29.4771 94.6524 0.9697614 O=C(c1ccccc1N=Nc1cccnc1)N(CCO)Cc1nccs1 1 O=C(NCc1nccs1)c1ccccc1N=Nc1cccnc1 0.9697614 2.7408 1.0000000 1.0000 1.0000000 1.0000 []
 | 11.0549 46.0462 80.7804 0.9908324 O=C(Oc1ccccc1)c1cccc(N=Nc2ccccc2)c1 1 O=C(Oc1ccccc1)c1cccc(N=Nc2ccccc2)c1 0.9908324 1.9494 1.0000000 1.0000 1.0000000 1.0000 []
 | 11.5313 41.2059 85.0613 0.9864620 c1ccc(-c2ccc(N=Nc3ccc4ccccc4c3)cc2)c(CN2CCCC2)c1 1 c1ccc(-c2ccc(N=Nc3ccc4ccccc4c3)cc2)c(CN2CCCC2)c1 0.9864620 2.2062 1.0000000 1.0000 1.0000000 1.0000 []
 | 11.2261 45.4719 77.2923 0.9590954 COc1ccccc1N=Nc1cccc(CN2Cc3ccccc3CC2CO)c1 1 c1ccc(N=Nc2cccc(CN3CCc4ccccc4C3)c2)cc1 0.9590954 2.9449 1.0000000 1.0000 1.0000000 1.0000 []
 | 10.4979 38.7716 87.2468 0.9845189 Brc1cccc(N=Nc2ccc(-c3ccccc3CN3CCOCC3)cc2)c1 1 c1ccc(N=Nc2ccc(-c3ccccc3CN3CCOCC3)cc2)cc1 0.9845189 2.2949 1.0000000 1.0000 1.0000000 1.0000 []
 | 13.7354 43.9709 82.5793 0.9886734 O=C(c1ccc(N=Nc2ccccc2)cc1)c1ccc(N2CCCCC2)cc1 1 O=C(c1ccc(N=Nc2ccccc2)cc1)c1ccc(N2CCCCC2)cc1 0.9886734 2.0886 1.0000000 1.0000 1.0000000 1.0000 []
 | 9.8094 37.4377 88.9475 0.9873842 Fc1ccc(N=Nc2ccccc2)cc1N1CCN(c2ccccc2)CC1 1 c1ccc(N=Nc2cccc(N3CCN(c4ccccc4)CC3)c2)cc1 0.9873842 2.1596 1.0000000 1.0000 1.0000000 1.0000 []
 | 10.1777 42.7144 83.6542 0.9872545 O=C(NCc1ccccc1)Nc1c(Cl)cccc1N=Nc1ccccc1 1 O=C(NCc1ccccc1)Nc1ccccc1N=Nc1ccccc1 0.9872545 2.1664 1.0000000 1.0000 1.0000000 1.0000 []
 | 24.9217 51.9625 66.3495 0.9243127 COc1ccccc1N=Nc1cncc(OC)c1NC1CCNC1=O 1 O=C1NCCC1Nc1ccncc1N=Nc1ccccc1 0.9243127 3.3698 1.0000000 1.0000 1.0000000 1.0000 []
04:06:28 <INFO> Score: 0.78 Agent NLL: 13.63 Valid: 100% Step: 249
 | Agent Prior Target Score SMILES SMILES_state Scaffold SA SA (raw) Alerts Alerts (raw) PS_Scaffold PS_Scaffold (raw) matchting_patterns (Alerts)
 | 9.8067 51.9510 73.7616 0.9821297 c1ccc(-c2ccccc2N=Nc2cccc(CN3CCN(CCCN4CCCC4)CC3)c2)cc1 1 c1ccc(-c2ccccc2N=Nc2cccc(CN3CCN(CCCN4CCCC4)CC3)c2)cc1 0.9821297 2.3899 1.0000000 1.0000 1.0000000 1.0000 []
 | 12.5767 38.2140 87.6169 0.9830542 c1ccc(-c2cccc(N=Nc3cccc(OCCCn4ccnc4)c3)c2)cc1 1 c1ccc(-c2cccc(N=Nc3cccc(OCCCn4ccnc4)c3)c2)cc1 0.9830542 2.3547 1.0000000 1.0000 1.0000000 1.0000 []
 | 17.6121 52.1862 74.0472 0.9861989 O=C(NCc1ccc(N=Nc2cccc(Br)c2)cc1)c1ccccn1 1 O=C(NCc1ccc(N=Nc2ccccc2)cc1)c1ccccn1 0.9861989 2.2189 1.0000000 1.0000 1.0000000 1.0000 []
 | 13.0635 33.7224 89.2108 0.9604157 O=C(c1ccccc1N=Nc1cccnc1)N1CC(F)(C(=O)NCCN2CCC(c3ccccc3)CC2)C1 1 O=C(NCCN1CCC(c2ccccc2)CC1)C1CN(C(=O)c2ccccc2N=Nc2cccnc2)C1 0.9604157 2.9226 1.0000000 1.0000 1.0000000 1.0000 []
 | 12.5479 41.6876 83.2279 0.9759029 OC1CCCN(Cc2ccc(-c3ccc(N=Nc4ccccc4)cc3)cc2)CC1 1 c1ccc(N=Nc2ccc(-c3ccc(CN4CCCCCC4)cc3)cc2)cc1 0.9759029 2.5888 1.0000000 1.0000 1.0000000 1.0000 []
 | 9.1055 45.1678 -45.1678 0.0000000 c1cc(CN2CCN(CCCN3CCCC3)CC2)cc(N=Nc2cccc3ccccc23)c1 1 c1cc(CN2CCN(CCCN3CCCC3)CC2)cc(N=Nc2cccc3ccccc23)c1 0.9824924 2.3763 1.0000000 1.0000 1.0000000 1.0000 []
 | 10.2658 26.7168 -26.7168 0.0000000 O=C(c1ccccc1N=Nc1ccccc1)N1CCN(C(C(=O)N2CCCC2)c2ccccc2)CC1 1 O=C(c1ccccc1N=Nc1ccccc1)N1CCN(C(C(=O)N2CCCC2)c2ccccc2)CC1 0.9626315 2.8836 1.0000000 1.0000 1.0000000 1.0000 []
 | 12.7360 47.6096 78.4888 0.9851432 Fc1cccc(F)c1N=Nc1ccc(CN2CCN(Cc3ccccc3)CC2)cc1 1 c1ccc(CN2CCN(Cc3ccc(N=Nc4ccccc4)cc3)CC2)cc1 0.9851432 2.2676 1.0000000 1.0000 1.0000000 1.0000 []
 | 12.8699 28.0997 89.0587 0.9152998 O=C(C1=CCN(C(=O)c2ccccc2N=Nc2cccc(O)c2)CC1)N(CC1CC1)CC1CCCO1 1 O=C(C1=CCN(C(=O)c2ccccc2N=Nc2ccccc2)CC1)N(CC1CC1)CC1CCCO1 0.9152998 3.4495 1.0000000 1.0000 1.0000000 1.0000 []
 | 17.2683 37.6393 87.5800 0.9782763 FC(F)(F)c1ccc(CNCc2ccc(N=Nc3cccnc3)cc2)cn1 1 c1cncc(CNCc2ccc(N=Nc3cccnc3)cc2)c1 0.9782763 2.5197 1.0000000 1.0000 1.0000000 1.0000 []
04:06:30 <INFO> Score: 0.73 Agent NLL: 12.48 Valid: 100% Step: 250
 | Agent Prior Target Score SMILES SMILES_state Scaffold SA SA (raw) Alerts Alerts (raw) PS_Scaffold PS_Scaffold (raw) matchting_patterns (Alerts)
 | 14.3785 50.3521 76.0832 0.9877757 c1ccc(CN2CCN(c3ccc(N=Nc4cccc(-c5ccccc5)c4)cc3)CC2)cc1 1 c1ccc(CN2CCN(c3ccc(N=Nc4cccc(-c5ccccc5)c4)cc3)CC2)cc1 0.9877757 2.1388 1.0000000 1.0000 1.0000000 1.0000 []
 | 9.5881 40.1893 86.4647 0.9894839 Clc1ccccc1N=Nc1ccc(-c2ccc3ccccc3c2)cc1 1 c1ccc(N=Nc2ccc(-c3ccc4ccccc4c3)cc2)cc1 0.9894839 2.0397 1.0000000 1.0000 1.0000000 1.0000 []
 | 7.1175 49.6072 -49.6072 0.0000000 c1ccc(N=Nc2ccc(-c3cc(-c4ccccc4)ccc3-c3ccccc3)cc2)cc1 1 c1ccc(N=Nc2ccc(-c3cc(-c4ccccc4)ccc3-c3ccccc3)cc2)cc1 0.9916880 1.8850 1.0000000 1.0000 1.0000000 1.0000 []
 | 16.7278 38.5261 87.4555 0.9842306 O=S(=O)(c1ccccc1N=Nc1ccccc1F)N1CCN(Cc2ccccc2)CC1 1 O=S(=O)(c1ccccc1N=Nc1ccccc1)N1CCN(Cc2ccccc2)CC1 0.9842306 2.3071 1.0000000 1.0000 1.0000000 1.0000 []
 | 14.2744 23.4641 94.9964 0.9254731 O=C(c1ccc(N=Nc2ccccc2)cc1)N1CC(O)(C(=O)NC2CC2(F)F)C1 1 O=C(NC1CC1)C1CN(C(=O)c2ccc(N=Nc3ccccc3)cc2)C1 0.9254731 3.3589 1.0000000 1.0000 1.0000000 1.0000 []
 | 11.8182 39.5711 85.5581 0.9775715 Fc1cccc(N=Nc2cccc(CN3CCCN(c4ccc(C(F)(F)F)cn4)CC3)c2)c1 1 c1ccc(N=Nc2cccc(CN3CCCN(c4ccccn4)CC3)c2)cc1 0.9775715 2.5410 1.0000000 1.0000 1.0000000 1.0000 []
 | 16.8468 46.5693 77.3374 0.9680206 CN(C1=Nc2ccccc2C1=O)c1ccc(N=Nc2ccc(N3CCOCC3)cc2)cc1 1 O=C1C(Nc2ccc(N=Nc3ccc(N4CCOCC4)cc3)cc2)=Nc2ccccc21 0.9680206 2.7785 1.0000000 1.0000 1.0000000 1.0000 []
 | 10.5001 43.8374 82.2957 0.9854146 COc1ccc(N=Nc2ccc(CN3CCN(CCCN4CCCC4)CC3)cc2)cc1 1 c1ccc(N=Nc2ccc(CN3CCN(CCCN4CCCC4)CC3)cc2)cc1 0.9854146 2.2555 1.0000000 1.0000 1.0000000 1.0000 []
 | 11.5252 48.1379 -48.1379 0.0000000 c1ccc(N=Nc2ccc(OCc3ncccc3C3CCC3)cc2)cc1 1 c1ccc(N=Nc2ccc(OCc3ncccc3C3CCC3)cc2)cc1 0.9831924 2.3493 1.0000000 1.0000 1.0000000 1.0000 []
 | 12.9783 41.6162 81.5647 0.9623506 O=C1NCCCC1C(=O)c1ccc(N=Nc2ccccc2)cc1 1 O=C1NCCCC1C(=O)c1ccc(N=Nc2ccccc2)cc1 0.9623506 2.8886 1.0000000 1.0000 1.0000000 1.0000 []
04:06:31 <INFO> Sampled SMILES c1cc(N=Nc2ccc(Cl)cc2)ccc1-c1ccn2cccc21 failed to sanitize.
04:06:33 <INFO> Score: 0.78 Agent NLL: 13.18 Valid:  99% Step: 251
 | Agent Prior Target Score SMILES SMILES_state Scaffold SA SA (raw) Alerts Alerts (raw) PS_Scaffold PS_Scaffold (raw) matchting_patterns (Alerts)
 | 14.5101 46.7967 78.2937 0.9772691 OCc1cccc(N2CCN(c3cccc(N=Nc4cccc5ccncc45)c3)CC2)c1 1 c1ccc(N2CCN(c3cccc(N=Nc4cccc5ccncc45)c3)CC2)cc1 0.9772691 2.5499 1.0000000 1.0000 1.0000000 1.0000 []
 | 12.3380 29.8768 -29.8768 0.0000000 O=C(c1ccccc1N=Nc1cccnc1)N1CC2C(C1)C2NC(=O)C1(F)CC1 1 O=C(NC1C2CN(C(=O)c3ccccc3N=Nc3cccnc3)CC21)C1CC1 0.8627315 3.8025 1.0000000 1.0000 1.0000000 1.0000 []
 | 10.6954 27.5573 98.9081 0.9880110 c1ccc(N=Nc2ccccc2CN2CCCCCC2)cc1 1 c1ccc(N=Nc2ccccc2CN2CCCCCC2)cc1 0.9880110 2.1260 1.0000000 1.0000 1.0000000 1.0000 []
 | 16.3100 28.1541 -28.1541 0.0000000 C#Cc1ccc(N=Nc2ccccc2C#N)cc1C 1 c1ccc(N=Nc2ccccc2)cc1 0.9697083 2.7420 1.0000000 1.0000 1.0000000 1.0000 []
 | 15.4430 58.4264 63.0644 0.9491470 O=C(C1CC1)N1CCCC(c2cc(N=Nc3ccccc3CN3CCCCC3)ccc2F)C1 1 O=C(C1CC1)N1CCCC(c2cccc(N=Nc3ccccc3CN3CCCCC3)c2)C1 0.9491470 3.0935 1.0000000 1.0000 1.0000000 1.0000 []
 | 14.8197 40.6007 85.5193 0.9853128 Fc1cc(-c2cccc(N=Nc3ccccc3)c2)ccn1 1 c1ccc(N=Nc2cccc(-c3ccncc3)c2)cc1 0.9853128 2.2600 1.0000000 1.0000 1.0000000 1.0000 []
 | 10.2659 40.3147 86.3182 0.9893196 c1ccc(Cc2ccccc2COc2ccc(N=Nc3ccccc3)cc2)cc1 1 c1ccc(Cc2ccccc2COc2ccc(N=Nc3ccccc3)cc2)cc1 0.9893196 2.0499 1.0000000 1.0000 1.0000000 1.0000 []
 | 11.7441 31.2326 92.4657 0.9663935 O=C(c1ccccc1N=Nc1ccccc1)N1CC(O)(C(=O)N2CCN(c3ccc(C(F)(F)F)cc3)CC2)C1 1 O=C(c1ccccc1N=Nc1ccccc1)N1CC(C(=O)N2CCN(c3ccccc3)CC2)C1 0.9663935 2.8119 1.0000000 1.0000 1.0000000 1.0000 []
 | 10.5995 49.0845 -49.0845 0.0000000 O=C(NCc1ccccc1)c1ccc(N=Nc2ccc(C(F)(F)F)cc2)cc1 1 O=C(NCc1ccccc1)c1ccc(N=Nc2ccccc2)cc1 0.9890028 2.0691 1.0000000 1.0000 1.0000000 1.0000 []
 | 20.1893 64.9802 60.2165 0.9780998 CCOc1ccc(Nc2ccc(N=Nc3ccc(N4CCC(O)CC4)cc3)nc2)cc1 1 c1ccc(Nc2ccc(N=Nc3ccc(N4CCCCC4)cc3)nc2)cc1 0.9780998 2.5251 1.0000000 1.0000 1.0000000 1.0000 []
04:06:35 <INFO> Sampled SMILES Fc(N=Nc1ccccc1N1CCC(O)CC1)c1cccc(C(=O)OC)c1 failed to sanitize.
04:06:37 <INFO> Score: 0.84 Agent NLL: 13.60 Valid:  99% Step: 252
 | Agent Prior Target Score SMILES SMILES_state Scaffold SA SA (raw) Alerts Alerts (raw) PS_Scaffold PS_Scaffold (raw) matchting_patterns (Alerts)
 | 17.0483 39.6944 85.1646 0.9754611 O=c1[nH]c2ccccc2cc1-c1ccc(N=Nc2ccco2)cc1 1 O=c1[nH]c2ccccc2cc1-c1ccc(N=Nc2ccco2)cc1 0.9754611 2.6010 1.0000000 1.0000 1.0000000 1.0000 []
 | 15.7492 32.2616 88.5354 0.9437264 O=C(c1ccccc1N=Nc1cccc(O)c1)N1CCC(c2ccccc2C(=O)N2CCCCC(O)C2)CC1 1 O=C(c1ccccc1N=Nc1ccccc1)N1CCC(c2ccccc2C(=O)N2CCCCCC2)CC1 0.9437264 3.1632 1.0000000 1.0000 1.0000000 1.0000 []
 | 16.6694 58.9610 66.9706 0.9838402 CCOc1ccc(N=Nc2cccc(N3CCN(CCN4CCC4)CC3)c2)cc1 1 c1ccc(N=Nc2cccc(N3CCN(CCN4CCC4)CC3)c2)cc1 0.9838402 2.3233 1.0000000 1.0000 1.0000000 1.0000 []
 | 11.7677 47.8736 78.0430 0.9837234 O=C(Nc1cccc(N=Nc2cccs2)c1)c1ccc(F)cc1 1 O=C(Nc1cccc(N=Nc2cccs2)c1)c1ccccc1 0.9837234 2.3280 1.0000000 1.0000 1.0000000 1.0000 []
 | 14.3776 41.2167 83.8882 0.9773819 c1cncc(N=Nc2cccc(NCc3ccc4c(c3)OCCC4)c2)c1 1 c1cncc(N=Nc2cccc(NCc3ccc4c(c3)OCCC4)c2)c1 0.9773819 2.5466 1.0000000 1.0000 1.0000000 1.0000 []
 | 13.8012 54.0235 71.9622 0.9842632 COc1ccc(N=Nc2ccc(CN3CCN(c4ccccc4C(=O)N4CCC4)CC3)cc2)cc1 1 O=C(c1ccccc1N1CCN(Cc2ccc(N=Nc3ccccc3)cc2)CC1)N1CCC1 0.9842632 2.3057 1.0000000 1.0000 1.0000000 1.0000 []
 | 18.1695 44.3151 79.8259 0.9698517 FC(F)(F)c1cccc(N=Nc2ccc(Cl)c(CN3CCN(c4ccccn4)CC3)c2)n1 1 c1ccc(N=Nc2cccc(CN3CCN(c4ccccn4)CC3)c2)nc1 0.9698517 2.7388 1.0000000 1.0000 1.0000000 1.0000 []
 | 10.9645 26.1172 96.5669 0.9584696 O=C(c1ccccc1N=Nc1ccccc1)N1CC(O)(C(=O)NC2CN(CCCF)C2)C1 1 O=C(NC1CNC1)C1CN(C(=O)c2ccccc2N=Nc2ccccc2)C1 0.9584696 2.9552 1.0000000 1.0000 1.0000000 1.0000 []
 | 8.0289 43.0998 -43.0998 0.0000000 Fc1ccccc1N=Nc1ccc(-c2ccccc2-c2ccccc2)cc1 1 c1ccc(N=Nc2ccc(-c3ccccc3-c3ccccc3)cc2)cc1 0.9896468 2.0294 1.0000000 1.0000 1.0000000 1.0000 []
 | 14.0999 40.5070 85.0273 0.9807368 OCCN1CCN(c2ccc(-c3cc(N=Nc4ccccc4F)ccc3F)cc2)CC1 1 c1ccc(N=Nc2cccc(-c3ccc(N4CCNCC4)cc3)c2)cc1 0.9807368 2.4398 1.0000000 1.0000 1.0000000 1.0000 []
04:07:22 <INFO> Score: 0.74 Agent NLL: 12.79 Valid: 100% Step: 253
 | Agent Prior Target Score SMILES SMILES_state Scaffold SA SA (raw) Alerts Alerts (raw) PS_Scaffold PS_Scaffold (raw) matchting_patterns (Alerts)
 | 18.0076 52.0408 73.3173 0.9793605 COc1ccnc(N=Nc2cccc(NC3CCN(Cc4ccccc4)CC3)c2)c1 1 c1ccc(CN2CCC(Nc3cccc(N=Nc4ccccn4)c3)CC2)cc1 0.9793605 2.4856 1.0000000 1.0000 1.0000000 1.0000 []
 | 14.1850 30.6678 75.1825 0.8269557 O=C(c1ccccc1N=Nc1cccnc1)N1CC(F)(C(=O)N2CC(F)C(F)C2)C1 1 O=C(c1ccccc1N=Nc1cccnc1)N1CC(C(=O)N2CCCC2)C1 0.8269557 3.9810 1.0000000 1.0000 1.0000000 1.0000 []
 | 11.0271 52.9886 72.5256 0.9805802 O=C(c1cc(N=Nc2ccccc2CN2CCCC2)ccc1O)N1CCC1 1 O=C(c1cccc(N=Nc2ccccc2CN2CCCC2)c1)N1CCC1 0.9805802 2.4451 1.0000000 1.0000 1.0000000 1.0000 []
 | 12.2062 34.4379 91.9405 0.9873310 Fc1ccc(N=Nc2ccc(CN3CCN(Cc4ccccc4Cl)CC3)cc2)cc1 1 c1ccc(CN2CCN(Cc3ccc(N=Nc4ccccc4)cc3)CC2)cc1 0.9873310 2.1624 1.0000000 1.0000 1.0000000 1.0000 []
 | 15.4611 32.0465 92.1596 0.9703606 O=C(c1ccccc1N=Nc1ccccc1)N1CCC(N2CCC(C(=O)N(CCO)CCO)CC2)CC1 1 O=C(c1ccccc1N=Nc1ccccc1)N1CCC(N2CCCCC2)CC1 0.9703606 2.7274 1.0000000 1.0000 1.0000000 1.0000 []
 | 18.2561 54.1778 69.1623 0.9635948 CN(c1ccccc1N=Nc1ccc(C2CCC2)cn1)C1CCN(CCO)CC1 1 c1ccc(NC2CCNCC2)c(N=Nc2ccc(C3CCC3)cn2)c1 0.9635948 2.8659 1.0000000 1.0000 1.0000000 1.0000 []
 | 16.9975 48.3416 75.7687 0.9696113 FC(F)(F)c1cccnc1N1CCN(Cc2cccc(N=Nc3ncccn3)c2)CC1 1 c1ccc(N2CCN(Cc3cccc(N=Nc4ncccn4)c3)CC2)nc1 0.9696113 2.7442 1.0000000 1.0000 1.0000000 1.0000 []
 | 16.4056 51.0244 73.5963 0.9735990 Fc1ccc(N=Nc2ccc(N=Cc3ccc(-c4ccccc4)o3)cn2)cc1 1 C(=Nc1ccc(N=Nc2ccccc2)nc1)c1ccc(-c2ccccc2)o1 0.9735990 2.6499 1.0000000 1.0000 1.0000000 1.0000 []
 | 11.9772 30.6363 85.2524 0.9053801 O=C(c1ccccc1N=Nc1cccnc1)N1CCC(NC(=O)C2(c3ccc(Cl)cc3)CC2)C(O)C1 1 O=C(c1ccccc1N=Nc1cccnc1)N1CCC(NC(=O)C2(c3ccccc3)CC2)CC1 0.9053801 3.5287 1.0000000 1.0000 1.0000000 1.0000 []
 | 12.5412 43.0325 82.2755 0.9789690 c1cc(CN2CCN(CCCN3CCCC3)CC2)cc(N=Nc2ccc(N3CCOCC3)cc2)c1 1 c1cc(CN2CCN(CCCN3CCCC3)CC2)cc(N=Nc2ccc(N3CCOCC3)cc2)c1 0.9789690 2.4981 1.0000000 1.0000 1.0000000 1.0000 []
04:07:23 <INFO> Sampled SMILES c1ccc(N=Nc2cccc3cccClc23)cc1C(=O)C1CC1 failed to sanitize.
04:07:23 <INFO> Sampled SMILES Fc1cc(N=Nc2ccccc2)ccc1ClNc1ccccc1 failed to sanitize.
04:07:25 <INFO> Score: 0.71 Agent NLL: 12.16 Valid:  96% Step: 254
 | Agent Prior Target Score SMILES SMILES_state Scaffold SA SA (raw) Alerts Alerts (raw) PS_Scaffold PS_Scaffold (raw) matchting_patterns (Alerts)
 | 16.1651 39.2335 86.7525 0.9842656 Fc1cccc(CNc2cc(N=Nc3ccccc3)ccc2Cl)c1F 1 c1ccc(CNc2cccc(N=Nc3ccccc3)c2)cc1 0.9842656 2.3056 1.0000000 1.0000 1.0000000 1.0000 []
 | 12.5099 50.8923 72.1967 0.9616327 Fc1ccc(N=Nc2ccccc2)cc1N1Cc2ccccc2CC1c1ccccc1 1 c1ccc(N=Nc2cccc(N3Cc4ccccc4CC3c3ccccc3)c2)cc1 0.9616327 2.9014 1.0000000 1.0000 1.0000000 1.0000 []
 | 7.9411 47.6989 79.1309 0.9908580 O=C(Nc1ccccc1)Nc1ccccc1N=Nc1ccccc1 1 O=C(Nc1ccccc1)Nc1ccccc1N=Nc1ccccc1 0.9908580 1.9475 1.0000000 1.0000 1.0000000 1.0000 []
 | 21.9900 37.9381 88.0351 0.9841658 O=C(COc1ccccc1)NN=Cc1ccn[nH]1 1 O=C(COc1ccccc1)NN=Cc1ccn[nH]1 0.9841658 2.3098 1.0000000 1.0000 1.0000000 1.0000 []
 | 14.6336 27.6692 85.3161 0.8826973 O=C(c1ccccc1N=Nc1cccc(O)c1)N1CC2CC2(C(=O)N(CCCO)Cc2ccccc2)C1 1 O=C(c1ccccc1N=Nc1ccccc1)N1CC2CC2(C(=O)NCc2ccccc2)C1 0.8826973 3.6852 1.0000000 1.0000 1.0000000 1.0000 []
 | 13.0666 35.2054 90.8677 0.9849463 Clc1cccc(N2CCN(Cc3ccc(N=Nc4ccccc4)cc3)CC2)n1 1 c1ccc(N=Nc2ccc(CN3CCN(c4ccccn4)CC3)cc2)cc1 0.9849463 2.2763 1.0000000 1.0000 1.0000000 1.0000 []
 | 12.7399 30.8786 89.6079 0.9413003 O=C(c1ccc(OC2CN(C(=O)c3ccccc3N=Nc3cccc(O)c3)C2)cc1)N1CC2(CC2)C1 1 O=C(c1ccc(OC2CN(C(=O)c3ccccc3N=Nc3ccccc3)C2)cc1)N1CC2(CC2)C1 0.9413003 3.1924 1.0000000 1.0000 1.0000000 1.0000 []
 | 14.4267 27.6050 93.3340 0.9448358 O=C(c1ccccc1N=Nc1cccc(O)c1)N1CC(O)(C(=O)N2CC(O)(C3CC3)C2)C1 1 O=C(c1ccccc1N=Nc1ccccc1)N1CC(C(=O)N2CC(C3CC3)C2)C1 0.9448358 3.1495 1.0000000 1.0000 1.0000000 1.0000 []
 | 11.0251 38.6800 86.6030 0.9787737 Brc1cccc(N=Nc2ccc(CN3Cc4cccnc4C3)cc2)c1 1 c1ccc(N=Nc2ccc(CN3Cc4cccnc4C3)cc2)cc1 0.9787737 2.5043 1.0000000 1.0000 1.0000000 1.0000 []
 | 11.3056 30.6106 -30.6106 0.0000000 O=C(c1ccccc1N=Nc1cccnc1)N(CCCO)c1ccccc1 1 O=C(Nc1ccccc1)c1ccccc1N=Nc1cccnc1 0.9801241 2.4606 1.0000000 1.0000 1.0000000 1.0000 []
04:07:26 <INFO> Score: 0.72 Agent NLL: 12.95 Valid: 100% Step: 255
 | Agent Prior Target Score SMILES SMILES_state Scaffold SA SA (raw) Alerts Alerts (raw) PS_Scaffold PS_Scaffold (raw) matchting_patterns (Alerts)
 | 11.6076 28.0691 94.8817 0.9605536 O=C(C1=CCN(C(=O)c2ccccc2N=Nc2cccc(O)c2)C1)N1CCN(c2cccc(O)c2)CC1 1 O=C(C1=CCN(C(=O)c2ccccc2N=Nc2ccccc2)C1)N1CCN(c2ccccc2)CC1 0.9605536 2.9202 1.0000000 1.0000 1.0000000 1.0000 []
 | 8.3889 56.8194 -56.8194 0.0000000 COc1ccc(NC(=O)Nc2ccc(N=Nc3ccccc3)cc2)cc1 1 O=C(Nc1ccccc1)Nc1ccc(N=Nc2ccccc2)cc1 0.9911371 1.9272 1.0000000 1.0000 1.0000000 1.0000 []
 | 18.4526 48.4004 74.6828 0.9615872 Clc1cc(N=Nc2ccccc2N2CCN(CCC3OCCO3)CC2)ccn1 1 c1ccc(N2CCN(CCC3OCCO3)CC2)c(N=Nc2ccncc2)c1 0.9615872 2.9022 1.0000000 1.0000 1.0000000 1.0000 []
 | 15.6191 48.6604 76.5132 0.9779184 OCc1ccccc1N=Nc1ccc(Br)c(NC2CCN(c3ccccc3)CC2)c1 1 c1ccc(N=Nc2cccc(NC3CCN(c4ccccc4)CC3)c2)cc1 0.9779184 2.5306 1.0000000 1.0000 1.0000000 1.0000 []
 | 10.7305 27.2100 97.5080 0.9743598 O=C(c1ccccc1N=Nc1ccccc1)N1CC(O)(C(=O)N2CCN(c3ccccc3)CC2)C1 1 O=C(c1ccccc1N=Nc1ccccc1)N1CC(C(=O)N2CCN(c3ccccc3)CC2)C1 0.9743598 2.6303 1.0000000 1.0000 1.0000000 1.0000 []
 | 12.2000 40.9577 85.4953 0.9879141 O=C1c2ccccc2C(=O)N1c1ccc(N=Nc2ccc(Cl)cc2)cc1 1 O=C1c2ccccc2C(=O)N1c1ccc(N=Nc2ccccc2)cc1 0.9879141 2.1313 1.0000000 1.0000 1.0000000 1.0000 []
 | 17.2505 53.9757 70.8105 0.9748921 OCc1ccc(N=Nc2ccc(-c3ccc4ncccc4c3)cc2)o1 1 c1coc(N=Nc2ccc(-c3ccc4ncccc4c3)cc2)c1 0.9748921 2.6163 1.0000000 1.0000 1.0000000 1.0000 []
 | 19.5035 44.9532 80.2588 0.9782192 CCOc1ccc(N=Nc2ccc(O)c(CN3CCC(F)CC3)c2)cc1 1 c1ccc(N=Nc2cccc(CN3CCCCC3)c2)cc1 0.9782192 2.5215 1.0000000 1.0000 1.0000000 1.0000 []
 | 12.5944 29.5168 94.2282 0.9667582 O=C(c1cccc(N2CCN(C(=O)c3ccccc3N=Nc3ccc(O)cc3)CC2)c1)N1CC(n2cccn2)C1 1 O=C(c1cccc(N2CCN(C(=O)c3ccccc3N=Nc3ccccc3)CC2)c1)N1CC(n2cccn2)C1 0.9667582 2.8046 1.0000000 1.0000 1.0000000 1.0000 []
 | 11.8889 31.9277 93.6311 0.9809281 O=C(c1ccccc1N=Nc1ccccc1)N1CCC(C(=O)N2CCN(C3CC3)CC2)CC1 1 O=C(c1ccccc1N=Nc1ccccc1)N1CCC(C(=O)N2CCN(C3CC3)CC2)CC1 0.9809281 2.4331 1.0000000 1.0000 1.0000000 1.0000 []
04:07:27 <INFO> Sampled SMILES Fc1cccc(N=Nc2cc(cn3cccn3)c2)c1OC(F)F failed to sanitize.
04:07:29 <INFO> Score: 0.71 Agent NLL: 13.42 Valid:  99% Step: 256
 | Agent Prior Target Score SMILES SMILES_state Scaffold SA SA (raw) Alerts Alerts (raw) PS_Scaffold PS_Scaffold (raw) matchting_patterns (Alerts)
 | 12.0909 27.1740 98.7526 0.9838011 N#Cc1ccccc1CN1CCN(C(=O)c2ccccc2N=Nc2ccccc2)CC1 1 O=C(c1ccccc1N=Nc1ccccc1)N1CCN(Cc2ccccc2)CC1 0.9838011 2.3249 1.0000000 1.0000 1.0000000 1.0000 []
 | 14.6100 50.2191 75.1215 0.9792234 O=C(NC1CCOCC1)c1cccc(N=Nc2ccccc2CN2CCCCCC2)c1 1 O=C(NC1CCOCC1)c1cccc(N=Nc2ccccc2CN2CCCCCC2)c1 0.9792234 2.4900 1.0000000 1.0000 1.0000000 1.0000 []
 | 14.5127 48.3769 70.6635 0.9300027 O=C(C1CCC(c2ccccc2)N1C(=O)c1ccccc1N=Nc1ccccc1)N1CCN(c2ccccc2)CC1 1 O=C(C1CCC(c2ccccc2)N1C(=O)c1ccccc1N=Nc1ccccc1)N1CCN(c2ccccc2)CC1 0.9300027 3.3149 1.0000000 1.0000 1.0000000 1.0000 []
 | 9.8050 40.1818 86.3226 0.9883157 c1ccc(CCCCN2CCN(c3ccc(N=Nc4ccccc4)cc3)CC2)cc1 1 c1ccc(CCCCN2CCN(c3ccc(N=Nc4ccccc4)cc3)CC2)cc1 0.9883157 2.1091 1.0000000 1.0000 1.0000000 1.0000 []
 | 19.7586 56.5443 62.1936 0.9276392 [O-][N+](c1ccc(N=Nc2ccc3ccccc3c2)cc1)C1CCNC1 1 c1ccc2cc(N=Nc3ccc([NH+]C4CCNC4)cc3)ccc2c1 0.9276392 3.3382 1.0000000 1.0000 1.0000000 1.0000 []
 | 11.8627 33.2845 91.2651 0.9730435 O=C(c1ccccc1N=Nc1ccccc1)N1CCC(N2CCN(C(=O)C3(c4ccccc4)CC3)CC2)CC1 1 O=C(c1ccccc1N=Nc1ccccc1)N1CCC(N2CCN(C(=O)C3(c4ccccc4)CC3)CC2)CC1 0.9730435 2.6638 1.0000000 1.0000 1.0000000 1.0000 []
 | 14.5917 41.3380 83.9434 0.9787610 Fc1ccc(N=Nc2cccc(CNCc3ncccc3C3CC3)c2)cc1 1 c1ccc(N=Nc2cccc(CNCc3ncccc3C3CC3)c2)cc1 0.9787610 2.5047 1.0000000 1.0000 1.0000000 1.0000 []
 | 20.2134 64.4789 60.0390 0.9727959 CCOCCN1CCC(Oc2ccccc2NCc2cccc(N=Nc3ccncc3)c2)CC1 1 c1cc(CNc2ccccc2OC2CCNCC2)cc(N=Nc2ccncc2)c1 0.9727959 2.6699 1.0000000 1.0000 1.0000000 1.0000 []
 | 14.0204 45.2877 81.0815 0.9872595 O=C(COCc1ccccc1)Nc1cccc(N=Nc2ccccc2Cl)c1 1 O=C(COCc1ccccc1)Nc1cccc(N=Nc2ccccc2)c1 0.9872595 2.1661 1.0000000 1.0000 1.0000000 1.0000 []
 | 6.1393 48.3559 -48.3559 0.0000000 O=C(Nc1ccccc1)c1cccc(N=Nc2ccccc2)c1 1 O=C(Nc1ccccc1)c1cccc(N=Nc2ccccc2)c1 0.9922432 1.8396 1.0000000 1.0000 1.0000000 1.0000 []
04:07:31 <INFO> Score: 0.81 Agent NLL: 13.13 Valid: 100% Step: 257
 | Agent Prior Target Score SMILES SMILES_state Scaffold SA SA (raw) Alerts Alerts (raw) PS_Scaffold PS_Scaffold (raw) matchting_patterns (Alerts)
 | 10.4783 27.8736 96.9739 0.9753714 O=C(c1ccccc1N=Nc1ccccc1)N1CC(NC(=O)C2(O)CC2)C1 1 O=C(NC1CN(C(=O)c2ccccc2N=Nc2ccccc2)C1)C1CC1 0.9753714 2.6034 1.0000000 1.0000 1.0000000 1.0000 []
 | 17.9130 30.8028 87.7917 0.9265195 O=C(c1ccc(N=Nc2ccc(O)cc2)cc1)N1CCC(O)C(C(=O)N2CCN(CCc3ccccc3)CC2)C1 1 O=C(c1ccc(N=Nc2ccccc2)cc1)N1CCCC(C(=O)N2CCN(CCc3ccccc3)CC2)C1 0.9265195 3.3490 1.0000000 1.0000 1.0000000 1.0000 []
 | 14.1195 38.0570 87.5867 0.9815918 Brc1ccc(N=Nc2ccccc2)cc1-c1cccc2[nH]ccc12 1 c1ccc(N=Nc2cccc(-c3cccc4[nH]ccc34)c2)cc1 0.9815918 2.4096 1.0000000 1.0000 1.0000000 1.0000 []
 | 19.0431 36.0871 88.8014 0.9756911 O=c1[nH]ccc2nccc(N=Nc3ccccc3)c12 1 O=c1[nH]ccc2nccc(N=Nc3ccccc3)c12 0.9756911 2.5947 1.0000000 1.0000 1.0000000 1.0000 []
 | 9.9563 28.5158 89.6082 0.9228439 O=C(c1ccccc1N=Nc1ccccc1)N1CCC(n2cc(NC(=O)C3(c4ccccn4)CC3)cn2)C1 1 O=C(c1ccccc1N=Nc1ccccc1)N1CCC(n2cc(NC(=O)C3(c4ccccn4)CC3)cn2)C1 0.9228439 3.3834 1.0000000 1.0000 1.0000000 1.0000 []
 | 11.5359 54.1800 72.1039 0.9865933 c1ccc(-c2ccccc2-c2ccc(N=Nc3ccc(CCN4CCCCC4)cc3)cc2)cc1 1 c1ccc(-c2ccccc2-c2ccc(N=Nc3ccc(CCN4CCCCC4)cc3)cc2)cc1 0.9865933 2.1998 1.0000000 1.0000 1.0000000 1.0000 []
 | 11.1246 46.3346 78.6413 0.9763741 Fc1cccc(N=Nc2ccc(F)c(-c3cccc(N=Nc4ccccc4)c3)c2)c1 1 c1ccc(N=Nc2cccc(-c3cccc(N=Nc4ccccc4)c3)c2)cc1 0.9763741 2.5757 1.0000000 1.0000 1.0000000 1.0000 []
 | 18.7782 43.1252 81.8515 0.9763799 Fc1ccc(N=Nc2cccc(F)c2CNc2cc(-c3ccccc3)on2)cc1 1 c1ccc(N=Nc2ccccc2CNc2cc(-c3ccccc3)on2)cc1 0.9763799 2.5755 1.0000000 1.0000 1.0000000 1.0000 []
 | 13.4841 29.2638 81.6655 0.8666348 O=C(c1ccccc1N=Nc1ccccc1)N1CCCN(C(C(=O)N2CCC3(CC2)N=N3)c2ccccc2)CC1 1 O=C(c1ccccc1N=Nc1ccccc1)N1CCCN(C(C(=O)N2CCC3(CC2)N=N3)c2ccccc2)CC1 0.8666348 3.7808 1.0000000 1.0000 1.0000000 1.0000 []
 | 15.6465 37.8912 86.1892 0.9693778 O=C(NCCCCN1CCN(C(=O)c2ccccc2N=Nc2cccc(O)c2)CC1)c1cccc2cc[nH]c12 1 O=C(NCCCCN1CCN(C(=O)c2ccccc2N=Nc2ccccc2)CC1)c1cccc2cc[nH]c12 0.9693778 2.7493 1.0000000 1.0000 1.0000000 1.0000 []
04:07:34 <INFO> Score: 0.72 Agent NLL: 13.99 Valid:  98% Step: 258
 | Agent Prior Target Score SMILES SMILES_state Scaffold SA SA (raw) Alerts Alerts (raw) PS_Scaffold PS_Scaffold (raw) matchting_patterns (Alerts)
 | 30.7236 58.2315 -58.2315 0.0000000 COc1cccc(NC(=O)C2CC2)c1CN1CCN(CC(=O)N(Cc2ccc(C)c(C)c2)c2ccccc2)CC1 1 O=C(Nc1ccccc1CN1CCN(CC(=O)N(Cc2ccccc2)c2ccccc2)CC1)C1CC1 0.0000000 0.0000 1.0000000 1.0000 0.0000000 0.0000 []
 | 13.1207 27.7704 89.1406 0.9133673 O=C(C=C1CCN(C(=O)c2ccccc2N=Nc2ccccc2)CC1)N1CC2(CC(O)C2)C1 1 O=C(C=C1CCN(C(=O)c2ccccc2N=Nc2ccccc2)CC1)N1CC2(CCC2)C1 0.9133673 3.4656 1.0000000 1.0000 1.0000000 1.0000 []
 | 13.7150 42.2654 83.5788 0.9831581 Clc1cccc(N=Nc2cccc(-c3cnc4cccnc4c3)c2)c1 1 c1ccc(N=Nc2cccc(-c3cnc4cccnc4c3)c2)cc1 0.9831581 2.3507 1.0000000 1.0000 1.0000000 1.0000 []
 | 10.5448 43.3370 83.0805 0.9876364 c1ccc(-c2ccc(N=Nc3ccc(-c4ccccc4CN4CCCC4)cc3)cc2)cc1 1 c1ccc(-c2ccc(N=Nc3ccc(-c4ccccc4CN4CCCC4)cc3)cc2)cc1 0.9876364 2.1463 1.0000000 1.0000 1.0000000 1.0000 []
 | 12.3811 38.3015 88.0372 0.9870206 O=C(CN1CCCC1)Nc1cccc(NCc2ccc(N=Nc3ccccc3)cc2)c1 1 O=C(CN1CCCC1)Nc1cccc(NCc2ccc(N=Nc3ccccc3)cc2)c1 0.9870206 2.1784 1.0000000 1.0000 1.0000000 1.0000 []
 | 8.1011 35.2385 -35.2385 0.0000000 Clc1ccc(COc2ccc(N=Nc3ccccc3)cc2)cc1 1 c1ccc(COc2ccc(N=Nc3ccccc3)cc2)cc1 0.9917382 1.8810 1.0000000 1.0000 1.0000000 1.0000 []
 | 10.9298 36.1449 89.9107 0.9848095 c1ccc(N=Nc2ccc(CNC3(c4ccccc4)CC3)cc2)cc1 1 c1ccc(N=Nc2ccc(CNC3(c4ccccc4)CC3)cc2)cc1 0.9848095 2.2823 1.0000000 1.0000 1.0000000 1.0000 []
 | 10.6805 28.5760 -28.5760 0.0000000 O=C(c1ccccc1N=Nc1ccccc1)N1CC(O)(C(=O)N(CCCO)c2ccccc2)C1 1 O=C(Nc1ccccc1)C1CN(C(=O)c2ccccc2N=Nc2ccccc2)C1 0.9670767 2.7981 1.0000000 1.0000 1.0000000 1.0000 []
 | 8.2523 39.7077 -39.7077 0.0000000 c1ccc(CN2CCN(c3ccc(N=Nc4ccccc4)cc3)CC2)cc1 1 c1ccc(CN2CCN(c3ccc(N=Nc4ccccc4)cc3)CC2)cc1 0.9903188 1.9852 1.0000000 1.0000 1.0000000 1.0000 []
 | 12.6127 34.9544 89.9464 0.9757869 Fc1ccc(N=Nc2ccccc2)cc1NCc1cnco1 1 c1ccc(N=Nc2cccc(NCc3cnco3)c2)cc1 0.9757869 2.5920 1.0000000 1.0000 1.0000000 1.0000 []
04:08:14 <INFO> Score: 0.75 Agent NLL: 12.91 Valid: 100% Step: 259
 | Agent Prior Target Score SMILES SMILES_state Scaffold SA SA (raw) Alerts Alerts (raw) PS_Scaffold PS_Scaffold (raw) matchting_patterns (Alerts)
 | 10.7779 32.4312 92.3956 0.9752089 O=C(CN1CCN(C(=O)c2ccccc2N=Nc2cccnc2)CC1)N(CCCO)Cc1ccccc1 1 O=C(CN1CCN(C(=O)c2ccccc2N=Nc2cccnc2)CC1)NCc1ccccc1 0.9752089 2.6078 1.0000000 1.0000 1.0000000 1.0000 []
 | 14.4622 43.1128 82.3253 0.9799847 Fc1ccccc1-c1ccc(N=Nc2ccccc2)cc1CN1CCN(c2ccncc2)CC1 1 c1ccc(N=Nc2ccc(-c3ccccc3)c(CN3CCN(c4ccncc4)CC3)c2)cc1 0.9799847 2.4652 1.0000000 1.0000 1.0000000 1.0000 []
 | 14.0999 44.9273 80.9595 0.9834900 c1ccc2c(-c3ccc(N=Nc4ccc5cn[nH]c5c4)cc3)cccc2c1 1 c1ccc2c(-c3ccc(N=Nc4ccc5cn[nH]c5c4)cc3)cccc2c1 0.9834900 2.3375 1.0000000 1.0000 1.0000000 1.0000 []
 | 14.7738 41.0751 84.6662 0.9823533 O=C(NNc1cc(N=Nc2ccccc2F)ccc1O)c1ccccc1 1 O=C(NNc1cccc(N=Nc2ccccc2)c1)c1ccccc1 0.9823533 2.3816 1.0000000 1.0000 1.0000000 1.0000 []
 | 15.4475 42.8472 82.9786 0.9830142 c1ccc(N=Nc2cc(-c3cnc4ccccc4c3)ccn2)cc1 1 c1ccc(N=Nc2cc(-c3cnc4ccccc4c3)ccn2)cc1 0.9830142 2.3563 1.0000000 1.0000 1.0000000 1.0000 []
 | 8.3778 36.2836 -36.2836 0.0000000 c1ccc(N=Nc2ccc(-c3ccc4cc[nH]c4c3)cc2)cc1 1 c1ccc(N=Nc2ccc(-c3ccc4cc[nH]c4c3)cc2)cc1 0.9864568 2.2065 1.0000000 1.0000 1.0000000 1.0000 []
 | 11.6320 32.6761 -32.6761 0.0000000 O=C(NC1CCN(C(=O)COC2CN(C(=O)c3ccccc3N=Nc3ccccc3)C2)CC1)C1CC1 1 O=C(NC1CCN(C(=O)COC2CN(C(=O)c3ccccc3N=Nc3ccccc3)C2)CC1)C1CC1 0.9730175 2.6644 1.0000000 1.0000 1.0000000 1.0000 []
 | 10.7872 31.6797 93.8028 0.9803316 Fc1ccccc1N=Nc1ccccc1CN1CCNCC1 1 c1ccc(N=Nc2ccccc2CN2CCNCC2)cc1 0.9803316 2.4536 1.0000000 1.0000 1.0000000 1.0000 []
 | 9.6767 32.0698 93.4919 0.9809510 CC(=O)N1CC(N2CCN(C(=O)c3ccccc3N=Nc3ccccc3)CC2)C1 1 O=C(c1ccccc1N=Nc1ccccc1)N1CCN(C2CNC2)CC1 0.9809510 2.4323 1.0000000 1.0000 1.0000000 1.0000 []
 | 13.7249 42.1270 83.1235 0.9785197 O=C(NCc1ccccc1)c1cc(N=Nc2cccc(C(F)(F)F)n2)ccc1F 1 O=C(NCc1ccccc1)c1cccc(N=Nc2ccccn2)c1 0.9785197 2.5122 1.0000000 1.0000 1.0000000 1.0000 []
04:08:17 <INFO> Score: 0.81 Agent NLL: 13.27 Valid: 100% Step: 260
 | Agent Prior Target Score SMILES SMILES_state Scaffold SA SA (raw) Alerts Alerts (raw) PS_Scaffold PS_Scaffold (raw) matchting_patterns (Alerts)
 | 14.8744 40.7930 85.7910 0.9889374 c1ccc(N=Nc2ccc(Nc3cccnc3)cc2)cc1 1 c1ccc(N=Nc2ccc(Nc3cccnc3)cc2)cc1 0.9889374 2.0730 1.0000000 1.0000 1.0000000 1.0000 []
 | 12.5510 27.0107 -27.0107 0.0000000 O=C(c1ccccc1N=Nc1ccccc1)N1CC(F)(C(=O)N2CCN(C3CCCCCCC3)CC2)C1 1 O=C(c1ccccc1N=Nc1ccccc1)N1CC(C(=O)N2CCN(C3CCCCCCC3)CC2)C1 0.0000000 0.0000 0.0000000 0.0000 0.0000000 0.0000 ['[*;r8]']
 | 14.9994 35.7782 86.5291 0.9555259 O=C1CC(Nc2cc(N=Nc3ccccc3)ccc2C(F)(F)F)CN1c1ccccc1 1 O=C1CC(Nc2cccc(N=Nc3ccccc3)c2)CN1c1ccccc1 0.9555259 3.0018 1.0000000 1.0000 1.0000000 1.0000 []
 | 6.5717 40.4944 -40.4944 0.0000000 c1ccc(N=Nc2ccc(Oc3ccc(Nc4ccccc4)cc3)cc2)cc1 1 c1ccc(N=Nc2ccc(Oc3ccc(Nc4ccccc4)cc3)cc2)cc1 0.9911815 1.9239 1.0000000 1.0000 1.0000000 1.0000 []
 | 15.6888 59.7378 65.7877 0.9806682 O=C(Cc1ccccc1)N1CCN(Cc2cccc(N=Nc3ccccc3CN3CCCC3)c2)CC1 1 O=C(Cc1ccccc1)N1CCN(Cc2cccc(N=Nc3ccccc3CN3CCCC3)c2)CC1 0.9806682 2.4421 1.0000000 1.0000 1.0000000 1.0000 []
 | 16.0259 45.0852 80.4636 0.9808495 Clc1cccc(-c2cccc(N=Nc3ncccn3)c2)c1 1 c1ccc(-c2cccc(N=Nc3ncccn3)c2)cc1 0.9808495 2.4359 1.0000000 1.0000 1.0000000 1.0000 []
 | 14.1364 27.6091 94.7779 0.9561484 O=C(c1ccccc1N=Nc1cccc(O)c1)N1CC(O)(C(=O)NCC2(c3ccc(F)cc3)CC2)C1 1 O=C(NCC1(c2ccccc2)CC1)C1CN(C(=O)c2ccccc2N=Nc2ccccc2)C1 0.9561484 2.9922 1.0000000 1.0000 1.0000000 1.0000 []
 | 12.2537 81.1228 44.7688 0.9835281 Cc1oc(-c2ccccc2-c2ccccc2)cc1N=Nc1ccccc1 1 c1ccc(N=Nc2coc(-c3ccccc3-c3ccccc3)c2)cc1 0.9835281 2.3359 1.0000000 1.0000 1.0000000 1.0000 []
 | 14.8909 40.3408 84.4133 0.9746414 OC1CCN(c2cccc(N=Nc3ccc4cc[nH]c4c3)c2)CC1 1 c1cc(N=Nc2ccc3cc[nH]c3c2)cc(N2CCCCC2)c1 0.9746414 2.6229 1.0000000 1.0000 1.0000000 1.0000 []
 | 14.1138 36.2661 89.6067 0.9833813 OCCN1CCC(CNCc2ccc(N=Nc3ccc(Cl)cc3)cc2)CC1 1 c1ccc(N=Nc2ccc(CNCC3CCNCC3)cc2)cc1 0.9833813 2.3418 1.0000000 1.0000 1.0000000 1.0000 []
04:08:19 <INFO> Score: 0.73 Agent NLL: 12.61 Valid:  99% Step: 261
 | Agent Prior Target Score SMILES SMILES_state Scaffold SA SA (raw) Alerts Alerts (raw) PS_Scaffold PS_Scaffold (raw) matchting_patterns (Alerts)
 | 10.5044 38.5475 -38.5475 0.0000000 Oc1cccc(N2CCN(c3cccc(N=Nc4ccccc4)c3)CC2)c1 1 c1ccc(N=Nc2cccc(N3CCN(c4ccccc4)CC3)c2)cc1 0.9856863 2.2430 1.0000000 1.0000 1.0000000 1.0000 []
 | 11.3297 36.9059 89.1487 0.9848011 Fc1ccc(N2CCCN(Cc3cc(N=Nc4ccccc4)ccc3F)CC2)cc1 1 c1ccc(N=Nc2cccc(CN3CCCN(c4ccccc4)CC3)c2)cc1 0.9848011 2.2827 1.0000000 1.0000 1.0000000 1.0000 []
 | 16.4555 47.8307 77.3025 0.9776029 Fc1ccccc1N=Nc1cccc(CNC2(c3ccccc3)CCCC2)c1 1 c1ccc(N=Nc2cccc(CNC3(c4ccccc4)CCCC3)c2)cc1 0.9776029 2.5400 1.0000000 1.0000 1.0000000 1.0000 []
 | 11.6383 46.3433 80.0354 0.9873334 Brc1ccc(N=Nc2ccc(CN3CCC(c4ccccc4)CC3)cc2)cc1 1 c1ccc(N=Nc2ccc(CN3CCC(c4ccccc4)CC3)cc2)cc1 0.9873334 2.1623 1.0000000 1.0000 1.0000000 1.0000 []
 | 16.6927 46.6242 77.1612 0.9670730 OCC1CCN(COc2ccc(N=Nc3ccccc3)cc2)C1 1 c1ccc(N=Nc2ccc(OCN3CCCC3)cc2)cc1 0.9670730 2.7981 1.0000000 1.0000 1.0000000 1.0000 []
 | 15.2535 43.4967 81.6982 0.9780856 Fc1cc(N=Nc2ccc(CN3CCN(Cc4ccc(C(F)(F)F)cc4)CC3)cc2)ccn1 1 c1ccc(CN2CCN(Cc3ccc(N=Nc4ccncc4)cc3)CC2)cc1 0.9780856 2.5255 1.0000000 1.0000 1.0000000 1.0000 []
 | 19.7862 48.8490 77.0793 0.9838147 COc1cccc(N=Nc2cccc(OCCNCC3CC3)c2)c1 1 c1ccc(N=Nc2cccc(OCCNCC3CC3)c2)cc1 0.9838147 2.3243 1.0000000 1.0000 1.0000000 1.0000 []
 | 14.7869 42.9105 77.5000 0.9407076 c1cc(N=Nc2cccs2)cc(NCC2COc3ccccc3C2)c1 1 c1cc(N=Nc2cccs2)cc(NCC2COc3ccccc3C2)c1 0.9407076 3.1993 1.0000000 1.0000 1.0000000 1.0000 []
 | 7.5248 47.5906 -47.5906 0.0000000 O=C(Nc1ccccc1N=Nc1ccccc1)c1ccccc1 1 O=C(Nc1ccccc1N=Nc1ccccc1)c1ccccc1 0.9919323 1.8654 1.0000000 1.0000 1.0000000 1.0000 []
 | 14.0297 50.5238 75.9910 0.9883966 O=C(NC1CCCC1)c1cccc(N=Nc2ccc(Cl)cc2)c1 1 O=C(NC1CCCC1)c1cccc(N=Nc2ccccc2)c1 0.9883966 2.1045 1.0000000 1.0000 1.0000000 1.0000 []
04:08:22 <INFO> Score: 0.72 Agent NLL: 12.69 Valid: 100% Step: 262
 | Agent Prior Target Score SMILES SMILES_state Scaffold SA SA (raw) Alerts Alerts (raw) PS_Scaffold PS_Scaffold (raw) matchting_patterns (Alerts)
 | 23.9133 60.5072 62.7008 0.9625630 O=C(C(=NNc1ccccn1)c1cccc(N=Nc2ccccn2)c1)N1CCC1 1 O=C(C(=NNc1ccccn1)c1cccc(N=Nc2ccccn2)c1)N1CCC1 0.9625630 2.8848 1.0000000 1.0000 1.0000000 1.0000 []
 | 20.6339 47.5681 75.2955 0.9598718 OCc1nc2cc(N=Nc3ccc(CNCC4OCCO4)cc3)ccc2[nH]1 1 c1nc2cc(N=Nc3ccc(CNCC4OCCO4)cc3)ccc2[nH]1 0.9598718 2.9319 1.0000000 1.0000 1.0000000 1.0000 []
 | 13.1219 41.4404 83.5657 0.9766104 O=C(c1ccc(N=Nc2ccccc2)cc1)N1CCN(CC(=O)N(CCN2CCOCC2)c2ccccc2)CC1 1 O=C(c1ccc(N=Nc2ccccc2)cc1)N1CCN(CC(=O)N(CCN2CCOCC2)c2ccccc2)CC1 0.9766104 2.5690 1.0000000 1.0000 1.0000000 1.0000 []
 | 11.9399 41.9080 83.9830 0.9835237 c1ccc(Cc2cccc(N=Nc3cccc(C4CCN(c5ccccc5)CC4)c3)c2)cc1 1 c1ccc(Cc2cccc(N=Nc3cccc(C4CCN(c5ccccc5)CC4)c3)c2)cc1 0.9835237 2.3361 1.0000000 1.0000 1.0000000 1.0000 []
 | 11.2727 35.6381 89.8944 0.9807221 Oc1ccc(N=Nc2ccccc2)cc1N1CCN(CCc2ccccn2)CC1 1 c1ccc(N=Nc2cccc(N3CCN(CCc4ccccn4)CC3)c2)cc1 0.9807221 2.4403 1.0000000 1.0000 1.0000000 1.0000 []
 | 9.7466 41.9256 -41.9256 0.0000000 c1ccc(N=Nc2cccc(-c3cccc4ccccc34)c2)cc1 1 c1ccc(N=Nc2cccc(-c3cccc4ccccc34)c2)cc1 0.9903480 1.9832 1.0000000 1.0000 1.0000000 1.0000 []
 | 14.5527 35.5647 88.7505 0.9712125 O=C(c1ccc(N2CCN(C(=O)c3ccccc3N=Nc3ccccc3)CC2)nc1)N(CCN1CCCC1)Cc1ccccc1 1 O=C(c1ccc(N2CCN(C(=O)c3ccccc3N=Nc3ccccc3)CC2)nc1)N(CCN1CCCC1)Cc1ccccc1 0.9712125 2.7078 1.0000000 1.0000 1.0000000 1.0000 []
 | 15.0856 29.9793 82.2413 0.8767241 O=C(c1ccccc1N=Nc1cccnc1)N1CC2CCCC2(C(=O)N2CCN(CCCO)CC2)C1 1 O=C(c1ccccc1N=Nc1cccnc1)N1CC2CCCC2(C(=O)N2CCNCC2)C1 0.8767241 3.7220 1.0000000 1.0000 1.0000000 1.0000 []
 | 21.7517 38.9517 84.8211 0.9669751 O=[N+]([O-])c1ccc(N=Nc2ccsc2)cc1CN1CCC1 1 c1cc(CN2CCC2)cc(N=Nc2ccsc2)c1 0.9669751 2.8001 1.0000000 1.0000 1.0000000 1.0000 []
 | 12.8725 34.8112 89.4208 0.9705628 Fc1ccc(N=Nc2ccccc2)cc1NCc1ncon1 1 c1ccc(N=Nc2cccc(NCc3ncon3)c2)cc1 0.9705628 2.7228 1.0000000 1.0000 1.0000000 1.0000 []
04:08:23 <INFO> Sampled SMILES [nH]1c(N=Nc2ccccc2Oc2ccccc2)cccc1C(=O)N1CCCCC1 failed to sanitize.
04:08:25 <INFO> Score: 0.82 Agent NLL: 13.85 Valid:  98% Step: 263
 | Agent Prior Target Score SMILES SMILES_state Scaffold SA SA (raw) Alerts Alerts (raw) PS_Scaffold PS_Scaffold (raw) matchting_patterns (Alerts)
 | 14.3294 43.6620 81.4708 0.9775999 O=C(NCCN1CCN(C(=O)c2ccccc2N=Nc2ccccc2)CC1)C1CCN(C(=O)Nc2ccccc2)CC1 1 O=C(NCCN1CCN(C(=O)c2ccccc2N=Nc2ccccc2)CC1)C1CCN(C(=O)Nc2ccccc2)CC1 0.9775999 2.5401 1.0000000 1.0000 1.0000000 1.0000 []
 | 16.5529 48.5061 77.7358 0.9862646 O=C(CNCCN1CCCCCC1)Nc1ccc(N=Nc2ccccc2)cc1 1 O=C(CNCCN1CCCCCC1)Nc1ccc(N=Nc2ccccc2)cc1 0.9862646 2.2158 1.0000000 1.0000 1.0000000 1.0000 []
 | 23.7646 37.2936 87.2334 0.9728673 CN(C)c1ccc(N(C)c2ccc(N=Nc3ccc(C#N)cc3)cc2)nc1 1 c1ccc(N=Nc2ccc(Nc3ccccn3)cc2)cc1 0.9728673 2.6682 1.0000000 1.0000 1.0000000 1.0000 []
 | 13.5576 38.9350 85.5593 0.9726120 O=C(NCCCN1CCN(C(=O)c2ccccc2N=Nc2cccnc2)CC1)c1ccc2sccc2c1 1 O=C(NCCCN1CCN(C(=O)c2ccccc2N=Nc2cccnc2)CC1)c1ccc2sccc2c1 0.9726120 2.6744 1.0000000 1.0000 1.0000000 1.0000 []
 | 11.8340 28.2494 95.5852 0.9674577 O=C(c1ccccc1N=Nc1ccccc1)N1CC(O)(C(=O)N2CCN(Cc3ccco3)CC2)C1 1 O=C(c1ccccc1N=Nc1ccccc1)N1CC(C(=O)N2CCN(Cc3ccco3)CC2)C1 0.9674577 2.7902 1.0000000 1.0000 1.0000000 1.0000 []
 | 14.2959 26.8833 93.4055 0.9397559 O=C(c1ccccc1N=Nc1cccc(O)c1)N1CCC(NC(=O)C2(C3CC3)CC2)C1 1 O=C(c1ccccc1N=Nc1ccccc1)N1CCC(NC(=O)C2(C3CC3)CC2)C1 0.9397559 3.2103 1.0000000 1.0000 1.0000000 1.0000 []
 | 10.3473 33.8675 -33.8675 0.0000000 Fc1ccc(N=Nc2ccccc2)cc1N1CCOCC1 1 c1ccc(N=Nc2cccc(N3CCOCC3)c2)cc1 0.9854245 2.2550 1.0000000 1.0000 1.0000000 1.0000 []
 | 10.2624 36.8008 86.0684 0.9599156 Fc1cccc(N=Nc2ccccc2)c1CN1CCN(CC2CCCO2)CC1 1 c1ccc(N=Nc2ccccc2CN2CCN(CC3CCCO3)CC2)cc1 0.9599156 2.9311 1.0000000 1.0000 1.0000000 1.0000 []
 | 14.4890 40.7074 70.2124 0.8665611 O=C(C1CC2(CC2)CN1C(=O)c1ccc(N=Nc2cccc(O)c2)cc1)N1CCN(c2cccc(O)c2)CC1 1 O=C(C1CC2(CC2)CN1C(=O)c1ccc(N=Nc2ccccc2)cc1)N1CCN(c2ccccc2)CC1 0.8665611 3.7812 1.0000000 1.0000 1.0000000 1.0000 []
 | 9.1742 38.9871 87.3458 0.9869758 O=C(c1ccccc1)N1CCN(c2cc(N=Nc3ccccc3)ccc2F)CC1 1 O=C(c1ccccc1)N1CCN(c2cccc(N=Nc3ccccc3)c2)CC1 0.9869758 2.1807 1.0000000 1.0000 1.0000000 1.0000 []
04:08:28 <INFO> Score: 0.79 Agent NLL: 12.76 Valid: 100% Step: 264
 | Agent Prior Target Score SMILES SMILES_state Scaffold SA SA (raw) Alerts Alerts (raw) PS_Scaffold PS_Scaffold (raw) matchting_patterns (Alerts)
 | 8.7030 45.7493 -45.7493 0.0000000 c1ccc(N=Nc2ccc(Oc3ccccc3-c3ccccc3)cc2)cc1 1 c1ccc(N=Nc2ccc(Oc3ccccc3-c3ccccc3)cc2)cc1 0.9907126 1.9579 1.0000000 1.0000 1.0000000 1.0000 []
 | 19.7095 46.2643 78.9696 0.9783897 O=C(NC1CCCCC1)c1cncc(Oc2ccc(N=Nc3ccncc3)cc2)c1 1 O=C(NC1CCCCC1)c1cncc(Oc2ccc(N=Nc3ccncc3)cc2)c1 0.9783897 2.5162 1.0000000 1.0000 1.0000000 1.0000 []
 | 15.9227 41.6351 77.9525 0.9342781 OCc1cccc(N=Nc2cccc(-c3ccc4c(c3)OCCC4O)c2)n1 1 c1ccc(N=Nc2cccc(-c3ccc4c(c3)OCCC4)c2)nc1 0.9342781 3.2709 1.0000000 1.0000 1.0000000 1.0000 []
 | 9.5298 33.7882 -33.7882 0.0000000 c1ccc(N=Nc2ccc(CN3CCN(Cc4ccccn4)CC3)cc2)cc1 1 c1ccc(N=Nc2ccc(CN3CCN(Cc4ccccn4)CC3)cc2)cc1 0.9873744 2.1602 1.0000000 1.0000 1.0000000 1.0000 []
 | 9.9843 31.6101 92.4557 0.9692647 O=C(C1=CCN(C(=O)c2ccccc2N=Nc2ccccc2)CC1)N1CCN(CCCN2CCCC2)CC1 1 O=C(C1=CCN(C(=O)c2ccccc2N=Nc2ccccc2)CC1)N1CCN(CCCN2CCCC2)CC1 0.9692647 2.7518 1.0000000 1.0000 1.0000000 1.0000 []
 | 12.9330 40.6804 76.0123 0.9116615 O=C1NCCN(C(=O)C2Cc3ccccc3CN2C(=O)c2ccccc2N=Nc2ccccc2)C1c1ccccc1 1 O=C1NCCN(C(=O)C2Cc3ccccc3CN2C(=O)c2ccccc2N=Nc2ccccc2)C1c1ccccc1 0.9116615 3.4795 1.0000000 1.0000 1.0000000 1.0000 []
 | 14.0270 43.4206 80.7944 0.9704297 c1cc(N=Nc2ccco2)cc(-c2ccc(NCCN3CCCC3)nc2)c1 1 c1cc(N=Nc2ccco2)cc(-c2ccc(NCCN3CCCC3)nc2)c1 0.9704297 2.7258 1.0000000 1.0000 1.0000000 1.0000 []
 | 10.5810 41.3367 85.3900 0.9900521 O=C(NCCOc1ccc(N=Nc2ccccc2)cc1)c1ccc(F)cc1 1 O=C(NCCOc1ccc(N=Nc2ccccc2)cc1)c1ccccc1 0.9900521 2.0031 1.0000000 1.0000 1.0000000 1.0000 []
 | 11.1155 40.4873 84.0040 0.9725880 O=C(c1ccccc1N=Nc1cccnc1)N1CCN(c2cccc(NC(=O)C3(c4ccccc4)CC3)c2)CC1 1 O=C(c1ccccc1N=Nc1cccnc1)N1CCN(c2cccc(NC(=O)C3(c4ccccc4)CC3)c2)CC1 0.9725880 2.6750 1.0000000 1.0000 1.0000000 1.0000 []
 | 9.7315 38.5822 -38.5822 0.0000000 O=C(c1ccccc1N=Nc1ccccc1)N1CC(=O)N(c2cccc(O)c2)C1 1 O=C(c1ccccc1N=Nc1ccccc1)N1CC(=O)N(c2ccccc2)C1 0.9766188 2.5687 1.0000000 1.0000 1.0000000 1.0000 []
04:09:26 <INFO> Score: 0.71 Agent NLL: 13.10 Valid:  99% Step: 265
 | Agent Prior Target Score SMILES SMILES_state Scaffold SA SA (raw) Alerts Alerts (raw) PS_Scaffold PS_Scaffold (raw) matchting_patterns (Alerts)
 | 11.1838 33.6883 90.9195 0.9734979 O=C(CN1CCN(C(=O)c2ccc(N=Nc3ccccc3)cc2)CC1)N(CC=Cc1ccccc1)CCCO 1 O=C(CN1CCN(C(=O)c2ccc(N=Nc3ccccc3)cc2)CC1)NCC=Cc1ccccc1 0.9734979 2.6524 1.0000000 1.0000 1.0000000 1.0000 []
 | 18.9052 35.9060 83.8404 0.9355190 O=C(c1ccccc1N=Nc1ccccc1)N1CCOCC1CCNC(=O)C1(c2ccc(F)cc2)CCC1 1 O=C(c1ccccc1N=Nc1ccccc1)N1CCOCC1CCNC(=O)C1(c2ccccc2)CCC1 0.9355190 3.2576 1.0000000 1.0000 1.0000000 1.0000 []
 | 18.3414 50.9409 75.0595 0.9843779 COc1ccc(N=Nc2ccc(F)c(NCc3ccc(CN4CCCCC4)cc3)c2)cc1 1 c1ccc(N=Nc2cccc(NCc3ccc(CN4CCCCC4)cc3)c2)cc1 0.9843779 2.3009 1.0000000 1.0000 1.0000000 1.0000 []
 | 14.7111 41.6588 84.7676 0.9877070 c1ccc(N=Nc2cccc(-c3cc(-c4ccccc4)nc4ccccc34)c2)cc1 1 c1ccc(N=Nc2cccc(-c3cc(-c4ccccc4)nc4ccccc34)c2)cc1 0.9877070 2.1425 1.0000000 1.0000 1.0000000 1.0000 []
 | 17.0107 36.4222 80.3328 0.9121481 O=C(c1ccccc1N=Nc1cccc(F)c1)N1CC(F)(C(=O)N2CCC(N3CCCC(O)C3)CC2)C1 1 O=C(c1ccccc1N=Nc1ccccc1)N1CC(C(=O)N2CCC(N3CCCCC3)CC2)C1 0.9121481 3.4755 1.0000000 1.0000 1.0000000 1.0000 []
 | 9.9257 38.7435 87.9368 0.9896892 c1ccc(N=Nc2ccc(OCCCN3CCC3)cc2)cc1 1 c1ccc(N=Nc2ccc(OCCCN3CCC3)cc2)cc1 0.9896892 2.0267 1.0000000 1.0000 1.0000000 1.0000 []
 | 13.1662 30.8205 92.8172 0.9659195 O=C(C1=CCN(C(=O)c2ccccc2N=Nc2ccccc2)CC1)N1CCc2sccc2C1 1 O=C(C1=CCN(C(=O)c2ccccc2N=Nc2ccccc2)CC1)N1CCc2sccc2C1 0.9659195 2.8213 1.0000000 1.0000 1.0000000 1.0000 []
 | 12.6578 34.9998 89.9517 0.9761830 O=C(CN1CCN(C(=O)c2ccccc2N=Nc2ccccc2)CC1)N1CCN(c2ccc(F)cc2)C(=O)C1 1 O=C(CN1CCN(C(=O)c2ccccc2N=Nc2ccccc2)CC1)N1CCN(c2ccccc2)C(=O)C1 0.9761830 2.5810 1.0000000 1.0000 1.0000000 1.0000 []
 | 18.0751 38.4710 71.0717 0.8558019 O=C(c1ccc(N=Nc2cccc(F)c2)cc1)N1CC2C(C1)C2NC(=O)C(F)(C(F)(F)F)C(F)(F)F 1 O=C(c1ccc(N=Nc2ccccc2)cc1)N1CC2CC2C1 0.8558019 3.8399 1.0000000 1.0000 1.0000000 1.0000 []
 | 6.5468 50.3397 -50.3397 0.0000000 COc1ccc(N=Nc2ccc(-c3ccccc3-c3ccccc3)cc2)cc1 1 c1ccc(N=Nc2ccc(-c3ccccc3-c3ccccc3)cc2)cc1 0.9911407 1.9269 1.0000000 1.0000 1.0000000 1.0000 []
04:09:26 <INFO> Sampled SMILES c1ccc(N=Nc2cccs2)cc1-c1cc(CCNCCOCCO)cc1-c1ccccc1 failed to sanitize.
04:09:28 <INFO> Score: 0.74 Agent NLL: 13.37 Valid:  98% Step: 266
 | Agent Prior Target Score SMILES SMILES_state Scaffold SA SA (raw) Alerts Alerts (raw) PS_Scaffold PS_Scaffold (raw) matchting_patterns (Alerts)
 | 20.9025 50.3156 72.4948 0.9594566 Fc1cccc(N=Nc2cnccn2)c1N1CCN(CC2CCOCC2)CC1 1 c1ccc(N2CCN(CC3CCOCC3)CC2)c(N=Nc2cnccn2)c1 0.9594566 2.9388 1.0000000 1.0000 1.0000000 1.0000 []
 | 6.7258 35.9298 -35.9298 0.0000000 Fc1ccc(Oc2ccc(N=Nc3ccccc3)cc2)cc1 1 c1ccc(N=Nc2ccc(Oc3ccccc3)cc2)cc1 0.9915805 1.8934 1.0000000 1.0000 1.0000000 1.0000 []
 | 8.1905 38.2607 86.3262 0.9733351 O=C(NCCCN1CCN(C(=O)c2ccccc2N=Nc2ccccc2)CC1)c1ccc(N=Nc2ccccc2)cc1 1 O=C(NCCCN1CCN(C(=O)c2ccccc2N=Nc2ccccc2)CC1)c1ccc(N=Nc2ccccc2)cc1 0.9733351 2.6565 1.0000000 1.0000 1.0000000 1.0000 []
 | 9.6209 33.8734 92.4680 0.9870422 Fc1cccc(N=Nc2cccc(CN3CCC3)c2)c1 1 c1ccc(N=Nc2cccc(CN3CCC3)c2)cc1 0.9870422 2.1773 1.0000000 1.0000 1.0000000 1.0000 []
 | 18.2472 61.7429 59.1625 0.9445738 O=C(Nc1cccc(OC2CN(C(=O)c3ccccc3N=Nc3ccc(O)cc3)C2)c1)C1CCCN1C(=O)c1ccccc1 1 O=C(Nc1cccc(OC2CN(C(=O)c3ccccc3N=Nc3ccccc3)C2)c1)C1CCCN1C(=O)c1ccccc1 0.9445738 3.1527 1.0000000 1.0000 1.0000000 1.0000 []
 | 13.2933 48.6929 76.5528 0.9784821 FC(F)(F)c1cccnc1N1CCN(Cc2ccc(N=Nc3cccc(Br)c3)cc2)CC1 1 c1ccc(N=Nc2ccc(CN3CCN(c4ccccn4)CC3)cc2)cc1 0.9784821 2.5134 1.0000000 1.0000 1.0000000 1.0000 []
 | 10.9320 24.9599 99.9478 0.9758410 O=C(C1=CCN(C(=O)c2ccc(N=Nc3ccccc3)cc2)C1)N1CCN(c2ccccc2)CC1 1 O=C(C1=CCN(C(=O)c2ccc(N=Nc3ccccc3)cc2)C1)N1CCN(c2ccccc2)CC1 0.9758410 2.5905 1.0000000 1.0000 1.0000000 1.0000 []
 | 9.8945 33.9046 -33.9046 0.0000000 c1ccc(N=Nc2ccc(-c3ccc4ccncc4c3)cc2)cc1 1 c1ccc(N=Nc2ccc(-c3ccc4ccncc4c3)cc2)cc1 0.9877394 2.1408 1.0000000 1.0000 1.0000000 1.0000 []
 | 15.7361 45.3421 80.3637 0.9820765 Fc1ccccc1N=Nc1cccc(CN2CCC(CN3CCC3)CC2)c1 1 c1ccc(N=Nc2cccc(CN3CCC(CN4CCC4)CC3)c2)cc1 0.9820765 2.3919 1.0000000 1.0000 1.0000000 1.0000 []
 | 8.1802 35.8719 -35.8719 0.0000000 Fc1ccccc1N=Nc1ccccc1 1 c1ccc(N=Nc2ccccc2)cc1 0.9901140 1.9990 1.0000000 1.0000 1.0000000 1.0000 []
04:09:30 <INFO> Score: 0.83 Agent NLL: 13.22 Valid: 100% Step: 267
 | Agent Prior Target Score SMILES SMILES_state Scaffold SA SA (raw) Alerts Alerts (raw) PS_Scaffold PS_Scaffold (raw) matchting_patterns (Alerts)
 | 12.0676 43.6750 82.2559 0.9838346 c1ccc(N=Nc2ccccc2NCc2ccnc(N3CCCCC3)c2)cc1 1 c1ccc(N=Nc2ccccc2NCc2ccnc(N3CCCCC3)c2)cc1 0.9838346 2.3235 1.0000000 1.0000 1.0000000 1.0000 []
 | 15.2180 30.3278 86.6625 0.9139869 O=C(c1ccccc1N=Nc1ccccc1)N1CCC(F)(C(=O)Nc2cccc3[nH]c(=O)oc23)C1 1 O=C(Nc1cccc2[nH]c(=O)oc12)C1CCN(C(=O)c2ccccc2N=Nc2ccccc2)C1 0.9139869 3.4604 1.0000000 1.0000 1.0000000 1.0000 []
 | 14.4574 43.1042 75.6628 0.9278666 O=C(c1ccccc1N=Nc1ccccc1)N1CCC2(CCC(C(=O)N3CCN(c4ccc(F)cn4)CC3)CC2)C1 1 O=C(c1ccccc1N=Nc1ccccc1)N1CCC2(CCC(C(=O)N3CCN(c4ccccn4)CC3)CC2)C1 0.9278666 3.3360 1.0000000 1.0000 1.0000000 1.0000 []
 | 10.9939 33.6485 91.9693 0.9813891 Fc1ccc(N=Nc2ccccc2)cc1CN1CCN(CCN2CCOCC2)CC1 1 c1ccc(N=Nc2cccc(CN3CCN(CCN4CCOCC4)CC3)c2)cc1 0.9813891 2.4169 1.0000000 1.0000 1.0000000 1.0000 []
 | 8.8506 33.0665 93.0538 0.9853152 c1ccc(N=Nc2cccc(-n3cccc3)c2)cc1 1 c1ccc(N=Nc2cccc(-n3cccc3)c2)cc1 0.9853152 2.2599 1.0000000 1.0000 1.0000000 1.0000 []
 | 10.7679 48.3982 77.4473 0.9831678 COc1ccc(N=Nc2cccc(CN3CCCN(CCCN4CCCC4)CC3)c2)cc1 1 c1ccc(N=Nc2cccc(CN3CCCN(CCCN4CCCC4)CC3)c2)cc1 0.9831678 2.3503 1.0000000 1.0000 1.0000000 1.0000 []
 | 13.1008 40.6956 85.3381 0.9846381 Fc1ccccc1N=Nc1ccc(Cl)c(CN2CCN(Cc3ccccc3)CC2)c1 1 c1ccc(CN2CCN(Cc3cccc(N=Nc4ccccc4)c3)CC2)cc1 0.9846381 2.2898 1.0000000 1.0000 1.0000000 1.0000 []
 | 9.5019 49.0404 -49.0404 0.0000000 c1ccc(-c2cccc(N=Nc3cccc(CN4CCN(CC5CCC5)CC4)c3)c2)cc1 1 c1ccc(-c2cccc(N=Nc3cccc(CN4CCN(CC5CCC5)CC4)c3)c2)cc1 0.9836790 2.3298 1.0000000 1.0000 1.0000000 1.0000 []
 | 10.4054 38.9780 84.7091 0.9663056 c1cc(CN2Cc3cccnc3C2)cc(N=Nc2cccs2)c1 1 c1cc(CN2Cc3cccnc3C2)cc(N=Nc2cccs2)c1 0.9663056 2.8137 1.0000000 1.0000 1.0000000 1.0000 []
 | 13.1361 29.4301 90.3563 0.9358313 O=C(c1ccccc1N=Nc1ccccc1)N1CCC(CNC(=O)C2(C(F)(F)F)CCCC2)C1 1 O=C(NCC1CCN(C(=O)c2ccccc2N=Nc2ccccc2)C1)C1CCCC1 0.9358313 3.2542 1.0000000 1.0000 1.0000000 1.0000 []
04:09:33 <INFO> Score: 0.78 Agent NLL: 13.53 Valid:  99% Step: 268
 | Agent Prior Target Score SMILES SMILES_state Scaffold SA SA (raw) Alerts Alerts (raw) PS_Scaffold PS_Scaffold (raw) matchting_patterns (Alerts)
 | 11.2938 42.5767 83.3856 0.9840799 c1ccc(N=Nc2ccccc2NCc2coc(-c3ccccc3)n2)cc1 1 c1ccc(N=Nc2ccccc2NCc2coc(-c3ccccc3)n2)cc1 0.9840799 2.3134 1.0000000 1.0000 1.0000000 1.0000 []
 | 10.9931 51.4905 73.7619 0.9785343 c1ccc(N2CCCN(Cc3cccc(N=Nc4ccccc4CN4CCCC4)c3)CC2)nc1 1 c1ccc(N2CCCN(Cc3cccc(N=Nc4ccccc4CN4CCCC4)c3)CC2)nc1 0.9785343 2.5118 1.0000000 1.0000 1.0000000 1.0000 []
 | 14.2737 50.2146 75.3654 0.9810937 Cc1[nH]ncc1Cc1ccc(N=Nc2ccc3ccccc3c2)cc1 1 c1ccc2cc(N=Nc3ccc(Cc4cn[nH]c4)cc3)ccc2c1 0.9810937 2.4273 1.0000000 1.0000 1.0000000 1.0000 []
 | 18.7393 38.2670 86.8407 0.9774037 OC1CCN(CCc2noc(-c3ccc(N=Nc4ccc(F)cc4)cc3)n2)CC1 1 c1ccc(N=Nc2ccc(-c3nc(CCN4CCCCC4)no3)cc2)cc1 0.9774037 2.5459 1.0000000 1.0000 1.0000000 1.0000 []
 | 12.0960 35.8390 90.3790 0.9860779 c1ccc(Oc2ccc(N=Nc3ccc(-n4ccnc4)cc3)cc2)cc1 1 c1ccc(Oc2ccc(N=Nc3ccc(-n4ccnc4)cc3)cc2)cc1 0.9860779 2.2247 1.0000000 1.0000 1.0000000 1.0000 []
 | 14.0657 38.9688 85.9634 0.9760330 c1cncc(N=Nc2cccc(NCC3CCN(C4CCCCC4)CC3)c2)c1 1 c1cncc(N=Nc2cccc(NCC3CCN(C4CCCCC4)CC3)c2)c1 0.9760330 2.5852 1.0000000 1.0000 1.0000000 1.0000 []
 | 13.3829 34.2511 72.1313 0.8311129 O=C(CC1CC2(C1)CN(C(=O)c1ccccc1N=Nc1ccc(O)cc1)C2)N(Cc1ccco1)CC1CCCO1 1 O=C(CC1CC2(C1)CN(C(=O)c1ccccc1N=Nc1ccccc1)C2)N(Cc1ccco1)CC1CCCO1 0.8311129 3.9619 1.0000000 1.0000 1.0000000 1.0000 []
 | 19.2271 44.1112 80.7381 0.9753848 Fc1ccc(N=Nc2cccc(C(F)(F)F)c2)cc1CNCc1ccc(Cl)cn1 1 c1ccc(N=Nc2cccc(CNCc3ccccn3)c2)cc1 0.9753848 2.6030 1.0000000 1.0000 1.0000000 1.0000 []
 | 21.5047 65.8750 57.9973 0.9677525 c1ccc(N=NCCc2ccc(-c3ccc(N=Nc4ccc(-c5ccco5)nc4)cc3)cc2)cc1 1 c1ccc(N=NCCc2ccc(-c3ccc(N=Nc4ccc(-c5ccco5)nc4)cc3)cc2)cc1 0.9677525 2.7841 1.0000000 1.0000 1.0000000 1.0000 []
 | 18.1788 32.2813 90.3703 0.9582156 O=C(c1ccc(N=Nc2ccc(OC(F)F)cc2)cc1)N1CC(O)(C(=O)N2CCC(F)CC2)C1 1 O=C(c1ccc(N=Nc2ccccc2)cc1)N1CC(C(=O)N2CCCCC2)C1 0.9582156 2.9593 1.0000000 1.0000 1.0000000 1.0000 []
04:09:34 <INFO> Sampled SMILES c1ccc(N=Nc2ccccc2)cc1-c1cc(OCCNC2CC2)cc1CNC(=O)C1CCCCC1 failed to sanitize.
04:09:36 <INFO> Score: 0.84 Agent NLL: 13.77 Valid:  99% Step: 269
 | Agent Prior Target Score SMILES SMILES_state Scaffold SA SA (raw) Alerts Alerts (raw) PS_Scaffold PS_Scaffold (raw) matchting_patterns (Alerts)
 | 14.0258 45.7830 78.1052 0.9678768 O=C(c1csc(N2CCN(C(=O)c3ccccc3N=Nc3ccccc3)CC2)n1)N1Cc2cccc(F)c2C1 1 O=C(c1csc(N2CCN(C(=O)c3ccccc3N=Nc3ccccc3)CC2)n1)N1Cc2ccccc2C1 0.9678768 2.7815 1.0000000 1.0000 1.0000000 1.0000 []
 | 19.1461 71.9776 52.8805 0.9754535 COc1cccnc1N=Nc1cccc(N2CCCN(c3ccc([N+](=O)[O-])cc3)CC2)c1 1 c1ccc(N2CCCN(c3cccc(N=Nc4ccccn4)c3)CC2)cc1 0.9754535 2.6012 1.0000000 1.0000 1.0000000 1.0000 []
 | 10.2873 41.7198 83.8356 0.9809009 c1cncc(N=Nc2cccc(N3CCN(CCN4CCCC4)CC3)c2)c1 1 c1cncc(N=Nc2cccc(N3CCN(CCN4CCCC4)CC3)c2)c1 0.9809009 2.4341 1.0000000 1.0000 1.0000000 1.0000 []
 | 11.2441 39.5444 -39.5444 0.0000000 Fc1ccc(N=Nc2cccc(-c3ccccc3)c2)cc1 1 c1ccc(N=Nc2cccc(-c3ccccc3)c2)cc1 0.9913102 1.9142 1.0000000 1.0000 1.0000000 1.0000 []
 | 15.6511 53.3778 73.0408 0.9876450 Cc1cnccc1N=Nc1ccc(-c2ccc(-c3ccccc3)cc2)cc1 1 c1ccc(-c2ccc(-c3ccc(N=Nc4ccncc4)cc3)cc2)cc1 0.9876450 2.1459 1.0000000 1.0000 1.0000000 1.0000 []
 | 12.6486 31.4011 91.1376 0.9573337 O=C(c1ccccc1N=Nc1ccc(O)cc1)N1CC(F)(C(=O)N2CCN(c3cccc4cnccc34)CC2)C1 1 O=C(c1ccccc1N=Nc1ccccc1)N1CC(C(=O)N2CCN(c3cccc4cnccc34)CC2)C1 0.9573337 2.9735 1.0000000 1.0000 1.0000000 1.0000 []
 | 10.9723 43.7441 82.0924 0.9830977 c1ccc(-c2cccc(N=Nc3cccc(CN4CCN(Cc5ccco5)CC4)c3)c2)cc1 1 c1ccc(-c2cccc(N=Nc3cccc(CN4CCN(Cc5ccco5)CC4)c3)c2)cc1 0.9830977 2.3530 1.0000000 1.0000 1.0000000 1.0000 []
 | 23.7668 50.7093 73.6121 0.9712609 CCN1Cc2cc(-c3ccc(N=Nc4ccc(C)nc4)cc3OC)ccc2C1=O 1 O=C1NCc2cc(-c3ccc(N=Nc4cccnc4)cc3)ccc21 0.9712609 2.7067 1.0000000 1.0000 1.0000000 1.0000 []
 | 10.1692 32.7240 93.1851 0.9836653 Fc1ccc(N=Nc2ccc(CN3CCN(CCCN4CCOCC4)CC3)cc2)cc1 1 c1ccc(N=Nc2ccc(CN3CCN(CCCN4CCOCC4)CC3)cc2)cc1 0.9836653 2.3304 1.0000000 1.0000 1.0000000 1.0000 []
 | 12.9186 38.9526 87.6046 0.9887285 COc1ccc(N=Nc2ccccc2)cc1NC(=O)C1CC1 1 O=C(Nc1cccc(N=Nc2ccccc2)c1)C1CC1 0.9887285 2.0854 1.0000000 1.0000 1.0000000 1.0000 []
04:10:29 <INFO> Score: 0.85 Agent NLL: 14.14 Valid: 100% Step: 270
 | Agent Prior Target Score SMILES SMILES_state Scaffold SA SA (raw) Alerts Alerts (raw) PS_Scaffold PS_Scaffold (raw) matchting_patterns (Alerts)
 | 11.0561 36.7786 89.6463 0.9876946 c1ccc(N=Nc2ccc(OCCc3c[nH]c4ccccc34)cc2)cc1 1 c1ccc(N=Nc2ccc(OCCc3c[nH]c4ccccc34)cc2)cc1 0.9876946 2.1432 1.0000000 1.0000 1.0000000 1.0000 []
 | 19.3888 49.3064 73.3292 0.9580908 OCc1ccc(-c2cn(CNc3cccc(N=Nc4cccs4)c3)nn2)cc1 1 c1ccc(-c2cn(CNc3cccc(N=Nc4cccs4)c3)nn2)cc1 0.9580908 2.9614 1.0000000 1.0000 1.0000000 1.0000 []
 | 16.8656 58.8699 64.8966 0.9669253 Oc1ccc(N=Nc2ccccc2-c2cccc(N=Nc3ncnc4ccccc34)c2)cc1 1 c1ccc(N=Nc2ccccc2-c2cccc(N=Nc3ncnc4ccccc34)c2)cc1 0.9669253 2.8012 1.0000000 1.0000 1.0000000 1.0000 []
 | 12.0653 30.3357 79.0058 0.8542309 O=C(c1ccccc1N=Nc1cccnc1)N1CC2C(C1)C2NC(=O)C1(N2CCCC2)CCCCC1 1 O=C(c1ccccc1N=Nc1cccnc1)N1CC2C(C1)C2NC(=O)C1(N2CCCC2)CCCCC1 0.8542309 3.8481 1.0000000 1.0000 1.0000000 1.0000 []
 | 13.6639 53.0412 69.5639 0.9578519 CCCN1CCC(N2CCN(c3cccc(N=Nc4ccccc4F)c3)CC2)C1 1 c1ccc(N=Nc2cccc(N3CCN(C4CCNC4)CC3)c2)cc1 0.9578519 2.9652 1.0000000 1.0000 1.0000000 1.0000 []
 | 12.0554 45.8142 77.7857 0.9656241 O=C(COC1CN(C(=O)c2ccccc2N=Nc2ccc(O)cc2)C1)N1CCN(c2ccccc2C(F)(F)F)CC1 1 O=C(COC1CN(C(=O)c2ccccc2N=Nc2ccccc2)C1)N1CCN(c2ccccc2)CC1 0.9656241 2.8272 1.0000000 1.0000 1.0000000 1.0000 []
 | 20.4611 47.9341 77.7836 0.9821689 Fc1ccc(N=Nc2cccnc2)cc1NCCc1ccccc1-c1ccccc1 1 c1ccc(-c2ccccc2CCNc2cccc(N=Nc3cccnc3)c2)cc1 0.9821689 2.3885 1.0000000 1.0000 1.0000000 1.0000 []
 | 7.1514 39.7229 -39.7229 0.0000000 Fc1ccc(N=Nc2ccc(-c3ccccc3-c3ccccc3)cc2)cc1 1 c1ccc(N=Nc2ccc(-c3ccccc3-c3ccccc3)cc2)cc1 0.9918324 1.8735 1.0000000 1.0000 1.0000000 1.0000 []
 | 11.1305 36.7035 -36.7035 0.0000000 O=[N+]([O-])c1cccc(N=Nc2cccc(C(F)(F)F)n2)c1 1 c1ccc(N=Nc2ccccn2)cc1 0.9719362 2.6908 1.0000000 1.0000 1.0000000 1.0000 []
 | 12.9132 35.4879 90.0416 0.9806992 Clc1ccc(N=Nc2cccc(-c3ncc[nH]3)c2)cc1 1 c1ccc(N=Nc2cccc(-c3ncc[nH]3)c2)cc1 0.9806992 2.4411 1.0000000 1.0000 1.0000000 1.0000 []
04:10:29 <INFO> Sampled SMILES c1ccc(N=Nc2ccccc2)cc1-c1cc(CN2CCN(CCO)CC2)cc1 failed to sanitize.
04:10:30 <INFO> Score: 0.74 Agent NLL: 14.36 Valid:  95% Step: 271
 | Agent Prior Target Score SMILES SMILES_state Scaffold SA SA (raw) Alerts Alerts (raw) PS_Scaffold PS_Scaffold (raw) matchting_patterns (Alerts)
 | 13.5216 41.6266 83.4070 0.9768252 O=C(NCCN1CCN(C(=O)c2ccccc2N=Nc2ccc(O)cc2)CC1)c1cc2ccccc2cc1Cl 1 O=C(NCCN1CCN(C(=O)c2ccccc2N=Nc2ccccc2)CC1)c1ccc2ccccc2c1 0.9768252 2.5628 1.0000000 1.0000 1.0000000 1.0000 []
 | 9.0865 35.9951 -35.9951 0.0000000 Fc1ccc(N=Nc2ccccc2)cc1N1CCN(CCCN2CCOCC2)CC1 1 c1ccc(N=Nc2cccc(N3CCN(CCCN4CCOCC4)CC3)c2)cc1 0.9810964 2.4272 1.0000000 1.0000 1.0000000 1.0000 []
 | 9.9295 25.3871 100.1246 0.9805599 O=C(c1ccccc1N=Nc1ccccc1)N1CCN(c2nccc(Cl)n2)CC1 1 O=C(c1ccccc1N=Nc1ccccc1)N1CCN(c2ncccn2)CC1 0.9805599 2.4458 1.0000000 1.0000 1.0000000 1.0000 []
 | 13.2209 48.4098 76.7548 0.9778486 OCCN1CCN(c2cc(Nc3ccc(N=Nc4cccc(F)c4)cc3)ccn2)CC1 1 c1ccc(N=Nc2ccc(Nc3ccnc(N4CCNCC4)c3)cc2)cc1 0.9778486 2.5327 1.0000000 1.0000 1.0000000 1.0000 []
 | 13.3656 28.3407 94.4048 0.9589494 O=C(c1ccccc1N=Nc1ccccc1)N1CCC(F)(C(=O)NCc2cnco2)CC1 1 O=C(NCc1cnco1)C1CCN(C(=O)c2ccccc2N=Nc2ccccc2)CC1 0.9589494 2.9473 1.0000000 1.0000 1.0000000 1.0000 []
 | 14.1564 40.4740 -40.4740 0.0000000 Fc1cccc(N=Nc2ccccc2)c1CNc1cccc(-c2cnco2)c1 1 c1ccc(N=Nc2ccccc2CNc2cccc(-c3cnco3)c2)cc1 0.9750659 2.6116 1.0000000 1.0000 1.0000000 1.0000 []
 | 11.6147 58.5224 67.6845 0.9859912 COc1ccc(N=Nc2cccc(NC(=O)c3ccccc3)c2)nc1 1 O=C(Nc1cccc(N=Nc2ccccn2)c1)c1ccccc1 0.9859912 2.2288 1.0000000 1.0000 1.0000000 1.0000 []
 | 24.7155 66.1111 -66.1111 0.0000000 c1ccc(N=Nc2ccc(-c3ccccc3)cc2)cc1-c1c(C2CCOCC2)cccc1n1CC1CCCO1 0 -- 0.0000000 0.0000 0.0000000 0.0000 0.0000000 0.0000 None
 | 22.0428 21.6720 -21.6720 0.0000000 Cc1ccc(CN(C(=O)c2cc3ccn(C)c3cc2Cl)C2CC2)cc1C 1 O=C(c1ccc2[nH]ccc2c1)N(Cc1ccccc1)C1CC1 0.0000000 0.0000 1.0000000 1.0000 0.0000000 0.0000 []
 | 16.6804 46.9776 76.3136 0.9632123 FC(F)(F)c1cccc(CNCc2cccc(N=Nc3cccc(C(F)(F)F)n3)c2)n1 1 c1ccc(CNCc2cccc(N=Nc3ccccn3)c2)nc1 0.9632123 2.8730 1.0000000 1.0000 1.0000000 1.0000 []
04:10:31 <INFO> Sampled SMILES O=C(c1ccccc1N=Nc1cccnc1)N1CCN(Cc2cccc(Oc3ccccc3)cc2)CC1 failed to sanitize.
04:10:31 <INFO> Sampled SMILES Cc1cccc(N=Nc2ccccc2C(=O)NCCNC(=O)c2cccn(C)c2)c1 failed to sanitize.
04:10:31 <INFO> Sampled SMILES c1ccc(N=Nc2ccccc2)cc1-c1ccc2ccccc2nc1 failed to sanitize.
04:10:33 <INFO> Score: 0.74 Agent NLL: 13.19 Valid:  95% Step: 272
 | Agent Prior Target Score SMILES SMILES_state Scaffold SA SA (raw) Alerts Alerts (raw) PS_Scaffold PS_Scaffold (raw) matchting_patterns (Alerts)
 | 15.3658 39.6533 78.3372 0.9218004 O=C(c1ccc(N=Nc2ccccc2)cc1)N1CCC(N2CC(C(=O)N3CCN(CCC4OCCO4)CC3)CC2=O)CC1 1 O=C(c1ccc(N=Nc2ccccc2)cc1)N1CCC(N2CC(C(=O)N3CCN(CCC4OCCO4)CC3)CC2=O)CC1 0.9218004 3.3929 1.0000000 1.0000 1.0000000 1.0000 []
 | 15.9652 40.8590 77.3907 0.9238252 O=C(c1ccccc1N=Nc1cc(F)ccc1F)N1CCCN(C(C(=O)N2CC=CCC2)c2ccccc2)CC1 1 O=C(c1ccccc1N=Nc1ccccc1)N1CCCN(C(C(=O)N2CC=CCC2)c2ccccc2)CC1 0.9238252 3.3743 1.0000000 1.0000 1.0000000 1.0000 []
 | 8.7909 37.8600 -37.8600 0.0000000 c1ccc(N=Nc2ccc(-c3ccc(Nc4ccccc4)cc3)cc2)cc1 1 c1ccc(N=Nc2ccc(-c3ccc(Nc4ccccc4)cc3)cc2)cc1 0.9925081 1.8168 1.0000000 1.0000 1.0000000 1.0000 []
 | 10.1485 29.4560 95.7436 0.9781214 O=C(CN1CCN(C(=O)c2ccccc2N=Nc2ccccc2)CC1)N(Cc1ccccc1)Cc1ccncc1 1 O=C(CN1CCN(C(=O)c2ccccc2N=Nc2ccccc2)CC1)N(Cc1ccccc1)Cc1ccncc1 0.9781214 2.5244 1.0000000 1.0000 1.0000000 1.0000 []
 | 13.8233 38.3562 86.1870 0.9729936 O=C(c1ccc(CN2CCN(C(=O)c3ccccc3N=Nc3cccnc3)CC2)cc1)N1CCC(CCO)CC1 1 O=C(c1ccc(CN2CCN(C(=O)c3ccccc3N=Nc3cccnc3)CC2)cc1)N1CCCCC1 0.9729936 2.6650 1.0000000 1.0000 1.0000000 1.0000 []
 | 6.0887 44.3811 -44.3811 0.0000000 O=C(Nc1ccccc1)c1ccc(N=Nc2ccccc2)cc1 1 O=C(Nc1ccccc1)c1ccc(N=Nc2ccccc2)cc1 0.9928619 1.7850 1.0000000 1.0000 1.0000000 1.0000 []
 | 14.1558 46.0534 80.0226 0.9849682 O=C(c1cccc(N=Nc2cccc(F)c2)c1)N1CCc2ccccc2C1 1 O=C(c1cccc(N=Nc2ccccc2)c1)N1CCc2ccccc2C1 0.9849682 2.2754 1.0000000 1.0000 1.0000000 1.0000 []
 | 9.3369 34.5662 -34.5662 0.0000000 O=C(CN1CCN(C(=O)c2ccccc2N=Nc2ccccc2)CC1)N(Cc1ccccc1)Cc1ccco1 1 O=C(CN1CCN(C(=O)c2ccccc2N=Nc2ccccc2)CC1)N(Cc1ccccc1)Cc1ccco1 0.9780815 2.5257 1.0000000 1.0000 1.0000000 1.0000 []
 | 14.4324 41.9696 77.3195 0.9319460 O=C(c1ccccc1N=Nc1ccccc1)N1CC(C(=O)N2CCCN(c3ccccc3)CC2)C(c2ccccc2)C1 1 O=C(c1ccccc1N=Nc1ccccc1)N1CC(C(=O)N2CCCN(c3ccccc3)CC2)C(c2ccccc2)C1 0.9319460 3.2952 1.0000000 1.0000 1.0000000 1.0000 []
 | 11.3626 42.4792 82.7580 0.9784151 O=C(CN1CCN(C(=O)c2ccccc2N=Nc2ccccc2)CC1)N1CCCN(Cc2ccccc2Cl)CC1 1 O=C(CN1CCN(C(=O)c2ccccc2N=Nc2ccccc2)CC1)N1CCCN(Cc2ccccc2)CC1 0.9784151 2.5154 1.0000000 1.0000 1.0000000 1.0000 []
04:10:34 <INFO> Sampled SMILES O=c1cc(N=Nc2ccccn2)ccc1-c1ccc2c(c1)CNCC2 failed to sanitize.
04:10:36 <INFO> Score: 0.76 Agent NLL: 13.25 Valid:  99% Step: 273
 | Agent Prior Target Score SMILES SMILES_state Scaffold SA SA (raw) Alerts Alerts (raw) PS_Scaffold PS_Scaffold (raw) matchting_patterns (Alerts)
 | 20.7439 47.5128 -47.5128 0.0000000 O=c1cc(N=Nc2ccccn2)ccc1-c1ccc2c(c1)CNCC2 0 -- 0.0000000 0.0000 0.0000000 0.0000 0.0000000 0.0000 None
 | 10.5443 44.6234 -44.6234 0.0000000 O=C(Nc1ccccc1)Nc1ccc(N=Nc2ccc(Br)cc2)cc1 1 O=C(Nc1ccccc1)Nc1ccc(N=Nc2ccccc2)cc1 0.9903426 1.9836 1.0000000 1.0000 1.0000000 1.0000 []
 | 12.8310 45.0581 80.6630 0.9821958 c1ccc(Oc2cccc(N=Nc3cccc(CN4CCN(Cc5ccccn5)CC4)c3)c2)cc1 1 c1ccc(Oc2cccc(N=Nc3cccc(CN4CCN(Cc5ccccn5)CC4)c3)c2)cc1 0.9821958 2.3875 1.0000000 1.0000 1.0000000 1.0000 []
 | 11.2024 60.1331 63.9391 0.9693143 O=[N+](c1cccc(N=Nc2ccccc2)c1)c1ccccc1N=Nc1ccccc1 1 O=[N+](c1cccc(N=Nc2ccccc2)c1)c1ccccc1N=Nc1ccccc1 0.9693143 2.7507 1.0000000 1.0000 1.0000000 1.0000 []
 | 14.3045 38.0319 86.8084 0.9753150 c1cncc(N=Nc2cccc(NCc3csc(-c4ccncc4)n3)c2)c1 1 c1cncc(N=Nc2cccc(NCc3csc(-c4ccncc4)n3)c2)c1 0.9753150 2.6049 1.0000000 1.0000 1.0000000 1.0000 []
 | 12.5040 31.4731 92.1197 0.9655693 O=C(c1ccccc1N=Nc1ccc(O)cc1)N1CC(F)(C(=O)N2CCN(CCCOc3ccccc3)CC2)C1 1 O=C(c1ccccc1N=Nc1ccccc1)N1CC(C(=O)N2CCN(CCCOc3ccccc3)CC2)C1 0.9655693 2.8282 1.0000000 1.0000 1.0000000 1.0000 []
 | 13.5174 29.0697 95.7452 0.9751171 O=C(c1ccccc1N=Nc1cccnc1)N1CCCN(S(=O)(=O)N2CCCC2)CC1 1 O=C(c1ccccc1N=Nc1cccnc1)N1CCCN(S(=O)(=O)N2CCCC2)CC1 0.9751171 2.6103 1.0000000 1.0000 1.0000000 1.0000 []
 | 9.0647 39.1282 -39.1282 0.0000000 O=C(c1ccccc1N=Nc1ccncc1)N1CC(F)(C(=O)Nc2ccc(N=Nc3ccccc3)cc2)C1 1 O=C(Nc1ccc(N=Nc2ccccc2)cc1)C1CN(C(=O)c2ccccc2N=Nc2ccncc2)C1 0.9545462 3.0167 1.0000000 1.0000 1.0000000 1.0000 []
 | 17.4610 33.3342 78.3399 0.8724533 Fc1cc(N=Nc2ccccc2)ccc1N1CCN(C2CN3CCC2CC3)CC1 1 c1ccc(N=Nc2ccc(N3CCN(C4CN5CCC4CC5)CC3)cc2)cc1 0.8724533 3.7474 1.0000000 1.0000 1.0000000 1.0000 []
 | 11.5425 33.9263 92.7966 0.9900232 c1ccc(N=Nc2ccc(-c3ccc4ccccc4n3)cc2)cc1 1 c1ccc(N=Nc2ccc(-c3ccc4ccccc4n3)cc2)cc1 0.9900232 2.0050 1.0000000 1.0000 1.0000000 1.0000 []
04:10:40 <INFO> Score: 0.77 Agent NLL: 13.17 Valid: 100% Step: 274
 | Agent Prior Target Score SMILES SMILES_state Scaffold SA SA (raw) Alerts Alerts (raw) PS_Scaffold PS_Scaffold (raw) matchting_patterns (Alerts)
 | 9.8605 28.2501 88.6054 0.9129335 O=C(c1ccccc1N=Nc1ccccc1)N1CC2C(C1)C2C(=O)N1CCN(CCCN2CCCC2)CC1 1 O=C(c1ccccc1N=Nc1ccccc1)N1CC2C(C1)C2C(=O)N1CCN(CCCN2CCCC2)CC1 0.9129335 3.4691 1.0000000 1.0000 1.0000000 1.0000 []
 | 10.8094 37.3863 87.1137 0.9726564 O=C(c1ccccc1N=Nc1ccccc1)N1CCN(c2nc(C(=O)N(Cc3ccccc3)C3CC3)cs2)CC1 1 O=C(c1ccccc1N=Nc1ccccc1)N1CCN(c2nc(C(=O)N(Cc3ccccc3)C3CC3)cs2)CC1 0.9726564 2.6733 1.0000000 1.0000 1.0000000 1.0000 []
 | 12.6940 43.5501 82.0556 0.9812950 c1ccc(CN(Cc2cccc(N=Nc3cccnc3)c2)Cc2ccco2)cc1 1 c1ccc(CN(Cc2cccc(N=Nc3cccnc3)c2)Cc2ccco2)cc1 0.9812950 2.4202 1.0000000 1.0000 1.0000000 1.0000 []
 | 9.7844 51.3819 75.7097 0.9929035 c1ccc(Oc2ccc(N=Nc3ccc(-c4ccc(-c5ccccc5)cc4)cc3)cc2)cc1 1 c1ccc(Oc2ccc(N=Nc3ccc(-c4ccc(-c5ccccc5)cc4)cc3)cc2)cc1 0.9929035 1.7812 1.0000000 1.0000 1.0000000 1.0000 []
 | 18.8961 30.9327 88.8104 0.9354929 O=C(c1ccc(N=Nc2ccc(O)cc2)cc1)N1CCOC(C(=O)N2CCN(S(=O)(=O)N3CCCC3)CC2)C1 1 O=C(c1ccc(N=Nc2ccccc2)cc1)N1CCOC(C(=O)N2CCN(S(=O)(=O)N3CCCC3)CC2)C1 0.9354929 3.2579 1.0000000 1.0000 1.0000000 1.0000 []
 | 16.9122 48.9892 75.7925 0.9748574 O=C(c1ccccc1)N1CCC(c2c(F)cccc2N=Nc2ccc(N3CCC(O)CC3)cc2)CC1 1 O=C(c1ccccc1)N1CCC(c2ccccc2N=Nc2ccc(N3CCCCC3)cc2)CC1 0.9748574 2.6172 1.0000000 1.0000 1.0000000 1.0000 []
 | 10.1552 43.3574 -43.3574 0.0000000 O=C(Nc1ccccc1)Nc1ccc(N=Nc2cccc(C(F)(F)F)c2)cc1 1 O=C(Nc1ccccc1)Nc1ccc(N=Nc2ccccc2)cc1 0.9878052 2.1373 1.0000000 1.0000 1.0000000 1.0000 []
 | 8.9296 37.8600 -37.8600 0.0000000 c1ccc(N=Nc2ccc(-c3ccc(Nc4ccccc4)cc3)cc2)cc1 1 c1ccc(N=Nc2ccc(-c3ccc(Nc4ccccc4)cc3)cc2)cc1 0.9925081 1.8168 1.0000000 1.0000 1.0000000 1.0000 []
 | 12.2424 28.8248 -28.8248 0.0000000 O=C(c1ccccc1N=Nc1ccccc1)N1CC(F)(C(=O)Nc2cc(F)ccc2OC(F)F)C1 1 O=C(Nc1ccccc1)C1CN(C(=O)c2ccccc2N=Nc2ccccc2)C1 0.9649808 2.8397 1.0000000 1.0000 1.0000000 1.0000 []
 | 14.6818 45.1667 81.1123 0.9865553 FC(F)(F)c1cccc(N=Nc2ccc(Oc3cccc(-c4ccccc4)c3)cc2)c1 1 c1ccc(N=Nc2ccc(Oc3cccc(-c4ccccc4)c3)cc2)cc1 0.9865553 2.2016 1.0000000 1.0000 1.0000000 1.0000 []
04:10:43 <INFO> Score: 0.83 Agent NLL: 13.64 Valid: 100% Step: 275
 | Agent Prior Target Score SMILES SMILES_state Scaffold SA SA (raw) Alerts Alerts (raw) PS_Scaffold PS_Scaffold (raw) matchting_patterns (Alerts)
 | 15.8150 62.7694 61.7787 0.9730315 COc1cccc(N=Nc2cccc(N3CCN(CCS(=O)(=O)c4ccccc4)CC3)c2)n1 1 O=S(=O)(CCN1CCN(c2cccc(N=Nc3ccccn3)c2)CC1)c1ccccc1 0.9730315 2.6641 1.0000000 1.0000 1.0000000 1.0000 []
 | 13.4104 48.0134 78.3672 0.9873483 O=C(CN1CCCCCC1)Nc1ccc(Nc2ccc(N=Nc3ccccc3)cc2)cc1 1 O=C(CN1CCCCCC1)Nc1ccc(Nc2ccc(N=Nc3ccccc3)cc2)cc1 0.9873483 2.1615 1.0000000 1.0000 1.0000000 1.0000 []
 | 12.8712 35.7834 90.1137 0.9835714 OCc1cccc(N=Nc2ccc(Cc3ccccc3)cc2)n1 1 c1ccc(Cc2ccc(N=Nc3ccccn3)cc2)cc1 0.9835714 2.3342 1.0000000 1.0000 1.0000000 1.0000 []
 | 10.5774 32.8687 93.4135 0.9865796 Fc1ccc(N=Nc2ccc(-c3ccccc3CN3CCOCC3)cc2)cc1 1 c1ccc(N=Nc2ccc(-c3ccccc3CN3CCOCC3)cc2)cc1 0.9865796 2.2005 1.0000000 1.0000 1.0000000 1.0000 []
 | 11.9305 38.9845 84.3167 0.9632903 O=C1CC(Nc2ccc(N=Nc3ccccc3)cc2)CN1 1 O=C1CC(Nc2ccc(N=Nc3ccccc3)cc2)CN1 0.9632903 2.8715 1.0000000 1.0000 1.0000000 1.0000 []
 | 15.2799 38.9522 88.0172 0.9919483 O=C(c1ccccc1)c1ccc(-c2ccc(N=Nc3ccccc3)cc2)cc1 1 O=C(c1ccccc1)c1ccc(-c2ccc(N=Nc3ccccc3)cc2)cc1 0.9919483 1.8641 1.0000000 1.0000 1.0000000 1.0000 []
 | 13.1029 38.8081 87.3682 0.9857525 O=c1ccc2cc(-c3ccc(N=Nc4ccc(Cl)cc4)cc3)ccc2[nH]1 1 O=c1ccc2cc(-c3ccc(N=Nc4ccccc4)cc3)ccc2[nH]1 0.9857525 2.2400 1.0000000 1.0000 1.0000000 1.0000 []
 | 14.5012 39.9850 85.0921 0.9771644 OCc1ccc(N2CCN(c3ccc(N=Nc4cccc(Br)c4)cc3)CC2)nn1 1 c1ccc(N=Nc2ccc(N3CCN(c4cccnn4)CC3)cc2)cc1 0.9771644 2.5530 1.0000000 1.0000 1.0000000 1.0000 []
 | 18.3965 45.3059 78.3370 0.9659601 O=C(Nc1cnc2c(c1)CN(C(=O)c1ccccc1N=Nc1ccncc1)CC2)c1cccc(CCO)c1 1 O=C(Nc1cnc2c(c1)CN(C(=O)c1ccccc1N=Nc1ccncc1)CC2)c1ccccc1 0.9659601 2.8205 1.0000000 1.0000 1.0000000 1.0000 []
 | 22.4005 47.4922 67.8565 0.9011621 O=C(C1CCC1)N1CCC(F)C(Nc2ccc(N=Nc3ccc(C(F)(F)F)cc3)cc2F)C1 1 O=C(C1CCC1)N1CCCC(Nc2ccc(N=Nc3ccccc3)cc2)C1 0.9011621 3.5602 1.0000000 1.0000 1.0000000 1.0000 []
04:11:40 <INFO> Score: 0.79 Agent NLL: 13.07 Valid: 100% Step: 276
 | Agent Prior Target Score SMILES SMILES_state Scaffold SA SA (raw) Alerts Alerts (raw) PS_Scaffold PS_Scaffold (raw) matchting_patterns (Alerts)
 | 10.0592 33.2942 91.1661 0.9723461 O=C(c1ccccc1N=Nc1ccccc1)N1CCN(c2cccc(NC(=O)C3(c4cccnc4)CC3)c2)CC1 1 O=C(c1ccccc1N=Nc1ccccc1)N1CCN(c2cccc(NC(=O)C3(c4cccnc4)CC3)c2)CC1 0.9723461 2.6809 1.0000000 1.0000 1.0000000 1.0000 []
 | 9.9895 44.3167 82.0943 0.9875861 O=C(c1ccc(N=Nc2ccccc2)cc1)N1CCNCC1 1 O=C(c1ccc(N=Nc2ccccc2)cc1)N1CCNCC1 0.9875861 2.1490 1.0000000 1.0000 1.0000000 1.0000 []
 | 6.5514 43.7461 -43.7461 0.0000000 O=C(Nc1ccc(N=Nc2ccccc2)cc1)c1ccccc1 1 O=C(Nc1ccc(N=Nc2ccccc2)cc1)c1ccccc1 0.9928570 1.7855 1.0000000 1.0000 1.0000000 1.0000 []
 | 13.4382 39.9580 72.7666 0.8806612 O=C(c1ccccc1N=Nc1ccc(O)cc1)N1CC2C(C1)C2C(=O)N1CCN(c2ncccc2C(F)(F)F)CC1 1 O=C(c1ccccc1N=Nc1ccccc1)N1CC2C(C1)C2C(=O)N1CCN(c2ccccn2)CC1 0.8806612 3.6980 1.0000000 1.0000 1.0000000 1.0000 []
 | 9.7768 25.7276 -25.7276 0.0000000 O=C(c1ccccc1N=Nc1ccccc1)N1CCN(c2ccc(F)cc2)CC1 1 O=C(c1ccccc1N=Nc1ccccc1)N1CCN(c2ccccc2)CC1 0.9876306 2.1466 1.0000000 1.0000 1.0000000 1.0000 []
 | 9.6115 43.2085 83.0028 0.9860259 OCCN1CCN(Cc2ccc(Nc3ccc(N=Nc4ccccc4)cc3)cc2)CC1 1 c1ccc(N=Nc2ccc(Nc3ccc(CN4CCNCC4)cc3)cc2)cc1 0.9860259 2.2272 1.0000000 1.0000 1.0000000 1.0000 []
 | 10.3349 40.1949 -40.1949 0.0000000 Fc1ccc(N=Nc2ccccc2)cc1-c1cccc(-c2ccccc2)c1 1 c1ccc(N=Nc2cccc(-c3cccc(-c4ccccc4)c3)c2)cc1 0.9890397 2.0669 1.0000000 1.0000 1.0000000 1.0000 []
 | 15.4487 48.1259 76.8567 0.9764265 Fc1ccc(N=Nc2cccnc2)cc1NNCc1ccccc1-c1ccccc1 1 c1ccc(-c2ccccc2CNNc2cccc(N=Nc3cccnc3)c2)cc1 0.9764265 2.5742 1.0000000 1.0000 1.0000000 1.0000 []
 | 17.4841 43.7841 82.2124 0.9843476 Cc1ccc(N=Nc2ccc(-c3ccccc3OC3CCC3)c(C)c2)cc1 1 c1ccc(N=Nc2ccc(-c3ccccc3OC3CCC3)cc2)cc1 0.9843476 2.3021 1.0000000 1.0000 1.0000000 1.0000 []
 | 6.4888 44.3811 -44.3811 0.0000000 O=C(Nc1ccccc1)c1ccc(N=Nc2ccccc2)cc1 1 O=C(Nc1ccccc1)c1ccc(N=Nc2ccccc2)cc1 0.9928619 1.7850 1.0000000 1.0000 1.0000000 1.0000 []
04:11:42 <INFO> Score: 0.85 Agent NLL: 13.83 Valid:  98% Step: 277
 | Agent Prior Target Score SMILES SMILES_state Scaffold SA SA (raw) Alerts Alerts (raw) PS_Scaffold PS_Scaffold (raw) matchting_patterns (Alerts)
 | 15.0193 39.9190 85.8149 0.9822959 Fc1cccc(N=Nc2ccc(CN3CCCC3)cc2)c1C1CC1 1 c1ccc(C2CC2)c(N=Nc2ccc(CN3CCCC3)cc2)c1 0.9822959 2.3837 1.0000000 1.0000 1.0000000 1.0000 []
 | 10.1798 38.6899 88.2220 0.9914993 c1ccc(-c2ccc(N=Nc3ccc(-c4ccncc4)cc3)cc2)cc1 1 c1ccc(-c2ccc(N=Nc3ccc(-c4ccncc4)cc3)cc2)cc1 0.9914993 1.8997 1.0000000 1.0000 1.0000000 1.0000 []
 | 11.3240 28.2668 97.3486 0.9813703 CN1CCC(N(C)c2ccc(N=Nc3ccc(F)cc3)cc2)CC1 1 c1ccc(N=Nc2ccc(NC3CCNCC3)cc2)cc1 0.9813703 2.4176 1.0000000 1.0000 1.0000000 1.0000 []
 | 15.6922 46.3157 77.8907 0.9703621 O=C(NCCCCN1CCN(C(=O)c2ccccc2N=Nc2ccccc2)CC1)C1CCN(Cc2nccs2)CC1 1 O=C(NCCCCN1CCN(C(=O)c2ccccc2N=Nc2ccccc2)CC1)C1CCN(Cc2nccs2)CC1 0.9703621 2.7274 1.0000000 1.0000 1.0000000 1.0000 []
 | 13.6063 32.9628 90.5403 0.9648674 O=C(c1ccccc1N=Nc1ccccc1)N1CCc2[nH]nc(C(=O)N3CCN(C4CCCCC4)CC3)c2C1 1 O=C(c1ccccc1N=Nc1ccccc1)N1CCc2[nH]nc(C(=O)N3CCN(C4CCCCC4)CC3)c2C1 0.9648674 2.8419 1.0000000 1.0000 1.0000000 1.0000 []
 | 9.7061 33.5142 -33.5142 0.0000000 c1ccc(N=Nc2cccc(-c3cccc(CN4CCOCC4)c3)c2)cc1 1 c1ccc(N=Nc2cccc(-c3cccc(CN4CCOCC4)c3)c2)cc1 0.9872708 2.1655 1.0000000 1.0000 1.0000000 1.0000 []
 | 17.9990 49.1137 76.9427 0.9848157 Cc1cccnc1N=Nc1ccc(C(=O)c2ccc(Cl)cc2)cc1 1 O=C(c1ccccc1)c1ccc(N=Nc2ccccn2)cc1 0.9848157 2.2821 1.0000000 1.0000 1.0000000 1.0000 []
 | 21.3349 46.0690 78.2068 0.9709049 FC(F)(F)c1ccc(N=Nc2ccc(-c3cncc(OC4CCCC4)c3)cc2)nc1 1 c1ccc(N=Nc2ccc(-c3cncc(OC4CCCC4)c3)cc2)nc1 0.9709049 2.7150 1.0000000 1.0000 1.0000000 1.0000 []
 | 12.9431 38.0882 87.0922 0.9779718 Fc1ccc(N=Nc2ccccc2)cc1CNCc1cnc(N2CCCC2)nc1 1 c1ccc(N=Nc2cccc(CNCc3cnc(N4CCCC4)nc3)c2)cc1 0.9779718 2.5290 1.0000000 1.0000 1.0000000 1.0000 []
 | 12.5609 40.2661 85.4629 0.9822583 c1cc(N=Nc2ccc(N3CCN(CCN4CCCC4)CC3)cc2)ccn1 1 c1cc(N=Nc2ccc(N3CCN(CCN4CCCC4)CC3)cc2)ccn1 0.9822583 2.3852 1.0000000 1.0000 1.0000000 1.0000 []
04:11:42 <INFO> Sampled SMILES c1cc(N=Nc2ccc(-c3cccccn3)nc2)ccc1C(=O)Nc1ccccc1 failed to sanitize.
04:11:44 <INFO> Score: 0.77 Agent NLL: 14.02 Valid:  98% Step: 278
 | Agent Prior Target Score SMILES SMILES_state Scaffold SA SA (raw) Alerts Alerts (raw) PS_Scaffold PS_Scaffold (raw) matchting_patterns (Alerts)
 | 22.3583 54.2708 63.4518 0.9197079 FC(F)c1cccc(N=Nc2cccnc2)c1N1CCCC1CN1CCC1 1 c1cncc(N=Nc2ccccc2N2CCCC2CN2CCC2)c1 0.9197079 3.4115 1.0000000 1.0000 1.0000000 1.0000 []
 | 12.0228 39.8041 69.2961 0.8523461 O=C(C1CC2(CC2)CN1C(=O)c1ccccc1N=Nc1cccnc1)N1CCN(CCCN2CCCC2)CC1 1 O=C(C1CC2(CC2)CN1C(=O)c1ccccc1N=Nc1cccnc1)N1CCN(CCCN2CCCC2)CC1 0.8523461 3.8579 1.0000000 1.0000 1.0000000 1.0000 []
 | 12.6603 27.4869 96.1897 0.9662232 O=C(c1ccccc1N=Nc1ccccc1)N1CC(O)(C(=O)N(CCc2ccccc2)Cc2ccco2)C1 1 O=C(c1ccccc1N=Nc1ccccc1)N1CC(C(=O)N(CCc2ccccc2)Cc2ccco2)C1 0.9662232 2.8153 1.0000000 1.0000 1.0000000 1.0000 []
 | 19.5431 54.3919 69.9320 0.9712808 Oc1ccc(N=Nc2ccc(-c3ccco3)cc2)cc1CNCc1ccccc1-n1cccn1 1 c1cc(CNCc2ccccc2-n2cccn2)cc(N=Nc2ccc(-c3ccco3)cc2)c1 0.9712808 2.7062 1.0000000 1.0000 1.0000000 1.0000 []
 | 14.5160 58.3893 67.4591 0.9831904 O=C(Nc1ccc(N=Nc2cccc(CN3CCNC3=O)c2)cc1)c1ccccc1 1 O=C(Nc1ccc(N=Nc2cccc(CN3CCNC3=O)c2)cc1)c1ccccc1 0.9831904 2.3494 1.0000000 1.0000 1.0000000 1.0000 []
 | 11.5524 44.8453 80.5218 0.9794307 O=C(c1cccc(N=Nc2ccccc2CN2CCCCCC2)c1)N1CCNCC1 1 O=C(c1cccc(N=Nc2ccccc2CN2CCCCCC2)c1)N1CCNCC1 0.9794307 2.4834 1.0000000 1.0000 1.0000000 1.0000 []
 | 25.5350 93.3618 29.7758 0.9620128 COc1cccc(N=Nc2cccc(CN(c3ccc(NC(=O)C4CC4)cc3)C3CCN(CCO)CC3)c2)n1 1 O=C(Nc1ccc(N(Cc2cccc(N=Nc3ccccn3)c2)C2CCNCC2)cc1)C1CC1 0.9620128 2.8947 1.0000000 1.0000 1.0000000 1.0000 []
 | 10.5259 38.9146 86.3684 0.9787737 c1ccc(-c2nc(CNc3cccc(N=Nc4cccnc4)c3)no2)cc1 1 c1ccc(-c2nc(CNc3cccc(N=Nc4cccnc4)c3)no2)cc1 0.9787737 2.5043 1.0000000 1.0000 1.0000000 1.0000 []
 | 13.1558 52.3928 73.3589 0.9824352 Brc1cccc(N=Nc2ccc(Nc3cccc(-c4ccccc4)c3)cc2)n1 1 c1ccc(-c2cccc(Nc3ccc(N=Nc4ccccn4)cc3)c2)cc1 0.9824352 2.3785 1.0000000 1.0000 1.0000000 1.0000 []
 | 12.2314 35.8672 90.5025 0.9872626 Fc1ccc(N=Nc2cccc(-c3cccc4ncccc34)c2)cc1 1 c1ccc(N=Nc2cccc(-c3cccc4ncccc34)c2)cc1 0.9872626 2.1660 1.0000000 1.0000 1.0000000 1.0000 []
04:11:45 <INFO> Sampled SMILES c1cc(N=Nc2ccccc2)ccc1OC1C(=OCCc2ccccc2)C1 failed to sanitize.
04:11:47 <INFO> Score: 0.80 Agent NLL: 13.21 Valid:  99% Step: 279
 | Agent Prior Target Score SMILES SMILES_state Scaffold SA SA (raw) Alerts Alerts (raw) PS_Scaffold PS_Scaffold (raw) matchting_patterns (Alerts)
 | 18.7139 57.1056 67.2588 0.9715971 Cc1ccc(N=Nc2cccc(N3CCN(C4CCN(CCO)CC4)CC3)c2)nc1 1 c1ccc(N=Nc2cccc(N3CCN(C4CCNCC4)CC3)c2)nc1 0.9715971 2.6988 1.0000000 1.0000 1.0000000 1.0000 []
 | 12.9413 43.1923 82.6610 0.9832293 O=C(C1CC1)N1CCN(c2cccc(N=Nc3ccccc3F)c2)CC1 1 O=C(C1CC1)N1CCN(c2cccc(N=Nc3ccccc3)c2)CC1 0.9832293 2.3478 1.0000000 1.0000 1.0000000 1.0000 []
 | 7.3357 46.4281 -46.4281 0.0000000 c1ccc(N=Nc2cccc(-c3ccccc3-c3ccccc3)c2)cc1 1 c1ccc(N=Nc2cccc(-c3ccccc3-c3ccccc3)c2)cc1 0.9919367 1.8650 1.0000000 1.0000 1.0000000 1.0000 []
 | 13.9561 38.9271 85.8160 0.9745560 Fc1ccc(N=Nc2cccnc2)cc1Nc1cccc2nccnc12 1 c1cncc(N=Nc2cccc(Nc3cccc4nccnc34)c2)c1 0.9745560 2.6252 1.0000000 1.0000 1.0000000 1.0000 []
 | 15.1754 37.9726 86.9532 0.9759830 Fc1ccccc1-c1ccccc1N=Nc1ccnc(N2CCCC2)n1 1 c1ccc(-c2ccccc2N=Nc2ccnc(N3CCCC3)n2)cc1 0.9759830 2.5866 1.0000000 1.0000 1.0000000 1.0000 []
 | 14.7664 47.0753 78.4783 0.9808878 c1ccc(N=Nc2cccc(CNc3ccnnc3)c2)cc1 1 c1ccc(N=Nc2cccc(CNc3ccnnc3)c2)cc1 0.9808878 2.4345 1.0000000 1.0000 1.0000000 1.0000 []
 | 8.7647 37.9064 88.3108 0.9860716 OCCN1CCN(c2ccc(Nc3ccc(N=Nc4ccccc4)cc3)cc2)CC1 1 c1ccc(N=Nc2ccc(Nc3ccc(N4CCNCC4)cc3)cc2)cc1 0.9860716 2.2250 1.0000000 1.0000 1.0000000 1.0000 []
 | 13.9221 54.2424 65.2759 0.9337363 O=C(C1Cc2ccccc2CN1C(=O)c1ccccc1N=Nc1cccc(O)c1)N1CCN(CC2CCCCC2)CC1 1 O=C(C1Cc2ccccc2CN1C(=O)c1ccccc1N=Nc1ccccc1)N1CCN(CC2CCCCC2)CC1 0.9337363 3.2766 1.0000000 1.0000 1.0000000 1.0000 []
 | 18.7211 47.3698 -47.3698 0.0000000 c1cc(N=Nc2ccccc2)ccc1OC1C(=OCCc2ccccc2)C1 0 -- 0.0000000 0.0000 0.0000000 0.0000 0.0000000 0.0000 None
 | 13.4690 45.9614 80.3284 0.9866396 c1coc(-c2ccc(-c3ccc(N=Nc4cccc5ccccc45)cc3)cc2)c1 1 c1coc(-c2ccc(-c3ccc(N=Nc4cccc5ccccc45)cc3)cc2)c1 0.9866396 2.1975 1.0000000 1.0000 1.0000000 1.0000 []
04:11:48 <INFO> Sampled SMILES c1cc(N=Nc2ccn[nH]c2)ccc1CNC1CCN(c2ccccc2)CC1 failed to sanitize.
04:11:48 <INFO> Sampled SMILES N(c1cccc(N=Nc2ccccc2)cc1)Cc1cccc(-c2ccco2)c1 failed to sanitize.
04:11:48 <INFO> Sampled SMILES O=C(=Nc1ccc(N=Nc2ccco2)cc1)C1(CNC(=O)C(F)(F)F)CCCCC1 failed to sanitize.
04:11:50 <INFO> Score: 0.81 Agent NLL: 13.93 Valid:  96% Step: 280
 | Agent Prior Target Score SMILES SMILES_state Scaffold SA SA (raw) Alerts Alerts (raw) PS_Scaffold PS_Scaffold (raw) matchting_patterns (Alerts)
 | 11.9052 43.9160 82.0880 0.9844064 O=C(c1ccccc1)N1CCC(NCc2cccc(N=Nc3ccccc3Cl)c2)CC1 1 O=C(c1ccccc1)N1CCC(NCc2cccc(N=Nc3ccccc3)c2)CC1 0.9844064 2.2997 1.0000000 1.0000 1.0000000 1.0000 []
 | 14.6895 52.3525 73.7695 0.9853278 COc1ccc(N=Nc2cccc(-c3ccc(CNCCN4CCCC4)cc3)c2)cc1 1 c1ccc(N=Nc2cccc(-c3ccc(CNCCN4CCCC4)cc3)c2)cc1 0.9853278 2.2594 1.0000000 1.0000 1.0000000 1.0000 []
 | 8.8124 46.9728 79.9925 0.9919162 c1ccc(-c2ccc(-c3ccc(N=Nc4ccc5ccccc5c4)cc3)cc2)cc1 1 c1ccc(-c2ccc(-c3ccc(N=Nc4ccc5ccccc5c4)cc3)cc2)cc1 0.9919162 1.8667 1.0000000 1.0000 1.0000000 1.0000 []
 | 9.5242 28.7955 96.3196 0.9774613 O=C(c1ccccc1N=Nc1ccccc1)N1CCN(CCNC(=O)C2(O)CC2)CC1 1 O=C(NCCN1CCN(C(=O)c2ccccc2N=Nc2ccccc2)CC1)C1CC1 0.9774613 2.5442 1.0000000 1.0000 1.0000000 1.0000 []
 | 14.9798 30.2554 88.9372 0.9311921 O=C(c1ccccc1N=Nc1cccnc1)N1CCC(F)(C(=O)Nc2ccccc2O)C1 1 O=C(Nc1ccccc1)C1CCN(C(=O)c2ccccc2N=Nc2cccnc2)C1 0.9311921 3.3029 1.0000000 1.0000 1.0000000 1.0000 []
 | 19.1786 57.1706 67.9631 0.9776070 COc1ccc2ncc(Nc3ccc(N=Nc4ccccc4)cc3)n2c1 1 c1ccc(N=Nc2ccc(Nc3cnc4ccccn34)cc2)cc1 0.9776070 2.5399 1.0000000 1.0000 1.0000000 1.0000 []
 | 14.3023 52.2079 72.1087 0.9712240 Oc1ccc(N=Nc2ccccc2)cc1-c1ccccc1N=Nc1ccncc1 1 c1ccc(N=Nc2cccc(-c3ccccc3N=Nc3ccncc3)c2)cc1 0.9712240 2.7076 1.0000000 1.0000 1.0000000 1.0000 []
 | 13.7606 40.6180 76.9519 0.9185151 Fc1ccc(N=Nc2cccnc2)cc1CNC1CN(Cc2ccccc2)CC1F 1 c1ccc(CN2CCC(NCc3cccc(N=Nc4cccnc4)c3)C2)cc1 0.9185151 3.4220 1.0000000 1.0000 1.0000000 1.0000 []
 | 11.8580 41.5236 83.5880 0.9774339 Fc1ccc(N=Nc2ccccn2)cc1N1CCN(CCN2CCCC2)CC1 1 c1ccc(N=Nc2cccc(N3CCN(CCN4CCCC4)CC3)c2)nc1 0.9774339 2.5451 1.0000000 1.0000 1.0000000 1.0000 []
 | 16.9221 44.5671 61.4027 0.8278888 O=C(c1ccccc1N=Nc1cccc(O)c1)N1CCC2(CC1)CC(NC(=O)C1(c3ccccc3Cl)CC1)CO2 1 O=C(c1ccccc1N=Nc1ccccc1)N1CCC2(CC1)CC(NC(=O)C1(c3ccccc3)CC1)CO2 0.8278888 3.9768 1.0000000 1.0000 1.0000000 1.0000 []
04:11:51 <INFO> Sampled SMILES CN(c1ccccc1N=Oc1ccccc1)c1ccc(-n2cccc2)cc1 failed to sanitize.
04:12:33 <INFO> Score: 0.78 Agent NLL: 13.75 Valid:  99% Step: 281
 | Agent Prior Target Score SMILES SMILES_state Scaffold SA SA (raw) Alerts Alerts (raw) PS_Scaffold PS_Scaffold (raw) matchting_patterns (Alerts)
 | 13.0513 45.8181 78.1659 0.9686251 O=C1NCCCN1Cc1ccccc1Nc1cc(N=Nc2cccnc2)ccc1F 1 O=C1NCCCN1Cc1ccccc1Nc1cccc(N=Nc2cccnc2)c1 0.9686251 2.7656 1.0000000 1.0000 1.0000000 1.0000 []
 | 13.2005 35.0976 90.2783 0.9794993 Fc1cccc(N=Nc2ccc(-c3ccc4ncoc4c3)cc2)c1 1 c1ccc(N=Nc2ccc(-c3ccc4ncoc4c3)cc2)cc1 0.9794993 2.4811 1.0000000 1.0000 1.0000000 1.0000 []
 | 10.0103 41.5671 -41.5671 0.0000000 O=C(Nc1ccc(N=Nc2ccccc2)cc1)OCc1ccccc1 1 O=C(Nc1ccc(N=Nc2ccccc2)cc1)OCc1ccccc1 0.9909195 1.9431 1.0000000 1.0000 1.0000000 1.0000 []
 | 10.9687 34.6821 91.5679 0.9863281 Fc1ccc(N=Nc2ccc(-c3cccc4ccncc34)cc2)cc1 1 c1ccc(N=Nc2ccc(-c3cccc4ccncc34)cc2)cc1 0.9863281 2.2127 1.0000000 1.0000 1.0000000 1.0000 []
 | 9.3398 36.1741 89.9612 0.9854323 c1ccc(Oc2ccc(N=Nc3cccc(-n4cccc4)c3)cc2)cc1 1 c1ccc(Oc2ccc(N=Nc3cccc(-n4cccc4)c3)cc2)cc1 0.9854323 2.2546 1.0000000 1.0000 1.0000000 1.0000 []
 | 10.8102 31.5824 -31.5824 0.0000000 OCc1cccc(N=Nc2ccccc2F)n1 1 c1ccc(N=Nc2ccccn2)cc1 0.9741258 2.6364 1.0000000 1.0000 1.0000000 1.0000 []
 | 13.8267 36.0191 86.7754 0.9593317 O=C(c1ccccc1N=Nc1cccnc1)N1CC(O)(C(=O)Nc2cc(Oc3ccccc3)ccc2[N+](=O)[O-])C1 1 O=C(Nc1cccc(Oc2ccccc2)c1)C1CN(C(=O)c2ccccc2N=Nc2cccnc2)C1 0.9593317 2.9409 1.0000000 1.0000 1.0000000 1.0000 []
 | 13.6082 25.6646 96.8013 0.9567650 O=C(c1ccccc1N=Nc1cccc(O)c1)N1CCC(N2CCOCC2)C1 1 O=C(c1ccccc1N=Nc1ccccc1)N1CCC(N2CCOCC2)C1 0.9567650 2.9825 1.0000000 1.0000 1.0000000 1.0000 []
 | 8.3619 39.6987 -39.6987 0.0000000 O=C(COc1ccc(N=Nc2ccccc2)cc1)Nc1ccccc1 1 O=C(COc1ccc(N=Nc2ccccc2)cc1)Nc1ccccc1 0.9917945 1.8765 1.0000000 1.0000 1.0000000 1.0000 []
 | 12.3411 40.0262 86.1864 0.9860364 Fc1cccc(N=Nc2cccc(CN3CCN(CCc4ccccc4)CC3)c2)c1 1 c1ccc(CCN2CCN(Cc3cccc(N=Nc4ccccc4)c3)CC2)cc1 0.9860364 2.2267 1.0000000 1.0000 1.0000000 1.0000 []
04:12:35 <INFO> Score: 0.84 Agent NLL: 13.71 Valid:  99% Step: 282
 | Agent Prior Target Score SMILES SMILES_state Scaffold SA SA (raw) Alerts Alerts (raw) PS_Scaffold PS_Scaffold (raw) matchting_patterns (Alerts)
 | 18.6146 48.3518 75.4531 0.9672260 c1cc(CN(CCN2CCCCC2)Cc2ccco2)cc(N=Nc2ccco2)c1 1 c1cc(CN(CCN2CCCCC2)Cc2ccco2)cc(N=Nc2ccco2)c1 0.9672260 2.7950 1.0000000 1.0000 1.0000000 1.0000 []
 | 13.2225 51.7263 73.8476 0.9810461 O=C(NCCCN1CCN(c2cccc(N=Nc3cccc(Cl)c3)c2)CC1)OCc1ccccc1 1 O=C(NCCCN1CCN(c2cccc(N=Nc3ccccc3)c2)CC1)OCc1ccccc1 0.9810461 2.4290 1.0000000 1.0000 1.0000000 1.0000 []
 | 17.8817 40.9789 84.6088 0.9811544 O=C(Nc1ccccc1)c1cnc(NC(=O)c2cc(N=Nc3ccccc3)ccc2O)cn1 1 O=C(Nc1cnc(C(=O)Nc2ccccc2)cn1)c1cccc(N=Nc2ccccc2)c1 0.9811544 2.4252 1.0000000 1.0000 1.0000000 1.0000 []
 | 8.7800 35.9218 -35.9218 0.0000000 O=C(c1ccccc1N=Nc1ccccc1)N1CC(F)(C(=O)Nc2cccc(N=Nc3ccccc3)c2)C1 1 O=C(Nc1cccc(N=Nc2ccccc2)c1)C1CN(C(=O)c2ccccc2N=Nc2ccccc2)C1 0.9608902 2.9144 1.0000000 1.0000 1.0000000 1.0000 []
 | 12.0749 44.9409 81.0830 0.9845616 OCCN1CCN(c2ccc(CNc3ccccc3N=Nc3ccccc3)cc2)CC1 1 c1ccc(N=Nc2ccccc2NCc2ccc(N3CCNCC3)cc2)cc1 0.9845616 2.2930 1.0000000 1.0000 1.0000000 1.0000 []
 | 12.2419 30.4476 94.3600 0.9750592 O=C(COC1CCN(C(=O)c2ccccc2N=Nc2ccccc2)CC1)N(CCCO)Cc1ccccc1 1 O=C(COC1CCN(C(=O)c2ccccc2N=Nc2ccccc2)CC1)NCc1ccccc1 0.9750592 2.6118 1.0000000 1.0000 1.0000000 1.0000 []
 | 14.7150 44.2040 81.1927 0.9796618 c1ccn(-c2ccc(N=Nc3ccc(CN4CCN(CCN5CCCC5)CC4)cc3)cc2)c1 1 c1ccn(-c2ccc(N=Nc3ccc(CN4CCN(CCN5CCCC5)CC4)cc3)cc2)c1 0.9796618 2.4759 1.0000000 1.0000 1.0000000 1.0000 []
 | 16.3575 45.6541 77.6933 0.9636517 OCC1(Nc2cccc(N=Nc3ccc(Cl)cn3)c2)CCC1 1 c1ccc(N=Nc2cccc(NC3CCC3)c2)nc1 0.9636517 2.8648 1.0000000 1.0000 1.0000000 1.0000 []
 | 12.9685 30.8871 95.4248 0.9868120 Fc1ccccc1CN=Nc1ccccc1 1 c1ccc(CN=Nc2ccccc2)cc1 0.9868120 2.1889 1.0000000 1.0000 1.0000000 1.0000 []
 | 18.8249 50.0635 68.2871 0.9246140 O=C(c1ccccc1N=Nc1ccncc1)N1CCCC(F)(C(=O)NCCOc2ccc(Br)cc2)C1 1 O=C(NCCOc1ccccc1)C1CCCN(C(=O)c2ccccc2N=Nc2ccncc2)C1 0.9246140 3.3670 1.0000000 1.0000 1.0000000 1.0000 []
04:12:35 <INFO> Sampled SMILES Clc1ccc(N=Nc2cccc(Cc3ccccc3)c2)c1Cn1cccn1 failed to sanitize.
04:12:37 <INFO> Score: 0.76 Agent NLL: 13.48 Valid:  98% Step: 283
 | Agent Prior Target Score SMILES SMILES_state Scaffold SA SA (raw) Alerts Alerts (raw) PS_Scaffold PS_Scaffold (raw) matchting_patterns (Alerts)
 | 11.6421 30.6765 91.0040 0.9506293 O=C(c1ccccc1N=Nc1cccnc1)N1CC(NC(=O)C2(F)CCOCC2)C1 1 O=C(NC1CN(C(=O)c2ccccc2N=Nc2cccnc2)C1)C1CCOCC1 0.9506293 3.0732 1.0000000 1.0000 1.0000000 1.0000 []
 | 11.8020 30.1352 95.3479 0.9803370 O=C(c1ccccc1N=Nc1ccc(O)cc1)N1CCN(c2ncnc3ccccc23)CC1 1 O=C(c1ccccc1N=Nc1ccccc1)N1CCN(c2ncnc3ccccc23)CC1 0.9803370 2.4534 1.0000000 1.0000 1.0000000 1.0000 []
 | 13.2877 46.1003 80.0262 0.9853633 COc1ccccc1N=Nc1cccc(CN2CCCN(CCc3ccccc3)CC2)c1 1 c1ccc(CCN2CCCN(Cc3cccc(N=Nc4ccccc4)c3)CC2)cc1 0.9853633 2.2578 1.0000000 1.0000 1.0000000 1.0000 []
 | 16.2291 50.6860 73.1008 0.9670843 Clc1ccc(N=Nc2cccc(N=Nc3cccs3)c2)cc1 1 c1ccc(N=Nc2cccc(N=Nc3cccs3)c2)cc1 0.9670843 2.7979 1.0000000 1.0000 1.0000000 1.0000 []
 | 14.4301 31.0163 91.3990 0.9563696 O=C(c1ccc(N=Nc2ccccc2)cc1)N1CCN(CCC(=O)N2CCCC2C(=O)N2CCCCC2)CC1 1 O=C(c1ccc(N=Nc2ccccc2)cc1)N1CCN(CCC(=O)N2CCCC2C(=O)N2CCCCC2)CC1 0.9563696 2.9887 1.0000000 1.0000 1.0000000 1.0000 []
 | 19.8724 46.0718 -46.0718 0.0000000 Clc1ccc(N=Nc2cccc(Cc3ccccc3)c2)c1Cn1cccn1 0 -- 0.0000000 0.0000 0.0000000 0.0000 0.0000000 0.0000 None
 | 11.3922 57.7317 67.5528 0.9787855 O=C(c1ccccc1)c1ccc(N=Nc2ccnc(NC(=O)C3CC3)n2)cc1 1 O=C(c1ccccc1)c1ccc(N=Nc2ccnc(NC(=O)C3CC3)n2)cc1 0.9787855 2.5039 1.0000000 1.0000 1.0000000 1.0000 []
 | 11.7752 36.2334 89.4114 0.9815999 Oc1ccc(N=Nc2ccccc2)cc1N1CCN(CCN2CCCC2)CC1 1 c1ccc(N=Nc2cccc(N3CCN(CCN4CCCC4)CC3)c2)cc1 0.9815999 2.4093 1.0000000 1.0000 1.0000000 1.0000 []
 | 11.8582 35.9648 89.1925 0.9777916 Fc1ccc(N=Nc2cccc(NC3CCN(CC4CCOCC4)CC3)c2)cc1 1 c1ccc(N=Nc2cccc(NC3CCN(CC4CCOCC4)CC3)c2)cc1 0.9777916 2.5344 1.0000000 1.0000 1.0000000 1.0000 []
 | 14.9609 34.7056 84.1763 0.9287646 O=C(c1ccccc1N=Nc1cccnc1)N1CCC(F)(C(=O)N2CCCN(CCc3ccccc3)CC2)C1 1 O=C(c1ccccc1N=Nc1cccnc1)N1CCC(C(=O)N2CCCN(CCc3ccccc3)CC2)C1 0.9287646 3.3272 1.0000000 1.0000 1.0000000 1.0000 []
04:12:40 <INFO> Score: 0.76 Agent NLL: 13.26 Valid:  99% Step: 284
 | Agent Prior Target Score SMILES SMILES_state Scaffold SA SA (raw) Alerts Alerts (raw) PS_Scaffold PS_Scaffold (raw) matchting_patterns (Alerts)
 | 11.9631 45.2410 80.5729 0.9829206 Cc1ccc(N=Nc2ccncc2)cc1NC(=O)c1ccncc1 1 O=C(Nc1cccc(N=Nc2ccncc2)c1)c1ccncc1 0.9829206 2.3599 1.0000000 1.0000 1.0000000 1.0000 []
 | 14.3699 37.3448 82.7648 0.9383569 [N-]=[N+]=NC1CCN(C(=O)C2(F)CN(C(=O)c3ccc(N=Nc4ccc(OC(F)F)cc4)cc3)C2)CC1 1 O=C(c1ccc(N=Nc2ccccc2)cc1)N1CC(C(=O)N2CCCCC2)C1 0.9383569 3.2263 1.0000000 1.0000 1.0000000 1.0000 []
 | 13.2004 37.6043 85.6385 0.9628344 O=C(c1ccccc1N=Nc1ccncc1)N1CC(NC(=O)C2(c3cccc(C(F)(F)F)c3)CC2)C1 1 O=C(c1ccccc1N=Nc1ccncc1)N1CC(NC(=O)C2(c3ccccc3)CC2)C1 0.9628344 2.8799 1.0000000 1.0000 1.0000000 1.0000 []
 | 17.0153 74.4524 50.3488 0.9750094 Cc1cc(O)ncc1-c1ccc(-c2ccc(N=Nc3ccc(-c4ccco4)cc3)cc2)cc1 1 c1cncc(-c2ccc(-c3ccc(N=Nc4ccc(-c5ccco5)cc4)cc3)cc2)c1 0.9750094 2.6132 1.0000000 1.0000 1.0000000 1.0000 []
 | 13.1796 39.0608 86.6793 0.9823444 c1ccc2cc(N=Nc3ccc(CN4CCN(CCCC5CCCC5)CC4)cc3)ccc2c1 1 c1ccc2cc(N=Nc3ccc(CN4CCN(CCCC5CCCC5)CC4)cc3)ccc2c1 0.9823444 2.3819 1.0000000 1.0000 1.0000000 1.0000 []
 | 16.4706 56.8060 68.9462 0.9824393 COc1ccc(N=Nc2cccc(NNCc3cccc4ccccc34)c2)cc1 1 c1ccc(N=Nc2cccc(NNCc3cccc4ccccc34)c2)cc1 0.9824393 2.3784 1.0000000 1.0000 1.0000000 1.0000 []
 | 8.6202 42.1842 -42.1842 0.0000000 c1ccc(COc2ccc(Oc3ccc(N=Nc4ccccc4)cc3)cc2)cc1 1 c1ccc(COc2ccc(Oc3ccc(N=Nc4ccccc4)cc3)cc2)cc1 0.9911586 1.9256 1.0000000 1.0000 1.0000000 1.0000 []
 | 16.4711 58.1074 66.5507 0.9738909 COc1ccc(N=Nc2cccc(-c3cccc(F)c3N3CCCC3)c2)nc1 1 c1ccc(N=Nc2cccc(-c3ccccc3N3CCCC3)c2)nc1 0.9738909 2.6424 1.0000000 1.0000 1.0000000 1.0000 []
 | 12.0540 29.2663 -29.2663 0.0000000 O=C(c1ccccc1N=Nc1cccnc1)N1CCc2sccc2C1 1 O=C(c1ccccc1N=Nc1cccnc1)N1CCc2sccc2C1 0.9759256 2.5882 1.0000000 1.0000 1.0000000 1.0000 []
 | 10.9980 31.0478 93.0136 0.9692299 O=C(c1ccccc1N=Nc1cccnc1)N1CC(NC(=O)C2(c3ccc(Cl)cc3)CCC2)C1 1 O=C(c1ccccc1N=Nc1cccnc1)N1CC(NC(=O)C2(c3ccccc3)CCC2)C1 0.9692299 2.7526 1.0000000 1.0000 1.0000000 1.0000 []
04:12:41 <INFO> Sampled SMILES c1cc(N=Nc2cccc(Cl)c2)ccc1OCc1ccccc1-c1ccccc1F=O failed to sanitize.
04:12:43 <INFO> Score: 0.78 Agent NLL: 13.94 Valid:  96% Step: 285
 | Agent Prior Target Score SMILES SMILES_state Scaffold SA SA (raw) Alerts Alerts (raw) PS_Scaffold PS_Scaffold (raw) matchting_patterns (Alerts)
 | 32.4911 62.1318 -62.1318 0.0000000 c1cc(N=Nc2cccc(Cl)c2)ccc1OCc1ccccc1-c1ccccc1F=O 0 -- 0.0000000 0.0000 0.0000000 0.0000 0.0000000 0.0000 None
 | 9.3538 33.6924 92.4074 0.9851545 Fc1cccc(N=Nc2ccccc2CN2CCCCCC2)c1 1 c1ccc(N=Nc2ccccc2CN2CCCCCC2)cc1 0.9851545 2.2671 1.0000000 1.0000 1.0000000 1.0000 []
 | 10.0608 45.7337 -45.7337 0.0000000 O=C(Nc1ccccc1)Nc1ccc(N=Nc2ccc(Cl)cc2)cc1 1 O=C(Nc1ccccc1)Nc1ccc(N=Nc2ccccc2)cc1 0.9910616 1.9327 1.0000000 1.0000 1.0000000 1.0000 []
 | 9.1562 26.5049 95.4288 0.9526070 O=C(CN1CCN(C(=O)c2ccc(N=Nc3ccccc3)cc2)CC1)N(CC1CCC1)CC1CCCO1 1 O=C(CN1CCN(C(=O)c2ccc(N=Nc3ccccc3)cc2)CC1)N(CC1CCC1)CC1CCCO1 0.9526070 3.0452 1.0000000 1.0000 1.0000000 1.0000 []
 | 16.5517 40.4359 77.9065 0.9245504 O=C(C1COCCN1C(=O)c1ccccc1N=Nc1ccncc1)N(CCO)CCO 1 O=C(c1ccccc1N=Nc1ccncc1)N1CCOCC1 0.9245504 3.3676 1.0000000 1.0000 1.0000000 1.0000 []
 | 16.4811 45.6148 77.9631 0.9654523 Fc1cc(N=Nc2ccc(Br)c(CNC3CCN(CC4CCCC4)CC3)c2)ccn1 1 c1cc(CNC2CCN(CC3CCCC3)CC2)cc(N=Nc2ccncc2)c1 0.9654523 2.8305 1.0000000 1.0000 1.0000000 1.0000 []
 | 12.2128 38.6226 87.4845 0.9852116 O=C(c1ccncc1)N1CCN(c2ccc(N=Nc3ccc(-c4ccccc4)cc3)cc2)CC1 1 O=C(c1ccncc1)N1CCN(c2ccc(N=Nc3ccc(-c4ccccc4)cc3)cc2)CC1 0.9852116 2.2646 1.0000000 1.0000 1.0000000 1.0000 []
 | 20.0848 46.2466 73.4175 0.9348756 O=C(NCCC1CN(C(=O)c2ccccc2N=Nc2ccncc2)C1)C1CCN(c2ccccc2)C1=O 1 O=C(NCCC1CN(C(=O)c2ccccc2N=Nc2ccncc2)C1)C1CCN(c2ccccc2)C1=O 0.9348756 3.2645 1.0000000 1.0000 1.0000000 1.0000 []
 | 6.9621 24.6588 101.2504 0.9836659 O=C(c1ccccc1N=Nc1ccccc1)N1CCN(CCCC2CCCC2)CC1 1 O=C(c1ccccc1N=Nc1ccccc1)N1CCN(CCCC2CCCC2)CC1 0.9836659 2.3304 1.0000000 1.0000 1.0000000 1.0000 []
 | 13.5093 41.9909 83.4306 0.9798560 c1ccc(-c2[nH]ncc2-c2cccc(N=Nc3cccnc3)c2)cc1 1 c1ccc(-c2[nH]ncc2-c2cccc(N=Nc3cccnc3)c2)cc1 0.9798560 2.4695 1.0000000 1.0000 1.0000000 1.0000 []
04:12:44 <INFO> Sampled SMILES CN(CCN(C)c1ccccc1)Cc1cc(C=NNC(=O)c2ccccc2)cc1 failed to sanitize.
04:12:46 <INFO> Score: 0.77 Agent NLL: 13.76 Valid:  98% Step: 286
 | Agent Prior Target Score SMILES SMILES_state Scaffold SA SA (raw) Alerts Alerts (raw) PS_Scaffold PS_Scaffold (raw) matchting_patterns (Alerts)
 | 15.6036 59.9166 65.3387 0.9785573 O=C(c1ccccc1)N1CCCN(c2cc(CNc3ccc(N=Nc4cccc(F)c4)cc3)ccn2)CC1 1 O=C(c1ccccc1)N1CCCN(c2cc(CNc3ccc(N=Nc4ccccc4)cc3)ccn2)CC1 0.9785573 2.5110 1.0000000 1.0000 1.0000000 1.0000 []
 | 8.8492 33.4772 -33.4772 0.0000000 c1ccc(N=Nc2ccc(Oc3ccccc3)cc2)cc1 1 c1ccc(N=Nc2ccc(Oc3ccccc3)cc2)cc1 0.9927595 1.7944 1.0000000 1.0000 1.0000000 1.0000 []
 | 11.1052 26.6973 96.6577 0.9637110 O=C(c1ccccc1N=Nc1ccc(O)cc1)N1CCN(CCNC(=O)C2(CO)CCOCC2)CC1 1 O=C(NCCN1CCN(C(=O)c2ccccc2N=Nc2ccccc2)CC1)C1CCOCC1 0.9637110 2.8637 1.0000000 1.0000 1.0000000 1.0000 []
 | 10.0974 27.6229 89.5379 0.9153187 O=C(c1ccccc1N=Nc1ccccc1)N1CC2C(C1)C2NC(=O)C1(c2ccccc2)CCC1 1 O=C(c1ccccc1N=Nc1ccccc1)N1CC2C(C1)C2NC(=O)C1(c2ccccc2)CCC1 0.9153187 3.4493 1.0000000 1.0000 1.0000000 1.0000 []
 | 12.0716 53.2418 72.6582 0.9835937 COc1ccc(N=Nc2ccc(F)c(C(=O)Nc3ccccc3)c2)nc1 1 O=C(Nc1ccccc1)c1cccc(N=Nc2ccccn2)c1 0.9835937 2.3333 1.0000000 1.0000 1.0000000 1.0000 []
 | 16.2528 44.0391 81.9636 0.9843957 OCc1ccccc1Cc1cccc(N=Nc2cccc(Cc3ccccc3)c2)c1 1 c1ccc(Cc2cccc(N=Nc3cccc(Cc4ccccc4)c3)c2)cc1 0.9843957 2.3001 1.0000000 1.0000 1.0000000 1.0000 []
 | 11.5271 26.3912 96.1350 0.9572356 O=C(c1ccccc1N=Nc1ccc(O)cc1)N1CC(NC(=O)C2(NC(=O)C(F)(F)F)CCCC2)C1 1 O=C(NC1CN(C(=O)c2ccccc2N=Nc2ccccc2)C1)C1CCCC1 0.9572356 2.9751 1.0000000 1.0000 1.0000000 1.0000 []
 | 14.3444 44.7921 69.1835 0.8904347 O=C(NC1CN(C(=O)c2ccccc2N=Nc2ccncc2)Cc2ccccc21)C1CCc2ccccc2O1 1 O=C(NC1CN(C(=O)c2ccccc2N=Nc2ccncc2)Cc2ccccc21)C1CCc2ccccc2O1 0.8904347 3.6351 1.0000000 1.0000 1.0000000 1.0000 []
 | 11.6812 31.8214 90.9787 0.9593762 O=C(CN1CCN(C(=O)c2ccccc2N=Nc2ccccc2)CC1)N1CCN2CCCCC2C1 1 O=C(CN1CCN(C(=O)c2ccccc2N=Nc2ccccc2)CC1)N1CCN2CCCCC2C1 0.9593762 2.9402 1.0000000 1.0000 1.0000000 1.0000 []
 | 13.0745 42.1292 82.1164 0.9706689 FC(F)(F)c1cccc(N=Nc2cccc(CN3CCCN(C4CCCC4)CC3)c2)n1 1 c1ccc(N=Nc2cccc(CN3CCCN(C4CCCC4)CC3)c2)nc1 0.9706689 2.7204 1.0000000 1.0000 1.0000000 1.0000 []
04:12:49 <INFO> Score: 0.78 Agent NLL: 13.75 Valid: 100% Step: 287
 | Agent Prior Target Score SMILES SMILES_state Scaffold SA SA (raw) Alerts Alerts (raw) PS_Scaffold PS_Scaffold (raw) matchting_patterns (Alerts)
 | 11.2752 57.2861 69.4181 0.9898772 c1ccc(N=Nc2cccc(-c3cc(-c4ccccc4)ccc3-c3ccccc3)c2)cc1 1 c1ccc(N=Nc2cccc(-c3cc(-c4ccccc4)ccc3-c3ccccc3)c2)cc1 0.9898772 2.0146 1.0000000 1.0000 1.0000000 1.0000 []
 | 8.1507 29.4062 -29.4062 0.0000000 O=C(CN1CCN(C(=O)c2ccccc2N=Nc2ccccc2)CC1)N(CCCO)Cc1ccccc1 1 O=C(CN1CCN(C(=O)c2ccccc2N=Nc2ccccc2)CC1)NCc1ccccc1 0.9797801 2.4720 1.0000000 1.0000 1.0000000 1.0000 []
 | 12.4070 33.0547 89.3545 0.9563224 O=C(c1ccccc1N=Nc1ccccc1)N(CCCC(=O)N1CCCC1C1CC1)Cc1ccccc1 1 O=C(c1ccccc1N=Nc1ccccc1)N(CCCC(=O)N1CCCC1C1CC1)Cc1ccccc1 0.9563224 2.9895 1.0000000 1.0000 1.0000000 1.0000 []
 | 10.0634 44.1742 80.9344 0.9774110 O=C(CN1CCN(C(=O)c2ccccc2N=Nc2ccncc2)CC1)N(Cc1ccccc1)Cc1ccccc1 1 O=C(CN1CCN(C(=O)c2ccccc2N=Nc2ccncc2)CC1)N(Cc1ccccc1)Cc1ccccc1 0.9774110 2.5457 1.0000000 1.0000 1.0000000 1.0000 []
 | 11.2514 30.3607 82.7273 0.8834997 O=C(c1ccccc1N=Nc1ccccc1)N1CC2C(C1)C2NC(=O)C1(c2cccs2)CCCCC1 1 O=C(c1ccccc1N=Nc1ccccc1)N1CC2C(C1)C2NC(=O)C1(c2cccs2)CCCCC1 0.8834997 3.6802 1.0000000 1.0000 1.0000000 1.0000 []
 | 13.8727 26.4985 97.6071 0.9695750 O=C(COC1CN(C(=O)c2ccc(N=Nc3ccccc3)cc2)C1)N(CC=Cc1ccccc1)CCO 1 O=C(COC1CN(C(=O)c2ccc(N=Nc3ccccc3)cc2)C1)NCC=Cc1ccccc1 0.9695750 2.7450 1.0000000 1.0000 1.0000000 1.0000 []
 | 15.0170 51.0103 73.9437 0.9762028 Fc1ccc(N=Nc2ccc(Cn3cccn3)cc2)cc1N1CCN(c2ccccn2)CC1 1 c1ccc(N2CCN(c3cccc(N=Nc4ccc(Cn5cccn5)cc4)c3)CC2)nc1 0.9762028 2.5805 1.0000000 1.0000 1.0000000 1.0000 []
 | 8.0465 44.7061 -44.7061 0.0000000 c1ccc(N=Nc2ccc(Nc3ccc(Oc4ccccc4)cc3)cc2)cc1 1 c1ccc(N=Nc2ccc(Nc3ccc(Oc4ccccc4)cc3)cc2)cc1 0.9911320 1.9275 1.0000000 1.0000 1.0000000 1.0000 []
 | 15.3192 61.7675 63.7619 0.9806983 c1ccc(N=Nc2cccc(COCc3cccc(N=Nc4cccc(-c5ccccc5)c4)c3)c2)cc1 1 c1ccc(N=Nc2cccc(COCc3cccc(N=Nc4cccc(-c5ccccc5)c4)c3)c2)cc1 0.9806983 2.4411 1.0000000 1.0000 1.0000000 1.0000 []
 | 13.9066 32.9161 78.9165 0.8736916 O=C(c1ccccc1N=Nc1ccccc1)N1CC2C(C1)C2C(=O)N1CCN(C2CCc3ccccc32)CC1 1 O=C(c1ccccc1N=Nc1ccccc1)N1CC2C(C1)C2C(=O)N1CCN(C2CCc3ccccc32)CC1 0.8736916 3.7401 1.0000000 1.0000 1.0000000 1.0000 []
04:13:36 <INFO> Sampled SMILES Fc1ccc(N=Nc2ccccc2)cc1-c1ccc(-s2cccc2)cc1 failed to sanitize.
04:13:38 <INFO> Score: 0.72 Agent NLL: 13.61 Valid:  98% Step: 288
 | Agent Prior Target Score SMILES SMILES_state Scaffold SA SA (raw) Alerts Alerts (raw) PS_Scaffold PS_Scaffold (raw) matchting_patterns (Alerts)
 | 13.9083 42.5363 79.6263 0.9543958 N#Cc1ccccc1N1CCCN(C(=O)C2(F)CN(C(=O)c3ccccc3N=Nc3ccncc3)C2)CC1 1 O=C(c1ccccc1N=Nc1ccncc1)N1CC(C(=O)N2CCCN(c3ccccc3)CC2)C1 0.9543958 3.0189 1.0000000 1.0000 1.0000000 1.0000 []
 | 8.1161 29.1365 -29.1365 0.0000000 O=C(c1ccccc1N=Nc1ccccc1)N1CC(O)(C(=O)Nc2ccc(N=Nc3ccccc3)cc2)C1 1 O=C(Nc1ccc(N=Nc2ccccc2)cc1)C1CN(C(=O)c2ccccc2N=Nc2ccccc2)C1 0.9650617 2.8381 1.0000000 1.0000 1.0000000 1.0000 []
 | 15.7371 49.3339 64.3288 0.8879897 O=C(C1CC(c2ccccc2)CN1C(=O)c1ccccc1N=Nc1ccncc1)N1Cc2cccc(O)c2C1 1 O=C(C1CC(c2ccccc2)CN1C(=O)c1ccccc1N=Nc1ccncc1)N1Cc2ccccc2C1 0.8879897 3.6513 1.0000000 1.0000 1.0000000 1.0000 []
 | 20.6112 23.5239 -23.5239 0.0000000 O=C(c1ccc(Cl)cc1)N1CCC(C(=O)N(Cc2ccco2)CC(F)(F)F)C(F)C1 1 O=C(NCc1ccco1)C1CCN(C(=O)c2ccccc2)CC1 0.0000000 0.0000 1.0000000 1.0000 0.0000000 0.0000 []
 | 20.5620 44.9987 78.6201 0.9657719 O=C(c1ccccc1N=Nc1cccnc1)N1CCC(NCCCNC(=O)C2(c3ccc(Cl)cc3)CC2)CC1 1 O=C(c1ccccc1N=Nc1cccnc1)N1CCC(NCCCNC(=O)C2(c3ccccc3)CC2)CC1 0.9657719 2.8243 1.0000000 1.0000 1.0000000 1.0000 []
 | 7.9226 50.6371 -50.6371 0.0000000 O=C(Nc1ccccc1)c1ccc(N=Nc2ccc(Oc3ccccc3)cc2)cc1 1 O=C(Nc1ccccc1)c1ccc(N=Nc2ccc(Oc3ccccc3)cc2)cc1 0.9907941 1.9521 1.0000000 1.0000 1.0000000 1.0000 []
 | 13.6242 58.4934 61.4883 0.9373571 O=C(NCCCN1CCN(C(=O)c2ccccc2N=Nc2ccncc2)CC1)C1CC(=O)N(c2ccccc2O)C1 1 O=C(NCCCN1CCN(C(=O)c2ccccc2N=Nc2ccncc2)CC1)C1CC(=O)N(c2ccccc2)C1 0.9373571 3.2374 1.0000000 1.0000 1.0000000 1.0000 []
 | 11.9383 39.6456 86.2160 0.9832942 OCCc1cccc(Nc2ccc(N=Nc3ccc(F)cc3)cc2)n1 1 c1ccc(N=Nc2ccc(Nc3ccccn3)cc2)cc1 0.9832942 2.3453 1.0000000 1.0000 1.0000000 1.0000 []
 | 18.6467 49.8636 69.9823 0.9362961 O=C(c1ccccc1N=Nc1cc(F)ccc1F)N1CCN(CCC(=O)N2CCOCC2Cc2ccccc2)CC1 1 O=C(c1ccccc1N=Nc1ccccc1)N1CCN(CCC(=O)N2CCOCC2Cc2ccccc2)CC1 0.9362961 3.2491 1.0000000 1.0000 1.0000000 1.0000 []
 | 17.5071 51.3773 73.3285 0.9742640 O=C1CCN(Cc2cc(N=Nc3cc(-c4ccccc4)ccc3F)ccc2Br)CCN1 1 O=C1CCN(Cc2cccc(N=Nc3cccc(-c4ccccc4)c3)c2)CCN1 0.9742640 2.6328 1.0000000 1.0000 1.0000000 1.0000 []
04:13:39 <INFO> Score: 0.75 Agent NLL: 13.15 Valid:  99% Step: 289
 | Agent Prior Target Score SMILES SMILES_state Scaffold SA SA (raw) Alerts Alerts (raw) PS_Scaffold PS_Scaffold (raw) matchting_patterns (Alerts)
 | 9.9899 24.1362 93.9613 0.9226374 O=C(c1ccc(N=Nc2ccccc2)cc1)N1CC(NC(=O)C2(c3ccccc3)CCC2)CC1CO 1 O=C(c1ccc(N=Nc2ccccc2)cc1)N1CCC(NC(=O)C2(c3ccccc3)CCC2)C1 0.9226374 3.3853 1.0000000 1.0000 1.0000000 1.0000 []
 | 16.5388 43.8983 81.5460 0.9800342 O=C(NCCCN1CCCN(c2cc(N=Nc3ccc(F)cc3)ccc2F)CC1)Nc1ccccc1 1 O=C(NCCCN1CCCN(c2cccc(N=Nc3ccccc3)c2)CC1)Nc1ccccc1 0.9800342 2.4636 1.0000000 1.0000 1.0000000 1.0000 []
 | 9.7706 37.2390 82.5706 0.9360128 O=C(c1ccccc1N=Nc1ccccc1)N1CCN(CCCNC(=O)C2(c3ccccc3)CC2(F)F)CC1 1 O=C(c1ccccc1N=Nc1ccccc1)N1CCN(CCCNC(=O)C2(c3ccccc3)CC2)CC1 0.9360128 3.2522 1.0000000 1.0000 1.0000000 1.0000 []
 | 17.8497 34.2310 82.0309 0.9082960 O=C(NCC1COCCN1C(=O)c1ccccc1N=Nc1ccccc1)C(O)c1ccc(F)cc1F 1 O=C(Cc1ccccc1)NCC1COCCN1C(=O)c1ccccc1N=Nc1ccccc1 0.9082960 3.5062 1.0000000 1.0000 1.0000000 1.0000 []
 | 13.7150 39.0327 86.7536 0.9827054 Fc1cccc(N=Nc2ccc(N3CCCN(Cc4cccs4)CC3)cc2)c1 1 c1ccc(N=Nc2ccc(N3CCCN(Cc4cccs4)CC3)cc2)cc1 0.9827054 2.3682 1.0000000 1.0000 1.0000000 1.0000 []
 | 11.1516 40.0774 86.3054 0.9873657 c1ccc(N=Nc2ccc(-c3ccc(Nc4ccccc4)cc3)cn2)cc1 1 c1ccc(N=Nc2ccc(-c3ccc(Nc4ccccc4)cc3)cn2)cc1 0.9873657 2.1606 1.0000000 1.0000 1.0000000 1.0000 []
 | 16.8683 46.8171 -46.8171 0.0000000 Fc1cccc(N=Nc2ccccn2)c1 1 c1ccc(N=Nc2ccccn2)cc1 0.9828770 2.3616 1.0000000 1.0000 1.0000000 1.0000 []
 | 10.2811 35.2799 -35.2799 0.0000000 O=C(c1cccc(N2CCN(C(=O)c3ccccc3N=Nc3ccccc3)CC2)c1)N(CCO)Cc1ccco1 1 O=C(NCc1ccco1)c1cccc(N2CCN(C(=O)c3ccccc3N=Nc3ccccc3)CC2)c1 0.9738246 2.6441 1.0000000 1.0000 1.0000000 1.0000 []
 | 16.0767 41.4076 83.5260 0.9760436 Oc1ccc(N=Nc2cccnc2)cc1NCc1cccc(OC2CCCC2)c1 1 c1cncc(N=Nc2cccc(NCc3cccc(OC4CCCC4)c3)c2)c1 0.9760436 2.5849 1.0000000 1.0000 1.0000000 1.0000 []
 | 14.1325 30.8093 92.2384 0.9613100 O=C(c1ccc(N=Nc2cccc(O)c2)cc1)N1CC(F)(C(=O)N2CC=C(c3ccccc3)CC2)C1 1 O=C(c1ccc(N=Nc2ccccc2)cc1)N1CC(C(=O)N2CC=C(c3ccccc3)CC2)C1 0.9613100 2.9071 1.0000000 1.0000 1.0000000 1.0000 []
04:13:42 <INFO> Score: 0.82 Agent NLL: 13.40 Valid: 100% Step: 290
 | Agent Prior Target Score SMILES SMILES_state Scaffold SA SA (raw) Alerts Alerts (raw) PS_Scaffold PS_Scaffold (raw) matchting_patterns (Alerts)
 | 18.8695 54.2955 68.2319 0.9572454 Fc1ccc(N=Cc2ccco2)c(-c2noc(-c3c(F)cccc3N=Nc3ccccc3)n2)c1 1 C(=Nc1ccccc1-c1noc(-c2ccccc2N=Nc2ccccc2)n1)c1ccco1 0.9572454 2.9749 1.0000000 1.0000 1.0000000 1.0000 []
 | 16.2457 58.0469 65.3307 0.9638872 COc1cccc(N=Nc2ccc([N+](=O)N3CCN(CCCNC(=O)OCc4ccccc4)CC3)cc2)c1 1 O=C(NCCCN1CCN([N+](=O)c2ccc(N=Nc3ccccc3)cc2)CC1)OCc1ccccc1 0.9638872 2.8605 1.0000000 1.0000 1.0000000 1.0000 []
 | 11.2819 34.7483 88.0341 0.9592371 O=C(c1ccc(N=Nc2cccc(O)c2)cc1)N1CC(F)(C(=O)Nc2ccc(N=Nc3ccccc3)cc2)C1 1 O=C(Nc1ccc(N=Nc2ccccc2)cc1)C1CN(C(=O)c2ccc(N=Nc3ccccc3)cc2)C1 0.9592371 2.9425 1.0000000 1.0000 1.0000000 1.0000 []
 | 18.3496 49.7344 -49.7344 0.0000000 O=C(Nc1ccc(N=Nc2ccccc2F)cc1)c1ccccc1 1 O=C(Nc1ccc(N=Nc2ccccc2)cc1)c1ccccc1 0.9909143 1.9435 1.0000000 1.0000 1.0000000 1.0000 []
 | 22.3535 54.3818 65.4479 0.9361695 O=C(c1ccc(N=Nc2ccc(OCC(CO)Cn3cccn3)cc2)cc1)N1CCN(Cc2ccco2)CC1 1 O=C(c1ccc(N=Nc2ccc(OCCCn3cccn3)cc2)cc1)N1CCN(Cc2ccco2)CC1 0.9361695 3.2505 1.0000000 1.0000 1.0000000 1.0000 []
 | 10.6828 39.2335 87.3423 0.9888731 c1ccc(N=Nc2ccc(Oc3ccc(CN4CCCCCC4)cc3)cc2)cc1 1 c1ccc(N=Nc2ccc(Oc3ccc(CN4CCCCCC4)cc3)cc2)cc1 0.9888731 2.0768 1.0000000 1.0000 1.0000000 1.0000 []
 | 9.6952 42.5982 83.5047 0.9851793 c1ccc(-c2ccc(N=Nc3ccc(-c4cccc(CN5CCNCC5)c4)cc3)cc2)cc1 1 c1ccc(-c2ccc(N=Nc3ccc(-c4cccc(CN5CCNCC5)c4)cc3)cc2)cc1 0.9851793 2.2660 1.0000000 1.0000 1.0000000 1.0000 []
 | 17.4516 67.6597 57.2101 0.9755451 COc1ccc(N=Nc2cccc(=O)c(-c3cc(-c4ccccc4)ccc3-c3ccccc3)c2)nc1 1 O=c1cccc(N=Nc2ccccn2)cc1-c1cc(-c2ccccc2)ccc1-c1ccccc1 0.9755451 2.5987 1.0000000 1.0000 1.0000000 1.0000 []
 | 14.3452 31.9270 90.0982 0.9533216 O=C(c1ccccc1N=Nc1cccnc1)N1CCC(F)(C(=O)NCc2ccc(-c3cnco3)cc2)CC1 1 O=C(NCc1ccc(-c2cnco2)cc1)C1CCN(C(=O)c2ccccc2N=Nc2cccnc2)CC1 0.9533216 3.0348 1.0000000 1.0000 1.0000000 1.0000 []
 | 15.3168 47.2773 -47.2773 0.0000000 CN1C(=Nc2ccc(N3CCCCC3)nc2)Cc2ccccc21 1 c1ccc2c(c1)CC(=Nc1ccc(N3CCCCC3)nc1)N2 0.9764095 2.5747 1.0000000 1.0000 1.0000000 1.0000 []
04:13:42 <INFO> Sampled SMILES c1cc(N=Nc2ccccc2)ccc1Nc1ccc(Nn2ccccn2)cc1 failed to sanitize.
04:13:42 <INFO> Sampled SMILES c1cc(N=Nc2ccn[nH]c2)ccc1-c1cccc(-c2ccccc2)c1 failed to sanitize.
04:13:44 <INFO> Score: 0.82 Agent NLL: 13.93 Valid:  98% Step: 291
 | Agent Prior Target Score SMILES SMILES_state Scaffold SA SA (raw) Alerts Alerts (raw) PS_Scaffold PS_Scaffold (raw) matchting_patterns (Alerts)
 | 10.3148 36.9413 89.5637 0.9883208 c1ccc(N=Nc2ccc(-c3ccc(CNC4CCCCC4)cc3)cc2)cc1 1 c1ccc(N=Nc2ccc(-c3ccc(CNC4CCCCC4)cc3)cc2)cc1 0.9883208 2.1088 1.0000000 1.0000 1.0000000 1.0000 []
 | 11.3429 33.7324 92.7057 0.9877975 c1ccc(N=Nc2cccc(-c3cccs3)c2)cc1 1 c1ccc(N=Nc2cccc(-c3cccs3)c2)cc1 0.9877975 2.1377 1.0000000 1.0000 1.0000000 1.0000 []
 | 11.9922 41.7116 82.7098 0.9720423 O=C(CN1CCN(C(=O)c2ccccc2N=Nc2ccncc2)CC1)N1CCN(CC2CCCCC2)CC1 1 O=C(CN1CCN(C(=O)c2ccccc2N=Nc2ccncc2)CC1)N1CCN(CC2CCCCC2)CC1 0.9720423 2.6882 1.0000000 1.0000 1.0000000 1.0000 []
 | 10.2237 35.1815 90.9327 0.9852677 Fc1ccc(N=Nc2cccc(NCc3ccco3)c2)cc1 1 c1ccc(N=Nc2cccc(NCc3ccco3)c2)cc1 0.9852677 2.2621 1.0000000 1.0000 1.0000000 1.0000 []
 | 12.1216 41.0052 84.0119 0.9766961 CN(CC1CCCCC1)C(=O)c1ccccc1N1CCN(C(=O)c2ccccc2N=Nc2ccccc2)CC1 1 O=C(NCC1CCCCC1)c1ccccc1N1CCN(C(=O)c2ccccc2N=Nc2ccccc2)CC1 0.9766961 2.5665 1.0000000 1.0000 1.0000000 1.0000 []
 | 12.0991 31.9834 -31.9834 0.0000000 O=C(COC1CN(C(=O)c2ccccc2N=Nc2ccccc2)C1)N1CCN(Cc2cccs2)CC1 1 O=C(COC1CN(C(=O)c2ccccc2N=Nc2ccccc2)C1)N1CCN(Cc2cccs2)CC1 0.9731709 2.6606 1.0000000 1.0000 1.0000000 1.0000 []
 | 20.6043 47.5469 76.8810 0.9720924 CN(C(=O)CC1CCN(C(=O)c2ccccc2N=Nc2ccncc2)CC1)C1CCC1 1 O=C(CC1CCN(C(=O)c2ccccc2N=Nc2ccncc2)CC1)NC1CCC1 0.9720924 2.6870 1.0000000 1.0000 1.0000000 1.0000 []
 | 16.3024 43.3654 81.6549 0.9767209 Cc1ccc(N=Nc2cccs2)cc1NC(=O)C1CC1 1 O=C(Nc1cccc(N=Nc2cccs2)c1)C1CC1 0.9767209 2.5658 1.0000000 1.0000 1.0000000 1.0000 []
 | 6.9711 24.6588 -24.6588 0.0000000 O=C(c1ccccc1N=Nc1ccccc1)N1CCN(CCCC2CCCC2)CC1 1 O=C(c1ccccc1N=Nc1ccccc1)N1CCN(CCCC2CCCC2)CC1 0.9836659 2.3304 1.0000000 1.0000 1.0000000 1.0000 []
 | 12.6774 56.1313 70.2851 0.9876283 Fc1ccccc1-c1ccc(N=Nc2ccccc2)cc1-c1ccc(-c2ccccc2)cc1 1 c1ccc(N=Nc2ccc(-c3ccccc3)c(-c3ccc(-c4ccccc4)cc3)c2)cc1 0.9876283 2.1468 1.0000000 1.0000 1.0000000 1.0000 []
04:13:45 <INFO> Sampled SMILES c1c(O)ccc(N=Nc2cccc(OC)c2)cc1F failed to sanitize.
04:13:48 <INFO> Score: 0.76 Agent NLL: 14.04 Valid:  99% Step: 292
 | Agent Prior Target Score SMILES SMILES_state Scaffold SA SA (raw) Alerts Alerts (raw) PS_Scaffold PS_Scaffold (raw) matchting_patterns (Alerts)
 | 13.2155 32.4232 90.9788 0.9640780 O=C(c1ccccc1N=Nc1cccnc1)N1CCC(c2ccccc2C(=O)N2CC=CCC2)CC1 1 O=C(c1ccccc1N=Nc1cccnc1)N1CCC(c2ccccc2C(=O)N2CC=CCC2)CC1 0.9640780 2.8569 1.0000000 1.0000 1.0000000 1.0000 []
 | 7.7357 30.9759 -30.9759 0.0000000 O=C(c1ccccc1N=Nc1ccccc1)N1CC(F)(C(=O)Nc2ccc(N=Nc3ccccc3)cc2)C1 1 O=C(Nc1ccc(N=Nc2ccccc2)cc1)C1CN(C(=O)c2ccccc2N=Nc2ccccc2)C1 0.9635293 2.8671 1.0000000 1.0000 1.0000000 1.0000 []
 | 14.5101 26.3332 96.2797 0.9579132 O=C(c1ccccc1N=Nc1ccc(O)cc1)N1CCC(C(=O)N2CCN(CCO)CC2)C1 1 O=C(c1ccccc1N=Nc1ccccc1)N1CCC(C(=O)N2CCNCC2)C1 0.9579132 2.9642 1.0000000 1.0000 1.0000000 1.0000 []
 | 12.3462 55.8463 69.6763 0.9806455 Cc1cccnc1N=Nc1cccc(C)c1NC(=O)Nc1ccccc1 1 O=C(Nc1ccccc1)Nc1ccccc1N=Nc1ccccn1 0.9806455 2.4429 1.0000000 1.0000 1.0000000 1.0000 []
 | 11.3115 42.0150 83.8638 0.9834278 Fc1cccc(C=NCc2ccc(N=Nc3ccccc3)cc2)c1 1 C(=NCc1ccc(N=Nc2ccccc2)cc1)c1ccccc1 0.9834278 2.3400 1.0000000 1.0000 1.0000000 1.0000 []
 | 7.9332 45.1099 -45.1099 0.0000000 Brc1ccc(N=Nc2ccc(-c3ccccc3-c3ccccc3)cc2)cc1 1 c1ccc(N=Nc2ccc(-c3ccccc3-c3ccccc3)cc2)cc1 0.9912938 1.9154 1.0000000 1.0000 1.0000000 1.0000 []
 | 15.2297 40.0479 77.9279 0.9216863 Fc1cc(N=Nc2cccc(F)c2N2CCCCC2CCN2CCOCC2)ccn1 1 c1ccc(N2CCCCC2CCN2CCOCC2)c(N=Nc2ccncc2)c1 0.9216863 3.3939 1.0000000 1.0000 1.0000000 1.0000 []
 | 17.9973 25.4242 -25.4242 0.0000000 Cc1ccc2c(cnn2C)c1NC(=O)c1ccccc1 1 O=C(Nc1cccc2[nH]ncc12)c1ccccc1 0.0000000 0.0000 1.0000000 1.0000 0.0000000 0.0000 []
 | 14.1686 54.6921 70.9831 0.9818373 c1ccc(-c2ccc(N=Nc3ccc(Oc4ccc(NCCN5CCNCC5)cc4)cc3)cc2)cc1 1 c1ccc(-c2ccc(N=Nc3ccc(Oc4ccc(NCCN5CCNCC5)cc4)cc3)cc2)cc1 0.9818373 2.4007 1.0000000 1.0000 1.0000000 1.0000 []
 | 13.1938 25.0838 90.3691 0.9019763 O=C(c1ccc(N=Nc2ccccc2)cc1)N1CC2CC2(C(=O)N2Cc3ccc(F)cc3C2)C1 1 O=C(c1ccc(N=Nc2ccccc2)cc1)N1CC2CC2(C(=O)N2Cc3ccccc3C2)C1 0.9019763 3.5542 1.0000000 1.0000 1.0000000 1.0000 []
04:14:39 <INFO> Score: 0.76 Agent NLL: 12.90 Valid:  99% Step: 293
 | Agent Prior Target Score SMILES SMILES_state Scaffold SA SA (raw) Alerts Alerts (raw) PS_Scaffold PS_Scaffold (raw) matchting_patterns (Alerts)
 | 14.0509 43.1395 79.7992 0.9604588 CCN(c1ccc(N=Nc2ccc3c(c2)OCO3)cc1)C1CCN(c2ccc(=O)[nH]n2)CC1 1 O=c1ccc(N2CCC(Nc3ccc(N=Nc4ccc5c(c4)OCO5)cc3)CC2)n[nH]1 0.9604588 2.9219 1.0000000 1.0000 1.0000000 1.0000 []
 | 12.7417 39.0402 86.4677 0.9805301 O=C(Oc1ccccc1)N1CCN(Cc2c(F)cccc2N=Nc2ccc(F)cc2)CC1 1 O=C(Oc1ccccc1)N1CCN(Cc2ccccc2N=Nc2ccccc2)CC1 0.9805301 2.4469 1.0000000 1.0000 1.0000000 1.0000 []
 | 13.6807 39.6668 85.7594 0.9798920 Fc1ccc(N=Nc2cccnc2)cc1Nc1ncccc1OCc1ccccc1 1 c1ccc(COc2cccnc2Nc2cccc(N=Nc3cccnc3)c2)cc1 0.9798920 2.4683 1.0000000 1.0000 1.0000000 1.0000 []
 | 12.7926 42.2332 79.6838 0.9524767 O=C(c1ccccc1N=Nc1ccccc1)N1CCN(Cc2cccc(C(=O)N3CCCC3C3CCCC3)c2)CC1 1 O=C(c1ccccc1N=Nc1ccccc1)N1CCN(Cc2cccc(C(=O)N3CCCC3C3CCCC3)c2)CC1 0.9524767 3.0471 1.0000000 1.0000 1.0000000 1.0000 []
 | 7.3836 45.5063 -45.5063 0.0000000 O=C(NCc1ccccc1)c1ccc(N=Nc2ccccc2)cc1 1 O=C(NCc1ccccc1)c1ccc(N=Nc2ccccc2)cc1 0.9923413 1.8312 1.0000000 1.0000 1.0000000 1.0000 []
 | 14.8006 44.0736 80.5077 0.9732915 Fc1cccc(N=Nc2ccc(F)c(CN3CCN(Cc4ccc(C(F)(F)F)nc4)CC3)c2)c1 1 c1ccc(N=Nc2cccc(CN3CCN(Cc4cccnc4)CC3)c2)cc1 0.9732915 2.6576 1.0000000 1.0000 1.0000000 1.0000 []
 | 15.7041 62.0055 62.4573 0.9723657 Fc1ccc(N=Nc2cccc(Oc3ccccc3)c2)cc1COC1CCN(CCN2CCCCCC2)CC1 1 c1ccc(Oc2cccc(N=Nc3cccc(COC4CCN(CCN5CCCCCC5)CC4)c3)c2)cc1 0.9723657 2.6804 1.0000000 1.0000 1.0000000 1.0000 []
 | 8.2271 41.7384 -41.7384 0.0000000 O=C(NCc1ccc(N=Nc2ccc(F)cc2)cc1)c1ccccc1 1 O=C(NCc1ccc(N=Nc2ccccc2)cc1)c1ccccc1 0.9912915 1.9156 1.0000000 1.0000 1.0000000 1.0000 []
 | 20.1727 66.2110 -66.2110 0.0000000 Clc1cccc(N=Nc2ccc(nc3)cc2)c1CN1CCN(CCCN2CCOCC2)CC1 0 -- 0.0000000 0.0000 0.0000000 0.0000 0.0000000 0.0000 None
 | 9.3582 24.7441 101.9071 0.9894627 Fc1ccccc1C=NNc1ccncc1 1 C(=NNc1ccncc1)c1ccccc1 0.9894627 2.0410 1.0000000 1.0000 1.0000000 1.0000 []
04:14:40 <INFO> Sampled SMILES c1cc(N=Nc2cccc(Cl)c2)ccc1-c1ccc2c[nH]c(=O)c2c1 failed to sanitize.
04:14:41 <INFO> Score: 0.84 Agent NLL: 14.26 Valid:  98% Step: 294
 | Agent Prior Target Score SMILES SMILES_state Scaffold SA SA (raw) Alerts Alerts (raw) PS_Scaffold PS_Scaffold (raw) matchting_patterns (Alerts)
 | 17.2394 35.3278 89.2825 0.9735186 O=C(Nc1cccc(NC(=O)C2CN(NC(=O)c3ccccc3N=Nc3ccccc3)C2)c1)c1ccncc1 1 O=C(Nc1cccc(NC(=O)C2CN(NC(=O)c3ccccc3N=Nc3ccccc3)C2)c1)c1ccncc1 0.9735186 2.6519 1.0000000 1.0000 1.0000000 1.0000 []
 | 12.6577 46.1647 79.5088 0.9818246 c1ccc(N=Nc2ccc(Oc3cccc(NCCCN4CCCC4)n3)cc2)cc1 1 c1ccc(N=Nc2ccc(Oc3cccc(NCCCN4CCCC4)n3)cc2)cc1 0.9818246 2.4012 1.0000000 1.0000 1.0000000 1.0000 []
 | 8.6679 53.8278 -53.8278 0.0000000 COc1ccc(N=Nc2ccc(C(=O)Nc3ccccc3)cc2)cc1 1 O=C(Nc1ccccc1)c1ccc(N=Nc2ccccc2)cc1 0.9921184 1.8501 1.0000000 1.0000 1.0000000 1.0000 []
 | 12.3142 37.8014 -37.8014 0.0000000 CC(=O)Nc1ccc(N=Nc2ccc(F)cc2)cc1 1 c1ccc(N=Nc2ccccc2)cc1 0.9905089 1.9722 1.0000000 1.0000 1.0000000 1.0000 []
 | 11.2941 37.8836 85.6152 0.9648347 c1cc(N=Nc2cccs2)cc(NCc2ccoc2)c1 1 c1cc(N=Nc2cccs2)cc(NCc2ccoc2)c1 0.9648347 2.8425 1.0000000 1.0000 1.0000000 1.0000 []
 | 14.7193 38.6429 86.0346 0.9740431 Fc1ccc(N=Nc2cccc(F)c2CNc2ccccc2OC2CCOCC2)cc1 1 c1ccc(N=Nc2ccccc2CNc2ccccc2OC2CCOCC2)cc1 0.9740431 2.6385 1.0000000 1.0000 1.0000000 1.0000 []
 | 14.6842 43.3436 82.6628 0.9844252 c1cncc(N=Nc2ccccc2Nc2ccc(N3CCCC3)cc2)c1 1 c1cncc(N=Nc2ccccc2Nc2ccc(N3CCCC3)cc2)c1 0.9844252 2.2989 1.0000000 1.0000 1.0000000 1.0000 []
 | 15.5967 47.2425 78.5866 0.9830397 O=C(c1ccnc(-c2cccc(N=Nc3ccccc3Cl)c2)c1)N1CCC1 1 O=C(c1ccnc(-c2cccc(N=Nc3ccccc3)c2)c1)N1CCC1 0.9830397 2.3553 1.0000000 1.0000 1.0000000 1.0000 []
 | 16.4610 53.3763 64.5545 0.9213343 O=C(c1ccccc1N=Nc1ccncc1)N1CCN(CC(O)C(=O)N(CCO)C2CCCCC2)CC1 1 O=C(CCN1CCN(C(=O)c2ccccc2N=Nc2ccncc2)CC1)NC1CCCCC1 0.9213343 3.3971 1.0000000 1.0000 1.0000000 1.0000 []
 | 15.9149 35.1500 80.0791 0.9002274 O=C(C1CC(c2ccccc2)CN1C(=O)c1ccccc1N=Nc1ccc(O)cc1)N1CCc2ncccc2C1 1 O=C(C1CC(c2ccccc2)CN1C(=O)c1ccccc1N=Nc1ccccc1)N1CCc2ncccc2C1 0.9002274 3.5670 1.0000000 1.0000 1.0000000 1.0000 []
04:14:44 <INFO> Score: 0.84 Agent NLL: 13.71 Valid:  99% Step: 295
 | Agent Prior Target Score SMILES SMILES_state Scaffold SA SA (raw) Alerts Alerts (raw) PS_Scaffold PS_Scaffold (raw) matchting_patterns (Alerts)
 | 8.2333 54.5773 -54.5773 0.0000000 COc1ccc(N=Nc2cccc(C(=O)Nc3ccccc3)c2)cc1 1 O=C(Nc1ccccc1)c1cccc(N=Nc2ccccc2)c1 0.9914843 1.9009 1.0000000 1.0000 1.0000000 1.0000 []
 | 14.6788 33.3718 90.1433 0.9649618 O=C(c1ccc(OC2CN(C(=O)c3ccccc3N=Nc3cccnc3)C2)cc1)N1CCC(F)(F)CC1 1 O=C(c1ccc(OC2CN(C(=O)c3ccccc3N=Nc3cccnc3)C2)cc1)N1CCCCC1 0.9649618 2.8400 1.0000000 1.0000 1.0000000 1.0000 []
 | 12.0787 40.6147 82.9529 0.9653715 O=C(c1ccccc1N=Nc1ccccc1)N1CCC(F)(C(=O)NCCCN2C(=O)c3ccccc3C2=O)CC1 1 O=C(NCCCN1C(=O)c2ccccc2C1=O)C1CCN(C(=O)c2ccccc2N=Nc2ccccc2)CC1 0.9653715 2.8321 1.0000000 1.0000 1.0000000 1.0000 []
 | 16.9960 59.2756 -59.2756 0.0000000 C1=NCCCN(Cc2cccc(N=Nc3ccc(N4CCCCCC4)nc3)c2)CC1 1 C1=NCCCN(Cc2cccc(N=Nc3ccc(N4CCCCCC4)nc3)c2)CC1 0.0000000 0.0000 0.0000000 0.0000 0.0000000 0.0000 ['[*;r8]']
 | 13.5419 44.2094 75.6241 0.9361995 O=C(C1Cc2ccccc2CN1C(=O)c1ccccc1N=Nc1ccc(O)cc1)N1CCN(c2ncccc2Cl)CC1 1 O=C(C1Cc2ccccc2CN1C(=O)c1ccccc1N=Nc1ccccc1)N1CCN(c2ccccn2)CC1 0.9361995 3.2502 1.0000000 1.0000 1.0000000 1.0000 []
 | 14.2072 45.7338 80.0159 0.9824195 c1ccc(OCCCOc2cccc(N=Nc3cccc(Cn4cccn4)c3)c2)cc1 1 c1ccc(OCCCOc2cccc(N=Nc3cccc(Cn4cccn4)c3)c2)cc1 0.9824195 2.3791 1.0000000 1.0000 1.0000000 1.0000 []
 | 14.2797 65.1204 60.6250 0.9823853 c1ccc(N=Nc2cccc(N3CCC3)n2)cc1 1 c1ccc(N=Nc2cccc(N3CCC3)n2)cc1 0.9823853 2.3804 1.0000000 1.0000 1.0000000 1.0000 []
 | 9.5570 24.1457 -24.1457 0.0000000 O=C(c1ccc(N=Nc2ccccc2)cc1)N1CC(NC(=O)C2(c3ccc(F)cc3)CC2)CC1CO 1 O=C(c1ccc(N=Nc2ccccc2)cc1)N1CCC(NC(=O)C2(c3ccccc3)CC2)C1 0.9197382 3.4113 1.0000000 1.0000 1.0000000 1.0000 []
 | 13.2087 51.8060 72.9144 0.9743788 O=C1COc2cc(-c3cccc(N=Nc4cccs4)c3)ccc2N1Cc1ccccc1 1 O=C1COc2cc(-c3cccc(N=Nc4cccs4)c3)ccc2N1Cc1ccccc1 0.9743788 2.6298 1.0000000 1.0000 1.0000000 1.0000 []
 | 13.0545 42.3582 80.9617 0.9634363 O=C1NCCCCC1Nc1ccccc1N=Nc1ccccc1 1 O=C1NCCCCC1Nc1ccccc1N=Nc1ccccc1 0.9634363 2.8688 1.0000000 1.0000 1.0000000 1.0000 []
04:14:44 <INFO> Sampled SMILES c1cc(N=Nc2ccc(-c3ccccc3)cc2)ccc1-c1cc(OCCN2CCOCC2)cc1 failed to sanitize.
04:14:46 <INFO> Score: 0.76 Agent NLL: 14.23 Valid:  99% Step: 296
 | Agent Prior Target Score SMILES SMILES_state Scaffold SA SA (raw) Alerts Alerts (raw) PS_Scaffold PS_Scaffold (raw) matchting_patterns (Alerts)
 | 14.7147 53.7619 67.9296 0.9507151 c1cc(CNC2CCOc3ccccc32)cc(N=Nc2ccc(N3CCCCCC3)nc2)c1 1 c1cc(CNC2CCOc3ccccc32)cc(N=Nc2ccc(N3CCCCCC3)nc2)c1 0.9507151 3.0720 1.0000000 1.0000 1.0000000 1.0000 []
 | 17.0040 51.1621 74.9254 0.9850588 O=C(C1CCN(c2ccccc2N=Nc2ccccc2)CC1)N1CCC1 1 O=C(C1CCN(c2ccccc2N=Nc2ccccc2)CC1)N1CCC1 0.9850588 2.2714 1.0000000 1.0000 1.0000000 1.0000 []
 | 10.8063 27.7854 -27.7854 0.0000000 O=C(c1ccccc1N=Nc1ccccc1)N1CCc2[nH]c(=O)[nH]c(=O)c2C1 1 O=C(c1ccccc1N=Nc1ccccc1)N1CCc2[nH]c(=O)[nH]c(=O)c2C1 0.9742889 2.6321 1.0000000 1.0000 1.0000000 1.0000 []
 | 16.0775 44.4978 80.3918 0.9756992 O=C(Nc1ccccc1N1CCOCC1)C1CCN(C(=O)c2ccccc2N=Nc2ccncc2)CC1 1 O=C(Nc1ccccc1N1CCOCC1)C1CCN(C(=O)c2ccccc2N=Nc2ccncc2)CC1 0.9756992 2.5945 1.0000000 1.0000 1.0000000 1.0000 []
 | 9.2434 30.7717 94.3158 0.9772461 O=C(c1ccccc1N=Nc1ccccc1)N1CCN(CC(=O)N(Cc2ccco2)c2ccccc2)CC1 1 O=C(c1ccccc1N=Nc1ccccc1)N1CCN(CC(=O)N(Cc2ccco2)c2ccccc2)CC1 0.9772461 2.5506 1.0000000 1.0000 1.0000000 1.0000 []
 | 11.3525 35.0753 -35.0753 0.0000000 OCCN1CCN(Cc2cc(N=Nc3ccccc3)ccc2F)CC1 1 c1ccc(N=Nc2cccc(CN3CCNCC3)c2)cc1 0.9842699 2.3054 1.0000000 1.0000 1.0000000 1.0000 []
 | 17.0461 37.0149 74.1470 0.8684527 O=C(CN1CCCC1=O)NC1CC12CCN(C(=O)c1ccc(N=Nc3cccc(O)c3)cc1)CC2 1 O=C(CN1CCCC1=O)NC1CC12CCN(C(=O)c1ccc(N=Nc3ccccc3)cc1)CC2 0.8684527 3.7705 1.0000000 1.0000 1.0000000 1.0000 []
 | 21.1123 48.9650 71.2746 0.9393711 CC1CC1C(=O)Nc1ccc2c(c1)CN(C(=O)c1ccc(N=Nc3cccc(F)c3)cc1)C2 1 O=C(Nc1ccc2c(c1)CN(C(=O)c1ccc(N=Nc3ccccc3)cc1)C2)C1CC1 0.9393711 3.2148 1.0000000 1.0000 1.0000000 1.0000 []
 | 12.0812 24.0660 95.8976 0.9372153 O=C(c1ccc(N=Nc2ccccc2)cc1)N1CC(O)(C(=O)NCCN2CCCCC2CO)C1 1 O=C(NCCN1CCCCC1)C1CN(C(=O)c2ccc(N=Nc3ccccc3)cc2)C1 0.9372153 3.2390 1.0000000 1.0000 1.0000000 1.0000 []
 | 18.2212 47.5887 76.3143 0.9679917 Clc1ccc(N=Nc2cccc(NCc3ccccc3N3CCN(C4CCOCC4)CC3)c2)cn1 1 c1cncc(N=Nc2cccc(NCc3ccccc3N3CCN(C4CCOCC4)CC3)c2)c1 0.9679917 2.7791 1.0000000 1.0000 1.0000000 1.0000 []
04:14:49 <INFO> Score: 0.80 Agent NLL: 14.04 Valid:  99% Step: 297
 | Agent Prior Target Score SMILES SMILES_state Scaffold SA SA (raw) Alerts Alerts (raw) PS_Scaffold PS_Scaffold (raw) matchting_patterns (Alerts)
 | 10.8276 34.8385 87.8765 0.9587106 O=C(c1ccccc1N=Nc1ccccc1)N1CC(F)(C(=O)N2CCN(c3ncccc3C(F)(F)F)CC2)C1 1 O=C(c1ccccc1N=Nc1ccccc1)N1CC(C(=O)N2CCN(c3ccccn3)CC2)C1 0.9587106 2.9512 1.0000000 1.0000 1.0000000 1.0000 []
 | 20.1662 38.6449 86.8254 0.9802367 Brc1cccnc1Nc1ccc(N=Nc2ccncc2)cc1 1 c1ccc(Nc2ccc(N=Nc3ccncc3)cc2)nc1 0.9802367 2.4568 1.0000000 1.0000 1.0000000 1.0000 []
 | 14.1259 52.0700 74.3072 0.9873213 c1ccc(-c2ccc(N=Nc3ccc(-c4cccnc4)cc3)cc2)nc1 1 c1ccc(-c2ccc(N=Nc3ccc(-c4cccnc4)cc3)cc2)nc1 0.9873213 2.1629 1.0000000 1.0000 1.0000000 1.0000 []
 | 17.5493 55.9335 68.9994 0.9760384 Fc1cccc(N=Nc2ccccc2-c2cnco2)c1 1 c1ccc(N=Nc2ccccc2-c2cnco2)cc1 0.9760384 2.5851 1.0000000 1.0000 1.0000000 1.0000 []
 | 22.6022 59.8635 64.4679 0.9713386 Cc1cccc(N=Nc2cnc(Cl)cn2)c1CNC(=O)c1ccccc1 1 O=C(NCc1ccccc1N=Nc1cnccn1)c1ccccc1 0.9713386 2.7049 1.0000000 1.0000 1.0000000 1.0000 []
 | 12.4033 40.0106 86.3932 0.9875296 O=C(Cc1ccccc1)Nc1ccccc1Nc1ccc(N=Nc2ccc(F)cc2)cc1 1 O=C(Cc1ccccc1)Nc1ccccc1Nc1ccc(N=Nc2ccccc2)cc1 0.9875296 2.1520 1.0000000 1.0000 1.0000000 1.0000 []
 | 10.9402 35.6281 90.6536 0.9865755 Fc1ccc(N=Nc2ccc(Oc3ccccc3)cc2)cc1CN1CCC1 1 c1ccc(Oc2ccc(N=Nc3cccc(CN4CCC4)c3)cc2)cc1 0.9865755 2.2007 1.0000000 1.0000 1.0000000 1.0000 []
 | 19.6713 48.1031 75.2195 0.9634582 Fc1cc(N=Nc2ccccc2Nc2cnc(N3CCNCC3)nc2)ccn1 1 c1ccc(Nc2cnc(N3CCNCC3)nc2)c(N=Nc2ccncc2)c1 0.9634582 2.8684 1.0000000 1.0000 1.0000000 1.0000 []
 | 18.6169 49.1494 72.8076 0.9527891 Fc1cccc(N=Nc2ccc(On3cccn3)cc2)c1Cn1cccn1 1 c1ccc(N=Nc2ccc(On3cccn3)cc2)c(Cn2cccn2)c1 0.9527891 3.0426 1.0000000 1.0000 1.0000000 1.0000 []
 | 13.9292 30.9095 93.2487 0.9699859 O=C(c1ccccc1N=Nc1cccnc1)N1CCC(C(=O)N2Cc3cccnc3C2)CC1 1 O=C(c1ccccc1N=Nc1cccnc1)N1CCC(C(=O)N2Cc3cccnc3C2)CC1 0.9699859 2.7358 1.0000000 1.0000 1.0000000 1.0000 []
04:14:50 <INFO> Sampled SMILES O=C(c1ccccc1N=Nc1ccncc1)N1CCN(c2cccc(C(=O)N3CCc4cccc(F)c4C3)cc2)CC1 failed to sanitize.
04:14:52 <INFO> Score: 0.82 Agent NLL: 14.18 Valid:  98% Step: 298
 | Agent Prior Target Score SMILES SMILES_state Scaffold SA SA (raw) Alerts Alerts (raw) PS_Scaffold PS_Scaffold (raw) matchting_patterns (Alerts)
 | 17.5309 54.7541 70.3045 0.9770198 O=C(Nc1cc(N=Nc2ccc(Nc3ncccc3OCc3ccccc3)cc2)ccn1)C1CC1 1 O=C(Nc1cc(N=Nc2ccc(Nc3ncccc3OCc3ccccc3)cc2)ccn1)C1CC1 0.9770198 2.5572 1.0000000 1.0000 1.0000000 1.0000 []
 | 28.2257 54.5593 64.1159 0.9271494 CCN(CCC1CCC(OC)C1)c1ccc(N=Nc2cccc(F)c2)cc1 1 c1ccc(N=Nc2ccc(NCCC3CCCC3)cc2)cc1 0.9271494 3.3429 1.0000000 1.0000 1.0000000 1.0000 []
 | 12.0721 36.3731 83.9639 0.9401328 O=C(c1ccccc1N=Nc1ccccc1)N1CCC(O)(C(=O)Nc2ccc3ccccc3c2Cl)C1 1 O=C(Nc1ccc2ccccc2c1)C1CCN(C(=O)c2ccccc2N=Nc2ccccc2)C1 0.9401328 3.2060 1.0000000 1.0000 1.0000000 1.0000 []
 | 13.9084 23.6466 99.5679 0.9626129 O=C(c1ccc(N=Nc2ccc(O)cc2)cc1)N1CC(F)(C(=O)NCC2Cc3ccccc3C2)C1 1 O=C(NCC1Cc2ccccc2C1)C1CN(C(=O)c2ccc(N=Nc3ccccc3)cc2)C1 0.9626129 2.8839 1.0000000 1.0000 1.0000000 1.0000 []
 | 14.1555 38.1102 85.5158 0.9658277 Fc1cccc(N=Nc2ccc(NCC(c3ccccc3)N3CCOCC3)cc2)c1 1 c1ccc(N=Nc2ccc(NCC(c3ccccc3)N3CCOCC3)cc2)cc1 0.9658277 2.8232 1.0000000 1.0000 1.0000000 1.0000 []
 | 13.6676 45.2505 80.9851 0.9862154 Fc1ccc(CN2CCN(Cc3cccc(N=Nc4ccc(Br)cc4)c3)CC2)cc1 1 c1ccc(CN2CCN(Cc3cccc(N=Nc4ccccc4)c3)CC2)cc1 0.9862154 2.2181 1.0000000 1.0000 1.0000000 1.0000 []
 | 25.3315 64.6307 -64.6307 0.0000000 O=C(c1ccccc1N=Nc1ccncc1)N1CCN(c2cccc(C(=O)N3CCc4cccc(F)c4C3)cc2)CC1 0 -- 0.0000000 0.0000 0.0000000 0.0000 0.0000000 0.0000 None
 | 12.3050 42.7816 83.9809 0.9903317 c1ccc(N=Nc2ccc(Nc3ccc(COc4ccccc4)cc3)cc2)cc1 1 c1ccc(N=Nc2ccc(Nc3ccc(COc4ccccc4)cc3)cc2)cc1 0.9903317 1.9844 1.0000000 1.0000 1.0000000 1.0000 []
 | 19.3218 48.9015 76.7224 0.9814367 O=C(CNC(=O)C1CCCCC1)Nc1ccc(N=Nc2ccc3ccncc3c2)cc1 1 O=C(CNC(=O)C1CCCCC1)Nc1ccc(N=Nc2ccc3ccncc3c2)cc1 0.9814367 2.4152 1.0000000 1.0000 1.0000000 1.0000 []
 | 13.4169 41.9751 83.2217 0.9781003 Oc1cccc(N=Nc2ccccc2)c1CN1CCN(CCCC2CCCC2)CC1 1 c1ccc(N=Nc2ccccc2CN2CCN(CCCC3CCCC3)CC2)cc1 0.9781003 2.5251 1.0000000 1.0000 1.0000000 1.0000 []
04:14:54 <INFO> Sampled SMILES Fc1ccc(N=Nc2cccnc2)cc1Nc1cc(OCCN2CCOCC2)cc1 failed to sanitize.
04:14:54 <INFO> Sampled SMILES c1cc(N=Nc2ccc(F)cc2)ccc1Oc1ccc(Nc2cccnc2)c1 failed to sanitize.
04:14:55 <INFO> Score: 0.75 Agent NLL: 13.37 Valid:  98% Step: 299
 | Agent Prior Target Score SMILES SMILES_state Scaffold SA SA (raw) Alerts Alerts (raw) PS_Scaffold PS_Scaffold (raw) matchting_patterns (Alerts)
 | 10.0372 41.0675 84.5101 0.9810745 O=C(NCCCN1CCN(C(=O)c2ccc(N=Nc3ccccc3)cc2)CC1)C1CCN(c2ccccc2)CC1 1 O=C(NCCCN1CCN(C(=O)c2ccc(N=Nc3ccccc3)cc2)CC1)C1CCN(c2ccccc2)CC1 0.9810745 2.4280 1.0000000 1.0000 1.0000000 1.0000 []
 | 11.2672 51.1505 73.7308 0.9756351 O=C(NCCCN1CCN(C(=O)c2ccccc2N=Nc2ccncc2)CC1)c1ccc(C(F)(F)F)cc1 1 O=C(NCCCN1CCN(C(=O)c2ccccc2N=Nc2ccncc2)CC1)c1ccccc1 0.9756351 2.5962 1.0000000 1.0000 1.0000000 1.0000 []
 | 8.3414 42.1842 -42.1842 0.0000000 c1ccc(COc2ccc(Oc3ccc(N=Nc4ccccc4)cc3)cc2)cc1 1 c1ccc(COc2ccc(Oc3ccc(N=Nc4ccccc4)cc3)cc2)cc1 0.9911586 1.9256 1.0000000 1.0000 1.0000000 1.0000 []
 | 12.0575 66.7001 58.9981 0.9820165 COc1ccc(N=Nc2cccc(-c3cc(-c4ccccc4)ccc3-c3ccccc3)c2)nc1 1 c1ccc(-c2ccc(-c3ccccc3)c(-c3cccc(N=Nc4ccccn4)c3)c2)cc1 0.9820165 2.3941 1.0000000 1.0000 1.0000000 1.0000 []
 | 13.1134 44.4401 79.5678 0.9688119 c1cc(COC2CCNCC2)cc(N=Nc2cccc(-c3cccnc3)n2)c1 1 c1cc(COC2CCNCC2)cc(N=Nc2cccc(-c3cccnc3)n2)c1 0.9688119 2.7616 1.0000000 1.0000 1.0000000 1.0000 []
 | 12.6440 31.3742 92.4670 0.9675095 CN(c1ccc(N=Nc2ccccc2)cc1)C1CCCN(C(=O)Nc2ccccc2)C1 1 O=C(Nc1ccccc1)N1CCCC(Nc2ccc(N=Nc3ccccc3)cc2)C1 0.9675095 2.7892 1.0000000 1.0000 1.0000000 1.0000 []
 | 12.4006 38.8668 85.2639 0.9697708 O=C(c1ccc(N2CCN(C(=O)c3ccccc3N=Nc3ccccc3)CC2)nc1)N(CCCO)Cc1cccnc1 1 O=C(NCc1cccnc1)c1ccc(N2CCN(C(=O)c3ccccc3N=Nc3ccccc3)CC2)nc1 0.9697708 2.7406 1.0000000 1.0000 1.0000000 1.0000 []
 | 13.3602 44.9631 80.5959 0.9809297 Clc1ccc(N=Nc2ccc(Oc3ccccc3)cc2)cc1CN1CCN(CC2CCC2)CC1 1 c1ccc(Oc2ccc(N=Nc3cccc(CN4CCN(CC5CCC5)CC4)c3)cc2)cc1 0.9809297 2.4331 1.0000000 1.0000 1.0000000 1.0000 []
 | 16.6217 49.7036 76.0518 0.9824638 O=C(Cc1ccccc1)NCCNCCCNc1cccc(N=Nc2ccc(F)cc2)c1 1 O=C(Cc1ccccc1)NCCNCCCNc1cccc(N=Nc2ccccc2)c1 0.9824638 2.3774 1.0000000 1.0000 1.0000000 1.0000 []
 | 11.1018 36.6151 -36.6151 0.0000000 Fc1ccc(N=Nc2ccc(Nc3ccc(F)cc3)cc2)cc1 1 c1ccc(N=Nc2ccc(Nc3ccccc3)cc2)cc1 0.9915816 1.8934 1.0000000 1.0000 1.0000000 1.0000 []
04:15:50 <INFO> Score: 0.85 Agent NLL: 14.10 Valid: 100% Step: 300
 | Agent Prior Target Score SMILES SMILES_state Scaffold SA SA (raw) Alerts Alerts (raw) PS_Scaffold PS_Scaffold (raw) matchting_patterns (Alerts)
 | 9.6832 42.8848 83.5507 0.9877777 c1ccc(-c2ccc(N=Nc3ccc(-c4cccc5cccnc45)cc3)cc2)cc1 1 c1ccc(-c2ccc(N=Nc3ccc(-c4cccc5cccnc45)cc3)cc2)cc1 0.9877777 2.1387 1.0000000 1.0000 1.0000000 1.0000 []
 | 17.4848 51.5003 71.6121 0.9618157 C1=CNNC(c2cccc(N=Nc3ccccc3)c2)=C1 1 C1=CNNC(c2cccc(N=Nc3ccccc3)c2)=C1 0.9618157 2.8982 1.0000000 1.0000 1.0000000 1.0000 []
 | 14.1824 32.8909 -32.8909 0.0000000 Clc1ccc(N=Nc2ccc(OCc3cccnc3)cc2)cc1 1 c1ccc(N=Nc2ccc(OCc3cccnc3)cc2)cc1 0.9889312 2.0734 1.0000000 1.0000 1.0000000 1.0000 []
 | 7.8252 38.3120 -38.3120 0.0000000 O=C(c1ccccc1N=Nc1ccccc1)N1CCN(Cc2ccc(N=Nc3ccccc3)cc2)CC1 1 O=C(c1ccccc1N=Nc1ccccc1)N1CCN(Cc2ccc(N=Nc3ccccc3)cc2)CC1 0.9784049 2.5158 1.0000000 1.0000 1.0000000 1.0000 []
 | 17.5305 43.9033 81.9325 0.9830922 c1cc(CN2CCCCCC2)cc(N=Nc2ccccc2OC2CC2)c1 1 c1cc(CN2CCCCCC2)cc(N=Nc2ccccc2OC2CC2)c1 0.9830922 2.3532 1.0000000 1.0000 1.0000000 1.0000 []
 | 18.5887 49.7461 75.6878 0.9799525 Fc1ccc(N=Nc2ccc(N3CCOCC3)cc2)cc1CNCc1ccc(Oc2ccccc2)cc1 1 c1ccc(Oc2ccc(CNCc3cccc(N=Nc4ccc(N5CCOCC5)cc4)c3)cc2)cc1 0.9799525 2.4663 1.0000000 1.0000 1.0000000 1.0000 []
 | 19.3175 58.4934 66.2788 0.9747832 OCc1cccc(F)c1-c1ccc(N=Nc2ccc(-c3ccco3)nc2)cc1 1 c1ccc(-c2ccc(N=Nc3ccc(-c4ccco4)nc3)cc2)cc1 0.9747832 2.6192 1.0000000 1.0000 1.0000000 1.0000 []
 | 13.5753 45.6381 80.2373 0.9834011 O=c1cc(Nc2ccc(N=Nc3ccc(-c4ccccc4)cc3)cc2)cc[nH]1 1 O=c1cc(Nc2ccc(N=Nc3ccc(-c4ccccc4)cc3)cc2)cc[nH]1 0.9834011 2.3410 1.0000000 1.0000 1.0000000 1.0000 []
 | 9.8794 24.9599 -24.9599 0.0000000 O=C(C1=CCN(C(=O)c2ccc(N=Nc3ccccc3)cc2)C1)N1CCN(c2ccccc2)CC1 1 O=C(C1=CCN(C(=O)c2ccc(N=Nc3ccccc3)cc2)C1)N1CCN(c2ccccc2)CC1 0.9758410 2.5905 1.0000000 1.0000 1.0000000 1.0000 []
 | 17.4184 45.2495 79.4502 0.9742169 O=C(Cl)c1ccccc1N=Nc1cc(-c2ccccc2)no1 1 c1ccc(N=Nc2cc(-c3ccccc3)no2)cc1 0.9742169 2.6340 1.0000000 1.0000 1.0000000 1.0000 []
04:15:50 <INFO> Sampled SMILES c1ccc(N=Nc2cccc(OC)n2)cc1CN=Oc1ccccn1 failed to sanitize.
04:15:50 <INFO> Sampled SMILES c1cc(N=Nc2ccccc2)ccc1C(=O)Nc1ccc(S(=O)(=O)No2=NCCCCC2)cc1 failed to sanitize.
04:15:50 <INFO> Sampled SMILES c1ccc(N=Nc2ccnc(COC)c2)cc1FNc1ccco1 failed to sanitize.
04:15:52 <INFO> Score: 0.79 Agent NLL: 13.76 Valid:  96% Step: 301
 | Agent Prior Target Score SMILES SMILES_state Scaffold SA SA (raw) Alerts Alerts (raw) PS_Scaffold PS_Scaffold (raw) matchting_patterns (Alerts)
 | 8.4127 57.6733 -57.6733 0.0000000 O=C(Cc1ccccc1)Nc1cccc(N=Nc2ccccc2)c1 1 O=C(Cc1ccccc1)Nc1cccc(N=Nc2ccccc2)c1 0.9911243 1.9281 1.0000000 1.0000 1.0000000 1.0000 []
 | 12.1782 38.7943 87.2974 0.9850916 c1ccc(N=Nc2cccc(Nc3ccc(OCCN4CCOCC4)cc3)c2)cc1 1 c1ccc(N=Nc2cccc(Nc3ccc(OCCN4CCOCC4)cc3)c2)cc1 0.9850916 2.2699 1.0000000 1.0000 1.0000000 1.0000 []
 | 15.2945 71.7097 53.1686 0.9756120 Cc1c(N=Nc2ccc(C3CCN(Cc4ccccc4)CC3)cc2)ccnc1NC(=O)C1CCC1 1 O=C(Nc1cc(N=Nc2ccc(C3CCN(Cc4ccccc4)CC3)cc2)ccn1)C1CCC1 0.9756120 2.5968 1.0000000 1.0000 1.0000000 1.0000 []
 | 16.2808 42.2047 82.7047 0.9758546 c1cncc(CN2CCCN(Cc3ccc(N=Nc4cccc(Cn5cccc5)c4)cc3)CC2)c1 1 c1cncc(CN2CCCN(Cc3ccc(N=Nc4cccc(Cn5cccc5)c4)cc3)CC2)c1 0.9758546 2.5902 1.0000000 1.0000 1.0000000 1.0000 []
 | 11.0556 34.7721 77.9202 0.8804085 O=C(c1ccccc1N=Nc1cccnc1)N1CC2C(C1)C2NC(=O)C1(c2ccc(Cl)c(Cl)c2)CC1 1 O=C(c1ccccc1N=Nc1cccnc1)N1CC2C(C1)C2NC(=O)C1(c2ccccc2)CC1 0.8804085 3.6995 1.0000000 1.0000 1.0000000 1.0000 []
 | 9.0992 35.5750 -35.5750 0.0000000 O=C(c1ccccc1N=Nc1ccncc1)N1CCN(S(=O)(=O)c2ccccc2)CC1 1 O=C(c1ccccc1N=Nc1ccncc1)N1CCN(S(=O)(=O)c2ccccc2)CC1 0.9822654 2.3849 1.0000000 1.0000 1.0000000 1.0000 []
 | 15.7058 45.7806 79.8372 0.9813892 Fc1cccc(N=Nc2ccccc2CNCc2ccc(N3CCOCC3)cc2)c1 1 c1ccc(N=Nc2ccccc2CNCc2ccc(N3CCOCC3)cc2)cc1 0.9813892 2.4169 1.0000000 1.0000 1.0000000 1.0000 []
 | 16.5458 72.7160 52.2227 0.9760836 CC(C)(C)OC(=O)NCCCN1CCN(Cc2ccc(N=Nc3ccc(CCN4CCCCC4)cc3)cc2)CC1 1 c1cc(N=Nc2ccc(CN3CCNCC3)cc2)ccc1CCN1CCCCC1 0.9760836 2.5838 1.0000000 1.0000 1.0000000 1.0000 []
 | 12.3227 41.7613 83.2627 0.9767503 Fc1ccc(N=Nc2cccc(NCc3sccc3C3CC3)c2)cc1 1 c1ccc(N=Nc2cccc(NCc3sccc3C3CC3)c2)cc1 0.9767503 2.5650 1.0000000 1.0000 1.0000000 1.0000 []
 | 8.8705 35.7211 -35.7211 0.0000000 c1ccc(N=Nc2ccc(Nc3ccc4c(c3)OCO4)cc2)cc1 1 c1ccc(N=Nc2ccc(Nc3ccc4c(c3)OCO4)cc2)cc1 0.9876160 2.1474 1.0000000 1.0000 1.0000000 1.0000 []
04:15:54 <INFO> Score: 0.77 Agent NLL: 13.82 Valid:  99% Step: 302
 | Agent Prior Target Score SMILES SMILES_state Scaffold SA SA (raw) Alerts Alerts (raw) PS_Scaffold PS_Scaffold (raw) matchting_patterns (Alerts)
 | 10.7203 36.8259 -36.8259 0.0000000 Fc1cccc(N=Nc2ccccc2)c1CN1CCN(Cc2ccccn2)CC1 1 c1ccc(N=Nc2ccccc2CN2CCN(Cc3ccccn3)CC2)cc1 0.9816119 2.4089 1.0000000 1.0000 1.0000000 1.0000 []
 | 12.2610 36.9932 88.7331 0.9822364 O=C(c1ccccc1N=Nc1ccccc1)N(Cc1ccccc1)Cc1ccc(N2CCOCC2)cc1 1 O=C(c1ccccc1N=Nc1ccccc1)N(Cc1ccccc1)Cc1ccc(N2CCOCC2)cc1 0.9822364 2.3860 1.0000000 1.0000 1.0000000 1.0000 []
 | 13.2028 44.9554 80.3594 0.9790215 O=C(Cc1ccccc1)Nc1cccc(NCc2c(F)cccc2N=Nc2ccncc2)c1 1 O=C(Cc1ccccc1)Nc1cccc(NCc2ccccc2N=Nc2ccncc2)c1 0.9790215 2.4965 1.0000000 1.0000 1.0000000 1.0000 []
 | 16.8638 39.2849 86.3923 0.9818532 c1cncc(N=Nc2ccc(-c3ccccc3-c3cncnc3)cc2)c1 1 c1cncc(N=Nc2ccc(-c3ccccc3-c3cncnc3)cc2)c1 0.9818532 2.4001 1.0000000 1.0000 1.0000000 1.0000 []
 | 8.3510 41.7384 -41.7384 0.0000000 O=C(NCc1ccc(N=Nc2ccc(F)cc2)cc1)c1ccccc1 1 O=C(NCc1ccc(N=Nc2ccccc2)cc1)c1ccccc1 0.9912915 1.9156 1.0000000 1.0000 1.0000000 1.0000 []
 | 12.8730 31.1304 82.6778 0.8891261 O=C(c1ccc(N=Nc2ccccn2)cc1)N1CC2C(C1)C2NC(=O)C1(c2cccc(F)c2)CCC1 1 O=C(c1ccc(N=Nc2ccccn2)cc1)N1CC2C(C1)C2NC(=O)C1(c2ccccc2)CCC1 0.8891261 3.6438 1.0000000 1.0000 1.0000000 1.0000 []
 | 11.5188 40.0727 86.4050 0.9881071 O=C(NCCOc1cc(N=Nc2ccccc2)ccc1F)c1ccccc1 1 O=C(NCCOc1cccc(N=Nc2ccccc2)c1)c1ccccc1 0.9881071 2.1207 1.0000000 1.0000 1.0000000 1.0000 []
 | 11.9214 32.3163 90.8056 0.9618897 O=C(c1ccccc1N=Nc1cccnc1)N1CCC(F)(C(=O)Nc2cccc3cccnc23)CC1 1 O=C(Nc1cccc2cccnc12)C1CCN(C(=O)c2ccccc2N=Nc2cccnc2)CC1 0.9618897 2.8969 1.0000000 1.0000 1.0000000 1.0000 []
 | 12.9829 39.3687 85.1979 0.9731767 O=C(c1ccc(OC2CN(C(=O)c3ccccc3N=Nc3ccccc3)C2)cc1)N1CCN(CCN2CCCC2)CC1 1 O=C(c1ccc(OC2CN(C(=O)c3ccccc3N=Nc3ccccc3)C2)cc1)N1CCN(CCN2CCCC2)CC1 0.9731767 2.6605 1.0000000 1.0000 1.0000000 1.0000 []
 | 13.0586 37.3003 82.7980 0.9382681 O=C(NC1COCCN(C(=O)c2ccccc2N=Nc2ccccc2)C1)c1ccccc1N=Nc1ccccc1 1 O=C(NC1COCCN(C(=O)c2ccccc2N=Nc2ccccc2)C1)c1ccccc1N=Nc1ccccc1 0.9382681 3.2273 1.0000000 1.0000 1.0000000 1.0000 []
04:15:56 <INFO> Score: 0.84 Agent NLL: 14.22 Valid:  99% Step: 303
 | Agent Prior Target Score SMILES SMILES_state Scaffold SA SA (raw) Alerts Alerts (raw) PS_Scaffold PS_Scaffold (raw) matchting_patterns (Alerts)
 | 9.8618 41.3190 85.1489 0.9880310 Cc1ccc(N=Nc2ccccc2)cc1NC(=O)c1ccncc1 1 O=C(Nc1cccc(N=Nc2ccccc2)c1)c1ccncc1 0.9880310 2.1249 1.0000000 1.0000 1.0000000 1.0000 []
 | 14.1231 38.2247 86.4332 0.9738902 O=C(CCN1CCN(C(=O)c2ccc(N=Nc3ccc(O)cc3)cc2)CC1)N1CCN(CCc2ccncc2)CC1 1 O=C(CCN1CCN(C(=O)c2ccc(N=Nc3ccccc3)cc2)CC1)N1CCN(CCc2ccncc2)CC1 0.9738902 2.6424 1.0000000 1.0000 1.0000000 1.0000 []
 | 10.6165 36.2058 87.8443 0.9691417 O=C(c1cccc(CN2CCN(C(=O)c3ccccc3N=Nc3cccnc3)CC2)c1)N1CC(c2cccnc2)C1 1 O=C(c1cccc(CN2CCN(C(=O)c3ccccc3N=Nc3cccnc3)CC2)c1)N1CC(c2cccnc2)C1 0.9691417 2.7545 1.0000000 1.0000 1.0000000 1.0000 []
 | 13.9425 32.0111 91.5687 0.9654672 O=C(c1ccccc1N=Nc1ccccc1)N1CCC(F)(C(=O)N2CCN(C3CCCCCC3)CC2)CC1 1 O=C(c1ccccc1N=Nc1ccccc1)N1CCC(C(=O)N2CCN(C3CCCCCC3)CC2)CC1 0.9654672 2.8302 1.0000000 1.0000 1.0000000 1.0000 []
 | 12.7010 35.1025 86.5811 0.9506527 O=C(c1ccccc1N=Nc1cccnc1)N1CCC(N2CCC(NC(=O)C3(CO)CCOCC3)CC2)CC1 1 O=C(NC1CCN(C2CCN(C(=O)c3ccccc3N=Nc3cccnc3)CC2)CC1)C1CCOCC1 0.9506527 3.0729 1.0000000 1.0000 1.0000000 1.0000 []
 | 14.3163 48.8314 75.0288 0.9676579 c1cncc(N=Nc2cccc(NCn3cccn3)c2)c1 1 c1cncc(N=Nc2cccc(NCn3cccn3)c2)c1 0.9676579 2.7861 1.0000000 1.0000 1.0000000 1.0000 []
 | 8.6970 32.8409 -32.8409 0.0000000 O=C(c1ccccc1N=Nc1cccnc1)N1CC(F)(C(=O)Nc2ccc(N=Nc3ccccc3)cc2)C1 1 O=C(Nc1ccc(N=Nc2ccccc2)cc1)C1CN(C(=O)c2ccccc2N=Nc2cccnc2)C1 0.9556124 3.0005 1.0000000 1.0000 1.0000000 1.0000 []
 | 15.9326 28.5665 94.8858 0.9644718 O=C(c1ccccc1N=Nc1cccc(O)c1)N1CCC(CNC(=O)C2(c3cccs3)CC2)CC1 1 O=C(c1ccccc1N=Nc1ccccc1)N1CCC(CNC(=O)C2(c3cccs3)CC2)CC1 0.9644718 2.8494 1.0000000 1.0000 1.0000000 1.0000 []
 | 14.9168 31.0231 84.0640 0.8991181 O=C(c1ccccc1N=Nc1cccnc1)N1CC(C(=O)N2CCC(F)(F)CC2)CC(F)(F)C1 1 O=C(c1ccccc1N=Nc1cccnc1)N1CCCC(C(=O)N2CCCCC2)C1 0.8991181 3.5750 1.0000000 1.0000 1.0000000 1.0000 []
 | 14.1408 46.2369 78.9128 0.9777321 N#Cc1cccc(N=Nc2ccc(Oc3ccccc3)cc2)c1C1CCN(C(=O)c2ccccc2)CC1 1 O=C(c1ccccc1)N1CCC(c2ccccc2N=Nc2ccc(Oc3ccccc3)cc2)CC1 0.9777321 2.5362 1.0000000 1.0000 1.0000000 1.0000 []
04:15:57 <INFO> Sampled SMILES c1cccc2c(c=O)ccc2c1N=Cc1cc(O)ccc1 failed to sanitize.
04:16:00 <INFO> Score: 0.71 Agent NLL: 12.87 Valid:  99% Step: 304
 | Agent Prior Target Score SMILES SMILES_state Scaffold SA SA (raw) Alerts Alerts (raw) PS_Scaffold PS_Scaffold (raw) matchting_patterns (Alerts)
 | 11.7863 49.0626 77.4148 0.9881048 COc1ccc(N=Nc2cccc(CNCCCOc3ccccc3)c2)cc1 1 c1ccc(N=Nc2cccc(CNCCCOc3ccccc3)c2)cc1 0.9881048 2.1209 1.0000000 1.0000 1.0000000 1.0000 []
 | 7.6113 33.1841 -33.1841 0.0000000 c1ccc(CCOc2ccc(N=Nc3ccccc3)cc2)cc1 1 c1ccc(CCOc2ccc(N=Nc3ccccc3)cc2)cc1 0.9918241 1.8742 1.0000000 1.0000 1.0000000 1.0000 []
 | 12.5849 41.1327 -41.1327 0.0000000 OCCCN1CCN(c2cc(N=Nc3ccccc3F)ccc2F)CC1 1 c1ccc(N=Nc2cccc(N3CCNCC3)c2)cc1 0.9801602 2.4594 1.0000000 1.0000 1.0000000 1.0000 []
 | 8.3280 50.6766 75.5146 0.9858686 c1ccc(-c2ccc(-c3ccc(N=Nc4ccc5cc[nH]c5c4)cc3)cc2)cc1 1 c1ccc(-c2ccc(-c3ccc(N=Nc4ccc5cc[nH]c5c4)cc3)cc2)cc1 0.9858686 2.2346 1.0000000 1.0000 1.0000000 1.0000 []
 | 17.0133 52.3581 70.2641 0.9579862 c1cc(N=Nc2ccco2)cc(NCCCCN2CCOC2)c1 1 c1cc(N=Nc2ccco2)cc(NCCCCN2CCOC2)c1 0.9579862 2.9630 1.0000000 1.0000 1.0000000 1.0000 []
 | 20.1052 65.4582 61.4149 0.9911965 c1ccc(Cc2ccc(N=Nc3ccc(Nc4ccc(Cc5ccccc5)cc4)cc3)cc2)cc1 1 c1ccc(Cc2ccc(N=Nc3ccc(Nc4ccc(Cc5ccccc5)cc4)cc3)cc2)cc1 0.9911965 1.9227 1.0000000 1.0000 1.0000000 1.0000 []
 | 19.7452 56.1992 66.7371 0.9604402 O=C(c1ccc(N=Nc2cccc(F)c2)cc1)N1CCC(O)(C(=O)N2CCN(c3cccc4cnccc34)CC2)CC1 1 O=C(c1ccc(N=Nc2ccccc2)cc1)N1CCC(C(=O)N2CCN(c3cccc4cnccc34)CC2)CC1 0.9604402 2.9222 1.0000000 1.0000 1.0000000 1.0000 []
 | 10.3036 37.9605 -37.9605 0.0000000 c1ccc(N=Nc2ccc(OCCCN3CCCCCC3)cc2)cc1 1 c1ccc(N=Nc2ccc(OCCCN3CCCCCC3)cc2)cc1 0.9889739 2.0709 1.0000000 1.0000 1.0000000 1.0000 []
 | 7.0151 43.7461 -43.7461 0.0000000 O=C(Nc1ccc(N=Nc2ccccc2)cc1)c1ccccc1 1 O=C(Nc1ccc(N=Nc2ccccc2)cc1)c1ccccc1 0.9928570 1.7855 1.0000000 1.0000 1.0000000 1.0000 []
 | 9.5457 35.2247 91.0465 0.9864935 c1ccc(N=Nc2cccc(CNCc3ccco3)c2)cc1 1 c1ccc(N=Nc2cccc(CNCc3ccco3)c2)cc1 0.9864935 2.2047 1.0000000 1.0000 1.0000000 1.0000 []
04:16:03 <INFO> Score: 0.74 Agent NLL: 13.68 Valid:  98% Step: 305
 | Agent Prior Target Score SMILES SMILES_state Scaffold SA SA (raw) Alerts Alerts (raw) PS_Scaffold PS_Scaffold (raw) matchting_patterns (Alerts)
 | 12.8590 34.9981 90.8928 0.9835229 O=S(=O)(c1ccccc1)N1CCN(c2cc(N=Nc3ccccc3)ccc2O)CC1 1 O=S(=O)(c1ccccc1)N1CCN(c2cccc(N=Nc3ccccc3)c2)CC1 0.9835229 2.3361 1.0000000 1.0000 1.0000000 1.0000 []
 | 10.9576 28.8357 94.9877 0.9673703 O=C(c1ccccc1N=Nc1ccccc1)N1CC(F)(C(=O)N2CCN(CCN3CCCC3)CC2)C1 1 O=C(c1ccccc1N=Nc1ccccc1)N1CC(C(=O)N2CCN(CCN3CCCC3)CC2)C1 0.9673703 2.7920 1.0000000 1.0000 1.0000000 1.0000 []
 | 13.9807 33.1476 91.4876 0.9737127 O=C(COC1CN(C(=O)c2ccccc2N=Nc2ccccc2)C1)N(CCO)CCCc1ccccc1 1 O=C(COC1CN(C(=O)c2ccccc2N=Nc2ccccc2)C1)NCCCc1ccccc1 0.9737127 2.6470 1.0000000 1.0000 1.0000000 1.0000 []
 | 15.5138 29.6665 87.3772 0.9144039 O=C(c1ccccc1N=Nc1ccccc1)N1CC(OCC(=O)N(Cc2ccccc2)C2CCCCC2O)C1 1 O=C(c1ccccc1N=Nc1ccccc1)N1CC(OCC(=O)N(Cc2ccccc2)C2CCCCC2)C1 0.9144039 3.4570 1.0000000 1.0000 1.0000000 1.0000 []
 | 9.7093 36.6429 89.6609 0.9867486 c1ccc(N=Nc2ccc(Oc3ccc(CN4CCNCC4)cc3)cc2)cc1 1 c1ccc(N=Nc2ccc(Oc3ccc(CN4CCNCC4)cc3)cc2)cc1 0.9867486 2.1921 1.0000000 1.0000 1.0000000 1.0000 []
 | 13.2572 34.0265 91.7952 0.9829820 Fc1ccc(N=Nc2ccc(F)c(CN3CCCN(CCCc4ccccc4)CC3)c2)cc1 1 c1ccc(CCCN2CCCN(Cc3cccc(N=Nc4ccccc4)c3)CC2)cc1 0.9829820 2.3575 1.0000000 1.0000 1.0000000 1.0000 []
 | 11.8935 47.5409 77.4007 0.9761069 O=C(Nc1ccccc1N=Nc1ccccc1)C1CCCN(Cc2ccccc2)C1 1 O=C(Nc1ccccc1N=Nc1ccccc1)C1CCCN(Cc2ccccc2)C1 0.9761069 2.5832 1.0000000 1.0000 1.0000000 1.0000 []
 | 13.4933 36.0808 89.2123 0.9788526 O=c1ccc(N2CCN(Cc3ccc(N=Nc4cccc(Cl)c4)cc3)CC2)n[nH]1 1 O=c1ccc(N2CCN(Cc3ccc(N=Nc4ccccc4)cc3)CC2)n[nH]1 0.9788526 2.5018 1.0000000 1.0000 1.0000000 1.0000 []
 | 13.1473 39.2592 85.2666 0.9728578 O=C(NCCCN1CCN(C(=O)c2ccccc2N=Nc2cccnc2)CC1)c1cccc2sccc12 1 O=C(NCCCN1CCN(C(=O)c2ccccc2N=Nc2cccnc2)CC1)c1cccc2sccc12 0.9728578 2.6684 1.0000000 1.0000 1.0000000 1.0000 []
 | 16.2172 49.0620 74.9485 0.9688316 O=C(Nc1ccc(N=Nc2ccc(C(F)(F)F)cc2)cc1)C1CCCN(C(=O)c2ccccc2)C1 1 O=C(Nc1ccc(N=Nc2ccccc2)cc1)C1CCCN(C(=O)c2ccccc2)C1 0.9688316 2.7612 1.0000000 1.0000 1.0000000 1.0000 []
04:16:54 <INFO> Score: 0.78 Agent NLL: 14.33 Valid:  99% Step: 306
 | Agent Prior Target Score SMILES SMILES_state Scaffold SA SA (raw) Alerts Alerts (raw) PS_Scaffold PS_Scaffold (raw) matchting_patterns (Alerts)
 | 14.3356 38.7762 84.3232 0.9617136 O=C(c1cc2n(n1)CCN(C(=O)c1ccccc1N=Nc1ccc(O)cc1)C2)N1CCN(c2ccccc2O)CC1 1 O=C(c1cc2n(n1)CCN(C(=O)c1ccccc1N=Nc1ccccc1)C2)N1CCN(c2ccccc2)CC1 0.9617136 2.9000 1.0000000 1.0000 1.0000000 1.0000 []
 | 13.6304 23.3707 -23.3707 0.0000000 O=C(c1ccc(N=Nc2ccccc2)cc1)N1CCN(C2CCCCCCC2)CC1 1 O=C(c1ccc(N=Nc2ccccc2)cc1)N1CCN(C2CCCCCCC2)CC1 0.0000000 0.0000 0.0000000 0.0000 0.0000000 0.0000 ['[*;r8]']
 | 12.8069 44.4924 81.5443 0.9846613 c1ccc(N=Nc2cccc(NCc3ccc(-c4ccccc4)nn3)c2)cc1 1 c1ccc(N=Nc2cccc(NCc3ccc(-c4ccccc4)nn3)c2)cc1 0.9846613 2.2888 1.0000000 1.0000 1.0000000 1.0000 []
 | 13.0765 40.3610 82.5744 0.9604328 O=C(Nc1c(F)cccc1N=Nc1ccccc1)C1CCN(c2ccccc2)C1=O 1 O=C(Nc1ccccc1N=Nc1ccccc1)C1CCN(c2ccccc2)C1=O 0.9604328 2.9223 1.0000000 1.0000 1.0000000 1.0000 []
 | 15.3045 30.4938 75.5476 0.8284483 O=C(c1ccccc1N=Nc1ccccc1)N1CC(C(=O)N2CC3(CCCCO3)C2)C(c2ccccc2)C1 1 O=C(c1ccccc1N=Nc1ccccc1)N1CC(C(=O)N2CC3(CCCCO3)C2)C(c2ccccc2)C1 0.8284483 3.9742 1.0000000 1.0000 1.0000000 1.0000 []
 | 23.3448 64.9121 59.7927 0.9742558 O=C(Nc1cccc(N=Nc2cccc(NC3CCC3)c2)c1)c1cnccc1C(F)(F)F 1 O=C(Nc1cccc(N=Nc2cccc(NC3CCC3)c2)c1)c1cccnc1 0.9742558 2.6330 1.0000000 1.0000 1.0000000 1.0000 []
 | 10.4975 35.2846 88.7330 0.9688875 O=C(Nc1cccc(NC(=O)C2(F)CN(C(=O)c3ccccc3N=Nc3cccnc3)C2)c1)c1ccccc1 1 O=C(Nc1cccc(NC(=O)C2CN(C(=O)c3ccccc3N=Nc3cccnc3)C2)c1)c1ccccc1 0.9688875 2.7600 1.0000000 1.0000 1.0000000 1.0000 []
 | 22.6899 76.8709 47.0737 0.9683172 CC(=O)Nc1ccc(N=Nc2ccc(Oc3ccccc3)cc2)cc1CN1CCN(c2ccnc(O)c2)CC1 1 c1ccc(Oc2ccc(N=Nc3cccc(CN4CCN(c5ccncc5)CC4)c3)cc2)cc1 0.9683172 2.7722 1.0000000 1.0000 1.0000000 1.0000 []
 | 17.0045 58.9836 64.9966 0.9685954 COc1ccc(N=Nc2cccc(-c3cnc(N4CCS(=O)(=O)CC4)cc3F)c2)cc1 1 O=S1(=O)CCN(c2ccc(-c3cccc(N=Nc4ccccc4)c3)cn2)CC1 0.9685954 2.7663 1.0000000 1.0000 1.0000000 1.0000 []
 | 14.9173 40.8395 84.3231 0.9778326 c1ccc(OCCOCCNc2cccc(N=Nc3cccs3)c2)cc1 1 c1ccc(OCCOCCNc2cccc(N=Nc3cccs3)c2)cc1 0.9778326 2.5332 1.0000000 1.0000 1.0000000 1.0000 []
04:16:54 <INFO> Sampled SMILES c1cc(N=Nc2ccnc(=F)c2)ccc1-c1ccc(N2CCCN(c3ccccc3)CC2)cc1 failed to sanitize.
04:16:54 <INFO> Sampled SMILES c1cc(N=Nc2ccccc2)ccc1Oc1ccc(NCCN2CCN(c3ccccc3)CC2)n1 failed to sanitize.
04:16:55 <INFO> Score: 0.73 Agent NLL: 13.71 Valid:  98% Step: 307
 | Agent Prior Target Score SMILES SMILES_state Scaffold SA SA (raw) Alerts Alerts (raw) PS_Scaffold PS_Scaffold (raw) matchting_patterns (Alerts)
 | 11.7255 29.9013 -29.9013 0.0000000 O=C(C1=CCN(C(=O)c2ccccc2N=Nc2ccccc2)CC1)N1CCN(c2ccccc2F)CC1 1 O=C(C1=CCN(C(=O)c2ccccc2N=Nc2ccccc2)CC1)N1CCN(c2ccccc2)CC1 0.9731186 2.6619 1.0000000 1.0000 1.0000000 1.0000 []
 | 12.6584 40.6621 82.1959 0.9598288 c1cc(CNCc2ccon2)cc(N=Nc2cccs2)c1 1 c1cc(CNCc2ccon2)cc(N=Nc2cccs2)c1 0.9598288 2.9326 1.0000000 1.0000 1.0000000 1.0000 []
 | 10.2581 41.3428 -41.3428 0.0000000 c1ccc(N=Nc2ccc(Nc3cccc(N4CCCC4)n3)cc2)cc1 1 c1ccc(N=Nc2ccc(Nc3cccc(N4CCCC4)n3)cc2)cc1 0.9853630 2.2578 1.0000000 1.0000 1.0000000 1.0000 []
 | 13.2691 48.3214 76.7830 0.9773784 O=C(CN1CCN(C(=O)c2ccccc2N=Nc2ccccc2)CC1)N1CCN(c2ccccc2-c2ccccc2)CC1 1 O=C(CN1CCN(C(=O)c2ccccc2N=Nc2ccccc2)CC1)N1CCN(c2ccccc2-c2ccccc2)CC1 0.9773784 2.5467 1.0000000 1.0000 1.0000000 1.0000 []
 | 12.0277 38.1500 87.8563 0.9844245 c1ccc(Oc2ccc(N=Nc3ccc(OC4CCNCC4)cc3)cc2)cc1 1 c1ccc(Oc2ccc(N=Nc3ccc(OC4CCNCC4)cc3)cc2)cc1 0.9844245 2.2989 1.0000000 1.0000 1.0000000 1.0000 []
 | 10.9823 33.7601 91.3177 0.9771701 O=C(CN1CCN(C(=O)c2ccccc2N=Nc2cccnc2)CC1)N1CCCN(Cc2ccccc2)CC1 1 O=C(CN1CCN(C(=O)c2ccccc2N=Nc2cccnc2)CC1)N1CCCN(Cc2ccccc2)CC1 0.9771701 2.5528 1.0000000 1.0000 1.0000000 1.0000 []
 | 13.0970 46.3967 79.9991 0.9874675 O=C(Nc1ccc(N=Nc2ccc(Cn3cccn3)cc2)cc1)c1ccccc1 1 O=C(Nc1ccc(N=Nc2ccc(Cn3cccn3)cc2)cc1)c1ccccc1 0.9874675 2.1553 1.0000000 1.0000 1.0000000 1.0000 []
 | 10.6975 45.5264 81.3115 0.9909216 O=C(Nc1ccc(N=Nc2cccc3ccccc23)cc1)c1ccccc1 1 O=C(Nc1ccc(N=Nc2cccc3ccccc23)cc1)c1ccccc1 0.9909216 1.9430 1.0000000 1.0000 1.0000000 1.0000 []
 | 16.1601 42.7265 82.7583 0.9803501 c1ccc(CCN(Cc2cccc(N=Nc3cccnc3)c2)C2CCCCC2)cc1 1 c1ccc(CCN(Cc2cccc(N=Nc3cccnc3)c2)C2CCCCC2)cc1 0.9803501 2.4530 1.0000000 1.0000 1.0000000 1.0000 []
 | 13.2456 60.1896 66.2466 0.9877832 c1ccc(Oc2ccc(N=Nc3ccc(-c4ccc(N5CCN(c6ccccc6)CC5)cc4)cc3)cc2)cc1 1 c1ccc(Oc2ccc(N=Nc3ccc(-c4ccc(N5CCN(c6ccccc6)CC5)cc4)cc3)cc2)cc1 0.9877832 2.1384 1.0000000 1.0000 1.0000000 1.0000 []
04:16:58 <INFO> Score: 0.84 Agent NLL: 13.83 Valid: 100% Step: 308
 | Agent Prior Target Score SMILES SMILES_state Scaffold SA SA (raw) Alerts Alerts (raw) PS_Scaffold PS_Scaffold (raw) matchting_patterns (Alerts)
 | 16.3081 36.1958 81.8381 0.9221398 O=C(c1ccc(N=Nc2ccncc2)cc1)N1CCC(O)(C(=O)Nc2cc(O)cc(O)c2)C1 1 O=C(Nc1ccccc1)C1CCN(C(=O)c2ccc(N=Nc3ccncc3)cc2)C1 0.9221398 3.3898 1.0000000 1.0000 1.0000000 1.0000 []
 | 15.5024 32.0220 80.4012 0.8783058 O=C(c1ccccc1N=Nc1cccnc1)N1CCC(C(=O)N2CCC3(CCOCC3)CC2)C1 1 O=C(c1ccccc1N=Nc1cccnc1)N1CCC(C(=O)N2CCC3(CCOCC3)CC2)C1 0.8783058 3.7124 1.0000000 1.0000 1.0000000 1.0000 []
 | 14.5607 46.0874 79.7515 0.9831163 Fc1c(N=Nc2ccccc2)cccc1Nc1cccnc1 1 c1ccc(N=Nc2cccc(Nc3cccnc3)c2)cc1 0.9831163 2.3523 1.0000000 1.0000 1.0000000 1.0000 []
 | 23.2626 55.5162 64.8431 0.9403074 O=C(c1ccc(N2CCN(C(=O)c3ccccc3N=Nc3ccc(F)cc3)CC2)cc1)N1CC2(CCOC2)C1 1 O=C(c1ccc(N2CCN(C(=O)c3ccccc3N=Nc3ccccc3)CC2)cc1)N1CC2(CCOC2)C1 0.9403074 3.2040 1.0000000 1.0000 1.0000000 1.0000 []
 | 12.0360 48.7359 76.3907 0.9775520 Clc1ccc(N=Nc2cccc(Nc3ccnc(N4CCNCC4)c3)c2)cc1 1 c1ccc(N=Nc2cccc(Nc3ccnc(N4CCNCC4)c3)c2)cc1 0.9775520 2.5416 1.0000000 1.0000 1.0000000 1.0000 []
 | 13.8494 37.1055 77.5093 0.8954282 O=C(c1ccccc1N=Nc1cccnc1)N1CC(C(=O)N(CCO)Cc2ccccc2)CC(C(F)(F)F)C1 1 O=C(NCc1ccccc1)C1CCCN(C(=O)c2ccccc2N=Nc2cccnc2)C1 0.8954282 3.6011 1.0000000 1.0000 1.0000000 1.0000 []
 | 15.9909 34.2093 89.7182 0.9681836 O=C(c1ccc(N=Nc2ccc(O)cc2)cc1)N1CCN(c2ccc(C(=O)N3CCc4cccnc4C3)cn2)CC1 1 O=C(c1ccc(N=Nc2ccccc2)cc1)N1CCN(c2ccc(C(=O)N3CCc4cccnc4C3)cn2)CC1 0.9681836 2.7750 1.0000000 1.0000 1.0000000 1.0000 []
 | 14.9448 32.4606 83.5690 0.9064811 O=C(c1ccc(N=Nc2ccccn2)cc1)N1CC(F)(C(=O)N(CC2CCC2)CC2CCCO2)C1 1 O=C(c1ccc(N=Nc2ccccn2)cc1)N1CC(C(=O)N(CC2CCC2)CC2CCCO2)C1 0.9064811 3.5203 1.0000000 1.0000 1.0000000 1.0000 []
 | 11.0604 46.5745 79.4147 0.9842913 O=C(NCc1cccc(N=Nc2ccccc2CN2CCOCC2)c1)c1ccccc1 1 O=C(NCc1cccc(N=Nc2ccccc2CN2CCOCC2)c1)c1ccccc1 0.9842913 2.3045 1.0000000 1.0000 1.0000000 1.0000 []
 | 19.6594 45.0906 77.6877 0.9592048 O=C(c1ccccc1N=Nc1cccnc1)N1CCC(O)(C(=O)N2CC=C(c3ccccc3)CC2)CC1 1 O=C(c1ccccc1N=Nc1cccnc1)N1CCC(C(=O)N2CC=C(c3ccccc3)CC2)CC1 0.9592048 2.9430 1.0000000 1.0000 1.0000000 1.0000 []
04:17:00 <INFO> Score: 0.81 Agent NLL: 13.87 Valid: 100% Step: 309
 | Agent Prior Target Score SMILES SMILES_state Scaffold SA SA (raw) Alerts Alerts (raw) PS_Scaffold PS_Scaffold (raw) matchting_patterns (Alerts)
 | 14.4908 60.4192 65.1615 0.9810988 c1ccc(Oc2ccc(N=Nc3ccc(CN4CCN(c5ccccc5OCC5CC5)CC4)cc3)cc2)cc1 1 c1ccc(Oc2ccc(N=Nc3ccc(CN4CCN(c5ccccc5OCC5CC5)CC4)cc3)cc2)cc1 0.9810988 2.4272 1.0000000 1.0000 1.0000000 1.0000 []
 | 11.8365 51.7620 -51.7620 0.0000000 COc1cccc(N=Nc2ccc(-c3ccc(N=Nc4ccccc4)cc3)cc2)c1 1 c1ccc(N=Nc2ccc(-c3ccc(N=Nc4ccccc4)cc3)cc2)cc1 0.9842755 2.3052 1.0000000 1.0000 1.0000000 1.0000 []
 | 9.6391 28.7501 96.2512 0.9765726 O=C(c1ccccc1N=Nc1ccccc1)N1CC(NC(=O)C2(c3ccc(F)cc3)CC2)C1 1 O=C(c1ccccc1N=Nc1ccccc1)N1CC(NC(=O)C2(c3ccccc3)CC2)C1 0.9765726 2.5700 1.0000000 1.0000 1.0000000 1.0000 []
 | 7.6051 41.2741 -41.2741 0.0000000 O=C(c1ccccc1)c1ccc(N=Nc2ccccc2)cc1 1 O=C(c1ccccc1)c1ccc(N=Nc2ccccc2)cc1 0.9920380 1.8567 1.0000000 1.0000 1.0000000 1.0000 []
 | 14.4748 24.4104 98.7157 0.9619229 O=C(c1ccc(N=Nc2ccc(O)cc2)cc1)N1CC(F)(C(=O)Nc2ccc(-c3cnco3)cc2)C1 1 O=C(Nc1ccc(-c2cnco2)cc1)C1CN(C(=O)c2ccc(N=Nc3ccccc3)cc2)C1 0.9619229 2.8963 1.0000000 1.0000 1.0000000 1.0000 []
 | 10.2322 40.9607 85.2010 0.9856383 c1ccc(N=Nc2ccc(Nc3ccc(CN4CCCNCC4)cc3)cc2)cc1 1 c1ccc(N=Nc2ccc(Nc3ccc(CN4CCCNCC4)cc3)cc2)cc1 0.9856383 2.2452 1.0000000 1.0000 1.0000000 1.0000 []
 | 15.4606 37.3455 88.5126 0.9832667 OCCN1CCN(CCOc2ccc(N=Nc3cccc(Br)c3)cc2)CC1 1 c1ccc(N=Nc2ccc(OCCN3CCNCC3)cc2)cc1 0.9832667 2.3464 1.0000000 1.0000 1.0000000 1.0000 []
 | 14.9559 37.1314 78.1110 0.9003315 O=C(c1ccccc1N=Nc1ccc(F)cc1)N1CCC(NC(=O)C2(c3cccc(F)c3)CCC2)C(F)C1 1 O=C(c1ccccc1N=Nc1ccccc1)N1CCC(NC(=O)C2(c3ccccc3)CCC2)CC1 0.9003315 3.5662 1.0000000 1.0000 1.0000000 1.0000 []
 | 19.7333 49.7485 65.8131 0.9028252 O=[N+]c1cccc(N=Nc2ccccc2)c1NC(=O)C1CCCNC1=O 1 O=C1NCCCC1C(=O)Nc1ccccc1N=Nc1ccccc1 0.9028252 3.5479 1.0000000 1.0000 1.0000000 1.0000 []
 | 13.0295 43.9666 -43.9666 0.0000000 O=CCOc1cccc(Oc2ccc(N=Nc3ccccc3)cc2)c1 1 c1ccc(N=Nc2ccc(Oc3ccccc3)cc2)cc1 0.9855534 2.2491 1.0000000 1.0000 1.0000000 1.0000 []
04:17:04 <INFO> Score: 0.81 Agent NLL: 13.90 Valid:  99% Step: 310
 | Agent Prior Target Score SMILES SMILES_state Scaffold SA SA (raw) Alerts Alerts (raw) PS_Scaffold PS_Scaffold (raw) matchting_patterns (Alerts)
 | 11.8776 45.4799 79.9323 0.9797832 c1ccc(Oc2cccc(N=Nc3cccc(CN4CCCN(CCCN5CCCC5)CC4)c3)c2)cc1 1 c1ccc(Oc2cccc(N=Nc3cccc(CN4CCCN(CCCN5CCCC5)CC4)c3)c2)cc1 0.9797832 2.4719 1.0000000 1.0000 1.0000000 1.0000 []
 | 24.5606 76.4314 48.2304 0.9739199 O=C1CCC(=CCCOc2ccc(N=Nc3ccc(NC(=O)c4ccccc4)cc3)cc2)C1 1 O=C1CCC(=CCCOc2ccc(N=Nc3ccc(NC(=O)c4ccccc4)cc3)cc2)C1 0.9739199 2.6417 1.0000000 1.0000 1.0000000 1.0000 []
 | 15.6695 39.5400 84.6570 0.9702889 O=C(c1ccc(N=Nc2cccnc2)cc1)N1Cc2ccc(NC(=O)C3(c4ccc(F)cc4)CC3)cc2C1 1 O=C(c1ccc(N=Nc2cccnc2)cc1)N1Cc2ccc(NC(=O)C3(c4ccccc4)CC3)cc2C1 0.9702889 2.7290 1.0000000 1.0000 1.0000000 1.0000 []
 | 17.1939 47.5956 76.7456 0.9714155 O=S(=O)(Nc1ccc(N=Nc2ccc3cc[nH]c3c2)cc1)c1ccc(N=Nc2ccccc2)cc1 1 O=S(=O)(Nc1ccc(N=Nc2ccc3cc[nH]c3c2)cc1)c1ccc(N=Nc2ccccc2)cc1 0.9714155 2.7031 1.0000000 1.0000 1.0000000 1.0000 []
 | 14.9560 31.1438 80.3444 0.8710013 O=C(c1ccccc1N=Nc1cccnc1)N1CCC(NC(=O)C2(N3CCCC3)CCCC2)C(O)C1 1 O=C(c1ccccc1N=Nc1cccnc1)N1CCC(NC(=O)C2(N3CCCC3)CCCC2)CC1 0.8710013 3.7558 1.0000000 1.0000 1.0000000 1.0000 []
 | 12.5189 42.6253 81.9792 0.9734730 OCc1cccc(N=Nc2cccc(NCc3ccc4c(c3)OCO4)c2)n1 1 c1ccc(N=Nc2cccc(NCc3ccc4c(c3)OCO4)c2)nc1 0.9734730 2.6530 1.0000000 1.0000 1.0000000 1.0000 []
 | 8.0741 39.7229 -39.7229 0.0000000 Fc1ccc(N=Nc2ccc(-c3ccccc3-c3ccccc3)cc2)cc1 1 c1ccc(N=Nc2ccc(-c3ccccc3-c3ccccc3)cc2)cc1 0.9918324 1.8735 1.0000000 1.0000 1.0000000 1.0000 []
 | 13.8696 39.4964 85.5642 0.9770358 Fc1ccc(N=Nc2ccc(F)c(CNCc3noc(Cc4ccccc4)n3)c2)cc1 1 c1ccc(Cc2nc(CNCc3cccc(N=Nc4ccccc4)c3)no2)cc1 0.9770358 2.5567 1.0000000 1.0000 1.0000000 1.0000 []
 | 13.0174 47.6266 77.2479 0.9755821 O=C(CCN1CCCc2ccccc21)Nc1cccc(N=Nc2cccs2)c1 1 O=C(CCN1CCCc2ccccc21)Nc1cccc(N=Nc2cccs2)c1 0.9755821 2.5977 1.0000000 1.0000 1.0000000 1.0000 []
 | 6.8990 25.6519 -25.6519 0.0000000 Fc1ccc(NN=Cc2ccccc2F)cc1 1 C(=NNc1ccccc1)c1ccccc1 0.9926373 1.8054 1.0000000 1.0000 1.0000000 1.0000 []
04:17:04 <INFO> Sampled SMILES O=S(=O)(c1ccc(N=Nc2cccc(Cc3ccccc3)c2)c1)N1CCCN(CCc2ccccc2)CC1 failed to sanitize.
04:17:06 <INFO> Score: 0.79 Agent NLL: 14.51 Valid:  98% Step: 311
 | Agent Prior Target Score SMILES SMILES_state Scaffold SA SA (raw) Alerts Alerts (raw) PS_Scaffold PS_Scaffold (raw) matchting_patterns (Alerts)
 | 15.3908 58.5001 66.8686 0.9794427 COCc1cc(N=Nc2ccc(F)c(-c3cccc(-c4ccccc4)c3)c2)ccn1 1 c1ccc(-c2cccc(-c3cccc(N=Nc4ccncc4)c3)c2)cc1 0.9794427 2.4830 1.0000000 1.0000 1.0000000 1.0000 []
 | 16.7388 37.1968 77.2524 0.8941346 O=C(c1ccccc1N=Nc1ccc(F)cc1)N1CC2C(C1)C2C(=O)N1CC(N2CCOCC2)C1 1 O=C(c1ccccc1N=Nc1ccccc1)N1CC2C(C1)C2C(=O)N1CC(N2CCOCC2)C1 0.8941346 3.6100 1.0000000 1.0000 1.0000000 1.0000 []
 | 15.4371 58.5519 65.1889 0.9667253 O=C(c1ccc(N2CCN(C(=O)c3ccccc3N=Nc3ccncc3)CC2)nc1)N1CCN(CC2CCCC2)CC1 1 O=C(c1ccc(N2CCN(C(=O)c3ccccc3N=Nc3ccncc3)CC2)nc1)N1CCN(CC2CCCC2)CC1 0.9667253 2.8052 1.0000000 1.0000 1.0000000 1.0000 []
 | 12.2319 23.0520 92.8664 0.9056128 O=C(c1ccc(N=Nc2ccccc2)cc1)N1CC2CCCC2(C(=O)N2CCN(CCCO)CC2)C1 1 O=C(c1ccc(N=Nc2ccccc2)cc1)N1CC2CCCC2(C(=O)N2CCNCC2)C1 0.9056128 3.5270 1.0000000 1.0000 1.0000000 1.0000 []
 | 11.5625 43.2833 -43.2833 0.0000000 c1ccc(Oc2ccc(N=Nc3ccc(C4CCCNC4)cc3)cc2)cc1 1 c1ccc(Oc2ccc(N=Nc3ccc(C4CCCNC4)cc3)cc2)cc1 0.9712088 2.7079 1.0000000 1.0000 1.0000000 1.0000 []
 | 13.9029 64.8261 60.2770 0.9773679 c1ccc(-c2cccc(N=Nc3cccc(-c4ccc5c(c4)c4ccccc4n5C4CCCCC4)c3)c2)cc1 1 c1ccc(-c2cccc(N=Nc3cccc(-c4ccc5c(c4)c4ccccc4n5C4CCCCC4)c3)c2)cc1 0.9773679 2.5470 1.0000000 1.0000 1.0000000 1.0000 []
 | 15.6295 54.5818 69.6292 0.9703985 O=C(Nc1ccc2c(c1)CCN(C(=O)c1ccc(N=Nc3ccccn3)cc1)C2)C1CCN(c2ccccn2)CC1 1 O=C(Nc1ccc2c(c1)CCN(C(=O)c1ccc(N=Nc3ccccn3)cc1)C2)C1CCN(c2ccccn2)CC1 0.9703985 2.7265 1.0000000 1.0000 1.0000000 1.0000 []
 | 15.0106 31.2039 90.5817 0.9514502 O=C(c1ccccc1N=Nc1cccnc1)N1CCC(F)(C(=O)N2CCc3cnccc3C2)CC1 1 O=C(c1ccccc1N=Nc1cccnc1)N1CCC(C(=O)N2CCc3cnccc3C2)CC1 0.9514502 3.0617 1.0000000 1.0000 1.0000000 1.0000 []
 | 13.2694 41.5730 79.8516 0.9486293 c1cc(CNC2CCc3ccccc32)cc(N=Nc2ccco2)c1 1 c1cc(CNC2CCc3ccccc32)cc(N=Nc2ccco2)c1 0.9486293 3.1004 1.0000000 1.0000 1.0000000 1.0000 []
 | 11.8189 39.2113 87.1095 0.9868811 Clc1ccc(N=Nc2ccc(-c3cc4ccccc4[nH]3)cc2)cc1 1 c1ccc(N=Nc2ccc(-c3cc4ccccc4[nH]3)cc2)cc1 0.9868811 2.1854 1.0000000 1.0000 1.0000000 1.0000 []
04:17:51 <INFO> Score: 0.80 Agent NLL: 13.69 Valid: 100% Step: 312
 | Agent Prior Target Score SMILES SMILES_state Scaffold SA SA (raw) Alerts Alerts (raw) PS_Scaffold PS_Scaffold (raw) matchting_patterns (Alerts)
 | 9.9578 29.0562 -29.0562 0.0000000 N#Cc1ccccc1N=Nc1ccc(Nc2ccccc2)cc1 1 c1ccc(N=Nc2ccc(Nc3ccccc3)cc2)cc1 0.9878029 2.1374 1.0000000 1.0000 1.0000000 1.0000 []
 | 20.4154 49.6790 76.1950 0.9833907 O=C(NC1CCN(c2ccc(N=Nc3cccc(C(F)(F)F)c3)cc2)CC1)c1ccccc1 1 O=C(NC1CCN(c2ccc(N=Nc3ccccc3)cc2)CC1)c1ccccc1 0.9833907 2.3414 1.0000000 1.0000 1.0000000 1.0000 []
 | 16.9489 48.8750 74.9316 0.9672397 O=c1cnc2cc(NCc3cc(N=Nc4ccc(Cn5cccn5)cc4)ccc3F)ccc2[nH]1 1 O=c1cnc2cc(NCc3cccc(N=Nc4ccc(Cn5cccn5)cc4)c3)ccc2[nH]1 0.9672397 2.7947 1.0000000 1.0000 1.0000000 1.0000 []
 | 14.2081 38.3099 85.1939 0.9648736 O=C(c1ccccc1N=Nc1ccncc1)N1CCC(O)(C(=O)Nc2ccc3cccnc3c2)CC1 1 O=C(Nc1ccc2cccnc2c1)C1CCN(C(=O)c2ccccc2N=Nc2ccncc2)CC1 0.9648736 2.8417 1.0000000 1.0000 1.0000000 1.0000 []
 | 17.9474 40.1001 86.1352 0.9862138 Cc1ccccc1N=Nc1ccccc1NC(=O)c1cccc(N2CCCCC2)c1 1 O=C(Nc1ccccc1N=Nc1ccccc1)c1cccc(N2CCCCC2)c1 0.9862138 2.2182 1.0000000 1.0000 1.0000000 1.0000 []
 | 10.5302 37.7804 85.7240 0.9648781 O=C1NCCN(c2ccc(N=Nc3ccc(-c4ccccc4)cc3)cc2)C1c1ccccc1 1 O=C1NCCN(c2ccc(N=Nc3ccc(-c4ccccc4)cc3)cc2)C1c1ccccc1 0.9648781 2.8417 1.0000000 1.0000 1.0000000 1.0000 []
 | 11.0272 37.0765 87.9268 0.9765881 c1cncc(N=Nc2cccc(NCc3ccccc3-n3ccnc3)c2)c1 1 c1cncc(N=Nc2cccc(NCc3ccccc3-n3ccnc3)c2)c1 0.9765881 2.5696 1.0000000 1.0000 1.0000000 1.0000 []
 | 16.6649 48.3092 76.9157 0.9783201 O=C(Oc1ccccc1)N1CCN(Cc2cc(N=Nc3ccccc3CO)ccc2F)CC1 1 O=C(Oc1ccccc1)N1CCN(Cc2cccc(N=Nc3ccccc3)c2)CC1 0.9783201 2.5184 1.0000000 1.0000 1.0000000 1.0000 []
 | 14.5834 52.7837 71.2259 0.9688248 Clc1ccc(N=Nc2ccc(CNCc3cccc(N4CCCC=N4)c3)cc2)cc1 1 C1=NN(c2cccc(CNCc3ccc(N=Nc4ccccc4)cc3)c2)CCC1 0.9688248 2.7613 1.0000000 1.0000 1.0000000 1.0000 []
 | 10.9163 42.2949 83.5701 0.9833201 O=C(NCCNc1cc(N=Nc2cccnc2)ccc1F)c1ccccc1 1 O=C(NCCNc1cccc(N=Nc2cccnc2)c1)c1ccccc1 0.9833201 2.3442 1.0000000 1.0000 1.0000000 1.0000 []
04:17:53 <INFO> Score: 0.78 Agent NLL: 14.01 Valid:  99% Step: 313
 | Agent Prior Target Score SMILES SMILES_state Scaffold SA SA (raw) Alerts Alerts (raw) PS_Scaffold PS_Scaffold (raw) matchting_patterns (Alerts)
 | 8.4967 30.6176 -30.6176 0.0000000 Cc1ccc(N=Nc2ccccc2C(=O)Nc2ccccc2)cc1 1 O=C(Nc1ccccc1)c1ccccc1N=Nc1ccccc1 0.9911219 1.9283 1.0000000 1.0000 1.0000000 1.0000 []
 | 10.6859 36.4216 88.4332 0.9754279 O=C(c1ccccc1N=Nc1ccncc1)N1CCN(S(=O)(=O)N2CCCC2)CC1 1 O=C(c1ccccc1N=Nc1ccncc1)N1CCN(S(=O)(=O)N2CCCC2)CC1 0.9754279 2.6019 1.0000000 1.0000 1.0000000 1.0000 []
 | 13.5347 32.3749 92.9435 0.9790497 O=C(c1ccc(N=Nc2cccnc2)cc1)N(Cc1cccnc1)Cc1ccccn1 1 O=C(c1ccc(N=Nc2cccnc2)cc1)N(Cc1cccnc1)Cc1ccccn1 0.9790497 2.4956 1.0000000 1.0000 1.0000000 1.0000 []
 | 13.3482 47.4729 72.8002 0.9396335 O=C(c1ccccc1N=Nc1ccccc1)N1CCN(Cc2cccc(C(=O)N3CCCC3Cn3cccc3)c2)CC1 1 O=C(c1ccccc1N=Nc1ccccc1)N1CCN(Cc2cccc(C(=O)N3CCCC3Cn3cccc3)c2)CC1 0.9396335 3.2118 1.0000000 1.0000 1.0000000 1.0000 []
 | 10.1290 25.6464 98.1571 0.9672149 O=C(C1=CCN(C(=O)c2ccc(N=Nc3ccccc3)cc2)C1)N1CCN(CCN2CCOCC2)CC1 1 O=C(C1=CCN(C(=O)c2ccc(N=Nc3ccccc3)cc2)C1)N1CCN(CCN2CCOCC2)CC1 0.9672149 2.7952 1.0000000 1.0000 1.0000000 1.0000 []
 | 15.6797 32.2195 85.2978 0.9181041 O=C(c1ccccc1N=Nc1cccnc1)N1CCC(F)(C(=O)Nc2cccc(C(F)F)c2)C1 1 O=C(Nc1ccccc1)C1CCN(C(=O)c2ccccc2N=Nc2cccnc2)C1 0.9181041 3.4256 1.0000000 1.0000 1.0000000 1.0000 []
 | 12.6466 36.2471 89.5392 0.9827053 O=C(c1ccc(N=Nc2ccccc2)cc1)N1CCN(Cc2cccc(Oc3ccccn3)c2)CC1 1 O=C(c1ccc(N=Nc2ccccc2)cc1)N1CCN(Cc2cccc(Oc3ccccn3)c2)CC1 0.9827053 2.3682 1.0000000 1.0000 1.0000000 1.0000 []
 | 16.6210 49.9701 75.4411 0.9797748 COc1ccc(N=Nc2ccc(Cl)c(CN3CCNC(=O)C3)c2)cc1 1 O=C1CN(Cc2cccc(N=Nc3ccccc3)c2)CCN1 0.9797748 2.4722 1.0000000 1.0000 1.0000000 1.0000 []
 | 14.9988 40.3280 83.9419 0.9708585 O=C(COC1CN(C(=O)c2ccc(N=Nc3cccnc3)cc2)C1)N(Cc1ccccc1)Cc1ccncc1 1 O=C(COC1CN(C(=O)c2ccc(N=Nc3cccnc3)cc2)C1)N(Cc1ccccc1)Cc1ccncc1 0.9708585 2.7160 1.0000000 1.0000 1.0000000 1.0000 []
 | 18.2734 65.1292 51.6777 0.9125538 O=C(NCCN1CN(C(=O)c2ccc(N=Nc3cccc(O)c3)cc2)CC1=O)C1COCCO1 1 O=C(NCCN1CN(C(=O)c2ccc(N=Nc3ccccc3)cc2)CC1=O)C1COCCO1 0.9125538 3.4722 1.0000000 1.0000 1.0000000 1.0000 []
04:17:53 <INFO> Sampled SMILES Fc1cccc(N=Nc2ccncc2)c1-c1nc(-c2cccc(-c3ccc(OCCN4CCCC4)cc3)cc2)no1 failed to sanitize.
04:17:55 <INFO> Score: 0.78 Agent NLL: 14.39 Valid:  99% Step: 314
 | Agent Prior Target Score SMILES SMILES_state Scaffold SA SA (raw) Alerts Alerts (raw) PS_Scaffold PS_Scaffold (raw) matchting_patterns (Alerts)
 | 9.2294 32.3638 94.5777 0.9917311 Brc1ccccc1C=NNc1ccc(Cc2ccccc2)cc1 1 C(=NNc1ccc(Cc2ccccc2)cc1)c1ccccc1 0.9917311 1.8816 1.0000000 1.0000 1.0000000 1.0000 []
 | 12.7678 35.9400 85.3354 0.9474643 O=C(NC1CCN(C2CCN(C(=O)c3ccc(N=Nc4ccccc4)cc3)CC2)CC1)C1CCc2ccccc21 1 O=C(NC1CCN(C2CCN(C(=O)c3ccc(N=Nc4ccccc4)cc3)CC2)CC1)C1CCc2ccccc21 0.9474643 3.1158 1.0000000 1.0000 1.0000000 1.0000 []
 | 11.6815 42.6044 83.3992 0.9844034 c1ccc(N=Nc2ccc(Nc3cc(-c4ccccc4)no3)cc2)cc1 1 c1ccc(N=Nc2ccc(Nc3cc(-c4ccccc4)no3)cc2)cc1 0.9844034 2.2998 1.0000000 1.0000 1.0000000 1.0000 []
 | 16.2769 28.9056 81.0276 0.8588530 O=C(C1c2ccccc2CCN1C(=O)c1ccc(N=Nc2ccc(O)cc2)cc1)N1CC(F)CC1CO 1 O=C(C1c2ccccc2CCN1C(=O)c1ccc(N=Nc2ccccc2)cc1)N1CCCC1 0.8588530 3.8236 1.0000000 1.0000 1.0000000 1.0000 []
 | 6.6445 28.6203 -28.6203 0.0000000 Fc1ccccc1C=NNc1ccc(Cc2ccccc2)cc1 1 C(=NNc1ccc(Cc2ccccc2)cc1)c1ccccc1 0.9924383 1.8229 1.0000000 1.0000 1.0000000 1.0000 []
 | 19.3063 45.9218 68.3492 0.8927416 O=C(c1ccc(N=Nc2ccccc2OC2CC2)cc1)N1CCSC(C(=O)N2CCC(F)(CO)CC2)C1 1 O=C(c1ccc(N=Nc2ccccc2OC2CC2)cc1)N1CCSC(C(=O)N2CCCCC2)C1 0.8927416 3.6196 1.0000000 1.0000 1.0000000 1.0000 []
 | 11.3368 26.0158 98.9467 0.9762694 O=C(CN1CCN(C(=O)c2ccccc2N=Nc2ccccc2)CC1)N(CCO)Cc1cccs1 1 O=C(CN1CCN(C(=O)c2ccccc2N=Nc2ccccc2)CC1)NCc1cccs1 0.9762694 2.5786 1.0000000 1.0000 1.0000000 1.0000 []
 | 7.7822 24.2207 -24.2207 0.0000000 Fc1ccccc1C=NNc1ccccc1 1 C(=NNc1ccccc1)c1ccccc1 0.9934861 1.7250 1.0000000 1.0000 1.0000000 1.0000 []
 | 12.8151 21.9907 103.4563 0.9800547 O=C(c1ccc(N=Nc2ccccc2)cc1)N1CCN(c2nccnn2)CC1 1 O=C(c1ccc(N=Nc2ccccc2)cc1)N1CCN(c2nccnn2)CC1 0.9800547 2.4629 1.0000000 1.0000 1.0000000 1.0000 []
 | 17.8749 46.1122 77.8747 0.9686479 c1cc(N=Nc2ccncc2)cc(N2CCN(CCC3OCCO3)CC2)c1 1 c1cc(N=Nc2ccncc2)cc(N2CCN(CCC3OCCO3)CC2)c1 0.9686479 2.7652 1.0000000 1.0000 1.0000000 1.0000 []
04:17:56 <INFO> Sampled SMILES O=C(c1ccccc1N=Nc1ccccc1)N1CCc2ccc(C(=O)N3CCN(Cc4ccccc4)CC3)c2C1 failed to sanitize.
04:17:57 <INFO> Score: 0.84 Agent NLL: 14.12 Valid:  99% Step: 315
 | Agent Prior Target Score SMILES SMILES_state Scaffold SA SA (raw) Alerts Alerts (raw) PS_Scaffold PS_Scaffold (raw) matchting_patterns (Alerts)
 | 10.2149 42.5698 83.7419 0.9868098 O=C(c1ccccc1)c1ccccc1N=Nc1cccc(NC(=O)C2CC2)c1 1 O=C(c1ccccc1)c1ccccc1N=Nc1cccc(NC(=O)C2CC2)c1 0.9868098 2.1890 1.0000000 1.0000 1.0000000 1.0000 []
 | 11.8095 46.9093 78.9678 0.9834151 O=C(NCc1cc(N=Nc2cccc(F)c2)ccc1F)C1CC1 1 O=C(NCc1cccc(N=Nc2ccccc2)c1)C1CC1 0.9834151 2.3405 1.0000000 1.0000 1.0000000 1.0000 []
 | 10.6260 38.1219 85.2980 0.9642177 O=C(c1ccccc1N=Nc1ccncc1)N1CC(NC(=O)C2(O)CCN(Cc3ccccc3)CC2)C1 1 O=C(NC1CN(C(=O)c2ccccc2N=Nc2ccncc2)C1)C1CCN(Cc2ccccc2)CC1 0.9642177 2.8542 1.0000000 1.0000 1.0000000 1.0000 []
 | 15.9552 53.3694 71.7054 0.9771472 FC(F)(F)c1ccc(N=Nc2cccc(Nc3ccc(-c4cnco4)cc3)c2)cc1 1 c1ccc(N=Nc2cccc(Nc3ccc(-c4cnco4)cc3)c2)cc1 0.9771472 2.5535 1.0000000 1.0000 1.0000000 1.0000 []
 | 18.1536 52.2366 72.9207 0.9777915 CN1CCCN(c2ccc(CNCc3c(F)cccc3N=Nc3ccc(F)cc3)cc2)CC1 1 c1ccc(N=Nc2ccccc2CNCc2ccc(N3CCCNCC3)cc2)cc1 0.9777915 2.5344 1.0000000 1.0000 1.0000000 1.0000 []
 | 12.6131 29.0363 90.7747 0.9360237 O=C(COC1CN(C(=O)c2ccc(N=Nc3ccc(O)cc3)cc2)C1)N1CCN2CCc3ccccc3C2C1 1 O=C(COC1CN(C(=O)c2ccc(N=Nc3ccccc3)cc2)C1)N1CCN2CCc3ccccc3C2C1 0.9360237 3.2521 1.0000000 1.0000 1.0000000 1.0000 []
 | 12.9495 35.7884 89.5599 0.9792837 O=C(c1ccc(N=Nc2cccc(F)c2)cc1)N1CCS(=O)(=O)CC1 1 O=C(c1ccc(N=Nc2ccccc2)cc1)N1CCS(=O)(=O)CC1 0.9792837 2.4881 1.0000000 1.0000 1.0000000 1.0000 []
 | 15.2927 48.0817 77.7636 0.9831660 Fc1ccc(NCc2cccc(N=Nc3ccc(Cl)cn3)c2)cc1 1 c1ccc(NCc2cccc(N=Nc3ccccn3)c2)cc1 0.9831660 2.3503 1.0000000 1.0000 1.0000000 1.0000 []
 | 16.2591 41.5289 82.5466 0.9693395 c1coc(N=Nc2ccc(Nc3cnc(N4CCCCC4)nc3)cc2)c1 1 c1coc(N=Nc2ccc(Nc3cnc(N4CCCCC4)nc3)cc2)c1 0.9693395 2.7502 1.0000000 1.0000 1.0000000 1.0000 []
 | 11.6616 40.1696 83.6844 0.9676090 O=C(C1=CCN(C(=O)c2ccccc2N=Nc2ccccc2)CC1)N(Cc1ccc(F)cc1)Cc1cccnc1 1 O=C(C1=CCN(C(=O)c2ccccc2N=Nc2ccccc2)CC1)N(Cc1ccccc1)Cc1cccnc1 0.9676090 2.7871 1.0000000 1.0000 1.0000000 1.0000 []
04:17:59 <INFO> Sampled SMILES c1cc(N=Nc2c3ccccc3ccn2C)ccc1-c1ccccc1-c1ccccc1 failed to sanitize.
04:17:59 <INFO> Sampled SMILES c1c(N=Nc2ccc(NC(=O)Cn3ccnn3)ccc2OC)cccc1N1CCN(CCO)CC1 failed to sanitize.
04:17:59 <INFO> Sampled SMILES c1cccc(N=Nc2ccnc(F)c2)c1CNC1CCOc2cc(Cc3ccccc3)cc21 failed to sanitize.
04:17:59 <INFO> Sampled SMILES Fc1ccccc1N=Nc1ccc2c(c1)OCO2c1ccccc1 failed to sanitize.
04:18:01 <INFO> Score: 0.81 Agent NLL: 14.21 Valid:  94% Step: 316
 | Agent Prior Target Score SMILES SMILES_state Scaffold SA SA (raw) Alerts Alerts (raw) PS_Scaffold PS_Scaffold (raw) matchting_patterns (Alerts)
 | 12.8664 26.8680 97.6046 0.9724421 O=C(c1ccccc1N=Nc1cccc(O)c1)N1CCN(CCNC(=O)C2(c3ccccc3)CCC2)CC1 1 O=C(c1ccccc1N=Nc1ccccc1)N1CCN(CCNC(=O)C2(c3ccccc3)CCC2)CC1 0.9724421 2.6786 1.0000000 1.0000 1.0000000 1.0000 []
 | 15.0760 45.4571 78.9970 0.9722975 OCc1ccc(NNc2ccc(N=Nc3cccc(C(F)(F)F)c3)cc2)cn1 1 c1ccc(N=Nc2ccc(NNc3cccnc3)cc2)cc1 0.9722975 2.6821 1.0000000 1.0000 1.0000000 1.0000 []
 | 12.7643 43.5203 82.6912 0.9860274 O=S(=O)(Nc1ccccc1N=Nc1cccnc1)c1ccccc1 1 O=S(=O)(Nc1ccccc1N=Nc1cccnc1)c1ccccc1 0.9860274 2.2271 1.0000000 1.0000 1.0000000 1.0000 []
 | 12.1589 40.3269 84.4482 0.9748060 O=C(Nc1ccc(N=Nc2ccc(F)cc2)cc1)C1CCO1 1 O=C(Nc1ccc(N=Nc2ccccc2)cc1)C1CCO1 0.9748060 2.6186 1.0000000 1.0000 1.0000000 1.0000 []
 | 15.0298 50.2242 70.7397 0.9450306 O=C(c1ccccc1N=Nc1c(O)cccc1O)N1CC(NC(=O)C2(NC(=O)C(F)(F)F)CCCCC2)C1 1 O=C(NC1CN(C(=O)c2ccccc2N=Nc2ccccc2)C1)C1CCCCC1 0.9450306 3.1470 1.0000000 1.0000 1.0000000 1.0000 []
 | 15.8319 33.5096 88.7501 0.9551539 O=C(c1ccc(N=Nc2ccccn2)cc1)N1CCN(CC(=O)N2CC2Cc2ccccc2)CC1 1 O=C(c1ccc(N=Nc2ccccn2)cc1)N1CCN(CC(=O)N2CC2Cc2ccccc2)CC1 0.9551539 3.0075 1.0000000 1.0000 1.0000000 1.0000 []
 | 18.9580 54.7486 69.1622 0.9680529 Fc1ccccc1N1CCC(CNNc2cc(N=Nc3cccnc3)ccc2Cl)CC1 1 c1ccc(N2CCC(CNNc3cccc(N=Nc4cccnc4)c3)CC2)cc1 0.9680529 2.7778 1.0000000 1.0000 1.0000000 1.0000 []
 | 13.2815 48.0474 77.6088 0.9816892 c1ccc(CN2CCCN(Cc3ccc(-c4ccc(N=Nc5cccs5)cc4)cc3)CC2)cc1 1 c1ccc(CN2CCCN(Cc3ccc(-c4ccc(N=Nc5cccs5)cc4)cc3)CC2)cc1 0.9816892 2.4061 1.0000000 1.0000 1.0000000 1.0000 []
 | 16.2201 49.7845 74.8375 0.9736088 O=C(CC1CCN(C(=O)c2ccccc2N=Nc2cccnc2)CC1)N1CCN(C(=O)c2ccc(Cl)cc2)CC1 1 O=C(CC1CCN(C(=O)c2ccccc2N=Nc2cccnc2)CC1)N1CCN(C(=O)c2ccccc2)CC1 0.9736088 2.6496 1.0000000 1.0000 1.0000000 1.0000 []
 | 16.0679 43.7373 81.6215 0.9793660 OCc1ccccc1N=Nc1cccc(NCc2cnn(-c3ccccc3)c2)c1 1 c1ccc(N=Nc2cccc(NCc3cnn(-c4ccccc4)c3)c2)cc1 0.9793660 2.4855 1.0000000 1.0000 1.0000000 1.0000 []
04:18:02 <INFO> Sampled SMILES c1ccc(N=Nc2cccs2)cc1NCc1ccc(=O)c(N2CCCC2)c1 failed to sanitize.
04:18:51 <INFO> Score: 0.79 Agent NLL: 14.24 Valid:  99% Step: 317
 | Agent Prior Target Score SMILES SMILES_state Scaffold SA SA (raw) Alerts Alerts (raw) PS_Scaffold PS_Scaffold (raw) matchting_patterns (Alerts)
 | 16.2111 41.0689 84.6115 0.9818785 Oc1ccc(N=Nc2cccc(NCc3nc4ccccc4[nH]3)c2)cc1 1 c1ccc(N=Nc2cccc(NCc3nc4ccccc4[nH]3)c2)cc1 0.9818785 2.3992 1.0000000 1.0000 1.0000000 1.0000 []
 | 10.2347 39.6039 85.9761 0.9810939 Fc1cccc(N=Nc2ccccc2)c1CN1CCN(CCN2CCCC2)CC1 1 c1ccc(N=Nc2ccccc2CN2CCN(CCN3CCCC3)CC2)cc1 0.9810939 2.4273 1.0000000 1.0000 1.0000000 1.0000 []
 | 6.1992 39.5496 -39.5496 0.0000000 c1ccc(N=Nc2ccc(-c3ccc(-c4ccccc4)cc3)cc2)cc1 1 c1ccc(N=Nc2ccc(-c3ccc(-c4ccccc4)cc3)cc2)cc1 0.9949728 1.5553 1.0000000 1.0000 1.0000000 1.0000 []
 | 15.2733 49.5729 72.4961 0.9536638 COc1ccc(N=Nc2ccc(F)c(CNC3CCCN(Cc4ccccc4)C3)c2)nc1 1 c1ccc(CN2CCCC(NCc3cccc(N=Nc4ccccn4)c3)C2)cc1 0.9536638 3.0298 1.0000000 1.0000 1.0000000 1.0000 []
 | 13.5981 34.0079 90.4929 0.9726626 FC(F)(F)c1ccc(N=NCc2ccccc2Cl)cn1 1 c1ccc(CN=Nc2cccnc2)cc1 0.9726626 2.6732 1.0000000 1.0000 1.0000000 1.0000 []
 | 19.3631 44.2582 79.3760 0.9658922 O=c1[nH]ccc2cc(Nc3cc(N=Nc4cccs4)ccc3Cl)ccc12 1 O=c1[nH]ccc2cc(Nc3cccc(N=Nc4cccs4)c3)ccc12 0.9658922 2.8219 1.0000000 1.0000 1.0000000 1.0000 []
 | 14.9374 45.5083 78.8831 0.9718080 O=C(OCc1ccccc1)N1CC(Nc2ccc(N=Nc3cccc(C(F)(F)F)n3)cc2)C1 1 O=C(OCc1ccccc1)N1CC(Nc2ccc(N=Nc3ccccn3)cc2)C1 0.9718080 2.6938 1.0000000 1.0000 1.0000000 1.0000 []
 | 11.4199 40.3254 85.1142 0.9799969 O=C(c1ccc(CN2CCN(C(=O)c3ccccc3N=Nc3ccccc3)CC2)cc1)N1CCN(c2ccccc2)CC1 1 O=C(c1ccc(CN2CCN(C(=O)c3ccccc3N=Nc3ccccc3)CC2)cc1)N1CCN(c2ccccc2)CC1 0.9799969 2.4648 1.0000000 1.0000 1.0000000 1.0000 []
 | 17.0061 51.5817 73.5521 0.9776084 Nc1cc(-c2ccc(NCc3ccccc3N=Nc3cccnc3)cc2)ccn1 1 c1cncc(N=Nc2ccccc2CNc2ccc(-c3ccncc3)cc2)c1 0.9776084 2.5399 1.0000000 1.0000 1.0000000 1.0000 []
 | 13.3863 40.0213 84.5030 0.9728456 O=C(CN1CCN(C(=O)c2ccccc2N=Nc2ccncc2)CC1)N(Cc1ccccc1)Cc1ccco1 1 O=C(CN1CCN(C(=O)c2ccccc2N=Nc2ccncc2)CC1)N(Cc1ccccc1)Cc1ccco1 0.9728456 2.6687 1.0000000 1.0000 1.0000000 1.0000 []
04:18:53 <INFO> Score: 0.84 Agent NLL: 13.84 Valid: 100% Step: 318
 | Agent Prior Target Score SMILES SMILES_state Scaffold SA SA (raw) Alerts Alerts (raw) PS_Scaffold PS_Scaffold (raw) matchting_patterns (Alerts)
 | 12.1280 47.5106 77.7146 0.9783225 OCCN1CCC(NCc2cccc(N=Nc3ccc(Oc4cccnc4)cc3)c2)CC1 1 c1cc(CNC2CCNCC2)cc(N=Nc2ccc(Oc3cccnc3)cc2)c1 0.9783225 2.5183 1.0000000 1.0000 1.0000000 1.0000 []
 | 12.4950 67.3694 59.0180 0.9874014 O=C(Nc1ccccc1)c1cccc(N=Nc2ccccc2)n1 1 O=C(Nc1ccccc1)c1cccc(N=Nc2ccccc2)n1 0.9874014 2.1587 1.0000000 1.0000 1.0000000 1.0000 []
 | 20.5976 52.2810 71.6889 0.9685144 c1ccc(CCCN(CCCN2CCOCC2)c2cccc(N=Nc3ccco3)c2)cc1 1 c1ccc(CCCN(CCCN2CCOCC2)c2cccc(N=Nc3ccco3)c2)cc1 0.9685144 2.7680 1.0000000 1.0000 1.0000000 1.0000 []
 | 16.8186 61.8953 -61.8953 0.0000000 CCN(CC)CCOc1ccc(N=Nc2ccc(C)c(N3CCN(CCO)CC3)c2)cc1 1 c1ccc(N=Nc2cccc(N3CCNCC3)c2)cc1 0.9774866 2.5435 1.0000000 1.0000 1.0000000 1.0000 []
 | 13.5139 41.6001 82.5191 0.9696810 Fc1cccc(N=Nc2ccncc2)c1CNc1ccc(-c2ccn[nH]2)cc1 1 c1ccc(N=Nc2ccncc2)c(CNc2ccc(-c3ccn[nH]3)cc2)c1 0.9696810 2.7426 1.0000000 1.0000 1.0000000 1.0000 []
 | 12.2910 30.5772 93.4458 0.9689292 O=C(c1ccc(N=Nc2cccc(O)c2)cc1)N1CC(CNC(=O)C2(c3cccc(F)c3)CCC2)C1 1 O=C(c1ccc(N=Nc2ccccc2)cc1)N1CC(CNC(=O)C2(c3ccccc3)CCC2)C1 0.9689292 2.7591 1.0000000 1.0000 1.0000000 1.0000 []
 | 14.2588 34.5922 90.6592 0.9785263 O=C(Nc1ccc(N2CCN(C(=O)c3ccc(N=Nc4ccc(O)cc4)cc3)CC2=O)cc1)C1CCC1 1 O=C(Nc1ccc(N2CCN(C(=O)c3ccc(N=Nc4ccccc4)cc3)CC2=O)cc1)C1CCC1 0.9785263 2.5120 1.0000000 1.0000 1.0000000 1.0000 []
 | 16.6366 44.5144 80.0538 0.9731885 O=C(CN(Cc1ccccc1)Cc1ccccc1)NCC1CCN(C(=O)c2ccccc2N=Nc2cccnc2)CC1 1 O=C(CN(Cc1ccccc1)Cc1ccccc1)NCC1CCN(C(=O)c2ccccc2N=Nc2cccnc2)CC1 0.9731885 2.6602 1.0000000 1.0000 1.0000000 1.0000 []
 | 24.0581 46.7226 76.9666 0.9663215 FC(F)(F)c1ccc(N=Nc2ccccc2)cc1N=C1CC(Oc2ccccc2)C1 1 c1ccc(N=Nc2cccc(N=C3CC(Oc4ccccc4)C3)c2)cc1 0.9663215 2.8133 1.0000000 1.0000 1.0000000 1.0000 []
 | 25.5018 33.2819 -33.2819 0.0000000 C#CCN(c1ccc(OC)cc1)c1cc(Oc2ccccc2)ccc1N 1 c1ccc(Nc2cccc(Oc3ccccc3)c2)cc1 0.0000000 0.0000 1.0000000 1.0000 0.0000000 0.0000 []
04:18:55 <INFO> Score: 0.87 Agent NLL: 14.33 Valid: 100% Step: 319
 | Agent Prior Target Score SMILES SMILES_state Scaffold SA SA (raw) Alerts Alerts (raw) PS_Scaffold PS_Scaffold (raw) matchting_patterns (Alerts)
 | 12.1475 37.2501 88.9763 0.9861434 c1ccc(N=Nc2ccc(-c3cc(Oc4ccccc4)ncn3)cc2)cc1 1 c1ccc(N=Nc2ccc(-c3cc(Oc4ccccc4)ncn3)cc2)cc1 0.9861434 2.2216 1.0000000 1.0000 1.0000000 1.0000 []
 | 12.6669 43.8318 82.1531 0.9842572 c1ccc(-c2ccc(N=Nc3cccc(-c4ccc(N5CCCNCC5)cc4)c3)cc2)cc1 1 c1ccc(-c2ccc(N=Nc3cccc(-c4ccc(N5CCCNCC5)cc4)c3)cc2)cc1 0.9842572 2.3060 1.0000000 1.0000 1.0000000 1.0000 []
 | 12.6539 32.6216 89.8178 0.9565582 O=C(c1ccccc1N=Nc1cccc(O)c1)N1CCN(CCNC(=O)C2(NC(=O)C(F)(F)F)CCCC2)CC1 1 O=C(NCCN1CCN(C(=O)c2ccccc2N=Nc2ccccc2)CC1)C1CCCC1 0.9565582 2.9858 1.0000000 1.0000 1.0000000 1.0000 []
 | 13.5739 29.7651 94.8995 0.9739423 O=C(c1ccc(N=Nc2ccc(O)cc2)cc1)N1CC(F)(C(=O)NCc2ccc(-c3ccccc3)cc2)C1 1 O=C(NCc1ccc(-c2ccccc2)cc1)C1CN(C(=O)c2ccc(N=Nc3ccccc3)cc2)C1 0.9739423 2.6411 1.0000000 1.0000 1.0000000 1.0000 []
 | 11.9999 42.0100 83.2669 0.9787254 O=C(CCn1ccnn1)Nc1cc(N=Nc2ccccc2)ccc1F 1 O=C(CCn1ccnn1)Nc1cccc(N=Nc2ccccc2)c1 0.9787254 2.5058 1.0000000 1.0000 1.0000000 1.0000 []
 | 15.7658 60.4312 -60.4312 0.0000000 Fc1cccc(N=Nc2ccc(Nc3ccc(N4CCCC=N4)cc3)cc2)c1 1 C1=NN(c2ccc(Nc3ccc(N=Nc4ccccc4)cc3)cc2)CCC1 0.9691924 2.7534 1.0000000 1.0000 1.0000000 1.0000 []
 | 11.1826 40.8783 84.3741 0.9785337 OCCN1CCN(c2ccccc2NCc2c(F)cccc2N=Nc2ccccc2)CC1 1 c1ccc(N=Nc2ccccc2CNc2ccccc2N2CCNCC2)cc1 0.9785337 2.5118 1.0000000 1.0000 1.0000000 1.0000 []
 | 12.6765 25.1321 99.0325 0.9700361 O=C(c1ccc(N=Nc2ccccc2)cc1)N1CC(F)(C(=O)N(CCCCO)Cc2ccccc2)C1 1 O=C(NCc1ccccc1)C1CN(C(=O)c2ccc(N=Nc3ccccc3)cc2)C1 0.9700361 2.7347 1.0000000 1.0000 1.0000000 1.0000 []
 | 15.0306 26.6144 95.3245 0.9526478 O=C(CC1CCN(C(=O)c2ccc(N=Nc3ccc(O)cc3)cc2)C1)N1CCN(c2ccncc2)CC1 1 O=C(CC1CCN(C(=O)c2ccc(N=Nc3ccccc3)cc2)C1)N1CCN(c2ccncc2)CC1 0.9526478 3.0446 1.0000000 1.0000 1.0000000 1.0000 []
 | 21.0796 53.3190 70.6250 0.9683126 CC(C)(F)CN1CCC(NCc2c(F)cccc2N=Nc2ccccc2)CC1 1 c1ccc(N=Nc2ccccc2CNC2CCNCC2)cc1 0.9683126 2.7723 1.0000000 1.0000 1.0000000 1.0000 []
04:18:58 <INFO> Score: 0.79 Agent NLL: 13.63 Valid: 100% Step: 320
 | Agent Prior Target Score SMILES SMILES_state Scaffold SA SA (raw) Alerts Alerts (raw) PS_Scaffold PS_Scaffold (raw) matchting_patterns (Alerts)
 | 13.1070 32.6894 90.4209 0.9617994 O=C(c1ccccc1N=Nc1cccnc1)N1CC(F)(C(=O)NCCNS(=O)(=O)c2ccccc2)C1 1 O=C(NCCNS(=O)(=O)c1ccccc1)C1CN(C(=O)c2ccccc2N=Nc2cccnc2)C1 0.9617994 2.8985 1.0000000 1.0000 1.0000000 1.0000 []
 | 13.4945 33.1206 88.7258 0.9519253 O=C(c1ccccc1N=Nc1cccc(O)c1)N1CC(CNC(=O)C2(NC(=O)C(F)(F)F)CCCCC2)C1 1 O=C(NCC1CN(C(=O)c2ccccc2N=Nc2ccccc2)C1)C1CCCCC1 0.9519253 3.0550 1.0000000 1.0000 1.0000000 1.0000 []
 | 22.1492 41.3866 82.6886 0.9693370 N#Cc1cc(N=Nc2ccc(C(=O)N3CCOCC3)nc2)ccc1Cc1cccc2ccccc12 1 O=C(c1ccc(N=Nc2ccc(Cc3cccc4ccccc34)cc2)cn1)N1CCOCC1 0.9693370 2.7502 1.0000000 1.0000 1.0000000 1.0000 []
 | 14.3683 45.0029 80.5354 0.9807677 Fc1ccc(N2CCOCC2)c(N=Nc2ccccc2-c2ccccc2Cl)c1 1 c1ccc(-c2ccccc2N=Nc2ccccc2N2CCOCC2)cc1 0.9807677 2.4387 1.0000000 1.0000 1.0000000 1.0000 []
 | 14.3372 38.2569 87.5160 0.9826007 Cc1ccc(N=Nc2ccnc(F)c2)cc1NC(=O)CCc1ccccc1 1 O=C(CCc1ccccc1)Nc1cccc(N=Nc2ccncc2)c1 0.9826007 2.3722 1.0000000 1.0000 1.0000000 1.0000 []
 | 11.9532 37.3630 87.2253 0.9733459 O=C(NCCCN1CCN(C(=O)c2ccccc2N=Nc2cccnc2)CC1)c1ccc2ccncc2c1 1 O=C(NCCCN1CCN(C(=O)c2ccccc2N=Nc2cccnc2)CC1)c1ccc2ccncc2c1 0.9733459 2.6562 1.0000000 1.0000 1.0000000 1.0000 []
 | 14.2788 46.8120 76.9597 0.9669671 O=C(c1ccc(N=Nc2cccc(F)c2)cc1)N1CCC(F)(C(=O)NC2CCN(c3ccccc3)CC2)CC1 1 O=C(NC1CCN(c2ccccc2)CC1)C1CCN(C(=O)c2ccc(N=Nc3ccccc3)cc2)CC1 0.9669671 2.8003 1.0000000 1.0000 1.0000000 1.0000 []
 | 13.4147 55.7877 70.3945 0.9857981 O=C(Cc1ccccc1)NCc1cccc(F)c1-c1ccc(N=Nc2ccccc2)cc1 1 O=C(Cc1ccccc1)NCc1ccccc1-c1ccc(N=Nc2ccccc2)cc1 0.9857981 2.2378 1.0000000 1.0000 1.0000000 1.0000 []
 | 16.1016 40.6447 85.7245 0.9872599 c1ccc(N=Nc2cccc(CNc3cccc4ncccc34)c2)cc1 1 c1ccc(N=Nc2cccc(CNc3cccc4ncccc34)c2)cc1 0.9872599 2.1661 1.0000000 1.0000 1.0000000 1.0000 []
 | 11.3158 40.9449 82.9802 0.9681646 O=C(c1cccc(CN2CCN(C(=O)c3ccccc3N=Nc3cccnc3)CC2)c1)N(CCO)Cc1ccco1 1 O=C(NCc1ccco1)c1cccc(CN2CCN(C(=O)c3ccccc3N=Nc3cccnc3)CC2)c1 0.9681646 2.7754 1.0000000 1.0000 1.0000000 1.0000 []
04:18:59 <INFO> Sampled SMILES O=C(c1ccc(N=Nc2ccnc(NC(=O)C3CCC3)c2)c1)N1CCc2cccc(O)c2C1 failed to sanitize.
04:18:59 <INFO> Sampled SMILES O=C(c1ccc(N=Nc2ncccc2)c1)N1CC=C(C(=O)N2CCN(c3ccc(-c4ccccc4)cc3)CC2)C1 failed to sanitize.
04:19:01 <INFO> Score: 0.84 Agent NLL: 14.60 Valid:  98% Step: 321
 | Agent Prior Target Score SMILES SMILES_state Scaffold SA SA (raw) Alerts Alerts (raw) PS_Scaffold PS_Scaffold (raw) matchting_patterns (Alerts)
 | 7.7327 33.5385 -33.5385 0.0000000 c1ccc(CCCOc2ccc(N=Nc3ccccc3)cc2)cc1 1 c1ccc(CCCOc2ccc(N=Nc3ccccc3)cc2)cc1 0.9915735 1.8940 1.0000000 1.0000 1.0000000 1.0000 []
 | 8.8950 41.5732 -41.5732 0.0000000 O=C(NCc1ccc(N=Nc2ccc(Cl)cc2)cc1)c1ccccc1 1 O=C(NCc1ccc(N=Nc2ccccc2)cc1)c1ccccc1 0.9913561 1.9107 1.0000000 1.0000 1.0000000 1.0000 []
 | 14.2416 40.4969 85.5857 0.9850209 O=C(CCOc1ccc(N=Nc2ccccc2)cc1)N1CCNCC1 1 O=C(CCOc1ccc(N=Nc2ccccc2)cc1)N1CCNCC1 0.9850209 2.2731 1.0000000 1.0000 1.0000000 1.0000 []
 | 14.3725 41.1543 84.6336 0.9827181 Fc1ccc(N=Nc2cccnc2)cc1-c1ccc(-c2ccccc2)nc1 1 c1ccc(-c2ccc(-c3cccc(N=Nc4cccnc4)c3)cn2)cc1 0.9827181 2.3677 1.0000000 1.0000 1.0000000 1.0000 []
 | 11.2784 52.2682 74.3441 0.9891585 c1ccc(-c2ccc(-c3cccc(N=Nc4cccc5ccccc45)c3)cc2)cc1 1 c1ccc(-c2ccc(-c3cccc(N=Nc4cccc5ccccc45)c3)cc2)cc1 0.9891585 2.0597 1.0000000 1.0000 1.0000000 1.0000 []
 | 17.5393 28.0731 85.7570 0.8892976 O=C(c1ccccc1N=Nc1ccccc1)N1CC2CCCCC2(C(=O)NCc2ccnc(CO)c2)C1 1 O=C(c1ccccc1N=Nc1ccccc1)N1CC2CCCCC2(C(=O)NCc2ccncc2)C1 0.8892976 3.6427 1.0000000 1.0000 1.0000000 1.0000 []
 | 11.5324 37.3927 87.2509 0.9737781 O=C(COC1CN(C(=O)c2ccc(N=Nc3ccc(F)cc3)cc2)C1)N1CCN(c2cccc(O)c2)CC1 1 O=C(COC1CN(C(=O)c2ccc(N=Nc3ccccc3)cc2)C1)N1CCN(c2ccccc2)CC1 0.9737781 2.6453 1.0000000 1.0000 1.0000000 1.0000 []
 | 21.1201 50.0153 75.5141 0.9806988 Cc1ccnc(N=Nc2cccc(CN3CCCN(CCc4ccccc4)CC3)c2)c1 1 c1ccc(CCN2CCCN(Cc3cccc(N=Nc4ccccn4)c3)CC2)cc1 0.9806988 2.4411 1.0000000 1.0000 1.0000000 1.0000 []
 | 11.3115 27.9071 80.0553 0.8434558 O=C(c1ccccc1N=Nc1ccccc1)N1CC2C(C1)C2NC(=O)C1(c2ccccc2)CC1(F)F 1 O=C(c1ccccc1N=Nc1ccccc1)N1CC2C(C1)C2NC(=O)C1(c2ccccc2)CC1 0.8434558 3.9029 1.0000000 1.0000 1.0000000 1.0000 []
 | 17.6229 46.0222 78.5346 0.9730998 O=C1NCCCN1Cc1ccccc1N=Nc1ccccc1-c1ccccc1O 1 O=C1NCCCN1Cc1ccccc1N=Nc1ccccc1-c1ccccc1 0.9730998 2.6624 1.0000000 1.0000 1.0000000 1.0000 []
04:19:02 <INFO> Sampled SMILES O=c1ccccc1-c1ccc(N=Nc2ccccc2)cc1C1CCNC1=O failed to sanitize.
04:19:02 <INFO> Sampled SMILES O=C(c1ccc(N=Nc2ncccc2)c1)N1CC(F)(C(=O)NCc2ccco2)C1 failed to sanitize.
04:19:05 <INFO> Score: 0.76 Agent NLL: 13.60 Valid:  98% Step: 322
 | Agent Prior Target Score SMILES SMILES_state Scaffold SA SA (raw) Alerts Alerts (raw) PS_Scaffold PS_Scaffold (raw) matchting_patterns (Alerts)
 | 24.7957 55.3024 68.8951 0.9702926 O=C(NCc1sccc1CNc1ccc(N=Nc2ncccn2)cc1)c1ccccc1 1 O=C(NCc1sccc1CNc1ccc(N=Nc2ncccn2)cc1)c1ccccc1 0.9702926 2.7289 1.0000000 1.0000 1.0000000 1.0000 []
 | 13.5652 38.6462 77.6401 0.9084862 c1ccc(CN2CC(NCc3ccc(N=Nc4ccc5ccccc5c4)cc3)C3(CC3)C2)cc1 1 c1ccc(CN2CC(NCc3ccc(N=Nc4ccc5ccccc5c4)cc3)C3(CC3)C2)cc1 0.9084862 3.5048 1.0000000 1.0000 1.0000000 1.0000 []
 | 12.2364 46.0113 79.7298 0.9823525 c1ccc(-c2cccc(N=Nc3cccc(CN4CCCN(Cc5ccccn5)CC4)c3)c2)cc1 1 c1ccc(-c2cccc(N=Nc3cccc(CN4CCCN(Cc5ccccn5)CC4)c3)c2)cc1 0.9823525 2.3816 1.0000000 1.0000 1.0000000 1.0000 []
 | 17.7637 44.3120 78.7384 0.9613310 O=C(c1ccccc1N=Nc1ccncc1)N1CCc2c(C(=O)N(Cc3ccccc3)C3CC3)csc2C1 1 O=C(c1ccccc1N=Nc1ccncc1)N1CCc2c(C(=O)N(Cc3ccccc3)C3CC3)csc2C1 0.9613310 2.9067 1.0000000 1.0000 1.0000000 1.0000 []
 | 10.1098 49.6964 76.9234 0.9892173 O=C(NCc1cccc(N=Nc2ccc(Oc3ccccc3)cc2)c1)c1ccccc1 1 O=C(NCc1cccc(N=Nc2ccc(Oc3ccccc3)cc2)c1)c1ccccc1 0.9892173 2.0562 1.0000000 1.0000 1.0000000 1.0000 []
 | 7.9646 33.0040 -33.0040 0.0000000 c1ccc(COc2ccc(N=Nc3ccccc3)cc2)cc1 1 c1ccc(COc2ccc(N=Nc3ccccc3)cc2)cc1 0.9926717 1.8023 1.0000000 1.0000 1.0000000 1.0000 []
 | 9.3851 41.4552 -41.4552 0.0000000 O=C(Nc1ccc(N=Nc2cccc(C(F)(F)F)c2)cc1)c1ccccc1 1 O=C(Nc1ccc(N=Nc2ccccc2)cc1)c1ccccc1 0.9890532 2.0661 1.0000000 1.0000 1.0000000 1.0000 []
 | 7.4941 42.6512 -42.6512 0.0000000 O=C(Cc1ccccc1)c1ccc(N=Nc2ccccc2)cc1 1 O=C(Cc1ccccc1)c1ccc(N=Nc2ccccc2)cc1 0.9913173 1.9137 1.0000000 1.0000 1.0000000 1.0000 []
 | 15.2829 38.2400 87.2277 0.9802158 Cn1nccc1CNc1cccc(N=Nc2ccc(F)cc2)c1 1 c1ccc(N=Nc2cccc(NCc3ccn[nH]3)c2)cc1 0.9802158 2.4575 1.0000000 1.0000 1.0000000 1.0000 []
 | 15.7931 51.7005 74.1681 0.9833487 Clc1ccccc1N=Nc1cccc(NCCN2CCCN(c3ccccc3)CC2)c1 1 c1ccc(N=Nc2cccc(NCCN3CCCN(c4ccccc4)CC3)c2)cc1 0.9833487 2.3431 1.0000000 1.0000 1.0000000 1.0000 []
04:19:54 <INFO> Score: 0.89 Agent NLL: 14.71 Valid: 100% Step: 323
 | Agent Prior Target Score SMILES SMILES_state Scaffold SA SA (raw) Alerts Alerts (raw) PS_Scaffold PS_Scaffold (raw) matchting_patterns (Alerts)
 | 17.3699 64.0459 61.2862 0.9791576 O=C1CCc2ccccc2N1c1ccc(N=Nc2ccc(Cn3ccccc3=O)cc2)cc1 1 O=C1CCc2ccccc2N1c1ccc(N=Nc2ccc(Cn3ccccc3=O)cc2)cc1 0.9791576 2.4921 1.0000000 1.0000 1.0000000 1.0000 []
 | 17.6206 73.5835 50.7025 0.9709848 Fc1ccc(N=Nc2cccc(Nc3cccc(F)c3CN3CCCN(Cc4ccccc4)CC3)c2)nc1 1 c1ccc(CN2CCCN(Cc3ccccc3Nc3cccc(N=Nc4ccccn4)c3)CC2)cc1 0.9709848 2.7131 1.0000000 1.0000 1.0000000 1.0000 []
 | 18.7825 37.9050 87.4075 0.9790035 O=[N+]([O-])c1ccc(N=Nc2ccc(Oc3ccccc3)cc2)cc1CN1Cc2ccccc2C1 1 c1ccc(Oc2ccc(N=Nc3cccc(CN4Cc5ccccc5C4)c3)cc2)cc1 0.9790035 2.4970 1.0000000 1.0000 1.0000000 1.0000 []
 | 14.6119 38.0932 87.6564 0.9824188 O=C(CN1CCN(Cc2cccc(N=Nc3ccc(F)cc3)c2)CC1)N1CCOCC1 1 O=C(CN1CCN(Cc2cccc(N=Nc3ccccc3)c2)CC1)N1CCOCC1 0.9824188 2.3791 1.0000000 1.0000 1.0000000 1.0000 []
 | 15.9109 48.3273 74.4791 0.9594257 OCC1CCCN(c2ccc(NCc3ccccc3N=Nc3ccc(O)cc3)cc2)C1 1 c1ccc(N=Nc2ccccc2CNc2ccc(N3CCCCC3)cc2)cc1 0.9594257 2.9394 1.0000000 1.0000 1.0000000 1.0000 []
 | 11.9365 47.6351 76.7472 0.9717362 O=C(c1cccc(N2CCN(C(=O)c3ccccc3N=Nc3cccnc3)CC2)c1)N1CCN(CCOc2ccccc2)CC1 1 O=C(c1cccc(N2CCN(C(=O)c3ccccc3N=Nc3cccnc3)CC2)c1)N1CCN(CCOc2ccccc2)CC1 0.9717362 2.6955 1.0000000 1.0000 1.0000000 1.0000 []
 | 12.9034 34.4500 89.0624 0.9649410 O=C(C=C1CCN(C(=O)c2ccc(N=Nc3ccc(O)cc3)cc2)CC1)N1CCN(Cc2cccs2)CC1 1 O=C(C=C1CCN(C(=O)c2ccc(N=Nc3ccccc3)cc2)CC1)N1CCN(Cc2cccs2)CC1 0.9649410 2.8404 1.0000000 1.0000 1.0000000 1.0000 []
 | 17.0657 41.3472 81.5249 0.9599381 O=C1NCc2c(NCc3cc(N=Nc4ccnc(F)c4)ccc3F)cccc21 1 O=C1NCc2c(NCc3cccc(N=Nc4ccncc4)c3)cccc21 0.9599381 2.9307 1.0000000 1.0000 1.0000000 1.0000 []
 | 21.0791 61.2118 64.0760 0.9788109 NCCc1ccc(OCc2ccc(N=Nc3cccc(CNCCCN4CCOCC4)c3)cc2)cc1 1 c1ccc(OCc2ccc(N=Nc3cccc(CNCCCN4CCOCC4)c3)cc2)cc1 0.9788109 2.5031 1.0000000 1.0000 1.0000000 1.0000 []
 | 16.9340 59.2510 64.4042 0.9660563 FC(F)(F)c1ccc(N=Nc2cccnc2)cc1Nc1ccccc1N=Nc1ccccc1 1 c1ccc(N=Nc2ccccc2Nc2cccc(N=Nc3cccnc3)c2)cc1 0.9660563 2.8186 1.0000000 1.0000 1.0000000 1.0000 []
04:19:55 <INFO> Sampled SMILES n1cnc(N=Nc2ccccc2)c1CN1CCN(Cc2ccc3cccc3c2)CC1 failed to sanitize.
04:19:57 <INFO> Score: 0.87 Agent NLL: 14.27 Valid:  99% Step: 324
 | Agent Prior Target Score SMILES SMILES_state Scaffold SA SA (raw) Alerts Alerts (raw) PS_Scaffold PS_Scaffold (raw) matchting_patterns (Alerts)
 | 6.4229 39.5496 -39.5496 0.0000000 c1ccc(N=Nc2ccc(-c3ccc(-c4ccccc4)cc3)cc2)cc1 1 c1ccc(N=Nc2ccc(-c3ccc(-c4ccccc4)cc3)cc2)cc1 0.9949728 1.5553 1.0000000 1.0000 1.0000000 1.0000 []
 | 12.2822 24.3157 100.3306 0.9737993 O=C(c1ccc(N=Nc2ccccc2)cc1)N1CCN(c2ccc(C(=O)N3CCCOC3)cn2)CC1 1 O=C(c1ccc(N=Nc2ccccc2)cc1)N1CCN(c2ccc(C(=O)N3CCCOC3)cn2)CC1 0.9737993 2.6448 1.0000000 1.0000 1.0000000 1.0000 []
 | 13.6214 39.5652 70.0249 0.8561729 O=C(C1CC2(CC2)CN1C(=O)c1ccc(N=Nc2cccc(O)c2)cc1)N1CCN(CCN2CCOCC2)CC1 1 O=C(C1CC2(CC2)CN1C(=O)c1ccc(N=Nc2ccccc2)cc1)N1CCN(CCN2CCOCC2)CC1 0.8561729 3.8379 1.0000000 1.0000 1.0000000 1.0000 []
 | 10.7407 30.5217 82.5475 0.8833536 O=C(c1ccccc1N=Nc1cccnc1)N1CC2C(C1)C2NC(=O)C1(c2cccc(F)c2)CCC1 1 O=C(c1ccccc1N=Nc1cccnc1)N1CC2C(C1)C2NC(=O)C1(c2ccccc2)CCC1 0.8833536 3.6811 1.0000000 1.0000 1.0000000 1.0000 []
 | 17.3534 45.0712 79.9851 0.9770024 O=C(C1CCC1)N1CCC(NCc2cc(N=Nc3ccccc3F)ccc2Cl)CC1 1 O=C(C1CCC1)N1CCC(NCc2cccc(N=Nc3ccccc3)c2)CC1 0.9770024 2.5577 1.0000000 1.0000 1.0000000 1.0000 []
 | 11.7128 39.8700 81.3184 0.9467841 O=C1NCCC1NCc1cc(N=Nc2cccc(F)c2)ccc1F 1 O=C1NCCC1NCc1cccc(N=Nc2ccccc2)c1 0.9467841 3.1247 1.0000000 1.0000 1.0000000 1.0000 []
 | 17.3070 69.9388 51.1424 0.9459469 O=C(c1ccc(N=Nc2ccnc(F)c2)cc1)N1CCN(Cc2ccc(C(=O)N3CCCC(CO)C3)cc2)CC1 1 O=C(c1ccc(CN2CCN(C(=O)c3ccc(N=Nc4ccncc4)cc3)CC2)cc1)N1CCCCC1 0.9459469 3.1354 1.0000000 1.0000 1.0000000 1.0000 []
 | 12.1810 33.1084 93.0314 0.9854673 Fc1ccc(N=Nc2ccc(CNCCCN3CCOCC3)cc2)cc1 1 c1ccc(N=Nc2ccc(CNCCCN3CCOCC3)cc2)cc1 0.9854673 2.2531 1.0000000 1.0000 1.0000000 1.0000 []
 | 12.7328 35.8227 90.0011 0.9829984 Fc1ccc(N=Nc2cccc(CN3CCCN(CCCN4CCCC4)CC3)c2)cc1 1 c1ccc(N=Nc2cccc(CN3CCCN(CCCN4CCCC4)CC3)c2)cc1 0.9829984 2.3569 1.0000000 1.0000 1.0000000 1.0000 []
 | 11.3142 41.2924 85.0141 0.9867698 c1ccc(CCCN2CCN(c3ccc(N=Nc4ccc(-c5ccccc5)cc4)cc3)CC2)cc1 1 c1ccc(CCCN2CCN(c3ccc(N=Nc4ccc(-c5ccccc5)cc4)cc3)CC2)cc1 0.9867698 2.1910 1.0000000 1.0000 1.0000000 1.0000 []
04:19:57 <INFO> Sampled SMILES Fc1ccccc1C=ONc1ccc(NCCN2CCCC2)cc1 failed to sanitize.
04:19:59 <INFO> Score: 0.78 Agent NLL: 14.12 Valid:  99% Step: 325
 | Agent Prior Target Score SMILES SMILES_state Scaffold SA SA (raw) Alerts Alerts (raw) PS_Scaffold PS_Scaffold (raw) matchting_patterns (Alerts)
 | 8.3162 39.7229 -39.7229 0.0000000 Fc1ccc(N=Nc2ccc(-c3ccccc3-c3ccccc3)cc2)cc1 1 c1ccc(N=Nc2ccc(-c3ccccc3-c3ccccc3)cc2)cc1 0.9918324 1.8735 1.0000000 1.0000 1.0000000 1.0000 []
 | 14.3105 25.7480 98.7143 0.9723617 O=C(COC1CCN(C(=O)c2ccc(N=Nc3ccc(O)cc3)cc2)CC1)N1CC(F)C1 1 O=C(COC1CCN(C(=O)c2ccc(N=Nc3ccccc3)cc2)CC1)N1CCC1 0.9723617 2.6805 1.0000000 1.0000 1.0000000 1.0000 []
 | 23.9372 51.3196 72.9022 0.9704832 Fc1cncc(N=Nc2cccc(Nc3cc(Br)ccc3N3CCOCC3)c2)c1 1 c1cncc(N=Nc2cccc(Nc3ccccc3N3CCOCC3)c2)c1 0.9704832 2.7246 1.0000000 1.0000 1.0000000 1.0000 []
 | 15.5743 57.0993 44.9074 0.7969278 O=C(c1ccccc1N=Nc1ccc(O)cc1)N1CC2(CCC(NC(=O)C3(NC(=O)C(F)(F)F)CCCCC3)C2)C1 1 O=C(NC1CCC2(C1)CN(C(=O)c1ccccc1N=Nc1ccccc1)C2)C1CCCCC1 0.7969278 4.1093 1.0000000 1.0000 1.0000000 1.0000 []
 | 11.7179 33.5237 92.1569 0.9818797 Fc1ccc(N=Nc2ccc(F)c(CNc3ccc4c(c3)OCO4)c2)cc1 1 c1ccc(N=Nc2cccc(CNc3ccc4c(c3)OCO4)c2)cc1 0.9818797 2.3992 1.0000000 1.0000 1.0000000 1.0000 []
 | 7.8257 33.5385 -33.5385 0.0000000 c1ccc(CCCOc2ccc(N=Nc3ccccc3)cc2)cc1 1 c1ccc(CCCOc2ccc(N=Nc3ccccc3)cc2)cc1 0.9915735 1.8940 1.0000000 1.0000 1.0000000 1.0000 []
 | 12.4610 24.1192 99.4854 0.9656610 O=C(c1ccc(N=Nc2ccc(O)cc2)cc1)N1CCC(F)(C(=O)NCCCN2CCOCC2)CC1 1 O=C(NCCCN1CCOCC1)C1CCN(C(=O)c2ccc(N=Nc3ccccc3)cc2)CC1 0.9656610 2.8264 1.0000000 1.0000 1.0000000 1.0000 []
 | 11.2958 39.4250 87.3593 0.9905026 c1ccc(Cc2ccc(N=Nc3cccc4ccccc34)cc2)cc1 1 c1ccc(Cc2ccc(N=Nc3cccc4ccccc34)cc2)cc1 0.9905026 1.9726 1.0000000 1.0000 1.0000000 1.0000 []
 | 11.8030 36.6812 87.8806 0.9731390 O=C(c1ccccc1N=Nc1ccncc1)N1CCN(CCNC(=O)C2(c3ccccc3)CC2)CC1 1 O=C(c1ccccc1N=Nc1ccncc1)N1CCN(CCNC(=O)C2(c3ccccc3)CC2)CC1 0.9731390 2.6614 1.0000000 1.0000 1.0000000 1.0000 []
 | 12.5873 30.9767 92.3824 0.9637430 O=C(c1ccc(N=Nc2ccc(F)cc2)cc1)N1CC(F)(C(=O)N2Cc3ccc(O)cc3C2)C1 1 O=C(c1ccc(N=Nc2ccccc2)cc1)N1CC(C(=O)N2Cc3ccccc3C2)C1 0.9637430 2.8631 1.0000000 1.0000 1.0000000 1.0000 []
04:19:59 <INFO> Sampled SMILES O=C(c1ccc(N=Nc2ccnc(NC(=O)CCn3ccnn3)c2)c1)N1CCN(Cc2cccc(F)c2)CC1 failed to sanitize.
04:19:59 <INFO> Sampled SMILES c1cc(N=Nc2ccccc2)ccc1OCc1cccSc1 failed to sanitize.
04:20:01 <INFO> Score: 0.75 Agent NLL: 14.23 Valid:  95% Step: 326
 | Agent Prior Target Score SMILES SMILES_state Scaffold SA SA (raw) Alerts Alerts (raw) PS_Scaffold PS_Scaffold (raw) matchting_patterns (Alerts)
 | 12.9478 42.1221 83.7208 0.9831474 Fc1ccc(N=Nc2ccc(Oc3ccc(NC4CCNCC4)cc3)cc2)cc1 1 c1ccc(N=Nc2ccc(Oc3ccc(NC4CCNCC4)cc3)cc2)cc1 0.9831474 2.3511 1.0000000 1.0000 1.0000000 1.0000 []
 | 11.7688 26.1136 98.4663 0.9732805 O=C(CN1CCN(C(=O)c2ccc(N=Nc3ccc(O)cc3)cc2)CC1)N1Cc2cccc(O)c2C1 1 O=C(CN1CCN(C(=O)c2ccc(N=Nc3ccccc3)cc2)CC1)N1Cc2ccccc2C1 0.9732805 2.6579 1.0000000 1.0000 1.0000000 1.0000 []
 | 10.0263 34.6811 90.4074 0.9772538 O=C(c1ccc(N=Nc2ccccc2)cc1)N1CCN(CCNC(=O)C2(c3ccc(Cl)cc3)CCC2)CC1 1 O=C(c1ccc(N=Nc2ccccc2)cc1)N1CCN(CCNC(=O)C2(c3ccccc3)CCC2)CC1 0.9772538 2.5504 1.0000000 1.0000 1.0000000 1.0000 []
 | 7.1512 38.7351 -38.7351 0.0000000 O=C(CCc1ccc(NN=Cc2ccccc2F)cc1)Nc1ccccc1 1 O=C(CCc1ccc(NN=Cc2ccccc2)cc1)Nc1ccccc1 0.9915380 1.8967 1.0000000 1.0000 1.0000000 1.0000 []
 | 13.8446 27.2329 96.9598 0.9702553 O=C(c1ccc(N=Nc2ccc(O)cc2)cc1)N1CC(O)(C(=O)Nc2ccccc2N2CCCCC2)C1 1 O=C(Nc1ccccc1N1CCCCC1)C1CN(C(=O)c2ccc(N=Nc3ccccc3)cc2)C1 0.9702553 2.7298 1.0000000 1.0000 1.0000000 1.0000 []
 | 11.8421 46.8047 78.8843 0.9819453 c1ccc(Oc2ccc(N=Nc3cccc(CN4CCN(CCc5ccccn5)CC4)c3)cc2)cc1 1 c1ccc(Oc2ccc(N=Nc3cccc(CN4CCN(CCc5ccccn5)CC4)c3)cc2)cc1 0.9819453 2.3968 1.0000000 1.0000 1.0000000 1.0000 []
 | 20.8461 82.1531 -82.1531 0.0000000 O=C(c1ccc(N=Nc2ccnc(NC(=O)CCn3ccnn3)c2)c1)N1CCN(Cc2cccc(F)c2)CC1 0 -- 0.0000000 0.0000 0.0000000 0.0000 0.0000000 0.0000 None
 | 19.0675 41.5563 81.6150 0.9622760 Fc1ccc(N=Nc2ccncn2)cc1-c1cccc2c1OCCCO2 1 c1cc(N=Nc2ccncn2)cc(-c2cccc3c2OCCCO3)c1 0.9622760 2.8900 1.0000000 1.0000 1.0000000 1.0000 []
 | 17.8690 40.7240 -40.7240 0.0000000 c1cc(N=Nc2ccccc2)ccc1OCc1cccSc1 0 -- 0.0000000 0.0000 0.0000000 0.0000 0.0000000 0.0000 None
 | 13.9216 43.3446 69.2371 0.8795448 O=C(c1ccc(N=Nc2cccc(F)c2)cc1)N1CCC(NC(=O)C2(c3cccs3)CCOCC2)C(O)C1 1 O=C(c1ccc(N=Nc2ccccc2)cc1)N1CCC(NC(=O)C2(c3cccs3)CCOCC2)CC1 0.8795448 3.7049 1.0000000 1.0000 1.0000000 1.0000 []
04:20:02 <INFO> Sampled SMILES c1cc(N=Nc2ccc(F)cc2)ccc1N(c1ccc(Oc2ccccc2)cc1)=Nc1ccc2c(c1)OCO2 failed to sanitize.
04:20:04 <INFO> Score: 0.78 Agent NLL: 14.66 Valid:  98% Step: 327
 | Agent Prior Target Score SMILES SMILES_state Scaffold SA SA (raw) Alerts Alerts (raw) PS_Scaffold PS_Scaffold (raw) matchting_patterns (Alerts)
 | 18.9871 48.2821 67.2051 0.9022440 Fc1ccc(N=Nc2cccc(Oc3ccccc3)n2)cc1CN1CCN2CCC1CC2 1 c1ccc(Oc2cccc(N=Nc3cccc(CN4CCN5CCC4CC5)c3)n2)cc1 0.9022440 3.5522 1.0000000 1.0000 1.0000000 1.0000 []
 | 11.4738 25.6274 75.4940 0.7900110 O=C(c1ccc(N=Nc2ccccc2)cc1)N1CC2CCC(C1)C2NC(=O)C1(c2cccc(F)c2)CC1 1 O=C(c1ccc(N=Nc2ccccc2)cc1)N1CC2CCC(C1)C2NC(=O)C1(c2ccccc2)CC1 0.7900110 4.1368 1.0000000 1.0000 1.0000000 1.0000 []
 | 12.0202 31.7927 93.7257 0.9806124 O=C(c1ccc(N=Nc2cccnc2)cc1)N1CCN(CCCC2CCCCC2)CC1 1 O=C(c1ccc(N=Nc2cccnc2)cc1)N1CCN(CCCC2CCCCC2)CC1 0.9806124 2.4440 1.0000000 1.0000 1.0000000 1.0000 []
 | 13.4332 27.7056 95.3224 0.9611561 O=C(c1ccccc1N=Nc1ccccc1)N1CC(F)(C(=O)N(Cc2cccs2)C2CC2)C1 1 O=C(c1ccccc1N=Nc1ccccc1)N1CC(C(=O)N(Cc2cccs2)C2CC2)C1 0.9611561 2.9098 1.0000000 1.0000 1.0000000 1.0000 []
 | 9.3452 43.0457 84.0174 0.9926804 c1ccc(Cc2ccc(-c3ccc(N=Nc4ccccc4)cc3)cc2)cc1 1 c1ccc(Cc2ccc(-c3ccc(N=Nc4ccccc4)cc3)cc2)cc1 0.9926804 1.8015 1.0000000 1.0000 1.0000000 1.0000 []
 | 12.6116 43.8629 79.8793 0.9667360 O=C(c1ccccc1N=Nc1cccnc1)N1CCN(Cc2cccc(C(=O)N(Cc3ccccc3)C3COC3)c2)CC1 1 O=C(c1ccccc1N=Nc1cccnc1)N1CCN(Cc2cccc(C(=O)N(Cc3ccccc3)C3COC3)c2)CC1 0.9667360 2.8050 1.0000000 1.0000 1.0000000 1.0000 []
 | 13.6401 58.4874 64.4357 0.9603370 O=C(c1ccc(N=Nc2cccnc2)cc1)N1CCC(N2CCC(NC(=O)C3(c4ccc(F)cc4)CCCC3)CC2)CC1 1 O=C(c1ccc(N=Nc2cccnc2)cc1)N1CCC(N2CCC(NC(=O)C3(c4ccccc4)CCCC3)CC2)CC1 0.9603370 2.9239 1.0000000 1.0000 1.0000000 1.0000 []
 | 11.1789 44.1156 -44.1156 0.0000000 O=C(COc1ccccc1)Nc1ccc(N=Nc2ccccn2)cc1 1 O=C(COc1ccccc1)Nc1ccc(N=Nc2ccccn2)cc1 0.9883866 2.1051 1.0000000 1.0000 1.0000000 1.0000 []
 | 9.6608 40.8947 -40.8947 0.0000000 c1ccc(N=Nc2cccc3ccccc23)cc1 1 c1ccc(N=Nc2cccc3ccccc23)cc1 0.9916276 1.8898 1.0000000 1.0000 1.0000000 1.0000 []
 | 13.1424 48.7676 74.4749 0.9628316 O=C(CCN1CCN(C(=O)c2ccc(N=Nc3ccc(O)cc3)cc2)CC1)N1CCC(N=Nc2ccccc2)CC1 1 O=C(CCN1CCN(C(=O)c2ccc(N=Nc3ccccc3)cc2)CC1)N1CCC(N=Nc2ccccc2)CC1 0.9628316 2.8799 1.0000000 1.0000 1.0000000 1.0000 []
04:20:06 <INFO> Sampled SMILES c1cc(N=Nc2ccc(Cl)cc2)ccc1-c1cc(-c2ccco2)cccc1O failed to sanitize.
04:20:50 <INFO> Score: 0.84 Agent NLL: 13.62 Valid:  98% Step: 328
 | Agent Prior Target Score SMILES SMILES_state Scaffold SA SA (raw) Alerts Alerts (raw) PS_Scaffold PS_Scaffold (raw) matchting_patterns (Alerts)
 | 16.6956 47.7196 76.4137 0.9697914 Fc1cccc(N=Nc2cccc(C3CCCN(Cc4ccccc4)C3)c2)c1 1 c1ccc(CN2CCCC(c3cccc(N=Nc4ccccc4)c3)C2)cc1 0.9697914 2.7402 1.0000000 1.0000 1.0000000 1.0000 []
 | 13.4037 55.8040 -55.8040 0.0000000 c1cc(N=Nc2ccc(Cl)cc2)ccc1-c1cc(-c2ccco2)cccc1O 0 -- 0.0000000 0.0000 0.0000000 0.0000 0.0000000 0.0000 None
 | 10.6100 31.6644 92.6441 0.9711607 O=C(CN1CCN(C(=O)c2ccc(N=Nc3ccc(O)cc3)cc2)CC1)N(CC=Cc1ccccc1)CCO 1 O=C(CN1CCN(C(=O)c2ccc(N=Nc3ccccc3)cc2)CC1)NCC=Cc1ccccc1 0.9711607 2.7090 1.0000000 1.0000 1.0000000 1.0000 []
 | 12.3486 38.8660 86.3800 0.9784843 Fc1ccc(N=Nc2ccc(Nc3ccccc3N3CCCNC3)cc2)cc1 1 c1ccc(N=Nc2ccc(Nc3ccccc3N3CCCNC3)cc2)cc1 0.9784843 2.5133 1.0000000 1.0000 1.0000000 1.0000 []
 | 14.9171 42.5969 81.3896 0.9686442 O=C(c1ccccc1N=Nc1ccncc1)N1CCC(O)(C(=O)Nc2cccc(Cc3ccccc3)c2)CC1 1 O=C(Nc1cccc(Cc2ccccc2)c1)C1CCN(C(=O)c2ccccc2N=Nc2ccncc2)CC1 0.9686442 2.7652 1.0000000 1.0000 1.0000000 1.0000 []
 | 14.4876 41.0843 82.0482 0.9619724 O=C(c1ccccc1N=Nc1cccnc1)N1CCC(O)(C(=O)NC2CCN(Cc3cccc(F)c3)CC2)CC1 1 O=C(NC1CCN(Cc2ccccc2)CC1)C1CCN(C(=O)c2ccccc2N=Nc2cccnc2)CC1 0.9619724 2.8954 1.0000000 1.0000 1.0000000 1.0000 []
 | 13.0783 32.4782 92.1865 0.9739429 O=C(c1ccc(N2CCN(C(=O)c3ccc(N=Nc4cccc(O)c4)cc3)CC2)cc1)N1CC=CC1 1 O=C(c1ccc(N2CCN(C(=O)c3ccc(N=Nc4ccccc4)cc3)CC2)cc1)N1CC=CC1 0.9739429 2.6411 1.0000000 1.0000 1.0000000 1.0000 []
 | 25.8816 72.1861 52.4753 0.9739172 c1ccc(CCCN2CCN(c3ccccc3N=Nc3ccc(-c4ccccn4)nn3)CC2)cc1 1 c1ccc(CCCN2CCN(c3ccccc3N=Nc3ccc(-c4ccccn4)nn3)CC2)cc1 0.9739172 2.6417 1.0000000 1.0000 1.0000000 1.0000 []
 | 14.4430 40.5628 84.3223 0.9756651 Clc1ccc(N=Nc2cccc(-c3ccc(CNC4CCNCC4)cc3)c2)cn1 1 c1cncc(N=Nc2cccc(-c3ccc(CNC4CCNCC4)cc3)c2)c1 0.9756651 2.5954 1.0000000 1.0000 1.0000000 1.0000 []
 | 6.2081 28.6203 -28.6203 0.0000000 Fc1ccccc1C=NNc1ccc(Cc2ccccc2)cc1 1 C(=NNc1ccc(Cc2ccccc2)cc1)c1ccccc1 0.9924383 1.8229 1.0000000 1.0000 1.0000000 1.0000 []
04:20:50 <INFO> Sampled SMILES c1c(N=Nc2ccc(NC(=O)c3ccccc3)cc2)ccc(OCCN2CCOCC2)cc1F failed to sanitize.
04:20:52 <INFO> Score: 0.83 Agent NLL: 14.11 Valid:  99% Step: 329
 | Agent Prior Target Score SMILES SMILES_state Scaffold SA SA (raw) Alerts Alerts (raw) PS_Scaffold PS_Scaffold (raw) matchting_patterns (Alerts)
 | 12.9530 58.1430 65.6227 0.9669189 OCc1cccc(N=Nc2cccc(-c3ccc(N=Nc4cccc(F)c4)cc3)c2)n1 1 c1ccc(N=Nc2ccc(-c3cccc(N=Nc4ccccn4)c3)cc2)cc1 0.9669189 2.8013 1.0000000 1.0000 1.0000000 1.0000 []
 | 15.2316 43.3106 81.5203 0.9752417 c1cc(N=Nc2cccs2)cc(NCc2cccc(OC3CCC3)c2)c1 1 c1cc(N=Nc2cccs2)cc(NCc2cccc(OC3CCC3)c2)c1 0.9752417 2.6069 1.0000000 1.0000 1.0000000 1.0000 []
 | 14.8269 31.8111 84.9985 0.9125744 O=C(c1ccccc1N=Nc1cccnc1)N1CC(F)(C(=O)NCC2COc3ccccc3C2)C1 1 O=C(NCC1COc2ccccc2C1)C1CN(C(=O)c2ccccc2N=Nc2cccnc2)C1 0.9125744 3.4721 1.0000000 1.0000 1.0000000 1.0000 []
 | 13.6822 46.3238 -46.3238 0.0000000 Oc1ccc(Cc2ccc(N=Nc3ccccc3)cc2)cc1 1 c1ccc(Cc2ccc(N=Nc3ccccc3)cc2)cc1 0.9903040 1.9862 1.0000000 1.0000 1.0000000 1.0000 []
 | 12.6922 37.3078 -37.3078 0.0000000 Cc1[nH]c(=O)cc(N=Nc2ccc(N3CCCCCC3)cc2)c1C 1 O=c1cc(N=Nc2ccc(N3CCCCCC3)cc2)cc[nH]1 0.9762684 2.5786 1.0000000 1.0000 1.0000000 1.0000 []
 | 13.0904 46.3000 79.4545 0.9824570 O=C(Nc1ccc(N=Nc2cccc(C(F)(F)F)n2)cc1)c1ccc(F)cc1 1 O=C(Nc1ccc(N=Nc2ccccn2)cc1)c1ccccc1 0.9824570 2.3777 1.0000000 1.0000 1.0000000 1.0000 []
 | 11.1995 26.8344 97.2563 0.9694579 O=C(COC1CN(C(=O)c2ccc(N=Nc3ccc(O)cc3)cc2)C1)N1Cc2ccc(O)cc2C1 1 O=C(COC1CN(C(=O)c2ccc(N=Nc3ccccc3)cc2)C1)N1Cc2ccccc2C1 0.9694579 2.7476 1.0000000 1.0000 1.0000000 1.0000 []
 | 13.6312 40.5847 85.9991 0.9889358 Clc1ccc(N=Nc2ccc(-c3ccc(N4CCCCC4)cc3)cc2)cc1 1 c1ccc(N=Nc2ccc(-c3ccc(N4CCCCC4)cc3)cc2)cc1 0.9889358 2.0731 1.0000000 1.0000 1.0000000 1.0000 []
 | 9.3022 46.2268 -46.2268 0.0000000 COc1ccc(N=Nc2ccc(-c3ccc4ccccc4c3)cc2)cc1 1 c1ccc(N=Nc2ccc(-c3ccc4ccccc4c3)cc2)cc1 0.9904148 1.9787 1.0000000 1.0000 1.0000000 1.0000 []
 | 15.8905 24.0457 98.9134 0.9606177 O=C(c1ccc(N=Nc2ccccc2)cc1)N1CCC(C(=O)N2CCC(CF)CC2)C1 1 O=C(c1ccc(N=Nc2ccccc2)cc1)N1CCC(C(=O)N2CCCCC2)C1 0.9606177 2.9191 1.0000000 1.0000 1.0000000 1.0000 []
04:20:53 <INFO> Sampled SMILES c1ccc(N=Nc2cccc(CO)n2)cc1-c1c(CNCCCOc2ccccc2)ccn1 failed to sanitize.
04:20:53 <INFO> Sampled SMILES c1cc(N=Nc2ccc(F)cc2)ccc1-c1ccc2c(c1)OCC(=OcN2)c1ccccc1 failed to sanitize.
04:20:54 <INFO> Score: 0.78 Agent NLL: 14.05 Valid:  96% Step: 330
 | Agent Prior Target Score SMILES SMILES_state Scaffold SA SA (raw) Alerts Alerts (raw) PS_Scaffold PS_Scaffold (raw) matchting_patterns (Alerts)
 | 13.5148 38.4932 87.4099 0.9836181 Fc1ccc(N=Nc2cccc(-c3cn[nH]c3-c3ccccc3)c2)cc1 1 c1ccc(N=Nc2cccc(-c3cn[nH]c3-c3ccccc3)c2)cc1 0.9836181 2.3323 1.0000000 1.0000 1.0000000 1.0000 []
 | 16.0802 42.9399 82.5114 0.9800885 Cc1cc(C)c(C)c(N=Nc2cccc(NC(=O)COCCOCc3ccccc3)c2)c1 1 O=C(COCCOCc1ccccc1)Nc1cccc(N=Nc2ccccc2)c1 0.9800885 2.4618 1.0000000 1.0000 1.0000000 1.0000 []
 | 9.3568 37.3887 -37.3887 0.0000000 Fc1cccc(Oc2ccc(N=Nc3ccccc3)cc2)c1 1 c1ccc(N=Nc2ccc(Oc3ccccc3)cc2)cc1 0.9905375 1.9702 1.0000000 1.0000 1.0000000 1.0000 []
 | 16.5131 55.2552 68.4551 0.9664872 Fc1cc(N=Nc2cccc(Cl)c2Cn2ccc(Cc3ccccc3)n2)ccn1 1 c1ccc(Cc2ccn(Cc3ccccc3N=Nc3ccncc3)n2)cc1 0.9664872 2.8100 1.0000000 1.0000 1.0000000 1.0000 []
 | 12.0009 42.2482 79.6183 0.9520816 O=C1NCCC1NCc1cccc(N=Nc2ccc(-c3ccco3)cc2)c1 1 O=C1NCCC1NCc1cccc(N=Nc2ccc(-c3ccco3)cc2)c1 0.9520816 3.0527 1.0000000 1.0000 1.0000000 1.0000 []
 | 10.2877 33.8799 90.3763 0.9707515 O=C(c1ccc(N=Nc2cccnc2)cc1)N1CCN(CCNC(=O)C2(c3cccc(F)c3)CCC2)CC1 1 O=C(c1ccc(N=Nc2cccnc2)cc1)N1CCN(CCNC(=O)C2(c3ccccc3)CCC2)CC1 0.9707515 2.7185 1.0000000 1.0000 1.0000000 1.0000 []
 | 16.5504 27.7482 92.2499 0.9374855 O=C(c1ccccc1N=Nc1ccc(O)cc1)N1CCC(C(=O)N(CCN2CCOCC2)Cc2ccco2)C1 1 O=C(c1ccccc1N=Nc1ccccc1)N1CCC(C(=O)N(CCN2CCOCC2)Cc2ccco2)C1 0.9374855 3.2360 1.0000000 1.0000 1.0000000 1.0000 []
 | 12.7363 40.1754 79.6671 0.9362702 O=C(c1ccccc1N=Nc1cccnc1)N1CCN(C(C(=O)N(CCCO)c2ccccc2)c2ccccc2)CC1 1 O=C(Nc1ccccc1)C(c1ccccc1)N1CCN(C(=O)c2ccccc2N=Nc2cccnc2)CC1 0.9362702 3.2494 1.0000000 1.0000 1.0000000 1.0000 []
 | 15.2340 41.8991 80.3430 0.9550168 O=C(c1ccc(N=Nc2ccc(F)cc2)cc1)N1CCOC(C(=O)N(CCc2ccccc2)Cc2ccccc2)C1 1 O=C(c1ccc(N=Nc2ccccc2)cc1)N1CCOC(C(=O)N(CCc2ccccc2)Cc2ccccc2)C1 0.9550168 3.0096 1.0000000 1.0000 1.0000000 1.0000 []
 | 13.4268 46.1896 80.0764 0.9864530 c1ccc(Nc2ccc(-c3ccc(N=Nc4ccc5cccnc5c4)cc3)cc2)cc1 1 c1ccc(Nc2ccc(-c3ccc(N=Nc4ccc5cccnc5c4)cc3)cc2)cc1 0.9864530 2.2067 1.0000000 1.0000 1.0000000 1.0000 []
04:20:54 <INFO> Sampled SMILES c1cc(N=Nc2cccs2)ccc1Oc1ccc(Nc2cccnc2)n1 failed to sanitize.
04:20:56 <INFO> Score: 0.81 Agent NLL: 13.59 Valid:  99% Step: 331
 | Agent Prior Target Score SMILES SMILES_state Scaffold SA SA (raw) Alerts Alerts (raw) PS_Scaffold PS_Scaffold (raw) matchting_patterns (Alerts)
 | 13.2895 27.3889 94.1891 0.9498284 O=C(c1ccc(N=Nc2ccccc2)cc1)N1CCOC(C(=O)N2CCN(Cc3ccsc3)CC2)C1 1 O=C(c1ccc(N=Nc2ccccc2)cc1)N1CCOC(C(=O)N2CCN(Cc3ccsc3)CC2)C1 0.9498284 3.0842 1.0000000 1.0000 1.0000000 1.0000 []
 | 13.7642 27.6916 98.6034 0.9866801 Fc1ccc(N=Nc2ccc(-c3ccccc3)cc2)cn1 1 c1ccc(-c2ccc(N=Nc3cccnc3)cc2)cc1 0.9866801 2.1955 1.0000000 1.0000 1.0000000 1.0000 []
 | 11.1899 43.0908 84.0504 0.9932907 Fc1ccc(-c2ccc(N=Nc3ccc(-c4ccccc4)cc3)cc2)cc1 1 c1ccc(-c2ccc(N=Nc3ccc(-c4ccccc4)cc3)cc2)cc1 0.9932907 1.7444 1.0000000 1.0000 1.0000000 1.0000 []
 | 6.5886 40.6064 -40.6064 0.0000000 O=C(OCc1ccccc1)c1ccc(N=Nc2ccccc2)cc1 1 O=C(OCc1ccccc1)c1ccc(N=Nc2ccccc2)cc1 0.9918281 1.8738 1.0000000 1.0000 1.0000000 1.0000 []
 | 21.8474 60.2797 65.0181 0.9788890 Brc1cccc(N=Nc2ccc(OCc3cccc(NCCOCCN4CCCC4)c3)cc2)c1 1 c1ccc(N=Nc2ccc(OCc3cccc(NCCOCCN4CCCC4)c3)cc2)cc1 0.9788890 2.5007 1.0000000 1.0000 1.0000000 1.0000 []
 | 13.3761 36.1474 84.9606 0.9461558 O=C1CC(NCc2cc(N=Nc3ccc(F)cc3)ccc2O)CN1 1 O=C1CC(NCc2cccc(N=Nc3ccccc3)c2)CN1 0.9461558 3.1328 1.0000000 1.0000 1.0000000 1.0000 []
 | 14.6704 39.0617 85.9003 0.9762653 Fc1ccc(N=Nc2ccccc2)cc1-c1ccc(NC2CCNCC2)nc1 1 c1ccc(N=Nc2cccc(-c3ccc(NC4CCNCC4)nc3)c2)cc1 0.9762653 2.5787 1.0000000 1.0000 1.0000000 1.0000 []
 | 15.1040 41.6123 83.8750 0.9803697 c1cnc2cc(N=Nc3ccc(Nc4ccc(CN5CCOCC5)cc4)cc3)ccc2n1 1 c1cnc2cc(N=Nc3ccc(Nc4ccc(CN5CCOCC5)cc4)cc3)ccc2n1 0.9803697 2.4523 1.0000000 1.0000 1.0000000 1.0000 []
 | 11.7857 52.1722 -52.1722 0.0000000 CC(=O)Nc1ccc(N=Nc2ccc(CO)o2)cc1 1 c1ccc(N=Nc2ccco2)cc1 0.9730787 2.6629 1.0000000 1.0000 1.0000000 1.0000 []
 | 14.7939 37.3279 -37.3279 0.0000000 Cc1cc(N=Nc2ccc(O)cc2)ccc1C(=O)Nc1ccccc1 1 O=C(Nc1ccccc1)c1ccc(N=Nc2ccccc2)cc1 0.9888288 2.0795 1.0000000 1.0000 1.0000000 1.0000 []
04:20:59 <INFO> Score: 0.84 Agent NLL: 14.36 Valid:  99% Step: 332
 | Agent Prior Target Score SMILES SMILES_state Scaffold SA SA (raw) Alerts Alerts (raw) PS_Scaffold PS_Scaffold (raw) matchting_patterns (Alerts)
 | 10.1439 24.8395 98.0093 0.9597567 O=C(c1ccc(N=Nc2ccc(O)cc2)cc1)N1CC(NC(=O)C2(F)CCOCC2)C1 1 O=C(NC1CN(C(=O)c2ccc(N=Nc3ccccc3)cc2)C1)C1CCOCC1 0.9597567 2.9338 1.0000000 1.0000 1.0000000 1.0000 []
 | 14.2567 45.1623 78.4328 0.9655863 OCc1cccc(N=Nc2cccc(CN3Cc4cccnc4C3)c2)n1 1 c1ccc(N=Nc2cccc(CN3Cc4cccnc4C3)c2)nc1 0.9655863 2.8279 1.0000000 1.0000 1.0000000 1.0000 []
 | 10.2290 30.8547 94.2353 0.9772654 O=C(c1ccc(N=Nc2cccnc2)cc1)N1CCN(c2nccc(Cl)n2)CC1 1 O=C(c1ccc(N=Nc2cccnc2)cc1)N1CCN(c2ncccn2)CC1 0.9772654 2.5500 1.0000000 1.0000 1.0000000 1.0000 []
 | 12.8853 33.7513 89.5923 0.9636223 O=C(c1ccc(N=Nc2cccnc2)cc1)N1CC(F)(C(=O)Nc2cccc(Oc3ccccn3)c2)C1 1 O=C(Nc1cccc(Oc2ccccn2)c1)C1CN(C(=O)c2ccc(N=Nc3cccnc3)cc2)C1 0.9636223 2.8654 1.0000000 1.0000 1.0000000 1.0000 []
 | 15.1355 53.7287 71.9189 0.9816220 O=C(NCc1cc(C(=O)NCc2cc(N=Nc3ccccc3)ccc2F)ccn1)c1ccccc1 1 O=C(NCc1cccc(N=Nc2ccccc2)c1)c1ccnc(CNC(=O)c2ccccc2)c1 0.9816220 2.4085 1.0000000 1.0000 1.0000000 1.0000 []
 | 12.0157 41.3400 85.1991 0.9885863 c1ccc(Cc2ccc(-c3ccc(N=Nc4cccnc4)cc3)cc2)cc1 1 c1ccc(Cc2ccc(-c3ccc(N=Nc4cccnc4)cc3)cc2)cc1 0.9885863 2.0936 1.0000000 1.0000 1.0000000 1.0000 []
 | 13.7660 46.7889 74.3513 0.9464079 O=C(c1ccccc1)N1CCN(C(=O)C2c3ccccc3CN2C(=O)c2ccc(N=Nc3ccc(O)cc3)cc2)CC1 1 O=C(c1ccccc1)N1CCN(C(=O)C2c3ccccc3CN2C(=O)c2ccc(N=Nc3ccccc3)cc2)CC1 0.9464079 3.1295 1.0000000 1.0000 1.0000000 1.0000 []
 | 14.2151 25.6652 -25.6652 0.0000000 O=C(c1ccccc1N=Nc1ccc(O)cc1)N1CC(O)(C(=O)N2CCN(c3ccccc3O)CC2)C1 1 O=C(c1ccccc1N=Nc1ccccc1)N1CC(C(=O)N2CCN(c3ccccc3)CC2)C1 0.9645513 2.8479 1.0000000 1.0000 1.0000000 1.0000 []
 | 9.6308 32.8356 93.5664 0.9875154 c1ccc(N=Nc2ccc(-c3ccc(CN4CCNCC4)cc3)cc2)cc1 1 c1ccc(N=Nc2ccc(-c3ccc(CN4CCNCC4)cc3)cc2)cc1 0.9875154 2.1527 1.0000000 1.0000 1.0000000 1.0000 []
 | 17.0645 39.6089 84.9465 0.9730893 O=C(c1cccc(CN2CCN(C(=O)c3ccc(N=Nc4ccccc4Cl)cc3)CC2)c1)N1CC=CCC1 1 O=C(c1cccc(CN2CCN(C(=O)c3ccc(N=Nc4ccccc4)cc3)CC2)c1)N1CC=CCC1 0.9730893 2.6627 1.0000000 1.0000 1.0000000 1.0000 []
04:21:02 <INFO> Score: 0.80 Agent NLL: 13.88 Valid:  99% Step: 333
 | Agent Prior Target Score SMILES SMILES_state Scaffold SA SA (raw) Alerts Alerts (raw) PS_Scaffold PS_Scaffold (raw) matchting_patterns (Alerts)
 | 8.1319 47.3402 -47.3402 0.0000000 O=C(Nc1ccccc1)c1cccc(N=Nc2ccc(Oc3ccccc3)cc2)c1 1 O=C(Nc1ccccc1)c1cccc(N=Nc2ccc(Oc3ccccc3)cc2)c1 0.9901916 1.9938 1.0000000 1.0000 1.0000000 1.0000 []
 | 10.2893 25.5057 100.0745 0.9810956 O=C(c1ccc(N2CCN(C(=O)c3ccc(N=Nc4ccc(O)cc4)cc3)CC2)cc1)N1CCOCC1 1 O=C(c1ccc(N2CCN(C(=O)c3ccc(N=Nc4ccccc4)cc3)CC2)cc1)N1CCOCC1 0.9810956 2.4273 1.0000000 1.0000 1.0000000 1.0000 []
 | 14.8976 35.7863 84.0290 0.9360570 O=C(OCc1ccccc1)N1CCCC2CN(C(=O)c3ccc(N=Nc4ccc(O)cc4)cc3)CC2C1 1 O=C(OCc1ccccc1)N1CCCC2CN(C(=O)c3ccc(N=Nc4ccccc4)cc3)CC2C1 0.9360570 3.2517 1.0000000 1.0000 1.0000000 1.0000 []
 | 19.3157 52.1626 71.6408 0.9672141 OCc1ccc(-c2ccc(NCc3cc(N=Nc4ccccc4CO)ccc3C(F)(F)F)cc2)o1 1 c1ccc(N=Nc2cccc(CNc3ccc(-c4ccco4)cc3)c2)cc1 0.9672141 2.7952 1.0000000 1.0000 1.0000000 1.0000 []
 | 12.2473 56.6910 69.0475 0.9823323 c1ccc(-c2cccc(-c3cccc(N=Nc4ccn(-c5ccccc5)n4)c3)c2)cc1 1 c1ccc(-c2cccc(-c3cccc(N=Nc4ccn(-c5ccccc5)n4)c3)c2)cc1 0.9823323 2.3824 1.0000000 1.0000 1.0000000 1.0000 []
 | 12.6476 32.1911 87.4259 0.9345084 O=C(c1ccc(N=Nc2ccc(O)cc2)cc1)N1CCC(F)(C(=O)NCc2ccc(-c3ccccc3)o2)C1 1 O=C(NCc1ccc(-c2ccccc2)o1)C1CCN(C(=O)c2ccc(N=Nc3ccccc3)cc2)C1 0.9345084 3.2684 1.0000000 1.0000 1.0000000 1.0000 []
 | 13.1082 41.7139 83.9610 0.9818354 c1ccc(Oc2ccc(N=Nc3cccc(CNCCCn4cccn4)c3)cc2)cc1 1 c1ccc(Oc2ccc(N=Nc3cccc(CNCCCn4cccn4)c3)cc2)cc1 0.9818354 2.4008 1.0000000 1.0000 1.0000000 1.0000 []
 | 9.4399 27.1068 97.4736 0.9732845 O=C(c1ccc(N=Nc2ccc(O)cc2)cc1)N1CC(F)(C(=O)Nc2ccc3ccccc3c2)C1 1 O=C(Nc1ccc2ccccc2c1)C1CN(C(=O)c2ccc(N=Nc3ccccc3)cc2)C1 0.9732845 2.6578 1.0000000 1.0000 1.0000000 1.0000 []
 | 17.3012 50.7268 73.3812 0.9695933 OCc1c(F)cccc1NCc1cccc(N=Nc2ccc(C(F)(F)F)cn2)c1 1 c1ccc(NCc2cccc(N=Nc3ccccn3)c2)cc1 0.9695933 2.7446 1.0000000 1.0000 1.0000000 1.0000 []
 | 15.0823 55.8357 70.1016 0.9838855 Clc1cccc(N=Nc2ccc(Nc3ccc(-c4ccc(-c5ccccc5)nn4)cc3)cc2)c1 1 c1ccc(N=Nc2ccc(Nc3ccc(-c4ccc(-c5ccccc5)nn4)cc3)cc2)cc1 0.9838855 2.3214 1.0000000 1.0000 1.0000000 1.0000 []
04:21:04 <INFO> Score: 0.83 Agent NLL: 13.10 Valid: 100% Step: 334
 | Agent Prior Target Score SMILES SMILES_state Scaffold SA SA (raw) Alerts Alerts (raw) PS_Scaffold PS_Scaffold (raw) matchting_patterns (Alerts)
 | 9.5667 43.8642 -43.8642 0.0000000 c1ccc(CNc2ccc(Oc3ccc(N=Nc4ccccc4)cc3)cc2)cc1 1 c1ccc(CNc2ccc(Oc3ccc(N=Nc4ccccc4)cc3)cc2)cc1 0.9901810 1.9945 1.0000000 1.0000 1.0000000 1.0000 []
 | 6.5969 48.3559 -48.3559 0.0000000 O=C(Nc1ccccc1)c1cccc(N=Nc2ccccc2)c1 1 O=C(Nc1ccccc1)c1cccc(N=Nc2ccccc2)c1 0.9922432 1.8396 1.0000000 1.0000 1.0000000 1.0000 []
 | 15.8760 54.7761 69.9892 0.9747292 OCc1cccc(N2CCC(c3ccc(N=Nc4ccc5ncccc5c4)cc3)CC2)n1 1 c1ccc(N2CCC(c3ccc(N=Nc4ccc5ncccc5c4)cc3)CC2)nc1 0.9747292 2.6206 1.0000000 1.0000 1.0000000 1.0000 []
 | 15.8625 45.1333 80.6513 0.9826922 Fc1ccc(N=Nc2ccccc2CN2CCCC2)cc1CNc1ccccc1 1 c1ccc(NCc2cccc(N=Nc3ccccc3CN3CCCC3)c2)cc1 0.9826922 2.3687 1.0000000 1.0000 1.0000000 1.0000 []
 | 14.1554 56.7766 69.4052 0.9857955 Cc1cccc(N=Nc2ccc(C)c(CNC(=O)NCc3ccccc3)c2)c1 1 O=C(NCc1ccccc1)NCc1cccc(N=Nc2ccccc2)c1 0.9857955 2.2380 1.0000000 1.0000 1.0000000 1.0000 []
 | 12.3366 32.6151 89.7793 0.9562060 O=C(c1ccc(N=Nc2ccccn2)cc1)N1CC(F)(C(=O)N2Cc3ccc(O)cc3C2)C1 1 O=C(c1ccc(N=Nc2ccccn2)cc1)N1CC(C(=O)N2Cc3ccccc3C2)C1 0.9562060 2.9913 1.0000000 1.0000 1.0000000 1.0000 []
 | 9.3059 50.4685 -50.4685 0.0000000 O=C(NCc1ccccc1)c1cccc(N=Nc2ccc(Cl)cc2)c1 1 O=C(NCc1ccccc1)c1cccc(N=Nc2ccccc2)c1 0.9908490 1.9482 1.0000000 1.0000 1.0000000 1.0000 []
 | 11.1846 33.1552 87.8278 0.9451793 O=C(C1Cc2ccccc2CN1C(=O)c1ccc(N=Nc2ccccc2)cc1)N1CCN(CCN2CCOCC2)CC1 1 O=C(C1Cc2ccccc2CN1C(=O)c1ccc(N=Nc2ccccc2)cc1)N1CCN(CCN2CCOCC2)CC1 0.9451793 3.1451 1.0000000 1.0000 1.0000000 1.0000 []
 | 9.9266 25.0247 98.8938 0.9681134 O=C(c1ccc(N=Nc2ccc(O)cc2)cc1)N1CCN(CCNC(=O)C2(O)CCOCC2)CC1 1 O=C(NCCN1CCN(C(=O)c2ccc(N=Nc3ccccc3)cc2)CC1)C1CCOCC1 0.9681134 2.7765 1.0000000 1.0000 1.0000000 1.0000 []
 | 11.5025 29.2033 94.6942 0.9679491 O=C(C1=CCN(C(=O)c2ccc(N=Nc3ccc(O)cc3)cc2)C1)N1CCN(c2cccc(F)c2)CC1 1 O=C(C1=CCN(C(=O)c2ccc(N=Nc3ccccc3)cc2)C1)N1CCN(c2ccccc2)CC1 0.9679491 2.7800 1.0000000 1.0000 1.0000000 1.0000 []
04:21:05 <INFO> Sampled SMILES c1cc(N=Nc2ccccc2)ccc1Nc1cc(C(=O)N2CCCC2)ccnc1-c1ccccc1 failed to sanitize.
04:21:54 <INFO> Score: 0.76 Agent NLL: 14.15 Valid:  96% Step: 335
 | Agent Prior Target Score SMILES SMILES_state Scaffold SA SA (raw) Alerts Alerts (raw) PS_Scaffold PS_Scaffold (raw) matchting_patterns (Alerts)
 | 10.3917 40.5750 84.8639 0.9799910 Fc1cccc(N=Nc2ccc(F)c(CNCc3ccco3)c2)c1 1 c1ccc(N=Nc2cccc(CNCc3ccco3)c2)cc1 0.9799910 2.4650 1.0000000 1.0000 1.0000000 1.0000 []
 | 18.1084 28.1821 87.4300 0.9032195 O=C(CC1CCN(C(=O)c2ccccc2N=Nc2ccc(O)cc2)C1)N1Cc2nc(O)nc(O)c2C1 1 O=C(CC1CCN(C(=O)c2ccccc2N=Nc2ccccc2)C1)N1Cc2cncnc2C1 0.9032195 3.5450 1.0000000 1.0000 1.0000000 1.0000 []
 | 17.3063 47.7235 77.4520 0.9779337 N#Cc1ccc(Oc2ccc(N=Nc3ccccc3)cc2)cc1C1CCNCC1 1 c1ccc(N=Nc2ccc(Oc3cccc(C4CCNCC4)c3)cc2)cc1 0.9779337 2.5301 1.0000000 1.0000 1.0000000 1.0000 []
 | 15.2629 46.5676 79.9006 0.9880323 COc1ccc(N=Nc2ccc(-c3ccc(OCc4cccnc4)cc3)cc2)cc1 1 c1ccc(N=Nc2ccc(-c3ccc(OCc4cccnc4)cc3)cc2)cc1 0.9880323 2.1249 1.0000000 1.0000 1.0000000 1.0000 []
 | 16.2724 38.6067 87.1452 0.9824366 O=C(c1ccc(N=Nc2cccc(CO)c2)cc1)N1CCN(C2CCCC2)CC1 1 O=C(c1ccc(N=Nc2ccccc2)cc1)N1CCN(C2CCCC2)CC1 0.9824366 2.3785 1.0000000 1.0000 1.0000000 1.0000 []
 | 14.2460 41.9410 80.4767 0.9563882 c1coc(CNN=C2CNc3ccccc32)c1 1 c1coc(CNN=C2CNc3ccccc32)c1 0.9563882 2.9885 1.0000000 1.0000 1.0000000 1.0000 []
 | 7.5995 39.6987 -39.6987 0.0000000 O=C(COc1ccc(N=Nc2ccccc2)cc1)Nc1ccccc1 1 O=C(COc1ccc(N=Nc2ccccc2)cc1)Nc1ccccc1 0.9917945 1.8765 1.0000000 1.0000 1.0000000 1.0000 []
 | 21.5696 59.9574 63.5690 0.9650501 Brc1ccc(N=Nc2nccnc2-c2ccccc2)cc1CNc1ccc(-c2ccn[nH]2)cc1 1 c1ccc(-c2nccnc2N=Nc2cccc(CNc3ccc(-c4ccn[nH]4)cc3)c2)cc1 0.9650501 2.8383 1.0000000 1.0000 1.0000000 1.0000 []
 | 22.1498 43.7500 79.8628 0.9657249 OCC1CCC(NCc2cc(N=Nc3ccc4c(c3)OCO4)ccc2C(F)(F)F)CC1 1 c1cc(CNC2CCCCC2)cc(N=Nc2ccc3c(c2)OCO3)c1 0.9657249 2.8252 1.0000000 1.0000 1.0000000 1.0000 []
 | 16.2831 49.7828 75.4335 0.9782516 O=C(NCCNc1cc(N=Nc2ccc(CO)nc2)ccc1F)c1ccccc1 1 O=C(NCCNc1cccc(N=Nc2cccnc2)c1)c1ccccc1 0.9782516 2.5205 1.0000000 1.0000 1.0000000 1.0000 []
04:21:55 <INFO> Sampled SMILES c1cc(N=Nc2ccc(=O)cc2)ccc1-c1ccc(-c2ccccc2)cc1 failed to sanitize.
04:21:55 <INFO> Sampled SMILES c1cc(N=Nc2ccn[nH]c2)ccc1-c1cc(N2CCOCC2)ccn1 failed to sanitize.
04:21:56 <INFO> Score: 0.79 Agent NLL: 13.73 Valid:  96% Step: 336
 | Agent Prior Target Score SMILES SMILES_state Scaffold SA SA (raw) Alerts Alerts (raw) PS_Scaffold PS_Scaffold (raw) matchting_patterns (Alerts)
 | 13.7633 49.6697 73.9110 0.9654745 O=C(c1ccc(N2CCN(C(=O)c3ccccc3N=Nc3cccnc3)CC2)nc1)N1CCN(c2ccc(F)cn2)CC1 1 O=C(c1ccc(N2CCN(C(=O)c3ccccc3N=Nc3cccnc3)CC2)nc1)N1CCN(c2ccccn2)CC1 0.9654745 2.8301 1.0000000 1.0000 1.0000000 1.0000 []
 | 11.9689 49.4559 75.8645 0.9790654 O=C(NCCCN1CCN(Cc2c(F)cccc2N=Nc2ccccc2)CC1)OCc1ccccc1 1 O=C(NCCCN1CCN(Cc2ccccc2N=Nc2ccccc2)CC1)OCc1ccccc1 0.9790654 2.4951 1.0000000 1.0000 1.0000000 1.0000 []
 | 13.4096 39.0975 87.2318 0.9869478 O=C(Nc1cccc(C(=O)c2ccc(N=Nc3cccc(O)c3)cc2)c1)c1ccccc1 1 O=C(Nc1cccc(C(=O)c2ccc(N=Nc3ccccc3)cc2)c1)c1ccccc1 0.9869478 2.1821 1.0000000 1.0000 1.0000000 1.0000 []
 | 15.1776 47.6853 78.5088 0.9858911 c1ccc(N=Nc2ccc(-c3ccc4ccccc4c3C3CCC3)cc2)cc1 1 c1ccc(N=Nc2ccc(-c3ccc4ccccc4c3C3CCC3)cc2)cc1 0.9858911 2.2335 1.0000000 1.0000 1.0000000 1.0000 []
 | 12.5005 22.8526 99.1654 0.9532660 O=C(c1ccc(N=Nc2ccccc2)cc1)N1CCC(NC(=O)C2(c3ccccc3)CCOCC2)C1 1 O=C(c1ccc(N=Nc2ccccc2)cc1)N1CCC(NC(=O)C2(c3ccccc3)CCOCC2)C1 0.9532660 3.0356 1.0000000 1.0000 1.0000000 1.0000 []
 | 7.5655 33.1841 -33.1841 0.0000000 c1ccc(CCOc2ccc(N=Nc3ccccc3)cc2)cc1 1 c1ccc(CCOc2ccc(N=Nc3ccccc3)cc2)cc1 0.9918241 1.8742 1.0000000 1.0000 1.0000000 1.0000 []
 | 18.0272 47.8295 69.7018 0.9182132 O=C(c1ccc(N=Nc2ccnc(Cl)c2)cc1)N1CCCC(F)(C(=O)NCc2ccccn2)C1 1 O=C(NCc1ccccn1)C1CCCN(C(=O)c2ccc(N=Nc3ccncc3)cc2)C1 0.9182132 3.4246 1.0000000 1.0000 1.0000000 1.0000 []
 | 17.0639 45.8212 79.6377 0.9801479 OCc1cccc(CN2CCN(c3cc(N=Nc4ccc(Oc5ccccc5)cc4)ccc3F)CC2)c1 1 c1ccc(CN2CCN(c3cccc(N=Nc4ccc(Oc5ccccc5)cc4)c3)CC2)cc1 0.9801479 2.4598 1.0000000 1.0000 1.0000000 1.0000 []
 | 13.1692 32.2644 92.9725 0.9784129 O=C(CCN1CCN(C(=O)c2ccc(N=Nc3ccccc3)cc2)CC1)N1CCN(CCN2CCCC2)CC1 1 O=C(CCN1CCN(C(=O)c2ccc(N=Nc3ccccc3)cc2)CC1)N1CCN(CCN2CCCC2)CC1 0.9784129 2.5155 1.0000000 1.0000 1.0000000 1.0000 []
 | 16.3960 45.7750 79.4919 0.9786474 Fc1cccc(N=Nc2ccccc2)c1CN(CCCN1CCOCC1)Cc1ccccc1 1 c1ccc(CN(CCCN2CCOCC2)Cc2ccccc2N=Nc2ccccc2)cc1 0.9786474 2.5082 1.0000000 1.0000 1.0000000 1.0000 []
04:21:59 <INFO> Score: 0.77 Agent NLL: 13.78 Valid: 100% Step: 337
 | Agent Prior Target Score SMILES SMILES_state Scaffold SA SA (raw) Alerts Alerts (raw) PS_Scaffold PS_Scaffold (raw) matchting_patterns (Alerts)
 | 12.1073 50.4748 75.9006 0.9873075 O=C(NCCNc1ccc(Nc2ccc(N=Nc3ccccc3)cc2)cc1)c1ccccc1 1 O=C(NCCNc1ccc(Nc2ccc(N=Nc3ccccc3)cc2)cc1)c1ccccc1 0.9873075 2.1636 1.0000000 1.0000 1.0000000 1.0000 []
 | 16.2528 37.7503 77.7162 0.9020816 O=C(c1ccccc1N=Nc1cccc(O)c1)N1CCOC(C(=O)N(Cc2ccc(F)cc2)CC2CCCO2)C1 1 O=C(c1ccccc1N=Nc1ccccc1)N1CCOC(C(=O)N(Cc2ccccc2)CC2CCCO2)C1 0.9020816 3.5534 1.0000000 1.0000 1.0000000 1.0000 []
 | 16.1623 60.4902 63.8441 0.9713615 O=C(Cn1cccn1)NCCN1CCc2cc(-c3ccc(N=Nc4ccc(Oc5ccccc5)cc4)cc3)ccc21 1 O=C(Cn1cccn1)NCCN1CCc2cc(-c3ccc(N=Nc4ccc(Oc5ccccc5)cc4)cc3)ccc21 0.9713615 2.7044 1.0000000 1.0000 1.0000000 1.0000 []
 | 14.6666 46.8595 79.3740 0.9861990 Clc1ccc(N=Nc2ccc(-c3ccc(-c4ccc(CN5CCOCC5)cc4)cc3)cc2)cc1 1 c1ccc(N=Nc2ccc(-c3ccc(-c4ccc(CN5CCOCC5)cc4)cc3)cc2)cc1 0.9861990 2.2189 1.0000000 1.0000 1.0000000 1.0000 []
 | 15.4490 36.9998 88.6783 0.9818603 O=C(c1ccc(N=Nc2ccccn2)cc1)N1CCN(S(=O)(=O)c2ccc(-c3ccccc3)cc2)CC1 1 O=C(c1ccc(N=Nc2ccccn2)cc1)N1CCN(S(=O)(=O)c2ccc(-c3ccccc3)cc2)CC1 0.9818603 2.3999 1.0000000 1.0000 1.0000000 1.0000 []
 | 9.0060 24.0681 -24.0681 0.0000000 O=C(c1ccc(N=Nc2ccc(O)cc2)cc1)N1CCN(CCNC(=O)C2(c3cccs3)CC2)CC1 1 O=C(c1ccc(N=Nc2ccccc2)cc1)N1CCN(CCNC(=O)C2(c3cccs3)CC2)CC1 0.9704507 2.7254 1.0000000 1.0000 1.0000000 1.0000 []
 | 13.2350 40.5952 -40.5952 0.0000000 Fc1cccc(N=Nc2cccnc2)c1CN1CCN(CCCN2CCCC2)CC1 1 c1cncc(N=Nc2ccccc2CN2CCN(CCCN3CCCC3)CC2)c1 0.9752107 2.6077 1.0000000 1.0000 1.0000000 1.0000 []
 | 11.4854 39.2767 85.9877 0.9786281 O=C(c1cc(N=Nc2ccc(Cn3cccn3)cc2)ccc1F)N1CCOCC1 1 O=C(c1cccc(N=Nc2ccc(Cn3cccn3)cc2)c1)N1CCOCC1 0.9786281 2.5088 1.0000000 1.0000 1.0000000 1.0000 []
 | 11.8136 45.7143 80.4262 0.9854726 c1cc(-c2ccc(N=Nc3ccc4ccccc4c3)cc2)cc(-c2ccco2)c1 1 c1cc(-c2ccc(N=Nc3ccc4ccccc4c3)cc2)cc(-c2ccco2)c1 0.9854726 2.2528 1.0000000 1.0000 1.0000000 1.0000 []
 | 7.5826 44.5496 -44.5496 0.0000000 c1ccc(-c2ccc(N=Nc3ccc(-c4cccc5ccccc45)cc3)cc2)cc1 1 c1ccc(-c2ccc(N=Nc3ccc(-c4cccc5ccccc45)cc3)cc2)cc1 0.9910497 1.9336 1.0000000 1.0000 1.0000000 1.0000 []
04:21:59 <INFO> Sampled SMILES c1cc(N=Nc2ccc(Oc3ccccc3)cc2)ccc1-c1ccc2cNc(=O)c[nH]c2c1 failed to sanitize.
04:22:02 <INFO> Score: 0.78 Agent NLL: 14.51 Valid:  99% Step: 338
 | Agent Prior Target Score SMILES SMILES_state Scaffold SA SA (raw) Alerts Alerts (raw) PS_Scaffold PS_Scaffold (raw) matchting_patterns (Alerts)
 | 16.0236 42.3208 78.0399 0.9403175 O=C(c1ccc(N=Nc2ccc(F)cc2)cc1)N1CCC(C(O)CNC(=O)C2(c3ccccc3)CCCC2)CC1 1 O=C(c1ccc(N=Nc2ccccc2)cc1)N1CCC(CCNC(=O)C2(c3ccccc3)CCCC2)CC1 0.9403175 3.2039 1.0000000 1.0000 1.0000000 1.0000 []
 | 15.5820 55.8416 -55.8416 0.0000000 c1cc(N=Nc2ccc(Oc3ccccc3)cc2)ccc1-c1ccc2cNc(=O)c[nH]c2c1 0 -- 0.0000000 0.0000 0.0000000 0.0000 0.0000000 0.0000 None
 | 16.5454 46.0452 78.3215 0.9716143 FC(F)(F)c1cccc(N=Nc2ccc(-c3ccnc(C=NNCc4ccccc4)c3)cc2)c1 1 C(=NNCc1ccccc1)c1cc(-c2ccc(N=Nc3ccccc3)cc2)ccn1 0.9716143 2.6984 1.0000000 1.0000 1.0000000 1.0000 []
 | 11.5144 56.4952 70.0683 0.9887777 c1ccc(-c2ccc(-c3ccc(N=Nc4ccnc(-c5ccccc5)c4)cc3)cc2)cc1 1 c1ccc(-c2ccc(-c3ccc(N=Nc4ccnc(-c5ccccc5)c4)cc3)cc2)cc1 0.9887777 2.0825 1.0000000 1.0000 1.0000000 1.0000 []
 | 8.8657 28.2452 98.3007 0.9886398 O=C(c1ccc(N=Nc2ccccc2)cc1)N1CC(c2ccccc2)C1 1 O=C(c1ccc(N=Nc2ccccc2)cc1)N1CC(c2ccccc2)C1 0.9886398 2.0905 1.0000000 1.0000 1.0000000 1.0000 []
 | 12.7810 36.6387 88.8642 0.9804917 Fc1ccc(N=Nc2cccnc2)cc1-c1ccc(CCN2CCOCC2)cc1 1 c1cncc(N=Nc2cccc(-c3ccc(CCN4CCOCC4)cc3)c2)c1 0.9804917 2.4482 1.0000000 1.0000 1.0000000 1.0000 []
 | 6.1321 40.6064 -40.6064 0.0000000 O=C(OCc1ccccc1)c1ccc(N=Nc2ccccc2)cc1 1 O=C(OCc1ccccc1)c1ccc(N=Nc2ccccc2)cc1 0.9918281 1.8738 1.0000000 1.0000 1.0000000 1.0000 []
 | 7.4204 33.1841 -33.1841 0.0000000 c1ccc(CCOc2ccc(N=Nc3ccccc3)cc2)cc1 1 c1ccc(CCOc2ccc(N=Nc3ccccc3)cc2)cc1 0.9918241 1.8742 1.0000000 1.0000 1.0000000 1.0000 []
 | 13.7602 43.4595 82.7394 0.9859293 Fc1ccc(N=Nc2ccc(-c3ccc(N4Cc5ccccc5C4)cc3)cc2)cc1 1 c1ccc(N=Nc2ccc(-c3ccc(N4Cc5ccccc5C4)cc3)cc2)cc1 0.9859293 2.2317 1.0000000 1.0000 1.0000000 1.0000 []
 | 15.9765 56.2254 68.6936 0.9759300 O=C(Cc1ccccc1)NCCN1CCCc2cc(CNc3ccc(N=Nc4cccc(F)c4)cc3)ccc21 1 O=C(Cc1ccccc1)NCCN1CCCc2cc(CNc3ccc(N=Nc4ccccc4)cc3)ccc21 0.9759300 2.5881 1.0000000 1.0000 1.0000000 1.0000 []
04:22:05 <INFO> Score: 0.71 Agent NLL: 13.27 Valid:  99% Step: 339
 | Agent Prior Target Score SMILES SMILES_state Scaffold SA SA (raw) Alerts Alerts (raw) PS_Scaffold PS_Scaffold (raw) matchting_patterns (Alerts)
 | 19.4513 41.3905 81.8399 0.9627372 O=C1NCCC1=NNc1ccc(N=Nc2ccccn2)cc1 1 O=C1NCCC1=NNc1ccc(N=Nc2ccccn2)cc1 0.9627372 2.8817 1.0000000 1.0000 1.0000000 1.0000 []
 | 6.5753 45.0903 -45.0903 0.0000000 O=C(Nc1ccccc1)c1ccc(N=Nc2ccc(-c3ccccc3)cc2)cc1 1 O=C(Nc1ccccc1)c1ccc(N=Nc2ccc(-c3ccccc3)cc2)cc1 0.9916000 1.8919 1.0000000 1.0000 1.0000000 1.0000 []
 | 8.6663 44.0131 82.1987 0.9860296 c1ccc(-c2ccc(N=Nc3ccc(-c4ccc5cc[nH]c5c4)cc3)cc2)cc1 1 c1ccc(-c2ccc(N=Nc3ccc(-c4ccc5cc[nH]c5c4)cc3)cc2)cc1 0.9860296 2.2270 1.0000000 1.0000 1.0000000 1.0000 []
 | 6.8738 42.7937 -42.7937 0.0000000 c1ccc(N=Nc2ccc(Oc3ccc(Oc4ccccc4)cc3)cc2)cc1 1 c1ccc(N=Nc2ccc(Oc3ccc(Oc4ccccc4)cc3)cc2)cc1 0.9934855 1.7251 1.0000000 1.0000 1.0000000 1.0000 []
 | 20.1565 42.1083 83.4273 0.9807463 Fc1ccccc1N=Nc1ccc(Cl)cc1C1CCCCC1 1 c1ccc(N=Nc2ccccc2C2CCCCC2)cc1 0.9807463 2.4394 1.0000000 1.0000 1.0000000 1.0000 []
 | 13.8092 29.1113 85.7006 0.8969674 O=C(C1C(c2ccccc2)CCN1C(=O)c1ccc(N=Nc2ccccc2)cc1)N1CCC(F)(CO)CC1 1 O=C(C1C(c2ccccc2)CCN1C(=O)c1ccc(N=Nc2ccccc2)cc1)N1CCCCC1 0.8969674 3.5903 1.0000000 1.0000 1.0000000 1.0000 []
 | 12.8401 46.2604 78.9593 0.9782789 Fc1ccc(N=Nc2cccc(-c3ccccc3)c2)cc1CN1CCN(CCN2CCOCC2)CC1 1 c1ccc(-c2cccc(N=Nc3cccc(CN4CCN(CCN5CCOCC5)CC4)c3)c2)cc1 0.9782789 2.5196 1.0000000 1.0000 1.0000000 1.0000 []
 | 16.5104 45.4146 79.1126 0.9728686 Fc1ccc(N=Nc2cccnc2)cc1Nc1ccc(OCC2CCC2)cn1 1 c1cncc(N=Nc2cccc(Nc3ccc(OCC4CCC4)cn3)c2)c1 0.9728686 2.6681 1.0000000 1.0000 1.0000000 1.0000 []
 | 8.0873 42.7903 -42.7903 0.0000000 c1ccc(-c2ccc(N=Nc3ccc(-c4ccc(CN5CCNCC5)cc4)cc3)cc2)cc1 1 c1ccc(-c2ccc(N=Nc3ccc(-c4ccc(CN5CCNCC5)cc4)cc3)cc2)cc1 0.9859713 2.2297 1.0000000 1.0000 1.0000000 1.0000 []
 | 18.2426 61.6331 58.7905 0.9408092 COC(=O)c1ccc(N(Cc2c(F)cccc2N=Nc2ccc(F)cc2)C2CCCNC2)cc1 1 c1ccc(N=Nc2ccccc2CN(c2ccccc2)C2CCCNC2)cc1 0.9408092 3.1981 1.0000000 1.0000 1.0000000 1.0000 []
04:22:06 <INFO> Sampled SMILES O=C(c1ccccc1N=Nc1ccc(F)cc1)N1CCC(=F)(C(=O)Nc2ccc3c4c(cccc24)CC3)CC1 failed to sanitize.
04:22:51 <INFO> Score: 0.87 Agent NLL: 14.15 Valid:  99% Step: 340
 | Agent Prior Target Score SMILES SMILES_state Scaffold SA SA (raw) Alerts Alerts (raw) PS_Scaffold PS_Scaffold (raw) matchting_patterns (Alerts)
 | 15.9746 49.2509 75.2626 0.9727620 c1coc(-c2ccc(N=Nc3ccc(-c4cc5ccccc5[nH]4)cc3)nn2)c1 1 c1coc(-c2ccc(N=Nc3ccc(-c4cc5ccccc5[nH]4)cc3)nn2)c1 0.9727620 2.6708 1.0000000 1.0000 1.0000000 1.0000 []
 | 19.1477 36.3543 89.4348 0.9827274 O=C(c1ccc(N=Nc2ccc(F)cc2)cc1)N1CCSc2ccccc21 1 O=C(c1ccc(N=Nc2ccccc2)cc1)N1CCSc2ccccc21 0.9827274 2.3674 1.0000000 1.0000 1.0000000 1.0000 []
 | 15.7475 42.8840 81.4583 0.9714245 OCc1cccc(CNCc2c(F)cccc2N=Nc2ccccc2F)n1 1 c1ccc(N=Nc2ccccc2CNCc2ccccn2)cc1 0.9714245 2.7029 1.0000000 1.0000 1.0000000 1.0000 []
 | 17.7543 53.8654 71.2839 0.9777292 c1cc(NCCCN2CCCC2)cc(Oc2ccc(N=Nc3ccc(Cn4cccn4)cc3)cc2)c1 1 c1cc(NCCCN2CCCC2)cc(Oc2ccc(N=Nc3ccc(Cn4cccn4)cc3)cc2)c1 0.9777292 2.5363 1.0000000 1.0000 1.0000000 1.0000 []
 | 12.3413 39.0450 85.7214 0.9747370 O=C(c1ccc(N=Nc2cccc(F)c2)cc1)N1CCN(CC(=O)N(Cc2ccco2)C2CC2)CC1 1 O=C(c1ccc(N=Nc2ccccc2)cc1)N1CCN(CC(=O)N(Cc2ccco2)C2CC2)CC1 0.9747370 2.6204 1.0000000 1.0000 1.0000000 1.0000 []
 | 22.9840 43.8986 55.4095 0.7758441 Cc1nccnc1N=Nc1ccc(C(=O)N2CC(NC(=O)C3(c4cccs4)CC3)C3(CC3)C2)cc1 1 O=C(c1ccc(N=Nc2cnccn2)cc1)N1CC(NC(=O)C2(c3cccs3)CC2)C2(CC2)C1 0.7758441 4.1912 1.0000000 1.0000 1.0000000 1.0000 []
 | 14.4671 41.2180 79.7723 0.9452361 O=C(c1ccc(N=Nc2cccc(F)c2)cc1)N1CCC(C(=O)N(CC2CCC2)CC2CCCO2)CC1 1 O=C(c1ccc(N=Nc2ccccc2)cc1)N1CCC(C(=O)N(CC2CCC2)CC2CCCO2)CC1 0.9452361 3.1444 1.0000000 1.0000 1.0000000 1.0000 []
 | 13.7058 45.3102 79.9332 0.9784633 O=C(CN1CCN(C(=O)c2ccc(N=Nc3ccccc3)cc2)CC1)N1CCN(c2ccc(OCc3ccccc3)cc2)CC1 1 O=C(CN1CCN(C(=O)c2ccc(N=Nc3ccccc3)cc2)CC1)N1CCN(c2ccc(OCc3ccccc3)cc2)CC1 0.9784633 2.5140 1.0000000 1.0000 1.0000000 1.0000 []
 | 6.5305 44.3811 -44.3811 0.0000000 O=C(Nc1ccccc1)c1ccc(N=Nc2ccccc2)cc1 1 O=C(Nc1ccccc1)c1ccc(N=Nc2ccccc2)cc1 0.9928619 1.7850 1.0000000 1.0000 1.0000000 1.0000 []
 | 12.5311 41.5530 84.7126 0.9864496 Fc1ccccc1-c1ccccc1N=Nc1ccc(CN2CCCCCC2)cc1 1 c1ccc(-c2ccccc2N=Nc2ccc(CN3CCCCCC3)cc2)cc1 0.9864496 2.2068 1.0000000 1.0000 1.0000000 1.0000 []
04:22:53 <INFO> Score: 0.76 Agent NLL: 12.92 Valid:  99% Step: 341
 | Agent Prior Target Score SMILES SMILES_state Scaffold SA SA (raw) Alerts Alerts (raw) PS_Scaffold PS_Scaffold (raw) matchting_patterns (Alerts)
 | 13.6583 44.9821 -44.9821 0.0000000 O=C(c1ccc(N=Nc2ccccc2)cc1)N1CCC(O)C1 1 O=C(c1ccc(N=Nc2ccccc2)cc1)N1CCCC1 0.9767561 2.5648 1.0000000 1.0000 1.0000000 1.0000 []
 | 17.9839 52.4569 69.3602 0.9516962 O=C(Cn1cccn1)Nc1cccc(CNC(=O)C2(F)CCN(C(=O)c3ccccc3N=Nc3ccncc3)CC2)c1 1 O=C(Cn1cccn1)Nc1cccc(CNC(=O)C2CCN(C(=O)c3ccccc3N=Nc3ccncc3)CC2)c1 0.9516962 3.0582 1.0000000 1.0000 1.0000000 1.0000 []
 | 14.0106 39.5409 84.5529 0.9694823 Fc1ccc(N=Nc2ccco2)cc1NCc1ccc2c(c1)OCO2 1 c1cc(N=Nc2ccco2)cc(NCc2ccc3c(c2)OCO3)c1 0.9694823 2.7470 1.0000000 1.0000 1.0000000 1.0000 []
 | 12.9994 44.8377 81.7375 0.9888690 Brc1ccc(N=Nc2ccc(-c3cccc(Nc4ccccc4)c3)cc2)cc1 1 c1ccc(N=Nc2ccc(-c3cccc(Nc4ccccc4)c3)cc2)cc1 0.9888690 2.0771 1.0000000 1.0000 1.0000000 1.0000 []
 | 9.2905 44.7029 -44.7029 0.0000000 O=C(NCc1ccccc1)c1ccc(N=Nc2ccc3ccccc3c2)cc1 1 O=C(NCc1ccccc1)c1ccc(N=Nc2ccc3ccccc3c2)cc1 0.9901100 1.9993 1.0000000 1.0000 1.0000000 1.0000 []
 | 13.3080 34.3838 91.4228 0.9828636 c1ccc(N=Nc2ccc(-c3cccc4nc[nH]c34)cc2)cc1 1 c1ccc(N=Nc2ccc(-c3cccc4nc[nH]c34)cc2)cc1 0.9828636 2.3621 1.0000000 1.0000 1.0000000 1.0000 []
 | 11.6153 33.2480 91.1101 0.9715477 O=C(c1ccc(N=Nc2cccnc2)cc1)N1CC(CNC(=O)C2(c3ccc(F)cc3)CC2)C1 1 O=C(c1ccc(N=Nc2cccnc2)cc1)N1CC(CNC(=O)C2(c3ccccc3)CC2)C1 0.9715477 2.7000 1.0000000 1.0000 1.0000000 1.0000 []
 | 11.2924 37.4792 84.3283 0.9516214 O=C(Nc1cccc(NC(=O)C2(F)CCN(C(=O)c3ccc(N=Nc4ccccc4)cc3)C2)c1)c1ccccc1 1 O=C(Nc1cccc(NC(=O)C2CCN(C(=O)c3ccc(N=Nc4ccccc4)cc3)C2)c1)c1ccccc1 0.9516214 3.0593 1.0000000 1.0000 1.0000000 1.0000 []
 | 13.0867 44.2785 78.7913 0.9614833 O=C(c1ccc(OC2CN(C(=O)c3ccccc3N=Nc3cccnc3)C2)cc1)N(Cc1ccco1)Cc1ccco1 1 O=C(c1ccc(OC2CN(C(=O)c3ccccc3N=Nc3cccnc3)C2)cc1)N(Cc1ccco1)Cc1ccco1 0.9614833 2.9041 1.0000000 1.0000 1.0000000 1.0000 []
 | 15.3022 48.9008 77.2234 0.9853454 O=C(COc1ccccc1)Nc1ccc(N=Nc2ccsc2)cc1 1 O=C(COc1ccccc1)Nc1ccc(N=Nc2ccsc2)cc1 0.9853454 2.2586 1.0000000 1.0000 1.0000000 1.0000 []
04:22:54 <INFO> Sampled SMILES O=C(c1cc(N=Nc2ccc(-c3ccccc3)cc2)ccc1=O)N1CCN(CCCNC(=O)C2COc3ccccc3C2)CC1 failed to sanitize.
04:22:54 <INFO> Sampled SMILES O=C(c1ccccc1N=Nc1ccccc1)N1CC(CCNC(=O)c2cc3c(ccc2Cl)NC(=O)C3)C1 failed to sanitize.
04:22:54 <INFO> Sampled SMILES O=C(c1ccc(N=Nc2ccc(O)cc2)cc1)N1CCCC(F)(C(=O)NCc2ccc(Cn3ccccc3)c2)C1 failed to sanitize.
04:22:55 <INFO> Score: 0.74 Agent NLL: 13.64 Valid:  95% Step: 342
 | Agent Prior Target Score SMILES SMILES_state Scaffold SA SA (raw) Alerts Alerts (raw) PS_Scaffold PS_Scaffold (raw) matchting_patterns (Alerts)
 | 17.9119 57.8590 62.5831 0.9409537 O=C(CC1CCN(C(=O)c2ccc(N=Nc3ccnc(Cl)c3)cc2)C1)N1CCN(Cc2ccncc2)CC1 1 O=C(CC1CCN(C(=O)c2ccc(N=Nc3ccncc3)cc2)C1)N1CCN(Cc2ccncc2)CC1 0.9409537 3.1964 1.0000000 1.0000 1.0000000 1.0000 []
 | 7.8129 43.3734 -43.3734 0.0000000 O=C(COc1ccccc1)Nc1ccc(N=Nc2ccccc2)cc1 1 O=C(COc1ccccc1)Nc1ccc(N=Nc2ccccc2)cc1 0.9917423 1.8807 1.0000000 1.0000 1.0000000 1.0000 []
 | 12.6144 38.4290 87.1645 0.9811996 O=C(c1ccc(N=Nc2cccc(F)c2)cc1)N1CCN(Cc2cccc(OC(F)F)c2)CC1 1 O=C(c1ccc(N=Nc2ccccc2)cc1)N1CCN(Cc2ccccc2)CC1 0.9811996 2.4236 1.0000000 1.0000 1.0000000 1.0000 []
 | 15.9344 67.4801 55.7270 0.9625550 O=C(NCCN1CCN(c2ccc(NCc3cc(N=Nc4cccc(CO)n4)ccc3F)cc2)CC1)OCc1ccccc1 1 O=C(NCCN1CCN(c2ccc(NCc3cccc(N=Nc4ccccn4)c3)cc2)CC1)OCc1ccccc1 0.9625550 2.8850 1.0000000 1.0000 1.0000000 1.0000 []
 | 9.0054 41.3569 -41.3569 0.0000000 O=C(Nc1ccc(N=Nc2ccc(F)cc2)cc1)c1ccccc1 1 O=C(Nc1ccc(N=Nc2ccccc2)cc1)c1ccccc1 0.9920168 1.8585 1.0000000 1.0000 1.0000000 1.0000 []
 | 12.3319 54.6649 70.5907 0.9785597 c1ccc(-c2ccc(N=Nc3ccc(-c4ccc(NNCCCN5CCOCC5)cc4)cc3)cc2)cc1 1 c1ccc(-c2ccc(N=Nc3ccc(-c4ccc(NNCCCN5CCOCC5)cc4)cc3)cc2)cc1 0.9785597 2.5110 1.0000000 1.0000 1.0000000 1.0000 []
 | 11.4143 37.5870 84.4277 0.9532396 O=C(c1ccc(N=Nc2ccc(O)cc2)cc1)N1CC(F)(C(=O)Nc2ccc(N=Nc3cccnc3)cc2)C1 1 O=C(Nc1ccc(N=Nc2cccnc2)cc1)C1CN(C(=O)c2ccc(N=Nc3ccccc3)cc2)C1 0.9532396 3.0360 1.0000000 1.0000 1.0000000 1.0000 []
 | 15.0057 26.5662 96.9991 0.9653533 O=C(c1ccc(N=Nc2ccc(O)cc2)cc1)N1CCC(C(=O)N(CCO)CCCO)(c2ccccc2)CC1 1 O=C(c1ccc(N=Nc2ccccc2)cc1)N1CCC(c2ccccc2)CC1 0.9653533 2.8325 1.0000000 1.0000 1.0000000 1.0000 []
 | 13.5927 31.1580 91.8693 0.9611503 O=C(c1ccc(N=Nc2ccc(O)cc2)cc1)N1CC=C(C(=O)N(Cc2ccc(O)cc2)C2CCCCC2)C1 1 O=C(c1ccc(N=Nc2ccccc2)cc1)N1CC=C(C(=O)N(Cc2ccccc2)C2CCCCC2)C1 0.9611503 2.9099 1.0000000 1.0000 1.0000000 1.0000 []
 | 13.7907 44.9571 80.6505 0.9813089 O=C(c1ccc(N=Nc2cccc(F)c2)cc1)N1CCN(S(=O)(=O)c2ccccc2)C1 1 O=C(c1ccc(N=Nc2ccccc2)cc1)N1CCN(S(=O)(=O)c2ccccc2)C1 0.9813089 2.4197 1.0000000 1.0000 1.0000000 1.0000 []
04:22:56 <INFO> Sampled SMILES c1cc(N=Nc2ccc(-c3ccccc3)cc2)ccc1-c1ccc2cNc(=O)c[nH]c2c1 failed to sanitize.
04:22:56 <INFO> Sampled SMILES c1cc(N=Nc2ccc3ccccc3c2)ccc1CN1CCCN(c2ccc3ccccc3c2=O)CC1 failed to sanitize.
04:22:57 <INFO> Score: 0.83 Agent NLL: 14.19 Valid:  98% Step: 343
 | Agent Prior Target Score SMILES SMILES_state Scaffold SA SA (raw) Alerts Alerts (raw) PS_Scaffold PS_Scaffold (raw) matchting_patterns (Alerts)
 | 11.7007 37.4363 -37.4363 0.0000000 O=C(c1ccccc1N=Nc1ccncc1)N1CC(NC(=O)C2(c3cccc(F)c3)CCC2)C1 1 O=C(c1ccccc1N=Nc1ccncc1)N1CC(NC(=O)C2(c3ccccc3)CCC2)C1 0.9664701 2.8104 1.0000000 1.0000 1.0000000 1.0000 []
 | 14.2864 47.6478 78.0114 0.9817119 Brc1ccc(Cc2ccc(N=Nc3cccs3)cc2)cc1 1 c1ccc(Cc2ccc(N=Nc3cccs3)cc2)cc1 0.9817119 2.4053 1.0000000 1.0000 1.0000000 1.0000 []
 | 15.0938 35.1236 90.4829 0.9813003 Fc1ccc(N=Nc2ccc(F)c(N3CCCN(Cc4ccncc4)CC3)c2)cc1 1 c1ccc(N=Nc2cccc(N3CCCN(Cc4ccncc4)CC3)c2)cc1 0.9813003 2.4201 1.0000000 1.0000 1.0000000 1.0000 []
 | 10.8452 22.5717 103.3143 0.9834841 O=C(c1ccc(N=Nc2ccccc2)cc1)N1Cc2cccnc2C1 1 O=C(c1ccc(N=Nc2ccccc2)cc1)N1Cc2cccnc2C1 0.9834841 2.3377 1.0000000 1.0000 1.0000000 1.0000 []
 | 21.2713 60.2010 55.4123 0.9032292 O=C(c1ccc(N=Nc2ccc(CO)o2)cc1)N1CCC(N2CC(C(=O)N3CCC(c4ccc(O)cc4)CC3)CC2=O)CC1 1 O=C(c1ccc(N=Nc2ccco2)cc1)N1CCC(N2CC(C(=O)N3CCC(c4ccccc4)CC3)CC2=O)CC1 0.9032292 3.5449 1.0000000 1.0000 1.0000000 1.0000 []
 | 10.6920 41.5634 84.9479 0.9883691 O=C(CCN1CCCC1)c1ccc(N=Nc2ccccc2)cc1 1 O=C(CCN1CCCC1)c1ccc(N=Nc2ccccc2)cc1 0.9883691 2.1060 1.0000000 1.0000 1.0000000 1.0000 []
 | 19.1633 44.8685 77.9599 0.9595973 O=C(COC1CN(C(=O)c2ccccc2N=Nc2ccc3ccccc3c2)C1)N1Cc2cnc(Cl)cc2C1 1 O=C(COC1CN(C(=O)c2ccccc2N=Nc2ccc3ccccc3c2)C1)N1Cc2ccncc2C1 0.9595973 2.9365 1.0000000 1.0000 1.0000000 1.0000 []
 | 13.2511 52.4727 72.1588 0.9736833 N#Cc1ccc(N=Nc2ccc(Oc3ccccc3)cc2)cc1N1CCN(CCCN2CCOCC2)CC1 1 c1ccc(Oc2ccc(N=Nc3cccc(N4CCN(CCCN5CCOCC5)CC4)c3)cc2)cc1 0.9736833 2.6477 1.0000000 1.0000 1.0000000 1.0000 []
 | 12.2873 39.1471 81.9024 0.9456995 CN(c1ccc(N=Nc2ccc(Cl)cc2)cc1)C1CN(C(=O)OCc2ccccc2)CCO1 1 O=C(OCc1ccccc1)N1CCOC(Nc2ccc(N=Nc3ccccc3)cc2)C1 0.9456995 3.1386 1.0000000 1.0000 1.0000000 1.0000 []
 | 15.9902 42.1307 83.5056 0.9815333 OCCN1CCC(NCc2ccc(N=Nc3ccc(-c4ccccc4)cc3)cc2Cl)CC1 1 c1ccc(-c2ccc(N=Nc3ccc(CNC4CCNCC4)cc3)cc2)cc1 0.9815333 2.4117 1.0000000 1.0000 1.0000000 1.0000 []
04:22:58 <INFO> Sampled SMILES O=C(c1ccc(N=Nc2ccccc2)n1)N1CCC1CNC(=O)C1(c2ccc(Cl)cc2)CCC1 failed to sanitize.
04:23:00 <INFO> Score: 0.80 Agent NLL: 14.39 Valid:  99% Step: 344
 | Agent Prior Target Score SMILES SMILES_state Scaffold SA SA (raw) Alerts Alerts (raw) PS_Scaffold PS_Scaffold (raw) matchting_patterns (Alerts)
 | 14.8190 43.7905 72.8449 0.9112139 O=C(NC1C2CN(C(=O)c3ccc(N=Nc4cccc(F)c4)cc3)CC21)C(=O)N1CCCCC1 1 O=C(NC1C2CN(C(=O)c3ccc(N=Nc4ccccc4)cc3)CC21)C(=O)N1CCCCC1 0.9112139 3.4831 1.0000000 1.0000 1.0000000 1.0000 []
 | 11.0850 38.9283 86.9057 0.9830779 Fc1cccc(N=Nc2ccccc2)c1CNC1CCN(Cc2ccccc2)CC1 1 c1ccc(CN2CCC(NCc3ccccc3N=Nc3ccccc3)CC2)cc1 0.9830779 2.3538 1.0000000 1.0000 1.0000000 1.0000 []
 | 12.6230 49.1052 75.6495 0.9746457 O=C(Nc1cccc(NCc2cc(N=Nc3ccc(CO)nc3)ccc2F)c1)C1CC1 1 O=C(Nc1cccc(NCc2cccc(N=Nc3cccnc3)c2)c1)C1CC1 0.9746457 2.6228 1.0000000 1.0000 1.0000000 1.0000 []
 | 9.7933 45.0317 81.3093 0.9870391 c1ccc(-c2ccc(N=Nc3ccc(-c4ccc5cnccc5c4)cc3)cc2)cc1 1 c1ccc(-c2ccc(N=Nc3ccc(-c4ccc5cnccc5c4)cc3)cc2)cc1 0.9870391 2.1775 1.0000000 1.0000 1.0000000 1.0000 []
 | 14.4997 45.6140 80.0416 0.9816845 OCCN1CCN(Cc2cc(N=Nc3ccc(COc4ccccc4)cc3)ccc2O)CC1 1 c1ccc(OCc2ccc(N=Nc3cccc(CN4CCNCC4)c3)cc2)cc1 0.9816845 2.4063 1.0000000 1.0000 1.0000000 1.0000 []
 | 11.2370 48.1451 -48.1451 0.0000000 Brc1cccc(N=Nc2ccc(-c3ccccc3-c3ccccc3)cc2)c1 1 c1ccc(N=Nc2ccc(-c3ccccc3-c3ccccc3)cc2)cc1 0.9892692 2.0530 1.0000000 1.0000 1.0000000 1.0000 []
 | 13.2379 25.2177 97.9505 0.9622514 O=C1CN(CCCNC(=O)C2(F)CCN(C(=O)c3ccc(N=Nc4ccccc4)cc3)CC2)CCN1 1 O=C1CN(CCCNC(=O)C2CCN(C(=O)c3ccc(N=Nc4ccccc4)cc3)CC2)CCN1 0.9622514 2.8904 1.0000000 1.0000 1.0000000 1.0000 []
 | 19.7685 64.1631 59.7956 0.9684269 O=C(Nc1cc(N=Nc2ccc(CCO)c(C3CCNCC3)c2)ccn1)c1ccccc1 1 O=C(Nc1cc(N=Nc2cccc(C3CCNCC3)c2)ccn1)c1ccccc1 0.9684269 2.7699 1.0000000 1.0000 1.0000000 1.0000 []
 | 13.5838 51.1410 74.7715 0.9836909 O=C(Nc1ccccc1Nc1ccc(N=Nc2cccs2)cc1)c1ccccc1 1 O=C(Nc1ccccc1Nc1ccc(N=Nc2cccs2)cc1)c1ccccc1 0.9836909 2.3294 1.0000000 1.0000 1.0000000 1.0000 []
 | 14.1808 31.7162 82.1955 0.8899359 O=C(c1ccc(N=Nc2cccc(O)c2)cc1)N1CC(C(=O)N2CCCC(F)C2)C(c2ccccc2)C1 1 O=C(c1ccc(N=Nc2ccccc2)cc1)N1CC(C(=O)N2CCCCC2)C(c2ccccc2)C1 0.8899359 3.6384 1.0000000 1.0000 1.0000000 1.0000 []
04:23:01 <INFO> Sampled SMILES FC(F)(=F)c1ccc(N=Nc2ccc(-c3ccccc3)cc2)cc1CNCc1ccc(Cn2cccn2)cc1 failed to sanitize.
04:23:03 <INFO> Score: 0.72 Agent NLL: 13.52 Valid:  98% Step: 345
 | Agent Prior Target Score SMILES SMILES_state Scaffold SA SA (raw) Alerts Alerts (raw) PS_Scaffold PS_Scaffold (raw) matchting_patterns (Alerts)
 | 7.4953 35.9219 -35.9219 0.0000000 c1ccc(N=Nc2ccc(-c3cccc4ccccc34)cc2)cc1 1 c1ccc(N=Nc2ccc(-c3cccc4ccccc34)cc2)cc1 0.9912986 1.9151 1.0000000 1.0000 1.0000000 1.0000 []
 | 10.5717 27.0573 90.2889 0.9167671 O=C1NCCN(C(=O)C2=CCN(C(=O)c3ccc(N=Nc4ccc(O)cc4)cc3)CC2)C1CCO 1 O=C1CN(C(=O)C2=CCN(C(=O)c3ccc(N=Nc4ccccc4)cc3)CC2)CCN1 0.9167671 3.4371 1.0000000 1.0000 1.0000000 1.0000 []
 | 12.3022 38.9193 85.0568 0.9685640 O=C(c1ccc(N=Nc2cccc(O)c2)cc1)N1CC(F)(C(=O)NC(c2ccccc2)c2ccccc2)C1 1 O=C(NC(c1ccccc1)c1ccccc1)C1CN(C(=O)c2ccc(N=Nc3ccccc3)cc2)C1 0.9685640 2.7669 1.0000000 1.0000 1.0000000 1.0000 []
 | 22.2539 39.6030 83.1491 0.9590006 O=C(c1ccc(N=Nc2ccc(O)cc2)nc1)N1CC(NC(=O)C2(CO)CC2)C1 1 O=C(NC1CN(C(=O)c2ccc(N=Nc3ccccc3)nc2)C1)C1CC1 0.9590006 2.9464 1.0000000 1.0000 1.0000000 1.0000 []
 | 17.9115 52.0587 72.8915 0.9761734 Cc1cc(COc2ccc(N=Nc3ccc(C(F)(F)F)nc3)cc2)ccn1 1 c1cncc(N=Nc2ccc(OCc3ccncc3)cc2)c1 0.9761734 2.5813 1.0000000 1.0000 1.0000000 1.0000 []
 | 11.7976 34.0817 -34.0817 0.0000000 c1ccc(CCN2CCCN(Cc3ccc(N=Nc4ccccc4)cc3)CC2)cc1 1 c1ccc(CCN2CCCN(Cc3ccc(N=Nc4ccccc4)cc3)CC2)cc1 0.9884549 2.1012 1.0000000 1.0000 1.0000000 1.0000 []
 | 9.5564 35.2935 -35.2935 0.0000000 Fc1ccccc1COc1ccc(N=Nc2ccccc2)cc1 1 c1ccc(COc2ccc(N=Nc3ccccc3)cc2)cc1 0.9908674 1.9469 1.0000000 1.0000 1.0000000 1.0000 []
 | 8.5901 59.8067 -59.8067 0.0000000 COc1ccc(N=Nc2cccc(NC(=O)c3ccccc3)c2)cc1 1 O=C(Nc1cccc(N=Nc2ccccc2)c1)c1ccccc1 0.9912095 1.9218 1.0000000 1.0000 1.0000000 1.0000 []
 | 11.1735 37.8489 80.1570 0.9219215 CN(c1ccc(N=Nc2cccs2)cc1)C1CN(C(=O)OCc2ccccc2)CCO1 1 O=C(OCc1ccccc1)N1CCOC(Nc2ccc(N=Nc3cccs3)cc2)C1 0.9219215 3.3918 1.0000000 1.0000 1.0000000 1.0000 []
 | 14.9920 35.4960 88.7508 0.9706777 Brc1ccccc1CN=Nc1cccc(N2CCCC2)n1 1 c1ccc(CN=Nc2cccc(N3CCCC3)n2)cc1 0.9706777 2.7202 1.0000000 1.0000 1.0000000 1.0000 []
04:23:06 <INFO> Score: 0.77 Agent NLL: 14.12 Valid: 100% Step: 346
 | Agent Prior Target Score SMILES SMILES_state Scaffold SA SA (raw) Alerts Alerts (raw) PS_Scaffold PS_Scaffold (raw) matchting_patterns (Alerts)
 | 12.2590 45.5356 79.4099 0.9761370 O=C(c1ccc(N=Nc2ccccc2)cc1)N1CC(Oc2cccc(NC(=O)C3(c4ccccc4)CC3)c2)C1 1 O=C(c1ccc(N=Nc2ccccc2)cc1)N1CC(Oc2cccc(NC(=O)C3(c4ccccc4)CC3)c2)C1 0.9761370 2.5823 1.0000000 1.0000 1.0000000 1.0000 []
 | 13.7371 35.5856 89.4020 0.9764655 Fc1ccc(N=Nc2cccc(Br)c2)cc1CN1CCN(CCCN2CCOCC2)CC1 1 c1ccc(N=Nc2cccc(CN3CCN(CCCN4CCOCC4)CC3)c2)cc1 0.9764655 2.5731 1.0000000 1.0000 1.0000000 1.0000 []
 | 15.7090 27.3399 92.7550 0.9382416 O=C(c1ccccc1N=Nc1ccc(O)cc1)N1CCOC(CNC(=O)C2(c3cccc(Cl)c3)CC2)C1 1 O=C(c1ccccc1N=Nc1ccccc1)N1CCOC(CNC(=O)C2(c3ccccc3)CC2)C1 0.9382416 3.2276 1.0000000 1.0000 1.0000000 1.0000 []
 | 7.7095 40.3894 -40.3894 0.0000000 c1ccc(N=Nc2cccc(-c3ccc(-c4ccccc4)cc3)c2)cc1 1 c1ccc(N=Nc2cccc(-c3ccc(-c4ccccc4)cc3)c2)cc1 0.9931273 1.7602 1.0000000 1.0000 1.0000000 1.0000 []
 | 17.3281 61.0364 64.3804 0.9798185 OCc1ccc(N2CCN(Cc3cccc(N=Nc4ccc(-c5ncccn5)cc4)c3)CC2)cc1 1 c1ccc(N2CCN(Cc3cccc(N=Nc4ccc(-c5ncccn5)cc4)c3)CC2)cc1 0.9798185 2.4707 1.0000000 1.0000 1.0000000 1.0000 []
 | 10.8801 43.4818 82.2596 0.9823549 O=C(CCc1ccc(=O)[nH]n1)Nc1ccc(N=Nc2ccccc2)cc1 1 O=C(CCc1ccc(=O)[nH]n1)Nc1ccc(N=Nc2ccccc2)cc1 0.9823549 2.3815 1.0000000 1.0000 1.0000000 1.0000 []
 | 14.4450 44.2876 74.2835 0.9263365 O=C(c1ccccc1N=Nc1cccc(O)c1)N1CCCN(C(C(=O)N(Cc2ccco2)c2ccccc2)c2ccccc2)CC1 1 O=C(c1ccccc1N=Nc1ccccc1)N1CCCN(C(C(=O)N(Cc2ccco2)c2ccccc2)c2ccccc2)CC1 0.9263365 3.3507 1.0000000 1.0000 1.0000000 1.0000 []
 | 20.5411 39.6574 82.9276 0.9576955 O=C(C1=CCN(C(=O)c2cc(N=Nc3cccc(C(F)(F)F)c3)ccc2F)C1)N1CCOCC1 1 O=C(C1=CCN(C(=O)c2cccc(N=Nc3ccccc3)c2)C1)N1CCOCC1 0.9576955 2.9677 1.0000000 1.0000 1.0000000 1.0000 []
 | 11.1040 43.8538 82.9433 0.9906027 O=C(CCCc1ccccc1)c1ccc(N=Nc2ccccc2)cc1 1 O=C(CCCc1ccccc1)c1ccc(N=Nc2ccccc2)cc1 0.9906027 1.9657 1.0000000 1.0000 1.0000000 1.0000 []
 | 14.0633 44.7338 80.3507 0.9772224 c1coc(N=Nc2ccc(Oc3ccc(NCCN4CCCCCC4)cc3)cc2)c1 1 c1coc(N=Nc2ccc(Oc3ccc(NCCN4CCCCCC4)cc3)cc2)c1 0.9772224 2.5513 1.0000000 1.0000 1.0000000 1.0000 []
04:23:06 <INFO> Sampled SMILES O=C(c1ccc(N=Nc2ccc(O)cc2)cc1)CNC1=OCCCC1 failed to sanitize.
04:23:06 <INFO> Sampled SMILES c1cc(N=Nc2ccc(Br)cc2)ccc1-c1cc(C(=O)OCCN=Cc2ccccc2)cc1 failed to sanitize.
04:23:48 <INFO> Sampled SMILES O=C(c1ccc(N=Nc2ccccc2)c1)N1CCN(Cc2ccccn2)CC1 failed to sanitize.
04:23:49 <INFO> Score: 0.73 Agent NLL: 13.80 Valid:  95% Step: 347
 | Agent Prior Target Score SMILES SMILES_state Scaffold SA SA (raw) Alerts Alerts (raw) PS_Scaffold PS_Scaffold (raw) matchting_patterns (Alerts)
 | 11.9275 28.0844 91.2738 0.9324858 O=C(C1=CCN(C(=O)c2ccc(N=Nc3ccc(O)cc3)cc2)C1)N(Cc1ccccc1)CC1CCCO1 1 O=C(C1=CCN(C(=O)c2ccc(N=Nc3ccccc3)cc2)C1)N(Cc1ccccc1)CC1CCCO1 0.9324858 3.2896 1.0000000 1.0000 1.0000000 1.0000 []
 | 19.7588 57.9360 67.5350 0.9802419 O=C(Cn1ccnc1)NCCCCOc1ccc(N=Nc2ccc(Cc3ccccc3)cc2)cc1 1 O=C(Cn1ccnc1)NCCCCOc1ccc(N=Nc2ccc(Cc3ccccc3)cc2)cc1 0.9802419 2.4566 1.0000000 1.0000 1.0000000 1.0000 []
 | 10.5788 35.5200 89.2322 0.9746268 O=C(c1ccc(N=Nc2ccc(O)cc2)cc1)N1CCN(c2ccc(C(=O)N3CCc4ccccc4C3)cn2)CC1 1 O=C(c1ccc(N=Nc2ccccc2)cc1)N1CCN(c2ccc(C(=O)N3CCc4ccccc4C3)cn2)CC1 0.9746268 2.6233 1.0000000 1.0000 1.0000000 1.0000 []
 | 13.6978 37.9282 85.8797 0.9672490 O=C(c1ccc(N=Nc2ccc(F)cc2)cc1)N1CC(F)(C(=O)Nc2ccc(N3CCC(O)CC3)cc2)C1 1 O=C(Nc1ccc(N2CCCCC2)cc1)C1CN(C(=O)c2ccc(N=Nc3ccccc3)cc2)C1 0.9672490 2.7945 1.0000000 1.0000 1.0000000 1.0000 []
 | 22.2941 54.5876 66.0341 0.9423576 c1cc(N=Nc2ccccc2Cn2cccc2)cc(NC2CCOc3ccccc32)c1 1 c1cc(N=Nc2ccccc2Cn2cccc2)cc(NC2CCOc3ccccc32)c1 0.9423576 3.1798 1.0000000 1.0000 1.0000000 1.0000 []
 | 20.2671 42.0774 81.7219 0.9671822 O=C(COC1CN(C(=O)c2ccccc2N=Nc2ccc(O)cc2)C1)N(CCc1cccs1)Cc1ccccc1 1 O=C(COC1CN(C(=O)c2ccccc2N=Nc2ccccc2)C1)N(CCc1cccs1)Cc1ccccc1 0.9671822 2.7959 1.0000000 1.0000 1.0000000 1.0000 []
 | 14.2511 58.6809 64.1691 0.9597660 c1ccc(N=Nc2ccc(OCCCCC3CNCCN3)cc2)cc1 1 c1ccc(N=Nc2ccc(OCCCCC3CNCCN3)cc2)cc1 0.9597660 2.9336 1.0000000 1.0000 1.0000000 1.0000 []
 | 7.7583 36.2972 -36.2972 0.0000000 c1ccc(N=Nc2ccc(OCCCCOc3ccccc3)cc2)cc1 1 c1ccc(N=Nc2ccc(OCCCCOc3ccccc3)cc2)cc1 0.9911488 1.9263 1.0000000 1.0000 1.0000000 1.0000 []
 | 6.9549 33.0040 -33.0040 0.0000000 c1ccc(COc2ccc(N=Nc3ccccc3)cc2)cc1 1 c1ccc(COc2ccc(N=Nc3ccccc3)cc2)cc1 0.9926717 1.8023 1.0000000 1.0000 1.0000000 1.0000 []
 | 13.6316 49.0587 76.7763 0.9830859 COc1ccc(N=Nc2cccc(CNCc3ccccc3CN3CCOCC3)c2)cc1 1 c1ccc(N=Nc2cccc(CNCc3ccccc3CN3CCOCC3)c2)cc1 0.9830859 2.3535 1.0000000 1.0000 1.0000000 1.0000 []
04:23:51 <INFO> Score: 0.81 Agent NLL: 14.28 Valid: 100% Step: 348
 | Agent Prior Target Score SMILES SMILES_state Scaffold SA SA (raw) Alerts Alerts (raw) PS_Scaffold PS_Scaffold (raw) matchting_patterns (Alerts)
 | 8.1101 32.3638 -32.3638 0.0000000 Brc1ccccc1C=NNc1ccc(Cc2ccccc2)cc1 1 C(=NNc1ccc(Cc2ccccc2)cc1)c1ccccc1 0.9917311 1.8816 1.0000000 1.0000 1.0000000 1.0000 []
 | 13.6040 47.8520 71.1069 0.9293661 O=C1CC(NCc2cccc(N=Nc3ccc(C(F)(F)F)cn3)c2)CN1 1 O=C1CC(NCc2cccc(N=Nc3ccccn3)c2)CN1 0.9293661 3.3212 1.0000000 1.0000 1.0000000 1.0000 []
 | 14.8466 32.8440 86.3297 0.9310446 O=C(c1ccc(N=Nc2cccnc2)cc1)N1CCC(F)(C(=O)N2CCCCC(O)C2)CC1 1 O=C(c1ccc(N=Nc2cccnc2)cc1)N1CCC(C(=O)N2CCCCCC2)CC1 0.9310446 3.3044 1.0000000 1.0000 1.0000000 1.0000 []
 | 12.7213 46.8689 78.1457 0.9766763 c1ccc(Oc2ccc(CNCc3cccc(N=Nc4cccs4)c3)cc2)nc1 1 c1ccc(Oc2ccc(CNCc3cccc(N=Nc4cccs4)c3)cc2)nc1 0.9766763 2.5671 1.0000000 1.0000 1.0000000 1.0000 []
 | 17.3675 45.4900 75.0275 0.9415430 O=C(c1ccc(N=Nc2ccc(CO)o2)cc1)N1CC(F)(C(=O)N(c2ccccc2)C2CCCC2)C1 1 O=C(c1ccc(N=Nc2ccco2)cc1)N1CC(C(=O)N(c2ccccc2)C2CCCC2)C1 0.9415430 3.1895 1.0000000 1.0000 1.0000000 1.0000 []
 | 12.2648 42.5069 81.5818 0.9694431 O=C(c1ccc(CN2CCN(C(=O)c3ccc(N=Nc4ccc(O)cc4)cc3)CC2)cc1)N1CCC(n2cccn2)CC1 1 O=C(c1ccc(CN2CCN(C(=O)c3ccc(N=Nc4ccccc4)cc3)CC2)cc1)N1CCC(n2cccn2)CC1 0.9694431 2.7479 1.0000000 1.0000 1.0000000 1.0000 []
 | 9.9511 35.5446 88.8715 0.9720010 O=C(c1ccc(N=Nc2cccnc2)cc1)N1CC(F)(C(=O)Nc2ccc(Oc3ccccc3)cc2)C1 1 O=C(Nc1ccc(Oc2ccccc2)cc1)C1CN(C(=O)c2ccc(N=Nc3cccnc3)cc2)C1 0.9720010 2.6892 1.0000000 1.0000 1.0000000 1.0000 []
 | 12.2676 31.2303 91.6656 0.9601240 O=C(c1ccc(N=Nc2cccc(O)c2)cc1)N1CCC(C(=O)N(Cc2ccccc2)C2CC2)C1 1 O=C(c1ccc(N=Nc2ccccc2)cc1)N1CCC(C(=O)N(Cc2ccccc2)C2CC2)C1 0.9601240 2.9276 1.0000000 1.0000 1.0000000 1.0000 []
 | 11.6162 38.8449 85.9368 0.9748569 CN(c1ccc(N=Nc2ccco2)cc1)C1CCN(Cc2ccccc2)CC1 1 c1ccc(CN2CCC(Nc3ccc(N=Nc4ccco4)cc3)CC2)cc1 0.9748569 2.6172 1.0000000 1.0000 1.0000000 1.0000 []
 | 15.5725 37.5840 84.9537 0.9573261 O=C(c1ccc(N=Nc2ccncc2)cc1)N1CC(F)(C(=O)NCC2CCN(C(=O)C3CC3)CC2)C1 1 O=C(NCC1CCN(C(=O)C2CC2)CC1)C1CN(C(=O)c2ccc(N=Nc3ccncc3)cc2)C1 0.9573261 2.9737 1.0000000 1.0000 1.0000000 1.0000 []
04:23:53 <INFO> Score: 0.82 Agent NLL: 13.47 Valid: 100% Step: 349
 | Agent Prior Target Score SMILES SMILES_state Scaffold SA SA (raw) Alerts Alerts (raw) PS_Scaffold PS_Scaffold (raw) matchting_patterns (Alerts)
 | 14.2616 40.0040 86.3578 0.9872014 Clc1ccc(N=Nc2cccc(CNC3CC3)c2)cc1 1 c1ccc(N=Nc2cccc(CNC3CC3)c2)cc1 0.9872014 2.1691 1.0000000 1.0000 1.0000000 1.0000 []
 | 9.1570 34.9751 89.2028 0.9701404 O=C(CN1CCN(C(=O)c2ccc(N=Nc3cccnc3)cc2)CC1)N(Cc1ccco1)Cc1ccco1 1 O=C(CN1CCN(C(=O)c2ccc(N=Nc3cccnc3)cc2)CC1)N(Cc1ccco1)Cc1ccco1 0.9701404 2.7324 1.0000000 1.0000 1.0000000 1.0000 []
 | 18.3673 39.2373 85.6502 0.9756836 Fc1cccc(N=Nc2ccc(Cl)c(CN3CCN(c4ccc(Cl)nn4)CC3)c2)c1 1 c1ccc(N=Nc2cccc(CN3CCN(c4cccnn4)CC3)c2)cc1 0.9756836 2.5949 1.0000000 1.0000 1.0000000 1.0000 []
 | 29.2960 71.0027 50.7902 0.9515067 NN1CCCOc2cc(CNCc3ccccc3N=Nc3ccco3)ccc21 1 c1coc(N=Nc2ccccc2CNCc2ccc3c(c2)OCCCN3)c1 0.9515067 3.0609 1.0000000 1.0000 1.0000000 1.0000 []
 | 13.5604 43.2081 82.6324 0.9831283 O=C(CN1C(=O)c2ccccc2C1=O)c1ccc(N=Nc2cccc(CO)c2)cc1 1 O=C(CN1C(=O)c2ccccc2C1=O)c1ccc(N=Nc2ccccc2)cc1 0.9831283 2.3518 1.0000000 1.0000 1.0000000 1.0000 []
 | 19.1776 50.0449 74.7431 0.9749067 Fc1ccc(N=Nc2cccnc2)cc1OCc1cccc(Cn2cccc2)c1 1 c1cc(COc2cccc(N=Nc3cccnc3)c2)cc(Cn2cccc2)c1 0.9749067 2.6159 1.0000000 1.0000 1.0000000 1.0000 []
 | 11.1877 39.9328 -39.9328 0.0000000 Fc1cccc(N=Nc2ccccc2)c1CNC1CCN(CCc2ccccc2)CC1 1 c1ccc(CCN2CCC(NCc3ccccc3N=Nc3ccccc3)CC2)cc1 0.9817383 2.4043 1.0000000 1.0000 1.0000000 1.0000 []
 | 12.5775 40.5875 85.4377 0.9845718 c1ccc(N=Nc2ccc(Nc3ccc(CN4CCOCC4)cn3)cc2)cc1 1 c1ccc(N=Nc2ccc(Nc3ccc(CN4CCOCC4)cn3)cc2)cc1 0.9845718 2.2926 1.0000000 1.0000 1.0000000 1.0000 []
 | 14.5034 52.6304 65.0097 0.9190633 O=C(NC1CCCCN(C(=O)c2ccc(N=Nc3cccc(CO)c3)cc2)C1)C1CCN(c2ccccc2)C1=O 1 O=C(NC1CCCCN(C(=O)c2ccc(N=Nc3ccccc3)cc2)C1)C1CCN(c2ccccc2)C1=O 0.9190633 3.4172 1.0000000 1.0000 1.0000000 1.0000 []
 | 13.1392 30.9029 93.7192 0.9736098 O=C(c1ccc(N=Nc2cccc(O)c2)cc1)N1CCC(F)(C(=O)NCc2ccccc2)CC1 1 O=C(NCc1ccccc1)C1CCN(C(=O)c2ccc(N=Nc3ccccc3)cc2)CC1 0.9736098 2.6496 1.0000000 1.0000 1.0000000 1.0000 []
04:23:56 <INFO> Score: 0.82 Agent NLL: 13.94 Valid:  99% Step: 350
 | Agent Prior Target Score SMILES SMILES_state Scaffold SA SA (raw) Alerts Alerts (raw) PS_Scaffold PS_Scaffold (raw) matchting_patterns (Alerts)
 | 6.9761 31.5616 -31.5616 0.0000000 Clc1ccccc1C=NNc1ccc(Cc2ccccc2)cc1 1 C(=NNc1ccc(Cc2ccccc2)cc1)c1ccccc1 0.9926102 1.8078 1.0000000 1.0000 1.0000000 1.0000 []
 | 10.3609 46.9619 79.7782 0.9901568 O=C(CCc1ccccc1)NCc1cccc(N=Nc2ccccc2)c1 1 O=C(CCc1ccccc1)NCc1cccc(N=Nc2ccccc2)c1 0.9901568 1.9961 1.0000000 1.0000 1.0000000 1.0000 []
 | 12.0428 46.2530 77.9815 0.9705820 O=C(c1ccc(N=Nc2cccnc2)cc1)N1CCN(c2cccc(C(=O)N(CCO)Cc3cccs3)c2)CC1 1 O=C(NCc1cccs1)c1cccc(N2CCN(C(=O)c3ccc(N=Nc4cccnc4)cc3)CC2)c1 0.9705820 2.7224 1.0000000 1.0000 1.0000000 1.0000 []
 | 13.6237 42.1679 65.6682 0.8424695 O=C(c1ccc(N=Nc2ccccc2)cc1)N1CCC2(CC1)CC(NC(=O)C1(c3ccc(F)cc3)CCOCC1)CO2 1 O=C(c1ccc(N=Nc2ccccc2)cc1)N1CCC2(CC1)CC(NC(=O)C1(c3ccccc3)CCOCC1)CO2 0.8424695 3.9077 1.0000000 1.0000 1.0000000 1.0000 []
 | 10.4376 44.1754 80.3355 0.9727414 OCCN1CCC(NCc2cc(N=Nc3ccc(Cn4cccn4)cc3)ccc2F)CC1 1 c1cc(CNC2CCNCC2)cc(N=Nc2ccc(Cn3cccn3)cc2)c1 0.9727414 2.6713 1.0000000 1.0000 1.0000000 1.0000 []
 | 9.5177 45.2572 -45.2572 0.0000000 O=C(NCc1ccc(N=Nc2cccnc2)cc1)c1ccccc1 1 O=C(NCc1ccc(N=Nc2cccnc2)cc1)c1ccccc1 0.9892922 2.0516 1.0000000 1.0000 1.0000000 1.0000 []
 | 18.2128 53.5902 70.2858 0.9677812 c1ccc(Cc2ccc(N=Nc3ccc(CN4CCOC(c5ccccc5)CC4)cc3)cc2)cc1 1 c1ccc(Cc2ccc(N=Nc3ccc(CN4CCOC(c5ccccc5)CC4)cc3)cc2)cc1 0.9677812 2.7835 1.0000000 1.0000 1.0000000 1.0000 []
 | 19.2345 40.1850 85.7981 0.9842431 Fc1cccc(CNNCc2ccc(N=Nc3ccccc3)cc2)c1 1 c1ccc(CNNCc2ccc(N=Nc3ccccc3)cc2)cc1 0.9842431 2.3066 1.0000000 1.0000 1.0000000 1.0000 []
 | 22.3289 48.5596 68.6427 0.9156436 O=C(c1ccc(N=Nc2ccncc2)cc1)N1CCSC1C(=O)N(C1CCCCC1)C1CCCC1 1 O=C(c1ccc(N=Nc2ccncc2)cc1)N1CCSC1C(=O)N(C1CCCCC1)C1CCCC1 0.9156436 3.4466 1.0000000 1.0000 1.0000000 1.0000 []
 | 12.7728 31.4455 86.4050 0.9207066 O=C(c1ccc(N=Nc2cccc(O)c2)cc1)N1CC(F)(C(=O)NCC2COc3ccccc3C2)C1 1 O=C(NCC1COc2ccccc2C1)C1CN(C(=O)c2ccc(N=Nc3ccccc3)cc2)C1 0.9207066 3.4027 1.0000000 1.0000 1.0000000 1.0000 []
04:23:59 <INFO> Score: 0.85 Agent NLL: 14.61 Valid: 100% Step: 351
 | Agent Prior Target Score SMILES SMILES_state Scaffold SA SA (raw) Alerts Alerts (raw) PS_Scaffold PS_Scaffold (raw) matchting_patterns (Alerts)
 | 17.8906 46.8683 78.0813 0.9761684 O=C(NCCN1CCN(C(=O)c2cc(N=Nc3ccccc3)ccc2O)CCC1=O)C1CC1 1 O=C(NCCN1CCN(C(=O)c2cccc(N=Nc3ccccc3)c2)CCC1=O)C1CC1 0.9761684 2.5814 1.0000000 1.0000 1.0000000 1.0000 []
 | 28.9497 53.2256 69.3391 0.9575370 CCOC(=O)C1(CN(C)c2ccc(N=Nc3ccccc3)nc2)CCOCC1 1 c1ccc(N=Nc2ccc(NCC3CCOCC3)cn2)cc1 0.9575370 2.9703 1.0000000 1.0000 1.0000000 1.0000 []
 | 21.2469 76.7559 47.3043 0.9692208 Cc1cccnc1N=Nc1cccc(C#N)c1CNc1ccc(-c2ccccn2)cc1 1 c1ccc(N=Nc2ccccc2CNc2ccc(-c3ccccn3)cc2)nc1 0.9692208 2.7528 1.0000000 1.0000 1.0000000 1.0000 []
 | 15.2777 44.8210 80.9845 0.9828556 O=C(c1ccccc1)c1ccc(N=Nc2ccc(CN3CCOCC3)nc2)cc1 1 O=C(c1ccccc1)c1ccc(N=Nc2ccc(CN3CCOCC3)nc2)cc1 0.9828556 2.3624 1.0000000 1.0000 1.0000000 1.0000 []
 | 13.6191 37.0854 -37.0854 0.0000000 Oc1ccccc1N1CCN(Cc2cc(N=Nc3ccccc3)ccc2Cl)CC1 1 c1ccc(N=Nc2cccc(CN3CCN(c4ccccc4)CC3)c2)cc1 0.9841046 2.3123 1.0000000 1.0000 1.0000000 1.0000 []
 | 12.6617 23.6854 97.1223 0.9438097 O=C(c1ccc(N=Nc2ccc(O)cc2)cc1)N1CCC(F)(C(=O)N2CCCCCC2)C1 1 O=C(c1ccc(N=Nc2ccccc2)cc1)N1CCC(C(=O)N2CCCCCC2)C1 0.9438097 3.1622 1.0000000 1.0000 1.0000000 1.0000 []
 | 12.8284 33.8829 85.6210 0.9336243 O=C(c1ccc(N=Nc2ccc(O)cc2)cc1)N1CCN(c2ccc(C(=O)N3CC4(CC(O)C4)C3)cn2)CC1 1 O=C(c1ccc(N=Nc2ccccc2)cc1)N1CCN(c2ccc(C(=O)N3CC4(CCC4)C3)cn2)CC1 0.9336243 3.2778 1.0000000 1.0000 1.0000000 1.0000 []
 | 11.1978 29.4291 93.5423 0.9607144 O=C(c1ccc(N=Nc2ccccc2)cc1)N1CCN(Cc2ccc(C(=O)N3CCCC(F)C3)cc2)CC1 1 O=C(c1ccc(CN2CCN(C(=O)c3ccc(N=Nc4ccccc4)cc3)CC2)cc1)N1CCCCC1 0.9607144 2.9175 1.0000000 1.0000 1.0000000 1.0000 []
 | 14.2790 47.1125 77.0244 0.9698198 c1cc(N=Nc2cccs2)cc(-c2ccc(N3CCCNCC3)nc2)c1 1 c1cc(N=Nc2cccs2)cc(-c2ccc(N3CCCNCC3)nc2)c1 0.9698198 2.7395 1.0000000 1.0000 1.0000000 1.0000 []
 | 10.0427 25.8131 -25.8131 0.0000000 Fc1ccccc1C=NNc1ccccc1OCc1ccccc1 1 C(=NNc1ccccc1OCc1ccccc1)c1ccccc1 0.9920369 1.8568 1.0000000 1.0000 1.0000000 1.0000 []
04:24:43 <INFO> Score: 0.81 Agent NLL: 13.93 Valid: 100% Step: 352
 | Agent Prior Target Score SMILES SMILES_state Scaffold SA SA (raw) Alerts Alerts (raw) PS_Scaffold PS_Scaffold (raw) matchting_patterns (Alerts)
 | 20.2749 49.4013 74.9243 0.9712935 OCc1ccccc1N=Nc1ccc(Cl)c(NCCC2=CCCCC2)c1 1 C1=C(CCNc2cccc(N=Nc3ccccc3)c2)CCCC1 0.9712935 2.7059 1.0000000 1.0000 1.0000000 1.0000 []
 | 13.9649 33.0674 93.5235 0.9889911 COc1cc(N=Nc2ccccc2)ccc1OCCC(=O)Nc1ccccc1 1 O=C(CCOc1ccc(N=Nc2ccccc2)cc1)Nc1ccccc1 0.9889911 2.0698 1.0000000 1.0000 1.0000000 1.0000 []
 | 18.5603 55.4995 70.1298 0.9814785 c1ccc(Cn2ccc(CNc3ccc(N=Nc4cccc(Oc5ccccc5)c4)cc3)n2)cc1 1 c1ccc(Cn2ccc(CNc3ccc(N=Nc4cccc(Oc5ccccc5)c4)cc3)n2)cc1 0.9814785 2.4137 1.0000000 1.0000 1.0000000 1.0000 []
 | 15.7536 29.2621 89.8202 0.9303300 O=C(c1ccccc1N=Nc1ccc(O)cc1)N1CCCOC(C(=O)N(CCCO)Cc2cccs2)C1 1 O=C(NCc1cccs1)C1CN(C(=O)c2ccccc2N=Nc2ccccc2)CCCO1 0.9303300 3.3116 1.0000000 1.0000 1.0000000 1.0000 []
 | 16.1880 43.9144 80.7520 0.9739568 Oc1ccc(N=Nc2cccc(C(F)(F)F)n2)cc1CN1CCN(Cc2ccccc2)CC1 1 c1ccc(CN2CCN(Cc3cccc(N=Nc4ccccn4)c3)CC2)cc1 0.9739568 2.6407 1.0000000 1.0000 1.0000000 1.0000 []
 | 17.9562 39.3641 85.1406 0.9726930 Clc1ccc(N=Nc2cccnc2)cc1Sc1cccc(CCN2CCOCC2)c1 1 c1cncc(N=Nc2cccc(Sc3cccc(CCN4CCOCC4)c3)c2)c1 0.9726930 2.6724 1.0000000 1.0000 1.0000000 1.0000 []
 | 10.2504 42.1052 -42.1052 0.0000000 c1ccc(N=Nc2ccc(-c3ccc(-c4ccccc4)cc3)cn2)cc1 1 c1ccc(N=Nc2ccc(-c3ccc(-c4ccccc4)cc3)cn2)cc1 0.9886282 2.0912 1.0000000 1.0000 1.0000000 1.0000 []
 | 14.2026 45.4966 80.8665 0.9872113 c1ccc(N=Nc2ccc(C(=NNc3ccccc3)c3ccccc3)cc2)cc1 1 c1ccc(N=Nc2ccc(C(=NNc3ccccc3)c3ccccc3)cc2)cc1 0.9872113 2.1686 1.0000000 1.0000 1.0000000 1.0000 []
 | 14.3440 26.1570 98.9279 0.9772258 O=C(c1ccc(N=Nc2ccccc2)cc1)N1CCC(CC(=O)N(C2CCC2)C2CC2)CC1 1 O=C(c1ccc(N=Nc2ccccc2)cc1)N1CCC(CC(=O)N(C2CCC2)C2CC2)CC1 0.9772258 2.5512 1.0000000 1.0000 1.0000000 1.0000 []
 | 18.3507 37.4031 88.3879 0.9827419 Clc1ccc(N=Nc2ccccc2)cc1COCCc1cccnc1 1 c1ccc(N=Nc2cccc(COCCc3cccnc3)c2)cc1 0.9827419 2.3668 1.0000000 1.0000 1.0000000 1.0000 []
04:24:43 <INFO> Sampled SMILES Oc1ccc(N=Nc2cccs2)cc1CNCc1c(OC(=O)c2ccncc2)ccc1O failed to sanitize.
04:24:43 <INFO> Sampled SMILES Cc1cc(N=Nc2nccnc2C)ccc1N1CCSC1(=O)c1ccccc1 failed to sanitize.
04:24:45 <INFO> Score: 0.77 Agent NLL: 14.46 Valid:  96% Step: 353
 | Agent Prior Target Score SMILES SMILES_state Scaffold SA SA (raw) Alerts Alerts (raw) PS_Scaffold PS_Scaffold (raw) matchting_patterns (Alerts)
 | 14.9561 55.7755 64.0943 0.9364825 O=C(c1ccccc1N=Nc1ccncc1)N1CCN(Cc2cccc(C(=O)N3CCCCCC3c3ccncc3)c2)CC1 1 O=C(c1ccccc1N=Nc1ccncc1)N1CCN(Cc2cccc(C(=O)N3CCCCCC3c3ccncc3)c2)CC1 0.9364825 3.2471 1.0000000 1.0000 1.0000000 1.0000 []
 | 16.5232 45.9169 77.3134 0.9627367 O=C(C1=CCN(C(=O)c2ccc(N=Nc3cccc(OC(F)F)c3)cc2)C1)N1CCN(CCc2ccccc2)CC1 1 O=C(C1=CCN(C(=O)c2ccc(N=Nc3ccccc3)cc2)C1)N1CCN(CCc2ccccc2)CC1 0.9627367 2.8817 1.0000000 1.0000 1.0000000 1.0000 []
 | 17.8413 42.1949 72.6945 0.8975734 O=C(c1ccc(N=Nc2cccs2)cc1)N1CCC(O)(C(=O)N(C2CCC2)C2CC2)C1 1 O=C(c1ccc(N=Nc2cccs2)cc1)N1CCC(C(=O)N(C2CCC2)C2CC2)C1 0.8975734 3.5860 1.0000000 1.0000 1.0000000 1.0000 []
 | 12.6465 47.3043 78.8522 0.9855976 c1ccc(N=Nc2cccc(-c3ccc(NCCCN4CCCCCC4)cc3)c2)cc1 1 c1ccc(N=Nc2cccc(-c3ccc(NCCCN4CCCCCC4)cc3)c2)cc1 0.9855976 2.2471 1.0000000 1.0000 1.0000000 1.0000 []
 | 14.1731 63.8328 -63.8328 0.0000000 COc1ccc(N=Nc2cccc(NC(=O)c3ccccc3)c2O)cc1 1 O=C(Nc1cccc(N=Nc2ccccc2)c1)c1ccccc1 0.9881147 2.1203 1.0000000 1.0000 1.0000000 1.0000 []
 | 8.5505 24.8658 101.7834 0.9894471 Fc1ccccc1C=NNc1cccnc1 1 C(=NNc1cccnc1)c1ccccc1 0.9894471 2.0420 1.0000000 1.0000 1.0000000 1.0000 []
 | 13.2228 40.1726 73.4578 0.8877380 O=C(c1ccc(N=Nc2cccc(F)c2)cc1)N1CC2C(C1)C2NC(=O)C1(c2cccc(C(F)(F)F)c2)CC1 1 O=C(c1ccc(N=Nc2ccccc2)cc1)N1CC2C(C1)C2NC(=O)C1(c2ccccc2)CC1 0.8877380 3.6529 1.0000000 1.0000 1.0000000 1.0000 []
 | 9.4082 32.9404 91.5684 0.9727247 O=C(c1ccc(N=Nc2cccnc2)cc1)N1CCN(CCNC(=O)C2(c3ccccc3)CCCC2)CC1 1 O=C(c1ccc(N=Nc2cccnc2)cc1)N1CCN(CCNC(=O)C2(c3ccccc3)CCCC2)CC1 0.9727247 2.6717 1.0000000 1.0000 1.0000000 1.0000 []
 | 19.4958 75.9418 42.8552 0.9281022 O=C(NCC1CCN(C(=O)c2cc(N=Nc3cccc(Oc4ccccc4)c3)ccn2)CC1)C1CCCN(c2ccccn2)C1 1 O=C(NCC1CCN(C(=O)c2cc(N=Nc3cccc(Oc4ccccc4)c3)ccn2)CC1)C1CCCN(c2ccccn2)C1 0.9281022 3.3337 1.0000000 1.0000 1.0000000 1.0000 []
 | 15.9853 38.9422 70.4842 0.8548937 O=C(c1ccc(N=Nc2cccnc2)cc1)N1CCOC(C(=O)N2CCC3(CCc4ccccc4O3)CC2)C1 1 O=C(c1ccc(N=Nc2cccnc2)cc1)N1CCOC(C(=O)N2CCC3(CCc4ccccc4O3)CC2)C1 0.8548937 3.8447 1.0000000 1.0000 1.0000000 1.0000 []
04:24:45 <INFO> Sampled SMILES c1cc(N=Nc2ccc(-c3ccccc3)cc2)ccc1C=ONc1cccc(C(=O)NC2CCCC2)c1 failed to sanitize.
04:24:47 <INFO> Score: 0.79 Agent NLL: 14.31 Valid:  99% Step: 354
 | Agent Prior Target Score SMILES SMILES_state Scaffold SA SA (raw) Alerts Alerts (raw) PS_Scaffold PS_Scaffold (raw) matchting_patterns (Alerts)
 | 11.4490 25.6133 98.3717 0.9686324 O=C(C1=CCN(C(=O)c2ccc(N=Nc3ccc(O)cc3)cc2)CC1)N1CC(CO)C1 1 O=C(C1=CCN(C(=O)c2ccc(N=Nc3ccccc3)cc2)CC1)N1CCC1 0.9686324 2.7655 1.0000000 1.0000 1.0000000 1.0000 []
 | 9.0042 28.2501 96.9328 0.9779914 O=C(c1ccc(N=Nc2cccc(O)c2)cc1)N1CCC(N2CCN(CCO)CC2)CC1 1 O=C(c1ccc(N=Nc2ccccc2)cc1)N1CCC(N2CCNCC2)CC1 0.9779914 2.5284 1.0000000 1.0000 1.0000000 1.0000 []
 | 11.7467 25.8260 90.5917 0.9095132 O=C(C1=CCN(C(=O)c2ccc(N=Nc3ccc(O)cc3)cc2)CC1)N1CCC2(CC1)N=N2 1 O=C(C1=CCN(C(=O)c2ccc(N=Nc3ccccc3)cc2)CC1)N1CCC2(CC1)N=N2 0.9095132 3.4967 1.0000000 1.0000 1.0000000 1.0000 []
 | 11.6173 42.2624 82.8087 0.9771184 O=C(Nc1ccc(N=Nc2ccccc2)cc1)C1CCO1 1 O=C(Nc1ccc(N=Nc2ccccc2)cc1)C1CCO1 0.9771184 2.5543 1.0000000 1.0000 1.0000000 1.0000 []
 | 13.9545 36.4759 81.7393 0.9235557 O=C(c1ccc(N=Nc2cccnc2)cc1)N1CCC(O)(C(=O)N2CCCN(Cc3cccs3)CC2)C1 1 O=C(c1ccc(N=Nc2cccnc2)cc1)N1CCC(C(=O)N2CCCN(Cc3cccs3)CC2)C1 0.9235557 3.3768 1.0000000 1.0000 1.0000000 1.0000 []
 | 8.9951 24.6517 99.3068 0.9684259 O=C(c1ccc(N=Nc2ccccc2)cc1)N1CCN(CCNC(=O)C2(F)CCOCC2)CC1 1 O=C(NCCN1CCN(C(=O)c2ccc(N=Nc3ccccc3)cc2)CC1)C1CCOCC1 0.9684259 2.7699 1.0000000 1.0000 1.0000000 1.0000 []
 | 16.2569 49.8810 69.3930 0.9318278 OCc1cccc(N=Nc2ccc(Cl)c(CN3CCCC(N4CCOCC4)C3)c2)n1 1 c1ccc(N=Nc2cccc(CN3CCCC(N4CCOCC4)C3)c2)nc1 0.9318278 3.2964 1.0000000 1.0000 1.0000000 1.0000 []
 | 19.8463 29.4953 91.9281 0.9486200 O=C(NCc1cnc2ccccn12)C1CCN(C(=O)c2ccc(N=Nc3ccc(O)cc3)cc2)C1 1 O=C(NCc1cnc2ccccn12)C1CCN(C(=O)c2ccc(N=Nc3ccccc3)cc2)C1 0.9486200 3.1006 1.0000000 1.0000 1.0000000 1.0000 []
 | 16.3242 55.3177 69.9296 0.9784945 c1ccc(COCCN2CCC(CNCOc3ccc(N=Nc4ccccc4)cc3)CC2)cc1 1 c1ccc(COCCN2CCC(CNCOc3ccc(N=Nc4ccccc4)cc3)CC2)cc1 0.9784945 2.5130 1.0000000 1.0000 1.0000000 1.0000 []
 | 13.9517 37.0476 81.2817 0.9244476 O=C(c1ccc(N=Nc2cccc(F)c2)cc1)N1CCC(F)(C(=O)N2CCC(F)CC2)C1 1 O=C(c1ccc(N=Nc2ccccc2)cc1)N1CCC(C(=O)N2CCCCC2)C1 0.9244476 3.3685 1.0000000 1.0000 1.0000000 1.0000 []
04:24:48 <INFO> Sampled SMILES N(c1ccc(N=Nc2cccc(Cn3cccn3)c2)nc1)c1ccc(N=Nc2ccccc2)n1 failed to sanitize.
04:24:50 <INFO> Score: 0.79 Agent NLL: 13.70 Valid:  98% Step: 355
 | Agent Prior Target Score SMILES SMILES_state Scaffold SA SA (raw) Alerts Alerts (raw) PS_Scaffold PS_Scaffold (raw) matchting_patterns (Alerts)
 | 12.9601 41.0494 84.7605 0.9828904 OCCN1CCC(Nc2cccc(N=Nc3ccc(Cl)cc3)c2)CC1 1 c1ccc(N=Nc2cccc(NC3CCNCC3)c2)cc1 0.9828904 2.3611 1.0000000 1.0000 1.0000000 1.0000 []
 | 12.6172 32.3877 93.3191 0.9820844 c1ccc(N=Nc2cccc(-c3ncc[nH]3)c2)cc1 1 c1ccc(N=Nc2cccc(-c3ncc[nH]3)c2)cc1 0.9820844 2.3916 1.0000000 1.0000 1.0000000 1.0000 []
 | 7.6006 41.2624 -41.2624 0.0000000 c1ccc(N=Nc2ccc(-c3ccc(Oc4ccccc4)cc3)cc2)cc1 1 c1ccc(N=Nc2ccc(-c3ccc(Oc4ccccc4)cc3)cc2)cc1 0.9927083 1.7990 1.0000000 1.0000 1.0000000 1.0000 []
 | 13.9192 40.5811 83.7441 0.9712906 Cc1ccc(N=Nc2cc(=O)[nH]c(C)c2C)c(C)c1 1 O=c1cc(N=Nc2ccccc2)cc[nH]1 0.9712906 2.7060 1.0000000 1.0000 1.0000000 1.0000 []
 | 12.1897 39.2351 86.2614 0.9804420 O=C(c1ccc(N=Nc2ccccc2)cc1)c1ccc(N=Nc2cccc(O)c2)cc1 1 O=C(c1ccc(N=Nc2ccccc2)cc1)c1ccc(N=Nc2ccccc2)cc1 0.9804420 2.4499 1.0000000 1.0000 1.0000000 1.0000 []
 | 12.1889 32.8371 88.9985 0.9518406 O=C(c1ccc(N=Nc2cccnc2)cc1)N1CC(F)(C(=O)N2CCS(=O)(=O)CC2)C1 1 O=C(c1ccc(N=Nc2cccnc2)cc1)N1CC(C(=O)N2CCS(=O)(=O)CC2)C1 0.9518406 3.0562 1.0000000 1.0000 1.0000000 1.0000 []
 | 21.0403 43.4809 81.6781 0.9778047 Fc1ccc(N=Nc2ccccc2)cc1Nc1nc2cnccc2s1 1 c1ccc(N=Nc2cccc(Nc3nc4cnccc4s3)c2)cc1 0.9778047 2.5340 1.0000000 1.0000 1.0000000 1.0000 []
 | 13.7068 46.1894 80.1456 0.9869918 c1ccc(Cc2ccc(NCc3ccc(N=Nc4cccnc4)cc3)cc2)cc1 1 c1ccc(Cc2ccc(NCc3ccc(N=Nc4cccnc4)cc3)cc2)cc1 0.9869918 2.1799 1.0000000 1.0000 1.0000000 1.0000 []
 | 13.3732 33.4071 92.9370 0.9870633 O=S(=O)(c1ccccc1)N1CCN(Cc2ccc(N=Nc3ccc(Cl)cc3)cc2)CC1 1 O=S(=O)(c1ccccc1)N1CCN(Cc2ccc(N=Nc3ccccc3)cc2)CC1 0.9870633 2.1762 1.0000000 1.0000 1.0000000 1.0000 []
 | 10.8057 33.9106 -33.9106 0.0000000 c1ccc(N=Nc2cccc(-c3ccccc3CN3CCOCC3)c2)cc1 1 c1ccc(N=Nc2cccc(-c3ccccc3CN3CCOCC3)c2)cc1 0.9865991 2.1995 1.0000000 1.0000 1.0000000 1.0000 []
04:24:51 <INFO> Sampled SMILES Clc1ccc(N=Nc2ccnc(F)c2)cc1=NNc1ccc(F)cc1 failed to sanitize.
04:24:53 <INFO> Score: 0.70 Agent NLL: 13.18 Valid:  99% Step: 356
 | Agent Prior Target Score SMILES SMILES_state Scaffold SA SA (raw) Alerts Alerts (raw) PS_Scaffold PS_Scaffold (raw) matchting_patterns (Alerts)
 | 16.5504 33.9212 83.7155 0.9190367 O=C(c1ccc(N=Nc2ccc(F)cc2)cc1)N1CCC(N2CCCC2C(=O)N2CCCCC(O)C2)CC1 1 O=C(c1ccc(N=Nc2ccccc2)cc1)N1CCC(N2CCCC2C(=O)N2CCCCCC2)CC1 0.9190367 3.4174 1.0000000 1.0000 1.0000000 1.0000 []
 | 15.2913 41.6928 83.7075 0.9796892 c1ccc(N=Nc2ccccc2Nc2ncc[nH]2)cc1 1 c1ccc(N=Nc2ccccc2Nc2ncc[nH]2)cc1 0.9796892 2.4750 1.0000000 1.0000 1.0000000 1.0000 []
 | 7.4147 42.7937 -42.7937 0.0000000 c1ccc(N=Nc2ccc(Oc3ccc(Oc4ccccc4)cc3)cc2)cc1 1 c1ccc(N=Nc2ccc(Oc3ccc(Oc4ccccc4)cc3)cc2)cc1 0.9934855 1.7251 1.0000000 1.0000 1.0000000 1.0000 []
 | 10.4166 38.6231 -38.6231 0.0000000 O=C(c1ccc(N=Nc2cccnc2)cc1)N1CC=C(C(=O)N(c2ccccc2)C2CCS(=O)(=O)C2)CC1 1 O=C(c1ccc(N=Nc2cccnc2)cc1)N1CC=C(C(=O)N(c2ccccc2)C2CCS(=O)(=O)C2)CC1 0.9144586 3.4565 1.0000000 1.0000 1.0000000 1.0000 []
 | 8.0663 33.1841 -33.1841 0.0000000 c1ccc(CCOc2ccc(N=Nc3ccccc3)cc2)cc1 1 c1ccc(CCOc2ccc(N=Nc3ccccc3)cc2)cc1 0.9918241 1.8742 1.0000000 1.0000 1.0000000 1.0000 []
 | 15.5512 47.6587 77.8502 0.9805384 OCc1ccccc1N=Nc1ccc(F)c(NCCc2ccc(O)cc2)c1 1 c1ccc(CCNc2cccc(N=Nc3ccccc3)c2)cc1 0.9805384 2.4466 1.0000000 1.0000 1.0000000 1.0000 []
 | 13.7470 28.2536 91.9667 0.9392216 O=C(C1COCCN1C(=O)c1ccc(N=Nc2ccccc2)cc1)N(Cc1ccco1)Cc1ccco1 1 O=C(C1COCCN1C(=O)c1ccc(N=Nc2ccccc2)cc1)N(Cc1ccco1)Cc1ccco1 0.9392216 3.2165 1.0000000 1.0000 1.0000000 1.0000 []
 | 13.6156 24.2893 100.9325 0.9782951 O=C(c1ccc(N=Nc2ccc(O)cc2)cc1)N1CCC(C(=O)N2CCSCC2)CC1 1 O=C(c1ccc(N=Nc2ccccc2)cc1)N1CCC(C(=O)N2CCSCC2)CC1 0.9782951 2.5191 1.0000000 1.0000 1.0000000 1.0000 []
 | 11.7370 35.6496 -35.6496 0.0000000 Fc1ccc(N=Nc2cccc(Nc3ccccc3N3CCOCC3)c2)cc1 1 c1ccc(N=Nc2cccc(Nc3ccccc3N3CCOCC3)c2)cc1 0.9842046 2.3082 1.0000000 1.0000 1.0000000 1.0000 []
 | 7.1789 40.8995 -40.8995 0.0000000 c1ccc(Cc2ccc(Oc3ccc(N=Nc4ccccc4)cc3)cc2)cc1 1 c1ccc(Cc2ccc(Oc3ccc(N=Nc4ccccc4)cc3)cc2)cc1 0.9913769 1.9091 1.0000000 1.0000 1.0000000 1.0000 []
04:24:56 <INFO> Score: 0.84 Agent NLL: 13.92 Valid: 100% Step: 357
 | Agent Prior Target Score SMILES SMILES_state Scaffold SA SA (raw) Alerts Alerts (raw) PS_Scaffold PS_Scaffold (raw) matchting_patterns (Alerts)
 | 18.6528 46.1040 78.8682 0.9763447 O=C(c1ccc(N=Nc2ccc(-c3ccsc3)cc2)nc1)N1CCOCC1 1 O=C(c1ccc(N=Nc2ccc(-c3ccsc3)cc2)nc1)N1CCOCC1 0.9763447 2.5765 1.0000000 1.0000 1.0000000 1.0000 []
 | 11.9935 38.6411 86.6958 0.9791942 Fc1ccc(N=Nc2cccc(F)c2CNc2ccc(-c3ncccn3)cc2)cc1 1 c1ccc(N=Nc2ccccc2CNc2ccc(-c3ncccn3)cc2)cc1 0.9791942 2.4910 1.0000000 1.0000 1.0000000 1.0000 []
 | 19.8353 51.4884 73.5181 0.9766137 Fc1cccc(N=Nc2ccc(F)c(-c3ccc(Br)cc3CNC3CCCC3)c2)c1 1 c1ccc(N=Nc2cccc(-c3ccccc3CNC3CCCC3)c2)cc1 0.9766137 2.5689 1.0000000 1.0000 1.0000000 1.0000 []
 | 17.0324 44.5641 81.5070 0.9849303 Fc1ccc(N=Nc2ccccc2)cc1-c1cccc(-c2ccc3ccccc3n2)c1 1 c1ccc(N=Nc2cccc(-c3cccc(-c4ccc5ccccc5n4)c3)c2)cc1 0.9849303 2.2770 1.0000000 1.0000 1.0000000 1.0000 []
 | 14.4281 44.0561 82.0059 0.9848595 c1ccc(N=Nc2ccccc2NCc2cccc3[nH]ccc23)cc1 1 c1ccc(N=Nc2ccccc2NCc2cccc3[nH]ccc23)cc1 0.9848595 2.2802 1.0000000 1.0000 1.0000000 1.0000 []
 | 11.7934 41.0222 83.8916 0.9758893 O=C(NCCCN1CCN(C(=O)c2ccc(N=Nc3cccnc3)cc2)CC1)c1cc2ccccc2cc1O 1 O=C(NCCCN1CCN(C(=O)c2ccc(N=Nc3cccnc3)cc2)CC1)c1ccc2ccccc2c1 0.9758893 2.5892 1.0000000 1.0000 1.0000000 1.0000 []
 | 16.4493 45.8560 80.2870 0.9854918 O=C(CCc1nc(-c2ccc(F)cc2)no1)Nc1ccc(N=Nc2ccccc2)cc1 1 O=C(CCc1nc(-c2ccccc2)no1)Nc1ccc(N=Nc2ccccc2)cc1 0.9854918 2.2519 1.0000000 1.0000 1.0000000 1.0000 []
 | 15.4392 53.7289 71.5266 0.9785587 FC(F)(F)c1cccc(N=Nc2ccc(CNC3CCN(CCOCc4ccccc4)CC3)cc2)c1 1 c1ccc(COCCN2CCC(NCc3ccc(N=Nc4ccccc4)cc3)CC2)cc1 0.9785587 2.5110 1.0000000 1.0000 1.0000000 1.0000 []
 | 20.5169 40.7880 82.9870 0.9669927 FC(F)(F)c1cccc(N=Nc2ccc(NCc3ccc4cccnc4n3)cc2)n1 1 c1ccc(N=Nc2ccc(NCc3ccc4cccnc4n3)cc2)nc1 0.9669927 2.7998 1.0000000 1.0000 1.0000000 1.0000 []
 | 9.8706 24.4572 100.0945 0.9730604 O=C(c1ccc(N=Nc2ccc(O)cc2)cc1)N1CCN(CCNC(=O)C2(F)CC2)CC1 1 O=C(NCCN1CCN(C(=O)c2ccc(N=Nc3ccccc3)cc2)CC1)C1CC1 0.9730604 2.6634 1.0000000 1.0000 1.0000000 1.0000 []
04:24:58 <INFO> Score: 0.85 Agent NLL: 13.57 Valid: 100% Step: 358
 | Agent Prior Target Score SMILES SMILES_state Scaffold SA SA (raw) Alerts Alerts (raw) PS_Scaffold PS_Scaffold (raw) matchting_patterns (Alerts)
 | 14.6623 36.9718 -36.9718 0.0000000 O=C(c1ccc(N=Nc2cccc(F)c2)cc1)N1CCC(C(=O)N(CCO)CCCO)C1 1 O=C(c1ccc(N=Nc2ccccc2)cc1)N1CCCC1 0.9530893 3.0382 1.0000000 1.0000 1.0000000 1.0000 []
 | 12.2148 41.9539 82.1778 0.9697789 Fc1ccc(N=Nc2cccs2)cc1N1CCN(CCCN2CCOCC2)CC1 1 c1cc(N=Nc2cccs2)cc(N2CCN(CCCN3CCOCC3)CC2)c1 0.9697789 2.7405 1.0000000 1.0000 1.0000000 1.0000 []
 | 16.6876 43.4297 75.2762 0.9273893 O=C(CC1COCCN1C(=O)c1ccccc1N=Nc1ccncc1)N(Cc1ccco1)c1ccccc1 1 O=C(CC1COCCN1C(=O)c1ccccc1N=Nc1ccncc1)N(Cc1ccco1)c1ccccc1 0.9273893 3.3406 1.0000000 1.0000 1.0000000 1.0000 []
 | 11.8509 34.3611 88.6182 0.9607758 O=C(c1ccc(N=Nc2cccc(O)c2)cc1)N1CC(F)(C(=O)N(Cc2ccco2)c2ccccc2)C1 1 O=C(c1ccc(N=Nc2ccccc2)cc1)N1CC(C(=O)N(Cc2ccco2)c2ccccc2)C1 0.9607758 2.9164 1.0000000 1.0000 1.0000000 1.0000 []
 | 14.1396 29.7811 89.0106 0.9280597 O=C(c1ccc(N=Nc2cccc(O)c2)cc1)N1CCCC(CCNC(=O)C2(O)CCOCC2)C1 1 O=C(NCCC1CCCN(C(=O)c2ccc(N=Nc3ccccc3)cc2)C1)C1CCOCC1 0.9280597 3.3341 1.0000000 1.0000 1.0000000 1.0000 []
 | 12.2819 43.1872 82.7615 0.9839740 O=C(Nc1ccc(N=Nc2ccc(Cn3cccn3)cc2)cc1)c1ccncc1 1 O=C(Nc1ccc(N=Nc2ccc(Cn3cccn3)cc2)cc1)c1ccncc1 0.9839740 2.3178 1.0000000 1.0000 1.0000000 1.0000 []
 | 12.8870 42.6232 82.9474 0.9810199 Oc1ccccc1N1CCN(Cc2cc(N=Nc3cccc4ccccc34)ccc2F)CC1 1 c1ccc(N2CCN(Cc3cccc(N=Nc4cccc5ccccc45)c3)CC2)cc1 0.9810199 2.4299 1.0000000 1.0000 1.0000000 1.0000 []
 | 16.0610 48.4481 76.1844 0.9736912 OCc1ccccc1N=Nc1cccc(CNCc2cccnc2CO)c1 1 c1ccc(N=Nc2cccc(CNCc3cccnc3)c2)cc1 0.9736912 2.6475 1.0000000 1.0000 1.0000000 1.0000 []
 | 14.9605 34.0660 91.7194 0.9826981 O=C(c1ccccc1N=Nc1ccc(O)cc1)N(Cc1ccccc1)Cc1ccccn1 1 O=C(c1ccccc1N=Nc1ccccc1)N(Cc1ccccc1)Cc1ccccn1 0.9826981 2.3685 1.0000000 1.0000 1.0000000 1.0000 []
 | 10.0566 35.3591 90.6056 0.9840994 Cc1ccc(N=Nc2ccc(C)c(NC(=O)c3ccco3)c2)cc1C 1 O=C(Nc1cccc(N=Nc2ccccc2)c1)c1ccco1 0.9840994 2.3126 1.0000000 1.0000 1.0000000 1.0000 []
04:25:56 <INFO> Score: 0.77 Agent NLL: 13.66 Valid: 100% Step: 359
 | Agent Prior Target Score SMILES SMILES_state Scaffold SA SA (raw) Alerts Alerts (raw) PS_Scaffold PS_Scaffold (raw) matchting_patterns (Alerts)
 | 12.3167 42.0103 81.7395 0.9667956 O=C1CC(NCc2ccc(N=Nc3ccc(-c4ccccc4)cc3)cc2)CCN1 1 O=C1CC(NCc2ccc(N=Nc3ccc(-c4ccccc4)cc3)cc2)CCN1 0.9667956 2.8038 1.0000000 1.0000 1.0000000 1.0000 []
 | 10.6065 31.2414 92.7016 0.9683050 O=C(C1=CCN(C(=O)c2ccc(N=Nc3ccc(O)cc3)cc2)CC1)N1CCN(CCN2CCCC2)CC1 1 O=C(C1=CCN(C(=O)c2ccc(N=Nc3ccccc3)cc2)CC1)N1CCN(CCN2CCCC2)CC1 0.9683050 2.7725 1.0000000 1.0000 1.0000000 1.0000 []
 | 11.9466 26.3198 99.5902 0.9836720 Cc1ccc(N=Nc2ccccc2CN2CCOCC2)cc1C 1 c1ccc(N=Nc2ccccc2CN2CCOCC2)cc1 0.9836720 2.3301 1.0000000 1.0000 1.0000000 1.0000 []
 | 9.8941 46.7888 78.5691 0.9793587 O=C(NCc1cc(N=Nc2cccc(CO)n2)ccc1F)c1ccccc1 1 O=C(NCc1cccc(N=Nc2ccccn2)c1)c1ccccc1 0.9793587 2.4857 1.0000000 1.0000 1.0000000 1.0000 []
 | 14.7133 28.1783 96.7467 0.9759765 O=C(c1ccc(N=Nc2ccccc2)cc1)N1CCN(CCNC(=O)C2(O)CCCCC2)CC1 1 O=C(NCCN1CCN(C(=O)c2ccc(N=Nc3ccccc3)cc2)CC1)C1CCCCC1 0.9759765 2.5868 1.0000000 1.0000 1.0000000 1.0000 []
 | 20.7831 48.1680 75.9768 0.9698817 O=C(Nc1ccc(N=Nc2ccc(-c3cccs3)nc2)cc1)n1cccn1 1 O=C(Nc1ccc(N=Nc2ccc(-c3cccs3)nc2)cc1)n1cccn1 0.9698817 2.7382 1.0000000 1.0000 1.0000000 1.0000 []
 | 14.6687 25.3017 77.8025 0.8055018 O=C(c1ccc(N=Nc2ccc(O)cc2)cc1)N1CCN(CC(=O)N2C3CCC2COC3)CC1 1 O=C(c1ccc(N=Nc2ccccc2)cc1)N1CCN(CC(=O)N2C3CCC2COC3)CC1 0.8055018 4.0743 1.0000000 1.0000 1.0000000 1.0000 []
 | 12.9053 31.2745 89.4317 0.9430171 O=C(c1ccc(N=Nc2ccccn2)cc1)N1CCC(C(=O)N2CC=CCC2)C1 1 O=C(c1ccc(N=Nc2ccccn2)cc1)N1CCC(C(=O)N2CC=CCC2)C1 0.9430171 3.1718 1.0000000 1.0000 1.0000000 1.0000 []
 | 14.5168 32.0646 92.4379 0.9726757 O=C(c1ccc(N=Nc2ccccn2)cc1)N1CCN(CCCNC(=O)C2(O)CC2)CC1 1 O=C(NCCCN1CCN(C(=O)c2ccc(N=Nc3ccccn3)cc2)CC1)C1CC1 0.9726757 2.6729 1.0000000 1.0000 1.0000000 1.0000 []
 | 14.5306 46.9346 78.3081 0.9784588 Fc1ccc(N=Nc2cccc(CNCc3coc(Cc4ccccc4)n3)c2)cc1 1 c1ccc(Cc2nc(CNCc3cccc(N=Nc4ccccc4)c3)co2)cc1 0.9784588 2.5141 1.0000000 1.0000 1.0000000 1.0000 []
04:25:57 <INFO> Sampled SMILES [nH]1c(O)cccc1N=Nc1cccnc1OCc1ccccc1 failed to sanitize.
04:25:58 <INFO> Score: 0.81 Agent NLL: 14.10 Valid:  98% Step: 360
 | Agent Prior Target Score SMILES SMILES_state Scaffold SA SA (raw) Alerts Alerts (raw) PS_Scaffold PS_Scaffold (raw) matchting_patterns (Alerts)
 | 11.0082 42.6549 -42.6549 0.0000000 O=C(NCc1cc(N=Nc2ccccc2)ccc1F)Nc1ccccc1 1 O=C(NCc1cccc(N=Nc2ccccc2)c1)Nc1ccccc1 0.9882671 2.1118 1.0000000 1.0000 1.0000000 1.0000 []
 | 13.3679 39.8840 71.1365 0.8673477 O=C(C1CN(C(=O)c2ccc(N=Nc3cccc(O)c3)cc2)C2(CCC2)C1)N1CCCN(Cc2ccccc2)CC1 1 O=C(C1CN(C(=O)c2ccc(N=Nc3ccccc3)cc2)C2(CCC2)C1)N1CCCN(Cc2ccccc2)CC1 0.8673477 3.7768 1.0000000 1.0000 1.0000000 1.0000 []
 | 11.2496 31.4618 92.4730 0.9682412 O=C(NCCNC(=O)C1(F)CCN(C(=O)c2ccc(N=Nc3ccccn3)cc2)CC1)c1ccccc1 1 O=C(NCCNC(=O)C1CCN(C(=O)c2ccc(N=Nc3ccccn3)cc2)CC1)c1ccccc1 0.9682412 2.7738 1.0000000 1.0000 1.0000000 1.0000 []
 | 12.8839 28.6534 92.3648 0.9454546 O=C(c1ccc(N=Nc2ccc(O)cc2)cc1)N1CCOC(CNC(=O)C2(c3ccc(Cl)cc3)CC2)C1 1 O=C(c1ccc(N=Nc2ccccc2)cc1)N1CCOC(CNC(=O)C2(c3ccccc3)CC2)C1 0.9454546 3.1417 1.0000000 1.0000 1.0000000 1.0000 []
 | 11.3390 25.9563 99.6570 0.9813538 O=C(CN1CCN(C(=O)c2ccc(N=Nc3ccccc3)cc2)CC1)N(CCCO)Cc1ccccc1 1 O=C(CN1CCN(C(=O)c2ccc(N=Nc3ccccc3)cc2)CC1)NCc1ccccc1 0.9813538 2.4181 1.0000000 1.0000 1.0000000 1.0000 []
 | 10.6677 26.9591 97.1602 0.9696827 O=C(C1=CCN(C(=O)c2ccc(N=Nc3ccc(O)cc3)cc2)C1)N1CCN(c2ccc(F)cc2)CC1 1 O=C(C1=CCN(C(=O)c2ccc(N=Nc3ccccc3)cc2)C1)N1CCN(c2ccccc2)CC1 0.9696827 2.7426 1.0000000 1.0000 1.0000000 1.0000 []
 | 13.4468 24.4189 95.5481 0.9372422 O=C(c1ccc(N=Nc2ccccc2)cc1)N1CC(CNC(=O)C2(c3ccccc3)CC2(F)F)C1 1 O=C(c1ccc(N=Nc2ccccc2)cc1)N1CC(CNC(=O)C2(c3ccccc3)CC2)C1 0.9372422 3.2387 1.0000000 1.0000 1.0000000 1.0000 []
 | 22.4284 59.1157 -59.1157 0.0000000 [nH]1c(O)cccc1N=Nc1cccnc1OCc1ccccc1 0 -- 0.0000000 0.0000 0.0000000 0.0000 0.0000000 0.0000 None
 | 9.6685 24.5554 -24.5554 0.0000000 O=C(c1ccc(N=Nc2ccccc2)cc1)N1CCN(CCNC(=O)C2(F)CCCCC2)CC1 1 O=C(NCCN1CCN(C(=O)c2ccc(N=Nc3ccccc3)cc2)CC1)C1CCCCC1 0.9724158 2.6792 1.0000000 1.0000 1.0000000 1.0000 []
 | 13.1902 32.9276 72.5893 0.8243511 O=C(c1ccc(N=Nc2cccnc2)cc1)N1CCC(F)(C(=O)N2CC(O)CC2CO)C1 1 O=C(c1ccc(N=Nc2cccnc2)cc1)N1CCC(C(=O)N2CCCC2)C1 0.8243511 3.9928 1.0000000 1.0000 1.0000000 1.0000 []
04:25:59 <INFO> Sampled SMILES c1cc(N=Nc2ccc(=O)nc2)ccc1-c1ccnc(CN2CCN(CCNC(=O)OCc3ccccc3)CC2)c1 failed to sanitize.
04:25:59 <INFO> Sampled SMILES c1cc(N=Nc2ccccc2)ccc1-c1cc(CN2CCCC(CO)C2)cc1 failed to sanitize.
04:26:00 <INFO> Score: 0.77 Agent NLL: 14.24 Valid:  96% Step: 361
 | Agent Prior Target Score SMILES SMILES_state Scaffold SA SA (raw) Alerts Alerts (raw) PS_Scaffold PS_Scaffold (raw) matchting_patterns (Alerts)
 | 10.1650 44.0757 82.4972 0.9888501 O=C(Nc1ccc(N=Nc2ccc(-c3ccccc3)cc2)cc1)c1ccco1 1 O=C(Nc1ccc(N=Nc2ccc(-c3ccccc3)cc2)cc1)c1ccco1 0.9888501 2.0782 1.0000000 1.0000 1.0000000 1.0000 []
 | 12.8198 33.7345 90.2697 0.9687831 O=C(c1ccc(N=Nc2cccnc2)cc1)N1CC(NC(=O)C2(c3ccc([N+](=O)[O-])cc3)CC2)C1 1 O=C(c1ccc(N=Nc2cccnc2)cc1)N1CC(NC(=O)C2(c3ccccc3)CC2)C1 0.9687831 2.7622 1.0000000 1.0000 1.0000000 1.0000 []
 | 24.1884 82.6496 -82.6496 0.0000000 c1cc(N=Nc2ccc(=O)nc2)ccc1-c1ccnc(CN2CCN(CCNC(=O)OCc3ccccc3)CC2)c1 0 -- 0.0000000 0.0000 0.0000000 0.0000 0.0000000 0.0000 None
 | 9.8754 34.6523 -34.6523 0.0000000 c1ccc(N=Nc2cccc(-c3cccc(CN4CCNCC4)c3)c2)cc1 1 c1ccc(N=Nc2cccc(-c3cccc(CN4CCNCC4)c3)c2)cc1 0.9854563 2.2536 1.0000000 1.0000 1.0000000 1.0000 []
 | 13.0806 38.0248 85.7887 0.9672928 Fc1ccc(N=Nc2cccc(F)c2CNc2cccc(-c3nnn[nH]3)c2)cc1 1 c1ccc(N=Nc2ccccc2CNc2cccc(-c3nnn[nH]3)c2)cc1 0.9672928 2.7936 1.0000000 1.0000 1.0000000 1.0000 []
 | 10.3545 23.4989 86.0357 0.8557393 O=C(c1ccc(N=Nc2ccc(O)cc2)cc1)N1CC(F)(C(=O)NC2C=CN=N2)C1 1 O=C(NC1C=CN=N1)C1CN(C(=O)c2ccc(N=Nc3ccccc3)cc2)C1 0.8557393 3.8402 1.0000000 1.0000 1.0000000 1.0000 []
 | 22.4066 63.5164 60.8844 0.9718810 O=C(NCCN1CCN(c2cccc(N=Nc3csc(-c4ccccc4)n3)c2)CC1)OCc1ccccc1 1 O=C(NCCN1CCN(c2cccc(N=Nc3csc(-c4ccccc4)n3)c2)CC1)OCc1ccccc1 0.9718810 2.6921 1.0000000 1.0000 1.0000000 1.0000 []
 | 9.2785 27.7823 -27.7823 0.0000000 O=C(c1ccc(N=Nc2cccc(O)c2)cc1)N1CCC(CO)(CCO)C1 1 O=C(c1ccc(N=Nc2ccccc2)cc1)N1CCCC1 0.9436663 3.1639 1.0000000 1.0000 1.0000000 1.0000 []
 | 14.3979 36.1795 89.7194 0.9835847 c1ccc(N=Nc2ccc(Nc3ccc4ncccc4c3)cc2)nc1 1 c1ccc(N=Nc2ccc(Nc3ccc4ncccc4c3)cc2)nc1 0.9835847 2.3337 1.0000000 1.0000 1.0000000 1.0000 []
 | 9.7476 24.4572 -24.4572 0.0000000 O=C(c1ccc(N=Nc2ccc(O)cc2)cc1)N1CCN(CCNC(=O)C2(F)CC2)CC1 1 O=C(NCCN1CCN(C(=O)c2ccc(N=Nc3ccccc3)cc2)CC1)C1CC1 0.9730604 2.6634 1.0000000 1.0000 1.0000000 1.0000 []
04:26:04 <INFO> Score: 0.88 Agent NLL: 13.48 Valid: 100% Step: 362
 | Agent Prior Target Score SMILES SMILES_state Scaffold SA SA (raw) Alerts Alerts (raw) PS_Scaffold PS_Scaffold (raw) matchting_patterns (Alerts)
 | 19.7914 68.0429 58.2386 0.9865738 O=C(CCCCC(=O)c1ccc(N=Nc2ccc(Oc3ccccc3)cc2)cc1)c1ccccc1 1 O=C(CCCCC(=O)c1ccc(N=Nc2ccc(Oc3ccccc3)cc2)cc1)c1ccccc1 0.9865738 2.2007 1.0000000 1.0000 1.0000000 1.0000 []
 | 7.7362 43.3442 -43.3442 0.0000000 c1ccc(N=Nc2ccc(Nc3ccc(-c4ccccc4)cc3)cc2)cc1 1 c1ccc(N=Nc2ccc(Nc3ccc(-c4ccccc4)cc3)cc2)cc1 0.9925902 1.8096 1.0000000 1.0000 1.0000000 1.0000 []
 | 16.2891 35.7167 86.2006 0.9524789 O=C(NC1COCCN(C(=O)c2ccc(N=Nc3ccc(O)cc3)cc2)C1)c1cccc(CN2CCCC2)c1 1 O=C(NC1COCCN(C(=O)c2ccc(N=Nc3ccccc3)cc2)C1)c1cccc(CN2CCCC2)c1 0.9524789 3.0470 1.0000000 1.0000 1.0000000 1.0000 []
 | 15.1824 36.5187 89.2157 0.9822999 c1ccc(-c2ccc(N=Nc3cccc(NCc4ccn[nH]4)c3)cc2)cc1 1 c1ccc(-c2ccc(N=Nc3cccc(NCc4ccn[nH]4)c3)cc2)cc1 0.9822999 2.3836 1.0000000 1.0000 1.0000000 1.0000 []
 | 11.4568 33.4331 90.4350 0.9677199 O=C(c1ccc(N=Nc2cccnc2)cc1)N1CC(NC(=O)C2(c3ccc(C(F)(F)F)cc3)CC2)C1 1 O=C(c1ccc(N=Nc2cccnc2)cc1)N1CC(NC(=O)C2(c3ccccc3)CC2)C1 0.9677199 2.7848 1.0000000 1.0000 1.0000000 1.0000 []
 | 13.6250 47.1151 79.1521 0.9864619 c1ccc(N=Nc2ccccc2NCc2ccc(-c3ccco3)cc2)cc1 1 c1ccc(N=Nc2ccccc2NCc2ccc(-c3ccco3)cc2)cc1 0.9864619 2.2062 1.0000000 1.0000 1.0000000 1.0000 []
 | 12.7830 33.0671 88.6832 0.9511740 O=C(c1ccc(N=Nc2cccnc2)cc1)N1CCC(F)(C(=O)NCc2cnoc2)CC1 1 O=C(NCc1cnoc1)C1CCN(C(=O)c2ccc(N=Nc3cccnc3)cc2)CC1 0.9511740 3.0656 1.0000000 1.0000 1.0000000 1.0000 []
 | 12.9536 24.3376 94.4325 0.9278916 O=C(c1ccc(N=Nc2ccccc2)cc1)N1CC2C(C1)C2C(=O)N(CCO)Cc1ccccc1 1 O=C(NCc1ccccc1)C1C2CN(C(=O)c3ccc(N=Nc4ccccc4)cc3)CC21 0.9278916 3.3357 1.0000000 1.0000 1.0000000 1.0000 []
 | 10.9657 32.7109 90.2818 0.9608809 O=C(CN1CCN(C(=O)c2ccc(N=Nc3ccc(O)cc3)cc2)CC1)N1CCCC(c2ccccc2)CC1 1 O=C(CN1CCN(C(=O)c2ccc(N=Nc3ccccc3)cc2)CC1)N1CCCC(c2ccccc2)CC1 0.9608809 2.9146 1.0000000 1.0000 1.0000000 1.0000 []
 | 12.8401 47.4274 77.1823 0.9735132 O=C(NCCCN1CCN(C(=O)c2ccc(N=Nc3cccc(O)c3)cc2)CC1)C1CCN(c2ccccn2)CC1 1 O=C(NCCCN1CCN(C(=O)c2ccc(N=Nc3ccccc3)cc2)CC1)C1CCN(c2ccccn2)CC1 0.9735132 2.6520 1.0000000 1.0000 1.0000000 1.0000 []
04:26:07 <INFO> Score: 0.83 Agent NLL: 13.63 Valid: 100% Step: 363
 | Agent Prior Target Score SMILES SMILES_state Scaffold SA SA (raw) Alerts Alerts (raw) PS_Scaffold PS_Scaffold (raw) matchting_patterns (Alerts)
 | 12.1186 39.0784 87.6397 0.9899850 O=C(NCc1ccc(NN=Cc2ccccc2F)cc1)C1CCCC1 1 O=C(NCc1ccc(NN=Cc2ccccc2)cc1)C1CCCC1 0.9899850 2.0075 1.0000000 1.0000 1.0000000 1.0000 []
 | 10.2429 41.7148 -41.7148 0.0000000 O=C(Nc1ccccc1)c1cc(N=Nc2cccc(CO)n2)ccc1F 1 O=C(Nc1ccccc1)c1cccc(N=Nc2ccccn2)c1 0.9807605 2.4389 1.0000000 1.0000 1.0000000 1.0000 []
 | 14.2460 37.9184 -37.9184 0.0000000 Clc1cccc(-c2ccc(N=Nc3ccccc3)nc2)c1 1 c1ccc(N=Nc2ccc(-c3ccccc3)cn2)cc1 0.9865727 2.2008 1.0000000 1.0000 1.0000000 1.0000 []
 | 11.8692 34.9213 91.1678 0.9850710 c1ccc(-c2cccc(N=Nc3cccc(-n4cccn4)c3)c2)cc1 1 c1ccc(-c2cccc(N=Nc3cccc(-n4cccn4)c3)c2)cc1 0.9850710 2.2708 1.0000000 1.0000 1.0000000 1.0000 []
 | 15.3150 30.7286 95.8607 0.9889785 C(=NNC1CCCCCC1)c1ccccc1 1 C(=NNC1CCCCCC1)c1ccccc1 0.9889785 2.0706 1.0000000 1.0000 1.0000000 1.0000 []
 | 12.6459 36.1153 80.7378 0.9129146 O=C(C1=CCN(C(=O)c2ccc(N=Nc3cccnc3)cc2)CC1)N(Cc1ccsc1)CC1CCCO1 1 O=C(C1=CCN(C(=O)c2ccc(N=Nc3cccnc3)cc2)CC1)N(Cc1ccsc1)CC1CCCO1 0.9129146 3.4693 1.0000000 1.0000 1.0000000 1.0000 []
 | 17.7171 41.8628 74.6377 0.9101606 O=C(c1ccccc1N=Nc1ccccc1)N1CCN(C(C(=O)N2CCSCC2c2ccccc2)c2ccccc2)CC1 1 O=C(c1ccccc1N=Nc1ccccc1)N1CCN(C(C(=O)N2CCSCC2c2ccccc2)c2ccccc2)CC1 0.9101606 3.4915 1.0000000 1.0000 1.0000000 1.0000 []
 | 12.5058 34.0289 89.9405 0.9685106 O=C(C1=CCN(C(=O)c2ccc(N=Nc3cccnc3)cc2)C1)N1CCC1 1 O=C(C1=CCN(C(=O)c2ccc(N=Nc3cccnc3)cc2)C1)N1CCC1 0.9685106 2.7681 1.0000000 1.0000 1.0000000 1.0000 []
 | 12.2708 34.4044 90.2656 0.9739848 O=C(COC1CN(C(=O)c2ccc(N=Nc3ccc(O)cc3)cc2)C1)N1CCCN(CCc2ccccc2)CC1 1 O=C(COC1CN(C(=O)c2ccc(N=Nc3ccccc3)cc2)C1)N1CCCN(CCc2ccccc2)CC1 0.9739848 2.6400 1.0000000 1.0000 1.0000000 1.0000 []
 | 9.5380 24.1902 98.8840 0.9615174 O=C(c1ccc(N=Nc2ccc(O)cc2)cc1)N1CC(NC(=O)C2(c3cccs3)CCOCC2)C1 1 O=C(c1ccc(N=Nc2ccccc2)cc1)N1CC(NC(=O)C2(c3cccs3)CCOCC2)C1 0.9615174 2.9035 1.0000000 1.0000 1.0000000 1.0000 []
04:26:07 <INFO> Sampled SMILES c1ccccc1N=Nc1ccc2c(c1)OCO2Cc1ccccc1 failed to sanitize.
04:26:51 <INFO> Score: 0.83 Agent NLL: 12.88 Valid:  99% Step: 364
 | Agent Prior Target Score SMILES SMILES_state Scaffold SA SA (raw) Alerts Alerts (raw) PS_Scaffold PS_Scaffold (raw) matchting_patterns (Alerts)
 | 16.0356 33.6510 80.1867 0.8893564 O=C(c1ccc(N=Nc2cccnc2)cc1)N1CCCC2(C1)CC(O)(C(=O)NCCc1ncc[nH]1)C2 1 O=C(NCCc1ncc[nH]1)C1CC2(CCCN(C(=O)c3ccc(N=Nc4cccnc4)cc3)C2)C1 0.8893564 3.6423 1.0000000 1.0000 1.0000000 1.0000 []
 | 15.2345 38.1317 86.9937 0.9775418 O=C1COc2cc(NCc3cc(N=Nc4ccccc4)ccc3F)ccc2N1 1 O=C1COc2cc(NCc3cccc(N=Nc4ccccc4)c3)ccc2N1 0.9775418 2.5419 1.0000000 1.0000 1.0000000 1.0000 []
 | 10.3015 34.8025 88.7771 0.9654654 O=C(c1ccc(N=Nc2cccnc2)cc1)N1CCC(F)(C(=O)Nc2ccc3cccnc3c2)CC1 1 O=C(Nc1ccc2cccnc2c1)C1CCN(C(=O)c2ccc(N=Nc3cccnc3)cc2)CC1 0.9654654 2.8303 1.0000000 1.0000 1.0000000 1.0000 []
 | 13.1145 42.0431 83.1071 0.9777360 c1cncc(N=Nc2cccc(-c3cccc(NC4CCNCC4)c3)c2)c1 1 c1cncc(N=Nc2cccc(-c3cccc(NC4CCNCC4)c3)c2)c1 0.9777360 2.5361 1.0000000 1.0000 1.0000000 1.0000 []
 | 15.8252 58.7611 66.5120 0.9786958 c1ccc(CN2CCCOc3cc(Cc4ccc(N=Nc5cccnc5)cc4)ccc32)cc1 1 c1ccc(CN2CCCOc3cc(Cc4ccc(N=Nc5cccnc5)cc4)ccc32)cc1 0.9786958 2.5067 1.0000000 1.0000 1.0000000 1.0000 []
 | 10.9405 49.0993 77.3756 0.9880854 O=C(Cc1ccccc1)NCc1ccccc1Oc1ccc(N=Nc2ccccc2)cc1 1 O=C(Cc1ccccc1)NCc1ccccc1Oc1ccc(N=Nc2ccccc2)cc1 0.9880854 2.1219 1.0000000 1.0000 1.0000000 1.0000 []
 | 13.4167 31.5979 90.3045 0.9523629 O=C(c1ccc(N=Nc2ccccn2)cc1)N1CC(F)(C(=O)NCC2(c3cccc(F)c3)CCC2)C1 1 O=C(NCC1(c2ccccc2)CCC1)C1CN(C(=O)c2ccc(N=Nc3ccccn3)cc2)C1 0.9523629 3.0487 1.0000000 1.0000 1.0000000 1.0000 []
 | 15.7617 38.1699 82.6877 0.9441996 O=C(c1ccc(N=Nc2ccc(CO)o2)cc1)N1CC(F)(C(=O)Nc2cc(O)ccc2F)C1 1 O=C(Nc1ccccc1)C1CN(C(=O)c2ccc(N=Nc3ccco3)cc2)C1 0.9441996 3.1574 1.0000000 1.0000 1.0000000 1.0000 []
 | 8.4665 46.4627 -46.4627 0.0000000 OCc1cccc(N=Nc2cccc(-c3ccc(-c4ccccc4)cc3)c2)n1 1 c1ccc(-c2ccc(-c3cccc(N=Nc4ccccn4)c3)cc2)cc1 0.9834930 2.3373 1.0000000 1.0000 1.0000000 1.0000 []
 | 13.0725 33.4430 81.3258 0.8966311 O=C(c1ccc(N=Nc2cccnc2)cc1)N1CC2C(C1)C2C(=O)N1CCc2cccc(F)c2C1 1 O=C(c1ccc(N=Nc2cccnc2)cc1)N1CC2C(C1)C2C(=O)N1CCc2ccccc2C1 0.8966311 3.5927 1.0000000 1.0000 1.0000000 1.0000 []
04:26:52 <INFO> Sampled SMILES O=C(c1ccc(-c2ccc(N=c3ccc(OCc4ccccc4)cc3)cc2)cc1)N1CCN(CCCNC(=O)C2COCCO2)CC1 failed to sanitize.
04:26:53 <INFO> Score: 0.79 Agent NLL: 13.44 Valid:  98% Step: 365
 | Agent Prior Target Score SMILES SMILES_state Scaffold SA SA (raw) Alerts Alerts (raw) PS_Scaffold PS_Scaffold (raw) matchting_patterns (Alerts)
 | 17.7535 49.2841 75.8216 0.9773885 OCc1cccc(N=Nc2ccc(CNc3ccc(-c4cccs4)cc3)cc2)n1 1 c1ccc(N=Nc2ccc(CNc3ccc(-c4cccs4)cc3)cc2)nc1 0.9773885 2.5464 1.0000000 1.0000 1.0000000 1.0000 []
 | 14.3980 55.5577 66.9368 0.9569878 c1cc(N=Nc2cccs2)cc(-c2cccc(N=NC3CCC3)c2)c1 1 c1cc(N=Nc2cccs2)cc(-c2cccc(N=NC3CCC3)c2)c1 0.9569878 2.9790 1.0000000 1.0000 1.0000000 1.0000 []
 | 16.1456 40.9709 71.9459 0.8821623 O=C(c1ccc(N=Nc2ccccn2)cc1)N1CC2C(C1)C2NC(=O)C1(c2ccncc2)CC1 1 O=C(c1ccc(N=Nc2ccccn2)cc1)N1CC2C(C1)C2NC(=O)C1(c2ccncc2)CC1 0.8821623 3.6886 1.0000000 1.0000 1.0000000 1.0000 []
 | 14.9575 35.4907 -35.4907 0.0000000 O=C(NCC1CCN(C(=O)c2ccc(N=Nc3cccc(O)c3)cc2)C1)C(CO)C(F)(F)F 1 O=C(c1ccc(N=Nc2ccccc2)cc1)N1CCCC1 0.9058502 3.5251 1.0000000 1.0000 1.0000000 1.0000 []
 | 15.8708 44.4278 80.9446 0.9794720 Fc1ccc(N=Nc2cccnc2)cc1NNc1ccccc1 1 c1ccc(NNc2cccc(N=Nc3cccnc3)c2)cc1 0.9794720 2.4820 1.0000000 1.0000 1.0000000 1.0000 []
 | 26.3478 67.7579 -67.7579 0.0000000 O=C(c1ccc(-c2ccc(N=c3ccc(OCc4ccccc4)cc3)cc2)cc1)N1CCN(CCCNC(=O)C2COCCO2)CC1 0 -- 0.0000000 0.0000 0.0000000 0.0000 0.0000000 0.0000 None
 | 13.4540 27.1514 96.4554 0.9656778 O=C(c1ccc(N=Nc2ccc(O)cc2)cc1)N1CCc2c(C(=O)N3CCN(CCO)CC3)n[nH]c2C1 1 O=C(c1ccc(N=Nc2ccccc2)cc1)N1CCc2c(C(=O)N3CCNCC3)n[nH]c2C1 0.9656778 2.8261 1.0000000 1.0000 1.0000000 1.0000 []
 | 12.9847 33.4863 83.8986 0.9170693 O=C(c1ccc(N=Nc2cccnc2)cc1)N1CCC(NC(=O)C2(c3ccccc3)CCC2)C(F)(F)C1 1 O=C(c1ccc(N=Nc2cccnc2)cc1)N1CCC(NC(=O)C2(c3ccccc3)CCC2)CC1 0.9170693 3.4345 1.0000000 1.0000 1.0000000 1.0000 []
 | 12.9549 31.2623 87.5510 0.9282290 O=C(NCCCN1CCN(C(=O)c2ccc(N=Nc3ccc(O)cc3)cc2)CC1)C1CC1c1cccnc1 1 O=C(NCCCN1CCN(C(=O)c2ccc(N=Nc3ccccc3)cc2)CC1)C1CC1c1cccnc1 0.9282290 3.3324 1.0000000 1.0000 1.0000000 1.0000 []
 | 13.4445 37.4590 82.4513 0.9367990 O=C(c1ccc(N=Nc2ccc(O)cc2)cc1)N1CCC(O)(C(=O)NC(c2ccccc2)c2ccccn2)CC1 1 O=C(NC(c1ccccc1)c1ccccn1)C1CCN(C(=O)c2ccc(N=Nc3ccccc3)cc2)CC1 0.9367990 3.2436 1.0000000 1.0000 1.0000000 1.0000 []
04:26:55 <INFO> Score: 0.82 Agent NLL: 13.76 Valid:  99% Step: 366
 | Agent Prior Target Score SMILES SMILES_state Scaffold SA SA (raw) Alerts Alerts (raw) PS_Scaffold PS_Scaffold (raw) matchting_patterns (Alerts)
 | 19.2261 64.7924 60.1784 0.9763349 O=C1CCCN1c1ccc(CNCc2cccc(N=Nc3ccc(OCCc4ccccn4)cc3)c2)cc1 1 O=C1CCCN1c1ccc(CNCc2cccc(N=Nc3ccc(OCCc4ccccn4)cc3)c2)cc1 0.9763349 2.5768 1.0000000 1.0000 1.0000000 1.0000 []
 | 14.0867 32.3002 87.2172 0.9337292 O=C(CC1CC2(C1)CN(C(=O)c1ccc(N=Nc3ccccc3)cc1)C2)N1CC(Oc2ccccc2F)C1 1 O=C(CC1CC2(C1)CN(C(=O)c1ccc(N=Nc3ccccc3)cc1)C2)N1CC(Oc2ccccc2)C1 0.9337292 3.2767 1.0000000 1.0000 1.0000000 1.0000 []
 | 8.4478 40.6303 86.2000 0.9908617 O=C(CCc1ccc(NN=Cc2ccccc2Br)cc1)Nc1ccccc1 1 O=C(CCc1ccc(NN=Cc2ccccc2)cc1)Nc1ccccc1 0.9908617 1.9473 1.0000000 1.0000 1.0000000 1.0000 []
 | 9.7904 25.1199 95.1737 0.9397938 O=C(c1ccc(N=Nc2ccc(O)cc2)cc1)N1CC(OCC(=O)N2Cc3ccccc3CC2CO)C1 1 O=C(COC1CN(C(=O)c2ccc(N=Nc3ccccc3)cc2)C1)N1CCc2ccccc2C1 0.9397938 3.2099 1.0000000 1.0000 1.0000000 1.0000 []
 | 17.4713 47.2544 78.3577 0.9813445 O=C(c1ccc(N=Nc2cccc(O)c2)cc1)c1ccc(NCCCN2CCCCCC2)cc1 1 O=C(c1ccc(N=Nc2ccccc2)cc1)c1ccc(NCCCN2CCCCCC2)cc1 0.9813445 2.4185 1.0000000 1.0000 1.0000000 1.0000 []
 | 16.1317 50.1104 74.7427 0.9754150 O=C(NCc1cc(N=Nc2cncnc2)ccc1F)c1cccnc1 1 O=C(NCc1cccc(N=Nc2cncnc2)c1)c1cccnc1 0.9754150 2.6022 1.0000000 1.0000 1.0000000 1.0000 []
 | 15.1058 46.3567 79.1967 0.9808862 O=C(NCc1cc(N=Nc2ccc(Br)nc2)ccc1F)c1ccccc1 1 O=C(NCc1cccc(N=Nc2cccnc2)c1)c1ccccc1 0.9808862 2.4346 1.0000000 1.0000 1.0000000 1.0000 []
 | 10.3811 35.9333 87.4575 0.9639904 O=C(C1=CCN(C(=O)c2ccc(N=Nc3cccnc3)cc2)CC1)N1CCCN(Cc2cccs2)CC1 1 O=C(C1=CCN(C(=O)c2ccc(N=Nc3cccnc3)cc2)CC1)N1CCCN(Cc2cccs2)CC1 0.9639904 2.8585 1.0000000 1.0000 1.0000000 1.0000 []
 | 9.3880 44.5973 80.9875 0.9811311 O=C(NCCNCc1cccc(N=Nc2cccs2)c1)c1ccccc1 1 O=C(NCCNCc1cccc(N=Nc2cccs2)c1)c1ccccc1 0.9811311 2.4260 1.0000000 1.0000 1.0000000 1.0000 []
 | 11.8788 34.8629 89.6016 0.9723790 O=C(Nc1cccc(NC(=O)C2(F)CN(C(=O)c3ccc(N=Nc4ccccc4)cc3)C2)c1)C1CCCC1 1 O=C(Nc1cccc(NC(=O)C2CN(C(=O)c3ccc(N=Nc4ccccc4)cc3)C2)c1)C1CCCC1 0.9723790 2.6801 1.0000000 1.0000 1.0000000 1.0000 []
04:26:56 <INFO> Sampled SMILES c1cc(N=Nc2ccc(-c3ccccc3)cc2)ccc1-c1ccn2cccc21 failed to sanitize.
04:26:58 <INFO> Score: 0.78 Agent NLL: 13.19 Valid:  99% Step: 367
 | Agent Prior Target Score SMILES SMILES_state Scaffold SA SA (raw) Alerts Alerts (raw) PS_Scaffold PS_Scaffold (raw) matchting_patterns (Alerts)
 | 11.1922 25.4415 98.5927 0.9690168 O=C(c1ccc(N=Nc2ccc(O)cc2)cc1)N1CCC(F)(C(=O)NCCN2CCC2)CC1 1 O=C(NCCN1CCC1)C1CCN(C(=O)c2ccc(N=Nc3ccccc3)cc2)CC1 0.9690168 2.7572 1.0000000 1.0000 1.0000000 1.0000 []
 | 16.8681 35.6983 85.4242 0.9462699 O=C1NCCCCC1NCc1cc(N=Nc2ccccc2F)ccc1O 1 O=C1NCCCCC1NCc1cccc(N=Nc2ccccc2)c1 0.9462699 3.1313 1.0000000 1.0000 1.0000000 1.0000 []
 | 12.4965 32.2971 90.1545 0.9566528 O=C(C1=CCN(C(=O)c2ccc(N=Nc3ccccn3)cc2)C1)N1CCC(F)CC1 1 O=C(C1=CCN(C(=O)c2ccc(N=Nc3ccccn3)cc2)C1)N1CCCCC1 0.9566528 2.9843 1.0000000 1.0000 1.0000000 1.0000 []
 | 14.9693 31.3170 90.9660 0.9553358 O=C(c1ccc(N=Nc2cccc(O)c2)cc1)N1CCCC(C(=O)N(CCCO)Cc2ccccc2)C1 1 O=C(NCc1ccccc1)C1CCCN(C(=O)c2ccc(N=Nc3ccccc3)cc2)C1 0.9553358 3.0047 1.0000000 1.0000 1.0000000 1.0000 []
 | 11.8153 32.8160 90.1448 0.9606315 O=C(c1ccc(N=Nc2cccnc2)cc1)N1CC(F)(C(=O)N2CCC(c3cccc(O)c3)CC2)C1 1 O=C(c1ccc(N=Nc2cccnc2)cc1)N1CC(C(=O)N2CCC(c3ccccc3)CC2)C1 0.9606315 2.9189 1.0000000 1.0000 1.0000000 1.0000 []
 | 13.3649 48.4049 69.5122 0.9212277 CN(c1ccc(N=Nc2ccco2)cc1)C1CN(C(=O)OCc2ccccc2)CCC1=O 1 O=C1CCN(C(=O)OCc2ccccc2)CC1Nc1ccc(N=Nc2ccco2)cc1 0.9212277 3.3980 1.0000000 1.0000 1.0000000 1.0000 []
 | 13.3906 39.2796 84.7828 0.9692373 O=C(NCCCN1CCN(C(=O)c2ccccc2N=Nc2cccnc2)CC1)c1cccc2c1OCCC2 1 O=C(NCCCN1CCN(C(=O)c2ccccc2N=Nc2cccnc2)CC1)c1cccc2c1OCCC2 0.9692373 2.7524 1.0000000 1.0000 1.0000000 1.0000 []
 | 12.2991 37.2906 88.5532 0.9831542 O=C1CN(Cc2ccc(N=Nc3ccc4ccccc4c3)cc2)CCN1 1 O=C1CN(Cc2ccc(N=Nc3ccc4ccccc4c3)cc2)CCN1 0.9831542 2.3508 1.0000000 1.0000 1.0000000 1.0000 []
 | 10.1354 33.9403 89.7519 0.9663453 O=C(c1ccc(N=Nc2cccnc2)cc1)N1CC(F)(C(=O)Nc2ccc(N3CCOCC3)cc2)C1 1 O=C(Nc1ccc(N2CCOCC2)cc1)C1CN(C(=O)c2ccc(N=Nc3cccnc3)cc2)C1 0.9663453 2.8129 1.0000000 1.0000 1.0000000 1.0000 []
 | 6.1869 28.6203 -28.6203 0.0000000 Fc1ccccc1C=NNc1ccc(Cc2ccccc2)cc1 1 C(=NNc1ccc(Cc2ccccc2)cc1)c1ccccc1 0.9924383 1.8229 1.0000000 1.0000 1.0000000 1.0000 []
04:26:58 <INFO> Sampled SMILES Fc1cccc(N=Nc2ccccc2)n1Nc1ccccc1N1CCOCC1=O failed to sanitize.
04:27:00 <INFO> Score: 0.83 Agent NLL: 13.82 Valid:  98% Step: 368
 | Agent Prior Target Score SMILES SMILES_state Scaffold SA SA (raw) Alerts Alerts (raw) PS_Scaffold PS_Scaffold (raw) matchting_patterns (Alerts)
 | 14.3304 33.7469 86.5844 0.9400878 O=C(C1Cc2ccccc2CN1C(=O)c1ccc(N=Nc2ccccn2)cc1)N1CC(F)C1 1 O=C(C1Cc2ccccc2CN1C(=O)c1ccc(N=Nc2ccccn2)cc1)N1CCC1 0.9400878 3.2065 1.0000000 1.0000 1.0000000 1.0000 []
 | 10.2451 23.4151 98.0690 0.9490945 O=C(c1ccc(N=Nc2ccc(O)cc2)cc1)N1CCC(F)(C(=O)NCCc2ccccc2)C1 1 O=C(NCCc1ccccc1)C1CCN(C(=O)c2ccc(N=Nc3ccccc3)cc2)C1 0.9490945 3.0942 1.0000000 1.0000 1.0000000 1.0000 []
 | 13.6684 60.6153 65.6516 0.9864600 c1ccc(-c2ccc(-c3ccc(N=Nc4nccnc4-c4ccccc4)cc3)cc2)cc1 1 c1ccc(-c2ccc(-c3ccc(N=Nc4nccnc4-c4ccccc4)cc3)cc2)cc1 0.9864600 2.2063 1.0000000 1.0000 1.0000000 1.0000 []
 | 8.5647 47.8245 -47.8245 0.0000000 O=C(CNC(=O)c1ccccc1)Nc1ccc(N=Nc2ccc(-c3ccccc3)cc2)cc1 1 O=C(CNC(=O)c1ccccc1)Nc1ccc(N=Nc2ccc(-c3ccccc3)cc2)cc1 0.9893150 2.0502 1.0000000 1.0000 1.0000000 1.0000 []
 | 13.7464 47.3526 77.2116 0.9731578 O=C1CCCCN1CCNCc1ccc(-c2cccc(N=Nc3cccs3)c2)cc1 1 O=C1CCCCN1CCNCc1ccc(-c2cccc(N=Nc3cccs3)c2)cc1 0.9731578 2.6610 1.0000000 1.0000 1.0000000 1.0000 []
 | 7.8978 42.0449 -42.0449 0.0000000 c1ccc(-c2ccc(-c3cccc(N=Nc4cccnc4)c3)cc2)cc1 1 c1ccc(-c2ccc(-c3cccc(N=Nc4cccnc4)c3)cc2)cc1 0.9885432 2.0961 1.0000000 1.0000 1.0000000 1.0000 []
 | 13.8200 34.7474 88.3089 0.9613771 O=C(c1ccc(N=Nc2cccnc2)cc1)N1CC(F)(C(=O)NCc2ccc3c(c2)CCO3)C1 1 O=C(NCc1ccc2c(c1)CCO2)C1CN(C(=O)c2ccc(N=Nc3cccnc3)cc2)C1 0.9613771 2.9059 1.0000000 1.0000 1.0000000 1.0000 []
 | 18.7309 59.6715 -59.6715 0.0000000 c1ccc(N=Nc2cccnc2)cc1-c1cc[nH]c2ncc1-c1ccccc1 0 -- 0.0000000 0.0000 0.0000000 0.0000 0.0000000 0.0000 None
 | 16.7330 50.3139 70.2109 0.9415999 O=S(c1ccc(-c2ccccc2)cc1)c1ccccc1N=Nc1ccco1 1 O=S(c1ccc(-c2ccccc2)cc1)c1ccccc1N=Nc1ccco1 0.9415999 3.1888 1.0000000 1.0000 1.0000000 1.0000 []
 | 10.1804 26.2792 -26.2792 0.0000000 O=C(COC1CN(C(=O)c2ccc(N=Nc3ccc(O)cc3)cc2)C1)N1CCC(F)(F)CC1 1 O=C(COC1CN(C(=O)c2ccc(N=Nc3ccccc3)cc2)C1)N1CCCCC1 0.9671081 2.7974 1.0000000 1.0000 1.0000000 1.0000 []
04:27:03 <INFO> Score: 0.76 Agent NLL: 13.22 Valid: 100% Step: 369
 | Agent Prior Target Score SMILES SMILES_state Scaffold SA SA (raw) Alerts Alerts (raw) PS_Scaffold PS_Scaffold (raw) matchting_patterns (Alerts)
 | 13.0677 35.7064 90.2861 0.9843171 Fc1cccc(N=Nc2cccc(NC3CCN(c4ccccc4)CC3)c2)c1 1 c1ccc(N=Nc2cccc(NC3CCN(c4ccccc4)CC3)c2)cc1 0.9843171 2.3034 1.0000000 1.0000 1.0000000 1.0000 []
 | 9.3439 34.7422 91.6642 0.9875507 c1ccc(N=Nc2ccc(-c3cccc4ccncc34)cc2)cc1 1 c1ccc(N=Nc2ccc(-c3cccc4ccncc34)cc2)cc1 0.9875507 2.1509 1.0000000 1.0000 1.0000000 1.0000 []
 | 12.6600 38.6404 -38.6404 0.0000000 Cc1c(N=Nc2ccc3c(c2)OCCO3)cccc1C(=O)NCc1ccccc1 1 O=C(NCc1ccccc1)c1cccc(N=Nc2ccc3c(c2)OCCO3)c1 0.9836073 2.3327 1.0000000 1.0000 1.0000000 1.0000 []
 | 10.2344 28.2258 -28.2258 0.0000000 O=C(c1ccc(N=Nc2cccc(O)c2)cc1)N1CCN(Cc2cccs2)CC1 1 O=C(c1ccc(N=Nc2ccccc2)cc1)N1CCN(Cc2cccs2)CC1 0.9826266 2.3712 1.0000000 1.0000 1.0000000 1.0000 []
 | 9.0124 30.0001 94.6936 0.9741693 O=C(c1ccc(N=Nc2ccc(O)cc2)cc1)N1CCN(CCNC(=O)C2(c3ccccc3)CCCC2)CC1 1 O=C(c1ccc(N=Nc2ccccc2)cc1)N1CCN(CCNC(=O)C2(c3ccccc3)CCCC2)CC1 0.9741693 2.6353 1.0000000 1.0000 1.0000000 1.0000 []
 | 11.6653 36.3428 77.2553 0.8874851 O=C1NCCN(C(=O)C2Cc3ccccc3CN2C(=O)c2ccc(N=Nc3cccnc3)cc2)C1CCO 1 O=C1CN(C(=O)C2Cc3ccccc3CN2C(=O)c2ccc(N=Nc3cccnc3)cc2)CCN1 0.8874851 3.6546 1.0000000 1.0000 1.0000000 1.0000 []
 | 19.1594 48.7557 65.8671 0.8954907 O=C1NCC(C(=O)NC2CCCN(C(=O)c3ccc(N=Nc4cccc(OC(F)F)c4)cc3)C2)N1 1 O=C1NCC(C(=O)NC2CCCN(C(=O)c3ccc(N=Nc4ccccc4)cc3)C2)N1 0.8954907 3.6006 1.0000000 1.0000 1.0000000 1.0000 []
 | 13.2582 30.6317 88.5422 0.9310459 O=C(c1ccc(N=Nc2ccc(O)cc2)cc1)N1CCC(F)(C(=O)N2CCOC(Cc3ccccc3)C2)CC1 1 O=C(c1ccc(N=Nc2ccccc2)cc1)N1CCC(C(=O)N2CCOC(Cc3ccccc3)C2)CC1 0.9310459 3.3044 1.0000000 1.0000 1.0000000 1.0000 []
 | 6.0836 38.7351 -38.7351 0.0000000 O=C(CCc1ccc(NN=Cc2ccccc2F)cc1)Nc1ccccc1 1 O=C(CCc1ccc(NN=Cc2ccccc2)cc1)Nc1ccccc1 0.9915380 1.8967 1.0000000 1.0000 1.0000000 1.0000 []
 | 12.5114 30.5694 94.2908 0.9754698 O=C(COC1CN(C(=O)c2ccc(N=Nc3ccccc3)cc2)C1)N1CCN(CC2CCCC2)CC1 1 O=C(COC1CN(C(=O)c2ccc(N=Nc3ccccc3)cc2)C1)N1CCN(CC2CCCC2)CC1 0.9754698 2.6007 1.0000000 1.0000 1.0000000 1.0000 []
04:27:05 <INFO> Sampled SMILES CN(c1ccc(N=Nc2ccc3cc[nH]c3c2)nc1)c1c(N=Nc2ccccc2)no1 failed to sanitize.
04:27:07 <INFO> Score: 0.78 Agent NLL: 14.41 Valid:  98% Step: 370
 | Agent Prior Target Score SMILES SMILES_state Scaffold SA SA (raw) Alerts Alerts (raw) PS_Scaffold PS_Scaffold (raw) matchting_patterns (Alerts)
 | 12.8090 45.1184 80.3896 0.9805318 OCc1ccc(N=Nc2ccc(F)c(Cc3ccc(-c4ccccc4)cc3)c2)cn1 1 c1ccc(-c2ccc(Cc3cccc(N=Nc4cccnc4)c3)cc2)cc1 0.9805318 2.4468 1.0000000 1.0000 1.0000000 1.0000 []
 | 13.3388 35.0493 90.1434 0.9780682 Fc1ccc(N=Nc2ccccc2)cc1-c1ccc(C2=NCCO2)cc1 1 c1ccc(N=Nc2cccc(-c3ccc(C4=NCCO4)cc3)c2)cc1 0.9780682 2.5261 1.0000000 1.0000 1.0000000 1.0000 []
 | 16.9860 46.3560 79.2896 0.9816058 c1ccc(N=Nc2ccccc2CNCc2ccc3sccc3c2)cc1 1 c1ccc(N=Nc2ccccc2CNCc2ccc3sccc3c2)cc1 0.9816058 2.4091 1.0000000 1.0000 1.0000000 1.0000 []
 | 12.6181 29.0513 91.5723 0.9423722 O=C(c1ccc(N=Nc2ccc(O)cc2)cc1)N1CCOC(CNC(=O)C2(c3ccc(F)cc3)CCC2)C1 1 O=C(c1ccc(N=Nc2ccccc2)cc1)N1CCOC(CNC(=O)C2(c3ccccc3)CCC2)C1 0.9423722 3.1796 1.0000000 1.0000 1.0000000 1.0000 []
 | 12.7665 40.2254 85.1929 0.9798304 c1cncc(N=Nc2cccc(Nc3ccc(CN4CCCC4)cn3)c2)c1 1 c1cncc(N=Nc2cccc(Nc3ccc(CN4CCCC4)cn3)c2)c1 0.9798304 2.4703 1.0000000 1.0000 1.0000000 1.0000 []
 | 18.5375 49.2280 73.4531 0.9584465 OCc1ccc(N=Nc2cccc(F)c2CNc2cc3c(cc2Br)OCCO3)cn1 1 c1cncc(N=Nc2ccccc2CNc2ccc3c(c2)OCCO3)c1 0.9584465 2.9556 1.0000000 1.0000 1.0000000 1.0000 []
 | 24.1800 61.7356 61.6996 0.9643372 Cc1cc(Cc2cc(N=Nc3ccc(F)cn3)ccc2C)on1 1 c1ccc(N=Nc2cccc(Cc3ccno3)c2)nc1 0.9643372 2.8520 1.0000000 1.0000 1.0000000 1.0000 []
 | 23.2850 86.3666 -86.3666 0.0000000 CN(c1ccc(N=Nc2ccc3cc[nH]c3c2)nc1)c1c(N=Nc2ccccc2)no1 0 -- 0.0000000 0.0000 0.0000000 0.0000 0.0000000 0.0000 None
 | 11.4925 44.9314 79.0093 0.9682864 O=C1CNCCN1c1ccc(-c2cccc(N=Nc3ccco3)c2)cc1 1 O=C1CNCCN1c1ccc(-c2cccc(N=Nc3ccco3)c2)cc1 0.9682864 2.7729 1.0000000 1.0000 1.0000000 1.0000 []
 | 13.7128 28.2014 -28.2014 0.0000000 Cc1ccccc1N=Nc1ccc(OCc2ccccc2)cc1 1 c1ccc(COc2ccc(N=Nc3ccccc3)cc2)cc1 0.9915733 1.8940 1.0000000 1.0000 1.0000000 1.0000 []
04:27:10 <INFO> Score: 0.89 Agent NLL: 13.54 Valid: 100% Step: 371
 | Agent Prior Target Score SMILES SMILES_state Scaffold SA SA (raw) Alerts Alerts (raw) PS_Scaffold PS_Scaffold (raw) matchting_patterns (Alerts)
 | 14.4923 33.7344 83.9939 0.9197524 O=C(c1ccc(N=Nc2cccnc2)cc1)N1CCC(C(=O)N2CCN(C3CC3)CC2)C(F)(F)C1 1 O=C(c1ccc(N=Nc2cccnc2)cc1)N1CCC(C(=O)N2CCN(C3CC3)CC2)CC1 0.9197524 3.4111 1.0000000 1.0000 1.0000000 1.0000 []
 | 7.6602 41.7090 -41.7090 0.0000000 c1ccc(N=Nc2ccc(Oc3ccc(-c4ccccc4)cc3)cc2)cc1 1 c1ccc(N=Nc2ccc(Oc3ccc(-c4ccccc4)cc3)cc2)cc1 0.9928300 1.7880 1.0000000 1.0000 1.0000000 1.0000 []
 | 11.1978 36.5230 89.8669 0.9874213 Fc1ccc(N=Nc2ccc(F)c(-c3cccc4ccccc34)c2)cc1 1 c1ccc(N=Nc2cccc(-c3cccc4ccccc34)c2)cc1 0.9874213 2.1577 1.0000000 1.0000 1.0000000 1.0000 []
 | 15.9567 32.0851 80.5539 0.8799924 O=C(c1ccc(N=Nc2cccc(O)c2)cc1)N1CC2CCCC2(C(=O)NCc2nc3ccccc3o2)C1 1 O=C(c1ccc(N=Nc2ccccc2)cc1)N1CC2CCCC2(C(=O)NCc2nc3ccccc3o2)C1 0.8799924 3.7021 1.0000000 1.0000 1.0000000 1.0000 []
 | 11.5431 30.9422 88.7422 0.9350340 O=C(c1ccc(N=Nc2ccccn2)cc1)N1CCC(CNC(=O)C2(c3cccs3)CC2)C1 1 O=C(c1ccc(N=Nc2ccccn2)cc1)N1CCC(CNC(=O)C2(c3cccs3)CC2)C1 0.9350340 3.2628 1.0000000 1.0000 1.0000000 1.0000 []
 | 16.8685 56.7954 68.2854 0.9771934 c1ccc(Cc2ccc(N=Nc3cccc(NNCC4CCN(c5ccccc5)CC4)c3)cc2)cc1 1 c1ccc(Cc2ccc(N=Nc3cccc(NNCC4CCN(c5ccccc5)CC4)c3)cc2)cc1 0.9771934 2.5521 1.0000000 1.0000 1.0000000 1.0000 []
 | 14.2427 39.5757 82.3202 0.9523119 O=C(c1ccc(N=Nc2ccccc2)cc1)N1CCN(CC(=O)N(CC2CCOC2)C2CC2)CC1 1 O=C(c1ccc(N=Nc2ccccc2)cc1)N1CCN(CC(=O)N(CC2CCOC2)C2CC2)CC1 0.9523119 3.0494 1.0000000 1.0000 1.0000000 1.0000 []
 | 13.3515 49.8884 75.7448 0.9815097 Fc1ccc(N=Nc2ccc(-c3ccccc3)cc2)cc1CNC1CCN(CCc2ccccc2)CC1 1 c1ccc(CCN2CCC(NCc3cccc(N=Nc4ccc(-c5ccccc5)cc4)c3)CC2)cc1 0.9815097 2.4126 1.0000000 1.0000 1.0000000 1.0000 []
 | 15.9366 42.3455 79.7678 0.9540101 O=C(c1ccccc1N=Nc1ccncc1)N1CCC(F)(C(=O)NCCCN2CCC(CO)CC2)CC1 1 O=C(NCCCN1CCCCC1)C1CCN(C(=O)c2ccccc2N=Nc2ccncc2)CC1 0.9540101 3.0247 1.0000000 1.0000 1.0000000 1.0000 []
 | 12.0164 25.0416 92.3916 0.9174466 O=C(c1ccc(N=Nc2ccc(O)cc2)cc1)N1CC2C(C1)C2C(=O)N(CCO)Cc1ccccc1 1 O=C(NCc1ccccc1)C1C2CN(C(=O)c3ccc(N=Nc4ccccc4)cc3)CC21 0.9174466 3.4312 1.0000000 1.0000 1.0000000 1.0000 []
04:27:11 <INFO> Sampled SMILES c1ccc(N=Nc2cccs2)cc1-c1ccc2[nH]cc(CCNC(=O)OCc3ccccc3)c21 failed to sanitize.
04:27:12 <INFO> Score: 0.72 Agent NLL: 13.96 Valid:  99% Step: 372
 | Agent Prior Target Score SMILES SMILES_state Scaffold SA SA (raw) Alerts Alerts (raw) PS_Scaffold PS_Scaffold (raw) matchting_patterns (Alerts)
 | 12.2009 26.8680 -26.8680 0.0000000 O=C(c1ccccc1N=Nc1cccc(O)c1)N1CCN(CCNC(=O)C2(c3ccccc3)CCC2)CC1 1 O=C(c1ccccc1N=Nc1ccccc1)N1CCN(CCNC(=O)C2(c3ccccc3)CCC2)CC1 0.9724421 2.6786 1.0000000 1.0000 1.0000000 1.0000 []
 | 13.1539 33.3875 92.4969 0.9834719 Fc1ccc(N=Nc2ccc(F)c(Nc3ccc(CN4CCOCC4)cc3)c2)cc1 1 c1ccc(N=Nc2cccc(Nc3ccc(CN4CCOCC4)cc3)c2)cc1 0.9834719 2.3382 1.0000000 1.0000 1.0000000 1.0000 []
 | 15.5604 63.6122 62.2384 0.9832079 Clc1ccc(-c2ccc(N=Nc3ccc(-c4ccccc4)cc3)cc2)c(CNC2CCCCC2)c1 1 c1ccc(-c2ccc(N=Nc3ccc(-c4ccccc4CNC4CCCCC4)cc3)cc2)cc1 0.9832079 2.3487 1.0000000 1.0000 1.0000000 1.0000 []
 | 15.1500 25.3557 98.7929 0.9699112 O=C(c1ccc(N=Nc2ccccc2)cc1)N1CCC(F)(C(=O)N2CCC(C(=O)N3CCC3)CC2)CC1 1 O=C(c1ccc(N=Nc2ccccc2)cc1)N1CCC(C(=O)N2CCC(C(=O)N3CCC3)CC2)CC1 0.9699112 2.7375 1.0000000 1.0000 1.0000000 1.0000 []
 | 15.7509 47.5377 75.8558 0.9640118 COc1ccccc1N=Nc1cccc(CNC2CCN(c3ccccc3)C2=O)c1 1 O=C1C(NCc2cccc(N=Nc3ccccc3)c2)CCN1c1ccccc1 0.9640118 2.8581 1.0000000 1.0000 1.0000000 1.0000 []
 | 13.2978 34.5183 88.9854 0.9648730 O=C(C1=CCN(C(=O)c2ccc(N=Nc3cccnc3)cc2)CC1)N1CCC(CCCO)CC1 1 O=C(C1=CCN(C(=O)c2ccc(N=Nc3cccnc3)cc2)CC1)N1CCCCC1 0.9648730 2.8418 1.0000000 1.0000 1.0000000 1.0000 []
 | 11.7176 40.8948 84.8542 0.9824136 c1ccc(Oc2ccc(N=Nc3ccc(CN4CCN(CCN5CCOCC5)CC4)cc3)cc2)cc1 1 c1ccc(Oc2ccc(N=Nc3ccc(CN4CCN(CCN5CCOCC5)CC4)cc3)cc2)cc1 0.9824136 2.3793 1.0000000 1.0000 1.0000000 1.0000 []
 | 13.8441 39.9424 83.9806 0.9681481 OCc1ccc(N=Nc2cccc(F)c2CCN2CCOCC2)cn1 1 c1cncc(N=Nc2ccccc2CCN2CCOCC2)c1 0.9681481 2.7758 1.0000000 1.0000 1.0000000 1.0000 []
 | 10.5903 41.6517 84.7994 0.9878993 O=C(CCN1CCCCCC1)c1ccc(N=Nc2ccccc2)cc1 1 O=C(CCN1CCCCCC1)c1ccc(N=Nc2ccccc2)cc1 0.9878993 2.1321 1.0000000 1.0000 1.0000000 1.0000 []
 | 12.3123 33.9015 88.2531 0.9543323 O=C(c1ccc(N=Nc2cccnc2)cc1)N1CC(F)(C(=O)N2CCc3cnccc3C2)C1 1 O=C(c1ccc(N=Nc2cccnc2)cc1)N1CC(C(=O)N2CCc3cnccc3C2)C1 0.9543323 3.0199 1.0000000 1.0000 1.0000000 1.0000 []
04:27:15 <INFO> Score: 0.78 Agent NLL: 13.63 Valid: 100% Step: 373
 | Agent Prior Target Score SMILES SMILES_state Scaffold SA SA (raw) Alerts Alerts (raw) PS_Scaffold PS_Scaffold (raw) matchting_patterns (Alerts)
 | 9.7748 24.5679 100.3717 0.9760908 O=C(c1ccc(N=Nc2ccc(O)cc2)cc1)N1CC(NC(=O)C2(c3ccccc3)CCC2)C1 1 O=C(c1ccc(N=Nc2ccccc2)cc1)N1CC(NC(=O)C2(c3ccccc3)CCC2)C1 0.9760908 2.5836 1.0000000 1.0000 1.0000000 1.0000 []
 | 17.5015 34.6875 90.6848 0.9794711 Cc1ccc(O)c(N=Nc2cccc3ncccc23)c1C 1 c1ccc(N=Nc2cccc3ncccc23)cc1 0.9794711 2.4821 1.0000000 1.0000 1.0000000 1.0000 []
 | 14.2474 40.3373 75.9169 0.9082364 O=C(NCC1COCCN1C(=O)c1ccc(N=Nc2ccccn2)cc1)C1CCOC1 1 O=C(NCC1COCCN1C(=O)c1ccc(N=Nc2ccccn2)cc1)C1CCOC1 0.9082364 3.5067 1.0000000 1.0000 1.0000000 1.0000 []
 | 15.6086 33.4158 91.7222 0.9776405 O=C(c1ccccc1N=Nc1cccnc1)N(CCO)CCOc1ccc2ccccc2c1 1 O=C(NCCOc1ccc2ccccc2c1)c1ccccc1N=Nc1cccnc1 0.9776405 2.5389 1.0000000 1.0000 1.0000000 1.0000 []
 | 20.3714 59.4430 64.5633 0.9687988 OCCN1CCCN(C2CCN(Cc3cccc(N=Nc4ccc(CO)nc4)c3)CC2)CC1 1 c1cncc(N=Nc2cccc(CN3CCC(N4CCCNCC4)CC3)c2)c1 0.9687988 2.7619 1.0000000 1.0000 1.0000000 1.0000 []
 | 12.5292 47.3588 78.3102 0.9817888 c1ccc(Oc2ccc(N=Nc3cccc(CNCc4ccc(-n5cccn5)cc4)c3)cc2)cc1 1 c1ccc(Oc2ccc(N=Nc3cccc(CNCc4ccc(-n5cccn5)cc4)c3)cc2)cc1 0.9817888 2.4025 1.0000000 1.0000 1.0000000 1.0000 []
 | 11.1234 44.0806 -44.0806 0.0000000 O=C(c1ccc(N=Nc2ccncc2)cc1)N1CCN(CCNC(=O)C2(c3ccccn3)CC2)CC1 1 O=C(c1ccc(N=Nc2ccncc2)cc1)N1CCN(CCNC(=O)C2(c3ccccn3)CC2)CC1 0.9673608 2.7922 1.0000000 1.0000 1.0000000 1.0000 []
 | 11.3150 31.3151 88.7786 0.9382324 O=C(c1ccc(N=Nc2ccccn2)cc1)N1CCC(F)(C(=O)Nc2ccc(CO)cc2)C1 1 O=C(Nc1ccccc1)C1CCN(C(=O)c2ccc(N=Nc3ccccn3)cc2)C1 0.9382324 3.2277 1.0000000 1.0000 1.0000000 1.0000 []
 | 13.2614 41.1023 78.7009 0.9359626 O=C1CN(C(=O)c2ccc(N=Nc3cccc(O)c3)cc2)C(C(=O)N2CCC(O)CC2)CN1 1 O=C1CN(C(=O)c2ccc(N=Nc3ccccc3)cc2)C(C(=O)N2CCCCC2)CN1 0.9359626 3.2528 1.0000000 1.0000 1.0000000 1.0000 []
 | 13.0827 49.3130 75.5235 0.9752849 Fc1cc(N=Nc2ccccc2CNc2ccc(N3CCOCC3)cc2)ccn1 1 c1ccc(N=Nc2ccncc2)c(CNc2ccc(N3CCOCC3)cc2)c1 0.9752849 2.6057 1.0000000 1.0000 1.0000000 1.0000 []
04:27:20 <INFO> Score: 0.77 Agent NLL: 12.86 Valid: 100% Step: 374
 | Agent Prior Target Score SMILES SMILES_state Scaffold SA SA (raw) Alerts Alerts (raw) PS_Scaffold PS_Scaffold (raw) matchting_patterns (Alerts)
 | 7.6651 43.4885 -43.4885 0.0000000 O=C(CCc1ccccc1)Nc1ccc(N=Nc2ccccc2)cc1 1 O=C(CCc1ccccc1)Nc1ccc(N=Nc2ccccc2)cc1 0.9917836 1.8774 1.0000000 1.0000 1.0000000 1.0000 []
 | 15.3595 50.4617 75.6323 0.9851097 O=C(Cc1cccnc1)NCCCOc1ccc(N=Nc2ccc(-c3ccccc3)cc2)cc1 1 O=C(Cc1cccnc1)NCCCOc1ccc(N=Nc2ccc(-c3ccccc3)cc2)cc1 0.9851097 2.2691 1.0000000 1.0000 1.0000000 1.0000 []
 | 13.9179 55.1404 69.3171 0.9723240 O=C(CNC(=O)c1cccs1)Nc1ccc(N=Nc2ccc(CO)o2)cc1 1 O=C(CNC(=O)c1cccs1)Nc1ccc(N=Nc2ccco2)cc1 0.9723240 2.6814 1.0000000 1.0000 1.0000000 1.0000 []
 | 14.1434 45.3166 79.0733 0.9717959 c1ccc(CN2CCCC(NCc3ccccc3N=Nc3ccccc3)C2)cc1 1 c1ccc(CN2CCCC(NCc3ccccc3N=Nc3ccccc3)C2)cc1 0.9717959 2.6941 1.0000000 1.0000 1.0000000 1.0000 []
 | 14.8086 65.7697 55.1410 0.9446151 c1cc(N=Nc2ccco2)cc(-c2ccc(CNC3CCCN(C4CCCCC4)CC3)cc2)c1 1 c1cc(N=Nc2ccco2)cc(-c2ccc(CNC3CCCN(C4CCCCC4)CC3)cc2)c1 0.9446151 3.1522 1.0000000 1.0000 1.0000000 1.0000 []
 | 9.8875 44.3688 -44.3688 0.0000000 O=C(Cc1ccc(O)cc1)Nc1ccc(N=Nc2ccccc2)cc1 1 O=C(Cc1ccccc1)Nc1ccc(N=Nc2ccccc2)cc1 0.9901218 1.9985 1.0000000 1.0000 1.0000000 1.0000 []
 | 10.6019 47.1545 -47.1545 0.0000000 O=C1NCCOc2cc(-c3ccc(N=Nc4ccc(-c5ccccc5)cc4)cc3)ccc21 1 O=C1NCCOc2cc(-c3ccc(N=Nc4ccc(-c5ccccc5)cc4)cc3)ccc21 0.9813716 2.4175 1.0000000 1.0000 1.0000000 1.0000 []
 | 13.5560 35.8046 89.4632 0.9786549 c1ccc(N=Nc2ccc(Nc3ccc4sncc4c3)cc2)cc1 1 c1ccc(N=Nc2ccc(Nc3ccc4sncc4c3)cc2)cc1 0.9786549 2.5080 1.0000000 1.0000 1.0000000 1.0000 []
 | 7.4773 24.8658 -24.8658 0.0000000 Fc1ccccc1C=NNc1cccnc1 1 C(=NNc1cccnc1)c1ccccc1 0.9894471 2.0420 1.0000000 1.0000 1.0000000 1.0000 []
 | 5.6560 39.5496 -39.5496 0.0000000 c1ccc(N=Nc2ccc(-c3ccc(-c4ccccc4)cc3)cc2)cc1 1 c1ccc(N=Nc2ccc(-c3ccc(-c4ccccc4)cc3)cc2)cc1 0.9949728 1.5553 1.0000000 1.0000 1.0000000 1.0000 []
04:27:21 <INFO> Sampled SMILES CN(c1ccc(N=Nc2ccc(CO)n2)cc1)C1CCN(Cc2ccccc2)CC1 failed to sanitize.
04:27:22 <INFO> Score: 0.84 Agent NLL: 14.25 Valid:  98% Step: 375
 | Agent Prior Target Score SMILES SMILES_state Scaffold SA SA (raw) Alerts Alerts (raw) PS_Scaffold PS_Scaffold (raw) matchting_patterns (Alerts)
 | 12.2440 35.6686 89.8918 0.9809403 Fc1cccc(N=Nc2ccc(Cn3cccn3)cc2)c1F 1 c1ccc(N=Nc2ccc(Cn3cccn3)cc2)cc1 0.9809403 2.4327 1.0000000 1.0000 1.0000000 1.0000 []
 | 8.8313 25.4926 97.5537 0.9612995 O=C(C1=CCN(C(=O)c2ccc(N=Nc3ccc(O)cc3)cc2)CC1)N1CC=CCC1 1 O=C(C1=CCN(C(=O)c2ccc(N=Nc3ccccc3)cc2)CC1)N1CC=CCC1 0.9612995 2.9073 1.0000000 1.0000 1.0000000 1.0000 []
 | 15.7721 27.4003 93.0235 0.9408106 O=C(c1ccccc1N=Nc1ccccc1)N1CCCCC1CNC(=O)C1(c2ccccn2)CC1 1 O=C(c1ccccc1N=Nc1ccccc1)N1CCCCC1CNC(=O)C1(c2ccccn2)CC1 0.9408106 3.1981 1.0000000 1.0000 1.0000000 1.0000 []
 | 12.6578 42.7715 82.1337 0.9758216 OCc1ccc(N=Nc2ccc(F)c(CNCc3ccccc3F)c2)cn1 1 c1ccc(CNCc2cccc(N=Nc3cccnc3)c2)cc1 0.9758216 2.5911 1.0000000 1.0000 1.0000000 1.0000 []
 | 7.6886 48.3559 -48.3559 0.0000000 O=C(Nc1ccccc1)c1cccc(N=Nc2ccccc2)c1 1 O=C(Nc1ccccc1)c1cccc(N=Nc2ccccc2)c1 0.9922432 1.8396 1.0000000 1.0000 1.0000000 1.0000 []
 | 13.4863 46.5026 78.6520 0.9777701 O=C(NCc1cc(N=Nc2cccs2)ccc1F)OCc1ccccc1 1 O=C(NCc1cccc(N=Nc2cccs2)c1)OCc1ccccc1 0.9777701 2.5351 1.0000000 1.0000 1.0000000 1.0000 []
 | 14.3055 28.6585 94.7624 0.9642263 O=C(c1ccc(N=Nc2ccccc2)cc1)N1CCC(C(=O)N2CCN(CCCOc3ccccc3)CC2)C1 1 O=C(c1ccc(N=Nc2ccccc2)cc1)N1CCC(C(=O)N2CCN(CCCOc3ccccc3)CC2)C1 0.9642263 2.8541 1.0000000 1.0000 1.0000000 1.0000 []
 | 15.2767 34.1653 88.1953 0.9559422 O=C(c1ccc(N=Nc2cccnc2)cc1)N1CCC(F)(C(=O)NCc2cccc3[nH]ncc23)CC1 1 O=C(NCc1cccc2[nH]ncc12)C1CCN(C(=O)c2ccc(N=Nc3cccnc3)cc2)CC1 0.9559422 2.9954 1.0000000 1.0000 1.0000000 1.0000 []
 | 12.3744 38.0713 86.9392 0.9766442 c1cncc(N=Nc2cccc(-c3cccc4cc[nH]c34)c2)c1 1 c1cncc(N=Nc2cccc(-c3cccc4cc[nH]c34)c2)c1 0.9766442 2.5680 1.0000000 1.0000 1.0000000 1.0000 []
 | 13.2586 41.2145 84.3951 0.9813246 Fc1ccccc1N=Nc1cccc(NCc2cccc(-c3ncccn3)c2)c1 1 c1ccc(N=Nc2cccc(NCc3cccc(-c4ncccn4)c3)c2)cc1 0.9813246 2.4192 1.0000000 1.0000 1.0000000 1.0000 []
04:28:14 <INFO> Score: 0.78 Agent NLL: 13.63 Valid: 100% Step: 376
 | Agent Prior Target Score SMILES SMILES_state Scaffold SA SA (raw) Alerts Alerts (raw) PS_Scaffold PS_Scaffold (raw) matchting_patterns (Alerts)
 | 11.2613 36.8774 82.6792 0.9340353 O=C(c1ccc(N=Nc2ccncc2)cc1)N1CC(OCC(=O)N2Cc3ccccc3CC2CO)C1 1 O=C(COC1CN(C(=O)c2ccc(N=Nc3ccncc3)cc2)C1)N1CCc2ccccc2C1 0.9340353 3.2734 1.0000000 1.0000 1.0000000 1.0000 []
 | 10.6859 29.1876 -29.1876 0.0000000 O=C(c1ccc(N=Nc2cccc(O)c2)cc1)N1CCC(F)(C(=O)NCCc2ccccn2)CC1 1 O=C(NCCc1ccccn1)C1CCN(C(=O)c2ccc(N=Nc3ccccc3)cc2)CC1 0.9660141 2.8195 1.0000000 1.0000 1.0000000 1.0000 []
 | 11.6052 24.1721 93.7274 0.9210895 O=C(c1ccc(N=Nc2ccc(O)cc2)cc1)N1CCOC(C(=O)N2CCN3CCCCC3C2)C1 1 O=C(c1ccc(N=Nc2ccccc2)cc1)N1CCOC(C(=O)N2CCN3CCCCC3C2)C1 0.9210895 3.3992 1.0000000 1.0000 1.0000000 1.0000 []
 | 18.6297 56.3779 68.7891 0.9778677 Cc1ccc(N=Nc2cccnc2)cc1NC(=O)Nc1ccccc1N1CCCN(C)CC1 1 O=C(Nc1cccc(N=Nc2cccnc2)c1)Nc1ccccc1N1CCCNCC1 0.9778677 2.5321 1.0000000 1.0000 1.0000000 1.0000 []
 | 10.4243 24.9017 99.5096 0.9719632 O=C(c1ccc(N=Nc2ccc(O)cc2)cc1)N1CCC(NC(=O)C2(c3ccccc3)CCOCC2)CC1 1 O=C(c1ccc(N=Nc2ccccc2)cc1)N1CCC(NC(=O)C2(c3ccccc3)CCOCC2)CC1 0.9719632 2.6901 1.0000000 1.0000 1.0000000 1.0000 []
 | 11.4479 37.4684 -37.4684 0.0000000 O=C(c1ccc(N=Nc2cccnc2)cc1)N1CC(F)(C(=O)N2CCN(CCOCc3ccccc3)CC2)C1 1 O=C(c1ccc(N=Nc2cccnc2)cc1)N1CC(C(=O)N2CCN(CCOCc3ccccc3)CC2)C1 0.9641149 2.8562 1.0000000 1.0000 1.0000000 1.0000 []
 | 13.7601 39.1317 86.9120 0.9847165 Fc1ccc(N=Nc2ccc(F)c(CNCc3cccc4ccccc34)c2)cc1 1 c1ccc(N=Nc2cccc(CNCc3cccc4ccccc34)c2)cc1 0.9847165 2.2864 1.0000000 1.0000 1.0000000 1.0000 []
 | 6.4147 37.8600 -37.8600 0.0000000 c1ccc(N=Nc2ccc(-c3ccc(Nc4ccccc4)cc3)cc2)cc1 1 c1ccc(N=Nc2ccc(-c3ccc(Nc4ccccc4)cc3)cc2)cc1 0.9925081 1.8168 1.0000000 1.0000 1.0000000 1.0000 []
 | 8.3306 30.2934 -30.2934 0.0000000 Fc1ccccc1C=NNc1ccccc1CN1CCOCC1 1 C(=NNc1ccccc1CN1CCOCC1)c1ccccc1 0.9883134 2.1092 1.0000000 1.0000 1.0000000 1.0000 []
 | 13.2728 38.6770 -38.6770 0.0000000 O=C1CC(Nc2ccc(N=Nc3ccc(Cl)cc3)cc2)CN1 1 O=C1CC(Nc2ccc(N=Nc3ccccc3)cc2)CN1 0.9605822 2.9197 1.0000000 1.0000 1.0000000 1.0000 []
04:28:15 <INFO> Sampled SMILES c1cc(N=Nc2ccc(=O)nn2C)ccc1CNC(=O)c1ccccc1 failed to sanitize.
04:28:15 <INFO> Sampled SMILES c1cc(N=Nc2ccccc2)ccc1-c1cc(OCCNCCOCc2ccccc2)cc1 failed to sanitize.
04:28:16 <INFO> Score: 0.76 Agent NLL: 13.22 Valid:  98% Step: 377
 | Agent Prior Target Score SMILES SMILES_state Scaffold SA SA (raw) Alerts Alerts (raw) PS_Scaffold PS_Scaffold (raw) matchting_patterns (Alerts)
 | 15.3275 49.7428 76.0288 0.9825906 O=C(NCc1cc(N=Nc2cccc3cccnc23)ccc1Cl)Nc1ccccc1 1 O=C(NCc1cccc(N=Nc2cccc3cccnc23)c1)Nc1ccccc1 0.9825906 2.3726 1.0000000 1.0000 1.0000000 1.0000 []
 | 15.6524 45.6078 80.1516 0.9824954 O=C(C1CCC1)N1CCC(CNCc2ccc(N=Nc3ccc(Cl)cc3)cc2)CC1 1 O=C(C1CCC1)N1CCC(CNCc2ccc(N=Nc3ccccc3)cc2)CC1 0.9824954 2.3762 1.0000000 1.0000 1.0000000 1.0000 []
 | 16.7757 54.9493 70.4700 0.9798381 COc1ccccc1N=Nc1cccc(CNc2cc(-c3ccccc3)no2)c1 1 c1ccc(N=Nc2cccc(CNc3cc(-c4ccccc4)no3)c2)cc1 0.9798381 2.4701 1.0000000 1.0000 1.0000000 1.0000 []
 | 10.8539 23.7575 89.3451 0.8836142 O=C(c1ccc(N=Nc2ccc(O)cc2)cc1)N1CC(O)(C(=O)NC2COCC2O)C1 1 O=C(NC1CCOC1)C1CN(C(=O)c2ccc(N=Nc3ccccc3)cc2)C1 0.8836142 3.6795 1.0000000 1.0000 1.0000000 1.0000 []
 | 12.9012 30.0979 79.3406 0.8549886 O=C(c1ccc(N=Nc2cccc(O)c2)cc1)N1CC2CC2(C(=O)N2CCCCC2CO)C1 1 O=C(c1ccc(N=Nc2ccccc2)cc1)N1CC2CC2(C(=O)N2CCCCC2)C1 0.8549886 3.8442 1.0000000 1.0000 1.0000000 1.0000 []
 | 9.7223 51.2987 -51.2987 0.0000000 c1ccc(Oc2cccc(N=Nc3ccc(-c4ccccc4-c4ccccc4)cc3)c2)cc1 1 c1ccc(Oc2cccc(N=Nc3ccc(-c4ccccc4-c4ccccc4)cc3)c2)cc1 0.9890555 2.0660 1.0000000 1.0000 1.0000000 1.0000 []
 | 12.6845 40.7864 76.5357 0.9165794 O=C(NCCCN1CCN(C(=O)c2ccc(N=Nc3cccnc3)cc2)CC1)C1CCS(=O)(=O)N1 1 O=C(NCCCN1CCN(C(=O)c2ccc(N=Nc3cccnc3)cc2)CC1)C1CCS(=O)(=O)N1 0.9165794 3.4387 1.0000000 1.0000 1.0000000 1.0000 []
 | 21.0524 54.4089 69.9787 0.9717782 c1csc(-c2ccc(N=Nc3ccc(COCc4cnccn4)cc3)cn2)c1 1 c1csc(-c2ccc(N=Nc3ccc(COCc4cnccn4)cc3)cn2)c1 0.9717782 2.6945 1.0000000 1.0000 1.0000000 1.0000 []
 | 20.9721 47.1553 77.7834 0.9760840 O=S(=O)(NNc1ccc(N=Nc2ccc(-n3cccc3)cc2)cc1)c1ccc2ccccc2c1 1 O=S(=O)(NNc1ccc(N=Nc2ccc(-n3cccc3)cc2)cc1)c1ccc2ccccc2c1 0.9760840 2.5838 1.0000000 1.0000 1.0000000 1.0000 []
 | 11.9463 25.4501 99.9075 0.9793556 O=C(CC1CCN(C(=O)c2ccc(N=Nc3ccccc3)cc2)CC1)N1CCCN(CCO)CC1 1 O=C(CC1CCN(C(=O)c2ccc(N=Nc3ccccc3)cc2)CC1)N1CCCNCC1 0.9793556 2.4858 1.0000000 1.0000 1.0000000 1.0000 []
04:28:19 <INFO> Score: 0.78 Agent NLL: 13.24 Valid: 100% Step: 378
 | Agent Prior Target Score SMILES SMILES_state Scaffold SA SA (raw) Alerts Alerts (raw) PS_Scaffold PS_Scaffold (raw) matchting_patterns (Alerts)
 | 10.1380 48.4002 77.2456 0.9816076 O=C(NCc1ccccc1)Nc1ccc(N=Nc2cccc(C(F)(F)F)n2)cc1 1 O=C(NCc1ccccc1)Nc1ccc(N=Nc2ccccn2)cc1 0.9816076 2.4091 1.0000000 1.0000 1.0000000 1.0000 []
 | 17.8835 51.3256 72.2917 0.9657601 COc1ccc(N=Nc2cccc(NCc3cncs3)c2)nc1 1 c1ccc(N=Nc2cccc(NCc3cncs3)c2)nc1 0.9657601 2.8245 1.0000000 1.0000 1.0000000 1.0000 []
 | 13.2029 38.9499 86.0151 0.9762888 c1cc(N=Nc2cccs2)cc(NCc2ccc3ccccc3n2)c1 1 c1cc(N=Nc2cccs2)cc(NCc2ccc3ccccc3n2)c1 0.9762888 2.5781 1.0000000 1.0000 1.0000000 1.0000 []
 | 14.4881 43.6933 82.7290 0.9876740 O=C(Nc1ccc(N=Nc2ccc3cnccc3c2)cc1)c1ccccc1 1 O=C(Nc1ccc(N=Nc2ccc3cnccc3c2)cc1)c1ccccc1 0.9876740 2.1443 1.0000000 1.0000 1.0000000 1.0000 []
 | 21.6126 30.1466 -30.1466 0.0000000 O=C(CCCSc1ccc(C(=O)N2CCOCC(O)C2)cc1)c1ccccc1 1 O=C(CCCSc1ccc(C(=O)N2CCCOCC2)cc1)c1ccccc1 0.0000000 0.0000 1.0000000 1.0000 0.0000000 0.0000 []
 | 8.9192 48.7887 -48.7887 0.0000000 c1ccc(-c2ccccc2-c2ccc(N=Nc3ccc4cc[nH]c4c3)cc2)cc1 1 c1ccc(-c2ccccc2-c2ccc(N=Nc3ccc4cc[nH]c4c3)cc2)cc1 0.9851298 2.2682 1.0000000 1.0000 1.0000000 1.0000 []
 | 11.8243 43.9027 -43.9027 0.0000000 FC(F)(F)c1cccc(N=Nc2cccc(CN3CCN(CCCN4CCOCC4)CC3)c2)n1 1 c1ccc(N=Nc2cccc(CN3CCN(CCCN4CCOCC4)CC3)c2)nc1 0.9695842 2.7448 1.0000000 1.0000 1.0000000 1.0000 []
 | 10.4362 30.4670 92.3381 0.9594151 O=C(c1ccc(N=Nc2cccc(O)c2)cc1)N1CCC(CNC(=O)C2(F)CCOCC2)CC1 1 O=C(NCC1CCN(C(=O)c2ccc(N=Nc3ccccc3)cc2)CC1)C1CCOCC1 0.9594151 2.9395 1.0000000 1.0000 1.0000000 1.0000 []
 | 11.0769 38.0756 -38.0756 0.0000000 c1ccc(N=Nc2ccc(N3CCN(Cc4cccs4)CC3)cc2)cc1 1 c1ccc(N=Nc2ccc(N3CCN(Cc4cccs4)CC3)cc2)cc1 0.9865845 2.2002 1.0000000 1.0000 1.0000000 1.0000 []
 | 11.2937 54.1333 -54.1333 0.0000000 c1ccc(Cc2cccc(N=Nc3ccc(-c4ccccc4-c4ccccc4)cc3)c2)cc1 1 c1ccc(Cc2cccc(N=Nc3ccc(-c4ccccc4-c4ccccc4)cc3)c2)cc1 0.9890102 2.0687 1.0000000 1.0000 1.0000000 1.0000 []
04:28:22 <INFO> Score: 0.82 Agent NLL: 13.60 Valid: 100% Step: 379
 | Agent Prior Target Score SMILES SMILES_state Scaffold SA SA (raw) Alerts Alerts (raw) PS_Scaffold PS_Scaffold (raw) matchting_patterns (Alerts)
 | 9.4078 34.2532 -34.2532 0.0000000 c1ccc(N=Nc2cccc(-c3cnc4ccccc4c3)c2)cc1 1 c1ccc(N=Nc2cccc(-c3cnc4ccccc4c3)c2)cc1 0.9883403 2.1077 1.0000000 1.0000 1.0000000 1.0000 []
 | 8.6956 40.4312 -40.4312 0.0000000 COc1cccc(NN=Cc2ccccc2F)c1 1 C(=NNc1ccccc1)c1ccccc1 0.9921283 1.8493 1.0000000 1.0000 1.0000000 1.0000 []
 | 11.4338 43.9413 82.3856 0.9869293 c1ccc(N=Nc2cccc(-c3ccc(CNC4CCCCCC4)cc3)c2)cc1 1 c1ccc(N=Nc2cccc(-c3ccc(CNC4CCCCCC4)cc3)c2)cc1 0.9869293 2.1830 1.0000000 1.0000 1.0000000 1.0000 []
 | 20.2378 49.8283 74.7957 0.9736249 O=C(O)c1ccc(N2CCC(Nc3cccc(N=Nc4ccco4)c3)CC2)cc1 1 c1ccc(N2CCC(Nc3cccc(N=Nc4ccco4)c3)CC2)cc1 0.9736249 2.6492 1.0000000 1.0000 1.0000000 1.0000 []
 | 9.7996 42.7935 -42.7935 0.0000000 c1ccc(N=Nc2cccc(-c3ccc(Nc4ccccc4)cc3)c2)cc1 1 c1ccc(N=Nc2cccc(-c3ccc(Nc4ccccc4)cc3)c2)cc1 0.9903334 1.9842 1.0000000 1.0000 1.0000000 1.0000 []
 | 23.3430 71.0727 47.7113 0.9279997 O=C1CCC(NCc2ncccc2-c2cccc(N=Nc3cccc4cccnc34)c2)C(=O)N1 1 O=C1CCC(NCc2ncccc2-c2cccc(N=Nc3cccc4cccnc34)c2)C(=O)N1 0.9279997 3.3347 1.0000000 1.0000 1.0000000 1.0000 []
 | 15.2627 41.9303 81.9797 0.9680469 O=S(=O)(c1ccc(N=Nc2ccccc2)cc1)c1ccc(N=Nc2cccc(CO)n2)cc1 1 O=S(=O)(c1ccc(N=Nc2ccccc2)cc1)c1ccc(N=Nc2ccccn2)cc1 0.9680469 2.7779 1.0000000 1.0000 1.0000000 1.0000 []
 | 10.4906 25.9239 91.3278 0.9160288 O=C(c1ccc(N=Nc2ccc(O)cc2)cc1)N1CCN(CCC(=O)N2CC(F)CC2CO)CC1 1 O=C(CCN1CCN(C(=O)c2ccc(N=Nc3ccccc3)cc2)CC1)N1CCCC1 0.9160288 3.4433 1.0000000 1.0000 1.0000000 1.0000 []
 | 9.8889 31.4692 89.0588 0.9416256 O=C(c1ccc(N=Nc2cccc(O)c2)cc1)N1CC(OCC(=O)N2CCCCC2CCO)C1 1 O=C(COC1CN(C(=O)c2ccc(N=Nc3ccccc3)cc2)C1)N1CCCCC1 0.9416256 3.1885 1.0000000 1.0000 1.0000000 1.0000 []
 | 9.8991 38.3811 -38.3811 0.0000000 c1ccc(N=Nc2ccc(Nc3ccc(N4CCNCC4)nc3)cc2)cc1 1 c1ccc(N=Nc2ccc(Nc3ccc(N4CCNCC4)nc3)cc2)cc1 0.9828178 2.3639 1.0000000 1.0000 1.0000000 1.0000 []
04:28:25 <INFO> Score: 0.75 Agent NLL: 13.04 Valid: 100% Step: 380
 | Agent Prior Target Score SMILES SMILES_state Scaffold SA SA (raw) Alerts Alerts (raw) PS_Scaffold PS_Scaffold (raw) matchting_patterns (Alerts)
 | 14.9310 39.6327 82.7721 0.9562870 O=C(c1ccc(N=Nc2cccc(CO)c2)cc1)N1CCC(C(=O)N2CCN(CCCO)CC2)C1 1 O=C(c1ccc(N=Nc2ccccc2)cc1)N1CCC(C(=O)N2CCNCC2)C1 0.9562870 2.9900 1.0000000 1.0000 1.0000000 1.0000 []
 | 11.1893 34.3297 85.7513 0.9381331 O=C(CN1CCN(C(=O)c2ccc(N=Nc3cccnc3)cc2)CC1)N1CC2(CCCCO2)C1 1 O=C(CN1CCN(C(=O)c2ccc(N=Nc3cccnc3)cc2)CC1)N1CC2(CCCCO2)C1 0.9381331 3.2288 1.0000000 1.0000 1.0000000 1.0000 []
 | 16.6917 42.7567 79.0715 0.9517835 O=C(NCCCN1CCN(C(=O)c2ccc(N=Nc3cccnc3)cc2)CC1)C(O)c1cccc(Cl)c1 1 O=C(Cc1ccccc1)NCCCN1CCN(C(=O)c2ccc(N=Nc3cccnc3)cc2)CC1 0.9517835 3.0570 1.0000000 1.0000 1.0000000 1.0000 []
 | 10.6363 25.7363 98.2041 0.9682842 O=C(COC1CN(C(=O)c2ccc(N=Nc3ccc(O)cc3)cc2)C1)N(CCCO)CCCO 1 O=C(c1ccc(N=Nc2ccccc2)cc1)N1CCC1 0.9682842 2.7729 1.0000000 1.0000 1.0000000 1.0000 []
 | 11.3384 29.6173 93.5874 0.9625368 O=C(C1=CCN(C(=O)c2ccc(N=Nc3ccc(O)cc3)cc2)C1)N1CCN(CCCC2CCCC2)CC1 1 O=C(C1=CCN(C(=O)c2ccc(N=Nc3ccccc3)cc2)C1)N1CCN(CCCC2CCCC2)CC1 0.9625368 2.8853 1.0000000 1.0000 1.0000000 1.0000 []
 | 30.4693 69.8147 54.4813 0.9710630 Cc1cccc(N=Nc2cnc(-c3ccccc3)nc2)c1NCc1ccc(C(=O)c2ccccc2)o1 1 O=C(c1ccccc1)c1ccc(CNc2ccccc2N=Nc2cnc(-c3ccccc3)nc2)o1 0.9710630 2.7113 1.0000000 1.0000 1.0000000 1.0000 []
 | 14.4469 40.6748 84.2438 0.9759269 c1cncc(Nc2ccc(N=Nc3cccnn3)cc2)c1 1 c1cncc(Nc2ccc(N=Nc3cccnn3)cc2)c1 0.9759269 2.5882 1.0000000 1.0000 1.0000000 1.0000 []
 | 9.8833 33.9723 90.8595 0.9752482 O=C(CN1CCN(C(=O)c2ccc(N=Nc3cccnc3)cc2)CC1)N(CCO)CCO 1 O=C(c1ccc(N=Nc2cccnc2)cc1)N1CCNCC1 0.9752482 2.6067 1.0000000 1.0000 1.0000000 1.0000 []
 | 9.3644 36.5829 -36.5829 0.0000000 Fc1ccc(N=Nc2ccccc2)cc1-c1cccc2ccccc12 1 c1ccc(N=Nc2cccc(-c3cccc4ccccc34)c2)cc1 0.9885765 2.0942 1.0000000 1.0000 1.0000000 1.0000 []
 | 9.6699 23.8765 98.2710 0.9542773 O=C(c1ccc(N=Nc2ccc(O)cc2)cc1)N1CCC(F)(C(=O)NC2CN(CCCF)C2)CC1 1 O=C(NC1CNC1)C1CCN(C(=O)c2ccc(N=Nc3ccccc3)cc2)CC1 0.9542773 3.0207 1.0000000 1.0000 1.0000000 1.0000 []
04:28:26 <INFO> Sampled SMILES c1ccc(N=Nc2ccccc2)cc1-c1cc(C(O)COCc2ccccc2)cc1 failed to sanitize.
04:28:27 <INFO> Score: 0.76 Agent NLL: 13.48 Valid:  99% Step: 381
 | Agent Prior Target Score SMILES SMILES_state Scaffold SA SA (raw) Alerts Alerts (raw) PS_Scaffold PS_Scaffold (raw) matchting_patterns (Alerts)
 | 14.0488 46.8914 74.7055 0.9499763 OCc1ccc(CNNc2cccc(N=Nc3cccs3)c2)o1 1 c1cc(N=Nc2cccs2)cc(NNCc2ccco2)c1 0.9499763 3.0822 1.0000000 1.0000 1.0000000 1.0000 []
 | 12.2655 47.8625 -47.8625 0.0000000 c1coc(-c2ccc(N=Nc3ccc(N4CCN(CCCN5CCOCC5)CC4)cc3)cc2)c1 1 c1coc(-c2ccc(N=Nc3ccc(N4CCN(CCCN5CCOCC5)CC4)cc3)cc2)c1 0.9786028 2.5096 1.0000000 1.0000 1.0000000 1.0000 []
 | 10.1998 33.6543 93.1258 0.9904701 O=C(Nc1ccc(NN=Cc2ccccc2Cl)cc1)c1ccccn1 1 O=C(Nc1ccc(NN=Cc2ccccc2)cc1)c1ccccn1 0.9904701 1.9749 1.0000000 1.0000 1.0000000 1.0000 []
 | 7.4374 55.4235 -55.4235 0.0000000 O=C(Nc1cccc(N=Nc2ccccc2)c1)c1ccccc1 1 O=C(Nc1cccc(N=Nc2ccccc2)c1)c1ccccc1 0.9919739 1.8620 1.0000000 1.0000 1.0000000 1.0000 []
 | 9.0217 25.4195 99.7373 0.9777871 O=C(CN1CCN(C(=O)c2ccc(N=Nc3ccc(O)cc3)cc2)CC1)N1CCC(CCO)CC1 1 O=C(CN1CCN(C(=O)c2ccc(N=Nc3ccccc3)cc2)CC1)N1CCCCC1 0.9777871 2.5345 1.0000000 1.0000 1.0000000 1.0000 []
 | 16.5883 24.9023 -24.9023 0.0000000 Fc1ccccc1Oc1ccccc1CNCCCc1nc2ccccc2[nH]1 1 c1ccc(Oc2ccccc2CNCCCc2nc3ccccc3[nH]2)cc1 0.0000000 0.0000 1.0000000 1.0000 0.0000000 0.0000 []
 | 13.7985 41.0522 85.4147 0.9880229 C(=NNc1ccc(NCCn2cccn2)cc1)c1ccccc1 1 C(=NNc1ccc(NCCn2cccn2)cc1)c1ccccc1 0.9880229 2.1254 1.0000000 1.0000 1.0000000 1.0000 []
 | 11.7240 33.7625 92.1044 0.9833350 Fc1cccc(N=Nc2cccc(NCc3ccco3)c2)c1 1 c1ccc(N=Nc2cccc(NCc3ccco3)c2)cc1 0.9833350 2.3437 1.0000000 1.0000 1.0000000 1.0000 []
 | 14.2266 43.3211 81.3216 0.9737705 Fc1ccc(N=Nc2cccc3ccncc23)cc1Cn1cccn1 1 c1cc(Cn2cccn2)cc(N=Nc2cccc3ccncc23)c1 0.9737705 2.6455 1.0000000 1.0000 1.0000000 1.0000 []
 | 18.6591 60.1165 65.5663 0.9818964 O=C1CCN(c2ccc(-c3cccc(N=Nc4ccccc4)c3)cc2)c2ccccc2N1 1 O=C1CCN(c2ccc(-c3cccc(N=Nc4ccccc4)c3)cc2)c2ccccc2N1 0.9818964 2.3986 1.0000000 1.0000 1.0000000 1.0000 []
04:29:10 <INFO> Score: 0.83 Agent NLL: 13.89 Valid:  96% Step: 382
 | Agent Prior Target Score SMILES SMILES_state Scaffold SA SA (raw) Alerts Alerts (raw) PS_Scaffold PS_Scaffold (raw) matchting_patterns (Alerts)
 | 15.3726 32.7195 89.7185 0.9565471 O=C(COC1CN(C(=O)c2ccccc2N=Nc2cccnc2)C1)N1CC(n2cccn2)C1 1 O=C(COC1CN(C(=O)c2ccccc2N=Nc2cccnc2)C1)N1CC(n2cccn2)C1 0.9565471 2.9860 1.0000000 1.0000 1.0000000 1.0000 []
 | 11.0816 24.6403 99.5148 0.9699619 O=C(C1=CCN(C(=O)c2ccc(N=Nc3ccccc3)cc2)CC1)N1CC(c2cccnc2)C1 1 O=C(C1=CCN(C(=O)c2ccc(N=Nc3ccccc3)cc2)CC1)N1CC(c2cccnc2)C1 0.9699619 2.7364 1.0000000 1.0000 1.0000000 1.0000 []
 | 12.2410 40.5745 85.6357 0.9860179 c1ccc(Cc2ccc(N=Nc3ccc(-c4ccoc4)cc3)cc2)cc1 1 c1ccc(Cc2ccc(N=Nc3ccc(-c4ccoc4)cc3)cc2)cc1 0.9860179 2.2275 1.0000000 1.0000 1.0000000 1.0000 []
 | 12.4091 45.5343 80.7912 0.9869176 COc1ccc(N=Nc2ccc(Nc3ccc(CN4CCOCC4)cc3)cc2)cc1 1 c1ccc(N=Nc2ccc(Nc3ccc(CN4CCOCC4)cc3)cc2)cc1 0.9869176 2.1836 1.0000000 1.0000 1.0000000 1.0000 []
 | 8.8603 55.5379 71.5538 0.9929035 c1ccc(Oc2ccc(-c3ccc(N=Nc4ccc(-c5ccccc5)cc4)cc3)cc2)cc1 1 c1ccc(Oc2ccc(-c3ccc(N=Nc4ccc(-c5ccccc5)cc4)cc3)cc2)cc1 0.9929035 1.7812 1.0000000 1.0000 1.0000000 1.0000 []
 | 13.0133 36.5184 87.4335 0.9683742 OCc1cccnc1-c1cccc(N=Nc2cccs2)c1 1 c1ccc(-c2cccc(N=Nc3cccs3)c2)nc1 0.9683742 2.7710 1.0000000 1.0000 1.0000000 1.0000 []
 | 8.7437 52.3627 -52.3627 0.0000000 COc1ccc(N=Nc2ccc(C(=O)Cc3ccccc3)cc2)cc1 1 O=C(Cc1ccccc1)c1ccc(N=Nc2ccccc2)cc1 0.9905419 1.9699 1.0000000 1.0000 1.0000000 1.0000 []
 | 11.1118 31.0941 92.3595 0.9644814 O=C(c1ccc(N=Nc2ccc(O)cc2)cc1)N1CCC(F)(C(=O)NCCc2ccc3ccccc3n2)CC1 1 O=C(NCCc1ccc2ccccc2n1)C1CCN(C(=O)c2ccc(N=Nc3ccccc3)cc2)CC1 0.9644814 2.8492 1.0000000 1.0000 1.0000000 1.0000 []
 | 10.1368 24.0894 91.8845 0.9060457 O=C(c1ccc(N=Nc2ccc(O)cc2)cc1)N1CC2C(C1)C2NC(=O)C1(c2ccccc2)CCCC1 1 O=C(c1ccc(N=Nc2ccccc2)cc1)N1CC2C(C1)C2NC(=O)C1(c2ccccc2)CCCC1 0.9060457 3.5236 1.0000000 1.0000 1.0000000 1.0000 []
 | 11.7096 33.8488 89.1543 0.9609619 O=C(c1ccc(N=Nc2cccnc2)cc1)N1CC(NC(=O)C2(c3ccc(F)cn3)CC2)C1 1 O=C(c1ccc(N=Nc2cccnc2)cc1)N1CC(NC(=O)C2(c3ccccn3)CC2)C1 0.9609619 2.9132 1.0000000 1.0000 1.0000000 1.0000 []
04:29:12 <INFO> Score: 0.84 Agent NLL: 13.40 Valid: 100% Step: 383
 | Agent Prior Target Score SMILES SMILES_state Scaffold SA SA (raw) Alerts Alerts (raw) PS_Scaffold PS_Scaffold (raw) matchting_patterns (Alerts)
 | 11.6299 38.2209 86.4060 0.9736474 c1cc(N=Nc2cccs2)cc(-c2cccc(OCC3CCOCC3)c2)c1 1 c1cc(N=Nc2cccs2)cc(-c2cccc(OCC3CCOCC3)c2)c1 0.9736474 2.6486 1.0000000 1.0000 1.0000000 1.0000 []
 | 15.4643 31.0183 90.1792 0.9468550 O=C(c1ccc(N=Nc2ccccn2)cc1)N1CCN2C(=O)OCC2C1 1 O=C(c1ccc(N=Nc2ccccn2)cc1)N1CCN2C(=O)OCC2C1 0.9468550 3.1238 1.0000000 1.0000 1.0000000 1.0000 []
 | 11.6300 50.4516 76.0473 0.9882724 O=C(CNC(=O)c1ccccc1)NCc1ccc(N=Nc2ccc(-c3ccccc3)cc2)cc1 1 O=C(CNC(=O)c1ccccc1)NCc1ccc(N=Nc2ccc(-c3ccccc3)cc2)cc1 0.9882724 2.1115 1.0000000 1.0000 1.0000000 1.0000 []
 | 16.4892 37.9044 -37.9044 0.0000000 CN(Cc1ccc(N2CCCC2)cc1)c1ccc(C(=O)c2ccccc2)cc1 1 O=C(c1ccccc1)c1ccc(NCc2ccc(N3CCCC3)cc2)cc1 0.0000000 0.0000 1.0000000 1.0000 0.0000000 0.0000 []
 | 13.8383 47.9694 75.8855 0.9676170 OCc1cccc(N=Nc2ccc(F)c(CNCc3ccc(N4CCCC4)nc3)c2)n1 1 c1ccc(N=Nc2cccc(CNCc3ccc(N4CCCC4)nc3)c2)nc1 0.9676170 2.7869 1.0000000 1.0000 1.0000000 1.0000 []
 | 9.0639 32.9327 -32.9327 0.0000000 c1ccc(-c2ccc(N=Nc3ccc(N4CCNCC4)cc3)cc2)cc1 1 c1ccc(-c2ccc(N=Nc3ccc(N4CCNCC4)cc3)cc2)cc1 0.9876078 2.1478 1.0000000 1.0000 1.0000000 1.0000 []
 | 12.3688 29.9769 89.3962 0.9326023 O=C(c1ccc(N=Nc2cccc(O)c2)cc1)N1CC(O)(C(=O)N2CCCCC(O)C2)C1 1 O=C(c1ccc(N=Nc2ccccc2)cc1)N1CC(C(=O)N2CCCCCC2)C1 0.9326023 3.2884 1.0000000 1.0000 1.0000000 1.0000 []
 | 8.0591 42.7937 -42.7937 0.0000000 c1ccc(N=Nc2ccc(Oc3ccc(Oc4ccccc4)cc3)cc2)cc1 1 c1ccc(N=Nc2ccc(Oc3ccc(Oc4ccccc4)cc3)cc2)cc1 0.9934855 1.7251 1.0000000 1.0000 1.0000000 1.0000 []
 | 12.4709 23.3291 95.5120 0.9284462 O=C(c1ccc(N=Nc2ccccc2)cc1)N1CCC(F)(C(=O)Nc2ccc3[nH]c(=O)cnc3c2)C1 1 O=C(Nc1ccc2[nH]c(=O)cnc2c1)C1CCN(C(=O)c2ccc(N=Nc3ccccc3)cc2)C1 0.9284462 3.3303 1.0000000 1.0000 1.0000000 1.0000 []
 | 14.6855 54.7072 70.1239 0.9752430 Cc1cc(N=Nc2ccc(C(=O)N3CCCCC3)cc2)ccc1-c1ccc(N2CCNCC2=O)cc1 1 O=C(c1ccc(N=Nc2ccc(-c3ccc(N4CCNCC4=O)cc3)cc2)cc1)N1CCCCC1 0.9752430 2.6069 1.0000000 1.0000 1.0000000 1.0000 []
04:29:13 <INFO> Sampled SMILES n1ccc(N=Nc2ccc(Cn3cccn3)cc2)c1CNc1ccc(CN2CCNCC2)cc1 failed to sanitize.
04:29:14 <INFO> Score: 0.80 Agent NLL: 13.47 Valid:  99% Step: 384
 | Agent Prior Target Score SMILES SMILES_state Scaffold SA SA (raw) Alerts Alerts (raw) PS_Scaffold PS_Scaffold (raw) matchting_patterns (Alerts)
 | 16.5137 38.4589 87.5757 0.9846447 Fc1ccc(N=Nc2ccc(Nc3ncncc3-c3ccccc3)cc2)cc1 1 c1ccc(N=Nc2ccc(Nc3ncncc3-c3ccccc3)cc2)cc1 0.9846447 2.2895 1.0000000 1.0000 1.0000000 1.0000 []
 | 14.8847 49.3760 75.3632 0.9745250 c1ccc(Cc2ccc(N=Nc3ccc(NCCCCN4CCOCC4)cc3)nn2)cc1 1 c1ccc(Cc2ccc(N=Nc3ccc(NCCCCN4CCOCC4)cc3)nn2)cc1 0.9745250 2.6260 1.0000000 1.0000 1.0000000 1.0000 []
 | 8.0116 27.8513 -27.8513 0.0000000 Fc1ccc(NN=Cc2ccccc2Cl)cc1 1 C(=NNc1ccccc1)c1ccccc1 0.9928685 1.7844 1.0000000 1.0000 1.0000000 1.0000 []
 | 8.7695 26.5876 100.3744 0.9918911 Fc1ccccc1C=NNc1ccc2ccccc2c1 1 C(=NNc1ccc2ccccc2c1)c1ccccc1 0.9918911 1.8687 1.0000000 1.0000 1.0000000 1.0000 []
 | 24.2222 62.3028 53.8434 0.9073927 OCc1ccc(N=Nc2cccc(F)c2CNC2Cc3ccc(F)cc3C2)o1 1 c1coc(N=Nc2ccccc2CNC2Cc3ccccc3C2)c1 0.9073927 3.5133 1.0000000 1.0000 1.0000000 1.0000 []
 | 13.0944 29.8570 93.6178 0.9646465 O=C1CCCCN1CCNC(=O)C1(F)CCN(C(=O)c2ccc(N=Nc3ccc(F)cc3)cc2)CC1 1 O=C(NCCN1CCCCC1=O)C1CCN(C(=O)c2ccc(N=Nc3ccccc3)cc2)CC1 0.9646465 2.8461 1.0000000 1.0000 1.0000000 1.0000 []
 | 9.4914 24.4770 99.6026 0.9693721 O=C(c1ccc(N=Nc2ccccc2)cc1)N1CC(NC(=O)C2(CO)CCOCC2)C1 1 O=C(NC1CN(C(=O)c2ccc(N=Nc3ccccc3)cc2)C1)C1CCOCC1 0.9693721 2.7494 1.0000000 1.0000 1.0000000 1.0000 []
 | 12.4980 30.6431 91.9048 0.9574059 O=C(c1ccc(N=Nc2ccccn2)cc1)N1CCC(F)(C(=O)NCc2ccnc(CO)c2)CC1 1 O=C(NCc1ccncc1)C1CCN(C(=O)c2ccc(N=Nc3ccccn3)cc2)CC1 0.9574059 2.9724 1.0000000 1.0000 1.0000000 1.0000 []
 | 18.5290 39.5372 83.3771 0.9602682 O=C(c1ccc(Cl)cc1N=Nc1ccc(F)cc1)N1CC(NC(=O)C2(O)CCOCC2)C1 1 O=C(NC1CN(C(=O)c2ccccc2N=Nc2ccccc2)C1)C1CCOCC1 0.9602682 2.9251 1.0000000 1.0000 1.0000000 1.0000 []
 | 12.4023 33.4745 87.1775 0.9425941 O=C(NCCNC(=O)C1(O)CCN(C(=O)c2ccc(N=Nc3cccnc3)cc2)C1)c1ccccc1 1 O=C(NCCNC(=O)C1CCN(C(=O)c2ccc(N=Nc3cccnc3)cc2)C1)c1ccccc1 0.9425941 3.1769 1.0000000 1.0000 1.0000000 1.0000 []
04:29:18 <INFO> Score: 0.84 Agent NLL: 14.07 Valid:  99% Step: 385
 | Agent Prior Target Score SMILES SMILES_state Scaffold SA SA (raw) Alerts Alerts (raw) PS_Scaffold PS_Scaffold (raw) matchting_patterns (Alerts)
 | 14.7869 40.5305 85.0011 0.9807158 c1cnn(Cc2ccc(N=Nc3ccc(-c4ccc5c(c4)CCO5)cc3)cc2)c1 1 c1cnn(Cc2ccc(N=Nc3ccc(-c4ccc5c(c4)CCO5)cc3)cc2)c1 0.9807158 2.4405 1.0000000 1.0000 1.0000000 1.0000 []
 | 7.5295 35.9219 -35.9219 0.0000000 c1ccc(N=Nc2ccc(-c3cccc4ccccc34)cc2)cc1 1 c1ccc(N=Nc2ccc(-c3cccc4ccccc34)cc2)cc1 0.9912986 1.9151 1.0000000 1.0000 1.0000000 1.0000 []
 | 14.2139 53.1878 72.2445 0.9799403 O=C(NCCCNc1cccc(N=Nc2ccc(-c3ccco3)cc2)c1)OCc1ccccc1 1 O=C(NCCCNc1cccc(N=Nc2ccc(-c3ccco3)cc2)c1)OCc1ccccc1 0.9799403 2.4667 1.0000000 1.0000 1.0000000 1.0000 []
 | 13.2494 26.3906 92.1272 0.9259204 O=C(c1ccc(N=Nc2ccc(O)cc2)cc1)N1CCC(F)(C(=O)N2CC(Oc3ccccc3F)C2)C1 1 O=C(c1ccc(N=Nc2ccccc2)cc1)N1CCC(C(=O)N2CC(Oc3ccccc3)C2)C1 0.9259204 3.3547 1.0000000 1.0000 1.0000000 1.0000 []
 | 9.6759 43.1340 -43.1340 0.0000000 O=C(Cc1ccccc1)Nc1ccccc1-c1ccc(N=Nc2ccccc2)cc1 1 O=C(Cc1ccccc1)Nc1ccccc1-c1ccc(N=Nc2ccccc2)cc1 0.9899107 2.0124 1.0000000 1.0000 1.0000000 1.0000 []
 | 6.9876 43.7461 -43.7461 0.0000000 O=C(Nc1ccc(N=Nc2ccccc2)cc1)c1ccccc1 1 O=C(Nc1ccc(N=Nc2ccccc2)cc1)c1ccccc1 0.9928570 1.7855 1.0000000 1.0000 1.0000000 1.0000 []
 | 9.3171 23.6976 102.3497 0.9847445 O=C(CN1CCN(C(=O)c2ccc(N=Nc3ccccc3)cc2)CC1)N1CCOCC1 1 O=C(CN1CCN(C(=O)c2ccc(N=Nc3ccccc3)cc2)CC1)N1CCOCC1 0.9847445 2.2852 1.0000000 1.0000 1.0000000 1.0000 []
 | 16.0848 40.8467 84.6592 0.9805149 Fc1cccc(Oc2ccccc2)c1N=Nc1ccc(CN2CCCNCC2)cc1 1 c1ccc(Oc2ccccc2N=Nc2ccc(CN3CCCNCC3)cc2)cc1 0.9805149 2.4474 1.0000000 1.0000 1.0000000 1.0000 []
 | 10.5593 39.3127 82.7878 0.9539100 O=C(C1=CCN(C(=O)c2ccc(N=Nc3ccc(O)cn3)cc2)C1)N1CCN(CCCO)CC1 1 O=C(C1=CCN(C(=O)c2ccc(N=Nc3ccccn3)cc2)C1)N1CCNCC1 0.9539100 3.0261 1.0000000 1.0000 1.0000000 1.0000 []
 | 9.3427 38.8937 75.1473 0.8909458 O=C(c1ccc(N=Nc2ccc(O)cn2)cc1)N1CCN(CC(=O)N2CC(F)CC2CO)CC1 1 O=C(CN1CCN(C(=O)c2ccc(N=Nc3ccccn3)cc2)CC1)N1CCCC1 0.8909458 3.6317 1.0000000 1.0000 1.0000000 1.0000 []
04:29:23 <INFO> Score: 0.85 Agent NLL: 13.63 Valid:  98% Step: 386
 | Agent Prior Target Score SMILES SMILES_state Scaffold SA SA (raw) Alerts Alerts (raw) PS_Scaffold PS_Scaffold (raw) matchting_patterns (Alerts)
 | 9.7283 48.0121 77.6709 0.9818980 OCc1cccc(N=Nc2cccc(-c3ccc(Nc4ccccc4)cc3)c2)n1 1 c1ccc(Nc2ccc(-c3cccc(N=Nc4ccccn4)c3)cc2)cc1 0.9818980 2.3985 1.0000000 1.0000 1.0000000 1.0000 []
 | 10.7485 24.2858 99.4235 0.9664792 O=C(NCCNC(=O)C1(F)CCN(C(=O)c2ccc(N=Nc3ccc(O)cc3)cc2)CC1)C1CCC1 1 O=C(NCCNC(=O)C1CCN(C(=O)c2ccc(N=Nc3ccccc3)cc2)CC1)C1CCC1 0.9664792 2.8102 1.0000000 1.0000 1.0000000 1.0000 []
 | 14.0040 30.3293 92.4950 0.9595650 O=C(c1ccc(N=Nc2cccc(O)c2)cc1)N1CC(F)(C(=O)Nc2ccc(-c3cnco3)cc2)C1 1 O=C(Nc1ccc(-c2cnco2)cc1)C1CN(C(=O)c2ccc(N=Nc3ccccc3)cc2)C1 0.9595650 2.9370 1.0000000 1.0000 1.0000000 1.0000 []
 | 25.1290 40.6289 -40.6289 0.0000000 CCN(Cc1cccs1)C(=O)c1cn(CC2CCCN2C(=O)c2cccc3cccc(-c3ccccc3)c2)nn1 0 -- 0.0000000 0.0000 0.0000000 0.0000 0.0000000 0.0000 None
 | 16.6445 44.9320 72.5001 0.9174385 O=C(C1=CCN(C(=O)c2ccc(N=Nc3ccco3)cc2)CC1)N1CCCC(CO)C1 1 O=C(C1=CCN(C(=O)c2ccc(N=Nc3ccco3)cc2)CC1)N1CCCCC1 0.9174385 3.4313 1.0000000 1.0000 1.0000000 1.0000 []
 | 10.6022 32.7800 92.3475 0.9775589 O=C(COC1CN(C(=O)c2ccc(N=Nc3ccccc3)cc2)C1)N1CCN(CCOc2ccccc2)CC1 1 O=C(COC1CN(C(=O)c2ccc(N=Nc3ccccc3)cc2)C1)N1CCN(CCOc2ccccc2)CC1 0.9775589 2.5414 1.0000000 1.0000 1.0000000 1.0000 []
 | 12.7153 24.7489 99.5099 0.9707718 O=C(c1ccc(N=Nc2ccccc2)cc1)N1CCn2nc(C(=O)N3CCN(CCO)CC3)cc2C1 1 O=C(c1ccc(N=Nc2ccccc2)cc1)N1CCn2nc(C(=O)N3CCNCC3)cc2C1 0.9707718 2.7180 1.0000000 1.0000 1.0000000 1.0000 []
 | 10.3953 37.3749 85.7104 0.9616035 O=C(c1ccc(N=Nc2ccc(O)cn2)cc1)N1CC(F)(C(=O)NCc2ccc3ccccc3c2)C1 1 O=C(NCc1ccc2ccccc2c1)C1CN(C(=O)c2ccc(N=Nc3ccccn3)cc2)C1 0.9616035 2.9019 1.0000000 1.0000 1.0000000 1.0000 []
 | 18.8206 62.3141 63.5876 0.9836076 O=C(COCc1cccnc1)Nc1cccc(N=Nc2ccc(Oc3ccccc3)cc2)c1 1 O=C(COCc1cccnc1)Nc1cccc(N=Nc2ccc(Oc3ccccc3)cc2)c1 0.9836076 2.3327 1.0000000 1.0000 1.0000000 1.0000 []
 | 8.0523 27.8513 -27.8513 0.0000000 Fc1ccc(NN=Cc2ccccc2Cl)cc1 1 C(=NNc1ccccc1)c1ccccc1 0.9928685 1.7844 1.0000000 1.0000 1.0000000 1.0000 []
04:29:25 <INFO> Score: 0.87 Agent NLL: 14.44 Valid: 100% Step: 387
 | Agent Prior Target Score SMILES SMILES_state Scaffold SA SA (raw) Alerts Alerts (raw) PS_Scaffold PS_Scaffold (raw) matchting_patterns (Alerts)
 | 12.5339 36.9929 89.6062 0.9890556 Clc1ccc(N=Nc2ccc(-c3ccc4ccccc4n3)cc2)cc1 1 c1ccc(N=Nc2ccc(-c3ccc4ccccc4n3)cc2)cc1 0.9890556 2.0660 1.0000000 1.0000 1.0000000 1.0000 []
 | 14.1258 25.3611 99.6313 0.9765028 O=C(c1cc(N=Nc2ccccc2)ccc1O)N1CCN(CC(=O)N(CCO)c2ccccc2)CC1 1 O=C(CN1CCN(C(=O)c2cccc(N=Nc3ccccc3)c2)CC1)Nc1ccccc1 0.9765028 2.5720 1.0000000 1.0000 1.0000000 1.0000 []
 | 8.5654 35.6241 88.6523 0.9709092 O=C(c1ccc(N=Nc2ccc(O)cn2)cc1)N1CCC(N2CCN(CCO)CC2)CC1 1 O=C(c1ccc(N=Nc2ccccn2)cc1)N1CCC(N2CCNCC2)CC1 0.9709092 2.7149 1.0000000 1.0000 1.0000000 1.0000 []
 | 17.9458 45.3104 80.3835 0.9819834 c1ccc(CNCc2cccc(-c3ccc(N=Nc4cccnn4)cc3)c2)cc1 1 c1ccc(CNCc2cccc(-c3ccc(N=Nc4cccnn4)cc3)c2)cc1 0.9819834 2.3954 1.0000000 1.0000 1.0000000 1.0000 []
 | 11.7869 45.7964 78.8266 0.9736177 O=C(Cc1ccco1)Nc1ccc(N=Nc2cccc(C(F)(F)F)n2)cc1 1 O=C(Cc1ccco1)Nc1ccc(N=Nc2ccccn2)cc1 0.9736177 2.6494 1.0000000 1.0000 1.0000000 1.0000 []
 | 12.9412 37.5372 82.0104 0.9339653 O=C(c1ccc(N=Nc2ccc(O)cn2)cc1)N1CC(F)(C(=O)NCC2CCSCC2)C1 1 O=C(NCC1CCSCC1)C1CN(C(=O)c2ccc(N=Nc3ccccn3)cc2)C1 0.9339653 3.2742 1.0000000 1.0000 1.0000000 1.0000 []
 | 11.7063 43.3429 82.1843 0.9806818 Fc1ccc(N=Nc2ccc(-c3ccccc3)cc2)cc1NC1CCN(c2ccccn2)CC1 1 c1ccc(-c2ccc(N=Nc3cccc(NC4CCN(c5ccccn5)CC4)c3)cc2)cc1 0.9806818 2.4417 1.0000000 1.0000 1.0000000 1.0000 []
 | 13.7044 34.5294 91.7988 0.9869397 c1ccc(N=Nc2ccc(-c3ccc4c(c3)OCCCO4)cc2)cc1 1 c1ccc(N=Nc2ccc(-c3ccc4c(c3)OCCCO4)cc2)cc1 0.9869397 2.1825 1.0000000 1.0000 1.0000000 1.0000 []
 | 9.3294 24.2707 101.3704 0.9815711 O=C(COC1CN(C(=O)c2ccc(N=Nc3ccccc3)cc2)C1)N1CCCCCC1 1 O=C(COC1CN(C(=O)c2ccc(N=Nc3ccccc3)cc2)C1)N1CCCCCC1 0.9815711 2.4104 1.0000000 1.0000 1.0000000 1.0000 []
 | 21.3154 50.1587 74.5901 0.9745994 Nc1ccc(N=Nc2cccc(F)c2N2CCN(CCS(=O)(=O)c3ccccc3)CC2)cc1 1 O=S(=O)(CCN1CCN(c2ccccc2N=Nc2ccccc2)CC1)c1ccccc1 0.9745994 2.6240 1.0000000 1.0000 1.0000000 1.0000 []
04:30:06 <INFO> Sampled SMILES Oc1ccc(N=Nc2ccc(Oc3ccccc3)cc2)cc1CNNCc1cc(CO2oCCOCC2)nn1 failed to sanitize.
04:30:07 <INFO> Score: 0.81 Agent NLL: 14.41 Valid:  99% Step: 388
 | Agent Prior Target Score SMILES SMILES_state Scaffold SA SA (raw) Alerts Alerts (raw) PS_Scaffold PS_Scaffold (raw) matchting_patterns (Alerts)
 | 10.8409 49.0029 77.2649 0.9864672 Cc1ccc(N=Nc2cccnc2)cc1NC(=O)Nc1ccccc1 1 O=C(Nc1ccccc1)Nc1cccc(N=Nc2cccnc2)c1 0.9864672 2.2060 1.0000000 1.0000 1.0000000 1.0000 []
 | 13.7654 29.2378 83.9918 0.8846067 O=C(c1ccc(N=Nc2ccc(F)cc2)cc1)N1CC2C(C1)C2C(=O)N1CCCCC1CCO 1 O=C(c1ccc(N=Nc2ccccc2)cc1)N1CC2C(C1)C2C(=O)N1CCCCC1 0.8846067 3.6731 1.0000000 1.0000 1.0000000 1.0000 []
 | 16.2062 47.4416 77.8620 0.9789340 Cc1cc2ccccc2nc1-c1cc(N=Nc2cccnc2)ccc1F 1 c1cncc(N=Nc2cccc(-c3ccc4ccccc4n3)c2)c1 0.9789340 2.4992 1.0000000 1.0000 1.0000000 1.0000 []
 | 12.7517 34.7665 88.8933 0.9660921 O=C(C1=CCN(C(=O)c2ccc(N=Nc3ccccn3)cc2)C1)N1CCN(CCOc2ccccc2)CC1 1 O=C(C1=CCN(C(=O)c2ccc(N=Nc3ccccn3)cc2)C1)N1CCN(CCOc2ccccc2)CC1 0.9660921 2.8179 1.0000000 1.0000 1.0000000 1.0000 []
 | 12.7448 31.5406 79.1929 0.8651056 O=C1NCCN(C(=O)C2CN(C(=O)c3ccc(N=Nc4cccc(O)c4)cc3)CCS2)C1CCO 1 O=C1CN(C(=O)C2CN(C(=O)c3ccc(N=Nc4ccccc4)cc3)CCS2)CCN1 0.8651056 3.7894 1.0000000 1.0000 1.0000000 1.0000 []
 | 18.6080 46.5987 77.8720 0.9724273 O=c1[nH]n(-c2cccc(CNCc3ccc(N=Nc4ccncc4)cc3)c2)c2ccccc12 1 O=c1[nH]n(-c2cccc(CNCc3ccc(N=Nc4ccncc4)cc3)c2)c2ccccc12 0.9724273 2.6789 1.0000000 1.0000 1.0000000 1.0000 []
 | 11.2858 39.1129 84.8148 0.9681846 O=C(CN1CCN(C(=O)c2ccc(N=Nc3cccc(F)c3)cc2)CC1)N1CCC(F)(CO)CC1 1 O=C(CN1CCN(C(=O)c2ccc(N=Nc3ccccc3)cc2)CC1)N1CCCCC1 0.9681846 2.7750 1.0000000 1.0000 1.0000000 1.0000 []
 | 11.2854 41.6981 80.0401 0.9510800 O=C(c1ccc(N=Nc2ccc(O)cn2)cc1)N1CC(O)(C(=O)N2CCCN(Cc3cccs3)CC2)C1 1 O=C(c1ccc(N=Nc2ccccn2)cc1)N1CC(C(=O)N2CCCN(Cc3cccs3)CC2)C1 0.9510800 3.0669 1.0000000 1.0000 1.0000000 1.0000 []
 | 10.9427 40.9594 84.6601 0.9814028 O=C(c1ccccc1)c1ccccc1N=Nc1ccc(N2CCCCCC2)cn1 1 O=C(c1ccccc1)c1ccccc1N=Nc1ccc(N2CCCCCC2)cn1 0.9814028 2.4164 1.0000000 1.0000 1.0000000 1.0000 []
 | 19.4222 53.4870 71.8046 0.9788406 O=C(NNc1cccc(N=Nc2ccc(Cl)c(CO)c2)c1)c1cccc(Cl)c1 1 O=C(NNc1cccc(N=Nc2ccccc2)c1)c1ccccc1 0.9788406 2.5022 1.0000000 1.0000 1.0000000 1.0000 []
04:30:09 <INFO> Score: 0.78 Agent NLL: 13.69 Valid: 100% Step: 389
 | Agent Prior Target Score SMILES SMILES_state Scaffold SA SA (raw) Alerts Alerts (raw) PS_Scaffold PS_Scaffold (raw) matchting_patterns (Alerts)
 | 13.0816 44.8541 81.5040 0.9871727 c1ccc(Nc2ccc(Nc3ccc(N=Nc4cccnc4)cc3)cc2)cc1 1 c1ccc(Nc2ccc(Nc3ccc(N=Nc4cccnc4)cc3)cc2)cc1 0.9871727 2.1706 1.0000000 1.0000 1.0000000 1.0000 []
 | 7.7531 40.8995 -40.8995 0.0000000 c1ccc(Cc2ccc(Oc3ccc(N=Nc4ccccc4)cc3)cc2)cc1 1 c1ccc(Cc2ccc(Oc3ccc(N=Nc4ccccc4)cc3)cc2)cc1 0.9913769 1.9091 1.0000000 1.0000 1.0000000 1.0000 []
 | 6.8934 43.7461 -43.7461 0.0000000 O=C(Nc1ccc(N=Nc2ccccc2)cc1)c1ccccc1 1 O=C(Nc1ccc(N=Nc2ccccc2)cc1)c1ccccc1 0.9928570 1.7855 1.0000000 1.0000 1.0000000 1.0000 []
 | 14.2067 43.6540 81.6907 0.9792556 Fc1ccc(N=Nc2ccccn2)cc1Nc1cccc(N2CCCCCC2)c1 1 c1ccc(N=Nc2cccc(Nc3cccc(N4CCCCCC4)c3)c2)nc1 0.9792556 2.4890 1.0000000 1.0000 1.0000000 1.0000 []
 | 12.4833 38.7737 79.7224 0.9257509 O=C(c1ccc(N=Nc2cccc(CO)c2)cc1)N1CC(F)(C(=O)NC2CCOc3ccccc32)C1 1 O=C(NC1CCOc2ccccc21)C1CN(C(=O)c2ccc(N=Nc3ccccc3)cc2)C1 0.9257509 3.3563 1.0000000 1.0000 1.0000000 1.0000 []
 | 9.1511 24.1902 -24.1902 0.0000000 O=C(c1ccc(N=Nc2ccc(O)cc2)cc1)N1CC(NC(=O)C2(c3cccs3)CCOCC2)C1 1 O=C(c1ccc(N=Nc2ccccc2)cc1)N1CC(NC(=O)C2(c3cccs3)CCOCC2)C1 0.9615174 2.9035 1.0000000 1.0000 1.0000000 1.0000 []
 | 13.5391 58.3259 67.5078 0.9830755 c1csc(-c2ccc(N=Nc3ccc(-c4ccc(CNC5CCCCC5)cc4)cc3)cc2)c1 1 c1csc(-c2ccc(N=Nc3ccc(-c4ccc(CNC5CCCCC5)cc4)cc3)cc2)c1 0.9830755 2.3539 1.0000000 1.0000 1.0000000 1.0000 []
 | 18.2279 46.2399 78.6653 0.9758218 Fc1cccc(N=Nc2cccc(NCc3ccc4c(c3)OCN4Cc3ccccc3)c2)c1 1 c1ccc(CN2COc3cc(CNc4cccc(N=Nc5ccccc5)c4)ccc32)cc1 0.9758218 2.5911 1.0000000 1.0000 1.0000000 1.0000 []
 | 14.2374 49.6932 74.5350 0.9705327 O=C(c1ccccc1)N1CCC(NCc2cccc(N=Nc3ccc4cc[nH]c4n3)c2)CC1 1 O=C(c1ccccc1)N1CCC(NCc2cccc(N=Nc3ccc4cc[nH]c4n3)c2)CC1 0.9705327 2.7235 1.0000000 1.0000 1.0000000 1.0000 []
 | 9.9924 33.6543 -33.6543 0.0000000 O=C(Nc1ccc(NN=Cc2ccccc2Cl)cc1)c1ccccn1 1 O=C(Nc1ccc(NN=Cc2ccccc2)cc1)c1ccccn1 0.9904701 1.9749 1.0000000 1.0000 1.0000000 1.0000 []
04:30:11 <INFO> Score: 0.85 Agent NLL: 13.73 Valid: 100% Step: 390
 | Agent Prior Target Score SMILES SMILES_state Scaffold SA SA (raw) Alerts Alerts (raw) PS_Scaffold PS_Scaffold (raw) matchting_patterns (Alerts)
 | 12.3341 47.8830 77.9997 0.9834588 Oc1cccc(CN2CCC(Nc3ccc(N=Nc4ccc(-c5ccccc5)cc4)cc3)CC2)c1 1 c1ccc(CN2CCC(Nc3ccc(N=Nc4ccc(-c5ccccc5)cc4)cc3)CC2)cc1 0.9834588 2.3387 1.0000000 1.0000 1.0000000 1.0000 []
 | 11.3767 37.7007 75.8084 0.8867898 O=C1CCC(CNC(=O)C2(F)CN(C(=O)c3ccc(N=Nc4ccc(O)cn4)cc3)C2)N1 1 O=C1CCC(CNC(=O)C2CN(C(=O)c3ccc(N=Nc4ccccn4)cc3)C2)N1 0.8867898 3.6591 1.0000000 1.0000 1.0000000 1.0000 []
 | 11.9689 23.7445 94.0750 0.9204653 O=C(c1ccc(N=Nc2ccccc2)cc1)N1CC(C(=O)N2CCC(O)C2)C(c2ccccc2)C1 1 O=C(c1ccc(N=Nc2ccccc2)cc1)N1CC(C(=O)N2CCCC2)C(c2ccccc2)C1 0.9204653 3.4048 1.0000000 1.0000 1.0000000 1.0000 []
 | 20.4137 51.2082 70.1748 0.9483049 O=C(c1ccccc1N=Nc1cccnc1)N1CCC(n2cc(C(=O)N(CC3CCOCC3)C3CC3)cn2)CC1 1 O=C(c1ccccc1N=Nc1cccnc1)N1CCC(n2cc(C(=O)N(CC3CCOCC3)C3CC3)cn2)CC1 0.9483049 3.1048 1.0000000 1.0000 1.0000000 1.0000 []
 | 11.0495 64.5159 61.6367 0.9855674 O=C(CNC(=O)c1ccc(Oc2ccccc2)cc1)Nc1ccc(N=Nc2ccc(-c3ccccc3)cc2)cc1 1 O=C(CNC(=O)c1ccc(Oc2ccccc2)cc1)Nc1ccc(N=Nc2ccc(-c3ccccc3)cc2)cc1 0.9855674 2.2485 1.0000000 1.0000 1.0000000 1.0000 []
 | 13.1288 55.3026 69.0313 0.9713585 OCc1ccccc1N=Nc1ccc(F)c(NCc2ccc(N3CCNCC3)nc2)c1 1 c1ccc(N=Nc2cccc(NCc3ccc(N4CCNCC4)nc3)c2)cc1 0.9713585 2.7044 1.0000000 1.0000 1.0000000 1.0000 []
 | 12.2497 41.1722 83.3490 0.9728225 c1cc(N=Nc2cccnn2)cc(NCc2ccc(Cn3cccn3)cc2)c1 1 c1cc(N=Nc2cccnn2)cc(NCc2ccc(Cn3cccn3)cc2)c1 0.9728225 2.6693 1.0000000 1.0000 1.0000000 1.0000 []
 | 14.1644 38.8288 86.8765 0.9820727 Fc1ccc(N=Nc2cccc(N3CCN(CCCC4CCCCC4)CC3)c2)cc1 1 c1ccc(N=Nc2cccc(N3CCN(CCCC4CCCCC4)CC3)c2)cc1 0.9820727 2.3921 1.0000000 1.0000 1.0000000 1.0000 []
 | 11.9751 51.3435 75.2948 0.9893622 O=C(Cc1ccccc1)Nc1ccc(C(=O)c2ccc(N=Nc3ccccc3)cc2)cc1 1 O=C(Cc1ccccc1)Nc1ccc(C(=O)c2ccc(N=Nc3ccccc3)cc2)cc1 0.9893622 2.0472 1.0000000 1.0000 1.0000000 1.0000 []
 | 17.3983 32.6268 90.9629 0.9655443 O=C(c1cc(N=Nc2ccccc2)ccc1O)N1CC(NC(=O)C2(c3ccc(C(F)(F)F)cc3)CCC2)C1 1 O=C(c1cccc(N=Nc2ccccc2)c1)N1CC(NC(=O)C2(c3ccccc3)CCC2)C1 0.9655443 2.8287 1.0000000 1.0000 1.0000000 1.0000 []
04:30:12 <INFO> Sampled SMILES N#Cc1ccc(N=Nc2cccs2)c1CNc1ccc(F)cc1 failed to sanitize.
04:30:15 <INFO> Score: 0.87 Agent NLL: 13.65 Valid:  99% Step: 391
 | Agent Prior Target Score SMILES SMILES_state Scaffold SA SA (raw) Alerts Alerts (raw) PS_Scaffold PS_Scaffold (raw) matchting_patterns (Alerts)
 | 9.8019 45.9490 79.6771 0.9814541 O=C(Cn1ccc(=O)cc1)Nc1ccc(N=Nc2ccc(-c3ccccc3)cc2)cc1 1 O=C(Cn1ccc(=O)cc1)Nc1ccc(N=Nc2ccc(-c3ccccc3)cc2)cc1 0.9814541 2.4146 1.0000000 1.0000 1.0000000 1.0000 []
 | 13.3725 25.3009 94.3167 0.9345127 O=C(c1ccc(N=Nc2ccc(Br)cc2)cc1)N1CC2C(CO)C2C1 1 O=C(c1ccc(N=Nc2ccccc2)cc1)N1CC2CC2C1 0.9345127 3.2684 1.0000000 1.0000 1.0000000 1.0000 []
 | 9.1390 24.4435 -24.4435 0.0000000 O=C(c1ccc(N=Nc2ccc(O)cc2)cc1)N1CCC(F)(C(=O)N2CCC(F)(CO)CC2)CC1 1 O=C(c1ccc(N=Nc2ccccc2)cc1)N1CCC(C(=O)N2CCCCC2)CC1 0.9495013 3.0887 1.0000000 1.0000 1.0000000 1.0000 []
 | 13.0544 37.3746 87.5545 0.9760084 O=c1cnc2cc(Nc3cc(N=Nc4ccc(F)cc4)ccc3F)ccc2[nH]1 1 O=c1cnc2cc(Nc3cccc(N=Nc4ccccc4)c3)ccc2[nH]1 0.9760084 2.5859 1.0000000 1.0000 1.0000000 1.0000 []
 | 12.8944 43.0573 82.5594 0.9813801 c1ccc(Oc2ccc(N=Nc3ccc(CNCc4ccon4)cc3)cc2)cc1 1 c1ccc(Oc2ccc(N=Nc3ccc(CNCc4ccon4)cc3)cc2)cc1 0.9813801 2.4172 1.0000000 1.0000 1.0000000 1.0000 []
 | 11.6675 41.4791 81.1284 0.9578710 O=C(COC1CCN(C(=O)c2ccc(N=Nc3cccc(CO)c3)cc2)CC1)N1CCC(F)(CO)CC1 1 O=C(COC1CCN(C(=O)c2ccc(N=Nc3ccccc3)cc2)CC1)N1CCCCC1 0.9578710 2.9649 1.0000000 1.0000 1.0000000 1.0000 []
 | 14.8716 53.8537 68.6692 0.9572102 OCc1ccc(N=Nc2cccc(F)c2N2CCN(CCN3CCOCC3)CC2)o1 1 c1coc(N=Nc2ccccc2N2CCN(CCN3CCOCC3)CC2)c1 0.9572102 2.9755 1.0000000 1.0000 1.0000000 1.0000 []
 | 7.9225 43.3442 -43.3442 0.0000000 c1ccc(N=Nc2ccc(Nc3ccc(-c4ccccc4)cc3)cc2)cc1 1 c1ccc(N=Nc2ccc(Nc3ccc(-c4ccccc4)cc3)cc2)cc1 0.9925902 1.8096 1.0000000 1.0000 1.0000000 1.0000 []
 | 16.3393 33.5291 90.9926 0.9728256 Fc1ccc(N=Nc2ccccc2)cc1Sc1ccc(N2CCNCC2)nc1 1 c1ccc(N=Nc2cccc(Sc3ccc(N4CCNCC4)nc3)c2)cc1 0.9728256 2.6692 1.0000000 1.0000 1.0000000 1.0000 []
 | 9.1577 57.6733 -57.6733 0.0000000 O=C(Cc1ccccc1)Nc1cccc(N=Nc2ccccc2)c1 1 O=C(Cc1ccccc1)Nc1cccc(N=Nc2ccccc2)c1 0.9911243 1.9281 1.0000000 1.0000 1.0000000 1.0000 []
04:30:17 <INFO> Sampled SMILES O=C(c1ccc(N=Nc2cccc(OCc3ccccc3)cc2)cc1)N1CC=C(C(=O)N2CCC2)CC1 failed to sanitize.
04:30:19 <INFO> Score: 0.82 Agent NLL: 14.20 Valid:  99% Step: 392
 | Agent Prior Target Score SMILES SMILES_state Scaffold SA SA (raw) Alerts Alerts (raw) PS_Scaffold PS_Scaffold (raw) matchting_patterns (Alerts)
 | 16.3357 49.3518 74.1882 0.9651559 CN(c1ccc(N=Nc2ccc(OCCN3CCOCC3)nc2)cc1)C1Cc2ccccc2C1 1 c1ccc2c(c1)CC(Nc1ccc(N=Nc3ccc(OCCN4CCOCC4)nc3)cc1)C2 0.9651559 2.8363 1.0000000 1.0000 1.0000000 1.0000 []
 | 12.8168 36.2242 81.6693 0.9210429 O=C(COC1CN(C(=O)c2ccccc2N=Nc2ccncc2)C1)N(Cc1ccco1)CC1CCCO1 1 O=C(COC1CN(C(=O)c2ccccc2N=Nc2ccncc2)C1)N(Cc1ccco1)CC1CCCO1 0.9210429 3.3997 1.0000000 1.0000 1.0000000 1.0000 []
 | 16.9465 31.0927 90.0812 0.9466713 O=C(NCCCCN1CCN(C(=O)c2ccc(N=Nc3ccc(O)cc3)cc2)CC1)C1CCCS1 1 O=C(NCCCCN1CCN(C(=O)c2ccc(N=Nc3ccccc3)cc2)CC1)C1CCCS1 0.9466713 3.1261 1.0000000 1.0000 1.0000000 1.0000 []
 | 12.9776 23.6746 99.8951 0.9653881 O=C(c1ccc(N=Nc2ccccc2)cc1)N1CC(F)(C(=O)N(CCO)C2CCCCC2)C1 1 O=C(NC1CCCCC1)C1CN(C(=O)c2ccc(N=Nc3ccccc3)cc2)C1 0.9653881 2.8318 1.0000000 1.0000 1.0000000 1.0000 []
 | 11.7277 60.7557 60.1924 0.9449069 O=C(c1ccc(N=Nc2ccc(OC3CCOCC3)nc2)cc1)N1CCC(NC(=O)C2(CO)CCOCC2)CC1 1 O=C(NC1CCN(C(=O)c2ccc(N=Nc3ccc(OC4CCOCC4)nc3)cc2)CC1)C1CCOCC1 0.9449069 3.1486 1.0000000 1.0000 1.0000000 1.0000 []
 | 11.6027 24.9058 91.8529 0.9121777 O=C(c1ccc(N=Nc2ccc(O)cc2)cc1)N1CCC(CC(=O)N2CC(F)CC2CO)CC1 1 O=C(CC1CCN(C(=O)c2ccc(N=Nc3ccccc3)cc2)CC1)N1CCCC1 0.9121777 3.4753 1.0000000 1.0000 1.0000000 1.0000 []
 | 6.7487 38.1895 -38.1895 0.0000000 c1ccc(N=Nc2ccc(OCc3ccc(-c4ccccc4)cc3)cc2)cc1 1 c1ccc(N=Nc2ccc(OCc3ccc(-c4ccccc4)cc3)cc2)cc1 0.9914296 1.9051 1.0000000 1.0000 1.0000000 1.0000 []
 | 15.1132 50.8775 72.2392 0.9618492 O=C(c1ccc(N=Nc2cccc(CO)c2)cc1)N1CCC(O)(C(=O)N2CCC(N3CCCCC3)CC2)CC1 1 O=C(c1ccc(N=Nc2ccccc2)cc1)N1CCC(C(=O)N2CCC(N3CCCCC3)CC2)CC1 0.9618492 2.8976 1.0000000 1.0000 1.0000000 1.0000 []
 | 12.3711 45.6915 80.1198 0.9829006 O=C(Cn1cc([N+](=O)[O-])cn1)Nc1ccc(N=Nc2ccc(-c3ccccc3)cc2)cc1 1 O=C(Cn1cccn1)Nc1ccc(N=Nc2ccc(-c3ccccc3)cc2)cc1 0.9829006 2.3607 1.0000000 1.0000 1.0000000 1.0000 []
 | 18.1153 46.0414 77.3134 0.9637097 Cc1ccc(N=Nc2cccc(CO)n2)cc1NCc1nnc2ccccn12 1 c1ccc(N=Nc2cccc(NCc3nnc4ccccn34)c2)nc1 0.9637097 2.8638 1.0000000 1.0000 1.0000000 1.0000 []
04:30:22 <INFO> Score: 0.85 Agent NLL: 14.57 Valid: 100% Step: 393
 | Agent Prior Target Score SMILES SMILES_state Scaffold SA SA (raw) Alerts Alerts (raw) PS_Scaffold PS_Scaffold (raw) matchting_patterns (Alerts)
 | 17.8365 67.0388 57.6448 0.9740909 O=C1NCCCN1c1ccccc1CNc1cc(N=Nc2cccc(-c3ccccc3)c2)ccc1F 1 O=C1NCCCN1c1ccccc1CNc1cccc(N=Nc2cccc(-c3ccccc3)c2)c1 0.9740909 2.6373 1.0000000 1.0000 1.0000000 1.0000 []
 | 14.5050 59.4842 65.0564 0.9729742 O=C(Nc1ccccc1)c1ccnc(CNc2ccc(N=Nc3ccc(CO)o3)cc2)c1 1 O=C(Nc1ccccc1)c1ccnc(CNc2ccc(N=Nc3ccco3)cc2)c1 0.9729742 2.6655 1.0000000 1.0000 1.0000000 1.0000 []
 | 12.8930 50.8615 75.4632 0.9869111 O=C(CNCCc1ccccc1)Nc1ccc(N=Nc2ccc(Oc3ccccc3)cc2)cc1 1 O=C(CNCCc1ccccc1)Nc1ccc(N=Nc2ccc(Oc3ccccc3)cc2)cc1 0.9869111 2.1839 1.0000000 1.0000 1.0000000 1.0000 []
 | 18.2211 52.3741 70.2739 0.9581878 O=C(C1=CCN(C(=O)c2ccccc2N=Nc2ccccc2)CC1)N(CCCCCCCCCCO)CC1CCC1 1 O=C(NCC1CCC1)C1=CCN(C(=O)c2ccccc2N=Nc2ccccc2)CC1 0.9581878 2.9598 1.0000000 1.0000 1.0000000 1.0000 []
 | 11.1626 29.5307 81.2722 0.8656476 O=C(c1ccc(N=Nc2ccc(F)cc2)cc1)N1CC(F)(C(=O)NC2C=CN=N2)C1 1 O=C(NC1C=CN=N1)C1CN(C(=O)c2ccc(N=Nc3ccccc3)cc2)C1 0.8656476 3.7864 1.0000000 1.0000 1.0000000 1.0000 []
 | 17.3332 41.9448 84.4519 0.9874743 O=C(Nc1cc(N=Nc2ccccc2)ccc1C(=O)c1ccc(F)cc1)c1ccccc1 1 O=C(Nc1cc(N=Nc2ccccc2)ccc1C(=O)c1ccccc1)c1ccccc1 0.9874743 2.1549 1.0000000 1.0000 1.0000000 1.0000 []
 | 15.4925 40.3069 80.0555 0.9403315 O=C(c1ccc(N=Nc2cccs2)cc1)N1CCOCCOCCOCCOCC1 1 O=C(c1ccc(N=Nc2cccs2)cc1)N1CCOCCOCCOCCOCC1 0.9403315 3.2037 1.0000000 1.0000 1.0000000 1.0000 []
 | 13.3570 46.8864 77.7249 0.9735258 O=C(c1ccc(N=Nc2ccc(OCc3ccccc3)cc2)cc1)N1CCC(c2ccccc2)C1 1 O=C(c1ccc(N=Nc2ccc(OCc3ccccc3)cc2)cc1)N1CCC(c2ccccc2)C1 0.9735258 2.6517 1.0000000 1.0000 1.0000000 1.0000 []
 | 13.6186 48.4515 76.8473 0.9788970 O=C(NCc1ccccc1)c1cc(F)ccc1Nc1ccc(N=Nc2cccnn2)cc1 1 O=C(NCc1ccccc1)c1ccccc1Nc1ccc(N=Nc2cccnn2)cc1 0.9788970 2.5004 1.0000000 1.0000 1.0000000 1.0000 []
 | 15.3831 47.3788 77.8428 0.9782944 OCc1ccc(N=Nc2cccc(CN3CCc4ccccc4C3)c2)cn1 1 c1cncc(N=Nc2cccc(CN3CCc4ccccc4C3)c2)c1 0.9782944 2.5192 1.0000000 1.0000 1.0000000 1.0000 []
04:30:23 <INFO> Sampled SMILES O=C(c1cc(N=Nc2cccc(Oc3ccccc3)cc2)ccn1)N1CCS(=O)CC1 failed to sanitize.
04:30:24 <INFO> Score: 0.79 Agent NLL: 13.80 Valid:  99% Step: 394
 | Agent Prior Target Score SMILES SMILES_state Scaffold SA SA (raw) Alerts Alerts (raw) PS_Scaffold PS_Scaffold (raw) matchting_patterns (Alerts)
 | 12.5979 34.2505 -34.2505 0.0000000 Fc1ccccc1N=Nc1ccc(Nc2ccccn2)cc1 1 c1ccc(N=Nc2ccc(Nc3ccccn3)cc2)cc1 0.9864603 2.2063 1.0000000 1.0000 1.0000000 1.0000 []
 | 12.3917 30.0612 90.4746 0.9416857 O=C(c1ccc(N=Nc2ccc(F)cc2)cc1)N1CCC(F)(C(=O)NCC2CCCC2)C1 1 O=C(NCC1CCCC1)C1CCN(C(=O)c2ccc(N=Nc3ccccc3)cc2)C1 0.9416857 3.1878 1.0000000 1.0000 1.0000000 1.0000 []
 | 18.5175 52.7777 73.6589 0.9877856 O=C(c1ccccc1)c1ccc(N=Nc2cccc(-c3ccc(CO)cc3)c2)cc1 1 O=C(c1ccccc1)c1ccc(N=Nc2cccc(-c3ccccc3)c2)cc1 0.9877856 2.1383 1.0000000 1.0000 1.0000000 1.0000 []
 | 12.1119 41.2963 84.7880 0.9850337 c1ccc(N=Nc2ccccc2NCc2ccccc2CN2CCOCC2)cc1 1 c1ccc(N=Nc2ccccc2NCc2ccccc2CN2CCOCC2)cc1 0.9850337 2.2725 1.0000000 1.0000 1.0000000 1.0000 []
 | 14.4437 24.4074 99.2240 0.9658707 O=C(c1ccc(N=Nc2ccc(O)cc2)cc1)N1CC(O)(C(=O)NCc2ccc(Cl)s2)C1 1 O=C(NCc1cccs1)C1CN(C(=O)c2ccc(N=Nc3ccccc3)cc2)C1 0.9658707 2.8223 1.0000000 1.0000 1.0000000 1.0000 []
 | 10.7774 32.1106 92.2703 0.9717261 O=C(c1ccc(N=Nc2ccccn2)cc1)N1CC(NC(=O)C2(c3ccccc3)CCCC2)C1 1 O=C(c1ccc(N=Nc2ccccn2)cc1)N1CC(NC(=O)C2(c3ccccc3)CCCC2)C1 0.9717261 2.6958 1.0000000 1.0000 1.0000000 1.0000 []
 | 11.6144 31.0556 87.9946 0.9300796 O=C(c1ccc(N=Nc2ccc(Br)cc2)cc1)N1CCC(NC(=O)C2(F)CCOCC2)C1 1 O=C(NC1CCN(C(=O)c2ccc(N=Nc3ccccc3)cc2)C1)C1CCOCC1 0.9300796 3.3141 1.0000000 1.0000 1.0000000 1.0000 []
 | 9.1428 32.0886 92.8732 0.9762640 O=C(CN1CCN(C(=O)c2ccc(N=Nc3ccc(F)cc3)cc2)CC1)N1CC=CCC1 1 O=C(CN1CCN(C(=O)c2ccc(N=Nc3ccccc3)cc2)CC1)N1CC=CCC1 0.9762640 2.5788 1.0000000 1.0000 1.0000000 1.0000 []
 | 14.7726 31.8460 91.7568 0.9656464 CN(c1ccc(N=Nc2ccccc2)cc1)C1CCCN(S(=O)(=O)c2ccccc2)C1 1 O=S(=O)(c1ccccc1)N1CCCC(Nc2ccc(N=Nc3ccccc3)cc2)C1 0.9656464 2.8267 1.0000000 1.0000 1.0000000 1.0000 []
 | 9.5057 24.1746 99.9599 0.9698001 O=C(c1ccc(N=Nc2ccccc2)cc1)N1CCC(CNC(=O)C2(CO)CCOCC2)CC1 1 O=C(NCC1CCN(C(=O)c2ccc(N=Nc3ccccc3)cc2)CC1)C1CCOCC1 0.9698001 2.7400 1.0000000 1.0000 1.0000000 1.0000 []
04:31:18 <INFO> Score: 0.82 Agent NLL: 14.04 Valid: 100% Step: 395
 | Agent Prior Target Score SMILES SMILES_state Scaffold SA SA (raw) Alerts Alerts (raw) PS_Scaffold PS_Scaffold (raw) matchting_patterns (Alerts)
 | 12.8559 31.1569 91.5343 0.9585254 O=C(c1ccccc1N=Nc1cccnc1)N1CC=C(C(=O)N(CCCO)c2ccccc2)C1 1 O=C(Nc1ccccc1)C1=CCN(C(=O)c2ccccc2N=Nc2cccnc2)C1 0.9585254 2.9543 1.0000000 1.0000 1.0000000 1.0000 []
 | 12.7928 46.4910 78.4938 0.9764434 O=C(Cn1cc(F)c(=O)[nH]c1=O)Nc1ccc(N=Nc2ccc(-c3cccs3)cc2)cc1 1 O=C(Cn1ccc(=O)[nH]c1=O)Nc1ccc(N=Nc2ccc(-c3cccs3)cc2)cc1 0.9764434 2.5737 1.0000000 1.0000 1.0000000 1.0000 []
 | 11.5161 36.2020 -36.2020 0.0000000 Fc1cccc(N=Nc2ccccc2)c1CN1CCN(CCN2CCOCC2)CC1 1 c1ccc(N=Nc2ccccc2CN2CCN(CCN3CCOCC3)CC2)cc1 0.9792025 2.4907 1.0000000 1.0000 1.0000000 1.0000 []
 | 12.4238 51.4662 72.5747 0.9690700 c1ccc(Cc2ccc(N=Nc3cccc(CNC4CCCN(Cc5ccccc5)CC4)c3)cc2)cc1 1 c1ccc(Cc2ccc(N=Nc3cccc(CNC4CCCN(Cc5ccccc5)CC4)c3)cc2)cc1 0.9690700 2.7560 1.0000000 1.0000 1.0000000 1.0000 []
 | 15.2354 43.0079 82.3392 0.9792742 Fc1ccc(N=Nc2cccc(-c3ccccc3)c2)cc1NCCn1ccnc1 1 c1ccc(-c2cccc(N=Nc3cccc(NCCn4ccnc4)c3)c2)cc1 0.9792742 2.4884 1.0000000 1.0000 1.0000000 1.0000 []
 | 15.4048 27.0699 95.4176 0.9569330 O=C(c1ccccc1N=Nc1ccc(O)cc1)N1CCc2c(cccc2NC(=O)C2(CO)CCOCC2)C1 1 O=C(Nc1cccc2c1CCN(C(=O)c1ccccc1N=Nc1ccccc1)C2)C1CCOCC1 0.9569330 2.9799 1.0000000 1.0000 1.0000000 1.0000 []
 | 20.8475 64.2430 61.0177 0.9785997 O=C(Nc1cc(N=Nc2cccc(Nc3ccc4c(c3)CCC4)c2)ccn1)c1ccccc1 1 O=C(Nc1cc(N=Nc2cccc(Nc3ccc4c(c3)CCC4)c2)ccn1)c1ccccc1 0.9785997 2.5097 1.0000000 1.0000 1.0000000 1.0000 []
 | 20.1181 42.7418 82.0201 0.9747016 Cc1ccc(N=Nc2cccnc2)cc1NCc1cccc2c1OCC2 1 c1cncc(N=Nc2cccc(NCc3cccc4c3OCC4)c2)c1 0.9747016 2.6213 1.0000000 1.0000 1.0000000 1.0000 []
 | 16.5146 31.6875 91.6338 0.9634472 Cc1ccccc1N=Nc1ccc(NC(=O)C2COCCN2Cc2ccccc2)cc1C 1 O=C(Nc1ccc(N=Nc2ccccc2)cc1)C1COCCN1Cc1ccccc1 0.9634472 2.8686 1.0000000 1.0000 1.0000000 1.0000 []
 | 14.9727 43.6925 82.3536 0.9847353 c1ccc(-c2ccc(N=Nc3cccc(NC4CNC4)c3)cc2)cc1 1 c1ccc(-c2ccc(N=Nc3cccc(NC4CNC4)c3)cc2)cc1 0.9847353 2.2856 1.0000000 1.0000 1.0000000 1.0000 []
04:31:19 <INFO> Sampled SMILES c1cc(N=nc2ccccc2)ccc1-c1cccc2cccnc12 failed to sanitize.
04:31:20 <INFO> Score: 0.83 Agent NLL: 13.85 Valid:  98% Step: 396
 | Agent Prior Target Score SMILES SMILES_state Scaffold SA SA (raw) Alerts Alerts (raw) PS_Scaffold PS_Scaffold (raw) matchting_patterns (Alerts)
 | 9.5325 48.1431 78.4938 0.9893504 O=C(COc1ccccc1)Nc1ccc(N=Nc2ccc(Cc3ccccc3)cc2)cc1 1 O=C(COc1ccccc1)Nc1ccc(N=Nc2ccc(Cc3ccccc3)cc2)cc1 0.9893504 2.0480 1.0000000 1.0000 1.0000000 1.0000 []
 | 10.9404 36.2693 87.5079 0.9670093 O=C(c1ccc(N=Nc2ccc(Oc3ccccc3)cc2)cc1)N1CC(NC(=O)C2(CO)CCOCC2)C1 1 O=C(NC1CN(C(=O)c2ccc(N=Nc3ccc(Oc4ccccc4)cc3)cc2)C1)C1CCOCC1 0.9670093 2.7994 1.0000000 1.0000 1.0000000 1.0000 []
 | 20.3264 37.2298 88.0435 0.9786982 Fc1ccccc1N=Nc1ccc(F)c(-c2cc(-c3ccncc3)ccn2)c1 1 c1ccc(N=Nc2cccc(-c3cc(-c4ccncc4)ccn3)c2)cc1 0.9786982 2.5067 1.0000000 1.0000 1.0000000 1.0000 []
 | 12.0574 33.0936 90.7596 0.9676028 O=C(c1ccc(N=Nc2ccc(F)cc2)cc1)N1CC(O)(C(=O)N2CCN(Cc3cccs3)CC2)C1 1 O=C(c1ccc(N=Nc2ccccc2)cc1)N1CC(C(=O)N2CCN(Cc3cccs3)CC2)C1 0.9676028 2.7872 1.0000000 1.0000 1.0000000 1.0000 []
 | 15.6751 60.3413 -60.3413 0.0000000 Clc1ccccc1C=NNc1ccc(NC(ccccc2)c2ccccc2)c1 0 -- 0.0000000 0.0000 0.0000000 0.0000 0.0000000 0.0000 None
 | 11.3839 52.6357 74.0660 0.9898577 O=C(Cc1ccccc1)Nc1ccc(N=Nc2ccc(Oc3ccccc3)cc2)cc1 1 O=C(Cc1ccccc1)Nc1ccc(N=Nc2ccc(Oc3ccccc3)cc2)cc1 0.9898577 2.0158 1.0000000 1.0000 1.0000000 1.0000 []
 | 14.3432 69.2430 55.5860 0.9752268 c1cc(N=Nc2cccc3ccccc23)cc(NNCc2ccccc2OC2CCCC2)c1 1 c1cc(N=Nc2cccc3ccccc23)cc(NNCc2ccccc2OC2CCCC2)c1 0.9752268 2.6073 1.0000000 1.0000 1.0000000 1.0000 []
 | 10.8737 31.3631 95.6311 0.9921424 Clc1ccccc1C=NNc1cccc(OCc2ccccc2)c1 1 C(=NNc1cccc(OCc2ccccc2)c1)c1ccccc1 0.9921424 1.8481 1.0000000 1.0000 1.0000000 1.0000 []
 | 11.3016 41.5335 85.1506 0.9897192 c1ccc(CCc2cccc(Oc3ccc(N=Nc4ccccc4)cc3)c2)cc1 1 c1ccc(CCc2cccc(Oc3ccc(N=Nc4ccccc4)cc3)c2)cc1 0.9897192 2.0248 1.0000000 1.0000 1.0000000 1.0000 []
 | 12.0573 25.1907 92.9660 0.9230994 O=C(c1ccc(N=Nc2ccccc2)cc1)N1CCC(F)(C(=O)NC2CCN(CC3CCOCC3)CC2)C1 1 O=C(NC1CCN(CC2CCOCC2)CC1)C1CCN(C(=O)c2ccc(N=Nc3ccccc3)cc2)C1 0.9230994 3.3810 1.0000000 1.0000 1.0000000 1.0000 []
04:31:21 <INFO> Sampled SMILES c1c(N=Nc2ccc(-c3ccccc3)cc2)cccn1Cc1ccccc1 failed to sanitize.
04:31:22 <INFO> Score: 0.83 Agent NLL: 13.87 Valid:  99% Step: 397
 | Agent Prior Target Score SMILES SMILES_state Scaffold SA SA (raw) Alerts Alerts (raw) PS_Scaffold PS_Scaffold (raw) matchting_patterns (Alerts)
 | 17.1947 54.6084 70.9504 0.9809284 Oc1ccc(N=Nc2ccc(Cc3ccccc3)cc2)cc1-c1ccc(Cn2cccn2)cc1 1 c1ccc(Cc2ccc(N=Nc3cccc(-c4ccc(Cn5cccn5)cc4)c3)cc2)cc1 0.9809284 2.4331 1.0000000 1.0000 1.0000000 1.0000 []
 | 12.0010 36.1120 88.9847 0.9773176 O=C(CN1CCN(C(=O)c2ccc(N=Nc3ccc(C(F)(F)F)cc3)cc2)CC1)N1CCC(O)CC1 1 O=C(CN1CCN(C(=O)c2ccc(N=Nc3ccccc3)cc2)CC1)N1CCCCC1 0.9773176 2.5485 1.0000000 1.0000 1.0000000 1.0000 []
 | 10.8225 46.4298 -46.4298 0.0000000 O=C(COCc1ccccc1)Nc1ccc(N=Nc2ccc3ccccc3c2)cc1 1 O=C(COCc1ccccc1)Nc1ccc(N=Nc2ccc3ccccc3c2)cc1 0.9877522 2.1401 1.0000000 1.0000 1.0000000 1.0000 []
 | 13.6381 53.5671 71.8809 0.9800622 O=C(Cn1cccn1)Nc1ccc(N=Nc2cccc(F)c2Cc2ccccc2)cc1 1 O=C(Cn1cccn1)Nc1ccc(N=Nc2ccccc2Cc2ccccc2)cc1 0.9800622 2.4626 1.0000000 1.0000 1.0000000 1.0000 []
 | 10.4145 32.8095 94.1331 0.9917390 C(=NNCc1ccccc1OCc1ccccc1)c1ccccc1 1 C(=NNCc1ccccc1OCc1ccccc1)c1ccccc1 0.9917390 1.8810 1.0000000 1.0000 1.0000000 1.0000 []
 | 15.3877 29.9059 85.7338 0.9034351 O=C(c1ccc(N=Nc2nccs2)cc1)N1CCC(NC(=O)C2(c3ccccc3)CCC2)C(O)C1 1 O=C(c1ccc(N=Nc2nccs2)cc1)N1CCC(NC(=O)C2(c3ccccc3)CCC2)CC1 0.9034351 3.5434 1.0000000 1.0000 1.0000000 1.0000 []
 | 14.6640 42.9561 81.8067 0.9747092 O=C1NCCN1c1ccc(-c2c(F)cccc2N=Nc2ccccc2)c(F)c1 1 O=C1NCCN1c1ccc(-c2ccccc2N=Nc2ccccc2)cc1 0.9747092 2.6211 1.0000000 1.0000 1.0000000 1.0000 []
 | 15.1067 41.7742 82.3164 0.9694579 Cc1ccc(N=Nc2ccc(C(=O)N3CC=C(C(=O)N4CCN(C5CC5)CC4)C3)cc2)cc1 1 O=C(C1=CCN(C(=O)c2ccc(N=Nc3ccccc3)cc2)C1)N1CCN(C2CC2)CC1 0.9694579 2.7476 1.0000000 1.0000 1.0000000 1.0000 []
 | 13.9171 46.7868 77.2440 0.9689908 OCc1cccc(N=Nc2ccc(F)c(N3CCN(Cc4ccco4)CC3)c2)n1 1 c1ccc(N=Nc2cccc(N3CCN(Cc4ccco4)CC3)c2)nc1 0.9689908 2.7578 1.0000000 1.0000 1.0000000 1.0000 []
 | 11.1031 39.7264 84.6693 0.9718420 Cc1ccc(N=Nc2ccc(C(=O)N3CC(NC(=O)C4(c5ccccn5)CC4)C3)cc2)cc1 1 O=C(c1ccc(N=Nc2ccccc2)cc1)N1CC(NC(=O)C2(c3ccccn3)CC2)C1 0.9718420 2.6930 1.0000000 1.0000 1.0000000 1.0000 []
04:31:25 <INFO> Score: 0.78 Agent NLL: 13.95 Valid:  99% Step: 398
 | Agent Prior Target Score SMILES SMILES_state Scaffold SA SA (raw) Alerts Alerts (raw) PS_Scaffold PS_Scaffold (raw) matchting_patterns (Alerts)
 | 13.2786 43.9776 79.1347 0.9618152 O=C(c1ccc(N=Nc2ccc(N3CCOCC3)cc2)cc1)N1CCN(CCCNC(=O)C2(O)CCOCC2)CC1 1 O=C(NCCCN1CCN(C(=O)c2ccc(N=Nc3ccc(N4CCOCC4)cc3)cc2)CC1)C1CCOCC1 0.9618152 2.8982 1.0000000 1.0000 1.0000000 1.0000 []
 | 7.9581 41.1060 -41.1060 0.0000000 O=C(CCc1ccc(NN=Cc2ccccc2Cl)cc1)Nc1ccccc1 1 O=C(CCc1ccc(NN=Cc2ccccc2)cc1)Nc1ccccc1 0.9917036 1.8838 1.0000000 1.0000 1.0000000 1.0000 []
 | 13.0675 43.1531 82.9444 0.9851364 FC(F)(F)c1cccc(N=Nc2ccc(-c3ccc(-c4ccccc4)nc3)cc2)c1 1 c1ccc(N=Nc2ccc(-c3ccc(-c4ccccc4)nc3)cc2)cc1 0.9851364 2.2679 1.0000000 1.0000 1.0000000 1.0000 []
 | 16.4470 27.2347 97.0548 0.9710118 O=C(c1ccc(N2CCN(C(=O)c3ccccc3N=Nc3cccc(O)c3)CC2)nc1)N1CC(CO)C1 1 O=C(c1ccc(N2CCN(C(=O)c3ccccc3N=Nc3ccccc3)CC2)nc1)N1CCC1 0.9710118 2.7125 1.0000000 1.0000 1.0000000 1.0000 []
 | 12.5124 44.9134 81.6921 0.9891057 c1ccc(CCc2ccc(Nc3cccc(N=Nc4ccccc4)c3)cc2)cc1 1 c1ccc(CCc2ccc(Nc3cccc(N=Nc4ccccc4)c3)cc2)cc1 0.9891057 2.0629 1.0000000 1.0000 1.0000000 1.0000 []
 | 14.1273 32.4626 93.2025 0.9817587 O=C(c1ccc(N=Nc2ccccc2)cc1)N1CCC(C(=O)N2CCCN(CCc3ccccc3)CC2)CC1 1 O=C(c1ccc(N=Nc2ccccc2)cc1)N1CCC(C(=O)N2CCCN(CCc3ccccc3)CC2)CC1 0.9817587 2.4036 1.0000000 1.0000 1.0000000 1.0000 []
 | 10.9679 56.3964 -56.3964 0.0000000 O=C(Cc1ccccc1)Nc1ccc(N=Nc2ccc(C(=O)c3ccccc3)cc2)cc1 1 O=C(Cc1ccccc1)Nc1ccc(N=Nc2ccc(C(=O)c3ccccc3)cc2)cc1 0.9893271 2.0494 1.0000000 1.0000 1.0000000 1.0000 []
 | 10.7657 38.9015 87.1729 0.9849563 c1ccc(-c2ccc(N=Nc3cccc(-c4ccc(CN5CCNCC5)cc4)c3)cc2)cc1 1 c1ccc(-c2ccc(N=Nc3cccc(-c4ccc(CN5CCNCC5)cc4)c3)cc2)cc1 0.9849563 2.2759 1.0000000 1.0000 1.0000000 1.0000 []
 | 14.4597 35.1749 91.1133 0.9866267 Cc1cc(N=Nc2ccccn2)ccc1-c1ccc(-c2ccccc2)cc1 1 c1ccc(-c2ccc(-c3ccc(N=Nc4ccccn4)cc3)cc2)cc1 0.9866267 2.1981 1.0000000 1.0000 1.0000000 1.0000 []
 | 14.6998 47.5247 78.4312 0.9840302 O=C(Cc1ccccc1)c1cc(N=Nc2cccnc2)ccc1F 1 O=C(Cc1ccccc1)c1cccc(N=Nc2cccnc2)c1 0.9840302 2.3154 1.0000000 1.0000 1.0000000 1.0000 []
04:31:26 <INFO> Sampled SMILES Fc1ccc(N=Nc2cccs2)cc1NCc1ccc2c(cccc2)nc1 failed to sanitize.
04:31:29 <INFO> Score: 0.83 Agent NLL: 13.66 Valid:  98% Step: 399
 | Agent Prior Target Score SMILES SMILES_state Scaffold SA SA (raw) Alerts Alerts (raw) PS_Scaffold PS_Scaffold (raw) matchting_patterns (Alerts)
 | 15.7682 36.6546 88.0567 0.9743066 Fc1ccccc1N=Nc1ccc2nsnc2c1 1 c1ccc(N=Nc2ccc3nsnc3c2)cc1 0.9743066 2.6317 1.0000000 1.0000 1.0000000 1.0000 []
 | 14.2031 40.4570 82.7241 0.9623525 FC(F)(F)c1cccc(N=Nc2cccc(NCC3CCCN(Cc4ccccc4)C3)c2)c1 1 c1ccc(CN2CCCC(CNc3cccc(N=Nc4ccccc4)c3)C2)cc1 0.9623525 2.8886 1.0000000 1.0000 1.0000000 1.0000 []
 | 16.3854 50.6653 73.4007 0.9692661 O=C(c1ccccc1N=Nc1cccnc1)N1CCN(CCCNC(=O)C2(c3ccc(Br)cc3)CC2)CC1 1 O=C(c1ccccc1N=Nc1cccnc1)N1CCN(CCCNC(=O)C2(c3ccccc3)CC2)CC1 0.9692661 2.7518 1.0000000 1.0000 1.0000000 1.0000 []
 | 10.3293 23.4856 99.4076 0.9601032 O=C(c1ccc(N=Nc2ccccc2)cc1)N1CCC(F)(C(=O)NC2CN(CCCF)C2)CC1 1 O=C(NC1CNC1)C1CCN(C(=O)c2ccc(N=Nc3ccccc3)cc2)CC1 0.9601032 2.9279 1.0000000 1.0000 1.0000000 1.0000 []
 | 14.0925 37.8836 88.2853 0.9856948 N#Cc1ccc(N=Nc2cccc(-c3ccccc3)c2)cc1NC(=O)c1ccccc1 1 O=C(Nc1cccc(N=Nc2cccc(-c3ccccc3)c2)c1)c1ccccc1 0.9856948 2.2426 1.0000000 1.0000 1.0000000 1.0000 []
 | 16.9509 44.9231 77.2615 0.9545672 O=C(c1ccc(N=Nc2cccs2)cc1)N1CC=C(C(=O)N(Cc2ccncc2)C2CC2)CC1 1 O=C(c1ccc(N=Nc2cccs2)cc1)N1CC=C(C(=O)N(Cc2ccncc2)C2CC2)CC1 0.9545672 3.0163 1.0000000 1.0000 1.0000000 1.0000 []
 | 14.8035 49.4427 74.9218 0.9715970 c1cc(N=Nc2ccc(N3CCOCC3)cn2)cc(NCc2cccc(-c3ccco3)c2)c1 1 c1cc(N=Nc2ccc(N3CCOCC3)cn2)cc(NCc2cccc(-c3ccco3)c2)c1 0.9715970 2.6988 1.0000000 1.0000 1.0000000 1.0000 []
 | 17.6718 48.7576 75.1669 0.9681601 OCC(CO)NCc1ccc(Nc2cccc(N=Nc3ccco3)c2)cc1 1 c1ccc(Nc2cccc(N=Nc3ccco3)c2)cc1 0.9681601 2.7755 1.0000000 1.0000 1.0000000 1.0000 []
 | 10.5994 33.0180 -33.0180 0.0000000 c1ccc(N=Nc2cccc(-c3ccncc3)c2)cc1 1 c1ccc(N=Nc2cccc(-c3ccncc3)c2)cc1 0.9890931 2.0637 1.0000000 1.0000 1.0000000 1.0000 []
 | 14.3643 37.6725 86.5794 0.9707173 c1ccc(N=Nc2ccc(OCCCC3CCNC3)cc2)cc1 1 c1ccc(N=Nc2ccc(OCCCC3CCNC3)cc2)cc1 0.9707173 2.7193 1.0000000 1.0000 1.0000000 1.0000 []
04:31:30 <INFO> Sampled SMILES c1cc(N=Nc2ccc(-c3ccccc3)cc2)ccN1Cc1ccccc1CO failed to sanitize.
04:31:32 <INFO> Score: 0.76 Agent NLL: 14.17 Valid:  98% Step: 400
 | Agent Prior Target Score SMILES SMILES_state Scaffold SA SA (raw) Alerts Alerts (raw) PS_Scaffold PS_Scaffold (raw) matchting_patterns (Alerts)
 | 5.8652 28.4692 -28.4692 0.0000000 O=C(Nc1ccc(NN=Cc2ccccc2F)cc1)c1ccccc1 1 O=C(Nc1ccc(NN=Cc2ccccc2)cc1)c1ccccc1 0.9928102 1.7898 1.0000000 1.0000 1.0000000 1.0000 []
 | 11.6086 26.7282 96.8206 0.9652256 O=C(c1ccc(N=Nc2ccccc2)cc1)N1CCC(F)(C(=O)N2CCC(N3CCOCC3)CC2)CC1 1 O=C(c1ccc(N=Nc2ccccc2)cc1)N1CCC(C(=O)N2CCC(N3CCOCC3)CC2)CC1 0.9652256 2.8349 1.0000000 1.0000 1.0000000 1.0000 []
 | 11.7609 37.6870 -37.6870 0.0000000 O=C(c1ccccc1N=Nc1ccncc1)N1CCN(CCNC(=O)C2(F)CCOCC2)CC1 1 O=C(NCCN1CCN(C(=O)c2ccccc2N=Nc2ccncc2)CC1)C1CCOCC1 0.9559817 2.9948 1.0000000 1.0000 1.0000000 1.0000 []
 | 18.4335 51.6095 -51.6095 0.0000000 c1cc(N=Nc2ccc(-c3ccccc3)cc2)ccN1Cc1ccccc1CO 0 -- 0.0000000 0.0000 0.0000000 0.0000 0.0000000 0.0000 None
 | 26.9159 57.8064 65.6381 0.9644099 Cc1cccc(N=Nc2ccc(N3CCNC3)nc2)c1CCNC(=O)OCc1ccccc1 1 O=C(NCCc1ccccc1N=Nc1ccc(N2CCNC2)nc1)OCc1ccccc1 0.9644099 2.8506 1.0000000 1.0000 1.0000000 1.0000 []
 | 13.3717 34.0949 86.2646 0.9403087 O=C(c1ccc(N=Nc2ccc(Br)cc2)cc1)N1CCC1CNC(=O)C1(c2cccnc2)CC1 1 O=C(c1ccc(N=Nc2ccccc2)cc1)N1CCC1CNC(=O)C1(c2cccnc2)CC1 0.9403087 3.2040 1.0000000 1.0000 1.0000000 1.0000 []
 | 17.4795 54.5238 64.2842 0.9281873 O=C(c1ccc(N=Nc2cccc(CO)c2)cc1)N1CCOC(C(=O)N2CCC(NC(=O)C(F)(F)F)CC2)C1 1 O=C(c1ccc(N=Nc2ccccc2)cc1)N1CCOC(C(=O)N2CCCCC2)C1 0.9281873 3.3328 1.0000000 1.0000 1.0000000 1.0000 []
 | 13.6390 37.6679 79.3421 0.9141404 O=C(c1ccccc1N=Nc1ccncc1)N1CCCC(CNC(=O)C2(c3cccs3)CCOCC2)C1 1 O=C(c1ccccc1N=Nc1ccncc1)N1CCCC(CNC(=O)C2(c3cccs3)CCOCC2)C1 0.9141404 3.4592 1.0000000 1.0000 1.0000000 1.0000 []
 | 15.0778 40.5625 84.8713 0.9799522 c1ccc(CCN(Cc2cccc(N=Nc3cccnc3)c2)Cc2ccco2)cc1 1 c1ccc(CCN(Cc2cccc(N=Nc3cccnc3)c2)Cc2ccco2)cc1 0.9799522 2.4663 1.0000000 1.0000 1.0000000 1.0000 []
 | 11.6706 36.9608 86.9751 0.9682496 O=C(c1ccc(N=Nc2ccc(CO)o2)cc1)N1CCc2cc(O)ccc2C1 1 O=C(c1ccc(N=Nc2ccco2)cc1)N1CCc2ccccc2C1 0.9682496 2.7736 1.0000000 1.0000 1.0000000 1.0000 []
04:31:33 <INFO> Purging diversity filter memories in stage 1
04:31:33 <WARN> Maximum number of steps of 400 reached in stage 1. Terminating all stages.
04:31:33 <INFO> Peak main memory usage: 1295.156 MiB
04:31:33 <INFO> Finished REINVENT on 2026-04-16
